hostname,timestamp,rps,sample_index,elapsed_s,dt_s,input_size,rapl_package_0_0_w,rapl_package_1_1_w,power_total_w
intel-manager,2025-12-20T06:12:41,10,0,1.004448,1.004448,563135,108.49841574891568,104.32715924061924,212.8255749895349
intel-manager,2025-12-20T06:12:42,10,1,2.005882,1.001434,563135,105.25296301474245,102.05041075571641,207.30337377045885
intel-manager,2025-12-20T06:12:43,10,2,3.00736,1.001479,563135,103.84745866773193,100.99408087765426,204.84153954538618
intel-manager,2025-12-20T06:12:44,10,3,4.008845,1.001485,563135,103.64968530939731,99.68847425204099,203.33815956143832
intel-manager,2025-12-20T06:12:45,10,4,5.010337,1.001492,563135,103.7065496685392,99.0631608207414,202.7697104892806
intel-manager,2025-12-20T06:12:46,10,5,6.012099,1.001761,563135,105.4552123438272,102.1366637563115,207.5918761001387
intel-manager,2025-12-20T06:12:47,10,6,7.014054,1.001955,563135,104.83158585848818,100.91310960631853,205.7446954648067
intel-manager,2025-12-20T06:12:48,10,7,8.015476,1.001422,563135,94.66607518877824,93.49434302865794,188.1604182174362
intel-manager,2025-12-20T06:12:49,10,8,9.017509,1.002034,563135,106.3373362919991,103.24043323456095,209.57776952656005
intel-manager,2025-12-20T06:12:50,10,9,10.019104,1.001595,563135,103.79272798470457,102.92430272651792,206.7170307112225
intel-manager,2025-12-20T06:12:51,10,10,11.020685,1.001581,563135,104.59128615681692,101.27445749061793,205.86574364743484
intel-manager,2025-12-20T06:12:52,10,11,12.022275,1.001589,563135,98.0981138395142,96.74778491490869,194.84589875442288
intel-manager,2025-12-20T06:12:53,10,12,13.023767,1.001492,563135,104.20198718969891,96.48811446882773,200.69010165852666
intel-manager,2025-12-20T06:12:54,10,13,14.025587,1.001821,563135,105.69810680334511,96.04090835379087,201.73901515713598
intel-manager,2025-12-20T06:12:55,10,14,15.027026,1.001439,563135,103.4887086377209,97.97913212563081,201.46784076335172
intel-manager,2025-12-20T06:12:56,10,15,16.029014,1.001988,563135,106.00715703044062,102.75581670560393,208.76297373604456
intel-manager,2025-12-20T06:12:57,10,16,17.030503,1.001489,563135,105.27715920818369,98.78507397769911,204.0622331858828
intel-manager,2025-12-20T06:12:58,10,17,18.031975,1.001472,563135,106.2509809483892,102.58487743921717,208.83585838760638
intel-manager,2025-12-20T06:12:59,10,18,19.033483,1.001508,563135,105.28188318201678,98.7912600255933,204.0731432076101
intel-manager,2025-12-20T06:13:00,10,19,20.034925,1.001442,563135,105.47219064107422,97.91919951943848,203.39139016051269
intel-manager,2025-12-20T06:13:01,10,20,21.036403,1.001478,563135,106.64468718846271,98.55010170599228,205.19478889445497
intel-manager,2025-12-20T06:13:02,10,21,22.038211,1.001808,563135,106.86462843692084,98.17381979395067,205.0384482308715
intel-manager,2025-12-20T06:13:03,10,22,23.039683,1.001472,563135,102.22647026787034,98.04970843749668,200.27617870536702
intel-manager,2025-12-20T06:13:04,10,23,24.041477,1.001794,563135,103.85807924000333,96.1270365022927,199.98511574229605
intel-manager,2025-12-20T06:13:05,10,24,25.043461,1.001984,563135,105.15415467082407,98.96290038255233,204.11705505337642
intel-manager,2025-12-20T06:13:06,10,25,26.045334,1.001873,563135,104.27600419978397,103.1251474988243,207.40115169860826
intel-manager,2025-12-20T06:13:07,10,26,27.047305,1.001971,563135,97.63956235651479,96.2366288783989,193.87619123491368
intel-manager,2025-12-20T06:13:08,10,27,28.049313,1.002008,563135,103.19727925560714,96.8027277918856,200.00000704749274
intel-manager,2025-12-20T06:13:09,10,28,29.051304,1.001992,563135,104.36147503801713,106.57386104828825,210.93533608630537
intel-manager,2025-12-20T06:13:10,10,29,30.053259,1.001955,563135,105.04490290607262,101.31215676561439,206.357059671687
intel-manager,2025-12-20T06:13:11,10,30,31.055204,1.001945,563135,102.70312651868998,98.89408000194933,201.5972065206393
intel-manager,2025-12-20T06:13:12,10,31,32.056995,1.001791,563135,103.20168075197962,100.22051601910793,203.42219677108756
intel-manager,2025-12-20T06:13:13,10,32,33.058929,1.001934,563135,103.49420123332922,99.61718573232243,203.11138696565166
intel-manager,2025-12-20T06:13:14,10,33,34.060437,1.001508,563135,102.5113612409869,100.22270561928815,202.73406686027505
intel-manager,2025-12-20T06:13:15,10,34,35.062422,1.001984,563135,103.49117315403464,101.50878345193125,204.9999566059659
intel-manager,2025-12-20T06:13:16,10,35,36.064401,1.001979,563135,105.76724549224552,99.25933093970741,205.02657643195295
intel-manager,2025-12-20T06:13:17,10,36,37.066417,1.002016,563135,104.70599564461449,98.98847155913163,203.69446720374611
intel-manager,2025-12-20T06:13:18,10,37,38.068343,1.001926,563135,99.76671818732986,96.63366377265477,196.40038195998463
intel-manager,2025-12-20T06:13:19,10,38,39.070275,1.001931,563135,98.52734443859457,97.6244273587453,196.15177179733985
intel-manager,2025-12-20T06:13:20,10,39,40.071444,1.001169,563135,92.17413658915667,93.32945950470958,185.50359609386624
intel-manager,2025-12-20T06:13:21,10,40,41.073085,1.001641,563135,107.1358877929956,100.50871763167068,207.64460542466628
intel-manager,2025-12-20T06:13:22,10,41,42.074562,1.001477,563135,106.09569991296554,99.45604453848581,205.55174445145136
intel-manager,2025-12-20T06:13:23,10,42,43.076064,1.001503,563135,106.75714345669377,97.82582501605886,204.5829684727526
intel-manager,2025-12-20T06:13:24,10,43,44.078055,1.001991,563135,107.04757668294161,97.7013403530787,204.74891703602032
intel-manager,2025-12-20T06:13:25,10,44,45.080077,1.002021,563135,104.07598389057915,99.02833875985573,203.10432265043488
intel-manager,2025-12-20T06:13:26,10,45,46.082083,1.002006,563135,106.76717329300133,101.39630953532071,208.16348282832206
intel-manager,2025-12-20T06:13:27,10,46,47.084056,1.001973,563135,105.20641282238931,98.17940051154302,203.38581333393233
intel-manager,2025-12-20T06:13:28,10,47,48.08599,1.001935,563135,104.98532887441829,100.12931912072166,205.11464799513993
intel-manager,2025-12-20T06:13:29,10,48,49.087435,1.001444,563135,104.499312488895,100.537454757509,205.036767246404
intel-manager,2025-12-20T06:13:30,10,49,50.088899,1.001464,563135,103.85424527945462,100.62223013549323,204.47647541494786
intel-manager,2025-12-20T06:13:31,10,50,51.090405,1.001506,563135,104.19001759845281,100.75635582133123,204.94637341978404
intel-manager,2025-12-20T06:13:32,10,51,52.092402,1.001996,563135,105.12787844887247,100.82989043107524,205.9577688799477
intel-manager,2025-12-20T06:13:33,10,52,53.094428,1.002026,563135,101.5407983183634,99.79769157836975,201.33848989673317
intel-manager,2025-12-20T06:13:34,10,53,54.096415,1.001987,563135,100.26432574608995,100.97756655056372,201.24189229665367
intel-manager,2025-12-20T06:13:35,10,54,55.0984,1.001986,563135,102.72308219167797,100.84808708806862,203.57116927974658
intel-manager,2025-12-20T06:13:36,10,55,56.100348,1.001948,563135,104.89440830185268,101.28627251663282,206.18068081848548
intel-manager,2025-12-20T06:13:37,10,56,57.10225,1.001902,563135,107.60537610079098,105.25609012557513,212.8614662263661
intel-manager,2025-12-20T06:13:38,10,57,58.103677,1.001427,563135,104.62537642336123,104.20605386944617,208.8314302928074
intel-manager,2025-12-20T06:13:39,10,58,59.105081,1.001404,563135,102.93622723959285,101.674390616688,204.61061785628084
intel-manager,2025-12-20T06:13:40,10,59,60.106569,1.001488,563135,102.86391407022329,102.73891803082267,205.60283210104598
intel-manager,2025-12-20T06:05:52,20,0,1.004539,1.004539,563135,105.3665975322759,112.81427764045795,218.18087517273386
intel-manager,2025-12-20T06:05:53,20,1,2.006152,1.001613,563135,101.64142959987126,116.66172392292627,218.30315352279752
intel-manager,2025-12-20T06:05:54,20,2,3.00775,1.001598,563135,102.12142339019587,108.52048040523607,210.64190379543194
intel-manager,2025-12-20T06:05:55,20,3,4.009549,1.001799,563135,102.58397649105608,109.92938531757203,212.5133618086281
intel-manager,2025-12-20T06:05:56,20,4,5.011482,1.001933,563135,101.9941865756129,111.89104833312878,213.88523490874167
intel-manager,2025-12-20T06:05:57,20,5,6.013417,1.001935,563135,104.31982073388649,109.15590772745139,213.4757284613379
intel-manager,2025-12-20T06:05:58,20,6,7.014866,1.001449,563135,104.01498384102585,118.44685693730736,222.46184077833323
intel-manager,2025-12-20T06:05:59,20,7,8.016499,1.001633,563135,106.47987033475009,106.28231687838765,212.76218721313774
intel-manager,2025-12-20T06:06:00,20,8,9.01847,1.001971,563135,106.64929712633501,102.75878328156757,209.4080804079026
intel-manager,2025-12-20T06:06:01,20,9,10.020434,1.001964,563135,108.73555633599665,117.02491726639734,225.76047360239397
intel-manager,2025-12-20T06:06:02,20,10,11.022398,1.001964,563135,102.56473285593644,113.57518693345955,216.139919789396
intel-manager,2025-12-20T06:06:03,20,11,12.024464,1.002066,563135,105.50594758068594,117.59507668528224,223.1010242659682
intel-manager,2025-12-20T06:06:04,20,12,13.02646,1.001996,563135,107.10170620850768,111.51244824106551,218.6141544495732
intel-manager,2025-12-20T06:06:05,20,13,14.028451,1.001991,563135,107.3813221844496,109.6996373411836,217.0809595256332
intel-manager,2025-12-20T06:06:06,20,14,15.029815,1.001364,563135,107.16172419144361,108.3495540002662,215.5112781917098
intel-manager,2025-12-20T06:06:07,20,15,16.03131,1.001495,563135,102.69345115254819,101.22604375710557,203.91949490965376
intel-manager,2025-12-20T06:06:08,20,16,17.03302,1.00171,563135,105.77875288563162,110.90145039025333,216.68020327588494
intel-manager,2025-12-20T06:06:09,20,17,18.035018,1.001998,563135,105.79495875926206,116.52056644176986,222.3155252010319
intel-manager,2025-12-20T06:06:10,20,18,19.036997,1.001979,563135,107.05594175819753,110.23866155608285,217.29460331428038
intel-manager,2025-12-20T06:06:11,20,19,20.038981,1.001984,563135,108.03631628942944,113.19348961214592,221.22980590157536
intel-manager,2025-12-20T06:06:12,20,20,21.040957,1.001975,563135,99.95263676371685,112.01173245698212,211.96436922069898
intel-manager,2025-12-20T06:06:13,20,21,22.042954,1.001998,563135,97.49029573206259,115.58989399674826,213.08018972881086
intel-manager,2025-12-20T06:06:14,20,22,23.044925,1.00197,563135,97.16895586739535,109.7823777540361,206.95133362143144
intel-manager,2025-12-20T06:06:15,20,23,24.045813,1.000888,563135,98.42293422006799,109.12683743306266,207.54977165313065
intel-manager,2025-12-20T06:06:16,20,24,25.047189,1.001376,563135,105.2798978539474,115.04067154533394,220.32056939928134
intel-manager,2025-12-20T06:06:17,20,25,26.048745,1.001555,563135,98.45171398933734,115.99469488583489,214.4464088751722
intel-manager,2025-12-20T06:06:18,20,26,27.049828,1.001083,563135,107.60265872915302,110.87309440383038,218.4757531329834
intel-manager,2025-12-20T06:06:19,20,27,28.051817,1.001989,563135,111.0870034156272,111.49086218585148,222.57786560147866
intel-manager,2025-12-20T06:06:20,20,28,29.053774,1.001958,563135,104.36561014637378,111.18951429661524,215.55512444298904
intel-manager,2025-12-20T06:06:21,20,29,30.055528,1.001753,563135,98.4432335026906,104.14525697256465,202.58849047525524
intel-manager,2025-12-20T06:06:22,20,30,31.056953,1.001426,563135,106.98330329319066,101.50089979217024,208.4842030853609
intel-manager,2025-12-20T06:06:23,20,31,32.058494,1.00154,563135,106.5565928333149,111.10670074498526,217.66329357830017
intel-manager,2025-12-20T06:06:24,20,32,33.060279,1.001785,563135,108.1752778127232,104.68974862140836,212.86502643413155
intel-manager,2025-12-20T06:06:25,20,33,34.0618,1.001521,563135,105.12677262286348,108.8403527424088,213.9671253652723
intel-manager,2025-12-20T06:06:26,20,34,35.063363,1.001563,563135,104.94016891913158,113.81927112433,218.75944004346158
intel-manager,2025-12-20T06:06:27,20,35,36.065374,1.002011,563135,91.99647643401993,103.8945794631671,195.89105589718702
intel-manager,2025-12-20T06:06:28,20,36,37.06739,1.002016,563135,101.985937150813,113.54280596776071,215.52874311857371
intel-manager,2025-12-20T06:06:29,20,37,38.069398,1.002007,563135,97.99479796826628,111.74986388751675,209.74466185578302
intel-manager,2025-12-20T06:06:30,20,38,39.071293,1.001896,563135,104.87538528503768,107.69072034973222,212.56610563476988
intel-manager,2025-12-20T06:06:31,20,39,40.07274,1.001446,563135,105.69379365734733,107.97966572150168,213.673459378849
intel-manager,2025-12-20T06:06:32,20,40,41.07469,1.00195,563135,104.20001845759414,105.77135194250258,209.9713704000967
intel-manager,2025-12-20T06:06:33,20,41,42.076162,1.001472,563135,99.31372424288004,106.46023131471973,205.77395555759978
intel-manager,2025-12-20T06:06:34,20,42,43.077831,1.001669,563135,95.02884250876775,105.23937584282214,200.2682183515899
intel-manager,2025-12-20T06:06:35,20,43,44.079742,1.001912,563135,106.07725616549513,106.45312355268645,212.53037971818156
intel-manager,2025-12-20T06:06:36,20,44,45.08177,1.002028,563135,106.61026802738074,104.95122215766835,211.56149018504908
intel-manager,2025-12-20T06:06:37,20,45,46.083786,1.002016,563135,103.43411250749139,112.30140755621534,215.73552006370673
intel-manager,2025-12-20T06:06:38,20,46,47.086707,1.002921,563135,102.72941416048516,112.71516934597487,215.44458350646005
intel-manager,2025-12-20T06:06:39,20,47,48.088731,1.002024,563135,107.11133312725825,113.13422561839843,220.2455587456567
intel-manager,2025-12-20T06:06:40,20,48,49.090735,1.002004,563135,107.91878820030594,115.54873884173145,223.46752704203737
intel-manager,2025-12-20T06:06:41,20,49,50.092758,1.002023,563135,102.19648711360342,116.75361724793761,218.95010436154104
intel-manager,2025-12-20T06:06:42,20,50,51.094733,1.001975,563135,102.99667854326265,112.00145686402419,214.99813540728684
intel-manager,2025-12-20T06:06:43,20,51,52.096255,1.001522,563135,104.80478539980466,119.74763785624691,224.55242325605155
intel-manager,2025-12-20T06:06:44,20,52,53.098286,1.002032,563135,104.55959042573507,111.35704196305674,215.9166323887918
intel-manager,2025-12-20T06:06:45,20,53,54.100325,1.002039,563135,104.14532013725717,115.05840743770985,219.20372757496702
intel-manager,2025-12-20T06:06:46,20,54,55.102333,1.002008,563135,109.81239677863634,113.94489489718842,223.75729167582477
intel-manager,2025-12-20T06:06:47,20,55,56.104306,1.001972,563135,106.4431809197102,115.21985557523956,221.66303649494978
intel-manager,2025-12-20T06:06:48,20,56,57.106297,1.001992,563135,108.03545850410669,114.3222378188889,222.3576963229956
intel-manager,2025-12-20T06:06:49,20,57,58.108277,1.00198,563135,107.98581966349276,119.6163272602841,227.60214692377684
intel-manager,2025-12-20T06:06:50,20,58,59.110258,1.001981,563135,106.64350508635272,110.38394919186896,217.02745427822168
intel-manager,2025-12-20T06:06:51,20,59,60.111737,1.001479,563135,106.69469266646796,104.92046601181,211.61515867827796
intel-manager,2025-12-20T05:53:37,30,0,1.004373,1.004373,563135,119.6709999755479,123.15927814180738,242.83027811735528
intel-manager,2025-12-20T05:53:38,30,1,2.005893,1.00152,563135,129.20355752112386,145.6311760474723,274.83473356859616
intel-manager,2025-12-20T05:53:39,30,2,3.007519,1.001626,563135,116.04730870122265,124.09170048392275,240.1390091851454
intel-manager,2025-12-20T05:53:40,30,3,4.009272,1.001753,563135,123.04819022521828,136.67715639621608,259.72534662143437
intel-manager,2025-12-20T05:53:41,30,4,5.011151,1.001878,563135,119.92590119643243,127.84021216340174,247.76611335983418
intel-manager,2025-12-20T05:53:42,30,5,6.012703,1.001552,563135,119.7323413866792,136.70748123528278,256.439822621962
intel-manager,2025-12-20T05:53:43,30,6,7.014235,1.001533,563135,119.88222236333706,134.76135473272498,254.64357709606205
intel-manager,2025-12-20T05:53:44,30,7,8.016248,1.002013,563135,125.44692534563322,134.8444883514292,260.2914136970624
intel-manager,2025-12-20T05:53:45,30,8,9.018264,1.002016,563135,126.1393216864179,140.1711808565678,266.31050254298566
intel-manager,2025-12-20T05:53:46,30,9,10.020252,1.001987,563135,122.34609652991846,131.77600224346654,254.122098773385
intel-manager,2025-12-20T05:53:47,30,10,11.02221,1.001958,563135,117.0625291402538,127.57292739530334,244.63545653555713
intel-manager,2025-12-20T05:53:48,30,11,12.02419,1.00198,563135,129.28472185534227,120.34919292544014,249.6339147807824
intel-manager,2025-12-20T05:53:49,30,12,13.026146,1.001956,563135,118.87554144460151,129.64820782812927,248.52374927273078
intel-manager,2025-12-20T05:53:50,30,13,14.027639,1.001493,563135,126.61645733563873,126.97627005768317,253.5927273933219
intel-manager,2025-12-20T05:53:51,30,14,15.029402,1.001764,563135,118.83388367447564,115.74223704752718,234.57612072200283
intel-manager,2025-12-20T05:53:52,30,15,16.0314,1.001998,563135,122.91624407924176,132.84675779988353,255.76300187912528
intel-manager,2025-12-20T05:53:53,30,16,17.033535,1.002135,563135,120.36581336931557,134.68164751403424,255.0474608833498
intel-manager,2025-12-20T05:53:54,30,17,18.035583,1.002048,563135,116.33466006566235,130.8513990966855,247.18605916234785
intel-manager,2025-12-20T05:53:55,30,18,19.037589,1.002006,563135,109.01134934515552,127.0657874732065,236.07713681836202
intel-manager,2025-12-20T05:53:56,30,19,20.039567,1.001977,563135,122.52863252814188,124.06191155519704,246.59054408333893
intel-manager,2025-12-20T05:53:57,30,20,21.041743,1.002176,563135,125.83733013632009,123.23947357329038,249.0768037096105
intel-manager,2025-12-20T05:53:58,30,21,22.043706,1.001963,563135,124.12892372090961,124.95597211030858,249.0848958312182
intel-manager,2025-12-20T05:53:59,30,22,23.045209,1.001503,563135,109.47544621801501,126.84997617585636,236.32542239387135
intel-manager,2025-12-20T05:54:00,30,23,24.046747,1.001538,563135,114.23788476320281,127.2932710796302,241.53115584283302
intel-manager,2025-12-20T05:54:01,30,24,25.048217,1.00147,563135,121.880144345508,125.67186318151255,247.55200752702055
intel-manager,2025-12-20T05:54:02,30,25,26.050229,1.002012,563135,120.98548031792197,123.52376386008564,244.5092441780076
intel-manager,2025-12-20T05:54:03,30,26,27.052756,1.002527,563135,112.92247791108899,129.1319104283692,242.05438833945817
intel-manager,2025-12-20T05:54:04,30,27,28.054795,1.00204,563135,126.2310372211221,129.66092138604887,255.89195860717098
intel-manager,2025-12-20T05:54:05,30,28,29.05681,1.002015,563135,116.08127037845375,134.11514367018577,250.19641404863953
intel-manager,2025-12-20T05:54:06,30,29,30.058844,1.002034,563135,124.0200164867455,133.84649724140908,257.8665137281546
intel-manager,2025-12-20T05:54:07,30,30,31.060889,1.002044,563135,132.77922593018738,127.09968939796934,259.8789153281567
intel-manager,2025-12-20T05:54:08,30,31,32.062862,1.001973,563135,120.11294225131842,125.11490043416272,245.22784268548114
intel-manager,2025-12-20T05:54:09,30,32,33.063762,1.0009,563135,119.12157539308225,120.7855391722555,239.90711456533774
intel-manager,2025-12-20T05:54:10,30,33,34.06578,1.002018,563135,125.44340527066288,120.24078079562345,245.68418606628632
intel-manager,2025-12-20T05:54:11,30,34,35.067827,1.002048,563135,125.37334222266382,136.02935362631638,261.4026958489802
intel-manager,2025-12-20T05:54:12,30,35,36.069835,1.002008,563135,112.47128782494595,125.58670669872522,238.05799452367117
intel-manager,2025-12-20T05:54:13,30,36,37.071756,1.001921,563135,114.33064911387316,128.32333036995976,242.65397948383293
intel-manager,2025-12-20T05:54:14,30,37,38.073746,1.001991,563135,125.16891916720225,127.9356208905032,253.10454005770544
intel-manager,2025-12-20T05:54:15,30,38,39.075742,1.001995,563135,117.26851818357697,132.2727209214212,249.54123910499817
intel-manager,2025-12-20T05:54:16,30,39,40.076591,1.000849,563135,129.9640334231082,126.31827370431779,256.28230712742595
intel-manager,2025-12-20T05:54:17,30,40,41.078636,1.002046,563135,131.90089094702137,128.54192695011355,260.4428178971349
intel-manager,2025-12-20T05:54:18,30,41,42.080622,1.001986,563135,109.6262624456925,121.20644764887916,230.83271009457167
intel-manager,2025-12-20T05:54:19,30,42,43.082118,1.001496,563135,115.980478625545,120.93405505788752,236.91453368343252
intel-manager,2025-12-20T05:54:20,30,43,44.083764,1.001646,563135,123.94660070557991,128.90674609858118,252.8533468041611
intel-manager,2025-12-20T05:54:21,30,44,45.08579,1.002027,563135,113.31237291297143,130.26107538570156,243.573448298673
intel-manager,2025-12-20T05:54:22,30,45,46.087762,1.001971,563135,116.67071445940819,133.00346760450503,249.67418206391324
intel-manager,2025-12-20T05:54:23,30,46,47.08978,1.002018,563135,121.28923237905686,130.53209152173235,251.8213239007892
intel-manager,2025-12-20T05:54:24,30,47,48.091781,1.002002,563135,114.90384979499845,137.94970047785282,252.85355027285127
intel-manager,2025-12-20T05:54:25,30,48,49.093151,1.00137,563135,111.56684365048987,128.84001022144022,240.40685387193008
intel-manager,2025-12-20T05:54:26,30,49,50.095124,1.001973,563135,122.91297959821043,120.76877741294986,243.6817570111603
intel-manager,2025-12-20T05:54:27,30,50,51.0966,1.001476,563135,114.27164839929009,131.465403566892,245.7370519661821
intel-manager,2025-12-20T05:54:28,30,51,52.098288,1.001688,563135,117.49329291820716,134.4667367317476,251.96002964995478
intel-manager,2025-12-20T05:54:29,30,52,53.099757,1.001469,563135,124.54403427117603,131.963168790015,256.50720306119103
intel-manager,2025-12-20T05:54:30,30,53,54.10098,1.001223,563135,106.99468167204476,126.20813552128966,233.20281719333443
intel-manager,2025-12-20T05:54:31,30,54,55.103065,1.002085,563135,117.4682531538992,128.74488202709176,246.21313518099095
intel-manager,2025-12-20T05:54:32,30,55,56.105068,1.002003,563135,127.06356217419919,124.63605793346287,251.69962010766204
intel-manager,2025-12-20T05:54:33,30,56,57.107028,1.00196,563135,124.73758020048523,120.08527079979936,244.82285100028457
intel-manager,2025-12-20T05:54:34,30,57,58.109009,1.00198,563135,120.32293791835455,121.9684802431251,242.29141816147967
intel-manager,2025-12-20T05:54:35,30,58,59.1114,1.002391,563135,133.49436363647882,118.75900435302722,252.25336798950605
intel-manager,2025-12-20T05:54:36,30,59,60.11312,1.00172,563135,116.79454702850542,120.66062955356612,237.45517658207154
intel-manager,2025-12-20T05:30:18,40,0,1.004665,1.004665,563135,119.43506210291397,141.59469894241136,261.02976104532536
intel-manager,2025-12-20T05:30:19,40,1,2.006121,1.001456,563135,123.69083290342375,143.16797410850555,266.8588070119293
intel-manager,2025-12-20T05:30:20,40,2,3.007462,1.001341,563135,120.31889047990536,139.7201939300293,260.0390844099347
intel-manager,2025-12-20T05:30:21,40,3,4.008916,1.001454,563135,137.29344382244375,142.81250316010366,280.1059469825474
intel-manager,2025-12-20T05:30:22,40,4,5.010737,1.001821,563135,124.08234736124312,140.63260671274026,264.7149540739834
intel-manager,2025-12-20T05:30:23,40,5,6.012755,1.002017,563135,120.40786008858835,150.17378748585944,270.5816475744478
intel-manager,2025-12-20T05:30:24,40,6,7.014697,1.001943,563135,110.9274734539169,139.84869409053954,250.77616754445643
intel-manager,2025-12-20T05:30:25,40,7,8.016767,1.00207,563135,114.4855928307334,146.90023287147017,261.38582570220353
intel-manager,2025-12-20T05:30:26,40,8,9.018461,1.001694,563135,132.55639363670386,161.34129219182321,293.8976858285271
intel-manager,2025-12-20T05:30:27,40,9,10.02033,1.001868,563135,122.7927703779878,131.74111551675395,254.53388589474173
intel-manager,2025-12-20T05:30:28,40,10,11.021801,1.001471,563135,114.0803377606885,146.5292173390181,260.6095550997066
intel-manager,2025-12-20T05:30:29,40,11,12.023208,1.001407,563135,130.02678427320578,137.31942393856298,267.3462082117687
intel-manager,2025-12-20T05:30:30,40,12,13.024762,1.001554,563135,100.54625088954114,148.69841084077353,249.24466173031468
intel-manager,2025-12-20T05:30:31,40,13,14.026176,1.001415,563135,114.07610787769646,128.8895242140317,242.96563209172814
intel-manager,2025-12-20T05:30:32,40,14,15.027207,1.001031,563135,122.44660330420587,131.05952910354742,253.50613240775328
intel-manager,2025-12-20T05:30:33,40,15,16.028706,1.001498,563135,112.53365972563562,140.40881090514495,252.94247063078058
intel-manager,2025-12-20T05:30:34,40,16,17.030139,1.001434,563135,117.52231772242332,140.43070201263382,257.9530197350571
intel-manager,2025-12-20T05:30:35,40,17,18.03122,1.001081,563135,119.54152033226343,156.43301180050761,275.97453213277106
intel-manager,2025-12-20T05:30:36,40,18,19.033215,1.001995,563135,131.83630900174984,134.8698632446288,266.7061722463786
intel-manager,2025-12-20T05:30:37,40,19,20.034641,1.001427,563135,129.91356273870744,140.6574225085975,270.570985247305
intel-manager,2025-12-20T05:30:38,40,20,21.036753,1.002112,563135,117.64117127315942,138.54564385540502,256.18681512856443
intel-manager,2025-12-20T05:30:39,40,21,22.038218,1.001465,563135,119.22260608573227,141.7021267408622,260.9247328265945
intel-manager,2025-12-20T05:30:40,40,22,23.04024,1.002022,563135,122.75342467536582,148.23900926298788,270.9924339383537
intel-manager,2025-12-20T05:30:41,40,23,24.042217,1.001977,563135,120.19959372904707,146.04204689429133,266.2416406233384
intel-manager,2025-12-20T05:30:42,40,24,25.04427,1.002053,563135,125.5827968244493,147.74536001817785,273.32815684262715
intel-manager,2025-12-20T05:30:43,40,25,26.045737,1.001466,563135,121.06064589085274,148.6203238444149,269.68096973526764
intel-manager,2025-12-20T05:30:44,40,26,27.047222,1.001485,563135,134.2881673730359,147.9691653335276,282.2573327065635
intel-manager,2025-12-20T05:30:45,40,27,28.049187,1.001966,563135,127.3245487008434,135.39417766140733,262.7187263622507
intel-manager,2025-12-20T05:30:46,40,28,29.050601,1.001413,563135,124.79790646084692,138.20123093470266,262.9991373955496
intel-manager,2025-12-20T05:30:47,40,29,30.051204,1.000603,563135,129.25501550324077,148.24894138604483,277.50395688928563
intel-manager,2025-12-20T05:30:48,40,30,31.052645,1.001441,563135,126.27675695430187,135.85088761390628,262.12764456820815
intel-manager,2025-12-20T05:30:49,40,31,32.054487,1.001842,563135,132.79207175019116,128.72115050586467,261.5132222560558
intel-manager,2025-12-20T05:30:50,40,32,33.056511,1.002024,563135,115.37885565908195,138.56831269797587,253.94716835705782
intel-manager,2025-12-20T05:30:51,40,33,34.05794,1.001429,563135,120.60361591426897,129.17678911165515,249.78040502592413
intel-manager,2025-12-20T05:30:52,40,34,35.059202,1.001262,563135,118.96660278658672,135.34615471339114,254.31275749997786
intel-manager,2025-12-20T05:30:53,40,35,36.06065,1.001448,563135,127.53531897394329,143.35033492940633,270.88565390334963
intel-manager,2025-12-20T05:30:54,40,36,37.062619,1.001969,563135,126.42297763549719,142.2256216642349,268.6485992997321
intel-manager,2025-12-20T05:30:55,40,37,38.064019,1.0014,563135,123.87734340599852,130.85644238213524,254.73378578813376
intel-manager,2025-12-20T05:30:56,40,38,39.065465,1.001445,563135,124.37985161806567,136.61470166971165,260.9945532877773
intel-manager,2025-12-20T05:30:57,40,39,40.066873,1.001408,563135,120.36115544159554,135.85193786887416,256.21309331046973
intel-manager,2025-12-20T05:30:58,40,40,41.068634,1.001761,563135,117.28672078345636,137.62878108649355,254.9155018699499
intel-manager,2025-12-20T05:30:59,40,41,42.07006,1.001426,563135,111.6022636262464,134.4190888151902,246.0213524414366
intel-manager,2025-12-20T05:31:00,40,42,43.072031,1.001971,563135,122.1741656811482,133.11515470476206,255.28932038591026
intel-manager,2025-12-20T05:31:01,40,43,44.073999,1.001968,563135,112.99423380170121,140.81941506808926,253.81364886979048
intel-manager,2025-12-20T05:31:02,40,44,45.0752,1.001201,563135,125.99018853208145,121.81796600885376,247.80815454093522
intel-manager,2025-12-20T05:31:03,40,45,46.07661,1.00141,563135,125.47412537579973,146.42744602833758,271.9015714041373
intel-manager,2025-12-20T05:31:04,40,46,47.07851,1.0019,563135,122.60658168634356,130.5152425655506,253.12182425189417
intel-manager,2025-12-20T05:31:05,40,47,48.080272,1.001763,563135,132.20221408291982,139.39020760652858,271.59242168944843
intel-manager,2025-12-20T05:31:06,40,48,49.081741,1.001468,563135,133.0809440053556,143.35983272995782,276.4407767353134
intel-manager,2025-12-20T05:31:07,40,49,50.0832,1.00146,563135,122.05307740653987,147.16789886193953,269.2209762684794
intel-manager,2025-12-20T05:31:08,40,50,51.084598,1.001398,563135,127.64241428996895,150.44068876464388,278.0831030546128
intel-manager,2025-12-20T05:31:09,40,51,52.086019,1.00142,563135,131.90878285172116,147.45782147509846,279.3666043268196
intel-manager,2025-12-20T05:31:10,40,52,53.087419,1.0014,563135,126.09804338067578,124.30490561763429,250.40294899831008
intel-manager,2025-12-20T05:31:11,40,53,54.088942,1.001523,563135,131.88888276246425,128.95353894391255,260.8424217063768
intel-manager,2025-12-20T05:31:12,40,54,55.090331,1.001389,563135,133.9367513510412,140.77927926608385,274.71603061712506
intel-manager,2025-12-20T05:31:13,40,55,56.091209,1.000878,563135,133.1821186109841,139.91715300098235,273.09927161196646
intel-manager,2025-12-20T05:31:14,40,56,57.093404,1.002195,563135,129.65350891974376,131.8241536119976,261.4776625317413
intel-manager,2025-12-20T05:31:15,40,57,58.095232,1.001828,563135,120.22712719214103,131.58134319343756,251.80847038557857
intel-manager,2025-12-20T05:31:16,40,58,59.097411,1.002179,563135,128.31225248426873,137.49309228454104,265.80534476880973
intel-manager,2025-12-20T05:31:17,40,59,60.098981,1.00157,563135,130.87393650420555,142.38098385352058,273.2549203577261
intel-manager,2025-12-20T04:57:44,50,0,1.003605,1.003605,563135,138.8637726329029,157.10522357768085,295.9689962105838
intel-manager,2025-12-20T04:57:45,50,1,2.005065,1.001461,563135,144.98013793831964,175.66071235737672,320.6408502956964
intel-manager,2025-12-20T04:57:46,50,2,3.00652,1.001455,563135,125.01546692103693,162.89604108746227,287.9115080084992
intel-manager,2025-12-20T04:57:47,50,3,4.007594,1.001074,563135,138.6876021482026,160.35203224071597,299.03963438891856
intel-manager,2025-12-20T04:57:48,50,4,5.009039,1.001446,563135,139.84631769435387,151.54483112065589,291.39114881500973
intel-manager,2025-12-20T04:57:49,50,5,6.010794,1.001755,563135,153.37518424785608,171.69303080982775,325.0682150576838
intel-manager,2025-12-20T04:57:50,50,6,7.012208,1.001413,563135,150.2710551049942,174.7923051106434,325.0633602156376
intel-manager,2025-12-20T04:57:51,50,7,8.013629,1.001421,563135,134.0510848354568,156.92391367033844,290.97499850579527
intel-manager,2025-12-20T04:57:52,50,8,9.015035,1.001407,563135,141.27204490674072,163.89702203883047,305.1690669455712
intel-manager,2025-12-20T04:57:53,50,9,10.015608,1.000572,563135,144.78588833050694,165.85928101420137,310.6451693447083
intel-manager,2025-12-20T04:57:54,50,10,11.017067,1.00146,563135,128.4476260324148,185.04663120702517,313.49425723944
intel-manager,2025-12-20T04:57:55,50,11,12.018499,1.001432,563135,143.2610776041096,178.8081167813054,322.069194385415
intel-manager,2025-12-20T04:57:56,50,12,13.019936,1.001437,563135,144.5499750901879,167.854988979,312.40496406918794
intel-manager,2025-12-20T04:57:57,50,13,14.021964,1.002028,563135,132.67901349521867,150.2485017761964,282.9275152714151
intel-manager,2025-12-20T04:57:58,50,14,15.023619,1.001655,563135,136.7668495521494,174.79116750167915,311.55801705382856
intel-manager,2025-12-20T04:57:59,50,15,16.025146,1.001527,563135,121.70778455443961,156.62921272830928,278.3369972827489
intel-manager,2025-12-20T04:58:00,50,16,17.02667,1.001524,563135,125.09139227606853,163.27858108645614,288.36997336252466
intel-manager,2025-12-20T04:58:01,50,17,18.028718,1.002047,563135,142.38653200479385,165.64044027052427,308.02697227531814
intel-manager,2025-12-20T04:58:02,50,18,19.030386,1.001669,563135,142.35455714127548,153.65701781968497,296.01157496096044
intel-manager,2025-12-20T04:58:03,50,19,20.031965,1.001579,563135,124.40797205832712,176.40995352453209,300.8179255828592
intel-manager,2025-12-20T04:58:04,50,20,21.034074,1.002108,563135,133.33158728192947,176.05293035792846,309.3845176398579
intel-manager,2025-12-20T04:58:05,50,21,22.035805,1.001731,563135,131.4173295978119,184.1219021264357,315.5392317242476
intel-manager,2025-12-20T04:58:06,50,22,23.037441,1.001636,563135,133.27143271462862,171.92241105086495,305.19384376549357
intel-manager,2025-12-20T04:58:07,50,23,24.039093,1.001652,563135,144.74366612564265,174.04607447863424,318.78974060427686
intel-manager,2025-12-20T04:58:08,50,24,25.040684,1.001592,563135,140.09071467005253,160.04077774862586,300.13149241867836
intel-manager,2025-12-20T04:58:09,50,25,26.042367,1.001683,563135,140.64404459436454,154.0483985019978,294.69244309636235
intel-manager,2025-12-20T04:58:10,50,26,27.044056,1.001689,563135,138.73218926807235,161.7856619390887,300.517851207161
intel-manager,2025-12-20T04:58:11,50,27,28.045509,1.001453,563135,148.72875405878062,144.81282067412963,293.54157473291025
intel-manager,2025-12-20T04:58:12,50,28,29.047218,1.001709,563135,134.3177739752858,162.4560636604925,296.7738376357783
intel-manager,2025-12-20T04:58:13,50,29,30.048844,1.001626,563135,128.68821738393595,143.38108206678547,272.0692994507214
intel-manager,2025-12-20T04:58:14,50,30,31.05027,1.001426,563135,133.09633581717048,153.67400035388084,286.7703361710513
intel-manager,2025-12-20T04:58:15,50,31,32.051624,1.001354,563135,147.35753697313154,162.40322842120457,309.7607653943361
intel-manager,2025-12-20T04:58:16,50,32,33.053678,1.002053,563135,135.00677968298305,158.9752604264286,293.9820401094116
intel-manager,2025-12-20T04:58:17,50,33,34.055375,1.001698,563135,126.88767206522742,160.2330189955558,287.1206910607832
intel-manager,2025-12-20T04:58:18,50,34,35.057034,1.001658,563135,133.27143337251778,148.77107914562012,282.04251251813787
intel-manager,2025-12-20T04:58:19,50,35,36.059031,1.001997,563135,150.56977605783737,156.07354207003152,306.6433181278689
intel-manager,2025-12-20T04:58:20,50,36,37.061067,1.002037,563135,144.9037056946132,165.99935586505055,310.90306155966374
intel-manager,2025-12-20T04:58:21,50,37,38.062639,1.001571,563135,135.8384106184179,159.8584698193632,295.6968804377811
intel-manager,2025-12-20T04:58:22,50,38,39.063598,1.000959,563135,119.10847316180184,169.346353100183,288.45482626198486
intel-manager,2025-12-20T04:58:23,50,39,40.065041,1.001443,563135,134.26515157208962,165.8039749124503,300.0691264845399
intel-manager,2025-12-20T04:58:24,50,40,41.066495,1.001454,563135,134.1203036661768,159.66774475108224,293.788048417259
intel-manager,2025-12-20T04:58:25,50,41,42.068517,1.002023,563135,138.31490147012124,174.44801945052475,312.762920920646
intel-manager,2025-12-20T04:58:26,50,42,43.069999,1.001481,563135,138.08514022303444,178.91926285637695,317.0044030794114
intel-manager,2025-12-20T04:58:27,50,43,44.071464,1.001465,563135,146.1862419970746,156.00404944319845,302.1902914402731
intel-manager,2025-12-20T04:58:28,50,44,45.073455,1.001992,563135,146.3358815712403,159.56036487532148,305.8962464465618
intel-manager,2025-12-20T04:58:29,50,45,46.074876,1.00142,563135,130.39409146764274,168.4995337670955,298.89362523473824
intel-manager,2025-12-20T04:58:30,50,46,47.076705,1.001829,563135,130.8839160332872,153.07849088575853,283.96240691904575
intel-manager,2025-12-20T04:58:31,50,47,48.07861,1.001905,563135,140.62475883405014,176.4110492231681,317.0358080572182
intel-manager,2025-12-20T04:58:32,50,48,49.080618,1.002008,563135,134.94027597937054,164.79985198803348,299.740127967404
intel-manager,2025-12-20T04:58:33,50,49,50.08203,1.001412,563135,134.85518112246655,173.3362812612905,308.1914623837571
intel-manager,2025-12-20T04:58:34,50,50,51.083455,1.001425,563135,141.54481869172466,177.1275662855204,318.6723849772451
intel-manager,2025-12-20T04:58:35,50,51,52.085604,1.002149,563135,158.3525380032227,182.3312115972202,340.68374960044287
intel-manager,2025-12-20T04:58:36,50,52,53.087332,1.001728,563135,138.6543571902751,154.29598482342507,292.95034201370015
intel-manager,2025-12-20T04:58:37,50,53,54.088759,1.001426,563135,140.87437057655535,165.45966068397897,306.3340312605343
intel-manager,2025-12-20T04:58:38,50,54,55.090193,1.001435,563135,154.12463425717795,170.54988018098618,324.6745144381641
intel-manager,2025-12-20T04:58:39,50,55,56.092245,1.002051,563135,154.9062605073706,162.30975632065798,317.2160168280286
intel-manager,2025-12-20T04:58:40,50,56,57.094098,1.001854,563135,141.0249025103012,169.13787836179188,310.1627808720931
intel-manager,2025-12-20T04:58:41,50,57,58.095545,1.001447,563135,146.52403317371702,166.00398006823397,312.528013241951
intel-manager,2025-12-20T04:58:42,50,58,59.096963,1.001418,563135,145.6677748017636,177.02763347950324,322.69540828126685
intel-manager,2025-12-20T04:58:43,50,59,60.098542,1.001578,563135,142.5397351182359,157.32544237820443,299.8651774964403
intel-worker1,2025-12-20T06:12:42,10,0,1.004439,1.004439,563135,89.81548468760145,104.7170081036696,194.53249279127107
intel-worker1,2025-12-20T06:12:43,10,1,2.006119,1.00168,563135,88.72805666759463,103.88833372998026,192.6163903975749
intel-worker1,2025-12-20T06:12:44,10,2,3.007851,1.001732,563135,88.87118842751278,102.82257640152629,191.69376482903908
intel-worker1,2025-12-20T06:12:45,10,3,4.009459,1.001608,563135,91.49112407525264,103.38785554502412,194.87897962027677
intel-worker1,2025-12-20T06:12:46,10,4,5.011361,1.001902,563135,90.93188950132595,97.9989994970654,188.93088899839137
intel-worker1,2025-12-20T06:12:47,10,5,6.013307,1.001946,563135,92.65332418441933,104.24438529890973,196.89770948332907
intel-worker1,2025-12-20T06:12:48,10,6,7.015319,1.002012,563135,93.86124657784241,102.7095149537352,196.5707615315776
intel-worker1,2025-12-20T06:12:49,10,7,8.017281,1.001963,563135,94.77151557204508,100.54258391698727,195.31409948903234
intel-worker1,2025-12-20T06:12:50,10,8,9.019236,1.001955,563135,95.90107130333344,100.21684083429118,196.11791213762461
intel-worker1,2025-12-20T06:12:51,10,9,10.021232,1.001996,563135,95.55574865283087,100.51251792317608,196.06826657600695
intel-worker1,2025-12-20T06:12:52,10,10,11.023174,1.001942,563135,95.19930832055984,101.83399188215631,197.03330020271613
intel-worker1,2025-12-20T06:12:53,10,11,12.025079,1.001905,563135,94.83295858548878,100.03373129837371,194.86668988386248
intel-worker1,2025-12-20T06:12:54,10,12,13.027033,1.001955,563135,94.38796348575207,102.48314400604973,196.8711074918018
intel-worker1,2025-12-20T06:12:55,10,13,14.028959,1.001926,563135,96.4787352350624,100.24076676818052,196.71950200324292
intel-worker1,2025-12-20T06:12:56,10,14,15.030905,1.001946,563135,93.6907537127624,103.96200159628599,197.6527553090484
intel-worker1,2025-12-20T06:12:57,10,15,16.032721,1.001816,563135,94.66509936101812,101.70911151379583,196.37421087481397
intel-worker1,2025-12-20T06:12:58,10,16,17.034664,1.001943,563135,96.70115593495893,100.85841291261842,197.55956884757734
intel-worker1,2025-12-20T06:12:59,10,17,18.036585,1.001921,563135,90.70171620703796,96.57750058754795,187.27921679458592
intel-worker1,2025-12-20T06:13:00,10,18,19.038526,1.001941,563135,93.25633688727035,100.66588796969383,193.9222248569642
intel-worker1,2025-12-20T06:13:01,10,19,20.040459,1.001934,563135,90.95053366698909,94.888281798088,185.8388154650771
intel-worker1,2025-12-20T06:13:02,10,20,21.04244,1.001981,563135,99.62970755934559,102.39296449216903,202.02267205151463
intel-worker1,2025-12-20T06:13:03,10,21,22.044423,1.001982,563135,96.13907995563528,105.99007219994013,202.1291521555754
intel-worker1,2025-12-20T06:13:04,10,22,23.046389,1.001966,563135,96.55747903452523,105.93142086859834,202.48889990312358
intel-worker1,2025-12-20T06:13:05,10,23,24.048567,1.002178,563135,96.33879758844375,105.03577390300515,201.3745714914489
intel-worker1,2025-12-20T06:13:06,10,24,25.050541,1.001974,563135,98.72481323231297,105.45016507255416,204.17497830486712
intel-worker1,2025-12-20T06:13:07,10,25,26.052402,1.001861,563135,97.35158940200994,103.66690799145381,201.01849739346375
intel-worker1,2025-12-20T06:13:08,10,26,27.054243,1.00184,563135,90.0155665809083,107.15579151632059,197.1713580972289
intel-worker1,2025-12-20T06:13:09,10,27,28.05622,1.001978,563135,90.19650997550801,105.52528752632168,195.72179750182968
intel-worker1,2025-12-20T06:13:10,10,28,29.057682,1.001462,563135,91.78895490178397,101.36368138263808,193.15263628442204
intel-worker1,2025-12-20T06:13:11,10,29,30.05948,1.001798,563135,92.59288775232035,101.77995580866795,194.37284356098831
intel-worker1,2025-12-20T06:13:12,10,30,31.061358,1.001878,563135,90.83503570034323,105.76557580042935,196.60061150077257
intel-worker1,2025-12-20T06:13:13,10,31,32.06328,1.001921,563135,90.81508151028362,105.81332365791341,196.62840516819705
intel-worker1,2025-12-20T06:13:14,10,32,33.06517,1.00189,563135,92.0905051830491,104.93581813480215,197.02632331785125
intel-worker1,2025-12-20T06:13:15,10,33,34.067138,1.001968,563135,91.38001406167669,104.5240914727785,195.9041055344552
intel-worker1,2025-12-20T06:13:16,10,34,35.068997,1.001859,563135,92.96159407618237,102.54080780007524,195.5024018762576
intel-worker1,2025-12-20T06:13:17,10,35,36.070842,1.001845,563135,89.706343295394,106.58153853516362,196.28788183055764
intel-worker1,2025-12-20T06:13:18,10,36,37.072645,1.001803,563135,88.71561772359232,107.1148942760802,195.83051199967252
intel-worker1,2025-12-20T06:13:19,10,37,38.074387,1.001741,563135,92.00610870648,103.85239247772948,195.8585011842095
intel-worker1,2025-12-20T06:13:20,10,38,39.076182,1.001796,563135,91.9056467128065,104.02880332715507,195.93445003996158
intel-worker1,2025-12-20T06:13:21,10,39,40.078007,1.001825,563135,92.90495200933088,102.31969570430158,195.22464771363246
intel-worker1,2025-12-20T06:13:22,10,40,41.08001,1.002003,563135,91.87378998048543,104.2922433835694,196.16603336405484
intel-worker1,2025-12-20T06:13:23,10,41,42.081853,1.001843,563135,92.38159100585455,104.63126507578403,197.01285608163857
intel-worker1,2025-12-20T06:13:24,10,42,43.083639,1.001786,563135,92.96736771333401,97.68743956996674,190.65480728330076
intel-worker1,2025-12-20T06:13:25,10,43,44.085505,1.001866,563135,95.26848555396546,101.64347265647437,196.91195821043982
intel-worker1,2025-12-20T06:13:26,10,44,45.087489,1.001983,563135,92.74708105365245,99.62301429905276,192.37009535270522
intel-worker1,2025-12-20T06:13:27,10,45,46.089412,1.001923,563135,93.20629821295074,103.42130545786462,196.62760367081535
intel-worker1,2025-12-20T06:13:28,10,46,47.091203,1.001791,563135,90.21047299412588,105.57859235862573,195.7890653527516
intel-worker1,2025-12-20T06:13:29,10,47,48.093137,1.001933,563135,95.99003786520312,102.22120241447627,198.21124027967937
intel-worker1,2025-12-20T06:13:30,10,48,49.095153,1.002016,563135,95.8667222165396,97.34487815438617,193.21160037092577
intel-worker1,2025-12-20T06:13:31,10,49,50.097131,1.001979,563135,97.55184742350586,96.90024470795838,194.45209213146424
intel-worker1,2025-12-20T06:13:32,10,50,51.098989,1.001858,563135,101.63533971492525,97.1630103512217,198.79835006614695
intel-worker1,2025-12-20T06:13:33,10,51,52.100966,1.001976,563135,103.67186730613601,98.94885217236121,202.62071947849722
intel-worker1,2025-12-20T06:13:34,10,52,53.102932,1.001966,563135,103.45101235076038,102.08931345025853,205.54032580101892
intel-worker1,2025-12-20T06:13:35,10,53,54.104978,1.002046,563135,102.46364586006904,98.38569675761256,200.8493426176816
intel-worker1,2025-12-20T06:13:36,10,54,55.106943,1.001965,563135,101.11941980452322,100.6364826830066,201.75590248752982
intel-worker1,2025-12-20T06:13:37,10,55,56.108892,1.001949,563135,96.95457855689463,100.6364802657936,197.59105882268824
intel-worker1,2025-12-20T06:13:38,10,56,57.110705,1.001813,563135,95.0145737655408,94.96394555119628,189.97851931673708
intel-worker1,2025-12-20T06:13:39,10,57,58.112502,1.001797,563135,97.4697184950943,100.04833021604526,197.51804871113956
intel-worker1,2025-12-20T06:13:40,10,58,59.114478,1.001976,563135,96.67814580904823,100.00524300760436,196.6833888166526
intel-worker1,2025-12-20T06:13:41,10,59,60.116101,1.001624,563135,97.92803006126852,100.3326897823463,198.26071984361482
intel-worker1,2025-12-20T06:05:53,20,0,1.004649,1.004649,563135,103.84449333883082,116.80975364832878,220.65424698715958
intel-worker1,2025-12-20T06:05:54,20,1,2.00634,1.00169,563135,97.55569131590403,115.1363443872944,212.69203570319843
intel-worker1,2025-12-20T06:05:55,20,2,3.007944,1.001605,563135,105.98872105175631,113.5942345715155,219.5829556232718
intel-worker1,2025-12-20T06:05:56,20,3,4.009736,1.001792,563135,105.58911897720536,110.36832172607829,215.95744070328365
intel-worker1,2025-12-20T06:05:57,20,4,5.011538,1.001802,563135,104.72943292236654,118.21626929542695,222.9457022177935
intel-worker1,2025-12-20T06:05:58,20,5,6.013663,1.002125,563135,95.44204204926513,114.4378859389496,209.87992798821472
intel-worker1,2025-12-20T06:05:59,20,6,7.015684,1.002021,563135,106.61104016715028,108.7824875107411,215.39352767789137
intel-worker1,2025-12-20T06:06:00,20,7,8.017365,1.001681,563135,107.93190109204743,107.7990075296909,215.7309086217383
intel-worker1,2025-12-20T06:06:01,20,8,9.018776,1.001411,563135,110.99075635464983,113.452059551458,224.44281590610785
intel-worker1,2025-12-20T06:06:02,20,9,10.02083,1.002054,563135,109.41173500152799,116.62231136943238,226.03404637096037
intel-worker1,2025-12-20T06:06:03,20,10,11.022768,1.001938,563135,105.71152541039221,113.40734777110106,219.11887318149326
intel-worker1,2025-12-20T06:06:04,20,11,12.024712,1.001944,563135,97.74813626029338,114.82408749954242,212.5722237598358
intel-worker1,2025-12-20T06:06:05,20,12,13.026649,1.001938,563135,108.01312501469626,117.12806747568646,225.1411924903827
intel-worker1,2025-12-20T06:06:06,20,13,14.028718,1.002069,563135,121.23301822237121,118.24110776110575,239.47412598347697
intel-worker1,2025-12-20T06:06:07,20,14,15.030751,1.002033,563135,106.48419752281582,121.70699926896877,228.1911967917846
intel-worker1,2025-12-20T06:06:08,20,15,16.032799,1.002048,563135,113.79728265328922,108.26924751947755,222.06653017276676
intel-worker1,2025-12-20T06:06:09,20,16,17.034877,1.002079,563135,108.37069607568077,108.0314971926825,216.40219326836325
intel-worker1,2025-12-20T06:06:10,20,17,18.036922,1.002045,563135,107.7810650620636,111.1454523699804,218.92651743204402
intel-worker1,2025-12-20T06:06:11,20,18,19.038979,1.002057,563135,110.29129876688435,119.43013167647054,229.7214304433549
intel-worker1,2025-12-20T06:06:12,20,19,20.041005,1.002026,563135,107.64075542854098,100.23969005799562,207.8804454865366
intel-worker1,2025-12-20T06:06:13,20,20,21.042852,1.001847,563135,103.3181567629225,119.20557645441417,222.52373321733666
intel-worker1,2025-12-20T06:06:14,20,21,22.044893,1.00204,563135,95.38344393728654,120.88944185112716,216.2728857884137
intel-worker1,2025-12-20T06:06:15,20,22,23.046821,1.001929,563135,98.84680965032408,112.7910089907191,211.63781864104317
intel-worker1,2025-12-20T06:06:16,20,23,24.048771,1.00195,563135,106.57360814937839,111.69325193376676,218.26686008314516
intel-worker1,2025-12-20T06:06:17,20,24,25.050259,1.001488,563135,95.65173904816255,117.46566057965906,213.1173996278216
intel-worker1,2025-12-20T06:06:18,20,25,26.052264,1.002005,563135,101.81479186082329,119.33692005958625,221.15171192040953
intel-worker1,2025-12-20T06:06:19,20,26,27.054149,1.001885,563135,104.88546347908934,117.097521515553,221.98298499464232
intel-worker1,2025-12-20T06:06:20,20,27,28.05597,1.001821,563135,105.07248867888228,103.51898567171845,208.59147435060072
intel-worker1,2025-12-20T06:06:21,20,28,29.058049,1.002079,563135,101.0464026088651,113.06575811409645,214.11216072296156
intel-worker1,2025-12-20T06:06:22,20,29,30.060088,1.002038,563135,98.18302697595111,113.85453194450439,212.0375589204555
intel-worker1,2025-12-20T06:06:23,20,30,31.061899,1.001812,563135,104.61338539582123,110.96551049348604,215.57889588930726
intel-worker1,2025-12-20T06:06:24,20,31,32.064079,1.002179,563135,95.89945623726062,107.9026227254873,203.80207896274794
intel-worker1,2025-12-20T06:06:25,20,32,33.065957,1.001878,563135,104.0953155877712,107.01889603601559,211.1142116237868
intel-worker1,2025-12-20T06:06:26,20,33,34.068058,1.002102,563135,103.05942158795561,103.76642952924114,206.82585111719675
intel-worker1,2025-12-20T06:06:27,20,34,35.070144,1.002086,563135,104.74750861602855,111.8259272592735,216.57343587530204
intel-worker1,2025-12-20T06:06:28,20,35,36.07163,1.001486,563135,105.06113253782551,107.60903619246777,212.67016873029328
intel-worker1,2025-12-20T06:06:29,20,36,37.073716,1.002086,563135,106.00986146997433,114.52193093871526,220.53179240868957
intel-worker1,2025-12-20T06:06:30,20,37,38.075798,1.002082,563135,97.07652020462923,118.14923353316983,215.22575373779907
intel-worker1,2025-12-20T06:06:31,20,38,39.077828,1.00203,563135,105.26384916282306,115.00040332983282,220.26425249265588
intel-worker1,2025-12-20T06:06:32,20,39,40.079816,1.001988,563135,103.48980408815217,113.48900433687952,216.97880842503167
intel-worker1,2025-12-20T06:06:33,20,40,41.081665,1.001849,563135,105.03130383271629,116.75307003625034,221.7843738689666
intel-worker1,2025-12-20T06:06:34,20,41,42.0837,1.002035,563135,105.64890496016264,129.3896016156854,235.03850657584803
intel-worker1,2025-12-20T06:06:35,20,42,43.085673,1.001973,563135,109.39134738840397,120.24807758465208,229.63942497305607
intel-worker1,2025-12-20T06:06:36,20,43,44.087683,1.00201,563135,108.85485912826312,103.82634617644125,212.68120530470435
intel-worker1,2025-12-20T06:06:37,20,44,45.089683,1.002,563135,110.17979910437808,101.49620011392885,211.6759992183069
intel-worker1,2025-12-20T06:06:38,20,45,46.090777,1.001094,563135,112.6346829255337,118.40429675013313,231.03897967566684
intel-worker1,2025-12-20T06:06:39,20,46,47.092911,1.002134,563135,102.19889726295294,104.59861762857062,206.79751489152358
intel-worker1,2025-12-20T06:06:40,20,47,48.094997,1.002086,563135,94.49979852720271,110.18657162834177,204.68637015554447
intel-worker1,2025-12-20T06:06:41,20,48,49.097054,1.002056,563135,107.56795353673783,111.97020591994963,219.53815945668748
intel-worker1,2025-12-20T06:06:42,20,49,50.098773,1.001719,563135,106.5949934242561,116.3400576787282,222.9350511029843
intel-worker1,2025-12-20T06:06:43,20,50,51.100732,1.00196,563135,112.94531861150266,102.53361798754129,215.47893659904395
intel-worker1,2025-12-20T06:06:44,20,51,52.102756,1.002023,563135,116.11862278793687,112.0159124519606,228.13453523989747
intel-worker1,2025-12-20T06:06:45,20,52,53.104863,1.002108,563135,110.63747983025853,111.09909081953822,221.73657064979676
intel-worker1,2025-12-20T06:06:46,20,53,54.106759,1.001895,563135,101.57396111722736,117.42802965640384,219.00199077363118
intel-worker1,2025-12-20T06:06:47,20,54,55.108734,1.001975,563135,103.3733608145874,115.64303854558986,219.01639936017727
intel-worker1,2025-12-20T06:06:48,20,55,56.110823,1.002089,563135,102.49887143960527,104.19338655755014,206.69225799715542
intel-worker1,2025-12-20T06:06:49,20,56,57.11283,1.002007,563135,111.46298451792542,108.58845004511315,220.05143456303858
intel-worker1,2025-12-20T06:06:50,20,57,58.114949,1.002119,563135,104.12787051769834,113.55348778111497,217.6813582988133
intel-worker1,2025-12-20T06:06:51,20,58,59.116899,1.00195,563135,113.22359609917564,115.83446421713634,229.05806031631198
intel-worker1,2025-12-20T06:06:52,20,59,60.118789,1.00189,563135,110.91322964240224,106.68490293530435,217.5981325777066
intel-worker1,2025-12-20T05:53:38,30,0,1.004462,1.004462,563135,121.79127296305522,120.46905009590608,242.26032305896132
intel-worker1,2025-12-20T05:53:39,30,1,2.006077,1.001615,563135,115.52714463527488,119.90702188143189,235.43416651670677
intel-worker1,2025-12-20T05:53:40,30,2,3.00774,1.001663,563135,105.45848560225456,123.4694985413055,228.92798414356005
intel-worker1,2025-12-20T05:53:41,30,3,4.009618,1.001878,563135,118.51579584841011,122.6548026845799,241.17059853299003
intel-worker1,2025-12-20T05:53:42,30,4,5.01159,1.001972,563135,111.2081509670847,119.88133379688405,231.08948476396876
intel-worker1,2025-12-20T05:53:43,30,5,6.013641,1.002052,563135,121.8065536644034,117.19487095517128,239.00142461957466
intel-worker1,2025-12-20T05:53:44,30,6,7.015113,1.001472,563135,112.45334789810967,120.79194550130569,233.24529339941535
intel-worker1,2025-12-20T05:53:45,30,7,8.016838,1.001725,563135,111.36194128174081,125.35851377616821,236.72045505790902
intel-worker1,2025-12-20T05:53:46,30,8,9.018883,1.002044,563135,111.42943528157342,125.20732322577166,236.63675850734506
intel-worker1,2025-12-20T05:53:47,30,9,10.020349,1.001467,563135,118.42380398982873,124.17707174970711,242.60087573953584
intel-worker1,2025-12-20T05:53:48,30,10,11.022416,1.002067,563135,121.14824854625728,113.79073068275687,234.93897922901414
intel-worker1,2025-12-20T05:53:49,30,11,12.023878,1.001463,563135,118.2511093409046,127.4555779831889,245.7066873240935
intel-worker1,2025-12-20T05:53:50,30,12,13.025367,1.001488,563135,110.42674794518237,127.77862772550425,238.20537567068664
intel-worker1,2025-12-20T05:53:51,30,13,14.026836,1.001469,563135,111.92582813145681,126.24831304875768,238.1741411802145
intel-worker1,2025-12-20T05:53:52,30,14,15.028533,1.001697,563135,126.34163311054184,116.69214220944095,243.0337753199828
intel-worker1,2025-12-20T05:53:53,30,15,16.030023,1.00149,563135,111.89217701774054,122.48013677696456,234.3723137947051
intel-worker1,2025-12-20T05:53:54,30,16,17.032088,1.002065,563135,119.52110618699756,116.37270770076356,235.8938138877611
intel-worker1,2025-12-20T05:53:55,30,17,18.033774,1.001687,563135,124.26306426735991,122.62739893639088,246.89046320375078
intel-worker1,2025-12-20T05:53:56,30,18,19.035443,1.001669,563135,115.37203614152558,116.17818473590866,231.55022087743424
intel-worker1,2025-12-20T05:53:57,30,19,20.037115,1.001672,563135,116.98542769737571,113.5567189645718,230.54214666194753
intel-worker1,2025-12-20T05:53:58,30,20,21.039103,1.001988,563135,113.1381139097011,117.91900167996188,231.057115589663
intel-worker1,2025-12-20T05:53:59,30,21,22.04055,1.001448,563135,121.93296937004115,115.36686996514979,237.29983933519094
intel-worker1,2025-12-20T05:54:00,30,22,23.042027,1.001476,563135,115.60847917100055,118.92157288094093,234.53005205194148
intel-worker1,2025-12-20T05:54:01,30,23,24.043122,1.001096,563135,110.96650003967135,115.38053726220487,226.3470373018762
intel-worker1,2025-12-20T05:54:02,30,24,25.044827,1.001705,563135,118.38249076637051,131.30664688724292,249.68913765361344
intel-worker1,2025-12-20T05:54:03,30,25,26.046462,1.001634,563135,120.36074598449284,126.19543539633976,246.55618138083258
intel-worker1,2025-12-20T05:54:04,30,26,27.048096,1.001634,563135,120.64409695473867,121.1927583756212,241.83685533035987
intel-worker1,2025-12-20T05:54:05,30,27,28.049585,1.001489,563135,115.8040579459204,132.31129498844484,248.11535293436526
intel-worker1,2025-12-20T05:54:06,30,28,29.051706,1.002121,563135,118.95591722972526,126.08256950121277,245.03848673093802
intel-worker1,2025-12-20T05:54:07,30,29,30.053797,1.002092,563135,120.45002316741949,127.21295949738156,247.66298266480106
intel-worker1,2025-12-20T05:54:08,30,30,31.055882,1.002084,563135,117.1093123046933,120.2661157206997,237.375428025393
intel-worker1,2025-12-20T05:54:09,30,31,32.057968,1.002087,563135,121.98440752854114,122.57448325328238,244.55889078182352
intel-worker1,2025-12-20T05:54:10,30,32,33.060048,1.00208,563135,111.36594343372431,126.56799234850882,237.93393578223314
intel-worker1,2025-12-20T05:54:11,30,33,34.062106,1.002058,563135,108.6639653889795,109.84591689829016,218.50988228726965
intel-worker1,2025-12-20T05:54:12,30,34,35.064157,1.002051,563135,124.61459484124937,118.54606265201839,243.16065749326776
intel-worker1,2025-12-20T05:54:13,30,35,36.066201,1.002044,563135,119.06431922466861,108.21537223842228,227.2796914630909
intel-worker1,2025-12-20T05:54:14,30,36,37.068357,1.002156,563135,111.8340975372854,119.5448699638036,231.378967501089
intel-worker1,2025-12-20T05:54:15,30,37,38.070411,1.002054,563135,113.13875772590865,130.7077861733157,243.84654389922434
intel-worker1,2025-12-20T05:54:16,30,38,39.072463,1.002051,563135,107.6974641120196,106.94230103835464,214.63976515037425
intel-worker1,2025-12-20T05:54:17,30,39,40.074486,1.002024,563135,111.96761678591547,114.83174697167718,226.79936375759263
intel-worker1,2025-12-20T05:54:18,30,40,41.076523,1.002036,563135,113.63613207766551,110.98498207005352,224.62111414771903
intel-worker1,2025-12-20T05:54:19,30,41,42.078562,1.002039,563135,118.54784267380721,120.63281850627929,239.1806611800865
intel-worker1,2025-12-20T05:54:20,30,42,43.080625,1.002063,563135,107.84130380038059,125.9906387425161,233.83194254289668
intel-worker1,2025-12-20T05:54:21,30,43,44.082573,1.001948,563135,116.21872917736525,113.56947723331989,229.78820641068512
intel-worker1,2025-12-20T05:54:22,30,44,45.084037,1.001464,563135,122.02022080972392,115.99701012806455,238.01723093778847
intel-worker1,2025-12-20T05:54:23,30,45,46.085609,1.001571,563135,127.40676386384139,122.68695864531344,250.09372250915482
intel-worker1,2025-12-20T05:54:24,30,46,47.087095,1.001487,563135,126.7458630064287,118.1128473863646,244.8587103927933
intel-worker1,2025-12-20T05:54:25,30,47,48.088626,1.00153,563135,115.29578930261671,120.8856695004398,236.1814588030565
intel-worker1,2025-12-20T05:54:26,30,48,49.090096,1.00147,563135,118.71180339166126,128.07954121715838,246.79134460881966
intel-worker1,2025-12-20T05:54:27,30,49,50.091101,1.001005,563135,114.66283204813887,134.0774709825291,248.74030303066797
intel-worker1,2025-12-20T05:54:28,30,50,51.092562,1.001461,563135,116.57696546069677,133.84509134413685,250.42205680483363
intel-worker1,2025-12-20T05:54:29,30,51,52.094068,1.001506,563135,119.86923953828934,122.22042887458858,242.08966841287793
intel-worker1,2025-12-20T05:54:30,30,52,53.0951,1.001032,563135,115.17078008100924,125.56152112874861,240.73230120975785
intel-worker1,2025-12-20T05:54:31,30,53,54.096562,1.001462,563135,124.92921764170386,125.5341053063863,250.46332294809014
intel-worker1,2025-12-20T05:54:32,30,54,55.098027,1.001465,563135,96.61603760117016,114.58265431496831,211.19869191613847
intel-worker1,2025-12-20T05:54:33,30,55,56.099494,1.001467,563135,116.52380302102296,124.7659608967365,241.28976391775944
intel-worker1,2025-12-20T05:54:34,30,56,57.101177,1.001683,563135,113.30011427591283,128.96779761577375,242.2679118916866
intel-worker1,2025-12-20T05:54:35,30,57,58.102629,1.001452,563135,126.77224039342967,118.80001272276536,245.57225311619504
intel-worker1,2025-12-20T05:54:36,30,58,59.104072,1.001443,563135,119.1926114617629,115.18924291371233,234.38185437547523
intel-worker1,2025-12-20T05:54:37,30,59,60.105803,1.00173,563135,124.57003746916348,123.26309873929618,247.83313620845968
intel-worker1,2025-12-20T05:30:17,40,0,1.004417,1.004417,563135,120.18180953897806,128.95249275250472,249.13430229148278
intel-worker1,2025-12-20T05:30:18,40,1,2.006136,1.001719,563135,111.6929602889931,132.1111262396128,243.8040865286059
intel-worker1,2025-12-20T05:30:19,40,2,3.007611,1.001475,563135,115.39612768776969,128.37902486206724,243.77515254983695
intel-worker1,2025-12-20T05:30:20,40,3,4.008332,1.000722,563135,117.70317737360399,148.96690410579671,266.6700814794007
intel-worker1,2025-12-20T05:30:21,40,4,5.010183,1.00185,563135,116.68881291886727,136.71926324275705,253.4080761616243
intel-worker1,2025-12-20T05:30:22,40,5,6.012125,1.001942,563135,133.88081617525785,146.01956958950402,279.90038576476184
intel-worker1,2025-12-20T05:30:23,40,6,7.014145,1.002021,563135,124.55053481082142,130.51186194707313,255.06239675789453
intel-worker1,2025-12-20T05:30:24,40,7,8.016165,1.00202,563135,122.37083016261295,149.24347617626725,271.61430633888017
intel-worker1,2025-12-20T05:30:25,40,8,9.018229,1.002064,563135,117.144749310097,135.19211833307344,252.33686764317042
intel-worker1,2025-12-20T05:30:26,40,9,10.020226,1.001997,563135,108.59262539562688,129.84516307101038,238.43778846663724
intel-worker1,2025-12-20T05:30:27,40,10,11.022197,1.00197,563135,106.51778634537605,157.25412907542272,263.7719154207988
intel-worker1,2025-12-20T05:30:28,40,11,12.024148,1.001951,563135,118.51427060724824,152.3718789718912,270.88614957913944
intel-worker1,2025-12-20T05:30:29,40,12,13.026381,1.002233,563135,129.3533353270452,137.5352997679837,266.8886350950289
intel-worker1,2025-12-20T05:30:30,40,13,14.027829,1.001448,563135,132.14149071226637,138.47391837896495,270.6154090912313
intel-worker1,2025-12-20T05:30:31,40,14,15.029264,1.001435,563135,127.4287462328484,155.58926415099418,283.0180103838426
intel-worker1,2025-12-20T05:30:32,40,15,16.030678,1.001415,563135,123.21290673159253,148.88679106123965,272.09969779283216
intel-worker1,2025-12-20T05:30:33,40,16,17.032116,1.001437,563135,136.81927846472746,132.06452806473771,268.8838065294652
intel-worker1,2025-12-20T05:30:34,40,17,18.034169,1.002053,563135,141.07578298941615,140.5999551016135,281.67573809102964
intel-worker1,2025-12-20T05:30:35,40,18,19.035839,1.001669,563135,123.22926721215927,151.00777358220708,274.23704079436635
intel-worker1,2025-12-20T05:30:36,40,19,20.03766,1.001822,563135,116.58506920440254,137.5283117123617,254.11338091676424
intel-worker1,2025-12-20T05:30:37,40,20,21.039714,1.002054,563135,132.39090867869768,140.57055792479514,272.9614666034928
intel-worker1,2025-12-20T05:30:38,40,21,22.041765,1.002051,563135,134.95441731674637,147.124802260486,282.0792195772324
intel-worker1,2025-12-20T05:30:39,40,22,23.043855,1.00209,563135,134.66815262277905,143.70429728587533,278.3724499086544
intel-worker1,2025-12-20T05:30:40,40,23,24.045991,1.002136,563135,132.32227721589564,123.38752564401267,255.7098028599083
intel-worker1,2025-12-20T05:30:41,40,24,25.047937,1.001947,563135,120.6535482219124,141.53325894590063,262.186807167813
intel-worker1,2025-12-20T05:30:42,40,25,26.050034,1.002096,563135,124.83495917323822,131.15671215819762,255.99167133143584
intel-worker1,2025-12-20T05:30:43,40,26,27.051719,1.001686,563135,124.41910774394853,147.78865258686133,272.20776033080983
intel-worker1,2025-12-20T05:30:44,40,27,28.052343,1.000624,563135,127.61941738614414,141.8135914371644,269.43300882330857
intel-worker1,2025-12-20T05:30:45,40,28,29.054441,1.002098,563135,136.9556190232659,140.38725235184938,277.3428713751153
intel-worker1,2025-12-20T05:30:46,40,29,30.056145,1.001704,563135,135.6650924136392,133.7673891525633,269.4324815662025
intel-worker1,2025-12-20T05:30:47,40,30,31.057787,1.001642,563135,133.90840997047314,137.36360475570933,271.2720147261825
intel-worker1,2025-12-20T05:30:48,40,31,32.059856,1.002069,563135,121.18389374152626,124.75443999664238,245.93833373816864
intel-worker1,2025-12-20T05:30:49,40,32,33.061909,1.002053,563135,120.15017699710606,145.66907013825593,265.819247135362
intel-worker1,2025-12-20T05:30:50,40,33,34.06399,1.002081,563135,118.70583566434621,135.83426872692743,254.54010439127364
intel-worker1,2025-12-20T05:30:51,40,34,35.066032,1.002042,563135,140.40333113215453,136.2025683198654,276.6058994520199
intel-worker1,2025-12-20T05:30:52,40,35,36.06809,1.002058,563135,114.55861802188565,142.29498377196893,256.8536017938546
intel-worker1,2025-12-20T05:30:53,40,36,37.070135,1.002045,563135,123.10189724231105,138.07361519535996,261.17551243767105
intel-worker1,2025-12-20T05:30:54,40,37,38.072032,1.001897,563135,127.22788374350183,143.79602333181097,271.0239070753128
intel-worker1,2025-12-20T05:30:55,40,38,39.073852,1.00182,563135,131.78503828797136,130.2978813981031,262.08291968607443
intel-worker1,2025-12-20T05:30:56,40,39,40.075897,1.002044,563135,125.81170659649506,139.05882382756576,264.8705304240608
intel-worker1,2025-12-20T05:30:57,40,40,41.077986,1.002089,563135,129.60739409628306,150.77594748887788,280.3833415851609
intel-worker1,2025-12-20T05:30:58,40,41,42.080045,1.00206,563135,139.52948112573281,136.27709483504134,275.8065759607741
intel-worker1,2025-12-20T05:30:59,40,42,43.082114,1.002068,563135,140.5938004893082,130.51353930374432,271.1073397930525
intel-worker1,2025-12-20T05:31:00,40,43,44.084174,1.00206,563135,135.4524978636756,134.47051515397058,269.9230130176462
intel-worker1,2025-12-20T05:31:01,40,44,45.085651,1.001477,563135,130.96162926791317,144.72172656158804,275.68335582950124
intel-worker1,2025-12-20T05:31:02,40,45,46.087118,1.001467,563135,120.89920395976817,157.9724177826636,278.8716217424318
intel-worker1,2025-12-20T05:31:03,40,46,47.089157,1.002039,563135,122.54553864262081,144.7500749889794,267.2956136316002
intel-worker1,2025-12-20T05:31:04,40,47,48.09061,1.001452,563135,142.7674310181878,146.71353251891108,289.4809635370989
intel-worker1,2025-12-20T05:31:05,40,48,49.092044,1.001434,563135,129.33000542308906,132.28681809424856,261.6168235173376
intel-worker1,2025-12-20T05:31:06,40,49,50.093593,1.001549,563135,138.9265360304228,142.17137875117436,281.0979147815972
intel-worker1,2025-12-20T05:31:07,40,50,51.095626,1.002033,563135,136.88572370527402,138.18069441850866,275.0664181237827
intel-worker1,2025-12-20T05:31:08,40,51,52.096322,1.000696,563135,133.30498899746547,129.71563712899246,263.02062612645796
intel-worker1,2025-12-20T05:31:09,40,52,53.097768,1.001446,563135,125.3328506098469,147.21271613433203,272.5455667441789
intel-worker1,2025-12-20T05:31:10,40,53,54.099252,1.001484,563135,133.7654260707916,135.5026515860929,269.2680776568845
intel-worker1,2025-12-20T05:31:11,40,54,55.101299,1.002048,563135,139.3217363450957,137.23519362218968,276.5569299672854
intel-worker1,2025-12-20T05:31:12,40,55,56.103394,1.002095,563135,123.09181395988189,141.84173464535093,264.93354860523283
intel-worker1,2025-12-20T05:31:13,40,56,57.105236,1.001842,563135,127.83280516795548,150.79453915013076,278.6273443180862
intel-worker1,2025-12-20T05:31:14,40,57,58.106698,1.001462,563135,115.93207359161838,160.86232576343494,276.7943993550533
intel-worker1,2025-12-20T05:31:15,40,58,59.108734,1.002037,563135,128.03286890777537,147.9297355162478,275.9626044240232
intel-worker1,2025-12-20T05:31:16,40,59,60.11083,1.002096,563135,122.65797727374299,148.43322780837744,271.09120508212044
intel-worker1,2025-12-20T04:57:45,50,0,1.004638,1.004638,563135,145.73280582318014,157.477800248318,303.21060607149815
intel-worker1,2025-12-20T04:57:46,50,1,2.00608,1.001442,563135,130.89584879420943,153.26696929878037,284.1628180929898
intel-worker1,2025-12-20T04:57:47,50,2,3.007535,1.001455,563135,156.55286983669916,164.58078067580783,321.13365051250696
intel-worker1,2025-12-20T04:57:48,50,3,4.009584,1.002048,563135,142.85022844631806,157.3224406795335,300.1726691258516
intel-worker1,2025-12-20T04:57:49,50,4,5.011506,1.001922,563135,129.6243230290296,154.07695969817377,283.70128272720336
intel-worker1,2025-12-20T04:57:50,50,5,6.013542,1.002037,563135,128.22805781964846,138.51548827922406,266.7435460988725
intel-worker1,2025-12-20T04:57:51,50,6,7.015543,1.002,563135,122.47722490261722,159.98401188095826,282.4612367835755
intel-worker1,2025-12-20T04:57:52,50,7,8.017579,1.002036,563135,136.5446018193989,165.26468386096172,301.80928568036063
intel-worker1,2025-12-20T04:57:53,50,8,9.019022,1.001443,563135,136.94151981561944,140.1633030747832,277.1048228904026
intel-worker1,2025-12-20T04:57:54,50,9,10.020452,1.00143,563135,128.54390611456745,160.7086347698173,289.25254088438476
intel-worker1,2025-12-20T04:57:55,50,10,11.022126,1.001675,563135,141.90183179943864,146.25281042394977,288.1546422233884
intel-worker1,2025-12-20T04:57:56,50,11,12.024216,1.00209,563135,139.6588128508794,148.04203211065442,287.7008449615338
intel-worker1,2025-12-20T04:57:57,50,12,13.025703,1.001487,563135,142.87625156669782,147.44445747917294,290.3207090458708
intel-worker1,2025-12-20T04:57:58,50,13,14.027145,1.001442,563135,137.88873569478378,150.7823396167627,288.6710753115465
intel-worker1,2025-12-20T04:57:59,50,14,15.028589,1.001444,563135,138.36941152795748,138.8891052853187,277.2585168132762
intel-worker1,2025-12-20T04:58:00,50,15,16.030593,1.002004,563135,139.02853229605748,152.55144217840723,291.57997447446473
intel-worker1,2025-12-20T04:58:01,50,16,17.032046,1.001453,563135,128.97935670028141,142.17639856340818,271.15575526368957
intel-worker1,2025-12-20T04:58:02,50,17,18.033551,1.001505,563135,144.24060498140202,150.68621253577774,294.92681751717976
intel-worker1,2025-12-20T04:58:03,50,18,19.034977,1.001426,563135,143.54139717417215,161.57940271039956,305.12079988457174
intel-worker1,2025-12-20T04:58:04,50,19,20.036409,1.001431,563135,138.47671341081463,150.68467014620833,289.161383557023
intel-worker1,2025-12-20T04:58:05,50,20,21.037867,1.001458,563135,139.43124905327778,157.86032775373315,297.2915768070109
intel-worker1,2025-12-20T04:58:06,50,21,22.039423,1.001557,563135,138.76258431802646,143.83524104351685,282.5978253615433
intel-worker1,2025-12-20T04:58:07,50,22,23.041447,1.002024,563135,144.6271744355238,152.1219373071387,296.74911174266254
intel-worker1,2025-12-20T04:58:08,50,23,24.043475,1.002028,563135,124.71645373958715,155.73000921358584,280.446462953173
intel-worker1,2025-12-20T04:58:09,50,24,25.044911,1.001436,563135,147.04932488971644,141.7375086318451,288.78683352156156
intel-worker1,2025-12-20T04:58:10,50,25,26.046442,1.00153,563135,134.94797442440267,138.4908833252333,273.438857749636
intel-worker1,2025-12-20T04:58:11,50,26,27.047878,1.001436,563135,155.78571946989078,157.97452635392625,313.76024582381706
intel-worker1,2025-12-20T04:58:12,50,27,28.049319,1.001441,563135,122.29383020216653,128.58351525452767,250.8773454566942
intel-worker1,2025-12-20T04:58:13,50,28,29.051307,1.001988,563135,141.5186884310202,153.48930378239788,295.0079922134181
intel-worker1,2025-12-20T04:58:14,50,29,30.052738,1.001431,563135,138.21933084498758,166.9679002697745,305.1872311147621
intel-worker1,2025-12-20T04:58:15,50,30,31.054504,1.001766,563135,147.82742972383204,154.11976866458832,301.94719838842036
intel-worker1,2025-12-20T04:58:16,50,31,32.055948,1.001443,563135,142.7702804040171,138.21704739158125,280.98732779559833
intel-worker1,2025-12-20T04:58:17,50,32,33.057667,1.001719,563135,144.81066224214456,150.65667656168407,295.4673388038286
intel-worker1,2025-12-20T04:58:18,50,33,34.059005,1.001338,563135,135.3771439719823,151.62276412317868,286.999908095161
intel-worker1,2025-12-20T04:58:19,50,34,35.060683,1.001679,563135,142.12131232740745,144.32055592137567,286.4418682487831
intel-worker1,2025-12-20T04:58:20,50,35,36.062742,1.002059,563135,125.33871350471884,157.1416958743127,282.4804093790315
intel-worker1,2025-12-20T04:58:21,50,36,37.064826,1.002084,563135,145.24365515379085,156.130604971819,301.37426012560985
intel-worker1,2025-12-20T04:58:22,50,37,38.066463,1.001636,563135,143.56647695332273,164.11087184391957,307.6773487972423
intel-worker1,2025-12-20T04:58:23,50,38,39.068312,1.00185,563135,147.48214145991372,147.6730713062682,295.15521276618193
intel-worker1,2025-12-20T04:58:24,50,39,40.069768,1.001456,563135,137.3822009658507,157.9584612842721,295.3406622501228
intel-worker1,2025-12-20T04:58:25,50,40,41.070999,1.001231,563135,142.78767478009948,142.7531712523937,285.54084603249316
intel-worker1,2025-12-20T04:58:26,50,41,42.072539,1.00154,563135,119.68086997059534,135.60345305878957,255.2843230293849
intel-worker1,2025-12-20T04:58:27,50,42,43.074569,1.00203,563135,142.86733507462515,149.70712874483323,292.5744638194584
intel-worker1,2025-12-20T04:58:28,50,43,44.076621,1.002052,563135,139.4068408211263,142.86421487631,282.2710556974363
intel-worker1,2025-12-20T04:58:29,50,44,45.078097,1.001476,563135,145.1165102602588,139.72366764823963,284.8401779084984
intel-worker1,2025-12-20T04:58:30,50,45,46.079969,1.001872,563135,124.94689379309911,168.60874665787878,293.5556404509779
intel-worker1,2025-12-20T04:58:31,50,46,47.081993,1.002023,563135,122.24512606292724,158.7722569301933,281.0173829931205
intel-worker1,2025-12-20T04:58:32,50,47,48.084003,1.002011,563135,136.5610804932576,174.39653314216142,310.957613635419
intel-worker1,2025-12-20T04:58:33,50,48,49.085608,1.001605,563135,139.5438306945979,166.89677681096396,306.44060750556184
intel-worker1,2025-12-20T04:58:34,50,49,50.087635,1.002027,563135,124.60741714288054,151.15425111691835,275.76166825979885
intel-worker1,2025-12-20T04:58:35,50,50,51.089312,1.001677,563135,117.51913912071937,160.15028497817102,277.6694240988904
intel-worker1,2025-12-20T04:58:36,50,51,52.091001,1.001689,563135,147.34217250388218,156.70457304211965,304.04674554600183
intel-worker1,2025-12-20T04:58:37,50,52,53.092487,1.001486,563135,142.40714900442492,172.46860079308905,314.875749797514
intel-worker1,2025-12-20T04:58:38,50,53,54.095016,1.002529,563135,139.84809966244603,170.02239191180976,309.87049157425577
intel-worker1,2025-12-20T04:58:39,50,54,55.097087,1.002071,563135,131.71355849113738,145.96775202942095,277.6813105205583
intel-worker1,2025-12-20T04:58:40,50,55,56.099127,1.00204,563135,127.03332395886041,149.34132701727157,276.374650976132
intel-worker1,2025-12-20T04:58:41,50,56,57.101153,1.002026,563135,147.85734653076236,135.70828073005805,283.5656272608204
intel-worker1,2025-12-20T04:58:42,50,57,58.103225,1.002072,563135,142.03469962166798,148.7716973103491,290.8063969320171
intel-worker1,2025-12-20T04:58:43,50,58,59.1053,1.002074,563135,141.91854680496834,155.40292872360038,297.3214755285687
intel-worker1,2025-12-20T04:58:44,50,59,60.10673,1.00143,563135,148.89676197321955,147.05303001336426,295.9497919865838

intel-manager,2025-12-20T07:24:20,11,0,1.004437,1.004437,940930,98.35152635434079,107.19932671277375,205.55085306711453
intel-manager,2025-12-20T07:24:21,11,1,2.005924,1.001487,940930,100.22231663852743,107.80215310246396,208.02446974099138
intel-manager,2025-12-20T07:24:22,11,2,3.007452,1.001528,940930,99.83190219203222,108.59754017081295,208.42944236284518
intel-manager,2025-12-20T07:24:23,11,3,4.008935,1.001483,940930,99.24691444224005,107.88106131703569,207.12797575927573
intel-manager,2025-12-20T07:24:24,11,4,5.010411,1.001476,940930,97.62546271634207,106.53745405188721,204.16291676822928
intel-manager,2025-12-20T07:24:25,11,5,6.012145,1.001734,940930,99.28530912595464,109.11382464323292,208.39913376918756
intel-manager,2025-12-20T07:24:26,11,6,7.01393,1.001785,940930,105.2025534088875,114.63655982947836,219.83911323836585
intel-manager,2025-12-20T07:24:27,11,7,8.01548,1.00155,940930,98.78817126093725,103.31343113502906,202.10160239596632
intel-manager,2025-12-20T07:24:28,11,8,9.017023,1.001543,940930,99.56519016495766,105.22764309506127,204.79283326001894
intel-manager,2025-12-20T07:24:29,11,9,10.01857,1.001547,940930,100.67912551019391,105.79650042887427,206.47562593906818
intel-manager,2025-12-20T07:24:30,11,10,11.020072,1.001502,940930,99.81179798157027,107.59988498635339,207.41168296792364
intel-manager,2025-12-20T07:24:31,11,11,12.021837,1.001765,940930,100.88745646081865,104.04563374361217,204.9330902044308
intel-manager,2025-12-20T07:24:32,11,12,13.023766,1.001929,940930,95.44939509112801,96.89137210917582,192.34076720030384
intel-manager,2025-12-20T07:24:33,11,13,14.025491,1.001725,940930,99.8359066068302,104.32844901576445,204.16435562259466
intel-manager,2025-12-20T07:24:34,11,14,15.027009,1.001518,940930,101.38115810620776,106.69497540568747,208.07613351189525
intel-manager,2025-12-20T07:24:35,11,15,16.028954,1.001944,940930,101.22641126726502,106.888851115609,208.11526238287402
intel-manager,2025-12-20T07:24:36,11,16,17.03093,1.001976,940930,102.1438596806601,105.529858288202,207.6737179688621
intel-manager,2025-12-20T07:24:37,11,17,18.032907,1.001977,940930,100.76797103596657,107.16558364256387,207.93355467853044
intel-manager,2025-12-20T07:24:38,11,18,19.034987,1.002079,940930,100.75549227905039,106.79851389508416,207.55400617413454
intel-manager,2025-12-20T07:24:39,11,19,20.036976,1.001989,940930,100.33718375616135,107.19936936686393,207.53655312302527
intel-manager,2025-12-20T07:24:40,11,20,21.038972,1.001996,940930,102.22829095318266,105.8968640825227,208.12515503570535
intel-manager,2025-12-20T07:24:41,11,21,22.040968,1.001996,940930,101.12869404672261,105.69062125596548,206.8193153026881
intel-manager,2025-12-20T07:24:43,11,22,23.042953,1.001985,940930,100.78600241879013,106.53817992601395,207.3241823448041
intel-manager,2025-12-20T07:24:44,11,23,24.044435,1.001482,940930,99.86146670129094,105.69801309873773,205.55947980002867
intel-manager,2025-12-20T07:24:45,11,24,25.046399,1.001964,940930,101.43865131548937,106.18274161555496,207.62139293104434
intel-manager,2025-12-20T07:24:46,11,25,26.048057,1.001658,940930,102.08576925311961,105.71347279069631,207.79924204381592
intel-manager,2025-12-20T07:24:47,11,26,27.049546,1.001489,940930,103.02501414418882,107.65659517616463,210.68160932035346
intel-manager,2025-12-20T07:24:48,11,27,28.051559,1.002013,940930,101.53116321792275,106.11141041860155,207.6425736365243
intel-manager,2025-12-20T07:24:49,11,28,29.053029,1.00147,940930,100.33084864792002,105.23634530101471,205.56719394893474
intel-manager,2025-12-20T07:24:50,11,29,30.054577,1.001548,940930,101.17238078898343,106.12606305102221,207.29844384000563
intel-manager,2025-12-20T07:24:51,11,30,31.056525,1.001948,940930,100.4834323955631,108.89475913676964,209.37819153233272
intel-manager,2025-12-20T07:24:52,11,31,32.05788,1.001355,940930,100.52436624048599,107.15361105934089,207.67797729982686
intel-manager,2025-12-20T07:24:53,11,32,33.059817,1.001937,940930,101.46333358791003,106.74197657665535,208.2053101645654
intel-manager,2025-12-20T07:24:54,11,33,34.061741,1.001924,940930,100.79220198000463,107.05290714577617,207.84510912578082
intel-manager,2025-12-20T07:24:55,11,34,35.063727,1.001987,940930,99.35922884501326,105.12449275295297,204.48372159796622
intel-manager,2025-12-20T07:24:56,11,35,36.065642,1.001915,940930,100.465299065367,104.69364389415978,205.15894295952677
intel-manager,2025-12-20T07:24:57,11,36,37.067137,1.001495,940930,100.63854499988621,104.430961774866,205.0695067747522
intel-manager,2025-12-20T07:24:58,11,37,38.069092,1.001956,940930,100.56102898408902,106.30600463143848,206.8670336155275
intel-manager,2025-12-20T07:24:59,11,38,39.071104,1.002012,940930,103.13934873660291,105.63712576878999,208.7764745053929
intel-manager,2025-12-20T07:25:00,11,39,40.073091,1.001987,940930,100.40143019735994,106.01422735559301,206.41565755295295
intel-manager,2025-12-20T07:25:01,11,40,41.073879,1.000788,940930,100.36609118948621,104.99237879789185,205.35846998737804
intel-manager,2025-12-20T07:25:02,11,41,42.075652,1.001773,940930,99.82926583470994,105.55755789138264,205.3868237260926
intel-manager,2025-12-20T07:25:03,11,42,43.077609,1.001957,940930,102.50787526960256,108.62985193044922,211.13772720005178
intel-manager,2025-12-20T07:25:04,11,43,44.079572,1.001964,940930,100.38049138692425,105.81182703757179,206.19231842449602
intel-manager,2025-12-20T07:25:05,11,44,45.081519,1.001946,940930,98.51011254901847,107.0044847096603,205.51459725867878
intel-manager,2025-12-20T07:25:06,11,45,46.083304,1.001785,940930,100.81317043242503,107.78099891928777,208.5941693517128
intel-manager,2025-12-20T07:25:07,11,46,47.085184,1.00188,940930,100.11792525908758,108.31623600469946,208.43416126378705
intel-manager,2025-12-20T07:25:08,11,47,48.086936,1.001752,940930,104.28271328094537,109.17902925898545,213.4617425399308
intel-manager,2025-12-20T07:25:09,11,48,49.088415,1.001479,940930,102.70460810882491,106.24836751622244,208.95297562504737
intel-manager,2025-12-20T07:25:10,11,49,50.090255,1.001839,940930,101.64029690518201,105.33630946213236,206.9766063673144
intel-manager,2025-12-20T07:25:11,11,50,51.091732,1.001477,940930,102.49132543070463,106.57293385554951,209.06425928625413
intel-manager,2025-12-20T07:25:12,11,51,52.093715,1.001984,940930,101.66377317235013,105.30851044733232,206.97228361968246
intel-manager,2025-12-20T07:25:13,11,52,53.09569,1.001974,940930,102.31082660022881,105.23101883170544,207.54184543193423
intel-manager,2025-12-20T07:25:14,11,53,54.097668,1.001978,940930,97.18333774026662,101.12182484773385,198.30516258800048
intel-manager,2025-12-20T07:25:15,11,54,55.099621,1.001953,940930,100.65885567251462,105.95903675633528,206.6178924288499
intel-manager,2025-12-20T07:25:16,11,55,56.101082,1.001461,940930,102.24577657261526,107.884494896948,210.13027146956324
intel-manager,2025-12-20T07:25:17,11,56,57.102539,1.001456,940930,100.05853683118494,106.73641550690563,206.79495233809058
intel-manager,2025-12-20T07:25:18,11,57,58.104476,1.001937,940930,100.53028067077206,106.22943155519249,206.75971222596456
intel-manager,2025-12-20T07:25:19,11,58,59.105962,1.001486,940930,100.97508858224161,106.41553643685832,207.39062501909993
intel-manager,2025-12-20T07:25:20,11,59,60.107921,1.001958,940930,101.22971773654557,105.07648334537723,206.30620108192278
intel-manager,2025-12-20T07:20:01,21,0,1.004305,1.004305,940930,103.53984578150775,114.65116482124034,218.1910106027481
intel-manager,2025-12-20T07:20:02,21,1,2.005162,1.000857,940930,98.94177395245431,110.76687066782152,209.70864462027583
intel-manager,2025-12-20T07:20:03,21,2,3.006694,1.001532,940930,96.58138186357793,114.55734386306374,211.13872572664167
intel-manager,2025-12-20T07:20:04,21,3,4.008179,1.001485,940930,98.67449358901455,111.52628527328699,210.20077886230155
intel-manager,2025-12-20T07:20:05,21,4,5.009874,1.001695,940930,97.21729968008383,113.70530287198521,210.92260255206904
intel-manager,2025-12-20T07:20:06,21,5,6.011742,1.001868,940930,101.91032154435253,108.58417771717119,210.4944992615237
intel-manager,2025-12-20T07:20:07,21,6,7.013715,1.001973,940930,98.36253365709905,112.23101364884506,210.59354730594413
intel-manager,2025-12-20T07:20:08,21,7,8.015187,1.001473,940930,99.56228547093725,106.60603306241165,206.1683185333489
intel-manager,2025-12-20T07:20:09,21,8,9.01712,1.001933,940930,99.04378229232695,109.08629552601495,208.1300778183419
intel-manager,2025-12-20T07:20:10,21,9,10.018576,1.001456,940930,97.42709343983218,104.8164049612502,202.24349840108238
intel-manager,2025-12-20T07:20:11,21,10,11.020014,1.001438,940930,98.69029897725396,107.91724153394051,206.6075405111945
intel-manager,2025-12-20T07:20:12,21,11,12.021524,1.001511,940930,98.08611176080603,111.44839723773586,209.5345089985419
intel-manager,2025-12-20T07:20:13,21,12,13.023446,1.001922,940930,98.54022231867627,113.55795186191393,212.0981741805902
intel-manager,2025-12-20T07:20:14,21,13,14.025176,1.00173,940930,99.29622798011405,105.95833077405534,205.2545587541694
intel-manager,2025-12-20T07:20:15,21,14,15.027082,1.001905,940930,95.45178822207289,110.25593978051617,205.70772800258908
intel-manager,2025-12-20T07:20:16,21,15,16.028732,1.00165,940930,100.17109729196953,111.17616126727198,211.3472585592415
intel-manager,2025-12-20T07:20:17,21,16,17.03029,1.001558,940930,96.44224765668366,106.9778125811023,203.42006023778595
intel-manager,2025-12-20T07:20:18,21,17,18.031883,1.001594,940930,98.05495325023323,112.02051254797763,210.07546579821087
intel-manager,2025-12-20T07:20:19,21,18,19.033851,1.001967,940930,95.61701600011232,112.26598428794674,207.88300028805907
intel-manager,2025-12-20T07:20:20,21,19,20.035788,1.001937,940930,98.56404007611977,111.51864396420548,210.08268404032526
intel-manager,2025-12-20T07:20:21,21,20,21.037386,1.001598,940930,98.12447413073015,103.0602415369846,201.18471566771476
intel-manager,2025-12-20T07:20:22,21,21,22.038844,1.001458,940930,98.99878474025377,110.95818577535242,209.9569705156062
intel-manager,2025-12-20T07:20:23,21,22,23.040854,1.002011,940930,97.84586867395795,112.33817767113955,210.1840463450975
intel-manager,2025-12-20T07:20:24,21,23,24.042834,1.00198,940930,97.78604514744818,110.99575604407643,208.7818011915246
intel-manager,2025-12-20T07:20:25,21,24,25.044752,1.001918,940930,96.29712661015604,113.28190354169622,209.57903015185227
intel-manager,2025-12-20T07:20:26,21,25,26.046229,1.001477,940930,100.00258902377527,113.9206536808399,213.92324270461518
intel-manager,2025-12-20T07:20:27,21,26,27.048174,1.001945,940930,95.59622854130745,109.71113278763544,205.30736132894287
intel-manager,2025-12-20T07:20:28,21,27,28.049813,1.001638,940930,97.3624471519327,104.2199078028514,201.58235495478408
intel-manager,2025-12-20T07:20:29,21,28,29.051284,1.001471,940930,96.1518884728076,106.31428215844213,202.46617063124972
intel-manager,2025-12-20T07:20:30,21,29,30.053047,1.001764,940930,98.43369608279313,106.59798668496974,205.03168276776287
intel-manager,2025-12-20T07:20:31,21,30,31.055023,1.001975,940930,97.05632683871013,98.01682955967571,195.07315639838583
intel-manager,2025-12-20T07:20:32,21,31,32.056977,1.001954,940930,95.88096091879808,109.50780424375117,205.38876516254925
intel-manager,2025-12-20T07:20:33,21,32,33.058451,1.001475,940930,97.15492235059435,111.30394056736047,208.45886291795483
intel-manager,2025-12-20T07:20:34,21,33,34.06039,1.001939,940930,98.88337053052717,112.98222375496492,211.86559428549208
intel-manager,2025-12-20T07:20:35,21,34,35.06238,1.00199,940930,98.0995051485893,111.07194695316267,209.17145210175198
intel-manager,2025-12-20T07:20:36,21,35,36.06434,1.00196,940930,102.96475459977862,113.09112293582048,216.0558775355991
intel-manager,2025-12-20T07:20:37,21,36,37.06595,1.00161,940930,102.17958571190441,104.58616601974599,206.7657517316504
intel-manager,2025-12-20T07:20:38,21,37,38.067605,1.001655,940930,104.4711335491684,115.12163242883288,219.5927659780013
intel-manager,2025-12-20T07:20:39,21,38,39.069016,1.001411,940930,97.58536457550183,106.39895484071202,203.98431941621385
intel-manager,2025-12-20T07:20:40,21,39,40.070802,1.001786,940930,97.91583828678132,102.58077385403283,200.49661214081414
intel-manager,2025-12-20T07:20:41,21,40,41.072734,1.001932,940930,97.29028713938867,104.91006662691295,202.20035376630162
intel-manager,2025-12-20T07:20:42,21,41,42.074695,1.001961,940930,97.84615673317246,106.45772240845909,204.30387914163157
intel-manager,2025-12-20T07:20:43,21,42,43.076633,1.001938,940930,97.74949486206626,104.33120795186214,202.08070281392838
intel-manager,2025-12-20T07:20:44,21,43,44.078121,1.001488,940930,97.8622508721054,102.30612751541145,200.16837838751684
intel-manager,2025-12-20T07:20:45,21,44,45.080044,1.001923,940930,98.69349609119806,106.90174992745142,205.59524601864948
intel-manager,2025-12-20T07:20:46,21,45,46.08118,1.001136,940930,102.41277189959295,99.92530822578343,202.3380801253764
intel-manager,2025-12-20T07:20:47,21,46,47.083179,1.001999,940930,97.08378922756037,104.18530069970187,201.26908992726226
intel-manager,2025-12-20T07:20:48,21,47,48.085187,1.002008,940930,95.9042052046683,112.75460024653897,208.6588054512073
intel-manager,2025-12-20T07:20:49,21,48,49.086695,1.001508,940930,97.80676232672528,111.76565302620989,209.57241535293517
intel-manager,2025-12-20T07:20:50,21,49,50.08867,1.001975,940930,95.10521421712865,107.57963247286303,202.68484668999167
intel-manager,2025-12-20T07:20:51,21,50,51.090669,1.002,940930,97.56466806792125,111.65705769137345,209.2217257592947
intel-manager,2025-12-20T07:20:52,21,51,52.092642,1.001972,940930,97.91075221893614,109.09173343894473,207.00248565788087
intel-manager,2025-12-20T07:20:53,21,52,53.094625,1.001983,940930,98.2640177384838,104.30670464813237,202.57072238661618
intel-manager,2025-12-20T07:20:54,21,53,54.096652,1.002026,940930,97.89385277681777,113.95306767645117,211.84692045326892
intel-manager,2025-12-20T07:20:55,21,54,55.098653,1.002002,940930,96.97512484231184,112.4226176322231,209.39774247453494
intel-manager,2025-12-20T07:20:56,21,55,56.100613,1.00196,940930,101.51352492345384,110.8728457511909,212.38637067464475
intel-manager,2025-12-20T07:20:57,21,56,57.102604,1.001991,940930,99.97959910046177,111.0032183329182,210.98281743337998
intel-manager,2025-12-20T07:20:58,21,57,58.104025,1.001421,940930,97.7753780355206,108.59157932922534,206.36695736474593
intel-manager,2025-12-20T07:20:59,21,58,59.105521,1.001496,940930,95.57512850136314,116.08619448561484,211.66132298697798
intel-manager,2025-12-20T07:21:00,21,59,60.107496,1.001975,940930,97.65753983067668,104.39312226043624,202.05066209111294
intel-manager,2025-12-20T07:13:19,30,0,1.004592,1.004592,940930,95.09855165560928,113.1514769767629,208.25002863237216
intel-manager,2025-12-20T07:13:20,30,1,2.006281,1.00169,940930,93.99785541146349,113.33537034484056,207.33322575630405
intel-manager,2025-12-20T07:13:21,30,2,3.007967,1.001686,940930,94.01982153698978,115.51830702249168,209.53812855948146
intel-manager,2025-12-20T07:13:22,30,3,4.009937,1.001969,940930,94.9790312355524,115.04072998063468,210.01976121618708
intel-manager,2025-12-20T07:13:23,30,4,5.011586,1.001649,940930,94.04045058698065,117.6598192790193,211.70026986599996
intel-manager,2025-12-20T07:13:24,30,5,6.013431,1.001844,940930,94.04614870701658,105.86123988045425,199.90738858747085
intel-manager,2025-12-20T07:13:25,30,6,7.015196,1.001765,940930,94.31065449319907,107.5952779635134,201.90593245671246
intel-manager,2025-12-20T07:13:26,30,7,8.016622,1.001427,940930,96.27383742640124,103.72936864403964,200.00320607044088
intel-manager,2025-12-20T07:13:27,30,8,9.018564,1.001942,940930,94.92497834994785,110.0233664981995,204.94834484814734
intel-manager,2025-12-20T07:13:28,30,9,10.020502,1.001937,940930,94.87472371842767,118.54011763572599,213.41484135415368
intel-manager,2025-12-20T07:13:29,30,10,11.022466,1.001965,940930,93.75201733223273,108.58605330694043,202.33807063917317
intel-manager,2025-12-20T07:13:30,30,11,12.024529,1.002063,940930,96.0131623928734,114.3447416854981,210.3579040783715
intel-manager,2025-12-20T07:13:31,30,12,13.02649,1.001961,940930,94.77027217736367,114.13770078904774,208.90797296641142
intel-manager,2025-12-20T07:13:32,30,13,14.028537,1.002047,940930,94.50133744159315,113.26452051750879,207.76585795910194
intel-manager,2025-12-20T07:13:33,30,14,15.030512,1.001975,940930,92.9517357903235,108.31953646945549,201.27127225977898
intel-manager,2025-12-20T07:13:34,30,15,16.032474,1.001962,940930,94.35815035834436,114.19180678578373,208.5499571441281
intel-manager,2025-12-20T07:13:35,30,16,17.034315,1.001841,940930,92.24909909871243,117.71376006195872,209.96285916067114
intel-manager,2025-12-20T07:13:36,30,17,18.035768,1.001453,940930,95.02509855424054,116.79765932186267,211.8227578761032
intel-manager,2025-12-20T07:13:37,30,18,19.037351,1.001583,940930,99.52732708083876,117.83423978366761,217.36156686450636
intel-manager,2025-12-20T07:13:38,30,19,20.039,1.001649,940930,95.48080542370454,108.46509958350002,203.94590500720454
intel-manager,2025-12-20T07:13:39,30,20,21.040499,1.001499,940930,94.44975167810449,102.4328786621965,196.88263034030098
intel-manager,2025-12-20T07:13:40,30,21,22.042458,1.001959,940930,95.28637057448579,112.92822088811475,208.21459146260054
intel-manager,2025-12-20T07:13:41,30,22,23.044428,1.00197,940930,97.37455342805167,114.15256086924818,211.52711429729985
intel-manager,2025-12-20T07:13:42,30,23,24.046452,1.002024,940930,96.67403890056212,108.33777469205137,205.0118135926135
intel-manager,2025-12-20T07:13:43,30,24,25.04776,1.001308,940930,94.63285603810284,108.93241032195745,203.5652663600603
intel-manager,2025-12-20T07:13:44,30,25,26.049726,1.001965,940930,95.65703672299679,106.99069086990151,202.64772759289832
intel-manager,2025-12-20T07:13:45,30,26,27.051673,1.001948,940930,95.27799463574138,110.18276548738041,205.4607601231218
intel-manager,2025-12-20T07:13:46,30,27,28.053664,1.00199,940930,98.16526886910836,108.00003954507203,206.1653084141804
intel-manager,2025-12-20T07:13:47,30,28,29.055139,1.001475,940930,96.63522079660878,114.92185925395864,211.55708005056744
intel-manager,2025-12-20T07:13:48,30,29,30.057071,1.001932,940930,96.48114651861565,109.4559244705313,205.93707098914695
intel-manager,2025-12-20T07:13:49,30,30,31.059001,1.001931,940930,96.3339008223811,106.06185991893207,202.39576074131315
intel-manager,2025-12-20T07:13:50,30,31,32.060498,1.001496,940930,96.39823487494775,105.29664005777487,201.6948749327226
intel-manager,2025-12-20T07:13:51,30,32,33.062083,1.001585,940930,96.44795634165969,113.3471530014949,209.7951093431546
intel-manager,2025-12-20T07:13:52,30,33,34.063574,1.001491,940930,97.73908520239073,116.11416567494129,213.85325087733202
intel-manager,2025-12-20T07:13:53,30,34,35.065046,1.001472,940930,96.32332039333629,115.00275179281591,211.3260721861522
intel-manager,2025-12-20T07:13:54,30,35,36.066502,1.001456,940930,99.21597867131891,117.87034505102832,217.08632372234723
intel-manager,2025-12-20T07:13:55,30,36,37.06775,1.001248,940930,96.84066029013007,117.945378106617,214.78603839674707
intel-manager,2025-12-20T07:13:56,30,37,38.069338,1.001589,940930,95.71011472047014,106.98642068411661,202.69653540458677
intel-manager,2025-12-20T07:13:57,30,38,39.071324,1.001985,940930,95.30742806624518,111.0145465431726,206.3219746094178
intel-manager,2025-12-20T07:13:58,30,39,40.073367,1.002044,940930,96.08853155616296,105.37835871288898,201.46689026905193
intel-manager,2025-12-20T07:13:59,30,40,41.075249,1.001881,940930,97.19798949254283,117.79419858784468,214.9921880803875
intel-manager,2025-12-20T07:14:00,30,41,42.077243,1.001994,940930,96.7941954235882,114.16654750120745,210.96074292479565
intel-manager,2025-12-20T07:14:01,30,42,43.079199,1.001956,940930,96.40668783636431,115.05590112846383,211.46258896482814
intel-manager,2025-12-20T07:14:02,30,43,44.081195,1.001997,940930,95.44181102935532,114.14788058022609,209.5896916095814
intel-manager,2025-12-20T07:14:03,30,44,45.082875,1.001679,940930,94.04088223833357,109.41553839165582,203.4564206299894
intel-manager,2025-12-20T07:14:04,30,45,46.084906,1.002032,940930,95.54186152555579,109.75178814007816,205.29364966563395
intel-manager,2025-12-20T07:14:05,30,46,47.086325,1.001419,940930,94.48006442225235,109.94050601386583,204.42057043611817
intel-manager,2025-12-20T07:14:06,30,47,48.088263,1.001938,940930,97.43607714893784,109.78528697676178,207.2213641256996
intel-manager,2025-12-20T07:14:07,30,48,49.090222,1.001959,940930,97.44059278267706,115.45171275352884,212.8923055362059
intel-manager,2025-12-20T07:14:08,30,49,50.092171,1.001949,940930,96.15688032808444,110.31747630859596,206.4743566366804
intel-manager,2025-12-20T07:14:09,30,50,51.094113,1.001942,940930,94.97681768214676,110.58239890236955,205.55921658451632
intel-manager,2025-12-20T07:14:10,30,51,52.096099,1.001987,940930,97.22120953780971,108.68942315592425,205.91063269373396
intel-manager,2025-12-20T07:14:11,30,52,53.098064,1.001965,940930,96.64697933158963,114.62358005742807,211.2705593890177
intel-manager,2025-12-20T07:14:12,30,53,54.099599,1.001535,940930,95.24335598407615,112.93497065607426,208.1783266401504
intel-manager,2025-12-20T07:14:13,30,54,55.101385,1.001787,940930,95.54541316645874,108.66439536510038,204.20980853155913
intel-manager,2025-12-20T07:14:14,30,55,56.102873,1.001488,940930,95.06386978020423,110.37235121369442,205.43622099389864
intel-manager,2025-12-20T07:14:15,30,56,57.104833,1.00196,940930,96.45001219663231,110.11515124727902,206.56516344391133
intel-manager,2025-12-20T07:14:16,30,57,58.106756,1.001923,940930,98.10206784690064,104.65695181552691,202.75901966242753
intel-manager,2025-12-20T07:14:17,30,58,59.107753,1.000997,940930,96.29979370195446,113.89377832931967,210.19357203127413
intel-manager,2025-12-20T07:14:18,30,59,60.109244,1.001491,940930,100.8258057254026,113.31027548618148,214.1360812115841
intel-manager,2025-12-20T07:06:06,49,0,1.004442,1.004442,940930,142.69051308735217,166.50799439397377,309.1985074813259
intel-manager,2025-12-20T07:06:07,49,1,2.006008,1.001566,940930,145.29164099168744,160.10891512977307,305.4005561214605
intel-manager,2025-12-20T07:06:08,49,2,3.006647,1.000639,940930,159.88276014409018,174.73218546905338,334.61494561314356
intel-manager,2025-12-20T07:06:09,49,3,4.008065,1.001418,940930,143.8622346934168,170.42062754043053,314.28286223384737
intel-manager,2025-12-20T07:06:10,49,4,5.009616,1.001551,940930,150.87812720052753,184.17338022632396,335.05150742685146
intel-manager,2025-12-20T07:06:11,49,5,6.011071,1.001455,940930,136.54395429042677,176.0674786978494,312.6114329882762
intel-manager,2025-12-20T07:06:12,49,6,7.012482,1.001411,940930,131.54099004962782,161.09917051086038,292.6401605604882
intel-manager,2025-12-20T07:06:13,49,7,8.01389,1.001408,940930,144.75441828505907,166.44879043685148,311.2032087219105
intel-manager,2025-12-20T07:06:14,49,8,9.014651,1.000761,940930,130.60248231802962,151.2877981286062,281.8902804466358
intel-manager,2025-12-20T07:06:15,49,9,10.016109,1.001457,940930,124.84451900944501,154.698270576408,279.54278958585303
intel-manager,2025-12-20T07:06:16,49,10,11.017835,1.001726,940930,141.67662460014904,173.81029071716938,315.48691531731845
intel-manager,2025-12-20T07:06:17,49,11,12.018656,1.000822,940930,127.2608407119738,178.3947236034695,305.65556431544326
intel-manager,2025-12-20T07:06:18,49,12,13.020254,1.001598,940930,141.26152784382788,193.4143278590471,334.67585570287497
intel-manager,2025-12-20T07:06:19,49,13,14.022494,1.00224,940930,145.8936575884962,188.08267860515036,333.9763361936466
intel-manager,2025-12-20T07:06:20,49,14,15.024235,1.001741,940930,142.57609863400293,175.6842774243081,318.26037605831107
intel-manager,2025-12-20T07:06:21,49,15,16.025946,1.001711,940930,145.56034301384847,172.6294387220351,318.18978173588357
intel-manager,2025-12-20T07:06:22,49,16,17.027418,1.001472,940930,156.9374696242247,171.33049214821744,328.26796177244216
intel-manager,2025-12-20T07:06:23,49,17,18.029137,1.001719,940930,151.7547616937833,179.77121977997365,331.52598147375693
intel-manager,2025-12-20T07:06:24,49,18,19.031188,1.002051,940930,147.5480569618314,182.00476029952412,329.55281726135553
intel-manager,2025-12-20T07:06:25,49,19,20.032852,1.001664,940930,147.2657530875135,187.59240862721984,334.85816171473334
intel-manager,2025-12-20T07:06:26,49,20,21.034408,1.001556,940930,143.1021384530137,171.3554638128694,314.4576022658831
intel-manager,2025-12-20T07:06:27,49,21,22.036131,1.001723,940930,163.42855724937218,178.46230633191186,341.89086358128407
intel-manager,2025-12-20T07:06:28,49,22,23.037806,1.001675,940930,159.50239994270765,183.53995866352574,343.0423586062334
intel-manager,2025-12-20T07:06:29,49,23,24.03866,1.000854,940930,156.03548570352874,165.6892688278342,321.7247545313629
intel-manager,2025-12-20T07:06:30,49,24,25.040262,1.001602,940930,158.27016457365553,176.57088002742188,334.84104460107744
intel-manager,2025-12-20T07:06:31,49,25,26.041802,1.00154,940930,137.23557424192975,171.84854863946734,309.0841228813971
intel-manager,2025-12-20T07:06:32,49,26,27.043383,1.001581,940930,158.79739283019975,165.28284907855584,324.0802419087556
intel-manager,2025-12-20T07:06:33,49,27,28.044855,1.001472,940930,150.38427760748638,179.91612392064516,330.30040152813154
intel-manager,2025-12-20T07:06:34,49,28,29.046327,1.001473,940930,144.43438081725972,177.33006396431264,321.76444478157237
intel-manager,2025-12-20T07:06:35,49,29,30.047767,1.001439,940930,147.15555316178757,176.14671023380623,323.3022633955938
intel-manager,2025-12-20T07:06:36,49,30,31.049322,1.001555,940930,158.87687386725563,173.13176998883932,332.008643856095
intel-manager,2025-12-20T07:06:37,49,31,32.050655,1.001333,940930,150.44456891148332,162.8017169620912,313.2462858735745
intel-manager,2025-12-20T07:06:38,49,32,33.054008,1.003353,940930,141.18163419454572,180.99049235998373,322.1721265545294
intel-manager,2025-12-20T07:06:39,49,33,34.055994,1.001986,940930,139.72269798228064,171.24332916513598,310.96602714741664
intel-manager,2025-12-20T07:06:40,49,34,35.057431,1.001437,940930,144.36795122915046,174.3475539280457,318.71550515719616
intel-manager,2025-12-20T07:06:41,49,35,36.058918,1.001487,940930,141.39722696529995,173.57323670219432,314.9704636674943
intel-manager,2025-12-20T07:06:42,49,36,37.060555,1.001637,940930,165.7298437479435,178.4967565857598,344.22660033370335
intel-manager,2025-12-20T07:06:43,49,37,38.060991,1.000436,940930,147.71996932946817,176.99284235772947,324.71281168719764
intel-manager,2025-12-20T07:06:44,49,38,39.062607,1.001616,940930,156.16668093335238,181.6993413002904,337.86602223364275
intel-manager,2025-12-20T07:06:45,49,39,40.064424,1.001817,940930,153.78402527282043,157.8645520047502,311.64857727757067
intel-manager,2025-12-20T07:06:46,49,40,41.065945,1.001522,940930,148.60461908820037,173.16959533056078,321.7742144187612
intel-manager,2025-12-20T07:06:47,49,41,42.067575,1.00163,940930,138.84680129655823,158.69885011051997,297.5456514070782
intel-manager,2025-12-20T07:06:48,49,42,43.068994,1.001419,940930,145.33346267368626,166.63832471833828,311.97178739202457
intel-manager,2025-12-20T07:06:49,49,43,44.070422,1.001428,940930,147.58672618145536,168.99603286197376,316.5827590434291
intel-manager,2025-12-20T07:06:50,49,44,45.071859,1.001437,940930,154.4265659350599,173.1694823242911,327.596048259351
intel-manager,2025-12-20T07:06:51,49,45,46.073576,1.001716,940930,127.61876629521197,189.69467872922237,317.3134450244344
intel-manager,2025-12-20T07:06:52,49,46,47.075202,1.001627,940930,154.02376891974367,181.88852548526526,335.91229440500894
intel-manager,2025-12-20T07:06:53,49,47,48.076615,1.001413,940930,151.48108414789857,182.89694466817673,334.3780288160753
intel-manager,2025-12-20T07:06:54,49,48,49.078059,1.001444,940930,130.8399548467153,167.07958015547712,297.91953500219245
intel-manager,2025-12-20T07:06:55,49,49,50.080106,1.002046,940930,147.55914900846324,177.10311585428488,324.6622648627481
intel-manager,2025-12-20T07:06:56,49,50,51.081539,1.001434,940930,152.14721309444786,174.95619089488721,327.1034039893351
intel-manager,2025-12-20T07:06:57,49,51,52.082644,1.001105,940930,126.55480024546397,176.79018559948636,303.3449858449503
intel-manager,2025-12-20T07:06:58,49,52,53.084069,1.001425,940930,144.66808044830535,186.17664348648756,330.8447239347929
intel-manager,2025-12-20T07:06:59,49,53,54.085487,1.001418,940930,151.63536865233212,184.23248346520077,335.8678521175329
intel-manager,2025-12-20T07:07:00,49,54,55.087363,1.001875,940930,139.16029271145527,168.19311154723965,307.3534042586949
intel-manager,2025-12-20T07:07:01,49,55,56.089458,1.002095,940930,161.11751496183476,166.40652930013238,327.5240442619671
intel-manager,2025-12-20T07:07:02,49,56,57.090906,1.001448,940930,150.91464626437866,161.0310156110273,311.94566187540596
intel-manager,2025-12-20T07:07:03,49,57,58.092337,1.001432,940930,142.9038640280608,172.38142090471916,315.28528493278
intel-manager,2025-12-20T07:07:04,49,58,59.093765,1.001427,940930,141.25976578947453,164.07724129048995,305.33700707996445
intel-manager,2025-12-20T07:07:05,49,59,60.095182,1.001417,940930,153.01478108603942,163.33685459501854,316.3516356810579
intel-manager,2025-12-20T06:56:29,57,0,1.006124,1.006124,940930,137.73398405559826,180.81582356805944,318.54980762365767
intel-manager,2025-12-20T06:56:30,57,1,2.0079,1.001777,940930,116.51818092114894,159.09226160371293,275.61044252486187
intel-manager,2025-12-20T06:56:31,57,2,3.00946,1.001559,940930,135.74471703088997,168.89039837841347,304.63511540930347
intel-manager,2025-12-20T06:56:32,57,3,4.011096,1.001636,940930,138.23530916569038,154.38413637734467,292.61944554303506
intel-manager,2025-12-20T06:56:33,57,4,5.012822,1.001726,940930,128.7235494691736,176.5096658330104,305.233215302184
intel-manager,2025-12-20T06:56:34,57,5,6.014637,1.001815,940930,152.4507672163655,156.96959110921821,309.4203583255837
intel-manager,2025-12-20T06:56:35,57,6,7.016205,1.001568,940930,128.1971163592238,171.6589541264573,299.85607048568113
intel-manager,2025-12-20T06:56:36,57,7,8.017735,1.00153,940930,128.72311169944595,167.838085123325,296.56119682277097
intel-manager,2025-12-20T06:56:37,57,8,9.019763,1.002028,940930,128.77440539969658,169.98140173675887,298.7558071364555
intel-manager,2025-12-20T06:56:38,57,9,10.021392,1.001629,940930,137.601500255489,160.2497321002548,297.8512323557438
intel-manager,2025-12-20T06:56:39,57,10,11.02299,1.001599,940930,141.41352781907014,161.6965414629714,303.11006928204154
intel-manager,2025-12-20T06:56:40,57,11,12.02479,1.0018,940930,125.36458996056405,162.62952559967937,287.9941155602434
intel-manager,2025-12-20T06:56:41,57,12,13.026308,1.001518,940930,134.66796852988108,168.9458633053624,303.61383183524345
intel-manager,2025-12-20T06:56:42,57,13,14.028327,1.002019,940930,138.84383501467553,156.67795270173843,295.521787716414
intel-manager,2025-12-20T06:56:43,57,14,15.029935,1.001607,940930,134.66600243557627,166.44461292314725,301.1106153587235
intel-manager,2025-12-20T06:56:44,57,15,16.032036,1.002102,940930,142.7153808248779,156.3441128669638,299.0594936918417
intel-manager,2025-12-20T06:56:45,57,16,17.034112,1.002076,940930,149.31526186988518,170.83736191495098,320.1526237848361
intel-manager,2025-12-20T06:56:46,57,17,18.03628,1.002168,940930,142.38063225838917,177.59132497917398,319.9719572375632
intel-manager,2025-12-20T06:56:47,57,18,19.037795,1.001515,940930,144.4567282603726,163.0202376096501,307.4769658700227
intel-manager,2025-12-20T06:56:48,57,19,20.039533,1.001738,940930,144.15955901711422,165.9997120637244,310.1592710808386
intel-manager,2025-12-20T06:56:49,57,20,21.041294,1.001761,940930,145.93739055904143,167.40769598021367,313.34508653925513
intel-manager,2025-12-20T06:56:50,57,21,22.042861,1.001567,940930,142.03729875267854,147.5349562344358,289.5722549871143
intel-manager,2025-12-20T06:56:51,57,22,23.044639,1.001778,940930,132.62644574119798,170.2812137832375,302.9076595244355
intel-manager,2025-12-20T06:56:52,57,23,24.046652,1.002013,940930,144.14943043228666,172.8833790606565,317.03280949294316
intel-manager,2025-12-20T06:56:53,57,24,25.04814,1.001487,940930,133.95091787832573,162.7672937061556,296.7182115844813
intel-manager,2025-12-20T06:56:54,57,25,26.050145,1.002006,940930,130.5650776718065,168.00941516647427,298.5744928382808
intel-manager,2025-12-20T06:56:55,57,26,27.052098,1.001953,940930,135.89883938095045,166.48344939838867,302.3822887793391
intel-manager,2025-12-20T06:56:56,57,27,28.053565,1.001467,940930,150.29144286106842,176.7490281687512,327.0404710298196
intel-manager,2025-12-20T06:56:57,57,28,29.055058,1.001493,940930,123.36625042079244,171.70820950648306,295.0744599272755
intel-manager,2025-12-20T06:56:58,57,29,30.056516,1.001459,940930,141.90272348853247,182.8411860497669,324.74390953829936
intel-manager,2025-12-20T06:56:59,57,30,31.057984,1.001467,940930,140.45451121743392,174.6346811173067,315.08919233474063
intel-manager,2025-12-20T06:57:00,57,31,32.059052,1.001068,940930,139.53160843028658,168.11892769481824,307.65053612510485
intel-manager,2025-12-20T06:57:01,57,32,33.060562,1.00151,940930,130.14614467419852,167.43988877715432,297.5860334513528
intel-manager,2025-12-20T06:57:02,57,33,34.062042,1.001481,940930,125.63483265783188,163.70641865278773,289.3412513106196
intel-manager,2025-12-20T06:57:03,57,34,35.063919,1.001877,940930,150.12529040022446,163.0287097855954,313.1540001858199
intel-manager,2025-12-20T06:57:04,57,35,36.065414,1.001495,940930,147.61443028350357,164.1502721674742,311.7647024509778
intel-manager,2025-12-20T06:57:05,57,36,37.066891,1.001477,940930,134.5963588513324,176.46612206390384,311.0624809152363
intel-manager,2025-12-20T06:57:06,57,37,38.068443,1.001552,940930,145.89446804188523,164.73536297962966,310.62983102151486
intel-manager,2025-12-20T06:57:07,57,38,39.070436,1.001993,940930,138.4860344821393,169.23715664968964,307.7231911318289
intel-manager,2025-12-20T06:57:08,57,39,40.071062,1.000626,940930,148.4176236272666,163.8325545365093,312.2501781637759
intel-manager,2025-12-20T06:57:09,57,40,41.073051,1.001989,940930,138.77334929430143,165.06071540549752,303.83406469979894
intel-manager,2025-12-20T06:57:10,57,41,42.074533,1.001481,940930,140.1846252671088,151.86596076753793,292.0505860346467
intel-manager,2025-12-20T06:57:11,57,42,43.076013,1.00148,940930,128.2872403159406,164.60474035069353,292.89198066663414
intel-manager,2025-12-20T06:57:12,57,43,44.077464,1.001451,940930,138.16394204151757,161.51457634263096,299.67851838414856
intel-manager,2025-12-20T06:57:13,57,44,45.07891,1.001446,940930,129.42445739651856,175.98948975150623,305.4139471480248
intel-manager,2025-12-20T06:57:14,57,45,46.080377,1.001467,940930,134.85596302024996,163.6546593668886,298.5106223871386
intel-manager,2025-12-20T06:57:15,57,46,47.081863,1.001486,940930,150.09983497499556,160.2682944279492,310.36812940294476
intel-manager,2025-12-20T06:57:16,57,47,48.083065,1.001203,940930,133.0216963277309,164.97324093336394,297.99493726109483
intel-manager,2025-12-20T06:57:17,57,48,49.084979,1.001914,940930,142.39640371540168,178.80783571015888,321.20423942556056
intel-manager,2025-12-20T06:57:18,57,49,50.086429,1.00145,940930,138.33347690973542,170.6788870661239,309.01236397585933
intel-manager,2025-12-20T06:57:19,57,50,51.087062,1.000633,940930,143.42852974629338,175.78974377037085,319.2182735166642
intel-manager,2025-12-20T06:57:20,57,51,52.088816,1.001755,940930,138.80788836678803,173.0167549906018,311.82464335738985
intel-manager,2025-12-20T06:57:21,57,52,53.090406,1.001589,940930,150.02631543967416,179.7180024934508,329.744317933125
intel-manager,2025-12-20T06:57:22,57,53,54.091902,1.001497,940930,130.013986126532,169.6786364016796,299.6926225282116
intel-manager,2025-12-20T06:57:23,57,54,55.09339,1.001488,940930,134.41668300828084,160.962693660524,295.37937666880487
intel-manager,2025-12-20T06:57:24,57,55,56.094865,1.001475,940930,147.01823103239312,169.26654364104388,316.284774673437
intel-manager,2025-12-20T06:57:25,57,56,57.096334,1.001469,940930,120.00435558945487,166.95261762782778,286.95697321728267
intel-manager,2025-12-20T06:57:26,57,57,58.097818,1.001484,940930,136.90586274871026,179.91100816572384,316.8168709144341
intel-manager,2025-12-20T06:57:27,57,58,59.099289,1.00147,940930,138.23389591835772,165.23233836927716,303.46623428763485
intel-manager,2025-12-20T06:57:28,57,59,60.100742,1.001453,940930,133.5118207969862,192.36096649946637,325.87278729645254
intel-worker1,2025-12-20T07:24:20,11,0,1.004521,1.004521,940930,98.18823448850179,102.78785011795411,200.9760846064559
intel-worker1,2025-12-20T07:24:21,11,1,2.006334,1.001813,940930,94.57891848145628,104.28620517406989,198.8651236555262
intel-worker1,2025-12-20T07:24:22,11,2,3.008135,1.001801,940930,92.32589679666128,104.10562196435862,196.4315187610199
intel-worker1,2025-12-20T07:24:23,11,3,4.01003,1.001895,940930,95.18082032914819,101.1595864356839,196.3404067648321
intel-worker1,2025-12-20T07:24:24,11,4,5.011891,1.001861,940930,92.29292506343268,99.03475548104059,191.32768054447325
intel-worker1,2025-12-20T07:24:25,11,5,6.013795,1.001904,940930,93.30314431768568,104.31205797802151,197.6152022957072
intel-worker1,2025-12-20T07:24:26,11,6,7.01586,1.002064,940930,94.8283017588301,102.93435102449749,197.76265278332758
intel-worker1,2025-12-20T07:24:27,11,7,8.017924,1.002064,940930,95.56386417445415,101.57092067208048,197.13478484653461
intel-worker1,2025-12-20T07:24:28,11,8,9.019952,1.002029,940930,95.45497014986867,100.38812523993622,195.8430953898049
intel-worker1,2025-12-20T07:24:29,11,9,10.021966,1.002014,940930,95.99719627215691,101.76151101906561,197.75870729122252
intel-worker1,2025-12-20T07:24:30,11,10,11.024045,1.002079,940930,95.7294272099494,101.56780195436902,197.29722916431842
intel-worker1,2025-12-20T07:24:31,11,11,12.026192,1.002147,940930,93.67070048517003,104.75106774581366,198.42176823098367
intel-worker1,2025-12-20T07:24:32,11,12,13.02831,1.002118,940930,97.87881916618413,103.18050387532318,201.0593230415073
intel-worker1,2025-12-20T07:24:33,11,13,14.030403,1.002093,940930,97.69685070480247,105.86241460638712,203.5592653111896
intel-worker1,2025-12-20T07:24:34,11,14,15.032508,1.002105,940930,93.99737357238497,107.00433016172754,201.0017037341125
intel-worker1,2025-12-20T07:24:35,11,15,16.034599,1.002091,940930,96.34651708658568,107.38974346289216,203.73626054947783
intel-worker1,2025-12-20T07:24:36,11,16,17.036673,1.002074,940930,97.02353674020962,106.53271939759657,203.5562561378062
intel-worker1,2025-12-20T07:24:37,11,17,18.038724,1.002051,940930,96.04211767013126,105.83383439819478,201.87595206832606
intel-worker1,2025-12-20T07:24:38,11,18,19.040689,1.001965,940930,99.01711043775616,95.33435334654786,194.35146378430403
intel-worker1,2025-12-20T07:24:39,11,19,20.042547,1.001858,940930,93.06602507622698,102.58463507587335,195.65066015210033
intel-worker1,2025-12-20T07:24:40,11,20,21.04446,1.001914,940930,97.55373728834813,100.65899423163816,198.21273151998628
intel-worker1,2025-12-20T07:24:41,11,21,22.046344,1.001884,940930,96.17478620874516,100.89251021881702,197.06729642756218
intel-worker1,2025-12-20T07:24:42,11,22,23.048341,1.001997,940930,97.22134836945463,100.23406128150293,197.45540965095756
intel-worker1,2025-12-20T07:24:43,11,23,24.05051,1.002168,940930,96.43772978950796,99.26326085996594,195.7009906494739
intel-worker1,2025-12-20T07:24:44,11,24,25.052641,1.002131,940930,94.71616965648286,93.79394312749845,188.5101127839813
intel-worker1,2025-12-20T07:24:45,11,25,26.054683,1.002043,940930,95.3162994114604,102.95625356088254,198.27255297234296
intel-worker1,2025-12-20T07:24:46,11,26,27.056833,1.002149,940930,96.8408018529129,100.80553627678698,197.64633812969987
intel-worker1,2025-12-20T07:24:47,11,27,28.058889,1.002057,940930,95.43982658022665,99.76594050012159,195.20576708034824
intel-worker1,2025-12-20T07:24:48,11,28,29.060413,1.001524,940930,95.86342686404348,101.50173124852834,197.3651581125718
intel-worker1,2025-12-20T07:24:49,11,29,30.062133,1.00172,940930,99.06717187574297,99.05407140479593,198.12124328053892
intel-worker1,2025-12-20T07:24:50,11,30,31.063641,1.001508,940930,99.26926086914624,98.67354206958387,197.9428029387301
intel-worker1,2025-12-20T07:24:51,11,31,32.065393,1.001752,940930,98.842124943264,100.2786309862409,199.1207559295049
intel-worker1,2025-12-20T07:24:52,11,32,33.0669,1.001507,940930,98.94477248055337,98.99023497741669,197.93500745797007
intel-worker1,2025-12-20T07:24:53,11,33,34.068411,1.001511,940930,97.00010855801484,101.23387593443572,198.23398449245056
intel-worker1,2025-12-20T07:24:54,11,34,35.069932,1.001522,940930,96.68576615917685,99.96446033951597,196.6502264986928
intel-worker1,2025-12-20T07:24:55,11,35,36.071467,1.001535,940930,96.90721834936781,101.99461051368164,198.90182886304945
intel-worker1,2025-12-20T07:24:56,11,36,37.072998,1.001531,940930,95.42382478235656,100.20372743736938,195.62755221972594
intel-worker1,2025-12-20T07:24:57,11,37,38.074506,1.001508,940930,92.30334179697702,105.53494472732744,197.83828652430446
intel-worker1,2025-12-20T07:24:58,11,38,39.076037,1.001531,940930,95.52908611257007,101.0909292404332,196.62001535300328
intel-worker1,2025-12-20T07:24:59,11,39,40.077569,1.001532,940930,91.40125695606072,106.27985633175575,197.68111328781646
intel-worker1,2025-12-20T07:25:00,11,40,41.079066,1.001498,940930,96.89377588312105,100.40907170268902,197.30284758581007
intel-worker1,2025-12-20T07:25:01,11,41,42.080576,1.00151,940930,95.26446201286566,102.39613017211957,197.66059218498523
intel-worker1,2025-12-20T07:25:02,11,42,43.082091,1.001515,940930,96.75714240888774,99.11044280562645,195.86758521451418
intel-worker1,2025-12-20T07:25:03,11,43,44.08361,1.001519,940930,95.11126733592863,95.70100654285133,190.81227387877996
intel-worker1,2025-12-20T07:25:04,11,44,45.085132,1.001522,940930,95.17525054066694,100.70003409977132,195.87528464043825
intel-worker1,2025-12-20T07:25:05,11,45,46.087209,1.002077,940930,97.6349497420432,100.12531618278122,197.7602659248244
intel-worker1,2025-12-20T07:25:06,11,46,47.088722,1.001514,940930,98.17570011563342,104.20159516375497,202.3772952793884
intel-worker1,2025-12-20T07:25:07,11,47,48.090224,1.001501,940930,95.03672395375138,107.4860834272285,202.52280738097988
intel-worker1,2025-12-20T07:25:08,11,48,49.091734,1.001511,940930,94.57106904060335,107.05193918708007,201.6230082276834
intel-worker1,2025-12-20T07:25:09,11,49,50.093238,1.001504,940930,91.79676676696063,106.24759053152826,198.04435729848888
intel-worker1,2025-12-20T07:25:10,11,50,51.094742,1.001503,940930,91.36447747200144,105.97461560327666,197.3390930752781
intel-worker1,2025-12-20T07:25:11,11,51,52.096248,1.001506,940930,90.01660088279709,107.6706313211956,197.6872322039927
intel-worker1,2025-12-20T07:25:12,11,52,53.097771,1.001523,940930,89.39919742357117,107.00667392198429,196.40587134555545
intel-worker1,2025-12-20T07:25:13,11,53,54.099299,1.001529,940930,92.9757504250243,104.52246425549174,197.49821468051604
intel-worker1,2025-12-20T07:25:14,11,54,55.101113,1.001814,940930,89.75615234299052,105.90656429567493,195.66271663866544
intel-worker1,2025-12-20T07:25:15,11,55,56.102611,1.001498,940930,89.37293209189384,108.86218515055566,198.23511724244952
intel-worker1,2025-12-20T07:25:16,11,56,57.104114,1.001503,940930,89.15442621237582,107.00419266756019,196.158618879936
intel-worker1,2025-12-20T07:25:17,11,57,58.105624,1.00151,940930,88.9940614340006,107.997485072265,196.9915465062656
intel-worker1,2025-12-20T07:25:18,11,58,59.10714,1.001516,940930,89.2664118587223,100.5896696252225,189.8560814839448
intel-worker1,2025-12-20T07:25:19,11,59,60.109226,1.002085,940930,94.50259035819036,102.1593334494065,196.66192380759685
intel-worker1,2025-12-20T07:20:00,21,0,1.004648,1.004648,940930,125.15319965760874,112.75954200902322,237.91274166663197
intel-worker1,2025-12-20T07:20:01,21,1,2.006747,1.002099,940930,119.62186078788667,124.91225731026881,244.5341180981555
intel-worker1,2025-12-20T07:20:02,21,2,3.008636,1.001889,940930,113.3669877905426,119.18429018824058,232.55127797878316
intel-worker1,2025-12-20T07:20:03,21,3,4.010283,1.001647,940930,124.08961612567046,127.35083946044115,251.44045558611163
intel-worker1,2025-12-20T07:20:04,21,4,5.012182,1.001899,940930,122.89125541742548,131.45303448230922,254.3442898997347
intel-worker1,2025-12-20T07:20:05,21,5,6.014256,1.002074,940930,125.32733346761326,130.44183740875818,255.76917087637145
intel-worker1,2025-12-20T07:20:06,21,6,7.01573,1.001474,940930,129.0325714212384,119.4045132513752,248.4370846726136
intel-worker1,2025-12-20T07:20:07,21,7,8.017642,1.001912,940930,124.01557114997817,124.24687980561617,248.26245095559435
intel-worker1,2025-12-20T07:20:08,21,8,9.019477,1.001835,940930,110.72504340663384,124.52427590737837,235.2493193140122
intel-worker1,2025-12-20T07:20:09,21,9,10.021531,1.002054,940930,116.000669744806,124.98542513021613,240.98609487502213
intel-worker1,2025-12-20T07:20:10,21,10,11.023614,1.002083,940930,118.61403719315297,126.20806055256169,244.82209774571464
intel-worker1,2025-12-20T07:20:11,21,11,12.025085,1.001471,940930,120.47508728688065,126.66682849536397,247.1419157822446
intel-worker1,2025-12-20T07:20:12,21,12,13.027159,1.002074,940930,115.84065372976742,126.73106557700996,242.57171930677737
intel-worker1,2025-12-20T07:20:13,21,13,14.029214,1.002055,940930,119.93804274980245,127.65428341742545,247.5923261672279
intel-worker1,2025-12-20T07:20:14,21,14,15.031283,1.002069,940930,115.46898907389468,126.91232485302673,242.3813139269214
intel-worker1,2025-12-20T07:20:15,21,15,16.03277,1.001487,940930,126.01663325407716,121.38784513203471,247.40447838611186
intel-worker1,2025-12-20T07:20:16,21,16,17.034972,1.002202,940930,125.41245061948295,120.91711257844754,246.3295631979305
intel-worker1,2025-12-20T07:20:17,21,17,18.037035,1.002063,940930,118.66747331973053,116.4442209092831,235.11169422901364
intel-worker1,2025-12-20T07:20:18,21,18,19.039131,1.002096,940930,111.85186079734747,128.86601812658478,240.71787892393223
intel-worker1,2025-12-20T07:20:19,21,19,20.041016,1.001885,940930,108.92777004391402,130.71342106977943,239.64119111369345
intel-worker1,2025-12-20T07:20:20,21,20,21.04316,1.002144,940930,114.07289968886893,129.85116729423765,243.92406698310657
intel-worker1,2025-12-20T07:20:21,21,21,22.04462,1.00146,940930,112.29619264103212,128.909596740643,241.20578938167512
intel-worker1,2025-12-20T07:20:22,21,22,23.04681,1.00219,940930,116.08774271768269,117.35199785598348,233.43974057366617
intel-worker1,2025-12-20T07:20:23,21,23,24.048906,1.002096,940930,122.48777125889184,127.05929363267022,249.54706489156206
intel-worker1,2025-12-20T07:20:24,21,24,25.050961,1.002055,940930,113.6946354062762,114.48189545449786,228.17653086077405
intel-worker1,2025-12-20T07:20:25,21,25,26.052517,1.001556,940930,121.32300829641366,115.9031737079131,237.22618200432674
intel-worker1,2025-12-20T07:20:26,21,26,27.054585,1.002068,940930,117.76591321154534,118.22943185619333,235.99534506773867
intel-worker1,2025-12-20T07:20:27,21,27,28.056425,1.00184,940930,117.81899763330074,117.62215479974041,235.44115243304117
intel-worker1,2025-12-20T07:20:28,21,28,29.058294,1.001869,940930,122.202083527349,118.36594296226903,240.56802648961803
intel-worker1,2025-12-20T07:20:29,21,29,30.059854,1.00156,940930,119.98960787211725,121.34021863410435,241.3298265062216
intel-worker1,2025-12-20T07:20:30,21,30,31.061935,1.002081,940930,122.88636363280604,107.146512961287,230.03287659409304
intel-worker1,2025-12-20T07:20:31,21,31,32.063417,1.001482,940930,112.69808145963607,116.82098928649279,229.51907074612888
intel-worker1,2025-12-20T07:20:32,21,32,33.064572,1.001155,940930,123.31877959261344,117.40015160258405,240.71893119519748
intel-worker1,2025-12-20T07:20:33,21,33,34.066434,1.001862,940930,117.54014345757982,123.27188630440051,240.81202976198034
intel-worker1,2025-12-20T07:20:34,21,34,35.068567,1.002132,940930,119.94722265067396,129.52205712263657,249.46927977331052
intel-worker1,2025-12-20T07:20:35,21,35,36.070649,1.002083,940930,121.73383777860163,126.10832153870378,247.8421593173054
intel-worker1,2025-12-20T07:20:36,21,36,37.07276,1.00211,940930,116.29749803703551,129.31796269467102,245.61546073170655
intel-worker1,2025-12-20T07:20:37,21,37,38.074712,1.001953,940930,115.52851246238447,127.71446358730792,243.2429760496924
intel-worker1,2025-12-20T07:20:38,21,38,39.076768,1.002056,940930,121.24620893082559,119.59792960095095,240.84413853177654
intel-worker1,2025-12-20T07:20:39,21,39,40.078319,1.00155,940930,120.40109081197018,119.10421553411427,239.50530634608447
intel-worker1,2025-12-20T07:20:40,21,40,41.080454,1.002135,940930,116.90361030572134,120.3192827140502,237.22289301977156
intel-worker1,2025-12-20T07:20:41,21,41,42.082469,1.002016,940930,122.36373961457605,123.20798276467816,245.5717223792542
intel-worker1,2025-12-20T07:20:42,21,42,43.084554,1.002084,940930,116.56327139331238,118.56099462823485,235.12426602154721
intel-worker1,2025-12-20T07:20:43,21,43,44.086478,1.001925,940930,114.9431681750781,119.92782512914408,234.87099330422217
intel-worker1,2025-12-20T07:20:44,21,44,45.088528,1.00205,940930,118.90965901156224,119.4841631853031,238.39382219686536
intel-worker1,2025-12-20T07:20:45,21,45,46.090492,1.001964,940930,118.84266038551438,117.22925587614922,236.0719162616636
intel-worker1,2025-12-20T07:20:46,21,46,47.092002,1.001509,940930,114.4469515640145,129.584038221208,244.03098978522252
intel-worker1,2025-12-20T07:20:47,21,47,48.094573,1.002572,940930,114.47659466547383,130.7609053298718,245.23749999534562
intel-worker1,2025-12-20T07:20:48,21,48,49.096643,1.00207,940930,108.21191254013992,126.85814721035835,235.07005975049827
intel-worker1,2025-12-20T07:20:49,21,49,50.098102,1.001459,940930,115.97061805326037,120.46984228293253,236.4404603361929
intel-worker1,2025-12-20T07:20:50,21,50,51.100245,1.002143,940930,117.37625770624318,128.82197388134304,246.19823158758624
intel-worker1,2025-12-20T07:20:51,21,51,52.101875,1.00163,940930,118.18162493564867,122.10387240624392,240.2854973418926
intel-worker1,2025-12-20T07:20:52,21,52,53.103327,1.001451,940930,117.56708827550952,128.14137278286788,245.7084610583774
intel-worker1,2025-12-20T07:20:53,21,53,54.104787,1.001461,940930,117.14519232979862,134.76339702190108,251.9085893516997
intel-worker1,2025-12-20T07:20:54,21,54,55.106293,1.001506,940930,117.67141224341448,130.09151744513204,247.76292968854654
intel-worker1,2025-12-20T07:20:55,21,55,56.108633,1.00234,940930,119.84561644058135,124.59504952737483,244.4406659679562
intel-worker1,2025-12-20T07:20:56,21,56,57.110089,1.001456,940930,119.21469732367206,122.27883114606472,241.49352846973676
intel-worker1,2025-12-20T07:20:57,21,57,58.111542,1.001453,940930,121.531120661324,118.83856773292054,240.36968839424452
intel-worker1,2025-12-20T07:20:58,21,58,59.113013,1.00147,940930,117.574994267041,120.96209511992727,238.53708938696826
intel-worker1,2025-12-20T07:20:59,21,59,60.115047,1.002035,940930,115.93873261667854,124.07663372101233,240.01536633769086
intel-worker1,2025-12-20T07:13:18,30,0,1.004433,1.004433,940930,128.65253869344414,132.8626854675245,261.5152241609686
intel-worker1,2025-12-20T07:13:19,30,1,2.006002,1.00157,940930,146.0534736846347,135.36727078167635,281.420744466311
intel-worker1,2025-12-20T07:13:20,30,2,3.007499,1.001497,940930,157.79124734860835,119.28050691063287,277.07175425924123
intel-worker1,2025-12-20T07:13:21,30,3,4.008965,1.001466,940930,139.30789142438414,154.97549142576304,294.2833828501472
intel-worker1,2025-12-20T07:13:22,30,4,5.010661,1.001696,940930,128.16114163531645,148.42810563962547,276.58924727494195
intel-worker1,2025-12-20T07:13:23,30,5,6.01244,1.001779,940930,138.15370546025528,141.51198142189804,279.6656868821533
intel-worker1,2025-12-20T07:13:24,30,6,7.014542,1.002102,940930,127.10208574859546,137.16854427753844,264.2706300261339
intel-worker1,2025-12-20T07:13:25,30,7,8.016563,1.002021,940930,124.4373615154769,138.39995340885034,262.83731492432725
intel-worker1,2025-12-20T07:13:26,30,8,9.018529,1.001966,940930,137.04634960544186,138.7293771751725,275.7757267806144
intel-worker1,2025-12-20T07:13:27,30,9,10.020568,1.002039,940930,135.03983256920708,138.08878316711514,273.1286157363222
intel-worker1,2025-12-20T07:13:28,30,10,11.022589,1.002021,940930,131.9970147559136,137.13383463658118,269.1308493924948
intel-worker1,2025-12-20T07:13:29,30,11,12.024612,1.002023,940930,133.21137734902862,141.62220241490613,274.8335797639347
intel-worker1,2025-12-20T07:13:30,30,12,13.026041,1.001429,940930,129.6971623321254,152.21259059412293,281.9097529262483
intel-worker1,2025-12-20T07:13:31,30,13,14.027535,1.001493,940930,135.59926473846014,147.8761867204702,283.47545145893037
intel-worker1,2025-12-20T07:13:32,30,14,15.030005,1.00247,940930,117.96650154634114,148.89319236337155,266.8596939097127
intel-worker1,2025-12-20T07:13:33,30,15,16.032042,1.002036,940930,115.95510777776101,163.6206179224825,279.57572570024354
intel-worker1,2025-12-20T07:13:34,30,16,17.033474,1.001432,940930,123.54403020563424,170.32065648566297,293.8646866912972
intel-worker1,2025-12-20T07:13:35,30,17,18.034922,1.001448,940930,138.94272572657303,160.0810762098174,299.02380193639044
intel-worker1,2025-12-20T07:13:36,30,18,19.03653,1.001608,940930,144.80646741991617,153.5653720218993,298.3718394418155
intel-worker1,2025-12-20T07:13:37,30,19,20.038554,1.002024,940930,132.2661408168155,153.87224715252398,286.1383879693395
intel-worker1,2025-12-20T07:13:38,30,20,21.040388,1.001834,940930,129.4894593734246,154.89585912042486,284.38531849384947
intel-worker1,2025-12-20T07:13:39,30,21,22.04197,1.001582,940930,136.2533448722084,126.85137639772041,263.1047212699288
intel-worker1,2025-12-20T07:13:40,30,22,23.043601,1.00163,940930,144.86647927430778,146.96717449776847,291.8336537720762
intel-worker1,2025-12-20T07:13:41,30,23,24.045295,1.001694,940930,141.99280829385,156.86241870904547,298.8552270028955
intel-worker1,2025-12-20T07:13:42,30,24,25.046724,1.001429,940930,130.14951883034178,149.74147001695545,279.8909888472972
intel-worker1,2025-12-20T07:13:43,30,25,26.048144,1.001421,940930,140.4693201360391,143.55903846101828,284.0283585970574
intel-worker1,2025-12-20T07:13:44,30,26,27.049849,1.001704,940930,131.3600261412407,143.67531023699806,275.03533637823875
intel-worker1,2025-12-20T07:13:45,30,27,28.05186,1.002011,940930,132.43111641034182,129.61647250119685,262.0475889115387
intel-worker1,2025-12-20T07:13:46,30,28,29.052443,1.000583,940930,129.92938979326277,141.31652456668257,271.24591435994535
intel-worker1,2025-12-20T07:13:47,30,29,30.054512,1.002069,940930,127.84874044947112,130.44065954219954,258.2893999916707
intel-worker1,2025-12-20T07:13:48,30,30,31.056448,1.001936,940930,132.35658309996325,145.22372983321245,277.5803129331757
intel-worker1,2025-12-20T07:13:49,30,31,32.058515,1.002067,940930,143.21862819151482,142.30627133193988,285.5248995234547
intel-worker1,2025-12-20T07:13:50,30,32,33.060565,1.002049,940930,131.47307402041068,143.57360962483617,275.04668364524684
intel-worker1,2025-12-20T07:13:51,30,33,34.062558,1.001993,940930,127.15300494426656,143.17528484727475,270.3282897915413
intel-worker1,2025-12-20T07:13:52,30,34,35.063985,1.001427,940930,129.10523919022145,137.15330412310965,266.2585433133311
intel-worker1,2025-12-20T07:13:53,30,35,36.065427,1.001442,940930,118.70014935857819,154.951791458396,273.65194081697416
intel-worker1,2025-12-20T07:13:54,30,36,37.06687,1.001443,940930,121.77688504113962,151.18195820007023,272.9588432412098
intel-worker1,2025-12-20T07:13:55,30,37,38.068874,1.002004,940930,115.10867035245354,139.6569440138501,254.76561436630365
intel-worker1,2025-12-20T07:13:56,30,38,39.070291,1.001417,940930,129.023274133964,134.91603255717868,263.9393066911427
intel-worker1,2025-12-20T07:13:57,30,39,40.071705,1.001414,940930,131.90771195191127,134.13270920146257,266.0404211533738
intel-worker1,2025-12-20T07:13:58,30,40,41.073117,1.001413,940930,128.7986821072394,144.63265855580352,273.4313406630429
intel-worker1,2025-12-20T07:13:59,30,41,42.074642,1.001524,940930,127.49507134314916,132.11405593949578,259.609127282645
intel-worker1,2025-12-20T07:14:00,30,42,43.076075,1.001433,940930,125.7499724102379,142.62077431140622,268.37074672164414
intel-worker1,2025-12-20T07:14:01,30,43,44.077528,1.001453,940930,137.189482270402,152.82273436167142,290.01221663207343
intel-worker1,2025-12-20T07:14:02,30,44,45.079538,1.002011,940930,140.9898480845411,139.94867045948772,280.93851854402885
intel-worker1,2025-12-20T07:14:03,30,45,46.080963,1.001425,940930,139.4195572484641,143.72450757436846,283.14406482283255
intel-worker1,2025-12-20T07:14:04,30,46,47.082378,1.001415,940930,130.09557891696613,143.54154788481225,273.6371268017784
intel-worker1,2025-12-20T07:14:05,30,47,48.083801,1.001423,940930,142.8153106039574,149.66876031918116,292.4840709231386
intel-worker1,2025-12-20T07:14:06,30,48,49.08582,1.002019,940930,134.3594039326397,137.84777333245074,272.2071772650904
intel-worker1,2025-12-20T07:14:07,30,49,50.087373,1.001553,940930,137.2249782810001,143.6678376787449,280.892815959745
intel-worker1,2025-12-20T07:14:08,30,50,51.088789,1.001416,940930,140.45563880551262,142.80454139477106,283.2601802002837
intel-worker1,2025-12-20T07:14:09,30,51,52.090216,1.001427,940930,140.21396518772806,145.07085487885783,285.2848200665859
intel-worker1,2025-12-20T07:14:10,30,52,53.091671,1.001455,940930,142.39388313349255,146.94346418102054,289.33734731451307
intel-worker1,2025-12-20T07:14:11,30,53,54.093675,1.002004,940930,147.0916697337556,152.16023458686038,299.25190432061595
intel-worker1,2025-12-20T07:14:13,30,54,55.095099,1.001425,940930,139.0910517017979,148.104433679397,287.1954853811949
intel-worker1,2025-12-20T07:14:14,30,55,56.096508,1.001408,940930,135.95140680665014,154.67334843823903,290.6247552448892
intel-worker1,2025-12-20T07:14:15,30,56,57.097948,1.00144,940930,141.32084816446653,127.60674513409377,268.9275932985603
intel-worker1,2025-12-20T07:14:16,30,57,58.09936,1.001413,940930,134.47034314824265,133.89254735995397,268.36289050819664
intel-worker1,2025-12-20T07:14:17,30,58,59.10079,1.00143,940930,144.73620123454037,132.20885480035236,276.94505603489273
intel-worker1,2025-12-20T07:14:18,30,59,60.102886,1.002097,940930,137.1929589731003,137.99602123022208,275.1889802033224
intel-worker1,2025-12-20T07:06:07,49,0,1.00441,1.00441,940930,111.6812076958774,152.13715083535158,263.81835853122897
intel-worker1,2025-12-20T07:06:08,49,1,2.00605,1.00164,940930,114.62402926096959,146.77824373170318,261.4022729926728
intel-worker1,2025-12-20T07:06:09,49,2,3.00778,1.001729,940930,111.32695133209158,125.55499309928744,236.88194443137903
intel-worker1,2025-12-20T07:06:10,49,3,4.009224,1.001444,940930,114.83884469151563,135.96288140556265,250.8017260970783
intel-worker1,2025-12-20T07:06:11,49,4,5.010823,1.0016,940930,113.1406957721102,140.30299031715637,253.44368608926658
intel-worker1,2025-12-20T07:06:12,49,5,6.012246,1.001423,940930,127.91196835240385,138.77020735870056,266.6821757111044
intel-worker1,2025-12-20T07:06:13,49,6,7.013305,1.001059,940930,121.71184945404245,140.17894858011252,261.89079803415495
intel-worker1,2025-12-20T07:06:14,49,7,8.014912,1.001607,940930,134.24992424717084,141.10844972944358,275.3583739766144
intel-worker1,2025-12-20T07:06:15,49,8,9.016367,1.001455,940930,121.61085086520113,148.92041608579743,270.53126695099854
intel-worker1,2025-12-20T07:06:16,49,9,10.017805,1.001438,940930,114.36422067339217,137.58066123185063,251.9448819052428
intel-worker1,2025-12-20T07:06:17,49,10,11.019793,1.001988,940930,110.1349976230101,129.28352404875884,239.41852167176893
intel-worker1,2025-12-20T07:06:18,49,11,12.021241,1.001448,940930,117.26039779025169,122.13875833381623,239.39915612406793
intel-worker1,2025-12-20T07:06:19,49,12,13.023403,1.002162,940930,130.31844303416824,127.25829547019703,257.57673850436527
intel-worker1,2025-12-20T07:06:20,49,13,14.024824,1.001421,940930,118.1253300541228,131.39806499761752,249.52339505174032
intel-worker1,2025-12-20T07:06:21,49,14,15.026256,1.001432,940930,109.48771394544116,128.4928606778833,237.98057462332446
intel-worker1,2025-12-20T07:06:22,49,15,16.028261,1.002005,940930,115.37279499392201,136.83618398183268,252.2089789757547
intel-worker1,2025-12-20T07:06:23,49,16,17.030273,1.002012,940930,105.29544305347626,125.87434600462792,231.1697890581042
intel-worker1,2025-12-20T07:06:24,49,17,18.032296,1.002023,940930,115.72403041074678,121.003010131674,236.72704054242078
intel-worker1,2025-12-20T07:06:25,49,18,19.033741,1.001445,940930,117.11936300140083,120.96340905988528,238.0827720612861
intel-worker1,2025-12-20T07:06:26,49,19,20.035387,1.001646,940930,118.02701045914736,144.4724199028537,262.499430362001
intel-worker1,2025-12-20T07:06:27,49,20,21.037383,1.001997,940930,120.15792663499226,134.4497298044114,254.60765643940366
intel-worker1,2025-12-20T07:06:28,49,21,22.039374,1.001991,940930,107.59232806466198,117.3755583249465,224.96788638960848
intel-worker1,2025-12-20T07:06:29,49,22,23.040847,1.001473,940930,119.1054150779856,132.949736385912,252.05515146389757
intel-worker1,2025-12-20T07:06:30,49,23,24.042887,1.00204,940930,123.66718064488578,130.29762272482805,253.96480336971382
intel-worker1,2025-12-20T07:06:31,49,24,25.044881,1.001994,940930,115.79092310634938,124.45459465862415,240.24551776497353
intel-worker1,2025-12-20T07:06:32,49,25,26.046464,1.001584,940930,128.08254852421527,133.29894596137154,261.3814944855868
intel-worker1,2025-12-20T07:06:33,49,26,27.047879,1.001415,940930,124.40399922645146,129.8906079050035,254.29460713145494
intel-worker1,2025-12-20T07:06:34,49,27,28.04931,1.001431,940930,141.05508119733915,150.25478034201214,291.3098615393513
intel-worker1,2025-12-20T07:06:35,49,28,29.050993,1.001683,940930,139.10382188480781,143.5057055783491,282.60952746315695
intel-worker1,2025-12-20T07:06:36,49,29,30.053034,1.002041,940930,134.62961519823853,126.71719813070034,261.3468133289389
intel-worker1,2025-12-20T07:06:37,49,30,31.054477,1.001443,940930,112.02517712784508,125.93957060347013,237.9647477313152
intel-worker1,2025-12-20T07:06:38,49,31,32.056552,1.002074,940930,121.03836119139929,116.74472622781992,237.7830874192192
intel-worker1,2025-12-20T07:06:39,49,32,33.058652,1.0021,940930,139.92737942299814,133.95738976996907,273.8847691929672
intel-worker1,2025-12-20T07:06:40,49,33,34.060323,1.001671,940930,131.74496118084227,122.95449671346839,254.69945789431065
intel-worker1,2025-12-20T07:06:41,49,34,35.061938,1.001615,940930,128.4832338473959,133.01076159578244,261.49399544317833
intel-worker1,2025-12-20T07:06:42,49,35,36.06366,1.001721,940930,110.52765766399811,125.39015662371655,235.91781428771466
intel-worker1,2025-12-20T07:06:43,49,36,37.065715,1.002055,940930,116.39214856314699,130.6891458296976,247.0812943928446
intel-worker1,2025-12-20T07:06:44,49,37,38.067754,1.002039,940930,112.05011677700307,117.59519261308405,229.6453093900871
intel-worker1,2025-12-20T07:06:45,49,38,39.069328,1.001574,940930,127.49317710519614,135.77870034010672,263.27187744530283
intel-worker1,2025-12-20T07:06:46,49,39,40.070786,1.001458,940930,126.7261419912104,126.79062296711281,253.51676495832322
intel-worker1,2025-12-20T07:06:47,49,40,41.072799,1.002014,940930,135.50504774570172,130.60014167324155,266.10518941894327
intel-worker1,2025-12-20T07:06:48,49,41,42.074263,1.001464,940930,120.76662693335847,108.08240823522847,228.84903516858694
intel-worker1,2025-12-20T07:06:49,49,42,43.076203,1.001939,940930,115.61898947266705,123.76381823294764,239.3828077056147
intel-worker1,2025-12-20T07:06:50,49,43,44.078223,1.00202,940930,111.14801210853778,127.6765953174873,238.82460742602507
intel-worker1,2025-12-20T07:06:51,49,44,45.080217,1.001995,940930,118.14910563217383,135.2921150170915,253.44122064926535
intel-worker1,2025-12-20T07:06:52,49,45,46.08167,1.001453,940930,127.3052789030985,107.26986958334196,234.57514848644047
intel-worker1,2025-12-20T07:06:53,49,46,47.0837,1.002029,940930,117.92523429539051,133.70840962036883,251.63364391575934
intel-worker1,2025-12-20T07:06:54,49,47,48.085746,1.002047,940930,129.94514819808856,139.72186731059216,269.6670155086807
intel-worker1,2025-12-20T07:06:55,49,48,49.087802,1.002056,940930,119.62798732730484,123.58639225205678,243.2143795793616
intel-worker1,2025-12-20T07:06:56,49,49,50.089261,1.001459,940930,114.71567756576079,142.94201136884627,257.65768893460705
intel-worker1,2025-12-20T07:06:57,49,50,51.091247,1.001987,940930,116.2031899447185,136.10988322682812,252.31307317154662
intel-worker1,2025-12-20T07:06:58,49,51,52.093312,1.002064,940930,115.08560063556685,125.64202724671713,240.72762788228397
intel-worker1,2025-12-20T07:06:59,49,52,53.094746,1.001435,940930,122.71018531326153,133.49619808127235,256.2063833945339
intel-worker1,2025-12-20T07:07:00,49,53,54.096362,1.001616,940930,137.50954841449322,146.91369929604994,284.42324771054314
intel-worker1,2025-12-20T07:07:01,49,54,55.097793,1.001431,940930,127.1826977233807,138.16926545396993,265.3519631773506
intel-worker1,2025-12-20T07:07:02,49,55,56.099354,1.00156,940930,120.39379355298131,144.7838321270391,265.1776256800204
intel-worker1,2025-12-20T07:07:03,49,56,57.101398,1.002044,940930,113.83061335804275,130.48713508139136,244.31774843943413
intel-worker1,2025-12-20T07:07:04,49,57,58.102936,1.001538,940930,126.94426186914686,144.2716926178156,271.21595448696246
intel-worker1,2025-12-20T07:07:05,49,58,59.104925,1.001989,940930,121.704350670187,142.80142589506426,264.50577656525127
intel-worker1,2025-12-20T07:07:06,49,59,60.10673,1.001804,940930,117.43039126137303,137.39620690584385,254.8265981672169
intel-worker1,2025-12-20T06:56:30,57,0,1.004436,1.004436,940930,160.76835001373965,170.997360956686,331.76571097042563
intel-worker1,2025-12-20T06:56:31,57,1,2.007329,1.002893,940930,146.7043526025656,173.845783287599,320.5501358901646
intel-worker1,2025-12-20T06:56:32,57,2,3.009125,1.001796,940930,123.85335249258264,175.79179667513995,299.6451491677226
intel-worker1,2025-12-20T06:56:33,57,3,4.011002,1.001877,940930,144.55230374730044,173.33402731470173,317.88633106200217
intel-worker1,2025-12-20T06:56:34,57,4,5.013041,1.002039,940930,148.5453126896948,150.9763239654254,299.52163665512023
intel-worker1,2025-12-20T06:56:35,57,5,6.014694,1.001653,940930,148.14067597947556,163.04897821171812,311.18965419119365
intel-worker1,2025-12-20T06:56:36,57,6,7.016004,1.00131,940930,151.51650070329936,179.5758598536968,331.09236055699614
intel-worker1,2025-12-20T06:56:37,57,7,8.017544,1.00154,940930,159.09456103037283,159.30145642272322,318.3960174530961
intel-worker1,2025-12-20T06:56:38,57,8,9.018493,1.000948,940930,143.3024417930039,181.61994435823797,324.9223861512419
intel-worker1,2025-12-20T06:56:39,57,9,10.020068,1.001575,940930,148.8398068400535,171.69242267853613,320.53222951858965
intel-worker1,2025-12-20T06:56:40,57,10,11.021563,1.001495,940930,140.4097995682457,179.44710730234488,319.8569068705906
intel-worker1,2025-12-20T06:56:41,57,11,12.022506,1.000944,940930,140.5931028091148,156.30046938401082,296.89357219312564
intel-worker1,2025-12-20T06:56:42,57,12,13.024617,1.00211,940930,135.41823364156116,160.8059992907842,296.22423293234533
intel-worker1,2025-12-20T06:56:43,57,13,14.026378,1.001762,940930,141.60698253589493,158.34338643355048,299.95036896944544
intel-worker1,2025-12-20T06:56:44,57,14,15.028561,1.002183,940930,141.55370160834113,170.37054943797096,311.92425104631207
intel-worker1,2025-12-20T06:56:45,57,15,16.030086,1.001524,940930,148.53057680062122,148.83278909357634,297.36336589419756
intel-worker1,2025-12-20T06:56:46,57,16,17.031996,1.00191,940930,132.86895943074438,151.98504370198907,284.85400313273345
intel-worker1,2025-12-20T06:56:47,57,17,18.034161,1.002165,940930,135.8390622964172,167.449428815493,303.2884911119102
intel-worker1,2025-12-20T06:56:48,57,18,19.035984,1.001822,940930,133.53625995616892,168.0898360444251,301.62609600059403
intel-worker1,2025-12-20T06:56:49,57,19,20.038106,1.002122,940930,140.51023027962327,177.11647383569823,317.6267041153215
intel-worker1,2025-12-20T06:56:50,57,20,21.039659,1.001553,940930,132.02907862260574,154.98463382659048,287.0137124491962
intel-worker1,2025-12-20T06:56:51,57,21,22.04181,1.002151,940930,135.7947774989356,160.00144819225167,295.79622569118726
intel-worker1,2025-12-20T06:56:52,57,22,23.0437,1.00189,940930,143.702529256049,158.07584050160023,301.7783697576492
intel-worker1,2025-12-20T06:56:53,57,23,24.045799,1.0021,940930,143.9202996882843,165.88004841700152,309.8003481052858
intel-worker1,2025-12-20T06:56:54,57,24,25.047356,1.001556,940930,139.93824796671325,174.01269773686587,313.9509457035791
intel-worker1,2025-12-20T06:56:55,57,25,26.049511,1.002155,940930,139.5491843621346,162.47189441968644,302.0210787818211
intel-worker1,2025-12-20T06:56:56,57,26,27.05161,1.002099,940930,137.19211294629,165.16359509662396,302.355708042914
intel-worker1,2025-12-20T06:56:57,57,27,28.053105,1.001495,940930,139.203687377908,159.24489930282402,298.44858668073203
intel-worker1,2025-12-20T06:56:58,57,28,29.054745,1.00164,940930,131.07143916980718,157.5252986867061,288.5967378565133
intel-worker1,2025-12-20T06:56:59,57,29,30.056838,1.002093,940930,140.4055284589983,167.19600393883064,307.6015323978289
intel-worker1,2025-12-20T06:57:00,57,30,31.058356,1.001518,940930,137.5214179619894,160.15868833444563,297.68010629643504
intel-worker1,2025-12-20T06:57:01,57,31,32.060464,1.002108,940930,133.86948795776115,167.9867646948018,301.85625265256294
intel-worker1,2025-12-20T06:57:02,57,32,33.062192,1.001728,940930,158.06358666177513,171.17998888699148,329.2435755487666
intel-worker1,2025-12-20T06:57:03,57,33,34.063983,1.001791,940930,151.13075672697596,160.27786207710426,311.4086188040802
intel-worker1,2025-12-20T06:57:04,57,34,35.06546,1.001477,940930,130.0551631136636,166.61434437331175,296.66950748697536
intel-worker1,2025-12-20T06:57:05,57,35,36.066952,1.001492,940930,135.34602129092505,164.13398111568569,299.48000240661077
intel-worker1,2025-12-20T06:57:06,57,36,37.068453,1.0015,940930,134.45606340915063,159.43725642359502,293.89331983274565
intel-worker1,2025-12-20T06:57:07,57,37,38.070054,1.001601,940930,135.53995146092302,176.1278916266029,311.6678430875259
intel-worker1,2025-12-20T06:57:08,57,38,39.071626,1.001573,940930,133.904462718473,153.61163634234083,287.5160990608139
intel-worker1,2025-12-20T06:57:09,57,39,40.073698,1.002072,940930,132.88446800677897,181.71561746811187,314.6000854748909
intel-worker1,2025-12-20T06:57:10,57,40,41.075343,1.001645,940930,137.19911435649783,167.99779481083613,305.19690916733396
intel-worker1,2025-12-20T06:57:11,57,41,42.077096,1.001753,940930,155.01432361679872,182.9393022232834,337.9536258400821
intel-worker1,2025-12-20T06:57:12,57,42,43.078497,1.001401,940930,128.9606955734334,181.52444704567114,310.4851426191045
intel-worker1,2025-12-20T06:57:13,57,43,44.080379,1.001882,940930,137.77443485443828,168.63400714342902,306.40844199786727
intel-worker1,2025-12-20T06:57:14,57,44,45.082501,1.002122,940930,147.3255489321323,158.17395624867305,305.4995051808054
intel-worker1,2025-12-20T06:57:15,57,45,46.084627,1.002126,940930,145.76075202736948,150.8268723567663,296.5876243841358
intel-worker1,2025-12-20T06:57:16,57,46,47.086692,1.002065,940930,138.58240415054703,159.6826952148973,298.26509936544437
intel-worker1,2025-12-20T06:57:17,57,47,48.088781,1.002088,940930,137.701280268764,160.81768109625574,298.5189613650198
intel-worker1,2025-12-20T06:57:18,57,48,49.090489,1.001708,940930,131.38109505615466,165.47450845937087,296.85560351552556
intel-worker1,2025-12-20T06:57:19,57,49,50.092152,1.001663,940930,124.65432420985886,134.36129618202068,259.01562039187957
intel-worker1,2025-12-20T06:57:20,57,50,51.093687,1.001535,940930,132.38169763201606,150.04106537274953,282.42276300476556
intel-worker1,2025-12-20T06:57:21,57,51,52.095227,1.00154,940930,138.18330228585086,167.2603922165625,305.44369450241334
intel-worker1,2025-12-20T06:57:22,57,52,53.097327,1.0021,940930,126.86920607673697,154.46012697364407,281.329333050381
intel-worker1,2025-12-20T06:57:23,57,53,54.099409,1.002082,940930,139.05247183954262,171.73636597954385,310.78883781908644
intel-worker1,2025-12-20T06:57:24,57,54,55.100904,1.001495,940930,144.63214912636727,158.98291680781645,303.6150659341837
intel-worker1,2025-12-20T06:57:25,57,55,56.102487,1.001583,940930,151.5372404907697,161.26473490054428,312.801975391314
intel-worker1,2025-12-20T06:57:26,57,56,57.104073,1.001586,940930,158.0117972028742,177.50084904554438,335.5126462484186
intel-worker1,2025-12-20T06:57:27,57,57,58.105848,1.001775,940930,144.06364289445492,151.8262701759524,295.8899130704073
intel-worker1,2025-12-20T06:57:28,57,58,59.107674,1.001826,940930,139.60665156745074,160.48290652597942,300.0895580934301
intel-worker1,2025-12-20T06:57:29,57,59,60.109318,1.001644,940930,146.65468297298676,156.56883776883558,303.2235207418223
