day_of_week_t00,hour_t00,hour_invocation_t00,hour_of_day_t00,day_of_week_t01,hour_t01,hour_invocation_t01,hour_of_day_t01,day_of_week_t02,hour_t02,hour_invocation_t02,hour_of_day_t02,day_of_week_t03,hour_t03,hour_invocation_t03,hour_of_day_t03,day_of_week_t04,hour_t04,hour_invocation_t04,hour_of_day_t04,day_of_week_t05,hour_t05,hour_invocation_t05,hour_of_day_t05,day_of_week_t06,hour_t06,hour_invocation_t06,hour_of_day_t06,day_of_week_t07,hour_t07,hour_invocation_t07,hour_of_day_t07,day_of_week_t08,hour_t08,hour_invocation_t08,hour_of_day_t08,day_of_week_t09,hour_t09,hour_invocation_t09,hour_of_day_t09,day_of_week_t10,hour_t10,hour_invocation_t10,hour_of_day_t10,day_of_week_t11,hour_t11,hour_invocation_t11,hour_of_day_t11,day_of_week_t12,hour_t12,hour_invocation_t12,hour_of_day_t12,day_of_week_t13,hour_t13,hour_invocation_t13,hour_of_day_t13,day_of_week_t14,hour_t14,hour_invocation_t14,hour_of_day_t14,day_of_week_t15,hour_t15,hour_invocation_t15,hour_of_day_t15,day_of_week_t16,hour_t16,hour_invocation_t16,hour_of_day_t16,day_of_week_t17,hour_t17,hour_invocation_t17,hour_of_day_t17,day_of_week_t18,hour_t18,hour_invocation_t18,hour_of_day_t18,day_of_week_t19,hour_t19,hour_invocation_t19,hour_of_day_t19,day_of_week_t20,hour_t20,hour_invocation_t20,hour_of_day_t20,day_of_week_t21,hour_t21,hour_invocation_t21,hour_of_day_t21,day_of_week_t22,hour_t22,hour_invocation_t22,hour_of_day_t22,day_of_week_t23,hour_t23,hour_invocation_t23,hour_of_day_t23,day_of_week_t24,hour_t24,hour_invocation_t24,hour_of_day_t24,day_of_week_t25,hour_t25,hour_invocation_t25,hour_of_day_t25,day_of_week_t26,hour_t26,hour_invocation_t26,hour_of_day_t26,day_of_week_t27,hour_t27,hour_invocation_t27,hour_of_day_t27
0.0,0.0,212.51666666666668,0.0,0.0,1.0,148.78333333333333,1.0,0.0,2.0,136.26666666666668,2.0,0.0,3.0,90.06666666666666,3.0,0.0,4.0,70.23333333333333,4.0,0.0,5.0,56.46666666666667,5.0,0.0,6.0,67.96666666666667,6.0,0.0,7.0,94.35,7.0,0.0,8.0,138.21666666666667,8.0,0.0,9.0,162.93333333333334,9.0,0.0,10.0,251.01666666666668,10.0,0.0,11.0,259.73333333333335,11.0,0.0,12.0,268.15,12.0,0.0,13.0,206.75,13.0,0.0,14.0,224.86666666666667,14.0,0.0,15.0,234.78333333333333,15.0,0.0,16.0,276.81666666666666,16.0,0.0,17.0,237.05,17.0,0.0,18.0,263.1166666666667,18.0,0.0,19.0,232.7,19.0,0.0,20.0,242.48333333333332,20.0,0.0,21.0,240.65,21.0,0.0,22.0,196.4,22.0,0.0,23.0,168.4,23.0,0.0,23.25,192.53333333333333,23.0,0.0,23.5,229.66666666666666,23.0,0.0,23.75,173.2,23.0,1.0,24.0,155.28333333333333,0.0
0.0,1.0,148.78333333333333,1.0,0.0,2.0,136.26666666666668,2.0,0.0,3.0,90.06666666666666,3.0,0.0,4.0,70.23333333333333,4.0,0.0,5.0,56.46666666666667,5.0,0.0,6.0,67.96666666666667,6.0,0.0,7.0,94.35,7.0,0.0,8.0,138.21666666666667,8.0,0.0,9.0,162.93333333333334,9.0,0.0,10.0,251.01666666666668,10.0,0.0,11.0,259.73333333333335,11.0,0.0,12.0,268.15,12.0,0.0,13.0,206.75,13.0,0.0,14.0,224.86666666666667,14.0,0.0,15.0,234.78333333333333,15.0,0.0,16.0,276.81666666666666,16.0,0.0,17.0,237.05,17.0,0.0,18.0,263.1166666666667,18.0,0.0,19.0,232.7,19.0,0.0,20.0,242.48333333333332,20.0,0.0,21.0,240.65,21.0,0.0,22.0,196.4,22.0,0.0,23.0,190.95,23.0,1.0,24.0,161.6,0.0,1.0,24.25,189.93333333333334,0.0,1.0,24.5,132.53333333333333,0.0,1.0,24.75,137.06666666666666,0.0,1.0,25.0,143.21666666666667,1.0
0.0,2.0,136.26666666666668,2.0,0.0,3.0,90.06666666666666,3.0,0.0,4.0,70.23333333333333,4.0,0.0,5.0,56.46666666666667,5.0,0.0,6.0,67.96666666666667,6.0,0.0,7.0,94.35,7.0,0.0,8.0,138.21666666666667,8.0,0.0,9.0,162.93333333333334,9.0,0.0,10.0,251.01666666666668,10.0,0.0,11.0,259.73333333333335,11.0,0.0,12.0,268.15,12.0,0.0,13.0,206.75,13.0,0.0,14.0,224.86666666666667,14.0,0.0,15.0,234.78333333333333,15.0,0.0,16.0,276.81666666666666,16.0,0.0,17.0,237.05,17.0,0.0,18.0,263.1166666666667,18.0,0.0,19.0,232.7,19.0,0.0,20.0,242.48333333333332,20.0,0.0,21.0,240.65,21.0,0.0,22.0,196.4,22.0,0.0,23.0,190.95,23.0,1.0,24.0,155.28333333333333,0.0,1.0,25.0,125.66666666666667,1.0,1.0,25.25,152.06666666666666,1.0,1.0,25.5,156.73333333333332,1.0,1.0,25.75,138.4,1.0,1.0,26.0,103.98333333333333,2.0
0.0,3.0,90.06666666666666,3.0,0.0,4.0,70.23333333333333,4.0,0.0,5.0,56.46666666666667,5.0,0.0,6.0,67.96666666666667,6.0,0.0,7.0,94.35,7.0,0.0,8.0,138.21666666666667,8.0,0.0,9.0,162.93333333333334,9.0,0.0,10.0,251.01666666666668,10.0,0.0,11.0,259.73333333333335,11.0,0.0,12.0,268.15,12.0,0.0,13.0,206.75,13.0,0.0,14.0,224.86666666666667,14.0,0.0,15.0,234.78333333333333,15.0,0.0,16.0,276.81666666666666,16.0,0.0,17.0,237.05,17.0,0.0,18.0,263.1166666666667,18.0,0.0,19.0,232.7,19.0,0.0,20.0,242.48333333333332,20.0,0.0,21.0,240.65,21.0,0.0,22.0,196.4,22.0,0.0,23.0,190.95,23.0,1.0,24.0,155.28333333333333,0.0,1.0,25.0,143.21666666666667,1.0,1.0,26.0,98.0,2.0,1.0,26.25,112.66666666666667,2.0,1.0,26.5,115.33333333333333,2.0,1.0,26.75,89.93333333333334,2.0,1.0,27.0,94.21666666666667,3.0
0.0,4.0,70.23333333333333,4.0,0.0,5.0,56.46666666666667,5.0,0.0,6.0,67.96666666666667,6.0,0.0,7.0,94.35,7.0,0.0,8.0,138.21666666666667,8.0,0.0,9.0,162.93333333333334,9.0,0.0,10.0,251.01666666666668,10.0,0.0,11.0,259.73333333333335,11.0,0.0,12.0,268.15,12.0,0.0,13.0,206.75,13.0,0.0,14.0,224.86666666666667,14.0,0.0,15.0,234.78333333333333,15.0,0.0,16.0,276.81666666666666,16.0,0.0,17.0,237.05,17.0,0.0,18.0,263.1166666666667,18.0,0.0,19.0,232.7,19.0,0.0,20.0,242.48333333333332,20.0,0.0,21.0,240.65,21.0,0.0,22.0,196.4,22.0,0.0,23.0,190.95,23.0,1.0,24.0,155.28333333333333,0.0,1.0,25.0,143.21666666666667,1.0,1.0,26.0,103.98333333333333,2.0,1.0,27.0,102.8,3.0,1.0,27.25,92.6,3.0,1.0,27.5,94.06666666666666,3.0,1.0,27.75,87.4,3.0,1.0,28.0,72.15,4.0
0.0,5.0,56.46666666666667,5.0,0.0,6.0,67.96666666666667,6.0,0.0,7.0,94.35,7.0,0.0,8.0,138.21666666666667,8.0,0.0,9.0,162.93333333333334,9.0,0.0,10.0,251.01666666666668,10.0,0.0,11.0,259.73333333333335,11.0,0.0,12.0,268.15,12.0,0.0,13.0,206.75,13.0,0.0,14.0,224.86666666666667,14.0,0.0,15.0,234.78333333333333,15.0,0.0,16.0,276.81666666666666,16.0,0.0,17.0,237.05,17.0,0.0,18.0,263.1166666666667,18.0,0.0,19.0,232.7,19.0,0.0,20.0,242.48333333333332,20.0,0.0,21.0,240.65,21.0,0.0,22.0,196.4,22.0,0.0,23.0,190.95,23.0,1.0,24.0,155.28333333333333,0.0,1.0,25.0,143.21666666666667,1.0,1.0,26.0,103.98333333333333,2.0,1.0,27.0,94.21666666666667,3.0,1.0,28.0,65.46666666666667,4.0,1.0,28.25,78.06666666666666,4.0,1.0,28.5,66.26666666666667,4.0,1.0,28.75,78.8,4.0,1.0,29.0,88.73333333333333,5.0
0.0,6.0,67.96666666666667,6.0,0.0,7.0,94.35,7.0,0.0,8.0,138.21666666666667,8.0,0.0,9.0,162.93333333333334,9.0,0.0,10.0,251.01666666666668,10.0,0.0,11.0,259.73333333333335,11.0,0.0,12.0,268.15,12.0,0.0,13.0,206.75,13.0,0.0,14.0,224.86666666666667,14.0,0.0,15.0,234.78333333333333,15.0,0.0,16.0,276.81666666666666,16.0,0.0,17.0,237.05,17.0,0.0,18.0,263.1166666666667,18.0,0.0,19.0,232.7,19.0,0.0,20.0,242.48333333333332,20.0,0.0,21.0,240.65,21.0,0.0,22.0,196.4,22.0,0.0,23.0,190.95,23.0,1.0,24.0,155.28333333333333,0.0,1.0,25.0,143.21666666666667,1.0,1.0,26.0,103.98333333333333,2.0,1.0,27.0,94.21666666666667,3.0,1.0,28.0,72.15,4.0,1.0,29.0,89.6,5.0,1.0,29.25,87.4,5.0,1.0,29.5,78.0,5.0,1.0,29.75,99.93333333333334,5.0,1.0,30.0,103.88333333333334,6.0
0.0,7.0,94.35,7.0,0.0,8.0,138.21666666666667,8.0,0.0,9.0,162.93333333333334,9.0,0.0,10.0,251.01666666666668,10.0,0.0,11.0,259.73333333333335,11.0,0.0,12.0,268.15,12.0,0.0,13.0,206.75,13.0,0.0,14.0,224.86666666666667,14.0,0.0,15.0,234.78333333333333,15.0,0.0,16.0,276.81666666666666,16.0,0.0,17.0,237.05,17.0,0.0,18.0,263.1166666666667,18.0,0.0,19.0,232.7,19.0,0.0,20.0,242.48333333333332,20.0,0.0,21.0,240.65,21.0,0.0,22.0,196.4,22.0,0.0,23.0,190.95,23.0,1.0,24.0,155.28333333333333,0.0,1.0,25.0,143.21666666666667,1.0,1.0,26.0,103.98333333333333,2.0,1.0,27.0,94.21666666666667,3.0,1.0,28.0,72.15,4.0,1.0,29.0,88.73333333333333,5.0,1.0,30.0,97.73333333333333,6.0,1.0,30.25,94.26666666666667,6.0,1.0,30.5,106.33333333333333,6.0,1.0,30.75,117.2,6.0,1.0,31.0,130.61666666666667,7.0
0.0,8.0,138.21666666666667,8.0,0.0,9.0,162.93333333333334,9.0,0.0,10.0,251.01666666666668,10.0,0.0,11.0,259.73333333333335,11.0,0.0,12.0,268.15,12.0,0.0,13.0,206.75,13.0,0.0,14.0,224.86666666666667,14.0,0.0,15.0,234.78333333333333,15.0,0.0,16.0,276.81666666666666,16.0,0.0,17.0,237.05,17.0,0.0,18.0,263.1166666666667,18.0,0.0,19.0,232.7,19.0,0.0,20.0,242.48333333333332,20.0,0.0,21.0,240.65,21.0,0.0,22.0,196.4,22.0,0.0,23.0,190.95,23.0,1.0,24.0,155.28333333333333,0.0,1.0,25.0,143.21666666666667,1.0,1.0,26.0,103.98333333333333,2.0,1.0,27.0,94.21666666666667,3.0,1.0,28.0,72.15,4.0,1.0,29.0,88.73333333333333,5.0,1.0,30.0,103.88333333333334,6.0,1.0,31.0,106.4,7.0,1.0,31.25,114.53333333333333,7.0,1.0,31.5,162.26666666666668,7.0,1.0,31.75,139.26666666666668,7.0,1.0,32.0,137.91666666666666,8.0
0.0,9.0,162.93333333333334,9.0,0.0,10.0,251.01666666666668,10.0,0.0,11.0,259.73333333333335,11.0,0.0,12.0,268.15,12.0,0.0,13.0,206.75,13.0,0.0,14.0,224.86666666666667,14.0,0.0,15.0,234.78333333333333,15.0,0.0,16.0,276.81666666666666,16.0,0.0,17.0,237.05,17.0,0.0,18.0,263.1166666666667,18.0,0.0,19.0,232.7,19.0,0.0,20.0,242.48333333333332,20.0,0.0,21.0,240.65,21.0,0.0,22.0,196.4,22.0,0.0,23.0,190.95,23.0,1.0,24.0,155.28333333333333,0.0,1.0,25.0,143.21666666666667,1.0,1.0,26.0,103.98333333333333,2.0,1.0,27.0,94.21666666666667,3.0,1.0,28.0,72.15,4.0,1.0,29.0,88.73333333333333,5.0,1.0,30.0,103.88333333333334,6.0,1.0,31.0,130.61666666666667,7.0,1.0,32.0,171.33333333333334,8.0,1.0,32.25,148.53333333333333,8.0,1.0,32.5,115.73333333333333,8.0,1.0,32.75,116.06666666666666,8.0,1.0,33.0,169.31666666666666,9.0
0.0,10.0,251.01666666666668,10.0,0.0,11.0,259.73333333333335,11.0,0.0,12.0,268.15,12.0,0.0,13.0,206.75,13.0,0.0,14.0,224.86666666666667,14.0,0.0,15.0,234.78333333333333,15.0,0.0,16.0,276.81666666666666,16.0,0.0,17.0,237.05,17.0,0.0,18.0,263.1166666666667,18.0,0.0,19.0,232.7,19.0,0.0,20.0,242.48333333333332,20.0,0.0,21.0,240.65,21.0,0.0,22.0,196.4,22.0,0.0,23.0,190.95,23.0,1.0,24.0,155.28333333333333,0.0,1.0,25.0,143.21666666666667,1.0,1.0,26.0,103.98333333333333,2.0,1.0,27.0,94.21666666666667,3.0,1.0,28.0,72.15,4.0,1.0,29.0,88.73333333333333,5.0,1.0,30.0,103.88333333333334,6.0,1.0,31.0,130.61666666666667,7.0,1.0,32.0,137.91666666666666,8.0,1.0,33.0,110.53333333333333,9.0,1.0,33.25,185.13333333333333,9.0,1.0,33.5,199.53333333333333,9.0,1.0,33.75,182.06666666666666,9.0,1.0,34.0,196.38333333333333,10.0
0.0,11.0,259.73333333333335,11.0,0.0,12.0,268.15,12.0,0.0,13.0,206.75,13.0,0.0,14.0,224.86666666666667,14.0,0.0,15.0,234.78333333333333,15.0,0.0,16.0,276.81666666666666,16.0,0.0,17.0,237.05,17.0,0.0,18.0,263.1166666666667,18.0,0.0,19.0,232.7,19.0,0.0,20.0,242.48333333333332,20.0,0.0,21.0,240.65,21.0,0.0,22.0,196.4,22.0,0.0,23.0,190.95,23.0,1.0,24.0,155.28333333333333,0.0,1.0,25.0,143.21666666666667,1.0,1.0,26.0,103.98333333333333,2.0,1.0,27.0,94.21666666666667,3.0,1.0,28.0,72.15,4.0,1.0,29.0,88.73333333333333,5.0,1.0,30.0,103.88333333333334,6.0,1.0,31.0,130.61666666666667,7.0,1.0,32.0,137.91666666666666,8.0,1.0,33.0,169.31666666666666,9.0,1.0,34.0,214.2,10.0,1.0,34.25,204.4,10.0,1.0,34.5,266.93333333333334,10.0,1.0,34.75,100.0,10.0,1.0,35.0,265.4,11.0
0.0,12.0,268.15,12.0,0.0,13.0,206.75,13.0,0.0,14.0,224.86666666666667,14.0,0.0,15.0,234.78333333333333,15.0,0.0,16.0,276.81666666666666,16.0,0.0,17.0,237.05,17.0,0.0,18.0,263.1166666666667,18.0,0.0,19.0,232.7,19.0,0.0,20.0,242.48333333333332,20.0,0.0,21.0,240.65,21.0,0.0,22.0,196.4,22.0,0.0,23.0,190.95,23.0,1.0,24.0,155.28333333333333,0.0,1.0,25.0,143.21666666666667,1.0,1.0,26.0,103.98333333333333,2.0,1.0,27.0,94.21666666666667,3.0,1.0,28.0,72.15,4.0,1.0,29.0,88.73333333333333,5.0,1.0,30.0,103.88333333333334,6.0,1.0,31.0,130.61666666666667,7.0,1.0,32.0,137.91666666666666,8.0,1.0,33.0,169.31666666666666,9.0,1.0,34.0,196.38333333333333,10.0,1.0,35.0,380.53333333333336,11.0,1.0,35.25,243.0,11.0,1.0,35.5,239.0,11.0,1.0,35.75,199.06666666666666,11.0,1.0,36.0,229.53333333333333,12.0
0.0,13.0,206.75,13.0,0.0,14.0,224.86666666666667,14.0,0.0,15.0,234.78333333333333,15.0,0.0,16.0,276.81666666666666,16.0,0.0,17.0,237.05,17.0,0.0,18.0,263.1166666666667,18.0,0.0,19.0,232.7,19.0,0.0,20.0,242.48333333333332,20.0,0.0,21.0,240.65,21.0,0.0,22.0,196.4,22.0,0.0,23.0,190.95,23.0,1.0,24.0,155.28333333333333,0.0,1.0,25.0,143.21666666666667,1.0,1.0,26.0,103.98333333333333,2.0,1.0,27.0,94.21666666666667,3.0,1.0,28.0,72.15,4.0,1.0,29.0,88.73333333333333,5.0,1.0,30.0,103.88333333333334,6.0,1.0,31.0,130.61666666666667,7.0,1.0,32.0,137.91666666666666,8.0,1.0,33.0,169.31666666666666,9.0,1.0,34.0,196.38333333333333,10.0,1.0,35.0,265.4,11.0,1.0,36.0,245.33333333333334,12.0,1.0,36.25,215.26666666666668,12.0,1.0,36.5,208.86666666666667,12.0,1.0,36.75,248.66666666666666,12.0,1.0,37.0,189.76666666666668,13.0
0.0,14.0,224.86666666666667,14.0,0.0,15.0,234.78333333333333,15.0,0.0,16.0,276.81666666666666,16.0,0.0,17.0,237.05,17.0,0.0,18.0,263.1166666666667,18.0,0.0,19.0,232.7,19.0,0.0,20.0,242.48333333333332,20.0,0.0,21.0,240.65,21.0,0.0,22.0,196.4,22.0,0.0,23.0,190.95,23.0,1.0,24.0,155.28333333333333,0.0,1.0,25.0,143.21666666666667,1.0,1.0,26.0,103.98333333333333,2.0,1.0,27.0,94.21666666666667,3.0,1.0,28.0,72.15,4.0,1.0,29.0,88.73333333333333,5.0,1.0,30.0,103.88333333333334,6.0,1.0,31.0,130.61666666666667,7.0,1.0,32.0,137.91666666666666,8.0,1.0,33.0,169.31666666666666,9.0,1.0,34.0,196.38333333333333,10.0,1.0,35.0,265.4,11.0,1.0,36.0,229.53333333333333,12.0,1.0,37.0,194.73333333333332,13.0,1.0,37.25,209.26666666666668,13.0,1.0,37.5,237.8,13.0,1.0,37.75,117.26666666666667,13.0,1.0,38.0,212.68333333333334,14.0
0.0,15.0,234.78333333333333,15.0,0.0,16.0,276.81666666666666,16.0,0.0,17.0,237.05,17.0,0.0,18.0,263.1166666666667,18.0,0.0,19.0,232.7,19.0,0.0,20.0,242.48333333333332,20.0,0.0,21.0,240.65,21.0,0.0,22.0,196.4,22.0,0.0,23.0,190.95,23.0,1.0,24.0,155.28333333333333,0.0,1.0,25.0,143.21666666666667,1.0,1.0,26.0,103.98333333333333,2.0,1.0,27.0,94.21666666666667,3.0,1.0,28.0,72.15,4.0,1.0,29.0,88.73333333333333,5.0,1.0,30.0,103.88333333333334,6.0,1.0,31.0,130.61666666666667,7.0,1.0,32.0,137.91666666666666,8.0,1.0,33.0,169.31666666666666,9.0,1.0,34.0,196.38333333333333,10.0,1.0,35.0,265.4,11.0,1.0,36.0,229.53333333333333,12.0,1.0,37.0,189.76666666666668,13.0,1.0,38.0,185.93333333333334,14.0,1.0,38.25,275.93333333333334,14.0,1.0,38.5,182.86666666666667,14.0,1.0,38.75,206.0,14.0,1.0,39.0,224.0,15.0
0.0,16.0,276.81666666666666,16.0,0.0,17.0,237.05,17.0,0.0,18.0,263.1166666666667,18.0,0.0,19.0,232.7,19.0,0.0,20.0,242.48333333333332,20.0,0.0,21.0,240.65,21.0,0.0,22.0,196.4,22.0,0.0,23.0,190.95,23.0,1.0,24.0,155.28333333333333,0.0,1.0,25.0,143.21666666666667,1.0,1.0,26.0,103.98333333333333,2.0,1.0,27.0,94.21666666666667,3.0,1.0,28.0,72.15,4.0,1.0,29.0,88.73333333333333,5.0,1.0,30.0,103.88333333333334,6.0,1.0,31.0,130.61666666666667,7.0,1.0,32.0,137.91666666666666,8.0,1.0,33.0,169.31666666666666,9.0,1.0,34.0,196.38333333333333,10.0,1.0,35.0,265.4,11.0,1.0,36.0,229.53333333333333,12.0,1.0,37.0,189.76666666666668,13.0,1.0,38.0,212.68333333333334,14.0,1.0,39.0,232.86666666666667,15.0,1.0,39.25,223.06666666666666,15.0,1.0,39.5,256.4,15.0,1.0,39.75,183.66666666666666,15.0,1.0,40.0,209.66666666666666,16.0
0.0,17.0,237.05,17.0,0.0,18.0,263.1166666666667,18.0,0.0,19.0,232.7,19.0,0.0,20.0,242.48333333333332,20.0,0.0,21.0,240.65,21.0,0.0,22.0,196.4,22.0,0.0,23.0,190.95,23.0,1.0,24.0,155.28333333333333,0.0,1.0,25.0,143.21666666666667,1.0,1.0,26.0,103.98333333333333,2.0,1.0,27.0,94.21666666666667,3.0,1.0,28.0,72.15,4.0,1.0,29.0,88.73333333333333,5.0,1.0,30.0,103.88333333333334,6.0,1.0,31.0,130.61666666666667,7.0,1.0,32.0,137.91666666666666,8.0,1.0,33.0,169.31666666666666,9.0,1.0,34.0,196.38333333333333,10.0,1.0,35.0,265.4,11.0,1.0,36.0,229.53333333333333,12.0,1.0,37.0,189.76666666666668,13.0,1.0,38.0,212.68333333333334,14.0,1.0,39.0,224.0,15.0,1.0,40.0,250.13333333333333,16.0,1.0,40.25,212.13333333333333,16.0,1.0,40.5,194.93333333333334,16.0,1.0,40.75,181.46666666666667,16.0,1.0,41.0,231.78333333333333,17.0
0.0,18.0,263.1166666666667,18.0,0.0,19.0,232.7,19.0,0.0,20.0,242.48333333333332,20.0,0.0,21.0,240.65,21.0,0.0,22.0,196.4,22.0,0.0,23.0,190.95,23.0,1.0,24.0,155.28333333333333,0.0,1.0,25.0,143.21666666666667,1.0,1.0,26.0,103.98333333333333,2.0,1.0,27.0,94.21666666666667,3.0,1.0,28.0,72.15,4.0,1.0,29.0,88.73333333333333,5.0,1.0,30.0,103.88333333333334,6.0,1.0,31.0,130.61666666666667,7.0,1.0,32.0,137.91666666666666,8.0,1.0,33.0,169.31666666666666,9.0,1.0,34.0,196.38333333333333,10.0,1.0,35.0,265.4,11.0,1.0,36.0,229.53333333333333,12.0,1.0,37.0,189.76666666666668,13.0,1.0,38.0,212.68333333333334,14.0,1.0,39.0,224.0,15.0,1.0,40.0,209.66666666666666,16.0,1.0,41.0,229.66666666666666,17.0,1.0,41.25,223.13333333333333,17.0,1.0,41.5,257.46666666666664,17.0,1.0,41.75,216.86666666666667,17.0,1.0,42.0,248.68333333333334,18.0
0.0,19.0,232.7,19.0,0.0,20.0,242.48333333333332,20.0,0.0,21.0,240.65,21.0,0.0,22.0,196.4,22.0,0.0,23.0,190.95,23.0,1.0,24.0,155.28333333333333,0.0,1.0,25.0,143.21666666666667,1.0,1.0,26.0,103.98333333333333,2.0,1.0,27.0,94.21666666666667,3.0,1.0,28.0,72.15,4.0,1.0,29.0,88.73333333333333,5.0,1.0,30.0,103.88333333333334,6.0,1.0,31.0,130.61666666666667,7.0,1.0,32.0,137.91666666666666,8.0,1.0,33.0,169.31666666666666,9.0,1.0,34.0,196.38333333333333,10.0,1.0,35.0,265.4,11.0,1.0,36.0,229.53333333333333,12.0,1.0,37.0,189.76666666666668,13.0,1.0,38.0,212.68333333333334,14.0,1.0,39.0,224.0,15.0,1.0,40.0,209.66666666666666,16.0,1.0,41.0,231.78333333333333,17.0,1.0,42.0,231.2,18.0,1.0,42.25,281.46666666666664,18.0,1.0,42.5,244.93333333333334,18.0,1.0,42.75,237.13333333333333,18.0,1.0,43.0,227.05,19.0
0.0,20.0,242.48333333333332,20.0,0.0,21.0,240.65,21.0,0.0,22.0,196.4,22.0,0.0,23.0,190.95,23.0,1.0,24.0,155.28333333333333,0.0,1.0,25.0,143.21666666666667,1.0,1.0,26.0,103.98333333333333,2.0,1.0,27.0,94.21666666666667,3.0,1.0,28.0,72.15,4.0,1.0,29.0,88.73333333333333,5.0,1.0,30.0,103.88333333333334,6.0,1.0,31.0,130.61666666666667,7.0,1.0,32.0,137.91666666666666,8.0,1.0,33.0,169.31666666666666,9.0,1.0,34.0,196.38333333333333,10.0,1.0,35.0,265.4,11.0,1.0,36.0,229.53333333333333,12.0,1.0,37.0,189.76666666666668,13.0,1.0,38.0,212.68333333333334,14.0,1.0,39.0,224.0,15.0,1.0,40.0,209.66666666666666,16.0,1.0,41.0,231.78333333333333,17.0,1.0,42.0,248.68333333333334,18.0,1.0,43.0,226.73333333333332,19.0,1.0,43.25,211.13333333333333,19.0,1.0,43.5,199.33333333333334,19.0,1.0,43.75,271.0,19.0,1.0,44.0,237.55,20.0
0.0,21.0,240.65,21.0,0.0,22.0,196.4,22.0,0.0,23.0,190.95,23.0,1.0,24.0,155.28333333333333,0.0,1.0,25.0,143.21666666666667,1.0,1.0,26.0,103.98333333333333,2.0,1.0,27.0,94.21666666666667,3.0,1.0,28.0,72.15,4.0,1.0,29.0,88.73333333333333,5.0,1.0,30.0,103.88333333333334,6.0,1.0,31.0,130.61666666666667,7.0,1.0,32.0,137.91666666666666,8.0,1.0,33.0,169.31666666666666,9.0,1.0,34.0,196.38333333333333,10.0,1.0,35.0,265.4,11.0,1.0,36.0,229.53333333333333,12.0,1.0,37.0,189.76666666666668,13.0,1.0,38.0,212.68333333333334,14.0,1.0,39.0,224.0,15.0,1.0,40.0,209.66666666666666,16.0,1.0,41.0,231.78333333333333,17.0,1.0,42.0,248.68333333333334,18.0,1.0,43.0,227.05,19.0,1.0,44.0,228.4,20.0,1.0,44.25,271.93333333333334,20.0,1.0,44.5,245.13333333333333,20.0,1.0,44.75,204.73333333333332,20.0,1.0,45.0,202.8,21.0
0.0,22.0,196.4,22.0,0.0,23.0,190.95,23.0,1.0,24.0,155.28333333333333,0.0,1.0,25.0,143.21666666666667,1.0,1.0,26.0,103.98333333333333,2.0,1.0,27.0,94.21666666666667,3.0,1.0,28.0,72.15,4.0,1.0,29.0,88.73333333333333,5.0,1.0,30.0,103.88333333333334,6.0,1.0,31.0,130.61666666666667,7.0,1.0,32.0,137.91666666666666,8.0,1.0,33.0,169.31666666666666,9.0,1.0,34.0,196.38333333333333,10.0,1.0,35.0,265.4,11.0,1.0,36.0,229.53333333333333,12.0,1.0,37.0,189.76666666666668,13.0,1.0,38.0,212.68333333333334,14.0,1.0,39.0,224.0,15.0,1.0,40.0,209.66666666666666,16.0,1.0,41.0,231.78333333333333,17.0,1.0,42.0,248.68333333333334,18.0,1.0,43.0,227.05,19.0,1.0,44.0,237.55,20.0,1.0,45.0,206.4,21.0,1.0,45.25,219.26666666666668,21.0,1.0,45.5,193.46666666666667,21.0,1.0,45.75,192.06666666666666,21.0,1.0,46.0,180.1,22.0
0.0,23.0,190.95,23.0,1.0,24.0,155.28333333333333,0.0,1.0,25.0,143.21666666666667,1.0,1.0,26.0,103.98333333333333,2.0,1.0,27.0,94.21666666666667,3.0,1.0,28.0,72.15,4.0,1.0,29.0,88.73333333333333,5.0,1.0,30.0,103.88333333333334,6.0,1.0,31.0,130.61666666666667,7.0,1.0,32.0,137.91666666666666,8.0,1.0,33.0,169.31666666666666,9.0,1.0,34.0,196.38333333333333,10.0,1.0,35.0,265.4,11.0,1.0,36.0,229.53333333333333,12.0,1.0,37.0,189.76666666666668,13.0,1.0,38.0,212.68333333333334,14.0,1.0,39.0,224.0,15.0,1.0,40.0,209.66666666666666,16.0,1.0,41.0,231.78333333333333,17.0,1.0,42.0,248.68333333333334,18.0,1.0,43.0,227.05,19.0,1.0,44.0,237.55,20.0,1.0,45.0,202.8,21.0,1.0,46.0,166.66666666666666,22.0,1.0,46.25,157.4,22.0,1.0,46.5,195.33333333333334,22.0,1.0,46.75,201.0,22.0,1.0,47.0,226.93333333333334,23.0
1.0,24.0,155.28333333333333,0.0,1.0,25.0,143.21666666666667,1.0,1.0,26.0,103.98333333333333,2.0,1.0,27.0,94.21666666666667,3.0,1.0,28.0,72.15,4.0,1.0,29.0,88.73333333333333,5.0,1.0,30.0,103.88333333333334,6.0,1.0,31.0,130.61666666666667,7.0,1.0,32.0,137.91666666666666,8.0,1.0,33.0,169.31666666666666,9.0,1.0,34.0,196.38333333333333,10.0,1.0,35.0,265.4,11.0,1.0,36.0,229.53333333333333,12.0,1.0,37.0,189.76666666666668,13.0,1.0,38.0,212.68333333333334,14.0,1.0,39.0,224.0,15.0,1.0,40.0,209.66666666666666,16.0,1.0,41.0,231.78333333333333,17.0,1.0,42.0,248.68333333333334,18.0,1.0,43.0,227.05,19.0,1.0,44.0,237.55,20.0,1.0,45.0,202.8,21.0,1.0,46.0,180.1,22.0,1.0,47.0,220.73333333333332,23.0,1.0,47.25,235.06666666666666,23.0,1.0,47.5,267.0,23.0,1.0,47.75,184.93333333333334,23.0,2.0,48.0,155.76666666666668,0.0
1.0,25.0,143.21666666666667,1.0,1.0,26.0,103.98333333333333,2.0,1.0,27.0,94.21666666666667,3.0,1.0,28.0,72.15,4.0,1.0,29.0,88.73333333333333,5.0,1.0,30.0,103.88333333333334,6.0,1.0,31.0,130.61666666666667,7.0,1.0,32.0,137.91666666666666,8.0,1.0,33.0,169.31666666666666,9.0,1.0,34.0,196.38333333333333,10.0,1.0,35.0,265.4,11.0,1.0,36.0,229.53333333333333,12.0,1.0,37.0,189.76666666666668,13.0,1.0,38.0,212.68333333333334,14.0,1.0,39.0,224.0,15.0,1.0,40.0,209.66666666666666,16.0,1.0,41.0,231.78333333333333,17.0,1.0,42.0,248.68333333333334,18.0,1.0,43.0,227.05,19.0,1.0,44.0,237.55,20.0,1.0,45.0,202.8,21.0,1.0,46.0,180.1,22.0,1.0,47.0,226.93333333333334,23.0,2.0,48.0,172.33333333333334,0.0,2.0,48.25,183.8,0.0,2.0,48.5,156.26666666666668,0.0,2.0,48.75,110.66666666666667,0.0,2.0,49.0,128.86666666666667,1.0
1.0,26.0,103.98333333333333,2.0,1.0,27.0,94.21666666666667,3.0,1.0,28.0,72.15,4.0,1.0,29.0,88.73333333333333,5.0,1.0,30.0,103.88333333333334,6.0,1.0,31.0,130.61666666666667,7.0,1.0,32.0,137.91666666666666,8.0,1.0,33.0,169.31666666666666,9.0,1.0,34.0,196.38333333333333,10.0,1.0,35.0,265.4,11.0,1.0,36.0,229.53333333333333,12.0,1.0,37.0,189.76666666666668,13.0,1.0,38.0,212.68333333333334,14.0,1.0,39.0,224.0,15.0,1.0,40.0,209.66666666666666,16.0,1.0,41.0,231.78333333333333,17.0,1.0,42.0,248.68333333333334,18.0,1.0,43.0,227.05,19.0,1.0,44.0,237.55,20.0,1.0,45.0,202.8,21.0,1.0,46.0,180.1,22.0,1.0,47.0,226.93333333333334,23.0,2.0,48.0,155.76666666666668,0.0,2.0,49.0,109.2,1.0,2.0,49.25,123.93333333333334,1.0,2.0,49.5,130.53333333333333,1.0,2.0,49.75,151.8,1.0,2.0,50.0,122.45,2.0
1.0,27.0,94.21666666666667,3.0,1.0,28.0,72.15,4.0,1.0,29.0,88.73333333333333,5.0,1.0,30.0,103.88333333333334,6.0,1.0,31.0,130.61666666666667,7.0,1.0,32.0,137.91666666666666,8.0,1.0,33.0,169.31666666666666,9.0,1.0,34.0,196.38333333333333,10.0,1.0,35.0,265.4,11.0,1.0,36.0,229.53333333333333,12.0,1.0,37.0,189.76666666666668,13.0,1.0,38.0,212.68333333333334,14.0,1.0,39.0,224.0,15.0,1.0,40.0,209.66666666666666,16.0,1.0,41.0,231.78333333333333,17.0,1.0,42.0,248.68333333333334,18.0,1.0,43.0,227.05,19.0,1.0,44.0,237.55,20.0,1.0,45.0,202.8,21.0,1.0,46.0,180.1,22.0,1.0,47.0,226.93333333333334,23.0,2.0,48.0,155.76666666666668,0.0,2.0,49.0,128.86666666666667,1.0,2.0,50.0,143.86666666666667,2.0,2.0,50.25,142.06666666666666,2.0,2.0,50.5,109.53333333333333,2.0,2.0,50.75,94.33333333333333,2.0,2.0,51.0,84.9,3.0
1.0,28.0,72.15,4.0,1.0,29.0,88.73333333333333,5.0,1.0,30.0,103.88333333333334,6.0,1.0,31.0,130.61666666666667,7.0,1.0,32.0,137.91666666666666,8.0,1.0,33.0,169.31666666666666,9.0,1.0,34.0,196.38333333333333,10.0,1.0,35.0,265.4,11.0,1.0,36.0,229.53333333333333,12.0,1.0,37.0,189.76666666666668,13.0,1.0,38.0,212.68333333333334,14.0,1.0,39.0,224.0,15.0,1.0,40.0,209.66666666666666,16.0,1.0,41.0,231.78333333333333,17.0,1.0,42.0,248.68333333333334,18.0,1.0,43.0,227.05,19.0,1.0,44.0,237.55,20.0,1.0,45.0,202.8,21.0,1.0,46.0,180.1,22.0,1.0,47.0,226.93333333333334,23.0,2.0,48.0,155.76666666666668,0.0,2.0,49.0,128.86666666666667,1.0,2.0,50.0,122.45,2.0,2.0,51.0,78.26666666666667,3.0,2.0,51.25,102.13333333333334,3.0,2.0,51.5,50.53333333333333,3.0,2.0,51.75,108.66666666666667,3.0,2.0,52.0,72.2,4.0
1.0,29.0,88.73333333333333,5.0,1.0,30.0,103.88333333333334,6.0,1.0,31.0,130.61666666666667,7.0,1.0,32.0,137.91666666666666,8.0,1.0,33.0,169.31666666666666,9.0,1.0,34.0,196.38333333333333,10.0,1.0,35.0,265.4,11.0,1.0,36.0,229.53333333333333,12.0,1.0,37.0,189.76666666666668,13.0,1.0,38.0,212.68333333333334,14.0,1.0,39.0,224.0,15.0,1.0,40.0,209.66666666666666,16.0,1.0,41.0,231.78333333333333,17.0,1.0,42.0,248.68333333333334,18.0,1.0,43.0,227.05,19.0,1.0,44.0,237.55,20.0,1.0,45.0,202.8,21.0,1.0,46.0,180.1,22.0,1.0,47.0,226.93333333333334,23.0,2.0,48.0,155.76666666666668,0.0,2.0,49.0,128.86666666666667,1.0,2.0,50.0,122.45,2.0,2.0,51.0,84.9,3.0,2.0,52.0,68.13333333333334,4.0,2.0,52.25,75.93333333333334,4.0,2.0,52.5,72.13333333333334,4.0,2.0,52.75,72.6,4.0,2.0,53.0,75.75,5.0
1.0,30.0,103.88333333333334,6.0,1.0,31.0,130.61666666666667,7.0,1.0,32.0,137.91666666666666,8.0,1.0,33.0,169.31666666666666,9.0,1.0,34.0,196.38333333333333,10.0,1.0,35.0,265.4,11.0,1.0,36.0,229.53333333333333,12.0,1.0,37.0,189.76666666666668,13.0,1.0,38.0,212.68333333333334,14.0,1.0,39.0,224.0,15.0,1.0,40.0,209.66666666666666,16.0,1.0,41.0,231.78333333333333,17.0,1.0,42.0,248.68333333333334,18.0,1.0,43.0,227.05,19.0,1.0,44.0,237.55,20.0,1.0,45.0,202.8,21.0,1.0,46.0,180.1,22.0,1.0,47.0,226.93333333333334,23.0,2.0,48.0,155.76666666666668,0.0,2.0,49.0,128.86666666666667,1.0,2.0,50.0,122.45,2.0,2.0,51.0,84.9,3.0,2.0,52.0,72.2,4.0,2.0,53.0,72.13333333333334,5.0,2.0,53.25,90.46666666666667,5.0,2.0,53.5,56.6,5.0,2.0,53.75,83.8,5.0,2.0,54.0,86.16666666666667,6.0
1.0,31.0,130.61666666666667,7.0,1.0,32.0,137.91666666666666,8.0,1.0,33.0,169.31666666666666,9.0,1.0,34.0,196.38333333333333,10.0,1.0,35.0,265.4,11.0,1.0,36.0,229.53333333333333,12.0,1.0,37.0,189.76666666666668,13.0,1.0,38.0,212.68333333333334,14.0,1.0,39.0,224.0,15.0,1.0,40.0,209.66666666666666,16.0,1.0,41.0,231.78333333333333,17.0,1.0,42.0,248.68333333333334,18.0,1.0,43.0,227.05,19.0,1.0,44.0,237.55,20.0,1.0,45.0,202.8,21.0,1.0,46.0,180.1,22.0,1.0,47.0,226.93333333333334,23.0,2.0,48.0,155.76666666666668,0.0,2.0,49.0,128.86666666666667,1.0,2.0,50.0,122.45,2.0,2.0,51.0,84.9,3.0,2.0,52.0,72.2,4.0,2.0,53.0,75.75,5.0,2.0,54.0,52.733333333333334,6.0,2.0,54.25,127.26666666666667,6.0,2.0,54.5,69.86666666666666,6.0,2.0,54.75,94.8,6.0,2.0,55.0,114.15,7.0
1.0,32.0,137.91666666666666,8.0,1.0,33.0,169.31666666666666,9.0,1.0,34.0,196.38333333333333,10.0,1.0,35.0,265.4,11.0,1.0,36.0,229.53333333333333,12.0,1.0,37.0,189.76666666666668,13.0,1.0,38.0,212.68333333333334,14.0,1.0,39.0,224.0,15.0,1.0,40.0,209.66666666666666,16.0,1.0,41.0,231.78333333333333,17.0,1.0,42.0,248.68333333333334,18.0,1.0,43.0,227.05,19.0,1.0,44.0,237.55,20.0,1.0,45.0,202.8,21.0,1.0,46.0,180.1,22.0,1.0,47.0,226.93333333333334,23.0,2.0,48.0,155.76666666666668,0.0,2.0,49.0,128.86666666666667,1.0,2.0,50.0,122.45,2.0,2.0,51.0,84.9,3.0,2.0,52.0,72.2,4.0,2.0,53.0,75.75,5.0,2.0,54.0,86.16666666666667,6.0,2.0,55.0,95.8,7.0,2.0,55.25,118.6,7.0,2.0,55.5,117.6,7.0,2.0,55.75,124.6,7.0,2.0,56.0,142.66666666666666,8.0
1.0,33.0,169.31666666666666,9.0,1.0,34.0,196.38333333333333,10.0,1.0,35.0,265.4,11.0,1.0,36.0,229.53333333333333,12.0,1.0,37.0,189.76666666666668,13.0,1.0,38.0,212.68333333333334,14.0,1.0,39.0,224.0,15.0,1.0,40.0,209.66666666666666,16.0,1.0,41.0,231.78333333333333,17.0,1.0,42.0,248.68333333333334,18.0,1.0,43.0,227.05,19.0,1.0,44.0,237.55,20.0,1.0,45.0,202.8,21.0,1.0,46.0,180.1,22.0,1.0,47.0,226.93333333333334,23.0,2.0,48.0,155.76666666666668,0.0,2.0,49.0,128.86666666666667,1.0,2.0,50.0,122.45,2.0,2.0,51.0,84.9,3.0,2.0,52.0,72.2,4.0,2.0,53.0,75.75,5.0,2.0,54.0,86.16666666666667,6.0,2.0,55.0,114.15,7.0,2.0,56.0,185.2,8.0,2.0,56.25,126.86666666666666,8.0,2.0,56.5,142.93333333333334,8.0,2.0,56.75,115.66666666666667,8.0,2.0,57.0,197.33333333333334,9.0
1.0,34.0,196.38333333333333,10.0,1.0,35.0,265.4,11.0,1.0,36.0,229.53333333333333,12.0,1.0,37.0,189.76666666666668,13.0,1.0,38.0,212.68333333333334,14.0,1.0,39.0,224.0,15.0,1.0,40.0,209.66666666666666,16.0,1.0,41.0,231.78333333333333,17.0,1.0,42.0,248.68333333333334,18.0,1.0,43.0,227.05,19.0,1.0,44.0,237.55,20.0,1.0,45.0,202.8,21.0,1.0,46.0,180.1,22.0,1.0,47.0,226.93333333333334,23.0,2.0,48.0,155.76666666666668,0.0,2.0,49.0,128.86666666666667,1.0,2.0,50.0,122.45,2.0,2.0,51.0,84.9,3.0,2.0,52.0,72.2,4.0,2.0,53.0,75.75,5.0,2.0,54.0,86.16666666666667,6.0,2.0,55.0,114.15,7.0,2.0,56.0,142.66666666666666,8.0,2.0,57.0,172.13333333333333,9.0,2.0,57.25,185.2,9.0,2.0,57.5,216.66666666666666,9.0,2.0,57.75,215.33333333333334,9.0,2.0,58.0,265.6166666666667,10.0
1.0,35.0,265.4,11.0,1.0,36.0,229.53333333333333,12.0,1.0,37.0,189.76666666666668,13.0,1.0,38.0,212.68333333333334,14.0,1.0,39.0,224.0,15.0,1.0,40.0,209.66666666666666,16.0,1.0,41.0,231.78333333333333,17.0,1.0,42.0,248.68333333333334,18.0,1.0,43.0,227.05,19.0,1.0,44.0,237.55,20.0,1.0,45.0,202.8,21.0,1.0,46.0,180.1,22.0,1.0,47.0,226.93333333333334,23.0,2.0,48.0,155.76666666666668,0.0,2.0,49.0,128.86666666666667,1.0,2.0,50.0,122.45,2.0,2.0,51.0,84.9,3.0,2.0,52.0,72.2,4.0,2.0,53.0,75.75,5.0,2.0,54.0,86.16666666666667,6.0,2.0,55.0,114.15,7.0,2.0,56.0,142.66666666666666,8.0,2.0,57.0,197.33333333333334,9.0,2.0,58.0,211.93333333333334,10.0,2.0,58.25,271.0,10.0,2.0,58.5,311.93333333333334,10.0,2.0,58.75,267.6,10.0,2.0,59.0,303.3666666666667,11.0
1.0,36.0,229.53333333333333,12.0,1.0,37.0,189.76666666666668,13.0,1.0,38.0,212.68333333333334,14.0,1.0,39.0,224.0,15.0,1.0,40.0,209.66666666666666,16.0,1.0,41.0,231.78333333333333,17.0,1.0,42.0,248.68333333333334,18.0,1.0,43.0,227.05,19.0,1.0,44.0,237.55,20.0,1.0,45.0,202.8,21.0,1.0,46.0,180.1,22.0,1.0,47.0,226.93333333333334,23.0,2.0,48.0,155.76666666666668,0.0,2.0,49.0,128.86666666666667,1.0,2.0,50.0,122.45,2.0,2.0,51.0,84.9,3.0,2.0,52.0,72.2,4.0,2.0,53.0,75.75,5.0,2.0,54.0,86.16666666666667,6.0,2.0,55.0,114.15,7.0,2.0,56.0,142.66666666666666,8.0,2.0,57.0,197.33333333333334,9.0,2.0,58.0,265.6166666666667,10.0,2.0,59.0,345.06666666666666,11.0,2.0,59.25,330.53333333333336,11.0,2.0,59.5,311.2,11.0,2.0,59.75,226.66666666666666,11.0,2.0,60.0,307.93333333333334,12.0
1.0,37.0,189.76666666666668,13.0,1.0,38.0,212.68333333333334,14.0,1.0,39.0,224.0,15.0,1.0,40.0,209.66666666666666,16.0,1.0,41.0,231.78333333333333,17.0,1.0,42.0,248.68333333333334,18.0,1.0,43.0,227.05,19.0,1.0,44.0,237.55,20.0,1.0,45.0,202.8,21.0,1.0,46.0,180.1,22.0,1.0,47.0,226.93333333333334,23.0,2.0,48.0,155.76666666666668,0.0,2.0,49.0,128.86666666666667,1.0,2.0,50.0,122.45,2.0,2.0,51.0,84.9,3.0,2.0,52.0,72.2,4.0,2.0,53.0,75.75,5.0,2.0,54.0,86.16666666666667,6.0,2.0,55.0,114.15,7.0,2.0,56.0,142.66666666666666,8.0,2.0,57.0,197.33333333333334,9.0,2.0,58.0,265.6166666666667,10.0,2.0,59.0,303.3666666666667,11.0,2.0,60.0,297.73333333333335,12.0,2.0,60.25,328.6666666666667,12.0,2.0,60.5,341.73333333333335,12.0,2.0,60.75,263.6,12.0,2.0,61.0,258.8666666666667,13.0
1.0,38.0,212.68333333333334,14.0,1.0,39.0,224.0,15.0,1.0,40.0,209.66666666666666,16.0,1.0,41.0,231.78333333333333,17.0,1.0,42.0,248.68333333333334,18.0,1.0,43.0,227.05,19.0,1.0,44.0,237.55,20.0,1.0,45.0,202.8,21.0,1.0,46.0,180.1,22.0,1.0,47.0,226.93333333333334,23.0,2.0,48.0,155.76666666666668,0.0,2.0,49.0,128.86666666666667,1.0,2.0,50.0,122.45,2.0,2.0,51.0,84.9,3.0,2.0,52.0,72.2,4.0,2.0,53.0,75.75,5.0,2.0,54.0,86.16666666666667,6.0,2.0,55.0,114.15,7.0,2.0,56.0,142.66666666666666,8.0,2.0,57.0,197.33333333333334,9.0,2.0,58.0,265.6166666666667,10.0,2.0,59.0,303.3666666666667,11.0,2.0,60.0,307.93333333333334,12.0,2.0,61.0,226.46666666666667,13.0,2.0,61.25,290.4,13.0,2.0,61.5,259.06666666666666,13.0,2.0,61.75,259.53333333333336,13.0,2.0,62.0,254.98333333333332,14.0
1.0,39.0,224.0,15.0,1.0,40.0,209.66666666666666,16.0,1.0,41.0,231.78333333333333,17.0,1.0,42.0,248.68333333333334,18.0,1.0,43.0,227.05,19.0,1.0,44.0,237.55,20.0,1.0,45.0,202.8,21.0,1.0,46.0,180.1,22.0,1.0,47.0,226.93333333333334,23.0,2.0,48.0,155.76666666666668,0.0,2.0,49.0,128.86666666666667,1.0,2.0,50.0,122.45,2.0,2.0,51.0,84.9,3.0,2.0,52.0,72.2,4.0,2.0,53.0,75.75,5.0,2.0,54.0,86.16666666666667,6.0,2.0,55.0,114.15,7.0,2.0,56.0,142.66666666666666,8.0,2.0,57.0,197.33333333333334,9.0,2.0,58.0,265.6166666666667,10.0,2.0,59.0,303.3666666666667,11.0,2.0,60.0,307.93333333333334,12.0,2.0,61.0,258.8666666666667,13.0,2.0,62.0,243.13333333333333,14.0,2.0,62.25,269.0,14.0,2.0,62.5,244.33333333333334,14.0,2.0,62.75,263.46666666666664,14.0,2.0,63.0,275.8666666666667,15.0
1.0,40.0,209.66666666666666,16.0,1.0,41.0,231.78333333333333,17.0,1.0,42.0,248.68333333333334,18.0,1.0,43.0,227.05,19.0,1.0,44.0,237.55,20.0,1.0,45.0,202.8,21.0,1.0,46.0,180.1,22.0,1.0,47.0,226.93333333333334,23.0,2.0,48.0,155.76666666666668,0.0,2.0,49.0,128.86666666666667,1.0,2.0,50.0,122.45,2.0,2.0,51.0,84.9,3.0,2.0,52.0,72.2,4.0,2.0,53.0,75.75,5.0,2.0,54.0,86.16666666666667,6.0,2.0,55.0,114.15,7.0,2.0,56.0,142.66666666666666,8.0,2.0,57.0,197.33333333333334,9.0,2.0,58.0,265.6166666666667,10.0,2.0,59.0,303.3666666666667,11.0,2.0,60.0,307.93333333333334,12.0,2.0,61.0,258.8666666666667,13.0,2.0,62.0,254.98333333333332,14.0,2.0,63.0,270.6666666666667,15.0,2.0,63.25,308.6666666666667,15.0,2.0,63.5,259.26666666666665,15.0,2.0,63.75,264.8666666666667,15.0,2.0,64.0,287.03333333333336,16.0
1.0,41.0,231.78333333333333,17.0,1.0,42.0,248.68333333333334,18.0,1.0,43.0,227.05,19.0,1.0,44.0,237.55,20.0,1.0,45.0,202.8,21.0,1.0,46.0,180.1,22.0,1.0,47.0,226.93333333333334,23.0,2.0,48.0,155.76666666666668,0.0,2.0,49.0,128.86666666666667,1.0,2.0,50.0,122.45,2.0,2.0,51.0,84.9,3.0,2.0,52.0,72.2,4.0,2.0,53.0,75.75,5.0,2.0,54.0,86.16666666666667,6.0,2.0,55.0,114.15,7.0,2.0,56.0,142.66666666666666,8.0,2.0,57.0,197.33333333333334,9.0,2.0,58.0,265.6166666666667,10.0,2.0,59.0,303.3666666666667,11.0,2.0,60.0,307.93333333333334,12.0,2.0,61.0,258.8666666666667,13.0,2.0,62.0,254.98333333333332,14.0,2.0,63.0,275.8666666666667,15.0,2.0,64.0,264.1333333333333,16.0,2.0,64.25,276.53333333333336,16.0,2.0,64.5,298.53333333333336,16.0,2.0,64.75,308.93333333333334,16.0,2.0,65.0,331.75,17.0
1.0,42.0,248.68333333333334,18.0,1.0,43.0,227.05,19.0,1.0,44.0,237.55,20.0,1.0,45.0,202.8,21.0,1.0,46.0,180.1,22.0,1.0,47.0,226.93333333333334,23.0,2.0,48.0,155.76666666666668,0.0,2.0,49.0,128.86666666666667,1.0,2.0,50.0,122.45,2.0,2.0,51.0,84.9,3.0,2.0,52.0,72.2,4.0,2.0,53.0,75.75,5.0,2.0,54.0,86.16666666666667,6.0,2.0,55.0,114.15,7.0,2.0,56.0,142.66666666666666,8.0,2.0,57.0,197.33333333333334,9.0,2.0,58.0,265.6166666666667,10.0,2.0,59.0,303.3666666666667,11.0,2.0,60.0,307.93333333333334,12.0,2.0,61.0,258.8666666666667,13.0,2.0,62.0,254.98333333333332,14.0,2.0,63.0,275.8666666666667,15.0,2.0,64.0,287.03333333333336,16.0,2.0,65.0,288.73333333333335,17.0,2.0,65.25,340.06666666666666,17.0,2.0,65.5,329.2,17.0,2.0,65.75,369.0,17.0,2.0,66.0,340.6,18.0
1.0,43.0,227.05,19.0,1.0,44.0,237.55,20.0,1.0,45.0,202.8,21.0,1.0,46.0,180.1,22.0,1.0,47.0,226.93333333333334,23.0,2.0,48.0,155.76666666666668,0.0,2.0,49.0,128.86666666666667,1.0,2.0,50.0,122.45,2.0,2.0,51.0,84.9,3.0,2.0,52.0,72.2,4.0,2.0,53.0,75.75,5.0,2.0,54.0,86.16666666666667,6.0,2.0,55.0,114.15,7.0,2.0,56.0,142.66666666666666,8.0,2.0,57.0,197.33333333333334,9.0,2.0,58.0,265.6166666666667,10.0,2.0,59.0,303.3666666666667,11.0,2.0,60.0,307.93333333333334,12.0,2.0,61.0,258.8666666666667,13.0,2.0,62.0,254.98333333333332,14.0,2.0,63.0,275.8666666666667,15.0,2.0,64.0,287.03333333333336,16.0,2.0,65.0,331.75,17.0,2.0,66.0,372.4,18.0,2.0,66.25,356.06666666666666,18.0,2.0,66.5,282.3333333333333,18.0,2.0,66.75,351.6,18.0,2.0,67.0,231.8,19.0
1.0,44.0,237.55,20.0,1.0,45.0,202.8,21.0,1.0,46.0,180.1,22.0,1.0,47.0,226.93333333333334,23.0,2.0,48.0,155.76666666666668,0.0,2.0,49.0,128.86666666666667,1.0,2.0,50.0,122.45,2.0,2.0,51.0,84.9,3.0,2.0,52.0,72.2,4.0,2.0,53.0,75.75,5.0,2.0,54.0,86.16666666666667,6.0,2.0,55.0,114.15,7.0,2.0,56.0,142.66666666666666,8.0,2.0,57.0,197.33333333333334,9.0,2.0,58.0,265.6166666666667,10.0,2.0,59.0,303.3666666666667,11.0,2.0,60.0,307.93333333333334,12.0,2.0,61.0,258.8666666666667,13.0,2.0,62.0,254.98333333333332,14.0,2.0,63.0,275.8666666666667,15.0,2.0,64.0,287.03333333333336,16.0,2.0,65.0,331.75,17.0,2.0,66.0,340.6,18.0,2.0,67.0,227.26666666666668,19.0,2.0,67.25,236.66666666666666,19.0,2.0,67.5,204.8,19.0,2.0,67.75,258.46666666666664,19.0,2.0,68.0,248.88333333333333,20.0
1.0,45.0,202.8,21.0,1.0,46.0,180.1,22.0,1.0,47.0,226.93333333333334,23.0,2.0,48.0,155.76666666666668,0.0,2.0,49.0,128.86666666666667,1.0,2.0,50.0,122.45,2.0,2.0,51.0,84.9,3.0,2.0,52.0,72.2,4.0,2.0,53.0,75.75,5.0,2.0,54.0,86.16666666666667,6.0,2.0,55.0,114.15,7.0,2.0,56.0,142.66666666666666,8.0,2.0,57.0,197.33333333333334,9.0,2.0,58.0,265.6166666666667,10.0,2.0,59.0,303.3666666666667,11.0,2.0,60.0,307.93333333333334,12.0,2.0,61.0,258.8666666666667,13.0,2.0,62.0,254.98333333333332,14.0,2.0,63.0,275.8666666666667,15.0,2.0,64.0,287.03333333333336,16.0,2.0,65.0,331.75,17.0,2.0,66.0,340.6,18.0,2.0,67.0,231.8,19.0,2.0,68.0,245.93333333333334,20.0,2.0,68.25,276.06666666666666,20.0,2.0,68.5,263.1333333333333,20.0,2.0,68.75,210.4,20.0,2.0,69.0,259.1166666666667,21.0
1.0,46.0,180.1,22.0,1.0,47.0,226.93333333333334,23.0,2.0,48.0,155.76666666666668,0.0,2.0,49.0,128.86666666666667,1.0,2.0,50.0,122.45,2.0,2.0,51.0,84.9,3.0,2.0,52.0,72.2,4.0,2.0,53.0,75.75,5.0,2.0,54.0,86.16666666666667,6.0,2.0,55.0,114.15,7.0,2.0,56.0,142.66666666666666,8.0,2.0,57.0,197.33333333333334,9.0,2.0,58.0,265.6166666666667,10.0,2.0,59.0,303.3666666666667,11.0,2.0,60.0,307.93333333333334,12.0,2.0,61.0,258.8666666666667,13.0,2.0,62.0,254.98333333333332,14.0,2.0,63.0,275.8666666666667,15.0,2.0,64.0,287.03333333333336,16.0,2.0,65.0,331.75,17.0,2.0,66.0,340.6,18.0,2.0,67.0,231.8,19.0,2.0,68.0,248.88333333333333,20.0,2.0,69.0,224.4,21.0,2.0,69.25,218.73333333333332,21.0,2.0,69.5,278.8666666666667,21.0,2.0,69.75,314.46666666666664,21.0,2.0,70.0,294.45,22.0
1.0,47.0,226.93333333333334,23.0,2.0,48.0,155.76666666666668,0.0,2.0,49.0,128.86666666666667,1.0,2.0,50.0,122.45,2.0,2.0,51.0,84.9,3.0,2.0,52.0,72.2,4.0,2.0,53.0,75.75,5.0,2.0,54.0,86.16666666666667,6.0,2.0,55.0,114.15,7.0,2.0,56.0,142.66666666666666,8.0,2.0,57.0,197.33333333333334,9.0,2.0,58.0,265.6166666666667,10.0,2.0,59.0,303.3666666666667,11.0,2.0,60.0,307.93333333333334,12.0,2.0,61.0,258.8666666666667,13.0,2.0,62.0,254.98333333333332,14.0,2.0,63.0,275.8666666666667,15.0,2.0,64.0,287.03333333333336,16.0,2.0,65.0,331.75,17.0,2.0,66.0,340.6,18.0,2.0,67.0,231.8,19.0,2.0,68.0,248.88333333333333,20.0,2.0,69.0,259.1166666666667,21.0,2.0,70.0,304.6,22.0,2.0,70.25,301.3333333333333,22.0,2.0,70.5,328.1333333333333,22.0,2.0,70.75,243.73333333333332,22.0,2.0,71.0,206.4,23.0
2.0,48.0,155.76666666666668,0.0,2.0,49.0,128.86666666666667,1.0,2.0,50.0,122.45,2.0,2.0,51.0,84.9,3.0,2.0,52.0,72.2,4.0,2.0,53.0,75.75,5.0,2.0,54.0,86.16666666666667,6.0,2.0,55.0,114.15,7.0,2.0,56.0,142.66666666666666,8.0,2.0,57.0,197.33333333333334,9.0,2.0,58.0,265.6166666666667,10.0,2.0,59.0,303.3666666666667,11.0,2.0,60.0,307.93333333333334,12.0,2.0,61.0,258.8666666666667,13.0,2.0,62.0,254.98333333333332,14.0,2.0,63.0,275.8666666666667,15.0,2.0,64.0,287.03333333333336,16.0,2.0,65.0,331.75,17.0,2.0,66.0,340.6,18.0,2.0,67.0,231.8,19.0,2.0,68.0,248.88333333333333,20.0,2.0,69.0,259.1166666666667,21.0,2.0,70.0,294.45,22.0,2.0,71.0,218.8,23.0,2.0,71.25,199.73333333333332,23.0,2.0,71.5,224.86666666666667,23.0,2.0,71.75,182.2,23.0,3.0,72.0,172.66666666666666,0.0
2.0,49.0,128.86666666666667,1.0,2.0,50.0,122.45,2.0,2.0,51.0,84.9,3.0,2.0,52.0,72.2,4.0,2.0,53.0,75.75,5.0,2.0,54.0,86.16666666666667,6.0,2.0,55.0,114.15,7.0,2.0,56.0,142.66666666666666,8.0,2.0,57.0,197.33333333333334,9.0,2.0,58.0,265.6166666666667,10.0,2.0,59.0,303.3666666666667,11.0,2.0,60.0,307.93333333333334,12.0,2.0,61.0,258.8666666666667,13.0,2.0,62.0,254.98333333333332,14.0,2.0,63.0,275.8666666666667,15.0,2.0,64.0,287.03333333333336,16.0,2.0,65.0,331.75,17.0,2.0,66.0,340.6,18.0,2.0,67.0,231.8,19.0,2.0,68.0,248.88333333333333,20.0,2.0,69.0,259.1166666666667,21.0,2.0,70.0,294.45,22.0,2.0,71.0,206.4,23.0,3.0,72.0,230.73333333333332,0.0,3.0,72.25,204.8,0.0,3.0,72.5,133.2,0.0,3.0,72.75,121.93333333333334,0.0,3.0,73.0,156.06666666666666,1.0
2.0,50.0,122.45,2.0,2.0,51.0,84.9,3.0,2.0,52.0,72.2,4.0,2.0,53.0,75.75,5.0,2.0,54.0,86.16666666666667,6.0,2.0,55.0,114.15,7.0,2.0,56.0,142.66666666666666,8.0,2.0,57.0,197.33333333333334,9.0,2.0,58.0,265.6166666666667,10.0,2.0,59.0,303.3666666666667,11.0,2.0,60.0,307.93333333333334,12.0,2.0,61.0,258.8666666666667,13.0,2.0,62.0,254.98333333333332,14.0,2.0,63.0,275.8666666666667,15.0,2.0,64.0,287.03333333333336,16.0,2.0,65.0,331.75,17.0,2.0,66.0,340.6,18.0,2.0,67.0,231.8,19.0,2.0,68.0,248.88333333333333,20.0,2.0,69.0,259.1166666666667,21.0,2.0,70.0,294.45,22.0,2.0,71.0,206.4,23.0,3.0,72.0,172.66666666666666,0.0,3.0,73.0,284.3333333333333,1.0,3.0,73.25,111.86666666666666,1.0,3.0,73.5,129.73333333333332,1.0,3.0,73.75,98.33333333333333,1.0,3.0,74.0,116.71666666666667,2.0
2.0,51.0,84.9,3.0,2.0,52.0,72.2,4.0,2.0,53.0,75.75,5.0,2.0,54.0,86.16666666666667,6.0,2.0,55.0,114.15,7.0,2.0,56.0,142.66666666666666,8.0,2.0,57.0,197.33333333333334,9.0,2.0,58.0,265.6166666666667,10.0,2.0,59.0,303.3666666666667,11.0,2.0,60.0,307.93333333333334,12.0,2.0,61.0,258.8666666666667,13.0,2.0,62.0,254.98333333333332,14.0,2.0,63.0,275.8666666666667,15.0,2.0,64.0,287.03333333333336,16.0,2.0,65.0,331.75,17.0,2.0,66.0,340.6,18.0,2.0,67.0,231.8,19.0,2.0,68.0,248.88333333333333,20.0,2.0,69.0,259.1166666666667,21.0,2.0,70.0,294.45,22.0,2.0,71.0,206.4,23.0,3.0,72.0,172.66666666666666,0.0,3.0,73.0,156.06666666666666,1.0,3.0,74.0,141.6,2.0,3.0,74.25,109.06666666666666,2.0,3.0,74.5,115.86666666666666,2.0,3.0,74.75,100.33333333333333,2.0,3.0,75.0,101.28333333333333,3.0
2.0,52.0,72.2,4.0,2.0,53.0,75.75,5.0,2.0,54.0,86.16666666666667,6.0,2.0,55.0,114.15,7.0,2.0,56.0,142.66666666666666,8.0,2.0,57.0,197.33333333333334,9.0,2.0,58.0,265.6166666666667,10.0,2.0,59.0,303.3666666666667,11.0,2.0,60.0,307.93333333333334,12.0,2.0,61.0,258.8666666666667,13.0,2.0,62.0,254.98333333333332,14.0,2.0,63.0,275.8666666666667,15.0,2.0,64.0,287.03333333333336,16.0,2.0,65.0,331.75,17.0,2.0,66.0,340.6,18.0,2.0,67.0,231.8,19.0,2.0,68.0,248.88333333333333,20.0,2.0,69.0,259.1166666666667,21.0,2.0,70.0,294.45,22.0,2.0,71.0,206.4,23.0,3.0,72.0,172.66666666666666,0.0,3.0,73.0,156.06666666666666,1.0,3.0,74.0,116.71666666666667,2.0,3.0,75.0,113.4,3.0,3.0,75.25,96.13333333333334,3.0,3.0,75.5,112.26666666666667,3.0,3.0,75.75,83.33333333333333,3.0,3.0,76.0,87.76666666666667,4.0
2.0,53.0,75.75,5.0,2.0,54.0,86.16666666666667,6.0,2.0,55.0,114.15,7.0,2.0,56.0,142.66666666666666,8.0,2.0,57.0,197.33333333333334,9.0,2.0,58.0,265.6166666666667,10.0,2.0,59.0,303.3666666666667,11.0,2.0,60.0,307.93333333333334,12.0,2.0,61.0,258.8666666666667,13.0,2.0,62.0,254.98333333333332,14.0,2.0,63.0,275.8666666666667,15.0,2.0,64.0,287.03333333333336,16.0,2.0,65.0,331.75,17.0,2.0,66.0,340.6,18.0,2.0,67.0,231.8,19.0,2.0,68.0,248.88333333333333,20.0,2.0,69.0,259.1166666666667,21.0,2.0,70.0,294.45,22.0,2.0,71.0,206.4,23.0,3.0,72.0,172.66666666666666,0.0,3.0,73.0,156.06666666666666,1.0,3.0,74.0,116.71666666666667,2.0,3.0,75.0,101.28333333333333,3.0,3.0,76.0,109.2,4.0,3.0,76.25,84.06666666666666,4.0,3.0,76.5,81.4,4.0,3.0,76.75,76.4,4.0,3.0,77.0,82.56666666666666,5.0
2.0,54.0,86.16666666666667,6.0,2.0,55.0,114.15,7.0,2.0,56.0,142.66666666666666,8.0,2.0,57.0,197.33333333333334,9.0,2.0,58.0,265.6166666666667,10.0,2.0,59.0,303.3666666666667,11.0,2.0,60.0,307.93333333333334,12.0,2.0,61.0,258.8666666666667,13.0,2.0,62.0,254.98333333333332,14.0,2.0,63.0,275.8666666666667,15.0,2.0,64.0,287.03333333333336,16.0,2.0,65.0,331.75,17.0,2.0,66.0,340.6,18.0,2.0,67.0,231.8,19.0,2.0,68.0,248.88333333333333,20.0,2.0,69.0,259.1166666666667,21.0,2.0,70.0,294.45,22.0,2.0,71.0,206.4,23.0,3.0,72.0,172.66666666666666,0.0,3.0,73.0,156.06666666666666,1.0,3.0,74.0,116.71666666666667,2.0,3.0,75.0,101.28333333333333,3.0,3.0,76.0,87.76666666666667,4.0,3.0,77.0,90.66666666666667,5.0,3.0,77.25,88.46666666666667,5.0,3.0,77.5,84.13333333333334,5.0,3.0,77.75,67.0,5.0,3.0,78.0,83.76666666666667,6.0
2.0,55.0,114.15,7.0,2.0,56.0,142.66666666666666,8.0,2.0,57.0,197.33333333333334,9.0,2.0,58.0,265.6166666666667,10.0,2.0,59.0,303.3666666666667,11.0,2.0,60.0,307.93333333333334,12.0,2.0,61.0,258.8666666666667,13.0,2.0,62.0,254.98333333333332,14.0,2.0,63.0,275.8666666666667,15.0,2.0,64.0,287.03333333333336,16.0,2.0,65.0,331.75,17.0,2.0,66.0,340.6,18.0,2.0,67.0,231.8,19.0,2.0,68.0,248.88333333333333,20.0,2.0,69.0,259.1166666666667,21.0,2.0,70.0,294.45,22.0,2.0,71.0,206.4,23.0,3.0,72.0,172.66666666666666,0.0,3.0,73.0,156.06666666666666,1.0,3.0,74.0,116.71666666666667,2.0,3.0,75.0,101.28333333333333,3.0,3.0,76.0,87.76666666666667,4.0,3.0,77.0,82.56666666666666,5.0,3.0,78.0,98.06666666666666,6.0,3.0,78.25,87.06666666666666,6.0,3.0,78.5,77.33333333333333,6.0,3.0,78.75,72.6,6.0,3.0,79.0,126.38333333333334,7.0
2.0,56.0,142.66666666666666,8.0,2.0,57.0,197.33333333333334,9.0,2.0,58.0,265.6166666666667,10.0,2.0,59.0,303.3666666666667,11.0,2.0,60.0,307.93333333333334,12.0,2.0,61.0,258.8666666666667,13.0,2.0,62.0,254.98333333333332,14.0,2.0,63.0,275.8666666666667,15.0,2.0,64.0,287.03333333333336,16.0,2.0,65.0,331.75,17.0,2.0,66.0,340.6,18.0,2.0,67.0,231.8,19.0,2.0,68.0,248.88333333333333,20.0,2.0,69.0,259.1166666666667,21.0,2.0,70.0,294.45,22.0,2.0,71.0,206.4,23.0,3.0,72.0,172.66666666666666,0.0,3.0,73.0,156.06666666666666,1.0,3.0,74.0,116.71666666666667,2.0,3.0,75.0,101.28333333333333,3.0,3.0,76.0,87.76666666666667,4.0,3.0,77.0,82.56666666666666,5.0,3.0,78.0,83.76666666666667,6.0,3.0,79.0,141.33333333333334,7.0,3.0,79.25,133.66666666666666,7.0,3.0,79.5,121.4,7.0,3.0,79.75,109.13333333333334,7.0,3.0,80.0,138.41666666666666,8.0
2.0,57.0,197.33333333333334,9.0,2.0,58.0,265.6166666666667,10.0,2.0,59.0,303.3666666666667,11.0,2.0,60.0,307.93333333333334,12.0,2.0,61.0,258.8666666666667,13.0,2.0,62.0,254.98333333333332,14.0,2.0,63.0,275.8666666666667,15.0,2.0,64.0,287.03333333333336,16.0,2.0,65.0,331.75,17.0,2.0,66.0,340.6,18.0,2.0,67.0,231.8,19.0,2.0,68.0,248.88333333333333,20.0,2.0,69.0,259.1166666666667,21.0,2.0,70.0,294.45,22.0,2.0,71.0,206.4,23.0,3.0,72.0,172.66666666666666,0.0,3.0,73.0,156.06666666666666,1.0,3.0,74.0,116.71666666666667,2.0,3.0,75.0,101.28333333333333,3.0,3.0,76.0,87.76666666666667,4.0,3.0,77.0,82.56666666666666,5.0,3.0,78.0,83.76666666666667,6.0,3.0,79.0,126.38333333333334,7.0,3.0,80.0,160.86666666666667,8.0,3.0,80.25,146.73333333333332,8.0,3.0,80.5,92.13333333333334,8.0,3.0,80.75,153.93333333333334,8.0,3.0,81.0,185.2,9.0
2.0,58.0,265.6166666666667,10.0,2.0,59.0,303.3666666666667,11.0,2.0,60.0,307.93333333333334,12.0,2.0,61.0,258.8666666666667,13.0,2.0,62.0,254.98333333333332,14.0,2.0,63.0,275.8666666666667,15.0,2.0,64.0,287.03333333333336,16.0,2.0,65.0,331.75,17.0,2.0,66.0,340.6,18.0,2.0,67.0,231.8,19.0,2.0,68.0,248.88333333333333,20.0,2.0,69.0,259.1166666666667,21.0,2.0,70.0,294.45,22.0,2.0,71.0,206.4,23.0,3.0,72.0,172.66666666666666,0.0,3.0,73.0,156.06666666666666,1.0,3.0,74.0,116.71666666666667,2.0,3.0,75.0,101.28333333333333,3.0,3.0,76.0,87.76666666666667,4.0,3.0,77.0,82.56666666666666,5.0,3.0,78.0,83.76666666666667,6.0,3.0,79.0,126.38333333333334,7.0,3.0,80.0,138.41666666666666,8.0,3.0,81.0,144.26666666666668,9.0,3.0,81.25,221.86666666666667,9.0,3.0,81.5,188.46666666666667,9.0,3.0,81.75,186.2,9.0,3.0,82.0,297.0833333333333,10.0
2.0,59.0,303.3666666666667,11.0,2.0,60.0,307.93333333333334,12.0,2.0,61.0,258.8666666666667,13.0,2.0,62.0,254.98333333333332,14.0,2.0,63.0,275.8666666666667,15.0,2.0,64.0,287.03333333333336,16.0,2.0,65.0,331.75,17.0,2.0,66.0,340.6,18.0,2.0,67.0,231.8,19.0,2.0,68.0,248.88333333333333,20.0,2.0,69.0,259.1166666666667,21.0,2.0,70.0,294.45,22.0,2.0,71.0,206.4,23.0,3.0,72.0,172.66666666666666,0.0,3.0,73.0,156.06666666666666,1.0,3.0,74.0,116.71666666666667,2.0,3.0,75.0,101.28333333333333,3.0,3.0,76.0,87.76666666666667,4.0,3.0,77.0,82.56666666666666,5.0,3.0,78.0,83.76666666666667,6.0,3.0,79.0,126.38333333333334,7.0,3.0,80.0,138.41666666666666,8.0,3.0,81.0,185.2,9.0,3.0,82.0,218.0,10.0,3.0,82.25,360.0,10.0,3.0,82.5,283.8666666666667,10.0,3.0,82.75,326.46666666666664,10.0,3.0,83.0,325.03333333333336,11.0
2.0,60.0,307.93333333333334,12.0,2.0,61.0,258.8666666666667,13.0,2.0,62.0,254.98333333333332,14.0,2.0,63.0,275.8666666666667,15.0,2.0,64.0,287.03333333333336,16.0,2.0,65.0,331.75,17.0,2.0,66.0,340.6,18.0,2.0,67.0,231.8,19.0,2.0,68.0,248.88333333333333,20.0,2.0,69.0,259.1166666666667,21.0,2.0,70.0,294.45,22.0,2.0,71.0,206.4,23.0,3.0,72.0,172.66666666666666,0.0,3.0,73.0,156.06666666666666,1.0,3.0,74.0,116.71666666666667,2.0,3.0,75.0,101.28333333333333,3.0,3.0,76.0,87.76666666666667,4.0,3.0,77.0,82.56666666666666,5.0,3.0,78.0,83.76666666666667,6.0,3.0,79.0,126.38333333333334,7.0,3.0,80.0,138.41666666666666,8.0,3.0,81.0,185.2,9.0,3.0,82.0,297.0833333333333,10.0,3.0,83.0,315.6666666666667,11.0,3.0,83.25,328.0,11.0,3.0,83.5,326.6,11.0,3.0,83.75,329.8666666666667,11.0,3.0,84.0,324.03333333333336,12.0
2.0,61.0,258.8666666666667,13.0,2.0,62.0,254.98333333333332,14.0,2.0,63.0,275.8666666666667,15.0,2.0,64.0,287.03333333333336,16.0,2.0,65.0,331.75,17.0,2.0,66.0,340.6,18.0,2.0,67.0,231.8,19.0,2.0,68.0,248.88333333333333,20.0,2.0,69.0,259.1166666666667,21.0,2.0,70.0,294.45,22.0,2.0,71.0,206.4,23.0,3.0,72.0,172.66666666666666,0.0,3.0,73.0,156.06666666666666,1.0,3.0,74.0,116.71666666666667,2.0,3.0,75.0,101.28333333333333,3.0,3.0,76.0,87.76666666666667,4.0,3.0,77.0,82.56666666666666,5.0,3.0,78.0,83.76666666666667,6.0,3.0,79.0,126.38333333333334,7.0,3.0,80.0,138.41666666666666,8.0,3.0,81.0,185.2,9.0,3.0,82.0,297.0833333333333,10.0,3.0,83.0,325.03333333333336,11.0,3.0,84.0,327.46666666666664,12.0,3.0,84.25,331.6666666666667,12.0,3.0,84.5,308.4,12.0,3.0,84.75,328.6,12.0,3.0,85.0,286.43333333333334,13.0
2.0,62.0,254.98333333333332,14.0,2.0,63.0,275.8666666666667,15.0,2.0,64.0,287.03333333333336,16.0,2.0,65.0,331.75,17.0,2.0,66.0,340.6,18.0,2.0,67.0,231.8,19.0,2.0,68.0,248.88333333333333,20.0,2.0,69.0,259.1166666666667,21.0,2.0,70.0,294.45,22.0,2.0,71.0,206.4,23.0,3.0,72.0,172.66666666666666,0.0,3.0,73.0,156.06666666666666,1.0,3.0,74.0,116.71666666666667,2.0,3.0,75.0,101.28333333333333,3.0,3.0,76.0,87.76666666666667,4.0,3.0,77.0,82.56666666666666,5.0,3.0,78.0,83.76666666666667,6.0,3.0,79.0,126.38333333333334,7.0,3.0,80.0,138.41666666666666,8.0,3.0,81.0,185.2,9.0,3.0,82.0,297.0833333333333,10.0,3.0,83.0,325.03333333333336,11.0,3.0,84.0,324.03333333333336,12.0,3.0,85.0,292.73333333333335,13.0,3.0,85.25,296.0,13.0,3.0,85.5,286.8666666666667,13.0,3.0,85.75,270.1333333333333,13.0,3.0,86.0,273.6,14.0
2.0,63.0,275.8666666666667,15.0,2.0,64.0,287.03333333333336,16.0,2.0,65.0,331.75,17.0,2.0,66.0,340.6,18.0,2.0,67.0,231.8,19.0,2.0,68.0,248.88333333333333,20.0,2.0,69.0,259.1166666666667,21.0,2.0,70.0,294.45,22.0,2.0,71.0,206.4,23.0,3.0,72.0,172.66666666666666,0.0,3.0,73.0,156.06666666666666,1.0,3.0,74.0,116.71666666666667,2.0,3.0,75.0,101.28333333333333,3.0,3.0,76.0,87.76666666666667,4.0,3.0,77.0,82.56666666666666,5.0,3.0,78.0,83.76666666666667,6.0,3.0,79.0,126.38333333333334,7.0,3.0,80.0,138.41666666666666,8.0,3.0,81.0,185.2,9.0,3.0,82.0,297.0833333333333,10.0,3.0,83.0,325.03333333333336,11.0,3.0,84.0,324.03333333333336,12.0,3.0,85.0,286.43333333333334,13.0,3.0,86.0,219.73333333333332,14.0,3.0,86.25,300.8,14.0,3.0,86.5,317.2,14.0,3.0,86.75,256.6666666666667,14.0,3.0,87.0,271.1666666666667,15.0
2.0,64.0,287.03333333333336,16.0,2.0,65.0,331.75,17.0,2.0,66.0,340.6,18.0,2.0,67.0,231.8,19.0,2.0,68.0,248.88333333333333,20.0,2.0,69.0,259.1166666666667,21.0,2.0,70.0,294.45,22.0,2.0,71.0,206.4,23.0,3.0,72.0,172.66666666666666,0.0,3.0,73.0,156.06666666666666,1.0,3.0,74.0,116.71666666666667,2.0,3.0,75.0,101.28333333333333,3.0,3.0,76.0,87.76666666666667,4.0,3.0,77.0,82.56666666666666,5.0,3.0,78.0,83.76666666666667,6.0,3.0,79.0,126.38333333333334,7.0,3.0,80.0,138.41666666666666,8.0,3.0,81.0,185.2,9.0,3.0,82.0,297.0833333333333,10.0,3.0,83.0,325.03333333333336,11.0,3.0,84.0,324.03333333333336,12.0,3.0,85.0,286.43333333333334,13.0,3.0,86.0,273.6,14.0,3.0,87.0,272.8,15.0,3.0,87.25,267.73333333333335,15.0,3.0,87.5,277.73333333333335,15.0,3.0,87.75,266.4,15.0,3.0,88.0,289.01666666666665,16.0
2.0,65.0,331.75,17.0,2.0,66.0,340.6,18.0,2.0,67.0,231.8,19.0,2.0,68.0,248.88333333333333,20.0,2.0,69.0,259.1166666666667,21.0,2.0,70.0,294.45,22.0,2.0,71.0,206.4,23.0,3.0,72.0,172.66666666666666,0.0,3.0,73.0,156.06666666666666,1.0,3.0,74.0,116.71666666666667,2.0,3.0,75.0,101.28333333333333,3.0,3.0,76.0,87.76666666666667,4.0,3.0,77.0,82.56666666666666,5.0,3.0,78.0,83.76666666666667,6.0,3.0,79.0,126.38333333333334,7.0,3.0,80.0,138.41666666666666,8.0,3.0,81.0,185.2,9.0,3.0,82.0,297.0833333333333,10.0,3.0,83.0,325.03333333333336,11.0,3.0,84.0,324.03333333333336,12.0,3.0,85.0,286.43333333333334,13.0,3.0,86.0,273.6,14.0,3.0,87.0,271.1666666666667,15.0,3.0,88.0,303.93333333333334,16.0,3.0,88.25,313.6666666666667,16.0,3.0,88.5,291.73333333333335,16.0,3.0,88.75,246.73333333333332,16.0,3.0,89.0,332.73333333333335,17.0
2.0,66.0,340.6,18.0,2.0,67.0,231.8,19.0,2.0,68.0,248.88333333333333,20.0,2.0,69.0,259.1166666666667,21.0,2.0,70.0,294.45,22.0,2.0,71.0,206.4,23.0,3.0,72.0,172.66666666666666,0.0,3.0,73.0,156.06666666666666,1.0,3.0,74.0,116.71666666666667,2.0,3.0,75.0,101.28333333333333,3.0,3.0,76.0,87.76666666666667,4.0,3.0,77.0,82.56666666666666,5.0,3.0,78.0,83.76666666666667,6.0,3.0,79.0,126.38333333333334,7.0,3.0,80.0,138.41666666666666,8.0,3.0,81.0,185.2,9.0,3.0,82.0,297.0833333333333,10.0,3.0,83.0,325.03333333333336,11.0,3.0,84.0,324.03333333333336,12.0,3.0,85.0,286.43333333333334,13.0,3.0,86.0,273.6,14.0,3.0,87.0,271.1666666666667,15.0,3.0,88.0,289.01666666666665,16.0,3.0,89.0,304.3333333333333,17.0,3.0,89.25,327.53333333333336,17.0,3.0,89.5,357.46666666666664,17.0,3.0,89.75,341.6,17.0,3.0,90.0,336.55,18.0
2.0,67.0,231.8,19.0,2.0,68.0,248.88333333333333,20.0,2.0,69.0,259.1166666666667,21.0,2.0,70.0,294.45,22.0,2.0,71.0,206.4,23.0,3.0,72.0,172.66666666666666,0.0,3.0,73.0,156.06666666666666,1.0,3.0,74.0,116.71666666666667,2.0,3.0,75.0,101.28333333333333,3.0,3.0,76.0,87.76666666666667,4.0,3.0,77.0,82.56666666666666,5.0,3.0,78.0,83.76666666666667,6.0,3.0,79.0,126.38333333333334,7.0,3.0,80.0,138.41666666666666,8.0,3.0,81.0,185.2,9.0,3.0,82.0,297.0833333333333,10.0,3.0,83.0,325.03333333333336,11.0,3.0,84.0,324.03333333333336,12.0,3.0,85.0,286.43333333333334,13.0,3.0,86.0,273.6,14.0,3.0,87.0,271.1666666666667,15.0,3.0,88.0,289.01666666666665,16.0,3.0,89.0,332.73333333333335,17.0,3.0,90.0,356.73333333333335,18.0,3.0,90.25,343.6666666666667,18.0,3.0,90.5,365.8,18.0,3.0,90.75,280.0,18.0,3.0,91.0,268.6,19.0
2.0,68.0,248.88333333333333,20.0,2.0,69.0,259.1166666666667,21.0,2.0,70.0,294.45,22.0,2.0,71.0,206.4,23.0,3.0,72.0,172.66666666666666,0.0,3.0,73.0,156.06666666666666,1.0,3.0,74.0,116.71666666666667,2.0,3.0,75.0,101.28333333333333,3.0,3.0,76.0,87.76666666666667,4.0,3.0,77.0,82.56666666666666,5.0,3.0,78.0,83.76666666666667,6.0,3.0,79.0,126.38333333333334,7.0,3.0,80.0,138.41666666666666,8.0,3.0,81.0,185.2,9.0,3.0,82.0,297.0833333333333,10.0,3.0,83.0,325.03333333333336,11.0,3.0,84.0,324.03333333333336,12.0,3.0,85.0,286.43333333333334,13.0,3.0,86.0,273.6,14.0,3.0,87.0,271.1666666666667,15.0,3.0,88.0,289.01666666666665,16.0,3.0,89.0,332.73333333333335,17.0,3.0,90.0,336.55,18.0,3.0,91.0,269.6666666666667,19.0,3.0,91.25,276.6,19.0,3.0,91.5,277.1333333333333,19.0,3.0,91.75,251.0,19.0,3.0,92.0,255.2,20.0
2.0,69.0,259.1166666666667,21.0,2.0,70.0,294.45,22.0,2.0,71.0,206.4,23.0,3.0,72.0,172.66666666666666,0.0,3.0,73.0,156.06666666666666,1.0,3.0,74.0,116.71666666666667,2.0,3.0,75.0,101.28333333333333,3.0,3.0,76.0,87.76666666666667,4.0,3.0,77.0,82.56666666666666,5.0,3.0,78.0,83.76666666666667,6.0,3.0,79.0,126.38333333333334,7.0,3.0,80.0,138.41666666666666,8.0,3.0,81.0,185.2,9.0,3.0,82.0,297.0833333333333,10.0,3.0,83.0,325.03333333333336,11.0,3.0,84.0,324.03333333333336,12.0,3.0,85.0,286.43333333333334,13.0,3.0,86.0,273.6,14.0,3.0,87.0,271.1666666666667,15.0,3.0,88.0,289.01666666666665,16.0,3.0,89.0,332.73333333333335,17.0,3.0,90.0,336.55,18.0,3.0,91.0,268.6,19.0,3.0,92.0,267.26666666666665,20.0,3.0,92.25,248.53333333333333,20.0,3.0,92.5,269.26666666666665,20.0,3.0,92.75,235.73333333333332,20.0,3.0,93.0,208.05,21.0
2.0,70.0,294.45,22.0,2.0,71.0,206.4,23.0,3.0,72.0,172.66666666666666,0.0,3.0,73.0,156.06666666666666,1.0,3.0,74.0,116.71666666666667,2.0,3.0,75.0,101.28333333333333,3.0,3.0,76.0,87.76666666666667,4.0,3.0,77.0,82.56666666666666,5.0,3.0,78.0,83.76666666666667,6.0,3.0,79.0,126.38333333333334,7.0,3.0,80.0,138.41666666666666,8.0,3.0,81.0,185.2,9.0,3.0,82.0,297.0833333333333,10.0,3.0,83.0,325.03333333333336,11.0,3.0,84.0,324.03333333333336,12.0,3.0,85.0,286.43333333333334,13.0,3.0,86.0,273.6,14.0,3.0,87.0,271.1666666666667,15.0,3.0,88.0,289.01666666666665,16.0,3.0,89.0,332.73333333333335,17.0,3.0,90.0,336.55,18.0,3.0,91.0,268.6,19.0,3.0,92.0,255.2,20.0,3.0,93.0,221.0,21.0,3.0,93.25,215.53333333333333,21.0,3.0,93.5,176.8,21.0,3.0,93.75,218.86666666666667,21.0,3.0,94.0,252.1,22.0
2.0,71.0,206.4,23.0,3.0,72.0,172.66666666666666,0.0,3.0,73.0,156.06666666666666,1.0,3.0,74.0,116.71666666666667,2.0,3.0,75.0,101.28333333333333,3.0,3.0,76.0,87.76666666666667,4.0,3.0,77.0,82.56666666666666,5.0,3.0,78.0,83.76666666666667,6.0,3.0,79.0,126.38333333333334,7.0,3.0,80.0,138.41666666666666,8.0,3.0,81.0,185.2,9.0,3.0,82.0,297.0833333333333,10.0,3.0,83.0,325.03333333333336,11.0,3.0,84.0,324.03333333333336,12.0,3.0,85.0,286.43333333333334,13.0,3.0,86.0,273.6,14.0,3.0,87.0,271.1666666666667,15.0,3.0,88.0,289.01666666666665,16.0,3.0,89.0,332.73333333333335,17.0,3.0,90.0,336.55,18.0,3.0,91.0,268.6,19.0,3.0,92.0,255.2,20.0,3.0,93.0,208.05,21.0,3.0,94.0,229.0,22.0,3.0,94.25,259.93333333333334,22.0,3.0,94.5,263.46666666666664,22.0,3.0,94.75,256.0,22.0,3.0,95.0,278.93333333333334,23.0
3.0,72.0,172.66666666666666,0.0,3.0,73.0,156.06666666666666,1.0,3.0,74.0,116.71666666666667,2.0,3.0,75.0,101.28333333333333,3.0,3.0,76.0,87.76666666666667,4.0,3.0,77.0,82.56666666666666,5.0,3.0,78.0,83.76666666666667,6.0,3.0,79.0,126.38333333333334,7.0,3.0,80.0,138.41666666666666,8.0,3.0,81.0,185.2,9.0,3.0,82.0,297.0833333333333,10.0,3.0,83.0,325.03333333333336,11.0,3.0,84.0,324.03333333333336,12.0,3.0,85.0,286.43333333333334,13.0,3.0,86.0,273.6,14.0,3.0,87.0,271.1666666666667,15.0,3.0,88.0,289.01666666666665,16.0,3.0,89.0,332.73333333333335,17.0,3.0,90.0,336.55,18.0,3.0,91.0,268.6,19.0,3.0,92.0,255.2,20.0,3.0,93.0,208.05,21.0,3.0,94.0,252.1,22.0,3.0,95.0,308.73333333333335,23.0,3.0,95.25,269.2,23.0,3.0,95.5,192.93333333333334,23.0,3.0,95.75,344.8666666666667,23.0,4.0,96.0,226.73333333333332,0.0
3.0,73.0,156.06666666666666,1.0,3.0,74.0,116.71666666666667,2.0,3.0,75.0,101.28333333333333,3.0,3.0,76.0,87.76666666666667,4.0,3.0,77.0,82.56666666666666,5.0,3.0,78.0,83.76666666666667,6.0,3.0,79.0,126.38333333333334,7.0,3.0,80.0,138.41666666666666,8.0,3.0,81.0,185.2,9.0,3.0,82.0,297.0833333333333,10.0,3.0,83.0,325.03333333333336,11.0,3.0,84.0,324.03333333333336,12.0,3.0,85.0,286.43333333333334,13.0,3.0,86.0,273.6,14.0,3.0,87.0,271.1666666666667,15.0,3.0,88.0,289.01666666666665,16.0,3.0,89.0,332.73333333333335,17.0,3.0,90.0,336.55,18.0,3.0,91.0,268.6,19.0,3.0,92.0,255.2,20.0,3.0,93.0,208.05,21.0,3.0,94.0,252.1,22.0,3.0,95.0,278.93333333333334,23.0,4.0,96.0,239.86666666666667,0.0,4.0,96.25,229.0,0.0,4.0,96.5,259.6,0.0,4.0,96.75,178.46666666666667,0.0,4.0,97.0,141.31666666666666,1.0
3.0,74.0,116.71666666666667,2.0,3.0,75.0,101.28333333333333,3.0,3.0,76.0,87.76666666666667,4.0,3.0,77.0,82.56666666666666,5.0,3.0,78.0,83.76666666666667,6.0,3.0,79.0,126.38333333333334,7.0,3.0,80.0,138.41666666666666,8.0,3.0,81.0,185.2,9.0,3.0,82.0,297.0833333333333,10.0,3.0,83.0,325.03333333333336,11.0,3.0,84.0,324.03333333333336,12.0,3.0,85.0,286.43333333333334,13.0,3.0,86.0,273.6,14.0,3.0,87.0,271.1666666666667,15.0,3.0,88.0,289.01666666666665,16.0,3.0,89.0,332.73333333333335,17.0,3.0,90.0,336.55,18.0,3.0,91.0,268.6,19.0,3.0,92.0,255.2,20.0,3.0,93.0,208.05,21.0,3.0,94.0,252.1,22.0,3.0,95.0,278.93333333333334,23.0,4.0,96.0,226.73333333333332,0.0,4.0,97.0,167.26666666666668,1.0,4.0,97.25,131.6,1.0,4.0,97.5,147.93333333333334,1.0,4.0,97.75,118.46666666666667,1.0,4.0,98.0,115.15,2.0
3.0,75.0,101.28333333333333,3.0,3.0,76.0,87.76666666666667,4.0,3.0,77.0,82.56666666666666,5.0,3.0,78.0,83.76666666666667,6.0,3.0,79.0,126.38333333333334,7.0,3.0,80.0,138.41666666666666,8.0,3.0,81.0,185.2,9.0,3.0,82.0,297.0833333333333,10.0,3.0,83.0,325.03333333333336,11.0,3.0,84.0,324.03333333333336,12.0,3.0,85.0,286.43333333333334,13.0,3.0,86.0,273.6,14.0,3.0,87.0,271.1666666666667,15.0,3.0,88.0,289.01666666666665,16.0,3.0,89.0,332.73333333333335,17.0,3.0,90.0,336.55,18.0,3.0,91.0,268.6,19.0,3.0,92.0,255.2,20.0,3.0,93.0,208.05,21.0,3.0,94.0,252.1,22.0,3.0,95.0,278.93333333333334,23.0,4.0,96.0,226.73333333333332,0.0,4.0,97.0,141.31666666666666,1.0,4.0,98.0,126.4,2.0,4.0,98.25,112.26666666666667,2.0,4.0,98.5,123.2,2.0,4.0,98.75,98.73333333333333,2.0,4.0,99.0,96.13333333333334,3.0
3.0,76.0,87.76666666666667,4.0,3.0,77.0,82.56666666666666,5.0,3.0,78.0,83.76666666666667,6.0,3.0,79.0,126.38333333333334,7.0,3.0,80.0,138.41666666666666,8.0,3.0,81.0,185.2,9.0,3.0,82.0,297.0833333333333,10.0,3.0,83.0,325.03333333333336,11.0,3.0,84.0,324.03333333333336,12.0,3.0,85.0,286.43333333333334,13.0,3.0,86.0,273.6,14.0,3.0,87.0,271.1666666666667,15.0,3.0,88.0,289.01666666666665,16.0,3.0,89.0,332.73333333333335,17.0,3.0,90.0,336.55,18.0,3.0,91.0,268.6,19.0,3.0,92.0,255.2,20.0,3.0,93.0,208.05,21.0,3.0,94.0,252.1,22.0,3.0,95.0,278.93333333333334,23.0,4.0,96.0,226.73333333333332,0.0,4.0,97.0,141.31666666666666,1.0,4.0,98.0,115.15,2.0,4.0,99.0,104.4,3.0,4.0,99.25,111.6,3.0,4.0,99.5,92.6,3.0,4.0,99.75,75.93333333333334,3.0,4.0,100.0,74.61666666666666,4.0
3.0,77.0,82.56666666666666,5.0,3.0,78.0,83.76666666666667,6.0,3.0,79.0,126.38333333333334,7.0,3.0,80.0,138.41666666666666,8.0,3.0,81.0,185.2,9.0,3.0,82.0,297.0833333333333,10.0,3.0,83.0,325.03333333333336,11.0,3.0,84.0,324.03333333333336,12.0,3.0,85.0,286.43333333333334,13.0,3.0,86.0,273.6,14.0,3.0,87.0,271.1666666666667,15.0,3.0,88.0,289.01666666666665,16.0,3.0,89.0,332.73333333333335,17.0,3.0,90.0,336.55,18.0,3.0,91.0,268.6,19.0,3.0,92.0,255.2,20.0,3.0,93.0,208.05,21.0,3.0,94.0,252.1,22.0,3.0,95.0,278.93333333333334,23.0,4.0,96.0,226.73333333333332,0.0,4.0,97.0,141.31666666666666,1.0,4.0,98.0,115.15,2.0,4.0,99.0,96.13333333333334,3.0,4.0,100.0,82.26666666666667,4.0,4.0,100.25,80.33333333333333,4.0,4.0,100.5,79.13333333333334,4.0,4.0,100.75,56.733333333333334,4.0,4.0,101.0,71.46666666666667,5.0
3.0,78.0,83.76666666666667,6.0,3.0,79.0,126.38333333333334,7.0,3.0,80.0,138.41666666666666,8.0,3.0,81.0,185.2,9.0,3.0,82.0,297.0833333333333,10.0,3.0,83.0,325.03333333333336,11.0,3.0,84.0,324.03333333333336,12.0,3.0,85.0,286.43333333333334,13.0,3.0,86.0,273.6,14.0,3.0,87.0,271.1666666666667,15.0,3.0,88.0,289.01666666666665,16.0,3.0,89.0,332.73333333333335,17.0,3.0,90.0,336.55,18.0,3.0,91.0,268.6,19.0,3.0,92.0,255.2,20.0,3.0,93.0,208.05,21.0,3.0,94.0,252.1,22.0,3.0,95.0,278.93333333333334,23.0,4.0,96.0,226.73333333333332,0.0,4.0,97.0,141.31666666666666,1.0,4.0,98.0,115.15,2.0,4.0,99.0,96.13333333333334,3.0,4.0,100.0,74.61666666666666,4.0,4.0,101.0,85.46666666666667,5.0,4.0,101.25,72.53333333333333,5.0,4.0,101.5,46.93333333333333,5.0,4.0,101.75,80.93333333333334,5.0,4.0,102.0,84.26666666666667,6.0
3.0,79.0,126.38333333333334,7.0,3.0,80.0,138.41666666666666,8.0,3.0,81.0,185.2,9.0,3.0,82.0,297.0833333333333,10.0,3.0,83.0,325.03333333333336,11.0,3.0,84.0,324.03333333333336,12.0,3.0,85.0,286.43333333333334,13.0,3.0,86.0,273.6,14.0,3.0,87.0,271.1666666666667,15.0,3.0,88.0,289.01666666666665,16.0,3.0,89.0,332.73333333333335,17.0,3.0,90.0,336.55,18.0,3.0,91.0,268.6,19.0,3.0,92.0,255.2,20.0,3.0,93.0,208.05,21.0,3.0,94.0,252.1,22.0,3.0,95.0,278.93333333333334,23.0,4.0,96.0,226.73333333333332,0.0,4.0,97.0,141.31666666666666,1.0,4.0,98.0,115.15,2.0,4.0,99.0,96.13333333333334,3.0,4.0,100.0,74.61666666666666,4.0,4.0,101.0,71.46666666666667,5.0,4.0,102.0,77.66666666666667,6.0,4.0,102.25,101.8,6.0,4.0,102.5,77.8,6.0,4.0,102.75,79.8,6.0,4.0,103.0,104.21666666666667,7.0
3.0,80.0,138.41666666666666,8.0,3.0,81.0,185.2,9.0,3.0,82.0,297.0833333333333,10.0,3.0,83.0,325.03333333333336,11.0,3.0,84.0,324.03333333333336,12.0,3.0,85.0,286.43333333333334,13.0,3.0,86.0,273.6,14.0,3.0,87.0,271.1666666666667,15.0,3.0,88.0,289.01666666666665,16.0,3.0,89.0,332.73333333333335,17.0,3.0,90.0,336.55,18.0,3.0,91.0,268.6,19.0,3.0,92.0,255.2,20.0,3.0,93.0,208.05,21.0,3.0,94.0,252.1,22.0,3.0,95.0,278.93333333333334,23.0,4.0,96.0,226.73333333333332,0.0,4.0,97.0,141.31666666666666,1.0,4.0,98.0,115.15,2.0,4.0,99.0,96.13333333333334,3.0,4.0,100.0,74.61666666666666,4.0,4.0,101.0,71.46666666666667,5.0,4.0,102.0,84.26666666666667,6.0,4.0,103.0,84.33333333333333,7.0,4.0,103.25,110.2,7.0,4.0,103.5,114.2,7.0,4.0,103.75,108.13333333333334,7.0,4.0,104.0,181.93333333333334,8.0
3.0,81.0,185.2,9.0,3.0,82.0,297.0833333333333,10.0,3.0,83.0,325.03333333333336,11.0,3.0,84.0,324.03333333333336,12.0,3.0,85.0,286.43333333333334,13.0,3.0,86.0,273.6,14.0,3.0,87.0,271.1666666666667,15.0,3.0,88.0,289.01666666666665,16.0,3.0,89.0,332.73333333333335,17.0,3.0,90.0,336.55,18.0,3.0,91.0,268.6,19.0,3.0,92.0,255.2,20.0,3.0,93.0,208.05,21.0,3.0,94.0,252.1,22.0,3.0,95.0,278.93333333333334,23.0,4.0,96.0,226.73333333333332,0.0,4.0,97.0,141.31666666666666,1.0,4.0,98.0,115.15,2.0,4.0,99.0,96.13333333333334,3.0,4.0,100.0,74.61666666666666,4.0,4.0,101.0,71.46666666666667,5.0,4.0,102.0,84.26666666666667,6.0,4.0,103.0,104.21666666666667,7.0,4.0,104.0,187.06666666666666,8.0,4.0,104.25,162.06666666666666,8.0,4.0,104.5,182.4,8.0,4.0,104.75,196.2,8.0,4.0,105.0,171.98333333333332,9.0
3.0,82.0,297.0833333333333,10.0,3.0,83.0,325.03333333333336,11.0,3.0,84.0,324.03333333333336,12.0,3.0,85.0,286.43333333333334,13.0,3.0,86.0,273.6,14.0,3.0,87.0,271.1666666666667,15.0,3.0,88.0,289.01666666666665,16.0,3.0,89.0,332.73333333333335,17.0,3.0,90.0,336.55,18.0,3.0,91.0,268.6,19.0,3.0,92.0,255.2,20.0,3.0,93.0,208.05,21.0,3.0,94.0,252.1,22.0,3.0,95.0,278.93333333333334,23.0,4.0,96.0,226.73333333333332,0.0,4.0,97.0,141.31666666666666,1.0,4.0,98.0,115.15,2.0,4.0,99.0,96.13333333333334,3.0,4.0,100.0,74.61666666666666,4.0,4.0,101.0,71.46666666666667,5.0,4.0,102.0,84.26666666666667,6.0,4.0,103.0,104.21666666666667,7.0,4.0,104.0,181.93333333333334,8.0,4.0,105.0,183.6,9.0,4.0,105.25,180.86666666666667,9.0,4.0,105.5,213.2,9.0,4.0,105.75,110.26666666666667,9.0,4.0,106.0,333.0,10.0
3.0,83.0,325.03333333333336,11.0,3.0,84.0,324.03333333333336,12.0,3.0,85.0,286.43333333333334,13.0,3.0,86.0,273.6,14.0,3.0,87.0,271.1666666666667,15.0,3.0,88.0,289.01666666666665,16.0,3.0,89.0,332.73333333333335,17.0,3.0,90.0,336.55,18.0,3.0,91.0,268.6,19.0,3.0,92.0,255.2,20.0,3.0,93.0,208.05,21.0,3.0,94.0,252.1,22.0,3.0,95.0,278.93333333333334,23.0,4.0,96.0,226.73333333333332,0.0,4.0,97.0,141.31666666666666,1.0,4.0,98.0,115.15,2.0,4.0,99.0,96.13333333333334,3.0,4.0,100.0,74.61666666666666,4.0,4.0,101.0,71.46666666666667,5.0,4.0,102.0,84.26666666666667,6.0,4.0,103.0,104.21666666666667,7.0,4.0,104.0,181.93333333333334,8.0,4.0,105.0,171.98333333333332,9.0,4.0,106.0,372.6666666666667,10.0,4.0,106.25,268.53333333333336,10.0,4.0,106.5,324.53333333333336,10.0,4.0,106.75,366.26666666666665,10.0,4.0,107.0,345.35,11.0
3.0,84.0,324.03333333333336,12.0,3.0,85.0,286.43333333333334,13.0,3.0,86.0,273.6,14.0,3.0,87.0,271.1666666666667,15.0,3.0,88.0,289.01666666666665,16.0,3.0,89.0,332.73333333333335,17.0,3.0,90.0,336.55,18.0,3.0,91.0,268.6,19.0,3.0,92.0,255.2,20.0,3.0,93.0,208.05,21.0,3.0,94.0,252.1,22.0,3.0,95.0,278.93333333333334,23.0,4.0,96.0,226.73333333333332,0.0,4.0,97.0,141.31666666666666,1.0,4.0,98.0,115.15,2.0,4.0,99.0,96.13333333333334,3.0,4.0,100.0,74.61666666666666,4.0,4.0,101.0,71.46666666666667,5.0,4.0,102.0,84.26666666666667,6.0,4.0,103.0,104.21666666666667,7.0,4.0,104.0,181.93333333333334,8.0,4.0,105.0,171.98333333333332,9.0,4.0,106.0,333.0,10.0,4.0,107.0,352.4,11.0,4.0,107.25,361.93333333333334,11.0,4.0,107.5,343.26666666666665,11.0,4.0,107.75,323.8,11.0,4.0,108.0,325.21666666666664,12.0
3.0,85.0,286.43333333333334,13.0,3.0,86.0,273.6,14.0,3.0,87.0,271.1666666666667,15.0,3.0,88.0,289.01666666666665,16.0,3.0,89.0,332.73333333333335,17.0,3.0,90.0,336.55,18.0,3.0,91.0,268.6,19.0,3.0,92.0,255.2,20.0,3.0,93.0,208.05,21.0,3.0,94.0,252.1,22.0,3.0,95.0,278.93333333333334,23.0,4.0,96.0,226.73333333333332,0.0,4.0,97.0,141.31666666666666,1.0,4.0,98.0,115.15,2.0,4.0,99.0,96.13333333333334,3.0,4.0,100.0,74.61666666666666,4.0,4.0,101.0,71.46666666666667,5.0,4.0,102.0,84.26666666666667,6.0,4.0,103.0,104.21666666666667,7.0,4.0,104.0,181.93333333333334,8.0,4.0,105.0,171.98333333333332,9.0,4.0,106.0,333.0,10.0,4.0,107.0,345.35,11.0,4.0,108.0,350.6666666666667,12.0,4.0,108.25,333.3333333333333,12.0,4.0,108.5,317.3333333333333,12.0,4.0,108.75,299.53333333333336,12.0,4.0,109.0,306.0,13.0
3.0,86.0,273.6,14.0,3.0,87.0,271.1666666666667,15.0,3.0,88.0,289.01666666666665,16.0,3.0,89.0,332.73333333333335,17.0,3.0,90.0,336.55,18.0,3.0,91.0,268.6,19.0,3.0,92.0,255.2,20.0,3.0,93.0,208.05,21.0,3.0,94.0,252.1,22.0,3.0,95.0,278.93333333333334,23.0,4.0,96.0,226.73333333333332,0.0,4.0,97.0,141.31666666666666,1.0,4.0,98.0,115.15,2.0,4.0,99.0,96.13333333333334,3.0,4.0,100.0,74.61666666666666,4.0,4.0,101.0,71.46666666666667,5.0,4.0,102.0,84.26666666666667,6.0,4.0,103.0,104.21666666666667,7.0,4.0,104.0,181.93333333333334,8.0,4.0,105.0,171.98333333333332,9.0,4.0,106.0,333.0,10.0,4.0,107.0,345.35,11.0,4.0,108.0,325.21666666666664,12.0,4.0,109.0,313.46666666666664,13.0,4.0,109.25,302.73333333333335,13.0,4.0,109.5,305.6666666666667,13.0,4.0,109.75,302.1333333333333,13.0,4.0,110.0,319.56666666666666,14.0
3.0,87.0,271.1666666666667,15.0,3.0,88.0,289.01666666666665,16.0,3.0,89.0,332.73333333333335,17.0,3.0,90.0,336.55,18.0,3.0,91.0,268.6,19.0,3.0,92.0,255.2,20.0,3.0,93.0,208.05,21.0,3.0,94.0,252.1,22.0,3.0,95.0,278.93333333333334,23.0,4.0,96.0,226.73333333333332,0.0,4.0,97.0,141.31666666666666,1.0,4.0,98.0,115.15,2.0,4.0,99.0,96.13333333333334,3.0,4.0,100.0,74.61666666666666,4.0,4.0,101.0,71.46666666666667,5.0,4.0,102.0,84.26666666666667,6.0,4.0,103.0,104.21666666666667,7.0,4.0,104.0,181.93333333333334,8.0,4.0,105.0,171.98333333333332,9.0,4.0,106.0,333.0,10.0,4.0,107.0,345.35,11.0,4.0,108.0,325.21666666666664,12.0,4.0,109.0,306.0,13.0,4.0,110.0,325.1333333333333,14.0,4.0,110.25,318.4,14.0,4.0,110.5,336.06666666666666,14.0,4.0,110.75,298.6666666666667,14.0,4.0,111.0,344.35,15.0
3.0,88.0,289.01666666666665,16.0,3.0,89.0,332.73333333333335,17.0,3.0,90.0,336.55,18.0,3.0,91.0,268.6,19.0,3.0,92.0,255.2,20.0,3.0,93.0,208.05,21.0,3.0,94.0,252.1,22.0,3.0,95.0,278.93333333333334,23.0,4.0,96.0,226.73333333333332,0.0,4.0,97.0,141.31666666666666,1.0,4.0,98.0,115.15,2.0,4.0,99.0,96.13333333333334,3.0,4.0,100.0,74.61666666666666,4.0,4.0,101.0,71.46666666666667,5.0,4.0,102.0,84.26666666666667,6.0,4.0,103.0,104.21666666666667,7.0,4.0,104.0,181.93333333333334,8.0,4.0,105.0,171.98333333333332,9.0,4.0,106.0,333.0,10.0,4.0,107.0,345.35,11.0,4.0,108.0,325.21666666666664,12.0,4.0,109.0,306.0,13.0,4.0,110.0,319.56666666666666,14.0,4.0,111.0,356.4,15.0,4.0,111.25,331.4,15.0,4.0,111.5,360.53333333333336,15.0,4.0,111.75,329.06666666666666,15.0,4.0,112.0,350.9166666666667,16.0
3.0,89.0,332.73333333333335,17.0,3.0,90.0,336.55,18.0,3.0,91.0,268.6,19.0,3.0,92.0,255.2,20.0,3.0,93.0,208.05,21.0,3.0,94.0,252.1,22.0,3.0,95.0,278.93333333333334,23.0,4.0,96.0,226.73333333333332,0.0,4.0,97.0,141.31666666666666,1.0,4.0,98.0,115.15,2.0,4.0,99.0,96.13333333333334,3.0,4.0,100.0,74.61666666666666,4.0,4.0,101.0,71.46666666666667,5.0,4.0,102.0,84.26666666666667,6.0,4.0,103.0,104.21666666666667,7.0,4.0,104.0,181.93333333333334,8.0,4.0,105.0,171.98333333333332,9.0,4.0,106.0,333.0,10.0,4.0,107.0,345.35,11.0,4.0,108.0,325.21666666666664,12.0,4.0,109.0,306.0,13.0,4.0,110.0,319.56666666666666,14.0,4.0,111.0,344.35,15.0,4.0,112.0,365.6,16.0,4.0,112.25,356.1333333333333,16.0,4.0,112.5,371.3333333333333,16.0,4.0,112.75,310.6,16.0,4.0,113.0,349.23333333333335,17.0
3.0,90.0,336.55,18.0,3.0,91.0,268.6,19.0,3.0,92.0,255.2,20.0,3.0,93.0,208.05,21.0,3.0,94.0,252.1,22.0,3.0,95.0,278.93333333333334,23.0,4.0,96.0,226.73333333333332,0.0,4.0,97.0,141.31666666666666,1.0,4.0,98.0,115.15,2.0,4.0,99.0,96.13333333333334,3.0,4.0,100.0,74.61666666666666,4.0,4.0,101.0,71.46666666666667,5.0,4.0,102.0,84.26666666666667,6.0,4.0,103.0,104.21666666666667,7.0,4.0,104.0,181.93333333333334,8.0,4.0,105.0,171.98333333333332,9.0,4.0,106.0,333.0,10.0,4.0,107.0,345.35,11.0,4.0,108.0,325.21666666666664,12.0,4.0,109.0,306.0,13.0,4.0,110.0,319.56666666666666,14.0,4.0,111.0,344.35,15.0,4.0,112.0,350.9166666666667,16.0,4.0,113.0,364.3333333333333,17.0,4.0,113.25,311.1333333333333,17.0,4.0,113.5,375.4,17.0,4.0,113.75,346.06666666666666,17.0,4.0,114.0,343.01666666666665,18.0
3.0,91.0,268.6,19.0,3.0,92.0,255.2,20.0,3.0,93.0,208.05,21.0,3.0,94.0,252.1,22.0,3.0,95.0,278.93333333333334,23.0,4.0,96.0,226.73333333333332,0.0,4.0,97.0,141.31666666666666,1.0,4.0,98.0,115.15,2.0,4.0,99.0,96.13333333333334,3.0,4.0,100.0,74.61666666666666,4.0,4.0,101.0,71.46666666666667,5.0,4.0,102.0,84.26666666666667,6.0,4.0,103.0,104.21666666666667,7.0,4.0,104.0,181.93333333333334,8.0,4.0,105.0,171.98333333333332,9.0,4.0,106.0,333.0,10.0,4.0,107.0,345.35,11.0,4.0,108.0,325.21666666666664,12.0,4.0,109.0,306.0,13.0,4.0,110.0,319.56666666666666,14.0,4.0,111.0,344.35,15.0,4.0,112.0,350.9166666666667,16.0,4.0,113.0,349.23333333333335,17.0,4.0,114.0,358.4,18.0,4.0,114.25,343.93333333333334,18.0,4.0,114.5,331.73333333333335,18.0,4.0,114.75,338.0,18.0,4.0,115.0,290.28333333333336,19.0
3.0,92.0,255.2,20.0,3.0,93.0,208.05,21.0,3.0,94.0,252.1,22.0,3.0,95.0,278.93333333333334,23.0,4.0,96.0,226.73333333333332,0.0,4.0,97.0,141.31666666666666,1.0,4.0,98.0,115.15,2.0,4.0,99.0,96.13333333333334,3.0,4.0,100.0,74.61666666666666,4.0,4.0,101.0,71.46666666666667,5.0,4.0,102.0,84.26666666666667,6.0,4.0,103.0,104.21666666666667,7.0,4.0,104.0,181.93333333333334,8.0,4.0,105.0,171.98333333333332,9.0,4.0,106.0,333.0,10.0,4.0,107.0,345.35,11.0,4.0,108.0,325.21666666666664,12.0,4.0,109.0,306.0,13.0,4.0,110.0,319.56666666666666,14.0,4.0,111.0,344.35,15.0,4.0,112.0,350.9166666666667,16.0,4.0,113.0,349.23333333333335,17.0,4.0,114.0,343.01666666666665,18.0,4.0,115.0,324.06666666666666,19.0,4.0,115.25,260.6,19.0,4.0,115.5,293.26666666666665,19.0,4.0,115.75,283.2,19.0,4.0,116.0,262.6,20.0
3.0,93.0,208.05,21.0,3.0,94.0,252.1,22.0,3.0,95.0,278.93333333333334,23.0,4.0,96.0,226.73333333333332,0.0,4.0,97.0,141.31666666666666,1.0,4.0,98.0,115.15,2.0,4.0,99.0,96.13333333333334,3.0,4.0,100.0,74.61666666666666,4.0,4.0,101.0,71.46666666666667,5.0,4.0,102.0,84.26666666666667,6.0,4.0,103.0,104.21666666666667,7.0,4.0,104.0,181.93333333333334,8.0,4.0,105.0,171.98333333333332,9.0,4.0,106.0,333.0,10.0,4.0,107.0,345.35,11.0,4.0,108.0,325.21666666666664,12.0,4.0,109.0,306.0,13.0,4.0,110.0,319.56666666666666,14.0,4.0,111.0,344.35,15.0,4.0,112.0,350.9166666666667,16.0,4.0,113.0,349.23333333333335,17.0,4.0,114.0,343.01666666666665,18.0,4.0,115.0,290.28333333333336,19.0,4.0,116.0,294.0,20.0,4.0,116.25,270.6666666666667,20.0,4.0,116.5,261.8666666666667,20.0,4.0,116.75,223.86666666666667,20.0,4.0,117.0,239.6,21.0
3.0,94.0,252.1,22.0,3.0,95.0,278.93333333333334,23.0,4.0,96.0,226.73333333333332,0.0,4.0,97.0,141.31666666666666,1.0,4.0,98.0,115.15,2.0,4.0,99.0,96.13333333333334,3.0,4.0,100.0,74.61666666666666,4.0,4.0,101.0,71.46666666666667,5.0,4.0,102.0,84.26666666666667,6.0,4.0,103.0,104.21666666666667,7.0,4.0,104.0,181.93333333333334,8.0,4.0,105.0,171.98333333333332,9.0,4.0,106.0,333.0,10.0,4.0,107.0,345.35,11.0,4.0,108.0,325.21666666666664,12.0,4.0,109.0,306.0,13.0,4.0,110.0,319.56666666666666,14.0,4.0,111.0,344.35,15.0,4.0,112.0,350.9166666666667,16.0,4.0,113.0,349.23333333333335,17.0,4.0,114.0,343.01666666666665,18.0,4.0,115.0,290.28333333333336,19.0,4.0,116.0,262.6,20.0,4.0,117.0,245.8,21.0,4.0,117.25,230.13333333333333,21.0,4.0,117.5,238.86666666666667,21.0,4.0,117.75,243.6,21.0,4.0,118.0,269.4166666666667,22.0
3.0,95.0,278.93333333333334,23.0,4.0,96.0,226.73333333333332,0.0,4.0,97.0,141.31666666666666,1.0,4.0,98.0,115.15,2.0,4.0,99.0,96.13333333333334,3.0,4.0,100.0,74.61666666666666,4.0,4.0,101.0,71.46666666666667,5.0,4.0,102.0,84.26666666666667,6.0,4.0,103.0,104.21666666666667,7.0,4.0,104.0,181.93333333333334,8.0,4.0,105.0,171.98333333333332,9.0,4.0,106.0,333.0,10.0,4.0,107.0,345.35,11.0,4.0,108.0,325.21666666666664,12.0,4.0,109.0,306.0,13.0,4.0,110.0,319.56666666666666,14.0,4.0,111.0,344.35,15.0,4.0,112.0,350.9166666666667,16.0,4.0,113.0,349.23333333333335,17.0,4.0,114.0,343.01666666666665,18.0,4.0,115.0,290.28333333333336,19.0,4.0,116.0,262.6,20.0,4.0,117.0,239.6,21.0,4.0,118.0,228.93333333333334,22.0,4.0,118.25,315.1333333333333,22.0,4.0,118.5,293.8666666666667,22.0,4.0,118.75,239.73333333333332,22.0,4.0,119.0,236.83333333333334,23.0
4.0,96.0,226.73333333333332,0.0,4.0,97.0,141.31666666666666,1.0,4.0,98.0,115.15,2.0,4.0,99.0,96.13333333333334,3.0,4.0,100.0,74.61666666666666,4.0,4.0,101.0,71.46666666666667,5.0,4.0,102.0,84.26666666666667,6.0,4.0,103.0,104.21666666666667,7.0,4.0,104.0,181.93333333333334,8.0,4.0,105.0,171.98333333333332,9.0,4.0,106.0,333.0,10.0,4.0,107.0,345.35,11.0,4.0,108.0,325.21666666666664,12.0,4.0,109.0,306.0,13.0,4.0,110.0,319.56666666666666,14.0,4.0,111.0,344.35,15.0,4.0,112.0,350.9166666666667,16.0,4.0,113.0,349.23333333333335,17.0,4.0,114.0,343.01666666666665,18.0,4.0,115.0,290.28333333333336,19.0,4.0,116.0,262.6,20.0,4.0,117.0,239.6,21.0,4.0,118.0,269.4166666666667,22.0,4.0,119.0,263.93333333333334,23.0,4.0,119.25,234.13333333333333,23.0,4.0,119.5,240.06666666666666,23.0,4.0,119.75,209.2,23.0,5.0,120.0,193.31666666666666,0.0
4.0,97.0,141.31666666666666,1.0,4.0,98.0,115.15,2.0,4.0,99.0,96.13333333333334,3.0,4.0,100.0,74.61666666666666,4.0,4.0,101.0,71.46666666666667,5.0,4.0,102.0,84.26666666666667,6.0,4.0,103.0,104.21666666666667,7.0,4.0,104.0,181.93333333333334,8.0,4.0,105.0,171.98333333333332,9.0,4.0,106.0,333.0,10.0,4.0,107.0,345.35,11.0,4.0,108.0,325.21666666666664,12.0,4.0,109.0,306.0,13.0,4.0,110.0,319.56666666666666,14.0,4.0,111.0,344.35,15.0,4.0,112.0,350.9166666666667,16.0,4.0,113.0,349.23333333333335,17.0,4.0,114.0,343.01666666666665,18.0,4.0,115.0,290.28333333333336,19.0,4.0,116.0,262.6,20.0,4.0,117.0,239.6,21.0,4.0,118.0,269.4166666666667,22.0,4.0,119.0,236.83333333333334,23.0,5.0,120.0,177.4,0.0,5.0,120.25,229.2,0.0,5.0,120.5,171.26666666666668,0.0,5.0,120.75,195.4,0.0,5.0,121.0,178.28333333333333,1.0
4.0,98.0,115.15,2.0,4.0,99.0,96.13333333333334,3.0,4.0,100.0,74.61666666666666,4.0,4.0,101.0,71.46666666666667,5.0,4.0,102.0,84.26666666666667,6.0,4.0,103.0,104.21666666666667,7.0,4.0,104.0,181.93333333333334,8.0,4.0,105.0,171.98333333333332,9.0,4.0,106.0,333.0,10.0,4.0,107.0,345.35,11.0,4.0,108.0,325.21666666666664,12.0,4.0,109.0,306.0,13.0,4.0,110.0,319.56666666666666,14.0,4.0,111.0,344.35,15.0,4.0,112.0,350.9166666666667,16.0,4.0,113.0,349.23333333333335,17.0,4.0,114.0,343.01666666666665,18.0,4.0,115.0,290.28333333333336,19.0,4.0,116.0,262.6,20.0,4.0,117.0,239.6,21.0,4.0,118.0,269.4166666666667,22.0,4.0,119.0,236.83333333333334,23.0,5.0,120.0,193.31666666666666,0.0,5.0,121.0,183.93333333333334,1.0,5.0,121.25,194.93333333333334,1.0,5.0,121.5,166.73333333333332,1.0,5.0,121.75,167.53333333333333,1.0,5.0,122.0,107.88333333333334,2.0
4.0,99.0,96.13333333333334,3.0,4.0,100.0,74.61666666666666,4.0,4.0,101.0,71.46666666666667,5.0,4.0,102.0,84.26666666666667,6.0,4.0,103.0,104.21666666666667,7.0,4.0,104.0,181.93333333333334,8.0,4.0,105.0,171.98333333333332,9.0,4.0,106.0,333.0,10.0,4.0,107.0,345.35,11.0,4.0,108.0,325.21666666666664,12.0,4.0,109.0,306.0,13.0,4.0,110.0,319.56666666666666,14.0,4.0,111.0,344.35,15.0,4.0,112.0,350.9166666666667,16.0,4.0,113.0,349.23333333333335,17.0,4.0,114.0,343.01666666666665,18.0,4.0,115.0,290.28333333333336,19.0,4.0,116.0,262.6,20.0,4.0,117.0,239.6,21.0,4.0,118.0,269.4166666666667,22.0,4.0,119.0,236.83333333333334,23.0,5.0,120.0,193.31666666666666,0.0,5.0,121.0,178.28333333333333,1.0,5.0,122.0,145.6,2.0,5.0,122.25,119.06666666666666,2.0,5.0,122.5,68.46666666666667,2.0,5.0,122.75,98.4,2.0,5.0,123.0,95.8,3.0
4.0,100.0,74.61666666666666,4.0,4.0,101.0,71.46666666666667,5.0,4.0,102.0,84.26666666666667,6.0,4.0,103.0,104.21666666666667,7.0,4.0,104.0,181.93333333333334,8.0,4.0,105.0,171.98333333333332,9.0,4.0,106.0,333.0,10.0,4.0,107.0,345.35,11.0,4.0,108.0,325.21666666666664,12.0,4.0,109.0,306.0,13.0,4.0,110.0,319.56666666666666,14.0,4.0,111.0,344.35,15.0,4.0,112.0,350.9166666666667,16.0,4.0,113.0,349.23333333333335,17.0,4.0,114.0,343.01666666666665,18.0,4.0,115.0,290.28333333333336,19.0,4.0,116.0,262.6,20.0,4.0,117.0,239.6,21.0,4.0,118.0,269.4166666666667,22.0,4.0,119.0,236.83333333333334,23.0,5.0,120.0,193.31666666666666,0.0,5.0,121.0,178.28333333333333,1.0,5.0,122.0,107.88333333333334,2.0,5.0,123.0,92.86666666666666,3.0,5.0,123.25,92.93333333333334,3.0,5.0,123.5,101.06666666666666,3.0,5.0,123.75,96.33333333333333,3.0,5.0,124.0,69.68333333333334,4.0
4.0,101.0,71.46666666666667,5.0,4.0,102.0,84.26666666666667,6.0,4.0,103.0,104.21666666666667,7.0,4.0,104.0,181.93333333333334,8.0,4.0,105.0,171.98333333333332,9.0,4.0,106.0,333.0,10.0,4.0,107.0,345.35,11.0,4.0,108.0,325.21666666666664,12.0,4.0,109.0,306.0,13.0,4.0,110.0,319.56666666666666,14.0,4.0,111.0,344.35,15.0,4.0,112.0,350.9166666666667,16.0,4.0,113.0,349.23333333333335,17.0,4.0,114.0,343.01666666666665,18.0,4.0,115.0,290.28333333333336,19.0,4.0,116.0,262.6,20.0,4.0,117.0,239.6,21.0,4.0,118.0,269.4166666666667,22.0,4.0,119.0,236.83333333333334,23.0,5.0,120.0,193.31666666666666,0.0,5.0,121.0,178.28333333333333,1.0,5.0,122.0,107.88333333333334,2.0,5.0,123.0,95.8,3.0,5.0,124.0,77.26666666666667,4.0,5.0,124.25,72.66666666666667,4.0,5.0,124.5,66.86666666666666,4.0,5.0,124.75,61.93333333333333,4.0,5.0,125.0,69.93333333333334,5.0
4.0,102.0,84.26666666666667,6.0,4.0,103.0,104.21666666666667,7.0,4.0,104.0,181.93333333333334,8.0,4.0,105.0,171.98333333333332,9.0,4.0,106.0,333.0,10.0,4.0,107.0,345.35,11.0,4.0,108.0,325.21666666666664,12.0,4.0,109.0,306.0,13.0,4.0,110.0,319.56666666666666,14.0,4.0,111.0,344.35,15.0,4.0,112.0,350.9166666666667,16.0,4.0,113.0,349.23333333333335,17.0,4.0,114.0,343.01666666666665,18.0,4.0,115.0,290.28333333333336,19.0,4.0,116.0,262.6,20.0,4.0,117.0,239.6,21.0,4.0,118.0,269.4166666666667,22.0,4.0,119.0,236.83333333333334,23.0,5.0,120.0,193.31666666666666,0.0,5.0,121.0,178.28333333333333,1.0,5.0,122.0,107.88333333333334,2.0,5.0,123.0,95.8,3.0,5.0,124.0,69.68333333333334,4.0,5.0,125.0,47.4,5.0,5.0,125.25,80.0,5.0,5.0,125.5,74.33333333333333,5.0,5.0,125.75,78.0,5.0,5.0,126.0,95.18333333333334,6.0
4.0,103.0,104.21666666666667,7.0,4.0,104.0,181.93333333333334,8.0,4.0,105.0,171.98333333333332,9.0,4.0,106.0,333.0,10.0,4.0,107.0,345.35,11.0,4.0,108.0,325.21666666666664,12.0,4.0,109.0,306.0,13.0,4.0,110.0,319.56666666666666,14.0,4.0,111.0,344.35,15.0,4.0,112.0,350.9166666666667,16.0,4.0,113.0,349.23333333333335,17.0,4.0,114.0,343.01666666666665,18.0,4.0,115.0,290.28333333333336,19.0,4.0,116.0,262.6,20.0,4.0,117.0,239.6,21.0,4.0,118.0,269.4166666666667,22.0,4.0,119.0,236.83333333333334,23.0,5.0,120.0,193.31666666666666,0.0,5.0,121.0,178.28333333333333,1.0,5.0,122.0,107.88333333333334,2.0,5.0,123.0,95.8,3.0,5.0,124.0,69.68333333333334,4.0,5.0,125.0,69.93333333333334,5.0,5.0,126.0,87.8,6.0,5.0,126.25,109.46666666666667,6.0,5.0,126.5,86.93333333333334,6.0,5.0,126.75,96.53333333333333,6.0,5.0,127.0,100.33333333333333,7.0
4.0,104.0,181.93333333333334,8.0,4.0,105.0,171.98333333333332,9.0,4.0,106.0,333.0,10.0,4.0,107.0,345.35,11.0,4.0,108.0,325.21666666666664,12.0,4.0,109.0,306.0,13.0,4.0,110.0,319.56666666666666,14.0,4.0,111.0,344.35,15.0,4.0,112.0,350.9166666666667,16.0,4.0,113.0,349.23333333333335,17.0,4.0,114.0,343.01666666666665,18.0,4.0,115.0,290.28333333333336,19.0,4.0,116.0,262.6,20.0,4.0,117.0,239.6,21.0,4.0,118.0,269.4166666666667,22.0,4.0,119.0,236.83333333333334,23.0,5.0,120.0,193.31666666666666,0.0,5.0,121.0,178.28333333333333,1.0,5.0,122.0,107.88333333333334,2.0,5.0,123.0,95.8,3.0,5.0,124.0,69.68333333333334,4.0,5.0,125.0,69.93333333333334,5.0,5.0,126.0,95.18333333333334,6.0,5.0,127.0,92.86666666666666,7.0,5.0,127.25,109.46666666666667,7.0,5.0,127.5,92.73333333333333,7.0,5.0,127.75,106.26666666666667,7.0,5.0,128.0,138.08333333333334,8.0
4.0,105.0,171.98333333333332,9.0,4.0,106.0,333.0,10.0,4.0,107.0,345.35,11.0,4.0,108.0,325.21666666666664,12.0,4.0,109.0,306.0,13.0,4.0,110.0,319.56666666666666,14.0,4.0,111.0,344.35,15.0,4.0,112.0,350.9166666666667,16.0,4.0,113.0,349.23333333333335,17.0,4.0,114.0,343.01666666666665,18.0,4.0,115.0,290.28333333333336,19.0,4.0,116.0,262.6,20.0,4.0,117.0,239.6,21.0,4.0,118.0,269.4166666666667,22.0,4.0,119.0,236.83333333333334,23.0,5.0,120.0,193.31666666666666,0.0,5.0,121.0,178.28333333333333,1.0,5.0,122.0,107.88333333333334,2.0,5.0,123.0,95.8,3.0,5.0,124.0,69.68333333333334,4.0,5.0,125.0,69.93333333333334,5.0,5.0,126.0,95.18333333333334,6.0,5.0,127.0,100.33333333333333,7.0,5.0,128.0,165.2,8.0,5.0,128.25,154.73333333333332,8.0,5.0,128.5,130.13333333333333,8.0,5.0,128.75,102.26666666666667,8.0,5.0,129.0,181.26666666666668,9.0
4.0,106.0,333.0,10.0,4.0,107.0,345.35,11.0,4.0,108.0,325.21666666666664,12.0,4.0,109.0,306.0,13.0,4.0,110.0,319.56666666666666,14.0,4.0,111.0,344.35,15.0,4.0,112.0,350.9166666666667,16.0,4.0,113.0,349.23333333333335,17.0,4.0,114.0,343.01666666666665,18.0,4.0,115.0,290.28333333333336,19.0,4.0,116.0,262.6,20.0,4.0,117.0,239.6,21.0,4.0,118.0,269.4166666666667,22.0,4.0,119.0,236.83333333333334,23.0,5.0,120.0,193.31666666666666,0.0,5.0,121.0,178.28333333333333,1.0,5.0,122.0,107.88333333333334,2.0,5.0,123.0,95.8,3.0,5.0,124.0,69.68333333333334,4.0,5.0,125.0,69.93333333333334,5.0,5.0,126.0,95.18333333333334,6.0,5.0,127.0,100.33333333333333,7.0,5.0,128.0,138.08333333333334,8.0,5.0,129.0,142.0,9.0,5.0,129.25,167.4,9.0,5.0,129.5,220.26666666666668,9.0,5.0,129.75,195.4,9.0,5.0,130.0,296.23333333333335,10.0
4.0,107.0,345.35,11.0,4.0,108.0,325.21666666666664,12.0,4.0,109.0,306.0,13.0,4.0,110.0,319.56666666666666,14.0,4.0,111.0,344.35,15.0,4.0,112.0,350.9166666666667,16.0,4.0,113.0,349.23333333333335,17.0,4.0,114.0,343.01666666666665,18.0,4.0,115.0,290.28333333333336,19.0,4.0,116.0,262.6,20.0,4.0,117.0,239.6,21.0,4.0,118.0,269.4166666666667,22.0,4.0,119.0,236.83333333333334,23.0,5.0,120.0,193.31666666666666,0.0,5.0,121.0,178.28333333333333,1.0,5.0,122.0,107.88333333333334,2.0,5.0,123.0,95.8,3.0,5.0,124.0,69.68333333333334,4.0,5.0,125.0,69.93333333333334,5.0,5.0,126.0,95.18333333333334,6.0,5.0,127.0,100.33333333333333,7.0,5.0,128.0,138.08333333333334,8.0,5.0,129.0,181.26666666666668,9.0,5.0,130.0,231.46666666666667,10.0,5.0,130.25,308.0,10.0,5.0,130.5,314.6,10.0,5.0,130.75,330.8666666666667,10.0,5.0,131.0,337.4166666666667,11.0
4.0,108.0,325.21666666666664,12.0,4.0,109.0,306.0,13.0,4.0,110.0,319.56666666666666,14.0,4.0,111.0,344.35,15.0,4.0,112.0,350.9166666666667,16.0,4.0,113.0,349.23333333333335,17.0,4.0,114.0,343.01666666666665,18.0,4.0,115.0,290.28333333333336,19.0,4.0,116.0,262.6,20.0,4.0,117.0,239.6,21.0,4.0,118.0,269.4166666666667,22.0,4.0,119.0,236.83333333333334,23.0,5.0,120.0,193.31666666666666,0.0,5.0,121.0,178.28333333333333,1.0,5.0,122.0,107.88333333333334,2.0,5.0,123.0,95.8,3.0,5.0,124.0,69.68333333333334,4.0,5.0,125.0,69.93333333333334,5.0,5.0,126.0,95.18333333333334,6.0,5.0,127.0,100.33333333333333,7.0,5.0,128.0,138.08333333333334,8.0,5.0,129.0,181.26666666666668,9.0,5.0,130.0,296.23333333333335,10.0,5.0,131.0,329.8666666666667,11.0,5.0,131.25,359.53333333333336,11.0,5.0,131.5,334.0,11.0,5.0,131.75,326.26666666666665,11.0,5.0,132.0,335.06666666666666,12.0
4.0,109.0,306.0,13.0,4.0,110.0,319.56666666666666,14.0,4.0,111.0,344.35,15.0,4.0,112.0,350.9166666666667,16.0,4.0,113.0,349.23333333333335,17.0,4.0,114.0,343.01666666666665,18.0,4.0,115.0,290.28333333333336,19.0,4.0,116.0,262.6,20.0,4.0,117.0,239.6,21.0,4.0,118.0,269.4166666666667,22.0,4.0,119.0,236.83333333333334,23.0,5.0,120.0,193.31666666666666,0.0,5.0,121.0,178.28333333333333,1.0,5.0,122.0,107.88333333333334,2.0,5.0,123.0,95.8,3.0,5.0,124.0,69.68333333333334,4.0,5.0,125.0,69.93333333333334,5.0,5.0,126.0,95.18333333333334,6.0,5.0,127.0,100.33333333333333,7.0,5.0,128.0,138.08333333333334,8.0,5.0,129.0,181.26666666666668,9.0,5.0,130.0,296.23333333333335,10.0,5.0,131.0,337.4166666666667,11.0,5.0,132.0,306.3333333333333,12.0,5.0,132.25,381.53333333333336,12.0,5.0,132.5,142.26666666666668,12.0,5.0,132.75,510.1333333333333,12.0,5.0,133.0,271.8833333333333,13.0
4.0,110.0,319.56666666666666,14.0,4.0,111.0,344.35,15.0,4.0,112.0,350.9166666666667,16.0,4.0,113.0,349.23333333333335,17.0,4.0,114.0,343.01666666666665,18.0,4.0,115.0,290.28333333333336,19.0,4.0,116.0,262.6,20.0,4.0,117.0,239.6,21.0,4.0,118.0,269.4166666666667,22.0,4.0,119.0,236.83333333333334,23.0,5.0,120.0,193.31666666666666,0.0,5.0,121.0,178.28333333333333,1.0,5.0,122.0,107.88333333333334,2.0,5.0,123.0,95.8,3.0,5.0,124.0,69.68333333333334,4.0,5.0,125.0,69.93333333333334,5.0,5.0,126.0,95.18333333333334,6.0,5.0,127.0,100.33333333333333,7.0,5.0,128.0,138.08333333333334,8.0,5.0,129.0,181.26666666666668,9.0,5.0,130.0,296.23333333333335,10.0,5.0,131.0,337.4166666666667,11.0,5.0,132.0,335.06666666666666,12.0,5.0,133.0,278.0,13.0,5.0,133.25,270.26666666666665,13.0,5.0,133.5,263.6,13.0,5.0,133.75,275.6666666666667,13.0,5.0,134.0,283.1166666666667,14.0
4.0,111.0,344.35,15.0,4.0,112.0,350.9166666666667,16.0,4.0,113.0,349.23333333333335,17.0,4.0,114.0,343.01666666666665,18.0,4.0,115.0,290.28333333333336,19.0,4.0,116.0,262.6,20.0,4.0,117.0,239.6,21.0,4.0,118.0,269.4166666666667,22.0,4.0,119.0,236.83333333333334,23.0,5.0,120.0,193.31666666666666,0.0,5.0,121.0,178.28333333333333,1.0,5.0,122.0,107.88333333333334,2.0,5.0,123.0,95.8,3.0,5.0,124.0,69.68333333333334,4.0,5.0,125.0,69.93333333333334,5.0,5.0,126.0,95.18333333333334,6.0,5.0,127.0,100.33333333333333,7.0,5.0,128.0,138.08333333333334,8.0,5.0,129.0,181.26666666666668,9.0,5.0,130.0,296.23333333333335,10.0,5.0,131.0,337.4166666666667,11.0,5.0,132.0,335.06666666666666,12.0,5.0,133.0,271.8833333333333,13.0,5.0,134.0,266.93333333333334,14.0,5.0,134.25,293.4,14.0,5.0,134.5,288.6666666666667,14.0,5.0,134.75,283.46666666666664,14.0,5.0,135.0,315.85,15.0
4.0,112.0,350.9166666666667,16.0,4.0,113.0,349.23333333333335,17.0,4.0,114.0,343.01666666666665,18.0,4.0,115.0,290.28333333333336,19.0,4.0,116.0,262.6,20.0,4.0,117.0,239.6,21.0,4.0,118.0,269.4166666666667,22.0,4.0,119.0,236.83333333333334,23.0,5.0,120.0,193.31666666666666,0.0,5.0,121.0,178.28333333333333,1.0,5.0,122.0,107.88333333333334,2.0,5.0,123.0,95.8,3.0,5.0,124.0,69.68333333333334,4.0,5.0,125.0,69.93333333333334,5.0,5.0,126.0,95.18333333333334,6.0,5.0,127.0,100.33333333333333,7.0,5.0,128.0,138.08333333333334,8.0,5.0,129.0,181.26666666666668,9.0,5.0,130.0,296.23333333333335,10.0,5.0,131.0,337.4166666666667,11.0,5.0,132.0,335.06666666666666,12.0,5.0,133.0,271.8833333333333,13.0,5.0,134.0,283.1166666666667,14.0,5.0,135.0,316.2,15.0,5.0,135.25,342.73333333333335,15.0,5.0,135.5,318.93333333333334,15.0,5.0,135.75,285.53333333333336,15.0,5.0,136.0,307.95,16.0
4.0,113.0,349.23333333333335,17.0,4.0,114.0,343.01666666666665,18.0,4.0,115.0,290.28333333333336,19.0,4.0,116.0,262.6,20.0,4.0,117.0,239.6,21.0,4.0,118.0,269.4166666666667,22.0,4.0,119.0,236.83333333333334,23.0,5.0,120.0,193.31666666666666,0.0,5.0,121.0,178.28333333333333,1.0,5.0,122.0,107.88333333333334,2.0,5.0,123.0,95.8,3.0,5.0,124.0,69.68333333333334,4.0,5.0,125.0,69.93333333333334,5.0,5.0,126.0,95.18333333333334,6.0,5.0,127.0,100.33333333333333,7.0,5.0,128.0,138.08333333333334,8.0,5.0,129.0,181.26666666666668,9.0,5.0,130.0,296.23333333333335,10.0,5.0,131.0,337.4166666666667,11.0,5.0,132.0,335.06666666666666,12.0,5.0,133.0,271.8833333333333,13.0,5.0,134.0,283.1166666666667,14.0,5.0,135.0,315.85,15.0,5.0,136.0,324.46666666666664,16.0,5.0,136.25,265.0,16.0,5.0,136.5,343.46666666666664,16.0,5.0,136.75,298.8666666666667,16.0,5.0,137.0,306.76666666666665,17.0
4.0,114.0,343.01666666666665,18.0,4.0,115.0,290.28333333333336,19.0,4.0,116.0,262.6,20.0,4.0,117.0,239.6,21.0,4.0,118.0,269.4166666666667,22.0,4.0,119.0,236.83333333333334,23.0,5.0,120.0,193.31666666666666,0.0,5.0,121.0,178.28333333333333,1.0,5.0,122.0,107.88333333333334,2.0,5.0,123.0,95.8,3.0,5.0,124.0,69.68333333333334,4.0,5.0,125.0,69.93333333333334,5.0,5.0,126.0,95.18333333333334,6.0,5.0,127.0,100.33333333333333,7.0,5.0,128.0,138.08333333333334,8.0,5.0,129.0,181.26666666666668,9.0,5.0,130.0,296.23333333333335,10.0,5.0,131.0,337.4166666666667,11.0,5.0,132.0,335.06666666666666,12.0,5.0,133.0,271.8833333333333,13.0,5.0,134.0,283.1166666666667,14.0,5.0,135.0,315.85,15.0,5.0,136.0,307.95,16.0,5.0,137.0,282.8666666666667,17.0,5.0,137.25,247.73333333333332,17.0,5.0,137.5,366.3333333333333,17.0,5.0,137.75,330.1333333333333,17.0,5.0,138.0,323.3833333333333,18.0
4.0,115.0,290.28333333333336,19.0,4.0,116.0,262.6,20.0,4.0,117.0,239.6,21.0,4.0,118.0,269.4166666666667,22.0,4.0,119.0,236.83333333333334,23.0,5.0,120.0,193.31666666666666,0.0,5.0,121.0,178.28333333333333,1.0,5.0,122.0,107.88333333333334,2.0,5.0,123.0,95.8,3.0,5.0,124.0,69.68333333333334,4.0,5.0,125.0,69.93333333333334,5.0,5.0,126.0,95.18333333333334,6.0,5.0,127.0,100.33333333333333,7.0,5.0,128.0,138.08333333333334,8.0,5.0,129.0,181.26666666666668,9.0,5.0,130.0,296.23333333333335,10.0,5.0,131.0,337.4166666666667,11.0,5.0,132.0,335.06666666666666,12.0,5.0,133.0,271.8833333333333,13.0,5.0,134.0,283.1166666666667,14.0,5.0,135.0,315.85,15.0,5.0,136.0,307.95,16.0,5.0,137.0,306.76666666666665,17.0,5.0,138.0,308.1333333333333,18.0,5.0,138.25,207.0,18.0,5.0,138.5,399.26666666666665,18.0,5.0,138.75,379.1333333333333,18.0,5.0,139.0,291.73333333333335,19.0
4.0,116.0,262.6,20.0,4.0,117.0,239.6,21.0,4.0,118.0,269.4166666666667,22.0,4.0,119.0,236.83333333333334,23.0,5.0,120.0,193.31666666666666,0.0,5.0,121.0,178.28333333333333,1.0,5.0,122.0,107.88333333333334,2.0,5.0,123.0,95.8,3.0,5.0,124.0,69.68333333333334,4.0,5.0,125.0,69.93333333333334,5.0,5.0,126.0,95.18333333333334,6.0,5.0,127.0,100.33333333333333,7.0,5.0,128.0,138.08333333333334,8.0,5.0,129.0,181.26666666666668,9.0,5.0,130.0,296.23333333333335,10.0,5.0,131.0,337.4166666666667,11.0,5.0,132.0,335.06666666666666,12.0,5.0,133.0,271.8833333333333,13.0,5.0,134.0,283.1166666666667,14.0,5.0,135.0,315.85,15.0,5.0,136.0,307.95,16.0,5.0,137.0,306.76666666666665,17.0,5.0,138.0,323.3833333333333,18.0,5.0,139.0,332.6666666666667,19.0,5.0,139.25,274.6,19.0,5.0,139.5,275.8,19.0,5.0,139.75,283.8666666666667,19.0,5.0,140.0,270.06666666666666,20.0
4.0,117.0,239.6,21.0,4.0,118.0,269.4166666666667,22.0,4.0,119.0,236.83333333333334,23.0,5.0,120.0,193.31666666666666,0.0,5.0,121.0,178.28333333333333,1.0,5.0,122.0,107.88333333333334,2.0,5.0,123.0,95.8,3.0,5.0,124.0,69.68333333333334,4.0,5.0,125.0,69.93333333333334,5.0,5.0,126.0,95.18333333333334,6.0,5.0,127.0,100.33333333333333,7.0,5.0,128.0,138.08333333333334,8.0,5.0,129.0,181.26666666666668,9.0,5.0,130.0,296.23333333333335,10.0,5.0,131.0,337.4166666666667,11.0,5.0,132.0,335.06666666666666,12.0,5.0,133.0,271.8833333333333,13.0,5.0,134.0,283.1166666666667,14.0,5.0,135.0,315.85,15.0,5.0,136.0,307.95,16.0,5.0,137.0,306.76666666666665,17.0,5.0,138.0,323.3833333333333,18.0,5.0,139.0,291.73333333333335,19.0,5.0,140.0,309.53333333333336,20.0,5.0,140.25,280.73333333333335,20.0,5.0,140.5,246.93333333333334,20.0,5.0,140.75,243.06666666666666,20.0,5.0,141.0,262.73333333333335,21.0
4.0,118.0,269.4166666666667,22.0,4.0,119.0,236.83333333333334,23.0,5.0,120.0,193.31666666666666,0.0,5.0,121.0,178.28333333333333,1.0,5.0,122.0,107.88333333333334,2.0,5.0,123.0,95.8,3.0,5.0,124.0,69.68333333333334,4.0,5.0,125.0,69.93333333333334,5.0,5.0,126.0,95.18333333333334,6.0,5.0,127.0,100.33333333333333,7.0,5.0,128.0,138.08333333333334,8.0,5.0,129.0,181.26666666666668,9.0,5.0,130.0,296.23333333333335,10.0,5.0,131.0,337.4166666666667,11.0,5.0,132.0,335.06666666666666,12.0,5.0,133.0,271.8833333333333,13.0,5.0,134.0,283.1166666666667,14.0,5.0,135.0,315.85,15.0,5.0,136.0,307.95,16.0,5.0,137.0,306.76666666666665,17.0,5.0,138.0,323.3833333333333,18.0,5.0,139.0,291.73333333333335,19.0,5.0,140.0,270.06666666666666,20.0,5.0,141.0,290.53333333333336,21.0,5.0,141.25,231.6,21.0,5.0,141.5,237.0,21.0,5.0,141.75,291.8,21.0,5.0,142.0,250.85,22.0
4.0,119.0,236.83333333333334,23.0,5.0,120.0,193.31666666666666,0.0,5.0,121.0,178.28333333333333,1.0,5.0,122.0,107.88333333333334,2.0,5.0,123.0,95.8,3.0,5.0,124.0,69.68333333333334,4.0,5.0,125.0,69.93333333333334,5.0,5.0,126.0,95.18333333333334,6.0,5.0,127.0,100.33333333333333,7.0,5.0,128.0,138.08333333333334,8.0,5.0,129.0,181.26666666666668,9.0,5.0,130.0,296.23333333333335,10.0,5.0,131.0,337.4166666666667,11.0,5.0,132.0,335.06666666666666,12.0,5.0,133.0,271.8833333333333,13.0,5.0,134.0,283.1166666666667,14.0,5.0,135.0,315.85,15.0,5.0,136.0,307.95,16.0,5.0,137.0,306.76666666666665,17.0,5.0,138.0,323.3833333333333,18.0,5.0,139.0,291.73333333333335,19.0,5.0,140.0,270.06666666666666,20.0,5.0,141.0,262.73333333333335,21.0,5.0,142.0,270.1333333333333,22.0,5.0,142.25,282.1333333333333,22.0,5.0,142.5,237.93333333333334,22.0,5.0,142.75,213.2,22.0,5.0,143.0,245.88333333333333,23.0
5.0,120.0,193.31666666666666,0.0,5.0,121.0,178.28333333333333,1.0,5.0,122.0,107.88333333333334,2.0,5.0,123.0,95.8,3.0,5.0,124.0,69.68333333333334,4.0,5.0,125.0,69.93333333333334,5.0,5.0,126.0,95.18333333333334,6.0,5.0,127.0,100.33333333333333,7.0,5.0,128.0,138.08333333333334,8.0,5.0,129.0,181.26666666666668,9.0,5.0,130.0,296.23333333333335,10.0,5.0,131.0,337.4166666666667,11.0,5.0,132.0,335.06666666666666,12.0,5.0,133.0,271.8833333333333,13.0,5.0,134.0,283.1166666666667,14.0,5.0,135.0,315.85,15.0,5.0,136.0,307.95,16.0,5.0,137.0,306.76666666666665,17.0,5.0,138.0,323.3833333333333,18.0,5.0,139.0,291.73333333333335,19.0,5.0,140.0,270.06666666666666,20.0,5.0,141.0,262.73333333333335,21.0,5.0,142.0,250.85,22.0,5.0,143.0,273.26666666666665,23.0,5.0,143.25,268.93333333333334,23.0,5.0,143.5,240.26666666666668,23.0,5.0,143.75,201.06666666666666,23.0,6.0,144.0,198.83333333333334,0.0
5.0,121.0,178.28333333333333,1.0,5.0,122.0,107.88333333333334,2.0,5.0,123.0,95.8,3.0,5.0,124.0,69.68333333333334,4.0,5.0,125.0,69.93333333333334,5.0,5.0,126.0,95.18333333333334,6.0,5.0,127.0,100.33333333333333,7.0,5.0,128.0,138.08333333333334,8.0,5.0,129.0,181.26666666666668,9.0,5.0,130.0,296.23333333333335,10.0,5.0,131.0,337.4166666666667,11.0,5.0,132.0,335.06666666666666,12.0,5.0,133.0,271.8833333333333,13.0,5.0,134.0,283.1166666666667,14.0,5.0,135.0,315.85,15.0,5.0,136.0,307.95,16.0,5.0,137.0,306.76666666666665,17.0,5.0,138.0,323.3833333333333,18.0,5.0,139.0,291.73333333333335,19.0,5.0,140.0,270.06666666666666,20.0,5.0,141.0,262.73333333333335,21.0,5.0,142.0,250.85,22.0,5.0,143.0,245.88333333333333,23.0,6.0,144.0,226.46666666666667,0.0,6.0,144.25,181.86666666666667,0.0,6.0,144.5,209.86666666666667,0.0,6.0,144.75,177.13333333333333,0.0,6.0,145.0,168.3,1.0
5.0,122.0,107.88333333333334,2.0,5.0,123.0,95.8,3.0,5.0,124.0,69.68333333333334,4.0,5.0,125.0,69.93333333333334,5.0,5.0,126.0,95.18333333333334,6.0,5.0,127.0,100.33333333333333,7.0,5.0,128.0,138.08333333333334,8.0,5.0,129.0,181.26666666666668,9.0,5.0,130.0,296.23333333333335,10.0,5.0,131.0,337.4166666666667,11.0,5.0,132.0,335.06666666666666,12.0,5.0,133.0,271.8833333333333,13.0,5.0,134.0,283.1166666666667,14.0,5.0,135.0,315.85,15.0,5.0,136.0,307.95,16.0,5.0,137.0,306.76666666666665,17.0,5.0,138.0,323.3833333333333,18.0,5.0,139.0,291.73333333333335,19.0,5.0,140.0,270.06666666666666,20.0,5.0,141.0,262.73333333333335,21.0,5.0,142.0,250.85,22.0,5.0,143.0,245.88333333333333,23.0,6.0,144.0,198.83333333333334,0.0,6.0,145.0,167.06666666666666,1.0,6.0,145.25,205.8,1.0,6.0,145.5,167.73333333333332,1.0,6.0,145.75,132.6,1.0,6.0,146.0,113.75,2.0
5.0,123.0,95.8,3.0,5.0,124.0,69.68333333333334,4.0,5.0,125.0,69.93333333333334,5.0,5.0,126.0,95.18333333333334,6.0,5.0,127.0,100.33333333333333,7.0,5.0,128.0,138.08333333333334,8.0,5.0,129.0,181.26666666666668,9.0,5.0,130.0,296.23333333333335,10.0,5.0,131.0,337.4166666666667,11.0,5.0,132.0,335.06666666666666,12.0,5.0,133.0,271.8833333333333,13.0,5.0,134.0,283.1166666666667,14.0,5.0,135.0,315.85,15.0,5.0,136.0,307.95,16.0,5.0,137.0,306.76666666666665,17.0,5.0,138.0,323.3833333333333,18.0,5.0,139.0,291.73333333333335,19.0,5.0,140.0,270.06666666666666,20.0,5.0,141.0,262.73333333333335,21.0,5.0,142.0,250.85,22.0,5.0,143.0,245.88333333333333,23.0,6.0,144.0,198.83333333333334,0.0,6.0,145.0,168.3,1.0,6.0,146.0,162.6,2.0,6.0,146.25,100.66666666666667,2.0,6.0,146.5,98.73333333333333,2.0,6.0,146.75,93.0,2.0,6.0,147.0,132.21666666666667,3.0
5.0,124.0,69.68333333333334,4.0,5.0,125.0,69.93333333333334,5.0,5.0,126.0,95.18333333333334,6.0,5.0,127.0,100.33333333333333,7.0,5.0,128.0,138.08333333333334,8.0,5.0,129.0,181.26666666666668,9.0,5.0,130.0,296.23333333333335,10.0,5.0,131.0,337.4166666666667,11.0,5.0,132.0,335.06666666666666,12.0,5.0,133.0,271.8833333333333,13.0,5.0,134.0,283.1166666666667,14.0,5.0,135.0,315.85,15.0,5.0,136.0,307.95,16.0,5.0,137.0,306.76666666666665,17.0,5.0,138.0,323.3833333333333,18.0,5.0,139.0,291.73333333333335,19.0,5.0,140.0,270.06666666666666,20.0,5.0,141.0,262.73333333333335,21.0,5.0,142.0,250.85,22.0,5.0,143.0,245.88333333333333,23.0,6.0,144.0,198.83333333333334,0.0,6.0,145.0,168.3,1.0,6.0,146.0,113.75,2.0,6.0,147.0,129.2,3.0,6.0,147.25,129.2,3.0,6.0,147.5,135.06666666666666,3.0,6.0,147.75,135.4,3.0,6.0,148.0,135.2,4.0
5.0,125.0,69.93333333333334,5.0,5.0,126.0,95.18333333333334,6.0,5.0,127.0,100.33333333333333,7.0,5.0,128.0,138.08333333333334,8.0,5.0,129.0,181.26666666666668,9.0,5.0,130.0,296.23333333333335,10.0,5.0,131.0,337.4166666666667,11.0,5.0,132.0,335.06666666666666,12.0,5.0,133.0,271.8833333333333,13.0,5.0,134.0,283.1166666666667,14.0,5.0,135.0,315.85,15.0,5.0,136.0,307.95,16.0,5.0,137.0,306.76666666666665,17.0,5.0,138.0,323.3833333333333,18.0,5.0,139.0,291.73333333333335,19.0,5.0,140.0,270.06666666666666,20.0,5.0,141.0,262.73333333333335,21.0,5.0,142.0,250.85,22.0,5.0,143.0,245.88333333333333,23.0,6.0,144.0,198.83333333333334,0.0,6.0,145.0,168.3,1.0,6.0,146.0,113.75,2.0,6.0,147.0,132.21666666666667,3.0,6.0,148.0,138.93333333333334,4.0,6.0,148.25,161.86666666666667,4.0,6.0,148.5,140.53333333333333,4.0,6.0,148.75,99.46666666666667,4.0,6.0,149.0,89.76666666666667,5.0
5.0,126.0,95.18333333333334,6.0,5.0,127.0,100.33333333333333,7.0,5.0,128.0,138.08333333333334,8.0,5.0,129.0,181.26666666666668,9.0,5.0,130.0,296.23333333333335,10.0,5.0,131.0,337.4166666666667,11.0,5.0,132.0,335.06666666666666,12.0,5.0,133.0,271.8833333333333,13.0,5.0,134.0,283.1166666666667,14.0,5.0,135.0,315.85,15.0,5.0,136.0,307.95,16.0,5.0,137.0,306.76666666666665,17.0,5.0,138.0,323.3833333333333,18.0,5.0,139.0,291.73333333333335,19.0,5.0,140.0,270.06666666666666,20.0,5.0,141.0,262.73333333333335,21.0,5.0,142.0,250.85,22.0,5.0,143.0,245.88333333333333,23.0,6.0,144.0,198.83333333333334,0.0,6.0,145.0,168.3,1.0,6.0,146.0,113.75,2.0,6.0,147.0,132.21666666666667,3.0,6.0,148.0,135.2,4.0,6.0,149.0,125.66666666666667,5.0,6.0,149.25,81.6,5.0,6.0,149.5,78.26666666666667,5.0,6.0,149.75,73.53333333333333,5.0,6.0,150.0,113.08333333333333,6.0
5.0,127.0,100.33333333333333,7.0,5.0,128.0,138.08333333333334,8.0,5.0,129.0,181.26666666666668,9.0,5.0,130.0,296.23333333333335,10.0,5.0,131.0,337.4166666666667,11.0,5.0,132.0,335.06666666666666,12.0,5.0,133.0,271.8833333333333,13.0,5.0,134.0,283.1166666666667,14.0,5.0,135.0,315.85,15.0,5.0,136.0,307.95,16.0,5.0,137.0,306.76666666666665,17.0,5.0,138.0,323.3833333333333,18.0,5.0,139.0,291.73333333333335,19.0,5.0,140.0,270.06666666666666,20.0,5.0,141.0,262.73333333333335,21.0,5.0,142.0,250.85,22.0,5.0,143.0,245.88333333333333,23.0,6.0,144.0,198.83333333333334,0.0,6.0,145.0,168.3,1.0,6.0,146.0,113.75,2.0,6.0,147.0,132.21666666666667,3.0,6.0,148.0,135.2,4.0,6.0,149.0,89.76666666666667,5.0,6.0,150.0,100.73333333333333,6.0,6.0,150.25,119.6,6.0,6.0,150.5,123.13333333333334,6.0,6.0,150.75,108.86666666666666,6.0,6.0,151.0,117.85,7.0
5.0,128.0,138.08333333333334,8.0,5.0,129.0,181.26666666666668,9.0,5.0,130.0,296.23333333333335,10.0,5.0,131.0,337.4166666666667,11.0,5.0,132.0,335.06666666666666,12.0,5.0,133.0,271.8833333333333,13.0,5.0,134.0,283.1166666666667,14.0,5.0,135.0,315.85,15.0,5.0,136.0,307.95,16.0,5.0,137.0,306.76666666666665,17.0,5.0,138.0,323.3833333333333,18.0,5.0,139.0,291.73333333333335,19.0,5.0,140.0,270.06666666666666,20.0,5.0,141.0,262.73333333333335,21.0,5.0,142.0,250.85,22.0,5.0,143.0,245.88333333333333,23.0,6.0,144.0,198.83333333333334,0.0,6.0,145.0,168.3,1.0,6.0,146.0,113.75,2.0,6.0,147.0,132.21666666666667,3.0,6.0,148.0,135.2,4.0,6.0,149.0,89.76666666666667,5.0,6.0,150.0,113.08333333333333,6.0,6.0,151.0,88.46666666666667,7.0,6.0,151.25,152.4,7.0,6.0,151.5,120.73333333333333,7.0,6.0,151.75,109.8,7.0,6.0,152.0,141.13333333333333,8.0
5.0,129.0,181.26666666666668,9.0,5.0,130.0,296.23333333333335,10.0,5.0,131.0,337.4166666666667,11.0,5.0,132.0,335.06666666666666,12.0,5.0,133.0,271.8833333333333,13.0,5.0,134.0,283.1166666666667,14.0,5.0,135.0,315.85,15.0,5.0,136.0,307.95,16.0,5.0,137.0,306.76666666666665,17.0,5.0,138.0,323.3833333333333,18.0,5.0,139.0,291.73333333333335,19.0,5.0,140.0,270.06666666666666,20.0,5.0,141.0,262.73333333333335,21.0,5.0,142.0,250.85,22.0,5.0,143.0,245.88333333333333,23.0,6.0,144.0,198.83333333333334,0.0,6.0,145.0,168.3,1.0,6.0,146.0,113.75,2.0,6.0,147.0,132.21666666666667,3.0,6.0,148.0,135.2,4.0,6.0,149.0,89.76666666666667,5.0,6.0,150.0,113.08333333333333,6.0,6.0,151.0,117.85,7.0,6.0,152.0,150.93333333333334,8.0,6.0,152.25,146.26666666666668,8.0,6.0,152.5,133.66666666666666,8.0,6.0,152.75,133.66666666666666,8.0,6.0,153.0,205.36666666666667,9.0
5.0,130.0,296.23333333333335,10.0,5.0,131.0,337.4166666666667,11.0,5.0,132.0,335.06666666666666,12.0,5.0,133.0,271.8833333333333,13.0,5.0,134.0,283.1166666666667,14.0,5.0,135.0,315.85,15.0,5.0,136.0,307.95,16.0,5.0,137.0,306.76666666666665,17.0,5.0,138.0,323.3833333333333,18.0,5.0,139.0,291.73333333333335,19.0,5.0,140.0,270.06666666666666,20.0,5.0,141.0,262.73333333333335,21.0,5.0,142.0,250.85,22.0,5.0,143.0,245.88333333333333,23.0,6.0,144.0,198.83333333333334,0.0,6.0,145.0,168.3,1.0,6.0,146.0,113.75,2.0,6.0,147.0,132.21666666666667,3.0,6.0,148.0,135.2,4.0,6.0,149.0,89.76666666666667,5.0,6.0,150.0,113.08333333333333,6.0,6.0,151.0,117.85,7.0,6.0,152.0,141.13333333333333,8.0,6.0,153.0,163.4,9.0,6.0,153.25,213.73333333333332,9.0,6.0,153.5,227.33333333333334,9.0,6.0,153.75,217.0,9.0,6.0,154.0,314.3333333333333,10.0
5.0,131.0,337.4166666666667,11.0,5.0,132.0,335.06666666666666,12.0,5.0,133.0,271.8833333333333,13.0,5.0,134.0,283.1166666666667,14.0,5.0,135.0,315.85,15.0,5.0,136.0,307.95,16.0,5.0,137.0,306.76666666666665,17.0,5.0,138.0,323.3833333333333,18.0,5.0,139.0,291.73333333333335,19.0,5.0,140.0,270.06666666666666,20.0,5.0,141.0,262.73333333333335,21.0,5.0,142.0,250.85,22.0,5.0,143.0,245.88333333333333,23.0,6.0,144.0,198.83333333333334,0.0,6.0,145.0,168.3,1.0,6.0,146.0,113.75,2.0,6.0,147.0,132.21666666666667,3.0,6.0,148.0,135.2,4.0,6.0,149.0,89.76666666666667,5.0,6.0,150.0,113.08333333333333,6.0,6.0,151.0,117.85,7.0,6.0,152.0,141.13333333333333,8.0,6.0,153.0,205.36666666666667,9.0,6.0,154.0,295.46666666666664,10.0,6.0,154.25,303.26666666666665,10.0,6.0,154.5,310.4,10.0,6.0,154.75,348.2,10.0,6.0,155.0,364.1,11.0
5.0,132.0,335.06666666666666,12.0,5.0,133.0,271.8833333333333,13.0,5.0,134.0,283.1166666666667,14.0,5.0,135.0,315.85,15.0,5.0,136.0,307.95,16.0,5.0,137.0,306.76666666666665,17.0,5.0,138.0,323.3833333333333,18.0,5.0,139.0,291.73333333333335,19.0,5.0,140.0,270.06666666666666,20.0,5.0,141.0,262.73333333333335,21.0,5.0,142.0,250.85,22.0,5.0,143.0,245.88333333333333,23.0,6.0,144.0,198.83333333333334,0.0,6.0,145.0,168.3,1.0,6.0,146.0,113.75,2.0,6.0,147.0,132.21666666666667,3.0,6.0,148.0,135.2,4.0,6.0,149.0,89.76666666666667,5.0,6.0,150.0,113.08333333333333,6.0,6.0,151.0,117.85,7.0,6.0,152.0,141.13333333333333,8.0,6.0,153.0,205.36666666666667,9.0,6.0,154.0,314.3333333333333,10.0,6.0,155.0,377.8,11.0,6.0,155.25,380.46666666666664,11.0,6.0,155.5,344.06666666666666,11.0,6.0,155.75,354.06666666666666,11.0,6.0,156.0,351.68333333333334,12.0
5.0,133.0,271.8833333333333,13.0,5.0,134.0,283.1166666666667,14.0,5.0,135.0,315.85,15.0,5.0,136.0,307.95,16.0,5.0,137.0,306.76666666666665,17.0,5.0,138.0,323.3833333333333,18.0,5.0,139.0,291.73333333333335,19.0,5.0,140.0,270.06666666666666,20.0,5.0,141.0,262.73333333333335,21.0,5.0,142.0,250.85,22.0,5.0,143.0,245.88333333333333,23.0,6.0,144.0,198.83333333333334,0.0,6.0,145.0,168.3,1.0,6.0,146.0,113.75,2.0,6.0,147.0,132.21666666666667,3.0,6.0,148.0,135.2,4.0,6.0,149.0,89.76666666666667,5.0,6.0,150.0,113.08333333333333,6.0,6.0,151.0,117.85,7.0,6.0,152.0,141.13333333333333,8.0,6.0,153.0,205.36666666666667,9.0,6.0,154.0,314.3333333333333,10.0,6.0,155.0,364.1,11.0,6.0,156.0,331.6,12.0,6.0,156.25,178.73333333333332,12.0,6.0,156.5,523.6666666666666,12.0,6.0,156.75,372.73333333333335,12.0,6.0,157.0,309.48333333333335,13.0
5.0,134.0,283.1166666666667,14.0,5.0,135.0,315.85,15.0,5.0,136.0,307.95,16.0,5.0,137.0,306.76666666666665,17.0,5.0,138.0,323.3833333333333,18.0,5.0,139.0,291.73333333333335,19.0,5.0,140.0,270.06666666666666,20.0,5.0,141.0,262.73333333333335,21.0,5.0,142.0,250.85,22.0,5.0,143.0,245.88333333333333,23.0,6.0,144.0,198.83333333333334,0.0,6.0,145.0,168.3,1.0,6.0,146.0,113.75,2.0,6.0,147.0,132.21666666666667,3.0,6.0,148.0,135.2,4.0,6.0,149.0,89.76666666666667,5.0,6.0,150.0,113.08333333333333,6.0,6.0,151.0,117.85,7.0,6.0,152.0,141.13333333333333,8.0,6.0,153.0,205.36666666666667,9.0,6.0,154.0,314.3333333333333,10.0,6.0,155.0,364.1,11.0,6.0,156.0,351.68333333333334,12.0,6.0,157.0,284.1333333333333,13.0,6.0,157.25,307.3333333333333,13.0,6.0,157.5,351.0,13.0,6.0,157.75,295.46666666666664,13.0,6.0,158.0,278.3,14.0
5.0,135.0,315.85,15.0,5.0,136.0,307.95,16.0,5.0,137.0,306.76666666666665,17.0,5.0,138.0,323.3833333333333,18.0,5.0,139.0,291.73333333333335,19.0,5.0,140.0,270.06666666666666,20.0,5.0,141.0,262.73333333333335,21.0,5.0,142.0,250.85,22.0,5.0,143.0,245.88333333333333,23.0,6.0,144.0,198.83333333333334,0.0,6.0,145.0,168.3,1.0,6.0,146.0,113.75,2.0,6.0,147.0,132.21666666666667,3.0,6.0,148.0,135.2,4.0,6.0,149.0,89.76666666666667,5.0,6.0,150.0,113.08333333333333,6.0,6.0,151.0,117.85,7.0,6.0,152.0,141.13333333333333,8.0,6.0,153.0,205.36666666666667,9.0,6.0,154.0,314.3333333333333,10.0,6.0,155.0,364.1,11.0,6.0,156.0,351.68333333333334,12.0,6.0,157.0,309.48333333333335,13.0,6.0,158.0,294.93333333333334,14.0,6.0,158.25,295.0,14.0,6.0,158.5,211.6,14.0,6.0,158.75,311.6666666666667,14.0,6.0,159.0,324.5,15.0
5.0,136.0,307.95,16.0,5.0,137.0,306.76666666666665,17.0,5.0,138.0,323.3833333333333,18.0,5.0,139.0,291.73333333333335,19.0,5.0,140.0,270.06666666666666,20.0,5.0,141.0,262.73333333333335,21.0,5.0,142.0,250.85,22.0,5.0,143.0,245.88333333333333,23.0,6.0,144.0,198.83333333333334,0.0,6.0,145.0,168.3,1.0,6.0,146.0,113.75,2.0,6.0,147.0,132.21666666666667,3.0,6.0,148.0,135.2,4.0,6.0,149.0,89.76666666666667,5.0,6.0,150.0,113.08333333333333,6.0,6.0,151.0,117.85,7.0,6.0,152.0,141.13333333333333,8.0,6.0,153.0,205.36666666666667,9.0,6.0,154.0,314.3333333333333,10.0,6.0,155.0,364.1,11.0,6.0,156.0,351.68333333333334,12.0,6.0,157.0,309.48333333333335,13.0,6.0,158.0,278.3,14.0,6.0,159.0,307.93333333333334,15.0,6.0,159.25,332.1333333333333,15.0,6.0,159.5,341.53333333333336,15.0,6.0,159.75,316.4,15.0,6.0,160.0,361.71666666666664,16.0
5.0,137.0,306.76666666666665,17.0,5.0,138.0,323.3833333333333,18.0,5.0,139.0,291.73333333333335,19.0,5.0,140.0,270.06666666666666,20.0,5.0,141.0,262.73333333333335,21.0,5.0,142.0,250.85,22.0,5.0,143.0,245.88333333333333,23.0,6.0,144.0,198.83333333333334,0.0,6.0,145.0,168.3,1.0,6.0,146.0,113.75,2.0,6.0,147.0,132.21666666666667,3.0,6.0,148.0,135.2,4.0,6.0,149.0,89.76666666666667,5.0,6.0,150.0,113.08333333333333,6.0,6.0,151.0,117.85,7.0,6.0,152.0,141.13333333333333,8.0,6.0,153.0,205.36666666666667,9.0,6.0,154.0,314.3333333333333,10.0,6.0,155.0,364.1,11.0,6.0,156.0,351.68333333333334,12.0,6.0,157.0,309.48333333333335,13.0,6.0,158.0,278.3,14.0,6.0,159.0,324.5,15.0,6.0,160.0,376.2,16.0,6.0,160.25,342.3333333333333,16.0,6.0,160.5,382.26666666666665,16.0,6.0,160.75,346.06666666666666,16.0,6.0,161.0,375.25,17.0
5.0,138.0,323.3833333333333,18.0,5.0,139.0,291.73333333333335,19.0,5.0,140.0,270.06666666666666,20.0,5.0,141.0,262.73333333333335,21.0,5.0,142.0,250.85,22.0,5.0,143.0,245.88333333333333,23.0,6.0,144.0,198.83333333333334,0.0,6.0,145.0,168.3,1.0,6.0,146.0,113.75,2.0,6.0,147.0,132.21666666666667,3.0,6.0,148.0,135.2,4.0,6.0,149.0,89.76666666666667,5.0,6.0,150.0,113.08333333333333,6.0,6.0,151.0,117.85,7.0,6.0,152.0,141.13333333333333,8.0,6.0,153.0,205.36666666666667,9.0,6.0,154.0,314.3333333333333,10.0,6.0,155.0,364.1,11.0,6.0,156.0,351.68333333333334,12.0,6.0,157.0,309.48333333333335,13.0,6.0,158.0,278.3,14.0,6.0,159.0,324.5,15.0,6.0,160.0,361.71666666666664,16.0,6.0,161.0,393.46666666666664,17.0,6.0,161.25,384.1333333333333,17.0,6.0,161.5,382.8,17.0,6.0,161.75,340.6,17.0,6.0,162.0,340.43333333333334,18.0
5.0,139.0,291.73333333333335,19.0,5.0,140.0,270.06666666666666,20.0,5.0,141.0,262.73333333333335,21.0,5.0,142.0,250.85,22.0,5.0,143.0,245.88333333333333,23.0,6.0,144.0,198.83333333333334,0.0,6.0,145.0,168.3,1.0,6.0,146.0,113.75,2.0,6.0,147.0,132.21666666666667,3.0,6.0,148.0,135.2,4.0,6.0,149.0,89.76666666666667,5.0,6.0,150.0,113.08333333333333,6.0,6.0,151.0,117.85,7.0,6.0,152.0,141.13333333333333,8.0,6.0,153.0,205.36666666666667,9.0,6.0,154.0,314.3333333333333,10.0,6.0,155.0,364.1,11.0,6.0,156.0,351.68333333333334,12.0,6.0,157.0,309.48333333333335,13.0,6.0,158.0,278.3,14.0,6.0,159.0,324.5,15.0,6.0,160.0,361.71666666666664,16.0,6.0,161.0,375.25,17.0,6.0,162.0,153.93333333333334,18.0,6.0,162.25,487.1333333333333,18.0,6.0,162.5,387.8666666666667,18.0,6.0,162.75,332.8,18.0,6.0,163.0,340.55,19.0
5.0,140.0,270.06666666666666,20.0,5.0,141.0,262.73333333333335,21.0,5.0,142.0,250.85,22.0,5.0,143.0,245.88333333333333,23.0,6.0,144.0,198.83333333333334,0.0,6.0,145.0,168.3,1.0,6.0,146.0,113.75,2.0,6.0,147.0,132.21666666666667,3.0,6.0,148.0,135.2,4.0,6.0,149.0,89.76666666666667,5.0,6.0,150.0,113.08333333333333,6.0,6.0,151.0,117.85,7.0,6.0,152.0,141.13333333333333,8.0,6.0,153.0,205.36666666666667,9.0,6.0,154.0,314.3333333333333,10.0,6.0,155.0,364.1,11.0,6.0,156.0,351.68333333333334,12.0,6.0,157.0,309.48333333333335,13.0,6.0,158.0,278.3,14.0,6.0,159.0,324.5,15.0,6.0,160.0,361.71666666666664,16.0,6.0,161.0,375.25,17.0,6.0,162.0,340.43333333333334,18.0,6.0,163.0,324.6,19.0,6.0,163.25,340.3333333333333,19.0,6.0,163.5,370.8666666666667,19.0,6.0,163.75,326.4,19.0,6.0,164.0,293.9166666666667,20.0
5.0,141.0,262.73333333333335,21.0,5.0,142.0,250.85,22.0,5.0,143.0,245.88333333333333,23.0,6.0,144.0,198.83333333333334,0.0,6.0,145.0,168.3,1.0,6.0,146.0,113.75,2.0,6.0,147.0,132.21666666666667,3.0,6.0,148.0,135.2,4.0,6.0,149.0,89.76666666666667,5.0,6.0,150.0,113.08333333333333,6.0,6.0,151.0,117.85,7.0,6.0,152.0,141.13333333333333,8.0,6.0,153.0,205.36666666666667,9.0,6.0,154.0,314.3333333333333,10.0,6.0,155.0,364.1,11.0,6.0,156.0,351.68333333333334,12.0,6.0,157.0,309.48333333333335,13.0,6.0,158.0,278.3,14.0,6.0,159.0,324.5,15.0,6.0,160.0,361.71666666666664,16.0,6.0,161.0,375.25,17.0,6.0,162.0,340.43333333333334,18.0,6.0,163.0,340.55,19.0,6.0,164.0,321.2,20.0,6.0,164.25,295.4,20.0,6.0,164.5,309.06666666666666,20.0,6.0,164.75,250.0,20.0,6.0,165.0,255.96666666666667,21.0
5.0,142.0,250.85,22.0,5.0,143.0,245.88333333333333,23.0,6.0,144.0,198.83333333333334,0.0,6.0,145.0,168.3,1.0,6.0,146.0,113.75,2.0,6.0,147.0,132.21666666666667,3.0,6.0,148.0,135.2,4.0,6.0,149.0,89.76666666666667,5.0,6.0,150.0,113.08333333333333,6.0,6.0,151.0,117.85,7.0,6.0,152.0,141.13333333333333,8.0,6.0,153.0,205.36666666666667,9.0,6.0,154.0,314.3333333333333,10.0,6.0,155.0,364.1,11.0,6.0,156.0,351.68333333333334,12.0,6.0,157.0,309.48333333333335,13.0,6.0,158.0,278.3,14.0,6.0,159.0,324.5,15.0,6.0,160.0,361.71666666666664,16.0,6.0,161.0,375.25,17.0,6.0,162.0,340.43333333333334,18.0,6.0,163.0,340.55,19.0,6.0,164.0,293.9166666666667,20.0,6.0,165.0,250.4,21.0,6.0,165.25,227.93333333333334,21.0,6.0,165.5,304.6666666666667,21.0,6.0,165.75,240.86666666666667,21.0,6.0,166.0,231.0,22.0
5.0,143.0,245.88333333333333,23.0,6.0,144.0,198.83333333333334,0.0,6.0,145.0,168.3,1.0,6.0,146.0,113.75,2.0,6.0,147.0,132.21666666666667,3.0,6.0,148.0,135.2,4.0,6.0,149.0,89.76666666666667,5.0,6.0,150.0,113.08333333333333,6.0,6.0,151.0,117.85,7.0,6.0,152.0,141.13333333333333,8.0,6.0,153.0,205.36666666666667,9.0,6.0,154.0,314.3333333333333,10.0,6.0,155.0,364.1,11.0,6.0,156.0,351.68333333333334,12.0,6.0,157.0,309.48333333333335,13.0,6.0,158.0,278.3,14.0,6.0,159.0,324.5,15.0,6.0,160.0,361.71666666666664,16.0,6.0,161.0,375.25,17.0,6.0,162.0,340.43333333333334,18.0,6.0,163.0,340.55,19.0,6.0,164.0,293.9166666666667,20.0,6.0,165.0,255.96666666666667,21.0,6.0,166.0,275.06666666666666,22.0,6.0,166.25,217.0,22.0,6.0,166.5,221.93333333333334,22.0,6.0,166.75,210.0,22.0,6.0,167.0,241.83333333333334,23.0
6.0,144.0,198.83333333333334,0.0,6.0,145.0,168.3,1.0,6.0,146.0,113.75,2.0,6.0,147.0,132.21666666666667,3.0,6.0,148.0,135.2,4.0,6.0,149.0,89.76666666666667,5.0,6.0,150.0,113.08333333333333,6.0,6.0,151.0,117.85,7.0,6.0,152.0,141.13333333333333,8.0,6.0,153.0,205.36666666666667,9.0,6.0,154.0,314.3333333333333,10.0,6.0,155.0,364.1,11.0,6.0,156.0,351.68333333333334,12.0,6.0,157.0,309.48333333333335,13.0,6.0,158.0,278.3,14.0,6.0,159.0,324.5,15.0,6.0,160.0,361.71666666666664,16.0,6.0,161.0,375.25,17.0,6.0,162.0,340.43333333333334,18.0,6.0,163.0,340.55,19.0,6.0,164.0,293.9166666666667,20.0,6.0,165.0,255.96666666666667,21.0,6.0,166.0,231.0,22.0,6.0,167.0,250.73333333333332,23.0,6.0,167.25,271.8,23.0,6.0,167.5,203.73333333333332,23.0,6.0,167.75,241.06666666666666,23.0,0.0,168.0,203.8,0.0
6.0,145.0,168.3,1.0,6.0,146.0,113.75,2.0,6.0,147.0,132.21666666666667,3.0,6.0,148.0,135.2,4.0,6.0,149.0,89.76666666666667,5.0,6.0,150.0,113.08333333333333,6.0,6.0,151.0,117.85,7.0,6.0,152.0,141.13333333333333,8.0,6.0,153.0,205.36666666666667,9.0,6.0,154.0,314.3333333333333,10.0,6.0,155.0,364.1,11.0,6.0,156.0,351.68333333333334,12.0,6.0,157.0,309.48333333333335,13.0,6.0,158.0,278.3,14.0,6.0,159.0,324.5,15.0,6.0,160.0,361.71666666666664,16.0,6.0,161.0,375.25,17.0,6.0,162.0,340.43333333333334,18.0,6.0,163.0,340.55,19.0,6.0,164.0,293.9166666666667,20.0,6.0,165.0,255.96666666666667,21.0,6.0,166.0,231.0,22.0,6.0,167.0,241.83333333333334,23.0,0.0,168.0,206.8,0.0,0.0,168.25,246.6,0.0,0.0,168.5,199.73333333333332,0.0,0.0,168.75,162.06666666666666,0.0,0.0,169.0,183.15,1.0
6.0,146.0,113.75,2.0,6.0,147.0,132.21666666666667,3.0,6.0,148.0,135.2,4.0,6.0,149.0,89.76666666666667,5.0,6.0,150.0,113.08333333333333,6.0,6.0,151.0,117.85,7.0,6.0,152.0,141.13333333333333,8.0,6.0,153.0,205.36666666666667,9.0,6.0,154.0,314.3333333333333,10.0,6.0,155.0,364.1,11.0,6.0,156.0,351.68333333333334,12.0,6.0,157.0,309.48333333333335,13.0,6.0,158.0,278.3,14.0,6.0,159.0,324.5,15.0,6.0,160.0,361.71666666666664,16.0,6.0,161.0,375.25,17.0,6.0,162.0,340.43333333333334,18.0,6.0,163.0,340.55,19.0,6.0,164.0,293.9166666666667,20.0,6.0,165.0,255.96666666666667,21.0,6.0,166.0,231.0,22.0,6.0,167.0,241.83333333333334,23.0,0.0,168.0,203.8,0.0,0.0,169.0,208.4,1.0,0.0,169.25,190.66666666666666,1.0,0.0,169.5,181.73333333333332,1.0,0.0,169.75,151.8,1.0,0.0,170.0,153.66666666666666,2.0
6.0,147.0,132.21666666666667,3.0,6.0,148.0,135.2,4.0,6.0,149.0,89.76666666666667,5.0,6.0,150.0,113.08333333333333,6.0,6.0,151.0,117.85,7.0,6.0,152.0,141.13333333333333,8.0,6.0,153.0,205.36666666666667,9.0,6.0,154.0,314.3333333333333,10.0,6.0,155.0,364.1,11.0,6.0,156.0,351.68333333333334,12.0,6.0,157.0,309.48333333333335,13.0,6.0,158.0,278.3,14.0,6.0,159.0,324.5,15.0,6.0,160.0,361.71666666666664,16.0,6.0,161.0,375.25,17.0,6.0,162.0,340.43333333333334,18.0,6.0,163.0,340.55,19.0,6.0,164.0,293.9166666666667,20.0,6.0,165.0,255.96666666666667,21.0,6.0,166.0,231.0,22.0,6.0,167.0,241.83333333333334,23.0,0.0,168.0,203.8,0.0,0.0,169.0,183.15,1.0,0.0,170.0,164.86666666666667,2.0,0.0,170.25,179.66666666666666,2.0,0.0,170.5,127.8,2.0,0.0,170.75,142.33333333333334,2.0,0.0,171.0,94.4,3.0
6.0,148.0,135.2,4.0,6.0,149.0,89.76666666666667,5.0,6.0,150.0,113.08333333333333,6.0,6.0,151.0,117.85,7.0,6.0,152.0,141.13333333333333,8.0,6.0,153.0,205.36666666666667,9.0,6.0,154.0,314.3333333333333,10.0,6.0,155.0,364.1,11.0,6.0,156.0,351.68333333333334,12.0,6.0,157.0,309.48333333333335,13.0,6.0,158.0,278.3,14.0,6.0,159.0,324.5,15.0,6.0,160.0,361.71666666666664,16.0,6.0,161.0,375.25,17.0,6.0,162.0,340.43333333333334,18.0,6.0,163.0,340.55,19.0,6.0,164.0,293.9166666666667,20.0,6.0,165.0,255.96666666666667,21.0,6.0,166.0,231.0,22.0,6.0,167.0,241.83333333333334,23.0,0.0,168.0,203.8,0.0,0.0,169.0,183.15,1.0,0.0,170.0,153.66666666666666,2.0,0.0,171.0,112.8,3.0,0.0,171.25,91.66666666666667,3.0,0.0,171.5,87.13333333333334,3.0,0.0,171.75,86.0,3.0,0.0,172.0,90.51666666666667,4.0
6.0,149.0,89.76666666666667,5.0,6.0,150.0,113.08333333333333,6.0,6.0,151.0,117.85,7.0,6.0,152.0,141.13333333333333,8.0,6.0,153.0,205.36666666666667,9.0,6.0,154.0,314.3333333333333,10.0,6.0,155.0,364.1,11.0,6.0,156.0,351.68333333333334,12.0,6.0,157.0,309.48333333333335,13.0,6.0,158.0,278.3,14.0,6.0,159.0,324.5,15.0,6.0,160.0,361.71666666666664,16.0,6.0,161.0,375.25,17.0,6.0,162.0,340.43333333333334,18.0,6.0,163.0,340.55,19.0,6.0,164.0,293.9166666666667,20.0,6.0,165.0,255.96666666666667,21.0,6.0,166.0,231.0,22.0,6.0,167.0,241.83333333333334,23.0,0.0,168.0,203.8,0.0,0.0,169.0,183.15,1.0,0.0,170.0,153.66666666666666,2.0,0.0,171.0,94.4,3.0,0.0,172.0,98.2,4.0,0.0,172.25,81.53333333333333,4.0,0.0,172.5,92.0,4.0,0.0,172.75,90.33333333333333,4.0,0.0,173.0,75.48333333333333,5.0
6.0,150.0,113.08333333333333,6.0,6.0,151.0,117.85,7.0,6.0,152.0,141.13333333333333,8.0,6.0,153.0,205.36666666666667,9.0,6.0,154.0,314.3333333333333,10.0,6.0,155.0,364.1,11.0,6.0,156.0,351.68333333333334,12.0,6.0,157.0,309.48333333333335,13.0,6.0,158.0,278.3,14.0,6.0,159.0,324.5,15.0,6.0,160.0,361.71666666666664,16.0,6.0,161.0,375.25,17.0,6.0,162.0,340.43333333333334,18.0,6.0,163.0,340.55,19.0,6.0,164.0,293.9166666666667,20.0,6.0,165.0,255.96666666666667,21.0,6.0,166.0,231.0,22.0,6.0,167.0,241.83333333333334,23.0,0.0,168.0,203.8,0.0,0.0,169.0,183.15,1.0,0.0,170.0,153.66666666666666,2.0,0.0,171.0,94.4,3.0,0.0,172.0,90.51666666666667,4.0,0.0,173.0,90.93333333333334,5.0,0.0,173.25,67.0,5.0,0.0,173.5,87.06666666666666,5.0,0.0,173.75,56.93333333333333,5.0,0.0,174.0,70.3,6.0
6.0,151.0,117.85,7.0,6.0,152.0,141.13333333333333,8.0,6.0,153.0,205.36666666666667,9.0,6.0,154.0,314.3333333333333,10.0,6.0,155.0,364.1,11.0,6.0,156.0,351.68333333333334,12.0,6.0,157.0,309.48333333333335,13.0,6.0,158.0,278.3,14.0,6.0,159.0,324.5,15.0,6.0,160.0,361.71666666666664,16.0,6.0,161.0,375.25,17.0,6.0,162.0,340.43333333333334,18.0,6.0,163.0,340.55,19.0,6.0,164.0,293.9166666666667,20.0,6.0,165.0,255.96666666666667,21.0,6.0,166.0,231.0,22.0,6.0,167.0,241.83333333333334,23.0,0.0,168.0,203.8,0.0,0.0,169.0,183.15,1.0,0.0,170.0,153.66666666666666,2.0,0.0,171.0,94.4,3.0,0.0,172.0,90.51666666666667,4.0,0.0,173.0,75.48333333333333,5.0,0.0,174.0,64.6,6.0,0.0,174.25,61.46666666666667,6.0,0.0,174.5,84.4,6.0,0.0,174.75,70.73333333333333,6.0,0.0,175.0,101.06666666666666,7.0
6.0,152.0,141.13333333333333,8.0,6.0,153.0,205.36666666666667,9.0,6.0,154.0,314.3333333333333,10.0,6.0,155.0,364.1,11.0,6.0,156.0,351.68333333333334,12.0,6.0,157.0,309.48333333333335,13.0,6.0,158.0,278.3,14.0,6.0,159.0,324.5,15.0,6.0,160.0,361.71666666666664,16.0,6.0,161.0,375.25,17.0,6.0,162.0,340.43333333333334,18.0,6.0,163.0,340.55,19.0,6.0,164.0,293.9166666666667,20.0,6.0,165.0,255.96666666666667,21.0,6.0,166.0,231.0,22.0,6.0,167.0,241.83333333333334,23.0,0.0,168.0,203.8,0.0,0.0,169.0,183.15,1.0,0.0,170.0,153.66666666666666,2.0,0.0,171.0,94.4,3.0,0.0,172.0,90.51666666666667,4.0,0.0,173.0,75.48333333333333,5.0,0.0,174.0,70.3,6.0,0.0,175.0,122.13333333333334,7.0,0.0,175.25,90.26666666666667,7.0,0.0,175.5,104.66666666666667,7.0,0.0,175.75,87.2,7.0,0.0,176.0,107.48333333333333,8.0
6.0,153.0,205.36666666666667,9.0,6.0,154.0,314.3333333333333,10.0,6.0,155.0,364.1,11.0,6.0,156.0,351.68333333333334,12.0,6.0,157.0,309.48333333333335,13.0,6.0,158.0,278.3,14.0,6.0,159.0,324.5,15.0,6.0,160.0,361.71666666666664,16.0,6.0,161.0,375.25,17.0,6.0,162.0,340.43333333333334,18.0,6.0,163.0,340.55,19.0,6.0,164.0,293.9166666666667,20.0,6.0,165.0,255.96666666666667,21.0,6.0,166.0,231.0,22.0,6.0,167.0,241.83333333333334,23.0,0.0,168.0,203.8,0.0,0.0,169.0,183.15,1.0,0.0,170.0,153.66666666666666,2.0,0.0,171.0,94.4,3.0,0.0,172.0,90.51666666666667,4.0,0.0,173.0,75.48333333333333,5.0,0.0,174.0,70.3,6.0,0.0,175.0,101.06666666666666,7.0,0.0,176.0,87.46666666666667,8.0,0.0,176.25,110.06666666666666,8.0,0.0,176.5,118.53333333333333,8.0,0.0,176.75,113.86666666666666,8.0,0.0,177.0,174.18333333333334,9.0
6.0,154.0,314.3333333333333,10.0,6.0,155.0,364.1,11.0,6.0,156.0,351.68333333333334,12.0,6.0,157.0,309.48333333333335,13.0,6.0,158.0,278.3,14.0,6.0,159.0,324.5,15.0,6.0,160.0,361.71666666666664,16.0,6.0,161.0,375.25,17.0,6.0,162.0,340.43333333333334,18.0,6.0,163.0,340.55,19.0,6.0,164.0,293.9166666666667,20.0,6.0,165.0,255.96666666666667,21.0,6.0,166.0,231.0,22.0,6.0,167.0,241.83333333333334,23.0,0.0,168.0,203.8,0.0,0.0,169.0,183.15,1.0,0.0,170.0,153.66666666666666,2.0,0.0,171.0,94.4,3.0,0.0,172.0,90.51666666666667,4.0,0.0,173.0,75.48333333333333,5.0,0.0,174.0,70.3,6.0,0.0,175.0,101.06666666666666,7.0,0.0,176.0,107.48333333333333,8.0,0.0,177.0,123.46666666666667,9.0,0.0,177.25,190.73333333333332,9.0,0.0,177.5,194.4,9.0,0.0,177.75,188.13333333333333,9.0,0.0,178.0,278.78333333333336,10.0
6.0,155.0,364.1,11.0,6.0,156.0,351.68333333333334,12.0,6.0,157.0,309.48333333333335,13.0,6.0,158.0,278.3,14.0,6.0,159.0,324.5,15.0,6.0,160.0,361.71666666666664,16.0,6.0,161.0,375.25,17.0,6.0,162.0,340.43333333333334,18.0,6.0,163.0,340.55,19.0,6.0,164.0,293.9166666666667,20.0,6.0,165.0,255.96666666666667,21.0,6.0,166.0,231.0,22.0,6.0,167.0,241.83333333333334,23.0,0.0,168.0,203.8,0.0,0.0,169.0,183.15,1.0,0.0,170.0,153.66666666666666,2.0,0.0,171.0,94.4,3.0,0.0,172.0,90.51666666666667,4.0,0.0,173.0,75.48333333333333,5.0,0.0,174.0,70.3,6.0,0.0,175.0,101.06666666666666,7.0,0.0,176.0,107.48333333333333,8.0,0.0,177.0,174.18333333333334,9.0,0.0,178.0,233.93333333333334,10.0,0.0,178.25,300.46666666666664,10.0,0.0,178.5,316.3333333333333,10.0,0.0,178.75,264.4,10.0,0.0,179.0,299.21666666666664,11.0
6.0,156.0,351.68333333333334,12.0,6.0,157.0,309.48333333333335,13.0,6.0,158.0,278.3,14.0,6.0,159.0,324.5,15.0,6.0,160.0,361.71666666666664,16.0,6.0,161.0,375.25,17.0,6.0,162.0,340.43333333333334,18.0,6.0,163.0,340.55,19.0,6.0,164.0,293.9166666666667,20.0,6.0,165.0,255.96666666666667,21.0,6.0,166.0,231.0,22.0,6.0,167.0,241.83333333333334,23.0,0.0,168.0,203.8,0.0,0.0,169.0,183.15,1.0,0.0,170.0,153.66666666666666,2.0,0.0,171.0,94.4,3.0,0.0,172.0,90.51666666666667,4.0,0.0,173.0,75.48333333333333,5.0,0.0,174.0,70.3,6.0,0.0,175.0,101.06666666666666,7.0,0.0,176.0,107.48333333333333,8.0,0.0,177.0,174.18333333333334,9.0,0.0,178.0,278.78333333333336,10.0,0.0,179.0,290.0,11.0,0.0,179.25,323.8666666666667,11.0,0.0,179.5,289.73333333333335,11.0,0.0,179.75,293.26666666666665,11.0,0.0,180.0,365.6166666666667,12.0
6.0,157.0,309.48333333333335,13.0,6.0,158.0,278.3,14.0,6.0,159.0,324.5,15.0,6.0,160.0,361.71666666666664,16.0,6.0,161.0,375.25,17.0,6.0,162.0,340.43333333333334,18.0,6.0,163.0,340.55,19.0,6.0,164.0,293.9166666666667,20.0,6.0,165.0,255.96666666666667,21.0,6.0,166.0,231.0,22.0,6.0,167.0,241.83333333333334,23.0,0.0,168.0,203.8,0.0,0.0,169.0,183.15,1.0,0.0,170.0,153.66666666666666,2.0,0.0,171.0,94.4,3.0,0.0,172.0,90.51666666666667,4.0,0.0,173.0,75.48333333333333,5.0,0.0,174.0,70.3,6.0,0.0,175.0,101.06666666666666,7.0,0.0,176.0,107.48333333333333,8.0,0.0,177.0,174.18333333333334,9.0,0.0,178.0,278.78333333333336,10.0,0.0,179.0,299.21666666666664,11.0,0.0,180.0,305.4,12.0,0.0,180.25,392.26666666666665,12.0,0.0,180.5,386.53333333333336,12.0,0.0,180.75,378.26666666666665,12.0,0.0,181.0,258.3333333333333,13.0
6.0,158.0,278.3,14.0,6.0,159.0,324.5,15.0,6.0,160.0,361.71666666666664,16.0,6.0,161.0,375.25,17.0,6.0,162.0,340.43333333333334,18.0,6.0,163.0,340.55,19.0,6.0,164.0,293.9166666666667,20.0,6.0,165.0,255.96666666666667,21.0,6.0,166.0,231.0,22.0,6.0,167.0,241.83333333333334,23.0,0.0,168.0,203.8,0.0,0.0,169.0,183.15,1.0,0.0,170.0,153.66666666666666,2.0,0.0,171.0,94.4,3.0,0.0,172.0,90.51666666666667,4.0,0.0,173.0,75.48333333333333,5.0,0.0,174.0,70.3,6.0,0.0,175.0,101.06666666666666,7.0,0.0,176.0,107.48333333333333,8.0,0.0,177.0,174.18333333333334,9.0,0.0,178.0,278.78333333333336,10.0,0.0,179.0,299.21666666666664,11.0,0.0,180.0,365.6166666666667,12.0,0.0,181.0,280.8,13.0,0.0,181.25,281.8666666666667,13.0,0.0,181.5,218.46666666666667,13.0,0.0,181.75,252.2,13.0,0.0,182.0,240.03333333333333,14.0
6.0,159.0,324.5,15.0,6.0,160.0,361.71666666666664,16.0,6.0,161.0,375.25,17.0,6.0,162.0,340.43333333333334,18.0,6.0,163.0,340.55,19.0,6.0,164.0,293.9166666666667,20.0,6.0,165.0,255.96666666666667,21.0,6.0,166.0,231.0,22.0,6.0,167.0,241.83333333333334,23.0,0.0,168.0,203.8,0.0,0.0,169.0,183.15,1.0,0.0,170.0,153.66666666666666,2.0,0.0,171.0,94.4,3.0,0.0,172.0,90.51666666666667,4.0,0.0,173.0,75.48333333333333,5.0,0.0,174.0,70.3,6.0,0.0,175.0,101.06666666666666,7.0,0.0,176.0,107.48333333333333,8.0,0.0,177.0,174.18333333333334,9.0,0.0,178.0,278.78333333333336,10.0,0.0,179.0,299.21666666666664,11.0,0.0,180.0,365.6166666666667,12.0,0.0,181.0,258.3333333333333,13.0,0.0,182.0,245.8,14.0,0.0,182.25,243.06666666666666,14.0,0.0,182.5,248.0,14.0,0.0,182.75,223.26666666666668,14.0,0.0,183.0,282.18333333333334,15.0
6.0,160.0,361.71666666666664,16.0,6.0,161.0,375.25,17.0,6.0,162.0,340.43333333333334,18.0,6.0,163.0,340.55,19.0,6.0,164.0,293.9166666666667,20.0,6.0,165.0,255.96666666666667,21.0,6.0,166.0,231.0,22.0,6.0,167.0,241.83333333333334,23.0,0.0,168.0,203.8,0.0,0.0,169.0,183.15,1.0,0.0,170.0,153.66666666666666,2.0,0.0,171.0,94.4,3.0,0.0,172.0,90.51666666666667,4.0,0.0,173.0,75.48333333333333,5.0,0.0,174.0,70.3,6.0,0.0,175.0,101.06666666666666,7.0,0.0,176.0,107.48333333333333,8.0,0.0,177.0,174.18333333333334,9.0,0.0,178.0,278.78333333333336,10.0,0.0,179.0,299.21666666666664,11.0,0.0,180.0,365.6166666666667,12.0,0.0,181.0,258.3333333333333,13.0,0.0,182.0,240.03333333333333,14.0,0.0,183.0,306.0,15.0,0.0,183.25,200.13333333333333,15.0,0.0,183.5,356.8666666666667,15.0,0.0,183.75,265.73333333333335,15.0,0.0,184.0,294.23333333333335,16.0
6.0,161.0,375.25,17.0,6.0,162.0,340.43333333333334,18.0,6.0,163.0,340.55,19.0,6.0,164.0,293.9166666666667,20.0,6.0,165.0,255.96666666666667,21.0,6.0,166.0,231.0,22.0,6.0,167.0,241.83333333333334,23.0,0.0,168.0,203.8,0.0,0.0,169.0,183.15,1.0,0.0,170.0,153.66666666666666,2.0,0.0,171.0,94.4,3.0,0.0,172.0,90.51666666666667,4.0,0.0,173.0,75.48333333333333,5.0,0.0,174.0,70.3,6.0,0.0,175.0,101.06666666666666,7.0,0.0,176.0,107.48333333333333,8.0,0.0,177.0,174.18333333333334,9.0,0.0,178.0,278.78333333333336,10.0,0.0,179.0,299.21666666666664,11.0,0.0,180.0,365.6166666666667,12.0,0.0,181.0,258.3333333333333,13.0,0.0,182.0,240.03333333333333,14.0,0.0,183.0,282.18333333333334,15.0,0.0,184.0,305.0,16.0,0.0,184.25,281.93333333333334,16.0,0.0,184.5,302.26666666666665,16.0,0.0,184.75,287.73333333333335,16.0,0.0,185.0,255.1,17.0
6.0,162.0,340.43333333333334,18.0,6.0,163.0,340.55,19.0,6.0,164.0,293.9166666666667,20.0,6.0,165.0,255.96666666666667,21.0,6.0,166.0,231.0,22.0,6.0,167.0,241.83333333333334,23.0,0.0,168.0,203.8,0.0,0.0,169.0,183.15,1.0,0.0,170.0,153.66666666666666,2.0,0.0,171.0,94.4,3.0,0.0,172.0,90.51666666666667,4.0,0.0,173.0,75.48333333333333,5.0,0.0,174.0,70.3,6.0,0.0,175.0,101.06666666666666,7.0,0.0,176.0,107.48333333333333,8.0,0.0,177.0,174.18333333333334,9.0,0.0,178.0,278.78333333333336,10.0,0.0,179.0,299.21666666666664,11.0,0.0,180.0,365.6166666666667,12.0,0.0,181.0,258.3333333333333,13.0,0.0,182.0,240.03333333333333,14.0,0.0,183.0,282.18333333333334,15.0,0.0,184.0,294.23333333333335,16.0,0.0,185.0,284.6,17.0,0.0,185.25,230.8,17.0,0.0,185.5,260.1333333333333,17.0,0.0,185.75,244.86666666666667,17.0,0.0,186.0,260.3666666666667,18.0
6.0,163.0,340.55,19.0,6.0,164.0,293.9166666666667,20.0,6.0,165.0,255.96666666666667,21.0,6.0,166.0,231.0,22.0,6.0,167.0,241.83333333333334,23.0,0.0,168.0,203.8,0.0,0.0,169.0,183.15,1.0,0.0,170.0,153.66666666666666,2.0,0.0,171.0,94.4,3.0,0.0,172.0,90.51666666666667,4.0,0.0,173.0,75.48333333333333,5.0,0.0,174.0,70.3,6.0,0.0,175.0,101.06666666666666,7.0,0.0,176.0,107.48333333333333,8.0,0.0,177.0,174.18333333333334,9.0,0.0,178.0,278.78333333333336,10.0,0.0,179.0,299.21666666666664,11.0,0.0,180.0,365.6166666666667,12.0,0.0,181.0,258.3333333333333,13.0,0.0,182.0,240.03333333333333,14.0,0.0,183.0,282.18333333333334,15.0,0.0,184.0,294.23333333333335,16.0,0.0,185.0,255.1,17.0,0.0,186.0,293.6,18.0,0.0,186.25,244.06666666666666,18.0,0.0,186.5,238.0,18.0,0.0,186.75,265.8,18.0,0.0,187.0,240.5,19.0
6.0,164.0,293.9166666666667,20.0,6.0,165.0,255.96666666666667,21.0,6.0,166.0,231.0,22.0,6.0,167.0,241.83333333333334,23.0,0.0,168.0,203.8,0.0,0.0,169.0,183.15,1.0,0.0,170.0,153.66666666666666,2.0,0.0,171.0,94.4,3.0,0.0,172.0,90.51666666666667,4.0,0.0,173.0,75.48333333333333,5.0,0.0,174.0,70.3,6.0,0.0,175.0,101.06666666666666,7.0,0.0,176.0,107.48333333333333,8.0,0.0,177.0,174.18333333333334,9.0,0.0,178.0,278.78333333333336,10.0,0.0,179.0,299.21666666666664,11.0,0.0,180.0,365.6166666666667,12.0,0.0,181.0,258.3333333333333,13.0,0.0,182.0,240.03333333333333,14.0,0.0,183.0,282.18333333333334,15.0,0.0,184.0,294.23333333333335,16.0,0.0,185.0,255.1,17.0,0.0,186.0,260.3666666666667,18.0,0.0,187.0,296.06666666666666,19.0,0.0,187.25,242.26666666666668,19.0,0.0,187.5,231.0,19.0,0.0,187.75,192.66666666666666,19.0,0.0,188.0,235.68333333333334,20.0
6.0,165.0,255.96666666666667,21.0,6.0,166.0,231.0,22.0,6.0,167.0,241.83333333333334,23.0,0.0,168.0,203.8,0.0,0.0,169.0,183.15,1.0,0.0,170.0,153.66666666666666,2.0,0.0,171.0,94.4,3.0,0.0,172.0,90.51666666666667,4.0,0.0,173.0,75.48333333333333,5.0,0.0,174.0,70.3,6.0,0.0,175.0,101.06666666666666,7.0,0.0,176.0,107.48333333333333,8.0,0.0,177.0,174.18333333333334,9.0,0.0,178.0,278.78333333333336,10.0,0.0,179.0,299.21666666666664,11.0,0.0,180.0,365.6166666666667,12.0,0.0,181.0,258.3333333333333,13.0,0.0,182.0,240.03333333333333,14.0,0.0,183.0,282.18333333333334,15.0,0.0,184.0,294.23333333333335,16.0,0.0,185.0,255.1,17.0,0.0,186.0,260.3666666666667,18.0,0.0,187.0,240.5,19.0,0.0,188.0,240.2,20.0,0.0,188.25,252.73333333333332,20.0,0.0,188.5,254.13333333333333,20.0,0.0,188.75,195.66666666666666,20.0,0.0,189.0,214.05,21.0
6.0,166.0,231.0,22.0,6.0,167.0,241.83333333333334,23.0,0.0,168.0,203.8,0.0,0.0,169.0,183.15,1.0,0.0,170.0,153.66666666666666,2.0,0.0,171.0,94.4,3.0,0.0,172.0,90.51666666666667,4.0,0.0,173.0,75.48333333333333,5.0,0.0,174.0,70.3,6.0,0.0,175.0,101.06666666666666,7.0,0.0,176.0,107.48333333333333,8.0,0.0,177.0,174.18333333333334,9.0,0.0,178.0,278.78333333333336,10.0,0.0,179.0,299.21666666666664,11.0,0.0,180.0,365.6166666666667,12.0,0.0,181.0,258.3333333333333,13.0,0.0,182.0,240.03333333333333,14.0,0.0,183.0,282.18333333333334,15.0,0.0,184.0,294.23333333333335,16.0,0.0,185.0,255.1,17.0,0.0,186.0,260.3666666666667,18.0,0.0,187.0,240.5,19.0,0.0,188.0,235.68333333333334,20.0,0.0,189.0,206.6,21.0,0.0,189.25,248.86666666666667,21.0,0.0,189.5,229.8,21.0,0.0,189.75,170.93333333333334,21.0,0.0,190.0,190.11666666666667,22.0
6.0,167.0,241.83333333333334,23.0,0.0,168.0,203.8,0.0,0.0,169.0,183.15,1.0,0.0,170.0,153.66666666666666,2.0,0.0,171.0,94.4,3.0,0.0,172.0,90.51666666666667,4.0,0.0,173.0,75.48333333333333,5.0,0.0,174.0,70.3,6.0,0.0,175.0,101.06666666666666,7.0,0.0,176.0,107.48333333333333,8.0,0.0,177.0,174.18333333333334,9.0,0.0,178.0,278.78333333333336,10.0,0.0,179.0,299.21666666666664,11.0,0.0,180.0,365.6166666666667,12.0,0.0,181.0,258.3333333333333,13.0,0.0,182.0,240.03333333333333,14.0,0.0,183.0,282.18333333333334,15.0,0.0,184.0,294.23333333333335,16.0,0.0,185.0,255.1,17.0,0.0,186.0,260.3666666666667,18.0,0.0,187.0,240.5,19.0,0.0,188.0,235.68333333333334,20.0,0.0,189.0,214.05,21.0,0.0,190.0,196.33333333333334,22.0,0.0,190.25,193.86666666666667,22.0,0.0,190.5,219.8,22.0,0.0,190.75,150.46666666666667,22.0,0.0,191.0,209.6,23.0
0.0,168.0,203.8,0.0,0.0,169.0,183.15,1.0,0.0,170.0,153.66666666666666,2.0,0.0,171.0,94.4,3.0,0.0,172.0,90.51666666666667,4.0,0.0,173.0,75.48333333333333,5.0,0.0,174.0,70.3,6.0,0.0,175.0,101.06666666666666,7.0,0.0,176.0,107.48333333333333,8.0,0.0,177.0,174.18333333333334,9.0,0.0,178.0,278.78333333333336,10.0,0.0,179.0,299.21666666666664,11.0,0.0,180.0,365.6166666666667,12.0,0.0,181.0,258.3333333333333,13.0,0.0,182.0,240.03333333333333,14.0,0.0,183.0,282.18333333333334,15.0,0.0,184.0,294.23333333333335,16.0,0.0,185.0,255.1,17.0,0.0,186.0,260.3666666666667,18.0,0.0,187.0,240.5,19.0,0.0,188.0,235.68333333333334,20.0,0.0,189.0,214.05,21.0,0.0,190.0,190.11666666666667,22.0,0.0,191.0,105.2,23.0,0.0,191.25,254.8,23.0,0.0,191.5,250.86666666666667,23.0,0.0,191.75,227.53333333333333,23.0,1.0,192.0,174.83333333333334,0.0
0.0,169.0,183.15,1.0,0.0,170.0,153.66666666666666,2.0,0.0,171.0,94.4,3.0,0.0,172.0,90.51666666666667,4.0,0.0,173.0,75.48333333333333,5.0,0.0,174.0,70.3,6.0,0.0,175.0,101.06666666666666,7.0,0.0,176.0,107.48333333333333,8.0,0.0,177.0,174.18333333333334,9.0,0.0,178.0,278.78333333333336,10.0,0.0,179.0,299.21666666666664,11.0,0.0,180.0,365.6166666666667,12.0,0.0,181.0,258.3333333333333,13.0,0.0,182.0,240.03333333333333,14.0,0.0,183.0,282.18333333333334,15.0,0.0,184.0,294.23333333333335,16.0,0.0,185.0,255.1,17.0,0.0,186.0,260.3666666666667,18.0,0.0,187.0,240.5,19.0,0.0,188.0,235.68333333333334,20.0,0.0,189.0,214.05,21.0,0.0,190.0,190.11666666666667,22.0,0.0,191.0,209.6,23.0,1.0,192.0,164.73333333333332,0.0,1.0,192.25,194.26666666666668,0.0,1.0,192.5,148.26666666666668,0.0,1.0,192.75,192.06666666666666,0.0,1.0,193.0,171.51666666666668,1.0
0.0,170.0,153.66666666666666,2.0,0.0,171.0,94.4,3.0,0.0,172.0,90.51666666666667,4.0,0.0,173.0,75.48333333333333,5.0,0.0,174.0,70.3,6.0,0.0,175.0,101.06666666666666,7.0,0.0,176.0,107.48333333333333,8.0,0.0,177.0,174.18333333333334,9.0,0.0,178.0,278.78333333333336,10.0,0.0,179.0,299.21666666666664,11.0,0.0,180.0,365.6166666666667,12.0,0.0,181.0,258.3333333333333,13.0,0.0,182.0,240.03333333333333,14.0,0.0,183.0,282.18333333333334,15.0,0.0,184.0,294.23333333333335,16.0,0.0,185.0,255.1,17.0,0.0,186.0,260.3666666666667,18.0,0.0,187.0,240.5,19.0,0.0,188.0,235.68333333333334,20.0,0.0,189.0,214.05,21.0,0.0,190.0,190.11666666666667,22.0,0.0,191.0,209.6,23.0,1.0,192.0,174.83333333333334,0.0,1.0,193.0,191.0,1.0,1.0,193.25,145.06666666666666,1.0,1.0,193.5,152.8,1.0,1.0,193.75,197.2,1.0,1.0,194.0,151.86666666666667,2.0
0.0,171.0,94.4,3.0,0.0,172.0,90.51666666666667,4.0,0.0,173.0,75.48333333333333,5.0,0.0,174.0,70.3,6.0,0.0,175.0,101.06666666666666,7.0,0.0,176.0,107.48333333333333,8.0,0.0,177.0,174.18333333333334,9.0,0.0,178.0,278.78333333333336,10.0,0.0,179.0,299.21666666666664,11.0,0.0,180.0,365.6166666666667,12.0,0.0,181.0,258.3333333333333,13.0,0.0,182.0,240.03333333333333,14.0,0.0,183.0,282.18333333333334,15.0,0.0,184.0,294.23333333333335,16.0,0.0,185.0,255.1,17.0,0.0,186.0,260.3666666666667,18.0,0.0,187.0,240.5,19.0,0.0,188.0,235.68333333333334,20.0,0.0,189.0,214.05,21.0,0.0,190.0,190.11666666666667,22.0,0.0,191.0,209.6,23.0,1.0,192.0,174.83333333333334,0.0,1.0,193.0,171.51666666666668,1.0,1.0,194.0,162.53333333333333,2.0,1.0,194.25,143.93333333333334,2.0,1.0,194.5,171.46666666666667,2.0,1.0,194.75,129.53333333333333,2.0,1.0,195.0,99.88333333333334,3.0
0.0,172.0,90.51666666666667,4.0,0.0,173.0,75.48333333333333,5.0,0.0,174.0,70.3,6.0,0.0,175.0,101.06666666666666,7.0,0.0,176.0,107.48333333333333,8.0,0.0,177.0,174.18333333333334,9.0,0.0,178.0,278.78333333333336,10.0,0.0,179.0,299.21666666666664,11.0,0.0,180.0,365.6166666666667,12.0,0.0,181.0,258.3333333333333,13.0,0.0,182.0,240.03333333333333,14.0,0.0,183.0,282.18333333333334,15.0,0.0,184.0,294.23333333333335,16.0,0.0,185.0,255.1,17.0,0.0,186.0,260.3666666666667,18.0,0.0,187.0,240.5,19.0,0.0,188.0,235.68333333333334,20.0,0.0,189.0,214.05,21.0,0.0,190.0,190.11666666666667,22.0,0.0,191.0,209.6,23.0,1.0,192.0,174.83333333333334,0.0,1.0,193.0,171.51666666666668,1.0,1.0,194.0,151.86666666666667,2.0,1.0,195.0,107.46666666666667,3.0,1.0,195.25,95.86666666666666,3.0,1.0,195.5,55.333333333333336,3.0,1.0,195.75,140.86666666666667,3.0,1.0,196.0,95.26666666666667,4.0
0.0,173.0,75.48333333333333,5.0,0.0,174.0,70.3,6.0,0.0,175.0,101.06666666666666,7.0,0.0,176.0,107.48333333333333,8.0,0.0,177.0,174.18333333333334,9.0,0.0,178.0,278.78333333333336,10.0,0.0,179.0,299.21666666666664,11.0,0.0,180.0,365.6166666666667,12.0,0.0,181.0,258.3333333333333,13.0,0.0,182.0,240.03333333333333,14.0,0.0,183.0,282.18333333333334,15.0,0.0,184.0,294.23333333333335,16.0,0.0,185.0,255.1,17.0,0.0,186.0,260.3666666666667,18.0,0.0,187.0,240.5,19.0,0.0,188.0,235.68333333333334,20.0,0.0,189.0,214.05,21.0,0.0,190.0,190.11666666666667,22.0,0.0,191.0,209.6,23.0,1.0,192.0,174.83333333333334,0.0,1.0,193.0,171.51666666666668,1.0,1.0,194.0,151.86666666666667,2.0,1.0,195.0,99.88333333333334,3.0,1.0,196.0,109.4,4.0,1.0,196.25,96.8,4.0,1.0,196.5,91.66666666666667,4.0,1.0,196.75,83.2,4.0,1.0,197.0,79.01666666666667,5.0
0.0,174.0,70.3,6.0,0.0,175.0,101.06666666666666,7.0,0.0,176.0,107.48333333333333,8.0,0.0,177.0,174.18333333333334,9.0,0.0,178.0,278.78333333333336,10.0,0.0,179.0,299.21666666666664,11.0,0.0,180.0,365.6166666666667,12.0,0.0,181.0,258.3333333333333,13.0,0.0,182.0,240.03333333333333,14.0,0.0,183.0,282.18333333333334,15.0,0.0,184.0,294.23333333333335,16.0,0.0,185.0,255.1,17.0,0.0,186.0,260.3666666666667,18.0,0.0,187.0,240.5,19.0,0.0,188.0,235.68333333333334,20.0,0.0,189.0,214.05,21.0,0.0,190.0,190.11666666666667,22.0,0.0,191.0,209.6,23.0,1.0,192.0,174.83333333333334,0.0,1.0,193.0,171.51666666666668,1.0,1.0,194.0,151.86666666666667,2.0,1.0,195.0,99.88333333333334,3.0,1.0,196.0,95.26666666666667,4.0,1.0,197.0,89.2,5.0,1.0,197.25,73.2,5.0,1.0,197.5,84.0,5.0,1.0,197.75,69.66666666666667,5.0,1.0,198.0,70.43333333333334,6.0
0.0,175.0,101.06666666666666,7.0,0.0,176.0,107.48333333333333,8.0,0.0,177.0,174.18333333333334,9.0,0.0,178.0,278.78333333333336,10.0,0.0,179.0,299.21666666666664,11.0,0.0,180.0,365.6166666666667,12.0,0.0,181.0,258.3333333333333,13.0,0.0,182.0,240.03333333333333,14.0,0.0,183.0,282.18333333333334,15.0,0.0,184.0,294.23333333333335,16.0,0.0,185.0,255.1,17.0,0.0,186.0,260.3666666666667,18.0,0.0,187.0,240.5,19.0,0.0,188.0,235.68333333333334,20.0,0.0,189.0,214.05,21.0,0.0,190.0,190.11666666666667,22.0,0.0,191.0,209.6,23.0,1.0,192.0,174.83333333333334,0.0,1.0,193.0,171.51666666666668,1.0,1.0,194.0,151.86666666666667,2.0,1.0,195.0,99.88333333333334,3.0,1.0,196.0,95.26666666666667,4.0,1.0,197.0,79.01666666666667,5.0,1.0,198.0,86.4,6.0,1.0,198.25,84.06666666666666,6.0,1.0,198.5,79.46666666666667,6.0,1.0,198.75,31.8,6.0,1.0,199.0,109.28333333333333,7.0
0.0,176.0,107.48333333333333,8.0,0.0,177.0,174.18333333333334,9.0,0.0,178.0,278.78333333333336,10.0,0.0,179.0,299.21666666666664,11.0,0.0,180.0,365.6166666666667,12.0,0.0,181.0,258.3333333333333,13.0,0.0,182.0,240.03333333333333,14.0,0.0,183.0,282.18333333333334,15.0,0.0,184.0,294.23333333333335,16.0,0.0,185.0,255.1,17.0,0.0,186.0,260.3666666666667,18.0,0.0,187.0,240.5,19.0,0.0,188.0,235.68333333333334,20.0,0.0,189.0,214.05,21.0,0.0,190.0,190.11666666666667,22.0,0.0,191.0,209.6,23.0,1.0,192.0,174.83333333333334,0.0,1.0,193.0,171.51666666666668,1.0,1.0,194.0,151.86666666666667,2.0,1.0,195.0,99.88333333333334,3.0,1.0,196.0,95.26666666666667,4.0,1.0,197.0,79.01666666666667,5.0,1.0,198.0,70.43333333333334,6.0,1.0,199.0,135.6,7.0,1.0,199.25,85.8,7.0,1.0,199.5,122.93333333333334,7.0,1.0,199.75,92.8,7.0,1.0,200.0,115.13333333333334,8.0
0.0,177.0,174.18333333333334,9.0,0.0,178.0,278.78333333333336,10.0,0.0,179.0,299.21666666666664,11.0,0.0,180.0,365.6166666666667,12.0,0.0,181.0,258.3333333333333,13.0,0.0,182.0,240.03333333333333,14.0,0.0,183.0,282.18333333333334,15.0,0.0,184.0,294.23333333333335,16.0,0.0,185.0,255.1,17.0,0.0,186.0,260.3666666666667,18.0,0.0,187.0,240.5,19.0,0.0,188.0,235.68333333333334,20.0,0.0,189.0,214.05,21.0,0.0,190.0,190.11666666666667,22.0,0.0,191.0,209.6,23.0,1.0,192.0,174.83333333333334,0.0,1.0,193.0,171.51666666666668,1.0,1.0,194.0,151.86666666666667,2.0,1.0,195.0,99.88333333333334,3.0,1.0,196.0,95.26666666666667,4.0,1.0,197.0,79.01666666666667,5.0,1.0,198.0,70.43333333333334,6.0,1.0,199.0,109.28333333333333,7.0,1.0,200.0,127.86666666666666,8.0,1.0,200.25,116.33333333333333,8.0,1.0,200.5,117.33333333333333,8.0,1.0,200.75,99.0,8.0,1.0,201.0,190.1,9.0
0.0,178.0,278.78333333333336,10.0,0.0,179.0,299.21666666666664,11.0,0.0,180.0,365.6166666666667,12.0,0.0,181.0,258.3333333333333,13.0,0.0,182.0,240.03333333333333,14.0,0.0,183.0,282.18333333333334,15.0,0.0,184.0,294.23333333333335,16.0,0.0,185.0,255.1,17.0,0.0,186.0,260.3666666666667,18.0,0.0,187.0,240.5,19.0,0.0,188.0,235.68333333333334,20.0,0.0,189.0,214.05,21.0,0.0,190.0,190.11666666666667,22.0,0.0,191.0,209.6,23.0,1.0,192.0,174.83333333333334,0.0,1.0,193.0,171.51666666666668,1.0,1.0,194.0,151.86666666666667,2.0,1.0,195.0,99.88333333333334,3.0,1.0,196.0,95.26666666666667,4.0,1.0,197.0,79.01666666666667,5.0,1.0,198.0,70.43333333333334,6.0,1.0,199.0,109.28333333333333,7.0,1.0,200.0,115.13333333333334,8.0,1.0,201.0,168.13333333333333,9.0,1.0,201.25,133.53333333333333,9.0,1.0,201.5,247.6,9.0,1.0,201.75,211.13333333333333,9.0,1.0,202.0,236.91666666666666,10.0
0.0,179.0,299.21666666666664,11.0,0.0,180.0,365.6166666666667,12.0,0.0,181.0,258.3333333333333,13.0,0.0,182.0,240.03333333333333,14.0,0.0,183.0,282.18333333333334,15.0,0.0,184.0,294.23333333333335,16.0,0.0,185.0,255.1,17.0,0.0,186.0,260.3666666666667,18.0,0.0,187.0,240.5,19.0,0.0,188.0,235.68333333333334,20.0,0.0,189.0,214.05,21.0,0.0,190.0,190.11666666666667,22.0,0.0,191.0,209.6,23.0,1.0,192.0,174.83333333333334,0.0,1.0,193.0,171.51666666666668,1.0,1.0,194.0,151.86666666666667,2.0,1.0,195.0,99.88333333333334,3.0,1.0,196.0,95.26666666666667,4.0,1.0,197.0,79.01666666666667,5.0,1.0,198.0,70.43333333333334,6.0,1.0,199.0,109.28333333333333,7.0,1.0,200.0,115.13333333333334,8.0,1.0,201.0,190.1,9.0,1.0,202.0,190.73333333333332,10.0,1.0,202.25,232.46666666666667,10.0,1.0,202.5,251.86666666666667,10.0,1.0,202.75,272.6,10.0,1.0,203.0,263.55,11.0
0.0,180.0,365.6166666666667,12.0,0.0,181.0,258.3333333333333,13.0,0.0,182.0,240.03333333333333,14.0,0.0,183.0,282.18333333333334,15.0,0.0,184.0,294.23333333333335,16.0,0.0,185.0,255.1,17.0,0.0,186.0,260.3666666666667,18.0,0.0,187.0,240.5,19.0,0.0,188.0,235.68333333333334,20.0,0.0,189.0,214.05,21.0,0.0,190.0,190.11666666666667,22.0,0.0,191.0,209.6,23.0,1.0,192.0,174.83333333333334,0.0,1.0,193.0,171.51666666666668,1.0,1.0,194.0,151.86666666666667,2.0,1.0,195.0,99.88333333333334,3.0,1.0,196.0,95.26666666666667,4.0,1.0,197.0,79.01666666666667,5.0,1.0,198.0,70.43333333333334,6.0,1.0,199.0,109.28333333333333,7.0,1.0,200.0,115.13333333333334,8.0,1.0,201.0,190.1,9.0,1.0,202.0,236.91666666666666,10.0,1.0,203.0,307.6,11.0,1.0,203.25,268.2,11.0,1.0,203.5,240.26666666666668,11.0,1.0,203.75,238.13333333333333,11.0,1.0,204.0,255.35,12.0
0.0,181.0,258.3333333333333,13.0,0.0,182.0,240.03333333333333,14.0,0.0,183.0,282.18333333333334,15.0,0.0,184.0,294.23333333333335,16.0,0.0,185.0,255.1,17.0,0.0,186.0,260.3666666666667,18.0,0.0,187.0,240.5,19.0,0.0,188.0,235.68333333333334,20.0,0.0,189.0,214.05,21.0,0.0,190.0,190.11666666666667,22.0,0.0,191.0,209.6,23.0,1.0,192.0,174.83333333333334,0.0,1.0,193.0,171.51666666666668,1.0,1.0,194.0,151.86666666666667,2.0,1.0,195.0,99.88333333333334,3.0,1.0,196.0,95.26666666666667,4.0,1.0,197.0,79.01666666666667,5.0,1.0,198.0,70.43333333333334,6.0,1.0,199.0,109.28333333333333,7.0,1.0,200.0,115.13333333333334,8.0,1.0,201.0,190.1,9.0,1.0,202.0,236.91666666666666,10.0,1.0,203.0,263.55,11.0,1.0,204.0,259.1333333333333,12.0,1.0,204.25,281.6666666666667,12.0,1.0,204.5,229.13333333333333,12.0,1.0,204.75,251.46666666666667,12.0,1.0,205.0,253.7,13.0
0.0,182.0,240.03333333333333,14.0,0.0,183.0,282.18333333333334,15.0,0.0,184.0,294.23333333333335,16.0,0.0,185.0,255.1,17.0,0.0,186.0,260.3666666666667,18.0,0.0,187.0,240.5,19.0,0.0,188.0,235.68333333333334,20.0,0.0,189.0,214.05,21.0,0.0,190.0,190.11666666666667,22.0,0.0,191.0,209.6,23.0,1.0,192.0,174.83333333333334,0.0,1.0,193.0,171.51666666666668,1.0,1.0,194.0,151.86666666666667,2.0,1.0,195.0,99.88333333333334,3.0,1.0,196.0,95.26666666666667,4.0,1.0,197.0,79.01666666666667,5.0,1.0,198.0,70.43333333333334,6.0,1.0,199.0,109.28333333333333,7.0,1.0,200.0,115.13333333333334,8.0,1.0,201.0,190.1,9.0,1.0,202.0,236.91666666666666,10.0,1.0,203.0,263.55,11.0,1.0,204.0,255.35,12.0,1.0,205.0,244.8,13.0,1.0,205.25,217.26666666666668,13.0,1.0,205.5,261.3333333333333,13.0,1.0,205.75,291.4,13.0,1.0,206.0,288.7,14.0
0.0,183.0,282.18333333333334,15.0,0.0,184.0,294.23333333333335,16.0,0.0,185.0,255.1,17.0,0.0,186.0,260.3666666666667,18.0,0.0,187.0,240.5,19.0,0.0,188.0,235.68333333333334,20.0,0.0,189.0,214.05,21.0,0.0,190.0,190.11666666666667,22.0,0.0,191.0,209.6,23.0,1.0,192.0,174.83333333333334,0.0,1.0,193.0,171.51666666666668,1.0,1.0,194.0,151.86666666666667,2.0,1.0,195.0,99.88333333333334,3.0,1.0,196.0,95.26666666666667,4.0,1.0,197.0,79.01666666666667,5.0,1.0,198.0,70.43333333333334,6.0,1.0,199.0,109.28333333333333,7.0,1.0,200.0,115.13333333333334,8.0,1.0,201.0,190.1,9.0,1.0,202.0,236.91666666666666,10.0,1.0,203.0,263.55,11.0,1.0,204.0,255.35,12.0,1.0,205.0,253.7,13.0,1.0,206.0,277.3333333333333,14.0,1.0,206.25,274.0,14.0,1.0,206.5,309.26666666666665,14.0,1.0,206.75,294.2,14.0,1.0,207.0,272.18333333333334,15.0
0.0,184.0,294.23333333333335,16.0,0.0,185.0,255.1,17.0,0.0,186.0,260.3666666666667,18.0,0.0,187.0,240.5,19.0,0.0,188.0,235.68333333333334,20.0,0.0,189.0,214.05,21.0,0.0,190.0,190.11666666666667,22.0,0.0,191.0,209.6,23.0,1.0,192.0,174.83333333333334,0.0,1.0,193.0,171.51666666666668,1.0,1.0,194.0,151.86666666666667,2.0,1.0,195.0,99.88333333333334,3.0,1.0,196.0,95.26666666666667,4.0,1.0,197.0,79.01666666666667,5.0,1.0,198.0,70.43333333333334,6.0,1.0,199.0,109.28333333333333,7.0,1.0,200.0,115.13333333333334,8.0,1.0,201.0,190.1,9.0,1.0,202.0,236.91666666666666,10.0,1.0,203.0,263.55,11.0,1.0,204.0,255.35,12.0,1.0,205.0,253.7,13.0,1.0,206.0,288.7,14.0,1.0,207.0,301.93333333333334,15.0,1.0,207.25,286.93333333333334,15.0,1.0,207.5,310.8666666666667,15.0,1.0,207.75,189.0,15.0,1.0,208.0,272.93333333333334,16.0
0.0,185.0,255.1,17.0,0.0,186.0,260.3666666666667,18.0,0.0,187.0,240.5,19.0,0.0,188.0,235.68333333333334,20.0,0.0,189.0,214.05,21.0,0.0,190.0,190.11666666666667,22.0,0.0,191.0,209.6,23.0,1.0,192.0,174.83333333333334,0.0,1.0,193.0,171.51666666666668,1.0,1.0,194.0,151.86666666666667,2.0,1.0,195.0,99.88333333333334,3.0,1.0,196.0,95.26666666666667,4.0,1.0,197.0,79.01666666666667,5.0,1.0,198.0,70.43333333333334,6.0,1.0,199.0,109.28333333333333,7.0,1.0,200.0,115.13333333333334,8.0,1.0,201.0,190.1,9.0,1.0,202.0,236.91666666666666,10.0,1.0,203.0,263.55,11.0,1.0,204.0,255.35,12.0,1.0,205.0,253.7,13.0,1.0,206.0,288.7,14.0,1.0,207.0,272.18333333333334,15.0,1.0,208.0,312.6,16.0,1.0,208.25,205.4,16.0,1.0,208.5,287.73333333333335,16.0,1.0,208.75,286.0,16.0,1.0,209.0,267.7,17.0
0.0,186.0,260.3666666666667,18.0,0.0,187.0,240.5,19.0,0.0,188.0,235.68333333333334,20.0,0.0,189.0,214.05,21.0,0.0,190.0,190.11666666666667,22.0,0.0,191.0,209.6,23.0,1.0,192.0,174.83333333333334,0.0,1.0,193.0,171.51666666666668,1.0,1.0,194.0,151.86666666666667,2.0,1.0,195.0,99.88333333333334,3.0,1.0,196.0,95.26666666666667,4.0,1.0,197.0,79.01666666666667,5.0,1.0,198.0,70.43333333333334,6.0,1.0,199.0,109.28333333333333,7.0,1.0,200.0,115.13333333333334,8.0,1.0,201.0,190.1,9.0,1.0,202.0,236.91666666666666,10.0,1.0,203.0,263.55,11.0,1.0,204.0,255.35,12.0,1.0,205.0,253.7,13.0,1.0,206.0,288.7,14.0,1.0,207.0,272.18333333333334,15.0,1.0,208.0,272.93333333333334,16.0,1.0,209.0,283.6666666666667,17.0,1.0,209.25,280.4,17.0,1.0,209.5,296.26666666666665,17.0,1.0,209.75,210.46666666666667,17.0,1.0,210.0,225.43333333333334,18.0
0.0,187.0,240.5,19.0,0.0,188.0,235.68333333333334,20.0,0.0,189.0,214.05,21.0,0.0,190.0,190.11666666666667,22.0,0.0,191.0,209.6,23.0,1.0,192.0,174.83333333333334,0.0,1.0,193.0,171.51666666666668,1.0,1.0,194.0,151.86666666666667,2.0,1.0,195.0,99.88333333333334,3.0,1.0,196.0,95.26666666666667,4.0,1.0,197.0,79.01666666666667,5.0,1.0,198.0,70.43333333333334,6.0,1.0,199.0,109.28333333333333,7.0,1.0,200.0,115.13333333333334,8.0,1.0,201.0,190.1,9.0,1.0,202.0,236.91666666666666,10.0,1.0,203.0,263.55,11.0,1.0,204.0,255.35,12.0,1.0,205.0,253.7,13.0,1.0,206.0,288.7,14.0,1.0,207.0,272.18333333333334,15.0,1.0,208.0,272.93333333333334,16.0,1.0,209.0,267.7,17.0,1.0,210.0,262.8666666666667,18.0,1.0,210.25,263.8666666666667,18.0,1.0,210.5,201.0,18.0,1.0,210.75,174.0,18.0,1.0,211.0,213.38333333333333,19.0
0.0,188.0,235.68333333333334,20.0,0.0,189.0,214.05,21.0,0.0,190.0,190.11666666666667,22.0,0.0,191.0,209.6,23.0,1.0,192.0,174.83333333333334,0.0,1.0,193.0,171.51666666666668,1.0,1.0,194.0,151.86666666666667,2.0,1.0,195.0,99.88333333333334,3.0,1.0,196.0,95.26666666666667,4.0,1.0,197.0,79.01666666666667,5.0,1.0,198.0,70.43333333333334,6.0,1.0,199.0,109.28333333333333,7.0,1.0,200.0,115.13333333333334,8.0,1.0,201.0,190.1,9.0,1.0,202.0,236.91666666666666,10.0,1.0,203.0,263.55,11.0,1.0,204.0,255.35,12.0,1.0,205.0,253.7,13.0,1.0,206.0,288.7,14.0,1.0,207.0,272.18333333333334,15.0,1.0,208.0,272.93333333333334,16.0,1.0,209.0,267.7,17.0,1.0,210.0,225.43333333333334,18.0,1.0,211.0,192.86666666666667,19.0,1.0,211.25,227.0,19.0,1.0,211.5,232.06666666666666,19.0,1.0,211.75,201.6,19.0,1.0,212.0,234.5,20.0
0.0,189.0,214.05,21.0,0.0,190.0,190.11666666666667,22.0,0.0,191.0,209.6,23.0,1.0,192.0,174.83333333333334,0.0,1.0,193.0,171.51666666666668,1.0,1.0,194.0,151.86666666666667,2.0,1.0,195.0,99.88333333333334,3.0,1.0,196.0,95.26666666666667,4.0,1.0,197.0,79.01666666666667,5.0,1.0,198.0,70.43333333333334,6.0,1.0,199.0,109.28333333333333,7.0,1.0,200.0,115.13333333333334,8.0,1.0,201.0,190.1,9.0,1.0,202.0,236.91666666666666,10.0,1.0,203.0,263.55,11.0,1.0,204.0,255.35,12.0,1.0,205.0,253.7,13.0,1.0,206.0,288.7,14.0,1.0,207.0,272.18333333333334,15.0,1.0,208.0,272.93333333333334,16.0,1.0,209.0,267.7,17.0,1.0,210.0,225.43333333333334,18.0,1.0,211.0,213.38333333333333,19.0,1.0,212.0,238.46666666666667,20.0,1.0,212.25,264.93333333333334,20.0,1.0,212.5,192.53333333333333,20.0,1.0,212.75,242.06666666666666,20.0,1.0,213.0,235.18333333333334,21.0
0.0,190.0,190.11666666666667,22.0,0.0,191.0,209.6,23.0,1.0,192.0,174.83333333333334,0.0,1.0,193.0,171.51666666666668,1.0,1.0,194.0,151.86666666666667,2.0,1.0,195.0,99.88333333333334,3.0,1.0,196.0,95.26666666666667,4.0,1.0,197.0,79.01666666666667,5.0,1.0,198.0,70.43333333333334,6.0,1.0,199.0,109.28333333333333,7.0,1.0,200.0,115.13333333333334,8.0,1.0,201.0,190.1,9.0,1.0,202.0,236.91666666666666,10.0,1.0,203.0,263.55,11.0,1.0,204.0,255.35,12.0,1.0,205.0,253.7,13.0,1.0,206.0,288.7,14.0,1.0,207.0,272.18333333333334,15.0,1.0,208.0,272.93333333333334,16.0,1.0,209.0,267.7,17.0,1.0,210.0,225.43333333333334,18.0,1.0,211.0,213.38333333333333,19.0,1.0,212.0,234.5,20.0,1.0,213.0,235.0,21.0,1.0,213.25,146.73333333333332,21.0,1.0,213.5,299.46666666666664,21.0,1.0,213.75,259.53333333333336,21.0,1.0,214.0,237.1,22.0
0.0,191.0,209.6,23.0,1.0,192.0,174.83333333333334,0.0,1.0,193.0,171.51666666666668,1.0,1.0,194.0,151.86666666666667,2.0,1.0,195.0,99.88333333333334,3.0,1.0,196.0,95.26666666666667,4.0,1.0,197.0,79.01666666666667,5.0,1.0,198.0,70.43333333333334,6.0,1.0,199.0,109.28333333333333,7.0,1.0,200.0,115.13333333333334,8.0,1.0,201.0,190.1,9.0,1.0,202.0,236.91666666666666,10.0,1.0,203.0,263.55,11.0,1.0,204.0,255.35,12.0,1.0,205.0,253.7,13.0,1.0,206.0,288.7,14.0,1.0,207.0,272.18333333333334,15.0,1.0,208.0,272.93333333333334,16.0,1.0,209.0,267.7,17.0,1.0,210.0,225.43333333333334,18.0,1.0,211.0,213.38333333333333,19.0,1.0,212.0,234.5,20.0,1.0,213.0,235.18333333333334,21.0,1.0,214.0,219.0,22.0,1.0,214.25,318.46666666666664,22.0,1.0,214.5,226.73333333333332,22.0,1.0,214.75,184.2,22.0,1.0,215.0,209.35,23.0
1.0,192.0,174.83333333333334,0.0,1.0,193.0,171.51666666666668,1.0,1.0,194.0,151.86666666666667,2.0,1.0,195.0,99.88333333333334,3.0,1.0,196.0,95.26666666666667,4.0,1.0,197.0,79.01666666666667,5.0,1.0,198.0,70.43333333333334,6.0,1.0,199.0,109.28333333333333,7.0,1.0,200.0,115.13333333333334,8.0,1.0,201.0,190.1,9.0,1.0,202.0,236.91666666666666,10.0,1.0,203.0,263.55,11.0,1.0,204.0,255.35,12.0,1.0,205.0,253.7,13.0,1.0,206.0,288.7,14.0,1.0,207.0,272.18333333333334,15.0,1.0,208.0,272.93333333333334,16.0,1.0,209.0,267.7,17.0,1.0,210.0,225.43333333333334,18.0,1.0,211.0,213.38333333333333,19.0,1.0,212.0,234.5,20.0,1.0,213.0,235.18333333333334,21.0,1.0,214.0,237.1,22.0,1.0,215.0,223.06666666666666,23.0,1.0,215.25,213.46666666666667,23.0,1.0,215.5,251.46666666666667,23.0,1.0,215.75,149.4,23.0,2.0,216.0,188.66666666666666,0.0
1.0,193.0,171.51666666666668,1.0,1.0,194.0,151.86666666666667,2.0,1.0,195.0,99.88333333333334,3.0,1.0,196.0,95.26666666666667,4.0,1.0,197.0,79.01666666666667,5.0,1.0,198.0,70.43333333333334,6.0,1.0,199.0,109.28333333333333,7.0,1.0,200.0,115.13333333333334,8.0,1.0,201.0,190.1,9.0,1.0,202.0,236.91666666666666,10.0,1.0,203.0,263.55,11.0,1.0,204.0,255.35,12.0,1.0,205.0,253.7,13.0,1.0,206.0,288.7,14.0,1.0,207.0,272.18333333333334,15.0,1.0,208.0,272.93333333333334,16.0,1.0,209.0,267.7,17.0,1.0,210.0,225.43333333333334,18.0,1.0,211.0,213.38333333333333,19.0,1.0,212.0,234.5,20.0,1.0,213.0,235.18333333333334,21.0,1.0,214.0,237.1,22.0,1.0,215.0,209.35,23.0,2.0,216.0,206.73333333333332,0.0,2.0,216.25,224.66666666666666,0.0,2.0,216.5,182.13333333333333,0.0,2.0,216.75,141.13333333333333,0.0,2.0,217.0,120.16666666666667,1.0
1.0,194.0,151.86666666666667,2.0,1.0,195.0,99.88333333333334,3.0,1.0,196.0,95.26666666666667,4.0,1.0,197.0,79.01666666666667,5.0,1.0,198.0,70.43333333333334,6.0,1.0,199.0,109.28333333333333,7.0,1.0,200.0,115.13333333333334,8.0,1.0,201.0,190.1,9.0,1.0,202.0,236.91666666666666,10.0,1.0,203.0,263.55,11.0,1.0,204.0,255.35,12.0,1.0,205.0,253.7,13.0,1.0,206.0,288.7,14.0,1.0,207.0,272.18333333333334,15.0,1.0,208.0,272.93333333333334,16.0,1.0,209.0,267.7,17.0,1.0,210.0,225.43333333333334,18.0,1.0,211.0,213.38333333333333,19.0,1.0,212.0,234.5,20.0,1.0,213.0,235.18333333333334,21.0,1.0,214.0,237.1,22.0,1.0,215.0,209.35,23.0,2.0,216.0,188.66666666666666,0.0,2.0,217.0,140.4,1.0,2.0,217.25,110.26666666666667,1.0,2.0,217.5,119.0,1.0,2.0,217.75,111.0,1.0,2.0,218.0,115.48333333333333,2.0
1.0,195.0,99.88333333333334,3.0,1.0,196.0,95.26666666666667,4.0,1.0,197.0,79.01666666666667,5.0,1.0,198.0,70.43333333333334,6.0,1.0,199.0,109.28333333333333,7.0,1.0,200.0,115.13333333333334,8.0,1.0,201.0,190.1,9.0,1.0,202.0,236.91666666666666,10.0,1.0,203.0,263.55,11.0,1.0,204.0,255.35,12.0,1.0,205.0,253.7,13.0,1.0,206.0,288.7,14.0,1.0,207.0,272.18333333333334,15.0,1.0,208.0,272.93333333333334,16.0,1.0,209.0,267.7,17.0,1.0,210.0,225.43333333333334,18.0,1.0,211.0,213.38333333333333,19.0,1.0,212.0,234.5,20.0,1.0,213.0,235.18333333333334,21.0,1.0,214.0,237.1,22.0,1.0,215.0,209.35,23.0,2.0,216.0,188.66666666666666,0.0,2.0,217.0,120.16666666666667,1.0,2.0,218.0,108.6,2.0,2.0,218.25,142.4,2.0,2.0,218.5,109.26666666666667,2.0,2.0,218.75,101.66666666666667,2.0,2.0,219.0,102.01666666666667,3.0
1.0,196.0,95.26666666666667,4.0,1.0,197.0,79.01666666666667,5.0,1.0,198.0,70.43333333333334,6.0,1.0,199.0,109.28333333333333,7.0,1.0,200.0,115.13333333333334,8.0,1.0,201.0,190.1,9.0,1.0,202.0,236.91666666666666,10.0,1.0,203.0,263.55,11.0,1.0,204.0,255.35,12.0,1.0,205.0,253.7,13.0,1.0,206.0,288.7,14.0,1.0,207.0,272.18333333333334,15.0,1.0,208.0,272.93333333333334,16.0,1.0,209.0,267.7,17.0,1.0,210.0,225.43333333333334,18.0,1.0,211.0,213.38333333333333,19.0,1.0,212.0,234.5,20.0,1.0,213.0,235.18333333333334,21.0,1.0,214.0,237.1,22.0,1.0,215.0,209.35,23.0,2.0,216.0,188.66666666666666,0.0,2.0,217.0,120.16666666666667,1.0,2.0,218.0,115.48333333333333,2.0,2.0,219.0,118.66666666666667,3.0,2.0,219.25,96.06666666666666,3.0,2.0,219.5,111.6,3.0,2.0,219.75,81.73333333333333,3.0,2.0,220.0,75.28333333333333,4.0
1.0,197.0,79.01666666666667,5.0,1.0,198.0,70.43333333333334,6.0,1.0,199.0,109.28333333333333,7.0,1.0,200.0,115.13333333333334,8.0,1.0,201.0,190.1,9.0,1.0,202.0,236.91666666666666,10.0,1.0,203.0,263.55,11.0,1.0,204.0,255.35,12.0,1.0,205.0,253.7,13.0,1.0,206.0,288.7,14.0,1.0,207.0,272.18333333333334,15.0,1.0,208.0,272.93333333333334,16.0,1.0,209.0,267.7,17.0,1.0,210.0,225.43333333333334,18.0,1.0,211.0,213.38333333333333,19.0,1.0,212.0,234.5,20.0,1.0,213.0,235.18333333333334,21.0,1.0,214.0,237.1,22.0,1.0,215.0,209.35,23.0,2.0,216.0,188.66666666666666,0.0,2.0,217.0,120.16666666666667,1.0,2.0,218.0,115.48333333333333,2.0,2.0,219.0,102.01666666666667,3.0,2.0,220.0,77.53333333333333,4.0,2.0,220.25,68.8,4.0,2.0,220.5,86.4,4.0,2.0,220.75,68.4,4.0,2.0,221.0,75.21666666666667,5.0
1.0,198.0,70.43333333333334,6.0,1.0,199.0,109.28333333333333,7.0,1.0,200.0,115.13333333333334,8.0,1.0,201.0,190.1,9.0,1.0,202.0,236.91666666666666,10.0,1.0,203.0,263.55,11.0,1.0,204.0,255.35,12.0,1.0,205.0,253.7,13.0,1.0,206.0,288.7,14.0,1.0,207.0,272.18333333333334,15.0,1.0,208.0,272.93333333333334,16.0,1.0,209.0,267.7,17.0,1.0,210.0,225.43333333333334,18.0,1.0,211.0,213.38333333333333,19.0,1.0,212.0,234.5,20.0,1.0,213.0,235.18333333333334,21.0,1.0,214.0,237.1,22.0,1.0,215.0,209.35,23.0,2.0,216.0,188.66666666666666,0.0,2.0,217.0,120.16666666666667,1.0,2.0,218.0,115.48333333333333,2.0,2.0,219.0,102.01666666666667,3.0,2.0,220.0,75.28333333333333,4.0,2.0,221.0,81.2,5.0,2.0,221.25,68.26666666666667,5.0,2.0,221.5,85.26666666666667,5.0,2.0,221.75,66.13333333333334,5.0,2.0,222.0,82.66666666666667,6.0
1.0,199.0,109.28333333333333,7.0,1.0,200.0,115.13333333333334,8.0,1.0,201.0,190.1,9.0,1.0,202.0,236.91666666666666,10.0,1.0,203.0,263.55,11.0,1.0,204.0,255.35,12.0,1.0,205.0,253.7,13.0,1.0,206.0,288.7,14.0,1.0,207.0,272.18333333333334,15.0,1.0,208.0,272.93333333333334,16.0,1.0,209.0,267.7,17.0,1.0,210.0,225.43333333333334,18.0,1.0,211.0,213.38333333333333,19.0,1.0,212.0,234.5,20.0,1.0,213.0,235.18333333333334,21.0,1.0,214.0,237.1,22.0,1.0,215.0,209.35,23.0,2.0,216.0,188.66666666666666,0.0,2.0,217.0,120.16666666666667,1.0,2.0,218.0,115.48333333333333,2.0,2.0,219.0,102.01666666666667,3.0,2.0,220.0,75.28333333333333,4.0,2.0,221.0,75.21666666666667,5.0,2.0,222.0,77.4,6.0,2.0,222.25,78.86666666666666,6.0,2.0,222.5,84.26666666666667,6.0,2.0,222.75,90.13333333333334,6.0,2.0,223.0,88.73333333333333,7.0
1.0,200.0,115.13333333333334,8.0,1.0,201.0,190.1,9.0,1.0,202.0,236.91666666666666,10.0,1.0,203.0,263.55,11.0,1.0,204.0,255.35,12.0,1.0,205.0,253.7,13.0,1.0,206.0,288.7,14.0,1.0,207.0,272.18333333333334,15.0,1.0,208.0,272.93333333333334,16.0,1.0,209.0,267.7,17.0,1.0,210.0,225.43333333333334,18.0,1.0,211.0,213.38333333333333,19.0,1.0,212.0,234.5,20.0,1.0,213.0,235.18333333333334,21.0,1.0,214.0,237.1,22.0,1.0,215.0,209.35,23.0,2.0,216.0,188.66666666666666,0.0,2.0,217.0,120.16666666666667,1.0,2.0,218.0,115.48333333333333,2.0,2.0,219.0,102.01666666666667,3.0,2.0,220.0,75.28333333333333,4.0,2.0,221.0,75.21666666666667,5.0,2.0,222.0,82.66666666666667,6.0,2.0,223.0,90.86666666666666,7.0,2.0,223.25,99.0,7.0,2.0,223.5,108.86666666666666,7.0,2.0,223.75,56.2,7.0,2.0,224.0,128.26666666666668,8.0
1.0,201.0,190.1,9.0,1.0,202.0,236.91666666666666,10.0,1.0,203.0,263.55,11.0,1.0,204.0,255.35,12.0,1.0,205.0,253.7,13.0,1.0,206.0,288.7,14.0,1.0,207.0,272.18333333333334,15.0,1.0,208.0,272.93333333333334,16.0,1.0,209.0,267.7,17.0,1.0,210.0,225.43333333333334,18.0,1.0,211.0,213.38333333333333,19.0,1.0,212.0,234.5,20.0,1.0,213.0,235.18333333333334,21.0,1.0,214.0,237.1,22.0,1.0,215.0,209.35,23.0,2.0,216.0,188.66666666666666,0.0,2.0,217.0,120.16666666666667,1.0,2.0,218.0,115.48333333333333,2.0,2.0,219.0,102.01666666666667,3.0,2.0,220.0,75.28333333333333,4.0,2.0,221.0,75.21666666666667,5.0,2.0,222.0,82.66666666666667,6.0,2.0,223.0,88.73333333333333,7.0,2.0,224.0,146.2,8.0,2.0,224.25,131.73333333333332,8.0,2.0,224.5,115.53333333333333,8.0,2.0,224.75,119.6,8.0,2.0,225.0,191.45,9.0
1.0,202.0,236.91666666666666,10.0,1.0,203.0,263.55,11.0,1.0,204.0,255.35,12.0,1.0,205.0,253.7,13.0,1.0,206.0,288.7,14.0,1.0,207.0,272.18333333333334,15.0,1.0,208.0,272.93333333333334,16.0,1.0,209.0,267.7,17.0,1.0,210.0,225.43333333333334,18.0,1.0,211.0,213.38333333333333,19.0,1.0,212.0,234.5,20.0,1.0,213.0,235.18333333333334,21.0,1.0,214.0,237.1,22.0,1.0,215.0,209.35,23.0,2.0,216.0,188.66666666666666,0.0,2.0,217.0,120.16666666666667,1.0,2.0,218.0,115.48333333333333,2.0,2.0,219.0,102.01666666666667,3.0,2.0,220.0,75.28333333333333,4.0,2.0,221.0,75.21666666666667,5.0,2.0,222.0,82.66666666666667,6.0,2.0,223.0,88.73333333333333,7.0,2.0,224.0,128.26666666666668,8.0,2.0,225.0,156.53333333333333,9.0,2.0,225.25,131.4,9.0,2.0,225.5,201.66666666666666,9.0,2.0,225.75,276.2,9.0,2.0,226.0,272.03333333333336,10.0
1.0,203.0,263.55,11.0,1.0,204.0,255.35,12.0,1.0,205.0,253.7,13.0,1.0,206.0,288.7,14.0,1.0,207.0,272.18333333333334,15.0,1.0,208.0,272.93333333333334,16.0,1.0,209.0,267.7,17.0,1.0,210.0,225.43333333333334,18.0,1.0,211.0,213.38333333333333,19.0,1.0,212.0,234.5,20.0,1.0,213.0,235.18333333333334,21.0,1.0,214.0,237.1,22.0,1.0,215.0,209.35,23.0,2.0,216.0,188.66666666666666,0.0,2.0,217.0,120.16666666666667,1.0,2.0,218.0,115.48333333333333,2.0,2.0,219.0,102.01666666666667,3.0,2.0,220.0,75.28333333333333,4.0,2.0,221.0,75.21666666666667,5.0,2.0,222.0,82.66666666666667,6.0,2.0,223.0,88.73333333333333,7.0,2.0,224.0,128.26666666666668,8.0,2.0,225.0,191.45,9.0,2.0,226.0,223.0,10.0,2.0,226.25,274.46666666666664,10.0,2.0,226.5,285.6,10.0,2.0,226.75,305.06666666666666,10.0,2.0,227.0,360.01666666666665,11.0
1.0,204.0,255.35,12.0,1.0,205.0,253.7,13.0,1.0,206.0,288.7,14.0,1.0,207.0,272.18333333333334,15.0,1.0,208.0,272.93333333333334,16.0,1.0,209.0,267.7,17.0,1.0,210.0,225.43333333333334,18.0,1.0,211.0,213.38333333333333,19.0,1.0,212.0,234.5,20.0,1.0,213.0,235.18333333333334,21.0,1.0,214.0,237.1,22.0,1.0,215.0,209.35,23.0,2.0,216.0,188.66666666666666,0.0,2.0,217.0,120.16666666666667,1.0,2.0,218.0,115.48333333333333,2.0,2.0,219.0,102.01666666666667,3.0,2.0,220.0,75.28333333333333,4.0,2.0,221.0,75.21666666666667,5.0,2.0,222.0,82.66666666666667,6.0,2.0,223.0,88.73333333333333,7.0,2.0,224.0,128.26666666666668,8.0,2.0,225.0,191.45,9.0,2.0,226.0,272.03333333333336,10.0,2.0,227.0,335.73333333333335,11.0,2.0,227.25,370.1333333333333,11.0,2.0,227.5,378.73333333333335,11.0,2.0,227.75,355.46666666666664,11.0,2.0,228.0,329.6666666666667,12.0
1.0,205.0,253.7,13.0,1.0,206.0,288.7,14.0,1.0,207.0,272.18333333333334,15.0,1.0,208.0,272.93333333333334,16.0,1.0,209.0,267.7,17.0,1.0,210.0,225.43333333333334,18.0,1.0,211.0,213.38333333333333,19.0,1.0,212.0,234.5,20.0,1.0,213.0,235.18333333333334,21.0,1.0,214.0,237.1,22.0,1.0,215.0,209.35,23.0,2.0,216.0,188.66666666666666,0.0,2.0,217.0,120.16666666666667,1.0,2.0,218.0,115.48333333333333,2.0,2.0,219.0,102.01666666666667,3.0,2.0,220.0,75.28333333333333,4.0,2.0,221.0,75.21666666666667,5.0,2.0,222.0,82.66666666666667,6.0,2.0,223.0,88.73333333333333,7.0,2.0,224.0,128.26666666666668,8.0,2.0,225.0,191.45,9.0,2.0,226.0,272.03333333333336,10.0,2.0,227.0,360.01666666666665,11.0,2.0,228.0,332.1333333333333,12.0,2.0,228.25,321.53333333333336,12.0,2.0,228.5,354.6,12.0,2.0,228.75,310.4,12.0,2.0,229.0,316.55,13.0
1.0,206.0,288.7,14.0,1.0,207.0,272.18333333333334,15.0,1.0,208.0,272.93333333333334,16.0,1.0,209.0,267.7,17.0,1.0,210.0,225.43333333333334,18.0,1.0,211.0,213.38333333333333,19.0,1.0,212.0,234.5,20.0,1.0,213.0,235.18333333333334,21.0,1.0,214.0,237.1,22.0,1.0,215.0,209.35,23.0,2.0,216.0,188.66666666666666,0.0,2.0,217.0,120.16666666666667,1.0,2.0,218.0,115.48333333333333,2.0,2.0,219.0,102.01666666666667,3.0,2.0,220.0,75.28333333333333,4.0,2.0,221.0,75.21666666666667,5.0,2.0,222.0,82.66666666666667,6.0,2.0,223.0,88.73333333333333,7.0,2.0,224.0,128.26666666666668,8.0,2.0,225.0,191.45,9.0,2.0,226.0,272.03333333333336,10.0,2.0,227.0,360.01666666666665,11.0,2.0,228.0,329.6666666666667,12.0,2.0,229.0,331.6666666666667,13.0,2.0,229.25,339.3333333333333,13.0,2.0,229.5,306.6666666666667,13.0,2.0,229.75,288.53333333333336,13.0,2.0,230.0,314.65,14.0
1.0,207.0,272.18333333333334,15.0,1.0,208.0,272.93333333333334,16.0,1.0,209.0,267.7,17.0,1.0,210.0,225.43333333333334,18.0,1.0,211.0,213.38333333333333,19.0,1.0,212.0,234.5,20.0,1.0,213.0,235.18333333333334,21.0,1.0,214.0,237.1,22.0,1.0,215.0,209.35,23.0,2.0,216.0,188.66666666666666,0.0,2.0,217.0,120.16666666666667,1.0,2.0,218.0,115.48333333333333,2.0,2.0,219.0,102.01666666666667,3.0,2.0,220.0,75.28333333333333,4.0,2.0,221.0,75.21666666666667,5.0,2.0,222.0,82.66666666666667,6.0,2.0,223.0,88.73333333333333,7.0,2.0,224.0,128.26666666666668,8.0,2.0,225.0,191.45,9.0,2.0,226.0,272.03333333333336,10.0,2.0,227.0,360.01666666666665,11.0,2.0,228.0,329.6666666666667,12.0,2.0,229.0,316.55,13.0,2.0,230.0,310.6,14.0,2.0,230.25,303.73333333333335,14.0,2.0,230.5,356.8,14.0,2.0,230.75,287.46666666666664,14.0,2.0,231.0,282.85,15.0
1.0,208.0,272.93333333333334,16.0,1.0,209.0,267.7,17.0,1.0,210.0,225.43333333333334,18.0,1.0,211.0,213.38333333333333,19.0,1.0,212.0,234.5,20.0,1.0,213.0,235.18333333333334,21.0,1.0,214.0,237.1,22.0,1.0,215.0,209.35,23.0,2.0,216.0,188.66666666666666,0.0,2.0,217.0,120.16666666666667,1.0,2.0,218.0,115.48333333333333,2.0,2.0,219.0,102.01666666666667,3.0,2.0,220.0,75.28333333333333,4.0,2.0,221.0,75.21666666666667,5.0,2.0,222.0,82.66666666666667,6.0,2.0,223.0,88.73333333333333,7.0,2.0,224.0,128.26666666666668,8.0,2.0,225.0,191.45,9.0,2.0,226.0,272.03333333333336,10.0,2.0,227.0,360.01666666666665,11.0,2.0,228.0,329.6666666666667,12.0,2.0,229.0,316.55,13.0,2.0,230.0,314.65,14.0,2.0,231.0,210.4,15.0,2.0,231.25,363.0,15.0,2.0,231.5,317.2,15.0,2.0,231.75,240.8,15.0,2.0,232.0,309.85,16.0
1.0,209.0,267.7,17.0,1.0,210.0,225.43333333333334,18.0,1.0,211.0,213.38333333333333,19.0,1.0,212.0,234.5,20.0,1.0,213.0,235.18333333333334,21.0,1.0,214.0,237.1,22.0,1.0,215.0,209.35,23.0,2.0,216.0,188.66666666666666,0.0,2.0,217.0,120.16666666666667,1.0,2.0,218.0,115.48333333333333,2.0,2.0,219.0,102.01666666666667,3.0,2.0,220.0,75.28333333333333,4.0,2.0,221.0,75.21666666666667,5.0,2.0,222.0,82.66666666666667,6.0,2.0,223.0,88.73333333333333,7.0,2.0,224.0,128.26666666666668,8.0,2.0,225.0,191.45,9.0,2.0,226.0,272.03333333333336,10.0,2.0,227.0,360.01666666666665,11.0,2.0,228.0,329.6666666666667,12.0,2.0,229.0,316.55,13.0,2.0,230.0,314.65,14.0,2.0,231.0,282.85,15.0,2.0,232.0,357.93333333333334,16.0,2.0,232.25,283.8,16.0,2.0,232.5,289.93333333333334,16.0,2.0,232.75,307.73333333333335,16.0,2.0,233.0,353.81666666666666,17.0
1.0,210.0,225.43333333333334,18.0,1.0,211.0,213.38333333333333,19.0,1.0,212.0,234.5,20.0,1.0,213.0,235.18333333333334,21.0,1.0,214.0,237.1,22.0,1.0,215.0,209.35,23.0,2.0,216.0,188.66666666666666,0.0,2.0,217.0,120.16666666666667,1.0,2.0,218.0,115.48333333333333,2.0,2.0,219.0,102.01666666666667,3.0,2.0,220.0,75.28333333333333,4.0,2.0,221.0,75.21666666666667,5.0,2.0,222.0,82.66666666666667,6.0,2.0,223.0,88.73333333333333,7.0,2.0,224.0,128.26666666666668,8.0,2.0,225.0,191.45,9.0,2.0,226.0,272.03333333333336,10.0,2.0,227.0,360.01666666666665,11.0,2.0,228.0,329.6666666666667,12.0,2.0,229.0,316.55,13.0,2.0,230.0,314.65,14.0,2.0,231.0,282.85,15.0,2.0,232.0,309.85,16.0,2.0,233.0,363.8666666666667,17.0,2.0,233.25,388.26666666666665,17.0,2.0,233.5,342.6666666666667,17.0,2.0,233.75,320.46666666666664,17.0,2.0,234.0,346.73333333333335,18.0
1.0,211.0,213.38333333333333,19.0,1.0,212.0,234.5,20.0,1.0,213.0,235.18333333333334,21.0,1.0,214.0,237.1,22.0,1.0,215.0,209.35,23.0,2.0,216.0,188.66666666666666,0.0,2.0,217.0,120.16666666666667,1.0,2.0,218.0,115.48333333333333,2.0,2.0,219.0,102.01666666666667,3.0,2.0,220.0,75.28333333333333,4.0,2.0,221.0,75.21666666666667,5.0,2.0,222.0,82.66666666666667,6.0,2.0,223.0,88.73333333333333,7.0,2.0,224.0,128.26666666666668,8.0,2.0,225.0,191.45,9.0,2.0,226.0,272.03333333333336,10.0,2.0,227.0,360.01666666666665,11.0,2.0,228.0,329.6666666666667,12.0,2.0,229.0,316.55,13.0,2.0,230.0,314.65,14.0,2.0,231.0,282.85,15.0,2.0,232.0,309.85,16.0,2.0,233.0,353.81666666666666,17.0,2.0,234.0,356.06666666666666,18.0,2.0,234.25,357.06666666666666,18.0,2.0,234.5,350.53333333333336,18.0,2.0,234.75,323.26666666666665,18.0,2.0,235.0,292.53333333333336,19.0
1.0,212.0,234.5,20.0,1.0,213.0,235.18333333333334,21.0,1.0,214.0,237.1,22.0,1.0,215.0,209.35,23.0,2.0,216.0,188.66666666666666,0.0,2.0,217.0,120.16666666666667,1.0,2.0,218.0,115.48333333333333,2.0,2.0,219.0,102.01666666666667,3.0,2.0,220.0,75.28333333333333,4.0,2.0,221.0,75.21666666666667,5.0,2.0,222.0,82.66666666666667,6.0,2.0,223.0,88.73333333333333,7.0,2.0,224.0,128.26666666666668,8.0,2.0,225.0,191.45,9.0,2.0,226.0,272.03333333333336,10.0,2.0,227.0,360.01666666666665,11.0,2.0,228.0,329.6666666666667,12.0,2.0,229.0,316.55,13.0,2.0,230.0,314.65,14.0,2.0,231.0,282.85,15.0,2.0,232.0,309.85,16.0,2.0,233.0,353.81666666666666,17.0,2.0,234.0,346.73333333333335,18.0,2.0,235.0,249.53333333333333,19.0,2.0,235.25,308.06666666666666,19.0,2.0,235.5,348.8,19.0,2.0,235.75,263.73333333333335,19.0,2.0,236.0,284.56666666666666,20.0
1.0,213.0,235.18333333333334,21.0,1.0,214.0,237.1,22.0,1.0,215.0,209.35,23.0,2.0,216.0,188.66666666666666,0.0,2.0,217.0,120.16666666666667,1.0,2.0,218.0,115.48333333333333,2.0,2.0,219.0,102.01666666666667,3.0,2.0,220.0,75.28333333333333,4.0,2.0,221.0,75.21666666666667,5.0,2.0,222.0,82.66666666666667,6.0,2.0,223.0,88.73333333333333,7.0,2.0,224.0,128.26666666666668,8.0,2.0,225.0,191.45,9.0,2.0,226.0,272.03333333333336,10.0,2.0,227.0,360.01666666666665,11.0,2.0,228.0,329.6666666666667,12.0,2.0,229.0,316.55,13.0,2.0,230.0,314.65,14.0,2.0,231.0,282.85,15.0,2.0,232.0,309.85,16.0,2.0,233.0,353.81666666666666,17.0,2.0,234.0,346.73333333333335,18.0,2.0,235.0,292.53333333333336,19.0,2.0,236.0,294.46666666666664,20.0,2.0,236.25,283.2,20.0,2.0,236.5,331.93333333333334,20.0,2.0,236.75,228.66666666666666,20.0,2.0,237.0,237.48333333333332,21.0
1.0,214.0,237.1,22.0,1.0,215.0,209.35,23.0,2.0,216.0,188.66666666666666,0.0,2.0,217.0,120.16666666666667,1.0,2.0,218.0,115.48333333333333,2.0,2.0,219.0,102.01666666666667,3.0,2.0,220.0,75.28333333333333,4.0,2.0,221.0,75.21666666666667,5.0,2.0,222.0,82.66666666666667,6.0,2.0,223.0,88.73333333333333,7.0,2.0,224.0,128.26666666666668,8.0,2.0,225.0,191.45,9.0,2.0,226.0,272.03333333333336,10.0,2.0,227.0,360.01666666666665,11.0,2.0,228.0,329.6666666666667,12.0,2.0,229.0,316.55,13.0,2.0,230.0,314.65,14.0,2.0,231.0,282.85,15.0,2.0,232.0,309.85,16.0,2.0,233.0,353.81666666666666,17.0,2.0,234.0,346.73333333333335,18.0,2.0,235.0,292.53333333333336,19.0,2.0,236.0,284.56666666666666,20.0,2.0,237.0,252.93333333333334,21.0,2.0,237.25,300.0,21.0,2.0,237.5,199.4,21.0,2.0,237.75,197.6,21.0,2.0,238.0,208.75,22.0
1.0,215.0,209.35,23.0,2.0,216.0,188.66666666666666,0.0,2.0,217.0,120.16666666666667,1.0,2.0,218.0,115.48333333333333,2.0,2.0,219.0,102.01666666666667,3.0,2.0,220.0,75.28333333333333,4.0,2.0,221.0,75.21666666666667,5.0,2.0,222.0,82.66666666666667,6.0,2.0,223.0,88.73333333333333,7.0,2.0,224.0,128.26666666666668,8.0,2.0,225.0,191.45,9.0,2.0,226.0,272.03333333333336,10.0,2.0,227.0,360.01666666666665,11.0,2.0,228.0,329.6666666666667,12.0,2.0,229.0,316.55,13.0,2.0,230.0,314.65,14.0,2.0,231.0,282.85,15.0,2.0,232.0,309.85,16.0,2.0,233.0,353.81666666666666,17.0,2.0,234.0,346.73333333333335,18.0,2.0,235.0,292.53333333333336,19.0,2.0,236.0,284.56666666666666,20.0,2.0,237.0,237.48333333333332,21.0,2.0,238.0,196.86666666666667,22.0,2.0,238.25,221.26666666666668,22.0,2.0,238.5,202.2,22.0,2.0,238.75,214.66666666666666,22.0,2.0,239.0,273.78333333333336,23.0
2.0,216.0,188.66666666666666,0.0,2.0,217.0,120.16666666666667,1.0,2.0,218.0,115.48333333333333,2.0,2.0,219.0,102.01666666666667,3.0,2.0,220.0,75.28333333333333,4.0,2.0,221.0,75.21666666666667,5.0,2.0,222.0,82.66666666666667,6.0,2.0,223.0,88.73333333333333,7.0,2.0,224.0,128.26666666666668,8.0,2.0,225.0,191.45,9.0,2.0,226.0,272.03333333333336,10.0,2.0,227.0,360.01666666666665,11.0,2.0,228.0,329.6666666666667,12.0,2.0,229.0,316.55,13.0,2.0,230.0,314.65,14.0,2.0,231.0,282.85,15.0,2.0,232.0,309.85,16.0,2.0,233.0,353.81666666666666,17.0,2.0,234.0,346.73333333333335,18.0,2.0,235.0,292.53333333333336,19.0,2.0,236.0,284.56666666666666,20.0,2.0,237.0,237.48333333333332,21.0,2.0,238.0,208.75,22.0,2.0,239.0,195.73333333333332,23.0,2.0,239.25,273.6666666666667,23.0,2.0,239.5,402.3333333333333,23.0,2.0,239.75,223.4,23.0,3.0,240.0,149.98333333333332,0.0
2.0,217.0,120.16666666666667,1.0,2.0,218.0,115.48333333333333,2.0,2.0,219.0,102.01666666666667,3.0,2.0,220.0,75.28333333333333,4.0,2.0,221.0,75.21666666666667,5.0,2.0,222.0,82.66666666666667,6.0,2.0,223.0,88.73333333333333,7.0,2.0,224.0,128.26666666666668,8.0,2.0,225.0,191.45,9.0,2.0,226.0,272.03333333333336,10.0,2.0,227.0,360.01666666666665,11.0,2.0,228.0,329.6666666666667,12.0,2.0,229.0,316.55,13.0,2.0,230.0,314.65,14.0,2.0,231.0,282.85,15.0,2.0,232.0,309.85,16.0,2.0,233.0,353.81666666666666,17.0,2.0,234.0,346.73333333333335,18.0,2.0,235.0,292.53333333333336,19.0,2.0,236.0,284.56666666666666,20.0,2.0,237.0,237.48333333333332,21.0,2.0,238.0,208.75,22.0,2.0,239.0,273.78333333333336,23.0,3.0,240.0,170.73333333333332,0.0,3.0,240.25,158.6,0.0,3.0,240.5,153.66666666666666,0.0,3.0,240.75,116.93333333333334,0.0,3.0,241.0,121.01666666666667,1.0
2.0,218.0,115.48333333333333,2.0,2.0,219.0,102.01666666666667,3.0,2.0,220.0,75.28333333333333,4.0,2.0,221.0,75.21666666666667,5.0,2.0,222.0,82.66666666666667,6.0,2.0,223.0,88.73333333333333,7.0,2.0,224.0,128.26666666666668,8.0,2.0,225.0,191.45,9.0,2.0,226.0,272.03333333333336,10.0,2.0,227.0,360.01666666666665,11.0,2.0,228.0,329.6666666666667,12.0,2.0,229.0,316.55,13.0,2.0,230.0,314.65,14.0,2.0,231.0,282.85,15.0,2.0,232.0,309.85,16.0,2.0,233.0,353.81666666666666,17.0,2.0,234.0,346.73333333333335,18.0,2.0,235.0,292.53333333333336,19.0,2.0,236.0,284.56666666666666,20.0,2.0,237.0,237.48333333333332,21.0,2.0,238.0,208.75,22.0,2.0,239.0,273.78333333333336,23.0,3.0,240.0,149.98333333333332,0.0,3.0,241.0,117.33333333333333,1.0,3.0,241.25,131.53333333333333,1.0,3.0,241.5,126.4,1.0,3.0,241.75,108.8,1.0,3.0,242.0,119.68333333333334,2.0
2.0,219.0,102.01666666666667,3.0,2.0,220.0,75.28333333333333,4.0,2.0,221.0,75.21666666666667,5.0,2.0,222.0,82.66666666666667,6.0,2.0,223.0,88.73333333333333,7.0,2.0,224.0,128.26666666666668,8.0,2.0,225.0,191.45,9.0,2.0,226.0,272.03333333333336,10.0,2.0,227.0,360.01666666666665,11.0,2.0,228.0,329.6666666666667,12.0,2.0,229.0,316.55,13.0,2.0,230.0,314.65,14.0,2.0,231.0,282.85,15.0,2.0,232.0,309.85,16.0,2.0,233.0,353.81666666666666,17.0,2.0,234.0,346.73333333333335,18.0,2.0,235.0,292.53333333333336,19.0,2.0,236.0,284.56666666666666,20.0,2.0,237.0,237.48333333333332,21.0,2.0,238.0,208.75,22.0,2.0,239.0,273.78333333333336,23.0,3.0,240.0,149.98333333333332,0.0,3.0,241.0,121.01666666666667,1.0,3.0,242.0,144.13333333333333,2.0,3.0,242.25,126.06666666666666,2.0,3.0,242.5,102.26666666666667,2.0,3.0,242.75,106.26666666666667,2.0,3.0,243.0,128.85,3.0
2.0,220.0,75.28333333333333,4.0,2.0,221.0,75.21666666666667,5.0,2.0,222.0,82.66666666666667,6.0,2.0,223.0,88.73333333333333,7.0,2.0,224.0,128.26666666666668,8.0,2.0,225.0,191.45,9.0,2.0,226.0,272.03333333333336,10.0,2.0,227.0,360.01666666666665,11.0,2.0,228.0,329.6666666666667,12.0,2.0,229.0,316.55,13.0,2.0,230.0,314.65,14.0,2.0,231.0,282.85,15.0,2.0,232.0,309.85,16.0,2.0,233.0,353.81666666666666,17.0,2.0,234.0,346.73333333333335,18.0,2.0,235.0,292.53333333333336,19.0,2.0,236.0,284.56666666666666,20.0,2.0,237.0,237.48333333333332,21.0,2.0,238.0,208.75,22.0,2.0,239.0,273.78333333333336,23.0,3.0,240.0,149.98333333333332,0.0,3.0,241.0,121.01666666666667,1.0,3.0,242.0,119.68333333333334,2.0,3.0,243.0,111.2,3.0,3.0,243.25,140.66666666666666,3.0,3.0,243.5,161.26666666666668,3.0,3.0,243.75,102.26666666666667,3.0,3.0,244.0,85.21666666666667,4.0
2.0,221.0,75.21666666666667,5.0,2.0,222.0,82.66666666666667,6.0,2.0,223.0,88.73333333333333,7.0,2.0,224.0,128.26666666666668,8.0,2.0,225.0,191.45,9.0,2.0,226.0,272.03333333333336,10.0,2.0,227.0,360.01666666666665,11.0,2.0,228.0,329.6666666666667,12.0,2.0,229.0,316.55,13.0,2.0,230.0,314.65,14.0,2.0,231.0,282.85,15.0,2.0,232.0,309.85,16.0,2.0,233.0,353.81666666666666,17.0,2.0,234.0,346.73333333333335,18.0,2.0,235.0,292.53333333333336,19.0,2.0,236.0,284.56666666666666,20.0,2.0,237.0,237.48333333333332,21.0,2.0,238.0,208.75,22.0,2.0,239.0,273.78333333333336,23.0,3.0,240.0,149.98333333333332,0.0,3.0,241.0,121.01666666666667,1.0,3.0,242.0,119.68333333333334,2.0,3.0,243.0,128.85,3.0,3.0,244.0,90.73333333333333,4.0,3.0,244.25,88.0,4.0,3.0,244.5,88.33333333333333,4.0,3.0,244.75,73.8,4.0,3.0,245.0,102.76666666666667,5.0
2.0,222.0,82.66666666666667,6.0,2.0,223.0,88.73333333333333,7.0,2.0,224.0,128.26666666666668,8.0,2.0,225.0,191.45,9.0,2.0,226.0,272.03333333333336,10.0,2.0,227.0,360.01666666666665,11.0,2.0,228.0,329.6666666666667,12.0,2.0,229.0,316.55,13.0,2.0,230.0,314.65,14.0,2.0,231.0,282.85,15.0,2.0,232.0,309.85,16.0,2.0,233.0,353.81666666666666,17.0,2.0,234.0,346.73333333333335,18.0,2.0,235.0,292.53333333333336,19.0,2.0,236.0,284.56666666666666,20.0,2.0,237.0,237.48333333333332,21.0,2.0,238.0,208.75,22.0,2.0,239.0,273.78333333333336,23.0,3.0,240.0,149.98333333333332,0.0,3.0,241.0,121.01666666666667,1.0,3.0,242.0,119.68333333333334,2.0,3.0,243.0,128.85,3.0,3.0,244.0,85.21666666666667,4.0,3.0,245.0,58.4,5.0,3.0,245.25,140.46666666666667,5.0,3.0,245.5,93.4,5.0,3.0,245.75,118.8,5.0,3.0,246.0,115.78333333333333,6.0
2.0,223.0,88.73333333333333,7.0,2.0,224.0,128.26666666666668,8.0,2.0,225.0,191.45,9.0,2.0,226.0,272.03333333333336,10.0,2.0,227.0,360.01666666666665,11.0,2.0,228.0,329.6666666666667,12.0,2.0,229.0,316.55,13.0,2.0,230.0,314.65,14.0,2.0,231.0,282.85,15.0,2.0,232.0,309.85,16.0,2.0,233.0,353.81666666666666,17.0,2.0,234.0,346.73333333333335,18.0,2.0,235.0,292.53333333333336,19.0,2.0,236.0,284.56666666666666,20.0,2.0,237.0,237.48333333333332,21.0,2.0,238.0,208.75,22.0,2.0,239.0,273.78333333333336,23.0,3.0,240.0,149.98333333333332,0.0,3.0,241.0,121.01666666666667,1.0,3.0,242.0,119.68333333333334,2.0,3.0,243.0,128.85,3.0,3.0,244.0,85.21666666666667,4.0,3.0,245.0,102.76666666666667,5.0,3.0,246.0,104.46666666666667,6.0,3.0,246.25,127.2,6.0,3.0,246.5,114.66666666666667,6.0,3.0,246.75,116.8,6.0,3.0,247.0,110.35,7.0
2.0,224.0,128.26666666666668,8.0,2.0,225.0,191.45,9.0,2.0,226.0,272.03333333333336,10.0,2.0,227.0,360.01666666666665,11.0,2.0,228.0,329.6666666666667,12.0,2.0,229.0,316.55,13.0,2.0,230.0,314.65,14.0,2.0,231.0,282.85,15.0,2.0,232.0,309.85,16.0,2.0,233.0,353.81666666666666,17.0,2.0,234.0,346.73333333333335,18.0,2.0,235.0,292.53333333333336,19.0,2.0,236.0,284.56666666666666,20.0,2.0,237.0,237.48333333333332,21.0,2.0,238.0,208.75,22.0,2.0,239.0,273.78333333333336,23.0,3.0,240.0,149.98333333333332,0.0,3.0,241.0,121.01666666666667,1.0,3.0,242.0,119.68333333333334,2.0,3.0,243.0,128.85,3.0,3.0,244.0,85.21666666666667,4.0,3.0,245.0,102.76666666666667,5.0,3.0,246.0,115.78333333333333,6.0,3.0,247.0,104.73333333333333,7.0,3.0,247.25,124.46666666666667,7.0,3.0,247.5,116.4,7.0,3.0,247.75,95.8,7.0,3.0,248.0,115.46666666666667,8.0
2.0,225.0,191.45,9.0,2.0,226.0,272.03333333333336,10.0,2.0,227.0,360.01666666666665,11.0,2.0,228.0,329.6666666666667,12.0,2.0,229.0,316.55,13.0,2.0,230.0,314.65,14.0,2.0,231.0,282.85,15.0,2.0,232.0,309.85,16.0,2.0,233.0,353.81666666666666,17.0,2.0,234.0,346.73333333333335,18.0,2.0,235.0,292.53333333333336,19.0,2.0,236.0,284.56666666666666,20.0,2.0,237.0,237.48333333333332,21.0,2.0,238.0,208.75,22.0,2.0,239.0,273.78333333333336,23.0,3.0,240.0,149.98333333333332,0.0,3.0,241.0,121.01666666666667,1.0,3.0,242.0,119.68333333333334,2.0,3.0,243.0,128.85,3.0,3.0,244.0,85.21666666666667,4.0,3.0,245.0,102.76666666666667,5.0,3.0,246.0,115.78333333333333,6.0,3.0,247.0,110.35,7.0,3.0,248.0,112.8,8.0,3.0,248.25,139.06666666666666,8.0,3.0,248.5,121.26666666666667,8.0,3.0,248.75,88.73333333333333,8.0,3.0,249.0,215.56666666666666,9.0
2.0,226.0,272.03333333333336,10.0,2.0,227.0,360.01666666666665,11.0,2.0,228.0,329.6666666666667,12.0,2.0,229.0,316.55,13.0,2.0,230.0,314.65,14.0,2.0,231.0,282.85,15.0,2.0,232.0,309.85,16.0,2.0,233.0,353.81666666666666,17.0,2.0,234.0,346.73333333333335,18.0,2.0,235.0,292.53333333333336,19.0,2.0,236.0,284.56666666666666,20.0,2.0,237.0,237.48333333333332,21.0,2.0,238.0,208.75,22.0,2.0,239.0,273.78333333333336,23.0,3.0,240.0,149.98333333333332,0.0,3.0,241.0,121.01666666666667,1.0,3.0,242.0,119.68333333333334,2.0,3.0,243.0,128.85,3.0,3.0,244.0,85.21666666666667,4.0,3.0,245.0,102.76666666666667,5.0,3.0,246.0,115.78333333333333,6.0,3.0,247.0,110.35,7.0,3.0,248.0,115.46666666666667,8.0,3.0,249.0,202.73333333333332,9.0,3.0,249.25,205.4,9.0,3.0,249.5,180.33333333333334,9.0,3.0,249.75,273.8,9.0,3.0,250.0,230.73333333333332,10.0
2.0,227.0,360.01666666666665,11.0,2.0,228.0,329.6666666666667,12.0,2.0,229.0,316.55,13.0,2.0,230.0,314.65,14.0,2.0,231.0,282.85,15.0,2.0,232.0,309.85,16.0,2.0,233.0,353.81666666666666,17.0,2.0,234.0,346.73333333333335,18.0,2.0,235.0,292.53333333333336,19.0,2.0,236.0,284.56666666666666,20.0,2.0,237.0,237.48333333333332,21.0,2.0,238.0,208.75,22.0,2.0,239.0,273.78333333333336,23.0,3.0,240.0,149.98333333333332,0.0,3.0,241.0,121.01666666666667,1.0,3.0,242.0,119.68333333333334,2.0,3.0,243.0,128.85,3.0,3.0,244.0,85.21666666666667,4.0,3.0,245.0,102.76666666666667,5.0,3.0,246.0,115.78333333333333,6.0,3.0,247.0,110.35,7.0,3.0,248.0,115.46666666666667,8.0,3.0,249.0,215.56666666666666,9.0,3.0,250.0,211.06666666666666,10.0,3.0,250.25,294.6666666666667,10.0,3.0,250.5,288.4,10.0,3.0,250.75,128.8,10.0,3.0,251.0,408.3333333333333,11.0
2.0,228.0,329.6666666666667,12.0,2.0,229.0,316.55,13.0,2.0,230.0,314.65,14.0,2.0,231.0,282.85,15.0,2.0,232.0,309.85,16.0,2.0,233.0,353.81666666666666,17.0,2.0,234.0,346.73333333333335,18.0,2.0,235.0,292.53333333333336,19.0,2.0,236.0,284.56666666666666,20.0,2.0,237.0,237.48333333333332,21.0,2.0,238.0,208.75,22.0,2.0,239.0,273.78333333333336,23.0,3.0,240.0,149.98333333333332,0.0,3.0,241.0,121.01666666666667,1.0,3.0,242.0,119.68333333333334,2.0,3.0,243.0,128.85,3.0,3.0,244.0,85.21666666666667,4.0,3.0,245.0,102.76666666666667,5.0,3.0,246.0,115.78333333333333,6.0,3.0,247.0,110.35,7.0,3.0,248.0,115.46666666666667,8.0,3.0,249.0,215.56666666666666,9.0,3.0,250.0,230.73333333333332,10.0,3.0,251.0,509.6666666666667,11.0,3.0,251.25,360.53333333333336,11.0,3.0,251.5,393.4,11.0,3.0,251.75,369.73333333333335,11.0,3.0,252.0,420.8333333333333,12.0
2.0,229.0,316.55,13.0,2.0,230.0,314.65,14.0,2.0,231.0,282.85,15.0,2.0,232.0,309.85,16.0,2.0,233.0,353.81666666666666,17.0,2.0,234.0,346.73333333333335,18.0,2.0,235.0,292.53333333333336,19.0,2.0,236.0,284.56666666666666,20.0,2.0,237.0,237.48333333333332,21.0,2.0,238.0,208.75,22.0,2.0,239.0,273.78333333333336,23.0,3.0,240.0,149.98333333333332,0.0,3.0,241.0,121.01666666666667,1.0,3.0,242.0,119.68333333333334,2.0,3.0,243.0,128.85,3.0,3.0,244.0,85.21666666666667,4.0,3.0,245.0,102.76666666666667,5.0,3.0,246.0,115.78333333333333,6.0,3.0,247.0,110.35,7.0,3.0,248.0,115.46666666666667,8.0,3.0,249.0,215.56666666666666,9.0,3.0,250.0,230.73333333333332,10.0,3.0,251.0,408.3333333333333,11.0,3.0,252.0,363.6,12.0,3.0,252.25,391.46666666666664,12.0,3.0,252.5,498.73333333333335,12.0,3.0,252.75,429.53333333333336,12.0,3.0,253.0,307.06666666666666,13.0
2.0,230.0,314.65,14.0,2.0,231.0,282.85,15.0,2.0,232.0,309.85,16.0,2.0,233.0,353.81666666666666,17.0,2.0,234.0,346.73333333333335,18.0,2.0,235.0,292.53333333333336,19.0,2.0,236.0,284.56666666666666,20.0,2.0,237.0,237.48333333333332,21.0,2.0,238.0,208.75,22.0,2.0,239.0,273.78333333333336,23.0,3.0,240.0,149.98333333333332,0.0,3.0,241.0,121.01666666666667,1.0,3.0,242.0,119.68333333333334,2.0,3.0,243.0,128.85,3.0,3.0,244.0,85.21666666666667,4.0,3.0,245.0,102.76666666666667,5.0,3.0,246.0,115.78333333333333,6.0,3.0,247.0,110.35,7.0,3.0,248.0,115.46666666666667,8.0,3.0,249.0,215.56666666666666,9.0,3.0,250.0,230.73333333333332,10.0,3.0,251.0,408.3333333333333,11.0,3.0,252.0,420.8333333333333,12.0,3.0,253.0,226.2,13.0,3.0,253.25,380.26666666666665,13.0,3.0,253.5,321.6,13.0,3.0,253.75,300.2,13.0,3.0,254.0,356.43333333333334,14.0
2.0,231.0,282.85,15.0,2.0,232.0,309.85,16.0,2.0,233.0,353.81666666666666,17.0,2.0,234.0,346.73333333333335,18.0,2.0,235.0,292.53333333333336,19.0,2.0,236.0,284.56666666666666,20.0,2.0,237.0,237.48333333333332,21.0,2.0,238.0,208.75,22.0,2.0,239.0,273.78333333333336,23.0,3.0,240.0,149.98333333333332,0.0,3.0,241.0,121.01666666666667,1.0,3.0,242.0,119.68333333333334,2.0,3.0,243.0,128.85,3.0,3.0,244.0,85.21666666666667,4.0,3.0,245.0,102.76666666666667,5.0,3.0,246.0,115.78333333333333,6.0,3.0,247.0,110.35,7.0,3.0,248.0,115.46666666666667,8.0,3.0,249.0,215.56666666666666,9.0,3.0,250.0,230.73333333333332,10.0,3.0,251.0,408.3333333333333,11.0,3.0,252.0,420.8333333333333,12.0,3.0,253.0,307.06666666666666,13.0,3.0,254.0,335.53333333333336,14.0,3.0,254.25,338.6666666666667,14.0,3.0,254.5,383.6,14.0,3.0,254.75,367.93333333333334,14.0,3.0,255.0,411.18333333333334,15.0
2.0,232.0,309.85,16.0,2.0,233.0,353.81666666666666,17.0,2.0,234.0,346.73333333333335,18.0,2.0,235.0,292.53333333333336,19.0,2.0,236.0,284.56666666666666,20.0,2.0,237.0,237.48333333333332,21.0,2.0,238.0,208.75,22.0,2.0,239.0,273.78333333333336,23.0,3.0,240.0,149.98333333333332,0.0,3.0,241.0,121.01666666666667,1.0,3.0,242.0,119.68333333333334,2.0,3.0,243.0,128.85,3.0,3.0,244.0,85.21666666666667,4.0,3.0,245.0,102.76666666666667,5.0,3.0,246.0,115.78333333333333,6.0,3.0,247.0,110.35,7.0,3.0,248.0,115.46666666666667,8.0,3.0,249.0,215.56666666666666,9.0,3.0,250.0,230.73333333333332,10.0,3.0,251.0,408.3333333333333,11.0,3.0,252.0,420.8333333333333,12.0,3.0,253.0,307.06666666666666,13.0,3.0,254.0,356.43333333333334,14.0,3.0,255.0,396.6666666666667,15.0,3.0,255.25,414.1333333333333,15.0,3.0,255.5,401.3333333333333,15.0,3.0,255.75,432.6,15.0,3.0,256.0,392.81666666666666,16.0
2.0,233.0,353.81666666666666,17.0,2.0,234.0,346.73333333333335,18.0,2.0,235.0,292.53333333333336,19.0,2.0,236.0,284.56666666666666,20.0,2.0,237.0,237.48333333333332,21.0,2.0,238.0,208.75,22.0,2.0,239.0,273.78333333333336,23.0,3.0,240.0,149.98333333333332,0.0,3.0,241.0,121.01666666666667,1.0,3.0,242.0,119.68333333333334,2.0,3.0,243.0,128.85,3.0,3.0,244.0,85.21666666666667,4.0,3.0,245.0,102.76666666666667,5.0,3.0,246.0,115.78333333333333,6.0,3.0,247.0,110.35,7.0,3.0,248.0,115.46666666666667,8.0,3.0,249.0,215.56666666666666,9.0,3.0,250.0,230.73333333333332,10.0,3.0,251.0,408.3333333333333,11.0,3.0,252.0,420.8333333333333,12.0,3.0,253.0,307.06666666666666,13.0,3.0,254.0,356.43333333333334,14.0,3.0,255.0,411.18333333333334,15.0,3.0,256.0,442.73333333333335,16.0,3.0,256.25,417.93333333333334,16.0,3.0,256.5,366.6,16.0,3.0,256.75,344.0,16.0,3.0,257.0,330.6,17.0
2.0,234.0,346.73333333333335,18.0,2.0,235.0,292.53333333333336,19.0,2.0,236.0,284.56666666666666,20.0,2.0,237.0,237.48333333333332,21.0,2.0,238.0,208.75,22.0,2.0,239.0,273.78333333333336,23.0,3.0,240.0,149.98333333333332,0.0,3.0,241.0,121.01666666666667,1.0,3.0,242.0,119.68333333333334,2.0,3.0,243.0,128.85,3.0,3.0,244.0,85.21666666666667,4.0,3.0,245.0,102.76666666666667,5.0,3.0,246.0,115.78333333333333,6.0,3.0,247.0,110.35,7.0,3.0,248.0,115.46666666666667,8.0,3.0,249.0,215.56666666666666,9.0,3.0,250.0,230.73333333333332,10.0,3.0,251.0,408.3333333333333,11.0,3.0,252.0,420.8333333333333,12.0,3.0,253.0,307.06666666666666,13.0,3.0,254.0,356.43333333333334,14.0,3.0,255.0,411.18333333333334,15.0,3.0,256.0,392.81666666666666,16.0,3.0,257.0,315.8,17.0,3.0,257.25,357.73333333333335,17.0,3.0,257.5,313.26666666666665,17.0,3.0,257.75,335.6,17.0,3.0,258.0,326.5,18.0
2.0,235.0,292.53333333333336,19.0,2.0,236.0,284.56666666666666,20.0,2.0,237.0,237.48333333333332,21.0,2.0,238.0,208.75,22.0,2.0,239.0,273.78333333333336,23.0,3.0,240.0,149.98333333333332,0.0,3.0,241.0,121.01666666666667,1.0,3.0,242.0,119.68333333333334,2.0,3.0,243.0,128.85,3.0,3.0,244.0,85.21666666666667,4.0,3.0,245.0,102.76666666666667,5.0,3.0,246.0,115.78333333333333,6.0,3.0,247.0,110.35,7.0,3.0,248.0,115.46666666666667,8.0,3.0,249.0,215.56666666666666,9.0,3.0,250.0,230.73333333333332,10.0,3.0,251.0,408.3333333333333,11.0,3.0,252.0,420.8333333333333,12.0,3.0,253.0,307.06666666666666,13.0,3.0,254.0,356.43333333333334,14.0,3.0,255.0,411.18333333333334,15.0,3.0,256.0,392.81666666666666,16.0,3.0,257.0,330.6,17.0,3.0,258.0,334.3333333333333,18.0,3.0,258.25,354.8,18.0,3.0,258.5,298.93333333333334,18.0,3.0,258.75,317.93333333333334,18.0,3.0,259.0,354.93333333333334,19.0
2.0,236.0,284.56666666666666,20.0,2.0,237.0,237.48333333333332,21.0,2.0,238.0,208.75,22.0,2.0,239.0,273.78333333333336,23.0,3.0,240.0,149.98333333333332,0.0,3.0,241.0,121.01666666666667,1.0,3.0,242.0,119.68333333333334,2.0,3.0,243.0,128.85,3.0,3.0,244.0,85.21666666666667,4.0,3.0,245.0,102.76666666666667,5.0,3.0,246.0,115.78333333333333,6.0,3.0,247.0,110.35,7.0,3.0,248.0,115.46666666666667,8.0,3.0,249.0,215.56666666666666,9.0,3.0,250.0,230.73333333333332,10.0,3.0,251.0,408.3333333333333,11.0,3.0,252.0,420.8333333333333,12.0,3.0,253.0,307.06666666666666,13.0,3.0,254.0,356.43333333333334,14.0,3.0,255.0,411.18333333333334,15.0,3.0,256.0,392.81666666666666,16.0,3.0,257.0,330.6,17.0,3.0,258.0,326.5,18.0,3.0,259.0,333.0,19.0,3.0,259.25,358.6,19.0,3.0,259.5,394.2,19.0,3.0,259.75,333.93333333333334,19.0,3.0,260.0,299.31666666666666,20.0
2.0,237.0,237.48333333333332,21.0,2.0,238.0,208.75,22.0,2.0,239.0,273.78333333333336,23.0,3.0,240.0,149.98333333333332,0.0,3.0,241.0,121.01666666666667,1.0,3.0,242.0,119.68333333333334,2.0,3.0,243.0,128.85,3.0,3.0,244.0,85.21666666666667,4.0,3.0,245.0,102.76666666666667,5.0,3.0,246.0,115.78333333333333,6.0,3.0,247.0,110.35,7.0,3.0,248.0,115.46666666666667,8.0,3.0,249.0,215.56666666666666,9.0,3.0,250.0,230.73333333333332,10.0,3.0,251.0,408.3333333333333,11.0,3.0,252.0,420.8333333333333,12.0,3.0,253.0,307.06666666666666,13.0,3.0,254.0,356.43333333333334,14.0,3.0,255.0,411.18333333333334,15.0,3.0,256.0,392.81666666666666,16.0,3.0,257.0,330.6,17.0,3.0,258.0,326.5,18.0,3.0,259.0,354.93333333333334,19.0,3.0,260.0,370.06666666666666,20.0,3.0,260.25,338.1333333333333,20.0,3.0,260.5,343.6,20.0,3.0,260.75,145.46666666666667,20.0,3.0,261.0,408.35,21.0
2.0,238.0,208.75,22.0,2.0,239.0,273.78333333333336,23.0,3.0,240.0,149.98333333333332,0.0,3.0,241.0,121.01666666666667,1.0,3.0,242.0,119.68333333333334,2.0,3.0,243.0,128.85,3.0,3.0,244.0,85.21666666666667,4.0,3.0,245.0,102.76666666666667,5.0,3.0,246.0,115.78333333333333,6.0,3.0,247.0,110.35,7.0,3.0,248.0,115.46666666666667,8.0,3.0,249.0,215.56666666666666,9.0,3.0,250.0,230.73333333333332,10.0,3.0,251.0,408.3333333333333,11.0,3.0,252.0,420.8333333333333,12.0,3.0,253.0,307.06666666666666,13.0,3.0,254.0,356.43333333333334,14.0,3.0,255.0,411.18333333333334,15.0,3.0,256.0,392.81666666666666,16.0,3.0,257.0,330.6,17.0,3.0,258.0,326.5,18.0,3.0,259.0,354.93333333333334,19.0,3.0,260.0,299.31666666666666,20.0,3.0,261.0,540.1333333333333,21.0,3.0,261.25,135.93333333333334,21.0,3.0,261.5,583.3333333333334,21.0,3.0,261.75,374.0,21.0,3.0,262.0,359.18333333333334,22.0
2.0,239.0,273.78333333333336,23.0,3.0,240.0,149.98333333333332,0.0,3.0,241.0,121.01666666666667,1.0,3.0,242.0,119.68333333333334,2.0,3.0,243.0,128.85,3.0,3.0,244.0,85.21666666666667,4.0,3.0,245.0,102.76666666666667,5.0,3.0,246.0,115.78333333333333,6.0,3.0,247.0,110.35,7.0,3.0,248.0,115.46666666666667,8.0,3.0,249.0,215.56666666666666,9.0,3.0,250.0,230.73333333333332,10.0,3.0,251.0,408.3333333333333,11.0,3.0,252.0,420.8333333333333,12.0,3.0,253.0,307.06666666666666,13.0,3.0,254.0,356.43333333333334,14.0,3.0,255.0,411.18333333333334,15.0,3.0,256.0,392.81666666666666,16.0,3.0,257.0,330.6,17.0,3.0,258.0,326.5,18.0,3.0,259.0,354.93333333333334,19.0,3.0,260.0,299.31666666666666,20.0,3.0,261.0,408.35,21.0,3.0,262.0,308.93333333333334,22.0,3.0,262.25,387.53333333333336,22.0,3.0,262.5,382.3333333333333,22.0,3.0,262.75,357.93333333333334,22.0,3.0,263.0,496.8,23.0
3.0,240.0,149.98333333333332,0.0,3.0,241.0,121.01666666666667,1.0,3.0,242.0,119.68333333333334,2.0,3.0,243.0,128.85,3.0,3.0,244.0,85.21666666666667,4.0,3.0,245.0,102.76666666666667,5.0,3.0,246.0,115.78333333333333,6.0,3.0,247.0,110.35,7.0,3.0,248.0,115.46666666666667,8.0,3.0,249.0,215.56666666666666,9.0,3.0,250.0,230.73333333333332,10.0,3.0,251.0,408.3333333333333,11.0,3.0,252.0,420.8333333333333,12.0,3.0,253.0,307.06666666666666,13.0,3.0,254.0,356.43333333333334,14.0,3.0,255.0,411.18333333333334,15.0,3.0,256.0,392.81666666666666,16.0,3.0,257.0,330.6,17.0,3.0,258.0,326.5,18.0,3.0,259.0,354.93333333333334,19.0,3.0,260.0,299.31666666666666,20.0,3.0,261.0,408.35,21.0,3.0,262.0,359.18333333333334,22.0,3.0,263.0,369.53333333333336,23.0,3.0,263.25,348.6,23.0,3.0,263.5,1057.8,23.0,3.0,263.75,211.26666666666668,23.0,4.0,264.0,328.81666666666666,0.0
3.0,241.0,121.01666666666667,1.0,3.0,242.0,119.68333333333334,2.0,3.0,243.0,128.85,3.0,3.0,244.0,85.21666666666667,4.0,3.0,245.0,102.76666666666667,5.0,3.0,246.0,115.78333333333333,6.0,3.0,247.0,110.35,7.0,3.0,248.0,115.46666666666667,8.0,3.0,249.0,215.56666666666666,9.0,3.0,250.0,230.73333333333332,10.0,3.0,251.0,408.3333333333333,11.0,3.0,252.0,420.8333333333333,12.0,3.0,253.0,307.06666666666666,13.0,3.0,254.0,356.43333333333334,14.0,3.0,255.0,411.18333333333334,15.0,3.0,256.0,392.81666666666666,16.0,3.0,257.0,330.6,17.0,3.0,258.0,326.5,18.0,3.0,259.0,354.93333333333334,19.0,3.0,260.0,299.31666666666666,20.0,3.0,261.0,408.35,21.0,3.0,262.0,359.18333333333334,22.0,3.0,263.0,496.8,23.0,4.0,264.0,166.06666666666666,0.0,4.0,264.25,146.06666666666666,0.0,4.0,264.5,357.6666666666667,0.0,4.0,264.75,645.4666666666667,0.0,4.0,265.0,622.25,1.0
3.0,242.0,119.68333333333334,2.0,3.0,243.0,128.85,3.0,3.0,244.0,85.21666666666667,4.0,3.0,245.0,102.76666666666667,5.0,3.0,246.0,115.78333333333333,6.0,3.0,247.0,110.35,7.0,3.0,248.0,115.46666666666667,8.0,3.0,249.0,215.56666666666666,9.0,3.0,250.0,230.73333333333332,10.0,3.0,251.0,408.3333333333333,11.0,3.0,252.0,420.8333333333333,12.0,3.0,253.0,307.06666666666666,13.0,3.0,254.0,356.43333333333334,14.0,3.0,255.0,411.18333333333334,15.0,3.0,256.0,392.81666666666666,16.0,3.0,257.0,330.6,17.0,3.0,258.0,326.5,18.0,3.0,259.0,354.93333333333334,19.0,3.0,260.0,299.31666666666666,20.0,3.0,261.0,408.35,21.0,3.0,262.0,359.18333333333334,22.0,3.0,263.0,496.8,23.0,4.0,264.0,328.81666666666666,0.0,4.0,265.0,583.3333333333334,1.0,4.0,265.25,638.0,1.0,4.0,265.5,601.2,1.0,4.0,265.75,666.4666666666667,1.0,4.0,266.0,553.3,2.0
3.0,243.0,128.85,3.0,3.0,244.0,85.21666666666667,4.0,3.0,245.0,102.76666666666667,5.0,3.0,246.0,115.78333333333333,6.0,3.0,247.0,110.35,7.0,3.0,248.0,115.46666666666667,8.0,3.0,249.0,215.56666666666666,9.0,3.0,250.0,230.73333333333332,10.0,3.0,251.0,408.3333333333333,11.0,3.0,252.0,420.8333333333333,12.0,3.0,253.0,307.06666666666666,13.0,3.0,254.0,356.43333333333334,14.0,3.0,255.0,411.18333333333334,15.0,3.0,256.0,392.81666666666666,16.0,3.0,257.0,330.6,17.0,3.0,258.0,326.5,18.0,3.0,259.0,354.93333333333334,19.0,3.0,260.0,299.31666666666666,20.0,3.0,261.0,408.35,21.0,3.0,262.0,359.18333333333334,22.0,3.0,263.0,496.8,23.0,4.0,264.0,328.81666666666666,0.0,4.0,265.0,622.25,1.0,4.0,266.0,580.2666666666667,2.0,4.0,266.25,623.9333333333333,2.0,4.0,266.5,567.6,2.0,4.0,266.75,441.4,2.0,4.0,267.0,395.31666666666666,3.0
3.0,244.0,85.21666666666667,4.0,3.0,245.0,102.76666666666667,5.0,3.0,246.0,115.78333333333333,6.0,3.0,247.0,110.35,7.0,3.0,248.0,115.46666666666667,8.0,3.0,249.0,215.56666666666666,9.0,3.0,250.0,230.73333333333332,10.0,3.0,251.0,408.3333333333333,11.0,3.0,252.0,420.8333333333333,12.0,3.0,253.0,307.06666666666666,13.0,3.0,254.0,356.43333333333334,14.0,3.0,255.0,411.18333333333334,15.0,3.0,256.0,392.81666666666666,16.0,3.0,257.0,330.6,17.0,3.0,258.0,326.5,18.0,3.0,259.0,354.93333333333334,19.0,3.0,260.0,299.31666666666666,20.0,3.0,261.0,408.35,21.0,3.0,262.0,359.18333333333334,22.0,3.0,263.0,496.8,23.0,4.0,264.0,328.81666666666666,0.0,4.0,265.0,622.25,1.0,4.0,266.0,553.3,2.0,4.0,267.0,391.6,3.0,4.0,267.25,409.0,3.0,4.0,267.5,374.6666666666667,3.0,4.0,267.75,406.0,3.0,4.0,268.0,221.56666666666666,4.0
3.0,245.0,102.76666666666667,5.0,3.0,246.0,115.78333333333333,6.0,3.0,247.0,110.35,7.0,3.0,248.0,115.46666666666667,8.0,3.0,249.0,215.56666666666666,9.0,3.0,250.0,230.73333333333332,10.0,3.0,251.0,408.3333333333333,11.0,3.0,252.0,420.8333333333333,12.0,3.0,253.0,307.06666666666666,13.0,3.0,254.0,356.43333333333334,14.0,3.0,255.0,411.18333333333334,15.0,3.0,256.0,392.81666666666666,16.0,3.0,257.0,330.6,17.0,3.0,258.0,326.5,18.0,3.0,259.0,354.93333333333334,19.0,3.0,260.0,299.31666666666666,20.0,3.0,261.0,408.35,21.0,3.0,262.0,359.18333333333334,22.0,3.0,263.0,496.8,23.0,4.0,264.0,328.81666666666666,0.0,4.0,265.0,622.25,1.0,4.0,266.0,553.3,2.0,4.0,267.0,395.31666666666666,3.0,4.0,268.0,246.06666666666666,4.0,4.0,268.25,229.93333333333334,4.0,4.0,268.5,205.6,4.0,4.0,268.75,204.66666666666666,4.0,4.0,269.0,204.5,5.0
3.0,246.0,115.78333333333333,6.0,3.0,247.0,110.35,7.0,3.0,248.0,115.46666666666667,8.0,3.0,249.0,215.56666666666666,9.0,3.0,250.0,230.73333333333332,10.0,3.0,251.0,408.3333333333333,11.0,3.0,252.0,420.8333333333333,12.0,3.0,253.0,307.06666666666666,13.0,3.0,254.0,356.43333333333334,14.0,3.0,255.0,411.18333333333334,15.0,3.0,256.0,392.81666666666666,16.0,3.0,257.0,330.6,17.0,3.0,258.0,326.5,18.0,3.0,259.0,354.93333333333334,19.0,3.0,260.0,299.31666666666666,20.0,3.0,261.0,408.35,21.0,3.0,262.0,359.18333333333334,22.0,3.0,263.0,496.8,23.0,4.0,264.0,328.81666666666666,0.0,4.0,265.0,622.25,1.0,4.0,266.0,553.3,2.0,4.0,267.0,395.31666666666666,3.0,4.0,268.0,221.56666666666666,4.0,4.0,269.0,199.93333333333334,5.0,4.0,269.25,207.4,5.0,4.0,269.5,195.73333333333332,5.0,4.0,269.75,214.93333333333334,5.0,4.0,270.0,190.71666666666667,6.0
3.0,247.0,110.35,7.0,3.0,248.0,115.46666666666667,8.0,3.0,249.0,215.56666666666666,9.0,3.0,250.0,230.73333333333332,10.0,3.0,251.0,408.3333333333333,11.0,3.0,252.0,420.8333333333333,12.0,3.0,253.0,307.06666666666666,13.0,3.0,254.0,356.43333333333334,14.0,3.0,255.0,411.18333333333334,15.0,3.0,256.0,392.81666666666666,16.0,3.0,257.0,330.6,17.0,3.0,258.0,326.5,18.0,3.0,259.0,354.93333333333334,19.0,3.0,260.0,299.31666666666666,20.0,3.0,261.0,408.35,21.0,3.0,262.0,359.18333333333334,22.0,3.0,263.0,496.8,23.0,4.0,264.0,328.81666666666666,0.0,4.0,265.0,622.25,1.0,4.0,266.0,553.3,2.0,4.0,267.0,395.31666666666666,3.0,4.0,268.0,221.56666666666666,4.0,4.0,269.0,204.5,5.0,4.0,270.0,194.93333333333334,6.0,4.0,270.25,194.46666666666667,6.0,4.0,270.5,136.4,6.0,4.0,270.75,237.06666666666666,6.0,4.0,271.0,226.11666666666667,7.0
3.0,248.0,115.46666666666667,8.0,3.0,249.0,215.56666666666666,9.0,3.0,250.0,230.73333333333332,10.0,3.0,251.0,408.3333333333333,11.0,3.0,252.0,420.8333333333333,12.0,3.0,253.0,307.06666666666666,13.0,3.0,254.0,356.43333333333334,14.0,3.0,255.0,411.18333333333334,15.0,3.0,256.0,392.81666666666666,16.0,3.0,257.0,330.6,17.0,3.0,258.0,326.5,18.0,3.0,259.0,354.93333333333334,19.0,3.0,260.0,299.31666666666666,20.0,3.0,261.0,408.35,21.0,3.0,262.0,359.18333333333334,22.0,3.0,263.0,496.8,23.0,4.0,264.0,328.81666666666666,0.0,4.0,265.0,622.25,1.0,4.0,266.0,553.3,2.0,4.0,267.0,395.31666666666666,3.0,4.0,268.0,221.56666666666666,4.0,4.0,269.0,204.5,5.0,4.0,270.0,190.71666666666667,6.0,4.0,271.0,219.0,7.0,4.0,271.25,208.6,7.0,4.0,271.5,237.8,7.0,4.0,271.75,239.06666666666666,7.0,4.0,272.0,240.26666666666668,8.0
3.0,249.0,215.56666666666666,9.0,3.0,250.0,230.73333333333332,10.0,3.0,251.0,408.3333333333333,11.0,3.0,252.0,420.8333333333333,12.0,3.0,253.0,307.06666666666666,13.0,3.0,254.0,356.43333333333334,14.0,3.0,255.0,411.18333333333334,15.0,3.0,256.0,392.81666666666666,16.0,3.0,257.0,330.6,17.0,3.0,258.0,326.5,18.0,3.0,259.0,354.93333333333334,19.0,3.0,260.0,299.31666666666666,20.0,3.0,261.0,408.35,21.0,3.0,262.0,359.18333333333334,22.0,3.0,263.0,496.8,23.0,4.0,264.0,328.81666666666666,0.0,4.0,265.0,622.25,1.0,4.0,266.0,553.3,2.0,4.0,267.0,395.31666666666666,3.0,4.0,268.0,221.56666666666666,4.0,4.0,269.0,204.5,5.0,4.0,270.0,190.71666666666667,6.0,4.0,271.0,226.11666666666667,7.0,4.0,272.0,251.0,8.0,4.0,272.25,249.6,8.0,4.0,272.5,233.93333333333334,8.0,4.0,272.75,226.53333333333333,8.0,4.0,273.0,345.5,9.0
3.0,250.0,230.73333333333332,10.0,3.0,251.0,408.3333333333333,11.0,3.0,252.0,420.8333333333333,12.0,3.0,253.0,307.06666666666666,13.0,3.0,254.0,356.43333333333334,14.0,3.0,255.0,411.18333333333334,15.0,3.0,256.0,392.81666666666666,16.0,3.0,257.0,330.6,17.0,3.0,258.0,326.5,18.0,3.0,259.0,354.93333333333334,19.0,3.0,260.0,299.31666666666666,20.0,3.0,261.0,408.35,21.0,3.0,262.0,359.18333333333334,22.0,3.0,263.0,496.8,23.0,4.0,264.0,328.81666666666666,0.0,4.0,265.0,622.25,1.0,4.0,266.0,553.3,2.0,4.0,267.0,395.31666666666666,3.0,4.0,268.0,221.56666666666666,4.0,4.0,269.0,204.5,5.0,4.0,270.0,190.71666666666667,6.0,4.0,271.0,226.11666666666667,7.0,4.0,272.0,240.26666666666668,8.0,4.0,273.0,332.26666666666665,9.0,4.0,273.25,360.06666666666666,9.0,4.0,273.5,354.93333333333334,9.0,4.0,273.75,334.73333333333335,9.0,4.0,274.0,444.05,10.0
3.0,251.0,408.3333333333333,11.0,3.0,252.0,420.8333333333333,12.0,3.0,253.0,307.06666666666666,13.0,3.0,254.0,356.43333333333334,14.0,3.0,255.0,411.18333333333334,15.0,3.0,256.0,392.81666666666666,16.0,3.0,257.0,330.6,17.0,3.0,258.0,326.5,18.0,3.0,259.0,354.93333333333334,19.0,3.0,260.0,299.31666666666666,20.0,3.0,261.0,408.35,21.0,3.0,262.0,359.18333333333334,22.0,3.0,263.0,496.8,23.0,4.0,264.0,328.81666666666666,0.0,4.0,265.0,622.25,1.0,4.0,266.0,553.3,2.0,4.0,267.0,395.31666666666666,3.0,4.0,268.0,221.56666666666666,4.0,4.0,269.0,204.5,5.0,4.0,270.0,190.71666666666667,6.0,4.0,271.0,226.11666666666667,7.0,4.0,272.0,240.26666666666668,8.0,4.0,273.0,345.5,9.0,4.0,274.0,357.1333333333333,10.0,4.0,274.25,482.06666666666666,10.0,4.0,274.5,491.4,10.0,4.0,274.75,445.6,10.0,4.0,275.0,472.01666666666665,11.0
3.0,252.0,420.8333333333333,12.0,3.0,253.0,307.06666666666666,13.0,3.0,254.0,356.43333333333334,14.0,3.0,255.0,411.18333333333334,15.0,3.0,256.0,392.81666666666666,16.0,3.0,257.0,330.6,17.0,3.0,258.0,326.5,18.0,3.0,259.0,354.93333333333334,19.0,3.0,260.0,299.31666666666666,20.0,3.0,261.0,408.35,21.0,3.0,262.0,359.18333333333334,22.0,3.0,263.0,496.8,23.0,4.0,264.0,328.81666666666666,0.0,4.0,265.0,622.25,1.0,4.0,266.0,553.3,2.0,4.0,267.0,395.31666666666666,3.0,4.0,268.0,221.56666666666666,4.0,4.0,269.0,204.5,5.0,4.0,270.0,190.71666666666667,6.0,4.0,271.0,226.11666666666667,7.0,4.0,272.0,240.26666666666668,8.0,4.0,273.0,345.5,9.0,4.0,274.0,444.05,10.0,4.0,275.0,457.46666666666664,11.0,4.0,275.25,481.6,11.0,4.0,275.5,476.6,11.0,4.0,275.75,472.4,11.0,4.0,276.0,465.26666666666665,12.0
3.0,253.0,307.06666666666666,13.0,3.0,254.0,356.43333333333334,14.0,3.0,255.0,411.18333333333334,15.0,3.0,256.0,392.81666666666666,16.0,3.0,257.0,330.6,17.0,3.0,258.0,326.5,18.0,3.0,259.0,354.93333333333334,19.0,3.0,260.0,299.31666666666666,20.0,3.0,261.0,408.35,21.0,3.0,262.0,359.18333333333334,22.0,3.0,263.0,496.8,23.0,4.0,264.0,328.81666666666666,0.0,4.0,265.0,622.25,1.0,4.0,266.0,553.3,2.0,4.0,267.0,395.31666666666666,3.0,4.0,268.0,221.56666666666666,4.0,4.0,269.0,204.5,5.0,4.0,270.0,190.71666666666667,6.0,4.0,271.0,226.11666666666667,7.0,4.0,272.0,240.26666666666668,8.0,4.0,273.0,345.5,9.0,4.0,274.0,444.05,10.0,4.0,275.0,472.01666666666665,11.0,4.0,276.0,491.73333333333335,12.0,4.0,276.25,461.26666666666665,12.0,4.0,276.5,471.8,12.0,4.0,276.75,436.26666666666665,12.0,4.0,277.0,430.31666666666666,13.0
3.0,254.0,356.43333333333334,14.0,3.0,255.0,411.18333333333334,15.0,3.0,256.0,392.81666666666666,16.0,3.0,257.0,330.6,17.0,3.0,258.0,326.5,18.0,3.0,259.0,354.93333333333334,19.0,3.0,260.0,299.31666666666666,20.0,3.0,261.0,408.35,21.0,3.0,262.0,359.18333333333334,22.0,3.0,263.0,496.8,23.0,4.0,264.0,328.81666666666666,0.0,4.0,265.0,622.25,1.0,4.0,266.0,553.3,2.0,4.0,267.0,395.31666666666666,3.0,4.0,268.0,221.56666666666666,4.0,4.0,269.0,204.5,5.0,4.0,270.0,190.71666666666667,6.0,4.0,271.0,226.11666666666667,7.0,4.0,272.0,240.26666666666668,8.0,4.0,273.0,345.5,9.0,4.0,274.0,444.05,10.0,4.0,275.0,472.01666666666665,11.0,4.0,276.0,465.26666666666665,12.0,4.0,277.0,420.53333333333336,13.0,4.0,277.25,421.73333333333335,13.0,4.0,277.5,464.46666666666664,13.0,4.0,277.75,414.53333333333336,13.0,4.0,278.0,474.23333333333335,14.0
3.0,255.0,411.18333333333334,15.0,3.0,256.0,392.81666666666666,16.0,3.0,257.0,330.6,17.0,3.0,258.0,326.5,18.0,3.0,259.0,354.93333333333334,19.0,3.0,260.0,299.31666666666666,20.0,3.0,261.0,408.35,21.0,3.0,262.0,359.18333333333334,22.0,3.0,263.0,496.8,23.0,4.0,264.0,328.81666666666666,0.0,4.0,265.0,622.25,1.0,4.0,266.0,553.3,2.0,4.0,267.0,395.31666666666666,3.0,4.0,268.0,221.56666666666666,4.0,4.0,269.0,204.5,5.0,4.0,270.0,190.71666666666667,6.0,4.0,271.0,226.11666666666667,7.0,4.0,272.0,240.26666666666668,8.0,4.0,273.0,345.5,9.0,4.0,274.0,444.05,10.0,4.0,275.0,472.01666666666665,11.0,4.0,276.0,465.26666666666665,12.0,4.0,277.0,430.31666666666666,13.0,4.0,278.0,472.6,14.0,4.0,278.25,452.06666666666666,14.0,4.0,278.5,487.8666666666667,14.0,4.0,278.75,484.4,14.0,4.0,279.0,465.45,15.0
3.0,256.0,392.81666666666666,16.0,3.0,257.0,330.6,17.0,3.0,258.0,326.5,18.0,3.0,259.0,354.93333333333334,19.0,3.0,260.0,299.31666666666666,20.0,3.0,261.0,408.35,21.0,3.0,262.0,359.18333333333334,22.0,3.0,263.0,496.8,23.0,4.0,264.0,328.81666666666666,0.0,4.0,265.0,622.25,1.0,4.0,266.0,553.3,2.0,4.0,267.0,395.31666666666666,3.0,4.0,268.0,221.56666666666666,4.0,4.0,269.0,204.5,5.0,4.0,270.0,190.71666666666667,6.0,4.0,271.0,226.11666666666667,7.0,4.0,272.0,240.26666666666668,8.0,4.0,273.0,345.5,9.0,4.0,274.0,444.05,10.0,4.0,275.0,472.01666666666665,11.0,4.0,276.0,465.26666666666665,12.0,4.0,277.0,430.31666666666666,13.0,4.0,278.0,474.23333333333335,14.0,4.0,279.0,470.93333333333334,15.0,4.0,279.25,505.06666666666666,15.0,4.0,279.5,349.6,15.0,4.0,279.75,536.2,15.0,4.0,280.0,488.51666666666665,16.0
3.0,257.0,330.6,17.0,3.0,258.0,326.5,18.0,3.0,259.0,354.93333333333334,19.0,3.0,260.0,299.31666666666666,20.0,3.0,261.0,408.35,21.0,3.0,262.0,359.18333333333334,22.0,3.0,263.0,496.8,23.0,4.0,264.0,328.81666666666666,0.0,4.0,265.0,622.25,1.0,4.0,266.0,553.3,2.0,4.0,267.0,395.31666666666666,3.0,4.0,268.0,221.56666666666666,4.0,4.0,269.0,204.5,5.0,4.0,270.0,190.71666666666667,6.0,4.0,271.0,226.11666666666667,7.0,4.0,272.0,240.26666666666668,8.0,4.0,273.0,345.5,9.0,4.0,274.0,444.05,10.0,4.0,275.0,472.01666666666665,11.0,4.0,276.0,465.26666666666665,12.0,4.0,277.0,430.31666666666666,13.0,4.0,278.0,474.23333333333335,14.0,4.0,279.0,465.45,15.0,4.0,280.0,515.6,16.0,4.0,280.25,333.73333333333335,16.0,4.0,280.5,583.4666666666667,16.0,4.0,280.75,521.2666666666667,16.0,4.0,281.0,412.18333333333334,17.0
3.0,258.0,326.5,18.0,3.0,259.0,354.93333333333334,19.0,3.0,260.0,299.31666666666666,20.0,3.0,261.0,408.35,21.0,3.0,262.0,359.18333333333334,22.0,3.0,263.0,496.8,23.0,4.0,264.0,328.81666666666666,0.0,4.0,265.0,622.25,1.0,4.0,266.0,553.3,2.0,4.0,267.0,395.31666666666666,3.0,4.0,268.0,221.56666666666666,4.0,4.0,269.0,204.5,5.0,4.0,270.0,190.71666666666667,6.0,4.0,271.0,226.11666666666667,7.0,4.0,272.0,240.26666666666668,8.0,4.0,273.0,345.5,9.0,4.0,274.0,444.05,10.0,4.0,275.0,472.01666666666665,11.0,4.0,276.0,465.26666666666665,12.0,4.0,277.0,430.31666666666666,13.0,4.0,278.0,474.23333333333335,14.0,4.0,279.0,465.45,15.0,4.0,280.0,488.51666666666665,16.0,4.0,281.0,439.93333333333334,17.0,4.0,281.25,353.3333333333333,17.0,4.0,281.5,388.6,17.0,4.0,281.75,466.8666666666667,17.0,4.0,282.0,1079.8666666666666,18.0
3.0,259.0,354.93333333333334,19.0,3.0,260.0,299.31666666666666,20.0,3.0,261.0,408.35,21.0,3.0,262.0,359.18333333333334,22.0,3.0,263.0,496.8,23.0,4.0,264.0,328.81666666666666,0.0,4.0,265.0,622.25,1.0,4.0,266.0,553.3,2.0,4.0,267.0,395.31666666666666,3.0,4.0,268.0,221.56666666666666,4.0,4.0,269.0,204.5,5.0,4.0,270.0,190.71666666666667,6.0,4.0,271.0,226.11666666666667,7.0,4.0,272.0,240.26666666666668,8.0,4.0,273.0,345.5,9.0,4.0,274.0,444.05,10.0,4.0,275.0,472.01666666666665,11.0,4.0,276.0,465.26666666666665,12.0,4.0,277.0,430.31666666666666,13.0,4.0,278.0,474.23333333333335,14.0,4.0,279.0,465.45,15.0,4.0,280.0,488.51666666666665,16.0,4.0,281.0,412.18333333333334,17.0,4.0,282.0,854.7333333333333,18.0,4.0,282.25,1165.4,18.0,4.0,282.5,1148.2,18.0,4.0,282.75,1151.1333333333334,18.0,4.0,283.0,1158.3166666666666,19.0
3.0,260.0,299.31666666666666,20.0,3.0,261.0,408.35,21.0,3.0,262.0,359.18333333333334,22.0,3.0,263.0,496.8,23.0,4.0,264.0,328.81666666666666,0.0,4.0,265.0,622.25,1.0,4.0,266.0,553.3,2.0,4.0,267.0,395.31666666666666,3.0,4.0,268.0,221.56666666666666,4.0,4.0,269.0,204.5,5.0,4.0,270.0,190.71666666666667,6.0,4.0,271.0,226.11666666666667,7.0,4.0,272.0,240.26666666666668,8.0,4.0,273.0,345.5,9.0,4.0,274.0,444.05,10.0,4.0,275.0,472.01666666666665,11.0,4.0,276.0,465.26666666666665,12.0,4.0,277.0,430.31666666666666,13.0,4.0,278.0,474.23333333333335,14.0,4.0,279.0,465.45,15.0,4.0,280.0,488.51666666666665,16.0,4.0,281.0,412.18333333333334,17.0,4.0,282.0,1079.8666666666666,18.0,4.0,283.0,1124.3333333333333,19.0,4.0,283.25,1227.1333333333334,19.0,4.0,283.5,1175.6,19.0,4.0,283.75,1106.2,19.0,4.0,284.0,971.2166666666667,20.0
3.0,261.0,408.35,21.0,3.0,262.0,359.18333333333334,22.0,3.0,263.0,496.8,23.0,4.0,264.0,328.81666666666666,0.0,4.0,265.0,622.25,1.0,4.0,266.0,553.3,2.0,4.0,267.0,395.31666666666666,3.0,4.0,268.0,221.56666666666666,4.0,4.0,269.0,204.5,5.0,4.0,270.0,190.71666666666667,6.0,4.0,271.0,226.11666666666667,7.0,4.0,272.0,240.26666666666668,8.0,4.0,273.0,345.5,9.0,4.0,274.0,444.05,10.0,4.0,275.0,472.01666666666665,11.0,4.0,276.0,465.26666666666665,12.0,4.0,277.0,430.31666666666666,13.0,4.0,278.0,474.23333333333335,14.0,4.0,279.0,465.45,15.0,4.0,280.0,488.51666666666665,16.0,4.0,281.0,412.18333333333334,17.0,4.0,282.0,1079.8666666666666,18.0,4.0,283.0,1158.3166666666666,19.0,4.0,284.0,1021.6666666666666,20.0,4.0,284.25,933.8,20.0,4.0,284.5,988.4666666666667,20.0,4.0,284.75,940.9333333333333,20.0,4.0,285.0,161.91666666666666,21.0
3.0,262.0,359.18333333333334,22.0,3.0,263.0,496.8,23.0,4.0,264.0,328.81666666666666,0.0,4.0,265.0,622.25,1.0,4.0,266.0,553.3,2.0,4.0,267.0,395.31666666666666,3.0,4.0,268.0,221.56666666666666,4.0,4.0,269.0,204.5,5.0,4.0,270.0,190.71666666666667,6.0,4.0,271.0,226.11666666666667,7.0,4.0,272.0,240.26666666666668,8.0,4.0,273.0,345.5,9.0,4.0,274.0,444.05,10.0,4.0,275.0,472.01666666666665,11.0,4.0,276.0,465.26666666666665,12.0,4.0,277.0,430.31666666666666,13.0,4.0,278.0,474.23333333333335,14.0,4.0,279.0,465.45,15.0,4.0,280.0,488.51666666666665,16.0,4.0,281.0,412.18333333333334,17.0,4.0,282.0,1079.8666666666666,18.0,4.0,283.0,1158.3166666666666,19.0,4.0,284.0,971.2166666666667,20.0,4.0,285.0,184.4,21.0,4.0,285.25,142.93333333333334,21.0,4.0,285.5,170.66666666666666,21.0,4.0,285.75,149.66666666666666,21.0,4.0,286.0,181.0,22.0
3.0,263.0,496.8,23.0,4.0,264.0,328.81666666666666,0.0,4.0,265.0,622.25,1.0,4.0,266.0,553.3,2.0,4.0,267.0,395.31666666666666,3.0,4.0,268.0,221.56666666666666,4.0,4.0,269.0,204.5,5.0,4.0,270.0,190.71666666666667,6.0,4.0,271.0,226.11666666666667,7.0,4.0,272.0,240.26666666666668,8.0,4.0,273.0,345.5,9.0,4.0,274.0,444.05,10.0,4.0,275.0,472.01666666666665,11.0,4.0,276.0,465.26666666666665,12.0,4.0,277.0,430.31666666666666,13.0,4.0,278.0,474.23333333333335,14.0,4.0,279.0,465.45,15.0,4.0,280.0,488.51666666666665,16.0,4.0,281.0,412.18333333333334,17.0,4.0,282.0,1079.8666666666666,18.0,4.0,283.0,1158.3166666666666,19.0,4.0,284.0,971.2166666666667,20.0,4.0,285.0,161.91666666666666,21.0,4.0,286.0,190.4,22.0,4.0,286.25,193.4,22.0,4.0,286.5,178.86666666666667,22.0,4.0,286.75,161.33333333333334,22.0,4.0,287.0,301.5,23.0
4.0,264.0,328.81666666666666,0.0,4.0,265.0,622.25,1.0,4.0,266.0,553.3,2.0,4.0,267.0,395.31666666666666,3.0,4.0,268.0,221.56666666666666,4.0,4.0,269.0,204.5,5.0,4.0,270.0,190.71666666666667,6.0,4.0,271.0,226.11666666666667,7.0,4.0,272.0,240.26666666666668,8.0,4.0,273.0,345.5,9.0,4.0,274.0,444.05,10.0,4.0,275.0,472.01666666666665,11.0,4.0,276.0,465.26666666666665,12.0,4.0,277.0,430.31666666666666,13.0,4.0,278.0,474.23333333333335,14.0,4.0,279.0,465.45,15.0,4.0,280.0,488.51666666666665,16.0,4.0,281.0,412.18333333333334,17.0,4.0,282.0,1079.8666666666666,18.0,4.0,283.0,1158.3166666666666,19.0,4.0,284.0,971.2166666666667,20.0,4.0,285.0,161.91666666666666,21.0,4.0,286.0,181.0,22.0,4.0,287.0,236.8,23.0,4.0,287.25,210.53333333333333,23.0,4.0,287.5,502.6666666666667,23.0,4.0,287.75,256.0,23.0,5.0,288.0,396.3833333333333,0.0
4.0,265.0,622.25,1.0,4.0,266.0,553.3,2.0,4.0,267.0,395.31666666666666,3.0,4.0,268.0,221.56666666666666,4.0,4.0,269.0,204.5,5.0,4.0,270.0,190.71666666666667,6.0,4.0,271.0,226.11666666666667,7.0,4.0,272.0,240.26666666666668,8.0,4.0,273.0,345.5,9.0,4.0,274.0,444.05,10.0,4.0,275.0,472.01666666666665,11.0,4.0,276.0,465.26666666666665,12.0,4.0,277.0,430.31666666666666,13.0,4.0,278.0,474.23333333333335,14.0,4.0,279.0,465.45,15.0,4.0,280.0,488.51666666666665,16.0,4.0,281.0,412.18333333333334,17.0,4.0,282.0,1079.8666666666666,18.0,4.0,283.0,1158.3166666666666,19.0,4.0,284.0,971.2166666666667,20.0,4.0,285.0,161.91666666666666,21.0,4.0,286.0,181.0,22.0,4.0,287.0,301.5,23.0,5.0,288.0,367.6666666666667,0.0,5.0,288.25,412.6666666666667,0.0,5.0,288.5,377.2,0.0,5.0,288.75,428.0,0.0,5.0,289.0,363.6666666666667,1.0
4.0,266.0,553.3,2.0,4.0,267.0,395.31666666666666,3.0,4.0,268.0,221.56666666666666,4.0,4.0,269.0,204.5,5.0,4.0,270.0,190.71666666666667,6.0,4.0,271.0,226.11666666666667,7.0,4.0,272.0,240.26666666666668,8.0,4.0,273.0,345.5,9.0,4.0,274.0,444.05,10.0,4.0,275.0,472.01666666666665,11.0,4.0,276.0,465.26666666666665,12.0,4.0,277.0,430.31666666666666,13.0,4.0,278.0,474.23333333333335,14.0,4.0,279.0,465.45,15.0,4.0,280.0,488.51666666666665,16.0,4.0,281.0,412.18333333333334,17.0,4.0,282.0,1079.8666666666666,18.0,4.0,283.0,1158.3166666666666,19.0,4.0,284.0,971.2166666666667,20.0,4.0,285.0,161.91666666666666,21.0,4.0,286.0,181.0,22.0,4.0,287.0,301.5,23.0,5.0,288.0,396.3833333333333,0.0,5.0,289.0,368.6,1.0,5.0,289.25,367.6666666666667,1.0,5.0,289.5,210.2,1.0,5.0,289.75,508.2,1.0,5.0,290.0,302.1666666666667,2.0
4.0,267.0,395.31666666666666,3.0,4.0,268.0,221.56666666666666,4.0,4.0,269.0,204.5,5.0,4.0,270.0,190.71666666666667,6.0,4.0,271.0,226.11666666666667,7.0,4.0,272.0,240.26666666666668,8.0,4.0,273.0,345.5,9.0,4.0,274.0,444.05,10.0,4.0,275.0,472.01666666666665,11.0,4.0,276.0,465.26666666666665,12.0,4.0,277.0,430.31666666666666,13.0,4.0,278.0,474.23333333333335,14.0,4.0,279.0,465.45,15.0,4.0,280.0,488.51666666666665,16.0,4.0,281.0,412.18333333333334,17.0,4.0,282.0,1079.8666666666666,18.0,4.0,283.0,1158.3166666666666,19.0,4.0,284.0,971.2166666666667,20.0,4.0,285.0,161.91666666666666,21.0,4.0,286.0,181.0,22.0,4.0,287.0,301.5,23.0,5.0,288.0,396.3833333333333,0.0,5.0,289.0,363.6666666666667,1.0,5.0,290.0,337.8666666666667,2.0,5.0,290.25,393.2,2.0,5.0,290.5,306.46666666666664,2.0,5.0,290.75,171.13333333333333,2.0,5.0,291.0,62.03333333333333,3.0
4.0,268.0,221.56666666666666,4.0,4.0,269.0,204.5,5.0,4.0,270.0,190.71666666666667,6.0,4.0,271.0,226.11666666666667,7.0,4.0,272.0,240.26666666666668,8.0,4.0,273.0,345.5,9.0,4.0,274.0,444.05,10.0,4.0,275.0,472.01666666666665,11.0,4.0,276.0,465.26666666666665,12.0,4.0,277.0,430.31666666666666,13.0,4.0,278.0,474.23333333333335,14.0,4.0,279.0,465.45,15.0,4.0,280.0,488.51666666666665,16.0,4.0,281.0,412.18333333333334,17.0,4.0,282.0,1079.8666666666666,18.0,4.0,283.0,1158.3166666666666,19.0,4.0,284.0,971.2166666666667,20.0,4.0,285.0,161.91666666666666,21.0,4.0,286.0,181.0,22.0,4.0,287.0,301.5,23.0,5.0,288.0,396.3833333333333,0.0,5.0,289.0,363.6666666666667,1.0,5.0,290.0,302.1666666666667,2.0,5.0,291.0,62.8,3.0,5.0,291.25,63.46666666666667,3.0,5.0,291.5,68.86666666666666,3.0,5.0,291.75,53.0,3.0,5.0,292.0,60.03333333333333,4.0
4.0,269.0,204.5,5.0,4.0,270.0,190.71666666666667,6.0,4.0,271.0,226.11666666666667,7.0,4.0,272.0,240.26666666666668,8.0,4.0,273.0,345.5,9.0,4.0,274.0,444.05,10.0,4.0,275.0,472.01666666666665,11.0,4.0,276.0,465.26666666666665,12.0,4.0,277.0,430.31666666666666,13.0,4.0,278.0,474.23333333333335,14.0,4.0,279.0,465.45,15.0,4.0,280.0,488.51666666666665,16.0,4.0,281.0,412.18333333333334,17.0,4.0,282.0,1079.8666666666666,18.0,4.0,283.0,1158.3166666666666,19.0,4.0,284.0,971.2166666666667,20.0,4.0,285.0,161.91666666666666,21.0,4.0,286.0,181.0,22.0,4.0,287.0,301.5,23.0,5.0,288.0,396.3833333333333,0.0,5.0,289.0,363.6666666666667,1.0,5.0,290.0,302.1666666666667,2.0,5.0,291.0,62.03333333333333,3.0,5.0,292.0,61.46666666666667,4.0,5.0,292.25,63.333333333333336,4.0,5.0,292.5,59.13333333333333,4.0,5.0,292.75,56.2,4.0,5.0,293.0,64.43333333333334,5.0
4.0,270.0,190.71666666666667,6.0,4.0,271.0,226.11666666666667,7.0,4.0,272.0,240.26666666666668,8.0,4.0,273.0,345.5,9.0,4.0,274.0,444.05,10.0,4.0,275.0,472.01666666666665,11.0,4.0,276.0,465.26666666666665,12.0,4.0,277.0,430.31666666666666,13.0,4.0,278.0,474.23333333333335,14.0,4.0,279.0,465.45,15.0,4.0,280.0,488.51666666666665,16.0,4.0,281.0,412.18333333333334,17.0,4.0,282.0,1079.8666666666666,18.0,4.0,283.0,1158.3166666666666,19.0,4.0,284.0,971.2166666666667,20.0,4.0,285.0,161.91666666666666,21.0,4.0,286.0,181.0,22.0,4.0,287.0,301.5,23.0,5.0,288.0,396.3833333333333,0.0,5.0,289.0,363.6666666666667,1.0,5.0,290.0,302.1666666666667,2.0,5.0,291.0,62.03333333333333,3.0,5.0,292.0,60.03333333333333,4.0,5.0,293.0,58.4,5.0,5.0,293.25,75.46666666666667,5.0,5.0,293.5,68.73333333333333,5.0,5.0,293.75,55.13333333333333,5.0,5.0,294.0,64.83333333333333,6.0
4.0,271.0,226.11666666666667,7.0,4.0,272.0,240.26666666666668,8.0,4.0,273.0,345.5,9.0,4.0,274.0,444.05,10.0,4.0,275.0,472.01666666666665,11.0,4.0,276.0,465.26666666666665,12.0,4.0,277.0,430.31666666666666,13.0,4.0,278.0,474.23333333333335,14.0,4.0,279.0,465.45,15.0,4.0,280.0,488.51666666666665,16.0,4.0,281.0,412.18333333333334,17.0,4.0,282.0,1079.8666666666666,18.0,4.0,283.0,1158.3166666666666,19.0,4.0,284.0,971.2166666666667,20.0,4.0,285.0,161.91666666666666,21.0,4.0,286.0,181.0,22.0,4.0,287.0,301.5,23.0,5.0,288.0,396.3833333333333,0.0,5.0,289.0,363.6666666666667,1.0,5.0,290.0,302.1666666666667,2.0,5.0,291.0,62.03333333333333,3.0,5.0,292.0,60.03333333333333,4.0,5.0,293.0,64.43333333333334,5.0,5.0,294.0,65.26666666666667,6.0,5.0,294.25,64.66666666666667,6.0,5.0,294.5,60.46666666666667,6.0,5.0,294.75,68.93333333333334,6.0,5.0,295.0,71.21666666666667,7.0
4.0,272.0,240.26666666666668,8.0,4.0,273.0,345.5,9.0,4.0,274.0,444.05,10.0,4.0,275.0,472.01666666666665,11.0,4.0,276.0,465.26666666666665,12.0,4.0,277.0,430.31666666666666,13.0,4.0,278.0,474.23333333333335,14.0,4.0,279.0,465.45,15.0,4.0,280.0,488.51666666666665,16.0,4.0,281.0,412.18333333333334,17.0,4.0,282.0,1079.8666666666666,18.0,4.0,283.0,1158.3166666666666,19.0,4.0,284.0,971.2166666666667,20.0,4.0,285.0,161.91666666666666,21.0,4.0,286.0,181.0,22.0,4.0,287.0,301.5,23.0,5.0,288.0,396.3833333333333,0.0,5.0,289.0,363.6666666666667,1.0,5.0,290.0,302.1666666666667,2.0,5.0,291.0,62.03333333333333,3.0,5.0,292.0,60.03333333333333,4.0,5.0,293.0,64.43333333333334,5.0,5.0,294.0,64.83333333333333,6.0,5.0,295.0,83.06666666666666,7.0,5.0,295.25,78.66666666666667,7.0,5.0,295.5,67.06666666666666,7.0,5.0,295.75,56.06666666666667,7.0,5.0,296.0,81.31666666666666,8.0
4.0,273.0,345.5,9.0,4.0,274.0,444.05,10.0,4.0,275.0,472.01666666666665,11.0,4.0,276.0,465.26666666666665,12.0,4.0,277.0,430.31666666666666,13.0,4.0,278.0,474.23333333333335,14.0,4.0,279.0,465.45,15.0,4.0,280.0,488.51666666666665,16.0,4.0,281.0,412.18333333333334,17.0,4.0,282.0,1079.8666666666666,18.0,4.0,283.0,1158.3166666666666,19.0,4.0,284.0,971.2166666666667,20.0,4.0,285.0,161.91666666666666,21.0,4.0,286.0,181.0,22.0,4.0,287.0,301.5,23.0,5.0,288.0,396.3833333333333,0.0,5.0,289.0,363.6666666666667,1.0,5.0,290.0,302.1666666666667,2.0,5.0,291.0,62.03333333333333,3.0,5.0,292.0,60.03333333333333,4.0,5.0,293.0,64.43333333333334,5.0,5.0,294.0,64.83333333333333,6.0,5.0,295.0,71.21666666666667,7.0,5.0,296.0,102.93333333333334,8.0,5.0,296.25,71.33333333333333,8.0,5.0,296.5,83.26666666666667,8.0,5.0,296.75,67.73333333333333,8.0,5.0,297.0,93.95,9.0
4.0,274.0,444.05,10.0,4.0,275.0,472.01666666666665,11.0,4.0,276.0,465.26666666666665,12.0,4.0,277.0,430.31666666666666,13.0,4.0,278.0,474.23333333333335,14.0,4.0,279.0,465.45,15.0,4.0,280.0,488.51666666666665,16.0,4.0,281.0,412.18333333333334,17.0,4.0,282.0,1079.8666666666666,18.0,4.0,283.0,1158.3166666666666,19.0,4.0,284.0,971.2166666666667,20.0,4.0,285.0,161.91666666666666,21.0,4.0,286.0,181.0,22.0,4.0,287.0,301.5,23.0,5.0,288.0,396.3833333333333,0.0,5.0,289.0,363.6666666666667,1.0,5.0,290.0,302.1666666666667,2.0,5.0,291.0,62.03333333333333,3.0,5.0,292.0,60.03333333333333,4.0,5.0,293.0,64.43333333333334,5.0,5.0,294.0,64.83333333333333,6.0,5.0,295.0,71.21666666666667,7.0,5.0,296.0,81.31666666666666,8.0,5.0,297.0,86.66666666666667,9.0,5.0,297.25,48.06666666666667,9.0,5.0,297.5,147.8,9.0,5.0,297.75,93.26666666666667,9.0,5.0,298.0,154.91666666666666,10.0
4.0,275.0,472.01666666666665,11.0,4.0,276.0,465.26666666666665,12.0,4.0,277.0,430.31666666666666,13.0,4.0,278.0,474.23333333333335,14.0,4.0,279.0,465.45,15.0,4.0,280.0,488.51666666666665,16.0,4.0,281.0,412.18333333333334,17.0,4.0,282.0,1079.8666666666666,18.0,4.0,283.0,1158.3166666666666,19.0,4.0,284.0,971.2166666666667,20.0,4.0,285.0,161.91666666666666,21.0,4.0,286.0,181.0,22.0,4.0,287.0,301.5,23.0,5.0,288.0,396.3833333333333,0.0,5.0,289.0,363.6666666666667,1.0,5.0,290.0,302.1666666666667,2.0,5.0,291.0,62.03333333333333,3.0,5.0,292.0,60.03333333333333,4.0,5.0,293.0,64.43333333333334,5.0,5.0,294.0,64.83333333333333,6.0,5.0,295.0,71.21666666666667,7.0,5.0,296.0,81.31666666666666,8.0,5.0,297.0,93.95,9.0,5.0,298.0,132.26666666666668,10.0,5.0,298.25,157.0,10.0,5.0,298.5,171.53333333333333,10.0,5.0,298.75,158.86666666666667,10.0,5.0,299.0,173.23333333333332,11.0
4.0,276.0,465.26666666666665,12.0,4.0,277.0,430.31666666666666,13.0,4.0,278.0,474.23333333333335,14.0,4.0,279.0,465.45,15.0,4.0,280.0,488.51666666666665,16.0,4.0,281.0,412.18333333333334,17.0,4.0,282.0,1079.8666666666666,18.0,4.0,283.0,1158.3166666666666,19.0,4.0,284.0,971.2166666666667,20.0,4.0,285.0,161.91666666666666,21.0,4.0,286.0,181.0,22.0,4.0,287.0,301.5,23.0,5.0,288.0,396.3833333333333,0.0,5.0,289.0,363.6666666666667,1.0,5.0,290.0,302.1666666666667,2.0,5.0,291.0,62.03333333333333,3.0,5.0,292.0,60.03333333333333,4.0,5.0,293.0,64.43333333333334,5.0,5.0,294.0,64.83333333333333,6.0,5.0,295.0,71.21666666666667,7.0,5.0,296.0,81.31666666666666,8.0,5.0,297.0,93.95,9.0,5.0,298.0,154.91666666666666,10.0,5.0,299.0,170.06666666666666,11.0,5.0,299.25,174.93333333333334,11.0,5.0,299.5,188.0,11.0,5.0,299.75,159.93333333333334,11.0,5.0,300.0,165.91666666666666,12.0
4.0,277.0,430.31666666666666,13.0,4.0,278.0,474.23333333333335,14.0,4.0,279.0,465.45,15.0,4.0,280.0,488.51666666666665,16.0,4.0,281.0,412.18333333333334,17.0,4.0,282.0,1079.8666666666666,18.0,4.0,283.0,1158.3166666666666,19.0,4.0,284.0,971.2166666666667,20.0,4.0,285.0,161.91666666666666,21.0,4.0,286.0,181.0,22.0,4.0,287.0,301.5,23.0,5.0,288.0,396.3833333333333,0.0,5.0,289.0,363.6666666666667,1.0,5.0,290.0,302.1666666666667,2.0,5.0,291.0,62.03333333333333,3.0,5.0,292.0,60.03333333333333,4.0,5.0,293.0,64.43333333333334,5.0,5.0,294.0,64.83333333333333,6.0,5.0,295.0,71.21666666666667,7.0,5.0,296.0,81.31666666666666,8.0,5.0,297.0,93.95,9.0,5.0,298.0,154.91666666666666,10.0,5.0,299.0,173.23333333333332,11.0,5.0,300.0,176.06666666666666,12.0,5.0,300.25,173.2,12.0,5.0,300.5,151.46666666666667,12.0,5.0,300.75,162.93333333333334,12.0,5.0,301.0,169.91666666666666,13.0
4.0,278.0,474.23333333333335,14.0,4.0,279.0,465.45,15.0,4.0,280.0,488.51666666666665,16.0,4.0,281.0,412.18333333333334,17.0,4.0,282.0,1079.8666666666666,18.0,4.0,283.0,1158.3166666666666,19.0,4.0,284.0,971.2166666666667,20.0,4.0,285.0,161.91666666666666,21.0,4.0,286.0,181.0,22.0,4.0,287.0,301.5,23.0,5.0,288.0,396.3833333333333,0.0,5.0,289.0,363.6666666666667,1.0,5.0,290.0,302.1666666666667,2.0,5.0,291.0,62.03333333333333,3.0,5.0,292.0,60.03333333333333,4.0,5.0,293.0,64.43333333333334,5.0,5.0,294.0,64.83333333333333,6.0,5.0,295.0,71.21666666666667,7.0,5.0,296.0,81.31666666666666,8.0,5.0,297.0,93.95,9.0,5.0,298.0,154.91666666666666,10.0,5.0,299.0,173.23333333333332,11.0,5.0,300.0,165.91666666666666,12.0,5.0,301.0,155.2,13.0,5.0,301.25,167.8,13.0,5.0,301.5,175.33333333333334,13.0,5.0,301.75,181.33333333333334,13.0,5.0,302.0,220.75,14.0
4.0,279.0,465.45,15.0,4.0,280.0,488.51666666666665,16.0,4.0,281.0,412.18333333333334,17.0,4.0,282.0,1079.8666666666666,18.0,4.0,283.0,1158.3166666666666,19.0,4.0,284.0,971.2166666666667,20.0,4.0,285.0,161.91666666666666,21.0,4.0,286.0,181.0,22.0,4.0,287.0,301.5,23.0,5.0,288.0,396.3833333333333,0.0,5.0,289.0,363.6666666666667,1.0,5.0,290.0,302.1666666666667,2.0,5.0,291.0,62.03333333333333,3.0,5.0,292.0,60.03333333333333,4.0,5.0,293.0,64.43333333333334,5.0,5.0,294.0,64.83333333333333,6.0,5.0,295.0,71.21666666666667,7.0,5.0,296.0,81.31666666666666,8.0,5.0,297.0,93.95,9.0,5.0,298.0,154.91666666666666,10.0,5.0,299.0,173.23333333333332,11.0,5.0,300.0,165.91666666666666,12.0,5.0,301.0,169.91666666666666,13.0,5.0,302.0,194.86666666666667,14.0,5.0,302.25,185.73333333333332,14.0,5.0,302.5,229.53333333333333,14.0,5.0,302.75,272.8666666666667,14.0,5.0,303.0,300.6333333333333,15.0
4.0,280.0,488.51666666666665,16.0,4.0,281.0,412.18333333333334,17.0,4.0,282.0,1079.8666666666666,18.0,4.0,283.0,1158.3166666666666,19.0,4.0,284.0,971.2166666666667,20.0,4.0,285.0,161.91666666666666,21.0,4.0,286.0,181.0,22.0,4.0,287.0,301.5,23.0,5.0,288.0,396.3833333333333,0.0,5.0,289.0,363.6666666666667,1.0,5.0,290.0,302.1666666666667,2.0,5.0,291.0,62.03333333333333,3.0,5.0,292.0,60.03333333333333,4.0,5.0,293.0,64.43333333333334,5.0,5.0,294.0,64.83333333333333,6.0,5.0,295.0,71.21666666666667,7.0,5.0,296.0,81.31666666666666,8.0,5.0,297.0,93.95,9.0,5.0,298.0,154.91666666666666,10.0,5.0,299.0,173.23333333333332,11.0,5.0,300.0,165.91666666666666,12.0,5.0,301.0,169.91666666666666,13.0,5.0,302.0,220.75,14.0,5.0,303.0,264.6666666666667,15.0,5.0,303.25,355.06666666666666,15.0,5.0,303.5,208.26666666666668,15.0,5.0,303.75,374.53333333333336,15.0,5.0,304.0,361.93333333333334,16.0
4.0,281.0,412.18333333333334,17.0,4.0,282.0,1079.8666666666666,18.0,4.0,283.0,1158.3166666666666,19.0,4.0,284.0,971.2166666666667,20.0,4.0,285.0,161.91666666666666,21.0,4.0,286.0,181.0,22.0,4.0,287.0,301.5,23.0,5.0,288.0,396.3833333333333,0.0,5.0,289.0,363.6666666666667,1.0,5.0,290.0,302.1666666666667,2.0,5.0,291.0,62.03333333333333,3.0,5.0,292.0,60.03333333333333,4.0,5.0,293.0,64.43333333333334,5.0,5.0,294.0,64.83333333333333,6.0,5.0,295.0,71.21666666666667,7.0,5.0,296.0,81.31666666666666,8.0,5.0,297.0,93.95,9.0,5.0,298.0,154.91666666666666,10.0,5.0,299.0,173.23333333333332,11.0,5.0,300.0,165.91666666666666,12.0,5.0,301.0,169.91666666666666,13.0,5.0,302.0,220.75,14.0,5.0,303.0,300.6333333333333,15.0,5.0,304.0,233.73333333333332,16.0,5.0,304.25,378.06666666666666,16.0,5.0,304.5,401.06666666666666,16.0,5.0,304.75,434.8666666666667,16.0,5.0,305.0,465.51666666666665,17.0
4.0,282.0,1079.8666666666666,18.0,4.0,283.0,1158.3166666666666,19.0,4.0,284.0,971.2166666666667,20.0,4.0,285.0,161.91666666666666,21.0,4.0,286.0,181.0,22.0,4.0,287.0,301.5,23.0,5.0,288.0,396.3833333333333,0.0,5.0,289.0,363.6666666666667,1.0,5.0,290.0,302.1666666666667,2.0,5.0,291.0,62.03333333333333,3.0,5.0,292.0,60.03333333333333,4.0,5.0,293.0,64.43333333333334,5.0,5.0,294.0,64.83333333333333,6.0,5.0,295.0,71.21666666666667,7.0,5.0,296.0,81.31666666666666,8.0,5.0,297.0,93.95,9.0,5.0,298.0,154.91666666666666,10.0,5.0,299.0,173.23333333333332,11.0,5.0,300.0,165.91666666666666,12.0,5.0,301.0,169.91666666666666,13.0,5.0,302.0,220.75,14.0,5.0,303.0,300.6333333333333,15.0,5.0,304.0,361.93333333333334,16.0,5.0,305.0,488.1333333333333,17.0,5.0,305.25,489.53333333333336,17.0,5.0,305.5,449.3333333333333,17.0,5.0,305.75,435.06666666666666,17.0,5.0,306.0,422.96666666666664,18.0
4.0,283.0,1158.3166666666666,19.0,4.0,284.0,971.2166666666667,20.0,4.0,285.0,161.91666666666666,21.0,4.0,286.0,181.0,22.0,4.0,287.0,301.5,23.0,5.0,288.0,396.3833333333333,0.0,5.0,289.0,363.6666666666667,1.0,5.0,290.0,302.1666666666667,2.0,5.0,291.0,62.03333333333333,3.0,5.0,292.0,60.03333333333333,4.0,5.0,293.0,64.43333333333334,5.0,5.0,294.0,64.83333333333333,6.0,5.0,295.0,71.21666666666667,7.0,5.0,296.0,81.31666666666666,8.0,5.0,297.0,93.95,9.0,5.0,298.0,154.91666666666666,10.0,5.0,299.0,173.23333333333332,11.0,5.0,300.0,165.91666666666666,12.0,5.0,301.0,169.91666666666666,13.0,5.0,302.0,220.75,14.0,5.0,303.0,300.6333333333333,15.0,5.0,304.0,361.93333333333334,16.0,5.0,305.0,465.51666666666665,17.0,5.0,306.0,417.6,18.0,5.0,306.25,435.8,18.0,5.0,306.5,419.6666666666667,18.0,5.0,306.75,418.8,18.0,5.0,307.0,417.43333333333334,19.0
4.0,284.0,971.2166666666667,20.0,4.0,285.0,161.91666666666666,21.0,4.0,286.0,181.0,22.0,4.0,287.0,301.5,23.0,5.0,288.0,396.3833333333333,0.0,5.0,289.0,363.6666666666667,1.0,5.0,290.0,302.1666666666667,2.0,5.0,291.0,62.03333333333333,3.0,5.0,292.0,60.03333333333333,4.0,5.0,293.0,64.43333333333334,5.0,5.0,294.0,64.83333333333333,6.0,5.0,295.0,71.21666666666667,7.0,5.0,296.0,81.31666666666666,8.0,5.0,297.0,93.95,9.0,5.0,298.0,154.91666666666666,10.0,5.0,299.0,173.23333333333332,11.0,5.0,300.0,165.91666666666666,12.0,5.0,301.0,169.91666666666666,13.0,5.0,302.0,220.75,14.0,5.0,303.0,300.6333333333333,15.0,5.0,304.0,361.93333333333334,16.0,5.0,305.0,465.51666666666665,17.0,5.0,306.0,422.96666666666664,18.0,5.0,307.0,408.6666666666667,19.0,5.0,307.25,451.8666666666667,19.0,5.0,307.5,412.3333333333333,19.0,5.0,307.75,396.8666666666667,19.0,5.0,308.0,401.71666666666664,20.0
4.0,285.0,161.91666666666666,21.0,4.0,286.0,181.0,22.0,4.0,287.0,301.5,23.0,5.0,288.0,396.3833333333333,0.0,5.0,289.0,363.6666666666667,1.0,5.0,290.0,302.1666666666667,2.0,5.0,291.0,62.03333333333333,3.0,5.0,292.0,60.03333333333333,4.0,5.0,293.0,64.43333333333334,5.0,5.0,294.0,64.83333333333333,6.0,5.0,295.0,71.21666666666667,7.0,5.0,296.0,81.31666666666666,8.0,5.0,297.0,93.95,9.0,5.0,298.0,154.91666666666666,10.0,5.0,299.0,173.23333333333332,11.0,5.0,300.0,165.91666666666666,12.0,5.0,301.0,169.91666666666666,13.0,5.0,302.0,220.75,14.0,5.0,303.0,300.6333333333333,15.0,5.0,304.0,361.93333333333334,16.0,5.0,305.0,465.51666666666665,17.0,5.0,306.0,422.96666666666664,18.0,5.0,307.0,417.43333333333334,19.0,5.0,308.0,403.2,20.0,5.0,308.25,404.93333333333334,20.0,5.0,308.5,407.26666666666665,20.0,5.0,308.75,391.46666666666664,20.0,5.0,309.0,413.8333333333333,21.0
4.0,286.0,181.0,22.0,4.0,287.0,301.5,23.0,5.0,288.0,396.3833333333333,0.0,5.0,289.0,363.6666666666667,1.0,5.0,290.0,302.1666666666667,2.0,5.0,291.0,62.03333333333333,3.0,5.0,292.0,60.03333333333333,4.0,5.0,293.0,64.43333333333334,5.0,5.0,294.0,64.83333333333333,6.0,5.0,295.0,71.21666666666667,7.0,5.0,296.0,81.31666666666666,8.0,5.0,297.0,93.95,9.0,5.0,298.0,154.91666666666666,10.0,5.0,299.0,173.23333333333332,11.0,5.0,300.0,165.91666666666666,12.0,5.0,301.0,169.91666666666666,13.0,5.0,302.0,220.75,14.0,5.0,303.0,300.6333333333333,15.0,5.0,304.0,361.93333333333334,16.0,5.0,305.0,465.51666666666665,17.0,5.0,306.0,422.96666666666664,18.0,5.0,307.0,417.43333333333334,19.0,5.0,308.0,401.71666666666664,20.0,5.0,309.0,397.4,21.0,5.0,309.25,408.73333333333335,21.0,5.0,309.5,417.6,21.0,5.0,309.75,431.6,21.0,5.0,310.0,407.8,22.0
4.0,287.0,301.5,23.0,5.0,288.0,396.3833333333333,0.0,5.0,289.0,363.6666666666667,1.0,5.0,290.0,302.1666666666667,2.0,5.0,291.0,62.03333333333333,3.0,5.0,292.0,60.03333333333333,4.0,5.0,293.0,64.43333333333334,5.0,5.0,294.0,64.83333333333333,6.0,5.0,295.0,71.21666666666667,7.0,5.0,296.0,81.31666666666666,8.0,5.0,297.0,93.95,9.0,5.0,298.0,154.91666666666666,10.0,5.0,299.0,173.23333333333332,11.0,5.0,300.0,165.91666666666666,12.0,5.0,301.0,169.91666666666666,13.0,5.0,302.0,220.75,14.0,5.0,303.0,300.6333333333333,15.0,5.0,304.0,361.93333333333334,16.0,5.0,305.0,465.51666666666665,17.0,5.0,306.0,422.96666666666664,18.0,5.0,307.0,417.43333333333334,19.0,5.0,308.0,401.71666666666664,20.0,5.0,309.0,413.8333333333333,21.0,5.0,310.0,430.1333333333333,22.0,5.0,310.25,410.3333333333333,22.0,5.0,310.5,389.3333333333333,22.0,5.0,310.75,401.4,22.0,5.0,311.0,410.2,23.0
5.0,288.0,396.3833333333333,0.0,5.0,289.0,363.6666666666667,1.0,5.0,290.0,302.1666666666667,2.0,5.0,291.0,62.03333333333333,3.0,5.0,292.0,60.03333333333333,4.0,5.0,293.0,64.43333333333334,5.0,5.0,294.0,64.83333333333333,6.0,5.0,295.0,71.21666666666667,7.0,5.0,296.0,81.31666666666666,8.0,5.0,297.0,93.95,9.0,5.0,298.0,154.91666666666666,10.0,5.0,299.0,173.23333333333332,11.0,5.0,300.0,165.91666666666666,12.0,5.0,301.0,169.91666666666666,13.0,5.0,302.0,220.75,14.0,5.0,303.0,300.6333333333333,15.0,5.0,304.0,361.93333333333334,16.0,5.0,305.0,465.51666666666665,17.0,5.0,306.0,422.96666666666664,18.0,5.0,307.0,417.43333333333334,19.0,5.0,308.0,401.71666666666664,20.0,5.0,309.0,413.8333333333333,21.0,5.0,310.0,407.8,22.0,5.0,311.0,428.26666666666665,23.0,5.0,311.25,391.1333333333333,23.0,5.0,311.5,543.6,23.0,5.0,311.75,277.8,23.0,6.0,312.0,385.95,0.0
5.0,289.0,363.6666666666667,1.0,5.0,290.0,302.1666666666667,2.0,5.0,291.0,62.03333333333333,3.0,5.0,292.0,60.03333333333333,4.0,5.0,293.0,64.43333333333334,5.0,5.0,294.0,64.83333333333333,6.0,5.0,295.0,71.21666666666667,7.0,5.0,296.0,81.31666666666666,8.0,5.0,297.0,93.95,9.0,5.0,298.0,154.91666666666666,10.0,5.0,299.0,173.23333333333332,11.0,5.0,300.0,165.91666666666666,12.0,5.0,301.0,169.91666666666666,13.0,5.0,302.0,220.75,14.0,5.0,303.0,300.6333333333333,15.0,5.0,304.0,361.93333333333334,16.0,5.0,305.0,465.51666666666665,17.0,5.0,306.0,422.96666666666664,18.0,5.0,307.0,417.43333333333334,19.0,5.0,308.0,401.71666666666664,20.0,5.0,309.0,413.8333333333333,21.0,5.0,310.0,407.8,22.0,5.0,311.0,410.2,23.0,6.0,312.0,246.0,0.0,6.0,312.25,597.7333333333333,0.0,6.0,312.5,358.6666666666667,0.0,6.0,312.75,341.4,0.0,6.0,313.0,223.45,1.0
5.0,290.0,302.1666666666667,2.0,5.0,291.0,62.03333333333333,3.0,5.0,292.0,60.03333333333333,4.0,5.0,293.0,64.43333333333334,5.0,5.0,294.0,64.83333333333333,6.0,5.0,295.0,71.21666666666667,7.0,5.0,296.0,81.31666666666666,8.0,5.0,297.0,93.95,9.0,5.0,298.0,154.91666666666666,10.0,5.0,299.0,173.23333333333332,11.0,5.0,300.0,165.91666666666666,12.0,5.0,301.0,169.91666666666666,13.0,5.0,302.0,220.75,14.0,5.0,303.0,300.6333333333333,15.0,5.0,304.0,361.93333333333334,16.0,5.0,305.0,465.51666666666665,17.0,5.0,306.0,422.96666666666664,18.0,5.0,307.0,417.43333333333334,19.0,5.0,308.0,401.71666666666664,20.0,5.0,309.0,413.8333333333333,21.0,5.0,310.0,407.8,22.0,5.0,311.0,410.2,23.0,6.0,312.0,385.95,0.0,6.0,313.0,92.53333333333333,1.0,6.0,313.25,98.93333333333334,1.0,6.0,313.5,326.06666666666666,1.0,6.0,313.75,376.26666666666665,1.0,6.0,314.0,327.6166666666667,2.0
5.0,291.0,62.03333333333333,3.0,5.0,292.0,60.03333333333333,4.0,5.0,293.0,64.43333333333334,5.0,5.0,294.0,64.83333333333333,6.0,5.0,295.0,71.21666666666667,7.0,5.0,296.0,81.31666666666666,8.0,5.0,297.0,93.95,9.0,5.0,298.0,154.91666666666666,10.0,5.0,299.0,173.23333333333332,11.0,5.0,300.0,165.91666666666666,12.0,5.0,301.0,169.91666666666666,13.0,5.0,302.0,220.75,14.0,5.0,303.0,300.6333333333333,15.0,5.0,304.0,361.93333333333334,16.0,5.0,305.0,465.51666666666665,17.0,5.0,306.0,422.96666666666664,18.0,5.0,307.0,417.43333333333334,19.0,5.0,308.0,401.71666666666664,20.0,5.0,309.0,413.8333333333333,21.0,5.0,310.0,407.8,22.0,5.0,311.0,410.2,23.0,6.0,312.0,385.95,0.0,6.0,313.0,223.45,1.0,6.0,314.0,350.6666666666667,2.0,6.0,314.25,338.2,2.0,6.0,314.5,314.6666666666667,2.0,6.0,314.75,306.93333333333334,2.0,6.0,315.0,297.73333333333335,3.0
5.0,292.0,60.03333333333333,4.0,5.0,293.0,64.43333333333334,5.0,5.0,294.0,64.83333333333333,6.0,5.0,295.0,71.21666666666667,7.0,5.0,296.0,81.31666666666666,8.0,5.0,297.0,93.95,9.0,5.0,298.0,154.91666666666666,10.0,5.0,299.0,173.23333333333332,11.0,5.0,300.0,165.91666666666666,12.0,5.0,301.0,169.91666666666666,13.0,5.0,302.0,220.75,14.0,5.0,303.0,300.6333333333333,15.0,5.0,304.0,361.93333333333334,16.0,5.0,305.0,465.51666666666665,17.0,5.0,306.0,422.96666666666664,18.0,5.0,307.0,417.43333333333334,19.0,5.0,308.0,401.71666666666664,20.0,5.0,309.0,413.8333333333333,21.0,5.0,310.0,407.8,22.0,5.0,311.0,410.2,23.0,6.0,312.0,385.95,0.0,6.0,313.0,223.45,1.0,6.0,314.0,327.6166666666667,2.0,6.0,315.0,297.6666666666667,3.0,6.0,315.25,299.3333333333333,3.0,6.0,315.5,303.0,3.0,6.0,315.75,290.93333333333334,3.0,6.0,316.0,297.7,4.0
5.0,293.0,64.43333333333334,5.0,5.0,294.0,64.83333333333333,6.0,5.0,295.0,71.21666666666667,7.0,5.0,296.0,81.31666666666666,8.0,5.0,297.0,93.95,9.0,5.0,298.0,154.91666666666666,10.0,5.0,299.0,173.23333333333332,11.0,5.0,300.0,165.91666666666666,12.0,5.0,301.0,169.91666666666666,13.0,5.0,302.0,220.75,14.0,5.0,303.0,300.6333333333333,15.0,5.0,304.0,361.93333333333334,16.0,5.0,305.0,465.51666666666665,17.0,5.0,306.0,422.96666666666664,18.0,5.0,307.0,417.43333333333334,19.0,5.0,308.0,401.71666666666664,20.0,5.0,309.0,413.8333333333333,21.0,5.0,310.0,407.8,22.0,5.0,311.0,410.2,23.0,6.0,312.0,385.95,0.0,6.0,313.0,223.45,1.0,6.0,314.0,327.6166666666667,2.0,6.0,315.0,297.73333333333335,3.0,6.0,316.0,303.46666666666664,4.0,6.0,316.25,299.06666666666666,4.0,6.0,316.5,296.06666666666666,4.0,6.0,316.75,292.2,4.0,6.0,317.0,163.48333333333332,5.0
5.0,294.0,64.83333333333333,6.0,5.0,295.0,71.21666666666667,7.0,5.0,296.0,81.31666666666666,8.0,5.0,297.0,93.95,9.0,5.0,298.0,154.91666666666666,10.0,5.0,299.0,173.23333333333332,11.0,5.0,300.0,165.91666666666666,12.0,5.0,301.0,169.91666666666666,13.0,5.0,302.0,220.75,14.0,5.0,303.0,300.6333333333333,15.0,5.0,304.0,361.93333333333334,16.0,5.0,305.0,465.51666666666665,17.0,5.0,306.0,422.96666666666664,18.0,5.0,307.0,417.43333333333334,19.0,5.0,308.0,401.71666666666664,20.0,5.0,309.0,413.8333333333333,21.0,5.0,310.0,407.8,22.0,5.0,311.0,410.2,23.0,6.0,312.0,385.95,0.0,6.0,313.0,223.45,1.0,6.0,314.0,327.6166666666667,2.0,6.0,315.0,297.73333333333335,3.0,6.0,316.0,297.7,4.0,6.0,317.0,284.53333333333336,5.0,6.0,317.25,282.1333333333333,5.0,6.0,317.5,62.333333333333336,5.0,6.0,317.75,24.933333333333334,5.0,6.0,318.0,33.36666666666667,6.0
5.0,295.0,71.21666666666667,7.0,5.0,296.0,81.31666666666666,8.0,5.0,297.0,93.95,9.0,5.0,298.0,154.91666666666666,10.0,5.0,299.0,173.23333333333332,11.0,5.0,300.0,165.91666666666666,12.0,5.0,301.0,169.91666666666666,13.0,5.0,302.0,220.75,14.0,5.0,303.0,300.6333333333333,15.0,5.0,304.0,361.93333333333334,16.0,5.0,305.0,465.51666666666665,17.0,5.0,306.0,422.96666666666664,18.0,5.0,307.0,417.43333333333334,19.0,5.0,308.0,401.71666666666664,20.0,5.0,309.0,413.8333333333333,21.0,5.0,310.0,407.8,22.0,5.0,311.0,410.2,23.0,6.0,312.0,385.95,0.0,6.0,313.0,223.45,1.0,6.0,314.0,327.6166666666667,2.0,6.0,315.0,297.73333333333335,3.0,6.0,316.0,297.7,4.0,6.0,317.0,163.48333333333332,5.0,6.0,318.0,29.0,6.0,6.0,318.25,39.93333333333333,6.0,6.0,318.5,32.8,6.0,6.0,318.75,31.733333333333334,6.0,6.0,319.0,37.63333333333333,7.0
5.0,296.0,81.31666666666666,8.0,5.0,297.0,93.95,9.0,5.0,298.0,154.91666666666666,10.0,5.0,299.0,173.23333333333332,11.0,5.0,300.0,165.91666666666666,12.0,5.0,301.0,169.91666666666666,13.0,5.0,302.0,220.75,14.0,5.0,303.0,300.6333333333333,15.0,5.0,304.0,361.93333333333334,16.0,5.0,305.0,465.51666666666665,17.0,5.0,306.0,422.96666666666664,18.0,5.0,307.0,417.43333333333334,19.0,5.0,308.0,401.71666666666664,20.0,5.0,309.0,413.8333333333333,21.0,5.0,310.0,407.8,22.0,5.0,311.0,410.2,23.0,6.0,312.0,385.95,0.0,6.0,313.0,223.45,1.0,6.0,314.0,327.6166666666667,2.0,6.0,315.0,297.73333333333335,3.0,6.0,316.0,297.7,4.0,6.0,317.0,163.48333333333332,5.0,6.0,318.0,33.36666666666667,6.0,6.0,319.0,33.86666666666667,7.0,6.0,319.25,31.733333333333334,7.0,6.0,319.5,33.6,7.0,6.0,319.75,51.333333333333336,7.0,6.0,320.0,82.78333333333333,8.0
5.0,297.0,93.95,9.0,5.0,298.0,154.91666666666666,10.0,5.0,299.0,173.23333333333332,11.0,5.0,300.0,165.91666666666666,12.0,5.0,301.0,169.91666666666666,13.0,5.0,302.0,220.75,14.0,5.0,303.0,300.6333333333333,15.0,5.0,304.0,361.93333333333334,16.0,5.0,305.0,465.51666666666665,17.0,5.0,306.0,422.96666666666664,18.0,5.0,307.0,417.43333333333334,19.0,5.0,308.0,401.71666666666664,20.0,5.0,309.0,413.8333333333333,21.0,5.0,310.0,407.8,22.0,5.0,311.0,410.2,23.0,6.0,312.0,385.95,0.0,6.0,313.0,223.45,1.0,6.0,314.0,327.6166666666667,2.0,6.0,315.0,297.73333333333335,3.0,6.0,316.0,297.7,4.0,6.0,317.0,163.48333333333332,5.0,6.0,318.0,33.36666666666667,6.0,6.0,319.0,37.63333333333333,7.0,6.0,320.0,56.333333333333336,8.0,6.0,320.25,62.46666666666667,8.0,6.0,320.5,138.2,8.0,6.0,320.75,74.13333333333334,8.0,6.0,321.0,110.26666666666667,9.0
5.0,298.0,154.91666666666666,10.0,5.0,299.0,173.23333333333332,11.0,5.0,300.0,165.91666666666666,12.0,5.0,301.0,169.91666666666666,13.0,5.0,302.0,220.75,14.0,5.0,303.0,300.6333333333333,15.0,5.0,304.0,361.93333333333334,16.0,5.0,305.0,465.51666666666665,17.0,5.0,306.0,422.96666666666664,18.0,5.0,307.0,417.43333333333334,19.0,5.0,308.0,401.71666666666664,20.0,5.0,309.0,413.8333333333333,21.0,5.0,310.0,407.8,22.0,5.0,311.0,410.2,23.0,6.0,312.0,385.95,0.0,6.0,313.0,223.45,1.0,6.0,314.0,327.6166666666667,2.0,6.0,315.0,297.73333333333335,3.0,6.0,316.0,297.7,4.0,6.0,317.0,163.48333333333332,5.0,6.0,318.0,33.36666666666667,6.0,6.0,319.0,37.63333333333333,7.0,6.0,320.0,82.78333333333333,8.0,6.0,321.0,233.46666666666667,9.0,6.0,321.25,63.13333333333333,9.0,6.0,321.5,71.06666666666666,9.0,6.0,321.75,73.4,9.0,6.0,322.0,312.03333333333336,10.0
5.0,299.0,173.23333333333332,11.0,5.0,300.0,165.91666666666666,12.0,5.0,301.0,169.91666666666666,13.0,5.0,302.0,220.75,14.0,5.0,303.0,300.6333333333333,15.0,5.0,304.0,361.93333333333334,16.0,5.0,305.0,465.51666666666665,17.0,5.0,306.0,422.96666666666664,18.0,5.0,307.0,417.43333333333334,19.0,5.0,308.0,401.71666666666664,20.0,5.0,309.0,413.8333333333333,21.0,5.0,310.0,407.8,22.0,5.0,311.0,410.2,23.0,6.0,312.0,385.95,0.0,6.0,313.0,223.45,1.0,6.0,314.0,327.6166666666667,2.0,6.0,315.0,297.73333333333335,3.0,6.0,316.0,297.7,4.0,6.0,317.0,163.48333333333332,5.0,6.0,318.0,33.36666666666667,6.0,6.0,319.0,37.63333333333333,7.0,6.0,320.0,82.78333333333333,8.0,6.0,321.0,110.26666666666667,9.0,6.0,322.0,684.9333333333333,10.0,6.0,322.25,191.33333333333334,10.0,6.0,322.5,129.33333333333334,10.0,6.0,322.75,242.53333333333333,10.0,6.0,323.0,371.3666666666667,11.0
5.0,300.0,165.91666666666666,12.0,5.0,301.0,169.91666666666666,13.0,5.0,302.0,220.75,14.0,5.0,303.0,300.6333333333333,15.0,5.0,304.0,361.93333333333334,16.0,5.0,305.0,465.51666666666665,17.0,5.0,306.0,422.96666666666664,18.0,5.0,307.0,417.43333333333334,19.0,5.0,308.0,401.71666666666664,20.0,5.0,309.0,413.8333333333333,21.0,5.0,310.0,407.8,22.0,5.0,311.0,410.2,23.0,6.0,312.0,385.95,0.0,6.0,313.0,223.45,1.0,6.0,314.0,327.6166666666667,2.0,6.0,315.0,297.73333333333335,3.0,6.0,316.0,297.7,4.0,6.0,317.0,163.48333333333332,5.0,6.0,318.0,33.36666666666667,6.0,6.0,319.0,37.63333333333333,7.0,6.0,320.0,82.78333333333333,8.0,6.0,321.0,110.26666666666667,9.0,6.0,322.0,312.03333333333336,10.0,6.0,323.0,360.4,11.0,6.0,323.25,438.93333333333334,11.0,6.0,323.5,411.8,11.0,6.0,323.75,274.3333333333333,11.0,6.0,324.0,300.25,12.0
5.0,301.0,169.91666666666666,13.0,5.0,302.0,220.75,14.0,5.0,303.0,300.6333333333333,15.0,5.0,304.0,361.93333333333334,16.0,5.0,305.0,465.51666666666665,17.0,5.0,306.0,422.96666666666664,18.0,5.0,307.0,417.43333333333334,19.0,5.0,308.0,401.71666666666664,20.0,5.0,309.0,413.8333333333333,21.0,5.0,310.0,407.8,22.0,5.0,311.0,410.2,23.0,6.0,312.0,385.95,0.0,6.0,313.0,223.45,1.0,6.0,314.0,327.6166666666667,2.0,6.0,315.0,297.73333333333335,3.0,6.0,316.0,297.7,4.0,6.0,317.0,163.48333333333332,5.0,6.0,318.0,33.36666666666667,6.0,6.0,319.0,37.63333333333333,7.0,6.0,320.0,82.78333333333333,8.0,6.0,321.0,110.26666666666667,9.0,6.0,322.0,312.03333333333336,10.0,6.0,323.0,371.3666666666667,11.0,6.0,324.0,746.1333333333333,12.0,6.0,324.25,192.2,12.0,6.0,324.5,154.26666666666668,12.0,6.0,324.75,108.4,12.0,6.0,325.0,192.75,13.0
5.0,302.0,220.75,14.0,5.0,303.0,300.6333333333333,15.0,5.0,304.0,361.93333333333334,16.0,5.0,305.0,465.51666666666665,17.0,5.0,306.0,422.96666666666664,18.0,5.0,307.0,417.43333333333334,19.0,5.0,308.0,401.71666666666664,20.0,5.0,309.0,413.8333333333333,21.0,5.0,310.0,407.8,22.0,5.0,311.0,410.2,23.0,6.0,312.0,385.95,0.0,6.0,313.0,223.45,1.0,6.0,314.0,327.6166666666667,2.0,6.0,315.0,297.73333333333335,3.0,6.0,316.0,297.7,4.0,6.0,317.0,163.48333333333332,5.0,6.0,318.0,33.36666666666667,6.0,6.0,319.0,37.63333333333333,7.0,6.0,320.0,82.78333333333333,8.0,6.0,321.0,110.26666666666667,9.0,6.0,322.0,312.03333333333336,10.0,6.0,323.0,371.3666666666667,11.0,6.0,324.0,300.25,12.0,6.0,325.0,123.33333333333333,13.0,6.0,325.25,167.53333333333333,13.0,6.0,325.5,135.13333333333333,13.0,6.0,325.75,345.0,13.0,6.0,326.0,197.68333333333334,14.0
5.0,303.0,300.6333333333333,15.0,5.0,304.0,361.93333333333334,16.0,5.0,305.0,465.51666666666665,17.0,5.0,306.0,422.96666666666664,18.0,5.0,307.0,417.43333333333334,19.0,5.0,308.0,401.71666666666664,20.0,5.0,309.0,413.8333333333333,21.0,5.0,310.0,407.8,22.0,5.0,311.0,410.2,23.0,6.0,312.0,385.95,0.0,6.0,313.0,223.45,1.0,6.0,314.0,327.6166666666667,2.0,6.0,315.0,297.73333333333335,3.0,6.0,316.0,297.7,4.0,6.0,317.0,163.48333333333332,5.0,6.0,318.0,33.36666666666667,6.0,6.0,319.0,37.63333333333333,7.0,6.0,320.0,82.78333333333333,8.0,6.0,321.0,110.26666666666667,9.0,6.0,322.0,312.03333333333336,10.0,6.0,323.0,371.3666666666667,11.0,6.0,324.0,300.25,12.0,6.0,325.0,192.75,13.0,6.0,326.0,148.6,14.0,6.0,326.25,336.6666666666667,14.0,6.0,326.5,259.93333333333334,14.0,6.0,326.75,45.53333333333333,14.0,6.0,327.0,336.5,15.0
5.0,304.0,361.93333333333334,16.0,5.0,305.0,465.51666666666665,17.0,5.0,306.0,422.96666666666664,18.0,5.0,307.0,417.43333333333334,19.0,5.0,308.0,401.71666666666664,20.0,5.0,309.0,413.8333333333333,21.0,5.0,310.0,407.8,22.0,5.0,311.0,410.2,23.0,6.0,312.0,385.95,0.0,6.0,313.0,223.45,1.0,6.0,314.0,327.6166666666667,2.0,6.0,315.0,297.73333333333335,3.0,6.0,316.0,297.7,4.0,6.0,317.0,163.48333333333332,5.0,6.0,318.0,33.36666666666667,6.0,6.0,319.0,37.63333333333333,7.0,6.0,320.0,82.78333333333333,8.0,6.0,321.0,110.26666666666667,9.0,6.0,322.0,312.03333333333336,10.0,6.0,323.0,371.3666666666667,11.0,6.0,324.0,300.25,12.0,6.0,325.0,192.75,13.0,6.0,326.0,197.68333333333334,14.0,6.0,327.0,334.3333333333333,15.0,6.0,327.25,378.8666666666667,15.0,6.0,327.5,286.2,15.0,6.0,327.75,346.6,15.0,6.0,328.0,610.2166666666667,16.0
5.0,305.0,465.51666666666665,17.0,5.0,306.0,422.96666666666664,18.0,5.0,307.0,417.43333333333334,19.0,5.0,308.0,401.71666666666664,20.0,5.0,309.0,413.8333333333333,21.0,5.0,310.0,407.8,22.0,5.0,311.0,410.2,23.0,6.0,312.0,385.95,0.0,6.0,313.0,223.45,1.0,6.0,314.0,327.6166666666667,2.0,6.0,315.0,297.73333333333335,3.0,6.0,316.0,297.7,4.0,6.0,317.0,163.48333333333332,5.0,6.0,318.0,33.36666666666667,6.0,6.0,319.0,37.63333333333333,7.0,6.0,320.0,82.78333333333333,8.0,6.0,321.0,110.26666666666667,9.0,6.0,322.0,312.03333333333336,10.0,6.0,323.0,371.3666666666667,11.0,6.0,324.0,300.25,12.0,6.0,325.0,192.75,13.0,6.0,326.0,197.68333333333334,14.0,6.0,327.0,336.5,15.0,6.0,328.0,354.8666666666667,16.0,6.0,328.25,1109.6,16.0,6.0,328.5,587.8,16.0,6.0,328.75,388.6,16.0,6.0,329.0,416.43333333333334,17.0
5.0,306.0,422.96666666666664,18.0,5.0,307.0,417.43333333333334,19.0,5.0,308.0,401.71666666666664,20.0,5.0,309.0,413.8333333333333,21.0,5.0,310.0,407.8,22.0,5.0,311.0,410.2,23.0,6.0,312.0,385.95,0.0,6.0,313.0,223.45,1.0,6.0,314.0,327.6166666666667,2.0,6.0,315.0,297.73333333333335,3.0,6.0,316.0,297.7,4.0,6.0,317.0,163.48333333333332,5.0,6.0,318.0,33.36666666666667,6.0,6.0,319.0,37.63333333333333,7.0,6.0,320.0,82.78333333333333,8.0,6.0,321.0,110.26666666666667,9.0,6.0,322.0,312.03333333333336,10.0,6.0,323.0,371.3666666666667,11.0,6.0,324.0,300.25,12.0,6.0,325.0,192.75,13.0,6.0,326.0,197.68333333333334,14.0,6.0,327.0,336.5,15.0,6.0,328.0,610.2166666666667,16.0,6.0,329.0,486.0,17.0,6.0,329.25,389.26666666666665,17.0,6.0,329.5,406.8666666666667,17.0,6.0,329.75,383.6,17.0,6.0,330.0,431.78333333333336,18.0
5.0,307.0,417.43333333333334,19.0,5.0,308.0,401.71666666666664,20.0,5.0,309.0,413.8333333333333,21.0,5.0,310.0,407.8,22.0,5.0,311.0,410.2,23.0,6.0,312.0,385.95,0.0,6.0,313.0,223.45,1.0,6.0,314.0,327.6166666666667,2.0,6.0,315.0,297.73333333333335,3.0,6.0,316.0,297.7,4.0,6.0,317.0,163.48333333333332,5.0,6.0,318.0,33.36666666666667,6.0,6.0,319.0,37.63333333333333,7.0,6.0,320.0,82.78333333333333,8.0,6.0,321.0,110.26666666666667,9.0,6.0,322.0,312.03333333333336,10.0,6.0,323.0,371.3666666666667,11.0,6.0,324.0,300.25,12.0,6.0,325.0,192.75,13.0,6.0,326.0,197.68333333333334,14.0,6.0,327.0,336.5,15.0,6.0,328.0,610.2166666666667,16.0,6.0,329.0,416.43333333333334,17.0,6.0,330.0,495.8,18.0,6.0,330.25,420.53333333333336,18.0,6.0,330.5,414.4,18.0,6.0,330.75,396.4,18.0,6.0,331.0,350.96666666666664,19.0
