hour,hour_invocation,hour_of_day,day_of_week
211680,144.0,0,0
211681,300.0,0,0
211682,160.0,0,0
211683,159.0,0,0
211684,176.0,0,0
211685,168.0,0,0
211686,165.0,0,0
211687,139.0,0,0
211688,164.0,0,0
211689,153.0,0,0
211690,171.0,0,0
211691,136.0,0,0
211692,185.0,0,0
211693,212.0,0,0
211694,170.0,0,0
211695,168.0,0,0
211696,197.0,0,0
211697,185.0,0,0
211698,195.0,0,0
211699,184.0,0,0
211700,181.0,0,0
211701,265.0,0,0
211702,216.0,0,0
211703,183.0,0,0
211704,225.0,0,0
211705,190.0,0,0
211706,195.0,0,0
211707,182.0,0,0
211708,147.0,0,0
211709,196.0,0,0
211710,190.0,0,0
211711,219.0,0,0
211712,208.0,0,0
211713,220.0,0,0
211714,202.0,0,0
211715,174.0,0,0
211716,187.0,0,0
211717,217.0,0,0
211718,161.0,0,0
211719,163.0,0,0
211720,175.0,0,0
211721,272.0,0,0
211722,147.0,0,0
211723,190.0,0,0
211724,159.0,0,0
211725,162.0,0,0
211726,194.0,0,0
211727,184.0,0,0
211728,153.0,0,0
211729,183.0,0,0
211730,232.0,0,0
211731,188.0,0,0
211732,201.0,0,0
211733,174.0,0,0
211734,177.0,0,0
211735,166.0,0,0
211736,174.0,0,0
211737,141.0,0,0
211738,166.0,0,0
211739,140.0,0,0
211740,159.0,1,0
211741,172.0,1,0
211742,156.0,1,0
211743,174.0,1,0
211744,244.0,1,0
211745,223.0,1,0
211746,173.0,1,0
211747,188.0,1,0
211748,195.0,1,0
211749,174.0,1,0
211750,150.0,1,0
211751,188.0,1,0
211752,198.0,1,0
211753,218.0,1,0
211754,175.0,1,0
211755,206.0,1,0
211756,245.0,1,0
211757,206.0,1,0
211758,293.0,1,0
211759,162.0,1,0
211760,0.0,1,0
211761,0.0,1,0
211762,0.0,1,0
211763,0.0,1,0
211764,0.0,1,0
211765,0.0,1,0
211766,0.0,1,0
211767,0.0,1,0
211768,0.0,1,0
211769,153.0,1,0
211770,881.0,1,0
211771,845.0,1,0
211772,397.0,1,0
211773,213.0,1,0
211774,148.0,1,0
211775,178.0,1,0
211776,187.0,1,0
211777,173.0,1,0
211778,162.0,1,0
211779,172.0,1,0
211780,155.0,1,0
211781,289.0,1,0
211782,153.0,1,0
211783,216.0,1,0
211784,154.0,1,0
211785,186.0,1,0
211786,189.0,1,0
211787,198.0,1,0
211788,204.0,1,0
211789,218.0,1,0
211790,191.0,1,0
211791,205.0,1,0
211792,163.0,1,0
211793,205.0,1,0
211794,182.0,1,0
211795,162.0,1,0
211796,176.0,1,0
211797,154.0,1,0
211798,176.0,1,0
211799,186.0,1,0
211800,160.0,2,0
211801,312.0,2,0
211802,220.0,2,0
211803,177.0,2,0
211804,184.0,2,0
211805,246.0,2,0
211806,289.0,2,0
211807,259.0,2,0
211808,224.0,2,0
211809,171.0,2,0
211810,217.0,2,0
211811,289.0,2,0
211812,327.0,2,0
211813,266.0,2,0
211814,177.0,2,0
211815,220.0,2,0
211816,306.0,2,0
211817,275.0,2,0
211818,236.0,2,0
211819,207.0,2,0
211820,230.0,2,0
211821,286.0,2,0
211822,338.0,2,0
211823,187.0,2,0
211824,162.0,2,0
211825,176.0,2,0
211826,170.0,2,0
211827,168.0,2,0
211828,197.0,2,0
211829,146.0,2,0
211830,170.0,2,0
211831,198.0,2,0
211832,190.0,2,0
211833,158.0,2,0
211834,194.0,2,0
211835,220.0,2,0
211836,197.0,2,0
211837,160.0,2,0
211838,187.0,2,0
211839,181.0,2,0
211840,174.0,2,0
211841,328.0,2,0
211842,255.0,2,0
211843,192.0,2,0
211844,200.0,2,0
211845,183.0,2,0
211846,235.0,2,0
211847,151.0,2,0
211848,154.0,2,0
211849,177.0,2,0
211850,160.0,2,0
211851,156.0,2,0
211852,154.0,2,0
211853,178.0,2,0
211854,180.0,2,0
211855,219.0,2,0
211856,174.0,2,0
211857,150.0,2,0
211858,154.0,2,0
211859,136.0,2,0
211860,166.0,3,0
211861,223.0,3,0
211862,202.0,3,0
211863,140.0,3,0
211864,182.0,3,0
211865,183.0,3,0
211866,142.0,3,0
211867,195.0,3,0
211868,154.0,3,0
211869,156.0,3,0
211870,170.0,3,0
211871,201.0,3,0
211872,168.0,3,0
211873,167.0,3,0
211874,186.0,3,0
211875,176.0,3,0
211876,202.0,3,0
211877,175.0,3,0
211878,153.0,3,0
211879,158.0,3,0
211880,154.0,3,0
211881,191.0,3,0
211882,228.0,3,0
211883,159.0,3,0
211884,197.0,3,0
211885,159.0,3,0
211886,132.0,3,0
211887,203.0,3,0
211888,178.0,3,0
211889,207.0,3,0
211890,158.0,3,0
211891,195.0,3,0
211892,164.0,3,0
211893,136.0,3,0
211894,185.0,3,0
211895,145.0,3,0
211896,208.0,3,0
211897,160.0,3,0
211898,184.0,3,0
211899,173.0,3,0
211900,155.0,3,0
211901,143.0,3,0
211902,225.0,3,0
211903,164.0,3,0
211904,151.0,3,0
211905,168.0,3,0
211906,212.0,3,0
211907,198.0,3,0
211908,174.0,3,0
211909,186.0,3,0
211910,141.0,3,0
211911,177.0,3,0
211912,181.0,3,0
211913,147.0,3,0
211914,147.0,3,0
211915,138.0,3,0
211916,211.0,3,0
211917,193.0,3,0
211918,175.0,3,0
211919,160.0,3,0
211920,166.0,4,0
211921,182.0,4,0
211922,293.0,4,0
211923,164.0,4,0
211924,140.0,4,0
211925,164.0,4,0
211926,126.0,4,0
211927,158.0,4,0
211928,176.0,4,0
211929,195.0,4,0
211930,135.0,4,0
211931,148.0,4,0
211932,152.0,4,0
211933,161.0,4,0
211934,132.0,4,0
211935,159.0,4,0
211936,168.0,4,0
211937,163.0,4,0
211938,161.0,4,0
211939,133.0,4,0
211940,170.0,4,0
211941,155.0,4,0
211942,270.0,4,0
211943,140.0,4,0
211944,153.0,4,0
211945,185.0,4,0
211946,165.0,4,0
211947,160.0,4,0
211948,150.0,4,0
211949,150.0,4,0
211950,154.0,4,0
211951,153.0,4,0
211952,176.0,4,0
211953,147.0,4,0
211954,151.0,4,0
211955,149.0,4,0
211956,167.0,4,0
211957,155.0,4,0
211958,208.0,4,0
211959,135.0,4,0
211960,144.0,4,0
211961,151.0,4,0
211962,243.0,4,0
211963,156.0,4,0
211964,131.0,4,0
211965,166.0,4,0
211966,155.0,4,0
211967,142.0,4,0
211968,172.0,4,0
211969,181.0,4,0
211970,162.0,4,0
211971,177.0,4,0
211972,174.0,4,0
211973,163.0,4,0
211974,165.0,4,0
211975,180.0,4,0
211976,192.0,4,0
211977,150.0,4,0
211978,160.0,4,0
211979,142.0,4,0
211980,142.0,5,0
211981,150.0,5,0
211982,261.0,5,0
211983,184.0,5,0
211984,159.0,5,0
211985,144.0,5,0
211986,172.0,5,0
211987,184.0,5,0
211988,121.0,5,0
211989,167.0,5,0
211990,165.0,5,0
211991,139.0,5,0
211992,143.0,5,0
211993,153.0,5,0
211994,156.0,5,0
211995,144.0,5,0
211996,159.0,5,0
211997,162.0,5,0
211998,155.0,5,0
211999,126.0,5,0
212000,265.0,5,0
212001,174.0,5,0
212002,161.0,5,0
212003,181.0,5,0
212004,140.0,5,0
212005,136.0,5,0
212006,162.0,5,0
212007,170.0,5,0
212008,168.0,5,0
212009,191.0,5,0
212010,158.0,5,0
212011,166.0,5,0
212012,153.0,5,0
212013,132.0,5,0
212014,174.0,5,0
212015,146.0,5,0
212016,154.0,5,0
212017,210.0,5,0
212018,127.0,5,0
212019,163.0,5,0
212020,269.0,5,0
212021,153.0,5,0
212022,129.0,5,0
212023,151.0,5,0
212024,172.0,5,0
212025,169.0,5,0
212026,147.0,5,0
212027,149.0,5,0
212028,162.0,5,0
212029,133.0,5,0
212030,163.0,5,0
212031,202.0,5,0
212032,175.0,5,0
212033,151.0,5,0
212034,205.0,5,0
212035,154.0,5,0
212036,169.0,5,0
212037,190.0,5,0
212038,150.0,5,0
212039,170.0,5,0
212040,196.0,6,0
212041,278.0,6,0
212042,173.0,6,0
212043,169.0,6,0
212044,156.0,6,0
212045,141.0,6,0
212046,180.0,6,0
212047,132.0,6,0
212048,148.0,6,0
212049,139.0,6,0
212050,149.0,6,0
212051,188.0,6,0
212052,189.0,6,0
212053,164.0,6,0
212054,118.0,6,0
212055,161.0,6,0
212056,166.0,6,0
212057,140.0,6,0
212058,171.0,6,0
212059,156.0,6,0
212060,251.0,6,0
212061,130.0,6,0
212062,159.0,6,0
212063,160.0,6,0
212064,155.0,6,0
212065,146.0,6,0
212066,168.0,6,0
212067,159.0,6,0
212068,116.0,6,0
212069,147.0,6,0
212070,114.0,6,0
212071,170.0,6,0
212072,186.0,6,0
212073,187.0,6,0
212074,185.0,6,0
212075,173.0,6,0
212076,133.0,6,0
212077,145.0,6,0
212078,149.0,6,0
212079,186.0,6,0
212080,122.0,6,0
212081,265.0,6,0
212082,162.0,6,0
212083,203.0,6,0
212084,182.0,6,0
212085,134.0,6,0
212086,134.0,6,0
212087,142.0,6,0
212088,225.0,6,0
212089,148.0,6,0
212090,186.0,6,0
212091,142.0,6,0
212092,252.0,6,0
212093,178.0,6,0
212094,173.0,6,0
212095,182.0,6,0
212096,151.0,6,0
212097,153.0,6,0
212098,127.0,6,0
212099,145.0,6,0
212100,253.0,7,0
212101,186.0,7,0
212102,186.0,7,0
212103,180.0,7,0
212104,163.0,7,0
212105,233.0,7,0
212106,181.0,7,0
212107,170.0,7,0
212108,163.0,7,0
212109,145.0,7,0
212110,164.0,7,0
212111,164.0,7,0
212112,174.0,7,0
212113,214.0,7,0
212114,167.0,7,0
212115,144.0,7,0
212116,214.0,7,0
212117,152.0,7,0
212118,185.0,7,0
212119,169.0,7,0
212120,208.0,7,0
212121,239.0,7,0
212122,160.0,7,0
212123,189.0,7,0
212124,194.0,7,0
212125,159.0,7,0
212126,172.0,7,0
212127,161.0,7,0
212128,132.0,7,0
212129,144.0,7,0
212130,177.0,7,0
212131,144.0,7,0
212132,191.0,7,0
212133,196.0,7,0
212134,170.0,7,0
212135,136.0,7,0
212136,147.0,7,0
212137,163.0,7,0
212138,152.0,7,0
212139,119.0,7,0
212140,171.0,7,0
212141,149.0,7,0
212142,165.0,7,0
212143,187.0,7,0
212144,226.0,7,0
212145,206.0,7,0
212146,213.0,7,0
212147,180.0,7,0
212148,140.0,7,0
212149,159.0,7,0
212150,219.0,7,0
212151,180.0,7,0
212152,172.0,7,0
212153,164.0,7,0
212154,167.0,7,0
212155,149.0,7,0
212156,177.0,7,0
212157,192.0,7,0
212158,163.0,7,0
212159,159.0,7,0
212160,195.0,8,0
212161,237.0,8,0
212162,183.0,8,0
212163,182.0,8,0
212164,227.0,8,0
212165,167.0,8,0
212166,217.0,8,0
212167,142.0,8,0
212168,139.0,8,0
212169,164.0,8,0
212170,118.0,8,0
212171,184.0,8,0
212172,186.0,8,0
212173,171.0,8,0
212174,155.0,8,0
212175,132.0,8,0
212176,186.0,8,0
212177,138.0,8,0
212178,189.0,8,0
212179,165.0,8,0
212180,109.0,8,0
212181,139.0,8,0
212182,171.0,8,0
212183,120.0,8,0
212184,136.0,8,0
212185,174.0,8,0
212186,164.0,8,0
212187,120.0,8,0
212188,120.0,8,0
212189,131.0,8,0
212190,134.0,8,0
212191,182.0,8,0
212192,254.0,8,0
212193,254.0,8,0
212194,262.0,8,0
212195,264.0,8,0
212196,231.0,8,0
212197,197.0,8,0
212198,231.0,8,0
212199,191.0,8,0
212200,266.0,8,0
212201,278.0,8,0
212202,225.0,8,0
212203,150.0,8,0
212204,193.0,8,0
212205,153.0,8,0
212206,190.0,8,0
212207,201.0,8,0
212208,204.0,8,0
212209,185.0,8,0
212210,211.0,8,0
212211,169.0,8,0
212212,143.0,8,0
212213,125.0,8,0
212214,165.0,8,0
212215,146.0,8,0
212216,196.0,8,0
212217,176.0,8,0
212218,147.0,8,0
212219,146.0,8,0
212220,169.0,9,0
212221,258.0,9,0
212222,145.0,9,0
212223,141.0,9,0
212224,186.0,9,0
212225,128.0,9,0
212226,143.0,9,0
212227,118.0,9,0
212228,143.0,9,0
212229,148.0,9,0
212230,228.0,9,0
212231,145.0,9,0
212232,187.0,9,0
212233,167.0,9,0
212234,167.0,9,0
212235,163.0,9,0
212236,198.0,9,0
212237,176.0,9,0
212238,153.0,9,0
212239,175.0,9,0
212240,167.0,9,0
212241,293.0,9,0
212242,172.0,9,0
212243,202.0,9,0
212244,187.0,9,0
212245,180.0,9,0
212246,194.0,9,0
212247,169.0,9,0
212248,175.0,9,0
212249,180.0,9,0
212250,203.0,9,0
212251,153.0,9,0
212252,184.0,9,0
212253,175.0,9,0
212254,259.0,9,0
212255,171.0,9,0
212256,208.0,9,0
212257,183.0,9,0
212258,198.0,9,0
212259,208.0,9,0
212260,218.0,9,0
212261,287.0,9,0
212262,176.0,9,0
212263,171.0,9,0
212264,197.0,9,0
212265,184.0,9,0
212266,213.0,9,0
212267,165.0,9,0
212268,228.0,9,0
212269,201.0,9,0
212270,233.0,9,0
212271,195.0,9,0
212272,184.0,9,0
212273,181.0,9,0
212274,175.0,9,0
212275,161.0,9,0
212276,191.0,9,0
212277,215.0,9,0
212278,233.0,9,0
212279,190.0,9,0
212280,224.0,10,0
212281,329.0,10,0
212282,184.0,10,0
212283,169.0,10,0
212284,200.0,10,0
212285,197.0,10,0
212286,321.0,10,0
212287,205.0,10,0
212288,304.0,10,0
212289,206.0,10,0
212290,368.0,10,0
212291,235.0,10,0
212292,404.0,10,0
212293,278.0,10,0
212294,457.0,10,0
212295,271.0,10,0
212296,374.0,10,0
212297,226.0,10,0
212298,293.0,10,0
212299,262.0,10,0
212300,260.0,10,0
212301,377.0,10,0
212302,297.0,10,0
212303,282.0,10,0
212304,292.0,10,0
212305,274.0,10,0
212306,298.0,10,0
212307,304.0,10,0
212308,326.0,10,0
212309,266.0,10,0
212310,332.0,10,0
212311,247.0,10,0
212312,289.0,10,0
212313,212.0,10,0
212314,300.0,10,0
212315,244.0,10,0
212316,280.0,10,0
212317,310.0,10,0
212318,352.0,10,0
212319,310.0,10,0
212320,356.0,10,0
212321,402.0,10,0
212322,273.0,10,0
212323,205.0,10,0
212324,253.0,10,0
212325,217.0,10,0
212326,291.0,10,0
212327,247.0,10,0
212328,319.0,10,0
212329,239.0,10,0
212330,339.0,10,0
212331,247.0,10,0
212332,301.0,10,0
212333,278.0,10,0
212334,302.0,10,0
212335,255.0,10,0
212336,287.0,10,0
212337,187.0,10,0
212338,256.0,10,0
212339,166.0,10,0
212340,282.0,11,0
212341,202.0,11,0
212342,322.0,11,0
212343,266.0,11,0
212344,519.0,11,0
212345,376.0,11,0
212346,441.0,11,0
212347,286.0,11,0
212348,606.0,11,0
212349,333.0,11,0
212350,519.0,11,0
212351,248.0,11,0
212352,647.0,11,0
212353,320.0,11,0
212354,498.0,11,0
212355,231.0,11,0
212356,375.0,11,0
212357,202.0,11,0
212358,340.0,11,0
212359,329.0,11,0
212360,320.0,11,0
212361,377.0,11,0
212362,279.0,11,0
212363,237.0,11,0
212364,374.0,11,0
212365,204.0,11,0
212366,243.0,11,0
212367,190.0,11,0
212368,245.0,11,0
212369,206.0,11,0
212370,266.0,11,0
212371,229.0,11,0
212372,266.0,11,0
212373,210.0,11,0
212374,314.0,11,0
212375,229.0,11,0
212376,277.0,11,0
212377,236.0,11,0
212378,304.0,11,0
212379,231.0,11,0
212380,292.0,11,0
212381,212.0,11,0
212382,376.0,11,0
212383,202.0,11,0
212384,309.0,11,0
212385,212.0,11,0
212386,320.0,11,0
212387,251.0,11,0
212388,302.0,11,0
212389,204.0,11,0
212390,276.0,11,0
212391,195.0,11,0
212392,306.0,11,0
212393,216.0,11,0
212394,245.0,11,0
212395,192.0,11,0
212396,266.0,11,0
212397,231.0,11,0
212398,285.0,11,0
212399,214.0,11,0
212400,284.0,12,0
212401,239.0,12,0
212402,295.0,12,0
212403,147.0,12,0
212404,417.0,12,0
212405,257.0,12,0
212406,436.0,12,0
212407,339.0,12,0
212408,404.0,12,0
212409,267.0,12,0
212410,533.0,12,0
212411,226.0,12,0
212412,566.0,12,0
212413,264.0,12,0
212414,543.0,12,0
212415,201.0,12,0
212416,279.0,12,0
212417,169.0,12,0
212418,277.0,12,0
212419,169.0,12,0
212420,238.0,12,0
212421,204.0,12,0
212422,322.0,12,0
212423,211.0,12,0
212424,319.0,12,0
212425,183.0,12,0
212426,320.0,12,0
212427,148.0,12,0
212428,358.0,12,0
212429,154.0,12,0
212430,247.0,12,0
212431,197.0,12,0
212432,291.0,12,0
212433,200.0,12,0
212434,277.0,12,0
212435,167.0,12,0
212436,276.0,12,0
212437,169.0,12,0
212438,288.0,12,0
212439,161.0,12,0
212440,316.0,12,0
212441,156.0,12,0
212442,301.0,12,0
212443,147.0,12,0
212444,245.0,12,0
212445,201.0,12,0
212446,280.0,12,0
212447,201.0,12,0
212448,330.0,12,0
212449,217.0,12,0
212450,267.0,12,0
212451,147.0,12,0
212452,272.0,12,0
212453,181.0,12,0
212454,288.0,12,0
212455,188.0,12,0
212456,277.0,12,0
212457,192.0,12,0
212458,287.0,12,0
212459,128.0,12,0
212460,294.0,13,0
212461,174.0,13,0
212462,264.0,13,0
212463,192.0,13,0
212464,436.0,13,0
212465,437.0,13,0
212466,410.0,13,0
212467,342.0,13,0
212468,465.0,13,0
212469,264.0,13,0
212470,423.0,13,0
212471,214.0,13,0
212472,502.0,13,0
212473,207.0,13,0
212474,502.0,13,0
212475,215.0,13,0
212476,299.0,13,0
212477,236.0,13,0
212478,372.0,13,0
212479,260.0,13,0
212480,332.0,13,0
212481,276.0,13,0
212482,351.0,13,0
212483,222.0,13,0
212484,273.0,13,0
212485,216.0,13,0
212486,276.0,13,0
212487,197.0,13,0
212488,229.0,13,0
212489,182.0,13,0
212490,200.0,13,0
212491,170.0,13,0
212492,195.0,13,0
212493,171.0,13,0
212494,243.0,13,0
212495,191.0,13,0
212496,182.0,13,0
212497,196.0,13,0
212498,206.0,13,0
212499,147.0,13,0
212500,207.0,13,0
212501,152.0,13,0
212502,301.0,13,0
212503,174.0,13,0
212504,238.0,13,0
212505,154.0,13,0
212506,202.0,13,0
212507,160.0,13,0
212508,171.0,13,0
212509,200.0,13,0
212510,181.0,13,0
212511,172.0,13,0
212512,190.0,13,0
212513,163.0,13,0
212514,182.0,13,0
212515,158.0,13,0
212516,284.0,13,0
212517,163.0,13,0
212518,184.0,13,0
212519,180.0,13,0
212520,172.0,14,0
212521,169.0,14,0
212522,152.0,14,0
212523,181.0,14,0
212524,453.0,14,0
212525,303.0,14,0
212526,504.0,14,0
212527,337.0,14,0
212528,483.0,14,0
212529,238.0,14,0
212530,472.0,14,0
212531,234.0,14,0
212532,375.0,14,0
212533,226.0,14,0
212534,336.0,14,0
212535,187.0,14,0
212536,286.0,14,0
212537,236.0,14,0
212538,247.0,14,0
212539,194.0,14,0
212540,240.0,14,0
212541,161.0,14,0
212542,235.0,14,0
212543,224.0,14,0
212544,254.0,14,0
212545,174.0,14,0
212546,210.0,14,0
212547,159.0,14,0
212548,225.0,14,0
212549,173.0,14,0
212550,220.0,14,0
212551,145.0,14,0
212552,194.0,14,0
212553,133.0,14,0
212554,197.0,14,0
212555,190.0,14,0
212556,185.0,14,0
212557,158.0,14,0
212558,217.0,14,0
212559,140.0,14,0
212560,290.0,14,0
212561,175.0,14,0
212562,232.0,14,0
212563,173.0,14,0
212564,209.0,14,0
212565,149.0,14,0
212566,219.0,14,0
212567,181.0,14,0
212568,196.0,14,0
212569,177.0,14,0
212570,237.0,14,0
212571,180.0,14,0
212572,216.0,14,0
212573,146.0,14,0
212574,231.0,14,0
212575,158.0,14,0
212576,189.0,14,0
212577,144.0,14,0
212578,249.0,14,0
212579,184.0,14,0
212580,220.0,15,0
212581,166.0,15,0
212582,206.0,15,0
212583,152.0,15,0
212584,421.0,15,0
212585,529.0,15,0
212586,469.0,15,0
212587,428.0,15,0
212588,458.0,15,0
212589,248.0,15,0
212590,375.0,15,0
212591,286.0,15,0
212592,381.0,15,0
212593,220.0,15,0
212594,296.0,15,0
212595,161.0,15,0
212596,258.0,15,0
212597,182.0,15,0
212598,211.0,15,0
212599,238.0,15,0
212600,258.0,15,0
212601,261.0,15,0
212602,205.0,15,0
212603,190.0,15,0
212604,232.0,15,0
212605,133.0,15,0
212606,200.0,15,0
212607,174.0,15,0
212608,232.0,15,0
212609,222.0,15,0
212610,286.0,15,0
212611,206.0,15,0
212612,214.0,15,0
212613,200.0,15,0
212614,300.0,15,0
212615,193.0,15,0
212616,210.0,15,0
212617,173.0,15,0
212618,217.0,15,0
212619,173.0,15,0
212620,261.0,15,0
212621,151.0,15,0
212622,190.0,15,0
212623,177.0,15,0
212624,209.0,15,0
212625,145.0,15,0
212626,198.0,15,0
212627,154.0,15,0
212628,181.0,15,0
212629,211.0,15,0
212630,210.0,15,0
212631,151.0,15,0
212632,192.0,15,0
212633,180.0,15,0
212634,215.0,15,0
212635,177.0,15,0
212636,193.0,15,0
212637,161.0,15,0
212638,229.0,15,0
212639,155.0,15,0
212640,333.0,16,0
212641,194.0,16,0
212642,264.0,16,0
212643,208.0,16,0
212644,379.0,16,0
212645,292.0,16,0
212646,387.0,16,0
212647,336.0,16,0
212648,426.0,16,0
212649,341.0,16,0
212650,404.0,16,0
212651,397.0,16,0
212652,306.0,16,0
212653,401.0,16,0
212654,422.0,16,0
212655,270.0,16,0
212656,411.0,16,0
212657,208.0,16,0
212658,322.0,16,0
212659,168.0,16,0
212660,310.0,16,0
212661,245.0,16,0
212662,212.0,16,0
212663,200.0,16,0
212664,272.0,16,0
212665,216.0,16,0
212666,295.0,16,0
212667,202.0,16,0
212668,224.0,16,0
212669,216.0,16,0
212670,219.0,16,0
212671,172.0,16,0
212672,242.0,16,0
212673,220.0,16,0
212674,250.0,16,0
212675,235.0,16,0
212676,255.0,16,0
212677,189.0,16,0
212678,319.0,16,0
212679,269.0,16,0
212680,370.0,16,0
212681,279.0,16,0
212682,256.0,16,0
212683,245.0,16,0
212684,357.0,16,0
212685,190.0,16,0
212686,210.0,16,0
212687,200.0,16,0
212688,282.0,16,0
212689,214.0,16,0
212690,289.0,16,0
212691,232.0,16,0
212692,280.0,16,0
212693,196.0,16,0
212694,257.0,16,0
212695,191.0,16,0
212696,268.0,16,0
212697,181.0,16,0
212698,243.0,16,0
212699,197.0,16,0
212700,222.0,17,0
212701,212.0,17,0
212702,269.0,17,0
212703,193.0,17,0
212704,255.0,17,0
212705,354.0,17,0
212706,345.0,17,0
212707,380.0,17,0
212708,337.0,17,0
212709,373.0,17,0
212710,406.0,17,0
212711,388.0,17,0
212712,320.0,17,0
212713,432.0,17,0
212714,287.0,17,0
212715,364.0,17,0
212716,365.0,17,0
212717,485.0,17,0
212718,353.0,17,0
212719,368.0,17,0
212720,286.0,17,0
212721,216.0,17,0
212722,258.0,17,0
212723,194.0,17,0
212724,284.0,17,0
212725,206.0,17,0
212726,280.0,17,0
212727,185.0,17,0
212728,250.0,17,0
212729,189.0,17,0
212730,253.0,17,0
212731,181.0,17,0
212732,296.0,17,0
212733,249.0,17,0
212734,281.0,17,0
212735,176.0,17,0
212736,287.0,17,0
212737,229.0,17,0
212738,260.0,17,0
212739,185.0,17,0
212740,250.0,17,0
212741,262.0,17,0
212742,212.0,17,0
212743,202.0,17,0
212744,250.0,17,0
212745,194.0,17,0
212746,254.0,17,0
212747,192.0,17,0
212748,255.0,17,0
212749,257.0,17,0
212750,248.0,17,0
212751,233.0,17,0
212752,244.0,17,0
212753,168.0,17,0
212754,240.0,17,0
212755,172.0,17,0
212756,264.0,17,0
212757,246.0,17,0
212758,272.0,17,0
212759,229.0,17,0
212760,253.0,18,0
212761,306.0,18,0
212762,244.0,18,0
212763,242.0,18,0
212764,306.0,18,0
212765,381.0,18,0
212766,273.0,18,0
212767,356.0,18,0
212768,332.0,18,0
212769,405.0,18,0
212770,297.0,18,0
212771,361.0,18,0
212772,287.0,18,0
212773,385.0,18,0
212774,321.0,18,0
212775,343.0,18,0
212776,319.0,18,0
212777,403.0,18,0
212778,244.0,18,0
212779,243.0,18,0
212780,292.0,18,0
212781,352.0,18,0
212782,228.0,18,0
212783,211.0,18,0
212784,264.0,18,0
212785,217.0,18,0
212786,216.0,18,0
212787,195.0,18,0
212788,234.0,18,0
212789,197.0,18,0
212790,201.0,18,0
212791,193.0,18,0
212792,262.0,18,0
212793,272.0,18,0
212794,232.0,18,0
212795,278.0,18,0
212796,169.0,18,0
212797,285.0,18,0
212798,233.0,18,0
212799,214.0,18,0
212800,279.0,18,0
212801,313.0,18,0
212802,230.0,18,0
212803,285.0,18,0
212804,234.0,18,0
212805,334.0,18,0
212806,239.0,18,0
212807,290.0,18,0
212808,246.0,18,0
212809,309.0,18,0
212810,166.0,18,0
212811,253.0,18,0
212812,177.0,18,0
212813,237.0,18,0
212814,182.0,18,0
212815,229.0,18,0
212816,186.0,18,0
212817,213.0,18,0
212818,156.0,18,0
212819,244.0,18,0
212820,163.0,19,0
212821,328.0,19,0
212822,169.0,19,0
212823,295.0,19,0
212824,224.0,19,0
212825,252.0,19,0
212826,190.0,19,0
212827,350.0,19,0
212828,248.0,19,0
212829,607.0,19,0
212830,236.0,19,0
212831,528.0,19,0
212832,220.0,19,0
212833,352.0,19,0
212834,200.0,19,0
212835,478.0,19,0
212836,216.0,19,0
212837,520.0,19,0
212838,238.0,19,0
212839,424.0,19,0
212840,275.0,19,0
212841,448.0,19,0
212842,222.0,19,0
212843,315.0,19,0
212844,224.0,19,0
212845,301.0,19,0
212846,186.0,19,0
212847,256.0,19,0
212848,155.0,19,0
212849,264.0,19,0
212850,177.0,19,0
212851,286.0,19,0
212852,216.0,19,0
212853,287.0,19,0
212854,232.0,19,0
212855,258.0,19,0
212856,214.0,19,0
212857,267.0,19,0
212858,231.0,19,0
212859,288.0,19,0
212860,214.0,19,0
212861,382.0,19,0
212862,197.0,19,0
212863,270.0,19,0
212864,209.0,19,0
212865,354.0,19,0
212866,205.0,19,0
212867,236.0,19,0
212868,220.0,19,0
212869,267.0,19,0
212870,209.0,19,0
212871,254.0,19,0
212872,171.0,19,0
212873,213.0,19,0
212874,158.0,19,0
212875,267.0,19,0
212876,214.0,19,0
212877,218.0,19,0
212878,165.0,19,0
212879,246.0,19,0
212880,231.0,20,0
212881,300.0,20,0
212882,231.0,20,0
212883,220.0,20,0
212884,187.0,20,0
212885,252.0,20,0
212886,186.0,20,0
212887,392.0,20,0
212888,246.0,20,0
212889,574.0,20,0
212890,253.0,20,0
212891,541.0,20,0
212892,239.0,20,0
212893,521.0,20,0
212894,189.0,20,0
212895,483.0,20,0
212896,227.0,20,0
212897,496.0,20,0
212898,220.0,20,0
212899,369.0,20,0
212900,239.0,20,0
212901,386.0,20,0
212902,203.0,20,0
212903,243.0,20,0
212904,152.0,20,0
212905,214.0,20,0
212906,166.0,20,0
212907,192.0,20,0
212908,142.0,20,0
212909,253.0,20,0
212910,189.0,20,0
212911,214.0,20,0
212912,168.0,20,0
212913,291.0,20,0
212914,202.0,20,0
212915,335.0,20,0
212916,159.0,20,0
212917,246.0,20,0
212918,216.0,20,0
212919,267.0,20,0
212920,175.0,20,0
212921,281.0,20,0
212922,190.0,20,0
212923,234.0,20,0
212924,183.0,20,0
212925,214.0,20,0
212926,302.0,20,0
212927,218.0,20,0
212928,152.0,20,0
212929,195.0,20,0
212930,168.0,20,0
212931,223.0,20,0
212932,170.0,20,0
212933,182.0,20,0
212934,169.0,20,0
212935,197.0,20,0
212936,164.0,20,0
212937,161.0,20,0
212938,156.0,20,0
212939,192.0,20,0
212940,192.0,21,0
212941,303.0,21,0
212942,152.0,21,0
212943,177.0,21,0
212944,187.0,21,0
212945,184.0,21,0
212946,176.0,21,0
212947,196.0,21,0
212948,171.0,21,0
212949,165.0,21,0
212950,145.0,21,0
212951,169.0,21,0
212952,147.0,21,0
212953,203.0,21,0
212954,190.0,21,0
212955,217.0,21,0
212956,156.0,21,0
212957,215.0,21,0
212958,198.0,21,0
212959,260.0,21,0
212960,172.0,21,0
212961,301.0,21,0
212962,153.0,21,0
212963,204.0,21,0
212964,189.0,21,0
212965,210.0,21,0
212966,130.0,21,0
212967,207.0,21,0
212968,149.0,21,0
212969,207.0,21,0
212970,163.0,21,0
212971,279.0,21,0
212972,196.0,21,0
212973,230.0,21,0
212974,204.0,21,0
212975,197.0,21,0
212976,178.0,21,0
212977,155.0,21,0
212978,237.0,21,0
212979,231.0,21,0
212980,148.0,21,0
212981,369.0,21,0
212982,186.0,21,0
212983,212.0,21,0
212984,205.0,21,0
212985,236.0,21,0
212986,202.0,21,0
212987,198.0,21,0
212988,223.0,21,0
212989,247.0,21,0
212990,183.0,21,0
212991,226.0,21,0
212992,203.0,21,0
212993,224.0,21,0
212994,207.0,21,0
212995,230.0,21,0
212996,200.0,21,0
212997,210.0,21,0
212998,178.0,21,0
212999,210.0,21,0
213000,184.0,22,0
213001,277.0,22,0
213002,177.0,22,0
213003,174.0,22,0
213004,230.0,22,0
213005,191.0,22,0
213006,171.0,22,0
213007,215.0,22,0
213008,228.0,22,0
213009,173.0,22,0
213010,142.0,22,0
213011,186.0,22,0
213012,84.0,22,0
213013,0.0,22,0
213014,1.0,22,0
213015,0.0,22,0
213016,0.0,22,0
213017,0.0,22,0
213018,0.0,22,0
213019,0.0,22,0
213020,0.0,22,0
213021,2.0,22,0
213022,424.0,22,0
213023,920.0,22,0
213024,806.0,22,0
213025,180.0,22,0
213026,194.0,22,0
213027,226.0,22,0
213028,190.0,22,0
213029,200.0,22,0
213030,168.0,22,0
213031,173.0,22,0
213032,174.0,22,0
213033,178.0,22,0
213034,192.0,22,0
213035,197.0,22,0
213036,161.0,22,0
213037,188.0,22,0
213038,177.0,22,0
213039,160.0,22,0
213040,190.0,22,0
213041,195.0,22,0
213042,256.0,22,0
213043,183.0,22,0
213044,170.0,22,0
213045,193.0,22,0
213046,265.0,22,0
213047,225.0,22,0
213048,141.0,22,0
213049,200.0,22,0
213050,188.0,22,0
213051,188.0,22,0
213052,154.0,22,0
213053,175.0,22,0
213054,195.0,22,0
213055,217.0,22,0
213056,198.0,22,0
213057,224.0,22,0
213058,159.0,22,0
213059,192.0,22,0
213060,165.0,23,0
213061,190.0,23,0
213062,281.0,23,0
213063,207.0,23,0
213064,204.0,23,0
213065,222.0,23,0
213066,178.0,23,0
213067,201.0,23,0
213068,187.0,23,0
213069,208.0,23,0
213070,161.0,23,0
213071,185.0,23,0
213072,197.0,23,0
213073,161.0,23,0
213074,224.0,23,0
213075,231.0,23,0
213076,198.0,23,0
213077,193.0,23,0
213078,171.0,23,0
213079,173.0,23,0
213080,172.0,23,0
213081,201.0,23,0
213082,288.0,23,0
213083,187.0,23,0
213084,186.0,23,0
213085,188.0,23,0
213086,151.0,23,0
213087,159.0,23,0
213088,164.0,23,0
213089,172.0,23,0
213090,554.0,23,0
213091,1016.0,23,0
213092,758.0,23,0
213093,203.0,23,0
213094,174.0,23,0
213095,156.0,23,0
213096,174.0,23,0
213097,237.0,23,0
213098,196.0,23,0
213099,166.0,23,0
213100,180.0,23,0
213101,172.0,23,0
213102,195.0,23,0
213103,256.0,23,0
213104,233.0,23,0
213105,262.0,23,0
213106,203.0,23,0
213107,233.0,23,0
213108,184.0,23,0
213109,198.0,23,0
213110,164.0,23,0
213111,189.0,23,0
213112,182.0,23,0
213113,172.0,23,0
213114,172.0,23,0
213115,140.0,23,0
213116,197.0,23,0
213117,185.0,23,0
213118,149.0,23,0
213119,149.0,23,0
213120,161.0,0,1
213121,187.0,0,1
213122,300.0,0,1
213123,158.0,0,1
213124,154.0,0,1
213125,141.0,0,1
213126,159.0,0,1
213127,213.0,0,1
213128,177.0,0,1
213129,210.0,0,1
213130,190.0,0,1
213131,187.0,0,1
213132,176.0,0,1
213133,197.0,0,1
213134,184.0,0,1
213135,173.0,0,1
213136,185.0,0,1
213137,181.0,0,1
213138,188.0,0,1
213139,175.0,0,1
213140,280.0,0,1
213141,182.0,0,1
213142,166.0,0,1
213143,208.0,0,1
213144,166.0,0,1
213145,191.0,0,1
213146,169.0,0,1
213147,174.0,0,1
213148,186.0,0,1
213149,168.0,0,1
213150,127.0,0,1
213151,131.0,0,1
213152,178.0,0,1
213153,181.0,0,1
213154,172.0,0,1
213155,180.0,0,1
213156,175.0,0,1
213157,152.0,0,1
213158,133.0,0,1
213159,138.0,0,1
213160,217.0,0,1
213161,142.0,0,1
213162,140.0,0,1
213163,162.0,0,1
213164,143.0,0,1
213165,155.0,0,1
213166,149.0,0,1
213167,181.0,0,1
213168,144.0,0,1
213169,146.0,0,1
213170,151.0,0,1
213171,136.0,0,1
213172,140.0,0,1
213173,162.0,0,1
213174,149.0,0,1
213175,149.0,0,1
213176,129.0,0,1
213177,168.0,0,1
213178,141.0,0,1
213179,165.0,0,1
213180,171.0,1,1
213181,143.0,1,1
213182,185.0,1,1
213183,191.0,1,1
213184,260.0,1,1
213185,259.0,1,1
213186,195.0,1,1
213187,196.0,1,1
213188,203.0,1,1
213189,196.0,1,1
213190,195.0,1,1
213191,203.0,1,1
213192,190.0,1,1
213193,197.0,1,1
213194,173.0,1,1
213195,189.0,1,1
213196,193.0,1,1
213197,198.0,1,1
213198,203.0,1,1
213199,158.0,1,1
213200,285.0,1,1
213201,224.0,1,1
213202,186.0,1,1
213203,229.0,1,1
213204,220.0,1,1
213205,182.0,1,1
213206,197.0,1,1
213207,202.0,1,1
213208,212.0,1,1
213209,184.0,1,1
213210,162.0,1,1
213211,196.0,1,1
213212,192.0,1,1
213213,151.0,1,1
213214,207.0,1,1
213215,171.0,1,1
213216,213.0,1,1
213217,201.0,1,1
213218,160.0,1,1
213219,204.0,1,1
213220,226.0,1,1
213221,253.0,1,1
213222,153.0,1,1
213223,207.0,1,1
213224,158.0,1,1
213225,185.0,1,1
213226,183.0,1,1
213227,143.0,1,1
213228,151.0,1,1
213229,171.0,1,1
213230,200.0,1,1
213231,169.0,1,1
213232,147.0,1,1
213233,168.0,1,1
213234,186.0,1,1
213235,156.0,1,1
213236,172.0,1,1
213237,174.0,1,1
213238,153.0,1,1
213239,166.0,1,1
213240,236.0,2,1
213241,177.0,2,1
213242,134.0,2,1
213243,138.0,2,1
213244,185.0,2,1
213245,158.0,2,1
213246,195.0,2,1
213247,139.0,2,1
213248,191.0,2,1
213249,182.0,2,1
213250,167.0,2,1
213251,206.0,2,1
213252,152.0,2,1
213253,171.0,2,1
213254,184.0,2,1
213255,188.0,2,1
213256,182.0,2,1
213257,166.0,2,1
213258,202.0,2,1
213259,143.0,2,1
213260,196.0,2,1
213261,303.0,2,1
213262,185.0,2,1
213263,169.0,2,1
213264,152.0,2,1
213265,192.0,2,1
213266,192.0,2,1
213267,173.0,2,1
213268,204.0,2,1
213269,183.0,2,1
213270,164.0,2,1
213271,266.0,2,1
213272,166.0,2,1
213273,158.0,2,1
213274,171.0,2,1
213275,149.0,2,1
213276,169.0,2,1
213277,214.0,2,1
213278,149.0,2,1
213279,169.0,2,1
213280,163.0,2,1
213281,254.0,2,1
213282,155.0,2,1
213283,168.0,2,1
213284,192.0,2,1
213285,160.0,2,1
213286,172.0,2,1
213287,172.0,2,1
213288,172.0,2,1
213289,230.0,2,1
213290,201.0,2,1
213291,216.0,2,1
213292,178.0,2,1
213293,207.0,2,1
213294,184.0,2,1
213295,222.0,2,1
213296,180.0,2,1
213297,193.0,2,1
213298,159.0,2,1
213299,176.0,2,1
213300,107.0,3,1
213301,180.0,3,1
213302,170.0,3,1
213303,194.0,3,1
213304,172.0,3,1
213305,186.0,3,1
213306,185.0,3,1
213307,184.0,3,1
213308,163.0,3,1
213309,187.0,3,1
213310,180.0,3,1
213311,229.0,3,1
213312,161.0,3,1
213313,131.0,3,1
213314,121.0,3,1
213315,149.0,3,1
213316,132.0,3,1
213317,142.0,3,1
213318,125.0,3,1
213319,150.0,3,1
213320,142.0,3,1
213321,232.0,3,1
213322,98.0,3,1
213323,125.0,3,1
213324,138.0,3,1
213325,126.0,3,1
213326,105.0,3,1
213327,150.0,3,1
213328,151.0,3,1
213329,124.0,3,1
213330,151.0,3,1
213331,191.0,3,1
213332,186.0,3,1
213333,153.0,3,1
213334,175.0,3,1
213335,119.0,3,1
213336,153.0,3,1
213337,135.0,3,1
213338,133.0,3,1
213339,162.0,3,1
213340,142.0,3,1
213341,219.0,3,1
213342,123.0,3,1
213343,141.0,3,1
213344,138.0,3,1
213345,132.0,3,1
213346,119.0,3,1
213347,127.0,3,1
213348,129.0,3,1
213349,154.0,3,1
213350,114.0,3,1
213351,140.0,3,1
213352,147.0,3,1
213353,126.0,3,1
213354,152.0,3,1
213355,121.0,3,1
213356,147.0,3,1
213357,175.0,3,1
213358,122.0,3,1
213359,131.0,3,1
213360,135.0,4,1
213361,198.0,4,1
213362,134.0,4,1
213363,112.0,4,1
213364,155.0,4,1
213365,136.0,4,1
213366,145.0,4,1
213367,159.0,4,1
213368,106.0,4,1
213369,154.0,4,1
213370,144.0,4,1
213371,155.0,4,1
213372,146.0,4,1
213373,166.0,4,1
213374,138.0,4,1
213375,134.0,4,1
213376,143.0,4,1
213377,121.0,4,1
213378,138.0,4,1
213379,122.0,4,1
213380,122.0,4,1
213381,234.0,4,1
213382,143.0,4,1
213383,158.0,4,1
213384,130.0,4,1
213385,116.0,4,1
213386,175.0,4,1
213387,126.0,4,1
213388,133.0,4,1
213389,142.0,4,1
213390,140.0,4,1
213391,146.0,4,1
213392,117.0,4,1
213393,143.0,4,1
213394,162.0,4,1
213395,162.0,4,1
213396,145.0,4,1
213397,200.0,4,1
213398,143.0,4,1
213399,128.0,4,1
213400,118.0,4,1
213401,150.0,4,1
213402,162.0,4,1
213403,91.0,4,1
213404,118.0,4,1
213405,119.0,4,1
213406,138.0,4,1
213407,133.0,4,1
213408,113.0,4,1
213409,141.0,4,1
213410,129.0,4,1
213411,112.0,4,1
213412,124.0,4,1
213413,127.0,4,1
213414,124.0,4,1
213415,141.0,4,1
213416,124.0,4,1
213417,130.0,4,1
213418,161.0,4,1
213419,146.0,4,1
213420,140.0,5,1
213421,176.0,5,1
213422,194.0,5,1
213423,135.0,5,1
213424,143.0,5,1
213425,145.0,5,1
213426,142.0,5,1
213427,134.0,5,1
213428,114.0,5,1
213429,162.0,5,1
213430,108.0,5,1
213431,58.0,5,1
213432,61.0,5,1
213433,96.0,5,1
213434,94.0,5,1
213435,107.0,5,1
213436,121.0,5,1
213437,96.0,5,1
213438,92.0,5,1
213439,108.0,5,1
213440,86.0,5,1
213441,123.0,5,1
213442,174.0,5,1
213443,113.0,5,1
213444,108.0,5,1
213445,121.0,5,1
213446,127.0,5,1
213447,121.0,5,1
213448,110.0,5,1
213449,133.0,5,1
213450,106.0,5,1
213451,125.0,5,1
213452,107.0,5,1
213453,86.0,5,1
213454,103.0,5,1
213455,118.0,5,1
213456,123.0,5,1
213457,139.0,5,1
213458,127.0,5,1
213459,110.0,5,1
213460,125.0,5,1
213461,121.0,5,1
213462,104.0,5,1
213463,140.0,5,1
213464,89.0,5,1
213465,121.0,5,1
213466,103.0,5,1
213467,104.0,5,1
213468,130.0,5,1
213469,116.0,5,1
213470,148.0,5,1
213471,108.0,5,1
213472,112.0,5,1
213473,134.0,5,1
213474,102.0,5,1
213475,141.0,5,1
213476,127.0,5,1
213477,120.0,5,1
213478,104.0,5,1
213479,111.0,5,1
213480,130.0,6,1
213481,152.0,6,1
213482,174.0,6,1
213483,87.0,6,1
213484,128.0,6,1
213485,123.0,6,1
213486,113.0,6,1
213487,105.0,6,1
213488,51.0,6,1
213489,126.0,6,1
213490,102.0,6,1
213491,117.0,6,1
213492,114.0,6,1
213493,105.0,6,1
213494,124.0,6,1
213495,119.0,6,1
213496,126.0,6,1
213497,96.0,6,1
213498,117.0,6,1
213499,99.0,6,1
213500,104.0,6,1
213501,89.0,6,1
213502,121.0,6,1
213503,111.0,6,1
213504,89.0,6,1
213505,109.0,6,1
213506,92.0,6,1
213507,114.0,6,1
213508,134.0,6,1
213509,107.0,6,1
213510,103.0,6,1
213511,122.0,6,1
213512,133.0,6,1
213513,86.0,6,1
213514,91.0,6,1
213515,94.0,6,1
213516,107.0,6,1
213517,112.0,6,1
213518,114.0,6,1
213519,120.0,6,1
213520,97.0,6,1
213521,136.0,6,1
213522,192.0,6,1
213523,109.0,6,1
213524,134.0,6,1
213525,127.0,6,1
213526,79.0,6,1
213527,127.0,6,1
213528,132.0,6,1
213529,130.0,6,1
213530,98.0,6,1
213531,138.0,6,1
213532,117.0,6,1
213533,125.0,6,1
213534,132.0,6,1
213535,123.0,6,1
213536,146.0,6,1
213537,104.0,6,1
213538,127.0,6,1
213539,133.0,6,1
213540,126.0,7,1
213541,144.0,7,1
213542,187.0,7,1
213543,156.0,7,1
213544,142.0,7,1
213545,145.0,7,1
213546,133.0,7,1
213547,138.0,7,1
213548,118.0,7,1
213549,192.0,7,1
213550,146.0,7,1
213551,136.0,7,1
213552,96.0,7,1
213553,0.0,7,1
213554,0.0,7,1
213555,2.0,7,1
213556,0.0,7,1
213557,2.0,7,1
213558,0.0,7,1
213559,0.0,7,1
213560,0.0,7,1
213561,0.0,7,1
213562,209.0,7,1
213563,239.0,7,1
213564,300.0,7,1
213565,279.0,7,1
213566,354.0,7,1
213567,309.0,7,1
213568,308.0,7,1
213569,298.0,7,1
213570,181.0,7,1
213571,147.0,7,1
213572,101.0,7,1
213573,159.0,7,1
213574,170.0,7,1
213575,151.0,7,1
213576,127.0,7,1
213577,149.0,7,1
213578,122.0,7,1
213579,132.0,7,1
213580,116.0,7,1
213581,139.0,7,1
213582,209.0,7,1
213583,123.0,7,1
213584,154.0,7,1
213585,105.0,7,1
213586,134.0,7,1
213587,128.0,7,1
213588,119.0,7,1
213589,146.0,7,1
213590,144.0,7,1
213591,132.0,7,1
213592,128.0,7,1
213593,101.0,7,1
213594,108.0,7,1
213595,132.0,7,1
213596,107.0,7,1
213597,149.0,7,1
213598,136.0,7,1
213599,96.0,7,1
213600,97.0,8,1
213601,146.0,8,1
213602,116.0,8,1
213603,183.0,8,1
213604,158.0,8,1
213605,131.0,8,1
213606,144.0,8,1
213607,121.0,8,1
213608,104.0,8,1
213609,101.0,8,1
213610,116.0,8,1
213611,113.0,8,1
213612,99.0,8,1
213613,110.0,8,1
213614,122.0,8,1
213615,142.0,8,1
213616,178.0,8,1
213617,92.0,8,1
213618,100.0,8,1
213619,140.0,8,1
213620,120.0,8,1
213621,108.0,8,1
213622,144.0,8,1
213623,92.0,8,1
213624,75.0,8,1
213625,114.0,8,1
213626,99.0,8,1
213627,111.0,8,1
213628,100.0,8,1
213629,101.0,8,1
213630,121.0,8,1
213631,134.0,8,1
213632,114.0,8,1
213633,97.0,8,1
213634,141.0,8,1
213635,98.0,8,1
213636,107.0,8,1
213637,86.0,8,1
213638,151.0,8,1
213639,146.0,8,1
213640,162.0,8,1
213641,138.0,8,1
213642,162.0,8,1
213643,171.0,8,1
213644,99.0,8,1
213645,79.0,8,1
213646,107.0,8,1
213647,125.0,8,1
213648,81.0,8,1
213649,142.0,8,1
213650,119.0,8,1
213651,136.0,8,1
213652,127.0,8,1
213653,91.0,8,1
213654,122.0,8,1
213655,87.0,8,1
213656,106.0,8,1
213657,76.0,8,1
213658,120.0,8,1
213659,86.0,8,1
213660,104.0,9,1
213661,134.0,9,1
213662,161.0,9,1
213663,187.0,9,1
213664,159.0,9,1
213665,139.0,9,1
213666,131.0,9,1
213667,103.0,9,1
213668,121.0,9,1
213669,143.0,9,1
213670,142.0,9,1
213671,176.0,9,1
213672,122.0,9,1
213673,171.0,9,1
213674,112.0,9,1
213675,136.0,9,1
213676,151.0,9,1
213677,148.0,9,1
213678,120.0,9,1
213679,122.0,9,1
213680,128.0,9,1
213681,207.0,9,1
213682,136.0,9,1
213683,174.0,9,1
213684,168.0,9,1
213685,135.0,9,1
213686,151.0,9,1
213687,133.0,9,1
213688,128.0,9,1
213689,181.0,9,1
213690,125.0,9,1
213691,150.0,9,1
213692,149.0,9,1
213693,147.0,9,1
213694,165.0,9,1
213695,148.0,9,1
213696,150.0,9,1
213697,185.0,9,1
213698,205.0,9,1
213699,229.0,9,1
213700,228.0,9,1
213701,261.0,9,1
213702,143.0,9,1
213703,184.0,9,1
213704,156.0,9,1
213705,156.0,9,1
213706,140.0,9,1
213707,132.0,9,1
213708,173.0,9,1
213709,175.0,9,1
213710,165.0,9,1
213711,156.0,9,1
213712,122.0,9,1
213713,162.0,9,1
213714,151.0,9,1
213715,168.0,9,1
213716,159.0,9,1
213717,170.0,9,1
213718,172.0,9,1
213719,176.0,9,1
213720,207.0,10,1
213721,177.0,10,1
213722,141.0,10,1
213723,166.0,10,1
213724,204.0,10,1
213725,219.0,10,1
213726,236.0,10,1
213727,216.0,10,1
213728,267.0,10,1
213729,220.0,10,1
213730,234.0,10,1
213731,247.0,10,1
213732,212.0,10,1
213733,204.0,10,1
213734,237.0,10,1
213735,267.0,10,1
213736,259.0,10,1
213737,329.0,10,1
213738,207.0,10,1
213739,252.0,10,1
213740,256.0,10,1
213741,247.0,10,1
213742,194.0,10,1
213743,178.0,10,1
213744,0.0,10,1
213745,0.0,10,1
213746,2.0,10,1
213747,1.0,10,1
213748,2.0,10,1
213749,3.0,10,1
213750,204.0,10,1
213751,223.0,10,1
213752,214.0,10,1
213753,234.0,10,1
213754,249.0,10,1
213755,217.0,10,1
213756,186.0,10,1
213757,188.0,10,1
213758,259.0,10,1
213759,278.0,10,1
213760,239.0,10,1
213761,242.0,10,1
213762,274.0,10,1
213763,236.0,10,1
213764,256.0,10,1
213765,170.0,10,1
213766,206.0,10,1
213767,231.0,10,1
213768,231.0,10,1
213769,275.0,10,1
213770,171.0,10,1
213771,135.0,10,1
213772,143.0,10,1
213773,167.0,10,1
213774,275.0,10,1
213775,218.0,10,1
213776,219.0,10,1
213777,302.0,10,1
213778,197.0,10,1
213779,196.0,10,1
213780,225.0,11,1
213781,182.0,11,1
213782,244.0,11,1
213783,230.0,11,1
213784,224.0,11,1
213785,223.0,11,1
213786,252.0,11,1
213787,212.0,11,1
213788,192.0,11,1
213789,223.0,11,1
213790,196.0,11,1
213791,260.0,11,1
213792,236.0,11,1
213793,165.0,11,1
213794,315.0,11,1
213795,256.0,11,1
213796,252.0,11,1
213797,191.0,11,1
213798,203.0,11,1
213799,104.0,11,1
213800,261.0,11,1
213801,227.0,11,1
213802,165.0,11,1
213803,258.0,11,1
213804,200.0,11,1
213805,212.0,11,1
213806,178.0,11,1
213807,240.0,11,1
213808,243.0,11,1
213809,219.0,11,1
213810,148.0,11,1
213811,182.0,11,1
213812,207.0,11,1
213813,150.0,11,1
213814,178.0,11,1
213815,200.0,11,1
213816,215.0,11,1
213817,150.0,11,1
213818,215.0,11,1
213819,125.0,11,1
213820,189.0,11,1
213821,229.0,11,1
213822,225.0,11,1
213823,148.0,11,1
213824,239.0,11,1
213825,254.0,11,1
213826,174.0,11,1
213827,182.0,11,1
213828,160.0,11,1
213829,165.0,11,1
213830,150.0,11,1
213831,172.0,11,1
213832,196.0,11,1
213833,196.0,11,1
213834,239.0,11,1
213835,160.0,11,1
213836,187.0,11,1
213837,272.0,11,1
213838,139.0,11,1
213839,171.0,11,1
213840,81.0,12,1
213841,185.0,12,1
213842,159.0,12,1
213843,161.0,12,1
213844,173.0,12,1
213845,153.0,12,1
213846,154.0,12,1
213847,185.0,12,1
213848,125.0,12,1
213849,202.0,12,1
213850,219.0,12,1
213851,150.0,12,1
213852,258.0,12,1
213853,141.0,12,1
213854,243.0,12,1
213855,162.0,12,1
213856,170.0,12,1
213857,217.0,12,1
213858,127.0,12,1
213859,167.0,12,1
213860,152.0,12,1
213861,174.0,12,1
213862,142.0,12,1
213863,111.0,12,1
213864,130.0,12,1
213865,141.0,12,1
213866,220.0,12,1
213867,107.0,12,1
213868,236.0,12,1
213869,191.0,12,1
213870,99.0,12,1
213871,163.0,12,1
213872,117.0,12,1
213873,176.0,12,1
213874,144.0,12,1
213875,112.0,12,1
213876,140.0,12,1
213877,87.0,12,1
213878,98.0,12,1
213879,142.0,12,1
213880,222.0,12,1
213881,177.0,12,1
213882,202.0,12,1
213883,148.0,12,1
213884,237.0,12,1
213885,190.0,12,1
213886,104.0,12,1
213887,139.0,12,1
213888,162.0,12,1
213889,173.0,12,1
213890,108.0,12,1
213891,142.0,12,1
213892,202.0,12,1
213893,139.0,12,1
213894,169.0,12,1
213895,196.0,12,1
213896,175.0,12,1
213897,165.0,12,1
213898,204.0,12,1
213899,168.0,12,1
213900,163.0,13,1
213901,152.0,13,1
213902,161.0,13,1
213903,218.0,13,1
213904,182.0,13,1
213905,171.0,13,1
213906,178.0,13,1
213907,178.0,13,1
213908,235.0,13,1
213909,170.0,13,1
213910,144.0,13,1
213911,121.0,13,1
213912,132.0,13,1
213913,139.0,13,1
213914,139.0,13,1
213915,136.0,13,1
213916,152.0,13,1
213917,167.0,13,1
213918,76.0,13,1
213919,166.0,13,1
213920,125.0,13,1
213921,160.0,13,1
213922,182.0,13,1
213923,233.0,13,1
213924,126.0,13,1
213925,201.0,13,1
213926,99.0,13,1
213927,141.0,13,1
213928,128.0,13,1
213929,111.0,13,1
213930,153.0,13,1
213931,160.0,13,1
213932,125.0,13,1
213933,118.0,13,1
213934,165.0,13,1
213935,113.0,13,1
213936,189.0,13,1
213937,186.0,13,1
213938,111.0,13,1
213939,132.0,13,1
213940,63.0,13,1
213941,149.0,13,1
213942,129.0,13,1
213943,144.0,13,1
213944,118.0,13,1
213945,130.0,13,1
213946,155.0,13,1
213947,118.0,13,1
213948,112.0,13,1
213949,111.0,13,1
213950,184.0,13,1
213951,83.0,13,1
213952,213.0,13,1
213953,119.0,13,1
213954,176.0,13,1
213955,162.0,13,1
213956,139.0,13,1
213957,191.0,13,1
213958,144.0,13,1
213959,138.0,13,1
213960,166.0,14,1
213961,131.0,14,1
213962,96.0,14,1
213963,145.0,14,1
213964,101.0,14,1
213965,104.0,14,1
213966,90.0,14,1
213967,194.0,14,1
213968,107.0,14,1
213969,131.0,14,1
213970,122.0,14,1
213971,127.0,14,1
213972,125.0,14,1
213973,105.0,14,1
213974,105.0,14,1
213975,124.0,14,1
213976,58.0,14,1
213977,148.0,14,1
213978,129.0,14,1
213979,70.0,14,1
213980,49.0,14,1
213981,23.0,14,1
213982,144.0,14,1
213983,187.0,14,1
213984,181.0,14,1
213985,116.0,14,1
213986,172.0,14,1
213987,180.0,14,1
213988,168.0,14,1
213989,104.0,14,1
213990,232.0,14,1
213991,112.0,14,1
213992,116.0,14,1
213993,121.0,14,1
213994,189.0,14,1
213995,186.0,14,1
213996,128.0,14,1
213997,150.0,14,1
213998,166.0,14,1
213999,171.0,14,1
214000,140.0,14,1
214001,109.0,14,1
214002,151.0,14,1
214003,169.0,14,1
214004,140.0,14,1
214005,108.0,14,1
214006,167.0,14,1
214007,149.0,14,1
214008,124.0,14,1
214009,126.0,14,1
214010,79.0,14,1
214011,84.0,14,1
214012,91.0,14,1
214013,123.0,14,1
214014,267.0,14,1
214015,180.0,14,1
214016,104.0,14,1
214017,117.0,14,1
214018,189.0,14,1
214019,242.0,14,1
214020,103.0,15,1
214021,91.0,15,1
214022,213.0,15,1
214023,114.0,15,1
214024,153.0,15,1
214025,116.0,15,1
214026,131.0,15,1
214027,81.0,15,1
214028,254.0,15,1
214029,214.0,15,1
214030,125.0,15,1
214031,158.0,15,1
214032,72.0,15,1
214033,173.0,15,1
214034,229.0,15,1
214035,159.0,15,1
214036,184.0,15,1
214037,145.0,15,1
214038,145.0,15,1
214039,112.0,15,1
214040,101.0,15,1
214041,215.0,15,1
214042,111.0,15,1
214043,182.0,15,1
214044,124.0,15,1
214045,195.0,15,1
214046,209.0,15,1
214047,55.0,15,1
214048,265.0,15,1
214049,160.0,15,1
214050,236.0,15,1
214051,162.0,15,1
214052,189.0,15,1
214053,117.0,15,1
214054,146.0,15,1
214055,185.0,15,1
214056,173.0,15,1
214057,163.0,15,1
214058,97.0,15,1
214059,86.0,15,1
214060,72.0,15,1
214061,57.0,15,1
214062,110.0,15,1
214063,94.0,15,1
214064,184.0,15,1
214065,203.0,15,1
214066,161.0,15,1
214067,150.0,15,1
214068,149.0,15,1
214069,156.0,15,1
214070,214.0,15,1
214071,152.0,15,1
214072,177.0,15,1
214073,113.0,15,1
214074,125.0,15,1
214075,141.0,15,1
214076,190.0,15,1
214077,192.0,15,1
214078,171.0,15,1
214079,169.0,15,1
214080,194.0,16,1
214081,168.0,16,1
214082,264.0,16,1
214083,245.0,16,1
214084,160.0,16,1
214085,180.0,16,1
214086,181.0,16,1
214087,169.0,16,1
214088,130.0,16,1
214089,175.0,16,1
214090,181.0,16,1
214091,181.0,16,1
214092,188.0,16,1
214093,188.0,16,1
214094,184.0,16,1
214095,230.0,16,1
214096,182.0,16,1
214097,138.0,16,1
214098,131.0,16,1
214099,247.0,16,1
214100,279.0,16,1
214101,235.0,16,1
214102,236.0,16,1
214103,182.0,16,1
214104,216.0,16,1
214105,204.0,16,1
214106,219.0,16,1
214107,270.0,16,1
214108,163.0,16,1
214109,211.0,16,1
214110,225.0,16,1
214111,206.0,16,1
214112,186.0,16,1
214113,235.0,16,1
214114,326.0,16,1
214115,274.0,16,1
214116,173.0,16,1
214117,251.0,16,1
214118,245.0,16,1
214119,252.0,16,1
214120,238.0,16,1
214121,239.0,16,1
214122,237.0,16,1
214123,272.0,16,1
214124,280.0,16,1
214125,161.0,16,1
214126,223.0,16,1
214127,218.0,16,1
214128,289.0,16,1
214129,217.0,16,1
214130,205.0,16,1
214131,190.0,16,1
214132,160.0,16,1
214133,155.0,16,1
214134,194.0,16,1
214135,170.0,16,1
214136,217.0,16,1
214137,274.0,16,1
214138,230.0,16,1
214139,125.0,16,1
214140,156.0,17,1
214141,232.0,17,1
214142,211.0,17,1
214143,258.0,17,1
214144,299.0,17,1
214145,281.0,17,1
214146,259.0,17,1
214147,288.0,17,1
214148,237.0,17,1
214149,218.0,17,1
214150,204.0,17,1
214151,230.0,17,1
214152,272.0,17,1
214153,250.0,17,1
214154,253.0,17,1
214155,234.0,17,1
214156,279.0,17,1
214157,316.0,17,1
214158,304.0,17,1
214159,253.0,17,1
214160,215.0,17,1
214161,243.0,17,1
214162,188.0,17,1
214163,185.0,17,1
214164,250.0,17,1
214165,230.0,17,1
214166,172.0,17,1
214167,260.0,17,1
214168,248.0,17,1
214169,259.0,17,1
214170,264.0,17,1
214171,228.0,17,1
214172,244.0,17,1
214173,163.0,17,1
214174,239.0,17,1
214175,240.0,17,1
214176,214.0,17,1
214177,299.0,17,1
214178,247.0,17,1
214179,254.0,17,1
214180,190.0,17,1
214181,160.0,17,1
214182,161.0,17,1
214183,195.0,17,1
214184,206.0,17,1
214185,206.0,17,1
214186,171.0,17,1
214187,209.0,17,1
214188,205.0,17,1
214189,148.0,17,1
214190,189.0,17,1
214191,123.0,17,1
214192,147.0,17,1
214193,99.0,17,1
214194,98.0,17,1
214195,151.0,17,1
214196,155.0,17,1
214197,171.0,17,1
214198,193.0,17,1
214199,194.0,17,1
214200,227.0,18,1
214201,181.0,18,1
214202,270.0,18,1
214203,224.0,18,1
214204,250.0,18,1
214205,269.0,18,1
214206,273.0,18,1
214207,210.0,18,1
214208,223.0,18,1
214209,246.0,18,1
214210,280.0,18,1
214211,174.0,18,1
214212,265.0,18,1
214213,112.0,18,1
214214,260.0,18,1
214215,190.0,18,1
214216,230.0,18,1
214217,168.0,18,1
214218,209.0,18,1
214219,135.0,18,1
214220,113.0,18,1
214221,156.0,18,1
214222,83.0,18,1
214223,118.0,18,1
214224,126.0,18,1
214225,106.0,18,1
214226,84.0,18,1
214227,196.0,18,1
214228,109.0,18,1
214229,131.0,18,1
214230,69.0,18,1
214231,72.0,18,1
214232,65.0,18,1
214233,66.0,18,1
214234,72.0,18,1
214235,74.0,18,1
214236,40.0,18,1
214237,39.0,18,1
214238,58.0,18,1
214239,49.0,18,1
214240,42.0,18,1
214241,63.0,18,1
214242,119.0,18,1
214243,61.0,18,1
214244,55.0,18,1
214245,169.0,18,1
214246,63.0,18,1
214247,68.0,18,1
214248,104.0,18,1
214249,74.0,18,1
214250,105.0,18,1
214251,60.0,18,1
214252,57.0,18,1
214253,94.0,18,1
214254,79.0,18,1
214255,107.0,18,1
214256,85.0,18,1
214257,89.0,18,1
214258,169.0,18,1
214259,93.0,18,1
214260,129.0,19,1
214261,97.0,19,1
214262,142.0,19,1
214263,111.0,19,1
214264,145.0,19,1
214265,142.0,19,1
214266,62.0,19,1
214267,69.0,19,1
214268,133.0,19,1
214269,97.0,19,1
214270,128.0,19,1
214271,80.0,19,1
214272,57.0,19,1
214273,76.0,19,1
214274,64.0,19,1
214275,123.0,19,1
214276,67.0,19,1
214277,182.0,19,1
214278,194.0,19,1
214279,76.0,19,1
214280,128.0,19,1
214281,38.0,19,1
214282,186.0,19,1
214283,141.0,19,1
214284,71.0,19,1
214285,80.0,19,1
214286,146.0,19,1
214287,225.0,19,1
214288,125.0,19,1
214289,182.0,19,1
214290,209.0,19,1
214291,86.0,19,1
214292,83.0,19,1
214293,79.0,19,1
214294,110.0,19,1
214295,135.0,19,1
214296,116.0,19,1
214297,68.0,19,1
214298,90.0,19,1
214299,104.0,19,1
214300,72.0,19,1
214301,102.0,19,1
214302,117.0,19,1
214303,181.0,19,1
214304,153.0,19,1
214305,84.0,19,1
214306,67.0,19,1
214307,105.0,19,1
214308,51.0,19,1
214309,65.0,19,1
214310,83.0,19,1
214311,79.0,19,1
214312,156.0,19,1
214313,124.0,19,1
214314,177.0,19,1
214315,85.0,19,1
214316,163.0,19,1
214317,108.0,19,1
214318,141.0,19,1
214319,118.0,19,1
214320,154.0,20,1
214321,106.0,20,1
214322,100.0,20,1
214323,134.0,20,1
214324,99.0,20,1
214325,58.0,20,1
214326,109.0,20,1
214327,87.0,20,1
214328,71.0,20,1
214329,133.0,20,1
214330,70.0,20,1
214331,92.0,20,1
214332,77.0,20,1
214333,102.0,20,1
214334,86.0,20,1
214335,136.0,20,1
214336,120.0,20,1
214337,140.0,20,1
214338,122.0,20,1
214339,98.0,20,1
214340,69.0,20,1
214341,59.0,20,1
214342,43.0,20,1
214343,161.0,20,1
214344,98.0,20,1
214345,143.0,20,1
214346,60.0,20,1
214347,86.0,20,1
214348,83.0,20,1
214349,96.0,20,1
214350,106.0,20,1
214351,188.0,20,1
214352,87.0,20,1
214353,64.0,20,1
214354,218.0,20,1
214355,142.0,20,1
214356,70.0,20,1
214357,62.0,20,1
214358,84.0,20,1
214359,83.0,20,1
214360,176.0,20,1
214361,125.0,20,1
214362,46.0,20,1
214363,109.0,20,1
214364,92.0,20,1
214365,97.0,20,1
214366,125.0,20,1
214367,82.0,20,1
214368,97.0,20,1
214369,98.0,20,1
214370,91.0,20,1
214371,70.0,20,1
214372,60.0,20,1
214373,79.0,20,1
214374,192.0,20,1
214375,129.0,20,1
214376,74.0,20,1
214377,87.0,20,1
214378,87.0,20,1
214379,42.0,20,1
214380,80.0,21,1
214381,85.0,21,1
214382,32.0,21,1
214383,44.0,21,1
214384,64.0,21,1
214385,68.0,21,1
214386,85.0,21,1
214387,173.0,21,1
214388,71.0,21,1
214389,85.0,21,1
214390,87.0,21,1
214391,106.0,21,1
214392,122.0,21,1
214393,57.0,21,1
214394,55.0,21,1
214395,67.0,21,1
214396,187.0,21,1
214397,69.0,21,1
214398,60.0,21,1
214399,127.0,21,1
214400,86.0,21,1
214401,109.0,21,1
214402,89.0,21,1
214403,140.0,21,1
214404,60.0,21,1
214405,104.0,21,1
214406,93.0,21,1
214407,133.0,21,1
214408,48.0,21,1
214409,59.0,21,1
214410,66.0,21,1
214411,52.0,21,1
214412,38.0,21,1
214413,82.0,21,1
214414,101.0,21,1
214415,85.0,21,1
214416,136.0,21,1
214417,233.0,21,1
214418,104.0,21,1
214419,86.0,21,1
214420,100.0,21,1
214421,69.0,21,1
214422,99.0,21,1
214423,86.0,21,1
214424,125.0,21,1
214425,77.0,21,1
214426,128.0,21,1
214427,80.0,21,1
214428,56.0,21,1
214429,77.0,21,1
214430,103.0,21,1
214431,132.0,21,1
214432,108.0,21,1
214433,68.0,21,1
214434,65.0,21,1
214435,113.0,21,1
214436,149.0,21,1
214437,122.0,21,1
214438,63.0,21,1
214439,36.0,21,1
214440,41.0,22,1
214441,72.0,22,1
214442,60.0,22,1
214443,65.0,22,1
214444,92.0,22,1
214445,80.0,22,1
214446,87.0,22,1
214447,87.0,22,1
214448,143.0,22,1
214449,57.0,22,1
214450,40.0,22,1
214451,70.0,22,1
214452,54.0,22,1
214453,67.0,22,1
214454,69.0,22,1
214455,153.0,22,1
214456,133.0,22,1
214457,117.0,22,1
214458,65.0,22,1
214459,113.0,22,1
214460,83.0,22,1
214461,173.0,22,1
214462,101.0,22,1
214463,129.0,22,1
214464,154.0,22,1
214465,147.0,22,1
214466,106.0,22,1
214467,85.0,22,1
214468,167.0,22,1
214469,217.0,22,1
214470,96.0,22,1
214471,138.0,22,1
214472,107.0,22,1
214473,59.0,22,1
214474,81.0,22,1
214475,87.0,22,1
214476,122.0,22,1
214477,66.0,22,1
214478,96.0,22,1
214479,194.0,22,1
214480,111.0,22,1
214481,87.0,22,1
214482,50.0,22,1
214483,110.0,22,1
214484,188.0,22,1
214485,76.0,22,1
214486,85.0,22,1
214487,92.0,22,1
214488,117.0,22,1
214489,111.0,22,1
214490,124.0,22,1
214491,166.0,22,1
214492,119.0,22,1
214493,145.0,22,1
214494,84.0,22,1
214495,161.0,22,1
214496,102.0,22,1
214497,88.0,22,1
214498,77.0,22,1
214499,113.0,22,1
214500,82.0,23,1
214501,52.0,23,1
214502,29.0,23,1
214503,56.0,23,1
214504,127.0,23,1
214505,111.0,23,1
214506,87.0,23,1
214507,123.0,23,1
214508,96.0,23,1
214509,111.0,23,1
214510,67.0,23,1
214511,200.0,23,1
214512,84.0,23,1
214513,153.0,23,1
214514,145.0,23,1
214515,88.0,23,1
214516,82.0,23,1
214517,133.0,23,1
214518,128.0,23,1
214519,84.0,23,1
214520,200.0,23,1
214521,69.0,23,1
214522,60.0,23,1
214523,39.0,23,1
214524,62.0,23,1
214525,100.0,23,1
214526,122.0,23,1
214527,62.0,23,1
214528,96.0,23,1
214529,94.0,23,1
214530,82.0,23,1
214531,99.0,23,1
214532,65.0,23,1
214533,212.0,23,1
214534,107.0,23,1
214535,106.0,23,1
214536,62.0,23,1
214537,153.0,23,1
214538,96.0,23,1
214539,112.0,23,1
214540,71.0,23,1
214541,139.0,23,1
214542,118.0,23,1
214543,117.0,23,1
214544,131.0,23,1
214545,68.0,23,1
214546,45.0,23,1
214547,67.0,23,1
214548,98.0,23,1
214549,90.0,23,1
214550,202.0,23,1
214551,151.0,23,1
214552,150.0,23,1
214553,165.0,23,1
214554,72.0,23,1
214555,78.0,23,1
214556,101.0,23,1
214557,90.0,23,1
214558,85.0,23,1
214559,43.0,23,1
214560,75.0,0,2
214561,69.0,0,2
214562,46.0,0,2
214563,144.0,0,2
214564,109.0,0,2
214565,62.0,0,2
214566,89.0,0,2
214567,87.0,0,2
214568,156.0,0,2
214569,91.0,0,2
214570,72.0,0,2
214571,59.0,0,2
214572,94.0,0,2
214573,85.0,0,2
214574,83.0,0,2
214575,100.0,0,2
214576,64.0,0,2
214577,66.0,0,2
214578,81.0,0,2
214579,109.0,0,2
214580,127.0,0,2
214581,114.0,0,2
214582,79.0,0,2
214583,47.0,0,2
214584,59.0,0,2
214585,57.0,0,2
214586,180.0,0,2
214587,124.0,0,2
214588,113.0,0,2
214589,122.0,0,2
214590,121.0,0,2
214591,215.0,0,2
214592,167.0,0,2
214593,132.0,0,2
214594,159.0,0,2
214595,100.0,0,2
214596,128.0,0,2
214597,103.0,0,2
214598,112.0,0,2
214599,123.0,0,2
214600,136.0,0,2
214601,107.0,0,2
214602,163.0,0,2
214603,68.0,0,2
214604,84.0,0,2
214605,106.0,0,2
214606,307.0,0,2
214607,165.0,0,2
214608,116.0,0,2
214609,160.0,0,2
214610,132.0,0,2
214611,155.0,0,2
214612,206.0,0,2
214613,134.0,0,2
214614,134.0,0,2
214615,182.0,0,2
214616,105.0,0,2
214617,131.0,0,2
214618,78.0,0,2
214619,65.0,0,2
214620,84.0,1,2
214621,58.0,1,2
214622,64.0,1,2
214623,82.0,1,2
214624,65.0,1,2
214625,185.0,1,2
214626,92.0,1,2
214627,123.0,1,2
214628,187.0,1,2
214629,178.0,1,2
214630,131.0,1,2
214631,242.0,1,2
214632,96.0,1,2
214633,113.0,1,2
214634,63.0,1,2
214635,142.0,1,2
214636,149.0,1,2
214637,102.0,1,2
214638,116.0,1,2
214639,74.0,1,2
214640,124.0,1,2
214641,198.0,1,2
214642,149.0,1,2
214643,88.0,1,2
214644,150.0,1,2
214645,76.0,1,2
214646,55.0,1,2
214647,163.0,1,2
214648,131.0,1,2
214649,172.0,1,2
214650,148.0,1,2
214651,143.0,1,2
214652,140.0,1,2
214653,120.0,1,2
214654,190.0,1,2
214655,100.0,1,2
214656,103.0,1,2
214657,123.0,1,2
214658,93.0,1,2
214659,89.0,1,2
214660,83.0,1,2
214661,112.0,1,2
214662,132.0,1,2
214663,86.0,1,2
214664,91.0,1,2
214665,106.0,1,2
214666,97.0,1,2
214667,92.0,1,2
214668,173.0,1,2
214669,142.0,1,2
214670,83.0,1,2
214671,154.0,1,2
214672,75.0,1,2
214673,217.0,1,2
214674,224.0,1,2
214675,105.0,1,2
214676,176.0,1,2
214677,158.0,1,2
214678,91.0,1,2
214679,117.0,1,2
214680,89.0,2,2
214681,147.0,2,2
214682,159.0,2,2
214683,72.0,2,2
214684,139.0,2,2
214685,142.0,2,2
214686,104.0,2,2
214687,174.0,2,2
214688,120.0,2,2
214689,148.0,2,2
214690,99.0,2,2
214691,107.0,2,2
214692,165.0,2,2
214693,156.0,2,2
214694,152.0,2,2
214695,181.0,2,2
214696,129.0,2,2
214697,149.0,2,2
214698,165.0,2,2
214699,164.0,2,2
214700,184.0,2,2
214701,163.0,2,2
214702,134.0,2,2
214703,145.0,2,2
214704,100.0,2,2
214705,80.0,2,2
214706,171.0,2,2
214707,139.0,2,2
214708,154.0,2,2
214709,129.0,2,2
214710,155.0,2,2
214711,99.0,2,2
214712,89.0,2,2
214713,218.0,2,2
214714,193.0,2,2
214715,102.0,2,2
214716,123.0,2,2
214717,160.0,2,2
214718,133.0,2,2
214719,185.0,2,2
214720,161.0,2,2
214721,111.0,2,2
214722,149.0,2,2
214723,132.0,2,2
214724,177.0,2,2
214725,107.0,2,2
214726,125.0,2,2
214727,126.0,2,2
214728,151.0,2,2
214729,100.0,2,2
214730,145.0,2,2
214731,139.0,2,2
214732,136.0,2,2
214733,124.0,2,2
214734,189.0,2,2
214735,174.0,2,2
214736,142.0,2,2
214737,146.0,2,2
214738,135.0,2,2
214739,135.0,2,2
214740,32.0,3,2
214741,256.0,3,2
214742,166.0,3,2
214743,125.0,3,2
214744,140.0,3,2
214745,121.0,3,2
214746,123.0,3,2
214747,83.0,3,2
214748,155.0,3,2
214749,180.0,3,2
214750,155.0,3,2
214751,209.0,3,2
214752,197.0,3,2
214753,154.0,3,2
214754,159.0,3,2
214755,84.0,3,2
214756,162.0,3,2
214757,208.0,3,2
214758,149.0,3,2
214759,119.0,3,2
214760,192.0,3,2
214761,131.0,3,2
214762,261.0,3,2
214763,143.0,3,2
214764,113.0,3,2
214765,184.0,3,2
214766,135.0,3,2
214767,91.0,3,2
214768,129.0,3,2
214769,129.0,3,2
214770,118.0,3,2
214771,123.0,3,2
214772,144.0,3,2
214773,229.0,3,2
214774,130.0,3,2
214775,151.0,3,2
214776,124.0,3,2
214777,141.0,3,2
214778,238.0,3,2
214779,176.0,3,2
214780,194.0,3,2
214781,131.0,3,2
214782,169.0,3,2
214783,202.0,3,2
214784,167.0,3,2
214785,164.0,3,2
214786,169.0,3,2
214787,119.0,3,2
214788,184.0,3,2
214789,168.0,3,2
214790,119.0,3,2
214791,178.0,3,2
214792,90.0,3,2
214793,125.0,3,2
214794,159.0,3,2
214795,116.0,3,2
214796,79.0,3,2
214797,130.0,3,2
214798,174.0,3,2
214799,158.0,3,2
214800,166.0,4,2
214801,247.0,4,2
214802,108.0,4,2
214803,121.0,4,2
214804,195.0,4,2
214805,155.0,4,2
214806,87.0,4,2
214807,219.0,4,2
214808,170.0,4,2
214809,114.0,4,2
214810,169.0,4,2
214811,171.0,4,2
214812,207.0,4,2
214813,217.0,4,2
214814,86.0,4,2
214815,111.0,4,2
214816,152.0,4,2
214817,173.0,4,2
214818,89.0,4,2
214819,206.0,4,2
214820,122.0,4,2
214821,150.0,4,2
214822,186.0,4,2
214823,139.0,4,2
214824,88.0,4,2
214825,287.0,4,2
214826,463.0,4,2
214827,187.0,4,2
214828,196.0,4,2
214829,160.0,4,2
214830,108.0,4,2
214831,134.0,4,2
214832,175.0,4,2
214833,148.0,4,2
214834,123.0,4,2
214835,130.0,4,2
214836,212.0,4,2
214837,145.0,4,2
214838,98.0,4,2
214839,167.0,4,2
214840,198.0,4,2
214841,212.0,4,2
214842,106.0,4,2
214843,227.0,4,2
214844,239.0,4,2
214845,167.0,4,2
214846,163.0,4,2
214847,188.0,4,2
214848,111.0,4,2
214849,123.0,4,2
214850,212.0,4,2
214851,181.0,4,2
214852,128.0,4,2
214853,206.0,4,2
214854,100.0,4,2
214855,271.0,4,2
214856,119.0,4,2
214857,117.0,4,2
214858,124.0,4,2
214859,150.0,4,2
214860,130.0,5,2
214861,145.0,5,2
214862,89.0,5,2
214863,104.0,5,2
214864,148.0,5,2
214865,143.0,5,2
214866,98.0,5,2
214867,163.0,5,2
214868,220.0,5,2
214869,165.0,5,2
214870,88.0,5,2
214871,148.0,5,2
214872,106.0,5,2
214873,280.0,5,2
214874,164.0,5,2
214875,152.0,5,2
214876,280.0,5,2
214877,310.0,5,2
214878,175.0,5,2
214879,140.0,5,2
214880,78.0,5,2
214881,96.0,5,2
214882,217.0,5,2
214883,152.0,5,2
214884,206.0,5,2
214885,172.0,5,2
214886,119.0,5,2
214887,236.0,5,2
214888,159.0,5,2
214889,126.0,5,2
214890,140.0,5,2
214891,163.0,5,2
214892,187.0,5,2
214893,210.0,5,2
214894,111.0,5,2
214895,92.0,5,2
214896,170.0,5,2
214897,186.0,5,2
214898,236.0,5,2
214899,94.0,5,2
214900,131.0,5,2
214901,147.0,5,2
214902,107.0,5,2
214903,118.0,5,2
214904,113.0,5,2
214905,112.0,5,2
214906,139.0,5,2
214907,82.0,5,2
214908,136.0,5,2
214909,171.0,5,2
214910,154.0,5,2
214911,114.0,5,2
214912,127.0,5,2
214913,96.0,5,2
214914,111.0,5,2
214915,123.0,5,2
214916,82.0,5,2
214917,238.0,5,2
214918,155.0,5,2
214919,101.0,5,2
214920,85.0,6,2
214921,79.0,6,2
214922,159.0,6,2
214923,101.0,6,2
214924,122.0,6,2
214925,142.0,6,2
214926,109.0,6,2
214927,204.0,6,2
214928,177.0,6,2
214929,103.0,6,2
214930,150.0,6,2
214931,129.0,6,2
214932,127.0,6,2
214933,116.0,6,2
214934,91.0,6,2
214935,132.0,6,2
214936,132.0,6,2
214937,117.0,6,2
214938,153.0,6,2
214939,105.0,6,2
214940,107.0,6,2
214941,87.0,6,2
214942,97.0,6,2
214943,165.0,6,2
214944,141.0,6,2
214945,167.0,6,2
214946,156.0,6,2
214947,96.0,6,2
214948,147.0,6,2
214949,193.0,6,2
214950,106.0,6,2
214951,100.0,6,2
214952,103.0,6,2
214953,149.0,6,2
214954,76.0,6,2
214955,154.0,6,2
214956,135.0,6,2
214957,86.0,6,2
214958,180.0,6,2
214959,135.0,6,2
214960,219.0,6,2
214961,104.0,6,2
214962,61.0,6,2
214963,200.0,6,2
214964,82.0,6,2
214965,257.0,6,2
214966,106.0,6,2
214967,82.0,6,2
214968,96.0,6,2
214969,60.0,6,2
214970,124.0,6,2
214971,104.0,6,2
214972,75.0,6,2
214973,70.0,6,2
214974,206.0,6,2
214975,100.0,6,2
214976,119.0,6,2
214977,166.0,6,2
214978,191.0,6,2
214979,105.0,6,2
214980,181.0,7,2
214981,99.0,7,2
214982,170.0,7,2
214983,87.0,7,2
214984,171.0,7,2
214985,109.0,7,2
214986,103.0,7,2
214987,72.0,7,2
214988,103.0,7,2
214989,93.0,7,2
214990,196.0,7,2
214991,135.0,7,2
214992,148.0,7,2
214993,93.0,7,2
214994,201.0,7,2
214995,91.0,7,2
214996,117.0,7,2
214997,124.0,7,2
214998,121.0,7,2
214999,89.0,7,2
215000,192.0,7,2
215001,84.0,7,2
215002,141.0,7,2
215003,83.0,7,2
215004,79.0,7,2
215005,185.0,7,2
215006,134.0,7,2
215007,158.0,7,2
215008,204.0,7,2
215009,56.0,7,2
215010,114.0,7,2
215011,130.0,7,2
215012,155.0,7,2
215013,155.0,7,2
215014,103.0,7,2
215015,100.0,7,2
215016,83.0,7,2
215017,153.0,7,2
215018,136.0,7,2
215019,136.0,7,2
215020,117.0,7,2
215021,204.0,7,2
215022,108.0,7,2
215023,56.0,7,2
215024,69.0,7,2
215025,111.0,7,2
215026,132.0,7,2
215027,149.0,7,2
215028,116.0,7,2
215029,72.0,7,2
215030,123.0,7,2
215031,216.0,7,2
215032,250.0,7,2
215033,103.0,7,2
215034,110.0,7,2
215035,100.0,7,2
215036,99.0,7,2
215037,125.0,7,2
215038,170.0,7,2
215039,154.0,7,2
215040,91.0,8,2
215041,145.0,8,2
215042,174.0,8,2
215043,151.0,8,2
215044,103.0,8,2
215045,69.0,8,2
215046,88.0,8,2
215047,210.0,8,2
215048,134.0,8,2
215049,119.0,8,2
215050,100.0,8,2
215051,145.0,8,2
215052,101.0,8,2
215053,91.0,8,2
215054,106.0,8,2
215055,110.0,8,2
215056,218.0,8,2
215057,100.0,8,2
215058,120.0,8,2
215059,93.0,8,2
215060,126.0,8,2
215061,106.0,8,2
215062,226.0,8,2
215063,121.0,8,2
215064,87.0,8,2
215065,135.0,8,2
215066,100.0,8,2
215067,148.0,8,2
215068,154.0,8,2
215069,85.0,8,2
215070,162.0,8,2
215071,158.0,8,2
215072,102.0,8,2
215073,89.0,8,2
215074,98.0,8,2
215075,90.0,8,2
215076,116.0,8,2
215077,110.0,8,2
215078,181.0,8,2
215079,100.0,8,2
215080,139.0,8,2
215081,131.0,8,2
215082,93.0,8,2
215083,136.0,8,2
215084,127.0,8,2
215085,192.0,8,2
215086,120.0,8,2
215087,142.0,8,2
215088,84.0,8,2
215089,153.0,8,2
215090,143.0,8,2
215091,162.0,8,2
215092,195.0,8,2
215093,108.0,8,2
215094,94.0,8,2
215095,116.0,8,2
215096,172.0,8,2
215097,108.0,8,2
215098,107.0,8,2
215099,100.0,8,2
215100,156.0,9,2
215101,56.0,9,2
215102,107.0,9,2
215103,89.0,9,2
215104,146.0,9,2
215105,151.0,9,2
215106,142.0,9,2
215107,141.0,9,2
215108,132.0,9,2
215109,186.0,9,2
215110,121.0,9,2
215111,135.0,9,2
215112,97.0,9,2
215113,159.0,9,2
215114,77.0,9,2
215115,165.0,9,2
215116,133.0,9,2
215117,117.0,9,2
215118,114.0,9,2
215119,140.0,9,2
215120,205.0,9,2
215121,216.0,9,2
215122,167.0,9,2
215123,128.0,9,2
215124,173.0,9,2
215125,116.0,9,2
215126,145.0,9,2
215127,61.0,9,2
215128,151.0,9,2
215129,134.0,9,2
215130,145.0,9,2
215131,127.0,9,2
215132,82.0,9,2
215133,86.0,9,2
215134,84.0,9,2
215135,141.0,9,2
215136,161.0,9,2
215137,183.0,9,2
215138,113.0,9,2
215139,106.0,9,2
215140,89.0,9,2
215141,150.0,9,2
215142,92.0,9,2
215143,167.0,9,2
215144,104.0,9,2
215145,167.0,9,2
215146,103.0,9,2
215147,89.0,9,2
215148,90.0,9,2
215149,83.0,9,2
215150,112.0,9,2
215151,113.0,9,2
215152,176.0,9,2
215153,162.0,9,2
215154,94.0,9,2
215155,77.0,9,2
215156,76.0,9,2
215157,70.0,9,2
215158,92.0,9,2
215159,69.0,9,2
215160,116.0,10,2
215161,102.0,10,2
215162,58.0,10,2
215163,136.0,10,2
215164,264.0,10,2
215165,185.0,10,2
215166,136.0,10,2
215167,148.0,10,2
215168,134.0,10,2
215169,126.0,10,2
215170,131.0,10,2
215171,91.0,10,2
215172,74.0,10,2
215173,135.0,10,2
215174,161.0,10,2
215175,142.0,10,2
215176,195.0,10,2
215177,146.0,10,2
215178,152.0,10,2
215179,122.0,10,2
215180,194.0,10,2
215181,143.0,10,2
215182,101.0,10,2
215183,175.0,10,2
215184,35.0,10,2
215185,134.0,10,2
215186,85.0,10,2
215187,146.0,10,2
215188,122.0,10,2
215189,86.0,10,2
215190,80.0,10,2
215191,102.0,10,2
215192,56.0,10,2
215193,156.0,10,2
215194,184.0,10,2
215195,113.0,10,2
215196,151.0,10,2
215197,116.0,10,2
215198,82.0,10,2
215199,98.0,10,2
215200,150.0,10,2
215201,195.0,10,2
215202,243.0,10,2
215203,96.0,10,2
215204,108.0,10,2
215205,158.0,10,2
215206,139.0,10,2
215207,158.0,10,2
215208,300.0,10,2
215209,149.0,10,2
215210,86.0,10,2
215211,89.0,10,2
215212,65.0,10,2
215213,196.0,10,2
215214,81.0,10,2
215215,38.0,10,2
215216,68.0,10,2
215217,68.0,10,2
215218,81.0,10,2
215219,84.0,10,2
215220,67.0,11,2
215221,61.0,11,2
215222,38.0,11,2
215223,49.0,11,2
215224,42.0,11,2
215225,37.0,11,2
215226,27.0,11,2
215227,67.0,11,2
215228,33.0,11,2
215229,57.0,11,2
215230,41.0,11,2
215231,52.0,11,2
215232,30.0,11,2
215233,55.0,11,2
215234,56.0,11,2
215235,63.0,11,2
215236,90.0,11,2
215237,64.0,11,2
215238,86.0,11,2
215239,96.0,11,2
215240,57.0,11,2
215241,103.0,11,2
215242,77.0,11,2
215243,80.0,11,2
215244,49.0,11,2
215245,52.0,11,2
215246,50.0,11,2
215247,46.0,11,2
215248,78.0,11,2
215249,80.0,11,2
215250,47.0,11,2
215251,50.0,11,2
215252,41.0,11,2
215253,106.0,11,2
215254,66.0,11,2
215255,42.0,11,2
215256,40.0,11,2
215257,64.0,11,2
215258,49.0,11,2
215259,28.0,11,2
215260,51.0,11,2
215261,60.0,11,2
215262,52.0,11,2
215263,29.0,11,2
215264,37.0,11,2
215265,26.0,11,2
215266,26.0,11,2
215267,38.0,11,2
215268,37.0,11,2
215269,26.0,11,2
215270,28.0,11,2
215271,34.0,11,2
215272,49.0,11,2
215273,58.0,11,2
215274,55.0,11,2
215275,61.0,11,2
215276,38.0,11,2
215277,24.0,11,2
215278,49.0,11,2
215279,43.0,11,2
215280,25.0,12,2
215281,49.0,12,2
215282,54.0,12,2
215283,46.0,12,2
215284,68.0,12,2
215285,35.0,12,2
215286,42.0,12,2
215287,74.0,12,2
215288,27.0,12,2
215289,42.0,12,2
215290,49.0,12,2
215291,65.0,12,2
215292,33.0,12,2
215293,52.0,12,2
215294,42.0,12,2
215295,38.0,12,2
215296,43.0,12,2
215297,59.0,12,2
215298,68.0,12,2
215299,54.0,12,2
215300,44.0,12,2
215301,43.0,12,2
215302,35.0,12,2
215303,60.0,12,2
215304,72.0,12,2
215305,66.0,12,2
215306,47.0,12,2
215307,54.0,12,2
215308,77.0,12,2
215309,40.0,12,2
215310,78.0,12,2
215311,59.0,12,2
215312,81.0,12,2
215313,57.0,12,2
215314,51.0,12,2
215315,16.0,12,2
215316,23.0,12,2
215317,45.0,12,2
215318,37.0,12,2
215319,63.0,12,2
215320,48.0,12,2
215321,74.0,12,2
215322,40.0,12,2
215323,38.0,12,2
215324,117.0,12,2
215325,78.0,12,2
215326,71.0,12,2
215327,74.0,12,2
215328,77.0,12,2
215329,46.0,12,2
215330,50.0,12,2
215331,70.0,12,2
215332,77.0,12,2
215333,49.0,12,2
215334,66.0,12,2
215335,63.0,12,2
215336,105.0,12,2
215337,60.0,12,2
215338,67.0,12,2
215339,45.0,12,2
215340,100.0,13,2
215341,32.0,13,2
215342,69.0,13,2
215343,91.0,13,2
215344,97.0,13,2
215345,122.0,13,2
215346,116.0,13,2
215347,103.0,13,2
215348,145.0,13,2
215349,79.0,13,2
215350,119.0,13,2
215351,71.0,13,2
215352,77.0,13,2
215353,100.0,13,2
215354,134.0,13,2
215355,80.0,13,2
215356,83.0,13,2
215357,102.0,13,2
215358,88.0,13,2
215359,111.0,13,2
215360,110.0,13,2
215361,110.0,13,2
215362,90.0,13,2
215363,113.0,13,2
215364,195.0,13,2
215365,195.0,13,2
215366,188.0,13,2
215367,124.0,13,2
215368,123.0,13,2
215369,55.0,13,2
215370,133.0,13,2
215371,80.0,13,2
215372,63.0,13,2
215373,55.0,13,2
215374,112.0,13,2
215375,151.0,13,2
215376,104.0,13,2
215377,106.0,13,2
215378,63.0,13,2
215379,109.0,13,2
215380,94.0,13,2
215381,76.0,13,2
215382,107.0,13,2
215383,94.0,13,2
215384,56.0,13,2
215385,163.0,13,2
215386,102.0,13,2
215387,47.0,13,2
215388,101.0,13,2
215389,76.0,13,2
215390,60.0,13,2
215391,113.0,13,2
215392,89.0,13,2
215393,67.0,13,2
215394,60.0,13,2
215395,171.0,13,2
215396,139.0,13,2
215397,114.0,13,2
215398,123.0,13,2
215399,79.0,13,2
215400,67.0,14,2
215401,111.0,14,2
215402,125.0,14,2
215403,106.0,14,2
215404,49.0,14,2
215405,66.0,14,2
215406,75.0,14,2
215407,109.0,14,2
215408,119.0,14,2
215409,105.0,14,2
215410,112.0,14,2
215411,126.0,14,2
215412,142.0,14,2
215413,132.0,14,2
215414,108.0,14,2
215415,117.0,14,2
215416,63.0,14,2
215417,85.0,14,2
215418,148.0,14,2
215419,86.0,14,2
215420,78.0,14,2
215421,49.0,14,2
215422,86.0,14,2
215423,77.0,14,2
215424,127.0,14,2
215425,67.0,14,2
215426,105.0,14,2
215427,78.0,14,2
215428,65.0,14,2
215429,99.0,14,2
215430,189.0,14,2
215431,189.0,14,2
215432,103.0,14,2
215433,84.0,14,2
215434,139.0,14,2
215435,78.0,14,2
215436,77.0,14,2
215437,90.0,14,2
215438,93.0,14,2
215439,75.0,14,2
215440,99.0,14,2
215441,69.0,14,2
215442,83.0,14,2
215443,182.0,14,2
215444,125.0,14,2
215445,97.0,14,2
215446,85.0,14,2
215447,92.0,14,2
215448,56.0,14,2
215449,86.0,14,2
215450,91.0,14,2
215451,112.0,14,2
215452,189.0,14,2
215453,102.0,14,2
215454,88.0,14,2
215455,70.0,14,2
215456,54.0,14,2
215457,83.0,14,2
215458,107.0,14,2
215459,66.0,14,2
215460,124.0,15,2
215461,75.0,15,2
215462,54.0,15,2
215463,87.0,15,2
215464,121.0,15,2
215465,132.0,15,2
215466,85.0,15,2
215467,34.0,15,2
215468,82.0,15,2
215469,76.0,15,2
215470,65.0,15,2
215471,34.0,15,2
215472,69.0,15,2
215473,52.0,15,2
215474,113.0,15,2
215475,101.0,15,2
215476,91.0,15,2
215477,136.0,15,2
215478,92.0,15,2
215479,80.0,15,2
215480,50.0,15,2
215481,135.0,15,2
215482,81.0,15,2
215483,116.0,15,2
215484,144.0,15,2
215485,158.0,15,2
215486,158.0,15,2
215487,61.0,15,2
215488,81.0,15,2
215489,98.0,15,2
215490,96.0,15,2
215491,111.0,15,2
215492,80.0,15,2
215493,89.0,15,2
215494,153.0,15,2
215495,84.0,15,2
215496,132.0,15,2
215497,107.0,15,2
215498,76.0,15,2
215499,85.0,15,2
215500,123.0,15,2
215501,93.0,15,2
215502,108.0,15,2
215503,81.0,15,2
215504,81.0,15,2
215505,58.0,15,2
215506,126.0,15,2
215507,110.0,15,2
215508,106.0,15,2
215509,69.0,15,2
215510,98.0,15,2
215511,69.0,15,2
215512,178.0,15,2
215513,146.0,15,2
215514,97.0,15,2
215515,124.0,15,2
215516,75.0,15,2
215517,87.0,15,2
215518,90.0,15,2
215519,122.0,15,2
215520,81.0,16,2
215521,38.0,16,2
215522,69.0,16,2
215523,44.0,16,2
215524,38.0,16,2
215525,43.0,16,2
215526,51.0,16,2
215527,40.0,16,2
215528,83.0,16,2
215529,50.0,16,2
215530,40.0,16,2
215531,65.0,16,2
215532,126.0,16,2
215533,63.0,16,2
215534,64.0,16,2
215535,64.0,16,2
215536,61.0,16,2
215537,47.0,16,2
215538,55.0,16,2
215539,43.0,16,2
215540,103.0,16,2
215541,52.0,16,2
215542,96.0,16,2
215543,87.0,16,2
215544,68.0,16,2
215545,77.0,16,2
215546,51.0,16,2
215547,43.0,16,2
215548,39.0,16,2
215549,71.0,16,2
215550,54.0,16,2
215551,72.0,16,2
215552,71.0,16,2
215553,35.0,16,2
215554,86.0,16,2
215555,70.0,16,2
215556,106.0,16,2
215557,42.0,16,2
215558,74.0,16,2
215559,42.0,16,2
215560,85.0,16,2
215561,59.0,16,2
215562,108.0,16,2
215563,60.0,16,2
215564,47.0,16,2
215565,30.0,16,2
215566,54.0,16,2
215567,127.0,16,2
215568,61.0,16,2
215569,120.0,16,2
215570,97.0,16,2
215571,77.0,16,2
215572,85.0,16,2
215573,125.0,16,2
215574,132.0,16,2
215575,62.0,16,2
215576,124.0,16,2
215577,100.0,16,2
215578,111.0,16,2
215579,84.0,16,2
215580,82.0,17,2
215581,101.0,17,2
215582,112.0,17,2
215583,82.0,17,2
215584,109.0,17,2
215585,89.0,17,2
215586,75.0,17,2
215587,67.0,17,2
215588,120.0,17,2
215589,94.0,17,2
215590,79.0,17,2
215591,77.0,17,2
215592,84.0,17,2
215593,144.0,17,2
215594,94.0,17,2
215595,62.0,17,2
215596,48.0,17,2
215597,68.0,17,2
215598,60.0,17,2
215599,69.0,17,2
215600,80.0,17,2
215601,68.0,17,2
215602,80.0,17,2
215603,68.0,17,2
215604,45.0,17,2
215605,44.0,17,2
215606,28.0,17,2
215607,40.0,17,2
215608,34.0,17,2
215609,64.0,17,2
215610,89.0,17,2
215611,42.0,17,2
215612,30.0,17,2
215613,45.0,17,2
215614,81.0,17,2
215615,35.0,17,2
215616,63.0,17,2
215617,61.0,17,2
215618,44.0,17,2
215619,36.0,17,2
215620,44.0,17,2
215621,45.0,17,2
215622,68.0,17,2
215623,77.0,17,2
215624,41.0,17,2
215625,29.0,17,2
215626,38.0,17,2
215627,44.0,17,2
215628,46.0,17,2
215629,74.0,17,2
215630,65.0,17,2
215631,93.0,17,2
215632,59.0,17,2
215633,51.0,17,2
215634,72.0,17,2
215635,39.0,17,2
215636,47.0,17,2
215637,57.0,17,2
215638,63.0,17,2
215639,106.0,17,2
215640,110.0,18,2
215641,87.0,18,2
215642,75.0,18,2
215643,75.0,18,2
215644,132.0,18,2
215645,92.0,18,2
215646,61.0,18,2
215647,89.0,18,2
215648,96.0,18,2
215649,117.0,18,2
215650,92.0,18,2
215651,86.0,18,2
215652,117.0,18,2
215653,21.0,18,2
215654,0.0,18,2
215655,0.0,18,2
215656,0.0,18,2
215657,0.0,18,2
215658,607.0,18,2
215659,769.0,18,2
215660,1023.0,18,2
215661,1030.0,18,2
215662,1037.0,18,2
215663,1044.0,18,2
215664,1066.0,18,2
215665,1034.0,18,2
215666,1015.0,18,2
215667,1015.0,18,2
215668,991.0,18,2
215669,1028.0,18,2
215670,1029.0,18,2
215671,1065.0,18,2
215672,934.0,18,2
215673,1033.0,18,2
215674,1004.0,18,2
215675,1084.0,18,2
215676,1045.0,18,2
215677,1074.0,18,2
215678,1023.0,18,2
215679,1045.0,18,2
215680,1094.0,18,2
215681,1070.0,18,2
215682,1070.0,18,2
215683,1052.0,18,2
215684,1047.0,18,2
215685,1048.0,18,2
215686,1044.0,18,2
215687,1113.0,18,2
215688,1060.0,18,2
215689,999.0,18,2
215690,1035.0,18,2
215691,1041.0,18,2
215692,1045.0,18,2
215693,1078.0,18,2
215694,1009.0,18,2
215695,1079.0,18,2
215696,1018.0,18,2
215697,928.0,18,2
215698,1035.0,18,2
215699,1032.0,18,2
215700,963.0,19,2
215701,1002.0,19,2
215702,1043.0,19,2
215703,1011.0,19,2
215704,1034.0,19,2
215705,1104.0,19,2
215706,1115.0,19,2
215707,1099.0,19,2
215708,1037.0,19,2
215709,1002.0,19,2
215710,1051.0,19,2
215711,1063.0,19,2
215712,1012.0,19,2
215713,1065.0,19,2
215714,1007.0,19,2
215715,1056.0,19,2
215716,1069.0,19,2
215717,1046.0,19,2
215718,1067.0,19,2
215719,1080.0,19,2
215720,1045.0,19,2
215721,1022.0,19,2
215722,1032.0,19,2
215723,1062.0,19,2
215724,1048.0,19,2
215725,1069.0,19,2
215726,1060.0,19,2
215727,1036.0,19,2
215728,1047.0,19,2
215729,1051.0,19,2
215730,1033.0,19,2
215731,1025.0,19,2
215732,1037.0,19,2
215733,975.0,19,2
215734,1031.0,19,2
215735,1064.0,19,2
215736,1060.0,19,2
215737,1030.0,19,2
215738,1038.0,19,2
215739,1017.0,19,2
215740,992.0,19,2
215741,1017.0,19,2
215742,1053.0,19,2
215743,987.0,19,2
215744,1001.0,19,2
215745,1027.0,19,2
215746,1041.0,19,2
215747,1009.0,19,2
215748,1052.0,19,2
215749,953.0,19,2
215750,1008.0,19,2
215751,960.0,19,2
215752,1016.0,19,2
215753,943.0,19,2
215754,1014.0,19,2
215755,969.0,19,2
215756,961.0,19,2
215757,983.0,19,2
215758,990.0,19,2
215759,961.0,19,2
215760,921.0,20,2
215761,881.0,20,2
215762,993.0,20,2
215763,959.0,20,2
215764,1003.0,20,2
215765,865.0,20,2
215766,915.0,20,2
215767,962.0,20,2
215768,925.0,20,2
215769,928.0,20,2
215770,946.0,20,2
215771,901.0,20,2
215772,904.0,20,2
215773,953.0,20,2
215774,951.0,20,2
215775,839.0,20,2
215776,909.0,20,2
215777,941.0,20,2
215778,951.0,20,2
215779,936.0,20,2
215780,883.0,20,2
215781,934.0,20,2
215782,949.0,20,2
215783,928.0,20,2
215784,911.0,20,2
215785,848.0,20,2
215786,925.0,20,2
215787,869.0,20,2
215788,862.0,20,2
215789,881.0,20,2
215790,915.0,20,2
215791,536.0,20,2
215792,223.0,20,2
215793,313.0,20,2
215794,268.0,20,2
215795,342.0,20,2
215796,205.0,20,2
215797,289.0,20,2
215798,232.0,20,2
215799,299.0,20,2
215800,282.0,20,2
215801,329.0,20,2
215802,272.0,20,2
215803,307.0,20,2
215804,287.0,20,2
215805,318.0,20,2
215806,209.0,20,2
215807,277.0,20,2
215808,268.0,20,2
215809,323.0,20,2
215810,269.0,20,2
215811,314.0,20,2
215812,331.0,20,2
215813,327.0,20,2
215814,226.0,20,2
215815,285.0,20,2
215816,222.0,20,2
215817,340.0,20,2
215818,180.0,20,2
215819,250.0,20,2
215820,224.0,21,2
215821,273.0,21,2
215822,278.0,21,2
215823,252.0,21,2
215824,188.0,21,2
215825,348.0,21,2
215826,177.0,21,2
215827,288.0,21,2
215828,210.0,21,2
215829,236.0,21,2
215830,227.0,21,2
215831,230.0,21,2
215832,114.0,21,2
215833,268.0,21,2
215834,175.0,21,2
215835,229.0,21,2
215836,235.0,21,2
215837,255.0,21,2
215838,217.0,21,2
215839,273.0,21,2
215840,196.0,21,2
215841,276.0,21,2
215842,271.0,21,2
215843,344.0,21,2
215844,267.0,21,2
215845,248.0,21,2
215846,314.0,21,2
215847,272.0,21,2
215848,295.0,21,2
215849,306.0,21,2
215850,238.0,21,2
215851,291.0,21,2
215852,256.0,21,2
215853,247.0,21,2
215854,260.0,21,2
215855,256.0,21,2
215856,226.0,21,2
215857,269.0,21,2
215858,256.0,21,2
215859,265.0,21,2
215860,196.0,21,2
215861,299.0,21,2
215862,253.0,21,2
215863,332.0,21,2
215864,238.0,21,2
215865,278.0,21,2
215866,222.0,21,2
215867,290.0,21,2
215868,209.0,21,2
215869,261.0,21,2
215870,222.0,21,2
215871,224.0,21,2
215872,242.0,21,2
215873,239.0,21,2
215874,208.0,21,2
215875,292.0,21,2
215876,195.0,21,2
215877,280.0,21,2
215878,245.0,21,2
215879,254.0,21,2
215880,273.0,22,2
215881,322.0,22,2
215882,197.0,22,2
215883,235.0,22,2
215884,193.0,22,2
215885,318.0,22,2
215886,247.0,22,2
215887,304.0,22,2
215888,255.0,22,2
215889,264.0,22,2
215890,196.0,22,2
215891,225.0,22,2
215892,238.0,22,2
215893,260.0,22,2
215894,223.0,22,2
215895,258.0,22,2
215896,187.0,22,2
215897,246.0,22,2
215898,186.0,22,2
215899,229.0,22,2
215900,286.0,22,2
215901,261.0,22,2
215902,231.0,22,2
215903,197.0,22,2
215904,213.0,22,2
215905,223.0,22,2
215906,224.0,22,2
215907,205.0,22,2
215908,190.0,22,2
215909,203.0,22,2
215910,181.0,22,2
215911,232.0,22,2
215912,195.0,22,2
215913,274.0,22,2
215914,194.0,22,2
215915,238.0,22,2
215916,210.0,22,2
215917,212.0,22,2
215918,249.0,22,2
215919,245.0,22,2
215920,212.0,22,2
215921,229.0,22,2
215922,192.0,22,2
215923,206.0,22,2
215924,201.0,22,2
215925,234.0,22,2
215926,155.0,22,2
215927,211.0,22,2
215928,210.0,22,2
215929,223.0,22,2
215930,240.0,22,2
215931,240.0,22,2
215932,191.0,22,2
215933,189.0,22,2
215934,214.0,22,2
215935,234.0,22,2
215936,180.0,22,2
215937,213.0,22,2
215938,215.0,22,2
215939,190.0,22,2
215940,218.0,23,2
215941,186.0,23,2
215942,184.0,23,2
215943,220.0,23,2
215944,268.0,23,2
215945,201.0,23,2
215946,191.0,23,2
215947,186.0,23,2
215948,245.0,23,2
215949,185.0,23,2
215950,166.0,23,2
215951,211.0,23,2
215952,213.0,23,2
215953,171.0,23,2
215954,287.0,23,2
215955,191.0,23,2
215956,154.0,23,2
215957,183.0,23,2
215958,133.0,23,2
215959,212.0,23,2
215960,259.0,23,2
215961,203.0,23,2
215962,106.0,23,2
215963,1.0,23,2
215964,3.0,23,2
215965,0.0,23,2
215966,0.0,23,2
215967,0.0,23,2
215968,0.0,23,2
215969,0.0,23,2
215970,0.0,23,2
215971,0.0,23,2
215972,469.0,23,2
215973,892.0,23,2
215974,923.0,23,2
215975,1091.0,23,2
215976,1065.0,23,2
215977,954.0,23,2
215978,464.0,23,2
215979,171.0,23,2
215980,205.0,23,2
215981,210.0,23,2
215982,256.0,23,2
215983,246.0,23,2
215984,218.0,23,2
215985,209.0,23,2
215986,239.0,23,2
215987,186.0,23,2
215988,219.0,23,2
215989,219.0,23,2
215990,301.0,23,2
215991,186.0,23,2
215992,230.0,23,2
215993,195.0,23,2
215994,237.0,23,2
215995,223.0,23,2
215996,215.0,23,2
215997,200.0,23,2
215998,181.0,23,2
215999,184.0,23,2
216000,190.0,0,3
216001,203.0,0,3
216002,238.0,0,3
216003,206.0,0,3
216004,284.0,0,3
216005,230.0,0,3
216006,240.0,0,3
216007,204.0,0,3
216008,267.0,0,3
216009,220.0,0,3
216010,289.0,0,3
216011,217.0,0,3
216012,191.0,0,3
216013,224.0,0,3
216014,218.0,0,3
216015,138.0,0,3
216016,163.0,0,3
216017,214.0,0,3
216018,173.0,0,3
216019,167.0,0,3
216020,227.0,0,3
216021,336.0,0,3
216022,248.0,0,3
216023,250.0,0,3
216024,292.0,0,3
216025,240.0,0,3
216026,257.0,0,3
216027,217.0,0,3
216028,332.0,0,3
216029,240.0,0,3
216030,240.0,0,3
216031,225.0,0,3
216032,270.0,0,3
216033,265.0,0,3
216034,308.0,0,3
216035,277.0,0,3
216036,281.0,0,3
216037,233.0,0,3
216038,312.0,0,3
216039,193.0,0,3
216040,213.0,0,3
216041,255.0,0,3
216042,213.0,0,3
216043,315.0,0,3
216044,207.0,0,3
216045,181.0,0,3
216046,209.0,0,3
216047,223.0,0,3
216048,226.0,0,3
216049,192.0,0,3
216050,233.0,0,3
216051,191.0,0,3
216052,209.0,0,3
216053,186.0,0,3
216054,196.0,0,3
216055,188.0,0,3
216056,200.0,0,3
216057,171.0,0,3
216058,173.0,0,3
216059,169.0,0,3
216060,175.0,1,3
216061,200.0,1,3
216062,184.0,1,3
216063,216.0,1,3
216064,269.0,1,3
216065,235.0,1,3
216066,284.0,1,3
216067,211.0,1,3
216068,240.0,1,3
216069,176.0,1,3
216070,227.0,1,3
216071,195.0,1,3
216072,216.0,1,3
216073,167.0,1,3
216074,161.0,1,3
216075,204.0,1,3
216076,287.0,1,3
216077,218.0,1,3
216078,185.0,1,3
216079,177.0,1,3
216080,173.0,1,3
216081,136.0,1,3
216082,180.0,1,3
216083,186.0,1,3
216084,233.0,1,3
216085,206.0,1,3
216086,227.0,1,3
216087,183.0,1,3
216088,192.0,1,3
216089,187.0,1,3
216090,214.0,1,3
216091,191.0,1,3
216092,218.0,1,3
216093,212.0,1,3
216094,195.0,1,3
216095,178.0,1,3
216096,164.0,1,3
216097,164.0,1,3
216098,181.0,1,3
216099,206.0,1,3
216100,231.0,1,3
216101,202.0,1,3
216102,134.0,1,3
216103,161.0,1,3
216104,193.0,1,3
216105,177.0,1,3
216106,224.0,1,3
216107,178.0,1,3
216108,206.0,1,3
216109,233.0,1,3
216110,251.0,1,3
216111,240.0,1,3
216112,169.0,1,3
216113,177.0,1,3
216114,151.0,1,3
216115,202.0,1,3
216116,246.0,1,3
216117,206.0,1,3
216118,205.0,1,3
216119,189.0,1,3
216120,287.0,2,3
216121,306.0,2,3
216122,214.0,2,3
216123,209.0,2,3
216124,186.0,2,3
216125,269.0,2,3
216126,228.0,2,3
216127,163.0,2,3
216128,186.0,2,3
216129,167.0,2,3
216130,298.0,2,3
216131,206.0,2,3
216132,204.0,2,3
216133,177.0,2,3
216134,224.0,2,3
216135,237.0,2,3
216136,294.0,2,3
216137,234.0,2,3
216138,186.0,2,3
216139,225.0,2,3
216140,264.0,2,3
216141,288.0,2,3
216142,154.0,2,3
216143,172.0,2,3
216144,190.0,2,3
216145,206.0,2,3
216146,192.0,2,3
216147,150.0,2,3
216148,164.0,2,3
216149,178.0,2,3
216150,153.0,2,3
216151,185.0,2,3
216152,193.0,2,3
216153,173.0,2,3
216154,204.0,2,3
216155,212.0,2,3
216156,200.0,2,3
216157,196.0,2,3
216158,195.0,2,3
216159,190.0,2,3
216160,193.0,2,3
216161,174.0,2,3
216162,245.0,2,3
216163,217.0,2,3
216164,175.0,2,3
216165,195.0,2,3
216166,186.0,2,3
216167,161.0,2,3
216168,140.0,2,3
216169,156.0,2,3
216170,164.0,2,3
216171,196.0,2,3
216172,82.0,2,3
216173,0.0,2,3
216174,0.0,2,3
216175,0.0,2,3
216176,0.0,2,3
216177,0.0,2,3
216178,0.0,2,3
216179,8.0,2,3
216180,0.0,3,3
216181,0.0,3,3
216182,495.0,3,3
216183,990.0,3,3
216184,914.0,3,3
216185,180.0,3,3
216186,196.0,3,3
216187,176.0,3,3
216188,190.0,3,3
216189,211.0,3,3
216190,215.0,3,3
216191,139.0,3,3
216192,231.0,3,3
216193,203.0,3,3
216194,176.0,3,3
216195,224.0,3,3
216196,196.0,3,3
216197,203.0,3,3
216198,197.0,3,3
216199,139.0,3,3
216200,193.0,3,3
216201,181.0,3,3
216202,184.0,3,3
216203,177.0,3,3
216204,233.0,3,3
216205,212.0,3,3
216206,222.0,3,3
216207,177.0,3,3
216208,176.0,3,3
216209,196.0,3,3
216210,196.0,3,3
216211,208.0,3,3
216212,194.0,3,3
216213,184.0,3,3
216214,185.0,3,3
216215,175.0,3,3
216216,210.0,3,3
216217,197.0,3,3
216218,163.0,3,3
216219,184.0,3,3
216220,220.0,3,3
216221,252.0,3,3
216222,237.0,3,3
216223,168.0,3,3
216224,210.0,3,3
216225,190.0,3,3
216226,226.0,3,3
216227,209.0,3,3
216228,204.0,3,3
216229,272.0,3,3
216230,214.0,3,3
216231,223.0,3,3
216232,225.0,3,3
216233,169.0,3,3
216234,196.0,3,3
216235,193.0,3,3
216236,225.0,3,3
216237,195.0,3,3
216238,165.0,3,3
216239,213.0,3,3
216240,165.0,4,3
216241,195.0,4,3
216242,278.0,4,3
216243,200.0,4,3
216244,211.0,4,3
216245,143.0,4,3
216246,208.0,4,3
216247,169.0,4,3
216248,155.0,4,3
216249,206.0,4,3
216250,203.0,4,3
216251,198.0,4,3
216252,161.0,4,3
216253,156.0,4,3
216254,174.0,4,3
216255,178.0,4,3
216256,220.0,4,3
216257,189.0,4,3
216258,205.0,4,3
216259,216.0,4,3
216260,192.0,4,3
216261,203.0,4,3
216262,176.0,4,3
216263,155.0,4,3
216264,206.0,4,3
216265,185.0,4,3
216266,176.0,4,3
216267,200.0,4,3
216268,153.0,4,3
216269,169.0,4,3
216270,213.0,4,3
216271,205.0,4,3
216272,220.0,4,3
216273,203.0,4,3
216274,211.0,4,3
216275,224.0,4,3
216276,276.0,4,3
216277,186.0,4,3
216278,191.0,4,3
216279,151.0,4,3
216280,188.0,4,3
216281,208.0,4,3
216282,277.0,4,3
216283,191.0,4,3
216284,206.0,4,3
216285,190.0,4,3
216286,214.0,4,3
216287,181.0,4,3
216288,195.0,4,3
216289,180.0,4,3
216290,193.0,4,3
216291,170.0,4,3
216292,183.0,4,3
216293,152.0,4,3
216294,231.0,4,3
216295,192.0,4,3
216296,200.0,4,3
216297,173.0,4,3
216298,185.0,4,3
216299,204.0,4,3
216300,188.0,5,3
216301,180.0,5,3
216302,272.0,5,3
216303,214.0,5,3
216304,159.0,5,3
216305,162.0,5,3
216306,165.0,5,3
216307,166.0,5,3
216308,189.0,5,3
216309,195.0,5,3
216310,175.0,5,3
216311,211.0,5,3
216312,196.0,5,3
216313,169.0,5,3
216314,167.0,5,3
216315,170.0,5,3
216316,158.0,5,3
216317,167.0,5,3
216318,244.0,5,3
216319,216.0,5,3
216320,218.0,5,3
216321,214.0,5,3
216322,246.0,5,3
216323,187.0,5,3
216324,184.0,5,3
216325,150.0,5,3
216326,212.0,5,3
216327,170.0,5,3
216328,203.0,5,3
216329,226.0,5,3
216330,205.0,5,3
216331,170.0,5,3
216332,132.0,5,3
216333,166.0,5,3
216334,243.0,5,3
216335,160.0,5,3
216336,156.0,5,3
216337,159.0,5,3
216338,193.0,5,3
216339,168.0,5,3
216340,214.0,5,3
216341,195.0,5,3
216342,330.0,5,3
216343,189.0,5,3
216344,201.0,5,3
216345,176.0,5,3
216346,210.0,5,3
216347,187.0,5,3
216348,184.0,5,3
216349,143.0,5,3
216350,196.0,5,3
216351,222.0,5,3
216352,170.0,5,3
216353,206.0,5,3
216354,186.0,5,3
216355,220.0,5,3
216356,185.0,5,3
216357,172.0,5,3
216358,192.0,5,3
216359,184.0,5,3
216360,204.0,6,3
216361,197.0,6,3
216362,272.0,6,3
216363,216.0,6,3
216364,197.0,6,3
216365,201.0,6,3
216366,211.0,6,3
216367,158.0,6,3
216368,170.0,6,3
216369,172.0,6,3
216370,203.0,6,3
216371,223.0,6,3
216372,197.0,6,3
216373,206.0,6,3
216374,187.0,6,3
216375,192.0,6,3
216376,183.0,6,3
216377,175.0,6,3
216378,163.0,6,3
216379,150.0,6,3
216380,177.0,6,3
216381,159.0,6,3
216382,178.0,6,3
216383,196.0,6,3
216384,222.0,6,3
216385,217.0,6,3
216386,232.0,6,3
216387,217.0,6,3
216388,239.0,6,3
216389,211.0,6,3
216390,272.0,6,3
216391,185.0,6,3
216392,193.0,6,3
216393,186.0,6,3
216394,208.0,6,3
216395,168.0,6,3
216396,209.0,6,3
216397,185.0,6,3
216398,217.0,6,3
216399,177.0,6,3
216400,203.0,6,3
216401,188.0,6,3
216402,178.0,6,3
216403,182.0,6,3
216404,216.0,6,3
216405,190.0,6,3
216406,149.0,6,3
216407,172.0,6,3
216408,191.0,6,3
216409,154.0,6,3
216410,197.0,6,3
216411,181.0,6,3
216412,200.0,6,3
216413,313.0,6,3
216414,243.0,6,3
216415,177.0,6,3
216416,182.0,6,3
216417,156.0,6,3
216418,180.0,6,3
216419,184.0,6,3
216420,237.0,7,3
216421,147.0,7,3
216422,161.0,7,3
216423,212.0,7,3
216424,247.0,7,3
216425,276.0,7,3
216426,272.0,7,3
216427,196.0,7,3
216428,167.0,7,3
216429,234.0,7,3
216430,233.0,7,3
216431,231.0,7,3
216432,187.0,7,3
216433,238.0,7,3
216434,205.0,7,3
216435,213.0,7,3
216436,231.0,7,3
216437,213.0,7,3
216438,187.0,7,3
216439,213.0,7,3
216440,189.0,7,3
216441,225.0,7,3
216442,266.0,7,3
216443,245.0,7,3
216444,207.0,7,3
216445,208.0,7,3
216446,197.0,7,3
216447,184.0,7,3
216448,188.0,7,3
216449,226.0,7,3
216450,186.0,7,3
216451,207.0,7,3
216452,212.0,7,3
216453,192.0,7,3
216454,239.0,7,3
216455,177.0,7,3
216456,245.0,7,3
216457,200.0,7,3
216458,171.0,7,3
216459,195.0,7,3
216460,237.0,7,3
216461,194.0,7,3
216462,167.0,7,3
216463,183.0,7,3
216464,228.0,7,3
216465,190.0,7,3
216466,239.0,7,3
216467,192.0,7,3
216468,212.0,7,3
216469,189.0,7,3
216470,196.0,7,3
216471,207.0,7,3
216472,202.0,7,3
216473,154.0,7,3
216474,193.0,7,3
216475,191.0,7,3
216476,260.0,7,3
216477,219.0,7,3
216478,191.0,7,3
216479,194.0,7,3
216480,257.0,8,3
216481,291.0,8,3
216482,220.0,8,3
216483,212.0,8,3
216484,262.0,8,3
216485,195.0,8,3
216486,235.0,8,3
216487,224.0,8,3
216488,215.0,8,3
216489,187.0,8,3
216490,184.0,8,3
216491,164.0,8,3
216492,169.0,8,3
216493,165.0,8,3
216494,206.0,8,3
216495,196.0,8,3
216496,187.0,8,3
216497,202.0,8,3
216498,214.0,8,3
216499,209.0,8,3
216500,226.0,8,3
216501,171.0,8,3
216502,194.0,8,3
216503,219.0,8,3
216504,210.0,8,3
216505,155.0,8,3
216506,165.0,8,3
216507,182.0,8,3
216508,197.0,8,3
216509,190.0,8,3
216510,252.0,8,3
216511,204.0,8,3
216512,192.0,8,3
216513,177.0,8,3
216514,272.0,8,3
216515,228.0,8,3
216516,271.0,8,3
216517,175.0,8,3
216518,214.0,8,3
216519,176.0,8,3
216520,218.0,8,3
216521,168.0,8,3
216522,200.0,8,3
216523,176.0,8,3
216524,248.0,8,3
216525,206.0,8,3
216526,208.0,8,3
216527,188.0,8,3
216528,152.0,8,3
216529,167.0,8,3
216530,261.0,8,3
216531,208.0,8,3
216532,201.0,8,3
216533,203.0,8,3
216534,239.0,8,3
216535,293.0,8,3
216536,264.0,8,3
216537,170.0,8,3
216538,187.0,8,3
216539,143.0,8,3
216540,316.0,9,3
216541,354.0,9,3
216542,226.0,9,3
216543,286.0,9,3
216544,299.0,9,3
216545,260.0,9,3
216546,279.0,9,3
216547,238.0,9,3
216548,239.0,9,3
216549,249.0,9,3
216550,248.0,9,3
216551,243.0,9,3
216552,233.0,9,3
216553,208.0,9,3
216554,298.0,9,3
216555,210.0,9,3
216556,262.0,9,3
216557,250.0,9,3
216558,207.0,9,3
216559,183.0,9,3
216560,213.0,9,3
216561,346.0,9,3
216562,190.0,9,3
216563,195.0,9,3
216564,259.0,9,3
216565,186.0,9,3
216566,239.0,9,3
216567,186.0,9,3
216568,220.0,9,3
216569,264.0,9,3
216570,235.0,9,3
216571,188.0,9,3
216572,225.0,9,3
216573,198.0,9,3
216574,270.0,9,3
216575,236.0,9,3
216576,340.0,9,3
216577,188.0,9,3
216578,247.0,9,3
216579,185.0,9,3
216580,253.0,9,3
216581,281.0,9,3
216582,238.0,9,3
216583,264.0,9,3
216584,296.0,9,3
216585,214.0,9,3
216586,308.0,9,3
216587,224.0,9,3
216588,296.0,9,3
216589,222.0,9,3
216590,238.0,9,3
216591,202.0,9,3
216592,233.0,9,3
216593,236.0,9,3
216594,274.0,9,3
216595,195.0,9,3
216596,42.0,9,3
216597,6.0,9,3
216598,4.0,9,3
216599,8.0,9,3
216600,1.0,10,3
216601,2.0,10,3
216602,1.0,10,3
216603,9.0,10,3
216604,14.0,10,3
216605,2.0,10,3
216606,832.0,10,3
216607,1006.0,10,3
216608,916.0,10,3
216609,1054.0,10,3
216610,894.0,10,3
216611,310.0,10,3
216612,621.0,10,3
216613,293.0,10,3
216614,659.0,10,3
216615,272.0,10,3
216616,500.0,10,3
216617,270.0,10,3
216618,330.0,10,3
216619,279.0,10,3
216620,327.0,10,3
216621,310.0,10,3
216622,295.0,10,3
216623,306.0,10,3
216624,454.0,10,3
216625,284.0,10,3
216626,313.0,10,3
216627,288.0,10,3
216628,329.0,10,3
216629,284.0,10,3
216630,363.0,10,3
216631,299.0,10,3
216632,410.0,10,3
216633,254.0,10,3
216634,402.0,10,3
216635,262.0,10,3
216636,424.0,10,3
216637,269.0,10,3
216638,384.0,10,3
216639,252.0,10,3
216640,376.0,10,3
216641,373.0,10,3
216642,361.0,10,3
216643,246.0,10,3
216644,388.0,10,3
216645,282.0,10,3
216646,344.0,10,3
216647,227.0,10,3
216648,361.0,10,3
216649,223.0,10,3
216650,471.0,10,3
216651,292.0,10,3
216652,371.0,10,3
216653,223.0,10,3
216654,428.0,10,3
216655,245.0,10,3
216656,342.0,10,3
216657,306.0,10,3
216658,335.0,10,3
216659,245.0,10,3
216660,328.0,11,3
216661,370.0,11,3
216662,424.0,11,3
216663,269.0,11,3
216664,361.0,11,3
216665,370.0,11,3
216666,642.0,11,3
216667,332.0,11,3
216668,603.0,11,3
216669,327.0,11,3
216670,453.0,11,3
216671,324.0,11,3
216672,476.0,11,3
216673,302.0,11,3
216674,490.0,11,3
216675,289.0,11,3
216676,528.0,11,3
216677,298.0,11,3
216678,365.0,11,3
216679,271.0,11,3
216680,326.0,11,3
216681,323.0,11,3
216682,351.0,11,3
216683,226.0,11,3
216684,427.0,11,3
216685,273.0,11,3
216686,358.0,11,3
216687,279.0,11,3
216688,435.0,11,3
216689,318.0,11,3
216690,357.0,11,3
216691,268.0,11,3
216692,361.0,11,3
216693,264.0,11,3
216694,330.0,11,3
216695,261.0,11,3
216696,358.0,11,3
216697,312.0,11,3
216698,388.0,11,3
216699,255.0,11,3
216700,386.0,11,3
216701,306.0,11,3
216702,434.0,11,3
216703,298.0,11,3
216704,377.0,11,3
216705,261.0,11,3
216706,351.0,11,3
216707,266.0,11,3
216708,354.0,11,3
216709,296.0,11,3
216710,301.0,11,3
216711,265.0,11,3
216712,341.0,11,3
216713,239.0,11,3
216714,324.0,11,3
216715,237.0,11,3
216716,345.0,11,3
216717,201.0,11,3
216718,355.0,11,3
216719,201.0,11,3
216720,320.0,12,3
216721,301.0,12,3
216722,379.0,12,3
216723,322.0,12,3
216724,537.0,12,3
216725,264.0,12,3
216726,406.0,12,3
216727,290.0,12,3
216728,290.0,12,3
216729,260.0,12,3
216730,296.0,12,3
216731,280.0,12,3
216732,428.0,12,3
216733,280.0,12,3
216734,344.0,12,3
216735,260.0,12,3
216736,553.0,12,3
216737,308.0,12,3
216738,334.0,12,3
216739,268.0,12,3
216740,452.0,12,3
216741,423.0,12,3
216742,471.0,12,3
216743,291.0,12,3
216744,300.0,12,3
216745,328.0,12,3
216746,353.0,12,3
216747,309.0,12,3
216748,288.0,12,3
216749,274.0,12,3
216750,339.0,12,3
216751,315.0,12,3
216752,324.0,12,3
216753,291.0,12,3
216754,396.0,12,3
216755,327.0,12,3
216756,344.0,12,3
216757,309.0,12,3
216758,353.0,12,3
216759,281.0,12,3
216760,311.0,12,3
216761,267.0,12,3
216762,326.0,12,3
216763,289.0,12,3
216764,333.0,12,3
216765,246.0,12,3
216766,387.0,12,3
216767,304.0,12,3
216768,273.0,12,3
216769,274.0,12,3
216770,379.0,12,3
216771,309.0,12,3
216772,390.0,12,3
216773,257.0,12,3
216774,378.0,12,3
216775,292.0,12,3
216776,373.0,12,3
216777,269.0,12,3
216778,346.0,12,3
216779,245.0,12,3
216780,344.0,13,3
216781,279.0,13,3
216782,341.0,13,3
216783,313.0,13,3
216784,488.0,13,3
216785,318.0,13,3
216786,561.0,13,3
216787,315.0,13,3
216788,491.0,13,3
216789,261.0,13,3
216790,489.0,13,3
216791,246.0,13,3
216792,536.0,13,3
216793,242.0,13,3
216794,457.0,13,3
216795,232.0,13,3
216796,463.0,13,3
216797,260.0,13,3
216798,610.0,13,3
216799,260.0,13,3
216800,408.0,13,3
216801,261.0,13,3
216802,321.0,13,3
216803,201.0,13,3
216804,396.0,13,3
216805,260.0,13,3
216806,392.0,13,3
216807,264.0,13,3
216808,348.0,13,3
216809,248.0,13,3
216810,277.0,13,3
216811,282.0,13,3
216812,344.0,13,3
216813,229.0,13,3
216814,233.0,13,3
216815,235.0,13,3
216816,296.0,13,3
216817,280.0,13,3
216818,292.0,13,3
216819,296.0,13,3
216820,257.0,13,3
216821,262.0,13,3
216822,277.0,13,3
216823,275.0,13,3
216824,300.0,13,3
216825,260.0,13,3
216826,372.0,13,3
216827,250.0,13,3
216828,274.0,13,3
216829,233.0,13,3
216830,260.0,13,3
216831,206.0,13,3
216832,297.0,13,3
216833,207.0,13,3
216834,298.0,13,3
216835,213.0,13,3
216836,277.0,13,3
216837,228.0,13,3
216838,267.0,13,3
216839,44.0,13,3
216840,16.0,14,3
216841,0.0,14,3
216842,1.0,14,3
216843,0.0,14,3
216844,4.0,14,3
216845,1.0,14,3
216846,0.0,14,3
216847,0.0,14,3
216848,0.0,14,3
216849,793.0,14,3
216850,970.0,14,3
216851,1001.0,14,3
216852,869.0,14,3
216853,237.0,14,3
216854,395.0,14,3
216855,152.0,14,3
216856,362.0,14,3
216857,195.0,14,3
216858,517.0,14,3
216859,223.0,14,3
216860,458.0,14,3
216861,231.0,14,3
216862,491.0,14,3
216863,207.0,14,3
216864,310.0,14,3
216865,202.0,14,3
216866,300.0,14,3
216867,213.0,14,3
216868,311.0,14,3
216869,235.0,14,3
216870,228.0,14,3
216871,173.0,14,3
216872,281.0,14,3
216873,228.0,14,3
216874,267.0,14,3
216875,212.0,14,3
216876,259.0,14,3
216877,206.0,14,3
216878,249.0,14,3
216879,227.0,14,3
216880,245.0,14,3
216881,215.0,14,3
216882,391.0,14,3
216883,207.0,14,3
216884,238.0,14,3
216885,238.0,14,3
216886,262.0,14,3
216887,239.0,14,3
216888,250.0,14,3
216889,239.0,14,3
216890,281.0,14,3
216891,265.0,14,3
216892,276.0,14,3
216893,218.0,14,3
216894,205.0,14,3
216895,215.0,14,3
216896,291.0,14,3
216897,238.0,14,3
216898,295.0,14,3
216899,231.0,14,3
216900,266.0,15,3
216901,225.0,15,3
216902,359.0,15,3
216903,227.0,15,3
216904,354.0,15,3
216905,261.0,15,3
216906,456.0,15,3
216907,244.0,15,3
216908,380.0,15,3
216909,260.0,15,3
216910,378.0,15,3
216911,246.0,15,3
216912,445.0,15,3
216913,240.0,15,3
216914,521.0,15,3
216915,239.0,15,3
216916,404.0,15,3
216917,206.0,15,3
216918,361.0,15,3
216919,224.0,15,3
216920,454.0,15,3
216921,213.0,15,3
216922,315.0,15,3
216923,285.0,15,3
216924,372.0,15,3
216925,364.0,15,3
216926,320.0,15,3
216927,261.0,15,3
216928,212.0,15,3
216929,254.0,15,3
216930,269.0,15,3
216931,246.0,15,3
216932,272.0,15,3
216933,252.0,15,3
216934,284.0,15,3
216935,244.0,15,3
216936,298.0,15,3
216937,334.0,15,3
216938,267.0,15,3
216939,262.0,15,3
216940,244.0,15,3
216941,249.0,15,3
216942,365.0,15,3
216943,258.0,15,3
216944,304.0,15,3
216945,294.0,15,3
216946,229.0,15,3
216947,204.0,15,3
216948,297.0,15,3
216949,237.0,15,3
216950,272.0,15,3
216951,215.0,15,3
216952,287.0,15,3
216953,259.0,15,3
216954,251.0,15,3
216955,208.0,15,3
216956,275.0,15,3
216957,257.0,15,3
216958,259.0,15,3
216959,222.0,15,3
216960,249.0,16,3
216961,256.0,16,3
216962,370.0,16,3
216963,253.0,16,3
216964,371.0,16,3
216965,215.0,16,3
216966,419.0,16,3
216967,260.0,16,3
216968,274.0,16,3
216969,240.0,16,3
216970,294.0,16,3
216971,277.0,16,3
216972,377.0,16,3
216973,219.0,16,3
216974,444.0,16,3
216975,281.0,16,3
216976,343.0,16,3
216977,247.0,16,3
216978,285.0,16,3
216979,268.0,16,3
216980,468.0,16,3
216981,203.0,16,3
216982,339.0,16,3
216983,230.0,16,3
216984,366.0,16,3
216985,276.0,16,3
216986,343.0,16,3
216987,236.0,16,3
216988,309.0,16,3
216989,194.0,16,3
216990,256.0,16,3
216991,264.0,16,3
216992,302.0,16,3
216993,210.0,16,3
216994,276.0,16,3
216995,226.0,16,3
216996,291.0,16,3
216997,232.0,16,3
216998,317.0,16,3
216999,289.0,16,3
217000,385.0,16,3
217001,274.0,16,3
217002,312.0,16,3
217003,204.0,16,3
217004,268.0,16,3
217005,206.0,16,3
217006,306.0,16,3
217007,252.0,16,3
217008,270.0,16,3
217009,211.0,16,3
217010,255.0,16,3
217011,257.0,16,3
217012,373.0,16,3
217013,289.0,16,3
217014,326.0,16,3
217015,257.0,16,3
217016,354.0,16,3
217017,231.0,16,3
217018,375.0,16,3
217019,231.0,16,3
217020,360.0,17,3
217021,266.0,17,3
217022,323.0,17,3
217023,323.0,17,3
217024,299.0,17,3
217025,228.0,17,3
217026,346.0,17,3
217027,216.0,17,3
217028,414.0,17,3
217029,229.0,17,3
217030,356.0,17,3
217031,243.0,17,3
217032,386.0,17,3
217033,203.0,17,3
217034,393.0,17,3
217035,271.0,17,3
217036,450.0,17,3
217037,213.0,17,3
217038,352.0,17,3
217039,218.0,17,3
217040,514.0,17,3
217041,354.0,17,3
217042,455.0,17,3
217043,310.0,17,3
217044,353.0,17,3
217045,227.0,17,3
217046,328.0,17,3
217047,245.0,17,3
217048,428.0,17,3
217049,235.0,17,3
217050,359.0,17,3
217051,238.0,17,3
217052,256.0,17,3
217053,299.0,17,3
217054,357.0,17,3
217055,225.0,17,3
217056,323.0,17,3
217057,256.0,17,3
217058,352.0,17,3
217059,208.0,17,3
217060,482.0,17,3
217061,311.0,17,3
217062,381.0,17,3
217063,235.0,17,3
217064,423.0,17,3
217065,230.0,17,3
217066,385.0,17,3
217067,312.0,17,3
217068,383.0,17,3
217069,291.0,17,3
217070,461.0,17,3
217071,360.0,17,3
217072,423.0,17,3
217073,384.0,17,3
217074,370.0,17,3
217075,310.0,17,3
217076,404.0,17,3
217077,302.0,17,3
217078,341.0,17,3
217079,255.0,17,3
217080,291.0,18,3
217081,163.0,18,3
217082,268.0,18,3
217083,103.0,18,3
217084,300.0,18,3
217085,145.0,18,3
217086,222.0,18,3
217087,170.0,18,3
217088,278.0,18,3
217089,154.0,18,3
217090,302.0,18,3
217091,275.0,18,3
217092,343.0,18,3
217093,278.0,18,3
217094,383.0,18,3
217095,271.0,18,3
217096,355.0,18,3
217097,258.0,18,3
217098,326.0,18,3
217099,239.0,18,3
217100,348.0,18,3
217101,321.0,18,3
217102,322.0,18,3
217103,344.0,18,3
217104,353.0,18,3
217105,234.0,18,3
217106,344.0,18,3
217107,292.0,18,3
217108,375.0,18,3
217109,304.0,18,3
217110,345.0,18,3
217111,277.0,18,3
217112,303.0,18,3
217113,293.0,18,3
217114,323.0,18,3
217115,398.0,18,3
217116,365.0,18,3
217117,195.0,18,3
217118,355.0,18,3
217119,337.0,18,3
217120,384.0,18,3
217121,352.0,18,3
217122,320.0,18,3
217123,289.0,18,3
217124,362.0,18,3
217125,260.0,18,3
217126,369.0,18,3
217127,275.0,18,3
217128,335.0,18,3
217129,338.0,18,3
217130,293.0,18,3
217131,292.0,18,3
217132,110.0,18,3
217133,0.0,18,3
217134,1.0,18,3
217135,2.0,18,3
217136,1.0,18,3
217137,0.0,18,3
217138,6.0,18,3
217139,1.0,18,3
217140,0.0,19,3
217141,1.0,19,3
217142,394.0,19,3
217143,867.0,19,3
217144,855.0,19,3
217145,837.0,19,3
217146,1018.0,19,3
217147,488.0,19,3
217148,421.0,19,3
217149,268.0,19,3
217150,340.0,19,3
217151,260.0,19,3
217152,238.0,19,3
217153,238.0,19,3
217154,313.0,19,3
217155,252.0,19,3
217156,342.0,19,3
217157,223.0,19,3
217158,335.0,19,3
217159,194.0,19,3
217160,303.0,19,3
217161,299.0,19,3
217162,322.0,19,3
217163,280.0,19,3
217164,304.0,19,3
217165,240.0,19,3
217166,330.0,19,3
217167,235.0,19,3
217168,300.0,19,3
217169,298.0,19,3
217170,317.0,19,3
217171,301.0,19,3
217172,268.0,19,3
217173,223.0,19,3
217174,280.0,19,3
217175,264.0,19,3
217176,234.0,19,3
217177,218.0,19,3
217178,400.0,19,3
217179,302.0,19,3
217180,342.0,19,3
217181,293.0,19,3
217182,101.0,19,3
217183,0.0,19,3
217184,0.0,19,3
217185,0.0,19,3
217186,0.0,19,3
217187,1.0,19,3
217188,0.0,19,3
217189,0.0,19,3
217190,0.0,19,3
217191,0.0,19,3
217192,580.0,19,3
217193,836.0,19,3
217194,1029.0,19,3
217195,1024.0,19,3
217196,749.0,19,3
217197,201.0,19,3
217198,303.0,19,3
217199,197.0,19,3
217200,282.0,20,3
217201,363.0,20,3
217202,284.0,20,3
217203,214.0,20,3
217204,290.0,20,3
217205,317.0,20,3
217206,331.0,20,3
217207,222.0,20,3
217208,327.0,20,3
217209,272.0,20,3
217210,314.0,20,3
217211,245.0,20,3
217212,282.0,20,3
217213,206.0,20,3
217214,280.0,20,3
217215,258.0,20,3
217216,332.0,20,3
217217,226.0,20,3
217218,315.0,20,3
217219,226.0,20,3
217220,332.0,20,3
217221,265.0,20,3
217222,349.0,20,3
217223,227.0,20,3
217224,270.0,20,3
217225,299.0,20,3
217226,303.0,20,3
217227,210.0,20,3
217228,338.0,20,3
217229,218.0,20,3
217230,252.0,20,3
217231,242.0,20,3
217232,279.0,20,3
217233,360.0,20,3
217234,269.0,20,3
217235,243.0,20,3
217236,316.0,20,3
217237,253.0,20,3
217238,289.0,20,3
217239,370.0,20,3
217240,297.0,20,3
217241,238.0,20,3
217242,327.0,20,3
217243,212.0,20,3
217244,200.0,20,3
217245,214.0,20,3
217246,288.0,20,3
217247,224.0,20,3
217248,299.0,20,3
217249,245.0,20,3
217250,334.0,20,3
217251,234.0,20,3
217252,326.0,20,3
217253,209.0,20,3
217254,323.0,20,3
217255,255.0,20,3
217256,355.0,20,3
217257,207.0,20,3
217258,287.0,20,3
217259,236.0,20,3
217260,292.0,21,3
217261,314.0,21,3
217262,344.0,21,3
217263,294.0,21,3
217264,339.0,21,3
217265,302.0,21,3
217266,357.0,21,3
217267,238.0,21,3
217268,220.0,21,3
217269,180.0,21,3
217270,302.0,21,3
217271,205.0,21,3
217272,288.0,21,3
217273,254.0,21,3
217274,281.0,21,3
217275,329.0,21,3
217276,307.0,21,3
217277,298.0,21,3
217278,275.0,21,3
217279,211.0,21,3
217280,245.0,21,3
217281,236.0,21,3
217282,265.0,21,3
217283,235.0,21,3
217284,331.0,21,3
217285,284.0,21,3
217286,287.0,21,3
217287,302.0,21,3
217288,240.0,21,3
217289,340.0,21,3
217290,266.0,21,3
217291,279.0,21,3
217292,200.0,21,3
217293,278.0,21,3
217294,240.0,21,3
217295,273.0,21,3
217296,219.0,21,3
217297,213.0,21,3
217298,259.0,21,3
217299,256.0,21,3
217300,265.0,21,3
217301,249.0,21,3
217302,191.0,21,3
217303,254.0,21,3
217304,189.0,21,3
217305,256.0,21,3
217306,211.0,21,3
217307,242.0,21,3
217308,182.0,21,3
217309,247.0,21,3
217310,195.0,21,3
217311,237.0,21,3
217312,178.0,21,3
217313,232.0,21,3
217314,238.0,21,3
217315,278.0,21,3
217316,197.0,21,3
217317,286.0,21,3
217318,178.0,21,3
217319,227.0,21,3
217320,189.0,22,3
217321,427.0,22,3
217322,173.0,22,3
217323,256.0,22,3
217324,212.0,22,3
217325,375.0,22,3
217326,240.0,22,3
217327,267.0,22,3
217328,205.0,22,3
217329,191.0,22,3
217330,178.0,22,3
217331,285.0,22,3
217332,215.0,22,3
217333,269.0,22,3
217334,190.0,22,3
217335,303.0,22,3
217336,202.0,22,3
217337,187.0,22,3
217338,198.0,22,3
217339,238.0,22,3
217340,202.0,22,3
217341,326.0,22,3
217342,203.0,22,3
217343,257.0,22,3
217344,173.0,22,3
217345,240.0,22,3
217346,173.0,22,3
217347,217.0,22,3
217348,146.0,22,3
217349,173.0,22,3
217350,192.0,22,3
217351,210.0,22,3
217352,168.0,22,3
217353,256.0,22,3
217354,136.0,22,3
217355,214.0,22,3
217356,187.0,22,3
217357,230.0,22,3
217358,201.0,22,3
217359,149.0,22,3
217360,155.0,22,3
217361,272.0,22,3
217362,109.0,22,3
217363,107.0,22,3
217364,172.0,22,3
217365,207.0,22,3
217366,160.0,22,3
217367,216.0,22,3
217368,167.0,22,3
217369,136.0,22,3
217370,122.0,22,3
217371,173.0,22,3
217372,136.0,22,3
217373,154.0,22,3
217374,169.0,22,3
217375,220.0,22,3
217376,156.0,22,3
217377,169.0,22,3
217378,190.0,22,3
217379,160.0,22,3
217380,153.0,23,3
217381,219.0,23,3
217382,186.0,23,3
217383,175.0,23,3
217384,185.0,23,3
217385,224.0,23,3
217386,217.0,23,3
217387,198.0,23,3
217388,192.0,23,3
217389,187.0,23,3
217390,166.0,23,3
217391,189.0,23,3
217392,181.0,23,3
217393,175.0,23,3
217394,235.0,23,3
217395,197.0,23,3
217396,198.0,23,3
217397,165.0,23,3
217398,184.0,23,3
217399,203.0,23,3
217400,279.0,23,3
217401,250.0,23,3
217402,285.0,23,3
217403,193.0,23,3
217404,229.0,23,3
217405,223.0,23,3
217406,167.0,23,3
217407,177.0,23,3
217408,165.0,23,3
217409,205.0,23,3
217410,414.0,23,3
217411,985.0,23,3
217412,918.0,23,3
217413,883.0,23,3
217414,753.0,23,3
217415,224.0,23,3
217416,216.0,23,3
217417,228.0,23,3
217418,194.0,23,3
217419,240.0,23,3
217420,208.0,23,3
217421,201.0,23,3
217422,260.0,23,3
217423,248.0,23,3
217424,244.0,23,3
217425,294.0,23,3
217426,168.0,23,3
217427,230.0,23,3
217428,206.0,23,3
217429,166.0,23,3
217430,184.0,23,3
217431,218.0,23,3
217432,197.0,23,3
217433,225.0,23,3
217434,182.0,23,3
217435,182.0,23,3
217436,213.0,23,3
217437,159.0,23,3
217438,139.0,23,3
217439,217.0,23,3
217440,177.0,0,4
217441,229.0,0,4
217442,295.0,0,4
217443,229.0,0,4
217444,181.0,0,4
217445,220.0,0,4
217446,240.0,0,4
217447,196.0,0,4
217448,207.0,0,4
217449,197.0,0,4
217450,210.0,0,4
217451,234.0,0,4
217452,194.0,0,4
217453,218.0,0,4
217454,191.0,0,4
217455,186.0,0,4
217456,214.0,0,4
217457,225.0,0,4
217458,186.0,0,4
217459,231.0,0,4
217460,202.0,0,4
217461,203.0,0,4
217462,203.0,0,4
217463,209.0,0,4
217464,209.0,0,4
217465,222.0,0,4
217466,246.0,0,4
217467,266.0,0,4
217468,225.0,0,4
217469,207.0,0,4
217470,193.0,0,4
217471,211.0,0,4
217472,156.0,0,4
217473,229.0,0,4
217474,198.0,0,4
217475,194.0,0,4
217476,197.0,0,4
217477,166.0,0,4
217478,209.0,0,4
217479,190.0,0,4
217480,173.0,0,4
217481,276.0,0,4
217482,302.0,0,4
217483,204.0,0,4
217484,185.0,0,4
217485,223.0,0,4
217486,213.0,0,4
217487,243.0,0,4
217488,208.0,0,4
217489,220.0,0,4
217490,205.0,0,4
217491,210.0,0,4
217492,78.0,0,4
217493,0.0,0,4
217494,0.0,0,4
217495,0.0,0,4
217496,1.0,0,4
217497,0.0,0,4
217498,0.0,0,4
217499,6.0,0,4
217500,1.0,1,4
217501,0.0,1,4
217502,579.0,1,4
217503,1048.0,1,4
217504,897.0,1,4
217505,204.0,1,4
217506,182.0,1,4
217507,206.0,1,4
217508,203.0,1,4
217509,236.0,1,4
217510,192.0,1,4
217511,216.0,1,4
217512,175.0,1,4
217513,148.0,1,4
217514,123.0,1,4
217515,141.0,1,4
217516,152.0,1,4
217517,189.0,1,4
217518,174.0,1,4
217519,172.0,1,4
217520,267.0,1,4
217521,212.0,1,4
217522,147.0,1,4
217523,171.0,1,4
217524,165.0,1,4
217525,169.0,1,4
217526,178.0,1,4
217527,183.0,1,4
217528,160.0,1,4
217529,196.0,1,4
217530,178.0,1,4
217531,192.0,1,4
217532,213.0,1,4
217533,214.0,1,4
217534,198.0,1,4
217535,193.0,1,4
217536,226.0,1,4
217537,181.0,1,4
217538,167.0,1,4
217539,151.0,1,4
217540,290.0,1,4
217541,206.0,1,4
217542,195.0,1,4
217543,184.0,1,4
217544,176.0,1,4
217545,213.0,1,4
217546,181.0,1,4
217547,203.0,1,4
217548,173.0,1,4
217549,208.0,1,4
217550,211.0,1,4
217551,233.0,1,4
217552,232.0,1,4
217553,220.0,1,4
217554,168.0,1,4
217555,211.0,1,4
217556,195.0,1,4
217557,198.0,1,4
217558,228.0,1,4
217559,240.0,1,4
217560,251.0,2,4
217561,239.0,2,4
217562,203.0,2,4
217563,211.0,2,4
217564,188.0,2,4
217565,204.0,2,4
217566,195.0,2,4
217567,227.0,2,4
217568,198.0,2,4
217569,201.0,2,4
217570,145.0,2,4
217571,175.0,2,4
217572,177.0,2,4
217573,204.0,2,4
217574,180.0,2,4
217575,165.0,2,4
217576,193.0,2,4
217577,203.0,2,4
217578,168.0,2,4
217579,181.0,2,4
217580,264.0,2,4
217581,232.0,2,4
217582,161.0,2,4
217583,170.0,2,4
217584,202.0,2,4
217585,222.0,2,4
217586,117.0,2,4
217587,159.0,2,4
217588,218.0,2,4
217589,204.0,2,4
217590,154.0,2,4
217591,159.0,2,4
217592,160.0,2,4
217593,153.0,2,4
217594,203.0,2,4
217595,166.0,2,4
217596,142.0,2,4
217597,163.0,2,4
217598,127.0,2,4
217599,187.0,2,4
217600,132.0,2,4
217601,167.0,2,4
217602,161.0,2,4
217603,168.0,2,4
217604,169.0,2,4
217605,132.0,2,4
217606,168.0,2,4
217607,181.0,2,4
217608,172.0,2,4
217609,164.0,2,4
217610,127.0,2,4
217611,188.0,2,4
217612,182.0,2,4
217613,197.0,2,4
217614,167.0,2,4
217615,190.0,2,4
217616,153.0,2,4
217617,131.0,2,4
217618,150.0,2,4
217619,197.0,2,4
217620,190.0,3,4
217621,234.0,3,4
217622,56.0,3,4
217623,1.0,3,4
217624,0.0,3,4
217625,0.0,3,4
217626,0.0,3,4
217627,0.0,3,4
217628,0.0,3,4
217629,0.0,3,4
217630,0.0,3,4
217631,0.0,3,4
217632,736.0,3,4
217633,922.0,3,4
217634,558.0,3,4
217635,218.0,3,4
217636,168.0,3,4
217637,246.0,3,4
217638,184.0,3,4
217639,257.0,3,4
217640,134.0,3,4
217641,251.0,3,4
217642,170.0,3,4
217643,214.0,3,4
217644,148.0,3,4
217645,194.0,3,4
217646,147.0,3,4
217647,136.0,3,4
217648,136.0,3,4
217649,250.0,3,4
217650,165.0,3,4
217651,201.0,3,4
217652,200.0,3,4
217653,301.0,3,4
217654,166.0,3,4
217655,161.0,3,4
217656,175.0,3,4
217657,227.0,3,4
217658,152.0,3,4
217659,148.0,3,4
217660,149.0,3,4
217661,251.0,3,4
217662,174.0,3,4
217663,256.0,3,4
217664,180.0,3,4
217665,164.0,3,4
217666,153.0,3,4
217667,177.0,3,4
217668,194.0,3,4
217669,255.0,3,4
217670,184.0,3,4
217671,255.0,3,4
217672,228.0,3,4
217673,214.0,3,4
217674,213.0,3,4
217675,217.0,3,4
217676,189.0,3,4
217677,225.0,3,4
217678,167.0,3,4
217679,165.0,3,4
217680,143.0,4,4
217681,217.0,4,4
217682,161.0,4,4
217683,186.0,4,4
217684,212.0,4,4
217685,243.0,4,4
217686,166.0,4,4
217687,235.0,4,4
217688,161.0,4,4
217689,186.0,4,4
217690,126.0,4,4
217691,243.0,4,4
217692,154.0,4,4
217693,250.0,4,4
217694,162.0,4,4
217695,195.0,4,4
217696,188.0,4,4
217697,256.0,4,4
217698,144.0,4,4
217699,255.0,4,4
217700,126.0,4,4
217701,230.0,4,4
217702,161.0,4,4
217703,282.0,4,4
217704,178.0,4,4
217705,297.0,4,4
217706,146.0,4,4
217707,202.0,4,4
217708,178.0,4,4
217709,171.0,4,4
217710,155.0,4,4
217711,218.0,4,4
217712,141.0,4,4
217713,193.0,4,4
217714,170.0,4,4
217715,240.0,4,4
217716,149.0,4,4
217717,126.0,4,4
217718,144.0,4,4
217719,229.0,4,4
217720,184.0,4,4
217721,280.0,4,4
217722,172.0,4,4
217723,171.0,4,4
217724,136.0,4,4
217725,183.0,4,4
217726,171.0,4,4
217727,161.0,4,4
217728,166.0,4,4
217729,201.0,4,4
217730,177.0,4,4
217731,152.0,4,4
217732,163.0,4,4
217733,163.0,4,4
217734,153.0,4,4
217735,191.0,4,4
217736,176.0,4,4
217737,191.0,4,4
217738,124.0,4,4
217739,180.0,4,4
217740,152.0,5,4
217741,311.0,5,4
217742,163.0,5,4
217743,158.0,5,4
217744,167.0,5,4
217745,189.0,5,4
217746,150.0,5,4
217747,173.0,5,4
217748,170.0,5,4
217749,207.0,5,4
217750,128.0,5,4
217751,214.0,5,4
217752,194.0,5,4
217753,184.0,5,4
217754,191.0,5,4
217755,202.0,5,4
217756,173.0,5,4
217757,164.0,5,4
217758,176.0,5,4
217759,214.0,5,4
217760,168.0,5,4
217761,253.0,5,4
217762,166.0,5,4
217763,178.0,5,4
217764,184.0,5,4
217765,191.0,5,4
217766,159.0,5,4
217767,178.0,5,4
217768,180.0,5,4
217769,213.0,5,4
217770,165.0,5,4
217771,183.0,5,4
217772,174.0,5,4
217773,209.0,5,4
217774,150.0,5,4
217775,201.0,5,4
217776,194.0,5,4
217777,210.0,5,4
217778,156.0,5,4
217779,201.0,5,4
217780,197.0,5,4
217781,219.0,5,4
217782,192.0,5,4
217783,177.0,5,4
217784,183.0,5,4
217785,233.0,5,4
217786,198.0,5,4
217787,269.0,5,4
217788,203.0,5,4
217789,190.0,5,4
217790,163.0,5,4
217791,208.0,5,4
217792,161.0,5,4
217793,216.0,5,4
217794,161.0,5,4
217795,171.0,5,4
217796,193.0,5,4
217797,212.0,5,4
217798,177.0,5,4
217799,182.0,5,4
217800,167.0,6,4
217801,276.0,6,4
217802,192.0,6,4
217803,194.0,6,4
217804,200.0,6,4
217805,178.0,6,4
217806,149.0,6,4
217807,164.0,6,4
217808,180.0,6,4
217809,218.0,6,4
217810,171.0,6,4
217811,196.0,6,4
217812,142.0,6,4
217813,178.0,6,4
217814,181.0,6,4
217815,130.0,6,4
217816,175.0,6,4
217817,206.0,6,4
217818,194.0,6,4
217819,204.0,6,4
217820,156.0,6,4
217821,292.0,6,4
217822,175.0,6,4
217823,216.0,6,4
217824,159.0,6,4
217825,216.0,6,4
217826,149.0,6,4
217827,186.0,6,4
217828,150.0,6,4
217829,205.0,6,4
217830,144.0,6,4
217831,216.0,6,4
217832,162.0,6,4
217833,153.0,6,4
217834,188.0,6,4
217835,219.0,6,4
217836,191.0,6,4
217837,207.0,6,4
217838,170.0,6,4
217839,185.0,6,4
217840,204.0,6,4
217841,295.0,6,4
217842,220.0,6,4
217843,172.0,6,4
217844,160.0,6,4
217845,226.0,6,4
217846,205.0,6,4
217847,192.0,6,4
217848,163.0,6,4
217849,174.0,6,4
217850,161.0,6,4
217851,220.0,6,4
217852,189.0,6,4
217853,228.0,6,4
217854,270.0,6,4
217855,194.0,6,4
217856,223.0,6,4
217857,209.0,6,4
217858,184.0,6,4
217859,246.0,6,4
217860,196.0,7,4
217861,224.0,7,4
217862,201.0,7,4
217863,225.0,7,4
217864,210.0,7,4
217865,246.0,7,4
217866,237.0,7,4
217867,200.0,7,4
217868,228.0,7,4
217869,265.0,7,4
217870,194.0,7,4
217871,240.0,7,4
217872,209.0,7,4
217873,223.0,7,4
217874,176.0,7,4
217875,226.0,7,4
217876,205.0,7,4
217877,255.0,7,4
217878,194.0,7,4
217879,217.0,7,4
217880,231.0,7,4
217881,245.0,7,4
217882,245.0,7,4
217883,182.0,7,4
217884,205.0,7,4
217885,214.0,7,4
217886,201.0,7,4
217887,188.0,7,4
217888,195.0,7,4
217889,211.0,7,4
217890,248.0,7,4
217891,197.0,7,4
217892,200.0,7,4
217893,209.0,7,4
217894,222.0,7,4
217895,218.0,7,4
217896,264.0,7,4
217897,216.0,7,4
217898,190.0,7,4
217899,209.0,7,4
217900,177.0,7,4
217901,237.0,7,4
217902,244.0,7,4
217903,198.0,7,4
217904,204.0,7,4
217905,220.0,7,4
217906,197.0,7,4
217907,240.0,7,4
217908,178.0,7,4
217909,229.0,7,4
217910,174.0,7,4
217911,196.0,7,4
217912,243.0,7,4
217913,215.0,7,4
217914,167.0,7,4
217915,274.0,7,4
217916,238.0,7,4
217917,182.0,7,4
217918,182.0,7,4
217919,224.0,7,4
217920,182.0,8,4
217921,253.0,8,4
217922,270.0,8,4
217923,217.0,8,4
217924,214.0,8,4
217925,285.0,8,4
217926,279.0,8,4
217927,214.0,8,4
217928,176.0,8,4
217929,257.0,8,4
217930,181.0,8,4
217931,220.0,8,4
217932,273.0,8,4
217933,250.0,8,4
217934,170.0,8,4
217935,213.0,8,4
217936,233.0,8,4
217937,197.0,8,4
217938,184.0,8,4
217939,230.0,8,4
217940,208.0,8,4
217941,180.0,8,4
217942,290.0,8,4
217943,229.0,8,4
217944,182.0,8,4
217945,255.0,8,4
217946,246.0,8,4
217947,285.0,8,4
217948,234.0,8,4
217949,229.0,8,4
217950,177.0,8,4
217951,292.0,8,4
217952,191.0,8,4
217953,282.0,8,4
217954,267.0,8,4
217955,339.0,8,4
217956,281.0,8,4
217957,296.0,8,4
217958,255.0,8,4
217959,278.0,8,4
217960,257.0,8,4
217961,284.0,8,4
217962,337.0,8,4
217963,235.0,8,4
217964,252.0,8,4
217965,278.0,8,4
217966,203.0,8,4
217967,333.0,8,4
217968,264.0,8,4
217969,223.0,8,4
217970,240.0,8,4
217971,260.0,8,4
217972,210.0,8,4
217973,160.0,8,4
217974,150.0,8,4
217975,204.0,8,4
217976,192.0,8,4
217977,192.0,8,4
217978,184.0,8,4
217979,224.0,8,4
217980,222.0,9,4
217981,232.0,9,4
217982,122.0,9,4
217983,6.0,9,4
217984,5.0,9,4
217985,12.0,9,4
217986,3.0,9,4
217987,20.0,9,4
217988,6.0,9,4
217989,0.0,9,4
217990,1.0,9,4
217991,2.0,9,4
217992,584.0,9,4
217993,1024.0,9,4
217994,1050.0,9,4
217995,489.0,9,4
217996,230.0,9,4
217997,213.0,9,4
217998,166.0,9,4
217999,187.0,9,4
218000,201.0,9,4
218001,216.0,9,4
218002,281.0,9,4
218003,242.0,9,4
218004,251.0,9,4
218005,243.0,9,4
218006,201.0,9,4
218007,226.0,9,4
218008,219.0,9,4
218009,235.0,9,4
218010,246.0,9,4
218011,240.0,9,4
218012,215.0,9,4
218013,344.0,9,4
218014,207.0,9,4
218015,303.0,9,4
218016,214.0,9,4
218017,301.0,9,4
218018,261.0,9,4
218019,266.0,9,4
218020,192.0,9,4
218021,322.0,9,4
218022,240.0,9,4
218023,286.0,9,4
218024,290.0,9,4
218025,289.0,9,4
218026,298.0,9,4
218027,269.0,9,4
218028,226.0,9,4
218029,244.0,9,4
218030,228.0,9,4
218031,227.0,9,4
218032,211.0,9,4
218033,237.0,9,4
218034,250.0,9,4
218035,227.0,9,4
218036,266.0,9,4
218037,228.0,9,4
218038,223.0,9,4
218039,222.0,9,4
218040,215.0,10,4
218041,253.0,10,4
218042,312.0,10,4
218043,253.0,10,4
218044,220.0,10,4
218045,293.0,10,4
218046,253.0,10,4
218047,276.0,10,4
218048,205.0,10,4
218049,407.0,10,4
218050,220.0,10,4
218051,488.0,10,4
218052,277.0,10,4
218053,436.0,10,4
218054,248.0,10,4
218055,498.0,10,4
218056,274.0,10,4
218057,518.0,10,4
218058,272.0,10,4
218059,553.0,10,4
218060,266.0,10,4
218061,444.0,10,4
218062,395.0,10,4
218063,413.0,10,4
218064,329.0,10,4
218065,311.0,10,4
218066,299.0,10,4
218067,331.0,10,4
218068,307.0,10,4
218069,397.0,10,4
218070,294.0,10,4
218071,282.0,10,4
218072,308.0,10,4
218073,344.0,10,4
218074,287.0,10,4
218075,422.0,10,4
218076,258.0,10,4
218077,366.0,10,4
218078,226.0,10,4
218079,307.0,10,4
218080,256.0,10,4
218081,267.0,10,4
218082,330.0,10,4
218083,340.0,10,4
218084,276.0,10,4
218085,341.0,10,4
218086,242.0,10,4
218087,337.0,10,4
218088,227.0,10,4
218089,357.0,10,4
218090,362.0,10,4
218091,420.0,10,4
218092,277.0,10,4
218093,428.0,10,4
218094,303.0,10,4
218095,350.0,10,4
218096,295.0,10,4
218097,399.0,10,4
218098,299.0,10,4
218099,348.0,10,4
218100,284.0,11,4
218101,264.0,11,4
218102,262.0,11,4
218103,303.0,11,4
218104,2.0,11,4
218105,0.0,11,4
218106,0.0,11,4
218107,0.0,11,4
218108,4.0,11,4
218109,1.0,11,4
218110,0.0,11,4
218111,3.0,11,4
218112,0.0,11,4
218113,126.0,11,4
218114,746.0,11,4
218115,943.0,11,4
218116,987.0,11,4
218117,1054.0,11,4
218118,690.0,11,4
218119,463.0,11,4
218120,370.0,11,4
218121,537.0,11,4
218122,240.0,11,4
218123,359.0,11,4
218124,288.0,11,4
218125,331.0,11,4
218126,233.0,11,4
218127,376.0,11,4
218128,268.0,11,4
218129,352.0,11,4
218130,301.0,11,4
218131,306.0,11,4
218132,268.0,11,4
218133,445.0,11,4
218134,296.0,11,4
218135,474.0,11,4
218136,293.0,11,4
218137,349.0,11,4
218138,324.0,11,4
218139,313.0,11,4
218140,393.0,11,4
218141,402.0,11,4
218142,335.0,11,4
218143,421.0,11,4
218144,334.0,11,4
218145,482.0,11,4
218146,326.0,11,4
218147,408.0,11,4
218148,380.0,11,4
218149,488.0,11,4
218150,350.0,11,4
218151,315.0,11,4
218152,359.0,11,4
218153,342.0,11,4
218154,281.0,11,4
218155,420.0,11,4
218156,313.0,11,4
218157,443.0,11,4
218158,338.0,11,4
218159,404.0,11,4
218160,425.0,12,4
218161,478.0,12,4
218162,361.0,12,4
218163,464.0,12,4
218164,363.0,12,4
218165,584.0,12,4
218166,444.0,12,4
218167,579.0,12,4
218168,351.0,12,4
218169,519.0,12,4
218170,295.0,12,4
218171,568.0,12,4
218172,361.0,12,4
218173,605.0,12,4
218174,315.0,12,4
218175,467.0,12,4
218176,386.0,12,4
218177,593.0,12,4
218178,366.0,12,4
218179,550.0,12,4
218180,402.0,12,4
218181,464.0,12,4
218182,249.0,12,4
218183,497.0,12,4
218184,416.0,12,4
218185,483.0,12,4
218186,398.0,12,4
218187,418.0,12,4
218188,393.0,12,4
218189,421.0,12,4
218190,299.0,12,4
218191,376.0,12,4
218192,313.0,12,4
218193,439.0,12,4
218194,368.0,12,4
218195,444.0,12,4
218196,291.0,12,4
218197,410.0,12,4
218198,361.0,12,4
218199,490.0,12,4
218200,374.0,12,4
218201,506.0,12,4
218202,355.0,12,4
218203,423.0,12,4
218204,376.0,12,4
218205,443.0,12,4
218206,342.0,12,4
218207,410.0,12,4
218208,387.0,12,4
218209,423.0,12,4
218210,352.0,12,4
218211,511.0,12,4
218212,366.0,12,4
218213,292.0,12,4
218214,334.0,12,4
218215,566.0,12,4
218216,330.0,12,4
218217,376.0,12,4
218218,378.0,12,4
218219,373.0,12,4
218220,408.0,13,4
218221,468.0,13,4
218222,317.0,13,4
218223,465.0,13,4
218224,342.0,13,4
218225,555.0,13,4
218226,358.0,13,4
218227,470.0,13,4
218228,517.0,13,4
218229,447.0,13,4
218230,291.0,13,4
218231,413.0,13,4
218232,323.0,13,4
218233,757.0,13,4
218234,370.0,13,4
218235,545.0,13,4
218236,522.0,13,4
218237,491.0,13,4
218238,383.0,13,4
218239,548.0,13,4
218240,324.0,13,4
218241,543.0,13,4
218242,426.0,13,4
218243,542.0,13,4
218244,428.0,13,4
218245,492.0,13,4
218246,428.0,13,4
218247,477.0,13,4
218248,322.0,13,4
218249,483.0,13,4
218250,322.0,13,4
218251,444.0,13,4
218252,356.0,13,4
218253,449.0,13,4
218254,323.0,13,4
218255,427.0,13,4
218256,399.0,13,4
218257,415.0,13,4
218258,311.0,13,4
218259,438.0,13,4
218260,375.0,13,4
218261,531.0,13,4
218262,112.0,13,4
218263,1.0,13,4
218264,0.0,13,4
218265,2.0,13,4
218266,4.0,13,4
218267,0.0,13,4
218268,0.0,13,4
218269,0.0,13,4
218270,0.0,13,4
218271,1.0,13,4
218272,696.0,13,4
218273,1070.0,13,4
218274,972.0,13,4
218275,1110.0,13,4
218276,1141.0,13,4
218277,770.0,13,4
218278,338.0,13,4
218279,345.0,13,4
218280,357.0,14,4
218281,600.0,14,4
218282,108.0,14,4
218283,0.0,14,4
218284,1.0,14,4
218285,0.0,14,4
218286,0.0,14,4
218287,1.0,14,4
218288,2.0,14,4
218289,0.0,14,4
218290,0.0,14,4
218291,8.0,14,4
218292,595.0,14,4
218293,630.0,14,4
218294,1051.0,14,4
218295,1156.0,14,4
218296,1166.0,14,4
218297,1112.0,14,4
218298,1133.0,14,4
218299,539.0,14,4
218300,336.0,14,4
218301,503.0,14,4
218302,400.0,14,4
218303,568.0,14,4
218304,476.0,14,4
218305,559.0,14,4
218306,296.0,14,4
218307,496.0,14,4
218308,357.0,14,4
218309,458.0,14,4
218310,369.0,14,4
218311,510.0,14,4
218312,462.0,14,4
218313,467.0,14,4
218314,362.0,14,4
218315,408.0,14,4
218316,312.0,14,4
218317,470.0,14,4
218318,426.0,14,4
218319,468.0,14,4
218320,348.0,14,4
218321,486.0,14,4
218322,374.0,14,4
218323,330.0,14,4
218324,369.0,14,4
218325,432.0,14,4
218326,370.0,14,4
218327,534.0,14,4
218328,356.0,14,4
218329,348.0,14,4
218330,438.0,14,4
218331,418.0,14,4
218332,345.0,14,4
218333,398.0,14,4
218334,404.0,14,4
218335,430.0,14,4
218336,356.0,14,4
218337,337.0,14,4
218338,443.0,14,4
218339,443.0,14,4
218340,418.0,15,4
218341,478.0,15,4
218342,399.0,15,4
218343,578.0,15,4
218344,445.0,15,4
218345,521.0,15,4
218346,442.0,15,4
218347,470.0,15,4
218348,479.0,15,4
218349,584.0,15,4
218350,575.0,15,4
218351,550.0,15,4
218352,533.0,15,4
218353,551.0,15,4
218354,478.0,15,4
218355,478.0,15,4
218356,583.0,15,4
218357,497.0,15,4
218358,491.0,15,4
218359,510.0,15,4
218360,460.0,15,4
218361,552.0,15,4
218362,414.0,15,4
218363,466.0,15,4
218364,375.0,15,4
218365,455.0,15,4
218366,371.0,15,4
218367,550.0,15,4
218368,317.0,15,4
218369,525.0,15,4
218370,349.0,15,4
218371,377.0,15,4
218372,341.0,15,4
218373,383.0,15,4
218374,349.0,15,4
218375,426.0,15,4
218376,393.0,15,4
218377,553.0,15,4
218378,395.0,15,4
218379,443.0,15,4
218380,410.0,15,4
218381,545.0,15,4
218382,484.0,15,4
218383,412.0,15,4
218384,390.0,15,4
218385,426.0,15,4
218386,426.0,15,4
218387,454.0,15,4
218388,433.0,15,4
218389,402.0,15,4
218390,376.0,15,4
218391,456.0,15,4
218392,459.0,15,4
218393,499.0,15,4
218394,407.0,15,4
218395,562.0,15,4
218396,423.0,15,4
218397,394.0,15,4
218398,446.0,15,4
218399,374.0,15,4
218400,393.0,16,4
218401,526.0,16,4
218402,485.0,16,4
218403,447.0,16,4
218404,576.0,16,4
218405,420.0,16,4
218406,435.0,16,4
218407,562.0,16,4
218408,697.0,16,4
218409,462.0,16,4
218410,522.0,16,4
218411,484.0,16,4
218412,570.0,16,4
218413,565.0,16,4
218414,632.0,16,4
218415,553.0,16,4
218416,537.0,16,4
218417,507.0,16,4
218418,434.0,16,4
218419,488.0,16,4
218420,627.0,16,4
218421,602.0,16,4
218422,656.0,16,4
218423,581.0,16,4
218424,651.0,16,4
218425,457.0,16,4
218426,551.0,16,4
218427,607.0,16,4
218428,556.0,16,4
218429,494.0,16,4
218430,439.0,16,4
218431,563.0,16,4
218432,592.0,16,4
218433,603.0,16,4
218434,470.0,16,4
218435,495.0,16,4
218436,496.0,16,4
218437,532.0,16,4
218438,512.0,16,4
218439,441.0,16,4
218440,469.0,16,4
218441,588.0,16,4
218442,476.0,16,4
218443,439.0,16,4
218444,419.0,16,4
218445,454.0,16,4
218446,449.0,16,4
218447,444.0,16,4
218448,437.0,16,4
218449,469.0,16,4
218450,464.0,16,4
218451,486.0,16,4
218452,410.0,16,4
218453,408.0,16,4
218454,349.0,16,4
218455,425.0,16,4
218456,310.0,16,4
218457,405.0,16,4
218458,404.0,16,4
218459,313.0,16,4
218460,336.0,17,4
218461,371.0,17,4
218462,435.0,17,4
218463,435.0,17,4
218464,334.0,17,4
218465,317.0,17,4
218466,4.0,17,4
218467,2.0,17,4
218468,2.0,17,4
218469,0.0,17,4
218470,2.0,17,4
218471,2.0,17,4
218472,6.0,17,4
218473,5.0,17,4
218474,18.0,17,4
218475,211.0,17,4
218476,596.0,17,4
218477,966.0,17,4
218478,1054.0,17,4
218479,1085.0,17,4
218480,1076.0,17,4
218481,500.0,17,4
218482,386.0,17,4
218483,264.0,17,4
218484,349.0,17,4
218485,322.0,17,4
218486,292.0,17,4
218487,383.0,17,4
218488,319.0,17,4
218489,300.0,17,4
218490,260.0,17,4
218491,229.0,17,4
218492,249.0,17,4
218493,333.0,17,4
218494,360.0,17,4
218495,307.0,17,4
218496,265.0,17,4
218497,321.0,17,4
218498,207.0,17,4
218499,297.0,17,4
218500,289.0,17,4
218501,268.0,17,4
218502,255.0,17,4
218503,296.0,17,4
218504,296.0,17,4
218505,351.0,17,4
218506,296.0,17,4
218507,314.0,17,4
218508,383.0,17,4
218509,356.0,17,4
218510,250.0,17,4
218511,331.0,17,4
218512,268.0,17,4
218513,337.0,17,4
218514,480.0,17,4
218515,323.0,17,4
218516,351.0,17,4
218517,301.0,17,4
218518,279.0,17,4
218519,436.0,17,4
218520,307.0,18,4
218521,308.0,18,4
218522,262.0,18,4
218523,357.0,18,4
218524,312.0,18,4
218525,357.0,18,4
218526,321.0,18,4
218527,366.0,18,4
218528,385.0,18,4
218529,360.0,18,4
218530,269.0,18,4
218531,318.0,18,4
218532,99.0,18,4
218533,5.0,18,4
218534,3.0,18,4
218535,1.0,18,4
218536,0.0,18,4
218537,0.0,18,4
218538,1.0,18,4
218539,0.0,18,4
218540,0.0,18,4
218541,3.0,18,4
218542,504.0,18,4
218543,864.0,18,4
218544,873.0,18,4
218545,1063.0,18,4
218546,973.0,18,4
218547,300.0,18,4
218548,318.0,18,4
218549,272.0,18,4
218550,311.0,18,4
218551,292.0,18,4
218552,355.0,18,4
218553,293.0,18,4
218554,336.0,18,4
218555,373.0,18,4
218556,340.0,18,4
218557,267.0,18,4
218558,318.0,18,4
218559,267.0,18,4
218560,286.0,18,4
218561,332.0,18,4
218562,452.0,18,4
218563,327.0,18,4
218564,362.0,18,4
218565,285.0,18,4
218566,297.0,18,4
218567,354.0,18,4
218568,315.0,18,4
218569,238.0,18,4
218570,255.0,18,4
218571,287.0,18,4
218572,368.0,18,4
218573,311.0,18,4
218574,363.0,18,4
218575,274.0,18,4
218576,376.0,18,4
218577,285.0,18,4
218578,341.0,18,4
218579,310.0,18,4
218580,350.0,19,4
218581,373.0,19,4
218582,420.0,19,4
218583,332.0,19,4
218584,385.0,19,4
218585,277.0,19,4
218586,300.0,19,4
218587,342.0,19,4
218588,358.0,19,4
218589,289.0,19,4
218590,319.0,19,4
218591,297.0,19,4
218592,415.0,19,4
218593,268.0,19,4
218594,319.0,19,4
218595,202.0,19,4
218596,301.0,19,4
218597,267.0,19,4
218598,328.0,19,4
218599,351.0,19,4
218600,354.0,19,4
218601,273.0,19,4
218602,443.0,19,4
218603,216.0,19,4
218604,343.0,19,4
218605,307.0,19,4
218606,420.0,19,4
218607,340.0,19,4
218608,371.0,19,4
218609,318.0,19,4
218610,316.0,19,4
218611,272.0,19,4
218612,277.0,19,4
218613,298.0,19,4
218614,327.0,19,4
218615,264.0,19,4
218616,318.0,19,4
218617,380.0,19,4
218618,327.0,19,4
218619,266.0,19,4
218620,402.0,19,4
218621,333.0,19,4
218622,297.0,19,4
218623,290.0,19,4
218624,332.0,19,4
218625,289.0,19,4
218626,332.0,19,4
218627,309.0,19,4
218628,267.0,19,4
218629,250.0,19,4
218630,345.0,19,4
218631,243.0,19,4
218632,341.0,19,4
218633,271.0,19,4
218634,343.0,19,4
218635,264.0,19,4
218636,309.0,19,4
218637,291.0,19,4
218638,279.0,19,4
218639,233.0,19,4
218640,359.0,20,4
218641,272.0,20,4
218642,302.0,20,4
218643,231.0,20,4
218644,278.0,20,4
218645,257.0,20,4
218646,315.0,20,4
218647,211.0,20,4
218648,345.0,20,4
218649,217.0,20,4
218650,295.0,20,4
218651,214.0,20,4
218652,315.0,20,4
218653,270.0,20,4
218654,327.0,20,4
218655,220.0,20,4
218656,266.0,20,4
218657,195.0,20,4
218658,204.0,20,4
218659,205.0,20,4
218660,345.0,20,4
218661,276.0,20,4
218662,224.0,20,4
218663,255.0,20,4
218664,244.0,20,4
218665,233.0,20,4
218666,299.0,20,4
218667,279.0,20,4
218668,270.0,20,4
218669,247.0,20,4
218670,236.0,20,4
218671,294.0,20,4
218672,284.0,20,4
218673,210.0,20,4
218674,266.0,20,4
218675,269.0,20,4
218676,317.0,20,4
218677,196.0,20,4
218678,285.0,20,4
218679,352.0,20,4
218680,383.0,20,4
218681,259.0,20,4
218682,470.0,20,4
218683,216.0,20,4
218684,519.0,20,4
218685,275.0,20,4
218686,488.0,20,4
218687,244.0,20,4
218688,321.0,20,4
218689,274.0,20,4
218690,317.0,20,4
218691,258.0,20,4
218692,271.0,20,4
218693,197.0,20,4
218694,264.0,20,4
218695,228.0,20,4
218696,256.0,20,4
218697,258.0,20,4
218698,365.0,20,4
218699,243.0,20,4
218700,264.0,21,4
218701,268.0,21,4
218702,360.0,21,4
218703,266.0,21,4
218704,299.0,21,4
218705,302.0,21,4
218706,322.0,21,4
218707,255.0,21,4
218708,523.0,21,4
218709,183.0,21,4
218710,392.0,21,4
218711,270.0,21,4
218712,168.0,21,4
218713,0.0,21,4
218714,1.0,21,4
218715,0.0,21,4
218716,0.0,21,4
218717,1.0,21,4
218718,3.0,21,4
218719,0.0,21,4
218720,0.0,21,4
218721,1.0,21,4
218722,85.0,21,4
218723,0.0,21,4
218724,0.0,21,4
218725,0.0,21,4
218726,0.0,21,4
218727,0.0,21,4
218728,0.0,21,4
218729,0.0,21,4
218730,0.0,21,4
218731,0.0,21,4
218732,589.0,21,4
218733,928.0,21,4
218734,1069.0,21,4
218735,1078.0,21,4
218736,1007.0,21,4
218737,959.0,21,4
218738,1026.0,21,4
218739,596.0,21,4
218740,209.0,21,4
218741,227.0,21,4
218742,247.0,21,4
218743,203.0,21,4
218744,211.0,21,4
218745,238.0,21,4
218746,185.0,21,4
218747,236.0,21,4
218748,194.0,21,4
218749,162.0,21,4
218750,247.0,21,4
218751,202.0,21,4
218752,246.0,21,4
218753,207.0,21,4
218754,252.0,21,4
218755,194.0,21,4
218756,272.0,21,4
218757,203.0,21,4
218758,278.0,21,4
218759,164.0,21,4
218760,193.0,22,4
218761,194.0,22,4
218762,265.0,22,4
218763,197.0,22,4
218764,253.0,22,4
218765,177.0,22,4
218766,206.0,22,4
218767,195.0,22,4
218768,334.0,22,4
218769,231.0,22,4
218770,210.0,22,4
218771,141.0,22,4
218772,201.0,22,4
218773,143.0,22,4
218774,210.0,22,4
218775,169.0,22,4
218776,191.0,22,4
218777,198.0,22,4
218778,232.0,22,4
218779,165.0,22,4
218780,206.0,22,4
218781,222.0,22,4
218782,203.0,22,4
218783,232.0,22,4
218784,312.0,22,4
218785,254.0,22,4
218786,238.0,22,4
218787,171.0,22,4
218788,220.0,22,4
218789,204.0,22,4
218790,224.0,22,4
218791,227.0,22,4
218792,234.0,22,4
218793,171.0,22,4
218794,242.0,22,4
218795,196.0,22,4
218796,268.0,22,4
218797,153.0,22,4
218798,400.0,22,4
218799,265.0,22,4
218800,256.0,22,4
218801,175.0,22,4
218802,236.0,22,4
218803,193.0,22,4
218804,288.0,22,4
218805,193.0,22,4
218806,260.0,22,4
218807,231.0,22,4
218808,234.0,22,4
218809,152.0,22,4
218810,206.0,22,4
218811,153.0,22,4
218812,265.0,22,4
218813,184.0,22,4
218814,313.0,22,4
218815,194.0,22,4
218816,281.0,22,4
218817,163.0,22,4
218818,285.0,22,4
218819,191.0,22,4
218820,282.0,23,4
218821,212.0,23,4
218822,256.0,23,4
218823,205.0,23,4
218824,273.0,23,4
218825,197.0,23,4
218826,261.0,23,4
218827,192.0,23,4
218828,340.0,23,4
218829,218.0,23,4
218830,251.0,23,4
218831,212.0,23,4
218832,202.0,23,4
218833,194.0,23,4
218834,260.0,23,4
218835,205.0,23,4
218836,254.0,23,4
218837,188.0,23,4
218838,233.0,23,4
218839,213.0,23,4
218840,222.0,23,4
218841,213.0,23,4
218842,261.0,23,4
218843,206.0,23,4
218844,328.0,23,4
218845,264.0,23,4
218846,342.0,23,4
218847,196.0,23,4
218848,328.0,23,4
218849,190.0,23,4
218850,558.0,23,4
218851,962.0,23,4
218852,1021.0,23,4
218853,1018.0,23,4
218854,713.0,23,4
218855,269.0,23,4
218856,333.0,23,4
218857,219.0,23,4
218858,317.0,23,4
218859,288.0,23,4
218860,335.0,23,4
218861,196.0,23,4
218862,334.0,23,4
218863,220.0,23,4
218864,330.0,23,4
218865,230.0,23,4
218866,267.0,23,4
218867,226.0,23,4
218868,337.0,23,4
218869,188.0,23,4
218870,296.0,23,4
218871,189.0,23,4
218872,318.0,23,4
218873,242.0,23,4
218874,291.0,23,4
218875,227.0,23,4
218876,291.0,23,4
218877,257.0,23,4
218878,361.0,23,4
218879,166.0,23,4
218880,282.0,0,5
218881,212.0,0,5
218882,277.0,0,5
218883,185.0,0,5
218884,286.0,0,5
218885,196.0,0,5
218886,258.0,0,5
218887,218.0,0,5
218888,334.0,0,5
218889,154.0,0,5
218890,308.0,0,5
218891,227.0,0,5
218892,268.0,0,5
218893,169.0,0,5
218894,343.0,0,5
218895,198.0,0,5
218896,295.0,0,5
218897,243.0,0,5
218898,285.0,0,5
218899,198.0,0,5
218900,229.0,0,5
218901,240.0,0,5
218902,290.0,0,5
218903,248.0,0,5
218904,275.0,0,5
218905,208.0,0,5
218906,231.0,0,5
218907,211.0,0,5
218908,255.0,0,5
218909,177.0,0,5
218910,304.0,0,5
218911,238.0,0,5
218912,247.0,0,5
218913,224.0,0,5
218914,279.0,0,5
218915,219.0,0,5
218916,259.0,0,5
218917,230.0,0,5
218918,258.0,0,5
218919,244.0,0,5
218920,237.0,0,5
218921,212.0,0,5
218922,269.0,0,5
218923,228.0,0,5
218924,226.0,0,5
218925,219.0,0,5
218926,218.0,0,5
218927,183.0,0,5
218928,189.0,0,5
218929,187.0,0,5
218930,227.0,0,5
218931,207.0,0,5
218932,228.0,0,5
218933,243.0,0,5
218934,194.0,0,5
218935,189.0,0,5
218936,248.0,0,5
218937,213.0,0,5
218938,323.0,0,5
218939,259.0,0,5
218940,286.0,1,5
218941,251.0,1,5
218942,256.0,1,5
218943,243.0,1,5
218944,270.0,1,5
218945,271.0,1,5
218946,436.0,1,5
218947,243.0,1,5
218948,265.0,1,5
218949,227.0,1,5
218950,354.0,1,5
218951,217.0,1,5
218952,214.0,1,5
218953,279.0,1,5
218954,272.0,1,5
218955,236.0,1,5
218956,322.0,1,5
218957,216.0,1,5
218958,188.0,1,5
218959,229.0,1,5
218960,200.0,1,5
218961,301.0,1,5
218962,224.0,1,5
218963,223.0,1,5
218964,216.0,1,5
218965,233.0,1,5
218966,214.0,1,5
218967,228.0,1,5
218968,212.0,1,5
218969,207.0,1,5
218970,224.0,1,5
218971,205.0,1,5
218972,236.0,1,5
218973,162.0,1,5
218974,167.0,1,5
218975,168.0,1,5
218976,240.0,1,5
218977,151.0,1,5
218978,158.0,1,5
218979,171.0,1,5
218980,253.0,1,5
218981,142.0,1,5
218982,182.0,1,5
218983,198.0,1,5
218984,187.0,1,5
218985,155.0,1,5
218986,310.0,1,5
218987,196.0,1,5
218988,127.0,1,5
218989,160.0,1,5
218990,202.0,1,5
218991,170.0,1,5
218992,168.0,1,5
218993,152.0,1,5
218994,208.0,1,5
218995,167.0,1,5
218996,257.0,1,5
218997,145.0,1,5
218998,196.0,1,5
218999,191.0,1,5
219000,236.0,2,5
219001,223.0,2,5
219002,231.0,2,5
219003,181.0,2,5
219004,188.0,2,5
219005,213.0,2,5
219006,261.0,2,5
219007,159.0,2,5
219008,172.0,2,5
219009,182.0,2,5
219010,271.0,2,5
219011,185.0,2,5
219012,246.0,2,5
219013,180.0,2,5
219014,188.0,2,5
219015,165.0,2,5
219016,234.0,2,5
219017,191.0,2,5
219018,149.0,2,5
219019,154.0,2,5
219020,259.0,2,5
219021,225.0,2,5
219022,192.0,2,5
219023,185.0,2,5
219024,201.0,2,5
219025,225.0,2,5
219026,222.0,2,5
219027,209.0,2,5
219028,217.0,2,5
219029,170.0,2,5
219030,197.0,2,5
219031,159.0,2,5
219032,182.0,2,5
219033,176.0,2,5
219034,217.0,2,5
219035,184.0,2,5
219036,191.0,2,5
219037,188.0,2,5
219038,160.0,2,5
219039,173.0,2,5
219040,230.0,2,5
219041,201.0,2,5
219042,206.0,2,5
219043,173.0,2,5
219044,200.0,2,5
219045,136.0,2,5
219046,175.0,2,5
219047,184.0,2,5
219048,176.0,2,5
219049,154.0,2,5
219050,156.0,2,5
219051,185.0,2,5
219052,161.0,2,5
219053,173.0,2,5
219054,170.0,2,5
219055,193.0,2,5
219056,142.0,2,5
219057,147.0,2,5
219058,183.0,2,5
219059,217.0,2,5
219060,222.0,3,5
219061,188.0,3,5
219062,176.0,3,5
219063,187.0,3,5
219064,225.0,3,5
219065,182.0,3,5
219066,192.0,3,5
219067,202.0,3,5
219068,144.0,3,5
219069,164.0,3,5
219070,190.0,3,5
219071,175.0,3,5
219072,150.0,3,5
219073,177.0,3,5
219074,131.0,3,5
219075,195.0,3,5
219076,185.0,3,5
219077,206.0,3,5
219078,183.0,3,5
219079,181.0,3,5
219080,180.0,3,5
219081,208.0,3,5
219082,253.0,3,5
219083,212.0,3,5
219084,206.0,3,5
219085,182.0,3,5
219086,177.0,3,5
219087,146.0,3,5
219088,167.0,3,5
219089,184.0,3,5
219090,159.0,3,5
219091,189.0,3,5
219092,166.0,3,5
219093,161.0,3,5
219094,226.0,3,5
219095,155.0,3,5
219096,141.0,3,5
219097,198.0,3,5
219098,183.0,3,5
219099,208.0,3,5
219100,208.0,3,5
219101,224.0,3,5
219102,295.0,3,5
219103,205.0,3,5
219104,159.0,3,5
219105,217.0,3,5
219106,201.0,3,5
219107,172.0,3,5
219108,163.0,3,5
219109,168.0,3,5
219110,172.0,3,5
219111,175.0,3,5
219112,156.0,3,5
219113,180.0,3,5
219114,210.0,3,5
219115,147.0,3,5
219116,162.0,3,5
219117,168.0,3,5
219118,174.0,3,5
219119,196.0,3,5
219120,203.0,4,5
219121,191.0,4,5
219122,182.0,4,5
219123,170.0,4,5
219124,217.0,4,5
219125,207.0,4,5
219126,167.0,4,5
219127,167.0,4,5
219128,159.0,4,5
219129,148.0,4,5
219130,177.0,4,5
219131,187.0,4,5
219132,177.0,4,5
219133,168.0,4,5
219134,149.0,4,5
219135,182.0,4,5
219136,169.0,4,5
219137,208.0,4,5
219138,209.0,4,5
219139,186.0,4,5
219140,146.0,4,5
219141,200.0,4,5
219142,171.0,4,5
219143,186.0,4,5
219144,162.0,4,5
219145,193.0,4,5
219146,143.0,4,5
219147,132.0,4,5
219148,140.0,4,5
219149,116.0,4,5
219150,162.0,4,5
219151,156.0,4,5
219152,162.0,4,5
219153,166.0,4,5
219154,249.0,4,5
219155,177.0,4,5
219156,170.0,4,5
219157,159.0,4,5
219158,205.0,4,5
219159,165.0,4,5
219160,173.0,4,5
219161,162.0,4,5
219162,279.0,4,5
219163,236.0,4,5
219164,259.0,4,5
219165,154.0,4,5
219166,141.0,4,5
219167,133.0,4,5
219168,147.0,4,5
219169,125.0,4,5
219170,180.0,4,5
219171,135.0,4,5
219172,143.0,4,5
219173,174.0,4,5
219174,152.0,4,5
219175,194.0,4,5
219176,161.0,4,5
219177,175.0,4,5
219178,196.0,4,5
219179,145.0,4,5
219180,193.0,5,5
219181,194.0,5,5
219182,171.0,5,5
219183,167.0,5,5
219184,228.0,5,5
219185,195.0,5,5
219186,208.0,5,5
219187,152.0,5,5
219188,175.0,5,5
219189,159.0,5,5
219190,145.0,5,5
219191,190.0,5,5
219192,172.0,5,5
219193,181.0,5,5
219194,141.0,5,5
219195,119.0,5,5
219196,177.0,5,5
219197,183.0,5,5
219198,166.0,5,5
219199,204.0,5,5
219200,158.0,5,5
219201,129.0,5,5
219202,148.0,5,5
219203,163.0,5,5
219204,193.0,5,5
219205,175.0,5,5
219206,193.0,5,5
219207,162.0,5,5
219208,193.0,5,5
219209,163.0,5,5
219210,174.0,5,5
219211,160.0,5,5
219212,216.0,5,5
219213,224.0,5,5
219214,197.0,5,5
219215,198.0,5,5
219216,208.0,5,5
219217,184.0,5,5
219218,140.0,5,5
219219,118.0,5,5
219220,227.0,5,5
219221,231.0,5,5
219222,162.0,5,5
219223,132.0,5,5
219224,177.0,5,5
219225,159.0,5,5
219226,162.0,5,5
219227,146.0,5,5
219228,202.0,5,5
219229,160.0,5,5
219230,197.0,5,5
219231,135.0,5,5
219232,144.0,5,5
219233,158.0,5,5
219234,208.0,5,5
219235,218.0,5,5
219236,233.0,5,5
219237,260.0,5,5
219238,197.0,5,5
219239,200.0,5,5
219240,384.0,6,5
219241,318.0,6,5
219242,207.0,6,5
219243,160.0,6,5
219244,207.0,6,5
219245,240.0,6,5
219246,266.0,6,5
219247,287.0,6,5
219248,218.0,6,5
219249,206.0,6,5
219250,304.0,6,5
219251,269.0,6,5
219252,194.0,6,5
219253,171.0,6,5
219254,210.0,6,5
219255,226.0,6,5
219256,183.0,6,5
219257,142.0,6,5
219258,176.0,6,5
219259,156.0,6,5
219260,270.0,6,5
219261,160.0,6,5
219262,128.0,6,5
219263,161.0,6,5
219264,229.0,6,5
219265,228.0,6,5
219266,286.0,6,5
219267,197.0,6,5
219268,183.0,6,5
219269,171.0,6,5
219270,337.0,6,5
219271,250.0,6,5
219272,255.0,6,5
219273,245.0,6,5
219274,243.0,6,5
219275,264.0,6,5
219276,370.0,6,5
219277,253.0,6,5
219278,232.0,6,5
219279,194.0,6,5
219280,371.0,6,5
219281,254.0,6,5
219282,214.0,6,5
219283,170.0,6,5
219284,275.0,6,5
219285,254.0,6,5
219286,343.0,6,5
219287,301.0,6,5
219288,192.0,6,5
219289,209.0,6,5
219290,318.0,6,5
219291,272.0,6,5
219292,228.0,6,5
219293,213.0,6,5
219294,193.0,6,5
219295,162.0,6,5
219296,276.0,6,5
219297,176.0,6,5
219298,170.0,6,5
219299,205.0,6,5
219300,301.0,7,5
219301,260.0,7,5
219302,178.0,7,5
219303,191.0,7,5
219304,259.0,7,5
219305,254.0,7,5
219306,269.0,7,5
219307,209.0,7,5
219308,174.0,7,5
219309,174.0,7,5
219310,185.0,7,5
219311,160.0,7,5
219312,123.0,7,5
219313,174.0,7,5
219314,201.0,7,5
219315,164.0,7,5
219316,220.0,7,5
219317,229.0,7,5
219318,191.0,7,5
219319,176.0,7,5
219320,216.0,7,5
219321,279.0,7,5
219322,178.0,7,5
219323,196.0,7,5
219324,300.0,7,5
219325,156.0,7,5
219326,180.0,7,5
219327,205.0,7,5
219328,184.0,7,5
219329,188.0,7,5
219330,215.0,7,5
219331,177.0,7,5
219332,144.0,7,5
219333,174.0,7,5
219334,213.0,7,5
219335,218.0,7,5
219336,168.0,7,5
219337,159.0,7,5
219338,185.0,7,5
219339,186.0,7,5
219340,214.0,7,5
219341,286.0,7,5
219342,185.0,7,5
219343,144.0,7,5
219344,209.0,7,5
219345,202.0,7,5
219346,222.0,7,5
219347,208.0,7,5
219348,215.0,7,5
219349,209.0,7,5
219350,264.0,7,5
219351,225.0,7,5
219352,195.0,7,5
219353,227.0,7,5
219354,230.0,7,5
219355,200.0,7,5
219356,238.0,7,5
219357,208.0,7,5
219358,191.0,7,5
219359,169.0,7,5
219360,208.0,8,5
219361,298.0,8,5
219362,181.0,8,5
219363,196.0,8,5
219364,264.0,8,5
219365,192.0,8,5
219366,182.0,8,5
219367,152.0,8,5
219368,208.0,8,5
219369,216.0,8,5
219370,204.0,8,5
219371,144.0,8,5
219372,177.0,8,5
219373,196.0,8,5
219374,177.0,8,5
219375,192.0,8,5
219376,201.0,8,5
219377,227.0,8,5
219378,245.0,8,5
219379,217.0,8,5
219380,242.0,8,5
219381,300.0,8,5
219382,178.0,8,5
219383,165.0,8,5
219384,180.0,8,5
219385,218.0,8,5
219386,213.0,8,5
219387,180.0,8,5
219388,174.0,8,5
219389,174.0,8,5
219390,268.0,8,5
219391,205.0,8,5
219392,191.0,8,5
219393,175.0,8,5
219394,232.0,8,5
219395,339.0,8,5
219396,228.0,8,5
219397,220.0,8,5
219398,229.0,8,5
219399,163.0,8,5
219400,192.0,8,5
219401,281.0,8,5
219402,177.0,8,5
219403,174.0,8,5
219404,207.0,8,5
219405,136.0,8,5
219406,248.0,8,5
219407,213.0,8,5
219408,166.0,8,5
219409,185.0,8,5
219410,198.0,8,5
219411,17.0,8,5
219412,0.0,8,5
219413,0.0,8,5
219414,2.0,8,5
219415,0.0,8,5
219416,3.0,8,5
219417,2.0,8,5
219418,0.0,8,5
219419,5.0,8,5
219420,0.0,9,5
219421,753.0,9,5
219422,972.0,9,5
219423,898.0,9,5
219424,297.0,9,5
219425,278.0,9,5
219426,258.0,9,5
219427,189.0,9,5
219428,280.0,9,5
219429,248.0,9,5
219430,281.0,9,5
219431,330.0,9,5
219432,313.0,9,5
219433,269.0,9,5
219434,330.0,9,5
219435,276.0,9,5
219436,267.0,9,5
219437,270.0,9,5
219438,260.0,9,5
219439,278.0,9,5
219440,270.0,9,5
219441,371.0,9,5
219442,285.0,9,5
219443,287.0,9,5
219444,284.0,9,5
219445,252.0,9,5
219446,285.0,9,5
219447,288.0,9,5
219448,264.0,9,5
219449,276.0,9,5
219450,264.0,9,5
219451,250.0,9,5
219452,84.0,9,5
219453,4.0,9,5
219454,2.0,9,5
219455,5.0,9,5
219456,1.0,9,5
219457,0.0,9,5
219458,2.0,9,5
219459,3.0,9,5
219460,2.0,9,5
219461,1.0,9,5
219462,622.0,9,5
219463,1014.0,9,5
219464,1020.0,9,5
219465,872.0,9,5
219466,327.0,9,5
219467,237.0,9,5
219468,319.0,9,5
219469,237.0,9,5
219470,271.0,9,5
219471,245.0,9,5
219472,297.0,9,5
219473,250.0,9,5
219474,316.0,9,5
219475,264.0,9,5
219476,253.0,9,5
219477,267.0,9,5
219478,266.0,9,5
219479,219.0,9,5
219480,270.0,10,5
219481,328.0,10,5
219482,364.0,10,5
219483,230.0,10,5
219484,317.0,10,5
219485,318.0,10,5
219486,460.0,10,5
219487,320.0,10,5
219488,521.0,10,5
219489,289.0,10,5
219490,558.0,10,5
219491,392.0,10,5
219492,624.0,10,5
219493,388.0,10,5
219494,495.0,10,5
219495,319.0,10,5
219496,487.0,10,5
219497,342.0,10,5
219498,446.0,10,5
219499,430.0,10,5
219500,477.0,10,5
219501,439.0,10,5
219502,501.0,10,5
219503,348.0,10,5
219504,438.0,10,5
219505,332.0,10,5
219506,428.0,10,5
219507,301.0,10,5
219508,441.0,10,5
219509,2.0,10,5
219510,0.0,10,5
219511,3.0,10,5
219512,3.0,10,5
219513,12.0,10,5
219514,5.0,10,5
219515,1.0,10,5
219516,3.0,10,5
219517,6.0,10,5
219518,9.0,10,5
219519,1059.0,10,5
219520,1063.0,10,5
219521,1120.0,10,5
219522,1112.0,10,5
219523,1117.0,10,5
219524,419.0,10,5
219525,274.0,10,5
219526,449.0,10,5
219527,304.0,10,5
219528,405.0,10,5
219529,261.0,10,5
219530,425.0,10,5
219531,354.0,10,5
219532,333.0,10,5
219533,267.0,10,5
219534,415.0,10,5
219535,296.0,10,5
219536,424.0,10,5
219537,291.0,10,5
219538,385.0,10,5
219539,285.0,10,5
219540,425.0,11,5
219541,399.0,11,5
219542,424.0,11,5
219543,320.0,11,5
219544,502.0,11,5
219545,418.0,11,5
219546,677.0,11,5
219547,360.0,11,5
219548,711.0,11,5
219549,358.0,11,5
219550,621.0,11,5
219551,391.0,11,5
219552,667.0,11,5
219553,373.0,11,5
219554,702.0,11,5
219555,332.0,11,5
219556,429.0,11,5
219557,306.0,11,5
219558,400.0,11,5
219559,295.0,11,5
219560,346.0,11,5
219561,353.0,11,5
219562,480.0,11,5
219563,307.0,11,5
219564,471.0,11,5
219565,301.0,11,5
219566,415.0,11,5
219567,253.0,11,5
219568,444.0,11,5
219569,249.0,11,5
219570,412.0,11,5
219571,303.0,11,5
219572,433.0,11,5
219573,333.0,11,5
219574,455.0,11,5
219575,314.0,11,5
219576,437.0,11,5
219577,309.0,11,5
219578,420.0,11,5
219579,315.0,11,5
219580,489.0,11,5
219581,299.0,11,5
219582,460.0,11,5
219583,307.0,11,5
219584,439.0,11,5
219585,337.0,11,5
219586,393.0,11,5
219587,251.0,11,5
219588,407.0,11,5
219589,214.0,11,5
219590,381.0,11,5
219591,279.0,11,5
219592,429.0,11,5
219593,272.0,11,5
219594,501.0,11,5
219595,257.0,11,5
219596,489.0,11,5
219597,261.0,11,5
219598,462.0,11,5
219599,259.0,11,5
219600,445.0,12,5
219601,148.0,12,5
219602,348.0,12,5
219603,244.0,12,5
219604,483.0,12,5
219605,364.0,12,5
219606,585.0,12,5
219607,353.0,12,5
219608,633.0,12,5
219609,357.0,12,5
219610,597.0,12,5
219611,280.0,12,5
219612,602.0,12,5
219613,314.0,12,5
219614,609.0,12,5
219615,332.0,12,5
219616,373.0,12,5
219617,222.0,12,5
219618,333.0,12,5
219619,255.0,12,5
219620,326.0,12,5
219621,276.0,12,5
219622,340.0,12,5
219623,317.0,12,5
219624,444.0,12,5
219625,226.0,12,5
219626,349.0,12,5
219627,253.0,12,5
219628,387.0,12,5
219629,310.0,12,5
219630,379.0,12,5
219631,296.0,12,5
219632,335.0,12,5
219633,251.0,12,5
219634,419.0,12,5
219635,361.0,12,5
219636,456.0,12,5
219637,277.0,12,5
219638,369.0,12,5
219639,203.0,12,5
219640,334.0,12,5
219641,268.0,12,5
219642,356.0,12,5
219643,253.0,12,5
219644,314.0,12,5
219645,239.0,12,5
219646,335.0,12,5
219647,297.0,12,5
219648,311.0,12,5
219649,205.0,12,5
219650,323.0,12,5
219651,248.0,12,5
219652,323.0,12,5
219653,227.0,12,5
219654,390.0,12,5
219655,269.0,12,5
219656,320.0,12,5
219657,258.0,12,5
219658,340.0,12,5
219659,272.0,12,5
219660,260.0,13,5
219661,246.0,13,5
219662,330.0,13,5
219663,230.0,13,5
219664,395.0,13,5
219665,315.0,13,5
219666,578.0,13,5
219667,330.0,13,5
219668,445.0,13,5
219669,246.0,13,5
219670,534.0,13,5
219671,372.0,13,5
219672,521.0,13,5
219673,381.0,13,5
219674,470.0,13,5
219675,450.0,13,5
219676,365.0,13,5
219677,274.0,13,5
219678,332.0,13,5
219679,259.0,13,5
219680,310.0,13,5
219681,198.0,13,5
219682,423.0,13,5
219683,276.0,13,5
219684,259.0,13,5
219685,284.0,13,5
219686,338.0,13,5
219687,229.0,13,5
219688,297.0,13,5
219689,225.0,13,5
219690,282.0,13,5
219691,212.0,13,5
219692,288.0,13,5
219693,269.0,13,5
219694,271.0,13,5
219695,278.0,13,5
219696,272.0,13,5
219697,255.0,13,5
219698,295.0,13,5
219699,247.0,13,5
219700,307.0,13,5
219701,315.0,13,5
219702,402.0,13,5
219703,287.0,13,5
219704,303.0,13,5
219705,249.0,13,5
219706,273.0,13,5
219707,253.0,13,5
219708,316.0,13,5
219709,206.0,13,5
219710,274.0,13,5
219711,233.0,13,5
219712,299.0,13,5
219713,189.0,13,5
219714,316.0,13,5
219715,204.0,13,5
219716,315.0,13,5
219717,244.0,13,5
219718,281.0,13,5
219719,217.0,13,5
219720,270.0,14,5
219721,223.0,14,5
219722,215.0,14,5
219723,233.0,14,5
219724,365.0,14,5
219725,444.0,14,5
219726,430.0,14,5
219727,428.0,14,5
219728,446.0,14,5
219729,521.0,14,5
219730,421.0,14,5
219731,500.0,14,5
219732,457.0,14,5
219733,314.0,14,5
219734,384.0,14,5
219735,272.0,14,5
219736,401.0,14,5
219737,245.0,14,5
219738,312.0,14,5
219739,238.0,14,5
219740,463.0,14,5
219741,271.0,14,5
219742,332.0,14,5
219743,220.0,14,5
219744,338.0,14,5
219745,214.0,14,5
219746,321.0,14,5
219747,234.0,14,5
219748,286.0,14,5
219749,239.0,14,5
219750,315.0,14,5
219751,244.0,14,5
219752,284.0,14,5
219753,249.0,14,5
219754,275.0,14,5
219755,217.0,14,5
219756,399.0,14,5
219757,219.0,14,5
219758,239.0,14,5
219759,214.0,14,5
219760,371.0,14,5
219761,401.0,14,5
219762,300.0,14,5
219763,247.0,14,5
219764,261.0,14,5
219765,239.0,14,5
219766,327.0,14,5
219767,261.0,14,5
219768,307.0,14,5
219769,298.0,14,5
219770,364.0,14,5
219771,284.0,14,5
219772,374.0,14,5
219773,215.0,14,5
219774,342.0,14,5
219775,236.0,14,5
219776,303.0,14,5
219777,233.0,14,5
219778,298.0,14,5
219779,211.0,14,5
219780,589.0,15,5
219781,677.0,15,5
219782,334.0,15,5
219783,255.0,15,5
219784,455.0,15,5
219785,401.0,15,5
219786,459.0,15,5
219787,339.0,15,5
219788,499.0,15,5
219789,462.0,15,5
219790,478.0,15,5
219791,456.0,15,5
219792,438.0,15,5
219793,290.0,15,5
219794,363.0,15,5
219795,284.0,15,5
219796,314.0,15,5
219797,266.0,15,5
219798,320.0,15,5
219799,291.0,15,5
219800,549.0,15,5
219801,255.0,15,5
219802,355.0,15,5
219803,251.0,15,5
219804,0.0,15,5
219805,0.0,15,5
219806,0.0,15,5
219807,0.0,15,5
219808,0.0,15,5
219809,0.0,15,5
219810,0.0,15,5
219811,0.0,15,5
219812,0.0,15,5
219813,153.0,15,5
219814,868.0,15,5
219815,1001.0,15,5
219816,1074.0,15,5
219817,960.0,15,5
219818,311.0,15,5
219819,230.0,15,5
219820,346.0,15,5
219821,202.0,15,5
219822,222.0,15,5
219823,158.0,15,5
219824,224.0,15,5
219825,173.0,15,5
219826,269.0,15,5
219827,200.0,15,5
219828,298.0,15,5
219829,270.0,15,5
219830,278.0,15,5
219831,233.0,15,5
219832,275.0,15,5
219833,172.0,15,5
219834,285.0,15,5
219835,236.0,15,5
219836,320.0,15,5
219837,200.0,15,5
219838,307.0,15,5
219839,170.0,15,5
219840,274.0,16,5
219841,298.0,16,5
219842,300.0,16,5
219843,274.0,16,5
219844,278.0,16,5
219845,276.0,16,5
219846,458.0,16,5
219847,286.0,16,5
219848,489.0,16,5
219849,341.0,16,5
219850,459.0,16,5
219851,394.0,16,5
219852,450.0,16,5
219853,439.0,16,5
219854,463.0,16,5
219855,378.0,16,5
219856,354.0,16,5
219857,194.0,16,5
219858,316.0,16,5
219859,232.0,16,5
219860,356.0,16,5
219861,318.0,16,5
219862,351.0,16,5
219863,278.0,16,5
219864,292.0,16,5
219865,195.0,16,5
219866,300.0,16,5
219867,223.0,16,5
219868,279.0,16,5
219869,220.0,16,5
219870,244.0,16,5
219871,242.0,16,5
219872,255.0,16,5
219873,261.0,16,5
219874,249.0,16,5
219875,319.0,16,5
219876,291.0,16,5
219877,275.0,16,5
219878,225.0,16,5
219879,212.0,16,5
219880,316.0,16,5
219881,261.0,16,5
219882,297.0,16,5
219883,206.0,16,5
219884,239.0,16,5
219885,242.0,16,5
219886,250.0,16,5
219887,192.0,16,5
219888,265.0,16,5
219889,222.0,16,5
219890,329.0,16,5
219891,237.0,16,5
219892,289.0,16,5
219893,211.0,16,5
219894,315.0,16,5
219895,197.0,16,5
219896,303.0,16,5
219897,226.0,16,5
219898,273.0,16,5
219899,195.0,16,5
219900,310.0,17,5
219901,340.0,17,5
219902,331.0,17,5
219903,262.0,17,5
219904,394.0,17,5
219905,315.0,17,5
219906,357.0,17,5
219907,295.0,17,5
219908,375.0,17,5
219909,458.0,17,5
219910,377.0,17,5
219911,326.0,17,5
219912,449.0,17,5
219913,453.0,17,5
219914,402.0,17,5
219915,411.0,17,5
219916,404.0,17,5
219917,457.0,17,5
219918,402.0,17,5
219919,420.0,17,5
219920,377.0,17,5
219921,419.0,17,5
219922,330.0,17,5
219923,344.0,17,5
219924,433.0,17,5
219925,292.0,17,5
219926,324.0,17,5
219927,273.0,17,5
219928,303.0,17,5
219929,288.0,17,5
219930,318.0,17,5
219931,253.0,17,5
219932,303.0,17,5
219933,342.0,17,5
219934,329.0,17,5
219935,419.0,17,5
219936,310.0,17,5
219937,315.0,17,5
219938,358.0,17,5
219939,287.0,17,5
219940,315.0,17,5
219941,259.0,17,5
219942,350.0,17,5
219943,344.0,17,5
219944,312.0,17,5
219945,273.0,17,5
219946,332.0,17,5
219947,300.0,17,5
219948,338.0,17,5
219949,269.0,17,5
219950,337.0,17,5
219951,345.0,17,5
219952,350.0,17,5
219953,297.0,17,5
219954,337.0,17,5
219955,259.0,17,5
219956,362.0,17,5
219957,307.0,17,5
219958,286.0,17,5
219959,238.0,17,5
219960,301.0,18,5
219961,443.0,18,5
219962,330.0,18,5
219963,269.0,18,5
219964,324.0,18,5
219965,287.0,18,5
219966,381.0,18,5
219967,229.0,18,5
219968,321.0,18,5
219969,401.0,18,5
219970,332.0,18,5
219971,348.0,18,5
219972,310.0,18,5
219973,276.0,18,5
219974,295.0,18,5
219975,237.0,18,5
219976,298.0,18,5
219977,220.0,18,5
219978,266.0,18,5
219979,254.0,18,5
219980,349.0,18,5
219981,348.0,18,5
219982,299.0,18,5
219983,264.0,18,5
219984,275.0,18,5
219985,225.0,18,5
219986,237.0,18,5
219987,173.0,18,5
219988,173.0,18,5
219989,162.0,18,5
219990,202.0,18,5
219991,190.0,18,5
219992,169.0,18,5
219993,170.0,18,5
219994,224.0,18,5
219995,323.0,18,5
219996,234.0,18,5
219997,260.0,18,5
219998,253.0,18,5
219999,159.0,18,5
220000,198.0,18,5
220001,269.0,18,5
220002,212.0,18,5
220003,211.0,18,5
220004,332.0,18,5
220005,265.0,18,5
220006,303.0,18,5
220007,243.0,18,5
220008,329.0,18,5
220009,234.0,18,5
220010,313.0,18,5
220011,246.0,18,5
220012,310.0,18,5
220013,256.0,18,5
220014,277.0,18,5
220015,220.0,18,5
220016,290.0,18,5
220017,242.0,18,5
220018,227.0,18,5
220019,214.0,18,5
220020,242.0,19,5
220021,244.0,19,5
220022,231.0,19,5
220023,293.0,19,5
220024,290.0,19,5
220025,206.0,19,5
220026,332.0,19,5
220027,236.0,19,5
220028,284.0,19,5
220029,259.0,19,5
220030,262.0,19,5
220031,386.0,19,5
220032,307.0,19,5
220033,360.0,19,5
220034,282.0,19,5
220035,274.0,19,5
220036,261.0,19,5
220037,206.0,19,5
220038,261.0,19,5
220039,228.0,19,5
220040,309.0,19,5
220041,332.0,19,5
220042,332.0,19,5
220043,273.0,19,5
220044,311.0,19,5
220045,228.0,19,5
220046,266.0,19,5
220047,211.0,19,5
220048,247.0,19,5
220049,239.0,19,5
220050,256.0,19,5
220051,249.0,19,5
220052,237.0,19,5
220053,227.0,19,5
220054,245.0,19,5
220055,230.0,19,5
220056,209.0,19,5
220057,212.0,19,5
220058,253.0,19,5
220059,173.0,19,5
220060,216.0,19,5
220061,285.0,19,5
220062,259.0,19,5
220063,209.0,19,5
220064,215.0,19,5
220065,167.0,19,5
220066,185.0,19,5
220067,208.0,19,5
220068,259.0,19,5
220069,195.0,19,5
220070,234.0,19,5
220071,200.0,19,5
220072,34.0,19,5
220073,0.0,19,5
220074,0.0,19,5
220075,0.0,19,5
220076,1.0,19,5
220077,0.0,19,5
220078,0.0,19,5
220079,0.0,19,5
220080,0.0,20,5
220081,1.0,20,5
220082,498.0,20,5
220083,932.0,20,5
220084,963.0,20,5
220085,884.0,20,5
220086,266.0,20,5
220087,225.0,20,5
220088,322.0,20,5
220089,480.0,20,5
220090,238.0,20,5
220091,235.0,20,5
220092,52.0,20,5
220093,0.0,20,5
220094,0.0,20,5
220095,1.0,20,5
220096,0.0,20,5
220097,0.0,20,5
220098,0.0,20,5
220099,0.0,20,5
220100,0.0,20,5
220101,2.0,20,5
220102,676.0,20,5
220103,860.0,20,5
220104,959.0,20,5
220105,915.0,20,5
220106,242.0,20,5
220107,228.0,20,5
220108,281.0,20,5
220109,211.0,20,5
220110,246.0,20,5
220111,223.0,20,5
220112,291.0,20,5
220113,244.0,20,5
220114,258.0,20,5
220115,253.0,20,5
220116,260.0,20,5
220117,213.0,20,5
220118,248.0,20,5
220119,374.0,20,5
220120,203.0,20,5
220121,483.0,20,5
220122,437.0,20,5
220123,458.0,20,5
220124,232.0,20,5
220125,444.0,20,5
220126,237.0,20,5
220127,443.0,20,5
220128,290.0,20,5
220129,470.0,20,5
220130,324.0,20,5
220131,554.0,20,5
220132,314.0,20,5
220133,501.0,20,5
220134,267.0,20,5
220135,287.0,20,5
220136,280.0,20,5
220137,274.0,20,5
220138,260.0,20,5
220139,264.0,20,5
220140,245.0,21,5
220141,300.0,21,5
220142,264.0,21,5
220143,233.0,21,5
220144,226.0,21,5
220145,247.0,21,5
220146,256.0,21,5
220147,220.0,21,5
220148,253.0,21,5
220149,225.0,21,5
220150,230.0,21,5
220151,300.0,21,5
220152,194.0,21,5
220153,252.0,21,5
220154,192.0,21,5
220155,291.0,21,5
220156,256.0,21,5
220157,272.0,21,5
220158,211.0,21,5
220159,264.0,21,5
220160,198.0,21,5
220161,276.0,21,5
220162,245.0,21,5
220163,250.0,21,5
220164,189.0,21,5
220165,274.0,21,5
220166,165.0,21,5
220167,211.0,21,5
220168,223.0,21,5
220169,271.0,21,5
220170,181.0,21,5
220171,333.0,21,5
220172,211.0,21,5
220173,287.0,21,5
220174,226.0,21,5
220175,391.0,21,5
220176,224.0,21,5
220177,270.0,21,5
220178,326.0,21,5
220179,284.0,21,5
220180,153.0,21,5
220181,360.0,21,5
220182,309.0,21,5
220183,297.0,21,5
220184,201.0,21,5
220185,239.0,21,5
220186,205.0,21,5
220187,317.0,21,5
220188,173.0,21,5
220189,272.0,21,5
220190,205.0,21,5
220191,319.0,21,5
220192,220.0,21,5
220193,242.0,21,5
220194,189.0,21,5
220195,297.0,21,5
220196,180.0,21,5
220197,257.0,21,5
220198,210.0,21,5
220199,296.0,21,5
220200,192.0,22,5
220201,318.0,22,5
220202,313.0,22,5
220203,332.0,22,5
220204,218.0,22,5
220205,376.0,22,5
220206,192.0,22,5
220207,308.0,22,5
220208,205.0,22,5
220209,238.0,22,5
220210,162.0,22,5
220211,282.0,22,5
220212,232.0,22,5
220213,324.0,22,5
220214,170.0,22,5
220215,228.0,22,5
220216,161.0,22,5
220217,233.0,22,5
220218,165.0,22,5
220219,217.0,22,5
220220,202.0,22,5
220221,230.0,22,5
220222,125.0,22,5
220223,0.0,22,5
220224,0.0,22,5
220225,0.0,22,5
220226,0.0,22,5
220227,0.0,22,5
220228,0.0,22,5
220229,0.0,22,5
220230,0.0,22,5
220231,3.0,22,5
220232,601.0,22,5
220233,792.0,22,5
220234,922.0,22,5
220235,743.0,22,5
220236,174.0,22,5
220237,252.0,22,5
220238,228.0,22,5
220239,273.0,22,5
220240,144.0,22,5
220241,214.0,22,5
220242,167.0,22,5
220243,250.0,22,5
220244,170.0,22,5
220245,247.0,22,5
220246,184.0,22,5
220247,271.0,22,5
220248,190.0,22,5
220249,216.0,22,5
220250,203.0,22,5
220251,280.0,22,5
220252,143.0,22,5
220253,237.0,22,5
220254,184.0,22,5
220255,240.0,22,5
220256,182.0,22,5
220257,215.0,22,5
220258,175.0,22,5
220259,211.0,22,5
220260,163.0,23,5
220261,216.0,23,5
220262,173.0,23,5
220263,207.0,23,5
220264,148.0,23,5
220265,269.0,23,5
220266,161.0,23,5
220267,228.0,23,5
220268,160.0,23,5
220269,282.0,23,5
220270,165.0,23,5
220271,226.0,23,5
220272,144.0,23,5
220273,175.0,23,5
220274,172.0,23,5
220275,209.0,23,5
220276,149.0,23,5
220277,242.0,23,5
220278,140.0,23,5
220279,254.0,23,5
220280,262.0,23,5
220281,257.0,23,5
220282,159.0,23,5
220283,262.0,23,5
220284,198.0,23,5
220285,246.0,23,5
220286,168.0,23,5
220287,211.0,23,5
220288,170.0,23,5
220289,161.0,23,5
220290,380.0,23,5
220291,1002.0,23,5
220292,1100.0,23,5
220293,1024.0,23,5
220294,219.0,23,5
220295,239.0,23,5
220296,208.0,23,5
220297,201.0,23,5
220298,176.0,23,5
220299,172.0,23,5
220300,186.0,23,5
220301,174.0,23,5
220302,136.0,23,5
220303,152.0,23,5
220304,169.0,23,5
220305,187.0,23,5
220306,174.0,23,5
220307,163.0,23,5
220308,171.0,23,5
220309,167.0,23,5
220310,159.0,23,5
220311,176.0,23,5
220312,174.0,23,5
220313,135.0,23,5
220314,187.0,23,5
220315,149.0,23,5
220316,159.0,23,5
220317,164.0,23,5
220318,148.0,23,5
220319,133.0,23,5
220320,171.0,0,6
220321,234.0,0,6
220322,201.0,0,6
220323,174.0,0,6
220324,205.0,0,6
220325,195.0,0,6
220326,153.0,0,6
220327,168.0,0,6
220328,171.0,0,6
220329,134.0,0,6
220330,176.0,0,6
220331,158.0,0,6
220332,126.0,0,6
220333,138.0,0,6
220334,176.0,0,6
220335,122.0,0,6
220336,171.0,0,6
220337,181.0,0,6
220338,155.0,0,6
220339,214.0,0,6
220340,284.0,0,6
220341,181.0,0,6
220342,178.0,0,6
220343,190.0,0,6
220344,215.0,0,6
220345,197.0,0,6
220346,138.0,0,6
220347,204.0,0,6
220348,186.0,0,6
220349,210.0,0,6
220350,138.0,0,6
220351,196.0,0,6
220352,146.0,0,6
220353,192.0,0,6
220354,178.0,0,6
220355,170.0,0,6
220356,173.0,0,6
220357,193.0,0,6
220358,168.0,0,6
220359,252.0,0,6
220360,190.0,0,6
220361,192.0,0,6
220362,155.0,0,6
220363,187.0,0,6
220364,166.0,0,6
220365,176.0,0,6
220366,141.0,0,6
220367,214.0,0,6
220368,163.0,0,6
220369,210.0,0,6
220370,161.0,0,6
220371,234.0,0,6
220372,224.0,0,6
220373,189.0,0,6
220374,153.0,0,6
220375,160.0,0,6
220376,186.0,0,6
220377,185.0,0,6
220378,161.0,0,6
220379,168.0,0,6
220380,159.0,1,6
220381,223.0,1,6
220382,175.0,1,6
220383,235.0,1,6
220384,203.0,1,6
220385,308.0,1,6
220386,315.0,1,6
220387,256.0,1,6
220388,226.0,1,6
220389,222.0,1,6
220390,202.0,1,6
220391,227.0,1,6
220392,185.0,1,6
220393,253.0,1,6
220394,169.0,1,6
220395,181.0,1,6
220396,182.0,1,6
220397,234.0,1,6
220398,215.0,1,6
220399,210.0,1,6
220400,300.0,1,6
220401,249.0,1,6
220402,181.0,1,6
220403,225.0,1,6
220404,185.0,1,6
220405,227.0,1,6
220406,195.0,1,6
220407,218.0,1,6
220408,196.0,1,6
220409,210.0,1,6
220410,170.0,1,6
220411,244.0,1,6
220412,217.0,1,6
220413,274.0,1,6
220414,291.0,1,6
220415,233.0,1,6
220416,184.0,1,6
220417,235.0,1,6
220418,181.0,1,6
220419,187.0,1,6
220420,173.0,1,6
220421,291.0,1,6
220422,211.0,1,6
220423,228.0,1,6
220424,206.0,1,6
220425,231.0,1,6
220426,177.0,1,6
220427,271.0,1,6
220428,183.0,1,6
220429,172.0,1,6
220430,201.0,1,6
220431,226.0,1,6
220432,58.0,1,6
220433,8.0,1,6
220434,7.0,1,6
220435,0.0,1,6
220436,0.0,1,6
220437,0.0,1,6
220438,1.0,1,6
220439,3.0,1,6
220440,0.0,2,6
220441,0.0,2,6
220442,695.0,2,6
220443,948.0,2,6
220444,1024.0,2,6
220445,244.0,2,6
220446,162.0,2,6
220447,213.0,2,6
220448,186.0,2,6
220449,200.0,2,6
220450,139.0,2,6
220451,193.0,2,6
220452,183.0,2,6
220453,214.0,2,6
220454,205.0,2,6
220455,242.0,2,6
220456,208.0,2,6
220457,271.0,2,6
220458,214.0,2,6
220459,234.0,2,6
220460,189.0,2,6
220461,317.0,2,6
220462,169.0,2,6
220463,187.0,2,6
220464,181.0,2,6
220465,218.0,2,6
220466,167.0,2,6
220467,246.0,2,6
220468,246.0,2,6
220469,203.0,2,6
220470,169.0,2,6
220471,186.0,2,6
220472,155.0,2,6
220473,174.0,2,6
220474,188.0,2,6
220475,193.0,2,6
220476,207.0,2,6
220477,215.0,2,6
220478,206.0,2,6
220479,165.0,2,6
220480,147.0,2,6
220481,258.0,2,6
220482,187.0,2,6
220483,230.0,2,6
220484,140.0,2,6
220485,208.0,2,6
220486,200.0,2,6
220487,194.0,2,6
220488,233.0,2,6
220489,171.0,2,6
220490,184.0,2,6
220491,207.0,2,6
220492,142.0,2,6
220493,211.0,2,6
220494,171.0,2,6
220495,190.0,2,6
220496,136.0,2,6
220497,184.0,2,6
220498,169.0,2,6
220499,186.0,2,6
220500,189.0,3,6
220501,259.0,3,6
220502,195.0,3,6
220503,166.0,3,6
220504,178.0,3,6
220505,242.0,3,6
220506,187.0,3,6
220507,182.0,3,6
220508,167.0,3,6
220509,222.0,3,6
220510,186.0,3,6
220511,243.0,3,6
220512,200.0,3,6
220513,247.0,3,6
220514,196.0,3,6
220515,189.0,3,6
220516,185.0,3,6
220517,167.0,3,6
220518,167.0,3,6
220519,191.0,3,6
220520,182.0,3,6
220521,247.0,3,6
220522,186.0,3,6
220523,176.0,3,6
220524,188.0,3,6
220525,167.0,3,6
220526,159.0,3,6
220527,171.0,3,6
220528,168.0,3,6
220529,193.0,3,6
220530,164.0,3,6
220531,139.0,3,6
220532,116.0,3,6
220533,149.0,3,6
220534,170.0,3,6
220535,155.0,3,6
220536,198.0,3,6
220537,173.0,3,6
220538,203.0,3,6
220539,184.0,3,6
220540,160.0,3,6
220541,287.0,3,6
220542,210.0,3,6
220543,180.0,3,6
220544,177.0,3,6
220545,207.0,3,6
220546,161.0,3,6
220547,166.0,3,6
220548,181.0,3,6
220549,181.0,3,6
220550,149.0,3,6
220551,214.0,3,6
220552,193.0,3,6
220553,173.0,3,6
220554,174.0,3,6
220555,178.0,3,6
220556,203.0,3,6
220557,219.0,3,6
220558,210.0,3,6
220559,215.0,3,6
220560,189.0,4,6
220561,188.0,4,6
220562,152.0,4,6
220563,180.0,4,6
220564,168.0,4,6
220565,159.0,4,6
220566,139.0,4,6
220567,208.0,4,6
220568,175.0,4,6
220569,181.0,4,6
220570,192.0,4,6
220571,183.0,4,6
220572,169.0,4,6
220573,178.0,4,6
220574,178.0,4,6
220575,209.0,4,6
220576,187.0,4,6
220577,195.0,4,6
220578,164.0,4,6
220579,190.0,4,6
220580,166.0,4,6
220581,282.0,4,6
220582,258.0,4,6
220583,182.0,4,6
220584,201.0,4,6
220585,225.0,4,6
220586,188.0,4,6
220587,214.0,4,6
220588,173.0,4,6
220589,205.0,4,6
220590,169.0,4,6
220591,235.0,4,6
220592,174.0,4,6
220593,176.0,4,6
220594,156.0,4,6
220595,269.0,4,6
220596,162.0,4,6
220597,154.0,4,6
220598,167.0,4,6
220599,214.0,4,6
220600,198.0,4,6
220601,270.0,4,6
220602,186.0,4,6
220603,161.0,4,6
220604,180.0,4,6
220605,235.0,4,6
220606,202.0,4,6
220607,201.0,4,6
220608,181.0,4,6
220609,210.0,4,6
220610,180.0,4,6
220611,183.0,4,6
220612,165.0,4,6
220613,175.0,4,6
220614,171.0,4,6
220615,193.0,4,6
220616,197.0,4,6
220617,200.0,4,6
220618,235.0,4,6
220619,249.0,4,6
220620,151.0,5,6
220621,242.0,5,6
220622,191.0,5,6
220623,146.0,5,6
220624,133.0,5,6
220625,161.0,5,6
220626,190.0,5,6
220627,176.0,5,6
220628,176.0,5,6
220629,180.0,5,6
220630,136.0,5,6
220631,177.0,5,6
220632,132.0,5,6
220633,151.0,5,6
220634,152.0,5,6
220635,177.0,5,6
220636,143.0,5,6
220637,104.0,5,6
220638,0.0,5,6
220639,0.0,5,6
220640,0.0,5,6
220641,0.0,5,6
220642,0.0,5,6
220643,0.0,5,6
220644,4.0,5,6
220645,7.0,5,6
220646,3.0,5,6
220647,262.0,5,6
220648,820.0,5,6
220649,961.0,5,6
220650,243.0,5,6
220651,200.0,5,6
220652,166.0,5,6
220653,177.0,5,6
220654,271.0,5,6
220655,231.0,5,6
220656,185.0,5,6
220657,175.0,5,6
220658,158.0,5,6
220659,175.0,5,6
220660,155.0,5,6
220661,193.0,5,6
220662,223.0,5,6
220663,138.0,5,6
220664,163.0,5,6
220665,192.0,5,6
220666,180.0,5,6
220667,188.0,5,6
220668,196.0,5,6
220669,187.0,5,6
220670,176.0,5,6
220671,188.0,5,6
220672,176.0,5,6
220673,191.0,5,6
220674,176.0,5,6
220675,201.0,5,6
220676,183.0,5,6
220677,181.0,5,6
220678,193.0,5,6
220679,227.0,5,6
220680,129.0,6,6
220681,189.0,6,6
220682,257.0,6,6
220683,162.0,6,6
220684,172.0,6,6
220685,223.0,6,6
220686,214.0,6,6
220687,191.0,6,6
220688,198.0,6,6
220689,194.0,6,6
220690,129.0,6,6
220691,220.0,6,6
220692,182.0,6,6
220693,142.0,6,6
220694,160.0,6,6
220695,160.0,6,6
220696,161.0,6,6
220697,176.0,6,6
220698,188.0,6,6
220699,212.0,6,6
220700,154.0,6,6
220701,208.0,6,6
220702,258.0,6,6
220703,156.0,6,6
220704,152.0,6,6
220705,191.0,6,6
220706,161.0,6,6
220707,181.0,6,6
220708,153.0,6,6
220709,164.0,6,6
220710,142.0,6,6
220711,169.0,6,6
220712,145.0,6,6
220713,168.0,6,6
220714,136.0,6,6
220715,167.0,6,6
220716,148.0,6,6
220717,182.0,6,6
220718,173.0,6,6
220719,136.0,6,6
220720,145.0,6,6
220721,165.0,6,6
220722,242.0,6,6
220723,169.0,6,6
220724,174.0,6,6
220725,154.0,6,6
220726,177.0,6,6
220727,185.0,6,6
220728,186.0,6,6
220729,156.0,6,6
220730,156.0,6,6
220731,175.0,6,6
220732,162.0,6,6
220733,161.0,6,6
220734,193.0,6,6
220735,169.0,6,6
220736,169.0,6,6
220737,203.0,6,6
220738,189.0,6,6
220739,178.0,6,6
220740,111.0,7,6
220741,163.0,7,6
220742,234.0,7,6
220743,186.0,7,6
220744,173.0,7,6
220745,218.0,7,6
220746,216.0,7,6
220747,198.0,7,6
220748,182.0,7,6
220749,172.0,7,6
220750,153.0,7,6
220751,174.0,7,6
220752,158.0,7,6
220753,141.0,7,6
220754,180.0,7,6
220755,177.0,7,6
220756,165.0,7,6
220757,173.0,7,6
220758,171.0,7,6
220759,187.0,7,6
220760,154.0,7,6
220761,198.0,7,6
220762,227.0,7,6
220763,167.0,7,6
220764,177.0,7,6
220765,200.0,7,6
220766,185.0,7,6
220767,186.0,7,6
220768,175.0,7,6
220769,193.0,7,6
220770,145.0,7,6
220771,178.0,7,6
220772,197.0,7,6
220773,183.0,7,6
220774,191.0,7,6
220775,194.0,7,6
220776,163.0,7,6
220777,184.0,7,6
220778,161.0,7,6
220779,155.0,7,6
220780,172.0,7,6
220781,166.0,7,6
220782,244.0,7,6
220783,185.0,7,6
220784,174.0,7,6
220785,164.0,7,6
220786,181.0,7,6
220787,165.0,7,6
220788,146.0,7,6
220789,131.0,7,6
220790,232.0,7,6
220791,175.0,7,6
220792,163.0,7,6
220793,231.0,7,6
220794,195.0,7,6
220795,208.0,7,6
220796,240.0,7,6
220797,161.0,7,6
220798,190.0,7,6
220799,182.0,7,6
220800,126.0,8,6
220801,187.0,8,6
220802,287.0,8,6
220803,154.0,8,6
220804,197.0,8,6
220805,272.0,8,6
220806,187.0,8,6
220807,190.0,8,6
220808,173.0,8,6
220809,193.0,8,6
220810,148.0,8,6
220811,301.0,8,6
220812,203.0,8,6
220813,195.0,8,6
220814,191.0,8,6
220815,365.0,8,6
220816,198.0,8,6
220817,205.0,8,6
220818,204.0,8,6
220819,175.0,8,6
220820,244.0,8,6
220821,268.0,8,6
220822,171.0,8,6
220823,247.0,8,6
220824,196.0,8,6
220825,246.0,8,6
220826,186.0,8,6
220827,180.0,8,6
220828,144.0,8,6
220829,201.0,8,6
220830,187.0,8,6
220831,219.0,8,6
220832,146.0,8,6
220833,210.0,8,6
220834,184.0,8,6
220835,331.0,8,6
220836,207.0,8,6
220837,180.0,8,6
220838,176.0,8,6
220839,191.0,8,6
220840,291.0,8,6
220841,213.0,8,6
220842,182.0,8,6
220843,219.0,8,6
220844,197.0,8,6
220845,270.0,8,6
220846,185.0,8,6
220847,187.0,8,6
220848,175.0,8,6
220849,250.0,8,6
220850,203.0,8,6
220851,238.0,8,6
220852,165.0,8,6
220853,196.0,8,6
220854,215.0,8,6
220855,450.0,8,6
220856,206.0,8,6
220857,255.0,8,6
220858,163.0,8,6
220859,235.0,8,6
220860,259.0,9,6
220861,289.0,9,6
220862,223.0,9,6
220863,250.0,9,6
220864,192.0,9,6
220865,344.0,9,6
220866,211.0,9,6
220867,207.0,9,6
220868,198.0,9,6
220869,242.0,9,6
220870,233.0,9,6
220871,258.0,9,6
220872,234.0,9,6
220873,318.0,9,6
220874,251.0,9,6
220875,248.0,9,6
220876,224.0,9,6
220877,293.0,9,6
220878,284.0,9,6
220879,266.0,9,6
220880,272.0,9,6
220881,417.0,9,6
220882,247.0,9,6
220883,375.0,9,6
220884,208.0,9,6
220885,293.0,9,6
220886,243.0,9,6
220887,312.0,9,6
220888,208.0,9,6
220889,314.0,9,6
220890,242.0,9,6
220891,277.0,9,6
220892,207.0,9,6
220893,324.0,9,6
220894,231.0,9,6
220895,423.0,9,6
220896,200.0,9,6
220897,236.0,9,6
220898,196.0,9,6
220899,276.0,9,6
220900,235.0,9,6
220901,382.0,9,6
220902,175.0,9,6
220903,317.0,9,6
220904,240.0,9,6
220905,285.0,9,6
220906,170.0,9,6
220907,376.0,9,6
220908,249.0,9,6
220909,314.0,9,6
220910,212.0,9,6
220911,232.0,9,6
220912,209.0,9,6
220913,304.0,9,6
220914,198.0,9,6
220915,257.0,9,6
220916,169.0,9,6
220917,372.0,9,6
220918,234.0,9,6
220919,374.0,9,6
220920,304.0,10,6
220921,371.0,10,6
220922,239.0,10,6
220923,365.0,10,6
220924,288.0,10,6
220925,419.0,10,6
220926,247.0,10,6
220927,436.0,10,6
220928,244.0,10,6
220929,463.0,10,6
220930,262.0,10,6
220931,434.0,10,6
220932,317.0,10,6
220933,516.0,10,6
220934,268.0,10,6
220935,580.0,10,6
220936,285.0,10,6
220937,476.0,10,6
220938,260.0,10,6
220939,445.0,10,6
220940,390.0,10,6
220941,472.0,10,6
220942,257.0,10,6
220943,391.0,10,6
220944,303.0,10,6
220945,401.0,10,6
220946,267.0,10,6
220947,373.0,10,6
220948,290.0,10,6
220949,357.0,10,6
220950,256.0,10,6
220951,356.0,10,6
220952,254.0,10,6
220953,407.0,10,6
220954,311.0,10,6
220955,467.0,10,6
220956,281.0,10,6
220957,317.0,10,6
220958,338.0,10,6
220959,366.0,10,6
220960,311.0,10,6
220961,485.0,10,6
220962,294.0,10,6
220963,448.0,10,6
220964,286.0,10,6
220965,400.0,10,6
220966,284.0,10,6
220967,414.0,10,6
220968,355.0,10,6
220969,415.0,10,6
220970,304.0,10,6
220971,390.0,10,6
220972,237.0,10,6
220973,403.0,10,6
220974,261.0,10,6
220975,302.0,10,6
220976,310.0,10,6
220977,371.0,10,6
220978,314.0,10,6
220979,356.0,10,6
220980,278.0,11,6
220981,401.0,11,6
220982,276.0,11,6
220983,399.0,11,6
220984,326.0,11,6
220985,549.0,11,6
220986,460.0,11,6
220987,555.0,11,6
220988,272.0,11,6
220989,563.0,11,6
220990,250.0,11,6
220991,663.0,11,6
220992,249.0,11,6
220993,635.0,11,6
220994,331.0,11,6
220995,625.0,11,6
220996,355.0,11,6
220997,556.0,11,6
220998,288.0,11,6
220999,372.0,11,6
221000,260.0,11,6
221001,605.0,11,6
221002,300.0,11,6
221003,407.0,11,6
221004,333.0,11,6
221005,496.0,11,6
221006,315.0,11,6
221007,370.0,11,6
221008,253.0,11,6
221009,428.0,11,6
221010,239.0,11,6
221011,360.0,11,6
221012,292.0,11,6
221013,421.0,11,6
221014,297.0,11,6
221015,406.0,11,6
221016,319.0,11,6
221017,381.0,11,6
221018,254.0,11,6
221019,330.0,11,6
221020,208.0,11,6
221021,432.0,11,6
221022,288.0,11,6
221023,438.0,11,6
221024,281.0,11,6
221025,412.0,11,6
221026,291.0,11,6
221027,416.0,11,6
221028,271.0,11,6
221029,348.0,11,6
221030,244.0,11,6
221031,356.0,11,6
221032,268.0,11,6
221033,412.0,11,6
221034,237.0,11,6
221035,423.0,11,6
221036,288.0,11,6
221037,402.0,11,6
221038,276.0,11,6
221039,326.0,11,6
221040,250.0,12,6
221041,403.0,12,6
221042,245.0,12,6
221043,364.0,12,6
221044,267.0,12,6
221045,540.0,12,6
221046,447.0,12,6
221047,556.0,12,6
221048,299.0,12,6
221049,618.0,12,6
221050,262.0,12,6
221051,643.0,12,6
221052,399.0,12,6
221053,629.0,12,6
221054,286.0,12,6
221055,406.0,12,6
221056,284.0,12,6
221057,387.0,12,6
221058,313.0,12,6
221059,612.0,12,6
221060,572.0,12,6
221061,644.0,12,6
221062,401.0,12,6
221063,514.0,12,6
221064,302.0,12,6
221065,357.0,12,6
221066,333.0,12,6
221067,308.0,12,6
221068,318.0,12,6
221069,373.0,12,6
221070,304.0,12,6
221071,410.0,12,6
221072,341.0,12,6
221073,378.0,12,6
221074,329.0,12,6
221075,436.0,12,6
221076,380.0,12,6
221077,392.0,12,6
221078,308.0,12,6
221079,321.0,12,6
221080,331.0,12,6
221081,466.0,12,6
221082,375.0,12,6
221083,467.0,12,6
221084,363.0,12,6
221085,370.0,12,6
221086,323.0,12,6
221087,383.0,12,6
221088,359.0,12,6
221089,399.0,12,6
221090,439.0,12,6
221091,369.0,12,6
221092,281.0,12,6
221093,247.0,12,6
221094,312.0,12,6
221095,376.0,12,6
221096,295.0,12,6
221097,340.0,12,6
221098,281.0,12,6
221099,348.0,12,6
221100,346.0,13,6
221101,335.0,13,6
221102,288.0,13,6
221103,406.0,13,6
221104,317.0,13,6
221105,592.0,13,6
221106,500.0,13,6
221107,634.0,13,6
221108,266.0,13,6
221109,506.0,13,6
221110,308.0,13,6
221111,611.0,13,6
221112,400.0,13,6
221113,444.0,13,6
221114,278.0,13,6
221115,346.0,13,6
221116,282.0,13,6
221117,370.0,13,6
221118,348.0,13,6
221119,391.0,13,6
221120,357.0,13,6
221121,410.0,13,6
221122,351.0,13,6
221123,382.0,13,6
221124,220.0,13,6
221125,344.0,13,6
221126,249.0,13,6
221127,365.0,13,6
221128,259.0,13,6
221129,339.0,13,6
221130,281.0,13,6
221131,345.0,13,6
221132,249.0,13,6
221133,353.0,13,6
221134,285.0,13,6
221135,427.0,13,6
221136,238.0,13,6
221137,346.0,13,6
221138,240.0,13,6
221139,308.0,13,6
221140,213.0,13,6
221141,369.0,13,6
221142,219.0,13,6
221143,278.0,13,6
221144,197.0,13,6
221145,303.0,13,6
221146,182.0,13,6
221147,345.0,13,6
221148,267.0,13,6
221149,309.0,13,6
221150,265.0,13,6
221151,279.0,13,6
221152,267.0,13,6
221153,301.0,13,6
221154,249.0,13,6
221155,360.0,13,6
221156,287.0,13,6
221157,281.0,13,6
221158,290.0,13,6
221159,256.0,13,6
221160,192.0,14,6
221161,254.0,14,6
221162,138.0,14,6
221163,284.0,14,6
221164,249.0,14,6
221165,645.0,14,6
221166,253.0,14,6
221167,386.0,14,6
221168,299.0,14,6
221169,428.0,14,6
221170,215.0,14,6
221171,464.0,14,6
221172,299.0,14,6
221173,486.0,14,6
221174,231.0,14,6
221175,375.0,14,6
221176,250.0,14,6
221177,293.0,14,6
221178,228.0,14,6
221179,301.0,14,6
221180,248.0,14,6
221181,426.0,14,6
221182,193.0,14,6
221183,246.0,14,6
221184,254.0,14,6
221185,255.0,14,6
221186,187.0,14,6
221187,311.0,14,6
221188,170.0,14,6
221189,328.0,14,6
221190,212.0,14,6
221191,274.0,14,6
221192,251.0,14,6
221193,308.0,14,6
221194,255.0,14,6
221195,371.0,14,6
221196,220.0,14,6
221197,427.0,14,6
221198,270.0,14,6
221199,354.0,14,6
221200,306.0,14,6
221201,371.0,14,6
221202,359.0,14,6
221203,321.0,14,6
221204,231.0,14,6
221205,344.0,14,6
221206,228.0,14,6
221207,340.0,14,6
221208,217.0,14,6
221209,341.0,14,6
221210,207.0,14,6
221211,339.0,14,6
221212,269.0,14,6
221213,312.0,14,6
221214,277.0,14,6
221215,311.0,14,6
221216,253.0,14,6
221217,327.0,14,6
221218,278.0,14,6
221219,312.0,14,6
221220,239.0,15,6
221221,399.0,15,6
221222,295.0,15,6
221223,373.0,15,6
221224,261.0,15,6
221225,598.0,15,6
221226,299.0,15,6
221227,400.0,15,6
221228,262.0,15,6
221229,542.0,15,6
221230,373.0,15,6
221231,581.0,15,6
221232,356.0,15,6
221233,516.0,15,6
221234,467.0,15,6
221235,550.0,15,6
221236,310.0,15,6
221237,337.0,15,6
221238,295.0,15,6
221239,418.0,15,6
221240,289.0,15,6
221241,335.0,15,6
221242,324.0,15,6
221243,309.0,15,6
221244,314.0,15,6
221245,359.0,15,6
221246,269.0,15,6
221247,293.0,15,6
221248,261.0,15,6
221249,407.0,15,6
221250,336.0,15,6
221251,272.0,15,6
221252,295.0,15,6
221253,370.0,15,6
221254,270.0,15,6
221255,354.0,15,6
221256,309.0,15,6
221257,396.0,15,6
221258,259.0,15,6
221259,372.0,15,6
221260,302.0,15,6
221261,354.0,15,6
221262,271.0,15,6
221263,344.0,15,6
221264,368.0,15,6
221265,356.0,15,6
221266,337.0,15,6
221267,392.0,15,6
221268,275.0,15,6
221269,334.0,15,6
221270,369.0,15,6
221271,401.0,15,6
221272,278.0,15,6
221273,363.0,15,6
221274,259.0,15,6
221275,394.0,15,6
221276,270.0,15,6
221277,468.0,15,6
221278,354.0,15,6
221279,339.0,15,6
221280,357.0,16,6
221281,361.0,16,6
221282,335.0,16,6
221283,394.0,16,6
221284,300.0,16,6
221285,482.0,16,6
221286,390.0,16,6
221287,492.0,16,6
221288,498.0,16,6
221289,416.0,16,6
221290,689.0,16,6
221291,519.0,16,6
221292,437.0,16,6
221293,481.0,16,6
221294,514.0,16,6
221295,350.0,16,6
221296,329.0,16,6
221297,400.0,16,6
221298,274.0,16,6
221299,332.0,16,6
221300,397.0,16,6
221301,249.0,16,6
221302,320.0,16,6
221303,281.0,16,6
221304,304.0,16,6
221305,272.0,16,6
221306,276.0,16,6
221307,289.0,16,6
221308,341.0,16,6
221309,311.0,16,6
221310,381.0,16,6
221311,272.0,16,6
221312,96.0,16,6
221313,0.0,16,6
221314,1.0,16,6
221315,1.0,16,6
221316,9.0,16,6
221317,5.0,16,6
221318,1.0,16,6
221319,1.0,16,6
221320,4.0,16,6
221321,5.0,16,6
221322,858.0,16,6
221323,979.0,16,6
221324,1136.0,16,6
221325,699.0,16,6
221326,324.0,16,6
221327,184.0,16,6
221328,262.0,16,6
221329,247.0,16,6
221330,280.0,16,6
221331,246.0,16,6
221332,335.0,16,6
221333,218.0,16,6
221334,271.0,16,6
221335,255.0,16,6
221336,285.0,16,6
221337,444.0,16,6
221338,543.0,16,6
221339,485.0,16,6
221340,430.0,17,6
221341,293.0,17,6
221342,454.0,17,6
221343,488.0,17,6
221344,510.0,17,6
221345,387.0,17,6
221346,589.0,17,6
221347,332.0,17,6
221348,590.0,17,6
221349,295.0,17,6
221350,605.0,17,6
221351,275.0,17,6
221352,541.0,17,6
221353,301.0,17,6
221354,587.0,17,6
221355,355.0,17,6
221356,333.0,17,6
221357,336.0,17,6
221358,460.0,17,6
221359,230.0,17,6
221360,376.0,17,6
221361,413.0,17,6
221362,508.0,17,6
221363,319.0,17,6
221364,330.0,17,6
221365,379.0,17,6
221366,390.0,17,6
221367,316.0,17,6
221368,355.0,17,6
221369,262.0,17,6
221370,336.0,17,6
221371,337.0,17,6
221372,275.0,17,6
221373,359.0,17,6
221374,306.0,17,6
221375,346.0,17,6
221376,326.0,17,6
221377,324.0,17,6
221378,356.0,17,6
221379,273.0,17,6
221380,309.0,17,6
221381,370.0,17,6
221382,307.0,17,6
221383,327.0,17,6
221384,322.0,17,6
221385,330.0,17,6
221386,346.0,17,6
221387,286.0,17,6
221388,272.0,17,6
221389,268.0,17,6
221390,464.0,17,6
221391,345.0,17,6
221392,308.0,17,6
221393,303.0,17,6
221394,374.0,17,6
221395,304.0,17,6
221396,286.0,17,6
221397,279.0,17,6
221398,291.0,17,6
221399,158.0,17,6
221400,416.0,18,6
221401,261.0,18,6
221402,309.0,18,6
221403,140.0,18,6
221404,323.0,18,6
221405,229.0,18,6
221406,411.0,18,6
221407,215.0,18,6
221408,447.0,18,6
221409,185.0,18,6
221410,518.0,18,6
221411,291.0,18,6
221412,474.0,18,6
221413,265.0,18,6
221414,607.0,18,6
221415,365.0,18,6
221416,680.0,18,6
221417,262.0,18,6
221418,419.0,18,6
221419,282.0,18,6
221420,586.0,18,6
221421,337.0,18,6
221422,335.0,18,6
221423,324.0,18,6
221424,307.0,18,6
221425,343.0,18,6
221426,298.0,18,6
221427,297.0,18,6
221428,321.0,18,6
221429,245.0,18,6
221430,252.0,18,6
221431,264.0,18,6
221432,276.0,18,6
221433,277.0,18,6
221434,282.0,18,6
221435,358.0,18,6
221436,306.0,18,6
221437,228.0,18,6
221438,333.0,18,6
221439,216.0,18,6
221440,287.0,18,6
221441,284.0,18,6
221442,272.0,18,6
221443,239.0,18,6
221444,238.0,18,6
221445,238.0,18,6
221446,268.0,18,6
221447,204.0,18,6
221448,209.0,18,6
221449,151.0,18,6
221450,181.0,18,6
221451,191.0,18,6
221452,236.0,18,6
221453,186.0,18,6
221454,288.0,18,6
221455,184.0,18,6
221456,249.0,18,6
221457,204.0,18,6
221458,223.0,18,6
221459,154.0,18,6
221460,220.0,19,6
221461,153.0,19,6
221462,228.0,19,6
221463,220.0,19,6
221464,273.0,19,6
221465,149.0,19,6
221466,534.0,19,6
221467,191.0,19,6
221468,570.0,19,6
221469,160.0,19,6
221470,587.0,19,6
221471,153.0,19,6
221472,627.0,19,6
221473,191.0,19,6
221474,482.0,19,6
221475,276.0,19,6
221476,329.0,19,6
221477,191.0,19,6
221478,280.0,19,6
221479,257.0,19,6
221480,296.0,19,6
221481,338.0,19,6
221482,224.0,19,6
221483,204.0,19,6
221484,189.0,19,6
221485,139.0,19,6
221486,229.0,19,6
221487,154.0,19,6
221488,191.0,19,6
221489,185.0,19,6
221490,192.0,19,6
221491,154.0,19,6
221492,196.0,19,6
221493,150.0,19,6
221494,202.0,19,6
221495,209.0,19,6
221496,202.0,19,6
221497,173.0,19,6
221498,248.0,19,6
221499,158.0,19,6
221500,253.0,19,6
221501,175.0,19,6
221502,196.0,19,6
221503,195.0,19,6
221504,232.0,19,6
221505,202.0,19,6
221506,317.0,19,6
221507,232.0,19,6
221508,328.0,19,6
221509,216.0,19,6
221510,299.0,19,6
221511,185.0,19,6
221512,278.0,19,6
221513,180.0,19,6
221514,361.0,19,6
221515,209.0,19,6
221516,302.0,19,6
221517,215.0,19,6
221518,352.0,19,6
221519,224.0,19,6
221520,358.0,20,6
221521,274.0,20,6
221522,194.0,20,6
221523,234.0,20,6
221524,294.0,20,6
221525,226.0,20,6
221526,429.0,20,6
221527,195.0,20,6
221528,635.0,20,6
221529,254.0,20,6
221530,588.0,20,6
221531,196.0,20,6
221532,411.0,20,6
221533,204.0,20,6
221534,297.0,20,6
221535,167.0,20,6
221536,291.0,20,6
221537,200.0,20,6
221538,293.0,20,6
221539,207.0,20,6
221540,278.0,20,6
221541,369.0,20,6
221542,272.0,20,6
221543,224.0,20,6
221544,254.0,20,6
221545,208.0,20,6
221546,220.0,20,6
221547,208.0,20,6
221548,237.0,20,6
221549,161.0,20,6
221550,238.0,20,6
221551,193.0,20,6
221552,232.0,20,6
221553,193.0,20,6
221554,238.0,20,6
221555,276.0,20,6
221556,232.0,20,6
221557,225.0,20,6
221558,326.0,20,6
221559,206.0,20,6
221560,311.0,20,6
221561,351.0,20,6
221562,255.0,20,6
221563,206.0,20,6
221564,215.0,20,6
221565,195.0,20,6
221566,266.0,20,6
221567,217.0,20,6
221568,262.0,20,6
221569,217.0,20,6
221570,414.0,20,6
221571,340.0,20,6
221572,430.0,20,6
221573,261.0,20,6
221574,392.0,20,6
221575,222.0,20,6
221576,356.0,20,6
221577,350.0,20,6
221578,475.0,20,6
221579,307.0,20,6
221580,462.0,21,6
221581,257.0,21,6
221582,326.0,21,6
221583,230.0,21,6
221584,357.0,21,6
221585,198.0,21,6
221586,337.0,21,6
221587,196.0,21,6
221588,351.0,21,6
221589,211.0,21,6
221590,329.0,21,6
221591,223.0,21,6
221592,288.0,21,6
221593,198.0,21,6
221594,266.0,21,6
221595,213.0,21,6
221596,273.0,21,6
221597,206.0,21,6
221598,271.0,21,6
221599,190.0,21,6
221600,257.0,21,6
221601,353.0,21,6
221602,236.0,21,6
221603,212.0,21,6
221604,269.0,21,6
221605,204.0,21,6
221606,249.0,21,6
221607,205.0,21,6
221608,269.0,21,6
221609,168.0,21,6
221610,266.0,21,6
221611,203.0,21,6
221612,41.0,21,6
221613,0.0,21,6
221614,0.0,21,6
221615,2.0,21,6
221616,0.0,21,6
221617,3.0,21,6
221618,0.0,21,6
221619,0.0,21,6
221620,0.0,21,6
221621,0.0,21,6
221622,761.0,21,6
221623,1017.0,21,6
221624,1037.0,21,6
221625,377.0,21,6
221626,209.0,21,6
221627,144.0,21,6
221628,210.0,21,6
221629,218.0,21,6
221630,273.0,21,6
221631,211.0,21,6
221632,294.0,21,6
221633,183.0,21,6
221634,256.0,21,6
221635,191.0,21,6
221636,306.0,21,6
221637,196.0,21,6
221638,288.0,21,6
221639,180.0,21,6
221640,258.0,22,6
221641,297.0,22,6
221642,250.0,22,6
221643,201.0,22,6
221644,294.0,22,6
221645,304.0,22,6
221646,341.0,22,6
221647,214.0,22,6
221648,330.0,22,6
221649,211.0,22,6
221650,242.0,22,6
221651,175.0,22,6
221652,238.0,22,6
221653,255.0,22,6
221654,213.0,22,6
221655,227.0,22,6
221656,227.0,22,6
221657,218.0,22,6
221658,247.0,22,6
221659,185.0,22,6
221660,320.0,22,6
221661,303.0,22,6
221662,290.0,22,6
221663,234.0,22,6
221664,377.0,22,6
221665,214.0,22,6
221666,285.0,22,6
221667,171.0,22,6
221668,260.0,22,6
221669,215.0,22,6
221670,262.0,22,6
221671,213.0,22,6
221672,278.0,22,6
221673,188.0,22,6
221674,278.0,22,6
221675,191.0,22,6
221676,304.0,22,6
221677,242.0,22,6
221678,332.0,22,6
221679,240.0,22,6
221680,350.0,22,6
221681,302.0,22,6
221682,204.0,22,6
221683,208.0,22,6
221684,294.0,22,6
221685,213.0,22,6
221686,340.0,22,6
221687,254.0,22,6
221688,331.0,22,6
221689,250.0,22,6
221690,332.0,22,6
221691,251.0,22,6
221692,306.0,22,6
221693,245.0,22,6
221694,258.0,22,6
221695,235.0,22,6
221696,244.0,22,6
221697,243.0,22,6
221698,246.0,22,6
221699,214.0,22,6
221700,228.0,23,6
221701,286.0,23,6
221702,238.0,23,6
221703,234.0,23,6
221704,252.0,23,6
221705,271.0,23,6
221706,303.0,23,6
221707,245.0,23,6
221708,296.0,23,6
221709,245.0,23,6
221710,291.0,23,6
221711,203.0,23,6
221712,248.0,23,6
221713,224.0,23,6
221714,299.0,23,6
221715,237.0,23,6
221716,313.0,23,6
221717,186.0,23,6
221718,307.0,23,6
221719,181.0,23,6
221720,299.0,23,6
221721,335.0,23,6
221722,288.0,23,6
221723,213.0,23,6
221724,223.0,23,6
221725,192.0,23,6
221726,284.0,23,6
221727,232.0,23,6
221728,269.0,23,6
221729,219.0,23,6
221730,545.0,23,6
221731,1354.0,23,6
221732,1106.0,23,6
221733,506.0,23,6
221734,228.0,23,6
221735,234.0,23,6
221736,226.0,23,6
221737,208.0,23,6
221738,302.0,23,6
221739,278.0,23,6
221740,262.0,23,6
221741,162.0,23,6
221742,344.0,23,6
221743,183.0,23,6
221744,184.0,23,6
221745,279.0,23,6
221746,172.0,23,6
221747,191.0,23,6
221748,182.0,23,6
221749,208.0,23,6
221750,245.0,23,6
221751,186.0,23,6
221752,173.0,23,6
221753,160.0,23,6
221754,166.0,23,6
221755,191.0,23,6
221756,181.0,23,6
221757,195.0,23,6
221758,174.0,23,6
221759,164.0,23,6
221760,158.0,0,0
221761,264.0,0,0
221762,214.0,0,0
221763,154.0,0,0
221764,210.0,0,0
221765,158.0,0,0
221766,278.0,0,0
221767,141.0,0,0
221768,189.0,0,0
221769,148.0,0,0
221770,228.0,0,0
221771,176.0,0,0
221772,173.0,0,0
221773,175.0,0,0
221774,171.0,0,0
221775,159.0,0,0
221776,220.0,0,0
221777,175.0,0,0
221778,248.0,0,0
221779,162.0,0,0
221780,204.0,0,0
221781,226.0,0,0
221782,264.0,0,0
221783,142.0,0,0
221784,192.0,0,0
221785,188.0,0,0
221786,190.0,0,0
221787,175.0,0,0
221788,194.0,0,0
221789,164.0,0,0
221790,171.0,0,0
221791,188.0,0,0
221792,150.0,0,0
221793,171.0,0,0
221794,213.0,0,0
221795,192.0,0,0
221796,217.0,0,0
221797,195.0,0,0
221798,248.0,0,0
221799,250.0,0,0
221800,200.0,0,0
221801,193.0,0,0
221802,264.0,0,0
221803,146.0,0,0
221804,170.0,0,0
221805,127.0,0,0
221806,170.0,0,0
221807,222.0,0,0
221808,212.0,0,0
221809,207.0,0,0
221810,220.0,0,0
221811,177.0,0,0
221812,180.0,0,0
221813,147.0,0,0
221814,244.0,0,0
221815,211.0,0,0
221816,248.0,0,0
221817,220.0,0,0
221818,202.0,0,0
221819,220.0,0,0
221820,231.0,1,0
221821,300.0,1,0
221822,247.0,1,0
221823,216.0,1,0
221824,253.0,1,0
221825,246.0,1,0
221826,223.0,1,0
221827,176.0,1,0
221828,247.0,1,0
221829,194.0,1,0
221830,233.0,1,0
221831,197.0,1,0
221832,182.0,1,0
221833,176.0,1,0
221834,240.0,1,0
221835,145.0,1,0
221836,231.0,1,0
221837,260.0,1,0
221838,249.0,1,0
221839,186.0,1,0
221840,252.0,1,0
221841,187.0,1,0
221842,211.0,1,0
221843,189.0,1,0
221844,238.0,1,0
221845,192.0,1,0
221846,261.0,1,0
221847,177.0,1,0
221848,192.0,1,0
221849,163.0,1,0
221850,211.0,1,0
221851,177.0,1,0
221852,184.0,1,0
221853,119.0,1,0
221854,166.0,1,0
221855,204.0,1,0
221856,136.0,1,0
221857,152.0,1,0
221858,163.0,1,0
221859,101.0,1,0
221860,201.0,1,0
221861,111.0,1,0
221862,255.0,1,0
221863,130.0,1,0
221864,164.0,1,0
221865,181.0,1,0
221866,156.0,1,0
221867,145.0,1,0
221868,135.0,1,0
221869,134.0,1,0
221870,211.0,1,0
221871,142.0,1,0
221872,167.0,1,0
221873,151.0,1,0
221874,178.0,1,0
221875,147.0,1,0
221876,175.0,1,0
221877,147.0,1,0
221878,168.0,1,0
221879,134.0,1,0
221880,173.0,2,0
221881,123.0,2,0
221882,251.0,2,0
221883,141.0,2,0
221884,201.0,2,0
221885,182.0,2,0
221886,173.0,2,0
221887,184.0,2,0
221888,206.0,2,0
221889,145.0,2,0
221890,190.0,2,0
221891,183.0,2,0
221892,219.0,2,0
221893,152.0,2,0
221894,197.0,2,0
221895,215.0,2,0
221896,174.0,2,0
221897,151.0,2,0
221898,174.0,2,0
221899,141.0,2,0
221900,197.0,2,0
221901,170.0,2,0
221902,174.0,2,0
221903,133.0,2,0
221904,114.0,2,0
221905,133.0,2,0
221906,151.0,2,0
221907,109.0,2,0
221908,132.0,2,0
221909,116.0,2,0
221910,120.0,2,0
221911,169.0,2,0
221912,127.0,2,0
221913,122.0,2,0
221914,215.0,2,0
221915,211.0,2,0
221916,190.0,2,0
221917,152.0,2,0
221918,122.0,2,0
221919,136.0,2,0
221920,173.0,2,0
221921,106.0,2,0
221922,124.0,2,0
221923,111.0,2,0
221924,129.0,2,0
221925,147.0,2,0
221926,123.0,2,0
221927,154.0,2,0
221928,131.0,2,0
221929,123.0,2,0
221930,173.0,2,0
221931,121.0,2,0
221932,134.0,2,0
221933,123.0,2,0
221934,121.0,2,0
221935,101.0,2,0
221936,121.0,2,0
221937,123.0,2,0
221938,122.0,2,0
221939,146.0,2,0
221940,173.0,3,0
221941,166.0,3,0
221942,136.0,3,0
221943,128.0,3,0
221944,128.0,3,0
221945,126.0,3,0
221946,130.0,3,0
221947,88.0,3,0
221948,113.0,3,0
221949,114.0,3,0
221950,149.0,3,0
221951,113.0,3,0
221952,143.0,3,0
221953,143.0,3,0
221954,127.0,3,0
221955,116.0,3,0
221956,116.0,3,0
221957,102.0,3,0
221958,147.0,3,0
221959,131.0,3,0
221960,222.0,3,0
221961,109.0,3,0
221962,126.0,3,0
221963,148.0,3,0
221964,166.0,3,0
221965,144.0,3,0
221966,192.0,3,0
221967,174.0,3,0
221968,193.0,3,0
221969,129.0,3,0
221970,146.0,3,0
221971,155.0,3,0
221972,153.0,3,0
221973,123.0,3,0
221974,126.0,3,0
221975,141.0,3,0
221976,146.0,3,0
221977,129.0,3,0
221978,143.0,3,0
221979,117.0,3,0
221980,193.0,3,0
221981,201.0,3,0
221982,168.0,3,0
221983,159.0,3,0
221984,180.0,3,0
221985,188.0,3,0
221986,217.0,3,0
221987,165.0,3,0
221988,178.0,3,0
221989,139.0,3,0
221990,166.0,3,0
221991,138.0,3,0
221992,170.0,3,0
221993,123.0,3,0
221994,152.0,3,0
221995,172.0,3,0
221996,197.0,3,0
221997,176.0,3,0
221998,215.0,3,0
221999,197.0,3,0
222000,309.0,4,0
222001,290.0,4,0
222002,193.0,4,0
222003,169.0,4,0
222004,208.0,4,0
222005,144.0,4,0
222006,112.0,4,0
222007,226.0,4,0
222008,169.0,4,0
222009,158.0,4,0
222010,161.0,4,0
222011,136.0,4,0
222012,183.0,4,0
222013,163.0,4,0
222014,170.0,4,0
222015,113.0,4,0
222016,136.0,4,0
222017,167.0,4,0
222018,134.0,4,0
222019,142.0,4,0
222020,149.0,4,0
222021,141.0,4,0
222022,153.0,4,0
222023,164.0,4,0
222024,153.0,4,0
222025,168.0,4,0
222026,146.0,4,0
222027,173.0,4,0
222028,159.0,4,0
222029,171.0,4,0
222030,168.0,4,0
222031,159.0,4,0
222032,154.0,4,0
222033,152.0,4,0
222034,146.0,4,0
222035,203.0,4,0
222036,127.0,4,0
222037,121.0,4,0
222038,176.0,4,0
222039,189.0,4,0
222040,192.0,4,0
222041,220.0,4,0
222042,168.0,4,0
222043,123.0,4,0
222044,124.0,4,0
222045,130.0,4,0
222046,136.0,4,0
222047,114.0,4,0
222048,100.0,4,0
222049,146.0,4,0
222050,169.0,4,0
222051,110.0,4,0
222052,146.0,4,0
222053,96.0,4,0
222054,127.0,4,0
222055,155.0,4,0
222056,146.0,4,0
222057,121.0,4,0
222058,197.0,4,0
222059,164.0,4,0
222060,182.0,5,0
222061,229.0,5,0
222062,134.0,5,0
222063,135.0,5,0
222064,139.0,5,0
222065,138.0,5,0
222066,171.0,5,0
222067,133.0,5,0
222068,121.0,5,0
222069,174.0,5,0
222070,153.0,5,0
222071,127.0,5,0
222072,131.0,5,0
222073,131.0,5,0
222074,152.0,5,0
222075,129.0,5,0
222076,146.0,5,0
222077,136.0,5,0
222078,130.0,5,0
222079,155.0,5,0
222080,156.0,5,0
222081,268.0,5,0
222082,120.0,5,0
222083,135.0,5,0
222084,167.0,5,0
222085,149.0,5,0
222086,124.0,5,0
222087,122.0,5,0
222088,170.0,5,0
222089,161.0,5,0
222090,146.0,5,0
222091,154.0,5,0
222092,175.0,5,0
222093,133.0,5,0
222094,122.0,5,0
222095,120.0,5,0
222096,143.0,5,0
222097,124.0,5,0
222098,155.0,5,0
222099,97.0,5,0
222100,182.0,5,0
222101,233.0,5,0
222102,144.0,5,0
222103,145.0,5,0
222104,161.0,5,0
222105,253.0,5,0
222106,306.0,5,0
222107,320.0,5,0
222108,290.0,5,0
222109,229.0,5,0
222110,206.0,5,0
222111,135.0,5,0
222112,136.0,5,0
222113,121.0,5,0
222114,132.0,5,0
222115,176.0,5,0
222116,119.0,5,0
222117,133.0,5,0
222118,155.0,5,0
222119,145.0,5,0
222120,134.0,6,0
222121,244.0,6,0
222122,107.0,6,0
222123,118.0,6,0
222124,176.0,6,0
222125,107.0,6,0
222126,131.0,6,0
222127,104.0,6,0
222128,129.0,6,0
222129,118.0,6,0
222130,83.0,6,0
222131,129.0,6,0
222132,113.0,6,0
222133,118.0,6,0
222134,131.0,6,0
222135,107.0,6,0
222136,116.0,6,0
222137,126.0,6,0
222138,123.0,6,0
222139,90.0,6,0
222140,116.0,6,0
222141,195.0,6,0
222142,158.0,6,0
222143,106.0,6,0
222144,156.0,6,0
222145,105.0,6,0
222146,139.0,6,0
222147,104.0,6,0
222148,113.0,6,0
222149,118.0,6,0
222150,99.0,6,0
222151,109.0,6,0
222152,123.0,6,0
222153,127.0,6,0
222154,143.0,6,0
222155,156.0,6,0
222156,144.0,6,0
222157,147.0,6,0
222158,177.0,6,0
222159,188.0,6,0
222160,187.0,6,0
222161,130.0,6,0
222162,293.0,6,0
222163,149.0,6,0
222164,243.0,6,0
222165,195.0,6,0
222166,173.0,6,0
222167,160.0,6,0
222168,186.0,6,0
222169,156.0,6,0
222170,235.0,6,0
222171,257.0,6,0
222172,203.0,6,0
222173,175.0,6,0
222174,248.0,6,0
222175,225.0,6,0
222176,186.0,6,0
222177,180.0,6,0
222178,201.0,6,0
222179,156.0,6,0
222180,196.0,7,0
222181,225.0,7,0
222182,153.0,7,0
222183,152.0,7,0
222184,267.0,7,0
222185,257.0,7,0
222186,123.0,7,0
222187,161.0,7,0
222188,156.0,7,0
222189,144.0,7,0
222190,140.0,7,0
222191,132.0,7,0
222192,121.0,7,0
222193,166.0,7,0
222194,158.0,7,0
222195,173.0,7,0
222196,189.0,7,0
222197,144.0,7,0
222198,191.0,7,0
222199,134.0,7,0
222200,210.0,7,0
222201,222.0,7,0
222202,176.0,7,0
222203,205.0,7,0
222204,207.0,7,0
222205,177.0,7,0
222206,155.0,7,0
222207,162.0,7,0
222208,176.0,7,0
222209,159.0,7,0
222210,169.0,7,0
222211,166.0,7,0
222212,138.0,7,0
222213,136.0,7,0
222214,217.0,7,0
222215,187.0,7,0
222216,187.0,7,0
222217,212.0,7,0
222218,217.0,7,0
222219,142.0,7,0
222220,203.0,7,0
222221,204.0,7,0
222222,163.0,7,0
222223,171.0,7,0
222224,180.0,7,0
222225,142.0,7,0
222226,205.0,7,0
222227,192.0,7,0
222228,171.0,7,0
222229,185.0,7,0
222230,205.0,7,0
222231,170.0,7,0
222232,168.0,7,0
222233,164.0,7,0
222234,195.0,7,0
222235,180.0,7,0
222236,166.0,7,0
222237,136.0,7,0
222238,172.0,7,0
222239,175.0,7,0
222240,217.0,8,0
222241,242.0,8,0
222242,147.0,8,0
222243,168.0,8,0
222244,219.0,8,0
222245,178.0,8,0
222246,176.0,8,0
222247,209.0,8,0
222248,209.0,8,0
222249,195.0,8,0
222250,194.0,8,0
222251,185.0,8,0
222252,187.0,8,0
222253,165.0,8,0
222254,207.0,8,0
222255,189.0,8,0
222256,154.0,8,0
222257,135.0,8,0
222258,259.0,8,0
222259,184.0,8,0
222260,249.0,8,0
222261,215.0,8,0
222262,227.0,8,0
222263,146.0,8,0
222264,189.0,8,0
222265,188.0,8,0
222266,223.0,8,0
222267,181.0,8,0
222268,162.0,8,0
222269,205.0,8,0
222270,208.0,8,0
222271,190.0,8,0
222272,248.0,8,0
222273,195.0,8,0
222274,204.0,8,0
222275,206.0,8,0
222276,211.0,8,0
222277,193.0,8,0
222278,176.0,8,0
222279,149.0,8,0
222280,125.0,8,0
222281,141.0,8,0
222282,193.0,8,0
222283,132.0,8,0
222284,185.0,8,0
222285,151.0,8,0
222286,185.0,8,0
222287,126.0,8,0
222288,173.0,8,0
222289,156.0,8,0
222290,226.0,8,0
222291,165.0,8,0
222292,127.0,8,0
222293,192.0,8,0
222294,226.0,8,0
222295,203.0,8,0
222296,171.0,8,0
222297,174.0,8,0
222298,209.0,8,0
222299,125.0,8,0
222300,186.0,9,0
222301,196.0,9,0
222302,148.0,9,0
222303,205.0,9,0
222304,248.0,9,0
222305,260.0,9,0
222306,236.0,9,0
222307,269.0,9,0
222308,213.0,9,0
222309,177.0,9,0
222310,204.0,9,0
222311,168.0,9,0
222312,190.0,9,0
222313,188.0,9,0
222314,231.0,9,0
222315,282.0,9,0
222316,203.0,9,0
222317,243.0,9,0
222318,223.0,9,0
222319,254.0,9,0
222320,230.0,9,0
222321,258.0,9,0
222322,265.0,9,0
222323,195.0,9,0
222324,202.0,9,0
222325,229.0,9,0
222326,236.0,9,0
222327,239.0,9,0
222328,219.0,9,0
222329,251.0,9,0
222330,228.0,9,0
222331,236.0,9,0
222332,219.0,9,0
222333,267.0,9,0
222334,249.0,9,0
222335,252.0,9,0
222336,216.0,9,0
222337,250.0,9,0
222338,233.0,9,0
222339,273.0,9,0
222340,208.0,9,0
222341,190.0,9,0
222342,188.0,9,0
222343,208.0,9,0
222344,210.0,9,0
222345,266.0,9,0
222346,228.0,9,0
222347,200.0,9,0
222348,264.0,9,0
222349,284.0,9,0
222350,242.0,9,0
222351,285.0,9,0
222352,240.0,9,0
222353,235.0,9,0
222354,193.0,9,0
222355,222.0,9,0
222356,207.0,9,0
222357,229.0,9,0
222358,222.0,9,0
222359,234.0,9,0
222360,242.0,10,0
222361,235.0,10,0
222362,218.0,10,0
222363,265.0,10,0
222364,273.0,10,0
222365,279.0,10,0
222366,346.0,10,0
222367,334.0,10,0
222368,329.0,10,0
222369,353.0,10,0
222370,476.0,10,0
222371,341.0,10,0
222372,302.0,10,0
222373,385.0,10,0
222374,381.0,10,0
222375,526.0,10,0
222376,358.0,10,0
222377,421.0,10,0
222378,281.0,10,0
222379,324.0,10,0
222380,342.0,10,0
222381,310.0,10,0
222382,346.0,10,0
222383,308.0,10,0
222384,307.0,10,0
222385,247.0,10,0
222386,297.0,10,0
222387,310.0,10,0
222388,392.0,10,0
222389,322.0,10,0
222390,343.0,10,0
222391,251.0,10,0
222392,284.0,10,0
222393,317.0,10,0
222394,269.0,10,0
222395,402.0,10,0
222396,285.0,10,0
222397,320.0,10,0
222398,327.0,10,0
222399,318.0,10,0
222400,307.0,10,0
222401,98.0,10,0
222402,432.0,10,0
222403,702.0,10,0
222404,292.0,10,0
222405,278.0,10,0
222406,285.0,10,0
222407,273.0,10,0
222408,335.0,10,0
222409,317.0,10,0
222410,350.0,10,0
222411,302.0,10,0
222412,309.0,10,0
222413,295.0,10,0
222414,326.0,10,0
222415,300.0,10,0
222416,309.0,10,0
222417,338.0,10,0
222418,338.0,10,0
222419,326.0,10,0
222420,314.0,11,0
222421,275.0,11,0
222422,394.0,11,0
222423,282.0,11,0
222424,378.0,11,0
222425,408.0,11,0
222426,368.0,11,0
222427,455.0,11,0
222428,341.0,11,0
222429,480.0,11,0
222430,390.0,11,0
222431,553.0,11,0
222432,403.0,11,0
222433,472.0,11,0
222434,357.0,11,0
222435,523.0,11,0
222436,318.0,11,0
222437,571.0,11,0
222438,269.0,11,0
222439,371.0,11,0
222440,295.0,11,0
222441,495.0,11,0
222442,394.0,11,0
222443,336.0,11,0
222444,282.0,11,0
222445,355.0,11,0
222446,299.0,11,0
222447,335.0,11,0
222448,349.0,11,0
222449,332.0,11,0
222450,262.0,11,0
222451,298.0,11,0
222452,286.0,11,0
222453,265.0,11,0
222454,243.0,11,0
222455,332.0,11,0
222456,277.0,11,0
222457,290.0,11,0
222458,292.0,11,0
222459,267.0,11,0
222460,329.0,11,0
222461,262.0,11,0
222462,239.0,11,0
222463,340.0,11,0
222464,211.0,11,0
222465,356.0,11,0
222466,321.0,11,0
222467,326.0,11,0
222468,205.0,11,0
222469,258.0,11,0
222470,362.0,11,0
222471,260.0,11,0
222472,313.0,11,0
222473,287.0,11,0
222474,272.0,11,0
222475,280.0,11,0
222476,259.0,11,0
222477,307.0,11,0
222478,329.0,11,0
222479,308.0,11,0
222480,306.0,12,0
222481,287.0,12,0
222482,229.0,12,0
222483,285.0,12,0
222484,231.0,12,0
222485,506.0,12,0
222486,275.0,12,0
222487,529.0,12,0
222488,338.0,12,0
222489,543.0,12,0
222490,390.0,12,0
222491,588.0,12,0
222492,335.0,12,0
222493,529.0,12,0
222494,272.0,12,0
222495,581.0,12,0
222496,311.0,12,0
222497,355.0,12,0
222498,343.0,12,0
222499,348.0,12,0
222500,365.0,12,0
222501,308.0,12,0
222502,262.0,12,0
222503,359.0,12,0
222504,284.0,12,0
222505,350.0,12,0
222506,286.0,12,0
222507,380.0,12,0
222508,262.0,12,0
222509,342.0,12,0
222510,376.0,12,0
222511,261.0,12,0
222512,260.0,12,0
222513,307.0,12,0
222514,259.0,12,0
222515,330.0,12,0
222516,393.0,12,0
222517,306.0,12,0
222518,326.0,12,0
222519,259.0,12,0
222520,219.0,12,0
222521,288.0,12,0
222522,248.0,12,0
222523,273.0,12,0
222524,217.0,12,0
222525,338.0,12,0
222526,268.0,12,0
222527,299.0,12,0
222528,270.0,12,0
222529,260.0,12,0
222530,336.0,12,0
222531,279.0,12,0
222532,231.0,12,0
222533,240.0,12,0
222534,223.0,12,0
222535,329.0,12,0
222536,265.0,12,0
222537,301.0,12,0
222538,266.0,12,0
222539,341.0,12,0
222540,307.0,13,0
222541,253.0,13,0
222542,250.0,13,0
222543,266.0,13,0
222544,262.0,13,0
222545,496.0,13,0
222546,297.0,13,0
222547,373.0,13,0
222548,271.0,13,0
222549,365.0,13,0
222550,276.0,13,0
222551,419.0,13,0
222552,307.0,13,0
222553,374.0,13,0
222554,267.0,13,0
222555,478.0,13,0
222556,354.0,13,0
222557,449.0,13,0
222558,361.0,13,0
222559,303.0,13,0
222560,322.0,13,0
222561,309.0,13,0
222562,261.0,13,0
222563,284.0,13,0
222564,235.0,13,0
222565,374.0,13,0
222566,254.0,13,0
222567,318.0,13,0
222568,224.0,13,0
222569,277.0,13,0
222570,275.0,13,0
222571,276.0,13,0
222572,226.0,13,0
222573,220.0,13,0
222574,211.0,13,0
222575,346.0,13,0
222576,402.0,13,0
222577,315.0,13,0
222578,330.0,13,0
222579,344.0,13,0
222580,284.0,13,0
222581,349.0,13,0
222582,256.0,13,0
222583,272.0,13,0
222584,215.0,13,0
222585,245.0,13,0
222586,214.0,13,0
222587,239.0,13,0
222588,207.0,13,0
222589,333.0,13,0
222590,329.0,13,0
222591,380.0,13,0
222592,254.0,13,0
222593,349.0,13,0
222594,220.0,13,0
222595,338.0,13,0
222596,232.0,13,0
222597,215.0,13,0
222598,187.0,13,0
222599,239.0,13,0
222600,300.0,14,0
222601,304.0,14,0
222602,164.0,14,0
222603,201.0,14,0
222604,196.0,14,0
222605,491.0,14,0
222606,281.0,14,0
222607,484.0,14,0
222608,251.0,14,0
222609,384.0,14,0
222610,178.0,14,0
222611,315.0,14,0
222612,149.0,14,0
222613,380.0,14,0
222614,222.0,14,0
222615,470.0,14,0
222616,293.0,14,0
222617,497.0,14,0
222618,218.0,14,0
222619,322.0,14,0
222620,301.0,14,0
222621,343.0,14,0
222622,215.0,14,0
222623,281.0,14,0
222624,224.0,14,0
222625,284.0,14,0
222626,206.0,14,0
222627,292.0,14,0
222628,180.0,14,0
222629,312.0,14,0
222630,209.0,14,0
222631,253.0,14,0
222632,218.0,14,0
222633,278.0,14,0
222634,223.0,14,0
222635,275.0,14,0
222636,227.0,14,0
222637,407.0,14,0
222638,203.0,14,0
222639,261.0,14,0
222640,252.0,14,0
222641,343.0,14,0
222642,197.0,14,0
222643,236.0,14,0
222644,162.0,14,0
222645,251.0,14,0
222646,224.0,14,0
222647,251.0,14,0
222648,195.0,14,0
222649,274.0,14,0
222650,210.0,14,0
222651,223.0,14,0
222652,219.0,14,0
222653,249.0,14,0
222654,186.0,14,0
222655,244.0,14,0
222656,228.0,14,0
222657,248.0,14,0
222658,243.0,14,0
222659,239.0,14,0
222660,211.0,15,0
222661,385.0,15,0
222662,231.0,15,0
222663,326.0,15,0
222664,213.0,15,0
222665,424.0,15,0
222666,227.0,15,0
222667,512.0,15,0
222668,295.0,15,0
222669,574.0,15,0
222670,286.0,15,0
222671,654.0,15,0
222672,275.0,15,0
222673,659.0,15,0
222674,289.0,15,0
222675,461.0,15,0
222676,286.0,15,0
222677,307.0,15,0
222678,315.0,15,0
222679,265.0,15,0
222680,261.0,15,0
222681,335.0,15,0
222682,235.0,15,0
222683,380.0,15,0
222684,317.0,15,0
222685,278.0,15,0
222686,301.0,15,0
222687,278.0,15,0
222688,258.0,15,0
222689,232.0,15,0
222690,256.0,15,0
222691,273.0,15,0
222692,275.0,15,0
222693,356.0,15,0
222694,227.0,15,0
222695,251.0,15,0
222696,247.0,15,0
222697,417.0,15,0
222698,226.0,15,0
222699,257.0,15,0
222700,258.0,15,0
222701,339.0,15,0
222702,193.0,15,0
222703,250.0,15,0
222704,193.0,15,0
222705,276.0,15,0
222706,220.0,15,0
222707,252.0,15,0
222708,220.0,15,0
222709,238.0,15,0
222710,246.0,15,0
222711,238.0,15,0
222712,243.0,15,0
222713,240.0,15,0
222714,198.0,15,0
222715,331.0,15,0
222716,232.0,15,0
222717,259.0,15,0
222718,207.0,15,0
222719,252.0,15,0
222720,248.0,16,0
222721,436.0,16,0
222722,236.0,16,0
222723,260.0,16,0
222724,253.0,16,0
222725,588.0,16,0
222726,262.0,16,0
222727,448.0,16,0
222728,278.0,16,0
222729,446.0,16,0
222730,216.0,16,0
222731,543.0,16,0
222732,284.0,16,0
222733,583.0,16,0
222734,272.0,16,0
222735,659.0,16,0
222736,227.0,16,0
222737,428.0,16,0
222738,250.0,16,0
222739,341.0,16,0
222740,272.0,16,0
222741,258.0,16,0
222742,197.0,16,0
222743,371.0,16,0
222744,235.0,16,0
222745,332.0,16,0
222746,218.0,16,0
222747,261.0,16,0
222748,254.0,16,0
222749,297.0,16,0
222750,215.0,16,0
222751,342.0,16,0
222752,274.0,16,0
222753,320.0,16,0
222754,187.0,16,0
222755,336.0,16,0
222756,242.0,16,0
222757,326.0,16,0
222758,354.0,16,0
222759,295.0,16,0
222760,284.0,16,0
222761,435.0,16,0
222762,268.0,16,0
222763,346.0,16,0
222764,233.0,16,0
222765,318.0,16,0
222766,225.0,16,0
222767,291.0,16,0
222768,228.0,16,0
222769,256.0,16,0
222770,214.0,16,0
222771,251.0,16,0
222772,217.0,16,0
222773,272.0,16,0
222774,206.0,16,0
222775,297.0,16,0
222776,232.0,16,0
222777,216.0,16,0
222778,227.0,16,0
222779,223.0,16,0
222780,214.0,17,0
222781,313.0,17,0
222782,231.0,17,0
222783,246.0,17,0
222784,250.0,17,0
222785,330.0,17,0
222786,255.0,17,0
222787,489.0,17,0
222788,281.0,17,0
222789,581.0,17,0
222790,306.0,17,0
222791,620.0,17,0
222792,269.0,17,0
222793,730.0,17,0
222794,272.0,17,0
222795,655.0,17,0
222796,272.0,17,0
222797,374.0,17,0
222798,275.0,17,0
222799,324.0,17,0
222800,244.0,17,0
222801,457.0,17,0
222802,260.0,17,0
222803,360.0,17,0
222804,294.0,17,0
222805,369.0,17,0
222806,248.0,17,0
222807,390.0,17,0
222808,267.0,17,0
222809,307.0,17,0
222810,238.0,17,0
222811,278.0,17,0
222812,240.0,17,0
222813,343.0,17,0
222814,224.0,17,0
222815,262.0,17,0
222816,255.0,17,0
222817,249.0,17,0
222818,329.0,17,0
222819,304.0,17,0
222820,248.0,17,0
222821,369.0,17,0
222822,244.0,17,0
222823,318.0,17,0
222824,256.0,17,0
222825,356.0,17,0
222826,232.0,17,0
222827,141.0,17,0
222828,2.0,17,0
222829,5.0,17,0
222830,3.0,17,0
222831,5.0,17,0
222832,0.0,17,0
222833,1.0,17,0
222834,1.0,17,0
222835,0.0,17,0
222836,2.0,17,0
222837,378.0,17,0
222838,588.0,17,0
222839,1004.0,17,0
222840,1046.0,18,0
222841,362.0,18,0
222842,234.0,18,0
222843,243.0,18,0
222844,247.0,18,0
222845,309.0,18,0
222846,222.0,18,0
222847,269.0,18,0
222848,299.0,18,0
222849,467.0,18,0
222850,280.0,18,0
222851,521.0,18,0
222852,216.0,18,0
222853,663.0,18,0
222854,227.0,18,0
222855,677.0,18,0
222856,278.0,18,0
222857,334.0,18,0
222858,285.0,18,0
222859,306.0,18,0
222860,254.0,18,0
222861,297.0,18,0
222862,237.0,18,0
222863,317.0,18,0
222864,245.0,18,0
222865,296.0,18,0
222866,228.0,18,0
222867,344.0,18,0
222868,246.0,18,0
222869,254.0,18,0
222870,264.0,18,0
222871,306.0,18,0
222872,288.0,18,0
222873,292.0,18,0
222874,212.0,18,0
222875,424.0,18,0
222876,223.0,18,0
222877,276.0,18,0
222878,368.0,18,0
222879,282.0,18,0
222880,234.0,18,0
222881,337.0,18,0
222882,205.0,18,0
222883,343.0,18,0
222884,193.0,18,0
222885,314.0,18,0
222886,210.0,18,0
222887,341.0,18,0
222888,231.0,18,0
222889,318.0,18,0
222890,256.0,18,0
222891,354.0,18,0
222892,238.0,18,0
222893,376.0,18,0
222894,184.0,18,0
222895,314.0,18,0
222896,181.0,18,0
222897,320.0,18,0
222898,211.0,18,0
222899,296.0,18,0
222900,251.0,19,0
222901,354.0,19,0
222902,190.0,19,0
222903,330.0,19,0
222904,216.0,19,0
222905,439.0,19,0
222906,262.0,19,0
222907,413.0,19,0
222908,214.0,19,0
222909,521.0,19,0
222910,219.0,19,0
222911,378.0,19,0
222912,175.0,19,0
222913,262.0,19,0
222914,207.0,19,0
222915,417.0,19,0
222916,262.0,19,0
222917,251.0,19,0
222918,173.0,19,0
222919,237.0,19,0
222920,255.0,19,0
222921,297.0,19,0
222922,208.0,19,0
222923,338.0,19,0
222924,172.0,19,0
222925,459.0,19,0
222926,351.0,19,0
222927,365.0,19,0
222928,212.0,19,0
222929,293.0,19,0
222930,200.0,19,0
222931,254.0,19,0
222932,194.0,19,0
222933,252.0,19,0
222934,205.0,19,0
222935,340.0,19,0
222936,174.0,19,0
222937,303.0,19,0
222938,371.0,19,0
222939,306.0,19,0
222940,230.0,19,0
222941,301.0,19,0
222942,192.0,19,0
222943,271.0,19,0
222944,171.0,19,0
222945,299.0,19,0
222946,205.0,19,0
222947,275.0,19,0
222948,212.0,19,0
222949,246.0,19,0
222950,192.0,19,0
222951,288.0,19,0
222952,251.0,19,0
222953,346.0,19,0
222954,205.0,19,0
222955,223.0,19,0
222956,185.0,19,0
222957,289.0,19,0
222958,240.0,19,0
222959,279.0,19,0
222960,214.0,20,0
222961,304.0,20,0
222962,219.0,20,0
222963,317.0,20,0
222964,195.0,20,0
222965,344.0,20,0
222966,298.0,20,0
222967,311.0,20,0
222968,252.0,20,0
222969,438.0,20,0
222970,228.0,20,0
222971,345.0,20,0
222972,211.0,20,0
222973,273.0,20,0
222974,190.0,20,0
222975,262.0,20,0
222976,164.0,20,0
222977,233.0,20,0
222978,224.0,20,0
222979,223.0,20,0
222980,211.0,20,0
222981,216.0,20,0
222982,47.0,20,0
222983,0.0,20,0
222984,0.0,20,0
222985,0.0,20,0
222986,0.0,20,0
222987,0.0,20,0
222988,0.0,20,0
222989,1.0,20,0
222990,0.0,20,0
222991,0.0,20,0
222992,872.0,20,0
222993,1024.0,20,0
222994,1007.0,20,0
222995,308.0,20,0
222996,182.0,20,0
222997,235.0,20,0
222998,141.0,20,0
222999,267.0,20,0
223000,195.0,20,0
223001,238.0,20,0
223002,204.0,20,0
223003,227.0,20,0
223004,210.0,20,0
223005,234.0,20,0
223006,252.0,20,0
223007,245.0,20,0
223008,141.0,20,0
223009,231.0,20,0
223010,240.0,20,0
223011,233.0,20,0
223012,170.0,20,0
223013,250.0,20,0
223014,162.0,20,0
223015,260.0,20,0
223016,208.0,20,0
223017,240.0,20,0
223018,173.0,20,0
223019,206.0,20,0
223020,220.0,21,0
223021,278.0,21,0
223022,187.0,21,0
223023,225.0,21,0
223024,173.0,21,0
223025,319.0,21,0
223026,176.0,21,0
223027,294.0,21,0
223028,217.0,21,0
223029,195.0,21,0
223030,186.0,21,0
223031,169.0,21,0
223032,33.0,21,0
223033,0.0,21,0
223034,0.0,21,0
223035,0.0,21,0
223036,2.0,21,0
223037,0.0,21,0
223038,0.0,21,0
223039,0.0,21,0
223040,0.0,21,0
223041,0.0,21,0
223042,655.0,21,0
223043,1023.0,21,0
223044,1008.0,21,0
223045,266.0,21,0
223046,162.0,21,0
223047,246.0,21,0
223048,218.0,21,0
223049,250.0,21,0
223050,240.0,21,0
223051,253.0,21,0
223052,217.0,21,0
223053,287.0,21,0
223054,247.0,21,0
223055,336.0,21,0
223056,257.0,21,0
223057,260.0,21,0
223058,301.0,21,0
223059,368.0,21,0
223060,186.0,21,0
223061,301.0,21,0
223062,203.0,21,0
223063,208.0,21,0
223064,213.0,21,0
223065,175.0,21,0
223066,155.0,21,0
223067,234.0,21,0
223068,165.0,21,0
223069,251.0,21,0
223070,178.0,21,0
223071,282.0,21,0
223072,180.0,21,0
223073,236.0,21,0
223074,143.0,21,0
223075,231.0,21,0
223076,136.0,21,0
223077,308.0,21,0
223078,210.0,21,0
223079,252.0,21,0
223080,187.0,22,0
223081,239.0,22,0
223082,203.0,22,0
223083,293.0,22,0
223084,207.0,22,0
223085,266.0,22,0
223086,198.0,22,0
223087,257.0,22,0
223088,239.0,22,0
223089,233.0,22,0
223090,163.0,22,0
223091,232.0,22,0
223092,178.0,22,0
223093,268.0,22,0
223094,175.0,22,0
223095,226.0,22,0
223096,189.0,22,0
223097,233.0,22,0
223098,139.0,22,0
223099,197.0,22,0
223100,161.0,22,0
223101,252.0,22,0
223102,207.0,22,0
223103,247.0,22,0
223104,170.0,22,0
223105,223.0,22,0
223106,186.0,22,0
223107,268.0,22,0
223108,205.0,22,0
223109,228.0,22,0
223110,196.0,22,0
223111,231.0,22,0
223112,153.0,22,0
223113,203.0,22,0
223114,149.0,22,0
223115,219.0,22,0
223116,160.0,22,0
223117,159.0,22,0
223118,168.0,22,0
223119,127.0,22,0
223120,348.0,22,0
223121,232.0,22,0
223122,217.0,22,0
223123,349.0,22,0
223124,234.0,22,0
223125,251.0,22,0
223126,185.0,22,0
223127,214.0,22,0
223128,163.0,22,0
223129,216.0,22,0
223130,210.0,22,0
223131,227.0,22,0
223132,218.0,22,0
223133,235.0,22,0
223134,184.0,22,0
223135,251.0,22,0
223136,188.0,22,0
223137,223.0,22,0
223138,172.0,22,0
223139,217.0,22,0
223140,220.0,23,0
223141,268.0,23,0
223142,206.0,23,0
223143,253.0,23,0
223144,205.0,23,0
223145,256.0,23,0
223146,222.0,23,0
223147,233.0,23,0
223148,198.0,23,0
223149,213.0,23,0
223150,214.0,23,0
223151,269.0,23,0
223152,230.0,23,0
223153,186.0,23,0
223154,213.0,23,0
223155,236.0,23,0
223156,256.0,23,0
223157,239.0,23,0
223158,186.0,23,0
223159,217.0,23,0
223160,230.0,23,0
223161,211.0,23,0
223162,218.0,23,0
223163,198.0,23,0
223164,202.0,23,0
223165,237.0,23,0
223166,205.0,23,0
223167,194.0,23,0
223168,172.0,23,0
223169,246.0,23,0
223170,490.0,23,0
223171,1191.0,23,0
223172,658.0,23,0
223173,0.0,23,0
223174,0.0,23,0
223175,0.0,23,0
223176,0.0,23,0
223177,0.0,23,0
223178,1.0,23,0
223179,0.0,23,0
223180,0.0,23,0
223181,0.0,23,0
223182,825.0,23,0
223183,1051.0,23,0
223184,756.0,23,0
223185,218.0,23,0
223186,165.0,23,0
223187,228.0,23,0
223188,188.0,23,0
223189,232.0,23,0
223190,182.0,23,0
223191,226.0,23,0
223192,175.0,23,0
223193,181.0,23,0
223194,200.0,23,0
223195,173.0,23,0
223196,213.0,23,0
223197,239.0,23,0
223198,233.0,23,0
223199,208.0,23,0
223200,209.0,0,1
223201,203.0,0,1
223202,181.0,0,1
223203,244.0,0,1
223204,227.0,0,1
223205,228.0,0,1
223206,229.0,0,1
223207,290.0,0,1
223208,188.0,0,1
223209,201.0,0,1
223210,195.0,0,1
223211,255.0,0,1
223212,206.0,0,1
223213,220.0,0,1
223214,253.0,0,1
223215,284.0,0,1
223216,260.0,0,1
223217,294.0,0,1
223218,233.0,0,1
223219,275.0,0,1
223220,262.0,0,1
223221,309.0,0,1
223222,222.0,0,1
223223,271.0,0,1
223224,209.0,0,1
223225,248.0,0,1
223226,204.0,0,1
223227,200.0,0,1
223228,222.0,0,1
223229,292.0,0,1
223230,257.0,0,1
223231,293.0,0,1
223232,235.0,0,1
223233,275.0,0,1
223234,250.0,0,1
223235,366.0,0,1
223236,204.0,0,1
223237,290.0,0,1
223238,206.0,0,1
223239,266.0,0,1
223240,212.0,0,1
223241,556.0,0,1
223242,260.0,0,1
223243,240.0,0,1
223244,203.0,0,1
223245,268.0,0,1
223246,239.0,0,1
223247,287.0,0,1
223248,217.0,0,1
223249,244.0,0,1
223250,248.0,0,1
223251,229.0,0,1
223252,186.0,0,1
223253,272.0,0,1
223254,198.0,0,1
223255,267.0,0,1
223256,178.0,0,1
223257,230.0,0,1
223258,210.0,0,1
223259,234.0,0,1
223260,140.0,1,1
223261,208.0,1,1
223262,164.0,1,1
223263,256.0,1,1
223264,201.0,1,1
223265,273.0,1,1
223266,204.0,1,1
223267,215.0,1,1
223268,161.0,1,1
223269,225.0,1,1
223270,187.0,1,1
223271,206.0,1,1
223272,213.0,1,1
223273,237.0,1,1
223274,185.0,1,1
223275,239.0,1,1
223276,173.0,1,1
223277,219.0,1,1
223278,197.0,1,1
223279,237.0,1,1
223280,198.0,1,1
223281,364.0,1,1
223282,200.0,1,1
223283,232.0,1,1
223284,189.0,1,1
223285,333.0,1,1
223286,188.0,1,1
223287,212.0,1,1
223288,184.0,1,1
223289,230.0,1,1
223290,236.0,1,1
223291,246.0,1,1
223292,204.0,1,1
223293,187.0,1,1
223294,168.0,1,1
223295,315.0,1,1
223296,183.0,1,1
223297,246.0,1,1
223298,233.0,1,1
223299,252.0,1,1
223300,169.0,1,1
223301,190.0,1,1
223302,200.0,1,1
223303,213.0,1,1
223304,183.0,1,1
223305,281.0,1,1
223306,168.0,1,1
223307,176.0,1,1
223308,186.0,1,1
223309,236.0,1,1
223310,187.0,1,1
223311,268.0,1,1
223312,187.0,1,1
223313,245.0,1,1
223314,171.0,1,1
223315,264.0,1,1
223316,206.0,1,1
223317,203.0,1,1
223318,166.0,1,1
223319,238.0,1,1
223320,135.0,2,1
223321,360.0,2,1
223322,186.0,2,1
223323,240.0,2,1
223324,162.0,2,1
223325,265.0,2,1
223326,211.0,2,1
223327,255.0,2,1
223328,145.0,2,1
223329,225.0,2,1
223330,162.0,2,1
223331,208.0,2,1
223332,180.0,2,1
223333,187.0,2,1
223334,140.0,2,1
223335,188.0,2,1
223336,158.0,2,1
223337,217.0,2,1
223338,159.0,2,1
223339,203.0,2,1
223340,111.0,2,1
223341,186.0,2,1
223342,163.0,2,1
223343,228.0,2,1
223344,230.0,2,1
223345,240.0,2,1
223346,169.0,2,1
223347,181.0,2,1
223348,193.0,2,1
223349,204.0,2,1
223350,167.0,2,1
223351,222.0,2,1
223352,211.0,2,1
223353,206.0,2,1
223354,193.0,2,1
223355,262.0,2,1
223356,170.0,2,1
223357,228.0,2,1
223358,166.0,2,1
223359,228.0,2,1
223360,132.0,2,1
223361,191.0,2,1
223362,174.0,2,1
223363,150.0,2,1
223364,189.0,2,1
223365,306.0,2,1
223366,191.0,2,1
223367,217.0,2,1
223368,206.0,2,1
223369,168.0,2,1
223370,139.0,2,1
223371,238.0,2,1
223372,186.0,2,1
223373,189.0,2,1
223374,177.0,2,1
223375,196.0,2,1
223376,156.0,2,1
223377,154.0,2,1
223378,160.0,2,1
223379,185.0,2,1
223380,136.0,3,1
223381,205.0,3,1
223382,236.0,3,1
223383,188.0,3,1
223384,134.0,3,1
223385,309.0,3,1
223386,191.0,3,1
223387,183.0,3,1
223388,155.0,3,1
223389,183.0,3,1
223390,162.0,3,1
223391,206.0,3,1
223392,182.0,3,1
223393,167.0,3,1
223394,144.0,3,1
223395,200.0,3,1
223396,153.0,3,1
223397,162.0,3,1
223398,151.0,3,1
223399,208.0,3,1
223400,166.0,3,1
223401,201.0,3,1
223402,166.0,3,1
223403,136.0,3,1
223404,185.0,3,1
223405,189.0,3,1
223406,169.0,3,1
223407,167.0,3,1
223408,161.0,3,1
223409,204.0,3,1
223410,121.0,3,1
223411,240.0,3,1
223412,216.0,3,1
223413,192.0,3,1
223414,180.0,3,1
223415,292.0,3,1
223416,125.0,3,1
223417,164.0,3,1
223418,160.0,3,1
223419,206.0,3,1
223420,116.0,3,1
223421,172.0,3,1
223422,224.0,3,1
223423,152.0,3,1
223424,149.0,3,1
223425,226.0,3,1
223426,173.0,3,1
223427,194.0,3,1
223428,213.0,3,1
223429,233.0,3,1
223430,154.0,3,1
223431,200.0,3,1
223432,202.0,3,1
223433,173.0,3,1
223434,182.0,3,1
223435,258.0,3,1
223436,107.0,3,1
223437,182.0,3,1
223438,186.0,3,1
223439,192.0,3,1
223440,101.0,4,1
223441,183.0,4,1
223442,233.0,4,1
223443,168.0,4,1
223444,169.0,4,1
223445,226.0,4,1
223446,162.0,4,1
223447,212.0,4,1
223448,226.0,4,1
223449,270.0,4,1
223450,131.0,4,1
223451,229.0,4,1
223452,214.0,4,1
223453,186.0,4,1
223454,148.0,4,1
223455,247.0,4,1
223456,195.0,4,1
223457,208.0,4,1
223458,147.0,4,1
223459,280.0,4,1
223460,136.0,4,1
223461,174.0,4,1
223462,175.0,4,1
223463,176.0,4,1
223464,196.0,4,1
223465,359.0,4,1
223466,158.0,4,1
223467,183.0,4,1
223468,193.0,4,1
223469,286.0,4,1
223470,158.0,4,1
223471,219.0,4,1
223472,182.0,4,1
223473,188.0,4,1
223474,174.0,4,1
223475,369.0,4,1
223476,154.0,4,1
223477,167.0,4,1
223478,165.0,4,1
223479,282.0,4,1
223480,208.0,4,1
223481,245.0,4,1
223482,265.0,4,1
223483,196.0,4,1
223484,220.0,4,1
223485,327.0,4,1
223486,186.0,4,1
223487,218.0,4,1
223488,185.0,4,1
223489,273.0,4,1
223490,155.0,4,1
223491,228.0,4,1
223492,145.0,4,1
223493,186.0,4,1
223494,202.0,4,1
223495,289.0,4,1
223496,172.0,4,1
223497,172.0,4,1
223498,148.0,4,1
223499,235.0,4,1
223500,180.0,5,1
223501,224.0,5,1
223502,269.0,5,1
223503,191.0,5,1
223504,185.0,5,1
223505,345.0,5,1
223506,177.0,5,1
223507,204.0,5,1
223508,163.0,5,1
223509,230.0,5,1
223510,180.0,5,1
223511,373.0,5,1
223512,176.0,5,1
223513,195.0,5,1
223514,152.0,5,1
223515,331.0,5,1
223516,191.0,5,1
223517,175.0,5,1
223518,169.0,5,1
223519,232.0,5,1
223520,168.0,5,1
223521,307.0,5,1
223522,265.0,5,1
223523,234.0,5,1
223524,174.0,5,1
223525,391.0,5,1
223526,193.0,5,1
223527,248.0,5,1
223528,207.0,5,1
223529,214.0,5,1
223530,169.0,5,1
223531,269.0,5,1
223532,200.0,5,1
223533,178.0,5,1
223534,216.0,5,1
223535,442.0,5,1
223536,155.0,5,1
223537,194.0,5,1
223538,196.0,5,1
223539,187.0,5,1
223540,161.0,5,1
223541,226.0,5,1
223542,250.0,5,1
223543,211.0,5,1
223544,145.0,5,1
223545,251.0,5,1
223546,159.0,5,1
223547,171.0,5,1
223548,162.0,5,1
223549,156.0,5,1
223550,162.0,5,1
223551,236.0,5,1
223552,153.0,5,1
223553,149.0,5,1
223554,128.0,5,1
223555,260.0,5,1
223556,192.0,5,1
223557,168.0,5,1
223558,167.0,5,1
223559,195.0,5,1
223560,125.0,6,1
223561,208.0,6,1
223562,207.0,6,1
223563,186.0,6,1
223564,185.0,6,1
223565,226.0,6,1
223566,167.0,6,1
223567,189.0,6,1
223568,206.0,6,1
223569,203.0,6,1
223570,90.0,6,1
223571,212.0,6,1
223572,181.0,6,1
223573,189.0,6,1
223574,159.0,6,1
223575,217.0,6,1
223576,131.0,6,1
223577,194.0,6,1
223578,174.0,6,1
223579,206.0,6,1
223580,128.0,6,1
223581,187.0,6,1
223582,143.0,6,1
223583,155.0,6,1
223584,119.0,6,1
223585,219.0,6,1
223586,143.0,6,1
223587,172.0,6,1
223588,133.0,6,1
223589,171.0,6,1
223590,169.0,6,1
223591,271.0,6,1
223592,188.0,6,1
223593,202.0,6,1
223594,148.0,6,1
223595,271.0,6,1
223596,164.0,6,1
223597,149.0,6,1
223598,149.0,6,1
223599,161.0,6,1
223600,125.0,6,1
223601,196.0,6,1
223602,140.0,6,1
223603,164.0,6,1
223604,144.0,6,1
223605,231.0,6,1
223606,139.0,6,1
223607,161.0,6,1
223608,197.0,6,1
223609,190.0,6,1
223610,136.0,6,1
223611,202.0,6,1
223612,103.0,6,1
223613,171.0,6,1
223614,133.0,6,1
223615,236.0,6,1
223616,147.0,6,1
223617,158.0,6,1
223618,175.0,6,1
223619,173.0,6,1
223620,165.0,7,1
223621,231.0,7,1
223622,182.0,7,1
223623,178.0,7,1
223624,170.0,7,1
223625,291.0,7,1
223626,159.0,7,1
223627,184.0,7,1
223628,171.0,7,1
223629,208.0,7,1
223630,208.0,7,1
223631,236.0,7,1
223632,165.0,7,1
223633,235.0,7,1
223634,240.0,7,1
223635,317.0,7,1
223636,198.0,7,1
223637,173.0,7,1
223638,170.0,7,1
223639,270.0,7,1
223640,333.0,7,1
223641,222.0,7,1
223642,218.0,7,1
223643,234.0,7,1
223644,172.0,7,1
223645,313.0,7,1
223646,163.0,7,1
223647,233.0,7,1
223648,219.0,7,1
223649,262.0,7,1
223650,220.0,7,1
223651,216.0,7,1
223652,204.0,7,1
223653,201.0,7,1
223654,222.0,7,1
223655,248.0,7,1
223656,168.0,7,1
223657,201.0,7,1
223658,176.0,7,1
223659,244.0,7,1
223660,282.0,7,1
223661,248.0,7,1
223662,175.0,7,1
223663,166.0,7,1
223664,197.0,7,1
223665,218.0,7,1
223666,194.0,7,1
223667,171.0,7,1
223668,144.0,7,1
223669,193.0,7,1
223670,215.0,7,1
223671,219.0,7,1
223672,181.0,7,1
223673,167.0,7,1
223674,186.0,7,1
223675,207.0,7,1
223676,166.0,7,1
223677,163.0,7,1
223678,192.0,7,1
223679,166.0,7,1
223680,134.0,8,1
223681,225.0,8,1
223682,153.0,8,1
223683,142.0,8,1
223684,162.0,8,1
223685,186.0,8,1
223686,150.0,8,1
223687,215.0,8,1
223688,149.0,8,1
223689,182.0,8,1
223690,185.0,8,1
223691,188.0,8,1
223692,156.0,8,1
223693,151.0,8,1
223694,154.0,8,1
223695,209.0,8,1
223696,162.0,8,1
223697,172.0,8,1
223698,134.0,8,1
223699,188.0,8,1
223700,171.0,8,1
223701,286.0,8,1
223702,168.0,8,1
223703,192.0,8,1
223704,182.0,8,1
223705,285.0,8,1
223706,193.0,8,1
223707,211.0,8,1
223708,187.0,8,1
223709,195.0,8,1
223710,171.0,8,1
223711,232.0,8,1
223712,168.0,8,1
223713,195.0,8,1
223714,153.0,8,1
223715,303.0,8,1
223716,197.0,8,1
223717,181.0,8,1
223718,141.0,8,1
223719,184.0,8,1
223720,243.0,8,1
223721,301.0,8,1
223722,159.0,8,1
223723,201.0,8,1
223724,182.0,8,1
223725,233.0,8,1
223726,252.0,8,1
223727,204.0,8,1
223728,185.0,8,1
223729,219.0,8,1
223730,183.0,8,1
223731,207.0,8,1
223732,120.0,8,1
223733,203.0,8,1
223734,182.0,8,1
223735,277.0,8,1
223736,189.0,8,1
223737,222.0,8,1
223738,196.0,8,1
223739,218.0,8,1
223740,170.0,9,1
223741,304.0,9,1
223742,192.0,9,1
223743,186.0,9,1
223744,178.0,9,1
223745,239.0,9,1
223746,181.0,9,1
223747,174.0,9,1
223748,194.0,9,1
223749,189.0,9,1
223750,194.0,9,1
223751,234.0,9,1
223752,195.0,9,1
223753,236.0,9,1
223754,182.0,9,1
223755,182.0,9,1
223756,193.0,9,1
223757,225.0,9,1
223758,200.0,9,1
223759,191.0,9,1
223760,181.0,9,1
223761,258.0,9,1
223762,177.0,9,1
223763,203.0,9,1
223764,163.0,9,1
223765,178.0,9,1
223766,133.0,9,1
223767,153.0,9,1
223768,149.0,9,1
223769,193.0,9,1
223770,149.0,9,1
223771,345.0,9,1
223772,237.0,9,1
223773,238.0,9,1
223774,202.0,9,1
223775,453.0,9,1
223776,140.0,9,1
223777,0.0,9,1
223778,1.0,9,1
223779,0.0,9,1
223780,0.0,9,1
223781,10.0,9,1
223782,1.0,9,1
223783,0.0,9,1
223784,1.0,9,1
223785,2.0,9,1
223786,520.0,9,1
223787,988.0,9,1
223788,1071.0,9,1
223789,469.0,9,1
223790,209.0,9,1
223791,227.0,9,1
223792,182.0,9,1
223793,197.0,9,1
223794,184.0,9,1
223795,212.0,9,1
223796,183.0,9,1
223797,197.0,9,1
223798,194.0,9,1
223799,190.0,9,1
223800,218.0,10,1
223801,256.0,10,1
223802,200.0,10,1
223803,220.0,10,1
223804,204.0,10,1
223805,391.0,10,1
223806,211.0,10,1
223807,420.0,10,1
223808,195.0,10,1
223809,436.0,10,1
223810,244.0,10,1
223811,420.0,10,1
223812,69.0,10,1
223813,0.0,10,1
223814,5.0,10,1
223815,0.0,10,1
223816,5.0,10,1
223817,0.0,10,1
223818,0.0,10,1
223819,0.0,10,1
223820,0.0,10,1
223821,0.0,10,1
223822,1140.0,10,1
223823,1044.0,10,1
223824,1093.0,10,1
223825,1050.0,10,1
223826,217.0,10,1
223827,282.0,10,1
223828,223.0,10,1
223829,295.0,10,1
223830,253.0,10,1
223831,243.0,10,1
223832,198.0,10,1
223833,348.0,10,1
223834,205.0,10,1
223835,360.0,10,1
223836,210.0,10,1
223837,329.0,10,1
223838,245.0,10,1
223839,333.0,10,1
223840,239.0,10,1
223841,395.0,10,1
223842,192.0,10,1
223843,328.0,10,1
223844,214.0,10,1
223845,296.0,10,1
223846,227.0,10,1
223847,328.0,10,1
223848,178.0,10,1
223849,284.0,10,1
223850,328.0,10,1
223851,267.0,10,1
223852,209.0,10,1
223853,285.0,10,1
223854,204.0,10,1
223855,270.0,10,1
223856,212.0,10,1
223857,288.0,10,1
223858,223.0,10,1
223859,286.0,10,1
223860,223.0,11,1
223861,380.0,11,1
223862,186.0,11,1
223863,356.0,11,1
223864,196.0,11,1
223865,498.0,11,1
223866,390.0,11,1
223867,398.0,11,1
223868,360.0,11,1
223869,425.0,11,1
223870,355.0,11,1
223871,430.0,11,1
223872,402.0,11,1
223873,506.0,11,1
223874,320.0,11,1
223875,488.0,11,1
223876,391.0,11,1
223877,395.0,11,1
223878,235.0,11,1
223879,366.0,11,1
223880,200.0,11,1
223881,363.0,11,1
223882,248.0,11,1
223883,320.0,11,1
223884,218.0,11,1
223885,335.0,11,1
223886,293.0,11,1
223887,369.0,11,1
223888,279.0,11,1
223889,295.0,11,1
223890,334.0,11,1
223891,330.0,11,1
223892,268.0,11,1
223893,331.0,11,1
223894,299.0,11,1
223895,416.0,11,1
223896,380.0,11,1
223897,334.0,11,1
223898,249.0,11,1
223899,309.0,11,1
223900,311.0,11,1
223901,353.0,11,1
223902,253.0,11,1
223903,320.0,11,1
223904,247.0,11,1
223905,370.0,11,1
223906,232.0,11,1
223907,401.0,11,1
223908,222.0,11,1
223909,324.0,11,1
223910,324.0,11,1
223911,342.0,11,1
223912,280.0,11,1
223913,354.0,11,1
223914,208.0,11,1
223915,369.0,11,1
223916,200.0,11,1
223917,375.0,11,1
223918,247.0,11,1
223919,349.0,11,1
223920,248.0,12,1
223921,296.0,12,1
223922,304.0,12,1
223923,426.0,12,1
223924,233.0,12,1
223925,518.0,12,1
223926,334.0,12,1
223927,525.0,12,1
223928,368.0,12,1
223929,434.0,12,1
223930,316.0,12,1
223931,462.0,12,1
223932,309.0,12,1
223933,442.0,12,1
223934,328.0,12,1
223935,477.0,12,1
223936,414.0,12,1
223937,394.0,12,1
223938,342.0,12,1
223939,376.0,12,1
223940,287.0,12,1
223941,327.0,12,1
223942,222.0,12,1
223943,382.0,12,1
223944,256.0,12,1
223945,349.0,12,1
223946,233.0,12,1
223947,311.0,12,1
223948,270.0,12,1
223949,288.0,12,1
223950,256.0,12,1
223951,382.0,12,1
223952,237.0,12,1
223953,334.0,12,1
223954,292.0,12,1
223955,399.0,12,1
223956,364.0,12,1
223957,369.0,12,1
223958,292.0,12,1
223959,354.0,12,1
223960,275.0,12,1
223961,362.0,12,1
223962,270.0,12,1
223963,383.0,12,1
223964,274.0,12,1
223965,359.0,12,1
223966,284.0,12,1
223967,301.0,12,1
223968,215.0,12,1
223969,384.0,12,1
223970,276.0,12,1
223971,324.0,12,1
223972,273.0,12,1
223973,294.0,12,1
223974,245.0,12,1
223975,374.0,12,1
223976,257.0,12,1
223977,331.0,12,1
223978,242.0,12,1
223979,330.0,12,1
223980,196.0,13,1
223981,275.0,13,1
223982,254.0,13,1
223983,378.0,13,1
223984,251.0,13,1
223985,402.0,13,1
223986,507.0,13,1
223987,365.0,13,1
223988,369.0,13,1
223989,369.0,13,1
223990,326.0,13,1
223991,370.0,13,1
223992,450.0,13,1
223993,443.0,13,1
223994,565.0,13,1
223995,406.0,13,1
223996,571.0,13,1
223997,416.0,13,1
223998,411.0,13,1
223999,329.0,13,1
224000,247.0,13,1
224001,318.0,13,1
224002,294.0,13,1
224003,381.0,13,1
224004,202.0,13,1
224005,276.0,13,1
224006,269.0,13,1
224007,312.0,13,1
224008,231.0,13,1
224009,275.0,13,1
224010,242.0,13,1
224011,281.0,13,1
224012,223.0,13,1
224013,299.0,13,1
224014,280.0,13,1
224015,315.0,13,1
224016,351.0,13,1
224017,291.0,13,1
224018,311.0,13,1
224019,287.0,13,1
224020,252.0,13,1
224021,286.0,13,1
224022,308.0,13,1
224023,335.0,13,1
224024,280.0,13,1
224025,333.0,13,1
224026,291.0,13,1
224027,277.0,13,1
224028,260.0,13,1
224029,260.0,13,1
224030,237.0,13,1
224031,260.0,13,1
224032,251.0,13,1
224033,344.0,13,1
224034,272.0,13,1
224035,225.0,13,1
224036,287.0,13,1
224037,288.0,13,1
224038,220.0,13,1
224039,324.0,13,1
224040,249.0,14,1
224041,253.0,14,1
224042,336.0,14,1
224043,344.0,14,1
224044,291.0,14,1
224045,382.0,14,1
224046,511.0,14,1
224047,346.0,14,1
224048,378.0,14,1
224049,322.0,14,1
224050,544.0,14,1
224051,312.0,14,1
224052,518.0,14,1
224053,384.0,14,1
224054,492.0,14,1
224055,356.0,14,1
224056,334.0,14,1
224057,335.0,14,1
224058,219.0,14,1
224059,280.0,14,1
224060,338.0,14,1
224061,337.0,14,1
224062,502.0,14,1
224063,421.0,14,1
224064,307.0,14,1
224065,315.0,14,1
224066,224.0,14,1
224067,333.0,14,1
224068,255.0,14,1
224069,371.0,14,1
224070,317.0,14,1
224071,304.0,14,1
224072,324.0,14,1
224073,294.0,14,1
224074,297.0,14,1
224075,316.0,14,1
224076,400.0,14,1
224077,257.0,14,1
224078,295.0,14,1
224079,294.0,14,1
224080,265.0,14,1
224081,255.0,14,1
224082,404.0,14,1
224083,309.0,14,1
224084,267.0,14,1
224085,234.0,14,1
224086,261.0,14,1
224087,311.0,14,1
224088,239.0,14,1
224089,238.0,14,1
224090,289.0,14,1
224091,319.0,14,1
224092,238.0,14,1
224093,307.0,14,1
224094,295.0,14,1
224095,301.0,14,1
224096,258.0,14,1
224097,255.0,14,1
224098,291.0,14,1
224099,272.0,14,1
224100,280.0,15,1
224101,183.0,15,1
224102,348.0,15,1
224103,291.0,15,1
224104,284.0,15,1
224105,370.0,15,1
224106,340.0,15,1
224107,369.0,15,1
224108,448.0,15,1
224109,327.0,15,1
224110,531.0,15,1
224111,382.0,15,1
224112,500.0,15,1
224113,388.0,15,1
224114,489.0,15,1
224115,368.0,15,1
224116,520.0,15,1
224117,319.0,15,1
224118,448.0,15,1
224119,326.0,15,1
224120,343.0,15,1
224121,306.0,15,1
224122,410.0,15,1
224123,359.0,15,1
224124,386.0,15,1
224125,299.0,15,1
224126,331.0,15,1
224127,278.0,15,1
224128,354.0,15,1
224129,352.0,15,1
224130,338.0,15,1
224131,245.0,15,1
224132,219.0,15,1
224133,207.0,15,1
224134,203.0,15,1
224135,243.0,15,1
224136,294.0,15,1
224137,300.0,15,1
224138,303.0,15,1
224139,269.0,15,1
224140,381.0,15,1
224141,267.0,15,1
224142,259.0,15,1
224143,278.0,15,1
224144,315.0,15,1
224145,214.0,15,1
224146,248.0,15,1
224147,240.0,15,1
224148,248.0,15,1
224149,222.0,15,1
224150,296.0,15,1
224151,210.0,15,1
224152,46.0,15,1
224153,1.0,15,1
224154,0.0,15,1
224155,0.0,15,1
224156,0.0,15,1
224157,0.0,15,1
224158,0.0,15,1
224159,0.0,15,1
224160,2.0,16,1
224161,4.0,16,1
224162,944.0,16,1
224163,1107.0,16,1
224164,1091.0,16,1
224165,299.0,16,1
224166,388.0,16,1
224167,298.0,16,1
224168,460.0,16,1
224169,313.0,16,1
224170,412.0,16,1
224171,302.0,16,1
224172,432.0,16,1
224173,235.0,16,1
224174,270.0,16,1
224175,264.0,16,1
224176,280.0,16,1
224177,239.0,16,1
224178,227.0,16,1
224179,279.0,16,1
224180,399.0,16,1
224181,227.0,16,1
224182,312.0,16,1
224183,253.0,16,1
224184,306.0,16,1
224185,233.0,16,1
224186,236.0,16,1
224187,236.0,16,1
224188,275.0,16,1
224189,271.0,16,1
224190,306.0,16,1
224191,289.0,16,1
224192,354.0,16,1
224193,316.0,16,1
224194,333.0,16,1
224195,293.0,16,1
224196,295.0,16,1
224197,267.0,16,1
224198,286.0,16,1
224199,233.0,16,1
224200,374.0,16,1
224201,235.0,16,1
224202,281.0,16,1
224203,251.0,16,1
224204,300.0,16,1
224205,201.0,16,1
224206,243.0,16,1
224207,248.0,16,1
224208,291.0,16,1
224209,225.0,16,1
224210,322.0,16,1
224211,220.0,16,1
224212,259.0,16,1
224213,196.0,16,1
224214,277.0,16,1
224215,219.0,16,1
224216,261.0,16,1
224217,226.0,16,1
224218,238.0,16,1
224219,211.0,16,1
224220,358.0,17,1
224221,317.0,17,1
224222,277.0,17,1
224223,252.0,17,1
224224,338.0,17,1
224225,278.0,17,1
224226,276.0,17,1
224227,259.0,17,1
224228,568.0,17,1
224229,200.0,17,1
224230,441.0,17,1
224231,262.0,17,1
224232,313.0,17,1
224233,209.0,17,1
224234,259.0,17,1
224235,275.0,17,1
224236,276.0,17,1
224237,275.0,17,1
224238,244.0,17,1
224239,224.0,17,1
224240,382.0,17,1
224241,316.0,17,1
224242,339.0,17,1
224243,292.0,17,1
224244,307.0,17,1
224245,264.0,17,1
224246,335.0,17,1
224247,271.0,17,1
224248,533.0,17,1
224249,264.0,17,1
224250,286.0,17,1
224251,244.0,17,1
224252,261.0,17,1
224253,294.0,17,1
224254,290.0,17,1
224255,230.0,17,1
224256,299.0,17,1
224257,267.0,17,1
224258,276.0,17,1
224259,228.0,17,1
224260,332.0,17,1
224261,296.0,17,1
224262,59.0,17,1
224263,2.0,17,1
224264,1.0,17,1
224265,1.0,17,1
224266,4.0,17,1
224267,0.0,17,1
224268,1.0,17,1
224269,0.0,17,1
224270,0.0,17,1
224271,0.0,17,1
224272,946.0,17,1
224273,1066.0,17,1
224274,1018.0,17,1
224275,592.0,17,1
224276,270.0,17,1
224277,216.0,17,1
224278,262.0,17,1
224279,220.0,17,1
224280,270.0,18,1
224281,365.0,18,1
224282,265.0,18,1
224283,222.0,18,1
224284,290.0,18,1
224285,268.0,18,1
224286,282.0,18,1
224287,226.0,18,1
224288,378.0,18,1
224289,208.0,18,1
224290,331.0,18,1
224291,235.0,18,1
224292,294.0,18,1
224293,262.0,18,1
224294,272.0,18,1
224295,243.0,18,1
224296,294.0,18,1
224297,245.0,18,1
224298,267.0,18,1
224299,209.0,18,1
224300,285.0,18,1
224301,327.0,18,1
224302,294.0,18,1
224303,261.0,18,1
224304,288.0,18,1
224305,276.0,18,1
224306,259.0,18,1
224307,194.0,18,1
224308,293.0,18,1
224309,204.0,18,1
224310,269.0,18,1
224311,204.0,18,1
224312,267.0,18,1
224313,220.0,18,1
224314,254.0,18,1
224315,255.0,18,1
224316,242.0,18,1
224317,364.0,18,1
224318,285.0,18,1
224319,246.0,18,1
224320,217.0,18,1
224321,208.0,18,1
224322,223.0,18,1
224323,254.0,18,1
224324,232.0,18,1
224325,217.0,18,1
224326,238.0,18,1
224327,193.0,18,1
224328,217.0,18,1
224329,202.0,18,1
224330,275.0,18,1
224331,271.0,18,1
224332,340.0,18,1
224333,232.0,18,1
224334,277.0,18,1
224335,239.0,18,1
224336,233.0,18,1
224337,261.0,18,1
224338,231.0,18,1
224339,271.0,18,1
224340,250.0,19,1
224341,302.0,19,1
224342,86.0,19,1
224343,0.0,19,1
224344,1.0,19,1
224345,0.0,19,1
224346,0.0,19,1
224347,0.0,19,1
224348,0.0,19,1
224349,0.0,19,1
224350,0.0,19,1
224351,0.0,19,1
224352,953.0,19,1
224353,1036.0,19,1
224354,1063.0,19,1
224355,478.0,19,1
224356,276.0,19,1
224357,240.0,19,1
224358,257.0,19,1
224359,209.0,19,1
224360,349.0,19,1
224361,191.0,19,1
224362,300.0,19,1
224363,282.0,19,1
224364,256.0,19,1
224365,243.0,19,1
224366,225.0,19,1
224367,228.0,19,1
224368,216.0,19,1
224369,206.0,19,1
224370,285.0,19,1
224371,183.0,19,1
224372,227.0,19,1
224373,173.0,19,1
224374,219.0,19,1
224375,220.0,19,1
224376,209.0,19,1
224377,240.0,19,1
224378,266.0,19,1
224379,207.0,19,1
224380,254.0,19,1
224381,171.0,19,1
224382,253.0,19,1
224383,222.0,19,1
224384,250.0,19,1
224385,212.0,19,1
224386,271.0,19,1
224387,178.0,19,1
224388,242.0,19,1
224389,203.0,19,1
224390,299.0,19,1
224391,235.0,19,1
224392,273.0,19,1
224393,246.0,19,1
224394,245.0,19,1
224395,207.0,19,1
224396,285.0,19,1
224397,214.0,19,1
224398,288.0,19,1
224399,201.0,19,1
224400,278.0,20,1
224401,242.0,20,1
224402,260.0,20,1
224403,202.0,20,1
224404,306.0,20,1
224405,312.0,20,1
224406,394.0,20,1
224407,228.0,20,1
224408,307.0,20,1
224409,213.0,20,1
224410,266.0,20,1
224411,228.0,20,1
224412,307.0,20,1
224413,164.0,20,1
224414,260.0,20,1
224415,214.0,20,1
224416,261.0,20,1
224417,208.0,20,1
224418,260.0,20,1
224419,200.0,20,1
224420,357.0,20,1
224421,223.0,20,1
224422,337.0,20,1
224423,235.0,20,1
224424,276.0,20,1
224425,200.0,20,1
224426,252.0,20,1
224427,200.0,20,1
224428,293.0,20,1
224429,195.0,20,1
224430,299.0,20,1
224431,217.0,20,1
224432,307.0,20,1
224433,229.0,20,1
224434,227.0,20,1
224435,264.0,20,1
224436,280.0,20,1
224437,180.0,20,1
224438,238.0,20,1
224439,234.0,20,1
224440,250.0,20,1
224441,228.0,20,1
224442,270.0,20,1
224443,242.0,20,1
224444,269.0,20,1
224445,226.0,20,1
224446,306.0,20,1
224447,257.0,20,1
224448,209.0,20,1
224449,207.0,20,1
224450,268.0,20,1
224451,187.0,20,1
224452,218.0,20,1
224453,197.0,20,1
224454,214.0,20,1
224455,201.0,20,1
224456,234.0,20,1
224457,201.0,20,1
224458,231.0,20,1
224459,202.0,20,1
224460,235.0,21,1
224461,210.0,21,1
224462,287.0,21,1
224463,180.0,21,1
224464,246.0,21,1
224465,238.0,21,1
224466,237.0,21,1
224467,147.0,21,1
224468,219.0,21,1
224469,98.0,21,1
224470,237.0,21,1
224471,138.0,21,1
224472,207.0,21,1
224473,128.0,21,1
224474,175.0,21,1
224475,136.0,21,1
224476,134.0,21,1
224477,123.0,21,1
224478,178.0,21,1
224479,117.0,21,1
224480,410.0,21,1
224481,119.0,21,1
224482,227.0,21,1
224483,111.0,21,1
224484,192.0,21,1
224485,139.0,21,1
224486,189.0,21,1
224487,165.0,21,1
224488,182.0,21,1
224489,143.0,21,1
224490,219.0,21,1
224491,192.0,21,1
224492,273.0,21,1
224493,213.0,21,1
224494,232.0,21,1
224495,227.0,21,1
224496,351.0,21,1
224497,264.0,21,1
224498,323.0,21,1
224499,296.0,21,1
224500,288.0,21,1
224501,281.0,21,1
224502,252.0,21,1
224503,191.0,21,1
224504,238.0,21,1
224505,219.0,21,1
224506,216.0,21,1
224507,242.0,21,1
224508,295.0,21,1
224509,223.0,21,1
224510,354.0,21,1
224511,239.0,21,1
224512,271.0,21,1
224513,260.0,21,1
224514,294.0,21,1
224515,287.0,21,1
224516,298.0,21,1
224517,212.0,21,1
224518,242.0,21,1
224519,156.0,21,1
224520,251.0,22,1
224521,166.0,22,1
224522,256.0,22,1
224523,182.0,22,1
224524,269.0,22,1
224525,195.0,22,1
224526,191.0,22,1
224527,167.0,22,1
224528,281.0,22,1
224529,149.0,22,1
224530,152.0,22,1
224531,84.0,22,1
224532,194.0,22,1
224533,139.0,22,1
224534,181.0,22,1
224535,173.0,22,1
224536,189.0,22,1
224537,192.0,22,1
224538,207.0,22,1
224539,154.0,22,1
224540,230.0,22,1
224541,158.0,22,1
224542,200.0,22,1
224543,185.0,22,1
224544,248.0,22,1
224545,247.0,22,1
224546,247.0,22,1
224547,190.0,22,1
224548,255.0,22,1
224549,206.0,22,1
224550,238.0,22,1
224551,230.0,22,1
224552,190.0,22,1
224553,161.0,22,1
224554,223.0,22,1
224555,191.0,22,1
224556,238.0,22,1
224557,194.0,22,1
224558,310.0,22,1
224559,271.0,22,1
224560,262.0,22,1
224561,270.0,22,1
224562,288.0,22,1
224563,253.0,22,1
224564,215.0,22,1
224565,211.0,22,1
224566,242.0,22,1
224567,190.0,22,1
224568,253.0,22,1
224569,172.0,22,1
224570,214.0,22,1
224571,195.0,22,1
224572,228.0,22,1
224573,165.0,22,1
224574,223.0,22,1
224575,224.0,22,1
224576,275.0,22,1
224577,186.0,22,1
224578,243.0,22,1
224579,164.0,22,1
224580,250.0,23,1
224581,182.0,23,1
224582,364.0,23,1
224583,178.0,23,1
224584,210.0,23,1
224585,218.0,23,1
224586,240.0,23,1
224587,165.0,23,1
224588,220.0,23,1
224589,204.0,23,1
224590,167.0,23,1
224591,189.0,23,1
224592,249.0,23,1
224593,206.0,23,1
224594,228.0,23,1
224595,175.0,23,1
224596,264.0,23,1
224597,147.0,23,1
224598,244.0,23,1
224599,153.0,23,1
224600,287.0,23,1
224601,174.0,23,1
224602,24.0,23,1
224603,0.0,23,1
224604,0.0,23,1
224605,0.0,23,1
224606,1.0,23,1
224607,0.0,23,1
224608,0.0,23,1
224609,0.0,23,1
224610,0.0,23,1
224611,3.0,23,1
224612,52.0,23,1
224613,0.0,23,1
224614,0.0,23,1
224615,0.0,23,1
224616,1.0,23,1
224617,1.0,23,1
224618,0.0,23,1
224619,0.0,23,1
224620,0.0,23,1
224621,0.0,23,1
224622,1021.0,23,1
224623,1324.0,23,1
224624,1137.0,23,1
224625,1133.0,23,1
224626,1105.0,23,1
224627,987.0,23,1
224628,390.0,23,1
224629,145.0,23,1
224630,214.0,23,1
224631,214.0,23,1
224632,230.0,23,1
224633,174.0,23,1
224634,192.0,23,1
224635,216.0,23,1
224636,268.0,23,1
224637,165.0,23,1
224638,189.0,23,1
224639,151.0,23,1
224640,220.0,0,2
224641,132.0,0,2
224642,289.0,0,2
224643,142.0,0,2
224644,233.0,0,2
224645,168.0,0,2
224646,185.0,0,2
224647,166.0,0,2
224648,194.0,0,2
224649,154.0,0,2
224650,196.0,0,2
224651,207.0,0,2
224652,284.0,0,2
224653,209.0,0,2
224654,299.0,0,2
224655,189.0,0,2
224656,330.0,0,2
224657,165.0,0,2
224658,273.0,0,2
224659,152.0,0,2
224660,312.0,0,2
224661,171.0,0,2
224662,392.0,0,2
224663,190.0,0,2
224664,248.0,0,2
224665,183.0,0,2
224666,169.0,0,2
224667,186.0,0,2
224668,267.0,0,2
224669,182.0,0,2
224670,291.0,0,2
224671,159.0,0,2
224672,287.0,0,2
224673,159.0,0,2
224674,336.0,0,2
224675,209.0,0,2
224676,178.0,0,2
224677,168.0,0,2
224678,205.0,0,2
224679,191.0,0,2
224680,298.0,0,2
224681,166.0,0,2
224682,217.0,0,2
224683,155.0,0,2
224684,189.0,0,2
224685,220.0,0,2
224686,176.0,0,2
224687,183.0,0,2
224688,181.0,0,2
224689,177.0,0,2
224690,187.0,0,2
224691,167.0,0,2
224692,167.0,0,2
224693,173.0,0,2
224694,183.0,0,2
224695,168.0,0,2
224696,168.0,0,2
224697,168.0,0,2
224698,208.0,0,2
224699,171.0,0,2
224700,212.0,1,2
224701,169.0,1,2
224702,165.0,1,2
224703,186.0,1,2
224704,276.0,1,2
224705,212.0,1,2
224706,196.0,1,2
224707,116.0,1,2
224708,200.0,1,2
224709,178.0,1,2
224710,251.0,1,2
224711,193.0,1,2
224712,242.0,1,2
224713,152.0,1,2
224714,253.0,1,2
224715,155.0,1,2
224716,303.0,1,2
224717,145.0,1,2
224718,204.0,1,2
224719,131.0,1,2
224720,331.0,1,2
224721,213.0,1,2
224722,159.0,1,2
224723,126.0,1,2
224724,198.0,1,2
224725,161.0,1,2
224726,257.0,1,2
224727,158.0,1,2
224728,161.0,1,2
224729,143.0,1,2
224730,208.0,1,2
224731,168.0,1,2
224732,224.0,1,2
224733,122.0,1,2
224734,177.0,1,2
224735,169.0,1,2
224736,183.0,1,2
224737,163.0,1,2
224738,153.0,1,2
224739,103.0,1,2
224740,260.0,1,2
224741,239.0,1,2
224742,201.0,1,2
224743,106.0,1,2
224744,185.0,1,2
224745,228.0,1,2
224746,494.0,1,2
224747,176.0,1,2
224748,198.0,1,2
224749,130.0,1,2
224750,298.0,1,2
224751,140.0,1,2
224752,186.0,1,2
224753,123.0,1,2
224754,147.0,1,2
224755,140.0,1,2
224756,141.0,1,2
224757,127.0,1,2
224758,150.0,1,2
224759,110.0,1,2
224760,306.0,2,2
224761,148.0,2,2
224762,201.0,2,2
224763,113.0,2,2
224764,161.0,2,2
224765,119.0,2,2
224766,278.0,2,2
224767,117.0,2,2
224768,195.0,2,2
224769,124.0,2,2
224770,246.0,2,2
224771,129.0,2,2
224772,232.0,2,2
224773,148.0,2,2
224774,178.0,2,2
224775,154.0,2,2
224776,403.0,2,2
224777,136.0,2,2
224778,281.0,2,2
224779,169.0,2,2
224780,345.0,2,2
224781,116.0,2,2
224782,271.0,2,2
224783,176.0,2,2
224784,290.0,2,2
224785,158.0,2,2
224786,416.0,2,2
224787,180.0,2,2
224788,186.0,2,2
224789,132.0,2,2
224790,286.0,2,2
224791,130.0,2,2
224792,191.0,2,2
224793,124.0,2,2
224794,170.0,2,2
224795,161.0,2,2
224796,239.0,2,2
224797,152.0,2,2
224798,163.0,2,2
224799,126.0,2,2
224800,242.0,2,2
224801,213.0,2,2
224802,192.0,2,2
224803,146.0,2,2
224804,233.0,2,2
224805,145.0,2,2
224806,250.0,2,2
224807,127.0,2,2
224808,178.0,2,2
224809,165.0,2,2
224810,275.0,2,2
224811,153.0,2,2
224812,200.0,2,2
224813,136.0,2,2
224814,217.0,2,2
224815,164.0,2,2
224816,163.0,2,2
224817,153.0,2,2
224818,224.0,2,2
224819,126.0,2,2
224820,267.0,3,2
224821,172.0,3,2
224822,207.0,3,2
224823,159.0,3,2
224824,187.0,3,2
224825,208.0,3,2
224826,311.0,3,2
224827,208.0,3,2
224828,234.0,3,2
224829,205.0,3,2
224830,338.0,3,2
224831,195.0,3,2
224832,245.0,3,2
224833,239.0,3,2
224834,216.0,3,2
224835,191.0,3,2
224836,416.0,3,2
224837,149.0,3,2
224838,185.0,3,2
224839,163.0,3,2
224840,239.0,3,2
224841,209.0,3,2
224842,163.0,3,2
224843,114.0,3,2
224844,190.0,3,2
224845,146.0,3,2
224846,205.0,3,2
224847,173.0,3,2
224848,173.0,3,2
224849,140.0,3,2
224850,222.0,3,2
224851,135.0,3,2
224852,183.0,3,2
224853,145.0,3,2
224854,246.0,3,2
224855,122.0,3,2
224856,235.0,3,2
224857,141.0,3,2
224858,222.0,3,2
224859,169.0,3,2
224860,155.0,3,2
224861,277.0,3,2
224862,175.0,3,2
224863,160.0,3,2
224864,218.0,3,2
224865,94.0,3,2
224866,195.0,3,2
224867,173.0,3,2
224868,183.0,3,2
224869,139.0,3,2
224870,194.0,3,2
224871,171.0,3,2
224872,186.0,3,2
224873,195.0,3,2
224874,195.0,3,2
224875,135.0,3,2
224876,168.0,3,2
224877,178.0,3,2
224878,177.0,3,2
224879,187.0,3,2
224880,198.0,4,2
224881,223.0,4,2
224882,254.0,4,2
224883,167.0,4,2
224884,220.0,4,2
224885,153.0,4,2
224886,178.0,4,2
224887,178.0,4,2
224888,176.0,4,2
224889,163.0,4,2
224890,186.0,4,2
224891,121.0,4,2
224892,140.0,4,2
224893,125.0,4,2
224894,155.0,4,2
224895,104.0,4,2
224896,151.0,4,2
224897,172.0,4,2
224898,203.0,4,2
224899,187.0,4,2
224900,166.0,4,2
224901,200.0,4,2
224902,160.0,4,2
224903,174.0,4,2
224904,178.0,4,2
224905,184.0,4,2
224906,238.0,4,2
224907,178.0,4,2
224908,193.0,4,2
224909,139.0,4,2
224910,148.0,4,2
224911,168.0,4,2
224912,168.0,4,2
224913,120.0,4,2
224914,216.0,4,2
224915,178.0,4,2
224916,180.0,4,2
224917,144.0,4,2
224918,173.0,4,2
224919,155.0,4,2
224920,139.0,4,2
224921,161.0,4,2
224922,158.0,4,2
224923,155.0,4,2
224924,158.0,4,2
224925,135.0,4,2
224926,187.0,4,2
224927,158.0,4,2
224928,150.0,4,2
224929,143.0,4,2
224930,178.0,4,2
224931,143.0,4,2
224932,135.0,4,2
224933,151.0,4,2
224934,168.0,4,2
224935,116.0,4,2
224936,166.0,4,2
224937,156.0,4,2
224938,159.0,4,2
224939,153.0,4,2
224940,123.0,5,2
224941,107.0,5,2
224942,183.0,5,2
224943,123.0,5,2
224944,167.0,5,2
224945,127.0,5,2
224946,166.0,5,2
224947,168.0,5,2
224948,154.0,5,2
224949,153.0,5,2
224950,136.0,5,2
224951,133.0,5,2
224952,142.0,5,2
224953,133.0,5,2
224954,193.0,5,2
224955,118.0,5,2
224956,142.0,5,2
224957,125.0,5,2
224958,140.0,5,2
224959,143.0,5,2
224960,121.0,5,2
224961,246.0,5,2
224962,178.0,5,2
224963,189.0,5,2
224964,146.0,5,2
224965,104.0,5,2
224966,148.0,5,2
224967,141.0,5,2
224968,131.0,5,2
224969,153.0,5,2
224970,145.0,5,2
224971,141.0,5,2
224972,132.0,5,2
224973,139.0,5,2
224974,156.0,5,2
224975,133.0,5,2
224976,136.0,5,2
224977,151.0,5,2
224978,129.0,5,2
224979,149.0,5,2
224980,121.0,5,2
224981,229.0,5,2
224982,204.0,5,2
224983,97.0,5,2
224984,131.0,5,2
224985,100.0,5,2
224986,167.0,5,2
224987,139.0,5,2
224988,125.0,5,2
224989,124.0,5,2
224990,145.0,5,2
224991,139.0,5,2
224992,144.0,5,2
224993,141.0,5,2
224994,196.0,5,2
224995,128.0,5,2
224996,194.0,5,2
224997,139.0,5,2
224998,161.0,5,2
224999,123.0,5,2
225000,226.0,6,2
225001,272.0,6,2
225002,165.0,6,2
225003,135.0,6,2
225004,189.0,6,2
225005,118.0,6,2
225006,195.0,6,2
225007,124.0,6,2
225008,149.0,6,2
225009,135.0,6,2
225010,129.0,6,2
225011,149.0,6,2
225012,173.0,6,2
225013,152.0,6,2
225014,101.0,6,2
225015,108.0,6,2
225016,129.0,6,2
225017,129.0,6,2
225018,144.0,6,2
225019,132.0,6,2
225020,163.0,6,2
225021,217.0,6,2
225022,262.0,6,2
225023,242.0,6,2
225024,194.0,6,2
225025,146.0,6,2
225026,255.0,6,2
225027,213.0,6,2
225028,194.0,6,2
225029,208.0,6,2
225030,213.0,6,2
225031,194.0,6,2
225032,213.0,6,2
225033,237.0,6,2
225034,173.0,6,2
225035,173.0,6,2
225036,187.0,6,2
225037,158.0,6,2
225038,119.0,6,2
225039,162.0,6,2
225040,159.0,6,2
225041,211.0,6,2
225042,186.0,6,2
225043,169.0,6,2
225044,175.0,6,2
225045,164.0,6,2
225046,162.0,6,2
225047,124.0,6,2
225048,185.0,6,2
225049,153.0,6,2
225050,130.0,6,2
225051,167.0,6,2
225052,172.0,6,2
225053,171.0,6,2
225054,160.0,6,2
225055,126.0,6,2
225056,150.0,6,2
225057,129.0,6,2
225058,178.0,6,2
225059,140.0,6,2
225060,128.0,7,2
225061,173.0,7,2
225062,160.0,7,2
225063,113.0,7,2
225064,153.0,7,2
225065,192.0,7,2
225066,150.0,7,2
225067,135.0,7,2
225068,143.0,7,2
225069,152.0,7,2
225070,139.0,7,2
225071,107.0,7,2
225072,146.0,7,2
225073,162.0,7,2
225074,182.0,7,2
225075,152.0,7,2
225076,89.0,7,2
225077,145.0,7,2
225078,162.0,7,2
225079,167.0,7,2
225080,141.0,7,2
225081,190.0,7,2
225082,256.0,7,2
225083,192.0,7,2
225084,164.0,7,2
225085,128.0,7,2
225086,149.0,7,2
225087,169.0,7,2
225088,209.0,7,2
225089,129.0,7,2
225090,151.0,7,2
225091,133.0,7,2
225092,121.0,7,2
225093,147.0,7,2
225094,155.0,7,2
225095,150.0,7,2
225096,151.0,7,2
225097,191.0,7,2
225098,170.0,7,2
225099,138.0,7,2
225100,145.0,7,2
225101,208.0,7,2
225102,216.0,7,2
225103,138.0,7,2
225104,167.0,7,2
225105,160.0,7,2
225106,151.0,7,2
225107,171.0,7,2
225108,158.0,7,2
225109,153.0,7,2
225110,200.0,7,2
225111,176.0,7,2
225112,195.0,7,2
225113,207.0,7,2
225114,220.0,7,2
225115,131.0,7,2
225116,181.0,7,2
225117,158.0,7,2
225118,176.0,7,2
225119,154.0,7,2
225120,183.0,8,2
225121,209.0,8,2
225122,301.0,8,2
225123,200.0,8,2
225124,227.0,8,2
225125,174.0,8,2
225126,187.0,8,2
225127,188.0,8,2
225128,235.0,8,2
225129,192.0,8,2
225130,233.0,8,2
225131,152.0,8,2
225132,178.0,8,2
225133,207.0,8,2
225134,178.0,8,2
225135,203.0,8,2
225136,203.0,8,2
225137,195.0,8,2
225138,188.0,8,2
225139,136.0,8,2
225140,235.0,8,2
225141,160.0,8,2
225142,262.0,8,2
225143,114.0,8,2
225144,169.0,8,2
225145,124.0,8,2
225146,159.0,8,2
225147,151.0,8,2
225148,103.0,8,2
225149,123.0,8,2
225150,163.0,8,2
225151,143.0,8,2
225152,109.0,8,2
225153,127.0,8,2
225154,134.0,8,2
225155,140.0,8,2
225156,165.0,8,2
225157,169.0,8,2
225158,150.0,8,2
225159,139.0,8,2
225160,158.0,8,2
225161,152.0,8,2
225162,264.0,8,2
225163,134.0,8,2
225164,160.0,8,2
225165,111.0,8,2
225166,318.0,8,2
225167,204.0,8,2
225168,269.0,8,2
225169,242.0,8,2
225170,237.0,8,2
225171,262.0,8,2
225172,262.0,8,2
225173,188.0,8,2
225174,289.0,8,2
225175,258.0,8,2
225176,277.0,8,2
225177,235.0,8,2
225178,287.0,8,2
225179,230.0,8,2
225180,161.0,9,2
225181,0.0,9,2
225182,0.0,9,2
225183,0.0,9,2
225184,0.0,9,2
225185,0.0,9,2
225186,0.0,9,2
225187,0.0,9,2
225188,0.0,9,2
225189,0.0,9,2
225190,310.0,9,2
225191,746.0,9,2
225192,1068.0,9,2
225193,1043.0,9,2
225194,639.0,9,2
225195,242.0,9,2
225196,197.0,9,2
225197,223.0,9,2
225198,270.0,9,2
225199,225.0,9,2
225200,251.0,9,2
225201,205.0,9,2
225202,366.0,9,2
225203,229.0,9,2
225204,215.0,9,2
225205,255.0,9,2
225206,265.0,9,2
225207,251.0,9,2
225208,275.0,9,2
225209,227.0,9,2
225210,252.0,9,2
225211,279.0,9,2
225212,321.0,9,2
225213,243.0,9,2
225214,277.0,9,2
225215,326.0,9,2
225216,323.0,9,2
225217,273.0,9,2
225218,290.0,9,2
225219,227.0,9,2
225220,320.0,9,2
225221,222.0,9,2
225222,377.0,9,2
225223,260.0,9,2
225224,289.0,9,2
225225,213.0,9,2
225226,400.0,9,2
225227,253.0,9,2
225228,341.0,9,2
225229,222.0,9,2
225230,286.0,9,2
225231,208.0,9,2
225232,288.0,9,2
225233,271.0,9,2
225234,301.0,9,2
225235,273.0,9,2
225236,238.0,9,2
225237,287.0,9,2
225238,266.0,9,2
225239,215.0,9,2
225240,404.0,10,2
225241,245.0,10,2
225242,258.0,10,2
225243,238.0,10,2
225244,292.0,10,2
225245,208.0,10,2
225246,352.0,10,2
225247,250.0,10,2
225248,449.0,10,2
225249,296.0,10,2
225250,433.0,10,2
225251,245.0,10,2
225252,516.0,10,2
225253,306.0,10,2
225254,624.0,10,2
225255,330.0,10,2
225256,668.0,10,2
225257,339.0,10,2
225258,412.0,10,2
225259,354.0,10,2
225260,503.0,10,2
225261,359.0,10,2
225262,24.0,10,2
225263,1.0,10,2
225264,2.0,10,2
225265,5.0,10,2
225266,1.0,10,2
225267,0.0,10,2
225268,5.0,10,2
225269,12.0,10,2
225270,3.0,10,2
225271,1.0,10,2
225272,1064.0,10,2
225273,825.0,10,2
225274,1158.0,10,2
225275,1117.0,10,2
225276,1067.0,10,2
225277,292.0,10,2
225278,385.0,10,2
225279,303.0,10,2
225280,343.0,10,2
225281,286.0,10,2
225282,414.0,10,2
225283,337.0,10,2
225284,385.0,10,2
225285,245.0,10,2
225286,402.0,10,2
225287,294.0,10,2
225288,373.0,10,2
225289,228.0,10,2
225290,416.0,10,2
225291,274.0,10,2
225292,376.0,10,2
225293,317.0,10,2
225294,390.0,10,2
225295,261.0,10,2
225296,381.0,10,2
225297,253.0,10,2
225298,392.0,10,2
225299,287.0,10,2
225300,466.0,11,2
225301,318.0,11,2
225302,425.0,11,2
225303,319.0,11,2
225304,474.0,11,2
225305,306.0,11,2
225306,729.0,11,2
225307,467.0,11,2
225308,711.0,11,2
225309,247.0,11,2
225310,618.0,11,2
225311,364.0,11,2
225312,621.0,11,2
225313,373.0,11,2
225314,730.0,11,2
225315,414.0,11,2
225316,665.0,11,2
225317,331.0,11,2
225318,387.0,11,2
225319,274.0,11,2
225320,298.0,11,2
225321,324.0,11,2
225322,388.0,11,2
225323,309.0,11,2
225324,398.0,11,2
225325,355.0,11,2
225326,447.0,11,2
225327,318.0,11,2
225328,382.0,11,2
225329,268.0,11,2
225330,380.0,11,2
225331,287.0,11,2
225332,408.0,11,2
225333,316.0,11,2
225334,463.0,11,2
225335,324.0,11,2
225336,469.0,11,2
225337,303.0,11,2
225338,417.0,11,2
225339,421.0,11,2
225340,388.0,11,2
225341,294.0,11,2
225342,311.0,11,2
225343,307.0,11,2
225344,337.0,11,2
225345,388.0,11,2
225346,381.0,11,2
225347,295.0,11,2
225348,387.0,11,2
225349,276.0,11,2
225350,388.0,11,2
225351,284.0,11,2
225352,377.0,11,2
225353,256.0,11,2
225354,374.0,11,2
225355,264.0,11,2
225356,423.0,11,2
225357,286.0,11,2
225358,373.0,11,2
225359,224.0,11,2
225360,400.0,12,2
225361,360.0,12,2
225362,410.0,12,2
225363,318.0,12,2
225364,569.0,12,2
225365,279.0,12,2
225366,671.0,12,2
225367,275.0,12,2
225368,435.0,12,2
225369,302.0,12,2
225370,530.0,12,2
225371,312.0,12,2
225372,607.0,12,2
225373,355.0,12,2
225374,640.0,12,2
225375,423.0,12,2
225376,669.0,12,2
225377,321.0,12,2
225378,443.0,12,2
225379,237.0,12,2
225380,500.0,12,2
225381,368.0,12,2
225382,317.0,12,2
225383,314.0,12,2
225384,334.0,12,2
225385,313.0,12,2
225386,411.0,12,2
225387,278.0,12,2
225388,377.0,12,2
225389,280.0,12,2
225390,373.0,12,2
225391,360.0,12,2
225392,385.0,12,2
225393,324.0,12,2
225394,383.0,12,2
225395,309.0,12,2
225396,331.0,12,2
225397,345.0,12,2
225398,369.0,12,2
225399,212.0,12,2
225400,316.0,12,2
225401,231.0,12,2
225402,331.0,12,2
225403,264.0,12,2
225404,292.0,12,2
225405,300.0,12,2
225406,458.0,12,2
225407,315.0,12,2
225408,361.0,12,2
225409,285.0,12,2
225410,420.0,12,2
225411,248.0,12,2
225412,349.0,12,2
225413,256.0,12,2
225414,381.0,12,2
225415,271.0,12,2
225416,344.0,12,2
225417,279.0,12,2
225418,432.0,12,2
225419,279.0,12,2
225420,393.0,13,2
225421,246.0,13,2
225422,441.0,13,2
225423,375.0,13,2
225424,380.0,13,2
225425,295.0,13,2
225426,502.0,13,2
225427,229.0,13,2
225428,508.0,13,2
225429,222.0,13,2
225430,429.0,13,2
225431,282.0,13,2
225432,544.0,13,2
225433,248.0,13,2
225434,501.0,13,2
225435,443.0,13,2
225436,511.0,13,2
225437,574.0,13,2
225438,520.0,13,2
225439,339.0,13,2
225440,390.0,13,2
225441,303.0,13,2
225442,461.0,13,2
225443,258.0,13,2
225444,293.0,13,2
225445,295.0,13,2
225446,318.0,13,2
225447,254.0,13,2
225448,302.0,13,2
225449,234.0,13,2
225450,270.0,13,2
225451,222.0,13,2
225452,269.0,13,2
225453,212.0,13,2
225454,295.0,13,2
225455,271.0,13,2
225456,299.0,13,2
225457,284.0,13,2
225458,332.0,13,2
225459,232.0,13,2
225460,265.0,13,2
225461,223.0,13,2
225462,291.0,13,2
225463,252.0,13,2
225464,309.0,13,2
225465,292.0,13,2
225466,370.0,13,2
225467,289.0,13,2
225468,282.0,13,2
225469,234.0,13,2
225470,351.0,13,2
225471,269.0,13,2
225472,255.0,13,2
225473,262.0,13,2
225474,249.0,13,2
225475,239.0,13,2
225476,349.0,13,2
225477,204.0,13,2
225478,281.0,13,2
225479,275.0,13,2
225480,212.0,14,2
225481,251.0,14,2
225482,318.0,14,2
225483,239.0,14,2
225484,439.0,14,2
225485,379.0,14,2
225486,492.0,14,2
225487,385.0,14,2
225488,534.0,14,2
225489,315.0,14,2
225490,536.0,14,2
225491,285.0,14,2
225492,521.0,14,2
225493,491.0,14,2
225494,497.0,14,2
225495,352.0,14,2
225496,320.0,14,2
225497,231.0,14,2
225498,300.0,14,2
225499,268.0,14,2
225500,353.0,14,2
225501,296.0,14,2
225502,331.0,14,2
225503,248.0,14,2
225504,229.0,14,2
225505,218.0,14,2
225506,262.0,14,2
225507,287.0,14,2
225508,323.0,14,2
225509,249.0,14,2
225510,363.0,14,2
225511,281.0,14,2
225512,322.0,14,2
225513,277.0,14,2
225514,386.0,14,2
225515,317.0,14,2
225516,376.0,14,2
225517,313.0,14,2
225518,387.0,14,2
225519,351.0,14,2
225520,388.0,14,2
225521,271.0,14,2
225522,324.0,14,2
225523,291.0,14,2
225524,308.0,14,2
225525,343.0,14,2
225526,396.0,14,2
225527,245.0,14,2
225528,274.0,14,2
225529,231.0,14,2
225530,352.0,14,2
225531,306.0,14,2
225532,350.0,14,2
225533,326.0,14,2
225534,303.0,14,2
225535,319.0,14,2
225536,319.0,14,2
225537,208.0,14,2
225538,405.0,14,2
225539,242.0,14,2
225540,357.0,15,2
225541,224.0,15,2
225542,318.0,15,2
225543,293.0,15,2
225544,480.0,15,2
225545,330.0,15,2
225546,445.0,15,2
225547,226.0,15,2
225548,503.0,15,2
225549,232.0,15,2
225550,437.0,15,2
225551,407.0,15,2
225552,444.0,15,2
225553,569.0,15,2
225554,495.0,15,2
225555,387.0,15,2
225556,509.0,15,2
225557,369.0,15,2
225558,359.0,15,2
225559,225.0,15,2
225560,327.0,15,2
225561,338.0,15,2
225562,388.0,15,2
225563,277.0,15,2
225564,292.0,15,2
225565,251.0,15,2
225566,299.0,15,2
225567,243.0,15,2
225568,470.0,15,2
225569,282.0,15,2
225570,340.0,15,2
225571,298.0,15,2
225572,354.0,15,2
225573,308.0,15,2
225574,345.0,15,2
225575,375.0,15,2
225576,377.0,15,2
225577,404.0,15,2
225578,452.0,15,2
225579,289.0,15,2
225580,348.0,15,2
225581,381.0,15,2
225582,410.0,15,2
225583,400.0,15,2
225584,433.0,15,2
225585,304.0,15,2
225586,391.0,15,2
225587,365.0,15,2
225588,433.0,15,2
225589,379.0,15,2
225590,410.0,15,2
225591,391.0,15,2
225592,481.0,15,2
225593,439.0,15,2
225594,376.0,15,2
225595,376.0,15,2
225596,427.0,15,2
225597,362.0,15,2
225598,411.0,15,2
225599,273.0,15,2
225600,404.0,16,2
225601,410.0,16,2
225602,627.0,16,2
225603,453.0,16,2
225604,487.0,16,2
225605,438.0,16,2
225606,426.0,16,2
225607,406.0,16,2
225608,726.0,16,2
225609,369.0,16,2
225610,472.0,16,2
225611,556.0,16,2
225612,569.0,16,2
225613,608.0,16,2
225614,636.0,16,2
225615,341.0,16,2
225616,372.0,16,2
225617,324.0,16,2
225618,514.0,16,2
225619,302.0,16,2
225620,363.0,16,2
225621,371.0,16,2
225622,395.0,16,2
225623,401.0,16,2
225624,353.0,16,2
225625,355.0,16,2
225626,397.0,16,2
225627,392.0,16,2
225628,385.0,16,2
225629,339.0,16,2
225630,429.0,16,2
225631,396.0,16,2
225632,494.0,16,2
225633,358.0,16,2
225634,432.0,16,2
225635,441.0,16,2
225636,400.0,16,2
225637,315.0,16,2
225638,462.0,16,2
225639,307.0,16,2
225640,318.0,16,2
225641,385.0,16,2
225642,457.0,16,2
225643,359.0,16,2
225644,484.0,16,2
225645,382.0,16,2
225646,408.0,16,2
225647,423.0,16,2
225648,402.0,16,2
225649,339.0,16,2
225650,522.0,16,2
225651,466.0,16,2
225652,365.0,16,2
225653,314.0,16,2
225654,334.0,16,2
225655,293.0,16,2
225656,386.0,16,2
225657,432.0,16,2
225658,509.0,16,2
225659,365.0,16,2
225660,326.0,17,2
225661,244.0,17,2
225662,372.0,17,2
225663,340.0,17,2
225664,406.0,17,2
225665,289.0,17,2
225666,359.0,17,2
225667,371.0,17,2
225668,464.0,17,2
225669,551.0,17,2
225670,400.0,17,2
225671,342.0,17,2
225672,444.0,17,2
225673,320.0,17,2
225674,366.0,17,2
225675,382.0,17,2
225676,414.0,17,2
225677,301.0,17,2
225678,391.0,17,2
225679,293.0,17,2
225680,386.0,17,2
225681,403.0,17,2
225682,572.0,17,2
225683,505.0,17,2
225684,423.0,17,2
225685,469.0,17,2
225686,360.0,17,2
225687,398.0,17,2
225688,408.0,17,2
225689,380.0,17,2
225690,483.0,17,2
225691,445.0,17,2
225692,481.0,17,2
225693,385.0,17,2
225694,442.0,17,2
225695,465.0,17,2
225696,483.0,17,2
225697,362.0,17,2
225698,453.0,17,2
225699,362.0,17,2
225700,413.0,17,2
225701,366.0,17,2
225702,450.0,17,2
225703,395.0,17,2
225704,476.0,17,2
225705,352.0,17,2
225706,546.0,17,2
225707,435.0,17,2
225708,438.0,17,2
225709,340.0,17,2
225710,486.0,17,2
225711,454.0,17,2
225712,460.0,17,2
225713,313.0,17,2
225714,400.0,17,2
225715,374.0,17,2
225716,425.0,17,2
225717,356.0,17,2
225718,432.0,17,2
225719,400.0,17,2
225720,444.0,18,2
225721,386.0,18,2
225722,438.0,18,2
225723,262.0,18,2
225724,357.0,18,2
225725,472.0,18,2
225726,468.0,18,2
225727,382.0,18,2
225728,447.0,18,2
225729,353.0,18,2
225730,425.0,18,2
225731,359.0,18,2
225732,385.0,18,2
225733,341.0,18,2
225734,468.0,18,2
225735,426.0,18,2
225736,411.0,18,2
225737,407.0,18,2
225738,447.0,18,2
225739,277.0,18,2
225740,414.0,18,2
225741,391.0,18,2
225742,59.0,18,2
225743,0.0,18,2
225744,3.0,18,2
225745,1.0,18,2
225746,2.0,18,2
225747,5.0,18,2
225748,3.0,18,2
225749,8.0,18,2
225750,0.0,18,2
225751,4.0,18,2
225752,1338.0,18,2
225753,1987.0,18,2
225754,1667.0,18,2
225755,405.0,18,2
225756,534.0,18,2
225757,354.0,18,2
225758,560.0,18,2
225759,662.0,18,2
225760,478.0,18,2
225761,403.0,18,2
225762,423.0,18,2
225763,450.0,18,2
225764,480.0,18,2
225765,549.0,18,2
225766,588.0,18,2
225767,418.0,18,2
225768,438.0,18,2
225769,390.0,18,2
225770,525.0,18,2
225771,450.0,18,2
225772,491.0,18,2
225773,416.0,18,2
225774,444.0,18,2
225775,380.0,18,2
225776,428.0,18,2
225777,353.0,18,2
225778,463.0,18,2
225779,262.0,18,2
225780,348.0,19,2
225781,363.0,19,2
225782,374.0,19,2
225783,319.0,19,2
225784,369.0,19,2
225785,266.0,19,2
225786,428.0,19,2
225787,357.0,19,2
225788,385.0,19,2
225789,350.0,19,2
225790,404.0,19,2
225791,341.0,19,2
225792,378.0,19,2
225793,316.0,19,2
225794,356.0,19,2
225795,328.0,19,2
225796,419.0,19,2
225797,337.0,19,2
225798,297.0,19,2
225799,316.0,19,2
225800,425.0,19,2
225801,388.0,19,2
225802,351.0,19,2
225803,301.0,19,2
225804,403.0,19,2
225805,293.0,19,2
225806,317.0,19,2
225807,260.0,19,2
225808,306.0,19,2
225809,289.0,19,2
225810,416.0,19,2
225811,358.0,19,2
225812,371.0,19,2
225813,335.0,19,2
225814,355.0,19,2
225815,350.0,19,2
225816,382.0,19,2
225817,377.0,19,2
225818,424.0,19,2
225819,253.0,19,2
225820,322.0,19,2
225821,272.0,19,2
225822,322.0,19,2
225823,280.0,19,2
225824,405.0,19,2
225825,326.0,19,2
225826,384.0,19,2
225827,271.0,19,2
225828,341.0,19,2
225829,297.0,19,2
225830,462.0,19,2
225831,420.0,19,2
225832,262.0,19,2
225833,357.0,19,2
225834,385.0,19,2
225835,277.0,19,2
225836,334.0,19,2
225837,269.0,19,2
225838,369.0,19,2
225839,284.0,19,2
225840,297.0,20,2
225841,280.0,20,2
225842,387.0,20,2
225843,250.0,20,2
225844,328.0,20,2
225845,303.0,20,2
225846,373.0,20,2
225847,218.0,20,2
225848,322.0,20,2
225849,281.0,20,2
225850,285.0,20,2
225851,257.0,20,2
225852,207.0,20,2
225853,219.0,20,2
225854,328.0,20,2
225855,304.0,20,2
225856,268.0,20,2
225857,405.0,20,2
225858,300.0,20,2
225859,363.0,20,2
225860,322.0,20,2
225861,335.0,20,2
225862,332.0,20,2
225863,328.0,20,2
225864,259.0,20,2
225865,298.0,20,2
225866,236.0,20,2
225867,315.0,20,2
225868,229.0,20,2
225869,294.0,20,2
225870,285.0,20,2
225871,306.0,20,2
225872,32.0,20,2
225873,0.0,20,2
225874,0.0,20,2
225875,0.0,20,2
225876,0.0,20,2
225877,0.0,20,2
225878,0.0,20,2
225879,443.0,20,2
225880,1033.0,20,2
225881,643.0,20,2
225882,457.0,20,2
225883,352.0,20,2
225884,329.0,20,2
225885,230.0,20,2
225886,377.0,20,2
225887,318.0,20,2
225888,349.0,20,2
225889,331.0,20,2
225890,380.0,20,2
225891,358.0,20,2
225892,369.0,20,2
225893,329.0,20,2
225894,398.0,20,2
225895,401.0,20,2
225896,435.0,20,2
225897,360.0,20,2
225898,403.0,20,2
225899,360.0,20,2
225900,434.0,21,2
225901,288.0,21,2
225902,340.0,21,2
225903,258.0,21,2
225904,298.0,21,2
225905,293.0,21,2
225906,251.0,21,2
225907,227.0,21,2
225908,266.0,21,2
225909,163.0,21,2
225910,319.0,21,2
225911,235.0,21,2
225912,287.0,21,2
225913,284.0,21,2
225914,261.0,21,2
225915,257.0,21,2
225916,276.0,21,2
225917,222.0,21,2
225918,188.0,21,2
225919,184.0,21,2
225920,310.0,21,2
225921,251.0,21,2
225922,340.0,21,2
225923,256.0,21,2
225924,338.0,21,2
225925,308.0,21,2
225926,306.0,21,2
225927,335.0,21,2
225928,354.0,21,2
225929,289.0,21,2
225930,307.0,21,2
225931,332.0,21,2
225932,350.0,21,2
225933,295.0,21,2
225934,304.0,21,2
225935,333.0,21,2
225936,298.0,21,2
225937,250.0,21,2
225938,252.0,21,2
225939,251.0,21,2
225940,260.0,21,2
225941,270.0,21,2
225942,249.0,21,2
225943,254.0,21,2
225944,238.0,21,2
225945,286.0,21,2
225946,251.0,21,2
225947,260.0,21,2
225948,243.0,21,2
225949,381.0,21,2
225950,220.0,21,2
225951,245.0,21,2
225952,214.0,21,2
225953,372.0,21,2
225954,271.0,21,2
225955,307.0,21,2
225956,250.0,21,2
225957,404.0,21,2
225958,244.0,21,2
225959,366.0,21,2
225960,234.0,22,2
225961,315.0,22,2
225962,258.0,22,2
225963,317.0,22,2
225964,193.0,22,2
225965,63.0,22,2
225966,0.0,22,2
225967,0.0,22,2
225968,254.0,22,2
225969,836.0,22,2
225970,364.0,22,2
225971,396.0,22,2
225972,360.0,22,2
225973,353.0,22,2
225974,315.0,22,2
225975,351.0,22,2
225976,290.0,22,2
225977,289.0,22,2
225978,316.0,22,2
225979,369.0,22,2
225980,390.0,22,2
225981,421.0,22,2
225982,22.0,22,2
225983,0.0,22,2
225984,1.0,22,2
225985,1.0,22,2
225986,1.0,22,2
225987,0.0,22,2
225988,0.0,22,2
225989,0.0,22,2
225990,0.0,22,2
225991,2.0,22,2
225992,1370.0,22,2
225993,1791.0,22,2
225994,1304.0,22,2
225995,306.0,22,2
225996,276.0,22,2
225997,384.0,22,2
225998,296.0,22,2
225999,264.0,22,2
226000,214.0,22,2
226001,230.0,22,2
226002,173.0,22,2
226003,359.0,22,2
226004,245.0,22,2
226005,326.0,22,2
226006,268.0,22,2
226007,349.0,22,2
226008,261.0,22,2
226009,359.0,22,2
226010,360.0,22,2
226011,405.0,22,2
226012,362.0,22,2
226013,438.0,22,2
226014,319.0,22,2
226015,455.0,22,2
226016,349.0,22,2
226017,353.0,22,2
226018,259.0,22,2
226019,322.0,22,2
226020,244.0,23,2
226021,421.0,23,2
226022,295.0,23,2
226023,339.0,23,2
226024,307.0,23,2
226025,338.0,23,2
226026,313.0,23,2
226027,377.0,23,2
226028,293.0,23,2
226029,307.0,23,2
226030,337.0,23,2
226031,361.0,23,2
226032,307.0,23,2
226033,274.0,23,2
226034,289.0,23,2
226035,302.0,23,2
226036,210.0,23,2
226037,345.0,23,2
226038,311.0,23,2
226039,333.0,23,2
226040,354.0,23,2
226041,363.0,23,2
226042,246.0,23,2
226043,394.0,23,2
226044,359.0,23,2
226045,390.0,23,2
226046,386.0,23,2
226047,358.0,23,2
226048,402.0,23,2
226049,428.0,23,2
226050,692.0,23,2
226051,1971.0,23,2
226052,1044.0,23,2
226053,427.0,23,2
226054,350.0,23,2
226055,390.0,23,2
226056,415.0,23,2
226057,379.0,23,2
226058,424.0,23,2
226059,439.0,23,2
226060,327.0,23,2
226061,556.0,23,2
226062,336.0,23,2
226063,416.0,23,2
226064,393.0,23,2
226065,371.0,23,2
226066,368.0,23,2
226067,419.0,23,2
226068,446.0,23,2
226069,420.0,23,2
226070,394.0,23,2
226071,408.0,23,2
226072,356.0,23,2
226073,407.0,23,2
226074,372.0,23,2
226075,377.0,23,2
226076,364.0,23,2
226077,400.0,23,2
226078,379.0,23,2
226079,468.0,23,2
226080,399.0,0,3
226081,587.0,0,3
226082,18.0,0,3
226083,0.0,0,3
226084,0.0,0,3
226085,0.0,0,3
226086,0.0,0,3
226087,0.0,0,3
226088,0.0,0,3
226089,0.0,0,3
226090,0.0,0,3
226091,2.0,0,3
226092,1559.0,0,3
226093,2207.0,0,3
226094,2012.0,0,3
226095,461.0,0,3
226096,476.0,0,3
226097,465.0,0,3
226098,405.0,0,3
226099,336.0,0,3
226100,349.0,0,3
226101,490.0,0,3
226102,340.0,0,3
226103,303.0,0,3
226104,334.0,0,3
226105,354.0,0,3
226106,323.0,0,3
226107,331.0,0,3
226108,309.0,0,3
226109,300.0,0,3
226110,285.0,0,3
226111,296.0,0,3
226112,359.0,0,3
226113,303.0,0,3
226114,333.0,0,3
226115,315.0,0,3
226116,314.0,0,3
226117,408.0,0,3
226118,341.0,0,3
226119,357.0,0,3
226120,336.0,0,3
226121,400.0,0,3
226122,335.0,0,3
226123,316.0,0,3
226124,274.0,0,3
226125,318.0,0,3
226126,302.0,0,3
226127,317.0,0,3
226128,322.0,0,3
226129,353.0,0,3
226130,337.0,0,3
226131,315.0,0,3
226132,331.0,0,3
226133,321.0,0,3
226134,277.0,0,3
226135,294.0,0,3
226136,270.0,0,3
226137,332.0,0,3
226138,242.0,0,3
226139,246.0,0,3
226140,223.0,1,3
226141,309.0,1,3
226142,184.0,1,3
226143,154.0,1,3
226144,208.0,1,3
226145,202.0,1,3
226146,138.0,1,3
226147,129.0,1,3
226148,96.0,1,3
226149,148.0,1,3
226150,151.0,1,3
226151,207.0,1,3
226152,158.0,1,3
226153,163.0,1,3
226154,108.0,1,3
226155,181.0,1,3
226156,132.0,1,3
226157,155.0,1,3
226158,121.0,1,3
226159,139.0,1,3
226160,146.0,1,3
226161,202.0,1,3
226162,180.0,1,3
226163,133.0,1,3
226164,121.0,1,3
226165,123.0,1,3
226166,130.0,1,3
226167,117.0,1,3
226168,114.0,1,3
226169,70.0,1,3
226170,136.0,1,3
226171,72.0,1,3
226172,118.0,1,3
226173,61.0,1,3
226174,46.0,1,3
226175,97.0,1,3
226176,37.0,1,3
226177,51.0,1,3
226178,68.0,1,3
226179,93.0,1,3
226180,161.0,1,3
226181,183.0,1,3
226182,135.0,1,3
226183,111.0,1,3
226184,88.0,1,3
226185,231.0,1,3
226186,135.0,1,3
226187,78.0,1,3
226188,117.0,1,3
226189,119.0,1,3
226190,89.0,1,3
226191,88.0,1,3
226192,81.0,1,3
226193,103.0,1,3
226194,91.0,1,3
226195,116.0,1,3
226196,81.0,1,3
226197,76.0,1,3
226198,72.0,1,3
226199,68.0,1,3
226200,121.0,2,3
226201,103.0,2,3
226202,75.0,2,3
226203,124.0,2,3
226204,93.0,2,3
226205,156.0,2,3
226206,101.0,2,3
226207,85.0,2,3
226208,88.0,2,3
226209,77.0,2,3
226210,90.0,2,3
226211,104.0,2,3
226212,102.0,2,3
226213,113.0,2,3
226214,104.0,2,3
226215,180.0,2,3
226216,116.0,2,3
226217,118.0,2,3
226218,58.0,2,3
226219,105.0,2,3
226220,69.0,2,3
226221,82.0,2,3
226222,187.0,2,3
226223,93.0,2,3
226224,88.0,2,3
226225,136.0,2,3
226226,102.0,2,3
226227,103.0,2,3
226228,91.0,2,3
226229,96.0,2,3
226230,103.0,2,3
226231,119.0,2,3
226232,91.0,2,3
226233,76.0,2,3
226234,147.0,2,3
226235,131.0,2,3
226236,113.0,2,3
226237,186.0,2,3
226238,180.0,2,3
226239,184.0,2,3
226240,208.0,2,3
226241,219.0,2,3
226242,344.0,2,3
226243,224.0,2,3
226244,193.0,2,3
226245,223.0,2,3
226246,284.0,2,3
226247,234.0,2,3
226248,170.0,2,3
226249,204.0,2,3
226250,185.0,2,3
226251,197.0,2,3
226252,134.0,2,3
226253,144.0,2,3
226254,133.0,2,3
226255,165.0,2,3
226256,184.0,2,3
226257,128.0,2,3
226258,84.0,2,3
226259,74.0,2,3
226260,80.0,3,3
226261,212.0,3,3
226262,239.0,3,3
226263,156.0,3,3
226264,92.0,3,3
226265,171.0,3,3
226266,245.0,3,3
226267,123.0,3,3
226268,133.0,3,3
226269,156.0,3,3
226270,158.0,3,3
226271,228.0,3,3
226272,160.0,3,3
226273,124.0,3,3
226274,99.0,3,3
226275,156.0,3,3
226276,151.0,3,3
226277,122.0,3,3
226278,131.0,3,3
226279,102.0,3,3
226280,99.0,3,3
226281,215.0,3,3
226282,258.0,3,3
226283,240.0,3,3
226284,153.0,3,3
226285,160.0,3,3
226286,126.0,3,3
226287,102.0,3,3
226288,117.0,3,3
226289,152.0,3,3
226290,149.0,3,3
226291,141.0,3,3
226292,153.0,3,3
226293,141.0,3,3
226294,129.0,3,3
226295,98.0,3,3
226296,170.0,3,3
226297,131.0,3,3
226298,108.0,3,3
226299,113.0,3,3
226300,101.0,3,3
226301,166.0,3,3
226302,202.0,3,3
226303,132.0,3,3
226304,122.0,3,3
226305,126.0,3,3
226306,104.0,3,3
226307,113.0,3,3
226308,65.0,3,3
226309,80.0,3,3
226310,106.0,3,3
226311,140.0,3,3
226312,63.0,3,3
226313,66.0,3,3
226314,68.0,3,3
226315,71.0,3,3
226316,85.0,3,3
226317,49.0,3,3
226318,35.0,3,3
226319,54.0,3,3
226320,72.0,4,3
226321,169.0,4,3
226322,165.0,4,3
226323,102.0,4,3
226324,102.0,4,3
226325,155.0,4,3
226326,111.0,4,3
226327,96.0,4,3
226328,54.0,4,3
226329,34.0,4,3
226330,87.0,4,3
226331,136.0,4,3
226332,70.0,4,3
226333,87.0,4,3
226334,85.0,4,3
226335,82.0,4,3
226336,77.0,4,3
226337,62.0,4,3
226338,54.0,4,3
226339,52.0,4,3
226340,186.0,4,3
226341,146.0,4,3
226342,80.0,4,3
226343,83.0,4,3
226344,68.0,4,3
226345,173.0,4,3
226346,97.0,4,3
226347,52.0,4,3
226348,40.0,4,3
226349,56.0,4,3
226350,58.0,4,3
226351,160.0,4,3
226352,40.0,4,3
226353,55.0,4,3
226354,57.0,4,3
226355,177.0,4,3
226356,55.0,4,3
226357,56.0,4,3
226358,68.0,4,3
226359,42.0,4,3
226360,125.0,4,3
226361,97.0,4,3
226362,68.0,4,3
226363,82.0,4,3
226364,74.0,4,3
226365,81.0,4,3
226366,57.0,4,3
226367,60.0,4,3
226368,48.0,4,3
226369,28.0,4,3
226370,72.0,4,3
226371,102.0,4,3
226372,34.0,4,3
226373,36.0,4,3
226374,55.0,4,3
226375,114.0,4,3
226376,69.0,4,3
226377,59.0,4,3
226378,61.0,4,3
226379,52.0,4,3
226380,48.0,5,3
226381,50.0,5,3
226382,44.0,5,3
226383,72.0,5,3
226384,88.0,5,3
226385,138.0,5,3
226386,68.0,5,3
226387,51.0,5,3
226388,21.0,5,3
226389,68.0,5,3
226390,65.0,5,3
226391,71.0,5,3
226392,48.0,5,3
226393,43.0,5,3
226394,54.0,5,3
226395,109.0,5,3
226396,61.0,5,3
226397,42.0,5,3
226398,34.0,5,3
226399,25.0,5,3
226400,88.0,5,3
226401,92.0,5,3
226402,28.0,5,3
226403,32.0,5,3
226404,39.0,5,3
226405,46.0,5,3
226406,54.0,5,3
226407,50.0,5,3
226408,39.0,5,3
226409,54.0,5,3
226410,64.0,5,3
226411,25.0,5,3
226412,5.0,5,3
226413,8.0,5,3
226414,14.0,5,3
226415,28.0,5,3
226416,7.0,5,3
226417,9.0,5,3
226418,13.0,5,3
226419,5.0,5,3
226420,163.0,5,3
226421,256.0,5,3
226422,97.0,5,3
226423,58.0,5,3
226424,46.0,5,3
226425,49.0,5,3
226426,37.0,5,3
226427,39.0,5,3
226428,30.0,5,3
226429,50.0,5,3
226430,55.0,5,3
226431,109.0,5,3
226432,67.0,5,3
226433,76.0,5,3
226434,69.0,5,3
226435,109.0,5,3
226436,86.0,5,3
226437,122.0,5,3
226438,154.0,5,3
226439,155.0,5,3
226440,138.0,6,3
226441,268.0,6,3
226442,155.0,6,3
226443,153.0,6,3
226444,192.0,6,3
226445,175.0,6,3
226446,188.0,6,3
226447,83.0,6,3
226448,57.0,6,3
226449,67.0,6,3
226450,57.0,6,3
226451,213.0,6,3
226452,96.0,6,3
226453,90.0,6,3
226454,85.0,6,3
226455,122.0,6,3
226456,113.0,6,3
226457,70.0,6,3
226458,62.0,6,3
226459,47.0,6,3
226460,82.0,6,3
226461,162.0,6,3
226462,55.0,6,3
226463,65.0,6,3
226464,69.0,6,3
226465,61.0,6,3
226466,123.0,6,3
226467,72.0,6,3
226468,59.0,6,3
226469,69.0,6,3
226470,71.0,6,3
226471,107.0,6,3
226472,74.0,6,3
226473,40.0,6,3
226474,64.0,6,3
226475,130.0,6,3
226476,160.0,6,3
226477,181.0,6,3
226478,65.0,6,3
226479,85.0,6,3
226480,74.0,6,3
226481,177.0,6,3
226482,127.0,6,3
226483,111.0,6,3
226484,105.0,6,3
226485,144.0,6,3
226486,149.0,6,3
226487,108.0,6,3
226488,85.0,6,3
226489,99.0,6,3
226490,100.0,6,3
226491,89.0,6,3
226492,97.0,6,3
226493,92.0,6,3
226494,86.0,6,3
226495,116.0,6,3
226496,151.0,6,3
226497,127.0,6,3
226498,74.0,6,3
226499,98.0,6,3
226500,111.0,7,3
226501,238.0,7,3
226502,124.0,7,3
226503,117.0,7,3
226504,127.0,7,3
226505,182.0,7,3
226506,117.0,7,3
226507,99.0,7,3
226508,96.0,7,3
226509,110.0,7,3
226510,101.0,7,3
226511,99.0,7,3
226512,27.0,7,3
226513,126.0,7,3
226514,74.0,7,3
226515,109.0,7,3
226516,142.0,7,3
226517,124.0,7,3
226518,66.0,7,3
226519,71.0,7,3
226520,50.0,7,3
226521,225.0,7,3
226522,91.0,7,3
226523,62.0,7,3
226524,67.0,7,3
226525,94.0,7,3
226526,152.0,7,3
226527,120.0,7,3
226528,76.0,7,3
226529,92.0,7,3
226530,90.0,7,3
226531,156.0,7,3
226532,127.0,7,3
226533,59.0,7,3
226534,66.0,7,3
226535,285.0,7,3
226536,119.0,7,3
226537,88.0,7,3
226538,82.0,7,3
226539,51.0,7,3
226540,86.0,7,3
226541,183.0,7,3
226542,77.0,7,3
226543,36.0,7,3
226544,124.0,7,3
226545,108.0,7,3
226546,105.0,7,3
226547,103.0,7,3
226548,68.0,7,3
226549,72.0,7,3
226550,138.0,7,3
226551,120.0,7,3
226552,58.0,7,3
226553,109.0,7,3
226554,154.0,7,3
226555,154.0,7,3
226556,194.0,7,3
226557,134.0,7,3
226558,121.0,7,3
226559,98.0,7,3
226560,146.0,8,3
226561,239.0,8,3
226562,114.0,8,3
226563,120.0,8,3
226564,91.0,8,3
226565,210.0,8,3
226566,168.0,8,3
226567,96.0,8,3
226568,83.0,8,3
226569,127.0,8,3
226570,117.0,8,3
226571,156.0,8,3
226572,97.0,8,3
226573,96.0,8,3
226574,20.0,8,3
226575,189.0,8,3
226576,81.0,8,3
226577,97.0,8,3
226578,59.0,8,3
226579,135.0,8,3
226580,259.0,8,3
226581,309.0,8,3
226582,77.0,8,3
226583,117.0,8,3
226584,101.0,8,3
226585,201.0,8,3
226586,92.0,8,3
226587,49.0,8,3
226588,24.0,8,3
226589,81.0,8,3
226590,188.0,8,3
226591,272.0,8,3
226592,180.0,8,3
226593,231.0,8,3
226594,175.0,8,3
226595,303.0,8,3
226596,156.0,8,3
226597,188.0,8,3
226598,147.0,8,3
226599,155.0,8,3
226600,206.0,8,3
226601,319.0,8,3
226602,150.0,8,3
226603,150.0,8,3
226604,121.0,8,3
226605,203.0,8,3
226606,174.0,8,3
226607,132.0,8,3
226608,110.0,8,3
226609,154.0,8,3
226610,244.0,8,3
226611,282.0,8,3
226612,154.0,8,3
226613,152.0,8,3
226614,125.0,8,3
226615,207.0,8,3
226616,163.0,8,3
226617,134.0,8,3
226618,94.0,8,3
226619,98.0,8,3
226620,162.0,9,3
226621,267.0,9,3
226622,136.0,9,3
226623,141.0,9,3
226624,113.0,9,3
226625,148.0,9,3
226626,0.0,9,3
226627,0.0,9,3
226628,72.0,9,3
226629,0.0,9,3
226630,0.0,9,3
226631,5.0,9,3
226632,0.0,9,3
226633,0.0,9,3
226634,13.0,9,3
226635,651.0,9,3
226636,1018.0,9,3
226637,439.0,9,3
226638,275.0,9,3
226639,358.0,9,3
226640,254.0,9,3
226641,453.0,9,3
226642,220.0,9,3
226643,271.0,9,3
226644,209.0,9,3
226645,376.0,9,3
226646,360.0,9,3
226647,285.0,9,3
226648,205.0,9,3
226649,229.0,9,3
226650,66.0,9,3
226651,139.0,9,3
226652,86.0,9,3
226653,194.0,9,3
226654,56.0,9,3
226655,188.0,9,3
226656,61.0,9,3
226657,169.0,9,3
226658,89.0,9,3
226659,553.0,9,3
226660,411.0,9,3
226661,446.0,9,3
226662,539.0,9,3
226663,536.0,9,3
226664,287.0,9,3
226665,467.0,9,3
226666,323.0,9,3
226667,432.0,9,3
226668,323.0,9,3
226669,204.0,9,3
226670,2.0,9,3
226671,2.0,9,3
226672,7.0,9,3
226673,34.0,9,3
226674,5.0,9,3
226675,2.0,9,3
226676,3.0,9,3
226677,7.0,9,3
226678,9.0,9,3
226679,1144.0,9,3
226680,2133.0,10,3
226681,653.0,10,3
226682,223.0,10,3
226683,357.0,10,3
226684,251.0,10,3
226685,371.0,10,3
226686,275.0,10,3
226687,480.0,10,3
226688,191.0,10,3
226689,561.0,10,3
226690,327.0,10,3
226691,607.0,10,3
226692,331.0,10,3
226693,545.0,10,3
226694,200.0,10,3
226695,824.0,10,3
226696,360.0,10,3
226697,747.0,10,3
226698,203.0,10,3
226699,584.0,10,3
226700,333.0,10,3
226701,425.0,10,3
226702,376.0,10,3
226703,445.0,10,3
226704,308.0,10,3
226705,559.0,10,3
226706,422.0,10,3
226707,421.0,10,3
226708,383.0,10,3
226709,429.0,10,3
226710,366.0,10,3
226711,435.0,10,3
226712,348.0,10,3
226713,504.0,10,3
226714,304.0,10,3
226715,540.0,10,3
226716,339.0,10,3
226717,394.0,10,3
226718,323.0,10,3
226719,417.0,10,3
226720,412.0,10,3
226721,427.0,10,3
226722,314.0,10,3
226723,497.0,10,3
226724,266.0,10,3
226725,484.0,10,3
226726,404.0,10,3
226727,489.0,10,3
226728,342.0,10,3
226729,432.0,10,3
226730,329.0,10,3
226731,531.0,10,3
226732,340.0,10,3
226733,345.0,10,3
226734,374.0,10,3
226735,425.0,10,3
226736,318.0,10,3
226737,368.0,10,3
226738,301.0,10,3
226739,307.0,10,3
226740,233.0,11,3
226741,332.0,11,3
226742,223.0,11,3
226743,393.0,11,3
226744,261.0,11,3
226745,686.0,11,3
226746,333.0,11,3
226747,679.0,11,3
226748,339.0,11,3
226749,852.0,11,3
226750,333.0,11,3
226751,859.0,11,3
226752,314.0,11,3
226753,807.0,11,3
226754,310.0,11,3
226755,839.0,11,3
226756,494.0,11,3
226757,628.0,11,3
226758,427.0,11,3
226759,434.0,11,3
226760,296.0,11,3
226761,511.0,11,3
226762,393.0,11,3
226763,500.0,11,3
226764,479.0,11,3
226765,588.0,11,3
226766,405.0,11,3
226767,623.0,11,3
226768,447.0,11,3
226769,445.0,11,3
226770,416.0,11,3
226771,447.0,11,3
226772,372.0,11,3
226773,520.0,11,3
226774,288.0,11,3
226775,469.0,11,3
226776,414.0,11,3
226777,427.0,11,3
226778,393.0,11,3
226779,386.0,11,3
226780,327.0,11,3
226781,397.0,11,3
226782,16.0,11,3
226783,3.0,11,3
226784,14.0,11,3
226785,1.0,11,3
226786,2.0,11,3
226787,5.0,11,3
226788,7.0,11,3
226789,1.0,11,3
226790,0.0,11,3
226791,3.0,11,3
226792,1221.0,11,3
226793,2278.0,11,3
226794,1526.0,11,3
226795,486.0,11,3
226796,405.0,11,3
226797,433.0,11,3
226798,351.0,11,3
226799,466.0,11,3
226800,343.0,12,3
226801,469.0,12,3
226802,276.0,12,3
226803,483.0,12,3
226804,370.0,12,3
226805,550.0,12,3
226806,299.0,12,3
226807,472.0,12,3
226808,335.0,12,3
226809,793.0,12,3
226810,313.0,12,3
226811,865.0,12,3
226812,346.0,12,3
226813,696.0,12,3
226814,316.0,12,3
226815,668.0,12,3
226816,340.0,12,3
226817,668.0,12,3
226818,281.0,12,3
226819,538.0,12,3
226820,334.0,12,3
226821,536.0,12,3
226822,260.0,12,3
226823,492.0,12,3
226824,334.0,12,3
226825,380.0,12,3
226826,312.0,12,3
226827,378.0,12,3
226828,379.0,12,3
226829,427.0,12,3
226830,330.0,12,3
226831,449.0,12,3
226832,350.0,12,3
226833,527.0,12,3
226834,279.0,12,3
226835,443.0,12,3
226836,416.0,12,3
226837,379.0,12,3
226838,326.0,12,3
226839,343.0,12,3
226840,424.0,12,3
226841,461.0,12,3
226842,357.0,12,3
226843,522.0,12,3
226844,428.0,12,3
226845,446.0,12,3
226846,414.0,12,3
226847,384.0,12,3
226848,318.0,12,3
226849,488.0,12,3
226850,399.0,12,3
226851,653.0,12,3
226852,380.0,12,3
226853,427.0,12,3
226854,402.0,12,3
226855,459.0,12,3
226856,290.0,12,3
226857,388.0,12,3
226858,187.0,12,3
226859,195.0,12,3
226860,70.0,13,3
226861,240.0,13,3
226862,210.0,13,3
226863,307.0,13,3
226864,99.0,13,3
226865,424.0,13,3
226866,123.0,13,3
226867,374.0,13,3
226868,102.0,13,3
226869,539.0,13,3
226870,143.0,13,3
226871,460.0,13,3
226872,136.0,13,3
226873,532.0,13,3
226874,253.0,13,3
226875,732.0,13,3
226876,336.0,13,3
226877,812.0,13,3
226878,405.0,13,3
226879,620.0,13,3
226880,495.0,13,3
226881,609.0,13,3
226882,429.0,13,3
226883,564.0,13,3
226884,428.0,13,3
226885,519.0,13,3
226886,398.0,13,3
226887,523.0,13,3
226888,366.0,13,3
226889,456.0,13,3
226890,337.0,13,3
226891,525.0,13,3
226892,392.0,13,3
226893,568.0,13,3
226894,392.0,13,3
226895,531.0,13,3
226896,337.0,13,3
226897,497.0,13,3
226898,288.0,13,3
226899,379.0,13,3
226900,353.0,13,3
226901,456.0,13,3
226902,353.0,13,3
226903,407.0,13,3
226904,292.0,13,3
226905,510.0,13,3
226906,309.0,13,3
226907,434.0,13,3
226908,348.0,13,3
226909,429.0,13,3
226910,310.0,13,3
226911,528.0,13,3
226912,300.0,13,3
226913,390.0,13,3
226914,297.0,13,3
226915,400.0,13,3
226916,275.0,13,3
226917,413.0,13,3
226918,269.0,13,3
226919,390.0,13,3
226920,278.0,14,3
226921,379.0,14,3
226922,220.0,14,3
226923,533.0,14,3
226924,268.0,14,3
226925,611.0,14,3
226926,321.0,14,3
226927,552.0,14,3
226928,301.0,14,3
226929,576.0,14,3
226930,373.0,14,3
226931,738.0,14,3
226932,296.0,14,3
226933,680.0,14,3
226934,327.0,14,3
226935,708.0,14,3
226936,290.0,14,3
226937,531.0,14,3
226938,240.0,14,3
226939,384.0,14,3
226940,301.0,14,3
226941,433.0,14,3
226942,298.0,14,3
226943,342.0,14,3
226944,272.0,14,3
226945,416.0,14,3
226946,343.0,14,3
226947,355.0,14,3
226948,307.0,14,3
226949,321.0,14,3
226950,344.0,14,3
226951,289.0,14,3
226952,238.0,14,3
226953,285.0,14,3
226954,243.0,14,3
226955,408.0,14,3
226956,327.0,14,3
226957,379.0,14,3
226958,281.0,14,3
226959,376.0,14,3
226960,449.0,14,3
226961,458.0,14,3
226962,274.0,14,3
226963,294.0,14,3
226964,281.0,14,3
226965,295.0,14,3
226966,299.0,14,3
226967,321.0,14,3
226968,285.0,14,3
226969,361.0,14,3
226970,355.0,14,3
226971,446.0,14,3
226972,277.0,14,3
226973,352.0,14,3
226974,288.0,14,3
226975,337.0,14,3
226976,311.0,14,3
226977,285.0,14,3
226978,282.0,14,3
226979,226.0,14,3
226980,329.0,15,3
226981,471.0,15,3
226982,299.0,15,3
226983,350.0,15,3
226984,406.0,15,3
226985,372.0,15,3
226986,316.0,15,3
226987,666.0,15,3
226988,360.0,15,3
226989,627.0,15,3
226990,349.0,15,3
226991,699.0,15,3
226992,365.0,15,3
226993,677.0,15,3
226994,381.0,15,3
226995,740.0,15,3
226996,376.0,15,3
226997,607.0,15,3
226998,401.0,15,3
226999,480.0,15,3
227000,450.0,15,3
227001,421.0,15,3
227002,326.0,15,3
227003,460.0,15,3
227004,353.0,15,3
227005,430.0,15,3
227006,405.0,15,3
227007,384.0,15,3
227008,291.0,15,3
227009,401.0,15,3
227010,343.0,15,3
227011,390.0,15,3
227012,314.0,15,3
227013,438.0,15,3
227014,361.0,15,3
227015,415.0,15,3
227016,379.0,15,3
227017,445.0,15,3
227018,321.0,15,3
227019,505.0,15,3
227020,361.0,15,3
227021,322.0,15,3
227022,302.0,15,3
227023,423.0,15,3
227024,297.0,15,3
227025,416.0,15,3
227026,297.0,15,3
227027,297.0,15,3
227028,340.0,15,3
227029,365.0,15,3
227030,398.0,15,3
227031,433.0,15,3
227032,399.0,15,3
227033,383.0,15,3
227034,372.0,15,3
227035,419.0,15,3
227036,512.0,15,3
227037,426.0,15,3
227038,318.0,15,3
227039,353.0,15,3
227040,405.0,16,3
227041,396.0,16,3
227042,378.0,16,3
227043,429.0,16,3
227044,319.0,16,3
227045,468.0,16,3
227046,318.0,16,3
227047,664.0,16,3
227048,378.0,16,3
227049,458.0,16,3
227050,336.0,16,3
227051,507.0,16,3
227052,332.0,16,3
227053,394.0,16,3
227054,345.0,16,3
227055,433.0,16,3
227056,432.0,16,3
227057,419.0,16,3
227058,339.0,16,3
227059,379.0,16,3
227060,361.0,16,3
227061,427.0,16,3
227062,487.0,16,3
227063,441.0,16,3
227064,428.0,16,3
227065,384.0,16,3
227066,274.0,16,3
227067,483.0,16,3
227068,430.0,16,3
227069,448.0,16,3
227070,392.0,16,3
227071,585.0,16,3
227072,418.0,16,3
227073,440.0,16,3
227074,384.0,16,3
227075,502.0,16,3
227076,332.0,16,3
227077,475.0,16,3
227078,343.0,16,3
227079,358.0,16,3
227080,268.0,16,3
227081,353.0,16,3
227082,299.0,16,3
227083,306.0,16,3
227084,260.0,16,3
227085,316.0,16,3
227086,288.0,16,3
227087,380.0,16,3
227088,322.0,16,3
227089,468.0,16,3
227090,340.0,16,3
227091,454.0,16,3
227092,261.0,16,3
227093,255.0,16,3
227094,250.0,16,3
227095,302.0,16,3
227096,251.0,16,3
227097,259.0,16,3
227098,245.0,16,3
227099,286.0,16,3
227100,362.0,17,3
227101,381.0,17,3
227102,340.0,17,3
227103,391.0,17,3
227104,274.0,17,3
227105,448.0,17,3
227106,299.0,17,3
227107,411.0,17,3
227108,340.0,17,3
227109,508.0,17,3
227110,196.0,17,3
227111,480.0,17,3
227112,327.0,17,3
227113,386.0,17,3
227114,278.0,17,3
227115,434.0,17,3
227116,301.0,17,3
227117,285.0,17,3
227118,234.0,17,3
227119,307.0,17,3
227120,387.0,17,3
227121,550.0,17,3
227122,371.0,17,3
227123,349.0,17,3
227124,320.0,17,3
227125,415.0,17,3
227126,578.0,17,3
227127,416.0,17,3
227128,434.0,17,3
227129,310.0,17,3
227130,370.0,17,3
227131,476.0,17,3
227132,303.0,17,3
227133,430.0,17,3
227134,312.0,17,3
227135,436.0,17,3
227136,267.0,17,3
227137,340.0,17,3
227138,377.0,17,3
227139,299.0,17,3
227140,310.0,17,3
227141,464.0,17,3
227142,264.0,17,3
227143,376.0,17,3
227144,308.0,17,3
227145,482.0,17,3
227146,385.0,17,3
227147,273.0,17,3
227148,269.0,17,3
227149,326.0,17,3
227150,378.0,17,3
227151,432.0,17,3
227152,301.0,17,3
227153,370.0,17,3
227154,267.0,17,3
227155,435.0,17,3
227156,269.0,17,3
227157,317.0,17,3
227158,293.0,17,3
227159,388.0,17,3
227160,246.0,18,3
227161,405.0,18,3
227162,339.0,18,3
227163,288.0,18,3
227164,286.0,18,3
227165,585.0,18,3
227166,322.0,18,3
227167,430.0,18,3
227168,316.0,18,3
227169,459.0,18,3
227170,276.0,18,3
227171,291.0,18,3
227172,253.0,18,3
227173,290.0,18,3
227174,209.0,18,3
227175,337.0,18,3
227176,383.0,18,3
227177,319.0,18,3
227178,268.0,18,3
227179,361.0,18,3
227180,421.0,18,3
227181,607.0,18,3
227182,351.0,18,3
227183,346.0,18,3
227184,342.0,18,3
227185,415.0,18,3
227186,256.0,18,3
227187,344.0,18,3
227188,259.0,18,3
227189,290.0,18,3
227190,332.0,18,3
227191,297.0,18,3
227192,334.0,18,3
227193,330.0,18,3
227194,280.0,18,3
227195,350.0,18,3
227196,296.0,18,3
227197,317.0,18,3
227198,251.0,18,3
227199,336.0,18,3
227200,237.0,18,3
227201,506.0,18,3
227202,213.0,18,3
227203,365.0,18,3
227204,260.0,18,3
227205,315.0,18,3
227206,245.0,18,3
227207,310.0,18,3
227208,271.0,18,3
227209,270.0,18,3
227210,344.0,18,3
227211,400.0,18,3
227212,15.0,18,3
227213,0.0,18,3
227214,5.0,18,3
227215,2.0,18,3
227216,4.0,18,3
227217,1.0,18,3
227218,0.0,18,3
227219,0.0,18,3
227220,0.0,19,3
227221,5.0,19,3
227222,1040.0,19,3
227223,1739.0,19,3
227224,1919.0,19,3
227225,484.0,19,3
227226,359.0,19,3
227227,476.0,19,3
227228,348.0,19,3
227229,342.0,19,3
227230,328.0,19,3
227231,408.0,19,3
227232,321.0,19,3
227233,350.0,19,3
227234,297.0,19,3
227235,423.0,19,3
227236,322.0,19,3
227237,346.0,19,3
227238,257.0,19,3
227239,272.0,19,3
227240,405.0,19,3
227241,441.0,19,3
227242,338.0,19,3
227243,380.0,19,3
227244,344.0,19,3
227245,424.0,19,3
227246,373.0,19,3
227247,351.0,19,3
227248,251.0,19,3
227249,217.0,19,3
227250,171.0,19,3
227251,218.0,19,3
227252,141.0,19,3
227253,222.0,19,3
227254,231.0,19,3
227255,452.0,19,3
227256,291.0,19,3
227257,343.0,19,3
227258,303.0,19,3
227259,394.0,19,3
227260,378.0,19,3
227261,484.0,19,3
227262,300.0,19,3
227263,462.0,19,3
227264,340.0,19,3
227265,445.0,19,3
227266,355.0,19,3
227267,368.0,19,3
227268,257.0,19,3
227269,377.0,19,3
227270,336.0,19,3
227271,536.0,19,3
227272,278.0,19,3
227273,328.0,19,3
227274,272.0,19,3
227275,350.0,19,3
227276,327.0,19,3
227277,335.0,19,3
227278,264.0,19,3
227279,293.0,19,3
227280,229.0,20,3
227281,370.0,20,3
227282,306.0,20,3
227283,264.0,20,3
227284,262.0,20,3
227285,373.0,20,3
227286,321.0,20,3
227287,285.0,20,3
227288,243.0,20,3
227289,393.0,20,3
227290,316.0,20,3
227291,394.0,20,3
227292,335.0,20,3
227293,361.0,20,3
227294,259.0,20,3
227295,410.0,20,3
227296,271.0,20,3
227297,363.0,20,3
227298,184.0,20,3
227299,224.0,20,3
227300,99.0,20,3
227301,242.0,20,3
227302,245.0,20,3
227303,244.0,20,3
227304,248.0,20,3
227305,225.0,20,3
227306,227.0,20,3
227307,301.0,20,3
227308,238.0,20,3
227309,254.0,20,3
227310,197.0,20,3
227311,296.0,20,3
227312,236.0,20,3
227313,272.0,20,3
227314,202.0,20,3
227315,531.0,20,3
227316,287.0,20,3
227317,345.0,20,3
227318,154.0,20,3
227319,276.0,20,3
227320,319.0,20,3
227321,423.0,20,3
227322,399.0,20,3
227323,357.0,20,3
227324,172.0,20,3
227325,297.0,20,3
227326,231.0,20,3
227327,315.0,20,3
227328,195.0,20,3
227329,227.0,20,3
227330,436.0,20,3
227331,371.0,20,3
227332,243.0,20,3
227333,207.0,20,3
227334,164.0,20,3
227335,361.0,20,3
227336,300.0,20,3
227337,273.0,20,3
227338,131.0,20,3
227339,181.0,20,3
227340,207.0,21,3
227341,233.0,21,3
227342,205.0,21,3
227343,230.0,21,3
227344,168.0,21,3
227345,357.0,21,3
227346,309.0,21,3
227347,262.0,21,3
227348,287.0,21,3
227349,172.0,21,3
227350,326.0,21,3
227351,330.0,21,3
227352,215.0,21,3
227353,346.0,21,3
227354,230.0,21,3
227355,303.0,21,3
227356,220.0,21,3
227357,280.0,21,3
227358,180.0,21,3
227359,211.0,21,3
227360,177.0,21,3
227361,240.0,21,3
227362,316.0,21,3
227363,274.0,21,3
227364,265.0,21,3
227365,254.0,21,3
227366,219.0,21,3
227367,280.0,21,3
227368,144.0,21,3
227369,202.0,21,3
227370,195.0,21,3
227371,252.0,21,3
227372,182.0,21,3
227373,258.0,21,3
227374,215.0,21,3
227375,302.0,21,3
227376,307.0,21,3
227377,237.0,21,3
227378,236.0,21,3
227379,226.0,21,3
227380,202.0,21,3
227381,245.0,21,3
227382,315.0,21,3
227383,249.0,21,3
227384,205.0,21,3
227385,251.0,21,3
227386,217.0,21,3
227387,257.0,21,3
227388,183.0,21,3
227389,236.0,21,3
227390,244.0,21,3
227391,210.0,21,3
227392,154.0,21,3
227393,242.0,21,3
227394,139.0,21,3
227395,208.0,21,3
227396,146.0,21,3
227397,175.0,21,3
227398,117.0,21,3
227399,134.0,21,3
227400,103.0,22,3
227401,182.0,22,3
227402,134.0,22,3
227403,198.0,22,3
227404,129.0,22,3
227405,182.0,22,3
227406,164.0,22,3
227407,197.0,22,3
227408,212.0,22,3
227409,183.0,22,3
227410,144.0,22,3
227411,168.0,22,3
227412,159.0,22,3
227413,167.0,22,3
227414,129.0,22,3
227415,164.0,22,3
227416,100.0,22,3
227417,171.0,22,3
227418,141.0,22,3
227419,209.0,22,3
227420,289.0,22,3
227421,174.0,22,3
227422,164.0,22,3
227423,216.0,22,3
227424,158.0,22,3
227425,245.0,22,3
227426,188.0,22,3
227427,183.0,22,3
227428,146.0,22,3
227429,208.0,22,3
227430,235.0,22,3
227431,210.0,22,3
227432,144.0,22,3
227433,172.0,22,3
227434,209.0,22,3
227435,345.0,22,3
227436,211.0,22,3
227437,171.0,22,3
227438,234.0,22,3
227439,186.0,22,3
227440,123.0,22,3
227441,262.0,22,3
227442,132.0,22,3
227443,211.0,22,3
227444,156.0,22,3
227445,271.0,22,3
227446,185.0,22,3
227447,195.0,22,3
227448,135.0,22,3
227449,198.0,22,3
227450,259.0,22,3
227451,299.0,22,3
227452,286.0,22,3
227453,336.0,22,3
227454,252.0,22,3
227455,399.0,22,3
227456,242.0,22,3
227457,310.0,22,3
227458,264.0,22,3
227459,310.0,22,3
227460,362.0,23,3
227461,308.0,23,3
227462,265.0,23,3
227463,280.0,23,3
227464,253.0,23,3
227465,424.0,23,3
227466,326.0,23,3
227467,361.0,23,3
227468,323.0,23,3
227469,297.0,23,3
227470,254.0,23,3
227471,285.0,23,3
227472,231.0,23,3
227473,168.0,23,3
227474,192.0,23,3
227475,295.0,23,3
227476,181.0,23,3
227477,247.0,23,3
227478,171.0,23,3
227479,167.0,23,3
227480,336.0,23,3
227481,191.0,23,3
227482,204.0,23,3
227483,184.0,23,3
227484,225.0,23,3
227485,244.0,23,3
227486,203.0,23,3
227487,209.0,23,3
227488,160.0,23,3
227489,176.0,23,3
227490,607.0,23,3
227491,1695.0,23,3
227492,611.0,23,3
227493,225.0,23,3
227494,183.0,23,3
227495,337.0,23,3
227496,222.0,23,3
227497,200.0,23,3
227498,175.0,23,3
227499,133.0,23,3
227500,209.0,23,3
227501,206.0,23,3
227502,186.0,23,3
227503,167.0,23,3
227504,109.0,23,3
227505,303.0,23,3
227506,248.0,23,3
227507,230.0,23,3
227508,152.0,23,3
227509,162.0,23,3
227510,268.0,23,3
227511,386.0,23,3
227512,158.0,23,3
227513,299.0,23,3
227514,166.0,23,3
227515,275.0,23,3
227516,215.0,23,3
227517,153.0,23,3
227518,106.0,23,3
227519,155.0,23,3
227520,148.0,0,4
227521,175.0,0,4
227522,207.0,0,4
227523,172.0,0,4
227524,187.0,0,4
227525,200.0,0,4
227526,169.0,0,4
227527,140.0,0,4
227528,116.0,0,4
227529,152.0,0,4
227530,174.0,0,4
227531,141.0,0,4
227532,141.0,0,4
227533,176.0,0,4
227534,184.0,0,4
227535,152.0,0,4
227536,155.0,0,4
227537,164.0,0,4
227538,111.0,0,4
227539,177.0,0,4
227540,180.0,0,4
227541,195.0,0,4
227542,244.0,0,4
227543,198.0,0,4
227544,194.0,0,4
227545,175.0,0,4
227546,188.0,0,4
227547,233.0,0,4
227548,177.0,0,4
227549,188.0,0,4
227550,318.0,0,4
227551,269.0,0,4
227552,126.0,0,4
227553,183.0,0,4
227554,123.0,0,4
227555,175.0,0,4
227556,120.0,0,4
227557,130.0,0,4
227558,89.0,0,4
227559,155.0,0,4
227560,164.0,0,4
227561,191.0,0,4
227562,106.0,0,4
227563,114.0,0,4
227564,89.0,0,4
227565,207.0,0,4
227566,89.0,0,4
227567,220.0,0,4
227568,260.0,0,4
227569,230.0,0,4
227570,237.0,0,4
227571,185.0,0,4
227572,114.0,0,4
227573,152.0,0,4
227574,169.0,0,4
227575,219.0,0,4
227576,186.0,0,4
227577,161.0,0,4
227578,112.0,0,4
227579,141.0,0,4
227580,144.0,1,4
227581,213.0,1,4
227582,190.0,1,4
227583,268.0,1,4
227584,355.0,1,4
227585,323.0,1,4
227586,166.0,1,4
227587,156.0,1,4
227588,146.0,1,4
227589,186.0,1,4
227590,178.0,1,4
227591,264.0,1,4
227592,203.0,1,4
227593,243.0,1,4
227594,204.0,1,4
227595,278.0,1,4
227596,280.0,1,4
227597,211.0,1,4
227598,161.0,1,4
227599,200.0,1,4
227600,134.0,1,4
227601,259.0,1,4
227602,145.0,1,4
227603,122.0,1,4
227604,102.0,1,4
227605,123.0,1,4
227606,80.0,1,4
227607,72.0,1,4
227608,65.0,1,4
227609,91.0,1,4
227610,208.0,1,4
227611,87.0,1,4
227612,194.0,1,4
227613,200.0,1,4
227614,111.0,1,4
227615,243.0,1,4
227616,319.0,1,4
227617,235.0,1,4
227618,138.0,1,4
227619,106.0,1,4
227620,104.0,1,4
227621,218.0,1,4
227622,101.0,1,4
227623,116.0,1,4
227624,111.0,1,4
227625,276.0,1,4
227626,180.0,1,4
227627,168.0,1,4
227628,100.0,1,4
227629,158.0,1,4
227630,191.0,1,4
227631,183.0,1,4
227632,108.0,1,4
227633,128.0,1,4
227634,100.0,1,4
227635,174.0,1,4
227636,134.0,1,4
227637,112.0,1,4
227638,112.0,1,4
227639,129.0,1,4
227640,174.0,2,4
227641,355.0,2,4
227642,158.0,2,4
227643,181.0,2,4
227644,146.0,2,4
227645,235.0,2,4
227646,144.0,2,4
227647,142.0,2,4
227648,92.0,2,4
227649,134.0,2,4
227650,140.0,2,4
227651,151.0,2,4
227652,136.0,2,4
227653,153.0,2,4
227654,143.0,2,4
227655,168.0,2,4
227656,252.0,2,4
227657,166.0,2,4
227658,108.0,2,4
227659,129.0,2,4
227660,117.0,2,4
227661,126.0,2,4
227662,96.0,2,4
227663,144.0,2,4
227664,102.0,2,4
227665,121.0,2,4
227666,145.0,2,4
227667,103.0,2,4
227668,78.0,2,4
227669,141.0,2,4
227670,165.0,2,4
227671,112.0,2,4
227672,130.0,2,4
227673,84.0,2,4
227674,134.0,2,4
227675,204.0,2,4
227676,177.0,2,4
227677,117.0,2,4
227678,94.0,2,4
227679,139.0,2,4
227680,127.0,2,4
227681,312.0,2,4
227682,131.0,2,4
227683,149.0,2,4
227684,120.0,2,4
227685,167.0,2,4
227686,165.0,2,4
227687,123.0,2,4
227688,117.0,2,4
227689,122.0,2,4
227690,165.0,2,4
227691,192.0,2,4
227692,192.0,2,4
227693,169.0,2,4
227694,185.0,2,4
227695,247.0,2,4
227696,339.0,2,4
227697,318.0,2,4
227698,339.0,2,4
227699,274.0,2,4
227700,266.0,3,4
227701,379.0,3,4
227702,249.0,3,4
227703,190.0,3,4
227704,104.0,3,4
227705,238.0,3,4
227706,239.0,3,4
227707,191.0,3,4
227708,202.0,3,4
227709,173.0,3,4
227710,255.0,3,4
227711,280.0,3,4
227712,281.0,3,4
227713,253.0,3,4
227714,320.0,3,4
227715,297.0,3,4
227716,266.0,3,4
227717,331.0,3,4
227718,167.0,3,4
227719,138.0,3,4
227720,200.0,3,4
227721,327.0,3,4
227722,258.0,3,4
227723,245.0,3,4
227724,169.0,3,4
227725,184.0,3,4
227726,236.0,3,4
227727,223.0,3,4
227728,180.0,3,4
227729,152.0,3,4
227730,228.0,3,4
227731,259.0,3,4
227732,244.0,3,4
227733,191.0,3,4
227734,203.0,3,4
227735,98.0,3,4
227736,244.0,3,4
227737,193.0,3,4
227738,233.0,3,4
227739,184.0,3,4
227740,218.0,3,4
227741,250.0,3,4
227742,185.0,3,4
227743,118.0,3,4
227744,175.0,3,4
227745,144.0,3,4
227746,219.0,3,4
227747,109.0,3,4
227748,165.0,3,4
227749,94.0,3,4
227750,130.0,3,4
227751,158.0,3,4
227752,113.0,3,4
227753,99.0,3,4
227754,119.0,3,4
227755,113.0,3,4
227756,158.0,3,4
227757,106.0,3,4
227758,82.0,3,4
227759,80.0,3,4
227760,125.0,4,4
227761,125.0,4,4
227762,85.0,4,4
227763,99.0,4,4
227764,106.0,4,4
227765,119.0,4,4
227766,149.0,4,4
227767,134.0,4,4
227768,92.0,4,4
227769,83.0,4,4
227770,123.0,4,4
227771,134.0,4,4
227772,127.0,4,4
227773,94.0,4,4
227774,96.0,4,4
227775,112.0,4,4
227776,106.0,4,4
227777,94.0,4,4
227778,94.0,4,4
227779,86.0,4,4
227780,126.0,4,4
227781,155.0,4,4
227782,181.0,4,4
227783,106.0,4,4
227784,156.0,4,4
227785,132.0,4,4
227786,156.0,4,4
227787,134.0,4,4
227788,125.0,4,4
227789,98.0,4,4
227790,122.0,4,4
227791,90.0,4,4
227792,86.0,4,4
227793,84.0,4,4
227794,80.0,4,4
227795,78.0,4,4
227796,116.0,4,4
227797,58.0,4,4
227798,76.0,4,4
227799,75.0,4,4
227800,194.0,4,4
227801,144.0,4,4
227802,147.0,4,4
227803,113.0,4,4
227804,107.0,4,4
227805,142.0,4,4
227806,106.0,4,4
227807,59.0,4,4
227808,62.0,4,4
227809,43.0,4,4
227810,132.0,4,4
227811,67.0,4,4
227812,55.0,4,4
227813,34.0,4,4
227814,62.0,4,4
227815,71.0,4,4
227816,79.0,4,4
227817,52.0,4,4
227818,60.0,4,4
227819,62.0,4,4
227820,130.0,5,4
227821,119.0,5,4
227822,166.0,5,4
227823,85.0,5,4
227824,89.0,5,4
227825,132.0,5,4
227826,91.0,5,4
227827,66.0,5,4
227828,59.0,5,4
227829,69.0,5,4
227830,105.0,5,4
227831,75.0,5,4
227832,77.0,5,4
227833,71.0,5,4
227834,71.0,5,4
227835,138.0,5,4
227836,118.0,5,4
227837,75.0,5,4
227838,33.0,5,4
227839,36.0,5,4
227840,59.0,5,4
227841,57.0,5,4
227842,160.0,5,4
227843,80.0,5,4
227844,79.0,5,4
227845,75.0,5,4
227846,111.0,5,4
227847,168.0,5,4
227848,175.0,5,4
227849,150.0,5,4
227850,172.0,5,4
227851,155.0,5,4
227852,145.0,5,4
227853,144.0,5,4
227854,103.0,5,4
227855,124.0,5,4
227856,111.0,5,4
227857,81.0,5,4
227858,70.0,5,4
227859,42.0,5,4
227860,125.0,5,4
227861,68.0,5,4
227862,173.0,5,4
227863,37.0,5,4
227864,39.0,5,4
227865,59.0,5,4
227866,77.0,5,4
227867,57.0,5,4
227868,62.0,5,4
227869,68.0,5,4
227870,113.0,5,4
227871,77.0,5,4
227872,92.0,5,4
227873,71.0,5,4
227874,76.0,5,4
227875,77.0,5,4
227876,108.0,5,4
227877,67.0,5,4
227878,86.0,5,4
227879,99.0,5,4
227880,131.0,6,4
227881,204.0,6,4
227882,251.0,6,4
227883,134.0,6,4
227884,108.0,6,4
227885,145.0,6,4
227886,143.0,6,4
227887,90.0,6,4
227888,96.0,6,4
227889,84.0,6,4
227890,103.0,6,4
227891,159.0,6,4
227892,141.0,6,4
227893,103.0,6,4
227894,85.0,6,4
227895,85.0,6,4
227896,99.0,6,4
227897,103.0,6,4
227898,96.0,6,4
227899,82.0,6,4
227900,85.0,6,4
227901,100.0,6,4
227902,94.0,6,4
227903,70.0,6,4
227904,98.0,6,4
227905,107.0,6,4
227906,138.0,6,4
227907,99.0,6,4
227908,79.0,6,4
227909,90.0,6,4
227910,105.0,6,4
227911,90.0,6,4
227912,127.0,6,4
227913,92.0,6,4
227914,112.0,6,4
227915,161.0,6,4
227916,192.0,6,4
227917,103.0,6,4
227918,116.0,6,4
227919,93.0,6,4
227920,252.0,6,4
227921,94.0,6,4
227922,213.0,6,4
227923,107.0,6,4
227924,83.0,6,4
227925,101.0,6,4
227926,139.0,6,4
227927,87.0,6,4
227928,122.0,6,4
227929,107.0,6,4
227930,174.0,6,4
227931,76.0,6,4
227932,55.0,6,4
227933,100.0,6,4
227934,127.0,6,4
227935,110.0,6,4
227936,119.0,6,4
227937,49.0,6,4
227938,82.0,6,4
227939,40.0,6,4
227940,75.0,7,4
227941,57.0,7,4
227942,186.0,7,4
227943,78.0,7,4
227944,97.0,7,4
227945,155.0,7,4
227946,123.0,7,4
227947,76.0,7,4
227948,57.0,7,4
227949,60.0,7,4
227950,141.0,7,4
227951,75.0,7,4
227952,27.0,7,4
227953,72.0,7,4
227954,71.0,7,4
227955,35.0,7,4
227956,85.0,7,4
227957,54.0,7,4
227958,45.0,7,4
227959,42.0,7,4
227960,239.0,7,4
227961,107.0,7,4
227962,65.0,7,4
227963,56.0,7,4
227964,93.0,7,4
227965,187.0,7,4
227966,203.0,7,4
227967,113.0,7,4
227968,121.0,7,4
227969,72.0,7,4
227970,249.0,7,4
227971,169.0,7,4
227972,193.0,7,4
227973,109.0,7,4
227974,112.0,7,4
227975,206.0,7,4
227976,227.0,7,4
227977,106.0,7,4
227978,110.0,7,4
227979,110.0,7,4
227980,201.0,7,4
227981,210.0,7,4
227982,90.0,7,4
227983,28.0,7,4
227984,142.0,7,4
227985,185.0,7,4
227986,203.0,7,4
227987,132.0,7,4
227988,182.0,7,4
227989,171.0,7,4
227990,181.0,7,4
227991,163.0,7,4
227992,84.0,7,4
227993,78.0,7,4
227994,102.0,7,4
227995,189.0,7,4
227996,141.0,7,4
227997,203.0,7,4
227998,154.0,7,4
227999,120.0,7,4
228000,223.0,8,4
228001,132.0,8,4
228002,123.0,8,4
228003,110.0,8,4
228004,110.0,8,4
228005,255.0,8,4
228006,223.0,8,4
228007,117.0,8,4
228008,142.0,8,4
228009,278.0,8,4
228010,211.0,8,4
228011,131.0,8,4
228012,135.0,8,4
228013,87.0,8,4
228014,60.0,8,4
228015,128.0,8,4
228016,122.0,8,4
228017,98.0,8,4
228018,111.0,8,4
228019,49.0,8,4
228020,225.0,8,4
228021,111.0,8,4
228022,32.0,8,4
228023,41.0,8,4
228024,56.0,8,4
228025,158.0,8,4
228026,250.0,8,4
228027,154.0,8,4
228028,128.0,8,4
228029,75.0,8,4
228030,315.0,8,4
228031,154.0,8,4
228032,106.0,8,4
228033,75.0,8,4
228034,84.0,8,4
228035,133.0,8,4
228036,93.0,8,4
228037,68.0,8,4
228038,61.0,8,4
228039,80.0,8,4
228040,193.0,8,4
228041,158.0,8,4
228042,88.0,8,4
228043,131.0,8,4
228044,94.0,8,4
228045,83.0,8,4
228046,133.0,8,4
228047,93.0,8,4
228048,80.0,8,4
228049,83.0,8,4
228050,185.0,8,4
228051,114.0,8,4
228052,72.0,8,4
228053,64.0,8,4
228054,92.0,8,4
228055,103.0,8,4
228056,161.0,8,4
228057,98.0,8,4
228058,104.0,8,4
228059,70.0,8,4
228060,297.0,9,4
228061,230.0,9,4
228062,134.0,9,4
228063,103.0,9,4
228064,139.0,9,4
228065,291.0,9,4
228066,265.0,9,4
228067,145.0,9,4
228068,182.0,9,4
228069,125.0,9,4
228070,109.0,9,4
228071,89.0,9,4
228072,97.0,9,4
228073,119.0,9,4
228074,105.0,9,4
228075,130.0,9,4
228076,142.0,9,4
228077,132.0,9,4
228078,116.0,9,4
228079,498.0,9,4
228080,486.0,9,4
228081,377.0,9,4
228082,301.0,9,4
228083,291.0,9,4
228084,382.0,9,4
228085,355.0,9,4
228086,245.0,9,4
228087,204.0,9,4
228088,112.0,9,4
228089,38.0,9,4
228090,82.0,9,4
228091,46.0,9,4
228092,82.0,9,4
228093,38.0,9,4
228094,71.0,9,4
228095,37.0,9,4
228096,41.0,9,4
228097,36.0,9,4
228098,510.0,9,4
228099,495.0,9,4
228100,405.0,9,4
228101,318.0,9,4
228102,349.0,9,4
228103,258.0,9,4
228104,332.0,9,4
228105,262.0,9,4
228106,405.0,9,4
228107,247.0,9,4
228108,281.0,9,4
228109,284.0,9,4
228110,273.0,9,4
228111,210.0,9,4
228112,178.0,9,4
228113,147.0,9,4
228114,257.0,9,4
228115,201.0,9,4
228116,273.0,9,4
228117,280.0,9,4
228118,275.0,9,4
228119,151.0,9,4
228120,187.0,10,4
228121,182.0,10,4
228122,294.0,10,4
228123,222.0,10,4
228124,273.0,10,4
228125,292.0,10,4
228126,422.0,10,4
228127,300.0,10,4
228128,456.0,10,4
228129,219.0,10,4
228130,498.0,10,4
228131,216.0,10,4
228132,533.0,10,4
228133,290.0,10,4
228134,627.0,10,4
228135,416.0,10,4
228136,646.0,10,4
228137,373.0,10,4
228138,350.0,10,4
228139,322.0,10,4
228140,427.0,10,4
228141,332.0,10,4
228142,224.0,10,4
228143,0.0,10,4
228144,0.0,10,4
228145,0.0,10,4
228146,0.0,10,4
228147,0.0,10,4
228148,46.0,10,4
228149,3.0,10,4
228150,4.0,10,4
228151,4.0,10,4
228152,731.0,10,4
228153,1872.0,10,4
228154,1029.0,10,4
228155,246.0,10,4
228156,483.0,10,4
228157,194.0,10,4
228158,498.0,10,4
228159,182.0,10,4
228160,211.0,10,4
228161,172.0,10,4
228162,417.0,10,4
228163,327.0,10,4
228164,551.0,10,4
228165,483.0,10,4
228166,539.0,10,4
228167,432.0,10,4
228168,519.0,10,4
228169,297.0,10,4
228170,644.0,10,4
228171,462.0,10,4
228172,444.0,10,4
228173,495.0,10,4
228174,538.0,10,4
228175,377.0,10,4
228176,478.0,10,4
228177,349.0,10,4
228178,485.0,10,4
228179,314.0,10,4
228180,544.0,11,4
228181,399.0,11,4
228182,490.0,11,4
228183,342.0,11,4
228184,516.0,11,4
228185,295.0,11,4
228186,626.0,11,4
228187,261.0,11,4
228188,784.0,11,4
228189,302.0,11,4
228190,832.0,11,4
228191,326.0,11,4
228192,892.0,11,4
228193,310.0,11,4
228194,835.0,11,4
228195,260.0,11,4
228196,774.0,11,4
228197,257.0,11,4
228198,852.0,11,4
228199,220.0,11,4
228200,371.0,11,4
228201,237.0,11,4
228202,487.0,11,4
228203,314.0,11,4
228204,548.0,11,4
228205,280.0,11,4
228206,398.0,11,4
228207,234.0,11,4
228208,554.0,11,4
228209,324.0,11,4
228210,415.0,11,4
228211,291.0,11,4
228212,458.0,11,4
228213,336.0,11,4
228214,445.0,11,4
228215,359.0,11,4
228216,647.0,11,4
228217,343.0,11,4
228218,510.0,11,4
228219,327.0,11,4
228220,590.0,11,4
228221,311.0,11,4
228222,654.0,11,4
228223,516.0,11,4
228224,610.0,11,4
228225,335.0,11,4
228226,542.0,11,4
228227,376.0,11,4
228228,547.0,11,4
228229,314.0,11,4
228230,505.0,11,4
228231,259.0,11,4
228232,540.0,11,4
228233,336.0,11,4
228234,560.0,11,4
228235,369.0,11,4
228236,485.0,11,4
228237,310.0,11,4
228238,504.0,11,4
228239,264.0,11,4
228240,450.0,12,4
228241,260.0,12,4
228242,503.0,12,4
228243,286.0,12,4
228244,575.0,12,4
228245,398.0,12,4
228246,670.0,12,4
228247,405.0,12,4
228248,800.0,12,4
228249,287.0,12,4
228250,774.0,12,4
228251,306.0,12,4
228252,758.0,12,4
228253,238.0,12,4
228254,532.0,12,4
228255,104.0,12,4
228256,707.0,12,4
228257,490.0,12,4
228258,655.0,12,4
228259,379.0,12,4
228260,494.0,12,4
228261,299.0,12,4
228262,340.0,12,4
228263,287.0,12,4
228264,512.0,12,4
228265,312.0,12,4
228266,450.0,12,4
228267,336.0,12,4
228268,79.0,12,4
228269,0.0,12,4
228270,0.0,12,4
228271,2.0,12,4
228272,1.0,12,4
228273,0.0,12,4
228274,1.0,12,4
228275,0.0,12,4
228276,9.0,12,4
228277,0.0,12,4
228278,1265.0,12,4
228279,2006.0,12,4
228280,1677.0,12,4
228281,322.0,12,4
228282,387.0,12,4
228283,338.0,12,4
228284,468.0,12,4
228285,324.0,12,4
228286,324.0,12,4
228287,308.0,12,4
228288,456.0,12,4
228289,314.0,12,4
228290,410.0,12,4
228291,299.0,12,4
228292,365.0,12,4
228293,213.0,12,4
228294,447.0,12,4
228295,297.0,12,4
228296,372.0,12,4
228297,287.0,12,4
228298,439.0,12,4
228299,254.0,12,4
228300,362.0,13,4
228301,194.0,13,4
228302,399.0,13,4
228303,230.0,13,4
228304,576.0,13,4
228305,397.0,13,4
228306,583.0,13,4
228307,291.0,13,4
228308,603.0,13,4
228309,287.0,13,4
228310,658.0,13,4
228311,306.0,13,4
228312,651.0,13,4
228313,313.0,13,4
228314,516.0,13,4
228315,223.0,13,4
228316,631.0,13,4
228317,330.0,13,4
228318,658.0,13,4
228319,327.0,13,4
228320,422.0,13,4
228321,297.0,13,4
228322,509.0,13,4
228323,352.0,13,4
228324,362.0,13,4
228325,293.0,13,4
228326,452.0,13,4
228327,271.0,13,4
228328,355.0,13,4
228329,266.0,13,4
228330,384.0,13,4
228331,318.0,13,4
228332,453.0,13,4
228333,395.0,13,4
228334,411.0,13,4
228335,397.0,13,4
228336,395.0,13,4
228337,327.0,13,4
228338,417.0,13,4
228339,248.0,13,4
228340,397.0,13,4
228341,285.0,13,4
228342,360.0,13,4
228343,279.0,13,4
228344,359.0,13,4
228345,344.0,13,4
228346,337.0,13,4
228347,295.0,13,4
228348,341.0,13,4
228349,259.0,13,4
228350,306.0,13,4
228351,279.0,13,4
228352,329.0,13,4
228353,250.0,13,4
228354,329.0,13,4
228355,243.0,13,4
228356,377.0,13,4
228357,287.0,13,4
228358,348.0,13,4
228359,303.0,13,4
228360,252.0,14,4
228361,218.0,14,4
228362,341.0,14,4
228363,242.0,14,4
228364,518.0,14,4
228365,268.0,14,4
228366,597.0,14,4
228367,242.0,14,4
228368,656.0,14,4
228369,208.0,14,4
228370,666.0,14,4
228371,259.0,14,4
228372,639.0,14,4
228373,270.0,14,4
228374,656.0,14,4
228375,329.0,14,4
228376,596.0,14,4
228377,256.0,14,4
228378,419.0,14,4
228379,266.0,14,4
228380,328.0,14,4
228381,315.0,14,4
228382,371.0,14,4
228383,251.0,14,4
228384,365.0,14,4
228385,327.0,14,4
228386,285.0,14,4
228387,254.0,14,4
228388,303.0,14,4
228389,273.0,14,4
228390,393.0,14,4
228391,288.0,14,4
228392,457.0,14,4
228393,295.0,14,4
228394,290.0,14,4
228395,314.0,14,4
228396,333.0,14,4
228397,245.0,14,4
228398,284.0,14,4
228399,277.0,14,4
228400,374.0,14,4
228401,282.0,14,4
228402,304.0,14,4
228403,281.0,14,4
228404,324.0,14,4
228405,415.0,14,4
228406,410.0,14,4
228407,311.0,14,4
228408,358.0,14,4
228409,351.0,14,4
228410,343.0,14,4
228411,287.0,14,4
228412,373.0,14,4
228413,313.0,14,4
228414,354.0,14,4
228415,286.0,14,4
228416,383.0,14,4
228417,271.0,14,4
228418,401.0,14,4
228419,371.0,14,4
228420,579.0,15,4
228421,358.0,15,4
228422,410.0,15,4
228423,318.0,15,4
228424,486.0,15,4
228425,576.0,15,4
228426,645.0,15,4
228427,321.0,15,4
228428,618.0,15,4
228429,326.0,15,4
228430,621.0,15,4
228431,273.0,15,4
228432,682.0,15,4
228433,326.0,15,4
228434,751.0,15,4
228435,371.0,15,4
228436,481.0,15,4
228437,309.0,15,4
228438,669.0,15,4
228439,268.0,15,4
228440,372.0,15,4
228441,285.0,15,4
228442,427.0,15,4
228443,445.0,15,4
228444,299.0,15,4
228445,269.0,15,4
228446,330.0,15,4
228447,288.0,15,4
228448,274.0,15,4
228449,281.0,15,4
228450,346.0,15,4
228451,294.0,15,4
228452,323.0,15,4
228453,316.0,15,4
228454,331.0,15,4
228455,424.0,15,4
228456,385.0,15,4
228457,335.0,15,4
228458,393.0,15,4
228459,261.0,15,4
228460,343.0,15,4
228461,313.0,15,4
228462,297.0,15,4
228463,253.0,15,4
228464,302.0,15,4
228465,258.0,15,4
228466,304.0,15,4
228467,287.0,15,4
228468,312.0,15,4
228469,239.0,15,4
228470,372.0,15,4
228471,321.0,15,4
228472,309.0,15,4
228473,297.0,15,4
228474,395.0,15,4
228475,425.0,15,4
228476,388.0,15,4
228477,356.0,15,4
228478,316.0,15,4
228479,258.0,15,4
228480,364.0,16,4
228481,362.0,16,4
228482,435.0,16,4
228483,458.0,16,4
228484,346.0,16,4
228485,370.0,16,4
228486,560.0,16,4
228487,323.0,16,4
228488,530.0,16,4
228489,287.0,16,4
228490,572.0,16,4
228491,310.0,16,4
228492,531.0,16,4
228493,297.0,16,4
228494,694.0,16,4
228495,314.0,16,4
228496,576.0,16,4
228497,329.0,16,4
228498,586.0,16,4
228499,257.0,16,4
228500,433.0,16,4
228501,274.0,16,4
228502,339.0,16,4
228503,227.0,16,4
228504,277.0,16,4
228505,260.0,16,4
228506,256.0,16,4
228507,277.0,16,4
228508,298.0,16,4
228509,249.0,16,4
228510,358.0,16,4
228511,351.0,16,4
228512,248.0,16,4
228513,247.0,16,4
228514,270.0,16,4
228515,313.0,16,4
228516,322.0,16,4
228517,255.0,16,4
228518,362.0,16,4
228519,323.0,16,4
228520,422.0,16,4
228521,238.0,16,4
228522,313.0,16,4
228523,248.0,16,4
228524,281.0,16,4
228525,230.0,16,4
228526,257.0,16,4
228527,267.0,16,4
228528,371.0,16,4
228529,273.0,16,4
228530,331.0,16,4
228531,261.0,16,4
228532,301.0,16,4
228533,281.0,16,4
228534,271.0,16,4
228535,290.0,16,4
228536,318.0,16,4
228537,289.0,16,4
228538,287.0,16,4
228539,239.0,16,4
228540,277.0,17,4
228541,209.0,17,4
228542,285.0,17,4
228543,253.0,17,4
228544,282.0,17,4
228545,306.0,17,4
228546,275.0,17,4
228547,259.0,17,4
228548,328.0,17,4
228549,264.0,17,4
228550,561.0,17,4
228551,262.0,17,4
228552,581.0,17,4
228553,261.0,17,4
228554,544.0,17,4
228555,319.0,17,4
228556,701.0,17,4
228557,332.0,17,4
228558,482.0,17,4
228559,210.0,17,4
228560,727.0,17,4
228561,329.0,17,4
228562,422.0,17,4
228563,343.0,17,4
228564,405.0,17,4
228565,398.0,17,4
228566,385.0,17,4
228567,399.0,17,4
228568,346.0,17,4
228569,282.0,17,4
228570,432.0,17,4
228571,343.0,17,4
228572,374.0,17,4
228573,328.0,17,4
228574,443.0,17,4
228575,364.0,17,4
228576,339.0,17,4
228577,385.0,17,4
228578,393.0,17,4
228579,335.0,17,4
228580,357.0,17,4
228581,310.0,17,4
228582,443.0,17,4
228583,354.0,17,4
228584,381.0,17,4
228585,438.0,17,4
228586,393.0,17,4
228587,407.0,17,4
228588,421.0,17,4
228589,366.0,17,4
228590,526.0,17,4
228591,301.0,17,4
228592,467.0,17,4
228593,391.0,17,4
228594,434.0,17,4
228595,381.0,17,4
228596,395.0,17,4
228597,362.0,17,4
228598,440.0,17,4
228599,333.0,17,4
228600,366.0,18,4
228601,296.0,18,4
228602,718.0,18,4
228603,426.0,18,4
228604,437.0,18,4
228605,337.0,18,4
228606,323.0,18,4
228607,344.0,18,4
228608,543.0,18,4
228609,306.0,18,4
228610,604.0,18,4
228611,297.0,18,4
228612,381.0,18,4
228613,268.0,18,4
228614,380.0,18,4
228615,280.0,18,4
228616,395.0,18,4
228617,257.0,18,4
228618,317.0,18,4
228619,275.0,18,4
228620,475.0,18,4
228621,291.0,18,4
228622,360.0,18,4
228623,270.0,18,4
228624,311.0,18,4
228625,261.0,18,4
228626,372.0,18,4
228627,189.0,18,4
228628,356.0,18,4
228629,250.0,18,4
228630,334.0,18,4
228631,413.0,18,4
228632,437.0,18,4
228633,313.0,18,4
228634,284.0,18,4
228635,380.0,18,4
228636,427.0,18,4
228637,318.0,18,4
228638,334.0,18,4
228639,293.0,18,4
228640,373.0,18,4
228641,253.0,18,4
228642,2.0,18,4
228643,2.0,18,4
228644,1.0,18,4
228645,0.0,18,4
228646,0.0,18,4
228647,0.0,18,4
228648,1.0,18,4
228649,0.0,18,4
228650,0.0,18,4
228651,126.0,18,4
228652,1219.0,18,4
228653,1474.0,18,4
228654,1641.0,18,4
228655,859.0,18,4
228656,428.0,18,4
228657,304.0,18,4
228658,363.0,18,4
228659,298.0,18,4
228660,342.0,19,4
228661,276.0,19,4
228662,380.0,19,4
228663,313.0,19,4
228664,357.0,19,4
228665,336.0,19,4
228666,406.0,19,4
228667,346.0,19,4
228668,437.0,19,4
228669,366.0,19,4
228670,358.0,19,4
228671,280.0,19,4
228672,366.0,19,4
228673,307.0,19,4
228674,333.0,19,4
228675,373.0,19,4
228676,357.0,19,4
228677,244.0,19,4
228678,332.0,19,4
228679,208.0,19,4
228680,555.0,19,4
228681,362.0,19,4
228682,396.0,19,4
228683,261.0,19,4
228684,363.0,19,4
228685,330.0,19,4
228686,339.0,19,4
228687,276.0,19,4
228688,291.0,19,4
228689,264.0,19,4
228690,328.0,19,4
228691,270.0,19,4
228692,331.0,19,4
228693,330.0,19,4
228694,327.0,19,4
228695,328.0,19,4
228696,337.0,19,4
228697,377.0,19,4
228698,421.0,19,4
228699,292.0,19,4
228700,419.0,19,4
228701,377.0,19,4
228702,337.0,19,4
228703,225.0,19,4
228704,334.0,19,4
228705,320.0,19,4
228706,271.0,19,4
228707,290.0,19,4
228708,299.0,19,4
228709,265.0,19,4
228710,428.0,19,4
228711,290.0,19,4
228712,304.0,19,4
228713,255.0,19,4
228714,346.0,19,4
228715,304.0,19,4
228716,307.0,19,4
228717,266.0,19,4
228718,336.0,19,4
228719,248.0,19,4
228720,245.0,20,4
228721,282.0,20,4
228722,266.0,20,4
228723,204.0,20,4
228724,311.0,20,4
228725,192.0,20,4
228726,356.0,20,4
228727,176.0,20,4
228728,349.0,20,4
228729,217.0,20,4
228730,323.0,20,4
228731,200.0,20,4
228732,261.0,20,4
228733,220.0,20,4
228734,264.0,20,4
228735,206.0,20,4
228736,297.0,20,4
228737,262.0,20,4
228738,319.0,20,4
228739,197.0,20,4
228740,267.0,20,4
228741,238.0,20,4
228742,160.0,20,4
228743,189.0,20,4
228744,194.0,20,4
228745,224.0,20,4
228746,273.0,20,4
228747,234.0,20,4
228748,320.0,20,4
228749,213.0,20,4
228750,257.0,20,4
228751,209.0,20,4
228752,270.0,20,4
228753,254.0,20,4
228754,312.0,20,4
228755,284.0,20,4
228756,327.0,20,4
228757,236.0,20,4
228758,231.0,20,4
228759,183.0,20,4
228760,273.0,20,4
228761,302.0,20,4
228762,248.0,20,4
228763,218.0,20,4
228764,267.0,20,4
228765,271.0,20,4
228766,222.0,20,4
228767,183.0,20,4
228768,243.0,20,4
228769,204.0,20,4
228770,329.0,20,4
228771,235.0,20,4
228772,229.0,20,4
228773,205.0,20,4
228774,247.0,20,4
228775,185.0,20,4
228776,240.0,20,4
228777,188.0,20,4
228778,216.0,20,4
228779,171.0,20,4
228780,266.0,21,4
228781,287.0,21,4
228782,256.0,21,4
228783,144.0,21,4
228784,297.0,21,4
228785,230.0,21,4
228786,282.0,21,4
228787,187.0,21,4
228788,296.0,21,4
228789,124.0,21,4
228790,254.0,21,4
228791,214.0,21,4
228792,189.0,21,4
228793,181.0,21,4
228794,244.0,21,4
228795,178.0,21,4
228796,288.0,21,4
228797,159.0,21,4
228798,252.0,21,4
228799,172.0,21,4
228800,260.0,21,4
228801,318.0,21,4
228802,288.0,21,4
228803,166.0,21,4
228804,261.0,21,4
228805,217.0,21,4
228806,274.0,21,4
228807,172.0,21,4
228808,231.0,21,4
228809,187.0,21,4
228810,238.0,21,4
228811,177.0,21,4
228812,227.0,21,4
228813,158.0,21,4
228814,228.0,21,4
228815,203.0,21,4
228816,322.0,21,4
228817,227.0,21,4
228818,399.0,21,4
228819,215.0,21,4
228820,322.0,21,4
228821,308.0,21,4
228822,341.0,21,4
228823,245.0,21,4
228824,295.0,21,4
228825,289.0,21,4
228826,304.0,21,4
228827,244.0,21,4
228828,329.0,21,4
228829,228.0,21,4
228830,335.0,21,4
228831,240.0,21,4
228832,259.0,21,4
228833,169.0,21,4
228834,333.0,21,4
228835,261.0,21,4
228836,335.0,21,4
228837,254.0,21,4
228838,363.0,21,4
228839,217.0,21,4
228840,384.0,22,4
228841,222.0,22,4
228842,255.0,22,4
228843,152.0,22,4
228844,250.0,22,4
228845,201.0,22,4
228846,320.0,22,4
228847,213.0,22,4
228848,269.0,22,4
228849,206.0,22,4
228850,209.0,22,4
228851,136.0,22,4
228852,269.0,22,4
228853,227.0,22,4
228854,267.0,22,4
228855,202.0,22,4
228856,222.0,22,4
228857,136.0,22,4
228858,232.0,22,4
228859,167.0,22,4
228860,274.0,22,4
228861,251.0,22,4
228862,376.0,22,4
228863,174.0,22,4
228864,345.0,22,4
228865,196.0,22,4
228866,292.0,22,4
228867,181.0,22,4
228868,218.0,22,4
228869,172.0,22,4
228870,226.0,22,4
228871,257.0,22,4
228872,272.0,22,4
228873,224.0,22,4
228874,286.0,22,4
228875,175.0,22,4
228876,272.0,22,4
228877,180.0,22,4
228878,289.0,22,4
228879,166.0,22,4
228880,260.0,22,4
228881,222.0,22,4
228882,317.0,22,4
228883,240.0,22,4
228884,242.0,22,4
228885,164.0,22,4
228886,281.0,22,4
228887,159.0,22,4
228888,261.0,22,4
228889,172.0,22,4
228890,273.0,22,4
228891,191.0,22,4
228892,268.0,22,4
228893,200.0,22,4
228894,415.0,22,4
228895,174.0,22,4
228896,282.0,22,4
228897,163.0,22,4
228898,302.0,22,4
228899,148.0,22,4
228900,204.0,23,4
228901,246.0,23,4
228902,380.0,23,4
228903,156.0,23,4
228904,229.0,23,4
228905,224.0,23,4
228906,329.0,23,4
228907,204.0,23,4
228908,235.0,23,4
228909,171.0,23,4
228910,227.0,23,4
228911,147.0,23,4
228912,243.0,23,4
228913,175.0,23,4
228914,307.0,23,4
228915,229.0,23,4
228916,326.0,23,4
228917,232.0,23,4
228918,332.0,23,4
228919,142.0,23,4
228920,274.0,23,4
228921,242.0,23,4
228922,445.0,23,4
228923,256.0,23,4
228924,357.0,23,4
228925,260.0,23,4
228926,281.0,23,4
228927,204.0,23,4
228928,255.0,23,4
228929,197.0,23,4
228930,752.0,23,4
228931,1904.0,23,4
228932,730.0,23,4
228933,246.0,23,4
228934,239.0,23,4
228935,189.0,23,4
228936,223.0,23,4
228937,172.0,23,4
228938,243.0,23,4
228939,143.0,23,4
228940,351.0,23,4
228941,162.0,23,4
228942,188.0,23,4
228943,147.0,23,4
228944,185.0,23,4
228945,293.0,23,4
228946,295.0,23,4
228947,144.0,23,4
228948,178.0,23,4
228949,146.0,23,4
228950,218.0,23,4
228951,142.0,23,4
228952,226.0,23,4
228953,164.0,23,4
228954,174.0,23,4
228955,162.0,23,4
228956,147.0,23,4
228957,140.0,23,4
228958,145.0,23,4
228959,130.0,23,4
228960,286.0,0,5
228961,116.0,0,5
228962,164.0,0,5
228963,146.0,0,5
228964,130.0,0,5
228965,168.0,0,5
228966,238.0,0,5
228967,204.0,0,5
228968,174.0,0,5
228969,109.0,0,5
228970,152.0,0,5
228971,124.0,0,5
228972,133.0,0,5
228973,104.0,0,5
228974,163.0,0,5
228975,154.0,0,5
228976,303.0,0,5
228977,205.0,0,5
228978,217.0,0,5
228979,177.0,0,5
228980,311.0,0,5
228981,138.0,0,5
228982,184.0,0,5
228983,171.0,0,5
228984,171.0,0,5
228985,202.0,0,5
228986,160.0,0,5
228987,155.0,0,5
228988,206.0,0,5
228989,166.0,0,5
228990,140.0,0,5
228991,149.0,0,5
228992,181.0,0,5
228993,183.0,0,5
228994,135.0,0,5
228995,162.0,0,5
228996,167.0,0,5
228997,154.0,0,5
228998,149.0,0,5
228999,150.0,0,5
229000,230.0,0,5
229001,92.0,0,5
229002,132.0,0,5
229003,87.0,0,5
229004,128.0,0,5
229005,111.0,0,5
229006,69.0,0,5
229007,61.0,0,5
229008,100.0,0,5
229009,130.0,0,5
229010,158.0,0,5
229011,196.0,0,5
229012,110.0,0,5
229013,91.0,0,5
229014,96.0,0,5
229015,116.0,0,5
229016,113.0,0,5
229017,103.0,0,5
229018,100.0,0,5
229019,99.0,0,5
229020,123.0,1,5
229021,234.0,1,5
229022,142.0,1,5
229023,175.0,1,5
229024,173.0,1,5
229025,163.0,1,5
229026,97.0,1,5
229027,90.0,1,5
229028,91.0,1,5
229029,91.0,1,5
229030,119.0,1,5
229031,91.0,1,5
229032,85.0,1,5
229033,78.0,1,5
229034,123.0,1,5
229035,98.0,1,5
229036,131.0,1,5
229037,145.0,1,5
229038,161.0,1,5
229039,228.0,1,5
229040,191.0,1,5
229041,262.0,1,5
229042,211.0,1,5
229043,177.0,1,5
229044,220.0,1,5
229045,196.0,1,5
229046,166.0,1,5
229047,202.0,1,5
229048,229.0,1,5
229049,205.0,1,5
229050,208.0,1,5
229051,208.0,1,5
229052,209.0,1,5
229053,181.0,1,5
229054,191.0,1,5
229055,218.0,1,5
229056,234.0,1,5
229057,163.0,1,5
229058,176.0,1,5
229059,151.0,1,5
229060,264.0,1,5
229061,212.0,1,5
229062,140.0,1,5
229063,122.0,1,5
229064,143.0,1,5
229065,148.0,1,5
229066,136.0,1,5
229067,160.0,1,5
229068,164.0,1,5
229069,140.0,1,5
229070,209.0,1,5
229071,168.0,1,5
229072,152.0,1,5
229073,161.0,1,5
229074,177.0,1,5
229075,158.0,1,5
229076,150.0,1,5
229077,142.0,1,5
229078,174.0,1,5
229079,126.0,1,5
229080,189.0,2,5
229081,220.0,2,5
229082,154.0,2,5
229083,189.0,2,5
229084,187.0,2,5
229085,178.0,2,5
229086,173.0,2,5
229087,155.0,2,5
229088,185.0,2,5
229089,156.0,2,5
229090,211.0,2,5
229091,126.0,2,5
229092,132.0,2,5
229093,190.0,2,5
229094,173.0,2,5
229095,214.0,2,5
229096,190.0,2,5
229097,180.0,2,5
229098,165.0,2,5
229099,121.0,2,5
229100,136.0,2,5
229101,279.0,2,5
229102,154.0,2,5
229103,158.0,2,5
229104,176.0,2,5
229105,161.0,2,5
229106,192.0,2,5
229107,168.0,2,5
229108,131.0,2,5
229109,162.0,2,5
229110,170.0,2,5
229111,165.0,2,5
229112,167.0,2,5
229113,159.0,2,5
229114,156.0,2,5
229115,208.0,2,5
229116,229.0,2,5
229117,184.0,2,5
229118,213.0,2,5
229119,195.0,2,5
229120,201.0,2,5
229121,361.0,2,5
229122,231.0,2,5
229123,212.0,2,5
229124,246.0,2,5
229125,181.0,2,5
229126,234.0,2,5
229127,166.0,2,5
229128,194.0,2,5
229129,166.0,2,5
229130,201.0,2,5
229131,180.0,2,5
229132,193.0,2,5
229133,125.0,2,5
229134,186.0,2,5
229135,226.0,2,5
229136,201.0,2,5
229137,189.0,2,5
229138,162.0,2,5
229139,212.0,2,5
229140,177.0,3,5
229141,244.0,3,5
229142,228.0,3,5
229143,222.0,3,5
229144,185.0,3,5
229145,206.0,3,5
229146,219.0,3,5
229147,190.0,3,5
229148,209.0,3,5
229149,162.0,3,5
229150,171.0,3,5
229151,191.0,3,5
229152,217.0,3,5
229153,207.0,3,5
229154,230.0,3,5
229155,219.0,3,5
229156,197.0,3,5
229157,180.0,3,5
229158,147.0,3,5
229159,203.0,3,5
229160,201.0,3,5
229161,273.0,3,5
229162,175.0,3,5
229163,223.0,3,5
229164,182.0,3,5
229165,176.0,3,5
229166,213.0,3,5
229167,246.0,3,5
229168,218.0,3,5
229169,196.0,3,5
229170,178.0,3,5
229171,237.0,3,5
229172,183.0,3,5
229173,236.0,3,5
229174,181.0,3,5
229175,181.0,3,5
229176,258.0,3,5
229177,237.0,3,5
229178,258.0,3,5
229179,243.0,3,5
229180,257.0,3,5
229181,340.0,3,5
229182,232.0,3,5
229183,238.0,3,5
229184,178.0,3,5
229185,274.0,3,5
229186,266.0,3,5
229187,239.0,3,5
229188,197.0,3,5
229189,191.0,3,5
229190,171.0,3,5
229191,237.0,3,5
229192,243.0,3,5
229193,228.0,3,5
229194,175.0,3,5
229195,185.0,3,5
229196,218.0,3,5
229197,223.0,3,5
229198,205.0,3,5
229199,226.0,3,5
229200,210.0,4,5
229201,312.0,4,5
229202,234.0,4,5
229203,242.0,4,5
229204,232.0,4,5
229205,239.0,4,5
229206,197.0,4,5
229207,204.0,4,5
229208,223.0,4,5
229209,226.0,4,5
229210,260.0,4,5
229211,207.0,4,5
229212,202.0,4,5
229213,236.0,4,5
229214,232.0,4,5
229215,196.0,4,5
229216,240.0,4,5
229217,237.0,4,5
229218,194.0,4,5
229219,206.0,4,5
229220,172.0,4,5
229221,303.0,4,5
229222,222.0,4,5
229223,203.0,4,5
229224,200.0,4,5
229225,223.0,4,5
229226,267.0,4,5
229227,205.0,4,5
229228,211.0,4,5
229229,240.0,4,5
229230,202.0,4,5
229231,245.0,4,5
229232,0.0,4,5
229233,9.0,4,5
229234,7.0,4,5
229235,2.0,4,5
229236,0.0,4,5
229237,0.0,4,5
229238,0.0,4,5
229239,0.0,4,5
229240,0.0,4,5
229241,159.0,4,5
229242,1131.0,4,5
229243,1093.0,4,5
229244,232.0,4,5
229245,206.0,4,5
229246,223.0,4,5
229247,195.0,4,5
229248,181.0,4,5
229249,173.0,4,5
229250,202.0,4,5
229251,155.0,4,5
229252,187.0,4,5
229253,185.0,4,5
229254,244.0,4,5
229255,184.0,4,5
229256,193.0,4,5
229257,153.0,4,5
229258,165.0,4,5
229259,194.0,4,5
229260,169.0,5,5
229261,229.0,5,5
229262,208.0,5,5
229263,194.0,5,5
229264,217.0,5,5
229265,154.0,5,5
229266,198.0,5,5
229267,173.0,5,5
229268,203.0,5,5
229269,212.0,5,5
229270,168.0,5,5
229271,147.0,5,5
229272,174.0,5,5
229273,177.0,5,5
229274,169.0,5,5
229275,162.0,5,5
229276,175.0,5,5
229277,169.0,5,5
229278,159.0,5,5
229279,160.0,5,5
229280,185.0,5,5
229281,274.0,5,5
229282,183.0,5,5
229283,170.0,5,5
229284,192.0,5,5
229285,164.0,5,5
229286,228.0,5,5
229287,138.0,5,5
229288,193.0,5,5
229289,174.0,5,5
229290,149.0,5,5
229291,164.0,5,5
229292,167.0,5,5
229293,172.0,5,5
229294,204.0,5,5
229295,178.0,5,5
229296,196.0,5,5
229297,170.0,5,5
229298,146.0,5,5
229299,178.0,5,5
229300,147.0,5,5
229301,249.0,5,5
229302,214.0,5,5
229303,167.0,5,5
229304,206.0,5,5
229305,149.0,5,5
229306,161.0,5,5
229307,184.0,5,5
229308,188.0,5,5
229309,160.0,5,5
229310,192.0,5,5
229311,130.0,5,5
229312,165.0,5,5
229313,170.0,5,5
229314,170.0,5,5
229315,158.0,5,5
229316,160.0,5,5
229317,117.0,5,5
229318,166.0,5,5
229319,160.0,5,5
229320,126.0,6,5
229321,228.0,6,5
229322,144.0,6,5
229323,147.0,6,5
229324,197.0,6,5
229325,175.0,6,5
229326,204.0,6,5
229327,153.0,6,5
229328,132.0,6,5
229329,178.0,6,5
229330,155.0,6,5
229331,200.0,6,5
229332,149.0,6,5
229333,186.0,6,5
229334,168.0,6,5
229335,217.0,6,5
229336,132.0,6,5
229337,180.0,6,5
229338,174.0,6,5
229339,176.0,6,5
229340,165.0,6,5
229341,208.0,6,5
229342,212.0,6,5
229343,178.0,6,5
229344,201.0,6,5
229345,180.0,6,5
229346,174.0,6,5
229347,160.0,6,5
229348,196.0,6,5
229349,165.0,6,5
229350,180.0,6,5
229351,131.0,6,5
229352,168.0,6,5
229353,163.0,6,5
229354,227.0,6,5
229355,211.0,6,5
229356,160.0,6,5
229357,184.0,6,5
229358,91.0,6,5
229359,181.0,6,5
229360,183.0,6,5
229361,123.0,6,5
229362,272.0,6,5
229363,209.0,6,5
229364,177.0,6,5
229365,178.0,6,5
229366,178.0,6,5
229367,192.0,6,5
229368,178.0,6,5
229369,205.0,6,5
229370,160.0,6,5
229371,169.0,6,5
229372,180.0,6,5
229373,229.0,6,5
229374,220.0,6,5
229375,200.0,6,5
229376,162.0,6,5
229377,208.0,6,5
229378,191.0,6,5
229379,153.0,6,5
229380,182.0,7,5
229381,182.0,7,5
229382,303.0,7,5
229383,168.0,7,5
229384,174.0,7,5
229385,210.0,7,5
229386,212.0,7,5
229387,212.0,7,5
229388,246.0,7,5
229389,188.0,7,5
229390,168.0,7,5
229391,163.0,7,5
229392,193.0,7,5
229393,208.0,7,5
229394,172.0,7,5
229395,208.0,7,5
229396,300.0,7,5
229397,164.0,7,5
229398,171.0,7,5
229399,161.0,7,5
229400,245.0,7,5
229401,155.0,7,5
229402,167.0,7,5
229403,122.0,7,5
229404,184.0,7,5
229405,153.0,7,5
229406,172.0,7,5
229407,138.0,7,5
229408,194.0,7,5
229409,186.0,7,5
229410,202.0,7,5
229411,144.0,7,5
229412,147.0,7,5
229413,170.0,7,5
229414,186.0,7,5
229415,196.0,7,5
229416,170.0,7,5
229417,165.0,7,5
229418,151.0,7,5
229419,169.0,7,5
229420,143.0,7,5
229421,136.0,7,5
229422,237.0,7,5
229423,194.0,7,5
229424,245.0,7,5
229425,205.0,7,5
229426,178.0,7,5
229427,190.0,7,5
229428,155.0,7,5
229429,177.0,7,5
229430,223.0,7,5
229431,148.0,7,5
229432,123.0,7,5
229433,169.0,7,5
229434,239.0,7,5
229435,163.0,7,5
229436,140.0,7,5
229437,159.0,7,5
229438,154.0,7,5
229439,178.0,7,5
229440,153.0,8,5
229441,140.0,8,5
229442,231.0,8,5
229443,141.0,8,5
229444,206.0,8,5
229445,161.0,8,5
229446,189.0,8,5
229447,142.0,8,5
229448,146.0,8,5
229449,204.0,8,5
229450,189.0,8,5
229451,216.0,8,5
229452,184.0,8,5
229453,176.0,8,5
229454,129.0,8,5
229455,177.0,8,5
229456,172.0,8,5
229457,190.0,8,5
229458,244.0,8,5
229459,135.0,8,5
229460,326.0,8,5
229461,186.0,8,5
229462,146.0,8,5
229463,159.0,8,5
229464,215.0,8,5
229465,190.0,8,5
229466,181.0,8,5
229467,169.0,8,5
229468,186.0,8,5
229469,150.0,8,5
229470,233.0,8,5
229471,188.0,8,5
229472,162.0,8,5
229473,163.0,8,5
229474,184.0,8,5
229475,225.0,8,5
229476,193.0,8,5
229477,184.0,8,5
229478,191.0,8,5
229479,192.0,8,5
229480,194.0,8,5
229481,220.0,8,5
229482,131.0,8,5
229483,195.0,8,5
229484,10.0,8,5
229485,7.0,8,5
229486,7.0,8,5
229487,12.0,8,5
229488,17.0,8,5
229489,12.0,8,5
229490,0.0,8,5
229491,1.0,8,5
229492,0.0,8,5
229493,36.0,8,5
229494,750.0,8,5
229495,0.0,8,5
229496,0.0,8,5
229497,0.0,8,5
229498,0.0,8,5
229499,0.0,8,5
229500,0.0,9,5
229501,0.0,9,5
229502,37.0,9,5
229503,0.0,9,5
229504,1137.0,9,5
229505,1318.0,9,5
229506,1100.0,9,5
229507,300.0,9,5
229508,248.0,9,5
229509,249.0,9,5
229510,223.0,9,5
229511,269.0,9,5
229512,0.0,9,5
229513,0.0,9,5
229514,0.0,9,5
229515,0.0,9,5
229516,0.0,9,5
229517,0.0,9,5
229518,0.0,9,5
229519,0.0,9,5
229520,66.0,9,5
229521,150.0,9,5
229522,1181.0,9,5
229523,1254.0,9,5
229524,762.0,9,5
229525,223.0,9,5
229526,209.0,9,5
229527,242.0,9,5
229528,194.0,9,5
229529,243.0,9,5
229530,238.0,9,5
229531,360.0,9,5
229532,240.0,9,5
229533,299.0,9,5
229534,251.0,9,5
229535,246.0,9,5
229536,254.0,9,5
229537,268.0,9,5
229538,151.0,9,5
229539,202.0,9,5
229540,299.0,9,5
229541,289.0,9,5
229542,212.0,9,5
229543,249.0,9,5
229544,213.0,9,5
229545,254.0,9,5
229546,196.0,9,5
229547,202.0,9,5
229548,330.0,9,5
229549,323.0,9,5
229550,293.0,9,5
229551,344.0,9,5
229552,269.0,9,5
229553,270.0,9,5
229554,360.0,9,5
229555,227.0,9,5
229556,135.0,9,5
229557,189.0,9,5
229558,174.0,9,5
229559,278.0,9,5
229560,295.0,10,5
229561,312.0,10,5
229562,232.0,10,5
229563,223.0,10,5
229564,220.0,10,5
229565,445.0,10,5
229566,244.0,10,5
229567,458.0,10,5
229568,259.0,10,5
229569,552.0,10,5
229570,196.0,10,5
229571,511.0,10,5
229572,217.0,10,5
229573,537.0,10,5
229574,275.0,10,5
229575,600.0,10,5
229576,254.0,10,5
229577,439.0,10,5
229578,191.0,10,5
229579,337.0,10,5
229580,235.0,10,5
229581,355.0,10,5
229582,205.0,10,5
229583,287.0,10,5
229584,43.0,10,5
229585,0.0,10,5
229586,0.0,10,5
229587,0.0,10,5
229588,0.0,10,5
229589,0.0,10,5
229590,0.0,10,5
229591,0.0,10,5
229592,0.0,10,5
229593,0.0,10,5
229594,1094.0,10,5
229595,1713.0,10,5
229596,993.0,10,5
229597,398.0,10,5
229598,276.0,10,5
229599,339.0,10,5
229600,395.0,10,5
229601,399.0,10,5
229602,326.0,10,5
229603,383.0,10,5
229604,246.0,10,5
229605,483.0,10,5
229606,385.0,10,5
229607,369.0,10,5
229608,304.0,10,5
229609,401.0,10,5
229610,427.0,10,5
229611,414.0,10,5
229612,359.0,10,5
229613,466.0,10,5
229614,302.0,10,5
229615,429.0,10,5
229616,271.0,10,5
229617,337.0,10,5
229618,330.0,10,5
229619,368.0,10,5
229620,301.0,11,5
229621,375.0,11,5
229622,322.0,11,5
229623,466.0,11,5
229624,382.0,11,5
229625,759.0,11,5
229626,529.0,11,5
229627,640.0,11,5
229628,249.0,11,5
229629,571.0,11,5
229630,332.0,11,5
229631,616.0,11,5
229632,324.0,11,5
229633,593.0,11,5
229634,289.0,11,5
229635,616.0,11,5
229636,322.0,11,5
229637,896.0,11,5
229638,289.0,11,5
229639,540.0,11,5
229640,338.0,11,5
229641,612.0,11,5
229642,411.0,11,5
229643,527.0,11,5
229644,417.0,11,5
229645,465.0,11,5
229646,353.0,11,5
229647,442.0,11,5
229648,315.0,11,5
229649,491.0,11,5
229650,392.0,11,5
229651,418.0,11,5
229652,393.0,11,5
229653,475.0,11,5
229654,315.0,11,5
229655,525.0,11,5
229656,333.0,11,5
229657,393.0,11,5
229658,306.0,11,5
229659,323.0,11,5
229660,309.0,11,5
229661,472.0,11,5
229662,278.0,11,5
229663,399.0,11,5
229664,368.0,11,5
229665,464.0,11,5
229666,337.0,11,5
229667,434.0,11,5
229668,383.0,11,5
229669,437.0,11,5
229670,327.0,11,5
229671,380.0,11,5
229672,264.0,11,5
229673,471.0,11,5
229674,307.0,11,5
229675,370.0,11,5
229676,287.0,11,5
229677,430.0,11,5
229678,361.0,11,5
229679,408.0,11,5
229680,304.0,12,5
229681,269.0,12,5
229682,145.0,12,5
229683,311.0,12,5
229684,161.0,12,5
229685,443.0,12,5
229686,106.0,12,5
229687,472.0,12,5
229688,145.0,12,5
229689,456.0,12,5
229690,147.0,12,5
229691,486.0,12,5
229692,150.0,12,5
229693,489.0,12,5
229694,144.0,12,5
229695,596.0,12,5
229696,149.0,12,5
229697,360.0,12,5
229698,139.0,12,5
229699,233.0,12,5
229700,114.0,12,5
229701,315.0,12,5
229702,136.0,12,5
229703,280.0,12,5
229704,131.0,12,5
229705,238.0,12,5
229706,124.0,12,5
229707,277.0,12,5
229708,215.0,12,5
229709,243.0,12,5
229710,88.0,12,5
229711,210.0,12,5
229712,121.0,12,5
229713,233.0,12,5
229714,102.0,12,5
229715,188.0,12,5
229716,99.0,12,5
229717,205.0,12,5
229718,105.0,12,5
229719,193.0,12,5
229720,104.0,12,5
229721,286.0,12,5
229722,150.0,12,5
229723,281.0,12,5
229724,114.0,12,5
229725,194.0,12,5
229726,91.0,12,5
229727,210.0,12,5
229728,128.0,12,5
229729,207.0,12,5
229730,87.0,12,5
229731,236.0,12,5
229732,116.0,12,5
229733,236.0,12,5
229734,86.0,12,5
229735,214.0,12,5
229736,83.0,12,5
229737,252.0,12,5
229738,126.0,12,5
229739,332.0,12,5
229740,94.0,13,5
229741,250.0,13,5
229742,164.0,13,5
229743,288.0,13,5
229744,152.0,13,5
229745,380.0,13,5
229746,175.0,13,5
229747,296.0,13,5
229748,190.0,13,5
229749,356.0,13,5
229750,205.0,13,5
229751,301.0,13,5
229752,207.0,13,5
229753,370.0,13,5
229754,159.0,13,5
229755,272.0,13,5
229756,224.0,13,5
229757,400.0,13,5
229758,273.0,13,5
229759,326.0,13,5
229760,122.0,13,5
229761,206.0,13,5
229762,274.0,13,5
229763,244.0,13,5
229764,152.0,13,5
229765,175.0,13,5
229766,158.0,13,5
229767,183.0,13,5
229768,101.0,13,5
229769,183.0,13,5
229770,164.0,13,5
229771,171.0,13,5
229772,0.0,13,5
229773,0.0,13,5
229774,0.0,13,5
229775,0.0,13,5
229776,2.0,13,5
229777,0.0,13,5
229778,0.0,13,5
229779,0.0,13,5
229780,0.0,13,5
229781,190.0,13,5
229782,1413.0,13,5
229783,328.0,13,5
229784,75.0,13,5
229785,132.0,13,5
229786,67.0,13,5
229787,144.0,13,5
229788,80.0,13,5
229789,166.0,13,5
229790,108.0,13,5
229791,181.0,13,5
229792,158.0,13,5
229793,163.0,13,5
229794,90.0,13,5
229795,145.0,13,5
229796,94.0,13,5
229797,142.0,13,5
229798,134.0,13,5
229799,126.0,13,5
229800,142.0,14,5
229801,169.0,14,5
229802,294.0,14,5
229803,180.0,14,5
229804,203.0,14,5
229805,313.0,14,5
229806,213.0,14,5
229807,357.0,14,5
229808,270.0,14,5
229809,363.0,14,5
229810,208.0,14,5
229811,335.0,14,5
229812,249.0,14,5
229813,334.0,14,5
229814,268.0,14,5
229815,411.0,14,5
229816,288.0,14,5
229817,166.0,14,5
229818,161.0,14,5
229819,130.0,14,5
229820,212.0,14,5
229821,239.0,14,5
229822,171.0,14,5
229823,127.0,14,5
229824,235.0,14,5
229825,151.0,14,5
229826,171.0,14,5
229827,104.0,14,5
229828,194.0,14,5
229829,114.0,14,5
229830,164.0,14,5
229831,144.0,14,5
229832,162.0,14,5
229833,140.0,14,5
229834,209.0,14,5
229835,120.0,14,5
229836,189.0,14,5
229837,136.0,14,5
229838,243.0,14,5
229839,143.0,14,5
229840,172.0,14,5
229841,178.0,14,5
229842,242.0,14,5
229843,149.0,14,5
229844,216.0,14,5
229845,328.0,14,5
229846,236.0,14,5
229847,134.0,14,5
229848,159.0,14,5
229849,133.0,14,5
229850,238.0,14,5
229851,172.0,14,5
229852,206.0,14,5
229853,128.0,14,5
229854,220.0,14,5
229855,114.0,14,5
229856,207.0,14,5
229857,114.0,14,5
229858,155.0,14,5
229859,134.0,14,5
229860,154.0,15,5
229861,103.0,15,5
229862,166.0,15,5
229863,151.0,15,5
229864,287.0,15,5
229865,231.0,15,5
229866,322.0,15,5
229867,383.0,15,5
229868,499.0,15,5
229869,243.0,15,5
229870,433.0,15,5
229871,223.0,15,5
229872,498.0,15,5
229873,257.0,15,5
229874,500.0,15,5
229875,233.0,15,5
229876,476.0,15,5
229877,155.0,15,5
229878,272.0,15,5
229879,176.0,15,5
229880,251.0,15,5
229881,280.0,15,5
229882,293.0,15,5
229883,189.0,15,5
229884,249.0,15,5
229885,163.0,15,5
229886,184.0,15,5
229887,149.0,15,5
229888,155.0,15,5
229889,127.0,15,5
229890,208.0,15,5
229891,138.0,15,5
229892,219.0,15,5
229893,205.0,15,5
229894,177.0,15,5
229895,176.0,15,5
229896,164.0,15,5
229897,147.0,15,5
229898,144.0,15,5
229899,120.0,15,5
229900,158.0,15,5
229901,175.0,15,5
229902,286.0,15,5
229903,439.0,15,5
229904,222.0,15,5
229905,232.0,15,5
229906,186.0,15,5
229907,146.0,15,5
229908,201.0,15,5
229909,160.0,15,5
229910,244.0,15,5
229911,142.0,15,5
229912,230.0,15,5
229913,191.0,15,5
229914,340.0,15,5
229915,169.0,15,5
229916,216.0,15,5
229917,169.0,15,5
229918,200.0,15,5
229919,139.0,15,5
229920,165.0,16,5
229921,193.0,16,5
229922,206.0,16,5
229923,171.0,16,5
229924,274.0,16,5
229925,251.0,16,5
229926,332.0,16,5
229927,222.0,16,5
229928,385.0,16,5
229929,243.0,16,5
229930,372.0,16,5
229931,317.0,16,5
229932,477.0,16,5
229933,293.0,16,5
229934,432.0,16,5
229935,258.0,16,5
229936,314.0,16,5
229937,189.0,16,5
229938,227.0,16,5
229939,167.0,16,5
229940,225.0,16,5
229941,143.0,16,5
229942,186.0,16,5
229943,114.0,16,5
229944,202.0,16,5
229945,151.0,16,5
229946,168.0,16,5
229947,125.0,16,5
229948,186.0,16,5
229949,156.0,16,5
229950,143.0,16,5
229951,132.0,16,5
229952,153.0,16,5
229953,147.0,16,5
229954,165.0,16,5
229955,165.0,16,5
229956,160.0,16,5
229957,116.0,16,5
229958,175.0,16,5
229959,107.0,16,5
229960,145.0,16,5
229961,141.0,16,5
229962,162.0,16,5
229963,133.0,16,5
229964,187.0,16,5
229965,146.0,16,5
229966,341.0,16,5
229967,153.0,16,5
229968,252.0,16,5
229969,128.0,16,5
229970,175.0,16,5
229971,196.0,16,5
229972,143.0,16,5
229973,142.0,16,5
229974,151.0,16,5
229975,492.0,16,5
229976,131.0,16,5
229977,148.0,16,5
229978,136.0,16,5
229979,114.0,16,5
229980,153.0,17,5
229981,170.0,17,5
229982,142.0,17,5
229983,189.0,17,5
229984,198.0,17,5
229985,135.0,17,5
229986,257.0,17,5
229987,209.0,17,5
229988,313.0,17,5
229989,329.0,17,5
229990,298.0,17,5
229991,219.0,17,5
229992,273.0,17,5
229993,313.0,17,5
229994,424.0,17,5
229995,230.0,17,5
229996,328.0,17,5
229997,256.0,17,5
229998,261.0,17,5
229999,239.0,17,5
230000,212.0,17,5
230001,211.0,17,5
230002,172.0,17,5
230003,148.0,17,5
230004,198.0,17,5
230005,196.0,17,5
230006,207.0,17,5
230007,163.0,17,5
230008,181.0,17,5
230009,181.0,17,5
230010,160.0,17,5
230011,166.0,17,5
230012,195.0,17,5
230013,196.0,17,5
230014,159.0,17,5
230015,225.0,17,5
230016,170.0,17,5
230017,188.0,17,5
230018,175.0,17,5
230019,198.0,17,5
230020,182.0,17,5
230021,262.0,17,5
230022,198.0,17,5
230023,186.0,17,5
230024,171.0,17,5
230025,161.0,17,5
230026,143.0,17,5
230027,207.0,17,5
230028,198.0,17,5
230029,186.0,17,5
230030,191.0,17,5
230031,185.0,17,5
230032,143.0,17,5
230033,168.0,17,5
230034,217.0,17,5
230035,192.0,17,5
230036,149.0,17,5
230037,158.0,17,5
230038,113.0,17,5
230039,98.0,17,5
230040,124.0,18,5
230041,160.0,18,5
230042,156.0,18,5
230043,166.0,18,5
230044,156.0,18,5
230045,258.0,18,5
230046,187.0,18,5
230047,177.0,18,5
230048,314.0,18,5
230049,327.0,18,5
230050,331.0,18,5
230051,323.0,18,5
230052,268.0,18,5
230053,192.0,18,5
230054,148.0,18,5
230055,163.0,18,5
230056,161.0,18,5
230057,165.0,18,5
230058,183.0,18,5
230059,139.0,18,5
230060,189.0,18,5
230061,211.0,18,5
230062,140.0,18,5
230063,156.0,18,5
230064,148.0,18,5
230065,133.0,18,5
230066,102.0,18,5
230067,117.0,18,5
230068,119.0,18,5
230069,117.0,18,5
230070,117.0,18,5
230071,149.0,18,5
230072,104.0,18,5
230073,143.0,18,5
230074,203.0,18,5
230075,207.0,18,5
230076,223.0,18,5
230077,123.0,18,5
230078,131.0,18,5
230079,108.0,18,5
230080,118.0,18,5
230081,131.0,18,5
230082,116.0,18,5
230083,160.0,18,5
230084,158.0,18,5
230085,170.0,18,5
230086,153.0,18,5
230087,161.0,18,5
230088,200.0,18,5
230089,144.0,18,5
230090,252.0,18,5
230091,219.0,18,5
230092,191.0,18,5
230093,193.0,18,5
230094,184.0,18,5
230095,174.0,18,5
230096,163.0,18,5
230097,226.0,18,5
230098,148.0,18,5
230099,122.0,18,5
230100,171.0,19,5
230101,285.0,19,5
230102,138.0,19,5
230103,105.0,19,5
230104,135.0,19,5
230105,239.0,19,5
230106,139.0,19,5
230107,242.0,19,5
230108,205.0,19,5
230109,335.0,19,5
230110,146.0,19,5
230111,172.0,19,5
230112,108.0,19,5
230113,123.0,19,5
230114,128.0,19,5
230115,164.0,19,5
230116,124.0,19,5
230117,159.0,19,5
230118,98.0,19,5
230119,121.0,19,5
230120,192.0,19,5
230121,279.0,19,5
230122,133.0,19,5
230123,132.0,19,5
230124,131.0,19,5
230125,120.0,19,5
230126,99.0,19,5
230127,112.0,19,5
230128,110.0,19,5
230129,136.0,19,5
230130,131.0,19,5
230131,147.0,19,5
230132,130.0,19,5
230133,142.0,19,5
230134,145.0,19,5
230135,147.0,19,5
230136,100.0,19,5
230137,123.0,19,5
230138,175.0,19,5
230139,150.0,19,5
230140,114.0,19,5
230141,140.0,19,5
230142,164.0,19,5
230143,133.0,19,5
230144,122.0,19,5
230145,120.0,19,5
230146,139.0,19,5
230147,185.0,19,5
230148,114.0,19,5
230149,159.0,19,5
230150,159.0,19,5
230151,190.0,19,5
230152,166.0,19,5
230153,118.0,19,5
230154,150.0,19,5
230155,146.0,19,5
230156,142.0,19,5
230157,166.0,19,5
230158,125.0,19,5
230159,189.0,19,5
230160,129.0,20,5
230161,296.0,20,5
230162,188.0,20,5
230163,174.0,20,5
230164,195.0,20,5
230165,256.0,20,5
230166,152.0,20,5
230167,168.0,20,5
230168,147.0,20,5
230169,206.0,20,5
230170,185.0,20,5
230171,158.0,20,5
230172,175.0,20,5
230173,197.0,20,5
230174,162.0,20,5
230175,161.0,20,5
230176,207.0,20,5
230177,152.0,20,5
230178,168.0,20,5
230179,174.0,20,5
230180,201.0,20,5
230181,153.0,20,5
230182,177.0,20,5
230183,145.0,20,5
230184,147.0,20,5
230185,120.0,20,5
230186,121.0,20,5
230187,183.0,20,5
230188,101.0,20,5
230189,136.0,20,5
230190,109.0,20,5
230191,139.0,20,5
230192,120.0,20,5
230193,129.0,20,5
230194,118.0,20,5
230195,98.0,20,5
230196,128.0,20,5
230197,136.0,20,5
230198,103.0,20,5
230199,96.0,20,5
230200,285.0,20,5
230201,105.0,20,5
230202,98.0,20,5
230203,68.0,20,5
230204,86.0,20,5
230205,169.0,20,5
230206,118.0,20,5
230207,116.0,20,5
230208,139.0,20,5
230209,140.0,20,5
230210,136.0,20,5
230211,100.0,20,5
230212,70.0,20,5
230213,126.0,20,5
230214,98.0,20,5
230215,124.0,20,5
230216,97.0,20,5
230217,143.0,20,5
230218,74.0,20,5
230219,107.0,20,5
230220,139.0,21,5
230221,144.0,21,5
230222,89.0,21,5
230223,112.0,21,5
230224,92.0,21,5
230225,119.0,21,5
230226,139.0,21,5
230227,104.0,21,5
230228,109.0,21,5
230229,98.0,21,5
230230,99.0,21,5
230231,132.0,21,5
230232,106.0,21,5
230233,123.0,21,5
230234,93.0,21,5
230235,108.0,21,5
230236,104.0,21,5
230237,112.0,21,5
230238,130.0,21,5
230239,169.0,21,5
230240,217.0,21,5
230241,285.0,21,5
230242,133.0,21,5
230243,148.0,21,5
230244,93.0,21,5
230245,97.0,21,5
230246,89.0,21,5
230247,124.0,21,5
230248,123.0,21,5
230249,114.0,21,5
230250,105.0,21,5
230251,103.0,21,5
230252,109.0,21,5
230253,110.0,21,5
230254,104.0,21,5
230255,120.0,21,5
230256,82.0,21,5
230257,106.0,21,5
230258,121.0,21,5
230259,97.0,21,5
230260,100.0,21,5
230261,48.0,21,5
230262,129.0,21,5
230263,297.0,21,5
230264,130.0,21,5
230265,122.0,21,5
230266,111.0,21,5
230267,101.0,21,5
230268,98.0,21,5
230269,104.0,21,5
230270,119.0,21,5
230271,191.0,21,5
230272,122.0,21,5
230273,139.0,21,5
230274,122.0,21,5
230275,123.0,21,5
230276,84.0,21,5
230277,134.0,21,5
230278,105.0,21,5
230279,158.0,21,5
230280,162.0,22,5
230281,248.0,22,5
230282,161.0,22,5
230283,158.0,22,5
230284,147.0,22,5
230285,229.0,22,5
230286,155.0,22,5
230287,166.0,22,5
230288,144.0,22,5
230289,146.0,22,5
230290,130.0,22,5
230291,113.0,22,5
230292,80.0,22,5
230293,145.0,22,5
230294,100.0,22,5
230295,147.0,22,5
230296,110.0,22,5
230297,114.0,22,5
230298,93.0,22,5
230299,159.0,22,5
230300,130.0,22,5
230301,256.0,22,5
230302,109.0,22,5
230303,168.0,22,5
230304,133.0,22,5
230305,155.0,22,5
230306,131.0,22,5
230307,122.0,22,5
230308,93.0,22,5
230309,120.0,22,5
230310,108.0,22,5
230311,121.0,22,5
230312,104.0,22,5
230313,152.0,22,5
230314,107.0,22,5
230315,210.0,22,5
230316,122.0,22,5
230317,126.0,22,5
230318,154.0,22,5
230319,143.0,22,5
230320,92.0,22,5
230321,235.0,22,5
230322,93.0,22,5
230323,158.0,22,5
230324,101.0,22,5
230325,97.0,22,5
230326,98.0,22,5
230327,129.0,22,5
230328,89.0,22,5
230329,156.0,22,5
230330,149.0,22,5
230331,138.0,22,5
230332,83.0,22,5
230333,135.0,22,5
230334,112.0,22,5
230335,140.0,22,5
230336,107.0,22,5
230337,113.0,22,5
230338,59.0,22,5
230339,139.0,22,5
230340,76.0,23,5
230341,236.0,23,5
230342,76.0,23,5
230343,124.0,23,5
230344,96.0,23,5
230345,164.0,23,5
230346,126.0,23,5
230347,158.0,23,5
230348,82.0,23,5
230349,113.0,23,5
230350,80.0,23,5
230351,134.0,23,5
230352,69.0,23,5
230353,139.0,23,5
230354,55.0,23,5
230355,151.0,23,5
230356,108.0,23,5
230357,116.0,23,5
230358,81.0,23,5
230359,146.0,23,5
230360,105.0,23,5
230361,278.0,23,5
230362,85.0,23,5
230363,142.0,23,5
230364,153.0,23,5
230365,182.0,23,5
230366,129.0,23,5
230367,191.0,23,5
230368,113.0,23,5
230369,153.0,23,5
230370,333.0,23,5
230371,992.0,23,5
230372,1036.0,23,5
230373,763.0,23,5
230374,82.0,23,5
230375,206.0,23,5
230376,167.0,23,5
230377,143.0,23,5
230378,123.0,23,5
230379,161.0,23,5
230380,133.0,23,5
230381,146.0,23,5
230382,144.0,23,5
230383,110.0,23,5
230384,97.0,23,5
230385,103.0,23,5
230386,158.0,23,5
230387,89.0,23,5
230388,105.0,23,5
230389,101.0,23,5
230390,97.0,23,5
230391,129.0,23,5
230392,134.0,23,5
230393,83.0,23,5
230394,86.0,23,5
230395,118.0,23,5
230396,91.0,23,5
230397,113.0,23,5
230398,81.0,23,5
230399,94.0,23,5
230400,106.0,0,6
230401,180.0,0,6
230402,100.0,0,6
230403,77.0,0,6
230404,52.0,0,6
230405,98.0,0,6
230406,104.0,0,6
230407,93.0,0,6
230408,97.0,0,6
230409,101.0,0,6
230410,72.0,0,6
230411,100.0,0,6
230412,85.0,0,6
230413,101.0,0,6
230414,96.0,0,6
230415,151.0,0,6
230416,79.0,0,6
230417,120.0,0,6
230418,74.0,0,6
230419,113.0,0,6
230420,117.0,0,6
230421,166.0,0,6
230422,128.0,0,6
230423,85.0,0,6
230424,89.0,0,6
230425,93.0,0,6
230426,66.0,0,6
230427,70.0,0,6
230428,78.0,0,6
230429,77.0,0,6
230430,90.0,0,6
230431,101.0,0,6
230432,59.0,0,6
230433,87.0,0,6
230434,77.0,0,6
230435,111.0,0,6
230436,66.0,0,6
230437,60.0,0,6
230438,70.0,0,6
230439,86.0,0,6
230440,60.0,0,6
230441,85.0,0,6
230442,171.0,0,6
230443,80.0,0,6
230444,57.0,0,6
230445,76.0,0,6
230446,48.0,0,6
230447,60.0,0,6
230448,98.0,0,6
230449,82.0,0,6
230450,75.0,0,6
230451,69.0,0,6
230452,86.0,0,6
230453,68.0,0,6
230454,79.0,0,6
230455,72.0,0,6
230456,60.0,0,6
230457,66.0,0,6
230458,61.0,0,6
230459,76.0,0,6
230460,2.0,1,6
230461,20.0,1,6
230462,12.0,1,6
230463,17.0,1,6
230464,29.0,1,6
230465,27.0,1,6
230466,12.0,1,6
230467,17.0,1,6
230468,23.0,1,6
230469,17.0,1,6
230470,8.0,1,6
230471,14.0,1,6
230472,17.0,1,6
230473,12.0,1,6
230474,9.0,1,6
230475,22.0,1,6
230476,12.0,1,6
230477,23.0,1,6
230478,16.0,1,6
230479,16.0,1,6
230480,14.0,1,6
230481,14.0,1,6
230482,19.0,1,6
230483,14.0,1,6
230484,10.0,1,6
230485,15.0,1,6
230486,4.0,1,6
230487,12.0,1,6
230488,10.0,1,6
230489,13.0,1,6
230490,14.0,1,6
230491,9.0,1,6
230492,16.0,1,6
230493,21.0,1,6
230494,22.0,1,6
230495,14.0,1,6
230496,8.0,1,6
230497,7.0,1,6
230498,10.0,1,6
230499,4.0,1,6
230500,5.0,1,6
230501,6.0,1,6
230502,27.0,1,6
230503,14.0,1,6
230504,3.0,1,6
230505,17.0,1,6
230506,8.0,1,6
230507,16.0,1,6
230508,6.0,1,6
230509,13.0,1,6
230510,12.0,1,6
230511,7.0,1,6
230512,7.0,1,6
230513,9.0,1,6
230514,12.0,1,6
230515,5.0,1,6
230516,8.0,1,6
230517,12.0,1,6
230518,9.0,1,6
230519,21.0,1,6
230520,28.0,2,6
230521,16.0,2,6
230522,14.0,2,6
230523,14.0,2,6
230524,9.0,2,6
230525,21.0,2,6
230526,13.0,2,6
230527,7.0,2,6
230528,23.0,2,6
230529,22.0,2,6
230530,9.0,2,6
230531,27.0,2,6
230532,7.0,2,6
230533,14.0,2,6
230534,4.0,2,6
230535,58.0,2,6
230536,18.0,2,6
230537,16.0,2,6
230538,14.0,2,6
230539,18.0,2,6
230540,12.0,2,6
230541,45.0,2,6
230542,14.0,2,6
230543,16.0,2,6
230544,9.0,2,6
230545,59.0,2,6
230546,12.0,2,6
230547,19.0,2,6
230548,12.0,2,6
230549,22.0,2,6
230550,18.0,2,6
230551,50.0,2,6
230552,12.0,2,6
230553,21.0,2,6
230554,13.0,2,6
230555,58.0,2,6
230556,22.0,2,6
230557,20.0,2,6
230558,8.0,2,6
230559,25.0,2,6
230560,15.0,2,6
230561,32.0,2,6
230562,14.0,2,6
230563,19.0,2,6
230564,18.0,2,6
230565,27.0,2,6
230566,18.0,2,6
230567,14.0,2,6
230568,8.0,2,6
230569,10.0,2,6
230570,5.0,2,6
230571,13.0,2,6
230572,12.0,2,6
230573,8.0,2,6
230574,7.0,2,6
230575,33.0,2,6
230576,9.0,2,6
230577,14.0,2,6
230578,5.0,2,6
230579,10.0,2,6
230580,26.0,3,6
230581,28.0,3,6
230582,10.0,3,6
230583,4.0,3,6
230584,1.0,3,6
230585,13.0,3,6
230586,4.0,3,6
230587,14.0,3,6
230588,4.0,3,6
230589,14.0,3,6
230590,4.0,3,6
230591,15.0,3,6
230592,9.0,3,6
230593,19.0,3,6
230594,3.0,3,6
230595,32.0,3,6
230596,8.0,3,6
230597,10.0,3,6
230598,9.0,3,6
230599,13.0,3,6
230600,40.0,3,6
230601,30.0,3,6
230602,16.0,3,6
230603,13.0,3,6
230604,20.0,3,6
230605,51.0,3,6
230606,19.0,3,6
230607,16.0,3,6
230608,16.0,3,6
230609,16.0,3,6
230610,4.0,3,6
230611,17.0,3,6
230612,4.0,3,6
230613,5.0,3,6
230614,3.0,3,6
230615,15.0,3,6
230616,5.0,3,6
230617,7.0,3,6
230618,7.0,3,6
230619,17.0,3,6
230620,28.0,3,6
230621,29.0,3,6
230622,7.0,3,6
230623,5.0,3,6
230624,7.0,3,6
230625,17.0,3,6
230626,5.0,3,6
230627,12.0,3,6
230628,10.0,3,6
230629,23.0,3,6
230630,15.0,3,6
230631,14.0,3,6
230632,6.0,3,6
230633,17.0,3,6
230634,12.0,3,6
230635,39.0,3,6
230636,22.0,3,6
230637,19.0,3,6
230638,18.0,3,6
230639,32.0,3,6
230640,48.0,4,6
230641,50.0,4,6
230642,22.0,4,6
230643,39.0,4,6
230644,7.0,4,6
230645,30.0,4,6
230646,6.0,4,6
230647,43.0,4,6
230648,12.0,4,6
230649,21.0,4,6
230650,9.0,4,6
230651,15.0,4,6
230652,13.0,4,6
230653,13.0,4,6
230654,3.0,4,6
230655,19.0,4,6
230656,8.0,4,6
230657,30.0,4,6
230658,18.0,4,6
230659,17.0,4,6
230660,29.0,4,6
230661,34.0,4,6
230662,6.0,4,6
230663,15.0,4,6
230664,17.0,4,6
230665,27.0,4,6
230666,7.0,4,6
230667,15.0,4,6
230668,10.0,4,6
230669,14.0,4,6
230670,14.0,4,6
230671,10.0,4,6
230672,14.0,4,6
230673,20.0,4,6
230674,20.0,4,6
230675,43.0,4,6
230676,10.0,4,6
230677,4.0,4,6
230678,17.0,4,6
230679,26.0,4,6
230680,28.0,4,6
230681,56.0,4,6
230682,21.0,4,6
230683,18.0,4,6
230684,9.0,4,6
230685,32.0,4,6
230686,6.0,4,6
230687,15.0,4,6
230688,9.0,4,6
230689,8.0,4,6
230690,5.0,4,6
230691,12.0,4,6
230692,4.0,4,6
230693,13.0,4,6
230694,3.0,4,6
230695,14.0,4,6
230696,2.0,4,6
230697,5.0,4,6
230698,6.0,4,6
230699,9.0,4,6
230700,7.0,5,6
230701,15.0,5,6
230702,8.0,5,6
230703,6.0,5,6
230704,10.0,5,6
230705,16.0,5,6
230706,6.0,5,6
230707,12.0,5,6
230708,3.0,5,6
230709,9.0,5,6
230710,5.0,5,6
230711,8.0,5,6
230712,10.0,5,6
230713,2.0,5,6
230714,14.0,5,6
230715,26.0,5,6
230716,5.0,5,6
230717,12.0,5,6
230718,7.0,5,6
230719,14.0,5,6
230720,6.0,5,6
230721,67.0,5,6
230722,6.0,5,6
230723,9.0,5,6
230724,2.0,5,6
230725,17.0,5,6
230726,12.0,5,6
230727,9.0,5,6
230728,7.0,5,6
230729,18.0,5,6
230730,7.0,5,6
230731,5.0,5,6
230732,5.0,5,6
230733,15.0,5,6
230734,6.0,5,6
230735,50.0,5,6
230736,13.0,5,6
230737,6.0,5,6
230738,7.0,5,6
230739,9.0,5,6
230740,6.0,5,6
230741,66.0,5,6
230742,3.0,5,6
230743,12.0,5,6
230744,7.0,5,6
230745,45.0,5,6
230746,15.0,5,6
230747,19.0,5,6
230748,12.0,5,6
230749,21.0,5,6
230750,7.0,5,6
230751,17.0,5,6
230752,6.0,5,6
230753,21.0,5,6
230754,7.0,5,6
230755,38.0,5,6
230756,7.0,5,6
230757,9.0,5,6
230758,8.0,5,6
230759,30.0,5,6
230760,9.0,6,6
230761,38.0,6,6
230762,20.0,6,6
230763,9.0,6,6
230764,14.0,6,6
230765,37.0,6,6
230766,14.0,6,6
230767,13.0,6,6
230768,9.0,6,6
230769,13.0,6,6
230770,9.0,6,6
230771,23.0,6,6
230772,3.0,6,6
230773,10.0,6,6
230774,2.0,6,6
230775,35.0,6,6
230776,4.0,6,6
230777,23.0,6,6
230778,4.0,6,6
230779,15.0,6,6
230780,2.0,6,6
230781,48.0,6,6
230782,15.0,6,6
230783,14.0,6,6
230784,7.0,6,6
230785,35.0,6,6
230786,18.0,6,6
230787,10.0,6,6
230788,13.0,6,6
230789,24.0,6,6
230790,12.0,6,6
230791,23.0,6,6
230792,15.0,6,6
230793,30.0,6,6
230794,19.0,6,6
230795,57.0,6,6
230796,26.0,6,6
230797,38.0,6,6
230798,21.0,6,6
230799,29.0,6,6
230800,21.0,6,6
230801,72.0,6,6
230802,47.0,6,6
230803,34.0,6,6
230804,24.0,6,6
230805,39.0,6,6
230806,16.0,6,6
230807,30.0,6,6
230808,14.0,6,6
230809,30.0,6,6
230810,18.0,6,6
230811,34.0,6,6
230812,12.0,6,6
230813,21.0,6,6
230814,44.0,6,6
230815,63.0,6,6
230816,19.0,6,6
230817,38.0,6,6
230818,5.0,6,6
230819,23.0,6,6
230820,13.0,7,6
230821,60.0,7,6
230822,40.0,7,6
230823,21.0,7,6
230824,23.0,7,6
230825,91.0,7,6
230826,22.0,7,6
230827,16.0,7,6
230828,13.0,7,6
230829,15.0,7,6
230830,12.0,7,6
230831,13.0,7,6
230832,12.0,7,6
230833,14.0,7,6
230834,19.0,7,6
230835,44.0,7,6
230836,21.0,7,6
230837,51.0,7,6
230838,26.0,7,6
230839,37.0,7,6
230840,39.0,7,6
230841,46.0,7,6
230842,16.0,7,6
230843,13.0,7,6
230844,32.0,7,6
230845,49.0,7,6
230846,64.0,7,6
230847,17.0,7,6
230848,12.0,7,6
230849,25.0,7,6
230850,16.0,7,6
230851,20.0,7,6
230852,15.0,7,6
230853,44.0,7,6
230854,33.0,7,6
230855,59.0,7,6
230856,22.0,7,6
230857,27.0,7,6
230858,24.0,7,6
230859,22.0,7,6
230860,27.0,7,6
230861,96.0,7,6
230862,37.0,7,6
230863,22.0,7,6
230864,36.0,7,6
230865,48.0,7,6
230866,25.0,7,6
230867,37.0,7,6
230868,21.0,7,6
230869,33.0,7,6
230870,44.0,7,6
230871,26.0,7,6
230872,89.0,7,6
230873,26.0,7,6
230874,35.0,7,6
230875,49.0,7,6
230876,56.0,7,6
230877,41.0,7,6
230878,59.0,7,6
230879,47.0,7,6
230880,23.0,8,6
230881,104.0,8,6
230882,62.0,8,6
230883,44.0,8,6
230884,83.0,8,6
230885,76.0,8,6
230886,65.0,8,6
230887,57.0,8,6
230888,34.0,8,6
230889,55.0,8,6
230890,52.0,8,6
230891,60.0,8,6
230892,50.0,8,6
230893,54.0,8,6
230894,39.0,8,6
230895,75.0,8,6
230896,24.0,8,6
230897,47.0,8,6
230898,30.0,8,6
230899,40.0,8,6
230900,42.0,8,6
230901,58.0,8,6
230902,83.0,8,6
230903,43.0,8,6
230904,19.0,8,6
230905,70.0,8,6
230906,40.0,8,6
230907,30.0,8,6
230908,40.0,8,6
230909,50.0,8,6
230910,37.0,8,6
230911,72.0,8,6
230912,28.0,8,6
230913,52.0,8,6
230914,36.0,8,6
230915,153.0,8,6
230916,40.0,8,6
230917,34.0,8,6
230918,38.0,8,6
230919,51.0,8,6
230920,48.0,8,6
230921,123.0,8,6
230922,102.0,8,6
230923,62.0,8,6
230924,42.0,8,6
230925,83.0,8,6
230926,90.0,8,6
230927,45.0,8,6
230928,51.0,8,6
230929,42.0,8,6
230930,44.0,8,6
230931,116.0,8,6
230932,43.0,8,6
230933,44.0,8,6
230934,41.0,8,6
230935,70.0,8,6
230936,82.0,8,6
230937,72.0,8,6
230938,39.0,8,6
230939,44.0,8,6
230940,47.0,9,6
230941,130.0,9,6
230942,150.0,9,6
230943,98.0,9,6
230944,102.0,9,6
230945,126.0,9,6
230946,86.0,9,6
230947,108.0,9,6
230948,65.0,9,6
230949,102.0,9,6
230950,72.0,9,6
230951,120.0,9,6
230952,125.0,9,6
230953,122.0,9,6
230954,139.0,9,6
230955,71.0,9,6
230956,46.0,9,6
230957,92.0,9,6
230958,54.0,9,6
230959,85.0,9,6
230960,83.0,9,6
230961,84.0,9,6
230962,165.0,9,6
230963,64.0,9,6
230964,77.0,9,6
230965,91.0,9,6
230966,87.0,9,6
230967,75.0,9,6
230968,50.0,9,6
230969,92.0,9,6
230970,61.0,9,6
230971,161.0,9,6
230972,57.0,9,6
230973,84.0,9,6
230974,66.0,9,6
230975,93.0,9,6
230976,97.0,9,6
230977,87.0,9,6
230978,56.0,9,6
230979,81.0,9,6
230980,55.0,9,6
230981,66.0,9,6
230982,168.0,9,6
230983,74.0,9,6
230984,90.0,9,6
230985,125.0,9,6
230986,131.0,9,6
230987,99.0,9,6
230988,101.0,9,6
230989,139.0,9,6
230990,79.0,9,6
230991,119.0,9,6
230992,66.0,9,6
230993,77.0,9,6
230994,118.0,9,6
230995,75.0,9,6
230996,70.0,9,6
230997,65.0,9,6
230998,61.0,9,6
230999,99.0,9,6
231000,71.0,10,6
231001,84.0,10,6
231002,99.0,10,6
231003,164.0,10,6
231004,120.0,10,6
231005,299.0,10,6
231006,79.0,10,6
231007,349.0,10,6
231008,118.0,10,6
231009,365.0,10,6
231010,110.0,10,6
231011,374.0,10,6
231012,106.0,10,6
231013,428.0,10,6
231014,139.0,10,6
231015,447.0,10,6
231016,218.0,10,6
231017,273.0,10,6
231018,94.0,10,6
231019,228.0,10,6
231020,136.0,10,6
231021,210.0,10,6
231022,146.0,10,6
231023,195.0,10,6
231024,168.0,10,6
231025,228.0,10,6
231026,143.0,10,6
231027,223.0,10,6
231028,182.0,10,6
231029,343.0,10,6
231030,103.0,10,6
231031,159.0,10,6
231032,166.0,10,6
231033,212.0,10,6
231034,212.0,10,6
231035,331.0,10,6
231036,247.0,10,6
231037,275.0,10,6
231038,161.0,10,6
231039,302.0,10,6
231040,138.0,10,6
231041,282.0,10,6
231042,231.0,10,6
231043,278.0,10,6
231044,164.0,10,6
231045,224.0,10,6
231046,124.0,10,6
231047,227.0,10,6
231048,167.0,10,6
231049,212.0,10,6
231050,161.0,10,6
231051,235.0,10,6
231052,136.0,10,6
231053,276.0,10,6
231054,135.0,10,6
231055,273.0,10,6
231056,108.0,10,6
231057,215.0,10,6
231058,105.0,10,6
231059,207.0,10,6
231060,138.0,11,6
231061,207.0,11,6
231062,214.0,11,6
231063,155.0,11,6
231064,232.0,11,6
231065,511.0,11,6
231066,167.0,11,6
231067,482.0,11,6
231068,209.0,11,6
231069,608.0,11,6
231070,131.0,11,6
231071,570.0,11,6
231072,124.0,11,6
231073,559.0,11,6
231074,123.0,11,6
231075,539.0,11,6
231076,211.0,11,6
231077,484.0,11,6
231078,146.0,11,6
231079,249.0,11,6
231080,88.0,11,6
231081,273.0,11,6
231082,1.0,11,6
231083,1.0,11,6
231084,2.0,11,6
231085,4.0,11,6
231086,1.0,11,6
231087,3.0,11,6
231088,4.0,11,6
231089,0.0,11,6
231090,0.0,11,6
231091,108.0,11,6
231092,698.0,11,6
231093,975.0,11,6
231094,776.0,11,6
231095,267.0,11,6
231096,268.0,11,6
231097,210.0,11,6
231098,182.0,11,6
231099,253.0,11,6
231100,289.0,11,6
231101,286.0,11,6
231102,134.0,11,6
231103,219.0,11,6
231104,136.0,11,6
231105,245.0,11,6
231106,204.0,11,6
231107,298.0,11,6
231108,192.0,11,6
231109,247.0,11,6
231110,196.0,11,6
231111,296.0,11,6
231112,122.0,11,6
231113,328.0,11,6
231114,146.0,11,6
231115,224.0,11,6
231116,178.0,11,6
231117,231.0,11,6
231118,182.0,11,6
231119,228.0,11,6
231120,150.0,12,6
231121,258.0,12,6
231122,120.0,12,6
231123,229.0,12,6
231124,140.0,12,6
231125,398.0,12,6
231126,234.0,12,6
231127,384.0,12,6
231128,203.0,12,6
231129,418.0,12,6
231130,134.0,12,6
231131,527.0,12,6
231132,140.0,12,6
231133,497.0,12,6
231134,216.0,12,6
231135,474.0,12,6
231136,152.0,12,6
231137,471.0,12,6
231138,180.0,12,6
231139,354.0,12,6
231140,169.0,12,6
231141,321.0,12,6
231142,151.0,12,6
231143,294.0,12,6
231144,175.0,12,6
231145,281.0,12,6
231146,319.0,12,6
231147,424.0,12,6
231148,380.0,12,6
231149,539.0,12,6
231150,370.0,12,6
231151,460.0,12,6
231152,323.0,12,6
231153,501.0,12,6
231154,355.0,12,6
231155,452.0,12,6
231156,438.0,12,6
231157,579.0,12,6
231158,329.0,12,6
231159,447.0,12,6
231160,267.0,12,6
231161,517.0,12,6
231162,275.0,12,6
231163,442.0,12,6
231164,352.0,12,6
231165,412.0,12,6
231166,327.0,12,6
231167,403.0,12,6
231168,319.0,12,6
231169,422.0,12,6
231170,330.0,12,6
231171,463.0,12,6
231172,403.0,12,6
231173,464.0,12,6
231174,364.0,12,6
231175,501.0,12,6
231176,361.0,12,6
231177,439.0,12,6
231178,311.0,12,6
231179,436.0,12,6
231180,393.0,13,6
231181,500.0,13,6
231182,304.0,13,6
231183,486.0,13,6
231184,300.0,13,6
231185,590.0,13,6
231186,427.0,13,6
231187,605.0,13,6
231188,327.0,13,6
231189,632.0,13,6
231190,404.0,13,6
231191,659.0,13,6
231192,337.0,13,6
231193,592.0,13,6
231194,342.0,13,6
231195,623.0,13,6
231196,301.0,13,6
231197,691.0,13,6
231198,383.0,13,6
231199,474.0,13,6
231200,329.0,13,6
231201,520.0,13,6
231202,342.0,13,6
231203,456.0,13,6
231204,279.0,13,6
231205,432.0,13,6
231206,298.0,13,6
231207,426.0,13,6
231208,318.0,13,6
231209,363.0,13,6
231210,251.0,13,6
231211,297.0,13,6
231212,266.0,13,6
231213,379.0,13,6
231214,255.0,13,6
231215,375.0,13,6
231216,304.0,13,6
231217,313.0,13,6
231218,278.0,13,6
231219,326.0,13,6
231220,251.0,13,6
231221,365.0,13,6
231222,190.0,13,6
231223,294.0,13,6
231224,198.0,13,6
231225,262.0,13,6
231226,219.0,13,6
231227,245.0,13,6
231228,232.0,13,6
231229,231.0,13,6
231230,227.0,13,6
231231,236.0,13,6
231232,173.0,13,6
231233,256.0,13,6
231234,203.0,13,6
231235,234.0,13,6
231236,234.0,13,6
231237,238.0,13,6
231238,176.0,13,6
231239,220.0,13,6
231240,174.0,14,6
231241,240.0,14,6
231242,174.0,14,6
231243,232.0,14,6
231244,178.0,14,6
231245,397.0,14,6
231246,272.0,14,6
231247,552.0,14,6
231248,300.0,14,6
231249,607.0,14,6
231250,265.0,14,6
231251,607.0,14,6
231252,254.0,14,6
231253,605.0,14,6
231254,274.0,14,6
231255,525.0,14,6
231256,295.0,14,6
231257,450.0,14,6
231258,295.0,14,6
231259,348.0,14,6
231260,291.0,14,6
231261,432.0,14,6
231262,288.0,14,6
231263,311.0,14,6
231264,296.0,14,6
231265,377.0,14,6
231266,251.0,14,6
231267,398.0,14,6
231268,275.0,14,6
231269,343.0,14,6
231270,220.0,14,6
231271,334.0,14,6
231272,250.0,14,6
231273,291.0,14,6
231274,246.0,14,6
231275,310.0,14,6
231276,274.0,14,6
231277,307.0,14,6
231278,326.0,14,6
231279,306.0,14,6
231280,239.0,14,6
231281,353.0,14,6
231282,273.0,14,6
231283,421.0,14,6
231284,237.0,14,6
231285,314.0,14,6
231286,206.0,14,6
231287,268.0,14,6
231288,258.0,14,6
231289,327.0,14,6
231290,264.0,14,6
231291,303.0,14,6
231292,238.0,14,6
231293,276.0,14,6
231294,267.0,14,6
231295,365.0,14,6
231296,259.0,14,6
231297,275.0,14,6
231298,265.0,14,6
231299,304.0,14,6
231300,270.0,15,6
231301,478.0,15,6
231302,264.0,15,6
231303,430.0,15,6
231304,237.0,15,6
231305,414.0,15,6
231306,257.0,15,6
231307,525.0,15,6
231308,254.0,15,6
231309,455.0,15,6
231310,252.0,15,6
231311,522.0,15,6
231312,212.0,15,6
231313,463.0,15,6
231314,398.0,15,6
231315,568.0,15,6
231316,279.0,15,6
231317,534.0,15,6
231318,239.0,15,6
231319,462.0,15,6
231320,251.0,15,6
231321,482.0,15,6
231322,373.0,15,6
231323,421.0,15,6
231324,284.0,15,6
231325,445.0,15,6
231326,365.0,15,6
231327,418.0,15,6
231328,338.0,15,6
231329,403.0,15,6
231330,359.0,15,6
231331,477.0,15,6
231332,350.0,15,6
231333,408.0,15,6
231334,298.0,15,6
231335,427.0,15,6
231336,342.0,15,6
231337,350.0,15,6
231338,302.0,15,6
231339,421.0,15,6
231340,229.0,15,6
231341,231.0,15,6
231342,156.0,15,6
231343,244.0,15,6
231344,143.0,15,6
231345,186.0,15,6
231346,146.0,15,6
231347,217.0,15,6
231348,127.0,15,6
231349,200.0,15,6
231350,149.0,15,6
231351,213.0,15,6
231352,122.0,15,6
231353,223.0,15,6
231354,148.0,15,6
231355,271.0,15,6
231356,135.0,15,6
231357,183.0,15,6
231358,225.0,15,6
231359,172.0,15,6
231360,246.0,16,6
231361,182.0,16,6
231362,112.0,16,6
231363,275.0,16,6
231364,229.0,16,6
231365,310.0,16,6
231366,160.0,16,6
231367,286.0,16,6
231368,169.0,16,6
231369,478.0,16,6
231370,228.0,16,6
231371,411.0,16,6
231372,209.0,16,6
231373,196.0,16,6
231374,169.0,16,6
231375,233.0,16,6
231376,177.0,16,6
231377,192.0,16,6
231378,109.0,16,6
231379,186.0,16,6
231380,165.0,16,6
231381,294.0,16,6
231382,190.0,16,6
231383,227.0,16,6
231384,218.0,16,6
231385,227.0,16,6
231386,129.0,16,6
231387,213.0,16,6
231388,109.0,16,6
231389,195.0,16,6
231390,106.0,16,6
231391,308.0,16,6
231392,191.0,16,6
231393,232.0,16,6
231394,147.0,16,6
231395,228.0,16,6
231396,107.0,16,6
231397,136.0,16,6
231398,144.0,16,6
231399,261.0,16,6
231400,130.0,16,6
231401,190.0,16,6
231402,145.0,16,6
231403,247.0,16,6
231404,297.0,16,6
231405,171.0,16,6
231406,123.0,16,6
231407,188.0,16,6
231408,176.0,16,6
231409,216.0,16,6
231410,210.0,16,6
231411,292.0,16,6
231412,236.0,16,6
231413,346.0,16,6
231414,280.0,16,6
231415,218.0,16,6
231416,169.0,16,6
231417,204.0,16,6
231418,232.0,16,6
231419,174.0,16,6
231420,236.0,17,6
231421,146.0,17,6
231422,279.0,17,6
231423,502.0,17,6
231424,225.0,17,6
231425,250.0,17,6
231426,195.0,17,6
231427,233.0,17,6
231428,275.0,17,6
231429,206.0,17,6
231430,141.0,17,6
231431,128.0,17,6
231432,130.0,17,6
231433,237.0,17,6
231434,140.0,17,6
231435,180.0,17,6
231436,148.0,17,6
231437,148.0,17,6
231438,187.0,17,6
231439,563.0,17,6
231440,197.0,17,6
231441,198.0,17,6
231442,128.0,17,6
231443,182.0,17,6
231444,170.0,17,6
231445,162.0,17,6
231446,193.0,17,6
231447,189.0,17,6
231448,245.0,17,6
231449,132.0,17,6
231450,126.0,17,6
231451,163.0,17,6
231452,110.0,17,6
231453,455.0,17,6
231454,403.0,17,6
231455,292.0,17,6
231456,153.0,17,6
231457,153.0,17,6
231458,197.0,17,6
231459,164.0,17,6
231460,190.0,17,6
231461,181.0,17,6
231462,203.0,17,6
231463,166.0,17,6
231464,134.0,17,6
231465,158.0,17,6
231466,175.0,17,6
231467,148.0,17,6
231468,134.0,17,6
231469,173.0,17,6
231470,218.0,17,6
231471,203.0,17,6
231472,131.0,17,6
231473,150.0,17,6
231474,149.0,17,6
231475,323.0,17,6
231476,417.0,17,6
231477,437.0,17,6
231478,476.0,17,6
231479,477.0,17,6
231480,377.0,18,6
231481,441.0,18,6
231482,495.0,18,6
231483,435.0,18,6
231484,363.0,18,6
231485,419.0,18,6
231486,479.0,18,6
231487,408.0,18,6
231488,410.0,18,6
231489,478.0,18,6
231490,523.0,18,6
231491,478.0,18,6
231492,484.0,18,6
231493,480.0,18,6
231494,420.0,18,6
231495,498.0,18,6
231496,441.0,18,6
231497,434.0,18,6
231498,471.0,18,6
231499,578.0,18,6
231500,481.0,18,6
231501,471.0,18,6
231502,637.0,18,6
231503,475.0,18,6
231504,456.0,18,6
231505,498.0,18,6
231506,423.0,18,6
231507,375.0,18,6
231508,402.0,18,6
231509,445.0,18,6
231510,352.0,18,6
231511,254.0,18,6
231512,174.0,18,6
231513,143.0,18,6
231514,140.0,18,6
231515,163.0,18,6
231516,139.0,18,6
231517,184.0,18,6
231518,156.0,18,6
231519,165.0,18,6
231520,184.0,18,6
231521,167.0,18,6
231522,109.0,18,6
231523,273.0,18,6
231524,144.0,18,6
231525,175.0,18,6
231526,132.0,18,6
231527,180.0,18,6
231528,159.0,18,6
231529,160.0,18,6
231530,225.0,18,6
231531,160.0,18,6
231532,167.0,18,6
231533,186.0,18,6
231534,201.0,18,6
231535,148.0,18,6
231536,116.0,18,6
231537,146.0,18,6
231538,188.0,18,6
231539,154.0,18,6
231540,106.0,19,6
231541,143.0,19,6
231542,130.0,19,6
231543,165.0,19,6
231544,145.0,19,6
231545,145.0,19,6
231546,198.0,19,6
231547,185.0,19,6
231548,127.0,19,6
231549,146.0,19,6
231550,118.0,19,6
231551,123.0,19,6
231552,106.0,19,6
231553,116.0,19,6
231554,143.0,19,6
231555,155.0,19,6
231556,127.0,19,6
231557,164.0,19,6
231558,110.0,19,6
231559,122.0,19,6
231560,118.0,19,6
231561,146.0,19,6
231562,174.0,19,6
231563,190.0,19,6
231564,188.0,19,6
231565,147.0,19,6
231566,162.0,19,6
231567,136.0,19,6
231568,148.0,19,6
231569,160.0,19,6
231570,114.0,19,6
231571,182.0,19,6
231572,135.0,19,6
231573,130.0,19,6
231574,126.0,19,6
231575,141.0,19,6
231576,108.0,19,6
231577,161.0,19,6
231578,118.0,19,6
231579,108.0,19,6
231580,192.0,19,6
231581,222.0,19,6
231582,119.0,19,6
231583,98.0,19,6
231584,126.0,19,6
231585,119.0,19,6
231586,126.0,19,6
231587,126.0,19,6
231588,100.0,19,6
231589,107.0,19,6
231590,173.0,19,6
231591,177.0,19,6
231592,163.0,19,6
231593,128.0,19,6
231594,100.0,19,6
231595,127.0,19,6
231596,152.0,19,6
231597,174.0,19,6
231598,144.0,19,6
231599,135.0,19,6
231600,116.0,20,6
231601,113.0,20,6
231602,148.0,20,6
231603,116.0,20,6
231604,105.0,20,6
231605,169.0,20,6
231606,132.0,20,6
231607,92.0,20,6
231608,145.0,20,6
231609,156.0,20,6
231610,119.0,20,6
231611,147.0,20,6
231612,69.0,20,6
231613,105.0,20,6
231614,130.0,20,6
231615,112.0,20,6
231616,142.0,20,6
231617,116.0,20,6
231618,109.0,20,6
231619,92.0,20,6
231620,138.0,20,6
231621,87.0,20,6
231622,93.0,20,6
231623,145.0,20,6
231624,112.0,20,6
231625,89.0,20,6
231626,87.0,20,6
231627,136.0,20,6
231628,120.0,20,6
231629,135.0,20,6
231630,91.0,20,6
231631,90.0,20,6
231632,97.0,20,6
231633,99.0,20,6
231634,78.0,20,6
231635,163.0,20,6
231636,119.0,20,6
231637,105.0,20,6
231638,87.0,20,6
231639,142.0,20,6
231640,85.0,20,6
231641,110.0,20,6
231642,133.0,20,6
231643,97.0,20,6
231644,93.0,20,6
231645,75.0,20,6
231646,103.0,20,6
231647,81.0,20,6
231648,97.0,20,6
231649,97.0,20,6
231650,92.0,20,6
231651,78.0,20,6
231652,106.0,20,6
231653,113.0,20,6
231654,76.0,20,6
231655,76.0,20,6
231656,50.0,20,6
231657,79.0,20,6
231658,99.0,20,6
231659,118.0,20,6
231660,92.0,21,6
231661,76.0,21,6
231662,74.0,21,6
231663,74.0,21,6
231664,97.0,21,6
231665,129.0,21,6
231666,112.0,21,6
231667,123.0,21,6
231668,117.0,21,6
231669,60.0,21,6
231670,108.0,21,6
231671,101.0,21,6
231672,112.0,21,6
231673,96.0,21,6
231674,104.0,21,6
231675,74.0,21,6
231676,100.0,21,6
231677,88.0,21,6
231678,91.0,21,6
231679,80.0,21,6
231680,139.0,21,6
231681,75.0,21,6
231682,81.0,21,6
231683,61.0,21,6
231684,101.0,21,6
231685,90.0,21,6
231686,90.0,21,6
231687,112.0,21,6
231688,128.0,21,6
231689,91.0,21,6
231690,91.0,21,6
231691,110.0,21,6
231692,86.0,21,6
231693,82.0,21,6
231694,134.0,21,6
231695,94.0,21,6
231696,131.0,21,6
231697,92.0,21,6
231698,164.0,21,6
231699,84.0,21,6
231700,125.0,21,6
231701,117.0,21,6
231702,122.0,21,6
231703,66.0,21,6
231704,105.0,21,6
231705,65.0,21,6
231706,125.0,21,6
231707,83.0,21,6
231708,148.0,21,6
231709,81.0,21,6
231710,159.0,21,6
231711,97.0,21,6
231712,122.0,21,6
231713,60.0,21,6
231714,152.0,21,6
231715,70.0,21,6
231716,146.0,21,6
231717,77.0,21,6
231718,87.0,21,6
231719,89.0,21,6
231720,130.0,22,6
231721,105.0,22,6
231722,119.0,22,6
231723,71.0,22,6
231724,122.0,22,6
231725,102.0,22,6
231726,119.0,22,6
231727,61.0,22,6
231728,135.0,22,6
231729,74.0,22,6
231730,102.0,22,6
231731,42.0,22,6
231732,189.0,22,6
231733,85.0,22,6
231734,139.0,22,6
231735,107.0,22,6
231736,134.0,22,6
231737,51.0,22,6
231738,119.0,22,6
231739,90.0,22,6
231740,193.0,22,6
231741,109.0,22,6
231742,99.0,22,6
231743,55.0,22,6
231744,124.0,22,6
231745,70.0,22,6
231746,130.0,22,6
231747,80.0,22,6
231748,126.0,22,6
231749,76.0,22,6
231750,126.0,22,6
231751,64.0,22,6
231752,105.0,22,6
231753,72.0,22,6
231754,120.0,22,6
231755,135.0,22,6
231756,133.0,22,6
231757,66.0,22,6
231758,190.0,22,6
231759,71.0,22,6
231760,126.0,22,6
231761,87.0,22,6
231762,183.0,22,6
231763,100.0,22,6
231764,91.0,22,6
231765,69.0,22,6
231766,99.0,22,6
231767,85.0,22,6
231768,79.0,22,6
231769,74.0,22,6
231770,113.0,22,6
231771,80.0,22,6
231772,62.0,22,6
231773,75.0,22,6
231774,97.0,22,6
231775,85.0,22,6
231776,117.0,22,6
231777,68.0,22,6
231778,96.0,22,6
231779,91.0,22,6
231780,124.0,23,6
231781,146.0,23,6
231782,123.0,23,6
231783,119.0,23,6
231784,143.0,23,6
231785,142.0,23,6
231786,102.0,23,6
231787,37.0,23,6
231788,0.0,23,6
231789,169.0,23,6
231790,16.0,23,6
231791,0.0,23,6
231792,158.0,23,6
231793,44.0,23,6
231794,43.0,23,6
231795,6.0,23,6
231796,1.0,23,6
231797,142.0,23,6
231798,103.0,23,6
231799,49.0,23,6
231800,130.0,23,6
231801,86.0,23,6
231802,79.0,23,6
231803,63.0,23,6
231804,103.0,23,6
231805,92.0,23,6
231806,124.0,23,6
231807,68.0,23,6
231808,75.0,23,6
231809,65.0,23,6
231810,374.0,23,6
231811,1095.0,23,6
231812,837.0,23,6
231813,589.0,23,6
231814,51.0,23,6
231815,93.0,23,6
231816,52.0,23,6
231817,71.0,23,6
231818,89.0,23,6
231819,45.0,23,6
231820,47.0,23,6
231821,61.0,23,6
231822,117.0,23,6
231823,69.0,23,6
231824,102.0,23,6
231825,59.0,23,6
231826,74.0,23,6
231827,67.0,23,6
231828,77.0,23,6
231829,86.0,23,6
231830,175.0,23,6
231831,66.0,23,6
231832,66.0,23,6
231833,76.0,23,6
231834,82.0,23,6
231835,52.0,23,6
231836,82.0,23,6
231837,59.0,23,6
231838,85.0,23,6
231839,64.0,23,6
231840,63.0,0,0
231841,78.0,0,0
231842,88.0,0,0
231843,195.0,0,0
231844,76.0,0,0
231845,65.0,0,0
231846,94.0,0,0
231847,66.0,0,0
231848,63.0,0,0
231849,47.0,0,0
231850,60.0,0,0
231851,46.0,0,0
231852,77.0,0,0
231853,61.0,0,0
231854,113.0,0,0
231855,85.0,0,0
231856,113.0,0,0
231857,85.0,0,0
231858,120.0,0,0
231859,89.0,0,0
231860,154.0,0,0
231861,210.0,0,0
231862,196.0,0,0
231863,168.0,0,0
231864,153.0,0,0
231865,147.0,0,0
231866,191.0,0,0
231867,114.0,0,0
231868,99.0,0,0
231869,90.0,0,0
231870,66.0,0,0
231871,70.0,0,0
231872,63.0,0,0
231873,72.0,0,0
231874,80.0,0,0
231875,118.0,0,0
231876,91.0,0,0
231877,100.0,0,0
231878,68.0,0,0
231879,61.0,0,0
231880,83.0,0,0
231881,77.0,0,0
231882,66.0,0,0
231883,247.0,0,0
231884,57.0,0,0
231885,118.0,0,0
231886,106.0,0,0
231887,59.0,0,0
231888,41.0,0,0
231889,63.0,0,0
231890,82.0,0,0
231891,59.0,0,0
231892,64.0,0,0
231893,64.0,0,0
231894,57.0,0,0
231895,62.0,0,0
231896,63.0,0,0
231897,56.0,0,0
231898,69.0,0,0
231899,59.0,0,0
231900,68.0,1,0
231901,78.0,1,0
231902,69.0,1,0
231903,99.0,1,0
231904,61.0,1,0
231905,156.0,1,0
231906,134.0,1,0
231907,33.0,1,0
231908,67.0,1,0
231909,41.0,1,0
231910,71.0,1,0
231911,54.0,1,0
231912,45.0,1,0
231913,41.0,1,0
231914,45.0,1,0
231915,19.0,1,0
231916,57.0,1,0
231917,62.0,1,0
231918,85.0,1,0
231919,70.0,1,0
231920,51.0,1,0
231921,161.0,1,0
231922,67.0,1,0
231923,44.0,1,0
231924,50.0,1,0
231925,48.0,1,0
231926,51.0,1,0
231927,42.0,1,0
231928,68.0,1,0
231929,54.0,1,0
231930,67.0,1,0
231931,37.0,1,0
231932,44.0,1,0
231933,51.0,1,0
231934,120.0,1,0
231935,65.0,1,0
231936,57.0,1,0
231937,33.0,1,0
231938,23.0,1,0
231939,38.0,1,0
231940,41.0,1,0
231941,50.0,1,0
231942,47.0,1,0
231943,24.0,1,0
231944,25.0,1,0
231945,58.0,1,0
231946,51.0,1,0
231947,41.0,1,0
231948,38.0,1,0
231949,52.0,1,0
231950,117.0,1,0
231951,59.0,1,0
231952,70.0,1,0
231953,70.0,1,0
231954,62.0,1,0
231955,75.0,1,0
231956,80.0,1,0
231957,30.0,1,0
231958,55.0,1,0
231959,36.0,1,0
231960,568.0,2,0
231961,170.0,2,0
231962,30.0,2,0
231963,30.0,2,0
231964,39.0,2,0
231965,81.0,2,0
231966,123.0,2,0
231967,22.0,2,0
231968,27.0,2,0
231969,40.0,2,0
231970,124.0,2,0
231971,100.0,2,0
231972,29.0,2,0
231973,21.0,2,0
231974,36.0,2,0
231975,40.0,2,0
231976,79.0,2,0
231977,44.0,2,0
231978,29.0,2,0
231979,38.0,2,0
231980,70.0,2,0
231981,177.0,2,0
231982,62.0,2,0
231983,74.0,2,0
231984,38.0,2,0
231985,59.0,2,0
231986,54.0,2,0
231987,37.0,2,0
231988,37.0,2,0
231989,26.0,2,0
231990,66.0,2,0
231991,39.0,2,0
231992,42.0,2,0
231993,25.0,2,0
231994,43.0,2,0
231995,44.0,2,0
231996,33.0,2,0
231997,34.0,2,0
231998,28.0,2,0
231999,32.0,2,0
232000,55.0,2,0
232001,133.0,2,0
232002,78.0,2,0
232003,60.0,2,0
232004,67.0,2,0
232005,56.0,2,0
232006,63.0,2,0
232007,29.0,2,0
232008,39.0,2,0
232009,32.0,2,0
232010,54.0,2,0
232011,28.0,2,0
232012,26.0,2,0
232013,24.0,2,0
232014,22.0,2,0
232015,23.0,2,0
232016,55.0,2,0
232017,17.0,2,0
232018,15.0,2,0
232019,7.0,2,0
232020,13.0,3,0
232021,45.0,3,0
232022,44.0,3,0
232023,26.0,3,0
232024,28.0,3,0
232025,42.0,3,0
232026,46.0,3,0
232027,24.0,3,0
232028,20.0,3,0
232029,20.0,3,0
232030,42.0,3,0
232031,20.0,3,0
232032,28.0,3,0
232033,35.0,3,0
232034,24.0,3,0
232035,22.0,3,0
232036,42.0,3,0
232037,43.0,3,0
232038,61.0,3,0
232039,45.0,3,0
232040,48.0,3,0
232041,37.0,3,0
232042,45.0,3,0
232043,39.0,3,0
232044,62.0,3,0
232045,76.0,3,0
232046,38.0,3,0
232047,28.0,3,0
232048,21.0,3,0
232049,20.0,3,0
232050,25.0,3,0
232051,24.0,3,0
232052,18.0,3,0
232053,18.0,3,0
232054,21.0,3,0
232055,26.0,3,0
232056,38.0,3,0
232057,34.0,3,0
232058,24.0,3,0
232059,29.0,3,0
232060,38.0,3,0
232061,26.0,3,0
232062,40.0,3,0
232063,50.0,3,0
232064,56.0,3,0
232065,51.0,3,0
232066,45.0,3,0
232067,39.0,3,0
232068,33.0,3,0
232069,24.0,3,0
232070,36.0,3,0
232071,22.0,3,0
232072,28.0,3,0
232073,37.0,3,0
232074,24.0,3,0
232075,28.0,3,0
232076,18.0,3,0
232077,38.0,3,0
232078,9.0,3,0
232079,21.0,3,0
232080,30.0,4,0
232081,40.0,4,0
232082,102.0,4,0
232083,28.0,4,0
232084,51.0,4,0
232085,70.0,4,0
232086,30.0,4,0
232087,43.0,4,0
232088,29.0,4,0
232089,35.0,4,0
232090,40.0,4,0
232091,34.0,4,0
232092,41.0,4,0
232093,24.0,4,0
232094,22.0,4,0
232095,24.0,4,0
232096,38.0,4,0
232097,21.0,4,0
232098,19.0,4,0
232099,20.0,4,0
232100,25.0,4,0
232101,26.0,4,0
232102,25.0,4,0
232103,22.0,4,0
232104,37.0,4,0
232105,18.0,4,0
232106,29.0,4,0
232107,17.0,4,0
232108,41.0,4,0
232109,9.0,4,0
232110,17.0,4,0
232111,19.0,4,0
232112,16.0,4,0
232113,14.0,4,0
232114,19.0,4,0
232115,84.0,4,0
232116,35.0,4,0
232117,15.0,4,0
232118,22.0,4,0
232119,12.0,4,0
232120,27.0,4,0
232121,23.0,4,0
232122,105.0,4,0
232123,23.0,4,0
232124,28.0,4,0
232125,84.0,4,0
232126,52.0,4,0
232127,18.0,4,0
232128,13.0,4,0
232129,23.0,4,0
232130,16.0,4,0
232131,28.0,4,0
232132,20.0,4,0
232133,21.0,4,0
232134,9.0,4,0
232135,19.0,4,0
232136,17.0,4,0
232137,9.0,4,0
232138,13.0,4,0
232139,18.0,4,0
232140,13.0,5,0
232141,19.0,5,0
232142,133.0,5,0
232143,22.0,5,0
232144,34.0,5,0
232145,20.0,5,0
232146,27.0,5,0
232147,17.0,5,0
232148,15.0,5,0
232149,32.0,5,0
232150,23.0,5,0
232151,20.0,5,0
232152,21.0,5,0
232153,12.0,5,0
232154,24.0,5,0
232155,16.0,5,0
232156,25.0,5,0
232157,13.0,5,0
232158,15.0,5,0
232159,14.0,5,0
232160,128.0,5,0
232161,27.0,5,0
232162,19.0,5,0
232163,17.0,5,0
232164,21.0,5,0
232165,27.0,5,0
232166,20.0,5,0
232167,15.0,5,0
232168,18.0,5,0
232169,20.0,5,0
232170,23.0,5,0
232171,21.0,5,0
232172,21.0,5,0
232173,29.0,5,0
232174,16.0,5,0
232175,66.0,5,0
232176,44.0,5,0
232177,19.0,5,0
232178,14.0,5,0
232179,14.0,5,0
232180,136.0,5,0
232181,20.0,5,0
232182,13.0,5,0
232183,16.0,5,0
232184,25.0,5,0
232185,19.0,5,0
232186,35.0,5,0
232187,14.0,5,0
232188,34.0,5,0
232189,21.0,5,0
232190,33.0,5,0
232191,27.0,5,0
232192,20.0,5,0
232193,25.0,5,0
232194,17.0,5,0
232195,26.0,5,0
232196,29.0,5,0
232197,12.0,5,0
232198,17.0,5,0
232199,19.0,5,0
232200,118.0,6,0
232201,19.0,6,0
232202,10.0,6,0
232203,15.0,6,0
232204,12.0,6,0
232205,32.0,6,0
232206,30.0,6,0
232207,17.0,6,0
232208,20.0,6,0
232209,7.0,6,0
232210,32.0,6,0
232211,22.0,6,0
232212,17.0,6,0
232213,17.0,6,0
232214,21.0,6,0
232215,20.0,6,0
232216,22.0,6,0
232217,34.0,6,0
232218,26.0,6,0
232219,16.0,6,0
232220,143.0,6,0
232221,25.0,6,0
232222,17.0,6,0
232223,24.0,6,0
232224,36.0,6,0
232225,30.0,6,0
232226,38.0,6,0
232227,24.0,6,0
232228,32.0,6,0
232229,45.0,6,0
232230,47.0,6,0
232231,38.0,6,0
232232,33.0,6,0
232233,29.0,6,0
232234,25.0,6,0
232235,51.0,6,0
232236,37.0,6,0
232237,20.0,6,0
232238,26.0,6,0
232239,24.0,6,0
232240,42.0,6,0
232241,105.0,6,0
232242,19.0,6,0
232243,24.0,6,0
232244,18.0,6,0
232245,21.0,6,0
232246,33.0,6,0
232247,27.0,6,0
232248,34.0,6,0
232249,24.0,6,0
232250,35.0,6,0
232251,19.0,6,0
232252,33.0,6,0
232253,28.0,6,0
232254,24.0,6,0
232255,36.0,6,0
232256,56.0,6,0
232257,27.0,6,0
232258,16.0,6,0
232259,20.0,6,0
232260,69.0,7,0
232261,61.0,7,0
232262,39.0,7,0
232263,41.0,7,0
232264,71.0,7,0
232265,69.0,7,0
232266,50.0,7,0
232267,27.0,7,0
232268,30.0,7,0
232269,34.0,7,0
232270,39.0,7,0
232271,24.0,7,0
232272,20.0,7,0
232273,26.0,7,0
232274,39.0,7,0
232275,32.0,7,0
232276,39.0,7,0
232277,27.0,7,0
232278,26.0,7,0
232279,28.0,7,0
232280,134.0,7,0
232281,35.0,7,0
232282,32.0,7,0
232283,22.0,7,0
232284,39.0,7,0
232285,51.0,7,0
232286,58.0,7,0
232287,32.0,7,0
232288,30.0,7,0
232289,36.0,7,0
232290,50.0,7,0
232291,37.0,7,0
232292,33.0,7,0
232293,33.0,7,0
232294,43.0,7,0
232295,119.0,7,0
232296,94.0,7,0
232297,38.0,7,0
232298,35.0,7,0
232299,32.0,7,0
232300,37.0,7,0
232301,128.0,7,0
232302,50.0,7,0
232303,14.0,7,0
232304,54.0,7,0
232305,46.0,7,0
232306,44.0,7,0
232307,36.0,7,0
232308,38.0,7,0
232309,38.0,7,0
232310,32.0,7,0
232311,38.0,7,0
232312,49.0,7,0
232313,41.0,7,0
232314,57.0,7,0
232315,59.0,7,0
232316,88.0,7,0
232317,60.0,7,0
232318,45.0,7,0
232319,36.0,7,0
232320,65.0,8,0
232321,114.0,8,0
232322,41.0,8,0
232323,24.0,8,0
232324,48.0,8,0
232325,54.0,8,0
232326,117.0,8,0
232327,116.0,8,0
232328,76.0,8,0
232329,51.0,8,0
232330,88.0,8,0
232331,64.0,8,0
232332,82.0,8,0
232333,50.0,8,0
232334,51.0,8,0
232335,77.0,8,0
232336,101.0,8,0
232337,37.0,8,0
232338,0.0,8,0
232339,47.0,8,0
232340,139.0,8,0
232341,152.0,8,0
232342,52.0,8,0
232343,27.0,8,0
232344,45.0,8,0
232345,50.0,8,0
232346,52.0,8,0
232347,50.0,8,0
232348,39.0,8,0
232349,33.0,8,0
232350,70.0,8,0
232351,61.0,8,0
232352,60.0,8,0
232353,65.0,8,0
232354,76.0,8,0
232355,88.0,8,0
232356,74.0,8,0
232357,56.0,8,0
232358,59.0,8,0
232359,70.0,8,0
232360,92.0,8,0
232361,148.0,8,0
232362,68.0,8,0
232363,74.0,8,0
232364,78.0,8,0
232365,56.0,8,0
232366,86.0,8,0
232367,61.0,8,0
232368,67.0,8,0
232369,55.0,8,0
232370,205.0,8,0
232371,57.0,8,0
232372,38.0,8,0
232373,34.0,8,0
232374,50.0,8,0
232375,45.0,8,0
232376,51.0,8,0
232377,44.0,8,0
232378,43.0,8,0
232379,23.0,8,0
232380,51.0,9,0
232381,135.0,9,0
232382,45.0,9,0
232383,45.0,9,0
232384,91.0,9,0
232385,57.0,9,0
232386,68.0,9,0
232387,48.0,9,0
232388,60.0,9,0
232389,37.0,9,0
232390,69.0,9,0
232391,67.0,9,0
232392,64.0,9,0
232393,39.0,9,0
232394,84.0,9,0
232395,44.0,9,0
232396,81.0,9,0
232397,81.0,9,0
232398,62.0,9,0
232399,93.0,9,0
232400,106.0,9,0
232401,60.0,9,0
232402,98.0,9,0
232403,76.0,9,0
232404,74.0,9,0
232405,58.0,9,0
232406,79.0,9,0
232407,52.0,9,0
232408,83.0,9,0
232409,42.0,9,0
232410,47.0,9,0
232411,50.0,9,0
232412,72.0,9,0
232413,50.0,9,0
232414,88.0,9,0
232415,81.0,9,0
232416,181.0,9,0
232417,167.0,9,0
232418,72.0,9,0
232419,60.0,9,0
232420,128.0,9,0
232421,159.0,9,0
232422,65.0,9,0
232423,63.0,9,0
232424,71.0,9,0
232425,87.0,9,0
232426,125.0,9,0
232427,96.0,9,0
232428,65.0,9,0
232429,55.0,9,0
232430,87.0,9,0
232431,47.0,9,0
232432,61.0,9,0
232433,59.0,9,0
232434,72.0,9,0
232435,44.0,9,0
232436,97.0,9,0
232437,72.0,9,0
232438,76.0,9,0
232439,55.0,9,0
232440,47.0,10,0
232441,155.0,10,0
232442,64.0,10,0
232443,46.0,10,0
232444,66.0,10,0
232445,141.0,10,0
232446,174.0,10,0
232447,166.0,10,0
232448,317.0,10,0
232449,162.0,10,0
232450,286.0,10,0
232451,168.0,10,0
232452,331.0,10,0
232453,190.0,10,0
232454,337.0,10,0
232455,168.0,10,0
232456,223.0,10,0
232457,125.0,10,0
232458,154.0,10,0
232459,130.0,10,0
232460,163.0,10,0
232461,105.0,10,0
232462,270.0,10,0
232463,124.0,10,0
232464,201.0,10,0
232465,133.0,10,0
232466,133.0,10,0
232467,114.0,10,0
232468,155.0,10,0
232469,134.0,10,0
232470,159.0,10,0
232471,158.0,10,0
232472,123.0,10,0
232473,140.0,10,0
232474,135.0,10,0
232475,167.0,10,0
232476,166.0,10,0
232477,139.0,10,0
232478,175.0,10,0
232479,151.0,10,0
232480,181.0,10,0
232481,230.0,10,0
232482,182.0,10,0
232483,166.0,10,0
232484,203.0,10,0
232485,152.0,10,0
232486,166.0,10,0
232487,161.0,10,0
232488,204.0,10,0
232489,151.0,10,0
232490,197.0,10,0
232491,118.0,10,0
232492,196.0,10,0
232493,153.0,10,0
232494,185.0,10,0
232495,168.0,10,0
232496,197.0,10,0
232497,100.0,10,0
232498,109.0,10,0
232499,0.0,10,0
232500,0.0,11,0
232501,0.0,11,0
232502,0.0,11,0
232503,0.0,11,0
232504,0.0,11,0
232505,0.0,11,0
232506,0.0,11,0
232507,0.0,11,0
232508,565.0,11,0
232509,679.0,11,0
232510,669.0,11,0
232511,695.0,11,0
232512,602.0,11,0
232513,167.0,11,0
232514,403.0,11,0
232515,201.0,11,0
232516,301.0,11,0
232517,111.0,11,0
232518,173.0,11,0
232519,88.0,11,0
232520,112.0,11,0
232521,202.0,11,0
232522,136.0,11,0
232523,123.0,11,0
232524,210.0,11,0
232525,132.0,11,0
232526,159.0,11,0
232527,111.0,11,0
232528,156.0,11,0
232529,111.0,11,0
232530,235.0,11,0
232531,128.0,11,0
232532,178.0,11,0
232533,134.0,11,0
232534,143.0,11,0
232535,172.0,11,0
232536,299.0,11,0
232537,97.0,11,0
232538,176.0,11,0
232539,100.0,11,0
232540,127.0,11,0
232541,108.0,11,0
232542,187.0,11,0
232543,139.0,11,0
232544,149.0,11,0
232545,84.0,11,0
232546,140.0,11,0
232547,99.0,11,0
232548,127.0,11,0
232549,77.0,11,0
232550,187.0,11,0
232551,103.0,11,0
232552,186.0,11,0
232553,122.0,11,0
232554,168.0,11,0
232555,86.0,11,0
232556,161.0,11,0
232557,98.0,11,0
232558,190.0,11,0
232559,114.0,11,0
232560,135.0,12,0
232561,138.0,12,0
232562,171.0,12,0
232563,138.0,12,0
232564,243.0,12,0
232565,124.0,12,0
232566,380.0,12,0
232567,138.0,12,0
232568,328.0,12,0
232569,134.0,12,0
232570,386.0,12,0
232571,145.0,12,0
232572,460.0,12,0
232573,171.0,12,0
232574,324.0,12,0
232575,101.0,12,0
232576,298.0,12,0
232577,129.0,12,0
232578,416.0,12,0
232579,102.0,12,0
232580,240.0,12,0
232581,119.0,12,0
232582,214.0,12,0
232583,128.0,12,0
232584,265.0,12,0
232585,86.0,12,0
232586,151.0,12,0
232587,67.0,12,0
232588,129.0,12,0
232589,86.0,12,0
232590,131.0,12,0
232591,109.0,12,0
232592,196.0,12,0
232593,100.0,12,0
232594,164.0,12,0
232595,97.0,12,0
232596,144.0,12,0
232597,102.0,12,0
232598,154.0,12,0
232599,119.0,12,0
232600,171.0,12,0
232601,123.0,12,0
232602,160.0,12,0
232603,75.0,12,0
232604,156.0,12,0
232605,76.0,12,0
232606,177.0,12,0
232607,128.0,12,0
232608,182.0,12,0
232609,0.0,12,0
232610,0.0,12,0
232611,0.0,12,0
232612,0.0,12,0
232613,0.0,12,0
232614,0.0,12,0
232615,1.0,12,0
232616,0.0,12,0
232617,0.0,12,0
232618,183.0,12,0
232619,654.0,12,0
232620,654.0,13,0
232621,295.0,13,0
232622,151.0,13,0
232623,52.0,13,0
232624,187.0,13,0
232625,139.0,13,0
232626,320.0,13,0
232627,93.0,13,0
232628,372.0,13,0
232629,218.0,13,0
232630,474.0,13,0
232631,131.0,13,0
232632,512.0,13,0
232633,156.0,13,0
232634,416.0,13,0
232635,100.0,13,0
232636,482.0,13,0
232637,75.0,13,0
232638,320.0,13,0
232639,79.0,13,0
232640,190.0,13,0
232641,98.0,13,0
232642,144.0,13,0
232643,80.0,13,0
232644,171.0,13,0
232645,185.0,13,0
232646,195.0,13,0
232647,83.0,13,0
232648,138.0,13,0
232649,67.0,13,0
232650,121.0,13,0
232651,72.0,13,0
232652,151.0,13,0
232653,90.0,13,0
232654,128.0,13,0
232655,124.0,13,0
232656,128.0,13,0
232657,99.0,13,0
232658,149.0,13,0
232659,68.0,13,0
232660,85.0,13,0
232661,58.0,13,0
232662,219.0,13,0
232663,85.0,13,0
232664,119.0,13,0
232665,56.0,13,0
232666,136.0,13,0
232667,55.0,13,0
232668,114.0,13,0
232669,72.0,13,0
232670,139.0,13,0
232671,79.0,13,0
232672,144.0,13,0
232673,80.0,13,0
232674,126.0,13,0
232675,44.0,13,0
232676,113.0,13,0
232677,58.0,13,0
232678,111.0,13,0
232679,39.0,13,0
232680,103.0,14,0
232681,63.0,14,0
232682,118.0,14,0
232683,68.0,14,0
232684,145.0,14,0
232685,100.0,14,0
232686,248.0,14,0
232687,79.0,14,0
232688,396.0,14,0
232689,116.0,14,0
232690,316.0,14,0
232691,108.0,14,0
232692,388.0,14,0
232693,127.0,14,0
232694,394.0,14,0
232695,160.0,14,0
232696,307.0,14,0
232697,109.0,14,0
232698,147.0,14,0
232699,119.0,14,0
232700,238.0,14,0
232701,150.0,14,0
232702,161.0,14,0
232703,105.0,14,0
232704,150.0,14,0
232705,104.0,14,0
232706,113.0,14,0
232707,59.0,14,0
232708,116.0,14,0
232709,71.0,14,0
232710,106.0,14,0
232711,72.0,14,0
232712,155.0,14,0
232713,90.0,14,0
232714,108.0,14,0
232715,81.0,14,0
232716,127.0,14,0
232717,97.0,14,0
232718,147.0,14,0
232719,55.0,14,0
232720,249.0,14,0
232721,79.0,14,0
232722,136.0,14,0
232723,66.0,14,0
232724,142.0,14,0
232725,54.0,14,0
232726,140.0,14,0
232727,54.0,14,0
232728,103.0,14,0
232729,54.0,14,0
232730,114.0,14,0
232731,66.0,14,0
232732,126.0,14,0
232733,66.0,14,0
232734,109.0,14,0
232735,48.0,14,0
232736,143.0,14,0
232737,48.0,14,0
232738,134.0,14,0
232739,54.0,14,0
232740,207.0,15,0
232741,83.0,15,0
232742,104.0,15,0
232743,64.0,15,0
232744,126.0,15,0
232745,88.0,15,0
232746,204.0,15,0
232747,67.0,15,0
232748,315.0,15,0
232749,84.0,15,0
232750,242.0,15,0
232751,80.0,15,0
232752,253.0,15,0
232753,89.0,15,0
232754,271.0,15,0
232755,79.0,15,0
232756,282.0,15,0
232757,89.0,15,0
232758,301.0,15,0
232759,62.0,15,0
232760,213.0,15,0
232761,69.0,15,0
232762,149.0,15,0
232763,59.0,15,0
232764,130.0,15,0
232765,65.0,15,0
232766,121.0,15,0
232767,72.0,15,0
232768,109.0,15,0
232769,58.0,15,0
232770,106.0,15,0
232771,47.0,15,0
232772,105.0,15,0
232773,63.0,15,0
232774,149.0,15,0
232775,67.0,15,0
232776,154.0,15,0
232777,103.0,15,0
232778,106.0,15,0
232779,52.0,15,0
232780,224.0,15,0
232781,66.0,15,0
232782,79.0,15,0
232783,78.0,15,0
232784,108.0,15,0
232785,65.0,15,0
232786,126.0,15,0
232787,56.0,15,0
232788,122.0,15,0
232789,51.0,15,0
232790,147.0,15,0
232791,74.0,15,0
232792,103.0,15,0
232793,50.0,15,0
232794,104.0,15,0
232795,51.0,15,0
232796,100.0,15,0
232797,57.0,15,0
232798,103.0,15,0
232799,62.0,15,0
232800,155.0,16,0
232801,70.0,16,0
232802,77.0,16,0
232803,64.0,16,0
232804,110.0,16,0
232805,74.0,16,0
232806,104.0,16,0
232807,70.0,16,0
232808,198.0,16,0
232809,64.0,16,0
232810,219.0,16,0
232811,65.0,16,0
232812,282.0,16,0
232813,68.0,16,0
232814,254.0,16,0
232815,83.0,16,0
232816,261.0,16,0
232817,69.0,16,0
232818,306.0,16,0
232819,101.0,16,0
232820,288.0,16,0
232821,118.0,16,0
232822,113.0,16,0
232823,80.0,16,0
232824,122.0,16,0
232825,86.0,16,0
232826,89.0,16,0
232827,66.0,16,0
232828,72.0,16,0
232829,54.0,16,0
232830,72.0,16,0
232831,42.0,16,0
232832,76.0,16,0
232833,87.0,16,0
232834,67.0,16,0
232835,67.0,16,0
232836,64.0,16,0
232837,58.0,16,0
232838,134.0,16,0
232839,48.0,16,0
232840,124.0,16,0
232841,118.0,16,0
232842,104.0,16,0
232843,87.0,16,0
232844,86.0,16,0
232845,87.0,16,0
232846,83.0,16,0
232847,46.0,16,0
232848,103.0,16,0
232849,54.0,16,0
232850,110.0,16,0
232851,50.0,16,0
232852,106.0,16,0
232853,43.0,16,0
232854,80.0,16,0
232855,56.0,16,0
232856,75.0,16,0
232857,47.0,16,0
232858,111.0,16,0
232859,44.0,16,0
232860,109.0,17,0
232861,106.0,17,0
232862,91.0,17,0
232863,55.0,17,0
232864,96.0,17,0
232865,57.0,17,0
232866,91.0,17,0
232867,71.0,17,0
232868,158.0,17,0
232869,62.0,17,0
232870,167.0,17,0
232871,79.0,17,0
232872,155.0,17,0
232873,77.0,17,0
232874,83.0,17,0
232875,60.0,17,0
232876,66.0,17,0
232877,62.0,17,0
232878,80.0,17,0
232879,38.0,17,0
232880,104.0,17,0
232881,61.0,17,0
232882,128.0,17,0
232883,74.0,17,0
232884,128.0,17,0
232885,41.0,17,0
232886,64.0,17,0
232887,63.0,17,0
232888,69.0,17,0
232889,62.0,17,0
232890,85.0,17,0
232891,57.0,17,0
232892,75.0,17,0
232893,62.0,17,0
232894,81.0,17,0
232895,86.0,17,0
232896,125.0,17,0
232897,77.0,17,0
232898,107.0,17,0
232899,79.0,17,0
232900,102.0,17,0
232901,113.0,17,0
232902,91.0,17,0
232903,52.0,17,0
232904,127.0,17,0
232905,107.0,17,0
232906,135.0,17,0
232907,105.0,17,0
232908,136.0,17,0
232909,58.0,17,0
232910,131.0,17,0
232911,86.0,17,0
232912,111.0,17,0
232913,68.0,17,0
232914,105.0,17,0
232915,54.0,17,0
232916,93.0,17,0
232917,52.0,17,0
232918,85.0,17,0
232919,43.0,17,0
232920,117.0,18,0
232921,72.0,18,0
232922,106.0,18,0
232923,65.0,18,0
232924,175.0,18,0
232925,69.0,18,0
232926,121.0,18,0
232927,90.0,18,0
232928,161.0,18,0
232929,91.0,18,0
232930,129.0,18,0
232931,79.0,18,0
232932,191.0,18,0
232933,108.0,18,0
232934,160.0,18,0
232935,97.0,18,0
232936,174.0,18,0
232937,104.0,18,0
232938,105.0,18,0
232939,94.0,18,0
232940,160.0,18,0
232941,170.0,18,0
232942,106.0,18,0
232943,89.0,18,0
232944,139.0,18,0
232945,86.0,18,0
232946,114.0,18,0
232947,90.0,18,0
232948,134.0,18,0
232949,91.0,18,0
232950,97.0,18,0
232951,85.0,18,0
232952,106.0,18,0
232953,68.0,18,0
232954,105.0,18,0
232955,80.0,18,0
232956,105.0,18,0
232957,55.0,18,0
232958,108.0,18,0
232959,72.0,18,0
232960,98.0,18,0
232961,62.0,18,0
232962,88.0,18,0
232963,84.0,18,0
232964,126.0,18,0
232965,85.0,18,0
232966,131.0,18,0
232967,93.0,18,0
232968,150.0,18,0
232969,60.0,18,0
232970,94.0,18,0
232971,71.0,18,0
232972,99.0,18,0
232973,47.0,18,0
232974,89.0,18,0
232975,74.0,18,0
232976,101.0,18,0
232977,55.0,18,0
232978,114.0,18,0
232979,71.0,18,0
232980,87.0,19,0
232981,100.0,19,0
232982,0.0,19,0
232983,1.0,19,0
232984,1.0,19,0
232985,1.0,19,0
232986,1.0,19,0
232987,1.0,19,0
232988,0.0,19,0
232989,0.0,19,0
232990,0.0,19,0
232991,163.0,19,0
232992,430.0,19,0
232993,391.0,19,0
232994,314.0,19,0
232995,76.0,19,0
232996,107.0,19,0
232997,46.0,19,0
232998,111.0,19,0
232999,56.0,19,0
233000,141.0,19,0
233001,49.0,19,0
233002,148.0,19,0
233003,45.0,19,0
233004,135.0,19,0
233005,62.0,19,0
233006,104.0,19,0
233007,61.0,19,0
233008,135.0,19,0
233009,57.0,19,0
233010,127.0,19,0
233011,61.0,19,0
233012,120.0,19,0
233013,79.0,19,0
233014,102.0,19,0
233015,79.0,19,0
233016,97.0,19,0
233017,71.0,19,0
233018,105.0,19,0
233019,49.0,19,0
233020,80.0,19,0
233021,107.0,19,0
233022,97.0,19,0
233023,83.0,19,0
233024,92.0,19,0
233025,59.0,19,0
233026,109.0,19,0
233027,66.0,19,0
233028,85.0,19,0
233029,47.0,19,0
233030,78.0,19,0
233031,48.0,19,0
233032,94.0,19,0
233033,41.0,19,0
233034,78.0,19,0
233035,49.0,19,0
233036,78.0,19,0
233037,38.0,19,0
233038,85.0,19,0
233039,60.0,19,0
233040,94.0,20,0
233041,105.0,20,0
233042,69.0,20,0
233043,44.0,20,0
233044,56.0,20,0
233045,79.0,20,0
233046,107.0,20,0
233047,26.0,20,0
233048,105.0,20,0
233049,55.0,20,0
233050,75.0,20,0
233051,45.0,20,0
233052,102.0,20,0
233053,41.0,20,0
233054,98.0,20,0
233055,46.0,20,0
233056,64.0,20,0
233057,38.0,20,0
233058,92.0,20,0
233059,41.0,20,0
233060,85.0,20,0
233061,46.0,20,0
233062,132.0,20,0
233063,83.0,20,0
233064,114.0,20,0
233065,43.0,20,0
233066,93.0,20,0
233067,51.0,20,0
233068,124.0,20,0
233069,50.0,20,0
233070,68.0,20,0
233071,24.0,20,0
233072,111.0,20,0
233073,41.0,20,0
233074,101.0,20,0
233075,78.0,20,0
233076,116.0,20,0
233077,39.0,20,0
233078,94.0,20,0
233079,40.0,20,0
233080,86.0,20,0
233081,106.0,20,0
233082,106.0,20,0
233083,38.0,20,0
233084,70.0,20,0
233085,41.0,20,0
233086,101.0,20,0
233087,46.0,20,0
233088,59.0,20,0
233089,36.0,20,0
233090,88.0,20,0
233091,50.0,20,0
233092,108.0,20,0
233093,54.0,20,0
233094,90.0,20,0
233095,28.0,20,0
233096,78.0,20,0
233097,38.0,20,0
233098,110.0,20,0
233099,38.0,20,0
233100,80.0,21,0
233101,43.0,21,0
233102,69.0,21,0
233103,43.0,21,0
233104,80.0,21,0
233105,82.0,21,0
233106,64.0,21,0
233107,58.0,21,0
233108,81.0,21,0
233109,40.0,21,0
233110,107.0,21,0
233111,25.0,21,0
233112,67.0,21,0
233113,26.0,21,0
233114,76.0,21,0
233115,54.0,21,0
233116,65.0,21,0
233117,52.0,21,0
233118,87.0,21,0
233119,33.0,21,0
233120,72.0,21,0
233121,38.0,21,0
233122,68.0,21,0
233123,36.0,21,0
233124,72.0,21,0
233125,30.0,21,0
233126,60.0,21,0
233127,32.0,21,0
233128,66.0,21,0
233129,38.0,21,0
233130,102.0,21,0
233131,40.0,21,0
233132,92.0,21,0
233133,44.0,21,0
233134,112.0,21,0
233135,65.0,21,0
233136,102.0,21,0
233137,42.0,21,0
233138,104.0,21,0
233139,74.0,21,0
233140,76.0,21,0
233141,70.0,21,0
233142,120.0,21,0
233143,21.0,21,0
233144,60.0,21,0
233145,29.0,21,0
233146,93.0,21,0
233147,41.0,21,0
233148,99.0,21,0
233149,45.0,21,0
233150,109.0,21,0
233151,36.0,21,0
233152,81.0,21,0
233153,35.0,21,0
233154,51.0,21,0
233155,23.0,21,0
233156,86.0,21,0
233157,49.0,21,0
233158,58.0,21,0
233159,37.0,21,0
233160,83.0,22,0
233161,33.0,22,0
233162,78.0,22,0
233163,46.0,22,0
233164,101.0,22,0
233165,57.0,22,0
233166,69.0,22,0
233167,43.0,22,0
233168,71.0,22,0
233169,33.0,22,0
233170,51.0,22,0
233171,25.0,22,0
233172,78.0,22,0
233173,50.0,22,0
233174,72.0,22,0
233175,49.0,22,0
233176,69.0,22,0
233177,43.0,22,0
233178,96.0,22,0
233179,38.0,22,0
233180,94.0,22,0
233181,47.0,22,0
233182,75.0,22,0
233183,64.0,22,0
233184,83.0,22,0
233185,50.0,22,0
233186,44.0,22,0
233187,40.0,22,0
233188,67.0,22,0
233189,44.0,22,0
233190,88.0,22,0
233191,54.0,22,0
233192,84.0,22,0
233193,47.0,22,0
233194,60.0,22,0
233195,30.0,22,0
233196,68.0,22,0
233197,25.0,22,0
233198,78.0,22,0
233199,60.0,22,0
233200,38.0,22,0
233201,49.0,22,0
233202,43.0,22,0
233203,106.0,22,0
233204,78.0,22,0
233205,18.0,22,0
233206,40.0,22,0
233207,36.0,22,0
233208,37.0,22,0
233209,16.0,22,0
233210,41.0,22,0
233211,33.0,22,0
233212,56.0,22,0
233213,21.0,22,0
233214,39.0,22,0
233215,41.0,22,0
233216,45.0,22,0
233217,18.0,22,0
233218,33.0,22,0
233219,19.0,22,0
233220,29.0,23,0
233221,39.0,23,0
233222,29.0,23,0
233223,22.0,23,0
233224,36.0,23,0
233225,27.0,23,0
233226,45.0,23,0
233227,16.0,23,0
233228,44.0,23,0
233229,22.0,23,0
233230,27.0,23,0
233231,39.0,23,0
233232,24.0,23,0
233233,10.0,23,0
233234,38.0,23,0
233235,13.0,23,0
233236,35.0,23,0
233237,19.0,23,0
233238,25.0,23,0
233239,20.0,23,0
233240,117.0,23,0
233241,50.0,23,0
233242,62.0,23,0
233243,60.0,23,0
233244,40.0,23,0
233245,36.0,23,0
233246,56.0,23,0
233247,25.0,23,0
233248,42.0,23,0
233249,35.0,23,0
233250,211.0,23,0
233251,537.0,23,0
233252,429.0,23,0
233253,239.0,23,0
233254,27.0,23,0
233255,32.0,23,0
233256,40.0,23,0
233257,25.0,23,0
233258,41.0,23,0
233259,19.0,23,0
233260,102.0,23,0
233261,12.0,23,0
233262,23.0,23,0
233263,32.0,23,0
233264,13.0,23,0
233265,40.0,23,0
233266,32.0,23,0
233267,38.0,23,0
233268,60.0,23,0
233269,43.0,23,0
233270,55.0,23,0
233271,49.0,23,0
233272,43.0,23,0
233273,33.0,23,0
233274,36.0,23,0
233275,26.0,23,0
233276,41.0,23,0
233277,19.0,23,0
233278,37.0,23,0
233279,25.0,23,0
233280,56.0,0,1
233281,27.0,0,1
233282,39.0,0,1
233283,29.0,0,1
233284,44.0,0,1
233285,45.0,0,1
233286,49.0,0,1
233287,26.0,0,1
233288,42.0,0,1
233289,38.0,0,1
233290,37.0,0,1
233291,19.0,0,1
233292,41.0,0,1
233293,23.0,0,1
233294,46.0,0,1
233295,28.0,0,1
233296,36.0,0,1
233297,25.0,0,1
233298,35.0,0,1
233299,26.0,0,1
233300,100.0,0,1
233301,49.0,0,1
233302,58.0,0,1
233303,54.0,0,1
233304,51.0,0,1
233305,36.0,0,1
233306,51.0,0,1
233307,34.0,0,1
233308,45.0,0,1
233309,29.0,0,1
233310,41.0,0,1
233311,23.0,0,1
233312,35.0,0,1
233313,35.0,0,1
233314,30.0,0,1
233315,27.0,0,1
233316,52.0,0,1
233317,38.0,0,1
233318,61.0,0,1
233319,36.0,0,1
233320,84.0,0,1
233321,66.0,0,1
233322,82.0,0,1
233323,41.0,0,1
233324,51.0,0,1
233325,38.0,0,1
233326,35.0,0,1
233327,37.0,0,1
233328,42.0,0,1
233329,34.0,0,1
233330,38.0,0,1
233331,39.0,0,1
233332,32.0,0,1
233333,39.0,0,1
233334,43.0,0,1
233335,42.0,0,1
233336,33.0,0,1
233337,24.0,0,1
233338,28.0,0,1
233339,23.0,0,1
233340,18.0,1,1
233341,28.0,1,1
233342,38.0,1,1
233343,22.0,1,1
233344,29.0,1,1
233345,74.0,1,1
233346,67.0,1,1
233347,29.0,1,1
233348,40.0,1,1
233349,40.0,1,1
233350,36.0,1,1
233351,29.0,1,1
233352,32.0,1,1
233353,32.0,1,1
233354,41.0,1,1
233355,35.0,1,1
233356,33.0,1,1
233357,48.0,1,1
233358,36.0,1,1
233359,42.0,1,1
233360,48.0,1,1
233361,88.0,1,1
233362,55.0,1,1
233363,29.0,1,1
233364,49.0,1,1
233365,39.0,1,1
233366,51.0,1,1
233367,40.0,1,1
233368,34.0,1,1
233369,23.0,1,1
233370,25.0,1,1
233371,12.0,1,1
233372,52.0,1,1
233373,34.0,1,1
233374,35.0,1,1
233375,22.0,1,1
233376,21.0,1,1
233377,26.0,1,1
233378,19.0,1,1
233379,13.0,1,1
233380,42.0,1,1
233381,70.0,1,1
233382,29.0,1,1
233383,12.0,1,1
233384,20.0,1,1
233385,27.0,1,1
233386,15.0,1,1
233387,18.0,1,1
233388,27.0,1,1
233389,40.0,1,1
233390,27.0,1,1
233391,22.0,1,1
233392,10.0,1,1
233393,15.0,1,1
233394,24.0,1,1
233395,19.0,1,1
233396,33.0,1,1
233397,27.0,1,1
233398,9.0,1,1
233399,3.0,1,1
233400,28.0,2,1
233401,27.0,2,1
233402,20.0,2,1
233403,23.0,2,1
233404,25.0,2,1
233405,45.0,2,1
233406,46.0,2,1
233407,26.0,2,1
233408,16.0,2,1
233409,18.0,2,1
233410,15.0,2,1
233411,27.0,2,1
233412,10.0,2,1
233413,12.0,2,1
233414,19.0,2,1
233415,16.0,2,1
233416,17.0,2,1
233417,9.0,2,1
233418,19.0,2,1
233419,14.0,2,1
233420,27.0,2,1
233421,88.0,2,1
233422,13.0,2,1
233423,15.0,2,1
233424,27.0,2,1
233425,19.0,2,1
233426,24.0,2,1
233427,23.0,2,1
233428,14.0,2,1
233429,18.0,2,1
233430,32.0,2,1
233431,21.0,2,1
233432,12.0,2,1
233433,7.0,2,1
233434,22.0,2,1
233435,28.0,2,1
233436,41.0,2,1
233437,21.0,2,1
233438,18.0,2,1
233439,15.0,2,1
233440,36.0,2,1
233441,77.0,2,1
233442,47.0,2,1
233443,12.0,2,1
233444,15.0,2,1
233445,24.0,2,1
233446,26.0,2,1
233447,16.0,2,1
233448,8.0,2,1
233449,24.0,2,1
233450,19.0,2,1
233451,12.0,2,1
233452,15.0,2,1
233453,12.0,2,1
233454,16.0,2,1
233455,14.0,2,1
233456,23.0,2,1
233457,15.0,2,1
233458,25.0,2,1
233459,21.0,2,1
233460,47.0,3,1
233461,128.0,3,1
233462,26.0,3,1
233463,29.0,3,1
233464,10.0,3,1
233465,59.0,3,1
233466,69.0,3,1
233467,18.0,3,1
233468,24.0,3,1
233469,15.0,3,1
233470,28.0,3,1
233471,20.0,3,1
233472,13.0,3,1
233473,13.0,3,1
233474,19.0,3,1
233475,17.0,3,1
233476,22.0,3,1
233477,10.0,3,1
233478,15.0,3,1
233479,19.0,3,1
233480,28.0,3,1
233481,123.0,3,1
233482,15.0,3,1
233483,19.0,3,1
233484,23.0,3,1
233485,15.0,3,1
233486,25.0,3,1
233487,12.0,3,1
233488,18.0,3,1
233489,18.0,3,1
233490,29.0,3,1
233491,22.0,3,1
233492,28.0,3,1
233493,29.0,3,1
233494,37.0,3,1
233495,17.0,3,1
233496,70.0,3,1
233497,40.0,3,1
233498,50.0,3,1
233499,34.0,3,1
233500,42.0,3,1
233501,120.0,3,1
233502,26.0,3,1
233503,20.0,3,1
233504,27.0,3,1
233505,44.0,3,1
233506,40.0,3,1
233507,13.0,3,1
233508,9.0,3,1
233509,19.0,3,1
233510,28.0,3,1
233511,15.0,3,1
233512,16.0,3,1
233513,17.0,3,1
233514,19.0,3,1
233515,17.0,3,1
233516,12.0,3,1
233517,12.0,3,1
233518,15.0,3,1
233519,19.0,3,1
233520,45.0,4,1
233521,79.0,4,1
233522,26.0,4,1
233523,17.0,4,1
233524,22.0,4,1
233525,15.0,4,1
233526,17.0,4,1
233527,25.0,4,1
233528,16.0,4,1
233529,19.0,4,1
233530,35.0,4,1
233531,19.0,4,1
233532,18.0,4,1
233533,14.0,4,1
233534,14.0,4,1
233535,16.0,4,1
233536,30.0,4,1
233537,25.0,4,1
233538,20.0,4,1
233539,33.0,4,1
233540,127.0,4,1
233541,128.0,4,1
233542,30.0,4,1
233543,25.0,4,1
233544,37.0,4,1
233545,33.0,4,1
233546,30.0,4,1
233547,20.0,4,1
233548,30.0,4,1
233549,29.0,4,1
233550,96.0,4,1
233551,69.0,4,1
233552,22.0,4,1
233553,21.0,4,1
233554,24.0,4,1
233555,74.0,4,1
233556,89.0,4,1
233557,7.0,4,1
233558,27.0,4,1
233559,10.0,4,1
233560,55.0,4,1
233561,125.0,4,1
233562,19.0,4,1
233563,25.0,4,1
233564,29.0,4,1
233565,36.0,4,1
233566,43.0,4,1
233567,17.0,4,1
233568,12.0,4,1
233569,14.0,4,1
233570,62.0,4,1
233571,22.0,4,1
233572,16.0,4,1
233573,15.0,4,1
233574,19.0,4,1
233575,21.0,4,1
233576,20.0,4,1
233577,17.0,4,1
233578,18.0,4,1
233579,17.0,4,1
233580,35.0,5,1
233581,108.0,5,1
233582,33.0,5,1
233583,20.0,5,1
233584,26.0,5,1
233585,14.0,5,1
233586,17.0,5,1
233587,12.0,5,1
233588,15.0,5,1
233589,13.0,5,1
233590,70.0,5,1
233591,16.0,5,1
233592,19.0,5,1
233593,7.0,5,1
233594,58.0,5,1
233595,78.0,5,1
233596,40.0,5,1
233597,10.0,5,1
233598,12.0,5,1
233599,21.0,5,1
233600,112.0,5,1
233601,141.0,5,1
233602,37.0,5,1
233603,17.0,5,1
233604,56.0,5,1
233605,59.0,5,1
233606,28.0,5,1
233607,9.0,5,1
233608,13.0,5,1
233609,25.0,5,1
233610,98.0,5,1
233611,51.0,5,1
233612,13.0,5,1
233613,8.0,5,1
233614,18.0,5,1
233615,21.0,5,1
233616,12.0,5,1
233617,13.0,5,1
233618,15.0,5,1
233619,9.0,5,1
233620,71.0,5,1
233621,29.0,5,1
233622,110.0,5,1
233623,22.0,5,1
233624,37.0,5,1
233625,62.0,5,1
233626,84.0,5,1
233627,17.0,5,1
233628,19.0,5,1
233629,10.0,5,1
233630,30.0,5,1
233631,20.0,5,1
233632,18.0,5,1
233633,17.0,5,1
233634,21.0,5,1
233635,15.0,5,1
233636,37.0,5,1
233637,14.0,5,1
233638,17.0,5,1
233639,26.0,5,1
233640,35.0,6,1
233641,18.0,6,1
233642,30.0,6,1
233643,24.0,6,1
233644,16.0,6,1
233645,21.0,6,1
233646,29.0,6,1
233647,13.0,6,1
233648,23.0,6,1
233649,18.0,6,1
233650,51.0,6,1
233651,30.0,6,1
233652,21.0,6,1
233653,13.0,6,1
233654,20.0,6,1
233655,26.0,6,1
233656,29.0,6,1
233657,15.0,6,1
233658,16.0,6,1
233659,18.0,6,1
233660,23.0,6,1
233661,58.0,6,1
233662,68.0,6,1
233663,24.0,6,1
233664,26.0,6,1
233665,15.0,6,1
233666,18.0,6,1
233667,21.0,6,1
233668,16.0,6,1
233669,14.0,6,1
233670,24.0,6,1
233671,20.0,6,1
233672,28.0,6,1
233673,34.0,6,1
233674,36.0,6,1
233675,45.0,6,1
233676,40.0,6,1
233677,29.0,6,1
233678,36.0,6,1
233679,41.0,6,1
233680,60.0,6,1
233681,20.0,6,1
233682,74.0,6,1
233683,38.0,6,1
233684,39.0,6,1
233685,41.0,6,1
233686,39.0,6,1
233687,24.0,6,1
233688,27.0,6,1
233689,18.0,6,1
233690,25.0,6,1
233691,26.0,6,1
233692,20.0,6,1
233693,13.0,6,1
233694,23.0,6,1
233695,30.0,6,1
233696,58.0,6,1
233697,24.0,6,1
233698,17.0,6,1
233699,21.0,6,1
233700,60.0,7,1
233701,25.0,7,1
233702,116.0,7,1
233703,35.0,7,1
233704,51.0,7,1
233705,93.0,7,1
233706,26.0,7,1
233707,18.0,7,1
233708,23.0,7,1
233709,20.0,7,1
233710,29.0,7,1
233711,18.0,7,1
233712,14.0,7,1
233713,17.0,7,1
233714,19.0,7,1
233715,30.0,7,1
233716,27.0,7,1
233717,22.0,7,1
233718,14.0,7,1
233719,17.0,7,1
233720,108.0,7,1
233721,126.0,7,1
233722,130.0,7,1
233723,38.0,7,1
233724,25.0,7,1
233725,74.0,7,1
233726,104.0,7,1
233727,85.0,7,1
233728,27.0,7,1
233729,25.0,7,1
233730,33.0,7,1
233731,35.0,7,1
233732,25.0,7,1
233733,28.0,7,1
233734,37.0,7,1
233735,112.0,7,1
233736,61.0,7,1
233737,27.0,7,1
233738,32.0,7,1
233739,33.0,7,1
233740,37.0,7,1
233741,69.0,7,1
233742,124.0,7,1
233743,17.0,7,1
233744,46.0,7,1
233745,47.0,7,1
233746,35.0,7,1
233747,35.0,7,1
233748,19.0,7,1
233749,21.0,7,1
233750,50.0,7,1
233751,23.0,7,1
233752,39.0,7,1
233753,34.0,7,1
233754,45.0,7,1
233755,61.0,7,1
233756,27.0,7,1
233757,84.0,7,1
233758,62.0,7,1
233759,38.0,7,1
233760,45.0,8,1
233761,56.0,8,1
233762,130.0,8,1
233763,43.0,8,1
233764,71.0,8,1
233765,86.0,8,1
233766,39.0,8,1
233767,46.0,8,1
233768,22.0,8,1
233769,43.0,8,1
233770,70.0,8,1
233771,52.0,8,1
233772,41.0,8,1
233773,36.0,8,1
233774,38.0,8,1
233775,103.0,8,1
233776,61.0,8,1
233777,57.0,8,1
233778,84.0,8,1
233779,56.0,8,1
233780,175.0,8,1
233781,90.0,8,1
233782,121.0,8,1
233783,59.0,8,1
233784,64.0,8,1
233785,71.0,8,1
233786,58.0,8,1
233787,36.0,8,1
233788,42.0,8,1
233789,28.0,8,1
233790,50.0,8,1
233791,41.0,8,1
233792,45.0,8,1
233793,48.0,8,1
233794,54.0,8,1
233795,92.0,8,1
233796,86.0,8,1
233797,43.0,8,1
233798,44.0,8,1
233799,40.0,8,1
233800,166.0,8,1
233801,51.0,8,1
233802,42.0,8,1
233803,34.0,8,1
233804,35.0,8,1
233805,43.0,8,1
233806,86.0,8,1
233807,59.0,8,1
233808,29.0,8,1
233809,45.0,8,1
233810,158.0,8,1
233811,55.0,8,1
233812,39.0,8,1
233813,36.0,8,1
233814,43.0,8,1
233815,63.0,8,1
233816,51.0,8,1
233817,46.0,8,1
233818,59.0,8,1
233819,36.0,8,1
233820,0.0,9,1
233821,0.0,9,1
233822,0.0,9,1
233823,0.0,9,1
233824,0.0,9,1
233825,0.0,9,1
233826,0.0,9,1
233827,0.0,9,1
233828,0.0,9,1
233829,537.0,9,1
233830,485.0,9,1
233831,75.0,9,1
233832,94.0,9,1
233833,118.0,9,1
233834,76.0,9,1
233835,93.0,9,1
233836,49.0,9,1
233837,70.0,9,1
233838,57.0,9,1
233839,47.0,9,1
233840,164.0,9,1
233841,44.0,9,1
233842,52.0,9,1
233843,68.0,9,1
233844,59.0,9,1
233845,67.0,9,1
233846,63.0,9,1
233847,120.0,9,1
233848,42.0,9,1
233849,59.0,9,1
233850,65.0,9,1
233851,82.0,9,1
233852,47.0,9,1
233853,84.0,9,1
233854,61.0,9,1
233855,100.0,9,1
233856,92.0,9,1
233857,70.0,9,1
233858,67.0,9,1
233859,62.0,9,1
233860,63.0,9,1
233861,152.0,9,1
233862,60.0,9,1
233863,69.0,9,1
233864,100.0,9,1
233865,65.0,9,1
233866,75.0,9,1
233867,59.0,9,1
233868,75.0,9,1
233869,75.0,9,1
233870,74.0,9,1
233871,68.0,9,1
233872,63.0,9,1
233873,58.0,9,1
233874,61.0,9,1
233875,64.0,9,1
233876,52.0,9,1
233877,60.0,9,1
233878,62.0,9,1
233879,52.0,9,1
233880,151.0,10,1
233881,54.0,10,1
233882,0.0,10,1
233883,0.0,10,1
233884,0.0,10,1
233885,0.0,10,1
233886,0.0,10,1
233887,0.0,10,1
233888,0.0,10,1
233889,0.0,10,1
233890,0.0,10,1
233891,1349.0,10,1
233892,552.0,10,1
233893,197.0,10,1
233894,0.0,10,1
233895,0.0,10,1
233896,10.0,10,1
233897,3.0,10,1
233898,2.0,10,1
233899,1.0,10,1
233900,3.0,10,1
233901,5.0,10,1
233902,2.0,10,1
233903,877.0,10,1
233904,907.0,10,1
233905,136.0,10,1
233906,134.0,10,1
233907,154.0,10,1
233908,130.0,10,1
233909,143.0,10,1
233910,143.0,10,1
233911,187.0,10,1
233912,173.0,10,1
233913,152.0,10,1
233914,145.0,10,1
233915,169.0,10,1
233916,176.0,10,1
233917,114.0,10,1
233918,144.0,10,1
233919,131.0,10,1
233920,153.0,10,1
233921,169.0,10,1
233922,116.0,10,1
233923,127.0,10,1
233924,111.0,10,1
233925,111.0,10,1
233926,133.0,10,1
233927,96.0,10,1
233928,97.0,10,1
233929,123.0,10,1
233930,158.0,10,1
233931,111.0,10,1
233932,117.0,10,1
233933,106.0,10,1
233934,106.0,10,1
233935,108.0,10,1
233936,128.0,10,1
233937,135.0,10,1
233938,119.0,10,1
233939,111.0,10,1
233940,143.0,11,1
233941,231.0,11,1
233942,125.0,11,1
233943,114.0,11,1
233944,170.0,11,1
233945,256.0,11,1
233946,219.0,11,1
233947,204.0,11,1
233948,251.0,11,1
233949,314.0,11,1
233950,231.0,11,1
233951,269.0,11,1
233952,232.0,11,1
233953,375.0,11,1
233954,201.0,11,1
233955,405.0,11,1
233956,236.0,11,1
233957,259.0,11,1
233958,187.0,11,1
233959,181.0,11,1
233960,129.0,11,1
233961,429.0,11,1
233962,150.0,11,1
233963,158.0,11,1
233964,126.0,11,1
233965,163.0,11,1
233966,119.0,11,1
233967,164.0,11,1
233968,123.0,11,1
233969,148.0,11,1
233970,107.0,11,1
233971,182.0,11,1
233972,134.0,11,1
233973,134.0,11,1
233974,104.0,11,1
233975,155.0,11,1
233976,133.0,11,1
233977,145.0,11,1
233978,127.0,11,1
233979,141.0,11,1
233980,136.0,11,1
233981,309.0,11,1
233982,132.0,11,1
233983,123.0,11,1
233984,140.0,11,1
233985,165.0,11,1
233986,125.0,11,1
233987,151.0,11,1
233988,133.0,11,1
233989,160.0,11,1
233990,152.0,11,1
233991,124.0,11,1
233992,127.0,11,1
233993,136.0,11,1
233994,0.0,11,1
233995,0.0,11,1
233996,1.0,11,1
233997,1.0,11,1
233998,1.0,11,1
233999,1.0,11,1
234000,0.0,12,1
234001,1.0,12,1
234002,2.0,12,1
234003,822.0,12,1
234004,1156.0,12,1
234005,293.0,12,1
234006,206.0,12,1
234007,272.0,12,1
234008,231.0,12,1
234009,391.0,12,1
234010,235.0,12,1
234011,378.0,12,1
234012,252.0,12,1
234013,364.0,12,1
234014,226.0,12,1
234015,290.0,12,1
234016,228.0,12,1
234017,310.0,12,1
234018,155.0,12,1
234019,220.0,12,1
234020,163.0,12,1
234021,265.0,12,1
234022,89.0,12,1
234023,148.0,12,1
234024,176.0,12,1
234025,168.0,12,1
234026,139.0,12,1
234027,162.0,12,1
234028,121.0,12,1
234029,141.0,12,1
234030,154.0,12,1
234031,154.0,12,1
234032,162.0,12,1
234033,209.0,12,1
234034,141.0,12,1
234035,213.0,12,1
234036,175.0,12,1
234037,240.0,12,1
234038,169.0,12,1
234039,173.0,12,1
234040,126.0,12,1
234041,297.0,12,1
234042,145.0,12,1
234043,191.0,12,1
234044,127.0,12,1
234045,123.0,12,1
234046,93.0,12,1
234047,112.0,12,1
234048,124.0,12,1
234049,126.0,12,1
234050,126.0,12,1
234051,155.0,12,1
234052,145.0,12,1
234053,146.0,12,1
234054,164.0,12,1
234055,116.0,12,1
234056,122.0,12,1
234057,139.0,12,1
234058,105.0,12,1
234059,151.0,12,1
234060,112.0,13,1
234061,245.0,13,1
234062,89.0,13,1
234063,113.0,13,1
234064,139.0,13,1
234065,273.0,13,1
234066,171.0,13,1
234067,251.0,13,1
234068,194.0,13,1
234069,322.0,13,1
234070,244.0,13,1
234071,328.0,13,1
234072,0.0,13,1
234073,1.0,13,1
234074,0.0,13,1
234075,0.0,13,1
234076,0.0,13,1
234077,1.0,13,1
234078,1.0,13,1
234079,0.0,13,1
234080,0.0,13,1
234081,385.0,13,1
234082,1413.0,13,1
234083,963.0,13,1
234084,140.0,13,1
234085,170.0,13,1
234086,125.0,13,1
234087,174.0,13,1
234088,124.0,13,1
234089,131.0,13,1
234090,134.0,13,1
234091,141.0,13,1
234092,98.0,13,1
234093,139.0,13,1
234094,87.0,13,1
234095,122.0,13,1
234096,82.0,13,1
234097,139.0,13,1
234098,140.0,13,1
234099,131.0,13,1
234100,80.0,13,1
234101,194.0,13,1
234102,140.0,13,1
234103,138.0,13,1
234104,87.0,13,1
234105,150.0,13,1
234106,114.0,13,1
234107,140.0,13,1
234108,91.0,13,1
234109,146.0,13,1
234110,136.0,13,1
234111,160.0,13,1
234112,117.0,13,1
234113,135.0,13,1
234114,80.0,13,1
234115,100.0,13,1
234116,103.0,13,1
234117,92.0,13,1
234118,89.0,13,1
234119,134.0,13,1
234120,79.0,14,1
234121,101.0,14,1
234122,71.0,14,1
234123,93.0,14,1
234124,148.0,14,1
234125,315.0,14,1
234126,147.0,14,1
234127,277.0,14,1
234128,216.0,14,1
234129,374.0,14,1
234130,162.0,14,1
234131,298.0,14,1
234132,173.0,14,1
234133,329.0,14,1
234134,171.0,14,1
234135,260.0,14,1
234136,105.0,14,1
234137,149.0,14,1
234138,86.0,14,1
234139,96.0,14,1
234140,83.0,14,1
234141,173.0,14,1
234142,138.0,14,1
234143,89.0,14,1
234144,76.0,14,1
234145,109.0,14,1
234146,61.0,14,1
234147,104.0,14,1
234148,96.0,14,1
234149,67.0,14,1
234150,60.0,14,1
234151,92.0,14,1
234152,85.0,14,1
234153,109.0,14,1
234154,76.0,14,1
234155,149.0,14,1
234156,98.0,14,1
234157,112.0,14,1
234158,212.0,14,1
234159,124.0,14,1
234160,71.0,14,1
234161,224.0,14,1
234162,116.0,14,1
234163,120.0,14,1
234164,84.0,14,1
234165,125.0,14,1
234166,83.0,14,1
234167,123.0,14,1
234168,128.0,14,1
234169,131.0,14,1
234170,85.0,14,1
234171,119.0,14,1
234172,78.0,14,1
234173,92.0,14,1
234174,102.0,14,1
234175,89.0,14,1
234176,75.0,14,1
234177,83.0,14,1
234178,85.0,14,1
234179,93.0,14,1
234180,89.0,15,1
234181,161.0,15,1
234182,152.0,15,1
234183,187.0,15,1
234184,127.0,15,1
234185,214.0,15,1
234186,167.0,15,1
234187,292.0,15,1
234188,194.0,15,1
234189,280.0,15,1
234190,188.0,15,1
234191,364.0,15,1
234192,171.0,15,1
234193,364.0,15,1
234194,152.0,15,1
234195,331.0,15,1
234196,153.0,15,1
234197,350.0,15,1
234198,176.0,15,1
234199,319.0,15,1
234200,98.0,15,1
234201,235.0,15,1
234202,141.0,15,1
234203,108.0,15,1
234204,102.0,15,1
234205,108.0,15,1
234206,86.0,15,1
234207,76.0,15,1
234208,105.0,15,1
234209,133.0,15,1
234210,104.0,15,1
234211,143.0,15,1
234212,113.0,15,1
234213,155.0,15,1
234214,86.0,15,1
234215,135.0,15,1
234216,99.0,15,1
234217,125.0,15,1
234218,187.0,15,1
234219,134.0,15,1
234220,109.0,15,1
234221,172.0,15,1
234222,160.0,15,1
234223,135.0,15,1
234224,100.0,15,1
234225,126.0,15,1
234226,96.0,15,1
234227,127.0,15,1
234228,99.0,15,1
234229,139.0,15,1
234230,116.0,15,1
234231,122.0,15,1
234232,87.0,15,1
234233,102.0,15,1
234234,75.0,15,1
234235,119.0,15,1
234236,103.0,15,1
234237,99.0,15,1
234238,102.0,15,1
234239,109.0,15,1
234240,120.0,16,1
234241,135.0,16,1
234242,203.0,16,1
234243,131.0,16,1
234244,100.0,16,1
234245,164.0,16,1
234246,102.0,16,1
234247,164.0,16,1
234248,141.0,16,1
234249,309.0,16,1
234250,139.0,16,1
234251,356.0,16,1
234252,110.0,16,1
234253,312.0,16,1
234254,120.0,16,1
234255,154.0,16,1
234256,89.0,16,1
234257,159.0,16,1
234258,125.0,16,1
234259,127.0,16,1
234260,94.0,16,1
234261,119.0,16,1
234262,197.0,16,1
234263,171.0,16,1
234264,134.0,16,1
234265,134.0,16,1
234266,92.0,16,1
234267,134.0,16,1
234268,124.0,16,1
234269,145.0,16,1
234270,85.0,16,1
234271,153.0,16,1
234272,82.0,16,1
234273,140.0,16,1
234274,113.0,16,1
234275,158.0,16,1
234276,84.0,16,1
234277,158.0,16,1
234278,138.0,16,1
234279,217.0,16,1
234280,97.0,16,1
234281,143.0,16,1
234282,193.0,16,1
234283,158.0,16,1
234284,106.0,16,1
234285,148.0,16,1
234286,100.0,16,1
234287,128.0,16,1
234288,119.0,16,1
234289,205.0,16,1
234290,106.0,16,1
234291,155.0,16,1
234292,94.0,16,1
234293,189.0,16,1
234294,108.0,16,1
234295,181.0,16,1
234296,104.0,16,1
234297,173.0,16,1
234298,141.0,16,1
234299,159.0,16,1
234300,77.0,17,1
234301,128.0,17,1
234302,190.0,17,1
234303,192.0,17,1
234304,100.0,17,1
234305,212.0,17,1
234306,102.0,17,1
234307,149.0,17,1
234308,112.0,17,1
234309,132.0,17,1
234310,117.0,17,1
234311,126.0,17,1
234312,100.0,17,1
234313,154.0,17,1
234314,90.0,17,1
234315,130.0,17,1
234316,94.0,17,1
234317,135.0,17,1
234318,114.0,17,1
234319,194.0,17,1
234320,114.0,17,1
234321,171.0,17,1
234322,96.0,17,1
234323,110.0,17,1
234324,90.0,17,1
234325,107.0,17,1
234326,61.0,17,1
234327,124.0,17,1
234328,79.0,17,1
234329,99.0,17,1
234330,64.0,17,1
234331,191.0,17,1
234332,94.0,17,1
234333,214.0,17,1
234334,118.0,17,1
234335,193.0,17,1
234336,102.0,17,1
234337,163.0,17,1
234338,98.0,17,1
234339,150.0,17,1
234340,69.0,17,1
234341,129.0,17,1
234342,91.0,17,1
234343,184.0,17,1
234344,75.0,17,1
234345,127.0,17,1
234346,56.0,17,1
234347,118.0,17,1
234348,94.0,17,1
234349,107.0,17,1
234350,107.0,17,1
234351,138.0,17,1
234352,84.0,17,1
234353,110.0,17,1
234354,79.0,17,1
234355,134.0,17,1
234356,49.0,17,1
234357,91.0,17,1
234358,68.0,17,1
234359,108.0,17,1
234360,52.0,18,1
234361,121.0,18,1
234362,89.0,18,1
234363,141.0,18,1
234364,103.0,18,1
234365,233.0,18,1
234366,67.0,18,1
234367,139.0,18,1
234368,87.0,18,1
234369,126.0,18,1
234370,85.0,18,1
234371,97.0,18,1
234372,77.0,18,1
234373,109.0,18,1
234374,63.0,18,1
234375,130.0,18,1
234376,79.0,18,1
234377,143.0,18,1
234378,69.0,18,1
234379,107.0,18,1
234380,102.0,18,1
234381,143.0,18,1
234382,76.0,18,1
234383,111.0,18,1
234384,79.0,18,1
234385,103.0,18,1
234386,64.0,18,1
234387,122.0,18,1
234388,60.0,18,1
234389,119.0,18,1
234390,58.0,18,1
234391,117.0,18,1
234392,78.0,18,1
234393,106.0,18,1
234394,58.0,18,1
234395,154.0,18,1
234396,72.0,18,1
234397,121.0,18,1
234398,90.0,18,1
234399,103.0,18,1
234400,188.0,18,1
234401,120.0,18,1
234402,75.0,18,1
234403,139.0,18,1
234404,67.0,18,1
234405,117.0,18,1
234406,101.0,18,1
234407,102.0,18,1
234408,84.0,18,1
234409,119.0,18,1
234410,91.0,18,1
234411,170.0,18,1
234412,106.0,18,1
234413,155.0,18,1
234414,90.0,18,1
234415,136.0,18,1
234416,97.0,18,1
234417,120.0,18,1
234418,89.0,18,1
234419,164.0,18,1
234420,210.0,19,1
234421,155.0,19,1
234422,79.0,19,1
234423,142.0,19,1
234424,103.0,19,1
234425,124.0,19,1
234426,139.0,19,1
234427,111.0,19,1
234428,135.0,19,1
234429,139.0,19,1
234430,77.0,19,1
234431,92.0,19,1
234432,76.0,19,1
234433,129.0,19,1
234434,66.0,19,1
234435,93.0,19,1
234436,74.0,19,1
234437,117.0,19,1
234438,72.0,19,1
234439,112.0,19,1
234440,227.0,19,1
234441,150.0,19,1
234442,79.0,19,1
234443,110.0,19,1
234444,84.0,19,1
234445,114.0,19,1
234446,58.0,19,1
234447,99.0,19,1
234448,62.0,19,1
234449,121.0,19,1
234450,76.0,19,1
234451,114.0,19,1
234452,69.0,19,1
234453,129.0,19,1
234454,60.0,19,1
234455,102.0,19,1
234456,58.0,19,1
234457,120.0,19,1
234458,92.0,19,1
234459,109.0,19,1
234460,213.0,19,1
234461,93.0,19,1
234462,72.0,19,1
234463,109.0,19,1
234464,63.0,19,1
234465,109.0,19,1
234466,100.0,19,1
234467,93.0,19,1
234468,45.0,19,1
234469,138.0,19,1
234470,141.0,19,1
234471,116.0,19,1
234472,72.0,19,1
234473,120.0,19,1
234474,81.0,19,1
234475,155.0,19,1
234476,77.0,19,1
234477,135.0,19,1
234478,77.0,19,1
234479,141.0,19,1
234480,91.0,20,1
234481,188.0,20,1
234482,105.0,20,1
234483,159.0,20,1
234484,66.0,20,1
234485,175.0,20,1
234486,63.0,20,1
234487,106.0,20,1
234488,93.0,20,1
234489,92.0,20,1
234490,39.0,20,1
234491,76.0,20,1
234492,51.0,20,1
234493,72.0,20,1
234494,48.0,20,1
234495,106.0,20,1
234496,42.0,20,1
234497,124.0,20,1
234498,55.0,20,1
234499,94.0,20,1
234500,83.0,20,1
234501,155.0,20,1
234502,61.0,20,1
234503,119.0,20,1
234504,76.0,20,1
234505,126.0,20,1
234506,63.0,20,1
234507,101.0,20,1
234508,54.0,20,1
234509,99.0,20,1
234510,36.0,20,1
234511,100.0,20,1
234512,69.0,20,1
234513,142.0,20,1
234514,65.0,20,1
234515,218.0,20,1
234516,108.0,20,1
234517,134.0,20,1
234518,57.0,20,1
234519,127.0,20,1
234520,57.0,20,1
234521,260.0,20,1
234522,72.0,20,1
234523,135.0,20,1
234524,30.0,20,1
234525,154.0,20,1
234526,48.0,20,1
234527,151.0,20,1
234528,64.0,20,1
234529,203.0,20,1
234530,81.0,20,1
234531,196.0,20,1
234532,65.0,20,1
234533,175.0,20,1
234534,76.0,20,1
234535,124.0,20,1
234536,69.0,20,1
234537,130.0,20,1
234538,57.0,20,1
234539,124.0,20,1
234540,58.0,21,1
234541,212.0,21,1
234542,45.0,21,1
234543,166.0,21,1
234544,61.0,21,1
234545,134.0,21,1
234546,40.0,21,1
234547,129.0,21,1
234548,79.0,21,1
234549,101.0,21,1
234550,68.0,21,1
234551,124.0,21,1
234552,61.0,21,1
234553,91.0,21,1
234554,54.0,21,1
234555,112.0,21,1
234556,55.0,21,1
234557,101.0,21,1
234558,51.0,21,1
234559,78.0,21,1
234560,59.0,21,1
234561,193.0,21,1
234562,40.0,21,1
234563,96.0,21,1
234564,62.0,21,1
234565,99.0,21,1
234566,54.0,21,1
234567,101.0,21,1
234568,47.0,21,1
234569,68.0,21,1
234570,45.0,21,1
234571,82.0,21,1
234572,46.0,21,1
234573,105.0,21,1
234574,46.0,21,1
234575,112.0,21,1
234576,40.0,21,1
234577,90.0,21,1
234578,89.0,21,1
234579,77.0,21,1
234580,25.0,21,1
234581,183.0,21,1
234582,43.0,21,1
234583,89.0,21,1
234584,55.0,21,1
234585,78.0,21,1
234586,50.0,21,1
234587,102.0,21,1
234588,60.0,21,1
234589,94.0,21,1
234590,98.0,21,1
234591,136.0,21,1
234592,79.0,21,1
234593,159.0,21,1
234594,76.0,21,1
234595,131.0,21,1
234596,63.0,21,1
234597,189.0,21,1
234598,65.0,21,1
234599,171.0,21,1
234600,58.0,22,1
234601,251.0,22,1
234602,80.0,22,1
234603,150.0,22,1
234604,74.0,22,1
234605,155.0,22,1
234606,74.0,22,1
234607,152.0,22,1
234608,106.0,22,1
234609,135.0,22,1
234610,65.0,22,1
234611,131.0,22,1
234612,55.0,22,1
234613,109.0,22,1
234614,44.0,22,1
234615,90.0,22,1
234616,62.0,22,1
234617,82.0,22,1
234618,66.0,22,1
234619,85.0,22,1
234620,54.0,22,1
234621,168.0,22,1
234622,42.0,22,1
234623,66.0,22,1
234624,36.0,22,1
234625,76.0,22,1
234626,50.0,22,1
234627,60.0,22,1
234628,65.0,22,1
234629,54.0,22,1
234630,56.0,22,1
234631,72.0,22,1
234632,63.0,22,1
234633,67.0,22,1
234634,43.0,22,1
234635,72.0,22,1
234636,48.0,22,1
234637,54.0,22,1
234638,89.0,22,1
234639,59.0,22,1
234640,54.0,22,1
234641,149.0,22,1
234642,79.0,22,1
234643,79.0,22,1
234644,39.0,22,1
234645,56.0,22,1
234646,40.0,22,1
234647,51.0,22,1
234648,39.0,22,1
234649,83.0,22,1
234650,47.0,22,1
234651,72.0,22,1
234652,45.0,22,1
234653,55.0,22,1
234654,47.0,22,1
234655,68.0,22,1
234656,47.0,22,1
234657,68.0,22,1
234658,54.0,22,1
234659,64.0,22,1
234660,51.0,23,1
234661,172.0,23,1
234662,61.0,23,1
234663,90.0,23,1
234664,66.0,23,1
234665,90.0,23,1
234666,70.0,23,1
234667,41.0,23,1
234668,52.0,23,1
234669,39.0,23,1
234670,42.0,23,1
234671,56.0,23,1
234672,37.0,23,1
234673,25.0,23,1
234674,49.0,23,1
234675,48.0,23,1
234676,32.0,23,1
234677,45.0,23,1
234678,32.0,23,1
234679,43.0,23,1
234680,39.0,23,1
234681,43.0,23,1
234682,27.0,23,1
234683,40.0,23,1
234684,65.0,23,1
234685,38.0,23,1
234686,29.0,23,1
234687,37.0,23,1
234688,37.0,23,1
234689,34.0,23,1
234690,461.0,23,1
234691,1589.0,23,1
234692,161.0,23,1
234693,83.0,23,1
234694,52.0,23,1
234695,69.0,23,1
234696,65.0,23,1
234697,71.0,23,1
234698,51.0,23,1
234699,52.0,23,1
234700,40.0,23,1
234701,113.0,23,1
234702,1.0,23,1
234703,0.0,23,1
234704,0.0,23,1
234705,0.0,23,1
234706,0.0,23,1
234707,0.0,23,1
234708,0.0,23,1
234709,0.0,23,1
234710,0.0,23,1
234711,375.0,23,1
234712,219.0,23,1
234713,50.0,23,1
234714,39.0,23,1
234715,46.0,23,1
234716,41.0,23,1
234717,25.0,23,1
234718,12.0,23,1
234719,28.0,23,1
234720,19.0,0,2
234721,35.0,0,2
234722,77.0,0,2
234723,102.0,0,2
234724,59.0,0,2
234725,67.0,0,2
234726,61.0,0,2
234727,67.0,0,2
234728,40.0,0,2
234729,26.0,0,2
234730,28.0,0,2
234731,35.0,0,2
234732,52.0,0,2
234733,34.0,0,2
234734,32.0,0,2
234735,28.0,0,2
234736,63.0,0,2
234737,34.0,0,2
234738,37.0,0,2
234739,35.0,0,2
234740,52.0,0,2
234741,104.0,0,2
234742,49.0,0,2
234743,44.0,0,2
234744,51.0,0,2
234745,43.0,0,2
234746,35.0,0,2
234747,36.0,0,2
234748,12.0,0,2
234749,28.0,0,2
234750,44.0,0,2
234751,30.0,0,2
234752,47.0,0,2
234753,46.0,0,2
234754,47.0,0,2
234755,51.0,0,2
234756,37.0,0,2
234757,43.0,0,2
234758,40.0,0,2
234759,37.0,0,2
234760,16.0,0,2
234761,77.0,0,2
234762,105.0,0,2
234763,104.0,0,2
234764,29.0,0,2
234765,29.0,0,2
234766,13.0,0,2
234767,35.0,0,2
234768,19.0,0,2
234769,21.0,0,2
234770,20.0,0,2
234771,39.0,0,2
234772,27.0,0,2
234773,39.0,0,2
234774,26.0,0,2
234775,34.0,0,2
234776,17.0,0,2
234777,22.0,0,2
234778,18.0,0,2
234779,29.0,0,2
234780,7.0,1,2
234781,40.0,1,2
234782,32.0,1,2
234783,39.0,1,2
234784,92.0,1,2
234785,109.0,1,2
234786,39.0,1,2
234787,57.0,1,2
234788,47.0,1,2
234789,26.0,1,2
234790,25.0,1,2
234791,21.0,1,2
234792,28.0,1,2
234793,41.0,1,2
234794,42.0,1,2
234795,55.0,1,2
234796,88.0,1,2
234797,61.0,1,2
234798,58.0,1,2
234799,55.0,1,2
234800,43.0,1,2
234801,41.0,1,2
234802,106.0,1,2
234803,38.0,1,2
234804,33.0,1,2
234805,27.0,1,2
234806,32.0,1,2
234807,30.0,1,2
234808,22.0,1,2
234809,33.0,1,2
234810,23.0,1,2
234811,35.0,1,2
234812,39.0,1,2
234813,21.0,1,2
234814,36.0,1,2
234815,21.0,1,2
234816,41.0,1,2
234817,15.0,1,2
234818,19.0,1,2
234819,19.0,1,2
234820,9.0,1,2
234821,17.0,1,2
234822,104.0,1,2
234823,26.0,1,2
234824,16.0,1,2
234825,21.0,1,2
234826,13.0,1,2
234827,21.0,1,2
234828,10.0,1,2
234829,19.0,1,2
234830,9.0,1,2
234831,16.0,1,2
234832,6.0,1,2
234833,16.0,1,2
234834,19.0,1,2
234835,28.0,1,2
234836,15.0,1,2
234837,13.0,1,2
234838,17.0,1,2
234839,21.0,1,2
234840,10.0,2,2
234841,33.0,2,2
234842,103.0,2,2
234843,19.0,2,2
234844,23.0,2,2
234845,20.0,2,2
234846,42.0,2,2
234847,15.0,2,2
234848,18.0,2,2
234849,32.0,2,2
234850,17.0,2,2
234851,34.0,2,2
234852,21.0,2,2
234853,23.0,2,2
234854,18.0,2,2
234855,25.0,2,2
234856,52.0,2,2
234857,30.0,2,2
234858,19.0,2,2
234859,28.0,2,2
234860,29.0,2,2
234861,29.0,2,2
234862,56.0,2,2
234863,37.0,2,2
234864,13.0,2,2
234865,28.0,2,2
234866,16.0,2,2
234867,15.0,2,2
234868,19.0,2,2
234869,25.0,2,2
234870,19.0,2,2
234871,32.0,2,2
234872,17.0,2,2
234873,22.0,2,2
234874,16.0,2,2
234875,22.0,2,2
234876,19.0,2,2
234877,12.0,2,2
234878,13.0,2,2
234879,21.0,2,2
234880,103.0,2,2
234881,25.0,2,2
234882,13.0,2,2
234883,18.0,2,2
234884,12.0,2,2
234885,34.0,2,2
234886,7.0,2,2
234887,16.0,2,2
234888,8.0,2,2
234889,14.0,2,2
234890,15.0,2,2
234891,21.0,2,2
234892,12.0,2,2
234893,158.0,2,2
234894,13.0,2,2
234895,24.0,2,2
234896,17.0,2,2
234897,15.0,2,2
234898,12.0,2,2
234899,14.0,2,2
234900,92.0,3,2
234901,27.0,3,2
234902,9.0,3,2
234903,17.0,3,2
234904,12.0,3,2
234905,40.0,3,2
234906,18.0,3,2
234907,19.0,3,2
234908,18.0,3,2
234909,22.0,3,2
234910,26.0,3,2
234911,50.0,3,2
234912,16.0,3,2
234913,19.0,3,2
234914,10.0,3,2
234915,24.0,3,2
234916,19.0,3,2
234917,10.0,3,2
234918,12.0,3,2
234919,29.0,3,2
234920,79.0,3,2
234921,34.0,3,2
234922,17.0,3,2
234923,14.0,3,2
234924,27.0,3,2
234925,55.0,3,2
234926,12.0,3,2
234927,20.0,3,2
234928,20.0,3,2
234929,29.0,3,2
234930,21.0,3,2
234931,24.0,3,2
234932,37.0,3,2
234933,46.0,3,2
234934,52.0,3,2
234935,55.0,3,2
234936,60.0,3,2
234937,24.0,3,2
234938,14.0,3,2
234939,10.0,3,2
234940,78.0,3,2
234941,29.0,3,2
234942,15.0,3,2
234943,33.0,3,2
234944,17.0,3,2
234945,33.0,3,2
234946,17.0,3,2
234947,18.0,3,2
234948,17.0,3,2
234949,16.0,3,2
234950,17.0,3,2
234951,18.0,3,2
234952,15.0,3,2
234953,23.0,3,2
234954,20.0,3,2
234955,26.0,3,2
234956,19.0,3,2
234957,20.0,3,2
234958,21.0,3,2
234959,21.0,3,2
234960,49.0,4,2
234961,48.0,4,2
234962,14.0,4,2
234963,14.0,4,2
234964,15.0,4,2
234965,120.0,4,2
234966,33.0,4,2
234967,26.0,4,2
234968,13.0,4,2
234969,42.0,4,2
234970,41.0,4,2
234971,118.0,4,2
234972,26.0,4,2
234973,21.0,4,2
234974,22.0,4,2
234975,100.0,4,2
234976,22.0,4,2
234977,29.0,4,2
234978,25.0,4,2
234979,33.0,4,2
234980,77.0,4,2
234981,41.0,4,2
234982,0.0,4,2
234983,0.0,4,2
234984,0.0,4,2
234985,0.0,4,2
234986,0.0,4,2
234987,0.0,4,2
234988,0.0,4,2
234989,0.0,4,2
234990,0.0,4,2
234991,142.0,4,2
234992,16.0,4,2
234993,12.0,4,2
234994,10.0,4,2
234995,52.0,4,2
234996,17.0,4,2
234997,9.0,4,2
234998,16.0,4,2
234999,16.0,4,2
235000,60.0,4,2
235001,65.0,4,2
235002,13.0,4,2
235003,28.0,4,2
235004,7.0,4,2
235005,27.0,4,2
235006,18.0,4,2
235007,19.0,4,2
235008,9.0,4,2
235009,14.0,4,2
235010,21.0,4,2
235011,20.0,4,2
235012,18.0,4,2
235013,23.0,4,2
235014,21.0,4,2
235015,26.0,4,2
235016,22.0,4,2
235017,14.0,4,2
235018,12.0,4,2
235019,22.0,4,2
235020,29.0,5,2
235021,87.0,5,2
235022,16.0,5,2
235023,15.0,5,2
235024,12.0,5,2
235025,45.0,5,2
235026,23.0,5,2
235027,15.0,5,2
235028,6.0,5,2
235029,20.0,5,2
235030,15.0,5,2
235031,24.0,5,2
235032,16.0,5,2
235033,10.0,5,2
235034,18.0,5,2
235035,38.0,5,2
235036,17.0,5,2
235037,13.0,5,2
235038,13.0,5,2
235039,15.0,5,2
235040,48.0,5,2
235041,61.0,5,2
235042,0.0,5,2
235043,0.0,5,2
235044,2.0,5,2
235045,0.0,5,2
235046,0.0,5,2
235047,0.0,5,2
235048,0.0,5,2
235049,0.0,5,2
235050,0.0,5,2
235051,186.0,5,2
235052,14.0,5,2
235053,13.0,5,2
235054,17.0,5,2
235055,23.0,5,2
235056,15.0,5,2
235057,8.0,5,2
235058,9.0,5,2
235059,10.0,5,2
235060,18.0,5,2
235061,68.0,5,2
235062,41.0,5,2
235063,10.0,5,2
235064,15.0,5,2
235065,20.0,5,2
235066,10.0,5,2
235067,6.0,5,2
235068,14.0,5,2
235069,24.0,5,2
235070,14.0,5,2
235071,50.0,5,2
235072,19.0,5,2
235073,12.0,5,2
235074,26.0,5,2
235075,49.0,5,2
235076,7.0,5,2
235077,8.0,5,2
235078,14.0,5,2
235079,14.0,5,2
235080,12.0,6,2
235081,105.0,6,2
235082,8.0,6,2
235083,13.0,6,2
235084,23.0,6,2
235085,29.0,6,2
235086,14.0,6,2
235087,19.0,6,2
235088,18.0,6,2
235089,17.0,6,2
235090,14.0,6,2
235091,21.0,6,2
235092,18.0,6,2
235093,15.0,6,2
235094,7.0,6,2
235095,24.0,6,2
235096,19.0,6,2
235097,17.0,6,2
235098,23.0,6,2
235099,19.0,6,2
235100,19.0,6,2
235101,76.0,6,2
235102,12.0,6,2
235103,9.0,6,2
235104,21.0,6,2
235105,86.0,6,2
235106,33.0,6,2
235107,16.0,6,2
235108,5.0,6,2
235109,37.0,6,2
235110,32.0,6,2
235111,63.0,6,2
235112,9.0,6,2
235113,8.0,6,2
235114,12.0,6,2
235115,22.0,6,2
235116,13.0,6,2
235117,4.0,6,2
235118,8.0,6,2
235119,15.0,6,2
235120,8.0,6,2
235121,90.0,6,2
235122,20.0,6,2
235123,5.0,6,2
235124,23.0,6,2
235125,55.0,6,2
235126,32.0,6,2
235127,60.0,6,2
235128,7.0,6,2
235129,22.0,6,2
235130,13.0,6,2
235131,26.0,6,2
235132,7.0,6,2
235133,46.0,6,2
235134,22.0,6,2
235135,43.0,6,2
235136,28.0,6,2
235137,15.0,6,2
235138,24.0,6,2
235139,26.0,6,2
235140,13.0,7,2
235141,106.0,7,2
235142,22.0,7,2
235143,25.0,7,2
235144,32.0,7,2
235145,70.0,7,2
235146,86.0,7,2
235147,29.0,7,2
235148,18.0,7,2
235149,24.0,7,2
235150,23.0,7,2
235151,26.0,7,2
235152,13.0,7,2
235153,27.0,7,2
235154,33.0,7,2
235155,58.0,7,2
235156,30.0,7,2
235157,48.0,7,2
235158,38.0,7,2
235159,42.0,7,2
235160,48.0,7,2
235161,213.0,7,2
235162,61.0,7,2
235163,80.0,7,2
235164,80.0,7,2
235165,99.0,7,2
235166,33.0,7,2
235167,18.0,7,2
235168,23.0,7,2
235169,47.0,7,2
235170,44.0,7,2
235171,116.0,7,2
235172,46.0,7,2
235173,27.0,7,2
235174,37.0,7,2
235175,161.0,7,2
235176,83.0,7,2
235177,47.0,7,2
235178,28.0,7,2
235179,47.0,7,2
235180,40.0,7,2
235181,254.0,7,2
235182,41.0,7,2
235183,18.0,7,2
235184,33.0,7,2
235185,161.0,7,2
235186,43.0,7,2
235187,55.0,7,2
235188,16.0,7,2
235189,41.0,7,2
235190,100.0,7,2
235191,51.0,7,2
235192,12.0,7,2
235193,65.0,7,2
235194,65.0,7,2
235195,130.0,7,2
235196,49.0,7,2
235197,35.0,7,2
235198,15.0,7,2
235199,59.0,7,2
235200,61.0,8,2
235201,183.0,8,2
235202,49.0,8,2
235203,38.0,8,2
235204,44.0,8,2
235205,171.0,8,2
235206,81.0,8,2
235207,55.0,8,2
235208,16.0,8,2
235209,70.0,8,2
235210,41.0,8,2
235211,54.0,8,2
235212,41.0,8,2
235213,51.0,8,2
235214,26.0,8,2
235215,67.0,8,2
235216,47.0,8,2
235217,67.0,8,2
235218,16.0,8,2
235219,55.0,8,2
235220,59.0,8,2
235221,167.0,8,2
235222,28.0,8,2
235223,52.0,8,2
235224,81.0,8,2
235225,69.0,8,2
235226,48.0,8,2
235227,33.0,8,2
235228,29.0,8,2
235229,58.0,8,2
235230,37.0,8,2
235231,82.0,8,2
235232,37.0,8,2
235233,84.0,8,2
235234,40.0,8,2
235235,171.0,8,2
235236,45.0,8,2
235237,58.0,8,2
235238,25.0,8,2
235239,59.0,8,2
235240,33.0,8,2
235241,155.0,8,2
235242,54.0,8,2
235243,80.0,8,2
235244,57.0,8,2
235245,83.0,8,2
235246,66.0,8,2
235247,65.0,8,2
235248,44.0,8,2
235249,71.0,8,2
235250,49.0,8,2
235251,133.0,8,2
235252,52.0,8,2
235253,64.0,8,2
235254,52.0,8,2
235255,94.0,8,2
235256,67.0,8,2
235257,90.0,8,2
235258,57.0,8,2
235259,59.0,8,2
235260,45.0,9,2
235261,125.0,9,2
235262,71.0,9,2
235263,71.0,9,2
235264,34.0,9,2
235265,112.0,9,2
235266,48.0,9,2
235267,76.0,9,2
235268,37.0,9,2
235269,65.0,9,2
235270,101.0,9,2
235271,110.0,9,2
235272,85.0,9,2
235273,123.0,9,2
235274,72.0,9,2
235275,96.0,9,2
235276,54.0,9,2
235277,146.0,9,2
235278,77.0,9,2
235279,79.0,9,2
235280,77.0,9,2
235281,174.0,9,2
235282,78.0,9,2
235283,91.0,9,2
235284,83.0,9,2
235285,84.0,9,2
235286,69.0,9,2
235287,80.0,9,2
235288,50.0,9,2
235289,77.0,9,2
235290,60.0,9,2
235291,85.0,9,2
235292,42.0,9,2
235293,127.0,9,2
235294,68.0,9,2
235295,138.0,9,2
235296,108.0,9,2
235297,96.0,9,2
235298,57.0,9,2
235299,78.0,9,2
235300,56.0,9,2
235301,119.0,9,2
235302,85.0,9,2
235303,76.0,9,2
235304,66.0,9,2
235305,84.0,9,2
235306,69.0,9,2
235307,64.0,9,2
235308,69.0,9,2
235309,92.0,9,2
235310,69.0,9,2
235311,105.0,9,2
235312,97.0,9,2
235313,101.0,9,2
235314,52.0,9,2
235315,90.0,9,2
235316,74.0,9,2
235317,82.0,9,2
235318,71.0,9,2
235319,98.0,9,2
235320,44.0,10,2
235321,133.0,10,2
235322,118.0,10,2
235323,119.0,10,2
235324,99.0,10,2
235325,260.0,10,2
235326,87.0,10,2
235327,273.0,10,2
235328,159.0,10,2
235329,359.0,10,2
235330,134.0,10,2
235331,363.0,10,2
235332,146.0,10,2
235333,314.0,10,2
235334,120.0,10,2
235335,369.0,10,2
235336,118.0,10,2
235337,249.0,10,2
235338,119.0,10,2
235339,258.0,10,2
235340,138.0,10,2
235341,227.0,10,2
235342,185.0,10,2
235343,196.0,10,2
235344,144.0,10,2
235345,195.0,10,2
235346,143.0,10,2
235347,239.0,10,2
235348,122.0,10,2
235349,183.0,10,2
235350,90.0,10,2
235351,209.0,10,2
235352,121.0,10,2
235353,208.0,10,2
235354,92.0,10,2
235355,270.0,10,2
235356,113.0,10,2
235357,193.0,10,2
235358,113.0,10,2
235359,206.0,10,2
235360,90.0,10,2
235361,227.0,10,2
235362,239.0,10,2
235363,205.0,10,2
235364,86.0,10,2
235365,135.0,10,2
235366,155.0,10,2
235367,205.0,10,2
235368,147.0,10,2
235369,156.0,10,2
235370,166.0,10,2
235371,211.0,10,2
235372,145.0,10,2
235373,186.0,10,2
235374,105.0,10,2
235375,197.0,10,2
235376,97.0,10,2
235377,150.0,10,2
235378,176.0,10,2
235379,202.0,10,2
235380,100.0,11,2
235381,219.0,11,2
235382,207.0,11,2
235383,216.0,11,2
235384,289.0,11,2
235385,392.0,11,2
235386,185.0,11,2
235387,501.0,11,2
235388,491.0,11,2
235389,486.0,11,2
235390,268.0,11,2
235391,562.0,11,2
235392,249.0,11,2
235393,514.0,11,2
235394,287.0,11,2
235395,520.0,11,2
235396,342.0,11,2
235397,722.0,11,2
235398,293.0,11,2
235399,496.0,11,2
235400,230.0,11,2
235401,435.0,11,2
235402,426.0,11,2
235403,375.0,11,2
235404,296.0,11,2
235405,332.0,11,2
235406,272.0,11,2
235407,299.0,11,2
235408,309.0,11,2
235409,330.0,11,2
235410,271.0,11,2
235411,336.0,11,2
235412,200.0,11,2
235413,390.0,11,2
235414,235.0,11,2
235415,309.0,11,2
235416,222.0,11,2
235417,312.0,11,2
235418,220.0,11,2
235419,329.0,11,2
235420,225.0,11,2
235421,247.0,11,2
235422,251.0,11,2
235423,243.0,11,2
235424,197.0,11,2
235425,261.0,11,2
235426,190.0,11,2
235427,288.0,11,2
235428,201.0,11,2
235429,259.0,11,2
235430,264.0,11,2
235431,249.0,11,2
235432,294.0,11,2
235433,234.0,11,2
235434,224.0,11,2
235435,256.0,11,2
235436,178.0,11,2
235437,240.0,11,2
235438,220.0,11,2
235439,219.0,11,2
235440,247.0,12,2
235441,201.0,12,2
235442,178.0,12,2
235443,247.0,12,2
235444,197.0,12,2
235445,351.0,12,2
235446,285.0,12,2
235447,330.0,12,2
235448,178.0,12,2
235449,401.0,12,2
235450,268.0,12,2
235451,268.0,12,2
235452,323.0,12,2
235453,455.0,12,2
235454,259.0,12,2
235455,430.0,12,2
235456,405.0,12,2
235457,478.0,12,2
235458,388.0,12,2
235459,402.0,12,2
235460,335.0,12,2
235461,331.0,12,2
235462,214.0,12,2
235463,357.0,12,2
235464,297.0,12,2
235465,308.0,12,2
235466,304.0,12,2
235467,364.0,12,2
235468,216.0,12,2
235469,257.0,12,2
235470,230.0,12,2
235471,284.0,12,2
235472,222.0,12,2
235473,321.0,12,2
235474,207.0,12,2
235475,297.0,12,2
235476,170.0,12,2
235477,235.0,12,2
235478,274.0,12,2
235479,273.0,12,2
235480,203.0,12,2
235481,270.0,12,2
235482,164.0,12,2
235483,255.0,12,2
235484,169.0,12,2
235485,227.0,12,2
235486,151.0,12,2
235487,217.0,12,2
235488,196.0,12,2
235489,288.0,12,2
235490,259.0,12,2
235491,303.0,12,2
235492,233.0,12,2
235493,249.0,12,2
235494,229.0,12,2
235495,299.0,12,2
235496,248.0,12,2
235497,228.0,12,2
235498,218.0,12,2
235499,284.0,12,2
235500,237.0,13,2
235501,329.0,13,2
235502,163.0,13,2
235503,208.0,13,2
235504,153.0,13,2
235505,261.0,13,2
235506,284.0,13,2
235507,339.0,13,2
235508,254.0,13,2
235509,377.0,13,2
235510,349.0,13,2
235511,417.0,13,2
235512,398.0,13,2
235513,416.0,13,2
235514,331.0,13,2
235515,433.0,13,2
235516,282.0,13,2
235517,338.0,13,2
235518,300.0,13,2
235519,321.0,13,2
235520,309.0,13,2
235521,323.0,13,2
235522,268.0,13,2
235523,336.0,13,2
235524,257.0,13,2
235525,298.0,13,2
235526,264.0,13,2
235527,266.0,13,2
235528,296.0,13,2
235529,298.0,13,2
235530,256.0,13,2
235531,291.0,13,2
235532,242.0,13,2
235533,248.0,13,2
235534,229.0,13,2
235535,235.0,13,2
235536,222.0,13,2
235537,225.0,13,2
235538,217.0,13,2
235539,212.0,13,2
235540,240.0,13,2
235541,271.0,13,2
235542,182.0,13,2
235543,245.0,13,2
235544,211.0,13,2
235545,257.0,13,2
235546,190.0,13,2
235547,206.0,13,2
235548,230.0,13,2
235549,235.0,13,2
235550,207.0,13,2
235551,238.0,13,2
235552,217.0,13,2
235553,240.0,13,2
235554,154.0,13,2
235555,258.0,13,2
235556,219.0,13,2
235557,231.0,13,2
235558,198.0,13,2
235559,256.0,13,2
235560,210.0,14,2
235561,236.0,14,2
235562,146.0,14,2
235563,244.0,14,2
235564,200.0,14,2
235565,280.0,14,2
235566,224.0,14,2
235567,316.0,14,2
235568,296.0,14,2
235569,306.0,14,2
235570,280.0,14,2
235571,303.0,14,2
235572,299.0,14,2
235573,341.0,14,2
235574,292.0,14,2
235575,303.0,14,2
235576,242.0,14,2
235577,341.0,14,2
235578,217.0,14,2
235579,239.0,14,2
235580,257.0,14,2
235581,329.0,14,2
235582,210.0,14,2
235583,240.0,14,2
235584,224.0,14,2
235585,230.0,14,2
235586,195.0,14,2
235587,278.0,14,2
235588,196.0,14,2
235589,239.0,14,2
235590,165.0,14,2
235591,182.0,14,2
235592,171.0,14,2
235593,223.0,14,2
235594,185.0,14,2
235595,209.0,14,2
235596,240.0,14,2
235597,229.0,14,2
235598,273.0,14,2
235599,217.0,14,2
235600,201.0,14,2
235601,257.0,14,2
235602,181.0,14,2
235603,272.0,14,2
235604,222.0,14,2
235605,251.0,14,2
235606,169.0,14,2
235607,218.0,14,2
235608,191.0,14,2
235609,196.0,14,2
235610,222.0,14,2
235611,214.0,14,2
235612,209.0,14,2
235613,198.0,14,2
235614,181.0,14,2
235615,233.0,14,2
235616,208.0,14,2
235617,181.0,14,2
235618,207.0,14,2
235619,229.0,14,2
235620,191.0,15,2
235621,274.0,15,2
235622,191.0,15,2
235623,229.0,15,2
235624,226.0,15,2
235625,242.0,15,2
235626,183.0,15,2
235627,196.0,15,2
235628,169.0,15,2
235629,288.0,15,2
235630,301.0,15,2
235631,300.0,15,2
235632,310.0,15,2
235633,324.0,15,2
235634,253.0,15,2
235635,291.0,15,2
235636,219.0,15,2
235637,244.0,15,2
235638,262.0,15,2
235639,245.0,15,2
235640,268.0,15,2
235641,230.0,15,2
235642,154.0,15,2
235643,149.0,15,2
235644,145.0,15,2
235645,160.0,15,2
235646,121.0,15,2
235647,136.0,15,2
235648,127.0,15,2
235649,163.0,15,2
235650,140.0,15,2
235651,135.0,15,2
235652,84.0,15,2
235653,128.0,15,2
235654,94.0,15,2
235655,139.0,15,2
235656,101.0,15,2
235657,140.0,15,2
235658,91.0,15,2
235659,108.0,15,2
235660,125.0,15,2
235661,207.0,15,2
235662,120.0,15,2
235663,156.0,15,2
235664,125.0,15,2
235665,99.0,15,2
235666,122.0,15,2
235667,106.0,15,2
235668,141.0,15,2
235669,36.0,15,2
235670,234.0,15,2
235671,215.0,15,2
235672,105.0,15,2
235673,238.0,15,2
235674,158.0,15,2
235675,168.0,15,2
235676,147.0,15,2
235677,217.0,15,2
235678,91.0,15,2
235679,317.0,15,2
235680,233.0,16,2
235681,310.0,16,2
235682,229.0,16,2
235683,260.0,16,2
235684,227.0,16,2
235685,273.0,16,2
235686,193.0,16,2
235687,152.0,16,2
235688,242.0,16,2
235689,261.0,16,2
235690,202.0,16,2
235691,175.0,16,2
235692,266.0,16,2
235693,245.0,16,2
235694,279.0,16,2
235695,246.0,16,2
235696,160.0,16,2
235697,170.0,16,2
235698,150.0,16,2
235699,178.0,16,2
235700,165.0,16,2
235701,307.0,16,2
235702,171.0,16,2
235703,140.0,16,2
235704,125.0,16,2
235705,240.0,16,2
235706,205.0,16,2
235707,145.0,16,2
235708,209.0,16,2
235709,233.0,16,2
235710,131.0,16,2
235711,217.0,16,2
235712,224.0,16,2
235713,167.0,16,2
235714,150.0,16,2
235715,162.0,16,2
235716,144.0,16,2
235717,169.0,16,2
235718,225.0,16,2
235719,204.0,16,2
235720,166.0,16,2
235721,204.0,16,2
235722,176.0,16,2
235723,216.0,16,2
235724,269.0,16,2
235725,175.0,16,2
235726,143.0,16,2
235727,106.0,16,2
235728,136.0,16,2
235729,18.0,16,2
235730,222.0,16,2
235731,152.0,16,2
235732,118.0,16,2
235733,141.0,16,2
235734,122.0,16,2
235735,120.0,16,2
235736,172.0,16,2
235737,224.0,16,2
235738,258.0,16,2
235739,210.0,16,2
235740,140.0,17,2
235741,190.0,17,2
235742,181.0,17,2
235743,222.0,17,2
235744,192.0,17,2
235745,236.0,17,2
235746,206.0,17,2
235747,171.0,17,2
235748,175.0,17,2
235749,159.0,17,2
235750,151.0,17,2
235751,161.0,17,2
235752,166.0,17,2
235753,164.0,17,2
235754,196.0,17,2
235755,169.0,17,2
235756,250.0,17,2
235757,212.0,17,2
235758,164.0,17,2
235759,167.0,17,2
235760,191.0,17,2
235761,275.0,17,2
235762,178.0,17,2
235763,153.0,17,2
235764,204.0,17,2
235765,245.0,17,2
235766,159.0,17,2
235767,131.0,17,2
235768,177.0,17,2
235769,125.0,17,2
235770,176.0,17,2
235771,222.0,17,2
235772,147.0,17,2
235773,148.0,17,2
235774,146.0,17,2
235775,147.0,17,2
235776,173.0,17,2
235777,146.0,17,2
235778,138.0,17,2
235779,141.0,17,2
235780,126.0,17,2
235781,187.0,17,2
235782,110.0,17,2
235783,107.0,17,2
235784,86.0,17,2
235785,4.0,17,2
235786,218.0,17,2
235787,108.0,17,2
235788,136.0,17,2
235789,100.0,17,2
235790,140.0,17,2
235791,143.0,17,2
235792,106.0,17,2
235793,126.0,17,2
235794,94.0,17,2
235795,15.0,17,2
235796,117.0,17,2
235797,82.0,17,2
235798,103.0,17,2
235799,82.0,17,2
235800,98.0,18,2
235801,47.0,18,2
235802,1.0,18,2
235803,3.0,18,2
235804,0.0,18,2
235805,0.0,18,2
235806,2.0,18,2
235807,1.0,18,2
235808,2.0,18,2
235809,0.0,18,2
235810,0.0,18,2
235811,124.0,18,2
235812,474.0,18,2
235813,528.0,18,2
235814,277.0,18,2
235815,111.0,18,2
235816,135.0,18,2
235817,125.0,18,2
235818,134.0,18,2
235819,140.0,18,2
235820,133.0,18,2
235821,133.0,18,2
235822,184.0,18,2
235823,116.0,18,2
235824,158.0,18,2
235825,110.0,18,2
235826,147.0,18,2
235827,113.0,18,2
235828,139.0,18,2
235829,129.0,18,2
235830,122.0,18,2
235831,105.0,18,2
235832,113.0,18,2
235833,92.0,18,2
235834,97.0,18,2
235835,142.0,18,2
235836,151.0,18,2
235837,90.0,18,2
235838,131.0,18,2
235839,91.0,18,2
235840,136.0,18,2
235841,227.0,18,2
235842,156.0,18,2
235843,99.0,18,2
235844,125.0,18,2
235845,125.0,18,2
235846,148.0,18,2
235847,118.0,18,2
235848,131.0,18,2
235849,104.0,18,2
235850,127.0,18,2
235851,98.0,18,2
235852,136.0,18,2
235853,102.0,18,2
235854,109.0,18,2
235855,107.0,18,2
235856,121.0,18,2
235857,122.0,18,2
235858,94.0,18,2
235859,99.0,18,2
235860,88.0,19,2
235861,113.0,19,2
235862,114.0,19,2
235863,67.0,19,2
235864,71.0,19,2
235865,68.0,19,2
235866,153.0,19,2
235867,97.0,19,2
235868,106.0,19,2
235869,101.0,19,2
235870,103.0,19,2
235871,99.0,19,2
235872,127.0,19,2
235873,85.0,19,2
235874,99.0,19,2
235875,89.0,19,2
235876,97.0,19,2
235877,128.0,19,2
235878,131.0,19,2
235879,91.0,19,2
235880,117.0,19,2
235881,135.0,19,2
235882,164.0,19,2
235883,98.0,19,2
235884,114.0,19,2
235885,79.0,19,2
235886,109.0,19,2
235887,71.0,19,2
235888,98.0,19,2
235889,103.0,19,2
235890,80.0,19,2
235891,66.0,19,2
235892,94.0,19,2
235893,79.0,19,2
235894,94.0,19,2
235895,87.0,19,2
235896,71.0,19,2
235897,75.0,19,2
235898,80.0,19,2
235899,67.0,19,2
235900,93.0,19,2
235901,88.0,19,2
235902,180.0,19,2
235903,64.0,19,2
235904,80.0,19,2
235905,57.0,19,2
235906,81.0,19,2
235907,59.0,19,2
235908,92.0,19,2
235909,99.0,19,2
235910,85.0,19,2
235911,108.0,19,2
235912,108.0,19,2
235913,82.0,19,2
235914,71.0,19,2
235915,82.0,19,2
235916,89.0,19,2
235917,56.0,19,2
235918,80.0,19,2
235919,74.0,19,2
235920,90.0,20,2
235921,90.0,20,2
235922,74.0,20,2
235923,56.0,20,2
235924,66.0,20,2
235925,102.0,20,2
235926,93.0,20,2
235927,59.0,20,2
235928,156.0,20,2
235929,96.0,20,2
235930,81.0,20,2
235931,62.0,20,2
235932,70.0,20,2
235933,56.0,20,2
235934,101.0,20,2
235935,114.0,20,2
235936,88.0,20,2
235937,82.0,20,2
235938,67.0,20,2
235939,77.0,20,2
235940,79.0,20,2
235941,45.0,20,2
235942,96.0,20,2
235943,116.0,20,2
235944,140.0,20,2
235945,112.0,20,2
235946,117.0,20,2
235947,86.0,20,2
235948,156.0,20,2
235949,124.0,20,2
235950,159.0,20,2
235951,118.0,20,2
235952,144.0,20,2
235953,54.0,20,2
235954,87.0,20,2
235955,138.0,20,2
235956,108.0,20,2
235957,228.0,20,2
235958,185.0,20,2
235959,202.0,20,2
235960,153.0,20,2
235961,98.0,20,2
235962,194.0,20,2
235963,105.0,20,2
235964,124.0,20,2
235965,127.0,20,2
235966,102.0,20,2
235967,108.0,20,2
235968,113.0,20,2
235969,139.0,20,2
235970,133.0,20,2
235971,107.0,20,2
235972,38.0,20,2
235973,273.0,20,2
235974,206.0,20,2
235975,119.0,20,2
235976,174.0,20,2
235977,125.0,20,2
235978,251.0,20,2
235979,153.0,20,2
235980,268.0,21,2
235981,109.0,21,2
235982,197.0,21,2
235983,119.0,21,2
235984,68.0,21,2
235985,152.0,21,2
235986,150.0,21,2
235987,106.0,21,2
235988,141.0,21,2
235989,102.0,21,2
235990,132.0,21,2
235991,113.0,21,2
235992,174.0,21,2
235993,114.0,21,2
235994,102.0,21,2
235995,62.0,21,2
235996,169.0,21,2
235997,120.0,21,2
235998,122.0,21,2
235999,174.0,21,2
236000,85.0,21,2
236001,55.0,21,2
236002,336.0,21,2
236003,145.0,21,2
236004,142.0,21,2
236005,112.0,21,2
236006,127.0,21,2
236007,161.0,21,2
236008,190.0,21,2
236009,154.0,21,2
236010,81.0,21,2
236011,80.0,21,2
236012,104.0,21,2
236013,55.0,21,2
236014,183.0,21,2
236015,215.0,21,2
236016,130.0,21,2
236017,150.0,21,2
236018,186.0,21,2
236019,133.0,21,2
236020,175.0,21,2
236021,153.0,21,2
236022,108.0,21,2
236023,125.0,21,2
236024,103.0,21,2
236025,76.0,21,2
236026,125.0,21,2
236027,97.0,21,2
236028,93.0,21,2
236029,131.0,21,2
236030,117.0,21,2
236031,124.0,21,2
236032,122.0,21,2
236033,145.0,21,2
236034,135.0,21,2
236035,104.0,21,2
236036,106.0,21,2
236037,84.0,21,2
236038,106.0,21,2
236039,82.0,21,2
236040,54.0,22,2
236041,164.0,22,2
236042,94.0,22,2
236043,45.0,22,2
236044,165.0,22,2
236045,111.0,22,2
236046,67.0,22,2
236047,152.0,22,2
236048,128.0,22,2
236049,104.0,22,2
236050,85.0,22,2
236051,92.0,22,2
236052,102.0,22,2
236053,132.0,22,2
236054,173.0,22,2
236055,111.0,22,2
236056,131.0,22,2
236057,56.0,22,2
236058,0.0,22,2
236059,127.0,22,2
236060,125.0,22,2
236061,90.0,22,2
236062,68.0,22,2
236063,65.0,22,2
236064,100.0,22,2
236065,60.0,22,2
236066,58.0,22,2
236067,54.0,22,2
236068,85.0,22,2
236069,55.0,22,2
236070,64.0,22,2
236071,84.0,22,2
236072,87.0,22,2
236073,77.0,22,2
236074,82.0,22,2
236075,78.0,22,2
236076,84.0,22,2
236077,87.0,22,2
236078,117.0,22,2
236079,75.0,22,2
236080,109.0,22,2
236081,138.0,22,2
236082,131.0,22,2
236083,82.0,22,2
236084,81.0,22,2
236085,75.0,22,2
236086,120.0,22,2
236087,125.0,22,2
236088,142.0,22,2
236089,105.0,22,2
236090,89.0,22,2
236091,61.0,22,2
236092,81.0,22,2
236093,65.0,22,2
236094,65.0,22,2
236095,72.0,22,2
236096,82.0,22,2
236097,80.0,22,2
236098,76.0,22,2
236099,71.0,22,2
236100,119.0,23,2
236101,89.0,23,2
236102,79.0,23,2
236103,88.0,23,2
236104,82.0,23,2
236105,100.0,23,2
236106,75.0,23,2
236107,71.0,23,2
236108,90.0,23,2
236109,70.0,23,2
236110,70.0,23,2
236111,138.0,23,2
236112,154.0,23,2
236113,91.0,23,2
236114,94.0,23,2
236115,63.0,23,2
236116,89.0,23,2
236117,45.0,23,2
236118,0.0,23,2
236119,87.0,23,2
236120,57.0,23,2
236121,60.0,23,2
236122,52.0,23,2
236123,35.0,23,2
236124,75.0,23,2
236125,33.0,23,2
236126,61.0,23,2
236127,43.0,23,2
236128,64.0,23,2
236129,61.0,23,2
236130,252.0,23,2
236131,400.0,23,2
236132,392.0,23,2
236133,382.0,23,2
236134,357.0,23,2
236135,355.0,23,2
236136,323.0,23,2
236137,352.0,23,2
236138,326.0,23,2
236139,55.0,23,2
236140,97.0,23,2
236141,136.0,23,2
236142,76.0,23,2
236143,47.0,23,2
236144,48.0,23,2
236145,79.0,23,2
236146,70.0,23,2
236147,56.0,23,2
236148,89.0,23,2
236149,62.0,23,2
236150,70.0,23,2
236151,37.0,23,2
236152,76.0,23,2
236153,52.0,23,2
236154,83.0,23,2
236155,55.0,23,2
236156,80.0,23,2
236157,52.0,23,2
236158,77.0,23,2
236159,48.0,23,2
236160,70.0,0,3
236161,156.0,0,3
236162,93.0,0,3
236163,51.0,0,3
236164,129.0,0,3
236165,86.0,0,3
236166,127.0,0,3
236167,80.0,0,3
236168,166.0,0,3
236169,68.0,0,3
236170,107.0,0,3
236171,48.0,0,3
236172,71.0,0,3
236173,71.0,0,3
236174,64.0,0,3
236175,69.0,0,3
236176,72.0,0,3
236177,61.0,0,3
236178,74.0,0,3
236179,57.0,0,3
236180,94.0,0,3
236181,141.0,0,3
236182,56.0,0,3
236183,44.0,0,3
236184,110.0,0,3
236185,27.0,0,3
236186,52.0,0,3
236187,33.0,0,3
236188,52.0,0,3
236189,32.0,0,3
236190,51.0,0,3
236191,41.0,0,3
236192,71.0,0,3
236193,43.0,0,3
236194,98.0,0,3
236195,94.0,0,3
236196,96.0,0,3
236197,62.0,0,3
236198,146.0,0,3
236199,69.0,0,3
236200,62.0,0,3
236201,62.0,0,3
236202,150.0,0,3
236203,139.0,0,3
236204,132.0,0,3
236205,76.0,0,3
236206,105.0,0,3
236207,69.0,0,3
236208,71.0,0,3
236209,51.0,0,3
236210,81.0,0,3
236211,46.0,0,3
236212,67.0,0,3
236213,61.0,0,3
236214,60.0,0,3
236215,40.0,0,3
236216,74.0,0,3
236217,63.0,0,3
236218,77.0,0,3
236219,65.0,0,3
236220,71.0,1,3
236221,110.0,1,3
236222,78.0,1,3
236223,90.0,1,3
236224,114.0,1,3
236225,125.0,1,3
236226,82.0,1,3
236227,61.0,1,3
236228,87.0,1,3
236229,61.0,1,3
236230,76.0,1,3
236231,94.0,1,3
236232,100.0,1,3
236233,97.0,1,3
236234,88.0,1,3
236235,61.0,1,3
236236,82.0,1,3
236237,82.0,1,3
236238,79.0,1,3
236239,56.0,1,3
236240,57.0,1,3
236241,154.0,1,3
236242,85.0,1,3
236243,54.0,1,3
236244,55.0,1,3
236245,67.0,1,3
236246,61.0,1,3
236247,54.0,1,3
236248,70.0,1,3
236249,47.0,1,3
236250,38.0,1,3
236251,43.0,1,3
236252,66.0,1,3
236253,61.0,1,3
236254,155.0,1,3
236255,48.0,1,3
236256,80.0,1,3
236257,40.0,1,3
236258,82.0,1,3
236259,58.0,1,3
236260,58.0,1,3
236261,118.0,1,3
236262,75.0,1,3
236263,71.0,1,3
236264,90.0,1,3
236265,74.0,1,3
236266,79.0,1,3
236267,74.0,1,3
236268,52.0,1,3
236269,48.0,1,3
236270,57.0,1,3
236271,44.0,1,3
236272,50.0,1,3
236273,43.0,1,3
236274,44.0,1,3
236275,35.0,1,3
236276,49.0,1,3
236277,58.0,1,3
236278,74.0,1,3
236279,45.0,1,3
236280,46.0,2,3
236281,109.0,2,3
236282,41.0,2,3
236283,60.0,2,3
236284,70.0,2,3
236285,40.0,2,3
236286,38.0,2,3
236287,41.0,2,3
236288,35.0,2,3
236289,23.0,2,3
236290,25.0,2,3
236291,17.0,2,3
236292,25.0,2,3
236293,33.0,2,3
236294,26.0,2,3
236295,29.0,2,3
236296,41.0,2,3
236297,19.0,2,3
236298,20.0,2,3
236299,18.0,2,3
236300,27.0,2,3
236301,99.0,2,3
236302,57.0,2,3
236303,36.0,2,3
236304,32.0,2,3
236305,30.0,2,3
236306,79.0,2,3
236307,26.0,2,3
236308,30.0,2,3
236309,20.0,2,3
236310,30.0,2,3
236311,40.0,2,3
236312,25.0,2,3
236313,22.0,2,3
236314,41.0,2,3
236315,26.0,2,3
236316,39.0,2,3
236317,10.0,2,3
236318,16.0,2,3
236319,21.0,2,3
236320,34.0,2,3
236321,20.0,2,3
236322,20.0,2,3
236323,16.0,2,3
236324,44.0,2,3
236325,19.0,2,3
236326,44.0,2,3
236327,43.0,2,3
236328,32.0,2,3
236329,9.0,2,3
236330,22.0,2,3
236331,17.0,2,3
236332,28.0,2,3
236333,22.0,2,3
236334,39.0,2,3
236335,54.0,2,3
236336,39.0,2,3
236337,25.0,2,3
236338,38.0,2,3
236339,46.0,2,3
236340,54.0,3,3
236341,66.0,3,3
236342,60.0,3,3
236343,45.0,3,3
236344,28.0,3,3
236345,70.0,3,3
236346,48.0,3,3
236347,36.0,3,3
236348,30.0,3,3
236349,25.0,3,3
236350,26.0,3,3
236351,28.0,3,3
236352,38.0,3,3
236353,29.0,3,3
236354,41.0,3,3
236355,54.0,3,3
236356,52.0,3,3
236357,65.0,3,3
236358,43.0,3,3
236359,45.0,3,3
236360,46.0,3,3
236361,67.0,3,3
236362,62.0,3,3
236363,37.0,3,3
236364,59.0,3,3
236365,48.0,3,3
236366,54.0,3,3
236367,25.0,3,3
236368,29.0,3,3
236369,13.0,3,3
236370,41.0,3,3
236371,22.0,3,3
236372,36.0,3,3
236373,47.0,3,3
236374,61.0,3,3
236375,35.0,3,3
236376,68.0,3,3
236377,39.0,3,3
236378,48.0,3,3
236379,47.0,3,3
236380,45.0,3,3
236381,46.0,3,3
236382,61.0,3,3
236383,40.0,3,3
236384,28.0,3,3
236385,55.0,3,3
236386,59.0,3,3
236387,17.0,3,3
236388,28.0,3,3
236389,6.0,3,3
236390,28.0,3,3
236391,10.0,3,3
236392,14.0,3,3
236393,22.0,3,3
236394,45.0,3,3
236395,41.0,3,3
236396,32.0,3,3
236397,8.0,3,3
236398,10.0,3,3
236399,22.0,3,3
236400,22.0,4,3
236401,15.0,4,3
236402,43.0,4,3
236403,24.0,4,3
236404,24.0,4,3
236405,26.0,4,3
236406,17.0,4,3
236407,21.0,4,3
236408,24.0,4,3
236409,22.0,4,3
236410,46.0,4,3
236411,21.0,4,3
236412,20.0,4,3
236413,25.0,4,3
236414,37.0,4,3
236415,30.0,4,3
236416,55.0,4,3
236417,41.0,4,3
236418,20.0,4,3
236419,29.0,4,3
236420,44.0,4,3
236421,49.0,4,3
236422,105.0,4,3
236423,36.0,4,3
236424,27.0,4,3
236425,22.0,4,3
236426,42.0,4,3
236427,20.0,4,3
236428,20.0,4,3
236429,15.0,4,3
236430,24.0,4,3
236431,9.0,4,3
236432,8.0,4,3
236433,19.0,4,3
236434,62.0,4,3
236435,48.0,4,3
236436,22.0,4,3
236437,7.0,4,3
236438,8.0,4,3
236439,5.0,4,3
236440,18.0,4,3
236441,16.0,4,3
236442,121.0,4,3
236443,8.0,4,3
236444,23.0,4,3
236445,10.0,4,3
236446,22.0,4,3
236447,14.0,4,3
236448,10.0,4,3
236449,5.0,4,3
236450,13.0,4,3
236451,6.0,4,3
236452,3.0,4,3
236453,9.0,4,3
236454,16.0,4,3
236455,6.0,4,3
236456,62.0,4,3
236457,5.0,4,3
236458,6.0,4,3
236459,7.0,4,3
236460,56.0,5,3
236461,15.0,5,3
236462,120.0,5,3
236463,18.0,5,3
236464,49.0,5,3
236465,26.0,5,3
236466,49.0,5,3
236467,6.0,5,3
236468,14.0,5,3
236469,7.0,5,3
236470,21.0,5,3
236471,4.0,5,3
236472,13.0,5,3
236473,5.0,5,3
236474,9.0,5,3
236475,10.0,5,3
236476,26.0,5,3
236477,9.0,5,3
236478,7.0,5,3
236479,7.0,5,3
236480,23.0,5,3
236481,6.0,5,3
236482,108.0,5,3
236483,21.0,5,3
236484,27.0,5,3
236485,33.0,5,3
236486,45.0,5,3
236487,12.0,5,3
236488,8.0,5,3
236489,6.0,5,3
236490,17.0,5,3
236491,9.0,5,3
236492,5.0,5,3
236493,12.0,5,3
236494,18.0,5,3
236495,6.0,5,3
236496,26.0,5,3
236497,8.0,5,3
236498,8.0,5,3
236499,1.0,5,3
236500,22.0,5,3
236501,5.0,5,3
236502,8.0,5,3
236503,7.0,5,3
236504,15.0,5,3
236505,10.0,5,3
236506,19.0,5,3
236507,6.0,5,3
236508,13.0,5,3
236509,6.0,5,3
236510,19.0,5,3
236511,7.0,5,3
236512,9.0,5,3
236513,2.0,5,3
236514,8.0,5,3
236515,5.0,5,3
236516,48.0,5,3
236517,8.0,5,3
236518,15.0,5,3
236519,6.0,5,3
236520,21.0,6,3
236521,13.0,6,3
236522,84.0,6,3
236523,5.0,6,3
236524,29.0,6,3
236525,34.0,6,3
236526,40.0,6,3
236527,13.0,6,3
236528,12.0,6,3
236529,6.0,6,3
236530,23.0,6,3
236531,10.0,6,3
236532,7.0,6,3
236533,7.0,6,3
236534,27.0,6,3
236535,10.0,6,3
236536,25.0,6,3
236537,16.0,6,3
236538,8.0,6,3
236539,3.0,6,3
236540,33.0,6,3
236541,93.0,6,3
236542,22.0,6,3
236543,14.0,6,3
236544,22.0,6,3
236545,14.0,6,3
236546,37.0,6,3
236547,14.0,6,3
236548,13.0,6,3
236549,16.0,6,3
236550,55.0,6,3
236551,41.0,6,3
236552,34.0,6,3
236553,34.0,6,3
236554,69.0,6,3
236555,47.0,6,3
236556,81.0,6,3
236557,38.0,6,3
236558,48.0,6,3
236559,50.0,6,3
236560,148.0,6,3
236561,20.0,6,3
236562,38.0,6,3
236563,64.0,6,3
236564,38.0,6,3
236565,46.0,6,3
236566,58.0,6,3
236567,23.0,6,3
236568,18.0,6,3
236569,14.0,6,3
236570,45.0,6,3
236571,8.0,6,3
236572,18.0,6,3
236573,86.0,6,3
236574,88.0,6,3
236575,45.0,6,3
236576,33.0,6,3
236577,61.0,6,3
236578,63.0,6,3
236579,14.0,6,3
236580,34.0,7,3
236581,18.0,7,3
236582,14.0,7,3
236583,12.0,7,3
236584,43.0,7,3
236585,63.0,7,3
236586,56.0,7,3
236587,55.0,7,3
236588,28.0,7,3
236589,12.0,7,3
236590,37.0,7,3
236591,22.0,7,3
236592,15.0,7,3
236593,40.0,7,3
236594,19.0,7,3
236595,33.0,7,3
236596,33.0,7,3
236597,40.0,7,3
236598,32.0,7,3
236599,13.0,7,3
236600,153.0,7,3
236601,44.0,7,3
236602,27.0,7,3
236603,30.0,7,3
236604,41.0,7,3
236605,19.0,7,3
236606,54.0,7,3
236607,21.0,7,3
236608,27.0,7,3
236609,21.0,7,3
236610,59.0,7,3
236611,27.0,7,3
236612,39.0,7,3
236613,29.0,7,3
236614,40.0,7,3
236615,38.0,7,3
236616,63.0,7,3
236617,26.0,7,3
236618,28.0,7,3
236619,21.0,7,3
236620,101.0,7,3
236621,80.0,7,3
236622,43.0,7,3
236623,13.0,7,3
236624,83.0,7,3
236625,51.0,7,3
236626,92.0,7,3
236627,59.0,7,3
236628,62.0,7,3
236629,51.0,7,3
236630,142.0,7,3
236631,131.0,7,3
236632,223.0,7,3
236633,186.0,7,3
236634,269.0,7,3
236635,202.0,7,3
236636,222.0,7,3
236637,184.0,7,3
236638,224.0,7,3
236639,165.0,7,3
236640,208.0,8,3
236641,164.0,8,3
236642,291.0,8,3
236643,300.0,8,3
236644,290.0,8,3
236645,428.0,8,3
236646,218.0,8,3
236647,132.0,8,3
236648,188.0,8,3
236649,172.0,8,3
236650,203.0,8,3
236651,183.0,8,3
236652,217.0,8,3
236653,243.0,8,3
236654,336.0,8,3
236655,213.0,8,3
236656,247.0,8,3
236657,238.0,8,3
236658,289.0,8,3
236659,225.0,8,3
236660,310.0,8,3
236661,235.0,8,3
236662,319.0,8,3
236663,279.0,8,3
236664,275.0,8,3
236665,205.0,8,3
236666,278.0,8,3
236667,166.0,8,3
236668,231.0,8,3
236669,196.0,8,3
236670,356.0,8,3
236671,260.0,8,3
236672,184.0,8,3
236673,178.0,8,3
236674,162.0,8,3
236675,312.0,8,3
236676,232.0,8,3
236677,244.0,8,3
236678,246.0,8,3
236679,164.0,8,3
236680,258.0,8,3
236681,424.0,8,3
236682,225.0,8,3
236683,229.0,8,3
236684,218.0,8,3
236685,216.0,8,3
236686,262.0,8,3
236687,335.0,8,3
236688,287.0,8,3
236689,188.0,8,3
236690,272.0,8,3
236691,230.0,8,3
236692,186.0,8,3
236693,180.0,8,3
236694,373.0,8,3
236695,397.0,8,3
236696,333.0,8,3
236697,267.0,8,3
236698,371.0,8,3
236699,244.0,8,3
236700,251.0,9,3
236701,294.0,9,3
236702,200.0,9,3
236703,175.0,9,3
236704,235.0,9,3
236705,206.0,9,3
236706,333.0,9,3
236707,220.0,9,3
236708,252.0,9,3
236709,220.0,9,3
236710,197.0,9,3
236711,204.0,9,3
236712,245.0,9,3
236713,249.0,9,3
236714,312.0,9,3
236715,354.0,9,3
236716,301.0,9,3
236717,236.0,9,3
236718,300.0,9,3
236719,174.0,9,3
236720,276.0,9,3
236721,345.0,9,3
236722,429.0,9,3
236723,343.0,9,3
236724,382.0,9,3
236725,273.0,9,3
236726,258.0,9,3
236727,218.0,9,3
236728,276.0,9,3
236729,234.0,9,3
236730,211.0,9,3
236731,189.0,9,3
236732,256.0,9,3
236733,194.0,9,3
236734,239.0,9,3
236735,339.0,9,3
236736,264.0,9,3
236737,209.0,9,3
236738,291.0,9,3
236739,298.0,9,3
236740,275.0,9,3
236741,386.0,9,3
236742,317.0,9,3
236743,251.0,9,3
236744,232.0,9,3
236745,324.0,9,3
236746,337.0,9,3
236747,280.0,9,3
236748,276.0,9,3
236749,232.0,9,3
236750,287.0,9,3
236751,291.0,9,3
236752,418.0,9,3
236753,276.0,9,3
236754,265.0,9,3
236755,285.0,9,3
236756,308.0,9,3
236757,244.0,9,3
236758,259.0,9,3
236759,255.0,9,3
236760,266.0,10,3
236761,329.0,10,3
236762,304.0,10,3
236763,234.0,10,3
236764,259.0,10,3
236765,328.0,10,3
236766,359.0,10,3
236767,338.0,10,3
236768,503.0,10,3
236769,340.0,10,3
236770,487.0,10,3
236771,269.0,10,3
236772,587.0,10,3
236773,390.0,10,3
236774,670.0,10,3
236775,334.0,10,3
236776,491.0,10,3
236777,278.0,10,3
236778,479.0,10,3
236779,295.0,10,3
236780,344.0,10,3
236781,318.0,10,3
236782,298.0,10,3
236783,284.0,10,3
236784,362.0,10,3
236785,237.0,10,3
236786,273.0,10,3
236787,284.0,10,3
236788,349.0,10,3
236789,266.0,10,3
236790,300.0,10,3
236791,292.0,10,3
236792,287.0,10,3
236793,338.0,10,3
236794,384.0,10,3
236795,330.0,10,3
236796,243.0,10,3
236797,178.0,10,3
236798,247.0,10,3
236799,276.0,10,3
236800,216.0,10,3
236801,335.0,10,3
236802,259.0,10,3
236803,257.0,10,3
236804,284.0,10,3
236805,252.0,10,3
236806,208.0,10,3
236807,348.0,10,3
236808,287.0,10,3
236809,262.0,10,3
236810,307.0,10,3
236811,289.0,10,3
236812,269.0,10,3
236813,268.0,10,3
236814,257.0,10,3
236815,242.0,10,3
236816,279.0,10,3
236817,213.0,10,3
236818,269.0,10,3
236819,226.0,10,3
236820,265.0,11,3
236821,293.0,11,3
236822,240.0,11,3
236823,240.0,11,3
236824,450.0,11,3
236825,299.0,11,3
236826,246.0,11,3
236827,555.0,11,3
236828,354.0,11,3
236829,201.0,11,3
236830,626.0,11,3
236831,264.0,11,3
236832,569.0,11,3
236833,257.0,11,3
236834,502.0,11,3
236835,238.0,11,3
236836,504.0,11,3
236837,259.0,11,3
236838,604.0,11,3
236839,222.0,11,3
236840,360.0,11,3
236841,380.0,11,3
236842,306.0,11,3
236843,383.0,11,3
236844,463.0,11,3
236845,402.0,11,3
236846,327.0,11,3
236847,244.0,11,3
236848,289.0,11,3
236849,214.0,11,3
236850,291.0,11,3
236851,245.0,11,3
236852,349.0,11,3
236853,342.0,11,3
236854,421.0,11,3
236855,307.0,11,3
236856,397.0,11,3
236857,243.0,11,3
236858,257.0,11,3
236859,256.0,11,3
236860,265.0,11,3
236861,307.0,11,3
236862,295.0,11,3
236863,259.0,11,3
236864,286.0,11,3
236865,229.0,11,3
236866,321.0,11,3
236867,291.0,11,3
236868,291.0,11,3
236869,278.0,11,3
236870,432.0,11,3
236871,233.0,11,3
236872,372.0,11,3
236873,251.0,11,3
236874,339.0,11,3
236875,269.0,11,3
236876,276.0,11,3
236877,247.0,11,3
236878,295.0,11,3
236879,200.0,11,3
236880,274.0,12,3
236881,341.0,12,3
236882,311.0,12,3
236883,208.0,12,3
236884,173.0,12,3
236885,566.0,12,3
236886,175.0,12,3
236887,436.0,12,3
236888,842.0,12,3
236889,543.0,12,3
236890,639.0,12,3
236891,249.0,12,3
236892,652.0,12,3
236893,285.0,12,3
236894,684.0,12,3
236895,264.0,12,3
236896,426.0,12,3
236897,252.0,12,3
236898,439.0,12,3
236899,272.0,12,3
236900,332.0,12,3
236901,381.0,12,3
236902,324.0,12,3
236903,118.0,12,3
236904,307.0,12,3
236905,377.0,12,3
236906,211.0,12,3
236907,421.0,12,3
236908,340.0,12,3
236909,237.0,12,3
236910,246.0,12,3
236911,169.0,12,3
236912,377.0,12,3
236913,244.0,12,3
236914,344.0,12,3
236915,258.0,12,3
236916,502.0,12,3
236917,143.0,12,3
236918,1.0,12,3
236919,396.0,12,3
236920,299.0,12,3
236921,208.0,12,3
236922,316.0,12,3
236923,232.0,12,3
236924,334.0,12,3
236925,175.0,12,3
236926,301.0,12,3
236927,170.0,12,3
236928,262.0,12,3
236929,170.0,12,3
236930,360.0,12,3
236931,302.0,12,3
236932,354.0,12,3
236933,154.0,12,3
236934,308.0,12,3
236935,205.0,12,3
236936,306.0,12,3
236937,204.0,12,3
236938,275.0,12,3
236939,210.0,12,3
236940,393.0,13,3
236941,303.0,13,3
236942,372.0,13,3
236943,381.0,13,3
236944,333.0,13,3
236945,291.0,13,3
236946,407.0,13,3
236947,207.0,13,3
236948,484.0,13,3
236949,202.0,13,3
236950,463.0,13,3
236951,211.0,13,3
236952,520.0,13,3
236953,183.0,13,3
236954,433.0,13,3
236955,244.0,13,3
236956,466.0,13,3
236957,177.0,13,3
236958,513.0,13,3
236959,201.0,13,3
236960,338.0,13,3
236961,195.0,13,3
236962,336.0,13,3
236963,195.0,13,3
236964,265.0,13,3
236965,234.0,13,3
236966,257.0,13,3
236967,164.0,13,3
236968,210.0,13,3
236969,162.0,13,3
236970,271.0,13,3
236971,208.0,13,3
236972,254.0,13,3
236973,135.0,13,3
236974,201.0,13,3
236975,96.0,13,3
236976,268.0,13,3
236977,251.0,13,3
236978,174.0,13,3
236979,120.0,13,3
236980,207.0,13,3
236981,92.0,13,3
236982,278.0,13,3
236983,142.0,13,3
236984,190.0,13,3
236985,108.0,13,3
236986,191.0,13,3
236987,109.0,13,3
236988,27.0,13,3
236989,297.0,13,3
236990,210.0,13,3
236991,133.0,13,3
236992,195.0,13,3
236993,140.0,13,3
236994,225.0,13,3
236995,113.0,13,3
236996,211.0,13,3
236997,85.0,13,3
236998,0.0,13,3
236999,318.0,13,3
237000,233.0,14,3
237001,194.0,14,3
237002,342.0,14,3
237003,192.0,14,3
237004,358.0,14,3
237005,248.0,14,3
237006,385.0,14,3
237007,196.0,14,3
237008,373.0,14,3
237009,228.0,14,3
237010,439.0,14,3
237011,303.0,14,3
237012,491.0,14,3
237013,285.0,14,3
237014,485.0,14,3
237015,138.0,14,3
237016,534.0,14,3
237017,215.0,14,3
237018,465.0,14,3
237019,189.0,14,3
237020,293.0,14,3
237021,186.0,14,3
237022,291.0,14,3
237023,140.0,14,3
237024,320.0,14,3
237025,142.0,14,3
237026,192.0,14,3
237027,210.0,14,3
237028,350.0,14,3
237029,262.0,14,3
237030,281.0,14,3
237031,178.0,14,3
237032,225.0,14,3
237033,153.0,14,3
237034,236.0,14,3
237035,218.0,14,3
237036,296.0,14,3
237037,201.0,14,3
237038,261.0,14,3
237039,277.0,14,3
237040,440.0,14,3
237041,187.0,14,3
237042,417.0,14,3
237043,169.0,14,3
237044,297.0,14,3
237045,146.0,14,3
237046,230.0,14,3
237047,188.0,14,3
237048,307.0,14,3
237049,171.0,14,3
237050,299.0,14,3
237051,185.0,14,3
237052,238.0,14,3
237053,174.0,14,3
237054,268.0,14,3
237055,168.0,14,3
237056,236.0,14,3
237057,132.0,14,3
237058,250.0,14,3
237059,156.0,14,3
237060,246.0,15,3
237061,180.0,15,3
237062,336.0,15,3
237063,236.0,15,3
237064,437.0,15,3
237065,275.0,15,3
237066,429.0,15,3
237067,261.0,15,3
237068,458.0,15,3
237069,214.0,15,3
237070,541.0,15,3
237071,414.0,15,3
237072,484.0,15,3
237073,286.0,15,3
237074,314.0,15,3
237075,234.0,15,3
237076,267.0,15,3
237077,176.0,15,3
237078,230.0,15,3
237079,195.0,15,3
237080,334.0,15,3
237081,218.0,15,3
237082,232.0,15,3
237083,176.0,15,3
237084,338.0,15,3
237085,340.0,15,3
237086,266.0,15,3
237087,185.0,15,3
237088,197.0,15,3
237089,166.0,15,3
237090,208.0,15,3
237091,197.0,15,3
237092,257.0,15,3
237093,174.0,15,3
237094,276.0,15,3
237095,172.0,15,3
237096,290.0,15,3
237097,198.0,15,3
237098,270.0,15,3
237099,176.0,15,3
237100,404.0,15,3
237101,212.0,15,3
237102,223.0,15,3
237103,156.0,15,3
237104,242.0,15,3
237105,168.0,15,3
237106,270.0,15,3
237107,311.0,15,3
237108,250.0,15,3
237109,161.0,15,3
237110,226.0,15,3
237111,200.0,15,3
237112,243.0,15,3
237113,218.0,15,3
237114,317.0,15,3
237115,156.0,15,3
237116,206.0,15,3
237117,202.0,15,3
237118,191.0,15,3
237119,160.0,15,3
237120,322.0,16,3
237121,298.0,16,3
237122,306.0,16,3
237123,222.0,16,3
237124,207.0,16,3
237125,193.0,16,3
237126,383.0,16,3
237127,193.0,16,3
237128,452.0,16,3
237129,229.0,16,3
237130,461.0,16,3
237131,222.0,16,3
237132,449.0,16,3
237133,193.0,16,3
237134,459.0,16,3
237135,159.0,16,3
237136,408.0,16,3
237137,273.0,16,3
237138,439.0,16,3
237139,370.0,16,3
237140,435.0,16,3
237141,261.0,16,3
237142,298.0,16,3
237143,158.0,16,3
237144,311.0,16,3
237145,226.0,16,3
237146,281.0,16,3
237147,264.0,16,3
237148,297.0,16,3
237149,226.0,16,3
237150,268.0,16,3
237151,232.0,16,3
237152,386.0,16,3
237153,277.0,16,3
237154,257.0,16,3
237155,245.0,16,3
237156,308.0,16,3
237157,242.0,16,3
237158,369.0,16,3
237159,202.0,16,3
237160,294.0,16,3
237161,311.0,16,3
237162,274.0,16,3
237163,233.0,16,3
237164,345.0,16,3
237165,240.0,16,3
237166,297.0,16,3
237167,238.0,16,3
237168,212.0,16,3
237169,142.0,16,3
237170,127.0,16,3
237171,101.0,16,3
237172,127.0,16,3
237173,103.0,16,3
237174,177.0,16,3
237175,841.0,16,3
237176,537.0,16,3
237177,212.0,16,3
237178,314.0,16,3
237179,208.0,16,3
237180,444.0,17,3
237181,207.0,17,3
237182,310.0,17,3
237183,181.0,17,3
237184,228.0,17,3
237185,213.0,17,3
237186,271.0,17,3
237187,213.0,17,3
237188,465.0,17,3
237189,279.0,17,3
237190,547.0,17,3
237191,370.0,17,3
237192,604.0,17,3
237193,296.0,17,3
237194,453.0,17,3
237195,314.0,17,3
237196,354.0,17,3
237197,254.0,17,3
237198,303.0,17,3
237199,219.0,17,3
237200,405.0,17,3
237201,294.0,17,3
237202,338.0,17,3
237203,255.0,17,3
237204,381.0,17,3
237205,229.0,17,3
237206,400.0,17,3
237207,291.0,17,3
237208,394.0,17,3
237209,291.0,17,3
237210,376.0,17,3
237211,246.0,17,3
237212,326.0,17,3
237213,312.0,17,3
237214,348.0,17,3
237215,273.0,17,3
237216,363.0,17,3
237217,411.0,17,3
237218,442.0,17,3
237219,264.0,17,3
237220,396.0,17,3
237221,299.0,17,3
237222,414.0,17,3
237223,246.0,17,3
237224,234.0,17,3
237225,218.0,17,3
237226,284.0,17,3
237227,323.0,17,3
237228,370.0,17,3
237229,292.0,17,3
237230,323.0,17,3
237231,227.0,17,3
237232,309.0,17,3
237233,227.0,17,3
237234,284.0,17,3
237235,194.0,17,3
237236,292.0,17,3
237237,238.0,17,3
237238,310.0,17,3
237239,247.0,17,3
237240,304.0,18,3
237241,323.0,18,3
237242,447.0,18,3
237243,293.0,18,3
237244,432.0,18,3
237245,434.0,18,3
237246,456.0,18,3
237247,309.0,18,3
237248,487.0,18,3
237249,306.0,18,3
237250,370.0,18,3
237251,301.0,18,3
237252,334.0,18,3
237253,256.0,18,3
237254,257.0,18,3
237255,193.0,18,3
237256,329.0,18,3
237257,381.0,18,3
237258,405.0,18,3
237259,292.0,18,3
237260,278.0,18,3
237261,55.0,18,3
237262,759.0,18,3
237263,276.0,18,3
237264,361.0,18,3
237265,218.0,18,3
237266,308.0,18,3
237267,208.0,18,3
237268,235.0,18,3
237269,165.0,18,3
237270,290.0,18,3
237271,213.0,18,3
237272,301.0,18,3
237273,236.0,18,3
237274,248.0,18,3
237275,334.0,18,3
237276,330.0,18,3
237277,226.0,18,3
237278,385.0,18,3
237279,301.0,18,3
237280,286.0,18,3
237281,308.0,18,3
237282,350.0,18,3
237283,231.0,18,3
237284,321.0,18,3
237285,235.0,18,3
237286,258.0,18,3
237287,262.0,18,3
237288,244.0,18,3
237289,246.0,18,3
237290,311.0,18,3
237291,243.0,18,3
237292,277.0,18,3
237293,238.0,18,3
237294,265.0,18,3
237295,243.0,18,3
237296,278.0,18,3
237297,231.0,18,3
237298,273.0,18,3
237299,196.0,18,3
237300,339.0,19,3
237301,440.0,19,3
237302,354.0,19,3
237303,226.0,19,3
237304,284.0,19,3
237305,182.0,19,3
237306,376.0,19,3
237307,297.0,19,3
237308,303.0,19,3
237309,177.0,19,3
237310,239.0,19,3
237311,186.0,19,3
237312,342.0,19,3
237313,195.0,19,3
237314,286.0,19,3
237315,201.0,19,3
237316,276.0,19,3
237317,170.0,19,3
237318,284.0,19,3
237319,207.0,19,3
237320,250.0,19,3
237321,311.0,19,3
237322,276.0,19,3
237323,280.0,19,3
237324,300.0,19,3
237325,195.0,19,3
237326,269.0,19,3
237327,245.0,19,3
237328,264.0,19,3
237329,213.0,19,3
237330,204.0,19,3
237331,238.0,19,3
237332,281.0,19,3
237333,251.0,19,3
237334,315.0,19,3
237335,279.0,19,3
237336,210.0,19,3
237337,309.0,19,3
237338,292.0,19,3
237339,209.0,19,3
237340,277.0,19,3
237341,226.0,19,3
237342,292.0,19,3
237343,257.0,19,3
237344,281.0,19,3
237345,256.0,19,3
237346,416.0,19,3
237347,279.0,19,3
237348,288.0,19,3
237349,193.0,19,3
237350,254.0,19,3
237351,280.0,19,3
237352,249.0,19,3
237353,215.0,19,3
237354,249.0,19,3
237355,192.0,19,3
237356,208.0,19,3
237357,202.0,19,3
237358,198.0,19,3
237359,169.0,19,3
237360,250.0,20,3
237361,316.0,20,3
237362,231.0,20,3
237363,204.0,20,3
237364,216.0,20,3
237365,223.0,20,3
237366,308.0,20,3
237367,186.0,20,3
237368,312.0,20,3
237369,220.0,20,3
237370,327.0,20,3
237371,144.0,20,3
237372,0.0,20,3
237373,0.0,20,3
237374,2.0,20,3
237375,0.0,20,3
237376,0.0,20,3
237377,1.0,20,3
237378,0.0,20,3
237379,0.0,20,3
237380,0.0,20,3
237381,381.0,20,3
237382,682.0,20,3
237383,339.0,20,3
237384,138.0,20,3
237385,812.0,20,3
237386,1067.0,20,3
237387,184.0,20,3
237388,211.0,20,3
237389,150.0,20,3
237390,116.0,20,3
237391,51.0,20,3
237392,276.0,20,3
237393,195.0,20,3
237394,244.0,20,3
237395,181.0,20,3
237396,330.0,20,3
237397,350.0,20,3
237398,304.0,20,3
237399,503.0,20,3
237400,433.0,20,3
237401,306.0,20,3
237402,331.0,20,3
237403,317.0,20,3
237404,293.0,20,3
237405,323.0,20,3
237406,335.0,20,3
237407,329.0,20,3
237408,343.0,20,3
237409,339.0,20,3
237410,348.0,20,3
237411,247.0,20,3
237412,267.0,20,3
237413,85.0,20,3
237414,202.0,20,3
237415,169.0,20,3
237416,185.0,20,3
237417,169.0,20,3
237418,112.0,20,3
237419,103.0,20,3
237420,148.0,21,3
237421,291.0,21,3
237422,200.0,21,3
237423,161.0,21,3
237424,153.0,21,3
237425,180.0,21,3
237426,122.0,21,3
237427,136.0,21,3
237428,162.0,21,3
237429,112.0,21,3
237430,183.0,21,3
237431,82.0,21,3
237432,204.0,21,3
237433,120.0,21,3
237434,160.0,21,3
237435,148.0,21,3
237436,153.0,21,3
237437,78.0,21,3
237438,0.0,21,3
237439,0.0,21,3
237440,275.0,21,3
237441,184.0,21,3
237442,120.0,21,3
237443,63.0,21,3
237444,143.0,21,3
237445,63.0,21,3
237446,111.0,21,3
237447,86.0,21,3
237448,107.0,21,3
237449,80.0,21,3
237450,76.0,21,3
237451,84.0,21,3
237452,97.0,21,3
237453,88.0,21,3
237454,112.0,21,3
237455,100.0,21,3
237456,104.0,21,3
237457,63.0,21,3
237458,64.0,21,3
237459,99.0,21,3
237460,40.0,21,3
237461,72.0,21,3
237462,60.0,21,3
237463,79.0,21,3
237464,93.0,21,3
237465,43.0,21,3
237466,72.0,21,3
237467,68.0,21,3
237468,55.0,21,3
237469,68.0,21,3
237470,79.0,21,3
237471,69.0,21,3
237472,79.0,21,3
237473,58.0,21,3
237474,74.0,21,3
237475,80.0,21,3
237476,84.0,21,3
237477,72.0,21,3
237478,42.0,21,3
237479,66.0,21,3
237480,57.0,22,3
237481,134.0,22,3
237482,78.0,22,3
237483,89.0,22,3
237484,45.0,22,3
237485,109.0,22,3
237486,72.0,22,3
237487,62.0,22,3
237488,72.0,22,3
237489,56.0,22,3
237490,51.0,22,3
237491,43.0,22,3
237492,102.0,22,3
237493,98.0,22,3
237494,80.0,22,3
237495,27.0,22,3
237496,68.0,22,3
237497,97.0,22,3
237498,45.0,22,3
237499,55.0,22,3
237500,88.0,22,3
237501,136.0,22,3
237502,66.0,22,3
237503,41.0,22,3
237504,89.0,22,3
237505,57.0,22,3
237506,80.0,22,3
237507,71.0,22,3
237508,75.0,22,3
237509,76.0,22,3
237510,75.0,22,3
237511,74.0,22,3
237512,101.0,22,3
237513,61.0,22,3
237514,76.0,22,3
237515,96.0,22,3
237516,65.0,22,3
237517,94.0,22,3
237518,72.0,22,3
237519,103.0,22,3
237520,49.0,22,3
237521,113.0,22,3
237522,97.0,22,3
237523,100.0,22,3
237524,50.0,22,3
237525,85.0,22,3
237526,48.0,22,3
237527,74.0,22,3
237528,65.0,22,3
237529,85.0,22,3
237530,81.0,22,3
237531,46.0,22,3
237532,75.0,22,3
237533,27.0,22,3
237534,43.0,22,3
237535,45.0,22,3
237536,55.0,22,3
237537,85.0,22,3
237538,42.0,22,3
237539,59.0,22,3
237540,43.0,23,3
237541,118.0,23,3
237542,100.0,23,3
237543,54.0,23,3
237544,61.0,23,3
237545,135.0,23,3
237546,80.0,23,3
237547,47.0,23,3
237548,33.0,23,3
237549,41.0,23,3
237550,50.0,23,3
237551,47.0,23,3
237552,34.0,23,3
237553,42.0,23,3
237554,99.0,23,3
237555,56.0,23,3
237556,61.0,23,3
237557,61.0,23,3
237558,57.0,23,3
237559,60.0,23,3
237560,52.0,23,3
237561,96.0,23,3
237562,155.0,23,3
237563,86.0,23,3
237564,58.0,23,3
237565,67.0,23,3
237566,50.0,23,3
237567,82.0,23,3
237568,48.0,23,3
237569,39.0,23,3
237570,524.0,23,3
237571,1024.0,23,3
237572,1053.0,23,3
237573,677.0,23,3
237574,52.0,23,3
237575,52.0,23,3
237576,44.0,23,3
237577,69.0,23,3
237578,54.0,23,3
237579,63.0,23,3
237580,35.0,23,3
237581,43.0,23,3
237582,34.0,23,3
237583,108.0,23,3
237584,49.0,23,3
237585,111.0,23,3
237586,64.0,23,3
237587,67.0,23,3
237588,71.0,23,3
237589,84.0,23,3
237590,56.0,23,3
237591,63.0,23,3
237592,63.0,23,3
237593,74.0,23,3
237594,80.0,23,3
237595,91.0,23,3
237596,78.0,23,3
237597,63.0,23,3
237598,64.0,23,3
237599,55.0,23,3
