Run 2
========================================
Default
drwxrwxr-x 2 cc cc   4096 Jan  8 00:19 __pycache__
-rw-rw-r-- 1 cc cc  21743 Jan  8 00:11 bayesian_optimization.py
drwxrwxr-x 2 cc cc   4096 Jan  5 15:43 bo_outputs_copy
-rw-rw-r-- 1 cc cc  22473 Jan  8 00:12 bo_utils.py
-rw-rw-r-- 1 cc cc  12286 Jan  5 01:06 check_result.py
-rw-rw-r-- 1 cc cc   7349 Jan  5 15:31 compute_stat.py
-rw-rw-r-- 1 cc cc   6640 Jan  5 15:43 compute_trade_off.py
-rw-rw-r-- 1 cc cc   1438 Jan  5 14:32 config.py
-rw-rw-r-- 1 cc cc   4370 Jan  8 00:11 manager.py
-rw-rw-r-- 1 cc cc   9045 Dec 16 05:41 original-bayesian_optimization.py
-rw-rw-r-- 1 cc cc  11668 Jan  5 15:23 original_bo_results_price_20260105_051239 copy.json
-rw-rw-r-- 1 cc cc   2423 Jan  3 19:23 pods_mapping.py
-rw-rw-r-- 1 cc cc  21769 Jan  7 06:31 power_service.py
-rw-rw-r-- 1 cc cc   1736 Jan  7 00:16 temp.py

IS_ENERGY: False
[info] batch_size: 3, initial_points: 10, n_batch: 10
No checkpoint found, starting fresh BO run.
Updating function ml-image-processing to cpu: 536m, memory: 57Mi
Updating Deployment resource configuration...

Updating function ml-object-detection to cpu: 4909m, memory: 411Mi
Updating Deployment resource configuration...

[info] Original replicas=24, selector='environmentName=ml-image-processing,environmentNamespace=default,environmentUid=2449fff4-7632-422c-aa00-519fcb194e26,executorType=newdeploy,functionName=ml-image-processing,functionNamespace=default,functionUid=58487e4a-0036-4ccd-8b22-c7f0f2d6d72b'
[ok] Patched Deployment resources
[info] Original replicas=73, selector='environmentName=yolo,environmentNamespace=default,environmentUid=ced8af41-455b-4081-99aa-1700c0092126,executorType=newdeploy,functionName=ml-object-detection,functionNamespace=default,functionUid=182005a6-ad76-40e9-9ecd-2fb10570ca05'
[ok] Patched Deployment resources
[ok] Verified Deployment template resources: requests={'cpu': '300m', 'memory': '50Mi'} limits={'cpu': '536m', 'memory': '57Mi'}
[info] Scaling deployment to 0 replicas to force full pod replacement
[ok] Verified Deployment template resources: requests={'cpu': '1500m', 'memory': '400Mi'} limits={'cpu': '4909m', 'memory': '411Mi'}
[info] Scaling deployment to 0 replicas to force full pod replacement
[ok] All pods terminated (replicas=0)
[info] Scaling deployment back to 24 replicas
[ok] All pods terminated (replicas=0)
[info] Scaling deployment back to 73 replicas
[ok] Rollout completed after scale-to-zero
[verify] newest RS=newdeploy-ml-image-processing-default-8b22-c7f0f2d6d72b-7f476c9bf7 pods=24 ready=24
[ok] Verified newest ReplicaSet template resources match expected
[ok] Rollout completed after scale-to-zero
[verify] newest RS=newdeploy-ml-object-detection-default-9ecd-2fb10570ca05-7c5d547b4c pods=73 ready=73
[ok] Verified newest ReplicaSet template resources match expected
[info] Started Locust with PID 3613995
[info] attempt=1: start sleep for 20s
[info] attempt=1: sleep done
\Start sampling in parallel...
Workflow e2e p99 latency (68 completed in 16.7s, parallel, 8 workers): 2.102s
Average stage latencies:
  - ml-image-processing: 0.160s
  - ml-object-detection: 0.227s
[info] poll_locust_row: failed to load, try again
[info] poll_locust_row: failed to load, try again
[info] total_requests: 1253
[info] e2e_latency (p99): 2.700 s
[info] energy_j: 8220.279289 J
[info] served_rps: 68.50 req/s
[info]: start_time: 1767839595.531, end_time: 1767839612.231, duration_s: 16.70 s
[info] energy_cost: 6.560478 J/request
[info] average power: 492.232291 W
[info] Locust stopped
================================================================================
objective      : price
resource_config: [{'cpu_m': 536, 'memory_mi': 57}, {'cpu_m': 4909, 'memory_mi': 411}], latencies: {'ml-image-processing': 0.16000613855773255, 'ml-object-detection': 0.2269001125686747}, price_cost: 208.792787, energy_cost: 6.560478, latency_p99 : 2.700000, feasible: True, total_requests: 1253, served_rps: 68.50, total_energy_j: 8220.279289 J, profiling_duration_s: 16.700000s, average_power: 492.232291 W
wall_time_s    : 98.951
================================================================================

Updating function ml-image-processing to cpu: 489m, memory: 53Mi
Updating Deployment resource configuration...

Updating function ml-object-detection to cpu: 3039m, memory: 415Mi
Updating Deployment resource configuration...

[info] Original replicas=73, selector='environmentName=yolo,environmentNamespace=default,environmentUid=ced8af41-455b-4081-99aa-1700c0092126,executorType=newdeploy,functionName=ml-object-detection,functionNamespace=default,functionUid=182005a6-ad76-40e9-9ecd-2fb10570ca05'
[info] Original replicas=24, selector='environmentName=ml-image-processing,environmentNamespace=default,environmentUid=2449fff4-7632-422c-aa00-519fcb194e26,executorType=newdeploy,functionName=ml-image-processing,functionNamespace=default,functionUid=58487e4a-0036-4ccd-8b22-c7f0f2d6d72b'
[ok] Patched Deployment resources
[ok] Patched Deployment resources
[ok] Verified Deployment template resources: requests={'cpu': '1500m', 'memory': '400Mi'} limits={'cpu': '3039m', 'memory': '415Mi'}
[info] Scaling deployment to 0 replicas to force full pod replacement
[ok] Verified Deployment template resources: requests={'cpu': '300m', 'memory': '50Mi'} limits={'cpu': '489m', 'memory': '53Mi'}
[info] Scaling deployment to 0 replicas to force full pod replacement
[ok] All pods terminated (replicas=0)
[info] Scaling deployment back to 24 replicas
[ok] All pods terminated (replicas=0)
[info] Scaling deployment back to 73 replicas
[ok] Rollout completed after scale-to-zero
[verify] newest RS=newdeploy-ml-image-processing-default-8b22-c7f0f2d6d72b-6765d4cf6 pods=24 ready=24
[ok] Verified newest ReplicaSet template resources match expected
[ok] Rollout completed after scale-to-zero
[verify] newest RS=newdeploy-ml-object-detection-default-9ecd-2fb10570ca05-fbf9c9bf6 pods=73 ready=73
[ok] Verified newest ReplicaSet template resources match expected
[info] Started Locust with PID 3623676
[info] attempt=1: start sleep for 20s
[info] attempt=1: sleep done
\Start sampling in parallel...
Workflow e2e p99 latency (46 completed in 20.8s, parallel, 8 workers): 9.000s
Average stage latencies:
  - ml-image-processing: 0.161s
  - ml-object-detection: 0.347s
[info] poll_locust_row: failed to load, try again
[info] poll_locust_row: failed to load, try again
[info] poll_locust_row: failed to load, try again
[info] poll_locust_row: failed to load, try again
[info] total_requests: 1155
[info] e2e_latency (p99): 4.000 s
[info] energy_j: 8394.515969 J
[info] served_rps: 55.00 req/s
[info]: start_time: 1767839692.231, end_time: 1767839713.031, duration_s: 20.80 s
[info] energy_cost: 7.267979 J/request
[info] average power: 403.582499 W
[info] Locust stopped
================================================================================
objective      : price
resource_config: [{'cpu_m': 489, 'memory_mi': 53}, {'cpu_m': 3039, 'memory_mi': 415}], latencies: {'ml-image-processing': 0.16076882880750215, 'ml-object-detection': 0.34730535784425837}, price_cost: 198.072936, energy_cost: 7.267979, latency_p99 : 4.000000, feasible: False, total_requests: 1155, served_rps: 55.00, total_energy_j: 8394.515969 J, profiling_duration_s: 20.800000s, average_power: 403.582499 W
wall_time_s    : 101.907
================================================================================

Updating function ml-image-processing to cpu: 577m, memory: 51Mi
Updating Deployment resource configuration...

Updating function ml-object-detection to cpu: 2032m, memory: 471Mi
Updating Deployment resource configuration...

[info] Original replicas=24, selector='environmentName=ml-image-processing,environmentNamespace=default,environmentUid=2449fff4-7632-422c-aa00-519fcb194e26,executorType=newdeploy,functionName=ml-image-processing,functionNamespace=default,functionUid=58487e4a-0036-4ccd-8b22-c7f0f2d6d72b'
[info] Original replicas=73, selector='environmentName=yolo,environmentNamespace=default,environmentUid=ced8af41-455b-4081-99aa-1700c0092126,executorType=newdeploy,functionName=ml-object-detection,functionNamespace=default,functionUid=182005a6-ad76-40e9-9ecd-2fb10570ca05'
[ok] Patched Deployment resources
[ok] Patched Deployment resources
[ok] Verified Deployment template resources: requests={'cpu': '1500m', 'memory': '400Mi'} limits={'cpu': '2032m', 'memory': '471Mi'}
[info] Scaling deployment to 0 replicas to force full pod replacement
[ok] Verified Deployment template resources: requests={'cpu': '300m', 'memory': '50Mi'} limits={'cpu': '577m', 'memory': '51Mi'}
[info] Scaling deployment to 0 replicas to force full pod replacement
[ok] All pods terminated (replicas=0)
[info] Scaling deployment back to 24 replicas
[ok] All pods terminated (replicas=0)
[info] Scaling deployment back to 73 replicas
[ok] Deleted HPA newdeploy-ml-object-detection-default-9ecd-2fb10570ca05
[ok] Rollout completed after scale-to-zero
[verify] newest RS=newdeploy-ml-image-processing-default-8b22-c7f0f2d6d72b-857dc8bb4f pods=24 ready=24
[ok] Verified newest ReplicaSet template resources match expected
[ok] Rollout completed after scale-to-zero
[verify] newest RS=newdeploy-ml-object-detection-default-9ecd-2fb10570ca05-748bdf6fb8 pods=73 ready=73
[ok] Verified newest ReplicaSet template resources match expected
[info] Started Locust with PID 3634073
[info] attempt=1: start sleep for 20s
[info] attempt=1: sleep done
\Start sampling in parallel...
Workflow e2e p99 latency (44 completed in 21.5s, parallel, 8 workers): 9.000s
Average stage latencies:
  - ml-image-processing: 0.106s
  - ml-object-detection: 0.652s
[info] poll_locust_row: failed to load, try again
[info] poll_locust_row: failed to load, try again
[info] poll_locust_row: failed to load, try again
[info] total_requests: 894
[info] e2e_latency (p99): 3.900 s
[info] energy_j: 7367.222155 J
[info] served_rps: 42.20 req/s
[info]: start_time: 1767839796.531, end_time: 1767839818.031, duration_s: 21.50 s
[info] energy_cost: 8.240741 J/request
[info] average power: 342.661496 W
[info] Locust stopped
================================================================================
objective      : price
resource_config: [{'cpu_m': 577, 'memory_mi': 51}, {'cpu_m': 2032, 'memory_mi': 471}], latencies: {'ml-image-processing': 0.10605584355329888, 'ml-object-detection': 0.6519562045189863}, price_cost: 243.616183, energy_cost: 8.240741, latency_p99 : 3.900000, feasible: False, total_requests: 894, served_rps: 42.20, total_energy_j: 7367.222155 J, profiling_duration_s: 21.500000s, average_power: 342.661496 W
wall_time_s    : 104.400
================================================================================

Updating function ml-image-processing to cpu: 579m, memory: 65Mi
Updating Deployment resource configuration...

Updating function ml-object-detection to cpu: 4033m, memory: 438Mi
Updating Deployment resource configuration...

[info] Original replicas=73, selector='environmentName=yolo,environmentNamespace=default,environmentUid=ced8af41-455b-4081-99aa-1700c0092126,executorType=newdeploy,functionName=ml-object-detection,functionNamespace=default,functionUid=182005a6-ad76-40e9-9ecd-2fb10570ca05'
[info] Original replicas=24, selector='environmentName=ml-image-processing,environmentNamespace=default,environmentUid=2449fff4-7632-422c-aa00-519fcb194e26,executorType=newdeploy,functionName=ml-image-processing,functionNamespace=default,functionUid=58487e4a-0036-4ccd-8b22-c7f0f2d6d72b'
[ok] Patched Deployment resources
[ok] Patched Deployment resources
[ok] Verified Deployment template resources: requests={'cpu': '300m', 'memory': '50Mi'} limits={'cpu': '579m', 'memory': '65Mi'}
[info] Scaling deployment to 0 replicas to force full pod replacement
[ok] Verified Deployment template resources: requests={'cpu': '1500m', 'memory': '400Mi'} limits={'cpu': '4033m', 'memory': '438Mi'}
[info] Scaling deployment to 0 replicas to force full pod replacement
[ok] All pods terminated (replicas=0)
[info] Scaling deployment back to 24 replicas
[ok] All pods terminated (replicas=0)
[info] Scaling deployment back to 73 replicas
[ok] Deleted HPA newdeploy-ml-object-detection-default-9ecd-2fb10570ca05
[ok] Rollout completed after scale-to-zero
[verify] newest RS=newdeploy-ml-image-processing-default-8b22-c7f0f2d6d72b-84b7997c85 pods=24 ready=24
[ok] Verified newest ReplicaSet template resources match expected
[ok] Rollout completed after scale-to-zero
[verify] newest RS=newdeploy-ml-object-detection-default-9ecd-2fb10570ca05-6b487b8487 pods=73 ready=73
[ok] Verified newest ReplicaSet template resources match expected
[info] Started Locust with PID 3644601
[info] attempt=1: start sleep for 20s
[info] attempt=1: sleep done
\Start sampling in parallel...
Workflow e2e p99 latency (58 completed in 22.2s, parallel, 8 workers): 9.000s
Average stage latencies:
  - ml-image-processing: 0.127s
  - ml-object-detection: 0.267s
[info] poll_locust_row: failed to load, try again
[info] poll_locust_row: failed to load, try again
[info] total_requests: 1542
[info] e2e_latency (p99): 3.900 s
[info] energy_j: 10059.226878 J
[info] served_rps: 64.00 req/s
[info]: start_time: 1767839901.231, end_time: 1767839923.431, duration_s: 22.20 s
[info] energy_cost: 6.523493 J/request
[info] average power: 453.118327 W
[info] Locust stopped
================================================================================
objective      : price
resource_config: [{'cpu_m': 579, 'memory_mi': 65}, {'cpu_m': 4033, 'memory_mi': 438}], latencies: {'ml-image-processing': 0.12685177776998338, 'ml-object-detection': 0.26748223870527}, price_cost: 200.873579, energy_cost: 6.523493, latency_p99 : 3.900000, feasible: False, total_requests: 1542, served_rps: 64.00, total_energy_j: 10059.226878 J, profiling_duration_s: 22.200000s, average_power: 453.118327 W
wall_time_s    : 104.931
================================================================================

Updating function ml-image-processing to cpu: 796m, memory: 67Mi
Updating Deployment resource configuration...

Updating function ml-object-detection to cpu: 2211m, memory: 434Mi
Updating Deployment resource configuration...

[info] Original replicas=24, selector='environmentName=ml-image-processing,environmentNamespace=default,environmentUid=2449fff4-7632-422c-aa00-519fcb194e26,executorType=newdeploy,functionName=ml-image-processing,functionNamespace=default,functionUid=58487e4a-0036-4ccd-8b22-c7f0f2d6d72b'
[info] Original replicas=73, selector='environmentName=yolo,environmentNamespace=default,environmentUid=ced8af41-455b-4081-99aa-1700c0092126,executorType=newdeploy,functionName=ml-object-detection,functionNamespace=default,functionUid=182005a6-ad76-40e9-9ecd-2fb10570ca05'
[ok] Patched Deployment resources
[ok] Patched Deployment resources
[ok] Verified Deployment template resources: requests={'cpu': '300m', 'memory': '50Mi'} limits={'cpu': '796m', 'memory': '67Mi'}
[info] Scaling deployment to 0 replicas to force full pod replacement
[ok] Verified Deployment template resources: requests={'cpu': '1500m', 'memory': '400Mi'} limits={'cpu': '2211m', 'memory': '434Mi'}
[info] Scaling deployment to 0 replicas to force full pod replacement
[ok] All pods terminated (replicas=0)
[info] Scaling deployment back to 24 replicas
[ok] All pods terminated (replicas=0)
[info] Scaling deployment back to 73 replicas
[ok] Rollout completed after scale-to-zero
[verify] newest RS=newdeploy-ml-image-processing-default-8b22-c7f0f2d6d72b-5bcbf7b874 pods=24 ready=24
[ok] Verified newest ReplicaSet template resources match expected
[ok] Rollout completed after scale-to-zero
[verify] newest RS=newdeploy-ml-object-detection-default-9ecd-2fb10570ca05-74555979b6 pods=73 ready=73
[ok] Verified newest ReplicaSet template resources match expected
[info] Started Locust with PID 3655086
[info] attempt=1: start sleep for 20s
[info] attempt=1: sleep done
\Start sampling in parallel...
Workflow e2e p99 latency (43 completed in 20.8s, parallel, 8 workers): 9.000s
Average stage latencies:
  - ml-image-processing: 0.092s
  - ml-object-detection: 0.505s
[info] total_requests: 979
[info] e2e_latency (p99): 3.800 s
[info] energy_j: 7504.366605 J
[info] served_rps: 46.40 req/s
[info]: start_time: 1767840000.631, end_time: 1767840021.431, duration_s: 20.80 s
[info] energy_cost: 7.665339 J/request
[info] average power: 360.786857 W
[info] Locust stopped
================================================================================
objective      : price
resource_config: [{'cpu_m': 796, 'memory_mi': 67}, {'cpu_m': 2211, 'memory_mi': 434}], latencies: {'ml-image-processing': 0.09182563439632456, 'ml-object-detection': 0.5052038904307692}, price_cost: 208.659681, energy_cost: 7.665339, latency_p99 : 3.800000, feasible: False, total_requests: 979, served_rps: 46.40, total_energy_j: 7504.366605 J, profiling_duration_s: 20.800000s, average_power: 360.786857 W
wall_time_s    : 96.921
================================================================================

Updating function ml-image-processing to cpu: 358m, memory: 67Mi
Updating Deployment resource configuration...

Updating function ml-object-detection to cpu: 4442m, memory: 492Mi
Updating Deployment resource configuration...

[info] Original replicas=24, selector='environmentName=ml-image-processing,environmentNamespace=default,environmentUid=2449fff4-7632-422c-aa00-519fcb194e26,executorType=newdeploy,functionName=ml-image-processing,functionNamespace=default,functionUid=58487e4a-0036-4ccd-8b22-c7f0f2d6d72b'
[info] Original replicas=73, selector='environmentName=yolo,environmentNamespace=default,environmentUid=ced8af41-455b-4081-99aa-1700c0092126,executorType=newdeploy,functionName=ml-object-detection,functionNamespace=default,functionUid=182005a6-ad76-40e9-9ecd-2fb10570ca05'
[ok] Patched Deployment resources
[ok] Patched Deployment resources
[ok] Verified Deployment template resources: requests={'cpu': '300m', 'memory': '50Mi'} limits={'cpu': '358m', 'memory': '67Mi'}
[info] Scaling deployment to 0 replicas to force full pod replacement
[ok] Verified Deployment template resources: requests={'cpu': '1500m', 'memory': '400Mi'} limits={'cpu': '4442m', 'memory': '492Mi'}
[info] Scaling deployment to 0 replicas to force full pod replacement
[ok] All pods terminated (replicas=0)
[info] Scaling deployment back to 24 replicas
[ok] All pods terminated (replicas=0)
[info] Scaling deployment back to 73 replicas
[ok] Deleted HPA newdeploy-ml-object-detection-default-9ecd-2fb10570ca05
[ok] Rollout completed after scale-to-zero
[verify] newest RS=newdeploy-ml-image-processing-default-8b22-c7f0f2d6d72b-6787b4897d pods=24 ready=24
[ok] Verified newest ReplicaSet template resources match expected
[ok] Rollout completed after scale-to-zero
[verify] newest RS=newdeploy-ml-object-detection-default-9ecd-2fb10570ca05-7f5b99c7f9 pods=73 ready=73
[ok] Verified newest ReplicaSet template resources match expected
[info] Started Locust with PID 3665126
[info] attempt=1: start sleep for 20s
[info] attempt=1: sleep done
\Start sampling in parallel...
Workflow e2e p99 latency (59 completed in 17.3s, parallel, 8 workers): 2.768s
Average stage latencies:
  - ml-image-processing: 0.262s
  - ml-object-detection: 0.231s
[info] poll_locust_row: failed to load, try again
[info] total_requests: 1086
[info] e2e_latency (p99): 2.800 s
[info] energy_j: 7869.296750 J
[info] served_rps: 59.90 req/s
[info]: start_time: 1767840102.031, end_time: 1767840119.331, duration_s: 17.30 s
[info] energy_cost: 7.246130 J/request
[info] average power: 454.872639 W
[info] Locust stopped
================================================================================
objective      : price
resource_config: [{'cpu_m': 358, 'memory_mi': 67}, {'cpu_m': 4442, 'memory_mi': 492}], latencies: {'ml-image-processing': 0.26168749193360996, 'ml-object-detection': 0.23084247036505554}, price_cost: 195.214566, energy_cost: 7.246130, latency_p99 : 2.800000, feasible: True, total_requests: 1086, served_rps: 59.90, total_energy_j: 7869.296750 J, profiling_duration_s: 17.300000s, average_power: 454.872639 W
wall_time_s    : 98.505
================================================================================

Updating function ml-image-processing to cpu: 709m, memory: 65Mi
Updating Deployment resource configuration...

Updating function ml-object-detection to cpu: 2543m, memory: 457Mi
Updating Deployment resource configuration...

[info] Original replicas=24, selector='environmentName=ml-image-processing,environmentNamespace=default,environmentUid=2449fff4-7632-422c-aa00-519fcb194e26,executorType=newdeploy,functionName=ml-image-processing,functionNamespace=default,functionUid=58487e4a-0036-4ccd-8b22-c7f0f2d6d72b'
[info] Original replicas=73, selector='environmentName=yolo,environmentNamespace=default,environmentUid=ced8af41-455b-4081-99aa-1700c0092126,executorType=newdeploy,functionName=ml-object-detection,functionNamespace=default,functionUid=182005a6-ad76-40e9-9ecd-2fb10570ca05'
[ok] Patched Deployment resources
[ok] Patched Deployment resources
[ok] Verified Deployment template resources: requests={'cpu': '300m', 'memory': '50Mi'} limits={'cpu': '709m', 'memory': '65Mi'}
[info] Scaling deployment to 0 replicas to force full pod replacement
[ok] Verified Deployment template resources: requests={'cpu': '1500m', 'memory': '400Mi'} limits={'cpu': '2543m', 'memory': '457Mi'}
[info] Scaling deployment to 0 replicas to force full pod replacement
[ok] All pods terminated (replicas=0)
[info] Scaling deployment back to 24 replicas
[ok] All pods terminated (replicas=0)
[info] Scaling deployment back to 73 replicas
[ok] Rollout completed after scale-to-zero
[verify] newest RS=newdeploy-ml-image-processing-default-8b22-c7f0f2d6d72b-8bccb848c pods=24 ready=24
[ok] Verified newest ReplicaSet template resources match expected
[ok] Rollout completed after scale-to-zero
[verify] newest RS=newdeploy-ml-object-detection-default-9ecd-2fb10570ca05-7c589fdb57 pods=73 ready=73
[ok] Verified newest ReplicaSet template resources match expected
[info] Started Locust with PID 3675154
[info] attempt=1: start sleep for 20s
[info] attempt=1: sleep done
\Start sampling in parallel...
Workflow e2e p99 latency (45 completed in 21.8s, parallel, 8 workers): 9.000s
Average stage latencies:
  - ml-image-processing: 0.100s
  - ml-object-detection: 0.442s
[info] poll_locust_row: failed to load, try again
[info] poll_locust_row: failed to load, try again
[info] total_requests: 1050
[info] e2e_latency (p99): 3.900 s
[info] energy_j: 8166.042595 J
[info] served_rps: 48.70 req/s
[info]: start_time: 1767840199.631, end_time: 1767840221.431, duration_s: 21.80 s
[info] energy_cost: 7.777183 J/request
[info] average power: 374.589111 W
[info] Locust stopped
================================================================================
objective      : price
resource_config: [{'cpu_m': 709, 'memory_mi': 65}, {'cpu_m': 2543, 'memory_mi': 457}], latencies: {'ml-image-processing': 0.09950419015470235, 'ml-object-detection': 0.44177315088317676}, price_cost: 209.120928, energy_cost: 7.777183, latency_p99 : 3.900000, feasible: False, total_requests: 1050, served_rps: 48.70, total_energy_j: 8166.042595 J, profiling_duration_s: 21.800000s, average_power: 374.589111 W
wall_time_s    : 102.553
================================================================================

Updating function ml-image-processing to cpu: 482m, memory: 64Mi
Updating Deployment resource configuration...

Updating function ml-object-detection to cpu: 3194m, memory: 426Mi
Updating Deployment resource configuration...

[info] Original replicas=24, selector='environmentName=ml-image-processing,environmentNamespace=default,environmentUid=2449fff4-7632-422c-aa00-519fcb194e26,executorType=newdeploy,functionName=ml-image-processing,functionNamespace=default,functionUid=58487e4a-0036-4ccd-8b22-c7f0f2d6d72b'
[info] Original replicas=73, selector='environmentName=yolo,environmentNamespace=default,environmentUid=ced8af41-455b-4081-99aa-1700c0092126,executorType=newdeploy,functionName=ml-object-detection,functionNamespace=default,functionUid=182005a6-ad76-40e9-9ecd-2fb10570ca05'
[ok] Patched Deployment resources
[ok] Patched Deployment resources
[ok] Verified Deployment template resources: requests={'cpu': '1500m', 'memory': '400Mi'} limits={'cpu': '3194m', 'memory': '426Mi'}
[info] Scaling deployment to 0 replicas to force full pod replacement
[ok] Verified Deployment template resources: requests={'cpu': '300m', 'memory': '50Mi'} limits={'cpu': '482m', 'memory': '64Mi'}
[info] Scaling deployment to 0 replicas to force full pod replacement
[ok] All pods terminated (replicas=0)
[info] Scaling deployment back to 24 replicas
[ok] All pods terminated (replicas=0)
[info] Scaling deployment back to 73 replicas
[ok] Deleted HPA newdeploy-ml-object-detection-default-9ecd-2fb10570ca05
[ok] Rollout completed after scale-to-zero
[verify] newest RS=newdeploy-ml-image-processing-default-8b22-c7f0f2d6d72b-69c8bdf89 pods=24 ready=24
[ok] Verified newest ReplicaSet template resources match expected
[ok] Rollout completed after scale-to-zero
[verify] newest RS=newdeploy-ml-object-detection-default-9ecd-2fb10570ca05-6dc4c46845 pods=73 ready=73
[ok] Verified newest ReplicaSet template resources match expected
[info] Started Locust with PID 3685377
[info] attempt=1: start sleep for 20s
[info] attempt=1: sleep done
\Start sampling in parallel...
Workflow e2e p99 latency (49 completed in 20.5s, parallel, 8 workers): 9.000s
Average stage latencies:
  - ml-image-processing: 0.172s
  - ml-object-detection: 0.348s
[info] total_requests: 1169
[info] e2e_latency (p99): 4.200 s
[info] energy_j: 8484.917719 J
[info] served_rps: 54.60 req/s
[info]: start_time: 1767840303.231, end_time: 1767840323.831, duration_s: 20.60 s
[info] energy_cost: 7.258270 J/request
[info] average power: 411.889207 W
[info] Locust stopped
================================================================================
objective      : price
resource_config: [{'cpu_m': 482, 'memory_mi': 64}, {'cpu_m': 3194, 'memory_mi': 426}], latencies: {'ml-image-processing': 0.17196697574330583, 'ml-object-detection': 0.3479737356926004}, price_cost: 208.575387, energy_cost: 7.258270, latency_p99 : 4.200000, feasible: False, total_requests: 1169, served_rps: 54.60, total_energy_j: 8484.917719 J, profiling_duration_s: 20.600000s, average_power: 411.889207 W
wall_time_s    : 101.370
================================================================================

Updating function ml-image-processing to cpu: 614m, memory: 52Mi
Updating Deployment resource configuration...

Updating function ml-object-detection to cpu: 3806m, memory: 428Mi
Updating Deployment resource configuration...

[info] Original replicas=24, selector='environmentName=ml-image-processing,environmentNamespace=default,environmentUid=2449fff4-7632-422c-aa00-519fcb194e26,executorType=newdeploy,functionName=ml-image-processing,functionNamespace=default,functionUid=58487e4a-0036-4ccd-8b22-c7f0f2d6d72b'
[info] Original replicas=73, selector='environmentName=yolo,environmentNamespace=default,environmentUid=ced8af41-455b-4081-99aa-1700c0092126,executorType=newdeploy,functionName=ml-object-detection,functionNamespace=default,functionUid=182005a6-ad76-40e9-9ecd-2fb10570ca05'
[ok] Patched Deployment resources
[ok] Patched Deployment resources
[ok] Verified Deployment template resources: requests={'cpu': '300m', 'memory': '50Mi'} limits={'cpu': '614m', 'memory': '52Mi'}
[info] Scaling deployment to 0 replicas to force full pod replacement
[ok] Verified Deployment template resources: requests={'cpu': '1500m', 'memory': '400Mi'} limits={'cpu': '3806m', 'memory': '428Mi'}
[info] Scaling deployment to 0 replicas to force full pod replacement
[ok] All pods terminated (replicas=0)
[info] Scaling deployment back to 24 replicas
[ok] All pods terminated (replicas=0)
[info] Scaling deployment back to 73 replicas
[ok] Deleted HPA newdeploy-ml-object-detection-default-9ecd-2fb10570ca05
[ok] Rollout completed after scale-to-zero
[verify] newest RS=newdeploy-ml-image-processing-default-8b22-c7f0f2d6d72b-85468fd599 pods=24 ready=24
[ok] Verified newest ReplicaSet template resources match expected
[ok] Rollout completed after scale-to-zero
[verify] newest RS=newdeploy-ml-object-detection-default-9ecd-2fb10570ca05-7c764477f8 pods=73 ready=73
[ok] Verified newest ReplicaSet template resources match expected
[info] Started Locust with PID 3695634
[info] attempt=1: start sleep for 20s
[info] attempt=1: sleep done
\Start sampling in parallel...
Workflow e2e p99 latency (58 completed in 17.4s, parallel, 8 workers): 9.000s
Average stage latencies:
  - ml-image-processing: 0.126s
  - ml-object-detection: 0.284s
[info] poll_locust_row: failed to load, try again
[info] total_requests: 1142
[info] e2e_latency (p99): 3.900 s
[info] energy_j: 7807.863190 J
[info] served_rps: 62.20 req/s
[info]: start_time: 1767840404.131, end_time: 1767840421.631, duration_s: 17.50 s
[info] energy_cost: 6.837008 J/request
[info] average power: 446.163611 W
[info] Locust stopped
================================================================================
objective      : price
resource_config: [{'cpu_m': 614, 'memory_mi': 52}, {'cpu_m': 3806, 'memory_mi': 428}], latencies: {'ml-image-processing': 0.12564904381573763, 'ml-object-detection': 0.2838253124511607}, price_cost: 201.802599, energy_cost: 6.837008, latency_p99 : 3.900000, feasible: False, total_requests: 1142, served_rps: 62.20, total_energy_j: 7807.863190 J, profiling_duration_s: 17.500000s, average_power: 446.163611 W
wall_time_s    : 98.320
================================================================================

Updating function ml-image-processing to cpu: 554m, memory: 50Mi
Updating Deployment resource configuration...

Updating function ml-object-detection to cpu: 4564m, memory: 456Mi
Updating Deployment resource configuration...

[info] Original replicas=24, selector='environmentName=ml-image-processing,environmentNamespace=default,environmentUid=2449fff4-7632-422c-aa00-519fcb194e26,executorType=newdeploy,functionName=ml-image-processing,functionNamespace=default,functionUid=58487e4a-0036-4ccd-8b22-c7f0f2d6d72b'
[info] Original replicas=73, selector='environmentName=yolo,environmentNamespace=default,environmentUid=ced8af41-455b-4081-99aa-1700c0092126,executorType=newdeploy,functionName=ml-object-detection,functionNamespace=default,functionUid=182005a6-ad76-40e9-9ecd-2fb10570ca05'
[ok] Patched Deployment resources
[ok] Patched Deployment resources
[ok] Verified Deployment template resources: requests={'cpu': '1500m', 'memory': '400Mi'} limits={'cpu': '4564m', 'memory': '456Mi'}
[info] Scaling deployment to 0 replicas to force full pod replacement
[ok] Verified Deployment template resources: requests={'cpu': '300m', 'memory': '50Mi'} limits={'cpu': '554m', 'memory': '50Mi'}
[info] Scaling deployment to 0 replicas to force full pod replacement
[ok] All pods terminated (replicas=0)
[info] Scaling deployment back to 24 replicas
[ok] All pods terminated (replicas=0)
[info] Scaling deployment back to 73 replicas
[ok] Rollout completed after scale-to-zero
[verify] newest RS=newdeploy-ml-image-processing-default-8b22-c7f0f2d6d72b-7856dcc549 pods=24 ready=24
[ok] Verified newest ReplicaSet template resources match expected
[ok] Rollout completed after scale-to-zero
[verify] newest RS=newdeploy-ml-object-detection-default-9ecd-2fb10570ca05-fbb544657 pods=73 ready=73
[ok] Verified newest ReplicaSet template resources match expected
[info] Started Locust with PID 3705558
[info] attempt=1: start sleep for 20s
[info] attempt=1: sleep done
\Start sampling in parallel...
Workflow e2e p99 latency (66 completed in 17.1s, parallel, 8 workers): 9.000s
Average stage latencies:
  - ml-image-processing: 0.143s
  - ml-object-detection: 0.233s
[info] poll_locust_row: failed to load, try again
[info] total_requests: 1207
[info] e2e_latency (p99): 3.900 s
[info] energy_j: 8192.429730 J
[info] served_rps: 66.00 req/s
[info]: start_time: 1767840503.131, end_time: 1767840520.231, duration_s: 17.10 s
[info] energy_cost: 6.787431 J/request
[info] average power: 479.089461 W
[info] Locust stopped
================================================================================
objective      : price
resource_config: [{'cpu_m': 554, 'memory_mi': 50}, {'cpu_m': 4564, 'memory_mi': 456}], latencies: {'ml-image-processing': 0.1434884586872963, 'ml-object-detection': 0.23265988672725282}, price_cost: 198.847141, energy_cost: 6.787431, latency_p99 : 3.900000, feasible: False, total_requests: 1207, served_rps: 66.00, total_energy_j: 8192.429730 J, profiling_duration_s: 17.100000s, average_power: 479.089461 W
wall_time_s    : 98.634
================================================================================

Starting fresh (no checkpoint at bo_model_price_20260108_023158.pt).
  initial_points = 10
  running_batches = 10
  initial_best_feasible_cost = 195.21456591273258
  initial_best_constraint = -0.200
  initial_best_resource_config = [{'cpu_m': 358, 'memory_mi': 67}, {'cpu_m': 4442, 'memory_mi': 492}]
  time_taken_for_init = 1006.54 seconds
/home/cc/miniconda3/envs/faas/lib/python3.10/site-packages/botorch/acquisition/monte_carlo.py:502: NumericsWarning: qNoisyExpectedImprovement has known numerical issues that lead to suboptimal optimization performance. It is strongly recommended to simply replace

	 qNoisyExpectedImprovement 	 --> 	 qLogNoisyExpectedImprovement 

instead, which fixes the issues and has the same API. See https://arxiv.org/abs/2310.20708 for details.
  legacy_ei_numerics_warning(legacy_name=type(self).__name__)
Updating function ml-image-processing to cpu: 300m, memory: 59Mi
Updating Deployment resource configuration...

Updating function ml-object-detection to cpu: 5015m, memory: 475Mi
Updating Deployment resource configuration...

[info] Original replicas=24, selector='environmentName=ml-image-processing,environmentNamespace=default,environmentUid=2449fff4-7632-422c-aa00-519fcb194e26,executorType=newdeploy,functionName=ml-image-processing,functionNamespace=default,functionUid=58487e4a-0036-4ccd-8b22-c7f0f2d6d72b'
[info] Original replicas=73, selector='environmentName=yolo,environmentNamespace=default,environmentUid=ced8af41-455b-4081-99aa-1700c0092126,executorType=newdeploy,functionName=ml-object-detection,functionNamespace=default,functionUid=182005a6-ad76-40e9-9ecd-2fb10570ca05'
[ok] Patched Deployment resources
[ok] Patched Deployment resources
[ok] Verified Deployment template resources: requests={'cpu': '300m', 'memory': '50Mi'} limits={'cpu': '300m', 'memory': '59Mi'}
[info] Scaling deployment to 0 replicas to force full pod replacement
[ok] Verified Deployment template resources: requests={'cpu': '1500m', 'memory': '400Mi'} limits={'cpu': '5015m', 'memory': '475Mi'}
[info] Scaling deployment to 0 replicas to force full pod replacement
[ok] All pods terminated (replicas=0)
[info] Scaling deployment back to 24 replicas
[ok] All pods terminated (replicas=0)
[info] Scaling deployment back to 73 replicas
[ok] Rollout completed after scale-to-zero
[verify] newest RS=newdeploy-ml-image-processing-default-8b22-c7f0f2d6d72b-f5c94f7d4 pods=24 ready=24
[ok] Verified newest ReplicaSet template resources match expected
[ok] Rollout completed after scale-to-zero
[verify] newest RS=newdeploy-ml-object-detection-default-9ecd-2fb10570ca05-7bcb7f7568 pods=73 ready=73
[ok] Verified newest ReplicaSet template resources match expected
[info] Started Locust with PID 3716040
[info] attempt=1: start sleep for 20s
[info] attempt=1: sleep done
\Start sampling in parallel...
Workflow e2e p99 latency (57 completed in 18.9s, parallel, 8 workers): 3.693s
Average stage latencies:
  - ml-image-processing: 0.310s
  - ml-object-detection: 0.178s
[info] total_requests: 1076
[info] e2e_latency (p99): 3.500 s
[info] energy_j: 8117.299160 J
[info] served_rps: 54.70 req/s
[info]: start_time: 1767840604.131, end_time: 1767840623.031, duration_s: 18.90 s
[info] energy_cost: 7.543958 J/request
[info] average power: 429.486731 W
[info] Locust stopped
================================================================================
objective      : price
resource_config: [{'cpu_m': 300, 'memory_mi': 59}, {'cpu_m': 5015, 'memory_mi': 475}], latencies: {'ml-image-processing': 0.3102783805674367, 'ml-object-detection': 0.1778805817379371}, price_cost: 171.696188, energy_cost: 7.543958, latency_p99 : 3.500000, feasible: False, total_requests: 1076, served_rps: 54.70, total_energy_j: 8117.299160 J, profiling_duration_s: 18.900000s, average_power: 429.486731 W
wall_time_s    : 97.249
================================================================================

Updating function ml-image-processing to cpu: 734m, memory: 58Mi
Updating Deployment resource configuration...

Updating function ml-object-detection to cpu: 4990m, memory: 475Mi
Updating Deployment resource configuration...

[info] Original replicas=24, selector='environmentName=ml-image-processing,environmentNamespace=default,environmentUid=2449fff4-7632-422c-aa00-519fcb194e26,executorType=newdeploy,functionName=ml-image-processing,functionNamespace=default,functionUid=58487e4a-0036-4ccd-8b22-c7f0f2d6d72b'
[info] Original replicas=73, selector='environmentName=yolo,environmentNamespace=default,environmentUid=ced8af41-455b-4081-99aa-1700c0092126,executorType=newdeploy,functionName=ml-object-detection,functionNamespace=default,functionUid=182005a6-ad76-40e9-9ecd-2fb10570ca05'
[ok] Patched Deployment resources
[ok] Patched Deployment resources
[ok] Verified Deployment template resources: requests={'cpu': '300m', 'memory': '50Mi'} limits={'cpu': '734m', 'memory': '58Mi'}
[info] Scaling deployment to 0 replicas to force full pod replacement
[ok] Verified Deployment template resources: requests={'cpu': '1500m', 'memory': '400Mi'} limits={'cpu': '4990m', 'memory': '475Mi'}
[info] Scaling deployment to 0 replicas to force full pod replacement
[ok] All pods terminated (replicas=0)
[info] Scaling deployment back to 24 replicas
[ok] All pods terminated (replicas=0)
[info] Scaling deployment back to 73 replicas
[ok] Rollout completed after scale-to-zero
[verify] newest RS=newdeploy-ml-image-processing-default-8b22-c7f0f2d6d72b-7f476b79bd pods=24 ready=24
[ok] Verified newest ReplicaSet template resources match expected
[ok] Rollout completed after scale-to-zero
[verify] newest RS=newdeploy-ml-object-detection-default-9ecd-2fb10570ca05-6dc45ff89b pods=73 ready=73
[ok] Verified newest ReplicaSet template resources match expected
[info] Started Locust with PID 3725868
[info] attempt=1: start sleep for 20s
[info] attempt=1: sleep done
\Start sampling in parallel...
Workflow e2e p99 latency (61 completed in 18.1s, parallel, 8 workers): 9.000s
Average stage latencies:
  - ml-image-processing: 0.121s
  - ml-object-detection: 0.237s
[info] total_requests: 1291
[info] e2e_latency (p99): 3.600 s
[info] energy_j: 8904.173293 J
[info] served_rps: 71.10 req/s
[info]: start_time: 1767840702.331, end_time: 1767840720.331, duration_s: 18.00 s
[info] energy_cost: 6.897113 J/request
[info] average power: 494.676294 W
[info] Locust stopped
================================================================================
objective      : price
resource_config: [{'cpu_m': 734, 'memory_mi': 58}, {'cpu_m': 4990, 'memory_mi': 475}], latencies: {'ml-image-processing': 0.12056359436052541, 'ml-object-detection': 0.2373755743028596}, price_cost: 221.701495, energy_cost: 6.897113, latency_p99 : 3.600000, feasible: False, total_requests: 1291, served_rps: 71.10, total_energy_j: 8904.173293 J, profiling_duration_s: 18.000000s, average_power: 494.676294 W
wall_time_s    : 97.317
================================================================================

Updating function ml-image-processing to cpu: 342m, memory: 68Mi
Updating Deployment resource configuration...

Updating function ml-object-detection to cpu: 4776m, memory: 468Mi
Updating Deployment resource configuration...

[info] Original replicas=73, selector='environmentName=yolo,environmentNamespace=default,environmentUid=ced8af41-455b-4081-99aa-1700c0092126,executorType=newdeploy,functionName=ml-object-detection,functionNamespace=default,functionUid=182005a6-ad76-40e9-9ecd-2fb10570ca05'
[info] Original replicas=24, selector='environmentName=ml-image-processing,environmentNamespace=default,environmentUid=2449fff4-7632-422c-aa00-519fcb194e26,executorType=newdeploy,functionName=ml-image-processing,functionNamespace=default,functionUid=58487e4a-0036-4ccd-8b22-c7f0f2d6d72b'
[ok] Patched Deployment resources
[ok] Patched Deployment resources
[ok] Verified Deployment template resources: requests={'cpu': '300m', 'memory': '50Mi'} limits={'cpu': '342m', 'memory': '68Mi'}
[info] Scaling deployment to 0 replicas to force full pod replacement
[ok] Verified Deployment template resources: requests={'cpu': '1500m', 'memory': '400Mi'} limits={'cpu': '4776m', 'memory': '468Mi'}
[info] Scaling deployment to 0 replicas to force full pod replacement
[ok] All pods terminated (replicas=0)
[info] Scaling deployment back to 24 replicas
[ok] All pods terminated (replicas=0)
[info] Scaling deployment back to 73 replicas
[ok] Rollout completed after scale-to-zero
[verify] newest RS=newdeploy-ml-image-processing-default-8b22-c7f0f2d6d72b-79cf664cd8 pods=24 ready=24
[ok] Verified newest ReplicaSet template resources match expected
[ok] Rollout completed after scale-to-zero
[verify] newest RS=newdeploy-ml-object-detection-default-9ecd-2fb10570ca05-569c6fd5f4 pods=73 ready=73
[ok] Verified newest ReplicaSet template resources match expected
[info] Started Locust with PID 3735479
[info] attempt=1: start sleep for 20s
[info] attempt=1: sleep done
\Start sampling in parallel...
Workflow e2e p99 latency (57 completed in 16.6s, parallel, 8 workers): 3.533s
Average stage latencies:
  - ml-image-processing: 0.277s
  - ml-object-detection: 0.196s
[info] poll_locust_row: failed to load, try again
[info] poll_locust_row: failed to load, try again
[info] poll_locust_row: failed to load, try again
[info] total_requests: 1065
[info] e2e_latency (p99): 3.200 s
[info] energy_j: 7447.563459 J
[info] served_rps: 58.50 req/s
[info]: start_time: 1767840798.431, end_time: 1767840815.031, duration_s: 16.60 s
[info] energy_cost: 6.993017 J/request
[info] average power: 448.648404 W
[info] Locust stopped
================================================================================
objective      : price
resource_config: [{'cpu_m': 342, 'memory_mi': 68}, {'cpu_m': 4776, 'memory_mi': 468}], latencies: {'ml-image-processing': 0.2767596597080691, 'ml-object-detection': 0.1960938592408702}, price_cost: 179.757198, energy_cost: 6.993017, latency_p99 : 3.200000, feasible: False, total_requests: 1065, served_rps: 58.50, total_energy_j: 7447.563459 J, profiling_duration_s: 16.600000s, average_power: 448.648404 W
wall_time_s    : 96.127
================================================================================

================================================================================

Batch  1: best_feasible_cost (random, qNEI) = (195.21456591273258, 195.21456591273258), best_constraint =  -0.200 (<=0 feasible), time = 295.76.
Best feasible resource configuration: [{'cpu_m': 358, 'memory_mi': 67}, {'cpu_m': 4442, 'memory_mi': 492}]

================================================================================
/home/cc/miniconda3/envs/faas/lib/python3.10/site-packages/botorch/acquisition/monte_carlo.py:502: NumericsWarning: qNoisyExpectedImprovement has known numerical issues that lead to suboptimal optimization performance. It is strongly recommended to simply replace

	 qNoisyExpectedImprovement 	 --> 	 qLogNoisyExpectedImprovement 

instead, which fixes the issues and has the same API. See https://arxiv.org/abs/2310.20708 for details.
  legacy_ei_numerics_warning(legacy_name=type(self).__name__)
Updating function ml-image-processing to cpu: 300m, memory: 67Mi
Updating Deployment resource configuration...

Updating function ml-object-detection to cpu: 5083m, memory: 478Mi
Updating Deployment resource configuration...

[info] Original replicas=24, selector='environmentName=ml-image-processing,environmentNamespace=default,environmentUid=2449fff4-7632-422c-aa00-519fcb194e26,executorType=newdeploy,functionName=ml-image-processing,functionNamespace=default,functionUid=58487e4a-0036-4ccd-8b22-c7f0f2d6d72b'
[info] Original replicas=73, selector='environmentName=yolo,environmentNamespace=default,environmentUid=ced8af41-455b-4081-99aa-1700c0092126,executorType=newdeploy,functionName=ml-object-detection,functionNamespace=default,functionUid=182005a6-ad76-40e9-9ecd-2fb10570ca05'
[ok] Patched Deployment resources
[ok] Patched Deployment resources
[ok] Verified Deployment template resources: requests={'cpu': '1500m', 'memory': '400Mi'} limits={'cpu': '5083m', 'memory': '478Mi'}
[info] Scaling deployment to 0 replicas to force full pod replacement
[ok] Verified Deployment template resources: requests={'cpu': '300m', 'memory': '50Mi'} limits={'cpu': '300m', 'memory': '67Mi'}
[info] Scaling deployment to 0 replicas to force full pod replacement
[ok] All pods terminated (replicas=0)
[info] Scaling deployment back to 24 replicas
[ok] All pods terminated (replicas=0)
[info] Scaling deployment back to 73 replicas
[ok] Rollout completed after scale-to-zero
[verify] newest RS=newdeploy-ml-image-processing-default-8b22-c7f0f2d6d72b-76fb565556 pods=24 ready=24
[ok] Verified newest ReplicaSet template resources match expected
[ok] Rollout completed after scale-to-zero
[verify] newest RS=newdeploy-ml-object-detection-default-9ecd-2fb10570ca05-7774cd857c pods=73 ready=73
[ok] Verified newest ReplicaSet template resources match expected
[info] Started Locust with PID 3745657
[info] attempt=1: start sleep for 20s
[info] attempt=1: sleep done
\Start sampling in parallel...
Workflow e2e p99 latency (57 completed in 17.4s, parallel, 8 workers): 2.879s
Average stage latencies:
  - ml-image-processing: 0.310s
  - ml-object-detection: 0.173s
[info] poll_locust_row: failed to load, try again
[info] total_requests: 950
[info] e2e_latency (p99): 2.800 s
[info] energy_j: 7521.734397 J
[info] served_rps: 57.40 req/s
[info]: start_time: 1767840899.631, end_time: 1767840916.931, duration_s: 17.30 s
[info] energy_cost: 7.917615 J/request
[info] average power: 434.782336 W
[info] Locust stopped
================================================================================
objective      : price
resource_config: [{'cpu_m': 300, 'memory_mi': 67}, {'cpu_m': 5083, 'memory_mi': 478}], latencies: {'ml-image-processing': 0.31046918867025197, 'ml-object-detection': 0.17295349602538504}, price_cost: 169.474285, energy_cost: 7.917615, latency_p99 : 2.800000, feasible: True, total_requests: 950, served_rps: 57.40, total_energy_j: 7521.734397 J, profiling_duration_s: 17.300000s, average_power: 434.782336 W
wall_time_s    : 96.543
================================================================================

Updating function ml-image-processing to cpu: 617m, memory: 67Mi
Updating Deployment resource configuration...

Updating function ml-object-detection to cpu: 2363m, memory: 490Mi
Updating Deployment resource configuration...

[info] Original replicas=24, selector='environmentName=ml-image-processing,environmentNamespace=default,environmentUid=2449fff4-7632-422c-aa00-519fcb194e26,executorType=newdeploy,functionName=ml-image-processing,functionNamespace=default,functionUid=58487e4a-0036-4ccd-8b22-c7f0f2d6d72b'
[info] Original replicas=73, selector='environmentName=yolo,environmentNamespace=default,environmentUid=ced8af41-455b-4081-99aa-1700c0092126,executorType=newdeploy,functionName=ml-object-detection,functionNamespace=default,functionUid=182005a6-ad76-40e9-9ecd-2fb10570ca05'
[ok] Patched Deployment resources
[ok] Patched Deployment resources
[ok] Verified Deployment template resources: requests={'cpu': '300m', 'memory': '50Mi'} limits={'cpu': '617m', 'memory': '67Mi'}
[info] Scaling deployment to 0 replicas to force full pod replacement
[ok] Verified Deployment template resources: requests={'cpu': '1500m', 'memory': '400Mi'} limits={'cpu': '2363m', 'memory': '490Mi'}
[info] Scaling deployment to 0 replicas to force full pod replacement
[ok] All pods terminated (replicas=0)
[info] Scaling deployment back to 24 replicas
[ok] All pods terminated (replicas=0)
[info] Scaling deployment back to 73 replicas
[ok] Rollout completed after scale-to-zero
[verify] newest RS=newdeploy-ml-image-processing-default-8b22-c7f0f2d6d72b-786d44fbdb pods=24 ready=24
[ok] Verified newest ReplicaSet template resources match expected
[ok] Rollout completed after scale-to-zero
[verify] newest RS=newdeploy-ml-object-detection-default-9ecd-2fb10570ca05-8697858879 pods=73 ready=73
[ok] Verified newest ReplicaSet template resources match expected
[info] Started Locust with PID 3755416
[info] attempt=1: start sleep for 20s
[info] attempt=1: sleep done
\Start sampling in parallel...
Workflow e2e p99 latency (38 completed in 20.8s, parallel, 8 workers): 9.000s
Average stage latencies:
  - ml-image-processing: 0.096s
  - ml-object-detection: 0.504s
[info] poll_locust_row: failed to load, try again
[info] poll_locust_row: failed to load, try again
[info] poll_locust_row: failed to load, try again
[info] poll_locust_row: failed to load, try again
[info] total_requests: 993
[info] e2e_latency (p99): 3.900 s
[info] energy_j: 7557.886229 J
[info] served_rps: 45.30 req/s
[info]: start_time: 1767840995.331, end_time: 1767841016.131, duration_s: 20.80 s
[info] energy_cost: 7.611164 J/request
[info] average power: 363.359916 W
[info] Locust stopped
================================================================================
objective      : price
resource_config: [{'cpu_m': 617, 'memory_mi': 67}, {'cpu_m': 2363, 'memory_mi': 490}], latencies: {'ml-image-processing': 0.09643402960724555, 'ml-object-detection': 0.5038116524676577}, price_cost: 219.367109, energy_cost: 7.611164, latency_p99 : 3.900000, feasible: False, total_requests: 993, served_rps: 45.30, total_energy_j: 7557.886229 J, profiling_duration_s: 20.800000s, average_power: 363.359916 W
wall_time_s    : 100.646
================================================================================

Updating function ml-image-processing to cpu: 387m, memory: 62Mi
Updating Deployment resource configuration...

Updating function ml-object-detection to cpu: 2554m, memory: 440Mi
Updating Deployment resource configuration...

[info] Original replicas=24, selector='environmentName=ml-image-processing,environmentNamespace=default,environmentUid=2449fff4-7632-422c-aa00-519fcb194e26,executorType=newdeploy,functionName=ml-image-processing,functionNamespace=default,functionUid=58487e4a-0036-4ccd-8b22-c7f0f2d6d72b'
[info] Original replicas=73, selector='environmentName=yolo,environmentNamespace=default,environmentUid=ced8af41-455b-4081-99aa-1700c0092126,executorType=newdeploy,functionName=ml-object-detection,functionNamespace=default,functionUid=182005a6-ad76-40e9-9ecd-2fb10570ca05'
[ok] Patched Deployment resources
[ok] Patched Deployment resources
[ok] Verified Deployment template resources: requests={'cpu': '1500m', 'memory': '400Mi'} limits={'cpu': '2554m', 'memory': '440Mi'}
[info] Scaling deployment to 0 replicas to force full pod replacement
[ok] Verified Deployment template resources: requests={'cpu': '300m', 'memory': '50Mi'} limits={'cpu': '387m', 'memory': '62Mi'}
[info] Scaling deployment to 0 replicas to force full pod replacement
[ok] All pods terminated (replicas=0)
[info] Scaling deployment back to 24 replicas
[ok] All pods terminated (replicas=0)
[info] Scaling deployment back to 73 replicas
[ok] Deleted HPA newdeploy-ml-object-detection-default-9ecd-2fb10570ca05
[ok] Rollout completed after scale-to-zero
[verify] newest RS=newdeploy-ml-image-processing-default-8b22-c7f0f2d6d72b-57dc496d56 pods=24 ready=24
[ok] Verified newest ReplicaSet template resources match expected
[ok] Rollout completed after scale-to-zero
[verify] newest RS=newdeploy-ml-object-detection-default-9ecd-2fb10570ca05-5596fc548f pods=73 ready=73
[ok] Verified newest ReplicaSet template resources match expected
[info] Started Locust with PID 3765940
[info] attempt=1: start sleep for 20s
[info] attempt=1: sleep done
\Start sampling in parallel...
Workflow e2e p99 latency (36 completed in 20.6s, parallel, 8 workers): 9.000s
Average stage latencies:
  - ml-image-processing: 0.205s
  - ml-object-detection: 0.443s
[info] total_requests: 986
[info] e2e_latency (p99): 4.700 s
[info] energy_j: 7741.810440 J
[info] served_rps: 47.00 req/s
[info]: start_time: 1767841099.431, end_time: 1767841120.131, duration_s: 20.70 s
[info] energy_cost: 7.851735 J/request
[info] average power: 374.000503 W
[info] Locust stopped
================================================================================
objective      : price
resource_config: [{'cpu_m': 387, 'memory_mi': 62}, {'cpu_m': 2554, 'memory_mi': 440}], latencies: {'ml-image-processing': 0.20541670443490148, 'ml-object-detection': 0.44252790419384835}, price_cost: 211.831880, energy_cost: 7.851735, latency_p99 : 4.700000, feasible: False, total_requests: 986, served_rps: 47.00, total_energy_j: 7741.810440 J, profiling_duration_s: 20.700000s, average_power: 374.000503 W
wall_time_s    : 101.982
================================================================================

================================================================================

Batch  2: best_feasible_cost (random, qNEI) = (195.21456591273258, 169.47428464628743), best_constraint =  -0.200 (<=0 feasible), time = 303.57.
Best feasible resource configuration: [{'cpu_m': 300, 'memory_mi': 67}, {'cpu_m': 5083, 'memory_mi': 478}]

================================================================================
/home/cc/miniconda3/envs/faas/lib/python3.10/site-packages/botorch/acquisition/monte_carlo.py:502: NumericsWarning: qNoisyExpectedImprovement has known numerical issues that lead to suboptimal optimization performance. It is strongly recommended to simply replace

	 qNoisyExpectedImprovement 	 --> 	 qLogNoisyExpectedImprovement 

instead, which fixes the issues and has the same API. See https://arxiv.org/abs/2310.20708 for details.
  legacy_ei_numerics_warning(legacy_name=type(self).__name__)
Updating function ml-image-processing to cpu: 766m, memory: 50Mi
Updating Deployment resource configuration...

Updating function ml-object-detection to cpu: 2785m, memory: 485Mi
Updating Deployment resource configuration...

[info] Original replicas=24, selector='environmentName=ml-image-processing,environmentNamespace=default,environmentUid=2449fff4-7632-422c-aa00-519fcb194e26,executorType=newdeploy,functionName=ml-image-processing,functionNamespace=default,functionUid=58487e4a-0036-4ccd-8b22-c7f0f2d6d72b'
[info] Original replicas=73, selector='environmentName=yolo,environmentNamespace=default,environmentUid=ced8af41-455b-4081-99aa-1700c0092126,executorType=newdeploy,functionName=ml-object-detection,functionNamespace=default,functionUid=182005a6-ad76-40e9-9ecd-2fb10570ca05'
[ok] Patched Deployment resources
[ok] Patched Deployment resources
[ok] Verified Deployment template resources: requests={'cpu': '1500m', 'memory': '400Mi'} limits={'cpu': '2785m', 'memory': '485Mi'}
[info] Scaling deployment to 0 replicas to force full pod replacement
[ok] Verified Deployment template resources: requests={'cpu': '300m', 'memory': '50Mi'} limits={'cpu': '766m', 'memory': '50Mi'}
[info] Scaling deployment to 0 replicas to force full pod replacement
[ok] All pods terminated (replicas=0)
[info] Scaling deployment back to 24 replicas
[ok] All pods terminated (replicas=0)
[info] Scaling deployment back to 73 replicas
[ok] Deleted HPA newdeploy-ml-object-detection-default-9ecd-2fb10570ca05
[ok] Rollout completed after scale-to-zero
[verify] newest RS=newdeploy-ml-image-processing-default-8b22-c7f0f2d6d72b-794968dfdc pods=24 ready=24
[ok] Verified newest ReplicaSet template resources match expected
[ok] Rollout completed after scale-to-zero
[verify] newest RS=newdeploy-ml-object-detection-default-9ecd-2fb10570ca05-5654b8877c pods=73 ready=73
[ok] Verified newest ReplicaSet template resources match expected
[info] Started Locust with PID 3776358
[info] attempt=1: start sleep for 20s
[info] attempt=1: sleep done
\Start sampling in parallel...
Workflow e2e p99 latency (49 completed in 21.4s, parallel, 8 workers): 9.000s
Average stage latencies:
  - ml-image-processing: 0.105s
  - ml-object-detection: 0.416s
[info] poll_locust_row: failed to load, try again
[info] poll_locust_row: failed to load, try again
[info] poll_locust_row: failed to load, try again
[info] total_requests: 1095
[info] e2e_latency (p99): 3.800 s
[info] energy_j: 8274.089090 J
[info] served_rps: 52.10 req/s
[info]: start_time: 1767841204.931, end_time: 1767841226.331, duration_s: 21.40 s
[info] energy_cost: 7.556246 J/request
[info] average power: 386.639675 W
[info] Locust stopped
================================================================================
objective      : price
resource_config: [{'cpu_m': 766, 'memory_mi': 50}, {'cpu_m': 2785, 'memory_mi': 485}], latencies: {'ml-image-processing': 0.10509529510745778, 'ml-object-detection': 0.4159067083266564}, price_cost: 216.858675, energy_cost: 7.556246, latency_p99 : 3.800000, feasible: False, total_requests: 1095, served_rps: 52.10, total_energy_j: 8274.089090 J, profiling_duration_s: 21.400000s, average_power: 386.639675 W
wall_time_s    : 104.040
================================================================================

Updating function ml-image-processing to cpu: 766m, memory: 57Mi
Updating Deployment resource configuration...

Updating function ml-object-detection to cpu: 4981m, memory: 480Mi
Updating Deployment resource configuration...

[info] Original replicas=24, selector='environmentName=ml-image-processing,environmentNamespace=default,environmentUid=2449fff4-7632-422c-aa00-519fcb194e26,executorType=newdeploy,functionName=ml-image-processing,functionNamespace=default,functionUid=58487e4a-0036-4ccd-8b22-c7f0f2d6d72b'
[info] Original replicas=73, selector='environmentName=yolo,environmentNamespace=default,environmentUid=ced8af41-455b-4081-99aa-1700c0092126,executorType=newdeploy,functionName=ml-object-detection,functionNamespace=default,functionUid=182005a6-ad76-40e9-9ecd-2fb10570ca05'
[ok] Patched Deployment resources
[ok] Patched Deployment resources
[ok] Verified Deployment template resources: requests={'cpu': '1500m', 'memory': '400Mi'} limits={'cpu': '4981m', 'memory': '480Mi'}
[info] Scaling deployment to 0 replicas to force full pod replacement
[ok] Verified Deployment template resources: requests={'cpu': '300m', 'memory': '50Mi'} limits={'cpu': '766m', 'memory': '57Mi'}
[info] Scaling deployment to 0 replicas to force full pod replacement
[ok] All pods terminated (replicas=0)
[info] Scaling deployment back to 24 replicas
[ok] All pods terminated (replicas=0)
[info] Scaling deployment back to 73 replicas
[ok] Deleted HPA newdeploy-ml-object-detection-default-9ecd-2fb10570ca05
[ok] Rollout completed after scale-to-zero
[verify] newest RS=newdeploy-ml-image-processing-default-8b22-c7f0f2d6d72b-6fb569b487 pods=24 ready=24
[ok] Verified newest ReplicaSet template resources match expected
[ok] Rollout completed after scale-to-zero
[verify] newest RS=newdeploy-ml-object-detection-default-9ecd-2fb10570ca05-5fb4bd6465 pods=73 ready=73
[ok] Verified newest ReplicaSet template resources match expected
[info] Started Locust with PID 3786791
[info] attempt=1: start sleep for 20s
[info] attempt=1: sleep done
\Start sampling in parallel...
Workflow e2e p99 latency (62 completed in 18.9s, parallel, 8 workers): 9.000s
Average stage latencies:
  - ml-image-processing: 0.118s
  - ml-object-detection: 0.214s
[info] total_requests: 1528
[info] e2e_latency (p99): 3.600 s
[info] energy_j: 9441.791948 J
[info] served_rps: 72.90 req/s
[info]: start_time: 1767841313.231, end_time: 1767841332.131, duration_s: 18.90 s
[info] energy_cost: 6.179183 J/request
[info] average power: 499.565709 W
[info] Locust stopped
================================================================================
objective      : price
resource_config: [{'cpu_m': 766, 'memory_mi': 57}, {'cpu_m': 4981, 'memory_mi': 480}], latencies: {'ml-image-processing': 0.11750209987452574, 'ml-object-detection': 0.21370615872779283}, price_cost: 201.068620, energy_cost: 6.179183, latency_p99 : 3.600000, feasible: False, total_requests: 1528, served_rps: 72.90, total_energy_j: 9441.791948 J, profiling_duration_s: 18.900000s, average_power: 499.565709 W
wall_time_s    : 104.320
================================================================================

Updating function ml-image-processing to cpu: 300m, memory: 66Mi
Updating Deployment resource configuration...

Updating function ml-object-detection to cpu: 5086m, memory: 510Mi
Updating Deployment resource configuration...

[info] Original replicas=73, selector='environmentName=yolo,environmentNamespace=default,environmentUid=ced8af41-455b-4081-99aa-1700c0092126,executorType=newdeploy,functionName=ml-object-detection,functionNamespace=default,functionUid=182005a6-ad76-40e9-9ecd-2fb10570ca05'
[info] Original replicas=24, selector='environmentName=ml-image-processing,environmentNamespace=default,environmentUid=2449fff4-7632-422c-aa00-519fcb194e26,executorType=newdeploy,functionName=ml-image-processing,functionNamespace=default,functionUid=58487e4a-0036-4ccd-8b22-c7f0f2d6d72b'
[ok] Patched Deployment resources
[ok] Patched Deployment resources
[ok] Verified Deployment template resources: requests={'cpu': '1500m', 'memory': '400Mi'} limits={'cpu': '5086m', 'memory': '510Mi'}
[info] Scaling deployment to 0 replicas to force full pod replacement
[ok] Verified Deployment template resources: requests={'cpu': '300m', 'memory': '50Mi'} limits={'cpu': '300m', 'memory': '66Mi'}
[info] Scaling deployment to 0 replicas to force full pod replacement
[ok] All pods terminated (replicas=0)
[info] Scaling deployment back to 24 replicas
[ok] All pods terminated (replicas=0)
[info] Scaling deployment back to 73 replicas
[ok] Rollout completed after scale-to-zero
[verify] newest RS=newdeploy-ml-image-processing-default-8b22-c7f0f2d6d72b-6b97b7fb9f pods=24 ready=24
[ok] Verified newest ReplicaSet template resources match expected
[ok] Rollout completed after scale-to-zero
[verify] newest RS=newdeploy-ml-object-detection-default-9ecd-2fb10570ca05-7646bcd55c pods=73 ready=73
[ok] Verified newest ReplicaSet template resources match expected
[info] Started Locust with PID 3796684
[info] attempt=1: start sleep for 20s
[info] attempt=1: sleep done
\Start sampling in parallel...
Workflow e2e p99 latency (60 completed in 17.2s, parallel, 8 workers): 2.037s
Average stage latencies:
  - ml-image-processing: 0.316s
  - ml-object-detection: 0.204s
[info] poll_locust_row: failed to load, try again
[info] total_requests: 972
[info] e2e_latency (p99): 2.700 s
[info] energy_j: 7596.424962 J
[info] served_rps: 58.10 req/s
[info]: start_time: 1767841411.631, end_time: 1767841428.831, duration_s: 17.20 s
[info] energy_cost: 7.815252 J/request
[info] average power: 441.652613 W
[info] Locust stopped
================================================================================
objective      : price
resource_config: [{'cpu_m': 300, 'memory_mi': 66}, {'cpu_m': 5086, 'memory_mi': 510}], latencies: {'ml-image-processing': 0.31586138957645743, 'ml-object-detection': 0.2043885445377479}, price_cost: 197.768736, energy_cost: 7.815252, latency_p99 : 2.700000, feasible: True, total_requests: 972, served_rps: 58.10, total_energy_j: 7596.424962 J, profiling_duration_s: 17.200000s, average_power: 441.652613 W
wall_time_s    : 97.140
================================================================================

================================================================================

Batch  3: best_feasible_cost (random, qNEI) = (195.21456591273258, 169.47428464628743), best_constraint =  -0.200 (<=0 feasible), time = 309.16.
Best feasible resource configuration: [{'cpu_m': 300, 'memory_mi': 67}, {'cpu_m': 5083, 'memory_mi': 478}]

================================================================================
/home/cc/miniconda3/envs/faas/lib/python3.10/site-packages/botorch/acquisition/monte_carlo.py:502: NumericsWarning: qNoisyExpectedImprovement has known numerical issues that lead to suboptimal optimization performance. It is strongly recommended to simply replace

	 qNoisyExpectedImprovement 	 --> 	 qLogNoisyExpectedImprovement 

instead, which fixes the issues and has the same API. See https://arxiv.org/abs/2310.20708 for details.
  legacy_ei_numerics_warning(legacy_name=type(self).__name__)
Updating function ml-image-processing to cpu: 325m, memory: 51Mi
Updating Deployment resource configuration...

Updating function ml-object-detection to cpu: 4263m, memory: 479Mi
Updating Deployment resource configuration...

[info] Original replicas=24, selector='environmentName=ml-image-processing,environmentNamespace=default,environmentUid=2449fff4-7632-422c-aa00-519fcb194e26,executorType=newdeploy,functionName=ml-image-processing,functionNamespace=default,functionUid=58487e4a-0036-4ccd-8b22-c7f0f2d6d72b'
[info] Original replicas=73, selector='environmentName=yolo,environmentNamespace=default,environmentUid=ced8af41-455b-4081-99aa-1700c0092126,executorType=newdeploy,functionName=ml-object-detection,functionNamespace=default,functionUid=182005a6-ad76-40e9-9ecd-2fb10570ca05'
[ok] Patched Deployment resources
[ok] Patched Deployment resources
[ok] Verified Deployment template resources: requests={'cpu': '300m', 'memory': '50Mi'} limits={'cpu': '325m', 'memory': '51Mi'}
[info] Scaling deployment to 0 replicas to force full pod replacement
[ok] Verified Deployment template resources: requests={'cpu': '1500m', 'memory': '400Mi'} limits={'cpu': '4263m', 'memory': '479Mi'}
[info] Scaling deployment to 0 replicas to force full pod replacement
[ok] All pods terminated (replicas=0)
[info] Scaling deployment back to 24 replicas
[ok] All pods terminated (replicas=0)
[info] Scaling deployment back to 73 replicas
[ok] Rollout completed after scale-to-zero
[verify] newest RS=newdeploy-ml-image-processing-default-8b22-c7f0f2d6d72b-595767fb75 pods=24 ready=24
[ok] Verified newest ReplicaSet template resources match expected
[ok] Rollout completed after scale-to-zero
[verify] newest RS=newdeploy-ml-object-detection-default-9ecd-2fb10570ca05-bf6495cd8 pods=73 ready=73
[ok] Verified newest ReplicaSet template resources match expected
[info] Started Locust with PID 3806865
[info] attempt=1: start sleep for 20s
[info] attempt=1: sleep done
\Start sampling in parallel...
Workflow e2e p99 latency (60 completed in 18.6s, parallel, 8 workers): 3.704s
Average stage latencies:
  - ml-image-processing: 0.292s
  - ml-object-detection: 0.220s
[info] total_requests: 1032
[info] e2e_latency (p99): 3.300 s
[info] energy_j: 8323.047008 J
[info] served_rps: 58.00 req/s
[info]: start_time: 1767841515.131, end_time: 1767841533.731, duration_s: 18.60 s
[info] energy_cost: 8.064968 J/request
[info] average power: 447.475648 W
[info] Locust stopped
================================================================================
objective      : price
resource_config: [{'cpu_m': 325, 'memory_mi': 51}, {'cpu_m': 4263, 'memory_mi': 479}], latencies: {'ml-image-processing': 0.29170876666127393, 'ml-object-detection': 0.22004995112462591}, price_cost: 180.167402, energy_cost: 8.064968, latency_p99 : 3.300000, feasible: False, total_requests: 1032, served_rps: 58.00, total_energy_j: 8323.047008 J, profiling_duration_s: 18.600000s, average_power: 447.475648 W
wall_time_s    : 100.590
================================================================================

Updating function ml-image-processing to cpu: 328m, memory: 67Mi
Updating Deployment resource configuration...

Updating function ml-object-detection to cpu: 5761m, memory: 476Mi
Updating Deployment resource configuration...

[info] Original replicas=24, selector='environmentName=ml-image-processing,environmentNamespace=default,environmentUid=2449fff4-7632-422c-aa00-519fcb194e26,executorType=newdeploy,functionName=ml-image-processing,functionNamespace=default,functionUid=58487e4a-0036-4ccd-8b22-c7f0f2d6d72b'
[info] Original replicas=73, selector='environmentName=yolo,environmentNamespace=default,environmentUid=ced8af41-455b-4081-99aa-1700c0092126,executorType=newdeploy,functionName=ml-object-detection,functionNamespace=default,functionUid=182005a6-ad76-40e9-9ecd-2fb10570ca05'
[ok] Patched Deployment resources
[ok] Patched Deployment resources
[ok] Verified Deployment template resources: requests={'cpu': '1500m', 'memory': '400Mi'} limits={'cpu': '5761m', 'memory': '476Mi'}
[info] Scaling deployment to 0 replicas to force full pod replacement
[ok] Verified Deployment template resources: requests={'cpu': '300m', 'memory': '50Mi'} limits={'cpu': '328m', 'memory': '67Mi'}
[info] Scaling deployment to 0 replicas to force full pod replacement
[ok] All pods terminated (replicas=0)
[info] Scaling deployment back to 24 replicas
[ok] All pods terminated (replicas=0)
[info] Scaling deployment back to 73 replicas
[ok] Rollout completed after scale-to-zero
[verify] newest RS=newdeploy-ml-image-processing-default-8b22-c7f0f2d6d72b-659db68ccb pods=24 ready=24
[ok] Verified newest ReplicaSet template resources match expected
[ok] Rollout completed after scale-to-zero
[verify] newest RS=newdeploy-ml-object-detection-default-9ecd-2fb10570ca05-7ccb467769 pods=73 ready=73
[ok] Verified newest ReplicaSet template resources match expected
[info] Started Locust with PID 3817103
[info] attempt=1: start sleep for 20s
[info] attempt=1: sleep done
\Start sampling in parallel...
Workflow e2e p99 latency (61 completed in 18.2s, parallel, 8 workers): 3.634s
Average stage latencies:
  - ml-image-processing: 0.276s
  - ml-object-detection: 0.167s
[info] total_requests: 1093
[info] e2e_latency (p99): 2.900 s
[info] energy_j: 8121.467824 J
[info] served_rps: 59.90 req/s
[info]: start_time: 1767841617.931, end_time: 1767841636.131, duration_s: 18.20 s
[info] energy_cost: 7.430437 J/request
[info] average power: 446.234495 W
[info] Locust stopped
================================================================================
objective      : price
resource_config: [{'cpu_m': 328, 'memory_mi': 67}, {'cpu_m': 5761, 'memory_mi': 476}], latencies: {'ml-image-processing': 0.27580494153481283, 'ml-object-detection': 0.16719349576007636}, price_cost: 183.490350, energy_cost: 7.430437, latency_p99 : 2.900000, feasible: True, total_requests: 1093, served_rps: 59.90, total_energy_j: 8121.467824 J, profiling_duration_s: 18.200000s, average_power: 446.234495 W
wall_time_s    : 102.359
================================================================================

Updating function ml-image-processing to cpu: 450m, memory: 67Mi
Updating Deployment resource configuration...

Updating function ml-object-detection to cpu: 2416m, memory: 491Mi
Updating Deployment resource configuration...

[info] Original replicas=24, selector='environmentName=ml-image-processing,environmentNamespace=default,environmentUid=2449fff4-7632-422c-aa00-519fcb194e26,executorType=newdeploy,functionName=ml-image-processing,functionNamespace=default,functionUid=58487e4a-0036-4ccd-8b22-c7f0f2d6d72b'
[info] Original replicas=73, selector='environmentName=yolo,environmentNamespace=default,environmentUid=ced8af41-455b-4081-99aa-1700c0092126,executorType=newdeploy,functionName=ml-object-detection,functionNamespace=default,functionUid=182005a6-ad76-40e9-9ecd-2fb10570ca05'
[ok] Patched Deployment resources
[ok] Patched Deployment resources
[ok] Verified Deployment template resources: requests={'cpu': '300m', 'memory': '50Mi'} limits={'cpu': '450m', 'memory': '67Mi'}
[info] Scaling deployment to 0 replicas to force full pod replacement
[ok] Verified Deployment template resources: requests={'cpu': '1500m', 'memory': '400Mi'} limits={'cpu': '2416m', 'memory': '491Mi'}
[info] Scaling deployment to 0 replicas to force full pod replacement
[ok] All pods terminated (replicas=0)
[info] Scaling deployment back to 24 replicas
[ok] All pods terminated (replicas=0)
[info] Scaling deployment back to 73 replicas
[ok] Rollout completed after scale-to-zero
[verify] newest RS=newdeploy-ml-image-processing-default-8b22-c7f0f2d6d72b-695cbf76fb pods=24 ready=24
[ok] Verified newest ReplicaSet template resources match expected
[ok] Rollout completed after scale-to-zero
[verify] newest RS=newdeploy-ml-object-detection-default-9ecd-2fb10570ca05-d78676569 pods=73 ready=73
[ok] Verified newest ReplicaSet template resources match expected
[info] Started Locust with PID 3827166
[info] attempt=1: start sleep for 20s
[info] attempt=1: sleep done
\Start sampling in parallel...
Workflow e2e p99 latency (38 completed in 17.1s, parallel, 8 workers): 9.000s
Average stage latencies:
  - ml-image-processing: 0.153s
  - ml-object-detection: 0.481s
[info] poll_locust_row: failed to load, try again
[info] poll_locust_row: failed to load, try again
[info] total_requests: 824
[info] e2e_latency (p99): 4.100 s
[info] energy_j: 6200.066648 J
[info] served_rps: 44.40 req/s
[info]: start_time: 1767841714.331, end_time: 1767841731.431, duration_s: 17.10 s
[info] energy_cost: 7.524353 J/request
[info] average power: 362.576999 W
[info] Locust stopped
================================================================================
objective      : price
resource_config: [{'cpu_m': 450, 'memory_mi': 67}, {'cpu_m': 2416, 'memory_mi': 491}], latencies: {'ml-image-processing': 0.15304203755554877, 'ml-object-detection': 0.4814137430096577}, price_cost: 216.163386, energy_cost: 7.524353, latency_p99 : 4.100000, feasible: False, total_requests: 824, served_rps: 44.40, total_energy_j: 6200.066648 J, profiling_duration_s: 17.100000s, average_power: 362.576999 W
wall_time_s    : 96.275
================================================================================

================================================================================

Batch  4: best_feasible_cost (random, qNEI) = (195.21456591273258, 169.47428464628743), best_constraint =  -0.200 (<=0 feasible), time = 303.13.
Best feasible resource configuration: [{'cpu_m': 300, 'memory_mi': 67}, {'cpu_m': 5083, 'memory_mi': 478}]

================================================================================
/home/cc/miniconda3/envs/faas/lib/python3.10/site-packages/botorch/acquisition/monte_carlo.py:502: NumericsWarning: qNoisyExpectedImprovement has known numerical issues that lead to suboptimal optimization performance. It is strongly recommended to simply replace

	 qNoisyExpectedImprovement 	 --> 	 qLogNoisyExpectedImprovement 

instead, which fixes the issues and has the same API. See https://arxiv.org/abs/2310.20708 for details.
  legacy_ei_numerics_warning(legacy_name=type(self).__name__)
Updating function ml-image-processing to cpu: 607m, memory: 60Mi
Updating Deployment resource configuration...

Updating function ml-object-detection to cpu: 4513m, memory: 454Mi
Updating Deployment resource configuration...

[info] Original replicas=24, selector='environmentName=ml-image-processing,environmentNamespace=default,environmentUid=2449fff4-7632-422c-aa00-519fcb194e26,executorType=newdeploy,functionName=ml-image-processing,functionNamespace=default,functionUid=58487e4a-0036-4ccd-8b22-c7f0f2d6d72b'
[info] Original replicas=73, selector='environmentName=yolo,environmentNamespace=default,environmentUid=ced8af41-455b-4081-99aa-1700c0092126,executorType=newdeploy,functionName=ml-object-detection,functionNamespace=default,functionUid=182005a6-ad76-40e9-9ecd-2fb10570ca05'
[ok] Patched Deployment resources
[ok] Patched Deployment resources
[ok] Verified Deployment template resources: requests={'cpu': '300m', 'memory': '50Mi'} limits={'cpu': '607m', 'memory': '60Mi'}
[info] Scaling deployment to 0 replicas to force full pod replacement
[ok] Verified Deployment template resources: requests={'cpu': '1500m', 'memory': '400Mi'} limits={'cpu': '4513m', 'memory': '454Mi'}
[info] Scaling deployment to 0 replicas to force full pod replacement
[ok] All pods terminated (replicas=0)
[info] Scaling deployment back to 24 replicas
[ok] All pods terminated (replicas=0)
[info] Scaling deployment back to 73 replicas
[ok] Deleted HPA newdeploy-ml-object-detection-default-9ecd-2fb10570ca05
[ok] Rollout completed after scale-to-zero
[verify] newest RS=newdeploy-ml-image-processing-default-8b22-c7f0f2d6d72b-5d7d887c66 pods=24 ready=24
[ok] Verified newest ReplicaSet template resources match expected
[ok] Rollout completed after scale-to-zero
[verify] newest RS=newdeploy-ml-object-detection-default-9ecd-2fb10570ca05-6b6c87476b pods=73 ready=73
[ok] Verified newest ReplicaSet template resources match expected
[info] Started Locust with PID 3837337
[info] attempt=1: start sleep for 20s
[info] attempt=1: sleep done
\Start sampling in parallel...
Workflow e2e p99 latency (65 completed in 16.7s, parallel, 8 workers): 9.000s
Average stage latencies:
  - ml-image-processing: 0.140s
  - ml-object-detection: 0.240s
[info] poll_locust_row: failed to load, try again
[info] poll_locust_row: failed to load, try again
[info] total_requests: 1141
[info] e2e_latency (p99): 3.700 s
[info] energy_j: 8033.135601 J
[info] served_rps: 68.30 req/s
[info]: start_time: 1767841816.431, end_time: 1767841833.131, duration_s: 16.70 s
[info] energy_cost: 7.040434 J/request
[info] average power: 481.026083 W
[info] Locust stopped
================================================================================
objective      : price
resource_config: [{'cpu_m': 607, 'memory_mi': 60}, {'cpu_m': 4513, 'memory_mi': 454}], latencies: {'ml-image-processing': 0.13967670877900673, 'ml-object-detection': 0.24010575457214145}, price_cost: 203.573799, energy_cost: 7.040434, latency_p99 : 3.700000, feasible: False, total_requests: 1141, served_rps: 68.30, total_energy_j: 8033.135601 J, profiling_duration_s: 16.700000s, average_power: 481.026083 W
wall_time_s    : 98.779
================================================================================

Updating function ml-image-processing to cpu: 300m, memory: 69Mi
Updating Deployment resource configuration...

Updating function ml-object-detection to cpu: 4779m, memory: 477Mi
Updating Deployment resource configuration...

[info] Original replicas=24, selector='environmentName=ml-image-processing,environmentNamespace=default,environmentUid=2449fff4-7632-422c-aa00-519fcb194e26,executorType=newdeploy,functionName=ml-image-processing,functionNamespace=default,functionUid=58487e4a-0036-4ccd-8b22-c7f0f2d6d72b'
[info] Original replicas=73, selector='environmentName=yolo,environmentNamespace=default,environmentUid=ced8af41-455b-4081-99aa-1700c0092126,executorType=newdeploy,functionName=ml-object-detection,functionNamespace=default,functionUid=182005a6-ad76-40e9-9ecd-2fb10570ca05'
[ok] Patched Deployment resources
[ok] Patched Deployment resources
[ok] Verified Deployment template resources: requests={'cpu': '300m', 'memory': '50Mi'} limits={'cpu': '300m', 'memory': '69Mi'}
[info] Scaling deployment to 0 replicas to force full pod replacement
[ok] Verified Deployment template resources: requests={'cpu': '1500m', 'memory': '400Mi'} limits={'cpu': '4779m', 'memory': '477Mi'}
[info] Scaling deployment to 0 replicas to force full pod replacement
[ok] All pods terminated (replicas=0)
[info] Scaling deployment back to 24 replicas
[ok] All pods terminated (replicas=0)
[info] Scaling deployment back to 73 replicas
[ok] Rollout completed after scale-to-zero
[verify] newest RS=newdeploy-ml-image-processing-default-8b22-c7f0f2d6d72b-bbcb58ff9 pods=24 ready=24
[ok] Verified newest ReplicaSet template resources match expected
[ok] Rollout completed after scale-to-zero
[verify] newest RS=newdeploy-ml-object-detection-default-9ecd-2fb10570ca05-6ddf6955d6 pods=73 ready=73
[ok] Verified newest ReplicaSet template resources match expected
[info] Started Locust with PID 3847319
[info] attempt=1: start sleep for 20s
[info] attempt=1: sleep done
\Start sampling in parallel...
Workflow e2e p99 latency (56 completed in 18.6s, parallel, 8 workers): 3.102s
Average stage latencies:
  - ml-image-processing: 0.323s
  - ml-object-detection: 0.193s
[info] total_requests: 1005
[info] e2e_latency (p99): 3.400 s
[info] energy_j: 8018.764248 J
[info] served_rps: 55.90 req/s
[info]: start_time: 1767841911.831, end_time: 1767841930.331, duration_s: 18.50 s
[info] energy_cost: 7.978870 J/request
[info] average power: 433.446716 W
[info] Locust stopped
================================================================================
objective      : price
resource_config: [{'cpu_m': 300, 'memory_mi': 69}, {'cpu_m': 4779, 'memory_mi': 477}], latencies: {'ml-image-processing': 0.323193012720107, 'ml-object-detection': 0.19319865232267017}, price_cost: 177.911797, energy_cost: 7.978870, latency_p99 : 3.400000, feasible: False, total_requests: 1005, served_rps: 55.90, total_energy_j: 8018.764248 J, profiling_duration_s: 18.500000s, average_power: 433.446716 W
wall_time_s    : 96.218
================================================================================

Updating function ml-image-processing to cpu: 790m, memory: 58Mi
Updating Deployment resource configuration...

Updating function ml-object-detection to cpu: 4936m, memory: 436Mi
Updating Deployment resource configuration...

[info] Original replicas=73, selector='environmentName=yolo,environmentNamespace=default,environmentUid=ced8af41-455b-4081-99aa-1700c0092126,executorType=newdeploy,functionName=ml-object-detection,functionNamespace=default,functionUid=182005a6-ad76-40e9-9ecd-2fb10570ca05'
[info] Original replicas=24, selector='environmentName=ml-image-processing,environmentNamespace=default,environmentUid=2449fff4-7632-422c-aa00-519fcb194e26,executorType=newdeploy,functionName=ml-image-processing,functionNamespace=default,functionUid=58487e4a-0036-4ccd-8b22-c7f0f2d6d72b'
[ok] Patched Deployment resources
[ok] Patched Deployment resources
[ok] Verified Deployment template resources: requests={'cpu': '300m', 'memory': '50Mi'} limits={'cpu': '790m', 'memory': '58Mi'}
[info] Scaling deployment to 0 replicas to force full pod replacement
[ok] Verified Deployment template resources: requests={'cpu': '1500m', 'memory': '400Mi'} limits={'cpu': '4936m', 'memory': '436Mi'}
[info] Scaling deployment to 0 replicas to force full pod replacement
[ok] All pods terminated (replicas=0)
[info] Scaling deployment back to 24 replicas
[ok] All pods terminated (replicas=0)
[info] Scaling deployment back to 73 replicas
[ok] Rollout completed after scale-to-zero
[verify] newest RS=newdeploy-ml-image-processing-default-8b22-c7f0f2d6d72b-55b696698d pods=24 ready=24
[ok] Verified newest ReplicaSet template resources match expected
[ok] Rollout completed after scale-to-zero
[verify] newest RS=newdeploy-ml-object-detection-default-9ecd-2fb10570ca05-69f95db6c9 pods=73 ready=73
[ok] Verified newest ReplicaSet template resources match expected
[info] Started Locust with PID 3857303
[info] attempt=1: start sleep for 20s
[info] attempt=1: sleep done
\Start sampling in parallel...
Workflow e2e p99 latency (65 completed in 16.4s, parallel, 8 workers): 9.000s
Average stage latencies:
  - ml-image-processing: 0.106s
  - ml-object-detection: 0.212s
[info] Locust stopped
[sample_cost][ERROR] attempt=1 hash_id=-2124288868660137244 err=IndexError: single positional indexer is out-of-bounds
Traceback (most recent call last):
  File "/home/cc/uncertain-carbon/aquatope/src/container_resource_manager/bo_utils.py", line 480, in sample_cost
    start_requests = locust_csv_e2e.loc[
  File "/home/cc/miniconda3/envs/faas/lib/python3.10/site-packages/pandas/core/indexing.py", line 1192, in __getitem__
    return self._getitem_axis(maybe_callable, axis=axis)
  File "/home/cc/miniconda3/envs/faas/lib/python3.10/site-packages/pandas/core/indexing.py", line 1753, in _getitem_axis
    self._validate_integer(key, axis)
  File "/home/cc/miniconda3/envs/faas/lib/python3.10/site-packages/pandas/core/indexing.py", line 1686, in _validate_integer
    raise IndexError("single positional indexer is out-of-bounds")
IndexError: single positional indexer is out-of-bounds
[sample_cost] retrying whole workflow in 2.0s...
Updating function ml-image-processing to cpu: 790m, memory: 58Mi
Updating Deployment resource configuration...

Updating function ml-object-detection to cpu: 4936m, memory: 436Mi
Updating Deployment resource configuration...

[info] Original replicas=24, selector='environmentName=ml-image-processing,environmentNamespace=default,environmentUid=2449fff4-7632-422c-aa00-519fcb194e26,executorType=newdeploy,functionName=ml-image-processing,functionNamespace=default,functionUid=58487e4a-0036-4ccd-8b22-c7f0f2d6d72b'
[info] Original replicas=73, selector='environmentName=yolo,environmentNamespace=default,environmentUid=ced8af41-455b-4081-99aa-1700c0092126,executorType=newdeploy,functionName=ml-object-detection,functionNamespace=default,functionUid=182005a6-ad76-40e9-9ecd-2fb10570ca05'
[ok] Patched Deployment resources
[ok] Patched Deployment resources
[ok] Verified Deployment template resources: requests={'cpu': '1500m', 'memory': '400Mi'} limits={'cpu': '4936m', 'memory': '436Mi'}
[info] Scaling deployment to 0 replicas to force full pod replacement
[ok] Verified Deployment template resources: requests={'cpu': '300m', 'memory': '50Mi'} limits={'cpu': '790m', 'memory': '58Mi'}
[info] Scaling deployment to 0 replicas to force full pod replacement
[ok] All pods terminated (replicas=0)
[info] Scaling deployment back to 24 replicas
[ok] Rollout completed after scale-to-zero
[verify] newest RS=newdeploy-ml-image-processing-default-8b22-c7f0f2d6d72b-55b696698d pods=0 ready=0
[ok] Verified newest ReplicaSet template resources match expected
[ok] All pods terminated (replicas=0)
[info] Scaling deployment back to 73 replicas
[ok] Rollout completed after scale-to-zero
[verify] newest RS=newdeploy-ml-object-detection-default-9ecd-2fb10570ca05-69f95db6c9 pods=1 ready=0
[ok] Verified newest ReplicaSet template resources match expected
[info] Started Locust with PID 3860579
[info] attempt=2: start sleep for 20s
[info] attempt=2: sleep done
\Start sampling in parallel...
Workflow e2e p99 latency (16 completed in 15.1s, parallel, 8 workers): 9.000s
[info] total_requests: 410
[info] e2e_latency (p99): 4.700 s
[info] energy_j: 200982.978756 J
[info] served_rps: 26.20 req/s
[info]: start_time: 1767842060.131, end_time: 1767842075.331, duration_s: 15.20 s
[info] energy_cost: 490.202387 J/request
[info] average power: 13222.564350 W
[info] Locust stopped
[sample_cost][ERROR] attempt=2 hash_id=-2124288868660137244 err=ValueError: Function ml-image-processing not in latencies
Traceback (most recent call last):
  File "/home/cc/uncertain-carbon/aquatope/src/container_resource_manager/bo_utils.py", line 515, in sample_cost
    price_cost = calc_cost(
  File "/home/cc/uncertain-carbon/aquatope/src/container_resource_manager/bo_utils.py", line 314, in calc_cost
    raise ValueError(f"Function {fn} not in latencies")
ValueError: Function ml-image-processing not in latencies
[sample_cost][FAILED] retry window exhausted (120.0s). Raising last error.
Traceback (most recent call last):
  File "/home/cc/uncertain-carbon/aquatope/src/container_resource_manager/manager.py", line 127, in <module>
    main()
  File "/home/cc/uncertain-carbon/aquatope/src/container_resource_manager/manager.py", line 91, in main
    best_cost, resource_config = bayesian_optimization.bo_loop(
  File "/home/cc/uncertain-carbon/aquatope/src/container_resource_manager/bayesian_optimization.py", line 469, in bo_loop
    new_x_nei, new_obj_nei, new_con_nei, sample_data = optimize_acqf_and_get_observation(
  File "/home/cc/uncertain-carbon/aquatope/src/container_resource_manager/bayesian_optimization.py", line 213, in optimize_acqf_and_get_observation
    new_obj, new_con, sample_data = eval_obj_con(new_x)
  File "/home/cc/uncertain-carbon/aquatope/src/container_resource_manager/bayesian_optimization.py", line 132, in eval_obj_con
    obj, con, sample_data = sample_cost_duration(X=X)
  File "/home/cc/uncertain-carbon/aquatope/src/container_resource_manager/bo_utils.py", line 652, in sample_cost_duration
    obj, cons, sample_data = sample_cost(x=x)
  File "/home/cc/uncertain-carbon/aquatope/src/container_resource_manager/bo_utils.py", line 515, in sample_cost
    price_cost = calc_cost(
  File "/home/cc/uncertain-carbon/aquatope/src/container_resource_manager/bo_utils.py", line 314, in calc_cost
    raise ValueError(f"Function {fn} not in latencies")
ValueError: Function ml-image-processing not in latencies
========================================
Energy
drwxrwxr-x 2 cc cc   4096 Jan  8 03:14 __pycache__
-rw-rw-r-- 1 cc cc  21743 Jan  8 00:11 bayesian_optimization.py
drwxrwxr-x 2 cc cc   4096 Jan  5 15:43 bo_outputs_copy
-rw-rw-r-- 1 cc cc  22474 Jan  8 02:32 bo_utils.py
-rw-rw-r-- 1 cc cc  12286 Jan  5 01:06 check_result.py
-rw-rw-r-- 1 cc cc   7349 Jan  5 15:31 compute_stat.py
-rw-rw-r-- 1 cc cc   6640 Jan  5 15:43 compute_trade_off.py
-rw-rw-r-- 1 cc cc   1438 Jan  5 14:32 config.py
-rw-rw-r-- 1 cc cc   4370 Jan  8 00:11 manager.py
-rw-rw-r-- 1 cc cc   9045 Dec 16 05:41 original-bayesian_optimization.py
-rw-rw-r-- 1 cc cc  11668 Jan  5 15:23 original_bo_results_price_20260105_051239 copy.json
-rw-rw-r-- 1 cc cc   2423 Jan  3 19:23 pods_mapping.py
-rw-rw-r-- 1 cc cc  21769 Jan  7 06:31 power_service.py
-rw-rw-r-- 1 cc cc   1736 Jan  7 00:16 temp.py

IS_ENERGY: True
[info] batch_size: 3, initial_points: 10, n_batch: 10
No checkpoint found, starting fresh BO run.
Updating function ml-image-processing to cpu: 360m, memory: 69Mi
Updating Deployment resource configuration...

Updating function ml-object-detection to cpu: 3204m, memory: 475Mi
Updating Deployment resource configuration...

[info] Original replicas=24, selector='environmentName=ml-image-processing,environmentNamespace=default,environmentUid=2449fff4-7632-422c-aa00-519fcb194e26,executorType=newdeploy,functionName=ml-image-processing,functionNamespace=default,functionUid=58487e4a-0036-4ccd-8b22-c7f0f2d6d72b'
[info] Original replicas=73, selector='environmentName=yolo,environmentNamespace=default,environmentUid=ced8af41-455b-4081-99aa-1700c0092126,executorType=newdeploy,functionName=ml-object-detection,functionNamespace=default,functionUid=182005a6-ad76-40e9-9ecd-2fb10570ca05'
[ok] Patched Deployment resources
[ok] Patched Deployment resources
[ok] Verified Deployment template resources: requests={'cpu': '1500m', 'memory': '400Mi'} limits={'cpu': '3204m', 'memory': '475Mi'}
[info] Scaling deployment to 0 replicas to force full pod replacement
[ok] Verified Deployment template resources: requests={'cpu': '300m', 'memory': '50Mi'} limits={'cpu': '360m', 'memory': '69Mi'}
[info] Scaling deployment to 0 replicas to force full pod replacement
[ok] All pods terminated (replicas=0)
[info] Scaling deployment back to 24 replicas
[ok] Deleted HPA newdeploy-ml-image-processing-default-8b22-c7f0f2d6d72b
[ok] All pods terminated (replicas=0)
[info] Scaling deployment back to 73 replicas
[ok] Deleted HPA newdeploy-ml-object-detection-default-9ecd-2fb10570ca05
[ok] Deleted HPA newdeploy-ml-object-detection-default-9ecd-2fb10570ca05
[ok] Rollout completed after scale-to-zero
[verify] newest RS=newdeploy-ml-image-processing-default-8b22-c7f0f2d6d72b-797ccc7f67 pods=24 ready=24
[ok] Verified newest ReplicaSet template resources match expected
[ok] Rollout completed after scale-to-zero
[verify] newest RS=newdeploy-ml-object-detection-default-9ecd-2fb10570ca05-5fb55b8ff6 pods=73 ready=73
[ok] Verified newest ReplicaSet template resources match expected
[info] Started Locust with PID 3874209
[info] attempt=1: start sleep for 20s
[info] attempt=1: sleep done
\Start sampling in parallel...
Workflow e2e p99 latency (42 completed in 21.1s, parallel, 8 workers): 9.000s
Average stage latencies:
  - ml-image-processing: 0.237s
  - ml-object-detection: 0.329s
[info] total_requests: 1092
[info] e2e_latency (p99): 5.300 s
[info] energy_j: 8709.988187 J
[info] served_rps: 51.50 req/s
[info]: start_time: 1767842163.631, end_time: 1767842184.831, duration_s: 21.20 s
[info] energy_cost: 7.976180 J/request
[info] average power: 410.848498 W
[info] Locust stopped
================================================================================
objective      : energy
resource_config: [{'cpu_m': 360, 'memory_mi': 69}, {'cpu_m': 3204, 'memory_mi': 475}], latencies: {'ml-image-processing': 0.23694039291876834, 'ml-object-detection': 0.32920662919059396}, price_cost: 199.357730, energy_cost: 7.976180, latency_p99 : 5.300000, feasible: False, total_requests: 1092, served_rps: 51.50, total_energy_j: 8709.988187 J, profiling_duration_s: 21.200000s, average_power: 410.848498 W
wall_time_s    : 106.069
================================================================================

Updating function ml-image-processing to cpu: 613m, memory: 63Mi
Updating Deployment resource configuration...

Updating function ml-object-detection to cpu: 3857m, memory: 489Mi
Updating Deployment resource configuration...

[info] Original replicas=24, selector='environmentName=ml-image-processing,environmentNamespace=default,environmentUid=2449fff4-7632-422c-aa00-519fcb194e26,executorType=newdeploy,functionName=ml-image-processing,functionNamespace=default,functionUid=58487e4a-0036-4ccd-8b22-c7f0f2d6d72b'
[info] Original replicas=73, selector='environmentName=yolo,environmentNamespace=default,environmentUid=ced8af41-455b-4081-99aa-1700c0092126,executorType=newdeploy,functionName=ml-object-detection,functionNamespace=default,functionUid=182005a6-ad76-40e9-9ecd-2fb10570ca05'
[ok] Patched Deployment resources
[ok] Patched Deployment resources
[ok] Verified Deployment template resources: requests={'cpu': '1500m', 'memory': '400Mi'} limits={'cpu': '3857m', 'memory': '489Mi'}
[info] Scaling deployment to 0 replicas to force full pod replacement
[ok] Verified Deployment template resources: requests={'cpu': '300m', 'memory': '50Mi'} limits={'cpu': '613m', 'memory': '63Mi'}
[info] Scaling deployment to 0 replicas to force full pod replacement
[ok] All pods terminated (replicas=0)
[info] Scaling deployment back to 24 replicas
[ok] All pods terminated (replicas=0)
[info] Scaling deployment back to 73 replicas
[ok] Deleted HPA newdeploy-ml-object-detection-default-9ecd-2fb10570ca05
[ok] Rollout completed after scale-to-zero
[verify] newest RS=newdeploy-ml-image-processing-default-8b22-c7f0f2d6d72b-55cc87b86d pods=24 ready=24
[ok] Verified newest ReplicaSet template resources match expected
[ok] Rollout completed after scale-to-zero
[verify] newest RS=newdeploy-ml-object-detection-default-9ecd-2fb10570ca05-9f648449 pods=73 ready=73
[ok] Verified newest ReplicaSet template resources match expected
[info] Started Locust with PID 3884550
[info] attempt=1: start sleep for 20s
[info] attempt=1: sleep done
\Start sampling in parallel...
Workflow e2e p99 latency (64 completed in 16.5s, parallel, 8 workers): 9.000s
Average stage latencies:
  - ml-image-processing: 0.124s
  - ml-object-detection: 0.268s
[info] poll_locust_row: failed to load, try again
[info] poll_locust_row: failed to load, try again
[info] poll_locust_row: failed to load, try again
[info] total_requests: 1128
[info] e2e_latency (p99): 3.800 s
[info] energy_j: 7388.279646 J
[info] served_rps: 62.70 req/s
[info]: start_time: 1767842270.131, end_time: 1767842286.631, duration_s: 16.50 s
[info] energy_cost: 6.549893 J/request
[info] average power: 447.774524 W
[info] Locust stopped
================================================================================
objective      : energy
resource_config: [{'cpu_m': 613, 'memory_mi': 63}, {'cpu_m': 3857, 'memory_mi': 489}], latencies: {'ml-image-processing': 0.12439493050107793, 'ml-object-detection': 0.26777230760443116}, price_cost: 193.572939, energy_cost: 6.549893, latency_p99 : 3.800000, feasible: False, total_requests: 1128, served_rps: 62.70, total_energy_j: 7388.279646 J, profiling_duration_s: 16.500000s, average_power: 447.774524 W
wall_time_s    : 103.373
================================================================================

Updating function ml-image-processing to cpu: 345m, memory: 65Mi
Updating Deployment resource configuration...

Updating function ml-object-detection to cpu: 5855m, memory: 468Mi
Updating Deployment resource configuration...

[info] Original replicas=24, selector='environmentName=ml-image-processing,environmentNamespace=default,environmentUid=2449fff4-7632-422c-aa00-519fcb194e26,executorType=newdeploy,functionName=ml-image-processing,functionNamespace=default,functionUid=58487e4a-0036-4ccd-8b22-c7f0f2d6d72b'
[info] Original replicas=73, selector='environmentName=yolo,environmentNamespace=default,environmentUid=ced8af41-455b-4081-99aa-1700c0092126,executorType=newdeploy,functionName=ml-object-detection,functionNamespace=default,functionUid=182005a6-ad76-40e9-9ecd-2fb10570ca05'
[ok] Patched Deployment resources
[ok] Patched Deployment resources
[ok] Verified Deployment template resources: requests={'cpu': '1500m', 'memory': '400Mi'} limits={'cpu': '5855m', 'memory': '468Mi'}
[info] Scaling deployment to 0 replicas to force full pod replacement
[ok] Verified Deployment template resources: requests={'cpu': '300m', 'memory': '50Mi'} limits={'cpu': '345m', 'memory': '65Mi'}
[info] Scaling deployment to 0 replicas to force full pod replacement
[ok] All pods terminated (replicas=0)
[info] Scaling deployment back to 24 replicas
[ok] All pods terminated (replicas=0)
[info] Scaling deployment back to 73 replicas
[ok] Rollout completed after scale-to-zero
[verify] newest RS=newdeploy-ml-image-processing-default-8b22-c7f0f2d6d72b-577d4576b7 pods=24 ready=24
[ok] Verified newest ReplicaSet template resources match expected
[ok] Rollout completed after scale-to-zero
[verify] newest RS=newdeploy-ml-object-detection-default-9ecd-2fb10570ca05-7cfbb9cfb6 pods=73 ready=73
[ok] Verified newest ReplicaSet template resources match expected
[info] Started Locust with PID 3894646
[info] attempt=1: start sleep for 20s
[info] attempt=1: sleep done
\Start sampling in parallel...
Workflow e2e p99 latency (60 completed in 17.1s, parallel, 8 workers): 2.477s
Average stage latencies:
  - ml-image-processing: 0.270s
  - ml-object-detection: 0.164s
[info] poll_locust_row: failed to load, try again
[info] total_requests: 1111
[info] e2e_latency (p99): 2.700 s
[info] energy_j: 7863.036699 J
[info] served_rps: 61.10 req/s
[info]: start_time: 1767842369.531, end_time: 1767842386.631, duration_s: 17.10 s
[info] energy_cost: 7.077441 J/request
[info] average power: 459.826704 W
[info] Locust stopped
================================================================================
objective      : energy
resource_config: [{'cpu_m': 345, 'memory_mi': 65}, {'cpu_m': 5855, 'memory_mi': 468}], latencies: {'ml-image-processing': 0.2697436259283374, 'ml-object-detection': 0.16368595201832553}, price_cost: 183.057506, energy_cost: 7.077441, latency_p99 : 2.700000, feasible: True, total_requests: 1111, served_rps: 61.10, total_energy_j: 7863.036699 J, profiling_duration_s: 17.100000s, average_power: 459.826704 W
wall_time_s    : 99.017
================================================================================

Updating function ml-image-processing to cpu: 698m, memory: 53Mi
Updating Deployment resource configuration...

Updating function ml-object-detection to cpu: 2748m, memory: 436Mi
Updating Deployment resource configuration...

[info] Original replicas=24, selector='environmentName=ml-image-processing,environmentNamespace=default,environmentUid=2449fff4-7632-422c-aa00-519fcb194e26,executorType=newdeploy,functionName=ml-image-processing,functionNamespace=default,functionUid=58487e4a-0036-4ccd-8b22-c7f0f2d6d72b'
[info] Original replicas=73, selector='environmentName=yolo,environmentNamespace=default,environmentUid=ced8af41-455b-4081-99aa-1700c0092126,executorType=newdeploy,functionName=ml-object-detection,functionNamespace=default,functionUid=182005a6-ad76-40e9-9ecd-2fb10570ca05'
[ok] Patched Deployment resources
[ok] Patched Deployment resources
[ok] Verified Deployment template resources: requests={'cpu': '300m', 'memory': '50Mi'} limits={'cpu': '698m', 'memory': '53Mi'}
[info] Scaling deployment to 0 replicas to force full pod replacement
[ok] Verified Deployment template resources: requests={'cpu': '1500m', 'memory': '400Mi'} limits={'cpu': '2748m', 'memory': '436Mi'}
[info] Scaling deployment to 0 replicas to force full pod replacement
[ok] All pods terminated (replicas=0)
[info] Scaling deployment back to 24 replicas
[ok] All pods terminated (replicas=0)
[info] Scaling deployment back to 73 replicas
[ok] Rollout completed after scale-to-zero
[verify] newest RS=newdeploy-ml-image-processing-default-8b22-c7f0f2d6d72b-59557c5dbd pods=24 ready=24
[ok] Verified newest ReplicaSet template resources match expected
[ok] Rollout completed after scale-to-zero
[verify] newest RS=newdeploy-ml-object-detection-default-9ecd-2fb10570ca05-77c699cf67 pods=73 ready=73
[ok] Verified newest ReplicaSet template resources match expected
[info] Started Locust with PID 3904706
[info] attempt=1: start sleep for 20s
[info] attempt=1: sleep done
\Start sampling in parallel...
Workflow e2e p99 latency (43 completed in 21.9s, parallel, 8 workers): 9.000s
Average stage latencies:
  - ml-image-processing: 0.108s
  - ml-object-detection: 0.411s
[info] poll_locust_row: failed to load, try again
[info] poll_locust_row: failed to load, try again
[info] total_requests: 1101
[info] e2e_latency (p99): 3.800 s
[info] energy_j: 8367.396152 J
[info] served_rps: 50.30 req/s
[info]: start_time: 1767842465.031, end_time: 1767842486.931, duration_s: 21.90 s
[info] energy_cost: 7.599815 J/request
[info] average power: 382.072882 W
[info] Locust stopped
================================================================================
objective      : energy
resource_config: [{'cpu_m': 698, 'memory_mi': 53}, {'cpu_m': 2748, 'memory_mi': 436}], latencies: {'ml-image-processing': 0.1079617369722462, 'ml-object-detection': 0.4107910721478137}, price_cost: 210.601901, energy_cost: 7.599815, latency_p99 : 3.800000, feasible: False, total_requests: 1101, served_rps: 50.30, total_energy_j: 8367.396152 J, profiling_duration_s: 21.900000s, average_power: 382.072882 W
wall_time_s    : 100.766
================================================================================

Updating function ml-image-processing to cpu: 491m, memory: 63Mi
Updating Deployment resource configuration...

Updating function ml-object-detection to cpu: 1751m, memory: 422Mi
Updating Deployment resource configuration...

[info] Original replicas=24, selector='environmentName=ml-image-processing,environmentNamespace=default,environmentUid=2449fff4-7632-422c-aa00-519fcb194e26,executorType=newdeploy,functionName=ml-image-processing,functionNamespace=default,functionUid=58487e4a-0036-4ccd-8b22-c7f0f2d6d72b'
[info] Original replicas=73, selector='environmentName=yolo,environmentNamespace=default,environmentUid=ced8af41-455b-4081-99aa-1700c0092126,executorType=newdeploy,functionName=ml-object-detection,functionNamespace=default,functionUid=182005a6-ad76-40e9-9ecd-2fb10570ca05'
[ok] Patched Deployment resources
[ok] Patched Deployment resources
[ok] Verified Deployment template resources: requests={'cpu': '300m', 'memory': '50Mi'} limits={'cpu': '491m', 'memory': '63Mi'}
[info] Scaling deployment to 0 replicas to force full pod replacement
[ok] Verified Deployment template resources: requests={'cpu': '1500m', 'memory': '400Mi'} limits={'cpu': '1751m', 'memory': '422Mi'}
[info] Scaling deployment to 0 replicas to force full pod replacement
[ok] All pods terminated (replicas=0)
[info] Scaling deployment back to 24 replicas
[ok] All pods terminated (replicas=0)
[info] Scaling deployment back to 73 replicas
[ok] Deleted HPA newdeploy-ml-object-detection-default-9ecd-2fb10570ca05
[ok] Rollout completed after scale-to-zero
[verify] newest RS=newdeploy-ml-image-processing-default-8b22-c7f0f2d6d72b-785fcc6f9b pods=24 ready=24
[ok] Verified newest ReplicaSet template resources match expected
[ok] Rollout completed after scale-to-zero
[verify] newest RS=newdeploy-ml-object-detection-default-9ecd-2fb10570ca05-8455949dd pods=73 ready=73
[ok] Verified newest ReplicaSet template resources match expected
[info] Started Locust with PID 3915241
[info] attempt=1: start sleep for 20s
[info] attempt=1: sleep done
\Start sampling in parallel...
Workflow e2e p99 latency (38 completed in 22.1s, parallel, 8 workers): 9.000s
Average stage latencies:
  - ml-image-processing: 0.129s
  - ml-object-detection: 0.699s
[info] poll_locust_row: failed to load, try again
[info] total_requests: 845
[info] e2e_latency (p99): 4.000 s
[info] energy_j: 7259.377289 J
[info] served_rps: 39.20 req/s
[info]: start_time: 1767842571.631, end_time: 1767842593.831, duration_s: 22.20 s
[info] energy_cost: 8.590979 J/request
[info] average power: 326.998976 W
[info] Locust stopped
================================================================================
objective      : energy
resource_config: [{'cpu_m': 491, 'memory_mi': 63}, {'cpu_m': 1751, 'memory_mi': 422}], latencies: {'ml-image-processing': 0.12916160290370937, 'ml-object-detection': 0.6988350020514594}, price_cost: 226.392030, energy_cost: 8.590979, latency_p99 : 4.000000, feasible: False, total_requests: 845, served_rps: 39.20, total_energy_j: 7259.377289 J, profiling_duration_s: 22.200000s, average_power: 326.998976 W
wall_time_s    : 106.351
================================================================================

Updating function ml-image-processing to cpu: 739m, memory: 65Mi
Updating Deployment resource configuration...

Updating function ml-object-detection to cpu: 2361m, memory: 459Mi
Updating Deployment resource configuration...

[info] Original replicas=24, selector='environmentName=ml-image-processing,environmentNamespace=default,environmentUid=2449fff4-7632-422c-aa00-519fcb194e26,executorType=newdeploy,functionName=ml-image-processing,functionNamespace=default,functionUid=58487e4a-0036-4ccd-8b22-c7f0f2d6d72b'
[info] Original replicas=73, selector='environmentName=yolo,environmentNamespace=default,environmentUid=ced8af41-455b-4081-99aa-1700c0092126,executorType=newdeploy,functionName=ml-object-detection,functionNamespace=default,functionUid=182005a6-ad76-40e9-9ecd-2fb10570ca05'
[ok] Patched Deployment resources
[ok] Patched Deployment resources
[ok] Verified Deployment template resources: requests={'cpu': '1500m', 'memory': '400Mi'} limits={'cpu': '2361m', 'memory': '459Mi'}
[info] Scaling deployment to 0 replicas to force full pod replacement
[ok] Verified Deployment template resources: requests={'cpu': '300m', 'memory': '50Mi'} limits={'cpu': '739m', 'memory': '65Mi'}
[info] Scaling deployment to 0 replicas to force full pod replacement
[ok] All pods terminated (replicas=0)
[info] Scaling deployment back to 24 replicas
[ok] All pods terminated (replicas=0)
[info] Scaling deployment back to 73 replicas
[ok] Deleted HPA newdeploy-ml-object-detection-default-9ecd-2fb10570ca05
[ok] Rollout completed after scale-to-zero
[verify] newest RS=newdeploy-ml-image-processing-default-8b22-c7f0f2d6d72b-865f6b54d9 pods=24 ready=24
[ok] Verified newest ReplicaSet template resources match expected
[ok] Rollout completed after scale-to-zero
[verify] newest RS=newdeploy-ml-object-detection-default-9ecd-2fb10570ca05-7479c86798 pods=73 ready=73
[ok] Verified newest ReplicaSet template resources match expected
[info] Started Locust with PID 3925715
[info] attempt=1: start sleep for 20s
[info] attempt=1: sleep done
\Start sampling in parallel...
Workflow e2e p99 latency (38 completed in 16.8s, parallel, 8 workers): 9.000s
Average stage latencies:
  - ml-image-processing: 0.093s
  - ml-object-detection: 0.482s
[info] poll_locust_row: failed to load, try again
[info] poll_locust_row: failed to load, try again
[info] total_requests: 788
[info] e2e_latency (p99): 3.800 s
[info] energy_j: 5986.776659 J
[info] served_rps: 43.70 req/s
[info]: start_time: 1767842671.731, end_time: 1767842688.431, duration_s: 16.70 s
[info] energy_cost: 7.597432 J/request
[info] average power: 358.489619 W
[info] Locust stopped
================================================================================
objective      : energy
resource_config: [{'cpu_m': 739, 'memory_mi': 65}, {'cpu_m': 2361, 'memory_mi': 459}], latencies: {'ml-image-processing': 0.09272530614570887, 'ml-object-detection': 0.4821512952481431}, price_cost: 211.587011, energy_cost: 7.597432, latency_p99 : 3.800000, feasible: False, total_requests: 788, served_rps: 43.70, total_energy_j: 5986.776659 J, profiling_duration_s: 16.700000s, average_power: 358.489619 W
wall_time_s    : 95.204
================================================================================

Updating function ml-image-processing to cpu: 624m, memory: 65Mi
Updating Deployment resource configuration...

Updating function ml-object-detection to cpu: 3485m, memory: 436Mi
Updating Deployment resource configuration...

[info] Original replicas=24, selector='environmentName=ml-image-processing,environmentNamespace=default,environmentUid=2449fff4-7632-422c-aa00-519fcb194e26,executorType=newdeploy,functionName=ml-image-processing,functionNamespace=default,functionUid=58487e4a-0036-4ccd-8b22-c7f0f2d6d72b'
[info] Original replicas=73, selector='environmentName=yolo,environmentNamespace=default,environmentUid=ced8af41-455b-4081-99aa-1700c0092126,executorType=newdeploy,functionName=ml-object-detection,functionNamespace=default,functionUid=182005a6-ad76-40e9-9ecd-2fb10570ca05'
[ok] Patched Deployment resources
[ok] Patched Deployment resources
[ok] Verified Deployment template resources: requests={'cpu': '1500m', 'memory': '400Mi'} limits={'cpu': '3485m', 'memory': '436Mi'}
[info] Scaling deployment to 0 replicas to force full pod replacement
[ok] Verified Deployment template resources: requests={'cpu': '300m', 'memory': '50Mi'} limits={'cpu': '624m', 'memory': '65Mi'}
[info] Scaling deployment to 0 replicas to force full pod replacement
[ok] All pods terminated (replicas=0)
[info] Scaling deployment back to 24 replicas
[ok] All pods terminated (replicas=0)
[info] Scaling deployment back to 73 replicas
[ok] Deleted HPA newdeploy-ml-object-detection-default-9ecd-2fb10570ca05
[ok] Rollout completed after scale-to-zero
[verify] newest RS=newdeploy-ml-image-processing-default-8b22-c7f0f2d6d72b-86655c8df9 pods=24 ready=24
[ok] Verified newest ReplicaSet template resources match expected
[ok] Rollout completed after scale-to-zero
[verify] newest RS=newdeploy-ml-object-detection-default-9ecd-2fb10570ca05-75f46bb65f pods=73 ready=73
[ok] Verified newest ReplicaSet template resources match expected
[info] Started Locust with PID 3935742
[info] attempt=1: start sleep for 20s
[info] attempt=1: sleep done
\Start sampling in parallel...
Workflow e2e p99 latency (47 completed in 21.3s, parallel, 8 workers): 9.000s
Average stage latencies:
  - ml-image-processing: 0.112s
  - ml-object-detection: 0.294s
[info] poll_locust_row: failed to load, try again
[info] poll_locust_row: failed to load, try again
[info] poll_locust_row: failed to load, try again
[info] total_requests: 1252
[info] e2e_latency (p99): 3.800 s
[info] energy_j: 9128.485598 J
[info] served_rps: 59.30 req/s
[info]: start_time: 1767842774.131, end_time: 1767842795.431, duration_s: 21.30 s
[info] energy_cost: 7.291123 J/request
[info] average power: 428.567400 W
[info] Locust stopped
================================================================================
objective      : energy
resource_config: [{'cpu_m': 624, 'memory_mi': 65}, {'cpu_m': 3485, 'memory_mi': 436}], latencies: {'ml-image-processing': 0.11244313664630884, 'ml-object-detection': 0.2944681145923419}, price_cost: 191.343832, energy_cost: 7.291123, latency_p99 : 3.800000, feasible: False, total_requests: 1252, served_rps: 59.30, total_energy_j: 9128.485598 J, profiling_duration_s: 21.300000s, average_power: 428.567400 W
wall_time_s    : 107.471
================================================================================

Updating function ml-image-processing to cpu: 638m, memory: 57Mi
Updating Deployment resource configuration...

Updating function ml-object-detection to cpu: 4904m, memory: 509Mi
Updating Deployment resource configuration...

[info] Original replicas=73, selector='environmentName=yolo,environmentNamespace=default,environmentUid=ced8af41-455b-4081-99aa-1700c0092126,executorType=newdeploy,functionName=ml-object-detection,functionNamespace=default,functionUid=182005a6-ad76-40e9-9ecd-2fb10570ca05'
[info] Original replicas=24, selector='environmentName=ml-image-processing,environmentNamespace=default,environmentUid=2449fff4-7632-422c-aa00-519fcb194e26,executorType=newdeploy,functionName=ml-image-processing,functionNamespace=default,functionUid=58487e4a-0036-4ccd-8b22-c7f0f2d6d72b'
[ok] Patched Deployment resources
[ok] Patched Deployment resources
[ok] Verified Deployment template resources: requests={'cpu': '1500m', 'memory': '400Mi'} limits={'cpu': '4904m', 'memory': '509Mi'}
[info] Scaling deployment to 0 replicas to force full pod replacement
[ok] Verified Deployment template resources: requests={'cpu': '300m', 'memory': '50Mi'} limits={'cpu': '638m', 'memory': '57Mi'}
[info] Scaling deployment to 0 replicas to force full pod replacement
[ok] All pods terminated (replicas=0)
[info] Scaling deployment back to 24 replicas
[ok] All pods terminated (replicas=0)
[info] Scaling deployment back to 73 replicas
[ok] Deleted HPA newdeploy-ml-object-detection-default-9ecd-2fb10570ca05
[ok] Rollout completed after scale-to-zero
[verify] newest RS=newdeploy-ml-image-processing-default-8b22-c7f0f2d6d72b-778944477f pods=24 ready=24
[ok] Verified newest ReplicaSet template resources match expected
[ok] Rollout completed after scale-to-zero
[verify] newest RS=newdeploy-ml-object-detection-default-9ecd-2fb10570ca05-9dc7b49c9 pods=73 ready=73
[ok] Verified newest ReplicaSet template resources match expected
[info] Started Locust with PID 3945708
[info] attempt=1: start sleep for 20s
[info] attempt=1: sleep done
\Start sampling in parallel...
Workflow e2e p99 latency (68 completed in 18.9s, parallel, 8 workers): 9.000s
Average stage latencies:
  - ml-image-processing: 0.139s
  - ml-object-detection: 0.226s
[info] total_requests: 1462
[info] e2e_latency (p99): 3.700 s
[info] energy_j: 9189.628183 J
[info] served_rps: 69.90 req/s
[info]: start_time: 1767842874.131, end_time: 1767842893.031, duration_s: 18.90 s
[info] energy_cost: 6.285655 J/request
[info] average power: 486.223717 W
[info] Locust stopped
================================================================================
objective      : energy
resource_config: [{'cpu_m': 638, 'memory_mi': 57}, {'cpu_m': 4904, 'memory_mi': 509}], latencies: {'ml-image-processing': 0.13894163773423343, 'ml-object-detection': 0.22616802373985676}, price_cost: 208.728068, energy_cost: 6.285655, latency_p99 : 3.700000, feasible: False, total_requests: 1462, served_rps: 69.90, total_energy_j: 9189.628183 J, profiling_duration_s: 18.900000s, average_power: 486.223717 W
wall_time_s    : 96.050
================================================================================

Updating function ml-image-processing to cpu: 751m, memory: 64Mi
Updating Deployment resource configuration...

Updating function ml-object-detection to cpu: 3518m, memory: 491Mi
Updating Deployment resource configuration...

[info] Original replicas=24, selector='environmentName=ml-image-processing,environmentNamespace=default,environmentUid=2449fff4-7632-422c-aa00-519fcb194e26,executorType=newdeploy,functionName=ml-image-processing,functionNamespace=default,functionUid=58487e4a-0036-4ccd-8b22-c7f0f2d6d72b'
[info] Original replicas=73, selector='environmentName=yolo,environmentNamespace=default,environmentUid=ced8af41-455b-4081-99aa-1700c0092126,executorType=newdeploy,functionName=ml-object-detection,functionNamespace=default,functionUid=182005a6-ad76-40e9-9ecd-2fb10570ca05'
[ok] Patched Deployment resources
[ok] Patched Deployment resources
[ok] Verified Deployment template resources: requests={'cpu': '300m', 'memory': '50Mi'} limits={'cpu': '751m', 'memory': '64Mi'}
[info] Scaling deployment to 0 replicas to force full pod replacement
[ok] Verified Deployment template resources: requests={'cpu': '1500m', 'memory': '400Mi'} limits={'cpu': '3518m', 'memory': '491Mi'}
[info] Scaling deployment to 0 replicas to force full pod replacement
[ok] All pods terminated (replicas=0)
[info] Scaling deployment back to 24 replicas
[ok] All pods terminated (replicas=0)
[info] Scaling deployment back to 73 replicas
[ok] Rollout completed after scale-to-zero
[verify] newest RS=newdeploy-ml-image-processing-default-8b22-c7f0f2d6d72b-c8b986cc5 pods=24 ready=24
[ok] Verified newest ReplicaSet template resources match expected
[ok] Rollout completed after scale-to-zero
[verify] newest RS=newdeploy-ml-object-detection-default-9ecd-2fb10570ca05-74cb98f997 pods=73 ready=73
[ok] Verified newest ReplicaSet template resources match expected
[info] Started Locust with PID 3955352
[info] attempt=1: start sleep for 20s
[info] attempt=1: sleep done
\Start sampling in parallel...
Workflow e2e p99 latency (54 completed in 21.8s, parallel, 8 workers): 9.000s
Average stage latencies:
  - ml-image-processing: 0.103s
  - ml-object-detection: 0.290s
[info] poll_locust_row: failed to load, try again
[info] poll_locust_row: failed to load, try again
[info] total_requests: 1297
[info] e2e_latency (p99): 3.800 s
[info] energy_j: 9478.251409 J
[info] served_rps: 61.70 req/s
[info]: start_time: 1767842973.431, end_time: 1767842995.231, duration_s: 21.80 s
[info] energy_cost: 7.307827 J/request
[info] average power: 434.782176 W
[info] Locust stopped
================================================================================
objective      : energy
resource_config: [{'cpu_m': 751, 'memory_mi': 64}, {'cpu_m': 3518, 'memory_mi': 491}], latencies: {'ml-image-processing': 0.10270156205186377, 'ml-object-detection': 0.28974383371963125}, price_cost: 191.516145, energy_cost: 7.307827, latency_p99 : 3.800000, feasible: False, total_requests: 1297, served_rps: 61.70, total_energy_j: 9478.251409 J, profiling_duration_s: 21.800000s, average_power: 434.782176 W
wall_time_s    : 103.161
================================================================================

Updating function ml-image-processing to cpu: 622m, memory: 64Mi
Updating Deployment resource configuration...

Updating function ml-object-detection to cpu: 3107m, memory: 500Mi
Updating Deployment resource configuration...

[info] Original replicas=24, selector='environmentName=ml-image-processing,environmentNamespace=default,environmentUid=2449fff4-7632-422c-aa00-519fcb194e26,executorType=newdeploy,functionName=ml-image-processing,functionNamespace=default,functionUid=58487e4a-0036-4ccd-8b22-c7f0f2d6d72b'
[info] Original replicas=73, selector='environmentName=yolo,environmentNamespace=default,environmentUid=ced8af41-455b-4081-99aa-1700c0092126,executorType=newdeploy,functionName=ml-object-detection,functionNamespace=default,functionUid=182005a6-ad76-40e9-9ecd-2fb10570ca05'
[ok] Patched Deployment resources
[ok] Patched Deployment resources
[ok] Verified Deployment template resources: requests={'cpu': '300m', 'memory': '50Mi'} limits={'cpu': '622m', 'memory': '64Mi'}
[info] Scaling deployment to 0 replicas to force full pod replacement
[ok] Verified Deployment template resources: requests={'cpu': '1500m', 'memory': '400Mi'} limits={'cpu': '3107m', 'memory': '500Mi'}
[info] Scaling deployment to 0 replicas to force full pod replacement
[ok] All pods terminated (replicas=0)
[info] Scaling deployment back to 24 replicas
[ok] All pods terminated (replicas=0)
[info] Scaling deployment back to 73 replicas
[ok] Deleted HPA newdeploy-ml-object-detection-default-9ecd-2fb10570ca05
[ok] Rollout completed after scale-to-zero
[verify] newest RS=newdeploy-ml-image-processing-default-8b22-c7f0f2d6d72b-5485d885c pods=24 ready=24
[ok] Verified newest ReplicaSet template resources match expected
[ok] Rollout completed after scale-to-zero
[verify] newest RS=newdeploy-ml-object-detection-default-9ecd-2fb10570ca05-6f8c5c7c49 pods=73 ready=73
[ok] Verified newest ReplicaSet template resources match expected
[info] Started Locust with PID 3965633
[info] attempt=1: start sleep for 20s
[info] attempt=1: sleep done
\Start sampling in parallel...
Workflow e2e p99 latency (47 completed in 20.9s, parallel, 8 workers): 9.000s
Average stage latencies:
  - ml-image-processing: 0.114s
  - ml-object-detection: 0.345s
[info] total_requests: 1168
[info] e2e_latency (p99): 3.800 s
[info] energy_j: 8432.902276 J
[info] served_rps: 54.30 req/s
[info]: start_time: 1767843078.831, end_time: 1767843099.631, duration_s: 20.80 s
[info] energy_cost: 7.219951 J/request
[info] average power: 405.427995 W
[info] Locust stopped
================================================================================
objective      : energy
resource_config: [{'cpu_m': 622, 'memory_mi': 64}, {'cpu_m': 3107, 'memory_mi': 500}], latencies: {'ml-image-processing': 0.11378416298937641, 'ml-object-detection': 0.3451429737462221}, price_cost: 199.974204, energy_cost: 7.219951, latency_p99 : 3.800000, feasible: False, total_requests: 1168, served_rps: 54.30, total_energy_j: 8432.902276 J, profiling_duration_s: 20.800000s, average_power: 405.427995 W
wall_time_s    : 103.504
================================================================================

Starting fresh (no checkpoint at bo_model_energy_20260108_031442.pt).
  initial_points = 10
  running_batches = 10
  initial_best_feasible_cost = 7.077440773177318
  initial_best_constraint = -0.300
  initial_best_resource_config = [{'cpu_m': 345, 'memory_mi': 65}, {'cpu_m': 5855, 'memory_mi': 468}]
  time_taken_for_init = 1021.02 seconds
/home/cc/miniconda3/envs/faas/lib/python3.10/site-packages/botorch/acquisition/monte_carlo.py:502: NumericsWarning: qNoisyExpectedImprovement has known numerical issues that lead to suboptimal optimization performance. It is strongly recommended to simply replace

	 qNoisyExpectedImprovement 	 --> 	 qLogNoisyExpectedImprovement 

instead, which fixes the issues and has the same API. See https://arxiv.org/abs/2310.20708 for details.
  legacy_ei_numerics_warning(legacy_name=type(self).__name__)
Updating function ml-image-processing to cpu: 432m, memory: 63Mi
Updating Deployment resource configuration...

Updating function ml-object-detection to cpu: 5802m, memory: 498Mi
Updating Deployment resource configuration...

[info] Original replicas=73, selector='environmentName=yolo,environmentNamespace=default,environmentUid=ced8af41-455b-4081-99aa-1700c0092126,executorType=newdeploy,functionName=ml-object-detection,functionNamespace=default,functionUid=182005a6-ad76-40e9-9ecd-2fb10570ca05'
[info] Original replicas=24, selector='environmentName=ml-image-processing,environmentNamespace=default,environmentUid=2449fff4-7632-422c-aa00-519fcb194e26,executorType=newdeploy,functionName=ml-image-processing,functionNamespace=default,functionUid=58487e4a-0036-4ccd-8b22-c7f0f2d6d72b'
[ok] Patched Deployment resources
[ok] Patched Deployment resources
[ok] Verified Deployment template resources: requests={'cpu': '1500m', 'memory': '400Mi'} limits={'cpu': '5802m', 'memory': '498Mi'}
[info] Scaling deployment to 0 replicas to force full pod replacement
[ok] Verified Deployment template resources: requests={'cpu': '300m', 'memory': '50Mi'} limits={'cpu': '432m', 'memory': '63Mi'}
[info] Scaling deployment to 0 replicas to force full pod replacement
[ok] All pods terminated (replicas=0)
[info] Scaling deployment back to 24 replicas
[ok] All pods terminated (replicas=0)
[info] Scaling deployment back to 73 replicas
[ok] Deleted HPA newdeploy-ml-object-detection-default-9ecd-2fb10570ca05
[ok] Rollout completed after scale-to-zero
[verify] newest RS=newdeploy-ml-image-processing-default-8b22-c7f0f2d6d72b-8d985df5d pods=24 ready=24
[ok] Verified newest ReplicaSet template resources match expected
[ok] Rollout completed after scale-to-zero
[verify] newest RS=newdeploy-ml-object-detection-default-9ecd-2fb10570ca05-69849b6d9c pods=73 ready=73
[ok] Verified newest ReplicaSet template resources match expected
[info] Started Locust with PID 3976201
[info] attempt=1: start sleep for 20s
[info] attempt=1: sleep done
\Start sampling in parallel...
Workflow e2e p99 latency (65 completed in 17.0s, parallel, 8 workers): 2.796s
Average stage latencies:
  - ml-image-processing: 0.209s
  - ml-object-detection: 0.188s
[info] poll_locust_row: failed to load, try again
[info] total_requests: 1225
[info] e2e_latency (p99): 2.600 s
[info] energy_j: 8254.195236 J
[info] served_rps: 68.20 req/s
[info]: start_time: 1767843186.431, end_time: 1767843203.431, duration_s: 17.00 s
[info] energy_cost: 6.738119 J/request
[info] average power: 485.540896 W
[info] Locust stopped
================================================================================
objective      : energy
resource_config: [{'cpu_m': 432, 'memory_mi': 63}, {'cpu_m': 5802, 'memory_mi': 498}], latencies: {'ml-image-processing': 0.20874738334319912, 'ml-object-detection': 0.18820056310639932}, price_cost: 205.821069, energy_cost: 6.738119, latency_p99 : 2.600000, feasible: True, total_requests: 1225, served_rps: 68.20, total_energy_j: 8254.195236 J, profiling_duration_s: 17.000000s, average_power: 485.540896 W
wall_time_s    : 98.248
================================================================================

Updating function ml-image-processing to cpu: 532m, memory: 70Mi
Updating Deployment resource configuration...

Updating function ml-object-detection to cpu: 5253m, memory: 499Mi
Updating Deployment resource configuration...

[info] Original replicas=24, selector='environmentName=ml-image-processing,environmentNamespace=default,environmentUid=2449fff4-7632-422c-aa00-519fcb194e26,executorType=newdeploy,functionName=ml-image-processing,functionNamespace=default,functionUid=58487e4a-0036-4ccd-8b22-c7f0f2d6d72b'
[info] Original replicas=73, selector='environmentName=yolo,environmentNamespace=default,environmentUid=ced8af41-455b-4081-99aa-1700c0092126,executorType=newdeploy,functionName=ml-object-detection,functionNamespace=default,functionUid=182005a6-ad76-40e9-9ecd-2fb10570ca05'
[ok] Patched Deployment resources
[ok] Patched Deployment resources
[ok] Verified Deployment template resources: requests={'cpu': '1500m', 'memory': '400Mi'} limits={'cpu': '5253m', 'memory': '499Mi'}
[info] Scaling deployment to 0 replicas to force full pod replacement
[ok] Verified Deployment template resources: requests={'cpu': '300m', 'memory': '50Mi'} limits={'cpu': '532m', 'memory': '70Mi'}
[info] Scaling deployment to 0 replicas to force full pod replacement
[ok] All pods terminated (replicas=0)
[info] Scaling deployment back to 24 replicas
[ok] All pods terminated (replicas=0)
[info] Scaling deployment back to 73 replicas
[ok] Rollout completed after scale-to-zero
[verify] newest RS=newdeploy-ml-image-processing-default-8b22-c7f0f2d6d72b-586f4d7495 pods=24 ready=24
[ok] Verified newest ReplicaSet template resources match expected
[ok] Rollout completed after scale-to-zero
[verify] newest RS=newdeploy-ml-object-detection-default-9ecd-2fb10570ca05-f78489cf5 pods=73 ready=73
[ok] Verified newest ReplicaSet template resources match expected
[info] Started Locust with PID 3986106
[info] attempt=1: start sleep for 20s
[info] attempt=1: sleep done
\Start sampling in parallel...
Workflow e2e p99 latency (69 completed in 16.6s, parallel, 8 workers): 2.276s
Average stage latencies:
  - ml-image-processing: 0.166s
  - ml-object-detection: 0.216s
[info] poll_locust_row: failed to load, try again
[info] poll_locust_row: failed to load, try again
[info] total_requests: 1284
[info] e2e_latency (p99): 1.800 s
[info] energy_j: 8223.526378 J
[info] served_rps: 70.90 req/s
[info]: start_time: 1767843283.831, end_time: 1767843300.431, duration_s: 16.60 s
[info] energy_cost: 6.404616 J/request
[info] average power: 495.393158 W
[info] Locust stopped
================================================================================
objective      : energy
resource_config: [{'cpu_m': 532, 'memory_mi': 70}, {'cpu_m': 5253, 'memory_mi': 499}], latencies: {'ml-image-processing': 0.16602673015786687, 'ml-object-detection': 0.21588175301102625}, price_cost: 212.935047, energy_cost: 6.404616, latency_p99 : 1.800000, feasible: True, total_requests: 1284, served_rps: 70.90, total_energy_j: 8223.526378 J, profiling_duration_s: 16.600000s, average_power: 495.393158 W
wall_time_s    : 97.552
================================================================================

Updating function ml-image-processing to cpu: 500m, memory: 59Mi
Updating Deployment resource configuration...

Updating function ml-object-detection to cpu: 5446m, memory: 506Mi
Updating Deployment resource configuration...

[info] Original replicas=24, selector='environmentName=ml-image-processing,environmentNamespace=default,environmentUid=2449fff4-7632-422c-aa00-519fcb194e26,executorType=newdeploy,functionName=ml-image-processing,functionNamespace=default,functionUid=58487e4a-0036-4ccd-8b22-c7f0f2d6d72b'
[info] Original replicas=73, selector='environmentName=yolo,environmentNamespace=default,environmentUid=ced8af41-455b-4081-99aa-1700c0092126,executorType=newdeploy,functionName=ml-object-detection,functionNamespace=default,functionUid=182005a6-ad76-40e9-9ecd-2fb10570ca05'
[ok] Patched Deployment resources
[ok] Patched Deployment resources
[ok] Verified Deployment template resources: requests={'cpu': '300m', 'memory': '50Mi'} limits={'cpu': '500m', 'memory': '59Mi'}
[info] Scaling deployment to 0 replicas to force full pod replacement
[ok] Verified Deployment template resources: requests={'cpu': '1500m', 'memory': '400Mi'} limits={'cpu': '5446m', 'memory': '506Mi'}
[info] Scaling deployment to 0 replicas to force full pod replacement
[ok] All pods terminated (replicas=0)
[info] Scaling deployment back to 24 replicas
[ok] All pods terminated (replicas=0)
[info] Scaling deployment back to 73 replicas
[ok] Rollout completed after scale-to-zero
[verify] newest RS=newdeploy-ml-image-processing-default-8b22-c7f0f2d6d72b-7568b5c4dd pods=24 ready=24
[ok] Verified newest ReplicaSet template resources match expected
[ok] Rollout completed after scale-to-zero
[verify] newest RS=newdeploy-ml-object-detection-default-9ecd-2fb10570ca05-7ff4499c4b pods=73 ready=73
[ok] Verified newest ReplicaSet template resources match expected
[info] Started Locust with PID 3996146
[info] attempt=1: start sleep for 20s
[info] attempt=1: sleep done
\Start sampling in parallel...
Workflow e2e p99 latency (68 completed in 17.4s, parallel, 8 workers): 2.413s
Average stage latencies:
  - ml-image-processing: 0.192s
  - ml-object-detection: 0.200s
[info] poll_locust_row: failed to load, try again
[info] total_requests: 1238
[info] e2e_latency (p99): 1.700 s
[info] energy_j: 8503.872026 J
[info] served_rps: 69.40 req/s
[info]: start_time: 1767843387.531, end_time: 1767843405.031, duration_s: 17.50 s
[info] energy_cost: 6.869040 J/request
[info] average power: 485.935544 W
[info] Locust stopped
================================================================================
objective      : energy
resource_config: [{'cpu_m': 500, 'memory_mi': 59}, {'cpu_m': 5446, 'memory_mi': 506}], latencies: {'ml-image-processing': 0.19192059957148397, 'ml-object-detection': 0.2001711427617599}, price_cost: 206.579077, energy_cost: 6.869040, latency_p99 : 1.700000, feasible: True, total_requests: 1238, served_rps: 69.40, total_energy_j: 8503.872026 J, profiling_duration_s: 17.500000s, average_power: 485.935544 W
wall_time_s    : 104.111
================================================================================

================================================================================

Batch  1: best_feasible_cost (random, qNEI) = (7.077440773177318, 6.404615559190032), best_constraint =  -1.200 (<=0 feasible), time = 305.82.
Best feasible resource configuration: [{'cpu_m': 532, 'memory_mi': 70}, {'cpu_m': 5253, 'memory_mi': 499}]

================================================================================
/home/cc/miniconda3/envs/faas/lib/python3.10/site-packages/botorch/acquisition/monte_carlo.py:502: NumericsWarning: qNoisyExpectedImprovement has known numerical issues that lead to suboptimal optimization performance. It is strongly recommended to simply replace

	 qNoisyExpectedImprovement 	 --> 	 qLogNoisyExpectedImprovement 

instead, which fixes the issues and has the same API. See https://arxiv.org/abs/2310.20708 for details.
  legacy_ei_numerics_warning(legacy_name=type(self).__name__)
Updating function ml-image-processing to cpu: 579m, memory: 70Mi
Updating Deployment resource configuration...

Updating function ml-object-detection to cpu: 4846m, memory: 512Mi
Updating Deployment resource configuration...

[info] Original replicas=24, selector='environmentName=ml-image-processing,environmentNamespace=default,environmentUid=2449fff4-7632-422c-aa00-519fcb194e26,executorType=newdeploy,functionName=ml-image-processing,functionNamespace=default,functionUid=58487e4a-0036-4ccd-8b22-c7f0f2d6d72b'
[info] Original replicas=73, selector='environmentName=yolo,environmentNamespace=default,environmentUid=ced8af41-455b-4081-99aa-1700c0092126,executorType=newdeploy,functionName=ml-object-detection,functionNamespace=default,functionUid=182005a6-ad76-40e9-9ecd-2fb10570ca05'
[ok] Patched Deployment resources
[ok] Patched Deployment resources
[ok] Verified Deployment template resources: requests={'cpu': '300m', 'memory': '50Mi'} limits={'cpu': '579m', 'memory': '70Mi'}
[info] Scaling deployment to 0 replicas to force full pod replacement
[ok] Verified Deployment template resources: requests={'cpu': '1500m', 'memory': '400Mi'} limits={'cpu': '4846m', 'memory': '512Mi'}
[info] Scaling deployment to 0 replicas to force full pod replacement
[ok] All pods terminated (replicas=0)
[info] Scaling deployment back to 24 replicas
[ok] All pods terminated (replicas=0)
[info] Scaling deployment back to 73 replicas
[ok] Rollout completed after scale-to-zero
[verify] newest RS=newdeploy-ml-image-processing-default-8b22-c7f0f2d6d72b-55dc4bb8f pods=24 ready=24
[ok] Verified newest ReplicaSet template resources match expected
[ok] Rollout completed after scale-to-zero
[verify] newest RS=newdeploy-ml-object-detection-default-9ecd-2fb10570ca05-76cdbfdcc6 pods=73 ready=73
[ok] Verified newest ReplicaSet template resources match expected
[info] Started Locust with PID 4005936
[info] attempt=1: start sleep for 20s
[info] attempt=1: sleep done
\Start sampling in parallel...
Workflow e2e p99 latency (60 completed in 16.5s, parallel, 8 workers): 9.000s
Average stage latencies:
  - ml-image-processing: 0.142s
  - ml-object-detection: 0.233s
[info] poll_locust_row: failed to load, try again
[info] poll_locust_row: failed to load, try again
[info] poll_locust_row: failed to load, try again
[info] total_requests: 1248
[info] e2e_latency (p99): 3.500 s
[info] energy_j: 7971.033239 J
[info] served_rps: 69.10 req/s
[info]: start_time: 1767843484.431, end_time: 1767843500.831, duration_s: 16.40 s
[info] energy_cost: 6.387046 J/request
[info] average power: 486.038609 W
[info] Locust stopped
================================================================================
objective      : energy
resource_config: [{'cpu_m': 579, 'memory_mi': 70}, {'cpu_m': 4846, 'memory_mi': 512}], latencies: {'ml-image-processing': 0.1421028711310212, 'ml-object-detection': 0.23288747387235625}, price_cost: 211.066078, energy_cost: 6.387046, latency_p99 : 3.500000, feasible: False, total_requests: 1248, served_rps: 69.10, total_energy_j: 7971.033239 J, profiling_duration_s: 16.400000s, average_power: 486.038609 W
wall_time_s    : 93.336
================================================================================

Updating function ml-image-processing to cpu: 592m, memory: 70Mi
Updating Deployment resource configuration...

Updating function ml-object-detection to cpu: 5085m, memory: 474Mi
Updating Deployment resource configuration...

[info] Original replicas=24, selector='environmentName=ml-image-processing,environmentNamespace=default,environmentUid=2449fff4-7632-422c-aa00-519fcb194e26,executorType=newdeploy,functionName=ml-image-processing,functionNamespace=default,functionUid=58487e4a-0036-4ccd-8b22-c7f0f2d6d72b'
[info] Original replicas=73, selector='environmentName=yolo,environmentNamespace=default,environmentUid=ced8af41-455b-4081-99aa-1700c0092126,executorType=newdeploy,functionName=ml-object-detection,functionNamespace=default,functionUid=182005a6-ad76-40e9-9ecd-2fb10570ca05'
[ok] Patched Deployment resources
[ok] Patched Deployment resources
[ok] Verified Deployment template resources: requests={'cpu': '300m', 'memory': '50Mi'} limits={'cpu': '592m', 'memory': '70Mi'}
[info] Scaling deployment to 0 replicas to force full pod replacement
[ok] Verified Deployment template resources: requests={'cpu': '1500m', 'memory': '400Mi'} limits={'cpu': '5085m', 'memory': '474Mi'}
[info] Scaling deployment to 0 replicas to force full pod replacement
[ok] All pods terminated (replicas=0)
[info] Scaling deployment back to 24 replicas
[ok] All pods terminated (replicas=0)
[info] Scaling deployment back to 73 replicas
[ok] Rollout completed after scale-to-zero
[verify] newest RS=newdeploy-ml-image-processing-default-8b22-c7f0f2d6d72b-6fbc4d568c pods=24 ready=24
[ok] Verified newest ReplicaSet template resources match expected
[ok] Rollout completed after scale-to-zero
[verify] newest RS=newdeploy-ml-object-detection-default-9ecd-2fb10570ca05-964b46647 pods=73 ready=73
[ok] Verified newest ReplicaSet template resources match expected
[info] Started Locust with PID 4015666
[info] attempt=1: start sleep for 20s
[info] attempt=1: sleep done
\Start sampling in parallel...
Workflow e2e p99 latency (63 completed in 16.1s, parallel, 8 workers): 9.000s
Average stage latencies:
  - ml-image-processing: 0.141s
  - ml-object-detection: 0.219s
[info] poll_locust_row: failed to load, try again
[info] poll_locust_row: failed to load, try again
[info] poll_locust_row: failed to load, try again
[info] poll_locust_row: failed to load, try again
[info] total_requests: 1280
[info] e2e_latency (p99): 2.100 s
[info] energy_j: 7959.626748 J
[info] served_rps: 70.60 req/s
[info]: start_time: 1767843580.134, end_time: 1767843596.231, duration_s: 16.10 s
[info] energy_cost: 6.218458 J/request
[info] average power: 494.478897 W
[info] Locust stopped
================================================================================
objective      : energy
resource_config: [{'cpu_m': 592, 'memory_mi': 70}, {'cpu_m': 5085, 'memory_mi': 474}], latencies: {'ml-image-processing': 0.14092542037307734, 'ml-object-detection': 0.21922997965086852}, price_cost: 208.690219, energy_cost: 6.218458, latency_p99 : 2.100000, feasible: True, total_requests: 1280, served_rps: 70.60, total_energy_j: 7959.626748 J, profiling_duration_s: 16.097000s, average_power: 494.478897 W
wall_time_s    : 95.880
================================================================================

Updating function ml-image-processing to cpu: 701m, memory: 53Mi
Updating Deployment resource configuration...

Updating function ml-object-detection to cpu: 2983m, memory: 404Mi
Updating Deployment resource configuration...

[info] Original replicas=24, selector='environmentName=ml-image-processing,environmentNamespace=default,environmentUid=2449fff4-7632-422c-aa00-519fcb194e26,executorType=newdeploy,functionName=ml-image-processing,functionNamespace=default,functionUid=58487e4a-0036-4ccd-8b22-c7f0f2d6d72b'
[info] Original replicas=73, selector='environmentName=yolo,environmentNamespace=default,environmentUid=ced8af41-455b-4081-99aa-1700c0092126,executorType=newdeploy,functionName=ml-object-detection,functionNamespace=default,functionUid=182005a6-ad76-40e9-9ecd-2fb10570ca05'
[ok] Patched Deployment resources
[ok] Patched Deployment resources
[ok] Verified Deployment template resources: requests={'cpu': '300m', 'memory': '50Mi'} limits={'cpu': '701m', 'memory': '53Mi'}
[info] Scaling deployment to 0 replicas to force full pod replacement
[ok] Verified Deployment template resources: requests={'cpu': '1500m', 'memory': '400Mi'} limits={'cpu': '2983m', 'memory': '404Mi'}
[info] Scaling deployment to 0 replicas to force full pod replacement
[ok] All pods terminated (replicas=0)
[info] Scaling deployment back to 24 replicas
[ok] All pods terminated (replicas=0)
[info] Scaling deployment back to 73 replicas
[ok] Rollout completed after scale-to-zero
[verify] newest RS=newdeploy-ml-image-processing-default-8b22-c7f0f2d6d72b-ffbb5769d pods=24 ready=24
[ok] Verified newest ReplicaSet template resources match expected
[ok] Rollout completed after scale-to-zero
[verify] newest RS=newdeploy-ml-object-detection-default-9ecd-2fb10570ca05-7658b6b767 pods=73 ready=73
[ok] Verified newest ReplicaSet template resources match expected
[info] Started Locust with PID 4025624
[info] attempt=1: start sleep for 20s
[info] attempt=1: sleep done
\Start sampling in parallel...
Workflow e2e p99 latency (48 completed in 21.7s, parallel, 8 workers): 9.000s
Average stage latencies:
  - ml-image-processing: 0.100s
  - ml-object-detection: 0.384s
[info] poll_locust_row: failed to load, try again
[info] poll_locust_row: failed to load, try again
[info] total_requests: 1156
[info] e2e_latency (p99): 3.800 s
[info] energy_j: 8841.267810 J
[info] served_rps: 55.10 req/s
[info]: start_time: 1767843676.031, end_time: 1767843697.831, duration_s: 21.80 s
[info] energy_cost: 7.648156 J/request
[info] average power: 405.562740 W
[info] Locust stopped
================================================================================
objective      : energy
resource_config: [{'cpu_m': 701, 'memory_mi': 53}, {'cpu_m': 2983, 'memory_mi': 404}], latencies: {'ml-image-processing': 0.10022240909389578, 'ml-object-detection': 0.3844146920153155}, price_cost: 212.510502, energy_cost: 7.648156, latency_p99 : 3.800000, feasible: False, total_requests: 1156, served_rps: 55.10, total_energy_j: 8841.267810 J, profiling_duration_s: 21.800000s, average_power: 405.562740 W
wall_time_s    : 100.553
================================================================================

================================================================================

Batch  2: best_feasible_cost (random, qNEI) = (7.077440773177318, 6.218458396875), best_constraint =  -0.900 (<=0 feasible), time = 293.29.
Best feasible resource configuration: [{'cpu_m': 592, 'memory_mi': 70}, {'cpu_m': 5085, 'memory_mi': 474}]

================================================================================
/home/cc/miniconda3/envs/faas/lib/python3.10/site-packages/botorch/acquisition/monte_carlo.py:502: NumericsWarning: qNoisyExpectedImprovement has known numerical issues that lead to suboptimal optimization performance. It is strongly recommended to simply replace

	 qNoisyExpectedImprovement 	 --> 	 qLogNoisyExpectedImprovement 

instead, which fixes the issues and has the same API. See https://arxiv.org/abs/2310.20708 for details.
  legacy_ei_numerics_warning(legacy_name=type(self).__name__)
Updating function ml-image-processing to cpu: 531m, memory: 56Mi
Updating Deployment resource configuration...

Updating function ml-object-detection to cpu: 3187m, memory: 464Mi
Updating Deployment resource configuration...

[info] Original replicas=24, selector='environmentName=ml-image-processing,environmentNamespace=default,environmentUid=2449fff4-7632-422c-aa00-519fcb194e26,executorType=newdeploy,functionName=ml-image-processing,functionNamespace=default,functionUid=58487e4a-0036-4ccd-8b22-c7f0f2d6d72b'
[info] Original replicas=73, selector='environmentName=yolo,environmentNamespace=default,environmentUid=ced8af41-455b-4081-99aa-1700c0092126,executorType=newdeploy,functionName=ml-object-detection,functionNamespace=default,functionUid=182005a6-ad76-40e9-9ecd-2fb10570ca05'
[ok] Patched Deployment resources
[ok] Patched Deployment resources
[ok] Verified Deployment template resources: requests={'cpu': '300m', 'memory': '50Mi'} limits={'cpu': '531m', 'memory': '56Mi'}
[info] Scaling deployment to 0 replicas to force full pod replacement
[ok] Verified Deployment template resources: requests={'cpu': '1500m', 'memory': '400Mi'} limits={'cpu': '3187m', 'memory': '464Mi'}
[info] Scaling deployment to 0 replicas to force full pod replacement
[ok] All pods terminated (replicas=0)
[info] Scaling deployment back to 24 replicas
[ok] All pods terminated (replicas=0)
[info] Scaling deployment back to 73 replicas
[ok] Deleted HPA newdeploy-ml-object-detection-default-9ecd-2fb10570ca05
[ok] Rollout completed after scale-to-zero
[verify] newest RS=newdeploy-ml-image-processing-default-8b22-c7f0f2d6d72b-765577fd48 pods=24 ready=24
[ok] Verified newest ReplicaSet template resources match expected
[ok] Rollout completed after scale-to-zero
[verify] newest RS=newdeploy-ml-object-detection-default-9ecd-2fb10570ca05-b79bf8d6d pods=73 ready=73
[ok] Verified newest ReplicaSet template resources match expected
[info] Started Locust with PID 4036294
[info] attempt=1: start sleep for 20s
[info] attempt=1: sleep done
\Start sampling in parallel...
Workflow e2e p99 latency (47 completed in 21.6s, parallel, 8 workers): 9.000s
Average stage latencies:
  - ml-image-processing: 0.135s
  - ml-object-detection: 0.325s
[info] poll_locust_row: failed to load, try again
[info] poll_locust_row: failed to load, try again
[info] poll_locust_row: failed to load, try again
[info] total_requests: 1190
[info] e2e_latency (p99): 4.000 s
[info] energy_j: 8898.958898 J
[info] served_rps: 57.30 req/s
[info]: start_time: 1767843786.231, end_time: 1767843807.831, duration_s: 21.60 s
[info] energy_cost: 7.478117 J/request
[info] average power: 411.988835 W
[info] Locust stopped
================================================================================
objective      : energy
resource_config: [{'cpu_m': 531, 'memory_mi': 56}, {'cpu_m': 3187, 'memory_mi': 464}], latencies: {'ml-image-processing': 0.13497730625224197, 'ml-object-detection': 0.32529850736156934}, price_cost: 193.702594, energy_cost: 7.478117, latency_p99 : 4.000000, feasible: False, total_requests: 1190, served_rps: 57.30, total_energy_j: 8898.958898 J, profiling_duration_s: 21.600000s, average_power: 411.988835 W
wall_time_s    : 106.748
================================================================================

Updating function ml-image-processing to cpu: 647m, memory: 54Mi
Updating Deployment resource configuration...

Updating function ml-object-detection to cpu: 5031m, memory: 457Mi
Updating Deployment resource configuration...

[info] Original replicas=24, selector='environmentName=ml-image-processing,environmentNamespace=default,environmentUid=2449fff4-7632-422c-aa00-519fcb194e26,executorType=newdeploy,functionName=ml-image-processing,functionNamespace=default,functionUid=58487e4a-0036-4ccd-8b22-c7f0f2d6d72b'
[info] Original replicas=73, selector='environmentName=yolo,environmentNamespace=default,environmentUid=ced8af41-455b-4081-99aa-1700c0092126,executorType=newdeploy,functionName=ml-object-detection,functionNamespace=default,functionUid=182005a6-ad76-40e9-9ecd-2fb10570ca05'
[ok] Patched Deployment resources
[ok] Patched Deployment resources
[ok] Verified Deployment template resources: requests={'cpu': '300m', 'memory': '50Mi'} limits={'cpu': '647m', 'memory': '54Mi'}
[info] Scaling deployment to 0 replicas to force full pod replacement
[ok] Verified Deployment template resources: requests={'cpu': '1500m', 'memory': '400Mi'} limits={'cpu': '5031m', 'memory': '457Mi'}
[info] Scaling deployment to 0 replicas to force full pod replacement
[ok] All pods terminated (replicas=0)
[info] Scaling deployment back to 24 replicas
[ok] All pods terminated (replicas=0)
[info] Scaling deployment back to 73 replicas
[ok] Deleted HPA newdeploy-ml-object-detection-default-9ecd-2fb10570ca05
[ok] Rollout completed after scale-to-zero
[verify] newest RS=newdeploy-ml-image-processing-default-8b22-c7f0f2d6d72b-559cf89869 pods=24 ready=24
[ok] Verified newest ReplicaSet template resources match expected
[ok] Rollout completed after scale-to-zero
[verify] newest RS=newdeploy-ml-object-detection-default-9ecd-2fb10570ca05-5c8fb48865 pods=73 ready=73
[ok] Verified newest ReplicaSet template resources match expected
[info] Started Locust with PID 4046312
[info] attempt=1: start sleep for 20s
[info] attempt=1: sleep done
\Start sampling in parallel...
Workflow e2e p99 latency (68 completed in 16.8s, parallel, 8 workers): 3.199s
Average stage latencies:
  - ml-image-processing: 0.128s
  - ml-object-detection: 0.222s
[info] poll_locust_row: failed to load, try again
[info] poll_locust_row: failed to load, try again
[info] total_requests: 1283
[info] e2e_latency (p99): 3.600 s
[info] energy_j: 8381.695101 J
[info] served_rps: 71.40 req/s
[info]: start_time: 1767843886.831, end_time: 1767843903.531, duration_s: 16.70 s
[info] energy_cost: 6.532888 J/request
[info] average power: 501.897916 W
[info] Locust stopped
================================================================================
objective      : energy
resource_config: [{'cpu_m': 647, 'memory_mi': 54}, {'cpu_m': 5031, 'memory_mi': 457}], latencies: {'ml-image-processing': 0.1281331265139777, 'ml-object-detection': 0.22238698789356826}, price_cost: 209.234640, energy_cost: 6.532888, latency_p99 : 3.600000, feasible: False, total_requests: 1283, served_rps: 71.40, total_energy_j: 8381.695101 J, profiling_duration_s: 16.700000s, average_power: 501.897916 W
wall_time_s    : 95.257
================================================================================

Updating function ml-image-processing to cpu: 638m, memory: 66Mi
Updating Deployment resource configuration...

Updating function ml-object-detection to cpu: 4985m, memory: 484Mi
Updating Deployment resource configuration...

[info] Original replicas=73, selector='environmentName=yolo,environmentNamespace=default,environmentUid=ced8af41-455b-4081-99aa-1700c0092126,executorType=newdeploy,functionName=ml-object-detection,functionNamespace=default,functionUid=182005a6-ad76-40e9-9ecd-2fb10570ca05'
[info] Original replicas=24, selector='environmentName=ml-image-processing,environmentNamespace=default,environmentUid=2449fff4-7632-422c-aa00-519fcb194e26,executorType=newdeploy,functionName=ml-image-processing,functionNamespace=default,functionUid=58487e4a-0036-4ccd-8b22-c7f0f2d6d72b'
[ok] Patched Deployment resources
[ok] Patched Deployment resources
[ok] Verified Deployment template resources: requests={'cpu': '1500m', 'memory': '400Mi'} limits={'cpu': '4985m', 'memory': '484Mi'}
[info] Scaling deployment to 0 replicas to force full pod replacement
[ok] Verified Deployment template resources: requests={'cpu': '300m', 'memory': '50Mi'} limits={'cpu': '638m', 'memory': '66Mi'}
[info] Scaling deployment to 0 replicas to force full pod replacement
[ok] All pods terminated (replicas=0)
[info] Scaling deployment back to 24 replicas
[ok] All pods terminated (replicas=0)
[info] Scaling deployment back to 73 replicas
[ok] Rollout completed after scale-to-zero
[verify] newest RS=newdeploy-ml-image-processing-default-8b22-c7f0f2d6d72b-7847bf4979 pods=24 ready=24
[ok] Verified newest ReplicaSet template resources match expected
[ok] Rollout completed after scale-to-zero
[verify] newest RS=newdeploy-ml-object-detection-default-9ecd-2fb10570ca05-7c44d4fbd4 pods=73 ready=73
[ok] Verified newest ReplicaSet template resources match expected
[info] Started Locust with PID 4056011
[info] attempt=1: start sleep for 20s
[info] attempt=1: sleep done
\Start sampling in parallel...
Workflow e2e p99 latency (69 completed in 17.2s, parallel, 8 workers): 4.119s
Average stage latencies:
  - ml-image-processing: 0.137s
  - ml-object-detection: 0.225s
[info] poll_locust_row: failed to load, try again
[info] total_requests: 1216
[info] e2e_latency (p99): 3.800 s
[info] energy_j: 8322.716148 J
[info] served_rps: 65.00 req/s
[info]: start_time: 1767843979.031, end_time: 1767843996.231, duration_s: 17.20 s
[info] energy_cost: 6.844339 J/request
[info] average power: 483.878844 W
[info] Locust stopped
================================================================================
objective      : energy
resource_config: [{'cpu_m': 638, 'memory_mi': 66}, {'cpu_m': 4985, 'memory_mi': 484}], latencies: {'ml-image-processing': 0.1367259471056362, 'ml-object-detection': 0.22517655082586882}, price_cost: 210.735888, energy_cost: 6.844339, latency_p99 : 3.800000, feasible: False, total_requests: 1216, served_rps: 65.00, total_energy_j: 8322.716148 J, profiling_duration_s: 17.200000s, average_power: 483.878844 W
wall_time_s    : 92.124
================================================================================

================================================================================

Batch  3: best_feasible_cost (random, qNEI) = (7.077440773177318, 6.218458396875), best_constraint =  -0.900 (<=0 feasible), time = 297.90.
Best feasible resource configuration: [{'cpu_m': 592, 'memory_mi': 70}, {'cpu_m': 5085, 'memory_mi': 474}]

================================================================================
/home/cc/miniconda3/envs/faas/lib/python3.10/site-packages/botorch/acquisition/monte_carlo.py:502: NumericsWarning: qNoisyExpectedImprovement has known numerical issues that lead to suboptimal optimization performance. It is strongly recommended to simply replace

	 qNoisyExpectedImprovement 	 --> 	 qLogNoisyExpectedImprovement 

instead, which fixes the issues and has the same API. See https://arxiv.org/abs/2310.20708 for details.
  legacy_ei_numerics_warning(legacy_name=type(self).__name__)
Updating function ml-image-processing to cpu: 580m, memory: 70Mi
Updating Deployment resource configuration...

Updating function ml-object-detection to cpu: 5015m, memory: 512Mi
Updating Deployment resource configuration...

[info] Original replicas=24, selector='environmentName=ml-image-processing,environmentNamespace=default,environmentUid=2449fff4-7632-422c-aa00-519fcb194e26,executorType=newdeploy,functionName=ml-image-processing,functionNamespace=default,functionUid=58487e4a-0036-4ccd-8b22-c7f0f2d6d72b'
[info] Original replicas=73, selector='environmentName=yolo,environmentNamespace=default,environmentUid=ced8af41-455b-4081-99aa-1700c0092126,executorType=newdeploy,functionName=ml-object-detection,functionNamespace=default,functionUid=182005a6-ad76-40e9-9ecd-2fb10570ca05'
[ok] Patched Deployment resources
[ok] Patched Deployment resources
[ok] Verified Deployment template resources: requests={'cpu': '300m', 'memory': '50Mi'} limits={'cpu': '580m', 'memory': '70Mi'}
[info] Scaling deployment to 0 replicas to force full pod replacement
[ok] Verified Deployment template resources: requests={'cpu': '1500m', 'memory': '400Mi'} limits={'cpu': '5015m', 'memory': '512Mi'}
[info] Scaling deployment to 0 replicas to force full pod replacement
[ok] All pods terminated (replicas=0)
[info] Scaling deployment back to 24 replicas
[ok] All pods terminated (replicas=0)
[info] Scaling deployment back to 73 replicas
[ok] Rollout completed after scale-to-zero
[verify] newest RS=newdeploy-ml-image-processing-default-8b22-c7f0f2d6d72b-6f4596bd77 pods=24 ready=24
[ok] Verified newest ReplicaSet template resources match expected
[ok] Rollout completed after scale-to-zero
[verify] newest RS=newdeploy-ml-object-detection-default-9ecd-2fb10570ca05-58f64c7444 pods=73 ready=73
[ok] Verified newest ReplicaSet template resources match expected
[info] Started Locust with PID 4066432
[info] attempt=1: start sleep for 20s
[info] attempt=1: sleep done
\Start sampling in parallel...
Workflow e2e p99 latency (70 completed in 16.6s, parallel, 8 workers): 3.647s
Average stage latencies:
  - ml-image-processing: 0.149s
  - ml-object-detection: 0.222s
[info] poll_locust_row: failed to load, try again
[info] poll_locust_row: failed to load, try again
[info] total_requests: 1239
[info] e2e_latency (p99): 3.700 s
[info] energy_j: 8112.839913 J
[info] served_rps: 66.60 req/s
[info]: start_time: 1767844080.831, end_time: 1767844097.431, duration_s: 16.60 s
[info] energy_cost: 6.547893 J/request
[info] average power: 488.725299 W
[info] Locust stopped
================================================================================
objective      : energy
resource_config: [{'cpu_m': 580, 'memory_mi': 70}, {'cpu_m': 5015, 'memory_mi': 512}], latencies: {'ml-image-processing': 0.14909417359158397, 'ml-object-detection': 0.22228752638745522}, price_cost: 209.343904, energy_cost: 6.547893, latency_p99 : 3.700000, feasible: False, total_requests: 1239, served_rps: 66.60, total_energy_j: 8112.839913 J, profiling_duration_s: 16.600000s, average_power: 488.725299 W
wall_time_s    : 96.345
================================================================================

Updating function ml-image-processing to cpu: 555m, memory: 70Mi
Updating Deployment resource configuration...

Updating function ml-object-detection to cpu: 5710m, memory: 400Mi
Updating Deployment resource configuration...

[info] Original replicas=24, selector='environmentName=ml-image-processing,environmentNamespace=default,environmentUid=2449fff4-7632-422c-aa00-519fcb194e26,executorType=newdeploy,functionName=ml-image-processing,functionNamespace=default,functionUid=58487e4a-0036-4ccd-8b22-c7f0f2d6d72b'
[info] Original replicas=73, selector='environmentName=yolo,environmentNamespace=default,environmentUid=ced8af41-455b-4081-99aa-1700c0092126,executorType=newdeploy,functionName=ml-object-detection,functionNamespace=default,functionUid=182005a6-ad76-40e9-9ecd-2fb10570ca05'
[ok] Patched Deployment resources
[ok] Patched Deployment resources
[ok] Verified Deployment template resources: requests={'cpu': '1500m', 'memory': '400Mi'} limits={'cpu': '5710m', 'memory': '400Mi'}
[info] Scaling deployment to 0 replicas to force full pod replacement
[ok] Verified Deployment template resources: requests={'cpu': '300m', 'memory': '50Mi'} limits={'cpu': '555m', 'memory': '70Mi'}
[info] Scaling deployment to 0 replicas to force full pod replacement
[ok] All pods terminated (replicas=0)
[info] Scaling deployment back to 24 replicas
[ok] All pods terminated (replicas=0)
[info] Scaling deployment back to 73 replicas
[ok] Rollout completed after scale-to-zero
[verify] newest RS=newdeploy-ml-image-processing-default-8b22-c7f0f2d6d72b-7565b54f4f pods=24 ready=24
[ok] Verified newest ReplicaSet template resources match expected
[ok] Rollout completed after scale-to-zero
[verify] newest RS=newdeploy-ml-object-detection-default-9ecd-2fb10570ca05-6f966bf7dd pods=73 ready=73
[ok] Verified newest ReplicaSet template resources match expected
[info] Started Locust with PID 4076748
[info] attempt=1: start sleep for 20s
[info] attempt=1: sleep done
\Start sampling in parallel...
Workflow e2e p99 latency (72 completed in 16.4s, parallel, 8 workers): 1.723s
Average stage latencies:
  - ml-image-processing: 0.157s
  - ml-object-detection: 0.201s
[info] poll_locust_row: failed to load, try again
[info] poll_locust_row: failed to load, try again
[info] poll_locust_row: failed to load, try again
[info] total_requests: 1243
[info] e2e_latency (p99): 2.000 s
[info] energy_j: 8287.903585 J
[info] served_rps: 71.80 req/s
[info]: start_time: 1767844180.231, end_time: 1767844196.631, duration_s: 16.40 s
[info] energy_cost: 6.667662 J/request
[info] average power: 505.359972 W
[info] Locust stopped
================================================================================
objective      : energy
resource_config: [{'cpu_m': 555, 'memory_mi': 70}, {'cpu_m': 5710, 'memory_mi': 400}], latencies: {'ml-image-processing': 0.15721974953258824, 'ml-object-detection': 0.20076039619743824}, price_cost: 214.535704, energy_cost: 6.667662, latency_p99 : 2.000000, feasible: True, total_requests: 1243, served_rps: 71.80, total_energy_j: 8287.903585 J, profiling_duration_s: 16.400000s, average_power: 505.359972 W
wall_time_s    : 99.662
================================================================================

Updating function ml-image-processing to cpu: 580m, memory: 50Mi
Updating Deployment resource configuration...

Updating function ml-object-detection to cpu: 5050m, memory: 512Mi
Updating Deployment resource configuration...

[info] Original replicas=24, selector='environmentName=ml-image-processing,environmentNamespace=default,environmentUid=2449fff4-7632-422c-aa00-519fcb194e26,executorType=newdeploy,functionName=ml-image-processing,functionNamespace=default,functionUid=58487e4a-0036-4ccd-8b22-c7f0f2d6d72b'
[info] Original replicas=73, selector='environmentName=yolo,environmentNamespace=default,environmentUid=ced8af41-455b-4081-99aa-1700c0092126,executorType=newdeploy,functionName=ml-object-detection,functionNamespace=default,functionUid=182005a6-ad76-40e9-9ecd-2fb10570ca05'
[ok] Patched Deployment resources
[ok] Patched Deployment resources
[ok] Verified Deployment template resources: requests={'cpu': '300m', 'memory': '50Mi'} limits={'cpu': '580m', 'memory': '50Mi'}
[info] Scaling deployment to 0 replicas to force full pod replacement
[ok] Verified Deployment template resources: requests={'cpu': '1500m', 'memory': '400Mi'} limits={'cpu': '5050m', 'memory': '512Mi'}
[info] Scaling deployment to 0 replicas to force full pod replacement
[ok] All pods terminated (replicas=0)
[info] Scaling deployment back to 24 replicas
[ok] All pods terminated (replicas=0)
[info] Scaling deployment back to 73 replicas
[ok] Rollout completed after scale-to-zero
[verify] newest RS=newdeploy-ml-image-processing-default-8b22-c7f0f2d6d72b-7d9485d5f9 pods=24 ready=24
[ok] Verified newest ReplicaSet template resources match expected
[ok] Rollout completed after scale-to-zero
[verify] newest RS=newdeploy-ml-object-detection-default-9ecd-2fb10570ca05-9dffbdf64 pods=73 ready=73
[ok] Verified newest ReplicaSet template resources match expected
[info] Started Locust with PID 4087445
[info] attempt=1: start sleep for 20s
[info] attempt=1: sleep done
\Start sampling in parallel...
Workflow e2e p99 latency (65 completed in 16.7s, parallel, 8 workers): 3.896s
Average stage latencies:
  - ml-image-processing: 0.156s
  - ml-object-detection: 0.221s
[info] poll_locust_row: failed to load, try again
[info] poll_locust_row: failed to load, try again
[info] total_requests: 1254
[info] e2e_latency (p99): 3.200 s
[info] energy_j: 8223.820494 J
[info] served_rps: 68.40 req/s
[info]: start_time: 1767844284.031, end_time: 1767844300.731, duration_s: 16.70 s
[info] energy_cost: 6.558071 J/request
[info] average power: 492.444340 W
[info] Locust stopped
================================================================================
objective      : energy
resource_config: [{'cpu_m': 580, 'memory_mi': 50}, {'cpu_m': 5050, 'memory_mi': 512}], latencies: {'ml-image-processing': 0.15565866477644213, 'ml-object-detection': 0.2206471593763966}, price_cost: 209.872459, energy_cost: 6.558071, latency_p99 : 3.200000, feasible: False, total_requests: 1254, served_rps: 68.40, total_energy_j: 8223.820494 J, profiling_duration_s: 16.700000s, average_power: 492.444340 W
wall_time_s    : 103.641
================================================================================

================================================================================

Batch  4: best_feasible_cost (random, qNEI) = (7.077440773177318, 6.218458396875), best_constraint =  -0.900 (<=0 feasible), time = 304.98.
Best feasible resource configuration: [{'cpu_m': 592, 'memory_mi': 70}, {'cpu_m': 5085, 'memory_mi': 474}]

================================================================================
/home/cc/miniconda3/envs/faas/lib/python3.10/site-packages/botorch/acquisition/monte_carlo.py:502: NumericsWarning: qNoisyExpectedImprovement has known numerical issues that lead to suboptimal optimization performance. It is strongly recommended to simply replace

	 qNoisyExpectedImprovement 	 --> 	 qLogNoisyExpectedImprovement 

instead, which fixes the issues and has the same API. See https://arxiv.org/abs/2310.20708 for details.
  legacy_ei_numerics_warning(legacy_name=type(self).__name__)
Updating function ml-image-processing to cpu: 640m, memory: 70Mi
Updating Deployment resource configuration...

Updating function ml-object-detection to cpu: 5653m, memory: 512Mi
Updating Deployment resource configuration...

[info] Original replicas=24, selector='environmentName=ml-image-processing,environmentNamespace=default,environmentUid=2449fff4-7632-422c-aa00-519fcb194e26,executorType=newdeploy,functionName=ml-image-processing,functionNamespace=default,functionUid=58487e4a-0036-4ccd-8b22-c7f0f2d6d72b'
[info] Original replicas=73, selector='environmentName=yolo,environmentNamespace=default,environmentUid=ced8af41-455b-4081-99aa-1700c0092126,executorType=newdeploy,functionName=ml-object-detection,functionNamespace=default,functionUid=182005a6-ad76-40e9-9ecd-2fb10570ca05'
[ok] Patched Deployment resources
[ok] Patched Deployment resources
[ok] Verified Deployment template resources: requests={'cpu': '1500m', 'memory': '400Mi'} limits={'cpu': '5653m', 'memory': '512Mi'}
[info] Scaling deployment to 0 replicas to force full pod replacement
[ok] Verified Deployment template resources: requests={'cpu': '300m', 'memory': '50Mi'} limits={'cpu': '640m', 'memory': '70Mi'}
[info] Scaling deployment to 0 replicas to force full pod replacement
[ok] All pods terminated (replicas=0)
[info] Scaling deployment back to 24 replicas
[ok] All pods terminated (replicas=0)
[info] Scaling deployment back to 73 replicas
[ok] Rollout completed after scale-to-zero
[verify] newest RS=newdeploy-ml-image-processing-default-8b22-c7f0f2d6d72b-664749974c pods=24 ready=24
[ok] Verified newest ReplicaSet template resources match expected
[ok] Rollout completed after scale-to-zero
[verify] newest RS=newdeploy-ml-object-detection-default-9ecd-2fb10570ca05-97d777f7b pods=73 ready=73
[ok] Verified newest ReplicaSet template resources match expected
[info] Started Locust with PID 4097997
[info] attempt=1: start sleep for 20s
[info] attempt=1: sleep done
\Start sampling in parallel...
Workflow e2e p99 latency (70 completed in 17.1s, parallel, 8 workers): 2.684s
Average stage latencies:
  - ml-image-processing: 0.143s
  - ml-object-detection: 0.201s
[info] poll_locust_row: failed to load, try again
[info] total_requests: 1328
[info] e2e_latency (p99): 1.700 s
[info] energy_j: 8700.896203 J
[info] served_rps: 73.20 req/s
[info]: start_time: 1767844386.131, end_time: 1767844403.231, duration_s: 17.10 s
[info] energy_cost: 6.551880 J/request
[info] average power: 508.824342 W
[info] Locust stopped
================================================================================
objective      : energy
resource_config: [{'cpu_m': 640, 'memory_mi': 70}, {'cpu_m': 5653, 'memory_mi': 512}], latencies: {'ml-image-processing': 0.1425916038320533, 'ml-object-detection': 0.20091867057074395}, price_cost: 213.668051, energy_cost: 6.551880, latency_p99 : 1.700000, feasible: True, total_requests: 1328, served_rps: 73.20, total_energy_j: 8700.896203 J, profiling_duration_s: 17.100000s, average_power: 508.824342 W
wall_time_s    : 97.195
================================================================================

Updating function ml-image-processing to cpu: 300m, memory: 65Mi
Updating Deployment resource configuration...

Updating function ml-object-detection to cpu: 1527m, memory: 428Mi
Updating Deployment resource configuration...

[info] Original replicas=24, selector='environmentName=ml-image-processing,environmentNamespace=default,environmentUid=2449fff4-7632-422c-aa00-519fcb194e26,executorType=newdeploy,functionName=ml-image-processing,functionNamespace=default,functionUid=58487e4a-0036-4ccd-8b22-c7f0f2d6d72b'
[info] Original replicas=73, selector='environmentName=yolo,environmentNamespace=default,environmentUid=ced8af41-455b-4081-99aa-1700c0092126,executorType=newdeploy,functionName=ml-object-detection,functionNamespace=default,functionUid=182005a6-ad76-40e9-9ecd-2fb10570ca05'
[ok] Patched Deployment resources
[ok] Patched Deployment resources
[ok] Verified Deployment template resources: requests={'cpu': '300m', 'memory': '50Mi'} limits={'cpu': '300m', 'memory': '65Mi'}
[info] Scaling deployment to 0 replicas to force full pod replacement
[ok] Verified Deployment template resources: requests={'cpu': '1500m', 'memory': '400Mi'} limits={'cpu': '1527m', 'memory': '428Mi'}
[info] Scaling deployment to 0 replicas to force full pod replacement
[ok] All pods terminated (replicas=0)
[info] Scaling deployment back to 24 replicas
[ok] All pods terminated (replicas=0)
[info] Scaling deployment back to 73 replicas
[ok] Rollout completed after scale-to-zero
[verify] newest RS=newdeploy-ml-image-processing-default-8b22-c7f0f2d6d72b-588f79bd69 pods=24 ready=24
[ok] Verified newest ReplicaSet template resources match expected
[ok] Rollout completed after scale-to-zero
[verify] newest RS=newdeploy-ml-object-detection-default-9ecd-2fb10570ca05-7cdfd76bd6 pods=73 ready=73
[ok] Verified newest ReplicaSet template resources match expected
[info] Started Locust with PID 4108039
[info] attempt=1: start sleep for 20s
[info] attempt=1: sleep done
\Start sampling in parallel...
Workflow e2e p99 latency (27 completed in 20.4s, parallel, 8 workers): 9.000s
Average stage latencies:
  - ml-image-processing: 0.279s
  - ml-object-detection: 0.896s
[info] total_requests: 711
[info] e2e_latency (p99): 5.100 s
[info] energy_j: 6137.951664 J
[info] served_rps: 34.20 req/s
[info]: start_time: 1767844484.731, end_time: 1767844505.031, duration_s: 20.30 s
[info] energy_cost: 8.632843 J/request
[info] average power: 302.362152 W
[info] Locust stopped
================================================================================
objective      : energy
resource_config: [{'cpu_m': 300, 'memory_mi': 65}, {'cpu_m': 1527, 'memory_mi': 428}], latencies: {'ml-image-processing': 0.27903521679607884, 'ml-object-detection': 0.8957534817912217}, price_cost: 256.052714, energy_cost: 8.632843, latency_p99 : 5.100000, feasible: False, total_requests: 711, served_rps: 34.20, total_energy_j: 6137.951664 J, profiling_duration_s: 20.300000s, average_power: 302.362152 W
wall_time_s    : 101.410
================================================================================

Updating function ml-image-processing to cpu: 576m, memory: 50Mi
Updating Deployment resource configuration...

Updating function ml-object-detection to cpu: 5102m, memory: 512Mi
Updating Deployment resource configuration...

[info] Original replicas=24, selector='environmentName=ml-image-processing,environmentNamespace=default,environmentUid=2449fff4-7632-422c-aa00-519fcb194e26,executorType=newdeploy,functionName=ml-image-processing,functionNamespace=default,functionUid=58487e4a-0036-4ccd-8b22-c7f0f2d6d72b'
[info] Original replicas=73, selector='environmentName=yolo,environmentNamespace=default,environmentUid=ced8af41-455b-4081-99aa-1700c0092126,executorType=newdeploy,functionName=ml-object-detection,functionNamespace=default,functionUid=182005a6-ad76-40e9-9ecd-2fb10570ca05'
[ok] Patched Deployment resources
[ok] Patched Deployment resources
[ok] Verified Deployment template resources: requests={'cpu': '1500m', 'memory': '400Mi'} limits={'cpu': '5102m', 'memory': '512Mi'}
[info] Scaling deployment to 0 replicas to force full pod replacement
[ok] Verified Deployment template resources: requests={'cpu': '300m', 'memory': '50Mi'} limits={'cpu': '576m', 'memory': '50Mi'}
[info] Scaling deployment to 0 replicas to force full pod replacement
[ok] All pods terminated (replicas=0)
[info] Scaling deployment back to 24 replicas
[ok] All pods terminated (replicas=0)
[info] Scaling deployment back to 73 replicas
[ok] Deleted HPA newdeploy-ml-object-detection-default-9ecd-2fb10570ca05
[ok] Rollout completed after scale-to-zero
[verify] newest RS=newdeploy-ml-image-processing-default-8b22-c7f0f2d6d72b-69b9bfcbb9 pods=24 ready=24
[ok] Verified newest ReplicaSet template resources match expected
[ok] Rollout completed after scale-to-zero
[verify] newest RS=newdeploy-ml-object-detection-default-9ecd-2fb10570ca05-5f6b4ff896 pods=73 ready=73
[ok] Verified newest ReplicaSet template resources match expected
[info] Started Locust with PID 4118170
[info] attempt=1: start sleep for 20s
[info] attempt=1: sleep done
\Start sampling in parallel...
Workflow e2e p99 latency (68 completed in 17.2s, parallel, 8 workers): 3.098s
Average stage latencies:
  - ml-image-processing: 0.166s
  - ml-object-detection: 0.216s
[info] poll_locust_row: failed to load, try again
[info] total_requests: 1265
[info] e2e_latency (p99): 3.100 s
[info] energy_j: 8523.834281 J
[info] served_rps: 69.20 req/s
[info]: start_time: 1767844590.931, end_time: 1767844608.131, duration_s: 17.20 s
[info] energy_cost: 6.738209 J/request
[info] average power: 495.571759 W
[info] Locust stopped
================================================================================
objective      : energy
resource_config: [{'cpu_m': 576, 'memory_mi': 50}, {'cpu_m': 5102, 'memory_mi': 512}], latencies: {'ml-image-processing': 0.16557661219335654, 'ml-object-detection': 0.2164338154868935}, price_cost: 208.998663, energy_cost: 6.738209, latency_p99 : 3.100000, feasible: False, total_requests: 1265, served_rps: 69.20, total_energy_j: 8523.834281 J, profiling_duration_s: 17.200000s, average_power: 495.571759 W
wall_time_s    : 103.573
================================================================================

================================================================================

Batch  5: best_feasible_cost (random, qNEI) = (7.077440773177318, 6.218458396875), best_constraint =  -0.900 (<=0 feasible), time = 306.91.
Best feasible resource configuration: [{'cpu_m': 592, 'memory_mi': 70}, {'cpu_m': 5085, 'memory_mi': 474}]

================================================================================
/home/cc/miniconda3/envs/faas/lib/python3.10/site-packages/botorch/acquisition/monte_carlo.py:502: NumericsWarning: qNoisyExpectedImprovement has known numerical issues that lead to suboptimal optimization performance. It is strongly recommended to simply replace

	 qNoisyExpectedImprovement 	 --> 	 qLogNoisyExpectedImprovement 

instead, which fixes the issues and has the same API. See https://arxiv.org/abs/2310.20708 for details.
  legacy_ei_numerics_warning(legacy_name=type(self).__name__)
Updating function ml-image-processing to cpu: 578m, memory: 70Mi
Updating Deployment resource configuration...

Updating function ml-object-detection to cpu: 5053m, memory: 512Mi
Updating Deployment resource configuration...

[info] Original replicas=24, selector='environmentName=ml-image-processing,environmentNamespace=default,environmentUid=2449fff4-7632-422c-aa00-519fcb194e26,executorType=newdeploy,functionName=ml-image-processing,functionNamespace=default,functionUid=58487e4a-0036-4ccd-8b22-c7f0f2d6d72b'
[info] Original replicas=73, selector='environmentName=yolo,environmentNamespace=default,environmentUid=ced8af41-455b-4081-99aa-1700c0092126,executorType=newdeploy,functionName=ml-object-detection,functionNamespace=default,functionUid=182005a6-ad76-40e9-9ecd-2fb10570ca05'
[ok] Patched Deployment resources
[ok] Patched Deployment resources
[ok] Verified Deployment template resources: requests={'cpu': '1500m', 'memory': '400Mi'} limits={'cpu': '5053m', 'memory': '512Mi'}
[info] Scaling deployment to 0 replicas to force full pod replacement
[ok] Verified Deployment template resources: requests={'cpu': '300m', 'memory': '50Mi'} limits={'cpu': '578m', 'memory': '70Mi'}
[info] Scaling deployment to 0 replicas to force full pod replacement
[ok] All pods terminated (replicas=0)
[info] Scaling deployment back to 24 replicas
[ok] All pods terminated (replicas=0)
[info] Scaling deployment back to 73 replicas
[ok] Rollout completed after scale-to-zero
[verify] newest RS=newdeploy-ml-image-processing-default-8b22-c7f0f2d6d72b-68779fcddc pods=24 ready=24
[ok] Verified newest ReplicaSet template resources match expected
[ok] Rollout completed after scale-to-zero
[verify] newest RS=newdeploy-ml-object-detection-default-9ecd-2fb10570ca05-6f746d64 pods=73 ready=73
[ok] Verified newest ReplicaSet template resources match expected
[info] Started Locust with PID 4128647
[info] attempt=1: start sleep for 20s
[info] attempt=1: sleep done
\Start sampling in parallel...
Workflow e2e p99 latency (69 completed in 16.8s, parallel, 8 workers): 3.413s
Average stage latencies:
  - ml-image-processing: 0.156s
  - ml-object-detection: 0.216s
[info] poll_locust_row: failed to load, try again
[info] poll_locust_row: failed to load, try again
[info] total_requests: 1263
[info] e2e_latency (p99): 3.600 s
[info] energy_j: 8277.439841 J
[info] served_rps: 70.10 req/s
[info]: start_time: 1767844689.731, end_time: 1767844706.531, duration_s: 16.80 s
[info] energy_cost: 6.553792 J/request
[info] average power: 492.704754 W
[info] Locust stopped
================================================================================
objective      : energy
resource_config: [{'cpu_m': 578, 'memory_mi': 70}, {'cpu_m': 5053, 'memory_mi': 512}], latencies: {'ml-image-processing': 0.15617202457202517, 'ml-object-detection': 0.21640166201615246}, price_cost: 206.285165, energy_cost: 6.553792, latency_p99 : 3.600000, feasible: False, total_requests: 1263, served_rps: 70.10, total_energy_j: 8277.439841 J, profiling_duration_s: 16.800000s, average_power: 492.704754 W
wall_time_s    : 93.528
================================================================================

Updating function ml-image-processing to cpu: 558m, memory: 50Mi
Updating Deployment resource configuration...

Updating function ml-object-detection to cpu: 6000m, memory: 417Mi
Updating Deployment resource configuration...

[info] Original replicas=24, selector='environmentName=ml-image-processing,environmentNamespace=default,environmentUid=2449fff4-7632-422c-aa00-519fcb194e26,executorType=newdeploy,functionName=ml-image-processing,functionNamespace=default,functionUid=58487e4a-0036-4ccd-8b22-c7f0f2d6d72b'
[info] Original replicas=73, selector='environmentName=yolo,environmentNamespace=default,environmentUid=ced8af41-455b-4081-99aa-1700c0092126,executorType=newdeploy,functionName=ml-object-detection,functionNamespace=default,functionUid=182005a6-ad76-40e9-9ecd-2fb10570ca05'
[ok] Patched Deployment resources
[ok] Patched Deployment resources
[ok] Verified Deployment template resources: requests={'cpu': '1500m', 'memory': '400Mi'} limits={'cpu': '6', 'memory': '417Mi'}
[info] Scaling deployment to 0 replicas to force full pod replacement
[ok] Verified Deployment template resources: requests={'cpu': '300m', 'memory': '50Mi'} limits={'cpu': '558m', 'memory': '50Mi'}
[info] Scaling deployment to 0 replicas to force full pod replacement
[ok] All pods terminated (replicas=0)
[info] Scaling deployment back to 24 replicas
[ok] All pods terminated (replicas=0)
[info] Scaling deployment back to 73 replicas
[ok] Rollout completed after scale-to-zero
[verify] newest RS=newdeploy-ml-image-processing-default-8b22-c7f0f2d6d72b-78c964d64f pods=24 ready=24
[ok] Verified newest ReplicaSet template resources match expected
[ok] Rollout completed after scale-to-zero
[verify] newest RS=newdeploy-ml-object-detection-default-9ecd-2fb10570ca05-76ccf4f79f pods=73 ready=73
[ok] Verified newest ReplicaSet template resources match expected
[info] Started Locust with PID 4138698
[info] attempt=1: start sleep for 20s
[info] attempt=1: sleep done
\Start sampling in parallel...
Workflow e2e p99 latency (68 completed in 16.3s, parallel, 8 workers): 2.070s
Average stage latencies:
  - ml-image-processing: 0.160s
  - ml-object-detection: 0.201s
[info] poll_locust_row: failed to load, try again
[info] poll_locust_row: failed to load, try again
[info] poll_locust_row: failed to load, try again
[info] total_requests: 1312
[info] e2e_latency (p99): 1.900 s
[info] energy_j: 8167.420286 J
[info] served_rps: 72.30 req/s
[info]: start_time: 1767844789.331, end_time: 1767844805.631, duration_s: 16.30 s
[info] energy_cost: 6.225168 J/request
[info] average power: 501.068731 W
[info] Locust stopped
================================================================================
objective      : energy
resource_config: [{'cpu_m': 558, 'memory_mi': 50}, {'cpu_m': 6000, 'memory_mi': 417}], latencies: {'ml-image-processing': 0.16035494323381605, 'ml-object-detection': 0.2007156256106956}, price_cost: 224.950632, energy_cost: 6.225168, latency_p99 : 1.900000, feasible: True, total_requests: 1312, served_rps: 72.30, total_energy_j: 8167.420286 J, profiling_duration_s: 16.300000s, average_power: 501.068731 W
wall_time_s    : 99.700
================================================================================

Updating function ml-image-processing to cpu: 743m, memory: 70Mi
Updating Deployment resource configuration...

Updating function ml-object-detection to cpu: 5913m, memory: 400Mi
Updating Deployment resource configuration...

[info] Original replicas=73, selector='environmentName=yolo,environmentNamespace=default,environmentUid=ced8af41-455b-4081-99aa-1700c0092126,executorType=newdeploy,functionName=ml-object-detection,functionNamespace=default,functionUid=182005a6-ad76-40e9-9ecd-2fb10570ca05'
[info] Original replicas=24, selector='environmentName=ml-image-processing,environmentNamespace=default,environmentUid=2449fff4-7632-422c-aa00-519fcb194e26,executorType=newdeploy,functionName=ml-image-processing,functionNamespace=default,functionUid=58487e4a-0036-4ccd-8b22-c7f0f2d6d72b'
[ok] Patched Deployment resources
[ok] Patched Deployment resources
[ok] Verified Deployment template resources: requests={'cpu': '1500m', 'memory': '400Mi'} limits={'cpu': '5913m', 'memory': '400Mi'}
[info] Scaling deployment to 0 replicas to force full pod replacement
[ok] Verified Deployment template resources: requests={'cpu': '300m', 'memory': '50Mi'} limits={'cpu': '743m', 'memory': '70Mi'}
[info] Scaling deployment to 0 replicas to force full pod replacement
[ok] All pods terminated (replicas=0)
[info] Scaling deployment back to 24 replicas
[ok] All pods terminated (replicas=0)
[info] Scaling deployment back to 73 replicas
[ok] Rollout completed after scale-to-zero
[verify] newest RS=newdeploy-ml-image-processing-default-8b22-c7f0f2d6d72b-86754958d7 pods=24 ready=24
[ok] Verified newest ReplicaSet template resources match expected
[ok] Rollout completed after scale-to-zero
[verify] newest RS=newdeploy-ml-object-detection-default-9ecd-2fb10570ca05-85976884d8 pods=73 ready=73
[ok] Verified newest ReplicaSet template resources match expected
[info] Started Locust with PID 4148641
[info] attempt=1: start sleep for 20s
[info] attempt=1: sleep done
\Start sampling in parallel...
Workflow e2e p99 latency (74 completed in 16.6s, parallel, 8 workers): 1.191s
Average stage latencies:
  - ml-image-processing: 0.125s
  - ml-object-detection: 0.197s
[info] poll_locust_row: failed to load, try again
[info] poll_locust_row: failed to load, try again
[info] poll_locust_row: failed to load, try again
[info] total_requests: 1359
[info] e2e_latency (p99): 1.300 s
[info] energy_j: 8564.820752 J
[info] served_rps: 74.90 req/s
[info]: start_time: 1767844892.231, end_time: 1767844908.831, duration_s: 16.60 s
[info] energy_cost: 6.302296 J/request
[info] average power: 515.953053 W
[info] Locust stopped
================================================================================
objective      : energy
resource_config: [{'cpu_m': 743, 'memory_mi': 70}, {'cpu_m': 5913, 'memory_mi': 400}], latencies: {'ml-image-processing': 0.12453146702987519, 'ml-object-detection': 0.19673577326073036}, price_cost: 218.332974, energy_cost: 6.302296, latency_p99 : 1.300000, feasible: True, total_requests: 1359, served_rps: 74.90, total_energy_j: 8564.820752 J, profiling_duration_s: 16.600000s, average_power: 515.953053 W
wall_time_s    : 103.141
================================================================================

================================================================================

Batch  6: best_feasible_cost (random, qNEI) = (7.077440773177318, 6.218458396875), best_constraint =  -0.900 (<=0 feasible), time = 301.70.
Best feasible resource configuration: [{'cpu_m': 592, 'memory_mi': 70}, {'cpu_m': 5085, 'memory_mi': 474}]

================================================================================
/home/cc/miniconda3/envs/faas/lib/python3.10/site-packages/botorch/acquisition/monte_carlo.py:502: NumericsWarning: qNoisyExpectedImprovement has known numerical issues that lead to suboptimal optimization performance. It is strongly recommended to simply replace

	 qNoisyExpectedImprovement 	 --> 	 qLogNoisyExpectedImprovement 

instead, which fixes the issues and has the same API. See https://arxiv.org/abs/2310.20708 for details.
  legacy_ei_numerics_warning(legacy_name=type(self).__name__)
Updating function ml-image-processing to cpu: 630m, memory: 70Mi
Updating Deployment resource configuration...

Updating function ml-object-detection to cpu: 6000m, memory: 437Mi
Updating Deployment resource configuration...

[info] Original replicas=24, selector='environmentName=ml-image-processing,environmentNamespace=default,environmentUid=2449fff4-7632-422c-aa00-519fcb194e26,executorType=newdeploy,functionName=ml-image-processing,functionNamespace=default,functionUid=58487e4a-0036-4ccd-8b22-c7f0f2d6d72b'
[info] Original replicas=73, selector='environmentName=yolo,environmentNamespace=default,environmentUid=ced8af41-455b-4081-99aa-1700c0092126,executorType=newdeploy,functionName=ml-object-detection,functionNamespace=default,functionUid=182005a6-ad76-40e9-9ecd-2fb10570ca05'
[ok] Patched Deployment resources
[ok] Patched Deployment resources
[ok] Verified Deployment template resources: requests={'cpu': '1500m', 'memory': '400Mi'} limits={'cpu': '6', 'memory': '437Mi'}
[info] Scaling deployment to 0 replicas to force full pod replacement
[ok] Verified Deployment template resources: requests={'cpu': '300m', 'memory': '50Mi'} limits={'cpu': '630m', 'memory': '70Mi'}
[info] Scaling deployment to 0 replicas to force full pod replacement
[ok] All pods terminated (replicas=0)
[info] Scaling deployment back to 24 replicas
[ok] All pods terminated (replicas=0)
[info] Scaling deployment back to 73 replicas
[ok] Rollout completed after scale-to-zero
[verify] newest RS=newdeploy-ml-image-processing-default-8b22-c7f0f2d6d72b-5fb667f789 pods=24 ready=24
[ok] Verified newest ReplicaSet template resources match expected
[ok] Rollout completed after scale-to-zero
[verify] newest RS=newdeploy-ml-object-detection-default-9ecd-2fb10570ca05-744667c46d pods=73 ready=73
[ok] Verified newest ReplicaSet template resources match expected
[info] Started Locust with PID 4158774
[info] attempt=1: start sleep for 20s
[info] attempt=1: sleep done
\Start sampling in parallel...
Workflow e2e p99 latency (70 completed in 16.1s, parallel, 8 workers): 1.492s
Average stage latencies:
  - ml-image-processing: 0.153s
  - ml-object-detection: 0.193s
[info] poll_locust_row: failed to load, try again
[info] poll_locust_row: failed to load, try again
[info] poll_locust_row: failed to load, try again
[info] poll_locust_row: failed to load, try again
[info] total_requests: 1338
[info] e2e_latency (p99): 1.400 s
[info] energy_j: 8151.739189 J
[info] served_rps: 74.00 req/s
[info]: start_time: 1767844994.231, end_time: 1767845010.331, duration_s: 16.10 s
[info] energy_cost: 6.092481 J/request
[info] average power: 506.319200 W
[info] Locust stopped
================================================================================
objective      : energy
resource_config: [{'cpu_m': 630, 'memory_mi': 70}, {'cpu_m': 6000, 'memory_mi': 437}], latencies: {'ml-image-processing': 0.15329663337075283, 'ml-object-detection': 0.19274402057219828}, price_cost: 217.944100, energy_cost: 6.092481, latency_p99 : 1.400000, feasible: True, total_requests: 1338, served_rps: 74.00, total_energy_j: 8151.739189 J, profiling_duration_s: 16.100000s, average_power: 506.319200 W
wall_time_s    : 99.314
================================================================================

Updating function ml-image-processing to cpu: 800m, memory: 60Mi
Updating Deployment resource configuration...

Updating function ml-object-detection to cpu: 6000m, memory: 400Mi
Updating Deployment resource configuration...

[info] Original replicas=24, selector='environmentName=ml-image-processing,environmentNamespace=default,environmentUid=2449fff4-7632-422c-aa00-519fcb194e26,executorType=newdeploy,functionName=ml-image-processing,functionNamespace=default,functionUid=58487e4a-0036-4ccd-8b22-c7f0f2d6d72b'
[info] Original replicas=73, selector='environmentName=yolo,environmentNamespace=default,environmentUid=ced8af41-455b-4081-99aa-1700c0092126,executorType=newdeploy,functionName=ml-object-detection,functionNamespace=default,functionUid=182005a6-ad76-40e9-9ecd-2fb10570ca05'
[ok] Patched Deployment resources
[ok] Patched Deployment resources
[ok] Verified Deployment template resources: requests={'cpu': '300m', 'memory': '50Mi'} limits={'cpu': '800m', 'memory': '60Mi'}
[info] Scaling deployment to 0 replicas to force full pod replacement
[ok] Verified Deployment template resources: requests={'cpu': '1500m', 'memory': '400Mi'} limits={'cpu': '6', 'memory': '400Mi'}
[info] Scaling deployment to 0 replicas to force full pod replacement
[ok] All pods terminated (replicas=0)
[info] Scaling deployment back to 24 replicas
[ok] All pods terminated (replicas=0)
[info] Scaling deployment back to 73 replicas
[ok] Rollout completed after scale-to-zero
[verify] newest RS=newdeploy-ml-image-processing-default-8b22-c7f0f2d6d72b-644d6d9684 pods=24 ready=24
[ok] Verified newest ReplicaSet template resources match expected
[ok] Rollout completed after scale-to-zero
[verify] newest RS=newdeploy-ml-object-detection-default-9ecd-2fb10570ca05-65fbbc4f7 pods=73 ready=73
[ok] Verified newest ReplicaSet template resources match expected
[info] Started Locust with PID 4168442
[info] attempt=1: start sleep for 20s
[info] attempt=1: sleep done
\Start sampling in parallel...
Workflow e2e p99 latency (70 completed in 16.5s, parallel, 8 workers): 2.608s
Average stage latencies:
  - ml-image-processing: 0.133s
  - ml-object-detection: 0.204s
[info] poll_locust_row: failed to load, try again
[info] poll_locust_row: failed to load, try again
[info] poll_locust_row: failed to load, try again
[info] total_requests: 1352
[info] e2e_latency (p99): 1.300 s
[info] energy_j: 8524.873904 J
[info] served_rps: 75.40 req/s
[info]: start_time: 1767845087.231, end_time: 1767845103.731, duration_s: 16.50 s
[info] energy_cost: 6.305380 J/request
[info] average power: 516.659024 W
[info] Locust stopped
================================================================================
objective      : energy
resource_config: [{'cpu_m': 800, 'memory_mi': 60}, {'cpu_m': 6000, 'memory_mi': 400}], latencies: {'ml-image-processing': 0.13306273416882114, 'ml-object-detection': 0.2035047102187361}, price_cost: 230.753215, energy_cost: 6.305380, latency_p99 : 1.300000, feasible: True, total_requests: 1352, served_rps: 75.40, total_energy_j: 8524.873904 J, profiling_duration_s: 16.500000s, average_power: 516.659024 W
wall_time_s    : 92.912
================================================================================

Updating function ml-image-processing to cpu: 679m, memory: 50Mi
Updating Deployment resource configuration...

Updating function ml-object-detection to cpu: 6000m, memory: 433Mi
Updating Deployment resource configuration...

[info] Original replicas=73, selector='environmentName=yolo,environmentNamespace=default,environmentUid=ced8af41-455b-4081-99aa-1700c0092126,executorType=newdeploy,functionName=ml-object-detection,functionNamespace=default,functionUid=182005a6-ad76-40e9-9ecd-2fb10570ca05'
[info] Original replicas=24, selector='environmentName=ml-image-processing,environmentNamespace=default,environmentUid=2449fff4-7632-422c-aa00-519fcb194e26,executorType=newdeploy,functionName=ml-image-processing,functionNamespace=default,functionUid=58487e4a-0036-4ccd-8b22-c7f0f2d6d72b'
[ok] Patched Deployment resources
[ok] Patched Deployment resources
[ok] Verified Deployment template resources: requests={'cpu': '300m', 'memory': '50Mi'} limits={'cpu': '679m', 'memory': '50Mi'}
[info] Scaling deployment to 0 replicas to force full pod replacement
[ok] Verified Deployment template resources: requests={'cpu': '1500m', 'memory': '400Mi'} limits={'cpu': '6', 'memory': '433Mi'}
[info] Scaling deployment to 0 replicas to force full pod replacement
[ok] All pods terminated (replicas=0)
[info] Scaling deployment back to 24 replicas
[ok] All pods terminated (replicas=0)
[info] Scaling deployment back to 73 replicas
[ok] Rollout completed after scale-to-zero
[verify] newest RS=newdeploy-ml-image-processing-default-8b22-c7f0f2d6d72b-d7d7765cc pods=24 ready=24
[ok] Verified newest ReplicaSet template resources match expected
[ok] Rollout completed after scale-to-zero
[verify] newest RS=newdeploy-ml-object-detection-default-9ecd-2fb10570ca05-55566d6d4c pods=73 ready=73
[ok] Verified newest ReplicaSet template resources match expected
[info] Started Locust with PID 4178292
[info] attempt=1: start sleep for 20s
[info] attempt=1: sleep done
\Start sampling in parallel...
Workflow e2e p99 latency (72 completed in 16.5s, parallel, 8 workers): 1.389s
Average stage latencies:
  - ml-image-processing: 0.131s
  - ml-object-detection: 0.194s
[info] poll_locust_row: failed to load, try again
[info] poll_locust_row: failed to load, try again
[info] poll_locust_row: failed to load, try again
[info] total_requests: 1361
[info] e2e_latency (p99): 1.300 s
[info] energy_j: 8499.539884 J
[info] served_rps: 75.90 req/s
[info]: start_time: 1767845183.831, end_time: 1767845200.431, duration_s: 16.60 s
[info] energy_cost: 6.245070 J/request
[info] average power: 512.020478 W
[info] Locust stopped
================================================================================
objective      : energy
resource_config: [{'cpu_m': 679, 'memory_mi': 50}, {'cpu_m': 6000, 'memory_mi': 433}], latencies: {'ml-image-processing': 0.13107358961780038, 'ml-object-detection': 0.19443906676800302}, price_cost: 218.340746, energy_cost: 6.245070, latency_p99 : 1.300000, feasible: True, total_requests: 1361, served_rps: 75.90, total_energy_j: 8499.539884 J, profiling_duration_s: 16.600000s, average_power: 512.020478 W
wall_time_s    : 96.702
================================================================================

================================================================================

Batch  7: best_feasible_cost (random, qNEI) = (7.077440773177318, 6.092480709267563), best_constraint =  -1.600 (<=0 feasible), time = 291.54.
Best feasible resource configuration: [{'cpu_m': 630, 'memory_mi': 70}, {'cpu_m': 6000, 'memory_mi': 437}]

================================================================================
/home/cc/miniconda3/envs/faas/lib/python3.10/site-packages/botorch/acquisition/monte_carlo.py:502: NumericsWarning: qNoisyExpectedImprovement has known numerical issues that lead to suboptimal optimization performance. It is strongly recommended to simply replace

	 qNoisyExpectedImprovement 	 --> 	 qLogNoisyExpectedImprovement 

instead, which fixes the issues and has the same API. See https://arxiv.org/abs/2310.20708 for details.
  legacy_ei_numerics_warning(legacy_name=type(self).__name__)
Updating function ml-image-processing to cpu: 758m, memory: 51Mi
Updating Deployment resource configuration...

Updating function ml-object-detection to cpu: 6000m, memory: 452Mi
Updating Deployment resource configuration...

[info] Original replicas=24, selector='environmentName=ml-image-processing,environmentNamespace=default,environmentUid=2449fff4-7632-422c-aa00-519fcb194e26,executorType=newdeploy,functionName=ml-image-processing,functionNamespace=default,functionUid=58487e4a-0036-4ccd-8b22-c7f0f2d6d72b'
[info] Original replicas=73, selector='environmentName=yolo,environmentNamespace=default,environmentUid=ced8af41-455b-4081-99aa-1700c0092126,executorType=newdeploy,functionName=ml-object-detection,functionNamespace=default,functionUid=182005a6-ad76-40e9-9ecd-2fb10570ca05'
[ok] Patched Deployment resources
[ok] Patched Deployment resources
[ok] Verified Deployment template resources: requests={'cpu': '1500m', 'memory': '400Mi'} limits={'cpu': '6', 'memory': '452Mi'}
[info] Scaling deployment to 0 replicas to force full pod replacement
[ok] Verified Deployment template resources: requests={'cpu': '300m', 'memory': '50Mi'} limits={'cpu': '758m', 'memory': '51Mi'}
[info] Scaling deployment to 0 replicas to force full pod replacement
[ok] All pods terminated (replicas=0)
[info] Scaling deployment back to 24 replicas
[ok] All pods terminated (replicas=0)
[info] Scaling deployment back to 73 replicas
[ok] Rollout completed after scale-to-zero
[verify] newest RS=newdeploy-ml-image-processing-default-8b22-c7f0f2d6d72b-677c857599 pods=24 ready=24
[ok] Verified newest ReplicaSet template resources match expected
[ok] Rollout completed after scale-to-zero
[verify] newest RS=newdeploy-ml-object-detection-default-9ecd-2fb10570ca05-6b958c4d89 pods=73 ready=73
[ok] Verified newest ReplicaSet template resources match expected
[info] Started Locust with PID 4188646
[info] attempt=1: start sleep for 20s
[info] attempt=1: sleep done
\Start sampling in parallel...
Workflow e2e p99 latency (71 completed in 17.0s, parallel, 8 workers): 3.008s
Average stage latencies:
  - ml-image-processing: 0.136s
  - ml-object-detection: 0.206s
[info] poll_locust_row: failed to load, try again
[info] poll_locust_row: failed to load, try again
[info] total_requests: 1344
[info] e2e_latency (p99): 1.700 s
[info] energy_j: 8645.765062 J
[info] served_rps: 73.40 req/s
[info]: start_time: 1767845282.031, end_time: 1767845299.031, duration_s: 17.00 s
[info] energy_cost: 6.432861 J/request
[info] average power: 508.574415 W
[info] Locust stopped
================================================================================
objective      : energy
resource_config: [{'cpu_m': 758, 'memory_mi': 51}, {'cpu_m': 6000, 'memory_mi': 452}], latencies: {'ml-image-processing': 0.13555567150174733, 'ml-object-detection': 0.20578994563925015}, price_cost: 232.615065, energy_cost: 6.432861, latency_p99 : 1.700000, feasible: True, total_requests: 1344, served_rps: 73.40, total_energy_j: 8645.765062 J, profiling_duration_s: 17.000000s, average_power: 508.574415 W
wall_time_s    : 96.385
================================================================================

Updating function ml-image-processing to cpu: 300m, memory: 68Mi
Updating Deployment resource configuration...

Updating function ml-object-detection to cpu: 1501m, memory: 512Mi
Updating Deployment resource configuration...

[info] Original replicas=24, selector='environmentName=ml-image-processing,environmentNamespace=default,environmentUid=2449fff4-7632-422c-aa00-519fcb194e26,executorType=newdeploy,functionName=ml-image-processing,functionNamespace=default,functionUid=58487e4a-0036-4ccd-8b22-c7f0f2d6d72b'
[info] Original replicas=73, selector='environmentName=yolo,environmentNamespace=default,environmentUid=ced8af41-455b-4081-99aa-1700c0092126,executorType=newdeploy,functionName=ml-object-detection,functionNamespace=default,functionUid=182005a6-ad76-40e9-9ecd-2fb10570ca05'
[ok] Patched Deployment resources
[ok] Patched Deployment resources
[ok] Verified Deployment template resources: requests={'cpu': '300m', 'memory': '50Mi'} limits={'cpu': '300m', 'memory': '68Mi'}
[info] Scaling deployment to 0 replicas to force full pod replacement
[ok] Verified Deployment template resources: requests={'cpu': '1500m', 'memory': '400Mi'} limits={'cpu': '1501m', 'memory': '512Mi'}
[info] Scaling deployment to 0 replicas to force full pod replacement
[ok] All pods terminated (replicas=0)
[info] Scaling deployment back to 24 replicas
[ok] All pods terminated (replicas=0)
[info] Scaling deployment back to 73 replicas
[ok] Rollout completed after scale-to-zero
[verify] newest RS=newdeploy-ml-image-processing-default-8b22-c7f0f2d6d72b-5874bc4f5b pods=24 ready=24
[ok] Verified newest ReplicaSet template resources match expected
[ok] Rollout completed after scale-to-zero
[verify] newest RS=newdeploy-ml-object-detection-default-9ecd-2fb10570ca05-5f7b9df8b8 pods=73 ready=73
[ok] Verified newest ReplicaSet template resources match expected
[info] Started Locust with PID 5447
[info] attempt=1: start sleep for 20s
[info] attempt=1: sleep done
\Start sampling in parallel...
Workflow e2e p99 latency (33 completed in 22.1s, parallel, 8 workers): 9.000s
Average stage latencies:
  - ml-image-processing: 0.245s
  - ml-object-detection: 0.923s
[info] poll_locust_row: failed to load, try again
[info] total_requests: 818
[info] e2e_latency (p99): 4.500 s
[info] energy_j: 6825.301619 J
[info] served_rps: 35.50 req/s
[info]: start_time: 1767845382.331, end_time: 1767845404.531, duration_s: 22.20 s
[info] energy_cost: 8.343890 J/request
[info] average power: 307.446022 W
[info] Locust stopped
================================================================================
objective      : energy
resource_config: [{'cpu_m': 300, 'memory_mi': 68}, {'cpu_m': 1501, 'memory_mi': 512}], latencies: {'ml-image-processing': 0.24495845448432696, 'ml-object-detection': 0.922506155911833}, price_cost: 258.277743, energy_cost: 8.343890, latency_p99 : 4.500000, feasible: False, total_requests: 818, served_rps: 35.50, total_energy_j: 6825.301619 J, profiling_duration_s: 22.200000s, average_power: 307.446022 W
wall_time_s    : 104.897
================================================================================

Updating function ml-image-processing to cpu: 688m, memory: 70Mi
Updating Deployment resource configuration...

Updating function ml-object-detection to cpu: 6000m, memory: 447Mi
Updating Deployment resource configuration...

[info] Original replicas=24, selector='environmentName=ml-image-processing,environmentNamespace=default,environmentUid=2449fff4-7632-422c-aa00-519fcb194e26,executorType=newdeploy,functionName=ml-image-processing,functionNamespace=default,functionUid=58487e4a-0036-4ccd-8b22-c7f0f2d6d72b'
[info] Original replicas=73, selector='environmentName=yolo,environmentNamespace=default,environmentUid=ced8af41-455b-4081-99aa-1700c0092126,executorType=newdeploy,functionName=ml-object-detection,functionNamespace=default,functionUid=182005a6-ad76-40e9-9ecd-2fb10570ca05'
[ok] Patched Deployment resources
[ok] Patched Deployment resources
[ok] Verified Deployment template resources: requests={'cpu': '1500m', 'memory': '400Mi'} limits={'cpu': '6', 'memory': '447Mi'}
[info] Scaling deployment to 0 replicas to force full pod replacement
[ok] Verified Deployment template resources: requests={'cpu': '300m', 'memory': '50Mi'} limits={'cpu': '688m', 'memory': '70Mi'}
[info] Scaling deployment to 0 replicas to force full pod replacement
[ok] All pods terminated (replicas=0)
[info] Scaling deployment back to 24 replicas
[ok] All pods terminated (replicas=0)
[info] Scaling deployment back to 73 replicas
[ok] Deleted HPA newdeploy-ml-object-detection-default-9ecd-2fb10570ca05
[ok] Rollout completed after scale-to-zero
[verify] newest RS=newdeploy-ml-image-processing-default-8b22-c7f0f2d6d72b-5b9f8f649f pods=24 ready=24
[ok] Verified newest ReplicaSet template resources match expected
[ok] Rollout completed after scale-to-zero
[verify] newest RS=newdeploy-ml-object-detection-default-9ecd-2fb10570ca05-579c776d4c pods=73 ready=73
[ok] Verified newest ReplicaSet template resources match expected
[info] Started Locust with PID 15442
[info] attempt=1: start sleep for 20s
[info] attempt=1: sleep done
\Start sampling in parallel...
Workflow e2e p99 latency (72 completed in 16.6s, parallel, 8 workers): 1.761s
Average stage latencies:
  - ml-image-processing: 0.137s
  - ml-object-detection: 0.201s
[info] poll_locust_row: failed to load, try again
[info] poll_locust_row: failed to load, try again
[info] poll_locust_row: failed to load, try again
[info] total_requests: 1356
[info] e2e_latency (p99): 1.300 s
[info] energy_j: 8464.857025 J
[info] served_rps: 74.40 req/s
[info]: start_time: 1767845486.031, end_time: 1767845502.631, duration_s: 16.60 s
[info] energy_cost: 6.242520 J/request
[info] average power: 509.931142 W
[info] Locust stopped
================================================================================
objective      : energy
resource_config: [{'cpu_m': 688, 'memory_mi': 70}, {'cpu_m': 6000, 'memory_mi': 447}], latencies: {'ml-image-processing': 0.1371592768571443, 'ml-object-detection': 0.20052821873428506}, price_cost: 225.694155, energy_cost: 6.242520, latency_p99 : 1.300000, feasible: True, total_requests: 1356, served_rps: 74.40, total_energy_j: 8464.857025 J, profiling_duration_s: 16.600000s, average_power: 509.931142 W
wall_time_s    : 99.111
================================================================================

================================================================================

Batch  8: best_feasible_cost (random, qNEI) = (7.077440773177318, 6.092480709267563), best_constraint =  -1.600 (<=0 feasible), time = 302.19.
Best feasible resource configuration: [{'cpu_m': 630, 'memory_mi': 70}, {'cpu_m': 6000, 'memory_mi': 437}]

================================================================================
/home/cc/miniconda3/envs/faas/lib/python3.10/site-packages/botorch/acquisition/monte_carlo.py:502: NumericsWarning: qNoisyExpectedImprovement has known numerical issues that lead to suboptimal optimization performance. It is strongly recommended to simply replace

	 qNoisyExpectedImprovement 	 --> 	 qLogNoisyExpectedImprovement 

instead, which fixes the issues and has the same API. See https://arxiv.org/abs/2310.20708 for details.
  legacy_ei_numerics_warning(legacy_name=type(self).__name__)
Updating function ml-image-processing to cpu: 620m, memory: 62Mi
Updating Deployment resource configuration...

Updating function ml-object-detection to cpu: 4399m, memory: 493Mi
Updating Deployment resource configuration...

[info] Original replicas=24, selector='environmentName=ml-image-processing,environmentNamespace=default,environmentUid=2449fff4-7632-422c-aa00-519fcb194e26,executorType=newdeploy,functionName=ml-image-processing,functionNamespace=default,functionUid=58487e4a-0036-4ccd-8b22-c7f0f2d6d72b'
[info] Original replicas=73, selector='environmentName=yolo,environmentNamespace=default,environmentUid=ced8af41-455b-4081-99aa-1700c0092126,executorType=newdeploy,functionName=ml-object-detection,functionNamespace=default,functionUid=182005a6-ad76-40e9-9ecd-2fb10570ca05'
[ok] Patched Deployment resources
[ok] Patched Deployment resources
[ok] Verified Deployment template resources: requests={'cpu': '300m', 'memory': '50Mi'} limits={'cpu': '620m', 'memory': '62Mi'}
[info] Scaling deployment to 0 replicas to force full pod replacement
[ok] Verified Deployment template resources: requests={'cpu': '1500m', 'memory': '400Mi'} limits={'cpu': '4399m', 'memory': '493Mi'}
[info] Scaling deployment to 0 replicas to force full pod replacement
[ok] All pods terminated (replicas=0)
[info] Scaling deployment back to 24 replicas
[ok] All pods terminated (replicas=0)
[info] Scaling deployment back to 73 replicas
[ok] Rollout completed after scale-to-zero
[verify] newest RS=newdeploy-ml-image-processing-default-8b22-c7f0f2d6d72b-7665f9d66d pods=24 ready=24
[ok] Verified newest ReplicaSet template resources match expected
[ok] Rollout completed after scale-to-zero
[verify] newest RS=newdeploy-ml-object-detection-default-9ecd-2fb10570ca05-59c47f6bf4 pods=73 ready=73
[ok] Verified newest ReplicaSet template resources match expected
[info] Started Locust with PID 25671
[info] attempt=1: start sleep for 20s
[info] attempt=1: sleep done
\Start sampling in parallel...
Workflow e2e p99 latency (56 completed in 18.9s, parallel, 8 workers): 9.000s
Average stage latencies:
  - ml-image-processing: 0.131s
  - ml-object-detection: 0.245s
[info] total_requests: 1210
[info] e2e_latency (p99): 3.700 s
[info] energy_j: 8951.292854 J
[info] served_rps: 67.60 req/s
[info]: start_time: 1767845585.431, end_time: 1767845604.431, duration_s: 19.00 s
[info] energy_cost: 7.397763 J/request
[info] average power: 471.120677 W
[info] Locust stopped
================================================================================
objective      : energy
resource_config: [{'cpu_m': 620, 'memory_mi': 62}, {'cpu_m': 4399, 'memory_mi': 493}], latencies: {'ml-image-processing': 0.13093055757693947, 'ml-object-detection': 0.24503682774491609}, price_cost: 202.108980, energy_cost: 7.397763, latency_p99 : 3.700000, feasible: False, total_requests: 1210, served_rps: 67.60, total_energy_j: 8951.292854 J, profiling_duration_s: 19.000000s, average_power: 471.120677 W
wall_time_s    : 99.197
================================================================================

Updating function ml-image-processing to cpu: 691m, memory: 70Mi
Updating Deployment resource configuration...

Updating function ml-object-detection to cpu: 6000m, memory: 405Mi
Updating Deployment resource configuration...

[info] Original replicas=24, selector='environmentName=ml-image-processing,environmentNamespace=default,environmentUid=2449fff4-7632-422c-aa00-519fcb194e26,executorType=newdeploy,functionName=ml-image-processing,functionNamespace=default,functionUid=58487e4a-0036-4ccd-8b22-c7f0f2d6d72b'
[info] Original replicas=73, selector='environmentName=yolo,environmentNamespace=default,environmentUid=ced8af41-455b-4081-99aa-1700c0092126,executorType=newdeploy,functionName=ml-object-detection,functionNamespace=default,functionUid=182005a6-ad76-40e9-9ecd-2fb10570ca05'
[ok] Patched Deployment resources
[ok] Patched Deployment resources
[ok] Verified Deployment template resources: requests={'cpu': '300m', 'memory': '50Mi'} limits={'cpu': '691m', 'memory': '70Mi'}
[info] Scaling deployment to 0 replicas to force full pod replacement
[ok] Verified Deployment template resources: requests={'cpu': '1500m', 'memory': '400Mi'} limits={'cpu': '6', 'memory': '405Mi'}
[info] Scaling deployment to 0 replicas to force full pod replacement
[ok] All pods terminated (replicas=0)
[info] Scaling deployment back to 24 replicas
[ok] All pods terminated (replicas=0)
[info] Scaling deployment back to 73 replicas
[ok] Rollout completed after scale-to-zero
[verify] newest RS=newdeploy-ml-image-processing-default-8b22-c7f0f2d6d72b-644f6f89d7 pods=24 ready=24
[ok] Verified newest ReplicaSet template resources match expected
[ok] Rollout completed after scale-to-zero
[verify] newest RS=newdeploy-ml-object-detection-default-9ecd-2fb10570ca05-8485cc57c pods=73 ready=73
[ok] Verified newest ReplicaSet template resources match expected
[info] Started Locust with PID 35829
[info] attempt=1: start sleep for 20s
[info] attempt=1: sleep done
\Start sampling in parallel...
Workflow e2e p99 latency (72 completed in 16.2s, parallel, 8 workers): 1.814s
Average stage latencies:
  - ml-image-processing: 0.132s
  - ml-object-detection: 0.193s
[info] poll_locust_row: failed to load, try again
[info] poll_locust_row: failed to load, try again
[info] poll_locust_row: failed to load, try again
[info] total_requests: 1360
[info] e2e_latency (p99): 1.400 s
[info] energy_j: 8277.139915 J
[info] served_rps: 75.10 req/s
[info]: start_time: 1767845680.931, end_time: 1767845697.131, duration_s: 16.20 s
[info] energy_cost: 6.086132 J/request
[info] average power: 510.934561 W
[info] Locust stopped
================================================================================
objective      : energy
resource_config: [{'cpu_m': 691, 'memory_mi': 70}, {'cpu_m': 6000, 'memory_mi': 405}], latencies: {'ml-image-processing': 0.13180513456205112, 'ml-object-detection': 0.193388742452953}, price_cost: 217.570746, energy_cost: 6.086132, latency_p99 : 1.400000, feasible: True, total_requests: 1360, served_rps: 75.10, total_energy_j: 8277.139915 J, profiling_duration_s: 16.200000s, average_power: 510.934561 W
wall_time_s    : 94.249
================================================================================

Updating function ml-image-processing to cpu: 684m, memory: 50Mi
Updating Deployment resource configuration...

Updating function ml-object-detection to cpu: 6000m, memory: 400Mi
Updating Deployment resource configuration...

[info] Original replicas=73, selector='environmentName=yolo,environmentNamespace=default,environmentUid=ced8af41-455b-4081-99aa-1700c0092126,executorType=newdeploy,functionName=ml-object-detection,functionNamespace=default,functionUid=182005a6-ad76-40e9-9ecd-2fb10570ca05'
[info] Original replicas=24, selector='environmentName=ml-image-processing,environmentNamespace=default,environmentUid=2449fff4-7632-422c-aa00-519fcb194e26,executorType=newdeploy,functionName=ml-image-processing,functionNamespace=default,functionUid=58487e4a-0036-4ccd-8b22-c7f0f2d6d72b'
[ok] Patched Deployment resources
[ok] Patched Deployment resources
[ok] Verified Deployment template resources: requests={'cpu': '1500m', 'memory': '400Mi'} limits={'cpu': '6', 'memory': '400Mi'}
[info] Scaling deployment to 0 replicas to force full pod replacement
[ok] Verified Deployment template resources: requests={'cpu': '300m', 'memory': '50Mi'} limits={'cpu': '684m', 'memory': '50Mi'}
[info] Scaling deployment to 0 replicas to force full pod replacement
[ok] All pods terminated (replicas=0)
[info] Scaling deployment back to 73 replicas
[ok] All pods terminated (replicas=0)
[info] Scaling deployment back to 24 replicas
[ok] Rollout completed after scale-to-zero
[verify] newest RS=newdeploy-ml-image-processing-default-8b22-c7f0f2d6d72b-866588fbd5 pods=24 ready=24
[ok] Verified newest ReplicaSet template resources match expected
[ok] Rollout completed after scale-to-zero
[verify] newest RS=newdeploy-ml-object-detection-default-9ecd-2fb10570ca05-65fbbc4f7 pods=73 ready=73
[ok] Verified newest ReplicaSet template resources match expected
[info] Started Locust with PID 45886
[info] attempt=1: start sleep for 20s
[info] attempt=1: sleep done
\Start sampling in parallel...
Workflow e2e p99 latency (73 completed in 16.6s, parallel, 8 workers): 2.248s
Average stage latencies:
  - ml-image-processing: 0.133s
  - ml-object-detection: 0.197s
[info] poll_locust_row: failed to load, try again
[info] poll_locust_row: failed to load, try again
[info] poll_locust_row: failed to load, try again
[info] total_requests: 1357
[info] e2e_latency (p99): 1.300 s
[info] energy_j: 8487.148919 J
[info] served_rps: 74.50 req/s
[info]: start_time: 1767845781.231, end_time: 1767845797.831, duration_s: 16.60 s
[info] energy_cost: 6.254347 J/request
[info] average power: 511.274027 W
[info] Locust stopped
================================================================================
objective      : energy
resource_config: [{'cpu_m': 684, 'memory_mi': 50}, {'cpu_m': 6000, 'memory_mi': 400}], latencies: {'ml-image-processing': 0.13300056872914914, 'ml-object-detection': 0.1971321922331436}, price_cost: 221.413125, energy_cost: 6.254347, latency_p99 : 1.300000, feasible: True, total_requests: 1357, served_rps: 74.50, total_energy_j: 8487.148919 J, profiling_duration_s: 16.600000s, average_power: 511.274027 W
wall_time_s    : 100.673
================================================================================

================================================================================

Batch  9: best_feasible_cost (random, qNEI) = (7.077440773177318, 6.086132290441176), best_constraint =  -1.600 (<=0 feasible), time = 295.18.
Best feasible resource configuration: [{'cpu_m': 691, 'memory_mi': 70}, {'cpu_m': 6000, 'memory_mi': 405}]

================================================================================
/home/cc/miniconda3/envs/faas/lib/python3.10/site-packages/botorch/acquisition/monte_carlo.py:502: NumericsWarning: qNoisyExpectedImprovement has known numerical issues that lead to suboptimal optimization performance. It is strongly recommended to simply replace

	 qNoisyExpectedImprovement 	 --> 	 qLogNoisyExpectedImprovement 

instead, which fixes the issues and has the same API. See https://arxiv.org/abs/2310.20708 for details.
  legacy_ei_numerics_warning(legacy_name=type(self).__name__)
Updating function ml-image-processing to cpu: 607m, memory: 70Mi
Updating Deployment resource configuration...

Updating function ml-object-detection to cpu: 6000m, memory: 508Mi
Updating Deployment resource configuration...

[info] Original replicas=24, selector='environmentName=ml-image-processing,environmentNamespace=default,environmentUid=2449fff4-7632-422c-aa00-519fcb194e26,executorType=newdeploy,functionName=ml-image-processing,functionNamespace=default,functionUid=58487e4a-0036-4ccd-8b22-c7f0f2d6d72b'
[info] Original replicas=73, selector='environmentName=yolo,environmentNamespace=default,environmentUid=ced8af41-455b-4081-99aa-1700c0092126,executorType=newdeploy,functionName=ml-object-detection,functionNamespace=default,functionUid=182005a6-ad76-40e9-9ecd-2fb10570ca05'
[ok] Patched Deployment resources
[ok] Patched Deployment resources
[ok] Verified Deployment template resources: requests={'cpu': '300m', 'memory': '50Mi'} limits={'cpu': '607m', 'memory': '70Mi'}
[info] Scaling deployment to 0 replicas to force full pod replacement
[ok] Verified Deployment template resources: requests={'cpu': '1500m', 'memory': '400Mi'} limits={'cpu': '6', 'memory': '508Mi'}
[info] Scaling deployment to 0 replicas to force full pod replacement
[ok] All pods terminated (replicas=0)
[info] Scaling deployment back to 24 replicas
[ok] All pods terminated (replicas=0)
[info] Scaling deployment back to 73 replicas
[ok] Rollout completed after scale-to-zero
[verify] newest RS=newdeploy-ml-image-processing-default-8b22-c7f0f2d6d72b-558b5c845c pods=24 ready=24
[ok] Verified newest ReplicaSet template resources match expected
[ok] Rollout completed after scale-to-zero
[verify] newest RS=newdeploy-ml-object-detection-default-9ecd-2fb10570ca05-594fc77476 pods=73 ready=73
[ok] Verified newest ReplicaSet template resources match expected
[info] Started Locust with PID 62096
[info] attempt=1: start sleep for 20s
[info] attempt=1: sleep done
\Start sampling in parallel...
Workflow e2e p99 latency (70 completed in 16.3s, parallel, 8 workers): 1.383s
Average stage latencies:
  - ml-image-processing: 0.159s
  - ml-object-detection: 0.186s
[info] poll_locust_row: failed to load, try again
[info] poll_locust_row: failed to load, try again
[info] poll_locust_row: failed to load, try again
[info] total_requests: 1218
[info] e2e_latency (p99): 1.500 s
[info] energy_j: 8215.700129 J
[info] served_rps: 72.70 req/s
[info]: start_time: 1767845878.131, end_time: 1767845894.431, duration_s: 16.30 s
[info] energy_cost: 6.745238 J/request
[info] average power: 504.030684 W
[info] Locust stopped
================================================================================
objective      : energy
resource_config: [{'cpu_m': 607, 'memory_mi': 70}, {'cpu_m': 6000, 'memory_mi': 508}], latencies: {'ml-image-processing': 0.15944574385482285, 'ml-object-detection': 0.18582921298885985}, price_cost: 210.932698, energy_cost: 6.745238, latency_p99 : 1.500000, feasible: True, total_requests: 1218, served_rps: 72.70, total_energy_j: 8215.700129 J, profiling_duration_s: 16.300000s, average_power: 504.030684 W
wall_time_s    : 95.042
================================================================================

Updating function ml-image-processing to cpu: 546m, memory: 50Mi
Updating Deployment resource configuration...

Updating function ml-object-detection to cpu: 6000m, memory: 400Mi
Updating Deployment resource configuration...

[info] Original replicas=24, selector='environmentName=ml-image-processing,environmentNamespace=default,environmentUid=2449fff4-7632-422c-aa00-519fcb194e26,executorType=newdeploy,functionName=ml-image-processing,functionNamespace=default,functionUid=58487e4a-0036-4ccd-8b22-c7f0f2d6d72b'
[info] Original replicas=73, selector='environmentName=yolo,environmentNamespace=default,environmentUid=ced8af41-455b-4081-99aa-1700c0092126,executorType=newdeploy,functionName=ml-object-detection,functionNamespace=default,functionUid=182005a6-ad76-40e9-9ecd-2fb10570ca05'
[ok] Patched Deployment resources
[ok] Patched Deployment resources
[ok] Verified Deployment template resources: requests={'cpu': '1500m', 'memory': '400Mi'} limits={'cpu': '6', 'memory': '400Mi'}
[info] Scaling deployment to 0 replicas to force full pod replacement
[ok] Verified Deployment template resources: requests={'cpu': '300m', 'memory': '50Mi'} limits={'cpu': '546m', 'memory': '50Mi'}
[info] Scaling deployment to 0 replicas to force full pod replacement
[ok] All pods terminated (replicas=0)
[info] Scaling deployment back to 24 replicas
[ok] All pods terminated (replicas=0)
[info] Scaling deployment back to 73 replicas
[ok] Rollout completed after scale-to-zero
[verify] newest RS=newdeploy-ml-image-processing-default-8b22-c7f0f2d6d72b-6df6dccf5 pods=24 ready=24
[ok] Verified newest ReplicaSet template resources match expected
[ok] Rollout completed after scale-to-zero
[verify] newest RS=newdeploy-ml-object-detection-default-9ecd-2fb10570ca05-65fbbc4f7 pods=73 ready=73
[ok] Verified newest ReplicaSet template resources match expected
[info] Started Locust with PID 72209
[info] attempt=1: start sleep for 20s
[info] attempt=1: sleep done
\Start sampling in parallel...
Workflow e2e p99 latency (71 completed in 17.4s, parallel, 8 workers): 1.483s
Average stage latencies:
  - ml-image-processing: 0.170s
  - ml-object-detection: 0.198s
[info] poll_locust_row: failed to load, try again
[info] total_requests: 1309
[info] e2e_latency (p99): 1.600 s
[info] energy_j: 8726.898381 J
[info] served_rps: 72.70 req/s
[info]: start_time: 1767845975.331, end_time: 1767845992.731, duration_s: 17.40 s
[info] energy_cost: 6.666844 J/request
[info] average power: 501.545888 W
[info] Locust stopped
================================================================================
objective      : energy
resource_config: [{'cpu_m': 546, 'memory_mi': 50}, {'cpu_m': 6000, 'memory_mi': 400}], latencies: {'ml-image-processing': 0.1703852763478185, 'ml-object-detection': 0.1983642271182067}, price_cost: 223.077059, energy_cost: 6.666844, latency_p99 : 1.600000, feasible: True, total_requests: 1309, served_rps: 72.70, total_energy_j: 8726.898381 J, profiling_duration_s: 17.400000s, average_power: 501.545888 W
wall_time_s    : 97.199
================================================================================

Updating function ml-image-processing to cpu: 800m, memory: 70Mi
Updating Deployment resource configuration...

Updating function ml-object-detection to cpu: 6000m, memory: 512Mi
Updating Deployment resource configuration...

[info] Original replicas=24, selector='environmentName=ml-image-processing,environmentNamespace=default,environmentUid=2449fff4-7632-422c-aa00-519fcb194e26,executorType=newdeploy,functionName=ml-image-processing,functionNamespace=default,functionUid=58487e4a-0036-4ccd-8b22-c7f0f2d6d72b'
[info] Original replicas=73, selector='environmentName=yolo,environmentNamespace=default,environmentUid=ced8af41-455b-4081-99aa-1700c0092126,executorType=newdeploy,functionName=ml-object-detection,functionNamespace=default,functionUid=182005a6-ad76-40e9-9ecd-2fb10570ca05'
[ok] Patched Deployment resources
[ok] Patched Deployment resources
[ok] Verified Deployment template resources: requests={'cpu': '300m', 'memory': '50Mi'} limits={'cpu': '800m', 'memory': '70Mi'}
[info] Scaling deployment to 0 replicas to force full pod replacement
[ok] Verified Deployment template resources: requests={'cpu': '1500m', 'memory': '400Mi'} limits={'cpu': '6', 'memory': '512Mi'}
[info] Scaling deployment to 0 replicas to force full pod replacement
[ok] All pods terminated (replicas=0)
[info] Scaling deployment back to 24 replicas
[ok] All pods terminated (replicas=0)
[info] Scaling deployment back to 73 replicas
[ok] Rollout completed after scale-to-zero
[verify] newest RS=newdeploy-ml-image-processing-default-8b22-c7f0f2d6d72b-645757cff9 pods=24 ready=24
[ok] Verified newest ReplicaSet template resources match expected
[ok] Rollout completed after scale-to-zero
[verify] newest RS=newdeploy-ml-object-detection-default-9ecd-2fb10570ca05-55c69597d5 pods=73 ready=73
[ok] Verified newest ReplicaSet template resources match expected
[info] Started Locust with PID 82454
[info] attempt=1: start sleep for 20s
[info] attempt=1: sleep done
\Start sampling in parallel...
Workflow e2e p99 latency (73 completed in 16.5s, parallel, 8 workers): 1.247s
Average stage latencies:
  - ml-image-processing: 0.125s
  - ml-object-detection: 0.199s
[info] poll_locust_row: failed to load, try again
[info] poll_locust_row: failed to load, try again
[info] poll_locust_row: failed to load, try again
[info] total_requests: 1385
[info] e2e_latency (p99): 1.100 s
[info] energy_j: 8556.042228 J
[info] served_rps: 76.90 req/s
[info]: start_time: 1767846074.631, end_time: 1767846091.231, duration_s: 16.60 s
[info] energy_cost: 6.177648 J/request
[info] average power: 515.424234 W
[info] Locust stopped
================================================================================
objective      : energy
resource_config: [{'cpu_m': 800, 'memory_mi': 70}, {'cpu_m': 6000, 'memory_mi': 512}], latencies: {'ml-image-processing': 0.12470346280973252, 'ml-object-detection': 0.1986818719935948}, price_cost: 224.849331, energy_cost: 6.177648, latency_p99 : 1.100000, feasible: True, total_requests: 1385, served_rps: 76.90, total_energy_j: 8556.042228 J, profiling_duration_s: 16.600000s, average_power: 515.424234 W
wall_time_s    : 99.521
================================================================================

================================================================================

Batch 10: best_feasible_cost (random, qNEI) = (7.077440773177318, 6.086132290441176), best_constraint =  -1.600 (<=0 feasible), time = 293.40.
Best feasible resource configuration: [{'cpu_m': 691, 'memory_mi': 70}, {'cpu_m': 6000, 'memory_mi': 405}]

================================================================================
BO loop time: 4014.06 seconds
Best cost: 6.086132290441176
Best resource configuration: [{'cpu_m': 691, 'memory_mi': 70}, {'cpu_m': 6000, 'memory_mi': 405}]

========================================
