hour,median,mean,std,p05,p50,p95,true_hourly_energy,mean_minus_truth
745.0,322249.3302150158,322249.3280736885,0.006855592398091769,322249.32218503836,322249.3302150158,322249.3406539864,306702.7397880623,15546.588285626203
746.0,263735.8029269006,262351.85277714074,1694.9962883766402,260275.91048979523,263735.8029269006,263735.81997565733,242713.04437912867,19638.808398012072
747.0,230342.59186210707,229560.11465480571,1465.2227628656947,227252.76848535292,230342.59186210707,231199.61507029584,225520.5522738354,4039.56238097031
748.0,208704.70728084608,210991.79366523976,6144.195621097416,204655.48068551577,208704.70728084608,221291.84675516767,224164.51065869056,-13172.716993450798
749.0,202211.96009751578,211600.90417581628,15250.807024878543,197466.57838245752,202211.96009751578,236157.99056913058,218509.2467482985,-6908.3425724822155
750.0,223410.69005031066,234358.98581545247,15849.69207711829,219315.6926605005,223410.69005031066,257208.8872879381,221387.27534008696,12971.710475365515
751.0,258382.66962279746,261596.6583937015,15931.477328996718,239241.92570898592,258382.66962279746,288401.51157816366,255303.57927189083,6293.079121810675
752.0,337837.29157117713,339197.1845455798,13184.903735950358,320921.12999105087,337837.29157117713,360019.55769126123,334938.133578348,4259.0509672318
753.0,416358.0070361926,413361.31114696467,12023.819835574617,395303.0685324361,416358.0070361926,434745.38006690843,419312.8818128557,-5951.570665891049
754.0,459993.15950679005,459476.91705425613,11788.374325968829,445591.33977840183,459993.15950679005,478173.40129112557,456246.9648544425,3229.952199813619
755.0,484908.1012326669,485087.06536737736,9437.003734866117,472859.1771987496,484908.1012326669,499108.28436514887,446153.6565061555,38933.40886122186
756.0,472458.66340151447,471392.3426143148,9853.947012942557,458543.8633104823,472458.66340151447,488827.6141543234,468460.2102582645,2932.132356050308
757.0,458235.1674824139,457977.52400293766,11350.445284000856,438447.9855658964,458235.1674824139,473493.5803908378,440003.40027688816,17974.123726049496
758.0,457976.88533235685,455958.34901383816,12340.876351016657,438594.19119757763,457976.88533235685,473793.57856330724,438148.7615774329,17809.587436405243
759.0,458995.57389409357,459631.1468681571,11389.6222108468,443478.95130828914,458995.57389409357,478211.074232666,451534.2570612543,8096.889806902793
760.0,460810.8873391863,460399.81168347585,9880.184076654788,445175.044097797,460810.8873391863,474022.7444229489,459564.0699196074,835.7417638684274
761.0,462204.3737210616,461595.90426665806,6371.719557292019,451002.13886945415,462204.3737210616,468148.835156777,464572.9042406489,-2976.999973990838
762.0,469894.51276278985,468565.45036025974,8990.2529624052,454035.7048151069,469894.51276278985,484090.3038350269,445339.8756278776,23225.57473238214
763.0,496580.7361339878,494401.0363777907,9421.60952367134,481884.00402450224,496580.7361339878,507333.34177150845,454001.9720560711,40399.064321719576
764.0,523664.7843742008,524441.172178878,7532.82060689442,513273.6067909619,523664.7843742008,535561.9846752491,506243.19790954137,18197.974269336613
765.0,526665.465556257,531109.097116228,10781.928381670947,519129.72959495755,526665.465556257,548692.1420565074,486247.00290972006,44862.0942065079
766.0,505129.8133238843,502247.87213679106,15620.53323085813,476744.3143951993,505129.8133238843,519195.31424778834,475657.95828562445,26589.91385116661
767.0,436290.714116636,428873.1087353116,19313.930958966383,394031.54109263106,436290.714116636,449226.084987084,408795.4160253368,20077.692709974828
768.0,375586.44591487775,374058.7601257743,19324.76507625954,345711.24898439937,375586.44591487775,399984.95947638166,368838.36361209216,5220.39651368215
769.0,312916.4030311199,312781.35489963903,13969.620708475317,291779.5007273968,312916.4030311199,333263.9524655434,293716.9378274329,19064.417072206154
770.0,246718.13274164987,248340.2607956699,22327.178434451434,206013.12707188478,246718.13274164987,276216.95022450504,251232.0635266236,-2891.802730953699
771.0,230283.29975181367,225784.3513224268,17478.663459454412,193357.10012308607,230283.29975181367,244481.51109579531,226042.5633710215,-258.21204859469435
772.0,203306.02649303954,206040.7642471332,17428.545103299482,182962.9346669407,203306.02649303954,232890.7388789392,213308.84628313652,-7268.082036003325
773.0,205606.14778001368,204468.59748859593,16318.4004027083,183004.70468143214,205606.14778001368,228606.08445621887,200837.6737168635,3630.9237717324286
774.0,230381.94483947888,227393.9308016251,16089.02412421961,192456.95143613394,230381.94483947888,244146.6562865974,225688.0957720052,1705.8350296198914
775.0,271347.5343174221,268745.90951981867,12440.037468479959,248196.55806115063,271347.5343174221,284420.8186297118,254803.68019345708,13942.229326361587
776.0,344666.5865203608,341247.108505537,18412.52247711793,304951.8505338402,344666.5865203608,364272.42076106597,339600.61760083935,1646.4909046976245
777.0,428946.53108331247,421736.7034344758,20662.2404277503,386888.35478346323,428946.53108331247,443312.394422055,418418.1977288456,3318.505705630232
778.0,469788.45139401895,474002.20660742855,11450.782667887079,457407.7514573026,469788.45139401895,490652.154538666,506668.33109439793,-32666.124486969376
779.0,512281.48848125915,512632.34198123566,14807.299118119909,493871.1984173859,512281.48848125915,533349.0584933499,496491.52403786214,16140.81794337352
780.0,484185.35960708244,479085.6052279639,18444.285369515193,449030.4988903929,484185.35960708244,499733.02893218666,479060.0041989691,25.601028994773515
781.0,471949.6696972142,469844.722423055,13584.864092723208,448017.4422393917,471949.6696972142,485940.336774797,488950.60524353717,-19105.88282048219
782.0,467542.42968030187,468561.9625959088,15365.979190755379,449883.4215846387,467542.42968030187,494400.8251806917,452466.40501630015,16095.557579608634
783.0,475462.91154977,471177.1947139207,14542.586965133214,448182.1445434949,475462.91154977,491123.16612762597,477096.2834696088,-5919.088755688106
784.0,471749.4854649956,467270.10288011393,14744.05622752218,443474.5013188591,471749.4854649956,482406.9367523482,458987.687500143,8282.415379970917
785.0,479325.10640932375,476719.3541238786,16292.149308160688,449774.00289497053,479325.10640932375,494784.1529965661,467488.6712359876,9230.682887890958
786.0,487720.54364551994,489405.5313626211,15601.298788653381,462482.42537389434,487720.54364551994,513489.6131261241,493155.08016650466,-3749.5488038835465
787.0,517472.41035909473,516406.74013393355,15706.706458039916,493306.6265232646,517472.41035909473,541272.012693337,520822.9886978467,-4416.248563913163
788.0,532055.3730096153,532469.7283842434,12566.360031105603,512027.72497838095,532055.3730096153,548308.82137731,529568.6578783708,2901.0705058726016
789.0,532109.8458069204,534717.90962533,11977.318364716657,521588.84093123436,532109.8458069204,553146.9546225375,532183.7447995368,2534.1648257932393
790.0,507965.2225031728,511945.33746317157,14698.154787897764,494151.41790918587,507965.2225031728,536953.531939057,521146.6857748649,-9201.34831169335
791.0,451727.97966846684,450995.6664786639,15307.377309599437,433258.854369528,451727.97966846684,472782.18775106926,447717.6123740671,3278.054104596842
792.0,388049.2613470142,386688.5624002479,11255.097776207464,370171.6042933753,388049.2613470142,401760.1395660229,374518.8342985216,12169.72810172633
793.0,323738.1893020926,321266.66522872745,11793.63718655433,304255.82461508084,323738.1893020926,337920.60459349473,317895.7657306114,3370.8994981160504
794.0,276880.31541498104,282537.5434845521,20717.96591626926,255583.11545816017,276880.31541498104,322331.5131038195,260274.97941326606,22262.564071286062
795.0,230151.04229667646,229290.1983614468,9972.745489548806,215441.41574343643,230151.04229667646,242202.10598241616,226159.0168136421,3131.1815478046774
796.0,210737.7394060557,217904.2417642935,18633.520571988865,195997.4849168522,210737.7394060557,248808.86226752106,209179.07848387145,8725.163280422043
797.0,206798.660599797,212721.66079336134,19994.994072344674,192613.68288987916,206798.660599797,243730.07859861836,203326.71805109526,9394.942742266081
798.0,230129.082648053,228835.70491874265,6923.127373989903,217664.55521568202,230129.082648053,238675.05965257518,222526.7129119363,6308.992006806337
799.0,288113.1344628715,289976.0435657113,17555.976868295395,267838.9837519593,288113.1344628715,319983.54898227385,260701.69352976925,29274.350035942043
800.0,369980.2111607207,372530.962054737,13721.864409295475,350920.42184410273,369980.2111607207,394554.1196114684,349467.4679062527,23063.494148484315
801.0,452626.90230854665,449919.0055629794,5927.511543527726,440341.17012733093,452626.90230854665,456396.9997397276,448636.23488564877,1282.7706773306127
802.0,506117.05896138854,508278.04348315916,7604.149344860167,499475.89301076735,506117.05896138854,522475.9627202612,472074.0678515257,36203.97563163348
803.0,518955.7294848521,520473.73758539406,8454.764559460273,508661.5385170533,518955.7294848521,532836.0474011871,473048.68256473594,47425.055020658125
804.0,501287.56081332976,498685.47169147007,12740.56028127156,476837.3610139538,501287.56081332976,512094.7107246113,484629.4314239398,14056.040267530247
805.0,491324.4261370949,494674.58234249294,9357.391363102031,484736.0861060029,491324.4261370949,513147.6813863145,459713.12906928285,34961.45327321009
806.0,487246.71781990584,483423.5878548501,12925.050955420425,459240.7499948805,487246.71781990584,499371.014592782,458029.9573796792,25393.63047517091
807.0,492680.6312658019,486680.1871423651,16177.80740309492,458239.09062681906,492680.6312658019,503441.98016675335,487787.01766739826,-1106.830525033176
808.0,487850.6299700797,488157.70457703655,12514.620525302995,467945.53255946125,487850.6299700797,509991.1967283446,499535.8910594384,-11378.186482401856
809.0,499782.9960856502,500700.6282605699,12691.261378339163,482531.9577618799,499782.9960856502,526655.0827648335,500562.49017472623,138.13808584364597
810.0,518143.0776156579,515822.5148395548,11954.203846364999,499844.7726632671,518143.0776156579,532128.5162562222,472192.1192918371,43630.39554771769
811.0,542578.9235166064,540820.7761786905,9539.70506430149,522904.8642614151,542578.9235166064,554120.3596475729,506414.82559910207,34405.95057958842
812.0,564516.2620499736,559173.05153578,12962.768631914576,536548.0899461957,564516.2620499736,572960.1445775969,555589.4843679402,3583.567167839734
813.0,571293.5066371768,570745.7813725508,13020.97988602787,549370.9659547432,571293.5066371768,592199.1983082605,558909.101098473,11836.680274077808
814.0,554986.6757806183,554796.7295269914,10717.206434683576,539682.9727178073,554986.6757806183,568732.3356942405,510427.94567670656,44368.78385028482
815.0,489425.48882736947,481199.92453773064,17555.35331049592,456916.5836491032,489425.48882736947,501060.798374179,465657.1845621122,15542.739975618431
816.0,406603.3596320136,404592.9071492054,22777.249381768466,365357.1190377785,406603.3596320136,439653.2043548103,402915.6330157425,1677.2741334628663
817.0,312388.0300133901,306807.9373203618,19367.166425056505,271740.7437927169,312388.0300133901,326400.2706959278,358313.03392047243,-51505.09660011064
818.0,277166.3872509493,272389.8088110793,34791.73191393077,225221.66070852845,277166.3872509493,328526.0476678067,287036.39829009265,-14646.589479013346
819.0,227088.29138785638,225568.28623793932,23784.310609926535,184244.74775187395,227088.29138785638,266818.07105397526,236815.1155623195,-11246.829324380175
820.0,219814.62591077547,216556.01746487,24160.765770031772,182977.77968848837,219814.62591077547,255733.36724074636,216696.05850317425,-140.0410383042472
821.0,213168.5132511363,210540.65341386126,16038.125792358678,182753.73452391406,213168.5132511363,231048.7403113707,217344.72077404274,-6804.067360181478
822.0,207393.15161747855,215456.5199628042,27195.65036319181,182936.69290351454,207393.15161747855,262208.1858474168,220079.6516438846,-4623.131681080413
823.0,272531.6814558477,275794.0602995423,23820.28054808232,241571.67802306355,272531.6814558477,315737.40904313384,259663.88634479826,16130.173954744067
824.0,344891.0039236616,344046.81172751926,26695.297412060147,307526.7194477451,344891.0039236616,383134.24669517094,338678.79029447515,5368.021433044109
825.0,424661.9405994456,427298.68087270245,29402.80361640503,379863.75162402535,424661.9405994456,466600.2073263612,456253.6912131102,-28955.01034040778
826.0,482863.1561386352,477559.153218809,29356.059412179682,437101.2540505589,482863.1561386352,518996.1956927968,524045.92605050193,-46486.77283169294
827.0,496209.6344365442,493236.61187369685,27633.68354540324,460865.75870963425,496209.6344365442,548805.1954746136,540955.4223058638,-47718.81043216697
828.0,480591.7317736554,484262.962151542,28934.65297666386,449026.06935330975,480591.7317736554,539553.1987888928,557668.9886965599,-73406.0265450179
829.0,462468.0501071374,471266.34926160827,30758.62083627972,443765.5759010398,462468.0501071374,517203.8094874093,525334.9848899383,-54068.63562833
830.0,482505.73414183507,482885.3075489759,38324.8824175507,436671.35521722044,482505.73414183507,550968.4875104587,523516.61316712666,-40631.30561815074
831.0,479705.5125612144,487564.08861950075,31425.070795002917,450493.56551560125,479705.5125612144,546338.8032404819,534048.4756101118,-46484.38699061109
832.0,508796.1493394878,507968.42222287215,30798.494410212887,469808.38404746813,508796.1493394878,554614.0161020334,528962.2916274773,-20993.869404605124
833.0,538839.9102750749,541855.3509270345,39327.11182213729,476918.68785740354,538839.9102750749,594120.5277999142,519752.34760316287,22103.003323871642
834.0,539075.3749340075,540875.2141962611,28693.69964111738,494483.75922621676,539075.3749340075,583818.3914057296,520437.7842688167,20437.429927444435
835.0,572302.3305364009,576880.7307906095,26929.7834053474,539347.5192581464,572302.3305364009,626372.4492160232,537936.8342598802,38943.89653072925
836.0,588678.3690409678,594035.7936848811,28783.507260260994,557459.8139535936,588678.3690409678,642250.7323314431,572087.9585995454,21947.835085335653
837.0,586718.4422780075,600348.4103725404,36438.48656874529,559217.8403287587,586718.4422780075,658169.0148764229,548472.041041208,51876.36933133239
838.0,570906.7165922284,577913.337183365,35833.10556430865,525993.1300391364,570906.7165922284,634716.4850990054,548803.5343835612,29109.802799803787
839.0,541031.7094695428,539812.0488459985,25685.311849111647,494542.2912929849,541031.7094695428,573187.0133709823,481776.3728377635,58035.676008234965
840.0,453537.3068836428,455756.94742905325,39693.28006870569,394636.2738394352,453537.3068836428,514091.5750093826,417858.70204141526,37898.24538763799
841.0,411764.8766487597,414873.0138055536,59724.77304714621,337243.2535034601,411764.8766487597,486294.80527042976,351321.25254178705,63551.76126376656
842.0,335084.6961936129,348779.4559331111,64428.89292054108,264378.7020957957,335084.6961936129,439038.4428650831,268027.5553583174,80751.90057479369
843.0,257112.7333815474,257040.05899438765,51013.56933803401,198840.01993220937,257112.7333815474,334201.3570320562,230941.70858928625,26098.350405101402
844.0,195216.42371693376,213498.9006909201,43045.00778539981,182952.17253366733,195216.42371693376,289667.0540905494,218757.6108171881,-5258.710126268008
845.0,246103.9753526975,260486.562949133,64835.082482410064,182956.89087612779,246103.9753526975,362896.3653989334,210140.08996371788,50346.47298541511
846.0,250997.4188994565,258168.80346504302,65382.828848993675,182949.0777068922,250997.4188994565,361249.9686956442,211260.56959989562,46908.2338651474
847.0,282060.59388867166,278587.56573425134,50035.905529551914,216567.09397529654,282060.59388867166,348655.8155885148,243232.24820115676,35355.31753309458
848.0,392299.76375406684,417143.05074390577,63899.20285771213,333993.04803481436,392299.76375406684,503713.3956977586,344685.164966649,72457.88577725674
849.0,467835.7476867709,492147.51835609064,47487.84608162964,438125.38939564687,467835.7476867709,560518.121479453,431745.79225578374,60401.7261003069
850.0,539884.583423207,554560.3275603213,41172.387070262,505242.7615497898,539884.583423207,622372.2020568339,502794.6048619492,51765.72269837209
851.0,562634.706232319,583425.0164415234,37913.45919044244,549180.4414035894,562634.706232319,645514.3864849134,512909.8217229904,70515.19471853302
852.0,566705.786263255,576407.1407636892,27006.232433922025,553888.656589418,566705.786263255,638913.5689409178,523941.06957054825,52466.07119314093
853.0,571026.3101979605,580667.8541294044,33404.382306160216,537603.1164150995,571026.3101979605,636326.5529573476,522883.6279001044,57784.226229300024
854.0,572771.5848241624,577844.6132411021,22518.09953122454,554706.6160027424,572771.5848241624,627012.3312505913,516714.8338121622,61129.77942893986
855.0,578693.7009184598,580719.3368024693,21188.36716657308,550132.9753908052,578693.7009184598,619034.5597624325,525837.5476761918,54881.78912627755
856.0,579292.9837071071,577500.1238719084,16924.449793369553,550918.0474142614,579292.9837071071,604329.4437112022,508551.5819225958,68948.54194931261
857.0,565446.1547368565,566605.3804401286,11685.620441758032,549630.7929596585,565446.1547368565,583812.3539976424,535829.1639302669,30776.216509861755
858.0,562063.7378106677,563712.2817232189,11435.278126584833,546934.7550257138,562063.7378106677,581325.3911730936,544431.8199778376,19280.46174538124
859.0,567049.4428716985,565545.1281673198,12224.322629427848,547062.7048934437,567049.4428716985,582766.4108976162,514223.2778820527,51321.85028526711
860.0,572916.9634857981,575520.1739371676,13101.84695908605,559335.2744709771,572916.9634857981,601467.6170559223,536189.7872823788,39330.38665478886
861.0,579084.6043734301,577347.2916793805,8730.425522063806,563257.3634529383,579084.6043734301,587682.744427152,534657.4758880724,42689.815791308065
862.0,566487.1681266058,565780.9162530751,10170.231236113477,552079.3791405149,566487.1681266058,582319.5494941393,516703.6467164846,49077.269536590495
863.0,504831.498593404,508188.15257569065,18542.965495495377,486441.5592538704,504831.498593404,542037.9361556655,483318.73003649665,24869.422539193998
864.0,447636.9292264817,447439.0334198231,12419.259246241632,426379.1534803044,447636.9292264817,462738.90472464426,414373.06418295496,33065.96923686814
865.0,379226.53208800167,380294.53108032537,18328.50240626512,350080.7418271792,379226.53208800167,404100.8202112164,332123.9294701021,48170.60161022324
866.0,290436.37870196265,297565.7062874304,15879.200385936752,280686.3200410622,290436.37870196265,323876.1274975897,282435.38797395554,15130.318313474883
867.0,264528.87776858715,259420.89188174246,24952.572752200867,212594.565346714,264528.87776858715,293350.880697364,242423.6695889574,16997.222292785067
868.0,229007.3335402629,227377.6779837794,20777.94841015117,200709.85717051654,229007.3335402629,255477.9145555847,215135.00570351598,12242.672280263418
869.0,199032.46964716027,203548.14558836605,19352.071670551773,182681.63393865462,199032.46964716027,234262.0566027437,225808.62490773972,-22260.47931937367
870.0,198945.22893789088,208896.16619953158,27038.420378186773,182655.102986497,198945.22893789088,263308.2593092062,224172.91574240758,-15276.749542876001
871.0,243397.6696528937,247693.3778211997,31673.682921335723,204580.08834925835,243397.6696528937,294758.75875838025,227764.9784440862,19928.3993771135
872.0,320095.6515484416,319403.3452356525,22336.55364588713,289174.26729487226,320095.6515484416,357217.83039593144,308953.27111552376,10450.07412012876
873.0,404735.21466502815,407681.4328717794,23559.24032029433,376740.46227175463,404735.21466502815,449260.18466988136,414185.03215855476,-6503.5992867753375
874.0,462869.834321404,477977.3270222567,28579.595157826854,449977.69222200353,462869.834321404,525687.4663306117,472401.1176493466,5576.209372910089
875.0,529583.1716004619,528753.0441457623,15610.732783106721,509981.9119904206,529583.1716004619,557944.489822721,518314.6819029355,10438.362242826843
876.0,550327.0222569412,549183.9793657134,17602.956034553783,522535.0392550987,550327.0222569412,571976.2162964173,505058.58109082334,44125.39827489009
877.0,537595.2591947098,537899.7389994629,22173.713797774177,505220.77311219467,537595.2591947098,573341.7651895691,505204.4606857503,32695.278313712624
878.0,557806.9068546381,552105.7751185504,17527.965021608296,519073.2065557379,557806.9068546381,572581.0099219913,521508.22249353,30597.552625020384
879.0,536264.4972385669,538812.367809251,13703.96828941381,518896.1145166238,536264.4972385669,557635.2780934027,531421.5039536447,7390.863855606294
880.0,533483.1369179178,536110.7509342403,18012.651340703578,505070.6587953631,533483.1369179178,560269.5782273198,540857.1929574052,-4746.442023164942
881.0,518830.6270270556,525769.6356711314,18566.904201726764,505529.66890655935,518830.6270270556,556820.0241602706,531600.1076292574,-5830.4719581259415
882.0,539673.4250068233,529847.4964404518,20528.333842287626,496898.2060622999,539673.4250068233,554691.9889081488,509239.3545187881,20608.141921663715
883.0,540342.7467961537,535441.076292625,18271.51544321479,507185.2212003647,540342.7467961537,561229.2729346871,518585.42004736344,16855.656245261605
884.0,546626.095463496,539915.7020141779,21012.23942362925,504260.03009129834,546626.095463496,562083.5351895783,536625.0842515157,3290.6177626622375
885.0,538730.5972319543,536765.0070813216,14729.595836258237,507713.3014415902,538730.5972319543,553124.7453966272,486968.1822299751,49796.824851346435
886.0,527046.0112521489,528287.8815806408,13970.201432277374,509849.6623116897,527046.0112521489,550085.9730137219,476771.77488954505,51516.106691095745
887.0,476570.23850581003,469763.46230494307,22107.429216932705,437382.00719361403,476570.23850581003,496382.12059491524,440164.2129882182,29599.24931672489
888.0,427291.0385688561,423111.86260286655,18035.054121522764,397333.9126753695,427291.0385688561,446165.82726466353,368710.274865631,54401.58773723553
889.0,344924.29844198236,331947.8213025165,28400.470894943526,283833.72167308594,344924.29844198236,363235.97173892177,313492.486157418,18455.335145098506
890.0,287051.7410139609,280296.89825025,28241.777421425613,229329.99621557535,287051.7410139609,315255.3504210283,256491.21496564816,23805.683284601808
891.0,233455.11743176577,235280.5087573338,20949.833636840794,200400.5242315669,233455.11743176577,262148.9615840148,233869.71104642685,1410.797710906947
892.0,213980.81482166893,212720.88070159685,18463.2436351028,182574.8573414256,213980.81482166893,237681.30670407615,230146.10129132232,-17425.220589725475
893.0,214739.72281879993,210106.3660439048,25364.519976900046,182990.54965405073,214739.72281879993,248568.39339155407,204610.36948876147,5495.996555143327
894.0,216109.30592851446,211098.29017888728,17536.811818743452,182998.919215641,216109.30592851446,230730.93516472084,209460.6908396723,1637.5993392149976
895.0,231464.0570065082,231929.47385703822,29397.80568286333,184661.59834100015,231464.0570065082,272875.85061760986,248432.74161460868,-16503.26775757046
896.0,311882.23116544535,296138.483811655,30312.030860288996,244911.49823111203,311882.23116544535,329867.94797082484,354829.8988121622,-58691.4150005072
897.0,392556.37332465133,392008.501578352,19328.213066373595,364090.8953680808,392556.37332465133,420097.12801579776,492336.53237335215,-100328.03079500014
898.0,419223.6501089131,422887.24992327363,39643.345552648985,375990.0408890803,419223.6501089131,498516.4545589015,523892.1739142169,-101004.9239909433
899.0,466392.5942097951,478771.35068322514,52953.619422140335,419770.6287346434,466392.5942097951,572412.8269287127,543752.4630440534,-64981.112360828265
900.0,433795.6302492364,458146.10948774416,56785.17084640583,388630.33996692265,433795.6302492364,557193.4296781186,492598.9772991078,-34452.867811363656
901.0,440499.2731338433,449437.7989987476,34548.6839427551,404318.0441652242,440499.2731338433,507032.3037486574,487001.1260150419,-37563.32701629429
902.0,464040.7839857966,470393.08503003855,57648.22359341432,385353.74544092815,464040.7839857966,560310.2298269186,497910.1217649204,-27517.03673488187
903.0,454093.31147600815,460214.5952952396,50335.72261236508,388431.65762149525,454093.31147600815,549031.1444587266,553466.2553386214,-93251.66004338185
904.0,431946.35890365153,438210.9817503597,33709.16678351291,394050.4355405877,431946.35890365153,502860.39476869203,548073.6453619278,-109862.6636115681
905.0,480965.64263080433,499064.01561174035,44414.23228246083,434770.2516886002,480965.64263080433,555879.3265009923,519682.97602276306,-20618.96041102271
906.0,473867.6435973682,450681.2620304699,38092.46239927291,386409.853537734,473867.6435973682,490941.25430394686,506389.4709433713,-55708.208912901406
907.0,499760.12023267156,507997.19371244113,47016.9911308655,437954.36647543963,499760.12023267156,575481.3837254085,523154.80582390836,-15157.612111467228
908.0,536373.2224149621,533704.5812702429,51196.27013771617,459265.0809912088,536373.2224149621,601770.638741434,546755.4010823516,-13050.819812108646
909.0,511956.7652898389,514415.0056008989,44181.3506173506,444975.27252979303,511956.7652898389,580231.0491130054,539450.0271777861,-25035.02157688723
910.0,514618.5341601379,520938.6022535374,38189.850669663625,477729.73110246885,514618.5341601379,580732.9036816607,506778.7299756928,14159.87227784458
911.0,442929.95729567145,448619.6423315391,49181.01930877691,377907.39454527764,442929.95729567145,522040.8242259723,469808.37125071493,-21188.72891917586
912.0,379533.65456634527,400907.8926718059,59499.95556149691,308097.9392153912,379533.65456634527,481364.8444551279,399497.34577186225,1410.5468999436707
913.0,315990.7911700514,318471.013737944,31881.572370535545,279827.3726070172,315990.7911700514,366980.4069227726,306088.13751562097,12382.876222323044
914.0,263141.7490347914,268374.6652171818,50201.052654413186,199001.13872358526,263141.7490347914,350924.063123565,249664.99863386143,18709.66658332036
915.0,207191.3310651722,225550.97261751455,42490.33387686379,182855.45938763054,207191.3310651722,296492.0896647994,244226.2373201979,-18675.264702683344
916.0,213373.84242627988,232360.76895244032,55537.85557304922,182422.39907160093,213373.84242627988,344615.8440591728,221956.54599892048,10404.222953519842
917.0,233842.61103892088,232322.03910209492,43955.20359101834,182941.7173463282,233842.61103892088,305484.5628165158,207393.68453923476,24928.354562860157
918.0,219140.49921408202,251589.1704205599,57780.24723729445,182596.50083490554,219140.49921408202,334084.0933408592,222688.903847086,28900.2665734739
919.0,274098.62398121617,296018.4515015332,51325.814056765885,226815.3299164216,274098.62398121617,369454.8523009387,258310.12782174928,37708.323679783934
920.0,370665.5316607291,372691.0701001579,36913.626041243566,324341.74860211724,370665.5316607291,428008.026629142,348950.09903764765,23740.971062510216
921.0,458850.1188763558,468649.40685214475,48654.89022042342,401315.6296967713,458850.1188763558,548005.8243241945,466961.4090918385,1687.9977603062289
922.0,498423.4540548655,500549.3666075543,31377.030940674973,454161.18794509827,498423.4540548655,549622.1501774827,521288.6840946982,-20739.31748714391
923.0,470726.33270454116,477542.72310451494,38787.50088756431,424251.5274626873,470726.33270454116,541909.32650601,535405.1809982056,-57862.45789369062
924.0,461107.41526046756,474846.43919185014,37876.82208176866,430473.89882705035,461107.41526046756,540370.1465091726,484919.46136234957,-10073.022170499433
925.0,463201.15458587796,466815.79896456114,25481.76097045526,435037.96670477797,463201.15458587796,503537.7885432357,475067.91166476026,-8252.112700199126
926.0,462172.043316577,466663.78742906364,22328.98652917534,436701.2719330167,462172.043316577,499705.5779019603,493373.9758696632,-26710.188440599537
927.0,463687.8197924705,477697.278231577,41551.514302887736,435545.75996470056,463687.8197924705,554883.0015861708,526371.3313782207,-48674.05314664368
928.0,469522.6039951594,475335.53893995046,22609.996506374475,446257.2425619161,469522.6039951594,517390.62146225444,536957.2538657096,-61621.71492575918
929.0,461523.0221889402,469407.9025613385,28269.421156161065,439011.06320723746,461523.0221889402,510517.601092902,518377.5508065001,-48969.648245161574
930.0,492842.0307411893,484092.0284076926,31941.122027367248,436191.1024741276,492842.0307411893,523101.19033187046,482461.5702356373,1630.4581720553106
931.0,517208.46263934876,508737.7947101556,31122.51325638133,459712.2813960158,517208.46263934876,552836.8976787872,485224.66131402104,23513.133396134537
932.0,545630.2405675862,543525.1135581883,22435.57298026586,505680.32510124106,545630.2405675862,572476.8038259937,526511.6703510968,17013.443207091535
933.0,563478.2420740039,566100.9950154418,28167.734787229536,519789.6362318852,563478.2420740039,604739.2389575305,535730.1209520218,30370.874063419993
934.0,523113.1664196522,529031.4850972907,24669.38719289433,495133.03649671975,523113.1664196522,572810.0552237128,511372.01178107754,17659.473316213174
935.0,478609.9315648096,478963.02978661464,23742.447128461034,444322.22978423955,478609.9315648096,519666.13210037304,455102.0479403186,23860.981846296054
936.0,399684.7606195074,397253.121240479,31357.653659042357,351900.72620539356,399684.7606195074,445907.3297025985,358135.3009810475,39117.82025943149
937.0,318469.54982649063,321707.2991297579,33435.919091719086,278502.43980005593,318469.54982649063,369862.18333701807,312864.8874233607,8842.411706397193
938.0,248857.40005219786,253447.3795545008,36176.91146705314,204936.0332639491,248857.40005219786,309035.241130013,251150.6171641311,2296.762390369695
939.0,247420.8634501671,250135.35277251675,40756.665299521206,191494.6330869163,247420.8634501671,312324.63236256375,241442.1866257614,8693.166146755364
940.0,201827.39651625475,211425.49965290312,31719.334874559703,182268.63311062657,201827.39651625475,273122.79661023227,238767.45268502104,-27341.95303211792
941.0,211061.2076966871,227368.7610441704,42237.01908481317,182985.11425882924,211061.2076966871,304664.08159100235,202460.5469613086,24908.214082861785
942.0,304387.6734213353,278535.2078934183,56169.828891893085,201209.08091320543,304387.6734213353,340544.60759993555,207842.7811600632,70692.42673335513
943.0,282179.10814506805,295863.14825251454,37339.177655032254,256227.53179811657,282179.10814506805,360778.77126319404,257501.955134798,38361.19311771655
944.0,416029.9929619613,402211.33130218077,37985.212097079224,350457.7262193019,416029.9929619613,460218.1929771541,351673.0396448998,50538.29165728099
945.0,455848.4958895722,468608.22914590436,40365.59113606603,422872.9270779365,455848.4958895722,532891.0690121634,449029.66695376625,19578.56219213811
946.0,499110.63527000835,504865.50511079427,31073.782043697105,469165.1406142323,499110.63527000835,553614.7395793605,497457.81187419576,7407.693236598512
947.0,507135.02185527806,516925.2413417875,27957.207173578456,484852.17762212426,507135.02185527806,561722.443411075,550967.7593695488,-34042.51802776125
948.0,511735.9425055456,503327.1775638976,26641.924149524468,466012.36537745426,511735.9425055456,538485.2176073238,519829.5324454517,-16502.354881554085
949.0,475160.2600026653,477591.09248968883,22972.964616688514,450719.0814016671,475160.2600026653,514187.57552712195,488870.57934145245,-11279.48685176362
950.0,479284.3927008282,481929.483670452,28629.629539560665,448707.3349012221,479284.3927008282,534602.987570083,490258.0428346893,-8328.55916423729
951.0,483741.31184023217,494520.30806921853,30240.610061090665,462947.1885242589,483741.31184023217,552285.9457242964,519107.72931056796,-24587.421241349424
952.0,491093.0376254123,505512.31295644044,35433.3730912571,466121.06768897997,491093.0376254123,562651.6261772071,536607.1516507121,-31094.83869427169
953.0,494142.3660941632,502450.91359940224,36705.13241770549,458929.90568952664,494142.3660941632,551384.7555220407,533562.9829087907,-31112.069309388462
954.0,503095.3921449557,511306.62170142884,32537.922012702504,473247.40369478206,503095.3921449557,559979.7310027902,320353.98066884244,190952.6410325864
955.0,534290.1884361615,547310.9704900312,42544.543773517275,499087.9018917195,534290.1884361615,609580.3491819915,459494.718845549,87816.2516444822
956.0,557834.8892982088,567077.4376053497,36227.86056113635,523779.0964084672,557834.8892982088,627251.9148662966,523871.89280816587,43205.54479718383
957.0,573266.6579767043,581633.6845798845,50182.610731245484,527917.9548283814,573266.6579767043,673683.5986686453,558253.7475989806,23379.936980903964
958.0,521843.73969391093,530860.3838093529,42845.36736689928,487803.19755527464,521843.73969391093,620719.4818125896,582008.0896370715,-51147.7058277186
959.0,473849.1608250014,496854.80111592734,54064.89024733042,432451.53775409923,473849.1608250014,591573.5095723988,512141.9054407833,-15287.104324855958
960.0,404834.5389279959,414939.43394307425,43503.32865787375,364952.59439411125,404834.5389279959,477996.361104857,393038.23842614173,21901.195516932523
961.0,380939.6207725319,375753.9383360635,47539.449694696275,299229.56673472555,380939.6207725319,433982.4622398821,334562.7040049044,41191.234331159154
962.0,298496.38019785116,292988.0037687926,46424.939793557554,226842.99794771182,298496.38019785116,353351.7585934536,257946.6969396823,35041.30682911031
963.0,282779.32418221474,277692.82332190196,48222.42232137229,199943.92534979072,282779.32418221474,341412.27149613533,225458.5289127513,52234.294409150665
964.0,224499.13091641123,238564.9834717442,49540.670249471295,182882.48650519928,224499.13091641123,337376.1536974941,214697.2145056693,23867.768966074887
965.0,213508.3571097793,242812.98067903562,71980.66166961966,182973.74119322115,213508.3571097793,382481.35196878755,209686.49484379022,33126.4858352454
966.0,251253.20593537553,263896.14788000577,56875.43250395696,193290.14263425808,251253.20593537553,353505.8668261088,215977.69500268096,47918.4528773248
967.0,328210.7333737636,314871.3809685725,68977.14149212705,238331.74296262764,328210.7333737636,444126.19936844107,275765.17294693156,39106.20802164095
968.0,399473.44291368726,420224.7075432242,60853.970854971754,349848.34536760964,399473.44291368726,534657.2346623723,381442.5632496283,38782.14429359592
969.0,472916.5536435435,491625.585568526,48130.870628275996,447722.0908590777,472916.5536435435,586060.3517219606,511729.11982502363,-20103.53425649763
970.0,535909.1206526689,533520.794656231,39646.48779090942,476945.98603242886,535909.1206526689,588101.5215829108,532221.6099360147,1299.1847202162025
971.0,514963.29686750367,524441.1254067974,45701.98668030963,470615.7753536391,514963.29686750367,601332.8157707159,567764.0304021062,-43322.90499530884
972.0,506149.93490750325,514369.55688405375,43257.505497777056,470330.7219297869,506149.93490750325,579358.0357950812,563021.4672327633,-48651.910348709556
973.0,489280.6930530685,497948.02999312046,30869.331355536135,463495.8360368164,489280.6930530685,547884.2860133514,533196.8696000029,-35248.83960688242
974.0,517342.6615558427,511650.7800435863,63090.9390742674,433849.44642866263,517342.6615558427,618925.5242554254,497570.6588521977,14080.121191388578
975.0,458463.4567986892,478701.38956763153,46274.50648643037,426007.26578248147,458463.4567986892,556961.5292160974,516746.48380025884,-38045.09423262731
976.0,529890.7044332593,530600.4526927762,51673.88672914566,467421.7763678818,529890.7044332593,619905.9410520329,507501.84564961115,23098.607043165073
977.0,487773.3807161328,494665.5213312106,35156.940889246216,462533.31181638665,487773.3807161328,538007.2316789923,493466.1273118691,1199.3940193415037
978.0,536536.2426172337,554461.5645189813,42038.58468331015,510013.32403272175,536536.2426172337,634194.1993876095,480737.60150504735,73723.96301393391
979.0,564608.469273474,581107.9630160514,37636.534697907315,539311.969285191,564608.469273474,643259.8918300308,494143.4293098888,86964.53370616265
980.0,593319.7655226984,604355.5641839597,47385.901476757914,531768.5143121146,593319.7655226984,675259.675499564,497304.30062476767,107051.26355919207
981.0,574770.0721271941,570837.3226598899,38000.06083077864,512604.3549927513,574770.0721271941,624104.9571570376,507124.84322585724,63712.47943403269
982.0,564791.6350720706,563103.2853204331,35050.83559126906,495985.33101915335,564791.6350720706,606082.1619957236,501359.2053730805,61744.079947352584
983.0,527424.2485734227,532240.0733079236,27287.67899095722,494441.9302781225,527424.2485734227,576805.598540749,438782.77851514914,93457.29479277448
984.0,399693.46694514644,375613.910866619,59977.16946664416,296376.69591456384,399693.46694514644,465369.0313966304,367714.8990708199,7899.011795799073
985.0,313906.1206003345,313220.32866903837,62074.14344078094,224470.81411212243,313906.1206003345,416913.60437186435,199670.83086587407,113549.4978031643
986.0,263078.319857218,265858.5788787424,63860.91982057464,182970.6197306418,263078.319857218,374042.18349205854,199570.2405321499,66288.3383465925
987.0,205219.9751126096,220293.22895986037,50390.27511846793,183022.79546597882,205219.9751126096,300881.76652613166,189964.5396901184,30328.689269741968
988.0,236193.59310742014,226912.00363100358,38571.625921527484,183018.57052008208,236193.59310742014,283567.05598739034,190247.36123073293,36664.64240027065
989.0,197511.16253562242,212859.04808198242,40499.70935422497,183013.3482112943,197511.16253562242,281722.62630209,191262.1939505705,21596.854131411907
990.0,182833.8533318225,207843.1796628408,41735.444311051964,182833.8533318225,182833.8533318225,288045.54750984797,202687.99140817582,5155.188254664972
991.0,311254.88111365144,299181.74700832565,58947.91567450382,203637.41732953797,311254.88111365144,366411.282417037,227966.1253037333,71215.62170459234
992.0,378740.8599516601,362022.0755680725,69956.19556187287,271199.01803323324,378740.8599516601,455745.4557370028,318324.6530406932,43697.4225273793
993.0,472427.8318200603,462871.7851369048,73415.68504813501,356807.9793791503,472427.8318200603,567344.0324407716,448456.11763919477,14415.667497710034
994.0,485241.6341592976,491240.6617699008,41170.800385729286,427657.1709721441,485241.6341592976,551215.1821177695,509863.94315404363,-18623.281384142814
995.0,540607.9539078518,545384.9844777704,50069.679712400466,470204.56026155525,540607.9539078518,609486.0816257471,512621.03880097374,32763.945676796662
996.0,498532.5191684796,489491.67735712905,47697.67127045078,408632.58077520184,498532.5191684796,544649.8391801855,485168.5572830579,4323.120074071165
997.0,453428.86961654044,451737.1011607755,43912.81429490752,392353.6211369312,453428.86961654044,511641.4349242875,458792.13042466185,-7055.029263886332
998.0,465539.48164848844,467474.92349612276,36292.62535936577,409432.7917274946,465539.48164848844,519522.1963025273,475826.63494738203,-8351.711451259267
999.0,477329.5272768217,482438.7086725209,38158.78408560723,424151.43641500355,477329.5272768217,538041.4209278558,489243.21856680204,-6804.50989428116
1000.0,511275.51801078994,504020.20559268084,36189.90063552096,448311.1279385877,511275.51801078994,551326.7049152709,476030.47884876607,27989.72674391477
1001.0,524626.136170223,526120.377378011,30277.609829875197,474140.643926476,524626.136170223,565870.684045653,492224.2327380323,33896.14463997871
1002.0,560885.2587786391,556513.9435853478,31672.304931413324,496544.3593836943,560885.2587786391,602591.8841554453,497662.95835940406,58850.98522594379
1003.0,555725.2533283985,550090.9741534686,31009.544481204928,495983.57962141663,555725.2533283985,601847.9252060361,502349.78694318543,47741.187210283184
1004.0,572548.0589728239,575197.0455878136,39721.37749394984,524817.0808516238,572548.0589728239,633152.0947821473,536323.5244564472,38873.521131366375
1005.0,582094.380318635,577315.8753975746,30676.96485314013,526327.5009159285,582094.380318635,613592.7633801929,514292.43809420493,63023.43730336969
1006.0,556369.1011824982,552578.505603563,30099.637494775274,499994.03416176303,556369.1011824982,592703.7535278026,508363.50983467506,44214.99576888798
1007.0,475102.924983234,481635.6615555471,44385.934555401465,413754.4826070992,475102.924983234,547189.0803355692,450366.4631047857,31269.19845076138
1008.0,440286.3987947896,451063.1771453495,31744.715940236405,400650.18275058916,440286.3987947896,497181.7983115714,380224.26683973667,70838.91030561284
1009.0,362077.8000116496,363276.4605752388,42266.739898472704,295093.58956129855,362077.8000116496,413398.81975403964,311561.0265128042,51715.43406243459
1010.0,286423.89230324316,297033.4089217017,30394.931229283597,261858.58144741377,286423.89230324316,347539.7249724994,262807.87559806544,34225.53332363628
1011.0,276002.6236839114,272597.252712051,26327.532659584227,233888.1859193774,276002.6236839114,305235.1156220023,232209.87744112645,40387.37527092453
1012.0,215456.02947867024,226931.00310432995,42177.387994676705,182970.97445190742,215456.02947867024,297931.4383257435,212440.9586598845,14490.044444445462
1013.0,198882.8832734512,209903.57971610784,29579.0031851758,182959.40056079137,198882.8832734512,273779.9330462366,205366.6150296334,4536.964686474443
1014.0,212871.66491411516,226626.86018945306,35355.100757130545,183956.2177947881,212871.66491411516,284652.4365322441,220641.2698131917,5985.59037626136
1015.0,269133.0433186924,268982.2273085863,39542.63381258968,215918.42249394348,269133.0433186924,327837.8028423365,246045.73356934,22936.493739246303
1016.0,370204.76049103297,367357.5678569578,31889.238724167815,314581.9542254272,370204.76049103297,408653.96983387065,320850.13348322804,46507.434373729746
1017.0,454129.70602388214,446980.30616790993,27589.357875904527,402198.1527279566,454129.70602388214,478429.72383228614,415796.4478217493,31183.858346160618
1018.0,494830.2975206829,503858.51641849295,27152.678760905528,473169.55125449644,494830.2975206829,549363.125048086,465229.5149582845,38629.00146020844
1019.0,575228.582176415,569672.1335967615,17179.875106825297,542630.5059943247,575228.582176415,593054.2509935548,511622.28058144357,58049.85301531793
1020.0,564730.3258030405,565683.3211201426,18650.467015618153,541853.822760185,564730.3258030405,594921.4280339666,505564.7376005534,60118.583519589214
1021.0,549705.9050072576,550841.6023325298,14960.63220901279,529375.5119070318,549705.9050072576,573020.3406355701,496152.4712237625,54689.13110876735
1022.0,561937.1816956677,565949.0185005278,23281.246326163964,531810.8949918749,561937.1816956677,599163.3896201533,520064.96734404046,45884.051156487374
1023.0,554053.3048007209,556226.678524617,17250.281579037517,530972.9606570753,554053.3048007209,580793.1293373175,531347.8453350468,24878.83318957023
1024.0,562873.5307627163,566806.6608044885,18442.72610148257,539049.1408990849,562873.5307627163,593207.728366586,537793.6012835655,29013.05952092295
1025.0,551466.6878678363,550004.2267378516,16920.468205174137,528822.2334495094,551466.6878678363,575269.3387239467,497367.40655355464,52636.82018429699
1026.0,567205.6217380454,565433.6293286456,12423.50982550977,547252.5692284373,567205.6217380454,582437.4986490146,498569.89490177017,66863.73442687548
1027.0,574591.1255724855,573154.3046324723,16765.358492927957,544103.2145518248,574591.1255724855,600056.2111515995,501016.0853873074,72138.21924516495
1028.0,571240.6597820763,572306.8088482145,12011.318508572636,559150.3275199214,571240.6597820763,593555.009013384,509297.3190674955,63009.489780718926
1029.0,565740.0775616158,570216.8498446107,18563.476282580916,546892.5491577233,565740.0775616158,596794.8022398315,513680.04275365325,56536.807090957416
1030.0,549424.3634450409,552203.381718518,16732.16159516783,525128.891971902,549424.3634450409,578338.4162715878,498161.022808702,54042.35890981596
1031.0,485325.93002529163,486257.63389635156,17709.719706695436,459033.74003582535,485325.93002529163,513257.8480987584,458497.597628471,27760.036267880583
1032.0,442739.5164473932,439895.2149809583,19570.482906205776,409856.43419861107,442739.5164473932,475303.02675276506,367818.3594965184,72076.85548443993
1033.0,361936.3738023768,369079.1950463855,22294.784306687972,343394.38036609633,361936.3738023768,402938.6020954111,306920.2485374904,62158.94650889514
1034.0,300448.96881947684,300663.28225158603,26400.848768502925,263888.50164885126,300448.96881947684,348966.51212360134,276051.258399654,24612.023851932026
1035.0,255585.07178825478,256776.85727334963,34334.597299497946,205856.17241289947,255585.07178825478,311044.532331131,240836.80119487978,15940.056078469846
1036.0,229428.15406657493,239844.44370428298,38373.014888085934,187837.53735973922,229428.15406657493,293836.9271715076,215630.89679709173,24213.546907191252
1037.0,223668.5990269152,226749.25672443176,33287.48031552295,182968.40219424348,223668.5990269152,272831.41790987214,206602.8970071349,20146.359717296873
1038.0,220539.10586395295,224666.54944070955,29210.310408191774,182688.58799750675,220539.10586395295,261785.78101303303,219738.28209203153,4928.267348678026
1039.0,242248.03402920632,241995.95512443353,28706.537742173776,196537.22066159698,242248.03402920632,282291.08022381255,233187.5046240599,8808.450500373641
1040.0,291974.9233306255,297433.7664461955,40849.275227937425,234458.42433147994,291974.9233306255,356531.39917060983,280076.4194052232,17357.347040972265
1041.0,388981.022553417,395374.95238970005,26060.94406483914,361745.0808249993,388981.022553417,437596.32927920506,368837.69551424123,26537.256875458814
1042.0,455249.74392236565,454273.07907226874,25416.872080009187,419905.2345033115,455249.74392236565,491074.42449479573,453654.28590926965,618.7931629990926
1043.0,491814.03827595623,486632.89328142157,35397.09659280692,430812.57845598727,491814.03827595623,529157.2910033156,489924.4019325689,-3291.5086511473055
1044.0,515800.22612074437,526424.1801922363,27013.822936783898,489186.28705584694,515800.22612074437,569646.4092637826,500852.68526734394,25571.49492489238
1045.0,509003.5698280924,507941.4491864068,22622.24724815492,476204.533798745,509003.5698280924,537710.1312007669,497864.5280250365,10076.921161370294
1046.0,523537.19597522996,524464.0078179273,21382.474208667885,490099.84400728444,523537.19597522996,550681.9209681231,504886.11619491555,19577.891623011732
1047.0,522227.65943254175,522441.53981418547,31583.670704770455,470974.2991949664,522227.65943254175,565431.1541806331,523524.6884626384,-1083.148648452945
1048.0,520313.88861286733,519430.216606728,17310.16896405006,486460.19743884593,520313.88861286733,538263.8785601013,500323.850296048,19106.366310679994
1049.0,496680.2509489914,500447.47305006627,24410.689415074325,469259.28485351824,496680.2509489914,540723.7212798524,512254.68881441426,-11807.215764347988
1050.0,528803.0400658463,520877.163596363,21752.14026541372,482302.45091663423,528803.0400658463,544015.6474181339,477618.7681771355,43258.39541922748
1051.0,526100.7933522577,520971.4451447203,25683.505053638506,483102.96348543296,526100.7933522577,551593.276553805,473283.71002420003,47687.73512052029
1052.0,538131.6923551057,534998.1225995114,17485.979463294836,508265.15402850835,538131.6923551057,560346.6813903524,515106.2930397281,19891.829559783335
1053.0,537747.5391459318,537911.6789509768,17518.20045131735,512843.3488116463,537747.5391459318,562855.2502650087,510713.88746943726,27197.79148153955
1054.0,525168.6450573263,520355.3705822286,16104.687644885444,490805.7186400092,525168.6450573263,538743.7166271369,472394.9787769882,47960.39180524036
1055.0,465675.68426940276,455525.29039226874,20906.25148495775,422711.9697933871,465675.68426940276,477813.9347559409,422958.3433654809,32566.94702678785
1056.0,413960.46377062146,411913.8016339079,20020.829801241358,379181.03440722264,413960.46377062146,438809.4657103637,364680.2179339916,47233.583699916315
1057.0,341741.0447060303,341324.2742091764,17602.01496022227,312688.75413107284,341741.0447060303,365322.03883155546,307954.453639688,33369.820569488395
1058.0,288822.4192843732,291456.3954169924,25072.41297272232,251631.12472276617,288822.4192843732,327378.0378596701,266990.71218211134,24465.683234881086
1059.0,239203.85909142884,238314.09705587736,27734.737275045827,192200.21938116898,239203.85909142884,272192.3922133599,219339.73427764594,18974.362778231414
1060.0,222847.39675069234,221687.2579757348,17690.299973251196,187018.63447839927,222847.39675069234,245888.24315219722,206622.68360454976,15064.574371185037
1061.0,202262.92264086535,210049.75470173845,24441.880665415025,182989.09356342047,202262.92264086535,251738.60141929827,203158.72643741601,6891.028264322435
1062.0,194045.74127093834,197721.8585676649,14378.338878663471,182830.3644642612,194045.74127093834,222020.45507933342,210671.86753403014,-12950.008966365247
1063.0,238606.78799443165,231628.92431794733,22829.45077825627,189944.34649484142,238606.78799443165,259059.2274932261,253884.98152166922,-22256.057203721895
1064.0,272179.9832575939,276432.5596012821,20960.258672547312,246493.2537130591,272179.9832575939,314049.49091741635,342885.1510215477,-66452.59142026555
1065.0,369366.9257751978,371417.43678425945,36808.005203777204,322121.9263945782,369366.9257751978,433603.9566881913,436816.13790628844,-65398.701122028986
1066.0,418033.82574874273,420613.75398923265,25034.158301213567,390292.24869943014,418033.82574874273,453675.9212353203,502511.75798864715,-81898.0039994145
1067.0,447333.71140557237,447924.6902631616,36282.7353672159,404947.5392885072,447333.71140557237,503511.09133248706,507501.3149917427,-59576.62472858111
1068.0,487486.88173454965,499110.1792524796,33826.125082169376,462073.86808290577,487486.88173454965,547805.4072739342,489264.09599856305,9846.083253916528
1069.0,465467.6014019784,466427.54065535514,36953.083295688346,413548.72003670974,465467.6014019784,535085.0451805943,461364.38873716723,5063.151918187912
1070.0,457244.9803375233,465316.5336439337,43772.37270071485,404574.3071659142,457244.9803375233,547371.7352358046,476009.68636406533,-10693.15272013162
1071.0,475093.1864316247,477913.5675312193,39637.3664979579,415554.82131966384,475093.1864316247,532246.9724177805,502706.75738500536,-24793.189853786083
1072.0,463426.8630298853,470961.8512603,28979.98438634067,436127.187701129,463426.8630298853,531105.5572293575,512296.2913343605,-41334.44007406046
1073.0,462271.0261256546,478672.336455976,45016.5624051364,432045.500764079,462271.0261256546,570583.5688084124,488476.23409208877,-9803.897636112757
1074.0,473378.1491443941,472540.34904650954,38552.96649912068,411687.70750976965,473378.1491443941,528934.2173697705,441760.06286403676,30780.286182472773
1075.0,501201.9631677903,493210.21836791566,30603.347393807886,450371.6581797885,501201.9631677903,531247.5906916766,468511.35097918875,24698.86738872691
1076.0,516779.0564076055,524048.0410521609,36287.30759754933,474099.4888977195,516779.0564076055,579068.3463623817,524245.7578612128,-197.71680905192625
1077.0,540370.0908181864,541303.8174680253,34037.00591568964,494987.711960175,540370.0908181864,585659.791731249,507636.2000940119,33667.61737401335
1078.0,488539.3510869387,493240.0080732754,30362.951599614145,447652.1324358673,488539.3510869387,533978.496030963,479451.0666551803,13788.941418095084
1079.0,427518.85975858395,426537.7245888253,37436.63181383959,374923.51640302304,427518.85975858395,494067.1050516535,438447.6408302711,-11909.916241445811
1080.0,394546.95163179847,403123.7018636495,45403.433231463176,346408.7921067415,394546.95163179847,471592.14313629555,376022.7682077698,27100.933655879693
1081.0,318710.3752668665,311198.30069055065,29851.29747500872,277241.88714932074,318710.3752668665,347706.51057945227,332281.77406442136,-21083.473373870715
1082.0,278337.2369542989,297200.0207390851,38820.518878801005,251950.98009804936,278337.2369542989,353539.78075252165,268307.814753496,28892.205985589128
1083.0,229864.3052869348,241394.99755392745,30703.31210381896,206259.44621765727,229864.3052869348,299950.486510855,236050.85395907806,5344.143594849389
1084.0,198648.31513643023,215540.60601068387,43994.9471218385,182997.00186052825,198648.31513643023,306918.8313577125,203071.99517383255,12468.610836851323
1085.0,214455.12926995728,217761.73048804264,33344.456441237446,182787.82327981928,214455.12926995728,280782.81475992076,211067.9885036747,6693.741984367953
1086.0,230143.87644652594,247848.2430297408,44147.54508325484,209386.60280728686,230143.87644652594,338111.0830448263,226141.47947735852,21706.763552382297
1087.0,276687.39279780386,290563.98300801415,36767.465139819644,248596.39221557893,276687.39279780386,354018.5122953754,280000.17335482856,10563.809653185599
1088.0,356018.9601715392,364415.254355318,21759.182602773344,341078.1969756817,356018.9601715392,409995.39667780814,437026.1343814879,-72610.88002616994
1089.0,425288.7340202628,426552.8053101347,24272.360170142107,383544.62071966537,425288.7340202628,472813.88971240213,520106.5845884927,-93553.77927835798
1090.0,448257.36097698385,459340.83751611714,27325.290884729377,429840.59988191834,448257.36097698385,508123.6689347792,450942.1151712946,8398.722344822541
1091.0,484352.97401201265,508641.2756692549,62239.25858472796,460433.01006836747,484352.97401201265,653904.4389471215,571500.9681799952,-62859.69251074031
1092.0,495910.92966023285,512278.78912331973,48090.71414717485,473113.0908049542,495910.92966023285,586743.0164495001,583871.6601363708,-71592.87101305107
1093.0,468624.57843805023,489410.93773365684,51721.71343800106,455641.9942379683,468624.57843805023,598455.4356635285,558801.7799547457,-69390.84222108882
1094.0,460463.0152263614,486646.5052413898,64867.1832575459,432043.81105668505,460463.0152263614,620363.8425709035,547127.9263979525,-60481.42115656269
1095.0,462130.9218633305,501471.5996917505,71668.12851173506,444542.89184270444,462130.9218633305,649749.3523687257,582484.0295581087,-81012.42986635817
1096.0,470668.1420090168,504164.98791299167,57479.852151320876,446068.58654209244,470668.1420090168,585766.5974762499,553985.0033238011,-49820.01541080943
1097.0,528440.5187915775,537731.0120467246,79571.80928423133,452754.49857028073,528440.5187915775,653958.7888611301,503571.4385393849,34159.573507339635
1098.0,484683.5449354332,513532.6192354589,49944.46627636096,461039.0271131134,484683.5449354332,591478.3386819073,528432.0890699263,-14899.469834467396
1099.0,531157.8336259408,573615.8407804522,56640.64344341098,517576.61606106197,531157.8336259408,658903.3490153082,557695.7427354229,15920.098045029328
1100.0,623762.6967764513,607614.9182802078,54249.23153641592,542900.6266382168,623762.6967764513,675888.4079341552,575789.9300388916,31824.98824131617
1101.0,558156.8171432662,581359.8045241858,60106.1763608431,521881.08172171435,558156.8171432662,692213.9085586064,581936.9507883411,-577.1462641552789
1102.0,497670.19461172895,527583.9802671508,70412.58093021675,438127.03108721646,497670.19461172895,637020.0590924599,528975.5756638738,-1391.5953967230162
1103.0,439687.30639755906,468287.18918264046,72788.18078821311,388711.85038670327,439687.30639755906,586644.3316319098,455232.27581776003,13054.913364880427
1104.0,457325.37748299877,427111.5536597033,79385.584889539,329009.11832736136,457325.37748299877,531240.2728871463,375749.1043913895,51362.449268313765
1105.0,300270.7769650038,344377.4274708873,87068.86279899602,254233.51885834738,300270.7769650038,509468.32753042487,338246.60572775174,6130.821743135573
1106.0,233611.2235423569,263199.00858227303,81710.68262900278,189718.02090024407,233611.2235423569,420111.7870064962,263828.2807937745,-629.2722115014913
1107.0,228989.13812363468,255028.21288891422,73539.78459909189,182934.0665286611,228989.13812363468,395823.2448063339,228192.7833254454,26835.429563468817
1108.0,285221.7244088599,297399.7974401244,98981.58054396027,182908.2661585619,285221.7244088599,443824.0960385652,216127.55736559525,81272.24007452914
1109.0,213813.59964235305,273686.00632094464,108621.4552943394,182695.56192751438,213813.59964235305,455483.9755598451,216164.37399696876,57521.63232397588
1110.0,255880.07733874393,270823.0490270367,68234.77135771845,187248.25096666126,255880.07733874393,385909.67220145604,205434.4898272756,65388.559199761105
1111.0,324636.98954156664,350019.2822659881,96056.3984184788,232707.87915193834,324636.98954156664,498006.7568404872,261156.81074197864,88862.47152400948
1112.0,450607.7726731185,470545.0277979996,77743.87666818639,381677.66281312506,450607.7726731185,596963.1356137198,355022.51369302097,115522.51410497865
1113.0,578407.4533102134,560109.4521018802,70314.04485567664,471776.3652061758,578407.4533102134,666520.8355941656,487412.9496223441,72696.50247953611
1114.0,480131.60391065286,502309.6517405159,99850.32750417058,362555.56461430783,480131.60391065286,653008.2979743971,493818.50217925163,8491.149561264261
1115.0,509704.87564770615,526343.409081608,44130.03074482114,479806.8438695675,509704.87564770615,603336.3517900421,514977.66532242845,11365.743759179604
1116.0,487056.7884516111,490073.36703026015,48190.21857993955,409663.47287334583,487056.7884516111,579933.8512235507,470639.509742379,19433.85728788114
1117.0,496816.5660626394,502052.511166112,47060.185373606306,445127.3003540864,496816.5660626394,577644.9540831356,448735.24400976585,53317.26715634612
1118.0,511226.2690407034,503661.06391671294,53302.901297317265,435004.41639494034,511226.2690407034,587845.204691885,463572.3532811204,40088.71063559252
1119.0,481498.4937244018,495901.4653558343,51807.8917631485,444565.97844058945,481498.4937244018,615336.8291546243,503671.03286961315,-7769.567513778864
1120.0,472381.27471150405,492098.6351649346,49614.78646047058,445697.31960803876,472381.27471150405,595169.4991274538,496198.53852766025,-4099.9033627256285
1121.0,482739.42317260476,489997.6586308775,48948.12034071222,432984.4464593146,482739.42317260476,591341.7318670099,480886.8486442635,9110.809986613982
1122.0,511497.0959360592,506114.80283834774,18940.97652250563,479014.4386897827,511497.0959360592,530678.3556847175,439460.8154516143,66653.98738673341
1123.0,513433.2987521566,522094.7480626675,25273.487640583822,491171.40692058235,513433.2987521566,565857.1132203845,502002.07546369644,20092.672598971054
1124.0,558647.1245566036,555689.9919909667,28206.750746216392,510906.8226250231,558647.1245566036,591183.3605190634,547347.1474949241,8342.844496042584
1125.0,567515.364246627,566024.223835548,27087.487793913708,516362.2786262186,567515.364246627,590635.1371275734,514790.020295905,51234.20353964303
1126.0,539955.6182892264,543776.4316125878,20689.130182332996,517639.65241165436,539955.6182892264,575324.4632132577,495655.80224963545,48120.62936295231
1127.0,486851.5592627489,484192.56878424727,23683.064252240212,442662.30530153424,486851.5592627489,517067.4562837659,445785.9328166019,38406.63596764539
1128.0,396373.41738892265,395050.4159695701,30925.21663428471,353892.7688859135,396373.41738892265,450582.4737617561,370136.7703972447,24913.64557232539
1129.0,331151.8557260408,329492.2610625358,28258.036239782185,286559.934083818,331151.8557260408,373801.01579755853,315015.3442177,14476.916844835796
1130.0,260913.48306410183,257012.42553765594,46735.03363011719,180781.36083222282,260913.48306410183,321045.4556973795,295198.7514744488,-38186.325936792884
1131.0,236691.01490399652,245032.63763077187,37126.92390265511,201749.16958574788,236691.01490399652,311327.8047487125,243593.51431843205,1439.123312339827
1132.0,220914.99903348708,225604.3025074596,30347.02491719702,182959.6504300023,220914.99903348708,272002.1681784058,213180.47014720182,12423.832360257773
1133.0,216705.77678848765,221487.3304151759,29929.391455181478,182887.10971978752,216705.77678848765,274346.0053622822,210477.8742903715,11009.45612480442
1134.0,209904.50510747288,219241.0923136494,29256.623289613322,182721.42487061396,209904.50510747288,264961.5790233125,232477.47854535448,-13236.38623170508
1135.0,291203.8863606851,291373.0103728065,30539.583900732927,248563.22711283504,291203.8863606851,339502.58441125334,290613.4943223641,759.516050442413
1136.0,364022.92612953205,367892.1830630466,29228.122298449125,320692.5058452434,364022.92612953205,422676.2717683269,471210.8016681561,-103318.61860510951
1137.0,465091.0374024806,470618.46820593457,16889.248868954375,457594.7975467916,465091.0374024806,503654.5777080205,589273.8045576082,-118655.33635167364
1138.0,496103.99630484416,508355.53246611357,40849.570863081026,467620.72919893335,496103.99630484416,565235.1716871427,472625.06308530417,35730.4693808094
1139.0,523949.91458526923,529977.5109619744,37687.355775289,490638.0946633772,523949.91458526923,579273.8734880672,410159.4780904873,119818.03287148708
1140.0,485682.791168691,513930.8384398508,63507.80965458125,457619.01658948546,485682.791168691,635034.111052852,545403.7389146101,-31472.900474759343
1141.0,472366.0437987596,500980.5704265787,57396.01644120173,451622.4279069515,472366.0437987596,617486.9546422763,589471.3952116875,-88490.82478510885
1142.0,503784.5325416413,509901.99462639826,57780.78305456218,446207.44189788663,503784.5325416413,621989.2833628823,548358.79246286,-38456.797836461745
1143.0,505174.5083420432,516853.2710895166,60444.77739809757,448678.23578575323,505174.5083420432,638746.8819096952,570929.8079901127,-54076.53690059611
1144.0,501331.63221932587,528881.9654885038,59687.670441302216,445615.94954037364,501331.63221932587,614062.6654292019,529108.5309461595,-226.565457655699
1145.0,511013.25145409786,539914.2375169233,55796.71883864696,483432.90423223766,511013.25145409786,634526.261108393,490055.0100445037,49859.22747241962
1146.0,581580.5788043257,580846.5724422556,58781.99756530528,494676.10374023585,581580.5788043257,649267.9828923255,514698.3868630788,66148.18557917676
1147.0,586823.1682358158,602460.31602562,50978.625609925184,543734.238061629,586823.1682358158,686983.7870242668,543131.1322862036,59329.18373941642
1148.0,617096.1542574666,611075.2697466578,43299.19017180351,556789.3296741119,617096.1542574666,681547.0376296456,583465.3051642884,27609.96458236943
1149.0,577052.404157744,580128.1020100032,39494.82579341913,532959.9519571675,577052.404157744,648744.4459809235,565821.0769048658,14307.025105137378
1150.0,553587.3697350209,579987.3522907965,60469.75067644264,507457.9165884527,553587.3697350209,667162.7183061184,556334.1879702022,23653.164320594282
1151.0,493827.52821518487,511433.1389813319,54877.47783950975,451599.39004911244,493827.52821518487,619920.1827832928,491142.7321734251,20290.40680790681
1152.0,390460.71101038135,400990.94467497244,53877.33616779767,333662.57463157707,390460.71101038135,498445.7228193843,420550.98186304304,-19560.037188070593
1153.0,376247.21532238653,368418.3512098604,70919.81656670714,281194.7224068684,376247.21532238653,486222.1420005724,222055.74106594414,146362.61014391627
1154.0,302250.16489782056,284641.144685303,67306.1412935883,202166.5485948135,302250.16489782056,376749.94191696565,203833.6270623624,80807.51762294059
1155.0,247913.61329083817,260460.6742548425,61556.11311649797,189704.82197895425,247913.61329083817,364865.7081490622,195460.35234807973,65000.32190676278
1156.0,246774.63553869067,263443.3034088643,68482.67895689428,183014.77935728253,246774.63553869067,373147.6122549313,194731.68966995768,68711.61373890663
1157.0,231774.52486398566,270400.0691196362,95166.81002316179,183008.00244766794,231774.52486398566,418014.336217059,195772.89606773143,74627.17305190477
1158.0,303674.7968349051,285150.7396562763,78716.93460024714,183000.61376013755,303674.7968349051,426648.53685335105,200770.36545468844,84380.37420158787
1159.0,266924.46496283985,303354.37000552844,88730.17531261289,204071.26131867676,266924.46496283985,469471.7540798678,250018.37551434844,53335.99449118
1160.0,456522.31793984893,428171.53942859545,68116.8550495607,327922.8984034097,456522.31793984893,513980.5925743082,360138.88034073036,68032.65908786509
1161.0,476690.79637188924,479013.7695550045,58419.280415552676,407599.39316390536,476690.79637188924,586603.4268485495,509927.66598254885,-30913.896427544358
1162.0,514643.5318798054,517285.20459292445,61669.369075927585,428980.7024954933,514643.5318798054,603205.8947050435,547014.9101261476,-29729.70553322311
1163.0,451450.71375290176,469396.3392111841,56319.32847333139,394074.7615678881,451450.71375290176,572383.6841433214,546837.1373210559,-77440.79810987174
1164.0,485161.51806779375,500770.32007970475,66817.36957167354,412264.6436105166,485161.51806779375,607262.4981630228,534472.8769306028,-33702.55685089808
1165.0,520691.2426660141,519308.78276194894,41411.5128986782,468516.9506858781,520691.2426660141,583983.1778823596,504152.8112650491,15155.971496899845
1166.0,473727.59323907207,497154.9945424636,53564.462434985275,434979.29308898584,473727.59323907207,576257.8844316306,505160.7187105365,-8005.724168072862
1167.0,490754.6632852741,487136.04818824184,34615.34953049938,439773.39717050595,490754.6632852741,541060.4080340982,522060.2812224399,-34924.233034198056
1168.0,487388.4683361369,503360.45729427447,44444.36357196418,449997.64800537063,487388.4683361369,583181.4028088064,562918.13707734,-59557.67978306557
1169.0,530240.0940955677,537021.3137350896,46935.02048920255,461146.86711035896,530240.0940955677,604885.5914923196,538500.1520355887,-1478.8383004991338
1170.0,524853.5827604708,535315.4800159135,35581.59306218734,486326.86424135824,524853.5827604708,592790.9777817549,520016.2809861592,15299.199029754265
1171.0,570116.7222567726,565071.3156230171,43470.1950217743,488205.23603251606,570116.7222567726,627046.6800554092,524759.1693408447,40312.14628217241
1172.0,629470.0829761232,613474.5719953539,37245.7892828198,560196.4157292504,629470.0829761232,656604.8417440553,574624.8629776732,38849.709017680725
1173.0,612400.2520835325,607564.4141020458,36586.73369107856,561600.2843071261,612400.2520835325,663409.3105578944,567395.0779180131,40169.33618403273
1174.0,571084.1575268988,571386.8443437091,35635.04147275616,522845.2648053585,571084.1575268988,632724.3278288197,563649.2267855101,7737.617558198981
1175.0,531132.685640924,538771.9166873157,25788.581024271523,510849.4908049146,531132.685640924,587497.7784963535,497421.05454545456,41350.862141861115
1176.0,472160.10423413076,483767.8967518211,40478.59157715527,428391.146116289,472160.10423413076,558509.0983875291,441042.04483034974,42725.85192147136
1177.0,388328.3142569186,398072.8075845383,46861.168698293295,345017.0856726846,388328.3142569186,475632.0660865175,394115.35672599304,3957.450858545257
1178.0,310344.11725704937,324789.1763392231,40886.94291202841,280083.29549211235,310344.11725704937,409122.36001783825,291736.5783174026,33052.59802182054
1179.0,326356.75153775304,295178.8391252533,63728.22490867756,210143.3235056822,326356.75153775304,381037.9831574333,236169.2775631631,59009.56156209021
1180.0,215637.98809588232,221108.20219716555,33284.03155158878,182790.58832997084,215637.98809588232,284792.7621732027,221362.65200341732,-254.44980625176686
1181.0,228400.6030936277,243735.8070888333,38683.21635040888,204722.75910059415,228400.6030936277,308037.1626465343,209734.58304401758,34001.224044815724
1182.0,252771.66040327097,266219.12713499094,47107.651523321045,208615.16997845008,252771.66040327097,348784.73125369125,218907.1687709114,47311.95836407953
1183.0,301270.5443308251,315714.7142867839,47561.7324241745,261712.8219768295,301270.5443308251,378694.1359650114,254616.98424894194,61097.730037841946
1184.0,421440.7010528017,414138.55808403867,30809.147316122915,364059.8239527019,421440.7010528017,461132.3891456968,338507.71244495123,75630.84563908743
1185.0,464025.66024742747,475457.73274854926,39589.9872487588,412032.70604990254,464025.66024742747,537544.8991537354,447544.71640553063,27913.016343018622
1186.0,553486.4588383755,556519.2685961063,29192.1371481913,522038.867122355,553486.4588383755,599156.3031824972,508338.1763025466,48181.09229355975
1187.0,572123.6823652101,584342.9963188058,31770.169051797657,548191.7665691127,572123.6823652101,641996.4398370651,532638.7373254526,51704.25899335323
1188.0,578726.2960996302,586798.2500015912,33224.896409734734,543336.8813214301,578726.2960996302,638559.6044939852,550062.1989580415,36736.05104354967
1189.0,585897.587889905,588511.6460336124,27657.03733211801,552847.7455676711,585897.587889905,631792.7067389303,528648.5049152107,59863.14111840178
1190.0,566231.4598007634,568214.2298191291,21429.85465200057,536517.8371874507,566231.4598007634,594549.6367418853,532949.3004082188,35264.92941091035
1191.0,574178.0648562437,569911.7062811792,19764.739839815993,543566.6678460301,574178.0648562437,594817.7501863225,546396.6716620078,23515.034619171405
1192.0,578752.0251181768,578320.4599996046,24919.11298280386,545839.4861797154,578752.0251181768,619328.5928545082,561505.2300144772,16815.22998512746
1193.0,573134.7770169581,568268.8203923801,16145.030240034645,541524.525825257,573134.7770169581,588092.9646837843,545510.1857805128,22758.63461186737
1194.0,574855.6162004806,569266.8055903092,19957.257941580083,537391.3260509787,574855.6162004806,596334.9927214556,537455.7071510481,31811.098439261084
1195.0,566651.733457728,565999.9959053163,15475.765721832799,537300.9841516248,566651.733457728,584068.3326148607,521908.32625432534,44091.66965099098
1196.0,575004.6126438262,570800.9264532273,16622.437920826294,541308.6923129568,575004.6126438262,592040.316422776,514785.1667347866,56015.759718440706
1197.0,577966.7210714788,577793.4843326007,17839.73209878198,550759.7216051521,577966.7210714788,601365.665569451,548459.6197986432,29333.86453395756
1198.0,584274.8094932378,581968.7950859703,13850.330924944332,556625.3911333719,584274.8094932378,598736.383291002,531586.0033830679,50382.79170290241
1199.0,531985.3251722894,531805.0070953564,16285.492939053041,511446.3768258794,531985.3251722894,554311.7427043397,498340.29446634883,33464.712629007525
1200.0,442283.15100199566,445467.4460848538,20031.766530928617,419654.0614258916,442283.15100199566,478636.40162362886,420355.0692622752,25112.376822578604
1201.0,376338.8775798356,381682.3207223788,22740.869125362864,351832.88330128195,376338.8775798356,416779.09984093864,342969.86124982126,38712.45947255753
1202.0,307665.43108286615,303849.07871317177,21108.102562091455,272727.65467743215,307665.43108286615,329126.6900205557,282882.2015258515,20966.877187320264
1203.0,246009.29548043857,250897.68297057875,18879.6842714108,219109.80906476785,246009.29548043857,274916.07869574515,242928.59148853272,7969.091482046031
1204.0,224318.23818371838,217490.048266758,20787.173533816032,184236.13229048936,224318.23818371838,244388.466073897,217177.0419983414,313.0062684166187
1205.0,211467.6152755425,208840.269294795,20478.305396165302,182984.53123067037,211467.6152755425,239260.70600639743,206964.9495032386,1875.3197915563942
1206.0,219571.36345602403,218188.50052705026,17728.675242296424,183250.6501685945,219571.36345602403,239994.81529172778,205111.90060432098,13076.599922729278
1207.0,227022.2780403139,226953.47853632615,14657.79802144279,205027.17918037335,227022.2780403139,249748.0839947,238446.95202032517,-11493.473483999027
1208.0,325761.16380247107,321632.8278754492,22962.507226096946,288419.3636358334,325761.16380247107,356953.55786643596,325551.3620388058,-3918.534163356584
1209.0,428306.420125545,429241.0594087228,14378.72978048342,404865.6629980185,428306.420125545,449947.16483041714,420318.7684778304,8922.290930892399
1210.0,521098.9823539836,518239.59109329886,16427.152502813726,487518.3928093018,521098.9823539836,541898.610583877,485417.71611323603,32821.87498006283
1211.0,549115.768689915,549040.5164615816,16369.701312751331,526639.7831375247,549115.768689915,573459.1528986031,526274.5186642455,22765.99779733608
1212.0,550383.1149924488,551285.8661813383,11135.686879219495,535487.8520369838,550383.1149924488,567030.223794416,533599.4929685221,17686.373212816194
1213.0,537750.0439158891,540737.1052484894,13311.538022773138,524253.63626961986,537750.0439158891,562396.599220819,533306.5837343433,7430.521514146123
1214.0,543635.8657471897,546021.9254358474,14737.373274146415,527425.3576722583,543635.8657471897,570857.2876645402,537780.4441422403,8241.481293607038
1215.0,546032.5533738015,539689.5274452397,15869.854925659674,516540.6893190963,546032.5533738015,560058.5931683361,541688.2893746247,-1998.7619293850148
1216.0,537554.6958206963,535732.1907601542,12619.751872209663,518162.8843557163,537554.6958206963,550839.0262644859,537350.3646438989,-1618.1738837447483
1217.0,526656.6374817772,531100.6473536628,9471.235820366952,517427.66687736736,526656.6374817772,543319.5150145275,526165.7430670023,4934.904286660487
1218.0,538046.3318809236,536983.8219897338,18551.238230636303,511402.4655463563,538046.3318809236,562248.3617241394,513530.4255436244,23453.39644610946
1219.0,527649.6599762427,524230.41487277445,13868.550462800604,500942.4328038648,527649.6599762427,542955.3028433861,507628.5306774215,16601.884195352963
1220.0,543151.8787367465,542023.162125128,10442.17877473602,524940.6186898464,543151.8787367465,556200.9072021233,531018.3054587278,11004.856666400214
1221.0,542038.2852275383,541836.1696402332,13739.774535545419,515838.8307238582,542038.2852275383,558252.6780589852,529349.3564121079,12486.813228125218
1222.0,527802.3327492288,526340.0615599644,10913.025390893663,503402.3040893103,527802.3327492288,538049.5658400661,499681.1663104822,26658.895249482244
1223.0,487591.3681442064,487185.95057563,10593.719733663438,471077.57955359423,487591.3681442064,501666.4378509027,465498.34222071694,21687.60835491307
1224.0,414212.6621771176,417092.9258953189,11391.588120163415,399870.0797416697,414212.6621771176,433654.0454031488,397935.1598086162,19157.7660867027
1225.0,351669.6974150383,347953.4977155516,12501.590005985488,326174.9350017975,351669.6974150383,361534.08398572303,325498.4455744374,22455.052141114196
1226.0,282635.04541153746,285538.4185456801,9567.191177772604,272824.7031197443,282635.04541153746,303119.96889948286,258204.72603513114,27333.69251054898
1227.0,242968.26665982095,242879.26907141035,14541.933374890656,220654.2560405657,242968.26665982095,264041.256127868,225417.42519685294,17461.84387455741
1228.0,212155.59122483563,213819.35641124725,11740.20396755476,195125.08763873656,212155.59122483563,229945.85897327925,213033.3221111556,786.0343000916473
1229.0,206232.36375626505,206556.60234045755,11988.270569734237,188777.65709937696,206232.36375626505,224179.7591781307,204334.44788980955,2222.1544506479986
1230.0,201916.45015210414,205575.6766831391,14754.861320570115,182505.0461669568,201916.45015210414,228605.6756278313,219679.09143144643,-14103.414748307317
1231.0,243124.50260837027,247089.51972359236,17193.56055018602,225604.6340041548,243124.50260837027,274946.20895956573,263691.939237682,-16602.41951408962
1232.0,312994.8478009962,316880.57827583235,17653.46346526444,297096.5985506553,312994.8478009962,351446.77566487755,347072.4776295791,-30191.899353746732
1233.0,392681.1371920265,396952.85909436486,18439.407389811884,376166.6100936258,392681.1371920265,437228.0183473665,476571.88799590355,-79619.0289015387
1234.0,419255.4069381532,424808.4703551541,16056.509683792803,404942.13140167156,419255.4069381532,453496.6259362826,542314.1970700478,-117505.72671489377
1235.0,474634.8419912025,477655.0064463352,18267.96742895343,451874.16347424,474634.8419912025,505878.3684028411,545892.882972347,-68237.8765260118
1236.0,474168.8660111787,496514.1762628845,42700.50558813458,462387.296530133,474168.8660111787,580244.1213558422,471644.9034314679,24869.27283141663
1237.0,479001.9212141739,491392.34034095483,32178.743722111503,455002.87954989116,479001.9212141739,549422.7789886434,467213.9164926078,24178.42384834704
1238.0,469089.29722506925,483955.96846767346,37535.327474015656,454404.88305438013,469089.29722506925,561084.4954991409,491912.5916083889,-7956.623140715412
1239.0,470333.4097830582,481499.60192810633,35695.946326128585,450628.56508440507,470333.4097830582,547626.4835644868,573373.952385613,-91874.35045750666
1240.0,461893.583450603,475048.0374114841,42955.44347126374,433055.3713264267,461893.583450603,548710.1045292577,577302.1088154152,-102254.07140393107
1241.0,459684.4355529798,485785.79046327027,47604.40697875787,441530.016803548,459684.4355529798,564195.3743232148,545523.8374241472,-59738.046960876905
1242.0,477433.8244828009,491552.18060835253,39894.92654270799,448170.69202361273,477433.8244828009,564199.2940900706,511282.340150419,-19730.159542066453
1243.0,494434.7394464567,510181.879827581,37499.960769259786,469707.2546653208,494434.7394464567,583876.1144817789,489139.73180177447,21042.148025806528
1244.0,542818.1571652516,548904.8509638562,38914.28993032111,503138.04192047316,542818.1571652516,615735.1083885937,540890.3228475221,8014.528116334113
1245.0,527872.4480650316,540409.209409178,40688.20410632422,494063.61255889764,527872.4480650316,621915.6699263237,522774.6176948869,17634.591714291077
1246.0,517822.56901436014,528995.6733760022,33496.21362117704,492313.0581899869,517822.56901436014,581881.9549212594,494752.8654023207,34242.80797368154
1247.0,453361.7470285906,471714.63148970046,49967.3929704974,422258.5402276721,453361.7470285906,561062.7513483369,451278.3549453445,20436.276544355962
1248.0,390956.312381535,396642.2345803246,33098.684999040255,361766.3673868941,390956.312381535,456664.5532055356,349871.7740930896,46770.46048723499
1249.0,331966.5343272576,341888.4812317882,60628.105000122094,270005.45910076104,331966.5343272576,433274.0245127079,309423.6847158555,32464.796515932656
1250.0,264188.1623501285,284767.39450294204,57692.9659870958,216740.81162401996,264188.1623501285,383931.9925352927,250618.19696763562,34149.19753530642
1251.0,207609.60467186678,234586.9182087007,59949.239017497755,191403.9660771608,207609.60467186678,367149.0034540668,222290.88028525267,12296.03792344802
1252.0,197110.77795540108,228045.9831188229,53667.530555825695,182969.17336419402,197110.77795540108,320436.5763792244,207735.40080635707,20310.58231246585
1253.0,214244.0012838454,226535.47078461293,39436.42064187842,184137.23431216853,214244.0012838454,295714.10420696245,208469.28072364096,18066.190060971974
1254.0,222130.94048092308,244122.63410103155,63915.66753278833,182997.8791509051,222130.94048092308,374008.34804078646,202852.01722725845,41270.616873773106
1255.0,319844.849945841,339596.8748666703,74767.99173367546,227103.00913724318,319844.849945841,434671.25690505945,246046.27474895623,93550.60011771406
1256.0,361557.386919702,373945.5888481333,45954.39881257191,323408.671083475,361557.386919702,440637.4469425399,335729.39462813496,38216.19421999832
1257.0,479355.5924142598,472815.9899879862,38201.85201208154,414111.6538179832,479355.5924142598,528592.4039563556,471238.6294984844,1577.3604895017925
1258.0,482550.4974123073,502227.993517091,53028.547140268434,444657.4598360099,482550.4974123073,594925.3438906111,504434.1191653322,-2206.125648241199
1259.0,466257.4667847939,472644.97409405484,48707.10589328436,422335.4581245292,466257.4667847939,570701.8134836906,499834.7450722426,-27189.770978187735
1260.0,458024.4501201679,469848.91066743195,37456.55036729536,421506.83253074624,458024.4501201679,530949.4368444396,508646.7289644042,-38797.818296972255
1261.0,482647.89240392693,481262.0993013153,31929.122564583777,435079.87015479774,482647.89240392693,526201.1009622427,470642.2071421831,10619.892159132229
1262.0,477002.3080085179,489341.87415503623,51914.40828306302,428510.59234380006,477002.3080085179,579155.2572174399,486089.2512636907,3252.622891345527
1263.0,484947.89018374245,487661.07918321074,26292.46012620142,454416.14137170376,484947.89018374245,524350.4284962915,552189.7657140968,-64528.6865308861
1264.0,471291.4323239768,477016.3572207844,23083.776541737072,445376.85715975164,471291.4323239768,511298.46565743076,546451.2963700349,-69434.93914925051
1265.0,469286.5708115165,474594.3503851301,34708.90179266299,430961.37331005547,469286.5708115165,534457.800645244,526330.2085728074,-51735.85818767728
1266.0,448196.25539260707,461096.1393937244,33224.26857481871,429441.4493050179,448196.25539260707,523592.91807371005,495412.60023370705,-34316.46083998267
1267.0,491227.81606961775,496386.9833673761,23321.53775007865,461785.57354393473,491227.81606961775,532992.7187513774,512142.66604682006,-15755.68267944397
1268.0,552618.5696713653,550393.0921615149,28648.414282274367,511423.1780965829,552618.5696713653,599501.7228180043,548808.2186634233,1584.8734980915906
1269.0,527922.241854961,533679.9144013565,32579.42743344096,492874.99328309135,527922.241854961,587619.8023399712,537871.2088623495,-4191.294460993027
1270.0,523512.4128650081,519856.71264562267,26447.130378335965,481381.5827174556,523512.4128650081,556976.8160954794,498838.0204206941,21018.692224928585
1271.0,497657.9276056651,490620.5214074083,43236.14404889041,403500.8601261404,497657.9276056651,539859.8721134481,441930.17557214963,48690.34583525866
1272.0,369359.2548023627,389333.1768767868,43774.10741262652,338776.2791970204,369359.2548023627,473649.0289648157,366764.778706247,22568.39817053982
1273.0,320568.9943334098,335016.2465616566,38436.05252162098,291485.80772315315,320568.9943334098,407938.0866494905,305598.74891357345,29417.49764808314
1274.0,268900.5647655267,280886.86321859795,44406.863413659885,228820.70232331616,268900.5647655267,355764.0363111383,253698.2940754311,27188.569143166853
1275.0,212733.39498988725,229058.25982398668,42515.391224295105,190747.4020719014,212733.39498988725,305264.3603953264,229106.6113806872,-48.35155670050881
1276.0,199074.70386616723,214744.36806345248,37278.374274843496,182960.118881924,199074.70386616723,284326.8863682693,214368.7653942063,375.6026692461746
1277.0,234641.32337754793,230576.4017245859,40598.318232462916,182977.7226117651,234641.32337754793,303120.92205908604,203998.76907164205,26577.632652943867
1278.0,242780.1341765572,247491.07599493623,43616.73082993792,198044.0207130266,242780.1341765572,324970.8080603589,206572.11784787956,40918.95814705666
1279.0,293588.06420255755,296628.5036578077,43235.90961065521,241160.22606152392,293588.06420255755,361909.7972721475,253095.4793345892,43533.0243232185
1280.0,379132.835393192,397454.8693113216,48941.62112606061,342289.7056790346,379132.835393192,476901.49147215154,356451.08085582947,41003.78845549212
1281.0,466464.7078179569,478697.57069102774,34682.49117570836,446810.7702082708,466464.7078179569,553457.5254569683,482081.11363196693,-3383.5429409391945
1282.0,507888.0567236781,514402.50553723105,28955.057504600907,484155.9320888654,507888.0567236781,577990.8053425167,581867.0465266022,-67464.54098937119
1283.0,499731.98812652036,509955.7466489742,37934.68332707341,463952.56575804093,499731.98812652036,568186.2008275934,556265.0707020862,-46309.32405311201
1284.0,498188.8534708653,506061.03469686594,41022.56041569121,460065.9746541417,498188.8534708653,573177.0629211991,561736.0699408762,-55675.03524401027
1285.0,495772.2814772139,513572.24130199035,44619.01236888697,462390.66860072606,495772.2814772139,578608.5077586704,555709.8530092726,-42137.61170728225
1286.0,474696.35076044674,494064.7490385788,39896.20203752064,458415.47872623923,474696.35076044674,564390.1419351763,536705.3805696832,-42640.63153110433
1287.0,498495.2997412933,506127.23139907315,42630.2903491844,456093.17072863044,498495.2997412933,583458.8336661166,581000.0381841417,-74872.80678506859
1288.0,534040.8852946279,526744.7384434686,49573.57989303597,460798.1620811233,534040.8852946279,597329.1407590355,550743.0653819455,-23998.32693847688
1289.0,520154.2081634015,526997.6968310808,47614.65674533525,466473.99164899887,520154.2081634015,589719.6755984965,532970.6426972462,-5972.945866165333
1290.0,515684.32237152,531041.1144889339,39624.86136249991,490855.50913604005,515684.32237152,592648.735560949,496104.26233785646,34936.85215107747
1291.0,534335.5691491938,547617.6601140831,33290.28974486827,515792.81125540443,534335.5691491938,609952.7006870907,583928.8634536305,-36311.203339547385
1292.0,576708.7131688299,589155.3533748052,35732.63935051665,547752.6891379533,576708.7131688299,644675.3338474802,592296.3466825618,-3140.9933077566093
1293.0,573370.0326843928,585839.907578543,37365.53108711575,545400.132001832,573370.0326843928,646187.0425543329,590082.1136991336,-4242.206120590679
1294.0,554926.7437314431,537006.2667557944,46118.86773624187,470084.23117134423,554926.7437314431,594278.5655745721,542885.9282424434,-5879.661486648954
1295.0,444695.68615825044,460153.25832032075,43134.27581643536,416545.1646959203,444695.68615825044,550735.5275084623,478921.59748648806,-18768.33916616731
1296.0,419156.66763005836,432166.00795238186,45403.28301845241,376718.57242813334,419156.66763005836,504175.9354046229,389304.57441466016,42861.43353772169
1297.0,341727.2071775684,342636.7788111211,63120.54832981277,247406.7857623559,341727.2071775684,431379.1891914744,307580.7235799923,35056.05523112882
1298.0,257160.90270333624,272178.6401550711,53656.62289170197,193931.79637096534,257160.90270333624,361822.50613031536,257711.81141786298,14466.828737208125
1299.0,227485.02224615653,244593.91554714815,58364.939668350344,182915.01431841953,227485.02224615653,350574.69402315246,227340.0569749278,17253.858572220342
1300.0,262834.8673425327,264085.7061272529,74325.83044251786,182985.40387035123,262834.8673425327,372079.7711996104,207217.33857670365,56868.36755054924
1301.0,268469.3873031379,266421.83047944785,51650.45027245402,182994.5509437502,268469.3873031379,335589.4863701591,203605.73447682234,62816.096002625505
1302.0,250726.5470368532,251601.82783112497,54158.72252076489,182973.19029714353,250726.5470368532,350926.2480514952,206135.806413073,45466.02141805197
1303.0,335824.2509215577,325411.4267349656,59819.206558245394,246848.87513822145,335824.2509215577,412962.8444158321,255786.5837328777,69624.84300208787
1304.0,451798.88778907276,434748.6468292674,50448.728640747875,368181.0065561284,451798.88778907276,498508.8420748068,366973.7048810018,67774.9419482656
1305.0,512605.3864417369,504391.54487640935,54327.418284707936,425688.8648507679,512605.3864417369,578107.7106720163,532579.4007034445,-28187.85582703515
1306.0,542186.8651554894,548389.6823909103,37799.2479407756,503617.49802402133,542186.8651554894,607212.0453476465,575292.9444240256,-26903.262033115258
1307.0,499098.8531170628,511901.708128801,42030.32682113715,465699.07880215946,499098.8531170628,579995.9305164935,580815.2135802426,-68913.50545144157
1308.0,546464.5511145538,518049.6991789389,45689.73187598387,452442.69101146393,546464.5511145538,565727.5438823103,567756.8705197818,-49707.171340842906
1309.0,478613.7857833614,500667.9736406223,52592.59150615201,431424.7381653941,478613.7857833614,580631.5292197618,555533.9635910378,-54865.989950415504
1310.0,485857.8145561215,493712.893796298,56960.78651928493,429095.9861341819,485857.8145561215,582506.8395809997,531918.0714812048,-38205.17768490681
1311.0,478608.4724260079,487156.10015746026,37268.74063125486,437900.9641299679,478608.4724260079,544122.7802475519,567657.7093995396,-80501.60924207937
1312.0,504351.24199315126,508583.7102239195,30275.496351075613,469120.3797733996,504351.24199315126,562309.4585027487,551332.7698672396,-42749.05964332016
1313.0,528269.2611755714,525042.3295932332,40303.74136346332,453921.264819016,528269.2611755714,572564.9958699555,565063.2944607724,-40020.96486753924
1314.0,551753.9925319686,544027.6026377584,39849.04829941775,483321.24523607886,551753.9925319686,597224.7356199493,545337.938681332,-1310.3360435736831
1315.0,563998.5046706629,570464.2567823996,37733.40346449484,506331.1642163552,563998.5046706629,624815.3076993657,578809.8813693916,-8345.624586991966
1316.0,598800.0433123754,605040.7689299147,39817.37836445772,539467.6840271228,598800.0433123754,655292.1367242559,608766.1534602434,-3725.38453032868
1317.0,582634.1138753762,587883.473136343,31584.29924037479,543273.035449822,582634.1138753762,639080.0026852454,549064.5995716206,38818.873564722366
1318.0,544475.7317041731,559754.9112868242,40089.01013349898,521986.25416863896,544475.7317041731,630130.1707875561,576730.8169128014,-16975.905625977204
1319.0,487550.0119640373,501789.3181481424,45065.94731329909,456160.19544333033,487550.0119640373,581309.757308085,499239.13026469876,2550.1878834436648
1320.0,401928.0723531286,428017.5688208287,47039.943554408695,376981.4693331313,401928.0723531286,493590.8200632002,400968.99526398384,27048.573556844844
1321.0,311895.8571917703,334361.85993020085,53443.64455618889,274567.6851062053,311895.8571917703,433763.4031938877,226642.59623888304,107719.26369131781
1322.0,299153.94245549286,298970.4188065141,62517.1406926749,208404.4303130958,299153.94245549286,390646.21491117246,213575.3396491178,85395.0791573963
1323.0,284014.62378437136,269218.96097167453,55890.71531670575,182931.8595620264,284014.62378437136,346080.9708273535,214215.52917434013,55003.4317973344
1324.0,195707.40935808822,216380.8569076561,39985.91057352031,182993.6191133933,195707.40935808822,291170.5350454841,203667.86778275046,12712.989124905638
1325.0,201592.83294864013,228823.36828985714,50897.04100915326,182955.40941806493,201592.83294864013,319368.64789206535,202209.8744213089,26613.49386854825
1326.0,235630.8865192747,247712.6268212665,51438.86092464664,182988.81663561478,235630.8865192747,331654.29319518025,203316.16519914067,44396.46162212582
1327.0,290156.4253422076,295132.94335467066,68272.36651349282,191272.1602876724,290156.4253422076,392705.7421333731,237320.6716592911,57812.271695379546
1328.0,354855.0022769691,374071.4271076548,55679.68517940318,302904.7654404737,354855.0022769691,473806.0577563393,369864.1212318411,4207.305875813705
1329.0,421579.9363527601,434324.22538216255,50358.44524862774,378309.12455599575,421579.9363527601,534469.002044168,533213.2399648975,-98889.01458273496
1330.0,456368.2151009303,463318.56990920135,49544.29905470974,391945.1298092949,456368.2151009303,536486.4347785445,599948.4912280878,-136629.92131888645
1331.0,457039.5322388404,467305.6445012322,35054.89396667605,423966.9714121705,457039.5322388404,538407.5044503595,594324.0421229161,-127018.3976216839
1332.0,516486.8000308257,517567.45918873395,65149.49798387657,421722.8847877633,516486.8000308257,616194.6192377122,586767.5560147917,-69200.09682605776
1333.0,482237.61668469396,493025.96482839773,42351.763201940674,439225.2663984215,482237.61668469396,563526.2008656154,582300.1024549244,-89274.13762652664
1334.0,496864.023688725,511931.8283940536,46559.17211351648,455565.7147784138,496864.023688725,582633.9820281628,559682.1445520676,-47750.316158014
1335.0,508586.40134935995,513691.52564152586,50793.535332800006,437968.53177062195,508586.40134935995,571493.1940182515,621778.0681538649,-108086.54251233907
1336.0,517610.282683997,510173.3285605079,75996.78799823098,372967.16993212176,517610.282683997,598790.2047580793,572875.1247677229,-62701.796207215
1337.0,512145.0308114339,544235.7340702162,68999.93918077492,462816.1396213321,512145.0308114339,652455.3839134075,599991.5422363379,-55755.808166121715
1338.0,531210.8701716323,539767.8699037663,37011.080706676934,501301.8658688971,531210.8701716323,618477.1720474106,555429.3697131745,-15661.499809408211
1339.0,592352.9870652612,613649.4187983527,49539.568156221474,546627.5709142041,592352.9870652612,680580.7831298277,532678.3442585934,80971.07453975931
1340.0,589700.8212625779,621188.4837729875,53176.585394245056,565513.9781868295,589700.8212625779,708068.3125559535,568769.0965330007,52419.3872399868
1341.0,591582.8684134422,606270.2854676418,48330.771895350015,554439.0389382095,591582.8684134422,689818.4318378825,574131.3516282637,32138.933839378064
1342.0,580770.8077759392,615756.6551606839,60030.04466376642,539982.1343136029,580770.8077759392,689116.9243963766,551957.0111261046,63799.64403457928
1343.0,513716.52261652093,544959.2106650587,63462.925250445565,482106.1803006984,513716.52261652093,663467.3258192216,484884.17984236043,60075.03082269826
1344.0,501035.1234806625,498424.52020446426,76738.25353587266,387254.9861746692,501035.1234806625,584438.2161847966,396383.3069002903,102041.21330417396
1345.0,385522.1071314866,424427.9338386611,90444.80949760879,309744.5913970904,385522.1071314866,551229.9250140702,334774.46290332155,89653.47093533957
1346.0,375520.08510234964,357004.35734024283,95845.30905721225,233129.034805659,375520.08510234964,474826.1119701996,264552.9860597601,92451.37128048274
1347.0,240574.58106942716,256731.64347701607,59662.42923814027,195243.92619664848,240574.58106942716,385751.6097980634,250177.91128628215,6553.732190733921
1348.0,214949.41780600857,284340.0861834782,107083.17385523189,182509.99788979703,214949.41780600857,435047.57866217935,236163.46000389633,48176.62617958186
1349.0,282534.0224316863,281503.31641097943,73521.9190463216,182611.2033760402,282534.0224316863,401571.11580599373,222548.56273492237,58954.753676057066
1350.0,272880.9163038389,273855.6552223588,77584.02571834334,182723.4491917341,272880.9163038389,365524.70853015315,227488.2112794904,46367.44394286841
1351.0,316266.0108381598,322773.637111743,81947.16444579055,221148.27124426834,316266.0108381598,448787.7010277496,255083.4744997355,67690.1626120075
1352.0,510488.16502172,490431.4791825753,68215.19707247315,398908.2493801675,510488.16502172,572835.6276716909,335002.9812111442,155428.49797143112
1353.0,491173.1678359518,519478.9082443317,72077.9085717791,412268.6552618503,491173.1678359518,630667.842553631,451572.6763037977,67906.23194053402
1354.0,527800.924764578,559887.7187154538,55116.325903947705,510758.7088914383,527800.924764578,662181.3239366465,531765.4526243245,28122.266091129277
1355.0,543508.580419226,561025.5870448953,62020.13907818148,492381.3349783709,543508.580419226,677910.4787607831,573748.5917079771,-12723.00466308184
1356.0,588055.6653063439,596311.764730313,53529.17498277695,532733.8066013829,588055.6653063439,676864.7727613806,582111.7156107553,14200.04911955772
1357.0,570959.5743418444,570937.2470014665,47622.20605812019,496082.21245817264,570959.5743418444,636407.8073946374,573944.7534496983,-3007.5064482318703
1358.0,607686.3150766469,605557.6915458145,56224.68981022444,537829.951402242,607686.3150766469,684663.5925971793,581182.9882005849,24374.703345229616
1359.0,567279.2996383095,569641.9483035017,51988.650778446885,505161.288393617,567279.2996383095,671626.0940036144,566972.3462915368,2669.6020119648892
1360.0,566339.4897474706,568656.4720251627,25455.752146296938,535751.5026886786,566339.4897474706,602496.499336743,583817.5149807329,-15161.042955570272
1361.0,564380.4168380052,562725.1155785233,26289.354846512135,521597.02950109635,564380.4168380052,601282.5627799423,586386.0864824917,-23660.97090396844
1362.0,562168.8426978459,556301.1370955998,29469.815951161934,511128.76558486756,562168.8426978459,593288.27627648,570107.4718933199,-13806.334797720076
1363.0,560197.8725322133,559387.2990657494,37510.3526622497,505641.26111115667,560197.8725322133,605098.3257386157,557102.0854640182,2285.2136017312296
1364.0,574892.0038785632,567217.3569758905,32556.034588501825,507149.1419273233,574892.0038785632,605495.1730870884,567205.148112757,12.208863133448176
1365.0,571784.5249414644,558168.3310807591,32350.985253563664,496901.71130365046,571784.5249414644,591334.0592801711,569045.4750700264,-10877.143989267293
1366.0,554074.6041123568,538601.1470769041,46234.50523982266,462233.91384303564,554074.6041123568,588722.8102941684,538964.1140877277,-362.96701082366053
1367.0,495626.3507739415,482579.47046649625,41582.946512317445,412204.56131558673,495626.3507739415,533690.5792407278,472439.18577161204,10140.284694884205
1368.0,431156.2125158076,422822.96977640525,35195.71361377336,365205.67468215013,431156.2125158076,467847.07690691634,394185.96256909694,28637.007207308314
1369.0,374981.66778098163,366028.65995709284,39008.794659651016,295134.2177179747,374981.66778098163,396793.61089134944,317289.19651709375,48739.46343999909
1370.0,295398.26153386245,290846.6923068964,31690.708200875415,242631.13538303008,295398.26153386245,334119.2823771283,258332.3411712517,32514.351135644683
1371.0,239356.7150578625,237342.54406873454,39494.84618595604,182934.2441006892,239356.7150578625,295125.99172772886,233550.74090279965,3791.8031659348926
1372.0,228532.84827577896,225817.39002644812,24233.16193352594,182951.45209858197,228532.84827577896,263650.8644696231,218196.53387382397,7620.856152624154
1373.0,194790.5321246599,203702.09529027008,25528.05216979851,182626.840284275,194790.5321246599,240039.70996966277,222719.24329645545,-19017.148006185365
1374.0,217281.71835264703,208422.99667562798,19984.853845057867,182678.3902896083,217281.71835264703,233722.58819663784,220660.38838224573,-12237.391706617753
1375.0,272625.9227514707,264324.08401928295,38196.63790966441,195323.41062261537,272625.9227514707,312353.4253804068,242671.94913834397,21652.134880938975
1376.0,392439.0207808883,379796.8629089063,50077.88983165613,281693.51312543073,392439.0207808883,423877.2258365571,302832.1849595356,76964.6779493707
1377.0,506930.37641329056,497452.30727898725,24069.31055215666,455704.8883402221,506930.37641329056,526568.7170834974,418144.92281799595,79307.3844609913
1378.0,523325.7177874784,527102.3554055353,22669.160116976953,497554.21137438726,523325.7177874784,562404.9627475478,505167.0351201779,21935.32028535742
1379.0,550942.8919921238,538871.5946599155,31368.158660068806,480375.3787299203,550942.8919921238,572255.1539155825,545028.783444265,-6157.188784349477
1380.0,557909.8831024321,548831.6133000067,28151.202655485,491688.5828249191,557909.8831024321,578110.0107520346,563443.1248361407,-14611.511536133941
1381.0,559653.0699331362,552438.280422841,27325.50364831366,506618.4514796264,559653.0699331362,574897.651892847,552581.5658145787,-143.28539173770696
1382.0,550115.8259969486,539616.6281803771,29319.68894522266,488290.54169157037,550115.8259969486,574692.2127153251,566283.1615816867,-26666.53340130963
1383.0,550479.5168187352,538586.438909604,41362.98908618453,460189.0612858114,550479.5168187352,581492.0478398582,575518.4648877578,-36932.025978153804
1384.0,532495.5507859715,528343.9955696013,30770.930156230766,482495.2969172675,532495.5507859715,575842.910947802,570523.5148305643,-42179.51926096296
1385.0,534860.7914909411,528413.2026560452,34341.1598162961,473343.5430860221,534860.7914909411,574127.2792995728,553582.7085496082,-25169.505893563037
1386.0,528819.6196546744,521068.18414631335,36640.941780507594,454791.99529238086,528819.6196546744,568839.7048755448,533588.7542431512,-12520.570096837822
1387.0,513516.96109324554,510456.8916548582,46370.207310226586,447931.38166739856,513516.96109324554,570269.8756134469,530667.3386117347,-20210.44695687649
1388.0,547964.5970906613,539095.4005578115,26127.208737127763,497252.0999925352,547964.5970906613,568324.3382627174,565738.6327258071,-26643.23216799565
1389.0,539619.0449394727,540253.207882494,29504.443145597605,490335.80687488883,539619.0449394727,577683.8949909781,550304.4241545727,-10051.216272078687
1390.0,506549.7276490704,505048.63564313814,28270.732312390042,461130.0801940404,506549.7276490704,544824.7532132918,515165.17107080563,-10116.535427667492
1391.0,456086.2304684315,447828.81443339336,39761.154372155775,370389.78578592965,456086.2304684315,500397.1892095826,444380.68671837915,3448.1277150142123
1392.0,410826.1424913719,404386.9032780103,38452.15007145894,338569.53264180844,410826.1424913719,457661.24006893643,364416.78563331097,39970.11764469935
1393.0,345844.55017593334,347036.7602449417,18676.159236438973,325317.04727198964,345844.55017593334,378852.4480953117,293654.7707137036,53381.9895312381
1394.0,270090.5545205351,266176.82486990065,35967.97346270391,218559.13100267874,270090.5545205351,325033.47605441767,244953.92756076812,21222.89730913253
1395.0,231620.3899154897,216677.78525527587,32031.71305864181,182879.5438830196,231620.3899154897,255214.4128243151,228662.8503726515,-11985.065117375634
1396.0,202824.29787467135,204207.66000083246,17632.459351392856,182953.69457962233,202824.29787467135,230551.63932913254,212204.59335186167,-7996.933351029205
1397.0,198111.3515883125,206515.18072772428,23281.032047565197,182949.58505554384,198111.3515883125,247470.10395668814,205293.82740202037,1221.353325703909
1398.0,200631.25602361013,211392.09762575262,28754.16782713727,182983.0256735466,200631.25602361013,264938.80178861145,204665.85652735282,6726.241098399798
1399.0,238234.34291989112,243576.62019162095,37198.323754120975,183371.30049362,238234.34291989112,295929.9010644011,235971.13253567446,7605.48765594649
1400.0,361541.4688764583,348858.4174052893,41344.73444556875,269552.9449617953,361541.4688764583,393796.7346815992,379615.9135003146,-30757.49609502527
1401.0,455357.93426621886,454764.5361497433,16830.516904228083,428595.32828850823,455357.93426621886,473676.8285124774,558518.3749516001,-103753.8388018568
1402.0,478201.22820009186,478110.6896480744,18637.061619488566,447653.95098724036,478201.22820009186,505674.0357024567,618116.2530707556,-140005.56342268124
1403.0,491696.0172724994,500240.9569753895,36702.99937031945,465912.3862430194,491696.0172724994,550689.9547120514,539680.9657102362,-39440.00873484672
1404.0,485279.3372572575,486919.03037025366,26818.50575212121,434515.2480231,485279.3372572575,519735.8790716565,593155.0323678473,-106236.00199759362
1405.0,490858.4351999833,505639.606507548,51270.61273701481,446736.9991418306,490858.4351999833,604558.3864030035,544965.0774501702,-39325.47094262217
1406.0,501877.26243040763,511967.0084299554,57869.92029391029,445208.16636962845,501877.26243040763,611805.815506722,577532.3771402171,-65565.36871026171
1407.0,500299.5228036803,498329.2538609546,57814.25508655963,416993.12352887006,500299.5228036803,574288.0348929366,542622.3819793604,-44293.12811840576
1408.0,473195.5007584846,488870.85273354023,52546.581433784755,417986.3810299869,473195.5007584846,582401.2399572867,594352.4613392577,-105481.60860571743
1409.0,453654.0384330937,479281.99580583937,69119.14402318103,420385.1597946037,453654.0384330937,616592.2231463684,552285.6941211502,-73003.69831531082
1410.0,506566.23114980356,525316.0332092958,55728.503448256204,467638.9024710989,506566.23114980356,625535.5480478496,520544.6706423547,4771.362566941127
1411.0,494035.2151672272,534976.5042530765,74695.38528401105,459109.58126324485,494035.2151672272,665111.9061794607,567896.4883121836,-32919.98405910714
1412.0,565936.4370944538,576214.1651879777,70680.38916621062,477094.26369819813,565936.4370944538,689634.7509498752,561622.9602575139,14591.204930463806
1413.0,551096.15367504,583728.2982346705,69192.70249975202,502067.4644572132,551096.15367504,684498.3325182128,538703.4004388173,45024.897795853205
1414.0,499512.31914906984,527694.6499534581,78936.89207049554,432965.4693465832,499512.31914906984,644544.8701023547,510749.4274393749,16945.2225140832
1415.0,434267.6409871638,458952.50933538855,87744.9695144098,301620.8040828089,434267.6409871638,597301.221449681,442244.5879372087,16707.92139817984
1416.0,429148.683998972,421125.7747834282,102747.5505541336,281377.6729994705,429148.683998972,568151.1751088456,379174.7568511396,41951.01793228858
1417.0,319877.6958390356,335885.69497608976,50905.1404366149,269995.5044849782,319877.6958390356,422841.3005309679,292675.25791197206,43210.437064117694
1418.0,244755.1669081294,297714.9975902844,98355.54049996147,204355.6861291659,244755.1669081294,469182.70955958276,250747.5877777103,46967.4098125741
1419.0,231352.20320196374,272975.5009985975,86946.40642259382,182820.70158639975,231352.20320196374,419208.72914821806,223595.04553551003,49380.45546308745
1420.0,184682.79439161898,232592.8289785939,70731.99838459588,182962.59305218194,184682.79439161898,354757.11592935765,209424.3646762132,23168.464302380686
1421.0,209817.79238059284,270953.053459733,93113.70527391015,182981.07111286605,209817.79238059284,397318.2795752025,206458.2941662973,64494.75929343572
1422.0,253376.30326586647,290594.61953596,92613.23023765755,197016.95084807498,253376.30326586647,447747.48213154834,208786.79646007894,81807.82307588108
1423.0,331371.27563367516,334553.3986571564,54178.751116210675,254105.55759368508,331371.27563367516,410961.48658593034,246553.08229049304,88000.31636666335
1424.0,529030.7664524,510184.5648706331,78708.2562437283,413257.4188452186,529030.7664524,617088.9818197839,389005.7799592854,121178.78491134773
1425.0,483187.82187343837,507421.929199627,67676.56350792653,421789.4973696854,483187.82187343837,612007.1497798021,562421.3161765779,-54999.38697695092
1426.0,530125.7885856989,505972.49497718405,70624.38209015293,403921.1439630171,530125.7885856989,613232.0819840981,593798.4313602048,-87825.93638302077
1427.0,463877.00408559386,482230.4638810854,69372.79551191037,379077.32222019276,463877.00408559386,583318.1092082382,575596.1494731763,-93365.68559209094
1428.0,476078.7405891102,496041.1241973053,73419.00190742688,407602.97255719086,476078.7405891102,615176.6704261043,560566.7940714634,-64525.669874158106
1429.0,457542.5037478546,502588.40909909154,81302.28221897519,395629.7852254202,457542.5037478546,612139.5523576633,553682.4875192671,-51094.07842017559
1430.0,471745.0798924271,478072.1166808784,78521.39205732987,380967.1847238272,471745.0798924271,598622.0556033213,553047.5402879337,-74975.42360705527
1431.0,478383.7608873154,503091.6508119263,62203.25262210453,432328.63300176815,478383.7608873154,595730.5161924406,586375.5518672968,-83283.90105537052
1432.0,506475.3238660706,502402.24036195426,78345.9955624218,397816.50296551693,506475.3238660706,614291.110517337,570971.9072379823,-68569.666876028
1433.0,466707.38778872497,493511.5887677166,70340.74619712944,419126.61868381506,466707.38778872497,611218.945265263,564017.2100494009,-70505.62128168432
1434.0,487771.2274855088,503061.7495205156,79891.93354040942,407690.9877503767,487771.2274855088,629207.8024584693,538933.33542745,-35871.5859069344
1435.0,520921.20313616854,541112.2219234857,70068.99026211303,457442.8323164899,520921.20313616854,671256.7021157712,556602.2371204495,-15490.015196963795
1436.0,617520.796925535,601598.0826551546,45383.56465313057,530932.5312198203,617520.796925535,660587.7641387037,588385.4573119406,13212.625343214022
1437.0,609198.6900680342,586820.4671827949,64991.658264803234,491189.43229831953,609198.6900680342,681062.7216542574,556452.2335147917,30368.23366800323
1438.0,509412.1110926785,523650.4124663351,67043.69688081204,429449.6497825031,509412.1110926785,628776.8494667175,514659.4119185565,8991.000547778618
1439.0,535675.3969862568,513670.9978695247,74967.86606709135,395139.2911778317,535675.3969862568,596576.3413127735,470142.806914124,43528.1909554007
