mc_mean,mc_median,std,p05,p50,p95,true_hourly_carbon,mc_mean_minus_truth
106965027.30435105,108867744.39450862,5734040.163339332,98075271.77919039,108867744.39450862,114057811.0112502,138338146.73803312,-31373119.43368207
121595563.10399261,121685383.54811999,1829148.59148979,118374117.47489487,121685383.54811999,124396305.31967616,146418034.24040183,-24822471.136409223
138297306.66532588,138265799.15053836,5227208.499755041,130186462.64252411,138265799.15053836,147811731.32655808,170585521.9000363,-32288215.234710425
165462182.44098118,165254863.81466007,4585966.468678094,157916194.3722687,165254863.81466007,171423856.2027244,231274932.21242732,-65812749.77144614
198020377.0210983,200915272.3233508,9517212.705569532,177731063.71589342,200915272.3233508,208689908.64879364,263467199.74762088,-65446822.726522595
212445371.61162594,219571220.63465172,15965592.630634613,176485272.97612816,219571220.63465172,230259327.63140386,278859882.1656773,-66414510.55405137
222959388.7011363,231950944.41512567,18908183.77547852,186904094.3459978,231950944.41512567,244626788.96410257,280115945.220645,-57156556.51950872
203924681.28806382,209624935.18556446,18893539.495553512,172590689.60662356,209624935.18556446,228616526.18001667,294136323.00068104,-90211641.71261722
194195179.8608166,192319554.82449973,18176803.20369732,168398195.2215827,192319554.82449973,221640014.50993896,267420191.21948934,-73225011.35867274
192804732.57603082,185700258.2100399,18489997.180739507,169699455.95721355,185700258.2100399,227357499.23142967,268285139.5627349,-75480406.98670408
190046958.94316265,182727797.81820804,18281787.982579794,171005380.17097837,182727797.81820804,224543572.31918842,278691455.98529667,-88644497.04213402
196875396.9182691,188749699.99604368,19024119.918642234,176338818.69412404,188749699.99604368,241001668.22544527,326757908.0991069,-129882511.18083781
194182718.60887787,191148709.54259235,11430522.332298089,181067153.54438516,191148709.54259235,216709857.30444232,310203118.2298996,-116020399.62102172
196233174.57219908,193019721.7521202,8603204.124638833,186145475.72556433,193019721.7521202,215297797.0372145,296272609.5710542,-100039434.99885514
204086589.9504261,202357394.78670806,8449185.94322229,193964999.67777997,202357394.78670806,222536080.22566336,298109605.848583,-94023015.89815688
212237621.3865044,209853568.66362977,11511107.721610285,195912988.1699667,209853568.66362977,238769563.9480197,343838105.4017622,-131600484.01525778
216784711.86326376,213528945.88628125,10456690.796733035,200647440.28294563,213528945.88628125,237773528.89951643,326665970.03516483,-109881258.17190108
201545838.82554397,199209936.46138066,10578559.82920164,183982538.87131706,199209936.46138066,219351253.98738542,308871514.7496415,-107325675.92409751
165619380.3094499,163748967.33981463,8889445.452721482,152409441.73740497,163748967.33981463,184123583.41246045,282963713.08256483,-117344332.77311492
126852409.1719248,127174550.34380338,5904382.3253752375,117418435.9733659,127174550.34380338,138356831.61977154,260233078.35322255,-133380669.18129775
115571652.09808163,114725875.97963434,9424657.344495455,103764915.45825616,114725875.97963434,139955843.4981404,204685623.7481648,-89113971.65008317
97078910.84444162,95327483.06636307,8364804.586957745,86657621.1238417,95327483.06636307,114394417.41029376,151737318.7482556,-54658407.90381399
87797985.23932073,86836205.60672088,7866786.437487418,78150977.51943548,86836205.60672088,104092003.19271395,122074911.19132231,-34276925.95200159
86254285.121602,83857839.32361364,7072205.978240092,77428082.60292912,83857839.32361364,98806931.7418779,97097273.418906,-10842988.297304004
84557638.31830783,81468025.49363266,7275323.986321422,75862084.71260515,81468025.49363266,96448358.43296243,83556133.5974688,1001504.7208390385
86574180.58422744,84141352.48358195,7642143.942118863,77014453.23857093,84141352.48358195,99901114.72257914,108005259.7652318,-21431079.18100436
102125335.17737843,98827367.98786749,9247379.591456506,91131556.3124537,98827367.98786749,118827056.13658398,125105252.2555207,-22979917.07814227
131464665.71167369,126603511.3154701,13399989.318689274,115437368.09411307,126603511.3154701,156601076.98210368,197510778.3945189,-66046112.68284522
152485938.63710272,146384982.35870525,14430852.414055485,136013085.92910793,146384982.35870525,178267645.12587112,248986643.85492483,-96500705.2178221
162226184.544857,160659228.34281862,15646009.49432816,142848016.65569568,160659228.34281862,188534507.37976187,274654649.8003681,-112428465.25551108
184164523.22556806,181084481.06278318,17815891.79957861,157609890.11213455,181084481.06278318,211171423.72649804,274013561.09692806,-89849037.87136
173983170.2516925,172973097.72563288,13924804.315603197,152409633.2129987,172973097.72563288,194067054.6661212,305048125.2097602,-131064954.95806769
168464502.323169,169566404.0109979,13097690.191306897,152826984.72793946,169566404.0109979,198123113.79559925,351747087.6603359,-183282585.3371669
187094094.79091704,182953887.1620273,21497183.144637536,162913215.56431702,182953887.1620273,233424301.9280612,351923836.0874817,-164829741.29656464
196682732.97229055,185885660.35631126,26535047.092730287,162348948.35661483,185885660.35631126,245288853.32314715,374997653.1365728,-178314920.16428223
200251845.34771973,190581418.30406812,24935382.24691362,169203647.21034142,190581418.30406812,244463043.94467774,368289453.46277076,-168037608.11505103
222595790.98626855,214041264.84972107,28631455.041410655,183138125.47296175,214041264.84972107,260876013.56498697,378742129.2243232,-156146338.23805466
236118984.39561936,244567301.68041772,26671032.963232473,198543170.37577143,244567301.68041772,271460536.26385975,395313337.4620378,-159194353.06641844
250390166.3176943,264731724.77475852,24100609.624631315,211805572.70570868,264731724.77475852,272989992.7028381,410012560.81241846,-159622394.49472415
269874734.82798016,282175776.20669866,23223647.104120433,224160209.58434752,282175776.20669866,287744454.21654546,419014219.2654117,-149139484.4374315
275328859.012718,281075469.2651503,18130049.46370843,224195669.34932503,281075469.2651503,290750855.81228226,424756803.47820294,-149427944.46548492
267441476.31975478,271744595.34825206,11362807.574171722,241466406.54528183,271744595.34825206,277793029.29213405,416316305.29850996,-148874828.97875518
246627076.41201162,247418427.68017745,4331737.571823629,241477626.33580235,247418427.68017745,254023964.1088733,378441243.05415356,-131814166.64214194
233678173.01634,232494416.24763918,5082988.975717985,227037720.70825854,232494416.24763918,242223727.78963798,323660723.4390564,-89982550.42271641
183375617.29259083,184742131.61970234,6019642.1613991335,165950221.78269532,184742131.61970234,190879335.8339773,263153937.00237098,-79778319.70978016
150194526.3197927,151410237.72609305,6393171.8590558525,136403148.56787226,151410237.72609305,157855793.0323641,197364205.47496864,-47169679.155175954
126953754.57373744,128857471.77742952,5733175.328583214,117168260.09836549,128857471.77742952,133344866.63307042,148269347.77508098,-21315593.201343536
113749847.2508027,116261952.64329311,5942006.865982628,105513279.07956874,116261952.64329311,121077532.84338614,122430441.51673365,-8680594.26593095
112059559.22919121,115878636.10572903,6818348.517769899,101027244.52064128,115878636.10572903,120281262.46977036,113828715.15554644,-1769155.9263552278
116081015.14133619,113630540.42416963,7526781.593240196,106040291.28371525,113630540.42416963,127550504.97597584,133312420.49106304,-17231405.349726856
136987012.56768495,135018487.57496768,9257183.600855384,125563101.15267232,135018487.57496768,151798480.40047324,175514330.94909647,-38527318.38141152
171115564.73864797,168866094.86902314,10652125.065281782,159029197.97673908,168866094.86902314,191850616.20176378,272049981.31502223,-100934416.57637426
204248777.20414403,202358520.20482522,9408709.521562409,193681746.85243267,202358520.20482522,227734331.17874718,356286473.1809722,-152037695.9768282
229543038.74829885,229109411.72960272,9338671.955590267,216373194.4149444,229109411.72960272,245534701.99315777,372649367.68209314,-143106328.9337943
241338079.23589996,240235466.74581605,12690588.72060899,224491377.58426484,240235466.74581605,264077423.55189556,371552697.43462753,-130214618.19872758
223074782.37617993,220937697.83993,13936956.726686383,202533840.9210809,220937697.83993,247291842.06458297,383780378.5940679,-160705596.21788794
228084429.1927796,226427181.73282096,16004534.953854231,204085956.7053704,226427181.73282096,253335929.8049168,375635214.34487665,-147550785.15209705
233399319.18167192,237639095.93252236,14577285.14303387,210046350.67805675,237639095.93252236,252992415.66922465,387019150.2158275,-153619831.0341556
238336162.60710958,245284422.68360943,13316687.812582474,217706546.02707765,245284422.68360943,252892739.96366614,407890200.13436633,-169554037.52725676
254983617.92442983,257194920.70503664,14452651.161225012,227994791.70243242,257194920.70503664,272222449.9673818,405050039.49387604,-150066421.5694462
279665196.5065292,279192636.0155606,11865923.531296458,260894881.4867843,279192636.0155606,294751094.98327583,411940998.4316973,-132275801.9251681
292406113.556432,292393709.0967204,8236986.3883675905,274964845.27365804,292393709.0967204,305129911.2203856,391884702.04151833,-99478588.48508632
292144000.821755,290250798.1569594,9489362.9210502,278144503.7656993,290250798.1569594,307083823.92982733,412677153.462816,-120533152.64106101
294113295.00046915,294416290.83739567,5114681.641902142,286330127.4270552,294416290.83739567,302066030.55209297,423442325.9829114,-129329030.98244226
304296040.7007903,304167280.0169093,8698197.162614381,289867716.1638485,304167280.0169093,318589342.3633848,423232806.321501,-118936765.62071073
297249862.19493747,296625055.60535324,6009957.12854164,288248783.82649726,296625055.60535324,307195688.3503754,409040262.3976103,-111790400.20267284
249410057.16788325,250183456.45499355,9435527.470942356,235805247.0178634,250183456.45499355,265492118.9485272,385312969.41318196,-135902912.2452987
200210758.98144093,202178190.94247836,7954605.626627843,188742680.39437628,202178190.94247836,213903566.31482714,338189720.1288736,-137978961.14743266
159587024.4473469,160604791.61767733,11054970.64739737,146795216.50476447,160604791.61767733,174416260.60299864,295708054.27286905,-136121029.82552215
158002727.79874086,161107625.64994562,12650232.890881252,138301337.02512467,161107625.64994562,172693257.4226442,221809999.85708854,-63807272.05834767
142388766.67981195,143005130.5897636,8128113.327224115,129801903.20549117,143005130.5897636,153530583.92761615,165599401.25677568,-23210634.576963723
122339850.20607279,121962988.9668636,4797188.652992811,114238879.52136819,121962988.9668636,130088644.19677058,141802833.7635168,-19462983.55744402
114094024.90999722,114333978.29824215,2819897.3235052484,109521569.91814399,114333978.29824215,118456546.1395035,140168075.29100263,-26074050.381005406
124798641.68436931,124968341.9036093,2562684.4785003145,120572860.0015513,124968341.9036093,128909842.8442902,137698296.2612801,-12899654.576910779
136936451.82147554,136408540.86034945,5412245.563210298,129304212.63835306,136408540.86034945,145778409.68341318,187140561.0748316,-50204109.25335607
172016977.2722592,171437894.89159685,3388750.9032508405,167162343.48261717,171437894.89159685,177814645.84272203,281910641.9632638,-109893664.6910046
212844006.07626095,212548414.61518514,4271744.174897702,205852724.92574748,212548414.61518514,219634433.41315582,367885947.81880194,-155041941.742541
252632109.35632417,249227444.50974172,12319396.506378885,234171060.5081769,249227444.50974172,270837680.92867744,395028268.18022275,-142396158.82389858
274247141.83560085,274236199.9549953,6403074.474319726,261841512.6794571,274236199.9549953,285212577.9579144,405992918.8911689,-131745777.05556804
282554481.5991436,281837193.30988574,9787959.853272408,264648582.02186483,281837193.30988574,302185112.8890067,425196735.13058263,-142642253.531439
290641633.5647157,290472149.99328136,7160786.767368559,277248172.6011687,290472149.99328136,302984705.9376666,420004108.6271149,-129362475.06239921
284392789.07977515,283302851.99209225,10617829.210060062,267385073.51614326,283302851.99209225,303034247.55696446,416750427.86840755,-132357638.7886324
285481426.95631516,286801260.54448324,7735213.199361381,269885768.032064,286801260.54448324,296044163.8632086,407779932.48264277,-122298505.52632761
302812511.83666635,303940824.3892684,9832594.012550725,281714466.9154074,303940824.3892684,317821949.5272924,412286847.3453214,-109474335.50865507
310911435.00621545,308713683.6214006,11720135.538737854,289675576.94450015,308713683.6214006,328970494.821691,409713229.87643695,-98801794.8702215
301659578.2732076,299869697.9065219,9868583.631446503,283301048.18192506,299869697.9065219,318104696.7530032,405554689.8230873,-103895111.54987967
307302290.4177366,309362697.9696939,9363454.925349817,291739545.8600251,309362697.9696939,321370108.71966976,406313702.2165138,-99011411.79877722
311688876.3824295,314361694.6337007,10524230.882788818,293286353.46719706,314361694.6337007,325818990.58414936,402577756.7494706,-90888880.36704111
313972474.0747473,317297671.0772202,12367753.56607551,292941637.9327047,317297671.0772202,330174507.9723302,402147706.54429734,-88175232.46955001
288839566.6482355,289005203.9687425,14260027.158919526,265851205.03672472,289005203.9687425,313029436.5875565,397710979.65231436,-108871413.00407887
256716927.28504375,256420763.58264852,11616113.142674645,238339745.4441681,256420763.58264852,277182404.7527713,363879108.0686432,-107162180.78359947
195341829.97417805,194760326.77044883,9699502.70120057,179383021.8355603,194760326.77044883,213204836.5156737,320747612.1018334,-125405782.12765536
165071546.78183234,164800231.64405268,7675121.990633043,152054490.2381785,164800231.64405268,180734586.36409676,266820506.77224535,-101748959.99041301
128278522.58662343,128606638.63862297,3581432.377767017,122938875.06863913,128606638.63862297,133947586.02952851,198488545.59848604,-70210023.0118626
96580007.1798212,96338528.69851187,3525596.7375621907,91315233.67155372,96338528.69851187,104595513.25302064,150181597.50010124,-53601590.320280045
89740345.68297096,92939052.44258186,7728160.956041323,77758903.73649524,92939052.44258186,101032511.47955859,133145626.48701625,-43405280.80404529
98100338.17032023,98815192.81265457,5381306.513365738,88982798.47485662,98815192.81265457,107234278.46544044,119615043.70133439,-21514705.53101416
104161794.93998732,103243477.50639513,4677078.3198726615,96800037.70550916,103243477.50639513,113387007.80589387,123433069.88596769,-19271274.94598037
116246765.07945435,117301026.00432122,5550688.123281246,107095536.43051255,117301026.00432122,125144351.12803401,162432449.86826485,-46185684.78881051
165672181.28074113,165885776.19374615,7852116.933774287,151883235.5458041,165885776.19374615,178236613.12523824,271401942.1139268,-105729760.8331857
201356241.43424943,201030943.82968438,10678965.444172023,180735509.5924537,201030943.82968438,217611378.2344923,341078520.4974787,-139722279.0632293
229681318.4682491,228078069.88307074,9673934.69259267,216991753.4468508,228078069.88307074,244260424.2834272,380541194.5570083,-150859876.0887592
254667051.99230203,252877579.06902847,11276655.684461199,238396558.65806666,252877579.06902847,271650502.4677113,371939018.3783971,-117271966.38609508
259071379.7479426,259023134.61114758,10594343.922603501,238139235.30173483,259023134.61114758,275801625.8457207,393582495.3147792,-134511115.56683663
259315298.3847428,263238338.74271303,9868679.024987755,241858238.88574845,263238338.74271303,270636364.57492775,396366226.5736674,-137050928.1889246
265194695.88393098,268815223.0816029,9971456.195257297,246783373.51496798,268815223.0816029,275650531.39735407,414885038.6194448,-149690342.7355138
271115357.5264455,273455127.9188347,9648043.73562946,250707253.67739016,273455127.9188347,281818915.84210414,417790153.8139002,-146674796.28745466
280564019.2978248,280945234.3432051,6032656.1945571415,268069210.20206207,280945234.3432051,291060856.459183,397076156.2814253,-116512136.9836005
286898173.7045328,286035533.8413689,5227712.060335792,278853304.12439066,286035533.8413689,297135013.63400316,409290581.3016228,-122392407.59709
289585666.75125885,289801284.61726606,4724265.308635829,279633147.1634543,289801284.61726606,297886254.8376932,407535653.20546716,-117949986.45420831
292717740.29953784,293573253.9998438,7414788.522948027,279566837.72031116,293573253.9998438,306145608.585683,401723910.9857579,-109006170.68622005
293015652.46170163,291505700.68974304,10983577.083398737,274058389.5193598,291505700.68974304,308995516.3750715,415686894.91202736,-122671242.45032573
287793592.4516936,287924189.5910109,8496202.453066858,273883990.4997238,287924189.5910109,300681066.2563232,409754005.21412885,-121960412.76243526
283633748.6159434,281341834.4681883,7784945.154487349,274260475.9695164,281341834.4681883,296760427.3298882,398656610.9688414,-115022862.352898
244538068.05972666,241658624.06098115,7432253.420230527,232374679.74056718,241658624.06098115,257048993.43086734,376068056.4101833,-131529988.35045666
209397753.4215495,208143065.41915858,10417587.234307628,193403554.39556226,208143065.41915858,230943213.7779592,329057330.51853335,-119659577.09698385
177482933.92802444,177287029.26089764,5564596.786728864,169380395.90809813,177287029.26089764,188222092.83636612,266011169.0657434,-88528235.13771895
136493177.14343357,136077407.49155527,4011704.2017698726,129781742.57884003,136077407.49155527,144666075.34845096,214730520.10314143,-78237342.95970786
113668332.02671905,110003059.78781763,6964312.052289269,104546134.15993522,110003059.78781763,123374449.06439434,165850343.41783142,-52182011.39111237
111420557.66701482,111529422.0421111,3265536.6083432143,105602161.31400175,111529422.0421111,116079418.53017965,138806759.19973254,-27386201.53271772
104947481.86420976,105110007.13176608,2370712.042574977,101168455.57620208,105110007.13176608,108977115.86679283,151272754.71369484,-46325272.849485084
107241468.90496154,104317295.18248181,6623581.05094052,98682479.0964384,104317295.18248181,116839613.49678242,150450295.8039423,-43208826.89898075
123321397.34942393,122702573.60449469,2690993.074319327,119422437.81376727,122702573.60449469,128629751.42378715,149108808.78514445,-25787411.43572052
158341115.23723307,158628389.47073415,5001189.69821136,151160009.4111994,158628389.47073415,168468494.00921527,240683584.3261789,-82342469.08894584
199266707.6961747,198899702.74247772,4800913.967371671,191643304.69303477,198899702.74247772,207274050.29907706,333283437.6845247,-134016729.98835
233225025.00407603,233081027.80015653,6220831.55445085,222639066.16816288,233081027.80015653,243774726.02605885,362617966.58393854,-129392941.5798625
264760790.7711016,264874726.60953724,5211038.459537011,254959526.67390132,264874726.60953724,271952874.3015547,382311521.1865561,-117550730.4154545
264098071.48304892,263896281.6833382,5091300.321197932,256289898.647948,263896281.6833382,273888210.4883868,372185960.7188994,-108087889.23585051
261279997.92285278,259552878.3164556,6552056.017433477,250466907.58413124,259552878.3164556,270558088.1828853,358717895.37771267,-97437897.45485988
255199082.31180674,257468633.9600008,6885618.499058845,236896507.533131,257468633.9600008,262939928.96020818,388111569.67749757,-132912487.36569083
265199234.34332824,265285102.11430198,8992241.76016237,252567410.34459722,265285102.11430198,277172130.2920688,405376743.4044276,-140177509.06109935
274252923.30538195,274829757.6941246,7836835.941440552,259931428.0556325,274829757.6941246,287436932.5269341,408906694.24970186,-134653770.9443199
282720356.365864,283734596.37172914,7472407.599783219,269338060.16173685,283734596.37172914,293579380.9778356,412418468.29443926,-129698111.92857528
281936604.2808812,282786750.1182345,6577722.260632975,264869166.02125046,282786750.1182345,291597378.0901036,396087272.51131684,-114150668.23043561
276065871.8200472,276844908.34186816,8494805.463231962,265194560.74938625,276844908.34186816,290479395.5061472,407976550.44356006,-131910678.62351286
272338483.54242694,273321380.8136611,5607607.4056477845,260695355.69978637,273321380.8136611,281339023.99687076,409239176.1502586,-136900692.60783166
280291238.74740446,280357325.96162677,5473708.405988208,270897815.51013285,280357325.96162677,290009328.98587865,393209235.8806144,-112917997.13320994
256887867.69393703,246912777.1378355,15195101.017630124,232545079.7952718,246912777.1378355,274762662.31417686,387242923.0294577,-130355055.33552065
216813241.1429269,216893669.10438433,4067775.586160515,209355864.48092383,216893669.10438433,222565970.40848455,364056962.4781626,-147243721.3352357
193598532.88135213,191385703.48732603,4825845.432402513,187966134.09171677,191385703.48732603,200577197.9626725,307937383.7842804,-114338850.9029283
152751143.44492725,152596910.532009,2370298.1829408724,149781786.06593442,152596910.532009,156704318.14808103,246171738.98070344,-93420595.5357762
122131429.40902735,126477282.28726006,7147221.054761204,113405328.79033504,126477282.28726006,129693575.14188802,178157067.69173557,-56025638.28270821
107585768.48306426,107087109.71610615,2128345.2890494643,104296007.92045179,107087109.71610615,110547076.29936738,153733430.03179753,-46147661.548733264
99559085.12394373,101140135.26835969,5040258.3170876205,93195162.16333072,101140135.26835969,105628201.25975844,141450053.2995409,-41890968.175597176
107285176.64203274,104328825.80764456,5641643.539368545,97975488.65203907,104328825.80764456,115017601.80180374,112424325.52786513,-5139148.885832384
105576345.89217843,103887380.76692384,5727350.654203643,96413177.8361008,103887380.76692384,113680835.76633495,120654996.81493972,-15078650.922761291
113032151.6908748,113827672.41118228,3118980.1030988884,107078424.12526378,113827672.41118228,117386298.01046486,165794008.47025245,-52761856.779377654
144464702.61725697,145366477.83682156,4789104.667623742,135778717.9481329,145366477.83682156,151949448.61783826,250506322.3511202,-106041619.73386323
189000169.21767765,188021613.62521136,9228138.655164089,174016894.60719764,188021613.62521136,204022866.71747378,354413025.02277946,-165412855.8051018
217099073.26494694,218175131.87824032,13027206.06698775,196163445.55001423,218175131.87824032,237101450.0734443,360123777.6234928,-143024704.35854584
246390303.07580572,244433927.32968456,9632760.532099914,231984249.1941024,244433927.32968456,261953345.77327493,359785097.4130062,-113394794.33720046
243262198.45327953,240988362.94077492,10673583.9716201,226199190.39000425,240988362.94077492,259882191.94047245,326434976.5247362,-83172778.0714567
244510409.99218792,245407354.7373441,8928534.237520756,230569868.12954745,245407354.7373441,259350812.29457653,341573014.0941143,-97062604.10192639
231611594.9818662,227194185.0538633,14614896.155769045,209688493.24972922,227194185.0538633,252775046.72282305,349411602.0176871,-117800007.03582087
227338840.5192848,228972364.58017448,7643813.220880482,213191276.10648698,228972364.58017448,237644148.41834253,373221023.44214904,-145882182.92286423
251815937.79326293,248799610.37574932,14250614.810542587,232752572.27034852,248799610.37574932,275805545.2546007,386674905.0023803,-134858967.20911738
268307155.7691334,268684911.94556916,7248869.047233726,250533878.45077077,268684911.94556916,277151242.93687147,399252912.02461445,-130945756.25548106
262076636.05170882,261873325.70622724,11555016.716356799,248923293.80314514,261873325.70622724,286185846.8430243,392135556.19098985,-130058920.13928103
271629253.172564,268642574.88374543,8578236.927995443,262165359.71172807,268642574.88374543,288690762.789996,408830773.61613554,-137201520.4435715
279670188.58504444,278026093.8065739,11291557.454225348,263892978.43834174,278026093.8065739,301506289.4600799,415151302.24193954,-135481113.6568951
277596315.931897,272277412.5781127,10423088.553519322,266251622.75214857,272277412.5781127,292792887.63309294,413692538.1314314,-136096222.19953442
263680200.36693445,260638738.29992926,9921958.24011489,250520002.90582854,260638738.29992926,277604885.9841702,398810123.9241773,-135129923.55724284
232855050.0042991,235730860.22859612,8047076.610624161,219279481.80676425,235730860.22859612,243921277.4201344,370507071.4281877,-137652021.42388862
211137948.92675903,211094195.72589517,7679045.898092854,197753785.45629063,211094195.72589517,223439345.12485948,320864005.18998265,-109726056.26322362
178414059.5454717,177981136.14890578,6643242.409583004,167051547.37326548,177981136.14890578,188634308.859171,219849235.8665939,-41435176.3211222
135938911.35311908,133811720.3893668,9682987.273680115,116859593.30197024,133811720.3893668,149470278.26505592,153512610.25170198,-17573698.898582906
112248916.27536021,114732763.80478826,6088483.5147011755,96983731.47081505,114732763.80478826,117501982.85372406,131381109.53833681,-19132193.2629766
103697917.01606926,103166479.57250527,10349674.224011732,86107425.02677943,103166479.57250527,117358993.22016104,105647996.57062867,-1950079.5545594096
101769072.60023953,107124287.56734708,11925929.303121118,82080928.53516006,107124287.56734708,114716216.25150135,96339847.33982237,5429225.260417163
104114950.86209813,107839591.32561614,12774289.52122761,83929258.06986555,107839591.32561614,120432914.59365004,104773142.86456004,-658192.0024619102
111782037.9443235,112020572.00591382,14425727.286955366,92341757.23194617,112020572.00591382,132566919.95760529,137691069.33262357,-25909031.388300076
136562281.16798064,132736896.49625757,17131427.886498712,115289999.1689024,132736896.49625757,165072330.75393534,208197429.7424852,-71635148.57450455
149355210.09117118,148652350.96567085,16956555.056603957,128670206.88518207,148652350.96567085,179493799.65347677,294067706.53420854,-144712496.44303736
162241489.04664794,158810833.3250089,18943407.72823251,136778621.0079391,158810833.3250089,197960757.91486737,294172199.8937753,-131930710.84712735
166839275.62562594,166908225.44471788,17692468.48248152,142656614.54836616,166908225.44471788,193577841.05705535,300096723.22677743,-133257447.6011515
170943894.49698317,166994244.89930266,19936900.596554056,144849105.35104802,166994244.89930266,203107828.0987063,268244695.93381158,-97300801.4368284
173602330.58359766,171380083.55351555,20393367.15733586,147819173.34652352,171380083.55351555,205506005.3796267,259419146.35269338,-85816815.76909572
172577023.59151614,171564478.6478213,17629959.385607347,144461085.9275184,171564478.6478213,199189634.29633576,256422587.19156423,-83845563.6000481
180953830.3328583,181230926.32547143,15385287.58312354,156226735.34306607,181230926.32547143,203573009.29973757,266515805.7521399,-85561975.4192816
199099412.15916297,199398000.46371198,17254977.04518148,175241684.5025371,199398000.46371198,226978063.41637686,298302058.191357,-99202646.03219405
215201473.01026636,211542315.347103,13178962.904094225,197183849.4993769,211542315.347103,233979503.48516774,309685195.2994085,-94483722.28914213
216827853.47110736,215194412.1626764,12804032.335913207,197340148.67444333,215194412.1626764,237796613.26134259,311743872.5114994,-94916019.04039204
230211442.1555799,230997584.245334,12492724.686097918,207943255.59849408,230997584.245334,249682696.52033937,333198654.0940647,-102987211.93848482
230656640.79706472,232365542.1085821,15952356.087423578,202568260.8725492,232365542.1085821,255634500.73500392,354538935.4256764,-123882294.62861168
228050002.308823,226679639.32805616,12720792.234694902,207914149.9945642,226679639.32805616,245081431.17320985,365164697.2466201,-137114694.93779713
222128865.93207178,224293226.55472925,12634663.184759814,199988558.7414532,224293226.55472925,240067470.75230414,363790512.00619525,-141661646.07412347
200063274.4696195,198607993.64691734,12301161.929196266,180667077.09783414,198607993.64691734,216684480.99247307,342141741.7593393,-142078467.28971976
172373202.7637324,176193702.11957008,11527564.521713711,155254483.69594428,176193702.11957008,187096739.7282867,278406649.8296839,-106033447.0659515
136268286.44094822,138087762.1370842,7891288.600531586,121383971.35569343,138087762.1370842,146917429.00689307,232429250.42192164,-96160963.98097342
115033127.34911361,113741142.69158438,9738643.699525049,98348824.33947328,113741142.69158438,128225773.29116419,169236194.29135063,-54203066.94223702
110083707.25974616,110562602.73344013,3203696.264897766,102256197.73272063,110562602.73344013,114121888.3669793,162742936.7300648,-52659229.470318645
103485147.57768746,103735532.89849937,4754259.2760281665,95562209.25744916,103735532.89849937,110044877.3070095,162299017.96755993,-58813870.38987248
112866053.5321541,114231425.5190772,4785446.762490503,105954594.96017015,114231425.5190772,119291847.66083522,122198809.43402433,-9332755.901870236
116663873.9931466,115015098.82138559,8354037.1078514,105719476.46140546,115015098.82138559,128726610.99653444,129963337.77877651,-13299463.785629913
128414429.36732155,129039281.95391941,5291237.721367465,120242377.07477456,129039281.95391941,137900500.73620597,185584358.14150235,-57169928.7741808
167104377.3687863,165327838.79387182,7067954.128022028,157317550.79869682,165327838.79387182,179390014.0027266,283133007.0718069,-116028629.7030206
198629343.21278274,196124470.70614886,9908390.439686932,185386846.86725342,196124470.70614886,213258912.36061198,360252865.68580383,-161623522.4730211
218080891.16433012,217271549.36355394,13235709.184454624,197760808.18942535,217271549.36355394,238266562.37258652,378521579.68861634,-160440688.5242862
239339225.53102884,242461383.12375867,14499205.305165673,216502609.31440693,242461383.12375867,259803384.82505763,381221510.29183334,-141882284.7608045
247016374.82072628,245767149.00310445,16280375.017144516,218940675.73670998,245767149.00310445,271674046.1895206,391393648.40016174,-144377273.57943547
262417047.32315785,262429357.5932538,11114432.001698248,240289398.885131,262429357.5932538,278979142.23180467,387352680.24830943,-124935632.92515159
262575278.1745743,261819410.76188344,10357753.00614763,245936205.8375387,261819410.76188344,277583925.9170327,386485991.7929783,-123910713.618404
259955458.44239226,260486919.38378656,4960394.149832865,250017308.22928327,260486919.38378656,266447782.5231196,401630349.0595625,-141674890.61717024
273156440.4519191,277410909.32169724,10302575.857709672,258129136.3712427,277410909.32169724,287395808.6777518,414051472.94399273,-140895032.49207366
289570371.47579247,289682878.7770724,6416480.529662237,279365837.8205655,289682878.7770724,300240128.582684,415246054.90816146,-125675683.432369
299924167.36887896,300098913.74920404,4151495.3807043647,291957361.03079706,300098913.74920404,305894512.74549705,195340953.48821375,104583213.88066521
342533213.8160376,353215141.70757234,22376724.740250297,311599580.8461728,353215141.70757234,370939165.7493822,284170329.82258135,58362883.993456244
366237583.7672025,366010368.6658056,8311990.197533468,352645301.7525841,366010368.6658056,380320672.39997095,321462813.8218426,44774769.945359886
357779634.5717437,356910909.0776433,9168804.134289205,341983421.7019465,356910909.0776433,373925099.1300442,360884205.99573135,-3104571.423987627
332522406.4398228,331993577.87043524,11819342.340205472,313635350.012283,331993577.87043524,351985361.48146546,412991195.4038576,-80468788.9640348
286660447.0986861,286467236.5656477,8472386.362222465,272102806.35411835,286467236.5656477,300870003.4025148,395491502.78083783,-108831055.68215173
243307242.01184002,243740663.29370886,7993355.931637359,230945942.49442255,243740663.29370886,256908725.7568629,324146932.29248637,-80839690.28064635
193693757.1124693,190252670.0522225,13513731.402363554,172446210.42030326,190252670.0522225,214778103.85483956,273511666.01807636,-79817908.90560707
155144786.14462408,154353609.903661,4851852.957185901,147274972.40961772,154353609.903661,163182757.95628527,190759135.99957117,-35614349.85494709
125967425.82951528,125951318.88242838,7823935.758705268,115011690.06145336,125951318.88242838,137408322.9510593,151419446.71750003,-25452020.887984753
108537174.70777993,108308654.86990166,2884489.270053927,103898467.53181504,108308654.86990166,113055900.08942518,138787043.15741676,-30249868.449636832
107233285.45885248,107265980.14760673,3237049.816883657,102231487.15183346,107265980.14760673,112857638.5336754,133485933.49459152,-26252648.035739034
113875169.69291148,114204452.53259045,2133114.2073888713,110316909.21387567,114204452.53259045,117168954.65356542,140746218.30125895,-26871048.608347476
146339016.87629533,147159152.62486583,2375825.9760617497,142661268.65751594,147159152.62486583,149305284.33399412,213532366.4102475,-67193349.53395218
196597838.79574764,197184721.83874097,3657651.6845054817,190064171.98465332,197184721.83874097,201904372.43554726,325139738.4093907,-128541899.61364305
235341627.49764568,235787089.38620055,4607783.492024407,229010489.2080541,235787089.38620055,244557566.5514781,387112751.37680525,-151771123.87915957
268771127.94588053,272210360.8343606,13790000.784676477,248267536.47974712,272210360.8343606,290445178.80088717,388904160.9323825,-120133032.98650199
274474479.0847795,275103138.250831,8098889.047937751,261598070.22130123,275103138.250831,286999467.12597585,383126595.1712613,-108652116.08648181
277403526.34105206,280814796.37102526,13015420.728641333,258466973.93089247,280814796.37102526,295488474.4467643,391810630.81665283,-114407104.47560078
288135261.0184535,287429328.425601,5837022.045324282,278642588.9802372,287429328.425601,298086539.03384537,386573652.55422765,-98438391.53577417
283400128.4508232,282875916.3139691,9529087.802668532,267141209.90804255,282875916.3139691,297731245.01059455,380370100.0325512,-96969971.58172804
275930056.44287103,275296358.4958906,8663245.360177997,263150947.77124295,275296358.4958906,292621984.9141292,404853931.55577904,-128923875.112908
276152141.97457314,274493893.04813504,6775985.259130424,267367264.1768873,274493893.04813504,288605549.5104594,397919255.8808567,-121767113.90628356
277667441.02387005,276737597.589032,6771652.96161376,268172537.31958935,276737597.589032,289373090.68585163,394528273.52930164,-116860832.50543159
284081786.8118917,283268363.59354484,8653978.146732852,273136041.8358153,283268363.59354484,304902155.2600438,384419096.43025684,-100337309.61836517
283497798.68169826,280195047.50059736,11633839.611224586,268190281.9649138,280195047.50059736,300747905.8248776,389904539.519154,-106406740.83745575
278370868.6001965,278206122.46283984,6857541.21754099,267973406.8800926,278206122.46283984,289798712.41105855,386088349.3446123,-107717480.74441582
273561303.4368811,273151675.30367166,3755737.429294978,268514069.1806058,273151675.30367166,280459605.56806,393682044.9241119,-120120741.48723078
248840870.94594666,249165119.80554464,5468564.953032702,240714618.33200002,249165119.80554464,257657677.24529585,393727198.31611854,-144886327.37017187
219259386.09629515,222335445.61062133,7507283.103564957,208813332.4463147,222335445.61062133,229846864.6223636,356922011.6267848,-137662625.53048965
160620534.6313238,160289342.7261247,2763195.4881109423,156848930.2656276,160289342.7261247,165393704.21640876,298862515.699371,-138241981.06804717
131008257.02672243,143484020.27737737,14990614.127583414,114428216.3199806,143484020.27737737,146578167.47923592,116394778.08605696,14613478.940665469
96574345.91280648,116919854.71535307,22133362.864683326,73289919.15850657,116919854.71535307,119238606.57308613,116361644.05618249,-19787298.143376008
64460188.91164285,50448367.909348145,14710478.489587853,49320911.87411983,50448367.909348145,79971573.57249244,102452545.80304019,-37992356.89139734
70556484.73535481,78534625.46304235,9263221.522257356,60375523.42553684,78534625.46304235,80343205.7786461,102848380.35364152,-32291895.618286714
96784301.84201851,103334094.03494713,8761337.737759937,86326445.08624461,103334094.03494713,105562598.46699852,105431115.3533681,-8646813.511349589
106465129.19220933,104428693.24408844,3534114.727293636,101734222.15667135,104428693.24408844,110873595.74861273,120652266.56608616,-14187137.373876825
123445960.19062795,123323835.65928766,1453300.3892033594,121441082.13877702,123323835.65928766,126479370.5060461,146836566.72553822,-23390606.534910277
160252471.21697453,158032777.1309774,4091465.851060116,155225471.66027647,158032777.1309774,165719867.1642529,231756991.48025316,-71504520.26327863
189652786.28279608,189643622.29504898,2830507.3212732095,181861923.37504724,189643622.29504898,195410302.89217967,316753487.0214528,-127100700.7386567
213143015.03323242,210711205.46137938,13139268.584747963,189945961.66082588,210711205.46137938,229998209.15600213,348557461.558465,-135414446.52523258
249293909.57258722,249651923.5272802,7533981.225048941,236744685.19984055,249651923.5272802,262500209.58736527,346594356.3535918,-97300446.78100458
226206577.6457258,225639134.76744738,9391427.630220175,206865165.1352578,225639134.76744738,239380797.51575786,329252372.44711244,-103045794.80138665
218255960.45904246,218983795.74880776,5781603.839153539,206341869.38861257,218983795.74880776,228249440.0101931,316454445.3382042,-98198484.87916175
217912845.6900161,217281275.80773488,7253541.0874371175,205765368.10348287,217281275.80773488,229081874.46463305,341142382.93899846,-123229537.24898237
229792244.51691467,228513059.89711893,7533416.301346548,217334666.81951463,228513059.89711893,244790252.1093829,348192128.6913198,-118399884.17440516
244417724.87339085,243097519.93892252,6935150.932068247,235192685.0582665,243097519.93892252,259370577.6883567,344384291.4091835,-99966566.53579265
254835948.34388417,254934565.58345002,5008281.173589323,247023951.63532582,254934565.58345002,264283605.08939338,382870256.9655939,-128034308.6217097
259371829.42327455,257736781.2169276,9209613.116416125,245744507.7878769,257736781.2169276,280638385.6734769,399705978.28540903,-140334148.8621345
258728213.5768694,255711270.63131267,10026260.24495025,243973513.1361379,255711270.63131267,280147899.45803636,401098722.5421575,-142370508.96528807
262314202.3569084,260299715.32363585,10215459.760500316,246883471.22260568,260299715.32363585,281285395.4100933,408371143.2827172,-146056940.92580882
261280743.6752412,260483498.9865569,11071016.0347731,244220984.27808854,260483498.9865569,277492042.75843185,399995803.39095366,-138715059.71571246
247654716.05787566,247518095.33637947,10782854.186368762,230612200.8671431,247518095.33637947,264448009.95295984,394106369.20655066,-146451653.148675
215718199.10434008,214966747.37477562,10117584.13735906,197849460.19068637,214966747.37477562,230687167.9920202,338257606.9811309,-122539407.87679082
180425881.47025427,182750741.77275413,7567260.486833751,167011624.04105088,182750741.77275413,190684835.7213225,289043141.0618419,-108617259.59158763
149110625.69773218,148766825.25573856,7132851.813762263,135631408.6678681,148766825.25573856,158611400.36743072,236274508.7878335,-87163883.09010133
115448736.63062859,116970365.99277332,4337552.975473203,106295247.28559597,116970365.99277332,120106421.8296303,189053394.9409312,-73604658.31030262
97070939.27630277,99836892.2894786,5576761.758703664,90448978.3394662,99836892.2894786,103602448.26704623,158888931.25715658,-61817991.98085381
94843885.18806209,94818600.75986691,7138850.573022037,80327813.56291518,94818600.75986691,104477237.59477973,131563357.68105422,-36719472.49299213
100575263.66640867,100958208.73880559,4479341.475101527,91940185.21662815,100958208.73880559,108497586.4045533,124420320.36064775,-23845056.69423908
103706082.67362052,103083086.28871194,4849889.762574043,93091890.75751188,103083086.28871194,110445099.66184627,134370044.34702548,-30663961.67340496
118720349.95459028,118844537.99405971,5291461.501089935,105934919.1393813,118844537.99405971,126324095.15796281,157092836.05946076,-38372486.10487048
165968090.22258592,166791660.74108958,8306191.640234725,147366086.21863306,166791660.74108958,176645949.7268581,216199055.0488452,-50230964.826259285
196979818.47442406,199626063.87705663,12929740.367531765,169724180.0147089,199626063.87705663,216273098.25405008,283394804.8336934,-86414986.35926932
209237077.38304487,210430802.67065912,9635078.287619883,193123797.12641525,210430802.67065912,222493572.33325616,311834033.2894324,-102596955.90638754
234989326.98797822,236471728.5752938,11200083.889765088,215961856.80238974,236471728.5752938,249720984.4854746,331376013.3726605,-96386686.3846823
231845089.32070687,233508044.89711612,11298126.728424395,213845929.0791288,233508044.89711612,247398292.69885898,334114601.9962206,-102269512.67551371
229713853.51493844,230009928.0339241,11452983.125250963,211264240.19584957,230009928.0339241,249842763.91370383,317239951.9526441,-87526098.43770567
228471879.8313832,228086758.3855095,10437959.98501488,213679748.69586626,228086758.3855095,246748939.90676638,363917517.903791,-135445638.0724078
239009843.16629344,238597510.83115515,11478535.537131494,220838354.87509143,238597510.83115515,263174549.89947444,386023082.6325049,-147013239.46621144
253626411.31738585,254048289.55074042,9040359.136582479,239640116.2269899,254048289.55074042,266223286.5777817,405133906.58519566,-151507495.2678098
259113386.20724726,259174045.59957862,10345388.080060149,245772112.22035277,259174045.59957862,277146796.48407847,396676305.49750525,-137562919.290258
265286834.7462254,262222109.6070768,13905237.864171287,246436710.75844634,262222109.6070768,291058289.401744,410642683.43832964,-145355848.69210425
261604149.4621862,263076416.3861922,13481096.630144391,239951598.10634765,263076416.3861922,283402915.4064167,409004347.2220269,-147400197.7598407
262281031.88824543,265523848.1385187,10877314.799557338,242133458.56152272,265523848.1385187,276295861.3379971,412406359.6075889,-150125327.71934345
262932827.34664124,267120701.16210952,11109362.424236208,240898051.2989163,267120701.16210952,277229418.60158396,410491589.13096493,-147558761.7843237
256097406.34306702,258187486.72247863,9487057.405389372,234792866.45253247,258187486.72247863,268424561.25453046,393266772.12076724,-137169365.77770022
226752774.64455977,229187095.61721164,9105432.251008393,206332380.35244095,229187095.61721164,238484342.52697244,373469183.2159128,-146716408.57135305
218653839.62885112,218862143.2861501,9610720.966485523,203770666.2457028,218862143.2861501,233508201.30061197,304194880.2826772,-85541040.65382606
177001856.47999012,174550869.68765283,9978622.675891498,158426574.40346572,174550869.68765283,191938330.07748103,245161833.56607136,-68159977.08608124
128863973.18788151,130235835.74318123,4502688.087655159,121349133.45926233,130235835.74318123,135112854.90956655,209560983.06803352,-80697009.880152
112378555.16871285,107436341.69005999,11470176.170332206,97105587.04183647,107436341.69005999,129531647.62023142,163056786.21835306,-50678231.04964021
111979673.8546076,111689539.33504024,5440673.885233644,103034820.22250018,111689539.33504024,121376924.11582084,134175459.05489607,-22195785.200288475
105892767.50129618,104174832.80054799,3786131.9656209126,100982673.05676937,104174832.80054799,112186826.23419915,126659768.85105616,-20767001.34975998
103468715.69070096,102987140.17407125,3282357.211007741,99043078.79865423,102987140.17407125,109396924.07737663,144276511.42538556,-40807795.7346846
114199490.4021697,114568458.30109768,4609863.7279301165,107634883.83527425,114568458.30109768,122823118.19071613,158106552.91194114,-43907062.50977144
143008866.0691884,141738766.32406813,4012988.977134009,137232161.27752578,141738766.32406813,149873265.4527581,208253038.2823236,-65244172.21313521
181381852.93665147,180362213.37811223,6616353.949906563,172123338.52728292,180362213.37811223,192990365.0552074,285538993.079571,-104157140.14291954
190156697.56465846,188750974.1811182,7479594.409099464,180573521.33400258,188750974.1811182,202404008.62864795,353454995.4830235,-163298297.91836506
214809628.40851465,212900572.21311128,12745385.65052805,194601886.91807833,212900572.21311128,239311272.6282647,367623838.38449955,-152814209.9759849
248041925.0507133,250663208.31246042,11698319.570073927,229310450.30692434,250663208.31246042,264884234.31463054,363847512.3317018,-115805587.28098851
244143611.17791668,242367387.74210143,13168389.005672771,220474610.15987092,242367387.74210143,266901382.3834243,333791946.59231013,-89648335.41439345
245896763.41797018,246850000.52834833,9813994.880193157,227187939.91723317,246850000.52834833,258685356.09835392,357564883.2418915,-111668119.82392132
251142618.6396681,253075999.27319273,9295476.519960523,232950967.04370093,253075999.27319273,265673387.4541881,371044501.12510085,-119901882.48543274
264326103.2486036,264358046.09553233,11616550.91089115,246503867.04207885,264358046.09553233,283380104.4820335,392650402.6132222,-128324299.36461857
265744384.9902752,264828335.0828403,12145876.436805123,243187977.33328703,264828335.0828403,286386866.6438622,413479953.0574331,-147735568.06715792
269377008.028426,271906063.51275676,11442292.823828602,251600751.94376215,271906063.51275676,286145044.21690303,399729723.86445653,-130352715.83603054
265825781.15115002,264065824.33272797,14643562.453009104,239223912.59877056,264065824.33272797,290435645.19382507,385660074.5772627,-119834293.42611268
255021657.58990234,256972295.0776428,10513988.931982279,239281936.12018728,256972295.0776428,270501646.0865386,375719355.33534145,-120697697.74543911
259459416.61914587,258305491.4440732,15269089.40198251,234515387.91719717,258305491.4440732,284889921.17039275,361691315.8915077,-102231899.27236181
252332434.1873262,250324055.33762127,12483927.710102957,230006784.26340395,250324055.33762127,269404025.4448125,368688569.8667561,-116356135.67942989
212182331.66157106,212860916.88026476,11436528.26680538,190457153.80196846,212860916.88026476,231229118.9590801,338471813.01028734,-126289481.34871629
194494250.3858019,195166348.8773371,9826231.440734591,175046275.78634822,195166348.8773371,210149071.8207747,301468386.1683147,-106974135.78251278
152025420.39204693,152766491.7836349,7762974.98474485,140153806.4835525,152766491.7836349,166109490.76958165,239065347.854159,-87039927.46211207
123904789.06770091,123965711.690258,9056820.680523207,107957371.97169669,123965711.690258,138173275.46107948,198281877.81276837,-74377088.74506746
114382850.35000834,115664210.1540432,6702551.524164119,104133009.70675983,115664210.1540432,126373811.72128077,144371534.6993559,-29988684.34934756
100505635.74217127,100495631.16360182,4471989.099216869,94278249.99197055,100495631.16360182,109580470.3386644,130321951.70267706,-29816315.960505784
97469457.09637034,97353951.08075514,5248856.542957445,89761071.69191408,97353951.08075514,106193841.35212614,125371814.58186834,-27902357.485497996
99987932.83124162,100518894.98346432,3737817.773589834,94167855.64710087,100518894.98346432,106286176.10355867,134150553.91081038,-34162621.07956876
113562808.62142108,114336659.53466257,4918039.381062084,102484239.68729381,114336659.53466257,121097595.63636984,179855895.0202727,-66293086.39885162
145069334.99877194,145975856.10489678,6742925.017692437,134731096.92292967,145975856.10489678,154721541.9945624,270336160.3742262,-125266825.37545428
200815923.63614404,198054353.03335553,9359495.645004932,186390691.5291463,198054353.03335553,215008035.1842557,341641170.708114,-140825247.07197
226425855.39902183,226675344.28740585,6765268.710443192,213541908.63623786,226675344.28740585,237160753.1148698,368765975.6838473,-142340120.28482547
251287998.46897808,252387226.13372004,5641163.104993781,238423092.5243992,252387226.13372004,258525198.01208553,362196123.3563173,-110908124.8873392
261810221.90073705,260865621.21960467,5836830.344646359,251732296.40083858,260865621.21960467,270610643.3466489,357223505.9705251,-95413284.06978804
232156790.98945105,220917077.0754153,14976833.10770553,215424220.4124006,220917077.0754153,250414579.38697404,329837388.96773285,-97680597.9782818
221308275.04543817,222678777.3444116,3600382.9148307163,212354057.72404155,222678777.3444116,225178370.69263953,335374749.57690966,-114066474.53147149
233431134.21591523,232921758.2163908,7051252.284984363,221126414.98160318,232921758.2163908,241992924.23464724,352904939.653369,-119473805.43745378
246627123.59683868,246585699.154395,9333178.181528877,229030312.36925995,246585699.154395,259264377.42943913,359027874.70716697,-112400751.11032829
261773916.84645355,265018666.9549734,9028680.29196029,245867105.8171074,265018666.9549734,272620840.3936658,381287718.756402,-119513801.90994847
260055759.42286402,259724054.92933464,12289851.720189452,237113314.2108706,259724054.92933464,277591883.76683927,346245664.60816336,-86189905.18529934
260162846.46075943,262825408.06441206,9921081.942778924,242926632.3464603,262825408.06441206,274196752.72360176,373365212.6778993,-113202366.21713987
259816323.31689388,258543547.0371279,11179139.55664611,241874598.74252605,258543547.0371279,279370371.84347856,394164139.8257031,-134347816.5088092
259399748.74818775,260565156.67527825,10868227.439252745,239609263.8147482,260565156.67527825,278143491.4393918,385812833.71412104,-126413084.9659333
245775562.5845812,244830939.31008568,8319139.743138455,230925743.62340122,244830939.31008568,263002388.7194083,372498383.29457754,-126722820.70999634
210895211.2809459,211517947.87802297,4137380.9427472544,203166523.03538907,211517947.87802297,216428394.37477383,352650221.4590278,-141755010.17808193
189445718.78051957,188690286.5295093,5980723.51288817,178667207.47046822,188690286.5295093,198479952.16511005,309741098.9559049,-120295380.17538533
158628300.35164937,158549879.51622185,4383441.578840738,149997830.08350885,158549879.51622185,165161152.04149386,267045752.2691808,-108417451.91753143
133116434.34361544,132610448.71476862,6808173.271007037,121127051.35460335,132610448.71476862,141613376.41648445,200341536.43295792,-67225102.08934247
120863269.80771112,120494163.56353797,2295938.067429047,117175845.89596857,120494163.56353797,125149890.44151257,156525403.90062985,-35662134.092918724
108767614.4050954,108495387.83523425,1178339.1929506522,107167928.63017896,108495387.83523425,111244532.981765,117279020.75067826,-8511406.345582858
102182451.25182113,101753061.90579388,3295983.114832043,98050056.69321623,101753061.90579388,106843646.72796896,120329604.92300832,-18147153.671187192
113351282.66097511,113460160.41407274,3641106.249250943,109003830.2844748,113460160.41407274,119378778.86417134,142536683.6433885,-29185400.982413396
133148327.30676806,133196841.16621238,3530843.898752119,125272806.76655288,133196841.16621238,139281436.91524044,201758382.85566857,-68610055.54890051
162904654.03365624,162981565.79919952,3613152.0339039518,156682443.4160059,162981565.79919952,169068064.4891267,340946302.26194334,-178041648.2282871
214489070.2275125,225874468.7355719,17478204.234397814,184563486.5884122,225874468.7355719,239701776.63263884,303296408.79684603,-88807338.56933352
256239977.7102453,241847583.45301965,27120207.862780564,226999513.76709822,241847583.45301965,292844100.2556007,245234457.20885813,11005520.501387179
291454602.651376,289876061.9242991,9428915.525402665,272731852.0880927,289876061.9242991,307607739.9879868,327634636.2489317,-36180033.5975557
286689584.8691219,288430333.25891304,14471630.93759119,257357774.86653873,288430333.25891304,309726076.7702727,364009589.5177775,-77320004.6486556
269783717.96479017,270227845.23994327,13232910.394285955,251566723.23059955,270227845.23994327,289943708.07133174,367506958.8419532,-97723240.87716305
262920256.14261758,263961004.35721588,11219595.955176448,244686105.65323368,263961004.35721588,279595672.46459895,360876336.469697,-97956080.32707942
270316087.6629487,273484655.15377176,10416532.178894123,246612821.30721593,273484655.15377176,282715754.3227545,375577276.90405613,-105261189.2411074
287464954.02783704,285165398.9027513,11327793.827552706,267633067.76438454,285165398.9027513,303493857.5328787,360702324.67624325,-73237370.64840621
301205736.92635816,301665781.56021106,5784478.261342427,287860183.3329725,301665781.56021106,308949403.44726247,353252138.8620101,-52046401.93565196
306200931.6820032,306550073.0736711,6455036.709611554,296958869.1871122,306550073.0736711,316140207.28271884,412433984.29622513,-106233052.61422193
310748501.1847843,310937763.2405453,13699769.219305228,294102424.57724833,310937763.2405453,336654126.39427745,412681075.04584694,-101932573.86106265
312777549.70783997,312272046.58641857,6861563.372111137,303271358.2412453,312272046.58641857,322575403.6187786,419800285.2149823,-107022735.5071423
300016493.4131592,298836267.3348576,5219970.719468,292641622.8407497,298836267.3348576,309405528.9980753,409204019.91753185,-109187526.50437266
282970735.92974144,283606510.0186678,6584444.435104158,273760680.7989925,283606510.0186678,292211908.893512,387815874.3409834,-104845138.41124195
255015436.16888306,254897752.91451585,7802057.1401475165,237610395.7099066,254897752.91451585,264588896.76270512,338480670.1193299,-83465233.95044687
194310929.20504817,192697326.18797055,10446822.416090947,178520408.28871414,192697326.18797055,208280208.89191338,288745361.6728338,-94434432.46778563
147950762.91531494,148786463.81754532,6622835.264332012,132341686.90378912,148786463.81754532,156058968.1897222,252958774.12117174,-105008011.2058568
128707307.99717654,130056318.29802543,9629095.98540457,109440338.65064651,130056318.29802543,140740535.86031032,190906177.77741104,-62198869.7802345
118910109.14315256,118990306.64045238,6532965.547590466,104801106.47690536,118990306.64045238,129772623.33127175,151530625.8608605,-32620516.717707932
105541872.6658223,106189997.66479567,5244043.793969715,94814003.00177807,106189997.66479567,114105946.71038492,137803215.14739892,-32261342.48157662
107161580.02395116,108638148.5053252,5246261.817038724,96247865.80110572,108638148.5053252,114526802.35386613,136175544.846208,-29013964.82225685
115858504.63458061,116219824.26790296,6832174.593010467,104326523.60767455,116219824.26790296,125994539.7502296,125875503.44321167,-10016998.808631063
142373827.3836934,142962927.2144763,11884842.272818267,123495483.37840652,142962927.2144763,163565528.78308475,180269430.48672047,-37895603.103027076
188372171.7260531,190305114.44973332,13752855.197541842,166134274.57839662,190305114.44973332,209317654.7670749,269132527.0145886,-80760355.2885355
190003300.9661243,189370027.85945636,16209227.711852131,156807653.10328948,189370027.85945636,211761237.7539996,358695954.5740854,-168692653.60796112
200429597.858588,200379823.32361525,20566689.971977208,166686434.814687,200379823.32361525,231507760.95248595,337961947.55129045,-137532349.69270244
224973657.61100006,223685224.43756247,10823745.689070078,210339060.57758373,223685224.43756247,240662487.20180944,332847125.25660807,-107873467.64560801
238529475.91683847,240046533.21180418,8910726.436743634,223725254.73032558,240046533.21180418,255143060.12209326,326343340.51584244,-87813864.59900397
234501593.07454264,233005878.43769193,13747796.08074812,212518986.02069366,233005878.43769193,258625732.55221957,311340511.8101957,-76838918.73565304
226332891.0949586,226187752.49639192,9276510.38239806,210086393.27516943,226187752.49639192,240472015.55222583,339855991.75355697,-113523100.65859836
232025112.70704448,231581577.10783076,10383421.841696262,215361118.03806064,231581577.10783076,250107096.57785085,373286590.21925664,-141261477.51221216
248782994.2172758,248356508.54609674,14168916.490254557,226823143.14123407,248356508.54609674,273730577.03738624,380793005.73187816,-132010011.51460236
252271348.61872965,250510320.7979844,8518685.919058086,241549776.401995,250510320.7979844,266079078.02516636,358628473.13121,-106357124.51248038
256357873.80212402,253522780.99415302,8842244.882117203,245459643.37393528,253522780.99415302,272167633.3634117,344902667.964783,-88544794.16265899
256954757.42751944,257246729.99483746,10600691.887009475,241260786.48112425,257246729.99483746,273617437.9272408,371474627.84192437,-114519870.41440493
257374442.4130817,256186310.64369434,4876657.181312092,251093311.68192124,256186310.64369434,268387128.18915647,373979029.9062825,-116604587.49320078
260714948.0762915,260611567.084785,4571998.892836593,253908887.6408296,260611567.084785,268979074.9078546,361579734.5154442,-100864786.43915272
234359276.2770824,229295490.38031542,11133727.386802396,221164404.55509537,229295490.38031542,250807600.49991393,360121300.5475959,-125762024.2705135
194685773.98212188,195086242.53898248,4361063.948830662,188369670.0799353,195086242.53898248,202036937.5567472,334694425.55175036,-140008651.56962848
177525525.5930772,178320771.63743472,4435553.075606599,170712214.16800702,178320771.63743472,184174397.53598964,278087595.9037954,-100562070.31071821
150943542.10559228,152019008.54233894,4822026.767465642,144579943.1140408,152019008.54233894,157622748.84423548,222642865.34013566,-71699323.23454338
119293081.56119502,119517899.91100323,5383891.348887947,109782944.65950243,119517899.91100323,127212504.14307326,200053128.4207914,-80760046.85959637
117791909.20654552,117679816.83018687,12867632.176629484,96173474.8084362,117679816.83018687,135465945.07316172,148973448.29489425,-31181539.08834873
116687314.54935938,117025879.32398304,7634732.489073036,104270344.81611148,117025879.32398304,127932382.06092942,119369102.36444233,-2681787.8150829524
110168127.50004552,110194290.62400958,7367046.641473461,98330919.71679293,110194290.62400958,122172661.6123963,115819896.83322687,-5651769.333181351
110194581.1397828,107603724.46983334,6768225.045462647,101889939.32823426,107603724.46983334,120191625.63257052,138578642.66193277,-28384061.522149965
126634359.1777743,122533241.34144893,7751572.974290378,119207206.67681757,122533241.34144893,140591133.36233485,197087106.92808715,-70452747.75031285
160814042.46919587,156137980.9481842,9197728.520051664,151856475.6814061,156137980.9481842,179021305.57056084,333802381.3438611,-172988338.87466523
212232232.10225356,217891858.88559625,20288346.250751708,185922080.33340582,217891858.88559625,244505424.181184,335684353.2029038,-123452121.10065025
251125714.96195933,253561331.20390677,17833799.09186288,225844426.1680407,253561331.20390677,283263471.2290636,254037944.01241302,-2912229.0504536927
273080409.74718016,263957025.2187469,17012401.34661212,255715825.11174136,263957025.2187469,305788186.9106381,216870026.54602894,56210383.20115122
265647857.8870155,256435989.40978712,18276777.338802595,245331392.9245824,256435989.40978712,297632231.0244138,319028346.0377884,-53380488.1507729
271495535.314765,270968773.35298795,18352671.65374218,246790454.76245221,270968773.35298795,295802841.2036382,361242677.81269985,-89747142.49793488
285236565.0548117,290311793.4576186,16591878.175763588,260158734.24758303,290311793.4576186,307504104.022091,364143778.1074158,-78907213.05260408
286255692.22683775,287191908.2175691,19161853.27206942,252467133.26346955,287191908.2175691,316648952.7412491,367296873.0511051,-81041180.82426733
281822060.34628314,284258362.4167045,13875201.43306583,258041652.05011278,284258362.4167045,300752568.32165074,346618248.4250568,-64796188.07877368
294995940.72907436,298215441.0977416,16440076.90873647,263686663.90970215,298215441.0977416,317918955.58495194,343291716.445887,-48295775.71681267
286136338.97536856,288396760.73018396,18568801.398814343,255699492.28023627,288396760.73018396,314910493.5394655,358413821.4242797,-72277482.44891113
287245761.5537973,291159879.8789159,18151780.14845411,259825016.72568607,291159879.8789159,314822307.42317706,366042507.18029827,-78796745.62650096
285084288.40436023,281059455.84126836,17712343.69780727,263654864.06731385,281059455.84126836,308315442.6912667,378896863.2673013,-93812574.86294109
278204427.53948444,273452459.4044078,16418865.353028817,259049832.06496942,273452459.4044078,307715654.63400805,385535410.3568184,-107330982.81733394
258844972.32548898,255039187.43204582,12652822.930306455,245545782.9966397,255039187.43204582,283564250.2514724,389089922.8932997,-130244950.56781071
240293516.95332977,240205448.73952007,11279991.408468084,224200685.95646325,240205448.73952007,256237747.9420303,376395634.68954605,-136102117.73621628
186355949.00999472,186782320.55066633,7128720.723883786,175656607.18309152,186782320.55066633,198543141.78201142,331649482.41972184,-145293533.40972713
160211925.6247205,164320822.4795162,11747620.48083979,144089333.90600532,164320822.4795162,176616261.18939024,137184569.02558672,23027356.59913379
115219849.54018784,87399655.39540794,32462339.193675905,81633966.69170132,87399655.39540794,154487421.47454944,116628325.47107852,-1408475.9308906794
74585206.28749084,78476169.21794716,7800408.548158477,63780238.18207416,78476169.21794716,83307076.59002765,107609928.51612577,-33024722.228634924
82299478.95993653,77260027.42020574,7726828.797908706,72804376.1480444,77260027.42020574,92458790.198778,108873684.3928841,-26574205.432947576
95082203.23540746,95085925.83127248,3408647.9620147836,89380449.32772692,95085925.83127248,100763780.43121898,111344895.31928101,-16262692.083873555
105473089.25380914,105622400.69241896,1976479.5422407782,102177215.93610242,105622400.69241896,109080619.28353204,118402136.19883081,-12929046.945021674
122881369.16492051,123664304.9793878,3665664.089641661,117326540.16074453,123664304.9793878,129183531.59735484,175755277.0946528,-52873907.92973229
178664329.11600325,177694189.1361845,4159681.1915327003,173517257.8741731,177694189.1361845,185849455.15708864,278251634.025347,-99587304.90934375
198883799.18152782,198855482.60419613,4901068.092584266,191754054.40239096,198855482.60419613,208154124.06637335,372309710.7243523,-173425911.54282448
220394213.97076893,233000168.1584103,23076035.214170787,191415852.80038482,233000168.1584103,249030036.800329,383963329.54184747,-163569115.57107854
256429050.9863031,255530057.66149405,9180973.398430796,240413288.60268262,255530057.66149405,271242673.3203399,378476277.88481283,-122047226.89850974
273487685.23293275,274136138.4834057,6020076.493317795,263039418.39018396,274136138.4834057,281564601.71484804,385426709.61264753,-111939024.37971479
266698779.9337393,264188366.63355482,9651506.906946834,252949194.29801252,264188366.63355482,281474666.87831414,380500739.1658795,-113801959.23214018
256336637.03657207,254586090.7430989,8495285.754593596,243784484.0287624,254586090.7430989,268867493.6232198,389156144.24168265,-132819507.20511058
258708513.31770283,259937630.36239713,3693111.784602814,251712793.31065553,259937630.36239713,263329978.95888153,394024190.3686795,-135315677.0509767
275418826.3732586,274342262.74833417,8394657.68925002,261846357.1236905,274342262.74833417,287356477.864252,405109347.1041251,-129690520.73086649
298348987.3411122,298933764.40831816,5721393.053397689,288455622.12659025,298933764.40831816,306649350.6072911,406341307.253718,-107992319.91260582
297947856.85332865,292890481.8579153,11680230.610491922,281596852.0088393,292890481.8579153,315062525.31466943,390879724.79719585,-92931867.9438672
298650121.134608,296656594.54559684,7872318.098055892,286702110.93854004,296656594.54559684,310350701.16999984,393635030.7942663,-94984909.65965831
294103397.98204875,292638162.705191,9254656.117730659,281091581.9522147,292638162.705191,307288574.9368038,395838273.15204775,-101734875.169999
291854653.92501974,290812031.46883136,8468355.620106725,275660711.3104451,290812031.46883136,304256887.80961674,385684837.9873414,-93830184.06232166
282738775.21733385,284333484.44996274,6199555.461084451,271263578.5030473,284333484.44996274,290245184.30766183,396777752.0927792,-114038976.87544537
258646284.40037256,258820604.4791409,7838842.434877056,245917825.25550932,258820604.4791409,270867784.8160808,381650258.2409088,-123003973.84053624
217392926.47489506,217156631.4022391,6562013.694162638,208159304.70454407,217156631.4022391,229825226.38531697,345950069.8315491,-128557143.35665405
181787272.13459173,182381101.39091194,6634935.006370345,172285133.36114058,182381101.39091194,194464094.3393888,316813174.62423474,-135025902.489643
159595845.59367865,157688391.96869835,7412089.498027985,150312176.97463787,157688391.96869835,171233179.4062029,226633452.4421874,-67037606.848508745
132472644.6805572,127011320.45291415,10003427.469339196,121401566.7433934,127011320.45291415,145747551.0149817,166742542.12224,-34269897.4416828
110746441.68468124,110238560.21651658,1750481.2244773272,108510314.58957219,110238560.21651658,113936404.66785832,148308981.80569848,-37562540.12101725
112556877.18333504,113136996.7251597,2893183.1222395,108139024.77628653,113136996.7251597,118194488.15276043,135474642.58865294,-22917765.405317903
117407999.3268294,117575029.31868348,3770146.954784392,111968658.11877565,117575029.31868348,124802854.64694908,149653250.2921984,-32245250.965368986
140990778.7988842,139140736.99211663,3899126.5079441965,136701843.18124548,139140736.99211663,148889874.71937844,196827250.0093461,-55836471.210461885
196708421.25824946,195194128.29496813,7435274.70523558,185822418.56966215,195194128.29496813,210164399.41424933,291305230.005023,-94596808.74677354
226239519.37663725,225967512.57568565,12368386.54320009,206292805.37163898,225967512.57568565,246729597.52861765,377094459.26784486,-150854939.8912076
251999380.87861207,252099302.73192197,11371982.838057913,231249625.86612114,252099302.73192197,270177961.1271611,394684547.1216435,-142685166.2430314
283000265.1004907,281766556.34654176,8115926.658441738,268793377.286461,281766556.34654176,296016691.4460089,390266627.0117844,-107266361.91129369
287690024.47701466,285909561.47955984,7377772.733220318,277099318.32411146,285909561.47955984,299927431.866155,397807818.4588172,-110117793.98180252
290293618.4206864,287696207.59781086,7939702.884406121,279142098.1174243,287696207.59781086,303327152.37659526,396792345.76072896,-106498727.34004253
283286212.42067575,282629979.84876496,10082536.081886325,267943086.1715368,282629979.84876496,301240394.0743384,402043074.30745167,-118756861.88677591
288495821.30549854,286808857.6095033,8441068.13797753,277530486.89331144,286808857.6095033,301461964.24362636,411397946.5785177,-122902125.27301913
290998043.3047714,287520474.43305326,8842567.078153268,279576777.6077796,287520474.43305326,306410663.0374987,410172035.6690636,-119173992.3642922
295082141.5910803,292728689.46262497,9820440.296172637,281184296.68287253,292728689.46262497,313686849.5571855,393435836.79444087,-98353695.20336056
294346816.0931556,292113190.34975886,7166639.744141983,286723759.68244725,292113190.34975886,312586401.22675914,402526822.73685247,-108180006.64369684
284000956.64928865,284133424.77990913,8246310.149417649,271358970.07036406,284133424.77990913,302040985.868274,402855795.07867426,-118854838.4293856
280132417.09390193,279310409.39775324,3871391.9509463576,273616221.1754667,279310409.39775324,285961377.2031429,382238310.11678165,-102105893.02287972
281015554.8356845,279556699.7109708,6250930.122487357,272335350.4593955,279556699.7109708,290700499.8060827,402828624.61543846,-121813069.77975398
285592509.09290016,285571314.31837285,3870606.0214652666,280177823.4631999,285571314.31837285,291732565.4740618,406840593.62774986,-121248084.5348497
253230635.4330365,253446503.06846237,3543550.6810181686,248411028.77645057,253446503.06846237,260673826.02069554,389468854.18142575,-136238218.74838924
206927960.58384654,208240905.0114515,4903085.916850326,200714039.07561362,208240905.0114515,215183903.12060377,343696781.0443645,-136768820.46051797
182361907.19393757,183567250.47256842,3354840.316299476,177408280.04249486,183567250.47256842,187029528.92024922,278684106.3398318,-96322199.14589426
141401382.72768402,139559131.05608973,3475816.8417569385,137163723.17224118,139559131.05608973,146356882.74247625,215786043.32747164,-74384660.59978762
113522498.93300322,110020010.51249048,5266655.794116714,107732666.9680105,110020010.51249048,120559564.62145557,172231705.2606686,-58709206.32766539
111624020.21828601,114339888.6951034,4139512.6571522634,106380157.1015846,114339888.6951034,116197255.55670293,141904074.46467775,-30280054.246391743
107912429.07389764,107841709.29359546,1167824.386993768,105969382.4045533,107841709.29359546,110030975.43087408,128873035.8062196,-20960606.732321948
107243332.4878313,107109677.61298735,1166036.9990659594,105308286.53179373,107109677.61298735,109443923.79243551,130985972.62259236,-23742640.134761065
117195695.609145,116496783.73234925,2363322.792723305,114673179.40221237,116496783.73234925,122764981.71955416,175982986.92514375,-58787291.31599875
166462869.18137425,166136178.06399375,5575210.395195689,159084436.1824633,166136178.06399375,176999269.43456456,278349044.3731958,-111886175.19182158
224871486.4670071,221278500.94205254,7096299.918745665,217958948.79013476,221278500.94205254,236855901.60320902,358885198.2640756,-134013711.79706848
264960345.85633484,262920108.84516653,8959212.128273336,252731200.79649365,262920108.84516653,280625576.37868714,408386510.88001174,-143426165.0236769
276374555.12795377,276427428.9842579,10476474.753709557,259876055.37179488,276427428.9842579,292879705.153164,426599101.7974455,-150224546.6694917
282333781.3164352,286304296.17104876,9500088.231232807,265829730.18427548,286304296.17104876,294300630.0993679,428204554.9535283,-145870773.63709307
283027980.0077528,286046805.2528294,7799809.688625828,270287786.6827809,286046805.2528294,291013963.7380323,427737509.4285774,-144709529.42082465
286784942.14782727,289243114.9365407,5974941.173882633,274061446.6599897,289243114.9365407,292577290.32352763,419401324.4211842,-132616382.27335691
292114862.09434104,292829870.95963657,5282299.7866028575,281558445.825941,292829870.95963657,298724373.0783774,413703790.9613277,-121588928.86698663
295055617.0472228,296036368.83745885,5581191.371487599,282977977.53361523,296036368.83745885,301673095.44326824,411536629.4943221,-116481012.44709933
294832838.7706061,298797317.42240846,7198420.229564118,280940128.4761439,298797317.42240846,301504574.5501816,410431783.36631066,-115598944.59570456
288320081.6731243,291634711.78630894,8149453.376003809,274764754.693992,291634711.78630894,298887139.5504997,403528824.43713886,-115208742.76401454
279312325.1556133,281589947.5556581,8632517.327943025,265671832.50894275,281589947.5556581,291302183.17511284,402929197.3811298,-123616872.2255165
278793129.5523326,274285217.10772467,8250661.975572677,269220083.80111235,274285217.10772467,290814598.1485386,408278226.46908975,-129485096.91675717
283804422.19070596,281324264.51842,9251159.552291833,271848460.4547138,281324264.51842,299789590.6820942,390129818.46840405,-106325396.2776981
273836353.79143405,271854498.96900004,8938753.547445696,256629205.69770384,271854498.96900004,289799025.3724989,369252781.9019338,-95416428.11049974
238654362.62577912,236876308.89622796,9643287.94776531,218752488.20769513,236876308.89622796,252747090.09737325,352340356.5543121,-113685993.92853299
186195023.4408979,186658428.52586934,7799454.957045196,172345173.90177095,186658428.52586934,200277979.2324544,303563459.0697549,-117368435.62885699
157630242.22157574,160232558.57182205,4864096.356541882,148706952.86248425,160232558.57182205,162619877.8445695,242899000.45916805,-85268758.23759231
128848521.33574735,129215452.84468557,3900847.290073966,122666630.86919701,129215452.84468557,133580927.61365536,175298668.95306674,-46450147.61731939
107411932.8787367,107477814.87195826,3249669.2209014497,101896539.13996466,107477814.87195826,111966468.29056543,139164713.1856256,-31752780.30688891
96437520.38475788,96495809.43543568,4054180.8182196165,89694149.74442641,96495809.43543568,102770175.64983092,127021006.59458321,-30583486.209825337
97900508.18344267,98026870.28287147,4342047.085829917,91277676.85318564,98026870.28287147,105639050.82267244,118841391.44083095,-20940883.25738828
99417477.42720938,99082400.09948143,2141620.0862585865,96012488.76521753,99082400.09948143,103546860.07802306,136865027.33414844,-37447549.90693906
119939549.64820005,119612216.08410603,4476141.820970831,112412097.60042529,119612216.08410603,126460457.25904824,192159963.59145227,-72220413.94325222
160651513.06648073,160833898.51505983,4300743.401636849,152571978.21246082,160833898.51505983,169446863.25056767,291388626.4457614,-130737113.37928066
203415129.34140316,202243926.11566302,7668283.947719512,191546759.46810907,202243926.11566302,222203781.68806204,405201773.9343742,-201786644.59297106
235863377.28636494,238934465.14284253,17177362.17654143,213906552.20624763,238934465.14284253,273425936.75147617,437668931.12892956,-201805553.8425646
282422796.93120706,279150783.74945855,17427711.963202503,259386488.15057862,279150783.74945855,317518293.34724474,430781772.4020529,-148358975.47084582
293510077.8768534,292220602.7970473,18536417.049030025,267084293.8733831,292220602.7970473,323409667.9914567,377091674.2932309,-83581596.41637748
287622789.6498526,289096895.6749105,17146817.729529936,261179703.95761275,289096895.6749105,312652144.0427532,401456600.05311126,-113833810.40325868
265709588.0422829,263606189.1843673,21690658.186397724,233027473.8569701,263606189.1843673,300928853.766933,415935887.5809439,-150226299.53866097
257976643.07189444,257399298.93945888,12784492.74709971,233189734.7442714,257399298.93945888,278030747.2933872,429645313.0686048,-171668669.9967104
288769881.0296036,291111484.11508477,25652282.322279304,250919880.91482437,291111484.11508477,322638991.43492997,433120170.9914914,-144350289.96188778
323914597.6636791,324871022.9529732,8575741.094133876,307545313.86083835,324871022.9529732,338268488.0554664,436752394.2201649,-112837796.55648577
317682188.3702494,318852446.610003,11184047.638751535,301430557.5993194,318852446.610003,337977748.1033064,418032551.48172426,-100350363.11147487
316445572.4850393,317894273.9895107,10522303.664241014,301896524.9235627,317894273.9895107,333397943.58096445,411520545.4347075,-95074972.94966823
309941944.0056418,313711843.5456089,11649469.893536067,294042885.77729684,313711843.5456089,331251700.75386,434714841.0274107,-124772897.02176887
307250196.76151234,306503224.5670159,3864734.16980587,301911890.48845816,306503224.5670159,314267843.70453477,426126490.82962084,-118876294.0681085
284405042.39894813,286906096.29021895,6332356.942685805,275925281.38176435,286906096.29021895,294829393.733313,412405691.3268957,-128000648.92794758
248527167.51205984,249721607.98896164,3451224.720068894,243921074.47593695,249721607.98896164,254753341.64407754,391555717.8811756,-143028550.36911574
217265383.55995587,217624322.9640926,3095137.460136268,212548183.48804292,217624322.9640926,220614493.71188983,306409715.9760976,-89144332.41614172
163224170.91126415,155833212.6280768,9756645.055425497,149261140.6334941,155833212.6280768,174999279.88886133,262038149.37012058,-98813978.45885643
129271474.29132093,119087043.62900338,12042366.960818086,113850097.60498883,119087043.62900338,142874250.96901518,184952956.4304123,-55681482.13909136
123214926.04347384,124564098.47904864,2820914.7945836186,117167857.20306279,124564098.47904864,125726229.50461394,150189194.6010725,-26974268.55759865
110738105.77187106,111377284.18861812,2983158.657031241,105631483.30688034,111377284.18861812,114597671.47709574,127486060.72234501,-16747954.95047395
111470147.31100313,111905342.70316426,4036242.5393771916,105158439.93662027,111905342.70316426,117260043.11796361,126062730.48121922,-14592583.170216084
127731001.19135055,127317020.17707193,4763759.043425694,119768172.04789968,127317020.17707193,134205328.25075115,119719059.63768865,8011941.553661898
141396997.51174548,140672577.00907975,9647022.765288655,128251425.74208549,140672577.00907975,158962533.17286956,171402736.03009093,-30005738.518345445
179395106.05327347,178995695.8682536,6575979.262697463,170216382.31235045,178995695.8682536,190061152.40299523,276666197.17604476,-97271091.1227713
220408200.57553837,220327048.26184583,7081200.212658377,210794102.18398616,220327048.26184583,233712855.47727656,392287259.05922973,-171879058.48369136
246681955.84642923,247376272.20415542,13591205.773591882,225842721.03927696,247376272.20415542,265869860.64404953,416421292.8610606,-169739337.0146314
249015837.8048792,249484381.73186943,7296398.133092933,238327095.09192193,249484381.73186943,261032036.92519248,403234664.65107346,-154218826.84619427
257173719.8300361,255722450.18835372,10335648.619434351,240452088.18645668,255722450.18835372,276095949.31766754,418009502.65269077,-160835782.82265466
265396207.23231822,264815324.2843703,10148391.028240755,252074080.92764077,264815324.2843703,280278595.2314582,404559164.58206767,-139162957.34974945
256328997.47922486,256553850.58804482,14079678.669153843,236015430.88026282,256553850.58804482,279958433.2907948,404665848.8601997,-148336851.38097483
256034498.8283674,259462723.67470586,10372718.147362586,238846541.59971562,259462723.67470586,270718672.0348935,426632667.63178635,-170598168.80341893
279916579.2933062,278085627.98646134,20106718.24349229,247381375.88603115,278085627.98646134,306776294.84031755,424764392.29058367,-144847812.9972775
298217597.75346404,299664159.17705715,8119886.949849309,278844420.79116154,299664159.17705715,307845694.672279,406344802.5067028,-108127204.75323874
293537953.9149648,294420019.4476315,8716613.031476816,276500947.13855666,294420019.4476315,306624418.3576168,374217757.9444082,-80679804.02944338
294387466.90029305,295661404.0396922,10642314.522542736,270626706.4383479,295661404.0396922,308962957.6092048,382443928.98936826,-88056462.08907521
297833153.62029356,299889229.9025948,12501069.445464855,273911230.307669,299889229.9025948,315599151.92197865,390357258.8803913,-92524105.26009774
291713915.6635449,297221393.2493721,13343710.473918563,271121854.7148134,297221393.2493721,308452375.08516973,386234622.1099761,-94520706.44643122
271004262.062574,270368836.7477445,13527140.564724848,250753557.38207346,270368836.7477445,294165445.15054303,383682504.5910415,-112678242.52846748
228869868.07587278,226453074.45256656,10551473.505421493,213557818.62796646,226453074.45256656,245980980.38007087,351242478.6214444,-122372610.54557163
177179181.6798811,174433875.165272,7094501.204630253,168921491.1166741,174433875.165272,189385033.95183346,286745958.1326293,-109566776.45274818
148466681.09846798,147202377.7761305,5302732.666396391,141791348.96744016,147202377.7761305,159219338.1777809,222016572.96558443,-73549891.86711645
120698398.93097615,119331374.17691559,3977634.6875582826,115504634.8086048,119331374.17691559,129594538.79936235,181079376.65568367,-60380977.724707514
108031966.28789681,107713630.07961378,3276430.8134618606,103059941.5427733,107713630.07961378,113531873.28532161,150322991.82628736,-42291025.53839055
102394805.77263124,101805740.69788027,3269176.2632383946,97660852.25647214,101805740.69788027,108458930.12471138,139321948.99730802,-36927143.22467677
103945043.6448496,103612144.35320789,3749357.7266374067,98950089.28939335,103612144.35320789,110782054.98162697,128917385.9567,-24972342.3118504
112886106.83459549,112273104.90455057,5223518.160046896,105915210.9857662,112273104.90455057,122758870.30529726,133294899.14938298,-20408792.314787492
135391359.3138909,133997519.44979733,6897449.393523905,125565276.1053035,133997519.44979733,147963698.5975344,191365237.58379433,-55973878.26990342
187205601.8929106,186434209.19842744,8421366.622259524,174343268.21539086,186434209.19842744,199190797.96351913,313233449.03971916,-126027847.14680856
235546979.7979308,236931418.113379,10684308.751920972,218318172.57039103,236931418.113379,249557164.293262,413406704.5930436,-177859724.79511282
264697197.05087617,264364465.01164222,16219338.460184906,233767442.00502142,264364465.01164222,288747623.60928273,440787359.9991105,-176090162.94823435
287305253.8934025,283938189.45517695,21167340.550756596,255589663.99034658,283938189.45517695,316634017.94876045,399949907.4136104,-112644653.52020788
311232283.9193221,311821159.6409074,12348426.65357535,285828446.7148311,311821159.6409074,329142858.34849155,405492110.1941556,-94259826.2748335
315212731.0975683,315499259.3478335,8639845.740939004,295687171.6298238,315499259.3478335,327300833.11027884,410813016.9718478,-95600285.8742795
310411102.42537117,310798452.9312297,9094955.386721853,297103561.0640828,310798452.9312297,325545899.41557205,398970081.1384463,-88558978.7130751
300523874.21756715,298925792.3878625,10418703.873620799,283672355.7904097,298925792.3878625,318095006.9662026,411962762.31648207,-111438888.09891492
306566383.50034446,304832685.2524804,14704302.78500311,280846819.136553,304832685.2524804,328432772.24141824,391793778.2696417,-85227394.76929724
311678217.8611788,313501799.1742043,12510391.544202395,292074584.2835286,313501799.1742043,330700892.62139475,396564784.6165671,-84886566.75538826
305851283.8820947,305110018.4164564,15897448.733556282,281564583.02131975,305110018.4164564,334855132.66595656,375637750.44711727,-69786466.56502259
301051279.66466147,299119641.348964,15181553.114949403,279777311.08277684,299119641.348964,329656447.35592604,395434585.22865933,-94383305.56399786
316470545.8828439,315584632.38669086,16423908.663804475,293845047.04014856,315584632.38669086,351350173.02726334,395831359.2403185,-79360813.35747457
313990699.2896605,311375344.28305113,10200139.89580254,302541709.7755183,311375344.28305113,337784209.9778287,409915696.3044407,-95924997.01478016
291828820.8495357,290508926.8313373,6233172.591216041,284337406.014715,290508926.8313373,303986617.5041648,403011949.16599554,-111183128.31645983
254348879.52932367,255561125.87417984,5461623.307311942,246365103.19716504,255561125.87417984,265085450.43662304,385794879.26541704,-131445999.73609337
209809211.8755116,210326043.50457597,3022493.9050796805,204844134.81259388,210326043.50457597,215519284.63748085,319176767.96915317,-109367556.09364158
172741776.35019848,175576661.19416577,5852557.326448542,165012036.51902226,175576661.19416577,180842347.8283872,241413059.3204779,-68671282.97027943
135601315.16901913,133163614.29553154,4678323.179434475,130177106.82769054,133163614.29553154,142430342.90981975,185967909.15238926,-50366593.983370125
111605398.5479879,111806076.63724151,1591823.4080195727,109072106.31949621,111806076.63724151,114302460.49255943,148812369.10396498,-37206970.55597709
106075604.0093459,106762172.25476575,3111824.2934304727,101833196.14678447,106762172.25476575,110369218.3533609,124932315.85678925,-18856711.847443342
107358748.8708812,107224548.3415538,1187166.5307807273,105533722.46758413,107224548.3415538,109199148.3882044,121160932.99897344,-13802184.128092244
112910679.5022771,112907863.89618704,1412041.6025909523,110921755.88584253,112907863.89618704,114981900.9113054,125799052.57025518,-12888373.06797807
142395117.23699793,142449968.7370672,2632168.308281626,138013597.48337778,142449968.7370672,146986638.453125,192856303.99188387,-50461186.75488594
193986727.6049789,194076089.90749195,4266844.556843935,187640970.52906483,194076089.90749195,200724101.3349139,318012475.96270794,-124025748.35772905
237248774.06421235,235889447.4422058,5193244.587038815,230929972.73673183,235889447.4422058,247995733.42920431,427592418.1772307,-190343644.11301836
271301396.33983266,281846167.55136776,20989559.45566379,244479020.54766688,281846167.55136776,303019049.0490535,417597966.85383725,-146296570.5140046
302291197.8602302,302227869.7934104,13135648.333103437,281411685.6891752,302227869.7934104,323948308.0558289,426600197.7190653,-124308999.8588351
309931654.74514264,304031111.2718288,10356331.07403074,297775467.7221262,304031111.2718288,323750119.842298,424080237.0083572,-114148582.26321459
311124148.99948263,316020706.6604508,10722271.975984562,295982020.0213945,316020706.6604508,324031428.82111305,434997458.324864,-123873309.32538134
306279628.99825186,305901545.6454218,12670621.499636408,283739181.31663483,305901545.6454218,324042432.2329918,435867548.40435535,-129587919.40610349
290713557.69374865,291147000.8896272,10697340.243669266,269032433.63407034,291147000.8896272,304735150.5278704,418382942.2786195,-127669384.58487087
306708223.6295798,304585998.8535178,16421302.779775716,285108773.4051698,304585998.8535178,327443216.2965965,406205213.43351847,-99496989.80393869
328782167.0188141,329427404.2053995,3290921.342014282,320969606.5141451,329427404.2053995,333025412.58980566,430384562.5681946,-101602395.54938054
332396964.67409706,329300232.1360366,6405277.974926053,323584914.7330937,329300232.1360366,341843451.420347,428952156.48438305,-96555191.81028599
335076153.1470107,327860560.6152048,10598077.639812883,322331471.67920744,327860560.6152048,348849332.09425026,436382365.6285248,-101306212.4815141
333989592.879456,333388357.89936745,3169797.9289458604,329720091.64046335,333388357.89936745,339140733.29211146,432846212.88457376,-98856620.00511777
334796973.5886202,336181818.70071614,3226746.9749744805,329840622.1612061,336181818.70071614,339503819.946556,408175334.6743364,-73378361.08571619
311887297.6631784,308013192.5844889,6496564.474828338,304754862.18156683,308013192.5844889,320838351.2195417,435169266.0819921,-123281968.4188137
284266240.1077105,289543791.6823428,6703832.377701942,276646140.3202184,289543791.6823428,292189321.3033014,419923320.4417958,-135657080.33408535
232556817.201167,225135317.17112845,9422471.534432014,222654487.91701296,225135317.17112845,243242135.4727194,352027112.87905145,-119470295.67788446
187298009.34654364,187385666.54750565,1676784.329217965,183912271.89780664,187385666.54750565,189473105.06806856,160567920.6414684,26730088.705075234
122490107.17933233,92976132.47805294,31268186.39815978,90258999.3036199,92976132.47805294,155604112.47070044,142475924.55911055,-19985817.37977822
82879692.23957889,93512349.01859912,14542686.248437624,64610331.41906037,93512349.01859912,96381006.04487386,142424128.2047329,-59544435.96515401
94260690.83460541,83399023.24821481,12754577.640424073,80666128.6759025,83399023.24821481,108882622.49635659,127419830.93947154,-33159140.104866132
105665467.94524954,106251264.76387116,3609837.0771138906,100419324.67867182,106251264.76387116,110496388.33666517,125824507.7944857,-20159039.84923616
113508307.49260639,113639270.3512153,2696970.592766704,109264433.09290805,113639270.3512153,117663075.31947045,128068362.33712973,-14560054.84452334
141080441.09665856,141151302.74099916,2303118.3623571238,137795309.7794229,141151302.74099916,145386995.16248116,171100473.9093823,-30020032.812723756
194056354.31599525,195091653.78468794,4500304.543394969,187741962.94258884,195091653.78468794,202408344.72541127,321000344.276262,-126943989.96026674
228737035.75021628,231017555.62397066,5653310.241628751,220631389.06153414,231017555.62397066,234459987.79823756,430966283.0315819,-202229247.2813656
269865148.053345,290974381.98790926,26076695.418853734,239425763.76929843,290974381.98790926,299490200.13640714,437633343.499995,-167768195.44664997
319764069.2859121,328701243.75836587,14530939.535334093,301760893.5278053,328701243.75836587,339210317.5891417,431702854.5870262,-111938785.30111408
337040539.72644687,334880344.0784195,5948743.684948054,329722937.11892694,334880344.0784195,349044107.86771774,432568324.1494741,-95527784.42302722
334271688.9988758,335409808.73904026,8489249.872092023,322668933.37743187,335409808.73904026,349328888.5465749,445468070.00766414,-111196381.00878835
324183587.31572235,324552122.8646064,7288643.262023657,312773054.54178643,324552122.8646064,335508089.3414219,423668957.1109701,-99485369.79524773
324658572.14097714,325603752.8782513,5464072.315521219,316483893.2899392,325603752.8782513,331884802.75196904,426963725.6238623,-102305153.48288518
340603477.0403647,336412677.6448078,11580444.68678437,323245096.26274836,336412677.6448078,357242228.2681225,378957434.03815037,-38353956.99778569
361427353.34162426,362424019.9827969,5987570.943340792,349660200.8213264,362424019.9827969,369774947.4818271,423185733.4941962,-61758380.15257192
358776396.9624154,354746545.9301326,11521008.473100945,344164356.4153827,354746545.9301326,377002335.11009103,419444513.4036778,-60668116.441262424
350011787.7421516,342254060.62002516,14896879.8951745,332182760.13487357,342254060.62002516,370854483.5834198,419760629.9656615,-69748842.22350991
330665626.8676126,338155856.173743,17486628.81245444,306430973.9440296,338155856.173743,353241424.7920713,424985575.6456393,-94319948.7780267
315656298.68737894,316432023.0096842,5872415.079739951,306105396.11131656,316432023.0096842,325592301.4370543,378390138.4098755,-62733839.72249657
316547263.82474625,322275996.91394246,13926656.255222593,295490927.4116322,322275996.91394246,335745907.329465,417648994.51044,-101101730.68569374
282350044.87312835,287031886.5380949,15211145.626879415,260057365.29054543,287031886.5380949,300923864.1919713,389315458.6714089,-106965413.79828054
215218170.72578034,214369903.16598406,5033182.686453118,205873930.40628135,214369903.16598406,223255933.47289488,332834398.29611206,-117616227.57033172
174136423.39491624,173311545.2869051,4385885.030450355,166500124.2074293,173311545.2869051,180145900.83184874,277691991.5821969,-103555568.18728065
138656411.4359976,138113240.12483263,2885912.132284775,133063454.07395868,138113240.12483263,142634430.46956846,202233694.10245723,-63577282.66645962
108909954.234797,109366334.1656872,1730437.9519072413,105964662.77008255,109366334.1656872,111080840.14010006,184485934.9448432,-75575980.7100462
103509695.69736409,111015045.52112216,11968927.646200052,87719932.82873042,111015045.52112216,115508775.86715119,165382748.2463473,-61873052.54898322
114225935.12197354,110900634.28165904,5373593.54783116,106375428.48661353,110900634.28165904,121388378.25214472,145048825.5949008,-30822890.472927243
124274493.89756571,124670235.64385235,2268594.5438453755,119972082.0343075,124670235.64385235,127504538.9273321,152785559.15546578,-28511065.257900074
164194824.90033036,164577991.7401492,2929455.522613854,159443968.3854575,164577991.7401492,168343390.40621522,188866983.4339461,-24672158.53361574
231461505.1133292,229645194.1271816,12199107.138800181,214809846.3862857,229645194.1271816,247386989.57821673,284084422.2328612,-52622917.11953202
240522435.0608014,226080829.6747482,19551339.375749562,215276269.35406247,226080829.6747482,264106430.03628734,394173185.8638819,-153650750.8030805
250042556.44203576,251493472.43729222,10004928.941420637,234177071.42021048,251493472.43729222,266556480.8801853,434558635.79114604,-184516079.34911028
281263555.8089843,284061497.86499715,13455355.476784976,260415415.53512985,284061497.86499715,301245135.9982572,426329303.69935185,-145065747.89036757
310012723.15250903,312751754.5252888,15597853.64036219,285789957.4820855,312751754.5252888,332412718.2301524,438624910.1375183,-128612186.98500925
324632622.12781364,326297487.05235565,8709087.298248217,310240466.8518564,326297487.05235565,337591165.4715641,440110052.8525842,-115477430.72477055
320632823.24679446,322095723.22484446,8214357.476538412,306313211.0273479,322095723.22484446,332378740.7682105,439143894.2163809,-118511070.96958643
323838762.87928116,326087300.5266334,7510368.627468011,310689963.16798794,326087300.5266334,332702696.3034358,430026205.9416774,-106187443.06239623
325042819.00954276,326732874.861601,6716800.734406699,312185013.06305534,326732874.861601,333158414.08393526,437516701.8226033,-112473882.81306052
324537249.30210936,325588456.89581746,5757231.180104195,313593731.1302378,325588456.89581746,332676458.1265605,437017578.092543,-112480328.79043365
323317432.1787252,323431289.20636594,4482175.331294559,316481980.64913255,323431289.20636594,329789756.10923094,434195093.6498757,-110877661.47115052
318828348.82879275,319447190.76055133,5718947.460929639,309921003.7555526,319447190.76055133,327864432.7274703,436963204.989139,-118134856.16034627
316267580.43854356,315742047.2933472,5128025.969314215,308874584.6936905,315742047.2933472,325267358.1606334,411354515.03536797,-95086934.59682441
320889739.0000918,320412431.8051271,8930636.392409835,308524487.0720919,320412431.8051271,336099003.6832308,423469301.02230144,-102579562.02220964
309119258.79468113,309332959.0601153,7193405.189456252,299759740.0380201,309332959.0601153,320190840.0449259,431639144.53332233,-122519885.7386412
265663463.7096638,265140254.52806732,4854890.097359546,259031204.06052065,265140254.52806732,272787182.3387942,401597159.3117886,-135933695.6021248
227963819.44807246,228921611.67904377,3111872.135102281,223505818.16320473,228921611.67904377,232582204.51542595,344513180.1728098,-116549360.72473732
184229983.8185607,181197957.41465575,4754455.780521185,178569470.06213617,181197957.41465575,190395218.401457,266405668.41940153,-82175684.60084084
139592626.10385457,138352323.81459874,2776291.992548846,136361624.587797,138352323.81459874,143652250.44803935,196496191.5651509,-56903565.46129632
111717892.87626737,112538518.08400899,2813048.9023976945,107657661.56997459,112538518.08400899,115269681.38962364,165204626.32137024,-53486733.44510287
103398725.25575408,108622363.63741747,7598439.516595199,94085267.16191174,108622363.63741747,111697279.51555207,145018173.7562015,-41619448.50044742
103171146.437246,105893290.76155134,5027928.260408194,96646032.64401326,105893290.76155134,109401574.02932504,150302024.9789602,-47130878.54171419
111731102.3483795,116316621.4314644,7140475.150058023,103287962.96887018,116316621.4314644,120519646.53024401,148239987.1589677,-36508884.81058821
151751231.1510552,151427273.31829935,1983888.6554138968,148946632.64247608,151427273.31829935,155415885.36734325,178530135.9483768,-26778904.797321618
209882024.28958192,206497429.83119914,8491259.66988161,199763395.74635968,206497429.83119914,223108592.95776364,251982763.93503198,-42100739.645450056
249432804.9636552,239179070.4022989,16976025.10806954,232252983.62219316,239179070.4022989,272548814.8561568,372123542.78610003,-122690737.82244483
256537767.44968247,256982733.901968,3603924.0440882007,251298250.1783285,256982733.901968,262920559.98095566,433819626.5191735,-177281859.06949103
273215528.06290555,280970114.9806131,12862356.84432125,256682564.9884,280970114.9806131,290918298.66388446,445415464.10396844,-172199936.0410629
293260195.73080415,296522138.0406159,9306545.178648634,280373805.5115209,296522138.0406159,307356543.0732727,446146265.46444696,-152886069.73364282
311173567.74586123,311043071.84731126,7087214.316962812,300674153.0283174,311043071.84731126,321426930.19169754,445919666.4112201,-134746098.66535884
309097242.3784059,308495133.8679944,5646494.427193649,300122293.6648607,308495133.8679944,317861793.3423356,438459283.7907985,-129362041.41239256
308271767.4731794,307551326.82766426,6591495.629524568,297583758.87227803,307551326.82766426,318233532.4012177,435980100.9914772,-127708333.51829779
316935998.53636456,316690699.1726471,5573448.3388413,307781908.5335663,316690699.1726471,325597293.1437427,436678281.31522477,-119742282.77886021
321289942.21716875,322541444.2229593,4147764.661692637,315139392.91640806,322541444.2229593,326614519.35196203,441686506.0734384,-120396563.85626966
306337156.68344843,306626275.7019031,5672310.808814393,297615950.601797,306626275.7019031,316085514.5247918,430770947.25552464,-124433790.5720762
297440350.83061063,297522815.14521676,5467768.661262626,289358743.86826926,297522815.14521676,306869843.38267624,428101048.75891423,-130660697.9283036
298752508.1533171,296914773.7665663,3909963.43837156,294081302.81155217,296914773.7665663,304456359.86626345,431949279.9216008,-133196771.76828372
305160097.3568131,307220589.8890798,7613705.1643997105,295157686.2250157,307220589.8890798,317653429.39193463,428138869.3842261,-122978772.02741301
288318777.87093955,288677723.6740743,5732550.181387223,281032025.0062382,288677723.6740743,298274465.55399114,415870672.99434084,-127551895.12340128
253329034.96064076,254817698.98641217,3737573.8490569186,248830678.9443575,254817698.98641217,261558625.05098322,377516085.30600053,-124187050.34535977
214513835.19494846,211991340.25779682,4521759.127863932,209509669.9896555,211991340.25779682,220717502.18141592,294979327.17646885,-80465491.98152038
160742755.4213269,152620065.08925793,10553395.580215948,149650176.49700636,152620065.08925793,173493428.04780963,230508137.70940498,-69765382.28807807
120247521.93622567,119625607.97924045,2371920.524239303,117348947.22886206,119625607.97924045,123612656.50726621,171415339.96143708,-51167818.02521141
96664632.04591084,94357682.46704526,3929853.8786525163,90965656.44665994,94357682.46704526,101976771.87367888,158149683.694359,-61485051.64844817
100076158.10751948,106451026.29805443,10303994.819566205,86327998.92649285,106451026.29805443,110805801.62532344,137495098.2535193,-37418940.14599982
110770719.65353395,110602697.49184477,2522361.624692362,106297771.9960486,110602697.49184477,114558422.65348215,130018664.04715426,-19247944.393620312
112427500.86537182,112411332.11364374,2486838.7323333872,108053960.80996652,112411332.11364374,116335642.39960526,130590457.30296345,-18162956.437591627
126893903.37784497,127208643.02152929,2605320.4886616645,122255709.96348095,127208643.02152929,131136441.73460475,165666767.86413825,-38772864.48629327
183008298.7619511,182279295.13690466,3444232.269190733,177841581.39538237,182279295.13690466,188681581.2773393,317444564.01838315,-134436265.25643206
249403355.1321935,249660170.00905144,8689366.505144348,235723329.90798825,249660170.00905144,263638430.5951459,424456274.98115796,-175052919.84896445
292163095.7261967,302534665.0831239,20911385.51457968,264805827.95391625,302534665.0831239,320288756.40552413,413210902.32651955,-121047806.60032284
326772281.3190129,327028638.76589763,11489659.360565787,310679955.033805,327028638.76589763,344447528.37159914,351154164.1937562,-24381882.874743342
330647791.33551604,329419538.1573232,5962580.397622035,321505783.1541232,329419538.1573232,339968928.7716132,401586695.56377923,-70938904.2282632
323809543.4932912,324036931.64066297,10056468.844145356,308152581.82312423,324036931.64066297,340534606.1972124,405378257.82379913,-81568714.33050793
301142337.88965493,300475101.51707244,14271976.624470668,279185485.5950952,300475101.51707244,325496434.54060704,411663349.0739608,-110521011.18430585
298833849.0174249,298902119.41344064,12648701.271932788,279660250.631846,298902119.41344064,321299052.8179435,334838854.350842,-36005005.33341712
325824545.5401754,332025547.94969976,18865198.78960263,298688246.2632063,332025547.94969976,357758164.5323425,364954099.90579855,-39129554.365623176
337005564.125099,336737121.6548667,6246551.641067336,328230620.7347073,336737121.6548667,346314452.7574098,359453839.09028864,-22448274.965189636
328143273.4436715,329056758.0875162,8399930.83923986,314882435.5386207,329056758.0875162,343474523.39678633,359904883.4212318,-31761609.97756028
325698285.02514803,327016980.1521019,13267995.24262258,309479780.4446299,327016980.1521019,350153437.12516725,407041234.6890049,-81342949.66385686
314813320.8686083,315541847.63284355,11788151.328320656,300090615.6895814,315541847.63284355,337129609.19908375,416008162.1407609,-101194841.2721526
290563498.0759315,289349265.2912661,7962877.670141762,280126685.6141074,289349265.2912661,304515325.49320847,406688167.06753445,-116124668.99160296
260515139.74058574,259729520.03575474,3965029.0131534617,256536682.38295612,259729520.03575474,270457365.76344764,410747364.67931193,-150232224.9387262
230465151.0999773,228114338.4573406,5831930.588182718,223370619.71779987,228114338.4573406,243078522.78045532,374927437.18970263,-144462286.08972532
198022870.7598601,197191608.7382782,5725405.722947755,190812314.48095435,197191608.7382782,208672576.97672346,321848736.55274546,-123825865.79288536
164992610.1284941,164447046.07211614,5420412.936992185,157055034.07487383,164447046.07211614,173858786.66392657,237241144.59349805,-72248534.46500394
126875961.91957912,126413436.52238145,7009436.598939727,116270257.1329185,126413436.52238145,137330746.56077147,187930967.19033957,-61055005.27076045
109073894.8626009,108491279.0149773,5869103.091869481,98586006.68309297,108491279.0149773,117159180.0516033,151457622.38064,-42383727.51803911
104297239.75835718,104204004.29861873,3353321.024916103,97126589.79569125,104204004.29861873,108767230.25704506,134373030.3260098,-30075790.567652628
111268405.73327942,110502191.09203786,3475444.9917110326,103536327.11234093,110502191.09203786,115470441.598242,130801178.20521906,-19532772.47193964
127916018.78199002,127596930.39128864,2064386.2104868086,122566661.0410199,127596930.39128864,130577692.46188028,133591795.268983,-5675776.486992985
169295526.24682927,164465487.07187274,6543317.178519922,162256405.80357665,164465487.07187274,176928511.2307401,185035478.94306588,-15739952.69623661
221348511.00343177,231746160.62361228,12724741.45442523,206817682.77006495,231746160.62361228,236483843.68787694,334826771.73434466,-113478260.7309129
220996266.52801087,220608116.9347884,1177476.0308381952,219227471.89181498,220608116.9347884,223768707.30209735,415926206.69217867,-194929940.1641678
266583938.25438043,298758690.0332889,39789945.35987706,223166015.90351614,298758690.0332889,309099989.3456496,403777202.5640559,-137193264.30967548
319213333.2221555,327221199.174947,14922512.019500352,298362029.47246116,327221199.174947,338421384.61501276,398163754.8492901,-78950421.62713456
331953163.3054444,332319488.4131223,3531009.2769663585,325142993.98849976,332319488.4131223,337811604.0831938,418035776.0172827,-86082612.7118383
324491226.7139035,325240321.76670974,7412363.51665615,313194845.23399144,325240321.76670974,335723709.97802967,447110534.7035367,-122619307.9896332
316454048.36886954,317432345.9084204,11070744.643929623,300259017.2561674,317432345.9084204,336752934.1229142,450101637.68065596,-133647589.31178641
309101357.4164312,308785528.563905,5831591.107923525,299977663.04000837,308785528.563905,318542032.9408461,409252000.16675186,-100150642.75032067
330590070.2885534,339575917.5088467,21881215.80517321,300276746.10454184,339575917.5088467,360186453.8536943,390673672.5469402,-60083602.25838679
351563492.51356447,352588196.7517489,7717072.404229645,338531057.0735204,352588196.7517489,361629230.2898432,405552377.22620153,-53988884.71263707
354756193.7159198,355989371.0522764,9381280.783303475,337230050.01587874,355989371.0522764,367528570.7573211,416673968.2168768,-61917774.50095701
352705920.9510602,348881424.632411,16254878.85865121,325212665.60999984,348881424.632411,373636008.3450092,442146176.0310476,-89440255.0799874
337716763.5766595,327610237.46632934,15433304.188995805,316772679.82622313,327610237.46632934,356429090.9842559,421815247.4810731,-84098483.90441358
320995872.77862453,318512068.3158028,6456111.541603826,308362158.1906156,318512068.3158028,329015677.24768156,410128150.33547,-89132277.55684549
298577543.0221361,294852221.548089,9704560.123710677,278882596.1555315,294852221.548089,311143046.0016837,411066552.29335934,-112489009.27122325
256689001.25816426,255751001.829314,6722548.409001215,243102494.45541263,255751001.829314,265134404.34934396,392349330.1742449,-135660328.91608062
