day,time,invocation_rate
28,2419200,152.0
28,2419260,160.0
28,2419320,143.0
28,2419380,153.0
28,2419440,173.0
28,2419500,145.0
28,2419560,208.0
28,2419620,168.0
28,2419680,146.0
28,2419740,127.0
28,2419800,89.0
28,2419860,101.0
28,2419920,155.0
28,2419980,122.0
28,2420040,147.0
28,2420100,151.0
28,2420160,100.0
28,2420220,133.0
28,2420280,130.0
28,2420340,135.0
28,2420400,119.0
28,2420460,139.0
28,2420520,134.0
28,2420580,122.0
28,2420640,135.0
28,2420700,160.0
28,2420760,135.0
28,2420820,116.0
28,2420880,113.0
28,2420940,112.0
28,2421000,104.0
28,2421060,100.0
28,2421120,97.0
28,2421180,92.0
28,2421240,121.0
28,2421300,106.0
28,2421360,112.0
28,2421420,116.0
28,2421480,101.0
28,2421540,146.0
28,2421600,124.0
28,2421660,116.0
28,2421720,104.0
28,2421780,121.0
28,2421840,123.0
28,2421900,127.0
28,2421960,128.0
28,2422020,151.0
28,2422080,128.0
28,2422140,101.0
28,2422200,78.0
28,2422260,102.0
28,2422320,87.0
28,2422380,105.0
28,2422440,93.0
28,2422500,85.0
28,2422560,94.0
28,2422620,109.0
28,2422680,80.0
28,2422740,86.0
28,2422800,76.0
28,2422860,106.0
28,2422920,143.0
28,2422980,94.0
28,2423040,125.0
28,2423100,96.0
28,2423160,126.0
28,2423220,106.0
28,2423280,101.0
28,2423340,91.0
28,2423400,77.0
28,2423460,106.0
28,2423520,79.0
28,2423580,102.0
28,2423640,79.0
28,2423700,80.0
28,2423760,99.0
28,2423820,47.0
28,2423880,69.0
28,2423940,71.0
28,2424000,74.0
28,2424060,79.0
28,2424120,78.0
28,2424180,82.0
28,2424240,85.0
28,2424300,100.0
28,2424360,119.0
28,2424420,55.0
28,2424480,65.0
28,2424540,76.0
28,2424600,54.0
28,2424660,67.0
28,2424720,69.0
28,2424780,67.0
28,2424840,61.0
28,2424900,44.0
28,2424960,55.0
28,2425020,63.0
28,2425080,58.0
28,2425140,43.0
28,2425200,38.0
28,2425260,55.0
28,2425320,54.0
28,2425380,62.0
28,2425440,76.0
28,2425500,59.0
28,2425560,88.0
28,2425620,102.0
28,2425680,92.0
28,2425740,97.0
28,2425800,76.0
28,2425860,89.0
28,2425920,85.0
28,2425980,60.0
28,2426040,47.0
28,2426100,69.0
28,2426160,60.0
28,2426220,51.0
28,2426280,60.0
28,2426340,52.0
28,2426400,39.0
28,2426460,64.0
28,2426520,37.0
28,2426580,63.0
28,2426640,32.0
28,2426700,47.0
28,2426760,84.0
28,2426820,61.0
28,2426880,85.0
28,2426940,58.0
28,2427000,58.0
28,2427060,47.0
28,2427120,55.0
28,2427180,55.0
28,2427240,70.0
28,2427300,72.0
28,2427360,76.0
28,2427420,42.0
28,2427480,27.0
28,2427540,51.0
28,2427600,37.0
28,2427660,44.0
28,2427720,55.0
28,2427780,41.0
28,2427840,43.0
28,2427900,43.0
28,2427960,33.0
28,2428020,42.0
28,2428080,41.0
28,2428140,62.0
28,2428200,47.0
28,2428260,66.0
28,2428320,68.0
28,2428380,51.0
28,2428440,46.0
28,2428500,22.0
28,2428560,36.0
28,2428620,27.0
28,2428680,24.0
28,2428740,39.0
28,2428800,48.0
28,2428860,62.0
28,2428920,49.0
28,2428980,44.0
28,2429040,35.0
28,2429100,16.0
28,2429160,28.0
28,2429220,34.0
28,2429280,35.0
28,2429340,33.0
28,2429400,35.0
28,2429460,38.0
28,2429520,24.0
28,2429580,28.0
28,2429640,49.0
28,2429700,28.0
28,2429760,23.0
28,2429820,30.0
28,2429880,29.0
28,2429940,41.0
28,2430000,20.0
28,2430060,34.0
28,2430120,57.0
28,2430180,28.0
28,2430240,39.0
28,2430300,28.0
28,2430360,67.0
28,2430420,32.0
28,2430480,35.0
28,2430540,20.0
28,2430600,19.0
28,2430660,22.0
28,2430720,29.0
28,2430780,27.0
28,2430840,23.0
28,2430900,25.0
28,2430960,27.0
28,2431020,26.0
28,2431080,34.0
28,2431140,25.0
28,2431200,21.0
28,2431260,19.0
28,2431320,34.0
28,2431380,27.0
28,2431440,24.0
28,2431500,19.0
28,2431560,36.0
28,2431620,18.0
28,2431680,12.0
28,2431740,26.0
28,2431800,24.0
28,2431860,19.0
28,2431920,39.0
28,2431980,35.0
28,2432040,34.0
28,2432100,26.0
28,2432160,15.0
28,2432220,14.0
28,2432280,27.0
28,2432340,30.0
28,2432400,27.0
28,2432460,38.0
28,2432520,22.0
28,2432580,15.0
28,2432640,43.0
28,2432700,22.0
28,2432760,34.0
28,2432820,30.0
28,2432880,7.0
28,2432940,16.0
28,2433000,14.0
28,2433060,25.0
28,2433120,14.0
28,2433180,16.0
28,2433240,29.0
28,2433300,20.0
28,2433360,18.0
28,2433420,26.0
28,2433480,24.0
28,2433540,26.0
28,2433600,10.0
28,2433660,13.0
28,2433720,23.0
28,2433780,9.0
28,2433840,21.0
28,2433900,20.0
28,2433960,14.0
28,2434020,18.0
28,2434080,10.0
28,2434140,17.0
28,2434200,20.0
28,2434260,26.0
28,2434320,25.0
28,2434380,16.0
28,2434440,18.0
28,2434500,19.0
28,2434560,18.0
28,2434620,42.0
28,2434680,15.0
28,2434740,27.0
28,2434800,13.0
28,2434860,12.0
28,2434920,15.0
28,2434980,13.0
28,2435040,21.0
28,2435100,19.0
28,2435160,19.0
28,2435220,15.0
28,2435280,22.0
28,2435340,18.0
28,2435400,18.0
28,2435460,29.0
28,2435520,10.0
28,2435580,21.0
28,2435640,13.0
28,2435700,8.0
28,2435760,21.0
28,2435820,12.0
28,2435880,8.0
28,2435940,12.0
28,2436000,29.0
28,2436060,24.0
28,2436120,18.0
28,2436180,15.0
28,2436240,17.0
28,2436300,20.0
28,2436360,18.0
28,2436420,14.0
28,2436480,22.0
28,2436540,19.0
28,2436600,16.0
28,2436660,17.0
28,2436720,12.0
28,2436780,13.0
28,2436840,17.0
28,2436900,17.0
28,2436960,17.0
28,2437020,12.0
28,2437080,8.0
28,2437140,12.0
28,2437200,10.0
28,2437260,16.0
28,2437320,14.0
28,2437380,13.0
28,2437440,14.0
28,2437500,5.0
28,2437560,15.0
28,2437620,17.0
28,2437680,10.0
28,2437740,14.0
28,2437800,19.0
28,2437860,18.0
28,2437920,13.0
28,2437980,21.0
28,2438040,15.0
28,2438100,22.0
28,2438160,29.0
28,2438220,26.0
28,2438280,9.0
28,2438340,12.0
28,2438400,12.0
28,2438460,15.0
28,2438520,7.0
28,2438580,26.0
28,2438640,20.0
28,2438700,20.0
28,2438760,16.0
28,2438820,17.0
28,2438880,16.0
28,2438940,8.0
28,2439000,14.0
28,2439060,22.0
28,2439120,26.0
28,2439180,57.0
28,2439240,56.0
28,2439300,40.0
28,2439360,47.0
28,2439420,29.0
28,2439480,27.0
28,2439540,32.0
28,2439600,44.0
28,2439660,46.0
28,2439720,7.0
28,2439780,48.0
28,2439840,58.0
28,2439900,49.0
28,2439960,43.0
28,2440020,67.0
28,2440080,70.0
28,2440140,62.0
28,2440200,62.0
28,2440260,26.0
28,2440320,10.0
28,2440380,7.0
28,2440440,30.0
28,2440500,9.0
28,2440560,21.0
28,2440620,8.0
28,2440680,18.0
28,2440740,8.0
28,2440800,4.0
28,2440860,10.0
28,2440920,22.0
28,2440980,7.0
28,2441040,22.0
28,2441100,20.0
28,2441160,51.0
28,2441220,40.0
28,2441280,32.0
28,2441340,18.0
28,2441400,17.0
28,2441460,49.0
28,2441520,33.0
28,2441580,16.0
28,2441640,19.0
28,2441700,19.0
28,2441760,7.0
28,2441820,12.0
28,2441880,15.0
28,2441940,15.0
28,2442000,25.0
28,2442060,51.0
28,2442120,30.0
28,2442180,25.0
28,2442240,16.0
28,2442300,18.0
28,2442360,16.0
28,2442420,19.0
28,2442480,13.0
28,2442540,24.0
28,2442600,17.0
28,2442660,19.0
28,2442720,35.0
28,2442780,46.0
28,2442840,49.0
28,2442900,35.0
28,2442960,40.0
28,2443020,17.0
28,2443080,19.0
28,2443140,30.0
28,2443200,24.0
28,2443260,32.0
28,2443320,57.0
28,2443380,46.0
28,2443440,15.0
28,2443500,6.0
28,2443560,26.0
28,2443620,14.0
28,2443680,17.0
28,2443740,13.0
28,2443800,13.0
28,2443860,21.0
28,2443920,9.0
28,2443980,23.0
28,2444040,17.0
28,2444100,7.0
28,2444160,16.0
28,2444220,26.0
28,2444280,21.0
28,2444340,25.0
28,2444400,22.0
28,2444460,20.0
28,2444520,56.0
28,2444580,17.0
28,2444640,25.0
28,2444700,28.0
28,2444760,17.0
28,2444820,17.0
28,2444880,18.0
28,2444940,21.0
28,2445000,24.0
28,2445060,8.0
28,2445120,35.0
28,2445180,56.0
28,2445240,70.0
28,2445300,30.0
28,2445360,26.0
28,2445420,34.0
28,2445480,38.0
28,2445540,39.0
28,2445600,30.0
28,2445660,37.0
28,2445720,49.0
28,2445780,41.0
28,2445840,25.0
28,2445900,54.0
28,2445960,24.0
28,2446020,43.0
28,2446080,39.0
28,2446140,38.0
28,2446200,26.0
28,2446260,57.0
28,2446320,54.0
28,2446380,67.0
28,2446440,91.0
28,2446500,40.0
28,2446560,47.0
28,2446620,34.0
28,2446680,55.0
28,2446740,57.0
28,2446800,46.0
28,2446860,46.0
28,2446920,70.0
28,2446980,50.0
28,2447040,32.0
28,2447100,32.0
28,2447160,45.0
28,2447220,44.0
28,2447280,41.0
28,2447340,54.0
28,2447400,44.0
28,2447460,32.0
28,2447520,38.0
28,2447580,69.0
28,2447640,50.0
28,2447700,42.0
28,2447760,49.0
28,2447820,28.0
28,2447880,35.0
28,2447940,41.0
28,2448000,51.0
28,2448060,45.0
28,2448120,64.0
28,2448180,47.0
28,2448240,74.0
28,2448300,67.0
28,2448360,61.0
28,2448420,61.0
28,2448480,51.0
28,2448540,74.0
28,2448600,55.0
28,2448660,52.0
28,2448720,48.0
28,2448780,47.0
28,2448840,57.0
28,2448900,44.0
28,2448960,55.0
28,2449020,79.0
28,2449080,58.0
28,2449140,65.0
28,2449200,26.0
28,2449260,85.0
28,2449320,66.0
28,2449380,65.0
28,2449440,59.0
28,2449500,50.0
28,2449560,75.0
28,2449620,66.0
28,2449680,68.0
28,2449740,66.0
28,2449800,61.0
28,2449860,103.0
28,2449920,96.0
28,2449980,71.0
28,2450040,71.0
28,2450100,81.0
28,2450160,98.0
28,2450220,106.0
28,2450280,129.0
28,2450340,94.0
28,2450400,93.0
28,2450460,135.0
28,2450520,130.0
28,2450580,109.0
28,2450640,87.0
28,2450700,101.0
28,2450760,153.0
28,2450820,154.0
28,2450880,150.0
28,2450940,133.0
28,2451000,126.0
28,2451060,84.0
28,2451120,93.0
28,2451180,96.0
28,2451240,152.0
28,2451300,165.0
28,2451360,121.0
28,2451420,116.0
28,2451480,97.0
28,2451540,127.0
28,2451600,127.0
28,2451660,132.0
28,2451720,127.0
28,2451780,145.0
28,2451840,169.0
28,2451900,158.0
28,2451960,131.0
28,2452020,109.0
28,2452080,107.0
28,2452140,124.0
28,2452200,105.0
28,2452260,123.0
28,2452320,178.0
28,2452380,150.0
28,2452440,183.0
28,2452500,173.0
28,2452560,160.0
28,2452620,130.0
28,2452680,161.0
28,2452740,142.0
28,2452800,146.0
28,2452860,186.0
28,2452920,183.0
28,2452980,169.0
28,2453040,122.0
28,2453100,108.0
28,2453160,108.0
28,2453220,105.0
28,2453280,94.0
28,2453340,152.0
28,2453400,101.0
28,2453460,91.0
28,2453520,121.0
28,2453580,110.0
28,2453640,128.0
28,2453700,140.0
28,2453760,117.0
28,2453820,133.0
28,2453880,160.0
28,2453940,142.0
28,2454000,153.0
28,2454060,139.0
28,2454120,142.0
28,2454180,129.0
28,2454240,111.0
28,2454300,143.0
28,2454360,128.0
28,2454420,166.0
28,2454480,161.0
28,2454540,175.0
28,2454600,174.0
28,2454660,159.0
28,2454720,153.0
28,2454780,129.0
28,2454840,125.0
28,2454900,121.0
28,2454960,156.0
28,2455020,131.0
28,2455080,119.0
28,2455140,133.0
28,2455200,119.0
28,2455260,176.0
28,2455320,167.0
28,2455380,203.0
28,2455440,181.0
28,2455500,165.0
28,2455560,189.0
28,2455620,185.0
28,2455680,142.0
28,2455740,183.0
28,2455800,202.0
28,2455860,219.0
28,2455920,248.0
28,2455980,136.0
28,2456040,222.0
28,2456100,187.0
28,2456160,203.0
28,2456220,143.0
28,2456280,229.0
28,2456340,190.0
28,2456400,153.0
28,2456460,190.0
28,2456520,176.0
28,2456580,200.0
28,2456640,235.0
28,2456700,197.0
28,2456760,190.0
28,2456820,156.0
28,2456880,183.0
28,2456940,133.0
28,2457000,170.0
28,2457060,158.0
28,2457120,167.0
28,2457180,152.0
28,2457240,171.0
28,2457300,153.0
28,2457360,188.0
28,2457420,178.0
28,2457480,181.0
28,2457540,183.0
28,2457600,158.0
28,2457660,161.0
28,2457720,173.0
28,2457780,192.0
28,2457840,180.0
28,2457900,135.0
28,2457960,180.0
28,2458020,177.0
28,2458080,161.0
28,2458140,177.0
28,2458200,155.0
28,2458260,135.0
28,2458320,136.0
28,2458380,182.0
28,2458440,147.0
28,2458500,225.0
28,2458560,161.0
28,2458620,165.0
28,2458680,175.0
28,2458740,170.0
28,2458800,202.0
28,2458860,190.0
28,2458920,167.0
28,2458980,182.0
28,2459040,149.0
28,2459100,184.0
28,2459160,242.0
28,2459220,240.0
28,2459280,185.0
28,2459340,204.0
28,2459400,181.0
28,2459460,251.0
28,2459520,262.0
28,2459580,229.0
28,2459640,204.0
28,2459700,181.0
28,2459760,290.0
28,2459820,256.0
28,2459880,202.0
28,2459940,274.0
28,2460000,175.0
28,2460060,177.0
28,2460120,187.0
28,2460180,234.0
28,2460240,202.0
28,2460300,244.0
28,2460360,197.0
28,2460420,204.0
28,2460480,174.0
28,2460540,133.0
28,2460600,185.0
28,2460660,223.0
28,2460720,195.0
28,2460780,196.0
28,2460840,198.0
28,2460900,178.0
28,2460960,210.0
28,2461020,172.0
28,2461080,217.0
28,2461140,236.0
28,2461200,250.0
28,2461260,197.0
28,2461320,218.0
28,2461380,176.0
28,2461440,188.0
28,2461500,225.0
28,2461560,234.0
28,2461620,250.0
28,2461680,261.0
28,2461740,222.0
28,2461800,204.0
28,2461860,201.0
28,2461920,240.0
28,2461980,187.0
28,2462040,188.0
28,2462100,162.0
28,2462160,177.0
28,2462220,186.0
28,2462280,194.0
28,2462340,169.0
28,2462400,228.0
28,2462460,235.0
28,2462520,236.0
28,2462580,232.0
28,2462640,267.0
28,2462700,208.0
28,2462760,252.0
28,2462820,206.0
28,2462880,211.0
28,2462940,236.0
28,2463000,274.0
28,2463060,257.0
28,2463120,216.0
28,2463240,226.0
28,2463300,213.0
28,2463360,213.0
28,2463420,239.0
28,2463480,248.0
28,2463540,218.0
28,2463600,206.0
28,2463660,243.0
28,2463720,239.0
28,2463780,246.0
28,2463840,238.0
28,2463900,200.0
28,2463960,210.0
28,2464020,151.0
28,2464080,225.0
28,2464140,190.0
28,2464200,217.0
28,2464260,243.0
28,2464320,254.0
28,2464380,249.0
28,2464440,183.0
28,2464500,214.0
28,2464560,278.0
28,2464620,219.0
28,2464680,188.0
28,2464740,246.0
28,2464800,192.0
28,2464860,236.0
28,2464920,211.0
28,2464980,224.0
28,2465040,220.0
28,2465100,260.0
28,2465160,213.0
28,2465220,164.0
28,2465280,152.0
28,2465340,207.0
28,2465400,210.0
28,2465460,200.0
28,2465520,237.0
28,2465580,151.0
28,2465640,207.0
28,2465700,210.0
28,2465760,215.0
28,2465820,168.0
28,2465880,193.0
28,2465940,195.0
28,2466000,178.0
28,2466060,200.0
28,2466120,196.0
28,2466180,218.0
28,2466240,204.0
28,2466300,188.0
28,2466360,257.0
28,2466420,204.0
28,2466480,219.0
28,2466540,226.0
28,2466600,212.0
28,2466660,193.0
28,2466720,180.0
28,2466780,169.0
28,2466840,164.0
28,2466900,169.0
28,2466960,265.0
28,2467020,245.0
28,2467080,257.0
28,2467140,219.0
28,2467200,213.0
28,2467260,245.0
28,2467320,286.0
28,2467380,205.0
28,2467440,204.0
28,2467500,188.0
28,2467560,217.0
28,2467620,190.0
28,2467680,193.0
28,2467740,160.0
28,2467800,208.0
28,2467860,182.0
28,2467920,183.0
28,2467980,182.0
28,2468040,145.0
28,2468100,149.0
28,2468160,200.0
28,2468220,191.0
28,2468280,228.0
28,2468340,204.0
28,2468400,184.0
28,2468460,225.0
28,2468520,191.0
28,2468580,197.0
28,2468640,194.0
28,2468700,146.0
28,2468760,224.0
28,2468820,218.0
28,2468880,186.0
28,2468940,215.0
28,2469000,207.0
28,2469060,214.0
28,2469120,230.0
28,2469180,170.0
28,2469240,209.0
28,2469300,222.0
28,2469360,261.0
28,2469420,276.0
28,2469480,193.0
28,2469540,189.0
28,2469600,236.0
28,2469660,192.0
28,2469720,217.0
28,2469780,227.0
28,2469840,230.0
28,2469900,273.0
28,2469960,229.0
28,2470020,249.0
28,2470080,253.0
28,2470140,260.0
28,2470200,228.0
28,2470260,201.0
28,2470320,219.0
28,2470380,167.0
28,2470440,191.0
28,2470500,212.0
28,2470560,195.0
28,2470620,151.0
28,2470680,156.0
28,2470740,178.0
28,2470800,195.0
28,2470860,189.0
28,2470920,208.0
28,2470980,188.0
28,2471040,227.0
28,2471100,188.0
28,2471160,178.0
28,2471220,165.0
28,2471280,163.0
28,2471340,164.0
28,2471400,215.0
28,2471460,163.0
28,2471520,145.0
28,2471580,184.0
28,2471640,220.0
28,2471700,200.0
28,2471760,226.0
28,2471820,177.0
28,2471880,177.0
28,2471940,165.0
28,2472000,174.0
28,2472060,195.0
28,2472120,151.0
28,2472180,138.0
28,2472240,236.0
28,2472300,225.0
28,2472360,210.0
28,2472420,193.0
28,2472480,184.0
28,2472540,163.0
28,2472600,237.0
28,2472660,184.0
28,2472720,245.0
28,2472780,191.0
28,2472840,178.0
28,2472900,181.0
28,2472960,185.0
28,2473020,270.0
28,2473080,170.0
28,2473140,142.0
28,2473200,192.0
28,2473260,160.0
28,2473320,231.0
28,2473380,249.0
28,2473440,265.0
28,2473500,239.0
28,2473560,231.0
28,2473620,234.0
28,2473680,261.0
28,2473740,205.0
28,2473800,267.0
28,2473860,234.0
28,2473920,228.0
28,2473980,229.0
28,2474040,257.0
28,2474100,211.0
28,2474160,190.0
28,2474220,168.0
28,2474280,133.0
28,2474340,152.0
28,2474400,178.0
28,2474460,162.0
28,2474520,196.0
28,2474580,203.0
28,2474640,188.0
28,2474700,169.0
28,2474760,170.0
28,2474820,222.0
28,2474880,198.0
28,2474940,224.0
28,2475000,176.0
28,2475060,185.0
28,2475120,209.0
28,2475180,205.0
28,2475240,205.0
28,2475300,197.0
28,2475360,217.0
28,2475420,165.0
28,2475480,239.0
28,2475540,200.0
28,2475600,171.0
28,2475660,205.0
28,2475720,193.0
28,2475780,256.0
28,2475840,166.0
28,2475900,195.0
28,2475960,180.0
28,2476020,224.0
28,2476080,245.0
28,2476140,219.0
28,2476200,226.0
28,2476260,166.0
28,2476320,209.0
28,2476380,211.0
28,2476440,222.0
28,2476500,190.0
28,2476560,203.0
28,2476620,209.0
28,2476680,173.0
28,2476740,175.0
28,2476800,255.0
28,2476860,269.0
28,2476920,313.0
28,2476980,311.0
28,2477040,255.0
28,2477100,239.0
28,2477160,276.0
28,2477220,236.0
28,2477280,214.0
28,2477340,265.0
28,2477400,307.0
28,2477460,249.0
28,2477520,271.0
28,2477580,233.0
28,2477640,254.0
28,2477700,265.0
28,2477760,249.0
28,2477820,220.0
28,2477880,176.0
28,2477940,232.0
28,2478000,197.0
28,2478060,178.0
28,2478120,208.0
28,2478180,225.0
28,2478240,240.0
28,2478300,158.0
28,2478360,192.0
28,2478420,155.0
28,2478480,167.0
28,2478540,187.0
28,2478600,190.0
28,2478660,197.0
28,2478720,262.0
28,2478780,192.0
28,2478840,201.0
28,2478900,204.0
28,2478960,193.0
28,2479020,195.0
28,2479080,189.0
28,2479140,177.0
28,2479200,205.0
28,2479260,192.0
28,2479320,183.0
28,2479380,229.0
28,2479440,212.0
28,2479500,260.0
28,2479560,254.0
28,2479620,183.0
28,2479680,210.0
28,2479740,243.0
28,2479800,200.0
28,2479860,250.0
28,2479920,218.0
28,2479980,246.0
28,2480040,233.0
28,2480100,253.0
28,2480160,206.0
28,2480220,215.0
28,2480280,218.0
28,2480340,192.0
28,2480400,154.0
28,2480460,243.0
28,2480520,266.0
28,2480580,195.0
28,2480640,195.0
28,2480700,182.0
28,2480760,184.0
28,2480820,220.0
28,2480880,267.0
28,2480940,222.0
28,2481000,202.0
28,2481060,211.0
28,2481120,220.0
28,2481180,233.0
28,2481240,202.0
28,2481300,249.0
28,2481360,239.0
28,2481420,201.0
28,2481480,200.0
28,2481540,193.0
28,2481600,225.0
28,2481660,200.0
28,2481720,225.0
28,2481780,274.0
28,2481840,162.0
28,2481900,222.0
28,2481960,222.0
28,2482020,182.0
28,2482080,230.0
28,2482140,172.0
28,2482200,192.0
28,2482260,192.0
28,2482320,206.0
28,2482380,256.0
28,2482440,190.0
28,2482500,196.0
28,2482560,227.0
28,2482620,259.0
28,2482680,219.0
28,2482740,207.0
28,2482800,189.0
28,2482860,236.0
28,2482920,184.0
28,2482980,195.0
28,2483040,212.0
28,2483100,259.0
28,2483160,182.0
28,2483220,226.0
28,2483280,228.0
28,2483340,239.0
28,2483400,260.0
28,2483460,261.0
28,2483520,223.0
28,2483580,198.0
28,2483640,171.0
28,2483700,155.0
28,2483760,197.0
28,2483820,171.0
28,2483880,173.0
28,2483940,234.0
28,2484000,229.0
28,2484060,180.0
28,2484120,193.0
28,2484180,195.0
28,2484240,171.0
28,2484300,230.0
28,2484360,248.0
28,2484420,219.0
28,2484480,280.0
28,2484540,268.0
28,2484600,208.0
28,2484660,198.0
28,2484720,189.0
28,2484780,218.0
28,2484840,234.0
28,2484900,236.0
28,2484960,270.0
28,2485020,265.0
28,2485080,317.0
28,2485140,248.0
28,2485200,217.0
28,2485260,254.0
28,2485320,214.0
28,2485380,214.0
28,2485440,229.0
28,2485500,243.0
28,2485560,239.0
28,2485620,192.0
28,2485680,161.0
28,2485740,190.0
28,2485800,205.0
28,2485860,209.0
28,2485920,242.0
28,2485980,224.0
28,2486040,215.0
28,2486100,200.0
28,2486160,196.0
28,2486220,192.0
28,2486280,172.0
28,2486340,154.0
28,2486400,195.0
28,2486460,166.0
28,2486520,174.0
28,2486580,217.0
28,2486640,211.0
28,2486700,229.0
28,2486760,176.0
28,2486820,197.0
28,2486880,194.0
28,2486940,208.0
28,2487000,194.0
28,2487060,187.0
28,2487120,166.0
28,2487180,161.0
28,2487240,233.0
28,2487300,156.0
28,2487420,193.0
28,2487660,198.0
28,2487720,168.0
28,2487780,202.0
28,2487840,224.0
28,2487900,203.0
28,2487960,251.0
28,2488020,217.0
28,2488080,287.0
28,2488140,236.0
28,2488200,196.0
28,2488260,212.0
28,2488320,237.0
28,2488380,214.0
28,2488440,256.0
28,2488500,153.0
28,2488560,204.0
28,2488620,187.0
28,2488680,202.0
28,2488740,200.0
28,2488800,202.0
28,2488860,188.0
28,2488920,211.0
28,2488980,224.0
28,2489040,220.0
28,2489100,224.0
28,2489160,229.0
28,2489220,173.0
28,2489280,172.0
28,2489340,158.0
28,2489400,147.0
28,2489460,139.0
28,2489520,162.0
28,2489580,159.0
28,2489640,148.0
28,2489700,178.0
28,2489760,134.0
28,2489820,134.0
28,2489880,175.0
28,2489940,158.0
28,2490000,159.0
28,2490060,161.0
28,2490120,231.0
28,2490180,231.0
28,2490240,207.0
28,2490300,184.0
28,2490360,178.0
28,2490420,208.0
28,2490480,194.0
28,2490540,168.0
28,2490600,151.0
28,2490660,162.0
28,2490720,175.0
28,2490780,205.0
28,2490840,189.0
28,2490900,186.0
28,2490960,207.0
28,2491020,147.0
28,2491080,195.0
28,2491140,188.0
28,2491200,194.0
28,2491260,174.0
28,2491320,201.0
28,2491380,190.0
28,2491440,191.0
28,2491500,223.0
28,2491560,209.0
28,2491620,225.0
28,2491680,232.0
28,2491740,233.0
28,2491800,249.0
28,2491860,227.0
28,2491920,291.0
28,2491980,330.0
28,2492040,255.0
28,2492100,255.0
28,2492160,209.0
28,2492220,187.0
28,2492280,278.0
28,2492340,233.0
28,2492400,182.0
28,2492460,214.0
28,2492520,236.0
28,2492580,182.0
28,2492640,217.0
28,2492700,252.0
28,2492760,259.0
28,2492820,245.0
28,2492880,227.0
28,2492940,229.0
28,2493000,172.0
28,2493060,178.0
28,2493120,185.0
28,2493180,194.0
28,2493240,247.0
28,2493300,210.0
28,2493360,171.0
28,2493420,186.0
28,2493480,210.0
28,2493540,171.0
28,2493600,205.0
28,2493660,227.0
28,2493720,191.0
28,2493780,189.0
28,2493840,239.0
28,2493900,214.0
28,2493960,178.0
28,2494020,168.0
28,2494080,209.0
28,2494140,237.0
28,2494200,276.0
28,2494260,188.0
28,2494320,173.0
28,2494380,144.0
28,2494440,233.0
28,2494500,189.0
28,2494560,209.0
28,2494620,204.0
28,2494680,211.0
28,2494740,210.0
28,2494800,181.0
28,2494860,229.0
28,2494920,280.0
28,2494980,247.0
28,2495040,240.0
28,2495100,254.0
28,2495160,236.0
28,2495220,259.0
28,2495280,256.0
28,2495340,251.0
28,2495400,209.0
28,2495460,193.0
28,2495520,204.0
28,2495580,193.0
28,2495640,181.0
28,2495700,207.0
28,2495760,250.0
28,2495820,231.0
28,2495880,195.0
28,2495940,235.0
28,2496000,192.0
28,2496060,271.0
28,2496120,227.0
28,2496180,237.0
28,2496240,211.0
28,2496300,170.0
28,2496360,223.0
28,2496420,183.0
28,2496480,147.0
28,2496540,172.0
28,2496600,171.0
28,2496660,169.0
28,2496720,184.0
28,2496780,184.0
28,2496840,152.0
28,2496900,190.0
28,2496960,211.0
28,2497020,209.0
28,2497080,194.0
28,2497140,197.0
28,2497200,161.0
28,2497260,153.0
28,2497320,222.0
28,2497380,192.0
28,2497440,165.0
28,2497500,193.0
28,2497560,203.0
28,2497620,205.0
28,2497680,237.0
28,2497740,204.0
28,2497800,184.0
28,2497860,146.0
28,2497920,168.0
28,2497980,194.0
28,2498040,205.0
28,2498100,159.0
28,2498160,231.0
28,2498220,184.0
28,2498280,165.0
28,2498340,190.0
28,2498400,212.0
28,2498460,324.0
28,2498520,267.0
28,2498580,225.0
28,2498640,264.0
28,2498700,303.0
28,2498760,286.0
28,2498820,242.0
28,2498880,202.0
28,2498940,222.0
28,2499000,260.0
28,2499060,257.0
28,2499120,246.0
28,2499180,244.0
28,2499240,184.0
28,2499300,183.0
28,2499360,182.0
28,2499420,189.0
28,2499480,217.0
28,2499540,201.0
28,2499600,195.0
28,2499660,244.0
28,2499720,238.0
28,2499780,190.0
28,2499840,217.0
28,2499900,152.0
28,2499960,193.0
28,2500020,188.0
28,2500080,170.0
28,2500140,196.0
28,2500200,212.0
28,2500260,142.0
28,2500320,233.0
28,2500380,233.0
28,2500440,167.0
28,2500500,187.0
28,2500560,166.0
28,2500620,196.0
28,2500680,235.0
28,2500740,187.0
28,2500800,206.0
28,2500860,218.0
28,2500920,168.0
28,2500980,146.0
28,2501040,129.0
28,2501100,151.0
28,2501160,144.0
28,2501220,164.0
28,2501280,189.0
28,2501340,197.0
28,2501400,174.0
28,2501460,180.0
28,2501520,185.0
28,2501580,187.0
28,2501640,228.0
28,2501700,212.0
28,2501760,191.0
28,2501820,159.0
28,2501880,167.0
28,2501940,213.0
28,2502000,245.0
28,2502060,246.0
28,2502120,193.0
28,2502180,146.0
28,2502240,178.0
28,2502300,190.0
28,2502360,211.0
28,2502420,213.0
28,2502480,213.0
28,2502540,261.0
28,2502600,251.0
28,2502660,191.0
28,2502720,148.0
28,2502780,268.0
28,2502840,240.0
28,2502900,187.0
28,2502960,271.0
28,2503020,259.0
28,2503080,191.0
28,2503140,193.0
28,2503200,156.0
28,2503260,164.0
28,2503320,212.0
28,2503380,188.0
28,2503440,148.0
28,2503500,129.0
28,2503560,163.0
28,2503620,171.0
28,2503680,173.0
28,2503740,169.0
28,2503800,175.0
28,2503860,143.0
28,2503920,188.0
28,2503980,220.0
28,2504040,210.0
28,2504100,144.0
28,2504160,136.0
28,2504220,197.0
28,2504280,143.0
28,2504340,131.0
28,2504400,169.0
28,2504460,161.0
28,2504520,188.0
28,2504580,160.0
28,2504640,167.0
28,2504700,120.0
28,2504760,150.0
28,2504820,198.0
28,2504880,146.0
28,2504940,181.0
28,2505000,160.0
28,2505060,171.0
28,2505120,183.0
28,2505180,149.0
28,2505240,163.0
28,2505300,160.0
28,2505360,154.0
28,2505420,174.0
28,2505480,120.0
28,2505540,141.0
29,2505600,118.0
29,2505660,100.0
29,2505720,150.0
29,2505780,159.0
29,2505840,99.0
29,2505900,100.0
29,2505960,128.0
29,2506020,145.0
29,2506080,114.0
29,2506140,148.0
29,2506200,136.0
29,2506260,185.0
29,2506320,147.0
29,2506380,182.0
29,2506440,142.0
29,2506500,156.0
29,2506560,136.0
29,2506620,166.0
29,2506680,161.0
29,2506740,150.0
29,2506800,140.0
29,2506860,154.0
29,2506920,125.0
29,2506980,169.0
29,2507040,131.0
29,2507100,160.0
29,2507160,110.0
29,2507220,130.0
29,2507280,159.0
29,2507340,130.0
29,2507400,110.0
29,2507460,146.0
29,2507520,112.0
29,2507580,138.0
29,2507640,153.0
29,2507700,68.0
29,2507760,125.0
29,2507820,136.0
29,2507880,98.0
29,2507940,109.0
29,2508000,96.0
29,2508060,97.0
29,2508120,98.0
29,2508180,105.0
29,2508240,96.0
29,2508300,105.0
29,2508360,102.0
29,2508420,142.0
29,2508480,128.0
29,2508540,110.0
29,2508600,101.0
29,2508660,90.0
29,2508720,113.0
29,2508780,114.0
29,2508840,129.0
29,2508900,106.0
29,2508960,100.0
29,2509020,89.0
29,2509080,99.0
29,2509140,88.0
29,2509200,92.0
29,2509260,113.0
29,2509320,102.0
29,2509380,86.0
29,2509440,110.0
29,2509500,149.0
29,2509560,144.0
29,2509620,91.0
29,2509680,59.0
29,2509740,59.0
29,2509800,71.0
29,2509860,100.0
29,2509920,88.0
29,2509980,105.0
29,2510040,98.0
29,2510100,92.0
29,2510160,110.0
29,2510220,101.0
29,2510280,94.0
29,2510340,75.0
29,2510400,76.0
29,2510460,82.0
29,2510520,84.0
29,2510580,80.0
29,2510640,83.0
29,2510700,83.0
29,2510760,84.0
29,2510820,90.0
29,2510880,57.0
29,2510940,52.0
29,2511000,59.0
29,2511060,83.0
29,2511120,125.0
29,2511180,79.0
29,2511240,132.0
29,2511300,98.0
29,2511360,100.0
29,2511420,80.0
29,2511480,80.0
29,2511540,84.0
29,2511600,98.0
29,2511660,83.0
29,2511720,82.0
29,2511780,84.0
29,2511840,69.0
29,2511900,68.0
29,2511960,83.0
29,2512020,61.0
29,2512080,56.0
29,2512140,79.0
29,2512200,86.0
29,2512260,58.0
29,2512320,63.0
29,2512380,61.0
29,2512440,81.0
29,2512500,78.0
29,2512560,88.0
29,2512620,96.0
29,2512680,77.0
29,2512740,96.0
29,2512800,84.0
29,2512860,61.0
29,2512920,58.0
29,2512980,65.0
29,2513040,40.0
29,2513100,55.0
29,2513160,84.0
29,2513220,64.0
29,2513280,104.0
29,2513340,68.0
29,2513400,51.0
29,2513460,76.0
29,2513520,63.0
29,2513580,76.0
29,2513640,33.0
29,2513700,56.0
29,2513760,58.0
29,2513820,50.0
29,2513880,42.0
29,2513940,59.0
29,2514000,81.0
29,2514060,55.0
29,2514120,49.0
29,2514180,45.0
29,2514240,44.0
29,2514300,36.0
29,2514360,34.0
29,2514420,41.0
29,2514480,62.0
29,2514540,41.0
29,2514600,34.0
29,2514660,41.0
29,2514720,64.0
29,2514780,37.0
29,2514840,34.0
29,2514900,43.0
29,2514960,49.0
29,2515020,25.0
29,2515080,37.0
29,2515140,26.0
29,2515200,41.0
29,2515260,34.0
29,2515320,57.0
29,2515380,56.0
29,2515440,62.0
29,2515500,38.0
29,2515560,72.0
29,2515620,36.0
29,2515680,56.0
29,2515740,67.0
29,2515800,77.0
29,2515860,48.0
29,2515920,28.0
29,2515980,45.0
29,2516040,36.0
29,2516100,35.0
29,2516160,68.0
29,2516220,24.0
29,2516280,39.0
29,2516340,30.0
29,2516400,45.0
29,2516460,15.0
29,2516520,33.0
29,2516580,55.0
29,2516640,43.0
29,2516700,21.0
29,2516760,32.0
29,2516820,19.0
29,2516880,33.0
29,2516940,18.0
29,2517000,33.0
29,2517060,29.0
29,2517120,28.0
29,2517180,24.0
29,2517240,24.0
29,2517300,34.0
29,2517360,24.0
29,2517420,19.0
29,2517480,44.0
29,2517540,38.0
29,2517600,29.0
29,2517660,15.0
29,2517720,43.0
29,2517780,22.0
29,2517840,35.0
29,2517900,19.0
29,2517960,21.0
29,2518020,19.0
29,2518080,13.0
29,2518140,16.0
29,2518200,35.0
29,2518260,24.0
29,2518320,37.0
29,2518380,25.0
29,2518440,23.0
29,2518500,17.0
29,2518560,21.0
29,2518620,16.0
29,2518680,15.0
29,2518740,14.0
29,2518800,29.0
29,2518860,21.0
29,2518920,22.0
29,2518980,18.0
29,2519040,15.0
29,2519100,18.0
29,2519160,19.0
29,2519220,13.0
29,2519280,16.0
29,2519340,23.0
29,2519400,26.0
29,2519460,30.0
29,2519520,14.0
29,2519580,10.0
29,2519640,9.0
29,2519700,32.0
29,2519760,40.0
29,2519820,27.0
29,2519880,18.0
29,2519940,22.0
29,2520000,23.0
29,2520060,15.0
29,2520120,14.0
29,2520180,29.0
29,2520240,30.0
29,2520300,16.0
29,2520360,26.0
29,2520420,18.0
29,2520480,32.0
29,2520540,57.0
29,2520600,24.0
29,2520660,13.0
29,2520720,12.0
29,2520780,19.0
29,2520840,13.0
29,2520900,14.0
29,2520960,17.0
29,2521020,15.0
29,2521080,18.0
29,2521140,16.0
29,2521200,16.0
29,2521260,9.0
29,2521320,21.0
29,2521380,8.0
29,2521440,25.0
29,2521500,36.0
29,2521560,26.0
29,2521620,17.0
29,2521680,17.0
29,2521740,23.0
29,2521800,28.0
29,2521860,12.0
29,2521920,44.0
29,2521980,13.0
29,2522040,29.0
29,2522100,47.0
29,2522160,58.0
29,2522220,45.0
29,2522280,33.0
29,2522340,37.0
29,2522400,28.0
29,2522460,49.0
29,2522520,25.0
29,2522580,43.0
29,2522640,47.0
29,2522700,50.0
29,2522760,52.0
29,2522820,44.0
29,2522880,8.0
29,2522940,32.0
29,2523000,30.0
29,2523060,37.0
29,2523120,29.0
29,2523180,27.0
29,2523240,27.0
29,2523300,27.0
29,2523360,28.0
29,2523420,9.0
29,2523480,10.0
29,2523540,6.0
29,2523600,8.0
29,2523660,16.0
29,2523720,25.0
29,2523780,5.0
29,2523840,14.0
29,2523900,20.0
29,2523960,14.0
29,2524020,21.0
29,2524080,17.0
29,2524140,14.0
29,2524200,15.0
29,2524260,5.0
29,2524320,6.0
29,2524380,12.0
29,2524440,15.0
29,2524500,9.0
29,2524560,13.0
29,2524620,18.0
29,2524680,21.0
29,2524740,20.0
29,2524800,8.0
29,2524860,16.0
29,2524920,20.0
29,2524980,15.0
29,2525040,6.0
29,2525100,13.0
29,2525160,20.0
29,2525220,16.0
29,2525280,8.0
29,2525340,18.0
29,2525400,20.0
29,2525460,6.0
29,2525520,19.0
29,2525580,6.0
29,2525640,10.0
29,2525700,15.0
29,2525760,16.0
29,2525820,14.0
29,2525880,23.0
29,2525940,9.0
29,2526000,18.0
29,2526060,25.0
29,2526120,9.0
29,2526180,15.0
29,2526240,19.0
29,2526300,13.0
29,2526360,16.0
29,2526420,12.0
29,2526480,17.0
29,2526540,7.0
29,2526600,13.0
29,2526660,6.0
29,2526720,7.0
29,2526780,3.0
29,2526840,5.0
29,2526900,12.0
29,2526960,14.0
29,2527020,13.0
29,2527080,6.0
29,2527140,5.0
29,2527200,6.0
29,2527260,12.0
29,2527320,25.0
29,2527380,10.0
29,2527440,13.0
29,2527500,21.0
29,2527560,13.0
29,2527620,17.0
29,2527680,28.0
29,2527740,5.0
29,2527800,15.0
29,2527860,4.0
29,2527920,8.0
29,2527980,4.0
29,2528040,7.0
29,2528100,6.0
29,2528160,15.0
29,2528220,6.0
29,2528280,9.0
29,2528340,25.0
29,2528400,26.0
29,2528460,8.0
29,2528520,3.0
29,2528580,4.0
29,2528640,15.0
29,2528700,7.0
29,2528760,29.0
29,2528820,25.0
29,2528880,21.0
29,2528940,18.0
29,2529000,23.0
29,2529060,21.0
29,2529120,21.0
29,2529180,23.0
29,2529240,13.0
29,2529300,20.0
29,2529360,23.0
29,2529420,16.0
29,2529480,18.0
29,2529540,19.0
29,2529600,28.0
29,2529660,19.0
29,2529720,34.0
29,2529780,6.0
29,2529840,2.0
29,2529900,5.0
29,2529960,13.0
29,2530020,14.0
29,2530080,19.0
29,2530140,20.0
29,2530200,24.0
29,2530260,27.0
29,2530320,7.0
29,2530380,21.0
29,2530440,13.0
29,2530500,12.0
29,2530560,16.0
29,2530620,8.0
29,2530680,12.0
29,2530740,15.0
29,2530800,17.0
29,2530860,25.0
29,2530920,14.0
29,2530980,13.0
29,2531040,20.0
29,2531100,17.0
29,2531160,23.0
29,2531220,10.0
29,2531280,19.0
29,2531340,10.0
29,2531400,9.0
29,2531460,12.0
29,2531520,22.0
29,2531580,24.0
29,2531640,12.0
29,2531700,14.0
29,2531760,7.0
29,2531820,18.0
29,2531880,16.0
29,2531940,25.0
29,2532000,21.0
29,2532060,29.0
29,2532120,21.0
29,2532180,45.0
29,2532240,63.0
29,2532300,52.0
29,2532360,49.0
29,2532420,33.0
29,2532480,25.0
29,2532540,35.0
29,2532600,27.0
29,2532660,37.0
29,2532720,68.0
29,2532780,74.0
29,2532840,54.0
29,2532900,98.0
29,2532960,78.0
29,2533020,56.0
29,2533080,51.0
29,2533140,46.0
29,2533200,48.0
29,2533260,63.0
29,2533320,59.0
29,2533380,50.0
29,2533440,20.0
29,2533500,17.0
29,2533560,27.0
29,2533620,33.0
29,2533680,38.0
29,2533740,46.0
29,2533800,41.0
29,2533860,38.0
29,2533920,29.0
29,2533980,30.0
29,2534040,26.0
29,2534100,26.0
29,2534160,45.0
29,2534220,36.0
29,2534280,39.0
29,2534340,28.0
29,2534400,32.0
29,2534460,25.0
29,2534520,32.0
29,2534580,32.0
29,2534640,27.0
29,2534700,49.0
29,2534760,54.0
29,2534820,42.0
29,2534880,69.0
29,2534940,75.0
29,2535000,63.0
29,2535060,63.0
29,2535120,58.0
29,2535180,46.0
29,2535240,42.0
29,2535300,44.0
29,2535360,83.0
29,2535420,50.0
29,2535480,66.0
29,2535540,62.0
29,2535600,75.0
29,2535660,76.0
29,2535720,46.0
29,2535780,63.0
29,2535840,79.0
29,2535900,60.0
29,2535960,61.0
29,2536020,82.0
29,2536080,125.0
29,2536140,117.0
29,2536200,103.0
29,2536260,124.0
29,2536320,98.0
29,2536380,76.0
29,2536440,99.0
29,2536500,133.0
29,2536560,123.0
29,2536620,104.0
29,2536680,113.0
29,2536740,116.0
29,2536800,135.0
29,2536860,110.0
29,2536920,101.0
29,2536980,101.0
29,2537040,81.0
29,2537100,80.0
29,2537160,88.0
29,2537220,133.0
29,2537280,94.0
29,2537340,96.0
29,2537400,89.0
29,2537460,89.0
29,2537520,87.0
29,2537580,75.0
29,2537640,76.0
29,2537700,52.0
29,2537760,92.0
29,2537820,86.0
29,2537880,110.0
29,2537940,79.0
29,2538000,65.0
29,2538060,82.0
29,2538120,93.0
29,2538180,103.0
29,2538240,101.0
29,2538300,113.0
29,2538360,133.0
29,2538420,202.0
29,2538480,153.0
29,2538540,129.0
29,2538600,153.0
29,2538660,162.0
29,2538720,134.0
29,2538780,205.0
29,2538840,156.0
29,2538900,159.0
29,2538960,166.0
29,2539020,99.0
29,2539080,94.0
29,2539140,145.0
29,2539200,171.0
29,2539260,130.0
29,2539320,132.0
29,2539380,136.0
29,2539440,140.0
29,2539500,143.0
29,2539560,118.0
29,2539620,126.0
29,2539680,131.0
29,2539740,110.0
29,2539800,109.0
29,2539860,83.0
29,2539920,84.0
29,2539980,96.0
29,2540040,107.0
29,2540100,154.0
29,2540160,145.0
29,2540220,142.0
29,2540280,102.0
29,2540340,181.0
29,2540400,116.0
29,2540460,145.0
29,2540520,153.0
29,2540580,102.0
29,2540640,152.0
29,2540700,160.0
29,2540760,118.0
29,2540820,140.0
29,2540880,124.0
29,2540940,132.0
29,2541000,111.0
29,2541060,145.0
29,2541120,116.0
29,2541180,145.0
29,2541240,154.0
29,2541300,159.0
29,2541360,99.0
29,2541420,159.0
29,2541480,142.0
29,2541540,111.0
29,2541600,140.0
29,2541660,161.0
29,2541720,121.0
29,2541780,152.0
29,2541840,162.0
29,2541900,146.0
29,2541960,155.0
29,2542020,225.0
29,2542080,230.0
29,2542140,196.0
29,2542200,204.0
29,2542260,194.0
29,2542320,229.0
29,2542380,216.0
29,2542440,202.0
29,2542500,239.0
29,2542560,234.0
29,2542620,147.0
29,2542680,120.0
29,2542740,188.0
29,2542800,163.0
29,2542860,177.0
29,2542920,166.0
29,2542980,173.0
29,2543040,214.0
29,2543100,162.0
29,2543160,224.0
29,2543220,232.0
29,2543280,234.0
29,2543340,163.0
29,2543400,172.0
29,2543460,145.0
29,2543520,150.0
29,2543580,180.0
29,2543640,183.0
29,2543700,133.0
29,2543760,215.0
29,2543820,139.0
29,2543880,165.0
29,2543940,173.0
29,2544000,180.0
29,2544060,232.0
29,2544120,151.0
29,2544180,123.0
29,2544240,146.0
29,2544300,150.0
29,2544360,209.0
29,2544420,160.0
29,2544480,146.0
29,2544540,151.0
29,2544600,152.0
29,2544660,173.0
29,2544720,224.0
29,2544780,206.0
29,2544840,235.0
29,2544900,176.0
29,2544960,189.0
29,2545020,172.0
29,2545080,174.0
29,2545140,143.0
29,2545200,151.0
29,2545260,172.0
29,2545320,203.0
29,2545380,154.0
29,2545440,222.0
29,2545500,204.0
29,2545560,145.0
29,2545620,144.0
29,2545680,169.0
29,2545740,183.0
29,2545800,194.0
29,2545860,214.0
29,2545920,212.0
29,2545980,175.0
29,2546040,166.0
29,2546100,161.0
29,2546160,186.0
29,2546220,202.0
29,2546280,151.0
29,2546340,190.0
29,2546400,188.0
29,2546460,180.0
29,2546520,204.0
29,2546580,262.0
29,2546640,236.0
29,2546700,223.0
29,2546760,169.0
29,2546820,210.0
29,2546880,202.0
29,2546940,209.0
29,2547000,198.0
29,2547060,178.0
29,2547120,204.0
29,2547180,210.0
29,2547240,240.0
29,2547300,278.0
29,2547360,257.0
29,2547420,255.0
29,2547480,235.0
29,2547540,234.0
29,2547600,235.0
29,2547660,220.0
29,2547720,193.0
29,2547780,207.0
29,2547840,273.0
29,2547900,289.0
29,2547960,266.0
29,2548020,275.0
29,2548080,208.0
29,2548140,211.0
29,2548200,223.0
29,2548260,218.0
29,2548320,245.0
29,2548380,261.0
29,2548440,232.0
29,2548500,215.0
29,2548560,217.0
29,2548620,159.0
29,2548680,203.0
29,2548740,208.0
29,2548800,202.0
29,2548860,166.0
29,2548920,175.0
29,2548980,215.0
29,2549040,207.0
29,2549100,191.0
29,2549160,202.0
29,2549220,165.0
29,2549280,173.0
29,2549340,200.0
29,2549400,188.0
29,2549460,181.0
29,2549520,205.0
29,2549580,208.0
29,2549640,208.0
29,2549700,160.0
29,2549760,198.0
29,2549820,172.0
29,2549880,225.0
29,2549940,232.0
29,2550000,244.0
29,2550060,188.0
29,2550120,191.0
29,2550180,201.0
29,2550240,211.0
29,2550300,164.0
29,2550360,167.0
29,2550420,216.0
29,2550480,194.0
29,2550540,217.0
29,2550600,214.0
29,2550660,260.0
29,2550720,250.0
29,2550780,239.0
29,2550840,196.0
29,2550900,145.0
29,2550960,175.0
29,2551020,207.0
29,2551080,217.0
29,2551140,233.0
29,2551200,228.0
29,2551260,238.0
29,2551320,259.0
29,2551380,222.0
29,2551440,227.0
29,2551500,264.0
29,2551560,268.0
29,2551620,197.0
29,2551680,211.0
29,2551740,260.0
29,2551800,216.0
29,2551860,212.0
29,2551920,198.0
29,2551980,202.0
29,2552040,180.0
29,2552100,174.0
29,2552160,186.0
29,2552220,203.0
29,2552280,203.0
29,2552340,185.0
29,2552400,250.0
29,2552460,227.0
29,2552520,207.0
29,2552580,223.0
29,2552640,200.0
29,2552700,207.0
29,2552760,209.0
29,2552820,203.0
29,2552880,240.0
29,2552940,201.0
29,2553000,188.0
29,2553060,209.0
29,2553120,207.0
29,2553180,270.0
29,2553240,255.0
29,2553300,196.0
29,2553360,187.0
29,2553420,204.0
29,2553480,224.0
29,2553540,248.0
29,2553600,236.0
29,2553660,211.0
29,2553720,234.0
29,2553780,172.0
29,2553840,162.0
29,2553900,213.0
29,2553960,202.0
29,2554020,163.0
29,2554080,194.0
29,2554140,178.0
29,2554200,186.0
29,2554260,165.0
29,2554320,152.0
29,2554380,204.0
29,2554440,197.0
29,2554500,184.0
29,2554560,153.0
29,2554620,180.0
29,2554680,133.0
29,2554740,189.0
29,2554800,217.0
29,2554860,166.0
29,2554920,191.0
29,2554980,164.0
29,2555040,208.0
29,2555100,213.0
29,2555160,171.0
29,2555220,239.0
29,2555280,156.0
29,2555340,211.0
29,2555400,201.0
29,2555460,189.0
29,2555520,163.0
29,2555580,196.0
29,2555640,171.0
29,2555700,220.0
29,2555760,180.0
29,2555820,194.0
29,2555880,178.0
29,2555940,171.0
29,2556000,192.0
29,2556060,171.0
29,2556120,213.0
29,2556180,218.0
29,2556240,218.0
29,2556300,232.0
29,2556360,208.0
29,2556420,182.0
29,2556480,247.0
29,2556540,209.0
29,2556600,267.0
29,2556660,195.0
29,2556720,216.0
29,2556780,182.0
29,2556840,235.0
29,2556900,219.0
29,2556960,210.0
29,2557020,218.0
29,2557080,220.0
29,2557140,198.0
29,2557200,163.0
29,2557260,165.0
29,2557320,204.0
29,2557380,200.0
29,2557440,163.0
29,2557500,201.0
29,2557560,202.0
29,2557620,200.0
29,2557680,156.0
29,2557740,128.0
29,2557800,166.0
29,2557860,231.0
29,2557920,187.0
29,2557980,188.0
29,2558040,197.0
29,2558100,183.0
29,2558160,158.0
29,2558220,191.0
29,2558280,193.0
29,2558340,181.0
29,2558400,193.0
29,2558460,219.0
29,2558520,230.0
29,2558580,222.0
29,2558640,222.0
29,2558700,229.0
29,2558760,219.0
29,2558820,207.0
29,2558880,196.0
29,2558940,180.0
29,2559000,175.0
29,2559060,207.0
29,2559120,168.0
29,2559180,210.0
29,2559240,178.0
29,2559300,208.0
29,2559360,193.0
29,2559420,196.0
29,2559480,183.0
29,2559540,212.0
29,2559600,244.0
29,2559660,225.0
29,2559720,267.0
29,2559780,207.0
29,2559840,275.0
29,2559900,290.0
29,2559960,262.0
29,2560020,231.0
29,2560080,256.0
29,2560140,236.0
29,2560200,267.0
29,2560260,254.0
29,2560320,178.0
29,2560380,208.0
29,2560440,202.0
29,2560500,236.0
29,2560560,229.0
29,2560620,223.0
29,2560680,192.0
29,2560740,196.0
29,2560800,168.0
29,2560860,189.0
29,2560920,192.0
29,2560980,248.0
29,2561040,176.0
29,2561100,225.0
29,2561160,215.0
29,2561220,311.0
29,2561280,259.0
29,2561340,195.0
29,2561400,187.0
29,2561460,114.0
29,2561520,156.0
29,2561580,162.0
29,2561640,237.0
29,2561700,234.0
29,2561760,197.0
29,2561820,216.0
29,2561880,223.0
29,2561940,172.0
29,2562000,185.0
29,2562060,197.0
29,2562120,172.0
29,2562180,177.0
29,2562240,213.0
29,2562300,200.0
29,2562360,211.0
29,2562420,161.0
29,2562480,192.0
29,2562540,194.0
29,2562600,190.0
29,2562660,218.0
29,2562720,178.0
29,2562780,198.0
29,2562840,201.0
29,2562900,173.0
29,2562960,175.0
29,2563020,154.0
29,2563080,178.0
29,2563140,182.0
29,2563200,188.0
29,2563260,161.0
29,2563320,155.0
29,2563380,194.0
29,2563440,200.0
29,2563500,233.0
29,2563560,243.0
29,2563620,187.0
29,2563680,190.0
29,2563740,197.0
29,2563800,181.0
29,2563860,192.0
29,2563920,167.0
29,2563980,208.0
29,2564040,209.0
29,2564100,186.0
29,2564160,185.0
29,2564220,201.0
29,2564280,238.0
29,2564340,268.0
29,2564400,288.0
29,2564460,274.0
29,2564520,273.0
29,2564580,234.0
29,2564640,205.0
29,2564700,193.0
29,2564760,210.0
29,2564820,217.0
29,2564880,239.0
29,2564940,203.0
29,2565000,227.0
29,2565060,217.0
29,2565120,167.0
29,2565180,197.0
29,2565240,162.0
29,2565300,198.0
29,2565360,213.0
29,2565420,213.0
29,2565480,205.0
29,2565540,196.0
29,2565600,247.0
29,2565660,188.0
29,2565720,172.0
29,2565780,191.0
29,2565840,188.0
29,2565900,190.0
29,2565960,184.0
29,2566020,185.0
29,2566080,184.0
29,2566140,231.0
29,2566200,217.0
29,2566260,216.0
29,2566320,210.0
29,2566380,213.0
29,2566440,160.0
29,2566500,167.0
29,2566560,220.0
29,2566620,181.0
29,2566680,184.0
29,2566740,180.0
29,2566800,226.0
29,2566860,250.0
29,2566920,229.0
29,2566980,225.0
29,2567040,243.0
29,2567100,216.0
29,2567160,260.0
29,2567220,255.0
29,2567280,219.0
29,2567340,245.0
29,2567400,277.0
29,2567460,257.0
29,2567520,227.0
29,2567580,155.0
29,2567640,197.0
29,2567700,211.0
29,2567760,181.0
29,2567820,171.0
29,2567880,215.0
29,2567940,173.0
29,2568000,160.0
29,2568060,202.0
29,2568120,214.0
29,2568180,152.0
29,2568240,228.0
29,2568300,197.0
29,2568360,191.0
29,2568420,203.0
29,2568480,177.0
29,2568540,177.0
29,2568600,198.0
29,2568660,211.0
29,2568720,176.0
29,2568780,223.0
29,2568840,217.0
29,2568900,214.0
29,2568960,265.0
29,2569020,245.0
29,2569080,204.0
29,2569140,182.0
29,2569200,162.0
29,2569260,208.0
29,2569320,212.0
29,2569380,203.0
29,2569440,196.0
29,2569500,196.0
29,2569560,188.0
29,2569620,205.0
29,2569680,185.0
29,2569740,187.0
29,2569800,168.0
29,2569860,192.0
29,2569920,215.0
29,2569980,191.0
29,2570040,186.0
29,2570100,195.0
29,2570160,184.0
29,2570220,201.0
29,2570280,198.0
29,2570340,177.0
29,2570400,171.0
29,2570460,184.0
29,2570520,195.0
29,2570580,148.0
29,2570640,197.0
29,2570700,156.0
29,2570760,173.0
29,2570820,154.0
29,2570880,198.0
29,2570940,251.0
29,2571000,192.0
29,2571060,257.0
29,2571120,245.0
29,2571180,246.0
29,2571240,228.0
29,2571300,227.0
29,2571360,220.0
29,2571420,270.0
29,2571480,208.0
29,2571540,251.0
29,2571600,131.0
29,2571660,197.0
29,2571720,187.0
29,2571780,191.0
29,2571840,181.0
29,2571900,193.0
29,2571960,198.0
29,2572020,166.0
29,2572080,201.0
29,2572140,167.0
29,2572200,114.0
29,2572260,168.0
29,2572320,180.0
29,2572380,167.0
29,2572440,196.0
29,2572500,127.0
29,2572560,189.0
29,2572620,133.0
29,2572680,193.0
29,2572740,175.0
29,2572800,156.0
29,2572860,125.0
29,2572920,143.0
29,2572980,135.0
29,2573040,100.0
29,2573100,128.0
29,2573160,193.0
29,2573220,134.0
29,2573280,123.0
29,2573340,184.0
29,2573400,154.0
29,2573460,163.0
29,2573520,178.0
29,2573580,144.0
29,2573640,143.0
29,2573700,129.0
29,2573760,180.0
29,2573820,158.0
29,2573880,169.0
29,2573940,159.0
29,2574000,220.0
29,2574060,213.0
29,2574120,201.0
29,2574180,206.0
29,2574240,195.0
29,2574300,194.0
29,2574360,240.0
29,2574420,204.0
29,2574480,184.0
29,2574540,222.0
29,2574600,242.0
29,2574660,191.0
29,2574720,140.0
29,2574780,217.0
29,2574840,205.0
29,2574900,165.0
29,2574960,190.0
29,2575020,153.0
29,2575080,169.0
29,2575140,151.0
29,2575200,183.0
29,2575260,224.0
29,2575320,165.0
29,2575380,184.0
29,2575440,189.0
29,2575500,154.0
29,2575560,162.0
29,2575620,152.0
29,2575680,148.0
29,2575740,181.0
29,2575800,185.0
29,2575860,210.0
29,2575920,193.0
29,2575980,169.0
29,2576040,171.0
29,2576100,160.0
29,2576160,164.0
29,2576220,146.0
29,2576280,172.0
29,2576340,206.0
29,2576400,174.0
29,2576460,170.0
29,2576520,184.0
29,2576580,200.0
29,2576640,158.0
29,2576700,165.0
29,2576760,187.0
29,2576820,180.0
29,2576880,198.0
29,2576940,153.0
29,2577000,192.0
29,2577060,267.0
29,2577120,207.0
29,2577180,170.0
29,2577240,150.0
29,2577300,132.0
29,2577360,173.0
29,2577420,175.0
29,2577480,174.0
29,2577540,161.0
29,2577600,212.0
29,2577660,197.0
29,2577720,219.0
29,2577780,204.0
29,2577840,208.0
29,2577900,190.0
29,2577960,213.0
29,2578020,222.0
29,2578080,246.0
29,2578140,204.0
29,2578200,270.0
29,2578260,243.0
29,2578320,198.0
29,2578380,255.0
29,2578440,256.0
29,2578500,208.0
29,2578560,202.0
29,2578620,219.0
29,2578680,208.0
29,2578740,176.0
29,2578800,191.0
29,2578860,208.0
29,2578920,204.0
29,2578980,177.0
29,2579040,189.0
29,2579100,138.0
29,2579160,152.0
29,2579220,193.0
29,2579280,167.0
29,2579340,160.0
29,2579400,175.0
29,2579460,178.0
29,2579520,164.0
29,2579580,168.0
29,2579640,151.0
29,2579700,201.0
29,2579760,186.0
29,2579820,210.0
29,2579880,185.0
29,2579940,188.0
29,2580000,214.0
29,2580060,227.0
29,2580120,214.0
29,2580180,174.0
29,2580240,196.0
29,2580300,176.0
29,2580360,178.0
29,2580420,227.0
29,2580480,159.0
29,2580540,194.0
29,2580600,175.0
29,2580660,204.0
29,2580720,185.0
29,2580780,176.0
29,2580840,204.0
29,2580900,193.0
29,2580960,206.0
29,2581020,162.0
29,2581080,187.0
29,2581140,181.0
29,2581200,183.0
29,2581260,260.0
29,2581320,245.0
29,2581380,159.0
29,2581440,169.0
29,2581500,210.0
29,2581560,148.0
29,2581620,181.0
29,2581680,208.0
29,2581740,156.0
29,2581800,161.0
29,2581860,198.0
29,2581920,181.0
29,2581980,170.0
29,2582040,197.0
29,2582100,183.0
29,2582160,188.0
29,2582220,168.0
29,2582280,162.0
29,2582340,182.0
29,2582400,177.0
29,2582460,178.0
29,2582520,197.0
29,2582580,185.0
29,2582640,154.0
29,2582700,178.0
29,2582760,162.0
29,2582820,205.0
29,2582880,185.0
29,2582940,203.0
29,2583000,183.0
29,2583060,151.0
29,2583120,201.0
29,2583180,208.0
29,2583240,153.0
29,2583300,163.0
29,2583360,175.0
29,2583420,145.0
29,2583480,151.0
29,2583540,121.0
29,2583600,170.0
29,2583660,177.0
29,2583720,174.0
29,2583780,197.0
29,2583840,159.0
29,2583900,156.0
29,2583960,185.0
29,2584020,209.0
29,2584080,184.0
29,2584140,209.0
29,2584200,196.0
29,2584260,225.0
29,2584320,213.0
29,2584380,213.0
29,2584440,229.0
29,2584500,242.0
29,2584560,208.0
29,2584620,273.0
29,2584680,271.0
29,2584740,246.0
29,2584800,274.0
29,2584860,217.0
29,2584920,235.0
29,2584980,214.0
29,2585040,208.0
29,2585100,238.0
29,2585160,226.0
29,2585220,272.0
29,2585280,300.0
29,2585340,234.0
29,2585400,266.0
29,2585460,300.0
29,2585520,265.0
29,2585580,290.0
29,2585640,257.0
29,2585700,271.0
29,2585760,234.0
29,2585820,194.0
29,2585880,197.0
29,2585940,200.0
29,2586000,194.0
29,2586060,180.0
29,2586120,195.0
29,2586180,201.0
29,2586240,174.0
29,2586300,225.0
29,2586360,180.0
29,2586420,138.0
29,2586480,183.0
29,2586540,164.0
29,2586600,194.0
29,2586660,187.0
29,2586720,150.0
29,2586780,152.0
29,2586840,175.0
29,2586900,148.0
29,2586960,141.0
29,2587020,169.0
29,2587080,159.0
29,2587140,148.0
29,2587200,187.0
29,2587260,181.0
29,2587320,172.0
29,2587380,230.0
29,2587440,184.0
29,2587500,187.0
29,2587560,166.0
29,2587620,172.0
29,2587680,175.0
29,2587740,198.0
29,2587800,208.0
29,2587860,215.0
29,2587920,212.0
29,2587980,175.0
29,2588040,186.0
29,2588100,130.0
29,2588160,177.0
29,2588220,175.0
29,2588280,170.0
29,2588340,158.0
29,2588400,166.0
29,2588460,153.0
29,2588520,248.0
29,2588580,186.0
29,2588640,155.0
29,2588700,181.0
29,2588760,135.0
29,2588820,182.0
29,2588880,140.0
29,2588940,123.0
29,2589000,170.0
29,2589060,149.0
29,2589120,171.0
29,2589180,181.0
29,2589240,219.0
29,2589300,203.0
29,2589360,200.0
29,2589420,193.0
29,2589480,210.0
29,2589540,209.0
29,2589600,171.0
29,2589660,192.0
29,2589720,214.0
29,2589780,159.0
29,2589840,156.0
29,2589900,173.0
29,2589960,131.0
29,2590020,175.0
29,2590080,175.0
29,2590140,165.0
29,2590200,150.0
29,2590260,164.0
29,2590320,159.0
29,2590380,194.0
29,2590440,151.0
29,2590500,150.0
29,2590560,192.0
29,2590620,133.0
29,2590680,182.0
29,2590740,132.0
29,2590800,127.0
29,2590860,114.0
29,2590920,151.0
29,2590980,145.0
29,2591040,148.0
29,2591100,112.0
29,2591160,108.0
29,2591220,112.0
29,2591280,114.0
29,2591340,118.0
29,2591400,117.0
29,2591460,128.0
29,2591520,140.0
29,2591580,101.0
29,2591640,158.0
29,2591700,146.0
29,2591760,135.0
29,2591820,121.0
29,2591880,120.0
29,2591940,152.0
30,2592000,116.0
30,2592060,124.0
30,2592120,125.0
30,2592180,121.0
30,2592240,129.0
30,2592300,145.0
30,2592360,141.0
30,2592420,159.0
30,2592480,152.0
30,2592540,122.0
30,2592600,106.0
30,2592660,125.0
30,2592720,139.0
30,2592780,101.0
30,2592840,121.0
30,2592900,97.0
30,2592960,96.0
30,2593020,112.0
30,2593080,180.0
30,2593140,139.0
30,2593200,121.0
30,2593260,127.0
30,2593320,141.0
30,2593380,128.0
30,2593440,131.0
30,2593500,134.0
30,2593560,148.0
30,2593620,152.0
30,2593680,97.0
30,2593740,104.0
30,2593800,116.0
30,2593860,104.0
30,2593920,163.0
30,2593980,108.0
30,2594040,93.0
30,2594100,105.0
30,2594160,104.0
30,2594220,110.0
30,2594280,110.0
30,2594340,162.0
30,2594400,141.0
30,2594460,127.0
30,2594520,151.0
30,2594580,147.0
30,2594640,108.0
30,2594700,104.0
30,2594760,130.0
30,2594820,109.0
30,2594880,72.0
30,2594940,104.0
30,2595000,103.0
30,2595060,107.0
30,2595120,119.0
30,2595180,89.0
30,2595240,79.0
30,2595300,74.0
30,2595360,63.0
30,2595420,57.0
30,2595480,85.0
30,2595540,78.0
30,2595600,69.0
30,2595660,69.0
30,2595720,112.0
30,2595780,97.0
30,2595840,87.0
30,2595900,94.0
30,2595960,91.0
30,2596020,83.0
30,2596080,64.0
30,2596140,119.0
30,2596200,167.0
30,2596260,148.0
30,2596320,135.0
30,2596380,92.0
30,2596440,145.0
30,2596500,106.0
30,2596560,120.0
30,2596620,103.0
30,2596680,131.0
30,2596740,132.0
30,2596800,151.0
30,2596860,113.0
30,2596920,79.0
30,2596980,102.0
30,2597040,123.0
30,2597100,76.0
30,2597160,61.0
30,2597220,62.0
30,2597280,61.0
30,2597340,74.0
30,2597400,59.0
30,2597460,67.0
30,2597520,55.0
30,2597580,59.0
30,2597640,104.0
30,2597700,66.0
30,2597760,68.0
30,2597820,57.0
30,2597880,59.0
30,2597940,49.0
30,2598000,64.0
30,2598060,42.0
30,2598120,52.0
30,2598180,40.0
30,2598240,38.0
30,2598300,68.0
30,2598360,55.0
30,2598420,70.0
30,2598480,36.0
30,2598540,76.0
30,2598600,77.0
30,2598660,68.0
30,2598720,56.0
30,2598780,58.0
30,2598840,54.0
30,2598900,62.0
30,2598960,62.0
30,2599020,46.0
30,2599080,34.0
30,2599140,86.0
30,2599200,56.0
30,2599260,54.0
30,2599320,61.0
30,2599380,26.0
30,2599440,43.0
30,2599500,44.0
30,2599560,37.0
30,2599620,59.0
30,2599680,28.0
30,2599740,36.0
30,2599800,39.0
30,2599860,49.0
30,2599920,21.0
30,2599980,48.0
30,2600040,43.0
30,2600100,66.0
30,2600160,70.0
30,2600220,65.0
30,2600280,36.0
30,2600340,57.0
30,2600400,66.0
30,2600460,75.0
30,2600520,48.0
30,2600580,57.0
30,2600640,34.0
30,2600700,37.0
30,2600760,41.0
30,2600820,74.0
30,2600880,64.0
30,2600940,42.0
30,2601000,41.0
30,2601060,37.0
30,2601120,43.0
30,2601180,33.0
30,2601240,44.0
30,2601300,44.0
30,2601360,67.0
30,2601420,35.0
30,2601480,33.0
30,2601540,38.0
30,2601600,25.0
30,2601660,24.0
30,2601720,40.0
30,2601780,24.0
30,2601840,30.0
30,2601900,28.0
30,2601960,39.0
30,2602020,36.0
30,2602080,30.0
30,2602140,35.0
30,2602200,27.0
30,2602260,45.0
30,2602320,33.0
30,2602380,28.0
30,2602440,44.0
30,2602500,42.0
30,2602560,33.0
30,2602620,49.0
30,2602680,33.0
30,2602740,40.0
30,2602800,19.0
30,2602860,19.0
30,2602920,29.0
30,2602980,29.0
30,2603040,28.0
30,2603100,24.0
30,2603160,47.0
30,2603220,26.0
30,2603280,32.0
30,2603340,32.0
30,2603400,23.0
30,2603460,25.0
30,2603520,22.0
30,2603580,38.0
30,2603640,57.0
30,2603700,34.0
30,2603760,25.0
30,2603820,18.0
30,2603880,16.0
30,2603940,35.0
30,2604000,15.0
30,2604060,13.0
30,2604120,21.0
30,2604180,10.0
30,2604240,18.0
30,2604300,23.0
30,2604360,14.0
30,2604420,20.0
30,2604480,25.0
30,2604540,16.0
30,2604600,30.0
30,2604660,16.0
30,2604720,23.0
30,2604780,21.0
30,2604840,32.0
30,2604900,20.0
30,2604960,18.0
30,2605020,13.0
30,2605080,15.0
30,2605140,33.0
30,2605200,25.0
30,2605260,16.0
30,2605320,10.0
30,2605380,10.0
30,2605440,23.0
30,2605500,13.0
30,2605560,14.0
30,2605620,21.0
30,2605680,45.0
30,2605740,45.0
30,2605800,40.0
30,2605860,35.0
30,2605920,23.0
30,2605980,13.0
30,2606040,14.0
30,2606100,7.0
30,2606160,6.0
30,2606220,16.0
30,2606280,25.0
30,2606340,14.0
30,2606400,19.0
30,2606460,9.0
30,2606520,19.0
30,2606580,15.0
30,2606640,16.0
30,2606700,25.0
30,2606760,16.0
30,2606820,12.0
30,2606880,23.0
30,2606940,24.0
30,2607000,16.0
30,2607060,15.0
30,2607120,7.0
30,2607180,20.0
30,2607240,15.0
30,2607300,25.0
30,2607360,34.0
30,2607420,13.0
30,2607480,15.0
30,2607540,12.0
30,2607600,12.0
30,2607660,8.0
30,2607720,16.0
30,2607780,6.0
30,2607840,15.0
30,2607900,13.0
30,2607960,30.0
30,2608020,13.0
30,2608080,17.0
30,2608140,9.0
30,2608200,13.0
30,2608260,28.0
30,2608320,23.0
30,2608380,15.0
30,2608440,22.0
30,2608500,12.0
30,2608560,18.0
30,2608620,26.0
30,2608680,12.0
30,2608740,14.0
30,2608800,15.0
30,2608860,23.0
30,2608920,16.0
30,2608980,14.0
30,2609040,14.0
30,2609100,5.0
30,2609160,17.0
30,2609220,14.0
30,2609280,8.0
30,2609340,26.0
30,2609400,17.0
30,2609460,8.0
30,2609520,9.0
30,2609580,13.0
30,2609640,16.0
30,2609700,4.0
30,2609760,17.0
30,2609820,4.0
30,2609880,9.0
30,2609940,27.0
30,2610000,9.0
30,2610060,12.0
30,2610120,13.0
30,2610180,6.0
30,2610240,3.0
30,2610300,7.0
30,2610360,16.0
30,2610420,10.0
30,2610480,12.0
30,2610540,14.0
30,2610600,14.0
30,2610660,6.0
30,2610720,9.0
30,2610780,7.0
30,2610840,7.0
30,2610900,10.0
30,2610960,9.0
30,2611020,12.0
30,2611080,7.0
30,2611140,14.0
30,2611200,10.0
30,2611260,6.0
30,2611320,7.0
30,2611380,5.0
30,2611440,5.0
30,2611500,13.0
30,2611560,7.0
30,2611620,2.0
30,2611680,9.0
30,2611740,18.0
30,2611800,5.0
30,2611860,16.0
30,2611920,15.0
30,2611980,17.0
30,2612040,9.0
30,2612100,10.0
30,2612160,14.0
30,2612220,3.0
30,2612280,4.0
30,2612340,9.0
30,2612400,4.0
30,2612460,8.0
30,2612520,9.0
30,2612580,4.0
30,2612640,9.0
30,2612700,14.0
30,2612760,6.0
30,2612820,8.0
30,2612880,12.0
30,2612940,15.0
30,2613000,14.0
30,2613060,21.0
30,2613120,18.0
30,2613180,12.0
30,2613240,9.0
30,2613300,9.0
30,2613360,10.0
30,2613420,4.0
30,2613480,4.0
30,2613540,8.0
30,2613600,10.0
30,2613660,12.0
30,2613720,14.0
30,2613780,16.0
30,2613840,18.0
30,2613900,16.0
30,2613960,18.0
30,2614020,12.0
30,2614080,15.0
30,2614140,17.0
30,2614200,9.0
30,2614260,20.0
30,2614320,17.0
30,2614380,8.0
30,2614440,7.0
30,2614500,7.0
30,2614560,9.0
30,2614620,9.0
30,2614680,10.0
30,2614740,13.0
30,2614800,15.0
30,2614860,14.0
30,2614920,17.0
30,2614980,12.0
30,2615040,10.0
30,2615100,6.0
30,2615160,16.0
30,2615220,10.0
30,2615280,14.0
30,2615340,16.0
30,2615400,9.0
30,2615460,4.0
30,2615520,10.0
30,2615580,14.0
30,2615640,9.0
30,2615700,6.0
30,2615760,18.0
30,2615820,8.0
30,2615880,14.0
30,2615940,22.0
30,2616000,15.0
30,2616060,16.0
30,2616120,4.0
30,2616180,8.0
30,2616240,6.0
30,2616300,7.0
30,2616360,15.0
30,2616420,8.0
30,2616480,13.0
30,2616540,24.0
30,2616600,18.0
30,2616660,7.0
30,2616720,12.0
30,2616780,6.0
30,2616840,12.0
30,2616900,8.0
30,2616960,14.0
30,2617020,13.0
30,2617080,15.0
30,2617140,18.0
30,2617200,20.0
30,2617260,27.0
30,2617320,16.0
30,2617380,17.0
30,2617440,17.0
30,2617500,15.0
30,2617560,33.0
30,2617620,10.0
30,2617680,13.0
30,2617740,15.0
30,2617800,10.0
30,2617860,16.0
30,2617920,17.0
30,2617980,30.0
30,2618040,18.0
30,2618100,14.0
30,2618160,16.0
30,2618220,12.0
30,2618280,15.0
30,2618340,17.0
30,2618400,28.0
30,2618460,23.0
30,2618520,23.0
30,2618580,18.0
30,2618640,33.0
30,2618700,25.0
30,2618760,52.0
30,2618820,69.0
30,2618880,76.0
30,2618940,78.0
30,2619000,80.0
30,2619060,83.0
30,2619120,83.0
30,2619180,75.0
30,2619240,60.0
30,2619300,58.0
30,2619360,74.0
30,2619420,78.0
30,2619480,55.0
30,2619540,34.0
30,2619600,21.0
30,2619660,10.0
30,2619720,27.0
30,2619780,34.0
30,2619840,29.0
30,2619900,30.0
30,2619960,28.0
30,2620020,28.0
30,2620080,22.0
30,2620140,29.0
30,2620200,50.0
30,2620260,39.0
30,2620320,36.0
30,2620380,40.0
30,2620440,25.0
30,2620500,40.0
30,2620560,46.0
30,2620620,68.0
30,2620680,38.0
30,2620740,50.0
30,2620800,42.0
30,2620860,44.0
30,2620920,56.0
30,2620980,63.0
30,2621040,36.0
30,2621100,42.0
30,2621160,102.0
30,2621220,141.0
30,2621280,133.0
30,2621340,117.0
30,2621400,85.0
30,2621460,79.0
30,2621520,90.0
30,2621580,118.0
30,2621640,85.0
30,2621700,45.0
30,2621760,63.0
30,2621820,97.0
30,2621880,136.0
30,2621940,93.0
30,2622000,52.0
30,2622060,63.0
30,2622120,63.0
30,2622180,71.0
30,2622240,74.0
30,2622300,83.0
30,2622360,90.0
30,2622420,47.0
30,2622480,64.0
30,2622540,57.0
30,2622600,62.0
30,2622660,78.0
30,2622720,81.0
30,2622780,65.0
30,2622840,80.0
30,2622900,55.0
30,2622960,58.0
30,2623020,52.0
30,2623080,61.0
30,2623140,102.0
30,2623200,122.0
30,2623260,74.0
30,2623320,72.0
30,2623380,80.0
30,2623440,61.0
30,2623500,69.0
30,2623560,114.0
30,2623620,80.0
30,2623680,89.0
30,2623740,105.0
30,2623800,111.0
30,2623860,106.0
30,2623920,101.0
30,2623980,102.0
30,2624040,93.0
30,2624100,90.0
30,2624160,79.0
30,2624220,99.0
30,2624280,127.0
30,2624340,120.0
30,2624400,102.0
30,2624460,88.0
30,2624520,104.0
30,2624580,96.0
30,2624640,88.0
30,2624700,87.0
30,2624760,116.0
30,2624820,102.0
30,2624880,117.0
30,2624940,128.0
30,2625000,148.0
30,2625060,130.0
30,2625120,122.0
30,2625180,129.0
30,2625240,106.0
30,2625300,118.0
30,2625360,114.0
30,2625420,82.0
30,2625480,113.0
30,2625540,124.0
30,2625600,102.0
30,2625660,118.0
30,2625720,141.0
30,2625780,146.0
30,2625840,165.0
30,2625900,165.0
30,2625960,173.0
30,2626020,158.0
30,2626080,146.0
30,2626140,159.0
30,2626200,163.0
30,2626260,175.0
30,2626320,168.0
30,2626380,147.0
30,2626440,145.0
30,2626500,117.0
30,2626560,124.0
30,2626620,103.0
30,2626680,120.0
30,2626740,135.0
30,2626800,142.0
30,2626860,108.0
30,2626920,124.0
30,2626980,111.0
30,2627040,120.0
30,2627100,127.0
30,2627220,156.0
30,2627280,192.0
30,2627340,239.0
30,2627400,121.0
30,2627460,128.0
30,2627520,117.0
30,2627580,142.0
30,2627640,171.0
30,2627700,150.0
30,2627760,150.0
30,2627820,140.0
30,2627880,159.0
30,2627940,155.0
30,2628000,116.0
30,2628060,128.0
30,2628120,147.0
30,2628180,164.0
30,2628240,129.0
30,2628300,117.0
30,2628360,151.0
30,2628420,194.0
30,2628480,164.0
30,2628540,257.0
30,2628600,189.0
30,2628660,181.0
30,2628720,183.0
30,2628780,190.0
30,2628840,133.0
30,2628900,223.0
30,2628960,206.0
30,2629020,189.0
30,2629080,167.0
30,2629140,212.0
30,2629200,213.0
30,2629260,197.0
30,2629320,151.0
30,2629380,162.0
30,2629440,145.0
30,2629500,148.0
30,2629560,158.0
30,2629620,132.0
30,2629680,144.0
30,2629740,151.0
30,2629800,171.0
30,2629860,142.0
30,2629920,136.0
30,2629980,172.0
30,2630040,205.0
30,2630100,151.0
30,2630160,159.0
30,2630220,149.0
30,2630280,170.0
30,2630340,160.0
30,2630400,139.0
30,2630460,154.0
30,2630520,172.0
30,2630580,209.0
30,2630640,189.0
30,2630700,227.0
30,2630760,216.0
30,2630820,247.0
30,2630880,230.0
30,2630940,257.0
30,2631000,207.0
30,2631060,184.0
30,2631120,180.0
30,2631180,216.0
30,2631240,216.0
30,2631300,127.0
30,2631360,124.0
30,2631420,152.0
30,2631480,151.0
30,2631540,162.0
30,2631600,128.0
30,2631660,161.0
30,2631720,140.0
30,2631780,163.0
30,2631840,234.0
30,2631900,175.0
30,2631960,150.0
30,2632020,159.0
30,2632080,122.0
30,2632140,209.0
30,2632200,197.0
30,2632260,203.0
30,2632320,229.0
30,2632380,212.0
30,2632440,198.0
30,2632500,217.0
30,2632560,216.0
30,2632620,232.0
30,2632680,197.0
30,2632740,152.0
30,2632800,176.0
30,2632860,161.0
30,2632920,151.0
30,2632980,172.0
30,2633040,149.0
30,2633100,162.0
30,2633160,173.0
30,2633220,184.0
30,2633280,200.0
30,2633340,133.0
30,2633400,152.0
30,2633460,150.0
30,2633520,161.0
30,2633580,163.0
30,2633640,175.0
30,2633700,116.0
30,2633760,148.0
30,2633820,194.0
30,2633880,139.0
30,2633940,145.0
30,2634000,174.0
30,2634060,176.0
30,2634120,148.0
30,2634180,134.0
30,2634240,181.0
30,2634300,200.0
30,2634480,147.0
30,2634540,170.0
30,2634600,151.0
30,2634660,177.0
30,2634720,189.0
30,2634780,150.0
30,2634840,171.0
30,2634900,163.0
30,2634960,155.0
30,2635020,134.0
30,2635080,123.0
30,2635140,122.0
30,2635200,180.0
30,2635260,220.0
30,2635320,200.0
30,2635380,198.0
30,2635440,164.0
30,2635500,206.0
30,2635560,182.0
30,2635620,216.0
30,2635680,213.0
30,2635740,211.0
30,2635800,185.0
30,2635860,170.0
30,2635920,180.0
30,2635980,117.0
30,2636040,111.0
30,2636100,160.0
30,2636160,132.0
30,2636220,110.0
30,2636280,131.0
30,2636340,170.0
30,2636400,116.0
30,2636460,129.0
30,2636520,166.0
30,2636580,164.0
30,2636640,162.0
30,2636700,140.0
30,2636760,169.0
30,2636820,143.0
30,2636880,181.0
30,2636940,132.0
30,2637000,138.0
30,2637060,142.0
30,2637120,210.0
30,2637180,113.0
30,2637240,141.0
30,2637300,187.0
30,2637360,194.0
30,2637420,202.0
30,2637480,210.0
30,2637540,200.0
30,2637600,154.0
30,2637660,201.0
30,2637720,231.0
30,2637780,208.0
30,2637840,178.0
30,2637900,168.0
30,2637960,161.0
30,2638020,114.0
30,2638080,111.0
30,2638140,184.0
30,2638200,150.0
30,2638260,146.0
30,2638320,131.0
30,2638380,82.0
30,2638440,129.0
30,2638500,134.0
30,2638560,158.0
30,2638620,156.0
30,2638680,133.0
30,2638740,125.0
30,2638800,171.0
30,2638860,148.0
30,2638920,172.0
30,2638980,178.0
30,2639040,188.0
30,2639100,166.0
30,2639160,223.0
30,2639220,165.0
30,2639280,173.0
30,2639340,170.0
30,2639400,151.0
30,2639460,168.0
30,2639520,99.0
30,2639580,92.0
30,2639640,144.0
30,2639700,127.0
30,2639760,121.0
30,2639820,180.0
30,2639880,103.0
30,2639940,120.0
30,2640000,184.0
30,2640060,124.0
30,2640120,142.0
30,2640180,152.0
30,2640240,160.0
30,2640300,121.0
30,2640360,127.0
30,2640420,171.0
30,2640480,163.0
30,2640540,188.0
30,2640600,206.0
30,2640660,226.0
30,2640720,185.0
30,2640780,162.0
30,2640840,122.0
30,2640900,142.0
30,2640960,104.0
30,2641020,181.0
30,2641080,152.0
30,2641140,147.0
30,2641200,117.0
30,2641260,111.0
30,2641320,118.0
30,2641380,149.0
30,2641440,155.0
30,2641500,103.0
30,2641560,101.0
30,2641620,153.0
30,2641680,142.0
30,2641740,133.0
30,2641800,135.0
30,2641860,174.0
30,2641920,210.0
30,2641980,162.0
30,2642040,119.0
30,2642100,133.0
30,2642160,136.0
30,2642220,144.0
30,2642280,140.0
30,2642340,143.0
30,2642400,128.0
30,2642460,118.0
30,2642520,145.0
30,2642580,170.0
30,2642640,160.0
30,2642700,150.0
30,2642760,197.0
30,2642820,185.0
30,2642880,182.0
30,2642940,190.0
30,2643000,153.0
30,2643060,204.0
30,2643120,134.0
30,2643180,163.0
30,2643240,180.0
30,2643300,138.0
30,2643360,167.0
30,2643420,131.0
30,2643480,136.0
30,2643540,154.0
30,2643600,154.0
30,2643660,101.0
30,2643720,110.0
30,2643780,112.0
30,2643840,194.0
30,2643900,99.0
30,2643960,168.0
30,2644020,164.0
30,2644080,130.0
30,2644140,132.0
30,2644200,108.0
30,2644260,127.0
30,2644320,120.0
30,2644380,98.0
30,2644440,104.0
30,2644500,118.0
30,2644560,142.0
30,2644620,108.0
30,2644680,160.0
30,2644740,160.0
30,2644800,110.0
30,2644860,127.0
30,2644920,143.0
30,2644980,127.0
30,2645040,161.0
30,2645100,133.0
30,2645160,177.0
30,2645220,145.0
30,2645280,145.0
30,2645340,120.0
30,2645400,140.0
30,2645460,127.0
30,2645520,105.0
30,2645580,149.0
30,2645640,170.0
30,2645700,120.0
30,2645760,132.0
30,2645820,126.0
30,2645880,133.0
30,2645940,155.0
30,2646000,142.0
30,2646060,191.0
30,2646120,164.0
30,2646180,159.0
30,2646240,145.0
30,2646300,121.0
30,2646360,184.0
30,2646420,168.0
30,2646480,208.0
30,2646540,195.0
30,2646600,191.0
30,2646660,207.0
30,2646720,167.0
30,2646780,192.0
30,2646840,201.0
30,2646900,164.0
30,2646960,175.0
30,2647020,240.0
30,2647080,155.0
30,2647140,181.0
30,2647200,168.0
30,2647260,183.0
30,2647320,144.0
30,2647380,142.0
30,2647440,143.0
30,2647500,176.0
30,2647560,185.0
30,2647620,193.0
30,2647680,152.0
30,2647740,122.0
30,2647800,116.0
30,2647860,147.0
30,2647920,125.0
30,2647980,125.0
30,2648040,130.0
30,2648100,128.0
30,2648160,162.0
30,2648220,146.0
30,2648280,148.0
30,2648340,155.0
30,2648400,166.0
30,2648460,121.0
30,2648520,133.0
30,2648580,150.0
30,2648640,171.0
30,2648700,167.0
30,2648760,146.0
30,2648820,146.0
30,2648880,140.0
30,2648940,139.0
30,2649000,203.0
30,2649060,152.0
30,2649120,139.0
30,2649180,183.0
30,2649240,156.0
30,2649300,165.0
30,2649360,188.0
30,2649420,172.0
30,2649480,178.0
30,2649540,174.0
30,2649600,132.0
30,2649660,174.0
30,2649720,145.0
30,2649780,141.0
30,2649840,165.0
30,2649900,169.0
30,2649960,166.0
30,2650020,113.0
30,2650080,174.0
30,2650140,151.0
30,2650200,143.0
30,2650260,154.0
30,2650320,154.0
30,2650380,175.0
30,2650440,142.0
30,2650500,155.0
30,2650560,193.0
30,2650620,162.0
30,2650680,143.0
30,2650740,166.0
30,2650800,143.0
30,2650860,139.0
30,2650920,166.0
30,2650980,173.0
30,2651040,217.0
30,2651100,167.0
30,2651160,165.0
30,2651220,201.0
30,2651280,236.0
30,2651340,239.0
30,2651400,176.0
30,2651460,170.0
30,2651520,192.0
30,2651580,186.0
30,2651640,173.0
30,2651700,195.0
30,2651760,197.0
30,2651820,173.0
30,2651880,149.0
30,2651940,135.0
30,2652000,181.0
30,2652060,159.0
30,2652120,193.0
30,2652180,164.0
30,2652240,152.0
30,2652300,155.0
30,2652360,201.0
30,2652420,168.0
30,2652480,141.0
30,2652540,147.0
30,2652600,173.0
30,2652660,129.0
30,2652720,128.0
30,2652780,160.0
30,2652840,173.0
30,2652900,147.0
30,2652960,122.0
30,2653020,181.0
30,2653080,195.0
30,2653140,164.0
30,2653200,166.0
30,2653260,148.0
30,2653320,139.0
30,2653380,128.0
30,2653440,106.0
30,2653500,163.0
30,2653560,172.0
30,2653620,156.0
30,2653680,128.0
30,2653740,145.0
30,2653800,134.0
30,2653860,182.0
30,2653920,185.0
30,2653980,149.0
30,2654040,159.0
30,2654100,144.0
30,2654160,148.0
30,2654220,138.0
30,2654280,138.0
30,2654340,167.0
30,2654400,184.0
30,2654460,177.0
30,2654520,150.0
30,2654580,205.0
30,2654640,162.0
30,2654700,150.0
30,2654760,122.0
30,2654820,143.0
30,2654880,161.0
30,2654940,196.0
30,2655120,187.0
30,2655180,161.0
30,2655240,222.0
30,2655300,211.0
30,2655360,233.0
30,2655420,191.0
30,2655480,236.0
30,2655540,227.0
30,2655600,215.0
30,2655660,113.0
30,2655720,139.0
30,2655780,145.0
30,2655840,166.0
30,2655900,175.0
30,2655960,159.0
30,2656020,141.0
30,2656080,144.0
30,2656140,134.0
30,2656200,131.0
30,2656260,114.0
30,2656320,123.0
30,2656380,159.0
30,2656440,167.0
30,2656500,150.0
30,2656560,132.0
30,2656620,184.0
30,2656680,186.0
30,2656740,134.0
30,2656800,111.0
30,2656860,151.0
30,2656920,164.0
30,2656980,180.0
30,2657040,178.0
30,2657100,128.0
30,2657160,163.0
30,2657220,170.0
30,2657280,113.0
30,2657340,128.0
30,2657400,123.0
30,2657460,183.0
30,2657520,132.0
30,2657580,149.0
30,2657640,174.0
30,2657700,162.0
30,2657760,174.0
30,2657820,217.0
30,2657880,208.0
30,2657940,226.0
30,2658000,208.0
30,2658060,210.0
30,2658120,236.0
30,2658180,129.0
30,2658240,131.0
30,2658300,143.0
30,2658360,168.0
30,2658420,170.0
30,2658480,136.0
30,2658540,181.0
30,2658600,130.0
30,2658660,153.0
30,2658720,150.0
30,2658780,162.0
30,2658840,135.0
30,2658900,134.0
30,2658960,183.0
30,2659020,149.0
30,2659080,167.0
30,2659140,187.0
30,2659200,125.0
30,2659260,148.0
30,2659320,149.0
30,2659380,136.0
30,2659440,146.0
30,2659500,130.0
30,2659560,145.0
30,2659620,169.0
30,2659680,131.0
30,2659740,131.0
30,2659800,140.0
30,2659860,128.0
30,2659920,152.0
30,2659980,101.0
30,2660040,149.0
30,2660100,212.0
30,2660160,146.0
30,2660220,122.0
30,2660280,134.0
30,2660340,191.0
30,2660400,163.0
30,2660460,113.0
30,2660580,140.0
30,2660640,131.0
30,2660700,169.0
30,2660760,198.0
30,2660820,150.0
30,2660880,174.0
30,2660940,196.0
30,2661000,189.0
30,2661060,193.0
30,2661120,170.0
30,2661180,155.0
30,2661240,143.0
30,2661300,169.0
30,2661360,173.0
30,2661420,188.0
30,2661480,217.0
30,2661540,215.0
30,2661600,148.0
30,2661660,172.0
30,2661720,148.0
30,2661780,170.0
30,2661840,198.0
30,2661900,160.0
30,2661960,203.0
30,2662020,150.0
30,2662080,159.0
30,2662140,165.0
30,2662200,184.0
30,2662260,207.0
30,2662320,194.0
30,2662380,167.0
30,2662440,193.0
30,2662500,164.0
30,2662560,252.0
30,2662620,202.0
30,2662680,181.0
30,2662740,187.0
30,2662800,200.0
30,2662860,164.0
30,2662920,191.0
30,2662980,171.0
30,2663040,162.0
30,2663100,188.0
30,2663160,202.0
30,2663220,216.0
30,2663280,166.0
30,2663340,175.0
30,2663400,175.0
30,2663460,128.0
30,2663520,172.0
30,2663580,139.0
30,2663640,160.0
30,2663700,244.0
30,2663760,195.0
30,2663820,213.0
30,2663880,200.0
30,2663940,240.0
30,2664000,161.0
30,2664060,172.0
30,2664120,190.0
30,2664180,197.0
30,2664240,160.0
30,2664300,165.0
30,2664360,155.0
30,2664420,169.0
30,2664480,185.0
30,2664540,205.0
30,2664600,149.0
30,2664660,196.0
30,2664720,216.0
30,2664780,189.0
30,2664840,177.0
30,2664900,129.0
30,2664960,167.0
30,2665020,218.0
30,2665080,253.0
30,2665140,206.0
30,2665200,222.0
30,2665260,252.0
30,2665320,210.0
30,2665380,194.0
30,2665440,212.0
30,2665500,180.0
30,2665560,232.0
30,2665620,237.0
30,2665680,251.0
30,2665740,269.0
30,2665800,248.0
30,2665860,224.0
30,2665920,255.0
30,2665980,226.0
30,2666040,209.0
30,2666100,178.0
30,2666160,260.0
30,2666220,252.0
30,2666280,265.0
30,2666340,289.0
30,2666400,211.0
30,2666460,195.0
30,2666520,204.0
30,2666580,244.0
30,2666640,236.0
30,2666700,256.0
30,2666760,174.0
30,2666820,209.0
30,2666880,205.0
30,2666940,260.0
30,2667000,251.0
30,2667060,231.0
30,2667120,226.0
30,2667180,208.0
30,2667240,217.0
30,2667300,232.0
30,2667360,223.0
30,2667420,266.0
30,2667480,243.0
30,2667540,175.0
30,2667600,176.0
30,2667660,191.0
30,2667720,197.0
30,2667780,224.0
30,2667840,252.0
30,2667900,181.0
30,2667960,168.0
30,2668020,175.0
30,2668080,240.0
30,2668140,247.0
30,2668200,203.0
30,2668260,196.0
30,2668320,222.0
30,2668380,189.0
30,2668440,172.0
30,2668500,229.0
30,2668560,275.0
30,2668620,282.0
30,2668680,249.0
30,2668740,208.0
30,2668800,223.0
30,2668860,204.0
30,2668920,262.0
30,2668980,273.0
30,2669040,260.0
30,2669100,243.0
30,2669160,278.0
30,2669220,228.0
30,2669280,212.0
30,2669340,237.0
30,2669400,183.0
30,2669460,204.0
30,2669520,235.0
30,2669580,267.0
30,2669640,203.0
30,2669700,224.0
30,2669760,166.0
30,2669820,185.0
30,2669880,190.0
30,2669940,176.0
30,2670000,194.0
30,2670060,216.0
30,2670120,207.0
30,2670180,188.0
30,2670240,219.0
30,2670300,144.0
30,2670360,170.0
30,2670420,193.0
30,2670480,201.0
30,2670540,185.0
30,2670600,227.0
30,2670660,215.0
30,2670720,218.0
30,2670780,211.0
30,2670840,174.0
30,2670900,153.0
30,2670960,201.0
30,2671020,154.0
30,2671080,196.0
30,2671140,192.0
30,2671200,190.0
30,2671260,173.0
30,2671320,200.0
30,2671380,186.0
30,2671440,216.0
30,2671500,209.0
30,2671560,251.0
30,2671620,206.0
30,2671680,196.0
30,2671740,174.0
30,2671800,180.0
30,2671860,190.0
30,2671920,180.0
30,2671980,205.0
30,2672040,189.0
30,2672100,169.0
30,2672160,148.0
30,2672220,159.0
30,2672280,170.0
30,2672340,200.0
30,2672400,133.0
30,2672460,180.0
30,2672520,127.0
30,2672580,168.0
30,2672640,180.0
30,2672700,182.0
30,2672760,189.0
30,2672820,175.0
30,2672880,198.0
30,2672940,161.0
30,2673000,194.0
30,2673060,141.0
30,2673120,167.0
30,2673180,146.0
30,2673240,253.0
30,2673300,236.0
30,2673360,227.0
30,2673420,204.0
30,2673480,164.0
30,2673540,192.0
30,2673600,180.0
30,2673660,152.0
30,2673720,190.0
30,2673780,243.0
30,2673840,238.0
30,2673900,225.0
30,2673960,216.0
30,2674020,217.0
30,2674080,186.0
30,2674140,231.0
30,2674200,225.0
30,2674260,159.0
30,2674320,195.0
30,2674380,146.0
30,2674440,128.0
30,2674500,121.0
30,2674560,146.0
30,2674620,123.0
30,2674680,170.0
30,2674740,170.0
30,2674800,189.0
30,2674860,197.0
30,2674920,152.0
30,2674980,177.0
30,2675040,194.0
30,2675100,182.0
30,2675160,163.0
30,2675220,176.0
30,2675280,170.0
30,2675340,149.0
30,2675400,161.0
30,2675460,177.0
30,2675520,173.0
30,2675580,177.0
30,2675640,190.0
30,2675700,184.0
30,2675760,186.0
30,2675820,163.0
30,2675880,125.0
30,2675940,155.0
30,2676000,211.0
30,2676060,188.0
30,2676120,175.0
30,2676180,146.0
30,2676240,166.0
30,2676300,148.0
30,2676360,135.0
30,2676420,139.0
30,2676480,141.0
30,2676540,160.0
30,2676600,143.0
30,2676660,109.0
30,2676720,182.0
30,2676780,130.0
30,2676840,131.0
30,2676900,103.0
30,2676960,112.0
30,2677020,151.0
30,2677080,134.0
30,2677140,135.0
30,2677200,114.0
30,2677260,129.0
30,2677320,114.0
30,2677380,100.0
30,2677440,67.0
30,2677500,128.0
30,2677560,140.0
30,2677620,110.0
30,2677680,121.0
30,2677740,107.0
30,2677800,83.0
30,2677860,119.0
30,2677920,106.0
30,2677980,133.0
30,2678040,165.0
30,2678100,98.0
30,2678160,116.0
30,2678220,125.0
30,2678280,127.0
30,2678340,105.0
31,2678400,124.0
31,2678460,134.0
31,2678520,146.0
31,2678580,150.0
31,2678640,144.0
31,2678700,171.0
31,2678760,176.0
31,2678820,156.0
31,2678880,121.0
31,2678940,88.0
31,2679000,99.0
31,2679060,138.0
31,2679120,195.0
31,2679180,178.0
31,2679240,174.0
31,2679300,143.0
31,2679360,147.0
31,2679420,108.0
31,2679480,108.0
31,2679540,111.0
31,2679600,118.0
31,2679660,111.0
31,2679720,96.0
31,2679780,112.0
31,2679840,133.0
31,2679900,94.0
31,2679960,108.0
31,2680020,111.0
31,2680080,96.0
31,2680140,85.0
31,2680200,91.0
31,2680260,76.0
31,2680320,68.0
31,2680380,59.0
31,2680440,100.0
31,2680500,99.0
31,2680560,90.0
31,2680620,97.0
31,2680680,86.0
31,2680740,76.0
31,2680800,85.0
31,2680860,75.0
31,2680920,82.0
31,2680980,101.0
31,2681040,99.0
31,2681100,78.0
31,2681160,96.0
31,2681220,90.0
31,2681280,103.0
31,2681340,89.0
31,2681400,68.0
31,2681460,100.0
31,2681520,70.0
31,2681580,63.0
31,2681640,56.0
31,2681700,65.0
31,2681760,83.0
31,2681820,80.0
31,2681880,82.0
31,2681940,66.0
31,2682000,81.0
31,2682060,48.0
31,2682120,85.0
31,2682180,120.0
31,2682240,125.0
31,2682300,124.0
31,2682360,118.0
31,2682420,112.0
31,2682480,109.0
31,2682540,97.0
31,2682600,126.0
31,2682660,72.0
31,2682720,77.0
31,2682780,109.0
31,2682840,107.0
31,2682900,86.0
31,2682960,76.0
31,2683020,105.0
31,2683080,71.0
31,2683140,83.0
31,2683200,58.0
31,2683260,55.0
31,2683320,58.0
31,2683380,54.0
31,2683440,65.0
31,2683500,77.0
31,2683560,74.0
31,2683620,72.0
31,2683680,70.0
31,2683740,46.0
31,2683800,46.0
31,2683860,102.0
31,2683920,75.0
31,2683980,47.0
31,2684040,71.0
31,2684100,54.0
31,2684160,45.0
31,2684220,57.0
31,2684280,55.0
31,2684340,91.0
31,2684400,71.0
31,2684460,36.0
31,2684520,50.0
31,2684580,49.0
31,2684640,51.0
31,2684700,34.0
31,2684760,46.0
31,2684820,41.0
31,2684880,35.0
31,2684940,45.0
31,2685000,46.0
31,2685060,56.0
31,2685120,45.0
31,2685180,44.0
31,2685240,36.0
31,2685300,42.0
31,2685360,58.0
31,2685420,52.0
31,2685480,30.0
31,2685540,41.0
31,2685600,40.0
31,2685660,50.0
31,2685720,47.0
31,2685780,41.0
31,2685840,34.0
31,2685900,40.0
31,2685960,45.0
31,2686020,39.0
31,2686080,21.0
31,2686140,34.0
31,2686200,25.0
31,2686260,23.0
31,2686320,17.0
31,2686380,38.0
31,2686440,35.0
31,2686500,41.0
31,2686560,29.0
31,2686620,35.0
31,2686680,23.0
31,2686740,45.0
31,2686800,46.0
31,2686860,32.0
31,2686920,49.0
31,2686980,45.0
31,2687040,30.0
31,2687100,18.0
31,2687160,24.0
31,2687220,33.0
31,2687280,25.0
31,2687340,18.0
31,2687400,44.0
31,2687460,25.0
31,2687520,32.0
31,2687580,22.0
31,2687640,59.0
31,2687700,23.0
31,2687760,25.0
31,2687820,17.0
31,2687880,28.0
31,2687940,39.0
31,2688000,41.0
31,2688060,33.0
31,2688120,38.0
31,2688180,30.0
31,2688240,32.0
31,2688300,34.0
31,2688360,39.0
31,2688420,33.0
31,2688480,19.0
31,2688540,32.0
31,2688600,28.0
31,2688660,17.0
31,2688720,22.0
31,2688780,24.0
31,2688840,39.0
31,2688900,32.0
31,2688960,22.0
31,2689020,24.0
31,2689080,13.0
31,2689140,25.0
31,2689200,20.0
31,2689260,25.0
31,2689320,48.0
31,2689380,28.0
31,2689440,23.0
31,2689500,26.0
31,2689560,26.0
31,2689620,18.0
31,2689680,20.0
31,2689740,25.0
31,2689800,23.0
31,2689860,19.0
31,2689920,12.0
31,2689980,20.0
31,2690040,21.0
31,2690100,20.0
31,2690160,18.0
31,2690220,32.0
31,2690280,26.0
31,2690340,35.0
31,2690400,30.0
31,2690460,26.0
31,2690520,19.0
31,2690580,14.0
31,2690640,18.0
31,2690700,14.0
31,2690760,20.0
31,2690820,21.0
31,2690880,10.0
31,2690940,21.0
31,2691000,33.0
31,2691060,23.0
31,2691120,37.0
31,2691180,23.0
31,2691240,18.0
31,2691300,19.0
31,2691360,34.0
31,2691420,10.0
31,2691480,18.0
31,2691540,19.0
31,2691600,14.0
31,2691660,24.0
31,2691720,40.0
31,2691780,37.0
31,2691840,17.0
31,2691900,22.0
31,2691960,28.0
31,2692020,26.0
31,2692080,20.0
31,2692140,25.0
31,2692200,26.0
31,2692260,12.0
31,2692320,17.0
31,2692380,22.0
31,2692440,20.0
31,2692500,20.0
31,2692560,22.0
31,2692620,6.0
31,2692680,17.0
31,2692740,24.0
31,2692800,6.0
31,2692860,12.0
31,2692920,25.0
31,2692980,22.0
31,2693040,14.0
31,2693100,8.0
31,2693160,20.0
31,2693220,17.0
31,2693280,24.0
31,2693340,27.0
31,2693400,6.0
31,2693460,23.0
31,2693520,8.0
31,2693580,28.0
31,2693640,15.0
31,2693700,14.0
31,2693760,10.0
31,2693820,23.0
31,2693880,16.0
31,2693940,20.0
31,2694000,19.0
31,2694060,37.0
31,2694120,37.0
31,2694180,48.0
31,2694240,55.0
31,2694300,49.0
31,2694360,29.0
31,2694420,4.0
31,2694480,3.0
31,2694540,3.0
31,2694600,6.0
31,2694660,10.0
31,2694720,18.0
31,2694780,5.0
31,2694840,10.0
31,2694900,4.0
31,2694960,6.0
31,2695020,6.0
31,2695080,8.0
31,2695140,8.0
31,2695200,41.0
31,2695260,12.0
31,2695320,16.0
31,2695380,17.0
31,2695440,14.0
31,2695500,24.0
31,2695560,15.0
31,2695620,7.0
31,2695680,18.0
31,2695740,23.0
31,2695800,32.0
31,2695860,43.0
31,2695920,45.0
31,2695980,46.0
31,2696040,41.0
31,2696100,46.0
31,2696160,50.0
31,2696220,36.0
31,2696280,41.0
31,2696340,45.0
31,2696400,45.0
31,2696460,43.0
31,2696520,29.0
31,2696580,38.0
31,2696640,58.0
31,2696700,48.0
31,2696760,41.0
31,2696820,28.0
31,2696880,17.0
31,2696940,37.0
31,2697000,46.0
31,2697060,49.0
31,2697120,61.0
31,2697180,54.0
31,2697240,48.0
31,2697300,42.0
31,2697360,12.0
31,2697420,7.0
31,2697480,8.0
31,2697540,10.0
31,2697600,7.0
31,2697660,5.0
31,2697720,3.0
31,2697780,4.0
31,2697840,7.0
31,2697900,4.0
31,2697960,13.0
31,2698020,3.0
31,2698080,8.0
31,2698140,6.0
31,2698200,4.0
31,2698260,5.0
31,2698320,8.0
31,2698380,4.0
31,2698440,6.0
31,2698500,24.0
31,2698560,14.0
31,2698620,10.0
31,2698680,7.0
31,2698740,14.0
31,2698800,6.0
31,2698860,10.0
31,2698920,9.0
31,2698980,10.0
31,2699040,14.0
31,2699100,16.0
31,2699160,21.0
31,2699220,20.0
31,2699280,7.0
31,2699340,21.0
31,2699400,18.0
31,2699460,7.0
31,2699520,7.0
31,2699580,9.0
31,2699640,13.0
31,2699700,10.0
31,2699760,17.0
31,2699820,18.0
31,2699880,13.0
31,2699940,12.0
31,2700000,14.0
31,2700060,8.0
31,2700120,12.0
31,2700180,10.0
31,2700240,14.0
31,2700300,6.0
31,2700360,12.0
31,2700420,7.0
31,2700480,14.0
31,2700540,12.0
31,2700600,7.0
31,2700660,13.0
31,2700720,13.0
31,2700780,7.0
31,2700840,7.0
31,2700900,7.0
31,2700960,19.0
31,2701020,8.0
31,2701080,18.0
31,2701140,23.0
31,2701200,16.0
31,2701260,17.0
31,2701320,12.0
31,2701380,12.0
31,2701440,14.0
31,2701500,15.0
31,2701560,18.0
31,2701620,18.0
31,2701680,23.0
31,2701740,14.0
31,2701800,3.0
31,2701860,35.0
31,2701920,12.0
31,2701980,7.0
31,2702040,13.0
31,2702100,14.0
31,2702160,13.0
31,2702220,7.0
31,2702280,17.0
31,2702340,24.0
31,2702400,22.0
31,2702460,16.0
31,2702520,8.0
31,2702580,13.0
31,2702640,16.0
31,2702700,26.0
31,2702760,38.0
31,2702820,25.0
31,2702880,7.0
31,2702940,21.0
31,2703000,33.0
31,2703060,63.0
31,2703120,48.0
31,2703180,42.0
31,2703240,62.0
31,2703300,50.0
31,2703360,54.0
31,2703420,46.0
31,2703480,47.0
31,2703540,54.0
31,2703600,61.0
31,2703660,45.0
31,2703720,56.0
31,2703780,68.0
31,2703840,64.0
31,2703900,67.0
31,2703960,67.0
31,2704020,79.0
31,2704080,67.0
31,2704140,64.0
31,2704200,63.0
31,2704260,49.0
31,2704320,49.0
31,2704380,61.0
31,2704440,42.0
31,2704500,25.0
31,2704560,26.0
31,2704620,20.0
31,2704680,16.0
31,2704740,24.0
31,2704800,17.0
31,2704860,22.0
31,2704920,22.0
31,2704980,43.0
31,2705040,34.0
31,2705100,21.0
31,2705160,20.0
31,2705220,33.0
31,2705280,25.0
31,2705340,16.0
31,2705400,20.0
31,2705460,27.0
31,2705520,24.0
31,2705580,26.0
31,2705640,41.0
31,2705700,27.0
31,2705760,42.0
31,2705820,33.0
31,2705880,35.0
31,2705940,24.0
31,2706000,28.0
31,2706060,44.0
31,2706120,25.0
31,2706180,28.0
31,2706240,16.0
31,2706300,39.0
31,2706360,41.0
31,2706420,32.0
31,2706480,30.0
31,2706540,40.0
31,2706600,47.0
31,2706660,34.0
31,2706720,27.0
31,2706780,51.0
31,2706840,50.0
31,2706900,47.0
31,2706960,52.0
31,2707020,54.0
31,2707080,37.0
31,2707140,50.0
31,2707200,27.0
31,2707260,40.0
31,2707320,34.0
31,2707380,48.0
31,2707440,62.0
31,2707500,66.0
31,2707560,78.0
31,2707620,67.0
31,2707680,74.0
31,2707740,59.0
31,2707800,63.0
31,2707860,102.0
31,2707920,82.0
31,2707980,92.0
31,2708040,106.0
31,2708100,77.0
31,2708160,108.0
31,2708220,119.0
31,2708280,112.0
31,2708340,97.0
31,2708400,97.0
31,2708460,91.0
31,2708520,78.0
31,2708580,86.0
31,2708640,104.0
31,2708700,64.0
31,2708760,65.0
31,2708820,78.0
31,2708880,60.0
31,2708940,57.0
31,2709000,90.0
31,2709060,72.0
31,2709120,72.0
31,2709180,62.0
31,2709240,63.0
31,2709300,76.0
31,2709360,59.0
31,2709420,77.0
31,2709480,77.0
31,2709540,75.0
31,2709600,84.0
31,2709660,120.0
31,2709720,92.0
31,2709780,93.0
31,2709840,82.0
31,2709900,86.0
31,2709960,86.0
31,2710020,103.0
31,2710080,91.0
31,2710140,105.0
31,2710200,128.0
31,2710260,139.0
31,2710320,93.0
31,2710380,104.0
31,2710440,98.0
31,2710500,128.0
31,2710560,116.0
31,2710620,130.0
31,2710680,108.0
31,2710740,103.0
31,2710800,145.0
31,2710860,152.0
31,2710920,155.0
31,2710980,134.0
31,2711040,129.0
31,2711100,160.0
31,2711160,193.0
31,2711220,109.0
31,2711280,104.0
31,2711340,161.0
31,2711400,149.0
31,2711460,159.0
31,2711520,186.0
31,2711580,167.0
31,2711640,113.0
31,2711700,104.0
31,2711760,83.0
31,2711820,84.0
31,2711880,106.0
31,2711940,119.0
31,2712000,131.0
31,2712060,106.0
31,2712120,105.0
31,2712180,94.0
31,2712240,118.0
31,2712300,96.0
31,2712360,116.0
31,2712420,114.0
31,2712480,141.0
31,2712540,159.0
31,2712600,150.0
31,2712660,143.0
31,2712720,139.0
31,2712780,147.0
31,2712840,166.0
31,2712900,141.0
31,2712960,174.0
31,2713020,146.0
31,2713080,160.0
31,2713140,176.0
31,2713200,146.0
31,2713260,133.0
31,2713320,136.0
31,2713380,151.0
31,2713440,168.0
31,2713500,123.0
31,2713560,153.0
31,2713620,154.0
31,2713680,165.0
31,2713740,133.0
31,2713800,128.0
31,2713860,151.0
31,2713920,138.0
31,2713980,133.0
31,2714040,160.0
31,2714100,134.0
31,2714160,153.0
31,2714220,128.0
31,2714280,134.0
31,2714340,146.0
31,2714400,167.0
31,2714460,164.0
31,2714520,197.0
31,2714580,201.0
31,2714640,194.0
31,2714700,189.0
31,2714760,234.0
31,2714820,255.0
31,2714880,214.0
31,2714940,257.0
31,2715000,220.0
31,2715060,251.0
31,2715120,209.0
31,2715180,170.0
31,2715240,142.0
31,2715300,134.0
31,2715360,172.0
31,2715420,177.0
31,2715480,162.0
31,2715540,144.0
31,2715600,129.0
31,2715660,184.0
31,2715720,169.0
31,2715780,101.0
31,2715840,148.0
31,2715900,147.0
31,2715960,160.0
31,2716020,181.0
31,2716080,161.0
31,2716140,161.0
31,2716200,182.0
31,2716260,150.0
31,2716320,155.0
31,2716380,124.0
31,2716440,177.0
31,2716500,153.0
31,2716560,106.0
31,2716620,130.0
31,2716680,130.0
31,2716740,153.0
31,2716800,141.0
31,2716860,153.0
31,2716920,177.0
31,2716980,142.0
31,2717040,135.0
31,2717100,130.0
31,2717160,132.0
31,2717220,136.0
31,2717280,146.0
31,2717340,168.0
31,2717400,129.0
31,2717460,156.0
31,2717520,149.0
31,2717580,170.0
31,2717640,145.0
31,2717700,146.0
31,2717760,141.0
31,2717820,198.0
31,2717880,138.0
31,2717940,162.0
31,2718000,201.0
31,2718060,195.0
31,2718120,217.0
31,2718180,228.0
31,2718240,184.0
31,2718300,171.0
31,2718360,173.0
31,2718420,197.0
31,2718480,190.0
31,2718540,194.0
31,2718600,158.0
31,2718660,181.0
31,2718720,123.0
31,2718780,150.0
31,2718900,182.0
31,2718960,176.0
31,2719020,172.0
31,2719080,177.0
31,2719140,155.0
31,2719200,178.0
31,2719260,185.0
31,2719320,146.0
31,2719380,145.0
31,2719440,141.0
31,2719500,164.0
31,2719560,114.0
31,2719620,190.0
31,2719680,215.0
31,2719740,133.0
31,2719800,114.0
31,2719920,176.0
31,2719980,215.0
31,2720040,192.0
31,2720100,217.0
31,2720160,170.0
31,2720220,188.0
31,2720280,166.0
31,2720340,144.0
31,2720400,160.0
31,2720460,160.0
31,2720520,205.0
31,2720580,171.0
31,2720640,155.0
31,2720700,171.0
31,2720760,156.0
31,2720820,160.0
31,2720880,201.0
31,2720940,193.0
31,2721000,178.0
31,2721060,150.0
31,2721180,165.0
31,2721240,223.0
31,2721300,217.0
31,2721360,148.0
31,2721420,141.0
31,2721480,151.0
31,2721540,149.0
31,2721600,148.0
31,2721660,201.0
31,2721720,167.0
31,2721780,183.0
31,2721840,194.0
31,2721900,193.0
31,2721960,214.0
31,2722020,193.0
31,2722080,237.0
31,2722140,208.0
31,2722200,269.0
31,2722260,218.0
31,2722320,191.0
31,2722380,205.0
31,2722440,227.0
31,2722500,204.0
31,2722560,183.0
31,2722620,197.0
31,2722680,169.0
31,2722740,188.0
31,2722800,189.0
31,2722860,149.0
31,2722920,150.0
31,2722980,127.0
31,2723040,162.0
31,2723100,119.0
31,2723160,159.0
31,2723220,170.0
31,2723280,196.0
31,2723340,167.0
31,2723400,130.0
31,2723460,152.0
31,2723520,165.0
31,2723580,187.0
31,2723640,198.0
31,2723700,164.0
31,2723760,174.0
31,2723820,173.0
31,2723880,191.0
31,2723940,239.0
31,2724000,200.0
31,2724060,172.0
31,2724120,127.0
31,2724180,164.0
31,2724240,141.0
31,2724300,138.0
31,2724360,159.0
31,2724420,148.0
31,2724480,113.0
31,2724540,171.0
31,2724600,159.0
31,2724660,142.0
31,2724720,167.0
31,2724780,175.0
31,2724840,150.0
31,2724900,127.0
31,2724960,131.0
31,2725020,140.0
31,2725080,149.0
31,2725140,136.0
31,2725200,131.0
31,2725260,166.0
31,2725320,232.0
31,2725380,167.0
31,2725440,170.0
31,2725500,162.0
31,2725560,194.0
31,2725620,229.0
31,2725680,214.0
31,2725740,220.0
31,2725800,193.0
31,2725860,217.0
31,2725920,158.0
31,2725980,131.0
31,2726040,150.0
31,2726100,103.0
31,2726160,148.0
31,2726220,154.0
31,2726280,86.0
31,2726340,136.0
31,2726400,160.0
31,2726460,149.0
31,2726520,124.0
31,2726580,119.0
31,2726640,141.0
31,2726700,135.0
31,2726760,163.0
31,2726820,167.0
31,2726880,158.0
31,2726940,131.0
31,2727000,107.0
31,2727060,129.0
31,2727120,176.0
31,2727180,160.0
31,2727240,114.0
31,2727300,99.0
31,2727360,159.0
31,2727420,154.0
31,2727480,176.0
31,2727540,152.0
31,2727600,161.0
31,2727660,139.0
31,2727720,128.0
31,2727780,148.0
31,2727840,135.0
31,2727900,111.0
31,2727960,127.0
31,2728020,123.0
31,2728080,151.0
31,2728140,200.0
31,2728200,152.0
31,2728260,146.0
31,2728320,123.0
31,2728380,132.0
31,2728440,158.0
31,2728500,177.0
31,2728560,160.0
31,2728620,131.0
31,2728680,151.0
31,2728740,175.0
31,2728800,116.0
31,2728860,139.0
31,2728920,154.0
31,2728980,194.0
31,2729040,163.0
31,2729100,186.0
31,2729160,191.0
31,2729220,174.0
31,2729280,193.0
31,2729340,167.0
31,2729400,187.0
31,2729460,170.0
31,2729520,219.0
31,2729580,194.0
31,2729640,163.0
31,2729700,139.0
31,2729760,209.0
31,2729820,168.0
31,2729880,220.0
31,2729940,132.0
31,2730000,133.0
31,2730060,141.0
31,2730120,130.0
31,2730180,101.0
31,2730240,125.0
31,2730300,145.0
31,2730360,155.0
31,2730420,149.0
31,2730480,187.0
31,2730540,129.0
31,2730600,125.0
31,2730660,135.0
31,2730720,166.0
31,2730780,149.0
31,2730840,136.0
31,2730900,152.0
31,2730960,153.0
31,2731020,138.0
31,2731080,167.0
31,2731140,123.0
31,2731200,121.0
31,2731260,133.0
31,2731320,101.0
31,2731380,120.0
31,2731440,116.0
31,2731500,114.0
31,2731560,130.0
31,2731620,136.0
31,2731680,135.0
31,2731740,172.0
31,2731800,117.0
31,2731860,127.0
31,2731920,182.0
31,2731980,139.0
31,2732040,180.0
31,2732100,151.0
31,2732160,135.0
31,2732220,130.0
31,2732280,161.0
31,2732340,158.0
31,2732400,171.0
31,2732460,149.0
31,2732520,180.0
31,2732580,204.0
31,2732640,187.0
31,2732700,170.0
31,2732760,227.0
31,2732820,215.0
31,2732880,251.0
31,2732940,187.0
31,2733000,208.0
31,2733060,192.0
31,2733120,147.0
31,2733180,171.0
31,2733240,198.0
31,2733300,170.0
31,2733360,159.0
31,2733420,177.0
31,2733480,136.0
31,2733540,177.0
31,2733600,182.0
31,2733660,130.0
31,2733720,142.0
31,2733900,146.0
31,2733960,128.0
31,2734020,120.0
31,2734080,217.0
31,2734140,200.0
31,2734200,161.0
31,2734260,212.0
31,2734320,171.0
31,2734380,180.0
31,2734440,145.0
31,2734500,191.0
31,2734560,260.0
31,2734620,215.0
31,2734680,178.0
31,2734740,181.0
31,2734800,190.0
31,2734860,135.0
31,2734920,185.0
31,2734980,212.0
31,2735040,160.0
31,2735100,161.0
31,2735160,141.0
31,2735220,147.0
31,2735280,129.0
31,2735340,138.0
31,2735400,132.0
31,2735460,155.0
31,2735520,132.0
31,2735580,130.0
31,2735640,174.0
31,2735700,177.0
31,2735760,186.0
31,2735820,139.0
31,2735880,154.0
31,2735940,144.0
31,2736000,155.0
31,2736060,175.0
31,2736120,184.0
31,2736180,172.0
31,2736240,189.0
31,2736300,207.0
31,2736360,169.0
31,2736420,125.0
31,2736480,140.0
31,2736540,163.0
31,2736600,172.0
31,2736660,215.0
31,2736720,169.0
31,2736780,149.0
31,2736840,159.0
31,2736900,160.0
31,2736960,128.0
31,2737020,143.0
31,2737080,154.0
31,2737140,215.0
31,2737200,135.0
31,2737260,177.0
31,2737320,180.0
31,2737380,136.0
31,2737440,187.0
31,2737500,149.0
31,2737560,174.0
31,2737620,148.0
31,2737680,132.0
31,2737740,142.0
31,2737800,132.0
31,2737860,169.0
31,2737920,165.0
31,2737980,160.0
31,2738040,154.0
31,2738100,181.0
31,2738160,203.0
31,2738220,193.0
31,2738280,194.0
31,2738340,140.0
31,2738400,171.0
31,2738460,190.0
31,2738520,189.0
31,2738580,188.0
31,2738640,155.0
31,2738700,147.0
31,2738760,162.0
31,2738820,141.0
31,2738880,182.0
31,2738940,182.0
31,2739000,133.0
31,2739060,200.0
31,2739120,177.0
31,2739180,131.0
31,2739240,155.0
31,2739300,178.0
31,2739360,142.0
31,2739420,159.0
31,2739480,200.0
31,2739540,173.0
31,2739600,146.0
31,2739660,192.0
31,2739720,165.0
31,2739780,139.0
31,2739840,192.0
31,2739900,170.0
31,2739960,206.0
31,2740020,146.0
31,2740080,168.0
31,2740140,154.0
31,2740200,138.0
31,2740260,174.0
31,2740320,170.0
31,2740380,259.0
31,2740440,222.0
31,2740500,197.0
31,2740560,275.0
31,2740620,217.0
31,2740680,171.0
31,2740740,208.0
31,2740800,209.0
31,2740860,218.0
31,2740920,183.0
31,2740980,153.0
31,2741040,154.0
31,2741100,163.0
31,2741160,163.0
31,2741220,134.0
31,2741280,145.0
31,2741340,132.0
31,2741400,164.0
31,2741460,202.0
31,2741520,200.0
31,2741580,173.0
31,2741640,172.0
31,2741700,185.0
31,2741760,148.0
31,2741820,174.0
31,2741880,143.0
31,2741940,118.0
31,2742000,142.0
31,2742060,142.0
31,2742120,164.0
31,2742180,138.0
31,2742240,133.0
31,2742300,133.0
31,2742360,146.0
31,2742420,129.0
31,2742480,130.0
31,2742540,132.0
31,2742600,190.0
31,2742660,158.0
31,2742720,167.0
31,2742780,182.0
31,2742840,170.0
31,2742900,162.0
31,2742960,197.0
31,2743020,156.0
31,2743080,189.0
31,2743140,189.0
31,2743200,202.0
31,2743260,166.0
31,2743320,184.0
31,2743380,158.0
31,2743440,190.0
31,2743500,203.0
31,2743560,239.0
31,2743620,216.0
31,2743680,220.0
31,2743740,207.0
31,2743800,197.0
31,2743860,195.0
31,2743920,226.0
31,2743980,184.0
31,2744040,144.0
31,2744100,124.0
31,2744160,183.0
31,2744220,204.0
31,2744280,161.0
31,2744340,133.0
31,2744400,167.0
31,2744460,146.0
31,2744520,155.0
31,2744580,166.0
31,2744640,135.0
31,2744700,162.0
31,2744760,175.0
31,2744820,152.0
31,2744880,181.0
31,2745060,141.0
31,2745120,164.0
31,2745180,144.0
31,2745240,167.0
31,2745300,172.0
31,2745360,163.0
31,2745420,185.0
31,2745480,174.0
31,2745540,174.0
31,2745600,189.0
31,2745660,176.0
31,2745720,136.0
31,2745780,142.0
31,2745840,149.0
31,2745900,135.0
31,2745960,131.0
31,2746020,152.0
31,2746080,149.0
31,2746140,161.0
31,2746200,132.0
31,2746260,132.0
31,2746320,170.0
31,2746380,151.0
31,2746440,171.0
31,2746500,158.0
31,2746560,173.0
31,2746620,146.0
31,2746680,127.0
31,2746740,136.0
31,2746800,189.0
31,2746860,202.0
31,2746920,185.0
31,2746980,196.0
31,2747040,200.0
31,2747100,188.0
31,2747160,192.0
31,2747220,208.0
31,2747280,196.0
31,2747340,173.0
31,2747400,155.0
31,2747460,132.0
31,2747520,102.0
31,2747580,133.0
31,2747640,136.0
31,2747700,207.0
31,2747760,106.0
31,2747820,129.0
31,2747880,170.0
31,2747940,158.0
31,2748000,143.0
31,2748060,125.0
31,2748120,102.0
31,2748180,147.0
31,2748240,129.0
31,2748300,159.0
31,2748360,183.0
31,2748420,96.0
31,2748480,142.0
31,2748540,131.0
31,2748600,131.0
31,2748660,134.0
31,2748720,159.0
31,2748780,129.0
31,2748840,153.0
31,2748900,164.0
31,2748960,145.0
31,2749020,184.0
31,2749080,147.0
31,2749140,153.0
31,2749200,155.0
31,2749260,132.0
31,2749320,169.0
31,2749380,173.0
31,2749440,138.0
31,2749500,178.0
31,2749560,177.0
31,2749620,244.0
31,2749680,162.0
31,2749740,188.0
31,2749800,160.0
31,2749860,141.0
31,2749920,212.0
31,2749980,212.0
31,2750040,166.0
31,2750100,150.0
31,2750160,229.0
31,2750220,217.0
31,2750280,142.0
31,2750340,191.0
31,2750400,208.0
31,2750460,209.0
31,2750520,226.0
31,2750580,202.0
31,2750640,209.0
31,2750700,239.0
31,2750760,210.0
31,2750820,176.0
31,2750880,238.0
31,2750940,224.0
31,2751000,232.0
31,2751060,249.0
31,2751120,188.0
31,2751180,184.0
31,2751240,204.0
31,2751300,177.0
31,2751360,190.0
31,2751420,198.0
31,2751480,191.0
31,2751540,183.0
31,2751600,172.0
31,2751660,167.0
31,2751720,245.0
31,2751780,209.0
31,2751840,175.0
31,2751900,182.0
31,2751960,205.0
31,2752020,164.0
31,2752080,182.0
31,2752140,189.0
31,2752200,178.0
31,2752260,216.0
31,2752320,205.0
31,2752380,169.0
31,2752440,262.0
31,2752500,166.0
31,2752560,174.0
31,2752620,177.0
31,2752680,181.0
31,2752740,198.0
31,2752800,232.0
31,2752860,202.0
31,2752920,216.0
31,2752980,242.0
31,2753040,195.0
31,2753100,174.0
31,2753160,181.0
31,2753220,180.0
31,2753280,226.0
31,2753340,211.0
31,2753400,147.0
31,2753460,205.0
31,2753520,217.0
31,2753580,250.0
31,2753640,244.0
31,2753700,197.0
31,2753760,224.0
31,2753820,170.0
31,2753880,171.0
31,2753940,170.0
31,2754000,210.0
31,2754060,244.0
31,2754120,220.0
31,2754180,208.0
31,2754240,208.0
31,2754300,200.0
31,2754360,218.0
31,2754420,232.0
31,2754480,229.0
31,2754540,280.0
31,2754600,209.0
31,2754660,188.0
31,2754720,184.0
31,2754780,178.0
31,2754840,147.0
31,2754900,175.0
31,2754960,154.0
31,2755020,177.0
31,2755080,168.0
31,2755140,151.0
31,2755200,145.0
31,2755260,132.0
31,2755320,147.0
31,2755380,177.0
31,2755440,196.0
31,2755500,193.0
31,2755560,188.0
31,2755620,184.0
31,2755680,205.0
31,2755740,196.0
31,2755800,184.0
31,2755860,175.0
31,2755920,207.0
31,2755980,159.0
31,2756040,226.0
31,2756100,198.0
31,2756160,212.0
31,2756220,164.0
31,2756280,177.0
31,2756340,142.0
31,2756400,150.0
31,2756460,174.0
31,2756520,220.0
31,2756580,177.0
31,2756640,180.0
31,2756700,184.0
31,2756760,177.0
31,2756820,197.0
31,2756880,178.0
31,2756940,167.0
31,2757000,191.0
31,2757060,152.0
31,2757120,177.0
31,2757180,168.0
31,2757240,193.0
31,2757300,258.0
31,2757360,175.0
31,2757420,130.0
31,2757480,153.0
31,2757540,138.0
31,2757600,201.0
31,2757660,226.0
31,2757720,210.0
31,2757780,131.0
31,2757840,176.0
31,2757900,188.0
31,2757960,239.0
31,2758020,239.0
31,2758080,218.0
31,2758140,190.0
31,2758200,183.0
31,2758260,204.0
31,2758320,201.0
31,2758380,254.0
31,2758440,198.0
31,2758500,174.0
31,2758560,170.0
31,2758620,169.0
31,2758680,127.0
31,2758740,144.0
31,2758800,185.0
31,2758860,197.0
31,2758920,198.0
31,2758980,163.0
31,2759040,158.0
31,2759100,155.0
31,2759160,139.0
31,2759220,189.0
31,2759280,143.0
31,2759340,160.0
31,2759400,167.0
31,2759460,125.0
31,2759520,170.0
31,2759580,154.0
31,2759640,171.0
31,2759700,135.0
31,2759760,141.0
31,2759820,183.0
31,2759880,166.0
31,2759940,132.0
31,2760000,181.0
31,2760060,184.0
31,2760120,191.0
31,2760180,150.0
31,2760240,190.0
31,2760300,163.0
31,2760360,211.0
31,2760420,239.0
31,2760480,164.0
31,2760540,196.0
31,2760600,151.0
31,2760660,159.0
31,2760720,181.0
31,2760780,172.0
31,2760840,208.0
31,2760900,160.0
31,2760960,178.0
31,2761020,149.0
31,2761080,205.0
31,2761140,155.0
31,2761200,122.0
31,2761260,149.0
31,2761320,147.0
31,2761380,190.0
31,2761440,300.0
31,2761500,209.0
31,2761560,174.0
31,2761620,200.0
31,2761680,189.0
31,2761740,177.0
31,2761800,171.0
31,2761860,198.0
31,2761920,174.0
31,2761980,171.0
31,2762040,160.0
31,2762100,154.0
31,2762160,154.0
31,2762220,166.0
31,2762280,136.0
31,2762340,117.0
31,2762400,145.0
31,2762460,103.0
31,2762520,142.0
31,2762580,142.0
31,2762640,120.0
31,2762700,101.0
31,2762760,83.0
31,2762820,100.0
31,2762880,124.0
31,2762940,114.0
31,2763000,112.0
31,2763060,123.0
31,2763120,114.0
31,2763180,133.0
31,2763240,93.0
31,2763300,74.0
31,2763360,121.0
31,2763420,112.0
31,2763480,109.0
31,2763540,119.0
31,2763600,101.0
31,2763660,116.0
31,2763720,112.0
31,2763780,119.0
31,2763840,102.0
31,2763900,116.0
31,2763960,129.0
31,2764020,116.0
31,2764080,100.0
31,2764140,129.0
31,2764200,114.0
31,2764260,130.0
31,2764320,108.0
31,2764380,125.0
31,2764440,117.0
31,2764500,92.0
31,2764560,109.0
31,2764620,91.0
31,2764680,71.0
31,2764740,99.0
32,2764800,145.0
32,2764860,172.0
32,2764920,145.0
32,2764980,155.0
32,2765040,166.0
32,2765100,167.0
32,2765160,138.0
32,2765220,156.0
32,2765280,149.0
32,2765340,159.0
32,2765400,107.0
32,2765460,88.0
32,2765520,117.0
32,2765580,96.0
32,2765640,105.0
32,2765700,108.0
32,2765760,126.0
32,2765820,153.0
32,2765880,130.0
32,2765940,132.0
32,2766000,103.0
32,2766060,133.0
32,2766120,96.0
32,2766180,106.0
32,2766240,98.0
32,2766300,136.0
32,2766360,100.0
32,2766420,116.0
32,2766480,135.0
32,2766540,104.0
32,2766600,88.0
32,2766660,124.0
32,2766720,125.0
32,2766780,107.0
32,2766840,91.0
32,2766900,66.0
32,2766960,102.0
32,2767020,72.0
32,2767080,66.0
32,2767140,76.0
32,2767200,65.0
32,2767260,84.0
32,2767320,85.0
32,2767380,121.0
32,2767440,96.0
32,2767500,60.0
32,2767560,81.0
32,2767620,92.0
32,2767680,59.0
32,2767740,89.0
32,2767800,78.0
32,2767860,81.0
32,2767920,64.0
32,2767980,71.0
32,2768040,71.0
32,2768100,65.0
32,2768160,83.0
32,2768220,102.0
32,2768280,84.0
32,2768340,82.0
32,2768400,68.0
32,2768460,74.0
32,2768520,76.0
32,2768580,103.0
32,2768640,64.0
32,2768700,65.0
32,2768760,76.0
32,2768820,82.0
32,2768880,59.0
32,2768940,83.0
32,2769000,90.0
32,2769060,96.0
32,2769120,63.0
32,2769180,68.0
32,2769240,57.0
32,2769300,67.0
32,2769360,48.0
32,2769420,71.0
32,2769480,60.0
32,2769540,55.0
32,2769600,83.0
32,2769660,69.0
32,2769720,79.0
32,2769780,69.0
32,2769840,57.0
32,2769900,57.0
32,2769960,65.0
32,2770020,72.0
32,2770080,64.0
32,2770140,70.0
32,2770200,65.0
32,2770260,33.0
32,2770320,57.0
32,2770380,63.0
32,2770440,68.0
32,2770500,68.0
32,2770560,75.0
32,2770620,89.0
32,2770680,79.0
32,2770740,57.0
32,2770800,58.0
32,2770860,46.0
32,2770920,21.0
32,2770980,49.0
32,2771040,46.0
32,2771100,35.0
32,2771160,36.0
32,2771220,39.0
32,2771280,58.0
32,2771340,41.0
32,2771400,35.0
32,2771460,43.0
32,2771520,28.0
32,2771580,50.0
32,2771640,49.0
32,2771700,46.0
32,2771760,45.0
32,2771820,56.0
32,2771880,57.0
32,2771940,36.0
32,2772000,84.0
32,2772060,43.0
32,2772120,97.0
32,2772180,52.0
32,2772240,64.0
32,2772300,44.0
32,2772360,42.0
32,2772420,47.0
32,2772480,47.0
32,2772540,33.0
32,2772600,39.0
32,2772660,45.0
32,2772720,27.0
32,2772780,47.0
32,2772840,42.0
32,2772900,45.0
32,2772960,46.0
32,2773020,36.0
32,2773080,36.0
32,2773140,35.0
32,2773200,27.0
32,2773260,36.0
32,2773320,41.0
32,2773380,36.0
32,2773440,36.0
32,2773500,33.0
32,2773560,30.0
32,2773620,25.0
32,2773680,33.0
32,2773740,22.0
32,2773800,30.0
32,2773860,46.0
32,2773920,46.0
32,2773980,23.0
32,2774040,36.0
32,2774100,22.0
32,2774160,23.0
32,2774220,26.0
32,2774280,28.0
32,2774340,35.0
32,2774400,17.0
32,2774460,42.0
32,2774520,30.0
32,2774580,21.0
32,2774640,36.0
32,2774700,23.0
32,2774760,32.0
32,2774820,35.0
32,2774880,32.0
32,2774940,37.0
32,2775000,25.0
32,2775060,35.0
32,2775120,39.0
32,2775180,45.0
32,2775240,29.0
32,2775300,30.0
32,2775360,28.0
32,2775420,26.0
32,2775480,24.0
32,2775540,27.0
32,2775600,23.0
32,2775660,18.0
32,2775720,51.0
32,2775780,27.0
32,2775840,22.0
32,2775900,30.0
32,2775960,36.0
32,2776020,22.0
32,2776080,19.0
32,2776140,14.0
32,2776200,24.0
32,2776260,25.0
32,2776320,27.0
32,2776380,28.0
32,2776440,28.0
32,2776500,25.0
32,2776560,25.0
32,2776620,15.0
32,2776680,20.0
32,2776740,27.0
32,2776800,22.0
32,2776860,20.0
32,2776920,18.0
32,2776980,23.0
32,2777040,14.0
32,2777100,7.0
32,2777160,20.0
32,2777220,21.0
32,2777280,25.0
32,2777340,20.0
32,2777400,15.0
32,2777460,19.0
32,2777520,17.0
32,2777580,18.0
32,2777640,24.0
32,2777700,23.0
32,2777760,25.0
32,2777820,35.0
32,2777880,34.0
32,2777940,38.0
32,2778000,40.0
32,2778060,9.0
32,2778120,13.0
32,2778180,8.0
32,2778240,29.0
32,2778300,21.0
32,2778360,36.0
32,2778420,22.0
32,2778480,19.0
32,2778540,19.0
32,2778600,48.0
32,2778660,27.0
32,2778720,29.0
32,2778780,20.0
32,2778840,19.0
32,2778900,22.0
32,2778960,8.0
32,2779020,13.0
32,2779080,18.0
32,2779140,5.0
32,2779200,18.0
32,2779260,30.0
32,2779320,10.0
32,2779380,8.0
32,2779440,21.0
32,2779500,12.0
32,2779560,18.0
32,2779620,24.0
32,2779680,10.0
32,2779740,9.0
32,2779800,14.0
32,2779860,15.0
32,2779920,8.0
32,2779980,13.0
32,2780040,16.0
32,2780100,13.0
32,2780160,15.0
32,2780220,14.0
32,2780280,6.0
32,2780340,20.0
32,2780400,7.0
32,2780460,17.0
32,2780520,17.0
32,2780580,14.0
32,2780640,9.0
32,2780700,22.0
32,2780760,8.0
32,2780820,19.0
32,2780880,17.0
32,2780940,15.0
32,2781000,22.0
32,2781060,24.0
32,2781120,21.0
32,2781180,24.0
32,2781240,10.0
32,2781300,10.0
32,2781360,18.0
32,2781420,23.0
32,2781480,10.0
32,2781540,9.0
32,2781600,19.0
32,2781660,17.0
32,2781720,14.0
32,2781780,19.0
32,2781840,25.0
32,2781900,24.0
32,2781960,36.0
32,2782020,32.0
32,2782080,33.0
32,2782140,14.0
32,2782200,10.0
32,2782260,8.0
32,2782320,10.0
32,2782380,3.0
32,2782440,12.0
32,2782500,21.0
32,2782560,18.0
32,2782620,10.0
32,2782680,14.0
32,2782740,9.0
32,2782800,4.0
32,2782860,7.0
32,2782920,12.0
32,2782980,4.0
32,2783040,13.0
32,2783100,9.0
32,2783160,9.0
32,2783220,6.0
32,2783280,7.0
32,2783340,9.0
32,2783400,9.0
32,2783460,18.0
32,2783520,9.0
32,2783580,7.0
32,2783640,14.0
32,2783700,7.0
32,2783760,9.0
32,2783820,5.0
32,2783880,16.0
32,2783940,15.0
32,2784000,10.0
32,2784060,7.0
32,2784120,9.0
32,2784180,7.0
32,2784240,6.0
32,2784300,4.0
32,2784360,6.0
32,2784420,2.0
32,2784480,6.0
32,2784540,8.0
32,2784600,4.0
32,2784660,3.0
32,2784720,7.0
32,2784780,6.0
32,2784840,12.0
32,2784900,4.0
32,2784960,16.0
32,2785020,8.0
32,2785080,17.0
32,2785140,18.0
32,2785200,12.0
32,2785260,6.0
32,2785320,21.0
32,2785380,6.0
32,2785440,6.0
32,2785500,5.0
32,2785560,12.0
32,2785620,16.0
32,2785680,10.0
32,2785740,14.0
32,2785800,14.0
32,2785860,5.0
32,2785920,6.0
32,2785980,13.0
32,2786040,20.0
32,2786100,16.0
32,2786160,5.0
32,2786220,8.0
32,2786280,6.0
32,2786340,10.0
32,2786400,12.0
32,2786460,13.0
32,2786520,22.0
32,2786580,12.0
32,2786640,14.0
32,2786700,12.0
32,2786760,8.0
32,2786820,10.0
32,2786880,10.0
32,2786940,8.0
32,2787000,10.0
32,2787060,9.0
32,2787120,8.0
32,2787180,15.0
32,2787240,12.0
32,2787300,9.0
32,2787360,9.0
32,2787420,9.0
32,2787480,13.0
32,2787540,18.0
32,2787600,10.0
32,2787660,18.0
32,2787720,8.0
32,2787780,15.0
32,2787840,21.0
32,2787900,14.0
32,2787960,22.0
32,2788020,21.0
32,2788080,15.0
32,2788140,16.0
32,2788200,8.0
32,2788260,8.0
32,2788320,8.0
32,2788380,16.0
32,2788440,14.0
32,2788500,6.0
32,2788560,41.0
32,2788620,59.0
32,2788680,39.0
32,2788740,44.0
32,2788800,44.0
32,2788860,57.0
32,2788920,59.0
32,2788980,19.0
32,2789040,24.0
32,2789100,23.0
32,2789160,38.0
32,2789220,42.0
32,2789280,24.0
32,2789340,33.0
32,2789400,23.0
32,2789460,19.0
32,2789520,59.0
32,2789580,56.0
32,2789640,60.0
32,2789700,61.0
32,2789760,43.0
32,2789820,19.0
32,2789880,15.0
32,2789940,13.0
32,2790000,12.0
32,2790060,25.0
32,2790120,16.0
32,2790180,21.0
32,2790240,27.0
32,2790300,20.0
32,2790360,19.0
32,2790420,17.0
32,2790480,18.0
32,2790540,16.0
32,2790600,27.0
32,2790660,8.0
32,2790720,13.0
32,2790780,14.0
32,2790840,8.0
32,2790900,17.0
32,2790960,15.0
32,2791020,23.0
32,2791080,21.0
32,2791140,24.0
32,2791200,14.0
32,2791260,24.0
32,2791320,26.0
32,2791380,25.0
32,2791440,23.0
32,2791500,27.0
32,2791560,22.0
32,2791620,26.0
32,2791680,18.0
32,2791740,39.0
32,2791800,46.0
32,2791860,25.0
32,2791920,42.0
32,2791980,54.0
32,2792040,62.0
32,2792100,83.0
32,2792160,74.0
32,2792220,50.0
32,2792280,47.0
32,2792340,52.0
32,2792400,51.0
32,2792460,79.0
32,2792520,71.0
32,2792580,68.0
32,2792640,87.0
32,2792700,91.0
32,2792760,127.0
32,2792820,83.0
32,2792880,55.0
32,2792940,51.0
32,2793000,44.0
32,2793060,30.0
32,2793120,35.0
32,2793180,57.0
32,2793240,21.0
32,2793300,42.0
32,2793360,50.0
32,2793420,45.0
32,2793480,55.0
32,2793540,56.0
32,2793600,40.0
32,2793660,35.0
32,2793720,54.0
32,2793780,74.0
32,2793840,57.0
32,2793900,76.0
32,2793960,62.0
32,2794020,84.0
32,2794080,60.0
32,2794140,101.0
32,2794200,54.0
32,2794260,51.0
32,2794320,77.0
32,2794380,85.0
32,2794440,76.0
32,2794500,83.0
32,2794560,99.0
32,2794620,85.0
32,2794680,103.0
32,2794740,133.0
32,2794800,111.0
32,2794860,132.0
32,2794920,105.0
32,2794980,118.0
32,2795040,77.0
32,2795100,79.0
32,2795160,79.0
32,2795220,71.0
32,2795280,83.0
32,2795340,68.0
32,2795400,86.0
32,2795460,80.0
32,2795520,52.0
32,2795580,78.0
32,2795640,117.0
32,2795700,98.0
32,2795760,120.0
32,2795820,75.0
32,2795880,69.0
32,2795940,96.0
32,2796000,106.0
32,2796060,91.0
32,2796120,93.0
32,2796180,66.0
32,2796240,125.0
32,2796300,109.0
32,2796360,99.0
32,2796420,68.0
32,2796480,86.0
32,2796540,130.0
32,2796600,119.0
32,2796660,96.0
32,2796720,102.0
32,2796780,131.0
32,2796840,98.0
32,2796900,87.0
32,2796960,129.0
32,2797020,69.0
32,2797080,97.0
32,2797140,89.0
32,2797200,92.0
32,2797260,131.0
32,2797320,134.0
32,2797380,97.0
32,2797440,100.0
32,2797500,84.0
32,2797560,109.0
32,2797620,119.0
32,2797680,98.0
32,2797740,111.0
32,2797800,118.0
32,2797860,139.0
32,2797920,112.0
32,2797980,99.0
32,2798040,118.0
32,2798100,117.0
32,2798160,134.0
32,2798220,196.0
32,2798280,181.0
32,2798340,177.0
32,2798400,168.0
32,2798460,173.0
32,2798520,163.0
32,2798580,178.0
32,2798640,195.0
32,2798700,144.0
32,2798760,120.0
32,2798820,132.0
32,2798880,124.0
32,2798940,153.0
32,2799000,113.0
32,2799060,111.0
32,2799120,150.0
32,2799180,124.0
32,2799240,116.0
32,2799300,128.0
32,2799360,159.0
32,2799420,117.0
32,2799480,147.0
32,2799540,165.0
32,2799600,152.0
32,2799660,114.0
32,2799720,122.0
32,2799780,109.0
32,2799840,154.0
32,2799900,168.0
32,2799960,124.0
32,2800020,145.0
32,2800080,135.0
32,2800140,154.0
32,2800200,158.0
32,2800260,165.0
32,2800320,132.0
32,2800380,131.0
32,2800440,131.0
32,2800500,161.0
32,2800560,146.0
32,2800620,174.0
32,2800680,176.0
32,2800740,177.0
32,2800800,113.0
32,2800860,161.0
32,2800920,207.0
32,2800980,276.0
32,2801040,251.0
32,2801100,324.0
32,2801160,331.0
32,2801220,281.0
32,2801280,273.0
32,2801340,237.0
32,2801400,259.0
32,2801460,200.0
32,2801520,201.0
32,2801580,224.0
32,2801640,224.0
32,2801700,229.0
32,2801760,198.0
32,2801820,203.0
32,2801880,203.0
32,2801940,208.0
32,2802000,198.0
32,2802060,194.0
32,2802120,259.0
32,2802180,234.0
32,2802240,222.0
32,2802300,250.0
32,2802360,196.0
32,2802420,195.0
32,2802480,209.0
32,2802540,214.0
32,2802600,222.0
32,2802660,176.0
32,2802720,243.0
32,2802780,189.0
32,2802840,187.0
32,2802900,140.0
32,2802960,170.0
32,2803020,195.0
32,2803080,175.0
32,2803140,184.0
32,2803200,174.0
32,2803260,148.0
32,2803320,186.0
32,2803380,166.0
32,2803440,218.0
32,2803500,175.0
32,2803560,150.0
32,2803620,150.0
32,2803680,188.0
32,2803740,206.0
32,2803800,149.0
32,2803860,152.0
32,2803920,173.0
32,2803980,140.0
32,2804040,160.0
32,2804100,177.0
32,2804160,205.0
32,2804220,200.0
32,2804280,165.0
32,2804340,169.0
32,2804400,155.0
32,2804460,136.0
32,2804520,143.0
32,2804580,177.0
32,2804640,198.0
32,2804700,138.0
32,2804760,188.0
32,2804820,175.0
32,2804880,145.0
32,2804940,106.0
32,2805000,144.0
32,2805060,173.0
32,2805120,175.0
32,2805180,196.0
32,2805240,220.0
32,2805300,228.0
32,2805360,269.0
32,2805420,270.0
32,2805480,246.0
32,2805540,271.0
32,2805600,235.0
32,2805660,260.0
32,2805720,224.0
32,2805780,166.0
32,2805840,163.0
32,2805900,182.0
32,2805960,256.0
32,2806020,224.0
32,2806080,192.0
32,2806140,187.0
32,2806200,187.0
32,2806260,217.0
32,2806320,191.0
32,2806380,219.0
32,2806440,181.0
32,2806500,186.0
32,2806560,207.0
32,2806620,226.0
32,2806680,191.0
32,2806740,170.0
32,2806800,209.0
32,2806860,174.0
32,2806920,203.0
32,2806980,185.0
32,2807040,210.0
32,2807100,210.0
32,2807160,187.0
32,2807220,166.0
32,2807280,171.0
32,2807340,159.0
32,2807400,177.0
32,2807460,144.0
32,2807520,130.0
32,2807580,213.0
32,2807640,202.0
32,2807700,223.0
32,2807760,215.0
32,2807820,173.0
32,2807880,229.0
32,2807940,211.0
32,2808000,247.0
32,2808060,200.0
32,2808120,225.0
32,2808180,218.0
32,2808240,226.0
32,2808300,243.0
32,2808360,240.0
32,2808420,268.0
32,2808480,246.0
32,2808540,180.0
32,2808600,205.0
32,2808660,166.0
32,2808720,196.0
32,2808780,210.0
32,2808840,200.0
32,2808900,183.0
32,2808960,219.0
32,2809020,167.0
32,2809080,206.0
32,2809140,180.0
32,2809200,188.0
32,2809260,183.0
32,2809320,155.0
32,2809380,163.0
32,2809440,140.0
32,2809500,168.0
32,2809560,148.0
32,2809620,162.0
32,2809680,168.0
32,2809740,138.0
32,2809860,164.0
32,2809920,163.0
32,2809980,197.0
32,2810040,152.0
32,2810100,198.0
32,2810160,153.0
32,2810220,141.0
32,2810280,159.0
32,2810340,169.0
32,2810400,186.0
32,2810460,165.0
32,2810520,176.0
32,2810580,194.0
32,2810640,245.0
32,2810700,173.0
32,2810760,144.0
32,2810820,140.0
32,2810880,119.0
32,2810940,161.0
32,2811000,136.0
32,2811060,205.0
32,2811120,192.0
32,2811180,178.0
32,2811240,213.0
32,2811300,192.0
32,2811360,207.0
32,2811420,197.0
32,2811480,212.0
32,2811540,222.0
32,2811600,268.0
32,2811660,227.0
32,2811720,276.0
32,2811780,246.0
32,2811840,222.0
32,2811900,242.0
32,2811960,274.0
32,2812020,244.0
32,2812080,242.0
32,2812140,223.0
32,2812200,191.0
32,2812260,209.0
32,2812320,183.0
32,2812380,161.0
32,2812440,180.0
32,2812500,182.0
32,2812560,154.0
32,2812620,170.0
32,2812680,171.0
32,2812740,150.0
32,2812800,148.0
32,2812860,168.0
32,2812920,154.0
32,2812980,177.0
32,2813040,161.0
32,2813100,138.0
32,2813160,174.0
32,2813220,175.0
32,2813280,171.0
32,2813340,188.0
32,2813400,138.0
32,2813460,149.0
32,2813520,155.0
32,2813580,150.0
32,2813640,147.0
32,2813700,210.0
32,2813760,163.0
32,2813820,176.0
32,2813880,189.0
32,2813940,178.0
32,2814000,203.0
32,2814060,194.0
32,2814120,200.0
32,2814180,191.0
32,2814240,220.0
32,2814300,178.0
32,2814360,156.0
32,2814420,135.0
32,2814480,181.0
32,2814540,181.0
32,2814600,162.0
32,2814660,132.0
32,2814720,178.0
32,2814780,172.0
32,2814840,190.0
32,2814900,159.0
32,2814960,200.0
32,2815020,250.0
32,2815080,230.0
32,2815140,235.0
32,2815200,182.0
32,2815260,188.0
32,2815320,187.0
32,2815380,155.0
32,2815440,245.0
32,2815500,228.0
32,2815560,204.0
32,2815620,219.0
32,2815680,181.0
32,2815740,201.0
32,2815800,186.0
32,2815860,225.0
32,2815920,203.0
32,2815980,229.0
32,2816040,159.0
32,2816100,120.0
32,2816160,152.0
32,2816220,180.0
32,2816280,133.0
32,2816340,158.0
32,2816400,153.0
32,2816460,196.0
32,2816520,189.0
32,2816580,140.0
32,2816640,144.0
32,2816700,160.0
32,2816760,178.0
32,2816820,202.0
32,2816880,165.0
32,2816940,165.0
32,2817000,161.0
32,2817060,146.0
32,2817120,150.0
32,2817180,134.0
32,2817240,141.0
32,2817300,155.0
32,2817360,163.0
32,2817420,135.0
32,2817480,129.0
32,2817540,154.0
32,2817600,125.0
32,2817660,112.0
32,2817720,132.0
32,2817780,171.0
32,2817840,164.0
32,2817900,107.0
32,2817960,164.0
32,2818020,129.0
32,2818080,109.0
32,2818140,119.0
32,2818200,141.0
32,2818260,120.0
32,2818320,111.0
32,2818380,125.0
32,2818440,124.0
32,2818500,140.0
32,2818560,166.0
32,2818620,167.0
32,2818680,196.0
32,2818740,169.0
32,2818800,173.0
32,2818860,184.0
32,2818920,194.0
32,2818980,232.0
32,2819040,214.0
32,2819100,177.0
32,2819160,159.0
32,2819220,163.0
32,2819280,175.0
32,2819340,135.0
32,2819400,134.0
32,2819460,188.0
32,2819520,161.0
32,2819580,143.0
32,2819640,165.0
32,2819700,170.0
32,2819760,165.0
32,2819820,198.0
32,2819880,176.0
32,2819940,178.0
32,2820000,201.0
32,2820060,131.0
32,2820120,213.0
32,2820180,155.0
32,2820240,190.0
32,2820300,208.0
32,2820360,209.0
32,2820420,176.0
32,2820480,186.0
32,2820540,242.0
32,2820600,192.0
32,2820660,219.0
32,2820720,208.0
32,2820780,225.0
32,2820840,197.0
32,2820900,240.0
32,2820960,167.0
32,2821020,167.0
32,2821080,151.0
32,2821140,152.0
32,2821200,182.0
32,2821260,134.0
32,2821320,133.0
32,2821380,153.0
32,2821440,180.0
32,2821500,201.0
32,2821560,232.0
32,2821620,178.0
32,2821680,204.0
32,2821740,144.0
32,2821800,149.0
32,2821860,166.0
32,2821920,193.0
32,2821980,174.0
32,2822040,158.0
32,2822100,162.0
32,2822160,169.0
32,2822220,170.0
32,2822280,159.0
32,2822340,161.0
32,2822400,186.0
32,2822460,209.0
32,2822520,210.0
32,2822580,160.0
32,2822640,172.0
32,2822700,167.0
32,2822760,187.0
32,2822820,202.0
32,2822880,185.0
32,2822940,257.0
32,2823000,216.0
32,2823060,190.0
32,2823120,235.0
32,2823180,210.0
32,2823240,269.0
32,2823300,205.0
32,2823360,165.0
32,2823420,165.0
32,2823480,175.0
32,2823540,159.0
32,2823600,159.0
32,2823660,228.0
32,2823720,226.0
32,2823780,215.0
32,2823840,164.0
32,2823900,167.0
32,2823960,158.0
32,2824020,175.0
32,2824080,154.0
32,2824260,165.0
32,2824320,169.0
32,2824380,200.0
32,2824440,200.0
32,2824500,153.0
32,2824560,155.0
32,2824620,140.0
32,2824680,175.0
32,2824740,174.0
32,2824800,141.0
32,2824860,229.0
32,2824920,181.0
32,2825100,196.0
32,2825160,184.0
32,2825220,213.0
32,2825280,182.0
32,2825340,262.0
32,2825400,235.0
32,2825460,244.0
32,2825520,220.0
32,2825580,184.0
32,2825640,167.0
32,2825700,175.0
32,2825760,156.0
32,2825820,174.0
32,2825880,175.0
32,2825940,195.0
32,2826000,167.0
32,2826060,191.0
32,2826120,154.0
32,2826180,156.0
32,2826240,141.0
32,2826300,134.0
32,2826360,152.0
32,2826420,155.0
32,2826480,149.0
32,2826540,167.0
32,2826600,141.0
32,2826660,166.0
32,2826720,159.0
32,2826780,235.0
32,2826840,205.0
32,2826900,160.0
32,2826960,122.0
32,2827020,201.0
32,2827080,161.0
32,2827140,208.0
32,2827200,237.0
32,2827260,196.0
32,2827320,229.0
32,2827380,197.0
32,2827440,212.0
32,2827500,214.0
32,2827560,222.0
32,2827620,214.0
32,2827680,192.0
32,2827740,165.0
32,2827800,159.0
32,2827860,218.0
32,2827920,215.0
32,2827980,145.0
32,2828040,180.0
32,2828100,191.0
32,2828160,180.0
32,2828220,181.0
32,2828280,166.0
32,2828340,198.0
32,2828400,142.0
32,2828460,136.0
32,2828520,162.0
32,2828580,109.0
32,2828640,126.0
32,2828700,160.0
32,2828760,183.0
32,2828820,180.0
32,2828880,124.0
32,2828940,173.0
32,2829000,184.0
32,2829060,161.0
32,2829120,127.0
32,2829180,155.0
32,2829240,149.0
32,2829300,151.0
32,2829360,130.0
32,2829420,145.0
32,2829480,201.0
32,2829540,180.0
32,2829600,206.0
32,2829660,224.0
32,2829720,218.0
32,2829780,224.0
32,2829840,196.0
32,2829900,209.0
32,2829960,213.0
32,2830020,173.0
32,2830080,220.0
32,2830140,225.0
32,2830200,176.0
32,2830260,217.0
32,2830320,236.0
32,2830380,236.0
32,2830440,190.0
32,2830500,201.0
32,2830560,169.0
32,2830620,164.0
32,2830680,171.0
32,2830740,166.0
32,2830800,184.0
32,2830860,192.0
32,2830920,147.0
32,2830980,173.0
32,2831040,189.0
32,2831100,201.0
32,2831160,197.0
32,2831220,187.0
32,2831280,184.0
32,2831340,145.0
32,2831400,149.0
32,2831460,205.0
32,2831520,191.0
32,2831580,164.0
32,2831640,165.0
32,2831700,158.0
32,2831760,176.0
32,2831820,160.0
32,2831880,184.0
32,2831940,260.0
32,2832000,190.0
32,2832060,160.0
32,2832120,185.0
32,2832180,156.0
32,2832240,195.0
32,2832300,198.0
32,2832360,187.0
32,2832420,205.0
32,2832480,196.0
32,2832540,224.0
32,2832600,240.0
32,2832660,172.0
32,2832720,162.0
32,2832780,178.0
32,2832840,187.0
32,2832900,166.0
32,2832960,191.0
32,2833020,187.0
32,2833080,188.0
32,2833140,200.0
32,2833200,211.0
32,2833260,153.0
32,2833320,135.0
32,2833380,209.0
32,2833440,178.0
32,2833500,191.0
32,2833560,211.0
32,2833620,209.0
32,2833680,270.0
32,2833740,177.0
32,2833800,210.0
32,2833860,149.0
32,2833920,204.0
32,2833980,246.0
32,2834040,237.0
32,2834100,246.0
32,2834160,194.0
32,2834220,227.0
32,2834280,248.0
32,2834340,243.0
32,2834400,225.0
32,2834460,180.0
32,2834520,206.0
32,2834580,274.0
32,2834640,222.0
32,2834700,171.0
32,2834760,206.0
32,2834820,164.0
32,2834880,173.0
32,2834940,192.0
32,2835000,220.0
32,2835060,234.0
32,2835120,223.0
32,2835180,219.0
32,2835240,261.0
32,2835300,196.0
32,2835360,224.0
32,2835420,251.0
32,2835480,251.0
32,2835540,224.0
32,2835600,198.0
32,2835660,203.0
32,2835720,231.0
32,2835780,194.0
32,2835840,190.0
32,2835900,198.0
32,2835960,208.0
32,2836020,177.0
32,2836080,239.0
32,2836140,255.0
32,2836200,220.0
32,2836260,186.0
32,2836320,195.0
32,2836380,178.0
32,2836440,219.0
32,2836500,210.0
32,2836560,208.0
32,2836620,250.0
32,2836680,251.0
32,2836740,222.0
32,2836800,220.0
32,2836860,211.0
32,2836920,198.0
32,2836980,206.0
32,2837040,197.0
32,2837100,291.0
32,2837160,312.0
32,2837220,244.0
32,2837280,264.0
32,2837340,233.0
32,2837400,231.0
32,2837460,207.0
32,2837520,269.0
32,2837580,240.0
32,2837640,255.0
32,2837700,236.0
32,2837760,249.0
32,2837820,198.0
32,2837880,154.0
32,2837940,237.0
32,2838000,178.0
32,2838060,191.0
32,2838120,182.0
32,2838180,198.0
32,2838240,201.0
32,2838300,227.0
32,2838360,182.0
32,2838420,234.0
32,2838480,233.0
32,2838540,226.0
32,2838600,237.0
32,2838660,213.0
32,2838720,219.0
32,2838780,197.0
32,2838840,201.0
32,2838900,193.0
32,2838960,213.0
32,2839020,200.0
32,2839080,214.0
32,2839140,212.0
32,2839200,247.0
32,2839260,261.0
32,2839320,266.0
32,2839380,192.0
32,2839440,212.0
32,2839500,213.0
32,2839560,253.0
32,2839620,233.0
32,2839680,193.0
32,2839740,188.0
32,2839800,220.0
32,2839860,188.0
32,2839920,192.0
32,2839980,211.0
32,2840040,205.0
32,2840100,226.0
32,2840160,172.0
32,2840220,208.0
32,2840280,222.0
32,2840340,200.0
32,2840400,240.0
32,2840460,280.0
32,2840520,277.0
32,2840580,244.0
32,2840640,210.0
32,2840700,264.0
32,2840760,235.0
32,2840820,288.0
32,2840880,169.0
32,2840940,231.0
32,2841000,247.0
32,2841060,234.0
32,2841120,293.0
32,2841180,205.0
32,2841240,207.0
32,2841300,186.0
32,2841360,174.0
32,2841420,201.0
32,2841480,232.0
32,2841540,236.0
32,2841600,224.0
32,2841660,217.0
32,2841720,273.0
32,2841780,286.0
32,2841840,239.0
32,2841900,284.0
32,2841960,275.0
32,2842020,231.0
32,2842080,222.0
32,2842140,234.0
32,2842200,206.0
32,2842260,208.0
32,2842320,197.0
32,2842380,186.0
32,2842440,213.0
32,2842500,186.0
32,2842560,226.0
32,2842620,247.0
32,2842680,218.0
32,2842740,235.0
32,2842800,200.0
32,2842860,188.0
32,2842920,211.0
32,2842980,170.0
32,2843040,222.0
32,2843100,153.0
32,2843160,190.0
32,2843220,211.0
32,2843280,183.0
32,2843340,242.0
32,2843400,225.0
32,2843460,237.0
32,2843520,212.0
32,2843580,216.0
32,2843640,195.0
32,2843700,147.0
32,2843760,152.0
32,2843820,234.0
32,2843880,195.0
32,2843940,211.0
32,2844000,230.0
32,2844060,285.0
32,2844120,310.0
32,2844180,233.0
32,2844240,275.0
32,2844300,231.0
32,2844360,187.0
32,2844420,212.0
32,2844480,222.0
32,2844540,198.0
32,2844600,236.0
32,2844660,245.0
32,2844720,253.0
32,2844780,211.0
32,2844840,208.0
32,2844900,195.0
32,2844960,244.0
32,2845020,204.0
32,2845080,215.0
32,2845140,226.0
32,2845200,260.0
32,2845260,278.0
32,2845320,233.0
32,2845380,195.0
32,2845440,207.0
32,2845500,254.0
32,2845560,210.0
32,2845620,185.0
32,2845680,185.0
32,2845740,192.0
32,2845800,140.0
32,2845860,173.0
32,2845920,169.0
32,2845980,217.0
32,2846040,170.0
32,2846100,193.0
32,2846160,184.0
32,2846220,218.0
32,2846280,286.0
32,2846340,201.0
32,2846400,240.0
32,2846460,232.0
32,2846520,167.0
32,2846580,178.0
32,2846640,216.0
32,2846700,215.0
32,2846760,211.0
32,2846820,239.0
32,2846880,220.0
32,2846940,150.0
32,2847000,193.0
32,2847060,149.0
32,2847120,167.0
32,2847180,163.0
32,2847240,168.0
32,2847300,152.0
32,2847360,203.0
32,2847420,243.0
32,2847480,260.0
32,2847540,207.0
32,2847600,212.0
32,2847660,177.0
32,2847720,201.0
32,2847780,181.0
32,2847840,195.0
32,2847900,167.0
32,2847960,186.0
32,2848020,196.0
32,2848080,170.0
32,2848140,135.0
32,2848200,172.0
32,2848260,146.0
32,2848320,184.0
32,2848380,171.0
32,2848440,148.0
32,2848500,178.0
32,2848560,172.0
32,2848620,149.0
32,2848680,170.0
32,2848740,165.0
32,2848800,177.0
32,2848860,174.0
32,2848920,151.0
32,2848980,169.0
32,2849040,158.0
32,2849100,143.0
32,2849160,171.0
32,2849220,148.0
32,2849280,178.0
32,2849340,150.0
32,2849400,161.0
32,2849460,184.0
32,2849520,181.0
32,2849580,205.0
32,2849640,183.0
32,2849700,105.0
32,2849760,91.0
32,2849820,168.0
32,2849880,168.0
32,2849940,208.0
32,2850000,190.0
32,2850060,194.0
32,2850120,112.0
32,2850180,146.0
32,2850240,143.0
32,2850300,120.0
32,2850360,111.0
32,2850420,119.0
32,2850480,88.0
32,2850540,151.0
32,2850600,150.0
32,2850660,155.0
32,2850720,192.0
32,2850780,135.0
32,2850840,145.0
32,2850900,105.0
32,2850960,111.0
32,2851020,114.0
32,2851080,138.0
32,2851140,110.0
33,2851200,120.0
33,2851260,106.0
33,2851320,101.0
33,2851380,110.0
33,2851440,94.0
33,2851500,98.0
33,2851560,72.0
33,2851620,105.0
33,2851680,121.0
33,2851740,111.0
33,2851800,119.0
33,2851860,131.0
33,2851920,75.0
33,2851980,118.0
33,2852040,90.0
33,2852100,116.0
33,2852160,118.0
33,2852220,99.0
33,2852280,96.0
33,2852340,119.0
33,2852400,84.0
33,2852460,138.0
33,2852520,130.0
33,2852580,114.0
33,2852640,136.0
33,2852700,126.0
33,2852760,125.0
33,2852820,125.0
33,2852880,146.0
33,2852940,87.0
33,2853000,143.0
33,2853060,116.0
33,2853120,120.0
33,2853180,116.0
33,2853240,102.0
33,2853300,117.0
33,2853360,128.0
33,2853420,151.0
33,2853480,97.0
33,2853540,70.0
33,2853600,106.0
33,2853660,125.0
33,2853720,97.0
33,2853780,110.0
33,2853840,89.0
33,2853900,107.0
33,2853960,118.0
33,2854020,123.0
33,2854080,139.0
33,2854140,92.0
33,2854200,83.0
33,2854260,129.0
33,2854320,112.0
33,2854380,78.0
33,2854440,111.0
33,2854500,76.0
33,2854560,104.0
33,2854620,93.0
33,2854680,79.0
33,2854740,91.0
33,2854800,108.0
33,2854860,89.0
33,2854920,89.0
33,2854980,148.0
33,2855040,84.0
33,2855100,59.0
33,2855160,86.0
33,2855220,100.0
33,2855280,84.0
33,2855340,65.0
33,2855400,90.0
33,2855460,75.0
33,2855520,98.0
33,2855580,66.0
33,2855640,62.0
33,2855700,72.0
33,2855760,78.0
33,2855820,101.0
33,2855880,111.0
33,2855940,102.0
33,2856000,87.0
33,2856060,118.0
33,2856120,90.0
33,2856180,97.0
33,2856240,76.0
33,2856300,71.0
33,2856360,62.0
33,2856420,60.0
33,2856480,51.0
33,2856540,58.0
33,2856600,66.0
33,2856660,48.0
33,2856720,65.0
33,2856780,92.0
33,2856840,68.0
33,2856900,80.0
33,2856960,81.0
33,2857020,77.0
33,2857080,48.0
33,2857140,70.0
33,2857200,43.0
33,2857260,65.0
33,2857320,75.0
33,2857380,83.0
33,2857440,93.0
33,2857500,58.0
33,2857560,61.0
33,2857620,64.0
33,2857680,59.0
33,2857740,67.0
33,2857800,99.0
33,2857860,51.0
33,2857920,52.0
33,2857980,64.0
33,2858040,55.0
33,2858100,60.0
33,2858160,42.0
33,2858220,50.0
33,2858280,56.0
33,2858340,60.0
33,2858400,47.0
33,2858460,59.0
33,2858520,36.0
33,2858580,32.0
33,2858640,34.0
33,2858700,32.0
33,2858760,49.0
33,2858820,40.0
33,2858880,29.0
33,2858940,37.0
33,2859000,22.0
33,2859060,37.0
33,2859120,35.0
33,2859180,42.0
33,2859240,41.0
33,2859300,38.0
33,2859360,56.0
33,2859420,34.0
33,2859480,25.0
33,2859540,65.0
33,2859600,40.0
33,2859660,76.0
33,2859720,59.0
33,2859780,47.0
33,2859840,47.0
33,2859900,63.0
33,2859960,61.0
33,2860020,64.0
33,2860080,55.0
33,2860140,42.0
33,2860200,23.0
33,2860260,36.0
33,2860320,58.0
33,2860380,67.0
33,2860440,56.0
33,2860500,61.0
33,2860560,49.0
33,2860620,70.0
33,2860680,20.0
33,2860740,25.0
33,2860800,22.0
33,2860860,18.0
33,2860920,33.0
33,2860980,30.0
33,2861040,27.0
33,2861100,27.0
33,2861160,20.0
33,2861220,51.0
33,2861280,47.0
33,2861340,43.0
33,2861400,27.0
33,2861460,61.0
33,2861520,58.0
33,2861580,40.0
33,2861640,33.0
33,2861700,24.0
33,2861760,32.0
33,2861820,30.0
33,2861880,30.0
33,2861940,38.0
33,2862000,40.0
33,2862060,32.0
33,2862120,28.0
33,2862180,50.0
33,2862240,40.0
33,2862300,20.0
33,2862360,32.0
33,2862420,14.0
33,2862480,12.0
33,2862540,24.0
33,2862600,16.0
33,2862660,27.0
33,2862720,20.0
33,2862780,29.0
33,2862840,24.0
33,2862900,25.0
33,2862960,23.0
33,2863020,27.0
33,2863080,19.0
33,2863140,41.0
33,2863200,20.0
33,2863260,36.0
33,2863320,28.0
33,2863380,28.0
33,2863440,23.0
33,2863500,34.0
33,2863560,38.0
33,2863620,33.0
33,2863680,21.0
33,2863740,22.0
33,2863800,20.0
33,2863860,16.0
33,2863920,19.0
33,2863980,25.0
33,2864040,37.0
33,2864100,35.0
33,2864160,26.0
33,2864220,20.0
33,2864280,9.0
33,2864340,14.0
33,2864400,21.0
33,2864460,13.0
33,2864520,23.0
33,2864580,9.0
33,2864640,16.0
33,2864700,25.0
33,2864760,17.0
33,2864820,12.0
33,2864880,3.0
33,2864940,24.0
33,2865000,18.0
33,2865060,19.0
33,2865120,12.0
33,2865180,9.0
33,2865240,18.0
33,2865300,19.0
33,2865360,21.0
33,2865420,16.0
33,2865480,18.0
33,2865540,13.0
33,2865600,15.0
33,2865660,17.0
33,2865720,26.0
33,2865780,42.0
33,2865840,13.0
33,2865900,18.0
33,2865960,22.0
33,2866020,23.0
33,2866080,14.0
33,2866140,16.0
33,2866200,21.0
33,2866260,16.0
33,2866320,12.0
33,2866380,8.0
33,2866440,13.0
33,2866500,16.0
33,2866560,17.0
33,2866620,12.0
33,2866680,14.0
33,2866740,25.0
33,2866800,25.0
33,2866860,15.0
33,2866920,13.0
33,2866980,8.0
33,2867040,9.0
33,2867100,9.0
33,2867160,14.0
33,2867220,9.0
33,2867280,14.0
33,2867340,16.0
33,2867400,15.0
33,2867460,6.0
33,2867520,24.0
33,2867580,9.0
33,2867640,6.0
33,2867700,3.0
33,2867760,7.0
33,2867820,14.0
33,2867880,12.0
33,2867940,6.0
33,2868000,18.0
33,2868060,17.0
33,2868120,13.0
33,2868180,14.0
33,2868240,5.0
33,2868300,12.0
33,2868360,6.0
33,2868420,12.0
33,2868480,22.0
33,2868540,9.0
33,2868600,15.0
33,2868660,10.0
33,2868720,6.0
33,2868780,14.0
33,2868840,5.0
33,2868900,14.0
33,2868960,1.0
33,2869020,9.0
33,2869080,14.0
33,2869140,16.0
33,2869200,6.0
33,2869260,9.0
33,2869320,3.0
33,2869380,7.0
33,2869440,20.0
33,2869500,12.0
33,2869560,12.0
33,2869620,12.0
33,2869680,15.0
33,2869740,7.0
33,2869800,7.0
33,2869860,14.0
33,2869920,7.0
33,2869980,9.0
33,2870040,8.0
33,2870100,4.0
33,2870160,23.0
33,2870220,13.0
33,2870280,15.0
33,2870340,13.0
33,2870400,8.0
33,2870460,9.0
33,2870520,4.0
33,2870580,10.0
33,2870640,12.0
33,2870700,6.0
33,2870760,22.0
33,2870820,16.0
33,2870880,15.0
33,2870940,9.0
33,2871000,3.0
33,2871060,6.0
33,2871120,17.0
33,2871180,6.0
33,2871240,8.0
33,2871300,7.0
33,2871360,9.0
33,2871420,15.0
33,2871480,7.0
33,2871540,4.0
33,2871600,10.0
33,2871660,5.0
33,2871720,9.0
33,2871780,10.0
33,2871840,9.0
33,2871900,3.0
33,2871960,17.0
33,2872020,17.0
33,2872080,9.0
33,2872140,14.0
33,2872200,10.0
33,2872260,19.0
33,2872320,20.0
33,2872380,6.0
33,2872440,17.0
33,2872500,13.0
33,2872560,8.0
33,2872620,9.0
33,2872680,8.0
33,2872740,17.0
33,2872800,14.0
33,2872860,4.0
33,2872920,8.0
33,2872980,15.0
33,2873040,9.0
33,2873100,4.0
33,2873160,16.0
33,2873220,14.0
33,2873280,8.0
33,2873340,16.0
33,2873400,9.0
33,2873460,13.0
33,2873520,15.0
33,2873580,5.0
33,2873640,19.0
33,2873700,13.0
33,2873760,12.0
33,2873820,8.0
33,2873880,7.0
33,2873940,14.0
33,2874000,14.0
33,2874060,22.0
33,2874120,19.0
33,2874180,20.0
33,2874240,12.0
33,2874300,7.0
33,2874360,24.0
33,2874420,18.0
33,2874480,13.0
33,2874540,7.0
33,2874600,12.0
33,2874660,14.0
33,2874720,14.0
33,2874780,10.0
33,2874840,24.0
33,2874900,34.0
33,2874960,37.0
33,2875020,33.0
33,2875080,33.0
33,2875140,35.0
33,2875200,34.0
33,2875260,15.0
33,2875320,19.0
33,2875380,7.0
33,2875440,10.0
33,2875500,5.0
33,2875560,15.0
33,2875620,6.0
33,2875680,33.0
33,2875740,13.0
33,2875800,17.0
33,2875860,30.0
33,2875920,54.0
33,2875980,50.0
33,2876040,49.0
33,2876100,41.0
33,2876160,59.0
33,2876220,77.0
33,2876280,56.0
33,2876340,49.0
33,2876400,83.0
33,2876460,81.0
33,2876520,76.0
33,2876580,60.0
33,2876640,24.0
33,2876700,70.0
33,2876760,85.0
33,2876820,61.0
33,2876880,38.0
33,2876940,66.0
33,2877000,65.0
33,2877060,65.0
33,2877120,56.0
33,2877180,29.0
33,2877240,33.0
33,2877300,36.0
33,2877360,24.0
33,2877420,17.0
33,2877480,17.0
33,2877540,33.0
33,2877600,26.0
33,2877660,28.0
33,2877720,26.0
33,2877780,32.0
33,2877840,29.0
33,2877900,29.0
33,2877960,9.0
33,2878020,20.0
33,2878080,36.0
33,2878140,27.0
33,2878200,23.0
33,2878260,54.0
33,2878320,77.0
33,2878380,51.0
33,2878440,33.0
33,2878500,39.0
33,2878560,54.0
33,2878620,33.0
33,2878680,34.0
33,2878740,23.0
33,2878800,22.0
33,2878860,51.0
33,2878920,35.0
33,2878980,45.0
33,2879040,38.0
33,2879100,25.0
33,2879160,21.0
33,2879220,33.0
33,2879280,59.0
33,2879340,57.0
33,2879400,48.0
33,2879460,48.0
33,2879520,47.0
33,2879580,40.0
33,2879640,37.0
33,2879700,43.0
33,2879760,48.0
33,2879820,40.0
33,2879880,49.0
33,2879940,32.0
33,2880000,58.0
33,2880060,43.0
33,2880120,63.0
33,2880180,81.0
33,2880240,89.0
33,2880300,58.0
33,2880360,56.0
33,2880420,56.0
33,2880480,75.0
33,2880540,94.0
33,2880600,64.0
33,2880660,60.0
33,2880720,63.0
33,2880780,58.0
33,2880840,80.0
33,2880900,64.0
33,2880960,99.0
33,2881020,63.0
33,2881080,98.0
33,2881140,113.0
33,2881200,93.0
33,2881260,108.0
33,2881320,114.0
33,2881380,126.0
33,2881440,116.0
33,2881500,109.0
33,2881560,121.0
33,2881620,111.0
33,2881680,123.0
33,2881740,97.0
33,2881800,97.0
33,2881860,74.0
33,2881920,103.0
33,2881980,68.0
33,2882040,105.0
33,2882100,92.0
33,2882160,105.0
33,2882220,81.0
33,2882280,104.0
33,2882340,93.0
33,2882400,75.0
33,2882460,104.0
33,2882520,84.0
33,2882580,123.0
33,2882640,97.0
33,2882700,109.0
33,2882760,131.0
33,2882820,124.0
33,2882880,105.0
33,2882940,113.0
33,2883000,113.0
33,2883060,109.0
33,2883120,110.0
33,2883180,97.0
33,2883240,91.0
33,2883300,111.0
33,2883360,104.0
33,2883420,132.0
33,2883480,110.0
33,2883540,112.0
33,2883600,154.0
33,2883660,186.0
33,2883720,183.0
33,2883780,138.0
33,2883840,171.0
33,2883900,138.0
33,2883960,168.0
33,2884020,176.0
33,2884080,158.0
33,2884140,158.0
33,2884200,142.0
33,2884260,151.0
33,2884320,153.0
33,2884380,112.0
33,2884440,109.0
33,2884500,188.0
33,2884560,152.0
33,2884620,113.0
33,2884680,125.0
33,2884740,149.0
33,2884800,164.0
33,2884860,170.0
33,2884920,158.0
33,2884980,154.0
33,2885040,144.0
33,2885100,122.0
33,2885160,141.0
33,2885220,139.0
33,2885280,162.0
33,2885340,151.0
33,2885400,86.0
33,2885460,192.0
33,2885520,166.0
33,2885580,119.0
33,2885640,125.0
33,2885700,143.0
33,2885760,180.0
33,2885820,242.0
33,2885880,206.0
33,2885940,182.0
33,2886000,160.0
33,2886060,192.0
33,2886120,189.0
33,2886180,129.0
33,2886240,174.0
33,2886300,106.0
33,2886360,170.0
33,2886420,164.0
33,2886480,153.0
33,2886540,184.0
33,2886600,188.0
33,2886660,217.0
33,2886720,126.0
33,2886780,177.0
33,2886840,134.0
33,2886900,200.0
33,2886960,166.0
33,2887020,144.0
33,2887080,176.0
33,2887140,192.0
33,2887200,165.0
33,2887260,148.0
33,2887320,188.0
33,2887380,235.0
33,2887440,201.0
33,2887500,188.0
33,2887560,188.0
33,2887620,191.0
33,2887680,184.0
33,2887740,239.0
33,2887800,251.0
33,2887860,240.0
33,2887920,244.0
33,2887980,219.0
33,2888040,201.0
33,2888100,209.0
33,2888160,243.0
33,2888220,298.0
33,2888280,246.0
33,2888340,203.0
33,2888400,172.0
33,2888460,213.0
33,2888520,161.0
33,2888580,171.0
33,2888640,172.0
33,2888700,216.0
33,2888760,125.0
33,2888820,145.0
33,2888880,143.0
33,2888940,146.0
33,2889000,163.0
33,2889060,171.0
33,2889120,172.0
33,2889180,165.0
33,2889240,193.0
33,2889300,164.0
33,2889360,162.0
33,2889420,185.0
33,2889480,167.0
33,2889540,144.0
33,2889600,128.0
33,2889660,136.0
33,2889720,149.0
33,2889780,169.0
33,2889840,190.0
33,2889900,200.0
33,2889960,154.0
33,2890020,160.0
33,2890080,164.0
33,2890200,209.0
33,2890260,162.0
33,2890380,152.0
33,2890440,206.0
33,2890500,194.0
33,2890560,191.0
33,2890620,266.0
33,2890680,274.0
33,2890740,145.0
33,2890800,124.0
33,2890860,139.0
33,2890920,163.0
33,2890980,132.0
33,2891040,210.0
33,2891100,152.0
33,2891160,184.0
33,2891220,165.0
33,2891280,185.0
33,2891340,174.0
33,2891400,169.0
33,2891460,212.0
33,2891520,165.0
33,2891580,154.0
33,2891640,194.0
33,2891700,198.0
33,2891760,226.0
33,2891820,174.0
33,2891880,231.0
33,2891940,223.0
33,2892000,194.0
33,2892060,153.0
33,2892120,177.0
33,2892180,162.0
33,2892240,195.0
33,2892300,195.0
33,2892360,207.0
33,2892420,210.0
33,2892480,237.0
33,2892540,191.0
33,2892600,225.0
33,2892660,168.0
33,2892720,180.0
33,2892780,160.0
33,2892840,203.0
33,2892960,184.0
33,2893020,163.0
33,2893080,197.0
33,2893140,188.0
33,2893200,151.0
33,2893260,173.0
33,2893320,214.0
33,2893380,200.0
33,2893440,194.0
33,2893500,192.0
33,2893560,180.0
33,2893620,162.0
33,2893680,189.0
33,2893740,156.0
33,2893800,185.0
33,2893860,205.0
33,2893920,171.0
33,2893980,150.0
33,2894040,163.0
33,2894100,164.0
33,2894160,150.0
33,2894220,166.0
33,2894280,184.0
33,2894340,185.0
33,2894400,183.0
33,2894460,189.0
33,2894520,200.0
33,2894580,160.0
33,2894640,138.0
33,2894700,185.0
33,2894760,225.0
33,2894820,201.0
33,2894880,161.0
33,2894940,136.0
33,2895000,175.0
33,2895060,218.0
33,2895120,181.0
33,2895180,177.0
33,2895240,126.0
33,2895300,170.0
33,2895360,206.0
33,2895420,191.0
33,2895480,177.0
33,2895540,178.0
33,2895600,160.0
33,2895660,196.0
33,2895720,165.0
33,2895780,261.0
33,2895840,246.0
33,2895900,255.0
33,2895960,217.0
33,2896020,248.0
33,2896080,227.0
33,2896140,215.0
33,2896200,234.0
33,2896260,269.0
33,2896320,177.0
33,2896380,182.0
33,2896440,196.0
33,2896500,198.0
33,2896560,148.0
33,2896620,183.0
33,2896680,192.0
33,2896740,151.0
33,2896800,168.0
33,2896860,205.0
33,2896920,174.0
33,2896980,149.0
33,2897040,149.0
33,2897100,141.0
33,2897160,207.0
33,2897220,162.0
33,2897280,168.0
33,2897340,191.0
33,2897400,164.0
33,2897460,169.0
33,2897520,152.0
33,2897580,180.0
33,2897640,183.0
33,2897700,156.0
33,2897760,124.0
33,2897820,158.0
33,2897880,208.0
33,2897940,160.0
33,2898000,166.0
33,2898060,211.0
33,2898120,151.0
33,2898180,155.0
33,2898240,147.0
33,2898300,186.0
33,2898360,196.0
33,2898420,126.0
33,2898480,164.0
33,2898540,158.0
33,2898600,147.0
33,2898660,149.0
33,2898720,167.0
33,2898780,161.0
33,2898840,156.0
33,2898900,160.0
33,2898960,140.0
33,2899020,224.0
33,2899080,190.0
33,2899140,211.0
33,2899200,204.0
33,2899260,238.0
33,2899320,231.0
33,2899380,210.0
33,2899440,186.0
33,2899500,237.0
33,2899560,203.0
33,2899620,186.0
33,2899680,176.0
33,2899740,167.0
33,2899800,155.0
33,2899860,176.0
33,2899920,177.0
33,2899980,132.0
33,2900040,121.0
33,2900100,132.0
33,2900160,145.0
33,2900220,132.0
33,2900280,171.0
33,2900340,110.0
33,2900400,110.0
33,2900460,164.0
33,2900520,139.0
33,2900580,134.0
33,2900640,194.0
33,2900700,168.0
33,2900760,166.0
33,2900820,138.0
33,2900880,155.0
33,2900940,189.0
33,2901000,170.0
33,2901060,161.0
33,2901120,158.0
33,2901180,176.0
33,2901240,164.0
33,2901300,155.0
33,2901360,126.0
33,2901420,167.0
33,2901480,169.0
33,2901540,122.0
33,2901600,156.0
33,2901660,156.0
33,2901720,147.0
33,2901780,150.0
33,2901840,233.0
33,2901900,210.0
33,2901960,229.0
33,2902020,171.0
33,2902080,237.0
33,2902140,210.0
33,2902200,170.0
33,2902260,192.0
33,2902320,219.0
33,2902380,213.0
33,2902440,200.0
33,2902500,169.0
33,2902560,166.0
33,2902620,143.0
33,2902680,155.0
33,2902740,171.0
33,2902800,195.0
33,2902860,181.0
33,2902920,141.0
33,2902980,142.0
33,2903040,192.0
33,2903100,132.0
33,2903160,168.0
33,2903220,184.0
33,2903280,166.0
33,2903340,92.0
33,2903400,127.0
33,2903460,155.0
33,2903520,127.0
33,2903580,187.0
33,2903640,218.0
33,2903700,142.0
33,2903760,118.0
33,2903820,145.0
33,2903880,134.0
33,2903940,143.0
33,2904000,121.0
33,2904060,162.0
33,2904120,153.0
33,2904180,141.0
33,2904240,145.0
33,2904300,177.0
33,2904360,172.0
33,2904420,151.0
33,2904480,123.0
33,2904540,167.0
33,2904600,142.0
33,2904660,133.0
33,2904720,144.0
33,2904780,147.0
33,2904840,194.0
33,2904900,189.0
33,2904960,173.0
33,2905020,186.0
33,2905080,170.0
33,2905140,136.0
33,2905200,130.0
33,2905260,185.0
33,2905320,188.0
33,2905380,219.0
33,2905440,180.0
33,2905500,245.0
33,2905560,172.0
33,2905620,216.0
33,2905680,216.0
33,2905740,181.0
33,2905800,189.0
33,2905860,133.0
33,2905920,173.0
33,2905980,216.0
33,2906040,143.0
33,2906100,159.0
33,2906160,145.0
33,2906220,147.0
33,2906280,162.0
33,2906340,166.0
33,2906400,155.0
33,2906460,172.0
33,2906520,197.0
33,2906580,209.0
33,2906640,198.0
33,2906700,200.0
33,2906760,203.0
33,2906820,178.0
33,2906880,194.0
33,2906940,160.0
33,2907000,217.0
33,2907060,171.0
33,2907120,212.0
33,2907180,185.0
33,2907240,183.0
33,2907300,175.0
33,2907360,190.0
33,2907420,154.0
33,2907480,195.0
33,2907540,184.0
33,2907600,164.0
33,2907660,196.0
33,2907720,169.0
33,2907780,203.0
33,2907840,205.0
33,2907900,188.0
33,2907960,246.0
33,2908020,153.0
33,2908080,144.0
33,2908140,188.0
33,2908200,173.0
33,2908260,184.0
33,2908320,201.0
33,2908380,205.0
33,2908440,233.0
33,2908500,209.0
33,2908560,222.0
33,2908620,213.0
33,2908680,216.0
33,2908740,170.0
33,2908800,153.0
33,2908860,198.0
33,2908920,215.0
33,2908980,191.0
33,2909040,207.0
33,2909100,208.0
33,2909160,243.0
33,2909220,196.0
33,2909280,196.0
33,2909340,197.0
33,2909400,220.0
33,2909460,178.0
33,2909520,234.0
33,2909580,209.0
33,2909640,184.0
33,2909700,237.0
33,2909760,249.0
33,2909820,182.0
33,2909880,222.0
33,2909940,250.0
33,2910000,278.0
33,2910060,225.0
33,2910120,175.0
33,2910180,172.0
33,2910240,201.0
33,2910300,279.0
33,2910360,208.0
33,2910420,158.0
33,2910480,207.0
33,2910540,184.0
33,2910600,151.0
33,2910660,201.0
33,2910720,207.0
33,2910780,198.0
33,2910840,249.0
33,2910900,150.0
33,2910960,204.0
33,2911020,223.0
33,2911080,214.0
33,2911140,220.0
33,2911200,216.0
33,2911260,188.0
33,2911320,208.0
33,2911380,205.0
33,2911440,294.0
33,2911500,226.0
33,2911560,174.0
33,2911620,210.0
33,2911680,219.0
33,2911740,222.0
33,2911800,230.0
33,2911860,207.0
33,2911920,211.0
33,2911980,220.0
33,2912040,211.0
33,2912100,185.0
33,2912280,213.0
33,2912340,174.0
33,2912400,161.0
33,2912460,166.0
33,2912520,178.0
33,2912580,186.0
33,2912640,176.0
33,2912700,189.0
33,2912760,234.0
33,2912820,224.0
33,2912880,206.0
33,2912940,233.0
33,2913000,162.0
33,2913060,187.0
33,2913120,174.0
33,2913180,185.0
33,2913240,250.0
33,2913300,186.0
33,2913360,212.0
33,2913420,277.0
33,2913480,205.0
33,2913540,186.0
33,2913600,205.0
33,2913660,222.0
33,2913720,183.0
33,2913780,224.0
33,2913840,163.0
33,2913900,171.0
33,2913960,196.0
33,2914020,280.0
33,2914080,237.0
33,2914140,186.0
33,2914200,168.0
33,2914260,189.0
33,2914320,231.0
33,2914380,216.0
33,2914440,197.0
33,2914500,225.0
33,2914560,193.0
33,2914620,197.0
33,2914680,184.0
33,2914740,194.0
33,2914800,161.0
33,2914860,188.0
33,2914920,200.0
33,2914980,181.0
33,2915040,185.0
33,2915100,202.0
33,2915160,213.0
33,2915220,191.0
33,2915280,194.0
33,2915340,231.0
33,2915400,184.0
33,2915460,193.0
33,2915520,181.0
33,2915580,202.0
33,2915640,156.0
33,2915700,169.0
33,2915760,150.0
33,2915820,173.0
33,2915880,186.0
33,2915940,174.0
33,2916000,195.0
33,2916060,173.0
33,2916120,153.0
33,2916180,166.0
33,2916240,170.0
33,2916300,205.0
33,2916360,224.0
33,2916420,212.0
33,2916480,154.0
33,2916540,175.0
33,2916600,165.0
33,2916660,127.0
33,2916720,170.0
33,2916780,156.0
33,2916840,164.0
33,2916900,165.0
33,2916960,143.0
33,2917020,138.0
33,2917080,177.0
33,2917140,183.0
33,2917200,188.0
33,2917260,225.0
33,2917320,167.0
33,2917380,202.0
33,2917440,215.0
33,2917500,191.0
33,2917560,187.0
33,2917620,154.0
33,2917680,208.0
33,2917740,154.0
33,2917800,187.0
33,2917860,209.0
33,2917920,198.0
33,2917980,244.0
33,2918040,201.0
33,2918100,195.0
33,2918160,170.0
33,2918340,201.0
33,2918400,251.0
33,2918460,242.0
33,2918520,185.0
33,2918580,171.0
33,2918640,177.0
33,2918700,204.0
33,2918760,235.0
33,2918820,131.0
33,2918880,164.0
33,2918940,246.0
33,2919000,182.0
33,2919060,210.0
33,2919120,239.0
33,2919180,194.0
33,2919240,194.0
33,2919300,195.0
33,2919360,189.0
33,2919420,162.0
33,2919480,168.0
33,2919540,195.0
33,2919600,167.0
33,2919660,204.0
33,2919720,203.0
33,2919780,200.0
33,2919840,233.0
33,2919900,152.0
33,2919960,145.0
33,2920020,152.0
33,2920080,189.0
33,2920140,178.0
33,2920200,144.0
33,2920260,182.0
33,2920320,185.0
33,2920380,161.0
33,2920440,186.0
33,2920500,168.0
33,2920560,153.0
33,2920620,166.0
33,2920680,145.0
33,2920740,223.0
33,2920800,204.0
33,2920860,225.0
33,2920920,235.0
33,2920980,193.0
33,2921040,184.0
33,2921100,237.0
33,2921160,234.0
33,2921220,177.0
33,2921280,176.0
33,2921340,224.0
33,2921400,173.0
33,2921460,166.0
33,2921520,238.0
33,2921580,219.0
33,2921640,228.0
33,2921700,213.0
33,2921760,188.0
33,2921820,210.0
33,2921880,211.0
33,2921940,208.0
33,2922000,205.0
33,2922060,189.0
33,2922120,164.0
33,2922180,206.0
33,2922240,206.0
33,2922300,215.0
33,2922360,293.0
33,2922420,213.0
33,2922480,193.0
33,2922540,232.0
33,2922600,206.0
33,2922660,198.0
33,2922720,247.0
33,2922780,208.0
33,2922840,238.0
33,2922900,234.0
33,2922960,207.0
33,2923020,214.0
33,2923080,231.0
33,2923140,254.0
33,2923200,255.0
33,2923260,262.0
33,2923320,225.0
33,2923380,264.0
33,2923440,262.0
33,2923500,218.0
33,2923560,207.0
33,2923620,201.0
33,2923680,191.0
33,2923740,200.0
33,2923800,255.0
33,2923860,237.0
33,2923920,213.0
33,2923980,161.0
33,2924040,225.0
33,2924100,215.0
33,2924160,187.0
33,2924220,215.0
33,2924280,214.0
33,2924340,243.0
33,2924400,245.0
33,2924460,209.0
33,2924520,195.0
33,2924580,227.0
33,2924640,210.0
33,2924700,247.0
33,2924760,239.0
33,2924820,223.0
33,2924880,209.0
33,2924940,204.0
33,2925000,227.0
33,2925060,257.0
33,2925120,239.0
33,2925180,246.0
33,2925240,277.0
33,2925300,248.0
33,2925360,232.0
33,2925420,257.0
33,2925480,279.0
33,2925540,257.0
33,2925600,329.0
33,2925660,299.0
33,2925720,282.0
33,2925780,311.0
33,2925840,211.0
33,2925900,245.0
33,2925960,235.0
33,2926020,251.0
33,2926080,253.0
33,2926140,265.0
33,2926200,257.0
33,2926260,281.0
33,2926320,282.0
33,2926380,237.0
33,2926440,216.0
33,2926500,256.0
33,2926560,238.0
33,2926620,233.0
33,2926680,256.0
33,2926740,272.0
33,2926800,297.0
33,2926860,285.0
33,2926920,246.0
33,2926980,297.0
33,2927040,295.0
33,2927100,284.0
33,2927160,327.0
33,2927220,252.0
33,2927280,272.0
33,2927340,240.0
33,2927400,272.0
33,2927460,238.0
33,2927520,277.0
33,2927580,225.0
33,2927640,218.0
33,2927700,229.0
33,2927760,198.0
33,2927820,251.0
33,2927880,246.0
33,2927940,265.0
33,2928000,272.0
33,2928060,319.0
33,2928120,258.0
33,2928180,201.0
33,2928240,240.0
33,2928300,227.0
33,2928360,228.0
33,2928420,292.0
33,2928480,229.0
33,2928540,257.0
33,2928600,255.0
33,2928660,268.0
33,2928720,278.0
33,2928780,257.0
33,2928840,258.0
33,2928900,207.0
33,2928960,226.0
33,2929020,219.0
33,2929080,194.0
33,2929140,195.0
33,2929200,229.0
33,2929260,250.0
33,2929320,216.0
33,2929380,244.0
33,2929440,266.0
33,2929500,250.0
33,2929560,240.0
33,2929620,226.0
33,2929680,223.0
33,2929740,184.0
33,2929800,211.0
33,2929860,242.0
33,2929920,224.0
33,2929980,222.0
33,2930040,193.0
33,2930100,231.0
33,2930160,210.0
33,2930220,223.0
33,2930280,170.0
33,2930340,214.0
33,2930400,279.0
33,2930460,238.0
33,2930520,247.0
33,2930580,210.0
33,2930640,189.0
33,2930700,232.0
33,2930760,232.0
33,2930820,219.0
33,2930880,219.0
33,2930940,256.0
33,2931000,240.0
33,2931060,211.0
33,2931120,227.0
33,2931180,253.0
33,2931240,258.0
33,2931300,212.0
33,2931360,233.0
33,2931420,209.0
33,2931480,206.0
33,2931540,215.0
33,2931600,220.0
33,2931660,220.0
33,2931720,183.0
33,2931780,172.0
33,2931840,131.0
33,2931900,196.0
33,2931960,191.0
33,2932020,227.0
33,2932080,159.0
33,2932140,185.0
33,2932200,163.0
33,2932260,191.0
33,2932320,195.0
33,2932380,217.0
33,2932440,209.0
33,2932500,184.0
33,2932560,222.0
33,2932620,198.0
33,2932680,232.0
33,2932740,193.0
33,2932800,205.0
33,2932860,153.0
33,2932920,178.0
33,2932980,178.0
33,2933040,217.0
33,2933100,184.0
33,2933160,226.0
33,2933220,171.0
33,2933280,201.0
33,2933340,173.0
33,2933400,182.0
33,2933460,149.0
33,2933520,156.0
33,2933580,209.0
33,2933640,182.0
33,2933700,185.0
33,2933760,148.0
33,2933820,207.0
33,2933880,224.0
33,2933940,212.0
33,2934000,236.0
33,2934060,178.0
33,2934120,161.0
33,2934180,162.0
33,2934240,190.0
33,2934300,205.0
33,2934360,197.0
33,2934420,206.0
33,2934480,270.0
33,2934540,203.0
33,2934600,209.0
33,2934660,226.0
33,2934720,223.0
33,2934780,175.0
33,2934840,160.0
33,2934900,209.0
33,2934960,191.0
33,2935020,129.0
33,2935080,120.0
33,2935140,181.0
33,2935200,158.0
33,2935260,141.0
33,2935320,153.0
33,2935380,209.0
33,2935440,149.0
33,2935500,146.0
33,2935560,166.0
33,2935620,141.0
33,2935680,127.0
33,2935740,172.0
33,2935800,178.0
33,2935860,135.0
33,2935920,156.0
33,2935980,189.0
33,2936040,156.0
33,2936100,151.0
33,2936160,153.0
33,2936220,164.0
33,2936280,172.0
33,2936340,187.0
33,2936400,197.0
33,2936460,195.0
33,2936520,196.0
33,2936580,170.0
33,2936640,166.0
33,2936700,176.0
33,2936760,141.0
33,2936820,158.0
33,2936880,148.0
33,2936940,168.0
33,2937000,166.0
33,2937060,144.0
33,2937120,152.0
33,2937180,162.0
33,2937240,144.0
33,2937300,136.0
33,2937360,128.0
33,2937420,142.0
33,2937480,154.0
33,2937540,153.0
34,2937600,136.0
34,2937660,140.0
34,2937720,158.0
34,2937780,125.0
34,2937840,134.0
34,2937900,156.0
34,2937960,166.0
34,2938020,145.0
34,2938080,154.0
34,2938140,118.0
34,2938200,119.0
34,2938260,159.0
34,2938320,161.0
34,2938380,146.0
34,2938440,135.0
34,2938500,134.0
34,2938560,138.0
34,2938620,143.0
34,2938680,106.0
34,2938740,132.0
34,2938800,114.0
34,2938860,124.0
34,2938920,136.0
34,2938980,149.0
34,2939040,169.0
34,2939100,136.0
34,2939160,139.0
34,2939220,126.0
34,2939280,154.0
34,2939340,161.0
34,2939400,145.0
34,2939460,134.0
34,2939520,138.0
34,2939580,129.0
34,2939640,120.0
34,2939700,148.0
34,2939760,100.0
34,2939820,104.0
34,2939880,124.0
34,2939940,87.0
34,2940000,138.0
34,2940060,123.0
34,2940120,135.0
34,2940180,102.0
34,2940240,77.0
34,2940300,104.0
34,2940360,124.0
34,2940420,79.0
34,2940480,91.0
34,2940540,141.0
34,2940600,142.0
34,2940660,82.0
34,2940720,108.0
34,2940780,111.0
34,2940840,98.0
34,2940900,105.0
34,2940960,71.0
34,2941020,111.0
34,2941080,161.0
34,2941140,107.0
34,2941200,93.0
34,2941260,114.0
34,2941320,108.0
34,2941380,161.0
34,2941440,196.0
34,2941500,167.0
34,2941560,186.0
34,2941620,156.0
34,2941680,193.0
34,2941740,182.0
34,2941800,163.0
34,2941860,177.0
34,2941920,148.0
34,2941980,69.0
34,2942040,81.0
34,2942100,94.0
34,2942160,98.0
34,2942220,121.0
34,2942280,100.0
34,2942340,116.0
34,2942400,150.0
34,2942460,117.0
34,2942520,67.0
34,2942580,87.0
34,2942640,101.0
34,2942700,78.0
34,2942760,86.0
34,2942820,70.0
34,2942880,63.0
34,2942940,71.0
34,2943000,77.0
34,2943060,72.0
34,2943120,56.0
34,2943180,84.0
34,2943240,89.0
34,2943300,79.0
34,2943360,78.0
34,2943420,89.0
34,2943480,90.0
34,2943540,66.0
34,2943600,69.0
34,2943660,92.0
34,2943720,92.0
34,2943780,62.0
34,2943840,75.0
34,2943900,83.0
34,2943960,59.0
34,2944020,90.0
34,2944080,66.0
34,2944140,70.0
34,2944200,82.0
34,2944260,77.0
34,2944320,61.0
34,2944380,80.0
34,2944440,62.0
34,2944500,86.0
34,2944560,131.0
34,2944620,129.0
34,2944680,91.0
34,2944740,58.0
34,2944800,57.0
34,2944860,79.0
34,2944920,43.0
34,2944980,54.0
34,2945040,72.0
34,2945100,69.0
34,2945160,125.0
34,2945220,125.0
34,2945280,103.0
34,2945340,79.0
34,2945400,87.0
34,2945460,89.0
34,2945520,91.0
34,2945580,108.0
34,2945640,130.0
34,2945700,99.0
34,2945760,69.0
34,2945820,84.0
34,2945880,76.0
34,2945940,55.0
34,2946000,62.0
34,2946060,43.0
34,2946120,27.0
34,2946180,70.0
34,2946240,34.0
34,2946300,60.0
34,2946360,41.0
34,2946420,66.0
34,2946480,62.0
34,2946540,56.0
34,2946600,59.0
34,2946660,55.0
34,2946720,90.0
34,2946780,50.0
34,2946840,29.0
34,2946900,39.0
34,2946960,36.0
34,2947020,49.0
34,2947080,38.0
34,2947140,46.0
34,2947200,50.0
34,2947260,43.0
34,2947320,34.0
34,2947380,54.0
34,2947440,29.0
34,2947500,27.0
34,2947560,24.0
34,2947620,25.0
34,2947680,23.0
34,2947740,35.0
34,2947800,37.0
34,2947860,39.0
34,2947920,27.0
34,2947980,41.0
34,2948040,39.0
34,2948100,47.0
34,2948160,42.0
34,2948220,17.0
34,2948280,36.0
34,2948340,56.0
34,2948400,62.0
34,2948460,46.0
34,2948520,36.0
34,2948580,23.0
34,2948640,36.0
34,2948700,21.0
34,2948760,28.0
34,2948820,33.0
34,2948880,41.0
34,2948940,22.0
34,2949000,33.0
34,2949060,41.0
34,2949120,21.0
34,2949180,51.0
34,2949240,33.0
34,2949300,44.0
34,2949360,48.0
34,2949420,37.0
34,2949480,27.0
34,2949540,34.0
34,2949600,24.0
34,2949660,38.0
34,2949720,39.0
34,2949780,36.0
34,2949840,36.0
34,2949900,22.0
34,2949960,22.0
34,2950020,30.0
34,2950080,32.0
34,2950140,35.0
34,2950200,47.0
34,2950260,23.0
34,2950320,30.0
34,2950380,25.0
34,2950440,27.0
34,2950500,33.0
34,2950560,21.0
34,2950620,20.0
34,2950680,23.0
34,2950740,17.0
34,2950800,30.0
34,2950860,12.0
34,2950920,13.0
34,2950980,16.0
34,2951040,16.0
34,2951100,49.0
34,2951160,35.0
34,2951220,16.0
34,2951280,26.0
34,2951340,29.0
34,2951400,19.0
34,2951460,16.0
34,2951520,16.0
34,2951580,22.0
34,2951640,14.0
34,2951700,15.0
34,2951760,14.0
34,2951820,21.0
34,2951880,25.0
34,2951940,20.0
34,2952000,22.0
34,2952060,10.0
34,2952120,27.0
34,2952180,19.0
34,2952240,26.0
34,2952300,30.0
34,2952360,21.0
34,2952420,18.0
34,2952480,24.0
34,2952540,16.0
34,2952600,28.0
34,2952660,30.0
34,2952720,19.0
34,2952780,18.0
34,2952840,20.0
34,2952900,20.0
34,2952960,29.0
34,2953020,13.0
34,2953080,22.0
34,2953140,29.0
34,2953200,17.0
34,2953260,26.0
34,2953320,19.0
34,2953380,15.0
34,2953440,17.0
34,2953500,14.0
34,2953560,20.0
34,2953620,24.0
34,2953680,13.0
34,2953740,9.0
34,2953800,21.0
34,2953860,14.0
34,2953920,18.0
34,2953980,3.0
34,2954040,17.0
34,2954100,17.0
34,2954160,22.0
34,2954220,14.0
34,2954280,12.0
34,2954340,5.0
34,2954400,27.0
34,2954460,13.0
34,2954520,18.0
34,2954580,9.0
34,2954640,14.0
34,2954700,9.0
34,2954760,20.0
34,2954820,19.0
34,2954880,16.0
34,2954940,20.0
34,2955000,21.0
34,2955060,14.0
34,2955120,5.0
34,2955180,9.0
34,2955240,14.0
34,2955300,13.0
34,2955360,13.0
34,2955420,19.0
34,2955480,17.0
34,2955540,18.0
34,2955600,21.0
34,2955660,15.0
34,2955720,14.0
34,2955780,16.0
34,2955840,5.0
34,2955900,8.0
34,2955960,10.0
34,2956020,10.0
34,2956080,15.0
34,2956140,12.0
34,2956200,19.0
34,2956260,10.0
34,2956320,46.0
34,2956380,24.0
34,2956440,5.0
34,2956500,8.0
34,2956560,22.0
34,2956620,24.0
34,2956680,14.0
34,2956740,16.0
34,2956800,21.0
34,2956860,14.0
34,2956920,19.0
34,2956980,16.0
34,2957040,10.0
34,2957100,4.0
34,2957160,16.0
34,2957220,14.0
34,2957280,22.0
34,2957340,15.0
34,2957400,18.0
34,2957460,12.0
34,2957520,8.0
34,2957580,10.0
34,2957640,9.0
34,2957700,6.0
34,2957760,15.0
34,2957820,9.0
34,2957880,4.0
34,2957940,5.0
34,2958000,10.0
34,2958060,5.0
34,2958120,12.0
34,2958180,18.0
34,2958240,6.0
34,2958300,6.0
34,2958360,10.0
34,2958420,13.0
34,2958480,24.0
34,2958540,49.0
34,2958600,47.0
34,2958660,8.0
34,2958720,12.0
34,2958780,39.0
34,2958840,33.0
34,2958900,43.0
34,2958960,62.0
34,2959020,55.0
34,2959080,39.0
34,2959140,42.0
34,2959200,41.0
34,2959260,35.0
34,2959320,15.0
34,2959380,7.0
34,2959440,19.0
34,2959500,22.0
34,2959560,18.0
34,2959620,5.0
34,2959680,12.0
34,2959740,9.0
34,2959800,13.0
34,2959860,13.0
34,2959920,14.0
34,2959980,23.0
34,2960040,18.0
34,2960100,19.0
34,2960160,23.0
34,2960220,17.0
34,2960280,19.0
34,2960340,18.0
34,2960400,25.0
34,2960460,32.0
34,2960520,16.0
34,2960580,9.0
34,2960640,14.0
34,2960700,22.0
34,2960760,15.0
34,2960820,36.0
34,2960880,22.0
34,2960940,23.0
34,2961000,41.0
34,2961060,34.0
34,2961120,26.0
34,2961180,6.0
34,2961240,16.0
34,2961300,14.0
34,2961360,14.0
34,2961420,16.0
34,2961480,14.0
34,2961540,15.0
34,2961600,32.0
34,2961660,22.0
34,2961720,12.0
34,2961780,21.0
34,2961840,17.0
34,2961900,13.0
34,2961960,30.0
34,2962020,30.0
34,2962080,19.0
34,2962140,23.0
34,2962200,17.0
34,2962260,12.0
34,2962320,23.0
34,2962380,21.0
34,2962440,21.0
34,2962500,15.0
34,2962560,14.0
34,2962620,27.0
34,2962680,27.0
34,2962740,10.0
34,2962800,28.0
34,2962860,25.0
34,2962920,13.0
34,2962980,25.0
34,2963040,19.0
34,2963100,20.0
34,2963160,35.0
34,2963220,44.0
34,2963280,20.0
34,2963340,35.0
34,2963400,32.0
34,2963460,19.0
34,2963520,14.0
34,2963580,18.0
34,2963640,34.0
34,2963700,32.0
34,2963760,25.0
34,2963820,27.0
34,2963880,27.0
34,2963940,24.0
34,2964000,34.0
34,2964060,27.0
34,2964120,37.0
34,2964180,63.0
34,2964240,33.0
34,2964300,42.0
34,2964360,28.0
34,2964420,36.0
34,2964480,40.0
34,2964540,51.0
34,2964600,63.0
34,2964660,59.0
34,2964720,47.0
34,2964780,49.0
34,2964840,62.0
34,2964900,36.0
34,2964960,49.0
34,2965020,55.0
34,2965080,75.0
34,2965140,40.0
34,2965200,47.0
34,2965260,41.0
34,2965320,40.0
34,2965380,42.0
34,2965440,57.0
34,2965500,35.0
34,2965560,52.0
34,2965620,39.0
34,2965680,60.0
34,2965740,55.0
34,2965800,68.0
34,2965860,58.0
34,2965920,74.0
34,2965980,47.0
34,2966040,66.0
34,2966100,65.0
34,2966160,52.0
34,2966220,54.0
34,2966280,42.0
34,2966340,45.0
34,2966400,49.0
34,2966460,56.0
34,2966520,58.0
34,2966580,61.0
34,2966640,64.0
34,2966700,84.0
34,2966760,71.0
34,2966820,76.0
34,2966880,63.0
34,2966940,74.0
34,2967000,67.0
34,2967060,68.0
34,2967120,98.0
34,2967180,93.0
34,2967240,96.0
34,2967300,93.0
34,2967360,90.0
34,2967420,81.0
34,2967480,70.0
34,2967540,94.0
34,2967600,84.0
34,2967660,72.0
34,2967720,79.0
34,2967780,79.0
34,2967840,92.0
34,2967900,116.0
34,2967960,105.0
34,2968020,89.0
34,2968080,74.0
34,2968140,75.0
34,2968200,69.0
34,2968260,59.0
34,2968320,72.0
34,2968380,82.0
34,2968440,98.0
34,2968500,116.0
34,2968560,96.0
34,2968620,77.0
34,2968680,88.0
34,2968740,116.0
34,2968800,87.0
34,2968860,69.0
34,2968920,80.0
34,2968980,84.0
34,2969040,82.0
34,2969100,94.0
34,2969160,87.0
34,2969220,85.0
34,2969280,84.0
34,2969340,98.0
34,2969400,113.0
34,2969460,126.0
34,2969520,106.0
34,2969580,129.0
34,2969640,109.0
34,2969700,109.0
34,2969760,100.0
34,2969820,103.0
34,2969880,121.0
34,2969940,118.0
34,2970000,103.0
34,2970060,121.0
34,2970120,108.0
34,2970180,122.0
34,2970240,104.0
34,2970300,120.0
34,2970360,140.0
34,2970420,120.0
34,2970480,188.0
34,2970540,175.0
34,2970600,156.0
34,2970660,150.0
34,2970720,141.0
34,2970780,143.0
34,2970840,160.0
34,2970900,170.0
34,2970960,153.0
34,2971020,186.0
34,2971080,165.0
34,2971140,180.0
34,2971200,145.0
34,2971260,130.0
34,2971320,155.0
34,2971380,147.0
34,2971440,190.0
34,2971500,205.0
34,2971560,147.0
34,2971620,182.0
34,2971680,170.0
34,2971740,166.0
34,2971800,203.0
34,2971860,171.0
34,2971920,141.0
34,2971980,184.0
34,2972040,180.0
34,2972100,198.0
34,2972160,161.0
34,2972220,175.0
34,2972280,180.0
34,2972340,191.0
34,2972400,170.0
34,2972580,191.0
34,2972640,211.0
34,2972700,249.0
34,2972760,182.0
34,2972820,180.0
34,2972880,215.0
34,2972940,198.0
34,2973000,189.0
34,2973060,187.0
34,2973120,216.0
34,2973180,227.0
34,2973240,252.0
34,2973300,206.0
34,2973360,253.0
34,2973420,247.0
34,2973480,236.0
34,2973540,252.0
34,2973600,245.0
34,2973660,310.0
34,2973720,281.0
34,2973780,258.0
34,2973840,240.0
34,2973900,273.0
34,2973960,284.0
34,2974020,310.0
34,2974080,252.0
34,2974140,248.0
34,2974200,243.0
34,2974260,257.0
34,2974320,313.0
34,2974380,301.0
34,2974440,242.0
34,2974500,265.0
34,2974560,198.0
34,2974620,192.0
34,2974680,208.0
34,2974740,194.0
34,2974800,242.0
34,2974860,249.0
34,2974920,285.0
34,2974980,230.0
34,2975040,268.0
34,2975100,277.0
34,2975160,268.0
34,2975220,214.0
34,2975280,256.0
34,2975340,249.0
34,2975400,244.0
34,2975460,173.0
34,2975520,209.0
34,2975580,217.0
34,2975640,185.0
34,2975700,183.0
34,2975760,219.0
34,2975820,233.0
34,2975880,229.0
34,2975940,253.0
34,2976000,220.0
34,2976060,215.0
34,2976120,192.0
34,2976180,187.0
34,2976240,185.0
34,2976300,181.0
34,2976360,207.0
34,2976420,212.0
34,2976480,252.0
34,2976540,188.0
34,2976600,222.0
34,2976660,190.0
34,2976720,159.0
34,2976780,168.0
34,2976960,228.0
34,2977020,186.0
34,2977080,174.0
34,2977140,145.0
34,2977200,197.0
34,2977260,182.0
34,2977320,265.0
34,2977380,227.0
34,2977440,225.0
34,2977500,211.0
34,2977560,198.0
34,2977620,245.0
34,2977800,306.0
34,2977860,318.0
34,2977920,251.0
34,2977980,247.0
34,2978040,251.0
34,2978100,249.0
34,2978160,269.0
34,2978220,353.0
34,2978280,333.0
34,2978340,308.0
34,2978400,317.0
34,2978460,313.0
34,2978520,278.0
34,2978580,297.0
34,2978640,288.0
34,2978700,240.0
34,2978760,388.0
34,2978820,292.0
34,2978880,214.0
34,2978940,230.0
34,2979000,230.0
34,2979060,256.0
34,2979120,229.0
34,2979180,253.0
34,2979240,281.0
34,2979300,245.0
34,2979360,251.0
34,2979420,209.0
34,2979480,243.0
34,2979540,246.0
34,2979600,209.0
34,2979660,258.0
34,2979720,250.0
34,2979780,289.0
34,2979840,260.0
34,2979900,249.0
34,2979960,251.0
34,2980020,264.0
34,2980080,234.0
34,2980140,230.0
34,2980200,220.0
34,2980260,224.0
34,2980320,213.0
34,2980380,230.0
34,2980440,210.0
34,2980500,252.0
34,2980560,231.0
34,2980620,228.0
34,2980680,254.0
34,2980740,256.0
34,2980800,289.0
34,2980860,258.0
34,2980920,249.0
34,2980980,193.0
34,2981040,295.0
34,2981100,355.0
34,2981160,334.0
34,2981220,234.0
34,2981280,316.0
34,2981340,296.0
34,2981400,352.0
34,2981460,297.0
34,2981520,262.0
34,2981580,210.0
34,2981640,236.0
34,2981700,247.0
34,2981760,261.0
34,2981820,239.0
34,2981880,213.0
34,2981940,200.0
34,2982000,243.0
34,2982060,235.0
34,2982120,215.0
34,2982180,290.0
34,2982240,203.0
34,2982300,188.0
34,2982360,225.0
34,2982420,223.0
34,2982480,230.0
34,2982540,237.0
34,2982600,232.0
34,2982660,187.0
34,2982720,228.0
34,2982780,216.0
34,2982840,273.0
34,2982900,279.0
34,2982960,219.0
34,2983020,278.0
34,2983080,233.0
34,2983140,240.0
34,2983200,279.0
34,2983260,210.0
34,2983320,254.0
34,2983380,274.0
34,2983440,236.0
34,2983500,212.0
34,2983560,213.0
34,2983620,246.0
34,2983680,222.0
34,2983740,220.0
34,2983800,214.0
34,2983860,208.0
34,2983920,231.0
34,2983980,207.0
34,2984040,252.0
34,2984100,196.0
34,2984160,204.0
34,2984220,276.0
34,2984280,209.0
34,2984340,165.0
34,2984400,219.0
34,2984460,155.0
34,2984520,265.0
34,2984580,250.0
34,2984640,245.0
34,2984700,264.0
34,2984760,268.0
34,2984820,314.0
34,2984880,255.0
34,2984940,209.0
34,2985000,268.0
34,2985060,269.0
34,2985120,268.0
34,2985180,214.0
34,2985240,191.0
34,2985300,231.0
34,2985360,192.0
34,2985420,185.0
34,2985480,178.0
34,2985540,215.0
34,2985600,156.0
34,2985660,205.0
34,2985720,202.0
34,2985780,225.0
34,2985840,230.0
34,2985900,198.0
34,2985960,170.0
34,2986020,214.0
34,2986080,165.0
34,2986140,189.0
34,2986200,209.0
34,2986260,219.0
34,2986320,202.0
34,2986380,191.0
34,2986440,240.0
34,2986500,231.0
34,2986560,209.0
34,2986620,225.0
34,2986680,181.0
34,2986740,212.0
34,2986800,227.0
34,2986860,231.0
34,2986920,167.0
34,2986980,158.0
34,2987040,213.0
34,2987100,178.0
34,2987160,216.0
34,2987220,210.0
34,2987280,172.0
34,2987340,206.0
34,2987400,230.0
34,2987460,268.0
34,2987520,235.0
34,2987580,203.0
34,2987640,194.0
34,2987700,232.0
34,2987760,190.0
34,2987820,205.0
34,2987880,273.0
34,2987940,189.0
34,2988000,206.0
34,2988060,236.0
34,2988120,226.0
34,2988180,240.0
34,2988240,195.0
34,2988300,275.0
34,2988360,290.0
34,2988420,293.0
34,2988480,268.0
34,2988540,250.0
34,2988600,257.0
34,2988660,254.0
34,2988720,243.0
34,2988780,250.0
34,2988840,164.0
34,2988900,140.0
34,2988960,231.0
34,2989020,272.0
34,2989080,256.0
34,2989140,244.0
34,2989200,253.0
34,2989260,200.0
34,2989320,194.0
34,2989380,203.0
34,2989440,231.0
34,2989500,242.0
34,2989560,237.0
34,2989620,210.0
34,2989680,245.0
34,2989740,195.0
34,2989800,208.0
34,2989860,174.0
34,2989920,173.0
34,2989980,188.0
34,2990040,218.0
34,2990100,219.0
34,2990160,201.0
34,2990220,220.0
34,2990280,188.0
34,2990340,220.0
34,2990400,188.0
34,2990460,171.0
34,2990520,180.0
34,2990580,194.0
34,2990640,172.0
34,2990700,217.0
34,2990760,169.0
34,2990820,196.0
34,2990880,216.0
34,2990940,167.0
34,2991000,211.0
34,2991060,204.0
34,2991120,194.0
34,2991180,198.0
34,2991240,195.0
34,2991300,186.0
34,2991360,182.0
34,2991420,173.0
34,2991480,186.0
34,2991540,231.0
34,2991600,227.0
34,2991660,248.0
34,2991720,261.0
34,2991780,254.0
34,2991840,268.0
34,2991900,252.0
34,2991960,242.0
34,2992020,228.0
34,2992080,234.0
34,2992140,210.0
34,2992200,258.0
34,2992260,252.0
34,2992320,264.0
34,2992380,216.0
34,2992440,218.0
34,2992500,223.0
34,2992560,228.0
34,2992620,204.0
34,2992680,256.0
34,2992740,209.0
34,2992800,192.0
34,2992860,220.0
34,2992920,222.0
34,2992980,270.0
34,2993040,268.0
34,2993100,207.0
34,2993160,234.0
34,2993220,309.0
34,2993280,286.0
34,2993340,297.0
34,2993400,306.0
34,2993460,222.0
34,2993520,276.0
34,2993580,271.0
34,2993640,247.0
34,2993700,292.0
34,2993760,284.0
34,2993820,238.0
34,2993880,192.0
34,2993940,201.0
34,2994000,185.0
34,2994060,176.0
34,2994180,237.0
34,2994300,197.0
34,2994360,197.0
34,2994420,191.0
34,2994480,206.0
34,2994540,270.0
34,2994600,231.0
34,2994660,223.0
34,2994720,196.0
34,2994780,243.0
34,2994840,282.0
34,2994900,303.0
34,2994960,196.0
34,2995020,227.0
34,2995080,212.0
34,2995140,210.0
34,2995200,204.0
34,2995260,258.0
34,2995320,246.0
34,2995380,238.0
34,2995440,218.0
34,2995500,224.0
34,2995560,228.0
34,2995620,194.0
34,2995680,218.0
34,2995740,222.0
34,2995800,190.0
34,2995860,216.0
34,2995920,223.0
34,2995980,207.0
34,2996040,240.0
34,2996100,207.0
34,2996160,223.0
34,2996220,231.0
34,2996280,244.0
34,2996340,214.0
34,2996400,249.0
34,2996460,165.0
34,2996520,159.0
34,2996580,206.0
34,2996640,140.0
34,2996700,201.0
34,2996760,194.0
34,2996820,195.0
34,2996880,230.0
34,2996940,146.0
34,2997000,187.0
34,2997060,261.0
34,2997120,224.0
34,2997180,191.0
34,2997240,181.0
34,2997300,251.0
34,2997360,273.0
34,2997420,252.0
34,2997480,264.0
34,2997540,239.0
34,2997600,249.0
34,2997660,274.0
34,2997720,275.0
34,2997780,254.0
34,2997840,195.0
34,2997900,214.0
34,2997960,200.0
34,2998020,192.0
34,2998080,216.0
34,2998140,168.0
34,2998200,206.0
34,2998260,210.0
34,2998320,240.0
34,2998380,242.0
34,2998440,301.0
34,2998500,216.0
34,2998560,182.0
34,2998620,215.0
34,2998680,178.0
34,2998740,211.0
34,2998800,166.0
34,2998860,171.0
34,2998920,234.0
34,2998980,277.0
34,2999040,256.0
34,2999100,237.0
34,2999160,226.0
34,2999220,224.0
34,2999280,234.0
34,2999340,245.0
34,2999400,270.0
34,2999460,267.0
34,2999520,235.0
34,2999580,271.0
34,2999640,250.0
34,2999700,236.0
34,2999760,177.0
34,2999820,162.0
34,2999880,184.0
34,2999940,182.0
34,3000000,219.0
34,3000060,226.0
34,3000120,190.0
34,3000180,206.0
34,3000240,183.0
34,3000300,250.0
34,3000360,249.0
34,3000420,203.0
34,3000480,258.0
34,3000540,207.0
34,3000600,190.0
34,3000660,203.0
34,3000720,234.0
34,3000780,197.0
34,3000840,188.0
34,3000900,192.0
34,3000960,142.0
34,3001020,187.0
34,3001080,181.0
34,3001140,200.0
34,3001200,205.0
34,3001260,173.0
34,3001320,220.0
34,3001380,222.0
34,3001440,197.0
34,3001500,205.0
34,3001560,223.0
34,3001620,220.0
34,3001680,155.0
34,3001740,172.0
34,3001800,190.0
34,3001860,183.0
34,3001920,148.0
34,3001980,197.0
34,3002040,196.0
34,3002100,228.0
34,3002160,259.0
34,3002220,209.0
34,3002280,190.0
34,3002340,257.0
34,3002400,232.0
34,3002460,226.0
34,3002520,242.0
34,3002580,278.0
34,3002640,262.0
34,3002700,222.0
34,3002760,234.0
34,3002820,228.0
34,3002880,220.0
34,3002940,188.0
34,3003000,230.0
34,3003060,251.0
34,3003120,216.0
34,3003180,173.0
34,3003240,210.0
34,3003300,159.0
34,3003360,238.0
34,3003420,218.0
34,3003480,184.0
34,3003540,184.0
34,3003600,175.0
34,3003660,223.0
34,3003720,209.0
34,3003780,246.0
34,3003840,214.0
34,3003900,196.0
34,3003960,178.0
34,3004020,172.0
34,3004080,161.0
34,3004140,145.0
34,3004200,191.0
34,3004260,265.0
34,3004320,297.0
34,3004380,170.0
34,3004440,209.0
34,3004500,191.0
34,3004560,200.0
34,3004620,209.0
34,3004680,206.0
34,3004740,150.0
34,3004800,160.0
34,3004860,200.0
34,3004920,233.0
34,3004980,189.0
34,3005040,175.0
34,3005100,204.0
34,3005160,235.0
34,3005220,256.0
34,3005280,254.0
34,3005340,279.0
34,3005400,311.0
34,3005460,235.0
34,3005520,193.0
34,3005580,193.0
34,3005640,177.0
34,3005700,193.0
34,3005760,175.0
34,3005820,208.0
34,3005880,238.0
34,3005940,195.0
34,3006000,158.0
34,3006060,223.0
34,3006120,216.0
34,3006180,197.0
34,3006240,238.0
34,3006300,217.0
34,3006360,216.0
34,3006420,207.0
34,3006480,264.0
34,3006540,233.0
34,3006600,208.0
34,3006660,203.0
34,3006720,226.0
34,3006780,268.0
34,3006840,234.0
34,3006900,239.0
34,3006960,186.0
34,3007020,189.0
34,3007080,196.0
34,3007140,204.0
34,3007200,257.0
34,3007260,234.0
34,3007320,252.0
34,3007380,214.0
34,3007440,196.0
34,3007500,183.0
34,3007560,228.0
34,3007620,215.0
34,3007680,236.0
34,3007740,210.0
34,3007800,236.0
34,3007860,226.0
34,3007920,191.0
34,3007980,178.0
34,3008040,202.0
34,3008100,211.0
34,3008160,235.0
34,3008220,239.0
34,3008280,252.0
34,3008340,218.0
34,3008400,226.0
34,3008460,218.0
34,3008520,254.0
34,3008580,226.0
34,3008640,218.0
34,3008700,240.0
34,3008760,217.0
34,3008820,202.0
34,3008880,214.0
34,3008940,191.0
34,3009000,209.0
34,3009060,236.0
34,3009120,244.0
34,3009180,340.0
34,3009240,280.0
34,3009300,228.0
34,3009360,259.0
34,3009420,244.0
34,3009480,259.0
34,3009540,265.0
34,3009600,239.0
34,3009660,282.0
34,3009720,327.0
34,3009780,303.0
34,3009840,351.0
34,3009900,298.0
34,3009960,303.0
34,3010020,201.0
34,3010080,284.0
34,3010140,314.0
34,3010200,276.0
34,3010260,311.0
34,3010320,280.0
34,3010380,261.0
34,3010440,303.0
34,3010500,277.0
34,3010560,228.0
34,3010620,230.0
34,3010680,250.0
34,3010740,228.0
34,3010800,235.0
34,3010860,327.0
34,3010920,312.0
34,3010980,245.0
34,3011040,301.0
34,3011100,252.0
34,3011160,240.0
34,3011220,254.0
34,3011280,222.0
34,3011340,196.0
34,3011400,231.0
34,3011460,268.0
34,3011520,260.0
34,3011580,203.0
34,3011640,232.0
34,3011700,210.0
34,3011760,233.0
34,3011820,201.0
34,3011880,246.0
34,3011940,238.0
34,3012000,239.0
34,3012060,312.0
34,3012120,229.0
34,3012180,229.0
34,3012240,208.0
34,3012300,194.0
34,3012360,250.0
34,3012420,232.0
34,3012480,236.0
34,3012540,224.0
34,3012600,187.0
34,3012660,242.0
34,3012720,181.0
34,3012780,226.0
34,3012840,239.0
34,3012900,277.0
34,3012960,288.0
34,3013020,277.0
34,3013080,296.0
34,3013140,256.0
34,3013200,267.0
34,3013260,307.0
34,3013320,297.0
34,3013380,232.0
34,3013440,290.0
34,3013500,318.0
34,3013560,311.0
34,3013620,292.0
34,3013680,268.0
34,3013740,268.0
34,3013800,256.0
34,3013860,230.0
34,3013920,214.0
34,3013980,202.0
34,3014040,224.0
34,3014100,232.0
34,3014160,214.0
34,3014220,207.0
34,3014280,228.0
34,3014340,180.0
34,3014400,254.0
34,3014460,213.0
34,3014520,220.0
34,3014580,250.0
34,3014640,229.0
34,3014700,226.0
34,3014760,197.0
34,3014820,245.0
34,3014880,280.0
34,3014940,229.0
34,3015000,237.0
34,3015060,242.0
34,3015120,198.0
34,3015180,245.0
34,3015240,244.0
34,3015300,261.0
34,3015360,235.0
34,3015420,280.0
34,3015480,252.0
34,3015540,250.0
34,3015600,226.0
34,3015660,210.0
34,3015720,219.0
34,3015780,168.0
34,3015840,197.0
34,3015900,198.0
34,3015960,204.0
34,3016020,205.0
34,3016080,206.0
34,3016140,217.0
34,3016200,236.0
34,3016260,200.0
34,3016320,180.0
34,3016380,212.0
34,3016440,244.0
34,3016500,238.0
34,3016560,291.0
34,3016620,205.0
34,3016680,174.0
34,3016740,196.0
34,3016800,255.0
34,3016860,249.0
34,3016920,202.0
34,3016980,216.0
34,3017040,322.0
34,3017100,295.0
34,3017160,244.0
34,3017220,198.0
34,3017280,248.0
34,3017340,290.0
34,3017400,302.0
34,3017460,296.0
34,3017520,311.0
34,3017580,340.0
34,3017640,242.0
34,3017700,229.0
34,3017760,220.0
34,3017820,240.0
34,3017880,270.0
34,3017940,282.0
34,3018000,275.0
34,3018060,243.0
34,3018120,293.0
34,3018180,186.0
34,3018240,208.0
34,3018300,207.0
34,3018360,226.0
34,3018420,210.0
34,3018480,250.0
34,3018540,188.0
34,3018600,290.0
34,3018660,218.0
34,3018720,215.0
34,3018780,211.0
34,3018840,251.0
34,3018900,214.0
34,3018960,183.0
34,3019020,186.0
34,3019080,188.0
34,3019140,220.0
34,3019200,169.0
34,3019260,200.0
34,3019320,193.0
34,3019380,210.0
34,3019440,270.0
34,3019500,208.0
34,3019560,226.0
34,3019620,208.0
34,3019680,170.0
34,3019740,210.0
34,3019800,236.0
34,3019860,267.0
34,3019920,268.0
34,3019980,242.0
34,3020040,185.0
34,3020100,171.0
34,3020160,213.0
34,3020220,215.0
34,3020280,282.0
34,3020340,243.0
34,3020400,184.0
34,3020460,207.0
34,3020520,214.0
34,3020580,211.0
34,3020640,231.0
34,3020700,239.0
34,3020760,292.0
34,3020820,246.0
34,3020880,248.0
34,3020940,244.0
34,3021000,228.0
34,3021060,235.0
34,3021120,240.0
34,3021180,209.0
34,3021240,251.0
34,3021300,233.0
34,3021360,205.0
34,3021420,188.0
34,3021480,226.0
34,3021540,169.0
34,3021600,196.0
34,3021660,154.0
34,3021720,198.0
34,3021780,192.0
34,3021840,168.0
34,3021900,151.0
34,3021960,143.0
34,3022020,164.0
34,3022080,160.0
34,3022140,195.0
34,3022200,149.0
34,3022260,171.0
34,3022320,154.0
34,3022380,160.0
34,3022440,206.0
34,3022500,215.0
34,3022560,168.0
34,3022620,175.0
34,3022680,136.0
34,3022740,168.0
34,3022800,160.0
34,3022860,109.0
34,3022920,144.0
34,3022980,164.0
34,3023040,138.0
34,3023100,155.0
34,3023160,129.0
34,3023220,148.0
34,3023280,170.0
34,3023340,206.0
34,3023400,143.0
34,3023460,125.0
34,3023520,125.0
34,3023580,190.0
34,3023640,120.0
34,3023700,136.0
34,3023760,203.0
34,3023820,162.0
34,3023880,159.0
34,3023940,164.0
35,3024000,130.0
35,3024060,123.0
35,3024120,160.0
35,3024180,173.0
35,3024240,217.0
35,3024300,205.0
35,3024360,172.0
35,3024420,151.0
35,3024480,173.0
35,3024540,198.0
35,3024600,159.0
35,3024660,169.0
35,3024720,165.0
35,3024780,167.0
35,3024840,151.0
35,3024900,155.0
35,3024960,129.0
35,3025020,154.0
35,3025080,121.0
35,3025140,152.0
35,3025200,186.0
35,3025260,128.0
35,3025320,119.0
35,3025380,138.0
35,3025440,148.0
35,3025500,149.0
35,3025560,154.0
35,3025620,129.0
35,3025680,133.0
35,3025740,162.0
35,3025800,133.0
35,3025860,107.0
35,3025920,166.0
35,3025980,143.0
35,3026040,169.0
35,3026100,152.0
35,3026160,131.0
35,3026220,143.0
35,3026280,117.0
35,3026340,106.0
35,3026400,100.0
35,3026460,148.0
35,3026520,152.0
35,3026580,101.0
35,3026640,97.0
35,3026700,84.0
35,3026760,96.0
35,3026820,135.0
35,3026880,123.0
35,3026940,108.0
35,3027000,114.0
35,3027060,91.0
35,3027120,118.0
35,3027180,106.0
35,3027240,124.0
35,3027300,132.0
35,3027360,114.0
35,3027420,100.0
35,3027480,96.0
35,3027540,85.0
35,3027600,85.0
35,3027660,138.0
35,3027720,112.0
35,3027780,88.0
35,3027840,118.0
35,3027900,130.0
35,3027960,90.0
35,3028020,99.0
35,3028080,118.0
35,3028140,83.0
35,3028200,130.0
35,3028260,140.0
35,3028320,134.0
35,3028380,106.0
35,3028440,144.0
35,3028500,111.0
35,3028560,110.0
35,3028620,100.0
35,3028680,90.0
35,3028740,96.0
35,3028800,88.0
35,3028860,92.0
35,3028920,75.0
35,3028980,61.0
35,3029040,52.0
35,3029100,59.0
35,3029160,66.0
35,3029220,66.0
35,3029280,55.0
35,3029340,49.0
35,3029400,102.0
35,3029460,135.0
35,3029520,86.0
35,3029580,89.0
35,3029640,81.0
35,3029700,116.0
35,3029760,111.0
35,3029820,85.0
35,3029880,94.0
35,3029940,100.0
35,3030000,96.0
35,3030060,103.0
35,3030120,139.0
35,3030180,135.0
35,3030240,142.0
35,3030300,81.0
35,3030360,111.0
35,3030420,112.0
35,3030480,107.0
35,3030540,106.0
35,3030600,97.0
35,3030660,65.0
35,3030720,93.0
35,3030780,63.0
35,3030840,46.0
35,3030900,60.0
35,3030960,52.0
35,3031020,80.0
35,3031080,96.0
35,3031140,41.0
35,3031200,50.0
35,3031260,85.0
35,3031320,76.0
35,3031380,84.0
35,3031440,94.0
35,3031500,82.0
35,3031560,100.0
35,3031620,56.0
35,3031680,50.0
35,3031740,48.0
35,3031800,45.0
35,3031860,51.0
35,3031920,40.0
35,3031980,48.0
35,3032040,40.0
35,3032100,30.0
35,3032160,39.0
35,3032220,48.0
35,3032280,55.0
35,3032340,58.0
35,3032400,33.0
35,3032460,56.0
35,3032520,39.0
35,3032580,62.0
35,3032640,44.0
35,3032700,24.0
35,3032760,23.0
35,3032820,102.0
35,3032880,108.0
35,3032940,50.0
35,3033000,62.0
35,3033060,27.0
35,3033120,54.0
35,3033180,42.0
35,3033240,43.0
35,3033300,42.0
35,3033360,40.0
35,3033420,34.0
35,3033480,45.0
35,3033540,33.0
35,3033600,28.0
35,3033660,32.0
35,3033720,26.0
35,3033780,33.0
35,3033840,28.0
35,3033900,38.0
35,3033960,32.0
35,3034020,21.0
35,3034080,33.0
35,3034140,32.0
35,3034200,41.0
35,3034260,70.0
35,3034320,22.0
35,3034380,21.0
35,3034440,28.0
35,3034500,27.0
35,3034560,23.0
35,3034620,24.0
35,3034680,35.0
35,3034740,36.0
35,3034800,29.0
35,3034860,27.0
35,3034920,23.0
35,3034980,18.0
35,3035040,29.0
35,3035100,33.0
35,3035160,22.0
35,3035220,29.0
35,3035280,13.0
35,3035340,13.0
35,3035400,25.0
35,3035460,15.0
35,3035520,28.0
35,3035580,14.0
35,3035640,32.0
35,3035700,17.0
35,3035760,24.0
35,3035820,37.0
35,3035880,37.0
35,3035940,28.0
35,3036000,28.0
35,3036060,24.0
35,3036120,14.0
35,3036180,22.0
35,3036240,15.0
35,3036300,19.0
35,3036360,16.0
35,3036420,28.0
35,3036480,36.0
35,3036540,33.0
35,3036600,22.0
35,3036660,22.0
35,3036720,24.0
35,3036780,22.0
35,3036840,23.0
35,3036900,17.0
35,3036960,27.0
35,3037020,35.0
35,3037080,29.0
35,3037140,21.0
35,3037200,24.0
35,3037260,26.0
35,3037320,19.0
35,3037380,20.0
35,3037440,26.0
35,3037500,35.0
35,3037560,23.0
35,3037620,10.0
35,3037680,33.0
35,3037740,26.0
35,3037800,43.0
35,3037860,32.0
35,3037920,17.0
35,3037980,25.0
35,3038040,27.0
35,3038100,54.0
35,3038160,33.0
35,3038220,22.0
35,3038280,25.0
35,3038340,37.0
35,3038400,27.0
35,3038460,28.0
35,3038520,20.0
35,3038580,33.0
35,3038640,16.0
35,3038700,17.0
35,3038760,28.0
35,3038820,18.0
35,3038880,25.0
35,3038940,19.0
35,3039000,17.0
35,3039060,10.0
35,3039120,16.0
35,3039180,18.0
35,3039240,14.0
35,3039300,13.0
35,3039360,20.0
35,3039420,18.0
35,3039480,17.0
35,3039540,14.0
35,3039600,19.0
35,3039660,20.0
35,3039720,5.0
35,3039780,7.0
35,3039840,8.0
35,3039900,36.0
35,3039960,43.0
35,3040020,22.0
35,3040080,13.0
35,3040140,13.0
35,3040200,8.0
35,3040260,18.0
35,3040320,18.0
35,3040380,14.0
35,3040440,20.0
35,3040500,12.0
35,3040560,21.0
35,3040620,16.0
35,3040680,17.0
35,3040740,17.0
35,3040800,8.0
35,3040860,26.0
35,3040920,26.0
35,3040980,20.0
35,3041040,29.0
35,3041100,23.0
35,3041160,25.0
35,3041220,9.0
35,3041280,29.0
35,3041340,28.0
35,3041400,17.0
35,3041460,32.0
35,3041520,13.0
35,3041580,21.0
35,3041640,10.0
35,3041700,20.0
35,3041760,17.0
35,3041820,10.0
35,3041880,19.0
35,3041940,16.0
35,3042000,22.0
35,3042060,8.0
35,3042120,41.0
35,3042180,18.0
35,3042240,9.0
35,3042300,16.0
35,3042360,29.0
35,3042420,7.0
35,3042480,6.0
35,3042540,9.0
35,3042600,4.0
35,3042660,19.0
35,3042720,15.0
35,3042780,12.0
35,3042840,8.0
35,3042900,13.0
35,3042960,9.0
35,3043020,10.0
35,3043080,10.0
35,3043140,7.0
35,3043200,14.0
35,3043260,12.0
35,3043320,7.0
35,3043380,13.0
35,3043440,23.0
35,3043500,16.0
35,3043560,16.0
35,3043620,21.0
35,3043680,18.0
35,3043740,21.0
35,3043800,9.0
35,3043860,10.0
35,3043920,16.0
35,3043980,26.0
35,3044040,6.0
35,3044100,23.0
35,3044160,21.0
35,3044220,12.0
35,3044280,16.0
35,3044340,15.0
35,3044400,15.0
35,3044460,1.0
35,3044520,15.0
35,3044580,8.0
35,3044640,14.0
35,3044700,14.0
35,3044760,10.0
35,3044820,6.0
35,3044880,4.0
35,3044940,15.0
35,3045000,21.0
35,3045060,8.0
35,3045120,15.0
35,3045180,20.0
35,3045240,17.0
35,3045300,15.0
35,3045360,29.0
35,3045420,9.0
35,3045480,27.0
35,3045540,7.0
35,3045600,14.0
35,3045660,14.0
35,3045720,15.0
35,3045780,25.0
35,3045840,17.0
35,3045900,8.0
35,3045960,17.0
35,3046020,10.0
35,3046080,22.0
35,3046140,16.0
35,3046200,10.0
35,3046260,12.0
35,3046320,9.0
35,3046380,13.0
35,3046440,10.0
35,3046500,14.0
35,3046560,10.0
35,3046620,8.0
35,3046680,9.0
35,3046740,10.0
35,3046800,6.0
35,3046860,18.0
35,3046920,6.0
35,3046980,16.0
35,3047040,17.0
35,3047100,12.0
35,3047160,15.0
35,3047220,10.0
35,3047280,16.0
35,3047340,4.0
35,3047400,14.0
35,3047460,10.0
35,3047520,7.0
35,3047580,37.0
35,3047640,29.0
35,3047700,15.0
35,3047760,9.0
35,3047820,12.0
35,3047880,9.0
35,3047940,6.0
35,3048000,18.0
35,3048060,5.0
35,3048120,17.0
35,3048180,17.0
35,3048240,8.0
35,3048300,14.0
35,3048360,19.0
35,3048420,20.0
35,3048480,12.0
35,3048540,43.0
35,3048600,25.0
35,3048660,21.0
35,3048720,10.0
35,3048780,9.0
35,3048840,17.0
35,3048900,20.0
35,3048960,12.0
35,3049020,15.0
35,3049080,34.0
35,3049140,26.0
35,3049200,36.0
35,3049260,5.0
35,3049320,28.0
35,3049380,12.0
35,3049440,22.0
35,3049500,18.0
35,3049560,13.0
35,3049620,3.0
35,3049680,20.0
35,3049740,12.0
35,3049800,18.0
35,3049860,36.0
35,3049920,24.0
35,3049980,15.0
35,3050040,13.0
35,3050100,13.0
35,3050160,8.0
35,3050220,16.0
35,3050280,13.0
35,3050340,20.0
35,3050400,35.0
35,3050460,29.0
35,3050520,38.0
35,3050580,26.0
35,3050640,34.0
35,3050700,24.0
35,3050760,22.0
35,3050820,17.0
35,3050880,23.0
35,3050940,46.0
35,3051000,22.0
35,3051060,14.0
35,3051120,38.0
35,3051180,30.0
35,3051240,29.0
35,3051300,22.0
35,3051360,22.0
35,3051420,21.0
35,3051480,32.0
35,3051540,30.0
35,3051600,35.0
35,3051660,48.0
35,3051720,36.0
35,3051780,27.0
35,3051840,51.0
35,3051900,32.0
35,3051960,37.0
35,3052020,36.0
35,3052080,65.0
35,3052140,43.0
35,3052200,64.0
35,3052260,59.0
35,3052320,104.0
35,3052380,47.0
35,3052440,56.0
35,3052500,30.0
35,3052560,40.0
35,3052620,85.0
35,3052680,82.0
35,3052740,69.0
35,3052800,97.0
35,3052860,78.0
35,3052920,92.0
35,3052980,86.0
35,3053040,77.0
35,3053100,93.0
35,3053160,99.0
35,3053220,104.0
35,3053280,87.0
35,3053340,128.0
35,3053400,104.0
35,3053460,118.0
35,3053520,113.0
35,3053580,76.0
35,3053640,98.0
35,3053700,70.0
35,3053760,70.0
35,3053820,80.0
35,3053880,87.0
35,3053940,72.0
35,3054000,80.0
35,3054060,108.0
35,3054120,65.0
35,3054180,86.0
35,3054240,59.0
35,3054300,68.0
35,3054360,86.0
35,3054420,85.0
35,3054480,85.0
35,3054540,100.0
35,3054600,86.0
35,3054660,72.0
35,3054720,94.0
35,3054780,91.0
35,3054840,84.0
35,3054900,64.0
35,3054960,101.0
35,3055020,67.0
35,3055080,83.0
35,3055140,89.0
35,3055200,78.0
35,3055260,92.0
35,3055320,79.0
35,3055380,89.0
35,3055440,88.0
35,3055500,100.0
35,3055560,112.0
35,3055620,79.0
35,3055680,117.0
35,3055740,124.0
35,3055800,111.0
35,3055860,102.0
35,3055920,108.0
35,3055980,119.0
35,3056040,113.0
35,3056100,109.0
35,3056160,86.0
35,3056220,85.0
35,3056280,94.0
35,3056340,74.0
35,3056400,79.0
35,3056460,146.0
35,3056520,152.0
35,3056580,108.0
35,3056640,102.0
35,3056700,185.0
35,3056760,180.0
35,3056820,153.0
35,3056880,141.0
35,3056940,125.0
35,3057000,165.0
35,3057060,204.0
35,3057120,148.0
35,3057180,126.0
35,3057240,147.0
35,3057300,151.0
35,3057360,153.0
35,3057420,177.0
35,3057480,146.0
35,3057540,145.0
35,3057600,104.0
35,3057660,165.0
35,3057720,160.0
35,3057780,166.0
35,3057840,130.0
35,3057900,166.0
35,3057960,128.0
35,3058020,134.0
35,3058080,100.0
35,3058140,139.0
35,3058200,101.0
35,3058260,121.0
35,3058320,122.0
35,3058380,153.0
35,3058440,151.0
35,3058500,119.0
35,3058560,188.0
35,3058620,140.0
35,3058680,142.0
35,3058740,125.0
35,3058800,141.0
35,3058860,156.0
35,3058920,197.0
35,3058980,192.0
35,3059040,162.0
35,3059100,168.0
35,3059160,134.0
35,3059220,143.0
35,3059280,150.0
35,3059340,165.0
35,3059400,152.0
35,3059460,158.0
35,3059520,123.0
35,3059580,122.0
35,3059640,126.0
35,3059700,150.0
35,3059760,132.0
35,3059820,174.0
35,3059880,165.0
35,3059940,211.0
35,3060000,136.0
35,3060060,176.0
35,3060120,193.0
35,3060180,198.0
35,3060240,211.0
35,3060300,195.0
35,3060360,226.0
35,3060420,192.0
35,3060480,207.0
35,3060540,155.0
35,3060600,224.0
35,3060660,226.0
35,3060720,150.0
35,3060780,196.0
35,3060840,164.0
35,3060900,146.0
35,3060960,175.0
35,3061020,162.0
35,3061080,185.0
35,3061140,259.0
35,3061200,211.0
35,3061260,208.0
35,3061320,233.0
35,3061380,236.0
35,3061440,240.0
35,3061500,262.0
35,3061560,267.0
35,3061620,235.0
35,3061680,252.0
35,3061740,214.0
35,3061800,242.0
35,3061860,215.0
35,3061920,232.0
35,3061980,252.0
35,3062040,226.0
35,3062100,171.0
35,3062160,147.0
35,3062220,190.0
35,3062280,166.0
35,3062340,197.0
35,3062400,176.0
35,3062460,166.0
35,3062520,190.0
35,3062580,212.0
35,3062640,171.0
35,3062700,165.0
35,3062760,204.0
35,3062820,180.0
35,3062880,151.0
35,3062940,175.0
35,3063000,197.0
35,3063060,198.0
35,3063120,156.0
35,3063180,156.0
35,3063240,180.0
35,3063300,200.0
35,3063360,205.0
35,3063420,212.0
35,3063480,222.0
35,3063540,186.0
35,3063600,222.0
35,3063660,187.0
35,3063720,239.0
35,3063780,223.0
35,3063840,217.0
35,3063900,232.0
35,3063960,270.0
35,3064020,313.0
35,3064080,289.0
35,3064140,235.0
35,3064200,256.0
35,3064260,257.0
35,3064320,270.0
35,3064380,195.0
35,3064440,236.0
35,3064500,240.0
35,3064560,226.0
35,3064620,193.0
35,3064680,180.0
35,3064740,202.0
35,3064800,220.0
35,3064860,168.0
35,3064920,217.0
35,3065040,190.0
35,3065100,212.0
35,3065160,224.0
35,3065220,189.0
35,3065280,186.0
35,3065340,200.0
35,3065400,184.0
35,3065460,185.0
35,3065520,187.0
35,3065580,239.0
35,3065640,204.0
35,3065700,176.0
35,3065760,217.0
35,3065820,195.0
35,3065880,211.0
35,3065940,205.0
35,3066000,215.0
35,3066060,207.0
35,3066120,183.0
35,3066180,208.0
35,3066240,204.0
35,3066300,201.0
35,3066360,190.0
35,3066420,173.0
35,3066480,182.0
35,3066540,271.0
35,3066600,249.0
35,3066660,233.0
35,3066720,219.0
35,3066780,215.0
35,3066840,166.0
35,3066900,184.0
35,3066960,189.0
35,3067020,176.0
35,3067080,193.0
35,3067140,176.0
35,3067200,146.0
35,3067260,214.0
35,3067320,240.0
35,3067380,290.0
35,3067440,265.0
35,3067500,277.0
35,3067560,259.0
35,3067620,220.0
35,3067680,245.0
35,3067740,246.0
35,3067800,265.0
35,3067860,216.0
35,3067920,208.0
35,3067980,215.0
35,3068040,237.0
35,3068100,170.0
35,3068160,196.0
35,3068220,217.0
35,3068280,266.0
35,3068340,206.0
35,3068400,219.0
35,3068460,191.0
35,3068520,168.0
35,3068580,212.0
35,3068640,196.0
35,3068700,224.0
35,3068760,236.0
35,3068820,209.0
35,3068880,178.0
35,3068940,160.0
35,3069000,262.0
35,3069060,293.0
35,3069120,229.0
35,3069180,235.0
35,3069240,256.0
35,3069300,227.0
35,3069360,167.0
35,3069420,249.0
35,3069480,207.0
35,3069540,211.0
35,3069600,208.0
35,3069660,197.0
35,3069720,210.0
35,3069780,194.0
35,3069840,212.0
35,3069900,206.0
35,3069960,168.0
35,3070020,226.0
35,3070080,200.0
35,3070140,234.0
35,3070200,167.0
35,3070260,195.0
35,3070320,212.0
35,3070380,191.0
35,3070440,204.0
35,3070500,190.0
35,3070560,191.0
35,3070620,187.0
35,3070680,162.0
35,3070740,175.0
35,3070800,182.0
35,3070860,188.0
35,3070920,225.0
35,3070980,207.0
35,3071040,222.0
35,3071100,176.0
35,3071160,203.0
35,3071220,161.0
35,3071280,208.0
35,3071340,187.0
35,3071400,203.0
35,3071460,205.0
35,3071520,230.0
35,3071580,270.0
35,3071640,216.0
35,3071700,232.0
35,3071760,266.0
35,3071820,278.0
35,3071880,245.0
35,3071940,233.0
35,3072000,173.0
35,3072060,216.0
35,3072120,180.0
35,3072180,183.0
35,3072240,181.0
35,3072300,245.0
35,3072360,235.0
35,3072420,249.0
35,3072480,201.0
35,3072540,190.0
35,3072600,198.0
35,3072660,239.0
35,3072720,239.0
35,3072780,222.0
35,3072840,197.0
35,3072900,210.0
35,3072960,172.0
35,3073020,159.0
35,3073080,225.0
35,3073140,211.0
35,3073200,226.0
35,3073260,233.0
35,3073320,223.0
35,3073380,236.0
35,3073440,215.0
35,3073500,319.0
35,3073560,225.0
35,3073620,196.0
35,3073680,211.0
35,3073740,252.0
35,3073800,229.0
35,3073860,226.0
35,3073920,181.0
35,3073980,192.0
35,3074040,183.0
35,3074100,206.0
35,3074160,195.0
35,3074220,178.0
35,3074280,178.0
35,3074340,227.0
35,3074400,256.0
35,3074460,224.0
35,3074520,276.0
35,3074580,254.0
35,3074640,276.0
35,3074700,247.0
35,3074760,250.0
35,3074820,285.0
35,3074880,295.0
35,3074940,265.0
35,3075000,218.0
35,3075060,202.0
35,3075120,195.0
35,3075180,214.0
35,3075240,205.0
35,3075300,206.0
35,3075360,218.0
35,3075420,208.0
35,3075480,229.0
35,3075540,248.0
35,3075600,214.0
35,3075660,225.0
35,3075720,219.0
35,3075780,209.0
35,3075840,203.0
35,3075900,185.0
35,3075960,233.0
35,3076020,254.0
35,3076080,228.0
35,3076140,189.0
35,3076200,151.0
35,3076260,171.0
35,3076320,158.0
35,3076380,162.0
35,3076440,165.0
35,3076500,150.0
35,3076560,174.0
35,3076620,183.0
35,3076680,177.0
35,3076740,207.0
35,3076800,197.0
35,3076860,192.0
35,3076920,181.0
35,3076980,222.0
35,3077040,244.0
35,3077100,186.0
35,3077160,183.0
35,3077220,188.0
35,3077280,210.0
35,3077340,251.0
35,3077400,198.0
35,3077460,236.0
35,3077520,177.0
35,3077580,167.0
35,3077640,185.0
35,3077700,161.0
35,3077760,190.0
35,3077820,196.0
35,3077880,161.0
35,3077940,175.0
35,3078000,158.0
35,3078060,227.0
35,3078120,162.0
35,3078180,184.0
35,3078240,213.0
35,3078300,201.0
35,3078360,195.0
35,3078420,182.0
35,3078480,230.0
35,3078540,181.0
35,3078600,216.0
35,3078660,175.0
35,3078720,175.0
35,3078780,203.0
35,3078840,261.0
35,3078900,244.0
35,3078960,245.0
35,3079020,222.0
35,3079080,258.0
35,3079140,321.0
35,3079200,266.0
35,3079260,257.0
35,3079320,243.0
35,3079380,275.0
35,3079440,264.0
35,3079500,216.0
35,3079560,211.0
35,3079620,230.0
35,3079680,201.0
35,3079740,176.0
35,3079800,175.0
35,3079860,204.0
35,3079920,213.0
35,3079980,175.0
35,3080040,216.0
35,3080100,144.0
35,3080160,193.0
35,3080220,193.0
35,3080280,196.0
35,3080340,257.0
35,3080400,251.0
35,3080460,237.0
35,3080520,212.0
35,3080580,219.0
35,3080640,196.0
35,3080700,190.0
35,3080760,240.0
35,3080820,212.0
35,3080880,133.0
35,3080940,212.0
35,3081000,225.0
35,3081060,223.0
35,3081120,175.0
35,3081180,242.0
35,3081240,209.0
35,3081300,237.0
35,3081360,256.0
35,3081420,242.0
35,3081480,279.0
35,3081540,209.0
35,3081600,210.0
35,3081660,245.0
35,3081720,292.0
35,3081780,286.0
35,3081840,271.0
35,3081900,231.0
35,3081960,225.0
35,3082020,254.0
35,3082080,252.0
35,3082140,233.0
35,3082200,293.0
35,3082380,239.0
35,3082440,253.0
35,3082560,269.0
35,3082620,250.0
35,3082680,288.0
35,3082740,229.0
35,3082800,192.0
35,3082860,217.0
35,3082920,191.0
35,3082980,201.0
35,3083040,149.0
35,3083100,189.0
35,3083160,212.0
35,3083220,152.0
35,3083280,168.0
35,3083340,169.0
35,3083400,182.0
35,3083460,169.0
35,3083520,209.0
35,3083580,251.0
35,3083640,261.0
35,3083700,251.0
35,3083760,233.0
35,3083820,234.0
35,3083880,220.0
35,3083940,240.0
35,3084000,203.0
35,3084060,238.0
35,3084120,204.0
35,3084180,186.0
35,3084240,205.0
35,3084300,174.0
35,3084360,200.0
35,3084420,160.0
35,3084480,184.0
35,3084540,220.0
35,3084600,249.0
35,3084660,230.0
35,3084720,232.0
35,3084780,237.0
35,3084840,227.0
35,3084900,223.0
35,3084960,219.0
35,3085020,247.0
35,3085080,237.0
35,3085140,252.0
35,3085200,261.0
35,3085260,321.0
35,3085320,332.0
35,3085380,247.0
35,3085440,286.0
35,3085500,244.0
35,3085560,252.0
35,3085620,159.0
35,3085680,236.0
35,3085740,262.0
35,3085800,262.0
35,3085860,256.0
35,3085920,229.0
35,3085980,186.0
35,3086040,213.0
35,3086100,245.0
35,3086160,193.0
35,3086220,197.0
35,3086280,270.0
35,3086340,198.0
35,3086400,240.0
35,3086460,175.0
35,3086520,236.0
35,3086580,229.0
35,3086640,251.0
35,3086700,197.0
35,3086760,246.0
35,3086820,285.0
35,3086880,223.0
35,3086940,231.0
35,3087000,226.0
35,3087060,173.0
35,3087120,185.0
35,3087180,190.0
35,3087240,211.0
35,3087300,238.0
35,3087360,198.0
35,3087420,183.0
35,3087480,202.0
35,3087540,202.0
35,3087600,182.0
35,3087660,249.0
35,3087720,195.0
35,3087780,227.0
35,3087840,213.0
35,3087900,201.0
35,3087960,205.0
35,3088020,226.0
35,3088080,214.0
35,3088140,173.0
35,3088200,236.0
35,3088260,202.0
35,3088320,176.0
35,3088380,242.0
35,3088440,232.0
35,3088500,252.0
35,3088560,224.0
35,3088620,195.0
35,3088680,215.0
35,3088740,203.0
35,3088800,234.0
35,3088860,289.0
35,3088920,261.0
35,3088980,295.0
35,3089040,259.0
35,3089100,279.0
35,3089160,244.0
35,3089220,229.0
35,3089280,260.0
35,3089340,254.0
35,3089400,223.0
35,3089460,192.0
35,3089520,258.0
35,3089580,227.0
35,3089640,275.0
35,3089700,240.0
35,3089760,262.0
35,3089820,257.0
35,3089880,210.0
35,3089940,220.0
35,3090000,245.0
35,3090060,212.0
35,3090120,166.0
35,3090180,164.0
35,3090240,162.0
35,3090300,193.0
35,3090360,227.0
35,3090420,195.0
35,3090480,165.0
35,3090540,227.0
35,3090600,252.0
35,3090660,196.0
35,3090720,193.0
35,3090780,232.0
35,3090840,230.0
35,3090900,231.0
35,3090960,235.0
35,3091020,222.0
35,3091080,271.0
35,3091140,243.0
35,3091200,214.0
35,3091260,232.0
35,3091320,203.0
35,3091380,280.0
35,3091440,223.0
35,3091500,289.0
35,3091560,245.0
35,3091620,206.0
35,3091680,275.0
35,3091740,240.0
35,3091800,248.0
35,3091860,256.0
35,3091920,204.0
35,3091980,236.0
35,3092040,261.0
35,3092100,216.0
35,3092160,222.0
35,3092220,188.0
35,3092280,181.0
35,3092340,192.0
35,3092400,186.0
35,3092460,242.0
35,3092520,226.0
35,3092580,229.0
35,3092640,237.0
35,3092700,227.0
35,3092760,222.0
35,3092820,235.0
35,3092880,242.0
35,3092940,231.0
35,3093000,242.0
35,3093060,233.0
35,3093120,246.0
35,3093180,191.0
35,3093240,155.0
35,3093300,193.0
35,3093360,191.0
35,3093420,165.0
35,3093480,171.0
35,3093540,183.0
35,3093600,239.0
35,3093660,242.0
35,3093720,193.0
35,3093780,227.0
35,3093840,181.0
35,3093900,188.0
35,3093960,190.0
35,3094020,148.0
35,3094080,183.0
35,3094140,191.0
35,3094200,177.0
35,3094260,178.0
35,3094320,216.0
35,3094380,226.0
35,3094440,232.0
35,3094500,182.0
35,3094560,226.0
35,3094620,201.0
35,3094680,227.0
35,3094740,273.0
35,3094800,218.0
35,3094860,266.0
35,3094920,247.0
35,3094980,251.0
35,3095040,249.0
35,3095100,211.0
35,3095160,195.0
35,3095220,160.0
35,3095280,229.0
35,3095340,176.0
35,3095400,162.0
35,3095460,154.0
35,3095520,182.0
35,3095580,225.0
35,3095640,181.0
35,3095700,193.0
35,3095760,193.0
35,3095820,170.0
35,3095880,167.0
35,3095940,196.0
35,3096000,209.0
35,3096060,220.0
35,3096120,189.0
35,3096180,172.0
35,3096240,262.0
35,3096300,228.0
35,3096360,239.0
35,3096420,233.0
35,3096480,257.0
35,3096540,230.0
35,3096600,276.0
35,3096660,245.0
35,3096720,219.0
35,3096780,274.0
35,3096840,244.0
35,3096900,235.0
35,3096960,233.0
35,3097020,244.0
35,3097080,229.0
35,3097140,226.0
35,3097200,235.0
35,3097260,231.0
35,3097320,168.0
35,3097380,185.0
35,3097440,203.0
35,3097500,207.0
35,3097560,207.0
35,3097620,183.0
35,3097680,228.0
35,3097740,250.0
35,3097800,259.0
35,3097860,253.0
35,3097920,229.0
35,3097980,233.0
35,3098040,254.0
35,3098100,251.0
35,3098160,235.0
35,3098220,231.0
35,3098280,262.0
35,3098340,191.0
35,3098400,226.0
35,3098460,205.0
35,3098520,229.0
35,3098580,211.0
35,3098640,211.0
35,3098700,187.0
35,3098760,186.0
35,3098820,202.0
35,3098880,180.0
35,3098940,211.0
35,3099000,208.0
35,3099060,200.0
35,3099120,214.0
35,3099180,296.0
35,3099240,242.0
35,3099300,201.0
35,3099360,182.0
35,3099420,234.0
35,3099480,225.0
35,3099540,205.0
35,3099600,213.0
35,3099660,303.0
35,3099720,265.0
35,3099780,261.0
35,3099840,312.0
35,3099900,300.0
35,3099960,278.0
35,3100020,264.0
35,3100080,270.0
35,3100140,277.0
35,3100200,302.0
35,3100260,291.0
35,3100320,222.0
35,3100380,185.0
35,3100440,262.0
35,3100500,209.0
35,3100560,227.0
35,3100620,206.0
35,3100680,197.0
35,3100740,216.0
35,3100800,193.0
35,3100860,205.0
35,3100920,195.0
35,3100980,209.0
35,3101040,205.0
35,3101100,229.0
35,3101160,257.0
35,3101220,235.0
35,3101280,273.0
35,3101340,246.0
35,3101400,194.0
35,3101460,244.0
35,3101520,188.0
35,3101580,196.0
35,3101640,218.0
35,3101700,185.0
35,3101760,207.0
35,3101820,226.0
35,3101880,210.0
35,3101940,260.0
35,3102000,216.0
35,3102060,215.0
35,3102120,175.0
35,3102180,171.0
35,3102240,260.0
35,3102300,189.0
35,3102360,195.0
35,3102420,224.0
35,3102480,215.0
35,3102540,158.0
35,3102600,190.0
35,3102660,159.0
35,3102720,180.0
35,3102780,193.0
35,3102840,208.0
35,3102900,207.0
35,3102960,227.0
35,3103020,186.0
35,3103080,184.0
35,3103140,205.0
35,3103200,243.0
35,3103260,250.0
35,3103320,209.0
35,3103380,260.0
35,3103440,267.0
35,3103500,229.0
35,3103560,308.0
35,3103620,262.0
35,3103680,257.0
35,3103740,285.0
35,3103800,251.0
35,3103860,207.0
35,3103920,233.0
35,3103980,217.0
35,3104040,183.0
35,3104100,195.0
35,3104160,150.0
35,3104220,195.0
35,3104280,163.0
35,3104340,191.0
35,3104400,217.0
35,3104460,174.0
35,3104520,190.0
35,3104580,185.0
35,3104640,180.0
35,3104700,211.0
35,3104760,194.0
35,3104820,205.0
35,3104880,184.0
35,3104940,187.0
35,3105000,207.0
35,3105060,259.0
35,3105120,197.0
35,3105180,182.0
35,3105240,222.0
35,3105300,173.0
35,3105360,216.0
35,3105420,188.0
35,3105480,204.0
35,3105540,174.0
35,3105600,178.0
35,3105660,184.0
35,3105720,216.0
35,3105780,209.0
35,3105840,230.0
35,3105900,214.0
35,3105960,203.0
35,3106020,205.0
35,3106080,164.0
35,3106140,227.0
35,3106200,168.0
35,3106260,186.0
35,3106320,203.0
35,3106380,175.0
35,3106440,172.0
35,3106500,181.0
35,3106560,245.0
35,3106620,220.0
35,3106680,212.0
35,3106740,217.0
35,3106800,231.0
35,3106860,242.0
35,3106920,276.0
35,3106980,285.0
35,3107040,237.0
35,3107100,255.0
35,3107160,274.0
35,3107220,249.0
35,3107280,250.0
35,3107340,151.0
35,3107400,203.0
35,3107460,256.0
35,3107520,220.0
35,3107580,213.0
35,3107640,257.0
35,3107700,158.0
35,3107760,240.0
35,3107820,217.0
35,3107880,169.0
35,3107940,158.0
35,3108000,132.0
35,3108060,136.0
35,3108120,145.0
35,3108180,134.0
35,3108240,168.0
35,3108300,147.0
35,3108360,213.0
35,3108420,229.0
35,3108480,228.0
35,3108540,181.0
35,3108600,164.0
35,3108660,197.0
35,3108720,172.0
35,3108780,192.0
35,3108840,190.0
35,3108900,203.0
35,3108960,167.0
35,3109020,172.0
35,3109080,145.0
35,3109140,193.0
35,3109200,144.0
35,3109260,120.0
35,3109320,138.0
35,3109380,161.0
35,3109440,145.0
35,3109500,146.0
35,3109560,150.0
35,3109620,167.0
35,3109680,210.0
35,3109740,208.0
35,3109800,153.0
35,3109860,181.0
35,3109920,155.0
35,3109980,158.0
35,3110040,121.0
35,3110100,105.0
35,3110160,169.0
35,3110220,140.0
35,3110280,130.0
35,3110340,123.0
36,3110400,150.0
36,3110460,151.0
36,3110520,168.0
36,3110580,154.0
36,3110640,174.0
36,3110700,140.0
36,3110760,187.0
36,3110820,154.0
36,3110880,190.0
36,3110940,184.0
36,3111000,159.0
36,3111060,195.0
36,3111120,190.0
36,3111180,215.0
36,3111240,184.0
36,3111300,144.0
36,3111360,158.0
36,3111420,171.0
36,3111480,186.0
36,3111540,191.0
36,3111600,135.0
36,3111660,144.0
36,3111720,178.0
36,3111780,187.0
36,3111840,174.0
36,3111900,177.0
36,3111960,161.0
36,3112020,145.0
36,3112080,94.0
36,3112140,111.0
36,3112200,97.0
36,3112260,104.0
36,3112320,89.0
36,3112380,126.0
36,3112440,123.0
36,3112500,138.0
36,3112560,141.0
36,3112620,106.0
36,3112680,94.0
36,3112740,106.0
36,3112800,93.0
36,3112860,96.0
36,3112920,119.0
36,3112980,105.0
36,3113040,82.0
36,3113100,92.0
36,3113160,109.0
36,3113220,96.0
36,3113280,90.0
36,3113340,134.0
36,3113400,103.0
36,3113460,155.0
36,3113520,135.0
36,3113580,141.0
36,3113640,80.0
36,3113700,101.0
36,3113760,105.0
36,3113820,71.0
36,3113880,88.0
36,3113940,83.0
36,3114000,113.0
36,3114060,153.0
36,3114120,121.0
36,3114180,118.0
36,3114240,177.0
36,3114300,106.0
36,3114360,122.0
36,3114420,110.0
36,3114480,103.0
36,3114540,93.0
36,3114600,110.0
36,3114660,96.0
36,3114720,61.0
36,3114780,71.0
36,3114840,81.0
36,3114900,116.0
36,3114960,156.0
36,3115020,111.0
36,3115080,130.0
36,3115140,84.0
36,3115200,76.0
36,3115260,64.0
36,3115320,65.0
36,3115380,83.0
36,3115440,86.0
36,3115500,90.0
36,3115560,92.0
36,3115620,87.0
36,3115680,74.0
36,3115740,64.0
36,3115800,71.0
36,3115860,54.0
36,3115920,49.0
36,3115980,50.0
36,3116040,55.0
36,3116100,99.0
36,3116160,79.0
36,3116220,75.0
36,3116280,87.0
36,3116340,65.0
36,3116400,60.0
36,3116460,66.0
36,3116520,61.0
36,3116580,101.0
36,3116640,134.0
36,3116700,72.0
36,3116760,77.0
36,3116820,66.0
36,3116880,54.0
36,3116940,81.0
36,3117000,59.0
36,3117060,46.0
36,3117120,42.0
36,3117180,58.0
36,3117240,46.0
36,3117300,63.0
36,3117360,49.0
36,3117420,62.0
36,3117480,68.0
36,3117540,58.0
36,3117600,48.0
36,3117660,61.0
36,3117720,63.0
36,3117780,36.0
36,3117840,65.0
36,3117900,55.0
36,3117960,57.0
36,3118020,52.0
36,3118080,68.0
36,3118140,65.0
36,3118200,36.0
36,3118260,52.0
36,3118320,30.0
36,3118380,40.0
36,3118440,52.0
36,3118500,58.0
36,3118560,83.0
36,3118620,55.0
36,3118680,47.0
36,3118740,87.0
36,3118800,55.0
36,3118860,64.0
36,3118920,46.0
36,3118980,52.0
36,3119040,79.0
36,3119100,75.0
36,3119160,90.0
36,3119220,79.0
36,3119280,96.0
36,3119340,62.0
36,3119400,86.0
36,3119460,70.0
36,3119520,64.0
36,3119580,72.0
36,3119640,37.0
36,3119700,65.0
36,3119760,46.0
36,3119820,45.0
36,3119880,34.0
36,3119940,41.0
36,3120000,37.0
36,3120060,34.0
36,3120120,36.0
36,3120180,45.0
36,3120240,44.0
36,3120300,35.0
36,3120360,37.0
36,3120420,41.0
36,3120480,37.0
36,3120540,47.0
36,3120600,44.0
36,3120660,29.0
36,3120720,33.0
36,3120780,35.0
36,3120840,22.0
36,3120900,29.0
36,3120960,72.0
36,3121020,81.0
36,3121080,69.0
36,3121140,78.0
36,3121200,63.0
36,3121260,78.0
36,3121320,54.0
36,3121380,28.0
36,3121440,32.0
36,3121500,46.0
36,3121560,34.0
36,3121620,34.0
36,3121680,39.0
36,3121740,24.0
36,3121800,35.0
36,3121860,40.0
36,3121920,27.0
36,3121980,22.0
36,3122040,42.0
36,3122100,37.0
36,3122160,42.0
36,3122220,46.0
36,3122280,28.0
36,3122340,41.0
36,3122400,25.0
36,3122460,25.0
36,3122520,38.0
36,3122580,35.0
36,3122640,39.0
36,3122700,21.0
36,3122760,36.0
36,3122820,43.0
36,3122880,32.0
36,3122940,28.0
36,3123000,29.0
36,3123060,30.0
36,3123120,22.0
36,3123180,32.0
36,3123240,35.0
36,3123300,23.0
36,3123360,33.0
36,3123420,35.0
36,3123480,43.0
36,3123540,40.0
36,3123600,22.0
36,3123660,34.0
36,3123720,17.0
36,3123780,19.0
36,3123840,21.0
36,3123900,17.0
36,3123960,16.0
36,3124020,13.0
36,3124080,25.0
36,3124140,23.0
36,3124200,17.0
36,3124260,33.0
36,3124320,30.0
36,3124380,30.0
36,3124440,22.0
36,3124500,26.0
36,3124560,24.0
36,3124620,26.0
36,3124680,32.0
36,3124740,22.0
36,3124800,21.0
36,3124860,17.0
36,3124920,19.0
36,3124980,12.0
36,3125040,15.0
36,3125100,20.0
36,3125160,29.0
36,3125220,16.0
36,3125280,6.0
36,3125340,28.0
36,3125400,12.0
36,3125460,30.0
36,3125520,22.0
36,3125580,25.0
36,3125640,12.0
36,3125700,8.0
36,3125760,7.0
36,3125820,13.0
36,3125880,13.0
36,3125940,16.0
36,3126000,27.0
36,3126060,17.0
36,3126120,16.0
36,3126180,13.0
36,3126240,9.0
36,3126300,15.0
36,3126360,16.0
36,3126420,13.0
36,3126480,8.0
36,3126540,12.0
36,3126600,15.0
36,3126660,14.0
36,3126720,28.0
36,3126780,37.0
36,3126840,42.0
36,3126900,9.0
36,3126960,24.0
36,3127020,18.0
36,3127080,26.0
36,3127140,13.0
36,3127200,10.0
36,3127260,7.0
36,3127320,25.0
36,3127380,20.0
36,3127440,21.0
36,3127500,15.0
36,3127560,14.0
36,3127620,10.0
36,3127680,8.0
36,3127740,24.0
36,3127800,23.0
36,3127860,4.0
36,3127920,8.0
36,3127980,25.0
36,3128040,22.0
36,3128100,13.0
36,3128160,10.0
36,3128220,9.0
36,3128280,16.0
36,3128340,20.0
36,3128400,13.0
36,3128460,12.0
36,3128520,21.0
36,3128580,19.0
36,3128640,8.0
36,3128700,12.0
36,3128760,9.0
36,3128820,8.0
36,3128880,12.0
36,3128940,10.0
36,3129000,23.0
36,3129060,37.0
36,3129120,29.0
36,3129180,36.0
36,3129240,40.0
36,3129300,69.0
36,3129360,48.0
36,3129420,27.0
36,3129480,19.0
36,3129540,34.0
36,3129600,34.0
36,3129660,35.0
36,3129720,37.0
36,3129780,29.0
36,3129840,30.0
36,3129900,42.0
36,3129960,45.0
36,3130020,41.0
36,3130080,37.0
36,3130140,36.0
36,3130200,47.0
36,3130260,59.0
36,3130320,56.0
36,3130380,34.0
36,3130440,30.0
36,3130500,17.0
36,3130560,20.0
36,3130620,10.0
36,3130680,17.0
36,3130740,13.0
36,3130800,8.0
36,3130860,20.0
36,3130920,13.0
36,3130980,10.0
36,3131040,8.0
36,3131100,5.0
36,3131160,6.0
36,3131220,17.0
36,3131280,8.0
36,3131340,13.0
36,3131400,14.0
36,3131460,4.0
36,3131520,12.0
36,3131580,10.0
36,3131640,25.0
36,3131700,10.0
36,3131760,10.0
36,3131820,9.0
36,3131880,5.0
36,3131940,7.0
36,3132000,29.0
36,3132060,46.0
36,3132120,43.0
36,3132180,47.0
36,3132240,45.0
36,3132300,58.0
36,3132360,63.0
36,3132420,56.0
36,3132480,55.0
36,3132540,22.0
36,3132600,40.0
36,3132660,35.0
36,3132720,22.0
36,3132780,29.0
36,3132840,41.0
36,3132900,50.0
36,3132960,41.0
36,3133020,28.0
36,3133080,7.0
36,3133140,7.0
36,3133200,12.0
36,3133260,9.0
36,3133320,16.0
36,3133380,8.0
36,3133440,7.0
36,3133500,4.0
36,3133560,8.0
36,3133620,6.0
36,3133680,7.0
36,3133740,13.0
36,3133800,17.0
36,3133860,28.0
36,3133920,12.0
36,3133980,9.0
36,3134040,6.0
36,3134100,12.0
36,3134160,8.0
36,3134220,6.0
36,3134280,9.0
36,3134340,16.0
36,3134400,7.0
36,3134460,9.0
36,3134520,8.0
36,3134580,8.0
36,3134640,17.0
36,3134700,20.0
36,3134760,10.0
36,3134820,17.0
36,3134880,27.0
36,3134940,17.0
36,3135000,14.0
36,3135060,15.0
36,3135120,18.0
36,3135180,18.0
36,3135240,20.0
36,3135300,16.0
36,3135360,18.0
36,3135420,12.0
36,3135480,46.0
36,3135540,23.0
36,3135600,12.0
36,3135660,13.0
36,3135720,12.0
36,3135780,16.0
36,3135840,36.0
36,3135900,23.0
36,3135960,23.0
36,3136020,10.0
36,3136080,14.0
36,3136140,8.0
36,3136200,7.0
36,3136260,10.0
36,3136320,13.0
36,3136380,20.0
36,3136440,23.0
36,3136500,20.0
36,3136560,24.0
36,3136620,17.0
36,3136680,23.0
36,3136740,26.0
36,3136800,14.0
36,3136860,20.0
36,3136920,20.0
36,3136980,24.0
36,3137040,25.0
36,3137100,20.0
36,3137160,23.0
36,3137220,15.0
36,3137280,18.0
36,3137340,17.0
36,3137400,13.0
36,3137460,23.0
36,3137520,34.0
36,3137580,21.0
36,3137640,30.0
36,3137700,14.0
36,3137760,25.0
36,3137820,21.0
36,3137880,24.0
36,3137940,24.0
36,3138000,22.0
36,3138060,20.0
36,3138120,20.0
36,3138180,21.0
36,3138240,22.0
36,3138300,26.0
36,3138360,32.0
36,3138420,10.0
36,3138480,19.0
36,3138540,59.0
36,3138600,34.0
36,3138660,51.0
36,3138720,49.0
36,3138780,38.0
36,3138840,32.0
36,3138900,26.0
36,3138960,38.0
36,3139020,57.0
36,3139080,36.0
36,3139140,40.0
36,3139200,43.0
36,3139260,26.0
36,3139320,29.0
36,3139380,23.0
36,3139440,28.0
36,3139500,19.0
36,3139560,34.0
36,3139620,47.0
36,3139680,68.0
36,3139740,34.0
36,3139800,51.0
36,3139860,37.0
36,3139920,57.0
36,3139980,47.0
36,3140040,51.0
36,3140100,79.0
36,3140160,49.0
36,3140220,37.0
36,3140280,44.0
36,3140340,56.0
36,3140400,51.0
36,3140460,44.0
36,3140520,38.0
36,3140580,30.0
36,3140640,55.0
36,3140700,55.0
36,3140760,80.0
36,3140820,96.0
36,3140880,87.0
36,3140940,91.0
36,3141000,66.0
36,3141060,43.0
36,3141120,76.0
36,3141180,55.0
36,3141240,55.0
36,3141300,97.0
36,3141360,82.0
36,3141420,93.0
36,3141480,88.0
36,3141540,58.0
36,3141600,57.0
36,3141660,92.0
36,3141720,103.0
36,3141780,102.0
36,3141840,104.0
36,3141900,113.0
36,3141960,134.0
36,3142020,140.0
36,3142080,134.0
36,3142140,116.0
36,3142200,121.0
36,3142260,113.0
36,3142320,117.0
36,3142380,106.0
36,3142440,69.0
36,3142500,77.0
36,3142560,66.0
36,3142620,78.0
36,3142680,71.0
36,3142740,91.0
36,3142800,103.0
36,3142860,69.0
36,3142920,121.0
36,3142980,139.0
36,3143040,140.0
36,3143100,132.0
36,3143160,186.0
36,3143220,166.0
36,3143280,139.0
36,3143340,107.0
36,3143400,192.0
36,3143460,155.0
36,3143520,152.0
36,3143580,169.0
36,3143640,140.0
36,3143700,159.0
36,3143760,156.0
36,3143820,128.0
36,3143880,117.0
36,3143940,99.0
36,3144000,125.0
36,3144060,112.0
36,3144120,100.0
36,3144180,105.0
36,3144240,103.0
36,3144300,100.0
36,3144360,89.0
36,3144420,113.0
36,3144480,97.0
36,3144540,148.0
36,3144600,160.0
36,3144660,120.0
36,3144720,104.0
36,3144780,125.0
36,3144840,125.0
36,3144900,134.0
36,3144960,109.0
36,3145020,144.0
36,3145080,140.0
36,3145140,113.0
36,3145200,108.0
36,3145260,123.0
36,3145320,135.0
36,3145380,168.0
36,3145440,194.0
36,3145500,198.0
36,3145560,181.0
36,3145620,148.0
36,3145680,186.0
36,3145740,163.0
36,3145800,146.0
36,3145860,156.0
36,3145920,116.0
36,3145980,106.0
36,3146040,106.0
36,3146100,136.0
36,3146160,177.0
36,3146220,152.0
36,3146280,148.0
36,3146340,130.0
36,3146400,141.0
36,3146460,165.0
36,3146520,202.0
36,3146580,195.0
36,3146640,187.0
36,3146700,210.0
36,3146760,190.0
36,3146820,232.0
36,3146880,224.0
36,3146940,277.0
36,3147000,271.0
36,3147060,207.0
36,3147120,143.0
36,3147180,155.0
36,3147240,182.0
36,3147300,171.0
36,3147360,138.0
36,3147420,121.0
36,3147480,196.0
36,3147540,158.0
36,3147600,141.0
36,3147660,213.0
36,3147720,178.0
36,3147780,180.0
36,3147840,168.0
36,3147900,146.0
36,3147960,180.0
36,3148020,155.0
36,3148080,165.0
36,3148140,150.0
36,3148200,130.0
36,3148260,162.0
36,3148320,143.0
36,3148380,174.0
36,3148440,175.0
36,3148500,152.0
36,3148560,149.0
36,3148620,166.0
36,3148680,167.0
36,3148740,146.0
36,3148800,181.0
36,3148860,142.0
36,3148920,186.0
36,3148980,145.0
36,3149040,176.0
36,3149100,174.0
36,3149160,163.0
36,3149220,149.0
36,3149280,150.0
36,3149340,144.0
36,3149400,164.0
36,3149460,194.0
36,3149520,196.0
36,3149580,202.0
36,3149640,174.0
36,3149700,172.0
36,3149760,216.0
36,3149820,210.0
36,3149880,185.0
36,3149940,196.0
36,3150000,226.0
36,3150060,240.0
36,3150120,252.0
36,3150180,275.0
36,3150240,273.0
36,3150300,259.0
36,3150360,227.0
36,3150420,215.0
36,3150480,171.0
36,3150540,202.0
36,3150600,233.0
36,3150660,183.0
36,3150720,154.0
36,3150780,266.0
36,3150840,224.0
36,3150900,226.0
36,3150960,198.0
36,3151020,232.0
36,3151080,178.0
36,3151140,160.0
36,3151200,182.0
36,3151260,198.0
36,3151320,191.0
36,3151380,214.0
36,3151440,162.0
36,3151500,185.0
36,3151560,212.0
36,3151620,180.0
36,3151680,224.0
36,3151740,253.0
36,3151800,172.0
36,3151860,219.0
36,3151920,193.0
36,3151980,178.0
36,3152040,262.0
36,3152100,200.0
36,3152160,183.0
36,3152220,225.0
36,3152280,192.0
36,3152340,223.0
36,3152400,227.0
36,3152460,192.0
36,3152520,194.0
36,3152580,214.0
36,3152640,186.0
36,3152700,170.0
36,3152760,171.0
36,3152820,226.0
36,3152880,136.0
36,3152940,201.0
36,3153000,211.0
36,3153060,200.0
36,3153120,237.0
36,3153180,217.0
36,3153240,201.0
36,3153300,196.0
36,3153360,256.0
36,3153420,203.0
36,3153480,260.0
36,3153540,245.0
36,3153600,240.0
36,3153660,180.0
36,3153720,218.0
36,3153780,266.0
36,3153840,312.0
36,3153900,233.0
36,3153960,232.0
36,3154020,185.0
36,3154080,211.0
36,3154140,250.0
36,3154200,248.0
36,3154260,249.0
36,3154320,280.0
36,3154380,186.0
36,3154440,188.0
36,3154500,207.0
36,3154560,193.0
36,3154620,204.0
36,3154680,253.0
36,3154740,193.0
36,3154800,164.0
36,3154860,219.0
36,3154920,273.0
36,3154980,208.0
36,3155040,242.0
36,3155100,158.0
36,3155160,236.0
36,3155220,182.0
36,3155280,190.0
36,3155340,185.0
36,3155400,198.0
36,3155460,189.0
36,3155520,195.0
36,3155580,224.0
36,3155640,205.0
36,3155700,169.0
36,3155760,187.0
36,3155820,194.0
36,3155880,222.0
36,3155940,211.0
36,3156000,269.0
36,3156060,184.0
36,3156120,178.0
36,3156180,181.0
36,3156240,132.0
36,3156300,177.0
36,3156360,156.0
36,3156420,169.0
36,3156480,126.0
36,3156540,159.0
36,3156600,133.0
36,3156660,156.0
36,3156720,175.0
36,3156780,152.0
36,3156840,165.0
36,3156900,181.0
36,3156960,206.0
36,3157020,169.0
36,3157080,156.0
36,3157140,205.0
36,3157200,172.0
36,3157260,264.0
36,3157320,271.0
36,3157380,232.0
36,3157440,253.0
36,3157500,262.0
36,3157560,278.0
36,3157620,205.0
36,3157680,205.0
36,3157740,219.0
36,3157800,264.0
36,3157860,239.0
36,3157920,214.0
36,3157980,136.0
36,3158040,181.0
36,3158100,193.0
36,3158160,220.0
36,3158220,206.0
36,3158280,175.0
36,3158340,178.0
36,3158400,151.0
36,3158460,204.0
36,3158520,171.0
36,3158580,180.0
36,3158640,182.0
36,3158700,203.0
36,3158760,253.0
36,3158820,201.0
36,3158880,160.0
36,3158940,149.0
36,3159000,166.0
36,3159060,223.0
36,3159120,197.0
36,3159180,202.0
36,3159240,204.0
36,3159300,195.0
36,3159360,153.0
36,3159420,172.0
36,3159480,170.0
36,3159540,205.0
36,3159600,166.0
36,3159660,210.0
36,3159720,182.0
36,3159780,208.0
36,3159840,195.0
36,3159900,249.0
36,3159960,184.0
36,3160020,163.0
36,3160080,135.0
36,3160140,190.0
36,3160200,198.0
36,3160260,174.0
36,3160320,204.0
36,3160380,268.0
36,3160440,184.0
36,3160500,197.0
36,3160560,181.0
36,3160620,193.0
36,3160680,235.0
36,3160740,170.0
36,3160800,217.0
36,3160860,247.0
36,3160920,187.0
36,3160980,254.0
36,3161040,285.0
36,3161100,288.0
36,3161160,294.0
36,3161220,267.0
36,3161280,290.0
36,3161340,250.0
36,3161400,230.0
36,3161460,248.0
36,3161520,210.0
36,3161580,229.0
36,3161640,222.0
36,3161700,205.0
36,3161760,192.0
36,3161820,208.0
36,3161880,196.0
36,3161940,252.0
36,3162000,231.0
36,3162060,261.0
36,3162120,188.0
36,3162180,197.0
36,3162240,175.0
36,3162300,152.0
36,3162360,200.0
36,3162420,186.0
36,3162480,232.0
36,3162540,236.0
36,3162600,297.0
36,3162660,229.0
36,3162720,200.0
36,3162780,237.0
36,3162840,278.0
36,3162900,160.0
36,3162960,171.0
36,3163020,189.0
36,3163080,216.0
36,3163140,180.0
36,3163200,216.0
36,3163260,200.0
36,3163320,212.0
36,3163380,184.0
36,3163440,209.0
36,3163500,188.0
36,3163560,182.0
36,3163620,178.0
36,3163680,165.0
36,3163740,175.0
36,3163800,202.0
36,3163860,191.0
36,3163920,198.0
36,3163980,176.0
36,3164040,158.0
36,3164100,187.0
36,3164160,203.0
36,3164220,210.0
36,3164280,164.0
36,3164340,177.0
36,3164400,180.0
36,3164460,255.0
36,3164520,266.0
36,3164580,246.0
36,3164640,237.0
36,3164700,273.0
36,3164760,285.0
36,3164820,253.0
36,3164880,237.0
36,3164940,273.0
36,3165000,233.0
36,3165060,256.0
36,3165120,218.0
36,3165180,200.0
36,3165240,244.0
36,3165300,251.0
36,3165360,234.0
36,3165420,215.0
36,3165480,208.0
36,3165540,186.0
36,3165600,208.0
36,3165660,180.0
36,3165720,211.0
36,3165780,160.0
36,3165840,184.0
36,3165900,197.0
36,3165960,219.0
36,3166020,190.0
36,3166080,204.0
36,3166140,275.0
36,3166200,228.0
36,3166260,258.0
36,3166320,271.0
36,3166380,222.0
36,3166440,217.0
36,3166500,194.0
36,3166560,238.0
36,3166620,188.0
36,3166680,188.0
36,3166740,214.0
36,3166800,214.0
36,3166860,189.0
36,3166920,189.0
36,3166980,214.0
36,3167040,245.0
36,3167100,212.0
36,3167160,201.0
36,3167220,198.0
36,3167280,187.0
36,3167340,205.0
36,3167400,182.0
36,3167460,244.0
36,3167520,209.0
36,3167580,237.0
36,3167640,175.0
36,3167700,214.0
36,3167760,193.0
36,3167820,235.0
36,3167880,230.0
36,3167940,225.0
36,3168000,255.0
36,3168060,196.0
36,3168120,265.0
36,3168180,223.0
36,3168240,264.0
36,3168300,188.0
36,3168360,265.0
36,3168420,247.0
36,3168480,227.0
36,3168540,205.0
36,3168600,214.0
36,3168660,192.0
36,3168720,164.0
36,3168780,180.0
36,3168840,201.0
36,3168900,148.0
36,3168960,174.0
36,3169020,225.0
36,3169080,229.0
36,3169140,248.0
36,3169200,239.0
36,3169260,215.0
36,3169320,242.0
36,3169380,258.0
36,3169440,258.0
36,3169500,258.0
36,3169560,207.0
36,3169620,270.0
36,3169680,313.0
36,3169740,256.0
36,3169800,231.0
36,3169860,217.0
36,3169920,280.0
36,3169980,252.0
36,3170040,174.0
36,3170100,174.0
36,3170160,189.0
36,3170220,224.0
36,3170280,205.0
36,3170340,222.0
36,3170400,262.0
36,3170460,198.0
36,3170520,213.0
36,3170580,225.0
36,3170640,254.0
36,3170700,204.0
36,3170760,206.0
36,3170820,168.0
36,3170880,230.0
36,3170940,284.0
36,3171000,285.0
36,3171060,225.0
36,3171120,287.0
36,3171180,273.0
36,3171240,206.0
36,3171300,224.0
36,3171360,279.0
36,3171420,218.0
36,3171480,233.0
36,3171540,210.0
36,3171600,201.0
36,3171660,159.0
36,3171720,274.0
36,3171780,227.0
36,3171840,240.0
36,3171900,226.0
36,3171960,234.0
36,3172020,242.0
36,3172080,239.0
36,3172140,259.0
36,3172200,186.0
36,3172260,190.0
36,3172320,185.0
36,3172380,229.0
36,3172440,175.0
36,3172500,176.0
36,3172560,219.0
36,3172620,225.0
36,3172680,204.0
36,3172740,198.0
36,3172800,228.0
36,3172860,209.0
36,3172920,151.0
36,3172980,216.0
36,3173040,248.0
36,3173100,214.0
36,3173160,234.0
36,3173220,225.0
36,3173280,220.0
36,3173340,203.0
36,3173400,196.0
36,3173460,200.0
36,3173520,210.0
36,3173580,233.0
36,3173640,232.0
36,3173700,272.0
36,3173760,272.0
36,3173820,208.0
36,3173880,198.0
36,3173940,209.0
36,3174000,226.0
36,3174060,279.0
36,3174120,246.0
36,3174180,187.0
36,3174240,242.0
36,3174300,188.0
36,3174360,227.0
36,3174420,201.0
36,3174480,177.0
36,3174540,262.0
36,3174600,257.0
36,3174660,174.0
36,3174720,196.0
36,3174780,207.0
36,3174840,247.0
36,3174900,225.0
36,3174960,270.0
36,3175020,226.0
36,3175080,242.0
36,3175140,259.0
36,3175200,249.0
36,3175260,224.0
36,3175320,249.0
36,3175380,265.0
36,3175440,293.0
36,3175500,254.0
36,3175560,186.0
36,3175620,180.0
36,3175680,207.0
36,3175740,249.0
36,3175800,230.0
36,3175860,281.0
36,3175920,259.0
36,3175980,254.0
36,3176040,187.0
36,3176100,206.0
36,3176160,273.0
36,3176220,235.0
36,3176280,175.0
36,3176340,187.0
36,3176400,209.0
36,3176460,201.0
36,3176520,236.0
36,3176580,148.0
36,3176640,122.0
36,3176700,208.0
36,3176760,172.0
36,3176820,239.0
36,3176880,198.0
36,3176940,178.0
36,3177000,187.0
36,3177060,216.0
36,3177120,202.0
36,3177180,203.0
36,3177240,184.0
36,3177300,171.0
36,3177360,183.0
36,3177420,215.0
36,3177480,205.0
36,3177540,213.0
36,3177600,200.0
36,3177660,168.0
36,3177720,161.0
36,3177780,152.0
36,3177840,210.0
36,3177900,183.0
36,3177960,194.0
36,3178020,165.0
36,3178080,213.0
36,3178140,176.0
36,3178200,174.0
36,3178260,230.0
36,3178320,151.0
36,3178380,176.0
36,3178440,140.0
36,3178500,187.0
36,3178560,180.0
36,3178620,198.0
36,3178680,218.0
36,3178740,177.0
36,3178800,217.0
36,3178860,237.0
36,3178920,205.0
36,3178980,214.0
36,3179040,212.0
36,3179100,216.0
36,3179160,246.0
36,3179220,222.0
36,3179280,160.0
36,3179340,195.0
36,3179400,228.0
36,3179460,173.0
36,3179520,206.0
36,3179580,208.0
36,3179640,247.0
36,3179700,190.0
36,3179760,194.0
36,3179820,239.0
36,3179880,196.0
36,3179940,146.0
36,3180000,162.0
36,3180060,169.0
36,3180120,233.0
36,3180180,202.0
36,3180240,187.0
36,3180300,215.0
36,3180360,224.0
36,3180420,196.0
36,3180480,250.0
36,3180540,209.0
36,3180600,249.0
36,3180660,279.0
36,3180720,242.0
36,3180780,256.0
36,3180840,229.0
36,3180900,234.0
36,3180960,239.0
36,3181020,195.0
36,3181080,201.0
36,3181140,233.0
36,3181200,188.0
36,3181260,214.0
36,3181320,174.0
36,3181380,214.0
36,3181440,202.0
36,3181500,183.0
36,3181560,212.0
36,3181620,196.0
36,3181680,235.0
36,3181740,227.0
36,3181800,184.0
36,3181860,177.0
36,3181920,231.0
36,3181980,211.0
36,3182040,258.0
36,3182100,177.0
36,3182160,156.0
36,3182220,189.0
36,3182280,178.0
36,3182340,222.0
36,3182400,211.0
36,3182460,223.0
36,3182520,255.0
36,3182580,207.0
36,3182640,226.0
36,3182700,175.0
36,3182760,202.0
36,3182820,229.0
36,3182880,220.0
36,3182940,215.0
36,3183000,204.0
36,3183060,184.0
36,3183120,189.0
36,3183180,194.0
36,3183240,176.0
36,3183300,200.0
36,3183360,211.0
36,3183420,192.0
36,3183480,197.0
36,3183540,185.0
36,3183600,244.0
36,3183660,246.0
36,3183720,262.0
36,3183780,225.0
36,3183840,224.0
36,3183900,235.0
36,3183960,258.0
36,3184020,160.0
36,3184080,252.0
36,3184140,326.0
36,3184200,273.0
36,3184260,259.0
36,3184320,271.0
36,3184380,334.0
36,3184440,302.0
36,3184500,273.0
36,3184560,249.0
36,3184620,253.0
36,3184680,250.0
36,3184740,200.0
36,3184800,269.0
36,3184860,201.0
36,3184920,207.0
36,3184980,214.0
36,3185040,220.0
36,3185100,209.0
36,3185160,175.0
36,3185220,178.0
36,3185280,167.0
36,3185340,219.0
36,3185400,248.0
36,3185460,232.0
36,3185520,231.0
36,3185580,296.0
36,3185640,213.0
36,3185700,185.0
36,3185760,248.0
36,3185820,227.0
36,3185880,170.0
36,3185940,187.0
36,3186000,196.0
36,3186060,212.0
36,3186120,205.0
36,3186180,240.0
36,3186240,220.0
36,3186300,228.0
36,3186360,204.0
36,3186420,246.0
36,3186480,207.0
36,3186540,247.0
36,3186600,306.0
36,3186660,178.0
36,3186720,182.0
36,3186780,159.0
36,3186840,182.0
36,3186900,184.0
36,3186960,180.0
36,3187020,170.0
36,3187080,167.0
36,3187140,147.0
36,3187200,132.0
36,3187260,180.0
36,3187320,203.0
36,3187380,214.0
36,3187440,173.0
36,3187500,168.0
36,3187560,183.0
36,3187620,168.0
36,3187680,194.0
36,3187740,210.0
36,3187800,184.0
36,3187860,189.0
36,3187920,148.0
36,3187980,174.0
36,3188040,178.0
36,3188100,164.0
36,3188160,146.0
36,3188220,155.0
36,3188280,166.0
36,3188340,201.0
36,3188400,217.0
36,3188460,220.0
36,3188520,191.0
36,3188580,166.0
36,3188640,133.0
36,3188700,201.0
36,3188760,183.0
36,3188820,187.0
36,3188880,173.0
36,3188940,181.0
36,3189000,191.0
36,3189060,180.0
36,3189120,165.0
36,3189180,188.0
36,3189240,151.0
36,3189300,167.0
36,3189360,171.0
36,3189420,145.0
36,3189480,149.0
36,3189540,209.0
36,3189600,176.0
36,3189660,203.0
36,3189720,195.0
36,3189780,231.0
36,3189840,220.0
36,3189900,217.0
36,3189960,168.0
36,3190020,175.0
36,3190080,176.0
36,3190140,164.0
36,3190200,165.0
36,3190260,171.0
36,3190320,201.0
36,3190380,214.0
36,3190440,204.0
36,3190500,202.0
36,3190560,214.0
36,3190620,260.0
36,3190680,250.0
36,3190740,237.0
36,3190800,194.0
36,3190860,194.0
36,3190920,187.0
36,3190980,245.0
36,3191040,178.0
36,3191100,217.0
36,3191160,171.0
36,3191220,191.0
36,3191280,210.0
36,3191340,201.0
36,3191400,151.0
36,3191460,158.0
36,3191520,149.0
36,3191580,145.0
36,3191640,202.0
36,3191700,147.0
36,3191760,149.0
36,3191820,149.0
36,3191880,139.0
36,3191940,170.0
36,3192000,165.0
36,3192060,113.0
36,3192120,130.0
36,3192180,196.0
36,3192240,202.0
36,3192300,205.0
36,3192360,229.0
36,3192420,207.0
36,3192480,186.0
36,3192540,145.0
36,3192600,164.0
36,3192660,147.0
36,3192720,125.0
36,3192780,126.0
36,3192840,131.0
36,3192900,148.0
36,3192960,127.0
36,3193020,149.0
36,3193080,120.0
36,3193140,129.0
36,3193200,136.0
36,3193260,223.0
36,3193320,177.0
36,3193380,220.0
36,3193440,173.0
36,3193500,230.0
36,3193560,204.0
36,3193620,176.0
36,3193680,230.0
36,3193740,255.0
36,3193800,194.0
36,3193860,248.0
36,3193920,167.0
36,3193980,184.0
36,3194040,186.0
36,3194100,132.0
36,3194160,151.0
36,3194220,167.0
36,3194280,140.0
36,3194340,156.0
36,3194400,164.0
36,3194460,153.0
36,3194520,172.0
36,3194580,154.0
36,3194640,174.0
36,3194700,148.0
36,3194760,147.0
36,3194820,127.0
36,3194880,168.0
36,3194940,122.0
36,3195000,131.0
36,3195060,135.0
36,3195120,119.0
36,3195180,152.0
36,3195240,167.0
36,3195300,159.0
36,3195360,141.0
36,3195420,145.0
36,3195480,125.0
36,3195540,163.0
36,3195600,136.0
36,3195660,123.0
36,3195720,136.0
36,3195780,119.0
36,3195840,112.0
36,3195900,147.0
36,3195960,109.0
36,3196020,129.0
36,3196080,143.0
36,3196140,139.0
36,3196200,116.0
36,3196260,138.0
36,3196320,130.0
36,3196380,112.0
36,3196440,113.0
36,3196500,98.0
36,3196560,118.0
36,3196620,124.0
36,3196680,105.0
36,3196740,126.0
37,3196800,154.0
37,3196860,131.0
37,3196920,122.0
37,3196980,98.0
37,3197040,135.0
37,3197100,107.0
37,3197160,123.0
37,3197220,120.0
37,3197280,119.0
37,3197340,123.0
37,3197400,89.0
37,3197460,118.0
37,3197520,158.0
37,3197580,109.0
37,3197640,113.0
37,3197700,114.0
37,3197760,106.0
37,3197820,146.0
37,3197880,107.0
37,3197940,139.0
37,3198000,142.0
37,3198060,101.0
37,3198120,81.0
37,3198180,75.0
37,3198240,100.0
37,3198300,107.0
37,3198360,130.0
37,3198420,83.0
37,3198480,108.0
37,3198540,89.0
37,3198600,120.0
37,3198660,109.0
37,3198720,111.0
37,3198780,91.0
37,3198840,108.0
37,3198900,106.0
37,3198960,108.0
37,3199020,89.0
37,3199080,85.0
37,3199140,96.0
37,3199200,90.0
37,3199260,68.0
37,3199320,59.0
37,3199380,99.0
37,3199440,89.0
37,3199500,47.0
37,3199560,100.0
37,3199620,112.0
37,3199680,112.0
37,3199740,91.0
37,3199800,117.0
37,3199860,90.0
37,3199920,101.0
37,3199980,84.0
37,3200040,106.0
37,3200100,135.0
37,3200160,100.0
37,3200220,106.0
37,3200280,81.0
37,3200340,82.0
37,3200400,79.0
37,3200460,126.0
37,3200520,79.0
37,3200580,64.0
37,3200640,82.0
37,3200700,81.0
37,3200760,98.0
37,3200820,102.0
37,3200880,76.0
37,3200940,57.0
37,3201000,76.0
37,3201060,81.0
37,3201120,57.0
37,3201180,75.0
37,3201240,65.0
37,3201300,66.0
37,3201360,58.0
37,3201420,70.0
37,3201480,63.0
37,3201540,93.0
37,3201600,81.0
37,3201660,68.0
37,3201720,94.0
37,3201780,66.0
37,3201840,77.0
37,3201900,78.0
37,3201960,52.0
37,3202020,54.0
37,3202080,68.0
37,3202140,66.0
37,3202200,63.0
37,3202260,65.0
37,3202320,67.0
37,3202380,63.0
37,3202440,63.0
37,3202500,91.0
37,3202560,72.0
37,3202620,85.0
37,3202680,68.0
37,3202740,86.0
37,3202800,48.0
37,3202860,87.0
37,3202920,55.0
37,3202980,69.0
37,3203040,67.0
37,3203100,60.0
37,3203160,107.0
37,3203220,104.0
37,3203280,106.0
37,3203340,92.0
37,3203400,79.0
37,3203460,59.0
37,3203520,63.0
37,3203580,51.0
37,3203640,51.0
37,3203700,55.0
37,3203760,63.0
37,3203820,41.0
37,3203880,48.0
37,3203940,47.0
37,3204000,91.0
37,3204060,43.0
37,3204120,51.0
37,3204180,45.0
37,3204240,57.0
37,3204300,44.0
37,3204360,64.0
37,3204420,44.0
37,3204480,33.0
37,3204540,30.0
37,3204600,45.0
37,3204660,32.0
37,3204720,50.0
37,3204780,38.0
37,3204840,43.0
37,3204900,40.0
37,3204960,36.0
37,3205020,39.0
37,3205080,46.0
37,3205140,41.0
37,3205200,46.0
37,3205260,63.0
37,3205320,50.0
37,3205380,37.0
37,3205440,36.0
37,3205500,25.0
37,3205560,33.0
37,3205620,39.0
37,3205680,34.0
37,3205740,64.0
37,3205800,35.0
37,3205860,27.0
37,3205920,61.0
37,3205980,34.0
37,3206040,36.0
37,3206100,42.0
37,3206160,40.0
37,3206220,38.0
37,3206280,38.0
37,3206340,33.0
37,3206400,16.0
37,3206460,23.0
37,3206520,30.0
37,3206580,25.0
37,3206640,36.0
37,3206700,48.0
37,3206760,102.0
37,3206820,36.0
37,3206880,37.0
37,3206940,42.0
37,3207000,28.0
37,3207060,30.0
37,3207120,33.0
37,3207180,27.0
37,3207240,15.0
37,3207300,35.0
37,3207360,18.0
37,3207420,25.0
37,3207480,27.0
37,3207540,19.0
37,3207600,23.0
37,3207660,45.0
37,3207720,34.0
37,3207780,25.0
37,3207840,54.0
37,3207900,41.0
37,3207960,24.0
37,3208020,36.0
37,3208080,36.0
37,3208140,36.0
37,3208200,18.0
37,3208260,43.0
37,3208320,36.0
37,3208380,13.0
37,3208440,26.0
37,3208500,30.0
37,3208560,18.0
37,3208620,33.0
37,3208680,39.0
37,3208740,35.0
37,3208800,35.0
37,3208860,34.0
37,3208920,23.0
37,3208980,13.0
37,3209040,30.0
37,3209100,27.0
37,3209160,37.0
37,3209220,17.0
37,3209280,25.0
37,3209340,20.0
37,3209400,9.0
37,3209460,15.0
37,3209520,15.0
37,3209580,12.0
37,3209640,27.0
37,3209700,20.0
37,3209760,39.0
37,3209820,33.0
37,3209880,27.0
37,3209940,25.0
37,3210000,5.0
37,3210060,23.0
37,3210120,30.0
37,3210180,35.0
37,3210240,37.0
37,3210300,30.0
37,3210360,19.0
37,3210420,35.0
37,3210480,33.0
37,3210540,25.0
37,3210600,22.0
37,3210660,15.0
37,3210720,20.0
37,3210780,27.0
37,3210840,17.0
37,3210900,15.0
37,3210960,44.0
37,3211020,28.0
37,3211080,23.0
37,3211140,13.0
37,3211200,9.0
37,3211260,5.0
37,3211320,9.0
37,3211380,8.0
37,3211440,15.0
37,3211500,15.0
37,3211560,22.0
37,3211620,20.0
37,3211680,8.0
37,3211740,26.0
37,3211800,27.0
37,3211860,43.0
37,3211920,17.0
37,3211980,29.0
37,3212040,41.0
37,3212100,38.0
37,3212160,40.0
37,3212220,19.0
37,3212280,41.0
37,3212340,54.0
37,3212400,66.0
37,3212460,64.0
37,3212520,59.0
37,3212580,19.0
37,3212640,51.0
37,3212700,48.0
37,3212760,60.0
37,3212820,72.0
37,3212880,58.0
37,3212940,46.0
37,3213000,12.0
37,3213060,18.0
37,3213120,8.0
37,3213180,20.0
37,3213240,16.0
37,3213300,9.0
37,3213360,10.0
37,3213420,14.0
37,3213480,16.0
37,3213540,13.0
37,3213600,12.0
37,3213660,17.0
37,3213720,13.0
37,3213780,12.0
37,3213840,13.0
37,3213900,17.0
37,3213960,15.0
37,3214020,12.0
37,3214080,16.0
37,3214140,38.0
37,3214200,27.0
37,3214260,29.0
37,3214320,28.0
37,3214380,15.0
37,3214440,17.0
37,3214500,12.0
37,3214560,24.0
37,3214620,12.0
37,3214680,9.0
37,3214740,10.0
37,3214800,8.0
37,3214860,9.0
37,3214920,7.0
37,3214980,12.0
37,3215040,18.0
37,3215100,8.0
37,3215160,25.0
37,3215220,13.0
37,3215280,21.0
37,3215340,13.0
37,3215400,9.0
37,3215460,10.0
37,3215520,23.0
37,3215580,9.0
37,3215640,9.0
37,3215700,4.0
37,3215760,13.0
37,3215820,10.0
37,3215880,3.0
37,3215940,15.0
37,3216000,5.0
37,3216060,12.0
37,3216120,15.0
37,3216180,6.0
37,3216240,8.0
37,3216300,22.0
37,3216360,10.0
37,3216420,9.0
37,3216480,12.0
37,3216540,4.0
37,3216600,8.0
37,3216660,9.0
37,3216720,13.0
37,3216780,15.0
37,3216840,13.0
37,3216900,6.0
37,3216960,27.0
37,3217020,17.0
37,3217080,14.0
37,3217140,16.0
37,3217200,4.0
37,3217260,6.0
37,3217320,13.0
37,3217380,6.0
37,3217440,6.0
37,3217500,19.0
37,3217560,18.0
37,3217620,7.0
37,3217680,17.0
37,3217740,12.0
37,3217800,14.0
37,3217860,6.0
37,3217920,5.0
37,3217980,9.0
37,3218040,6.0
37,3218100,6.0
37,3218160,8.0
37,3218220,17.0
37,3218280,7.0
37,3218340,14.0
37,3218400,4.0
37,3218460,6.0
37,3218520,18.0
37,3218580,17.0
37,3218640,20.0
37,3218700,26.0
37,3218760,23.0
37,3218820,10.0
37,3218880,12.0
37,3218940,13.0
37,3219000,5.0
37,3219060,13.0
37,3219120,9.0
37,3219180,14.0
37,3219240,10.0
37,3219300,9.0
37,3219360,16.0
37,3219420,9.0
37,3219480,13.0
37,3219540,13.0
37,3219600,21.0
37,3219660,20.0
37,3219720,17.0
37,3219780,23.0
37,3219840,7.0
37,3219900,20.0
37,3219960,24.0
37,3220020,7.0
37,3220080,16.0
37,3220140,13.0
37,3220200,14.0
37,3220260,20.0
37,3220320,14.0
37,3220380,15.0
37,3220440,10.0
37,3220500,9.0
37,3220560,15.0
37,3220620,13.0
37,3220680,10.0
37,3220740,12.0
37,3220800,14.0
37,3220860,16.0
37,3220920,6.0
37,3220980,9.0
37,3221040,10.0
37,3221100,19.0
37,3221160,16.0
37,3221220,22.0
37,3221280,13.0
37,3221340,19.0
37,3221400,12.0
37,3221460,12.0
37,3221520,13.0
37,3221580,15.0
37,3221640,10.0
37,3221700,15.0
37,3221760,13.0
37,3221820,7.0
37,3221880,15.0
37,3221940,18.0
37,3222000,19.0
37,3222060,14.0
37,3222120,26.0
37,3222180,33.0
37,3222240,29.0
37,3222300,27.0
37,3222360,23.0
37,3222420,30.0
37,3222480,15.0
37,3222540,38.0
37,3222600,50.0
37,3222660,65.0
37,3222720,41.0
37,3222780,41.0
37,3222840,21.0
37,3222900,21.0
37,3222960,15.0
37,3223020,20.0
37,3223080,26.0
37,3223140,41.0
37,3223200,29.0
37,3223260,34.0
37,3223320,33.0
37,3223380,25.0
37,3223440,33.0
37,3223500,32.0
37,3223560,22.0
37,3223620,34.0
37,3223680,32.0
37,3223740,26.0
37,3223800,26.0
37,3223860,32.0
37,3223920,36.0
37,3223980,26.0
37,3224040,33.0
37,3224100,27.0
37,3224160,26.0
37,3224220,30.0
37,3224280,27.0
37,3224340,32.0
37,3224400,61.0
37,3224460,56.0
37,3224520,37.0
37,3224580,37.0
37,3224640,29.0
37,3224700,43.0
37,3224760,56.0
37,3224820,60.0
37,3224880,26.0
37,3224940,52.0
37,3225000,39.0
37,3225060,18.0
37,3225120,38.0
37,3225180,39.0
37,3225240,49.0
37,3225300,64.0
37,3225360,51.0
37,3225420,37.0
37,3225480,62.0
37,3225540,61.0
37,3225600,39.0
37,3225660,56.0
37,3225720,44.0
37,3225780,42.0
37,3225840,63.0
37,3225900,45.0
37,3225960,48.0
37,3226020,55.0
37,3226080,52.0
37,3226140,68.0
37,3226200,56.0
37,3226260,70.0
37,3226320,82.0
37,3226380,102.0
37,3226440,108.0
37,3226500,119.0
37,3226560,100.0
37,3226620,109.0
37,3226680,57.0
37,3226740,67.0
37,3226800,67.0
37,3226860,54.0
37,3226920,60.0
37,3226980,84.0
37,3227040,109.0
37,3227100,145.0
37,3227160,159.0
37,3227220,140.0
37,3227280,148.0
37,3227340,140.0
37,3227400,92.0
37,3227460,81.0
37,3227520,142.0
37,3227580,122.0
37,3227640,105.0
37,3227700,111.0
37,3227760,79.0
37,3227820,105.0
37,3227880,86.0
37,3227940,81.0
37,3228000,127.0
37,3228060,116.0
37,3228120,117.0
37,3228180,113.0
37,3228240,111.0
37,3228300,103.0
37,3228360,117.0
37,3228420,121.0
37,3228480,125.0
37,3228540,101.0
37,3228600,125.0
37,3228660,113.0
37,3228720,112.0
37,3228780,119.0
37,3228840,90.0
37,3228900,129.0
37,3228960,167.0
37,3229020,133.0
37,3229080,123.0
37,3229140,102.0
37,3229200,119.0
37,3229260,130.0
37,3229320,166.0
37,3229380,153.0
37,3229440,152.0
37,3229500,212.0
37,3229560,220.0
37,3229620,182.0
37,3229680,187.0
37,3229740,238.0
37,3229800,234.0
37,3229860,225.0
37,3229920,207.0
37,3229980,166.0
37,3230040,182.0
37,3230100,210.0
37,3230160,224.0
37,3230220,218.0
37,3230280,161.0
37,3230340,149.0
37,3230400,166.0
37,3230460,133.0
37,3230520,158.0
37,3230580,118.0
37,3230640,145.0
37,3230700,159.0
37,3230760,150.0
37,3230820,158.0
37,3230880,169.0
37,3230940,186.0
37,3231000,163.0
37,3231060,181.0
37,3231120,246.0
37,3231180,158.0
37,3231240,148.0
37,3231300,180.0
37,3231360,198.0
37,3231420,200.0
37,3231480,139.0
37,3231540,224.0
37,3231600,218.0
37,3231660,216.0
37,3231720,191.0
37,3231780,205.0
37,3231840,208.0
37,3231900,180.0
37,3231960,209.0
37,3232020,303.0
37,3232080,161.0
37,3232140,233.0
37,3232200,228.0
37,3232260,259.0
37,3232320,187.0
37,3232380,186.0
37,3232440,219.0
37,3232500,229.0
37,3232560,206.0
37,3232620,255.0
37,3232680,228.0
37,3232740,194.0
37,3232800,177.0
37,3232860,213.0
37,3232920,207.0
37,3232980,208.0
37,3233040,230.0
37,3233100,245.0
37,3233160,206.0
37,3233220,251.0
37,3233280,281.0
37,3233340,259.0
37,3233400,265.0
37,3233460,261.0
37,3233520,229.0
37,3233580,164.0
37,3233640,203.0
37,3233700,257.0
37,3233760,289.0
37,3233820,282.0
37,3233880,317.0
37,3233940,298.0
37,3234000,242.0
37,3234060,237.0
37,3234120,264.0
37,3234180,282.0
37,3234240,253.0
37,3234300,225.0
37,3234360,266.0
37,3234420,232.0
37,3234480,193.0
37,3234540,191.0
37,3234600,193.0
37,3234660,168.0
37,3234720,226.0
37,3234780,258.0
37,3234840,214.0
37,3234900,220.0
37,3234960,245.0
37,3235020,255.0
37,3235080,222.0
37,3235140,230.0
37,3235200,189.0
37,3235260,228.0
37,3235320,228.0
37,3235380,171.0
37,3235440,159.0
37,3235500,196.0
37,3235560,231.0
37,3235620,207.0
37,3235680,212.0
37,3235740,184.0
37,3235920,205.0
37,3235980,189.0
37,3236040,185.0
37,3236100,224.0
37,3236160,240.0
37,3236220,276.0
37,3236280,237.0
37,3236340,256.0
37,3236400,255.0
37,3236460,190.0
37,3236520,229.0
37,3236580,201.0
37,3236640,218.0
37,3236700,255.0
37,3236760,223.0
37,3236820,198.0
37,3236880,260.0
37,3236940,223.0
37,3237000,228.0
37,3237060,223.0
37,3237120,203.0
37,3237180,227.0
37,3237240,228.0
37,3237300,240.0
37,3237360,205.0
37,3237420,231.0
37,3237480,232.0
37,3237540,264.0
37,3237600,269.0
37,3237660,212.0
37,3237720,231.0
37,3237780,164.0
37,3237840,247.0
37,3237900,175.0
37,3237960,202.0
37,3238020,260.0
37,3238080,262.0
37,3238140,255.0
37,3238200,299.0
37,3238260,198.0
37,3238320,288.0
37,3238380,239.0
37,3238440,217.0
37,3238500,294.0
37,3238560,247.0
37,3238620,256.0
37,3238680,262.0
37,3238740,278.0
37,3238800,203.0
37,3238860,220.0
37,3238920,180.0
37,3238980,203.0
37,3239040,190.0
37,3239100,188.0
37,3239160,247.0
37,3239220,255.0
37,3239280,242.0
37,3239340,259.0
37,3239400,227.0
37,3239460,207.0
37,3239520,208.0
37,3239580,200.0
37,3239640,206.0
37,3239700,220.0
37,3239760,255.0
37,3239820,255.0
37,3239880,247.0
37,3239940,194.0
37,3240000,207.0
37,3240060,207.0
37,3240120,264.0
37,3240240,218.0
37,3240300,248.0
37,3240360,236.0
37,3240420,291.0
37,3240480,281.0
37,3240540,209.0
37,3240600,202.0
37,3240660,150.0
37,3240720,204.0
37,3240780,229.0
37,3240840,270.0
37,3240900,284.0
37,3240960,276.0
37,3241020,234.0
37,3241080,200.0
37,3241140,216.0
37,3241200,247.0
37,3241440,187.0
37,3241500,259.0
37,3241560,231.0
37,3241620,259.0
37,3241740,223.0
37,3241800,216.0
37,3241860,247.0
37,3241920,246.0
37,3241980,268.0
37,3242040,210.0
37,3242100,203.0
37,3242160,183.0
37,3242220,227.0
37,3242280,208.0
37,3242340,262.0
37,3242400,257.0
37,3242460,255.0
37,3242520,223.0
37,3242580,246.0
37,3242640,261.0
37,3242700,229.0
37,3242760,284.0
37,3242820,231.0
37,3242880,256.0
37,3242940,205.0
37,3243000,186.0
37,3243060,210.0
37,3243120,211.0
37,3243180,186.0
37,3243240,161.0
37,3243300,171.0
37,3243360,191.0
37,3243420,173.0
37,3243480,147.0
37,3243540,197.0
37,3243600,220.0
37,3243660,180.0
37,3243720,167.0
37,3243780,228.0
37,3243840,189.0
37,3243900,211.0
37,3243960,229.0
37,3244020,240.0
37,3244080,218.0
37,3244140,196.0
37,3244200,182.0
37,3244260,206.0
37,3244320,237.0
37,3244380,243.0
37,3244440,170.0
37,3244500,172.0
37,3244560,182.0
37,3244620,177.0
37,3244680,168.0
37,3244740,202.0
37,3244800,190.0
37,3244860,167.0
37,3244920,215.0
37,3244980,222.0
37,3245040,156.0
37,3245100,202.0
37,3245160,183.0
37,3245220,189.0
37,3245280,212.0
37,3245340,172.0
37,3245400,180.0
37,3245460,172.0
37,3245520,169.0
37,3245580,153.0
37,3245640,148.0
37,3245700,187.0
37,3245760,186.0
37,3245820,130.0
37,3245880,164.0
37,3245940,174.0
37,3246000,141.0
37,3246060,165.0
37,3246120,189.0
37,3246180,194.0
37,3246240,234.0
37,3246300,144.0
37,3246360,162.0
37,3246420,165.0
37,3246480,194.0
37,3246540,163.0
37,3246600,180.0
37,3246660,160.0
37,3246720,144.0
37,3246780,186.0
37,3246840,212.0
37,3246900,162.0
37,3246960,207.0
37,3247020,194.0
37,3247080,176.0
37,3247140,184.0
37,3247200,217.0
37,3247260,245.0
37,3247320,195.0
37,3247380,215.0
37,3247440,224.0
37,3247500,260.0
37,3247560,239.0
37,3247620,223.0
37,3247680,207.0
37,3247740,209.0
37,3247800,295.0
37,3247860,246.0
37,3247920,181.0
37,3247980,150.0
37,3248040,194.0
37,3248100,229.0
37,3248160,200.0
37,3248220,228.0
37,3248280,167.0
37,3248340,215.0
37,3248400,200.0
37,3248460,168.0
37,3248520,152.0
37,3248580,154.0
37,3248640,216.0
37,3248700,200.0
37,3248760,223.0
37,3248820,201.0
37,3248880,235.0
37,3248940,217.0
37,3249000,169.0
37,3249060,169.0
37,3249120,209.0
37,3249180,192.0
37,3249240,159.0
37,3249300,175.0
37,3249360,176.0
37,3249420,151.0
37,3249480,197.0
37,3249540,181.0
37,3249600,163.0
37,3249660,146.0
37,3249720,194.0
37,3249780,194.0
37,3249840,168.0
37,3249900,154.0
37,3249960,152.0
37,3250020,178.0
37,3250080,182.0
37,3250140,184.0
37,3250200,153.0
37,3250260,152.0
37,3250320,176.0
37,3250380,189.0
37,3250440,220.0
37,3250500,229.0
37,3250560,186.0
37,3250620,175.0
37,3250680,164.0
37,3250740,208.0
37,3250800,198.0
37,3250860,248.0
37,3250920,308.0
37,3250980,342.0
37,3251040,310.0
37,3251100,273.0
37,3251160,281.0
37,3251220,292.0
37,3251280,288.0
37,3251340,202.0
37,3251400,242.0
37,3251460,269.0
37,3251520,184.0
37,3251580,202.0
37,3251640,169.0
37,3251700,184.0
37,3251760,207.0
37,3251820,203.0
37,3251880,226.0
37,3251940,228.0
37,3252000,187.0
37,3252060,230.0
37,3252120,207.0
37,3252180,230.0
37,3252240,212.0
37,3252300,244.0
37,3252360,235.0
37,3252420,223.0
37,3252480,220.0
37,3252540,208.0
37,3252600,233.0
37,3252660,245.0
37,3252720,233.0
37,3252780,242.0
37,3252840,248.0
37,3252900,253.0
37,3252960,255.0
37,3253020,274.0
37,3253080,225.0
37,3253140,234.0
37,3253200,252.0
37,3253260,232.0
37,3253320,219.0
37,3253380,234.0
37,3253440,296.0
37,3253500,279.0
37,3253560,297.0
37,3253620,248.0
37,3253680,186.0
37,3253740,195.0
37,3253800,202.0
37,3253860,236.0
37,3253920,204.0
37,3253980,216.0
37,3254040,191.0
37,3254100,231.0
37,3254160,252.0
37,3254220,248.0
37,3254280,306.0
37,3254340,293.0
37,3254400,313.0
37,3254460,238.0
37,3254520,218.0
37,3254580,236.0
37,3254640,194.0
37,3254700,175.0
37,3254760,242.0
37,3254820,259.0
37,3254880,278.0
37,3254940,246.0
37,3255000,210.0
37,3255060,216.0
37,3255120,251.0
37,3255180,278.0
37,3255240,249.0
37,3255300,274.0
37,3255360,268.0
37,3255420,259.0
37,3255480,256.0
37,3255540,258.0
37,3255600,284.0
37,3255660,239.0
37,3255720,229.0
37,3255780,274.0
37,3255840,267.0
37,3255900,270.0
37,3255960,257.0
37,3256020,256.0
37,3256080,243.0
37,3256140,197.0
37,3256200,181.0
37,3256260,182.0
37,3256320,223.0
37,3256380,272.0
37,3256440,197.0
37,3256500,195.0
37,3256560,192.0
37,3256620,240.0
37,3256680,235.0
37,3256740,216.0
37,3256800,200.0
37,3256860,254.0
37,3256920,190.0
37,3256980,173.0
37,3257040,210.0
37,3257100,206.0
37,3257160,200.0
37,3257220,217.0
37,3257280,228.0
37,3257340,242.0
37,3257400,247.0
37,3257460,212.0
37,3257520,208.0
37,3257580,206.0
37,3257640,219.0
37,3257700,232.0
37,3257760,255.0
37,3257820,237.0
37,3257880,270.0
37,3257940,238.0
37,3258000,196.0
37,3258060,181.0
37,3258120,220.0
37,3258180,180.0
37,3258240,232.0
37,3258300,216.0
37,3258360,193.0
37,3258420,227.0
37,3258480,294.0
37,3258540,242.0
37,3258600,208.0
37,3258660,192.0
37,3258720,270.0
37,3258780,233.0
37,3258840,245.0
37,3258900,252.0
37,3258960,191.0
37,3259020,236.0
37,3259080,229.0
37,3259140,214.0
37,3259200,226.0
37,3259260,201.0
37,3259320,205.0
37,3259380,247.0
37,3259440,194.0
37,3259500,204.0
37,3259560,225.0
37,3259620,226.0
37,3259680,238.0
37,3259740,194.0
37,3259800,208.0
37,3259860,248.0
37,3259920,230.0
37,3259980,216.0
37,3260040,219.0
37,3260100,218.0
37,3260160,187.0
37,3260220,208.0
37,3260280,156.0
37,3260340,188.0
37,3260400,238.0
37,3260460,216.0
37,3260520,223.0
37,3260580,195.0
37,3260640,202.0
37,3260700,166.0
37,3260760,171.0
37,3260820,238.0
37,3260880,165.0
37,3260940,183.0
37,3261000,205.0
37,3261060,170.0
37,3261120,211.0
37,3261180,177.0
37,3261240,207.0
37,3261300,192.0
37,3261360,197.0
37,3261420,226.0
37,3261480,188.0
37,3261540,171.0
37,3261600,165.0
37,3261660,182.0
37,3261720,188.0
37,3261780,171.0
37,3261840,197.0
37,3261900,207.0
37,3261960,209.0
37,3262020,198.0
37,3262080,167.0
37,3262140,226.0
37,3262200,278.0
37,3262260,262.0
37,3262320,243.0
37,3262380,299.0
37,3262440,214.0
37,3262500,205.0
37,3262560,282.0
37,3262620,291.0
37,3262680,302.0
37,3262740,279.0
37,3262800,281.0
37,3262860,302.0
37,3262920,238.0
37,3262980,222.0
37,3263040,201.0
37,3263100,144.0
37,3263160,184.0
37,3263220,247.0
37,3263280,232.0
37,3263340,217.0
37,3263400,256.0
37,3263460,203.0
37,3263520,189.0
37,3263580,239.0
37,3263640,220.0
37,3263700,239.0
37,3263760,224.0
37,3263820,202.0
37,3263880,201.0
37,3263940,230.0
37,3264000,182.0
37,3264060,194.0
37,3264120,200.0
37,3264180,183.0
37,3264240,167.0
37,3264300,168.0
37,3264360,162.0
37,3264420,178.0
37,3264480,204.0
37,3264540,172.0
37,3264600,188.0
37,3264660,161.0
37,3264720,384.0
37,3264840,188.0
37,3264900,255.0
37,3264960,223.0
37,3265020,226.0
37,3265080,184.0
37,3265140,186.0
37,3265200,191.0
37,3265260,208.0
37,3265320,191.0
37,3265380,152.0
37,3265440,165.0
37,3265500,191.0
37,3265560,198.0
37,3265620,230.0
37,3265680,265.0
37,3265740,175.0
37,3265800,188.0
37,3265860,213.0
37,3265920,181.0
37,3265980,184.0
37,3266040,177.0
37,3266100,205.0
37,3266160,198.0
37,3266220,217.0
37,3266280,213.0
37,3266340,207.0
37,3266400,186.0
37,3266460,204.0
37,3266520,211.0
37,3266580,186.0
37,3266640,239.0
37,3266700,243.0
37,3266760,231.0
37,3266820,218.0
37,3266880,279.0
37,3266940,245.0
37,3267000,267.0
37,3267060,284.0
37,3267120,330.0
37,3267180,225.0
37,3267240,201.0
37,3267300,235.0
37,3267360,222.0
37,3267420,196.0
37,3267480,192.0
37,3267540,181.0
37,3267600,184.0
37,3267660,214.0
37,3267720,220.0
37,3267780,220.0
37,3267840,224.0
37,3267900,235.0
37,3267960,265.0
37,3268020,207.0
37,3268080,185.0
37,3268140,188.0
37,3268200,184.0
37,3268260,232.0
37,3268320,218.0
37,3268380,209.0
37,3268440,222.0
37,3268500,194.0
37,3268560,228.0
37,3268620,219.0
37,3268680,192.0
37,3268740,247.0
37,3268800,236.0
37,3268860,215.0
37,3268920,219.0
37,3268980,247.0
37,3269040,210.0
37,3269100,262.0
37,3269160,273.0
37,3269220,202.0
37,3269280,242.0
37,3269340,180.0
37,3269400,167.0
37,3269460,190.0
37,3269520,198.0
37,3269580,294.0
37,3269640,239.0
37,3269700,235.0
37,3269760,227.0
37,3269820,226.0
37,3269880,208.0
37,3269940,183.0
37,3270000,233.0
37,3270060,216.0
37,3270120,233.0
37,3270180,262.0
37,3270240,244.0
37,3270300,251.0
37,3270360,207.0
37,3270420,269.0
37,3270480,293.0
37,3270540,230.0
37,3270600,211.0
37,3270660,239.0
37,3270720,204.0
37,3270780,201.0
37,3270840,238.0
37,3270900,229.0
37,3270960,238.0
37,3271020,247.0
37,3271080,207.0
37,3271140,280.0
37,3271200,281.0
37,3271260,286.0
37,3271320,247.0
37,3271380,222.0
37,3271440,203.0
37,3271500,269.0
37,3271560,256.0
37,3271620,215.0
37,3271680,181.0
37,3271740,248.0
37,3271800,243.0
37,3271860,232.0
37,3271920,220.0
37,3271980,281.0
37,3272040,255.0
37,3272100,195.0
37,3272160,214.0
37,3272220,261.0
37,3272280,219.0
37,3272340,226.0
37,3272400,249.0
37,3272460,257.0
37,3272520,231.0
37,3272580,217.0
37,3272640,234.0
37,3272700,196.0
37,3272760,251.0
37,3272820,264.0
37,3272880,191.0
37,3272940,207.0
37,3273000,271.0
37,3273060,237.0
37,3273120,226.0
37,3273180,235.0
37,3273240,219.0
37,3273300,219.0
37,3273360,258.0
37,3273420,208.0
37,3273480,218.0
37,3273540,208.0
37,3273600,226.0
37,3273660,260.0
37,3273720,205.0
37,3273780,194.0
37,3273840,202.0
37,3273900,239.0
37,3273960,219.0
37,3274020,201.0
37,3274080,223.0
37,3274140,239.0
37,3274200,177.0
37,3274260,233.0
37,3274320,193.0
37,3274380,230.0
37,3274440,261.0
37,3274500,210.0
37,3274560,231.0
37,3274620,244.0
37,3274680,213.0
37,3274740,220.0
37,3274800,250.0
37,3274860,238.0
37,3274920,232.0
37,3274980,250.0
37,3275040,203.0
37,3275100,215.0
37,3275160,235.0
37,3275220,277.0
37,3275280,254.0
37,3275340,207.0
37,3275400,201.0
37,3275460,245.0
37,3275520,235.0
37,3275580,183.0
37,3275640,202.0
37,3275700,229.0
37,3275760,203.0
37,3275820,228.0
37,3275880,250.0
37,3275940,203.0
37,3276000,188.0
37,3276060,233.0
37,3276120,276.0
37,3276180,235.0
37,3276240,148.0
37,3276300,188.0
37,3276360,209.0
37,3276420,190.0
37,3276480,211.0
37,3276540,186.0
37,3276600,260.0
37,3276660,251.0
37,3276720,204.0
37,3276780,174.0
37,3276840,190.0
37,3276900,166.0
37,3276960,230.0
37,3277020,148.0
37,3277080,222.0
37,3277140,276.0
37,3277200,268.0
37,3277260,274.0
37,3277320,210.0
37,3277380,197.0
37,3277440,212.0
37,3277500,212.0
37,3277560,259.0
37,3277620,246.0
37,3277680,228.0
37,3277740,185.0
37,3277800,197.0
37,3277860,191.0
37,3277920,197.0
37,3277980,206.0
37,3278040,155.0
37,3278100,197.0
37,3278160,207.0
37,3278220,205.0
37,3278280,194.0
37,3278340,185.0
37,3278400,188.0
37,3278460,183.0
37,3278520,202.0
37,3278580,195.0
37,3278640,220.0
37,3278700,169.0
37,3278760,153.0
37,3278820,191.0
37,3278880,154.0
37,3278940,168.0
37,3279000,180.0
37,3279060,196.0
37,3279120,158.0
37,3279180,184.0
37,3279240,201.0
37,3279300,222.0
37,3279360,143.0
37,3279420,168.0
37,3279480,190.0
37,3279540,183.0
37,3279600,167.0
37,3279660,194.0
37,3279720,172.0
37,3279780,218.0
37,3279840,201.0
37,3279900,191.0
37,3279960,236.0
37,3280020,265.0
37,3280080,242.0
37,3280140,230.0
37,3280200,246.0
37,3280260,229.0
37,3280320,219.0
37,3280380,185.0
37,3280440,181.0
37,3280500,195.0
37,3280560,206.0
37,3280620,214.0
37,3280680,188.0
37,3280740,207.0
37,3280800,217.0
37,3280860,176.0
37,3280920,177.0
37,3280980,198.0
37,3281040,161.0
37,3281100,138.0
37,3281160,140.0
37,3281220,133.0
37,3281280,212.0
37,3281340,204.0
37,3281400,197.0
37,3281460,133.0
37,3281520,160.0
37,3281580,158.0
37,3281640,122.0
37,3281700,147.0
37,3281760,148.0
37,3281820,131.0
37,3281880,112.0
37,3281940,138.0
37,3282000,175.0
37,3282060,158.0
37,3282120,130.0
37,3282180,113.0
37,3282240,176.0
37,3282300,142.0
37,3282360,170.0
37,3282420,170.0
37,3282480,188.0
37,3282540,200.0
37,3282600,114.0
37,3282660,98.0
37,3282720,122.0
37,3282780,123.0
37,3282840,165.0
37,3282900,174.0
37,3282960,182.0
37,3283020,158.0
37,3283080,176.0
37,3283140,123.0
38,3283200,183.0
38,3283260,198.0
38,3283320,193.0
38,3283380,148.0
38,3283440,231.0
38,3283500,197.0
38,3283560,111.0
38,3283620,180.0
38,3283680,177.0
38,3283740,120.0
38,3283800,120.0
38,3283860,131.0
38,3283920,205.0
38,3283980,186.0
38,3284040,160.0
38,3284100,145.0
38,3284160,108.0
38,3284220,97.0
38,3284280,153.0
38,3284340,143.0
38,3284400,97.0
38,3284460,91.0
38,3284520,117.0
38,3284580,134.0
38,3284640,143.0
38,3284700,151.0
38,3284760,129.0
38,3284820,143.0
38,3284880,135.0
38,3284940,117.0
38,3285000,91.0
38,3285060,138.0
38,3285120,105.0
38,3285180,112.0
38,3285240,97.0
38,3285300,106.0
38,3285360,81.0
38,3285420,119.0
38,3285480,122.0
38,3285540,92.0
38,3285600,109.0
38,3285660,117.0
38,3285720,132.0
38,3285780,126.0
38,3285840,144.0
38,3285900,148.0
38,3285960,113.0
38,3286020,117.0
38,3286080,96.0
38,3286140,86.0
38,3286200,119.0
38,3286260,100.0
38,3286320,85.0
38,3286380,97.0
38,3286440,80.0
38,3286500,96.0
38,3286560,69.0
38,3286620,78.0
38,3286680,65.0
38,3286740,82.0
38,3286800,96.0
38,3286860,91.0
38,3286920,124.0
38,3286980,110.0
38,3287040,102.0
38,3287100,80.0
38,3287160,128.0
38,3287220,84.0
38,3287280,79.0
38,3287340,68.0
38,3287400,77.0
38,3287460,99.0
38,3287520,77.0
38,3287580,93.0
38,3287640,106.0
38,3287700,55.0
38,3287760,54.0
38,3287820,77.0
38,3287880,65.0
38,3287940,60.0
38,3288000,106.0
38,3288060,102.0
38,3288120,61.0
38,3288180,58.0
38,3288240,51.0
38,3288300,57.0
38,3288360,63.0
38,3288420,62.0
38,3288480,88.0
38,3288540,80.0
38,3288600,69.0
38,3288660,47.0
38,3288720,77.0
38,3288780,47.0
38,3288840,65.0
38,3288900,44.0
38,3288960,61.0
38,3289020,50.0
38,3289080,60.0
38,3289140,55.0
38,3289200,62.0
38,3289260,96.0
38,3289320,62.0
38,3289380,38.0
38,3289440,47.0
38,3289500,33.0
38,3289560,42.0
38,3289620,43.0
38,3289680,84.0
38,3289740,97.0
38,3289800,52.0
38,3289860,47.0
38,3289920,34.0
38,3289980,45.0
38,3290040,47.0
38,3290100,37.0
38,3290160,37.0
38,3290220,42.0
38,3290280,56.0
38,3290340,52.0
38,3290400,52.0
38,3290460,45.0
38,3290520,38.0
38,3290580,42.0
38,3290640,34.0
38,3290700,55.0
38,3290760,46.0
38,3290820,50.0
38,3290880,45.0
38,3290940,79.0
38,3291000,43.0
38,3291060,47.0
38,3291120,57.0
38,3291180,38.0
38,3291240,28.0
38,3291300,54.0
38,3291360,23.0
38,3291420,41.0
38,3291480,44.0
38,3291540,45.0
38,3291600,38.0
38,3291660,37.0
38,3291720,50.0
38,3291780,51.0
38,3291840,23.0
38,3291900,39.0
38,3291960,41.0
38,3292020,37.0
38,3292080,40.0
38,3292140,41.0
38,3292200,16.0
38,3292260,15.0
38,3292320,30.0
38,3292380,35.0
38,3292440,24.0
38,3292500,25.0
38,3292560,24.0
38,3292620,38.0
38,3292680,35.0
38,3292740,50.0
38,3292800,67.0
38,3292860,42.0
38,3292920,15.0
38,3292980,16.0
38,3293040,27.0
38,3293100,35.0
38,3293160,38.0
38,3293220,33.0
38,3293280,24.0
38,3293340,26.0
38,3293400,26.0
38,3293460,24.0
38,3293520,21.0
38,3293580,27.0
38,3293640,14.0
38,3293700,22.0
38,3293760,20.0
38,3293820,22.0
38,3293880,35.0
38,3293940,17.0
38,3294000,30.0
38,3294060,34.0
38,3294120,23.0
38,3294180,22.0
38,3294240,22.0
38,3294300,24.0
38,3294360,27.0
38,3294420,29.0
38,3294480,13.0
38,3294540,29.0
38,3294600,16.0
38,3294660,22.0
38,3294720,23.0
38,3294780,33.0
38,3294840,19.0
38,3294900,27.0
38,3294960,19.0
38,3295020,16.0
38,3295080,26.0
38,3295140,44.0
38,3295200,47.0
38,3295260,56.0
38,3295320,44.0
38,3295380,35.0
38,3295440,46.0
38,3295500,32.0
38,3295560,19.0
38,3295620,17.0
38,3295680,17.0
38,3295740,29.0
38,3295800,37.0
38,3295860,24.0
38,3295920,38.0
38,3295980,26.0
38,3296040,32.0
38,3296100,35.0
38,3296160,19.0
38,3296220,24.0
38,3296280,24.0
38,3296340,23.0
38,3296400,39.0
38,3296460,49.0
38,3296520,39.0
38,3296580,38.0
38,3296640,76.0
38,3296700,62.0
38,3296760,48.0
38,3296820,47.0
38,3296880,57.0
38,3296940,57.0
38,3297000,80.0
38,3297060,62.0
38,3297120,49.0
38,3297180,45.0
38,3297240,27.0
38,3297300,7.0
38,3297360,13.0
38,3297420,14.0
38,3297480,20.0
38,3297540,19.0
38,3297600,26.0
38,3297660,39.0
38,3297720,58.0
38,3297780,65.0
38,3297840,49.0
38,3297900,78.0
38,3297960,79.0
38,3298020,66.0
38,3298080,50.0
38,3298140,28.0
38,3298200,69.0
38,3298260,57.0
38,3298320,59.0
38,3298380,9.0
38,3298440,16.0
38,3298500,6.0
38,3298560,6.0
38,3298620,10.0
38,3298680,14.0
38,3298740,16.0
38,3298800,20.0
38,3298860,8.0
38,3298920,5.0
38,3298980,10.0
38,3299040,16.0
38,3299100,9.0
38,3299160,14.0
38,3299220,16.0
38,3299280,7.0
38,3299340,14.0
38,3299400,12.0
38,3299460,14.0
38,3299520,7.0
38,3299580,16.0
38,3299640,12.0
38,3299700,7.0
38,3299760,14.0
38,3299820,10.0
38,3299880,13.0
38,3299940,16.0
38,3300000,12.0
38,3300060,6.0
38,3300120,7.0
38,3300180,12.0
38,3300240,7.0
38,3300300,8.0
38,3300360,10.0
38,3300420,6.0
38,3300480,6.0
38,3300540,19.0
38,3300600,8.0
38,3300660,15.0
38,3300720,13.0
38,3300780,12.0
38,3300840,7.0
38,3300900,6.0
38,3300960,15.0
38,3301020,13.0
38,3301080,18.0
38,3301140,13.0
38,3301200,13.0
38,3301260,17.0
38,3301320,23.0
38,3301380,25.0
38,3301440,51.0
38,3301500,15.0
38,3301560,10.0
38,3301620,16.0
38,3301680,8.0
38,3301740,9.0
38,3301800,3.0
38,3301860,12.0
38,3301920,12.0
38,3301980,8.0
38,3302040,17.0
38,3302100,25.0
38,3302160,7.0
38,3302220,7.0
38,3302280,8.0
38,3302340,16.0
38,3302400,26.0
38,3302460,14.0
38,3302520,13.0
38,3302580,19.0
38,3302640,10.0
38,3302700,12.0
38,3302760,15.0
38,3302820,14.0
38,3302880,9.0
38,3302940,28.0
38,3303000,13.0
38,3303060,14.0
38,3303120,8.0
38,3303180,5.0
38,3303240,10.0
38,3303300,22.0
38,3303360,14.0
38,3303420,5.0
38,3303480,3.0
38,3303540,7.0
38,3303600,5.0
38,3303660,12.0
38,3303720,8.0
38,3303780,3.0
38,3303840,15.0
38,3303900,16.0
38,3303960,21.0
38,3304020,7.0
38,3304080,9.0
38,3304140,14.0
38,3304200,10.0
38,3304260,5.0
38,3304320,15.0
38,3304380,1.0
38,3304440,12.0
38,3304500,21.0
38,3304560,9.0
38,3304620,9.0
38,3304680,12.0
38,3304740,3.0
38,3304800,7.0
38,3304860,6.0
38,3304920,13.0
38,3304980,13.0
38,3305040,4.0
38,3305100,8.0
38,3305160,5.0
38,3305220,8.0
38,3305280,28.0
38,3305340,12.0
38,3305400,9.0
38,3305460,7.0
38,3305520,5.0
38,3305580,7.0
38,3305640,13.0
38,3305700,6.0
38,3305760,7.0
38,3305820,5.0
38,3305880,6.0
38,3305940,12.0
38,3306000,10.0
38,3306060,6.0
38,3306120,9.0
38,3306180,12.0
38,3306240,7.0
38,3306300,13.0
38,3306360,8.0
38,3306420,6.0
38,3306480,14.0
38,3306540,7.0
38,3306600,10.0
38,3306660,12.0
38,3306720,15.0
38,3306780,19.0
38,3306840,16.0
38,3306900,8.0
38,3306960,12.0
38,3307020,22.0
38,3307080,42.0
38,3307140,33.0
38,3307200,34.0
38,3307260,36.0
38,3307320,21.0
38,3307380,36.0
38,3307440,50.0
38,3307500,36.0
38,3307560,48.0
38,3307620,29.0
38,3307680,47.0
38,3307740,36.0
38,3307800,65.0
38,3307860,50.0
38,3307920,57.0
38,3307980,38.0
38,3308040,35.0
38,3308100,39.0
38,3308160,10.0
38,3308220,24.0
38,3308280,52.0
38,3308340,66.0
38,3308400,41.0
38,3308460,51.0
38,3308520,54.0
38,3308580,17.0
38,3308640,23.0
38,3308700,19.0
38,3308760,26.0
38,3308820,18.0
38,3308880,16.0
38,3308940,25.0
38,3309000,23.0
38,3309060,21.0
38,3309120,37.0
38,3309180,20.0
38,3309240,13.0
38,3309300,18.0
38,3309360,28.0
38,3309420,19.0
38,3309480,9.0
38,3309540,30.0
38,3309600,32.0
38,3309660,13.0
38,3309720,32.0
38,3309780,47.0
38,3309840,40.0
38,3309900,30.0
38,3309960,51.0
38,3310020,20.0
38,3310080,27.0
38,3310140,39.0
38,3310200,29.0
38,3310260,21.0
38,3310320,30.0
38,3310380,22.0
38,3310440,28.0
38,3310500,24.0
38,3310560,46.0
38,3310620,42.0
38,3310680,35.0
38,3310740,62.0
38,3310800,25.0
38,3310860,35.0
38,3310920,50.0
38,3310980,91.0
38,3311040,39.0
38,3311100,57.0
38,3311160,62.0
38,3311220,55.0
38,3311280,51.0
38,3311340,44.0
38,3311400,112.0
38,3311460,91.0
38,3311520,97.0
38,3311580,70.0
38,3311640,63.0
38,3311700,43.0
38,3311760,60.0
38,3311820,69.0
38,3311880,59.0
38,3311940,100.0
38,3312000,100.0
38,3312060,72.0
38,3312120,75.0
38,3312180,77.0
38,3312240,83.0
38,3312300,100.0
38,3312360,113.0
38,3312420,91.0
38,3312480,88.0
38,3312540,58.0
38,3312600,86.0
38,3312660,97.0
38,3312720,83.0
38,3312780,61.0
38,3312840,61.0
38,3312900,59.0
38,3312960,77.0
38,3313020,81.0
38,3313080,62.0
38,3313140,81.0
38,3313200,69.0
38,3313260,69.0
38,3313320,64.0
38,3313380,99.0
38,3313440,102.0
38,3313500,133.0
38,3313560,86.0
38,3313620,87.0
38,3313680,101.0
38,3313740,68.0
38,3313800,47.0
38,3313860,82.0
38,3313920,77.0
38,3313980,80.0
38,3314040,78.0
38,3314100,92.0
38,3314160,108.0
38,3314220,91.0
38,3314280,113.0
38,3314340,98.0
38,3314400,103.0
38,3314460,139.0
38,3314520,108.0
38,3314580,113.0
38,3314640,80.0
38,3314700,118.0
38,3314760,144.0
38,3314820,109.0
38,3314880,112.0
38,3314940,113.0
38,3315000,132.0
38,3315060,110.0
38,3315120,110.0
38,3315180,106.0
38,3315240,101.0
38,3315300,101.0
38,3315360,120.0
38,3315420,124.0
38,3315480,100.0
38,3315540,116.0
38,3315600,104.0
38,3315660,117.0
38,3315720,122.0
38,3315780,113.0
38,3315840,113.0
38,3315900,139.0
38,3315960,174.0
38,3316020,126.0
38,3316080,162.0
38,3316140,129.0
38,3316200,147.0
38,3316260,130.0
38,3316320,129.0
38,3316380,153.0
38,3316440,145.0
38,3316500,146.0
38,3316560,170.0
38,3316620,204.0
38,3316680,176.0
38,3316740,183.0
38,3316800,181.0
38,3316860,193.0
38,3316920,209.0
38,3316980,256.0
38,3317040,257.0
38,3317100,180.0
38,3317160,189.0
38,3317220,204.0
38,3317280,156.0
38,3317340,185.0
38,3317400,164.0
38,3317460,170.0
38,3317520,173.0
38,3317580,211.0
38,3317640,227.0
38,3317700,203.0
38,3317760,197.0
38,3317820,183.0
38,3317880,164.0
38,3317940,161.0
38,3318000,207.0
38,3318060,168.0
38,3318120,154.0
38,3318180,175.0
38,3318240,156.0
38,3318300,190.0
38,3318360,164.0
38,3318420,193.0
38,3318480,177.0
38,3318540,196.0
38,3318600,219.0
38,3318660,201.0
38,3318720,166.0
38,3318780,176.0
38,3318840,191.0
38,3318900,205.0
38,3318960,171.0
38,3319020,147.0
38,3319080,141.0
38,3319140,156.0
38,3319200,217.0
38,3319260,183.0
38,3319320,195.0
38,3319380,162.0
38,3319440,187.0
38,3319500,145.0
38,3319560,228.0
38,3319620,249.0
38,3319680,194.0
38,3319740,173.0
38,3319800,161.0
38,3319860,238.0
38,3319920,190.0
38,3319980,216.0
38,3320040,184.0
38,3320100,229.0
38,3320160,204.0
38,3320220,228.0
38,3320280,226.0
38,3320340,306.0
38,3320400,277.0
38,3320460,266.0
38,3320520,227.0
38,3320580,212.0
38,3320640,224.0
38,3320700,211.0
38,3320760,239.0
38,3320820,219.0
38,3320880,192.0
38,3320940,181.0
38,3321000,184.0
38,3321060,201.0
38,3321120,207.0
38,3321180,214.0
38,3321240,211.0
38,3321300,200.0
38,3321360,170.0
38,3321420,168.0
38,3321480,200.0
38,3321540,190.0
38,3321600,198.0
38,3321660,176.0
38,3321720,184.0
38,3321780,231.0
38,3321840,230.0
38,3321900,238.0
38,3321960,243.0
38,3322020,230.0
38,3322080,230.0
38,3322140,246.0
38,3322200,218.0
38,3322260,208.0
38,3322320,239.0
38,3322380,224.0
38,3322440,219.0
38,3322500,212.0
38,3322560,236.0
38,3322620,244.0
38,3322680,202.0
38,3322740,198.0
38,3322800,213.0
38,3322860,210.0
38,3322920,203.0
38,3322980,196.0
38,3323040,196.0
38,3323100,255.0
38,3323160,196.0
38,3323220,177.0
38,3323280,201.0
38,3323340,196.0
38,3323400,180.0
38,3323460,244.0
38,3323520,209.0
38,3323580,222.0
38,3323640,257.0
38,3323700,176.0
38,3323760,205.0
38,3323820,201.0
38,3323880,227.0
38,3323940,233.0
38,3324000,213.0
38,3324060,194.0
38,3324120,154.0
38,3324180,206.0
38,3324240,155.0
38,3324300,188.0
38,3324360,232.0
38,3324420,208.0
38,3324480,213.0
38,3324540,224.0
38,3324600,262.0
38,3324660,265.0
38,3324720,238.0
38,3324780,183.0
38,3324840,225.0
38,3324900,272.0
38,3324960,268.0
38,3325020,249.0
38,3325080,206.0
38,3325140,230.0
38,3325200,270.0
38,3325260,261.0
38,3325320,267.0
38,3325380,270.0
38,3325440,231.0
38,3325500,271.0
38,3325560,284.0
38,3325620,249.0
38,3325680,272.0
38,3325740,271.0
38,3325800,261.0
38,3325860,264.0
38,3325920,206.0
38,3325980,187.0
38,3326040,219.0
38,3326100,209.0
38,3326160,239.0
38,3326220,175.0
38,3326280,203.0
38,3326340,210.0
38,3326400,182.0
38,3326460,153.0
38,3326520,191.0
38,3326580,236.0
38,3326640,257.0
38,3326700,197.0
38,3326760,255.0
38,3326820,183.0
38,3326880,239.0
38,3326940,190.0
38,3327000,194.0
38,3327060,222.0
38,3327120,223.0
38,3327180,230.0
38,3327240,205.0
38,3327300,198.0
38,3327360,161.0
38,3327420,197.0
38,3327480,202.0
38,3327540,226.0
38,3327600,164.0
38,3327660,176.0
38,3327720,212.0
38,3327780,177.0
38,3327840,234.0
38,3327900,194.0
38,3327960,147.0
38,3328020,163.0
38,3328080,184.0
38,3328140,232.0
38,3328200,233.0
38,3328260,223.0
38,3328320,234.0
38,3328380,270.0
38,3328440,220.0
38,3328500,208.0
38,3328560,177.0
38,3328620,198.0
38,3328680,187.0
38,3328740,144.0
38,3328800,186.0
38,3328860,186.0
38,3328920,224.0
38,3328980,208.0
38,3329040,192.0
38,3329100,192.0
38,3329160,176.0
38,3329220,151.0
38,3329280,142.0
38,3329340,192.0
38,3329400,173.0
38,3329580,167.0
38,3329640,145.0
38,3329700,160.0
38,3329760,123.0
38,3329820,222.0
38,3329880,229.0
38,3329940,242.0
38,3330000,215.0
38,3330060,182.0
38,3330120,162.0
38,3330180,173.0
38,3330240,178.0
38,3330300,155.0
38,3330360,145.0
38,3330420,138.0
38,3330480,139.0
38,3330540,169.0
38,3330600,201.0
38,3330660,175.0
38,3330720,177.0
38,3330780,150.0
38,3330840,201.0
38,3330900,196.0
38,3330960,202.0
38,3331020,234.0
38,3331080,223.0
38,3331140,203.0
38,3331200,197.0
38,3331260,211.0
38,3331320,242.0
38,3331380,162.0
38,3331440,212.0
38,3331500,211.0
38,3331560,161.0
38,3331620,148.0
38,3331680,197.0
38,3331740,230.0
38,3331800,145.0
38,3331860,118.0
38,3331920,152.0
38,3331980,168.0
38,3332040,177.0
38,3332100,178.0
38,3332160,155.0
38,3332220,168.0
38,3332280,168.0
38,3332340,138.0
38,3332400,151.0
38,3332460,160.0
38,3332520,167.0
38,3332580,176.0
38,3332640,192.0
38,3332700,183.0
38,3332760,168.0
38,3332820,182.0
38,3332880,164.0
38,3332940,206.0
38,3333000,169.0
38,3333060,158.0
38,3333120,192.0
38,3333180,124.0
38,3333240,191.0
38,3333300,193.0
38,3333360,186.0
38,3333420,189.0
38,3333480,151.0
38,3333540,166.0
38,3333600,175.0
38,3333660,185.0
38,3333720,227.0
38,3333780,175.0
38,3333840,162.0
38,3333900,190.0
38,3333960,194.0
38,3334020,207.0
38,3334080,151.0
38,3334140,164.0
38,3334200,198.0
38,3334260,226.0
38,3334320,230.0
38,3334380,174.0
38,3334440,196.0
38,3334500,213.0
38,3334560,230.0
38,3334620,229.0
38,3334680,238.0
38,3334740,208.0
38,3334800,207.0
38,3334860,201.0
38,3334920,145.0
38,3334980,168.0
38,3335040,128.0
38,3335100,153.0
38,3335160,188.0
38,3335220,181.0
38,3335280,155.0
38,3335340,165.0
38,3335400,171.0
38,3335460,166.0
38,3335520,152.0
38,3335580,172.0
38,3335640,178.0
38,3335700,198.0
38,3335760,201.0
38,3335820,154.0
38,3335880,151.0
38,3335940,190.0
38,3336000,260.0
38,3336060,187.0
38,3336120,175.0
38,3336180,150.0
38,3336240,175.0
38,3336300,170.0
38,3336360,174.0
38,3336420,256.0
38,3336480,176.0
38,3336540,258.0
38,3336600,227.0
38,3336660,191.0
38,3336720,243.0
38,3336780,168.0
38,3336840,234.0
38,3336900,205.0
38,3336960,212.0
38,3337020,237.0
38,3337080,178.0
38,3337140,173.0
38,3337200,208.0
38,3337260,192.0
38,3337320,198.0
38,3337380,172.0
38,3337440,232.0
38,3337500,314.0
38,3337560,239.0
38,3337620,233.0
38,3337680,216.0
38,3337740,195.0
38,3337800,240.0
38,3337860,230.0
38,3337980,219.0
38,3338040,274.0
38,3338100,214.0
38,3338160,223.0
38,3338220,213.0
38,3338280,217.0
38,3338340,186.0
38,3338400,210.0
38,3338460,204.0
38,3338520,234.0
38,3338580,230.0
38,3338640,200.0
38,3338700,217.0
38,3338760,227.0
38,3338820,191.0
38,3338880,170.0
38,3338940,178.0
38,3339000,228.0
38,3339060,176.0
38,3339120,194.0
38,3339180,272.0
38,3339240,260.0
38,3339300,215.0
38,3339360,209.0
38,3339420,191.0
38,3339480,209.0
38,3339540,211.0
38,3339600,270.0
38,3339660,277.0
38,3339720,289.0
38,3339780,213.0
38,3339840,232.0
38,3339900,202.0
38,3339960,257.0
38,3340020,223.0
38,3340080,235.0
38,3340140,220.0
38,3340200,231.0
38,3340260,167.0
38,3340320,203.0
38,3340380,209.0
38,3340440,274.0
38,3340500,207.0
38,3340560,289.0
38,3340620,262.0
38,3340680,176.0
38,3340740,299.0
38,3340800,301.0
38,3340860,207.0
38,3340920,245.0
38,3340980,222.0
38,3341040,303.0
38,3341100,328.0
38,3341160,306.0
38,3341220,245.0
38,3341280,238.0
38,3341340,226.0
38,3341400,215.0
38,3341460,192.0
38,3341520,213.0
38,3341580,184.0
38,3341640,228.0
38,3341700,240.0
38,3341760,227.0
38,3341820,240.0
38,3341880,236.0
38,3341940,229.0
38,3342000,228.0
38,3342060,228.0
38,3342120,176.0
38,3342180,169.0
38,3342240,195.0
38,3342300,216.0
38,3342360,252.0
38,3342420,267.0
38,3342480,195.0
38,3342540,181.0
38,3342600,235.0
38,3342660,210.0
38,3342720,219.0
38,3342780,191.0
38,3342840,247.0
38,3342900,237.0
38,3342960,225.0
38,3343020,188.0
38,3343080,204.0
38,3343140,163.0
38,3343200,148.0
38,3343260,218.0
38,3343320,214.0
38,3343380,229.0
38,3343440,203.0
38,3343500,227.0
38,3343560,240.0
38,3343620,248.0
38,3343680,242.0
38,3343740,270.0
38,3343800,275.0
38,3343860,240.0
38,3343920,224.0
38,3343980,191.0
38,3344040,216.0
38,3344100,202.0
38,3344160,189.0
38,3344220,187.0
38,3344280,208.0
38,3344340,264.0
38,3344400,174.0
38,3344460,212.0
38,3344520,213.0
38,3344580,177.0
38,3344640,170.0
38,3344700,186.0
38,3344760,203.0
38,3344820,219.0
38,3344880,154.0
38,3344940,228.0
38,3345000,171.0
38,3345060,205.0
38,3345120,208.0
38,3345180,210.0
38,3345240,183.0
38,3345300,182.0
38,3345360,178.0
38,3345420,209.0
38,3345480,202.0
38,3345540,186.0
38,3345600,220.0
38,3345660,196.0
38,3345720,238.0
38,3345780,212.0
38,3345840,178.0
38,3345900,233.0
38,3345960,165.0
38,3346020,224.0
38,3346080,264.0
38,3346140,247.0
38,3346200,218.0
38,3346260,214.0
38,3346320,254.0
38,3346380,245.0
38,3346440,268.0
38,3346500,247.0
38,3346560,208.0
38,3346620,169.0
38,3346680,223.0
38,3346740,203.0
38,3346800,171.0
38,3346860,210.0
38,3346920,230.0
38,3346980,284.0
38,3347040,200.0
38,3347100,192.0
38,3347160,204.0
38,3347220,267.0
38,3347280,200.0
38,3347340,212.0
38,3347400,224.0
38,3347460,228.0
38,3347520,238.0
38,3347580,192.0
38,3347640,197.0
38,3347700,184.0
38,3347760,207.0
38,3347820,205.0
38,3347880,223.0
38,3347940,208.0
38,3348000,226.0
38,3348060,262.0
38,3348120,223.0
38,3348180,306.0
38,3348240,234.0
38,3348300,170.0
38,3348360,176.0
38,3348420,216.0
38,3348480,189.0
38,3348540,165.0
38,3348600,201.0
38,3348660,198.0
38,3348720,226.0
38,3348780,202.0
38,3348840,236.0
38,3348900,224.0
38,3348960,180.0
38,3349020,206.0
38,3349080,154.0
38,3349140,190.0
38,3349200,225.0
38,3349260,173.0
38,3349320,186.0
38,3349380,214.0
38,3349440,260.0
38,3349500,234.0
38,3349560,249.0
38,3349620,268.0
38,3349680,282.0
38,3349740,274.0
38,3349800,207.0
38,3349860,228.0
38,3349920,220.0
38,3349980,167.0
38,3350040,208.0
38,3350100,182.0
38,3350160,229.0
38,3350220,192.0
38,3350280,172.0
38,3350340,213.0
38,3350400,224.0
38,3350460,185.0
38,3350520,202.0
38,3350580,163.0
38,3350640,155.0
38,3350700,153.0
38,3350760,174.0
38,3351000,201.0
38,3351060,154.0
38,3351120,159.0
38,3351180,181.0
38,3351240,133.0
38,3351300,174.0
38,3351360,188.0
38,3351420,143.0
38,3351480,192.0
38,3351540,172.0
38,3351600,202.0
38,3351660,237.0
38,3351720,210.0
38,3351780,215.0
38,3351840,226.0
38,3351900,161.0
38,3351960,227.0
38,3352020,200.0
38,3352080,198.0
38,3352140,226.0
38,3352200,187.0
38,3352260,136.0
38,3352320,138.0
38,3352380,161.0
38,3352440,169.0
38,3352500,173.0
38,3352560,160.0
38,3352620,186.0
38,3352680,170.0
38,3352740,183.0
38,3352800,171.0
38,3352860,180.0
38,3352920,208.0
38,3352980,190.0
38,3353040,171.0
38,3353100,154.0
38,3353160,162.0
38,3353220,194.0
38,3353280,181.0
38,3353340,166.0
38,3353400,211.0
38,3353460,187.0
38,3353520,185.0
38,3353580,196.0
38,3353640,146.0
38,3353700,171.0
38,3353760,234.0
38,3353820,177.0
38,3353880,131.0
38,3353940,189.0
38,3354000,165.0
38,3354060,150.0
38,3354120,194.0
38,3354180,180.0
38,3354240,186.0
38,3354300,165.0
38,3354360,190.0
38,3354420,160.0
38,3354480,184.0
38,3354540,172.0
38,3354600,203.0
38,3354660,205.0
38,3354720,205.0
38,3354780,167.0
38,3354840,133.0
38,3354900,170.0
38,3354960,226.0
38,3355020,227.0
38,3355080,201.0
38,3355140,212.0
38,3355200,203.0
38,3355260,254.0
38,3355320,248.0
38,3355380,198.0
38,3355440,235.0
38,3355500,173.0
38,3355560,269.0
38,3355620,252.0
38,3355680,210.0
38,3355740,207.0
38,3355800,186.0
38,3355860,215.0
38,3355920,189.0
38,3355980,196.0
38,3356040,260.0
38,3356100,249.0
38,3356160,224.0
38,3356220,240.0
38,3356280,295.0
38,3356340,233.0
38,3356400,217.0
38,3356460,247.0
38,3356520,210.0
38,3356580,178.0
38,3356640,184.0
38,3356700,209.0
38,3356760,212.0
38,3356820,237.0
38,3356880,250.0
38,3356940,258.0
38,3357000,238.0
38,3357060,253.0
38,3357120,247.0
38,3357180,184.0
38,3357240,191.0
38,3357300,180.0
38,3357360,249.0
38,3357420,205.0
38,3357480,192.0
38,3357540,195.0
38,3357600,191.0
38,3357660,169.0
38,3357720,180.0
38,3357780,195.0
38,3357840,187.0
38,3357900,186.0
38,3357960,264.0
38,3358020,265.0
38,3358080,252.0
38,3358140,248.0
38,3358200,175.0
38,3358260,192.0
38,3358320,167.0
38,3358380,202.0
38,3358440,255.0
38,3358500,184.0
38,3358560,206.0
38,3358620,146.0
38,3358680,211.0
38,3358740,227.0
38,3358800,240.0
38,3358860,297.0
38,3358920,293.0
38,3358980,264.0
38,3359040,279.0
38,3359100,248.0
38,3359160,207.0
38,3359220,259.0
38,3359280,266.0
38,3359340,256.0
38,3359400,249.0
38,3359460,218.0
38,3359520,186.0
38,3359580,187.0
38,3359640,186.0
38,3359700,184.0
38,3359760,185.0
38,3359820,215.0
38,3359880,259.0
38,3359940,217.0
38,3360000,277.0
38,3360060,193.0
38,3360120,186.0
38,3360180,206.0
38,3360240,176.0
38,3360300,207.0
38,3360360,229.0
38,3360420,220.0
38,3360480,269.0
38,3360540,208.0
38,3360600,220.0
38,3360660,230.0
38,3360720,232.0
38,3360780,243.0
38,3360840,235.0
38,3360900,220.0
38,3360960,224.0
38,3361020,191.0
38,3361080,213.0
38,3361140,169.0
38,3361200,219.0
38,3361260,250.0
38,3361320,253.0
38,3361380,266.0
38,3361440,213.0
38,3361500,198.0
38,3361560,207.0
38,3361620,205.0
38,3361680,259.0
38,3361740,211.0
38,3361800,240.0
38,3361860,254.0
38,3361920,230.0
38,3361980,217.0
38,3362040,206.0
38,3362100,239.0
38,3362160,158.0
38,3362220,190.0
38,3362280,196.0
38,3362340,161.0
38,3362400,219.0
38,3362460,212.0
38,3362520,187.0
38,3362580,193.0
38,3362640,203.0
38,3362700,233.0
38,3362760,188.0
38,3362820,202.0
38,3362880,200.0
38,3362940,191.0
38,3363000,176.0
38,3363060,184.0
38,3363120,171.0
38,3363180,148.0
38,3363240,188.0
38,3363300,229.0
38,3363360,224.0
38,3363420,234.0
38,3363480,191.0
38,3363540,204.0
38,3363600,233.0
38,3363660,243.0
38,3363720,237.0
38,3363780,234.0
38,3363840,259.0
38,3363900,264.0
38,3363960,289.0
38,3364020,243.0
38,3364080,222.0
38,3364140,206.0
38,3364200,222.0
38,3364260,211.0
38,3364320,205.0
38,3364380,177.0
38,3364440,212.0
38,3364500,181.0
38,3364560,205.0
38,3364620,204.0
38,3364680,176.0
38,3364740,168.0
38,3364800,200.0
38,3364860,180.0
38,3364920,233.0
38,3364980,195.0
38,3365040,225.0
38,3365100,209.0
38,3365160,252.0
38,3365220,264.0
38,3365280,188.0
38,3365340,173.0
38,3365400,144.0
38,3365460,163.0
38,3365520,212.0
38,3365580,195.0
38,3365640,162.0
38,3365700,146.0
38,3365760,156.0
38,3365820,165.0
38,3365880,237.0
38,3365940,195.0
38,3366000,213.0
38,3366060,227.0
38,3366120,217.0
38,3366180,198.0
38,3366240,244.0
38,3366300,215.0
38,3366360,198.0
38,3366420,222.0
38,3366480,215.0
38,3366540,180.0
38,3366600,136.0
38,3366660,154.0
38,3366720,201.0
38,3366780,231.0
38,3366840,218.0
38,3366900,152.0
38,3366960,147.0
38,3367020,162.0
38,3367080,163.0
38,3367140,176.0
38,3367200,185.0
38,3367260,161.0
38,3367320,163.0
38,3367380,178.0
38,3367440,170.0
38,3367500,198.0
38,3367560,189.0
38,3367620,167.0
38,3367680,170.0
38,3367740,176.0
38,3367800,155.0
38,3367860,138.0
38,3367920,158.0
38,3367980,175.0
38,3368040,170.0
38,3368100,181.0
38,3368160,155.0
38,3368220,187.0
38,3368280,153.0
38,3368340,125.0
38,3368400,173.0
38,3368460,108.0
38,3368520,92.0
38,3368580,103.0
38,3368640,106.0
38,3368700,159.0
38,3368760,106.0
38,3368820,114.0
38,3368880,133.0
38,3368940,124.0
38,3369000,85.0
38,3369060,118.0
38,3369120,160.0
38,3369180,88.0
38,3369240,150.0
38,3369300,174.0
38,3369360,163.0
38,3369420,159.0
38,3369480,126.0
38,3369540,152.0
39,3369600,129.0
39,3369660,124.0
39,3369720,138.0
39,3369780,105.0
39,3369840,103.0
39,3369900,106.0
39,3369960,120.0
39,3370020,96.0
39,3370080,111.0
39,3370140,125.0
39,3370200,111.0
39,3370260,92.0
39,3370320,127.0
39,3370380,125.0
39,3370440,93.0
39,3370500,83.0
39,3370560,92.0
39,3370620,128.0
39,3370680,109.0
39,3370740,104.0
39,3370800,81.0
39,3370860,69.0
39,3370920,125.0
39,3370980,97.0
39,3371040,83.0
39,3371100,108.0
39,3371160,93.0
39,3371220,85.0
39,3371280,80.0
39,3371340,130.0
39,3371400,69.0
39,3371460,89.0
39,3371520,108.0
39,3371580,98.0
39,3371640,85.0
39,3371700,105.0
39,3371760,85.0
39,3371820,87.0
39,3371880,77.0
39,3371940,78.0
39,3372000,111.0
39,3372060,55.0
39,3372120,62.0
39,3372180,78.0
39,3372240,98.0
39,3372300,88.0
39,3372360,85.0
39,3372420,97.0
39,3372480,130.0
39,3372540,136.0
39,3372600,111.0
39,3372660,82.0
39,3372720,111.0
39,3372780,100.0
39,3372840,79.0
39,3372900,74.0
39,3372960,55.0
39,3373020,111.0
39,3373080,100.0
39,3373140,127.0
39,3373200,121.0
39,3373260,131.0
39,3373320,109.0
39,3373380,153.0
39,3373440,127.0
39,3373500,91.0
39,3373560,118.0
39,3373620,85.0
39,3373680,84.0
39,3373740,98.0
39,3373800,116.0
39,3373860,107.0
39,3373920,68.0
39,3373980,69.0
39,3374040,83.0
39,3374100,94.0
39,3374160,92.0
39,3374220,111.0
39,3374280,85.0
39,3374340,83.0
39,3374400,106.0
39,3374460,80.0
39,3374520,76.0
39,3374580,85.0
39,3374640,76.0
39,3374700,55.0
39,3374760,72.0
39,3374820,64.0
39,3374880,69.0
39,3374940,65.0
39,3375000,80.0
39,3375060,49.0
39,3375120,49.0
39,3375180,66.0
39,3375240,70.0
39,3375300,46.0
39,3375360,57.0
39,3375420,57.0
39,3375480,40.0
39,3375540,58.0
39,3375600,41.0
39,3375660,46.0
39,3375720,49.0
39,3375780,50.0
39,3375840,66.0
39,3375900,56.0
39,3375960,42.0
39,3376020,47.0
39,3376080,54.0
39,3376140,60.0
39,3376200,61.0
39,3376260,63.0
39,3376320,46.0
39,3376380,35.0
39,3376440,43.0
39,3376500,45.0
39,3376560,46.0
39,3376620,43.0
39,3376680,44.0
39,3376740,46.0
39,3376800,55.0
39,3376860,35.0
39,3376920,70.0
39,3376980,82.0
39,3377040,56.0
39,3377100,18.0
39,3377160,39.0
39,3377220,50.0
39,3377280,48.0
39,3377340,51.0
39,3377400,90.0
39,3377460,91.0
39,3377520,62.0
39,3377580,45.0
39,3377640,42.0
39,3377700,45.0
39,3377760,39.0
39,3377820,46.0
39,3377880,35.0
39,3377940,46.0
39,3378000,40.0
39,3378060,48.0
39,3378120,29.0
39,3378180,33.0
39,3378240,20.0
39,3378300,23.0
39,3378360,42.0
39,3378420,25.0
39,3378480,30.0
39,3378540,21.0
39,3378600,50.0
39,3378660,20.0
39,3378720,33.0
39,3378780,28.0
39,3378840,34.0
39,3378900,25.0
39,3378960,29.0
39,3379020,24.0
39,3379080,24.0
39,3379140,27.0
39,3379200,13.0
39,3379260,32.0
39,3379320,23.0
39,3379380,21.0
39,3379440,24.0
39,3379500,37.0
39,3379560,34.0
39,3379620,27.0
39,3379680,38.0
39,3379740,39.0
39,3379800,17.0
39,3379860,23.0
39,3379920,25.0
39,3379980,32.0
39,3380040,23.0
39,3380100,32.0
39,3380160,28.0
39,3380220,21.0
39,3380280,36.0
39,3380340,25.0
39,3380400,15.0
39,3380460,24.0
39,3380520,21.0
39,3380580,21.0
39,3380640,26.0
39,3380700,19.0
39,3380760,42.0
39,3380820,25.0
39,3380880,14.0
39,3380940,35.0
39,3381000,8.0
39,3381060,24.0
39,3381120,32.0
39,3381180,29.0
39,3381240,24.0
39,3381300,40.0
39,3381360,25.0
39,3381420,8.0
39,3381480,18.0
39,3381540,26.0
39,3381600,29.0
39,3381660,38.0
39,3381720,15.0
39,3381780,15.0
39,3381840,12.0
39,3381900,12.0
39,3381960,19.0
39,3382020,13.0
39,3382080,9.0
39,3382140,22.0
39,3382200,25.0
39,3382260,21.0
39,3382320,16.0
39,3382380,18.0
39,3382440,22.0
39,3382500,9.0
39,3382560,15.0
39,3382620,13.0
39,3382680,23.0
39,3382740,40.0
39,3382800,29.0
39,3382860,23.0
39,3382920,58.0
39,3382980,78.0
39,3383040,59.0
39,3383100,56.0
39,3383160,62.0
39,3383220,83.0
39,3383280,44.0
39,3383340,60.0
39,3383400,40.0
39,3383460,40.0
39,3383520,27.0
39,3383580,32.0
39,3383640,48.0
39,3383700,49.0
39,3383760,50.0
39,3383820,59.0
39,3383880,52.0
39,3383940,72.0
39,3384000,57.0
39,3384060,87.0
39,3384120,72.0
39,3384180,78.0
39,3384240,75.0
39,3384300,74.0
39,3384360,41.0
39,3384420,49.0
39,3384480,68.0
39,3384540,55.0
39,3384600,50.0
39,3384660,44.0
39,3384720,74.0
39,3384780,79.0
39,3384840,23.0
39,3384900,24.0
39,3384960,24.0
39,3385020,43.0
39,3385080,24.0
39,3385140,39.0
39,3385200,24.0
39,3385260,15.0
39,3385320,23.0
39,3385380,29.0
39,3385440,17.0
39,3385500,27.0
39,3385560,35.0
39,3385620,27.0
39,3385680,47.0
39,3385740,32.0
39,3385800,39.0
39,3385860,13.0
39,3385920,5.0
39,3385980,3.0
39,3386040,15.0
39,3386100,16.0
39,3386160,16.0
39,3386220,12.0
39,3386280,5.0
39,3386340,6.0
39,3386400,13.0
39,3386460,16.0
39,3386520,14.0
39,3386580,5.0
39,3386640,17.0
39,3386700,7.0
39,3386760,14.0
39,3386820,12.0
39,3386880,17.0
39,3386940,19.0
39,3387000,19.0
39,3387060,36.0
39,3387120,40.0
39,3387180,30.0
39,3387240,13.0
39,3387300,4.0
39,3387360,13.0
39,3387420,12.0
39,3387480,8.0
39,3387540,9.0
39,3387600,2.0
39,3387660,3.0
39,3387720,12.0
39,3387780,12.0
39,3387840,9.0
39,3387900,13.0
39,3387960,21.0
39,3388020,5.0
39,3388080,9.0
39,3388140,9.0
39,3388200,5.0
39,3388260,19.0
39,3388320,10.0
39,3388380,13.0
39,3388440,6.0
39,3388500,8.0
39,3388560,10.0
39,3388620,5.0
39,3388680,17.0
39,3388740,14.0
39,3388800,8.0
39,3388860,6.0
39,3388920,18.0
39,3388980,8.0
39,3389040,7.0
39,3389100,6.0
39,3389160,5.0
39,3389220,8.0
39,3389280,5.0
39,3389340,4.0
39,3389400,5.0
39,3389460,17.0
39,3389520,13.0
39,3389580,10.0
39,3389640,15.0
39,3389700,12.0
39,3389760,9.0
39,3389820,7.0
39,3389880,3.0
39,3389940,19.0
39,3390000,10.0
39,3390060,1.0
39,3390120,10.0
39,3390180,27.0
39,3390240,18.0
39,3390300,9.0
39,3390360,7.0
39,3390420,7.0
39,3390480,8.0
39,3390540,13.0
39,3390600,15.0
39,3390660,10.0
39,3390720,10.0
39,3390780,18.0
39,3390840,12.0
39,3390900,8.0
39,3390960,3.0
39,3391020,5.0
39,3391080,4.0
39,3391140,30.0
39,3391200,26.0
39,3391260,23.0
39,3391320,14.0
39,3391380,10.0
39,3391440,13.0
39,3391500,8.0
39,3391560,8.0
39,3391620,7.0
39,3391680,10.0
39,3391740,7.0
39,3391800,8.0
39,3391860,9.0
39,3391920,13.0
39,3391980,10.0
39,3392040,17.0
39,3392100,10.0
39,3392160,12.0
39,3392220,6.0
39,3392280,16.0
39,3392340,27.0
39,3392400,9.0
39,3392460,13.0
39,3392520,13.0
39,3392580,18.0
39,3392640,9.0
39,3392700,6.0
39,3392760,22.0
39,3392820,4.0
39,3392880,8.0
39,3392940,16.0
39,3393000,7.0
39,3393060,5.0
39,3393120,13.0
39,3393180,17.0
39,3393240,15.0
39,3393300,9.0
39,3393360,9.0
39,3393420,10.0
39,3393480,9.0
39,3393540,14.0
39,3393600,14.0
39,3393660,19.0
39,3393720,21.0
39,3393780,14.0
39,3393840,12.0
39,3393900,9.0
39,3393960,4.0
39,3394020,7.0
39,3394080,8.0
39,3394140,26.0
39,3394200,15.0
39,3394260,20.0
39,3394320,15.0
39,3394380,24.0
39,3394440,15.0
39,3394500,12.0
39,3394560,10.0
39,3394620,30.0
39,3394680,16.0
39,3394740,12.0
39,3394800,12.0
39,3394860,16.0
39,3394920,6.0
39,3394980,19.0
39,3395040,15.0
39,3395100,16.0
39,3395160,24.0
39,3395220,13.0
39,3395280,20.0
39,3395340,9.0
39,3395400,18.0
39,3395460,9.0
39,3395520,28.0
39,3395580,38.0
39,3395640,22.0
39,3395700,16.0
39,3395760,22.0
39,3395820,37.0
39,3395880,27.0
39,3395940,33.0
39,3396000,27.0
39,3396060,39.0
39,3396120,27.0
39,3396180,20.0
39,3396240,16.0
39,3396300,40.0
39,3396360,28.0
39,3396420,32.0
39,3396480,34.0
39,3396540,25.0
39,3396600,38.0
39,3396660,37.0
39,3396720,43.0
39,3396780,59.0
39,3396840,58.0
39,3396900,55.0
39,3396960,83.0
39,3397020,81.0
39,3397080,46.0
39,3397140,59.0
39,3397200,50.0
39,3397260,43.0
39,3397320,33.0
39,3397380,77.0
39,3397440,68.0
39,3397500,72.0
39,3397560,81.0
39,3397620,82.0
39,3397680,84.0
39,3397740,76.0
39,3397800,30.0
39,3397860,28.0
39,3397920,32.0
39,3397980,48.0
39,3398040,34.0
39,3398100,54.0
39,3398160,81.0
39,3398220,62.0
39,3398280,79.0
39,3398340,62.0
39,3398400,62.0
39,3398460,83.0
39,3398520,94.0
39,3398580,104.0
39,3398640,110.0
39,3398700,114.0
39,3398760,125.0
39,3398820,122.0
39,3398880,120.0
39,3398940,153.0
39,3399000,112.0
39,3399060,84.0
39,3399120,85.0
39,3399180,78.0
39,3399240,64.0
39,3399300,81.0
39,3399360,63.0
39,3399420,71.0
39,3399480,82.0
39,3399540,57.0
39,3399600,59.0
39,3399660,81.0
39,3399720,81.0
39,3399780,69.0
39,3399840,81.0
39,3399900,71.0
39,3399960,89.0
39,3400020,110.0
39,3400080,81.0
39,3400140,91.0
39,3400200,101.0
39,3400260,71.0
39,3400320,84.0
39,3400380,101.0
39,3400440,111.0
39,3400500,62.0
39,3400560,106.0
39,3400620,82.0
39,3400680,101.0
39,3400740,82.0
39,3400800,119.0
39,3400860,70.0
39,3400920,77.0
39,3400980,92.0
39,3401040,76.0
39,3401100,79.0
39,3401160,111.0
39,3401220,130.0
39,3401280,104.0
39,3401340,82.0
39,3401400,111.0
39,3401460,116.0
39,3401520,98.0
39,3401580,128.0
39,3401640,101.0
39,3401700,129.0
39,3401760,130.0
39,3401820,128.0
39,3401880,117.0
39,3401940,134.0
39,3402000,113.0
39,3402060,141.0
39,3402120,114.0
39,3402180,125.0
39,3402240,178.0
39,3402300,167.0
39,3402360,176.0
39,3402420,151.0
39,3402480,167.0
39,3402540,165.0
39,3402600,158.0
39,3402660,148.0
39,3402720,174.0
39,3402780,102.0
39,3402840,130.0
39,3402900,141.0
39,3402960,135.0
39,3403020,134.0
39,3403080,141.0
39,3403140,139.0
39,3403200,108.0
39,3403260,140.0
39,3403320,123.0
39,3403380,126.0
39,3403440,146.0
39,3403500,142.0
39,3403560,133.0
39,3403620,142.0
39,3403680,160.0
39,3403740,146.0
39,3403800,143.0
39,3403860,190.0
39,3403920,138.0
39,3403980,149.0
39,3404040,158.0
39,3404100,152.0
39,3404160,165.0
39,3404220,184.0
39,3404280,128.0
39,3404340,130.0
39,3404400,159.0
39,3404460,154.0
39,3404520,173.0
39,3404580,159.0
39,3404640,207.0
39,3404700,183.0
39,3404760,154.0
39,3404820,184.0
39,3404880,188.0
39,3404940,209.0
39,3405000,158.0
39,3405060,206.0
39,3405120,207.0
39,3405180,260.0
39,3405240,255.0
39,3405300,196.0
39,3405360,151.0
39,3405420,149.0
39,3405480,175.0
39,3405540,208.0
39,3405600,206.0
39,3405660,164.0
39,3405720,237.0
39,3405780,231.0
39,3405840,240.0
39,3405900,252.0
39,3405960,231.0
39,3406020,244.0
39,3406080,243.0
39,3406140,214.0
39,3406200,235.0
39,3406260,201.0
39,3406320,212.0
39,3406380,201.0
39,3406440,187.0
39,3406500,165.0
39,3406560,181.0
39,3406620,203.0
39,3406680,190.0
39,3406740,184.0
39,3406800,177.0
39,3406860,162.0
39,3406920,147.0
39,3406980,147.0
39,3407040,192.0
39,3407100,147.0
39,3407160,178.0
39,3407220,156.0
39,3407280,127.0
39,3407340,158.0
39,3407400,186.0
39,3407460,161.0
39,3407520,172.0
39,3407580,229.0
39,3407640,212.0
39,3407700,192.0
39,3407760,205.0
39,3407820,153.0
39,3407880,173.0
39,3407940,158.0
39,3408000,172.0
39,3408060,196.0
39,3408120,186.0
39,3408180,203.0
39,3408240,181.0
39,3408300,238.0
39,3408360,190.0
39,3408420,203.0
39,3408480,201.0
39,3408540,155.0
39,3408600,177.0
39,3408660,223.0
39,3408720,212.0
39,3408780,224.0
39,3408840,173.0
39,3408900,211.0
39,3408960,195.0
39,3409020,189.0
39,3409080,204.0
39,3409140,235.0
39,3409200,210.0
39,3409260,228.0
39,3409320,297.0
39,3409380,321.0
39,3409440,258.0
39,3409500,288.0
39,3409560,256.0
39,3409620,240.0
39,3409680,312.0
39,3409740,233.0
39,3409800,251.0
39,3409860,204.0
39,3409920,194.0
39,3409980,173.0
39,3410040,223.0
39,3410100,224.0
39,3410160,302.0
39,3410220,243.0
39,3410280,244.0
39,3410340,262.0
39,3410400,247.0
39,3410460,227.0
39,3410520,270.0
39,3410580,247.0
39,3410640,260.0
39,3410700,313.0
39,3410760,243.0
39,3410820,269.0
39,3410880,284.0
39,3410940,265.0
39,3411000,249.0
39,3411060,237.0
39,3411120,268.0
39,3411180,286.0
39,3411240,228.0
39,3411300,217.0
39,3411360,251.0
39,3411420,274.0
39,3411480,234.0
39,3411540,247.0
39,3411600,177.0
39,3411660,278.0
39,3411720,231.0
39,3411780,174.0
39,3411840,219.0
39,3411900,253.0
39,3411960,243.0
39,3412020,249.0
39,3412080,236.0
39,3412140,251.0
39,3412200,239.0
39,3412260,282.0
39,3412320,208.0
39,3412380,183.0
39,3412440,224.0
39,3412500,188.0
39,3412560,233.0
39,3412620,234.0
39,3412680,212.0
39,3412800,234.0
39,3412860,290.0
39,3412920,315.0
39,3412980,301.0
39,3413040,286.0
39,3413100,327.0
39,3413160,275.0
39,3413220,218.0
39,3413280,233.0
39,3413340,307.0
39,3413400,255.0
39,3413460,267.0
39,3413520,247.0
39,3413580,214.0
39,3413640,231.0
39,3413700,203.0
39,3413760,206.0
39,3413820,209.0
39,3413880,173.0
39,3413940,178.0
39,3414000,200.0
39,3414060,250.0
39,3414120,188.0
39,3414180,184.0
39,3414240,207.0
39,3414300,228.0
39,3414360,210.0
39,3414420,191.0
39,3414480,217.0
39,3414540,246.0
39,3414600,195.0
39,3414660,195.0
39,3414720,193.0
39,3414780,171.0
39,3414840,223.0
39,3414900,181.0
39,3414960,254.0
39,3415020,144.0
39,3415080,200.0
39,3415140,183.0
39,3415200,200.0
39,3415260,138.0
39,3415320,160.0
39,3415380,211.0
39,3415440,190.0
39,3415500,182.0
39,3415560,198.0
39,3415620,172.0
39,3415680,196.0
39,3415740,189.0
39,3415800,159.0
39,3415860,176.0
39,3415920,201.0
39,3415980,182.0
39,3416040,162.0
39,3416100,198.0
39,3416160,180.0
39,3416220,204.0
39,3416280,206.0
39,3416340,177.0
39,3416400,181.0
39,3416460,180.0
39,3416520,186.0
39,3416580,178.0
39,3416640,161.0
39,3416700,200.0
39,3416760,195.0
39,3416820,161.0
39,3416880,235.0
39,3416940,213.0
39,3417000,184.0
39,3417060,188.0
39,3417120,186.0
39,3417180,191.0
39,3417240,190.0
39,3417300,227.0
39,3417360,190.0
39,3417420,197.0
39,3417480,230.0
39,3417540,201.0
39,3417600,175.0
39,3417660,158.0
39,3417720,183.0
39,3417780,167.0
39,3417840,195.0
39,3417900,184.0
39,3417960,190.0
39,3418020,172.0
39,3418080,134.0
39,3418140,194.0
39,3418200,174.0
39,3418260,156.0
39,3418320,167.0
39,3418380,209.0
39,3418440,152.0
39,3418500,167.0
39,3418560,223.0
39,3418620,194.0
39,3418680,186.0
39,3418740,161.0
39,3418800,184.0
39,3418860,165.0
39,3418920,166.0
39,3418980,187.0
39,3419040,160.0
39,3419100,138.0
39,3419160,211.0
39,3419220,229.0
39,3419280,146.0
39,3419340,159.0
39,3419400,136.0
39,3419460,162.0
39,3419520,252.0
39,3419580,168.0
39,3419640,249.0
39,3419700,152.0
39,3419760,196.0
39,3419820,251.0
39,3419880,279.0
39,3419940,238.0
39,3420000,226.0
39,3420060,238.0
39,3420120,196.0
39,3420180,165.0
39,3420240,146.0
39,3420300,195.0
39,3420360,217.0
39,3420420,242.0
39,3420480,243.0
39,3420540,215.0
39,3420600,240.0
39,3420660,189.0
39,3420720,136.0
39,3420780,208.0
39,3420840,222.0
39,3420900,168.0
39,3420960,158.0
39,3421020,155.0
39,3421080,168.0
39,3421140,159.0
39,3421200,147.0
39,3421260,203.0
39,3421320,190.0
39,3421380,184.0
39,3421440,173.0
39,3421500,186.0
39,3421560,187.0
39,3421620,189.0
39,3421680,193.0
39,3421740,217.0
39,3421800,174.0
39,3421860,181.0
39,3421920,215.0
39,3421980,171.0
39,3422040,226.0
39,3422100,237.0
39,3422160,184.0
39,3422220,192.0
39,3422280,211.0
39,3422340,218.0
39,3422400,228.0
39,3422460,251.0
39,3422520,174.0
39,3422580,139.0
39,3422640,127.0
39,3422700,143.0
39,3422760,152.0
39,3422820,163.0
39,3422880,188.0
39,3422940,202.0
39,3423000,177.0
39,3423060,166.0
39,3423120,195.0
39,3423180,186.0
39,3423240,171.0
39,3423300,163.0
39,3423360,189.0
39,3423420,190.0
39,3423480,163.0
39,3423540,170.0
39,3423600,185.0
39,3423660,166.0
39,3423720,136.0
39,3423780,180.0
39,3423840,195.0
39,3423900,195.0
39,3423960,223.0
39,3424020,189.0
39,3424080,224.0
39,3424140,191.0
39,3424200,198.0
39,3424260,187.0
39,3424320,191.0
39,3424380,192.0
39,3424440,222.0
39,3424500,167.0
39,3424560,244.0
39,3424620,185.0
39,3424680,198.0
39,3424740,264.0
39,3424800,209.0
39,3424860,246.0
39,3424920,184.0
39,3424980,205.0
39,3425040,236.0
39,3425100,193.0
39,3425160,184.0
39,3425220,206.0
39,3425280,207.0
39,3425340,175.0
39,3425400,210.0
39,3425460,287.0
39,3425520,300.0
39,3425580,252.0
39,3425640,252.0
39,3425700,232.0
39,3425760,234.0
39,3425820,240.0
39,3425880,201.0
39,3425940,262.0
39,3426000,288.0
39,3426060,259.0
39,3426180,242.0
39,3426240,238.0
39,3426300,258.0
39,3426360,212.0
39,3426420,228.0
39,3426480,223.0
39,3426540,205.0
39,3426600,218.0
39,3426660,196.0
39,3426720,194.0
39,3426780,214.0
39,3426840,198.0
39,3426900,289.0
39,3426960,222.0
39,3427020,216.0
39,3427080,233.0
39,3427140,247.0
39,3427200,213.0
39,3427260,168.0
39,3427320,201.0
39,3427380,209.0
39,3427440,186.0
39,3427500,201.0
39,3427560,178.0
39,3427620,182.0
39,3427680,188.0
39,3427740,219.0
39,3427800,153.0
39,3427860,178.0
39,3427920,164.0
39,3427980,210.0
39,3428040,244.0
39,3428100,240.0
39,3428160,200.0
39,3428220,208.0
39,3428280,254.0
39,3428340,218.0
39,3428400,217.0
39,3428460,227.0
39,3428520,272.0
39,3428580,229.0
39,3428640,234.0
39,3428700,279.0
39,3428760,260.0
39,3428820,247.0
39,3428880,260.0
39,3428940,257.0
39,3429000,265.0
39,3429060,359.0
39,3429120,264.0
39,3429180,309.0
39,3429240,258.0
39,3429300,234.0
39,3429360,214.0
39,3429420,214.0
39,3429480,206.0
39,3429540,213.0
39,3429600,201.0
39,3429660,226.0
39,3429720,213.0
39,3429780,251.0
39,3429840,259.0
39,3429900,272.0
39,3429960,295.0
39,3430020,294.0
39,3430080,293.0
39,3430140,261.0
39,3430200,243.0
39,3430260,201.0
39,3430320,278.0
39,3430380,212.0
39,3430440,233.0
39,3430500,260.0
39,3430560,259.0
39,3430620,203.0
39,3430680,217.0
39,3430800,212.0
39,3430860,233.0
39,3430920,236.0
39,3430980,207.0
39,3431040,219.0
39,3431100,255.0
39,3431160,267.0
39,3431220,268.0
39,3431280,237.0
39,3431340,257.0
39,3431400,236.0
39,3431460,239.0
39,3431520,227.0
39,3431580,279.0
39,3431640,211.0
39,3431700,216.0
39,3431820,217.0
39,3431880,227.0
39,3431940,205.0
39,3432000,234.0
39,3432060,254.0
39,3432120,226.0
39,3432180,216.0
39,3432240,253.0
39,3432300,192.0
39,3432360,207.0
39,3432420,174.0
39,3432480,205.0
39,3432540,213.0
39,3432600,193.0
39,3432660,239.0
39,3432720,244.0
39,3432780,191.0
39,3432840,195.0
39,3432900,193.0
39,3432960,181.0
39,3433020,192.0
39,3433080,173.0
39,3433140,218.0
39,3433200,205.0
39,3433260,189.0
39,3433320,200.0
39,3433380,238.0
39,3433440,201.0
39,3433500,178.0
39,3433560,273.0
39,3433620,271.0
39,3433680,246.0
39,3433740,248.0
39,3433800,205.0
39,3433860,264.0
39,3433920,260.0
39,3433980,286.0
39,3434040,230.0
39,3434100,269.0
39,3434160,280.0
39,3434220,284.0
39,3434280,285.0
39,3434340,261.0
39,3434400,265.0
39,3434460,267.0
39,3434520,193.0
39,3434580,244.0
39,3434640,268.0
39,3434700,255.0
39,3434760,280.0
39,3434820,278.0
39,3434880,372.0
39,3434940,318.0
39,3435000,350.0
39,3435060,335.0
39,3435120,395.0
39,3435180,363.0
39,3435240,380.0
39,3435300,396.0
39,3435360,364.0
39,3435420,397.0
39,3435720,395.0
39,3435840,353.0
39,3435900,321.0
39,3435960,330.0
39,3436140,343.0
39,3436200,394.0
39,3436380,340.0
39,3436440,334.0
39,3436500,339.0
39,3436680,396.0
39,3436740,349.0
39,3436800,376.0
39,3436920,380.0
39,3437100,318.0
39,3437160,339.0
39,3437220,330.0
39,3437280,351.0
39,3437400,368.0
39,3437460,342.0
39,3437580,391.0
39,3437640,388.0
39,3437700,370.0
39,3437760,380.0
39,3437820,386.0
39,3437880,377.0
39,3437940,334.0
39,3438000,388.0
39,3438060,350.0
39,3438120,382.0
39,3438240,381.0
39,3438420,391.0
39,3438660,381.0
39,3438720,350.0
39,3438780,296.0
39,3438840,337.0
39,3438900,314.0
39,3438960,329.0
39,3439020,324.0
39,3439080,296.0
39,3439140,273.0
39,3439200,338.0
39,3439260,319.0
39,3439320,345.0
39,3439380,322.0
39,3439440,301.0
39,3439500,388.0
39,3439560,387.0
39,3439620,335.0
39,3439680,355.0
39,3439740,321.0
39,3439800,355.0
39,3439860,334.0
39,3439920,274.0
39,3439980,348.0
39,3440040,329.0
39,3440100,324.0
39,3440160,381.0
39,3440220,307.0
39,3440280,354.0
39,3440340,319.0
39,3440400,328.0
39,3440460,388.0
39,3440520,286.0
39,3440580,294.0
39,3440640,277.0
39,3440700,281.0
39,3440760,257.0
39,3440820,309.0
39,3440880,322.0
39,3440940,327.0
39,3441000,304.0
39,3441060,310.0
39,3441120,301.0
39,3441180,322.0
39,3441240,332.0
39,3441300,332.0
39,3441360,387.0
39,3441480,360.0
39,3441540,321.0
39,3441600,360.0
39,3441660,387.0
39,3441840,321.0
39,3441900,363.0
39,3442020,387.0
39,3442140,385.0
39,3442260,322.0
39,3442320,360.0
39,3442380,336.0
39,3442440,336.0
39,3442500,309.0
39,3442560,356.0
39,3442620,371.0
39,3442680,316.0
39,3442740,327.0
39,3442800,374.0
39,3442860,303.0
39,3442920,270.0
39,3442980,338.0
39,3443100,349.0
39,3443160,301.0
39,3443220,319.0
39,3443280,333.0
39,3443340,302.0
39,3443400,381.0
39,3443460,376.0
39,3443520,321.0
39,3443580,333.0
39,3443640,364.0
39,3443700,316.0
39,3443760,340.0
39,3443820,310.0
39,3443880,281.0
39,3443940,303.0
39,3444000,235.0
39,3444060,269.0
39,3444120,302.0
39,3444180,312.0
39,3444240,312.0
39,3444300,365.0
39,3444360,369.0
39,3444420,307.0
39,3444480,302.0
39,3444540,328.0
39,3444600,295.0
39,3444660,327.0
39,3444720,281.0
39,3444780,304.0
39,3444840,311.0
39,3444900,289.0
39,3444960,308.0
39,3445020,253.0
39,3445080,330.0
39,3445140,334.0
39,3445200,356.0
39,3445260,372.0
39,3445320,317.0
39,3445380,340.0
39,3445440,383.0
39,3445560,377.0
39,3445800,342.0
39,3445860,334.0
39,3445920,299.0
39,3445980,371.0
39,3446040,334.0
39,3446100,343.0
39,3446160,312.0
39,3446220,237.0
39,3446280,230.0
39,3446340,250.0
39,3446400,308.0
39,3446460,313.0
39,3446520,342.0
39,3446580,328.0
39,3446640,354.0
39,3446700,343.0
39,3446760,294.0
39,3446820,289.0
39,3446880,282.0
39,3446940,326.0
39,3447000,326.0
39,3447060,303.0
39,3447120,294.0
39,3447180,291.0
39,3447240,286.0
39,3447300,259.0
39,3447360,303.0
39,3447420,248.0
39,3447480,238.0
39,3447540,276.0
39,3447600,259.0
39,3447660,281.0
39,3447720,333.0
39,3447780,321.0
39,3447840,239.0
39,3447900,284.0
39,3447960,271.0
39,3448020,289.0
39,3448080,264.0
39,3448140,323.0
39,3448200,337.0
39,3448260,312.0
39,3448320,287.0
39,3448380,233.0
39,3448440,287.0
39,3448500,304.0
39,3448560,274.0
39,3448620,256.0
39,3448680,252.0
39,3448740,291.0
39,3448800,294.0
39,3448860,230.0
39,3448920,290.0
39,3448980,308.0
39,3449040,340.0
39,3449100,330.0
39,3449160,273.0
39,3449220,271.0
39,3449280,265.0
39,3449340,250.0
39,3449400,320.0
39,3449460,341.0
39,3449520,271.0
39,3449580,304.0
39,3449640,330.0
39,3449700,295.0
39,3449760,299.0
39,3449820,368.0
39,3449880,303.0
39,3449940,234.0
39,3450000,244.0
39,3450060,230.0
39,3450120,211.0
39,3450180,198.0
39,3450240,239.0
39,3450300,323.0
39,3450360,267.0
39,3450420,256.0
39,3450480,266.0
39,3450540,260.0
39,3450600,265.0
39,3450660,222.0
39,3450720,224.0
39,3450780,288.0
39,3450840,230.0
39,3450900,284.0
39,3450960,274.0
39,3451020,269.0
39,3451080,261.0
39,3451140,218.0
39,3451200,286.0
39,3451260,236.0
39,3451320,293.0
39,3451380,261.0
39,3451440,253.0
39,3451500,237.0
39,3451560,205.0
39,3451620,234.0
39,3451680,290.0
39,3451740,232.0
39,3451800,255.0
39,3451860,297.0
39,3451920,233.0
39,3451980,209.0
39,3452040,193.0
39,3452100,176.0
39,3452160,237.0
39,3452220,259.0
39,3452280,237.0
39,3452340,235.0
39,3452400,251.0
39,3452460,261.0
39,3452520,270.0
39,3452580,248.0
39,3452640,278.0
39,3452700,259.0
39,3452760,246.0
39,3452820,215.0
39,3452880,244.0
39,3452940,285.0
39,3453000,268.0
39,3453060,256.0
39,3453120,242.0
39,3453180,331.0
39,3453240,315.0
39,3453300,289.0
39,3453360,278.0
39,3453420,228.0
39,3453480,231.0
39,3453540,228.0
39,3453600,222.0
39,3453660,237.0
39,3453720,209.0
39,3453780,268.0
39,3453840,219.0
39,3453900,178.0
39,3453960,202.0
39,3454020,225.0
39,3454080,191.0
39,3454140,194.0
39,3454200,181.0
39,3454260,166.0
39,3454320,188.0
39,3454380,155.0
39,3454440,226.0
39,3454500,182.0
39,3454560,177.0
39,3454620,184.0
39,3454680,178.0
39,3454740,224.0
39,3454800,168.0
39,3454860,155.0
39,3454920,181.0
39,3454980,154.0
39,3455040,192.0
39,3455100,180.0
39,3455160,175.0
39,3455220,198.0
39,3455280,162.0
39,3455340,135.0
39,3455400,140.0
39,3455460,118.0
39,3455520,152.0
39,3455580,172.0
39,3455640,155.0
39,3455700,172.0
39,3455760,136.0
39,3455820,165.0
39,3455880,123.0
39,3455940,139.0
40,3456000,198.0
40,3456060,174.0
40,3456120,188.0
40,3456180,174.0
40,3456240,209.0
40,3456300,204.0
40,3456360,194.0
40,3456420,154.0
40,3456480,140.0
40,3456540,170.0
40,3456600,190.0
40,3456660,163.0
40,3456720,175.0
40,3456780,150.0
40,3456840,161.0
40,3456900,136.0
40,3456960,150.0
40,3457020,143.0
40,3457080,148.0
40,3457140,165.0
40,3457200,148.0
40,3457260,104.0
40,3457320,88.0
40,3457380,112.0
40,3457440,136.0
40,3457500,111.0
40,3457560,107.0
40,3457620,93.0
40,3457680,132.0
40,3457740,117.0
40,3457800,118.0
40,3457860,108.0
40,3457920,117.0
40,3457980,99.0
40,3458040,98.0
40,3458100,88.0
40,3458160,87.0
40,3458220,87.0
40,3458280,122.0
40,3458340,112.0
40,3458400,89.0
40,3458460,81.0
40,3458520,82.0
40,3458580,72.0
40,3458640,80.0
40,3458700,92.0
40,3458760,101.0
40,3458820,103.0
40,3458880,99.0
40,3458940,78.0
40,3459000,93.0
40,3459060,117.0
40,3459120,74.0
40,3459180,54.0
40,3459240,105.0
40,3459300,74.0
40,3459360,81.0
40,3459420,70.0
40,3459480,109.0
40,3459540,101.0
40,3459600,71.0
40,3459660,90.0
40,3459720,106.0
40,3459780,83.0
40,3459840,130.0
40,3459900,111.0
40,3459960,117.0
40,3460020,79.0
40,3460080,129.0
40,3460140,148.0
40,3460200,122.0
40,3460260,106.0
40,3460320,91.0
40,3460380,108.0
40,3460440,118.0
40,3460500,142.0
40,3460560,132.0
40,3460620,119.0
40,3460680,113.0
40,3460740,81.0
40,3460800,85.0
40,3460860,101.0
40,3460920,109.0
40,3460980,126.0
40,3461040,71.0
40,3461100,47.0
40,3461160,57.0
40,3461220,55.0
40,3461280,68.0
40,3461340,71.0
40,3461400,65.0
40,3461460,68.0
40,3461520,63.0
40,3461580,82.0
40,3461640,58.0
40,3461700,57.0
40,3461760,55.0
40,3461820,67.0
40,3461880,83.0
40,3461940,93.0
40,3462000,107.0
40,3462060,102.0
40,3462120,75.0
40,3462180,79.0
40,3462240,65.0
40,3462300,58.0
40,3462360,78.0
40,3462420,81.0
40,3462480,96.0
40,3462540,64.0
40,3462600,60.0
40,3462660,51.0
40,3462720,68.0
40,3462780,45.0
40,3462840,49.0
40,3462900,78.0
40,3462960,72.0
40,3463020,60.0
40,3463080,57.0
40,3463140,76.0
40,3463200,50.0
40,3463260,55.0
40,3463320,51.0
40,3463380,38.0
40,3463440,37.0
40,3463500,57.0
40,3463560,46.0
40,3463620,49.0
40,3463680,52.0
40,3463740,58.0
40,3463800,38.0
40,3463860,40.0
40,3463920,41.0
40,3463980,36.0
40,3464040,28.0
40,3464100,36.0
40,3464160,39.0
40,3464220,46.0
40,3464280,36.0
40,3464340,41.0
40,3464400,29.0
40,3464460,47.0
40,3464520,40.0
40,3464580,41.0
40,3464640,40.0
40,3464700,24.0
40,3464760,63.0
40,3464820,52.0
40,3464880,39.0
40,3464940,33.0
40,3465000,41.0
40,3465060,35.0
40,3465120,43.0
40,3465180,41.0
40,3465240,38.0
40,3465300,29.0
40,3465360,38.0
40,3465420,34.0
40,3465480,17.0
40,3465540,25.0
40,3465600,41.0
40,3465660,32.0
40,3465720,40.0
40,3465780,34.0
40,3465840,22.0
40,3465900,32.0
40,3465960,37.0
40,3466020,30.0
40,3466080,55.0
40,3466140,40.0
40,3466200,42.0
40,3466260,40.0
40,3466320,35.0
40,3466380,29.0
40,3466440,27.0
40,3466500,30.0
40,3466560,44.0
40,3466620,61.0
40,3466680,66.0
40,3466740,57.0
40,3466800,82.0
40,3466860,58.0
40,3466920,34.0
40,3466980,32.0
40,3467040,41.0
40,3467100,36.0
40,3467160,32.0
40,3467220,24.0
40,3467280,26.0
40,3467340,21.0
40,3467400,16.0
40,3467460,21.0
40,3467520,21.0
40,3467580,39.0
40,3467640,14.0
40,3467700,20.0
40,3467760,27.0
40,3467820,15.0
40,3467880,6.0
40,3467940,29.0
40,3468000,19.0
40,3468060,13.0
40,3468120,14.0
40,3468180,12.0
40,3468240,14.0
40,3468300,13.0
40,3468360,19.0
40,3468420,18.0
40,3468480,22.0
40,3468540,26.0
40,3468600,26.0
40,3468660,17.0
40,3468720,21.0
40,3468780,15.0
40,3468840,18.0
40,3468900,21.0
40,3468960,24.0
40,3469020,32.0
40,3469080,38.0
40,3469140,46.0
40,3469200,24.0
40,3469260,14.0
40,3469320,18.0
40,3469380,19.0
40,3469440,18.0
40,3469500,14.0
40,3469560,27.0
40,3469620,33.0
40,3469680,20.0
40,3469740,18.0
40,3469800,17.0
40,3469860,12.0
40,3469920,7.0
40,3469980,15.0
40,3470040,15.0
40,3470100,3.0
40,3470160,14.0
40,3470220,20.0
40,3470280,16.0
40,3470340,8.0
40,3470400,13.0
40,3470460,6.0
40,3470520,23.0
40,3470580,12.0
40,3470640,33.0
40,3470700,28.0
40,3470760,18.0
40,3470820,9.0
40,3470880,14.0
40,3470940,9.0
40,3471000,23.0
40,3471060,15.0
40,3471120,22.0
40,3471180,39.0
40,3471240,52.0
40,3471300,40.0
40,3471360,15.0
40,3471420,14.0
40,3471480,12.0
40,3471540,22.0
40,3471600,13.0
40,3471660,12.0
40,3471720,12.0
40,3471780,24.0
40,3471840,18.0
40,3471900,17.0
40,3471960,24.0
40,3472020,22.0
40,3472080,38.0
40,3472140,35.0
40,3472200,15.0
40,3472260,2.0
40,3472320,9.0
40,3472380,20.0
40,3472440,18.0
40,3472500,17.0
40,3472560,14.0
40,3472620,19.0
40,3472680,17.0
40,3472740,17.0
40,3472800,13.0
40,3472860,6.0
40,3472920,7.0
40,3472980,3.0
40,3473040,8.0
40,3473100,5.0
40,3473160,18.0
40,3473220,7.0
40,3473280,5.0
40,3473340,30.0
40,3473400,16.0
40,3473460,20.0
40,3473520,1.0
40,3473580,13.0
40,3473640,8.0
40,3473700,16.0
40,3473760,23.0
40,3473820,10.0
40,3473880,9.0
40,3473940,5.0
40,3474000,16.0
40,3474060,5.0
40,3474120,15.0
40,3474180,12.0
40,3474240,12.0
40,3474300,4.0
40,3474360,13.0
40,3474420,10.0
40,3474480,6.0
40,3474540,14.0
40,3474600,2.0
40,3474660,9.0
40,3474720,6.0
40,3474780,6.0
40,3474840,12.0
40,3474900,10.0
40,3474960,14.0
40,3475020,13.0
40,3475080,4.0
40,3475140,22.0
40,3475200,10.0
40,3475260,7.0
40,3475320,14.0
40,3475380,15.0
40,3475440,19.0
40,3475500,15.0
40,3475560,30.0
40,3475620,19.0
40,3475680,15.0
40,3475740,12.0
40,3475800,7.0
40,3475860,15.0
40,3475920,25.0
40,3475980,8.0
40,3476040,29.0
40,3476100,13.0
40,3476160,25.0
40,3476220,19.0
40,3476280,16.0
40,3476340,14.0
40,3476400,12.0
40,3476460,18.0
40,3476520,16.0
40,3476580,15.0
40,3476640,18.0
40,3476700,8.0
40,3476760,13.0
40,3476820,13.0
40,3476880,15.0
40,3476940,14.0
40,3477000,20.0
40,3477060,15.0
40,3477120,13.0
40,3477180,8.0
40,3477240,32.0
40,3477300,15.0
40,3477360,15.0
40,3477420,4.0
40,3477480,20.0
40,3477540,26.0
40,3477600,21.0
40,3477660,13.0
40,3477720,20.0
40,3477780,13.0
40,3477840,16.0
40,3477900,16.0
40,3477960,24.0
40,3478020,20.0
40,3478080,15.0
40,3478140,22.0
40,3478200,18.0
40,3478260,16.0
40,3478320,14.0
40,3478380,17.0
40,3478440,20.0
40,3478500,12.0
40,3478560,12.0
40,3478620,15.0
40,3478680,14.0
40,3478740,12.0
40,3478800,14.0
40,3478860,14.0
40,3478920,9.0
40,3478980,17.0
40,3479040,15.0
40,3479100,20.0
40,3479160,19.0
40,3479220,17.0
40,3479280,10.0
40,3479340,32.0
40,3479400,28.0
40,3479460,6.0
40,3479520,24.0
40,3479580,10.0
40,3479640,13.0
40,3479700,20.0
40,3479760,21.0
40,3479820,30.0
40,3479880,17.0
40,3479940,15.0
40,3480000,14.0
40,3480060,13.0
40,3480120,13.0
40,3480180,22.0
40,3480240,18.0
40,3480300,17.0
40,3480360,36.0
40,3480420,8.0
40,3480480,10.0
40,3480540,16.0
40,3480600,20.0
40,3480660,14.0
40,3480720,10.0
40,3480780,10.0
40,3480840,19.0
40,3480900,32.0
40,3480960,12.0
40,3481020,24.0
40,3481080,25.0
40,3481140,29.0
40,3481200,20.0
40,3481260,14.0
40,3481320,19.0
40,3481380,19.0
40,3481440,22.0
40,3481500,19.0
40,3481560,25.0
40,3481620,16.0
40,3481680,21.0
40,3481740,26.0
40,3481800,22.0
40,3481860,46.0
40,3481920,16.0
40,3481980,35.0
40,3482040,22.0
40,3482100,36.0
40,3482160,25.0
40,3482220,23.0
40,3482280,40.0
40,3482340,57.0
40,3482400,79.0
40,3482460,64.0
40,3482520,38.0
40,3482580,49.0
40,3482640,94.0
40,3482700,96.0
40,3482760,84.0
40,3482820,83.0
40,3482880,71.0
40,3482940,71.0
40,3483000,85.0
40,3483060,62.0
40,3483120,72.0
40,3483180,64.0
40,3483240,61.0
40,3483300,36.0
40,3483360,29.0
40,3483420,36.0
40,3483480,43.0
40,3483540,41.0
40,3483600,57.0
40,3483660,52.0
40,3483720,52.0
40,3483780,54.0
40,3483840,42.0
40,3483900,54.0
40,3483960,45.0
40,3484020,68.0
40,3484080,55.0
40,3484140,56.0
40,3484200,63.0
40,3484260,82.0
40,3484320,69.0
40,3484380,88.0
40,3484440,77.0
40,3484500,65.0
40,3484560,56.0
40,3484620,85.0
40,3484680,72.0
40,3484740,64.0
40,3484800,74.0
40,3484860,83.0
40,3484920,83.0
40,3484980,97.0
40,3485040,87.0
40,3485100,86.0
40,3485160,107.0
40,3485220,126.0
40,3485280,97.0
40,3485340,114.0
40,3485400,146.0
40,3485460,135.0
40,3485520,119.0
40,3485580,113.0
40,3485640,108.0
40,3485700,75.0
40,3485760,105.0
40,3485820,90.0
40,3485880,68.0
40,3485940,89.0
40,3486000,96.0
40,3486060,68.0
40,3486120,91.0
40,3486180,102.0
40,3486240,123.0
40,3486300,127.0
40,3486360,132.0
40,3486420,149.0
40,3486480,99.0
40,3486540,87.0
40,3486600,101.0
40,3486660,96.0
40,3486720,121.0
40,3486780,110.0
40,3486840,130.0
40,3486900,85.0
40,3486960,113.0
40,3487020,143.0
40,3487080,113.0
40,3487140,90.0
40,3487200,134.0
40,3487260,105.0
40,3487320,98.0
40,3487380,96.0
40,3487440,122.0
40,3487500,138.0
40,3487560,125.0
40,3487620,133.0
40,3487680,144.0
40,3487740,132.0
40,3487800,155.0
40,3487860,138.0
40,3487920,109.0
40,3487980,100.0
40,3488040,126.0
40,3488100,222.0
40,3488160,173.0
40,3488220,134.0
40,3488280,124.0
40,3488340,149.0
40,3488400,140.0
40,3488460,143.0
40,3488520,220.0
40,3488580,220.0
40,3488640,240.0
40,3488700,213.0
40,3488760,238.0
40,3488820,211.0
40,3488880,223.0
40,3488940,257.0
40,3489000,253.0
40,3489060,249.0
40,3489120,251.0
40,3489180,175.0
40,3489240,201.0
40,3489300,212.0
40,3489360,165.0
40,3489420,147.0
40,3489480,145.0
40,3489540,150.0
40,3489600,144.0
40,3489660,181.0
40,3489720,168.0
40,3489780,140.0
40,3489840,175.0
40,3489900,181.0
40,3489960,233.0
40,3490020,217.0
40,3490080,240.0
40,3490140,203.0
40,3490200,197.0
40,3490260,255.0
40,3490320,271.0
40,3490380,261.0
40,3490440,239.0
40,3490500,212.0
40,3490560,246.0
40,3490620,212.0
40,3490680,194.0
40,3490740,181.0
40,3490800,188.0
40,3490860,189.0
40,3490920,226.0
40,3490980,257.0
40,3491040,252.0
40,3491100,208.0
40,3491160,258.0
40,3491220,244.0
40,3491280,183.0
40,3491340,215.0
40,3491400,212.0
40,3491460,224.0
40,3491580,266.0
40,3491640,238.0
40,3491700,227.0
40,3491760,216.0
40,3491820,196.0
40,3491880,227.0
40,3491940,266.0
40,3492000,181.0
40,3492060,207.0
40,3492120,273.0
40,3492180,245.0
40,3492240,289.0
40,3492300,311.0
40,3492360,268.0
40,3492420,233.0
40,3492480,270.0
40,3492540,244.0
40,3492600,210.0
40,3492660,249.0
40,3492720,257.0
40,3492780,211.0
40,3492840,200.0
40,3492900,188.0
40,3492960,168.0
40,3493020,225.0
40,3493080,205.0
40,3493140,264.0
40,3493200,211.0
40,3493260,186.0
40,3493320,158.0
40,3493380,182.0
40,3493440,295.0
40,3493500,162.0
40,3493560,192.0
40,3493620,200.0
40,3493680,215.0
40,3493740,223.0
40,3493800,206.0
40,3493860,208.0
40,3493920,227.0
40,3493980,203.0
40,3494040,225.0
40,3494100,211.0
40,3494160,190.0
40,3494220,290.0
40,3494280,275.0
40,3494340,243.0
40,3494400,223.0
40,3494460,206.0
40,3494520,229.0
40,3494580,224.0
40,3494640,162.0
40,3494700,200.0
40,3494760,217.0
40,3494820,252.0
40,3494880,277.0
40,3494940,208.0
40,3495000,227.0
40,3495060,198.0
40,3495120,222.0
40,3495180,226.0
40,3495240,203.0
40,3495300,186.0
40,3495360,175.0
40,3495420,214.0
40,3495480,204.0
40,3495540,205.0
40,3495600,252.0
40,3495660,246.0
40,3495720,294.0
40,3495780,315.0
40,3495840,342.0
40,3495900,290.0
40,3495960,288.0
40,3496020,302.0
40,3496080,316.0
40,3496140,321.0
40,3496200,326.0
40,3496260,310.0
40,3496380,245.0
40,3496440,202.0
40,3496500,208.0
40,3496560,225.0
40,3496620,204.0
40,3496680,191.0
40,3496740,234.0
40,3496800,268.0
40,3496860,258.0
40,3496920,232.0
40,3496980,226.0
40,3497040,252.0
40,3497100,273.0
40,3497160,371.0
40,3497220,254.0
40,3497280,278.0
40,3497340,206.0
40,3497400,232.0
40,3497460,274.0
40,3497520,262.0
40,3497580,255.0
40,3497640,295.0
40,3497700,270.0
40,3497760,268.0
40,3497820,248.0
40,3497880,280.0
40,3497940,251.0
40,3498000,201.0
40,3498060,243.0
40,3498120,224.0
40,3498180,217.0
40,3498240,222.0
40,3498300,208.0
40,3498360,183.0
40,3498420,298.0
40,3498480,261.0
40,3498540,271.0
40,3498600,250.0
40,3498660,292.0
40,3498720,260.0
40,3498780,243.0
40,3498840,229.0
40,3498900,257.0
40,3498960,224.0
40,3499020,260.0
40,3499080,264.0
40,3499140,324.0
40,3499200,323.0
40,3499260,370.0
40,3499320,317.0
40,3499380,300.0
40,3499440,331.0
40,3499500,279.0
40,3499560,222.0
40,3499620,304.0
40,3499680,300.0
40,3499740,259.0
40,3499800,250.0
40,3499860,296.0
40,3499920,262.0
40,3499980,220.0
40,3500040,234.0
40,3500100,249.0
40,3500160,279.0
40,3500220,190.0
40,3500280,235.0
40,3500340,254.0
40,3500400,272.0
40,3500460,272.0
40,3500520,257.0
40,3500580,226.0
40,3500640,235.0
40,3500700,258.0
40,3500760,240.0
40,3500820,217.0
40,3500880,233.0
40,3500940,205.0
40,3501000,193.0
40,3501060,250.0
40,3501120,209.0
40,3501180,214.0
40,3501240,227.0
40,3501300,246.0
40,3501360,271.0
40,3501420,274.0
40,3501480,256.0
40,3501540,210.0
40,3501600,205.0
40,3501660,226.0
40,3501720,248.0
40,3501780,233.0
40,3501840,243.0
40,3501900,218.0
40,3501960,220.0
40,3502020,243.0
40,3502080,233.0
40,3502140,245.0
40,3502200,162.0
40,3502260,244.0
40,3502320,170.0
40,3502380,226.0
40,3502440,251.0
40,3502500,222.0
40,3502560,245.0
40,3502620,227.0
40,3502680,256.0
40,3502740,240.0
40,3502800,204.0
40,3502860,206.0
40,3502920,212.0
40,3502980,246.0
40,3503040,240.0
40,3503100,223.0
40,3503160,265.0
40,3503220,319.0
40,3503280,264.0
40,3503340,271.0
40,3503400,253.0
40,3503460,250.0
40,3503520,277.0
40,3503580,321.0
40,3503640,277.0
40,3503700,224.0
40,3503760,190.0
40,3503820,213.0
40,3503880,234.0
40,3503940,216.0
40,3504000,163.0
40,3504060,218.0
40,3504120,156.0
40,3504180,224.0
40,3504240,258.0
40,3504300,230.0
40,3504360,213.0
40,3504420,250.0
40,3504480,203.0
40,3504540,194.0
40,3504600,196.0
40,3504660,181.0
40,3504720,236.0
40,3504780,229.0
40,3504840,201.0
40,3504900,226.0
40,3504960,233.0
40,3505020,257.0
40,3505080,246.0
40,3505140,197.0
40,3505200,250.0
40,3505260,183.0
40,3505320,236.0
40,3505380,288.0
40,3505440,238.0
40,3505500,247.0
40,3505560,152.0
40,3505620,174.0
40,3505680,247.0
40,3505740,234.0
40,3505800,223.0
40,3505860,154.0
40,3505920,192.0
40,3505980,201.0
40,3506040,208.0
40,3506100,227.0
40,3506160,196.0
40,3506220,141.0
40,3506280,164.0
40,3506340,155.0
40,3506400,230.0
40,3506460,266.0
40,3506520,275.0
40,3506580,276.0
40,3506640,267.0
40,3506700,223.0
40,3506760,248.0
40,3506820,250.0
40,3506880,240.0
40,3506940,254.0
40,3507000,258.0
40,3507060,215.0
40,3507120,158.0
40,3507180,186.0
40,3507240,218.0
40,3507300,227.0
40,3507360,193.0
40,3507420,197.0
40,3507480,223.0
40,3507540,231.0
40,3507600,193.0
40,3507660,210.0
40,3507720,227.0
40,3507780,264.0
40,3507840,174.0
40,3507900,180.0
40,3507960,198.0
40,3508020,162.0
40,3508080,224.0
40,3508140,185.0
40,3508200,153.0
40,3508260,205.0
40,3508320,186.0
40,3508380,166.0
40,3508440,188.0
40,3508500,210.0
40,3508560,225.0
40,3508620,186.0
40,3508680,174.0
40,3508740,226.0
40,3508800,216.0
40,3508860,190.0
40,3508920,212.0
40,3508980,202.0
40,3509040,203.0
40,3509100,175.0
40,3509160,187.0
40,3509220,182.0
40,3509280,173.0
40,3509340,158.0
40,3509400,203.0
40,3509460,176.0
40,3509520,152.0
40,3509700,191.0
40,3509760,235.0
40,3509820,178.0
40,3509880,166.0
40,3509940,240.0
40,3510000,212.0
40,3510060,189.0
40,3510120,218.0
40,3510180,239.0
40,3510240,227.0
40,3510300,214.0
40,3510360,197.0
40,3510420,228.0
40,3510480,198.0
40,3510540,149.0
40,3510600,180.0
40,3510660,189.0
40,3510720,173.0
40,3510780,211.0
40,3510840,195.0
40,3510900,161.0
40,3510960,166.0
40,3511020,200.0
40,3511080,160.0
40,3511140,201.0
40,3511200,177.0
40,3511260,233.0
40,3511320,190.0
40,3511380,189.0
40,3511440,167.0
40,3511500,205.0
40,3511560,190.0
40,3511620,239.0
40,3511680,185.0
40,3511740,202.0
40,3511800,185.0
40,3511860,166.0
40,3511920,229.0
40,3511980,219.0
40,3512040,173.0
40,3512100,204.0
40,3512160,220.0
40,3512220,214.0
40,3512280,207.0
40,3512340,222.0
40,3512400,223.0
40,3512460,182.0
40,3512520,220.0
40,3512580,175.0
40,3512640,202.0
40,3512700,197.0
40,3512760,213.0
40,3512820,256.0
40,3512880,246.0
40,3512940,228.0
40,3513000,230.0
40,3513060,219.0
40,3513120,246.0
40,3513180,252.0
40,3513240,250.0
40,3513300,277.0
40,3513360,271.0
40,3513420,228.0
40,3513480,211.0
40,3513540,250.0
40,3513600,235.0
40,3513660,205.0
40,3513720,202.0
40,3513780,178.0
40,3513840,203.0
40,3513900,197.0
40,3513960,223.0
40,3514020,169.0
40,3514080,153.0
40,3514140,262.0
40,3514200,251.0
40,3514260,233.0
40,3514320,208.0
40,3514380,211.0
40,3514440,253.0
40,3514500,309.0
40,3514560,238.0
40,3514620,224.0
40,3514680,231.0
40,3514740,208.0
40,3514800,225.0
40,3514860,212.0
40,3514920,168.0
40,3514980,208.0
40,3515040,172.0
40,3515100,181.0
40,3515160,227.0
40,3515220,252.0
40,3515280,167.0
40,3515340,265.0
40,3515400,222.0
40,3515460,185.0
40,3515520,173.0
40,3515580,164.0
40,3515640,182.0
40,3515700,168.0
40,3515760,203.0
40,3515820,185.0
40,3515880,207.0
40,3515940,194.0
40,3516000,164.0
40,3516060,167.0
40,3516120,173.0
40,3516180,193.0
40,3516240,183.0
40,3516300,210.0
40,3516360,208.0
40,3516420,187.0
40,3516480,143.0
40,3516540,217.0
40,3516600,189.0
40,3516660,184.0
40,3516720,191.0
40,3516780,208.0
40,3516840,182.0
40,3516900,192.0
40,3516960,203.0
40,3517020,185.0
40,3517080,190.0
40,3517140,161.0
40,3517200,197.0
40,3517260,165.0
40,3517320,196.0
40,3517380,222.0
40,3517440,266.0
40,3517500,222.0
40,3517560,238.0
40,3517620,260.0
40,3517680,246.0
40,3517740,219.0
40,3517800,227.0
40,3517860,210.0
40,3517920,276.0
40,3517980,226.0
40,3518040,172.0
40,3518100,189.0
40,3518160,164.0
40,3518220,195.0
40,3518280,184.0
40,3518340,209.0
40,3518400,196.0
40,3518460,202.0
40,3518520,201.0
40,3518580,200.0
40,3518640,174.0
40,3518700,184.0
40,3518760,168.0
40,3518820,149.0
40,3518880,161.0
40,3518940,177.0
40,3519000,182.0
40,3519060,188.0
40,3519120,178.0
40,3519180,177.0
40,3519240,173.0
40,3519300,148.0
40,3519360,191.0
40,3519420,170.0
40,3519480,202.0
40,3519540,216.0
40,3519600,193.0
40,3519660,219.0
40,3519720,125.0
40,3519780,163.0
40,3519840,173.0
40,3519900,165.0
40,3519960,171.0
40,3520020,213.0
40,3520080,201.0
40,3520140,152.0
40,3520200,185.0
40,3520260,181.0
40,3520320,176.0
40,3520380,201.0
40,3520440,195.0
40,3520500,215.0
40,3520560,184.0
40,3520620,142.0
40,3520680,139.0
40,3520740,136.0
40,3520800,156.0
40,3520860,169.0
40,3520920,209.0
40,3520980,248.0
40,3521040,256.0
40,3521100,244.0
40,3521160,242.0
40,3521220,207.0
40,3521280,233.0
40,3521340,228.0
40,3521400,252.0
40,3521460,211.0
40,3521520,153.0
40,3521580,158.0
40,3521640,181.0
40,3521700,168.0
40,3521760,198.0
40,3521820,197.0
40,3521880,159.0
40,3521940,188.0
40,3522000,180.0
40,3522060,175.0
40,3522120,154.0
40,3522180,190.0
40,3522240,200.0
40,3522300,166.0
40,3522360,169.0
40,3522420,173.0
40,3522480,217.0
40,3522540,152.0
40,3522600,142.0
40,3522660,178.0
40,3522720,213.0
40,3522780,182.0
40,3522840,173.0
40,3522900,150.0
40,3522960,196.0
40,3523020,127.0
40,3523080,210.0
40,3523140,166.0
40,3523200,161.0
40,3523260,141.0
40,3523320,177.0
40,3523380,153.0
40,3523440,143.0
40,3523500,160.0
40,3523560,202.0
40,3523620,166.0
40,3523680,188.0
40,3523740,158.0
40,3523800,144.0
40,3523860,184.0
40,3523920,161.0
40,3523980,177.0
40,3524040,190.0
40,3524100,170.0
40,3524160,186.0
40,3524220,164.0
40,3524280,126.0
40,3524340,165.0
40,3524400,169.0
40,3524460,145.0
40,3524520,178.0
40,3524580,207.0
40,3524640,240.0
40,3524700,198.0
40,3524760,226.0
40,3524820,180.0
40,3524880,196.0
40,3524940,228.0
40,3525000,184.0
40,3525060,201.0
40,3525120,165.0
40,3525180,162.0
40,3525240,148.0
40,3525300,172.0
40,3525360,204.0
40,3525420,173.0
40,3525480,227.0
40,3525540,220.0
40,3525600,259.0
40,3525660,205.0
40,3525720,203.0
40,3525780,150.0
40,3525840,158.0
40,3525900,156.0
40,3525960,166.0
40,3526020,186.0
40,3526080,198.0
40,3526140,202.0
40,3526200,206.0
40,3526260,224.0
40,3526320,175.0
40,3526380,197.0
40,3526440,202.0
40,3526500,190.0
40,3526560,182.0
40,3526620,192.0
40,3526680,187.0
40,3526740,180.0
40,3526800,190.0
40,3526860,182.0
40,3526920,196.0
40,3526980,214.0
40,3527040,183.0
40,3527100,171.0
40,3527160,182.0
40,3527220,183.0
40,3527280,181.0
40,3527340,219.0
40,3527400,201.0
40,3527460,197.0
40,3527520,185.0
40,3527580,182.0
40,3527640,183.0
40,3527700,166.0
40,3527760,178.0
40,3527820,192.0
40,3527880,232.0
40,3527940,192.0
40,3528000,191.0
40,3528060,216.0
40,3528120,201.0
40,3528180,166.0
40,3528240,214.0
40,3528300,205.0
40,3528360,222.0
40,3528420,202.0
40,3528480,240.0
40,3528540,225.0
40,3528600,201.0
40,3528660,258.0
40,3528720,228.0
40,3528780,231.0
40,3528840,184.0
40,3528900,255.0
40,3528960,235.0
40,3529020,227.0
40,3529080,173.0
40,3529140,195.0
40,3529200,225.0
40,3529380,171.0
40,3529440,175.0
40,3529500,230.0
40,3529560,230.0
40,3529620,185.0
40,3529680,185.0
40,3529740,217.0
40,3529800,186.0
40,3529860,189.0
40,3529920,203.0
40,3529980,183.0
40,3530040,181.0
40,3530100,244.0
40,3530160,253.0
40,3530220,202.0
40,3530280,245.0
40,3530340,188.0
40,3530400,197.0
40,3530460,192.0
40,3530520,208.0
40,3530580,211.0
40,3530640,230.0
40,3530700,223.0
40,3530760,189.0
40,3530820,174.0
40,3530880,185.0
40,3530940,205.0
40,3531000,177.0
40,3531060,194.0
40,3531120,181.0
40,3531180,217.0
40,3531240,209.0
40,3531300,176.0
40,3531360,204.0
40,3531420,228.0
40,3531480,184.0
40,3531540,217.0
40,3531600,216.0
40,3531660,172.0
40,3531720,209.0
40,3531780,269.0
40,3531840,249.0
40,3531900,245.0
40,3531960,223.0
40,3532020,214.0
40,3532080,209.0
40,3532140,228.0
40,3532200,271.0
40,3532260,244.0
40,3532320,284.0
40,3532380,216.0
40,3532440,232.0
40,3532500,227.0
40,3532560,192.0
40,3532620,180.0
40,3532680,217.0
40,3532740,160.0
40,3532800,203.0
40,3532860,161.0
40,3532920,185.0
40,3532980,182.0
40,3533040,175.0
40,3533100,211.0
40,3533160,165.0
40,3533220,192.0
40,3533280,186.0
40,3533340,171.0
40,3533400,197.0
40,3533460,152.0
40,3533520,190.0
40,3533580,215.0
40,3533640,188.0
40,3533700,153.0
40,3533760,176.0
40,3533820,186.0
40,3533880,214.0
40,3533940,196.0
40,3534000,186.0
40,3534060,206.0
40,3534120,230.0
40,3534180,216.0
40,3534240,202.0
40,3534300,187.0
40,3534360,155.0
40,3534420,181.0
40,3534480,216.0
40,3534540,204.0
40,3534600,170.0
40,3534660,214.0
40,3534720,180.0
40,3534780,172.0
40,3534840,192.0
40,3534900,177.0
40,3534960,182.0
40,3535020,222.0
40,3535080,183.0
40,3535140,228.0
40,3535200,252.0
40,3535260,210.0
40,3535320,261.0
40,3535380,207.0
40,3535440,278.0
40,3535500,275.0
40,3535560,255.0
40,3535620,246.0
40,3535680,207.0
40,3535740,202.0
40,3535800,246.0
40,3535860,186.0
40,3535920,238.0
40,3535980,212.0
40,3536040,196.0
40,3536100,237.0
40,3536160,182.0
40,3536220,176.0
40,3536280,182.0
40,3536340,166.0
40,3536400,166.0
40,3536460,227.0
40,3536520,178.0
40,3536580,169.0
40,3536640,200.0
40,3536700,182.0
40,3536760,192.0
40,3536820,190.0
40,3536880,189.0
40,3536940,256.0
40,3537000,223.0
40,3537060,219.0
40,3537120,177.0
40,3537180,225.0
40,3537240,208.0
40,3537300,197.0
40,3537360,219.0
40,3537420,185.0
40,3537480,200.0
40,3537540,177.0
40,3537600,214.0
40,3537660,187.0
40,3537720,177.0
40,3537780,159.0
40,3537840,143.0
40,3537900,147.0
40,3537960,178.0
40,3538020,167.0
40,3538080,181.0
40,3538140,147.0
40,3538200,183.0
40,3538260,166.0
40,3538320,149.0
40,3538380,183.0
40,3538440,160.0
40,3538500,123.0
40,3538560,184.0
40,3538620,207.0
40,3538680,180.0
40,3538740,187.0
40,3538800,261.0
40,3538860,252.0
40,3538920,270.0
40,3538980,183.0
40,3539040,203.0
40,3539100,176.0
40,3539160,158.0
40,3539220,139.0
40,3539280,161.0
40,3539340,150.0
40,3539400,130.0
40,3539460,149.0
40,3539520,193.0
40,3539580,173.0
40,3539640,139.0
40,3539700,177.0
40,3539760,206.0
40,3539820,161.0
40,3539880,212.0
40,3539940,191.0
40,3540000,158.0
40,3540060,155.0
40,3540120,126.0
40,3540180,152.0
40,3540240,150.0
40,3540300,178.0
40,3540360,152.0
40,3540420,158.0
40,3540480,145.0
40,3540540,149.0
40,3540600,212.0
40,3540660,143.0
40,3540720,172.0
40,3540780,156.0
40,3540840,139.0
40,3540900,168.0
40,3540960,135.0
40,3541020,110.0
40,3541080,127.0
40,3541140,136.0
40,3541200,129.0
40,3541260,124.0
40,3541320,122.0
40,3541380,108.0
40,3541440,133.0
40,3541500,109.0
40,3541560,119.0
40,3541620,130.0
40,3541680,129.0
40,3541740,131.0
40,3541800,146.0
40,3541860,125.0
40,3541920,84.0
40,3541980,117.0
40,3542040,121.0
40,3542100,124.0
40,3542160,118.0
40,3542220,113.0
40,3542280,119.0
40,3542340,131.0
41,3542400,131.0
41,3542460,207.0
41,3542520,178.0
41,3542580,153.0
41,3542640,180.0
41,3542700,164.0
41,3542760,158.0
41,3542820,171.0
41,3542880,152.0
41,3542940,125.0
41,3543000,100.0
41,3543060,123.0
41,3543120,121.0
41,3543180,116.0
41,3543240,123.0
41,3543300,97.0
41,3543360,107.0
41,3543420,103.0
41,3543480,102.0
41,3543540,111.0
41,3543600,87.0
41,3543660,101.0
41,3543720,114.0
41,3543780,132.0
41,3543840,132.0
41,3543900,136.0
41,3543960,129.0
41,3544020,101.0
41,3544080,106.0
41,3544140,94.0
41,3544200,109.0
41,3544260,74.0
41,3544320,94.0
41,3544380,70.0
41,3544440,74.0
41,3544500,90.0
41,3544560,82.0
41,3544620,82.0
41,3544680,71.0
41,3544740,91.0
41,3544800,75.0
41,3544860,84.0
41,3544920,92.0
41,3544980,101.0
41,3545040,70.0
41,3545100,94.0
41,3545160,90.0
41,3545220,71.0
41,3545280,75.0
41,3545340,106.0
41,3545400,88.0
41,3545460,94.0
41,3545520,93.0
41,3545580,78.0
41,3545640,68.0
41,3545700,74.0
41,3545760,89.0
41,3545820,69.0
41,3545880,62.0
41,3545940,70.0
41,3546000,5.0
41,3546060,5.0
41,3546120,5.0
41,3546180,6.0
41,3546240,4.0
41,3546300,10.0
41,3546360,14.0
41,3546420,17.0
41,3546480,12.0
41,3546540,15.0
41,3546600,15.0
41,3546660,21.0
41,3546720,21.0
41,3546780,18.0
41,3546840,13.0
41,3546900,15.0
41,3546960,10.0
41,3547020,14.0
41,3547080,16.0
41,3547140,5.0
41,3547200,8.0
41,3547260,9.0
41,3547320,4.0
41,3547380,10.0
41,3547440,5.0
41,3547500,10.0
41,3547560,6.0
41,3547620,7.0
41,3547680,9.0
41,3547740,6.0
41,3547800,6.0
41,3547860,5.0
41,3547920,10.0
41,3547980,8.0
41,3548040,6.0
41,3548100,10.0
41,3548160,8.0
41,3548220,7.0
41,3548280,8.0
41,3548340,10.0
41,3548400,7.0
41,3548460,7.0
41,3548520,5.0
41,3548580,7.0
41,3548640,7.0
41,3548700,12.0
41,3548760,5.0
41,3548820,3.0
41,3548880,9.0
41,3548940,3.0
41,3549000,2.0
41,3549060,9.0
41,3549120,5.0
41,3549180,4.0
41,3549240,7.0
41,3549300,10.0
41,3549360,10.0
41,3549420,4.0
41,3549480,6.0
41,3549540,8.0
41,3549600,10.0
41,3549660,25.0
41,3549720,26.0
41,3549780,19.0
41,3549840,18.0
41,3549900,13.0
41,3549960,6.0
41,3550020,7.0
41,3550080,30.0
41,3550140,22.0
41,3550200,18.0
41,3550260,13.0
41,3550320,21.0
41,3550380,20.0
41,3550440,10.0
41,3550500,5.0
41,3550560,10.0
41,3550620,5.0
41,3550680,9.0
41,3550740,3.0
41,3550800,7.0
41,3550860,5.0
41,3550920,9.0
41,3550980,16.0
41,3551040,15.0
41,3551100,8.0
41,3551160,7.0
41,3551220,4.0
41,3551280,5.0
41,3551340,3.0
41,3551400,6.0
41,3551460,2.0
41,3551520,4.0
41,3551580,4.0
41,3551640,3.0
41,3551700,2.0
41,3551760,6.0
41,3551820,3.0
41,3551880,1.0
41,3551940,2.0
41,3552000,5.0
41,3552060,5.0
41,3552120,3.0
41,3552180,4.0
41,3552240,4.0
41,3552300,5.0
41,3552360,9.0
41,3552420,3.0
41,3552480,8.0
41,3552540,8.0
41,3552600,6.0
41,3552660,4.0
41,3552720,8.0
41,3552780,7.0
41,3552840,6.0
41,3552900,3.0
41,3552960,7.0
41,3553020,8.0
41,3553080,6.0
41,3553140,10.0
41,3553200,4.0
41,3553260,8.0
41,3553320,12.0
41,3553380,8.0
41,3553440,6.0
41,3553500,3.0
41,3553560,2.0
41,3553620,2.0
41,3553680,4.0
41,3553740,5.0
41,3553800,2.0
41,3553860,2.0
41,3553920,4.0
41,3553980,6.0
41,3554040,7.0
41,3554100,9.0
41,3554160,2.0
41,3554220,1.0
41,3554280,1.0
41,3554340,6.0
41,3554400,4.0
41,3554460,2.0
41,3554520,10.0
41,3554580,1.0
41,3554640,2.0
41,3554700,4.0
41,3554760,0.0
41,3554820,1.0
41,3554880,3.0
41,3554940,3.0
41,3555000,1.0
41,3555060,5.0
41,3555120,1.0
41,3555180,0.0
41,3555240,7.0
41,3555300,4.0
41,3555360,14.0
41,3555420,4.0
41,3555480,2.0
41,3555540,5.0
41,3555600,2.0
41,3555660,2.0
41,3555720,6.0
41,3555780,8.0
41,3555840,1.0
41,3555900,1.0
41,3555960,4.0
41,3556020,3.0
41,3556080,2.0
41,3556140,2.0
41,3556200,0.0
41,3556260,2.0
41,3556320,0.0
41,3556380,7.0
41,3556440,1.0
41,3556500,1.0
41,3556560,2.0
41,3556620,4.0
41,3556680,2.0
41,3556740,0.0
41,3556800,1.0
41,3556860,1.0
41,3556920,4.0
41,3556980,2.0
41,3557040,0.0
41,3557100,7.0
41,3557160,3.0
41,3557220,4.0
41,3557280,7.0
41,3557340,6.0
41,3557400,15.0
41,3557460,16.0
41,3557520,5.0
41,3557580,3.0
41,3557640,8.0
41,3557700,2.0
41,3557760,3.0
41,3557820,3.0
41,3557880,0.0
41,3557940,0.0
41,3558000,6.0
41,3558060,4.0
41,3558120,7.0
41,3558180,2.0
41,3558240,5.0
41,3558300,3.0
41,3558360,3.0
41,3558420,1.0
41,3558480,3.0
41,3558540,1.0
41,3558600,1.0
41,3558660,2.0
41,3558720,5.0
41,3558780,1.0
41,3558840,1.0
41,3558900,2.0
41,3558960,3.0
41,3559020,0.0
41,3559080,3.0
41,3559140,0.0
41,3559200,7.0
41,3559260,6.0
41,3559320,2.0
41,3559380,1.0
41,3559440,0.0
41,3559500,3.0
41,3559560,3.0
41,3559620,2.0
41,3559680,5.0
41,3559740,9.0
41,3559800,2.0
41,3559860,4.0
41,3559920,3.0
41,3559980,7.0
41,3560040,3.0
41,3560100,4.0
41,3560160,15.0
41,3560220,4.0
41,3560280,2.0
41,3560340,1.0
41,3560400,0.0
41,3560460,2.0
41,3560520,7.0
41,3560580,1.0
41,3560640,6.0
41,3560700,2.0
41,3560760,9.0
41,3560820,13.0
41,3560880,2.0
41,3560940,2.0
41,3561000,4.0
41,3561060,5.0
41,3561120,2.0
41,3561180,1.0
41,3561240,4.0
41,3561300,0.0
41,3561360,2.0
41,3561420,2.0
41,3561480,6.0
41,3561540,4.0
41,3561600,1.0
41,3561660,2.0
41,3561720,4.0
41,3561780,5.0
41,3561840,6.0
41,3561900,3.0
41,3561960,6.0
41,3562020,4.0
41,3562080,4.0
41,3562140,4.0
41,3562200,4.0
41,3562260,4.0
41,3562320,2.0
41,3562380,3.0
41,3562440,5.0
41,3562500,4.0
41,3562560,5.0
41,3562620,0.0
41,3562680,4.0
41,3562740,6.0
41,3562800,16.0
41,3562860,4.0
41,3562920,4.0
41,3562980,4.0
41,3563040,2.0
41,3563100,4.0
41,3563160,12.0
41,3563220,6.0
41,3563280,1.0
41,3563340,7.0
41,3563400,4.0
41,3563460,4.0
41,3563520,1.0
41,3563580,2.0
41,3563640,0.0
41,3563700,24.0
41,3563760,3.0
41,3563820,2.0
41,3563880,3.0
41,3563940,5.0
41,3564000,3.0
41,3564060,2.0
41,3564120,2.0
41,3564180,5.0
41,3564240,2.0
41,3564300,5.0
41,3564360,6.0
41,3564420,0.0
41,3564480,3.0
41,3564540,5.0
41,3564600,3.0
41,3564660,1.0
41,3564720,3.0
41,3564780,2.0
41,3564840,4.0
41,3564900,3.0
41,3564960,4.0
41,3565020,2.0
41,3565080,2.0
41,3565140,6.0
41,3565200,3.0
41,3565260,7.0
41,3565320,7.0
41,3565380,3.0
41,3565440,2.0
41,3565500,3.0
41,3565560,9.0
41,3565620,2.0
41,3565680,8.0
41,3565740,2.0
41,3565800,6.0
41,3565860,6.0
41,3565920,7.0
41,3565980,5.0
41,3566040,5.0
41,3566100,5.0
41,3566160,10.0
41,3566220,7.0
41,3566280,7.0
41,3566340,5.0
41,3566400,4.0
41,3566460,32.0
41,3566520,34.0
41,3566580,43.0
41,3566640,32.0
41,3566700,23.0
41,3566760,8.0
41,3566820,4.0
41,3566880,5.0
41,3566940,22.0
41,3567000,36.0
41,3567060,37.0
41,3567120,32.0
41,3567180,37.0
41,3567240,27.0
41,3567300,30.0
41,3567360,8.0
41,3567420,13.0
41,3567480,20.0
41,3567540,5.0
41,3567600,34.0
41,3567660,35.0
41,3567720,35.0
41,3567780,48.0
41,3567840,48.0
41,3567900,37.0
41,3567960,43.0
41,3568020,41.0
41,3568080,36.0
41,3568140,44.0
41,3568200,39.0
41,3568260,10.0
41,3568320,9.0
41,3568380,10.0
41,3568440,6.0
41,3568500,9.0
41,3568560,5.0
41,3568620,8.0
41,3568680,15.0
41,3568740,7.0
41,3568800,6.0
41,3568860,14.0
41,3568920,13.0
41,3568980,21.0
41,3569040,22.0
41,3569100,10.0
41,3569160,15.0
41,3569220,17.0
41,3569280,14.0
41,3569340,14.0
41,3569400,10.0
41,3569460,16.0
41,3569520,28.0
41,3569580,8.0
41,3569640,25.0
41,3569700,12.0
41,3569760,27.0
41,3569820,20.0
41,3569880,23.0
41,3569940,34.0
41,3570000,28.0
41,3570060,37.0
41,3570120,13.0
41,3570180,32.0
41,3570240,36.0
41,3570300,22.0
41,3570360,18.0
41,3570420,17.0
41,3570480,22.0
41,3570540,25.0
41,3570600,21.0
41,3570660,19.0
41,3570720,20.0
41,3570780,29.0
41,3570840,29.0
41,3570900,28.0
41,3570960,36.0
41,3571020,46.0
41,3571080,47.0
41,3571140,42.0
41,3571200,41.0
41,3571260,29.0
41,3571320,60.0
41,3571380,47.0
41,3571440,33.0
41,3571500,36.0
41,3571560,30.0
41,3571620,50.0
41,3571680,45.0
41,3571740,50.0
41,3571800,48.0
41,3571860,61.0
41,3571920,50.0
41,3571980,78.0
41,3572040,85.0
41,3572100,72.0
41,3572160,74.0
41,3572220,69.0
41,3572280,83.0
41,3572340,80.0
41,3572400,55.0
41,3572460,56.0
41,3572520,55.0
41,3572580,55.0
41,3572640,67.0
41,3572700,75.0
41,3572760,82.0
41,3572820,72.0
41,3572880,94.0
41,3572940,104.0
41,3573000,48.0
41,3573060,82.0
41,3573120,79.0
41,3573180,82.0
41,3573240,79.0
41,3573300,106.0
41,3573360,82.0
41,3573420,60.0
41,3573480,76.0
41,3573540,62.0
41,3573600,60.0
41,3573660,93.0
41,3573720,59.0
41,3573780,49.0
41,3573840,72.0
41,3573900,97.0
41,3573960,69.0
41,3574020,91.0
41,3574080,114.0
41,3574140,124.0
41,3574200,106.0
41,3574260,96.0
41,3574320,86.0
41,3574380,77.0
41,3574440,110.0
41,3574500,99.0
41,3574560,122.0
41,3574620,112.0
41,3574680,110.0
41,3574740,184.0
41,3574800,109.0
41,3574860,90.0
41,3574920,120.0
41,3574980,108.0
41,3575040,142.0
41,3575100,128.0
41,3575160,112.0
41,3575220,109.0
41,3575280,120.0
41,3575340,152.0
41,3575400,150.0
41,3575460,163.0
41,3575520,183.0
41,3575580,172.0
41,3575640,174.0
41,3575700,197.0
41,3575760,205.0
41,3575820,193.0
41,3575880,167.0
41,3575940,187.0
41,3576000,145.0
41,3576060,174.0
41,3576120,164.0
41,3576180,154.0
41,3576240,155.0
41,3576300,134.0
41,3576360,185.0
41,3576420,162.0
41,3576480,156.0
41,3576540,173.0
41,3576600,212.0
41,3576660,159.0
41,3576720,128.0
41,3576780,121.0
41,3576840,128.0
41,3576900,132.0
41,3576960,159.0
41,3577020,165.0
41,3577080,107.0
41,3577140,146.0
41,3577200,147.0
41,3577260,156.0
41,3577320,142.0
41,3577380,178.0
41,3577440,184.0
41,3577500,153.0
41,3577560,203.0
41,3577620,169.0
41,3577680,141.0
41,3577740,153.0
41,3577800,176.0
41,3577860,194.0
41,3577920,172.0
41,3577980,159.0
41,3578040,233.0
41,3578100,210.0
41,3578160,164.0
41,3578220,155.0
41,3578280,196.0
41,3578340,181.0
41,3578400,149.0
41,3578460,172.0
41,3578520,153.0
41,3578580,183.0
41,3578640,209.0
41,3578700,200.0
41,3578760,243.0
41,3578820,214.0
41,3578880,198.0
41,3578940,234.0
41,3579000,306.0
41,3579060,251.0
41,3579120,357.0
41,3579180,254.0
41,3579240,235.0
41,3579300,288.0
41,3579360,205.0
41,3579420,187.0
41,3579480,156.0
41,3579540,210.0
41,3579600,186.0
41,3579660,253.0
41,3579720,208.0
41,3579780,160.0
41,3579840,168.0
41,3579900,180.0
41,3579960,173.0
41,3580020,158.0
41,3580080,207.0
41,3580140,220.0
41,3580200,219.0
41,3580260,186.0
41,3580320,149.0
41,3580380,167.0
41,3580440,201.0
41,3580500,194.0
41,3580560,240.0
41,3580620,244.0
41,3580680,177.0
41,3580740,217.0
41,3580800,197.0
41,3580860,251.0
41,3580920,184.0
41,3580980,210.0
41,3581040,175.0
41,3581100,205.0
41,3581160,164.0
41,3581220,201.0
41,3581280,203.0
41,3581340,164.0
41,3581400,170.0
41,3581460,185.0
41,3581520,172.0
41,3581580,201.0
41,3581640,184.0
41,3581700,206.0
41,3581760,219.0
41,3581820,220.0
41,3581880,232.0
41,3581940,175.0
41,3582000,207.0
41,3582060,180.0
41,3582120,204.0
41,3582180,251.0
41,3582240,255.0
41,3582300,213.0
41,3582360,168.0
41,3582420,244.0
41,3582480,236.0
41,3582540,280.0
41,3582600,250.0
41,3582660,259.0
41,3582720,233.0
41,3582780,232.0
41,3582840,265.0
41,3582900,217.0
41,3582960,228.0
41,3583020,214.0
41,3583080,219.0
41,3583140,215.0
41,3583200,216.0
41,3583260,246.0
41,3583320,252.0
41,3583380,207.0
41,3583440,200.0
41,3583500,220.0
41,3583560,236.0
41,3583620,227.0
41,3583680,212.0
41,3583800,201.0
41,3583860,194.0
41,3583920,203.0
41,3583980,165.0
41,3584040,208.0
41,3584100,194.0
41,3584160,159.0
41,3584220,214.0
41,3584280,193.0
41,3584340,162.0
41,3584400,198.0
41,3584460,194.0
41,3584520,203.0
41,3584580,196.0
41,3584640,253.0
41,3584700,244.0
41,3584760,193.0
41,3584820,172.0
41,3584880,218.0
41,3584940,232.0
41,3585000,177.0
41,3585060,161.0
41,3585120,239.0
41,3585180,197.0
41,3585240,165.0
41,3585300,173.0
41,3585360,173.0
41,3585420,232.0
41,3585480,248.0
41,3585540,160.0
41,3585600,180.0
41,3585660,161.0
41,3585720,165.0
41,3585780,211.0
41,3585840,234.0
41,3585900,170.0
41,3585960,202.0
41,3586020,231.0
41,3586080,245.0
41,3586140,206.0
41,3586200,209.0
41,3586260,264.0
41,3586320,205.0
41,3586380,219.0
41,3586440,280.0
41,3586500,301.0
41,3586560,268.0
41,3586620,282.0
41,3586680,262.0
41,3586740,181.0
41,3586800,168.0
41,3586860,147.0
41,3586920,125.0
41,3586980,184.0
41,3587040,230.0
41,3587100,176.0
41,3587160,154.0
41,3587220,149.0
41,3587280,238.0
41,3587340,197.0
41,3587400,163.0
41,3587460,197.0
41,3587520,212.0
41,3587580,142.0
41,3587640,178.0
41,3587700,155.0
41,3587760,162.0
41,3587820,145.0
41,3587880,153.0
41,3587940,183.0
41,3588000,207.0
41,3588060,171.0
41,3588120,165.0
41,3588180,145.0
41,3588240,121.0
41,3588300,149.0
41,3588360,156.0
41,3588420,142.0
41,3588480,158.0
41,3588540,173.0
41,3588600,152.0
41,3588660,178.0
41,3588720,170.0
41,3588780,175.0
41,3588840,158.0
41,3588900,183.0
41,3588960,155.0
41,3589020,111.0
41,3589080,148.0
41,3589140,184.0
41,3589200,151.0
41,3589260,136.0
41,3589320,153.0
41,3589380,210.0
41,3589440,184.0
41,3589500,211.0
41,3589560,152.0
41,3589620,143.0
41,3589680,142.0
41,3589740,173.0
41,3589800,174.0
41,3589860,122.0
41,3589920,171.0
41,3589980,140.0
41,3590040,185.0
41,3590100,154.0
41,3590160,186.0
41,3590220,188.0
41,3590280,191.0
41,3590340,152.0
41,3590400,220.0
41,3590460,201.0
41,3590520,219.0
41,3590580,168.0
41,3590640,147.0
41,3590700,140.0
41,3590760,175.0
41,3590820,178.0
41,3590880,127.0
41,3590940,148.0
41,3591000,160.0
41,3591060,163.0
41,3591120,178.0
41,3591180,209.0
41,3591240,174.0
41,3591300,176.0
41,3591360,197.0
41,3591420,207.0
41,3591480,162.0
41,3591540,134.0
41,3591600,125.0
41,3591660,126.0
41,3591720,164.0
41,3591780,127.0
41,3591840,141.0
41,3591900,159.0
41,3591960,187.0
41,3592020,135.0
41,3592080,180.0
41,3592140,124.0
41,3592200,164.0
41,3592260,119.0
41,3592320,197.0
41,3592380,149.0
41,3592440,189.0
41,3592500,188.0
41,3592560,156.0
41,3592620,128.0
41,3592680,150.0
41,3592740,223.0
41,3592800,219.0
41,3592860,135.0
41,3592920,112.0
41,3592980,122.0
41,3593040,166.0
41,3593100,133.0
41,3593160,188.0
41,3593220,145.0
41,3593280,166.0
41,3593340,169.0
41,3593400,216.0
41,3593460,186.0
41,3593520,146.0
41,3593580,177.0
41,3593640,133.0
41,3593700,135.0
41,3593760,141.0
41,3593820,154.0
41,3593880,160.0
41,3593940,170.0
41,3594000,162.0
41,3594060,152.0
41,3594120,156.0
41,3594180,133.0
41,3594240,151.0
41,3594300,247.0
41,3594360,233.0
41,3594420,204.0
41,3594480,164.0
41,3594540,233.0
41,3594600,252.0
41,3594660,273.0
41,3594720,229.0
41,3594780,252.0
41,3594840,190.0
41,3594900,197.0
41,3594960,233.0
41,3595020,176.0
41,3595080,165.0
41,3595140,208.0
41,3595200,192.0
41,3595260,237.0
41,3595320,185.0
41,3595380,177.0
41,3595440,155.0
41,3595500,127.0
41,3595560,196.0
41,3595620,196.0
41,3595680,185.0
41,3595740,162.0
41,3595800,152.0
41,3595860,144.0
41,3595920,125.0
41,3595980,168.0
41,3596040,178.0
41,3596100,169.0
41,3596160,182.0
41,3596220,188.0
41,3596280,195.0
41,3596340,202.0
41,3596400,201.0
41,3596460,158.0
41,3596520,153.0
41,3596580,150.0
41,3596640,186.0
41,3596700,167.0
41,3596760,162.0
41,3596820,142.0
41,3596880,131.0
41,3596940,150.0
41,3597000,191.0
41,3597060,184.0
41,3597120,177.0
41,3597180,203.0
41,3597240,211.0
41,3597300,167.0
41,3597360,174.0
41,3597420,170.0
41,3597480,172.0
41,3597540,177.0
41,3597600,162.0
41,3597660,187.0
41,3597720,200.0
41,3597780,192.0
41,3597840,223.0
41,3597900,167.0
41,3597960,154.0
41,3598020,167.0
41,3598080,165.0
41,3598140,211.0
41,3598200,176.0
41,3598260,147.0
41,3598320,198.0
41,3598380,184.0
41,3598440,169.0
41,3598500,207.0
41,3598560,210.0
41,3598620,194.0
41,3598680,198.0
41,3598740,181.0
41,3598800,171.0
41,3598860,180.0
41,3598920,172.0
41,3598980,239.0
41,3599040,276.0
41,3599100,251.0
41,3599160,190.0
41,3599220,169.0
41,3599280,154.0
41,3599340,145.0
41,3599400,171.0
41,3599460,189.0
41,3599520,259.0
41,3599580,215.0
41,3599640,228.0
41,3599700,232.0
41,3599760,295.0
41,3599820,198.0
41,3599880,226.0
41,3599940,190.0
41,3600000,228.0
41,3600180,275.0
41,3600240,254.0
41,3600300,234.0
41,3600360,260.0
41,3600420,310.0
41,3600480,245.0
41,3600540,288.0
41,3600600,290.0
41,3600660,215.0
41,3600720,215.0
41,3600780,188.0
41,3600840,151.0
41,3600900,172.0
41,3600960,228.0
41,3601020,163.0
41,3601080,190.0
41,3601140,178.0
41,3601200,169.0
41,3601260,230.0
41,3601440,191.0
41,3601500,187.0
41,3601560,185.0
41,3601620,187.0
41,3601680,185.0
41,3601740,248.0
41,3601800,172.0
41,3601860,193.0
41,3601920,222.0
41,3601980,207.0
41,3602040,217.0
41,3602100,175.0
41,3602160,165.0
41,3602220,152.0
41,3602280,161.0
41,3602340,192.0
41,3602400,167.0
41,3602460,222.0
41,3602520,187.0
41,3602580,190.0
41,3602640,196.0
41,3602700,246.0
41,3602760,275.0
41,3602820,167.0
41,3602880,193.0
41,3602940,181.0
41,3603000,198.0
41,3603060,182.0
41,3603120,202.0
41,3603180,218.0
41,3603240,188.0
41,3603300,159.0
41,3603360,185.0
41,3603420,182.0
41,3603480,170.0
41,3603540,184.0
41,3603600,219.0
41,3603660,236.0
41,3603720,247.0
41,3603780,282.0
41,3603840,307.0
41,3603900,218.0
41,3603960,227.0
41,3604020,255.0
41,3604080,245.0
41,3604140,229.0
41,3604200,265.0
41,3604260,194.0
41,3604320,191.0
41,3604380,177.0
41,3604440,181.0
41,3604500,164.0
41,3604560,190.0
41,3604620,169.0
41,3604680,183.0
41,3604740,168.0
41,3604800,166.0
41,3604860,202.0
41,3604920,164.0
41,3604980,161.0
41,3605040,151.0
41,3605100,184.0
41,3605160,178.0
41,3605220,201.0
41,3605280,156.0
41,3605340,176.0
41,3605400,172.0
41,3605460,233.0
41,3605520,209.0
41,3605580,230.0
41,3605640,236.0
41,3605700,163.0
41,3605820,206.0
41,3605880,142.0
41,3605940,158.0
41,3606000,166.0
41,3606060,191.0
41,3606120,148.0
41,3606180,189.0
41,3606240,150.0
41,3606300,148.0
41,3606360,180.0
41,3606420,169.0
41,3606480,153.0
41,3606540,187.0
41,3606600,226.0
41,3606660,205.0
41,3606720,222.0
41,3606780,207.0
41,3606840,183.0
41,3606900,259.0
41,3606960,204.0
41,3607020,211.0
41,3607080,213.0
41,3607140,151.0
41,3607200,201.0
41,3607260,190.0
41,3607320,185.0
41,3607380,252.0
41,3607440,206.0
41,3607500,197.0
41,3607560,192.0
41,3607620,233.0
41,3607680,215.0
41,3607740,208.0
41,3607800,184.0
41,3607860,287.0
41,3607920,243.0
41,3607980,246.0
41,3608040,202.0
41,3608100,142.0
41,3608160,230.0
41,3608220,257.0
41,3608280,205.0
41,3608340,158.0
41,3608400,190.0
41,3608460,204.0
41,3608520,192.0
41,3608580,219.0
41,3608640,186.0
41,3608700,229.0
41,3608760,231.0
41,3608820,229.0
41,3608880,194.0
41,3608940,177.0
41,3609000,155.0
41,3609060,147.0
41,3609120,184.0
41,3609180,154.0
41,3609240,175.0
41,3609300,195.0
41,3609360,216.0
41,3609420,201.0
41,3609480,182.0
41,3609540,165.0
41,3609600,180.0
41,3609660,175.0
41,3609720,171.0
41,3609780,165.0
41,3609840,155.0
41,3609900,195.0
41,3609960,177.0
41,3610020,177.0
41,3610080,197.0
41,3610140,147.0
41,3610200,143.0
41,3610260,185.0
41,3610320,190.0
41,3610380,227.0
41,3610440,198.0
41,3610500,146.0
41,3610560,153.0
41,3610620,177.0
41,3610680,217.0
41,3610740,203.0
41,3610800,161.0
41,3610860,151.0
41,3610920,131.0
41,3610980,139.0
41,3611040,184.0
41,3611100,140.0
41,3611160,162.0
41,3611220,135.0
41,3611280,161.0
41,3611340,177.0
41,3611400,153.0
41,3611460,150.0
41,3611520,196.0
41,3611580,189.0
41,3611640,190.0
41,3611700,152.0
41,3611760,222.0
41,3611820,228.0
41,3611880,213.0
41,3611940,224.0
41,3612000,245.0
41,3612060,250.0
41,3612120,252.0
41,3612180,183.0
41,3612240,219.0
41,3612300,227.0
41,3612360,275.0
41,3612420,274.0
41,3612480,218.0
41,3612540,245.0
41,3612600,220.0
41,3612660,249.0
41,3612720,262.0
41,3612780,246.0
41,3612840,273.0
41,3612900,192.0
41,3612960,156.0
41,3613020,154.0
41,3613080,185.0
41,3613140,159.0
41,3613200,211.0
41,3613260,196.0
41,3613320,203.0
41,3613380,193.0
41,3613440,181.0
41,3613500,204.0
41,3613560,237.0
41,3613620,220.0
41,3613680,186.0
41,3613740,190.0
41,3613800,208.0
41,3613860,180.0
41,3613920,209.0
41,3613980,151.0
41,3614040,192.0
41,3614100,217.0
41,3614160,193.0
41,3614220,201.0
41,3614280,186.0
41,3614340,177.0
41,3614400,214.0
41,3614460,226.0
41,3614520,212.0
41,3614580,258.0
41,3614640,292.0
41,3614700,258.0
41,3614760,260.0
41,3614820,219.0
41,3614880,204.0
41,3614940,272.0
41,3615000,297.0
41,3615060,268.0
41,3615120,247.0
41,3615180,258.0
41,3615240,175.0
41,3615300,176.0
41,3615360,211.0
41,3615420,177.0
41,3615480,198.0
41,3615540,213.0
41,3615600,257.0
41,3615660,228.0
41,3615720,255.0
41,3615780,226.0
41,3615840,197.0
41,3615900,257.0
41,3615960,240.0
41,3616020,188.0
41,3616080,186.0
41,3616140,180.0
41,3616200,207.0
41,3616260,201.0
41,3616320,204.0
41,3616380,245.0
41,3616440,270.0
41,3616500,194.0
41,3616560,229.0
41,3616620,223.0
41,3616680,208.0
41,3616740,251.0
41,3616800,253.0
41,3616860,197.0
41,3616920,235.0
41,3616980,205.0
41,3617040,213.0
41,3617100,210.0
41,3617160,244.0
41,3617220,238.0
41,3617280,261.0
41,3617340,235.0
41,3617400,219.0
41,3617460,192.0
41,3617520,210.0
41,3617580,214.0
41,3617640,228.0
41,3617700,191.0
41,3617760,209.0
41,3617820,169.0
41,3617880,227.0
41,3617940,201.0
41,3618000,147.0
41,3618060,233.0
41,3618120,204.0
41,3618180,223.0
41,3618240,200.0
41,3618300,242.0
41,3618360,284.0
41,3618420,251.0
41,3618480,259.0
41,3618540,261.0
41,3618600,290.0
41,3618660,271.0
41,3618720,268.0
41,3618780,297.0
41,3618840,168.0
41,3618900,228.0
41,3618960,279.0
41,3619020,192.0
41,3619080,165.0
41,3619140,180.0
41,3619200,182.0
41,3619260,152.0
41,3619320,202.0
41,3619380,185.0
41,3619440,178.0
41,3619500,169.0
41,3619560,188.0
41,3619620,208.0
41,3619680,220.0
41,3619740,194.0
41,3619800,231.0
41,3619860,169.0
41,3619920,213.0
41,3619980,246.0
41,3620040,231.0
41,3620100,196.0
41,3620160,222.0
41,3620220,232.0
41,3620280,210.0
41,3620340,250.0
41,3620400,200.0
41,3620460,174.0
41,3620520,155.0
41,3620580,223.0
41,3620640,200.0
41,3620700,182.0
41,3620760,183.0
41,3620820,183.0
41,3620880,185.0
41,3620940,204.0
41,3621000,168.0
41,3621060,155.0
41,3621120,173.0
41,3621180,167.0
41,3621240,159.0
41,3621300,223.0
41,3621360,210.0
41,3621420,172.0
41,3621480,208.0
41,3621540,183.0
41,3621600,230.0
41,3621660,191.0
41,3621720,145.0
41,3621780,180.0
41,3621840,183.0
41,3621900,182.0
41,3621960,235.0
41,3622020,227.0
41,3622080,239.0
41,3622140,202.0
41,3622200,242.0
41,3622260,282.0
41,3622320,245.0
41,3622380,254.0
41,3622440,213.0
41,3622500,229.0
41,3622560,306.0
41,3622620,253.0
41,3622680,212.0
41,3622740,214.0
41,3622800,180.0
41,3622860,198.0
41,3622920,196.0
41,3622980,189.0
41,3623040,185.0
41,3623100,156.0
41,3623160,190.0
41,3623220,223.0
41,3623280,194.0
41,3623340,183.0
41,3623400,202.0
41,3623460,158.0
41,3623520,164.0
41,3623580,216.0
41,3623640,187.0
41,3623700,213.0
41,3623760,180.0
41,3623820,192.0
41,3623880,166.0
41,3623940,198.0
41,3624000,209.0
41,3624060,209.0
41,3624120,167.0
41,3624180,209.0
41,3624240,183.0
41,3624300,210.0
41,3624360,211.0
41,3624420,189.0
41,3624480,190.0
41,3624540,183.0
41,3624600,183.0
41,3624660,172.0
41,3624720,229.0
41,3624780,237.0
41,3624840,191.0
41,3624900,174.0
41,3624960,152.0
41,3625020,209.0
41,3625080,170.0
41,3625140,210.0
41,3625200,195.0
41,3625260,159.0
41,3625320,143.0
41,3625380,162.0
41,3625440,148.0
41,3625500,211.0
41,3625560,164.0
41,3625620,181.0
41,3625680,122.0
41,3625740,135.0
41,3625800,151.0
41,3625860,126.0
41,3625920,170.0
41,3625980,182.0
41,3626040,198.0
41,3626100,217.0
41,3626160,173.0
41,3626220,160.0
41,3626280,164.0
41,3626340,164.0
41,3626400,163.0
41,3626460,190.0
41,3626520,175.0
41,3626580,124.0
41,3626640,166.0
41,3626700,164.0
41,3626760,165.0
41,3626820,126.0
41,3626880,159.0
41,3626940,163.0
41,3627000,153.0
41,3627060,163.0
41,3627120,173.0
41,3627180,207.0
41,3627240,168.0
41,3627300,149.0
41,3627360,177.0
41,3627420,147.0
41,3627480,147.0
41,3627540,141.0
41,3627600,178.0
41,3627660,147.0
41,3627720,141.0
41,3627780,156.0
41,3627840,150.0
41,3627900,173.0
41,3627960,209.0
41,3628020,162.0
41,3628080,150.0
41,3628140,155.0
41,3628200,160.0
41,3628260,154.0
41,3628320,132.0
41,3628380,98.0
41,3628440,142.0
41,3628500,155.0
41,3628560,124.0
41,3628620,142.0
41,3628680,145.0
41,3628740,145.0
42,3628800,178.0
42,3628860,202.0
42,3628920,203.0
42,3628980,132.0
42,3629040,111.0
42,3629100,123.0
42,3629160,147.0
42,3629220,153.0
42,3629280,176.0
42,3629340,184.0
42,3629400,174.0
42,3629460,144.0
42,3629520,145.0
42,3629580,143.0
42,3629640,156.0
42,3629700,148.0
42,3629760,112.0
42,3629820,112.0
42,3629880,103.0
42,3629940,118.0
42,3630000,102.0
42,3630060,77.0
42,3630120,101.0
42,3630180,89.0
42,3630240,82.0
42,3630300,120.0
42,3630360,102.0
42,3630420,131.0
42,3630480,112.0
42,3630540,143.0
42,3630600,129.0
42,3630660,98.0
42,3630720,80.0
42,3630780,89.0
42,3630840,75.0
42,3630900,93.0
42,3630960,82.0
42,3631020,82.0
42,3631080,106.0
42,3631140,94.0
42,3631200,114.0
42,3631260,104.0
42,3631320,97.0
42,3631380,81.0
42,3631440,103.0
42,3631500,91.0
42,3631560,58.0
42,3631620,85.0
42,3631680,118.0
42,3631740,125.0
42,3631800,88.0
42,3631860,94.0
42,3631920,124.0
42,3631980,91.0
42,3632040,91.0
42,3632100,77.0
42,3632160,83.0
42,3632220,82.0
42,3632280,63.0
42,3632340,91.0
42,3632400,81.0
42,3632460,75.0
42,3632520,86.0
42,3632580,93.0
42,3632640,94.0
42,3632700,83.0
42,3632760,99.0
42,3632820,98.0
42,3632880,92.0
42,3632940,64.0
42,3633000,98.0
42,3633060,69.0
42,3633120,111.0
42,3633180,61.0
42,3633240,81.0
42,3633300,97.0
42,3633360,77.0
42,3633420,86.0
42,3633480,86.0
42,3633540,96.0
42,3633600,84.0
42,3633660,74.0
42,3633720,74.0
42,3633780,88.0
42,3633840,50.0
42,3633900,65.0
42,3633960,69.0
42,3634020,70.0
42,3634080,56.0
42,3634140,63.0
42,3634200,44.0
42,3634260,56.0
42,3634320,67.0
42,3634380,49.0
42,3634440,56.0
42,3634500,44.0
42,3634560,59.0
42,3634620,40.0
42,3634680,49.0
42,3634740,45.0
42,3634800,66.0
42,3634860,48.0
42,3634920,90.0
42,3634980,149.0
42,3635040,59.0
42,3635100,54.0
42,3635160,66.0
42,3635220,76.0
42,3635280,66.0
42,3635340,71.0
42,3635400,70.0
42,3635460,44.0
42,3635520,82.0
42,3635580,63.0
42,3635640,71.0
42,3635700,49.0
42,3635760,58.0
42,3635820,43.0
42,3635880,51.0
42,3635940,60.0
42,3636000,59.0
42,3636060,39.0
42,3636120,46.0
42,3636180,49.0
42,3636240,64.0
42,3636300,70.0
42,3636360,57.0
42,3636420,56.0
42,3636480,35.0
42,3636540,41.0
42,3636600,80.0
42,3636660,46.0
42,3636720,42.0
42,3636780,68.0
42,3636840,64.0
42,3636900,55.0
42,3636960,43.0
42,3637020,40.0
42,3637080,47.0
42,3637140,37.0
42,3637200,56.0
42,3637260,48.0
42,3637320,29.0
42,3637380,43.0
42,3637440,42.0
42,3637500,45.0
42,3637560,46.0
42,3637620,39.0
42,3637680,35.0
42,3637740,20.0
42,3637800,42.0
42,3637860,32.0
42,3637920,60.0
42,3637980,30.0
42,3638040,45.0
42,3638100,36.0
42,3638160,28.0
42,3638220,26.0
42,3638280,36.0
42,3638340,44.0
42,3638400,41.0
42,3638460,48.0
42,3638520,32.0
42,3638580,28.0
42,3638640,21.0
42,3638700,21.0
42,3638760,37.0
42,3638820,21.0
42,3638880,26.0
42,3638940,33.0
42,3639000,46.0
42,3639060,51.0
42,3639120,74.0
42,3639180,41.0
42,3639240,42.0
42,3639300,52.0
42,3639360,54.0
42,3639420,38.0
42,3639480,35.0
42,3639540,22.0
42,3639600,35.0
42,3639660,45.0
42,3639720,34.0
42,3639780,16.0
42,3639840,48.0
42,3639900,25.0
42,3639960,37.0
42,3640020,17.0
42,3640080,27.0
42,3640140,25.0
42,3640200,17.0
42,3640260,28.0
42,3640320,42.0
42,3640380,18.0
42,3640440,38.0
42,3640500,42.0
42,3640560,32.0
42,3640620,35.0
42,3640680,29.0
42,3640740,40.0
42,3640800,28.0
42,3640860,19.0
42,3640920,29.0
42,3640980,25.0
42,3641040,19.0
42,3641100,23.0
42,3641160,17.0
42,3641220,23.0
42,3641280,20.0
42,3641340,10.0
42,3641400,14.0
42,3641460,22.0
42,3641520,27.0
42,3641580,30.0
42,3641640,25.0
42,3641700,23.0
42,3641760,30.0
42,3641820,8.0
42,3641880,30.0
42,3641940,16.0
42,3642000,17.0
42,3642060,25.0
42,3642120,37.0
42,3642180,24.0
42,3642240,49.0
42,3642300,28.0
42,3642360,27.0
42,3642420,28.0
42,3642480,15.0
42,3642540,24.0
42,3642600,18.0
42,3642660,30.0
42,3642720,28.0
42,3642780,26.0
42,3642840,18.0
42,3642900,14.0
42,3642960,25.0
42,3643020,21.0
42,3643080,27.0
42,3643140,20.0
42,3643200,22.0
42,3643260,22.0
42,3643320,21.0
42,3643380,18.0
42,3643440,22.0
42,3643500,36.0
42,3643560,22.0
42,3643620,16.0
42,3643680,29.0
42,3643740,26.0
42,3643800,13.0
42,3643860,14.0
42,3643920,14.0
42,3643980,16.0
42,3644040,24.0
42,3644100,25.0
42,3644160,10.0
42,3644220,18.0
42,3644280,17.0
42,3644340,16.0
42,3644400,18.0
42,3644460,7.0
42,3644520,21.0
42,3644580,8.0
42,3644640,9.0
42,3644700,7.0
42,3644760,18.0
42,3644820,9.0
42,3644880,26.0
42,3644940,17.0
42,3645000,4.0
42,3645060,15.0
42,3645120,16.0
42,3645180,7.0
42,3645240,22.0
42,3645300,15.0
42,3645360,17.0
42,3645420,18.0
42,3645480,7.0
42,3645540,16.0
42,3645600,13.0
42,3645660,12.0
42,3645720,8.0
42,3645780,10.0
42,3645840,3.0
42,3645900,12.0
42,3645960,8.0
42,3646020,14.0
42,3646080,14.0
42,3646140,17.0
42,3646200,20.0
42,3646260,18.0
42,3646320,26.0
42,3646380,12.0
42,3646440,8.0
42,3646500,6.0
42,3646560,9.0
42,3646620,15.0
42,3646680,15.0
42,3646740,12.0
42,3646800,6.0
42,3646860,6.0
42,3646920,10.0
42,3646980,13.0
42,3647040,24.0
42,3647100,22.0
42,3647160,23.0
42,3647220,9.0
42,3647280,14.0
42,3647340,16.0
42,3647400,10.0
42,3647460,5.0
42,3647520,14.0
42,3647580,35.0
42,3647640,32.0
42,3647700,20.0
42,3647760,9.0
42,3647820,12.0
42,3647880,4.0
42,3647940,16.0
42,3648000,14.0
42,3648060,13.0
42,3648120,6.0
42,3648180,4.0
42,3648240,9.0
42,3648300,7.0
42,3648360,12.0
42,3648420,18.0
42,3648480,12.0
42,3648540,3.0
42,3648600,7.0
42,3648660,21.0
42,3648720,28.0
42,3648780,9.0
42,3648840,14.0
42,3648900,6.0
42,3648960,10.0
42,3649020,9.0
42,3649080,8.0
42,3649140,7.0
42,3649200,7.0
42,3649260,14.0
42,3649320,14.0
42,3649380,6.0
42,3649440,1.0
42,3649500,17.0
42,3649560,7.0
42,3649620,3.0
42,3649680,7.0
42,3649740,14.0
42,3649800,12.0
42,3649860,13.0
42,3649920,9.0
42,3649980,7.0
42,3650040,12.0
42,3650100,3.0
42,3650160,10.0
42,3650220,7.0
42,3650280,23.0
42,3650340,2.0
42,3650400,16.0
42,3650460,3.0
42,3650520,10.0
42,3650580,9.0
42,3650640,8.0
42,3650700,33.0
42,3650760,25.0
42,3650820,9.0
42,3650880,12.0
42,3650940,12.0
42,3651000,6.0
42,3651060,12.0
42,3651120,12.0
42,3651180,8.0
42,3651240,10.0
42,3651300,8.0
42,3651360,8.0
42,3651420,7.0
42,3651480,6.0
42,3651540,13.0
42,3651600,17.0
42,3651660,7.0
42,3651720,3.0
42,3651780,6.0
42,3651840,19.0
42,3651900,23.0
42,3651960,12.0
42,3652020,16.0
42,3652080,9.0
42,3652140,20.0
42,3652200,9.0
42,3652260,4.0
42,3652320,6.0
42,3652380,12.0
42,3652440,12.0
42,3652500,5.0
42,3652560,23.0
42,3652620,9.0
42,3652680,13.0
42,3652740,12.0
42,3652800,14.0
42,3652860,4.0
42,3652920,9.0
42,3652980,3.0
42,3653040,57.0
42,3653100,55.0
42,3653160,66.0
42,3653220,52.0
42,3653280,56.0
42,3653340,54.0
42,3653400,12.0
42,3653460,12.0
42,3653520,54.0
42,3653580,69.0
42,3653640,58.0
42,3653700,57.0
42,3653760,51.0
42,3653820,30.0
42,3653880,22.0
42,3653940,9.0
42,3654000,8.0
42,3654060,61.0
42,3654120,60.0
42,3654180,64.0
42,3654240,70.0
42,3654300,65.0
42,3654360,61.0
42,3654420,55.0
42,3654480,62.0
42,3654540,61.0
42,3654600,47.0
42,3654660,20.0
42,3654720,58.0
42,3654780,65.0
42,3654840,18.0
42,3654900,26.0
42,3654960,37.0
42,3655020,22.0
42,3655080,16.0
42,3655140,27.0
42,3655200,19.0
42,3655260,21.0
42,3655320,19.0
42,3655380,25.0
42,3655440,18.0
42,3655500,21.0
42,3655560,24.0
42,3655620,16.0
42,3655680,21.0
42,3655740,30.0
42,3655800,17.0
42,3655860,22.0
42,3655920,22.0
42,3655980,19.0
42,3656040,26.0
42,3656100,30.0
42,3656160,24.0
42,3656220,28.0
42,3656280,28.0
42,3656340,9.0
42,3656400,32.0
42,3656460,36.0
42,3656520,16.0
42,3656580,19.0
42,3656640,24.0
42,3656700,32.0
42,3656760,42.0
42,3656820,54.0
42,3656880,50.0
42,3656940,44.0
42,3657000,39.0
42,3657060,35.0
42,3657120,30.0
42,3657180,24.0
42,3657240,39.0
42,3657300,32.0
42,3657360,28.0
42,3657420,44.0
42,3657480,40.0
42,3657540,29.0
42,3657600,33.0
42,3657660,20.0
42,3657720,72.0
42,3657780,69.0
42,3657840,96.0
42,3657900,120.0
42,3657960,111.0
42,3658020,104.0
42,3658080,106.0
42,3658140,79.0
42,3658200,81.0
42,3658260,116.0
42,3658320,84.0
42,3658380,54.0
42,3658440,61.0
42,3658500,77.0
42,3658560,58.0
42,3658620,55.0
42,3658680,52.0
42,3658740,76.0
42,3658800,66.0
42,3658860,51.0
42,3658920,34.0
42,3658980,54.0
42,3659040,88.0
42,3659100,35.0
42,3659160,51.0
42,3659220,51.0
42,3659280,51.0
42,3659340,86.0
42,3659400,46.0
42,3659460,39.0
42,3659520,82.0
42,3659580,76.0
42,3659640,76.0
42,3659700,98.0
42,3659760,92.0
42,3659820,58.0
42,3659880,51.0
42,3659940,67.0
42,3660000,90.0
42,3660060,67.0
42,3660120,65.0
42,3660180,75.0
42,3660240,68.0
42,3660300,104.0
42,3660360,84.0
42,3660420,85.0
42,3660480,103.0
42,3660540,105.0
42,3660600,75.0
42,3660660,99.0
42,3660720,71.0
42,3660780,79.0
42,3660840,107.0
42,3660900,78.0
42,3660960,98.0
42,3661020,96.0
42,3661080,130.0
42,3661140,151.0
42,3661200,75.0
42,3661260,148.0
42,3661320,152.0
42,3661380,177.0
42,3661440,165.0
42,3661500,134.0
42,3661560,128.0
42,3661620,144.0
42,3661680,78.0
42,3661740,147.0
42,3661800,156.0
42,3661860,108.0
42,3661920,129.0
42,3661980,170.0
42,3662040,144.0
42,3662100,132.0
42,3662160,122.0
42,3662220,141.0
42,3662280,87.0
42,3662340,108.0
42,3662400,136.0
42,3662460,151.0
42,3662520,127.0
42,3662580,110.0
42,3662640,93.0
42,3662700,126.0
42,3662760,111.0
42,3662820,138.0
42,3662880,143.0
42,3662940,114.0
42,3663000,112.0
42,3663060,91.0
42,3663120,93.0
42,3663180,140.0
42,3663240,147.0
42,3663300,141.0
42,3663360,172.0
42,3663420,162.0
42,3663480,163.0
42,3663540,148.0
42,3663600,204.0
42,3663660,180.0
42,3663720,148.0
42,3663780,193.0
42,3663840,190.0
42,3663900,123.0
42,3663960,143.0
42,3664020,135.0
42,3664080,120.0
42,3664140,133.0
42,3664200,105.0
42,3664260,166.0
42,3664320,177.0
42,3664380,161.0
42,3664440,119.0
42,3664500,96.0
42,3664560,113.0
42,3664620,111.0
42,3664680,128.0
42,3664740,167.0
42,3664800,129.0
42,3664860,150.0
42,3664920,165.0
42,3664980,136.0
42,3665040,135.0
42,3665100,135.0
42,3665160,160.0
42,3665220,190.0
42,3665280,208.0
42,3665340,187.0
42,3665400,222.0
42,3665460,187.0
42,3665520,172.0
42,3665580,143.0
42,3665640,131.0
42,3665700,136.0
42,3665760,142.0
42,3665820,194.0
42,3665880,150.0
42,3665940,122.0
42,3666000,197.0
42,3666060,211.0
42,3666120,145.0
42,3666180,154.0
42,3666240,195.0
42,3666300,204.0
42,3666360,148.0
42,3666420,173.0
42,3666480,234.0
42,3666540,244.0
42,3666600,203.0
42,3666660,146.0
42,3666720,136.0
42,3666780,138.0
42,3666840,204.0
42,3666900,202.0
42,3666960,189.0
42,3667020,138.0
42,3667080,222.0
42,3667140,225.0
42,3667200,183.0
42,3667260,196.0
42,3667320,125.0
42,3667380,171.0
42,3667440,161.0
42,3667500,172.0
42,3667560,173.0
42,3667620,174.0
42,3667680,129.0
42,3667740,149.0
42,3667800,192.0
42,3667860,153.0
42,3667920,130.0
42,3667980,153.0
42,3668040,177.0
42,3668100,184.0
42,3668160,158.0
42,3668220,190.0
42,3668280,173.0
42,3668340,170.0
42,3668400,164.0
42,3668460,149.0
42,3668520,198.0
42,3668580,256.0
42,3668640,212.0
42,3668700,212.0
42,3668760,198.0
42,3668820,163.0
42,3668880,233.0
42,3668940,245.0
42,3669000,173.0
42,3669060,156.0
42,3669120,202.0
42,3669180,244.0
42,3669240,213.0
42,3669300,233.0
42,3669360,236.0
42,3669420,200.0
42,3669480,208.0
42,3669540,233.0
42,3669600,308.0
42,3669660,266.0
42,3669780,206.0
42,3669840,216.0
42,3669900,202.0
42,3669960,270.0
42,3670020,260.0
42,3670080,209.0
42,3670140,158.0
42,3670200,192.0
42,3670260,227.0
42,3670320,212.0
42,3670380,154.0
42,3670440,192.0
42,3670500,168.0
42,3670560,186.0
42,3670620,249.0
42,3670680,270.0
42,3670740,213.0
42,3670800,234.0
42,3670860,234.0
42,3670920,219.0
42,3670980,240.0
42,3671040,203.0
42,3671100,216.0
42,3671160,206.0
42,3671220,171.0
42,3671280,186.0
42,3671340,204.0
42,3671400,193.0
42,3671460,261.0
42,3671520,256.0
42,3671580,181.0
42,3671640,183.0
42,3671700,213.0
42,3671760,186.0
42,3671820,237.0
42,3671880,194.0
42,3671940,173.0
42,3672000,184.0
42,3672060,216.0
42,3672120,245.0
42,3672180,266.0
42,3672240,288.0
42,3672300,239.0
42,3672360,239.0
42,3672420,284.0
42,3672480,216.0
42,3672540,277.0
42,3672600,267.0
42,3672660,296.0
42,3672720,239.0
42,3672780,193.0
42,3672840,206.0
42,3672900,245.0
42,3672960,275.0
42,3673020,228.0
42,3673080,207.0
42,3673140,167.0
42,3673200,250.0
42,3673260,224.0
42,3673320,159.0
42,3673380,209.0
42,3673440,161.0
42,3673500,150.0
42,3673560,172.0
42,3673620,164.0
42,3673680,238.0
42,3673740,165.0
42,3673800,181.0
42,3673860,190.0
42,3673920,153.0
42,3673980,144.0
42,3674040,151.0
42,3674100,141.0
42,3674160,190.0
42,3674220,183.0
42,3674280,177.0
42,3674340,159.0
42,3674400,189.0
42,3674460,158.0
42,3674520,175.0
42,3674580,155.0
42,3674640,160.0
42,3674700,195.0
42,3674760,181.0
42,3674820,204.0
42,3674880,231.0
42,3674940,159.0
42,3675000,222.0
42,3675060,206.0
42,3675120,187.0
42,3675180,159.0
42,3675240,180.0
42,3675300,165.0
42,3675360,205.0
42,3675420,186.0
42,3675480,192.0
42,3675540,194.0
42,3675600,192.0
42,3675660,177.0
42,3675720,202.0
42,3675780,169.0
42,3675840,211.0
42,3675900,194.0
42,3675960,165.0
42,3676020,232.0
42,3676080,234.0
42,3676140,216.0
42,3676200,235.0
42,3676260,190.0
42,3676320,244.0
42,3676380,268.0
42,3676440,236.0
42,3676500,222.0
42,3676560,187.0
42,3676620,260.0
42,3676680,220.0
42,3676740,238.0
42,3676800,181.0
42,3676860,158.0
42,3676920,201.0
42,3676980,177.0
42,3677040,140.0
42,3677100,165.0
42,3677160,202.0
42,3677220,163.0
42,3677280,181.0
42,3677340,202.0
42,3677400,160.0
42,3677460,163.0
42,3677520,198.0
42,3677580,162.0
42,3677640,167.0
42,3677700,151.0
42,3677760,176.0
42,3677820,183.0
42,3677880,172.0
42,3677940,210.0
42,3678000,181.0
42,3678060,205.0
42,3678120,173.0
42,3678180,151.0
42,3678240,150.0
42,3678300,230.0
42,3678360,200.0
42,3678420,226.0
42,3678480,174.0
42,3678540,203.0
42,3678600,170.0
42,3678660,204.0
42,3678720,149.0
42,3678780,164.0
42,3678840,182.0
42,3678900,186.0
42,3678960,158.0
42,3679020,215.0
42,3679080,239.0
42,3679140,201.0
42,3679200,217.0
42,3679260,279.0
42,3679320,231.0
42,3679380,240.0
42,3679440,242.0
42,3679500,217.0
42,3679560,191.0
42,3679620,210.0
42,3679680,213.0
42,3679740,219.0
42,3679800,254.0
42,3679860,268.0
42,3679920,222.0
42,3679980,210.0
42,3680040,178.0
42,3680100,209.0
42,3680160,219.0
42,3680220,239.0
42,3680280,204.0
42,3680340,228.0
42,3680400,220.0
42,3680460,194.0
42,3680520,218.0
42,3680580,195.0
42,3680640,224.0
42,3680700,188.0
42,3680760,180.0
42,3680820,175.0
42,3680880,172.0
42,3680940,171.0
42,3681000,180.0
42,3681060,191.0
42,3681120,174.0
42,3681180,228.0
42,3681240,204.0
42,3681300,202.0
42,3681360,189.0
42,3681420,205.0
42,3681480,189.0
42,3681540,145.0
42,3681600,175.0
42,3681660,201.0
42,3681720,240.0
42,3681780,209.0
42,3681840,188.0
42,3681900,190.0
42,3681960,260.0
42,3682020,213.0
42,3682080,213.0
42,3682140,255.0
42,3682200,181.0
42,3682260,232.0
42,3682320,228.0
42,3682380,231.0
42,3682440,217.0
42,3682500,193.0
42,3682560,249.0
42,3682620,228.0
42,3682680,186.0
42,3682740,224.0
42,3682800,203.0
42,3682860,250.0
42,3682920,202.0
42,3682980,194.0
42,3683040,202.0
42,3683100,210.0
42,3683160,215.0
42,3683220,212.0
42,3683280,178.0
42,3683340,236.0
42,3683400,277.0
42,3683460,233.0
42,3683520,243.0
42,3683580,197.0
42,3683640,184.0
42,3683700,237.0
42,3683760,251.0
42,3683820,209.0
42,3683880,235.0
42,3683940,253.0
42,3684000,258.0
42,3684060,282.0
42,3684120,254.0
42,3684180,251.0
42,3684240,254.0
42,3684300,229.0
42,3684360,244.0
42,3684420,231.0
42,3684480,202.0
42,3684540,218.0
42,3684600,196.0
42,3684660,198.0
42,3684720,220.0
42,3684780,220.0
42,3684840,211.0
42,3684900,220.0
42,3684960,245.0
42,3685020,226.0
42,3685080,190.0
42,3685140,214.0
42,3685200,262.0
42,3685260,176.0
42,3685320,207.0
42,3685380,218.0
42,3685440,228.0
42,3685500,243.0
42,3685560,195.0
42,3685620,202.0
42,3685680,183.0
42,3685740,224.0
42,3685800,197.0
42,3685860,191.0
42,3685920,261.0
42,3685980,211.0
42,3686040,152.0
42,3686100,188.0
42,3686160,219.0
42,3686220,244.0
42,3686280,215.0
42,3686340,181.0
42,3686400,223.0
42,3686460,206.0
42,3686520,167.0
42,3686580,209.0
42,3686640,239.0
42,3686700,197.0
42,3686760,178.0
42,3686820,239.0
42,3686880,208.0
42,3686940,216.0
42,3687000,237.0
42,3687060,229.0
42,3687120,297.0
42,3687180,244.0
42,3687240,214.0
42,3687300,256.0
42,3687360,183.0
42,3687420,230.0
42,3687480,257.0
42,3687540,232.0
42,3687600,205.0
42,3687660,261.0
42,3687720,209.0
42,3687780,211.0
42,3687840,207.0
42,3687900,172.0
42,3687960,257.0
42,3688020,204.0
42,3688080,201.0
42,3688140,193.0
42,3688200,184.0
42,3688260,193.0
42,3688320,246.0
42,3688380,218.0
42,3688440,272.0
42,3688500,304.0
42,3688560,275.0
42,3688620,226.0
42,3688680,209.0
42,3688740,259.0
42,3688800,258.0
42,3688860,265.0
42,3688920,233.0
42,3688980,234.0
42,3689040,271.0
42,3689100,223.0
42,3689160,220.0
42,3689220,247.0
42,3689280,240.0
42,3689340,262.0
42,3689400,185.0
42,3689460,206.0
42,3689520,206.0
42,3689580,203.0
42,3689640,238.0
42,3689700,248.0
42,3689760,169.0
42,3689820,210.0
42,3689880,213.0
42,3689940,208.0
42,3690000,222.0
42,3690060,181.0
42,3690120,205.0
42,3690180,226.0
42,3690240,294.0
42,3690300,258.0
42,3690360,228.0
42,3690420,273.0
42,3690480,261.0
42,3690540,254.0
42,3690600,273.0
42,3690660,260.0
42,3690720,253.0
42,3690780,236.0
42,3690840,215.0
42,3691020,213.0
42,3691080,229.0
42,3691140,242.0
42,3691200,212.0
42,3691260,210.0
42,3691320,295.0
42,3691380,220.0
42,3691440,159.0
42,3691500,211.0
42,3691560,227.0
42,3691620,219.0
42,3691680,211.0
42,3691740,188.0
42,3691800,189.0
42,3691860,216.0
42,3691920,188.0
42,3691980,163.0
42,3692040,176.0
42,3692100,165.0
42,3692160,187.0
42,3692220,180.0
42,3692280,231.0
42,3692340,191.0
42,3692400,171.0
42,3692460,218.0
42,3692520,228.0
42,3692580,213.0
42,3692640,207.0
42,3692700,188.0
42,3692760,147.0
42,3692820,141.0
42,3692880,168.0
42,3692940,188.0
42,3693000,174.0
42,3693060,164.0
42,3693120,171.0
42,3693180,224.0
42,3693240,193.0
42,3693300,186.0
42,3693360,195.0
42,3693420,153.0
42,3693480,156.0
42,3693540,171.0
42,3693600,195.0
42,3693660,163.0
42,3693720,185.0
42,3693780,182.0
42,3693840,202.0
42,3693900,204.0
42,3693960,193.0
42,3694020,174.0
42,3694080,194.0
42,3694140,162.0
42,3694200,237.0
42,3694260,254.0
42,3694320,164.0
42,3694380,203.0
42,3694440,184.0
42,3694500,188.0
42,3694560,269.0
42,3694620,240.0
42,3694680,223.0
42,3694740,227.0
42,3694800,228.0
42,3694860,247.0
42,3694920,214.0
42,3694980,202.0
42,3695040,216.0
42,3695100,172.0
42,3695160,213.0
42,3695220,193.0
42,3695280,153.0
42,3695340,190.0
42,3695400,180.0
42,3695460,134.0
42,3695520,198.0
42,3695580,183.0
42,3695640,176.0
42,3695700,190.0
42,3695760,147.0
42,3695820,181.0
42,3695880,220.0
42,3695940,177.0
42,3696000,172.0
42,3696060,148.0
42,3696120,202.0
42,3696180,205.0
42,3696240,194.0
42,3696300,226.0
42,3696360,207.0
42,3696420,182.0
42,3696480,208.0
42,3696540,217.0
42,3696600,161.0
42,3696660,198.0
42,3696720,200.0
42,3696780,183.0
42,3696840,190.0
42,3696900,167.0
42,3696960,183.0
42,3697020,190.0
42,3697080,198.0
42,3697140,172.0
42,3697200,196.0
42,3697260,166.0
42,3697320,177.0
42,3697380,162.0
42,3697440,202.0
42,3697500,195.0
42,3697560,217.0
42,3697620,158.0
42,3697680,260.0
42,3697740,197.0
42,3697800,149.0
42,3697860,180.0
42,3697920,182.0
42,3697980,239.0
42,3698040,201.0
42,3698100,190.0
42,3698160,213.0
42,3698220,169.0
42,3698280,200.0
42,3698340,192.0
42,3698400,189.0
42,3698460,133.0
42,3698520,155.0
42,3698580,168.0
42,3698640,189.0
42,3698700,160.0
42,3698760,197.0
42,3698820,160.0
42,3698880,153.0
42,3698940,178.0
42,3699000,138.0
42,3699060,186.0
42,3699120,171.0
42,3699180,209.0
42,3699240,169.0
42,3699300,180.0
42,3699360,206.0
42,3699420,250.0
42,3699480,239.0
42,3699540,225.0
42,3699600,234.0
42,3699660,204.0
42,3699720,175.0
42,3699780,172.0
42,3699840,159.0
42,3699900,225.0
42,3699960,190.0
42,3700020,226.0
42,3700080,249.0
42,3700140,280.0
42,3700200,233.0
42,3700260,214.0
42,3700320,237.0
42,3700380,248.0
42,3700440,202.0
42,3700500,207.0
42,3700560,216.0
42,3700620,201.0
42,3700680,229.0
42,3700740,190.0
42,3700800,270.0
42,3700860,253.0
42,3700920,253.0
42,3700980,276.0
42,3701040,219.0
42,3701100,252.0
42,3701160,256.0
42,3701220,271.0
42,3701280,256.0
42,3701340,225.0
42,3701400,213.0
42,3701460,147.0
42,3701520,160.0
42,3701580,167.0
42,3701640,205.0
42,3701700,189.0
42,3701760,226.0
42,3701820,210.0
42,3701880,169.0
42,3701940,171.0
42,3702000,198.0
42,3702060,213.0
42,3702120,161.0
42,3702180,177.0
42,3702240,218.0
42,3702300,196.0
42,3702360,187.0
42,3702420,175.0
42,3702480,226.0
42,3702540,163.0
42,3702600,153.0
42,3702660,175.0
42,3702720,225.0
42,3702780,144.0
42,3702840,202.0
42,3702900,211.0
42,3702960,208.0
42,3703020,188.0
42,3703080,176.0
42,3703140,167.0
42,3703200,182.0
42,3703260,259.0
42,3703320,198.0
42,3703380,200.0
42,3703440,188.0
42,3703500,216.0
42,3703560,175.0
42,3703620,170.0
42,3703680,184.0
42,3703740,249.0
42,3703800,190.0
42,3703860,209.0
42,3703920,185.0
42,3703980,232.0
42,3704040,253.0
42,3704100,207.0
42,3704160,184.0
42,3704220,184.0
42,3704280,183.0
42,3704340,178.0
42,3704400,238.0
42,3704460,213.0
42,3704520,234.0
42,3704580,255.0
42,3704640,244.0
42,3704700,280.0
42,3704760,290.0
42,3704820,252.0
42,3704880,297.0
42,3704940,240.0
42,3705000,167.0
42,3705060,162.0
42,3705120,173.0
42,3705180,231.0
42,3705240,228.0
42,3705300,159.0
42,3705360,175.0
42,3705420,192.0
42,3705480,203.0
42,3705540,205.0
42,3705600,190.0
42,3705660,172.0
42,3705720,194.0
42,3705780,232.0
42,3705840,284.0
42,3705900,185.0
42,3705960,213.0
42,3706020,165.0
42,3706080,166.0
42,3706140,184.0
42,3706200,191.0
42,3706260,251.0
42,3706320,244.0
42,3706380,196.0
42,3706440,209.0
42,3706500,225.0
42,3706560,223.0
42,3706620,220.0
42,3706680,206.0
42,3706740,175.0
42,3706800,174.0
42,3706860,172.0
42,3706920,205.0
42,3706980,161.0
42,3707040,189.0
42,3707100,203.0
42,3707160,185.0
42,3707220,172.0
42,3707280,198.0
42,3707340,178.0
42,3707400,201.0
42,3707460,212.0
42,3707520,175.0
42,3707580,143.0
42,3707640,169.0
42,3707700,215.0
42,3707760,212.0
42,3707820,202.0
42,3707880,189.0
42,3707940,270.0
42,3708000,198.0
42,3708060,240.0
42,3708120,258.0
42,3708180,281.0
42,3708240,253.0
42,3708300,267.0
42,3708360,265.0
42,3708420,246.0
42,3708480,330.0
42,3708540,207.0
42,3708600,201.0
42,3708660,268.0
42,3708720,259.0
42,3708780,233.0
42,3708840,182.0
42,3708900,177.0
42,3708960,159.0
42,3709020,160.0
42,3709080,204.0
42,3709140,201.0
42,3709200,183.0
42,3709260,175.0
42,3709320,213.0
42,3709380,159.0
42,3709440,177.0
42,3709500,226.0
42,3709560,150.0
42,3709620,144.0
42,3709680,186.0
42,3709740,198.0
42,3709800,168.0
42,3709860,148.0
42,3709920,136.0
42,3709980,151.0
42,3710040,202.0
42,3710100,165.0
42,3710160,211.0
42,3710220,189.0
42,3710280,168.0
42,3710340,203.0
42,3710400,154.0
42,3710460,208.0
42,3710520,222.0
42,3710580,208.0
42,3710640,150.0
42,3710700,189.0
42,3710760,170.0
42,3710820,151.0
42,3710880,180.0
42,3710940,231.0
42,3711000,161.0
42,3711060,149.0
42,3711120,156.0
42,3711180,158.0
42,3711240,147.0
42,3711300,165.0
42,3711360,209.0
42,3711420,186.0
42,3711480,204.0
42,3711540,169.0
42,3711600,176.0
42,3711660,164.0
42,3711720,183.0
42,3711780,183.0
42,3711840,183.0
42,3711900,195.0
42,3711960,227.0
42,3712020,224.0
42,3712080,230.0
42,3712140,195.0
42,3712200,168.0
42,3712260,201.0
42,3712320,223.0
42,3712380,201.0
42,3712440,190.0
42,3712500,153.0
42,3712560,149.0
42,3712620,189.0
42,3712680,172.0
42,3712740,195.0
42,3712800,133.0
42,3712860,140.0
42,3712920,176.0
42,3712980,206.0
42,3713040,126.0
42,3713100,152.0
42,3713160,202.0
42,3713220,144.0
42,3713280,217.0
42,3713340,142.0
42,3713400,148.0
42,3713460,134.0
42,3713520,135.0
42,3713580,116.0
42,3713640,142.0
42,3713700,143.0
42,3713760,158.0
42,3713820,123.0
42,3713880,176.0
42,3713940,156.0
42,3714000,123.0
42,3714060,201.0
42,3714120,187.0
42,3714180,173.0
42,3714240,171.0
42,3714300,134.0
42,3714360,159.0
42,3714420,160.0
42,3714480,138.0
42,3714540,153.0
42,3714600,163.0
42,3714660,164.0
42,3714720,178.0
42,3714780,145.0
42,3714840,201.0
42,3714900,161.0
42,3714960,135.0
42,3715020,97.0
42,3715080,107.0
42,3715140,114.0
43,3715200,122.0
43,3715260,138.0
43,3715320,114.0
43,3715380,111.0
43,3715440,105.0
43,3715500,139.0
43,3715560,111.0
43,3715620,116.0
43,3715680,153.0
43,3715740,131.0
43,3715800,110.0
43,3715860,111.0
43,3715920,114.0
43,3715980,112.0
43,3716040,103.0
43,3716100,108.0
43,3716160,113.0
43,3716220,140.0
43,3716280,139.0
43,3716340,180.0
43,3716400,149.0
43,3716580,136.0
43,3716640,151.0
43,3716700,149.0
43,3716760,117.0
43,3716820,152.0
43,3716880,132.0
43,3716940,100.0
43,3717000,103.0
43,3717060,76.0
43,3717120,135.0
43,3717180,122.0
43,3717240,128.0
43,3717300,165.0
43,3717360,121.0
43,3717420,127.0
43,3717480,91.0
43,3717540,86.0
43,3717600,84.0
43,3717660,133.0
43,3717720,116.0
43,3717780,78.0
43,3717840,126.0
43,3717900,96.0
43,3717960,98.0
43,3718020,76.0
43,3718080,74.0
43,3718140,102.0
43,3718200,66.0
43,3718260,80.0
43,3718320,79.0
43,3718380,76.0
43,3718440,91.0
43,3718500,104.0
43,3718560,103.0
43,3718620,91.0
43,3718680,104.0
43,3718740,80.0
43,3718800,84.0
43,3718860,83.0
43,3718920,77.0
43,3718980,108.0
43,3719040,74.0
43,3719100,67.0
43,3719160,99.0
43,3719220,64.0
43,3719280,65.0
43,3719340,76.0
43,3719400,52.0
43,3719460,63.0
43,3719520,89.0
43,3719580,80.0
43,3719640,83.0
43,3719700,63.0
43,3719760,66.0
43,3719820,63.0
43,3719880,45.0
43,3719940,74.0
43,3720000,51.0
43,3720060,51.0
43,3720120,58.0
43,3720180,54.0
43,3720240,52.0
43,3720300,55.0
43,3720360,72.0
43,3720420,62.0
43,3720480,72.0
43,3720540,79.0
43,3720600,63.0
43,3720660,74.0
43,3720720,79.0
43,3720780,70.0
43,3720840,90.0
43,3720900,62.0
43,3720960,50.0
43,3721020,58.0
43,3721080,38.0
43,3721140,69.0
43,3721200,55.0
43,3721260,37.0
43,3721320,71.0
43,3721380,78.0
43,3721440,72.0
43,3721500,75.0
43,3721560,54.0
43,3721620,60.0
43,3721680,77.0
43,3721740,84.0
43,3721800,60.0
43,3721860,79.0
43,3721920,42.0
43,3721980,72.0
43,3722040,91.0
43,3722100,81.0
43,3722160,76.0
43,3722220,72.0
43,3722280,72.0
43,3722340,50.0
43,3722400,50.0
43,3722460,63.0
43,3722520,75.0
43,3722580,79.0
43,3722640,63.0
43,3722700,69.0
43,3722760,90.0
43,3722820,49.0
43,3722880,70.0
43,3722940,75.0
43,3723000,59.0
43,3723060,76.0
43,3723120,46.0
43,3723180,66.0
43,3723240,77.0
43,3723300,63.0
43,3723360,28.0
43,3723420,49.0
43,3723480,45.0
43,3723540,54.0
43,3723600,76.0
43,3723660,79.0
43,3723720,84.0
43,3723780,84.0
43,3723840,65.0
43,3723900,80.0
43,3723960,50.0
43,3724020,77.0
43,3724080,29.0
43,3724140,41.0
43,3724200,49.0
43,3724260,42.0
43,3724320,60.0
43,3724380,38.0
43,3724440,46.0
43,3724500,27.0
43,3724560,27.0
43,3724620,44.0
43,3724680,30.0
43,3724740,49.0
43,3724800,30.0
43,3724860,33.0
43,3724920,30.0
43,3724980,42.0
43,3725040,56.0
43,3725100,48.0
43,3725160,28.0
43,3725220,34.0
43,3725280,18.0
43,3725340,48.0
43,3725400,27.0
43,3725460,50.0
43,3725520,39.0
43,3725580,30.0
43,3725640,48.0
43,3725700,44.0
43,3725760,40.0
43,3725820,25.0
43,3725880,24.0
43,3725940,21.0
43,3726000,25.0
43,3726060,34.0
43,3726120,25.0
43,3726180,24.0
43,3726240,19.0
43,3726300,27.0
43,3726360,37.0
43,3726420,35.0
43,3726480,60.0
43,3726540,61.0
43,3726600,41.0
43,3726660,19.0
43,3726720,29.0
43,3726780,32.0
43,3726840,16.0
43,3726900,24.0
43,3726960,27.0
43,3727020,45.0
43,3727080,59.0
43,3727140,62.0
43,3727200,74.0
43,3727260,42.0
43,3727320,25.0
43,3727380,28.0
43,3727440,26.0
43,3727500,20.0
43,3727560,18.0
43,3727620,23.0
43,3727680,21.0
43,3727740,13.0
43,3727800,26.0
43,3727860,25.0
43,3727920,33.0
43,3727980,30.0
43,3728040,55.0
43,3728100,27.0
43,3728160,22.0
43,3728220,16.0
43,3728280,22.0
43,3728340,28.0
43,3728400,28.0
43,3728460,40.0
43,3728520,47.0
43,3728580,38.0
43,3728640,32.0
43,3728700,20.0
43,3728760,40.0
43,3728820,23.0
43,3728880,23.0
43,3728940,27.0
43,3729000,17.0
43,3729060,13.0
43,3729120,41.0
43,3729180,25.0
43,3729240,27.0
43,3729300,24.0
43,3729360,27.0
43,3729420,28.0
43,3729480,39.0
43,3729540,21.0
43,3729600,14.0
43,3729660,6.0
43,3729720,32.0
43,3729780,17.0
43,3729840,14.0
43,3729900,19.0
43,3729960,21.0
43,3730020,12.0
43,3730080,20.0
43,3730140,21.0
43,3730200,13.0
43,3730260,16.0
43,3730320,8.0
43,3730380,9.0
43,3730440,13.0
43,3730500,12.0
43,3730560,16.0
43,3730620,10.0
43,3730680,17.0
43,3730740,20.0
43,3730800,21.0
43,3730860,12.0
43,3730920,13.0
43,3730980,23.0
43,3731040,23.0
43,3731100,15.0
43,3731160,24.0
43,3731220,7.0
43,3731280,9.0
43,3731340,10.0
43,3731400,16.0
43,3731460,25.0
43,3731520,16.0
43,3731580,25.0
43,3731640,62.0
43,3731700,28.0
43,3731760,34.0
43,3731820,19.0
43,3731880,16.0
43,3731940,13.0
43,3732000,16.0
43,3732060,5.0
43,3732120,9.0
43,3732180,12.0
43,3732240,18.0
43,3732300,12.0
43,3732360,9.0
43,3732420,6.0
43,3732480,9.0
43,3732540,22.0
43,3732600,24.0
43,3732660,21.0
43,3732720,27.0
43,3732780,12.0
43,3732840,9.0
43,3732900,21.0
43,3732960,35.0
43,3733020,23.0
43,3733080,17.0
43,3733140,6.0
43,3733200,27.0
43,3733260,27.0
43,3733320,15.0
43,3733380,22.0
43,3733440,23.0
43,3733500,21.0
43,3733560,27.0
43,3733620,22.0
43,3733680,15.0
43,3733740,14.0
43,3733800,15.0
43,3733860,18.0
43,3733920,14.0
43,3733980,7.0
43,3734040,6.0
43,3734100,4.0
43,3734160,20.0
43,3734220,16.0
43,3734280,8.0
43,3734340,10.0
43,3734400,4.0
43,3734460,7.0
43,3734520,6.0
43,3734580,7.0
43,3734640,12.0
43,3734700,18.0
43,3734760,18.0
43,3734820,10.0
43,3734880,10.0
43,3734940,15.0
43,3735000,8.0
43,3735060,7.0
43,3735120,10.0
43,3735180,3.0
43,3735240,15.0
43,3735300,15.0
43,3735360,14.0
43,3735420,8.0
43,3735480,10.0
43,3735540,8.0
43,3735600,5.0
43,3735660,7.0
43,3735720,14.0
43,3735780,4.0
43,3735840,8.0
43,3735900,19.0
43,3735960,14.0
43,3736020,9.0
43,3736080,27.0
43,3736140,17.0
43,3736200,20.0
43,3736260,5.0
43,3736320,5.0
43,3736380,7.0
43,3736440,6.0
43,3736500,6.0
43,3736560,4.0
43,3736620,18.0
43,3736680,9.0
43,3736740,4.0
43,3736800,8.0
43,3736860,10.0
43,3736920,5.0
43,3736980,9.0
43,3737040,6.0
43,3737100,9.0
43,3737160,13.0
43,3737220,9.0
43,3737280,5.0
43,3737340,8.0
43,3737400,12.0
43,3737460,7.0
43,3737520,5.0
43,3737580,5.0
43,3737640,12.0
43,3737700,9.0
43,3737760,13.0
43,3737820,5.0
43,3737880,10.0
43,3737940,12.0
43,3738000,22.0
43,3738060,15.0
43,3738120,4.0
43,3738180,32.0
43,3738240,37.0
43,3738300,49.0
43,3738360,44.0
43,3738420,41.0
43,3738480,46.0
43,3738540,45.0
43,3738600,58.0
43,3738660,44.0
43,3738720,38.0
43,3738780,46.0
43,3738840,41.0
43,3738900,43.0
43,3738960,34.0
43,3739020,16.0
43,3739080,2.0
43,3739140,15.0
43,3739200,8.0
43,3739260,43.0
43,3739320,44.0
43,3739380,28.0
43,3739440,12.0
43,3739500,16.0
43,3739560,8.0
43,3739620,15.0
43,3739680,9.0
43,3739740,15.0
43,3739800,17.0
43,3739860,21.0
43,3739920,21.0
43,3739980,21.0
43,3740040,13.0
43,3740100,7.0
43,3740160,8.0
43,3740220,5.0
43,3740280,10.0
43,3740340,8.0
43,3740400,4.0
43,3740460,3.0
43,3740520,6.0
43,3740580,50.0
43,3740640,64.0
43,3740700,59.0
43,3740760,45.0
43,3740820,39.0
43,3740880,51.0
43,3740940,46.0
43,3741000,46.0
43,3741060,51.0
43,3741120,63.0
43,3741180,52.0
43,3741240,52.0
43,3741300,64.0
43,3741360,12.0
43,3741420,8.0
43,3741480,13.0
43,3741540,21.0
43,3741600,18.0
43,3741660,10.0
43,3741720,10.0
43,3741780,21.0
43,3741840,12.0
43,3741900,22.0
43,3741960,25.0
43,3742020,12.0
43,3742080,17.0
43,3742140,10.0
43,3742200,13.0
43,3742260,15.0
43,3742320,16.0
43,3742380,23.0
43,3742440,20.0
43,3742500,18.0
43,3742560,22.0
43,3742620,25.0
43,3742680,16.0
43,3742740,25.0
43,3742800,30.0
43,3742860,36.0
43,3742920,27.0
43,3742980,27.0
43,3743040,30.0
43,3743100,18.0
43,3743160,18.0
43,3743220,36.0
43,3743280,14.0
43,3743340,32.0
43,3743400,22.0
43,3743460,22.0
43,3743520,26.0
43,3743580,17.0
43,3743640,16.0
43,3743700,28.0
43,3743760,28.0
43,3743820,33.0
43,3743880,24.0
43,3743940,26.0
43,3744000,35.0
43,3744060,27.0
43,3744120,28.0
43,3744180,21.0
43,3744240,24.0
43,3744300,21.0
43,3744360,34.0
43,3744420,34.0
43,3744480,29.0
43,3744540,21.0
43,3744600,24.0
43,3744660,33.0
43,3744720,26.0
43,3744780,25.0
43,3744840,64.0
43,3744900,85.0
43,3744960,83.0
43,3745020,70.0
43,3745080,45.0
43,3745140,94.0
43,3745200,84.0
43,3745260,105.0
43,3745320,99.0
43,3745380,97.0
43,3745440,94.0
43,3745500,91.0
43,3745560,46.0
43,3745620,35.0
43,3745680,52.0
43,3745740,54.0
43,3745800,50.0
43,3745860,50.0
43,3745920,44.0
43,3745980,56.0
43,3746040,59.0
43,3746100,49.0
43,3746160,59.0
43,3746220,60.0
43,3746280,48.0
43,3746340,62.0
43,3746400,45.0
43,3746460,42.0
43,3746520,47.0
43,3746580,54.0
43,3746640,39.0
43,3746700,39.0
43,3746760,37.0
43,3746820,30.0
43,3746880,55.0
43,3746940,59.0
43,3747000,71.0
43,3747060,48.0
43,3747120,62.0
43,3747180,59.0
43,3747240,62.0
43,3747300,49.0
43,3747360,45.0
43,3747420,84.0
43,3747480,60.0
43,3747540,77.0
43,3747600,60.0
43,3747660,60.0
43,3747720,104.0
43,3747780,101.0
43,3747840,114.0
43,3747900,145.0
43,3747960,103.0
43,3748020,75.0
43,3748080,130.0
43,3748140,102.0
43,3748200,91.0
43,3748260,88.0
43,3748320,66.0
43,3748380,97.0
43,3748440,105.0
43,3748500,113.0
43,3748560,90.0
43,3748620,90.0
43,3748680,87.0
43,3748740,100.0
43,3748800,78.0
43,3748860,68.0
43,3748920,76.0
43,3748980,89.0
43,3749040,100.0
43,3749100,107.0
43,3749160,121.0
43,3749220,121.0
43,3749280,110.0
43,3749340,88.0
43,3749400,110.0
43,3749460,118.0
43,3749520,111.0
43,3749580,96.0
43,3749640,140.0
43,3749700,88.0
43,3749760,83.0
43,3749820,92.0
43,3749880,84.0
43,3749940,112.0
43,3750000,126.0
43,3750060,85.0
43,3750120,120.0
43,3750180,118.0
43,3750240,122.0
43,3750300,119.0
43,3750360,97.0
43,3750420,101.0
43,3750480,98.0
43,3750540,133.0
43,3750600,111.0
43,3750660,118.0
43,3750720,120.0
43,3750780,138.0
43,3750840,190.0
43,3750900,143.0
43,3750960,131.0
43,3751020,111.0
43,3751080,141.0
43,3751140,113.0
43,3751200,122.0
43,3751260,121.0
43,3751320,141.0
43,3751380,141.0
43,3751440,152.0
43,3751500,175.0
43,3751560,131.0
43,3751620,181.0
43,3751680,176.0
43,3751740,210.0
43,3751800,144.0
43,3751860,127.0
43,3751920,170.0
43,3751980,152.0
43,3752040,207.0
43,3752100,164.0
43,3752160,164.0
43,3752220,163.0
43,3752280,151.0
43,3752340,208.0
43,3752400,139.0
43,3752460,174.0
43,3752520,120.0
43,3752580,180.0
43,3752640,170.0
43,3752700,193.0
43,3752760,162.0
43,3752820,129.0
43,3752880,190.0
43,3752940,176.0
43,3753000,180.0
43,3753060,195.0
43,3753120,264.0
43,3753180,189.0
43,3753240,167.0
43,3753300,120.0
43,3753360,144.0
43,3753420,211.0
43,3753480,144.0
43,3753540,123.0
43,3753600,139.0
43,3753660,148.0
43,3753720,129.0
43,3753780,170.0
43,3753840,119.0
43,3753900,180.0
43,3753960,164.0
43,3754020,196.0
43,3754080,183.0
43,3754140,156.0
43,3754200,134.0
43,3754260,126.0
43,3754320,148.0
43,3754380,158.0
43,3754440,152.0
43,3754500,167.0
43,3754560,146.0
43,3754620,196.0
43,3754680,154.0
43,3754740,184.0
43,3754800,180.0
43,3754860,138.0
43,3754920,176.0
43,3754980,181.0
43,3755040,183.0
43,3755100,173.0
43,3755160,180.0
43,3755220,226.0
43,3755280,165.0
43,3755340,182.0
43,3755400,173.0
43,3755460,123.0
43,3755520,169.0
43,3755580,159.0
43,3755640,173.0
43,3755700,187.0
43,3755760,174.0
43,3755820,167.0
43,3755880,169.0
43,3755940,218.0
43,3756000,189.0
43,3756060,153.0
43,3756120,162.0
43,3756180,133.0
43,3756240,143.0
43,3756300,193.0
43,3756360,142.0
43,3756420,219.0
43,3756480,233.0
43,3756540,232.0
43,3756600,255.0
43,3756660,253.0
43,3756720,237.0
43,3756780,260.0
43,3756840,261.0
43,3756900,224.0
43,3756960,252.0
43,3757020,189.0
43,3757080,244.0
43,3757140,192.0
43,3757200,177.0
43,3757260,150.0
43,3757320,167.0
43,3757380,223.0
43,3757440,176.0
43,3757500,183.0
43,3757560,208.0
43,3757620,211.0
43,3757680,145.0
43,3757740,177.0
43,3757800,205.0
43,3757860,193.0
43,3757920,240.0
43,3757980,165.0
43,3758040,175.0
43,3758100,126.0
43,3758160,169.0
43,3758220,194.0
43,3758280,198.0
43,3758340,164.0
43,3758400,160.0
43,3758460,208.0
43,3758520,145.0
43,3758580,178.0
43,3758640,185.0
43,3758700,211.0
43,3758760,183.0
43,3758820,195.0
43,3758880,155.0
43,3758940,181.0
43,3759000,230.0
43,3759060,213.0
43,3759120,183.0
43,3759180,134.0
43,3759240,153.0
43,3759300,178.0
43,3759360,146.0
43,3759420,178.0
43,3759480,228.0
43,3759540,250.0
43,3759600,216.0
43,3759660,198.0
43,3759720,208.0
43,3759780,201.0
43,3759840,214.0
43,3759900,174.0
43,3759960,169.0
43,3760020,172.0
43,3760080,165.0
43,3760140,185.0
43,3760200,177.0
43,3760260,211.0
43,3760320,186.0
43,3760380,186.0
43,3760440,234.0
43,3760500,222.0
43,3760560,194.0
43,3760620,240.0
43,3760680,287.0
43,3760740,274.0
43,3760800,253.0
43,3760860,193.0
43,3760920,239.0
43,3760980,244.0
43,3761040,205.0
43,3761100,222.0
43,3761160,215.0
43,3761220,204.0
43,3761280,212.0
43,3761340,186.0
43,3761400,216.0
43,3761460,198.0
43,3761520,153.0
43,3761580,176.0
43,3761640,193.0
43,3761700,158.0
43,3761760,192.0
43,3761820,168.0
43,3761880,183.0
43,3761940,166.0
43,3762000,190.0
43,3762060,218.0
43,3762120,193.0
43,3762180,195.0
43,3762240,222.0
43,3762300,200.0
43,3762360,219.0
43,3762420,252.0
43,3762480,255.0
43,3762540,210.0
43,3762600,194.0
43,3762660,181.0
43,3762720,228.0
43,3762780,204.0
43,3762840,197.0
43,3762900,153.0
43,3762960,178.0
43,3763020,175.0
43,3763080,168.0
43,3763140,190.0
43,3763200,148.0
43,3763260,145.0
43,3763320,146.0
43,3763380,176.0
43,3763440,190.0
43,3763500,212.0
43,3763560,211.0
43,3763620,155.0
43,3763680,164.0
43,3763740,201.0
43,3763800,193.0
43,3763860,169.0
43,3763920,156.0
43,3763980,183.0
43,3764040,203.0
43,3764100,180.0
43,3764160,162.0
43,3764220,145.0
43,3764280,141.0
43,3764340,227.0
43,3764400,218.0
43,3764460,207.0
43,3764520,173.0
43,3764580,205.0
43,3764640,183.0
43,3764700,191.0
43,3764760,252.0
43,3764820,271.0
43,3764880,167.0
43,3764940,187.0
43,3765000,281.0
43,3765060,246.0
43,3765120,192.0
43,3765180,167.0
43,3765240,191.0
43,3765300,185.0
43,3765360,235.0
43,3765420,210.0
43,3765480,175.0
43,3765540,183.0
43,3765600,245.0
43,3765660,227.0
43,3765720,252.0
43,3765780,224.0
43,3765840,174.0
43,3765900,172.0
43,3765960,196.0
43,3766020,158.0
43,3766080,253.0
43,3766140,188.0
43,3766200,207.0
43,3766260,239.0
43,3766320,219.0
43,3766380,162.0
43,3766440,149.0
43,3766500,236.0
43,3766560,216.0
43,3766620,256.0
43,3766680,166.0
43,3766740,194.0
43,3766800,223.0
43,3766860,178.0
43,3766920,187.0
43,3766980,122.0
43,3767040,148.0
43,3767100,237.0
43,3767160,219.0
43,3767220,205.0
43,3767280,168.0
43,3767340,208.0
43,3767400,194.0
43,3767460,184.0
43,3767520,206.0
43,3767580,190.0
43,3767640,230.0
43,3767700,184.0
43,3767760,162.0
43,3767820,151.0
43,3767880,177.0
43,3767940,206.0
43,3768000,172.0
43,3768060,198.0
43,3768120,195.0
43,3768180,201.0
43,3768240,216.0
43,3768300,177.0
43,3768360,185.0
43,3768420,189.0
43,3768480,173.0
43,3768540,175.0
43,3768600,189.0
43,3768660,210.0
43,3768720,253.0
43,3768780,192.0
43,3768840,260.0
43,3768900,246.0
43,3768960,204.0
43,3769020,189.0
43,3769080,204.0
43,3769140,222.0
43,3769200,207.0
43,3769260,226.0
43,3769320,198.0
43,3769380,228.0
43,3769440,206.0
43,3769500,212.0
43,3769560,207.0
43,3769620,261.0
43,3769680,250.0
43,3769740,248.0
43,3769800,261.0
43,3769860,297.0
43,3769920,248.0
43,3769980,313.0
43,3770040,253.0
43,3770100,227.0
43,3770160,245.0
43,3770220,273.0
43,3770280,246.0
43,3770340,227.0
43,3770400,188.0
43,3770460,189.0
43,3770520,151.0
43,3770580,177.0
43,3770640,223.0
43,3770700,168.0
43,3770760,181.0
43,3770820,194.0
43,3770880,205.0
43,3770940,182.0
43,3771000,213.0
43,3771060,225.0
43,3771120,201.0
43,3771180,216.0
43,3771240,215.0
43,3771300,207.0
43,3771360,219.0
43,3771420,183.0
43,3771480,176.0
43,3771540,205.0
43,3771600,205.0
43,3771660,220.0
43,3771720,183.0
43,3771780,169.0
43,3771840,187.0
43,3771900,186.0
43,3771960,210.0
43,3772020,173.0
43,3772080,191.0
43,3772140,259.0
43,3772200,268.0
43,3772260,261.0
43,3772320,218.0
43,3772380,173.0
43,3772440,210.0
43,3772500,214.0
43,3772560,180.0
43,3772620,163.0
43,3772680,212.0
43,3772740,205.0
43,3772800,160.0
43,3772860,212.0
43,3772920,216.0
43,3772980,192.0
43,3773040,196.0
43,3773100,227.0
43,3773160,226.0
43,3773220,192.0
43,3773280,181.0
43,3773340,201.0
43,3773400,153.0
43,3773460,175.0
43,3773520,213.0
43,3773580,166.0
43,3773640,167.0
43,3773700,243.0
43,3773760,178.0
43,3773820,228.0
43,3773880,267.0
43,3773940,250.0
43,3774000,277.0
43,3774060,203.0
43,3774120,248.0
43,3774180,220.0
43,3774240,217.0
43,3774300,225.0
43,3774360,165.0
43,3774420,145.0
43,3774480,195.0
43,3774540,164.0
43,3774600,206.0
43,3774660,169.0
43,3774720,165.0
43,3774780,150.0
43,3774840,148.0
43,3774900,201.0
43,3774960,208.0
43,3775020,159.0
43,3775080,197.0
43,3775140,200.0
43,3775200,171.0
43,3775260,162.0
43,3775320,194.0
43,3775380,227.0
43,3775440,214.0
43,3775500,266.0
43,3775560,190.0
43,3775620,186.0
43,3775680,170.0
43,3775740,226.0
43,3775800,174.0
43,3775860,163.0
43,3775920,178.0
43,3775980,194.0
43,3776040,183.0
43,3776100,210.0
43,3776160,184.0
43,3776220,170.0
43,3776280,203.0
43,3776340,186.0
43,3776400,149.0
43,3776460,191.0
43,3776520,181.0
43,3776580,186.0
43,3776640,145.0
43,3776700,170.0
43,3776760,150.0
43,3776820,170.0
43,3776880,186.0
43,3776940,226.0
43,3777000,181.0
43,3777060,220.0
43,3777120,254.0
43,3777180,235.0
43,3777240,238.0
43,3777300,255.0
43,3777360,224.0
43,3777420,181.0
43,3777480,192.0
43,3777540,224.0
43,3777600,296.0
43,3777660,228.0
43,3777720,252.0
43,3777780,282.0
43,3777840,260.0
43,3777900,331.0
43,3777960,254.0
43,3778020,260.0
43,3778080,278.0
43,3778140,206.0
43,3778200,194.0
43,3778260,161.0
43,3778320,190.0
43,3778380,162.0
43,3778440,185.0
43,3778500,182.0
43,3778560,208.0
43,3778620,187.0
43,3778680,197.0
43,3778740,203.0
43,3778800,206.0
43,3778860,174.0
43,3778920,148.0
43,3778980,203.0
43,3779040,240.0
43,3779100,226.0
43,3779160,166.0
43,3779220,185.0
43,3779280,195.0
43,3779340,176.0
43,3779400,177.0
43,3779460,162.0
43,3779520,182.0
43,3779580,183.0
43,3779640,225.0
43,3779700,195.0
43,3779760,231.0
43,3779820,229.0
43,3779880,196.0
43,3779940,168.0
43,3780000,178.0
43,3780060,174.0
43,3780120,175.0
43,3780180,189.0
43,3780240,246.0
43,3780300,226.0
43,3780360,219.0
43,3780420,212.0
43,3780480,266.0
43,3780540,229.0
43,3780600,226.0
43,3780660,237.0
43,3780720,171.0
43,3780780,178.0
43,3780840,160.0
43,3780900,112.0
43,3780960,138.0
43,3781020,174.0
43,3781080,148.0
43,3781140,176.0
43,3781200,145.0
43,3781260,226.0
43,3781320,237.0
43,3781380,131.0
43,3781440,149.0
43,3781500,153.0
43,3781560,186.0
43,3781620,146.0
43,3781680,175.0
43,3781740,190.0
43,3781800,161.0
43,3781860,144.0
43,3781920,164.0
43,3781980,159.0
43,3782040,197.0
43,3782100,168.0
43,3782160,185.0
43,3782220,176.0
43,3782280,184.0
43,3782340,152.0
43,3782400,151.0
43,3782460,186.0
43,3782520,181.0
43,3782580,152.0
43,3782640,200.0
43,3782700,192.0
43,3782760,213.0
43,3782820,158.0
43,3782880,140.0
43,3782940,160.0
43,3783000,125.0
43,3783060,188.0
43,3783120,150.0
43,3783180,186.0
43,3783240,201.0
43,3783300,150.0
43,3783360,214.0
43,3783420,171.0
43,3783480,169.0
43,3783540,206.0
43,3783600,142.0
43,3783660,195.0
43,3783720,171.0
43,3783780,226.0
43,3783840,190.0
43,3783900,131.0
43,3783960,168.0
43,3784020,193.0
43,3784080,165.0
43,3784140,226.0
43,3784200,229.0
43,3784260,233.0
43,3784320,220.0
43,3784380,200.0
43,3784440,230.0
43,3784500,161.0
43,3784560,170.0
43,3784620,142.0
43,3784680,94.0
43,3784740,165.0
43,3784800,167.0
43,3784860,212.0
43,3784920,218.0
43,3784980,170.0
43,3785040,233.0
43,3785100,235.0
43,3785160,201.0
43,3785220,123.0
43,3785280,169.0
43,3785340,145.0
43,3785400,245.0
43,3785460,185.0
43,3785520,183.0
43,3785580,174.0
43,3785640,197.0
43,3785700,145.0
43,3785760,164.0
43,3785820,156.0
43,3785880,166.0
43,3785940,123.0
43,3786000,163.0
43,3786060,156.0
43,3786120,171.0
43,3786180,152.0
43,3786240,178.0
43,3786300,187.0
43,3786360,142.0
43,3786420,189.0
43,3786480,211.0
43,3786540,234.0
43,3786600,160.0
43,3786660,169.0
43,3786720,135.0
43,3786780,172.0
43,3786840,197.0
43,3786900,122.0
43,3786960,134.0
43,3787020,160.0
43,3787080,136.0
43,3787140,147.0
43,3787200,203.0
43,3787260,168.0
43,3787320,231.0
43,3787380,235.0
43,3787440,259.0
43,3787500,223.0
43,3787560,233.0
43,3787620,192.0
43,3787680,149.0
43,3787740,182.0
43,3787800,211.0
43,3787860,266.0
43,3787920,323.0
43,3787980,217.0
43,3788040,193.0
43,3788100,187.0
43,3788160,200.0
43,3788220,173.0
43,3788280,169.0
43,3788340,215.0
43,3788400,187.0
43,3788460,143.0
43,3788520,180.0
43,3788580,163.0
43,3788640,188.0
43,3788700,194.0
43,3788760,214.0
43,3788820,259.0
43,3788880,227.0
43,3788940,211.0
43,3789000,202.0
43,3789060,216.0
43,3789120,197.0
43,3789180,265.0
43,3789240,233.0
43,3789300,204.0
43,3789360,222.0
43,3789420,186.0
43,3789480,209.0
43,3789540,184.0
43,3789600,190.0
43,3789660,186.0
43,3789720,180.0
43,3789780,173.0
43,3789840,237.0
43,3789900,188.0
43,3789960,249.0
43,3790020,214.0
43,3790080,253.0
43,3790140,228.0
43,3790200,206.0
43,3790260,217.0
43,3790320,196.0
43,3790380,214.0
43,3790440,195.0
43,3790500,270.0
43,3790560,214.0
43,3790620,194.0
43,3790680,188.0
43,3790740,138.0
43,3790800,167.0
43,3790860,260.0
43,3790920,176.0
43,3790980,198.0
43,3791040,212.0
43,3791100,196.0
43,3791160,206.0
43,3791220,189.0
43,3791280,204.0
43,3791340,212.0
43,3791400,201.0
43,3791460,225.0
43,3791520,155.0
43,3791580,213.0
43,3791640,191.0
43,3791700,210.0
43,3791760,213.0
43,3791820,271.0
43,3791880,267.0
43,3791940,218.0
43,3792000,229.0
43,3792060,301.0
43,3792120,234.0
43,3792180,209.0
43,3792240,194.0
43,3792300,215.0
43,3792360,185.0
43,3792420,164.0
43,3792480,238.0
43,3792540,261.0
43,3792600,236.0
43,3792660,242.0
43,3792720,249.0
43,3792780,226.0
43,3792840,170.0
43,3792900,207.0
43,3792960,216.0
43,3793020,187.0
43,3793080,193.0
43,3793140,184.0
43,3793200,144.0
43,3793260,222.0
43,3793320,183.0
43,3793380,167.0
43,3793440,184.0
43,3793500,178.0
43,3793560,196.0
43,3793620,187.0
43,3793680,152.0
43,3793740,141.0
43,3793800,207.0
43,3793860,168.0
43,3793920,140.0
43,3793980,189.0
43,3794040,201.0
43,3794100,202.0
43,3794160,224.0
43,3794220,206.0
43,3794280,227.0
43,3794340,195.0
43,3794400,163.0
43,3794460,145.0
43,3794520,209.0
43,3794580,302.0
43,3794640,262.0
43,3794700,216.0
43,3794760,186.0
43,3794820,223.0
43,3794880,185.0
43,3794940,217.0
43,3795000,197.0
43,3795060,238.0
43,3795120,140.0
43,3795180,146.0
43,3795240,170.0
43,3795300,175.0
43,3795360,187.0
43,3795420,153.0
43,3795480,183.0
43,3795540,152.0
43,3795600,169.0
43,3795660,200.0
43,3795720,152.0
43,3795780,217.0
43,3795840,171.0
43,3795900,175.0
43,3795960,183.0
43,3796020,228.0
43,3796080,177.0
43,3796140,143.0
43,3796200,148.0
43,3796260,142.0
43,3796320,190.0
43,3796380,207.0
43,3796440,166.0
43,3796500,149.0
43,3796560,155.0
43,3796620,156.0
43,3796680,154.0
43,3796740,156.0
43,3796800,180.0
43,3796860,208.0
43,3796920,185.0
43,3796980,146.0
43,3797040,134.0
43,3797100,127.0
43,3797160,161.0
43,3797220,129.0
43,3797280,154.0
43,3797340,175.0
43,3797400,208.0
43,3797460,163.0
43,3797520,201.0
43,3797580,167.0
43,3797640,173.0
43,3797700,151.0
43,3797760,171.0
43,3797820,153.0
43,3797880,142.0
43,3797940,121.0
43,3798000,127.0
43,3798060,148.0
43,3798120,138.0
43,3798180,135.0
43,3798240,192.0
43,3798300,191.0
43,3798360,204.0
43,3798420,273.0
43,3798480,220.0
43,3798540,220.0
43,3798600,207.0
43,3798660,194.0
43,3798720,167.0
43,3798780,208.0
43,3798840,250.0
43,3798900,163.0
43,3798960,164.0
43,3799020,207.0
43,3799080,152.0
43,3799140,110.0
43,3799200,153.0
43,3799260,149.0
43,3799320,135.0
43,3799380,155.0
43,3799440,159.0
43,3799500,129.0
43,3799560,130.0
43,3799620,99.0
43,3799680,126.0
43,3799740,139.0
43,3799800,129.0
43,3799860,113.0
43,3799920,140.0
43,3799980,142.0
43,3800040,134.0
43,3800100,152.0
43,3800160,116.0
43,3800220,103.0
43,3800280,88.0
43,3800340,133.0
43,3800400,106.0
43,3800460,109.0
43,3800520,109.0
43,3800580,131.0
43,3800640,134.0
43,3800700,105.0
43,3800760,143.0
43,3800820,124.0
43,3800880,107.0
43,3800940,102.0
43,3801000,99.0
43,3801060,106.0
43,3801120,82.0
43,3801180,75.0
43,3801240,103.0
43,3801300,131.0
43,3801360,101.0
43,3801420,145.0
43,3801480,113.0
43,3801540,97.0
44,3801600,116.0
44,3801660,91.0
44,3801720,108.0
44,3801780,111.0
44,3801840,93.0
44,3801900,119.0
44,3801960,92.0
44,3802020,109.0
44,3802080,117.0
44,3802140,99.0
44,3802200,96.0
44,3802260,85.0
44,3802320,96.0
44,3802380,94.0
44,3802440,139.0
44,3802500,120.0
44,3802560,108.0
44,3802620,121.0
44,3802680,121.0
44,3802740,160.0
44,3802800,136.0
44,3802860,116.0
44,3802920,88.0
44,3802980,99.0
44,3803040,94.0
44,3803100,110.0
44,3803160,85.0
44,3803220,125.0
44,3803280,96.0
44,3803340,101.0
44,3803400,76.0
44,3803460,101.0
44,3803520,74.0
44,3803580,92.0
44,3803640,117.0
44,3803700,82.0
44,3803760,110.0
44,3803820,123.0
44,3803880,87.0
44,3803940,90.0
44,3804000,132.0
44,3804060,140.0
44,3804120,134.0
44,3804180,142.0
44,3804240,114.0
44,3804300,147.0
44,3804360,136.0
44,3804420,104.0
44,3804480,54.0
44,3804540,99.0
44,3804600,68.0
44,3804660,61.0
44,3804720,86.0
44,3804780,119.0
44,3804840,97.0
44,3804900,70.0
44,3804960,56.0
44,3805020,71.0
44,3805080,66.0
44,3805140,100.0
44,3805200,48.0
44,3805260,82.0
44,3805320,68.0
44,3805380,60.0
44,3805440,113.0
44,3805500,98.0
44,3805560,101.0
44,3805620,94.0
44,3805680,90.0
44,3805740,91.0
44,3805800,92.0
44,3805860,141.0
44,3805920,90.0
44,3805980,112.0
44,3806040,123.0
44,3806100,118.0
44,3806160,110.0
44,3806220,87.0
44,3806280,50.0
44,3806340,63.0
44,3806400,62.0
44,3806460,35.0
44,3806520,64.0
44,3806580,44.0
44,3806640,44.0
44,3806700,99.0
44,3806760,58.0
44,3806820,57.0
44,3806880,48.0
44,3806940,40.0
44,3807000,34.0
44,3807060,49.0
44,3807120,43.0
44,3807180,39.0
44,3807240,91.0
44,3807300,42.0
44,3807360,62.0
44,3807420,91.0
44,3807480,70.0
44,3807540,107.0
44,3807600,102.0
44,3807660,69.0
44,3807720,84.0
44,3807780,64.0
44,3807840,34.0
44,3807900,40.0
44,3807960,50.0
44,3808020,50.0
44,3808080,62.0
44,3808140,76.0
44,3808200,83.0
44,3808260,41.0
44,3808320,49.0
44,3808380,39.0
44,3808440,36.0
44,3808500,68.0
44,3808560,41.0
44,3808620,67.0
44,3808680,44.0
44,3808740,46.0
44,3808800,75.0
44,3808860,78.0
44,3808920,135.0
44,3808980,32.0
44,3809040,34.0
44,3809100,39.0
44,3809160,60.0
44,3809220,84.0
44,3809280,82.0
44,3809340,56.0
44,3809400,49.0
44,3809460,76.0
44,3809520,96.0
44,3809580,103.0
44,3809640,99.0
44,3809700,80.0
44,3809760,79.0
44,3809820,27.0
44,3809880,54.0
44,3809940,64.0
44,3810000,29.0
44,3810060,29.0
44,3810120,34.0
44,3810180,37.0
44,3810240,43.0
44,3810300,26.0
44,3810360,42.0
44,3810420,30.0
44,3810480,36.0
44,3810540,26.0
44,3810600,46.0
44,3810660,25.0
44,3810720,44.0
44,3810780,38.0
44,3810840,33.0
44,3810900,37.0
44,3810960,27.0
44,3811020,30.0
44,3811080,28.0
44,3811140,36.0
44,3811200,22.0
44,3811260,29.0
44,3811320,24.0
44,3811380,34.0
44,3811440,35.0
44,3811500,18.0
44,3811560,40.0
44,3811620,32.0
44,3811680,56.0
44,3811740,43.0
44,3811800,75.0
44,3811860,47.0
44,3811920,36.0
44,3811980,34.0
44,3812040,23.0
44,3812100,32.0
44,3812160,24.0
44,3812220,22.0
44,3812280,25.0
44,3812340,16.0
44,3812400,25.0
44,3812460,40.0
44,3812520,21.0
44,3812580,18.0
44,3812640,26.0
44,3812700,12.0
44,3812760,24.0
44,3812820,14.0
44,3812880,19.0
44,3812940,21.0
44,3813000,15.0
44,3813060,41.0
44,3813120,34.0
44,3813180,24.0
44,3813240,22.0
44,3813300,8.0
44,3813360,21.0
44,3813420,14.0
44,3813480,21.0
44,3813540,19.0
44,3813600,27.0
44,3813660,21.0
44,3813720,33.0
44,3813780,21.0
44,3813840,13.0
44,3813900,18.0
44,3813960,26.0
44,3814020,33.0
44,3814080,20.0
44,3814140,16.0
44,3814200,17.0
44,3814260,24.0
44,3814320,22.0
44,3814380,22.0
44,3814440,19.0
44,3814500,10.0
44,3814560,21.0
44,3814620,8.0
44,3814680,15.0
44,3814740,8.0
44,3814800,21.0
44,3814860,20.0
44,3814920,13.0
44,3814980,10.0
44,3815040,19.0
44,3815100,8.0
44,3815160,21.0
44,3815220,9.0
44,3815280,14.0
44,3815340,18.0
44,3815400,18.0
44,3815460,17.0
44,3815520,10.0
44,3815580,3.0
44,3815640,10.0
44,3815700,21.0
44,3815760,37.0
44,3815820,16.0
44,3815880,12.0
44,3815940,22.0
44,3816000,19.0
44,3816060,16.0
44,3816120,14.0
44,3816180,18.0
44,3816240,10.0
44,3816300,25.0
44,3816360,15.0
44,3816420,29.0
44,3816480,19.0
44,3816540,9.0
44,3816600,10.0
44,3816660,10.0
44,3816720,6.0
44,3816780,9.0
44,3816840,14.0
44,3816900,10.0
44,3816960,8.0
44,3817020,8.0
44,3817080,8.0
44,3817140,13.0
44,3817200,21.0
44,3817260,7.0
44,3817320,10.0
44,3817380,22.0
44,3817440,16.0
44,3817500,10.0
44,3817560,15.0
44,3817620,25.0
44,3817680,15.0
44,3817740,12.0
44,3817800,14.0
44,3817860,8.0
44,3817920,12.0
44,3817980,6.0
44,3818040,19.0
44,3818100,13.0
44,3818160,7.0
44,3818220,16.0
44,3818280,12.0
44,3818340,5.0
44,3818400,12.0
44,3818460,12.0
44,3818520,3.0
44,3818580,6.0
44,3818640,7.0
44,3818700,9.0
44,3818760,10.0
44,3818820,2.0
44,3818880,8.0
44,3818940,21.0
44,3819000,12.0
44,3819060,6.0
44,3819120,10.0
44,3819180,10.0
44,3819240,10.0
44,3819300,7.0
44,3819360,10.0
44,3819420,22.0
44,3819480,16.0
44,3819540,16.0
44,3819600,15.0
44,3819660,16.0
44,3819720,20.0
44,3819780,7.0
44,3819840,9.0
44,3819900,20.0
44,3819960,22.0
44,3820020,9.0
44,3820080,4.0
44,3820140,9.0
44,3820200,15.0
44,3820260,26.0
44,3820320,14.0
44,3820380,4.0
44,3820440,6.0
44,3820500,7.0
44,3820560,16.0
44,3820620,9.0
44,3820680,5.0
44,3820740,17.0
44,3820800,15.0
44,3820860,7.0
44,3820920,7.0
44,3820980,7.0
44,3821040,6.0
44,3821100,12.0
44,3821160,14.0
44,3821220,3.0
44,3821280,8.0
44,3821340,9.0
44,3821400,8.0
44,3821460,13.0
44,3821520,7.0
44,3821580,8.0
44,3821640,12.0
44,3821700,12.0
44,3821760,19.0
44,3821820,13.0
44,3821880,9.0
44,3821940,13.0
44,3822000,6.0
44,3822060,7.0
44,3822120,25.0
44,3822180,5.0
44,3822240,8.0
44,3822300,1.0
44,3822360,15.0
44,3822420,4.0
44,3822480,2.0
44,3822540,9.0
44,3822600,8.0
44,3822660,15.0
44,3822720,7.0
44,3822780,8.0
44,3822840,4.0
44,3822900,14.0
44,3822960,8.0
44,3823020,7.0
44,3823080,20.0
44,3823140,9.0
44,3823200,7.0
44,3823260,9.0
44,3823320,15.0
44,3823380,4.0
44,3823440,17.0
44,3823500,6.0
44,3823560,20.0
44,3823620,5.0
44,3823680,12.0
44,3823740,13.0
44,3823800,14.0
44,3823860,6.0
44,3823920,13.0
44,3823980,8.0
44,3824040,14.0
44,3824100,18.0
44,3824160,17.0
44,3824220,27.0
44,3824280,5.0
44,3824340,23.0
44,3824400,13.0
44,3824460,12.0
44,3824520,5.0
44,3824580,6.0
44,3824640,35.0
44,3824700,5.0
44,3824760,7.0
44,3824820,3.0
44,3824880,6.0
44,3824940,10.0
44,3825000,8.0
44,3825060,15.0
44,3825120,13.0
44,3825180,7.0
44,3825240,9.0
44,3825300,10.0
44,3825360,12.0
44,3825420,14.0
44,3825480,18.0
44,3825540,8.0
44,3825600,12.0
44,3825660,12.0
44,3825720,12.0
44,3825780,14.0
44,3825840,10.0
44,3825900,13.0
44,3825960,9.0
44,3826020,15.0
44,3826080,9.0
44,3826140,24.0
44,3826200,16.0
44,3826260,10.0
44,3826320,17.0
44,3826380,15.0
44,3826440,7.0
44,3826500,9.0
44,3826560,44.0
44,3826620,67.0
44,3826680,52.0
44,3826740,42.0
44,3826800,51.0
44,3826860,57.0
44,3826920,44.0
44,3826980,64.0
44,3827040,65.0
44,3827100,44.0
44,3827160,22.0
44,3827220,14.0
44,3827280,17.0
44,3827340,23.0
44,3827400,61.0
44,3827460,57.0
44,3827520,52.0
44,3827580,68.0
44,3827640,67.0
44,3827700,65.0
44,3827760,62.0
44,3827820,46.0
44,3827880,32.0
44,3827940,40.0
44,3828000,32.0
44,3828060,29.0
44,3828120,36.0
44,3828180,35.0
44,3828240,22.0
44,3828300,34.0
44,3828360,16.0
44,3828420,16.0
44,3828480,28.0
44,3828540,25.0
44,3828600,29.0
44,3828660,29.0
44,3828720,22.0
44,3828780,19.0
44,3828840,45.0
44,3828900,21.0
44,3828960,42.0
44,3829020,32.0
44,3829080,25.0
44,3829140,29.0
44,3829200,32.0
44,3829260,29.0
44,3829320,28.0
44,3829380,47.0
44,3829440,32.0
44,3829500,28.0
44,3829560,25.0
44,3829620,34.0
44,3829680,19.0
44,3829740,22.0
44,3829800,52.0
44,3829860,32.0
44,3829920,55.0
44,3829980,30.0
44,3830040,29.0
44,3830100,59.0
44,3830160,47.0
44,3830220,64.0
44,3830280,64.0
44,3830340,44.0
44,3830400,47.0
44,3830460,41.0
44,3830520,57.0
44,3830580,61.0
44,3830640,36.0
44,3830700,24.0
44,3830760,112.0
44,3830820,107.0
44,3830880,114.0
44,3830940,121.0
44,3831000,114.0
44,3831060,100.0
44,3831120,112.0
44,3831180,97.0
44,3831240,123.0
44,3831300,100.0
44,3831360,44.0
44,3831420,52.0
44,3831480,86.0
44,3831540,83.0
44,3831600,57.0
44,3831660,58.0
44,3831720,56.0
44,3831780,50.0
44,3831840,54.0
44,3831900,81.0
44,3831960,59.0
44,3832020,89.0
44,3832080,97.0
44,3832140,71.0
44,3832200,112.0
44,3832260,105.0
44,3832320,71.0
44,3832380,84.0
44,3832440,45.0
44,3832500,62.0
44,3832560,102.0
44,3832620,110.0
44,3832680,93.0
44,3832740,68.0
44,3832800,67.0
44,3832860,98.0
44,3832920,112.0
44,3832980,98.0
44,3833040,88.0
44,3833100,92.0
44,3833160,116.0
44,3833220,86.0
44,3833280,109.0
44,3833340,125.0
44,3833400,129.0
44,3833460,121.0
44,3833520,104.0
44,3833580,108.0
44,3833640,144.0
44,3833700,118.0
44,3833760,134.0
44,3833820,126.0
44,3833880,141.0
44,3833940,139.0
44,3834000,162.0
44,3834060,155.0
44,3834120,147.0
44,3834180,163.0
44,3834240,139.0
44,3834300,162.0
44,3834360,190.0
44,3834420,188.0
44,3834480,106.0
44,3834540,148.0
44,3834600,171.0
44,3834660,112.0
44,3834720,102.0
44,3834780,159.0
44,3834840,121.0
44,3834900,111.0
44,3834960,146.0
44,3835020,140.0
44,3835080,214.0
44,3835140,258.0
44,3835200,206.0
44,3835260,170.0
44,3835320,148.0
44,3835380,149.0
44,3835440,103.0
44,3835500,168.0
44,3835560,153.0
44,3835620,188.0
44,3835680,165.0
44,3835740,165.0
44,3835800,150.0
44,3835860,186.0
44,3835920,161.0
44,3835980,152.0
44,3836040,164.0
44,3836100,121.0
44,3836160,147.0
44,3836220,186.0
44,3836280,182.0
44,3836340,161.0
44,3836400,156.0
44,3836460,195.0
44,3836520,211.0
44,3836580,170.0
44,3836640,242.0
44,3836700,182.0
44,3836760,144.0
44,3836820,172.0
44,3836880,161.0
44,3836940,149.0
44,3837000,172.0
44,3837060,167.0
44,3837120,140.0
44,3837300,162.0
44,3837360,106.0
44,3837420,161.0
44,3837480,167.0
44,3837540,154.0
44,3837600,144.0
44,3837660,158.0
44,3837720,162.0
44,3837780,168.0
44,3837840,202.0
44,3837900,142.0
44,3837960,213.0
44,3838020,174.0
44,3838080,193.0
44,3838140,194.0
44,3838200,250.0
44,3838260,209.0
44,3838320,235.0
44,3838380,217.0
44,3838440,272.0
44,3838500,255.0
44,3838560,273.0
44,3838620,229.0
44,3838680,208.0
44,3838740,224.0
44,3838800,195.0
44,3838860,174.0
44,3838920,192.0
44,3838980,194.0
44,3839040,161.0
44,3839100,184.0
44,3839160,171.0
44,3839220,146.0
44,3839280,186.0
44,3839340,114.0
44,3839400,148.0
44,3839460,165.0
44,3839520,169.0
44,3839580,225.0
44,3839640,251.0
44,3839700,190.0
44,3839760,181.0
44,3839820,219.0
44,3839880,170.0
44,3839940,191.0
44,3840000,172.0
44,3840060,210.0
44,3840120,184.0
44,3840180,168.0
44,3840240,232.0
44,3840300,268.0
44,3840360,175.0
44,3840420,208.0
44,3840480,275.0
44,3840540,195.0
44,3840600,239.0
44,3840660,195.0
44,3840720,166.0
44,3840780,186.0
44,3840840,216.0
44,3840900,189.0
44,3840960,193.0
44,3841020,217.0
44,3841080,223.0
44,3841140,215.0
44,3841200,215.0
44,3841260,201.0
44,3841320,170.0
44,3841380,159.0
44,3841440,207.0
44,3841500,236.0
44,3841560,202.0
44,3841620,207.0
44,3841680,189.0
44,3841740,207.0
44,3841800,260.0
44,3841860,276.0
44,3841920,281.0
44,3841980,224.0
44,3842040,216.0
44,3842100,205.0
44,3842160,260.0
44,3842220,249.0
44,3842280,233.0
44,3842340,259.0
44,3842400,261.0
44,3842460,181.0
44,3842520,162.0
44,3842580,187.0
44,3842640,208.0
44,3842700,191.0
44,3842760,217.0
44,3842820,206.0
44,3842880,185.0
44,3842940,175.0
44,3843000,153.0
44,3843060,198.0
44,3843120,166.0
44,3843180,166.0
44,3843240,208.0
44,3843300,192.0
44,3843360,216.0
44,3843420,207.0
44,3843480,171.0
44,3843540,226.0
44,3843600,172.0
44,3843660,218.0
44,3843720,191.0
44,3843780,217.0
44,3843840,171.0
44,3843900,200.0
44,3843960,228.0
44,3844020,236.0
44,3844080,218.0
44,3844200,251.0
44,3844260,251.0
44,3844320,228.0
44,3844380,180.0
44,3844440,183.0
44,3844500,177.0
44,3844560,219.0
44,3844620,192.0
44,3844680,211.0
44,3844740,194.0
44,3844800,233.0
44,3844860,187.0
44,3844920,202.0
44,3844980,311.0
44,3845040,224.0
44,3845100,190.0
44,3845160,230.0
44,3845220,204.0
44,3845280,169.0
44,3845340,181.0
44,3845400,167.0
44,3845460,168.0
44,3845520,190.0
44,3845580,201.0
44,3845640,209.0
44,3845700,183.0
44,3845760,196.0
44,3845820,189.0
44,3845880,201.0
44,3845940,192.0
44,3846000,165.0
44,3846060,167.0
44,3846120,173.0
44,3846180,228.0
44,3846240,204.0
44,3846300,208.0
44,3846360,198.0
44,3846420,184.0
44,3846480,195.0
44,3846540,192.0
44,3846600,237.0
44,3846660,264.0
44,3846720,217.0
44,3846780,227.0
44,3846840,223.0
44,3846900,274.0
44,3846960,195.0
44,3847020,164.0
44,3847080,185.0
44,3847140,192.0
44,3847200,147.0
44,3847260,171.0
44,3847320,146.0
44,3847380,135.0
44,3847440,182.0
44,3847500,146.0
44,3847560,181.0
44,3847620,160.0
44,3847680,162.0
44,3847740,135.0
44,3847800,142.0
44,3847860,158.0
44,3847920,131.0
44,3847980,138.0
44,3848040,170.0
44,3848100,188.0
44,3848160,178.0
44,3848220,147.0
44,3848280,165.0
44,3848340,176.0
44,3848400,177.0
44,3848460,172.0
44,3848520,184.0
44,3848580,175.0
44,3848640,174.0
44,3848700,243.0
44,3848760,254.0
44,3848820,255.0
44,3848880,223.0
44,3848940,172.0
44,3849000,226.0
44,3849060,210.0
44,3849120,209.0
44,3849180,285.0
44,3849240,247.0
44,3849300,156.0
44,3849360,207.0
44,3849420,162.0
44,3849480,144.0
44,3849540,132.0
44,3849600,133.0
44,3849660,93.0
44,3849720,147.0
44,3849780,147.0
44,3849840,142.0
44,3849900,106.0
44,3849960,114.0
44,3850020,152.0
44,3850080,162.0
44,3850140,113.0
44,3850200,132.0
44,3850260,127.0
44,3850320,150.0
44,3850380,159.0
44,3850440,146.0
44,3850500,150.0
44,3850560,149.0
44,3850620,142.0
44,3850680,160.0
44,3850740,154.0
44,3850800,111.0
44,3850860,125.0
44,3850920,146.0
44,3850980,158.0
44,3851040,155.0
44,3851100,151.0
44,3851160,180.0
44,3851220,162.0
44,3851280,256.0
44,3851340,209.0
44,3851400,166.0
44,3851460,196.0
44,3851520,165.0
44,3851580,187.0
44,3851640,164.0
44,3851700,105.0
44,3851760,149.0
44,3851820,206.0
44,3851880,163.0
44,3851940,161.0
44,3852000,192.0
44,3852060,269.0
44,3852120,280.0
44,3852180,215.0
44,3852240,236.0
44,3852300,200.0
44,3852360,132.0
44,3852420,181.0
44,3852480,193.0
44,3852540,198.0
44,3852600,217.0
44,3852660,177.0
44,3852720,197.0
44,3852780,177.0
44,3852840,158.0
44,3852900,130.0
44,3852960,136.0
44,3853020,160.0
44,3853080,109.0
44,3853140,118.0
44,3853200,146.0
44,3853260,113.0
44,3853320,146.0
44,3853380,176.0
44,3853440,149.0
44,3853500,155.0
44,3853560,172.0
44,3853620,162.0
44,3853680,169.0
44,3853740,134.0
44,3853800,175.0
44,3853860,136.0
44,3853920,159.0
44,3853980,164.0
44,3854040,207.0
44,3854100,143.0
44,3854160,210.0
44,3854220,195.0
44,3854280,161.0
44,3854340,162.0
44,3854400,133.0
44,3854460,180.0
44,3854520,154.0
44,3854580,180.0
44,3854640,214.0
44,3854700,223.0
44,3854760,193.0
44,3854820,218.0
44,3854880,250.0
44,3854940,178.0
44,3855000,224.0
44,3855060,208.0
44,3855120,188.0
44,3855180,201.0
44,3855240,181.0
44,3855300,149.0
44,3855360,203.0
44,3855420,205.0
44,3855480,142.0
44,3855540,171.0
44,3855600,150.0
44,3855660,155.0
44,3855720,187.0
44,3855780,188.0
44,3855840,200.0
44,3855900,156.0
44,3855960,200.0
44,3856020,271.0
44,3856080,220.0
44,3856140,201.0
44,3856200,181.0
44,3856260,133.0
44,3856320,166.0
44,3856380,161.0
44,3856440,213.0
44,3856500,133.0
44,3856560,167.0
44,3856620,173.0
44,3856680,189.0
44,3856740,194.0
44,3856800,218.0
44,3856860,230.0
44,3856920,204.0
44,3856980,217.0
44,3857040,210.0
44,3857100,182.0
44,3857160,219.0
44,3857220,180.0
44,3857280,246.0
44,3857340,209.0
44,3857400,162.0
44,3857460,211.0
44,3857520,209.0
44,3857580,163.0
44,3857640,238.0
44,3857700,213.0
44,3857760,188.0
44,3857820,189.0
44,3857880,204.0
44,3857940,207.0
44,3858000,192.0
44,3858060,189.0
44,3858120,174.0
44,3858180,189.0
44,3858240,229.0
44,3858300,249.0
44,3858360,183.0
44,3858420,209.0
44,3858480,200.0
44,3858540,152.0
44,3858600,237.0
44,3858660,173.0
44,3858720,203.0
44,3858780,182.0
44,3858840,197.0
44,3858900,219.0
44,3858960,267.0
44,3859020,227.0
44,3859080,222.0
44,3859140,229.0
44,3859200,235.0
44,3859260,244.0
44,3859320,211.0
44,3859380,275.0
44,3859440,264.0
44,3859500,288.0
44,3859560,225.0
44,3859620,208.0
44,3859680,258.0
44,3859740,299.0
44,3859800,277.0
44,3859860,172.0
44,3859920,158.0
44,3859980,151.0
44,3860040,165.0
44,3860100,197.0
44,3860160,215.0
44,3860220,203.0
44,3860280,229.0
44,3860340,198.0
44,3860400,171.0
44,3860460,189.0
44,3860520,234.0
44,3860580,205.0
44,3860640,196.0
44,3860700,200.0
44,3860760,247.0
44,3860820,205.0
44,3860880,243.0
44,3860940,184.0
44,3861000,165.0
44,3861060,186.0
44,3861120,195.0
44,3861180,149.0
44,3861240,204.0
44,3861300,185.0
44,3861360,208.0
44,3861420,162.0
44,3861480,226.0
44,3861540,216.0
44,3861600,235.0
44,3861660,224.0
44,3861720,216.0
44,3861780,229.0
44,3861840,211.0
44,3861900,197.0
44,3861960,210.0
44,3862020,169.0
44,3862080,166.0
44,3862140,177.0
44,3862200,143.0
44,3862260,170.0
44,3862320,186.0
44,3862380,168.0
44,3862440,170.0
44,3862500,174.0
44,3862560,222.0
44,3862620,225.0
44,3862680,214.0
44,3862740,175.0
44,3862800,148.0
44,3862860,197.0
44,3862920,190.0
44,3862980,194.0
44,3863040,160.0
44,3863100,227.0
44,3863160,203.0
44,3863220,177.0
44,3863280,154.0
44,3863340,181.0
44,3863400,246.0
44,3863460,198.0
44,3863520,251.0
44,3863580,244.0
44,3863640,231.0
44,3863700,302.0
44,3863760,182.0
44,3863820,219.0
44,3863880,216.0
44,3863940,227.0
44,3864000,156.0
44,3864060,180.0
44,3864120,220.0
44,3864180,131.0
44,3864240,167.0
44,3864300,164.0
44,3864360,198.0
44,3864420,210.0
44,3864480,151.0
44,3864540,170.0
44,3864600,225.0
44,3864660,164.0
44,3864720,188.0
44,3864780,198.0
44,3864840,194.0
44,3864900,181.0
44,3864960,191.0
44,3865020,171.0
44,3865080,163.0
44,3865140,154.0
44,3865200,154.0
44,3865260,190.0
44,3865320,176.0
44,3865380,150.0
44,3865440,190.0
44,3865500,163.0
44,3865560,190.0
44,3865620,138.0
44,3865680,201.0
44,3865740,212.0
44,3865800,211.0
44,3865860,192.0
44,3865920,152.0
44,3865980,153.0
44,3866040,170.0
44,3866100,155.0
44,3866160,178.0
44,3866220,170.0
44,3866280,186.0
44,3866340,175.0
44,3866400,187.0
44,3866460,193.0
44,3866520,219.0
44,3866580,190.0
44,3866640,194.0
44,3866820,182.0
44,3866880,219.0
44,3866940,223.0
44,3867000,235.0
44,3867060,268.0
44,3867120,249.0
44,3867180,229.0
44,3867240,214.0
44,3867300,230.0
44,3867360,225.0
44,3867420,211.0
44,3867480,230.0
44,3867540,163.0
44,3867600,160.0
44,3867660,164.0
44,3867720,172.0
44,3867780,169.0
44,3867840,214.0
44,3867900,162.0
44,3867960,149.0
44,3868020,148.0
44,3868080,186.0
44,3868140,133.0
44,3868200,142.0
44,3868260,156.0
44,3868320,207.0
44,3868380,280.0
44,3868440,198.0
44,3868500,207.0
44,3868560,215.0
44,3868620,209.0
44,3868680,185.0
44,3868740,207.0
44,3868800,112.0
44,3868860,140.0
44,3868920,138.0
44,3868980,117.0
44,3869040,111.0
44,3869100,132.0
44,3869160,168.0
44,3869220,166.0
44,3869280,166.0
44,3869340,178.0
44,3869400,170.0
44,3869460,147.0
44,3869520,135.0
44,3869580,173.0
44,3869640,140.0
44,3869700,182.0
44,3869760,159.0
44,3870000,129.0
44,3870060,180.0
44,3870120,149.0
44,3870180,178.0
44,3870240,183.0
44,3870300,193.0
44,3870360,215.0
44,3870420,192.0
44,3870480,173.0
44,3870540,165.0
44,3870600,155.0
44,3870660,129.0
44,3870720,144.0
44,3870780,147.0
44,3870840,135.0
44,3870900,141.0
44,3870960,151.0
44,3871020,166.0
44,3871080,164.0
44,3871140,145.0
44,3871200,150.0
44,3871260,181.0
44,3871320,190.0
44,3871380,224.0
44,3871440,226.0
44,3871500,240.0
44,3871560,202.0
44,3871620,214.0
44,3871680,239.0
44,3871740,196.0
44,3871800,214.0
44,3871860,141.0
44,3871920,156.0
44,3871980,134.0
44,3872040,160.0
44,3872100,211.0
44,3872160,205.0
44,3872220,195.0
44,3872280,180.0
44,3872340,147.0
44,3872400,152.0
44,3872460,144.0
44,3872520,195.0
44,3872580,218.0
44,3872640,197.0
44,3872700,136.0
44,3872760,153.0
44,3872820,166.0
44,3872880,178.0
44,3872940,180.0
44,3873000,149.0
44,3873060,165.0
44,3873120,213.0
44,3873180,180.0
44,3873240,174.0
44,3873300,145.0
44,3873360,153.0
44,3873420,146.0
44,3873480,123.0
44,3873540,147.0
44,3873600,202.0
44,3873660,246.0
44,3873720,267.0
44,3873780,240.0
44,3873840,278.0
44,3873900,270.0
44,3873960,225.0
44,3874020,248.0
44,3874080,214.0
44,3874140,217.0
44,3874200,210.0
44,3874260,232.0
44,3874320,232.0
44,3874380,206.0
44,3874440,182.0
44,3874500,185.0
44,3874560,150.0
44,3874620,192.0
44,3874680,188.0
44,3874740,214.0
44,3874800,138.0
44,3874860,150.0
44,3874920,189.0
44,3874980,204.0
44,3875040,183.0
44,3875100,233.0
44,3875160,251.0
44,3875220,227.0
44,3875280,208.0
44,3875340,168.0
44,3875400,208.0
44,3875460,202.0
44,3875520,193.0
44,3875580,239.0
44,3875640,236.0
44,3875700,230.0
44,3875760,184.0
44,3875820,231.0
44,3875880,248.0
44,3875940,206.0
44,3876000,220.0
44,3876060,181.0
44,3876120,189.0
44,3876180,167.0
44,3876240,170.0
44,3876300,191.0
44,3876360,207.0
44,3876420,226.0
44,3876480,262.0
44,3876540,204.0
44,3876600,245.0
44,3876660,264.0
44,3876720,245.0
44,3876780,202.0
44,3876840,214.0
44,3876900,198.0
44,3876960,312.0
44,3877020,244.0
44,3877080,211.0
44,3877140,193.0
44,3877200,161.0
44,3877260,146.0
44,3877320,185.0
44,3877380,168.0
44,3877440,158.0
44,3877500,207.0
44,3877560,155.0
44,3877620,194.0
44,3877680,219.0
44,3877740,278.0
44,3877800,201.0
44,3877860,271.0
44,3877920,269.0
44,3877980,281.0
44,3878040,231.0
44,3878100,277.0
44,3878160,260.0
44,3878220,231.0
44,3878280,194.0
44,3878340,192.0
44,3878400,232.0
44,3878460,208.0
44,3878520,206.0
44,3878580,204.0
44,3878640,178.0
44,3878700,218.0
44,3878760,218.0
44,3878820,204.0
44,3878880,192.0
44,3878940,190.0
44,3879000,187.0
44,3879060,188.0
44,3879120,177.0
44,3879180,219.0
44,3879240,193.0
44,3879300,169.0
44,3879360,214.0
44,3879420,184.0
44,3879480,203.0
44,3879540,258.0
44,3879600,224.0
44,3879660,231.0
44,3879720,162.0
44,3879780,165.0
44,3879840,203.0
44,3879900,201.0
44,3879960,176.0
44,3880020,194.0
44,3880080,173.0
44,3880140,201.0
44,3880200,172.0
44,3880260,169.0
44,3880320,152.0
44,3880380,146.0
44,3880440,167.0
44,3880500,208.0
44,3880560,208.0
44,3880620,200.0
44,3880680,212.0
44,3880740,216.0
44,3880800,185.0
44,3880860,154.0
44,3880920,243.0
44,3880980,218.0
44,3881040,212.0
44,3881100,180.0
44,3881160,202.0
44,3881220,175.0
44,3881280,217.0
44,3881340,202.0
44,3881400,196.0
44,3881460,150.0
44,3881520,234.0
44,3881580,216.0
44,3881640,233.0
44,3881700,244.0
44,3881760,183.0
44,3881820,212.0
44,3881880,228.0
44,3881940,254.0
44,3882000,225.0
44,3882060,228.0
44,3882120,144.0
44,3882180,162.0
44,3882240,198.0
44,3882300,222.0
44,3882360,166.0
44,3882420,162.0
44,3882480,203.0
44,3882540,160.0
44,3882600,150.0
44,3882660,146.0
44,3882720,150.0
44,3882780,170.0
44,3882840,143.0
44,3882900,239.0
44,3882960,167.0
44,3883020,188.0
44,3883080,209.0
44,3883140,145.0
44,3883200,193.0
44,3883260,156.0
44,3883320,175.0
44,3883380,127.0
44,3883440,141.0
44,3883500,103.0
44,3883560,163.0
44,3883620,160.0
44,3883680,149.0
44,3883740,149.0
44,3883800,194.0
44,3883860,130.0
44,3883920,178.0
44,3883980,185.0
44,3884040,135.0
44,3884100,176.0
44,3884160,176.0
44,3884220,143.0
44,3884280,190.0
44,3884340,112.0
44,3884400,173.0
44,3884460,154.0
44,3884520,147.0
44,3884580,211.0
44,3884640,223.0
44,3884700,225.0
44,3884760,224.0
44,3884820,218.0
44,3884880,231.0
44,3884940,205.0
44,3885000,187.0
44,3885060,208.0
44,3885120,154.0
44,3885180,135.0
44,3885240,153.0
44,3885300,150.0
44,3885360,146.0
44,3885420,132.0
44,3885480,158.0
44,3885540,138.0
44,3885600,90.0
44,3885660,151.0
44,3885720,155.0
44,3885780,151.0
44,3885840,187.0
44,3885900,190.0
44,3885960,174.0
44,3886020,122.0
44,3886080,143.0
44,3886140,140.0
44,3886200,127.0
44,3886260,156.0
44,3886320,156.0
44,3886380,177.0
44,3886440,187.0
44,3886500,201.0
44,3886560,150.0
44,3886620,167.0
44,3886680,140.0
44,3886740,139.0
44,3886800,158.0
44,3886860,154.0
44,3886920,143.0
44,3886980,116.0
44,3887040,132.0
44,3887100,135.0
44,3887160,135.0
44,3887220,96.0
44,3887280,105.0
44,3887340,123.0
44,3887400,124.0
44,3887460,101.0
44,3887520,98.0
44,3887580,128.0
44,3887640,104.0
44,3887700,103.0
44,3887760,132.0
44,3887820,107.0
44,3887880,114.0
44,3887940,134.0
45,3888000,173.0
45,3888060,113.0
45,3888120,153.0
45,3888180,185.0
45,3888240,166.0
45,3888300,127.0
45,3888360,87.0
45,3888420,108.0
45,3888480,113.0
45,3888540,98.0
45,3888600,105.0
45,3888660,126.0
45,3888720,110.0
45,3888780,101.0
45,3888840,114.0
45,3888900,148.0
45,3888960,107.0
45,3889020,138.0
45,3889080,124.0
45,3889140,168.0
45,3889200,163.0
45,3889260,133.0
45,3889320,132.0
45,3889380,101.0
45,3889440,62.0
45,3889500,67.0
45,3889560,97.0
45,3889620,116.0
45,3889680,113.0
45,3889740,98.0
45,3889800,85.0
45,3889860,72.0
45,3889920,104.0
45,3889980,88.0
45,3890040,103.0
45,3890100,94.0
45,3890160,76.0
45,3890220,87.0
45,3890280,92.0
45,3890340,110.0
45,3890400,80.0
45,3890460,65.0
45,3890520,104.0
45,3890580,103.0
45,3890640,104.0
45,3890700,80.0
45,3890760,97.0
45,3890820,101.0
45,3890880,87.0
45,3890940,151.0
45,3891000,105.0
45,3891060,105.0
45,3891120,147.0
45,3891180,136.0
45,3891240,118.0
45,3891300,98.0
45,3891360,109.0
45,3891420,96.0
45,3891480,93.0
45,3891540,94.0
45,3891600,104.0
45,3891660,89.0
45,3891720,90.0
45,3891780,99.0
45,3891840,106.0
45,3891900,132.0
45,3891960,88.0
45,3892020,83.0
45,3892080,97.0
45,3892140,114.0
45,3892200,128.0
45,3892260,124.0
45,3892320,140.0
45,3892380,110.0
45,3892440,123.0
45,3892500,66.0
45,3892560,90.0
45,3892620,86.0
45,3892680,77.0
45,3892740,69.0
45,3892800,93.0
45,3892860,92.0
45,3892920,104.0
45,3892980,91.0
45,3893040,84.0
45,3893100,68.0
45,3893160,102.0
45,3893220,88.0
45,3893280,79.0
45,3893340,94.0
45,3893400,78.0
45,3893460,68.0
45,3893520,87.0
45,3893580,68.0
45,3893640,83.0
45,3893700,94.0
45,3893760,150.0
45,3893820,118.0
45,3893880,92.0
45,3893940,91.0
45,3894000,81.0
45,3894060,64.0
45,3894120,63.0
45,3894180,75.0
45,3894240,74.0
45,3894300,66.0
45,3894360,63.0
45,3894420,46.0
45,3894480,46.0
45,3894540,72.0
45,3894600,59.0
45,3894660,52.0
45,3894720,66.0
45,3894780,42.0
45,3894840,62.0
45,3894900,49.0
45,3894960,49.0
45,3895020,61.0
45,3895080,56.0
45,3895140,28.0
45,3895200,27.0
45,3895260,59.0
45,3895320,75.0
45,3895380,72.0
45,3895440,66.0
45,3895500,63.0
45,3895560,42.0
45,3895620,68.0
45,3895680,86.0
45,3895740,81.0
45,3895800,42.0
45,3895860,56.0
45,3895920,34.0
45,3895980,40.0
45,3896040,34.0
45,3896100,38.0
45,3896160,32.0
45,3896220,38.0
45,3896280,37.0
45,3896340,47.0
45,3896400,49.0
45,3896460,46.0
45,3896520,43.0
45,3896580,37.0
45,3896640,28.0
45,3896700,23.0
45,3896760,48.0
45,3896820,34.0
45,3896880,27.0
45,3896940,26.0
45,3897000,16.0
45,3897060,26.0
45,3897120,41.0
45,3897180,27.0
45,3897240,49.0
45,3897300,12.0
45,3897360,41.0
45,3897420,39.0
45,3897480,50.0
45,3897540,41.0
45,3897600,71.0
45,3897660,60.0
45,3897720,43.0
45,3897780,70.0
45,3897840,40.0
45,3897900,44.0
45,3897960,59.0
45,3898020,34.0
45,3898080,38.0
45,3898140,48.0
45,3898200,54.0
45,3898260,59.0
45,3898320,44.0
45,3898380,76.0
45,3898440,45.0
45,3898500,78.0
45,3898560,32.0
45,3898620,55.0
45,3898680,34.0
45,3898740,48.0
45,3898800,30.0
45,3898860,54.0
45,3898920,58.0
45,3898980,74.0
45,3899040,90.0
45,3899100,36.0
45,3899160,35.0
45,3899220,42.0
45,3899280,44.0
45,3899340,57.0
45,3899400,33.0
45,3899460,32.0
45,3899520,35.0
45,3899580,47.0
45,3899640,40.0
45,3899700,40.0
45,3899760,16.0
45,3899820,22.0
45,3899880,32.0
45,3899940,19.0
45,3900000,43.0
45,3900060,55.0
45,3900120,34.0
45,3900180,65.0
45,3900240,62.0
45,3900300,62.0
45,3900360,50.0
45,3900420,24.0
45,3900480,14.0
45,3900540,13.0
45,3900600,18.0
45,3900660,13.0
45,3900720,17.0
45,3900780,10.0
45,3900840,25.0
45,3900900,22.0
45,3900960,22.0
45,3901020,22.0
45,3901080,21.0
45,3901140,16.0
45,3901200,8.0
45,3901260,6.0
45,3901320,4.0
45,3901380,17.0
45,3901440,23.0
45,3901500,7.0
45,3901560,9.0
45,3901620,10.0
45,3901680,18.0
45,3901740,19.0
45,3901800,15.0
45,3901860,10.0
45,3901920,14.0
45,3901980,19.0
45,3902040,22.0
45,3902100,15.0
45,3902160,12.0
45,3902220,13.0
45,3902280,16.0
45,3902340,7.0
45,3902400,6.0
45,3902460,17.0
45,3902520,6.0
45,3902580,18.0
45,3902640,12.0
45,3902700,12.0
45,3902760,22.0
45,3902820,13.0
45,3902880,6.0
45,3902940,12.0
45,3903000,17.0
45,3903060,18.0
45,3903120,10.0
45,3903180,16.0
45,3903240,8.0
45,3903300,15.0
45,3903360,17.0
45,3903420,13.0
45,3903480,16.0
45,3903540,14.0
45,3903600,20.0
45,3903660,6.0
45,3903720,15.0
45,3903780,17.0
45,3903840,10.0
45,3903900,20.0
45,3903960,13.0
45,3904020,16.0
45,3904080,13.0
45,3904140,5.0
45,3904200,7.0
45,3904260,2.0
45,3904320,10.0
45,3904380,6.0
45,3904440,6.0
45,3904500,4.0
45,3904560,8.0
45,3904620,6.0
45,3904680,14.0
45,3904740,6.0
45,3904800,7.0
45,3904860,5.0
45,3904920,6.0
45,3904980,5.0
45,3905040,15.0
45,3905100,7.0
45,3905160,5.0
45,3905220,7.0
45,3905280,3.0
45,3905340,19.0
45,3905400,12.0
45,3905460,7.0
45,3905520,8.0
45,3905580,10.0
45,3905640,10.0
45,3905700,10.0
45,3905760,9.0
45,3905820,8.0
45,3905880,5.0
45,3905940,1.0
45,3906000,7.0
45,3906060,17.0
45,3906120,15.0
45,3906180,23.0
45,3906240,10.0
45,3906300,14.0
45,3906360,14.0
45,3906420,9.0
45,3906480,13.0
45,3906540,9.0
45,3906600,19.0
45,3906660,8.0
45,3906720,9.0
45,3906780,6.0
45,3906840,5.0
45,3906900,12.0
45,3906960,10.0
45,3907020,4.0
45,3907080,9.0
45,3907140,16.0
45,3907200,12.0
45,3907260,2.0
45,3907320,4.0
45,3907380,3.0
45,3907440,7.0
45,3907500,12.0
45,3907560,4.0
45,3907620,3.0
45,3907680,14.0
45,3907740,7.0
45,3907800,1.0
45,3907860,6.0
45,3907920,10.0
45,3907980,5.0
45,3908040,9.0
45,3908100,2.0
45,3908160,8.0
45,3908220,8.0
45,3908280,9.0
45,3908340,3.0
45,3908400,6.0
45,3908460,16.0
45,3908520,10.0
45,3908580,8.0
45,3908640,10.0
45,3908700,14.0
45,3908760,34.0
45,3908820,35.0
45,3908880,34.0
45,3908940,48.0
45,3909000,33.0
45,3909060,12.0
45,3909120,14.0
45,3909180,22.0
45,3909240,12.0
45,3909300,44.0
45,3909360,43.0
45,3909420,46.0
45,3909480,49.0
45,3909540,44.0
45,3909600,38.0
45,3909660,32.0
45,3909720,48.0
45,3909780,33.0
45,3909840,28.0
45,3909900,38.0
45,3909960,36.0
45,3910020,22.0
45,3910080,32.0
45,3910140,50.0
45,3910200,26.0
45,3910260,28.0
45,3910320,26.0
45,3910380,32.0
45,3910440,37.0
45,3910500,43.0
45,3910560,63.0
45,3910620,38.0
45,3910680,35.0
45,3910740,29.0
45,3910800,37.0
45,3910860,35.0
45,3910920,28.0
45,3910980,32.0
45,3911040,43.0
45,3911100,8.0
45,3911160,7.0
45,3911220,19.0
45,3911280,16.0
45,3911340,13.0
45,3911400,14.0
45,3911460,15.0
45,3911520,43.0
45,3911580,13.0
45,3911640,16.0
45,3911700,12.0
45,3911760,17.0
45,3911820,7.0
45,3911880,6.0
45,3911940,4.0
45,3912000,9.0
45,3912060,3.0
45,3912120,6.0
45,3912180,6.0
45,3912240,9.0
45,3912300,16.0
45,3912360,20.0
45,3912420,13.0
45,3912480,22.0
45,3912540,20.0
45,3912600,17.0
45,3912660,8.0
45,3912720,20.0
45,3912780,14.0
45,3912840,5.0
45,3912900,17.0
45,3912960,16.0
45,3913020,15.0
45,3913080,18.0
45,3913140,24.0
45,3913200,18.0
45,3913260,38.0
45,3913320,36.0
45,3913380,33.0
45,3913440,27.0
45,3913500,33.0
45,3913560,23.0
45,3913620,26.0
45,3913680,41.0
45,3913740,16.0
45,3913800,16.0
45,3913860,24.0
45,3913920,18.0
45,3913980,34.0
45,3914040,30.0
45,3914100,21.0
45,3914160,27.0
45,3914220,60.0
45,3914280,79.0
45,3914340,75.0
45,3914400,44.0
45,3914460,37.0
45,3914520,54.0
45,3914580,75.0
45,3914640,43.0
45,3914700,38.0
45,3914760,41.0
45,3914820,96.0
45,3914880,89.0
45,3914940,79.0
45,3915000,98.0
45,3915060,65.0
45,3915120,38.0
45,3915180,52.0
45,3915240,61.0
45,3915300,63.0
45,3915360,58.0
45,3915420,56.0
45,3915480,65.0
45,3915540,46.0
45,3915600,54.0
45,3915660,56.0
45,3915720,57.0
45,3915780,51.0
45,3915840,52.0
45,3915900,41.0
45,3915960,74.0
45,3916020,83.0
45,3916080,38.0
45,3916140,59.0
45,3916200,66.0
45,3916260,44.0
45,3916320,63.0
45,3916380,75.0
45,3916440,50.0
45,3916500,91.0
45,3916560,86.0
45,3916620,100.0
45,3916680,87.0
45,3916740,80.0
45,3916800,76.0
45,3916860,129.0
45,3916920,104.0
45,3916980,104.0
45,3917040,76.0
45,3917100,89.0
45,3917160,133.0
45,3917220,93.0
45,3917280,94.0
45,3917340,144.0
45,3917400,144.0
45,3917460,151.0
45,3917520,212.0
45,3917580,150.0
45,3917640,159.0
45,3917700,210.0
45,3917760,191.0
45,3917820,143.0
45,3917880,160.0
45,3917940,124.0
45,3918000,118.0
45,3918060,97.0
45,3918120,89.0
45,3918180,122.0
45,3918240,142.0
45,3918300,136.0
45,3918360,127.0
45,3918420,136.0
45,3918480,132.0
45,3918540,141.0
45,3918600,108.0
45,3918660,131.0
45,3918720,139.0
45,3918780,163.0
45,3918840,131.0
45,3918900,170.0
45,3918960,124.0
45,3919020,120.0
45,3919080,125.0
45,3919140,151.0
45,3919200,143.0
45,3919260,159.0
45,3919320,121.0
45,3919380,146.0
45,3919440,153.0
45,3919500,211.0
45,3919560,191.0
45,3919620,135.0
45,3919680,200.0
45,3919740,206.0
45,3919800,169.0
45,3919860,191.0
45,3919920,186.0
45,3919980,243.0
45,3920040,202.0
45,3920100,249.0
45,3920160,219.0
45,3920220,238.0
45,3920280,233.0
45,3920340,212.0
45,3920400,184.0
45,3920460,207.0
45,3920520,226.0
45,3920580,225.0
45,3920640,318.0
45,3920700,289.0
45,3920760,313.0
45,3920820,288.0
45,3920880,295.0
45,3920940,315.0
45,3921000,319.0
45,3921060,356.0
45,3921120,298.0
45,3921180,308.0
45,3921240,231.0
45,3921300,264.0
45,3921360,319.0
45,3921420,257.0
45,3921480,285.0
45,3921540,276.0
45,3921600,324.0
45,3921660,264.0
45,3921720,273.0
45,3921780,261.0
45,3921840,319.0
45,3921900,272.0
45,3921960,341.0
45,3922020,290.0
45,3922080,321.0
45,3922140,304.0
45,3922200,319.0
45,3922260,366.0
45,3922320,326.0
45,3922380,290.0
45,3922440,294.0
45,3922500,364.0
45,3922560,370.0
45,3922620,351.0
45,3922680,291.0
45,3922740,292.0
45,3922800,341.0
45,3922860,369.0
45,3922920,310.0
45,3922980,391.0
45,3923040,321.0
45,3923160,350.0
45,3923220,331.0
45,3923280,308.0
45,3923340,375.0
45,3923400,394.0
45,3923460,379.0
45,3923520,340.0
45,3923640,337.0
45,3923700,382.0
45,3923820,350.0
45,3923880,387.0
45,3923940,395.0
45,3924000,270.0
45,3924060,349.0
45,3924120,393.0
45,3924180,388.0
45,3924300,358.0
45,3924360,368.0
45,3924420,359.0
45,3924600,359.0
45,3924660,394.0
45,3924720,392.0
45,3924780,376.0
45,3924840,293.0
45,3924900,361.0
45,3925080,395.0
45,3925320,370.0
45,3925380,315.0
45,3925440,352.0
45,3925500,359.0
45,3925560,327.0
45,3925620,340.0
45,3925680,372.0
45,3925740,328.0
45,3925800,371.0
45,3925920,300.0
45,3925980,391.0
45,3926040,348.0
45,3926100,335.0
45,3926160,334.0
45,3926280,341.0
45,3926340,328.0
45,3926400,326.0
45,3926460,353.0
45,3926520,345.0
45,3926580,269.0
45,3926640,321.0
45,3926700,322.0
45,3926760,363.0
45,3926820,335.0
45,3926880,244.0
45,3926940,357.0
45,3927000,290.0
45,3927060,272.0
45,3927120,239.0
45,3927180,274.0
45,3927240,269.0
45,3927300,248.0
45,3927360,274.0
45,3927420,346.0
45,3927480,302.0
45,3927600,205.0
45,3927660,262.0
45,3927720,191.0
45,3927780,238.0
45,3927840,284.0
45,3927900,235.0
45,3927960,249.0
45,3928020,289.0
45,3928080,243.0
45,3928140,312.0
45,3928200,264.0
45,3928260,341.0
45,3928320,337.0
45,3928380,358.0
45,3928440,304.0
45,3928500,328.0
45,3928560,323.0
45,3928620,363.0
45,3928680,323.0
45,3928740,363.0
45,3928800,342.0
45,3928860,328.0
45,3928920,379.0
45,3928980,312.0
45,3929040,360.0
45,3929100,290.0
45,3929160,393.0
45,3929220,317.0
45,3929280,295.0
45,3929340,297.0
45,3929400,279.0
45,3929460,326.0
45,3929520,294.0
45,3929580,306.0
45,3929640,310.0
45,3929700,279.0
45,3929760,357.0
45,3929820,375.0
45,3929880,349.0
45,3929940,299.0
45,3930000,312.0
45,3930060,252.0
45,3930120,300.0
45,3930180,350.0
45,3930240,375.0
45,3930300,358.0
45,3930360,312.0
45,3930420,375.0
45,3930480,343.0
45,3930540,340.0
45,3930600,319.0
45,3930660,372.0
45,3930720,277.0
45,3930780,284.0
45,3930840,289.0
45,3930900,293.0
45,3930960,327.0
45,3931020,270.0
45,3931080,242.0
45,3931140,247.0
45,3931200,291.0
45,3931260,352.0
45,3931380,348.0
45,3931440,346.0
45,3931500,357.0
45,3931560,334.0
45,3931620,340.0
45,3931680,368.0
45,3931740,306.0
45,3931800,324.0
45,3931860,345.0
45,3931920,249.0
45,3931980,220.0
45,3932040,317.0
45,3932100,285.0
45,3932160,293.0
45,3932220,298.0
45,3932280,281.0
45,3932340,307.0
45,3932400,267.0
45,3932460,219.0
45,3932520,242.0
45,3932580,247.0
45,3932640,232.0
45,3932700,244.0
45,3932760,227.0
45,3932820,317.0
45,3932880,296.0
45,3932940,293.0
45,3933000,294.0
45,3933060,240.0
45,3933120,255.0
45,3933180,255.0
45,3933240,282.0
45,3933300,222.0
45,3933360,244.0
45,3933420,223.0
45,3933480,256.0
45,3933540,274.0
45,3933600,311.0
45,3933660,273.0
45,3933720,254.0
45,3933780,270.0
45,3933840,220.0
45,3933900,248.0
45,3933960,260.0
45,3934020,287.0
45,3934080,292.0
45,3934140,260.0
45,3934200,215.0
45,3934260,282.0
45,3934320,272.0
45,3934380,277.0
45,3934440,238.0
45,3934500,216.0
45,3934560,255.0
45,3934620,224.0
45,3934680,256.0
45,3934740,181.0
45,3934800,217.0
45,3934860,275.0
45,3934920,299.0
45,3934980,254.0
45,3935040,291.0
45,3935100,280.0
45,3935160,310.0
45,3935220,301.0
45,3935280,304.0
45,3935340,189.0
45,3935400,232.0
45,3935460,248.0
45,3935520,209.0
45,3935580,282.0
45,3935640,293.0
45,3935700,281.0
45,3935760,218.0
45,3935820,300.0
45,3935880,287.0
45,3935940,209.0
45,3936000,228.0
45,3936060,231.0
45,3936120,272.0
45,3936180,193.0
45,3936240,187.0
45,3936300,238.0
45,3936360,271.0
45,3936420,172.0
45,3936480,238.0
45,3936540,236.0
45,3936600,292.0
45,3936660,223.0
45,3936720,218.0
45,3936780,177.0
45,3936840,245.0
45,3936900,196.0
45,3936960,210.0
45,3937020,206.0
45,3937080,227.0
45,3937140,255.0
45,3937200,224.0
45,3937260,257.0
45,3937320,256.0
45,3937380,240.0
45,3937440,208.0
45,3937500,258.0
45,3937560,235.0
45,3937620,227.0
45,3937680,231.0
45,3937740,254.0
45,3937800,235.0
45,3937860,198.0
45,3937920,211.0
45,3937980,243.0
45,3938040,252.0
45,3938100,248.0
45,3938160,243.0
45,3938220,257.0
45,3938280,277.0
45,3938340,216.0
45,3938400,252.0
45,3938460,255.0
45,3938520,225.0
45,3938580,256.0
45,3938640,269.0
45,3938700,240.0
45,3938760,291.0
45,3938820,292.0
45,3938880,298.0
45,3938940,304.0
45,3939000,291.0
45,3939060,304.0
45,3939120,314.0
45,3939180,323.0
45,3939240,322.0
45,3939300,265.0
45,3939360,261.0
45,3939420,277.0
45,3939480,287.0
45,3939540,288.0
45,3939600,220.0
45,3939660,271.0
45,3939720,276.0
45,3939780,253.0
45,3939840,228.0
45,3939900,254.0
45,3939960,255.0
45,3940020,225.0
45,3940080,215.0
45,3940140,185.0
45,3940200,248.0
45,3940260,219.0
45,3940320,239.0
45,3940380,224.0
45,3940440,242.0
45,3940500,226.0
45,3940560,228.0
45,3940620,238.0
45,3940680,249.0
45,3940740,286.0
45,3940800,243.0
45,3940860,196.0
45,3940920,220.0
45,3940980,219.0
45,3941040,242.0
45,3941100,204.0
45,3941160,210.0
45,3941220,201.0
45,3941280,236.0
45,3941340,249.0
45,3941520,216.0
45,3941580,251.0
45,3941640,231.0
45,3941700,212.0
45,3941760,206.0
45,3941820,203.0
45,3941880,257.0
45,3941940,237.0
45,3942000,243.0
45,3942060,299.0
45,3942120,352.0
45,3942180,300.0
45,3942240,308.0
45,3942300,316.0
45,3942360,322.0
45,3942420,281.0
45,3942480,306.0
45,3942540,309.0
45,3942600,322.0
45,3942660,284.0
45,3942720,296.0
45,3942780,245.0
45,3942840,275.0
45,3942900,300.0
45,3942960,326.0
45,3943020,290.0
45,3943080,309.0
45,3943140,247.0
45,3943200,308.0
45,3943260,239.0
45,3943320,327.0
45,3943380,261.0
45,3943500,292.0
45,3943560,255.0
45,3943620,289.0
45,3943680,297.0
45,3943740,232.0
45,3943800,242.0
45,3943860,277.0
45,3943920,262.0
45,3943980,291.0
45,3944040,274.0
45,3944100,214.0
45,3944160,272.0
45,3944220,261.0
45,3944280,279.0
45,3944340,254.0
45,3944400,257.0
45,3944460,262.0
45,3944520,264.0
45,3944580,303.0
45,3944640,254.0
45,3944700,299.0
45,3944760,301.0
45,3944820,291.0
45,3944880,235.0
45,3944940,281.0
45,3945000,279.0
45,3945060,281.0
45,3945120,226.0
45,3945180,298.0
45,3945240,314.0
45,3945300,247.0
45,3945360,275.0
45,3945480,303.0
45,3945540,276.0
45,3945600,304.0
45,3945660,298.0
45,3945720,368.0
45,3945780,314.0
45,3945840,262.0
45,3945900,255.0
45,3945960,268.0
45,3946020,310.0
45,3946080,299.0
45,3946140,304.0
45,3946200,320.0
45,3946260,316.0
45,3946320,292.0
45,3946380,362.0
45,3946440,383.0
45,3946500,396.0
45,3946620,315.0
45,3946680,278.0
45,3946740,361.0
45,3946800,335.0
45,3946920,334.0
45,3946980,316.0
45,3947040,262.0
45,3947100,257.0
45,3947160,308.0
45,3947220,289.0
45,3947280,235.0
45,3947340,266.0
45,3947400,238.0
45,3947460,210.0
45,3947520,220.0
45,3947580,258.0
45,3947640,281.0
45,3947700,253.0
45,3947760,248.0
45,3947820,246.0
45,3947880,234.0
45,3947940,262.0
45,3948000,252.0
45,3948060,238.0
45,3948120,253.0
45,3948180,195.0
45,3948240,250.0
45,3948300,303.0
45,3948360,296.0
45,3948420,348.0
45,3948480,270.0
45,3948540,261.0
45,3948600,237.0
45,3948660,216.0
45,3948720,235.0
45,3948780,229.0
45,3948840,226.0
45,3948900,275.0
45,3948960,316.0
45,3949020,229.0
45,3949080,202.0
45,3949140,237.0
45,3949200,271.0
45,3949260,284.0
45,3949380,270.0
45,3949440,282.0
45,3949500,317.0
45,3949560,317.0
45,3949680,324.0
45,3949740,273.0
45,3949800,348.0
45,3949860,267.0
45,3949920,251.0
45,3949980,265.0
45,3950040,313.0
45,3950100,318.0
45,3950160,274.0
45,3950220,279.0
45,3950280,201.0
45,3950340,238.0
45,3950400,252.0
45,3950460,238.0
45,3950520,205.0
45,3950580,202.0
45,3950640,228.0
45,3950700,238.0
45,3950760,218.0
45,3950820,250.0
45,3950880,229.0
45,3950940,234.0
45,3951000,201.0
45,3951060,235.0
45,3951120,243.0
45,3951180,248.0
45,3951240,206.0
45,3951300,252.0
45,3951360,211.0
45,3951420,222.0
45,3951480,274.0
45,3951540,248.0
45,3951600,253.0
45,3951660,223.0
45,3951720,261.0
45,3951780,310.0
45,3951840,304.0
45,3951900,297.0
45,3951960,231.0
45,3952020,229.0
45,3952080,274.0
45,3952140,230.0
45,3952200,211.0
45,3952260,203.0
45,3952320,176.0
45,3952440,230.0
45,3952560,235.0
45,3952860,192.0
45,3952920,259.0
45,3952980,223.0
45,3953040,286.0
45,3953100,255.0
45,3953160,214.0
45,3953220,278.0
45,3953280,304.0
45,3953340,287.0
45,3953400,264.0
45,3953460,277.0
45,3953520,265.0
45,3953580,320.0
45,3953640,258.0
45,3953700,256.0
45,3953760,224.0
45,3953820,287.0
45,3953880,229.0
45,3953940,197.0
45,3954000,226.0
45,3954060,195.0
45,3954120,185.0
45,3954180,194.0
45,3954240,215.0
45,3954300,254.0
45,3954360,235.0
45,3954420,260.0
45,3954480,202.0
45,3954540,161.0
45,3954600,189.0
45,3954660,169.0
45,3954720,215.0
45,3954780,238.0
45,3954840,200.0
45,3954900,207.0
45,3954960,175.0
45,3955020,191.0
45,3955080,171.0
45,3955140,187.0
45,3955200,269.0
45,3955260,180.0
45,3955320,198.0
45,3955380,210.0
45,3955440,188.0
45,3955500,202.0
45,3955560,189.0
45,3955620,172.0
45,3955680,205.0
45,3955740,244.0
45,3955800,201.0
45,3955860,197.0
45,3955920,197.0
45,3955980,293.0
45,3956040,250.0
45,3956100,224.0
45,3956160,227.0
45,3956220,220.0
45,3956280,272.0
45,3956340,219.0
45,3956400,218.0
45,3956460,229.0
45,3956520,267.0
45,3956580,284.0
45,3956640,285.0
45,3956700,293.0
45,3956760,254.0
45,3956820,275.0
45,3956880,252.0
45,3956940,279.0
45,3957000,193.0
45,3957060,209.0
45,3957120,145.0
45,3957180,217.0
45,3957240,238.0
45,3957300,270.0
45,3957360,243.0
45,3957420,237.0
45,3957480,224.0
45,3957540,200.0
45,3957600,253.0
45,3957660,205.0
45,3957720,196.0
45,3957780,219.0
45,3957840,207.0
45,3957900,197.0
45,3957960,205.0
45,3958020,205.0
45,3958080,233.0
45,3958140,227.0
45,3958200,297.0
45,3958260,191.0
45,3958320,246.0
45,3958380,252.0
45,3958440,208.0
45,3958500,239.0
45,3958560,279.0
45,3958620,290.0
45,3958680,299.0
45,3958740,259.0
45,3958800,265.0
45,3958860,261.0
45,3958920,259.0
45,3958980,273.0
45,3959040,227.0
45,3959100,228.0
45,3959160,239.0
45,3959220,253.0
45,3959280,295.0
45,3959340,258.0
45,3959400,211.0
45,3959460,272.0
45,3959520,225.0
45,3959580,247.0
45,3959640,294.0
45,3959700,224.0
45,3959760,209.0
45,3959820,224.0
45,3959880,262.0
45,3959940,255.0
45,3960000,275.0
45,3960060,327.0
45,3960120,277.0
45,3960180,247.0
45,3960240,207.0
45,3960300,216.0
45,3960360,217.0
45,3960420,218.0
45,3960480,187.0
45,3960540,232.0
45,3960600,290.0
45,3960660,243.0
45,3960720,271.0
45,3960780,286.0
45,3960840,303.0
45,3960900,303.0
45,3960960,272.0
45,3961020,267.0
45,3961080,306.0
45,3961140,238.0
45,3961200,272.0
45,3961260,251.0
45,3961320,273.0
45,3961380,303.0
45,3961440,271.0
45,3961500,243.0
45,3961560,224.0
45,3961620,233.0
45,3961680,258.0
45,3961740,216.0
45,3961800,229.0
45,3961860,293.0
45,3961920,232.0
45,3961980,266.0
45,3962040,251.0
45,3962100,238.0
45,3962160,258.0
45,3962220,228.0
45,3962280,245.0
45,3962340,280.0
45,3962400,296.0
45,3962460,218.0
45,3962520,295.0
45,3962580,239.0
45,3962640,250.0
45,3962700,279.0
45,3962760,279.0
45,3962820,252.0
45,3962880,289.0
45,3962940,233.0
45,3963000,275.0
45,3963060,265.0
45,3963120,258.0
45,3963180,260.0
45,3963240,222.0
45,3963300,256.0
45,3963360,269.0
45,3963420,260.0
45,3963480,246.0
45,3963540,225.0
45,3963600,234.0
45,3963660,274.0
45,3963720,243.0
45,3963780,256.0
45,3963840,309.0
45,3963900,280.0
45,3963960,318.0
45,3964020,291.0
45,3964080,322.0
45,3964140,290.0
45,3964200,233.0
45,3964260,304.0
45,3964320,285.0
45,3964380,261.0
45,3964440,238.0
45,3964500,270.0
45,3964560,256.0
45,3964620,254.0
45,3964680,234.0
45,3964740,236.0
45,3964800,260.0
45,3964860,267.0
45,3964920,284.0
45,3964980,280.0
45,3965040,370.0
45,3965100,291.0
45,3965160,352.0
45,3965220,307.0
45,3965280,273.0
45,3965340,266.0
45,3965400,275.0
45,3965460,238.0
45,3965520,219.0
45,3965580,272.0
45,3965640,288.0
45,3965700,230.0
45,3965760,213.0
45,3965820,250.0
45,3965880,248.0
45,3965940,267.0
45,3966000,282.0
45,3966060,243.0
45,3966120,254.0
45,3966180,235.0
45,3966240,269.0
45,3966300,270.0
45,3966360,324.0
45,3966420,286.0
45,3966480,262.0
45,3966540,304.0
45,3966600,236.0
45,3966660,216.0
45,3966720,205.0
45,3966780,203.0
45,3966840,210.0
45,3966900,208.0
45,3966960,271.0
45,3967020,209.0
45,3967080,223.0
45,3967140,226.0
45,3967200,230.0
45,3967260,214.0
45,3967320,258.0
45,3967380,259.0
45,3967440,238.0
45,3967500,239.0
45,3967560,251.0
45,3967620,170.0
45,3967680,252.0
45,3967740,246.0
45,3967800,247.0
45,3967860,233.0
45,3967920,203.0
45,3967980,196.0
45,3968040,267.0
45,3968100,269.0
45,3968160,259.0
45,3968220,213.0
45,3968280,190.0
45,3968340,211.0
45,3968400,227.0
45,3968460,247.0
45,3968520,189.0
45,3968580,230.0
45,3968640,197.0
45,3968700,210.0
45,3968760,244.0
45,3968820,230.0
45,3968880,226.0
45,3968940,246.0
45,3969000,206.0
45,3969060,242.0
45,3969120,227.0
45,3969180,240.0
45,3969240,194.0
45,3969300,237.0
45,3969360,243.0
45,3969420,225.0
45,3969480,238.0
45,3969540,173.0
45,3969600,198.0
45,3969660,187.0
45,3969720,171.0
45,3969780,191.0
45,3969840,231.0
45,3969900,235.0
45,3969960,275.0
45,3970020,201.0
45,3970080,240.0
45,3970140,214.0
45,3970200,183.0
45,3970260,177.0
45,3970320,177.0
45,3970380,190.0
45,3970440,165.0
45,3970500,182.0
45,3970560,204.0
45,3970620,142.0
45,3970680,207.0
45,3970740,194.0
45,3970800,220.0
45,3970860,188.0
45,3970920,215.0
45,3970980,161.0
45,3971040,167.0
45,3971100,171.0
45,3971160,176.0
45,3971220,155.0
45,3971280,173.0
45,3971340,208.0
45,3971400,245.0
45,3971460,250.0
45,3971520,210.0
45,3971580,204.0
45,3971640,195.0
45,3971700,192.0
45,3971760,177.0
45,3971820,205.0
45,3971880,195.0
45,3971940,201.0
45,3972000,140.0
45,3972060,174.0
45,3972120,144.0
45,3972180,176.0
45,3972240,153.0
45,3972300,205.0
45,3972360,159.0
45,3972420,182.0
45,3972480,164.0
45,3972540,162.0
45,3972600,143.0
45,3972660,134.0
45,3972720,142.0
45,3972780,152.0
45,3972840,158.0
45,3972900,139.0
45,3972960,144.0
45,3973020,146.0
45,3973080,123.0
45,3973140,161.0
45,3973200,131.0
45,3973260,143.0
45,3973320,163.0
45,3973380,166.0
45,3973440,145.0
45,3973500,127.0
45,3973560,139.0
45,3973620,111.0
45,3973680,156.0
45,3973740,160.0
45,3973800,167.0
45,3973860,122.0
45,3973920,147.0
45,3973980,122.0
45,3974040,126.0
45,3974100,112.0
45,3974160,91.0
45,3974220,177.0
45,3974280,153.0
45,3974340,132.0
46,3974400,98.0
46,3974460,175.0
46,3974520,197.0
46,3974580,187.0
46,3974640,150.0
46,3974700,192.0
46,3974760,151.0
46,3974820,89.0
46,3974880,129.0
46,3974940,114.0
46,3975000,155.0
46,3975060,110.0
46,3975120,170.0
46,3975180,134.0
46,3975240,106.0
46,3975300,155.0
46,3975360,160.0
46,3975420,146.0
46,3975480,160.0
46,3975540,108.0
46,3975600,140.0
46,3975660,122.0
46,3975720,129.0
46,3975780,100.0
46,3975840,127.0
46,3975900,122.0
46,3975960,99.0
46,3976020,89.0
46,3976080,96.0
46,3976140,92.0
46,3976200,96.0
46,3976260,80.0
46,3976320,106.0
46,3976380,105.0
46,3976440,111.0
46,3976500,99.0
46,3976560,88.0
46,3976620,113.0
46,3976680,102.0
46,3976740,68.0
46,3976800,75.0
46,3976860,80.0
46,3976920,82.0
46,3976980,83.0
46,3977040,101.0
46,3977100,131.0
46,3977160,88.0
46,3977220,87.0
46,3977280,86.0
46,3977340,84.0
46,3977400,97.0
46,3977460,71.0
46,3977520,91.0
46,3977580,86.0
46,3977640,79.0
46,3977700,67.0
46,3977760,70.0
46,3977820,76.0
46,3977880,72.0
46,3977940,66.0
46,3978000,64.0
46,3978060,83.0
46,3978120,125.0
46,3978180,182.0
46,3978240,200.0
46,3978300,169.0
46,3978360,163.0
46,3978420,168.0
46,3978480,190.0
46,3978540,197.0
46,3978600,191.0
46,3978660,227.0
46,3978720,172.0
46,3978780,127.0
46,3978840,108.0
46,3978900,121.0
46,3978960,99.0
46,3979020,99.0
46,3979080,113.0
46,3979140,69.0
46,3979200,90.0
46,3979260,67.0
46,3979320,87.0
46,3979380,64.0
46,3979440,61.0
46,3979500,69.0
46,3979560,52.0
46,3979620,60.0
46,3979680,85.0
46,3979740,52.0
46,3979800,100.0
46,3979860,82.0
46,3979920,51.0
46,3979980,59.0
46,3980040,38.0
46,3980100,30.0
46,3980160,52.0
46,3980220,47.0
46,3980280,50.0
46,3980340,84.0
46,3980400,78.0
46,3980460,78.0
46,3980520,51.0
46,3980580,55.0
46,3980640,63.0
46,3980700,48.0
46,3980760,50.0
46,3980820,38.0
46,3980880,59.0
46,3980940,71.0
46,3981000,81.0
46,3981060,75.0
46,3981120,86.0
46,3981180,77.0
46,3981240,35.0
46,3981300,61.0
46,3981360,42.0
46,3981420,39.0
46,3981480,41.0
46,3981540,52.0
46,3981600,44.0
46,3981660,40.0
46,3981720,36.0
46,3981780,44.0
46,3981840,41.0
46,3981900,49.0
46,3981960,110.0
46,3982020,89.0
46,3982080,47.0
46,3982140,79.0
46,3982200,93.0
46,3982260,106.0
46,3982320,105.0
46,3982380,105.0
46,3982440,92.0
46,3982500,87.0
46,3982560,88.0
46,3982620,61.0
46,3982680,48.0
46,3982740,40.0
46,3982800,26.0
46,3982860,32.0
46,3982920,28.0
46,3982980,44.0
46,3983040,26.0
46,3983100,46.0
46,3983160,27.0
46,3983220,27.0
46,3983280,40.0
46,3983340,41.0
46,3983400,45.0
46,3983460,35.0
46,3983520,35.0
46,3983580,22.0
46,3983640,45.0
46,3983700,27.0
46,3983760,27.0
46,3983820,37.0
46,3983880,37.0
46,3983940,39.0
46,3984000,24.0
46,3984060,21.0
46,3984120,26.0
46,3984180,18.0
46,3984240,41.0
46,3984300,38.0
46,3984360,35.0
46,3984420,38.0
46,3984480,13.0
46,3984540,29.0
46,3984600,23.0
46,3984660,30.0
46,3984720,36.0
46,3984780,13.0
46,3984840,34.0
46,3984900,14.0
46,3984960,34.0
46,3985020,32.0
46,3985080,27.0
46,3985140,24.0
46,3985200,14.0
46,3985260,24.0
46,3985320,22.0
46,3985380,27.0
46,3985440,28.0
46,3985500,32.0
46,3985560,28.0
46,3985620,32.0
46,3985680,20.0
46,3985740,32.0
46,3985800,24.0
46,3985860,41.0
46,3985920,37.0
46,3985980,35.0
46,3986040,32.0
46,3986100,25.0
46,3986160,24.0
46,3986220,28.0
46,3986280,28.0
46,3986340,27.0
46,3986400,38.0
46,3986460,38.0
46,3986520,24.0
46,3986580,35.0
46,3986640,36.0
46,3986700,8.0
46,3986760,16.0
46,3986820,27.0
46,3986880,15.0
46,3986940,12.0
46,3987000,36.0
46,3987060,25.0
46,3987120,20.0
46,3987180,26.0
46,3987240,29.0
46,3987300,24.0
46,3987360,23.0
46,3987420,10.0
46,3987480,16.0
46,3987540,19.0
46,3987600,22.0
46,3987660,25.0
46,3987720,28.0
46,3987780,20.0
46,3987840,23.0
46,3987900,26.0
46,3987960,9.0
46,3988020,12.0
46,3988080,17.0
46,3988140,40.0
46,3988200,25.0
46,3988260,16.0
46,3988320,19.0
46,3988380,19.0
46,3988440,9.0
46,3988500,20.0
46,3988560,10.0
46,3988620,22.0
46,3988680,18.0
46,3988740,21.0
46,3988800,29.0
46,3988860,28.0
46,3988920,22.0
46,3988980,15.0
46,3989040,19.0
46,3989100,4.0
46,3989160,19.0
46,3989220,13.0
46,3989280,15.0
46,3989340,20.0
46,3989400,4.0
46,3989460,8.0
46,3989520,23.0
46,3989580,17.0
46,3989640,18.0
46,3989700,20.0
46,3989760,20.0
46,3989820,6.0
46,3989880,5.0
46,3989940,18.0
46,3990000,15.0
46,3990060,9.0
46,3990120,4.0
46,3990180,20.0
46,3990240,8.0
46,3990300,13.0
46,3990360,8.0
46,3990420,10.0
46,3990480,9.0
46,3990540,10.0
46,3990600,3.0
46,3990660,8.0
46,3990720,10.0
46,3990780,16.0
46,3990840,26.0
46,3990900,16.0
46,3990960,30.0
46,3991020,8.0
46,3991080,5.0
46,3991140,12.0
46,3991200,43.0
46,3991260,37.0
46,3991320,32.0
46,3991380,28.0
46,3991440,26.0
46,3991500,30.0
46,3991560,26.0
46,3991620,26.0
46,3991680,27.0
46,3991740,26.0
46,3991800,37.0
46,3991860,20.0
46,3991920,15.0
46,3991980,17.0
46,3992040,26.0
46,3992100,19.0
46,3992160,16.0
46,3992220,12.0
46,3992280,12.0
46,3992340,12.0
46,3992400,13.0
46,3992460,18.0
46,3992520,23.0
46,3992580,16.0
46,3992640,17.0
46,3992700,20.0
46,3992760,26.0
46,3992820,14.0
46,3992880,17.0
46,3992940,13.0
46,3993000,13.0
46,3993060,5.0
46,3993120,9.0
46,3993180,16.0
46,3993240,15.0
46,3993300,19.0
46,3993360,20.0
46,3993420,14.0
46,3993480,23.0
46,3993540,23.0
46,3993600,3.0
46,3993660,6.0
46,3993720,5.0
46,3993780,3.0
46,3993840,4.0
46,3993900,3.0
46,3993960,6.0
46,3994020,10.0
46,3994080,8.0
46,3994140,6.0
46,3994200,5.0
46,3994260,12.0
46,3994320,8.0
46,3994380,7.0
46,3994440,13.0
46,3994500,15.0
46,3994560,44.0
46,3994620,29.0
46,3994680,55.0
46,3994740,55.0
46,3994800,42.0
46,3994860,42.0
46,3994920,34.0
46,3994980,26.0
46,3995040,50.0
46,3995100,51.0
46,3995160,52.0
46,3995220,48.0
46,3995280,7.0
46,3995340,17.0
46,3995400,5.0
46,3995460,7.0
46,3995520,4.0
46,3995580,5.0
46,3995640,8.0
46,3995700,7.0
46,3995760,9.0
46,3995820,1.0
46,3995880,6.0
46,3995940,6.0
46,3996000,9.0
46,3996060,15.0
46,3996120,14.0
46,3996180,17.0
46,3996240,9.0
46,3996300,13.0
46,3996360,10.0
46,3996420,12.0
46,3996480,8.0
46,3996540,5.0
46,3996600,5.0
46,3996660,9.0
46,3996720,14.0
46,3996780,20.0
46,3996840,18.0
46,3996900,10.0
46,3996960,10.0
46,3997020,10.0
46,3997080,4.0
46,3997140,13.0
46,3997200,10.0
46,3997260,19.0
46,3997320,10.0
46,3997380,14.0
46,3997440,10.0
46,3997500,8.0
46,3997560,14.0
46,3997620,2.0
46,3997680,15.0
46,3997740,5.0
46,3997800,5.0
46,3997860,9.0
46,3997920,12.0
46,3997980,8.0
46,3998040,10.0
46,3998100,16.0
46,3998160,17.0
46,3998220,14.0
46,3998280,10.0
46,3998340,12.0
46,3998400,18.0
46,3998460,22.0
46,3998520,8.0
46,3998580,15.0
46,3998640,5.0
46,3998700,7.0
46,3998760,8.0
46,3998820,8.0
46,3998880,9.0
46,3998940,9.0
46,3999000,10.0
46,3999060,14.0
46,3999120,9.0
46,3999180,12.0
46,3999240,18.0
46,3999300,10.0
46,3999360,21.0
46,3999420,33.0
46,3999480,15.0
46,3999540,10.0
46,3999600,12.0
46,3999660,16.0
46,3999720,20.0
46,3999780,19.0
46,3999840,15.0
46,3999900,20.0
46,3999960,22.0
46,4000020,20.0
46,4000080,28.0
46,4000140,25.0
46,4000200,27.0
46,4000260,27.0
46,4000320,12.0
46,4000380,8.0
46,4000440,12.0
46,4000500,25.0
46,4000560,25.0
46,4000620,23.0
46,4000680,30.0
46,4000740,29.0
46,4000800,28.0
46,4000860,20.0
46,4000920,47.0
46,4000980,32.0
46,4001040,36.0
46,4001100,33.0
46,4001160,34.0
46,4001220,26.0
46,4001280,15.0
46,4001340,17.0
46,4001400,37.0
46,4001460,60.0
46,4001520,79.0
46,4001580,76.0
46,4001640,63.0
46,4001700,52.0
46,4001760,63.0
46,4001820,54.0
46,4001880,62.0
46,4001940,70.0
46,4002000,55.0
46,4002060,92.0
46,4002120,64.0
46,4002180,54.0
46,4002240,93.0
46,4002300,62.0
46,4002360,32.0
46,4002420,66.0
46,4002480,89.0
46,4002540,92.0
46,4002600,84.0
46,4002660,52.0
46,4002720,68.0
46,4002780,23.0
46,4002840,34.0
46,4002900,55.0
46,4002960,46.0
46,4003020,60.0
46,4003080,68.0
46,4003140,39.0
46,4003200,35.0
46,4003260,44.0
46,4003320,47.0
46,4003380,66.0
46,4003440,51.0
46,4003500,67.0
46,4003560,120.0
46,4003620,109.0
46,4003680,116.0
46,4003740,86.0
46,4003800,94.0
46,4003860,70.0
46,4003920,74.0
46,4003980,108.0
46,4004040,100.0
46,4004100,88.0
46,4004160,69.0
46,4004220,60.0
46,4004280,54.0
46,4004340,123.0
46,4004400,74.0
46,4004460,91.0
46,4004520,98.0
46,4004580,86.0
46,4004640,78.0
46,4004700,86.0
46,4004760,101.0
46,4004820,86.0
46,4004880,93.0
46,4004940,173.0
46,4005000,135.0
46,4005060,125.0
46,4005120,93.0
46,4005180,87.0
46,4005240,101.0
46,4005300,102.0
46,4005360,98.0
46,4005420,100.0
46,4005480,105.0
46,4005540,82.0
46,4005600,114.0
46,4005660,76.0
46,4005720,132.0
46,4005780,111.0
46,4005840,84.0
46,4005900,99.0
46,4005960,92.0
46,4006020,99.0
46,4006080,124.0
46,4006140,112.0
46,4006200,105.0
46,4006260,118.0
46,4006320,114.0
46,4006380,78.0
46,4006440,106.0
46,4006500,131.0
46,4006560,152.0
46,4006620,140.0
46,4006680,142.0
46,4006740,143.0
46,4006800,111.0
46,4006860,131.0
46,4006920,145.0
46,4006980,140.0
46,4007040,134.0
46,4007100,117.0
46,4007160,156.0
46,4007220,138.0
46,4007280,148.0
46,4007340,122.0
46,4007400,160.0
46,4007460,186.0
46,4007520,160.0
46,4007580,197.0
46,4007640,209.0
46,4007700,176.0
46,4007760,202.0
46,4007820,211.0
46,4007880,211.0
46,4007940,224.0
46,4008000,215.0
46,4008060,217.0
46,4008120,219.0
46,4008180,164.0
46,4008240,171.0
46,4008300,195.0
46,4008360,217.0
46,4008420,224.0
46,4008480,185.0
46,4008540,166.0
46,4008600,184.0
46,4008660,190.0
46,4008720,185.0
46,4008780,135.0
46,4008840,133.0
46,4008900,151.0
46,4008960,177.0
46,4009020,154.0
46,4009080,168.0
46,4009140,211.0
46,4009200,223.0
46,4009260,233.0
46,4009320,194.0
46,4009380,190.0
46,4009440,223.0
46,4009500,176.0
46,4009560,211.0
46,4009620,188.0
46,4009680,239.0
46,4009740,237.0
46,4009800,250.0
46,4009860,166.0
46,4009920,231.0
46,4009980,260.0
46,4010040,216.0
46,4010100,260.0
46,4010160,222.0
46,4010220,224.0
46,4010280,183.0
46,4010340,144.0
46,4010400,163.0
46,4010460,232.0
46,4010520,269.0
46,4010580,251.0
46,4010640,293.0
46,4010700,271.0
46,4010760,269.0
46,4010820,258.0
46,4010880,290.0
46,4010940,264.0
46,4011000,229.0
46,4011060,306.0
46,4011120,262.0
46,4011180,204.0
46,4011240,174.0
46,4011300,182.0
46,4011360,205.0
46,4011420,279.0
46,4011480,201.0
46,4011540,203.0
46,4011600,208.0
46,4011660,191.0
46,4011720,193.0
46,4011780,218.0
46,4011840,207.0
46,4011900,178.0
46,4011960,237.0
46,4012020,177.0
46,4012080,168.0
46,4012260,163.0
46,4012320,172.0
46,4012380,193.0
46,4012440,158.0
46,4012500,158.0
46,4012560,184.0
46,4012620,183.0
46,4012680,239.0
46,4012740,174.0
46,4012800,205.0
46,4012860,197.0
46,4012920,173.0
46,4012980,154.0
46,4013040,175.0
46,4013100,169.0
46,4013160,191.0
46,4013220,185.0
46,4013280,196.0
46,4013340,191.0
46,4013400,194.0
46,4013460,148.0
46,4013520,176.0
46,4013580,154.0
46,4013640,167.0
46,4013700,186.0
46,4013760,186.0
46,4013820,167.0
46,4013880,246.0
46,4013940,207.0
46,4014000,225.0
46,4014060,161.0
46,4014120,181.0
46,4014180,167.0
46,4014240,228.0
46,4014300,254.0
46,4014360,266.0
46,4014420,251.0
46,4014480,201.0
46,4014540,274.0
46,4014600,209.0
46,4014660,181.0
46,4014720,253.0
46,4014780,210.0
46,4014840,323.0
46,4014900,261.0
46,4014960,197.0
46,4015020,186.0
46,4015080,163.0
46,4015140,182.0
46,4015200,196.0
46,4015260,238.0
46,4015320,235.0
46,4015380,212.0
46,4015440,178.0
46,4015500,210.0
46,4015560,156.0
46,4015620,184.0
46,4015680,202.0
46,4015740,175.0
46,4015800,200.0
46,4015860,206.0
46,4015920,187.0
46,4015980,205.0
46,4016040,236.0
46,4016100,281.0
46,4016160,212.0
46,4016220,177.0
46,4016280,216.0
46,4016340,206.0
46,4016400,208.0
46,4016460,174.0
46,4016520,196.0
46,4016580,206.0
46,4016640,246.0
46,4016700,216.0
46,4016760,195.0
46,4016820,210.0
46,4016880,232.0
46,4016940,264.0
46,4017000,284.0
46,4017060,219.0
46,4017120,189.0
46,4017180,212.0
46,4017240,214.0
46,4017300,197.0
46,4017420,208.0
46,4017480,243.0
46,4017540,236.0
46,4017600,203.0
46,4017660,168.0
46,4017720,193.0
46,4017780,201.0
46,4017840,204.0
46,4017900,191.0
46,4017960,146.0
46,4018020,172.0
46,4018080,182.0
46,4018140,174.0
46,4018200,150.0
46,4018260,177.0
46,4018320,194.0
46,4018380,165.0
46,4018440,200.0
46,4018500,223.0
46,4018560,170.0
46,4018620,231.0
46,4018680,154.0
46,4018740,166.0
46,4018800,156.0
46,4018860,142.0
46,4018920,177.0
46,4018980,206.0
46,4019040,172.0
46,4019100,159.0
46,4019160,168.0
46,4019220,168.0
46,4019280,167.0
46,4019340,149.0
46,4019400,128.0
46,4019460,173.0
46,4019520,147.0
46,4019580,158.0
46,4019640,162.0
46,4019700,144.0
46,4019760,178.0
46,4019820,184.0
46,4019880,191.0
46,4019940,159.0
46,4020000,160.0
46,4020060,217.0
46,4020120,144.0
46,4020180,153.0
46,4020240,176.0
46,4020300,168.0
46,4020360,207.0
46,4020420,188.0
46,4020480,170.0
46,4020540,123.0
46,4020600,145.0
46,4020660,159.0
46,4020720,171.0
46,4020780,146.0
46,4020840,194.0
46,4020900,256.0
46,4020960,198.0
46,4021020,174.0
46,4021080,160.0
46,4021140,166.0
46,4021200,144.0
46,4021260,122.0
46,4021320,160.0
46,4021380,134.0
46,4021440,146.0
46,4021500,113.0
46,4021560,132.0
46,4021620,123.0
46,4021680,148.0
46,4021740,139.0
46,4021800,135.0
46,4021860,116.0
46,4021920,183.0
46,4021980,191.0
46,4022040,140.0
46,4022100,150.0
46,4022160,103.0
46,4022220,145.0
46,4022280,116.0
46,4022340,171.0
46,4022400,132.0
46,4022460,139.0
46,4022520,128.0
46,4022580,156.0
46,4022640,158.0
46,4022700,146.0
46,4022760,152.0
46,4022820,129.0
46,4022880,158.0
46,4022940,202.0
46,4023000,184.0
46,4023060,177.0
46,4023120,198.0
46,4023180,196.0
46,4023240,195.0
46,4023300,173.0
46,4023360,225.0
46,4023420,226.0
46,4023480,163.0
46,4023540,233.0
46,4023600,186.0
46,4023660,220.0
46,4023720,195.0
46,4023780,173.0
46,4023840,134.0
46,4023900,143.0
46,4023960,158.0
46,4024020,166.0
46,4024080,161.0
46,4024140,214.0
46,4024200,161.0
46,4024260,180.0
46,4024320,146.0
46,4024380,126.0
46,4024440,141.0
46,4024500,163.0
46,4024560,148.0
46,4024620,160.0
46,4024680,129.0
46,4024740,135.0
46,4024800,181.0
46,4024860,219.0
46,4024920,208.0
46,4024980,185.0
46,4025040,217.0
46,4025100,240.0
46,4025160,230.0
46,4025220,183.0
46,4025280,172.0
46,4025340,188.0
46,4025400,152.0
46,4025460,147.0
46,4025520,187.0
46,4025580,166.0
46,4025640,132.0
46,4025700,177.0
46,4025760,133.0
46,4025820,131.0
46,4025880,145.0
46,4025940,139.0
46,4026000,102.0
46,4026060,169.0
46,4026120,180.0
46,4026180,153.0
46,4026240,149.0
46,4026300,190.0
46,4026360,133.0
46,4026420,174.0
46,4026480,178.0
46,4026540,185.0
46,4026600,208.0
46,4026660,176.0
46,4026720,152.0
46,4026780,175.0
46,4026840,159.0
46,4026900,177.0
46,4026960,124.0
46,4027020,178.0
46,4027080,149.0
46,4027140,188.0
46,4027200,189.0
46,4027260,183.0
46,4027320,164.0
46,4027380,140.0
46,4027440,161.0
46,4027500,128.0
46,4027560,153.0
46,4027620,162.0
46,4027680,159.0
46,4027740,158.0
46,4027800,175.0
46,4027860,144.0
46,4027920,203.0
46,4027980,184.0
46,4028040,204.0
46,4028100,158.0
46,4028160,147.0
46,4028220,138.0
46,4028280,174.0
46,4028340,177.0
46,4028400,148.0
46,4028460,161.0
46,4028520,176.0
46,4028580,187.0
46,4028640,210.0
46,4028700,239.0
46,4028760,230.0
46,4028820,203.0
46,4028880,240.0
46,4028940,200.0
46,4029000,220.0
46,4029060,222.0
46,4029120,226.0
46,4029180,206.0
46,4029240,176.0
46,4029300,202.0
46,4029360,153.0
46,4029420,178.0
46,4029480,176.0
46,4029540,239.0
46,4029600,245.0
46,4029660,244.0
46,4029720,218.0
46,4029780,171.0
46,4029840,224.0
46,4029900,186.0
46,4029960,156.0
46,4030020,223.0
46,4030080,175.0
46,4030140,203.0
46,4030200,250.0
46,4030260,196.0
46,4030320,155.0
46,4030380,175.0
46,4030440,255.0
46,4030500,176.0
46,4030560,197.0
46,4030620,230.0
46,4030680,194.0
46,4030740,251.0
46,4030800,224.0
46,4030860,210.0
46,4030920,212.0
46,4030980,218.0
46,4031040,194.0
46,4031100,154.0
46,4031160,163.0
46,4031220,174.0
46,4031280,206.0
46,4031340,228.0
46,4031400,196.0
46,4031460,139.0
46,4031520,149.0
46,4031580,161.0
46,4031640,200.0
46,4031700,150.0
46,4031760,183.0
46,4031820,228.0
46,4031880,192.0
46,4031940,209.0
46,4032000,165.0
46,4032060,203.0
46,4032120,156.0
46,4032180,245.0
46,4032240,239.0
46,4032300,218.0
46,4032360,247.0
46,4032420,268.0
46,4032480,230.0
46,4032540,206.0
46,4032600,188.0
46,4032660,169.0
46,4032720,195.0
46,4032780,159.0
46,4032840,215.0
46,4032900,175.0
46,4032960,174.0
46,4033020,213.0
46,4033080,209.0
46,4033140,265.0
46,4033200,239.0
46,4033260,232.0
46,4033320,211.0
46,4033380,201.0
46,4033440,187.0
46,4033500,240.0
46,4033560,193.0
46,4033620,217.0
46,4033680,182.0
46,4033740,172.0
46,4033800,173.0
46,4033860,146.0
46,4033920,200.0
46,4033980,176.0
46,4034040,151.0
46,4034100,130.0
46,4034160,168.0
46,4034220,174.0
46,4034280,206.0
46,4034340,213.0
46,4034400,158.0
46,4034460,203.0
46,4034520,240.0
46,4034580,180.0
46,4034640,181.0
46,4034700,229.0
46,4034760,201.0
46,4034820,171.0
46,4034880,205.0
46,4034940,177.0
46,4035000,195.0
46,4035060,162.0
46,4035120,143.0
46,4035180,139.0
46,4035240,207.0
46,4035300,195.0
46,4035360,147.0
46,4035420,176.0
46,4035480,141.0
46,4035540,177.0
46,4035600,180.0
46,4035660,242.0
46,4035720,250.0
46,4035780,268.0
46,4035840,248.0
46,4035900,256.0
46,4035960,184.0
46,4036020,243.0
46,4036080,135.0
46,4036140,207.0
46,4036200,164.0
46,4036320,165.0
46,4036380,226.0
46,4036440,213.0
46,4036500,195.0
46,4036560,244.0
46,4036620,244.0
46,4036680,175.0
46,4036740,206.0
46,4036800,138.0
46,4036860,139.0
46,4036920,184.0
46,4036980,225.0
46,4037040,181.0
46,4037100,173.0
46,4037160,235.0
46,4037220,217.0
46,4037280,180.0
46,4037340,184.0
46,4037400,163.0
46,4037460,165.0
46,4037520,156.0
46,4037580,168.0
46,4037640,165.0
46,4037700,169.0
46,4037760,150.0
46,4037820,152.0
46,4037880,193.0
46,4037940,200.0
46,4038000,187.0
46,4038060,135.0
46,4038120,174.0
46,4038180,150.0
46,4038240,153.0
46,4038300,194.0
46,4038360,174.0
46,4038420,178.0
46,4038480,165.0
46,4038540,217.0
46,4038600,196.0
46,4038660,161.0
46,4038720,183.0
46,4038780,145.0
46,4038840,197.0
46,4038900,194.0
46,4038960,187.0
46,4039020,189.0
46,4039080,129.0
46,4039140,187.0
46,4039200,154.0
46,4039260,150.0
46,4039320,214.0
46,4039380,208.0
46,4039500,198.0
46,4039740,224.0
46,4039800,186.0
46,4039860,216.0
46,4039920,231.0
46,4039980,211.0
46,4040040,192.0
46,4040100,220.0
46,4040160,193.0
46,4040220,191.0
46,4040280,185.0
46,4040340,171.0
46,4040400,209.0
46,4040460,161.0
46,4040520,122.0
46,4040580,131.0
46,4040640,130.0
46,4040700,156.0
46,4040760,135.0
46,4040820,166.0
46,4040880,151.0
46,4040940,131.0
46,4041000,135.0
46,4041060,165.0
46,4041120,186.0
46,4041180,159.0
46,4041240,146.0
46,4041300,136.0
46,4041360,148.0
46,4041420,147.0
46,4041480,131.0
46,4041540,155.0
46,4041600,164.0
46,4041660,182.0
46,4041720,146.0
46,4041780,183.0
46,4041840,153.0
46,4041900,148.0
46,4041960,193.0
46,4042020,152.0
46,4042080,172.0
46,4042140,167.0
46,4042200,209.0
46,4042260,196.0
46,4042320,178.0
46,4042380,180.0
46,4042440,205.0
46,4042500,180.0
46,4042560,229.0
46,4042620,186.0
46,4042680,215.0
46,4042740,172.0
46,4042800,193.0
46,4042860,173.0
46,4042920,191.0
46,4042980,176.0
46,4043040,166.0
46,4043100,205.0
46,4043160,161.0
46,4043220,124.0
46,4043280,184.0
46,4043340,182.0
46,4043400,215.0
46,4043460,176.0
46,4043520,153.0
46,4043580,160.0
46,4043640,186.0
46,4043700,151.0
46,4043760,161.0
46,4043820,171.0
46,4043880,212.0
46,4043940,196.0
46,4044000,191.0
46,4044060,180.0
46,4044120,182.0
46,4044180,165.0
46,4044240,188.0
46,4044300,191.0
46,4044360,193.0
46,4044420,225.0
46,4044480,224.0
46,4044540,198.0
46,4044600,169.0
46,4044660,154.0
46,4044720,166.0
46,4044780,139.0
46,4044840,169.0
46,4044900,167.0
46,4044960,205.0
46,4045020,149.0
46,4045080,152.0
46,4045140,209.0
46,4045200,210.0
46,4045260,273.0
46,4045320,291.0
46,4045380,261.0
46,4045440,228.0
46,4045500,262.0
46,4045560,212.0
46,4045620,225.0
46,4045680,222.0
46,4045740,259.0
46,4045800,256.0
46,4045860,237.0
46,4045920,206.0
46,4045980,229.0
46,4046040,211.0
46,4046100,223.0
46,4046160,256.0
46,4046220,242.0
46,4046280,225.0
46,4046340,176.0
46,4046400,242.0
46,4046460,293.0
46,4046520,270.0
46,4046580,278.0
46,4046640,249.0
46,4046700,357.0
46,4046760,351.0
46,4046820,270.0
46,4046880,255.0
46,4046940,267.0
46,4047000,209.0
46,4047060,222.0
46,4047120,255.0
46,4047180,260.0
46,4047240,211.0
46,4047300,233.0
46,4047360,210.0
46,4047420,210.0
46,4047480,194.0
46,4047540,226.0
46,4047600,235.0
46,4047660,232.0
46,4047720,202.0
46,4047780,215.0
46,4047840,223.0
46,4047900,198.0
46,4047960,229.0
46,4048020,289.0
46,4048080,257.0
46,4048140,245.0
46,4048200,227.0
46,4048260,223.0
46,4048320,218.0
46,4048380,252.0
46,4048440,229.0
46,4048500,198.0
46,4048560,196.0
46,4048620,191.0
46,4048680,264.0
46,4048740,222.0
46,4048800,228.0
46,4048860,216.0
46,4048920,243.0
46,4048980,232.0
46,4049040,246.0
46,4049100,272.0
46,4049160,323.0
46,4049220,198.0
46,4049280,204.0
46,4049340,174.0
46,4049400,155.0
46,4049460,215.0
46,4049520,164.0
46,4049580,187.0
46,4049640,180.0
46,4049700,204.0
46,4049760,272.0
46,4049820,257.0
46,4049880,200.0
46,4049940,243.0
46,4050000,215.0
46,4050060,258.0
46,4050120,262.0
46,4050180,235.0
46,4050240,251.0
46,4050300,249.0
46,4050360,253.0
46,4050420,279.0
46,4050480,257.0
46,4050540,217.0
46,4050600,223.0
46,4050660,256.0
46,4050720,188.0
46,4050780,249.0
46,4050840,274.0
46,4050900,232.0
46,4050960,204.0
46,4051020,213.0
46,4051080,196.0
46,4051140,173.0
46,4051200,218.0
46,4051260,231.0
46,4051320,161.0
46,4051380,209.0
46,4051440,219.0
46,4051500,204.0
46,4051560,161.0
46,4051620,196.0
46,4051680,180.0
46,4051740,202.0
46,4051800,175.0
46,4051860,185.0
46,4051920,198.0
46,4051980,203.0
46,4052040,273.0
46,4052100,201.0
46,4052160,194.0
46,4052220,188.0
46,4052280,198.0
46,4052340,186.0
46,4052400,200.0
46,4052460,206.0
46,4052520,237.0
46,4052580,217.0
46,4052640,226.0
46,4052700,151.0
46,4052760,161.0
46,4052820,173.0
46,4052880,191.0
46,4052940,203.0
46,4053000,209.0
46,4053060,203.0
46,4053120,184.0
46,4053180,165.0
46,4053240,210.0
46,4053300,203.0
46,4053360,170.0
46,4053420,170.0
46,4053480,165.0
46,4053540,120.0
46,4053600,195.0
46,4053660,162.0
46,4053720,178.0
46,4053780,233.0
46,4053840,172.0
46,4053900,165.0
46,4053960,198.0
46,4054020,190.0
46,4054080,270.0
46,4054140,191.0
46,4054200,218.0
46,4054260,242.0
46,4054320,255.0
46,4054380,275.0
46,4054440,222.0
46,4054500,204.0
46,4054560,213.0
46,4054620,273.0
46,4054680,234.0
46,4054740,189.0
46,4054800,194.0
46,4054860,213.0
46,4054920,257.0
46,4054980,194.0
46,4055040,198.0
46,4055100,161.0
46,4055160,216.0
46,4055220,171.0
46,4055280,173.0
46,4055340,151.0
46,4055400,195.0
46,4055460,189.0
46,4055520,160.0
46,4055580,114.0
46,4055640,171.0
46,4055700,175.0
46,4055760,211.0
46,4055820,173.0
46,4055880,243.0
46,4055940,212.0
46,4056000,173.0
46,4056060,141.0
46,4056120,136.0
46,4056180,120.0
46,4056240,153.0
46,4056300,190.0
46,4056360,192.0
46,4056420,182.0
46,4056480,197.0
46,4056540,193.0
46,4056600,197.0
46,4056660,194.0
46,4056720,145.0
46,4056780,182.0
46,4056840,186.0
46,4056900,204.0
46,4056960,170.0
46,4057020,193.0
46,4057080,190.0
46,4057140,174.0
46,4057200,168.0
46,4057260,212.0
46,4057320,165.0
46,4057380,205.0
46,4057440,191.0
46,4057500,223.0
46,4057560,217.0
46,4057620,168.0
46,4057680,162.0
46,4057740,236.0
46,4057800,191.0
46,4057860,182.0
46,4057920,166.0
46,4057980,134.0
46,4058040,183.0
46,4058100,189.0
46,4058160,141.0
46,4058220,146.0
46,4058280,168.0
46,4058340,153.0
46,4058400,174.0
46,4058460,203.0
46,4058520,148.0
46,4058580,168.0
46,4058640,170.0
46,4058700,163.0
46,4058760,140.0
46,4058820,190.0
46,4058880,160.0
46,4058940,140.0
46,4059000,154.0
46,4059060,120.0
46,4059120,158.0
46,4059180,145.0
46,4059240,145.0
46,4059300,134.0
46,4059360,168.0
46,4059420,143.0
46,4059480,169.0
46,4059540,171.0
46,4059600,143.0
46,4059660,149.0
46,4059720,156.0
46,4059780,142.0
46,4059840,120.0
46,4059900,106.0
46,4059960,125.0
46,4060020,161.0
46,4060080,134.0
46,4060140,165.0
46,4060200,175.0
46,4060260,154.0
46,4060320,118.0
46,4060380,144.0
46,4060440,114.0
46,4060500,107.0
46,4060560,124.0
46,4060620,100.0
46,4060680,91.0
46,4060740,108.0
47,4060800,101.0
47,4060860,136.0
47,4060920,128.0
47,4060980,133.0
47,4061040,134.0
47,4061100,100.0
47,4061160,117.0
47,4061220,133.0
47,4061280,116.0
47,4061340,141.0
47,4061400,109.0
47,4061460,144.0
47,4061520,107.0
47,4061580,106.0
47,4061640,106.0
47,4061700,116.0
47,4061760,141.0
47,4061820,145.0
47,4061880,109.0
47,4061940,118.0
47,4062000,130.0
47,4062060,109.0
47,4062120,130.0
47,4062180,111.0
47,4062240,112.0
47,4062300,134.0
47,4062360,101.0
47,4062420,92.0
47,4062480,76.0
47,4062540,123.0
47,4062600,125.0
47,4062660,91.0
47,4062720,113.0
47,4062780,98.0
47,4062840,148.0
47,4062900,80.0
47,4062960,110.0
47,4063020,65.0
47,4063080,85.0
47,4063140,88.0
47,4063200,93.0
47,4063260,135.0
47,4063320,165.0
47,4063380,94.0
47,4063440,72.0
47,4063500,83.0
47,4063560,52.0
47,4063620,94.0
47,4063680,104.0
47,4063740,75.0
47,4063800,60.0
47,4063860,69.0
47,4063920,90.0
47,4063980,98.0
47,4064040,108.0
47,4064100,119.0
47,4064160,112.0
47,4064220,78.0
47,4064280,58.0
47,4064340,81.0
47,4064400,89.0
47,4064460,86.0
47,4064520,89.0
47,4064580,88.0
47,4064640,93.0
47,4064700,91.0
47,4064760,118.0
47,4064820,120.0
47,4064880,126.0
47,4064940,124.0
47,4065000,141.0
47,4065060,122.0
47,4065120,139.0
47,4065180,143.0
47,4065240,134.0
47,4065300,160.0
47,4065360,68.0
47,4065420,54.0
47,4065480,65.0
47,4065540,86.0
47,4065600,65.0
47,4065660,78.0
47,4065720,78.0
47,4065780,82.0
47,4065840,74.0
47,4065900,81.0
47,4065960,68.0
47,4066020,78.0
47,4066080,57.0
47,4066140,54.0
47,4066200,80.0
47,4066260,71.0
47,4066320,40.0
47,4066380,44.0
47,4066440,68.0
47,4066500,71.0
47,4066560,77.0
47,4066620,54.0
47,4066680,56.0
47,4066740,42.0
47,4066800,40.0
47,4066860,50.0
47,4066920,52.0
47,4066980,48.0
47,4067040,27.0
47,4067100,39.0
47,4067160,45.0
47,4067220,36.0
47,4067280,58.0
47,4067340,56.0
47,4067400,49.0
47,4067460,39.0
47,4067520,37.0
47,4067580,63.0
47,4067640,56.0
47,4067700,55.0
47,4067760,49.0
47,4067820,57.0
47,4067880,64.0
47,4067940,43.0
47,4068000,61.0
47,4068060,121.0
47,4068120,124.0
47,4068180,160.0
47,4068240,193.0
47,4068300,160.0
47,4068360,126.0
47,4068420,101.0
47,4068480,128.0
47,4068540,79.0
47,4068600,91.0
47,4068660,111.0
47,4068720,119.0
47,4068780,91.0
47,4068840,89.0
47,4068900,106.0
47,4068960,78.0
47,4069020,71.0
47,4069080,62.0
47,4069140,65.0
47,4069200,55.0
47,4069260,74.0
47,4069320,63.0
47,4069380,51.0
47,4069440,39.0
47,4069500,39.0
47,4069560,46.0
47,4069620,48.0
47,4069680,57.0
47,4069740,47.0
47,4069800,42.0
47,4069860,58.0
47,4069920,47.0
47,4069980,45.0
47,4070040,51.0
47,4070100,46.0
47,4070160,44.0
47,4070220,38.0
47,4070280,38.0
47,4070340,45.0
47,4070400,27.0
47,4070460,49.0
47,4070520,27.0
47,4070580,41.0
47,4070640,43.0
47,4070700,37.0
47,4070760,41.0
47,4070820,26.0
47,4070880,28.0
47,4070940,34.0
47,4071000,25.0
47,4071060,21.0
47,4071120,36.0
47,4071180,24.0
47,4071240,27.0
47,4071300,21.0
47,4071360,26.0
47,4071420,29.0
47,4071480,27.0
47,4071540,54.0
47,4071600,91.0
47,4071660,63.0
47,4071720,55.0
47,4071780,66.0
47,4071840,76.0
47,4071900,83.0
47,4071960,83.0
47,4072020,66.0
47,4072080,55.0
47,4072140,55.0
47,4072200,82.0
47,4072260,69.0
47,4072320,32.0
47,4072380,17.0
47,4072440,35.0
47,4072500,21.0
47,4072560,32.0
47,4072620,29.0
47,4072680,21.0
47,4072740,29.0
47,4072800,16.0
47,4072860,25.0
47,4072920,25.0
47,4072980,15.0
47,4073040,26.0
47,4073100,23.0
47,4073160,49.0
47,4073220,27.0
47,4073280,36.0
47,4073340,15.0
47,4073400,16.0
47,4073460,17.0
47,4073520,30.0
47,4073580,20.0
47,4073640,30.0
47,4073700,38.0
47,4073760,25.0
47,4073820,35.0
47,4073880,25.0
47,4073940,20.0
47,4074000,22.0
47,4074060,29.0
47,4074120,24.0
47,4074180,7.0
47,4074240,26.0
47,4074300,28.0
47,4074360,20.0
47,4074420,26.0
47,4074480,29.0
47,4074540,18.0
47,4074600,24.0
47,4074660,12.0
47,4074720,15.0
47,4074780,18.0
47,4074840,3.0
47,4074900,22.0
47,4074960,19.0
47,4075020,12.0
47,4075080,14.0
47,4075140,18.0
47,4075200,12.0
47,4075260,21.0
47,4075320,15.0
47,4075380,18.0
47,4075440,19.0
47,4075500,29.0
47,4075560,33.0
47,4075620,23.0
47,4075680,13.0
47,4075740,32.0
47,4075800,20.0
47,4075860,21.0
47,4075920,25.0
47,4075980,21.0
47,4076040,4.0
47,4076100,14.0
47,4076160,18.0
47,4076220,6.0
47,4076280,32.0
47,4076340,35.0
47,4076400,22.0
47,4076460,14.0
47,4076520,15.0
47,4076580,19.0
47,4076640,8.0
47,4076700,15.0
47,4076760,14.0
47,4076820,10.0
47,4076880,17.0
47,4076940,10.0
47,4077000,13.0
47,4077060,18.0
47,4077120,22.0
47,4077180,18.0
47,4077240,10.0
47,4077300,15.0
47,4077360,10.0
47,4077420,10.0
47,4077480,13.0
47,4077540,7.0
47,4077600,16.0
47,4077660,27.0
47,4077720,20.0
47,4077780,8.0
47,4077840,16.0
47,4077900,16.0
47,4077960,19.0
47,4078020,8.0
47,4078080,8.0
47,4078140,19.0
47,4078200,15.0
47,4078260,8.0
47,4078320,12.0
47,4078380,10.0
47,4078440,8.0
47,4078500,10.0
47,4078560,18.0
47,4078620,9.0
47,4078680,9.0
47,4078740,7.0
47,4078800,23.0
47,4078860,7.0
47,4078920,15.0
47,4078980,12.0
47,4079040,21.0
47,4079100,10.0
47,4079160,8.0
47,4079220,13.0
47,4079280,7.0
47,4079340,6.0
47,4079400,6.0
47,4079460,8.0
47,4079520,21.0
47,4079580,3.0
47,4079640,6.0
47,4079700,12.0
47,4079760,8.0
47,4079820,17.0
47,4079880,15.0
47,4079940,20.0
47,4080000,12.0
47,4080060,10.0
47,4080120,7.0
47,4080180,7.0
47,4080240,19.0
47,4080300,21.0
47,4080360,22.0
47,4080420,17.0
47,4080480,10.0
47,4080540,22.0
47,4080600,21.0
47,4080660,4.0
47,4080720,8.0
47,4080780,8.0
47,4080840,12.0
47,4080900,13.0
47,4080960,18.0
47,4081020,6.0
47,4081080,5.0
47,4081140,10.0
47,4081200,16.0
47,4081260,18.0
47,4081320,21.0
47,4081380,8.0
47,4081440,3.0
47,4081500,9.0
47,4081560,18.0
47,4081620,18.0
47,4081680,15.0
47,4081740,9.0
47,4081800,33.0
47,4081860,14.0
47,4081920,8.0
47,4081980,9.0
47,4082040,7.0
47,4082100,25.0
47,4082160,43.0
47,4082220,40.0
47,4082280,58.0
47,4082340,8.0
47,4082400,18.0
47,4082460,4.0
47,4082520,17.0
47,4082580,8.0
47,4082640,23.0
47,4082700,24.0
47,4082760,36.0
47,4082820,24.0
47,4082880,33.0
47,4082940,12.0
47,4083000,34.0
47,4083060,24.0
47,4083120,25.0
47,4083180,39.0
47,4083240,37.0
47,4083300,49.0
47,4083360,58.0
47,4083420,39.0
47,4083480,18.0
47,4083540,54.0
47,4083600,33.0
47,4083660,36.0
47,4083720,58.0
47,4083780,44.0
47,4083840,56.0
47,4083900,63.0
47,4083960,43.0
47,4084020,58.0
47,4084080,36.0
47,4084140,26.0
47,4084200,5.0
47,4084260,16.0
47,4084320,12.0
47,4084380,8.0
47,4084440,32.0
47,4084500,14.0
47,4084560,12.0
47,4084620,7.0
47,4084680,13.0
47,4084740,22.0
47,4084800,15.0
47,4084860,23.0
47,4084920,24.0
47,4084980,16.0
47,4085040,13.0
47,4085100,15.0
47,4085160,24.0
47,4085220,22.0
47,4085280,21.0
47,4085340,26.0
47,4085400,18.0
47,4085460,22.0
47,4085520,22.0
47,4085580,15.0
47,4085640,32.0
47,4085700,26.0
47,4085760,15.0
47,4085820,19.0
47,4085880,20.0
47,4085940,26.0
47,4086000,23.0
47,4086060,17.0
47,4086120,8.0
47,4086180,27.0
47,4086240,22.0
47,4086300,20.0
47,4086360,35.0
47,4086420,26.0
47,4086480,27.0
47,4086540,37.0
47,4086600,45.0
47,4086660,48.0
47,4086720,49.0
47,4086780,33.0
47,4086840,33.0
47,4086900,22.0
47,4086960,29.0
47,4087020,28.0
47,4087080,25.0
47,4087140,33.0
47,4087200,43.0
47,4087260,26.0
47,4087320,56.0
47,4087380,37.0
47,4087440,51.0
47,4087500,57.0
47,4087560,45.0
47,4087620,47.0
47,4087680,54.0
47,4087740,56.0
47,4087800,41.0
47,4087860,40.0
47,4087920,54.0
47,4087980,55.0
47,4088040,79.0
47,4088100,61.0
47,4088160,69.0
47,4088220,65.0
47,4088280,62.0
47,4088340,75.0
47,4088400,71.0
47,4088460,110.0
47,4088520,69.0
47,4088580,58.0
47,4088640,67.0
47,4088700,59.0
47,4088760,66.0
47,4088820,82.0
47,4088880,86.0
47,4088940,92.0
47,4089000,104.0
47,4089060,124.0
47,4089120,140.0
47,4089180,116.0
47,4089240,91.0
47,4089300,111.0
47,4089360,92.0
47,4089420,124.0
47,4089480,109.0
47,4089540,140.0
47,4089600,121.0
47,4089660,144.0
47,4089720,116.0
47,4089780,125.0
47,4089840,135.0
47,4089900,166.0
47,4089960,140.0
47,4090020,150.0
47,4090080,159.0
47,4090140,174.0
47,4090200,209.0
47,4090260,220.0
47,4090320,118.0
47,4090380,116.0
47,4090440,175.0
47,4090500,155.0
47,4090560,171.0
47,4090620,152.0
47,4090680,130.0
47,4090740,127.0
47,4090800,128.0
47,4090860,160.0
47,4090920,160.0
47,4090980,117.0
47,4091040,181.0
47,4091100,140.0
47,4091160,149.0
47,4091220,135.0
47,4091280,143.0
47,4091340,107.0
47,4091400,149.0
47,4091460,168.0
47,4091520,145.0
47,4091580,145.0
47,4091640,184.0
47,4091700,150.0
47,4091760,171.0
47,4091820,181.0
47,4091880,214.0
47,4091940,198.0
47,4092000,149.0
47,4092060,200.0
47,4092120,201.0
47,4092180,209.0
47,4092240,191.0
47,4092300,192.0
47,4092360,160.0
47,4092420,226.0
47,4092480,190.0
47,4092540,222.0
47,4092600,211.0
47,4092660,206.0
47,4092720,237.0
47,4092780,229.0
47,4092840,245.0
47,4092900,244.0
47,4092960,262.0
47,4093020,270.0
47,4093080,288.0
47,4093140,279.0
47,4093200,253.0
47,4093260,235.0
47,4093320,268.0
47,4093380,265.0
47,4093440,332.0
47,4093500,320.0
47,4093560,290.0
47,4093620,307.0
47,4093680,275.0
47,4093740,255.0
47,4093800,310.0
47,4093860,289.0
47,4093920,254.0
47,4093980,307.0
47,4094040,321.0
47,4094100,250.0
47,4094160,287.0
47,4094220,317.0
47,4094280,255.0
47,4094340,290.0
47,4094400,258.0
47,4094460,227.0
47,4094520,260.0
47,4094580,215.0
47,4094640,265.0
47,4094700,299.0
47,4094760,262.0
47,4094820,313.0
47,4094880,275.0
47,4094940,301.0
47,4095000,311.0
47,4095060,306.0
47,4095120,281.0
47,4095180,313.0
47,4095240,313.0
47,4095300,324.0
47,4095360,333.0
47,4095420,357.0
47,4095480,304.0
47,4095540,350.0
47,4095600,320.0
47,4095660,296.0
47,4095720,311.0
47,4095780,295.0
47,4095840,363.0
47,4095900,353.0
47,4095960,365.0
47,4096020,299.0
47,4096080,315.0
47,4096140,316.0
47,4096200,394.0
47,4096260,392.0
47,4096320,379.0
47,4096380,353.0
47,4096440,311.0
47,4096500,306.0
47,4096560,306.0
47,4096620,314.0
47,4096680,335.0
47,4096740,311.0
47,4096800,316.0
47,4096860,300.0
47,4096920,330.0
47,4096980,346.0
47,4097040,348.0
47,4097160,351.0
47,4097220,337.0
47,4097280,333.0
47,4097340,339.0
47,4097400,388.0
47,4097460,327.0
47,4097520,331.0
47,4097580,346.0
47,4097640,377.0
47,4097700,320.0
47,4097760,323.0
47,4097820,384.0
47,4097880,298.0
47,4097940,320.0
47,4098000,323.0
47,4098060,298.0
47,4098120,331.0
47,4098180,254.0
47,4098240,285.0
47,4098300,378.0
47,4098360,355.0
47,4098420,328.0
47,4098480,290.0
47,4098540,318.0
47,4098600,298.0
47,4098660,331.0
47,4098720,319.0
47,4098780,297.0
47,4098840,264.0
47,4098900,388.0
47,4098960,303.0
47,4099020,378.0
47,4099080,328.0
47,4099140,307.0
47,4099200,327.0
47,4099260,307.0
47,4099320,360.0
47,4099380,331.0
47,4099440,322.0
47,4099500,314.0
47,4099560,331.0
47,4099800,351.0
47,4099860,373.0
47,4099980,388.0
47,4100040,396.0
47,4100100,394.0
47,4100160,380.0
47,4100220,378.0
47,4100280,329.0
47,4100340,343.0
47,4100460,368.0
47,4101000,385.0
47,4101060,373.0
47,4101120,340.0
47,4101180,375.0
47,4101240,359.0
47,4101300,348.0
47,4101360,359.0
47,4101420,359.0
47,4101480,383.0
47,4101660,286.0
47,4101720,312.0
47,4101960,386.0
47,4102020,384.0
47,4102140,312.0
47,4102200,291.0
47,4102260,296.0
47,4102320,328.0
47,4102380,352.0
47,4102440,319.0
47,4102500,345.0
47,4102560,342.0
47,4102620,373.0
47,4102680,357.0
47,4102740,375.0
47,4102800,356.0
47,4102860,361.0
47,4102920,314.0
47,4102980,254.0
47,4103040,233.0
47,4103100,336.0
47,4103160,358.0
47,4103220,311.0
47,4103280,334.0
47,4103400,339.0
47,4103460,338.0
47,4103520,320.0
47,4103580,286.0
47,4103640,341.0
47,4103700,361.0
47,4103760,299.0
47,4103820,265.0
47,4103880,277.0
47,4103940,311.0
47,4104000,232.0
47,4104060,276.0
47,4104120,280.0
47,4104180,244.0
47,4104240,321.0
47,4104300,317.0
47,4104360,285.0
47,4104420,297.0
47,4104480,275.0
47,4104540,267.0
47,4104600,362.0
47,4104660,296.0
47,4104780,268.0
47,4104840,298.0
47,4104960,297.0
47,4105020,315.0
47,4105080,266.0
47,4105140,338.0
47,4105200,380.0
47,4105320,358.0
47,4105380,341.0
47,4105440,339.0
47,4105500,286.0
47,4105560,345.0
47,4105620,380.0
47,4105680,379.0
47,4105740,237.0
47,4105800,316.0
47,4105860,255.0
47,4105920,256.0
47,4105980,285.0
47,4106040,218.0
47,4106100,242.0
47,4106160,286.0
47,4106220,295.0
47,4106280,267.0
47,4106340,298.0
47,4106400,328.0
47,4106460,295.0
47,4106520,306.0
47,4106580,282.0
47,4106640,313.0
47,4106700,280.0
47,4106760,292.0
47,4106820,259.0
47,4106880,337.0
47,4106940,292.0
47,4107000,324.0
47,4107060,298.0
47,4107120,321.0
47,4107180,392.0
47,4107240,372.0
47,4107300,368.0
47,4107360,331.0
47,4107420,258.0
47,4107480,279.0
47,4107540,289.0
47,4107600,335.0
47,4107660,365.0
47,4107720,318.0
47,4107780,257.0
47,4107840,309.0
47,4107900,233.0
47,4107960,234.0
47,4108020,236.0
47,4108080,252.0
47,4108140,268.0
47,4108200,250.0
47,4108260,228.0
47,4108320,258.0
47,4108380,277.0
47,4108440,238.0
47,4108500,242.0
47,4108560,296.0
47,4108620,318.0
47,4108680,313.0
47,4108740,314.0
47,4108800,306.0
47,4108860,357.0
47,4108920,375.0
47,4108980,324.0
47,4109040,342.0
47,4109100,349.0
47,4109160,311.0
47,4109220,341.0
47,4109280,293.0
47,4109340,300.0
47,4109400,217.0
47,4109460,237.0
47,4109520,258.0
47,4109580,259.0
47,4109640,226.0
47,4109700,310.0
47,4109760,256.0
47,4109820,279.0
47,4109880,232.0
47,4109940,240.0
47,4110000,324.0
47,4110060,330.0
47,4110120,338.0
47,4110180,217.0
47,4110240,252.0
47,4110300,277.0
47,4110360,254.0
47,4110420,270.0
47,4110480,233.0
47,4110540,214.0
47,4110600,218.0
47,4110660,272.0
47,4110720,330.0
47,4110780,308.0
47,4110840,298.0
47,4110900,279.0
47,4110960,277.0
47,4111020,313.0
47,4111080,254.0
47,4111140,248.0
47,4111200,235.0
47,4111260,259.0
47,4111320,248.0
47,4111380,248.0
47,4111440,285.0
47,4111500,237.0
47,4111560,247.0
47,4111620,265.0
47,4111680,275.0
47,4111740,300.0
47,4111800,205.0
47,4111860,256.0
47,4111920,269.0
47,4111980,353.0
47,4112040,309.0
47,4112100,339.0
47,4112160,291.0
47,4112220,285.0
47,4112280,293.0
47,4112340,251.0
47,4112400,206.0
47,4112460,274.0
47,4112520,210.0
47,4112580,213.0
47,4112640,211.0
47,4112700,264.0
47,4112760,260.0
47,4112820,223.0
47,4112880,183.0
47,4112940,210.0
47,4113000,226.0
47,4113060,189.0
47,4113120,235.0
47,4113180,202.0
47,4113240,215.0
47,4113300,204.0
47,4113360,204.0
47,4113420,211.0
47,4113480,210.0
47,4113540,237.0
47,4113600,194.0
47,4113660,168.0
47,4113720,224.0
47,4113780,235.0
47,4113840,249.0
47,4113900,210.0
47,4113960,206.0
47,4114020,165.0
47,4114080,189.0
47,4114140,227.0
47,4114200,198.0
47,4114260,229.0
47,4114320,192.0
47,4114380,181.0
47,4114440,215.0
47,4114500,195.0
47,4114560,243.0
47,4114620,270.0
47,4114680,271.0
47,4114740,177.0
47,4114800,213.0
47,4114860,226.0
47,4114920,243.0
47,4114980,250.0
47,4115040,278.0
47,4115100,293.0
47,4115160,304.0
47,4115220,271.0
47,4115280,237.0
47,4115340,322.0
47,4115400,285.0
47,4115460,226.0
47,4115520,261.0
47,4115580,244.0
47,4115640,287.0
47,4115700,269.0
47,4115760,254.0
47,4115820,264.0
47,4115880,279.0
47,4115940,228.0
47,4116000,277.0
47,4116060,287.0
47,4116120,234.0
47,4116180,256.0
47,4116240,225.0
47,4116300,260.0
47,4116360,244.0
47,4116420,253.0
47,4116480,238.0
47,4116540,253.0
47,4116600,197.0
47,4116660,271.0
47,4116720,240.0
47,4116780,260.0
47,4116840,258.0
47,4116900,236.0
47,4116960,247.0
47,4117020,233.0
47,4117080,319.0
47,4117140,290.0
47,4117200,253.0
47,4117260,239.0
47,4117320,224.0
47,4117380,271.0
47,4117440,299.0
47,4117500,255.0
47,4117560,216.0
47,4117620,253.0
47,4117680,235.0
47,4117740,235.0
47,4117800,232.0
47,4117860,244.0
47,4117920,176.0
47,4117980,248.0
47,4118040,232.0
47,4118100,251.0
47,4118160,245.0
47,4118220,236.0
47,4118280,231.0
47,4118340,264.0
47,4118400,247.0
47,4118460,215.0
47,4118520,271.0
47,4118580,289.0
47,4118640,227.0
47,4118700,228.0
47,4118760,280.0
47,4118820,309.0
47,4118880,266.0
47,4118940,244.0
47,4119000,332.0
47,4119060,359.0
47,4119120,324.0
47,4119180,316.0
47,4119240,287.0
47,4119300,245.0
47,4119360,242.0
47,4119420,213.0
47,4119480,261.0
47,4119540,226.0
47,4119600,209.0
47,4119660,201.0
47,4119720,178.0
47,4119780,172.0
47,4119840,227.0
47,4119900,220.0
47,4119960,255.0
47,4120140,205.0
47,4120200,218.0
47,4120260,204.0
47,4120320,201.0
47,4120380,218.0
47,4120440,212.0
47,4120500,208.0
47,4120560,195.0
47,4120620,231.0
47,4120680,207.0
47,4120740,257.0
47,4120800,217.0
47,4120860,171.0
47,4120920,212.0
47,4120980,212.0
47,4121040,170.0
47,4121100,195.0
47,4121160,219.0
47,4121220,203.0
47,4121280,259.0
47,4121340,290.0
47,4121400,191.0
47,4121460,223.0
47,4121520,225.0
47,4121580,284.0
47,4121640,176.0
47,4121700,230.0
47,4121760,274.0
47,4121820,194.0
47,4121880,201.0
47,4121940,224.0
47,4122000,258.0
47,4122060,213.0
47,4122120,196.0
47,4122180,214.0
47,4122240,207.0
47,4122300,229.0
47,4122360,252.0
47,4122420,230.0
47,4122480,277.0
47,4122540,251.0
47,4122600,247.0
47,4122660,232.0
47,4122720,258.0
47,4122780,254.0
47,4122840,216.0
47,4122900,225.0
47,4122960,193.0
47,4123020,209.0
47,4123080,209.0
47,4123140,231.0
47,4123200,218.0
47,4123260,206.0
47,4123320,207.0
47,4123380,208.0
47,4123440,212.0
47,4123500,177.0
47,4123560,211.0
47,4123620,187.0
47,4123680,189.0
47,4123740,245.0
47,4123800,185.0
47,4123860,176.0
47,4123920,247.0
47,4123980,185.0
47,4124040,239.0
47,4124100,226.0
47,4124160,212.0
47,4124220,201.0
47,4124280,217.0
47,4124400,232.0
47,4124640,195.0
47,4124700,209.0
47,4124760,175.0
47,4124820,194.0
47,4124880,211.0
47,4124940,196.0
47,4125000,226.0
47,4125060,169.0
47,4125120,226.0
47,4125180,216.0
47,4125240,139.0
47,4125300,182.0
47,4125360,204.0
47,4125420,217.0
47,4125480,227.0
47,4125540,254.0
47,4125660,218.0
47,4125720,234.0
47,4125780,200.0
47,4125840,206.0
47,4125900,296.0
47,4125960,302.0
47,4126020,235.0
47,4126080,311.0
47,4126140,272.0
47,4126200,278.0
47,4126260,281.0
47,4126320,272.0
47,4126380,215.0
47,4126440,167.0
47,4126500,186.0
47,4126560,249.0
47,4126620,212.0
47,4126680,197.0
47,4126740,197.0
47,4126800,176.0
47,4126860,160.0
47,4126920,226.0
47,4126980,208.0
47,4127040,167.0
47,4127100,180.0
47,4127160,191.0
47,4127220,175.0
47,4127280,258.0
47,4127340,213.0
47,4127400,201.0
47,4127460,167.0
47,4127520,213.0
47,4127580,252.0
47,4127640,198.0
47,4127700,192.0
47,4127760,211.0
47,4127820,202.0
47,4127880,249.0
47,4127940,165.0
47,4128000,176.0
47,4128060,238.0
47,4128120,151.0
47,4128180,223.0
47,4128240,227.0
47,4128300,209.0
47,4128360,176.0
47,4128420,160.0
47,4128480,192.0
47,4128540,180.0
47,4128600,198.0
47,4128660,173.0
47,4128720,173.0
47,4128780,166.0
47,4128840,226.0
47,4128900,273.0
47,4128960,261.0
47,4129020,243.0
47,4129080,239.0
47,4129140,234.0
47,4129260,227.0
47,4129320,202.0
47,4129380,203.0
47,4129440,235.0
47,4129500,271.0
47,4129560,272.0
47,4129620,310.0
47,4129680,310.0
47,4129740,229.0
47,4129800,285.0
47,4129860,308.0
47,4129920,244.0
47,4129980,261.0
47,4130040,232.0
47,4130100,226.0
47,4130160,201.0
47,4130220,203.0
47,4130280,211.0
47,4130340,184.0
47,4130400,171.0
47,4130460,249.0
47,4130520,258.0
47,4130580,246.0
47,4130640,188.0
47,4130700,190.0
47,4130760,229.0
47,4130820,231.0
47,4130880,223.0
47,4130940,244.0
47,4131000,250.0
47,4131060,245.0
47,4131120,192.0
47,4131180,222.0
47,4131240,233.0
47,4131300,204.0
47,4131360,182.0
47,4131420,231.0
47,4131480,209.0
47,4131540,220.0
47,4131600,238.0
47,4131660,217.0
47,4131720,193.0
47,4131780,212.0
47,4131840,232.0
47,4131900,286.0
47,4131960,308.0
47,4132020,274.0
47,4132080,291.0
47,4132140,257.0
47,4132200,340.0
47,4132260,286.0
47,4132320,231.0
47,4132380,248.0
47,4132440,200.0
47,4132500,202.0
47,4132560,191.0
47,4132620,229.0
47,4132680,312.0
47,4132740,245.0
47,4132800,287.0
47,4132860,316.0
47,4132920,335.0
47,4132980,327.0
47,4133040,354.0
47,4133100,319.0
47,4133160,299.0
47,4133220,272.0
47,4133280,258.0
47,4133340,292.0
47,4133400,252.0
47,4133460,279.0
47,4133520,318.0
47,4133580,331.0
47,4133640,306.0
47,4133700,264.0
47,4133760,307.0
47,4133820,289.0
47,4133880,234.0
47,4133940,242.0
47,4134000,255.0
47,4134060,212.0
47,4134120,232.0
47,4134180,189.0
47,4134240,233.0
47,4134300,219.0
47,4134360,234.0
47,4134420,219.0
47,4134480,273.0
47,4134540,265.0
47,4134600,255.0
47,4134660,237.0
47,4134720,287.0
47,4134780,324.0
47,4134840,314.0
47,4134900,281.0
47,4134960,279.0
47,4135020,249.0
47,4135080,232.0
47,4135140,246.0
47,4135200,208.0
47,4135260,251.0
47,4135320,297.0
47,4135380,205.0
47,4135440,265.0
47,4135500,264.0
47,4135560,215.0
47,4135620,285.0
47,4135680,203.0
47,4135740,218.0
47,4135800,226.0
47,4135860,275.0
47,4135920,259.0
47,4135980,256.0
47,4136040,190.0
47,4136100,268.0
47,4136160,246.0
47,4136220,268.0
47,4136280,312.0
47,4136340,247.0
47,4136400,284.0
47,4136460,281.0
47,4136520,297.0
47,4136580,213.0
47,4136640,278.0
47,4136700,310.0
47,4136760,304.0
47,4136820,230.0
47,4136880,264.0
47,4136940,293.0
47,4137000,293.0
47,4137060,266.0
47,4137120,276.0
47,4137180,309.0
47,4137240,345.0
47,4137300,330.0
47,4137360,350.0
47,4137420,302.0
47,4137480,253.0
47,4137540,281.0
47,4137600,207.0
47,4137660,211.0
47,4137720,288.0
47,4137780,267.0
47,4137840,218.0
47,4137900,235.0
47,4137960,247.0
47,4138020,223.0
47,4138080,284.0
47,4138140,237.0
47,4138200,216.0
47,4138260,242.0
47,4138320,203.0
47,4138380,169.0
47,4138440,261.0
47,4138500,219.0
47,4138560,193.0
47,4138620,239.0
47,4138680,231.0
47,4138740,251.0
47,4138800,186.0
47,4138860,215.0
47,4138920,222.0
47,4138980,256.0
47,4139040,218.0
47,4139100,220.0
47,4139160,208.0
47,4139220,250.0
47,4139280,232.0
47,4139340,292.0
47,4139400,254.0
47,4139460,242.0
47,4139520,170.0
47,4139580,247.0
47,4139640,246.0
47,4139700,226.0
47,4139760,206.0
47,4139820,209.0
47,4139880,230.0
47,4139940,228.0
47,4140000,234.0
47,4140060,327.0
47,4140120,296.0
47,4140180,288.0
47,4140240,289.0
47,4140300,328.0
47,4140360,216.0
47,4140420,291.0
47,4140480,242.0
47,4140540,174.0
47,4140600,252.0
47,4140660,306.0
47,4140720,301.0
47,4140780,234.0
47,4140840,278.0
47,4140900,294.0
47,4140960,229.0
47,4141020,242.0
47,4141080,296.0
47,4141140,264.0
47,4141200,250.0
47,4141260,227.0
47,4141320,212.0
47,4141380,208.0
47,4141440,193.0
47,4141500,239.0
47,4141560,183.0
47,4141620,244.0
47,4141680,219.0
47,4141740,220.0
47,4141800,272.0
47,4141860,239.0
47,4141920,225.0
47,4141980,222.0
47,4142040,223.0
47,4142100,217.0
47,4142160,235.0
47,4142220,201.0
47,4142280,207.0
47,4142340,198.0
47,4142400,206.0
47,4142460,233.0
47,4142520,222.0
47,4142580,238.0
47,4142640,262.0
47,4142700,216.0
47,4142760,200.0
47,4142820,217.0
47,4142880,215.0
47,4142940,315.0
47,4143000,298.0
47,4143060,312.0
47,4143120,250.0
47,4143180,247.0
47,4143240,277.0
47,4143300,192.0
47,4143360,224.0
47,4143420,168.0
47,4143480,176.0
47,4143540,191.0
47,4143600,197.0
47,4143660,222.0
47,4143720,213.0
47,4143780,226.0
47,4143840,224.0
47,4143900,234.0
47,4143960,213.0
47,4144020,217.0
47,4144080,218.0
47,4144140,212.0
47,4144200,208.0
47,4144260,242.0
47,4144320,196.0
47,4144380,208.0
47,4144440,206.0
47,4144500,206.0
47,4144560,240.0
47,4144620,198.0
47,4144680,220.0
47,4144740,183.0
47,4144800,205.0
47,4144860,195.0
47,4144920,162.0
47,4144980,190.0
47,4145040,208.0
47,4145100,205.0
47,4145160,187.0
47,4145220,143.0
47,4145280,189.0
47,4145340,146.0
47,4145400,198.0
47,4145460,205.0
47,4145520,180.0
47,4145580,163.0
47,4145640,158.0
47,4145700,196.0
47,4145760,228.0
47,4145820,212.0
47,4145880,151.0
47,4145940,149.0
47,4146000,142.0
47,4146060,185.0
47,4146120,155.0
47,4146180,145.0
47,4146240,185.0
47,4146300,174.0
47,4146360,156.0
47,4146420,146.0
47,4146480,177.0
47,4146540,167.0
47,4146600,189.0
47,4146660,136.0
47,4146720,134.0
47,4146780,149.0
47,4146840,173.0
47,4146900,178.0
47,4146960,191.0
47,4147020,200.0
47,4147080,198.0
47,4147140,201.0
48,4147200,106.0
48,4147260,132.0
48,4147320,165.0
48,4147380,177.0
48,4147440,168.0
48,4147500,170.0
48,4147560,190.0
48,4147620,168.0
48,4147680,167.0
48,4147740,148.0
48,4147800,172.0
48,4147860,177.0
48,4147920,176.0
48,4147980,155.0
48,4148040,190.0
48,4148100,149.0
48,4148160,124.0
48,4148220,130.0
48,4148280,135.0
48,4148340,132.0
48,4148400,139.0
48,4148460,164.0
48,4148520,158.0
48,4148580,148.0
48,4148640,143.0
48,4148700,124.0
48,4148760,105.0
48,4148820,103.0
48,4148880,138.0
48,4148940,135.0
48,4149000,152.0
48,4149060,140.0
48,4149120,127.0
48,4149180,119.0
48,4149240,125.0
48,4149300,116.0
48,4149360,154.0
48,4149420,173.0
48,4149480,142.0
48,4149540,135.0
48,4149600,138.0
48,4149660,147.0
48,4149720,108.0
48,4149780,116.0
48,4149840,108.0
48,4149900,84.0
48,4149960,131.0
48,4150020,101.0
48,4150080,69.0
48,4150140,106.0
48,4150200,90.0
48,4150260,129.0
48,4150320,143.0
48,4150380,169.0
48,4150440,186.0
48,4150500,104.0
48,4150560,134.0
48,4150620,140.0
48,4150680,124.0
48,4150740,161.0
48,4150800,34.0
48,4150860,32.0
48,4150920,40.0
48,4150980,22.0
48,4151040,26.0
48,4151100,9.0
48,4151160,33.0
48,4151220,38.0
48,4151280,28.0
48,4151340,19.0
48,4151400,18.0
48,4151460,16.0
48,4151520,39.0
48,4151580,26.0
48,4151640,37.0
48,4151700,15.0
48,4151760,22.0
48,4151820,19.0
48,4151880,16.0
48,4151940,13.0
48,4152000,24.0
48,4152060,40.0
48,4152120,15.0
48,4152180,14.0
48,4152240,18.0
48,4152300,21.0
48,4152360,20.0
48,4152420,18.0
48,4152480,16.0
48,4152540,21.0
48,4152600,14.0
48,4152660,19.0
48,4152720,15.0
48,4152780,19.0
48,4152840,44.0
48,4152900,21.0
48,4152960,18.0
48,4153020,21.0
48,4153080,13.0
48,4153140,14.0
48,4153200,27.0
48,4153260,17.0
48,4153320,8.0
48,4153380,18.0
48,4153440,29.0
48,4153500,20.0
48,4153560,16.0
48,4153620,15.0
48,4153680,15.0
48,4153740,14.0
48,4153800,15.0
48,4153860,24.0
48,4153920,13.0
48,4153980,22.0
48,4154040,21.0
48,4154100,15.0
48,4154160,15.0
48,4154220,6.0
48,4154280,17.0
48,4154340,6.0
48,4154400,17.0
48,4154460,12.0
48,4154520,15.0
48,4154580,8.0
48,4154640,10.0
48,4154700,14.0
48,4154760,4.0
48,4154820,7.0
48,4154880,18.0
48,4154940,22.0
48,4155000,20.0
48,4155060,6.0
48,4155120,22.0
48,4155180,17.0
48,4155240,13.0
48,4155300,12.0
48,4155360,14.0
48,4155420,14.0
48,4155480,6.0
48,4155540,18.0
48,4155600,9.0
48,4155660,8.0
48,4155720,7.0
48,4155780,7.0
48,4155840,9.0
48,4155900,9.0
48,4155960,16.0
48,4156020,10.0
48,4156080,9.0
48,4156140,10.0
48,4156200,7.0
48,4156260,13.0
48,4156320,10.0
48,4156380,5.0
48,4156440,25.0
48,4156500,7.0
48,4156560,10.0
48,4156620,10.0
48,4156680,18.0
48,4156740,12.0
48,4156800,10.0
48,4156860,10.0
48,4156920,12.0
48,4156980,9.0
48,4157040,3.0
48,4157100,13.0
48,4157160,6.0
48,4157220,7.0
48,4157280,10.0
48,4157340,5.0
48,4157400,16.0
48,4157460,7.0
48,4157520,4.0
48,4157580,6.0
48,4157640,10.0
48,4157700,7.0
48,4157760,13.0
48,4157820,10.0
48,4157880,8.0
48,4157940,9.0
48,4158000,9.0
48,4158060,9.0
48,4158120,7.0
48,4158180,12.0
48,4158240,16.0
48,4158300,9.0
48,4158360,12.0
48,4158420,5.0
48,4158480,8.0
48,4158540,2.0
48,4158600,4.0
48,4158660,12.0
48,4158720,4.0
48,4158780,5.0
48,4158840,5.0
48,4158900,5.0
48,4158960,15.0
48,4159020,14.0
48,4159080,5.0
48,4159140,10.0
48,4159200,8.0
48,4159260,4.0
48,4159320,0.0
48,4159380,16.0
48,4159440,1.0
48,4159500,8.0
48,4159560,5.0
48,4159620,5.0
48,4159680,3.0
48,4159740,5.0
48,4159800,5.0
48,4159860,4.0
48,4159920,15.0
48,4159980,5.0
48,4160040,3.0
48,4160100,3.0
48,4160160,5.0
48,4160220,5.0
48,4160280,4.0
48,4160340,9.0
48,4160400,3.0
48,4160460,8.0
48,4160520,5.0
48,4160580,3.0
48,4160640,13.0
48,4160700,1.0
48,4160760,5.0
48,4160820,5.0
48,4160880,2.0
48,4160940,13.0
48,4161000,7.0
48,4161060,5.0
48,4161120,2.0
48,4161180,3.0
48,4161240,6.0
48,4161300,6.0
48,4161360,2.0
48,4161420,7.0
48,4161480,8.0
48,4161540,5.0
48,4161600,5.0
48,4161660,2.0
48,4161720,12.0
48,4161780,6.0
48,4161840,7.0
48,4161900,5.0
48,4161960,9.0
48,4162020,4.0
48,4162080,7.0
48,4162140,10.0
48,4162200,12.0
48,4162260,7.0
48,4162320,7.0
48,4162380,3.0
48,4162440,16.0
48,4162500,10.0
48,4162560,7.0
48,4162620,3.0
48,4162680,3.0
48,4162740,8.0
48,4162800,2.0
48,4162860,1.0
48,4162920,4.0
48,4162980,3.0
48,4163040,7.0
48,4163100,3.0
48,4163160,9.0
48,4163220,2.0
48,4163280,4.0
48,4163340,5.0
48,4163400,12.0
48,4163460,13.0
48,4163520,2.0
48,4163580,6.0
48,4163640,8.0
48,4163700,2.0
48,4163760,4.0
48,4163820,6.0
48,4163880,2.0
48,4163940,3.0
48,4164000,2.0
48,4164060,5.0
48,4164120,5.0
48,4164180,1.0
48,4164240,5.0
48,4164300,4.0
48,4164360,8.0
48,4164420,3.0
48,4164480,18.0
48,4164540,7.0
48,4164600,7.0
48,4164660,5.0
48,4164720,4.0
48,4164780,9.0
48,4164840,14.0
48,4164900,4.0
48,4164960,2.0
48,4165020,12.0
48,4165080,4.0
48,4165140,7.0
48,4165200,15.0
48,4165260,8.0
48,4165320,8.0
48,4165380,8.0
48,4165440,12.0
48,4165500,10.0
48,4165560,20.0
48,4165620,10.0
48,4165680,2.0
48,4165740,2.0
48,4165800,3.0
48,4165860,1.0
48,4165920,8.0
48,4165980,6.0
48,4166040,8.0
48,4166100,8.0
48,4166160,5.0
48,4166220,4.0
48,4166280,3.0
48,4166340,1.0
48,4166400,8.0
48,4166460,2.0
48,4166520,5.0
48,4166580,7.0
48,4166640,16.0
48,4166700,14.0
48,4166760,5.0
48,4166820,6.0
48,4166880,19.0
48,4166940,3.0
48,4167000,10.0
48,4167060,2.0
48,4167120,7.0
48,4167180,3.0
48,4167240,5.0
48,4167300,7.0
48,4167360,10.0
48,4167420,3.0
48,4167480,4.0
48,4167540,3.0
48,4167600,7.0
48,4167660,1.0
48,4167720,4.0
48,4167780,3.0
48,4167840,8.0
48,4167900,2.0
48,4167960,9.0
48,4168020,5.0
48,4168080,5.0
48,4168140,12.0
48,4168200,12.0
48,4168260,6.0
48,4168320,4.0
48,4168380,5.0
48,4168440,6.0
48,4168500,13.0
48,4168560,8.0
48,4168620,1.0
48,4168680,4.0
48,4168740,4.0
48,4168800,10.0
48,4168860,6.0
48,4168920,3.0
48,4168980,4.0
48,4169040,7.0
48,4169100,4.0
48,4169160,19.0
48,4169220,10.0
48,4169280,16.0
48,4169340,20.0
48,4169400,4.0
48,4169460,8.0
48,4169520,3.0
48,4169580,10.0
48,4169640,14.0
48,4169700,7.0
48,4169760,7.0
48,4169820,3.0
48,4169880,1.0
48,4169940,9.0
48,4170000,5.0
48,4170060,7.0
48,4170120,12.0
48,4170180,8.0
48,4170240,7.0
48,4170300,10.0
48,4170360,3.0
48,4170420,8.0
48,4170480,15.0
48,4170540,9.0
48,4170600,2.0
48,4170660,4.0
48,4170720,10.0
48,4170780,3.0
48,4170840,12.0
48,4170900,6.0
48,4170960,13.0
48,4171020,10.0
48,4171080,9.0
48,4171140,7.0
48,4171200,9.0
48,4171260,20.0
48,4171320,20.0
48,4171380,8.0
48,4171440,12.0
48,4171500,10.0
48,4171560,16.0
48,4171620,5.0
48,4171680,1.0
48,4171740,16.0
48,4171800,12.0
48,4171860,7.0
48,4171920,12.0
48,4171980,9.0
48,4172040,14.0
48,4172100,13.0
48,4172160,15.0
48,4172220,10.0
48,4172280,17.0
48,4172340,7.0
48,4172400,15.0
48,4172460,8.0
48,4172520,10.0
48,4172580,10.0
48,4172640,18.0
48,4172700,17.0
48,4172760,16.0
48,4172820,15.0
48,4172880,18.0
48,4172940,18.0
48,4173000,39.0
48,4173060,14.0
48,4173120,19.0
48,4173180,13.0
48,4173240,28.0
48,4173300,20.0
48,4173360,38.0
48,4173420,22.0
48,4173480,25.0
48,4173540,23.0
48,4173600,16.0
48,4173660,23.0
48,4173720,10.0
48,4173780,21.0
48,4173840,26.0
48,4173900,34.0
48,4173960,40.0
48,4174020,25.0
48,4174080,26.0
48,4174140,18.0
48,4174200,36.0
48,4174260,36.0
48,4174320,26.0
48,4174380,41.0
48,4174440,63.0
48,4174500,47.0
48,4174560,55.0
48,4174620,57.0
48,4174680,40.0
48,4174740,40.0
48,4174800,42.0
48,4174860,35.0
48,4174920,38.0
48,4174980,86.0
48,4175040,74.0
48,4175100,52.0
48,4175160,62.0
48,4175220,80.0
48,4175280,67.0
48,4175340,76.0
48,4175400,77.0
48,4175460,76.0
48,4175520,29.0
48,4175580,49.0
48,4175640,42.0
48,4175700,38.0
48,4175760,39.0
48,4175820,47.0
48,4175880,52.0
48,4175940,42.0
48,4176000,50.0
48,4176060,92.0
48,4176120,99.0
48,4176180,88.0
48,4176240,117.0
48,4176300,72.0
48,4176360,108.0
48,4176420,96.0
48,4176480,74.0
48,4176540,94.0
48,4176600,103.0
48,4176660,96.0
48,4176720,140.0
48,4176780,124.0
48,4176840,79.0
48,4176900,98.0
48,4176960,76.0
48,4177020,75.0
48,4177080,62.0
48,4177140,77.0
48,4177200,106.0
48,4177260,99.0
48,4177320,94.0
48,4177380,60.0
48,4177440,78.0
48,4177500,112.0
48,4177560,82.0
48,4177620,105.0
48,4177680,123.0
48,4177740,90.0
48,4177800,72.0
48,4177860,78.0
48,4177920,68.0
48,4177980,104.0
48,4178040,77.0
48,4178100,74.0
48,4178160,67.0
48,4178220,96.0
48,4178280,117.0
48,4178340,129.0
48,4178400,107.0
48,4178460,84.0
48,4178520,110.0
48,4178580,101.0
48,4178640,211.0
48,4178700,116.0
48,4178760,114.0
48,4178820,141.0
48,4178880,87.0
48,4178940,112.0
48,4179000,99.0
48,4179060,138.0
48,4179120,121.0
48,4179180,121.0
48,4179240,132.0
48,4179300,135.0
48,4179360,97.0
48,4179420,102.0
48,4179480,127.0
48,4179540,126.0
48,4179600,162.0
48,4179660,192.0
48,4179720,146.0
48,4179780,187.0
48,4179840,195.0
48,4179900,211.0
48,4179960,207.0
48,4180020,214.0
48,4180080,222.0
48,4180140,225.0
48,4180200,205.0
48,4180260,192.0
48,4180320,171.0
48,4180380,192.0
48,4180440,161.0
48,4180500,153.0
48,4180560,143.0
48,4180620,164.0
48,4180680,158.0
48,4180740,236.0
48,4180800,234.0
48,4180860,175.0
48,4180920,201.0
48,4180980,232.0
48,4181040,184.0
48,4181100,183.0
48,4181160,187.0
48,4181220,196.0
48,4181280,215.0
48,4181340,198.0
48,4181400,216.0
48,4181460,200.0
48,4181520,159.0
48,4181580,161.0
48,4181640,216.0
48,4181700,192.0
48,4181760,165.0
48,4181820,201.0
48,4181880,208.0
48,4181940,222.0
48,4182000,233.0
48,4182060,261.0
48,4182120,245.0
48,4182180,233.0
48,4182240,214.0
48,4182300,180.0
48,4182360,202.0
48,4182420,216.0
48,4182480,183.0
48,4182540,269.0
48,4182600,224.0
48,4182660,222.0
48,4182720,236.0
48,4182780,216.0
48,4182840,254.0
48,4182900,204.0
48,4182960,201.0
48,4183020,243.0
48,4183080,231.0
48,4183140,239.0
48,4183200,230.0
48,4183260,246.0
48,4183320,335.0
48,4183380,321.0
48,4183440,261.0
48,4183500,272.0
48,4183560,290.0
48,4183620,344.0
48,4183680,282.0
48,4183740,262.0
48,4183800,273.0
48,4183860,299.0
48,4183920,269.0
48,4183980,181.0
48,4184040,249.0
48,4184100,259.0
48,4184160,213.0
48,4184220,188.0
48,4184280,222.0
48,4184340,215.0
48,4184400,214.0
48,4184460,248.0
48,4184520,209.0
48,4184580,210.0
48,4184640,247.0
48,4184700,226.0
48,4184760,271.0
48,4184820,222.0
48,4184880,285.0
48,4184940,243.0
48,4185000,223.0
48,4185060,237.0
48,4185120,250.0
48,4185180,205.0
48,4185240,233.0
48,4185300,230.0
48,4185360,223.0
48,4185420,222.0
48,4185480,247.0
48,4185540,249.0
48,4185600,160.0
48,4185660,175.0
48,4185720,206.0
48,4185780,238.0
48,4185840,222.0
48,4185900,201.0
48,4185960,204.0
48,4186020,191.0
48,4186080,214.0
48,4186140,220.0
48,4186200,218.0
48,4186260,239.0
48,4186320,201.0
48,4186380,201.0
48,4186440,202.0
48,4186500,216.0
48,4186560,190.0
48,4186620,212.0
48,4186680,187.0
48,4186740,191.0
48,4186800,264.0
48,4186860,236.0
48,4186920,203.0
48,4186980,207.0
48,4187040,237.0
48,4187100,245.0
48,4187160,271.0
48,4187220,228.0
48,4187280,239.0
48,4187340,271.0
48,4187400,257.0
48,4187460,277.0
48,4187520,267.0
48,4187580,209.0
48,4187640,204.0
48,4187700,254.0
48,4187760,288.0
48,4187820,287.0
48,4187880,284.0
48,4187940,194.0
48,4188000,299.0
48,4188060,281.0
48,4188120,276.0
48,4188180,288.0
48,4188240,189.0
48,4188300,187.0
48,4188360,217.0
48,4188420,258.0
48,4188480,185.0
48,4188540,197.0
48,4188600,223.0
48,4188660,196.0
48,4188720,181.0
48,4188780,226.0
48,4188840,202.0
48,4188900,190.0
48,4188960,281.0
48,4189020,242.0
48,4189140,236.0
48,4189200,223.0
48,4189260,234.0
48,4189320,363.0
48,4189380,279.0
48,4189440,218.0
48,4189500,237.0
48,4189560,314.0
48,4189620,201.0
48,4189680,210.0
48,4189740,223.0
48,4189800,225.0
48,4189860,281.0
48,4189920,222.0
48,4189980,246.0
48,4190040,239.0
48,4190100,260.0
48,4190160,275.0
48,4190220,178.0
48,4190280,262.0
48,4190340,240.0
48,4190400,245.0
48,4190460,290.0
48,4190520,255.0
48,4190580,264.0
48,4190640,207.0
48,4190700,282.0
48,4190760,253.0
48,4190820,215.0
48,4190880,235.0
48,4190940,207.0
48,4191000,250.0
48,4191060,281.0
48,4191120,247.0
48,4191180,192.0
48,4191240,194.0
48,4191300,258.0
48,4191360,212.0
48,4191420,187.0
48,4191480,240.0
48,4191540,264.0
48,4191600,259.0
48,4191660,234.0
48,4191720,226.0
48,4191780,242.0
48,4191840,250.0
48,4191900,262.0
48,4191960,272.0
48,4192020,192.0
48,4192080,162.0
48,4192140,177.0
48,4192200,189.0
48,4192260,189.0
48,4192320,216.0
48,4192380,210.0
48,4192440,207.0
48,4192500,201.0
48,4192560,216.0
48,4192620,207.0
48,4192680,206.0
48,4192740,267.0
48,4192800,217.0
48,4192860,222.0
48,4192920,249.0
48,4192980,222.0
48,4193040,185.0
48,4193100,158.0
48,4193160,264.0
48,4193220,205.0
48,4193280,242.0
48,4193340,184.0
48,4193400,195.0
48,4193460,208.0
48,4193520,208.0
48,4193580,168.0
48,4193640,185.0
48,4193700,177.0
48,4193760,224.0
48,4193820,210.0
48,4193880,243.0
48,4193940,225.0
48,4194000,231.0
48,4194060,188.0
48,4194120,146.0
48,4194180,181.0
48,4194240,195.0
48,4194300,185.0
48,4194360,183.0
48,4194420,151.0
48,4194480,188.0
48,4194540,209.0
48,4194600,208.0
48,4194660,236.0
48,4194720,174.0
48,4194780,178.0
48,4194840,206.0
48,4194900,204.0
48,4194960,174.0
48,4195020,202.0
48,4195080,197.0
48,4195140,248.0
48,4195200,243.0
48,4195260,210.0
48,4195320,235.0
48,4195380,210.0
48,4195440,229.0
48,4195500,198.0
48,4195560,188.0
48,4195620,186.0
48,4195680,190.0
48,4195740,246.0
48,4195800,212.0
48,4195860,217.0
48,4195920,299.0
48,4195980,228.0
48,4196040,290.0
48,4196100,230.0
48,4196160,238.0
48,4196220,160.0
48,4196280,159.0
48,4196340,178.0
48,4196400,182.0
48,4196460,212.0
48,4196520,227.0
48,4196580,220.0
48,4196640,201.0
48,4196700,143.0
48,4196760,152.0
48,4196820,152.0
48,4196880,194.0
48,4196940,184.0
48,4197000,161.0
48,4197060,163.0
48,4197120,168.0
48,4197180,181.0
48,4197240,195.0
48,4197300,159.0
48,4197360,230.0
48,4197420,190.0
48,4197480,184.0
48,4197540,208.0
48,4197600,189.0
48,4197660,212.0
48,4197720,211.0
48,4197780,147.0
48,4197840,153.0
48,4197900,180.0
48,4197960,186.0
48,4198020,183.0
48,4198080,164.0
48,4198140,182.0
48,4198200,156.0
48,4198260,298.0
48,4198320,206.0
48,4198380,163.0
48,4198440,175.0
48,4198500,196.0
48,4198560,176.0
48,4198620,189.0
48,4198680,257.0
48,4198740,233.0
48,4198800,220.0
48,4198860,233.0
48,4198920,243.0
48,4198980,275.0
48,4199040,236.0
48,4199100,165.0
48,4199160,180.0
48,4199220,178.0
48,4199280,195.0
48,4199340,190.0
48,4199400,189.0
48,4199460,184.0
48,4199520,188.0
48,4199580,168.0
48,4199640,178.0
48,4199700,190.0
48,4199760,195.0
48,4199820,222.0
48,4199880,217.0
48,4199940,172.0
48,4200000,149.0
48,4200060,246.0
48,4200120,225.0
48,4200180,229.0
48,4200240,238.0
48,4200300,192.0
48,4200360,196.0
48,4200420,185.0
48,4200480,220.0
48,4200540,242.0
48,4200600,211.0
48,4200660,166.0
48,4200720,209.0
48,4200780,233.0
48,4200840,184.0
48,4200900,167.0
48,4200960,178.0
48,4201020,201.0
48,4201080,207.0
48,4201140,225.0
48,4201200,251.0
48,4201260,177.0
48,4201320,187.0
48,4201380,248.0
48,4201440,230.0
48,4201500,264.0
48,4201560,203.0
48,4201620,260.0
48,4201680,264.0
48,4201740,247.0
48,4201800,227.0
48,4201860,276.0
48,4201920,244.0
48,4201980,215.0
48,4202040,210.0
48,4202100,220.0
48,4202160,270.0
48,4202220,219.0
48,4202280,207.0
48,4202340,173.0
48,4202400,223.0
48,4202460,224.0
48,4202520,217.0
48,4202580,189.0
48,4202640,246.0
48,4202700,269.0
48,4202760,224.0
48,4202820,210.0
48,4202880,262.0
48,4202940,257.0
48,4203000,273.0
48,4203060,239.0
48,4203120,284.0
48,4203180,239.0
48,4203240,171.0
48,4203300,177.0
48,4203360,194.0
48,4203420,254.0
48,4203480,229.0
48,4203540,239.0
48,4203600,175.0
48,4203660,217.0
48,4203720,202.0
48,4203780,216.0
48,4203840,254.0
48,4203900,231.0
48,4203960,250.0
48,4204020,261.0
48,4204080,237.0
48,4204140,214.0
48,4204200,220.0
48,4204260,203.0
48,4204320,186.0
48,4204380,231.0
48,4204440,228.0
48,4204620,229.0
48,4204680,210.0
48,4204740,180.0
48,4204800,180.0
48,4204860,271.0
48,4204920,262.0
48,4204980,240.0
48,4205040,267.0
48,4205100,261.0
48,4205160,295.0
48,4205220,233.0
48,4205280,229.0
48,4205340,292.0
48,4205400,218.0
48,4205460,227.0
48,4205520,284.0
48,4205580,254.0
48,4205640,208.0
48,4205700,187.0
48,4205760,197.0
48,4205820,222.0
48,4205880,230.0
48,4205940,275.0
48,4206000,251.0
48,4206060,214.0
48,4206120,181.0
48,4206180,212.0
48,4206240,226.0
48,4206300,256.0
48,4206360,272.0
48,4206420,238.0
48,4206480,267.0
48,4206540,278.0
48,4206600,230.0
48,4206660,261.0
48,4206720,231.0
48,4206780,270.0
48,4206840,175.0
48,4206900,244.0
48,4206960,248.0
48,4207020,213.0
48,4207080,230.0
48,4207140,289.0
48,4207200,276.0
48,4207260,309.0
48,4207320,256.0
48,4207380,249.0
48,4207440,244.0
48,4207500,227.0
48,4207560,214.0
48,4207620,234.0
48,4207680,214.0
48,4207740,251.0
48,4207800,235.0
48,4207860,230.0
48,4207920,267.0
48,4207980,261.0
48,4208040,254.0
48,4208100,302.0
48,4208160,250.0
48,4208220,282.0
48,4208280,301.0
48,4208340,284.0
48,4208400,216.0
48,4208460,240.0
48,4208520,261.0
48,4208580,242.0
48,4208640,261.0
48,4208700,233.0
48,4208760,226.0
48,4208820,253.0
48,4208880,274.0
48,4208940,285.0
48,4209000,289.0
48,4209060,273.0
48,4209120,236.0
48,4209180,244.0
48,4209240,219.0
48,4209300,196.0
48,4209360,205.0
48,4209420,206.0
48,4209480,207.0
48,4209540,219.0
48,4209600,256.0
48,4209660,270.0
48,4209720,215.0
48,4209780,219.0
48,4209840,269.0
48,4209900,190.0
48,4209960,201.0
48,4210020,217.0
48,4210080,218.0
48,4210140,218.0
48,4210200,225.0
48,4210260,167.0
48,4210320,170.0
48,4210380,206.0
48,4210440,299.0
48,4210500,245.0
48,4210560,225.0
48,4210620,262.0
48,4210680,230.0
48,4210740,214.0
48,4210800,216.0
48,4210860,219.0
48,4210920,201.0
48,4210980,210.0
48,4211040,176.0
48,4211100,224.0
48,4211160,212.0
48,4211220,226.0
48,4211280,223.0
48,4211340,196.0
48,4211400,209.0
48,4211460,226.0
48,4211520,217.0
48,4211580,186.0
48,4211640,180.0
48,4211700,187.0
48,4211760,219.0
48,4211820,254.0
48,4211880,225.0
48,4211940,227.0
48,4212000,231.0
48,4212060,231.0
48,4212120,212.0
48,4212180,205.0
48,4212240,189.0
48,4212300,193.0
48,4212360,203.0
48,4212420,191.0
48,4212480,219.0
48,4212540,222.0
48,4212600,216.0
48,4212660,206.0
48,4212720,193.0
48,4212780,218.0
48,4212840,232.0
48,4212900,203.0
48,4213020,177.0
48,4213080,219.0
48,4213140,155.0
48,4213200,188.0
48,4213260,274.0
48,4213320,216.0
48,4213380,214.0
48,4213440,188.0
48,4213500,310.0
48,4213560,214.0
48,4213620,259.0
48,4213680,208.0
48,4213740,244.0
48,4213800,247.0
48,4213860,260.0
48,4213920,232.0
48,4213980,312.0
48,4214040,282.0
48,4214100,236.0
48,4214160,254.0
48,4214220,249.0
48,4214280,194.0
48,4214340,204.0
48,4214400,214.0
48,4214460,198.0
48,4214520,202.0
48,4214580,181.0
48,4214640,207.0
48,4214700,255.0
48,4214760,212.0
48,4214820,244.0
48,4214880,190.0
48,4214940,242.0
48,4215000,228.0
48,4215060,183.0
48,4215120,162.0
48,4215180,144.0
48,4215240,231.0
48,4215300,248.0
48,4215360,204.0
48,4215420,183.0
48,4215480,251.0
48,4215540,191.0
48,4215600,141.0
48,4215660,214.0
48,4215720,195.0
48,4215780,216.0
48,4215840,246.0
48,4215900,214.0
48,4215960,214.0
48,4216020,194.0
48,4216080,201.0
48,4216140,216.0
48,4216200,207.0
48,4216260,226.0
48,4216320,159.0
48,4216380,175.0
48,4216440,194.0
48,4216500,209.0
48,4216560,214.0
48,4216620,248.0
48,4216680,279.0
48,4216740,210.0
48,4216800,214.0
48,4216860,215.0
48,4216920,207.0
48,4216980,191.0
48,4217040,202.0
48,4217100,156.0
48,4217160,191.0
48,4217220,227.0
48,4217280,202.0
48,4217340,214.0
48,4217400,178.0
48,4217460,202.0
48,4217520,188.0
48,4217580,178.0
48,4217640,185.0
48,4217700,237.0
48,4217760,237.0
48,4217820,243.0
48,4217880,246.0
48,4217940,230.0
48,4218000,189.0
48,4218060,205.0
48,4218120,222.0
48,4218180,227.0
48,4218240,273.0
48,4218300,234.0
48,4218360,219.0
48,4218420,229.0
48,4218480,279.0
48,4218540,227.0
48,4218600,218.0
48,4218660,181.0
48,4218720,238.0
48,4218780,190.0
48,4218840,252.0
48,4218900,272.0
48,4218960,216.0
48,4219020,214.0
48,4219080,225.0
48,4219140,249.0
48,4219200,238.0
48,4219260,230.0
48,4219320,225.0
48,4219380,259.0
48,4219440,195.0
48,4219500,220.0
48,4219560,306.0
48,4219620,355.0
48,4219680,294.0
48,4219740,258.0
48,4219800,313.0
48,4219860,242.0
48,4219920,267.0
48,4219980,327.0
48,4220040,295.0
48,4220100,213.0
48,4220160,245.0
48,4220220,256.0
48,4220280,261.0
48,4220340,274.0
48,4220400,292.0
48,4220460,328.0
48,4220520,238.0
48,4220580,258.0
48,4220640,250.0
48,4220700,261.0
48,4220760,232.0
48,4220820,216.0
48,4220880,258.0
48,4220940,251.0
48,4221000,198.0
48,4221060,208.0
48,4221120,210.0
48,4221180,233.0
48,4221240,233.0
48,4221300,260.0
48,4221360,229.0
48,4221420,227.0
48,4221480,246.0
48,4221540,208.0
48,4221600,260.0
48,4221660,197.0
48,4221720,249.0
48,4221780,231.0
48,4221840,264.0
48,4221900,292.0
48,4221960,297.0
48,4222020,293.0
48,4222080,278.0
48,4222140,276.0
48,4222200,273.0
48,4222260,258.0
48,4222320,242.0
48,4222380,360.0
48,4222440,251.0
48,4222500,259.0
48,4222560,280.0
48,4222620,261.0
48,4222680,189.0
48,4222740,274.0
48,4222800,287.0
48,4222860,252.0
48,4222920,240.0
48,4222980,333.0
48,4223040,343.0
48,4223100,313.0
48,4223160,338.0
48,4223220,332.0
48,4223280,368.0
48,4223340,375.0
48,4223400,298.0
48,4223460,304.0
48,4223520,281.0
48,4223580,228.0
48,4223640,218.0
48,4223700,211.0
48,4223760,219.0
48,4223820,243.0
48,4223880,230.0
48,4223940,215.0
48,4224000,225.0
48,4224060,300.0
48,4224120,338.0
48,4224180,260.0
48,4224240,269.0
48,4224300,212.0
48,4224360,265.0
48,4224420,224.0
48,4224480,279.0
48,4224540,293.0
48,4224600,237.0
48,4224660,258.0
48,4224720,251.0
48,4224780,213.0
48,4224840,254.0
48,4224900,240.0
48,4224960,231.0
48,4225020,226.0
48,4225080,236.0
48,4225140,253.0
48,4225200,267.0
48,4225260,276.0
48,4225320,289.0
48,4225380,247.0
48,4225440,253.0
48,4225500,232.0
48,4225560,214.0
48,4225620,262.0
48,4225680,284.0
48,4225740,243.0
48,4225800,228.0
48,4225860,226.0
48,4225920,200.0
48,4225980,239.0
48,4226040,280.0
48,4226100,215.0
48,4226160,229.0
48,4226220,228.0
48,4226280,269.0
48,4226340,274.0
48,4226400,281.0
48,4226460,233.0
48,4226520,245.0
48,4226580,255.0
48,4226640,287.0
48,4226700,278.0
48,4226760,274.0
48,4226820,224.0
48,4226880,303.0
48,4226940,253.0
48,4227000,281.0
48,4227060,319.0
48,4227120,292.0
48,4227180,261.0
48,4227240,275.0
48,4227300,308.0
48,4227360,328.0
48,4227420,258.0
48,4227480,314.0
48,4227540,299.0
48,4227600,280.0
48,4227660,295.0
48,4227720,232.0
48,4227780,225.0
48,4227840,257.0
48,4227900,244.0
48,4227960,245.0
48,4228020,229.0
48,4228080,244.0
48,4228140,223.0
48,4228200,215.0
48,4228260,206.0
48,4228320,238.0
48,4228380,267.0
48,4228440,244.0
48,4228500,180.0
48,4228560,193.0
48,4228620,259.0
48,4228680,291.0
48,4228740,235.0
48,4228800,233.0
48,4228860,193.0
48,4228920,183.0
48,4228980,202.0
48,4229040,274.0
48,4229100,264.0
48,4229160,259.0
48,4229220,267.0
48,4229280,269.0
48,4229340,248.0
48,4229400,180.0
48,4229460,205.0
48,4229520,192.0
48,4229580,267.0
48,4229640,204.0
48,4229700,255.0
48,4229760,230.0
48,4229820,168.0
48,4229880,195.0
48,4229940,178.0
48,4230000,188.0
48,4230060,181.0
48,4230120,251.0
48,4230180,215.0
48,4230240,196.0
48,4230300,205.0
48,4230360,197.0
48,4230420,162.0
48,4230480,167.0
48,4230540,184.0
48,4230600,165.0
48,4230660,251.0
48,4230720,195.0
48,4230780,188.0
48,4230840,271.0
48,4230900,284.0
48,4230960,216.0
48,4231020,260.0
48,4231080,249.0
48,4231140,245.0
48,4231200,252.0
48,4231260,251.0
48,4231320,251.0
48,4231380,180.0
48,4231440,200.0
48,4231500,187.0
48,4231560,196.0
48,4231620,195.0
48,4231680,166.0
48,4231740,170.0
48,4231800,155.0
48,4231860,192.0
48,4231920,194.0
48,4231980,183.0
48,4232040,158.0
48,4232100,196.0
48,4232160,225.0
48,4232220,171.0
48,4232280,191.0
48,4232340,218.0
48,4232400,148.0
48,4232460,185.0
48,4232520,175.0
48,4232580,194.0
48,4232640,188.0
48,4232700,151.0
48,4232760,165.0
48,4232820,154.0
48,4232880,191.0
48,4232940,212.0
48,4233000,168.0
48,4233060,141.0
48,4233120,162.0
48,4233180,198.0
48,4233240,153.0
48,4233300,162.0
48,4233360,123.0
48,4233420,173.0
48,4233480,205.0
48,4233540,193.0
49,4233600,237.0
49,4233660,206.0
49,4233720,222.0
49,4233780,189.0
49,4233840,229.0
49,4233900,160.0
49,4233960,204.0
49,4234020,219.0
49,4234080,220.0
49,4234140,185.0
49,4234200,163.0
49,4234260,148.0
49,4234320,131.0
49,4234380,155.0
49,4234440,170.0
49,4234500,176.0
49,4234560,147.0
49,4234620,173.0
49,4234680,148.0
49,4234740,117.0
49,4234800,152.0
49,4234860,225.0
49,4234920,201.0
49,4234980,228.0
49,4235040,239.0
49,4235100,226.0
49,4235160,173.0
49,4235220,202.0
49,4235280,209.0
49,4235340,158.0
49,4235400,135.0
49,4235460,135.0
49,4235520,151.0
49,4235580,141.0
49,4235640,108.0
49,4235700,107.0
49,4235760,108.0
49,4235820,141.0
49,4235880,136.0
49,4235940,129.0
49,4236000,171.0
49,4236060,101.0
49,4236120,156.0
49,4236180,133.0
49,4236240,164.0
49,4236300,129.0
49,4236360,153.0
49,4236420,104.0
49,4236480,116.0
49,4236540,102.0
49,4236600,119.0
49,4236660,107.0
49,4236720,89.0
49,4236780,77.0
49,4236840,90.0
49,4236900,100.0
49,4236960,119.0
49,4237020,104.0
49,4237080,131.0
49,4237140,96.0
49,4237200,108.0
49,4237260,111.0
49,4237320,163.0
49,4237380,107.0
49,4237440,131.0
49,4237500,124.0
49,4237560,191.0
49,4237620,108.0
49,4237680,139.0
49,4237740,111.0
49,4237800,104.0
49,4237860,89.0
49,4237920,81.0
49,4237980,124.0
49,4238040,66.0
49,4238100,104.0
49,4238160,151.0
49,4238220,154.0
49,4238280,126.0
49,4238340,138.0
49,4238400,206.0
49,4238460,160.0
49,4238520,182.0
49,4238580,189.0
49,4238640,176.0
49,4238700,181.0
49,4238760,119.0
49,4238820,113.0
49,4238880,148.0
49,4238940,107.0
49,4239000,201.0
49,4239060,212.0
49,4239120,251.0
49,4239180,148.0
49,4239240,146.0
49,4239300,129.0
49,4239360,77.0
49,4239420,98.0
49,4239480,103.0
49,4239540,71.0
49,4239600,86.0
49,4239660,90.0
49,4239720,101.0
49,4239780,138.0
49,4239840,82.0
49,4239900,77.0
49,4239960,85.0
49,4240020,138.0
49,4240080,111.0
49,4240140,142.0
49,4240200,102.0
49,4240260,91.0
49,4240320,110.0
49,4240380,100.0
49,4240440,96.0
49,4240500,99.0
49,4240560,92.0
49,4240620,76.0
49,4240680,56.0
49,4240740,58.0
49,4240800,113.0
49,4240860,109.0
49,4240920,111.0
49,4240980,84.0
49,4241040,106.0
49,4241100,104.0
49,4241160,133.0
49,4241220,90.0
49,4241280,117.0
49,4241340,128.0
49,4241400,102.0
49,4241460,104.0
49,4241520,63.0
49,4241580,79.0
49,4241640,127.0
49,4241700,45.0
49,4241760,49.0
49,4241820,64.0
49,4241880,72.0
49,4241940,68.0
49,4242000,41.0
49,4242060,50.0
49,4242120,49.0
49,4242180,43.0
49,4242240,56.0
49,4242300,60.0
49,4242360,40.0
49,4242420,46.0
49,4242480,46.0
49,4242540,38.0
49,4242600,29.0
49,4242660,27.0
49,4242720,37.0
49,4242780,50.0
49,4242840,49.0
49,4242900,24.0
49,4242960,37.0
49,4243020,50.0
49,4243080,44.0
49,4243140,50.0
49,4243200,43.0
49,4243260,48.0
49,4243320,36.0
49,4243380,40.0
49,4243440,33.0
49,4243500,41.0
49,4243560,34.0
49,4243620,32.0
49,4243680,47.0
49,4243740,42.0
49,4243800,46.0
49,4243860,39.0
49,4243920,42.0
49,4243980,35.0
49,4244040,47.0
49,4244100,82.0
49,4244160,49.0
49,4244220,44.0
49,4244280,47.0
49,4244340,38.0
49,4244400,54.0
49,4244460,63.0
49,4244520,46.0
49,4244580,48.0
49,4244640,22.0
49,4244700,44.0
49,4244760,39.0
49,4244820,32.0
49,4244880,62.0
49,4244940,37.0
49,4245000,39.0
49,4245060,25.0
49,4245120,51.0
49,4245180,20.0
49,4245240,24.0
49,4245300,32.0
49,4245360,19.0
49,4245420,26.0
49,4245480,17.0
49,4245540,22.0
49,4245600,20.0
49,4245660,29.0
49,4245720,29.0
49,4245780,47.0
49,4245840,25.0
49,4245900,33.0
49,4245960,39.0
49,4246020,15.0
49,4246080,33.0
49,4246140,25.0
49,4246200,38.0
49,4246260,27.0
49,4246320,32.0
49,4246380,25.0
49,4246440,23.0
49,4246500,35.0
49,4246560,34.0
49,4246620,15.0
49,4246680,15.0
49,4246740,30.0
49,4246800,29.0
49,4246860,19.0
49,4246920,23.0
49,4246980,18.0
49,4247040,25.0
49,4247100,30.0
49,4247160,23.0
49,4247220,12.0
49,4247280,13.0
49,4247340,28.0
49,4247400,20.0
49,4247460,10.0
49,4247520,21.0
49,4247580,15.0
49,4247640,20.0
49,4247700,25.0
49,4247760,15.0
49,4247820,15.0
49,4247880,29.0
49,4247940,20.0
49,4248000,20.0
49,4248060,17.0
49,4248120,15.0
49,4248180,19.0
49,4248240,28.0
49,4248300,35.0
49,4248360,17.0
49,4248420,17.0
49,4248480,8.0
49,4248540,20.0
49,4248600,18.0
49,4248660,8.0
49,4248720,16.0
49,4248780,13.0
49,4248840,9.0
49,4248900,6.0
49,4248960,8.0
49,4249020,14.0
49,4249080,19.0
49,4249140,32.0
49,4249200,19.0
49,4249260,16.0
49,4249320,15.0
49,4249380,9.0
49,4249440,19.0
49,4249500,13.0
49,4249560,13.0
49,4249620,41.0
49,4249680,17.0
49,4249740,45.0
49,4249800,15.0
49,4249860,16.0
49,4249920,23.0
49,4249980,9.0
49,4250040,15.0
49,4250100,7.0
49,4250160,13.0
49,4250220,8.0
49,4250280,20.0
49,4250340,19.0
49,4250400,15.0
49,4250460,23.0
49,4250520,39.0
49,4250580,50.0
49,4250640,72.0
49,4250700,47.0
49,4250760,27.0
49,4250820,54.0
49,4250880,18.0
49,4250940,15.0
49,4251000,13.0
49,4251060,28.0
49,4251120,18.0
49,4251180,21.0
49,4251240,12.0
49,4251300,9.0
49,4251360,10.0
49,4251420,26.0
49,4251480,22.0
49,4251540,12.0
49,4251600,9.0
49,4251660,12.0
49,4251720,9.0
49,4251780,20.0
49,4251840,16.0
49,4251900,14.0
49,4251960,8.0
49,4252020,15.0
49,4252080,16.0
49,4252140,16.0
49,4252200,23.0
49,4252260,14.0
49,4252320,7.0
49,4252380,24.0
49,4252440,5.0
49,4252500,20.0
49,4252560,17.0
49,4252620,10.0
49,4252680,10.0
49,4252740,14.0
49,4252800,25.0
49,4252860,28.0
49,4252920,22.0
49,4252980,22.0
49,4253040,14.0
49,4253100,12.0
49,4253160,13.0
49,4253220,12.0
49,4253280,13.0
49,4253340,17.0
49,4253400,15.0
49,4253460,8.0
49,4253520,5.0
49,4253580,17.0
49,4253640,13.0
49,4253700,12.0
49,4253760,9.0
49,4253820,5.0
49,4253880,9.0
49,4253940,4.0
49,4254000,14.0
49,4254060,15.0
49,4254120,10.0
49,4254180,10.0
49,4254240,19.0
49,4254300,21.0
49,4254360,15.0
49,4254420,14.0
49,4254480,12.0
49,4254540,12.0
49,4254600,27.0
49,4254660,7.0
49,4254720,14.0
49,4254780,7.0
49,4254840,18.0
49,4254900,20.0
49,4254960,15.0
49,4255020,14.0
49,4255080,16.0
49,4255140,9.0
49,4255200,7.0
49,4255260,13.0
49,4255320,14.0
49,4255380,7.0
49,4255440,7.0
49,4255500,5.0
49,4255560,12.0
49,4255620,26.0
49,4255680,12.0
49,4255740,6.0
49,4255800,22.0
49,4255860,16.0
49,4255920,16.0
49,4255980,28.0
49,4256040,12.0
49,4256100,4.0
49,4256160,9.0
49,4256220,5.0
49,4256280,9.0
49,4256340,18.0
49,4256400,19.0
49,4256460,8.0
49,4256520,15.0
49,4256580,12.0
49,4256640,19.0
49,4256700,18.0
49,4256760,12.0
49,4256820,14.0
49,4256880,32.0
49,4256940,21.0
49,4257000,15.0
49,4257060,18.0
49,4257120,12.0
49,4257180,12.0
49,4257240,21.0
49,4257300,18.0
49,4257360,29.0
49,4257420,10.0
49,4257480,19.0
49,4257540,21.0
49,4257600,25.0
49,4257660,19.0
49,4257720,17.0
49,4257780,36.0
49,4257840,25.0
49,4257900,10.0
49,4257960,22.0
49,4258020,12.0
49,4258080,39.0
49,4258140,26.0
49,4258200,25.0
49,4258260,26.0
49,4258320,38.0
49,4258380,56.0
49,4258440,27.0
49,4258500,32.0
49,4258560,17.0
49,4258620,33.0
49,4258680,33.0
49,4258740,29.0
49,4258800,19.0
49,4258860,32.0
49,4258920,32.0
49,4258980,40.0
49,4259040,47.0
49,4259100,20.0
49,4259160,23.0
49,4259220,8.0
49,4259280,7.0
49,4259340,15.0
49,4259400,23.0
49,4259460,20.0
49,4259520,16.0
49,4259580,35.0
49,4259640,21.0
49,4259700,38.0
49,4259760,62.0
49,4259820,54.0
49,4259880,65.0
49,4259940,57.0
49,4260000,63.0
49,4260060,59.0
49,4260120,51.0
49,4260180,54.0
49,4260240,67.0
49,4260300,67.0
49,4260360,70.0
49,4260420,68.0
49,4260480,37.0
49,4260540,28.0
49,4260600,48.0
49,4260660,45.0
49,4260720,25.0
49,4260780,26.0
49,4260840,42.0
49,4260900,33.0
49,4260960,24.0
49,4261020,35.0
49,4261080,29.0
49,4261140,28.0
49,4261200,45.0
49,4261260,38.0
49,4261320,41.0
49,4261380,23.0
49,4261440,35.0
49,4261500,21.0
49,4261560,37.0
49,4261620,48.0
49,4261680,54.0
49,4261740,30.0
49,4261800,40.0
49,4261860,39.0
49,4261920,41.0
49,4261980,40.0
49,4262040,56.0
49,4262100,35.0
49,4262160,30.0
49,4262220,42.0
49,4262280,45.0
49,4262340,40.0
49,4262400,33.0
49,4262460,59.0
49,4262520,89.0
49,4262580,62.0
49,4262640,55.0
49,4262700,50.0
49,4262760,57.0
49,4262820,38.0
49,4262880,50.0
49,4262940,33.0
49,4263000,40.0
49,4263060,43.0
49,4263120,58.0
49,4263180,83.0
49,4263240,68.0
49,4263300,65.0
49,4263360,69.0
49,4263420,61.0
49,4263480,75.0
49,4263540,55.0
49,4263600,100.0
49,4263660,159.0
49,4263720,159.0
49,4263780,113.0
49,4263840,86.0
49,4263900,100.0
49,4263960,159.0
49,4264020,133.0
49,4264080,127.0
49,4264140,159.0
49,4264200,120.0
49,4264260,112.0
49,4264320,78.0
49,4264380,88.0
49,4264440,83.0
49,4264500,96.0
49,4264560,106.0
49,4264620,81.0
49,4264680,81.0
49,4264740,72.0
49,4264800,67.0
49,4264860,82.0
49,4264920,87.0
49,4264980,79.0
49,4265040,128.0
49,4265100,67.0
49,4265160,97.0
49,4265220,93.0
49,4265280,101.0
49,4265340,113.0
49,4265400,105.0
49,4265460,102.0
49,4265520,106.0
49,4265580,98.0
49,4265640,54.0
49,4265700,79.0
49,4265760,107.0
49,4265820,80.0
49,4265880,132.0
49,4265940,126.0
49,4266000,146.0
49,4266060,136.0
49,4266120,88.0
49,4266180,104.0
49,4266240,125.0
49,4266300,132.0
49,4266360,171.0
49,4266420,128.0
49,4266480,102.0
49,4266540,203.0
49,4266600,166.0
49,4266660,219.0
49,4266720,126.0
49,4266780,106.0
49,4266840,124.0
49,4266900,180.0
49,4266960,205.0
49,4267020,209.0
49,4267080,186.0
49,4267140,193.0
49,4267200,107.0
49,4267260,136.0
49,4267320,143.0
49,4267380,127.0
49,4267440,180.0
49,4267500,142.0
49,4267560,150.0
49,4267620,123.0
49,4267680,150.0
49,4267740,135.0
49,4267800,130.0
49,4267860,148.0
49,4267920,191.0
49,4267980,163.0
49,4268040,131.0
49,4268100,133.0
49,4268160,127.0
49,4268220,185.0
49,4268280,156.0
49,4268340,153.0
49,4268400,172.0
49,4268460,174.0
49,4268520,154.0
49,4268580,212.0
49,4268640,209.0
49,4268700,186.0
49,4268760,223.0
49,4268820,151.0
49,4268880,171.0
49,4268940,193.0
49,4269000,163.0
49,4269060,165.0
49,4269120,197.0
49,4269180,188.0
49,4269240,163.0
49,4269300,159.0
49,4269360,180.0
49,4269420,169.0
49,4269480,143.0
49,4269540,145.0
49,4269600,134.0
49,4269660,159.0
49,4269720,209.0
49,4269780,272.0
49,4269840,272.0
49,4269900,285.0
49,4269960,249.0
49,4270020,244.0
49,4270080,254.0
49,4270140,247.0
49,4270200,187.0
49,4270260,184.0
49,4270320,164.0
49,4270380,207.0
49,4270440,225.0
49,4270500,173.0
49,4270560,192.0
49,4270620,202.0
49,4270680,182.0
49,4270740,167.0
49,4270800,163.0
49,4270860,203.0
49,4270920,233.0
49,4270980,185.0
49,4271040,159.0
49,4271100,170.0
49,4271160,191.0
49,4271220,134.0
49,4271280,142.0
49,4271340,172.0
49,4271400,154.0
49,4271460,211.0
49,4271520,208.0
49,4271580,206.0
49,4271640,185.0
49,4271700,187.0
49,4271760,207.0
49,4271820,249.0
49,4271880,242.0
49,4271940,195.0
49,4272000,162.0
49,4272060,177.0
49,4272120,200.0
49,4272180,186.0
49,4272240,214.0
49,4272300,236.0
49,4272360,169.0
49,4272420,186.0
49,4272480,166.0
49,4272540,204.0
49,4272600,243.0
49,4272660,214.0
49,4272720,192.0
49,4272780,210.0
49,4272840,242.0
49,4272900,246.0
49,4272960,257.0
49,4273020,207.0
49,4273080,215.0
49,4273140,211.0
49,4273200,213.0
49,4273260,196.0
49,4273320,240.0
49,4273380,237.0
49,4273440,277.0
49,4273560,334.0
49,4273620,215.0
49,4273680,195.0
49,4273740,162.0
49,4273800,223.0
49,4273860,252.0
49,4273920,248.0
49,4273980,230.0
49,4274040,267.0
49,4274100,253.0
49,4274160,230.0
49,4274220,218.0
49,4274280,231.0
49,4274340,273.0
49,4274400,257.0
49,4274460,188.0
49,4274520,190.0
49,4274580,225.0
49,4274640,196.0
49,4274700,171.0
49,4274760,211.0
49,4274820,208.0
49,4274880,191.0
49,4274940,170.0
49,4275000,237.0
49,4275060,195.0
49,4275120,184.0
49,4275180,216.0
49,4275240,251.0
49,4275300,209.0
49,4275360,225.0
49,4275420,195.0
49,4275480,216.0
49,4275540,211.0
49,4275600,205.0
49,4275660,196.0
49,4275720,227.0
49,4275780,229.0
49,4275840,198.0
49,4275900,168.0
49,4275960,254.0
49,4276020,254.0
49,4276080,251.0
49,4276140,243.0
49,4276200,230.0
49,4276260,271.0
49,4276320,253.0
49,4276380,258.0
49,4276440,260.0
49,4276500,219.0
49,4276560,277.0
49,4276620,309.0
49,4276680,318.0
49,4276740,231.0
49,4276800,244.0
49,4276860,213.0
49,4276920,210.0
49,4276980,216.0
49,4277040,211.0
49,4277100,211.0
49,4277160,235.0
49,4277220,178.0
49,4277280,205.0
49,4277340,236.0
49,4277400,255.0
49,4277460,235.0
49,4277520,209.0
49,4277580,220.0
49,4277640,271.0
49,4277700,180.0
49,4277760,252.0
49,4277820,279.0
49,4277880,342.0
49,4277940,276.0
49,4278000,327.0
49,4278060,293.0
49,4278120,308.0
49,4278180,315.0
49,4278240,304.0
49,4278300,214.0
49,4278360,240.0
49,4278420,261.0
49,4278480,268.0
49,4278540,272.0
49,4278600,252.0
49,4278660,254.0
49,4278720,260.0
49,4278780,182.0
49,4278840,268.0
49,4278900,235.0
49,4278960,207.0
49,4279020,249.0
49,4279080,220.0
49,4279140,254.0
49,4279200,247.0
49,4279260,227.0
49,4279320,246.0
49,4279380,234.0
49,4279440,261.0
49,4279500,269.0
49,4279560,217.0
49,4279620,206.0
49,4279680,215.0
49,4279740,217.0
49,4279800,145.0
49,4279860,207.0
49,4279920,172.0
49,4279980,183.0
49,4280040,214.0
49,4280100,218.0
49,4280160,169.0
49,4280220,188.0
49,4280280,220.0
49,4280340,239.0
49,4280400,191.0
49,4280460,232.0
49,4280520,250.0
49,4280580,267.0
49,4280640,229.0
49,4280700,191.0
49,4280760,240.0
49,4280820,176.0
49,4280880,208.0
49,4280940,228.0
49,4281000,316.0
49,4281060,303.0
49,4281120,260.0
49,4281180,223.0
49,4281240,244.0
49,4281300,306.0
49,4281360,238.0
49,4281420,246.0
49,4281480,287.0
49,4281540,268.0
49,4281600,222.0
49,4281660,182.0
49,4281720,217.0
49,4281780,230.0
49,4281840,256.0
49,4281900,193.0
49,4281960,223.0
49,4282020,213.0
49,4282080,213.0
49,4282140,234.0
49,4282200,215.0
49,4282260,170.0
49,4282320,191.0
49,4282380,176.0
49,4282440,176.0
49,4282500,175.0
49,4282560,200.0
49,4282620,185.0
49,4282680,202.0
49,4282740,229.0
49,4282800,187.0
49,4282860,235.0
49,4282920,206.0
49,4282980,172.0
49,4283040,164.0
49,4283100,208.0
49,4283160,189.0
49,4283220,190.0
49,4283280,218.0
49,4283340,249.0
49,4283400,208.0
49,4283460,206.0
49,4283520,210.0
49,4283580,206.0
49,4283640,230.0
49,4283700,204.0
49,4283760,194.0
49,4283820,183.0
49,4283880,225.0
49,4283940,195.0
49,4284000,232.0
49,4284060,155.0
49,4284120,230.0
49,4284180,223.0
49,4284240,247.0
49,4284300,289.0
49,4284360,273.0
49,4284420,287.0
49,4284480,265.0
49,4284540,273.0
49,4284600,229.0
49,4284660,272.0
49,4284720,269.0
49,4284780,275.0
49,4284840,292.0
49,4284900,309.0
49,4284960,229.0
49,4285020,188.0
49,4285080,198.0
49,4285140,212.0
49,4285200,196.0
49,4285260,209.0
49,4285320,187.0
49,4285380,165.0
49,4285440,145.0
49,4285500,154.0
49,4285560,202.0
49,4285620,170.0
49,4285680,190.0
49,4285740,201.0
49,4285800,210.0
49,4285860,233.0
49,4285920,220.0
49,4285980,217.0
49,4286040,222.0
49,4286100,169.0
49,4286160,188.0
49,4286220,181.0
49,4286280,231.0
49,4286340,329.0
49,4286400,262.0
49,4286460,227.0
49,4286520,256.0
49,4286580,334.0
49,4286640,177.0
49,4286700,166.0
49,4286760,198.0
49,4286820,213.0
49,4286880,225.0
49,4286940,210.0
49,4287000,183.0
49,4287060,228.0
49,4287120,254.0
49,4287180,218.0
49,4287240,208.0
49,4287300,190.0
49,4287360,193.0
49,4287420,225.0
49,4287480,201.0
49,4287540,202.0
49,4287600,208.0
49,4287660,257.0
49,4287720,294.0
49,4287780,249.0
49,4287840,194.0
49,4287900,223.0
49,4287960,239.0
49,4288020,297.0
49,4288080,297.0
49,4288140,260.0
49,4288200,257.0
49,4288260,300.0
49,4288320,188.0
49,4288380,252.0
49,4288440,253.0
49,4288500,252.0
49,4288560,213.0
49,4288620,226.0
49,4288680,237.0
49,4288740,236.0
49,4288800,240.0
49,4288860,246.0
49,4288920,206.0
49,4288980,251.0
49,4289040,240.0
49,4289100,207.0
49,4289160,226.0
49,4289220,245.0
49,4289280,272.0
49,4289340,237.0
49,4289400,249.0
49,4289460,216.0
49,4289520,224.0
49,4289580,207.0
49,4289640,226.0
49,4289700,219.0
49,4289760,217.0
49,4289820,201.0
49,4289880,213.0
49,4289940,223.0
49,4290000,192.0
49,4290060,259.0
49,4290120,215.0
49,4290180,197.0
49,4290240,208.0
49,4290300,237.0
49,4290360,203.0
49,4290420,194.0
49,4290480,212.0
49,4290540,220.0
49,4290600,208.0
49,4290660,229.0
49,4290720,271.0
49,4290780,187.0
49,4290840,231.0
49,4290900,248.0
49,4290960,257.0
49,4291020,229.0
49,4291080,214.0
49,4291140,205.0
49,4291200,171.0
49,4291260,193.0
49,4291320,281.0
49,4291380,273.0
49,4291440,235.0
49,4291500,303.0
49,4291560,245.0
49,4291620,272.0
49,4291680,249.0
49,4291740,251.0
49,4291800,310.0
49,4291860,243.0
49,4291920,205.0
49,4291980,226.0
49,4292040,262.0
49,4292100,247.0
49,4292160,297.0
49,4292220,251.0
49,4292280,267.0
49,4292340,298.0
49,4292400,287.0
49,4292460,281.0
49,4292520,286.0
49,4292580,242.0
49,4292640,291.0
49,4292700,193.0
49,4292760,276.0
49,4292820,264.0
49,4292880,268.0
49,4292940,256.0
49,4293000,220.0
49,4293060,246.0
49,4293120,253.0
49,4293180,250.0
49,4293240,218.0
49,4293300,238.0
49,4293360,267.0
49,4293420,234.0
49,4293480,235.0
49,4293540,202.0
49,4293600,212.0
49,4293660,191.0
49,4293720,201.0
49,4293780,186.0
49,4293840,226.0
49,4293900,262.0
49,4293960,220.0
49,4294020,230.0
49,4294080,200.0
49,4294140,240.0
49,4294200,251.0
49,4294260,261.0
49,4294320,198.0
49,4294380,259.0
49,4294440,292.0
49,4294500,242.0
49,4294560,202.0
49,4294620,234.0
49,4294680,240.0
49,4294740,258.0
49,4294800,248.0
49,4294860,203.0
49,4294920,239.0
49,4294980,267.0
49,4295040,287.0
49,4295100,285.0
49,4295160,280.0
49,4295220,313.0
49,4295280,308.0
49,4295340,352.0
49,4295400,281.0
49,4295460,240.0
49,4295520,234.0
49,4295580,246.0
49,4295640,297.0
49,4295700,273.0
49,4295880,237.0
49,4295940,253.0
49,4296000,268.0
49,4296060,243.0
49,4296120,252.0
49,4296180,243.0
49,4296240,216.0
49,4296300,220.0
49,4296360,232.0
49,4296420,210.0
49,4296480,254.0
49,4296540,277.0
49,4296600,271.0
49,4296660,203.0
49,4296720,216.0
49,4296780,331.0
49,4296840,273.0
49,4296900,236.0
49,4296960,219.0
49,4297020,220.0
49,4297080,210.0
49,4297140,226.0
49,4297200,259.0
49,4297260,234.0
49,4297320,227.0
49,4297380,202.0
49,4297440,229.0
49,4297500,293.0
49,4297560,206.0
49,4297620,206.0
49,4297680,204.0
49,4297740,318.0
49,4297800,303.0
49,4297860,243.0
49,4297920,220.0
49,4297980,200.0
49,4298040,224.0
49,4298100,227.0
49,4298160,183.0
49,4298220,220.0
49,4298280,275.0
49,4298340,227.0
49,4298400,309.0
49,4298460,256.0
49,4298520,282.0
49,4298580,288.0
49,4298640,270.0
49,4298700,269.0
49,4298760,226.0
49,4298820,299.0
49,4298880,291.0
49,4298940,258.0
49,4299000,248.0
49,4299060,260.0
49,4299120,204.0
49,4299180,219.0
49,4299240,224.0
49,4299300,190.0
49,4299360,211.0
49,4299420,245.0
49,4299480,211.0
49,4299540,295.0
49,4299600,285.0
49,4299660,257.0
49,4299720,237.0
49,4299780,180.0
49,4299840,197.0
49,4299900,246.0
49,4299960,210.0
49,4300020,238.0
49,4300080,218.0
49,4300140,236.0
49,4300200,236.0
49,4300260,219.0
49,4300320,203.0
49,4300380,208.0
49,4300440,166.0
49,4300500,162.0
49,4300560,215.0
49,4300620,253.0
49,4300680,228.0
49,4300740,217.0
49,4300800,204.0
49,4300860,214.0
49,4300920,224.0
49,4300980,215.0
49,4301040,154.0
49,4301100,203.0
49,4301160,213.0
49,4301220,194.0
49,4301280,230.0
49,4301340,151.0
49,4301400,231.0
49,4301460,217.0
49,4301520,149.0
49,4301580,162.0
49,4301640,251.0
49,4301700,233.0
49,4301760,229.0
49,4301820,206.0
49,4301880,196.0
49,4301940,182.0
49,4302000,267.0
49,4302060,232.0
49,4302120,262.0
49,4302180,264.0
49,4302240,294.0
49,4302300,269.0
49,4302360,334.0
49,4302420,297.0
49,4302480,299.0
49,4302540,250.0
49,4302600,270.0
49,4302660,255.0
49,4302720,186.0
49,4302780,186.0
49,4302840,235.0
49,4302900,177.0
49,4302960,185.0
49,4303020,165.0
49,4303080,211.0
49,4303140,202.0
49,4303200,198.0
49,4303260,166.0
49,4303320,200.0
49,4303380,189.0
49,4303440,182.0
49,4303500,190.0
49,4303560,182.0
49,4303620,201.0
49,4303680,214.0
49,4303740,190.0
49,4303800,181.0
49,4303860,155.0
49,4303920,210.0
49,4303980,166.0
49,4304040,190.0
49,4304100,211.0
49,4304160,197.0
49,4304220,161.0
49,4304280,174.0
49,4304340,183.0
49,4304400,181.0
49,4304460,236.0
49,4304520,182.0
49,4304580,219.0
49,4304640,250.0
49,4304700,284.0
49,4304760,178.0
49,4304820,145.0
49,4304880,160.0
49,4304940,192.0
49,4305000,201.0
49,4305060,255.0
49,4305120,220.0
49,4305180,220.0
49,4305240,240.0
49,4305300,225.0
49,4305360,209.0
49,4305420,226.0
49,4305480,201.0
49,4305540,198.0
49,4305600,215.0
49,4305660,217.0
49,4305720,272.0
49,4305780,340.0
49,4305840,291.0
49,4305900,294.0
49,4305960,297.0
49,4306020,253.0
49,4306080,243.0
49,4306140,224.0
49,4306200,261.0
49,4306260,257.0
49,4306320,254.0
49,4306380,238.0
49,4306440,252.0
49,4306500,207.0
49,4306560,249.0
49,4306620,265.0
49,4306680,200.0
49,4306740,230.0
49,4306800,197.0
49,4306860,226.0
49,4306920,251.0
49,4306980,227.0
49,4307040,233.0
49,4307100,261.0
49,4307160,243.0
49,4307220,284.0
49,4307280,249.0
49,4307340,227.0
49,4307400,297.0
49,4307460,245.0
49,4307520,256.0
49,4307580,268.0
49,4307640,209.0
49,4307700,201.0
49,4307760,218.0
49,4307820,162.0
49,4307880,201.0
49,4307940,226.0
49,4308000,237.0
49,4308060,208.0
49,4308120,190.0
49,4308180,223.0
49,4308240,253.0
49,4308300,252.0
49,4308360,231.0
49,4308420,197.0
49,4308480,195.0
49,4308540,180.0
49,4308600,230.0
49,4308720,237.0
49,4308780,268.0
49,4309020,217.0
49,4309080,224.0
49,4309140,169.0
49,4309200,205.0
49,4309260,232.0
49,4309320,280.0
49,4309380,316.0
49,4309440,296.0
49,4309500,226.0
49,4309560,206.0
49,4309620,331.0
49,4309680,319.0
49,4309740,308.0
49,4309800,231.0
49,4309860,320.0
49,4309920,331.0
49,4309980,334.0
49,4310040,346.0
49,4310100,279.0
49,4310160,269.0
49,4310220,307.0
49,4310280,202.0
49,4310340,298.0
49,4310400,231.0
49,4310460,218.0
49,4310520,193.0
49,4310580,161.0
49,4310640,188.0
49,4310700,192.0
49,4310760,207.0
49,4310820,203.0
49,4310880,251.0
49,4310940,158.0
49,4311000,184.0
49,4311060,223.0
49,4311120,264.0
49,4311180,244.0
49,4311240,184.0
49,4311300,240.0
49,4311360,265.0
49,4311420,271.0
49,4311480,219.0
49,4311540,178.0
49,4311600,232.0
49,4311660,196.0
49,4311720,216.0
49,4311780,229.0
49,4311840,230.0
49,4311900,219.0
49,4311960,235.0
49,4312020,195.0
49,4312080,190.0
49,4312140,174.0
49,4312200,217.0
49,4312260,216.0
49,4312320,154.0
49,4312380,171.0
49,4312440,181.0
49,4312500,223.0
49,4312560,257.0
49,4312620,244.0
49,4312680,233.0
49,4312740,217.0
49,4312800,191.0
49,4312860,215.0
49,4312920,237.0
49,4312980,257.0
49,4313040,250.0
49,4313100,287.0
49,4313160,293.0
49,4313220,270.0
49,4313280,228.0
49,4313340,268.0
49,4313400,234.0
49,4313460,232.0
49,4313520,226.0
49,4313580,287.0
49,4313640,247.0
49,4313700,275.0
49,4313760,237.0
49,4313820,231.0
49,4313880,231.0
49,4313940,194.0
49,4314000,183.0
49,4314060,209.0
49,4314120,271.0
49,4314180,228.0
49,4314240,202.0
49,4314300,211.0
49,4314360,213.0
49,4314420,204.0
49,4314480,225.0
49,4314540,230.0
49,4314600,204.0
49,4314660,227.0
49,4314720,202.0
49,4314780,208.0
49,4314840,198.0
49,4314900,180.0
49,4314960,208.0
49,4315020,161.0
49,4315080,162.0
49,4315140,185.0
49,4315200,174.0
49,4315260,243.0
49,4315320,194.0
49,4315380,170.0
49,4315440,188.0
49,4315500,185.0
49,4315560,166.0
49,4315620,181.0
49,4315680,209.0
49,4315740,255.0
49,4315800,209.0
49,4315860,231.0
49,4315920,238.0
49,4315980,186.0
49,4316040,222.0
49,4316100,274.0
49,4316160,219.0
49,4316220,217.0
49,4316280,236.0
49,4316340,218.0
49,4316400,253.0
49,4316460,242.0
49,4316520,243.0
49,4316580,154.0
49,4316640,229.0
49,4316700,288.0
49,4316760,277.0
49,4316820,223.0
49,4316880,202.0
49,4316940,220.0
49,4317000,226.0
49,4317060,247.0
49,4317120,227.0
49,4317180,195.0
49,4317240,177.0
49,4317300,244.0
49,4317360,281.0
49,4317420,247.0
49,4317480,202.0
49,4317540,194.0
49,4317600,208.0
49,4317660,192.0
49,4317720,196.0
49,4317780,229.0
49,4317840,198.0
49,4317900,200.0
49,4317960,192.0
49,4318020,209.0
49,4318080,172.0
49,4318140,187.0
49,4318200,240.0
49,4318260,198.0
49,4318320,246.0
49,4318380,197.0
49,4318440,164.0
49,4318500,220.0
49,4318560,230.0
49,4318620,156.0
49,4318680,196.0
49,4318740,182.0
49,4318800,134.0
49,4318860,149.0
49,4318920,132.0
49,4318980,184.0
49,4319040,192.0
49,4319100,169.0
49,4319160,171.0
49,4319220,119.0
49,4319280,131.0
49,4319340,165.0
49,4319400,128.0
49,4319460,165.0
49,4319520,142.0
49,4319580,162.0
49,4319640,187.0
49,4319700,168.0
49,4319760,138.0
49,4319820,155.0
49,4319880,185.0
49,4319940,152.0
50,4320000,134.0
50,4320060,140.0
50,4320120,156.0
50,4320180,198.0
50,4320240,188.0
50,4320300,159.0
50,4320360,191.0
50,4320420,217.0
50,4320480,135.0
50,4320540,160.0
50,4320600,202.0
50,4320660,176.0
50,4320720,173.0
50,4320780,144.0
50,4320840,134.0
50,4320900,212.0
50,4320960,155.0
50,4321020,198.0
50,4321080,184.0
50,4321140,201.0
50,4321200,190.0
50,4321260,191.0
50,4321320,127.0
50,4321380,125.0
50,4321440,122.0
50,4321500,161.0
50,4321560,146.0
50,4321620,112.0
50,4321680,153.0
50,4321740,121.0
50,4321800,124.0
50,4321860,126.0
50,4321920,136.0
50,4321980,144.0
50,4322040,153.0
50,4322100,97.0
50,4322160,91.0
50,4322220,148.0
50,4322280,106.0
50,4322340,128.0
50,4322400,126.0
50,4322460,98.0
50,4322520,132.0
50,4322580,121.0
50,4322640,117.0
50,4322700,140.0
50,4322760,86.0
50,4322820,90.0
50,4322880,117.0
50,4322940,103.0
50,4323000,118.0
50,4323060,134.0
50,4323120,106.0
50,4323180,116.0
50,4323240,136.0
50,4323300,86.0
50,4323360,96.0
50,4323420,113.0
50,4323480,94.0
50,4323540,93.0
50,4323600,122.0
50,4323660,79.0
50,4323720,94.0
50,4323780,129.0
50,4323840,93.0
50,4323900,90.0
50,4323960,112.0
50,4324020,119.0
50,4324080,100.0
50,4324140,99.0
50,4324200,98.0
50,4324260,110.0
50,4324320,84.0
50,4324380,108.0
50,4324440,112.0
50,4324500,107.0
50,4324560,127.0
50,4324620,117.0
50,4324680,97.0
50,4324740,117.0
50,4324800,80.0
50,4324860,102.0
50,4324920,101.0
50,4324980,94.0
50,4325040,148.0
50,4325100,124.0
50,4325160,75.0
50,4325220,81.0
50,4325280,84.0
50,4325340,105.0
50,4325400,91.0
50,4325460,77.0
50,4325520,74.0
50,4325580,92.0
50,4325640,108.0
50,4325700,84.0
50,4325760,77.0
50,4325820,83.0
50,4325880,64.0
50,4325940,75.0
50,4326000,104.0
50,4326060,61.0
50,4326120,62.0
50,4326180,93.0
50,4326240,77.0
50,4326300,84.0
50,4326360,89.0
50,4326420,78.0
50,4326480,63.0
50,4326540,85.0
50,4326600,70.0
50,4326660,81.0
50,4326720,57.0
50,4326780,72.0
50,4326840,66.0
50,4326900,64.0
50,4326960,64.0
50,4327020,72.0
50,4327080,48.0
50,4327140,65.0
50,4327200,42.0
50,4327260,70.0
50,4327320,41.0
50,4327380,75.0
50,4327440,74.0
50,4327500,60.0
50,4327560,56.0
50,4327620,55.0
50,4327680,57.0
50,4327740,55.0
50,4327800,51.0
50,4327860,65.0
50,4327920,98.0
50,4327980,56.0
50,4328040,77.0
50,4328100,100.0
50,4328160,61.0
50,4328220,55.0
50,4328280,104.0
50,4328340,74.0
50,4328400,56.0
50,4328460,59.0
50,4328520,39.0
50,4328580,62.0
50,4328640,45.0
50,4328700,37.0
50,4328760,54.0
50,4328820,44.0
50,4328880,51.0
50,4328940,70.0
50,4329000,27.0
50,4329060,26.0
50,4329120,29.0
50,4329180,52.0
50,4329240,37.0
50,4329300,49.0
50,4329360,77.0
50,4329420,34.0
50,4329480,48.0
50,4329540,42.0
50,4329600,38.0
50,4329660,45.0
50,4329720,46.0
50,4329780,57.0
50,4329840,65.0
50,4329900,49.0
50,4329960,65.0
50,4330020,39.0
50,4330080,52.0
50,4330140,47.0
50,4330200,33.0
50,4330260,56.0
50,4330320,70.0
50,4330380,70.0
50,4330440,64.0
50,4330500,42.0
50,4330560,45.0
50,4330620,37.0
50,4330680,36.0
50,4330740,46.0
50,4330800,44.0
50,4330860,61.0
50,4330920,51.0
50,4330980,48.0
50,4331040,39.0
50,4331100,34.0
50,4331160,47.0
50,4331220,57.0
50,4331280,35.0
50,4331340,34.0
50,4331400,41.0
50,4331460,50.0
50,4331520,26.0
50,4331580,25.0
50,4331640,43.0
50,4331700,37.0
50,4331760,27.0
50,4331820,27.0
50,4331880,7.0
50,4331940,49.0
50,4332000,21.0
50,4332060,26.0
50,4332120,18.0
50,4332180,37.0
50,4332240,25.0
50,4332300,19.0
50,4332360,42.0
50,4332420,29.0
50,4332480,39.0
50,4332540,28.0
50,4332600,23.0
50,4332660,27.0
50,4332720,25.0
50,4332780,24.0
50,4332840,33.0
50,4332900,30.0
50,4332960,29.0
50,4333020,26.0
50,4333080,25.0
50,4333140,23.0
50,4333200,38.0
50,4333260,62.0
50,4333320,38.0
50,4333380,41.0
50,4333440,27.0
50,4333500,20.0
50,4333560,36.0
50,4333620,23.0
50,4333680,29.0
50,4333740,33.0
50,4333800,20.0
50,4333860,18.0
50,4333920,23.0
50,4333980,39.0
50,4334040,26.0
50,4334100,40.0
50,4334160,34.0
50,4334220,20.0
50,4334280,14.0
50,4334340,10.0
50,4334400,14.0
50,4334460,27.0
50,4334520,23.0
50,4334580,12.0
50,4334640,22.0
50,4334700,18.0
50,4334760,23.0
50,4334820,10.0
50,4334880,16.0
50,4334940,24.0
50,4335000,25.0
50,4335060,20.0
50,4335120,32.0
50,4335180,23.0
50,4335240,13.0
50,4335300,32.0
50,4335360,16.0
50,4335420,9.0
50,4335480,16.0
50,4335540,23.0
50,4335600,13.0
50,4335660,28.0
50,4335720,21.0
50,4335780,25.0
50,4335840,18.0
50,4335900,13.0
50,4335960,22.0
50,4336020,7.0
50,4336080,16.0
50,4336140,17.0
50,4336200,9.0
50,4336260,8.0
50,4336320,33.0
50,4336380,12.0
50,4336440,10.0
50,4336500,19.0
50,4336560,22.0
50,4336620,26.0
50,4336680,24.0
50,4336740,15.0
50,4336800,16.0
50,4336860,22.0
50,4336920,42.0
50,4336980,13.0
50,4337040,20.0
50,4337100,10.0
50,4337160,7.0
50,4337220,17.0
50,4337280,17.0
50,4337340,19.0
50,4337400,21.0
50,4337460,12.0
50,4337520,13.0
50,4337580,17.0
50,4337640,16.0
50,4337700,16.0
50,4337760,16.0
50,4337820,4.0
50,4337880,15.0
50,4337940,13.0
50,4338000,12.0
50,4338060,23.0
50,4338120,17.0
50,4338180,32.0
50,4338240,19.0
50,4338300,18.0
50,4338360,28.0
50,4338420,18.0
50,4338480,13.0
50,4338540,19.0
50,4338600,10.0
50,4338660,14.0
50,4338720,12.0
50,4338780,22.0
50,4338840,12.0
50,4338900,18.0
50,4338960,4.0
50,4339020,7.0
50,4339080,7.0
50,4339140,13.0
50,4339200,13.0
50,4339260,10.0
50,4339320,12.0
50,4339380,7.0
50,4339440,9.0
50,4339500,9.0
50,4339560,12.0
50,4339620,10.0
50,4339680,13.0
50,4339740,8.0
50,4339800,7.0
50,4339860,5.0
50,4339920,9.0
50,4339980,6.0
50,4340040,16.0
50,4340100,18.0
50,4340160,9.0
50,4340220,13.0
50,4340280,13.0
50,4340340,10.0
50,4340400,7.0
50,4340460,12.0
50,4340520,14.0
50,4340580,3.0
50,4340640,13.0
50,4340700,6.0
50,4340760,10.0
50,4340820,20.0
50,4340880,20.0
50,4340940,20.0
50,4341000,13.0
50,4341060,6.0
50,4341120,3.0
50,4341180,10.0
50,4341240,9.0
50,4341300,19.0
50,4341360,10.0
50,4341420,13.0
50,4341480,15.0
50,4341540,5.0
50,4341600,3.0
50,4341660,4.0
50,4341720,13.0
50,4341780,9.0
50,4341840,23.0
50,4341900,18.0
50,4341960,16.0
50,4342020,9.0
50,4342080,10.0
50,4342140,8.0
50,4342200,23.0
50,4342260,7.0
50,4342320,14.0
50,4342380,1.0
50,4342440,7.0
50,4342500,14.0
50,4342560,6.0
50,4342620,4.0
50,4342680,12.0
50,4342740,21.0
50,4342800,15.0
50,4342860,7.0
50,4342920,8.0
50,4342980,8.0
50,4343040,10.0
50,4343100,5.0
50,4343160,6.0
50,4343220,19.0
50,4343280,20.0
50,4343340,18.0
50,4343400,1.0
50,4343460,10.0
50,4343520,7.0
50,4343580,14.0
50,4343640,12.0
50,4343700,4.0
50,4343760,10.0
50,4343820,8.0
50,4343880,18.0
50,4343940,6.0
50,4344000,12.0
50,4344060,7.0
50,4344120,19.0
50,4344180,14.0
50,4344240,15.0
50,4344300,15.0
50,4344360,23.0
50,4344420,15.0
50,4344480,18.0
50,4344540,18.0
50,4344600,9.0
50,4344660,16.0
50,4344720,6.0
50,4344780,6.0
50,4344840,13.0
50,4344900,13.0
50,4344960,6.0
50,4345020,12.0
50,4345080,18.0
50,4345140,13.0
50,4345200,3.0
50,4345260,6.0
50,4345320,9.0
50,4345380,14.0
50,4345440,15.0
50,4345500,10.0
50,4345560,7.0
50,4345620,19.0
50,4345680,17.0
50,4345740,19.0
50,4345800,12.0
50,4345860,41.0
50,4345920,51.0
50,4345980,62.0
50,4346040,61.0
50,4346100,62.0
50,4346160,66.0
50,4346220,84.0
50,4346280,66.0
50,4346340,20.0
50,4346400,13.0
50,4346460,5.0
50,4346520,70.0
50,4346580,70.0
50,4346640,82.0
50,4346700,33.0
50,4346760,41.0
50,4346820,22.0
50,4346880,22.0
50,4346940,24.0
50,4347000,24.0
50,4347060,32.0
50,4347120,43.0
50,4347180,26.0
50,4347240,20.0
50,4347300,18.0
50,4347360,18.0
50,4347420,12.0
50,4347480,25.0
50,4347540,14.0
50,4347600,24.0
50,4347660,28.0
50,4347720,18.0
50,4347780,22.0
50,4347840,27.0
50,4347900,19.0
50,4347960,26.0
50,4348020,20.0
50,4348080,22.0
50,4348140,39.0
50,4348200,30.0
50,4348260,25.0
50,4348320,34.0
50,4348380,29.0
50,4348440,42.0
50,4348500,28.0
50,4348560,28.0
50,4348620,18.0
50,4348680,26.0
50,4348740,24.0
50,4348800,28.0
50,4348860,38.0
50,4348920,50.0
50,4348980,46.0
50,4349040,52.0
50,4349100,71.0
50,4349160,60.0
50,4349220,45.0
50,4349280,74.0
50,4349340,61.0
50,4349400,49.0
50,4349460,33.0
50,4349520,44.0
50,4349580,65.0
50,4349640,61.0
50,4349700,93.0
50,4349760,109.0
50,4349820,93.0
50,4349880,104.0
50,4349940,89.0
50,4350000,98.0
50,4350060,98.0
50,4350120,48.0
50,4350180,98.0
50,4350240,134.0
50,4350300,111.0
50,4350360,43.0
50,4350420,38.0
50,4350480,56.0
50,4350540,38.0
50,4350600,66.0
50,4350660,72.0
50,4350720,79.0
50,4350780,85.0
50,4350840,114.0
50,4350900,88.0
50,4350960,75.0
50,4351020,80.0
50,4351080,77.0
50,4351140,82.0
50,4351200,121.0
50,4351260,108.0
50,4351320,76.0
50,4351380,78.0
50,4351440,74.0
50,4351500,89.0
50,4351560,91.0
50,4351620,59.0
50,4351680,92.0
50,4351740,87.0
50,4351800,87.0
50,4351860,106.0
50,4351920,105.0
50,4351980,96.0
50,4352040,113.0
50,4352100,98.0
50,4352160,94.0
50,4352220,105.0
50,4352280,151.0
50,4352340,101.0
50,4352400,104.0
50,4352460,91.0
50,4352520,116.0
50,4352580,116.0
50,4352640,114.0
50,4352700,124.0
50,4352760,139.0
50,4352820,131.0
50,4352880,149.0
50,4352940,117.0
50,4353000,100.0
50,4353060,90.0
50,4353120,74.0
50,4353180,77.0
50,4353240,118.0
50,4353300,97.0
50,4353360,94.0
50,4353420,74.0
50,4353480,64.0
50,4353540,119.0
50,4353600,123.0
50,4353660,120.0
50,4353720,161.0
50,4353780,131.0
50,4353840,172.0
50,4353900,184.0
50,4353960,176.0
50,4354020,180.0
50,4354080,180.0
50,4354140,186.0
50,4354200,189.0
50,4354260,196.0
50,4354320,152.0
50,4354380,192.0
50,4354440,242.0
50,4354500,140.0
50,4354560,155.0
50,4354620,143.0
50,4354680,129.0
50,4354740,127.0
50,4354800,99.0
50,4354860,133.0
50,4354920,170.0
50,4354980,149.0
50,4355040,141.0
50,4355100,185.0
50,4355160,142.0
50,4355220,124.0
50,4355280,174.0
50,4355340,146.0
50,4355400,112.0
50,4355460,170.0
50,4355520,152.0
50,4355580,166.0
50,4355640,174.0
50,4355700,155.0
50,4355760,130.0
50,4355820,182.0
50,4355880,164.0
50,4355940,129.0
50,4356000,123.0
50,4356060,165.0
50,4356120,219.0
50,4356180,172.0
50,4356240,151.0
50,4356300,148.0
50,4356360,192.0
50,4356420,217.0
50,4356480,240.0
50,4356540,238.0
50,4356600,211.0
50,4356660,243.0
50,4356720,176.0
50,4356780,248.0
50,4356840,304.0
50,4356900,214.0
50,4356960,171.0
50,4357020,185.0
50,4357080,153.0
50,4357140,148.0
50,4357200,165.0
50,4357260,161.0
50,4357320,160.0
50,4357380,167.0
50,4357440,172.0
50,4357500,211.0
50,4357560,218.0
50,4357620,192.0
50,4357680,182.0
50,4357740,162.0
50,4357800,194.0
50,4357860,130.0
50,4357920,174.0
50,4357980,156.0
50,4358040,163.0
50,4358100,153.0
50,4358160,160.0
50,4358220,129.0
50,4358280,173.0
50,4358340,153.0
50,4358400,165.0
50,4358460,156.0
50,4358520,193.0
50,4358580,200.0
50,4358640,214.0
50,4358700,168.0
50,4358760,197.0
50,4358820,145.0
50,4358880,190.0
50,4358940,273.0
50,4359000,213.0
50,4359060,180.0
50,4359120,190.0
50,4359180,192.0
50,4359240,251.0
50,4359300,203.0
50,4359360,171.0
50,4359420,176.0
50,4359480,174.0
50,4359540,167.0
50,4359600,188.0
50,4359660,171.0
50,4359720,153.0
50,4359780,197.0
50,4359840,249.0
50,4359900,245.0
50,4359960,247.0
50,4360020,226.0
50,4360080,169.0
50,4360140,180.0
50,4360200,213.0
50,4360260,235.0
50,4360320,211.0
50,4360380,236.0
50,4360440,276.0
50,4360500,186.0
50,4360560,211.0
50,4360620,193.0
50,4360680,223.0
50,4360740,206.0
50,4360800,289.0
50,4360860,223.0
50,4360920,177.0
50,4360980,158.0
50,4361040,230.0
50,4361100,227.0
50,4361160,207.0
50,4361220,214.0
50,4361280,235.0
50,4361340,190.0
50,4361400,233.0
50,4361460,175.0
50,4361520,148.0
50,4361580,184.0
50,4361640,255.0
50,4361700,222.0
50,4361760,255.0
50,4361820,243.0
50,4361880,244.0
50,4361940,164.0
50,4362000,232.0
50,4362060,229.0
50,4362120,208.0
50,4362180,225.0
50,4362240,247.0
50,4362300,218.0
50,4362360,304.0
50,4362420,251.0
50,4362480,203.0
50,4362540,222.0
50,4362600,214.0
50,4362660,304.0
50,4362720,200.0
50,4362780,188.0
50,4362840,186.0
50,4362900,207.0
50,4362960,224.0
50,4363020,177.0
50,4363080,225.0
50,4363140,218.0
50,4363200,197.0
50,4363260,234.0
50,4363320,258.0
50,4363380,270.0
50,4363440,272.0
50,4363500,191.0
50,4363560,220.0
50,4363620,213.0
50,4363680,191.0
50,4363740,189.0
50,4363800,225.0
50,4363860,220.0
50,4363920,265.0
50,4363980,254.0
50,4364040,216.0
50,4364100,228.0
50,4364160,245.0
50,4364220,262.0
50,4364280,248.0
50,4364340,231.0
50,4364400,280.0
50,4364460,275.0
50,4364520,240.0
50,4364580,171.0
50,4364640,203.0
50,4364700,242.0
50,4364760,202.0
50,4364820,278.0
50,4364880,236.0
50,4364940,191.0
50,4365000,209.0
50,4365060,245.0
50,4365120,190.0
50,4365180,187.0
50,4365240,177.0
50,4365300,204.0
50,4365360,230.0
50,4365420,222.0
50,4365480,299.0
50,4365540,271.0
50,4365600,178.0
50,4365660,188.0
50,4365720,203.0
50,4365780,257.0
50,4365840,246.0
50,4365900,233.0
50,4365960,216.0
50,4366020,189.0
50,4366080,233.0
50,4366140,200.0
50,4366200,177.0
50,4366260,214.0
50,4366320,204.0
50,4366380,175.0
50,4366440,204.0
50,4366500,207.0
50,4366560,214.0
50,4366620,228.0
50,4366680,174.0
50,4366740,188.0
50,4366800,177.0
50,4366860,197.0
50,4366920,275.0
50,4366980,306.0
50,4367040,298.0
50,4367100,257.0
50,4367160,229.0
50,4367220,296.0
50,4367280,320.0
50,4367340,275.0
50,4367400,310.0
50,4367460,262.0
50,4367520,255.0
50,4367580,267.0
50,4367640,176.0
50,4367700,203.0
50,4367760,201.0
50,4367820,193.0
50,4367880,223.0
50,4367940,226.0
50,4368000,244.0
50,4368060,227.0
50,4368120,224.0
50,4368180,236.0
50,4368240,217.0
50,4368300,205.0
50,4368360,183.0
50,4368420,248.0
50,4368480,217.0
50,4368540,201.0
50,4368600,200.0
50,4368660,204.0
50,4368720,236.0
50,4368780,197.0
50,4368840,281.0
50,4368900,171.0
50,4368960,196.0
50,4369020,198.0
50,4369080,212.0
50,4369140,218.0
50,4369200,218.0
50,4369260,209.0
50,4369320,193.0
50,4369380,216.0
50,4369440,202.0
50,4369500,205.0
50,4369560,182.0
50,4369620,202.0
50,4369680,209.0
50,4369740,193.0
50,4369800,172.0
50,4369860,205.0
50,4369920,167.0
50,4369980,223.0
50,4370040,257.0
50,4370100,226.0
50,4370160,204.0
50,4370220,216.0
50,4370280,159.0
50,4370340,204.0
50,4370400,215.0
50,4370460,239.0
50,4370520,217.0
50,4370580,277.0
50,4370640,188.0
50,4370700,291.0
50,4370760,246.0
50,4370820,255.0
50,4370880,216.0
50,4370940,193.0
50,4371000,175.0
50,4371060,183.0
50,4371120,181.0
50,4371180,212.0
50,4371240,197.0
50,4371300,155.0
50,4371360,236.0
50,4371420,256.0
50,4371480,351.0
50,4371540,311.0
50,4371600,258.0
50,4371660,233.0
50,4371720,188.0
50,4371780,222.0
50,4371840,210.0
50,4371900,218.0
50,4371960,252.0
50,4372020,235.0
50,4372080,191.0
50,4372140,175.0
50,4372200,233.0
50,4372260,184.0
50,4372320,192.0
50,4372380,190.0
50,4372440,246.0
50,4372500,219.0
50,4372560,230.0
50,4372620,178.0
50,4372680,231.0
50,4372740,182.0
50,4372800,214.0
50,4372860,235.0
50,4372920,195.0
50,4372980,194.0
50,4373040,255.0
50,4373100,270.0
50,4373160,242.0
50,4373220,236.0
50,4373280,232.0
50,4373340,220.0
50,4373400,213.0
50,4373460,257.0
50,4373520,273.0
50,4373580,226.0
50,4373640,254.0
50,4373700,228.0
50,4373760,274.0
50,4373820,246.0
50,4373880,213.0
50,4373940,194.0
50,4374000,202.0
50,4374060,266.0
50,4374120,273.0
50,4374180,318.0
50,4374240,301.0
50,4374300,235.0
50,4374360,254.0
50,4374420,267.0
50,4374480,244.0
50,4374540,286.0
50,4374600,301.0
50,4374660,256.0
50,4374720,240.0
50,4374780,215.0
50,4374840,238.0
50,4374900,277.0
50,4374960,240.0
50,4375020,249.0
50,4375080,225.0
50,4375140,203.0
50,4375200,256.0
50,4375260,200.0
50,4375320,216.0
50,4375380,256.0
50,4375440,246.0
50,4375500,249.0
50,4375560,235.0
50,4375620,206.0
50,4375680,265.0
50,4375740,230.0
50,4375800,205.0
50,4375860,207.0
50,4375920,224.0
50,4375980,244.0
50,4376040,235.0
50,4376100,226.0
50,4376160,220.0
50,4376220,192.0
50,4376280,247.0
50,4376340,280.0
50,4376400,210.0
50,4376460,194.0
50,4376520,230.0
50,4376580,195.0
50,4376640,194.0
50,4376700,229.0
50,4376760,233.0
50,4376820,207.0
50,4376880,214.0
50,4376940,197.0
50,4377000,192.0
50,4377060,214.0
50,4377120,197.0
50,4377180,211.0
50,4377240,195.0
50,4377300,182.0
50,4377360,154.0
50,4377420,149.0
50,4377480,185.0
50,4377540,202.0
50,4377600,192.0
50,4377660,171.0
50,4377720,234.0
50,4377780,250.0
50,4377840,264.0
50,4377900,186.0
50,4377960,186.0
50,4378020,185.0
50,4378080,169.0
50,4378140,229.0
50,4378200,194.0
50,4378260,244.0
50,4378320,232.0
50,4378380,281.0
50,4378440,226.0
50,4378500,246.0
50,4378560,234.0
50,4378620,234.0
50,4378680,312.0
50,4378740,299.0
50,4378800,280.0
50,4378860,308.0
50,4378920,285.0
50,4378980,299.0
50,4379040,259.0
50,4379100,282.0
50,4379160,238.0
50,4379220,176.0
50,4379280,208.0
50,4379340,211.0
50,4379400,207.0
50,4379460,254.0
50,4379520,278.0
50,4379580,216.0
50,4379640,211.0
50,4379700,205.0
50,4379760,246.0
50,4379820,220.0
50,4379880,206.0
50,4379940,243.0
50,4380000,266.0
50,4380060,188.0
50,4380120,210.0
50,4380180,175.0
50,4380240,220.0
50,4380300,184.0
50,4380360,192.0
50,4380420,203.0
50,4380480,166.0
50,4380540,204.0
50,4380600,212.0
50,4380660,247.0
50,4380720,247.0
50,4380780,189.0
50,4380840,217.0
50,4380900,193.0
50,4380960,172.0
50,4381020,224.0
50,4381080,202.0
50,4381140,209.0
50,4381200,189.0
50,4381260,212.0
50,4381320,248.0
50,4381380,189.0
50,4381440,214.0
50,4381500,190.0
50,4381560,200.0
50,4381620,227.0
50,4381680,262.0
50,4381740,313.0
50,4381800,247.0
50,4381860,289.0
50,4381920,236.0
50,4381980,240.0
50,4382040,277.0
50,4382100,222.0
50,4382160,192.0
50,4382220,253.0
50,4382280,230.0
50,4382340,212.0
50,4382400,170.0
50,4382460,170.0
50,4382520,205.0
50,4382580,208.0
50,4382640,217.0
50,4382700,180.0
50,4382760,184.0
50,4382820,227.0
50,4382880,201.0
50,4382940,219.0
50,4383000,270.0
50,4383060,280.0
50,4383120,224.0
50,4383180,272.0
50,4383240,213.0
50,4383300,193.0
50,4383360,206.0
50,4383420,172.0
50,4383480,201.0
50,4383540,194.0
50,4383600,218.0
50,4383660,225.0
50,4383720,178.0
50,4383780,201.0
50,4383840,198.0
50,4383900,174.0
50,4383960,202.0
50,4384020,189.0
50,4384080,190.0
50,4384140,231.0
50,4384200,271.0
50,4384260,196.0
50,4384320,213.0
50,4384380,237.0
50,4384440,206.0
50,4384500,170.0
50,4384560,233.0
50,4384620,202.0
50,4384680,184.0
50,4384740,192.0
50,4384800,218.0
50,4384860,229.0
50,4384920,232.0
50,4384980,183.0
50,4385040,238.0
50,4385100,233.0
50,4385160,175.0
50,4385220,227.0
50,4385280,225.0
50,4385340,231.0
50,4385400,206.0
50,4385460,242.0
50,4385520,236.0
50,4385580,269.0
50,4385640,233.0
50,4385700,288.0
50,4385760,178.0
50,4385820,202.0
50,4385880,173.0
50,4385940,194.0
50,4386000,213.0
50,4386060,188.0
50,4386120,180.0
50,4386180,162.0
50,4386240,209.0
50,4386300,200.0
50,4386360,216.0
50,4386420,260.0
50,4386480,222.0
50,4386540,233.0
50,4386600,232.0
50,4386660,147.0
50,4386720,170.0
50,4386780,155.0
50,4386840,178.0
50,4386900,148.0
50,4386960,208.0
50,4387020,184.0
50,4387080,177.0
50,4387140,162.0
50,4387200,185.0
50,4387260,205.0
50,4387320,190.0
50,4387380,250.0
50,4387440,234.0
50,4387500,187.0
50,4387560,188.0
50,4387620,257.0
50,4387680,225.0
50,4387740,234.0
50,4387800,200.0
50,4387860,209.0
50,4387920,185.0
50,4387980,203.0
50,4388040,145.0
50,4388100,171.0
50,4388160,189.0
50,4388220,212.0
50,4388280,252.0
50,4388340,187.0
50,4388400,168.0
50,4388460,159.0
50,4388520,185.0
50,4388580,198.0
50,4388640,243.0
50,4388700,249.0
50,4388760,211.0
50,4388820,162.0
50,4388880,170.0
50,4388940,180.0
50,4389000,224.0
50,4389060,196.0
50,4389120,224.0
50,4389180,209.0
50,4389240,149.0
50,4389300,171.0
50,4389360,163.0
50,4389420,126.0
50,4389480,239.0
50,4389540,218.0
50,4389600,232.0
50,4389660,185.0
50,4389720,175.0
50,4389780,204.0
50,4389840,170.0
50,4389900,213.0
50,4389960,232.0
50,4390020,236.0
50,4390080,258.0
50,4390140,226.0
50,4390200,244.0
50,4390260,239.0
50,4390320,269.0
50,4390380,222.0
50,4390440,170.0
50,4390500,173.0
50,4390560,206.0
50,4390620,271.0
50,4390680,249.0
50,4390740,159.0
50,4390800,204.0
50,4390860,211.0
50,4390920,180.0
50,4390980,144.0
50,4391040,197.0
50,4391100,205.0
50,4391160,192.0
50,4391220,215.0
50,4391280,180.0
50,4391340,269.0
50,4391400,211.0
50,4391460,214.0
50,4391520,186.0
50,4391580,236.0
50,4391640,200.0
50,4391700,176.0
50,4391760,152.0
50,4391820,172.0
50,4391880,172.0
50,4391940,208.0
50,4392000,322.0
50,4392060,195.0
50,4392120,210.0
50,4392180,218.0
50,4392240,266.0
50,4392300,206.0
50,4392360,267.0
50,4392420,229.0
50,4392480,278.0
50,4392540,284.0
50,4392600,250.0
50,4392660,234.0
50,4392720,176.0
50,4392780,211.0
50,4392840,215.0
50,4392900,210.0
50,4392960,188.0
50,4393020,182.0
50,4393080,233.0
50,4393140,209.0
50,4393200,231.0
50,4393260,186.0
50,4393320,235.0
50,4393380,240.0
50,4393440,212.0
50,4393500,183.0
50,4393560,161.0
50,4393620,181.0
50,4393680,193.0
50,4393740,240.0
50,4393800,210.0
50,4393860,236.0
50,4393920,222.0
50,4393980,212.0
50,4394040,201.0
50,4394100,198.0
50,4394160,193.0
50,4394220,201.0
50,4394280,216.0
50,4394340,216.0
50,4394400,235.0
50,4394460,288.0
50,4394520,224.0
50,4394580,238.0
50,4394640,213.0
50,4394700,235.0
50,4394760,197.0
50,4394820,223.0
50,4394880,186.0
50,4394940,216.0
50,4395000,213.0
50,4395060,217.0
50,4395120,239.0
50,4395180,248.0
50,4395240,167.0
50,4395300,224.0
50,4395360,196.0
50,4395420,232.0
50,4395480,217.0
50,4395540,219.0
50,4395600,273.0
50,4395660,265.0
50,4395720,265.0
50,4395780,272.0
50,4395840,273.0
50,4395900,197.0
50,4395960,264.0
50,4396020,207.0
50,4396080,224.0
50,4396140,200.0
50,4396200,198.0
50,4396260,197.0
50,4396320,208.0
50,4396380,163.0
50,4396440,195.0
50,4396500,254.0
50,4396560,254.0
50,4396620,267.0
50,4396680,217.0
50,4396740,213.0
50,4396800,201.0
50,4396860,244.0
50,4396920,261.0
50,4396980,192.0
50,4397040,252.0
50,4397100,247.0
50,4397160,219.0
50,4397220,267.0
50,4397280,231.0
50,4397340,182.0
50,4397400,214.0
50,4397460,173.0
50,4397520,180.0
50,4397580,195.0
50,4397640,200.0
50,4397700,239.0
50,4397760,211.0
50,4397820,205.0
50,4397880,190.0
50,4397940,208.0
50,4398000,200.0
50,4398060,187.0
50,4398120,194.0
50,4398180,216.0
50,4398240,230.0
50,4398300,181.0
50,4398360,208.0
50,4398420,197.0
50,4398480,231.0
50,4398540,239.0
50,4398600,215.0
50,4398660,182.0
50,4398720,203.0
50,4398780,222.0
50,4398840,192.0
50,4398900,171.0
50,4398960,234.0
50,4399020,168.0
50,4399080,277.0
50,4399140,238.0
50,4399200,206.0
50,4399260,251.0
50,4399320,238.0
50,4399380,205.0
50,4399440,280.0
50,4399500,235.0
50,4399560,204.0
50,4399620,196.0
50,4399680,210.0
50,4399740,230.0
50,4399800,252.0
50,4399860,273.0
50,4399920,178.0
50,4399980,188.0
50,4400040,243.0
50,4400100,233.0
50,4400160,196.0
50,4400220,198.0
50,4400280,144.0
50,4400340,170.0
50,4400400,176.0
50,4400460,213.0
50,4400520,170.0
50,4400580,202.0
50,4400640,177.0
50,4400700,185.0
50,4400760,122.0
50,4400820,160.0
50,4400880,159.0
50,4400940,177.0
50,4401000,192.0
50,4401060,176.0
50,4401120,165.0
50,4401180,187.0
50,4401240,202.0
50,4401300,231.0
50,4401360,258.0
50,4401420,213.0
50,4401480,175.0
50,4401540,195.0
50,4401600,171.0
50,4401660,148.0
50,4401720,161.0
50,4401780,207.0
50,4401840,198.0
50,4401900,187.0
50,4401960,153.0
50,4402020,217.0
50,4402080,202.0
50,4402140,194.0
50,4402200,167.0
50,4402260,193.0
50,4402320,195.0
50,4402380,232.0
50,4402440,156.0
50,4402500,204.0
50,4402560,144.0
50,4402620,196.0
50,4402680,175.0
50,4402740,170.0
50,4402800,132.0
50,4402860,202.0
50,4402920,198.0
50,4402980,154.0
50,4403040,215.0
50,4403100,236.0
50,4403160,156.0
50,4403220,167.0
50,4403280,160.0
50,4403340,163.0
50,4403400,265.0
50,4403460,245.0
50,4403520,186.0
50,4403580,164.0
50,4403640,151.0
50,4403700,193.0
50,4403760,212.0
50,4403820,193.0
50,4403880,224.0
50,4403940,215.0
50,4404000,219.0
50,4404060,247.0
50,4404120,170.0
50,4404180,177.0
50,4404240,206.0
50,4404300,198.0
50,4404360,167.0
50,4404420,170.0
50,4404480,187.0
50,4404540,130.0
50,4404600,159.0
50,4404660,136.0
50,4404720,164.0
50,4404780,209.0
50,4404840,197.0
50,4404900,133.0
50,4404960,150.0
50,4405020,133.0
50,4405080,130.0
50,4405140,136.0
50,4405200,142.0
50,4405260,151.0
50,4405320,148.0
50,4405380,177.0
50,4405440,176.0
50,4405500,114.0
50,4405560,146.0
50,4405620,154.0
50,4405680,152.0
50,4405740,140.0
50,4405800,177.0
50,4405860,189.0
50,4405920,135.0
50,4405980,128.0
50,4406040,101.0
50,4406100,122.0
50,4406160,151.0
50,4406220,168.0
50,4406280,189.0
50,4406340,138.0
51,4406400,160.0
51,4406460,169.0
51,4406520,147.0
51,4406580,150.0
51,4406640,185.0
51,4406700,201.0
51,4406760,134.0
51,4406820,144.0
51,4406880,142.0
51,4406940,96.0
51,4407000,152.0
51,4407060,163.0
51,4407120,129.0
51,4407180,109.0
51,4407240,102.0
51,4407300,149.0
51,4407360,136.0
51,4407420,165.0
51,4407480,152.0
51,4407540,122.0
51,4407600,145.0
51,4407660,149.0
51,4407720,121.0
51,4407780,130.0
51,4407840,118.0
51,4407900,178.0
51,4407960,119.0
51,4408020,102.0
51,4408080,82.0
51,4408140,93.0
51,4408200,132.0
51,4408260,195.0
51,4408320,108.0
51,4408380,103.0
51,4408440,152.0
51,4408500,151.0
51,4408560,145.0
51,4408620,151.0
51,4408680,138.0
51,4408740,125.0
51,4408800,175.0
51,4408860,141.0
51,4408920,124.0
51,4408980,104.0
51,4409040,75.0
51,4409100,98.0
51,4409160,119.0
51,4409220,72.0
51,4409280,98.0
51,4409340,72.0
51,4409400,63.0
51,4409460,72.0
51,4409520,70.0
51,4409580,74.0
51,4409640,57.0
51,4409700,97.0
51,4409760,75.0
51,4409820,123.0
51,4409880,117.0
51,4409940,124.0
51,4410000,110.0
51,4410060,113.0
51,4410120,68.0
51,4410180,85.0
51,4410240,113.0
51,4410300,106.0
51,4410360,89.0
51,4410420,81.0
51,4410480,80.0
51,4410540,79.0
51,4410600,71.0
51,4410660,136.0
51,4410720,131.0
51,4410780,112.0
51,4410840,103.0
51,4410900,132.0
51,4410960,146.0
51,4411020,98.0
51,4411080,110.0
51,4411140,110.0
51,4411200,114.0
51,4411260,112.0
51,4411320,117.0
51,4411380,103.0
51,4411440,72.0
51,4411500,78.0
51,4411560,72.0
51,4411620,75.0
51,4411680,87.0
51,4411740,97.0
51,4411800,69.0
51,4411860,78.0
51,4411920,96.0
51,4411980,63.0
51,4412040,72.0
51,4412100,70.0
51,4412160,70.0
51,4412220,69.0
51,4412280,46.0
51,4412340,55.0
51,4412400,70.0
51,4412460,54.0
51,4412520,55.0
51,4412580,39.0
51,4412640,42.0
51,4412700,50.0
51,4412760,59.0
51,4412820,59.0
51,4412880,42.0
51,4412940,61.0
51,4413000,71.0
51,4413060,48.0
51,4413120,40.0
51,4413180,56.0
51,4413240,52.0
51,4413300,36.0
51,4413360,64.0
51,4413420,81.0
51,4413480,67.0
51,4413540,42.0
51,4413600,50.0
51,4413660,39.0
51,4413720,49.0
51,4413780,43.0
51,4413840,56.0
51,4413900,45.0
51,4413960,33.0
51,4414020,42.0
51,4414080,45.0
51,4414140,48.0
51,4414200,44.0
51,4414260,42.0
51,4414320,49.0
51,4414380,49.0
51,4414440,50.0
51,4414500,33.0
51,4414560,28.0
51,4414620,40.0
51,4414680,39.0
51,4414740,61.0
51,4414800,36.0
51,4414860,44.0
51,4414920,39.0
51,4414980,24.0
51,4415040,35.0
51,4415100,47.0
51,4415160,50.0
51,4415220,38.0
51,4415280,38.0
51,4415340,42.0
51,4415400,46.0
51,4415460,54.0
51,4415520,43.0
51,4415580,45.0
51,4415640,61.0
51,4415700,41.0
51,4415760,34.0
51,4415820,32.0
51,4415880,30.0
51,4415940,47.0
51,4416000,27.0
51,4416060,39.0
51,4416120,40.0
51,4416180,44.0
51,4416240,50.0
51,4416300,35.0
51,4416360,26.0
51,4416420,25.0
51,4416480,25.0
51,4416540,37.0
51,4416600,37.0
51,4416660,35.0
51,4416720,44.0
51,4416780,36.0
51,4416840,41.0
51,4416900,40.0
51,4416960,40.0
51,4417020,30.0
51,4417080,41.0
51,4417140,21.0
51,4417200,20.0
51,4417260,26.0
51,4417320,18.0
51,4417380,32.0
51,4417440,38.0
51,4417500,23.0
51,4417560,27.0
51,4417620,22.0
51,4417680,24.0
51,4417740,36.0
51,4417800,17.0
51,4417860,34.0
51,4417920,23.0
51,4417980,41.0
51,4418040,22.0
51,4418100,18.0
51,4418160,29.0
51,4418220,32.0
51,4418280,32.0
51,4418340,33.0
51,4418400,23.0
51,4418460,16.0
51,4418520,10.0
51,4418580,18.0
51,4418640,8.0
51,4418700,17.0
51,4418760,16.0
51,4418820,19.0
51,4418880,20.0
51,4418940,12.0
51,4419000,21.0
51,4419060,16.0
51,4419120,7.0
51,4419180,20.0
51,4419240,18.0
51,4419300,19.0
51,4419360,18.0
51,4419420,19.0
51,4419480,32.0
51,4419540,44.0
51,4419600,16.0
51,4419660,35.0
51,4419720,25.0
51,4419780,23.0
51,4419840,34.0
51,4419900,46.0
51,4419960,39.0
51,4420020,23.0
51,4420080,14.0
51,4420140,25.0
51,4420200,14.0
51,4420260,7.0
51,4420320,19.0
51,4420380,13.0
51,4420440,10.0
51,4420500,12.0
51,4420560,14.0
51,4420620,15.0
51,4420680,21.0
51,4420740,24.0
51,4420800,36.0
51,4420860,10.0
51,4420920,16.0
51,4420980,34.0
51,4421040,32.0
51,4421100,18.0
51,4421160,12.0
51,4421220,13.0
51,4421280,14.0
51,4421340,10.0
51,4421400,12.0
51,4421460,39.0
51,4421520,12.0
51,4421580,22.0
51,4421640,10.0
51,4421700,12.0
51,4421760,19.0
51,4421820,25.0
51,4421880,9.0
51,4421940,21.0
51,4422000,12.0
51,4422060,23.0
51,4422120,19.0
51,4422180,18.0
51,4422240,15.0
51,4422300,15.0
51,4422360,20.0
51,4422420,26.0
51,4422480,18.0
51,4422540,13.0
51,4422600,16.0
51,4422660,21.0
51,4422720,9.0
51,4422780,12.0
51,4422840,19.0
51,4422900,20.0
51,4422960,7.0
51,4423020,8.0
51,4423080,17.0
51,4423140,12.0
51,4423200,30.0
51,4423260,22.0
51,4423320,5.0
51,4423380,9.0
51,4423440,14.0
51,4423500,8.0
51,4423560,6.0
51,4423620,7.0
51,4423680,13.0
51,4423740,26.0
51,4423800,21.0
51,4423860,4.0
51,4423920,25.0
51,4423980,5.0
51,4424040,12.0
51,4424100,3.0
51,4424160,17.0
51,4424220,7.0
51,4424280,15.0
51,4424340,5.0
51,4424400,9.0
51,4424460,6.0
51,4424520,12.0
51,4424580,10.0
51,4424640,14.0
51,4424700,3.0
51,4424760,13.0
51,4424820,7.0
51,4424880,15.0
51,4424940,23.0
51,4425000,6.0
51,4425060,8.0
51,4425120,13.0
51,4425180,18.0
51,4425240,9.0
51,4425300,13.0
51,4425360,5.0
51,4425420,13.0
51,4425480,7.0
51,4425540,10.0
51,4425600,9.0
51,4425660,6.0
51,4425720,12.0
51,4425780,10.0
51,4425840,9.0
51,4425900,14.0
51,4425960,4.0
51,4426020,7.0
51,4426080,8.0
51,4426140,13.0
51,4426200,4.0
51,4426260,4.0
51,4426320,5.0
51,4426380,16.0
51,4426440,19.0
51,4426500,9.0
51,4426560,13.0
51,4426620,16.0
51,4426680,8.0
51,4426740,10.0
51,4426800,16.0
51,4426860,9.0
51,4426920,7.0
51,4426980,9.0
51,4427040,25.0
51,4427100,18.0
51,4427160,12.0
51,4427220,9.0
51,4427280,28.0
51,4427340,14.0
51,4427400,8.0
51,4427460,12.0
51,4427520,16.0
51,4427580,15.0
51,4427640,9.0
51,4427700,8.0
51,4427760,15.0
51,4427820,10.0
51,4427880,13.0
51,4427940,8.0
51,4428000,3.0
51,4428060,18.0
51,4428120,10.0
51,4428180,10.0
51,4428240,18.0
51,4428300,8.0
51,4428360,13.0
51,4428420,14.0
51,4428480,8.0
51,4428540,14.0
51,4428600,10.0
51,4428660,9.0
51,4428720,8.0
51,4428780,35.0
51,4428840,6.0
51,4428900,9.0
51,4428960,13.0
51,4429020,15.0
51,4429080,8.0
51,4429140,12.0
51,4429200,14.0
51,4429260,16.0
51,4429320,7.0
51,4429380,5.0
51,4429440,6.0
51,4429500,12.0
51,4429560,10.0
51,4429620,14.0
51,4429680,9.0
51,4429740,9.0
51,4429800,2.0
51,4429860,8.0
51,4429920,7.0
51,4429980,7.0
51,4430040,13.0
51,4430100,18.0
51,4430160,71.0
51,4430220,42.0
51,4430280,62.0
51,4430340,43.0
51,4430400,61.0
51,4430460,58.0
51,4430520,55.0
51,4430580,26.0
51,4430640,14.0
51,4430700,48.0
51,4430760,56.0
51,4430820,78.0
51,4430880,45.0
51,4430940,15.0
51,4431000,12.0
51,4431060,13.0
51,4431120,14.0
51,4431180,6.0
51,4431240,7.0
51,4431300,7.0
51,4431360,6.0
51,4431420,10.0
51,4431480,16.0
51,4431540,14.0
51,4431600,14.0
51,4431660,16.0
51,4431720,54.0
51,4431780,82.0
51,4431840,89.0
51,4431900,77.0
51,4431960,84.0
51,4432020,74.0
51,4432080,70.0
51,4432140,39.0
51,4432200,18.0
51,4432260,68.0
51,4432320,64.0
51,4432380,63.0
51,4432440,32.0
51,4432500,30.0
51,4432560,22.0
51,4432620,20.0
51,4432680,19.0
51,4432740,34.0
51,4432800,25.0
51,4432860,27.0
51,4432920,24.0
51,4432980,21.0
51,4433040,41.0
51,4433100,29.0
51,4433160,24.0
51,4433220,22.0
51,4433280,35.0
51,4433340,21.0
51,4433400,37.0
51,4433460,27.0
51,4433520,32.0
51,4433580,20.0
51,4433640,32.0
51,4433700,33.0
51,4433760,37.0
51,4433820,41.0
51,4433880,47.0
51,4433940,48.0
51,4434000,47.0
51,4434060,48.0
51,4434120,27.0
51,4434180,48.0
51,4434240,56.0
51,4434300,103.0
51,4434360,44.0
51,4434420,41.0
51,4434480,44.0
51,4434540,47.0
51,4434600,37.0
51,4434660,57.0
51,4434720,57.0
51,4434780,39.0
51,4434840,68.0
51,4434900,69.0
51,4434960,58.0
51,4435020,47.0
51,4435080,43.0
51,4435140,52.0
51,4435200,34.0
51,4435260,52.0
51,4435320,71.0
51,4435380,66.0
51,4435440,63.0
51,4435500,59.0
51,4435560,52.0
51,4435620,63.0
51,4435680,61.0
51,4435740,39.0
51,4435800,45.0
51,4435860,43.0
51,4435920,62.0
51,4435980,52.0
51,4436040,77.0
51,4436100,79.0
51,4436160,90.0
51,4436220,72.0
51,4436280,63.0
51,4436340,71.0
51,4436400,106.0
51,4436460,131.0
51,4436520,159.0
51,4436580,99.0
51,4436640,103.0
51,4436700,143.0
51,4436760,121.0
51,4436820,133.0
51,4436880,133.0
51,4436940,169.0
51,4437000,144.0
51,4437060,102.0
51,4437120,47.0
51,4437180,71.0
51,4437240,88.0
51,4437300,78.0
51,4437360,83.0
51,4437420,118.0
51,4437480,85.0
51,4437540,83.0
51,4437600,98.0
51,4437660,84.0
51,4437720,97.0
51,4437780,110.0
51,4437840,122.0
51,4437900,83.0
51,4437960,82.0
51,4438020,102.0
51,4438080,93.0
51,4438140,120.0
51,4438200,99.0
51,4438260,91.0
51,4438320,111.0
51,4438380,132.0
51,4438440,110.0
51,4438500,139.0
51,4438560,128.0
51,4438620,108.0
51,4438680,132.0
51,4438740,118.0
51,4438800,126.0
51,4438860,92.0
51,4438920,110.0
51,4438980,147.0
51,4439040,139.0
51,4439100,114.0
51,4439160,126.0
51,4439220,156.0
51,4439280,152.0
51,4439340,122.0
51,4439400,145.0
51,4439460,176.0
51,4439520,197.0
51,4439580,151.0
51,4439640,193.0
51,4439700,152.0
51,4439760,160.0
51,4439820,140.0
51,4439880,142.0
51,4439940,249.0
51,4440000,150.0
51,4440060,159.0
51,4440120,233.0
51,4440180,228.0
51,4440240,205.0
51,4440300,169.0
51,4440360,193.0
51,4440420,173.0
51,4440480,165.0
51,4440540,170.0
51,4440600,180.0
51,4440660,131.0
51,4440720,178.0
51,4440780,264.0
51,4440840,247.0
51,4440900,252.0
51,4440960,229.0
51,4441020,172.0
51,4441080,164.0
51,4441140,169.0
51,4441200,147.0
51,4441260,154.0
51,4441320,198.0
51,4441380,184.0
51,4441440,212.0
51,4441500,214.0
51,4441560,211.0
51,4441620,205.0
51,4441680,186.0
51,4441740,237.0
51,4441800,166.0
51,4441860,188.0
51,4441920,182.0
51,4441980,198.0
51,4442040,210.0
51,4442100,168.0
51,4442160,205.0
51,4442220,211.0
51,4442280,206.0
51,4442340,237.0
51,4442400,225.0
51,4442460,254.0
51,4442520,268.0
51,4442580,224.0
51,4442640,311.0
51,4442700,252.0
51,4442760,327.0
51,4442820,304.0
51,4442880,299.0
51,4442940,237.0
51,4443000,212.0
51,4443060,202.0
51,4443120,174.0
51,4443180,216.0
51,4443240,232.0
51,4443300,232.0
51,4443360,256.0
51,4443420,242.0
51,4443480,203.0
51,4443540,218.0
51,4443600,236.0
51,4443660,197.0
51,4443720,280.0
51,4443780,242.0
51,4443840,181.0
51,4443900,189.0
51,4443960,191.0
51,4444020,203.0
51,4444080,192.0
51,4444140,164.0
51,4444200,200.0
51,4444260,229.0
51,4444320,240.0
51,4444380,215.0
51,4444440,209.0
51,4444500,236.0
51,4444560,212.0
51,4444620,227.0
51,4444680,212.0
51,4444740,253.0
51,4444800,225.0
51,4444860,188.0
51,4444920,200.0
51,4444980,219.0
51,4445040,257.0
51,4445100,246.0
51,4445160,219.0
51,4445220,211.0
51,4445280,185.0
51,4445340,206.0
51,4445400,227.0
51,4445460,251.0
51,4445520,278.0
51,4445580,212.0
51,4445640,222.0
51,4445700,194.0
51,4445760,244.0
51,4445820,238.0
51,4445880,225.0
51,4445940,301.0
51,4446000,280.0
51,4446060,216.0
51,4446120,259.0
51,4446180,219.0
51,4446240,271.0
51,4446300,255.0
51,4446360,296.0
51,4446420,316.0
51,4446480,268.0
51,4446540,269.0
51,4446600,275.0
51,4446660,232.0
51,4446720,235.0
51,4446780,275.0
51,4446840,258.0
51,4446900,226.0
51,4446960,220.0
51,4447020,177.0
51,4447080,317.0
51,4447140,247.0
51,4447200,197.0
51,4447260,182.0
51,4447320,232.0
51,4447380,200.0
51,4447440,212.0
51,4447500,223.0
51,4447560,198.0
51,4447620,181.0
51,4447680,165.0
51,4447740,226.0
51,4447800,226.0
51,4447860,207.0
51,4447920,250.0
51,4447980,222.0
51,4448040,319.0
51,4448100,253.0
51,4448160,230.0
51,4448220,242.0
51,4448280,270.0
51,4448340,183.0
51,4448400,197.0
51,4448460,198.0
51,4448520,182.0
51,4448580,217.0
51,4448640,200.0
51,4448700,197.0
51,4448760,230.0
51,4448820,248.0
51,4448880,248.0
51,4448940,294.0
51,4449000,222.0
51,4449060,216.0
51,4449120,192.0
51,4449180,222.0
51,4449240,222.0
51,4449300,254.0
51,4449360,231.0
51,4449420,194.0
51,4449480,247.0
51,4449540,190.0
51,4449600,213.0
51,4449660,234.0
51,4449720,209.0
51,4449780,204.0
51,4449840,216.0
51,4449900,160.0
51,4449960,160.0
51,4450080,197.0
51,4450140,197.0
51,4450200,206.0
51,4450260,222.0
51,4450440,228.0
51,4450500,258.0
51,4450560,279.0
51,4450620,289.0
51,4450680,265.0
51,4450740,240.0
51,4450800,308.0
51,4450860,260.0
51,4450920,293.0
51,4450980,285.0
51,4451040,261.0
51,4451100,278.0
51,4451160,278.0
51,4451220,249.0
51,4451280,197.0
51,4451340,189.0
51,4451400,198.0
51,4451460,234.0
51,4451520,247.0
51,4451580,265.0
51,4451640,208.0
51,4451700,220.0
51,4451760,211.0
51,4451820,220.0
51,4451880,223.0
51,4451940,239.0
51,4452000,220.0
51,4452060,222.0
51,4452120,180.0
51,4452180,230.0
51,4452240,203.0
51,4452420,262.0
51,4452480,248.0
51,4452540,200.0
51,4452600,170.0
51,4452660,159.0
51,4452720,196.0
51,4452780,177.0
51,4452840,208.0
51,4452900,177.0
51,4452960,151.0
51,4453140,159.0
51,4453200,218.0
51,4453260,168.0
51,4453320,177.0
51,4453380,169.0
51,4453440,184.0
51,4453500,173.0
51,4453560,204.0
51,4453620,200.0
51,4453680,214.0
51,4453740,226.0
51,4453800,202.0
51,4453860,174.0
51,4453920,212.0
51,4453980,171.0
51,4454040,201.0
51,4454100,218.0
51,4454160,189.0
51,4454220,184.0
51,4454280,197.0
51,4454340,175.0
51,4454400,164.0
51,4454460,121.0
51,4454520,189.0
51,4454580,128.0
51,4454640,142.0
51,4454700,153.0
51,4454760,133.0
51,4454820,163.0
51,4454880,116.0
51,4454940,131.0
51,4455000,119.0
51,4455060,118.0
51,4455120,138.0
51,4455180,172.0
51,4455240,143.0
51,4455300,178.0
51,4455360,171.0
51,4455420,186.0
51,4455480,154.0
51,4455540,148.0
51,4455600,201.0
51,4455660,191.0
51,4455720,197.0
51,4455780,197.0
51,4455840,133.0
51,4455900,151.0
51,4455960,191.0
51,4456020,161.0
51,4456080,180.0
51,4456140,155.0
51,4456200,138.0
51,4456260,189.0
51,4456320,147.0
51,4456380,172.0
51,4456440,163.0
51,4456500,183.0
51,4456560,145.0
51,4456620,162.0
51,4456680,189.0
51,4456740,224.0
51,4456800,197.0
51,4456860,227.0
51,4456920,183.0
51,4456980,146.0
51,4457040,186.0
51,4457100,185.0
51,4457160,153.0
51,4457220,170.0
51,4457280,208.0
51,4457340,237.0
51,4457400,231.0
51,4457460,238.0
51,4457520,211.0
51,4457580,214.0
51,4457640,248.0
51,4457700,211.0
51,4457760,182.0
51,4457820,192.0
51,4457880,191.0
51,4457940,163.0
51,4458000,175.0
51,4458060,156.0
51,4458120,217.0
51,4458180,174.0
51,4458240,196.0
51,4458300,185.0
51,4458360,191.0
51,4458420,187.0
51,4458480,169.0
51,4458540,216.0
51,4458600,142.0
51,4458660,146.0
51,4458720,164.0
51,4458780,182.0
51,4458840,244.0
51,4458900,204.0
51,4458960,195.0
51,4459020,190.0
51,4459080,172.0
51,4459140,166.0
51,4459200,132.0
51,4459260,143.0
51,4459320,217.0
51,4459380,212.0
51,4459440,180.0
51,4459500,156.0
51,4459560,164.0
51,4459620,166.0
51,4459680,204.0
51,4459740,206.0
51,4459800,215.0
51,4459860,192.0
51,4459920,138.0
51,4459980,195.0
51,4460040,227.0
51,4460100,196.0
51,4460160,237.0
51,4460220,162.0
51,4460280,203.0
51,4460340,180.0
51,4460400,218.0
51,4460460,239.0
51,4460520,272.0
51,4460580,289.0
51,4460640,225.0
51,4460700,206.0
51,4460760,310.0
51,4460820,287.0
51,4460880,306.0
51,4460940,286.0
51,4461000,249.0
51,4461060,197.0
51,4461120,226.0
51,4461180,192.0
51,4461240,257.0
51,4461300,331.0
51,4461360,235.0
51,4461420,242.0
51,4461480,230.0
51,4461540,235.0
51,4461600,275.0
51,4461660,212.0
51,4461720,194.0
51,4461780,218.0
51,4461840,247.0
51,4461900,240.0
51,4461960,255.0
51,4462020,228.0
51,4462080,252.0
51,4462140,226.0
51,4462200,232.0
51,4462260,269.0
51,4462320,193.0
51,4462380,259.0
51,4462440,246.0
51,4462500,222.0
51,4462560,257.0
51,4462620,247.0
51,4462680,235.0
51,4462740,302.0
51,4462800,280.0
51,4462860,261.0
51,4462920,313.0
51,4462980,362.0
51,4463040,266.0
51,4463100,212.0
51,4463160,225.0
51,4463220,231.0
51,4463280,224.0
51,4463340,316.0
51,4463400,273.0
51,4463460,275.0
51,4463520,338.0
51,4463580,330.0
51,4463640,288.0
51,4463700,264.0
51,4463760,238.0
51,4463820,233.0
51,4463880,256.0
51,4463940,312.0
51,4464000,326.0
51,4464060,335.0
51,4464120,262.0
51,4464180,292.0
51,4464240,333.0
51,4464300,352.0
51,4464360,259.0
51,4464420,316.0
51,4464480,304.0
51,4464540,336.0
51,4464600,354.0
51,4464660,335.0
51,4464720,293.0
51,4464780,260.0
51,4464840,275.0
51,4464900,253.0
51,4464960,224.0
51,4465020,277.0
51,4465080,357.0
51,4465140,302.0
51,4465200,245.0
51,4465260,195.0
51,4465320,224.0
51,4465380,282.0
51,4465440,324.0
51,4465500,274.0
51,4465560,273.0
51,4465620,278.0
51,4465680,284.0
51,4465740,275.0
51,4465800,277.0
51,4465860,273.0
51,4465920,272.0
51,4465980,274.0
51,4466040,274.0
51,4466100,232.0
51,4466160,210.0
51,4466220,212.0
51,4466280,223.0
51,4466340,220.0
51,4466400,229.0
51,4466460,282.0
51,4466520,274.0
51,4466580,265.0
51,4466640,256.0
51,4466700,251.0
51,4466760,180.0
51,4466820,230.0
51,4466880,220.0
51,4466940,230.0
51,4467000,195.0
51,4467060,204.0
51,4467120,194.0
51,4467180,180.0
51,4467240,166.0
51,4467300,201.0
51,4467360,220.0
51,4467420,200.0
51,4467480,205.0
51,4467540,259.0
51,4467600,243.0
51,4467660,255.0
51,4467720,269.0
51,4467780,266.0
51,4467840,253.0
51,4467900,261.0
51,4467960,196.0
51,4468020,195.0
51,4468080,189.0
51,4468140,217.0
51,4468200,216.0
51,4468260,232.0
51,4468320,258.0
51,4468380,243.0
51,4468440,205.0
51,4468500,226.0
51,4468560,269.0
51,4468620,296.0
51,4468680,299.0
51,4468740,233.0
51,4468800,236.0
51,4468860,231.0
51,4468920,291.0
51,4468980,297.0
51,4469040,278.0
51,4469100,261.0
51,4469160,313.0
51,4469220,224.0
51,4469280,275.0
51,4469340,198.0
51,4469400,167.0
51,4469460,206.0
51,4469520,212.0
51,4469580,226.0
51,4469640,214.0
51,4469700,211.0
51,4469760,204.0
51,4469820,189.0
51,4469880,253.0
51,4469940,222.0
51,4470000,268.0
51,4470060,201.0
51,4470120,217.0
51,4470180,231.0
51,4470240,218.0
51,4470300,167.0
51,4470360,208.0
51,4470420,206.0
51,4470480,242.0
51,4470540,191.0
51,4470600,185.0
51,4470660,225.0
51,4470720,217.0
51,4470780,250.0
51,4470840,227.0
51,4470900,233.0
51,4470960,201.0
51,4471020,223.0
51,4471080,224.0
51,4471140,231.0
51,4471200,269.0
51,4471260,282.0
51,4471320,245.0
51,4471380,293.0
51,4471440,267.0
51,4471500,293.0
51,4471560,291.0
51,4471620,284.0
51,4471680,269.0
51,4471740,279.0
51,4471800,260.0
51,4471860,260.0
51,4471920,183.0
51,4471980,200.0
51,4472040,202.0
51,4472100,185.0
51,4472160,197.0
51,4472220,197.0
51,4472280,201.0
51,4472340,171.0
51,4472400,176.0
51,4472460,201.0
51,4472520,175.0
51,4472580,217.0
51,4472640,183.0
51,4472700,235.0
51,4472760,260.0
51,4472820,186.0
51,4472880,204.0
51,4472940,206.0
51,4473000,207.0
51,4473060,205.0
51,4473120,185.0
51,4473180,243.0
51,4473240,247.0
51,4473300,202.0
51,4473360,165.0
51,4473420,116.0
51,4473480,155.0
51,4473540,175.0
51,4473600,198.0
51,4473660,207.0
51,4473720,152.0
51,4473780,192.0
51,4473840,205.0
51,4473900,170.0
51,4473960,162.0
51,4474020,185.0
51,4474080,185.0
51,4474140,176.0
51,4474200,172.0
51,4474260,201.0
51,4474320,178.0
51,4474380,203.0
51,4474440,213.0
51,4474500,234.0
51,4474560,255.0
51,4474620,234.0
51,4474680,203.0
51,4474920,191.0
51,4474980,213.0
51,4475040,236.0
51,4475100,208.0
51,4475160,238.0
51,4475220,212.0
51,4475280,215.0
51,4475340,207.0
51,4475400,244.0
51,4475460,196.0
51,4475520,191.0
51,4475580,182.0
51,4475640,194.0
51,4475700,186.0
51,4475760,161.0
51,4475820,187.0
51,4475880,200.0
51,4475940,210.0
51,4476000,244.0
51,4476060,211.0
51,4476120,220.0
51,4476180,238.0
51,4476240,185.0
51,4476300,176.0
51,4476360,207.0
51,4476420,213.0
51,4476480,203.0
51,4476540,177.0
51,4476600,188.0
51,4476660,180.0
51,4476720,184.0
51,4476780,232.0
51,4476840,185.0
51,4476900,181.0
51,4476960,174.0
51,4477020,207.0
51,4477080,186.0
51,4477140,214.0
51,4477200,198.0
51,4477260,196.0
51,4477320,175.0
51,4477380,201.0
51,4477440,214.0
51,4477500,187.0
51,4477560,203.0
51,4477620,208.0
51,4477680,206.0
51,4477740,170.0
51,4477800,200.0
51,4477860,210.0
51,4477920,208.0
51,4477980,191.0
51,4478040,139.0
51,4478100,209.0
51,4478160,219.0
51,4478220,207.0
51,4478280,239.0
51,4478340,129.0
51,4478400,237.0
51,4478460,217.0
51,4478520,274.0
51,4478580,191.0
51,4478640,222.0
51,4478700,164.0
51,4478760,176.0
51,4478820,219.0
51,4478880,175.0
51,4478940,151.0
51,4479000,234.0
51,4479060,243.0
51,4479120,237.0
51,4479180,224.0
51,4479240,222.0
51,4479300,256.0
51,4479360,192.0
51,4479420,262.0
51,4479480,236.0
51,4479540,247.0
51,4479600,271.0
51,4479660,222.0
51,4479720,181.0
51,4479780,163.0
51,4479840,206.0
51,4479900,188.0
51,4479960,244.0
51,4480020,206.0
51,4480080,285.0
51,4480140,198.0
51,4480200,207.0
51,4480260,231.0
51,4480320,226.0
51,4480380,190.0
51,4480440,281.0
51,4480500,282.0
51,4480560,244.0
51,4480620,267.0
51,4480680,218.0
51,4480740,215.0
51,4480800,184.0
51,4480860,248.0
51,4480920,238.0
51,4480980,247.0
51,4481040,280.0
51,4481100,197.0
51,4481160,287.0
51,4481220,226.0
51,4481280,257.0
51,4481340,321.0
51,4481400,240.0
51,4481460,259.0
51,4481520,291.0
51,4481580,216.0
51,4481640,256.0
51,4481700,235.0
51,4481760,212.0
51,4481820,182.0
51,4481880,187.0
51,4481940,217.0
51,4482000,174.0
51,4482060,230.0
51,4482120,208.0
51,4482180,202.0
51,4482240,230.0
51,4482300,201.0
51,4482360,191.0
51,4482420,192.0
51,4482480,227.0
51,4482540,209.0
51,4482600,234.0
51,4482660,275.0
51,4482720,229.0
51,4482780,244.0
51,4482840,257.0
51,4482900,327.0
51,4482960,254.0
51,4483020,246.0
51,4483080,277.0
51,4483140,237.0
51,4483200,211.0
51,4483260,250.0
51,4483320,290.0
51,4483380,216.0
51,4483440,190.0
51,4483500,200.0
51,4483560,235.0
51,4483620,201.0
51,4483680,256.0
51,4483740,167.0
51,4483800,184.0
51,4483860,235.0
51,4483920,226.0
51,4483980,236.0
51,4484040,212.0
51,4484100,208.0
51,4484160,178.0
51,4484220,228.0
51,4484280,197.0
51,4484340,239.0
51,4484400,203.0
51,4484460,200.0
51,4484580,210.0
51,4484640,233.0
51,4484700,209.0
51,4484760,219.0
51,4484820,229.0
51,4484880,206.0
51,4484940,275.0
51,4485000,245.0
51,4485060,207.0
51,4485120,211.0
51,4485180,189.0
51,4485240,193.0
51,4485300,159.0
51,4485360,182.0
51,4485420,220.0
51,4485480,208.0
51,4485540,191.0
51,4485600,225.0
51,4485660,170.0
51,4485720,203.0
51,4485780,192.0
51,4485840,274.0
51,4485900,256.0
51,4485960,220.0
51,4486020,222.0
51,4486080,237.0
51,4486140,249.0
51,4486200,259.0
51,4486260,177.0
51,4486320,205.0
51,4486380,166.0
51,4486440,265.0
51,4486500,310.0
51,4486560,248.0
51,4486620,236.0
51,4486680,239.0
51,4486740,249.0
51,4486800,213.0
51,4486860,219.0
51,4486920,248.0
51,4486980,275.0
51,4487040,173.0
51,4487100,142.0
51,4487160,131.0
51,4487220,143.0
51,4487280,193.0
51,4487340,160.0
51,4487400,156.0
51,4487460,197.0
51,4487520,162.0
51,4487580,192.0
51,4487640,158.0
51,4487700,170.0
51,4487760,191.0
51,4487820,155.0
51,4487880,160.0
51,4487940,204.0
51,4488000,180.0
51,4488060,113.0
51,4488120,174.0
51,4488180,161.0
51,4488240,190.0
51,4488300,185.0
51,4488360,140.0
51,4488420,158.0
51,4488480,164.0
51,4488540,160.0
51,4488600,178.0
51,4488660,152.0
51,4488720,138.0
51,4488780,187.0
51,4488840,203.0
51,4488900,204.0
51,4488960,153.0
51,4489020,191.0
51,4489080,143.0
51,4489140,145.0
51,4489200,170.0
51,4489260,190.0
51,4489320,192.0
51,4489380,191.0
51,4489440,245.0
51,4489500,249.0
51,4489560,210.0
51,4489620,240.0
51,4489680,213.0
51,4489740,191.0
51,4489800,189.0
51,4489860,193.0
51,4489920,167.0
51,4489980,158.0
51,4490040,173.0
51,4490100,171.0
51,4490160,173.0
51,4490220,171.0
51,4490280,134.0
51,4490340,147.0
51,4490400,151.0
51,4490460,158.0
51,4490520,151.0
51,4490580,120.0
51,4490640,163.0
51,4490700,151.0
51,4490760,163.0
51,4490820,154.0
51,4490880,144.0
51,4490940,156.0
51,4491000,119.0
51,4491060,170.0
51,4491120,135.0
51,4491180,184.0
51,4491240,165.0
51,4491300,149.0
51,4491360,189.0
51,4491420,166.0
51,4491480,106.0
51,4491540,155.0
51,4491600,187.0
51,4491660,171.0
51,4491720,185.0
51,4491780,132.0
51,4491840,171.0
51,4491900,147.0
51,4491960,109.0
51,4492020,147.0
51,4492080,128.0
51,4492140,139.0
51,4492200,184.0
51,4492260,151.0
51,4492320,127.0
51,4492380,144.0
51,4492440,144.0
51,4492500,85.0
51,4492560,109.0
51,4492620,111.0
51,4492680,130.0
51,4492740,120.0
52,4492800,102.0
52,4492860,129.0
52,4492920,114.0
52,4492980,126.0
52,4493040,122.0
52,4493100,101.0
52,4493160,134.0
52,4493220,121.0
52,4493280,90.0
52,4493340,136.0
52,4493400,97.0
52,4493460,101.0
52,4493520,80.0
52,4493580,76.0
52,4493640,76.0
52,4493700,99.0
52,4493760,92.0
52,4493820,71.0
52,4493880,110.0
52,4493940,114.0
52,4494000,105.0
52,4494060,116.0
52,4494120,108.0
52,4494180,101.0
52,4494240,129.0
52,4494300,89.0
52,4494360,61.0
52,4494420,77.0
52,4494480,93.0
52,4494540,94.0
52,4494600,110.0
52,4494660,101.0
52,4494720,106.0
52,4494780,97.0
52,4494840,123.0
52,4494900,81.0
52,4494960,64.0
52,4495020,81.0
52,4495080,66.0
52,4495140,98.0
52,4495200,101.0
52,4495260,132.0
52,4495320,87.0
52,4495380,78.0
52,4495440,96.0
52,4495500,82.0
52,4495560,116.0
52,4495620,84.0
52,4495680,88.0
52,4495740,77.0
52,4495800,64.0
52,4495860,55.0
52,4495920,62.0
52,4495980,69.0
52,4496040,90.0
52,4496100,60.0
52,4496160,80.0
52,4496220,65.0
52,4496280,103.0
52,4496340,61.0
52,4496400,68.0
52,4496460,64.0
52,4496520,106.0
52,4496580,83.0
52,4496640,97.0
52,4496700,75.0
52,4496760,78.0
52,4496820,87.0
52,4496880,64.0
52,4496940,70.0
52,4497000,90.0
52,4497060,57.0
52,4497120,69.0
52,4497180,84.0
52,4497240,80.0
52,4497300,58.0
52,4497360,83.0
52,4497420,82.0
52,4497480,82.0
52,4497540,58.0
52,4497600,51.0
52,4497660,47.0
52,4497720,78.0
52,4497780,47.0
52,4497840,44.0
52,4497900,51.0
52,4497960,54.0
52,4498020,61.0
52,4498080,80.0
52,4498140,80.0
52,4498200,77.0
52,4498260,68.0
52,4498320,79.0
52,4498380,98.0
52,4498440,78.0
52,4498500,79.0
52,4498560,78.0
52,4498620,74.0
52,4498680,96.0
52,4498740,96.0
52,4498800,96.0
52,4498860,59.0
52,4498920,88.0
52,4498980,79.0
52,4499040,61.0
52,4499100,72.0
52,4499160,64.0
52,4499220,67.0
52,4499280,63.0
52,4499340,92.0
52,4499400,81.0
52,4499460,64.0
52,4499520,54.0
52,4499580,44.0
52,4499640,33.0
52,4499700,27.0
52,4499760,34.0
52,4499820,63.0
52,4499880,51.0
52,4499940,42.0
52,4500000,47.0
52,4500060,68.0
52,4500120,63.0
52,4500180,51.0
52,4500240,55.0
52,4500300,39.0
52,4500360,64.0
52,4500420,34.0
52,4500480,34.0
52,4500540,37.0
52,4500600,29.0
52,4500660,59.0
52,4500720,33.0
52,4500780,48.0
52,4500840,67.0
52,4500900,45.0
52,4500960,61.0
52,4501020,82.0
52,4501080,74.0
52,4501140,45.0
52,4501200,40.0
52,4501260,43.0
52,4501320,27.0
52,4501380,22.0
52,4501440,30.0
52,4501500,38.0
52,4501560,34.0
52,4501620,50.0
52,4501680,63.0
52,4501740,52.0
52,4501800,43.0
52,4501860,22.0
52,4501920,34.0
52,4501980,46.0
52,4502040,26.0
52,4502100,21.0
52,4502160,35.0
52,4502220,28.0
52,4502280,13.0
52,4502340,25.0
52,4502400,38.0
52,4502460,30.0
52,4502520,30.0
52,4502580,29.0
52,4502640,30.0
52,4502700,43.0
52,4502760,13.0
52,4502820,17.0
52,4502880,14.0
52,4502940,28.0
52,4503000,24.0
52,4503060,26.0
52,4503120,22.0
52,4503180,18.0
52,4503240,15.0
52,4503300,16.0
52,4503360,18.0
52,4503420,21.0
52,4503480,16.0
52,4503540,8.0
52,4503600,24.0
52,4503660,20.0
52,4503720,20.0
52,4503780,24.0
52,4503840,44.0
52,4503900,26.0
52,4503960,28.0
52,4504020,16.0
52,4504080,21.0
52,4504140,35.0
52,4504200,21.0
52,4504260,27.0
52,4504320,18.0
52,4504380,27.0
52,4504440,39.0
52,4504500,16.0
52,4504560,19.0
52,4504620,7.0
52,4504680,26.0
52,4504740,40.0
52,4504800,21.0
52,4504860,19.0
52,4504920,9.0
52,4504980,19.0
52,4505040,9.0
52,4505100,12.0
52,4505160,15.0
52,4505220,24.0
52,4505280,36.0
52,4505340,26.0
52,4505400,19.0
52,4505460,17.0
52,4505520,46.0
52,4505580,20.0
52,4505640,16.0
52,4505700,20.0
52,4505760,23.0
52,4505820,26.0
52,4505880,14.0
52,4505940,27.0
52,4506000,41.0
52,4506060,8.0
52,4506120,17.0
52,4506180,6.0
52,4506240,23.0
52,4506300,18.0
52,4506360,17.0
52,4506420,15.0
52,4506480,15.0
52,4506540,20.0
52,4506600,20.0
52,4506660,5.0
52,4506720,17.0
52,4506780,17.0
52,4506840,15.0
52,4506900,14.0
52,4506960,6.0
52,4507020,22.0
52,4507080,24.0
52,4507140,12.0
52,4507200,12.0
52,4507260,14.0
52,4507320,20.0
52,4507380,14.0
52,4507440,16.0
52,4507500,20.0
52,4507560,23.0
52,4507620,15.0
52,4507680,35.0
52,4507740,20.0
52,4507800,5.0
52,4507860,4.0
52,4507920,3.0
52,4507980,9.0
52,4508040,21.0
52,4508100,15.0
52,4508160,14.0
52,4508220,28.0
52,4508280,13.0
52,4508340,15.0
52,4508400,8.0
52,4508460,9.0
52,4508520,15.0
52,4508580,7.0
52,4508640,15.0
52,4508700,15.0
52,4508760,18.0
52,4508820,17.0
52,4508880,26.0
52,4508940,3.0
52,4509000,17.0
52,4509060,19.0
52,4509120,8.0
52,4509180,25.0
52,4509240,18.0
52,4509300,12.0
52,4509360,6.0
52,4509420,12.0
52,4509480,12.0
52,4509540,6.0
52,4509600,6.0
52,4509660,16.0
52,4509720,10.0
52,4509780,13.0
52,4509840,15.0
52,4509900,16.0
52,4509960,8.0
52,4510020,7.0
52,4510080,6.0
52,4510140,20.0
52,4510200,8.0
52,4510260,10.0
52,4510320,15.0
52,4510380,4.0
52,4510440,8.0
52,4510500,8.0
52,4510560,10.0
52,4510620,3.0
52,4510680,5.0
52,4510740,8.0
52,4510800,2.0
52,4510860,6.0
52,4510920,5.0
52,4510980,5.0
52,4511040,22.0
52,4511100,3.0
52,4511160,15.0
52,4511220,7.0
52,4511280,6.0
52,4511340,6.0
52,4511400,12.0
52,4511460,13.0
52,4511520,5.0
52,4511580,12.0
52,4511640,23.0
52,4511700,10.0
52,4511760,6.0
52,4511820,5.0
52,4511880,13.0
52,4511940,15.0
52,4512000,12.0
52,4512060,4.0
52,4512120,13.0
52,4512180,22.0
52,4512240,19.0
52,4512300,10.0
52,4512360,7.0
52,4512420,21.0
52,4512480,8.0
52,4512540,2.0
52,4512600,19.0
52,4512660,7.0
52,4512720,8.0
52,4512780,17.0
52,4512840,18.0
52,4512900,29.0
52,4512960,20.0
52,4513020,29.0
52,4513080,28.0
52,4513140,24.0
52,4513200,28.0
52,4513260,23.0
52,4513320,21.0
52,4513380,17.0
52,4513440,13.0
52,4513500,15.0
52,4513560,9.0
52,4513620,14.0
52,4513680,5.0
52,4513740,14.0
52,4513800,23.0
52,4513860,30.0
52,4513920,14.0
52,4513980,15.0
52,4514040,10.0
52,4514100,6.0
52,4514160,9.0
52,4514220,5.0
52,4514280,16.0
52,4514340,9.0
52,4514400,9.0
52,4514460,10.0
52,4514520,16.0
52,4514580,24.0
52,4514640,17.0
52,4514700,17.0
52,4514760,18.0
52,4514820,9.0
52,4514880,7.0
52,4514940,5.0
52,4515000,8.0
52,4515060,9.0
52,4515120,7.0
52,4515180,8.0
52,4515240,12.0
52,4515300,17.0
52,4515360,6.0
52,4515420,7.0
52,4515480,14.0
52,4515540,17.0
52,4515600,7.0
52,4515660,7.0
52,4515720,8.0
52,4515780,7.0
52,4515840,14.0
52,4515900,7.0
52,4515960,17.0
52,4516020,8.0
52,4516080,7.0
52,4516140,9.0
52,4516200,19.0
52,4516260,5.0
52,4516320,4.0
52,4516380,9.0
52,4516440,8.0
52,4516500,8.0
52,4516560,6.0
52,4516620,6.0
52,4516680,7.0
52,4516740,15.0
52,4516800,18.0
52,4516860,6.0
52,4516920,8.0
52,4516980,8.0
52,4517040,16.0
52,4517100,3.0
52,4517160,5.0
52,4517220,5.0
52,4517280,17.0
52,4517340,17.0
52,4517400,9.0
52,4517460,7.0
52,4517520,12.0
52,4517580,18.0
52,4517640,9.0
52,4517700,7.0
52,4517760,4.0
52,4517820,4.0
52,4517880,18.0
52,4517940,18.0
52,4518000,6.0
52,4518060,10.0
52,4518120,17.0
52,4518180,15.0
52,4518240,18.0
52,4518300,21.0
52,4518360,32.0
52,4518420,18.0
52,4518480,19.0
52,4518540,13.0
52,4518600,15.0
52,4518660,17.0
52,4518720,20.0
52,4518780,36.0
52,4518840,40.0
52,4518900,23.0
52,4518960,46.0
52,4519020,18.0
52,4519080,17.0
52,4519140,18.0
52,4519200,17.0
52,4519260,14.0
52,4519320,23.0
52,4519380,18.0
52,4519440,43.0
52,4519500,27.0
52,4519560,18.0
52,4519620,20.0
52,4519680,28.0
52,4519740,24.0
52,4519800,36.0
52,4519860,30.0
52,4519920,40.0
52,4519980,26.0
52,4520040,42.0
52,4520100,36.0
52,4520160,48.0
52,4520220,35.0
52,4520280,44.0
52,4520340,44.0
52,4520400,32.0
52,4520460,45.0
52,4520520,45.0
52,4520580,36.0
52,4520640,35.0
52,4520700,48.0
52,4520760,75.0
52,4520820,80.0
52,4520880,66.0
52,4520940,61.0
52,4521000,45.0
52,4521060,34.0
52,4521120,67.0
52,4521180,83.0
52,4521240,42.0
52,4521300,36.0
52,4521360,33.0
52,4521420,62.0
52,4521480,46.0
52,4521540,30.0
52,4521600,64.0
52,4521660,51.0
52,4521720,72.0
52,4521780,71.0
52,4521840,78.0
52,4521900,72.0
52,4521960,66.0
52,4522020,38.0
52,4522080,58.0
52,4522140,69.0
52,4522200,68.0
52,4522260,66.0
52,4522320,52.0
52,4522380,71.0
52,4522440,107.0
52,4522500,70.0
52,4522560,94.0
52,4522620,63.0
52,4522680,64.0
52,4522740,72.0
52,4522800,86.0
52,4522860,49.0
52,4522920,62.0
52,4522980,69.0
52,4523040,64.0
52,4523100,99.0
52,4523160,80.0
52,4523220,91.0
52,4523280,90.0
52,4523340,74.0
52,4523400,100.0
52,4523460,92.0
52,4523520,78.0
52,4523580,70.0
52,4523640,78.0
52,4523700,94.0
52,4523760,96.0
52,4523820,103.0
52,4523880,85.0
52,4523940,91.0
52,4524000,116.0
52,4524060,113.0
52,4524120,79.0
52,4524180,70.0
52,4524240,101.0
52,4524300,107.0
52,4524360,101.0
52,4524420,113.0
52,4524480,84.0
52,4524540,134.0
52,4524600,126.0
52,4524660,107.0
52,4524720,128.0
52,4524780,122.0
52,4524840,106.0
52,4524900,77.0
52,4524960,81.0
52,4525020,103.0
52,4525080,124.0
52,4525140,120.0
52,4525200,91.0
52,4525260,146.0
52,4525320,230.0
52,4525380,201.0
52,4525440,158.0
52,4525500,138.0
52,4525560,169.0
52,4525620,218.0
52,4525680,132.0
52,4525740,183.0
52,4525800,166.0
52,4525860,169.0
52,4525920,172.0
52,4525980,191.0
52,4526040,202.0
52,4526100,225.0
52,4526160,155.0
52,4526220,146.0
52,4526280,160.0
52,4526340,138.0
52,4526400,162.0
52,4526460,170.0
52,4526520,149.0
52,4526580,151.0
52,4526640,153.0
52,4526700,138.0
52,4526760,154.0
52,4526820,159.0
52,4526880,181.0
52,4526940,160.0
52,4527000,125.0
52,4527060,154.0
52,4527120,130.0
52,4527180,197.0
52,4527240,135.0
52,4527300,165.0
52,4527360,178.0
52,4527420,170.0
52,4527480,169.0
52,4527540,176.0
52,4527600,200.0
52,4527660,234.0
52,4527720,197.0
52,4527780,159.0
52,4527840,215.0
52,4527900,166.0
52,4527960,174.0
52,4528020,188.0
52,4528080,154.0
52,4528140,166.0
52,4528200,211.0
52,4528260,219.0
52,4528320,178.0
52,4528380,156.0
52,4528440,215.0
52,4528500,231.0
52,4528560,246.0
52,4528620,177.0
52,4528680,204.0
52,4528740,220.0
52,4528800,234.0
52,4528860,220.0
52,4528920,197.0
52,4528980,186.0
52,4529040,218.0
52,4529100,301.0
52,4529160,188.0
52,4529220,217.0
52,4529280,244.0
52,4529340,203.0
52,4529400,181.0
52,4529460,171.0
52,4529520,188.0
52,4529580,152.0
52,4529640,189.0
52,4529700,216.0
52,4529760,229.0
52,4529820,210.0
52,4529880,175.0
52,4529940,212.0
52,4530000,220.0
52,4530060,186.0
52,4530120,193.0
52,4530180,201.0
52,4530240,188.0
52,4530300,228.0
52,4530360,212.0
52,4530420,180.0
52,4530480,238.0
52,4530540,217.0
52,4530600,197.0
52,4530660,207.0
52,4530720,187.0
52,4530780,186.0
52,4530840,195.0
52,4530900,246.0
52,4530960,174.0
52,4531020,188.0
52,4531080,147.0
52,4531140,164.0
52,4531200,203.0
52,4531260,203.0
52,4531320,260.0
52,4531380,186.0
52,4531440,190.0
52,4531500,234.0
52,4531560,191.0
52,4531620,164.0
52,4531680,206.0
52,4531740,189.0
52,4531800,159.0
52,4531860,187.0
52,4531920,195.0
52,4531980,162.0
52,4532040,206.0
52,4532100,226.0
52,4532160,174.0
52,4532220,203.0
52,4532280,142.0
52,4532340,167.0
52,4532400,163.0
52,4532460,158.0
52,4532520,138.0
52,4532580,257.0
52,4532640,313.0
52,4532700,215.0
52,4532760,196.0
52,4532820,184.0
52,4532880,148.0
52,4532940,192.0
52,4533000,161.0
52,4533060,228.0
52,4533120,248.0
52,4533180,261.0
52,4533240,252.0
52,4533360,257.0
52,4533420,321.0
52,4533480,273.0
52,4533540,237.0
52,4533600,284.0
52,4533660,287.0
52,4533720,255.0
52,4533780,184.0
52,4533840,194.0
52,4533900,225.0
52,4533960,214.0
52,4534020,259.0
52,4534080,187.0
52,4534140,172.0
52,4534200,176.0
52,4534260,163.0
52,4534320,201.0
52,4534380,174.0
52,4534440,180.0
52,4534560,202.0
52,4534620,161.0
52,4534680,176.0
52,4534740,165.0
52,4534800,212.0
52,4534860,223.0
52,4534920,272.0
52,4534980,211.0
52,4535040,210.0
52,4535100,170.0
52,4535160,236.0
52,4535220,207.0
52,4535280,203.0
52,4535340,207.0
52,4535400,195.0
52,4535460,161.0
52,4535520,239.0
52,4535580,212.0
52,4535640,233.0
52,4535700,178.0
52,4535760,182.0
52,4535820,165.0
52,4535880,187.0
52,4535940,197.0
52,4536000,230.0
52,4536060,204.0
52,4536120,220.0
52,4536180,274.0
52,4536240,317.0
52,4536300,269.0
52,4536360,256.0
52,4536420,232.0
52,4536480,240.0
52,4536540,259.0
52,4536600,239.0
52,4536660,224.0
52,4536720,234.0
52,4536780,265.0
52,4536840,227.0
52,4536900,202.0
52,4536960,190.0
52,4537020,205.0
52,4537080,187.0
52,4537140,167.0
52,4537200,187.0
52,4537260,201.0
52,4537320,196.0
52,4537380,196.0
52,4537440,165.0
52,4537500,231.0
52,4537560,249.0
52,4537620,239.0
52,4537680,213.0
52,4537740,195.0
52,4537800,169.0
52,4537860,194.0
52,4537920,210.0
52,4537980,232.0
52,4538040,204.0
52,4538100,177.0
52,4538160,162.0
52,4538220,160.0
52,4538280,170.0
52,4538340,147.0
52,4538400,231.0
52,4538460,204.0
52,4538520,181.0
52,4538580,178.0
52,4538640,154.0
52,4538700,143.0
52,4538760,180.0
52,4538820,171.0
52,4538880,155.0
52,4538940,193.0
52,4539000,170.0
52,4539060,182.0
52,4539120,165.0
52,4539180,143.0
52,4539240,138.0
52,4539300,159.0
52,4539360,168.0
52,4539420,201.0
52,4539480,261.0
52,4539540,258.0
52,4539600,154.0
52,4539660,175.0
52,4539720,142.0
52,4539780,191.0
52,4539840,215.0
52,4539900,153.0
52,4539960,149.0
52,4540020,151.0
52,4540080,177.0
52,4540140,164.0
52,4540200,139.0
52,4540260,165.0
52,4540320,244.0
52,4540380,203.0
52,4540440,200.0
52,4540500,187.0
52,4540560,163.0
52,4540620,193.0
52,4540680,176.0
52,4540740,231.0
52,4540800,214.0
52,4540860,180.0
52,4540920,200.0
52,4540980,162.0
52,4541040,159.0
52,4541100,144.0
52,4541160,162.0
52,4541220,148.0
52,4541280,200.0
52,4541340,165.0
52,4541400,201.0
52,4541460,164.0
52,4541520,166.0
52,4541580,147.0
52,4541640,173.0
52,4541700,145.0
52,4541760,150.0
52,4541820,168.0
52,4541880,206.0
52,4541940,181.0
52,4542000,173.0
52,4542060,162.0
52,4542120,138.0
52,4542180,196.0
52,4542240,213.0
52,4542300,198.0
52,4542360,152.0
52,4542420,204.0
52,4542480,141.0
52,4542540,171.0
52,4542600,190.0
52,4542660,187.0
52,4542720,151.0
52,4542780,138.0
52,4542840,171.0
52,4542900,161.0
52,4542960,175.0
52,4543020,158.0
52,4543080,149.0
52,4543140,191.0
52,4543200,138.0
52,4543260,184.0
52,4543320,196.0
52,4543380,173.0
52,4543440,159.0
52,4543500,156.0
52,4543560,220.0
52,4543620,172.0
52,4543680,150.0
52,4543740,207.0
52,4543800,214.0
52,4543860,245.0
52,4543920,223.0
52,4543980,214.0
52,4544040,229.0
52,4544100,190.0
52,4544160,204.0
52,4544220,242.0
52,4544280,223.0
52,4544340,255.0
52,4544400,209.0
52,4544460,189.0
52,4544520,154.0
52,4544580,151.0
52,4544640,178.0
52,4544700,198.0
52,4544760,174.0
52,4544820,160.0
52,4544880,162.0
52,4544940,169.0
52,4545000,185.0
52,4545060,138.0
52,4545120,127.0
52,4545180,146.0
52,4545240,148.0
52,4545300,225.0
52,4545360,181.0
52,4545420,174.0
52,4545480,156.0
52,4545540,167.0
52,4545600,183.0
52,4545660,235.0
52,4545720,205.0
52,4545780,184.0
52,4545840,205.0
52,4545900,218.0
52,4545960,197.0
52,4546020,191.0
52,4546080,210.0
52,4546140,175.0
52,4546200,158.0
52,4546260,211.0
52,4546320,174.0
52,4546380,153.0
52,4546440,166.0
52,4546500,195.0
52,4546560,162.0
52,4546620,144.0
52,4546680,182.0
52,4546740,183.0
52,4546800,243.0
52,4546860,193.0
52,4546920,186.0
52,4546980,239.0
52,4547040,249.0
52,4547100,235.0
52,4547160,255.0
52,4547220,230.0
52,4547280,203.0
52,4547340,229.0
52,4547400,190.0
52,4547460,224.0
52,4547520,234.0
52,4547580,207.0
52,4547640,304.0
52,4547700,228.0
52,4547760,295.0
52,4547820,273.0
52,4547880,277.0
52,4547940,198.0
52,4548000,219.0
52,4548060,214.0
52,4548120,223.0
52,4548180,202.0
52,4548240,250.0
52,4548300,234.0
52,4548360,231.0
52,4548420,226.0
52,4548480,215.0
52,4548540,189.0
52,4548600,218.0
52,4548660,249.0
52,4548720,280.0
52,4548780,232.0
52,4548840,264.0
52,4548900,253.0
52,4548960,277.0
52,4549020,247.0
52,4549080,252.0
52,4549140,227.0
52,4549200,279.0
52,4549260,258.0
52,4549320,285.0
52,4549380,246.0
52,4549440,259.0
52,4549500,247.0
52,4549560,269.0
52,4549620,246.0
52,4549680,262.0
52,4549740,262.0
52,4549800,217.0
52,4549860,249.0
52,4549920,226.0
52,4549980,232.0
52,4550040,196.0
52,4550100,229.0
52,4550160,209.0
52,4550220,176.0
52,4550280,216.0
52,4550340,246.0
52,4550400,236.0
52,4550460,261.0
52,4550520,309.0
52,4550580,277.0
52,4550640,289.0
52,4550700,285.0
52,4550760,293.0
52,4550820,338.0
52,4550880,287.0
52,4550940,273.0
52,4551000,292.0
52,4551060,234.0
52,4551120,246.0
52,4551180,235.0
52,4551240,211.0
52,4551300,228.0
52,4551360,190.0
52,4551420,233.0
52,4551480,217.0
52,4551540,255.0
52,4551600,275.0
52,4551660,266.0
52,4551720,240.0
52,4551780,256.0
52,4551840,256.0
52,4551900,217.0
52,4551960,203.0
52,4552020,226.0
52,4552080,240.0
52,4552140,215.0
52,4552200,217.0
52,4552260,220.0
52,4552320,243.0
52,4552380,175.0
52,4552440,204.0
52,4552500,195.0
52,4552560,197.0
52,4552620,222.0
52,4552680,248.0
52,4552740,255.0
52,4552800,183.0
52,4552860,220.0
52,4552920,211.0
52,4552980,218.0
52,4553040,169.0
52,4553100,206.0
52,4553160,186.0
52,4553220,223.0
52,4553280,167.0
52,4553340,212.0
52,4553400,183.0
52,4553460,240.0
52,4553520,219.0
52,4553580,256.0
52,4553640,210.0
52,4553700,219.0
52,4553760,200.0
52,4553820,178.0
52,4553880,261.0
52,4553940,237.0
52,4554000,206.0
52,4554060,228.0
52,4554120,268.0
52,4554180,260.0
52,4554240,285.0
52,4554300,279.0
52,4554360,231.0
52,4554420,226.0
52,4554480,223.0
52,4554540,194.0
52,4554600,205.0
52,4554660,229.0
52,4554720,228.0
52,4554780,183.0
52,4554840,189.0
52,4554900,227.0
52,4554960,254.0
52,4555020,198.0
52,4555080,196.0
52,4555140,187.0
52,4555200,265.0
52,4555260,232.0
52,4555320,214.0
52,4555380,230.0
52,4555440,240.0
52,4555500,261.0
52,4555560,236.0
52,4555620,254.0
52,4555680,216.0
52,4555740,219.0
52,4555800,219.0
52,4555860,182.0
52,4555920,184.0
52,4555980,195.0
52,4556040,236.0
52,4556100,207.0
52,4556160,247.0
52,4556220,223.0
52,4556280,177.0
52,4556340,188.0
52,4556400,202.0
52,4556460,230.0
52,4556520,251.0
52,4556580,178.0
52,4556640,193.0
52,4556700,159.0
52,4556760,155.0
52,4556820,191.0
52,4556880,204.0
52,4556940,226.0
52,4557000,233.0
52,4557060,219.0
52,4557120,214.0
52,4557180,251.0
52,4557240,194.0
52,4557300,219.0
52,4557360,166.0
52,4557420,184.0
52,4557480,183.0
52,4557540,181.0
52,4557600,167.0
52,4557660,224.0
52,4557720,230.0
52,4557780,215.0
52,4557840,197.0
52,4557900,200.0
52,4557960,177.0
52,4558020,195.0
52,4558080,228.0
52,4558140,225.0
52,4558200,220.0
52,4558260,213.0
52,4558320,236.0
52,4558380,172.0
52,4558440,227.0
52,4558500,191.0
52,4558560,195.0
52,4558620,202.0
52,4558680,182.0
52,4558740,197.0
52,4558800,200.0
52,4558860,207.0
52,4558920,171.0
52,4558980,174.0
52,4559160,218.0
52,4559220,280.0
52,4559280,302.0
52,4559340,279.0
52,4559400,289.0
52,4559460,208.0
52,4559520,234.0
52,4559580,223.0
52,4559640,200.0
52,4559700,245.0
52,4559760,224.0
52,4559820,207.0
52,4559880,205.0
52,4559940,182.0
52,4560000,177.0
52,4560060,227.0
52,4560120,160.0
52,4560180,164.0
52,4560240,163.0
52,4560300,164.0
52,4560360,188.0
52,4560420,218.0
52,4560480,154.0
52,4560540,229.0
52,4560600,223.0
52,4560660,163.0
52,4560720,181.0
52,4560780,187.0
52,4560840,173.0
52,4560900,237.0
52,4560960,200.0
52,4561020,200.0
52,4561080,186.0
52,4561140,173.0
52,4561200,201.0
52,4561260,269.0
52,4561320,256.0
52,4561380,217.0
52,4561440,222.0
52,4561500,217.0
52,4561560,243.0
52,4561620,229.0
52,4561680,233.0
52,4561740,243.0
52,4561800,245.0
52,4561860,257.0
52,4561920,222.0
52,4561980,198.0
52,4562040,159.0
52,4562100,239.0
52,4562160,225.0
52,4562220,175.0
52,4562280,175.0
52,4562340,201.0
52,4562400,189.0
52,4562460,198.0
52,4562520,211.0
52,4562580,310.0
52,4562640,216.0
52,4562700,229.0
52,4562760,169.0
52,4562820,166.0
52,4562880,207.0
52,4562940,167.0
52,4563000,173.0
52,4563060,160.0
52,4563120,214.0
52,4563180,186.0
52,4563240,208.0
52,4563300,207.0
52,4563360,182.0
52,4563420,190.0
52,4563480,207.0
52,4563540,201.0
52,4563600,201.0
52,4563660,246.0
52,4563720,182.0
52,4563780,202.0
52,4563840,160.0
52,4563900,197.0
52,4563960,188.0
52,4564020,188.0
52,4564080,155.0
52,4564140,182.0
52,4564200,194.0
52,4564260,219.0
52,4564320,227.0
52,4564380,175.0
52,4564440,197.0
52,4564500,210.0
52,4564560,181.0
52,4564620,163.0
52,4564680,202.0
52,4564740,208.0
52,4564800,225.0
52,4564860,193.0
52,4564920,194.0
52,4564980,220.0
52,4565040,251.0
52,4565100,249.0
52,4565160,270.0
52,4565220,279.0
52,4565280,266.0
52,4565340,265.0
52,4565400,255.0
52,4565460,208.0
52,4565520,247.0
52,4565580,269.0
52,4565640,257.0
52,4565700,242.0
52,4565760,250.0
52,4565820,205.0
52,4565880,232.0
52,4565940,200.0
52,4566000,214.0
52,4566060,229.0
52,4566120,252.0
52,4566180,249.0
52,4566240,247.0
52,4566300,211.0
52,4566360,180.0
52,4566420,236.0
52,4566480,225.0
52,4566540,230.0
52,4566600,243.0
52,4566660,248.0
52,4566720,261.0
52,4566780,230.0
52,4566840,294.0
52,4566900,295.0
52,4566960,209.0
52,4567020,222.0
52,4567080,238.0
52,4567140,246.0
52,4567200,244.0
52,4567260,273.0
52,4567320,186.0
52,4567380,206.0
52,4567440,299.0
52,4567500,220.0
52,4567560,239.0
52,4567620,225.0
52,4567680,206.0
52,4567740,249.0
52,4567800,218.0
52,4567860,194.0
52,4567920,213.0
52,4567980,222.0
52,4568040,183.0
52,4568100,172.0
52,4568160,245.0
52,4568220,259.0
52,4568280,209.0
52,4568340,239.0
52,4568400,204.0
52,4568460,226.0
52,4568520,244.0
52,4568580,296.0
52,4568640,225.0
52,4568700,213.0
52,4568760,260.0
52,4568820,278.0
52,4568880,270.0
52,4568940,250.0
52,4569000,251.0
52,4569060,189.0
52,4569120,276.0
52,4569180,219.0
52,4569240,327.0
52,4569300,271.0
52,4569360,288.0
52,4569420,311.0
52,4569480,280.0
52,4569540,265.0
52,4569600,219.0
52,4569660,198.0
52,4569720,190.0
52,4569780,218.0
52,4569840,214.0
52,4569900,272.0
52,4569960,222.0
52,4570020,204.0
52,4570080,247.0
52,4570140,172.0
52,4570200,189.0
52,4570260,220.0
52,4570320,180.0
52,4570380,210.0
52,4570440,224.0
52,4570500,204.0
52,4570560,297.0
52,4570620,201.0
52,4570680,215.0
52,4570740,208.0
52,4570800,226.0
52,4570860,182.0
52,4570920,213.0
52,4570980,182.0
52,4571040,177.0
52,4571100,212.0
52,4571160,194.0
52,4571220,192.0
52,4571280,209.0
52,4571340,188.0
52,4571400,245.0
52,4571460,191.0
52,4571520,175.0
52,4571580,186.0
52,4571640,190.0
52,4571700,248.0
52,4571760,238.0
52,4571820,226.0
52,4571880,183.0
52,4571940,240.0
52,4572000,164.0
52,4572060,213.0
52,4572120,258.0
52,4572180,290.0
52,4572240,217.0
52,4572300,225.0
52,4572360,227.0
52,4572420,193.0
52,4572480,207.0
52,4572540,253.0
52,4572600,214.0
52,4572660,252.0
52,4572720,155.0
52,4572780,250.0
52,4572840,213.0
52,4572900,255.0
52,4572960,224.0
52,4573020,229.0
52,4573080,181.0
52,4573140,156.0
52,4573200,210.0
52,4573260,163.0
52,4573320,163.0
52,4573380,170.0
52,4573440,155.0
52,4573500,174.0
52,4573560,210.0
52,4573620,206.0
52,4573680,154.0
52,4573740,161.0
52,4573800,213.0
52,4573860,181.0
52,4573920,184.0
52,4573980,232.0
52,4574040,174.0
52,4574100,219.0
52,4574160,230.0
52,4574220,250.0
52,4574280,218.0
52,4574340,211.0
52,4574400,191.0
52,4574460,148.0
52,4574520,178.0
52,4574580,237.0
52,4574640,194.0
52,4574700,130.0
52,4574760,151.0
52,4574820,228.0
52,4574880,213.0
52,4574940,183.0
52,4575000,184.0
52,4575060,151.0
52,4575120,182.0
52,4575180,186.0
52,4575240,152.0
52,4575300,163.0
52,4575360,170.0
52,4575420,140.0
52,4575480,140.0
52,4575540,140.0
52,4575600,152.0
52,4575660,257.0
52,4575720,214.0
52,4575780,183.0
52,4575840,205.0
52,4575900,159.0
52,4575960,175.0
52,4576020,169.0
52,4576080,215.0
52,4576140,217.0
52,4576200,271.0
52,4576260,225.0
52,4576320,193.0
52,4576380,210.0
52,4576440,202.0
52,4576500,150.0
52,4576560,134.0
52,4576620,139.0
52,4576680,167.0
52,4576740,167.0
52,4576800,191.0
52,4576860,166.0
52,4576920,151.0
52,4576980,165.0
52,4577040,140.0
52,4577100,122.0
52,4577160,119.0
52,4577220,142.0
52,4577280,139.0
52,4577340,147.0
52,4577400,167.0
52,4577460,129.0
52,4577520,154.0
52,4577580,161.0
52,4577640,163.0
52,4577700,134.0
52,4577760,168.0
52,4577820,136.0
52,4577880,149.0
52,4577940,121.0
52,4578000,131.0
52,4578060,143.0
52,4578120,161.0
52,4578180,142.0
52,4578240,141.0
52,4578300,122.0
52,4578360,143.0
52,4578420,108.0
52,4578480,109.0
52,4578540,110.0
52,4578600,128.0
52,4578660,148.0
52,4578720,113.0
52,4578780,110.0
52,4578840,143.0
52,4578900,90.0
52,4578960,108.0
52,4579020,102.0
52,4579080,120.0
52,4579140,128.0
53,4579200,117.0
53,4579260,116.0
53,4579320,134.0
53,4579380,139.0
53,4579440,145.0
53,4579500,140.0
53,4579560,147.0
53,4579620,132.0
53,4579680,164.0
53,4579740,182.0
53,4579800,158.0
53,4579860,161.0
53,4579920,168.0
53,4579980,163.0
53,4580040,164.0
53,4580100,129.0
53,4580160,128.0
53,4580220,119.0
53,4580280,203.0
53,4580340,133.0
53,4580400,112.0
53,4580460,56.0
53,4580520,70.0
53,4580580,92.0
53,4580640,88.0
53,4580700,98.0
53,4580760,108.0
53,4580820,76.0
53,4580880,82.0
53,4580940,82.0
53,4581000,57.0
53,4581060,62.0
53,4581120,91.0
53,4581180,83.0
53,4581240,89.0
53,4581300,75.0
53,4581360,74.0
53,4581420,67.0
53,4581480,67.0
53,4581540,93.0
53,4581600,88.0
53,4581660,107.0
53,4581720,64.0
53,4581780,120.0
53,4581840,100.0
53,4581900,89.0
53,4581960,85.0
53,4582020,93.0
53,4582080,63.0
53,4582140,96.0
53,4582200,101.0
53,4582260,83.0
53,4582320,79.0
53,4582380,80.0
53,4582440,107.0
53,4582500,125.0
53,4582560,66.0
53,4582620,58.0
53,4582680,83.0
53,4582740,60.0
53,4582800,121.0
53,4582860,96.0
53,4582920,66.0
53,4582980,102.0
53,4583040,82.0
53,4583100,75.0
53,4583160,100.0
53,4583220,96.0
53,4583280,58.0
53,4583340,75.0
53,4583400,90.0
53,4583460,76.0
53,4583520,71.0
53,4583580,67.0
53,4583640,48.0
53,4583700,97.0
53,4583760,111.0
53,4583820,57.0
53,4583880,98.0
53,4583940,72.0
53,4584000,65.0
53,4584060,77.0
53,4584120,89.0
53,4584180,84.0
53,4584240,64.0
53,4584300,61.0
53,4584360,59.0
53,4584420,55.0
53,4584480,66.0
53,4584540,60.0
53,4584600,56.0
53,4584660,84.0
53,4584720,92.0
53,4584780,62.0
53,4584840,89.0
53,4584900,99.0
53,4584960,55.0
53,4585020,82.0
53,4585080,57.0
53,4585140,50.0
53,4585200,56.0
53,4585260,50.0
53,4585320,54.0
53,4585380,46.0
53,4585440,36.0
53,4585500,52.0
53,4585560,56.0
53,4585620,37.0
53,4585680,36.0
53,4585740,44.0
53,4585800,62.0
53,4585860,45.0
53,4585920,51.0
53,4585980,59.0
53,4586040,79.0
53,4586100,60.0
53,4586160,49.0
53,4586220,38.0
53,4586280,44.0
53,4586340,39.0
53,4586400,35.0
53,4586460,46.0
53,4586520,49.0
53,4586580,58.0
53,4586640,33.0
53,4586700,43.0
53,4586760,41.0
53,4586820,33.0
53,4586880,14.0
53,4586940,38.0
53,4587000,32.0
53,4587060,49.0
53,4587120,33.0
53,4587180,43.0
53,4587240,67.0
53,4587300,36.0
53,4587360,44.0
53,4587420,44.0
53,4587480,38.0
53,4587540,42.0
53,4587600,27.0
53,4587660,43.0
53,4587720,22.0
53,4587780,32.0
53,4587840,30.0
53,4587900,35.0
53,4587960,36.0
53,4588020,44.0
53,4588080,49.0
53,4588140,23.0
53,4588200,23.0
53,4588260,30.0
53,4588320,67.0
53,4588380,32.0
53,4588440,38.0
53,4588500,35.0
53,4588560,28.0
53,4588620,42.0
53,4588680,35.0
53,4588740,30.0
53,4588800,29.0
53,4588860,41.0
53,4588920,35.0
53,4588980,37.0
53,4589040,45.0
53,4589100,38.0
53,4589160,32.0
53,4589220,33.0
53,4589280,35.0
53,4589340,36.0
53,4589400,42.0
53,4589460,45.0
53,4589520,43.0
53,4589580,36.0
53,4589640,39.0
53,4589700,30.0
53,4589760,39.0
53,4589820,45.0
53,4589880,49.0
53,4589940,27.0
53,4590000,40.0
53,4590060,26.0
53,4590120,15.0
53,4590180,17.0
53,4590240,34.0
53,4590300,29.0
53,4590360,28.0
53,4590420,27.0
53,4590480,14.0
53,4590540,21.0
53,4590600,21.0
53,4590660,21.0
53,4590720,35.0
53,4590780,20.0
53,4590840,21.0
53,4590900,20.0
53,4590960,10.0
53,4591020,18.0
53,4591080,25.0
53,4591140,25.0
53,4591200,30.0
53,4591260,26.0
53,4591320,55.0
53,4591380,10.0
53,4591440,29.0
53,4591500,22.0
53,4591560,29.0
53,4591620,38.0
53,4591680,24.0
53,4591740,9.0
53,4591800,13.0
53,4591860,24.0
53,4591920,39.0
53,4591980,28.0
53,4592040,40.0
53,4592100,25.0
53,4592160,17.0
53,4592220,19.0
53,4592280,35.0
53,4592340,22.0
53,4592400,27.0
53,4592460,24.0
53,4592520,19.0
53,4592580,26.0
53,4592640,43.0
53,4592700,33.0
53,4592760,57.0
53,4592820,17.0
53,4592880,25.0
53,4592940,16.0
53,4593000,25.0
53,4593060,17.0
53,4593120,17.0
53,4593180,10.0
53,4593240,18.0
53,4593300,22.0
53,4593360,21.0
53,4593420,19.0
53,4593480,15.0
53,4593540,17.0
53,4593600,16.0
53,4593660,33.0
53,4593720,19.0
53,4593780,16.0
53,4593840,17.0
53,4593900,22.0
53,4593960,35.0
53,4594020,17.0
53,4594080,24.0
53,4594140,20.0
53,4594200,16.0
53,4594260,33.0
53,4594320,9.0
53,4594380,10.0
53,4594440,23.0
53,4594500,17.0
53,4594560,6.0
53,4594620,30.0
53,4594680,26.0
53,4594740,10.0
53,4594800,20.0
53,4594860,20.0
53,4594920,27.0
53,4594980,15.0
53,4595040,21.0
53,4595100,16.0
53,4595160,13.0
53,4595220,9.0
53,4595280,12.0
53,4595340,12.0
53,4595400,12.0
53,4595460,24.0
53,4595520,15.0
53,4595580,20.0
53,4595640,14.0
53,4595700,18.0
53,4595760,18.0
53,4595820,19.0
53,4595880,13.0
53,4595940,7.0
53,4596000,12.0
53,4596060,12.0
53,4596120,17.0
53,4596180,7.0
53,4596240,21.0
53,4596300,15.0
53,4596360,7.0
53,4596420,9.0
53,4596480,5.0
53,4596540,21.0
53,4596600,27.0
53,4596660,22.0
53,4596720,14.0
53,4596780,14.0
53,4596840,13.0
53,4596900,5.0
53,4596960,12.0
53,4597020,5.0
53,4597080,21.0
53,4597140,9.0
53,4597200,2.0
53,4597260,6.0
53,4597320,10.0
53,4597380,3.0
53,4597440,14.0
53,4597500,9.0
53,4597560,8.0
53,4597620,8.0
53,4597680,14.0
53,4597740,12.0
53,4597800,10.0
53,4597860,5.0
53,4597920,19.0
53,4597980,12.0
53,4598040,9.0
53,4598100,9.0
53,4598160,8.0
53,4598220,2.0
53,4598280,5.0
53,4598340,23.0
53,4598400,17.0
53,4598460,6.0
53,4598520,13.0
53,4598580,16.0
53,4598640,26.0
53,4598700,21.0
53,4598760,21.0
53,4598820,20.0
53,4598880,25.0
53,4598940,15.0
53,4599000,14.0
53,4599060,9.0
53,4599120,17.0
53,4599180,8.0
53,4599240,15.0
53,4599300,6.0
53,4599360,18.0
53,4599420,13.0
53,4599480,15.0
53,4599540,2.0
53,4599600,13.0
53,4599660,9.0
53,4599720,4.0
53,4599780,4.0
53,4599840,6.0
53,4599900,12.0
53,4599960,2.0
53,4600020,1.0
53,4600080,6.0
53,4600140,21.0
53,4600200,15.0
53,4600260,12.0
53,4600320,15.0
53,4600380,6.0
53,4600440,6.0
53,4600500,5.0
53,4600560,4.0
53,4600620,7.0
53,4600680,18.0
53,4600740,10.0
53,4600800,10.0
53,4600860,10.0
53,4600920,9.0
53,4600980,12.0
53,4601040,12.0
53,4601100,18.0
53,4601160,13.0
53,4601220,14.0
53,4601280,13.0
53,4601340,7.0
53,4601400,12.0
53,4601460,7.0
53,4601520,15.0
53,4601580,13.0
53,4601640,19.0
53,4601700,27.0
53,4601760,10.0
53,4601820,13.0
53,4601880,15.0
53,4601940,30.0
53,4602000,18.0
53,4602060,10.0
53,4602120,8.0
53,4602180,7.0
53,4602240,13.0
53,4602300,6.0
53,4602360,9.0
53,4602420,8.0
53,4602480,16.0
53,4602540,20.0
53,4602600,8.0
53,4602660,14.0
53,4602720,15.0
53,4602780,14.0
53,4602840,14.0
53,4602900,12.0
53,4602960,12.0
53,4603020,7.0
53,4603080,9.0
53,4603140,5.0
53,4603200,5.0
53,4603260,13.0
53,4603320,10.0
53,4603380,10.0
53,4603440,10.0
53,4603500,6.0
53,4603560,14.0
53,4603620,15.0
53,4603680,15.0
53,4603740,15.0
53,4603800,5.0
53,4603860,14.0
53,4603920,7.0
53,4603980,10.0
53,4604040,12.0
53,4604100,17.0
53,4604160,8.0
53,4604220,18.0
53,4604280,14.0
53,4604340,20.0
53,4604400,13.0
53,4604460,16.0
53,4604520,8.0
53,4604580,15.0
53,4604640,13.0
53,4604700,18.0
53,4604760,28.0
53,4604820,16.0
53,4604880,16.0
53,4604940,18.0
53,4605000,17.0
53,4605060,17.0
53,4605120,19.0
53,4605180,34.0
53,4605240,34.0
53,4605300,24.0
53,4605360,18.0
53,4605420,18.0
53,4605480,40.0
53,4605540,23.0
53,4605600,25.0
53,4605660,24.0
53,4605720,47.0
53,4605780,19.0
53,4605840,18.0
53,4605900,16.0
53,4605960,27.0
53,4606020,26.0
53,4606080,28.0
53,4606140,37.0
53,4606200,54.0
53,4606260,57.0
53,4606320,45.0
53,4606380,29.0
53,4606440,44.0
53,4606500,29.0
53,4606560,29.0
53,4606620,30.0
53,4606680,45.0
53,4606740,35.0
53,4606800,28.0
53,4606860,40.0
53,4606920,33.0
53,4606980,49.0
53,4607040,61.0
53,4607100,37.0
53,4607160,45.0
53,4607220,42.0
53,4607280,54.0
53,4607340,47.0
53,4607400,41.0
53,4607460,42.0
53,4607520,46.0
53,4607580,71.0
53,4607640,79.0
53,4607700,102.0
53,4607760,87.0
53,4607820,89.0
53,4607880,116.0
53,4607940,101.0
53,4608000,118.0
53,4608060,99.0
53,4608120,84.0
53,4608180,86.0
53,4608240,92.0
53,4608300,32.0
53,4608360,49.0
53,4608420,84.0
53,4608480,101.0
53,4608540,105.0
53,4608600,83.0
53,4608660,99.0
53,4608720,123.0
53,4608780,149.0
53,4608840,84.0
53,4608900,60.0
53,4608960,118.0
53,4609020,130.0
53,4609080,64.0
53,4609140,71.0
53,4609200,62.0
53,4609260,87.0
53,4609320,81.0
53,4609380,71.0
53,4609440,71.0
53,4609500,119.0
53,4609560,83.0
53,4609620,96.0
53,4609680,71.0
53,4609740,71.0
53,4609800,66.0
53,4609860,65.0
53,4609920,70.0
53,4609980,77.0
53,4610040,85.0
53,4610100,98.0
53,4610160,150.0
53,4610220,96.0
53,4610280,120.0
53,4610340,134.0
53,4610400,75.0
53,4610460,112.0
53,4610520,109.0
53,4610580,102.0
53,4610640,123.0
53,4610700,77.0
53,4610760,78.0
53,4610820,119.0
53,4610880,102.0
53,4610940,129.0
53,4611000,126.0
53,4611060,107.0
53,4611120,116.0
53,4611180,108.0
53,4611240,145.0
53,4611300,124.0
53,4611360,141.0
53,4611420,138.0
53,4611480,136.0
53,4611540,127.0
53,4611600,144.0
53,4611660,235.0
53,4611720,197.0
53,4611780,197.0
53,4611840,189.0
53,4611900,192.0
53,4611960,223.0
53,4612020,184.0
53,4612080,240.0
53,4612140,201.0
53,4612200,164.0
53,4612260,171.0
53,4612320,182.0
53,4612380,190.0
53,4612440,167.0
53,4612500,186.0
53,4612560,152.0
53,4612620,165.0
53,4612680,167.0
53,4612740,210.0
53,4612800,225.0
53,4612860,147.0
53,4612920,139.0
53,4612980,197.0
53,4613040,173.0
53,4613100,208.0
53,4613160,136.0
53,4613220,162.0
53,4613280,164.0
53,4613340,180.0
53,4613400,144.0
53,4613460,140.0
53,4613520,162.0
53,4613580,156.0
53,4613640,205.0
53,4613700,209.0
53,4613760,201.0
53,4613820,206.0
53,4613880,190.0
53,4613940,154.0
53,4614000,167.0
53,4614060,232.0
53,4614120,210.0
53,4614180,173.0
53,4614240,211.0
53,4614300,218.0
53,4614360,195.0
53,4614420,198.0
53,4614480,218.0
53,4614540,192.0
53,4614600,203.0
53,4614660,204.0
53,4614720,218.0
53,4614780,205.0
53,4614840,200.0
53,4614960,211.0
53,4615020,217.0
53,4615080,190.0
53,4615140,183.0
53,4615200,204.0
53,4615260,302.0
53,4615320,270.0
53,4615380,274.0
53,4615440,290.0
53,4615500,308.0
53,4615560,292.0
53,4615620,319.0
53,4615680,287.0
53,4615740,240.0
53,4615800,266.0
53,4615860,230.0
53,4615920,205.0
53,4615980,220.0
53,4616040,215.0
53,4616100,257.0
53,4616160,214.0
53,4616220,276.0
53,4616280,317.0
53,4616340,266.0
53,4616400,315.0
53,4616460,296.0
53,4616520,243.0
53,4616580,253.0
53,4616640,280.0
53,4616700,337.0
53,4616760,304.0
53,4616820,254.0
53,4616880,258.0
53,4616940,310.0
53,4617000,246.0
53,4617060,237.0
53,4617120,246.0
53,4617180,282.0
53,4617240,268.0
53,4617300,271.0
53,4617360,252.0
53,4617420,282.0
53,4617480,244.0
53,4617540,281.0
53,4617600,250.0
53,4617660,261.0
53,4617720,248.0
53,4617780,265.0
53,4617840,234.0
53,4617900,302.0
53,4617960,251.0
53,4618020,256.0
53,4618080,231.0
53,4618140,308.0
53,4618200,258.0
53,4618260,249.0
53,4618320,201.0
53,4618380,240.0
53,4618440,249.0
53,4618500,184.0
53,4618560,265.0
53,4618620,274.0
53,4618680,306.0
53,4618740,212.0
53,4618800,217.0
53,4618860,275.0
53,4618920,303.0
53,4618980,285.0
53,4619040,273.0
53,4619100,256.0
53,4619160,288.0
53,4619220,306.0
53,4619280,316.0
53,4619340,363.0
53,4619400,352.0
53,4619460,279.0
53,4619520,293.0
53,4619700,252.0
53,4619760,230.0
53,4619820,320.0
53,4619880,238.0
53,4619940,270.0
53,4620000,281.0
53,4620060,267.0
53,4620120,294.0
53,4620180,327.0
53,4620240,261.0
53,4620300,286.0
53,4620360,266.0
53,4620420,253.0
53,4620480,249.0
53,4620540,309.0
53,4620600,250.0
53,4620660,253.0
53,4620720,266.0
53,4620780,271.0
53,4620840,246.0
53,4620900,250.0
53,4620960,319.0
53,4621020,249.0
53,4621080,259.0
53,4621140,288.0
53,4621200,252.0
53,4621260,296.0
53,4621320,344.0
53,4621380,233.0
53,4621440,234.0
53,4621500,259.0
53,4621560,276.0
53,4621620,270.0
53,4621680,250.0
53,4621740,290.0
53,4621800,247.0
53,4621860,281.0
53,4621920,311.0
53,4621980,296.0
53,4622040,286.0
53,4622100,245.0
53,4622280,265.0
53,4622340,218.0
53,4622400,255.0
53,4622460,345.0
53,4622520,290.0
53,4622580,324.0
53,4622640,365.0
53,4622700,383.0
53,4622760,340.0
53,4622820,394.0
53,4622880,319.0
53,4622940,314.0
53,4623000,282.0
53,4623060,297.0
53,4623120,260.0
53,4623180,280.0
53,4623240,254.0
53,4623300,250.0
53,4623360,282.0
53,4623420,290.0
53,4623480,237.0
53,4623540,268.0
53,4623600,302.0
53,4623660,231.0
53,4623720,253.0
53,4623780,281.0
53,4623840,245.0
53,4623900,232.0
53,4623960,293.0
53,4624020,200.0
53,4624080,239.0
53,4624140,295.0
53,4624200,217.0
53,4624260,254.0
53,4624320,265.0
53,4624380,247.0
53,4624440,320.0
53,4624500,278.0
53,4624560,262.0
53,4624620,236.0
53,4624680,226.0
53,4624740,193.0
53,4624800,243.0
53,4624860,297.0
53,4624920,341.0
53,4624980,294.0
53,4625040,249.0
53,4625100,228.0
53,4625160,210.0
53,4625220,244.0
53,4625280,236.0
53,4625340,286.0
53,4625400,215.0
53,4625460,228.0
53,4625520,249.0
53,4625580,234.0
53,4625640,226.0
53,4625700,236.0
53,4625760,201.0
53,4625820,244.0
53,4625880,231.0
53,4625940,213.0
53,4626000,239.0
53,4626060,312.0
53,4626120,288.0
53,4626180,281.0
53,4626240,279.0
53,4626300,213.0
53,4626360,319.0
53,4626420,358.0
53,4626480,286.0
53,4626540,224.0
53,4626600,220.0
53,4626660,183.0
53,4626720,195.0
53,4626780,197.0
53,4626840,208.0
53,4626900,275.0
53,4626960,275.0
53,4627020,234.0
53,4627080,227.0
53,4627140,220.0
53,4627200,213.0
53,4627260,271.0
53,4627320,255.0
53,4627380,248.0
53,4627440,244.0
53,4627500,238.0
53,4627560,227.0
53,4627620,208.0
53,4627680,228.0
53,4627740,259.0
53,4627800,188.0
53,4627860,218.0
53,4627920,230.0
53,4627980,184.0
53,4628040,232.0
53,4628100,252.0
53,4628160,208.0
53,4628220,238.0
53,4628280,248.0
53,4628340,227.0
53,4628400,208.0
53,4628460,209.0
53,4628520,147.0
53,4628580,242.0
53,4628640,198.0
53,4628700,211.0
53,4628760,281.0
53,4628820,224.0
53,4628880,184.0
53,4628940,276.0
53,4629000,272.0
53,4629060,275.0
53,4629120,277.0
53,4629180,252.0
53,4629240,297.0
53,4629300,266.0
53,4629360,243.0
53,4629420,265.0
53,4629480,267.0
53,4629540,188.0
53,4629600,228.0
53,4629660,253.0
53,4629720,278.0
53,4629780,260.0
53,4629840,266.0
53,4629900,274.0
53,4629960,239.0
53,4630020,240.0
53,4630080,268.0
53,4630140,233.0
53,4630200,257.0
53,4630260,233.0
53,4630320,253.0
53,4630380,250.0
53,4630440,213.0
53,4630500,178.0
53,4630560,169.0
53,4630620,183.0
53,4630680,192.0
53,4630740,207.0
53,4630800,178.0
53,4630860,218.0
53,4630920,220.0
53,4630980,196.0
53,4631040,230.0
53,4631100,187.0
53,4631160,187.0
53,4631220,195.0
53,4631280,212.0
53,4631340,170.0
53,4631400,206.0
53,4631460,201.0
53,4631520,255.0
53,4631580,262.0
53,4631640,248.0
53,4631700,282.0
53,4631760,185.0
53,4631820,242.0
53,4631880,240.0
53,4631940,274.0
53,4632000,207.0
53,4632060,251.0
53,4632120,228.0
53,4632180,242.0
53,4632240,319.0
53,4632300,256.0
53,4632360,192.0
53,4632420,173.0
53,4632480,246.0
53,4632540,234.0
53,4632600,217.0
53,4632660,234.0
53,4632720,174.0
53,4632780,181.0
53,4632840,194.0
53,4632900,176.0
53,4632960,252.0
53,4633020,230.0
53,4633080,183.0
53,4633140,220.0
53,4633200,193.0
53,4633260,210.0
53,4633320,217.0
53,4633380,212.0
53,4633440,268.0
53,4633500,270.0
53,4633560,291.0
53,4633620,266.0
53,4633680,255.0
53,4633740,231.0
53,4633800,230.0
53,4633860,262.0
53,4633920,271.0
53,4633980,319.0
53,4634040,308.0
53,4634100,258.0
53,4634160,262.0
53,4634220,272.0
53,4634280,259.0
53,4634340,323.0
53,4634400,268.0
53,4634460,259.0
53,4634520,293.0
53,4634580,232.0
53,4634640,293.0
53,4634700,244.0
53,4634760,214.0
53,4634820,306.0
53,4634880,297.0
53,4634940,257.0
53,4635000,260.0
53,4635060,317.0
53,4635120,235.0
53,4635180,222.0
53,4635240,231.0
53,4635300,252.0
53,4635360,245.0
53,4635420,278.0
53,4635480,278.0
53,4635540,254.0
53,4635600,261.0
53,4635660,247.0
53,4635720,286.0
53,4635780,287.0
53,4635840,219.0
53,4635900,211.0
53,4635960,240.0
53,4636020,329.0
53,4636080,275.0
53,4636140,248.0
53,4636200,255.0
53,4636260,261.0
53,4636320,269.0
53,4636380,307.0
53,4636440,276.0
53,4636500,295.0
53,4636560,248.0
53,4636620,251.0
53,4636680,248.0
53,4636740,270.0
53,4636800,280.0
53,4636860,277.0
53,4636920,311.0
53,4636980,329.0
53,4637040,311.0
53,4637100,288.0
53,4637160,364.0
53,4637220,314.0
53,4637280,393.0
53,4637340,392.0
53,4637400,307.0
53,4637460,291.0
53,4637520,302.0
53,4637580,276.0
53,4637640,275.0
53,4637700,238.0
53,4637760,296.0
53,4637820,270.0
53,4637880,284.0
53,4637940,243.0
53,4638000,280.0
53,4638060,279.0
53,4638120,246.0
53,4638180,249.0
53,4638240,230.0
53,4638300,229.0
53,4638360,245.0
53,4638420,236.0
53,4638480,232.0
53,4638540,280.0
53,4638600,258.0
53,4638660,188.0
53,4638720,217.0
53,4638780,255.0
53,4638840,220.0
53,4638900,248.0
53,4638960,243.0
53,4639020,209.0
53,4639080,178.0
53,4639140,239.0
53,4639200,201.0
53,4639260,251.0
53,4639320,223.0
53,4639380,220.0
53,4639440,247.0
53,4639500,259.0
53,4639560,223.0
53,4639620,195.0
53,4639680,208.0
53,4639740,224.0
53,4639800,219.0
53,4639860,242.0
53,4639920,219.0
53,4639980,272.0
53,4640040,255.0
53,4640100,231.0
53,4640160,239.0
53,4640220,196.0
53,4640280,259.0
53,4640340,235.0
53,4640400,267.0
53,4640460,249.0
53,4640520,256.0
53,4640580,236.0
53,4640640,218.0
53,4640700,242.0
53,4640760,260.0
53,4640820,292.0
53,4640880,278.0
53,4640940,280.0
53,4641000,291.0
53,4641060,306.0
53,4641120,239.0
53,4641180,218.0
53,4641240,244.0
53,4641300,181.0
53,4641360,228.0
53,4641420,222.0
53,4641480,233.0
53,4641540,195.0
53,4641600,181.0
53,4641660,211.0
53,4641720,214.0
53,4641780,249.0
53,4641840,212.0
53,4641900,225.0
53,4641960,220.0
53,4642020,220.0
53,4642080,211.0
53,4642140,231.0
53,4642200,195.0
53,4642260,160.0
53,4642320,204.0
53,4642380,180.0
53,4642440,192.0
53,4642500,231.0
53,4642560,173.0
53,4642620,174.0
53,4642680,223.0
53,4642740,150.0
53,4642800,203.0
53,4642860,233.0
53,4642920,175.0
53,4642980,209.0
53,4643040,222.0
53,4643100,271.0
53,4643160,219.0
53,4643220,211.0
53,4643280,235.0
53,4643340,188.0
53,4643400,181.0
53,4643460,256.0
53,4643520,259.0
53,4643580,192.0
53,4643640,235.0
53,4643700,197.0
53,4643760,189.0
53,4643820,185.0
53,4643880,197.0
53,4643940,242.0
53,4644000,245.0
53,4644060,219.0
53,4644120,204.0
53,4644180,203.0
53,4644240,238.0
53,4644300,246.0
53,4644360,270.0
53,4644420,236.0
53,4644480,190.0
53,4644540,243.0
53,4644600,224.0
53,4644660,273.0
53,4644720,265.0
53,4644780,256.0
53,4644840,217.0
53,4644900,261.0
53,4644960,185.0
53,4645020,248.0
53,4645080,226.0
53,4645140,209.0
53,4645200,216.0
53,4645260,184.0
53,4645320,182.0
53,4645380,186.0
53,4645440,168.0
53,4645500,192.0
53,4645560,198.0
53,4645620,195.0
53,4645680,231.0
53,4645740,201.0
53,4645800,215.0
53,4645860,192.0
53,4645920,191.0
53,4645980,185.0
53,4646040,189.0
53,4646100,189.0
53,4646280,181.0
53,4646340,180.0
53,4646400,231.0
53,4646460,228.0
53,4646520,253.0
53,4646640,226.0
53,4646700,195.0
53,4646760,177.0
53,4646820,216.0
53,4646880,226.0
53,4646940,202.0
53,4647000,208.0
53,4647060,173.0
53,4647120,192.0
53,4647180,183.0
53,4647240,202.0
53,4647300,186.0
53,4647360,172.0
53,4647420,226.0
53,4647480,216.0
53,4647540,271.0
53,4647600,276.0
53,4647660,286.0
53,4647720,342.0
53,4647780,261.0
53,4647840,326.0
53,4647960,245.0
53,4648020,278.0
53,4648080,291.0
53,4648140,307.0
53,4648200,228.0
53,4648260,294.0
53,4648320,306.0
53,4648380,292.0
53,4648440,300.0
53,4648500,271.0
53,4648560,260.0
53,4648620,300.0
53,4648680,284.0
53,4648740,293.0
53,4648800,308.0
53,4648860,292.0
53,4648920,338.0
53,4648980,273.0
53,4649040,318.0
53,4649100,291.0
53,4649160,246.0
53,4649220,266.0
53,4649280,234.0
53,4649340,222.0
53,4649400,262.0
53,4649460,244.0
53,4649520,229.0
53,4649580,261.0
53,4649640,232.0
53,4649700,238.0
53,4649760,273.0
53,4649820,245.0
53,4649880,261.0
53,4649940,271.0
53,4650000,267.0
53,4650060,317.0
53,4650120,232.0
53,4650180,277.0
53,4650240,299.0
53,4650300,284.0
53,4650360,238.0
53,4650420,250.0
53,4650480,254.0
53,4650540,258.0
53,4650600,207.0
53,4650660,288.0
53,4650720,247.0
53,4650780,287.0
53,4650840,287.0
53,4650900,304.0
53,4650960,253.0
53,4651020,207.0
53,4651080,314.0
53,4651140,304.0
53,4651200,299.0
53,4651260,306.0
53,4651320,303.0
53,4651380,294.0
53,4651440,229.0
53,4651500,250.0
53,4651560,223.0
53,4651620,275.0
53,4651680,267.0
53,4651740,246.0
53,4651800,301.0
53,4651860,256.0
53,4651920,218.0
53,4651980,267.0
53,4652040,224.0
53,4652100,300.0
53,4652160,242.0
53,4652220,298.0
53,4652280,281.0
53,4652340,255.0
53,4652400,232.0
53,4652460,281.0
53,4652520,307.0
53,4652640,304.0
53,4652700,270.0
53,4652760,274.0
53,4652820,293.0
53,4652880,291.0
53,4652940,248.0
53,4653000,298.0
53,4653060,259.0
53,4653120,287.0
53,4653180,310.0
53,4653240,255.0
53,4653300,245.0
53,4653360,265.0
53,4653420,261.0
53,4653480,282.0
53,4653540,321.0
53,4653600,291.0
53,4653660,261.0
53,4653720,294.0
53,4653780,282.0
53,4653840,302.0
53,4653900,322.0
53,4653960,311.0
53,4654020,306.0
53,4654080,321.0
53,4654140,267.0
53,4654200,258.0
53,4654260,329.0
53,4654320,351.0
53,4654380,288.0
53,4654440,328.0
53,4654500,320.0
53,4654560,248.0
53,4654620,307.0
53,4654680,267.0
53,4654740,306.0
53,4654800,337.0
53,4654860,287.0
53,4654920,246.0
53,4654980,264.0
53,4655040,299.0
53,4655100,300.0
53,4655160,288.0
53,4655220,286.0
53,4655280,308.0
53,4655340,279.0
53,4655400,326.0
53,4655460,308.0
53,4655520,252.0
53,4655580,227.0
53,4655640,248.0
53,4655700,327.0
53,4655760,248.0
53,4655820,249.0
53,4655880,227.0
53,4655940,245.0
53,4656000,224.0
53,4656060,229.0
53,4656120,186.0
53,4656180,284.0
53,4656240,259.0
53,4656300,247.0
53,4656360,254.0
53,4656420,224.0
53,4656480,256.0
53,4656540,273.0
53,4656600,248.0
53,4656660,243.0
53,4656720,278.0
53,4656780,288.0
53,4656840,267.0
53,4656900,273.0
53,4656960,228.0
53,4657020,237.0
53,4657080,288.0
53,4657140,233.0
53,4657200,343.0
53,4657260,287.0
53,4657320,279.0
53,4657380,303.0
53,4657440,302.0
53,4657500,284.0
53,4657560,261.0
53,4657620,275.0
53,4657680,238.0
53,4657740,310.0
53,4657800,252.0
53,4657860,309.0
53,4657920,311.0
53,4657980,275.0
53,4658040,303.0
53,4658100,287.0
53,4658160,289.0
53,4658220,276.0
53,4658280,233.0
53,4658340,209.0
53,4658400,247.0
53,4658460,248.0
53,4658520,285.0
53,4658580,222.0
53,4658640,256.0
53,4658700,235.0
53,4658760,206.0
53,4658820,254.0
53,4658880,235.0
53,4658940,227.0
53,4659000,243.0
53,4659060,246.0
53,4659120,260.0
53,4659180,279.0
53,4659240,274.0
53,4659300,245.0
53,4659360,233.0
53,4659420,220.0
53,4659480,242.0
53,4659540,228.0
53,4659600,260.0
53,4659660,264.0
53,4659720,228.0
53,4659780,205.0
53,4659840,229.0
53,4659900,229.0
53,4659960,247.0
53,4660020,250.0
53,4660080,262.0
53,4660140,240.0
53,4660200,247.0
53,4660260,180.0
53,4660320,222.0
53,4660380,256.0
53,4660440,264.0
53,4660500,220.0
53,4660560,196.0
53,4660620,200.0
53,4660680,234.0
53,4660740,270.0
53,4660800,252.0
53,4660860,190.0
53,4660920,208.0
53,4660980,201.0
53,4661040,230.0
53,4661100,209.0
53,4661160,217.0
53,4661220,172.0
53,4661280,183.0
53,4661340,186.0
53,4661400,194.0
53,4661460,189.0
53,4661520,228.0
53,4661580,222.0
53,4661640,228.0
53,4661700,212.0
53,4661760,224.0
53,4661820,216.0
53,4661880,213.0
53,4661940,176.0
53,4662000,145.0
53,4662060,211.0
53,4662120,191.0
53,4662180,254.0
53,4662240,216.0
53,4662300,164.0
53,4662360,206.0
53,4662420,227.0
53,4662480,178.0
53,4662540,181.0
53,4662600,227.0
53,4662660,203.0
53,4662720,190.0
53,4662780,204.0
53,4662840,249.0
53,4662900,205.0
53,4662960,182.0
53,4663020,212.0
53,4663080,163.0
53,4663140,184.0
53,4663200,194.0
53,4663260,173.0
53,4663320,186.0
53,4663380,225.0
53,4663440,222.0
53,4663500,242.0
53,4663560,167.0
53,4663620,121.0
53,4663680,165.0
53,4663740,180.0
53,4663800,213.0
53,4663860,210.0
53,4663920,194.0
53,4663980,149.0
53,4664040,168.0
53,4664100,153.0
53,4664160,163.0
53,4664220,197.0
53,4664280,197.0
53,4664340,153.0
53,4664400,104.0
53,4664460,138.0
53,4664520,166.0
53,4664580,173.0
53,4664640,154.0
53,4664700,178.0
53,4664760,167.0
53,4664820,163.0
53,4664880,215.0
53,4664940,176.0
53,4665000,238.0
53,4665060,185.0
53,4665120,138.0
53,4665180,149.0
53,4665240,151.0
53,4665300,122.0
53,4665360,129.0
53,4665420,142.0
53,4665480,135.0
53,4665540,133.0
54,4665600,154.0
54,4665660,129.0
54,4665720,104.0
54,4665780,129.0
54,4665840,127.0
54,4665900,136.0
54,4665960,162.0
54,4666020,146.0
54,4666080,159.0
54,4666140,180.0
54,4666200,142.0
54,4666260,126.0
54,4666320,168.0
54,4666380,147.0
54,4666440,121.0
54,4666500,101.0
54,4666560,171.0
54,4666620,129.0
54,4666680,149.0
54,4666740,132.0
54,4666800,125.0
54,4666860,151.0
54,4666920,141.0
54,4666980,104.0
54,4667040,125.0
54,4667100,81.0
54,4667160,131.0
54,4667220,127.0
54,4667280,106.0
54,4667340,91.0
54,4667400,120.0
54,4667460,125.0
54,4667520,114.0
54,4667580,170.0
54,4667640,90.0
54,4667700,92.0
54,4667760,122.0
54,4667820,139.0
54,4667880,130.0
54,4667940,130.0
54,4668000,123.0
54,4668060,125.0
54,4668120,109.0
54,4668180,123.0
54,4668240,105.0
54,4668300,109.0
54,4668360,121.0
54,4668420,85.0
54,4668480,71.0
54,4668540,84.0
54,4668600,103.0
54,4668660,80.0
54,4668720,82.0
54,4668780,98.0
54,4668840,72.0
54,4668900,54.0
54,4668960,88.0
54,4669020,82.0
54,4669080,87.0
54,4669140,110.0
54,4669200,86.0
54,4669260,112.0
54,4669320,87.0
54,4669380,91.0
54,4669440,76.0
54,4669500,90.0
54,4669560,93.0
54,4669620,78.0
54,4669680,84.0
54,4669740,92.0
54,4669800,97.0
54,4669860,93.0
54,4669920,80.0
54,4669980,77.0
54,4670040,61.0
54,4670100,91.0
54,4670160,80.0
54,4670220,84.0
54,4670280,79.0
54,4670340,66.0
54,4670400,80.0
54,4670460,63.0
54,4670520,54.0
54,4670580,48.0
54,4670640,98.0
54,4670700,58.0
54,4670760,66.0
54,4670820,44.0
54,4670880,58.0
54,4670940,70.0
54,4671000,64.0
54,4671060,46.0
54,4671120,77.0
54,4671180,89.0
54,4671240,68.0
54,4671300,71.0
54,4671360,58.0
54,4671420,66.0
54,4671480,62.0
54,4671540,49.0
54,4671600,68.0
54,4671660,52.0
54,4671720,43.0
54,4671780,34.0
54,4671840,98.0
54,4671900,45.0
54,4671960,51.0
54,4672020,42.0
54,4672080,57.0
54,4672140,55.0
54,4672200,47.0
54,4672260,54.0
54,4672320,72.0
54,4672380,65.0
54,4672440,77.0
54,4672500,47.0
54,4672560,45.0
54,4672620,78.0
54,4672680,49.0
54,4672740,56.0
54,4672800,61.0
54,4672860,37.0
54,4672920,30.0
54,4672980,35.0
54,4673040,46.0
54,4673100,72.0
54,4673160,54.0
54,4673220,47.0
54,4673280,41.0
54,4673340,37.0
54,4673400,52.0
54,4673460,62.0
54,4673520,70.0
54,4673580,42.0
54,4673640,46.0
54,4673700,35.0
54,4673760,85.0
54,4673820,78.0
54,4673880,28.0
54,4673940,47.0
54,4674000,55.0
54,4674060,32.0
54,4674120,26.0
54,4674180,23.0
54,4674240,46.0
54,4674300,30.0
54,4674360,67.0
54,4674420,41.0
54,4674480,29.0
54,4674540,41.0
54,4674600,48.0
54,4674660,52.0
54,4674720,47.0
54,4674780,35.0
54,4674840,32.0
54,4674900,28.0
54,4674960,36.0
54,4675020,47.0
54,4675080,52.0
54,4675140,20.0
54,4675200,14.0
54,4675260,22.0
54,4675320,21.0
54,4675380,35.0
54,4675440,36.0
54,4675500,25.0
54,4675560,33.0
54,4675620,14.0
54,4675680,45.0
54,4675740,37.0
54,4675800,37.0
54,4675860,37.0
54,4675920,44.0
54,4675980,29.0
54,4676040,23.0
54,4676100,33.0
54,4676160,27.0
54,4676220,28.0
54,4676280,45.0
54,4676340,38.0
54,4676400,46.0
54,4676460,15.0
54,4676520,22.0
54,4676580,20.0
54,4676640,33.0
54,4676700,18.0
54,4676760,19.0
54,4676820,44.0
54,4676880,29.0
54,4676940,42.0
54,4677000,23.0
54,4677060,44.0
54,4677120,26.0
54,4677180,18.0
54,4677240,24.0
54,4677300,19.0
54,4677360,27.0
54,4677420,24.0
54,4677480,8.0
54,4677540,27.0
54,4677600,23.0
54,4677660,39.0
54,4677720,32.0
54,4677780,17.0
54,4677840,13.0
54,4677900,19.0
54,4677960,28.0
54,4678020,26.0
54,4678080,35.0
54,4678140,24.0
54,4678200,26.0
54,4678260,16.0
54,4678320,21.0
54,4678380,35.0
54,4678440,34.0
54,4678500,28.0
54,4678560,17.0
54,4678620,24.0
54,4678680,18.0
54,4678740,39.0
54,4678800,17.0
54,4678860,19.0
54,4678920,25.0
54,4678980,26.0
54,4679040,33.0
54,4679100,17.0
54,4679160,14.0
54,4679220,22.0
54,4679280,19.0
54,4679340,23.0
54,4679400,15.0
54,4679460,12.0
54,4679520,4.0
54,4679580,22.0
54,4679640,16.0
54,4679700,12.0
54,4679760,16.0
54,4679820,22.0
54,4679880,15.0
54,4679940,20.0
54,4680000,19.0
54,4680060,27.0
54,4680120,21.0
54,4680180,15.0
54,4680240,16.0
54,4680300,4.0
54,4680360,12.0
54,4680420,7.0
54,4680480,25.0
54,4680540,9.0
54,4680600,9.0
54,4680660,4.0
54,4680720,25.0
54,4680780,14.0
54,4680840,9.0
54,4680900,14.0
54,4680960,6.0
54,4681020,9.0
54,4681080,14.0
54,4681140,17.0
54,4681200,12.0
54,4681260,17.0
54,4681320,14.0
54,4681380,8.0
54,4681440,21.0
54,4681500,14.0
54,4681560,26.0
54,4681620,19.0
54,4681680,7.0
54,4681740,6.0
54,4681800,5.0
54,4681860,14.0
54,4681920,7.0
54,4681980,8.0
54,4682040,21.0
54,4682100,7.0
54,4682160,12.0
54,4682220,5.0
54,4682280,10.0
54,4682340,10.0
54,4682400,13.0
54,4682460,7.0
54,4682520,6.0
54,4682580,10.0
54,4682640,12.0
54,4682700,12.0
54,4682760,12.0
54,4682820,6.0
54,4682880,12.0
54,4682940,19.0
54,4683000,9.0
54,4683060,10.0
54,4683120,12.0
54,4683180,17.0
54,4683240,13.0
54,4683300,20.0
54,4683360,8.0
54,4683420,9.0
54,4683480,16.0
54,4683540,21.0
54,4683600,19.0
54,4683660,16.0
54,4683720,19.0
54,4683780,10.0
54,4683840,13.0
54,4683900,13.0
54,4683960,16.0
54,4684020,8.0
54,4684080,10.0
54,4684140,5.0
54,4684200,9.0
54,4684260,12.0
54,4684320,8.0
54,4684380,7.0
54,4684440,8.0
54,4684500,6.0
54,4684560,8.0
54,4684620,4.0
54,4684680,8.0
54,4684740,12.0
54,4684800,9.0
54,4684860,7.0
54,4684920,13.0
54,4684980,12.0
54,4685040,15.0
54,4685100,5.0
54,4685160,15.0
54,4685220,13.0
54,4685280,14.0
54,4685340,10.0
54,4685400,6.0
54,4685460,2.0
54,4685520,5.0
54,4685580,7.0
54,4685640,15.0
54,4685700,6.0
54,4685760,10.0
54,4685820,4.0
54,4685880,12.0
54,4685940,10.0
54,4686000,22.0
54,4686060,12.0
54,4686120,5.0
54,4686180,7.0
54,4686240,12.0
54,4686300,13.0
54,4686360,7.0
54,4686420,9.0
54,4686480,2.0
54,4686540,21.0
54,4686600,12.0
54,4686660,10.0
54,4686720,8.0
54,4686780,2.0
54,4686840,17.0
54,4686900,29.0
54,4686960,17.0
54,4687020,15.0
54,4687080,18.0
54,4687140,9.0
54,4687200,5.0
54,4687260,16.0
54,4687320,8.0
54,4687380,8.0
54,4687440,16.0
54,4687500,19.0
54,4687560,29.0
54,4687620,13.0
54,4687680,13.0
54,4687740,8.0
54,4687800,6.0
54,4687860,4.0
54,4687920,9.0
54,4687980,3.0
54,4688040,6.0
54,4688100,3.0
54,4688160,6.0
54,4688220,9.0
54,4688280,5.0
54,4688340,21.0
54,4688400,18.0
54,4688460,13.0
54,4688520,16.0
54,4688580,7.0
54,4688640,9.0
54,4688700,19.0
54,4688760,12.0
54,4688820,8.0
54,4688880,8.0
54,4688940,7.0
54,4689000,17.0
54,4689060,14.0
54,4689120,6.0
54,4689180,14.0
54,4689240,15.0
54,4689300,5.0
54,4689360,13.0
54,4689420,18.0
54,4689480,5.0
54,4689540,4.0
54,4689600,9.0
54,4689660,19.0
54,4689720,3.0
54,4689780,6.0
54,4689840,12.0
54,4689900,28.0
54,4689960,18.0
54,4690020,10.0
54,4690080,17.0
54,4690140,28.0
54,4690200,10.0
54,4690260,10.0
54,4690320,9.0
54,4690380,15.0
54,4690440,23.0
54,4690500,17.0
54,4690560,21.0
54,4690620,13.0
54,4690680,19.0
54,4690740,7.0
54,4690800,8.0
54,4690860,18.0
54,4690920,15.0
54,4690980,17.0
54,4691040,29.0
54,4691100,26.0
54,4691160,21.0
54,4691220,20.0
54,4691280,35.0
54,4691340,37.0
54,4691400,34.0
54,4691460,21.0
54,4691520,22.0
54,4691580,30.0
54,4691640,28.0
54,4691700,22.0
54,4691760,20.0
54,4691820,22.0
54,4691880,27.0
54,4691940,38.0
54,4692000,37.0
54,4692060,24.0
54,4692120,35.0
54,4692180,42.0
54,4692240,35.0
54,4692300,25.0
54,4692360,44.0
54,4692420,23.0
54,4692480,23.0
54,4692540,17.0
54,4692600,14.0
54,4692660,36.0
54,4692720,46.0
54,4692780,33.0
54,4692840,45.0
54,4692900,34.0
54,4692960,43.0
54,4693020,32.0
54,4693080,22.0
54,4693140,38.0
54,4693200,35.0
54,4693260,34.0
54,4693320,83.0
54,4693380,51.0
54,4693440,74.0
54,4693500,41.0
54,4693560,59.0
54,4693620,43.0
54,4693680,69.0
54,4693740,87.0
54,4693800,63.0
54,4693860,51.0
54,4693920,63.0
54,4693980,57.0
54,4694040,78.0
54,4694100,67.0
54,4694160,66.0
54,4694220,66.0
54,4694280,36.0
54,4694340,99.0
54,4694400,59.0
54,4694460,32.0
54,4694520,47.0
54,4694580,76.0
54,4694640,61.0
54,4694700,82.0
54,4694760,105.0
54,4694820,99.0
54,4694880,80.0
54,4694940,48.0
54,4695000,83.0
54,4695060,92.0
54,4695120,66.0
54,4695180,76.0
54,4695240,110.0
54,4695300,113.0
54,4695360,71.0
54,4695420,58.0
54,4695480,94.0
54,4695540,112.0
54,4695600,79.0
54,4695660,70.0
54,4695720,71.0
54,4695780,79.0
54,4695840,102.0
54,4695900,109.0
54,4695960,101.0
54,4696020,78.0
54,4696080,104.0
54,4696140,110.0
54,4696200,101.0
54,4696260,108.0
54,4696320,81.0
54,4696380,94.0
54,4696440,100.0
54,4696500,97.0
54,4696560,105.0
54,4696620,129.0
54,4696680,138.0
54,4696740,140.0
54,4696800,83.0
54,4696860,139.0
54,4696920,110.0
54,4696980,131.0
54,4697040,112.0
54,4697100,126.0
54,4697160,143.0
54,4697220,159.0
54,4697280,107.0
54,4697340,145.0
54,4697400,167.0
54,4697460,168.0
54,4697520,135.0
54,4697580,121.0
54,4697640,110.0
54,4697700,130.0
54,4697760,180.0
54,4697820,164.0
54,4697880,158.0
54,4697940,163.0
54,4698000,173.0
54,4698060,190.0
54,4698120,163.0
54,4698180,205.0
54,4698240,238.0
54,4698300,213.0
54,4698360,229.0
54,4698420,245.0
54,4698480,174.0
54,4698540,229.0
54,4698600,220.0
54,4698660,197.0
54,4698720,249.0
54,4698780,194.0
54,4698840,227.0
54,4698900,226.0
54,4698960,191.0
54,4699020,180.0
54,4699080,214.0
54,4699140,170.0
54,4699200,149.0
54,4699260,202.0
54,4699320,189.0
54,4699380,184.0
54,4699440,210.0
54,4699500,214.0
54,4699560,183.0
54,4699620,194.0
54,4699680,234.0
54,4699740,236.0
54,4699800,186.0
54,4699860,158.0
54,4699920,195.0
54,4699980,205.0
54,4700040,217.0
54,4700100,204.0
54,4700160,198.0
54,4700220,237.0
54,4700280,234.0
54,4700340,261.0
54,4700400,242.0
54,4700460,242.0
54,4700520,239.0
54,4700580,284.0
54,4700640,255.0
54,4700700,277.0
54,4700760,238.0
54,4700820,233.0
54,4700880,267.0
54,4700940,258.0
54,4701000,225.0
54,4701060,243.0
54,4701120,271.0
54,4701180,297.0
54,4701240,300.0
54,4701300,250.0
54,4701360,240.0
54,4701420,233.0
54,4701480,238.0
54,4701540,220.0
54,4701600,281.0
54,4701660,264.0
54,4701720,315.0
54,4701780,295.0
54,4701840,292.0
54,4701900,290.0
54,4701960,331.0
54,4702020,357.0
54,4702080,351.0
54,4702140,306.0
54,4702200,272.0
54,4702260,322.0
54,4702320,322.0
54,4702380,357.0
54,4702440,276.0
54,4702500,271.0
54,4702560,247.0
54,4702620,223.0
54,4702680,293.0
54,4702740,251.0
54,4702800,297.0
54,4702860,243.0
54,4702920,266.0
54,4702980,316.0
54,4703040,310.0
54,4703100,298.0
54,4703160,296.0
54,4703220,265.0
54,4703280,260.0
54,4703340,296.0
54,4703400,242.0
54,4703460,242.0
54,4703520,254.0
54,4703580,275.0
54,4703640,238.0
54,4703700,264.0
54,4703760,259.0
54,4703820,266.0
54,4703880,260.0
54,4703940,259.0
54,4704000,279.0
54,4704060,229.0
54,4704120,233.0
54,4704180,268.0
54,4704240,276.0
54,4704300,204.0
54,4704360,258.0
54,4704420,239.0
54,4704480,247.0
54,4704540,242.0
54,4704600,278.0
54,4704660,224.0
54,4704720,247.0
54,4704780,282.0
54,4704840,306.0
54,4704900,272.0
54,4704960,292.0
54,4705140,229.0
54,4705200,240.0
54,4705260,266.0
54,4705320,220.0
54,4705380,220.0
54,4705440,216.0
54,4705500,260.0
54,4705560,309.0
54,4705620,316.0
54,4705680,344.0
54,4705740,364.0
54,4705800,348.0
54,4705860,304.0
54,4705920,365.0
54,4705980,320.0
54,4706040,362.0
54,4706100,294.0
54,4706160,273.0
54,4706220,250.0
54,4706280,342.0
54,4706340,276.0
54,4706400,260.0
54,4706460,260.0
54,4706520,259.0
54,4706580,324.0
54,4706640,306.0
54,4706700,251.0
54,4706760,239.0
54,4706820,242.0
54,4706880,258.0
54,4706940,261.0
54,4707000,201.0
54,4707060,286.0
54,4707120,272.0
54,4707180,277.0
54,4707240,244.0
54,4707300,253.0
54,4707360,242.0
54,4707420,290.0
54,4707480,248.0
54,4707540,261.0
54,4707600,291.0
54,4707660,245.0
54,4707780,251.0
54,4707840,234.0
54,4707900,213.0
54,4707960,216.0
54,4708020,229.0
54,4708080,254.0
54,4708140,250.0
54,4708200,275.0
54,4708260,234.0
54,4708320,291.0
54,4708380,301.0
54,4708440,300.0
54,4708500,236.0
54,4708560,276.0
54,4708620,229.0
54,4708680,293.0
54,4708740,257.0
54,4708800,262.0
54,4708860,294.0
54,4708980,218.0
54,4709040,251.0
54,4709100,249.0
54,4709160,272.0
54,4709220,285.0
54,4709280,267.0
54,4709340,312.0
54,4709400,280.0
54,4709460,291.0
54,4709520,277.0
54,4709580,259.0
54,4709640,334.0
54,4709700,280.0
54,4709760,282.0
54,4709820,294.0
54,4709880,275.0
54,4709940,295.0
54,4710000,285.0
54,4710060,350.0
54,4710120,297.0
54,4710180,234.0
54,4710240,220.0
54,4710300,235.0
54,4710360,299.0
54,4710420,256.0
54,4710480,270.0
54,4710600,249.0
54,4710660,317.0
54,4710720,257.0
54,4710780,279.0
54,4710840,278.0
54,4710900,266.0
54,4710960,278.0
54,4711020,237.0
54,4711080,236.0
54,4711140,280.0
54,4711200,288.0
54,4711260,254.0
54,4711320,225.0
54,4711380,236.0
54,4711440,207.0
54,4711500,234.0
54,4711560,243.0
54,4711620,304.0
54,4711680,269.0
54,4711740,225.0
54,4711800,212.0
54,4711860,259.0
54,4711920,265.0
54,4711980,226.0
54,4712040,240.0
54,4712100,194.0
54,4712160,333.0
54,4712220,295.0
54,4712280,272.0
54,4712340,334.0
54,4712400,346.0
54,4712460,281.0
54,4712520,257.0
54,4712580,291.0
54,4712640,298.0
54,4712700,261.0
54,4712760,246.0
54,4712820,270.0
54,4712880,258.0
54,4712940,256.0
54,4713000,289.0
54,4713060,268.0
54,4713120,273.0
54,4713180,254.0
54,4713240,302.0
54,4713300,254.0
54,4713360,258.0
54,4713420,269.0
54,4713480,271.0
54,4713540,234.0
54,4713600,209.0
54,4713660,168.0
54,4713720,174.0
54,4713780,182.0
54,4713840,188.0
54,4713900,190.0
54,4713960,200.0
54,4714020,197.0
54,4714080,197.0
54,4714140,268.0
54,4714200,208.0
54,4714260,216.0
54,4714320,287.0
54,4714380,243.0
54,4714440,244.0
54,4714500,191.0
54,4714560,269.0
54,4714620,211.0
54,4714680,244.0
54,4714740,242.0
54,4714800,238.0
54,4714860,235.0
54,4714920,235.0
54,4714980,236.0
54,4715040,232.0
54,4715100,290.0
54,4715160,242.0
54,4715220,242.0
54,4715280,253.0
54,4715340,208.0
54,4715400,211.0
54,4715460,231.0
54,4715520,259.0
54,4715580,228.0
54,4715640,206.0
54,4715700,186.0
54,4715760,246.0
54,4715820,218.0
54,4715880,207.0
54,4715940,239.0
54,4716000,229.0
54,4716060,208.0
54,4716120,208.0
54,4716180,198.0
54,4716240,196.0
54,4716300,227.0
54,4716360,198.0
54,4716420,201.0
54,4716480,196.0
54,4716540,204.0
54,4716600,224.0
54,4716660,198.0
54,4716720,244.0
54,4716780,276.0
54,4716840,275.0
54,4716900,215.0
54,4716960,270.0
54,4717020,236.0
54,4717080,260.0
54,4717140,274.0
54,4717200,246.0
54,4717260,225.0
54,4717320,227.0
54,4717380,213.0
54,4717440,224.0
54,4717500,200.0
54,4717560,173.0
54,4717620,188.0
54,4717680,229.0
54,4717740,226.0
54,4717800,220.0
54,4717860,269.0
54,4717920,220.0
54,4717980,253.0
54,4718040,191.0
54,4718100,205.0
54,4718160,194.0
54,4718220,240.0
54,4718280,190.0
54,4718340,236.0
54,4718400,210.0
54,4718460,213.0
54,4718520,223.0
54,4718580,233.0
54,4718640,223.0
54,4718700,192.0
54,4718760,237.0
54,4718820,201.0
54,4718880,186.0
54,4718940,203.0
54,4719000,195.0
54,4719060,206.0
54,4719120,200.0
54,4719180,239.0
54,4719240,213.0
54,4719300,201.0
54,4719360,180.0
54,4719420,225.0
54,4719480,251.0
54,4719540,266.0
54,4719600,231.0
54,4719660,200.0
54,4719720,266.0
54,4719780,264.0
54,4719840,232.0
54,4719900,235.0
54,4719960,213.0
54,4720020,216.0
54,4720080,244.0
54,4720140,186.0
54,4720200,309.0
54,4720260,258.0
54,4720320,248.0
54,4720380,234.0
54,4720440,216.0
54,4720500,236.0
54,4720560,232.0
54,4720620,254.0
54,4720680,225.0
54,4720740,278.0
54,4720800,281.0
54,4720860,260.0
54,4720920,218.0
54,4720980,239.0
54,4721040,288.0
54,4721100,246.0
54,4721160,295.0
54,4721220,260.0
54,4721280,349.0
54,4721340,297.0
54,4721520,363.0
54,4721580,369.0
54,4721640,340.0
54,4721700,301.0
54,4721760,343.0
54,4721820,346.0
54,4721880,326.0
54,4721940,264.0
54,4722000,272.0
54,4722060,306.0
54,4722120,280.0
54,4722180,274.0
54,4722240,270.0
54,4722300,229.0
54,4722360,286.0
54,4722420,292.0
54,4722480,286.0
54,4722540,297.0
54,4722600,227.0
54,4722660,268.0
54,4722720,228.0
54,4722780,223.0
54,4722840,327.0
54,4722900,239.0
54,4722960,277.0
54,4723020,256.0
54,4723080,300.0
54,4723140,261.0
54,4723200,228.0
54,4723260,272.0
54,4723380,333.0
54,4723500,377.0
54,4723560,353.0
54,4723620,282.0
54,4723680,318.0
54,4723740,365.0
54,4723800,290.0
54,4723860,297.0
54,4723920,294.0
54,4723980,316.0
54,4724040,259.0
54,4724100,246.0
54,4724160,236.0
54,4724220,220.0
54,4724280,252.0
54,4724340,276.0
54,4724400,275.0
54,4724460,278.0
54,4724520,289.0
54,4724580,250.0
54,4724640,323.0
54,4724700,287.0
54,4724760,239.0
54,4724820,258.0
54,4724880,224.0
54,4724940,321.0
54,4725000,248.0
54,4725060,244.0
54,4725120,244.0
54,4725180,256.0
54,4725240,231.0
54,4725300,280.0
54,4725360,376.0
54,4725420,304.0
54,4725480,268.0
54,4725540,299.0
54,4725600,289.0
54,4725660,215.0
54,4725720,261.0
54,4725780,225.0
54,4725840,264.0
54,4725900,248.0
54,4725960,257.0
54,4726020,235.0
54,4726080,264.0
54,4726140,272.0
54,4726200,227.0
54,4726260,332.0
54,4726320,252.0
54,4726380,256.0
54,4726440,272.0
54,4726500,242.0
54,4726560,315.0
54,4726620,256.0
54,4726680,282.0
54,4726740,237.0
54,4726800,245.0
54,4726860,266.0
54,4726920,292.0
54,4726980,228.0
54,4727040,281.0
54,4727100,291.0
54,4727160,326.0
54,4727220,217.0
54,4727280,251.0
54,4727340,324.0
54,4727400,316.0
54,4727460,303.0
54,4727520,257.0
54,4727580,274.0
54,4727640,238.0
54,4727700,277.0
54,4727760,289.0
54,4727880,266.0
54,4727940,267.0
54,4728000,238.0
54,4728060,216.0
54,4728120,242.0
54,4728180,248.0
54,4728240,242.0
54,4728300,259.0
54,4728360,239.0
54,4728420,246.0
54,4728480,301.0
54,4728540,261.0
54,4728600,218.0
54,4728660,239.0
54,4728720,240.0
54,4728780,262.0
54,4728840,226.0
54,4728900,275.0
54,4728960,320.0
54,4729020,229.0
54,4729080,222.0
54,4729140,189.0
54,4729200,271.0
54,4729260,327.0
54,4729320,285.0
54,4729380,217.0
54,4729440,218.0
54,4729500,201.0
54,4729560,293.0
54,4729620,222.0
54,4729680,244.0
54,4729740,232.0
54,4729800,245.0
54,4729860,248.0
54,4729920,253.0
54,4729980,251.0
54,4730040,275.0
54,4730100,273.0
54,4730160,232.0
54,4730220,226.0
54,4730280,290.0
54,4730340,194.0
54,4730400,320.0
54,4730460,332.0
54,4730520,329.0
54,4730580,266.0
54,4730640,273.0
54,4730700,319.0
54,4730760,268.0
54,4730820,267.0
54,4730880,238.0
54,4730940,243.0
54,4731000,267.0
54,4731060,271.0
54,4731120,247.0
54,4731180,303.0
54,4731240,311.0
54,4731300,178.0
54,4731360,200.0
54,4731420,209.0
54,4731480,229.0
54,4731540,230.0
54,4731600,201.0
54,4731660,233.0
54,4731720,231.0
54,4731780,186.0
54,4731840,262.0
54,4731900,185.0
54,4731960,220.0
54,4732020,217.0
54,4732080,213.0
54,4732140,230.0
54,4732200,196.0
54,4732260,192.0
54,4732320,197.0
54,4732380,229.0
54,4732440,236.0
54,4732500,259.0
54,4732560,274.0
54,4732680,249.0
54,4732740,194.0
54,4732800,238.0
54,4732860,213.0
54,4732920,198.0
54,4732980,188.0
54,4733040,250.0
54,4733100,202.0
54,4733160,238.0
54,4733220,188.0
54,4733280,252.0
54,4733340,232.0
54,4733400,229.0
54,4733460,232.0
54,4733520,230.0
54,4733580,291.0
54,4733640,213.0
54,4733700,213.0
54,4733760,242.0
54,4733820,255.0
54,4733880,251.0
54,4733940,273.0
54,4734000,268.0
54,4734060,216.0
54,4734120,251.0
54,4734180,244.0
54,4734240,219.0
54,4734300,254.0
54,4734360,261.0
54,4734420,233.0
54,4734480,246.0
54,4734540,260.0
54,4734600,261.0
54,4734660,357.0
54,4734720,254.0
54,4734780,265.0
54,4734840,207.0
54,4734900,268.0
54,4734960,207.0
54,4735020,289.0
54,4735080,286.0
54,4735140,307.0
54,4735200,240.0
54,4735260,243.0
54,4735320,220.0
54,4735380,276.0
54,4735440,275.0
54,4735500,291.0
54,4735560,270.0
54,4735620,225.0
54,4735680,214.0
54,4735740,189.0
54,4735800,220.0
54,4735860,204.0
54,4735920,228.0
54,4735980,232.0
54,4736040,237.0
54,4736100,273.0
54,4736160,273.0
54,4736220,240.0
54,4736280,253.0
54,4736340,267.0
54,4736400,202.0
54,4736460,234.0
54,4736520,272.0
54,4736580,253.0
54,4736640,261.0
54,4736700,320.0
54,4736760,333.0
54,4736820,298.0
54,4736880,253.0
54,4736940,288.0
54,4737000,348.0
54,4737060,290.0
54,4737120,252.0
54,4737180,317.0
54,4737240,288.0
54,4737300,300.0
54,4737360,314.0
54,4737420,234.0
54,4737480,280.0
54,4737540,249.0
54,4737600,260.0
54,4737660,272.0
54,4737720,275.0
54,4737780,333.0
54,4737840,255.0
54,4737900,233.0
54,4737960,277.0
54,4738020,300.0
54,4738080,280.0
54,4738140,301.0
54,4738200,298.0
54,4738260,288.0
54,4738320,329.0
54,4738380,336.0
54,4738440,279.0
54,4738500,317.0
54,4738560,341.0
54,4738620,364.0
54,4738680,294.0
54,4738740,330.0
54,4738800,282.0
54,4738860,281.0
54,4738920,248.0
54,4738980,227.0
54,4739040,268.0
54,4739100,307.0
54,4739160,334.0
54,4739220,313.0
54,4739280,260.0
54,4739340,246.0
54,4739400,244.0
54,4739460,253.0
54,4739520,292.0
54,4739580,306.0
54,4739640,334.0
54,4739700,286.0
54,4739760,247.0
54,4739820,308.0
54,4739880,284.0
54,4739940,271.0
54,4740000,279.0
54,4740060,297.0
54,4740120,267.0
54,4740180,318.0
54,4740240,275.0
54,4740300,288.0
54,4740360,266.0
54,4740420,280.0
54,4740480,301.0
54,4740540,273.0
54,4740600,314.0
54,4740660,345.0
54,4740720,292.0
54,4740780,264.0
54,4740840,235.0
54,4740900,247.0
54,4740960,282.0
54,4741020,324.0
54,4741080,242.0
54,4741140,285.0
54,4741200,274.0
54,4741260,301.0
54,4741320,343.0
54,4741380,308.0
54,4741440,386.0
54,4741500,377.0
54,4741560,338.0
54,4741620,373.0
54,4741680,265.0
54,4741740,282.0
54,4741800,248.0
54,4741860,377.0
54,4741980,319.0
54,4742040,326.0
54,4742100,317.0
54,4742160,269.0
54,4742220,293.0
54,4742280,236.0
54,4742340,270.0
54,4742400,277.0
54,4742460,289.0
54,4742520,281.0
54,4742580,214.0
54,4742640,265.0
54,4742700,282.0
54,4742760,288.0
54,4742820,280.0
54,4742880,225.0
54,4742940,242.0
54,4743000,264.0
54,4743060,261.0
54,4743120,262.0
54,4743180,248.0
54,4743240,261.0
54,4743300,256.0
54,4743360,262.0
54,4743420,292.0
54,4743480,242.0
54,4743540,249.0
54,4743600,278.0
54,4743660,254.0
54,4743720,256.0
54,4743780,207.0
54,4743840,247.0
54,4743900,253.0
54,4743960,249.0
54,4744020,275.0
54,4744080,264.0
54,4744140,304.0
54,4744200,261.0
54,4744260,226.0
54,4744320,272.0
54,4744380,255.0
54,4744440,242.0
54,4744500,208.0
54,4744560,268.0
54,4744620,252.0
54,4744680,240.0
54,4744740,213.0
54,4744800,286.0
54,4744860,266.0
54,4744920,242.0
54,4744980,258.0
54,4745040,262.0
54,4745100,232.0
54,4745160,214.0
54,4745220,275.0
54,4745280,250.0
54,4745340,255.0
54,4745400,287.0
54,4745460,318.0
54,4745520,324.0
54,4745580,296.0
54,4745640,277.0
54,4745700,336.0
54,4745760,308.0
54,4745820,274.0
54,4745880,300.0
54,4745940,288.0
54,4746000,314.0
54,4746060,279.0
54,4746120,313.0
54,4746180,273.0
54,4746240,261.0
54,4746300,246.0
54,4746360,287.0
54,4746420,277.0
54,4746480,302.0
54,4746540,271.0
54,4746600,247.0
54,4746660,248.0
54,4746720,323.0
54,4746780,281.0
54,4746840,249.0
54,4746900,234.0
54,4746960,258.0
54,4747020,255.0
54,4747080,279.0
54,4747140,251.0
54,4747200,270.0
54,4747260,249.0
54,4747320,239.0
54,4747380,248.0
54,4747440,211.0
54,4747500,193.0
54,4747560,166.0
54,4747620,270.0
54,4747680,265.0
54,4747740,240.0
54,4747800,212.0
54,4747860,213.0
54,4747920,237.0
54,4747980,191.0
54,4748040,203.0
54,4748100,222.0
54,4748160,231.0
54,4748220,202.0
54,4748280,239.0
54,4748340,204.0
54,4748400,195.0
54,4748460,216.0
54,4748520,233.0
54,4748580,246.0
54,4748640,217.0
54,4748700,170.0
54,4748760,193.0
54,4748820,207.0
54,4748880,206.0
54,4748940,227.0
54,4749000,226.0
54,4749060,206.0
54,4749120,147.0
54,4749180,206.0
54,4749240,238.0
54,4749300,285.0
54,4749360,254.0
54,4749420,231.0
54,4749480,209.0
54,4749540,217.0
54,4749600,216.0
54,4749660,189.0
54,4749720,173.0
54,4749780,173.0
54,4749840,178.0
54,4749900,198.0
54,4749960,202.0
54,4750020,254.0
54,4750080,183.0
54,4750140,183.0
54,4750200,148.0
54,4750260,155.0
54,4750320,198.0
54,4750380,261.0
54,4750440,202.0
54,4750500,153.0
54,4750560,146.0
54,4750620,193.0
54,4750680,202.0
54,4750740,191.0
54,4750800,156.0
54,4750860,200.0
54,4750920,208.0
54,4750980,184.0
54,4751040,172.0
54,4751100,186.0
54,4751160,165.0
54,4751220,238.0
54,4751280,244.0
54,4751340,188.0
54,4751400,185.0
54,4751460,169.0
54,4751520,180.0
54,4751580,172.0
54,4751640,171.0
54,4751700,165.0
54,4751760,140.0
54,4751820,158.0
54,4751880,131.0
54,4751940,176.0
55,4752000,175.0
55,4752060,145.0
55,4752120,132.0
55,4752180,127.0
55,4752240,102.0
55,4752300,195.0
55,4752360,158.0
55,4752420,176.0
55,4752480,185.0
55,4752540,170.0
55,4752600,217.0
55,4752660,131.0
55,4752720,153.0
55,4752780,177.0
55,4752840,163.0
55,4752900,166.0
55,4752960,176.0
55,4753020,187.0
55,4753080,133.0
55,4753140,120.0
55,4753200,138.0
55,4753260,133.0
55,4753320,123.0
55,4753380,96.0
55,4753440,155.0
55,4753500,176.0
55,4753560,153.0
55,4753620,136.0
55,4753680,114.0
55,4753740,125.0
55,4753800,113.0
55,4753860,106.0
55,4753920,85.0
55,4753980,134.0
55,4754040,129.0
55,4754100,119.0
55,4754160,124.0
55,4754220,112.0
55,4754280,111.0
55,4754340,96.0
55,4754400,80.0
55,4754460,88.0
55,4754520,89.0
55,4754580,91.0
55,4754640,92.0
55,4754700,94.0
55,4754760,93.0
55,4754820,102.0
55,4754880,121.0
55,4754940,99.0
55,4755000,91.0
55,4755060,103.0
55,4755120,76.0
55,4755180,74.0
55,4755240,112.0
55,4755300,98.0
55,4755360,117.0
55,4755420,105.0
55,4755480,112.0
55,4755540,106.0
55,4755600,13.0
55,4755660,18.0
55,4755720,36.0
55,4755780,28.0
55,4755840,20.0
55,4755900,16.0
55,4755960,32.0
55,4756020,21.0
55,4756080,22.0
55,4756140,22.0
55,4756200,34.0
55,4756260,27.0
55,4756320,35.0
55,4756380,28.0
55,4756440,35.0
55,4756500,38.0
55,4756560,32.0
55,4756620,20.0
55,4756680,30.0
55,4756740,39.0
55,4756800,29.0
55,4756860,35.0
55,4756920,36.0
55,4756980,37.0
55,4757040,35.0
55,4757100,36.0
55,4757160,20.0
55,4757220,22.0
55,4757280,32.0
55,4757340,13.0
55,4757400,24.0
55,4757460,29.0
55,4757520,23.0
55,4757580,35.0
55,4757640,23.0
55,4757700,9.0
55,4757760,19.0
55,4757820,24.0
55,4757880,10.0
55,4757940,18.0
55,4758000,26.0
55,4758060,20.0
55,4758120,17.0
55,4758180,12.0
55,4758240,10.0
55,4758300,20.0
55,4758360,14.0
55,4758420,13.0
55,4758480,19.0
55,4758540,15.0
55,4758600,15.0
55,4758660,15.0
55,4758720,22.0
55,4758780,15.0
55,4758840,13.0
55,4758900,19.0
55,4758960,20.0
55,4759020,18.0
55,4759080,12.0
55,4759140,18.0
55,4759200,17.0
55,4759260,7.0
55,4759320,16.0
55,4759380,15.0
55,4759440,24.0
55,4759500,17.0
55,4759560,18.0
55,4759620,17.0
55,4759680,18.0
55,4759740,9.0
55,4759800,8.0
55,4759860,15.0
55,4759920,8.0
55,4759980,14.0
55,4760040,14.0
55,4760100,28.0
55,4760160,19.0
55,4760220,25.0
55,4760280,24.0
55,4760340,27.0
55,4760400,17.0
55,4760460,22.0
55,4760520,18.0
55,4760580,24.0
55,4760640,19.0
55,4760700,22.0
55,4760760,15.0
55,4760820,13.0
55,4760880,22.0
55,4760940,16.0
55,4761000,14.0
55,4761060,17.0
55,4761120,13.0
55,4761180,15.0
55,4761240,12.0
55,4761300,13.0
55,4761360,16.0
55,4761420,16.0
55,4761480,24.0
55,4761540,13.0
55,4761600,26.0
55,4761660,26.0
55,4761720,28.0
55,4761780,9.0
55,4761840,7.0
55,4761900,10.0
55,4761960,10.0
55,4762020,24.0
55,4762080,17.0
55,4762140,14.0
55,4762200,6.0
55,4762260,20.0
55,4762320,23.0
55,4762380,5.0
55,4762440,7.0
55,4762500,7.0
55,4762560,12.0
55,4762620,13.0
55,4762680,15.0
55,4762740,6.0
55,4762800,32.0
55,4762860,26.0
55,4762920,19.0
55,4762980,13.0
55,4763040,33.0
55,4763100,26.0
55,4763160,24.0
55,4763220,29.0
55,4763280,32.0
55,4763340,27.0
55,4763400,45.0
55,4763460,21.0
55,4763520,22.0
55,4763580,22.0
55,4763640,28.0
55,4763700,30.0
55,4763760,20.0
55,4763820,14.0
55,4763880,20.0
55,4763940,21.0
55,4764000,19.0
55,4764060,18.0
55,4764120,14.0
55,4764180,8.0
55,4764240,4.0
55,4764300,8.0
55,4764360,13.0
55,4764420,12.0
55,4764480,8.0
55,4764540,6.0
55,4764600,12.0
55,4764660,7.0
55,4764720,12.0
55,4764780,7.0
55,4764840,9.0
55,4764900,20.0
55,4764960,8.0
55,4765020,16.0
55,4765080,17.0
55,4765140,12.0
55,4765200,7.0
55,4765260,15.0
55,4765320,14.0
55,4765380,12.0
55,4765440,18.0
55,4765500,8.0
55,4765560,8.0
55,4765620,19.0
55,4765680,7.0
55,4765740,16.0
55,4765800,8.0
55,4765860,14.0
55,4765920,19.0
55,4765980,18.0
55,4766040,14.0
55,4766100,18.0
55,4766160,9.0
55,4766220,6.0
55,4766280,15.0
55,4766340,9.0
55,4766400,7.0
55,4766460,15.0
55,4766520,9.0
55,4766580,17.0
55,4766640,24.0
55,4766700,20.0
55,4766760,19.0
55,4766820,4.0
55,4766880,10.0
55,4766940,14.0
55,4767000,15.0
55,4767060,23.0
55,4767120,12.0
55,4767180,15.0
55,4767240,18.0
55,4767300,6.0
55,4767360,13.0
55,4767420,7.0
55,4767480,16.0
55,4767540,17.0
55,4767600,9.0
55,4767660,8.0
55,4767720,10.0
55,4767780,6.0
55,4767840,9.0
55,4767900,4.0
55,4767960,5.0
55,4768020,2.0
55,4768080,6.0
55,4768140,2.0
55,4768200,6.0
55,4768260,10.0
55,4768320,6.0
55,4768380,10.0
55,4768440,14.0
55,4768500,7.0
55,4768560,12.0
55,4768620,3.0
55,4768680,8.0
55,4768740,13.0
55,4768800,12.0
55,4768860,16.0
55,4768920,9.0
55,4768980,6.0
55,4769040,24.0
55,4769100,12.0
55,4769160,15.0
55,4769220,6.0
55,4769280,6.0
55,4769340,8.0
55,4769400,9.0
55,4769460,12.0
55,4769520,10.0
55,4769580,7.0
55,4769640,7.0
55,4769700,5.0
55,4769760,12.0
55,4769820,19.0
55,4769880,10.0
55,4769940,14.0
55,4770000,8.0
55,4770060,22.0
55,4770120,13.0
55,4770180,9.0
55,4770240,12.0
55,4770300,4.0
55,4770360,8.0
55,4770420,7.0
55,4770480,7.0
55,4770540,6.0
55,4770600,7.0
55,4770660,9.0
55,4770720,10.0
55,4770780,1.0
55,4770840,13.0
55,4770900,33.0
55,4770960,23.0
55,4771020,2.0
55,4771080,7.0
55,4771140,8.0
55,4771200,12.0
55,4771260,3.0
55,4771320,4.0
55,4771380,7.0
55,4771440,6.0
55,4771500,0.0
55,4771560,5.0
55,4771620,5.0
55,4771680,1.0
55,4771740,4.0
55,4771800,8.0
55,4771860,8.0
55,4771920,12.0
55,4771980,6.0
55,4772040,7.0
55,4772100,5.0
55,4772160,8.0
55,4772220,6.0
55,4772280,13.0
55,4772340,9.0
55,4772400,9.0
55,4772460,15.0
55,4772520,9.0
55,4772580,9.0
55,4772640,21.0
55,4772700,9.0
55,4772760,9.0
55,4772820,4.0
55,4772880,4.0
55,4772940,9.0
55,4773000,21.0
55,4773060,21.0
55,4773120,17.0
55,4773180,9.0
55,4773240,9.0
55,4773300,41.0
55,4773360,10.0
55,4773420,13.0
55,4773480,7.0
55,4773540,21.0
55,4773600,7.0
55,4773660,16.0
55,4773720,10.0
55,4773780,5.0
55,4773840,12.0
55,4773900,13.0
55,4773960,16.0
55,4774020,22.0
55,4774080,12.0
55,4774140,9.0
55,4774200,6.0
55,4774260,10.0
55,4774320,10.0
55,4774380,9.0
55,4774440,17.0
55,4774500,2.0
55,4774560,4.0
55,4774620,4.0
55,4774680,3.0
55,4774740,12.0
55,4774800,7.0
55,4774860,15.0
55,4774920,7.0
55,4774980,9.0
55,4775040,5.0
55,4775100,3.0
55,4775160,5.0
55,4775220,6.0
55,4775280,14.0
55,4775340,2.0
55,4775400,7.0
55,4775460,13.0
55,4775520,4.0
55,4775580,3.0
55,4775640,19.0
55,4775700,13.0
55,4775760,7.0
55,4775820,16.0
55,4775880,14.0
55,4775940,15.0
55,4776000,14.0
55,4776060,13.0
55,4776120,13.0
55,4776180,10.0
55,4776240,8.0
55,4776300,9.0
55,4776360,7.0
55,4776420,7.0
55,4776480,8.0
55,4776540,19.0
55,4776600,23.0
55,4776660,10.0
55,4776720,8.0
55,4776780,9.0
55,4776840,21.0
55,4776900,14.0
55,4776960,9.0
55,4777020,17.0
55,4777080,29.0
55,4777140,8.0
55,4777200,7.0
55,4777260,14.0
55,4777320,8.0
55,4777380,12.0
55,4777440,14.0
55,4777500,16.0
55,4777560,14.0
55,4777620,18.0
55,4777680,13.0
55,4777740,13.0
55,4777800,12.0
55,4777860,23.0
55,4777920,26.0
55,4777980,15.0
55,4778040,24.0
55,4778100,21.0
55,4778160,24.0
55,4778220,18.0
55,4778280,22.0
55,4778340,25.0
55,4778400,18.0
55,4778460,7.0
55,4778520,24.0
55,4778580,23.0
55,4778640,23.0
55,4778700,23.0
55,4778760,18.0
55,4778820,24.0
55,4778880,24.0
55,4778940,37.0
55,4779000,24.0
55,4779060,39.0
55,4779120,45.0
55,4779180,67.0
55,4779240,47.0
55,4779300,24.0
55,4779360,23.0
55,4779420,37.0
55,4779480,50.0
55,4779540,41.0
55,4779600,36.0
55,4779660,27.0
55,4779720,32.0
55,4779780,50.0
55,4779840,58.0
55,4779900,22.0
55,4779960,32.0
55,4780020,32.0
55,4780080,23.0
55,4780140,36.0
55,4780200,45.0
55,4780260,47.0
55,4780320,40.0
55,4780380,56.0
55,4780440,44.0
55,4780500,33.0
55,4780560,38.0
55,4780620,50.0
55,4780680,42.0
55,4780740,41.0
55,4780800,39.0
55,4780860,58.0
55,4780920,58.0
55,4780980,58.0
55,4781040,67.0
55,4781100,62.0
55,4781160,79.0
55,4781220,70.0
55,4781280,78.0
55,4781340,85.0
55,4781400,105.0
55,4781460,117.0
55,4781520,135.0
55,4781580,130.0
55,4781640,127.0
55,4781700,161.0
55,4781760,127.0
55,4781820,112.0
55,4781880,116.0
55,4781940,81.0
55,4782000,56.0
55,4782060,72.0
55,4782120,112.0
55,4782180,159.0
55,4782240,96.0
55,4782300,109.0
55,4782360,101.0
55,4782420,100.0
55,4782480,123.0
55,4782540,114.0
55,4782600,90.0
55,4782660,108.0
55,4782720,98.0
55,4782780,97.0
55,4782840,122.0
55,4782900,86.0
55,4782960,98.0
55,4783020,91.0
55,4783080,109.0
55,4783140,121.0
55,4783200,103.0
55,4783260,107.0
55,4783320,114.0
55,4783380,140.0
55,4783440,118.0
55,4783500,114.0
55,4783560,101.0
55,4783620,112.0
55,4783680,98.0
55,4783740,99.0
55,4783800,127.0
55,4783860,116.0
55,4783920,139.0
55,4783980,165.0
55,4784040,110.0
55,4784100,159.0
55,4784160,142.0
55,4784220,122.0
55,4784280,128.0
55,4784340,160.0
55,4784400,155.0
55,4784460,223.0
55,4784520,160.0
55,4784580,206.0
55,4784640,190.0
55,4784700,211.0
55,4784760,203.0
55,4784820,236.0
55,4784880,222.0
55,4784940,215.0
55,4785000,197.0
55,4785060,217.0
55,4785120,232.0
55,4785180,198.0
55,4785240,233.0
55,4785300,242.0
55,4785360,285.0
55,4785420,236.0
55,4785480,194.0
55,4785540,200.0
55,4785600,212.0
55,4785660,192.0
55,4785720,155.0
55,4785780,233.0
55,4785840,203.0
55,4785900,205.0
55,4785960,205.0
55,4786020,158.0
55,4786080,152.0
55,4786140,145.0
55,4786200,167.0
55,4786260,248.0
55,4786320,240.0
55,4786380,271.0
55,4786440,235.0
55,4786500,214.0
55,4786560,215.0
55,4786620,211.0
55,4786680,220.0
55,4786740,242.0
55,4786800,192.0
55,4786860,203.0
55,4786920,246.0
55,4786980,251.0
55,4787040,272.0
55,4787100,250.0
55,4787160,257.0
55,4787220,251.0
55,4787280,236.0
55,4787340,215.0
55,4787400,274.0
55,4787460,277.0
55,4787520,260.0
55,4787580,209.0
55,4787640,245.0
55,4787700,217.0
55,4787760,269.0
55,4787820,274.0
55,4787880,258.0
55,4787940,270.0
55,4788000,256.0
55,4788060,208.0
55,4788120,356.0
55,4788180,343.0
55,4788240,294.0
55,4788300,355.0
55,4788360,252.0
55,4788420,256.0
55,4788480,291.0
55,4788540,258.0
55,4788600,262.0
55,4788660,287.0
55,4788720,231.0
55,4788780,319.0
55,4788840,295.0
55,4788900,345.0
55,4788960,284.0
55,4789020,318.0
55,4789080,287.0
55,4789140,295.0
55,4789200,253.0
55,4789260,295.0
55,4789320,294.0
55,4789380,298.0
55,4789440,297.0
55,4789500,322.0
55,4789560,293.0
55,4789620,343.0
55,4789680,268.0
55,4789740,285.0
55,4789800,279.0
55,4789860,246.0
55,4789920,216.0
55,4789980,234.0
55,4790040,271.0
55,4790100,307.0
55,4790160,264.0
55,4790220,312.0
55,4790280,324.0
55,4790340,307.0
55,4790400,253.0
55,4790460,266.0
55,4790520,258.0
55,4790580,238.0
55,4790640,303.0
55,4790700,284.0
55,4790760,251.0
55,4790820,299.0
55,4790880,256.0
55,4790940,240.0
55,4791000,242.0
55,4791060,242.0
55,4791120,244.0
55,4791180,261.0
55,4791240,272.0
55,4791300,300.0
55,4791360,295.0
55,4791420,251.0
55,4791480,254.0
55,4791540,237.0
55,4791600,218.0
55,4791660,276.0
55,4791720,274.0
55,4791780,265.0
55,4791840,272.0
55,4791900,260.0
55,4791960,259.0
55,4792020,237.0
55,4792080,253.0
55,4792140,247.0
55,4792200,294.0
55,4792260,308.0
55,4792320,255.0
55,4792380,218.0
55,4792440,315.0
55,4792500,292.0
55,4792560,290.0
55,4792620,294.0
55,4792680,291.0
55,4792740,300.0
55,4792800,323.0
55,4792860,329.0
55,4792920,335.0
55,4792980,316.0
55,4793040,316.0
55,4793100,301.0
55,4793160,309.0
55,4793220,311.0
55,4793280,323.0
55,4793340,317.0
55,4793400,291.0
55,4793460,246.0
55,4793520,307.0
55,4793580,287.0
55,4793640,285.0
55,4793700,264.0
55,4793760,280.0
55,4793820,289.0
55,4793880,267.0
55,4794000,278.0
55,4794060,244.0
55,4794120,227.0
55,4794180,297.0
55,4794240,319.0
55,4794300,272.0
55,4794360,287.0
55,4794420,286.0
55,4794480,342.0
55,4794540,300.0
55,4794600,326.0
55,4794660,274.0
55,4794720,248.0
55,4794780,285.0
55,4794840,327.0
55,4794900,262.0
55,4794960,247.0
55,4795020,224.0
55,4795080,255.0
55,4795140,279.0
55,4795200,335.0
55,4795260,279.0
55,4795320,297.0
55,4795380,319.0
55,4795440,322.0
55,4795500,317.0
55,4795560,279.0
55,4795620,342.0
55,4795680,300.0
55,4795740,313.0
55,4795800,284.0
55,4795860,262.0
55,4795920,271.0
55,4795980,299.0
55,4796040,250.0
55,4796100,297.0
55,4796160,294.0
55,4796220,294.0
55,4796280,227.0
55,4796340,318.0
55,4796400,315.0
55,4796460,322.0
55,4796520,290.0
55,4796580,338.0
55,4796640,355.0
55,4796700,271.0
55,4796760,258.0
55,4796820,314.0
55,4796880,290.0
55,4796940,264.0
55,4797000,270.0
55,4797060,297.0
55,4797120,254.0
55,4797180,252.0
55,4797240,387.0
55,4797300,266.0
55,4797360,246.0
55,4797420,205.0
55,4797480,212.0
55,4797540,222.0
55,4797600,188.0
55,4797660,240.0
55,4797720,198.0
55,4797780,200.0
55,4797840,268.0
55,4797900,245.0
55,4797960,231.0
55,4798020,278.0
55,4798080,252.0
55,4798140,239.0
55,4798200,279.0
55,4798260,298.0
55,4798320,303.0
55,4798380,286.0
55,4798440,235.0
55,4798500,276.0
55,4798560,301.0
55,4798620,260.0
55,4798680,314.0
55,4798740,282.0
55,4798800,255.0
55,4798860,288.0
55,4798920,294.0
55,4798980,262.0
55,4799040,300.0
55,4799100,284.0
55,4799160,276.0
55,4799220,265.0
55,4799280,245.0
55,4799340,232.0
55,4799400,272.0
55,4799460,300.0
55,4799520,285.0
55,4799580,288.0
55,4799640,218.0
55,4799700,244.0
55,4799760,255.0
55,4799820,274.0
55,4799880,266.0
55,4799940,267.0
55,4800000,288.0
55,4800060,306.0
55,4800120,276.0
55,4800180,335.0
55,4800240,269.0
55,4800300,287.0
55,4800360,301.0
55,4800420,282.0
55,4800480,312.0
55,4800540,290.0
55,4800600,215.0
55,4800660,270.0
55,4800720,214.0
55,4800780,235.0
55,4800840,251.0
55,4800900,219.0
55,4800960,227.0
55,4801020,187.0
55,4801080,277.0
55,4801140,261.0
55,4801200,253.0
55,4801260,252.0
55,4801320,235.0
55,4801380,295.0
55,4801440,222.0
55,4801500,225.0
55,4801560,233.0
55,4801620,280.0
55,4801680,223.0
55,4801740,236.0
55,4801800,226.0
55,4801860,286.0
55,4801920,279.0
55,4801980,293.0
55,4802040,275.0
55,4802100,259.0
55,4802160,245.0
55,4802220,267.0
55,4802280,210.0
55,4802340,297.0
55,4802400,312.0
55,4802460,211.0
55,4802520,238.0
55,4802580,252.0
55,4802640,275.0
55,4802700,291.0
55,4802760,270.0
55,4802820,240.0
55,4802880,215.0
55,4802940,250.0
55,4803000,271.0
55,4803060,307.0
55,4803120,307.0
55,4803180,236.0
55,4803240,234.0
55,4803300,270.0
55,4803360,291.0
55,4803420,324.0
55,4803480,320.0
55,4803540,277.0
55,4803600,255.0
55,4803660,273.0
55,4803720,271.0
55,4803780,295.0
55,4803840,324.0
55,4803900,357.0
55,4803960,300.0
55,4804020,359.0
55,4804080,298.0
55,4804140,302.0
55,4804200,215.0
55,4804260,252.0
55,4804320,233.0
55,4804380,264.0
55,4804440,256.0
55,4804500,229.0
55,4804560,271.0
55,4804620,265.0
55,4804680,238.0
55,4804740,237.0
55,4804800,270.0
55,4804860,193.0
55,4804920,242.0
55,4804980,254.0
55,4805040,251.0
55,4805100,244.0
55,4805160,230.0
55,4805220,224.0
55,4805280,257.0
55,4805340,238.0
55,4805400,224.0
55,4805460,206.0
55,4805520,246.0
55,4805580,231.0
55,4805640,191.0
55,4805700,247.0
55,4805880,258.0
55,4805940,212.0
55,4806000,318.0
55,4806060,371.0
55,4806120,277.0
55,4806180,288.0
55,4806240,344.0
55,4806300,330.0
55,4806360,308.0
55,4806420,313.0
55,4806480,350.0
55,4806540,309.0
55,4806600,361.0
55,4806660,296.0
55,4806720,333.0
55,4806780,353.0
55,4806840,313.0
55,4806900,285.0
55,4806960,276.0
55,4807020,282.0
55,4807080,370.0
55,4807140,295.0
55,4807200,260.0
55,4807260,277.0
55,4807320,292.0
55,4807380,311.0
55,4807440,308.0
55,4807500,264.0
55,4807560,285.0
55,4807620,226.0
55,4807680,330.0
55,4807740,343.0
55,4807800,264.0
55,4807860,301.0
55,4807920,251.0
55,4807980,337.0
55,4808040,360.0
55,4808100,277.0
55,4808160,243.0
55,4808220,302.0
55,4808280,279.0
55,4808340,345.0
55,4808400,317.0
55,4808460,279.0
55,4808520,298.0
55,4808580,293.0
55,4808640,259.0
55,4808700,281.0
55,4808760,250.0
55,4808820,292.0
55,4808880,286.0
55,4808940,301.0
55,4809000,358.0
55,4809060,331.0
55,4809120,348.0
55,4809180,262.0
55,4809240,257.0
55,4809300,246.0
55,4809360,270.0
55,4809420,256.0
55,4809480,296.0
55,4809540,301.0
55,4809600,315.0
55,4809660,360.0
55,4809720,317.0
55,4809780,352.0
55,4809840,337.0
55,4809900,334.0
55,4809960,273.0
55,4810080,306.0
55,4810140,331.0
55,4810200,319.0
55,4810260,349.0
55,4810320,368.0
55,4810500,349.0
55,4810560,352.0
55,4810620,363.0
55,4810680,377.0
55,4810740,340.0
55,4810800,299.0
55,4810860,281.0
55,4810920,240.0
55,4810980,275.0
55,4811040,284.0
55,4811100,299.0
55,4811160,328.0
55,4811220,350.0
55,4811280,351.0
55,4811340,356.0
55,4811400,327.0
55,4811460,361.0
55,4811520,333.0
55,4811580,302.0
55,4811640,261.0
55,4811700,349.0
55,4811760,322.0
55,4811820,322.0
55,4811880,298.0
55,4811940,293.0
55,4812000,270.0
55,4812060,246.0
55,4812120,260.0
55,4812180,239.0
55,4812240,287.0
55,4812300,267.0
55,4812360,337.0
55,4812420,323.0
55,4812480,382.0
55,4812540,363.0
55,4812600,291.0
55,4812660,337.0
55,4812720,308.0
55,4812780,310.0
55,4812840,328.0
55,4812960,285.0
55,4813020,332.0
55,4813080,286.0
55,4813140,343.0
55,4813200,363.0
55,4813260,244.0
55,4813320,239.0
55,4813380,281.0
55,4813440,304.0
55,4813500,219.0
55,4813560,252.0
55,4813620,279.0
55,4813680,238.0
55,4813740,316.0
55,4813800,308.0
55,4813860,327.0
55,4813920,387.0
55,4813980,264.0
55,4814040,295.0
55,4814100,295.0
55,4814160,293.0
55,4814220,318.0
55,4814280,297.0
55,4814340,353.0
55,4814400,260.0
55,4814460,297.0
55,4814520,328.0
55,4814580,297.0
55,4814640,340.0
55,4814700,361.0
55,4814760,333.0
55,4814820,308.0
55,4814880,334.0
55,4814940,295.0
55,4815000,279.0
55,4815060,292.0
55,4815120,357.0
55,4815180,292.0
55,4815240,288.0
55,4815300,215.0
55,4815360,303.0
55,4815420,308.0
55,4815480,269.0
55,4815540,279.0
55,4815600,298.0
55,4815660,280.0
55,4815720,316.0
55,4815780,292.0
55,4815840,255.0
55,4815900,300.0
55,4815960,287.0
55,4816020,301.0
55,4816080,302.0
55,4816140,248.0
55,4816200,231.0
55,4816260,275.0
55,4816320,301.0
55,4816380,313.0
55,4816440,253.0
55,4816500,224.0
55,4816560,242.0
55,4816620,286.0
55,4816680,250.0
55,4816740,266.0
55,4816800,267.0
55,4816860,303.0
55,4816920,312.0
55,4816980,296.0
55,4817040,313.0
55,4817100,267.0
55,4817160,285.0
55,4817220,198.0
55,4817280,287.0
55,4817340,289.0
55,4817400,272.0
55,4817460,289.0
55,4817520,327.0
55,4817580,252.0
55,4817640,304.0
55,4817700,277.0
55,4817760,304.0
55,4817820,246.0
55,4817880,246.0
55,4817940,279.0
55,4818000,255.0
55,4818060,245.0
55,4818120,262.0
55,4818180,295.0
55,4818240,231.0
55,4818300,235.0
55,4818360,329.0
55,4818420,316.0
55,4818600,227.0
55,4818660,282.0
55,4818720,227.0
55,4818780,245.0
55,4818840,235.0
55,4818900,327.0
55,4818960,204.0
55,4819020,232.0
55,4819080,270.0
55,4819140,288.0
55,4819200,258.0
55,4819260,258.0
55,4819320,252.0
55,4819380,216.0
55,4819440,242.0
55,4819500,224.0
55,4819560,243.0
55,4819620,194.0
55,4819680,202.0
55,4819740,232.0
55,4819800,266.0
55,4819860,200.0
55,4819920,200.0
55,4819980,193.0
55,4820040,212.0
55,4820100,248.0
55,4820160,227.0
55,4820220,223.0
55,4820280,223.0
55,4820340,247.0
55,4820400,216.0
55,4820520,176.0
55,4820580,239.0
55,4820640,200.0
55,4820700,166.0
55,4820760,227.0
55,4820820,232.0
55,4820880,198.0
55,4820940,248.0
55,4821000,214.0
55,4821060,279.0
55,4821120,236.0
55,4821180,212.0
55,4821240,184.0
55,4821300,235.0
55,4821360,249.0
55,4821420,243.0
55,4821480,248.0
55,4821540,254.0
55,4821600,208.0
55,4821660,258.0
55,4821720,187.0
55,4821780,189.0
55,4821840,212.0
55,4821900,166.0
55,4821960,202.0
55,4822020,187.0
55,4822080,213.0
55,4822140,252.0
55,4822200,232.0
55,4822260,212.0
55,4822320,188.0
55,4822380,226.0
55,4822440,217.0
55,4822500,207.0
55,4822560,190.0
55,4822620,243.0
55,4822680,197.0
55,4822740,223.0
55,4822800,230.0
55,4822860,260.0
55,4822920,237.0
55,4822980,264.0
55,4823040,254.0
55,4823100,244.0
55,4823160,240.0
55,4823220,217.0
55,4823280,269.0
55,4823340,236.0
55,4823400,207.0
55,4823460,254.0
55,4823520,302.0
55,4823580,264.0
55,4823640,189.0
55,4823700,264.0
55,4823760,280.0
55,4823820,272.0
55,4823880,271.0
55,4823940,250.0
55,4824000,229.0
55,4824060,239.0
55,4824120,229.0
55,4824180,232.0
55,4824240,202.0
55,4824300,238.0
55,4824360,227.0
55,4824420,289.0
55,4824480,218.0
55,4824540,262.0
55,4824600,232.0
55,4824660,238.0
55,4824720,222.0
55,4824780,256.0
55,4824840,290.0
55,4824900,378.0
55,4824960,330.0
55,4825020,299.0
55,4825080,292.0
55,4825140,243.0
55,4825200,238.0
55,4825260,267.0
55,4825320,265.0
55,4825380,285.0
55,4825440,300.0
55,4825500,258.0
55,4825560,298.0
55,4825620,318.0
55,4825680,258.0
55,4825740,238.0
55,4825800,282.0
55,4825860,262.0
55,4825920,216.0
55,4825980,290.0
55,4826040,285.0
55,4826100,235.0
55,4826160,248.0
55,4826220,273.0
55,4826280,268.0
55,4826340,215.0
55,4826400,219.0
55,4826460,205.0
55,4826520,262.0
55,4826580,246.0
55,4826640,269.0
55,4826700,233.0
55,4826760,252.0
55,4826820,307.0
55,4826880,274.0
55,4826940,276.0
55,4827000,290.0
55,4827060,286.0
55,4827120,267.0
55,4827180,227.0
55,4827240,237.0
55,4827300,277.0
55,4827360,302.0
55,4827420,279.0
55,4827480,265.0
55,4827540,255.0
55,4827600,300.0
55,4827660,318.0
55,4827720,388.0
55,4827780,313.0
55,4827840,264.0
55,4827900,282.0
55,4827960,333.0
55,4828020,285.0
55,4828080,291.0
55,4828140,338.0
55,4828200,350.0
55,4828260,311.0
55,4828320,374.0
55,4828380,364.0
55,4828440,383.0
55,4828500,397.0
55,4828560,329.0
55,4828620,329.0
55,4828680,355.0
55,4828740,358.0
55,4828800,385.0
55,4828860,329.0
55,4828920,329.0
55,4828980,309.0
55,4829040,318.0
55,4829100,326.0
55,4829160,267.0
55,4829220,274.0
55,4829280,265.0
55,4829340,249.0
55,4829400,238.0
55,4829460,282.0
55,4829520,229.0
55,4829580,228.0
55,4829640,254.0
55,4829700,296.0
55,4829760,335.0
55,4829820,345.0
55,4829880,266.0
55,4829940,299.0
55,4830000,359.0
55,4830060,316.0
55,4830120,368.0
55,4830180,336.0
55,4830240,304.0
55,4830300,337.0
55,4830360,259.0
55,4830420,351.0
55,4830480,365.0
55,4830540,318.0
55,4830600,290.0
55,4830660,294.0
55,4830720,312.0
55,4830780,252.0
55,4830840,292.0
55,4830900,380.0
55,4830960,247.0
55,4831020,250.0
55,4831080,270.0
55,4831140,327.0
55,4831200,235.0
55,4831260,243.0
55,4831320,243.0
55,4831380,198.0
55,4831440,297.0
55,4831500,276.0
55,4831560,262.0
55,4831620,243.0
55,4831680,288.0
55,4831740,212.0
55,4831800,271.0
55,4831860,234.0
55,4831920,262.0
55,4831980,273.0
55,4832040,289.0
55,4832100,280.0
55,4832160,270.0
55,4832220,273.0
55,4832280,300.0
55,4832340,215.0
55,4832400,235.0
55,4832460,205.0
55,4832520,193.0
55,4832580,224.0
55,4832640,257.0
55,4832700,266.0
55,4832760,202.0
55,4832820,251.0
55,4832880,265.0
55,4832940,220.0
55,4833000,208.0
55,4833060,213.0
55,4833120,235.0
55,4833180,265.0
55,4833240,250.0
55,4833300,252.0
55,4833360,201.0
55,4833420,302.0
55,4833480,287.0
55,4833540,270.0
55,4833600,198.0
55,4833660,255.0
55,4833720,223.0
55,4833780,207.0
55,4833840,217.0
55,4833900,180.0
55,4833960,174.0
55,4834020,232.0
55,4834080,172.0
55,4834140,222.0
55,4834200,177.0
55,4834260,196.0
55,4834320,284.0
55,4834380,205.0
55,4834440,224.0
55,4834500,230.0
55,4834560,215.0
55,4834620,206.0
55,4834680,217.0
55,4834740,220.0
55,4834800,174.0
55,4834860,178.0
55,4834920,196.0
55,4834980,256.0
55,4835040,247.0
55,4835100,274.0
55,4835160,293.0
55,4835220,191.0
55,4835280,240.0
55,4835340,206.0
55,4835400,213.0
55,4835460,231.0
55,4835520,174.0
55,4835580,230.0
55,4835640,249.0
55,4835700,202.0
55,4835760,190.0
55,4835820,230.0
55,4835880,224.0
55,4835940,281.0
55,4836000,244.0
55,4836060,192.0
55,4836120,185.0
55,4836180,185.0
55,4836240,192.0
55,4836300,148.0
55,4836360,133.0
55,4836420,160.0
55,4836480,186.0
55,4836540,180.0
55,4836600,175.0
55,4836660,193.0
55,4836720,145.0
55,4836780,155.0
55,4836840,167.0
55,4836900,181.0
55,4836960,166.0
55,4837020,162.0
55,4837080,151.0
55,4837140,184.0
55,4837200,158.0
55,4837260,166.0
55,4837320,202.0
55,4837380,204.0
55,4837440,187.0
55,4837500,192.0
55,4837560,184.0
55,4837620,204.0
55,4837680,184.0
55,4837740,124.0
55,4837800,160.0
55,4837860,107.0
55,4837920,140.0
55,4837980,151.0
55,4838040,149.0
55,4838100,132.0
55,4838160,116.0
55,4838220,120.0
55,4838280,147.0
55,4838340,128.0
56,4838400,112.0
56,4838460,223.0
56,4838520,169.0
56,4838580,163.0
56,4838640,178.0
56,4838700,161.0
56,4838760,170.0
56,4838820,180.0
56,4838880,147.0
56,4838940,181.0
56,4839000,209.0
56,4839060,177.0
56,4839120,163.0
56,4839180,169.0
56,4839240,165.0
56,4839300,145.0
56,4839360,128.0
56,4839420,127.0
56,4839480,112.0
56,4839540,135.0
56,4839600,124.0
56,4839660,152.0
56,4839720,142.0
56,4839780,141.0
56,4839840,118.0
56,4839900,126.0
56,4839960,105.0
56,4840020,116.0
56,4840080,106.0
56,4840140,150.0
56,4840200,104.0
56,4840260,111.0
56,4840320,68.0
56,4840380,80.0
56,4840440,96.0
56,4840500,92.0
56,4840560,117.0
56,4840620,129.0
56,4840680,117.0
56,4840740,88.0
56,4840800,94.0
56,4840860,124.0
56,4840920,99.0
56,4840980,83.0
56,4841040,96.0
56,4841100,109.0
56,4841160,113.0
56,4841220,102.0
56,4841280,74.0
56,4841340,79.0
56,4841400,99.0
56,4841460,108.0
56,4841520,125.0
56,4841580,91.0
56,4841640,101.0
56,4841700,78.0
56,4841760,74.0
56,4841820,98.0
56,4841880,105.0
56,4841940,89.0
56,4842000,92.0
56,4842060,78.0
56,4842120,102.0
56,4842180,148.0
56,4842240,134.0
56,4842300,88.0
56,4842360,106.0
56,4842420,106.0
56,4842480,84.0
56,4842540,102.0
56,4842600,75.0
56,4842660,124.0
56,4842720,101.0
56,4842780,135.0
56,4842840,91.0
56,4842900,128.0
56,4842960,105.0
56,4843020,77.0
56,4843080,84.0
56,4843140,114.0
56,4843200,119.0
56,4843260,97.0
56,4843320,117.0
56,4843380,119.0
56,4843440,104.0
56,4843500,108.0
56,4843560,105.0
56,4843620,92.0
56,4843680,76.0
56,4843740,87.0
56,4843800,98.0
56,4843860,72.0
56,4843920,60.0
56,4843980,72.0
56,4844040,54.0
56,4844100,56.0
56,4844160,64.0
56,4844220,72.0
56,4844280,72.0
56,4844340,114.0
56,4844400,84.0
56,4844460,66.0
56,4844520,60.0
56,4844580,67.0
56,4844640,59.0
56,4844700,74.0
56,4844760,99.0
56,4844820,89.0
56,4844880,67.0
56,4844940,54.0
56,4845000,59.0
56,4845060,67.0
56,4845120,63.0
56,4845180,82.0
56,4845240,69.0
56,4845300,60.0
56,4845360,47.0
56,4845420,52.0
56,4845480,34.0
56,4845540,21.0
56,4845600,43.0
56,4845660,69.0
56,4845720,50.0
56,4845780,47.0
56,4845840,58.0
56,4845900,47.0
56,4845960,39.0
56,4846020,75.0
56,4846080,36.0
56,4846140,50.0
56,4846200,52.0
56,4846260,48.0
56,4846320,47.0
56,4846380,41.0
56,4846440,51.0
56,4846500,36.0
56,4846560,27.0
56,4846620,51.0
56,4846680,36.0
56,4846740,58.0
56,4846800,54.0
56,4846860,45.0
56,4846920,49.0
56,4846980,58.0
56,4847040,41.0
56,4847100,21.0
56,4847160,59.0
56,4847220,52.0
56,4847280,80.0
56,4847340,44.0
56,4847400,60.0
56,4847460,47.0
56,4847520,49.0
56,4847580,43.0
56,4847640,30.0
56,4847700,44.0
56,4847760,44.0
56,4847820,38.0
56,4847880,24.0
56,4847940,40.0
56,4848000,42.0
56,4848060,41.0
56,4848120,29.0
56,4848180,35.0
56,4848240,41.0
56,4848300,26.0
56,4848360,37.0
56,4848420,43.0
56,4848480,34.0
56,4848540,37.0
56,4848600,50.0
56,4848660,49.0
56,4848720,41.0
56,4848780,32.0
56,4848840,44.0
56,4848900,28.0
56,4848960,32.0
56,4849020,42.0
56,4849080,47.0
56,4849140,26.0
56,4849200,27.0
56,4849260,43.0
56,4849320,30.0
56,4849380,34.0
56,4849440,34.0
56,4849500,36.0
56,4849560,23.0
56,4849620,25.0
56,4849680,21.0
56,4849740,15.0
56,4849800,24.0
56,4849860,27.0
56,4849920,27.0
56,4849980,35.0
56,4850040,34.0
56,4850100,43.0
56,4850160,51.0
56,4850220,32.0
56,4850280,12.0
56,4850340,49.0
56,4850400,46.0
56,4850460,45.0
56,4850520,34.0
56,4850580,22.0
56,4850640,36.0
56,4850700,18.0
56,4850760,28.0
56,4850820,38.0
56,4850880,39.0
56,4850940,35.0
56,4851000,28.0
56,4851060,27.0
56,4851120,30.0
56,4851180,42.0
56,4851240,29.0
56,4851300,26.0
56,4851360,16.0
56,4851420,65.0
56,4851480,56.0
56,4851540,24.0
56,4851600,24.0
56,4851660,9.0
56,4851720,18.0
56,4851780,52.0
56,4851840,51.0
56,4851900,59.0
56,4851960,60.0
56,4852020,56.0
56,4852080,47.0
56,4852140,67.0
56,4852200,69.0
56,4852260,67.0
56,4852320,43.0
56,4852380,58.0
56,4852440,58.0
56,4852500,50.0
56,4852560,25.0
56,4852620,16.0
56,4852680,19.0
56,4852740,12.0
56,4852800,57.0
56,4852860,25.0
56,4852920,55.0
56,4852980,72.0
56,4853040,69.0
56,4853100,57.0
56,4853160,61.0
56,4853220,19.0
56,4853280,13.0
56,4853340,8.0
56,4853400,13.0
56,4853460,17.0
56,4853520,22.0
56,4853580,22.0
56,4853640,23.0
56,4853700,29.0
56,4853760,14.0
56,4853820,17.0
56,4853880,18.0
56,4853940,58.0
56,4854000,64.0
56,4854060,37.0
56,4854120,62.0
56,4854180,71.0
56,4854240,57.0
56,4854300,60.0
56,4854360,22.0
56,4854420,18.0
56,4854480,18.0
56,4854540,16.0
56,4854600,41.0
56,4854660,47.0
56,4854720,13.0
56,4854780,19.0
56,4854840,39.0
56,4854900,8.0
56,4854960,17.0
56,4855020,33.0
56,4855080,21.0
56,4855140,28.0
56,4855200,29.0
56,4855260,22.0
56,4855320,32.0
56,4855380,15.0
56,4855440,16.0
56,4855500,14.0
56,4855560,10.0
56,4855620,17.0
56,4855680,10.0
56,4855740,24.0
56,4855800,20.0
56,4855860,10.0
56,4855920,12.0
56,4855980,20.0
56,4856040,9.0
56,4856100,19.0
56,4856160,22.0
56,4856220,17.0
56,4856280,23.0
56,4856340,10.0
56,4856400,7.0
56,4856460,13.0
56,4856520,18.0
56,4856580,13.0
56,4856640,18.0
56,4856700,19.0
56,4856760,47.0
56,4856820,45.0
56,4856880,57.0
56,4856940,59.0
56,4857000,47.0
56,4857060,36.0
56,4857120,62.0
56,4857180,18.0
56,4857240,61.0
56,4857300,45.0
56,4857360,47.0
56,4857420,59.0
56,4857480,45.0
56,4857540,47.0
56,4857600,29.0
56,4857660,12.0
56,4857720,14.0
56,4857780,6.0
56,4857840,12.0
56,4857900,18.0
56,4857960,7.0
56,4858020,13.0
56,4858080,16.0
56,4858140,13.0
56,4858200,9.0
56,4858260,13.0
56,4858320,21.0
56,4858380,18.0
56,4858440,16.0
56,4858500,9.0
56,4858560,7.0
56,4858620,6.0
56,4858680,16.0
56,4858740,10.0
56,4858800,14.0
56,4858860,7.0
56,4858920,4.0
56,4858980,8.0
56,4859040,7.0
56,4859100,4.0
56,4859160,10.0
56,4859220,8.0
56,4859280,7.0
56,4859340,27.0
56,4859400,19.0
56,4859460,10.0
56,4859520,19.0
56,4859580,25.0
56,4859640,10.0
56,4859700,13.0
56,4859760,5.0
56,4859820,10.0
56,4859880,14.0
56,4859940,17.0
56,4860000,7.0
56,4860060,12.0
56,4860120,18.0
56,4860180,14.0
56,4860240,16.0
56,4860300,17.0
56,4860360,14.0
56,4860420,18.0
56,4860480,20.0
56,4860540,23.0
56,4860600,25.0
56,4860660,17.0
56,4860720,20.0
56,4860780,19.0
56,4860840,7.0
56,4860900,10.0
56,4860960,22.0
56,4861020,14.0
56,4861080,17.0
56,4861140,29.0
56,4861200,23.0
56,4861260,14.0
56,4861320,18.0
56,4861380,20.0
56,4861440,23.0
56,4861500,16.0
56,4861560,21.0
56,4861620,16.0
56,4861680,19.0
56,4861740,16.0
56,4861800,28.0
56,4861860,20.0
56,4861920,14.0
56,4861980,13.0
56,4862040,17.0
56,4862100,44.0
56,4862160,15.0
56,4862220,40.0
56,4862280,10.0
56,4862340,9.0
56,4862400,19.0
56,4862460,18.0
56,4862520,35.0
56,4862580,62.0
56,4862640,60.0
56,4862700,56.0
56,4862760,60.0
56,4862820,50.0
56,4862880,42.0
56,4862940,65.0
56,4863000,21.0
56,4863060,16.0
56,4863120,9.0
56,4863180,17.0
56,4863240,18.0
56,4863300,35.0
56,4863360,18.0
56,4863420,28.0
56,4863480,15.0
56,4863540,43.0
56,4863600,42.0
56,4863660,14.0
56,4863720,22.0
56,4863780,14.0
56,4863840,39.0
56,4863900,23.0
56,4863960,55.0
56,4864020,29.0
56,4864080,9.0
56,4864140,15.0
56,4864200,15.0
56,4864260,21.0
56,4864320,36.0
56,4864380,18.0
56,4864440,21.0
56,4864500,10.0
56,4864560,57.0
56,4864620,72.0
56,4864680,68.0
56,4864740,58.0
56,4864800,68.0
56,4864860,52.0
56,4864920,54.0
56,4864980,60.0
56,4865040,58.0
56,4865100,39.0
56,4865160,56.0
56,4865220,68.0
56,4865280,92.0
56,4865340,60.0
56,4865400,28.0
56,4865460,20.0
56,4865520,22.0
56,4865580,24.0
56,4865640,44.0
56,4865700,38.0
56,4865760,28.0
56,4865820,23.0
56,4865880,30.0
56,4865940,24.0
56,4866000,36.0
56,4866060,29.0
56,4866120,20.0
56,4866180,36.0
56,4866240,30.0
56,4866300,34.0
56,4866360,33.0
56,4866420,29.0
56,4866480,37.0
56,4866540,35.0
56,4866600,34.0
56,4866660,58.0
56,4866720,42.0
56,4866780,37.0
56,4866840,64.0
56,4866900,50.0
56,4866960,36.0
56,4867020,54.0
56,4867080,56.0
56,4867140,57.0
56,4867200,27.0
56,4867260,77.0
56,4867320,80.0
56,4867380,62.0
56,4867440,76.0
56,4867500,70.0
56,4867560,75.0
56,4867620,97.0
56,4867680,100.0
56,4867740,80.0
56,4867800,88.0
56,4867860,98.0
56,4867920,84.0
56,4867980,58.0
56,4868040,71.0
56,4868100,50.0
56,4868160,43.0
56,4868220,59.0
56,4868280,84.0
56,4868340,61.0
56,4868400,74.0
56,4868460,97.0
56,4868520,80.0
56,4868580,60.0
56,4868640,67.0
56,4868700,92.0
56,4868760,69.0
56,4868820,101.0
56,4868880,97.0
56,4868940,83.0
56,4869000,58.0
56,4869060,71.0
56,4869120,66.0
56,4869180,59.0
56,4869240,103.0
56,4869300,94.0
56,4869360,105.0
56,4869420,74.0
56,4869480,47.0
56,4869540,72.0
56,4869600,57.0
56,4869660,65.0
56,4869720,90.0
56,4869780,87.0
56,4869840,98.0
56,4869900,116.0
56,4869960,127.0
56,4870020,120.0
56,4870080,167.0
56,4870140,116.0
56,4870200,113.0
56,4870260,90.0
56,4870320,97.0
56,4870380,89.0
56,4870440,124.0
56,4870500,109.0
56,4870560,97.0
56,4870620,124.0
56,4870680,82.0
56,4870740,133.0
56,4870800,121.0
56,4870860,201.0
56,4870920,219.0
56,4870980,127.0
56,4871040,139.0
56,4871100,165.0
56,4871160,147.0
56,4871220,174.0
56,4871280,130.0
56,4871340,126.0
56,4871400,164.0
56,4871460,118.0
56,4871520,153.0
56,4871580,140.0
56,4871640,196.0
56,4871700,219.0
56,4871760,186.0
56,4871820,175.0
56,4871880,198.0
56,4871940,163.0
56,4872000,171.0
56,4872060,192.0
56,4872120,200.0
56,4872180,163.0
56,4872240,172.0
56,4872300,151.0
56,4872360,135.0
56,4872420,135.0
56,4872480,189.0
56,4872540,135.0
56,4872600,147.0
56,4872660,124.0
56,4872720,150.0
56,4872780,160.0
56,4872840,127.0
56,4872900,122.0
56,4872960,165.0
56,4873020,127.0
56,4873080,133.0
56,4873140,133.0
56,4873200,155.0
56,4873260,160.0
56,4873320,175.0
56,4873380,114.0
56,4873440,168.0
56,4873500,151.0
56,4873560,150.0
56,4873620,158.0
56,4873680,185.0
56,4873740,165.0
56,4873800,174.0
56,4873860,172.0
56,4873920,178.0
56,4873980,190.0
56,4874040,160.0
56,4874100,213.0
56,4874160,136.0
56,4874220,166.0
56,4874280,188.0
56,4874340,174.0
56,4874400,188.0
56,4874460,151.0
56,4874520,227.0
56,4874580,217.0
56,4874640,227.0
56,4874700,222.0
56,4874760,215.0
56,4874820,225.0
56,4874880,243.0
56,4874940,231.0
56,4875000,168.0
56,4875060,192.0
56,4875120,210.0
56,4875180,178.0
56,4875240,167.0
56,4875300,198.0
56,4875360,176.0
56,4875420,243.0
56,4875480,262.0
56,4875540,208.0
56,4875600,215.0
56,4875660,196.0
56,4875720,171.0
56,4875780,150.0
56,4875840,264.0
56,4875900,234.0
56,4875960,203.0
56,4876020,200.0
56,4876080,242.0
56,4876140,192.0
56,4876200,225.0
56,4876260,252.0
56,4876320,269.0
56,4876380,234.0
56,4876440,213.0
56,4876500,222.0
56,4876560,189.0
56,4876620,216.0
56,4876680,254.0
56,4876740,233.0
56,4876800,175.0
56,4876860,225.0
56,4876920,249.0
56,4876980,212.0
56,4877040,240.0
56,4877100,258.0
56,4877160,289.0
56,4877220,267.0
56,4877280,246.0
56,4877340,260.0
56,4877400,195.0
56,4877460,205.0
56,4877520,206.0
56,4877580,249.0
56,4877640,286.0
56,4877700,202.0
56,4877760,225.0
56,4877820,259.0
56,4877880,246.0
56,4877940,206.0
56,4878000,229.0
56,4878060,301.0
56,4878120,218.0
56,4878180,219.0
56,4878240,289.0
56,4878300,282.0
56,4878360,249.0
56,4878420,255.0
56,4878480,256.0
56,4878540,244.0
56,4878600,225.0
56,4878720,275.0
56,4878780,260.0
56,4878840,294.0
56,4878900,235.0
56,4878960,259.0
56,4879020,289.0
56,4879080,329.0
56,4879140,314.0
56,4879260,342.0
56,4879320,317.0
56,4879380,275.0
56,4879440,318.0
56,4879500,320.0
56,4879560,256.0
56,4879620,303.0
56,4879680,284.0
56,4879740,288.0
56,4879800,286.0
56,4879860,267.0
56,4879920,289.0
56,4879980,247.0
56,4880040,245.0
56,4880100,276.0
56,4880160,234.0
56,4880220,242.0
56,4880280,247.0
56,4880340,242.0
56,4880400,288.0
56,4880460,278.0
56,4880520,238.0
56,4880580,260.0
56,4880640,200.0
56,4880700,248.0
56,4880760,274.0
56,4880820,306.0
56,4880880,333.0
56,4880940,363.0
56,4881000,273.0
56,4881060,312.0
56,4881120,270.0
56,4881180,271.0
56,4881240,303.0
56,4881300,297.0
56,4881360,245.0
56,4881420,240.0
56,4881480,272.0
56,4881540,270.0
56,4881600,324.0
56,4881660,303.0
56,4881720,332.0
56,4881780,309.0
56,4881840,315.0
56,4881900,288.0
56,4881960,343.0
56,4882020,351.0
56,4882080,341.0
56,4882140,316.0
56,4882200,321.0
56,4882260,309.0
56,4882320,264.0
56,4882380,256.0
56,4882440,293.0
56,4882500,310.0
56,4882560,237.0
56,4882620,267.0
56,4882680,248.0
56,4882740,245.0
56,4882800,250.0
56,4882860,231.0
56,4882920,268.0
56,4882980,266.0
56,4883040,259.0
56,4883100,188.0
56,4883160,287.0
56,4883220,234.0
56,4883280,291.0
56,4883340,224.0
56,4883400,269.0
56,4883460,216.0
56,4883520,284.0
56,4883580,249.0
56,4883640,317.0
56,4883700,291.0
56,4883760,256.0
56,4883820,208.0
56,4883880,230.0
56,4883940,253.0
56,4884000,251.0
56,4884060,206.0
56,4884120,278.0
56,4884180,230.0
56,4884240,242.0
56,4884300,244.0
56,4884360,223.0
56,4884420,194.0
56,4884480,220.0
56,4884540,262.0
56,4884600,229.0
56,4884660,216.0
56,4884720,256.0
56,4884780,296.0
56,4884840,214.0
56,4884900,228.0
56,4884960,262.0
56,4885020,237.0
56,4885080,235.0
56,4885140,240.0
56,4885200,246.0
56,4885260,232.0
56,4885320,260.0
56,4885380,222.0
56,4885440,266.0
56,4885500,250.0
56,4885560,224.0
56,4885620,203.0
56,4885680,255.0
56,4885740,270.0
56,4885800,232.0
56,4885860,224.0
56,4885920,287.0
56,4885980,218.0
56,4886040,214.0
56,4886100,256.0
56,4886160,267.0
56,4886220,297.0
56,4886280,322.0
56,4886340,294.0
56,4886400,306.0
56,4886460,313.0
56,4886520,363.0
56,4886580,282.0
56,4886640,292.0
56,4886700,315.0
56,4886760,281.0
56,4886820,259.0
56,4886880,308.0
56,4886940,286.0
56,4887000,271.0
56,4887060,278.0
56,4887120,238.0
56,4887180,217.0
56,4887240,202.0
56,4887300,219.0
56,4887360,234.0
56,4887420,239.0
56,4887480,248.0
56,4887540,223.0
56,4887600,209.0
56,4887660,265.0
56,4887720,265.0
56,4887780,273.0
56,4887840,238.0
56,4887900,237.0
56,4887960,250.0
56,4888020,207.0
56,4888080,248.0
56,4888140,251.0
56,4888200,242.0
56,4888260,245.0
56,4888320,259.0
56,4888380,233.0
56,4888440,319.0
56,4888500,253.0
56,4888560,244.0
56,4888620,239.0
56,4888680,233.0
56,4888740,217.0
56,4888800,205.0
56,4888860,251.0
56,4888920,260.0
56,4888980,288.0
56,4889040,307.0
56,4889100,316.0
56,4889160,247.0
56,4889220,342.0
56,4889280,265.0
56,4889340,291.0
56,4889400,290.0
56,4889460,272.0
56,4889520,294.0
56,4889580,279.0
56,4889640,288.0
56,4889700,279.0
56,4889760,227.0
56,4889820,228.0
56,4889880,222.0
56,4889940,265.0
56,4890000,234.0
56,4890060,237.0
56,4890120,244.0
56,4890180,239.0
56,4890240,214.0
56,4890300,285.0
56,4890360,323.0
56,4890420,247.0
56,4890480,238.0
56,4890540,257.0
56,4890600,244.0
56,4890660,243.0
56,4890720,330.0
56,4890780,240.0
56,4890840,246.0
56,4890900,318.0
56,4890960,243.0
56,4891020,231.0
56,4891080,245.0
56,4891140,197.0
56,4891200,270.0
56,4891260,274.0
56,4891320,211.0
56,4891380,260.0
56,4891440,290.0
56,4891500,256.0
56,4891560,308.0
56,4891620,282.0
56,4891680,303.0
56,4891740,289.0
56,4891800,257.0
56,4891860,193.0
56,4891920,273.0
56,4891980,286.0
56,4892040,257.0
56,4892100,238.0
56,4892160,247.0
56,4892220,227.0
56,4892280,292.0
56,4892340,235.0
56,4892400,232.0
56,4892460,231.0
56,4892520,233.0
56,4892580,227.0
56,4892640,244.0
56,4892700,254.0
56,4892760,252.0
56,4892820,238.0
56,4892880,220.0
56,4892940,237.0
56,4893000,272.0
56,4893060,234.0
56,4893120,222.0
56,4893180,249.0
56,4893240,301.0
56,4893300,268.0
56,4893360,247.0
56,4893420,237.0
56,4893480,297.0
56,4893540,299.0
56,4893600,266.0
56,4893660,294.0
56,4893720,216.0
56,4893780,285.0
56,4893840,232.0
56,4893900,225.0
56,4893960,269.0
56,4894020,215.0
56,4894080,222.0
56,4894140,253.0
56,4894200,264.0
56,4894260,354.0
56,4894320,291.0
56,4894380,316.0
56,4894440,287.0
56,4894500,259.0
56,4894560,258.0
56,4894620,270.0
56,4894680,268.0
56,4894740,316.0
56,4894800,266.0
56,4894860,307.0
56,4894920,278.0
56,4894980,247.0
56,4895040,254.0
56,4895100,290.0
56,4895160,262.0
56,4895220,260.0
56,4895280,213.0
56,4895340,216.0
56,4895400,254.0
56,4895460,258.0
56,4895520,235.0
56,4895580,299.0
56,4895640,223.0
56,4895760,248.0
56,4895820,244.0
56,4895880,257.0
56,4895940,236.0
56,4896000,270.0
56,4896060,235.0
56,4896120,288.0
56,4896180,224.0
56,4896240,269.0
56,4896300,296.0
56,4896360,247.0
56,4896420,259.0
56,4896480,200.0
56,4896540,259.0
56,4896600,243.0
56,4896660,280.0
56,4896720,259.0
56,4896780,235.0
56,4896840,264.0
56,4896900,247.0
56,4896960,243.0
56,4897020,315.0
56,4897080,279.0
56,4897140,306.0
56,4897200,331.0
56,4897260,331.0
56,4897320,276.0
56,4897380,276.0
56,4897440,303.0
56,4897500,242.0
56,4897560,286.0
56,4897620,254.0
56,4897680,265.0
56,4897740,262.0
56,4897800,342.0
56,4897860,277.0
56,4897920,253.0
56,4897980,287.0
56,4898040,306.0
56,4898100,298.0
56,4898160,323.0
56,4898220,219.0
56,4898280,226.0
56,4898340,243.0
56,4898400,254.0
56,4898460,233.0
56,4898520,211.0
56,4898580,225.0
56,4898640,273.0
56,4898700,249.0
56,4898760,298.0
56,4898820,224.0
56,4898880,233.0
56,4898940,219.0
56,4899000,255.0
56,4899060,231.0
56,4899120,232.0
56,4899180,266.0
56,4899240,243.0
56,4899300,258.0
56,4899360,321.0
56,4899420,289.0
56,4899480,268.0
56,4899540,255.0
56,4899600,270.0
56,4899660,231.0
56,4899720,245.0
56,4899780,230.0
56,4899840,247.0
56,4899900,255.0
56,4899960,301.0
56,4900020,290.0
56,4900080,298.0
56,4900140,215.0
56,4900200,271.0
56,4900260,289.0
56,4900320,254.0
56,4900380,313.0
56,4900440,266.0
56,4900500,307.0
56,4900560,264.0
56,4900620,310.0
56,4900680,318.0
56,4900740,326.0
56,4900800,261.0
56,4900860,337.0
56,4900920,290.0
56,4900980,296.0
56,4901040,281.0
56,4901100,266.0
56,4901160,290.0
56,4901220,252.0
56,4901280,258.0
56,4901340,248.0
56,4901400,254.0
56,4901460,300.0
56,4901520,234.0
56,4901580,281.0
56,4901640,257.0
56,4901700,311.0
56,4901760,303.0
56,4901820,321.0
56,4901880,270.0
56,4901940,191.0
56,4902000,233.0
56,4902060,201.0
56,4902120,299.0
56,4902180,261.0
56,4902240,265.0
56,4902300,287.0
56,4902360,266.0
56,4902420,276.0
56,4902480,287.0
56,4902540,240.0
56,4902600,264.0
56,4902660,213.0
56,4902720,203.0
56,4902780,251.0
56,4902840,255.0
56,4902900,170.0
56,4902960,254.0
56,4903020,274.0
56,4903080,235.0
56,4903140,268.0
56,4903200,291.0
56,4903260,290.0
56,4903320,372.0
56,4903380,307.0
56,4903440,280.0
56,4903500,250.0
56,4903560,353.0
56,4903620,255.0
56,4903680,196.0
56,4903740,262.0
56,4903800,291.0
56,4903860,342.0
56,4903920,260.0
56,4903980,248.0
56,4904040,289.0
56,4904100,239.0
56,4904160,240.0
56,4904220,253.0
56,4904280,261.0
56,4904340,268.0
56,4904400,243.0
56,4904460,209.0
56,4904520,268.0
56,4904580,264.0
56,4904640,257.0
56,4904700,242.0
56,4904760,279.0
56,4904820,231.0
56,4904880,226.0
56,4904940,205.0
56,4905000,238.0
56,4905060,240.0
56,4905120,205.0
56,4905180,249.0
56,4905240,278.0
56,4905300,236.0
56,4905360,261.0
56,4905420,252.0
56,4905480,213.0
56,4905540,196.0
56,4905600,233.0
56,4905660,242.0
56,4905720,235.0
56,4905780,248.0
56,4905840,210.0
56,4905900,238.0
56,4905960,220.0
56,4906020,231.0
56,4906080,239.0
56,4906140,287.0
56,4906200,238.0
56,4906260,258.0
56,4906320,253.0
56,4906380,237.0
56,4906440,229.0
56,4906500,267.0
56,4906560,247.0
56,4906620,232.0
56,4906680,243.0
56,4906740,216.0
56,4906800,231.0
56,4906860,226.0
56,4906920,225.0
56,4906980,232.0
56,4907040,288.0
56,4907100,228.0
56,4907160,235.0
56,4907220,202.0
56,4907280,231.0
56,4907340,176.0
56,4907400,213.0
56,4907460,238.0
56,4907520,215.0
56,4907580,216.0
56,4907640,268.0
56,4907700,273.0
56,4907760,237.0
56,4907820,270.0
56,4907880,295.0
56,4907940,262.0
56,4908000,294.0
56,4908060,287.0
56,4908120,293.0
56,4908180,265.0
56,4908240,264.0
56,4908300,252.0
56,4908360,323.0
56,4908420,244.0
56,4908480,255.0
56,4908540,228.0
56,4908600,224.0
56,4908660,196.0
56,4908720,218.0
56,4908780,198.0
56,4908840,182.0
56,4908900,232.0
56,4908960,250.0
56,4909020,261.0
56,4909080,236.0
56,4909140,265.0
56,4909200,291.0
56,4909260,273.0
56,4909320,230.0
56,4909380,210.0
56,4909440,188.0
56,4909500,204.0
56,4909560,191.0
56,4909620,250.0
56,4909680,229.0
56,4909740,254.0
56,4909800,240.0
56,4909860,242.0
56,4909920,253.0
56,4909980,258.0
56,4910040,233.0
56,4910100,249.0
56,4910160,235.0
56,4910220,257.0
56,4910280,219.0
56,4910340,225.0
56,4910400,360.0
56,4910460,290.0
56,4910520,284.0
56,4910580,280.0
56,4910640,339.0
56,4910700,297.0
56,4910760,269.0
56,4910820,333.0
56,4910880,259.0
56,4910940,286.0
56,4911000,392.0
56,4911060,366.0
56,4911120,388.0
56,4911180,323.0
56,4911240,293.0
56,4911300,254.0
56,4911360,298.0
56,4911420,278.0
56,4911480,254.0
56,4911540,292.0
56,4911600,210.0
56,4911660,278.0
56,4911720,242.0
56,4911780,242.0
56,4911840,243.0
56,4911900,289.0
56,4911960,297.0
56,4912020,236.0
56,4912080,237.0
56,4912140,211.0
56,4912200,229.0
56,4912260,195.0
56,4912320,264.0
56,4912380,247.0
56,4912440,245.0
56,4912500,238.0
56,4912560,270.0
56,4912620,254.0
56,4912680,254.0
56,4912740,232.0
56,4912800,281.0
56,4912860,298.0
56,4912920,233.0
56,4912980,242.0
56,4913040,247.0
56,4913100,290.0
56,4913160,297.0
56,4913220,299.0
56,4913280,336.0
56,4913340,307.0
56,4913400,258.0
56,4913460,336.0
56,4913520,308.0
56,4913580,322.0
56,4913640,304.0
56,4913760,323.0
56,4913820,276.0
56,4913880,273.0
56,4913940,276.0
56,4914000,331.0
56,4914060,313.0
56,4914120,357.0
56,4914180,348.0
56,4914240,349.0
56,4914300,310.0
56,4914360,353.0
56,4914420,380.0
56,4914480,312.0
56,4914540,293.0
56,4914600,268.0
56,4914660,361.0
56,4914720,293.0
56,4914780,246.0
56,4914840,273.0
56,4914900,330.0
56,4914960,304.0
56,4915020,230.0
56,4915080,287.0
56,4915140,254.0
56,4915200,237.0
56,4915260,262.0
56,4915320,253.0
56,4915380,228.0
56,4915440,201.0
56,4915500,243.0
56,4915560,297.0
56,4915620,231.0
56,4915680,229.0
56,4915740,277.0
56,4915800,218.0
56,4915860,201.0
56,4915920,192.0
56,4915980,212.0
56,4916040,231.0
56,4916100,206.0
56,4916160,279.0
56,4916220,282.0
56,4916280,236.0
56,4916340,259.0
56,4916400,235.0
56,4916460,237.0
56,4916520,243.0
56,4916580,287.0
56,4916640,243.0
56,4916700,260.0
56,4916760,198.0
56,4916820,246.0
56,4916880,232.0
56,4916940,228.0
56,4917000,211.0
56,4917060,229.0
56,4917120,250.0
56,4917180,265.0
56,4917240,234.0
56,4917300,264.0
56,4917360,228.0
56,4917420,249.0
56,4917480,227.0
56,4917540,235.0
56,4917600,248.0
56,4917660,329.0
56,4917720,280.0
56,4917780,220.0
56,4917840,271.0
56,4917900,210.0
56,4917960,224.0
56,4918020,197.0
56,4918080,235.0
56,4918140,247.0
56,4918200,258.0
56,4918260,259.0
56,4918320,201.0
56,4918380,202.0
56,4918440,249.0
56,4918500,244.0
56,4918560,247.0
56,4918620,284.0
56,4918680,208.0
56,4918740,255.0
56,4918800,243.0
56,4918860,238.0
56,4918920,239.0
56,4918980,225.0
56,4919040,226.0
56,4919100,256.0
56,4919160,195.0
56,4919220,247.0
56,4919280,244.0
56,4919340,246.0
56,4919400,270.0
56,4919460,209.0
56,4919520,262.0
56,4919580,209.0
56,4919640,211.0
56,4919700,268.0
56,4919760,235.0
56,4919820,264.0
56,4919880,271.0
56,4919940,193.0
56,4920000,180.0
56,4920060,201.0
56,4920120,185.0
56,4920180,208.0
56,4920240,213.0
56,4920300,204.0
56,4920360,219.0
56,4920420,214.0
56,4920480,242.0
56,4920540,224.0
56,4920600,190.0
56,4920660,186.0
56,4920720,220.0
56,4920780,171.0
56,4920840,198.0
56,4920900,195.0
56,4920960,210.0
56,4921020,175.0
56,4921080,133.0
56,4921140,190.0
56,4921200,184.0
56,4921260,186.0
56,4921320,194.0
56,4921380,198.0
56,4921440,237.0
56,4921500,272.0
56,4921560,247.0
56,4921620,208.0
56,4921680,209.0
56,4921740,207.0
56,4921800,188.0
56,4921860,135.0
56,4921920,189.0
56,4921980,149.0
56,4922040,145.0
56,4922100,174.0
56,4922160,168.0
56,4922220,145.0
56,4922280,218.0
56,4922340,188.0
56,4922400,184.0
56,4922460,153.0
56,4922520,182.0
56,4922580,183.0
56,4922640,205.0
56,4922700,191.0
56,4922760,178.0
56,4922820,153.0
56,4922880,141.0
56,4922940,184.0
56,4923000,176.0
56,4923060,192.0
56,4923120,194.0
56,4923180,198.0
56,4923240,220.0
56,4923300,213.0
56,4923360,215.0
56,4923420,175.0
56,4923480,187.0
56,4923540,165.0
56,4923600,161.0
56,4923660,138.0
56,4923720,173.0
56,4923780,136.0
56,4923840,209.0
56,4923900,209.0
56,4923960,110.0
56,4924020,159.0
56,4924080,148.0
56,4924140,180.0
56,4924200,150.0
56,4924260,170.0
56,4924320,140.0
56,4924380,183.0
56,4924440,150.0
56,4924500,120.0
56,4924560,103.0
56,4924620,103.0
56,4924680,121.0
56,4924740,147.0
57,4924800,136.0
57,4924860,123.0
57,4924920,132.0
57,4924980,100.0
57,4925040,130.0
57,4925100,106.0
57,4925160,139.0
57,4925220,113.0
57,4925280,133.0
57,4925340,147.0
57,4925400,176.0
57,4925460,133.0
57,4925520,103.0
57,4925580,158.0
57,4925640,121.0
57,4925700,149.0
57,4925760,131.0
57,4925820,162.0
57,4925880,166.0
57,4925940,182.0
57,4926000,169.0
57,4926060,141.0
57,4926120,136.0
57,4926180,150.0
57,4926240,138.0
57,4926300,162.0
57,4926360,204.0
57,4926420,161.0
57,4926480,100.0
57,4926540,98.0
57,4926600,100.0
57,4926660,108.0
57,4926720,131.0
57,4926780,92.0
57,4926840,93.0
57,4926900,118.0
57,4926960,100.0
57,4927020,116.0
57,4927080,82.0
57,4927140,105.0
57,4927200,123.0
57,4927260,120.0
57,4927320,107.0
57,4927380,132.0
57,4927440,122.0
57,4927500,107.0
57,4927560,163.0
57,4927620,138.0
57,4927680,98.0
57,4927740,103.0
57,4927800,85.0
57,4927860,85.0
57,4927920,71.0
57,4927980,78.0
57,4928040,106.0
57,4928100,84.0
57,4928160,94.0
57,4928220,107.0
57,4928280,102.0
57,4928340,62.0
57,4928400,76.0
57,4928460,66.0
57,4928520,107.0
57,4928580,89.0
57,4928640,105.0
57,4928700,98.0
57,4928760,96.0
57,4928820,109.0
57,4928880,124.0
57,4928940,89.0
57,4929000,106.0
57,4929060,91.0
57,4929120,60.0
57,4929180,97.0
57,4929240,121.0
57,4929300,91.0
57,4929360,77.0
57,4929420,85.0
57,4929480,108.0
57,4929540,69.0
57,4929600,76.0
57,4929660,67.0
57,4929720,62.0
57,4929780,51.0
57,4929840,83.0
57,4929900,90.0
57,4929960,85.0
57,4930020,86.0
57,4930080,100.0
57,4930140,57.0
57,4930200,48.0
57,4930260,51.0
57,4930320,59.0
57,4930380,69.0
57,4930440,43.0
57,4930500,60.0
57,4930560,55.0
57,4930620,82.0
57,4930680,56.0
57,4930740,59.0
57,4930800,70.0
57,4930860,76.0
57,4930920,72.0
57,4930980,66.0
57,4931040,104.0
57,4931100,75.0
57,4931160,62.0
57,4931220,65.0
57,4931280,63.0
57,4931340,46.0
57,4931400,55.0
57,4931460,39.0
57,4931520,42.0
57,4931580,62.0
57,4931640,47.0
57,4931700,74.0
57,4931760,43.0
57,4931820,67.0
57,4931880,90.0
57,4931940,48.0
57,4932000,74.0
57,4932060,38.0
57,4932120,50.0
57,4932180,45.0
57,4932240,56.0
57,4932300,48.0
57,4932360,42.0
57,4932420,45.0
57,4932480,44.0
57,4932540,36.0
57,4932600,28.0
57,4932660,44.0
57,4932720,46.0
57,4932780,45.0
57,4932840,32.0
57,4932900,38.0
57,4932960,54.0
57,4933020,61.0
57,4933080,52.0
57,4933140,47.0
57,4933200,33.0
57,4933260,21.0
57,4933320,28.0
57,4933380,27.0
57,4933440,35.0
57,4933500,29.0
57,4933560,24.0
57,4933620,41.0
57,4933680,42.0
57,4933740,47.0
57,4933800,25.0
57,4933860,39.0
57,4933920,79.0
57,4933980,81.0
57,4934040,49.0
57,4934100,36.0
57,4934160,48.0
57,4934220,37.0
57,4934280,39.0
57,4934340,37.0
57,4934400,38.0
57,4934460,56.0
57,4934520,38.0
57,4934580,74.0
57,4934640,38.0
57,4934700,15.0
57,4934760,30.0
57,4934820,25.0
57,4934880,28.0
57,4934940,47.0
57,4935000,29.0
57,4935060,32.0
57,4935120,16.0
57,4935180,34.0
57,4935240,29.0
57,4935300,27.0
57,4935360,40.0
57,4935420,36.0
57,4935480,36.0
57,4935540,44.0
57,4935600,25.0
57,4935660,36.0
57,4935720,32.0
57,4935780,36.0
57,4935840,29.0
57,4935900,46.0
57,4935960,37.0
57,4936020,41.0
57,4936080,32.0
57,4936140,29.0
57,4936200,23.0
57,4936260,25.0
57,4936320,16.0
57,4936380,24.0
57,4936440,22.0
57,4936500,25.0
57,4936560,25.0
57,4936620,18.0
57,4936680,23.0
57,4936740,17.0
57,4936800,29.0
57,4936860,33.0
57,4936920,38.0
57,4936980,28.0
57,4937040,33.0
57,4937100,20.0
57,4937160,16.0
57,4937220,19.0
57,4937280,29.0
57,4937340,18.0
57,4937400,33.0
57,4937460,29.0
57,4937520,23.0
57,4937580,27.0
57,4937640,25.0
57,4937700,20.0
57,4937760,22.0
57,4937820,15.0
57,4937880,21.0
57,4937940,21.0
57,4938000,14.0
57,4938060,23.0
57,4938120,16.0
57,4938180,23.0
57,4938240,20.0
57,4938300,27.0
57,4938360,43.0
57,4938420,50.0
57,4938480,27.0
57,4938540,29.0
57,4938600,34.0
57,4938660,34.0
57,4938720,17.0
57,4938780,28.0
57,4938840,30.0
57,4938900,39.0
57,4938960,16.0
57,4939020,14.0
57,4939080,32.0
57,4939140,36.0
57,4939200,20.0
57,4939260,22.0
57,4939320,17.0
57,4939380,38.0
57,4939440,25.0
57,4939500,32.0
57,4939560,44.0
57,4939620,19.0
57,4939680,14.0
57,4939740,19.0
57,4939800,15.0
57,4939860,15.0
57,4939920,14.0
57,4939980,18.0
57,4940040,24.0
57,4940100,23.0
57,4940160,16.0
57,4940220,29.0
57,4940280,17.0
57,4940340,22.0
57,4940400,28.0
57,4940460,30.0
57,4940520,22.0
57,4940580,21.0
57,4940640,22.0
57,4940700,16.0
57,4940760,24.0
57,4940820,13.0
57,4940880,22.0
57,4940940,5.0
57,4941000,20.0
57,4941060,8.0
57,4941120,19.0
57,4941180,17.0
57,4941240,28.0
57,4941300,7.0
57,4941360,14.0
57,4941420,15.0
57,4941480,29.0
57,4941540,24.0
57,4941600,14.0
57,4941660,18.0
57,4941720,14.0
57,4941780,17.0
57,4941840,12.0
57,4941900,12.0
57,4941960,9.0
57,4942020,7.0
57,4942080,16.0
57,4942140,18.0
57,4942200,8.0
57,4942260,7.0
57,4942320,13.0
57,4942380,21.0
57,4942440,26.0
57,4942500,13.0
57,4942560,22.0
57,4942620,16.0
57,4942680,12.0
57,4942740,13.0
57,4942800,10.0
57,4942860,4.0
57,4942920,5.0
57,4942980,15.0
57,4943040,24.0
57,4943100,27.0
57,4943160,18.0
57,4943220,23.0
57,4943280,6.0
57,4943340,16.0
57,4943400,9.0
57,4943460,7.0
57,4943520,9.0
57,4943580,49.0
57,4943640,36.0
57,4943700,18.0
57,4943760,9.0
57,4943820,12.0
57,4943880,24.0
57,4943940,47.0
57,4944000,33.0
57,4944060,18.0
57,4944120,51.0
57,4944180,50.0
57,4944240,52.0
57,4944300,55.0
57,4944360,49.0
57,4944420,45.0
57,4944480,38.0
57,4944540,52.0
57,4944600,41.0
57,4944660,46.0
57,4944720,47.0
57,4944780,48.0
57,4944840,21.0
57,4944900,15.0
57,4944960,12.0
57,4945020,5.0
57,4945080,8.0
57,4945140,16.0
57,4945200,6.0
57,4945260,10.0
57,4945320,8.0
57,4945380,5.0
57,4945440,19.0
57,4945500,5.0
57,4945560,15.0
57,4945620,7.0
57,4945680,3.0
57,4945740,14.0
57,4945800,6.0
57,4945860,3.0
57,4945920,8.0
57,4945980,13.0
57,4946040,9.0
57,4946100,6.0
57,4946160,23.0
57,4946220,23.0
57,4946280,13.0
57,4946340,5.0
57,4946400,3.0
57,4946460,2.0
57,4946520,14.0
57,4946580,54.0
57,4946640,44.0
57,4946700,46.0
57,4946760,33.0
57,4946820,37.0
57,4946880,38.0
57,4946940,40.0
57,4947000,40.0
57,4947060,60.0
57,4947120,48.0
57,4947180,38.0
57,4947240,40.0
57,4947300,36.0
57,4947360,38.0
57,4947420,49.0
57,4947480,49.0
57,4947540,19.0
57,4947600,10.0
57,4947660,28.0
57,4947720,12.0
57,4947780,8.0
57,4947840,25.0
57,4947900,10.0
57,4947960,12.0
57,4948020,9.0
57,4948080,9.0
57,4948140,6.0
57,4948200,17.0
57,4948260,7.0
57,4948320,12.0
57,4948380,17.0
57,4948440,13.0
57,4948500,7.0
57,4948560,16.0
57,4948620,14.0
57,4948680,6.0
57,4948740,8.0
57,4948800,26.0
57,4948860,13.0
57,4948920,13.0
57,4948980,5.0
57,4949040,6.0
57,4949100,7.0
57,4949160,8.0
57,4949220,13.0
57,4949280,4.0
57,4949340,19.0
57,4949400,10.0
57,4949460,4.0
57,4949520,9.0
57,4949580,10.0
57,4949640,9.0
57,4949700,27.0
57,4949760,9.0
57,4949820,10.0
57,4949880,10.0
57,4949940,17.0
57,4950000,24.0
57,4950060,13.0
57,4950120,22.0
57,4950180,14.0
57,4950240,21.0
57,4950300,13.0
57,4950360,30.0
57,4950420,42.0
57,4950480,33.0
57,4950540,39.0
57,4950600,49.0
57,4950660,40.0
57,4950720,50.0
57,4950780,51.0
57,4950840,23.0
57,4950900,29.0
57,4950960,51.0
57,4951020,40.0
57,4951080,38.0
57,4951140,55.0
57,4951200,43.0
57,4951260,46.0
57,4951320,41.0
57,4951380,37.0
57,4951440,45.0
57,4951500,46.0
57,4951560,43.0
57,4951620,21.0
57,4951680,26.0
57,4951740,25.0
57,4951800,27.0
57,4951860,50.0
57,4951920,30.0
57,4951980,36.0
57,4952040,38.0
57,4952100,41.0
57,4952160,21.0
57,4952220,18.0
57,4952280,23.0
57,4952340,22.0
57,4952400,19.0
57,4952460,28.0
57,4952520,27.0
57,4952580,42.0
57,4952640,34.0
57,4952700,12.0
57,4952760,17.0
57,4952820,24.0
57,4952880,32.0
57,4952940,46.0
57,4953000,24.0
57,4953060,36.0
57,4953120,24.0
57,4953180,26.0
57,4953240,33.0
57,4953300,21.0
57,4953360,39.0
57,4953420,28.0
57,4953480,24.0
57,4953540,21.0
57,4953600,8.0
57,4953660,20.0
57,4953720,26.0
57,4953780,42.0
57,4953840,33.0
57,4953900,26.0
57,4953960,41.0
57,4954020,40.0
57,4954080,47.0
57,4954140,34.0
57,4954200,25.0
57,4954260,32.0
57,4954320,44.0
57,4954380,51.0
57,4954440,48.0
57,4954500,40.0
57,4954560,50.0
57,4954620,32.0
57,4954680,49.0
57,4954740,45.0
57,4954800,36.0
57,4954860,44.0
57,4954920,61.0
57,4954980,35.0
57,4955040,20.0
57,4955100,35.0
57,4955160,58.0
57,4955220,66.0
57,4955280,39.0
57,4955340,36.0
57,4955400,36.0
57,4955460,54.0
57,4955520,60.0
57,4955580,60.0
57,4955640,47.0
57,4955700,81.0
57,4955760,65.0
57,4955820,76.0
57,4955880,94.0
57,4955940,103.0
57,4956000,121.0
57,4956060,74.0
57,4956120,100.0
57,4956180,111.0
57,4956240,102.0
57,4956300,129.0
57,4956360,108.0
57,4956420,123.0
57,4956480,140.0
57,4956540,111.0
57,4956600,105.0
57,4956660,110.0
57,4956720,109.0
57,4956780,80.0
57,4956840,99.0
57,4956900,99.0
57,4956960,110.0
57,4957020,80.0
57,4957080,126.0
57,4957140,126.0
57,4957200,127.0
57,4957260,107.0
57,4957320,79.0
57,4957380,78.0
57,4957440,97.0
57,4957500,87.0
57,4957560,132.0
57,4957620,108.0
57,4957680,151.0
57,4957740,144.0
57,4957800,149.0
57,4957860,159.0
57,4957920,126.0
57,4957980,145.0
57,4958040,164.0
57,4958100,152.0
57,4958160,174.0
57,4958220,159.0
57,4958280,138.0
57,4958340,117.0
57,4958400,101.0
57,4958460,77.0
57,4958520,160.0
57,4958580,86.0
57,4958640,100.0
57,4958700,131.0
57,4958760,141.0
57,4958820,117.0
57,4958880,119.0
57,4958940,126.0
57,4959000,142.0
57,4959060,144.0
57,4959120,97.0
57,4959180,124.0
57,4959240,121.0
57,4959300,164.0
57,4959360,112.0
57,4959420,120.0
57,4959480,147.0
57,4959540,107.0
57,4959600,140.0
57,4959660,166.0
57,4959720,131.0
57,4959780,140.0
57,4959840,181.0
57,4959900,166.0
57,4959960,163.0
57,4960020,135.0
57,4960080,180.0
57,4960140,150.0
57,4960200,134.0
57,4960260,165.0
57,4960320,191.0
57,4960380,164.0
57,4960440,169.0
57,4960500,172.0
57,4960560,172.0
57,4960620,187.0
57,4960680,174.0
57,4960740,161.0
57,4960800,176.0
57,4960860,163.0
57,4960920,172.0
57,4960980,186.0
57,4961040,169.0
57,4961100,185.0
57,4961160,140.0
57,4961220,196.0
57,4961280,193.0
57,4961340,180.0
57,4961400,251.0
57,4961460,210.0
57,4961520,205.0
57,4961580,171.0
57,4961640,153.0
57,4961700,180.0
57,4961760,164.0
57,4961820,185.0
57,4961880,170.0
57,4961940,237.0
57,4962000,242.0
57,4962060,255.0
57,4962120,188.0
57,4962180,194.0
57,4962240,209.0
57,4962300,264.0
57,4962360,232.0
57,4962420,209.0
57,4962480,202.0
57,4962540,213.0
57,4962600,235.0
57,4962660,209.0
57,4962720,224.0
57,4962780,227.0
57,4962840,202.0
57,4962900,208.0
57,4962960,202.0
57,4963020,203.0
57,4963080,208.0
57,4963140,194.0
57,4963200,218.0
57,4963260,177.0
57,4963320,206.0
57,4963380,192.0
57,4963440,178.0
57,4963500,235.0
57,4963560,215.0
57,4963620,192.0
57,4963680,215.0
57,4963740,205.0
57,4963800,191.0
57,4963860,159.0
57,4963920,183.0
57,4963980,174.0
57,4964040,173.0
57,4964100,194.0
57,4964160,216.0
57,4964220,187.0
57,4964280,227.0
57,4964340,213.0
57,4964400,250.0
57,4964460,185.0
57,4964520,223.0
57,4964580,245.0
57,4964640,217.0
57,4964700,182.0
57,4964760,182.0
57,4964820,158.0
57,4964880,168.0
57,4964940,219.0
57,4965000,203.0
57,4965060,215.0
57,4965120,255.0
57,4965180,255.0
57,4965240,219.0
57,4965300,181.0
57,4965360,228.0
57,4965420,243.0
57,4965480,224.0
57,4965540,242.0
57,4965600,210.0
57,4965660,261.0
57,4965720,192.0
57,4965780,260.0
57,4965840,207.0
57,4965900,223.0
57,4965960,213.0
57,4966020,231.0
57,4966080,200.0
57,4966140,219.0
57,4966200,268.0
57,4966260,224.0
57,4966320,253.0
57,4966380,247.0
57,4966440,207.0
57,4966500,238.0
57,4966560,290.0
57,4966620,323.0
57,4966680,264.0
57,4966740,287.0
57,4966800,231.0
57,4966860,237.0
57,4966920,275.0
57,4966980,306.0
57,4967040,248.0
57,4967100,304.0
57,4967160,228.0
57,4967220,274.0
57,4967280,262.0
57,4967340,231.0
57,4967400,217.0
57,4967460,215.0
57,4967520,208.0
57,4967580,193.0
57,4967640,220.0
57,4967700,237.0
57,4967760,195.0
57,4967820,245.0
57,4967880,233.0
57,4967940,204.0
57,4968000,212.0
57,4968060,195.0
57,4968120,272.0
57,4968180,269.0
57,4968240,342.0
57,4968300,255.0
57,4968360,235.0
57,4968420,299.0
57,4968480,295.0
57,4968540,329.0
57,4968600,274.0
57,4968660,226.0
57,4968720,226.0
57,4968780,271.0
57,4968840,192.0
57,4968900,196.0
57,4968960,262.0
57,4969020,281.0
57,4969080,271.0
57,4969140,331.0
57,4969200,307.0
57,4969260,281.0
57,4969320,329.0
57,4969380,292.0
57,4969440,231.0
57,4969500,257.0
57,4969560,247.0
57,4969620,255.0
57,4969680,215.0
57,4969740,209.0
57,4969800,217.0
57,4969860,230.0
57,4969920,222.0
57,4969980,237.0
57,4970040,285.0
57,4970100,274.0
57,4970160,243.0
57,4970220,242.0
57,4970280,261.0
57,4970340,275.0
57,4970400,250.0
57,4970460,212.0
57,4970520,239.0
57,4970580,192.0
57,4970640,203.0
57,4970700,249.0
57,4970760,292.0
57,4970820,276.0
57,4970880,213.0
57,4970940,229.0
57,4971000,162.0
57,4971060,186.0
57,4971120,211.0
57,4971180,212.0
57,4971240,213.0
57,4971300,187.0
57,4971360,231.0
57,4971420,240.0
57,4971480,276.0
57,4971540,217.0
57,4971600,213.0
57,4971660,212.0
57,4971720,319.0
57,4971780,278.0
57,4971840,219.0
57,4971900,307.0
57,4971960,261.0
57,4972020,226.0
57,4972080,229.0
57,4972140,222.0
57,4972200,245.0
57,4972260,270.0
57,4972320,217.0
57,4972380,265.0
57,4972440,277.0
57,4972500,246.0
57,4972560,261.0
57,4972620,264.0
57,4972680,259.0
57,4972740,261.0
57,4972800,281.0
57,4972860,246.0
57,4972920,186.0
57,4972980,235.0
57,4973040,252.0
57,4973100,173.0
57,4973160,195.0
57,4973220,204.0
57,4973280,224.0
57,4973340,201.0
57,4973400,193.0
57,4973460,212.0
57,4973520,244.0
57,4973580,236.0
57,4973640,238.0
57,4973700,232.0
57,4973760,244.0
57,4973820,188.0
57,4973880,215.0
57,4973940,268.0
57,4974000,203.0
57,4974060,227.0
57,4974120,268.0
57,4974180,282.0
57,4974240,198.0
57,4974300,223.0
57,4974360,250.0
57,4974420,219.0
57,4974480,204.0
57,4974540,273.0
57,4974600,269.0
57,4974660,224.0
57,4974720,246.0
57,4974780,223.0
57,4974840,214.0
57,4974900,247.0
57,4974960,217.0
57,4975020,247.0
57,4975080,249.0
57,4975140,229.0
57,4975200,222.0
57,4975260,242.0
57,4975320,243.0
57,4975380,266.0
57,4975440,229.0
57,4975500,228.0
57,4975560,233.0
57,4975620,218.0
57,4975680,257.0
57,4975740,261.0
57,4975800,215.0
57,4975860,270.0
57,4975920,255.0
57,4975980,258.0
57,4976040,226.0
57,4976100,195.0
57,4976160,277.0
57,4976220,287.0
57,4976280,229.0
57,4976340,317.0
57,4976400,265.0
57,4976460,248.0
57,4976520,223.0
57,4976580,209.0
57,4976640,249.0
57,4976700,267.0
57,4976760,294.0
57,4976820,209.0
57,4976880,249.0
57,4976940,321.0
57,4977000,254.0
57,4977060,256.0
57,4977120,244.0
57,4977180,277.0
57,4977240,247.0
57,4977300,299.0
57,4977360,275.0
57,4977420,260.0
57,4977480,210.0
57,4977540,288.0
57,4977600,272.0
57,4977660,284.0
57,4977720,239.0
57,4977780,284.0
57,4977840,254.0
57,4977900,233.0
57,4977960,236.0
57,4978020,226.0
57,4978080,210.0
57,4978140,185.0
57,4978200,161.0
57,4978260,200.0
57,4978320,184.0
57,4978380,209.0
57,4978440,219.0
57,4978500,270.0
57,4978560,328.0
57,4978620,319.0
57,4978680,295.0
57,4978740,272.0
57,4978800,316.0
57,4978860,272.0
57,4978920,301.0
57,4978980,288.0
57,4979040,245.0
57,4979100,235.0
57,4979160,281.0
57,4979220,295.0
57,4979280,309.0
57,4979340,302.0
57,4979400,341.0
57,4979460,262.0
57,4979520,277.0
57,4979580,361.0
57,4979640,257.0
57,4979700,296.0
57,4979760,316.0
57,4979820,291.0
57,4979880,308.0
57,4979940,311.0
57,4980000,291.0
57,4980060,269.0
57,4980120,224.0
57,4980180,204.0
57,4980240,252.0
57,4980300,298.0
57,4980360,232.0
57,4980420,219.0
57,4980480,225.0
57,4980540,264.0
57,4980600,300.0
57,4980660,289.0
57,4980720,248.0
57,4980780,204.0
57,4980840,249.0
57,4980900,249.0
57,4980960,272.0
57,4981020,237.0
57,4981080,178.0
57,4981140,158.0
57,4981200,193.0
57,4981260,260.0
57,4981320,234.0
57,4981380,222.0
57,4981440,245.0
57,4981500,284.0
57,4981560,250.0
57,4981620,254.0
57,4981680,191.0
57,4981740,211.0
57,4981800,240.0
57,4981860,243.0
57,4981920,252.0
57,4981980,204.0
57,4982040,212.0
57,4982100,220.0
57,4982160,299.0
57,4982220,237.0
57,4982280,231.0
57,4982340,256.0
57,4982400,252.0
57,4982460,210.0
57,4982520,212.0
57,4982580,254.0
57,4982640,264.0
57,4982700,275.0
57,4982760,259.0
57,4982820,219.0
57,4982880,239.0
57,4982940,192.0
57,4983000,232.0
57,4983060,245.0
57,4983120,192.0
57,4983180,267.0
57,4983240,307.0
57,4983300,213.0
57,4983360,311.0
57,4983420,239.0
57,4983480,272.0
57,4983540,234.0
57,4983600,276.0
57,4983660,278.0
57,4983720,226.0
57,4983780,252.0
57,4983840,211.0
57,4983900,310.0
57,4983960,302.0
57,4984020,302.0
57,4984080,262.0
57,4984140,233.0
57,4984200,251.0
57,4984260,284.0
57,4984320,299.0
57,4984380,317.0
57,4984440,295.0
57,4984500,279.0
57,4984560,310.0
57,4984620,287.0
57,4984680,274.0
57,4984740,251.0
57,4984800,223.0
57,4984860,293.0
57,4984920,300.0
57,4984980,274.0
57,4985040,244.0
57,4985100,271.0
57,4985160,234.0
57,4985220,272.0
57,4985280,253.0
57,4985340,262.0
57,4985400,228.0
57,4985460,214.0
57,4985520,161.0
57,4985580,177.0
57,4985640,195.0
57,4985700,208.0
57,4985760,229.0
57,4985820,272.0
57,4985880,223.0
57,4985940,256.0
57,4986000,238.0
57,4986060,229.0
57,4986120,220.0
57,4986180,234.0
57,4986240,211.0
57,4986300,248.0
57,4986360,230.0
57,4986420,231.0
57,4986480,196.0
57,4986540,270.0
57,4986600,277.0
57,4986660,237.0
57,4986720,227.0
57,4986780,226.0
57,4986840,234.0
57,4986900,282.0
57,4986960,272.0
57,4987020,235.0
57,4987080,243.0
57,4987140,233.0
57,4987200,261.0
57,4987260,253.0
57,4987320,242.0
57,4987380,235.0
57,4987440,297.0
57,4987500,207.0
57,4987560,205.0
57,4987620,237.0
57,4987680,235.0
57,4987740,227.0
57,4987800,255.0
57,4987860,265.0
57,4987920,249.0
57,4987980,232.0
57,4988040,224.0
57,4988100,215.0
57,4988160,231.0
57,4988220,222.0
57,4988280,214.0
57,4988340,205.0
57,4988400,238.0
57,4988460,238.0
57,4988520,254.0
57,4988580,239.0
57,4988640,235.0
57,4988700,229.0
57,4988760,208.0
57,4988820,219.0
57,4988880,206.0
57,4988940,293.0
57,4989000,186.0
57,4989060,192.0
57,4989120,227.0
57,4989180,258.0
57,4989240,248.0
57,4989300,244.0
57,4989360,250.0
57,4989420,264.0
57,4989480,284.0
57,4989540,259.0
57,4989600,282.0
57,4989660,274.0
57,4989720,298.0
57,4989780,256.0
57,4989840,257.0
57,4989900,247.0
57,4989960,248.0
57,4990020,212.0
57,4990080,218.0
57,4990140,188.0
57,4990200,211.0
57,4990260,222.0
57,4990320,256.0
57,4990380,226.0
57,4990440,242.0
57,4990500,253.0
57,4990560,324.0
57,4990620,226.0
57,4990680,258.0
57,4990740,284.0
57,4990800,251.0
57,4990860,274.0
57,4990920,289.0
57,4990980,254.0
57,4991040,285.0
57,4991100,253.0
57,4991160,216.0
57,4991220,260.0
57,4991280,247.0
57,4991340,186.0
57,4991400,217.0
57,4991460,190.0
57,4991520,211.0
57,4991580,234.0
57,4991640,215.0
57,4991700,159.0
57,4991760,156.0
57,4991820,170.0
57,4991880,161.0
57,4991940,207.0
57,4992000,236.0
57,4992060,209.0
57,4992120,200.0
57,4992180,195.0
57,4992240,178.0
57,4992300,165.0
57,4992360,235.0
57,4992420,191.0
57,4992480,192.0
57,4992540,228.0
57,4992600,236.0
57,4992660,168.0
57,4992720,174.0
57,4992780,219.0
57,4992840,200.0
57,4992900,188.0
57,4992960,164.0
57,4993020,184.0
57,4993080,166.0
57,4993140,204.0
57,4993200,272.0
57,4993260,258.0
57,4993320,203.0
57,4993380,262.0
57,4993440,307.0
57,4993500,269.0
57,4993560,257.0
57,4993620,219.0
57,4993680,260.0
57,4993740,237.0
57,4993800,165.0
57,4993860,176.0
57,4993920,182.0
57,4993980,206.0
57,4994040,224.0
57,4994100,204.0
57,4994160,251.0
57,4994220,226.0
57,4994280,235.0
57,4994340,284.0
57,4994400,314.0
57,4994460,168.0
57,4994520,200.0
57,4994580,276.0
57,4994640,258.0
57,4994700,197.0
57,4994760,175.0
57,4994820,160.0
57,4994880,190.0
57,4994940,212.0
57,4995000,222.0
57,4995060,216.0
57,4995120,230.0
57,4995180,234.0
57,4995240,240.0
57,4995300,266.0
57,4995360,243.0
57,4995420,203.0
57,4995480,203.0
57,4995540,211.0
57,4995600,189.0
57,4995660,180.0
57,4995720,213.0
57,4995780,205.0
57,4995840,217.0
57,4995900,225.0
57,4995960,228.0
57,4996020,207.0
57,4996080,171.0
57,4996140,231.0
57,4996200,206.0
57,4996260,217.0
57,4996320,239.0
57,4996380,200.0
57,4996440,225.0
57,4996500,214.0
57,4996560,193.0
57,4996620,176.0
57,4996680,145.0
57,4996740,191.0
57,4996800,226.0
57,4996860,217.0
57,4996920,209.0
57,4996980,226.0
57,4997040,169.0
57,4997100,181.0
57,4997160,228.0
57,4997220,287.0
57,4997280,240.0
57,4997340,246.0
57,4997400,214.0
57,4997460,227.0
57,4997520,249.0
57,4997580,251.0
57,4997640,243.0
57,4997700,266.0
57,4997760,336.0
57,4997820,274.0
57,4997880,304.0
57,4997940,264.0
57,4998000,273.0
57,4998060,208.0
57,4998120,223.0
57,4998180,252.0
57,4998240,225.0
57,4998300,204.0
57,4998360,223.0
57,4998420,227.0
57,4998480,225.0
57,4998540,279.0
57,4998600,278.0
57,4998660,348.0
57,4998720,280.0
57,4998780,262.0
57,4998840,280.0
57,4998900,209.0
57,4998960,250.0
57,4999020,301.0
57,4999080,326.0
57,4999140,216.0
57,4999200,217.0
57,4999260,349.0
57,4999320,288.0
57,4999380,247.0
57,4999440,218.0
57,4999500,220.0
57,4999560,202.0
57,4999620,210.0
57,4999680,239.0
57,4999740,311.0
57,4999800,210.0
57,4999860,182.0
57,4999920,242.0
57,4999980,240.0
57,5000040,261.0
57,5000100,298.0
57,5000160,240.0
57,5000220,281.0
57,5000280,258.0
57,5000340,292.0
57,5000400,297.0
57,5000460,336.0
57,5000520,298.0
57,5000580,335.0
57,5000640,343.0
57,5000700,317.0
57,5000760,271.0
57,5000820,292.0
57,5000880,286.0
57,5000940,255.0
57,5001000,266.0
57,5001060,277.0
57,5001120,203.0
57,5001180,196.0
57,5001240,226.0
57,5001300,220.0
57,5001360,204.0
57,5001420,245.0
57,5001480,220.0
57,5001540,249.0
57,5001600,282.0
57,5001660,231.0
57,5001720,248.0
57,5001780,226.0
57,5001840,234.0
57,5001900,205.0
57,5001960,240.0
57,5002020,259.0
57,5002080,203.0
57,5002140,219.0
57,5002200,254.0
57,5002260,208.0
57,5002320,204.0
57,5002380,206.0
57,5002440,211.0
57,5002500,205.0
57,5002560,255.0
57,5002620,204.0
57,5002680,192.0
57,5002740,193.0
57,5002800,229.0
57,5002860,183.0
57,5002920,203.0
57,5002980,170.0
57,5003040,215.0
57,5003100,227.0
57,5003160,209.0
57,5003220,268.0
57,5003280,223.0
57,5003340,236.0
57,5003400,222.0
57,5003460,243.0
57,5003520,215.0
57,5003580,196.0
57,5003640,206.0
57,5003700,190.0
57,5003760,207.0
57,5003820,243.0
57,5003880,242.0
57,5003940,223.0
57,5004000,211.0
57,5004060,201.0
57,5004120,268.0
57,5004180,192.0
57,5004240,203.0
57,5004300,235.0
57,5004360,269.0
57,5004420,228.0
57,5004480,205.0
57,5004540,275.0
57,5004600,237.0
57,5004660,258.0
57,5004720,246.0
57,5004780,270.0
57,5004840,287.0
57,5004900,291.0
57,5004960,232.0
57,5005020,235.0
57,5005080,242.0
57,5005140,219.0
57,5005200,224.0
57,5005260,266.0
57,5005320,223.0
57,5005380,306.0
57,5005440,226.0
57,5005500,254.0
57,5005560,216.0
57,5005620,207.0
57,5005680,174.0
57,5005740,233.0
57,5005800,247.0
57,5005860,196.0
57,5005920,203.0
57,5005980,198.0
57,5006040,247.0
57,5006100,233.0
57,5006160,205.0
57,5006220,160.0
57,5006280,184.0
57,5006340,133.0
57,5006400,147.0
57,5006460,151.0
57,5006520,144.0
57,5006580,164.0
57,5006640,187.0
57,5006700,220.0
57,5006760,146.0
57,5006820,148.0
57,5006880,122.0
57,5006940,160.0
57,5007000,141.0
57,5007060,187.0
57,5007120,190.0
57,5007180,194.0
57,5007240,181.0
57,5007300,156.0
57,5007360,184.0
57,5007420,187.0
57,5007480,198.0
57,5007540,154.0
57,5007600,146.0
57,5007660,164.0
57,5007720,182.0
57,5007780,145.0
57,5007840,197.0
57,5007900,170.0
57,5007960,191.0
57,5008020,233.0
57,5008080,192.0
57,5008140,176.0
57,5008200,188.0
57,5008260,168.0
57,5008320,191.0
57,5008380,127.0
57,5008440,197.0
57,5008500,147.0
57,5008560,134.0
57,5008620,164.0
57,5008680,165.0
57,5008740,196.0
57,5008800,156.0
57,5008860,148.0
57,5008920,163.0
57,5008980,190.0
57,5009040,185.0
57,5009100,180.0
57,5009160,156.0
57,5009220,156.0
57,5009280,191.0
57,5009340,153.0
57,5009400,165.0
57,5009460,132.0
57,5009520,170.0
57,5009580,146.0
57,5009640,122.0
57,5009700,143.0
57,5009760,138.0
57,5009820,167.0
57,5009880,130.0
57,5009940,147.0
57,5010000,145.0
57,5010060,132.0
57,5010120,131.0
57,5010180,97.0
57,5010240,118.0
57,5010300,140.0
57,5010360,176.0
57,5010420,107.0
57,5010480,134.0
57,5010540,138.0
57,5010600,127.0
57,5010660,102.0
57,5010720,100.0
57,5010780,194.0
57,5010840,116.0
57,5010900,138.0
57,5010960,176.0
57,5011020,173.0
57,5011080,131.0
57,5011140,146.0
58,5011200,114.0
58,5011260,142.0
58,5011320,151.0
58,5011380,177.0
58,5011440,144.0
58,5011500,136.0
58,5011560,168.0
58,5011620,158.0
58,5011680,112.0
58,5011740,122.0
58,5011800,88.0
58,5011860,88.0
58,5011920,96.0
58,5011980,120.0
58,5012040,112.0
58,5012100,126.0
58,5012160,87.0
58,5012220,76.0
58,5012280,109.0
58,5012340,120.0
58,5012400,117.0
58,5012460,85.0
58,5012520,98.0
58,5012580,142.0
58,5012640,104.0
58,5012700,97.0
58,5012760,134.0
58,5012820,150.0
58,5012880,133.0
58,5012940,141.0
58,5013000,122.0
58,5013060,125.0
58,5013120,110.0
58,5013180,79.0
58,5013240,102.0
58,5013300,101.0
58,5013360,71.0
58,5013420,61.0
58,5013480,71.0
58,5013540,75.0
58,5013600,94.0
58,5013660,96.0
58,5013720,101.0
58,5013780,98.0
58,5013840,90.0
58,5013900,98.0
58,5013960,99.0
58,5014020,66.0
58,5014080,58.0
58,5014140,82.0
58,5014200,88.0
58,5014260,52.0
58,5014320,45.0
58,5014380,68.0
58,5014440,85.0
58,5014500,94.0
58,5014560,103.0
58,5014620,79.0
58,5014680,60.0
58,5014740,81.0
58,5014800,62.0
58,5014860,83.0
58,5014920,67.0
58,5014980,70.0
58,5015040,85.0
58,5015100,102.0
58,5015160,69.0
58,5015220,70.0
58,5015280,63.0
58,5015340,91.0
58,5015400,79.0
58,5015460,54.0
58,5015520,78.0
58,5015580,84.0
58,5015640,85.0
58,5015700,94.0
58,5015760,78.0
58,5015820,81.0
58,5015880,65.0
58,5015940,68.0
58,5016000,69.0
58,5016060,62.0
58,5016120,61.0
58,5016180,82.0
58,5016240,92.0
58,5016300,87.0
58,5016360,68.0
58,5016420,78.0
58,5016480,70.0
58,5016540,61.0
58,5016600,37.0
58,5016660,61.0
58,5016720,75.0
58,5016780,45.0
58,5016840,50.0
58,5016900,58.0
58,5016960,34.0
58,5017020,38.0
58,5017080,34.0
58,5017140,43.0
58,5017200,41.0
58,5017260,56.0
58,5017320,41.0
58,5017380,38.0
58,5017440,36.0
58,5017500,43.0
58,5017560,36.0
58,5017620,48.0
58,5017680,74.0
58,5017740,78.0
58,5017800,66.0
58,5017860,39.0
58,5017920,36.0
58,5017980,44.0
58,5018040,38.0
58,5018100,46.0
58,5018160,28.0
58,5018220,33.0
58,5018280,35.0
58,5018340,51.0
58,5018400,20.0
58,5018460,24.0
58,5018520,45.0
58,5018580,45.0
58,5018640,40.0
58,5018700,41.0
58,5018760,54.0
58,5018820,37.0
58,5018880,27.0
58,5018940,30.0
58,5019000,28.0
58,5019060,33.0
58,5019120,44.0
58,5019180,25.0
58,5019240,43.0
58,5019300,60.0
58,5019360,32.0
58,5019420,41.0
58,5019480,52.0
58,5019540,57.0
58,5019600,50.0
58,5019660,45.0
58,5019720,22.0
58,5019780,45.0
58,5019840,43.0
58,5019900,41.0
58,5019960,39.0
58,5020020,34.0
58,5020080,32.0
58,5020140,46.0
58,5020200,34.0
58,5020260,29.0
58,5020320,41.0
58,5020380,20.0
58,5020440,36.0
58,5020500,34.0
58,5020560,32.0
58,5020620,39.0
58,5020680,35.0
58,5020740,26.0
58,5020800,20.0
58,5020860,32.0
58,5020920,8.0
58,5020980,18.0
58,5021040,21.0
58,5021100,33.0
58,5021160,8.0
58,5021220,41.0
58,5021280,29.0
58,5021340,33.0
58,5021400,22.0
58,5021460,24.0
58,5021520,28.0
58,5021580,27.0
58,5021640,20.0
58,5021700,28.0
58,5021760,32.0
58,5021820,16.0
58,5021880,29.0
58,5021940,18.0
58,5022000,18.0
58,5022060,19.0
58,5022120,32.0
58,5022180,48.0
58,5022240,42.0
58,5022300,30.0
58,5022360,26.0
58,5022420,37.0
58,5022480,54.0
58,5022540,42.0
58,5022600,44.0
58,5022660,37.0
58,5022720,27.0
58,5022780,25.0
58,5022840,15.0
58,5022900,39.0
58,5022960,26.0
58,5023020,20.0
58,5023080,23.0
58,5023140,21.0
58,5023200,30.0
58,5023260,22.0
58,5023320,19.0
58,5023380,34.0
58,5023440,14.0
58,5023500,24.0
58,5023560,16.0
58,5023620,22.0
58,5023680,30.0
58,5023740,9.0
58,5023800,12.0
58,5023860,14.0
58,5023920,3.0
58,5023980,17.0
58,5024040,15.0
58,5024100,20.0
58,5024160,25.0
58,5024220,24.0
58,5024280,14.0
58,5024340,21.0
58,5024400,20.0
58,5024460,23.0
58,5024520,28.0
58,5024580,36.0
58,5024640,21.0
58,5024700,18.0
58,5024760,20.0
58,5024820,12.0
58,5024880,20.0
58,5024940,29.0
58,5025000,35.0
58,5025060,22.0
58,5025120,20.0
58,5025180,19.0
58,5025240,23.0
58,5025300,16.0
58,5025360,26.0
58,5025420,7.0
58,5025480,38.0
58,5025540,12.0
58,5025600,13.0
58,5025660,6.0
58,5025720,8.0
58,5025780,10.0
58,5025840,24.0
58,5025900,13.0
58,5025960,6.0
58,5026020,16.0
58,5026080,15.0
58,5026140,18.0
58,5026200,13.0
58,5026260,7.0
58,5026320,40.0
58,5026380,33.0
58,5026440,14.0
58,5026500,20.0
58,5026560,21.0
58,5026620,16.0
58,5026680,17.0
58,5026740,40.0
58,5026800,33.0
58,5026860,13.0
58,5026920,23.0
58,5026980,24.0
58,5027040,16.0
58,5027100,17.0
58,5027160,8.0
58,5027220,12.0
58,5027280,14.0
58,5027340,13.0
58,5027400,12.0
58,5027460,16.0
58,5027520,8.0
58,5027580,14.0
58,5027640,18.0
58,5027700,20.0
58,5027760,19.0
58,5027820,12.0
58,5027880,10.0
58,5027940,21.0
58,5028000,10.0
58,5028060,16.0
58,5028120,15.0
58,5028180,17.0
58,5028240,24.0
58,5028300,16.0
58,5028360,12.0
58,5028420,8.0
58,5028480,8.0
58,5028540,7.0
58,5028600,8.0
58,5028660,9.0
58,5028720,10.0
58,5028780,13.0
58,5028840,18.0
58,5028900,16.0
58,5028960,14.0
58,5029020,7.0
58,5029080,9.0
58,5029140,13.0
58,5029200,4.0
58,5029260,3.0
58,5029320,9.0
58,5029380,17.0
58,5029440,25.0
58,5029500,17.0
58,5029560,9.0
58,5029620,15.0
58,5029680,15.0
58,5029740,3.0
58,5029800,20.0
58,5029860,12.0
58,5029920,5.0
58,5029980,4.0
58,5030040,13.0
58,5030100,15.0
58,5030160,9.0
58,5030220,7.0
58,5030280,12.0
58,5030340,27.0
58,5030400,21.0
58,5030460,4.0
58,5030520,7.0
58,5030580,5.0
58,5030640,9.0
58,5030700,3.0
58,5030760,2.0
58,5030820,10.0
58,5030880,4.0
58,5030940,12.0
58,5031000,1.0
58,5031060,18.0
58,5031120,14.0
58,5031180,36.0
58,5031240,20.0
58,5031300,16.0
58,5031360,12.0
58,5031420,4.0
58,5031480,6.0
58,5031540,5.0
58,5031600,7.0
58,5031660,4.0
58,5031720,14.0
58,5031780,4.0
58,5031840,17.0
58,5031900,21.0
58,5031960,8.0
58,5032020,24.0
58,5032080,33.0
58,5032140,21.0
58,5032200,9.0
58,5032260,8.0
58,5032320,10.0
58,5032380,9.0
58,5032440,16.0
58,5032500,9.0
58,5032560,8.0
58,5032620,8.0
58,5032680,8.0
58,5032740,15.0
58,5032800,6.0
58,5032860,12.0
58,5032920,12.0
58,5032980,10.0
58,5033040,13.0
58,5033100,13.0
58,5033160,16.0
58,5033220,8.0
58,5033280,19.0
58,5033340,17.0
58,5033400,4.0
58,5033460,10.0
58,5033520,9.0
58,5033580,7.0
58,5033640,5.0
58,5033700,5.0
58,5033760,7.0
58,5033820,1.0
58,5033880,12.0
58,5033940,14.0
58,5034000,9.0
58,5034060,19.0
58,5034120,5.0
58,5034180,8.0
58,5034240,24.0
58,5034300,7.0
58,5034360,20.0
58,5034420,25.0
58,5034480,7.0
58,5034540,12.0
58,5034600,3.0
58,5034660,8.0
58,5034720,13.0
58,5034780,7.0
58,5034840,17.0
58,5034900,12.0
58,5034960,26.0
58,5035020,3.0
58,5035080,9.0
58,5035140,17.0
58,5035200,17.0
58,5035260,7.0
58,5035320,4.0
58,5035380,6.0
58,5035440,12.0
58,5035500,18.0
58,5035560,15.0
58,5035620,12.0
58,5035680,7.0
58,5035740,15.0
58,5035800,12.0
58,5035860,2.0
58,5035920,18.0
58,5035980,15.0
58,5036040,10.0
58,5036100,21.0
58,5036160,3.0
58,5036220,8.0
58,5036280,9.0
58,5036340,20.0
58,5036400,12.0
58,5036460,16.0
58,5036520,10.0
58,5036580,12.0
58,5036640,25.0
58,5036700,19.0
58,5036760,17.0
58,5036820,4.0
58,5036880,17.0
58,5036940,15.0
58,5037000,13.0
58,5037060,13.0
58,5037120,18.0
58,5037180,13.0
58,5037240,17.0
58,5037300,13.0
58,5037360,17.0
58,5037420,13.0
58,5037480,16.0
58,5037540,14.0
58,5037600,21.0
58,5037660,20.0
58,5037720,23.0
58,5037780,8.0
58,5037840,26.0
58,5037900,22.0
58,5037960,23.0
58,5038020,15.0
58,5038080,19.0
58,5038140,32.0
58,5038200,37.0
58,5038260,23.0
58,5038320,45.0
58,5038380,42.0
58,5038440,19.0
58,5038500,30.0
58,5038560,23.0
58,5038620,27.0
58,5038680,24.0
58,5038740,29.0
58,5038800,49.0
58,5038860,57.0
58,5038920,48.0
58,5038980,42.0
58,5039040,56.0
58,5039100,30.0
58,5039160,37.0
58,5039220,54.0
58,5039280,46.0
58,5039340,42.0
58,5039400,41.0
58,5039460,50.0
58,5039520,56.0
58,5039580,36.0
58,5039640,35.0
58,5039700,29.0
58,5039760,47.0
58,5039820,40.0
58,5039880,41.0
58,5039940,60.0
58,5040000,62.0
58,5040060,52.0
58,5040120,60.0
58,5040180,80.0
58,5040240,64.0
58,5040300,58.0
58,5040360,62.0
58,5040420,71.0
58,5040480,60.0
58,5040540,94.0
58,5040600,102.0
58,5040660,83.0
58,5040720,101.0
58,5040780,94.0
58,5040840,103.0
58,5040900,85.0
58,5040960,90.0
58,5041020,69.0
58,5041080,59.0
58,5041140,81.0
58,5041200,84.0
58,5041260,83.0
58,5041320,88.0
58,5041380,98.0
58,5041440,70.0
58,5041500,91.0
58,5041560,124.0
58,5041620,124.0
58,5041680,111.0
58,5041740,102.0
58,5041800,107.0
58,5041860,100.0
58,5041920,149.0
58,5041980,131.0
58,5042040,140.0
58,5042100,110.0
58,5042160,150.0
58,5042220,155.0
58,5042280,108.0
58,5042340,99.0
58,5042400,127.0
58,5042460,121.0
58,5042520,142.0
58,5042580,147.0
58,5042640,191.0
58,5042700,128.0
58,5042760,121.0
58,5042820,123.0
58,5042880,147.0
58,5042940,164.0
58,5043000,172.0
58,5043060,142.0
58,5043120,147.0
58,5043180,166.0
58,5043240,158.0
58,5043300,168.0
58,5043360,150.0
58,5043420,162.0
58,5043480,197.0
58,5043540,177.0
58,5043600,203.0
58,5043660,189.0
58,5043720,198.0
58,5043780,233.0
58,5043840,236.0
58,5043900,246.0
58,5043960,237.0
58,5044020,161.0
58,5044080,203.0
58,5044140,207.0
58,5044200,250.0
58,5044260,220.0
58,5044320,250.0
58,5044380,273.0
58,5044440,239.0
58,5044500,275.0
58,5044560,254.0
58,5044620,226.0
58,5044680,224.0
58,5044740,223.0
58,5044800,245.0
58,5044860,212.0
58,5044920,178.0
58,5044980,204.0
58,5045040,218.0
58,5045100,197.0
58,5045160,195.0
58,5045220,172.0
58,5045280,243.0
58,5045340,264.0
58,5045400,260.0
58,5045460,277.0
58,5045520,228.0
58,5045580,254.0
58,5045640,247.0
58,5045700,292.0
58,5045760,271.0
58,5045820,208.0
58,5045880,296.0
58,5045940,314.0
58,5046000,288.0
58,5046060,202.0
58,5046120,275.0
58,5046180,270.0
58,5046240,239.0
58,5046300,295.0
58,5046360,257.0
58,5046420,269.0
58,5046480,280.0
58,5046540,258.0
58,5046600,247.0
58,5046660,235.0
58,5046720,245.0
58,5046780,261.0
58,5046840,331.0
58,5046900,244.0
58,5046960,245.0
58,5047020,284.0
58,5047080,240.0
58,5047140,265.0
58,5047200,275.0
58,5047260,273.0
58,5047320,303.0
58,5047380,317.0
58,5047440,362.0
58,5047500,315.0
58,5047560,302.0
58,5047620,301.0
58,5047680,279.0
58,5047740,292.0
58,5047800,261.0
58,5047860,311.0
58,5047920,323.0
58,5047980,335.0
58,5048040,284.0
58,5048100,269.0
58,5048160,299.0
58,5048220,362.0
58,5048280,374.0
58,5048340,338.0
58,5048400,344.0
58,5048460,328.0
58,5048520,321.0
58,5048580,274.0
58,5048640,298.0
58,5048700,304.0
58,5048760,335.0
58,5048820,351.0
58,5048880,348.0
58,5048940,279.0
58,5049000,278.0
58,5049060,289.0
58,5049120,313.0
58,5049180,287.0
58,5049240,234.0
58,5049300,334.0
58,5049360,335.0
58,5049420,346.0
58,5049480,294.0
58,5049540,310.0
58,5049600,292.0
58,5049660,251.0
58,5049720,281.0
58,5049780,246.0
58,5049840,294.0
58,5049900,279.0
58,5049960,264.0
58,5050020,249.0
58,5050080,284.0
58,5050140,258.0
58,5050200,299.0
58,5050260,215.0
58,5050320,240.0
58,5050380,303.0
58,5050440,285.0
58,5050500,227.0
58,5050560,346.0
58,5050620,290.0
58,5050680,245.0
58,5050740,270.0
58,5050800,237.0
58,5050860,252.0
58,5050920,261.0
58,5050980,264.0
58,5051040,332.0
58,5051100,352.0
58,5051160,294.0
58,5051220,323.0
58,5051280,323.0
58,5051340,304.0
58,5051400,316.0
58,5051520,358.0
58,5051580,372.0
58,5051640,328.0
58,5051700,352.0
58,5051940,264.0
58,5052000,270.0
58,5052060,286.0
58,5052120,351.0
58,5052180,266.0
58,5052240,290.0
58,5052300,292.0
58,5052360,273.0
58,5052420,304.0
58,5052480,269.0
58,5052540,335.0
58,5052600,282.0
58,5052660,286.0
58,5052720,287.0
58,5052780,301.0
58,5052840,335.0
58,5052900,323.0
58,5052960,244.0
58,5053020,298.0
58,5053080,307.0
58,5053140,346.0
58,5053200,369.0
58,5053260,384.0
58,5053320,379.0
58,5053440,352.0
58,5053500,322.0
58,5053560,274.0
58,5053620,302.0
58,5053680,258.0
58,5053740,329.0
58,5053800,279.0
58,5053860,302.0
58,5053920,308.0
58,5053980,288.0
58,5054040,257.0
58,5054100,284.0
58,5054220,294.0
58,5054280,291.0
58,5054340,261.0
58,5054400,225.0
58,5054460,333.0
58,5054520,361.0
58,5054580,289.0
58,5054640,282.0
58,5054700,336.0
58,5054760,359.0
58,5054820,350.0
58,5054880,332.0
58,5054940,339.0
58,5055000,321.0
58,5055060,301.0
58,5055120,319.0
58,5055180,269.0
58,5055240,235.0
58,5055300,245.0
58,5055360,290.0
58,5055420,277.0
58,5055480,294.0
58,5055540,319.0
58,5055600,316.0
58,5055660,287.0
58,5055720,246.0
58,5055780,295.0
58,5055840,290.0
58,5055900,344.0
58,5055960,282.0
58,5056020,273.0
58,5056080,239.0
58,5056140,276.0
58,5056200,269.0
58,5056260,237.0
58,5056320,220.0
58,5056380,278.0
58,5056440,291.0
58,5056500,271.0
58,5056560,228.0
58,5056620,240.0
58,5056680,323.0
58,5056740,278.0
58,5056800,224.0
58,5056860,286.0
58,5056920,332.0
58,5056980,297.0
58,5057040,251.0
58,5057100,249.0
58,5057160,275.0
58,5057220,248.0
58,5057280,224.0
58,5057340,243.0
58,5057400,225.0
58,5057460,252.0
58,5057520,259.0
58,5057580,256.0
58,5057640,240.0
58,5057700,224.0
58,5057760,210.0
58,5057820,196.0
58,5057880,185.0
58,5057940,194.0
58,5058000,226.0
58,5058060,267.0
58,5058120,223.0
58,5058180,294.0
58,5058240,259.0
58,5058300,269.0
58,5058360,300.0
58,5058420,249.0
58,5058480,279.0
58,5058540,240.0
58,5058600,298.0
58,5058660,213.0
58,5058720,188.0
58,5058780,238.0
58,5058840,285.0
58,5058900,265.0
58,5058960,301.0
58,5059020,227.0
58,5059080,274.0
58,5059140,262.0
58,5059200,256.0
58,5059260,253.0
58,5059320,197.0
58,5059380,248.0
58,5059440,238.0
58,5059500,277.0
58,5059560,198.0
58,5059620,186.0
58,5059680,188.0
58,5059740,160.0
58,5059800,187.0
58,5059860,191.0
58,5059920,154.0
58,5059980,186.0
58,5060040,203.0
58,5060100,202.0
58,5060160,202.0
58,5060220,223.0
58,5060280,172.0
58,5060340,197.0
58,5060400,285.0
58,5060460,247.0
58,5060520,237.0
58,5060580,203.0
58,5060640,252.0
58,5060700,257.0
58,5060760,278.0
58,5060820,228.0
58,5060880,215.0
58,5060940,270.0
58,5061000,240.0
58,5061060,236.0
58,5061120,245.0
58,5061180,172.0
58,5061240,211.0
58,5061300,232.0
58,5061360,254.0
58,5061420,163.0
58,5061480,182.0
58,5061540,214.0
58,5061600,222.0
58,5061660,292.0
58,5061720,191.0
58,5061780,209.0
58,5061840,254.0
58,5061900,295.0
58,5061960,236.0
58,5062020,246.0
58,5062080,240.0
58,5062140,218.0
58,5062200,279.0
58,5062260,268.0
58,5062320,227.0
58,5062380,300.0
58,5062440,261.0
58,5062500,273.0
58,5062560,280.0
58,5062620,289.0
58,5062680,323.0
58,5062740,259.0
58,5062800,266.0
58,5062860,270.0
58,5062920,306.0
58,5062980,318.0
58,5063040,281.0
58,5063100,249.0
58,5063160,286.0
58,5063220,317.0
58,5063280,225.0
58,5063340,250.0
58,5063400,244.0
58,5063460,238.0
58,5063520,294.0
58,5063580,230.0
58,5063640,228.0
58,5063700,212.0
58,5063760,264.0
58,5063820,211.0
58,5063880,233.0
58,5063940,231.0
58,5064000,282.0
58,5064060,275.0
58,5064120,227.0
58,5064180,189.0
58,5064240,242.0
58,5064300,262.0
58,5064360,262.0
58,5064420,248.0
58,5064480,280.0
58,5064540,308.0
58,5064600,246.0
58,5064660,214.0
58,5064720,274.0
58,5064780,274.0
58,5064840,273.0
58,5064900,312.0
58,5064960,299.0
58,5065020,296.0
58,5065080,240.0
58,5065140,207.0
58,5065200,264.0
58,5065260,275.0
58,5065320,226.0
58,5065380,298.0
58,5065440,311.0
58,5065500,265.0
58,5065560,290.0
58,5065620,277.0
58,5065680,306.0
58,5065740,295.0
58,5065800,309.0
58,5065860,365.0
58,5065920,309.0
58,5065980,268.0
58,5066040,344.0
58,5066100,287.0
58,5066160,329.0
58,5066220,287.0
58,5066280,332.0
58,5066340,341.0
58,5066400,361.0
58,5066460,385.0
58,5066520,341.0
58,5066580,273.0
58,5066640,329.0
58,5066700,290.0
58,5066760,321.0
58,5066820,321.0
58,5066880,308.0
58,5066940,349.0
58,5067000,332.0
58,5067120,382.0
58,5067180,348.0
58,5067240,388.0
58,5067300,328.0
58,5067360,330.0
58,5067420,338.0
58,5067660,352.0
58,5067780,366.0
58,5067840,342.0
58,5067900,328.0
58,5067960,293.0
58,5068020,359.0
58,5068080,302.0
58,5068140,299.0
58,5068200,321.0
58,5068260,320.0
58,5068320,291.0
58,5068380,338.0
58,5068440,289.0
58,5068500,349.0
58,5068560,371.0
58,5068680,364.0
58,5068740,316.0
58,5068800,277.0
58,5068860,276.0
58,5068920,307.0
58,5068980,332.0
58,5069040,350.0
58,5069100,277.0
58,5069160,290.0
58,5069220,306.0
58,5069280,357.0
58,5069340,340.0
58,5069400,297.0
58,5069460,374.0
58,5069520,292.0
58,5069580,366.0
58,5069640,377.0
58,5069700,326.0
58,5069760,334.0
58,5069820,329.0
58,5069880,303.0
58,5069940,330.0
58,5070060,312.0
58,5070120,228.0
58,5070180,348.0
58,5070240,273.0
58,5070300,292.0
58,5070360,360.0
58,5070420,395.0
58,5070480,340.0
58,5070540,364.0
58,5070600,323.0
58,5070660,324.0
58,5070720,342.0
58,5070780,294.0
58,5070840,276.0
58,5070900,311.0
58,5070960,320.0
58,5071020,304.0
58,5071080,349.0
58,5071140,363.0
58,5071200,334.0
58,5071260,295.0
58,5071320,300.0
58,5071380,280.0
58,5071440,293.0
58,5071500,360.0
58,5071560,341.0
58,5071620,257.0
58,5071680,277.0
58,5071740,345.0
58,5071800,352.0
58,5071860,285.0
58,5071920,304.0
58,5071980,326.0
58,5072040,336.0
58,5072100,279.0
58,5072160,250.0
58,5072220,315.0
58,5072280,329.0
58,5072400,213.0
58,5072460,239.0
58,5072520,280.0
58,5072580,311.0
58,5072640,282.0
58,5072700,301.0
58,5072760,288.0
58,5072820,285.0
58,5072880,309.0
58,5072940,240.0
58,5073000,252.0
58,5073060,301.0
58,5073120,298.0
58,5073180,346.0
58,5073240,378.0
58,5073300,321.0
58,5073360,356.0
58,5073420,315.0
58,5073480,259.0
58,5073540,332.0
58,5073600,311.0
58,5073660,298.0
58,5073720,285.0
58,5073780,254.0
58,5073840,264.0
58,5073900,276.0
58,5073960,276.0
58,5074020,345.0
58,5074080,285.0
58,5074140,321.0
58,5074200,388.0
58,5074260,277.0
58,5074320,236.0
58,5074380,217.0
58,5074440,276.0
58,5074500,272.0
58,5074560,290.0
58,5074620,298.0
58,5074680,280.0
58,5074740,254.0
58,5074800,252.0
58,5074860,350.0
58,5074980,324.0
58,5075040,384.0
58,5075160,298.0
58,5075220,253.0
58,5075280,244.0
58,5075340,276.0
58,5075400,298.0
58,5075460,341.0
58,5075520,361.0
58,5075580,318.0
58,5075640,309.0
58,5075700,306.0
58,5075760,300.0
58,5075820,387.0
58,5075880,356.0
58,5075940,355.0
58,5076000,391.0
58,5076060,356.0
58,5076120,354.0
58,5076180,337.0
58,5076240,281.0
58,5076300,279.0
58,5076360,271.0
58,5076420,217.0
58,5076480,316.0
58,5076540,290.0
58,5076600,229.0
58,5076780,291.0
58,5076840,321.0
58,5076900,237.0
58,5076960,268.0
58,5077020,308.0
58,5077080,289.0
58,5077140,360.0
58,5077200,334.0
58,5077260,266.0
58,5077320,276.0
58,5077380,246.0
58,5077440,353.0
58,5077500,302.0
58,5077560,246.0
58,5077620,259.0
58,5077680,265.0
58,5077740,264.0
58,5077800,256.0
58,5077860,245.0
58,5078100,253.0
58,5078160,276.0
58,5078220,228.0
58,5078280,213.0
58,5078340,251.0
58,5078400,258.0
58,5078460,278.0
58,5078520,222.0
58,5078580,227.0
58,5078640,220.0
58,5078700,206.0
58,5078760,237.0
58,5078820,175.0
58,5078880,181.0
58,5078940,295.0
58,5079000,220.0
58,5079060,161.0
58,5079120,209.0
58,5079180,205.0
58,5079240,247.0
58,5079300,258.0
58,5079360,214.0
58,5079420,246.0
58,5079480,276.0
58,5079540,216.0
58,5079600,240.0
58,5079660,237.0
58,5079720,207.0
58,5079780,204.0
58,5079840,289.0
58,5079900,274.0
58,5079960,279.0
58,5080020,207.0
58,5080080,308.0
58,5080140,272.0
58,5080200,262.0
58,5080260,257.0
58,5080320,273.0
58,5080380,252.0
58,5080440,265.0
58,5080500,275.0
58,5080560,245.0
58,5080620,292.0
58,5080680,258.0
58,5080740,323.0
58,5080800,329.0
58,5080860,272.0
58,5080920,251.0
58,5080980,251.0
58,5081040,278.0
58,5081100,204.0
58,5081160,225.0
58,5081220,282.0
58,5081280,185.0
58,5081340,227.0
58,5081400,227.0
58,5081460,257.0
58,5081520,203.0
58,5081580,193.0
58,5081640,256.0
58,5081700,225.0
58,5081760,222.0
58,5081820,230.0
58,5081880,220.0
58,5081940,273.0
58,5082000,219.0
58,5082060,298.0
58,5082120,274.0
58,5082180,195.0
58,5082240,231.0
58,5082300,261.0
58,5082360,285.0
58,5082420,267.0
58,5082480,265.0
58,5082540,250.0
58,5082600,256.0
58,5082660,210.0
58,5082720,237.0
58,5082780,262.0
58,5082840,346.0
58,5082900,223.0
58,5082960,218.0
58,5083020,250.0
58,5083080,245.0
58,5083140,208.0
58,5083200,202.0
58,5083260,224.0
58,5083320,238.0
58,5083380,335.0
58,5083440,293.0
58,5083500,248.0
58,5083560,238.0
58,5083620,251.0
58,5083680,282.0
58,5083740,312.0
58,5083800,290.0
58,5083860,251.0
58,5083920,270.0
58,5083980,287.0
58,5084040,262.0
58,5084100,280.0
58,5084160,266.0
58,5084220,207.0
58,5084280,215.0
58,5084340,223.0
58,5084400,270.0
58,5084460,205.0
58,5084520,227.0
58,5084580,216.0
58,5084640,237.0
58,5084700,225.0
58,5084760,239.0
58,5084820,177.0
58,5084880,245.0
58,5084940,243.0
58,5085000,254.0
58,5085060,234.0
58,5085120,261.0
58,5085180,244.0
58,5085240,297.0
58,5085300,229.0
58,5085360,228.0
58,5085420,228.0
58,5085480,223.0
58,5085540,272.0
58,5085600,267.0
58,5085660,255.0
58,5085720,260.0
58,5085780,228.0
58,5085840,248.0
58,5085900,264.0
58,5085960,232.0
58,5086020,252.0
58,5086080,256.0
58,5086140,247.0
58,5086200,185.0
58,5086260,253.0
58,5086320,233.0
58,5086380,238.0
58,5086440,270.0
58,5086500,233.0
58,5086560,214.0
58,5086620,249.0
58,5086680,180.0
58,5086740,196.0
58,5086800,278.0
58,5086860,249.0
58,5086920,272.0
58,5086980,242.0
58,5087040,219.0
58,5087100,265.0
58,5087160,196.0
58,5087220,228.0
58,5087280,248.0
58,5087340,255.0
58,5087400,227.0
58,5087460,232.0
58,5087520,210.0
58,5087580,266.0
58,5087640,220.0
58,5087700,303.0
58,5087760,222.0
58,5087820,229.0
58,5087880,303.0
58,5087940,274.0
58,5088000,292.0
58,5088060,297.0
58,5088120,301.0
58,5088180,315.0
58,5088240,397.0
58,5088300,385.0
58,5088360,272.0
58,5088420,303.0
58,5088480,273.0
58,5088540,277.0
58,5088600,252.0
58,5088660,256.0
58,5088720,239.0
58,5088780,277.0
58,5088840,273.0
58,5088900,237.0
58,5088960,289.0
58,5089020,257.0
58,5089080,210.0
58,5089140,181.0
58,5089200,217.0
58,5089260,175.0
58,5089320,201.0
58,5089380,183.0
58,5089440,253.0
58,5089500,247.0
58,5089560,202.0
58,5089620,214.0
58,5089680,194.0
58,5089740,227.0
58,5089800,248.0
58,5089860,248.0
58,5089920,206.0
58,5089980,207.0
58,5090040,239.0
58,5090100,232.0
58,5090160,220.0
58,5090220,174.0
58,5090280,193.0
58,5090340,195.0
58,5090400,196.0
58,5090460,220.0
58,5090520,235.0
58,5090580,219.0
58,5090640,233.0
58,5090700,248.0
58,5090760,270.0
58,5090820,233.0
58,5090880,239.0
58,5090940,194.0
58,5091000,274.0
58,5091060,239.0
58,5091120,275.0
58,5091180,326.0
58,5091240,308.0
58,5091300,248.0
58,5091360,254.0
58,5091420,219.0
58,5091480,206.0
58,5091540,224.0
58,5091600,292.0
58,5091660,226.0
58,5091720,190.0
58,5091780,205.0
58,5091840,197.0
58,5091900,165.0
58,5091960,172.0
58,5092020,170.0
58,5092080,162.0
58,5092140,235.0
58,5092200,186.0
58,5092260,175.0
58,5092320,204.0
58,5092380,186.0
58,5092440,207.0
58,5092500,173.0
58,5092560,212.0
58,5092620,174.0
58,5092680,240.0
58,5092740,226.0
58,5092800,178.0
58,5092860,183.0
58,5092920,190.0
58,5092980,146.0
58,5093040,233.0
58,5093100,177.0
58,5093160,154.0
58,5093220,161.0
58,5093280,182.0
58,5093340,151.0
58,5093400,173.0
58,5093460,161.0
58,5093520,187.0
58,5093580,172.0
58,5093640,161.0
58,5093700,127.0
58,5093760,202.0
58,5093820,196.0
58,5093880,139.0
58,5093940,158.0
58,5094000,144.0
58,5094060,163.0
58,5094120,156.0
58,5094180,151.0
58,5094240,177.0
58,5094300,195.0
58,5094360,117.0
58,5094420,160.0
58,5094480,205.0
58,5094540,218.0
58,5094600,248.0
58,5094660,197.0
58,5094720,182.0
58,5094780,169.0
58,5094840,207.0
58,5094900,155.0
58,5094960,153.0
58,5095020,154.0
58,5095080,145.0
58,5095140,161.0
58,5095200,158.0
58,5095260,151.0
58,5095320,172.0
58,5095380,223.0
58,5095440,162.0
58,5095500,159.0
58,5095560,122.0
58,5095620,180.0
58,5095680,124.0
58,5095740,144.0
58,5095800,132.0
58,5095860,160.0
58,5095920,201.0
58,5095980,194.0
58,5096040,144.0
58,5096100,178.0
58,5096160,174.0
58,5096220,151.0
58,5096280,141.0
58,5096340,106.0
58,5096400,111.0
58,5096460,113.0
58,5096520,132.0
58,5096580,141.0
58,5096640,150.0
58,5096700,163.0
58,5096760,124.0
58,5096820,125.0
58,5096880,116.0
58,5096940,136.0
58,5097000,118.0
58,5097060,142.0
58,5097120,138.0
58,5097180,148.0
58,5097240,111.0
58,5097300,143.0
58,5097360,101.0
58,5097420,148.0
58,5097480,166.0
58,5097540,96.0
59,5097600,125.0
59,5097660,110.0
59,5097720,145.0
59,5097780,117.0
59,5097840,150.0
59,5097900,129.0
59,5097960,107.0
59,5098020,116.0
59,5098080,109.0
59,5098140,127.0
59,5098200,154.0
59,5098260,173.0
59,5098320,173.0
59,5098380,247.0
59,5098440,159.0
59,5098500,146.0
59,5098560,139.0
59,5098620,192.0
59,5098680,176.0
59,5098740,148.0
59,5098800,151.0
59,5098860,121.0
59,5098920,118.0
59,5098980,98.0
59,5099040,94.0
59,5099100,103.0
59,5099160,130.0
59,5099220,133.0
59,5099280,123.0
59,5099340,107.0
59,5099400,91.0
59,5099460,59.0
59,5099520,106.0
59,5099580,98.0
59,5099640,93.0
59,5099700,80.0
59,5099760,78.0
59,5099820,121.0
59,5099880,101.0
59,5099940,96.0
59,5100000,110.0
59,5100060,68.0
59,5100120,81.0
59,5100180,128.0
59,5100240,92.0
59,5100300,97.0
59,5100360,105.0
59,5100420,82.0
59,5100480,82.0
59,5100540,150.0
59,5100600,94.0
59,5100660,72.0
59,5100720,85.0
59,5100780,76.0
59,5100840,65.0
59,5100900,76.0
59,5100960,80.0
59,5101020,54.0
59,5101080,67.0
59,5101140,75.0
59,5101200,81.0
59,5101260,81.0
59,5101320,91.0
59,5101380,96.0
59,5101440,109.0
59,5101500,103.0
59,5101560,60.0
59,5101620,70.0
59,5101680,55.0
59,5101740,69.0
59,5101800,87.0
59,5101860,86.0
59,5101920,47.0
59,5101980,83.0
59,5102040,70.0
59,5102100,64.0
59,5102160,67.0
59,5102220,46.0
59,5102280,57.0
59,5102340,49.0
59,5102400,66.0
59,5102460,64.0
59,5102520,44.0
59,5102580,42.0
59,5102640,50.0
59,5102700,49.0
59,5102760,69.0
59,5102820,56.0
59,5102880,56.0
59,5102940,67.0
59,5103000,90.0
59,5103060,85.0
59,5103120,38.0
59,5103180,38.0
59,5103240,68.0
59,5103300,62.0
59,5103360,66.0
59,5103420,78.0
59,5103480,98.0
59,5103540,54.0
59,5103600,45.0
59,5103660,37.0
59,5103720,49.0
59,5103780,48.0
59,5103840,41.0
59,5103900,26.0
59,5103960,45.0
59,5104020,34.0
59,5104080,61.0
59,5104140,37.0
59,5104200,46.0
59,5104260,25.0
59,5104320,45.0
59,5104380,58.0
59,5104440,46.0
59,5104500,66.0
59,5104560,67.0
59,5104620,41.0
59,5104680,46.0
59,5104740,33.0
59,5104800,18.0
59,5104860,26.0
59,5104920,39.0
59,5104980,47.0
59,5105040,57.0
59,5105100,36.0
59,5105160,40.0
59,5105220,19.0
59,5105280,33.0
59,5105340,57.0
59,5105400,61.0
59,5105460,60.0
59,5105520,47.0
59,5105580,37.0
59,5105640,49.0
59,5105700,45.0
59,5105760,45.0
59,5105820,50.0
59,5105880,36.0
59,5105940,34.0
59,5106000,21.0
59,5106060,42.0
59,5106120,39.0
59,5106180,50.0
59,5106240,33.0
59,5106300,32.0
59,5106360,42.0
59,5106420,70.0
59,5106480,62.0
59,5106540,52.0
59,5106600,58.0
59,5106660,35.0
59,5106720,29.0
59,5106780,30.0
59,5106840,36.0
59,5106900,22.0
59,5106960,37.0
59,5107020,32.0
59,5107080,30.0
59,5107140,38.0
59,5107200,34.0
59,5107260,29.0
59,5107320,33.0
59,5107380,30.0
59,5107440,48.0
59,5107500,27.0
59,5107560,38.0
59,5107620,20.0
59,5107680,24.0
59,5107740,36.0
59,5107800,34.0
59,5107860,29.0
59,5107920,25.0
59,5107980,33.0
59,5108040,23.0
59,5108100,12.0
59,5108160,21.0
59,5108220,15.0
59,5108280,21.0
59,5108340,23.0
59,5108400,28.0
59,5108460,15.0
59,5108520,34.0
59,5108580,23.0
59,5108640,22.0
59,5108700,29.0
59,5108760,21.0
59,5108820,18.0
59,5108880,13.0
59,5108940,22.0
59,5109000,29.0
59,5109060,17.0
59,5109120,9.0
59,5109180,17.0
59,5109240,12.0
59,5109300,14.0
59,5109360,21.0
59,5109420,32.0
59,5109480,24.0
59,5109540,29.0
59,5109600,36.0
59,5109660,29.0
59,5109720,32.0
59,5109780,41.0
59,5109840,28.0
59,5109900,29.0
59,5109960,28.0
59,5110020,14.0
59,5110080,34.0
59,5110140,10.0
59,5110200,12.0
59,5110260,17.0
59,5110320,18.0
59,5110380,17.0
59,5110440,26.0
59,5110500,26.0
59,5110560,26.0
59,5110620,20.0
59,5110680,9.0
59,5110740,19.0
59,5110800,13.0
59,5110860,10.0
59,5110920,12.0
59,5110980,4.0
59,5111040,17.0
59,5111100,19.0
59,5111160,14.0
59,5111220,18.0
59,5111280,29.0
59,5111340,14.0
59,5111400,7.0
59,5111460,8.0
59,5111520,13.0
59,5111580,18.0
59,5111640,7.0
59,5111700,23.0
59,5111760,35.0
59,5111820,82.0
59,5111880,42.0
59,5111940,8.0
59,5112000,15.0
59,5112060,6.0
59,5112120,8.0
59,5112180,10.0
59,5112240,23.0
59,5112300,8.0
59,5112360,14.0
59,5112420,12.0
59,5112480,24.0
59,5112540,12.0
59,5112600,14.0
59,5112660,28.0
59,5112720,33.0
59,5112780,25.0
59,5112840,20.0
59,5112900,15.0
59,5112960,15.0
59,5113020,9.0
59,5113080,22.0
59,5113140,21.0
59,5113200,23.0
59,5113260,19.0
59,5113320,9.0
59,5113380,2.0
59,5113440,12.0
59,5113500,13.0
59,5113560,8.0
59,5113620,13.0
59,5113680,8.0
59,5113740,23.0
59,5113800,13.0
59,5113860,8.0
59,5113920,13.0
59,5113980,24.0
59,5114040,18.0
59,5114100,10.0
59,5114160,17.0
59,5114220,6.0
59,5114280,6.0
59,5114340,14.0
59,5114400,1.0
59,5114460,15.0
59,5114520,6.0
59,5114580,15.0
59,5114640,28.0
59,5114700,13.0
59,5114760,17.0
59,5114820,8.0
59,5114880,4.0
59,5114940,14.0
59,5115000,17.0
59,5115060,8.0
59,5115120,6.0
59,5115180,6.0
59,5115240,9.0
59,5115300,8.0
59,5115360,16.0
59,5115420,20.0
59,5115480,23.0
59,5115540,7.0
59,5115600,13.0
59,5115660,3.0
59,5115720,7.0
59,5115780,20.0
59,5115840,16.0
59,5115900,12.0
59,5115960,7.0
59,5116020,9.0
59,5116080,13.0
59,5116140,15.0
59,5116200,28.0
59,5116260,16.0
59,5116320,16.0
59,5116380,4.0
59,5116440,5.0
59,5116500,14.0
59,5116560,13.0
59,5116620,17.0
59,5116680,19.0
59,5116740,28.0
59,5116800,18.0
59,5116860,19.0
59,5116920,9.0
59,5116980,9.0
59,5117040,17.0
59,5117100,9.0
59,5117160,9.0
59,5117220,16.0
59,5117280,9.0
59,5117340,22.0
59,5117400,13.0
59,5117460,5.0
59,5117520,1.0
59,5117580,14.0
59,5117640,20.0
59,5117700,9.0
59,5117760,15.0
59,5117820,16.0
59,5117880,18.0
59,5117940,19.0
59,5118000,18.0
59,5118060,9.0
59,5118120,12.0
59,5118180,8.0
59,5118240,12.0
59,5118300,4.0
59,5118360,9.0
59,5118420,10.0
59,5118480,8.0
59,5118540,10.0
59,5118600,4.0
59,5118660,15.0
59,5118720,4.0
59,5118780,4.0
59,5118840,4.0
59,5118900,9.0
59,5118960,5.0
59,5119020,22.0
59,5119080,15.0
59,5119140,15.0
59,5119200,12.0
59,5119260,6.0
59,5119320,5.0
59,5119380,10.0
59,5119440,16.0
59,5119500,13.0
59,5119560,10.0
59,5119620,7.0
59,5119680,8.0
59,5119740,3.0
59,5119800,7.0
59,5119860,20.0
59,5119920,12.0
59,5119980,10.0
59,5120040,13.0
59,5120100,14.0
59,5120160,17.0
59,5120220,15.0
59,5120280,7.0
59,5120340,12.0
59,5120400,8.0
59,5120460,12.0
59,5120520,18.0
59,5120580,7.0
59,5120640,22.0
59,5120700,9.0
59,5120760,5.0
59,5120820,36.0
59,5120880,24.0
59,5120940,13.0
59,5121000,16.0
59,5121060,17.0
59,5121120,13.0
59,5121180,9.0
59,5121240,7.0
59,5121300,2.0
59,5121360,8.0
59,5121420,9.0
59,5121480,35.0
59,5121540,13.0
59,5121600,18.0
59,5121660,13.0
59,5121720,17.0
59,5121780,14.0
59,5121840,7.0
59,5121900,13.0
59,5121960,6.0
59,5122020,9.0
59,5122080,22.0
59,5122140,35.0
59,5122200,19.0
59,5122260,9.0
59,5122320,7.0
59,5122380,21.0
59,5122440,18.0
59,5122500,8.0
59,5122560,20.0
59,5122620,14.0
59,5122680,30.0
59,5122740,14.0
59,5122800,16.0
59,5122860,15.0
59,5122920,18.0
59,5122980,18.0
59,5123040,19.0
59,5123100,17.0
59,5123160,10.0
59,5123220,19.0
59,5123280,12.0
59,5123340,16.0
59,5123400,13.0
59,5123460,12.0
59,5123520,15.0
59,5123580,20.0
59,5123640,29.0
59,5123700,34.0
59,5123760,23.0
59,5123820,34.0
59,5123880,22.0
59,5123940,34.0
59,5124000,19.0
59,5124060,40.0
59,5124120,16.0
59,5124180,22.0
59,5124240,52.0
59,5124300,23.0
59,5124360,22.0
59,5124420,35.0
59,5124480,30.0
59,5124540,19.0
59,5124600,29.0
59,5124660,35.0
59,5124720,28.0
59,5124780,36.0
59,5124840,25.0
59,5124900,32.0
59,5124960,36.0
59,5125020,48.0
59,5125080,51.0
59,5125140,48.0
59,5125200,29.0
59,5125260,33.0
59,5125320,18.0
59,5125380,35.0
59,5125440,45.0
59,5125500,59.0
59,5125560,75.0
59,5125620,40.0
59,5125680,33.0
59,5125740,50.0
59,5125800,48.0
59,5125860,66.0
59,5125920,50.0
59,5125980,69.0
59,5126040,77.0
59,5126100,54.0
59,5126160,55.0
59,5126220,57.0
59,5126280,56.0
59,5126340,58.0
59,5126400,29.0
59,5126460,79.0
59,5126520,58.0
59,5126580,51.0
59,5126640,59.0
59,5126700,99.0
59,5126760,99.0
59,5126820,163.0
59,5126880,136.0
59,5126940,134.0
59,5127000,131.0
59,5127060,108.0
59,5127120,141.0
59,5127180,134.0
59,5127240,148.0
59,5127300,141.0
59,5127360,99.0
59,5127420,60.0
59,5127480,98.0
59,5127540,91.0
59,5127600,86.0
59,5127660,100.0
59,5127720,69.0
59,5127780,91.0
59,5127840,99.0
59,5127900,96.0
59,5127960,61.0
59,5128020,108.0
59,5128080,108.0
59,5128140,104.0
59,5128200,128.0
59,5128260,109.0
59,5128320,101.0
59,5128380,105.0
59,5128440,110.0
59,5128500,105.0
59,5128560,121.0
59,5128620,110.0
59,5128680,132.0
59,5128740,151.0
59,5128800,141.0
59,5128860,122.0
59,5128920,146.0
59,5128980,132.0
59,5129040,103.0
59,5129100,148.0
59,5129160,119.0
59,5129220,130.0
59,5129280,126.0
59,5129340,170.0
59,5129400,151.0
59,5129460,185.0
59,5129520,180.0
59,5129580,176.0
59,5129640,155.0
59,5129700,210.0
59,5129760,191.0
59,5129820,153.0
59,5129880,140.0
59,5129940,127.0
59,5130000,131.0
59,5130060,110.0
59,5130120,147.0
59,5130180,180.0
59,5130240,195.0
59,5130300,139.0
59,5130360,182.0
59,5130420,193.0
59,5130480,208.0
59,5130540,228.0
59,5130600,236.0
59,5130660,277.0
59,5130720,269.0
59,5130780,259.0
59,5130840,300.0
59,5130900,268.0
59,5130960,262.0
59,5131020,200.0
59,5131080,219.0
59,5131140,239.0
59,5131200,204.0
59,5131260,222.0
59,5131320,226.0
59,5131380,278.0
59,5131440,306.0
59,5131500,306.0
59,5131560,236.0
59,5131620,247.0
59,5131680,220.0
59,5131740,278.0
59,5131800,299.0
59,5131860,222.0
59,5131920,238.0
59,5131980,274.0
59,5132040,217.0
59,5132100,281.0
59,5132160,308.0
59,5132220,257.0
59,5132280,282.0
59,5132340,252.0
59,5132400,244.0
59,5132460,274.0
59,5132520,227.0
59,5132580,255.0
59,5132640,330.0
59,5132700,341.0
59,5132760,245.0
59,5132820,228.0
59,5132880,297.0
59,5132940,248.0
59,5133000,276.0
59,5133060,267.0
59,5133120,281.0
59,5133180,286.0
59,5133240,262.0
59,5133300,266.0
59,5133360,260.0
59,5133420,311.0
59,5133480,273.0
59,5133540,261.0
59,5133600,258.0
59,5133660,296.0
59,5133720,313.0
59,5133780,311.0
59,5133840,352.0
59,5133900,261.0
59,5133960,344.0
59,5134020,286.0
59,5134080,329.0
59,5134140,317.0
59,5134200,303.0
59,5134260,258.0
59,5134320,250.0
59,5134380,326.0
59,5134440,290.0
59,5134500,278.0
59,5134560,272.0
59,5134620,308.0
59,5134680,363.0
59,5134740,324.0
59,5134800,269.0
59,5134860,322.0
59,5134920,300.0
59,5134980,258.0
59,5135040,266.0
59,5135100,231.0
59,5135160,333.0
59,5135220,271.0
59,5135280,268.0
59,5135340,294.0
59,5135400,316.0
59,5135460,236.0
59,5135520,311.0
59,5135580,310.0
59,5135640,253.0
59,5135700,308.0
59,5135760,240.0
59,5135820,243.0
59,5135880,331.0
59,5135940,271.0
59,5136000,256.0
59,5136060,293.0
59,5136120,316.0
59,5136180,333.0
59,5136240,265.0
59,5136300,274.0
59,5136360,289.0
59,5136420,334.0
59,5136480,324.0
59,5136540,314.0
59,5136600,372.0
59,5136660,383.0
59,5136780,333.0
59,5136840,244.0
59,5136900,248.0
59,5136960,243.0
59,5137020,298.0
59,5137080,269.0
59,5137140,303.0
59,5137200,299.0
59,5137260,339.0
59,5137320,366.0
59,5137380,308.0
59,5137440,369.0
59,5137500,344.0
59,5137560,378.0
59,5137620,370.0
59,5137680,284.0
59,5137740,353.0
59,5137800,314.0
59,5137860,256.0
59,5137920,312.0
59,5137980,349.0
59,5138040,215.0
59,5138100,253.0
59,5138160,262.0
59,5138220,269.0
59,5138280,295.0
59,5138340,237.0
59,5138400,269.0
59,5138460,392.0
59,5138520,375.0
59,5138580,333.0
59,5138640,317.0
59,5138700,292.0
59,5138760,318.0
59,5138820,313.0
59,5138880,282.0
59,5138940,302.0
59,5139000,259.0
59,5139060,331.0
59,5139120,308.0
59,5139180,294.0
59,5139240,330.0
59,5139300,270.0
59,5139360,279.0
59,5139420,309.0
59,5139480,239.0
59,5139540,349.0
59,5139600,297.0
59,5139660,233.0
59,5139720,290.0
59,5139780,317.0
59,5139840,330.0
59,5139960,294.0
59,5140020,258.0
59,5140080,271.0
59,5140140,295.0
59,5140200,279.0
59,5140260,297.0
59,5140320,287.0
59,5140380,266.0
59,5140440,262.0
59,5140500,274.0
59,5140560,232.0
59,5140620,249.0
59,5140680,287.0
59,5140740,332.0
59,5140920,361.0
59,5140980,348.0
59,5141040,303.0
59,5141100,288.0
59,5141160,275.0
59,5141220,268.0
59,5141280,274.0
59,5141340,286.0
59,5141400,312.0
59,5141460,300.0
59,5141520,375.0
59,5141580,357.0
59,5141640,275.0
59,5141700,302.0
59,5141760,308.0
59,5141820,363.0
59,5141880,311.0
59,5141940,346.0
59,5142000,312.0
59,5142060,248.0
59,5142120,203.0
59,5142180,279.0
59,5142240,260.0
59,5142300,279.0
59,5142360,233.0
59,5142420,228.0
59,5142480,219.0
59,5142540,230.0
59,5142600,262.0
59,5142660,248.0
59,5142720,192.0
59,5142780,246.0
59,5142840,258.0
59,5142900,312.0
59,5142960,289.0
59,5143020,273.0
59,5143080,246.0
59,5143140,298.0
59,5143200,288.0
59,5143260,289.0
59,5143320,269.0
59,5143380,280.0
59,5143440,251.0
59,5143500,277.0
59,5143560,256.0
59,5143620,277.0
59,5143680,249.0
59,5143740,223.0
59,5143800,273.0
59,5143860,222.0
59,5143920,217.0
59,5143980,210.0
59,5144040,227.0
59,5144100,262.0
59,5144160,279.0
59,5144220,209.0
59,5144280,245.0
59,5144340,231.0
59,5144400,175.0
59,5144460,203.0
59,5144520,194.0
59,5144580,256.0
59,5144640,211.0
59,5144700,190.0
59,5144760,211.0
59,5144820,249.0
59,5144880,207.0
59,5144940,224.0
59,5145000,253.0
59,5145060,321.0
59,5145120,238.0
59,5145180,297.0
59,5145240,293.0
59,5145300,371.0
59,5145360,341.0
59,5145420,322.0
59,5145480,260.0
59,5145540,292.0
59,5145600,288.0
59,5145660,190.0
59,5145720,291.0
59,5145780,240.0
59,5145840,225.0
59,5145900,171.0
59,5145960,192.0
59,5146020,251.0
59,5146080,249.0
59,5146140,223.0
59,5146200,226.0
59,5146260,218.0
59,5146320,173.0
59,5146380,229.0
59,5146440,253.0
59,5146500,257.0
59,5146560,249.0
59,5146620,198.0
59,5146680,187.0
59,5146740,197.0
59,5146800,187.0
59,5146860,262.0
59,5146920,223.0
59,5146980,220.0
59,5147040,249.0
59,5147100,187.0
59,5147160,201.0
59,5147220,259.0
59,5147280,284.0
59,5147340,232.0
59,5147400,218.0
59,5147460,299.0
59,5147520,306.0
59,5147580,224.0
59,5147640,250.0
59,5147700,245.0
59,5147760,206.0
59,5147820,225.0
59,5147880,237.0
59,5147940,230.0
59,5148000,250.0
59,5148060,260.0
59,5148120,255.0
59,5148180,249.0
59,5148240,250.0
59,5148300,232.0
59,5148360,202.0
59,5148420,275.0
59,5148480,289.0
59,5148540,236.0
59,5148600,246.0
59,5148660,277.0
59,5148720,289.0
59,5148780,265.0
59,5148840,303.0
59,5148900,195.0
59,5148960,234.0
59,5149020,274.0
59,5149080,225.0
59,5149140,201.0
59,5149200,266.0
59,5149260,228.0
59,5149320,192.0
59,5149380,222.0
59,5149440,219.0
59,5149500,198.0
59,5149560,220.0
59,5149620,248.0
59,5149680,245.0
59,5149740,237.0
59,5149800,236.0
59,5149860,217.0
59,5149920,273.0
59,5149980,247.0
59,5150040,193.0
59,5150100,252.0
59,5150160,266.0
59,5150220,204.0
59,5150280,211.0
59,5150340,190.0
59,5150400,220.0
59,5150460,208.0
59,5150520,213.0
59,5150580,172.0
59,5150640,208.0
59,5150700,205.0
59,5150760,213.0
59,5150820,231.0
59,5150880,242.0
59,5150940,236.0
59,5151000,264.0
59,5151060,303.0
59,5151120,318.0
59,5151180,233.0
59,5151240,229.0
59,5151300,261.0
59,5151360,220.0
59,5151420,235.0
59,5151480,253.0
59,5151540,222.0
59,5151600,225.0
59,5151660,260.0
59,5151720,295.0
59,5151780,318.0
59,5151840,338.0
59,5151900,299.0
59,5151960,349.0
59,5152020,292.0
59,5152080,256.0
59,5152140,298.0
59,5152200,288.0
59,5152260,281.0
59,5152320,354.0
59,5152380,337.0
59,5152440,297.0
59,5152500,298.0
59,5152560,300.0
59,5152620,287.0
59,5152680,281.0
59,5152740,343.0
59,5152800,365.0
59,5152860,332.0
59,5152980,342.0
59,5153040,338.0
59,5153100,278.0
59,5153160,291.0
59,5153220,349.0
59,5153280,253.0
59,5153340,285.0
59,5153400,316.0
59,5153460,264.0
59,5153520,344.0
59,5153580,329.0
59,5153640,354.0
59,5153760,339.0
59,5153820,385.0
59,5153880,349.0
59,5153940,287.0
59,5154000,340.0
59,5154060,303.0
59,5154120,312.0
59,5154180,282.0
59,5154240,322.0
59,5154300,380.0
59,5154360,304.0
59,5154420,315.0
59,5154480,324.0
59,5154540,284.0
59,5154600,318.0
59,5154660,301.0
59,5154720,279.0
59,5154780,340.0
59,5154840,302.0
59,5154900,298.0
59,5154960,277.0
59,5155020,322.0
59,5155080,269.0
59,5155140,245.0
59,5155200,270.0
59,5155260,279.0
59,5155320,301.0
59,5155380,260.0
59,5155440,240.0
59,5155500,297.0
59,5155560,344.0
59,5155620,327.0
59,5155680,320.0
59,5155740,326.0
59,5155800,322.0
59,5155860,374.0
59,5155920,343.0
59,5155980,351.0
59,5156040,343.0
59,5156100,368.0
59,5156220,306.0
59,5156280,338.0
59,5156340,330.0
59,5156400,333.0
59,5156520,358.0
59,5156640,294.0
59,5156700,309.0
59,5156760,393.0
59,5156820,353.0
59,5156880,354.0
59,5156940,309.0
59,5157000,341.0
59,5157060,311.0
59,5157120,314.0
59,5157180,319.0
59,5157300,329.0
59,5157360,315.0
59,5157420,310.0
59,5157480,306.0
59,5157540,317.0
59,5157600,329.0
59,5157660,316.0
59,5157720,328.0
59,5157780,288.0
59,5157840,294.0
59,5157900,293.0
59,5157960,295.0
59,5158020,297.0
59,5158080,300.0
59,5158140,276.0
59,5158200,277.0
59,5158260,316.0
59,5158320,215.0
59,5158380,304.0
59,5158440,351.0
59,5158500,318.0
59,5158560,378.0
59,5158620,272.0
59,5158680,310.0
59,5158740,280.0
59,5158800,361.0
59,5158860,285.0
59,5158920,329.0
59,5158980,280.0
59,5159040,328.0
59,5159100,242.0
59,5159160,287.0
59,5159220,360.0
59,5159280,245.0
59,5159340,277.0
59,5159400,272.0
59,5159460,337.0
59,5159520,363.0
59,5159580,395.0
59,5159640,385.0
59,5159700,393.0
59,5159760,324.0
59,5159820,376.0
59,5159880,323.0
59,5159940,290.0
59,5160000,319.0
59,5160060,306.0
59,5160120,320.0
59,5160180,316.0
59,5160240,253.0
59,5160300,253.0
59,5160360,252.0
59,5160420,290.0
59,5160480,270.0
59,5160540,375.0
59,5160600,354.0
59,5160660,355.0
59,5160720,339.0
59,5160780,268.0
59,5160840,256.0
59,5160900,280.0
59,5160960,271.0
59,5161020,270.0
59,5161080,300.0
59,5161140,311.0
59,5161200,309.0
59,5161260,331.0
59,5161320,297.0
59,5161380,288.0
59,5161440,277.0
59,5161500,271.0
59,5161560,277.0
59,5161620,251.0
59,5161680,255.0
59,5161740,271.0
59,5161800,285.0
59,5161860,258.0
59,5161920,293.0
59,5161980,310.0
59,5162040,282.0
59,5162100,284.0
59,5162160,269.0
59,5162220,306.0
59,5162280,277.0
59,5162340,265.0
59,5162400,259.0
59,5162460,252.0
59,5162520,336.0
59,5162580,330.0
59,5162640,393.0
59,5162700,377.0
59,5162760,289.0
59,5162820,345.0
59,5162880,385.0
59,5162940,390.0
59,5163000,370.0
59,5163060,315.0
59,5163120,292.0
59,5163180,244.0
59,5163240,244.0
59,5163300,266.0
59,5163360,286.0
59,5163420,243.0
59,5163480,271.0
59,5163540,278.0
59,5163600,262.0
59,5163660,274.0
59,5163720,317.0
59,5163780,243.0
59,5163840,249.0
59,5163900,248.0
59,5163960,194.0
59,5164020,225.0
59,5164080,231.0
59,5164140,287.0
59,5164200,281.0
59,5164260,300.0
59,5164320,268.0
59,5164380,224.0
59,5164440,293.0
59,5164500,226.0
59,5164560,198.0
59,5164620,233.0
59,5164680,251.0
59,5164740,220.0
59,5164800,238.0
59,5164860,193.0
59,5164920,194.0
59,5164980,280.0
59,5165040,253.0
59,5165100,254.0
59,5165160,228.0
59,5165220,230.0
59,5165280,270.0
59,5165340,289.0
59,5165400,224.0
59,5165460,224.0
59,5165520,254.0
59,5165580,255.0
59,5165640,239.0
59,5165700,244.0
59,5165760,248.0
59,5165820,246.0
59,5165880,265.0
59,5165940,234.0
59,5166000,277.0
59,5166060,290.0
59,5166120,295.0
59,5166180,313.0
59,5166240,290.0
59,5166300,237.0
59,5166360,310.0
59,5166420,253.0
59,5166480,277.0
59,5166540,282.0
59,5166600,291.0
59,5166660,279.0
59,5166720,249.0
59,5166780,220.0
59,5166840,228.0
59,5166900,224.0
59,5166960,222.0
59,5167020,228.0
59,5167080,216.0
59,5167140,252.0
59,5167200,209.0
59,5167260,197.0
59,5167320,204.0
59,5167380,141.0
59,5167440,246.0
59,5167500,222.0
59,5167560,232.0
59,5167620,182.0
59,5167680,213.0
59,5167740,252.0
59,5167800,206.0
59,5167860,193.0
59,5167920,216.0
59,5167980,185.0
59,5168040,223.0
59,5168100,280.0
59,5168160,273.0
59,5168220,253.0
59,5168280,206.0
59,5168340,280.0
59,5168400,191.0
59,5168460,254.0
59,5168520,280.0
59,5168580,259.0
59,5168640,272.0
59,5168700,222.0
59,5168760,219.0
59,5168820,278.0
59,5168880,202.0
59,5168940,208.0
59,5169000,266.0
59,5169060,226.0
59,5169120,207.0
59,5169180,205.0
59,5169240,236.0
59,5169300,268.0
59,5169360,246.0
59,5169420,267.0
59,5169480,246.0
59,5169540,262.0
59,5169600,281.0
59,5169660,326.0
59,5169720,358.0
59,5169780,368.0
59,5169840,328.0
59,5169900,287.0
59,5169960,303.0
59,5170020,286.0
59,5170080,329.0
59,5170200,333.0
59,5170260,316.0
59,5170320,291.0
59,5170380,285.0
59,5170440,293.0
59,5170500,266.0
59,5170560,275.0
59,5170620,299.0
59,5170680,342.0
59,5170740,238.0
59,5170800,310.0
59,5170860,262.0
59,5170920,271.0
59,5170980,267.0
59,5171040,287.0
59,5171100,257.0
59,5171160,249.0
59,5171220,227.0
59,5171280,242.0
59,5171340,262.0
59,5171400,272.0
59,5171460,262.0
59,5171520,300.0
59,5171580,251.0
59,5171640,266.0
59,5171700,236.0
59,5171760,226.0
59,5171820,295.0
59,5171880,296.0
59,5171940,275.0
59,5172000,304.0
59,5172060,254.0
59,5172120,303.0
59,5172180,342.0
59,5172240,227.0
59,5172300,246.0
59,5172360,266.0
59,5172420,274.0
59,5172480,301.0
59,5172540,255.0
59,5172600,227.0
59,5172660,258.0
59,5172720,282.0
59,5172780,243.0
59,5172840,254.0
59,5172900,257.0
59,5172960,244.0
59,5173020,275.0
59,5173080,212.0
59,5173140,242.0
59,5173200,346.0
59,5173260,327.0
59,5173320,323.0
59,5173380,314.0
59,5173440,286.0
59,5173500,344.0
59,5173560,302.0
59,5173620,296.0
59,5173680,307.0
59,5173740,340.0
59,5173800,261.0
59,5173860,363.0
59,5173920,273.0
59,5173980,213.0
59,5174040,316.0
59,5174100,261.0
59,5174160,245.0
59,5174220,240.0
59,5174280,234.0
59,5174340,208.0
59,5174400,320.0
59,5174460,257.0
59,5174520,200.0
59,5174580,210.0
59,5174640,201.0
59,5174700,207.0
59,5174760,239.0
59,5174820,228.0
59,5174880,226.0
59,5174940,260.0
59,5175000,231.0
59,5175060,245.0
59,5175120,251.0
59,5175180,170.0
59,5175240,219.0
59,5175300,306.0
59,5175360,228.0
59,5175420,218.0
59,5175480,222.0
59,5175540,245.0
59,5175600,277.0
59,5175660,261.0
59,5175720,261.0
59,5175780,282.0
59,5175840,220.0
59,5175900,234.0
59,5176020,190.0
59,5176080,192.0
59,5176140,257.0
59,5176200,210.0
59,5176260,226.0
59,5176320,195.0
59,5176380,234.0
59,5176440,177.0
59,5176500,220.0
59,5176560,228.0
59,5176620,214.0
59,5176680,212.0
59,5176740,183.0
59,5176800,242.0
59,5176860,320.0
59,5176920,251.0
59,5176980,298.0
59,5177040,340.0
59,5177100,256.0
59,5177160,232.0
59,5177220,223.0
59,5177280,227.0
59,5177340,273.0
59,5177400,222.0
59,5177460,195.0
59,5177520,191.0
59,5177580,156.0
59,5177640,195.0
59,5177700,198.0
59,5177760,222.0
59,5177820,194.0
59,5177880,216.0
59,5177940,182.0
59,5178000,205.0
59,5178060,200.0
59,5178120,162.0
59,5178180,180.0
59,5178240,176.0
59,5178300,194.0
59,5178360,218.0
59,5178420,203.0
59,5178480,196.0
59,5178540,235.0
59,5178600,243.0
59,5178660,219.0
59,5178720,187.0
59,5178780,153.0
59,5178840,208.0
59,5178900,216.0
59,5178960,186.0
59,5179020,290.0
59,5179080,185.0
59,5179140,166.0
59,5179200,183.0
59,5179260,156.0
59,5179320,167.0
59,5179380,163.0
59,5179440,218.0
59,5179500,211.0
59,5179560,198.0
59,5179620,201.0
59,5179680,159.0
59,5179740,180.0
59,5179800,192.0
59,5179860,182.0
59,5179920,245.0
59,5179980,186.0
59,5180040,177.0
59,5180100,196.0
59,5180160,217.0
59,5180220,192.0
59,5180280,176.0
59,5180340,196.0
59,5180400,117.0
59,5180460,181.0
59,5180520,183.0
59,5180580,138.0
59,5180640,167.0
59,5180700,162.0
59,5180760,185.0
59,5180820,206.0
59,5180880,183.0
59,5180940,209.0
59,5181000,185.0
59,5181060,196.0
59,5181120,161.0
59,5181180,156.0
59,5181240,218.0
59,5181300,188.0
59,5181360,210.0
59,5181420,212.0
59,5181480,188.0
59,5181540,193.0
59,5181600,206.0
59,5181660,206.0
59,5181720,168.0
59,5181780,181.0
59,5181840,185.0
59,5181900,201.0
59,5181960,184.0
59,5182020,212.0
59,5182080,213.0
59,5182140,151.0
59,5182200,114.0
59,5182260,160.0
59,5182320,201.0
59,5182380,198.0
59,5182440,219.0
59,5182500,197.0
59,5182560,202.0
59,5182620,182.0
59,5182680,153.0
59,5182740,141.0
59,5182800,186.0
59,5182860,172.0
59,5182920,183.0
59,5182980,183.0
59,5183040,169.0
59,5183100,161.0
59,5183160,143.0
59,5183220,170.0
59,5183280,152.0
59,5183340,153.0
59,5183400,138.0
59,5183460,181.0
59,5183520,162.0
59,5183580,117.0
59,5183640,105.0
59,5183700,148.0
59,5183760,145.0
59,5183820,154.0
59,5183880,131.0
59,5183940,151.0
60,5184000,129.0
60,5184060,106.0
60,5184120,139.0
60,5184180,165.0
60,5184240,109.0
60,5184300,109.0
60,5184360,104.0
60,5184420,160.0
60,5184480,156.0
60,5184540,154.0
60,5184600,130.0
60,5184660,145.0
60,5184720,159.0
60,5184780,140.0
60,5184840,131.0
60,5184900,107.0
60,5184960,146.0
60,5185020,176.0
60,5185080,153.0
60,5185140,181.0
60,5185200,172.0
60,5185260,156.0
60,5185320,108.0
60,5185380,122.0
60,5185440,126.0
60,5185500,153.0
60,5185560,118.0
60,5185620,123.0
60,5185680,87.0
60,5185740,69.0
60,5185800,97.0
60,5185860,88.0
60,5185920,86.0
60,5185980,91.0
60,5186040,114.0
60,5186100,110.0
60,5186160,86.0
60,5186220,70.0
60,5186280,116.0
60,5186340,80.0
60,5186400,87.0
60,5186460,105.0
60,5186520,94.0
60,5186580,86.0
60,5186640,72.0
60,5186700,74.0
60,5186760,65.0
60,5186820,107.0
60,5186880,85.0
60,5186940,82.0
60,5187000,90.0
60,5187060,83.0
60,5187120,83.0
60,5187180,85.0
60,5187240,72.0
60,5187300,86.0
60,5187360,81.0
60,5187420,60.0
60,5187480,86.0
60,5187540,72.0
60,5187600,125.0
60,5187660,62.0
60,5187720,78.0
60,5187780,72.0
60,5187840,71.0
60,5187900,85.0
60,5187960,112.0
60,5188020,86.0
60,5188080,76.0
60,5188140,46.0
60,5188200,106.0
60,5188260,112.0
60,5188320,86.0
60,5188380,87.0
60,5188440,65.0
60,5188500,67.0
60,5188560,69.0
60,5188620,55.0
60,5188680,61.0
60,5188740,55.0
60,5188800,52.0
60,5188860,52.0
60,5188920,59.0
60,5188980,75.0
60,5189040,62.0
60,5189100,58.0
60,5189160,62.0
60,5189220,61.0
60,5189280,58.0
60,5189340,58.0
60,5189400,46.0
60,5189460,81.0
60,5189520,74.0
60,5189580,48.0
60,5189640,57.0
60,5189700,69.0
60,5189760,36.0
60,5189820,56.0
60,5189880,63.0
60,5189940,58.0
60,5190000,59.0
60,5190060,42.0
60,5190120,34.0
60,5190180,57.0
60,5190240,78.0
60,5190300,65.0
60,5190360,68.0
60,5190420,64.0
60,5190480,49.0
60,5190540,57.0
60,5190600,63.0
60,5190660,40.0
60,5190720,33.0
60,5190780,44.0
60,5190840,56.0
60,5190900,50.0
60,5190960,45.0
60,5191020,66.0
60,5191080,75.0
60,5191140,28.0
60,5191200,33.0
60,5191260,50.0
60,5191320,52.0
60,5191380,79.0
60,5191440,50.0
60,5191500,41.0
60,5191560,48.0
60,5191620,50.0
60,5191680,36.0
60,5191740,43.0
60,5191800,49.0
60,5191860,76.0
60,5191920,48.0
60,5191980,39.0
60,5192040,65.0
60,5192100,59.0
60,5192160,25.0
60,5192220,37.0
60,5192280,34.0
60,5192340,40.0
60,5192400,43.0
60,5192460,27.0
60,5192520,33.0
60,5192580,41.0
60,5192640,34.0
60,5192700,61.0
60,5192760,40.0
60,5192820,44.0
60,5192880,76.0
60,5192940,71.0
60,5193000,58.0
60,5193060,93.0
60,5193120,56.0
60,5193180,48.0
60,5193240,57.0
60,5193300,49.0
60,5193360,48.0
60,5193420,61.0
60,5193480,75.0
60,5193540,25.0
60,5193600,35.0
60,5193660,34.0
60,5193720,32.0
60,5193780,34.0
60,5193840,35.0
60,5193900,30.0
60,5193960,37.0
60,5194020,21.0
60,5194080,35.0
60,5194140,23.0
60,5194200,40.0
60,5194260,55.0
60,5194320,25.0
60,5194380,35.0
60,5194440,32.0
60,5194500,39.0
60,5194560,36.0
60,5194620,25.0
60,5194680,17.0
60,5194740,42.0
60,5194800,59.0
60,5194860,37.0
60,5194920,18.0
60,5194980,32.0
60,5195040,39.0
60,5195100,48.0
60,5195160,35.0
60,5195220,32.0
60,5195280,55.0
60,5195340,41.0
60,5195400,20.0
60,5195460,21.0
60,5195520,19.0
60,5195580,28.0
60,5195640,19.0
60,5195700,30.0
60,5195760,23.0
60,5195820,24.0
60,5195880,14.0
60,5195940,18.0
60,5196000,22.0
60,5196060,28.0
60,5196120,33.0
60,5196180,28.0
60,5196240,28.0
60,5196300,36.0
60,5196360,54.0
60,5196420,35.0
60,5196480,24.0
60,5196540,29.0
60,5196600,16.0
60,5196660,21.0
60,5196720,25.0
60,5196780,18.0
60,5196840,19.0
60,5196900,22.0
60,5196960,23.0
60,5197020,10.0
60,5197080,19.0
60,5197140,17.0
60,5197200,29.0
60,5197260,23.0
60,5197320,16.0
60,5197380,14.0
60,5197440,32.0
60,5197500,16.0
60,5197560,27.0
60,5197620,23.0
60,5197680,24.0
60,5197740,12.0
60,5197800,13.0
60,5197860,21.0
60,5197920,13.0
60,5197980,22.0
60,5198040,25.0
60,5198100,16.0
60,5198160,32.0
60,5198220,22.0
60,5198280,17.0
60,5198340,24.0
60,5198400,13.0
60,5198460,12.0
60,5198520,19.0
60,5198580,12.0
60,5198640,19.0
60,5198700,14.0
60,5198760,15.0
60,5198820,7.0
60,5198880,24.0
60,5198940,13.0
60,5199000,9.0
60,5199060,18.0
60,5199120,30.0
60,5199180,23.0
60,5199240,14.0
60,5199300,14.0
60,5199360,28.0
60,5199420,29.0
60,5199480,6.0
60,5199540,16.0
60,5199600,8.0
60,5199660,13.0
60,5199720,5.0
60,5199780,3.0
60,5199840,13.0
60,5199900,18.0
60,5199960,15.0
60,5200020,7.0
60,5200080,13.0
60,5200140,15.0
60,5200200,39.0
60,5200260,41.0
60,5200320,36.0
60,5200380,48.0
60,5200440,54.0
60,5200500,45.0
60,5200560,34.0
60,5200620,40.0
60,5200680,47.0
60,5200740,32.0
60,5200800,34.0
60,5200860,18.0
60,5200920,50.0
60,5200980,54.0
60,5201040,64.0
60,5201100,39.0
60,5201160,12.0
60,5201220,19.0
60,5201280,47.0
60,5201340,13.0
60,5201400,17.0
60,5201460,7.0
60,5201520,20.0
60,5201580,8.0
60,5201640,5.0
60,5201700,9.0
60,5201760,5.0
60,5201820,12.0
60,5201880,9.0
60,5201940,25.0
60,5202000,16.0
60,5202060,17.0
60,5202120,26.0
60,5202180,27.0
60,5202240,13.0
60,5202300,7.0
60,5202360,6.0
60,5202420,13.0
60,5202480,19.0
60,5202540,13.0
60,5202600,16.0
60,5202660,13.0
60,5202720,4.0
60,5202780,9.0
60,5202840,6.0
60,5202900,7.0
60,5202960,9.0
60,5203020,4.0
60,5203080,8.0
60,5203140,22.0
60,5203200,23.0
60,5203260,4.0
60,5203320,13.0
60,5203380,17.0
60,5203440,20.0
60,5203500,5.0
60,5203560,12.0
60,5203620,9.0
60,5203680,9.0
60,5203740,10.0
60,5203800,23.0
60,5203860,18.0
60,5203920,18.0
60,5203980,27.0
60,5204040,17.0
60,5204100,7.0
60,5204160,21.0
60,5204220,9.0
60,5204280,10.0
60,5204340,16.0
60,5204400,9.0
60,5204460,13.0
60,5204520,23.0
60,5204580,10.0
60,5204640,8.0
60,5204700,8.0
60,5204760,12.0
60,5204820,7.0
60,5204880,7.0
60,5204940,17.0
60,5205000,16.0
60,5205060,21.0
60,5205120,6.0
60,5205180,10.0
60,5205240,18.0
60,5205300,7.0
60,5205360,5.0
60,5205420,13.0
60,5205480,14.0
60,5205540,10.0
60,5205600,10.0
60,5205660,15.0
60,5205720,9.0
60,5205780,20.0
60,5205840,15.0
60,5205900,13.0
60,5205960,6.0
60,5206020,8.0
60,5206080,16.0
60,5206140,9.0
60,5206200,17.0
60,5206260,23.0
60,5206320,5.0
60,5206380,5.0
60,5206440,14.0
60,5206500,19.0
60,5206560,13.0
60,5206620,4.0
60,5206680,15.0
60,5206740,17.0
60,5206800,16.0
60,5206860,30.0
60,5206920,20.0
60,5206980,9.0
60,5207040,17.0
60,5207100,16.0
60,5207160,8.0
60,5207220,12.0
60,5207280,21.0
60,5207340,16.0
60,5207400,30.0
60,5207460,14.0
60,5207520,30.0
60,5207580,17.0
60,5207640,27.0
60,5207700,29.0
60,5207760,16.0
60,5207820,35.0
60,5207880,54.0
60,5207940,19.0
60,5208000,27.0
60,5208060,39.0
60,5208120,17.0
60,5208180,16.0
60,5208240,19.0
60,5208300,37.0
60,5208360,24.0
60,5208420,42.0
60,5208480,29.0
60,5208540,36.0
60,5208600,16.0
60,5208660,40.0
60,5208720,69.0
60,5208780,56.0
60,5208840,63.0
60,5208900,49.0
60,5208960,59.0
60,5209020,25.0
60,5209080,17.0
60,5209140,26.0
60,5209200,23.0
60,5209260,19.0
60,5209320,44.0
60,5209380,27.0
60,5209440,49.0
60,5209500,79.0
60,5209560,45.0
60,5209620,43.0
60,5209680,52.0
60,5209740,56.0
60,5209800,24.0
60,5209860,33.0
60,5209920,44.0
60,5209980,13.0
60,5210040,17.0
60,5210100,59.0
60,5210160,62.0
60,5210220,57.0
60,5210280,74.0
60,5210340,74.0
60,5210400,35.0
60,5210460,18.0
60,5210520,36.0
60,5210580,21.0
60,5210640,29.0
60,5210700,21.0
60,5210760,21.0
60,5210820,23.0
60,5210880,24.0
60,5210940,25.0
60,5211000,42.0
60,5211060,45.0
60,5211120,41.0
60,5211180,26.0
60,5211240,56.0
60,5211300,34.0
60,5211360,32.0
60,5211420,39.0
60,5211480,28.0
60,5211540,49.0
60,5211600,58.0
60,5211660,63.0
60,5211720,26.0
60,5211780,37.0
60,5211840,34.0
60,5211900,52.0
60,5211960,38.0
60,5212020,47.0
60,5212080,52.0
60,5212140,42.0
60,5212200,49.0
60,5212260,36.0
60,5212320,49.0
60,5212380,46.0
60,5212440,62.0
60,5212500,58.0
60,5212560,75.0
60,5212620,61.0
60,5212680,67.0
60,5212740,50.0
60,5212800,74.0
60,5212860,80.0
60,5212920,72.0
60,5212980,82.0
60,5213040,71.0
60,5213100,65.0
60,5213160,98.0
60,5213220,80.0
60,5213280,100.0
60,5213340,85.0
60,5213400,94.0
60,5213460,135.0
60,5213520,116.0
60,5213580,97.0
60,5213640,107.0
60,5213700,106.0
60,5213760,74.0
60,5213820,118.0
60,5213880,105.0
60,5213940,134.0
60,5214000,112.0
60,5214060,128.0
60,5214120,118.0
60,5214180,124.0
60,5214240,119.0
60,5214300,203.0
60,5214360,203.0
60,5214420,185.0
60,5214480,152.0
60,5214540,189.0
60,5214600,177.0
60,5214660,168.0
60,5214720,152.0
60,5214780,181.0
60,5214840,181.0
60,5214900,144.0
60,5214960,128.0
60,5215020,167.0
60,5215080,138.0
60,5215140,125.0
60,5215200,147.0
60,5215260,190.0
60,5215320,151.0
60,5215380,164.0
60,5215440,153.0
60,5215500,163.0
60,5215560,128.0
60,5215620,170.0
60,5215680,148.0
60,5215740,174.0
60,5215800,165.0
60,5215860,168.0
60,5215920,166.0
60,5215980,184.0
60,5216040,175.0
60,5216100,192.0
60,5216160,259.0
60,5216220,212.0
60,5216280,216.0
60,5216340,209.0
60,5216400,223.0
60,5216460,218.0
60,5216520,194.0
60,5216580,256.0
60,5216640,280.0
60,5216700,204.0
60,5216760,245.0
60,5216820,253.0
60,5216880,270.0
60,5216940,284.0
60,5217000,276.0
60,5217060,276.0
60,5217120,302.0
60,5217180,256.0
60,5217240,323.0
60,5217300,391.0
60,5217360,338.0
60,5217420,335.0
60,5217480,368.0
60,5217540,340.0
60,5217600,294.0
60,5217660,308.0
60,5217720,383.0
60,5217780,387.0
60,5217840,287.0
60,5217900,311.0
60,5217960,303.0
60,5218020,295.0
60,5218080,355.0
60,5218140,376.0
60,5218200,298.0
60,5218260,300.0
60,5218320,322.0
60,5218380,290.0
60,5218440,323.0
60,5218500,292.0
60,5218560,375.0
60,5218620,318.0
60,5218680,303.0
60,5218740,271.0
60,5218800,333.0
60,5218860,294.0
60,5218920,363.0
60,5218980,331.0
60,5219040,369.0
60,5219100,290.0
60,5219160,323.0
60,5219220,337.0
60,5219280,324.0
60,5219400,378.0
60,5219460,397.0
60,5219520,355.0
60,5219580,339.0
60,5219640,322.0
60,5219700,355.0
60,5219760,346.0
60,5219820,292.0
60,5219880,302.0
60,5219940,375.0
60,5220000,392.0
60,5220060,284.0
60,5220120,366.0
60,5220180,363.0
60,5220240,309.0
60,5220300,364.0
60,5220360,365.0
60,5220480,369.0
60,5220540,328.0
60,5220600,341.0
60,5220660,342.0
60,5220720,352.0
60,5220960,372.0
60,5221020,339.0
60,5221080,395.0
60,5221140,397.0
60,5221200,375.0
60,5221320,372.0
60,5221380,361.0
60,5221500,353.0
60,5221560,311.0
60,5221620,359.0
60,5221680,334.0
60,5221740,397.0
60,5221800,362.0
60,5221860,371.0
60,5221920,359.0
60,5221980,372.0
60,5222040,377.0
60,5222100,386.0
60,5222160,342.0
60,5222220,331.0
60,5222280,393.0
60,5222460,385.0
60,5222520,338.0
60,5222580,376.0
60,5222640,394.0
60,5222880,366.0
60,5222940,392.0
60,5223000,397.0
60,5223180,349.0
60,5224260,383.0
60,5224380,354.0
60,5225100,364.0
60,5225160,396.0
60,5225220,392.0
60,5225640,387.0
60,5227020,380.0
60,5227140,355.0
60,5228160,393.0
60,5228220,395.0
60,5228280,370.0
60,5228340,368.0
60,5228400,331.0
60,5228460,362.0
60,5228520,342.0
60,5228700,374.0
60,5228940,370.0
60,5229000,363.0
60,5229060,371.0
60,5229120,396.0
60,5229180,354.0
60,5229300,361.0
60,5229360,373.0
60,5229420,357.0
60,5229480,328.0
60,5229540,358.0
60,5229600,341.0
60,5229660,392.0
60,5229780,364.0
60,5229840,374.0
60,5230020,323.0
60,5230080,370.0
60,5230140,379.0
60,5230260,393.0
60,5230320,395.0
60,5230380,379.0
60,5230440,338.0
60,5230500,386.0
60,5230560,349.0
60,5230620,332.0
60,5230680,323.0
60,5230740,282.0
60,5230800,295.0
60,5230860,329.0
60,5230920,313.0
60,5230980,333.0
60,5231040,338.0
60,5231100,360.0
60,5231220,372.0
60,5231280,362.0
60,5231340,330.0
60,5231400,312.0
60,5231460,307.0
60,5231520,332.0
60,5231580,349.0
60,5231640,273.0
60,5231700,381.0
60,5231760,369.0
60,5231820,321.0
60,5231880,313.0
60,5231940,285.0
60,5232000,346.0
60,5232120,327.0
60,5232180,310.0
60,5232240,348.0
60,5232300,332.0
60,5232420,309.0
60,5232480,380.0
60,5232540,378.0
60,5232660,381.0
60,5232780,375.0
60,5232840,355.0
60,5232900,317.0
60,5232960,311.0
60,5233020,339.0
60,5233080,311.0
60,5233140,295.0
60,5233200,324.0
60,5233260,315.0
60,5233320,340.0
60,5233380,388.0
60,5233440,344.0
60,5233500,337.0
60,5233560,331.0
60,5233620,289.0
60,5233680,329.0
60,5233740,301.0
60,5233800,294.0
60,5233860,331.0
60,5233920,311.0
60,5233980,291.0
60,5234040,337.0
60,5234100,332.0
60,5234160,352.0
60,5234220,334.0
60,5234340,357.0
60,5234400,356.0
60,5234460,378.0
60,5234520,370.0
60,5234640,376.0
60,5234820,338.0
60,5234880,392.0
60,5234940,310.0
60,5235000,376.0
60,5235180,390.0
60,5235240,345.0
60,5235300,308.0
60,5235360,355.0
60,5235420,362.0
60,5235480,386.0
60,5235600,340.0
60,5235660,339.0
60,5235720,352.0
60,5235780,372.0
60,5235840,359.0
60,5236020,371.0
60,5236080,332.0
60,5236140,319.0
60,5236200,334.0
60,5236320,354.0
60,5236380,366.0
60,5236440,346.0
60,5236500,378.0
60,5236560,335.0
60,5236620,384.0
60,5236680,362.0
60,5236740,346.0
60,5236860,338.0
60,5236920,329.0
60,5236980,322.0
60,5237040,336.0
60,5237100,358.0
60,5237160,375.0
60,5237220,370.0
60,5237280,349.0
60,5237340,335.0
60,5237400,340.0
60,5237460,383.0
60,5237520,319.0
60,5237580,351.0
60,5237640,366.0
60,5237700,315.0
60,5237760,358.0
60,5237820,337.0
60,5237880,320.0
60,5237940,380.0
60,5238000,359.0
60,5238060,380.0
60,5238120,387.0
60,5238180,333.0
60,5238240,363.0
60,5238300,375.0
60,5238360,361.0
60,5238420,357.0
60,5238480,331.0
60,5238960,382.0
60,5239080,360.0
60,5239260,385.0
60,5239320,382.0
60,5239620,340.0
60,5239740,376.0
60,5239800,394.0
60,5239860,382.0
60,5240100,372.0
60,5240220,358.0
60,5240340,370.0
60,5240460,375.0
60,5240520,378.0
60,5240580,378.0
60,5240640,346.0
60,5241120,346.0
60,5241180,353.0
60,5241240,353.0
60,5241300,373.0
60,5241360,359.0
60,5241420,371.0
60,5241480,387.0
60,5241540,376.0
60,5241600,333.0
60,5241840,358.0
60,5241960,380.0
60,5242080,395.0
60,5242380,348.0
60,5242440,393.0
60,5242680,368.0
60,5242740,374.0
60,5242800,392.0
60,5242860,360.0
60,5242920,370.0
60,5242980,323.0
60,5243040,393.0
60,5243100,373.0
60,5243340,340.0
60,5243400,369.0
60,5243700,323.0
60,5243820,340.0
60,5244000,376.0
60,5244060,373.0
60,5244120,342.0
60,5244180,346.0
60,5244240,383.0
60,5244300,387.0
60,5244360,391.0
60,5244420,386.0
60,5244660,352.0
60,5244720,383.0
60,5244780,300.0
60,5244840,338.0
60,5244900,346.0
60,5244960,288.0
60,5245020,296.0
60,5245080,378.0
60,5245140,317.0
60,5245200,338.0
60,5245260,355.0
60,5245320,343.0
60,5245380,356.0
60,5245440,322.0
60,5245500,357.0
60,5245560,302.0
60,5245620,339.0
60,5245680,380.0
60,5245740,381.0
60,5245800,353.0
60,5245860,386.0
60,5245920,327.0
60,5245980,333.0
60,5246040,364.0
60,5246100,355.0
60,5246160,377.0
60,5246220,364.0
60,5246280,307.0
60,5246340,308.0
60,5246400,343.0
60,5246460,378.0
60,5246520,312.0
60,5246580,339.0
60,5246640,329.0
60,5246700,281.0
60,5246760,289.0
60,5246820,352.0
60,5246880,341.0
60,5246940,341.0
60,5247000,362.0
60,5247060,361.0
60,5247120,301.0
60,5247180,353.0
60,5247240,348.0
60,5247300,350.0
60,5247420,346.0
60,5247480,301.0
60,5247540,379.0
60,5247600,272.0
60,5247660,285.0
60,5247720,294.0
60,5247780,273.0
60,5247840,249.0
60,5247900,250.0
60,5247960,318.0
60,5248020,315.0
60,5248080,280.0
60,5248140,267.0
60,5248200,264.0
60,5248260,303.0
60,5248320,339.0
60,5248380,311.0
60,5248440,373.0
60,5248560,348.0
60,5248620,296.0
60,5248680,261.0
60,5248740,250.0
60,5248800,261.0
60,5248860,254.0
60,5248920,317.0
60,5248980,308.0
60,5249040,299.0
60,5249100,304.0
60,5249160,259.0
60,5249220,276.0
60,5249280,289.0
60,5249340,279.0
60,5249400,319.0
60,5249460,297.0
60,5249520,311.0
60,5249580,271.0
60,5249640,302.0
60,5249700,312.0
60,5249760,371.0
60,5249820,270.0
60,5249880,285.0
60,5249940,284.0
60,5250000,291.0
60,5250060,370.0
60,5250120,359.0
60,5250180,312.0
60,5250240,324.0
60,5250300,306.0
60,5250360,291.0
60,5250420,342.0
60,5250480,276.0
60,5250540,373.0
60,5250600,386.0
60,5250660,346.0
60,5250720,365.0
60,5250780,346.0
60,5250840,281.0
60,5250900,312.0
60,5250960,336.0
60,5251020,260.0
60,5251080,213.0
60,5251140,294.0
60,5251200,271.0
60,5251260,218.0
60,5251320,238.0
60,5251380,219.0
60,5251440,314.0
60,5251500,257.0
60,5251560,256.0
60,5251620,280.0
60,5251680,280.0
60,5251740,294.0
60,5251800,304.0
60,5251860,276.0
60,5251920,306.0
60,5251980,308.0
60,5252040,275.0
60,5252100,294.0
60,5252160,268.0
60,5252220,280.0
60,5252280,271.0
60,5252340,277.0
60,5252400,235.0
60,5252460,249.0
60,5252520,259.0
60,5252580,332.0
60,5252640,329.0
60,5252700,296.0
60,5252760,272.0
60,5252820,292.0
60,5252880,306.0
60,5252940,276.0
60,5253000,233.0
60,5253060,271.0
60,5253120,257.0
60,5253180,308.0
60,5253240,237.0
60,5253300,251.0
60,5253360,290.0
60,5253420,258.0
60,5253480,207.0
60,5253540,262.0
60,5253600,236.0
60,5253660,270.0
60,5253720,228.0
60,5253780,312.0
60,5253840,287.0
60,5253900,284.0
60,5253960,267.0
60,5254020,282.0
60,5254080,286.0
60,5254140,296.0
60,5254200,300.0
60,5254260,256.0
60,5254320,306.0
60,5254380,287.0
60,5254440,260.0
60,5254500,235.0
60,5254560,246.0
60,5254620,290.0
60,5254680,260.0
60,5254740,296.0
60,5254800,304.0
60,5254860,288.0
60,5254920,318.0
60,5254980,248.0
60,5255040,264.0
60,5255100,342.0
60,5255160,264.0
60,5255220,293.0
60,5255280,278.0
60,5255340,236.0
60,5255400,240.0
60,5255460,302.0
60,5255520,230.0
60,5255580,279.0
60,5255640,296.0
60,5255700,369.0
60,5255760,321.0
60,5255820,258.0
60,5255880,290.0
60,5255940,285.0
60,5256000,317.0
60,5256060,355.0
60,5256120,300.0
60,5256180,353.0
60,5256240,340.0
60,5256300,322.0
60,5256360,309.0
60,5256420,309.0
60,5256480,375.0
60,5256540,277.0
60,5256600,339.0
60,5256660,337.0
60,5256720,256.0
60,5256780,276.0
60,5256840,211.0
60,5256900,282.0
60,5256960,292.0
60,5257020,296.0
60,5257080,302.0
60,5257140,299.0
60,5257200,292.0
60,5257260,334.0
60,5257320,351.0
60,5257380,323.0
60,5257440,361.0
60,5257500,312.0
60,5257560,378.0
60,5257620,353.0
60,5257680,340.0
60,5257740,328.0
60,5257800,301.0
60,5257860,287.0
60,5257920,244.0
60,5257980,231.0
60,5258040,254.0
60,5258100,278.0
60,5258160,323.0
60,5258220,211.0
60,5258280,264.0
60,5258340,277.0
60,5258400,280.0
60,5258460,293.0
60,5258520,267.0
60,5258580,307.0
60,5258640,229.0
60,5258700,226.0
60,5258760,255.0
60,5258820,253.0
60,5258880,268.0
60,5258940,335.0
60,5259000,309.0
60,5259060,240.0
60,5259120,322.0
60,5259180,323.0
60,5259240,249.0
60,5259300,219.0
60,5259360,258.0
60,5259420,266.0
60,5259480,291.0
60,5259540,279.0
60,5259600,225.0
60,5259660,286.0
60,5259720,260.0
60,5259780,345.0
60,5259840,372.0
60,5259900,290.0
60,5259960,352.0
60,5260020,289.0
60,5260080,299.0
60,5260140,333.0
60,5260200,306.0
60,5260260,350.0
60,5260320,353.0
60,5260380,326.0
60,5260440,265.0
60,5260500,299.0
60,5260560,312.0
60,5260620,262.0
60,5260680,287.0
60,5260740,273.0
60,5260800,256.0
60,5260860,260.0
60,5260920,271.0
60,5260980,266.0
60,5261040,276.0
60,5261100,213.0
60,5261160,273.0
60,5261220,278.0
60,5261280,243.0
60,5261340,223.0
60,5261400,300.0
60,5261460,273.0
60,5261520,251.0
60,5261580,265.0
60,5261640,243.0
60,5261700,271.0
60,5261760,194.0
60,5261820,292.0
60,5261880,261.0
60,5261940,220.0
60,5262000,210.0
60,5262060,218.0
60,5262120,262.0
60,5262180,186.0
60,5262240,214.0
60,5262300,229.0
60,5262360,253.0
60,5262420,271.0
60,5262480,243.0
60,5262540,262.0
60,5262600,256.0
60,5262660,205.0
60,5262720,247.0
60,5262780,290.0
60,5262840,354.0
60,5262900,308.0
60,5262960,303.0
60,5263020,290.0
60,5263080,292.0
60,5263140,274.0
60,5263200,314.0
60,5263260,258.0
60,5263320,309.0
60,5263380,229.0
60,5263440,210.0
60,5263500,229.0
60,5263560,251.0
60,5263620,239.0
60,5263680,274.0
60,5263740,216.0
60,5263800,264.0
60,5263860,240.0
60,5263920,276.0
60,5263980,318.0
60,5264040,326.0
60,5264100,312.0
60,5264160,302.0
60,5264220,273.0
60,5264280,312.0
60,5264340,309.0
60,5264400,307.0
60,5264460,252.0
60,5264520,266.0
60,5264580,272.0
60,5264640,228.0
60,5264700,202.0
60,5264760,276.0
60,5264820,224.0
60,5264880,213.0
60,5264940,267.0
60,5265000,230.0
60,5265060,174.0
60,5265120,259.0
60,5265180,210.0
60,5265240,197.0
60,5265300,198.0
60,5265360,210.0
60,5265420,207.0
60,5265480,219.0
60,5265540,269.0
60,5265600,242.0
60,5265660,272.0
60,5265720,228.0
60,5265780,177.0
60,5265840,176.0
60,5265900,244.0
60,5265960,239.0
60,5266020,162.0
60,5266080,207.0
60,5266140,231.0
60,5266200,205.0
60,5266260,276.0
60,5266320,220.0
60,5266380,254.0
60,5266440,242.0
60,5266500,318.0
60,5266560,303.0
60,5266620,237.0
60,5266680,210.0
60,5266740,146.0
60,5266800,202.0
60,5266860,207.0
60,5266920,209.0
60,5266980,269.0
60,5267040,244.0
60,5267100,256.0
60,5267160,218.0
60,5267220,215.0
60,5267280,251.0
60,5267340,174.0
60,5267400,229.0
60,5267460,165.0
60,5267520,150.0
60,5267580,158.0
60,5267640,232.0
60,5267700,233.0
60,5267760,177.0
60,5267820,182.0
60,5267880,148.0
60,5267940,159.0
60,5268000,174.0
60,5268060,194.0
60,5268120,172.0
60,5268180,158.0
60,5268240,196.0
60,5268300,132.0
60,5268360,180.0
60,5268420,161.0
60,5268480,178.0
60,5268540,222.0
60,5268600,167.0
60,5268660,186.0
60,5268720,161.0
60,5268780,183.0
60,5268840,184.0
60,5268900,222.0
60,5268960,224.0
60,5269020,180.0
60,5269080,127.0
60,5269140,133.0
60,5269200,153.0
60,5269260,113.0
60,5269320,149.0
60,5269380,130.0
60,5269440,151.0
60,5269500,138.0
60,5269560,161.0
60,5269620,131.0
60,5269680,147.0
60,5269740,138.0
60,5269800,135.0
60,5269860,119.0
60,5269920,138.0
60,5269980,146.0
60,5270040,131.0
60,5270100,132.0
60,5270160,146.0
60,5270220,146.0
60,5270280,132.0
60,5270340,117.0
