x_last_hour,x_start_hour,predicted_raw,predicted_refined,target,ci_lo,ci_hi,error_rate_refined_%,n_resid_in_window,qhat_used,abs_resid_mean,abs_resid_max
195.0,158.0,195.27879333496094,195.27879333496094,205.0,195.27879333496094,195.27879333496094,4.74205207824707,1,,,
116.0,180.0,116.27879333496094,116.27879333496094,118.0,116.27879333496094,116.27879333496094,1.458649754524231,2,,9.721206665039062,9.721206665039062
218.0,186.0,218.2615966796875,218.2615966796875,201.0,218.2615966796875,218.2615966796875,8.587859153747559,3,,5.7212066650390625,9.721206665039062
88.0,76.0,88.27879333496094,88.27879333496094,70.0,88.27879333496094,88.27879333496094,26.11256217956543,4,,9.568003336588541,17.2615966796875
35.00000762939453,63.0,35.27880096435547,35.27880096435547,23.0,35.27880096435547,35.27880096435547,53.38609313964844,5,,11.74570083618164,18.278793334960938
33.0,61.0,33.27879333496094,20.99999237060547,30.0,15.0,43.0,30.000025431315102,6,17.871914672851563,11.852320861816406,18.278793334960938
261.0,188.0,261.2787780761719,257.99998474121094,191.0,242.99998474121094,270.99998474121094,35.07852604251882,7,17.77019500732422,10.423399607340494,18.278793334960938
84.0,21.00000762939453,84.27166748046875,71.99286651611328,69.0,13.992889404296875,93.99287414550781,4.337487704512002,8,39.07878723144533,18.97416796003069,70.27877807617188
204.0,154.0,204.2210693359375,188.94940185546875,231.0,133.94229125976562,213.94227600097656,18.20372214048972,9,33.87878875732421,18.51135540008545,70.27877807617188
149.0,144.0,149.27719116210938,136.9983901977539,173.0,78.9984130859375,176.05612182617188,20.81017907644283,10,35.478900146484385,19.429974873860676,70.27877807617188
109.0,46.00000762939453,109.24969482421875,105.97090148925781,121.0,38.970916748046875,136.02862548828125,12.420742570861313,11,31.12891540527342,19.859258270263673,70.27877807617188
174.0,230.0,174.26878356933594,170.989990234375,175.0,103.99000549316406,201.04771423339844,2.2914341517857144,12,26.7789306640625,19.122080716219816,70.27877807617188
147.0,185.0,147.25872802734375,143.9799346923828,136.0,76.97994995117188,174.03765869140625,5.867599038516774,13,26.473318481445315,17.589508692423504,70.27877807617188
146.0,177.0,146.3961944580078,143.11740112304688,126.0,76.11741638183594,173.1751251220703,13.58523898654514,14,26.167706298828126,17.102525564340446,70.27877807617188
150.0,230.0,150.27879333496094,139.0200653076172,198.0,80.00001525878906,177.05772399902344,29.787845804233744,15,25.86209411621094,17.337787628173828,70.27877807617188
171.0,175.0,171.2723846435547,167.99359130859375,235.0,100.99360656738281,218.99359130859375,28.513365400598406,15,39.34429626464843,19.363348897298177,70.27877807617188
77.0,19.0,77.27879333496094,74.0,71.0,7.0000152587890625,141.00640869140625,4.225352112676056,15,57.32505187988281,22.96377614339193,70.27877807617188
184.0,159.0,184.76402282714844,178.4852294921875,191.0,114.48524475097656,248.49163818359375,6.552235867964659,15,57.32505187988281,23.267615254720052,70.27877807617188
19.0,37.0,19.275535583496094,15.996742248535156,10.000007629394531,-51.00324249267578,83.0031509399414,59.96730043998685,15,57.32505187988281,22.532573954264322,70.27877807617188
204.0,180.0,204.27879333496094,201.0,190.0,134.00001525878906,268.00640869140625,5.7894736842105265,15,57.32505187988281,21.93235626220703,70.27877807617188
86.0,38.00000762939453,86.26507568359375,82.98628234863281,98.0,15.986297607421875,149.99269104003906,15.320120052415497,15,57.32505187988281,22.065689086914062,70.27877807617188
188.0,152.0,188.26490783691406,188.99612426757812,158.0,117.98612976074219,251.99252319335938,19.617800169353245,15,57.32505187988281,22.62943115234375,70.27877807617188
201.0,172.0,201.2784423828125,202.00965881347656,257.0,171.01353454589844,265.0060577392578,21.39701991693519,15,40.73868713378906,19.961839803059895,63.72761535644531
209.0,166.0,209.2596435546875,215.49562072753906,183.0,178.99473571777344,272.9872589111328,17.757169796469434,15,52.52141723632812,22.65849914550781,63.72761535644531
42.00000762939453,71.0,42.27880096435547,43.01001739501953,40.00000762939453,12.013893127441406,106.00641632080078,7.525022978778272,15,52.52141723632812,22.623880004882814,63.72761535644531
197.0,225.0,197.26388549804688,194.98509216308594,183.0,166.9989776611328,260.9915008544922,6.549230690210894,15,52.52141723632812,21.194278971354166,63.72761535644531
151.0,273.0,151.27879333496094,145.0,173.0,121.01388549804688,215.00640869140625,16.184971098265898,15,52.52141723632812,21.36185099283854,63.72761535644531
148.0,194.0,148.61541748046875,142.3366241455078,146.0,118.35050964355469,212.34303283691406,2.509161544172731,15,52.52141723632812,22.76118367513021,63.72761535644531
72.0,58.0,72.25619506835938,69.64077758789062,70.0,41.99128723144531,135.9838104248047,0.5131748744419642,15,52.52141723632812,22.18496297200521,63.72761535644531
156.0,216.0,159.41848754882812,157.1396942138672,176.0,129.15357971191406,223.14610290527344,10.716082833030006,15,52.52141723632812,20.97562967936198,63.72761535644531
152.0,192.0,152.27879333496094,150.02259826660156,209.0,122.01388549804688,216.00640869140625,28.218852504018393,15,45.538897705078114,18.899650065104165,63.72761535644531
80.0,149.0,80.27879333496094,78.0,79.0,50.013885498046875,137.0,1.2658227848101267,15,45.538897705078114,18.43255615234375,56.72120666503906
83.0,140.0,83.27879333496094,81.02259826660156,77.0,53.013885498046875,140.0,5.224153592989042,15,45.538897705078114,18.099222819010418,56.72120666503906
114.0,118.0,114.25968170166016,111.98088836669922,110.0,83.9947738647461,170.98088836669922,1.800807606090199,15,45.538897705078114,18.10207722981771,56.72120666503906
54.0,82.0,54.27879333496094,52.0,54.0,24.013885498046875,111.0,3.7037037037037033,15,45.538897705078114,17.76768747965495,56.72120666503906
52.00000762939453,61.0,52.21875762939453,49.962562561035156,20.00000762939453,21.95384979248047,108.9399642944336,149.81271750918674,15,45.538897705078114,16.834354146321616,56.72120666503906
181.0,105.0,181.27879333496094,179.0,193.0,149.06004333496094,238.0,7.253886010362693,15,46.32043457031249,18.199942525227865,56.72120666503906
69.0,42.00000762939453,69.27879333496094,67.02259826660156,79.0,37.06004333496094,126.0,15.161268016960047,15,46.32043457031249,16.963695780436197,56.72120666503906
81.0,77.0,81.27879333496094,79.02259826660156,132.0,49.06004333496094,138.0,40.13439525257457,15,29.835107421874998,13.897005716959635,56.72120666503906
93.0,87.0,93.27879333496094,92.0,32.00000762939453,61.06004333496094,150.0,187.49993145467485,15,43.32022399902343,15.527776590983073,56.72120666503906
208.0,148.0,208.47430419921875,207.1955108642578,178.0,147.19551849365234,265.1955108642578,16.401972395650457,15,54.32120666503906,19.461109415690103,61.278785705566406
117.0,175.0,117.27879333496094,116.0,121.0,56.00000762939453,174.0,4.132231404958678,15,54.32120666503906,20.54180399576823,61.278785705566406
183.0,215.0,183.27879333496094,182.0,150.0,122.00000762939453,240.0,21.333333333333336,15,54.32120666503906,19.341803995768228,61.278785705566406
175.0,77.0,175.2486572265625,173.96986389160156,224.0,113.9698715209961,231.96986389160156,22.334882191249303,15,54.32120666503906,21.386029052734376,61.278785705566406
224.0,193.0,224.27879333496094,224.0,169.0,163.00000762939453,281.0,32.544378698224854,15,54.32120666503906,24.48570556640625,61.278785705566406
189.0,259.0,190.09776306152344,188.8189697265625,218.0,128.81897735595703,246.8189697265625,13.385793703411696,15,56.14424133300781,27.065524291992187,61.278785705566406
162.0,84.0,162.26983642578125,160.9910430908203,224.0,100.99105072021484,212.9910430908203,28.128998620169504,15,53.45575866699219,25.144259643554687,61.278785705566406
177.0,88.0,177.27879333496094,177.0,132.0,116.00000762939453,239.0089569091797,34.090909090909086,15,58.878788757324216,29.17435099283854,61.73016357421875
117.0,163.0,117.27879333496094,117.0,114.0,56.00000762939453,179.0089569091797,2.631578947368421,15,58.878788757324216,31.774350992838542,61.73016357421875
219.0,167.0,219.26092529296875,218.9821319580078,236.0,157.98213958740234,280.9910888671875,7.210961034742453,15,58.878788757324216,31.708958435058594,61.73016357421875
18.00000762939453,37.0,18.27880096435547,22.00000762939453,16.00000762939453,-42.99998474121094,80.00896453857422,37.499982118615094,15,58.878788757324216,32.80631052652995,61.73016357421875
231.0,149.0,231.26904296875,234.99024963378906,198.0,169.9902572631836,292.99920654296875,18.681944259489423,15,58.878788757324216,30.810313415527343,61.73016357421875
176.0,229.0,176.26756286621094,173.98876953125,181.0,114.98877716064453,237.9977264404297,3.87360799378453,15,58.878788757324216,32.24683583577474,61.73016357421875
187.0,176.0,187.27879333496094,185.0,186.0,126.00000762939453,249.0089569091797,0.5376344086021506,15,58.878788757324216,31.914251200358073,61.73016357421875
82.0,102.0,82.27879333496094,80.0,42.0,21.00000762939453,144.0089569091797,90.47619047619048,15,58.878788757324216,28.6180903116862,61.73016357421875
155.0,195.0,151.9792938232422,149.70050048828125,172.0,96.70050048828125,213.70945739746094,12.9648252975109,15,52.66781311035156,27.2180908203125,61.73016357421875
164.0,213.0,164.27879333496094,163.0,224.0,109.0,226.0089569091797,27.232142857142854,15,52.66781311035156,26.52118428548177,61.73016357421875
122.0,158.0,124.4296646118164,123.15087127685547,126.0,69.15087127685547,186.15982818603516,2.2612132723369296,15,57.94424133300781,30.254517618815104,61.73016357421875
147.0,189.0,149.8273468017578,151.3976821899414,180.0,94.54855346679688,211.55751037597656,15.890176561143662,15,57.94424133300781,28.14062042236328,61.73016357421875
86.0,155.0,86.27879333496094,87.84912872314453,129.0,31.0,148.0089569091797,31.899900214616643,15,57.94424133300781,26.90204111735026,61.73016357421875
132.0,194.0,132.27879333496094,137.01123046875,100.0,87.0,194.0089569091797,37.01123046875,15,53.94424133300781,26.064868672688803,61.73016357421875
24.00000762939453,89.0,24.27874755859375,25.849082946777344,38.00000762939453,-21.000045776367188,86.0089111328125,31.976111165877658,15,53.94424133300781,26.356639099121093,61.73016357421875
150.0,152.0,150.25619506835938,151.82653045654297,169.0,104.97740173339844,209.97740173339844,10.161816297903568,15,44.255758666992186,23.156045532226564,59.72120666503906
168.0,191.0,168.2598419189453,172.99227905273438,159.0,127.98104858398438,227.98104858398438,8.800175504864386,15,41.744241333007814,21.38704630533854,59.72120666503906
194.0,258.0,194.27879333496094,199.01123046875,187.0,154.0,254.0,6.4231178977272725,15,41.744241333007814,21.785782877604166,59.72120666503906
26.0,62.0,26.278793334960938,27.84912872314453,35.0,-14.0,86.0,20.431060791015625,15,41.744241333007814,21.155097452799478,59.72120666503906
91.0,207.0,91.27445983886719,96.00689697265625,114.0,50.99566650390625,150.99566650390625,15.783423708196272,15,41.744241333007814,21.584591674804688,59.72120666503906
16.0,49.00000762939453,16.27880096435547,25.00000762939453,22.0,-23.99999237060547,76.00000762939453,13.636398315429688,15,41.744241333007814,20.88169148763021,59.72120666503906
114.0,151.0,114.27879333496094,123.0,106.0,74.0,174.0,16.037735849056602,15,41.744241333007814,20.947608947753906,59.72120666503906
200.0,224.0,200.27879333496094,209.0,159.0,160.0,260.0,31.446540880503143,15,41.744241333007814,21.41427561442057,59.72120666503906
203.0,178.0,203.22494506835938,211.94615173339844,183.0,161.94615173339844,262.94615173339844,15.81756925322319,15,42.14424133300781,21.48094228108724,59.72120666503906
87.0,39.00000762939453,87.27163696289062,92.99283599853516,98.0,45.99284362792969,146.9928436279297,5.109351021902902,15,42.14424133300781,21.49455820719401,59.72120666503906
149.0,225.0,149.27879333496094,154.99999237060547,96.0,108.0,192.0,61.45832538604736,15,37.678793334960936,18.2283686319987,42.72120666503906
67.0,100.0,68.07383728027344,73.79503631591797,69.0,14.7950439453125,110.7950439453125,6.949327994084014,15,42.14424133300781,21.675599161783854,53.27879333496094
220.0,131.0,220.29400634765625,221.2201690673828,155.0,167.0152130126953,263.0152130126953,42.722689720892134,15,42.14424133300781,19.725833129882812,53.27879333496094
87.0,30.0,87.557373046875,80.27857971191406,128.0,22.26336669921875,110.28291320800781,37.28235960006714,15,48.47879333496093,21.23068644205729,65.29400634765625
213.0,187.0,213.27877807617188,214.20494079589844,144.0,147.98477172851562,253.72140502929688,48.7534311082628,15,48.47879333496093,21.774942016601564,65.29400634765625
126.0,118.0,126.27879333496094,127.2049560546875,118.0,57.00001525878906,166.72142028808594,7.800810215836865,15,60.487921142578124,25.47877655029297,69.27877807617188
97.0,197.0,97.25621032714844,88.9774169921875,104.0,27.977432250976562,137.69883728027344,14.444791353665865,15,60.487921142578124,24.781109110514322,69.27877807617188
57.0,136.0,57.27879333496094,50.0,65.0,-11.999984741210938,97.72142028808594,23.076923076923077,15,60.487921142578124,24.61337229410807,69.27877807617188
213.0,79.0,213.2683868408203,214.19454956054688,204.0,143.98960876464844,253.7110137939453,4.997328215954351,15,60.487921142578124,24.64286651611328,69.27877807617188
133.0,96.0,133.26705932617188,124.98826599121094,126.0,63.98828125,173.70968627929688,0.8029634990389384,15,60.487921142578124,24.679345194498698,69.27877807617188
140.0,116.0,140.260498046875,131.98170471191406,109.0,70.98171997070312,180.703125,21.084132763223913,15,60.487921142578124,23.648779805501302,69.27877807617188
128.0,121.0,128.27879333496094,120.0,141.0,59.00001525878906,168.72142028808594,14.893617021276595,15,60.487921142578124,25.351399739583332,69.27877807617188
10.000007629394531,35.00000762939453,10.266921997070312,1.988128662109375,16.0,-59.01185607910156,50.70954895019531,87.5741958618164,15,60.487921142578124,25.64756062825521,69.27877807617188
144.0,237.0,144.27879333496094,137.01173400878906,143.0,75.00001525878906,184.72142028808594,4.187598595252403,15,60.487921142578124,23.27784627278646,69.27877807617188
13.000007629394531,45.00000762939453,13.278800964355469,12.000007629394531,21.00000762939453,-55.999977111816406,53.72142791748047,42.857127286955595,15,60.487921142578124,22.014769490559896,69.27877807617188
219.0,209.0,219.27877807617188,217.99998474121094,212.0,150.0,259.7214050292969,2.8301814817032724,15,60.487921142578124,21.81429239908854,69.27877807617188
197.0,143.0,197.25137329101562,195.9725799560547,178.0,127.97259521484375,237.69400024414062,10.096955031491397,15,55.35345458984374,18.74762471516927,69.27877807617188
131.0,197.0,131.27867126464844,124.01161193847656,119.0,61.99989318847656,171.72129821777344,4.211438603761817,15,55.35345458984374,19.969305419921874,69.27877807617188
132.0,71.0,132.27879333496094,125.01173400878906,141.0,63.00001525878906,172.72142028808594,11.339195738447474,15,36.769775390625,16.434949747721355,69.27877807617188
186.0,186.0,186.2434539794922,178.9763946533203,209.0,116.96467590332031,198.96466064453125,14.365361409894586,15,26.456848144531246,14.320188395182292,69.27877807617188
192.0,181.0,192.2532958984375,190.97450256347656,189.0,160.9927978515625,215.0098419189453,1.0447103510458002,15,21.354476928710938,11.21870625813802,31.260498046875
154.0,181.0,154.52734375,153.24855041503906,152.0,123.266845703125,177.2838897705078,0.8214147467362253,15,21.354476928710938,10.883673095703125,31.260498046875
56.00000762939453,94.0,56.27880096435547,53.75145721435547,88.00000762939453,25.01830291748047,79.03534698486328,38.918803915647686,15,21.354476928710938,10.602576700846354,31.260498046875
76.0,127.0,76.27879333496094,73.75144958496094,67.0,45.01829528808594,108.0,10.076790425314833,15,27.85891723632812,12.202576700846354,31.721206665039062
197.0,161.0,197.52603149414062,194.99868774414062,202.0,166.26553344726562,229.2472381591797,3.465996166267017,15,27.85891723632812,12.203270467122396,31.721206665039062
175.0,227.0,175.25877380371094,173.97998046875,237.0,143.99827575683594,206.97998046875,26.590725540611814,15,27.85891723632812,12.017064412434896,31.721206665039062
198.0,101.0,198.27101135253906,202.74497985839844,138.0,179.01963806152344,260.0122375488281,46.91665207130322,15,28.13534240722656,14.049112955729166,61.74122619628906
79.0,42.00000762939453,79.27879333496094,78.0,91.0,19.007781982421875,141.02001953125,14.285714285714285,15,48.85108947753905,17.219099934895834,61.74122619628906
99.0,160.0,99.27879333496094,98.0,140.0,39.007781982421875,161.02001953125,30.0,15,48.85108947753905,17.61830851236979,61.74122619628906
70.0,49.00000762939453,70.27879333496094,74.75276184082031,70.0,10.007781982421875,132.02001953125,6.789659772600447,15,52.45108947753906,20.247802734375,61.74122619628906
212.0,215.0,212.27232360839844,211.9935302734375,193.0,152.00131225585938,274.0135498046875,9.84120739556347,15,52.45108947753906,19.751641845703126,61.74122619628906
112.0,170.0,112.27879333496094,112.0,151.0,52.007781982421875,174.02001953125,25.82781456953642,15,52.45108947753906,20.551211547851562,61.74122619628906
111.0,84.0,111.27879333496094,115.75276184082031,114.0,51.007781982421875,173.02001953125,1.5375103866844846,15,52.45108947753906,21.849200439453124,61.74122619628906
20.00000762939453,97.0,20.27880096435547,24.752769470214844,24.00000762939453,-39.992210388183594,82.02002716064453,3.1365066730160165,15,52.45108947753906,21.2120361328125,61.74122619628906
69.0,92.0,69.27879333496094,73.0,59.00000762939453,9.007781982421875,131.02001953125,23.72879755973201,15,52.45108947753906,20.878702799479168,61.74122619628906
144.0,125.0,144.27879333496094,147.0,185.0,84.00778198242188,206.02001953125,20.54054054054054,15,52.45108947753906,20.046852111816406,61.74122619628906
166.0,180.0,166.27879333496094,170.0,196.0,106.00778198242188,228.02001953125,13.26530612244898,15,52.45108947753906,22.544712829589844,61.74122619628906
155.0,185.0,155.27493286132812,159.7489013671875,166.0,95.00392150878906,217.0161590576172,3.765722067959337,15,52.45108947753906,24.357637023925783,61.74122619628906
79.0,132.0,79.27879333496094,83.75276184082031,117.0,19.007781982421875,141.02001953125,28.41644287109375,15,52.45108947753906,22.957894388834635,61.74122619628906
109.0,89.0,109.27879333496094,120.00386047363281,109.0,49.007781982421875,171.02001953125,10.09528483819524,15,52.45108947753906,24.85405527750651,61.74122619628906
181.0,185.0,181.27879333496094,192.0038604736328,133.0,121.00778198242188,243.02001953125,44.36380486739309,15,52.45108947753906,24.57437693277995,61.74122619628906
171.0,185.0,171.27879333496094,175.0,177.0,111.00778198242188,212.0,1.1299435028248588,15,45.255758666992186,23.676881408691408,60.27101135253906
203.0,183.0,203.27572631835938,208.99693298339844,194.0,154.99693298339844,243.99693298339844,7.730377826494039,15,40.72120666503906,20.040227762858073,48.27879333496094
180.0,161.0,179.93740844726562,183.6586151123047,166.0,131.6586151123047,220.6586151123047,10.637719947171497,15,40.72120666503906,19.877195739746092,48.27879333496094
114.0,99.0,114.27879333496094,117.0,151.0,66.0,155.0,22.516556291390728,15,39.921206665039065,18.09160919189453,48.27879333496094
140.0,140.0,140.27879333496094,144.0,131.0,92.0,181.0,9.923664122137405,15,39.921206665039065,20.52110341389974,48.27879333496094
76.0,186.0,76.27879333496094,80.0,98.0,28.0,117.0,18.367346938775512,15,39.921206665039065,19.85486806233724,48.27879333496094
188.0,220.0,188.26551818847656,191.98672485351562,187.0,139.98672485351562,228.98672485351562,2.6666977826286766,15,39.52120666503906,18.721534729003906,48.27879333496094
211.0,143.0,211.2760009765625,214.99720764160156,171.0,162.99720764160156,251.99720764160156,25.729361193919043,15,39.52120666503906,18.624488830566406,48.27879333496094
63.0,80.0,65.69297790527344,65.4141845703125,94.0,17.4141845703125,106.4141845703125,30.410441946476062,15,40.54312438964844,21.0614751180013,48.27879333496094
190.0,204.0,190.27879333496094,196.0,236.0,142.0,231.0,16.94915254237288,15,40.54312438964844,22.26335754394531,48.27879333496094
186.0,201.0,186.27879333496094,192.0,176.0,138.0,232.0,9.090909090909092,15,43.54312438964843,22.596690877278647,48.27879333496094
169.0,178.0,169.260986328125,168.98219299316406,210.0,120.98219299316406,214.98219299316406,19.532289050874255,15,43.54312438964843,21.300529988606772,48.27879333496094
166.0,178.0,166.27879333496094,166.0,229.0,118.0,212.0,27.510917030567683,15,43.728329467773435,23.301459757486978,48.27879333496094
110.0,138.0,110.27879333496094,110.0,100.0,62.0,173.0,10.0,15,47.255758666992186,24.968126424153645,62.72120666503906
166.0,78.0,166.27879333496094,165.01327514648438,197.0,118.0,229.0,16.23691616929727,15,47.255758666992186,25.634793090820313,62.72120666503906
101.0,16.0,101.27879333496094,107.0,129.0,61.00279235839844,164.0,17.05426356589147,15,43.728329467773435,24.464287312825522,62.72120666503906
184.0,192.0,183.91909790039062,205.6403045654297,203.0,143.64309692382812,246.6403045654297,1.3006426430688116,15,43.728329467773435,25.930953979492188,62.72120666503906
55.0,89.0,55.23021697998047,76.95142364501953,55.0,14.954216003417969,117.95142364501953,39.91167935458096,15,43.728329467773435,26.584632364908853,62.72120666503906
169.0,151.0,169.27879333496094,191.0,189.0,129.00279235839844,232.0,1.0582010582010581,15,43.728329467773435,25.670819600423176,62.72120666503906
216.0,197.0,216.270263671875,235.99147033691406,236.0,175.9942626953125,278.99147033691406,0.0036142640194650427,15,43.728329467773435,24.537486267089843,62.72120666503906
191.0,167.0,191.26779174804688,210.99752807617188,197.0,150.99179077148438,253.98899841308594,7.105344201102475,15,43.728329467773435,25.234215799967448,62.72120666503906
61.0,105.0,61.22533416748047,80.94654083251953,44.0,20.94933319091797,123.94654083251953,83.96941098299894,15,43.728329467773435,24.168282572428385,62.72120666503906
214.0,176.0,214.27879333496094,234.0,202.0,174.00279235839844,277.0,15.841584158415841,15,43.728329467773435,25.23227030436198,62.72120666503906
100.0,125.0,100.27879333496094,120.0,130.0,83.05345916748047,163.0,7.6923076923076925,15,43.728329467773435,23.365789794921874,62.72120666503906
71.0,28.00000762939453,71.27880096435547,91.00000762939453,82.0,54.053466796875,134.00000762939453,10.975619060237234,15,43.728329467773435,23.46006876627604,62.72120666503906
176.0,150.0,176.27879333496094,195.3596954345703,171.0,159.05345916748047,217.01780700683594,14.245435926649305,15,36.73189086914062,21.126734924316406,62.72120666503906
202.0,222.0,202.27674865722656,221.35765075683594,155.0,185.0514144897461,264.9979553222656,42.81138758505544,15,36.73189086914062,20.793401590983073,62.72120666503906
131.0,233.0,131.27830505371094,141.99950408935547,145.0,84.00155639648438,193.99951171875,2.069307524582435,15,40.654531860351554,21.22925059000651,62.72120666503906
190.0,198.0,190.27879333496094,200.99999237060547,181.0,143.00204467773438,221.0,11.049719541770978,15,30.321206665039064,17.96261647542318,47.27674865722656
165.0,217.0,165.27879333496094,175.99999237060547,215.0,118.00204467773438,196.0,18.139538432276524,15,30.321206665039064,17.89594980875651,47.27674865722656
19.0,48.0,19.278793334960938,29.99999237060547,28.0,-27.997955322265625,69.0,7.142829895019531,15,40.254531860351555,19.162616475423178,49.72120666503906
64.0,97.0,64.27880096435547,73.00000762939453,74.0,17.002052307128906,114.00000762939453,1.3513410413587417,15,40.254531860351555,17.89594980875651,49.72120666503906
54.0,34.0,54.27879333496094,63.0,54.0,7.002044677734375,104.0,16.666666666666664,15,40.254531860351555,17.271969604492188,49.72120666503906
190.0,186.0,190.2637939453125,198.98500061035156,155.0,142.98704528808594,239.98500061035156,28.377419748613914,15,40.254531860351555,17.275208028157554,49.72120666503906
130.0,109.0,130.21971130371094,135.95191955566406,148.0,82.94296264648438,179.94091796875,8.140594894821579,15,42.47156677246093,18.311380513509114,49.72120666503906
167.0,192.0,167.27879333496094,173.01100158691406,174.0,120.00204467773438,217.0,0.568389892578125,15,42.47156677246093,18.181417338053386,49.72120666503906
10.000007629394531,28.00000762939453,10.260589599609375,16.981796264648438,22.0,-37.01615905761719,59.98179626464844,22.81001697887074,15,42.47156677246093,18.24735056559245,49.72120666503906
176.0,171.0,176.43113708496094,185.15234375,184.0,129.15438842773438,226.15234375,0.626273777173913,15,42.47156677246093,17.881622314453125,49.72120666503906
108.0,32.00000762939453,108.27879333496094,117.0,122.0,61.002044677734375,158.0,4.098360655737705,15,42.47156677246093,17.567626953125,49.72120666503906
60.0,89.0,60.27880096435547,69.00000762939453,72.0,13.002052307128906,110.00000762939453,4.166656070285373,15,42.47156677246093,16.500960286458334,49.72120666503906
171.0,201.0,171.27879333496094,180.0,225.0,124.00204467773438,221.0,20.0,15,42.47156677246093,16.567626953125,49.72120666503906
220.0,236.0,220.24942016601562,229.97061920166016,174.0,172.97267150878906,273.9706268310547,32.167022529689746,15,48.74342346191406,19.797121175130208,53.72120666503906
171.0,165.0,171.27879333496094,180.99999237060547,156.0,125.02937316894531,225.0,16.025636135003506,15,48.33249206542968,19.72863260904948,53.72120666503906
212.0,202.0,212.51217651367188,221.23338317871094,206.99998474121094,166.26275634765625,266.23338317871094,6.876038399372075,15,48.33249206542968,19.832439168294272,53.72120666503906
180.0,168.0,180.27879333496094,189.0,165.0,134.0293731689453,234.0,14.545454545454545,15,48.33249206542968,19.581332397460937,53.72120666503906
132.0,170.0,132.27879333496094,139.84765625,164.0,86.02937316894531,186.0,14.72703887195122,15,41.855169677734374,17.285171508789062,53.72120666503906
117.0,23.0,117.27879333496094,124.84765625,113.0,71.02937316894531,171.0,10.484651548672566,15,41.855169677734374,18.818504842122397,53.72120666503906
212.0,183.0,212.27877807617188,218.99998474121094,181.0,166.02935791015625,265.99998474121094,20.99446670785135,15,41.855169677734374,18.455677795410157,53.72120666503906
119.0,162.0,119.27879333496094,126.0,152.0,73.02937316894531,173.0,17.105263157894736,15,41.855169677734374,20.52234344482422,53.72120666503906
182.0,224.0,182.27879333496094,189.84765625,196.0,136.0293731689453,236.0,3.1389508928571432,15,40.83813476562499,20.352837626139323,53.72120666503906
235.0,176.0,235.27879333496094,242.84765625,210.0,189.0293731689453,289.0,15.641741071428573,15,40.83813476562499,20.082232157389324,53.72120666503906
248.0,224.0,248.27703857421875,255.8459014892578,194.0,202.02761840820312,301.9982452392578,31.87933066456588,15,40.83813476562499,21.31940460205078,53.72120666503906
169.0,190.0,169.27879333496094,165.0,180.0,115.00175476074219,223.0,8.333333333333332,15,50.73249206542968,24.15524648030599,54.27703857421875
142.0,235.0,142.26119995117188,137.98240661621094,158.0,87.98416137695312,195.98240661621094,12.669362901132317,15,50.73249206542968,24.36540273030599,54.27703857421875
185.0,202.0,185.27879333496094,181.0,243.0,131.0017547607422,239.0,25.514403292181072,15,50.73249206542968,24.49990895589193,54.27703857421875
84.0,202.0,84.27879333496094,80.0,131.0,30.001754760742188,142.0,38.93129770992366,15,54.05470581054688,27.566576131184895,57.72120666503906
41.0,97.0,41.27880096435547,37.00000762939453,49.00000762939453,-12.998237609863281,99.00000762939453,24.48979210525947,15,51.254705810546874,27.09990946451823,57.72120666503906
205.0,142.0,205.27877807617188,212.99998474121094,194.0,151.00173950195312,262.99998474121094,9.793806567634505,15,51.254705810546874,24.531361897786457,57.72120666503906
54.0,38.00000762939453,54.27879333496094,62.0,43.0,0.0017547607421875,112.0,44.18604651162791,15,51.254705810546874,24.264694213867188,57.72120666503906
194.0,162.0,194.27879333496094,202.0,181.0,140.0017547607422,252.0,11.602209944751381,15,51.254705810546874,24.649134318033855,57.72120666503906
224.0,72.0,224.27879333496094,232.0,202.0,170.0017547607422,282.0,14.85148514851485,15,51.254705810546874,24.515800984700522,57.72120666503906
201.0,222.0,201.27879333496094,197.0,181.0,147.0017547607422,259.0,8.83977900552486,15,51.254705810546874,23.886306762695312,57.72120666503906
178.0,185.0,178.27879333496094,167.00001525878906,165.0,124.00175476074219,236.0,1.2121304598721592,15,51.254705810546874,24.95297342936198,57.72120666503906
155.0,175.0,155.25856018066406,143.9797821044922,243.0,100.98152160644531,212.97976684570312,40.7490608623489,15,51.254705810546874,23.752974446614584,57.72120666503906
170.0,107.0,170.27879333496094,159.00001525878906,147.0,116.00175476074219,258.0202331542969,8.163275686251064,15,56.34353942871093,27.420989990234375,87.74143981933594
80.0,174.0,80.27879333496094,69.0,113.0,26.001754760742188,168.02023315429688,38.93805309734513,15,56.34353942871093,28.058162434895834,87.74143981933594
97.0,83.0,97.27879333496094,86.00001525878906,80.0,43.00175476074219,185.02023315429688,7.500019073486327,15,56.34353942871093,28.554323323567708,87.74143981933594
184.0,159.0,184.27879333496094,173.00001525878906,206.0,161.0,272.0202331542969,16.019410068548996,15,53.32120666503906,26.08777364095052,87.74143981933594
172.0,194.0,172.27879333496094,161.00001525878906,188.0,149.0,260.0202331542969,14.361694011282413,15,53.32120666503906,26.821106974283854,87.74143981933594
174.0,158.0,174.27879333496094,163.00001525878906,186.0,151.0,262.0202331542969,12.365583194199429,15,53.32120666503906,26.81993408203125,87.74143981933594
187.0,181.0,187.27879333496094,176.00001525878906,213.0,164.0,275.0202331542969,17.37088485502861,15,41.121206665039054,23.753267415364583,87.74143981933594
185.0,180.0,185.27879333496094,174.00001525878906,186.0,162.0,273.0202331542969,6.451604699575773,15,29.92120666503906,22.353267415364584,87.74143981933594
243.0,266.0,243.27877807617188,232.0,261.9999694824219,219.99998474121094,331.0202178955078,11.450371365190039,15,29.92120666503906,21.886600748697916,87.74143981933594
158.0,210.0,158.27879333496094,159.0,182.0,135.0,246.02023315429688,12.637362637362637,15,29.92120666503906,22.382761637369793,87.74143981933594
150.0,184.0,150.27879333496094,162.0,203.0,127.0,238.02023315429688,20.19704433497537,15,29.92120666503906,23.212255859375,87.74143981933594
44.0,22.00000762939453,44.27880096435547,60.00000762939453,51.0,21.00000762939453,132.0202407836914,17.647073783126533,15,44.721206665039055,25.84175008138021,87.74143981933594
148.0,242.0,148.243408203125,163.96461486816406,153.0,124.96461486816406,235.98484802246094,7.166414946512459,15,44.721206665039055,24.804577128092447,87.74143981933594
70.0,100.0,70.26802825927734,85.9892349243164,71.0,46.989234924316406,158.00946807861328,21.111598484952683,15,44.721206665039055,23.769763692220053,87.74143981933594
185.0,139.0,185.27879333496094,201.0,164.0,162.0,273.0202331542969,22.5609756097561,15,44.721206665039055,22.933308919270832,87.74143981933594
198.0,245.0,198.27877807617188,209.99998474121094,201.0,174.99998474121094,250.99998474121094,4.477604348861163,15,29.92120666503906,18.5024658203125,52.72120666503906
207.0,189.0,207.26617431640625,218.9873809814453,191.0,185.9873809814453,259.9873809814453,14.653079047877126,15,29.92120666503906,17.131961059570312,52.72120666503906
171.0,208.0,171.27879333496094,177.99999237060547,205.0,150.0,224.0,13.170735428972943,15,24.921206665039062,16.03495890299479,52.72120666503906
124.0,51.0,124.27879333496094,136.0,143.0,103.0,177.0,4.895104895104895,15,30.52120666503906,17.131119791666666,52.72120666503906
203.0,214.0,204.86700439453125,216.5882110595703,230.0,183.5882110595703,257.5882110595703,5.831212582795517,15,30.52120666503906,16.931119791666667,52.72120666503906
32.00000762939453,70.0,32.27880096435547,44.00000762939453,39.00000762939453,11.000007629394531,85.00000762939453,12.820510312494072,15,30.52120666503906,17.558572387695314,52.72120666503906
138.0,128.0,138.27879333496094,145.0,176.0,117.0,191.0,17.613636363636363,15,30.52120666503906,17.225239054361978,52.72120666503906
178.0,152.0,178.2529296875,184.97413635253906,168.0,156.97413635253906,230.97413635253906,10.10365259079706,15,36.12120666503906,18.02523905436198,52.72120666503906
191.0,229.0,191.2683868408203,197.98959350585938,189.0,169.98959350585938,243.98959350585938,4.756398680348876,15,36.12120666503906,18.660687255859376,52.72120666503906
111.0,87.0,111.2698745727539,117.99107360839844,80.0,89.99108123779297,163.99108123779297,47.48884201049805,15,36.12120666503906,17.56383361816406,52.72120666503906
202.0,80.0,202.27877807617188,207.03536987304688,194.0,171.00890350341797,254.99998474121094,6.719262821158183,15,36.12120666503906,18.067078145345054,52.72120666503906
173.0,214.0,173.27879333496094,176.00001525878906,162.0,142.00891876220703,211.0,8.64198472764757,15,32.740673828125,15.104249572753906,37.72120666503906
92.0,33.0,92.27879333496094,93.0107650756836,60.0,61.00891876220703,130.0,55.01794179280599,15,32.740673828125,15.408089192708333,37.72120666503906
138.0,149.0,138.26402282714844,135.99563598632812,152.0,105.9852294921875,175.9852294921875,10.529186851099919,15,33.14424133300781,17.24290262858073,37.72120666503906
218.0,188.0,218.27304077148438,216.00465393066406,209.0,185.99424743652344,255.99424743652344,3.351509057734001,15,33.14424133300781,18.10983632405599,37.72120666503906
222.0,153.0,222.27877807617188,220.01039123535156,243.0,189.99998474121094,259.99998474121094,9.46074434759195,15,33.14424133300781,17.30945281982422,37.72120666503906
176.0,161.0,176.26844787597656,174.00006103515625,177.0,143.98965454101562,213.98965454101562,1.6948807710981637,15,33.14424133300781,18.50945281982422,37.72120666503906
78.0,18.00000762939453,78.21620178222656,78.94775390625,47.00000762939453,45.937408447265625,115.93740844726562,67.97391721458968,15,33.14424133300781,17.47381134033203,37.72120666503906
260.0,172.0,260.2787780761719,258.01039123535156,206.99998474121094,227.99998474121094,297.99998474121094,24.642710267787347,15,31.875225830078126,17.306810506184895,37.72120666503906
144.0,98.0,144.27516174316406,135.9963836669922,154.0,90.99636840820312,181.99636840820312,11.69065995649858,15,35.54424133300781,19.610649617513022,53.27879333496094
153.0,220.0,153.27879333496094,145.00001525878906,245.0,100.0,191.0,40.816320302535075,15,35.54424133300781,18.583439127604166,53.27879333496094
129.0,154.0,129.27879333496094,121.00001525878906,114.0,76.0,221.0,6.140364262095669,15,47.05575866699218,24.250105794270834,91.72120666503906
188.0,177.0,188.26101684570312,178.98797607421875,168.0,134.9822235107422,279.9822235107422,6.540461948939733,15,44.87879333496093,22.75394490559896,91.72120666503906
143.0,185.0,143.27879333496094,134.00575256347656,160.0,90.0,235.0,16.24640464782715,15,44.87879333496093,23.421150716145835,91.72120666503906
148.0,196.0,148.27879333496094,139.00575256347656,144.0,95.0,240.0,3.4682273864746094,15,44.87879333496093,24.384672037760417,91.72120666503906
90.0,201.0,90.27879333496094,82.00001525878906,145.0,37.0,182.0,43.44826533876616,15,44.87879333496093,22.585266621907554,91.72120666503906
128.0,27.0,128.25868225097656,123.97988891601562,114.0,74.97988891601562,219.97988891601562,8.754288522820723,15,54.14424133300781,25.681428527832033,91.72120666503906
96.0,205.0,96.27740478515625,91.99861145019531,129.0,42.99861145019531,187.9986114501953,28.68324693783309,15,54.14424133300781,25.88008778889974,91.72120666503906
168.0,138.0,168.27879333496094,169.01034545898438,153.0,115.0,260.0,10.464278077767565,15,54.14424133300781,25.909674580891927,91.72120666503906
66.0,138.0,66.27880096435547,62.00000762939453,105.0,13.000007629394531,121.00000762939453,40.95237368629092,15,54.14424133300781,26.01252899169922,91.72120666503906
127.0,206.0,127.27879333496094,128.01034545898438,140.0,74.0,219.0,8.564038957868302,15,54.14424133300781,27.97573954264323,91.72120666503906
167.0,222.0,167.83370971679688,168.5652618408203,144.0,114.55491638183594,259.55491638183594,17.059209611680775,15,54.14424133300781,27.44240519205729,91.72120666503906
201.0,188.0,201.26956176757812,196.9907684326172,224.0,147.9907684326172,292.9907684326172,12.057692664010185,15,54.14424133300781,28.98254903157552,91.72120666503906
118.0,118.0,118.27879333496094,128.00363159179688,140.0,65.0,210.0,8.568834577287946,15,54.14424133300781,28.416831970214844,91.72120666503906
196.0,207.0,196.27879333496094,209.0,171.0,172.44508361816406,288.0,22.22222222222222,15,48.32120361328124,26.31299285888672,91.72120666503906
52.00000762939453,94.0,52.27880096435547,65.00000762939453,65.0,27.00000762939453,144.00000762939453,1.1737530048076924e-05,15,48.32120361328124,27.349923197428385,91.72120666503906
206.0,184.0,206.267822265625,218.98902130126953,243.0,180.98902893066406,260.98902893066406,9.881061192893197,15,36.321757507324214,22.083256022135416,54.72120666503906
20.00000762939453,30.0,20.27880096435547,33.00000762939453,16.0,-4.999992370605469,75.00000762939453,106.25004768371582,15,37.92559051513672,23.513481648763022,54.72120666503906
135.0,125.0,135.27879333496094,148.0,110.0,110.0,190.0,34.54545454545455,15,37.92559051513672,22.44800059000651,54.72120666503906
76.0,46.00000762939453,76.25965881347656,88.9808578491211,99.0,50.980865478515625,130.98086547851562,10.12034560694839,15,37.92559051513672,23.0185063680013,54.72120666503906
185.0,210.0,185.27879333496094,198.0,196.0,160.0,240.0,1.0204081632653061,15,37.92559051513672,24.249276224772135,54.72120666503906
89.0,80.0,89.2762680053711,101.99746704101562,64.0,63.997474670410156,127.99746704101562,59.371042251586914,15,35.128344726562496,21.3159428914388,38.72119903564453
24.00000762939453,76.0,24.453521728515625,37.174720764160156,21.00000762939453,-0.8252716064453125,63.174720764160156,77.02241551629365,15,35.128344726562496,22.050448608398437,38.72119903564453
205.0,134.0,205.27877807617188,215.99998474121094,174.0,179.99998474121094,243.9999771118164,24.137922265063757,15,32.150823974609374,20.099176534016927,38.72119903564453
69.0,77.0,69.27879333496094,80.0,54.0,38.00001525878906,107.99999237060547,48.148148148148145,15,34.55081787109375,21.16584218343099,38.72119903564453
188.0,177.0,188.26983642578125,184.81632232666016,182.0,156.99105834960938,225.00201416015625,1.5474298498132728,15,28.878784179687496,19.60301513671875,36.732177734375
133.0,120.0,133.27879333496094,128.99999237060547,158.0,102.00001525878906,170.01097106933594,18.35443520847755,15,28.878784179687496,19.172923787434897,36.732177734375
67.0,133.0,67.27879333496094,63.825279235839844,78.0,36.00001525878906,104.01097106933594,18.172718928410454,15,28.878784179687496,19.23209025065104,36.732177734375
195.0,201.0,195.27879333496094,191.82527923583984,180.0,164.00001525878906,232.01097106933594,6.5695995754665795,15,28.878784179687496,18.43147481282552,36.732177734375
34.0,70.0,34.27880096435547,30.0,33.0,3.0000228881835938,71.01097869873047,9.090909090909092,15,28.878784179687496,18.001980590820313,36.732177734375
153.0,146.0,153.25514221191406,149.80162811279297,142.0,121.97636413574219,189.98731994628906,5.4941043047837805,15,28.878784179687496,16.401981099446616,36.732177734375
113.0,212.0,113.26890563964844,108.99010467529297,173.0,81.99012756347656,150.00108337402344,36.9999394940503,15,28.878784179687496,16.304243977864584,36.732177734375
196.0,172.0,196.27879333496094,191.99999237060547,164.0,165.00001525878906,256.0098876953125,17.07316607963748,15,28.878784179687496,17.837505086263022,59.73109436035156
151.0,181.0,151.27879333496094,145.0089569091797,159.0,119.0,211.0098876953125,8.79939817032724,15,31.878787231445312,19.704171244303385,59.73109436035156
108.0,133.0,108.27879333496094,104.82527923583984,99.0,76.0,168.0098876953125,5.884120440242267,15,31.878787231445312,18.533665466308594,59.73109436035156
176.0,164.0,176.27879333496094,170.0089569091797,131.0,144.0,236.0098876953125,29.777829701663883,15,31.878787231445312,17.636228942871092,59.73109436035156
259.0,161.0,259.2608947753906,249.9821014404297,222.0,213.9821014404297,318.9919891357422,12.60455019839175,15,40.078793334960935,19.94006805419922,59.73109436035156
124.0,112.0,124.27879333496094,115.0,170.0,79.0,184.0098876953125,32.35294117647059,15,42.07163391113281,20.73904317220052,59.73109436035156
144.0,191.0,144.27879333496094,135.0,168.0,99.0,204.0098876953125,19.642857142857142,15,45.54424133300781,23.55688934326172,59.73109436035156
177.0,233.0,177.2653045654297,170.99546813964844,149.0,131.98651123046875,236.99639892578125,14.762059154126467,15,45.54424133300781,23.053051249186197,59.73109436035156
222.0,202.0,222.26422119140625,215.994384765625,203.0,176.9854278564453,281.9953155517578,6.401174761391626,15,45.54424133300781,23.91881866455078,59.73109436035156
158.0,165.0,158.27879333496094,149.0,134.0,113.0,218.0098876953125,11.194029850746269,15,45.54424133300781,24.785110982259116,59.73109436035156
33.0,80.0,33.27879333496094,22.023651123046875,37.0,-12.0,93.0098876953125,40.4766185863598,15,45.54424133300781,24.755616760253908,59.73109436035156
178.0,144.0,178.26116943359375,167.0060272216797,182.0,132.9823760986328,237.9922637939453,8.238446581494676,15,45.54424133300781,24.28895009358724,59.73109436035156
82.0,81.0,82.27879333496094,73.0,72.0,37.0,142.0098876953125,1.3888888888888888,15,45.54424133300781,23.51961924235026,59.73109436035156
105.0,229.0,105.27879333496094,95.0,146.0,60.0,165.0098876953125,34.93150684931507,15,45.54424133300781,24.119618733723957,59.73109436035156
159.0,186.0,159.27879333496094,150.0,162.0,114.0,219.0098876953125,7.4074074074074066,15,45.54424133300781,26.08402303059896,59.73109436035156
156.0,195.0,157.91944885253906,148.64065551757812,155.0,112.64065551757812,203.64065551757812,4.102802891885081,15,43.45575866699219,22.28336385091146,45.72120666503906
162.0,161.0,162.27879333496094,159.35934448242188,172.0,117.0,208.0,7.349218324173329,15,43.45575866699219,20.32607421875,45.72120666503906
54.0,82.0,54.27879333496094,51.359344482421875,34.0,9.0,100.0,51.05689553653493,15,43.45575866699219,20.459407552083334,45.72120666503906
101.0,48.0,101.27879333496094,98.35934448242188,145.0,56.0,147.0,32.165969322467674,15,43.45575866699219,21.192740885416665,45.72120666503906
204.0,203.0,204.27255249023438,206.99375915527344,257.0,167.01165771484375,249.99375915527344,19.45768126253952,15,42.52120666503906,21.08890177408854,45.72120666503906
32.00000762939453,88.0,32.27320098876953,35.994407653808594,16.00000762939453,4.007896423339844,85.00064849853516,124.96494056466076,15,44.921206665039065,22.120005289713543,52.727447509765625
185.0,168.0,185.22186279296875,187.9430694580078,149.0,156.95655822753906,237.94931030273438,26.13628822685088,15,42.52120666503906,20.15680440266927,52.727447509765625
103.0,35.00000762939453,103.2731704711914,100.35372161865234,86.0,67.05130767822266,156.00061798095703,16.690373975177145,15,42.52120666503906,20.990181477864585,52.727447509765625
169.0,160.0,170.23056030273438,167.3111114501953,177.0,134.00869750976562,222.9580078125,5.473948333222987,15,42.52120666503906,20.2573725382487,52.727447509765625
116.0,197.0,116.27879333496094,119.0,117.0,80.05693054199219,169.00624084472656,1.7094017094017095,15,42.52120666503906,19.42438710530599,52.727447509765625
141.0,162.0,141.2730255126953,143.99423217773438,154.0,105.05116271972656,194.00047302246094,6.497251832640016,15,42.52120666503906,17.853881327311196,52.727447509765625
176.0,210.0,180.2103271484375,182.93153381347656,197.0,143.98846435546875,232.93777465820312,7.141353394174334,15,42.52120666503906,18.454265848795572,52.727447509765625
59.00000762939453,117.0,59.27880096435547,62.00000762939453,67.0,23.05693817138672,112.0062484741211,7.462675180008162,15,42.52120666503906,19.324322001139322,52.727447509765625
89.0,41.0,89.27879333496094,96.04823303222656,76.0,53.05693054199219,142.00624084472656,26.379253989771794,15,42.52120666503906,19.153815714518228,52.727447509765625
138.0,56.00000762939453,138.27850341796875,140.9997100830078,128.0,102.056640625,191.00595092773438,10.156023502349854,15,40.72146911621093,17.324321492513022,52.727447509765625
71.0,58.0,71.27880096435547,72.00000762939453,91.0,35.05693817138672,124.0062484741211,20.879112495170844,15,40.72146911621093,17.828141276041666,52.727447509765625
162.0,215.0,162.26190185546875,169.03134155273438,194.0,126.0400390625,214.98934936523438,12.870442498590528,15,40.72146911621093,18.948257954915366,52.727447509765625
23.0,44.0,23.27880096435547,30.048240661621094,32.0,-12.943061828613281,76.0062484741211,6.099247932434082,15,40.72146911621093,20.416050720214844,52.727447509765625
180.0,163.0,180.27879333496094,187.99999237060547,196.0,144.0569305419922,233.00624084472656,4.081636545609454,15,40.72146911621093,19.64554443359375,52.727447509765625
175.0,212.0,175.27879333496094,182.99999237060547,163.0,139.0569305419922,228.00624084472656,12.269933969696607,15,34.42835693359375,17.778877766927085,52.727447509765625
126.0,188.0,126.26459503173828,133.0340347290039,125.0,90.04273223876953,158.00269317626953,6.427227783203125,15,26.93133850097656,15.082300821940104,36.22186279296875
170.0,226.0,170.27879333496094,177.04823303222656,155.0,134.0569305419922,202.0168914794922,14.224666472404234,15,26.93133850097656,14.081727600097656,36.22186279296875
162.0,18.00000762939453,162.27879333496094,169.04823303222656,117.0,145.00562286376953,194.0168914794922,44.4856692583133,15,18.74198760986328,12.685522969563802,31.73809814453125
188.0,194.0,188.27879333496094,195.04823303222656,204.0,143.0,220.0168914794922,4.388121062634038,15,26.93133850097656,14.552564493815105,45.27879333496094
138.0,147.0,138.27879333496094,145.99999237060547,124.0,93.0,170.0168914794922,17.741929331133445,15,26.93133850097656,15.149348958333333,45.27879333496094
194.0,152.0,194.27879333496094,201.99999237060547,170.0,149.0,226.0168914794922,18.82352492388557,15,26.93133850097656,16.05318806966146,45.27879333496094
228.0,173.0,228.27879333496094,227.01419830322266,180.0,183.0,260.0168914794922,26.11899905734592,15,28.754376220703122,16.823309326171874,45.27879333496094
83.0,41.0,83.26789093017578,72.98938751220703,78.0,34.989097595214844,115.00598907470703,6.423862163837139,15,39.86251525878906,18.922584025065103,48.27879333496094
71.0,24.00000762939453,71.27880096435547,61.00029754638672,121.0,23.00000762939453,103.01689910888672,49.586530953399404,15,39.86251525878906,18.759030151367188,48.27879333496094
154.0,145.0,154.27879333496094,149.01090240478516,166.0,106.0,203.99999237060547,10.23439614169569,15,47.078793334960935,21.188523864746095,49.72119903564453
99.0,69.0,102.2597427368164,100.99514770507812,86.0,53.98094940185547,151.98094177246094,17.43621826171875,15,47.078793334960935,21.28470408121745,49.72119903564453
25.00000762939453,21.00000762939453,26.766517639160156,21.498626708984375,21.00000762939453,-21.51227569580078,76.48771667480469,2.374375706854064,15,47.078793334960935,21.05394032796224,49.72119903564453
207.0,172.0,207.27879333496094,201.5122833251953,185.0,159.0,256.99999237060547,8.925558554159627,15,47.078793334960935,19.322501118977865,49.72119903564453
153.0,226.0,153.27879333496094,141.0,155.0,105.0,202.99999237060547,9.032258064516128,15,47.078793334960935,20.22634073893229,49.72119903564453
40.0,44.0,40.27879333496094,28.0,28.0,-8.0,89.99999237060547,0.0,15,47.078793334960935,19.29300740559896,49.72119903564453
260.0,180.0,260.2787780761719,247.99998474121094,202.0,211.99998474121094,309.9999771118164,22.772269673866802,15,47.078793334960935,19.29300740559896,49.72119903564453
86.0,92.0,86.27879333496094,72.0,100.0,37.50000076293948,135.99999237060547,28.000000000000004,15,49.1442367553711,23.093952941894532,58.278778076171875
240.0,161.0,240.27877807617188,227.99998474121094,201.0,182.0,289.9999771118164,13.432828229458178,15,49.1442367553711,22.990113830566408,58.278778076171875
180.0,183.0,180.27879333496094,168.0,148.0,122.00001525878906,229.99999237060547,13.513513513513514,15,49.1442367553711,22.5901128133138,58.278778076171875
91.0,78.0,91.27879333496094,77.0,89.0,33.00001525878906,140.99999237060547,13.48314606741573,15,49.1442367553711,23.693951924641926,58.278778076171875
193.0,218.0,192.9873809814453,180.70858764648438,229.0,134.70860290527344,242.70858001708984,21.087952992801583,15,49.1442367553711,22.89395192464193,58.278778076171875
147.0,103.0,147.39166259765625,141.62515258789062,117.0,89.11288452148438,197.11286163330078,21.047138964009083,15,49.1442367553711,23.676206970214842,58.278778076171875
94.0,134.0,94.27879333496094,88.51228332519531,94.0,36.00001525878906,143.99999237060547,5.837996462558178,15,45.544230651855464,22.483731587727863,58.278778076171875
16.0,26.0,16.254653930664062,10.488143920898438,20.00000762939453,-42.02412414550781,65.9758529663086,47.55930040004715,15,45.544230651855464,22.151125081380208,58.278778076171875
151.0,187.0,154.39352416992188,148.62701416015625,180.0,96.11474609375,190.40614318847656,17.42943657769097,15,37.972314453125,19.08606872558594,58.278778076171875
143.0,239.0,143.27879333496094,137.5122833251953,152.0,85.00001525878906,179.29141235351562,9.53139254921361,15,37.972314453125,20.01175333658854,58.278778076171875
175.0,188.0,175.27879333496094,173.0,182.0,117.00001525878906,211.29141235351562,4.945054945054945,15,37.972314453125,19.509184265136717,58.278778076171875
203.0,257.0,203.2726287841797,202.99383544921875,206.0,144.9938507080078,239.28524780273438,1.459303179990898,15,37.972314453125,19.572830708821616,58.278778076171875
62.0,110.0,62.27880096435547,64.00000762939453,56.00000762939453,4.000022888183594,98.29141998291016,14.285712339440435,15,37.972314453125,18.269402567545573,58.278778076171875
220.0,166.0,220.27877807617188,219.99998474121094,258.0,162.0,256.29139709472656,14.728688084801963,15,37.972314453125,18.573241678873696,58.278778076171875
149.0,182.0,149.26942443847656,151.99679565429688,198.0,90.99064636230469,186.9906463623047,23.23394158873895,15,38.655755615234376,20.269403584798177,58.278778076171875
197.0,188.0,197.27879333496094,201.0241470336914,167.0,158.00001525878906,246.00936889648438,20.37374073873737,15,38.655755615234376,19.63285675048828,48.73057556152344
166.0,98.0,166.2416534423828,168.96902465820312,151.0,126.96287536621094,214.97222900390625,11.900016329935845,15,38.655755615234376,20.736695861816408,48.73057556152344
151.0,143.0,151.24806213378906,153.97543334960938,131.0,118.96926879882812,199.9786376953125,17.538498740159827,15,37.03778076171875,19.13422088623047,48.73057556152344
169.0,188.0,169.27879333496094,172.00616455078125,173.0,138.8871307373047,218.00936889648438,0.5744713579299133,15,37.03778076171875,18.332172139485678,48.73057556152344
197.0,132.0,197.27590942382812,200.9971160888672,197.0,166.88424682617188,246.00648498535156,2.0289929385112626,15,37.03778076171875,18.428333028157553,48.73057556152344
131.0,184.0,131.27879333496094,134.00616455078125,138.0,100.99435653686524,180.00936889648438,2.894083658854167,15,34.789398193359375,16.04588572184245,48.73057556152344
34.0,56.00000762939453,34.27880096435547,38.00000762939453,42.00000762939453,4.000007629394531,83.0093765258789,9.523807793788402,15,34.744250488281246,14.467855326334636,48.73057556152344
134.0,205.0,134.27879333496094,138.0241470336914,116.0,104.0,183.00936889648438,18.98633364973397,15,34.744250488281246,14.964016215006511,48.73057556152344
193.0,175.0,193.27171325683594,196.992919921875,167.0,162.992919921875,242.00228881835938,17.959832288547904,15,34.744250488281246,15.932912190755209,48.73057556152344
170.0,181.0,170.27496337890625,173.00233459472656,202.0,139.9961700439453,219.0055389404297,14.355279903600712,15,34.744250488281246,15.977261352539063,48.73057556152344
46.00000762939453,69.0,46.26556396484375,48.99293518066406,43.00000762939453,15.986770629882812,94.99613952636719,13.937038344088116,15,35.32274780273437,17.51085001627604,48.73057556152344
186.0,216.0,189.02346801757812,188.74755859375,148.0,158.7446746826172,237.75404357910156,27.532134184966218,15,35.32274780273437,17.28047332763672,48.73057556152344
191.0,229.0,191.27879333496094,188.01323699951172,193.0,150.2553253173828,240.00936889648438,2.5838150261597312,15,39.702569580078126,19.833546447753907,48.73057556152344
109.0,190.0,109.27735900878906,109.00144958496094,80.0,68.25389099121094,158.0079345703125,36.25181198120117,15,39.702569580078126,19.52970733642578,48.73057556152344
79.0,74.0,79.27879333496094,76.01323699951172,103.0,38.25532531738281,128.00936889648438,26.20074077717309,15,37.30409545898437,18.966783142089845,48.73057556152344
235.0,198.0,235.27879333496094,232.01323699951172,210.0,194.2553253173828,267.0038299560547,10.482493809291295,15,31.146539306640623,17.29949188232422,41.023468017578125
62.0,42.00000762939453,62.27880096435547,59.01324462890625,54.0,21.255332946777344,94.00383758544922,9.28378634982639,15,30.745965576171873,16.966158548990887,41.023468017578125
64.0,114.0,64.27880096435547,61.01324462890625,62.0,23.255332946777344,96.00383758544922,1.5915409211189515,15,30.745965576171873,16.501968383789062,41.023468017578125
250.0,211.0,250.27305603027344,247.99425506591797,258.0,209.2495880126953,281.9980926513672,3.8781957108845084,15,30.745965576171873,15.304017639160156,41.023468017578125
194.0,198.0,194.2694091796875,191.99060821533203,234.99998474121094,153.24594116210938,225.99444580078125,18.30186353979645,15,30.745965576171873,15.57106679280599,41.023468017578125
218.0,177.0,218.27879333496094,215.99999237060547,202.0,177.2553253173828,259.0093688964844,6.930689292378944,15,37.12835998535156,18.26804453531901,41.023468017578125
201.0,203.0,201.27552795410156,198.00997161865234,200.0,160.25205993652344,242.006103515625,0.9950141906738281,15,37.12835998535156,18.90521697998047,41.023468017578125
208.0,204.0,208.2677001953125,205.00214385986328,204.0,167.24423217773438,248.99827575683594,0.4912469901290594,15,37.12835998535156,18.475505065917968,41.023468017578125
206.0,186.0,206.27877807617188,203.01322174072266,169.0,165.25531005859375,247.0093536376953,20.12616671048678,15,37.12835998535156,17.541432189941407,41.023468017578125
138.0,129.0,138.25070190429688,134.98514556884766,158.0,97.22723388671875,178.9812774658203,14.56636356402047,15,39.34985656738281,18.275236511230467,41.023468017578125
132.0,154.0,133.92343139648438,130.65787506103516,92.0,92.89996337890625,174.6540069580078,42.01942941416865,15,39.34985656738281,17.476853942871095,41.023468017578125
152.0,160.0,152.27879333496094,148.01109313964844,162.0,110.35536193847656,193.00936889648438,8.635127691575038,15,40.90631103515625,20.05404561360677,41.923431396484375
158.0,132.0,158.2629852294922,155.98418426513672,133.0,116.33955383300781,198.99356079101562,17.281341552734375,15,39.34985656738281,17.967228190104166,41.923431396484375
52.00000762939453,109.0,52.27880096435547,48.01110076904297,36.00000762939453,10.355369567871094,93.0093765258789,33.36414053935145,15,39.34985656738281,19.536680094401042,41.923431396484375
181.0,166.0,181.27879333496094,177.01109313964844,195.0,139.35536193847656,222.00936889648438,9.225080441205929,15,39.34985656738281,18.670109049479166,41.923431396484375
96.0,37.0,96.2628402709961,91.9951400756836,100.0,54.33940887451172,136.99341583251953,8.004859924316406,15,39.34985656738281,18.0034423828125,41.923431396484375
153.0,164.0,153.27879333496094,150.99999237060547,194.0,111.35536193847656,194.00936889648438,22.16495238628584,15,39.34985656738281,16.567333475748697,41.923431396484375
213.0,236.0,213.26632690429688,211.9907989501953,201.0,171.3428955078125,253.9969024658203,5.468059179201648,15,40.726828002929686,18.730160522460938,41.923431396484375
198.0,238.0,199.13217163085938,197.8566436767578,198.0,157.208740234375,239.8627471923828,0.07240218345565025,15,40.726828002929686,19.395995585123696,41.923431396484375
181.0,214.0,181.27879333496094,180.00326538085938,195.0,139.35536193847656,222.00936889648438,7.690633138020833,15,40.726828002929686,18.956344095865884,41.923431396484375
160.0,206.0,160.27554321289062,159.00001525878906,164.0,118.35211181640625,200.9967498779297,3.0487711836652056,15,39.344235229492185,17.155719502766928,41.923431396484375
208.0,209.0,208.2484130859375,207.11624145507812,177.0,166.32498168945312,248.96961975097656,17.0148256808351,15,39.344235229492185,16.318763732910156,41.923431396484375
167.0,195.0,167.26089477539062,166.12872314453125,180.0,125.33746337890625,207.9821014404297,7.706264919704861,15,39.344235229492185,18.316956075032554,41.923431396484375
188.0,182.0,188.2666778564453,191.9911346435547,244.0,146.34324645996094,228.98788452148438,21.31510875264152,15,39.344235229492185,18.88171641031901,41.923431396484375
180.0,154.0,180.27879333496094,184.01595306396484,182.0,138.35536193847656,236.01211547851562,1.107666518662002,15,41.44254150390625,20.112019348144532,55.73332214355469
70.0,70.0,70.27879333496094,74.00325012207031,87.0,28.355361938476562,126.01211547851562,14.938792963137573,15,41.44254150390625,18.91014658610026,55.73332214355469
196.0,188.0,196.27879333496094,200.01595306396484,188.0,165.03038024902344,252.01211547851562,6.391464395725981,15,36.932089233398436,17.229998270670574,55.73332214355469
40.0,67.0,40.27879333496094,44.00325012207031,35.0,9.030380249023438,96.01211547851562,25.72357177734375,15,36.932089233398436,17.1338373819987,55.73332214355469
208.0,174.0,208.27879333496094,212.0032501220703,232.0,177.03038024902344,264.0121154785156,8.619288740486935,15,36.932089233398436,15.801557922363282,55.73332214355469
48.0,21.00000762939453,48.27880096435547,52.015960693359375,59.00000762939453,17.03038787841797,104.01212310791016,11.83736615748439,15,36.932089233398436,16.297718811035157,55.73332214355469
226.0,188.0,226.27877807617188,230.01593780517578,156.0,195.03036499023438,282.01210021972656,47.44611397767679,15,36.932089233398436,16.097718811035158,55.73332214355469
192.0,186.0,192.27877807617188,196.00323486328125,187.0,122.0,248.01210021972656,4.814564098011364,15,49.72847595214843,20.533826700846355,70.27877807617188
80.0,50.0,80.27879333496094,82.0,52.00000762939453,10.000015258789062,136.01211547851562,57.69228455583358,15,45.9393585205078,18.17099812825521,70.27877807617188
169.0,143.0,169.2639617919922,170.98516845703125,153.0,98.98518371582031,224.99728393554688,11.755012063419118,15,45.9393585205078,19.23849538167318,70.27877807617188
109.0,76.0,109.26976013183594,110.990966796875,129.0,38.99098205566406,165.00308227539062,13.96049085513566,15,45.9393585205078,20.247281392415363,70.27877807617188
171.0,202.0,171.27423095703125,172.9954376220703,173.0,100.99545288085938,227.00755310058594,0.002637212676119942,15,45.9393585205078,20.64788360595703,70.27877807617188
175.0,168.0,175.27879333496094,177.0,191.0,105.00001525878906,231.01211547851562,7.329842931937172,15,45.9393585205078,20.514637756347657,70.27877807617188
151.0,156.0,151.27879333496094,153.0045623779297,136.0,81.00001525878906,207.01211547851562,12.50335468965418,15,44.751507568359365,19.479490661621092,70.27877807617188
173.0,160.0,173.27879333496094,175.0,200.0,103.00001525878906,229.01211547851562,12.5,15,44.751507568359365,19.648803202311196,70.27877807617188
49.00000762939453,116.0,49.27880096435547,51.00000762939453,41.0,-20.999977111816406,76.00000762939453,24.39026251071837,15,27.65575408935547,17.714662170410158,70.27877807617188
107.0,158.0,107.27879333496094,102.00001525878906,132.0,37.00001525878906,134.0,22.727261167584043,15,27.65575408935547,18.151835123697918,70.27877807617188
127.0,89.0,127.47673797607422,122.19795989990234,112.0,57.197959899902344,154.19794464111328,9.105321339198522,15,27.65575408935547,18.68516845703125,70.27877807617188
164.0,208.0,164.27879333496094,159.00001525878906,150.0,94.00001525878906,191.0,6.000010172526041,15,27.65575408935547,19.16503143310547,70.27877807617188
201.0,196.0,201.2679901123047,195.9892120361328,185.0,130.9892120361328,227.98919677734375,5.940114614125845,15,27.65575408935547,19.76503143310547,70.27877807617188
187.0,160.0,187.27879333496094,178.99999237060547,218.0,117.00001525878906,214.0,17.889911756603,15,27.65575408935547,19.268150329589844,70.27877807617188
119.0,156.0,119.27879333496094,110.99999237060547,146.0,49.00001525878906,150.0,23.97260796533872,15,29.74423828125,20.601483662923176,70.27877807617188
191.0,159.0,191.27879333496094,186.00001525878906,219.0,163.00000762939453,222.0,15.06848618320134,15,27.65575408935547,17.697645568847655,30.721206665039062
140.0,134.0,140.27879333496094,142.0045623779297,151.0,112.00000762939453,171.0,5.957243458324711,15,28.055754089355467,19.193807474772136,30.721206665039062
39.00000762939453,30.0,39.26115417480469,49.98236083984375,36.00000762939453,22.9931640625,69.98236083984375,38.83986179778591,15,27.321206665039064,18.023302205403645,30.721206665039062
163.0,131.0,163.25262451171875,173.9738311767578,234.99998474121094,146.98463439941406,193.9738311767578,25.96857767103984,15,27.321206665039064,17.15644785563151,30.721206665039062
192.0,205.0,192.27877807617188,202.99998474121094,211.0,176.0107879638672,264.02613830566406,3.7914764259663802,15,29.52120666503906,20.624255879720053,71.74736022949219
172.0,175.0,172.27783203125,187.99903869628906,216.0,156.0098419189453,244.0251922607422,12.963408010977288,15,29.52120666503906,21.757286071777344,71.74736022949219
178.0,191.0,178.2672882080078,196.98851013183594,189.0,161.99929809570312,250.0146484375,4.226724937479332,15,38.52178344726562,23.624016825358073,71.74736022949219
51.0,63.0,51.27880096435547,70.0000228881836,67.0,35.01081085205078,123.02616119384766,4.477646101766558,15,38.52178344726562,23.32094472249349,71.74736022949219
188.0,177.0,188.27879333496094,203.99999237060547,185.0,172.01080322265625,260.0261535644531,10.270266146273228,15,38.52178344726562,22.587610880533855,71.74736022949219
170.0,113.0,170.26544189453125,185.98664093017578,138.0,153.99745178222656,242.01280212402344,34.772928210272305,15,38.52178344726562,22.25427703857422,71.74736022949219
144.0,110.0,144.27879333496094,155.01150512695312,146.0,112.01335144042969,216.02615356445312,6.172263785584333,15,39.1394775390625,22.757226053873698,71.74736022949219
176.0,170.0,176.27879333496094,187.01150512695312,198.0,144.0133514404297,248.02615356445312,5.549744885377209,15,39.1394775390625,21.840190633138022,71.74736022949219
180.0,153.0,180.27879333496094,195.99999237060547,234.99998474121094,148.0133514404297,252.02615356445312,16.595742511878644,15,39.1394775390625,22.336351521809895,71.74736022949219
39.00000762939453,70.0,39.27472686767578,57.995948791503906,93.0,7.009284973144531,111.02208709716797,37.63876474031838,15,50.321582031249996,24.899898274739584,71.74736022949219
38.00000762939453,68.0,38.27880096435547,57.000022888183594,60.0,6.013359069824219,110.02616119384766,4.999961853027344,15,54.32282409667969,26.43350270589193,71.74736022949219
129.0,101.0,129.24293518066406,147.9641571044922,81.0,96.97749328613281,200.99029541015625,82.6717988944348,15,54.32282409667969,26.100168863932293,71.74736022949219
30.0,34.0,30.27880096435547,46.0,18.00000762939453,-17.964134216308594,102.02616119384766,155.55544723703713,15,54.32282409667969,27.46828409830729,71.74736022949219
226.0,174.0,226.27212524414062,241.99332427978516,239.0,178.02919006347656,298.0194854736328,1.2524369371486008,15,54.32282409667969,27.572123209635418,71.74736022949219
190.0,192.0,190.27879333496094,205.99999237060547,176.0,142.03585815429688,262.0261535644531,17.04545021057129,15,54.32282409667969,28.203238423665365,71.74736022949219
138.0,194.0,138.27879333496094,151.0066680908203,125.0,90.03585815429688,192.99998474121094,20.805334472656252,15,51.53233795166015,24.372000630696615,54.72119140625
171.0,159.0,171.30548095703125,182.03819274902344,146.0,123.06254577636719,226.02667236328125,24.683693663714685,15,51.53233795166015,24.00917205810547,54.72119140625
169.0,162.0,169.27125549316406,170.99246215820312,167.0,121.0283203125,223.99244689941406,2.3906959031156436,15,51.53233795166015,22.781392923990886,54.72119140625
185.0,216.0,185.74472045898438,183.4734649658203,191.0,137.5017852783203,240.46591186523438,3.9405942587328204,15,51.53233795166015,22.217295837402343,54.72119140625
172.0,164.0,172.24317932128906,169.971923828125,185.0,124.000244140625,226.96437072753906,8.12328441722973,15,51.53233795166015,21.51956787109375,54.72119140625
75.0,122.0,75.26664733886719,76.98785400390625,67.0,27.023712158203125,129.9878387451172,14.907244781949627,15,51.53233795166015,22.151436360677085,54.72119140625
104.0,146.0,104.27879333496094,106.0,83.0,56.035858154296875,158.99998474121094,27.710843373493976,15,51.53233795166015,20.551516723632812,54.72119140625
158.0,235.0,158.2672576904297,155.99600219726562,177.0,110.02432250976562,212.9884490966797,11.866665425273657,15,51.53233795166015,21.85535583496094,54.72119140625
163.0,205.0,163.27879333496094,161.00753784179688,158.0,115.03585815429688,217.99998474121094,1.9035049631625791,15,51.53233795166015,21.656124877929688,54.72119140625
203.0,186.0,203.27438354492188,197.99559020996094,165.0,155.0314483642578,256.9996566772461,19.997327399976324,15,39.06795349121093,18.359965006510418,53.72527313232422
23.0,65.0,23.27259063720703,15.005943298339844,19.0,-24.97034454345703,44.99378967285156,21.02135106136924,15,33.08682250976562,17.329905700683593,48.24293518066406
164.0,108.0,164.27780151367188,156.0111541748047,147.0,116.03486633300781,183.0105438232422,6.1300368536086305,15,33.08682250976562,16.16666514078776,48.24293518066406
238.0,174.0,238.27879333496094,230.01214599609375,215.0,200.00440979003906,257.01153564453125,6.982393486555233,15,23.694805908203122,14.102322896321615,38.274383544921875
210.0,184.0,210.27879333496094,202.01214599609375,240.0,172.00440979003906,229.01153564453125,15.828272501627605,15,24.494805908203123,14.835656229654948,38.274383544921875
162.0,67.0,162.27879333496094,154.01214599609375,166.0,124.00440979003906,192.0,7.221598797533886,15,27.954916381835936,15.96854502360026,38.274383544921875
239.0,213.0,239.25869750976562,233.9799041748047,176.0,200.98431396484375,268.9799041748047,32.94312737204812,15,27.954916381835936,15.264705912272136,38.274383544921875
200.0,252.99998474121094,200.2698974609375,194.99110412597656,186.0,137.01119995117188,229.99110412597656,4.833926949449765,15,34.853112792968744,18.596699523925782,63.258697509765625
152.0,123.0,152.27879333496094,147.0,171.0,89.02009582519531,182.0,14.035087719298245,15,34.853112792968744,17.860993957519533,63.258697509765625
56.00000762939453,65.0,56.27880096435547,51.00000762939453,41.0,-6.979896545410156,86.00000762939453,24.39026251071837,15,34.853112792968744,18.957657368977866,63.258697509765625
100.0,247.0,100.27879333496094,92.01214599609375,144.0,37.02009582519531,130.0,36.10267639160156,15,34.853112792968744,19.625892130533853,63.258697509765625
181.0,212.0,181.2332763671875,172.9666290283203,134.0,117.97457885742188,224.95448303222656,29.079573901731575,15,41.542477416992185,21.690184529622396,63.258697509765625
184.0,205.0,183.90399169921875,169.63409423828125,176.0,120.64529418945312,227.6251983642578,3.6169919100674712,15,45.82844848632812,24.287959798177084,63.258697509765625
205.0,149.0,205.26632690429688,197.36233520507812,172.0,142.00762939453125,248.98753356933594,14.745543723882632,15,45.82844848632812,23.39630635579427,63.258697509765625
175.0,205.0,175.26950073242188,160.99960327148438,153.0,112.01080322265625,218.99070739746094,5.228498870251226,15,45.82844848632812,24.36521199544271,63.258697509765625
55.0,75.0,55.27880096435547,40.0,51.0,-7.979896545410156,99.00000762939453,21.568627450980394,15,45.82844848632812,25.497925821940104,63.258697509765625
165.0,237.0,165.27879333496094,151.00889587402344,148.0,102.02009582519531,209.0,2.033037752718539,15,45.82844848632812,23.231553649902345,63.258697509765625
171.0,213.0,171.27879333496094,155.99999237060547,186.0,108.02009582519531,215.0,16.129036359889533,15,45.82844848632812,24.098633829752604,63.258697509765625
181.0,192.0,181.27606201171875,167.00616455078125,185.0,118.01736450195312,224.9972686767578,9.726397540118244,15,45.82844848632812,23.928194173177083,63.258697509765625
215.0,203.0,215.25436401367188,207.35037231445312,191.0,151.99566650390625,258.97557067871094,8.56040435311682,15,45.82844848632812,22.624537150065105,63.258697509765625
54.0,118.0,54.27879333496094,40.00889587402344,63.0,-8.979904174804688,98.0,36.49381607297867,15,45.82844848632812,22.260080973307293,63.258697509765625
136.0,105.0,136.2662811279297,121.99638366699219,113.0,73.00758361816406,179.98748779296875,7.961401475214325,15,45.82844848632812,22.593414306640625,63.258697509765625
202.0,171.0,202.258056640625,187.9881591796875,147.0,155.0247802734375,245.97926330566406,27.883101482780614,15,39.53925476074218,19.927253214518228,47.2332763671875
213.0,152.0,213.27877807617188,197.9999771118164,225.0,158.02072143554688,256.99998474121094,12.000010172526041,15,45.82844848632812,22.659797159830728,55.258056640625
209.0,156.0,209.27346801757812,193.99466705322266,171.0,154.01541137695312,252.9946746826172,13.447173715334888,15,45.82844848632812,22.193131510416666,55.258056640625
22.00000762939453,38.00000762939453,22.27880096435547,5.000007629394531,19.00000762939453,-32.97925567626953,66.00000762939453,73.68418093864804,15,45.82844848632812,23.726109313964844,55.258056640625
176.0,222.0,184.6497344970703,167.37094116210938,186.0,129.3916778564453,199.37094116210938,10.015623031123992,15,43.64935302734375,21.029948425292968,55.258056640625
138.0,170.0,138.27847290039062,130.37448120117188,171.0,83.02041625976562,152.9996795654297,23.757613332648024,15,36.27061157226562,17.971081034342447,55.258056640625
189.0,148.0,189.27879333496094,184.99999237060547,173.0,134.02073669433594,222.0003204345703,6.936411774916455,15,36.27061157226562,19.62558339436849,55.258056640625
187.0,197.0,187.2769317626953,182.99813079833984,209.0,132.0188751220703,219.9984588623047,12.441085742421128,15,36.05269165039062,18.49308115641276,55.258056640625
176.0,162.0,176.27459716796875,172.9958038330078,185.0,121.01654052734375,208.99612426757812,6.488754684860643,15,36.05269165039062,18.45665232340495,55.258056640625
166.0,218.0,166.27879333496094,167.62905883789062,202.0,111.02073669433594,199.0003204345703,17.01531740698484,15,36.05269165039062,18.753092447916668,55.258056640625
132.0,82.0,132.27879333496094,136.0027313232422,109.0,77.02073669433594,168.0,24.773148002974484,15,37.2525634765625,19.982586669921876,55.258056640625
110.0,99.0,110.27879333496094,111.62905883789062,105.0,55.02073669433594,146.0,6.313389369419643,15,37.2525634765625,20.553092447916665,55.258056640625
176.0,191.0,176.26626586914062,172.9874725341797,224.0,121.00820922851562,211.9874725341797,22.773449761526926,15,37.2525634765625,20.656749471028647,55.258056640625
49.00000762939453,18.00000762939453,49.27880096435547,50.629066467285156,39.00000762939453,-5.979255676269531,97.01253509521484,29.818093751155413,15,43.94962768554687,22.22204081217448,55.258056640625
65.0,91.0,65.27879333496094,62.0,50.0,10.020736694335938,113.01252746582031,24.0,15,43.94962768554687,22.325879923502605,55.258056640625
205.0,160.0,205.27877807617188,201.99998474121094,177.0,150.02072143554688,253.01251220703125,14.124285164525954,15,43.94962768554687,21.793380737304688,55.258056640625
62.0,81.0,62.235939025878906,58.95714569091797,42.00000762939453,23.96247100830078,109.96967315673828,40.37413090767072,15,37.2525634765625,19.994762166341147,47.733734130859375
132.0,79.0,132.27879333496094,127.0,131.0,94.00532531738281,180.0125274658203,3.0534351145038165,15,37.2525634765625,20.56240946451823,47.733734130859375
153.0,106.0,153.27879333496094,150.0,149.0,125.00001525878906,201.0125274658203,0.6711409395973155,15,34.52133483886718,18.096097819010417,47.733734130859375
16.0,26.0,16.27880096435547,12.000007629394531,12.0,-11.999977111816406,64.01253509521484,6.357828776041666e-05,15,34.52133483886718,18.162764485677084,47.733734130859375
70.0,100.0,70.27879333496094,65.99999237060547,54.0,42.00001525878906,118.01252746582031,22.22220809371383,15,34.52133483886718,18.358000183105467,47.733734130859375
204.0,188.0,204.27865600585938,198.99986267089844,201.0,175.9998779296875,252.01239013671875,0.9950931985579913,15,32.74423522949218,17.261817932128906,47.733734130859375
172.0,134.0,172.27879333496094,167.99999237060547,210.0,144.00001525878906,220.0125274658203,20.000003633045015,15,32.74423522949218,16.395142110188804,47.733734130859375
102.0,131.0,102.2657241821289,97.98692321777344,139.0,73.98694610595703,149.99945831298828,29.50581063469537,15,36.921206665039065,17.46168467203776,47.733734130859375
204.0,177.0,204.27879333496094,199.99999237060547,154.0,176.00001525878906,252.0125274658203,29.870124915977573,15,37.32643432617188,19.32894287109375,47.733734130859375
158.0,175.0,158.27879333496094,153.0,156.0,108.0,206.0125274658203,1.9230769230769231,15,43.728723144531244,20.299448649088543,50.27879333496094
191.0,192.0,191.27684020996094,186.99803924560547,247.0,140.998046875,239.0105743408203,24.292291803398598,15,43.728723144531244,18.89944864908854,50.27879333496094
215.0,237.0,215.27879333496094,211.0,260.0,165.0,271.001953125,18.846153846153847,15,49.26076965332031,22.262406412760416,55.72315979003906
215.0,257.0,215.251708984375,210.97291564941406,210.0,164.97291564941406,270.97486877441406,0.46329316638764884,15,48.05575866699218,22.061571248372395,55.72315979003906
196.0,190.0,196.27879333496094,192.0,213.0,146.0,252.001953125,9.859154929577464,15,48.05575866699218,21.726432291666665,55.72315979003906
133.0,166.0,133.27879333496094,130.00013732910156,149.0,83.0,189.001953125,12.751585685166736,15,48.05575866699218,21.82259318033854,55.72315979003906
178.0,160.0,178.26722717285156,175.98843383789062,158.0,127.98843383789062,233.99038696289062,11.385084707525712,15,48.05575866699218,20.98542175292969,55.72315979003906
102.0,141.0,102.27879333496094,100.0,138.0,52.0,158.001953125,27.536231884057973,15,48.05575866699218,20.987508138020832,55.72315979003906
69.0,81.0,69.27799987792969,66.99920654296875,82.0,18.99920654296875,125.00115966796875,18.293650557355182,15,48.05575866699218,23.28366902669271,55.72315979003906
225.0,198.0,225.27879333496094,238.00079345703125,214.0,175.0,281.001953125,11.215324045341706,15,48.05575866699218,23.846549479166665,55.72315979003906
62.0,99.0,62.237159729003906,74.95915985107422,43.0,11.958366394042969,117.96031951904297,74.32362756063772,15,48.05575866699218,24.31321563720703,55.72315979003906
248.0,206.0,248.257080078125,260.9790802001953,269.0,197.97828674316406,303.98023986816406,2.981754572418099,15,48.05575866699218,24.510440063476562,55.72315979003906
151.0,81.0,151.27879333496094,167.0,158.0,101.0,207.001953125,5.69620253164557,15,48.05575866699218,25.674724324544272,55.72315979003906
178.0,265.0,178.27879333496094,191.00079345703125,134.0,128.0,234.001953125,42.537905564948694,15,48.05575866699218,23.608057657877605,55.72315979003906
67.0,107.0,67.27879333496094,74.0,78.0,17.0,123.001953125,5.128205128205128,15,48.05575866699218,24.11102549235026,55.72315979003906
34.0,101.0,34.27880096435547,45.00000762939453,38.00000762939453,12.810995483398505,90.00196075439453,18.42104893311974,15,44.54424133300781,21.473853047688802,55.72315979003906
178.0,148.0,178.27879333496094,189.0,219.0,134.0,234.001953125,13.698630136986301,15,44.54424133300781,21.570013936360677,55.72315979003906
155.0,211.0,155.27552795410156,165.99673461914062,153.0,110.99673461914062,199.99673461914062,8.49459779028799,15,42.85575866699219,20.569883728027342,44.72120666503906
98.0,29.00000762939453,98.27879333496094,105.0,109.0,54.0,139.0,3.669724770642202,15,38.72120666503906,17.740171813964842,44.27879333496094
209.0,183.0,209.27601623535156,219.99722290039062,152.0,164.99722290039062,249.99722290039062,44.735015066046465,15,38.72120666503906,18.10480499267578,44.27879333496094
55.0,104.0,55.27880096435547,62.00000762939453,56.00000762939453,-1.9972152709960938,96.00000762939453,10.714284254580326,15,42.85575866699219,20.80845896402995,57.27601623535156
189.0,193.0,189.27879333496094,193.0,167.0,132.00277709960938,230.0,15.568862275449103,15,42.85575866699219,19.80845896402995,57.27601623535156
127.0,164.0,127.27879333496094,131.0,171.0,70.00277709960938,168.0,23.391812865497073,15,42.85575866699219,19.94256337483724,57.27601623535156
71.0,56.00000762939453,71.27880096435547,75.00000762939453,80.0,14.002784729003906,115.00000762939453,6.249990463256836,15,44.05575866699219,20.475896708170573,57.27601623535156
162.0,228.0,162.27879333496094,166.0,177.0,105.00277709960938,206.0,6.214689265536723,15,44.05575866699219,20.20917663574219,57.27601623535156
167.0,101.0,167.26043701171875,173.9816436767578,175.0,109.98442077636719,210.9816436767578,0.5819178989955357,15,44.05575866699219,20.438670857747397,57.27601623535156
235.0,245.0,235.27386474609375,243.013427734375,159.0,177.9978485107422,278.9950714111328,52.8386337952044,15,44.05575866699219,19.672164408365884,57.27601623535156
30.0,69.0,30.27880096435547,37.00000762939453,24.00000762939453,-45.99506378173828,74.00000762939453,54.16664944755254,15,52.07712707519531,23.374227396647136,76.27386474609375
83.0,65.0,83.27879333496094,87.0,59.00000762939453,7.0049285888671875,127.0,47.457608050639514,15,52.07712707519531,23.344733174641927,76.27386474609375
225.0,176.0,225.2509002685547,228.97210693359375,188.0,148.97703552246094,268.97210693359375,21.79367390084774,15,51.85409240722656,22.01139933268229,76.27386474609375
234.0,209.0,234.2744140625,234.99562072753906,267.0,158.00054931640625,277.99562072753906,11.986658903543422,15,51.85409240722656,23.780045572916666,76.27386474609375
135.0,226.0,135.27806091308594,135.999267578125,143.0,59.00419616699219,178.999267578125,4.895617078234266,15,51.85409240722656,25.713670857747395,76.27386474609375
129.0,261.0,130.34780883789062,131.0690155029297,120.0,54.073944091796875,174.0690155029297,9.22417958577474,15,51.85409240722656,23.513719685872395,76.27386474609375
117.0,100.0,117.27879333496094,118.0,94.0,41.00492858886719,161.0,25.53191489361702,15,51.85409240722656,24.051871744791665,76.27386474609375
112.0,41.0,112.27879333496094,106.0,107.0,36.00492858886719,156.0,0.9345794392523363,15,51.85409240722656,24.889044189453124,76.27386474609375
80.0,89.0,80.27879333496094,75.0,65.0,4.0049285888671875,124.0,15.384615384615385,15,41.13308410644531,21.422562662760416,76.27386474609375
66.0,105.0,66.2474365234375,59.96864318847656,83.0,-10.02642822265625,109.96864318847656,27.748622664486067,15,41.13308410644531,22.393068440755208,76.27386474609375
172.0,151.0,172.27879333496094,167.0,201.0,96.00492858886719,216.0,16.91542288557214,15,41.13308410644531,22.02465311686198,76.27386474609375
162.0,161.0,162.27879333496094,157.0,143.0,86.00492858886719,195.00437927246094,9.79020979020979,15,35.440774536132814,21.02465311686198,76.27386474609375
156.0,194.0,156.26541137695312,149.9866180419922,172.0,79.99154663085938,188.99099731445312,12.79847788256268,15,35.440774536132814,21.728492736816406,76.27386474609375
114.0,94.0,114.27476501464844,107.9959716796875,189.0,38.00090026855469,147.00035095214844,42.85927424355159,15,35.440774536132814,21.79605153401693,76.27386474609375
164.0,148.0,164.27386474609375,157.9950714111328,153.0,88.0,238.9990997314453,3.2647525562959556,15,59.735501098632795,26.26176300048828,76.27386474609375
220.0,217.0,220.27511596679688,213.99632263183594,189.0,183.0242156982422,295.00035095214844,13.225567530071924,15,35.440774536132814,21.928429667154948,74.72523498535156
149.0,181.0,149.27879333496094,138.9309844970703,181.0,112.02789306640625,224.0040283203125,23.24255000161861,15,35.440774536132814,23.59485117594401,74.72523498535156
147.0,175.0,147.27879333496094,142.0,151.0,110.02789306640625,222.0040283203125,5.960264900662252,15,35.440774536132814,24.09101257324219,74.72523498535156
159.0,164.0,159.27879333496094,163.0,170.0,128.00367736816406,234.0040283203125,4.117647058823529,15,32.32383422851562,21.855699666341145,74.72523498535156
194.0,130.0,196.2382354736328,199.95944213867188,196.0,164.96311950683594,270.9634704589844,2.0201235401387114,15,31.542770385742188,20.388741048177085,74.72523498535156
74.0,90.0,74.24200439453125,74.00376892089844,58.0,42.966888427734375,148.9672393798828,27.592705036031788,15,31.542770385742188,19.889827473958334,74.72523498535156
220.0,187.0,222.3476104736328,222.109375,224.0,191.07249450683594,297.0728454589844,0.8440290178571428,15,31.542770385742188,20.282773844401042,74.72523498535156
63.0,140.0,64.89204406738281,66.54443359375,86.0,33.61692810058594,139.61727905273438,22.622751635174417,15,31.542770385742188,18.841013590494793,74.72523498535156
64.0,102.0,64.27630615234375,67.99751281738281,78.0,33.001190185546875,139.0015411376953,12.82370151617588,15,31.542770385742188,19.896291097005207,74.72523498535156
201.0,176.0,201.23733520507812,211.9585418701172,178.0,169.96221923828125,275.9625701904297,19.07783251130179,15,31.542770385742188,19.792617797851562,74.72523498535156
208.0,152.0,208.25628662109375,211.9774932861328,163.0,176.98117065429688,282.9815216064453,30.047541893333012,15,31.542770385742188,20.224935913085936,74.72523498535156
132.0,172.0,132.27879333496094,133.93118286132812,131.0,87.02250671386719,207.0040283203125,2.237544168952767,15,39.84225463867187,21.327274576822916,74.72523498535156
67.0,114.0,67.27879333496094,68.93118286132812,90.0,22.022506713867188,142.0040283203125,23.40979682074653,15,39.84225463867187,20.127274576822916,74.72523498535156
184.0,114.0,184.27879333496094,185.93118286132812,143.0,139.0225067138672,259.0040283203125,30.021806196732953,15,39.84225463867187,20.59304911295573,74.72523498535156
164.0,135.0,164.27879333496094,164.04055786132812,162.0,119.02250671386719,196.0,1.2596036181037809,15,37.45575866699218,18.36328633626302,45.25628662109375
16.0,56.00000762939453,16.27880096435547,16.040565490722656,10.000007629394531,-28.97748565673828,48.00000762939453,60.4055325275173,15,37.45575866699218,17.763614908854166,45.25628662109375
182.0,140.0,182.27879333496094,182.04055786132812,136.0,137.0225067138672,214.0,33.85335136862362,15,37.45575866699218,16.097193400065105,45.25628662109375
173.0,174.0,173.27879333496094,172.0,208.0,127.0,196.0,17.307692307692307,15,43.665289306640624,17.067699178059897,46.27879333496094
224.0,182.0,224.2701416015625,222.99134826660156,191.0,177.99134826660156,258.99134826660156,16.749396998220714,15,43.665289306640624,19.134365844726563,46.27879333496094
252.99998474121094,185.0,253.24697875976562,250.9681854248047,219.99998474121094,206.9681854248047,287.9681854248047,14.076455832495661,15,43.665289306640624,20.637628173828126,46.27879333496094
205.0,187.0,205.27877807617188,198.99998474121094,212.0,158.99998474121094,239.99998474121094,6.132082669240123,15,43.665289306640624,22.838212076822916,46.27879333496094
167.0,212.0,167.27349853515625,164.9947052001953,148.0,120.99470520019531,201.9947052001953,11.482908919050887,15,43.665289306640624,22.203493245442708,46.27879333496094
212.0,188.0,212.27877807617188,205.99998474121094,204.0,165.99998474121094,246.99998474121094,0.9803846770641851,15,43.665289306640624,23.378233846028646,46.27879333496094
149.0,175.0,149.2771453857422,140.9983673095703,106.0,102.99835205078125,183.99835205078125,33.01732765053803,15,43.665289306640624,22.522955322265624,46.27879333496094
264.0,156.0,264.2787780761719,245.00527954101562,199.99998474121094,217.99998474121094,298.99998474121094,22.502649116718224,15,44.464630126953125,24.493185424804686,46.27879333496094
14.000007629394531,32.00000762939453,14.271774291992188,-5.0017242431640625,12.000007629394531,-50.00701904296875,48.99298095703125,141.68100885962878,15,45.869790649414064,27.22928263346354,64.27879333496094
82.0,108.0,82.27208709716797,73.9933090209961,104.0,17.99329376220703,116.99329376220703,28.852587479811447,15,45.07813415527344,24.363647969563804,64.27879333496094
161.0,132.0,161.244873046875,152.96609497070312,142.0,96.96607971191406,195.96607971191406,7.722602092044455,15,45.07813415527344,25.726922607421876,64.27879333496094
186.0,223.0,186.27879333496094,167.03392028808594,161.0,122.0,221.0,3.7477765764508932,15,45.07813415527344,25.495167032877603,64.27879333496094
176.0,86.0,176.26156616210938,157.01669311523438,166.0,111.98277282714844,210.98277282714844,5.411630653473268,15,45.07813415527344,24.428500366210937,64.27879333496094
204.0,195.0,204.27879333496094,185.03392028808594,178.0,140.0,239.0,3.951640611284234,15,45.07813415527344,24.960685221354165,64.27879333496094
200.0,195.0,200.25372314453125,180.980224609375,176.0,135.9749298095703,234.9749298095703,2.829673073508523,15,45.07813415527344,26.2940185546875,64.27879333496094
118.0,135.0,119.15412902832031,99.88063049316406,146.0,54.875335693359375,153.87533569335938,31.588609251257495,15,39.85476989746093,24.825680541992188,64.27879333496094
41.0,70.0,41.27880096435547,22.00530242919922,56.00000762939453,-22.99999237060547,68.12467193603516,60.70482244425877,15,39.27434387207031,24.300658162434896,64.27879333496094
196.0,156.0,196.27879333496094,177.03392028808594,200.0,132.0,223.12466430664062,11.483039855957031,15,39.26508483886718,23.0640625,64.27879333496094
143.0,162.0,143.27879333496094,133.01722717285156,171.0,79.0,170.12466430664062,22.21214785213359,15,36.70463562011718,21.09567667643229,64.27879333496094
215.0,198.0,215.02294921875,204.76138305664062,167.0,150.74415588378906,242.74415588378906,22.61160662074289,15,37.05476989746093,22.49567565917969,64.27879333496094
131.0,123.0,131.25013732910156,120.98857116699219,133.0,66.97134399414062,158.97134399414062,9.031149498502113,15,46.124627685546876,24.412305704752605,64.27879333496094
185.0,172.0,185.26638793945312,175.00482177734375,197.0,120.98759460449219,212.9875946044922,11.165065087642766,15,46.124627685546876,23.977044677734376,64.27879333496094
37.0,32.00000762939453,37.24370574951172,34.97193908691406,59.0,-27.03508758544922,64.96491241455078,40.7255269713321,15,39.90225219726562,21.874142456054688,64.27879333496094
197.0,234.0,197.27879333496094,199.02865600585938,167.0,149.25584411621094,225.0,19.178835931652323,15,27.371072387695314,19.03930918375651,48.02294921875
203.0,182.0,203.27879333496094,205.02865600585938,194.0,155.25584411621094,231.0,5.68487422982442,15,29.255758666992186,20.906444295247397,48.02294921875
101.0,33.0,101.22248840332031,91.94369506835938,108.0,53.19953918457031,128.94369506835938,14.866949010778358,15,29.255758666992186,20.076502990722656,48.02294921875
166.0,176.0,166.26516723632812,168.01502990722656,226.0,118.24221801757812,193.9863739013672,25.65706641273161,15,29.255758666992186,19.245345560709634,48.02294921875
166.0,63.0,165.17645263671875,168.8976593017578,112.0,117.15350341796875,224.91128540039062,50.801481519426616,15,40.92528686523437,21.54241485595703,59.734832763671875
181.0,177.0,186.8734130859375,190.59461975097656,164.0,133.69696044921875,246.60824584960938,16.216231555473513,15,51.11505126953125,24.403407287597656,59.734832763671875
177.0,99.0,177.27789306640625,180.9990997314453,181.0,124.1014404296875,237.01272583007812,0.0004973859418162984,15,51.11505126953125,24.17638193766276,59.734832763671875
28.00000762939453,67.0,28.27880096435547,32.00090789794922,30.0,-24.89765167236328,88.01363372802734,6.6696929931640625,15,51.11505126953125,22.80760752360026,59.734832763671875
67.0,86.0,67.27879333496094,71.0,62.0,14.102340698242188,127.01362609863281,14.516129032258066,15,51.11505126953125,21.13262939453125,59.734832763671875
176.0,123.0,176.27879333496094,178.02865600585938,167.0,123.10234069824219,236.0136260986328,6.603985632251123,15,51.11505126953125,20.50313517252604,59.734832763671875
160.0,198.0,160.25830078125,161.97949981689453,204.0,107.08184814453125,219.99313354492188,20.59828440348307,15,51.11505126953125,20.873640950520834,59.734832763671875
148.0,218.0,148.27879333496094,149.99999237060547,151.0,95.10234069824219,208.0136260986328,0.6622567082082988,15,51.11505126953125,21.941673787434897,59.734832763671875
150.0,138.0,150.27879333496094,152.02865600585938,153.0,97.10234069824219,210.0136260986328,0.6348653556474673,15,49.402551269531244,18.9215576171875,59.734832763671875
13.000007629394531,49.00000762939453,13.271141052246094,15.992347717285156,10.000007629394531,-39.905311584472656,73.00597381591797,59.923355161014435,15,49.402551269531244,18.98631388346354,59.734832763671875
130.0,101.0,130.27879333496094,131.99999237060547,118.0,77.10234069824219,190.0136260986328,11.86440031407243,15,49.402551269531244,18.42214864095052,59.734832763671875
209.0,175.0,209.27877807617188,206.0076446533203,205.0,156.10232543945312,269.01361083984375,0.4915339772294207,15,49.402551269531244,17.790315246582033,59.734832763671875
30.0,86.0,30.252578735351562,26.9814453125,37.0,-22.923873901367188,89.98741149902344,27.07717483108108,15,49.402551269531244,16.056980895996094,59.734832763671875
36.0,111.0,36.27879333496094,37.99999237060547,54.99999237060547,-16.897659301757812,96.01362609863281,30.909095196685126,15,49.402551269531244,15.88822275797526,59.734832763671875
194.0,191.0,194.4037322998047,196.12493133544922,162.0,141.22727966308594,254.13856506347656,21.06477242928964,15,49.402551269531244,16.684468587239582,59.734832763671875
192.0,110.0,192.27877807617188,189.0076446533203,136.0,139.10232543945312,236.02047729492188,38.97620930391199,15,39.20651245117187,14.862395222981771,53.17645263671875
207.0,155.0,207.27879333496094,204.00765991210938,180.0,151.00001525878906,251.02049255371094,13.337588840060763,15,39.20651245117187,15.069216918945312,56.278778076171875
160.0,120.0,160.25775146484375,156.9866180419922,198.0,103.97897338867188,203.99945068359375,20.713829271721117,15,39.20651245117187,15.362908935546875,56.278778076171875
170.0,235.0,170.25218200683594,166.98104858398438,190.0,113.97340393066406,213.99388122558594,12.115237587376644,15,41.3419189453125,17.630918375651042,56.278778076171875
163.0,197.0,163.27879333496094,160.00765991210938,132.0,107.00001525878906,207.02049255371094,21.217924175840437,15,41.3419189453125,18.83269297281901,56.278778076171875
182.0,134.0,182.27879333496094,179.00765991210938,160.0,126.00001525878906,226.02049255371094,11.87978744506836,15,41.3419189453125,20.566026306152345,56.278778076171875
159.0,170.0,159.27879333496094,156.00765991210938,185.0,103.00001525878906,203.02049255371094,15.67153518264358,15,41.3419189453125,21.43269297281901,56.278778076171875
128.0,87.0,128.45944213867188,125.18830871582031,123.0,72.1806640625,166.20169067382812,1.779112777089685,15,35.606842041015625,20.231326802571616,56.278778076171875
224.0,200.0,224.27879333496094,220.00001525878906,189.0,168.00001525878906,262.0210418701172,16.40212447554977,15,35.606842041015625,20.413875834147134,56.278778076171875
101.0,120.0,101.27879333496094,95.81935119628906,68.0,45.00001525878906,139.0210418701172,40.91081058277803,15,36.756866455078125,22.58438161214193,56.278778076171875
26.0,55.0,26.274757385253906,13.995964050292969,34.0,-30.00402069091797,64.01700592041016,58.835399852079505,15,36.756866455078125,24.58489227294922,56.278778076171875
176.0,223.0,176.41323852539062,170.95379638671875,226.0,120.13446044921875,214.15548706054688,24.35672726251383,15,36.756866455078125,24.281322224934897,56.278778076171875
135.0,44.0,135.2697296142578,129.81028747558594,112.0,78.99095153808594,184.8564910888672,15.902042388916016,15,44.84895629882812,27.301854451497395,56.278778076171875
37.0,67.0,37.27880096435547,15.000007629394531,35.00000762939453,-18.999977111816406,86.86556243896484,57.142844686705516,15,44.84895629882812,28.403341674804686,56.278778076171875
178.0,200.0,178.27801513671875,155.9992218017578,188.0,121.99923706054688,227.86477661132812,17.02169053097989,15,44.84895629882812,27.307181294759115,56.278778076171875
167.0,168.0,169.62228393554688,164.162841796875,178.0,113.343505859375,219.20904541015625,7.77368438377809,15,44.84895629882812,25.795064798990886,56.278778076171875
191.0,239.0,191.26687622070312,188.9880828857422,174.0,155.9880828857422,240.8536376953125,8.613840738932293,15,36.756866455078125,22.601660664876302,49.586761474609375
168.0,208.0,168.27879333496094,166.0,166.0,133.0,217.8655548095703,0.0,15,36.756866455078125,21.93419952392578,49.586761474609375
242.0,206.0,242.27879333496094,240.0,146.0,207.0,291.8655548095703,64.38356164383562,15,34.47879333496094,19.569969177246094,49.586761474609375
68.0,42.00000762939453,68.27879333496094,62.81935119628906,84.0,-28.0,117.86555480957031,25.21505809965588,15,43.863574218749996,24.672034200032552,96.27879333496094
140.0,174.0,140.27879333496094,138.0,84.0,44.0,189.8655548095703,64.28571428571429,15,43.863574218749996,23.634861755371094,96.27879333496094
240.0,146.0,240.27877807617188,237.99998474121094,229.0,143.99998474121094,289.86553955078125,3.9301243411401474,15,53.60198059082031,25.90152842203776,96.27879333496094
123.0,211.0,123.22798156738281,117.76853942871094,126.0,26.949188232421875,172.8147430419922,6.532905215308779,15,53.60198059082031,24.938699849446614,96.27879333496094
164.0,204.0,164.27879333496094,162.0,172.0,68.0,213.8655548095703,5.813953488372093,15,53.60198059082031,24.75953826904297,96.27879333496094
153.0,144.0,153.27879333496094,151.0,169.0,57.0,202.8655548095703,10.650887573964498,15,53.60198059082031,22.92236582438151,96.27879333496094
105.0,46.00000762939453,105.27879333496094,108.05081176757812,84.0,9.0,154.8655548095703,28.63191877092634,15,53.60198059082031,21.751860046386717,96.27879333496094
159.0,273.0,159.27162170410156,156.99282836914062,139.0,62.992828369140625,208.85838317871094,12.944480841108364,15,53.60198059082031,22.65543009440104,96.27879333496094
166.0,197.0,166.27879333496094,164.0,216.0,70.0,182.0,24.074074074074073,15,43.075167846679676,20.701087443033853,96.27879333496094
161.0,205.0,161.27879333496094,159.0,181.0,65.0,211.0,12.154696132596685,15,53.655758666992185,22.464519246419272,96.27879333496094
80.0,78.0,80.27879333496094,83.05081176757812,78.0,-16.0,130.0,6.475399702023236,15,53.655758666992185,23.627346801757813,96.27879333496094
25.00000762939453,38.00000762939453,25.27880096435547,23.00000762939453,37.0,-70.99999237060547,75.00000762939453,37.83781721785262,15,53.655758666992185,23.131134033203125,96.27879333496094
59.00000762939453,19.0,59.27880096435547,57.00000762939453,67.0,-36.99999237060547,109.00000762939453,14.925361747172342,15,53.655758666992185,23.354032897949217,96.27879333496094
70.0,83.0,70.24234008789062,73.01435852050781,61.0,-26.036453247070312,119.96354675292969,19.69566970575051,15,53.655758666992185,22.717654418945312,96.27879333496094
144.0,186.0,144.257568359375,147.0295867919922,155.0,47.97877502441406,193.97877502441406,5.14220206968246,15,53.655758666992185,23.181890869140624,96.27879333496094
141.0,87.0,141.27879333496094,148.99999237060547,113.0,85.0,191.0,31.858400327969445,15,38.3442413330078,17.479466756184895,56.27879333496094
158.0,103.0,158.23931884765625,161.01133728027344,176.0,101.96052551269531,207.9605255126953,8.516285636208275,15,41.144241333007805,18.316639200846353,56.27879333496094
169.0,194.0,169.2736358642578,176.99483489990234,153.0,140.99484252929688,218.99484252929688,15.682898627387154,15,25.478793334960933,15.748765055338541,49.72120666503906
27.0,69.0,27.240280151367188,34.96147918701172,16.0,-1.03851318359375,76.96148681640625,118.50924491882324,15,25.478793334960933,16.08175557454427,49.72120666503906
243.0,262.0,243.27877807617188,250.9999771118164,256.0,214.99998474121094,292.99998474121094,1.9531339406967163,15,25.478793334960933,16.64630635579427,49.72120666503906
96.0,36.0,96.27879333496094,103.99999237060547,90.0,68.0,146.0,15.555547078450521,15,25.478793334960933,16.97964070638021,49.72120666503906
154.0,203.0,154.27879333496094,152.0,176.0,126.0,204.0,13.636363636363635,15,25.478793334960933,16.350146484375,49.72120666503906
20.00000762939453,37.0,20.27880096435547,28.0,18.00000762939453,-7.999992370605469,70.00000762939453,55.55548962254434,15,25.655758666992185,16.379640706380208,49.72120666503906
219.0,268.0,219.25857543945312,226.97977447509766,199.99998474121094,190.9797821044922,268.9797821044922,13.48989589614074,15,25.655758666992185,15.180118815104167,49.72120666503906
145.0,158.0,145.2578582763672,142.97906494140625,164.0,116.97906494140625,166.97906494140625,12.817643328410824,15,20.921206665039062,13.149277750651041,28.278793334960938
232.0,187.0,232.27879333496094,230.0,176.0,204.0,254.0,30.681818181818183,15,20.736160278320312,13.084006754557292,28.278793334960938
159.0,202.0,159.2733612060547,156.99456787109375,211.0,102.99456787109375,180.99456787109375,25.59499153028732,15,25.655758666992185,16.68400675455729,56.27879333496094
106.0,170.0,106.27879333496094,104.0,110.0,50.0,158.00543212890625,5.454545454545454,15,42.34750061035155,19.351036071777344,56.27879333496094
158.0,162.0,158.27879333496094,156.0,141.0,102.0,210.00543212890625,10.638297872340425,15,42.34750061035155,19.084369913736978,56.27879333496094
92.0,152.0,92.92384338378906,90.64505004882812,121.0,36.645050048828125,144.65048217773438,25.08673549683626,15,42.34750061035155,19.620133463541666,56.27879333496094
229.0,206.0,229.27877807617188,226.99998474121094,192.0,172.99998474121094,281.0054168701172,18.2291587193807,15,42.34750061035155,20.775715128580728,56.27879333496094
152.0,141.0,152.27879333496094,150.0,158.0,96.0,204.00543212890625,5.063291139240507,15,45.94749450683593,21.375714111328126,56.27879333496094
170.0,135.0,170.2698974609375,167.99110412597656,178.0,113.99110412597656,221.9965362548828,5.622975210125527,15,45.94749450683593,20.573082478841147,56.27879333496094
210.0,133.0,210.27879333496094,214.0,240.0,154.0,262.00543212890625,10.833333333333334,15,45.94749450683593,20.00351359049479,56.27879333496094
178.0,197.0,178.26654052734375,183.9877471923828,208.0,121.98774719238281,229.99317932128906,11.544352311354416,15,45.94749450683593,21.235575358072918,56.27879333496094
177.0,186.0,177.27879333496094,183.0,190.0,121.0,229.00543212890625,3.684210526315789,15,45.94749450683593,22.36972452799479,56.27879333496094
195.0,200.0,195.27879333496094,203.00889587402344,222.0,139.0,247.00543212890625,8.55455140809755,15,45.94749450683593,22.79921875,56.27879333496094
119.0,191.0,119.27879333496094,127.00889587402344,163.0,63.0,171.00543212890625,22.080431979126725,15,45.94749450683593,23.132552083333334,56.27879333496094
125.0,77.0,125.27879333496094,138.0,139.0,69.0,177.00543212890625,0.7194244604316548,15,48.52446594238281,25.895379638671876,56.27879333496094
188.0,233.0,188.27879333496094,202.0,251.0,132.0,240.00543212890625,19.52191235059761,15,48.52446594238281,25.526220703125,56.27879333496094
153.0,212.0,153.27879333496094,167.0,169.0,97.0,216.0,1.183431952662722,15,54.45793151855469,28.458158365885417,62.72120666503906
243.0,203.0,243.26980590820312,258.9910125732422,274.0,205.99102783203125,305.9910125732422,5.477732637502851,15,48.52446594238281,25.75431925455729,62.72120666503906
187.0,138.0,187.27879333496094,203.0,250.0,150.00001525878906,250.0,18.8,15,41.14423522949218,24.354556274414062,62.72120666503906
20.00000762939453,42.00000762939453,20.27880096435547,47.00000762939453,41.0,-16.999977111816406,83.00000762939453,14.63416494974276,15,55.121206665039054,28.287889607747395,62.72120666503906
72.0,71.0,72.27879333496094,99.0,80.0,35.00001525878906,135.0,23.75,15,55.121206665039054,28.517383321126303,62.72120666503906
99.0,20.00000762939453,99.27879333496094,119.99999237060547,105.0,62.00001525878906,162.0,14.285707019624255,15,55.121206665039054,27.160386657714845,62.72120666503906
152.0,257.0,152.259521484375,172.98072052001953,150.0,157.98072814941406,214.98072814941406,15.320480346679688,15,55.121206665039054,25.05654856363932,62.72120666503906
178.0,219.0,178.27145385742188,198.9926528930664,188.0,176.01193237304688,240.99266052246094,5.847155794184259,15,55.121206665039054,24.82576955159505,62.72120666503906
189.0,186.0,189.2777862548828,209.99898529052734,208.0,187.0182647705078,251.99899291992188,0.9610506204458383,15,55.121206665039054,24.95899912516276,62.72120666503906
180.0,180.0,180.26541137695312,198.9876251220703,127.0,178.00588989257812,242.9866180419922,56.68316938745694,15,55.121206665039054,24.2257329305013,62.72120666503906
50.0,114.0,50.27879333496094,66.0,86.0,-2.9866180419921875,113.0,23.25581395348837,15,58.93888854980469,25.794529724121094,62.72120666503906
170.0,242.0,170.27879333496094,189.00100708007812,170.0,117.01338195800781,233.0,11.17706298828125,15,58.93888854980469,27.327863057454426,62.72120666503906
203.0,196.0,203.27879333496094,219.0,192.0,150.0133819580078,266.0,14.0625,15,58.93888854980469,25.565035502115887,62.72120666503906
164.0,196.0,164.27879333496094,178.0,198.0,111.01338195800781,227.0,10.1010101010101,15,58.93888854980469,23.402207946777345,62.72120666503906
173.0,172.0,173.27879333496094,189.0,178.0,120.01338195800781,236.0,6.179775280898876,15,58.93888854980469,24.735541280110677,62.72120666503906
28.00000762939453,34.0,28.27880096435547,38.007347106933594,16.0,-24.986610412597656,91.00000762939453,137.54591941833496,15,46.247729492187496,20.86887461344401,62.72120666503906
215.0,216.0,215.25732421875,222.97853088378906,212.0,161.99191284179688,277.97853088378906,5.178552303674086,15,46.247729492187496,20.639380900065103,62.72120666503906
208.0,218.0,208.27879333496094,214.0,173.0,155.0133819580078,271.0,23.699421965317917,15,46.247729492187496,18.80785624186198,62.72120666503906
201.0,194.0,201.27879333496094,206.0,207.0,148.0133819580078,237.0,0.4830917874396135,15,35.54424133300781,16.97836201985677,53.265411376953125
71.0,101.0,71.27880096435547,76.00000762939453,67.0,18.013389587402344,107.00000762939453,13.432847208051541,15,35.54424133300781,15.978362528483073,53.265411376953125
170.0,224.0,170.2743682861328,169.99557495117188,145.0,117.00895690917969,205.99557495117188,17.23832755253233,15,35.54424133300781,15.748868815104167,53.265411376953125
188.0,126.0,188.27879333496094,186.01927185058594,195.0,135.0133819580078,224.0,4.605501615084134,15,35.54424133300781,17.052412923177084,53.265411376953125
136.0,112.0,136.2594451904297,135.98065185546875,188.0,82.99403381347656,171.98065185546875,27.669866034325135,15,35.54424133300781,17.34985860188802,53.265411376953125
126.0,181.0,126.26647186279297,125.98767852783203,143.0,73.00106048583984,178.00702667236328,11.896728302215363,15,45.332815551757804,20.1506591796875,53.265411376953125
43.0,59.00000762939453,43.27879333496094,43.0,40.0,-9.986618041992188,95.01934814453125,7.5,15,45.332815551757804,20.018080139160155,53.265411376953125
193.0,201.0,193.27520751953125,192.9964141845703,184.0,157.9964141845703,245.01576232910156,4.8893555350925615,15,35.54424133300781,16.68563893636068,51.74055480957031
202.0,194.0,202.27706909179688,199.01974487304688,201.0,166.99827575683594,254.0176239013672,0.9852015556980721,15,34.655758666992185,14.922572326660156,51.74055480957031
145.0,184.0,145.27879333496094,142.02146911621094,102.0,110.0,197.01934814453125,39.23673442765778,15,34.655758666992185,14.989124043782551,51.74055480957031
80.0,84.0,80.27879333496094,77.02146911621094,99.0,37.0,132.01934814453125,22.20053624625158,15,40.078793334960935,17.122457377115886,51.74055480957031
183.0,159.0,183.24856567382812,179.99124145507812,201.0,139.9697723388672,234.98912048339844,10.45211867906561,15,40.078793334960935,16.122457377115886,51.74055480957031
113.0,16.0,113.24207305908203,109.98474884033203,77.0,69.9632797241211,164.98262786865234,42.83733615627536,15,40.078793334960935,16.991139221191407,51.74055480957031
211.0,225.0,211.2686767578125,208.0113525390625,215.0,167.98988342285156,263.0092315673828,3.250533702761628,15,40.46410522460937,18.588690694173177,51.74055480957031
203.0,147.0,203.27879333496094,202.00172424316406,169.0,160.0,255.01934814453125,19.527647481162166,15,40.46410522460937,18.62029062906901,51.74055480957031
83.0,110.0,83.26114654541016,81.98407745361328,97.0,39.98235321044922,135.00170135498047,15.480332522048162,15,40.46410522460937,18.553623962402344,51.74055480957031
106.0,164.0,106.27879333496094,105.00172424316406,152.0,63.0,158.01934814453125,30.919918261076273,15,40.46410522460937,19.088133748372396,51.74055480957031
45.00000762939453,117.0,45.27880096435547,49.01012420654297,77.0,2.0000076293945312,97.01935577392578,36.35048804345069,15,44.744241333007814,21.850960795084635,51.74055480957031
125.0,169.0,125.27879333496094,132.0,110.0,82.0,177.01934814453125,20.0,15,44.744241333007814,22.28074951171875,51.74055480957031
58.0,33.0,58.27610778808594,62.00743103027344,71.0,14.997314453125,110.01666259765625,12.665590098206426,15,44.744241333007814,22.851255289713542,51.74055480957031
91.0,55.0,91.27879333496094,95.01011657714844,77.0,48.0,137.0,23.389761788504465,15,40.46410522460937,20.25014444986979,45.72120666503906
132.0,71.0,132.27879333496094,131.00172424316406,120.0,89.0,178.0,9.168103535970053,15,40.46410522460937,20.086495463053385,45.72120666503906
99.0,79.0,99.26708984375,97.99002075195312,105.0,55.98829650878906,144.98829650878906,6.676170712425596,15,40.46410522460937,20.686495463053387,45.72120666503906
204.0,217.0,204.2709503173828,208.0022735595703,194.0,160.99215698242188,249.99215698242188,7.217666783283666,15,40.46410522460937,20.4503423055013,45.72120666503906
173.0,185.0,173.27879333496094,177.01011657714844,153.0,130.0,219.0,15.692886651731005,15,40.46410522460937,21.04993438720703,45.72120666503906
145.0,216.0,145.27879333496094,149.01011657714844,177.0,109.0367202758789,191.0,15.81349345923817,15,35.45676116943359,19.516601053873696,45.72120666503906
47.0,29.00000762939453,47.27879333496094,51.01011657714844,79.0,11.036720275878906,93.0,35.43023218082476,15,35.45676116943359,20.383267720540363,45.72120666503906
35.00000762939453,78.0,35.265716552734375,38.997039794921875,27.0,-0.9763565063476562,80.98692321777344,44.433480721932874,15,35.45676116943359,21.314585876464843,45.72120666503906
118.0,148.0,118.27879333496094,122.01011657714844,105.0,84.0,164.0,16.200111025855655,15,33.255758666992186,19.449495442708333,45.72120666503906
175.0,156.0,175.25772094726562,166.99200439453125,194.0,140.9789276123047,220.9789276123047,13.921647219313787,15,33.255758666992186,20.08599344889323,45.72120666503906
164.0,194.0,164.26589965820312,169.99880981445312,165.0,143.9871063232422,209.9871063232422,3.0295817057291665,15,31.721206665039062,19.050225830078126,45.72120666503906
180.0,185.0,180.2484893798828,180.9825897216797,192.0,159.96969604492188,225.96969604492188,5.738234519958496,15,31.721206665039062,18.18324228922526,45.72120666503906
153.0,201.0,153.27879333496094,154.0128936767578,206.0,133.0,185.0,25.236459380214654,15,31.72120361328125,15.918595886230468,31.721206665039062
222.0,175.0,222.27877807617188,223.01287841796875,172.0,201.99998474121094,274.99998474121094,29.658650243005084,15,31.721206665039062,17.318596394856772,52.72120666503906
197.0,243.0,197.27879333496094,198.0128936767578,170.0,147.00001525878906,250.0,16.478172751034005,15,42.85574951171874,19.6519287109375,52.72120666503906
21.00000762939453,47.0,21.27880096435547,13.013084411621094,13.000007629394531,-28.999977111816406,74.00000762939453,0.10059057347777528,15,42.85574951171874,20.622255452473958,52.72120666503906
61.0,122.0,61.27879333496094,53.01307678222656,76.0,11.000015258789062,114.0,30.24595160233347,15,42.85574951171874,20.22225545247396,52.72120666503906
185.0,233.0,185.26145935058594,185.9955596923828,196.0,134.98268127441406,237.982666015625,5.104306279396524,15,42.85574951171874,20.3850830078125,52.72120666503906
194.0,198.0,194.27879333496094,195.0128936767578,198.0,144.00001525878906,247.0,1.508639557193024,15,42.85574951171874,20.718791707356772,52.72120666503906
114.0,38.00000762939453,114.27879333496094,118.0,93.0,64.00001525878906,167.0,26.881720430107524,15,42.85574951171874,20.282142130533853,52.72120666503906
105.0,153.0,105.57683563232422,109.29804229736328,110.0,55.298057556152344,158.29804229736328,0.6381433660333806,15,42.85574951171874,20.348808797200522,52.72120666503906
30.0,35.00000762939453,30.27880096435547,34.00000762939453,28.00000762939453,-19.999977111816406,83.00000762939453,21.428565589750676,15,42.85574951171874,18.528939310709635,52.72120666503906
183.0,191.0,186.34725952148438,187.08135986328125,242.0,136.0684814453125,239.06846618652344,22.693652949057334,15,41.07878417968749,16.566111755371093,52.72120666503906
97.0,120.0,97.27879333496094,101.0,104.0,47.00001525878906,152.93153381347656,2.8846153846153846,15,51.74423522949218,19.72524668375651,55.652740478515625
202.0,154.0,202.27877807617188,206.70194244384766,197.0,152.0,257.9315185546875,4.924843880125714,15,51.74423522949218,19.288074239095053,55.652740478515625
109.0,110.0,109.27879333496094,113.0,111.0,59.00001525878906,164.93153381347656,1.8018018018018018,15,51.74423522949218,18.39050750732422,55.652740478515625
188.0,260.0,188.26596069335938,191.98716735839844,171.0,137.9871826171875,243.918701171875,12.273197285613122,15,51.74423522949218,18.456314595540366,55.652740478515625
100.0,43.0,100.27879333496094,102.0,121.0,50.00001525878906,155.93153381347656,15.702479338842975,15,51.74423522949218,18.82394460042318,55.652740478515625
120.0,191.0,120.27879333496094,122.0,133.0,70.00001525878906,175.93153381347656,8.270676691729323,15,41.07878417968749,16.690611267089842,55.652740478515625
177.0,231.0,177.27879333496094,181.0,163.0,150.0,232.93153381347656,11.042944785276074,15,24.878793334960935,14.186773173014323,55.652740478515625
28.00000762939453,70.0,28.27880096435547,32.00000762939453,27.0,7.000007629394531,83.9315414428711,18.518546775535302,15,21.055758666992187,13.320106506347656,55.652740478515625
77.0,38.00000762939453,77.27879333496094,81.0,81.0,56.0,132.93153381347656,0.0,15,21.055758666992187,12.853440348307291,55.652740478515625
204.0,155.0,204.27879333496094,208.0,182.0,183.0,259.93153381347656,14.285714285714285,15,21.055758666992187,12.120107014973959,55.652740478515625
38.00000762939453,64.0,38.27880096435547,40.00000762939453,45.00000762939453,16.00000762939453,93.9315414428711,11.111109227310312,15,21.87879333496094,12.889457194010417,55.652740478515625
117.0,19.0,117.27879333496094,119.0,101.0,95.0,172.93153381347656,17.82178217821782,15,21.87879333496094,13.089457194010416,55.652740478515625
148.0,129.0,148.22833251953125,149.9495391845703,151.0,125.94953918457031,203.88107299804688,0.695669414191846,15,21.655758666992188,12.756123860677084,55.652740478515625
213.0,195.0,213.26214599609375,214.9833526611328,159.0,190.9833526611328,268.9148864746094,35.20965576171875,15,21.655758666992188,12.646024068196615,55.652740478515625
236.0,170.0,236.26097106933594,237.982177734375,186.0,181.9988250732422,291.91371154785156,27.94740738407258,15,41.46880493164061,16.111580912272135,55.652740478515625
83.0,151.0,83.27879333496094,81.99999237060547,113.0,29.016647338867188,104.0,27.43363507026065,15,39.06809997558592,15.752129618326823,54.26214599609375
156.0,106.0,156.2784881591797,154.99968719482422,213.0,102.01634216308594,185.99969482421875,27.230193805246845,15,42.04506530761718,17.285462951660158,54.26214599609375
207.0,222.0,209.27114868164062,210.9923553466797,209.0,155.00900268554688,265.99266052246094,0.9532800701816687,15,52.661676025390626,20.71497853597005,56.72151184082031
250.0,180.0,250.27877807617188,250.00762939453125,203.0,196.01663208007812,307.0002899169922,23.1564676820351,15,52.661676025390626,20.61830800374349,56.72151184082031
16.0,45.00000762939453,16.253990173339844,15.982841491699219,12.0,-38.008155822753906,72.97550201416016,33.190345764160156,15,52.661676025390626,22.61916249593099,56.72151184082031
200.0,98.0,200.27879333496094,198.99999237060547,211.0,146.0166473388672,257.00030517578125,5.687207407295986,15,52.661676025390626,21.52134806315104,56.72151184082031
182.0,182.0,182.27879333496094,180.99999237060547,151.0,128.0166473388672,239.00030517578125,19.867544616295014,15,52.661676025390626,21.38801472981771,56.72151184082031
36.0,92.0,36.27879333496094,34.99999237060547,43.0,-17.983352661132812,93.00030517578125,18.604668905568676,15,52.661676025390626,22.52134806315104,56.72151184082031
146.0,58.0,146.27879333496094,146.0076446533203,108.0,92.01664733886719,203.00030517578125,35.19226356788918,15,52.661676025390626,22.884175109863282,56.72151184082031
84.0,36.0,84.27879333496094,80.0248031616211,68.0,30.016647338867188,141.00030517578125,17.68353406120749,15,52.661676025390626,25.188014221191406,56.72151184082031
78.0,49.00000762939453,78.27879333496094,74.0248031616211,83.0,24.016647338867188,135.00030517578125,10.813490166721573,15,52.661676025390626,24.788014221191407,56.72151184082031
273.0,169.0,273.2711181640625,269.01712799072266,214.0,219.00897216796875,329.9926300048828,25.708938313421804,15,52.661676025390626,24.654680887858074,56.72151184082031
222.0,226.0,222.2755889892578,218.02159881591797,206.0,163.0044708251953,278.9971008300781,5.835727580542703,15,55.73776550292968,27.520835876464844,59.2711181640625
77.0,49.00000762939453,77.27127838134766,60.995689392089844,71.0,18.000160217285156,133.99279022216797,14.09057832100022,15,55.73776550292968,28.421097310384116,59.2711181640625
98.0,36.0,98.27879333496094,92.00751495361328,92.0,39.00767517089844,155.00030517578125,0.008168427840523098,15,54.13729553222656,25.22170613606771,59.2711181640625
126.0,82.0,126.27459716796875,120.0033187866211,120.0,67.00347900390625,182.99610900878906,0.002765655517578125,15,52.944418334960936,22.289560953776043,59.2711181640625
123.0,40.0,123.25479125976562,116.98019409179688,96.0,63.983673095703125,179.97630310058594,21.854368845621742,15,52.944418334960936,20.726453653971355,59.2711181640625
192.0,196.0,192.25506591796875,185.9762725830078,202.0,132.98394775390625,202.9762725830078,7.932538325243657,15,43.6787841796875,18.762005615234376,59.2711181640625
112.0,82.0,112.26367950439453,105.9848861694336,128.0,52.99256134033203,122.9848861694336,17.199307680130005,15,43.6787841796875,19.39359130859375,59.2711181640625
183.0,161.0,183.27667236328125,177.0020751953125,144.0,124.00555419921875,199.01299285888672,22.91810777452257,15,35.47879333496093,17.290760803222657,59.2711181640625
42.00000762939453,79.0,42.27880096435547,36.00000762939453,45.00000762939453,-16.99231719970703,58.01512145996094,19.99999660915856,15,38.87752075195313,19.625606282552084,59.2711181640625
101.0,100.0,100.3221435546875,94.04335021972656,77.0,41.051025390625,116.05846405029297,22.13422106457995,15,38.87752075195313,19.09227294921875,59.2711181640625
212.0,146.0,212.2578582763672,205.97906494140625,181.0,152.9867401123047,227.99417877197266,13.800588365417818,15,38.87752075195313,18.561829630533854,59.2711181640625
105.0,112.0,105.25016784667969,88.97457885742188,107.0,45.97904968261719,120.98648834228516,16.846187983717876,15,38.87752075195313,20.197606404622395,59.2711181640625
103.0,47.0,103.27879333496094,97.0,103.0,44.00767517089844,119.0151138305664,5.825242718446602,15,36.06914672851562,17.762342325846355,59.2711181640625
181.0,219.0,181.802001953125,175.52740478515625,242.0,122.5308837890625,197.53832244873047,27.468014551588325,15,36.06914672851562,16.695675659179688,59.2711181640625
192.0,192.0,192.27877807617188,186.00418090820312,163.0,133.00765991210938,252.47677612304688,14.112994422210507,15,51.273339843749994,20.39412841796875,60.197998046875
153.0,252.0,153.27088928222656,146.9962921142578,185.0,113.99421691894531,213.46888732910156,20.542544803103883,15,36.06914672851562,18.39463907877604,60.197998046875
184.0,205.0,184.611328125,178.34004974365234,149.0,145.33465576171875,244.809326171875,19.691308552786808,15,36.25764770507812,19.424873860677085,60.197998046875
67.0,28.00000762939453,67.2542724609375,60.97967529296875,63.0,27.97760009765625,127.4522705078125,3.2068646143353177,15,37.810534667968746,21.380877176920574,60.197998046875
42.00000762939453,78.0,42.275634765625,38.0213623046875,56.00000762939453,2.99896240234375,102.4736328125,32.10471942019879,15,37.810534667968746,21.245909118652342,60.197998046875
102.0,112.0,102.2776107788086,101.99881744384766,76.0,63.000938415527344,162.4756088256836,34.20897032085218,15,37.810534667968746,21.742560831705728,60.197998046875
160.0,144.0,160.27700805664062,159.9982147216797,159.0,121.00033569335938,220.47500610351562,0.6278080010564072,15,37.810534667968746,21.677415466308595,60.197998046875
28.00000762939453,55.0,28.604698181152344,27.32769012451172,30.0,-10.671974182128906,88.80269622802734,8.907699584960938,15,37.810534667968746,21.112887064615887,60.197998046875
190.0,181.0,190.27879333496094,189.0017852783203,202.0,151.0021209716797,250.47679138183594,6.434759763207766,15,37.810534667968746,20.156819152832032,60.197998046875
237.0,175.0,237.27877807617188,236.99998474121094,218.0,201.66744995117188,297.4767761230469,8.715589330830706,15,34.058441162109375,18.31978810628255,60.197998046875
187.0,148.0,187.27879333496094,186.0017852783203,187.0,151.66746520996094,247.47679138183594,0.5338046639998328,15,34.058441162109375,19.423626200358072,60.197998046875
153.0,163.0,153.27879333496094,153.0,158.0,117.66746520996094,213.47679138183594,3.1645569620253164,15,34.058441162109375,17.8874028523763,60.197998046875
143.0,270.0,143.27879333496094,143.0,184.0,107.66746520996094,203.47679138183594,22.282608695652172,15,34.058441162109375,16.118292744954427,60.197998046875
105.0,176.0,105.27879333496094,105.0,102.0,69.66746520996094,165.47679138183594,2.941176470588235,15,38.67725524902344,18.71638437906901,60.197998046875
29.00000762939453,83.0,29.27880096435547,29.00000762939453,20.000015258789062,-6.332527160644531,89.47679901123047,44.99992752080725,15,38.67725524902344,18.91638437906901,60.197998046875
126.0,215.0,126.27879333496094,125.00178527832031,167.0,90.66746520996094,167.0,25.148631569868073,15,34.058441162109375,15.52177022298177,40.72120666503906
45.00000762939453,97.0,45.27880096435547,45.00000762939453,38.00000762939453,9.667472839355469,86.00000762939453,18.42104893311974,15,38.67725524902344,16.284598795572915,40.72120666503906
24.00000762939453,22.00000762939453,24.274620056152344,22.99761199951172,22.00000762939453,-11.336708068847656,64.9958267211914,4.534563746170131,15,38.67725524902344,14.65457763671875,40.72120666503906
177.0,225.0,177.2487335205078,175.9717254638672,166.0,150.97112274169922,217.96994018554688,6.007063532450113,15,34.94376831054687,12.432129923502604,40.72120666503906
216.0,225.0,216.27877807617188,215.00177001953125,209.0,190.00116729736328,256.99998474121094,2.8716602964264353,15,34.94376831054687,12.898427327473959,40.72120666503906
193.0,80.0,193.27879333496094,191.00418090820312,200.0,167.00118255615234,234.0,4.4979095458984375,15,34.94376831054687,12.468721008300781,40.72120666503906
117.0,103.0,117.27879333496094,116.00178527832031,121.0,98.00001525878906,158.0,4.13075596833032,15,32.14423522949218,11.16496073404948,40.72120666503906
159.0,114.0,159.27879333496094,159.0,167.0,140.00001525878906,200.0,4.790419161676647,15,32.14423522949218,11.327907307942708,40.72120666503906
87.0,107.0,87.27879333496094,87.0,76.0,68.00001525878906,128.0,14.473684210526317,15,32.14423522949218,11.749634297688802,40.72120666503906
168.0,175.0,168.46881103515625,166.19419860839844,181.0,149.19003295898438,209.1900177001953,8.180000768840642,15,32.14423522949218,11.720140075683593,40.72120666503906
225.0,134.0,225.27879333496094,225.0,225.0,214.0,266.0,0.0,15,29.44519958496093,11.270300801595052,40.72120666503906
103.0,54.0,103.27879333496094,103.0,127.0,92.0,144.0,18.89763779527559,15,29.44519958496093,11.270300801595052,40.72120666503906
131.0,107.0,131.27879333496094,131.0,130.0,120.0,172.0,0.7692307692307693,15,33.92120666503906,12.536967468261718,40.72120666503906
81.0,150.0,81.27879333496094,80.0,102.0,70.0,122.0,21.568627450980394,15,19.245199584960933,9.90747324625651,40.72120666503906
197.0,138.0,197.27879333496094,197.0,180.0,186.0,238.0,9.444444444444445,15,22.52120666503906,11.070300801595051,40.72120666503906
12.0,35.00000762939453,12.269393920898438,11.9906005859375,25.0,-5.0093994140625,52.9906005859375,52.03759765625,15,22.52120666503906,11.603634643554688,40.72120666503906
201.0,172.0,201.27879333496094,201.0,180.0,184.0,225.0,11.666666666666666,15,19.344241333007812,9.737594604492188,23.721206665039062
178.0,120.0,178.722412109375,178.44361877441406,171.0,157.44361877441406,202.44361877441406,4.352993435329862,15,21.055758666992187,10.670927937825521,23.721206665039062
184.0,163.0,184.27879333496094,184.0,212.0,163.0,208.0,13.20754716981132,15,21.055758666992187,11.034114583333333,23.721206665039062
242.0,220.0,242.15615844726562,245.8773651123047,188.0,220.8773651123047,269.8773651123047,30.785832506545045,15,22.74424133300781,12.132279459635416,27.721206665039062
213.0,169.0,213.5081329345703,217.22933959960938,203.0,159.3519744873047,241.22933959960938,7.009526896359299,15,26.12120666503906,15.257438151041667,54.156158447265625
138.0,84.0,138.27879333496094,138.0,106.0,84.12263488769531,166.0,30.18867924528302,15,26.12120666503906,15.50989990234375,54.156158447265625
181.0,213.0,181.27879333496094,180.0,194.0,127.12263488769531,209.0,7.216494845360824,15,30.455758666992185,17.413739013671876,54.156158447265625
194.0,190.0,194.27879333496094,193.0,202.0,140.1226348876953,222.0,4.455445544554455,15,30.455758666992185,17.747072347005208,54.156158447265625
194.0,194.0,194.27685546875,193.99806213378906,162.0,140.12069702148438,221.99806213378906,19.75189020604263,15,30.455758666992185,17.50989990234375,54.156158447265625
159.0,178.0,159.27520751953125,157.9964141845703,143.0,105.11904907226562,186.9964141845703,10.487002926272945,15,32.278018188476565,18.826277669270834,54.156158447265625
35.00000762939453,56.00000762939453,35.27880096435547,27.55638885498047,38.00000762939453,-18.877357482910156,63.00000762939453,27.48320178318992,15,32.278018188476565,19.89270528157552,54.156158447265625
28.00000762939453,44.0,28.27880096435547,20.55638885498047,19.00000762939453,-25.877357482910156,56.00000762939453,8.191476845399217,15,32.278018188476565,18.49270528157552,54.156158447265625
159.0,188.0,159.25730895996094,149.978515625,194.0,105.10115051269531,186.978515625,22.691486791237114,15,32.278018188476565,19.026038614908853,54.156158447265625
110.0,154.0,110.27879333496094,101.0,133.0,56.12263488769531,145.021484375,24.06015037593985,15,33.75713195800781,19.960804239908853,54.156158447265625
170.0,190.0,170.27879333496094,162.55638122558594,148.0,116.12263488769531,205.021484375,9.835392719990498,15,33.75713195800781,20.323631795247397,54.156158447265625
177.0,195.0,177.27879333496094,168.0,212.0,123.12263488769531,212.021484375,20.754716981132077,15,33.75713195800781,20.960177612304687,54.156158447265625
78.0,139.0,78.27879333496094,70.55638122558594,59.00000762939453,24.122634887695312,113.021484375,19.58707135901094,15,34.73409729003906,21.856338500976562,54.156158447265625
177.0,166.0,177.27879333496094,168.0,174.0,123.12263488769531,212.021484375,3.4482758620689653,15,34.73409729003906,22.626763407389323,54.156158447265625
117.0,173.0,117.27879333496094,108.0,100.0,63.12263488769531,152.021484375,8.0,15,34.73409729003906,20.997269185384116,54.156158447265625
144.0,223.0,144.23699951171875,134.9582061767578,176.0,111.95820617675781,178.9796905517578,23.31920103593306,15,33.744241333007814,18.538778177897136,34.74269104003906
98.0,117.0,98.82295227050781,95.54415893554688,110.0,66.54415893554688,133.56564331054688,13.141673694957387,15,33.744241333007814,19.955769348144532,34.74269104003906
218.0,153.0,218.27879333496094,221.0,273.0,186.00193786621094,253.021484375,19.047619047619047,15,33.743466186523435,18.54898630777995,34.74269104003906
93.0,52.00000762939453,93.27879333496094,96.0,112.0,61.00193786621094,148.0,14.285714285714285,15,34.73409729003906,21.34898630777995,54.72120666503906
220.0,145.0,220.2421112060547,222.96331787109375,197.0,187.9652557373047,274.96331787109375,13.179349173144036,15,34.73409729003906,22.08231964111328,54.72120666503906
154.0,181.0,154.26742553710938,156.98863220214844,149.0,131.0253143310547,208.98863220214844,5.361498122247274,15,34.73409729003906,21.480003356933594,54.72120666503906
120.0,128.0,120.37714385986328,123.09835052490234,159.0,97.1350326538086,175.09835052490234,22.579653757923055,15,34.73409729003906,20.746151224772134,54.72120666503906
225.0,183.0,225.25439453125,236.4314422607422,178.0,202.0122833251953,279.97560119628906,32.82665295547314,15,37.07079010009765,23.139594523111978,54.72120666503906
92.0,122.0,92.2488784790039,103.4259262084961,69.0,44.994483947753906,146.97008514404297,49.892646678979844,15,43.801779174804686,25.67130126953125,54.72120666503906
173.0,204.0,173.2705078125,169.99171447753906,190.0,126.01611328125,227.99171447753906,10.530676590768914,15,43.801779174804686,24.905047098795574,54.72120666503906
74.0,104.0,74.27151489257812,70.99272155761719,63.00000762939453,27.017120361328125,128.9927215576172,12.686845968719243,15,43.801779174804686,24.505599466959634,54.72120666503906
169.0,191.0,169.27879333496094,166.0,169.0,122.02439880371094,224.0,1.7751479289940828,15,43.801779174804686,23.77178039550781,54.72120666503906
81.0,27.0,81.27879333496094,78.0,56.00000762939453,34.02439880371094,136.0,39.28569530954425,15,43.801779174804686,21.475619506835937,54.72120666503906
130.0,114.0,130.27879333496094,127.0,156.0,83.02439880371094,185.0,18.58974358974359,15,43.801779174804686,21.87561950683594,54.72120666503906
88.0,21.00000762939453,88.27879333496094,88.0,72.0,41.02439880371094,143.0,22.22222222222222,15,43.801779174804686,23.371780395507812,54.72120666503906
45.00000762939453,78.0,45.27880096435547,45.00000762939453,50.00000762939453,-1.9755935668945312,100.00000762939453,9.999998474121327,15,43.801779174804686,23.305113728841146,54.72120666503906
110.0,88.0,110.27879333496094,110.0,139.0,63.02439880371094,165.0,20.863309352517987,15,43.801779174804686,21.502327473958335,54.72120666503906
229.0,189.0,229.27877807617188,228.99998474121094,166.0,182.02438354492188,283.99998474121094,37.95179803687406,15,43.801779174804686,22.671938069661458,54.72120666503906
204.0,174.0,204.27879333496094,199.01136779785156,140.0,141.00001525878906,242.90164947509766,42.1509769984654,15,43.801779174804686,23.242442830403647,63.278778076171875
154.0,143.0,154.27879333496094,143.00728607177734,155.0,90.0,192.90164947509766,7.737234792401713,15,56.86902465820312,26.279615275065105,64.27879333496094
194.0,225.0,194.25306701660156,188.9856414794922,159.0,129.97427368164062,232.87592315673828,18.858894012259235,15,56.86902465820312,24.778221638997397,64.27879333496094
187.0,159.0,180.2261962890625,168.9546890258789,148.0,115.94740295410156,218.84905242919922,14.158573666134396,15,56.86902465820312,26.777264404296876,64.27879333496094
21.00000762939453,33.0,21.741920471191406,5.463127136230469,19.00000762939453,-42.53687286376953,50.46312713623047,71.24671082879685,15,56.86902465820312,26.35082041422526,64.27879333496094
174.0,210.0,174.2711639404297,162.9996566772461,176.0,109.99237060546875,202.99237060546875,7.386558706110175,15,52.06849365234374,23.383321634928386,64.27879333496094
65.0,111.0,65.27879333496094,62.53688049316406,71.0,1.0,94.0,11.91988662934639,15,52.06849365234374,21.94865214029948,64.27879333496094
17.00000762939453,39.00000762939453,17.27880096435547,14.536888122558594,37.0,-46.99999237060547,46.00000762939453,60.71111318227407,15,52.06849365234374,21.214766438802084,64.27879333496094
200.0,210.0,200.25999450683594,199.981201171875,186.0,135.981201171875,228.981201171875,7.516774823588709,15,52.06849365234374,21.778079223632812,64.27879333496094
169.0,160.0,169.27682495117188,166.534912109375,195.0,104.99803161621094,197.99803161621094,14.597480969551283,15,52.06849365234374,22.710159301757812,64.27879333496094
208.0,204.0,208.27879333496094,209.0,216.0,144.0,237.0,3.2407407407407405,15,52.06849365234374,22.73978525797526,64.27879333496094
66.0,67.0,66.27545928955078,66.99666595458984,74.0,1.9966659545898438,94.99666595458984,9.463964926229941,15,52.06849365234374,21.53978525797526,64.27879333496094
118.0,186.0,124.52455139160156,126.25338745117188,135.0,60.245758056640625,153.24575805664062,6.478972258391204,15,52.06849365234374,20.969501749674478,64.27879333496094
186.0,180.0,186.58059692382812,188.30943298339844,220.0,122.30180358886719,215.3018035888672,14.404803189364346,15,52.06849365234374,21.35311787923177,64.27879333496094
140.0,79.0,140.27879333496094,142.00762939453125,109.0,76.0,173.6981964111328,30.282228802322248,15,52.06849365234374,21.666330973307293,64.27879333496094
215.0,211.0,215.27879333496094,217.00762939453125,198.0,151.0,248.6981964111328,9.599812825520832,15,34.51960144042969,19.532998657226564,64.27879333496094
175.0,181.0,175.27879333496094,177.00762939453125,164.0,140.02572631835938,208.6981964111328,7.931481338128811,15,32.94212036132812,16.399665323893228,35.25306701660156
155.0,105.0,155.27879333496094,157.00762939453125,111.0,120.02572631835938,188.6981964111328,41.44831476984797,15,32.94212036132812,17.103504435221353,35.25306701660156
164.0,146.0,164.008544921875,165.7373809814453,164.0,119.72975158691406,197.42794799804688,1.0593786472227515,15,32.94212036132812,17.705219523111978,44.27879333496094
198.0,156.0,198.25933837890625,199.98817443847656,198.0,153.9805450439453,231.67874145507812,1.0041285042810921,15,32.5631591796875,15.557376098632812,44.27879333496094
21.00000762939453,38.00000762939453,21.27880096435547,23.00763702392578,16.0,-22.99999237060547,54.698204040527344,43.79773139953613,15,32.5631591796875,15.391871134440104,44.27879333496094
184.0,201.0,184.27879333496094,184.27024841308594,177.0,140.0,217.6981964111328,4.107484979144598,15,32.5631591796875,15.62853546142578,44.27879333496094
125.0,204.0,125.27879333496094,125.01945495605469,153.0,81.0,158.6981964111328,18.28793793721916,15,32.5631591796875,15.732374572753907,44.27879333496094
49.00000762939453,83.0,49.27880096435547,49.01946258544922,44.0,5.000007629394531,82.69820404052734,11.407869512384588,15,32.5631591796875,16.26570841471354,44.27879333496094
210.0,136.0,210.27879333496094,210.0194549560547,204.0,166.0,243.6981964111328,2.9507132137522976,15,32.5631591796875,15.666962178548177,44.27879333496094
32.00000762939453,30.0,32.27880096435547,27.0,21.00000762939453,-11.999992370605469,65.69820404052734,28.57138186086678,15,32.5631591796875,14.370670064290364,44.27879333496094
173.0,138.0,173.27879333496094,167.99999237060547,159.0,129.0,206.6981964111328,5.660372560129226,15,32.5631591796875,14.607842508951823,44.27879333496094
107.0,130.0,107.27879333496094,101.0,112.0,63.0,135.0,9.821428571428571,15,32.5631591796875,15.04479268391927,44.27879333496094
198.0,208.0,199.18838500976562,192.9095916748047,204.0,154.9095916748047,232.6077880859375,5.436474669213388,15,32.5631591796875,14.66117655436198,44.27879333496094
162.0,160.0,162.27879333496094,156.0,186.0,118.0,190.0,16.129032258064516,15,29.855758666992188,12.753990681966146,44.27879333496094
62.0,94.0,62.27880096435547,57.0,52.00000762939453,18.00000762939453,90.00000762939453,9.615368532713592,15,26.12120666503906,12.250151570638021,44.27879333496094
205.0,236.0,205.27877807617188,199.9999771118164,260.9999694824219,160.99998474121094,232.99998474121094,23.37164731918245,15,26.12120666503906,11.783484903971354,44.27879333496094
181.0,180.0,181.2759246826172,175.99712371826172,152.0,136.99713134765625,236.9971160888672,15.787581393593236,15,37.655758666992185,14.746311442057292,55.72119140625
152.0,189.0,152.25576782226562,146.97696685791016,153.0,122.97984313964844,207.97695922851562,3.9366229686861725,15,28.654037475585938,13.746120198567708,55.72119140625
203.0,210.0,203.26968383789062,197.99088287353516,210.0,173.99375915527344,258.9908752441406,5.718627203078497,15,28.654037475585938,13.795166015625,55.72119140625
200.0,209.0,200.27879333496094,194.99999237060547,202.0,171.00286865234375,255.99998474121094,3.4653503115814512,15,28.654037475585938,14.226564534505208,55.72119140625
110.0,113.0,111.92221069335938,112.66644287109375,84.0,82.64628601074219,167.64340209960938,34.126717703683035,15,28.654037475585938,13.989391581217449,55.72119140625
204.0,187.0,204.27879333496094,205.0230255126953,255.0,175.00286865234375,259.99998474121094,19.59881352443321,15,28.734439086914062,15.365619405110676,55.72119140625
194.0,164.0,194.27879333496094,195.0230255126953,156.0,165.00286865234375,249.99998474121094,25.014759944035458,15,42.1430938720703,16.89895273844401,55.72119140625
136.0,131.0,136.2606658935547,137.00489807128906,149.0,97.98187255859375,191.9818572998047,8.05040397900063,15,45.74424133300781,19.09895222981771,55.72119140625
154.0,92.0,154.27879333496094,156.0,213.0,116.0,209.99998474121094,26.76056338028169,15,45.74424133300781,19.529654947916665,55.72119140625
204.0,156.0,204.26321411132812,208.9844207763672,181.0,165.9844207763672,262.9844207763672,15.461005953794027,15,53.721197509765624,22.69248250325521,58.72120666503906
156.0,187.0,156.52578735351562,161.2469940185547,233.0,118.24699401855469,215.2469940185547,30.795281537100994,15,53.721197509765624,23.291443888346354,58.72120666503906
180.0,153.0,180.27879333496094,185.0904083251953,164.0,142.0,256.7530059814453,12.860005076338604,15,57.521200561523436,28.07497762044271,76.47421264648438
19.0,46.00000762939453,19.278793334960938,21.0,37.0,-19.0,95.75300598144531,43.24324324324324,15,57.521200561523436,28.839456176757814,76.47421264648438
23.0,41.0,23.27880096435547,25.00000762939453,16.0,-14.999992370605469,99.75301361083984,56.25004768371582,15,57.521200561523436,28.439456176757812,76.47421264648438
114.0,177.0,114.27455139160156,115.99575805664062,109.0,75.99575805664062,190.74876403808594,6.418126657468464,15,57.521200561523436,28.239456685384116,76.47421264648438
145.0,149.0,145.25466918945312,145.9989013671875,190.0,106.97587585449219,221.7288818359375,23.158472964638158,15,55.52120666503906,24.87634735107422,76.47421264648438
170.0,182.0,170.27879333496094,172.0,156.0,132.0,246.7530059814453,10.256410256410255,15,55.52120666503906,25.9076410929362,76.47421264648438
176.0,172.0,176.27879333496094,178.0,218.0,138.0,252.7530059814453,18.34862385321101,15,55.52120666503906,26.809945170084635,76.47421264648438
134.0,166.0,134.2759552001953,135.99716186523438,183.0,95.99716186523438,210.7501678466797,25.684611002604168,15,55.52120666503906,29.142671203613283,76.47421264648438
148.0,181.0,148.32037353515625,161.05970764160156,138.0,110.04158020019531,224.79458618164062,16.70993307362432,15,55.52120666503906,32.27619374593099,76.47421264648438
136.0,185.0,136.27879333496094,149.01812744140625,163.0,98.0,212.7530059814453,8.577835925517638,15,55.52120666503906,31.102737935384116,76.47421264648438
196.0,218.0,197.9169464111328,210.65628051757812,208.0,159.63815307617188,274.3911590576172,1.2770579411433292,15,54.72234191894531,29.502737935384115,76.47421264648438
27.0,71.0,27.27880096435547,40.01813507080078,45.00000762939453,4.015586853027344,103.75301361083984,11.07082603101501,15,54.72234191894531,27.6230219523112,76.47421264648438
100.0,166.0,100.27879333496094,118.0,105.0,77.01557922363281,176.7530059814453,12.380952380952381,15,54.72234191894531,27.95514678955078,76.47421264648438
245.0,129.0,245.27879333496094,255.36184692382812,259.0,222.0155792236328,321.7530059814453,1.4046923074022684,15,47.13255920410156,24.35514678955078,76.47421264648438
101.0,45.00000762939453,101.27879333496094,115.0,77.0,85.0,177.7530059814453,49.35064935064935,15,47.13255920410156,23.719012959798178,76.47421264648438
135.0,202.0,135.27879333496094,145.36184692382812,170.0,111.0,184.00283813476562,14.493031221277574,15,43.53568115234375,20.239318339029946,48.72404479980469
118.0,79.0,118.26768493652344,131.9888916015625,144.0,93.9888916015625,166.99172973632812,8.34104749891493,15,43.53568115234375,21.468812561035158,48.72404479980469
175.0,204.0,175.27879333496094,189.0,154.0,151.0,224.00283813476562,22.727272727272727,15,43.53568115234375,22.002886454264324,48.72404479980469
183.0,171.0,183.27879333496094,197.0,160.0,159.0,232.00283813476562,23.125,15,43.53568115234375,22.936219278971354,48.72404479980469
32.00000762939453,43.0,32.27880096435547,46.00000762939453,27.0,8.000007629394531,81.00284576416016,70.37039862738716,15,43.53568115234375,24.136502075195313,48.72404479980469
200.0,172.0,200.27879333496094,210.36184692382812,195.0,176.0,249.00283813476562,7.8778702173477555,15,38.92120666503906,21.505400085449217,48.72404479980469
68.0,121.0,68.27879333496094,78.36184692382812,66.0,44.0,117.00283813476562,18.73007109670928,15,38.92120666503906,20.90540008544922,48.72404479980469
156.0,169.0,156.32351684570312,161.0447235107422,141.0,132.0447235107422,205.0475616455078,14.216115965065383,15,31.52120666503906,18.27590586344401,48.72404479980469
76.0,120.0,76.27879333496094,74.0,61.00000762939453,52.0,111.0,21.311460237164077,15,26.325650024414063,16.04920399983724,34.72120666503906
160.0,171.0,162.32284545898438,163.54405212402344,152.0,138.04405212402344,197.04405212402344,7.594771134225946,15,26.325650024414063,16.379764811197916,34.72120666503906
211.0,110.0,211.27859497070312,205.9998016357422,162.0,186.9998016357422,245.9998016357422,27.16037138008777,15,25.150906372070313,15.28654073079427,34.72120666503906
56.00000762939453,36.0,56.267189025878906,50.98838806152344,84.0,6.988594055175781,90.98839569091797,39.29953802199591,15,31.12565002441406,17.899576822916668,49.278594970703125
218.0,172.0,217.21319580078125,211.93439483642578,187.0,167.93460083007812,251.9344024658203,13.333900982045874,15,31.925848388671874,18.567017110188804,49.278594970703125
139.0,178.0,139.2700653076172,128.9472198486328,150.0,89.99147033691406,173.99127197265625,14.035186767578125,15,32.91800231933593,20.266483052571616,49.278594970703125
177.0,198.0,177.27879333496094,166.95594787597656,204.0,128.0001983642578,212.0,18.158849080403648,15,32.91800231933593,20.0670649210612,49.278594970703125
242.0,177.0,242.2767333984375,236.99793243408203,208.0,192.99813842773438,276.99794006347656,13.941313670231745,15,32.91800231933593,20.22989247639974,49.278594970703125
168.0,131.0,168.25875854492188,157.9359130859375,120.0,118.98016357421875,195.99156951904297,31.613260904947914,15,32.651318359375,20.20026092529297,49.278594970703125
128.0,33.0,128.6123046875,113.3335189819336,131.0,79.33370971679688,156.3451156616211,13.485863372569776,15,42.66594848632812,21.70202382405599,49.278594970703125
154.0,225.0,154.27879333496094,143.95594787597656,151.0,105.00019836425781,182.01160430908203,4.664935181472475,15,42.66594848632812,20.44261728922526,49.278594970703125
225.0,135.0,225.27879333496094,219.99999237060547,197.0,176.0001983642578,253.01160430908203,11.675123030764198,15,42.66594848632812,19.10928395589193,49.278594970703125
236.0,175.0,236.27117919921875,225.94833374023438,216.0,186.99258422851562,264.00399017333984,4.605710064923322,15,42.66594848632812,20.64261678059896,49.278594970703125
180.0,180.0,180.27879333496094,165.00000762939453,227.0,131.0001983642578,208.01160430908203,27.312771969429722,15,42.66594848632812,21.642109171549478,49.278594970703125
63.0,100.0,63.2787971496582,48.0000114440918,44.0,14.000202178955078,110.00000381469727,9.090935100208629,15,47.64373779296875,24.60493672688802,49.278594970703125
151.0,163.0,151.2303924560547,135.95160675048828,112.0,101.95179748535156,197.95159912109375,21.385363170078822,15,47.64373779296875,24.868622080485025,49.278594970703125
206.0,181.0,206.27877807617188,186.99998092651367,208.0,157.00018310546875,252.99998474121094,10.096163016099197,15,47.64373779296875,26.46539586385091,49.278594970703125
187.0,219.0,187.27879333496094,167.99999618530273,219.0,138.0001983642578,234.0,23.287672974747608,15,47.64373779296875,25.891954294840495,49.278594970703125
60.0,75.0,60.26586151123047,56.98706817626953,76.0,12.007102966308594,106.98706817626953,25.01701555754009,15,43.72488098144531,24.721461741129556,48.258758544921875
69.0,108.0,69.27879333496094,66.0,62.0,21.020034790039062,116.0,6.451612903225806,15,43.72488098144531,23.921550242106118,48.258758544921875
86.0,109.0,86.27879333496094,83.0,89.0,38.02003479003906,133.0,6.741573033707865,15,43.72488098144531,22.3925900777181,48.258758544921875
117.0,68.0,117.24742126464844,113.9686279296875,138.0,68.98866271972656,163.9686279296875,17.414037732110508,15,43.72488098144531,21.858674875895183,48.258758544921875
34.0,42.00000762939453,34.27880096435547,31.00000762939453,46.00000762939453,-13.979957580566406,81.00000762939453,32.60869024381385,15,43.72488098144531,21.46076634724935,48.258758544921875
202.0,235.0,202.24708557128906,203.9683074951172,149.0,153.9883270263672,248.96829223632812,36.8914815403471,15,43.72488098144531,19.957064565022787,48.258758544921875
89.0,167.0,89.27091979980469,90.99214172363281,91.0,36.023834228515625,135.99212646484375,0.00863546853537088,15,43.72488098144531,20.28961970011393,53.24708557128906
188.0,200.0,188.24246215820312,189.96368408203125,152.0,134.99537658691406,234.9636688232422,24.97610794870477,15,43.72488098144531,20.245712025960287,53.24708557128906
121.0,57.0,121.2542495727539,122.97547149658203,83.0,68.00716400146484,167.97545623779297,48.16321867058076,15,43.72488098144531,22.443289947509765,53.24708557128906
130.0,171.0,130.27879333496094,132.00001525878906,142.0,77.03170776367188,177.0,7.042242775500661,15,43.72488098144531,23.10832036336263,53.24708557128906
173.0,201.0,173.27879333496094,175.00787353515625,170.0,120.03170776367188,220.0,2.9458079618566178,15,43.72488098144531,22.53832219441732,53.24708557128906
62.0,112.0,62.27880096435547,64.0000228881836,60.0,9.031715393066406,94.00000762939453,6.666704813639322,15,38.839935302734375,19.642161305745443,53.24708557128906
52.00000762939453,111.0,52.27880096435547,54.000022888183594,80.0,-0.9682846069335938,84.00000762939453,32.49997138977051,15,38.839935302734375,18.50882822672526,53.24708557128906
204.0,208.0,204.2685546875,205.9976348876953,250.0,151.02146911621094,235.98976135253906,17.600946044921876,15,37.4495346069336,17.741548665364583,53.24708557128906
79.0,39.00000762939453,79.26295471191406,81.98416137695312,110.0,26.015869140625,124.99440002441406,25.46894420276989,15,42.74056701660156,20.67556355794271,53.24708557128906
186.0,178.0,186.2681121826172,188.98931884765625,248.0,133.02102661132812,231.9995574951172,23.794629496912805,15,42.74056701660156,20.609952799479167,53.24708557128906
256.0,165.0,256.2787780761719,258.99998474121094,266.0,203.0316925048828,318.0106658935547,2.6315846837552868,15,50.24082946777344,23.67646942138672,61.73188781738281
85.0,45.00000762939453,85.27879333496094,95.00001525878906,87.0,32.031707763671875,147.01068115234375,9.195419837688577,15,50.24082946777344,23.839297993977866,61.73188781738281
170.0,259.0,170.27879333496094,180.00001525878906,175.0,117.03170776367188,232.01068115234375,2.857151576450893,15,50.24082946777344,23.7726313273112,61.73188781738281
196.0,181.0,196.26611328125,200.98731994628906,172.0,143.01902770996094,257.9980010986328,16.853092992028525,15,50.24082946777344,22.703873189290366,61.73188781738281
159.0,153.0,159.27879333496094,161.00787353515625,205.0,106.03170776367188,221.01068115234375,21.459573885289636,15,50.24082946777344,23.54020029703776,61.73188781738281
188.0,174.0,188.25025939941406,192.97146606445312,224.0,149.99600982666016,249.98214721679688,13.85202407836914,15,45.727349853515626,23.038475036621094,61.73188781738281
89.0,133.0,89.27879333496094,99.00001525878906,80.0,51.02454376220703,151.01068115234375,23.750019073486328,15,45.727349853515626,25.306519063313804,61.73188781738281
147.0,132.0,147.23263549804688,156.953857421875,163.0,108.97838592529297,208.9645233154297,3.7092899252300615,15,45.727349853515626,23.50894114176432,61.73188781738281
147.0,224.0,148.22921752929688,159.95042419433594,180.0,123.96310424804688,209.9611053466797,11.138653225368923,15,45.727349853515626,22.009815470377603,61.73188781738281
70.0,76.0,70.33757781982422,86.10494232177734,36.0,46.07146453857422,132.06946563720703,139.18039533827042,15,45.727349853515626,23.346453857421874,61.73188781738281
41.0,118.0,41.27880096435547,57.046165466308594,66.0,6.94122314453125,103.01068878173828,13.566415960138494,15,45.727349853515626,25.417039489746095,61.73188781738281
174.0,183.0,174.27879333496094,198.99999237060547,212.0,139.94121551513672,236.01068115234375,6.132079070469119,15,45.727349853515626,26.913199361165365,61.73188781738281
180.0,208.0,180.26187133789062,204.98307037353516,185.0,145.9242935180664,241.99375915527344,10.801659661370355,15,45.727349853515626,27.579866536458333,61.73188781738281
156.0,151.0,156.27879333496094,172.04615783691406,161.0,121.94121551513672,218.01068115234375,6.860967600567741,15,42.52120666503906,24.846978759765626,61.73188781738281
36.0,33.0,38.139312744140625,47.86053466796875,66.0,3.8017349243164062,99.87120056152344,27.484038381865528,15,42.52120666503906,23.112589518229168,61.73188781738281
224.0,168.0,224.27879333496094,234.00001525878906,201.0,189.94121551513672,270.0,16.41791803919854,15,36.932620239257815,20.85450948079427,45.72120666503906
192.0,211.0,192.27877807617188,197.01690673828125,194.0,157.94120025634766,237.99998474121094,1.5551065661243557,15,36.932620239257815,21.75834757486979,45.72120666503906
77.0,94.0,77.27879333496094,82.01692199707031,62.0,42.94121551513672,123.0,32.28535805979082,15,36.932620239257815,21.758348592122395,45.72120666503906
162.0,172.0,162.27879333496094,167.0169219970703,180.0,127.94121551513672,208.0,7.212821112738715,15,36.932620239257815,22.46218770345052,45.72120666503906
75.0,100.0,75.2677001953125,91.03506469726562,82.0,40.93012237548828,120.98890686035156,11.01837158203125,15,36.932620239257815,22.025860595703126,45.72120666503906
174.0,243.0,174.27023315429688,181.00253295898438,164.0,139.93265533447266,211.99143981933594,10.36739814572218,15,35.18487548828125,19.426600138346355,37.72120666503906
44.0,67.0,44.27880096435547,49.016929626464844,46.0,9.94122314453125,82.00000762939453,6.558542666227921,15,33.31085968017578,17.72796630859375,37.72120666503906
138.0,139.0,138.27879333496094,143.0169219970703,144.0,103.94121551513672,176.0,0.6826930575900608,15,33.31085968017578,17.224126688639323,37.72120666503906
171.0,110.0,171.27879333496094,176.0169219970703,136.0,136.94121551513672,209.0,29.424207350786997,15,33.31085968017578,16.554382832845054,37.72120666503906
170.0,131.0,170.22816467285156,174.94937133789062,154.0,134.94937133789062,207.94937133789062,13.603487881747158,15,34.90230712890625,16.788250223795572,37.72120666503906
112.0,76.0,112.27879333496094,117.0,111.0,77.0,150.0,5.405405405405405,15,32.31155090332031,15.580956013997396,37.72120666503906
144.0,209.0,144.26922607421875,145.99044799804688,134.0,108.99043273925781,181.9904327392578,8.948095520930503,15,32.31155090332031,14.018128967285156,37.72120666503906
165.0,196.0,165.26405334472656,166.9852523803711,195.0,129.98526000976562,193.12474060058594,14.366537240835337,15,26.0279296875,12.187996927897135,35.27879333496094
206.0,232.0,206.25656127929688,207.9777603149414,186.0,170.97776794433594,235.9925079345703,11.816000169323337,15,28.985842895507812,13.854518127441406,35.27879333496094
186.0,206.0,186.25924682617188,184.98045349121094,204.0,150.98045349121094,215.9951934814453,9.3233071121515,15,28.985842895507812,14.890208435058593,35.27879333496094
171.0,126.0,171.27879333496094,170.0,135.0,136.0,201.01473999023438,25.925925925925924,15,27.153085327148435,14.215546162923177,35.27879333496094
45.00000762939453,63.0,45.26811218261719,43.98931884765625,32.00000762939453,8.98931884765625,75.00405883789062,37.46658862433705,15,33.06165466308593,15.082212829589844,36.27879333496094
251.0,191.0,251.2646942138672,240.99546813964844,226.0,214.98590087890625,281.0006408691406,6.635162893649752,15,33.06165466308593,15.852005004882812,36.27879333496094
62.0,80.0,62.27880096435547,52.00957489013672,37.0,26.00000762939453,92.0147476196289,40.56641862199113,15,33.06165466308593,16.51773173014323,36.27879333496094
166.0,178.0,166.27879333496094,156.00856018066406,225.0,130.0,196.01473999023438,30.662862141927082,15,33.06165466308593,17.021571350097656,36.27879333496094
84.0,77.0,84.27879333496094,74.00856018066406,72.0,48.0,143.0,2.7896669175889754,15,35.87879333496094,20.487498474121093,58.72120666503906
181.0,154.0,177.67845153808594,165.399658203125,164.0,141.399658203125,236.399658203125,0.8534501238567074,15,35.87879333496094,20.621402486165366,58.72120666503906
192.0,141.0,192.255615234375,178.98751068115234,170.0,155.97682189941406,250.97682189941406,5.286770988913143,15,35.87879333496094,21.41855265299479,58.72120666503906
165.0,251.0,165.27879333496094,151.600341796875,232.0,129.0,224.0,34.65502508755388,15,35.87879333496094,22.520846557617187,58.72120666503906
153.0,176.0,153.77378845214844,140.50568389892578,184.0,117.4949951171875,220.4949951171875,23.638215272322945,15,49.74424133300781,24.617007446289062,66.72120666503906
193.0,228.0,193.27879333496094,181.0,180.0,157.0,260.0,0.5555555555555556,15,49.74424133300781,25.550210571289064,66.72120666503906
227.0,182.0,227.27877807617188,214.01067352294922,168.0,190.99998474121094,293.99998474121094,27.38730566842215,15,49.74424133300781,26.35021057128906,66.72120666503906
109.0,17.00000762939453,109.26333618164062,95.98454284667969,88.0,49.98455810546875,175.9845428466797,9.07334414395419,15,59.05574951171875,29.617514038085936,66.72120666503906
152.0,101.0,152.2406463623047,138.56219482421875,140.0,92.96186828613281,218.96185302734375,1.027003696986607,15,59.05574951171875,29.05267333984375,66.72120666503906
131.0,224.0,131.26025390625,117.98146057128906,119.0,71.98147583007812,197.98146057128906,0.8559154863117122,15,59.05574951171875,28.51827901204427,66.72120666503906
68.0,133.0,68.27879333496094,55.0,75.0,9.000015258789062,135.0,26.666666666666668,15,59.05574951171875,28.152912394205728,66.72120666503906
12.0,32.00000762939453,12.251556396484375,-1.0165481567382812,14.0,-47.0272216796875,78.97276306152344,107.2610582624163,15,59.05574951171875,26.182406616210937,66.72120666503906
160.0,175.0,160.26699829101562,147.9882049560547,234.99998474121094,100.98822021484375,226.9882049560547,37.02629167443404,15,59.05574951171875,25.414429219563804,66.72120666503906
152.0,116.0,152.2605743408203,140.0003204345703,140.0,92.98179626464844,226.99356079101562,0.0002288818359375,15,63.74423522949218,28.712315368652344,74.73298645019531
209.0,242.0,209.27877807617188,197.01852416992188,178.0,150.0,284.0117645263672,10.684564140405547,15,63.74423522949218,27.84443359375,74.73298645019531
190.0,184.0,190.2671661376953,178.006591796875,191.0,130.98838806152344,265.0001525878906,6.802831519960733,15,63.74423522949218,26.014938354492188,74.73298645019531
126.0,153.0,126.26019287109375,113.99993896484375,81.0,66.98141479492188,200.99317932128906,40.74066538869599,15,63.74423522949218,25.24520772298177,74.73298645019531
171.0,132.0,171.27879333496094,159.01853942871094,197.0,112.00001525878906,246.01177978515625,19.2799292240046,15,63.74423522949218,27.350657145182293,74.73298645019531
189.0,215.0,189.24908447265625,177.00843811035156,160.0,129.97030639648438,263.98207092285156,10.630273818969727,15,63.74423522949218,27.58169657389323,74.73298645019531
182.0,119.0,182.22994995117188,169.96969604492188,208.0,122.951171875,256.9629364013672,18.283799978402946,15,53.67134399414062,25.083555094401042,74.73298645019531
171.0,160.0,171.2633819580078,159.0031280517578,192.0,111.98460388183594,245.99636840820312,17.185870806376137,15,53.67134399414062,24.786477661132814,74.73298645019531
54.0,65.0,54.2672119140625,42.02656555175781,30.0,-5.011566162109375,129.0001983642578,40.08855183919271,15,53.67134399414062,25.283665974934895,74.73298645019531
233.0,151.0,233.26486206054688,221.0242156982422,194.0,188.00466918945312,307.9978485107422,13.930008091877417,15,39.667626953124994,22.949561564127603,74.73298645019531
166.0,181.0,166.27879333496094,154.03814697265625,180.0,121.01860046386719,241.01177978515625,14.423251681857638,15,42.862060546875,24.14966328938802,74.73298645019531
156.0,150.0,156.27879333496094,157.01162719726562,154.0,111.01860046386719,231.01177978515625,1.9556020761465096,15,42.862060546875,24.248367309570312,74.73298645019531
187.0,117.0,187.21090698242188,187.94374084472656,150.0,141.95071411132812,261.9438934326172,25.295827229817707,15,42.862060546875,23.582936604817707,74.73298645019531
166.0,138.0,166.27879333496094,164.0,130.0,121.01860046386719,241.01177978515625,26.153846153846157,15,42.862060546875,25.61558329264323,74.73298645019531
30.0,99.0,30.264808654785156,18.004234313964844,47.0,-14.995384216308594,104.99779510498047,61.69311848092587,15,42.862060546875,27.917606608072916,74.73298645019531
54.0,112.0,54.263465881347656,42.002891540527344,92.0,9.003273010253906,80.03351593017578,54.344683108122446,15,38.44328002929687,24.051086934407554,45.26019287109375
37.0,34.0,37.27880096435547,35.00000762939453,30.0,-7.981391906738281,75.01533508300781,16.66669209798177,15,38.65353088378906,25.749484252929687,45.26019287109375
12.0,27.0,12.274169921875,9.995376586914062,20.00000762939453,-32.98602294921875,50.010704040527344,50.023136130090286,15,38.65353088378906,24.149485778808593,45.26019287109375
105.0,96.0,105.27879333496094,103.0,80.0,60.01860046386719,143.01532745361328,28.749999999999996,15,38.65353088378906,24.61568603515625,45.26019287109375
190.0,205.0,190.25718688964844,187.9783935546875,188.0,150.99232482910156,227.99372100830078,0.011492790059840427,15,37.526283264160156,23.283592732747397,39.264862060546875
113.0,150.0,113.68608856201172,111.40729522705078,94.0,74.42122650146484,151.42262268066406,18.518399177713597,15,37.526283264160156,21.719324747721355,39.264862060546875
28.00000762939453,30.0,28.27880096435547,26.00000762939453,20.00000762939453,-10.986061096191406,66.01533508300781,29.999988555912573,15,37.526283264160156,21.08179168701172,39.264862060546875
77.0,117.0,77.27879333496094,69.99999237060547,68.0,38.01393127441406,115.01532745361328,2.9411652508903954,15,37.526283264160156,19.91570790608724,39.264862060546875
49.00000762939453,102.0,49.27880096435547,41.00000762939453,38.00000762939453,10.013938903808594,87.01533508300781,7.894735257051316,15,37.526283264160156,19.15185292561849,39.264862060546875
105.0,124.0,105.646240234375,97.36744689941406,100.0,66.38137817382812,143.38277435302734,2.6325531005859375,15,37.526283264160156,18.285958353678385,39.264862060546875
189.0,177.0,189.27879333496094,181.99999237060547,171.0,152.06788635253906,227.01532745361328,6.432744076377467,15,36.8380615234375,16.04471689860026,37.736534118652344
118.0,49.00000762939453,118.27879333496094,110.0,79.0,81.06788635253906,156.01532745361328,39.24050632911392,15,36.8380615234375,16.348556009928384,37.736534118652344
214.0,233.0,214.2598419189453,204.98104858398438,152.0,174.98104858398438,251.99637603759766,34.85595301577919,15,37.526283264160156,18.815222676595052,39.27879333496094
191.0,205.0,191.27536010742188,181.99656677246094,204.0,129.01551818847656,229.01189422607422,10.785996680166207,15,38.6618896484375,20.48515167236328,62.25984191894531
22.00000762939453,66.0,22.27880096435547,14.000007629394531,29.00000762939453,-39.981040954589844,60.01533508300781,51.72412432331892,15,38.6618896484375,18.914874776204428,62.25984191894531
216.0,250.0,216.25689697265625,207.9781036376953,229.0,153.99705505371094,253.9934310913086,9.179867407119952,15,38.6618896484375,18.24727579752604,62.25984191894531
122.0,21.00000762939453,122.27879333496094,114.0,103.0,60.018951416015625,135.0218963623047,10.679611650485436,15,33.67879333496093,16.58104705810547,62.25984191894531
201.0,169.0,201.27879333496094,192.0,176.0,139.01895141601562,214.0218963623047,9.090909090909092,15,33.67879333496093,17.381046549479166,62.25984191894531
134.0,204.0,134.27879333496094,123.0,132.0,72.01895141601562,147.0218963623047,6.8181818181818175,15,33.67879333496093,18.551243591308594,62.25984191894531
187.0,258.0,187.25428771972656,177.97549438476562,208.0,124.99444580078125,199.9973907470703,14.43485846886268,15,33.67879333496093,17.01791025797526,62.25984191894531
163.0,209.0,163.27879333496094,154.0,175.0,101.01895141601562,184.02450561523438,12.0,15,33.67879333496093,18.25047861735026,62.25984191894531
153.0,196.0,153.2511444091797,144.97235107421875,159.0,90.99130249023438,173.99685668945312,8.822420708038523,15,33.67879333496093,17.719486490885416,62.25984191894531
150.0,219.0,150.27879333496094,144.63255310058594,141.0,88.01895141601562,171.02450561523438,2.5762787947417998,15,33.67879333496093,17.550823974609376,62.25984191894531
47.0,50.0,47.27879333496094,41.63255310058594,38.00000762939453,-14.981048583984375,68.02450561523438,9.559328268085626,15,33.67879333496093,17.550823974609376,62.25984191894531
114.0,50.0,114.27879333496094,108.63255310058594,109.0,52.018951416015625,135.02450561523438,0.33710724716886464,15,33.67879333496093,17.41749013264974,62.25984191894531
234.0,240.0,234.27139282226562,228.9925994873047,153.0,172.0115509033203,255.01710510253906,49.66836567797692,15,33.67879333496093,17.392993672688803,62.25984191894531
121.0,127.0,122.99015045166016,117.71135711669922,169.0,41.71875762939453,143.7358627319336,30.34830939840283,15,53.06742248535156,21.592500305175783,81.27139282226562
36.0,69.0,36.27879333496094,34.0,54.0,-44.99259948730469,82.28864288330078,37.03703703703704,15,55.75984497070312,22.04123738606771,81.27139282226562
212.0,233.0,212.27877807617188,218.0276336669922,147.0,131.00738525390625,258.2886276245117,48.31811814081101,15,37.71742706298827,19.07199503580729,81.27139282226562
181.0,150.0,182.98756408691406,180.70877075195312,202.0,101.71617126464844,228.9974136352539,10.540212499033107,15,57.57120666503906,22.575604248046876,81.27139282226562
121.0,12.0,121.27879333496094,119.0,82.0,40.00740051269531,167.28864288330078,45.1219512195122,15,57.57120666503906,23.39501953125,81.27139282226562
181.0,180.0,181.2464599609375,175.96766662597656,170.0,99.97506713867188,227.25630950927734,3.5103921329273895,15,57.57120666503906,25.164065551757812,81.27139282226562
22.00000762939453,41.0,22.275596618652344,16.996803283691406,13.000015258789062,-58.99579620361328,68.28544616699219,30.744487182045354,15,57.57120666503906,24.62857666015625,81.27139282226562
134.0,147.0,134.2285919189453,128.94979858398438,184.0,52.95719909667969,180.23844146728516,29.918587726095446,15,57.57120666503906,23.561695861816407,81.27139282226562
65.0,134.0,65.2325668334961,59.953773498535156,99.0,-16.03882598876953,115.00397491455078,39.440632829762464,15,59.075830078124994,26.727870178222656,81.27139282226562
160.0,160.0,160.27879333496094,155.0,171.0,79.00740051269531,210.05020141601562,9.35672514619883,15,59.075830078124994,27.595984903971353,81.27139282226562
188.0,216.0,188.26419067382812,182.9853973388672,234.0,106.9927978515625,238.0355987548828,21.80111224834736,15,59.075830078124994,27.529318237304686,81.27139282226562
29.00000762939453,29.00000762939453,29.27880096435547,24.00000762939453,17.00000762939453,-51.992591857910156,79.05020904541016,41.176452108741266,15,59.075830078124994,30.19511515299479,81.27139282226562
43.0,140.0,43.27879333496094,38.0,52.0,-37.99259948730469,93.05020141601562,26.923076923076923,15,59.075830078124994,30.39511515299479,81.27139282226562
251.0,200.0,251.27877807617188,259.99998474121094,225.0,170.00738525390625,301.05018615722656,15.555548773871527,15,59.075830078124994,30.357943216959637,81.27139282226562
135.0,167.0,135.27879333496094,144.0,189.0,54.00740051269531,185.05020141601562,23.809523809523807,15,59.075830078124994,31.75794219970703,81.27139282226562
181.0,163.0,181.27879333496094,192.0,215.0,116.00001525878906,235.0,10.69767441860465,15,52.14128723144531,29.921263122558592,65.27877807617188
200.0,132.0,200.27879333496094,211.0,260.0,135.00001525878906,254.0,18.846153846153847,15,52.14128723144531,29.102020263671875,65.27877807617188
10.000007629394531,49.00000762939453,10.273536682128906,20.99474334716797,22.0,-55.00524139404297,69.99474334716797,4.569348421963778,15,57.32120666503906,31.902020263671876,65.27877807617188
134.0,92.0,134.27879333496094,146.00525665283203,128.0,95.0,194.0,14.066606760025024,15,52.14128723144531,28.331865946451824,59.72120666503906
38.00000762939453,52.00000762939453,38.27880096435547,49.00000762939453,62.0,-0.9999923706054688,98.00000762939453,20.967729630008822,15,52.14128723144531,27.48295644124349,59.72120666503906
212.0,141.0,212.24765014648438,223.97411346435547,210.0,185.9688720703125,271.96885681152344,6.654339744931176,15,52.14128723144531,26.44578348795573,59.72120666503906
186.0,156.0,186.27879333496094,198.00525665283203,212.0,160.00001525878906,246.0,6.601294031683004,15,52.14128723144531,25.845862833658853,59.72120666503906
171.0,178.0,171.25079345703125,194.97199249267578,195.0,144.97201538085938,230.9720001220703,0.014362824268830128,15,52.14128723144531,26.942237854003906,59.72120666503906
182.0,187.0,182.27879333496094,205.99999237060547,187.0,156.00001525878906,242.0,10.160423727596507,15,50.52704772949218,25.20742441813151,59.72120666503906
197.0,153.0,197.27879333496094,209.00525665283203,156.0,171.00001525878906,257.0,33.977728623610275,15,50.52704772949218,23.271009318033855,59.72120666503906
195.0,187.0,195.27879333496094,207.00525665283203,220.0,154.0,255.0,5.906701521439986,15,50.52704772949218,25.308181762695312,59.72120666503906
161.0,168.0,161.27879333496094,173.00525665283203,162.0,120.0,221.0,6.793368304217304,15,48.74424133300781,23.907208251953126,59.72120666503906
151.0,109.0,151.27879333496094,163.00525665283203,177.0,110.0,211.0,7.906634659416932,15,48.74424133300781,23.136702473958334,59.72120666503906
202.0,207.0,202.27877807617188,225.9999771118164,164.0,160.99998474121094,261.99998474121094,37.80486409257098,15,48.74424133300781,24.270035807291666,59.72120666503906
178.0,225.0,178.27879333496094,201.99999237060547,176.0,137.0,238.0,14.772722937844016,15,48.74424133300781,25.070035807291667,59.72120666503906
168.0,171.0,168.27879333496094,180.00525665283203,191.0,127.0,228.0,5.756410129407313,15,40.07878723144531,21.64054158528646,59.72120666503906
27.0,62.0,27.27880096435547,39.00526428222656,29.0,-13.999992370605469,87.00000762939453,34.50091131802263,15,40.07878723144531,20.907208251953126,59.72120666503906
160.0,208.0,160.27879333496094,165.0,209.0,119.0,186.0,21.052631578947366,15,33.25574951171875,17.040541076660155,41.27879333496094
218.0,229.0,218.2693634033203,222.99057006835938,218.0,176.99057006835938,266.9905700683594,2.289252324935493,15,40.07878723144531,19.506857299804686,48.72120666503906
218.0,240.0,218.17376708984375,222.8949737548828,208.0,176.8949737548828,266.8949737548828,7.161045074462891,15,40.07878723144531,19.106228637695313,48.72120666503906
205.0,215.0,205.27175903320312,206.99295806884766,197.0,163.9929656982422,253.9929656982422,5.072567547638404,15,40.07878723144531,18.20306650797526,48.72120666503906
145.0,232.0,145.27879333496094,146.99999237060547,156.0,104.0,194.0,5.76923565986829,15,40.07878723144531,18.604673767089842,48.72120666503906
177.0,198.0,177.27879333496094,178.99999237060547,187.0,136.0,226.0,4.278078946200284,15,40.07878723144531,17.604673767089842,48.72120666503906
112.0,86.0,112.25575256347656,113.9769515991211,126.0,70.97695922851562,160.97695922851562,9.542101905459448,15,40.07878723144531,16.669473775227864,48.72120666503906
155.0,171.0,155.27879333496094,156.99999237060547,154.0,114.0,204.0,1.9480469938996552,15,40.07878723144531,17.271009826660155,48.72120666503906
174.0,186.0,174.27879333496094,175.99999237060547,163.0,136.00001525878906,223.0,7.975455442089245,15,33.25574951171875,14.604343159993489,48.72120666503906
240.0,188.0,240.27877807617188,240.99998474121094,252.99998474121094,202.0,288.99998474121094,4.743083290014654,15,33.25574951171875,13.708182271321615,48.72120666503906
105.0,86.0,105.27879333496094,106.99999237060547,132.0,67.00001525878906,154.0,18.93939971923828,15,33.25574951171875,14.508182271321614,48.72120666503906
208.0,205.0,208.2659149169922,209.98711395263672,196.0,169.9871368408203,256.98712158203125,7.136282628896284,15,33.655749511718746,14.574848937988282,48.72120666503906
189.0,165.0,189.24282836914062,190.96402740478516,181.0,176.97691345214844,237.9640350341797,5.504987516455887,15,25.12120666503906,12.840658060709636,48.72120666503906
69.0,122.0,69.27879333496094,70.99999237060547,82.0,57.01287841796875,118.0,13.414643450481137,15,25.12120666503906,13.238260396321614,48.72120666503906
180.0,146.0,180.27879333496094,181.99999237060547,177.0,168.01287841796875,229.0,2.8248544466697565,15,21.53042297363281,12.571593729654948,48.72120666503906
185.0,173.0,185.27757263183594,185.00820922851562,194.0,173.01165771484375,233.998779296875,4.634943696641431,15,21.53042297363281,12.675433349609374,48.72120666503906
114.0,133.0,114.27879333496094,114.00942993164062,140.0,102.01287841796875,141.0,18.56469290597098,15,13.335031127929687,10.008848063151042,26.721206665039062
162.0,171.0,162.27780151367188,171.00022888183594,144.0,150.0118865966797,188.99900817871094,18.7501589457194,15,20.93042297363281,11.705637613932291,26.721206665039062
63.0,25.00000762939453,63.2787971496582,72.00122451782227,46.0,45.00099563598633,90.00000381469727,56.52440112570057,15,22.743844604492185,12.245906575520833,26.721206665039062
189.0,211.0,189.27879333496094,198.001220703125,185.0,171.00099182128906,216.0,7.027686866554054,15,22.743844604492185,12.846375783284506,26.721206665039062
192.0,220.0,192.27877807617188,190.99998474121094,233.0,174.0009765625,218.99998474121094,18.02575762179788,15,22.743844604492185,12.416881561279297,26.721206665039062
90.0,36.0,90.27189636230469,88.99310302734375,117.0,71.99409484863281,130.9931182861328,23.937518780048077,15,26.321206665039064,14.483549245198567,40.721221923828125
229.0,203.0,229.27877807617188,227.99998474121094,193.0,211.0009765625,270.0,18.134707119798414,15,26.725344848632812,15.349139658610026,40.721221923828125
160.0,169.0,159.06002807617188,155.78123474121094,215.0,122.78125,199.78125,27.54361174827398,15,32.45850830078125,17.682471974690756,40.721221923828125
164.0,151.0,163.8198699951172,172.54229736328125,168.0,127.54109191894531,219.7598419189453,2.7037484305245534,15,38.944244384765625,20.659883880615233,55.939971923828125
142.0,130.0,142.27879333496094,146.45892333984375,135.0,106.00001525878906,198.21876525878906,8.488091362847221,15,38.944244384765625,20.09047876993815,55.939971923828125
104.0,120.0,104.27879333496094,101.0,97.0,68.00001525878906,160.21876525878906,4.123711340206185,15,38.944244384765625,18.794317881266277,55.939971923828125
76.0,126.0,76.27879333496094,73.0,69.0,40.00001525878906,132.21876525878906,5.797101449275362,15,38.944244384765625,18.46184310913086,55.939971923828125
161.0,155.0,161.27879333496094,158.0,156.0,125.00001525878906,217.21876525878906,1.282051282051282,15,38.944244384765625,18.397574106852215,55.939971923828125
146.0,112.0,146.27879333496094,142.0,166.0,110.00001525878906,202.21876525878906,14.457831325301203,15,38.944244384765625,17.901413218180338,55.939971923828125
169.0,140.0,169.27464294433594,164.995849609375,161.0,132.99586486816406,225.21461486816406,2.4818941673136643,15,38.944244384765625,18.997574106852213,55.939971923828125
187.0,177.0,187.24671936035156,181.96792602539062,145.0,150.9679412841797,243.1866912841797,25.49512139682112,15,38.944244384765625,18.96772181193034,55.939971923828125
37.0,43.0,37.27880096435547,30.00000762939453,26.0,-4.967918395996094,93.2187728881836,15.384644728440506,15,41.63652038574219,20.069422658284505,55.939971923828125
183.0,200.0,183.2590789794922,175.98028564453125,225.0,141.01235961914062,239.1990509033203,21.786539713541668,15,41.63652038574219,19.60282262166341,55.939971923828125
111.0,158.0,111.27879333496094,106.0,89.0,69.03207397460938,167.21876525878906,19.101123595505616,15,42.04440002441406,21.233630879720053,55.939971923828125
38.00000762939453,86.0,38.27880096435547,31.00000762939453,24.00000762939453,-3.9679183959960938,94.2187728881836,29.166657394835983,15,42.04440002441406,22.433630879720052,55.939971923828125
187.0,188.0,187.27879333496094,180.0,184.0,145.03207397460938,243.21876525878906,2.1739130434782608,15,42.04440002441406,20.670802307128906,55.939971923828125
200.0,206.0,200.27879333496094,193.0,173.0,158.03207397460938,256.21876525878906,11.560693641618498,15,42.04440002441406,19.107514953613283,55.939971923828125
164.0,98.0,164.27879333496094,157.0,192.0,122.03207397460938,220.21876525878906,18.229166666666664,15,42.04440002441406,18.507515970865885,55.939971923828125
140.0,164.0,140.27879333496094,133.0,181.0,98.03207397460938,182.01971435546875,26.519337016574585,15,36.13303527832031,16.62626495361328,42.24671936035156
111.0,117.0,111.27879333496094,104.0,89.0,69.03207397460938,153.01971435546875,16.853932584269664,15,41.33303527832031,19.062336730957032,42.24671936035156
86.0,102.0,86.7584228515625,79.47962951660156,42.00000762939453,44.51170349121094,128.4993438720703,89.23717875940618,15,41.33303527832031,20.062336730957032,42.24671936035156
101.0,67.0,101.27879333496094,93.004150390625,122.0,56.52037811279297,143.01971435546875,23.76708984375,15,42.04440002441406,22.560978190104166,44.75841522216797
229.0,180.0,229.27877807617188,221.00413513183594,241.99998474121094,184.5203628540039,271.0196990966797,8.675971460009581,15,42.04440002441406,23.45713907877604,44.75841522216797
159.0,197.0,159.27024841308594,150.99560546875,201.0,114.51183319091797,201.01116943359375,24.877808224502488,15,42.04440002441406,23.953299967447915,44.75841522216797
180.0,202.0,180.27252197265625,171.9978790283203,156.0,135.51410675048828,222.01344299316406,10.255050659179688,15,42.04440002441406,25.420536295572916,44.75841522216797
94.0,72.0,94.27723693847656,82.9984359741211,63.00000762939453,49.518821716308594,136.01815795898438,31.743533210932025,15,42.04440002441406,26.487061564127604,44.75841522216797
32.00000762939453,94.0,32.27880096435547,21.0,28.00000762939453,-12.4796142578125,74.01972198486328,25.00002043587264,15,41.736453247070315,25.7557622273763,44.75841522216797
195.0,197.0,195.2645263671875,190.98573303222656,204.0,150.50611114501953,237.0054473876953,6.379542631261489,15,41.736453247070315,25.289095052083333,44.75841522216797
230.0,204.0,230.27877807617188,225.99998474121094,215.0,185.5203628540039,272.00852966308594,5.11627197265625,15,41.326333618164064,23.088731892903645,44.75841522216797
257.0,215.0,257.2606506347656,252.9818572998047,213.99998474121094,212.50223541259766,298.9904022216797,18.215829597247087,15,41.326333618164064,22.622064208984376,44.75841522216797
219.0,146.0,219.27877807617188,214.99998474121094,184.0,174.5203628540039,261.00852966308594,16.84781779413638,15,42.64830017089844,24.554189046223957,44.75841522216797
51.0,29.00000762939453,51.27880096435547,36.000022888183594,78.0,6.5203857421875,93.00855255126953,53.84612450232873,15,42.64830017089844,26.687521362304686,44.75841522216797
187.0,191.0,187.2671661376953,182.98837280273438,169.0,142.50875091552734,228.99691772460938,8.277143670257027,15,42.64830017089844,26.650348409016928,44.75841522216797
175.0,198.0,175.27879333496094,160.00001525878906,197.0,130.52037811279297,217.008544921875,18.78171814274667,15,42.64830017089844,26.020079040527342,44.75841522216797
181.0,182.0,181.27879333496094,166.00001525878906,183.0,136.52037811279297,223.008544921875,9.289609148202697,15,42.64830017089844,24.753412373860677,44.75841522216797
148.0,196.0,148.53990173339844,144.2611083984375,168.0,103.78148651123047,190.2696533203125,14.130292619977677,15,42.64830017089844,23.382906595865887,44.75841522216797
67.0,113.0,67.75860595703125,69.47981262207031,69.0,24.497940063476562,109.48835754394531,0.6953806116961051,15,39.14936218261718,21.696352132161458,43.26066589355469
112.0,46.00000762939453,112.23407745361328,113.47547149658203,101.0,68.9734115600586,153.96382904052734,12.351951976813892,15,39.14936218261718,20.397697957356772,43.26066589355469
107.0,49.00000762939453,107.27879333496094,103.0,103.0,64.01812744140625,149.008544921875,0.0,15,39.14936218261718,20.298556009928387,43.26066589355469
13.000007629394531,26.0,13.278800964355469,9.000007629394531,21.00000762939453,-29.98186492919922,40.0,57.142836382607456,15,33.678158569335935,17.801825459798177,43.26066589355469
104.0,167.0,104.29769134521484,100.0188980102539,100.0,61.037025451660156,131.01889038085938,0.01889801025390625,15,33.678158569335935,16.698404439290364,43.26066589355469
166.0,180.0,166.27139282226562,161.9925994873047,160.0,123.01072692871094,192.99259185791016,1.2453746795654297,15,31.855746459960933,14.899768575032551,43.26066589355469
19.0,25.00000762939453,19.278793334960938,15.0,10.000007629394531,-23.98187255859375,45.99999237060547,49.99988555916934,15,31.855746459960933,15.032608540852864,43.26066589355469
206.0,220.0,206.2705078125,201.97281646728516,172.0,163.0098419189453,232.99170684814453,17.426056085630908,15,31.855746459960933,15.068829345703126,43.26066589355469
191.0,225.0,191.27879333496094,186.9811019897461,160.0,148.01812744140625,217.99999237060547,16.86318874359131,15,34.87546997070312,16.334944661458334,43.26066589355469
193.0,232.0,193.25807189941406,188.96038055419922,214.0,157.9792938232422,219.9792709350586,11.700756750374197,15,33.073822021484375,15.536153157552084,35.278778076171875
197.0,180.0,197.25418090820312,192.9753875732422,200.0,162.98367309570312,223.97537994384766,3.512306213378906,15,29.455755615234374,14.567029825846355,34.2705078125
48.0,67.0,48.27880096435547,44.00000762939453,34.0,14.008293151855469,70.00000762939453,29.411787145278034,15,27.455758666992185,12.968671162923178,34.2705078125
174.0,165.0,174.27879333496094,170.0,148.0,140.00828552246094,196.0,14.864864864864865,15,27.455758666992185,12.702780151367188,34.2705078125
35.00000762939453,64.0,35.27880096435547,30.981109619140625,26.00000762939453,1.0082931518554688,56.020729064941406,19.15807895423333,15,29.278793334960938,13.006619262695313,34.2705078125
204.0,201.0,204.27879333496094,198.0074005126953,193.0,170.00828552246094,225.02072143554688,2.594508037665965,15,29.278793334960938,13.510458374023438,34.2705078125
235.0,229.0,235.27792358398438,225.99913787841797,175.0,201.00741577148438,256.0198516845703,29.14236450195313,15,29.278793334960938,12.965038045247395,34.2705078125
171.0,182.0,171.25955200195312,161.9807586669922,160.0,110.98162841796875,192.00148010253906,1.2379741668701172,15,33.073822021484375,16.900806681315103,60.277923583984375
210.0,155.0,210.27853393554688,200.99974060058594,212.0,150.0006103515625,231.0204620361328,5.1888016034971995,15,33.073822021484375,16.90250498453776,60.277923583984375
112.0,150.0,112.22673797607422,102.94794464111328,164.0,51.948814392089844,132.96866607666016,37.22686302371142,15,33.073822021484375,16.73201649983724,60.277923583984375
193.0,194.0,193.27528381347656,183.99649047851562,229.0,132.9973602294922,245.04854583740234,19.652187563966976,15,44.772160339355466,19.668820190429688,60.277923583984375
214.0,246.0,214.2586669921875,204.97987365722656,219.0,153.98074340820312,266.0319290161133,6.401884174782392,15,45.35384368896484,21.76395517985026,60.277923583984375
61.0,94.0,61.27879333496094,52.0,71.0,1.0008697509765625,113.05205535888672,26.76056338028169,15,45.35384368896484,21.66195119222005,60.277923583984375
71.0,104.0,71.27880096435547,62.00000762939453,59.00000762939453,11.000877380371094,123.05206298828125,5.084745105194466,15,45.35384368896484,21.691445922851564,60.277923583984375
121.0,37.0,121.2645034790039,111.98571014404297,135.0,60.98657989501953,173.0377655029297,17.047622115523726,15,45.35384368896484,20.225331624348957,60.277923583984375
194.0,162.0,194.2530975341797,195.9745635986328,207.0,133.9751739501953,246.02635955810547,5.326297778438255,15,45.35384368896484,19.05577850341797,60.277923583984375
186.0,155.0,186.27879333496094,188.00025939941406,132.0,126.00086975097656,238.05205535888672,42.42443893895005,15,45.35384368896484,18.522776794433593,60.277923583984375
153.0,235.0,153.27879333496094,144.0,174.0,93.00086975097656,205.05205535888672,17.24137931034483,15,53.276580810546875,21.95830841064453,60.277923583984375
64.0,89.0,64.27880096435547,66.0002670288086,82.0,4.000877380371094,116.05206298828125,19.51186947706269,15,53.276580810546875,22.387802124023438,60.277923583984375
187.0,220.0,187.27378845214844,192.01512145996094,187.0,126.99586486816406,239.04705047607422,2.6818831336689506,15,53.276580810546875,21.817295837402344,60.277923583984375
167.0,109.0,167.27879333496094,172.02012634277344,144.0,107.00086975097656,219.05205535888672,19.458421071370445,15,53.276580810546875,21.216962178548176,60.277923583984375
186.0,191.0,186.27658081054688,191.01791381835938,184.0,125.9986572265625,238.04984283447266,3.814083596934443,15,53.276580810546875,22.016962178548177,60.277923583984375
196.0,195.0,196.2651824951172,201.0065155029297,188.0,141.98638916015625,248.03844451904297,6.9183593100689835,15,45.35384368896484,18.150205993652342,54.27879333496094
171.0,154.0,171.24237060546875,175.98370361328125,187.0,116.96357727050781,223.01563262939453,5.891067586480616,15,45.35384368896484,17.950581359863282,54.27879333496094
184.0,271.0,184.27879333496094,194.0,195.0,130.0,236.05205535888672,0.5128205128205128,15,45.35384368896484,18.88632558186849,54.27879333496094
169.0,230.0,170.38803100585938,180.10923767089844,181.0,116.10923767089844,206.1127471923828,0.4921338834815263,15,30.746347045898432,16.14952189127604,54.27879333496094
181.0,191.0,181.2683868408203,190.98959350585938,178.0,126.98959350585938,201.98959350585938,7.297524441494032,15,22.255758666992186,14.475338745117188,54.27879333496094
113.0,153.0,113.27879333496094,123.0,127.0,59.0,134.0,3.149606299212598,15,22.255758666992186,14.377142333984375,54.27879333496094
262.0,267.0,262.2372741699219,272.8492431640625,165.0,207.95848083496094,282.95848083496094,65.3631776751894,15,22.255758666992186,14.643809000651041,54.27879333496094
168.0,184.0,168.2583465576172,178.8703155517578,210.0,71.02107238769531,188.97955322265625,14.823659261067709,15,41.878793334960925,20.30770772298177,97.23727416992188
202.0,200.0,202.27877807617188,212.8907470703125,202.0,105.04150390625,244.0204315185547,5.391458945699258,15,49.263937377929686,22.174784851074218,97.23727416992188
114.0,178.0,114.26471710205078,113.99092864990234,110.0,17.027442932128906,156.0063705444336,3.6281169544566763,15,49.263937377929686,21.34357655843099,97.23727416992188
82.0,15.000007629394531,82.27879333496094,82.0050048828125,89.0,-14.958480834960938,124.02044677734375,7.859545075491573,15,34.35650939941406,18.009304809570313,97.23727416992188
213.0,195.0,213.27877807617188,213.00498962402344,229.0,116.04150390625,255.0204315185547,6.984720688199372,15,34.35650939941406,17.07597147623698,97.23727416992188
180.0,132.0,180.27879333496094,180.0050048828125,192.0,83.04151916503906,222.02044677734375,6.247393290201822,15,34.35650939941406,16.94263966878255,97.23727416992188
56.00000762939453,83.0,56.26092529296875,62.98213195800781,71.0,-40.976348876953125,98.00257873535156,11.292771890129842,15,34.35650939941406,17.70580088297526,97.23727416992188
169.0,201.0,169.27310180664062,179.88507080078125,162.0,72.03582763671875,211.01475524902344,11.04016716097608,15,31.34804382324218,17.136486307779947,97.23727416992188
175.0,202.0,175.27879333496094,185.89076232910156,164.0,78.04151916503906,217.02044677734375,13.348025810427783,15,31.34804382324218,17.46958770751953,97.23727416992188
185.0,233.0,185.27879333496094,195.89076232910156,190.0,88.04151916503906,227.02044677734375,3.1004012258429277,15,31.34804382324218,17.670495096842448,97.23727416992188
175.0,144.0,175.27879333496094,182.0,163.0,78.04151916503906,217.02044677734375,11.65644171779141,15,31.33348083496093,16.934733581542968,97.23727416992188
89.0,150.0,89.27879333496094,94.0,104.0,-7.9584808349609375,131.02044677734375,9.615384615384617,15,31.33348083496093,17.038572692871092,97.23727416992188
16.0,54.0,16.27880096435547,21.00000762939453,45.00000762939453,-80.9584732055664,58.02045440673828,53.333324291089504,15,31.33348083496093,17.31252187093099,97.23727416992188
219.0,188.0,219.27877807617188,225.99998474121094,229.0,122.04150390625,261.0204315185547,1.3100503313489356,15,36.53347473144531,19.009376525878906,97.23727416992188
209.0,162.0,209.27227783203125,215.9934844970703,204.0,112.03500366210938,251.01393127441406,5.879159067191329,15,36.53347473144531,18.742710876464844,97.23727416992188
224.0,97.0,224.27879333496094,231.0,187.0,212.0,266.02044677734375,23.52941176470588,15,23.521212768554683,12.611711120605468,41.74165344238281
163.0,153.0,163.27879333496094,168.0,186.0,126.0,192.0,9.67741935483871,15,23.521212768554683,12.31418711344401,37.27879333496094
152.0,166.0,152.27731323242188,158.99851989746094,135.0,114.99851989746094,180.99851989746094,17.77668140552662,15,26.32120666503906,13.81034901936849,37.27879333496094
76.0,36.0,76.27580261230469,82.99700927734375,101.0,38.99700927734375,104.99700927734375,17.82474328975866,15,26.32120666503906,14.677855428059896,37.27879333496094
155.0,228.0,155.27879333496094,165.00001525878906,168.0,118.0,184.0,1.7857052031017486,15,27.12240295410156,15.878054809570312,37.27879333496094
60.0,25.00000762939453,60.27880096435547,70.0000228881836,67.0,23.00000762939453,89.00000762939453,4.477646101766558,15,27.12240295410156,15.678053792317709,37.27879333496094
103.0,96.0,103.27879333496094,109.99999237060547,101.0,66.0,132.0,8.910883535252939,15,27.12240295410156,15.344719950358073,37.27879333496094
80.0,90.0,80.23326110839844,84.9544677734375,98.0,42.9544677734375,108.9544677734375,13.311767578125,15,27.12240295410156,14.514034525553386,37.27879333496094
114.0,170.0,114.27879333496094,120.99999237060547,125.0,77.0,143.0,3.200006103515625,15,27.12240295410156,15.213610331217447,37.27879333496094
154.0,165.0,154.24972534179688,163.970947265625,205.0,116.97093200683594,182.97093200683594,20.01417206554878,15,27.12240295410156,15.17643788655599,37.27879333496094
110.0,153.0,110.422119140625,121.14332580566406,105.0,73.14332580566406,161.17239379882812,15.374596005394345,15,33.85575866699219,18.245042419433595,50.750274658203125
257.0,212.0,257.27069091796875,267.9918975830078,178.0,219.9918975830078,308.0209655761719,50.55724583315045,15,33.85575866699219,17.787930806477863,50.750274658203125
205.0,218.0,205.27877807617188,215.0,220.0,126.00808715820312,256.029052734375,2.272727272727273,15,45.361682128906246,22.091229756673176,79.27069091796875
25.00000762939453,82.0,25.27880096435547,35.000022888183594,28.00000762939453,-53.99188995361328,76.0290756225586,25.000047683702824,15,45.361682128906246,21.157897440592446,79.27069091796875
178.0,144.0,178.25265502929688,184.9738540649414,133.0,98.98196411132812,229.0029296875,39.07808576311384,15,45.361682128906246,20.691229756673177,79.27069091796875
121.0,54.0,121.27879333496094,127.99999237060547,121.0,42.00810241699219,172.02906799316406,5.785117661657412,15,48.55122680664062,23.356588236490886,79.27069091796875
81.0,104.0,81.26541900634766,87.98661804199219,78.0,1.9947280883789062,132.01569366455078,12.803356464092547,15,48.55122680664062,20.889921569824217,79.27069091796875
142.0,156.0,142.26634216308594,144.987548828125,143.0,62.99565124511719,193.01661682128906,1.389894285402098,15,48.55122680664062,19.59286905924479,79.27069091796875
144.0,203.0,144.27749633789062,146.9987030029297,109.0,65.00680541992188,195.02777099609375,34.861195415531824,15,48.55122680664062,18.48995869954427,79.27069091796875
37.0,65.0,37.27880096435547,38.01245880126953,47.0,-41.99188995361328,88.0290756225586,19.12242808240525,15,48.55122680664062,19.193511962890625,79.27069091796875
209.0,195.0,209.27877807617188,210.01243591308594,188.0,130.00808715820312,260.029052734375,11.708742506960606,15,48.55122680664062,18.993511454264322,79.27069091796875
59.00000762939453,131.0,59.27880096435547,59.00000762939453,70.0,-19.99188995361328,110.0290756225586,15.71427481515067,15,48.55122680664062,19.964016723632813,79.27069091796875
166.0,163.0,166.26808166503906,167.00173950195312,161.0,86.99739074707031,217.0183563232422,3.727788510529891,15,48.55122680664062,20.526843770345053,79.27069091796875
94.0,113.0,95.39053344726562,95.11174011230469,67.0,16.119842529296875,146.14080810546875,41.957821063141324,15,48.55122680664062,19.693599955240884,79.27069091796875
149.0,200.0,149.27879333496094,146.01337432861328,183.0,70.00810241699219,200.02906799316406,20.211270858681267,15,48.55122680664062,20.87155507405599,79.27069091796875
197.0,101.0,197.27565002441406,194.0102310180664,177.0,118.00495910644531,230.99685668945312,9.610300010207009,15,41.26259155273437,19.73628387451172,79.27069091796875
49.00000762939453,104.0,49.254432678222656,45.989013671875,49.00000762939453,-30.016258239746094,82.97563934326172,6.144884670820482,15,41.26259155273437,20.726519266764324,79.27069091796875
156.0,158.0,156.2775421142578,155.99874877929688,198.0,111.02488708496094,189.99874877929688,21.212753141769255,15,34.65498046875,15.458768208821615,45.252655029296875
94.0,116.0,94.27879333496094,94.0,111.0,49.02613830566406,136.00125122070312,15.315315315315313,15,39.14447326660156,17.258850606282554,45.252655029296875
120.0,92.0,120.26497650146484,119.9861831665039,121.0,75.01232147216797,161.98743438720703,0.8378651516496644,15,39.14447326660156,18.192183939615884,45.252655029296875
29.00000762939453,60.0,29.27880096435547,29.024375915527344,39.00000762939453,-5.998695373535156,71.00125885009766,25.578537852255433,15,34.65498046875,15.224341837565104,41.72245788574219
191.0,184.0,191.26632690429688,191.99998474121094,154.0,155.98883056640625,232.98878479003906,24.67531476702009,15,34.65498046875,15.853836059570312,41.72245788574219
149.0,112.0,149.27879333496094,150.012451171875,164.0,112.01246643066406,191.00125122070312,8.528993187881099,15,36.470794677734375,18.120563252766928,41.72245788574219
233.0,114.0,233.25588989257812,233.99091339111328,182.0,195.98956298828125,274.9783477783203,28.566435929183122,15,36.470794677734375,19.05306650797526,41.72245788574219
146.0,166.0,146.27879333496094,147.0138168334961,116.0,95.02290344238281,188.00125122070312,26.736048994393187,15,39.94000549316406,20.118292744954427,51.255889892578125
143.0,80.0,143.27879333496094,143.0243682861328,110.0,92.02290344238281,185.00125122070312,30.022152987393465,15,39.94000549316406,21.48879903157552,51.255889892578125
194.0,162.0,195.44004821777344,195.1856231689453,147.0,144.1841583251953,237.16250610351562,32.77933548907844,15,39.94000549316406,22.288800048828126,51.255889892578125
169.0,168.0,169.27879333496094,164.01071166992188,161.0,118.02290344238281,211.00125122070312,1.87000724839868,15,45.753012084960936,24.803389994303384,51.255889892578125
58.0,75.0,58.26133728027344,49.9825439453125,54.0,7.0054473876953125,99.98379516601562,7.439733434606481,15,45.753012084960936,25.00410410563151,51.255889892578125
204.0,185.0,204.27879333496094,200.0174560546875,173.0,153.0229034423828,246.00125122070312,15.617026621206648,15,45.753012084960936,23.39549102783203,51.255889892578125
110.0,142.0,110.27879333496094,102.0,102.0,59.02290344238281,152.00125122070312,0.0,15,45.753012084960936,23.23266347249349,51.255889892578125
202.0,177.0,202.27877807617188,193.99998474121094,206.0,151.02288818359375,244.00123596191406,5.825250125625758,15,45.753012084960936,22.432873026529947,51.255889892578125
72.0,108.0,72.24427795410156,63.965484619140625,70.0,20.988388061523438,113.96673583984375,8.620736258370536,15,45.753012084960936,22.663992818196615,51.255889892578125
152.0,176.0,152.27879333496094,144.0,138.0,101.02290344238281,169.0,4.3478260869565215,15,43.97055969238281,20.03211415608724,51.255889892578125
33.0,93.0,33.27732849121094,24.99853515625,27.0,-17.978561401367188,47.99853515625,7.41283275462963,15,43.97055969238281,19.869286600748698,51.255889892578125
146.0,158.0,146.27879333496094,138.0,106.0,95.02290344238281,161.0,30.18867924528302,15,43.97055969238281,20.238773600260416,51.255889892578125
198.0,178.0,198.27877807617188,183.99998474121094,210.0,147.02288818359375,212.99998474121094,12.380959647042411,15,45.17554626464843,22.275946044921874,51.255889892578125
180.0,219.0,181.895751953125,173.61695861816406,113.0,130.63986206054688,196.61695861816406,53.643326210764656,15,45.17554626464843,20.572939046223958,51.255889892578125
207.0,200.0,207.24960327148438,192.97080993652344,200.0,138.35385131835938,218.9708251953125,3.514595031738281,15,50.12955322265625,24.18457539876302,68.895751953125
202.0,195.0,202.27877807617188,193.99998474121094,192.0,133.38302612304688,214.0,1.0416587193806968,15,45.17554626464843,21.25082295735677,68.895751953125
152.0,194.0,152.27011108398438,143.99131774902344,177.0,83.37435913085938,163.9913330078125,18.6489730231506,15,45.17554626464843,19.917488606770835,68.895751953125
147.0,177.0,147.25369262695312,138.9748992919922,188.0,78.35794067382812,171.98358154296875,26.077181227663733,15,45.17554626464843,19.347561645507813,68.895751953125
76.0,110.0,76.27879333496094,69.02919006347656,78.0,7.3830413818359375,117.02510070800781,11.501038380158253,15,40.5593017578125,18.834645589192707,68.895751953125
145.0,59.00000762939453,145.2506561279297,138.97332763671875,101.0,76.35490417480469,185.99696350097656,37.59735409576114,15,40.5593017578125,18.39747314453125,68.895751953125
172.0,217.0,172.7755889892578,165.52598571777344,184.0,103.87983703613281,213.5218963623047,10.040225153384002,15,42.848916625976564,21.063427734375,68.895751953125
202.0,251.0,202.27877807617188,196.00144958496094,213.99998474121094,133.38302612304688,243.02508544921875,8.410531046539809,15,42.848916625976564,19.726468912760417,68.895751953125
142.0,175.0,142.47479248046875,144.1959991455078,132.0,73.57904052734375,183.22109985351562,9.239393292051373,15,42.848916625976564,19.955963134765625,68.895751953125
214.0,218.0,214.27879333496094,208.00146484375,216.0,145.38304138183594,255.0251007080078,3.703025535300926,15,42.848916625976564,20.406201171875,68.895751953125
247.0,220.0,247.27877807617188,241.00144958496094,188.0,178.38302612304688,288.02508544921875,28.19226041753241,15,42.848916625976564,20.371329752604165,68.895751953125
89.0,87.0,89.25645446777344,82.9791259765625,82.0,20.360702514648438,130.0027618408203,1.1940560689786586,15,53.267529296875,23.37132873535156,68.895751953125
167.0,214.0,167.2688751220703,160.01927185058594,211.0,98.37312316894531,208.0151824951172,24.16148253526733,15,53.267529296875,23.436603800455728,68.895751953125
22.00000762939453,27.0,22.27880096435547,24.00000762939453,13.000015258789062,-46.61695098876953,66.00992584228516,84.61522661035788,15,53.267529296875,23.666759236653647,68.895751953125
120.0,91.0,120.27879333496094,113.02919006347656,127.0,51.38304138183594,164.00991821289062,11.000637745294044,15,53.267529296875,23.503930155436198,68.895751953125
170.0,169.0,170.27879333496094,172.0,175.0,111.00001525878906,214.00991821289062,1.7142857142857144,15,44.042843627929685,19.3589604695638,59.278778076171875
41.0,56.00000762939453,41.27880096435547,43.00000762939453,24.00000762939453,-17.999977111816406,85.00992584228516,79.1666415002691,15,44.042843627929685,19.190400695800783,59.278778076171875
144.0,195.0,144.26962280273438,145.99082946777344,190.0,84.9908447265625,188.00074768066406,23.16272133275082,15,44.042843627929685,19.65706837972005,59.278778076171875
171.0,175.0,171.27879333496094,173.0,171.0,112.00001525878906,217.00917053222656,1.1695906432748537,15,45.13848876953125,21.057100931803387,59.278778076171875
206.0,180.0,206.26580810546875,207.9870147705078,174.0,146.98703002929688,251.99618530273438,19.53276710948725,15,45.13848876953125,18.359266662597655,59.278778076171875
224.0,192.0,224.61822509765625,225.3394317626953,250.0,165.33944702148438,270.3486022949219,9.864227294921875,15,45.13848876953125,20.39557342529297,59.278778076171875
185.0,234.0,185.27183532714844,186.9930419921875,145.0,125.99305725097656,231.00221252441406,28.960718615301722,15,44.93067626953125,19.137648010253905,59.278778076171875
148.0,176.0,148.25430297851562,147.9755096435547,175.0,88.97552490234375,193.98468017578125,15.44256591796875,15,44.93067626953125,21.07414296468099,59.278778076171875
188.0,191.0,188.27879333496094,188.0,204.0,129.00001525878906,234.00917053222656,7.8431372549019605,15,44.93067626953125,22.07577565511068,59.278778076171875
223.0,213.0,223.27655029296875,224.9977569580078,164.0,163.99777221679688,269.0069274902344,37.193754242687696,15,44.93067626953125,22.425536600748696,59.278778076171875
160.0,175.0,160.27879333496094,160.0,194.0,101.00001525878906,206.00917053222656,17.525773195876287,15,53.858081054687496,26.262559509277345,59.278778076171875
54.0,54.0,54.27879333496094,59.0,51.0,-4.9977569580078125,100.00917053222656,15.686274509803921,15,44.93067626953125,24.558721415201823,59.27655029296875
198.0,220.0,198.27877807617188,202.99998474121094,184.0,139.00222778320312,244.0091552734375,10.326078663701596,15,44.93067626953125,24.293544006347656,59.27655029296875
215.0,145.0,215.4613037109375,215.18251037597656,152.0,156.18475341796875,261.1916809082031,41.567441036826686,15,43.546960449218744,22.330054219563802,59.27655029296875
106.0,159.0,106.27879333496094,106.0,114.0,42.81748962402344,152.00917053222656,7.017543859649122,15,53.858081054687496,25.94222208658854,63.4613037109375
222.0,166.0,222.2339630126953,221.95516967773438,169.0,158.7726593017578,267.96434020996094,31.334419927653478,15,53.858081054687496,26.00888875325521,63.4613037109375
100.0,88.0,100.27879333496094,97.0,112.0,36.81748962402344,146.00917053222656,13.392857142857142,15,56.85951538085937,29.243072509765625,63.4613037109375
79.0,74.0,79.2240219116211,78.94522857666016,107.0,15.762718200683594,124.95439910888672,26.219412545177423,15,56.85951538085937,28.872566731770835,63.4613037109375
20.00000762939453,34.0,20.27880096435547,20.00000762939453,10.000007629394531,-43.18250274658203,54.00000762939453,99.9999237061129,15,56.85951538085937,27.675606791178385,63.4613037109375
132.0,234.0,132.27879333496094,129.0,113.0,68.81748962402344,166.0,14.15929203539823,15,56.85951538085937,28.342273457845053,63.4613037109375
71.0,106.0,71.26182556152344,67.9830322265625,97.0,7.8005218505859375,104.9830322265625,29.91439976643041,15,56.85951538085937,27.476472473144533,63.4613037109375
111.0,79.0,111.27879333496094,108.0,133.0,47.81748962402344,145.0,18.796992481203006,15,56.85951538085937,27.500232442220053,63.4613037109375
162.0,153.0,162.26754760742188,169.98875427246094,201.0,98.80624389648438,195.98875427246094,15.428480461462222,15,56.85951538085937,26.263523864746094,63.4613037109375
102.0,132.0,102.27879333496094,110.0,134.0,38.81748962402344,141.01124572753906,17.91044776119403,15,56.85951538085937,27.062640889485678,63.4613037109375
134.0,188.0,134.27879333496094,142.0,139.0,70.81748962402344,173.01124572753906,2.158273381294964,15,56.85951538085937,28.129307556152344,63.4613037109375
86.0,93.0,86.27879333496094,94.0,52.00000762939453,22.817489624023438,125.01124572753906,80.76920424693118,15,47.43335876464843,24.4922846476237,63.4613037109375
122.0,44.0,122.27879333496094,127.0,124.0,58.81748962402344,161.01124572753906,2.4193548387096775,15,47.43335876464843,24.529456583658853,63.4613037109375
110.0,38.00000762939453,110.27879333496094,115.0,114.0,46.81748962402344,149.01124572753906,0.8771929824561403,15,47.43335876464843,24.425617472330728,63.4613037109375
177.0,194.0,177.27879333496094,182.0,177.0,113.81748962402344,216.01124572753906,2.824858757062147,15,47.43335876464843,23.72177937825521,63.4613037109375
174.0,192.0,174.27879333496094,179.0,202.0,121.04483032226562,213.01124572753906,11.386138613861387,15,36.950985717773435,19.50961201985677,53.23396301269531
233.0,136.0,233.6837615966797,238.40496826171875,201.0,180.44979858398438,272.4162139892578,18.60943694612873,15,36.950985717773435,20.842945353190103,53.23396301269531
152.0,166.0,152.27879333496094,157.0,161.0,118.00000762939453,191.01124572753906,2.484472049689441,15,33.64077606201172,19.47293192545573,38.732452392578125
70.0,98.0,70.27879333496094,75.0,70.0,36.00000762939453,109.01124572753906,7.142857142857142,15,33.64077606201172,19.27293192545573,38.732452392578125
194.0,184.0,194.2568817138672,197.97808837890625,182.0,159.97809600830078,232.9893341064453,8.779169438959478,15,33.64077606201172,17.439786275227863,38.732452392578125
212.0,198.0,212.27877807617188,215.99998474121094,230.0,177.99999237060547,251.01123046875,6.086963155995244,15,33.64077606201172,17.571658833821616,38.732452392578125
14.000007629394531,30.0,14.268966674804688,18.99017333984375,17.00000762939453,-20.00981903076172,53.00141906738281,11.706851866395898,15,33.64077606201172,17.467820739746095,38.732452392578125
186.0,183.0,186.27542114257812,189.9966278076172,175.0,151.99663543701172,225.00787353515625,8.569501604352679,15,33.64077606201172,15.934011840820313,38.732452392578125
149.0,193.0,149.27879333496094,152.00983428955078,156.0,115.00000762939453,188.01124572753906,2.557798532339243,15,33.64077606201172,15.237626139322916,38.732452392578125
203.0,187.0,203.27879333496094,206.00983428955078,212.0,169.00000762939453,235.0,2.8255498634194427,15,32.29873962402344,13.103543090820313,34.278785705566406
82.0,15.000007629394531,82.27879333496094,85.00983428955078,92.0,48.00000762939453,110.0,7.5980062070100205,15,30.698739624023435,11.57020975748698,34.278785705566406
94.0,125.0,94.98655700683594,97.71759796142578,75.0,60.70777130126953,122.707763671875,30.29013061523437,15,30.698739624023435,11.903543090820312,34.278785705566406
200.0,161.0,201.33920288085938,204.07024383544922,175.0,168.6554412841797,229.06040954589844,16.61156790597098,15,24.62734680175781,10.950727844238282,32.68376159667969
61.0,102.0,61.27879333496094,64.00983428955078,86.0,28.59503173828125,89.0,25.569960128429326,15,27.168405151367185,12.591927591959635,32.68376159667969
34.0,70.0,34.27880096435547,37.00984191894531,38.00000762939453,1.5950393676757812,62.00000762939453,2.605698714868904,15,27.168405151367185,13.991927591959636,32.68376159667969
210.0,153.0,210.2638397216797,213.98504638671875,206.0,177.580078125,237.98504638671875,3.876236110057646,15,27.168405151367185,14.221421813964843,32.68376159667969
198.0,136.0,198.2726593017578,201.00370025634766,195.0,165.58889770507812,222.99386596679688,3.0788206442808495,15,25.69200439453125,12.65759735107422,32.68376159667969
204.0,103.0,204.25059509277344,206.98163604736328,167.0,177.91139221191406,228.9718017578125,23.94109942955885,15,22.827346801757812,10.696857198079426,26.339202880859375
136.0,190.0,136.27308654785156,135.99429321289062,138.0,99.02249145507812,160.99429321289062,1.4534107152966487,15,25.69200439453125,12.598816426595052,37.25059509277344
146.0,101.0,146.27879333496094,148.00570678710938,147.0,109.0281982421875,171.0,0.6841542769451531,15,25.69200439453125,12.695357767740886,37.25059509277344
209.0,197.0,208.60755920410156,210.33447265625,193.0,171.35696411132812,233.32876586914062,8.981592049870466,15,25.69200439453125,11.926312764485678,37.25059509277344
113.0,186.0,113.27879333496094,114.0,100.0,76.0281982421875,138.0,14.000000000000002,15,25.69200439453125,11.785401916503906,37.25059509277344
150.0,227.0,150.27879333496094,147.00613403320312,159.0,113.0281982421875,175.0,7.543311928803067,15,25.69200439453125,12.488585408528646,37.25059509277344
74.0,23.0,74.27879333496094,75.0,96.0,37.0281982421875,99.0,21.875,15,25.69200439453125,12.318304443359375,37.25059509277344
143.0,111.0,143.27056884765625,143.9917755126953,114.0,106.01997375488281,167.9917755126953,26.308575011136238,15,25.69200439453125,13.318304443359375,37.25059509277344
143.0,173.0,143.27879333496094,140.00613403320312,174.0,106.0281982421875,168.0,19.536704578618895,15,28.0980224609375,14.688261922200521,37.25059509277344
237.0,168.0,237.27877807617188,234.00611877441406,209.0,200.02818298339844,267.99998474121094,11.964650131298594,15,30.140951538085936,16.08826192220052,37.25059509277344
187.0,80.0,187.2548065185547,183.98214721679688,166.0,150.00421142578125,217.97601318359375,10.832618805299322,15,30.140951538085936,16.64107666015625,37.25059509277344
229.0,264.0,229.26971435546875,225.99705505371094,206.99998474121094,192.0191192626953,259.9909210205078,9.1773293298789,15,30.140951538085936,16.302116902669272,37.25059509277344
100.0,136.0,100.55970764160156,96.29586791992188,89.0,63.309112548828125,131.28091430664062,8.1976044044066,15,30.140951538085936,16.138685099283855,37.25059509277344
37.0,78.0,37.27880096435547,25.719093322753906,57.0,0.02820587158203125,68.00000762939453,54.878783644291396,15,30.140951538085936,16.661251831054688,37.25059509277344
101.0,206.0,106.99894714355469,95.43923950195312,118.0,69.74835205078125,137.72015380859375,19.119288557666845,15,30.140951538085936,17.69174245198568,37.25059509277344
188.0,167.0,188.27879333496094,176.71908569335938,203.0,151.0281982421875,219.0,12.946263205241687,15,30.140951538085936,18.206968688964842,37.25059509277344
162.0,224.0,169.51187133789062,170.2330780029297,147.0,140.24130249023438,200.2330780029297,15.80481496797938,15,28.8738525390625,16.70500946044922,30.721206665039062
72.0,163.0,72.27879333496094,60.719085693359375,80.0,43.00822448730469,103.0,24.10114288330078,15,28.8738525390625,18.0906733194987,30.721206665039062
121.0,60.0,121.27879333496094,109.71908569335938,110.0,92.00822448730469,152.0,0.2553766424005682,15,28.8738525390625,18.557339986165363,30.721206665039062
151.0,99.0,151.26881408691406,139.99002075195312,155.0,121.99824523925781,181.99002075195312,9.68385757938508,15,28.8738525390625,18.268755594889324,30.721206665039062
197.0,210.0,197.24169921875,200.97288513183594,234.0,167.97113037109375,227.96290588378906,14.114151653061565,15,28.8738525390625,17.63224843343099,30.721206665039062
142.0,151.0,142.2571258544922,145.98831176757812,163.0,112.98655700683594,179.0154266357422,10.436618547498083,15,30.140951538085936,19.501388041178384,36.75830078125
78.0,90.0,78.27638244628906,82.007568359375,62.0,49.00581359863281,115.03468322753906,32.27027154737903,15,30.140951538085936,19.436165873209635,36.75830078125
203.0,182.0,203.27879333496094,207.00997924804688,171.0,175.00001525878906,240.03709411621094,21.05846739651864,15,29.744235229492187,18.569886779785158,36.75830078125
194.0,158.0,194.27703857421875,182.9982452392578,131.0,161.9982452392578,231.03533935546875,39.693316976532685,15,30.678787231445312,18.673725891113282,36.75830078125
87.0,40.0,87.27879333496094,76.0,85.0,24.001754760742188,124.03709411621094,10.588235294117647,15,34.966497802734374,21.00694325764974,63.27703857421875
177.0,219.0,177.27879333496094,175.0,214.0,114.00175476074219,214.03709411621094,18.22429906542056,15,34.966497802734374,19.741875712076823,63.27703857421875
172.0,167.0,172.27879333496094,176.00997924804688,193.0,109.00175476074219,209.03709411621094,8.803119560597473,15,36.743463134765626,20.70530751546224,63.27703857421875
139.0,119.0,139.2718505859375,146.99305725097656,117.0,75.99481201171875,176.0301513671875,25.635091667501335,15,36.743463134765626,21.31607411702474,63.27703857421875
194.0,208.0,194.272216796875,198.00340270996094,215.0,130.99517822265625,231.030517578125,7.9053940883902625,15,36.743463134765626,21.486117553710937,63.27703857421875
197.0,176.0,197.22885131835938,200.9600372314453,222.0,133.95181274414062,233.98715209960938,9.477460706556165,15,36.743463134765626,22.134566243489584,63.27703857421875
180.0,200.0,180.27879333496094,184.00997924804688,155.0,117.00175476074219,217.03709411621094,18.71611564390121,15,36.743463134765626,22.804562377929688,63.27703857421875
69.0,29.00000762939453,69.27879333496094,73.00997924804688,86.0,6.0017547607421875,106.03709411621094,15.10467529296875,15,36.743463134765626,22.989023844401043,63.27703857421875
166.0,87.0,166.27879333496094,170.00997924804688,144.0,103.00175476074219,203.03709411621094,18.06248558892144,15,36.743463134765626,23.58902384440104,63.27703857421875
193.0,185.0,193.26510620117188,196.9962921142578,166.0,129.98806762695312,230.02340698242188,18.67246512907097,15,36.743463134765626,24.322357177734375,63.27703857421875
178.0,161.0,178.278076171875,175.99928283691406,175.0,115.00103759765625,215.036376953125,0.5710187639508929,15,36.743463134765626,25.891285196940103,63.27703857421875
158.0,235.0,158.2637176513672,154.9856414794922,227.0,94.98667907714844,194.98492431640625,31.724387013439564,15,34.94424133300781,23.65927022298177,63.27703857421875
178.0,207.0,178.27879333496094,175.00071716308594,181.0,115.00175476074219,247.01507568359375,3.31452090437241,15,52.654705810546865,26.85883076985677,68.73628234863281
140.0,135.0,140.27879333496094,138.0,102.0,77.00175476074219,209.01507568359375,35.294117647058826,15,52.654705810546865,25.955152384440105,68.73628234863281
274.0,194.0,274.2787780761719,271.99998474121094,190.0,211.00173950195312,343.0150604248047,43.157886705900495,15,53.27774047851562,26.355152384440103,68.73628234863281
172.0,174.0,172.27879333496094,170.0,185.0,88.00001525878906,241.01507568359375,8.108108108108109,15,56.55328674316405,27.755268351236978,84.27877807617188
112.0,86.0,112.27879333496094,115.0,98.0,28.000015258789062,181.01507568359375,17.346938775510203,15,56.55328674316405,28.451429239908855,84.27877807617188
178.0,181.0,178.27879333496094,175.00071716308594,170.0,94.00001525878906,247.01507568359375,2.941598331227022,15,56.55328674316405,26.955268351236978,84.27877807617188
110.0,176.0,110.27879333496094,102.0,94.0,26.000015258789062,179.01507568359375,8.51063829787234,15,56.55328674316405,26.125774129231772,84.27877807617188
44.0,100.0,44.27880096435547,36.00000762939453,21.00000762939453,-39.999977111816406,113.01508331298828,71.42854547825932,15,56.55328674316405,25.726236979166668,84.27877807617188
129.0,18.00000762939453,129.2668914794922,114.98809814453125,162.0,44.98811340332031,198.003173828125,29.019692503375772,15,56.55328674316405,25.896304321289062,84.27877807617188
82.0,130.0,82.27879333496094,68.0,54.0,-1.9999847412109375,151.01507568359375,25.925925925925924,15,56.55328674316405,26.42710164388021,84.27877807617188
170.0,173.0,170.27879333496094,156.0,187.0,86.00001525878906,239.01507568359375,16.577540106951872,15,56.55328674316405,26.62710164388021,84.27877807617188
204.0,261.0,204.27879333496094,190.0,251.0,120.00001525878906,273.01507568359375,24.302788844621514,15,56.55328674316405,26.62710164388021,84.27877807617188
99.0,108.0,99.27879333496094,91.0,64.0,15.000015258789062,168.01507568359375,42.1875,15,59.930252075195305,28.256595865885416,84.27877807617188
175.0,150.0,175.27879333496094,167.0,160.0,91.00001525878906,244.01507568359375,4.375,15,59.930252075195305,28.79084167480469,84.27877807617188
121.0,161.0,121.27879333496094,107.0,138.0,37.00001525878906,190.01507568359375,22.463768115942027,15,59.930252075195305,29.590889485677085,84.27877807617188
146.0,118.0,146.27879333496094,132.0,180.0,62.00001525878906,193.0,26.666666666666668,15,43.34424133300781,26.1232177734375,84.27877807617188
210.0,170.0,210.26278686523438,195.98399353027344,188.0,125.9840087890625,256.98399353027344,4.246805069294381,15,43.34424133300781,28.189884440104166,84.27877807617188
134.0,197.0,134.27879333496094,120.0,173.0,50.00001525878906,181.0,30.63583815028902,15,42.144241333007805,27.122150675455728,84.27877807617188
188.0,177.0,188.27001953125,179.99122619628906,238.0,152.99122619628906,234.99122619628906,24.373434371307116,15,37.34424133300781,24.084979248046874,46.72120666503906
255.0,208.0,255.25042724609375,246.9716339111328,226.0,219.9716339111328,304.98040771484375,9.279484031474695,15,43.52120666503906,26.552230834960938,49.72998046875
143.0,214.0,143.2532501220703,134.97445678710938,183.0,107.97445678710938,192.9832305908203,26.243466236552255,15,43.52120666503906,27.55033976236979,49.72998046875
20.00000762939453,44.0,20.27619171142578,36.997398376464844,25.00000762939453,-15.002601623535156,70.00617218017578,47.98954834303334,15,43.93142395019531,29.648203531901043,49.72998046875
99.0,52.00000762939453,99.27879333496094,116.0,99.0,64.0,149.00877380371094,17.17171717171717,15,43.93142395019531,28.877871704101562,49.72998046875
139.0,195.0,139.27879333496094,156.0,160.0,104.0,189.00877380371094,2.5,15,43.93142395019531,27.34453837076823,49.72998046875
167.0,194.0,166.97218322753906,183.69338989257812,207.0,131.69338989257812,216.70216369628906,11.259231935952595,15,43.93142395019531,26.54374491373698,49.72998046875
62.0,125.0,62.27880096435547,79.00000762939453,63.0,27.00000762939453,112.00878143310547,25.396837506975444,15,44.04385070800781,27.327013142903645,49.72998046875
195.0,184.0,195.27879333496094,212.0,177.0,160.0,245.00877380371094,19.774011299435028,15,44.04385070800781,26.26034596761068,49.72998046875
156.0,152.0,156.27879333496094,161.0026092529297,136.0,121.0,206.00877380371094,18.384271509507123,15,39.91539001464844,24.364185078938803,49.72998046875
146.0,259.0,146.4247589111328,151.14857482910156,159.0,117.17433166503906,196.1547393798828,4.938003252137382,15,39.91539001464844,23.364185078938803,49.72998046875
59.00000762939453,64.0,59.27880096435547,71.85404205322266,45.00000762939453,30.02837371826172,109.00878143310547,59.675621935421084,15,39.91539001464844,23.183948262532553,49.72998046875
158.0,82.0,158.27879333496094,163.0026092529297,146.0,129.0283660888672,208.00877380371094,11.645622775979238,15,39.91539001464844,23.02112070719401,49.72998046875
215.0,201.0,215.27154541015625,215.99274444580078,200.0,186.0211181640625,265.00152587890625,7.99637222290039,15,39.91539001464844,21.5916264851888,49.72998046875
143.0,189.0,143.27879333496094,143.99999237060547,180.0,114.02836608886719,193.00877380371094,20.000004238552517,15,39.91539001464844,21.125543721516927,49.72998046875
130.0,170.0,130.6001739501953,131.32137298583984,125.0,101.34974670410156,180.3301544189453,5.057098388671875,15,39.91539001464844,20.992210388183594,49.72998046875
140.0,122.0,140.27879333496094,140.0,132.0,111.02836608886719,180.30661010742188,6.0606060606060606,15,38.53653259277343,18.050223286946615,40.02781677246094
110.0,142.0,110.27879333496094,110.0,125.0,90.0,150.30661010742188,12.0,15,38.53653259277343,16.65211435953776,40.02781677246094
42.00000762939453,97.0,42.27880096435547,42.00000762939453,34.0,22.00000762939453,82.3066177368164,23.529434204101562,15,30.321206665039057,14.983744812011718,40.02781677246094
79.0,23.0,79.27879333496094,73.67861938476562,69.0,59.0,119.30661010742188,6.780607804008152,15,30.321206665039057,15.220743815104166,40.02781677246094
200.0,172.0,200.27879333496094,192.0,116.0,180.0,240.30661010742188,65.51724137931035,15,30.321206665039057,15.887410481770834,40.02781677246094
175.0,203.0,177.91650390625,169.63770294189453,161.0,93.63771057128906,217.94432067871094,5.365032883164305,15,38.70517272949218,20.124582926432293,84.27879333496094
181.0,195.0,181.27227783203125,170.9934844970703,175.0,96.99348449707031,217.9934844970703,2.2894374302455356,15,30.144241333007805,18.583828735351563,84.27879333496094
164.0,177.0,164.27879333496094,154.0,166.0,80.0,201.0,7.228915662650602,15,30.144241333007805,18.953900655110676,84.27879333496094
245.0,182.0,245.27142333984375,236.99262237548828,186.0,160.9926300048828,281.9926300048828,27.415388373918432,15,30.144241333007805,17.85006154378255,84.27879333496094
210.0,193.0,210.25839233398438,201.9795913696289,191.0,125.97959899902344,246.97959899902344,5.748477156873773,15,50.25133666992187,20.44957021077474,84.27879333496094
207.0,187.0,207.2664794921875,196.98768615722656,177.0,122.98768615722656,243.98768615722656,11.292478054930262,15,50.25133666992187,20.895113627115887,84.27879333496094
159.0,178.0,159.41331481933594,149.134521484375,166.0,75.134521484375,196.134521484375,10.159926816641567,15,50.25133666992187,21.96095937093099,84.27879333496094
195.0,243.0,195.27879333496094,186.99999237060547,174.0,111.0,232.0,7.471259983106592,15,50.25133666992187,21.581485493977866,84.27879333496094
79.0,96.0,79.27879333496094,70.99999237060547,64.0,-5.0,116.0,10.937488079071045,15,50.25133666992187,21.981968688964844,84.27879333496094
80.0,191.0,80.27879333496094,70.0,97.0,-4.0,95.0,27.835051546391753,15,47.66944580078124,20.552474466959634,84.27879333496094
143.0,78.0,143.27879333496094,133.0,142.0,59.0,160.0,6.338028169014084,15,47.66944580078124,21.29387664794922,84.27879333496094
172.0,122.0,172.25479125976562,161.9759979248047,158.0,87.97599792480469,188.9759979248047,2.5164543827877766,15,47.66944580078124,20.827209981282554,84.27879333496094
35.00000762939453,61.0,35.70600891113281,21.451217651367188,70.0,-48.572784423828125,52.427215576171875,69.35540335518974,15,47.66944580078124,20.79611562093099,84.27879333496094
136.0,139.0,138.45263671875,124.19784545898438,145.0,54.17384338378906,172.7466278076172,14.3463134765625,15,49.28045043945312,22.53046162923177,84.27879333496094
153.0,160.0,153.27879333496094,139.0240020751953,176.0,69.0,187.57278442382812,21.009089730002664,15,49.28045043945312,22.28169962565104,84.27879333496094
149.0,222.0,149.27879333496094,143.0065155029297,167.0,90.00736999511719,183.57278442382812,14.367355986269647,15,32.68298645019531,18.177860514322916,59.27142333984375
155.0,128.0,155.25453186035156,153.97573852539062,136.0,95.98310852050781,189.54852294921875,13.217454798081341,15,32.68298645019531,18.231507364908854,59.27142333984375
71.0,19.0,71.27880096435547,70.00000762939453,88.0,12.007377624511719,105.57279205322266,20.45453678477894,15,32.68298645019531,19.096990966796874,59.27142333984375
120.0,152.0,124.42298889160156,123.14419555664062,122.0,65.15156555175781,158.71697998046875,0.937865210361168,15,32.68298645019531,20.096990458170573,59.27142333984375
204.0,144.0,204.27879333496094,203.0,219.0,174.01231384277344,238.57278442382812,7.30593607305936,15,27.24837036132812,16.30709482828776,34.29399108886719
175.0,206.0,175.27879333496094,181.82615661621094,195.0,145.01231384277344,209.57278442382812,6.755817119891827,15,27.24837036132812,16.004615783691406,34.29399108886719
98.0,71.0,98.25947570800781,104.84616088867188,110.0,76.98068237304688,132.553466796875,4.685308283025568,15,22.144241333007812,15.301597595214844,34.29399108886719
97.0,125.0,97.27879333496094,109.01931762695312,76.0,76.0,131.57278442382812,43.44647056178042,15,22.144241333007812,15.645186869303386,34.29399108886719
110.0,60.0,110.27879333496094,122.01931762695312,162.0,89.0,144.57278442382812,24.679433563609184,15,22.144241333007812,15.645186869303386,34.29399108886719
107.0,138.0,111.23411560058594,125.955322265625,120.0,89.955322265625,162.955322265625,4.9627685546875,15,29.664877319335933,18.074681091308594,51.72120666503906
162.0,200.0,162.27879333496094,174.01931762695312,144.0,141.0,214.0,20.84674835205078,15,29.664877319335933,17.54432627360026,51.72120666503906
158.0,194.0,158.27879333496094,170.01931762695312,170.0,137.0,210.0,0.011363309972426471,15,29.664877319335933,18.677659606933595,51.72120666503906
161.0,244.0,161.27879333496094,173.01931762695312,203.0,140.0,213.0,14.768809050762007,15,29.664877319335933,18.508753967285156,51.72120666503906
214.0,181.0,214.27879333496094,226.01931762695312,224.0,193.0,266.0,0.9014810834612166,15,34.121206665039054,19.00390167236328,51.72120666503906
177.0,178.0,177.27879333496094,189.01931762695312,219.0,156.0,229.0,13.68980930276113,15,34.121206665039054,19.215491231282552,51.72120666503906
258.0,197.0,258.2787780761719,270.01930236816406,204.0,236.99998474121094,309.99998474121094,32.36240312164905,15,41.72120666503906,20.482157897949218,51.72120666503906
27.0,32.00000762939453,27.27880096435547,39.00000762939453,30.0,-26.999977111816406,79.00000762939453,30.000025431315102,15,47.72120666503906,22.919329325358074,54.278778076171875
191.0,192.0,191.27879333496094,203.0,150.0,137.00001525878906,243.0,35.333333333333336,15,47.72120666503906,21.81710713704427,54.278778076171875
18.00000762939453,46.00000762939453,18.27880096435547,28.00000762939453,27.0,-35.999977111816406,70.00000762939453,3.703731960720486,15,47.72120666503906,23.45428009033203,54.278778076171875
177.0,181.0,177.27879333496094,187.0,159.0,123.00001525878906,229.0,17.61006289308176,15,47.72120666503906,23.874160766601562,54.278778076171875
30.0,51.0,30.27880096435547,39.04468536376953,33.0,-23.999977111816406,82.00000762939453,18.317228375059187,15,47.72120666503906,24.11133321126302,54.278778076171875
54.0,62.0,54.27879333496094,62.99999237060547,38.00000762939453,1.52587890625e-05,106.0,65.78942032072763,15,47.72120666503906,22.977999369303387,54.278778076171875
16.0,35.00000762939453,16.27880096435547,19.0,24.00000762939453,-37.999977111816406,68.00000762939453,20.833358499730906,15,47.72120666503906,23.280550130208333,54.278778076171875
191.0,147.0,191.40145874023438,199.12266540527344,171.0,137.1226806640625,243.12266540527344,16.446003160978616,15,47.72120666503906,22.376711018880208,54.278778076171875
174.0,184.0,174.26405334472656,176.9852523803711,180.0,119.98527526855469,215.98526000976562,1.674859788682726,15,41.72120666503906,20.28872782389323,54.278778076171875
141.0,117.0,141.26934814453125,143.99054718017578,146.0,86.99057006835938,182.9905548095703,1.3763375478248074,15,41.72120666503906,20.086731974283854,54.278778076171875
109.0,169.0,109.26747131347656,113.99812316894531,117.0,54.98869323730469,150.98867797851562,2.5657066932091346,15,41.72120666503906,19.183522542317707,54.278778076171875
125.0,202.0,125.27879333496094,130.0094451904297,101.0,71.00001525878906,167.0,28.722222960821476,15,41.72120666503906,18.917610677083335,54.278778076171875
218.0,147.0,218.2645721435547,220.98577117919922,260.0,163.9857940673828,259.98577880859375,15.005472623384916,15,41.54424133300781,17.75478312174479,54.278778076171875
186.0,225.0,186.27879333496094,188.99999237060547,173.0,132.00001525878906,228.01422119140625,9.248550503240155,15,41.729739379882815,19.88906453450521,54.278778076171875
219.0,205.0,219.25205993652344,221.97325897216797,199.99998474121094,164.97328186035156,260.98748779296875,10.98663795369247,15,41.552774047851564,17.992903645833334,54.278778076171875
175.0,133.0,175.27879333496094,177.99999237060547,187.0,134.0,217.01422119140625,4.812838304489054,15,34.47879333496093,15.657790120442709,41.73542785644531
168.0,167.0,168.27879333496094,170.99999237060547,176.0,127.0,210.01422119140625,2.840913425792347,15,34.47879333496093,16.25779062906901,41.73542785644531
130.0,107.0,130.27879333496094,135.0094451904297,131.0,106.0,172.01422119140625,3.0606451835341124,15,22.727859497070312,14.020618184407551,41.73542785644531
43.0,60.0,43.27879333496094,45.99999237060547,70.0,19.0,85.01422119140625,34.28572518484933,15,22.727859497070312,13.48728535970052,41.73542785644531
191.0,175.0,191.27200317382812,196.00265502929688,170.0,166.9932098388672,233.00743103027344,15.295679428998163,15,25.74424133300781,14.050112915039062,41.73542785644531
170.0,148.0,170.27879333496094,175.0094451904297,181.0,146.0,212.01422119140625,3.309698789817852,15,25.74424133300781,15.286833190917969,41.73542785644531
209.0,244.0,209.27500915527344,215.01095581054688,132.0,184.9962158203125,251.01043701171875,62.88708773526278,15,25.74424133300781,14.91632792154948,41.73542785644531
139.0,78.0,139.27879333496094,144.0094451904297,158.0,62.0037841796875,181.01422119140625,8.854781525044501,15,35.72973937988281,19.553248087565105,77.27500915527344
38.00000762939453,77.0,38.27880096435547,44.014747619628906,37.0,-38.99620819091797,80.01422882080078,18.958777350348395,15,35.72973937988281,19.441231282552085,77.27500915527344
30.0,33.0,30.27880096435547,35.00945281982422,28.00000762939453,-46.99620819091797,72.01422882080078,25.03372600181416,15,35.72973937988281,19.144088236490884,77.27500915527344
210.0,240.0,210.27879333496094,211.0,218.0,133.0037841796875,252.01422119140625,3.211009174311927,15,35.72973937988281,18.980631001790364,77.27500915527344
195.0,185.0,195.27879333496094,196.0,181.0,118.0037841796875,237.01422119140625,8.287292817679557,15,35.72973937988281,18.979876200358074,77.27500915527344
161.0,191.0,165.927490234375,166.64869689941406,181.0,88.65248107910156,207.6629180908203,7.928896740655214,15,35.72973937988281,18.313209533691406,77.27500915527344
190.0,264.0,190.27879333496094,191.0,209.0,113.0037841796875,217.0,8.61244019138756,15,24.541525268554686,16.535681660970052,77.27500915527344
100.0,150.0,100.27879333496094,108.0,108.0,23.0037841796875,127.0,0.0,15,24.541525268554686,16.898509216308593,77.27500915527344
16.0,38.00000762939453,16.27880096435547,24.00000762939453,28.0,-60.99620819091797,43.00000762939453,14.285687037876674,15,24.541525268554686,16.129784647623698,77.27500915527344
205.0,203.0,205.26336669921875,212.9845733642578,213.0,127.98835754394531,231.9845733642578,0.007242551991637324,15,24.541525268554686,16.129784138997397,77.27500915527344
227.0,210.0,227.27877807617188,234.99998474121094,234.0,150.00376892089844,253.99998474121094,0.4273439065004006,15,24.541525268554686,16.13081258138021,77.27500915527344
72.0,77.0,72.27879333496094,80.0,86.0,-4.9962158203125,99.0,6.976744186046512,15,24.541525268554686,16.53081359863281,77.27500915527344
187.0,193.0,188.0967559814453,195.81796264648438,219.0,110.82174682617188,206.81796264648438,10.58540518425371,15,20.2516845703125,15.664146931966146,77.27500915527344
47.0,64.0,47.27879333496094,55.01542663574219,26.0,-29.9962158203125,78.18203735351562,111.59779475285457,15,26.030429077148433,16.306229654947916,77.27500915527344
50.0,59.00000762939453,50.27879333496094,58.0,66.0,-26.9962158203125,81.18203735351562,12.121212121212121,15,27.053463745117185,17.010068766276042,77.27500915527344
198.0,230.0,198.25860595703125,205.9952392578125,206.99998474121094,176.9798126220703,229.16184997558594,0.48538432727642905,15,20.255758666992186,12.90648193359375,30.903244018554688
142.0,126.0,142.27879333496094,150.0154266357422,169.0,121.0,173.18203735351562,11.23347536346616,15,20.255758666992186,12.241160074869791,30.903244018554688
181.0,169.0,181.27879333496094,190.02017211914062,174.0,160.0,212.18203735351562,9.206995470770474,15,24.54424133300781,13.937320454915364,30.903244018554688
71.0,52.00000762939453,71.27880096435547,80.02017974853516,87.0,50.00000762939453,102.18204498291016,8.022781898235452,15,24.54424133300781,14.270653788248698,30.903244018554688
136.0,138.0,136.27879333496094,147.99999237060547,133.0,115.0,167.18203735351562,11.278189752334939,15,24.54424133300781,14.803986612955729,30.903244018554688
214.0,220.0,214.26109313964844,225.98229217529297,187.0,192.9822998046875,245.16433715820312,20.846145548285012,15,24.54424133300781,14.070653279622396,30.903244018554688
20.00000762939453,43.0,20.27880096435547,29.020179748535156,19.0,-6.982292175292969,51.182044982910156,52.737788150185025,15,27.045138549804687,14.883225504557291,30.903244018554688
220.0,238.0,220.24948120117188,227.98611450195312,191.0,192.98838806152344,251.15272521972656,19.36445785442572,15,27.045138549804687,13.720398457845052,30.903244018554688
143.0,242.0,143.27294921875,151.00958251953125,192.0,114.02346801757812,174.1761932373047,21.349175771077476,15,28.454125976562498,15.155616760253906,30.903244018554688
197.0,156.0,197.37025451660156,205.1068878173828,133.0,168.1207733154297,246.09730529785156,54.21570512585174,15,30.24173889160156,17.622673543294272,48.72705078125
187.0,178.0,188.5519561767578,195.27317810058594,198.0,124.18170166015625,237.2790069580078,1.3771827774818497,15,41.59752807617187,21.398248291015626,64.37025451660156
88.0,35.00000762939453,88.27879333496094,97.02017211914062,78.0,23.908538818359375,137.00584411621094,24.38483605018029,15,41.59752807617187,21.580036417643228,64.37025451660156
208.0,170.0,208.27879333496094,206.99999237060547,180.0,143.90853881835938,257.00584411621094,14.999995761447483,15,41.59752807617187,21.35054219563802,64.37025451660156
226.0,164.0,226.27877807617188,222.99998474121094,218.0,161.9085235595703,252.99998474121094,2.2935709822068517,15,40.936022949218746,21.175578816731772,64.37025451660156
167.0,168.0,167.05335998535156,163.77456665039062,142.0,102.68310546875,215.78041076660156,15.334201866472272,15,40.936022949218746,20.3089111328125,64.37025451660156
107.0,111.0,107.25630187988281,99.97750854492188,143.0,42.88604736328125,155.9833526611328,30.085658360194493,15,40.936022949218746,20.9310546875,64.37025451660156
201.0,160.0,201.71685791015625,194.4380645751953,184.0,137.3466033935547,250.44390869140625,5.672861182171365,15,43.53370971679687,22.731209309895835,64.37025451660156
38.00000762939453,76.0,38.234344482421875,29.95556640625,48.0,-26.135910034179688,86.96139526367188,37.59256998697917,15,43.53370971679687,22.130919392903646,64.37025451660156
195.0,149.0,195.27651977539062,186.99774169921875,228.0,130.90626525878906,244.00357055664062,17.98344662314967,15,43.53370971679687,22.296710205078124,64.37025451660156
215.0,178.0,215.27879333496094,207.00001525878906,171.0,150.90853881835938,264.00584411621094,21.052640502215823,15,43.53370971679687,23.430195617675782,64.37025451660156
38.00000762939453,88.0,38.25364685058594,27.974853515625,32.00000762939453,-6.025146484375,86.98069763183594,12.578603606556987,15,46.947747802734376,26.163528951009116,64.37025451660156
159.0,190.0,159.2610626220703,150.98228454589844,175.0,94.89080810546875,207.9881134033203,13.724408830915177,15,46.947747802734376,24.76303202311198,64.37025451660156
197.0,260.0,198.3507537841797,190.0719757080078,187.0,133.98049926757812,247.0778045654297,1.6427677582929476,15,46.947747802734376,25.72704111735026,64.37025451660156
10.000007629394531,36.0,10.278800964355469,2.0000228881835938,20.00000762939453,-54.091453552246094,59.00585174560547,89.99988937382149,15,46.947747802734376,24.533792622884114,64.37025451660156
188.0,187.0,188.27879333496094,180.00001525878906,170.0,123.90853881835938,224.02249145507812,5.882361916934743,15,40.86475524902343,21.93340301513672,64.37025451660156
210.0,173.0,210.27879333496094,201.00000762939453,210.0,166.0,246.02249145507812,4.2857106526692705,15,34.53561096191406,18.860638936360676,44.27879333496094
212.0,173.0,212.27877807617188,204.0,197.0,167.99998474121094,248.02247619628906,3.5532994923857872,15,34.53561096191406,18.24935557047526,44.27879333496094
41.0,71.0,41.27880096435547,33.000022888183594,47.0,-2.9999923706054688,77.02249908447266,29.787185344290222,15,34.53561096191406,18.58268788655599,44.27879333496094
156.0,111.0,156.27879333496094,150.02515411376953,184.0,112.0,192.02249145507812,18.46459015556004,15,34.53561096191406,17.07884826660156,44.27879333496094
21.00000762939453,89.0,21.27880096435547,21.00000762939453,33.00000762939453,-22.99999237060547,57.022499084472656,36.36362795659199,15,34.53561096191406,18.375010172526043,44.27879333496094
78.0,38.00000762939453,78.27879333496094,83.99999237060547,82.0,34.0,114.02249145507812,2.4390150861042303,15,34.53561096191406,17.486199951171876,44.27879333496094
80.0,121.0,80.27879333496094,84.0,126.0,36.0,113.00227355957031,33.33333333333333,15,30.72257080078125,15.3513671875,44.27879333496094
258.0,208.0,258.2636413574219,263.9848403930664,198.0,213.98484802246094,303.98484802246094,33.325676966195154,15,39.65666809082031,17.218323771158854,45.72120666503906
175.0,198.0,175.27879333496094,179.0,187.0,115.01515197753906,221.0,4.27807486631016,15,45.14424133300781,20.58485616048177,60.263641357421875
164.0,170.0,164.27879333496094,168.0,204.0,104.01515197753906,210.0,17.647058823529413,15,45.14424133300781,19.18470458984375,60.263641357421875
187.0,154.0,187.27879333496094,192.99999237060547,223.0,127.01515197753906,233.0,13.45291821945943,15,43.32120666503906,18.880865478515624,60.263641357421875
177.0,245.0,177.27879333496094,187.0,170.0,117.01515197753906,223.0,10.0,15,43.32120666503906,20.845369974772137,60.263641357421875
22.00000762939453,61.0,22.27880096435547,28.0,27.000015258789062,-37.984840393066406,68.00000762939453,3.703645096590906,15,43.32120666503906,20.281360371907553,60.263641357421875
155.0,222.0,157.19761657714844,162.91881561279297,176.0,96.93397521972656,202.9188232421875,7.432491129094903,15,43.32120666503906,19.839391072591145,60.263641357421875
219.0,175.0,219.27877807617188,224.9999771118164,192.0,159.01513671875,264.99998474121094,17.187488079071045,15,43.32120666503906,20.444802856445314,60.263641357421875
233.0,213.0,233.26722717285156,238.9884262084961,175.0,173.0035858154297,278.9884338378906,36.564814976283486,15,43.32120666503906,21.044801839192708,60.263641357421875
164.0,180.0,163.34576416015625,169.06696319580078,190.0,103.08212280273438,209.0669708251953,11.0173877916838,15,53.24881896972656,24.910697428385415,60.263641357421875
78.0,83.0,78.20562744140625,89.92683410644531,101.0,17.941986083984375,123.92683410644531,10.963530587677909,15,53.24881896972656,25.669061279296876,60.263641357421875
146.0,167.0,146.26593017578125,157.9871368408203,178.0,86.00228881835938,191.9871368408203,11.243181550100948,15,53.24881896972656,26.80727284749349,60.263641357421875
75.0,87.0,75.27879333496094,87.0,61.0,15.015151977539062,121.0,42.62295081967213,15,53.24881896972656,27.074797058105467,60.263641357421875
127.0,103.0,127.27879333496094,139.0,160.0,67.01515197753906,173.0,13.125,15,53.24881896972656,27.24530283610026,60.263641357421875
192.0,184.0,192.27877807617188,211.08116149902344,219.0,132.01513671875,237.99998474121094,3.615907991313499,15,53.24881896972656,29.178636169433595,60.263641357421875
180.0,190.0,180.27879333496094,199.0811767578125,196.0,120.01515197753906,220.0,1.572028958067602,15,50.84881896972656,27.91197052001953,60.263641357421875
197.0,190.0,197.27879333496094,216.0811767578125,248.0,139.01156616210938,237.0,12.87049324281754,15,38.12120666503906,24.94247487386068,58.26722717285156
175.0,135.0,175.27879333496094,198.0731658935547,176.0,117.01156616210938,226.0,12.541571530428799,15,46.32120666503906,27.542474873860677,58.26722717285156
211.0,197.0,211.27879333496094,230.0811767578125,208.0,153.01156616210938,262.0,10.615950364332932,15,44.721206665039055,24.94247487386068,58.26722717285156
28.00000762939453,104.0,28.261703491210938,43.98291015625,41.0,-30.005523681640625,78.98291015625,7.275390625,15,43.52120666503906,22.779647318522134,58.26722717285156
182.0,160.0,182.26397705078125,197.9851837158203,156.0,123.99674987792969,232.9851837158203,26.91357930501302,15,43.52120666503906,23.143614196777342,58.26722717285156
153.0,140.0,153.27879333496094,169.0,140.0,95.01156616210938,204.0,20.714285714285715,15,43.52120666503906,24.579798380533855,58.26722717285156
150.0,177.0,150.27879333496094,163.01708984375,134.0,92.01156616210938,201.0,21.654544659514926,15,43.52120666503906,24.211559041341147,58.26722717285156
139.0,76.0,139.74371337890625,152.4820098876953,114.0,81.47648620605469,190.4649200439453,33.75614902429413,15,43.52120666503906,23.478226725260416,58.26722717285156
96.0,46.00000762939453,96.27879333496094,109.01708984375,118.0,70.01481628417969,147.0,7.6126357256355925,15,32.326351928710935,21.30999247233073,50.72120666503906
26.0,82.0,26.278793334960938,39.01708984375,38.00000762939453,0.0148162841796875,77.0,2.676531605663981,15,32.326351928710935,20.981123860677084,50.72120666503906
71.0,113.0,71.25489807128906,82.97611236572266,44.0,44.99092102050781,121.97610473632812,88.58207355846058,15,32.326351928710935,20.242913309733073,50.72120666503906
45.00000762939453,74.0,45.27880096435547,46.00000762939453,35.00000762939453,18.023902893066406,96.00000762939453,31.428564577688036,15,30.534683227539062,19.94430185953776,50.72120666503906
229.0,147.0,229.27877807617188,229.99998474121094,218.0,202.0238800048828,279.99998474121094,5.504580156518778,15,30.534683227539062,19.677635192871094,50.72120666503906
118.0,205.0,118.27879333496094,115.0,138.0,91.02389526367188,169.0,16.666666666666664,15,27.041427612304688,18.248139953613283,50.72120666503906
116.0,149.0,116.27879333496094,113.0,134.0,89.02389526367188,167.0,15.671641791044777,15,26.85852966308594,17.78147226969401,50.72120666503906
260.0,193.0,259.6953430175781,256.4165496826172,215.0,232.44044494628906,310.4165496826172,19.26351148028706,15,26.85852966308594,17.914805603027343,50.72120666503906
133.0,166.0,133.27879333496094,123.0,107.0,88.58345031738281,155.0,14.953271028037381,15,26.85852966308594,17.513081359863282,44.695343017578125
112.0,142.0,112.27879333496094,101.00001525878906,107.0,67.58345031738281,134.0,5.607462374963493,15,26.864456176757812,19.216920471191408,44.695343017578125
182.0,143.0,182.25845336914062,170.97967529296875,204.0,137.5631103515625,203.9796600341797,16.18643367991728,15,26.864456176757812,19.35025380452474,44.695343017578125
209.0,232.0,209.26785278320312,197.98907470703125,207.0,164.572509765625,231.0093994140625,4.353104006265097,15,26.864456176757812,19.95047047932943,44.695343017578125
177.0,215.0,177.27879333496094,167.0,160.0,132.5834503173828,199.0203399658203,4.375,15,26.864456176757812,18.350728861490886,44.695343017578125
50.0,66.0,50.27879333496094,40.0,61.0,5.5834503173828125,72.02033996582031,34.42622950819672,15,26.864456176757812,18.61739552815755,44.695343017578125
38.00000762939453,71.0,38.27880096435547,33.00000762939453,44.0,-6.416542053222656,60.020347595214844,24.999982660466973,15,26.864456176757812,18.24688975016276,44.695343017578125
164.0,159.0,167.53456115722656,165.26670837402344,224.0,122.83921813964844,189.27610778808594,26.220219475882395,15,26.864456176757812,16.912055460611978,44.695343017578125
244.0,204.0,244.24887084960938,241.98101806640625,170.0,199.55352783203125,300.7143096923828,42.341775333180145,15,37.719165039062496,19.22833760579427,56.46543884277344
167.0,224.0,167.47052001953125,162.1917266845703,195.0,93.22164916992188,223.9359588623047,16.8247555463742,15,51.757400512695305,23.39684804280599,74.24887084960938
145.0,215.0,145.27879333496094,143.0109405517578,149.0,71.02992248535156,201.74423217773438,4.019502985397441,15,51.757400512695305,23.41515350341797,74.24887084960938
63.0,153.0,63.2787971496582,67.00000381469727,83.0,-10.970073699951172,119.74423599243164,19.277103837714137,15,51.757400512695305,22.97798105875651,74.24887084960938
154.0,181.0,154.47035217285156,160.1915512084961,153.0,80.22148132324219,210.935791015625,4.700360266990911,15,51.757400512695305,23.540809377034506,74.24887084960938
257.0,216.0,257.2787780761719,260.99998474121094,219.99998474121094,183.0299072265625,313.7442169189453,18.636364928947096,15,51.757400512695305,22.324085744222007,74.24887084960938
236.0,237.0,236.2704315185547,234.80007934570312,177.0,162.0215606689453,292.7358703613281,32.65541205971928,15,51.757400512695305,23.62792485555013,74.24887084960938
163.0,154.0,163.2772979736328,161.80694580078125,164.0,89.02842712402344,219.74273681640625,1.3372281702553355,15,58.148434448242185,24.5995974222819,74.24887084960938
242.0,152.0,242.27664184570312,242.9993438720703,210.0,168.02777099609375,298.74208068847656,15.713973272414433,15,58.148434448242185,22.895858001708984,74.24887084960938
184.0,174.0,184.27879333496094,185.00149536132812,167.0,110.02992248535156,240.74423217773438,10.77933853971744,15,58.148434448242185,24.6957145690918,74.24887084960938
187.0,223.0,187.27627563476562,185.80592346191406,202.0,113.02740478515625,243.74171447753906,8.01686957330987,15,58.148434448242185,24.39819768269857,74.24887084960938
159.0,201.0,159.27879333496094,160.00149536132812,203.0,85.02992248535156,215.74423217773438,21.181529378656098,15,58.148434448242185,25.22858912150065,74.24887084960938
184.0,151.0,184.27879333496094,188.0,161.0,110.02992248535156,240.74423217773438,16.77018633540373,15,58.148434448242185,26.991416676839194,74.24887084960938
195.0,105.0,195.24716186523438,195.96986389160156,162.0,120.998291015625,251.7126007080078,20.969051784939236,15,58.148434448242185,27.828589121500652,74.24887084960938
136.0,105.0,136.27879333496094,134.80844116210938,202.0,62.02992248535156,192.74423217773438,33.26314793954982,15,58.148434448242185,29.663653310139974,74.24887084960938
144.0,112.0,144.23716735839844,142.76681518554688,155.0,69.98829650878906,209.9583740234375,7.892377299647177,15,63.14089660644531,30.280704498291016,74.24887084960938
233.0,158.0,233.27877807617188,234.00148010253906,190.0,174.0083465576172,298.99998474121094,23.158673738178454,15,53.05074157714843,26.048301951090494,65.72120666503906
214.0,175.0,214.27879333496094,212.80844116210938,214.0,155.00836181640625,280.0,0.556803195275993,15,53.05074157714843,27.098255157470703,65.72120666503906
192.0,213.0,192.27670288085938,190.8063507080078,220.0,133.0062713623047,257.99790954589844,13.269840587269178,15,53.05074157714843,26.868760935465495,65.72120666503906
146.0,114.0,146.27879333496094,144.80844116210938,91.0,87.00836181640625,212.0,59.13015512319711,15,53.05074157714843,27.40223388671875,65.72120666503906
139.0,81.0,139.26608276367188,121.98728942871094,139.0,79.99565124511719,204.98728942871094,12.239360123229542,15,57.67377624511719,30.98946329752604,65.72120666503906
163.0,176.0,163.25076293945312,162.9719696044922,150.0,103.98033142089844,228.9719696044922,8.647979736328125,15,57.67377624511719,28.521949259440103,65.72120666503906
160.0,146.0,160.2511749267578,159.97238159179688,169.0,104.97238159179688,225.97238159179688,5.341786040356879,15,50.655758666992185,25.453971354166665,65.72120666503906
211.0,192.0,211.27879333496094,211.0,201.0,156.0,277.0,4.975124378109453,15,50.655758666992185,25.989046223958333,65.72120666503906
19.0,62.0,19.278793334960938,19.0,20.00000762939453,-36.0,85.0,5.000036239610199,15,50.655758666992185,24.522522989908854,65.72120666503906
198.0,138.0,198.25318908691406,197.9871063232422,225.0,142.97439575195312,263.9743957519531,12.005730523003471,15,50.655758666992185,23.41868438720703,65.72120666503906
58.0,63.0,58.26146697998047,57.995384216308594,49.00000762939453,2.9826736450195312,123.98267364501953,18.357908543503658,15,50.655758666992185,24.220223490397135,65.72120666503906
142.0,47.0,142.27879333496094,142.0,111.0,87.0,208.0,27.927927927927925,15,50.47878723144531,21.922907002766927,65.72120666503906
153.0,175.0,153.27879333496094,153.0,187.0,98.0,219.0,18.181818181818183,15,50.47878723144531,22.45624033610026,65.72120666503906
14.000007629394531,35.00000762939453,14.270172119140625,14.00408935546875,10.000007629394531,-41.00862121582031,79.99137878417969,40.04078671204627,15,50.47878723144531,22.487843322753907,65.72120666503906
176.0,213.0,176.2781524658203,175.99935913085938,176.0,120.99935913085938,209.99935913085938,0.0003641301935369318,15,39.45574951171875,18.391107177734376,55.27879333496094
37.0,52.00000762939453,37.272422790527344,36.993629455566406,54.0,-18.006370544433594,70.9936294555664,31.49327878598814,15,39.45574951171875,17.692128499348957,55.27879333496094
125.0,181.0,127.8779525756836,127.59980010986328,142.0,72.59915924072266,161.59915924072266,10.14098583812445,15,32.744241333007814,15.922048441569011,55.27879333496094
59.00000762939453,116.0,59.27880096435547,59.012718200683594,67.0,4.000007629394531,93.00000762939453,11.921316118382697,15,32.744241333007814,16.84493204752604,55.27879333496094
84.0,38.00000762939453,84.25969696044922,83.99361419677734,94.0,28.98090362548828,117.98090362548828,10.645091280024102,15,32.744241333007814,15.511458841959636,55.27879333496094
186.0,203.0,186.27017211914062,186.99138641357422,185.0,154.9913787841797,219.9913787841797,1.0764250884184967,15,29.466000366210935,12.475559488932292,33.72120666503906
161.0,112.0,161.2784423828125,161.9996566772461,172.0,129.99964904785156,194.99964904785156,5.8141530946243645,15,29.466000366210935,12.542498779296874,33.72120666503906
206.0,166.0,206.27877807617188,213.9999771118164,205.0,174.99998474121094,239.99998474121094,4.390232737471417,15,29.466000366210935,12.373885091145834,33.72120666503906
43.0,69.0,43.817352294921875,44.53856658935547,25.0,12.538558959960938,77.53855895996094,78.15426635742188,15,29.466000366210935,11.875881958007813,33.72120666503906
201.0,178.0,201.27879333496094,202.00000762939453,161.0,170.0,235.0,25.465843248071135,15,29.466000366210935,12.445119222005209,33.72120666503906
21.00000762939453,38.00000762939453,21.277565002441406,20.999412536621094,18.00000762939453,-19.00122833251953,54.99877166748047,16.66335353285322,15,32.744241333007814,15.082291158040364,40.27879333496094
47.0,59.00000762939453,47.26568603515625,45.995513916015625,41.0,6.9868927001953125,80.98689270019531,12.184180282964938,15,32.744241333007814,13.517674255371094,40.27879333496094
97.0,129.0,97.27879333496094,96.00862121582031,101.0,57.0,131.0,4.941959192257117,15,32.744241333007814,13.317956034342448,40.27879333496094
75.0,126.0,75.27879333496094,75.00064086914062,62.0,35.0,109.0,20.968775595388106,15,27.759664916992183,11.480783589680989,40.27879333496094
110.0,121.0,110.27879333496094,109.00862121582031,118.0,70.0,127.0063705444336,7.619812528965837,15,17.981442260742188,10.117956034342448,40.27879333496094
132.0,124.0,132.27879333496094,132.00064086914062,151.0,92.0,149.0063705444336,12.58235704030422,15,17.981442260742188,10.348025512695312,40.27879333496094
136.0,162.0,136.27879333496094,140.0,160.0,96.0,155.0,12.5,15,18.77889404296875,11.577562459309895,40.27879333496094
39.00000762939453,72.0,39.27880096435547,43.00000762939453,34.0,-0.9999923706054688,63.00000762939453,26.470610674689798,15,21.759664916992186,12.043804423014324,40.27879333496094
90.0,110.0,90.21923828125,88.94906616210938,75.0,49.94044494628906,113.94044494628906,18.5987548828125,15,21.759664916992186,11.454254659016927,40.27879333496094
77.0,91.0,77.27879333496094,76.00001525878906,67.0,37.0,101.0,13.432858595207556,15,21.759664916992186,11.954123942057292,40.27879333496094
214.0,101.0,214.27879333496094,211.00123596191406,215.0,174.0,238.0,1.859890250272529,15,21.759664916992186,11.990023295084635,40.27879333496094
150.0,186.0,150.2696533203125,146.99209594726562,151.0,109.99085998535156,173.99085998535156,2.654241094526076,15,21.759664916992186,11.95342559814453,40.27879333496094
94.0,35.00000762939453,94.27423858642578,90.9966812133789,74.0,53.995445251464844,117.99544525146484,22.96848812618771,15,21.759664916992186,11.287344868977865,40.27879333496094
102.0,134.0,102.27879333496094,96.99999237060547,79.0,62.0,126.0,22.784800469120846,15,22.342419433593747,12.553708902994792,40.27879333496094
250.0,158.0,250.27877807617188,244.9999771118164,212.0,209.99998474121094,273.99998474121094,15.56602693953604,15,23.54424133300781,12.851138305664062,40.27879333496094
174.0,211.0,174.2516632080078,168.97286224365234,175.0,135.97288513183594,197.97286987304688,3.444078717912946,15,23.54424133300781,12.717803955078125,38.278778076171875
167.0,159.0,167.27879333496094,161.99999237060547,188.0,129.00001525878906,191.0,13.829791292231134,15,23.54424133300781,12.549189249674479,38.278778076171875
224.0,211.0,224.74024963378906,225.46145629882812,215.0,186.4614715576172,248.46145629882812,4.865793627361919,15,23.54424133300781,13.512890625,38.278778076171875
98.0,132.0,98.27550506591797,92.9967041015625,70.0,59.996726989746094,121.99671173095703,32.85243443080358,15,23.54424133300781,13.91416015625,38.278778076171875
163.0,161.0,163.27879333496094,157.99999237060547,143.0,125.00001525878906,187.0,10.489505154269558,15,26.453785705566403,14.913940938313802,38.278778076171875
56.00000762939453,68.0,56.26560974121094,46.525360107421875,50.00000762939453,17.986831665039062,79.98681640625,6.949293983567202,15,26.453785705566403,15.75111338297526,38.278778076171875
209.0,214.0,209.27877807617188,199.5385284423828,241.99998474121094,171.0,232.99998474121094,17.546057428158683,15,26.453785705566403,14.92073974609375,38.278778076171875
133.0,69.0,133.27879333496094,123.53854370117188,140.0,105.00328826904297,166.0,11.758183070591517,15,30.942926025390623,15.52073974609375,38.278778076171875
185.0,181.0,185.2681121826172,175.52786254882812,181.0,146.9893341064453,217.98931884765625,3.023280359763467,15,30.942926025390623,15.616900126139322,38.278778076171875
180.0,128.0,180.27879333496094,174.01319122314453,187.0,142.00001525878906,213.0,6.944817527730198,15,30.942926025390623,14.886825052897136,38.278778076171875
220.0,243.0,220.25552368164062,215.98741149902344,243.0,181.97674560546875,252.9767303466797,11.116291564187886,15,30.942926025390623,14.649652608235677,38.278778076171875
202.0,132.0,202.27877807617188,198.0106658935547,220.0,164.0,234.99998474121094,9.99515186656605,15,30.942926025390623,16.117870585123697,38.278778076171875
218.0,242.0,218.26593017578125,213.99781799316406,160.0,179.98715209960938,250.9871368408203,33.74863624572754,15,30.942926025390623,17.25059560139974,38.278778076171875
27.0,52.00000762939453,27.27880096435547,23.01068878173828,42.00000762939453,-30.98712921142578,60.00000762939453,45.2126557100104,15,36.055749511718744,19.783375040690103,58.26593017578125
195.0,141.0,195.27340698242188,196.02174377441406,181.0,137.00747680664062,227.99461364746094,8.29930595271495,15,36.055749511718744,19.212869262695314,58.26593017578125
181.0,178.0,181.25643920898438,182.00477600097656,196.0,122.99050903320312,213.97764587402344,7.140420407665019,15,30.942926025390623,17.612511189778647,58.26593017578125
132.0,72.0,132.27879333496094,139.0,132.0,74.01286315917969,165.0,5.303030303030303,15,30.942926025390623,18.545526123046876,58.26593017578125
123.0,128.0,123.27879333496094,123.0,168.0,65.01286315917969,156.0,26.785714285714285,15,30.942926025390623,17.182698567708332,58.26593017578125
60.0,15.000007629394531,60.27325439453125,66.99446105957031,60.0,2.00732421875,104.99446105957031,11.657435099283854,15,39.92120666503906,19.514762369791665,58.26593017578125
155.0,218.0,155.27879333496094,162.0,182.0,97.01286315917969,200.0,10.989010989010989,15,39.92120666503906,17.647945658365884,58.26593017578125
170.0,188.0,170.27879333496094,177.0,190.0,112.01286315917969,215.0,6.842105263157896,15,39.92120666503906,18.077439880371095,58.26593017578125
187.0,175.0,187.27879333496094,202.0,205.0,129.0128631591797,232.0,1.4634146341463417,15,39.92120666503906,18.974480183919272,58.26593017578125
181.0,215.0,180.90328979492188,195.62449645996094,200.0,122.63735961914062,225.62449645996094,2.1877517700195312,15,37.52120666503906,17.974480183919272,58.26593017578125
100.0,172.0,100.68951416015625,115.43307495117188,134.0,42.423583984375,145.4107208251953,13.855914215543377,15,37.52120666503906,18.79951375325521,58.26593017578125
164.0,216.0,164.27879333496094,182.0,161.0,106.01286315917969,209.0,13.043478260869565,15,40.156918334960935,20.735671997070312,58.26593017578125
138.0,209.0,138.27879333496094,156.0,166.0,80.01286315917969,183.0,6.024096385542169,15,40.156918334960935,20.506177775065105,58.26593017578125
243.0,185.0,243.274658203125,260.99586486816406,220.0,185.00872802734375,287.99586486816406,18.634484030983664,15,40.156918334960935,20.837959798177085,58.26593017578125
202.0,195.0,202.27301025390625,217.01657104492188,178.0,144.007080078125,246.9942169189453,21.919421935349366,15,40.156918334960935,21.208188883463542,58.26593017578125
232.0,219.0,232.27879333496094,247.02235412597656,220.0,208.0057830810547,277.0,12.282888239080256,15,31.074774169921874,18.94199422200521,44.72120666503906
234.0,189.0,234.27684020996094,249.02040100097656,204.0,210.0038299560547,278.998046875,22.06882402008655,15,31.074774169921874,18.779166666666665,44.72120666503906
193.0,192.0,193.27879333496094,208.02235412597656,222.0,163.001953125,238.0,6.296236880190738,15,32.09702758789062,19.846062215169272,44.72120666503906
176.0,203.0,177.07972717285156,194.80093383789062,148.0,146.80288696289062,221.80093383789062,31.622252593169343,15,32.09702758789062,20.7779052734375,44.72120666503906
32.00000762939453,54.0,32.27880096435547,50.00000762939453,30.00000762939453,2.0019607543945312,77.00000762939453,66.66664971246091,15,32.09702758789062,22.697967529296875,44.72120666503906
161.0,143.0,161.2601318359375,160.98687744140625,186.0,130.98329162597656,194.57061767578125,13.447915354082662,15,29.797994995117186,19.868473307291666,33.31048583984375
170.0,171.0,170.27879333496094,188.0,175.0,140.001953125,203.5892791748047,7.428571428571429,15,29.797994995117186,21.499580891927085,33.31048583984375
170.0,220.0,170.2684783935547,174.98968505859375,186.0,139.99163818359375,203.57896423339844,5.919524162046371,15,29.797994995117186,20.032914225260416,33.31048583984375
26.0,40.0,26.262184143066406,30.98339080810547,14.0,-4.014656066894531,59.572669982910156,121.30993434361048,15,29.797994995117186,19.766935221354167,33.31048583984375
86.0,70.0,86.27879333496094,84.0,79.0,56.001953125,119.58927917480469,6.329113924050633,15,29.797994995117186,19.40300038655599,33.31048583984375
158.0,169.0,158.27879333496094,155.0,153.0,128.001953125,191.5892791748047,1.3071895424836601,15,29.797994995117186,18.61513926188151,33.31048583984375
202.0,141.0,202.26107788085938,196.98228454589844,192.0,171.98423767089844,230.98228454589844,2.5949398676554365,15,28.936318969726564,16.74635976155599,30.276840209960938
247.0,156.0,247.27877807617188,239.99998474121094,233.0,217.00193786621094,275.99998474121094,3.004285296657055,15,28.936318969726564,17.21184539794922,30.276840209960938
141.0,236.0,141.27174377441406,131.0106658935547,145.0,110.99490356445312,169.99295043945312,9.647816625134698,15,28.936318969726564,16.31568349202474,30.276840209960938
185.0,178.0,185.23049926757812,177.9517059326172,197.0,154.9536590576172,213.9517059326172,9.669184805778078,15,28.936318969726564,15.012590026855468,30.276840209960938
226.0,204.0,226.27877807617188,220.99998474121094,186.0,196.00193786621094,254.99998474121094,18.817196097425235,15,28.936318969726564,14.179022725423177,30.276840209960938
82.0,86.0,82.27879333496094,77.0,77.0,42.00001525878906,111.0,0.0,15,29.797994995117186,16.04568837483724,40.278778076171875
35.00000762939453,75.0,35.27880096435547,30.00000762939453,22.00000762939453,-4.999977111816406,64.00000762939453,36.36362375307126,15,28.936318969726564,14.379151916503906,40.278778076171875
194.0,126.0,194.27410888671875,188.9953155517578,151.0,153.99533081054688,219.01397705078125,25.162460630303187,15,27.343783569335937,13.349657694498697,40.278778076171875
158.0,127.0,158.27879333496094,153.0,144.0,115.00468444824219,183.01866149902344,6.25,15,34.06321411132812,14.295949808756511,43.27410888671875
91.0,93.0,91.27879333496094,84.0,124.0,48.00468444824219,116.01866149902344,32.25806451612903,15,34.06321411132812,15.09594980875651,43.27410888671875
135.0,173.0,138.11770629882812,130.8389129638672,96.0,94.84359741210938,170.8389129638672,36.29053433736165,15,37.25574951171875,15.628039042154947,43.27410888671875
27.0,36.0,27.27880096435547,17.017723083496094,32.00000762939453,-15.995307922363281,60.00000762939453,46.81962804326342,15,41.382135009765626,18.121139017740884,43.27410888671875
176.0,180.0,176.258056640625,165.99697875976562,175.0,132.98394775390625,208.97926330566406,5.144583565848214,15,41.382135009765626,17.387118021647137,43.27410888671875
121.0,177.0,121.31139373779297,114.03260040283203,156.0,78.03728485107422,154.03260040283203,26.902179228953827,15,41.382135009765626,16.653509521484374,43.27410888671875
133.0,176.0,133.27879333496094,128.0,178.0,90.00468444824219,167.96739959716797,28.08988764044944,15,41.382135009765626,18.48083038330078,43.27410888671875
186.0,197.0,186.27879333496094,181.0,175.0,143.0046844482422,231.0,3.428571428571429,15,42.8115478515625,21.11032460530599,44.72120666503906
160.0,227.0,160.27879333496094,155.0,186.0,117.00468444824219,205.0,16.666666666666664,15,42.8115478515625,21.178172302246093,44.72120666503906
266.0,232.0,266.27032470703125,265.01226806640625,214.0,222.9962158203125,310.9915313720703,23.837508442245912,15,42.8115478515625,21.94100087483724,44.72120666503906
182.0,188.0,182.2734375,176.99464416503906,130.0,130.00311279296875,226.99464416503906,36.14972628079928,15,44.14236755371094,25.17713877360026,52.27032470703125
160.0,205.0,160.27879333496094,149.0,165.0,108.00535583496094,205.0,9.696969696969697,15,49.250677490234374,27.877401224772136,52.2734375
173.0,167.0,173.22462463378906,167.94583129882812,123.0,120.95118713378906,217.94583129882812,36.54132625920985,15,49.250677490234374,25.506896464029946,52.2734375
216.0,212.0,216.23670959472656,204.95791625976562,188.0,163.96327209472656,260.9579162597656,9.020168223279587,15,51.45204467773438,28.503285217285157,52.2734375
46.00000762939453,35.00000762939453,47.111000061035156,35.83220672607422,48.0,-5.162437438964844,91.83220672607422,25.34956932067871,15,51.45204467773438,29.500479634602865,52.2734375
156.0,200.0,156.27879333496094,155.02073669433594,192.0,104.00535583496094,201.0,19.260032971700035,15,51.45204467773438,26.674805704752604,52.2734375
218.0,180.0,218.27879333496094,219.16779327392578,264.0,166.00535583496094,263.0,16.981896487149324,15,51.45204467773438,28.10429992675781,52.2734375
172.0,147.0,172.27879333496094,173.16779327392578,205.0,120.00535583496094,218.0,15.527905720036204,15,51.45204467773438,28.970966593424478,52.2734375
133.0,110.0,133.27879333496094,138.0,146.0,81.00535583496094,179.0,5.47945205479452,15,51.45204467773438,28.344533284505207,52.2734375
104.0,99.0,104.27879333496094,109.0,102.0,52.00535583496094,150.0,6.862745098039216,15,51.45204467773438,28.877866617838542,52.2734375
222.0,158.0,222.275146484375,226.99635314941406,187.0,170.001708984375,267.99635314941406,21.388424144071692,15,51.45204467773438,28.945915730794272,52.2734375
78.0,114.0,78.27879333496094,79.16779327392578,136.0,26.005355834960938,124.0,41.788387298583984,15,51.45204467773438,28.985018412272137,52.2734375
108.0,71.0,108.21485137939453,109.10385131835938,132.0,55.94141387939453,165.9360580444336,17.345567183061082,15,52.2721923828125,29.851685078938804,57.72120666503906
88.0,146.0,88.27879333496094,93.0,49.00000762939453,36.00535583496094,146.0,89.79588881576089,15,52.2721923828125,30.68544209798177,57.72120666503906
176.0,142.0,176.27879333496094,177.16779327392578,139.0,124.00535583496094,234.0,27.458844081960994,15,52.2721923828125,31.589280700683595,57.72120666503906
243.0,160.0,243.27455139160156,244.1635513305664,257.0,191.00111389160156,300.9957580566406,4.994727108729025,15,51.453912353515626,30.589845275878908,57.72120666503906
197.0,149.0,197.25131225585938,201.97251892089844,156.0,147.0266876220703,254.97251892089844,29.469563410832333,15,48.423257446289064,28.019979349772136,57.72120666503906
162.0,107.0,162.25741577148438,163.14641571044922,211.0,112.03279113769531,219.97862243652344,22.679423833910324,15,48.423257446289064,30.45531972249349,57.72120666503906
113.0,84.0,113.27879333496094,126.0,81.0,72.02748107910156,171.0,55.55555555555556,15,47.534033203125,30.356517028808593,57.72120666503906
128.0,72.0,128.2634735107422,140.98468017578125,112.0,87.01216125488281,185.98468017578125,25.879178728376118,15,47.534033203125,30.62598927815755,57.72120666503906
196.0,194.0,196.27879333496094,209.0,196.0,155.02748107910156,254.0,6.63265306122449,15,47.534033203125,31.65095418294271,57.72120666503906
66.0,41.0,66.27487182617188,65.99607849121094,74.0,25.0235595703125,123.99607849121094,10.816110147012246,15,47.534033203125,29.288126627604168,57.72120666503906
10.000007629394531,27.0,10.278800964355469,10.000007629394531,29.0,-30.972511291503906,68.00000762939453,65.51721507105334,15,45.74607543945312,26.755054728190103,57.72120666503906
131.0,34.0,131.27879333496094,131.0,128.0,90.02748107910156,189.0,2.34375,15,45.74607543945312,25.82172088623047,57.72120666503906
112.0,49.00000762939453,112.23967742919922,109.96088409423828,87.0,70.98836517333984,169.96088409423828,26.391820797975036,15,45.74607543945312,25.19222666422526,57.72120666503906
20.00000762939453,57.0,20.27880096435547,17.00000762939453,23.0,-20.972511291503906,78.00000762939453,26.08692335045856,15,45.74607543945312,26.72295227050781,57.72120666503906
67.0,27.0,67.27879333496094,67.0,44.0,26.027481079101562,125.0,52.27272727272727,15,45.74607543945312,24.552689107259116,57.72120666503906
185.0,163.0,185.26531982421875,181.9865264892578,237.0,144.01400756835938,234.00790405273438,23.212436080481936,15,40.462301635742186,22.25652821858724,48.742584228515625
70.0,44.0,70.27879333496094,67.0,71.0,29.027481079101562,122.01347351074219,5.633802816901409,15,45.74607543945312,24.119830322265624,51.73468017578125
30.0,55.0,30.27880096435547,30.00000762939453,26.0,-10.972511291503906,82.01348114013672,15.384644728440506,15,45.74607543945312,21.549325052897135,51.73468017578125
210.0,178.0,210.27879333496094,210.0,206.0,169.02748107910156,262.0134735107422,1.9417475728155338,15,45.74607543945312,19.349325561523436,51.73468017578125
107.0,46.00000762939453,107.27879333496094,104.0,107.0,66.02748107910156,159.0134735107422,2.803738317757009,15,45.74607543945312,18.71954854329427,51.73468017578125
186.0,235.0,186.2699737548828,185.99118041992188,160.0,153.99118041992188,238.00465393066406,16.244487762451172,15,42.157067871093744,15.988047281901041,51.73468017578125
133.0,211.0,133.2747039794922,129.99591064453125,135.0,100.99591064453125,185.00938415527344,3.7067328559027777,15,29.875265502929686,14.489873250325521,51.73468017578125
131.0,142.0,131.24261474609375,130.9638214111328,143.0,104.97264099121094,182.977294921875,8.416908104102928,15,25.857855224609374,12.452973429361979,51.73468017578125
22.00000762939453,41.0,22.27880096435547,22.00000762939453,22.00000762939453,-3.9911727905273438,74.01348114013672,0.0,15,25.857855224609374,12.152567545572916,51.73468017578125
167.0,204.0,167.27879333496094,167.0,166.0,141.00881958007812,219.0134735107422,0.6024096385542169,15,25.857855224609374,12.152567545572916,51.73468017578125
65.0,113.0,65.27879333496094,65.0,62.0,39.008819580078125,117.01347351074219,4.838709677419355,15,25.857855224609374,11.722811889648437,51.73468017578125
156.0,183.0,158.31100463867188,157.03221130371094,175.0,132.04103088378906,210.04568481445312,10.267307826450892,15,25.857855224609374,10.693318176269532,51.73468017578125
207.0,158.0,207.24916076660156,206.97036743164062,197.0,180.97918701171875,258.9838409423828,5.061100219106916,15,25.857855224609374,11.587331644694011,51.73468017578125
42.00000762939453,36.0,42.27880096435547,42.00000762939453,30.0,16.008827209472656,94.01348114013672,40.00002543131511,15,25.073501586914062,10.5879638671875,51.73468017578125
70.0,131.0,77.97068786621094,76.69189453125,107.0,51.700714111328125,129.7053680419922,28.32533221378505,15,25.073501586914062,11.225137329101562,51.73468017578125
165.0,203.0,165.27879333496094,165.0,185.0,139.00881958007812,217.0134735107422,10.81081081081081,15,27.92557678222656,11.608505249023438,51.73468017578125
215.0,161.0,215.56491088867188,215.28611755371094,176.0,189.29493713378906,244.59422302246094,22.32165770097212,15,23.65046691894531,9.474273681640625,29.029312133789062
67.0,103.0,67.27879333496094,66.0,75.0,27.713882446289062,96.30810546875,12.0,15,27.92557678222656,12.063853963216145,39.564910888671875
128.0,84.0,128.27879333496094,128.0,117.0,88.71388244628906,157.30810546875,9.401709401709402,15,27.92557678222656,12.293347676595053,39.564910888671875
24.00000762939453,41.0,24.24547576904297,23.96668243408203,22.00000762939453,-15.319435119628906,53.27478790283203,8.939427830287645,15,27.92557678222656,12.76001434326172,39.564910888671875
202.0,202.0,202.27877807617188,200.99998474121094,203.0,162.7138671875,231.30809020996094,0.9852291915217056,15,27.92557678222656,12.891125996907553,39.564910888671875
94.0,185.0,94.27879333496094,94.0,76.0,54.71388244628906,123.30810546875,23.684210526315788,15,25.30606994628906,11.187875874837239,39.564910888671875
193.0,164.0,193.27879333496094,192.0,193.0,153.71388244628906,222.30810546875,0.5181347150259068,15,25.30606994628906,12.291442362467448,39.564910888671875
92.0,66.0,92.27879333496094,91.0,79.0,52.71388244628906,121.30810546875,15.18987341772152,15,25.30606994628906,11.526202901204426,39.564910888671875
78.0,99.0,78.27879333496094,76.0333251953125,65.0,38.71388244628906,107.30810546875,16.974346454326923,15,25.30606994628906,12.392869567871093,39.564910888671875
226.0,166.0,226.27432250976562,222.9955291748047,188.0,186.70941162109375,255.3036346435547,18.6146431780876,15,25.30606994628906,13.192869567871094,39.564910888671875
86.0,29.00000762939453,86.27879333496094,76.02963256835938,71.0,46.71388244628906,115.30810546875,7.083989532900528,15,34.576318359374994,15.525904846191406,39.564910888671875
160.0,197.0,160.2644805908203,148.98568725585938,178.0,120.69956970214844,189.29379272460938,16.300175698955407,15,34.576318359374994,15.431891377766927,39.564910888671875
174.0,144.0,174.27879333496094,163.0,187.0,134.71388244628906,203.30810546875,12.834224598930483,15,34.576318359374994,15.930981953938803,39.564910888671875
208.0,187.0,208.27879333496094,206.0333251953125,203.0,168.71388244628906,237.30810546875,1.4942488646859606,15,34.576318359374994,15.960475667317708,39.564910888671875
56.00000762939453,54.0,57.754249572753906,52.47545623779297,36.00000762939453,18.18933868408203,77.47545623779297,45.765125324434635,15,30.853076171874992,14.377107747395833,39.564910888671875
190.0,238.0,190.27879333496094,179.0,162.0,150.71388244628906,208.01431274414062,10.493827160493826,15,31.666290283203118,14.512643432617187,39.564910888671875
21.00000762939453,78.0,21.27880096435547,10.000007629394531,59.00000762939453,-16.995521545410156,39.014320373535156,83.05083671817628,15,25.66897277832031,13.760235595703126,38.274322509765625
107.0,44.0,107.03240966796875,95.75361633300781,123.0,68.75808715820312,144.7536163330078,22.151531436579013,15,33.94424133300781,15.760235595703126,38.274322509765625
212.0,190.0,212.27877807617188,206.99998474121094,153.0,174.00445556640625,249.99998474121094,35.29410767399408,15,33.94424133300781,16.072822062174478,38.274322509765625
139.0,119.0,139.27879333496094,126.0,191.0,80.00001525878906,177.0,34.031413612565444,15,38.053076171875,19.875042724609376,59.278778076171875
44.0,94.0,44.27880096435547,31.00000762939453,55.0,-14.999977111816406,96.00000762939453,43.63634976473721,15,46.34245300292968,23.27504170735677,59.278778076171875
169.0,229.0,169.27626037597656,163.99746704101562,218.0,109.99748229980469,220.99746704101562,24.77180410962586,15,46.34245300292968,22.771202087402344,59.278778076171875
192.0,145.0,192.2757568359375,186.99696350097656,188.0,132.99697875976562,243.99696350097656,0.5335300526720412,15,50.52221984863281,26.000865173339843,59.278778076171875
147.0,108.0,147.25753784179688,142.98178100585938,172.0,87.978759765625,198.97874450683594,16.87105755473292,15,50.52221984863281,25.400662740071613,59.278778076171875
77.0,121.0,77.27879333496094,87.99999237060547,97.0,18.000015258789062,129.0,9.278358380819105,15,50.52221984863281,26.16490732828776,59.278778076171875
163.0,109.0,162.6292266845703,175.35043334960938,130.0,103.35044860839844,214.35043334960938,34.88494873046875,15,50.52221984863281,24.928032938639323,59.278778076171875
224.0,186.0,224.26669311523438,236.98789978027344,181.0,164.9879150390625,275.98789978027344,30.932541315068196,15,50.52221984863281,26.084728495279947,59.278778076171875
164.0,139.0,164.27879333496094,174.99999237060547,130.0,105.00001525878906,216.0,34.61537874661959,15,50.52221984863281,27.78680674235026,59.278778076171875
97.0,91.0,97.27879333496094,93.00303649902344,94.0,38.00001525878906,149.0,1.0605994691240026,15,50.52221984863281,29.223979187011718,59.278778076171875
44.0,105.0,44.27880096435547,41.00000762939453,88.0,-14.999977111816406,96.00000762939453,53.4090822393244,15,50.52221984863281,29.090645853678385,59.278778076171875
172.0,184.0,172.27879333496094,182.99999237060547,149.0,113.00001525878906,224.0,22.818786825909708,15,50.52221984863281,30.55510965983073,59.278778076171875
198.0,192.0,198.26113891601562,208.98233795166016,193.0,138.98236083984375,249.9823455810547,8.281004120031168,15,50.52221984863281,30.221776326497395,59.278778076171875
185.0,177.0,185.2750244140625,181.99623107910156,218.0,125.99624633789062,236.99623107910156,16.515490330687356,15,50.52221984863281,28.057771809895833,59.278778076171875
59.00000762939453,44.0,59.27880096435547,56.00000762939453,79.0,2.288818359375e-05,111.00000762939453,29.11391439317148,15,50.52221984863281,29.174930826822916,59.278778076171875
192.0,203.0,192.25399780273438,202.9751968383789,156.0,148.9873046875,243.97520446777344,30.112305665627503,15,46.722723388671874,26.53775889078776,51.72120666503906
18.00000762939453,54.0,18.27880096435547,15.000007629394531,32.00000762939453,-24.987892150878906,67.0025405883789,53.124987334016005,15,43.53939666748047,25.506611633300782,48.72373962402344
67.0,109.0,67.27879333496094,64.0,70.0,24.012100219726562,116.00253295898438,8.571428571428571,15,43.53939666748047,25.706612141927085,48.72373962402344
44.0,77.0,44.27880096435547,41.00000762939453,56.0,1.0121078491210938,88.0,26.78570066179548,15,40.461614990234374,22.639776611328124,43.72119903564453
132.0,182.0,132.27879333496094,135.0,142.0,89.01210021972656,175.99999237060547,4.929577464788732,15,40.461614990234374,23.13613942464193,43.72119903564453
78.0,105.0,78.22723388671875,80.94844055175781,64.0,34.960540771484375,121.94843292236328,26.481938362121582,15,40.461614990234374,22.134722391764324,43.72119903564453
70.0,76.0,70.27879333496094,67.0,72.0,27.012100219726562,113.99999237060547,6.944444444444445,15,40.461614990234374,21.7684575398763,43.72119903564453
113.0,85.0,113.27879333496094,115.0,128.0,70.01210021972656,156.99999237060547,10.15625,15,40.461614990234374,19.707922871907552,43.72119903564453
14.000007629394531,28.00000762939453,14.278800964355469,17.00000762939453,14.000007629394531,-21.975196838378906,58.0,21.4285597509331,15,35.463916015625,17.804890441894532,43.72119903564453
156.0,159.0,156.26519775390625,158.9864044189453,158.0,120.01119995117188,199.98639678955078,0.6243065942691851,15,34.84238891601562,15.538223775227864,43.72119903564453
214.0,163.0,214.27879333496094,217.0,203.0,178.02479553222656,257.99999237060547,6.896551724137931,15,34.84238891601562,15.435291035970051,43.72119903564453
76.0,62.0,76.27879333496094,78.01359558105469,58.0,40.02479553222656,109.00376892089844,34.506199277680494,15,28.94650268554687,13.272463989257812,36.253997802734375
126.0,100.0,126.26744079589844,128.0022430419922,105.0,90.01344299316406,158.99241638183594,21.906898135230655,15,27.52346496582031,12.93913065592448,36.253997802734375
134.0,174.0,134.27879333496094,136.0135955810547,158.0,98.02479553222656,167.00376892089844,13.915445834775515,15,28.14196166992187,14.006217447916667,36.253997802734375
183.0,188.0,183.26119995117188,184.99600219726562,192.0,147.0072021484375,206.98240661621094,3.647915522257487,15,22.739700317382812,13.405966186523438,36.253997802734375
196.0,156.0,196.2675323486328,198.00233459472656,178.0,160.01353454589844,219.98873901367188,11.237266626250877,15,22.739700317382812,12.67380625406901,36.253997802734375
175.0,222.0,175.27879333496094,177.0135955810547,197.0,154.0113525390625,199.0,10.145382953779345,15,20.071981811523436,11.474708557128906,23.721206665039062
59.00000762939453,39.00000762939453,59.27880096435547,61.01360321044922,33.00000762939453,38.01136016845703,83.00000762939453,84.88966395299184,15,21.539700317382813,12.00804189046224,23.721206665039062
184.0,196.0,184.27879333496094,186.0,194.0,158.0,208.0,4.123711340206185,15,22.921206665039062,13.57854766845703,26.278793334960938
148.0,185.0,148.472412109375,150.19361877441406,195.0,122.19361877441406,172.19361877441406,22.977631397736378,15,22.921206665039062,13.44521484375,26.278793334960938
33.0,37.0,33.262237548828125,34.98344421386719,20.00000762939453,6.9834442138671875,79.78982543945312,74.9171543437369,15,25.255758666992186,15.898973592122395,46.527587890625
225.0,176.0,225.27879333496094,227.0,181.0,199.0,271.80638122558594,25.41436464088398,15,25.255758666992186,15.834639994303386,46.527587890625
144.0,233.0,144.27879333496094,144.0,90.0,100.0,190.80638122558594,60.0,15,37.078793334960935,18.671812438964842,46.527587890625
173.0,181.0,173.27879333496094,162.0,169.0,119.0,219.80638122558594,4.142011834319527,15,45.62807006835937,21.3089848836263,54.27879333496094
102.0,96.0,102.27312469482422,90.99433135986328,97.0,47.99433135986328,148.80071258544922,6.191410969213112,15,45.62807006835937,21.575651550292967,54.27879333496094
189.0,74.0,189.27879333496094,178.0,132.0,135.0,235.80638122558594,34.84848484848485,15,45.62807006835937,21.811539713541666,54.27879333496094
168.0,170.0,168.27285766601562,155.01062774658203,172.0,110.99406433105469,214.80044555664062,9.877542007801145,15,51.17831115722656,24.878206380208333,57.27879333496094
24.00000762939453,62.0,24.27880096435547,19.00567626953125,32.00000762939453,-32.99999237060547,70.80638885498047,40.60727581804375,15,51.17831115722656,23.908096313476562,57.27879333496094
151.0,148.0,151.27879333496094,147.0,175.0,94.0,197.80638122558594,16.0,15,51.17831115722656,23.00501403808594,57.27879333496094
161.0,112.0,161.27879333496094,157.0,214.0,104.0,207.80638122558594,26.635514018691588,15,51.17831115722656,23.00501403808594,57.27879333496094
117.0,248.0,126.17243957519531,121.89364624023438,167.0,68.89364624023438,178.89364624023438,27.00979267051834,15,53.655758666992185,25.937174479166668,57.27879333496094
202.0,153.0,202.27877807617188,206.00592041015625,222.0,144.99998474121094,254.99998474121094,7.204540355785473,15,53.655758666992185,27.44117635091146,57.27879333496094
81.0,40.0,81.27879333496094,85.00593566894531,76.0,24.0,134.0,11.84991535387541,15,53.655758666992185,27.30784403483073,57.27879333496094
178.0,170.0,178.2682647705078,181.9954071044922,149.0,120.98947143554688,230.98947143554688,22.144568526504823,15,53.655758666992185,25.907844034830728,57.27879333496094
161.0,165.0,160.4651336669922,156.18634033203125,147.0,103.18634033203125,213.18634033203125,6.249211110225341,15,53.655758666992185,27.21098124186198,57.27879333496094
101.0,59.00000762939453,101.27879333496094,96.00566864013672,99.0,44.0,154.0,3.0245771311750316,15,53.655758666992185,25.006817626953126,57.27879333496094
145.0,194.0,145.267578125,140.98878479003906,138.0,87.98878479003906,197.98878479003906,2.165786079738451,15,53.655758666992185,24.274588521321615,57.27879333496094
235.0,143.0,235.27879333496094,231.0,233.0,178.0,288.0,0.8583690987124464,15,53.655758666992185,21.807174173990884,57.27879333496094
37.0,79.0,37.27880096435547,35.00000762939453,35.00000762939453,-19.99999237060547,90.00000762939453,0.0,15,47.96374816894531,18.34050750732422,57.27879333496094
190.0,255.0,190.27035522460938,187.99156188964844,222.0,132.99156188964844,242.99156188964844,15.319116265924126,15,47.96374816894531,18.207174173990886,57.27879333496094
163.0,154.0,163.27879333496094,161.0,118.0,106.0,216.0,36.440677966101696,15,47.96374816894531,19.97094217936198,57.27879333496094
175.0,160.0,175.27879333496094,173.0,213.0,130.0,228.0,18.779342723004692,15,43.49830017089844,19.17094217936198,52.72120666503906
216.0,185.0,216.26490783691406,213.98611450195312,245.0,170.98611450195312,268.9861145019531,12.65872877471301,15,43.49830017089844,21.437213134765624,52.72120666503906
20.00000762939453,42.00000762939453,20.27880096435547,18.00000762939453,20.00000762939453,-24.99999237060547,73.00000762939453,9.99999618530419,15,43.49830017089844,22.838138834635416,52.72120666503906
151.0,120.0,151.27879333496094,149.0,168.0,106.0,204.0,11.30952380952381,15,43.49830017089844,21.275311279296876,52.72120666503906
172.0,181.0,172.27879333496094,170.0,173.0,127.0,213.10635375976562,1.7341040462427744,15,39.585018920898435,18.875311279296874,45.27879333496094
177.0,159.0,177.27879333496094,175.0,169.0,132.0,215.0,3.5502958579881656,15,35.324581909179685,16.201554361979166,45.27879333496094
158.0,140.0,158.27879333496094,156.0,233.0,113.0,196.0,33.047210300429185,15,35.324581909179685,15.438725789388021,45.27879333496094
22.00000762939453,47.0,22.27880096435547,20.00000762939453,23.00000762939453,-22.99999237060547,97.00000762939453,13.04347393418223,15,42.255758666992186,20.06822001139323,74.72120666503906
151.0,173.0,151.2746124267578,150.99581909179688,152.0,105.99581909179688,188.99581909179688,0.6606453343441612,15,42.255758666992186,18.16508280436198,74.72120666503906
201.0,168.0,201.2366180419922,201.95782470703125,180.0,155.95782470703125,275.95782470703125,12.19879150390625,15,42.255758666992186,17.31576639811198,74.72120666503906
141.0,200.0,141.27798461914062,141.9991912841797,169.0,95.99919128417969,215.9991912841797,15.976809891017938,15,42.255758666992186,18.57962137858073,74.72120666503906
72.0,29.00000762939453,72.27879333496094,73.0,81.0,27.0,147.0,9.876543209876543,15,42.255758666992186,19.943250528971355,74.72120666503906
166.0,180.0,166.26319885253906,166.98858642578125,168.0,120.98440551757812,240.98440551757812,0.6020318894159226,15,42.255758666992186,20.372744750976562,74.72120666503906
230.0,216.0,230.02255249023438,231.7593536376953,240.0,184.74375915527344,304.74375915527344,3.4336026509602866,15,42.255758666992186,20.336611938476562,74.72120666503906
46.00000762939453,45.00000762939453,46.278038024902344,48.01483917236328,69.0,0.9992446899414062,120.9992446899414,30.413276561792348,15,42.255758666992186,18.88646545410156,74.72120666503906
38.00000762939453,94.0,38.27880096435547,47.00000762939453,45.00000762939453,17.04218292236328,113.00000762939453,4.444443690924125,15,34.12676086425781,17.382676696777345,74.72120666503906
149.0,226.0,149.27093505859375,155.9921417236328,141.0,128.03431701660156,223.9921417236328,10.632724626689939,15,28.329861450195313,15.316010030110677,74.72120666503906
154.0,110.0,154.27879333496094,156.01559448242188,119.0,133.04217529296875,229.0,31.105541581867126,15,25.721994018554685,13.951732889811199,74.72120666503906
74.0,30.0,74.27879333496094,76.01559448242188,71.0,39.0,149.0,7.06421758087588,15,32.25608215332031,16.285066223144533,74.72120666503906
138.0,133.0,139.87344360351562,140.5988311767578,170.0,104.59465026855469,214.5946502685547,17.294805190142462,15,32.25608215332031,15.388905334472657,74.72120666503906
198.0,177.0,198.27877807617188,200.0155792236328,226.0,162.99998474121094,272.99998474121094,11.497531316976632,15,33.21789855957031,17.349261983235678,74.72120666503906
153.0,195.0,153.2629852294922,159.98419189453125,150.0,117.98419189453125,227.98419189453125,6.6561279296875,15,33.21789855957031,18.645423889160156,74.72120666503906
51.0,67.0,51.27880096435547,53.015602111816406,37.0,16.00000762939453,81.40535736083984,43.28541111301731,15,29.164739990234374,13.881542460123699,35.27879333496094
168.0,121.0,168.27879333496094,170.01559448242188,154.0,133.0,198.4053497314453,10.399736676897321,15,29.164739990234374,14.785382080078126,35.27879333496094
207.0,176.0,207.27879333496094,209.01559448242188,170.0,172.0,237.4053497314453,22.95034969554228,15,29.164739990234374,15.688942464192708,35.27879333496094
195.0,162.0,195.27879333496094,197.01559448242188,163.0,158.0,225.4053497314453,20.86846287265146,15,33.21789855957031,16.758420817057292,37.27879333496094
201.0,177.0,201.27743530273438,198.0144500732422,209.0,163.99864196777344,231.40399169921875,5.256243984094647,15,34.078793334960935,17.062206013997397,37.27879333496094
160.0,139.0,160.49139404296875,157.22840881347656,178.0,123.21260070800781,190.61795043945312,11.669433250855864,15,34.078793334960935,16.9956298828125,37.27879333496094
79.0,46.00000762939453,79.27879333496094,76.01580810546875,96.0,42.0,109.40534973144531,20.816866556803383,15,34.078793334960935,18.047083536783855,37.27879333496094
192.0,149.0,192.093505859375,188.8305206298828,154.0,154.81471252441406,222.22006225585938,22.617221188235593,15,34.078793334960935,18.49666748046875,37.27879333496094
194.0,195.0,194.27879333496094,191.0,172.0,156.18528747558594,224.4053497314453,11.046511627906977,15,36.47879333496094,19.521437072753905,38.093505859375
225.0,148.0,225.27879333496094,217.0078582763672,162.0,187.18528747558594,255.4053497314453,33.955468071831596,15,36.47879333496094,20.558609517415366,38.093505859375
176.0,142.0,176.27810668945312,161.9993133544922,153.0,112.99931335449219,206.4046630859375,5.881904153262868,15,37.76762084960937,24.22580006917318,63.27879333496094
96.0,225.0,96.27879333496094,82.0,114.0,33.0,126.40534973144531,28.07017543859649,15,37.76762084960937,23.42575429280599,63.27879333496094
156.0,196.0,156.26577758789062,141.9869842529297,185.0,92.98698425292969,186.392333984375,23.25027878220017,15,37.76762084960937,24.388581848144533,63.27879333496094
210.0,146.0,210.27879333496094,196.0,218.0,147.0,239.0130157470703,10.091743119266056,15,37.76762084960937,24.29575958251953,63.27879333496094
181.0,161.0,181.22291564941406,166.94412231445312,175.0,117.94412231445312,209.95713806152344,4.603358677455357,15,37.76762084960937,22.962425231933594,63.27879333496094
220.0,226.0,220.27877807617188,205.99998474121094,160.0,156.99998474121094,249.01300048828125,28.749990463256836,15,37.76762084960937,23.15975392659505,63.27879333496094
82.0,36.0,82.37416076660156,68.09536743164062,58.0,19.095367431640625,111.10838317871094,17.405805916621766,15,51.40466918945312,26.226419067382814,63.27879333496094
124.0,136.0,124.27701568603516,101.99822235107422,136.0,60.99822235107422,153.01123809814453,25.00130709479837,15,51.40466918945312,26.89944356282552,63.27879333496094
165.0,176.0,165.27879333496094,159.05587768554688,174.0,102.0,194.0130157470703,8.588576042789152,15,51.40466918945312,25.19572296142578,63.27879333496094
138.0,154.0,138.27879333496094,146.0,86.0,75.0,167.0130157470703,69.76744186046511,15,51.40466918945312,23.62521718343099,63.27879333496094
173.0,201.0,173.27879333496094,167.05587768554688,205.0,110.0,202.0130157470703,18.509327958269818,15,57.078784179687496,26.59563242594401,63.27879333496094
133.0,247.0,133.26461791992188,127.04170227050781,126.0,69.98582458496094,164.98582458496094,0.8267478337363592,15,57.078784179687496,27.5431391398112,63.27879333496094
219.0,167.0,219.26513671875,212.00051879882812,209.0,155.98634338378906,250.98634338378906,1.4356549276689592,15,57.078784179687496,26.912699890136718,63.27879333496094
106.0,69.0,106.27879333496094,99.01417541503906,112.0,43.0,138.0,11.594486236572266,15,57.078784179687496,25.057475280761718,63.27879333496094
181.0,195.0,181.27879333496094,175.05587768554688,193.0,118.0,213.0,9.297472701789184,15,57.078784179687496,23.953636169433594,63.27879333496094
176.0,189.0,176.27879333496094,182.0,170.0,116.00001525878906,208.0,7.0588235294117645,15,44.055758666992176,20.516463724772134,60.278778076171875
149.0,236.0,149.2329559326172,154.95416259765625,197.0,88.95417785644531,180.95416259765625,21.343064671240484,15,44.055758666992176,19.38317616780599,60.278778076171875
163.0,208.0,163.27879333496094,169.0,187.0,103.00001525878906,211.04583740234375,9.62566844919786,15,50.47409362792968,21.386231994628908,60.278778076171875
190.0,159.0,190.2437744140625,195.96498107910156,194.0,129.96499633789062,238.0108184814453,1.0128768448977126,15,50.47409362792968,21.052030944824217,60.278778076171875
141.0,156.0,141.27587890625,145.0321044921875,102.0,80.99710083007812,189.0429229736328,42.18833773743872,15,50.47409362792968,20.787698872884114,60.278778076171875
144.0,121.0,144.27879333496094,148.03501892089844,110.0,84.00001525878906,192.04583740234375,34.57728992808949,15,50.47409362792968,22.991229756673178,60.278778076171875
140.0,181.0,140.27879333496094,144.03501892089844,117.0,88.0,188.04583740234375,23.106853778545673,15,44.37057800292968,21.257897440592448,52.27879333496094
109.0,91.0,109.27879333496094,113.03501892089844,125.0,57.0,157.04583740234375,9.57198486328125,15,44.37057800292968,21.18487294514974,52.27879333496094
131.0,109.0,131.27879333496094,135.03501892089844,144.0,79.0,179.04583740234375,6.225681304931641,15,44.37057800292968,21.45142110188802,52.27879333496094
186.0,231.0,186.27879333496094,190.03501892089844,194.0,134.0,234.04583740234375,2.0438046799492593,15,44.37057800292968,21.71808776855469,52.27879333496094
32.00000762939453,76.0,32.27880096435547,38.00000762939453,35.00000762939453,-6.997077941894531,80.04584503173828,8.571426703005828,15,37.277044677734374,18.747581990559897,47.76704406738281
132.0,81.0,132.32554626464844,136.08177185058594,138.0,93.04966735839844,180.09259033203125,1.3900203981261323,15,37.277044677734374,16.814248657226564,47.76704406738281
102.0,191.0,102.27220916748047,107.94666290283203,112.0,62.99633026123047,150.03925323486328,3.619050979614258,15,37.277044677734374,16.70823771158854,47.76704406738281
17.00000762939453,24.00000762939453,17.27880096435547,23.00000762939453,14.000007629394531,-21.99707794189453,65.04584503173828,64.28567925279931,15,37.277044677734374,16.67241465250651,47.76704406738281
173.0,182.0,173.27879333496094,178.9532470703125,247.0,134.00291442871094,221.04583740234375,27.54929268408401,15,37.277044677734374,16.50958709716797,47.76704406738281
