day,time,invocation_rate
0,0,98.0
0,60,83.0
0,120,72.0
0,180,106.0
0,240,154.0
0,300,183.0
0,360,166.0
0,420,166.0
0,480,135.0
0,540,129.0
0,600,152.0
0,660,154.0
0,720,161.0
0,780,191.0
0,840,113.0
0,900,126.0
0,960,156.0
0,1020,146.0
0,1080,148.0
0,1140,131.0
0,1200,118.0
0,1260,90.0
0,1320,100.0
0,1380,121.0
0,1440,114.0
0,1500,109.0
0,1560,124.0
0,1620,119.0
0,1680,116.0
0,1740,105.0
0,1800,123.0
0,1860,104.0
0,1920,120.0
0,1980,134.0
0,2040,114.0
0,2100,102.0
0,2160,113.0
0,2220,135.0
0,2280,77.0
0,2340,117.0
0,2400,104.0
0,2460,118.0
0,2520,79.0
0,2580,74.0
0,2640,102.0
0,2700,71.0
0,2760,108.0
0,2820,131.0
0,2880,76.0
0,2940,104.0
0,3000,70.0
0,3060,116.0
0,3120,103.0
0,3180,148.0
0,3240,122.0
0,3300,99.0
0,3360,103.0
0,3420,104.0
0,3480,106.0
0,3540,127.0
0,3600,89.0
0,3660,108.0
0,3720,149.0
0,3780,134.0
0,3840,113.0
0,3900,151.0
0,3960,177.0
0,4020,119.0
0,4080,139.0
0,4140,222.0
0,4200,127.0
0,4260,134.0
0,4320,127.0
0,4380,136.0
0,4440,110.0
0,4500,150.0
0,4560,121.0
0,4620,107.0
0,4680,108.0
0,4740,107.0
0,4800,110.0
0,4860,91.0
0,4920,74.0
0,4980,55.0
0,5040,70.0
0,5100,52.0
0,5160,80.0
0,5220,43.0
0,5280,66.0
0,5340,74.0
0,5400,64.0
0,5460,85.0
0,5520,47.0
0,5580,38.0
0,5640,49.0
0,5700,43.0
0,5760,48.0
0,5820,59.0
0,5880,57.0
0,5940,89.0
0,6000,55.0
0,6060,42.0
0,6120,48.0
0,6180,64.0
0,6240,50.0
0,6300,69.0
0,6360,37.0
0,6420,32.0
0,6480,68.0
0,6540,60.0
0,6600,59.0
0,6660,76.0
0,6720,55.0
0,6780,43.0
0,6840,75.0
0,6900,65.0
0,6960,33.0
0,7020,41.0
0,7080,39.0
0,7140,50.0
0,7200,43.0
0,7260,37.0
0,7320,46.0
0,7380,59.0
0,7440,24.0
0,7500,39.0
0,7560,46.0
0,7620,22.0
0,7680,84.0
0,7740,52.0
0,7800,41.0
0,7860,52.0
0,7920,69.0
0,7980,54.0
0,8040,67.0
0,8100,38.0
0,8160,62.0
0,8220,48.0
0,8280,41.0
0,8340,36.0
0,8400,52.0
0,8460,25.0
0,8520,38.0
0,8580,41.0
0,8640,38.0
0,8700,28.0
0,8760,48.0
0,8820,40.0
0,8880,42.0
0,8940,32.0
0,9000,47.0
0,9060,44.0
0,9120,34.0
0,9180,18.0
0,9240,34.0
0,9300,41.0
0,9360,27.0
0,9420,28.0
0,9480,26.0
0,9540,24.0
0,9600,32.0
0,9660,23.0
0,9720,21.0
0,9780,28.0
0,9840,26.0
0,9900,88.0
0,9960,50.0
0,10020,28.0
0,10080,35.0
0,10140,18.0
0,10200,26.0
0,10260,20.0
0,10320,20.0
0,10380,21.0
0,10440,34.0
0,10500,32.0
0,10560,39.0
0,10620,64.0
0,10680,33.0
0,10740,34.0
0,10800,37.0
0,10860,40.0
0,10920,19.0
0,10980,28.0
0,11040,36.0
0,11100,29.0
0,11160,29.0
0,11220,23.0
0,11280,36.0
0,11340,27.0
0,11400,21.0
0,11460,21.0
0,11520,28.0
0,11580,45.0
0,11640,33.0
0,11700,22.0
0,11760,18.0
0,11820,28.0
0,11880,13.0
0,11940,20.0
0,12000,20.0
0,12060,32.0
0,12120,14.0
0,12180,17.0
0,12240,17.0
0,12300,21.0
0,12360,15.0
0,12420,27.0
0,12480,20.0
0,12540,18.0
0,12600,28.0
0,12660,24.0
0,12720,27.0
0,12780,19.0
0,12840,14.0
0,12900,19.0
0,12960,23.0
0,13020,26.0
0,13080,21.0
0,13140,32.0
0,13200,19.0
0,13260,30.0
0,13320,20.0
0,13380,15.0
0,13440,12.0
0,13500,16.0
0,13560,18.0
0,13620,15.0
0,13680,16.0
0,13740,15.0
0,13800,15.0
0,13860,21.0
0,13920,8.0
0,13980,26.0
0,14040,22.0
0,14100,19.0
0,14160,17.0
0,14220,28.0
0,14280,19.0
0,14340,19.0
0,14400,18.0
0,14460,25.0
0,14520,20.0
0,14580,6.0
0,14640,12.0
0,14700,7.0
0,14760,12.0
0,14820,13.0
0,14880,25.0
0,14940,18.0
0,15000,16.0
0,15060,14.0
0,15120,20.0
0,15180,24.0
0,15240,21.0
0,15300,25.0
0,15360,16.0
0,15420,27.0
0,15480,29.0
0,15540,25.0
0,15600,10.0
0,15660,33.0
0,15720,15.0
0,15780,21.0
0,15840,19.0
0,15900,15.0
0,15960,16.0
0,16020,10.0
0,16080,16.0
0,16140,18.0
0,16200,14.0
0,16260,23.0
0,16320,24.0
0,16380,21.0
0,16440,25.0
0,16500,56.0
0,16560,33.0
0,16620,45.0
0,16680,33.0
0,16740,62.0
0,16800,40.0
0,16860,42.0
0,16920,50.0
0,16980,50.0
0,17040,57.0
0,17100,35.0
0,17160,37.0
0,17220,44.0
0,17280,36.0
0,17340,43.0
0,17400,23.0
0,17460,13.0
0,17520,23.0
0,17580,13.0
0,17640,12.0
0,17700,23.0
0,17760,54.0
0,17820,23.0
0,17880,15.0
0,17940,10.0
0,18000,44.0
0,18060,41.0
0,18120,47.0
0,18180,40.0
0,18240,32.0
0,18300,38.0
0,18360,37.0
0,18420,25.0
0,18480,12.0
0,18540,32.0
0,18600,29.0
0,18660,38.0
0,18720,42.0
0,18780,16.0
0,18840,35.0
0,18900,27.0
0,18960,34.0
0,19020,27.0
0,19080,24.0
0,19140,34.0
0,19200,24.0
0,19260,16.0
0,19320,13.0
0,19380,22.0
0,19440,9.0
0,19500,16.0
0,19560,15.0
0,19620,15.0
0,19680,22.0
0,19740,13.0
0,19800,17.0
0,19860,25.0
0,19920,14.0
0,19980,15.0
0,20040,16.0
0,20100,33.0
0,20160,7.0
0,20220,9.0
0,20280,9.0
0,20340,23.0
0,20400,9.0
0,20460,13.0
0,20520,20.0
0,20580,7.0
0,20640,13.0
0,20700,20.0
0,20760,17.0
0,20820,13.0
0,20880,15.0
0,20940,6.0
0,21000,7.0
0,21060,46.0
0,21120,48.0
0,21180,12.0
0,21240,33.0
0,21300,41.0
0,21360,44.0
0,21420,48.0
0,21480,34.0
0,21540,15.0
0,21600,7.0
0,21660,15.0
0,21720,47.0
0,21780,23.0
0,21840,33.0
0,21900,43.0
0,21960,45.0
0,22020,32.0
0,22080,50.0
0,22140,41.0
0,22200,52.0
0,22260,47.0
0,22320,37.0
0,22380,17.0
0,22440,12.0
0,22500,41.0
0,22560,5.0
0,22620,25.0
0,22680,24.0
0,22740,29.0
0,22800,30.0
0,22860,19.0
0,22920,10.0
0,22980,7.0
0,23040,43.0
0,23100,35.0
0,23160,12.0
0,23220,26.0
0,23280,5.0
0,23340,8.0
0,23400,5.0
0,23460,8.0
0,23520,17.0
0,23580,8.0
0,23640,18.0
0,23700,22.0
0,23760,32.0
0,23820,17.0
0,23880,14.0
0,23940,13.0
0,24000,6.0
0,24060,6.0
0,24120,5.0
0,24180,10.0
0,24240,15.0
0,24300,8.0
0,24360,12.0
0,24420,18.0
0,24480,20.0
0,24540,22.0
0,24600,28.0
0,24660,9.0
0,24720,17.0
0,24780,16.0
0,24840,19.0
0,24900,19.0
0,24960,20.0
0,25020,27.0
0,25080,20.0
0,25140,15.0
0,25200,24.0
0,25260,26.0
0,25320,44.0
0,25380,54.0
0,25440,62.0
0,25500,66.0
0,25560,46.0
0,25620,29.0
0,25680,88.0
0,25740,67.0
0,25800,57.0
0,25860,66.0
0,25920,89.0
0,25980,70.0
0,26040,74.0
0,26100,45.0
0,26160,21.0
0,26220,38.0
0,26280,33.0
0,26340,21.0
0,26400,52.0
0,26460,30.0
0,26520,21.0
0,26580,22.0
0,26640,35.0
0,26700,20.0
0,26760,29.0
0,26820,44.0
0,26880,54.0
0,26940,35.0
0,27000,41.0
0,27060,28.0
0,27120,36.0
0,27180,36.0
0,27240,52.0
0,27300,55.0
0,27360,48.0
0,27420,28.0
0,27480,46.0
0,27540,33.0
0,27600,28.0
0,27660,38.0
0,27720,32.0
0,27780,47.0
0,27840,47.0
0,27900,50.0
0,27960,29.0
0,28020,42.0
0,28080,43.0
0,28140,44.0
0,28200,40.0
0,28260,43.0
0,28320,80.0
0,28380,68.0
0,28440,88.0
0,28500,55.0
0,28560,85.0
0,28620,83.0
0,28680,59.0
0,28740,69.0
0,28800,57.0
0,28860,59.0
0,28920,59.0
0,28980,46.0
0,29040,60.0
0,29100,48.0
0,29160,74.0
0,29220,54.0
0,29280,93.0
0,29340,63.0
0,29400,93.0
0,29460,128.0
0,29520,145.0
0,29580,71.0
0,29640,131.0
0,29700,116.0
0,29760,98.0
0,29820,101.0
0,29880,106.0
0,29940,97.0
0,30000,113.0
0,30060,120.0
0,30120,106.0
0,30180,112.0
0,30240,97.0
0,30300,82.0
0,30360,85.0
0,30420,88.0
0,30480,79.0
0,30540,82.0
0,30600,79.0
0,30660,111.0
0,30720,108.0
0,30780,79.0
0,30840,79.0
0,30900,136.0
0,30960,88.0
0,31020,91.0
0,31080,143.0
0,31140,87.0
0,31200,86.0
0,31260,83.0
0,31320,79.0
0,31380,122.0
0,31440,111.0
0,31500,103.0
0,31560,77.0
0,31620,110.0
0,31680,108.0
0,31740,122.0
0,31800,105.0
0,31860,111.0
0,31920,114.0
0,31980,84.0
0,32040,111.0
0,32100,122.0
0,32160,117.0
0,32220,98.0
0,32280,98.0
0,32340,93.0
0,32400,107.0
0,32460,141.0
0,32520,132.0
0,32580,184.0
0,32640,142.0
0,32700,132.0
0,32760,187.0
0,32820,102.0
0,32880,124.0
0,32940,160.0
0,33000,177.0
0,33060,110.0
0,33120,133.0
0,33180,136.0
0,33240,133.0
0,33300,97.0
0,33360,108.0
0,33420,159.0
0,33480,169.0
0,33540,168.0
0,33600,128.0
0,33660,94.0
0,33720,99.0
0,33780,116.0
0,33840,99.0
0,33900,126.0
0,33960,118.0
0,34020,120.0
0,34080,133.0
0,34140,142.0
0,34200,122.0
0,34260,123.0
0,34320,107.0
0,34380,135.0
0,34440,102.0
0,34500,149.0
0,34560,100.0
0,34620,142.0
0,34680,151.0
0,34740,126.0
0,34800,117.0
0,34860,155.0
0,34920,129.0
0,34980,131.0
0,35040,134.0
0,35100,152.0
0,35160,141.0
0,35220,131.0
0,35280,171.0
0,35340,129.0
0,35400,119.0
0,35460,138.0
0,35520,156.0
0,35580,144.0
0,35640,140.0
0,35700,145.0
0,35760,132.0
0,35820,152.0
0,35880,138.0
0,35940,135.0
0,36000,112.0
0,36060,117.0
0,36120,138.0
0,36180,136.0
0,36240,162.0
0,36300,139.0
0,36360,169.0
0,36420,142.0
0,36480,207.0
0,36540,180.0
0,36600,201.0
0,36660,192.0
0,36720,248.0
0,36780,175.0
0,36840,165.0
0,36900,204.0
0,36960,206.0
0,37020,186.0
0,37080,168.0
0,37140,196.0
0,37200,162.0
0,37260,173.0
0,37320,174.0
0,37380,210.0
0,37440,182.0
0,37500,180.0
0,37560,162.0
0,37620,144.0
0,37680,142.0
0,37740,159.0
0,37800,130.0
0,37860,155.0
0,37920,122.0
0,37980,154.0
0,38040,173.0
0,38100,197.0
0,38160,195.0
0,38220,180.0
0,38280,193.0
0,38340,171.0
0,38400,149.0
0,38460,173.0
0,38520,184.0
0,38580,226.0
0,38640,193.0
0,38700,174.0
0,38760,147.0
0,38820,131.0
0,38880,134.0
0,38940,144.0
0,39000,176.0
0,39060,190.0
0,39120,136.0
0,39180,163.0
0,39240,202.0
0,39300,136.0
0,39360,180.0
0,39420,196.0
0,39480,171.0
0,39540,131.0
0,39600,135.0
0,39660,147.0
0,39720,172.0
0,39780,178.0
0,39840,206.0
0,39900,188.0
0,39960,206.0
0,40020,215.0
0,40080,203.0
0,40140,192.0
0,40200,205.0
0,40260,189.0
0,40320,208.0
0,40380,191.0
0,40440,216.0
0,40500,212.0
0,40560,256.0
0,40620,252.0
0,40680,219.0
0,40740,216.0
0,40800,168.0
0,40860,202.0
0,40920,189.0
0,40980,203.0
0,41040,244.0
0,41100,190.0
0,41160,252.0
0,41220,191.0
0,41280,175.0
0,41340,193.0
0,41400,152.0
0,41460,183.0
0,41520,164.0
0,41580,205.0
0,41640,239.0
0,41700,198.0
0,41760,154.0
0,41820,202.0
0,41880,205.0
0,41940,234.0
0,42000,206.0
0,42060,203.0
0,42120,215.0
0,42180,200.0
0,42240,209.0
0,42300,178.0
0,42360,181.0
0,42420,226.0
0,42480,164.0
0,42540,206.0
0,42600,211.0
0,42660,154.0
0,42720,144.0
0,42780,209.0
0,42840,183.0
0,42900,165.0
0,42960,174.0
0,43020,124.0
0,43080,174.0
0,43140,177.0
0,43200,183.0
0,43260,182.0
0,43320,185.0
0,43380,185.0
0,43440,198.0
0,43500,214.0
0,43560,198.0
0,43620,134.0
0,43680,177.0
0,43740,208.0
0,43800,183.0
0,43860,191.0
0,43920,189.0
0,43980,158.0
0,44040,180.0
0,44100,149.0
0,44160,178.0
0,44220,172.0
0,44280,225.0
0,44340,191.0
0,44400,186.0
0,44460,224.0
0,44520,210.0
0,44580,151.0
0,44640,168.0
0,44700,165.0
0,44760,190.0
0,44820,202.0
0,44880,148.0
0,44940,153.0
0,45000,129.0
0,45060,224.0
0,45120,182.0
0,45180,162.0
0,45240,172.0
0,45300,140.0
0,45360,160.0
0,45420,127.0
0,45480,166.0
0,45540,197.0
0,45600,188.0
0,45660,176.0
0,45720,165.0
0,45780,149.0
0,45840,168.0
0,45900,182.0
0,45960,183.0
0,46020,201.0
0,46080,183.0
0,46140,214.0
0,46200,180.0
0,46260,145.0
0,46320,163.0
0,46380,136.0
0,46440,139.0
0,46500,175.0
0,46560,147.0
0,46620,155.0
0,46680,163.0
0,46740,152.0
0,46800,158.0
0,46860,218.0
0,46920,175.0
0,46980,168.0
0,47040,193.0
0,47100,163.0
0,47160,165.0
0,47220,128.0
0,47280,172.0
0,47340,139.0
0,47400,165.0
0,47460,156.0
0,47520,211.0
0,47580,209.0
0,47640,210.0
0,47700,168.0
0,47760,205.0
0,47820,189.0
0,47880,216.0
0,47940,248.0
0,48000,210.0
0,48060,215.0
0,48120,220.0
0,48180,171.0
0,48240,181.0
0,48300,248.0
0,48360,200.0
0,48420,211.0
0,48480,138.0
0,48540,172.0
0,48600,168.0
0,48660,191.0
0,48720,162.0
0,48780,151.0
0,48840,177.0
0,48900,204.0
0,48960,208.0
0,49020,193.0
0,49080,168.0
0,49140,176.0
0,49200,192.0
0,49260,141.0
0,49320,171.0
0,49380,170.0
0,49440,168.0
0,49500,172.0
0,49560,184.0
0,49620,142.0
0,49680,125.0
0,49740,172.0
0,49800,165.0
0,49860,182.0
0,49920,201.0
0,49980,156.0
0,50040,129.0
0,50100,169.0
0,50160,224.0
0,50220,169.0
0,50280,120.0
0,50340,180.0
0,50400,153.0
0,50460,188.0
0,50520,202.0
0,50580,206.0
0,50640,159.0
0,50700,177.0
0,50760,177.0
0,50820,200.0
0,50880,164.0
0,50940,159.0
0,51000,173.0
0,51060,180.0
0,51120,274.0
0,51180,304.0
0,51240,225.0
0,51300,192.0
0,51360,187.0
0,51420,204.0
0,51480,281.0
0,51540,216.0
0,51600,181.0
0,51660,203.0
0,51720,218.0
0,51780,224.0
0,51840,201.0
0,51900,143.0
0,51960,160.0
0,52020,211.0
0,52080,174.0
0,52140,208.0
0,52200,140.0
0,52260,144.0
0,52320,188.0
0,52380,119.0
0,52440,169.0
0,52500,152.0
0,52560,136.0
0,52620,197.0
0,52680,159.0
0,52740,147.0
0,52800,178.0
0,52860,136.0
0,52920,166.0
0,52980,168.0
0,53040,129.0
0,53100,195.0
0,53160,202.0
0,53220,164.0
0,53280,162.0
0,53340,183.0
0,53400,161.0
0,53460,170.0
0,53520,212.0
0,53580,171.0
0,53640,153.0
0,53700,190.0
0,53760,177.0
0,53820,176.0
0,53880,166.0
0,53940,204.0
0,54000,202.0
0,54060,183.0
0,54120,215.0
0,54180,183.0
0,54240,235.0
0,54300,173.0
0,54360,182.0
0,54420,244.0
0,54480,158.0
0,54540,165.0
0,54600,187.0
0,54660,209.0
0,54720,194.0
0,54780,177.0
0,54840,217.0
0,54900,125.0
0,54960,156.0
0,55020,162.0
0,55080,146.0
0,55140,134.0
0,55200,140.0
0,55260,141.0
0,55320,142.0
0,55380,162.0
0,55440,180.0
0,55500,216.0
0,55560,217.0
0,55620,215.0
0,55680,213.0
0,55740,209.0
0,55800,220.0
0,55860,197.0
0,55920,201.0
0,55980,211.0
0,56040,216.0
0,56100,176.0
0,56160,144.0
0,56220,176.0
0,56280,168.0
0,56340,177.0
0,56400,178.0
0,56460,217.0
0,56520,208.0
0,56580,190.0
0,56640,139.0
0,56700,176.0
0,56760,187.0
0,56820,214.0
0,56880,226.0
0,56940,149.0
0,57000,161.0
0,57060,154.0
0,57120,168.0
0,57180,166.0
0,57240,174.0
0,57300,134.0
0,57360,167.0
0,57420,176.0
0,57480,197.0
0,57540,195.0
0,57600,138.0
0,57660,130.0
0,57720,173.0
0,57780,160.0
0,57840,170.0
0,57900,156.0
0,57960,174.0
0,58020,204.0
0,58080,231.0
0,58140,203.0
0,58200,187.0
0,58260,209.0
0,58320,228.0
0,58380,268.0
0,58440,209.0
0,58500,233.0
0,58560,201.0
0,58620,234.0
0,58680,209.0
0,58740,253.0
0,58800,212.0
0,58860,190.0
0,58920,197.0
0,58980,190.0
0,59040,189.0
0,59100,202.0
0,59160,196.0
0,59220,148.0
0,59280,193.0
0,59340,204.0
0,59400,208.0
0,59460,213.0
0,59520,181.0
0,59580,164.0
0,59640,140.0
0,59700,163.0
0,59760,185.0
0,59820,166.0
0,59880,195.0
0,59940,204.0
0,60000,170.0
0,60060,262.0
0,60120,160.0
0,60180,185.0
0,60240,186.0
0,60300,139.0
0,60360,198.0
0,60420,197.0
0,60480,169.0
0,60540,178.0
0,60600,219.0
0,60660,163.0
0,60720,155.0
0,60780,208.0
0,60840,231.0
0,60900,189.0
0,60960,184.0
0,61020,166.0
0,61080,204.0
0,61140,185.0
0,61200,180.0
0,61260,149.0
0,61320,156.0
0,61380,167.0
0,61440,169.0
0,61500,173.0
0,61560,201.0
0,61620,214.0
0,61680,203.0
0,61740,191.0
0,61800,216.0
0,61860,185.0
0,61920,246.0
0,61980,223.0
0,62040,197.0
0,62100,215.0
0,62160,269.0
0,62220,223.0
0,62280,227.0
0,62340,229.0
0,62400,213.0
0,62460,236.0
0,62520,225.0
0,62580,167.0
0,62640,139.0
0,62700,171.0
0,62760,151.0
0,62820,164.0
0,62880,196.0
0,62940,180.0
0,63000,148.0
0,63060,145.0
0,63120,166.0
0,63180,188.0
0,63240,144.0
0,63300,194.0
0,63360,210.0
0,63420,174.0
0,63480,167.0
0,63540,165.0
0,63600,194.0
0,63660,200.0
0,63720,161.0
0,63780,192.0
0,63840,186.0
0,63900,146.0
0,63960,229.0
0,64020,142.0
0,64080,148.0
0,64140,144.0
0,64200,155.0
0,64260,163.0
0,64320,156.0
0,64380,229.0
0,64440,161.0
0,64500,225.0
0,64560,167.0
0,64620,174.0
0,64680,161.0
0,64740,215.0
0,64800,213.0
0,64860,151.0
0,64920,171.0
0,64980,150.0
0,65040,151.0
0,65100,152.0
0,65160,203.0
0,65220,183.0
0,65280,198.0
0,65340,237.0
0,65400,239.0
0,65460,247.0
0,65520,216.0
0,65580,214.0
0,65640,244.0
0,65700,236.0
0,65760,233.0
0,65820,190.0
0,65880,190.0
0,65940,169.0
0,66000,171.0
0,66060,200.0
0,66120,177.0
0,66180,192.0
0,66240,193.0
0,66300,202.0
0,66360,160.0
0,66420,177.0
0,66480,147.0
0,66540,152.0
0,66600,181.0
0,66660,181.0
0,66720,156.0
0,66780,213.0
0,66840,168.0
0,66900,127.0
0,66960,129.0
0,67020,215.0
0,67080,163.0
0,67140,259.0
0,67200,223.0
0,67260,187.0
0,67320,197.0
0,67380,158.0
0,67440,192.0
0,67500,163.0
0,67560,195.0
0,67620,176.0
0,67680,213.0
0,67740,153.0
0,67800,167.0
0,67860,155.0
0,67920,168.0
0,67980,177.0
0,68040,185.0
0,68100,209.0
0,68160,171.0
0,68220,140.0
0,68280,142.0
0,68340,159.0
0,68400,132.0
0,68460,145.0
0,68520,148.0
0,68580,123.0
0,68640,162.0
0,68700,201.0
0,68760,128.0
0,68820,138.0
0,68880,154.0
0,68940,152.0
0,69000,119.0
0,69060,177.0
0,69120,193.0
0,69180,194.0
0,69240,178.0
0,69300,147.0
0,69360,129.0
0,69420,155.0
0,69480,127.0
0,69540,141.0
0,69600,190.0
0,69660,196.0
0,69720,173.0
0,69780,140.0
0,69840,160.0
0,69900,142.0
0,69960,146.0
0,70020,174.0
0,70080,173.0
0,70140,178.0
0,70200,222.0
0,70260,138.0
0,70320,190.0
0,70380,174.0
0,70440,211.0
0,70500,148.0
0,70560,191.0
0,70620,201.0
0,70680,181.0
0,70740,203.0
0,70800,211.0
0,70860,229.0
0,70920,232.0
0,70980,189.0
0,71040,174.0
0,71100,178.0
0,71160,136.0
0,71220,144.0
0,71280,164.0
0,71340,129.0
0,71400,147.0
0,71460,170.0
0,71520,146.0
0,71580,178.0
0,71640,162.0
0,71700,166.0
0,71760,164.0
0,71820,171.0
0,71880,181.0
0,71940,156.0
0,72000,171.0
0,72060,206.0
0,72120,189.0
0,72180,160.0
0,72240,193.0
0,72300,155.0
0,72360,172.0
0,72420,168.0
0,72480,129.0
0,72540,126.0
0,72600,159.0
0,72660,162.0
0,72720,176.0
0,72780,205.0
0,72840,169.0
0,72900,156.0
0,72960,173.0
0,73020,127.0
0,73080,173.0
0,73140,162.0
0,73200,135.0
0,73260,219.0
0,73320,209.0
0,73380,217.0
0,73440,216.0
0,73500,180.0
0,73560,259.0
0,73620,247.0
0,73680,225.0
0,73740,212.0
0,73800,196.0
0,73860,245.0
0,73920,215.0
0,73980,245.0
0,74040,231.0
0,74100,193.0
0,74160,153.0
0,74220,205.0
0,74280,198.0
0,74340,174.0
0,74400,183.0
0,74460,159.0
0,74520,180.0
0,74580,170.0
0,74640,159.0
0,74700,192.0
0,74760,153.0
0,74820,168.0
0,74880,131.0
0,74940,191.0
0,75000,222.0
0,75060,207.0
0,75120,180.0
0,75180,206.0
0,75240,188.0
0,75300,151.0
0,75360,185.0
0,75420,218.0
0,75480,223.0
0,75540,184.0
0,75600,238.0
0,75660,214.0
0,75720,195.0
0,75780,167.0
0,75840,174.0
0,75900,194.0
0,75960,250.0
0,76020,194.0
0,76080,268.0
0,76140,223.0
0,76200,236.0
0,76260,207.0
0,76320,242.0
0,76380,207.0
0,76440,227.0
0,76500,166.0
0,76560,130.0
0,76620,181.0
0,76680,203.0
0,76740,215.0
0,76800,195.0
0,76860,172.0
0,76920,150.0
0,76980,176.0
0,77040,171.0
0,77100,191.0
0,77160,162.0
0,77220,214.0
0,77280,201.0
0,77340,173.0
0,77400,196.0
0,77460,203.0
0,77520,220.0
0,77580,207.0
0,77640,201.0
0,77700,198.0
0,77760,165.0
0,77820,203.0
0,77880,219.0
0,77940,165.0
0,78000,170.0
0,78060,197.0
0,78120,151.0
0,78180,222.0
0,78240,197.0
0,78300,248.0
0,78360,187.0
0,78420,155.0
0,78480,156.0
0,78540,182.0
0,78600,173.0
0,78660,205.0
0,78720,167.0
0,78780,173.0
0,78840,211.0
0,78900,161.0
0,78960,165.0
0,79020,205.0
0,79080,188.0
0,79140,240.0
0,79200,217.0
0,79260,232.0
0,79320,176.0
0,79380,202.0
0,79440,182.0
0,79500,180.0
0,79560,210.0
0,79620,229.0
0,79680,275.0
0,79740,231.0
0,79800,208.0
0,79860,214.0
0,79920,206.0
0,79980,248.0
0,80040,216.0
0,80100,225.0
0,80160,197.0
0,80220,193.0
0,80280,165.0
0,80340,198.0
0,80400,184.0
0,80460,159.0
0,80520,197.0
0,80580,178.0
0,80640,170.0
0,80700,178.0
0,80760,191.0
0,80820,210.0
0,80880,249.0
0,80940,218.0
0,81000,203.0
0,81060,225.0
0,81120,210.0
0,81180,152.0
0,81240,168.0
0,81300,162.0
0,81360,142.0
0,81420,188.0
0,81480,170.0
0,81540,182.0
0,81600,224.0
0,81660,170.0
0,81720,135.0
0,81780,136.0
0,81840,155.0
0,81900,176.0
0,81960,143.0
0,82020,168.0
0,82080,173.0
0,82140,140.0
0,82200,155.0
0,82260,144.0
0,82320,150.0
0,82380,159.0
0,82440,150.0
0,82500,217.0
0,82560,142.0
0,82620,163.0
0,82680,132.0
0,82740,148.0
0,82800,203.0
0,82860,222.0
0,82920,186.0
0,82980,180.0
0,83040,174.0
0,83100,177.0
0,83160,217.0
0,83220,164.0
0,83280,198.0
0,83340,168.0
0,83400,222.0
0,83460,198.0
0,83520,258.0
0,83580,239.0
0,83640,213.0
0,83700,183.0
0,83760,178.0
0,83820,187.0
0,83880,194.0
0,83940,146.0
0,84000,164.0
0,84060,134.0
0,84120,144.0
0,84180,114.0
0,84240,151.0
0,84300,126.0
0,84360,125.0
0,84420,151.0
0,84480,144.0
0,84540,184.0
0,84600,217.0
0,84660,176.0
0,84720,170.0
0,84780,144.0
0,84840,129.0
0,84900,174.0
0,84960,141.0
0,85020,168.0
0,85080,167.0
0,85140,165.0
0,85200,163.0
0,85260,106.0
0,85320,134.0
0,85380,133.0
0,85440,112.0
0,85500,140.0
0,85560,195.0
0,85620,189.0
0,85680,122.0
0,85740,138.0
0,85800,141.0
0,85860,121.0
0,85920,151.0
0,85980,147.0
0,86040,139.0
0,86100,134.0
0,86160,183.0
0,86220,136.0
0,86280,111.0
0,86340,165.0
1,86400,114.0
1,86460,106.0
1,86520,90.0
1,86580,145.0
1,86640,107.0
1,86700,106.0
1,86760,102.0
1,86820,103.0
1,86880,112.0
1,86940,103.0
1,87000,172.0
1,87060,187.0
1,87120,177.0
1,87180,167.0
1,87240,98.0
1,87300,114.0
1,87360,117.0
1,87420,56.0
1,87480,79.0
1,87540,122.0
1,87600,126.0
1,87660,129.0
1,87720,79.0
1,87780,111.0
1,87840,96.0
1,87900,152.0
1,87960,158.0
1,88020,144.0
1,88080,117.0
1,88140,125.0
1,88200,102.0
1,88260,93.0
1,88320,132.0
1,88380,119.0
1,88440,107.0
1,88500,117.0
1,88560,85.0
1,88620,102.0
1,88680,125.0
1,88740,130.0
1,88800,112.0
1,88860,89.0
1,88920,130.0
1,88980,129.0
1,89040,96.0
1,89100,126.0
1,89160,96.0
1,89220,79.0
1,89280,102.0
1,89340,87.0
1,89400,99.0
1,89460,84.0
1,89520,114.0
1,89580,91.0
1,89640,119.0
1,89700,107.0
1,89760,91.0
1,89820,66.0
1,89880,100.0
1,89940,96.0
1,90000,76.0
1,90060,125.0
1,90120,78.0
1,90180,57.0
1,90240,94.0
1,90300,78.0
1,90360,74.0
1,90420,112.0
1,90480,75.0
1,90540,61.0
1,90600,108.0
1,90660,74.0
1,90720,54.0
1,90780,71.0
1,90840,109.0
1,90900,56.0
1,90960,85.0
1,91020,77.0
1,91080,60.0
1,91140,80.0
1,91200,60.0
1,91260,47.0
1,91320,57.0
1,91380,52.0
1,91440,76.0
1,91500,65.0
1,91560,79.0
1,91620,86.0
1,91680,59.0
1,91740,83.0
1,91800,83.0
1,91860,57.0
1,91920,30.0
1,91980,63.0
1,92040,71.0
1,92100,78.0
1,92160,105.0
1,92220,71.0
1,92280,89.0
1,92340,74.0
1,92400,52.0
1,92460,57.0
1,92520,47.0
1,92580,81.0
1,92640,77.0
1,92700,70.0
1,92760,45.0
1,92820,37.0
1,92880,67.0
1,92940,65.0
1,93000,79.0
1,93060,77.0
1,93120,69.0
1,93180,68.0
1,93240,76.0
1,93300,96.0
1,93360,84.0
1,93420,75.0
1,93480,51.0
1,93540,103.0
1,93600,85.0
1,93660,59.0
1,93720,42.0
1,93780,42.0
1,93840,68.0
1,93900,52.0
1,93960,49.0
1,94020,36.0
1,94080,47.0
1,94140,50.0
1,94200,37.0
1,94260,45.0
1,94320,58.0
1,94380,40.0
1,94440,58.0
1,94500,49.0
1,94560,51.0
1,94620,40.0
1,94680,48.0
1,94740,36.0
1,94800,28.0
1,94860,46.0
1,94920,36.0
1,94980,21.0
1,95040,34.0
1,95100,37.0
1,95160,33.0
1,95220,43.0
1,95280,37.0
1,95340,40.0
1,95400,33.0
1,95460,37.0
1,95520,34.0
1,95580,39.0
1,95640,64.0
1,95700,54.0
1,95760,40.0
1,95820,41.0
1,95880,33.0
1,95940,55.0
1,96000,49.0
1,96060,37.0
1,96120,35.0
1,96180,33.0
1,96240,35.0
1,96300,30.0
1,96360,38.0
1,96420,35.0
1,96480,28.0
1,96540,38.0
1,96600,39.0
1,96660,45.0
1,96720,54.0
1,96780,64.0
1,96840,47.0
1,96900,29.0
1,96960,26.0
1,97020,35.0
1,97080,22.0
1,97140,16.0
1,97200,16.0
1,97260,26.0
1,97320,33.0
1,97380,36.0
1,97440,39.0
1,97500,33.0
1,97560,38.0
1,97620,15.0
1,97680,52.0
1,97740,25.0
1,97800,22.0
1,97860,28.0
1,97920,28.0
1,97980,32.0
1,98040,25.0
1,98100,18.0
1,98160,28.0
1,98220,25.0
1,98280,27.0
1,98340,22.0
1,98400,40.0
1,98460,17.0
1,98520,41.0
1,98580,38.0
1,98640,44.0
1,98700,33.0
1,98760,14.0
1,98820,28.0
1,98880,41.0
1,98940,34.0
1,99000,30.0
1,99060,33.0
1,99120,24.0
1,99180,14.0
1,99240,41.0
1,99300,27.0
1,99360,40.0
1,99420,18.0
1,99480,20.0
1,99540,22.0
1,99600,12.0
1,99660,40.0
1,99720,17.0
1,99780,22.0
1,99840,26.0
1,99900,14.0
1,99960,33.0
1,100020,22.0
1,100080,28.0
1,100140,25.0
1,100200,27.0
1,100260,14.0
1,100320,19.0
1,100380,43.0
1,100440,13.0
1,100500,8.0
1,100560,14.0
1,100620,9.0
1,100680,22.0
1,100740,21.0
1,100800,26.0
1,100860,8.0
1,100920,15.0
1,100980,7.0
1,101040,26.0
1,101100,22.0
1,101160,15.0
1,101220,26.0
1,101280,45.0
1,101340,37.0
1,101400,24.0
1,101460,20.0
1,101520,13.0
1,101580,48.0
1,101640,32.0
1,101700,28.0
1,101760,9.0
1,101820,15.0
1,101880,25.0
1,101940,12.0
1,102000,18.0
1,102060,10.0
1,102120,9.0
1,102180,9.0
1,102240,33.0
1,102300,22.0
1,102360,16.0
1,102420,21.0
1,102480,15.0
1,102540,25.0
1,102600,9.0
1,102660,8.0
1,102720,5.0
1,102780,10.0
1,102840,20.0
1,102900,4.0
1,102960,15.0
1,103020,7.0
1,103080,15.0
1,103140,16.0
1,103200,6.0
1,103260,22.0
1,103320,7.0
1,103380,16.0
1,103440,20.0
1,103500,17.0
1,103560,8.0
1,103620,13.0
1,103680,12.0
1,103740,9.0
1,103800,17.0
1,103860,22.0
1,103920,17.0
1,103980,40.0
1,104040,44.0
1,104100,21.0
1,104160,39.0
1,104220,55.0
1,104280,47.0
1,104340,42.0
1,104400,48.0
1,104460,37.0
1,104520,32.0
1,104580,27.0
1,104640,25.0
1,104700,39.0
1,104760,36.0
1,104820,34.0
1,104880,46.0
1,104940,47.0
1,105000,30.0
1,105060,24.0
1,105120,51.0
1,105180,34.0
1,105240,35.0
1,105300,48.0
1,105360,38.0
1,105420,25.0
1,105480,32.0
1,105540,32.0
1,105600,15.0
1,105660,26.0
1,105720,28.0
1,105780,29.0
1,105840,28.0
1,105900,6.0
1,105960,8.0
1,106020,8.0
1,106080,8.0
1,106140,12.0
1,106200,9.0
1,106260,9.0
1,106320,6.0
1,106380,15.0
1,106440,15.0
1,106500,4.0
1,106560,12.0
1,106620,12.0
1,106680,9.0
1,106740,24.0
1,106800,14.0
1,106860,17.0
1,106920,6.0
1,106980,9.0
1,107040,7.0
1,107100,7.0
1,107160,7.0
1,107220,19.0
1,107280,27.0
1,107340,39.0
1,107400,12.0
1,107460,25.0
1,107520,16.0
1,107580,9.0
1,107640,12.0
1,107700,13.0
1,107760,9.0
1,107820,9.0
1,107880,4.0
1,107940,8.0
1,108000,4.0
1,108060,2.0
1,108120,28.0
1,108180,13.0
1,108240,19.0
1,108300,4.0
1,108360,4.0
1,108420,8.0
1,108480,18.0
1,108540,40.0
1,108600,17.0
1,108660,14.0
1,108720,13.0
1,108780,12.0
1,108840,1.0
1,108900,23.0
1,108960,44.0
1,109020,49.0
1,109080,39.0
1,109140,39.0
1,109200,25.0
1,109260,24.0
1,109320,43.0
1,109380,59.0
1,109440,39.0
1,109500,42.0
1,109560,34.0
1,109620,22.0
1,109680,30.0
1,109740,30.0
1,109800,37.0
1,109860,51.0
1,109920,28.0
1,109980,26.0
1,110040,16.0
1,110100,4.0
1,110160,7.0
1,110220,13.0
1,110280,19.0
1,110340,12.0
1,110400,6.0
1,110460,15.0
1,110520,8.0
1,110580,13.0
1,110640,10.0
1,110700,13.0
1,110760,12.0
1,110820,5.0
1,110880,10.0
1,110940,12.0
1,111000,7.0
1,111060,8.0
1,111120,10.0
1,111180,14.0
1,111240,14.0
1,111300,7.0
1,111360,13.0
1,111420,41.0
1,111480,22.0
1,111540,13.0
1,111600,17.0
1,111660,25.0
1,111720,21.0
1,111780,20.0
1,111840,14.0
1,111900,8.0
1,111960,13.0
1,112020,13.0
1,112080,42.0
1,112140,54.0
1,112200,60.0
1,112260,56.0
1,112320,67.0
1,112380,54.0
1,112440,59.0
1,112500,49.0
1,112560,55.0
1,112620,57.0
1,112680,60.0
1,112740,68.0
1,112800,39.0
1,112860,30.0
1,112920,28.0
1,112980,28.0
1,113040,14.0
1,113100,22.0
1,113160,14.0
1,113220,24.0
1,113280,39.0
1,113340,19.0
1,113400,21.0
1,113460,29.0
1,113520,32.0
1,113580,28.0
1,113640,24.0
1,113700,32.0
1,113760,37.0
1,113820,54.0
1,113880,38.0
1,113940,26.0
1,114000,22.0
1,114060,27.0
1,114120,51.0
1,114180,35.0
1,114240,33.0
1,114300,49.0
1,114360,38.0
1,114420,37.0
1,114480,32.0
1,114540,67.0
1,114600,80.0
1,114660,47.0
1,114720,39.0
1,114780,40.0
1,114840,42.0
1,114900,42.0
1,114960,57.0
1,115020,55.0
1,115080,72.0
1,115140,49.0
1,115200,63.0
1,115260,37.0
1,115320,50.0
1,115380,52.0
1,115440,70.0
1,115500,42.0
1,115560,61.0
1,115620,48.0
1,115680,81.0
1,115740,118.0
1,115800,96.0
1,115860,85.0
1,115920,103.0
1,115980,97.0
1,116040,93.0
1,116100,68.0
1,116160,30.0
1,116220,45.0
1,116280,58.0
1,116340,77.0
1,116400,91.0
1,116460,52.0
1,116520,62.0
1,116580,76.0
1,116640,48.0
1,116700,65.0
1,116760,99.0
1,116820,97.0
1,116880,138.0
1,116940,112.0
1,117000,131.0
1,117060,145.0
1,117120,107.0
1,117180,77.0
1,117240,75.0
1,117300,101.0
1,117360,70.0
1,117420,65.0
1,117480,83.0
1,117540,62.0
1,117600,57.0
1,117660,70.0
1,117720,71.0
1,117780,65.0
1,117840,99.0
1,117900,92.0
1,117960,107.0
1,118020,83.0
1,118080,104.0
1,118140,54.0
1,118200,102.0
1,118260,105.0
1,118320,79.0
1,118380,103.0
1,118440,102.0
1,118500,102.0
1,118560,109.0
1,118620,78.0
1,118680,79.0
1,118740,79.0
1,118800,57.0
1,118860,66.0
1,118920,97.0
1,118980,103.0
1,119040,103.0
1,119100,112.0
1,119160,61.0
1,119220,81.0
1,119280,97.0
1,119340,147.0
1,119400,139.0
1,119460,109.0
1,119520,107.0
1,119580,101.0
1,119640,108.0
1,119700,81.0
1,119760,141.0
1,119820,101.0
1,119880,97.0
1,119940,114.0
1,120000,107.0
1,120060,131.0
1,120120,94.0
1,120180,107.0
1,120240,112.0
1,120300,87.0
1,120360,124.0
1,120420,87.0
1,120480,97.0
1,120540,128.0
1,120600,135.0
1,120660,125.0
1,120720,112.0
1,120780,158.0
1,120840,124.0
1,120900,111.0
1,120960,134.0
1,121020,141.0
1,121080,143.0
1,121140,148.0
1,121200,138.0
1,121260,193.0
1,121320,163.0
1,121380,177.0
1,121440,167.0
1,121500,116.0
1,121560,111.0
1,121620,185.0
1,121680,166.0
1,121740,168.0
1,121800,150.0
1,121860,129.0
1,121920,135.0
1,121980,142.0
1,122040,123.0
1,122100,110.0
1,122160,164.0
1,122220,207.0
1,122280,134.0
1,122340,125.0
1,122400,134.0
1,122460,141.0
1,122520,203.0
1,122580,169.0
1,122640,215.0
1,122700,194.0
1,122760,194.0
1,122820,207.0
1,122880,181.0
1,122940,143.0
1,123000,159.0
1,123060,120.0
1,123120,162.0
1,123180,189.0
1,123240,124.0
1,123300,144.0
1,123360,133.0
1,123420,145.0
1,123480,122.0
1,123540,123.0
1,123600,145.0
1,123660,156.0
1,123720,173.0
1,123780,165.0
1,123840,169.0
1,123900,145.0
1,123960,139.0
1,124020,193.0
1,124080,182.0
1,124140,219.0
1,124200,191.0
1,124260,184.0
1,124320,214.0
1,124380,205.0
1,124440,189.0
1,124500,141.0
1,124560,150.0
1,124620,144.0
1,124680,204.0
1,124740,201.0
1,124800,163.0
1,124860,186.0
1,124920,155.0
1,124980,172.0
1,125040,227.0
1,125100,178.0
1,125160,152.0
1,125220,198.0
1,125280,180.0
1,125340,148.0
1,125400,185.0
1,125460,147.0
1,125520,121.0
1,125580,167.0
1,125640,215.0
1,125700,143.0
1,125760,170.0
1,125820,160.0
1,125880,164.0
1,125940,180.0
1,126000,172.0
1,126060,191.0
1,126120,202.0
1,126180,166.0
1,126240,176.0
1,126300,187.0
1,126360,178.0
1,126420,169.0
1,126480,190.0
1,126540,168.0
1,126600,166.0
1,126660,190.0
1,126720,218.0
1,126780,178.0
1,126840,219.0
1,126900,183.0
1,126960,233.0
1,127020,167.0
1,127080,156.0
1,127140,166.0
1,127200,189.0
1,127260,201.0
1,127320,204.0
1,127380,161.0
1,127440,212.0
1,127500,174.0
1,127560,186.0
1,127620,174.0
1,127680,184.0
1,127740,213.0
1,127800,143.0
1,127860,147.0
1,127920,230.0
1,127980,243.0
1,128040,250.0
1,128100,238.0
1,128160,243.0
1,128220,227.0
1,128280,237.0
1,128340,187.0
1,128400,185.0
1,128460,261.0
1,128520,268.0
1,128580,174.0
1,128640,219.0
1,128700,197.0
1,128760,214.0
1,128820,232.0
1,128880,158.0
1,128940,175.0
1,129000,146.0
1,129060,144.0
1,129120,153.0
1,129180,176.0
1,129240,181.0
1,129300,167.0
1,129360,167.0
1,129420,171.0
1,129480,244.0
1,129540,172.0
1,129600,183.0
1,129660,174.0
1,129720,206.0
1,129780,164.0
1,129840,171.0
1,129900,207.0
1,129960,164.0
1,130020,204.0
1,130080,204.0
1,130140,168.0
1,130200,202.0
1,130260,170.0
1,130320,178.0
1,130380,188.0
1,130440,208.0
1,130500,237.0
1,130560,167.0
1,130620,195.0
1,130680,223.0
1,130740,194.0
1,130800,224.0
1,130860,214.0
1,130920,233.0
1,130980,176.0
1,131040,237.0
1,131100,216.0
1,131160,240.0
1,131220,232.0
1,131280,213.0
1,131340,247.0
1,131400,253.0
1,131460,213.0
1,131520,178.0
1,131580,219.0
1,131640,161.0
1,131700,146.0
1,131760,185.0
1,131820,187.0
1,131880,174.0
1,131940,181.0
1,132000,148.0
1,132060,186.0
1,132120,185.0
1,132180,189.0
1,132240,141.0
1,132300,155.0
1,132360,83.0
1,132420,185.0
1,132480,184.0
1,132540,139.0
1,132600,151.0
1,132660,171.0
1,132720,148.0
1,132780,152.0
1,132840,171.0
1,132900,161.0
1,132960,141.0
1,133020,147.0
1,133080,163.0
1,133140,155.0
1,133200,190.0
1,133260,148.0
1,133320,148.0
1,133380,172.0
1,133440,167.0
1,133500,208.0
1,133560,163.0
1,133620,166.0
1,133680,171.0
1,133740,220.0
1,133800,238.0
1,133860,223.0
1,133920,232.0
1,133980,233.0
1,134040,215.0
1,134100,172.0
1,134160,181.0
1,134220,220.0
1,134280,168.0
1,134340,187.0
1,134400,208.0
1,134460,189.0
1,134520,267.0
1,134580,265.0
1,134640,274.0
1,134700,289.0
1,134760,218.0
1,134820,205.0
1,134880,187.0
1,134940,173.0
1,135000,184.0
1,135060,258.0
1,135120,190.0
1,135180,128.0
1,135240,160.0
1,135300,178.0
1,135360,210.0
1,135420,153.0
1,135480,178.0
1,135540,155.0
1,135600,170.0
1,135660,168.0
1,135720,145.0
1,135780,148.0
1,135840,172.0
1,135900,138.0
1,135960,112.0
1,136020,147.0
1,136080,164.0
1,136140,140.0
1,136200,145.0
1,136260,146.0
1,136320,174.0
1,136380,219.0
1,136440,204.0
1,136500,182.0
1,136560,192.0
1,136620,225.0
1,136680,189.0
1,136740,216.0
1,136800,218.0
1,136860,208.0
1,136920,219.0
1,136980,254.0
1,137040,277.0
1,137100,231.0
1,137160,236.0
1,137220,204.0
1,137280,243.0
1,137340,234.0
1,137400,253.0
1,137460,211.0
1,137520,229.0
1,137580,198.0
1,137640,176.0
1,137700,166.0
1,137760,222.0
1,137820,208.0
1,137880,197.0
1,137940,244.0
1,138000,163.0
1,138060,194.0
1,138120,188.0
1,138180,205.0
1,138240,176.0
1,138300,182.0
1,138360,206.0
1,138420,222.0
1,138480,181.0
1,138540,204.0
1,138600,191.0
1,138660,149.0
1,138720,172.0
1,138780,155.0
1,138840,164.0
1,138900,174.0
1,138960,185.0
1,139020,161.0
1,139080,173.0
1,139140,213.0
1,139200,171.0
1,139260,153.0
1,139320,188.0
1,139380,188.0
1,139440,151.0
1,139500,159.0
1,139560,180.0
1,139620,138.0
1,139680,151.0
1,139740,159.0
1,139800,173.0
1,139860,161.0
1,139920,173.0
1,139980,222.0
1,140040,148.0
1,140100,159.0
1,140160,153.0
1,140220,203.0
1,140280,205.0
1,140340,204.0
1,140400,180.0
1,140460,211.0
1,140520,159.0
1,140580,212.0
1,140640,193.0
1,140700,196.0
1,140760,204.0
1,140820,144.0
1,140880,209.0
1,140940,176.0
1,141000,152.0
1,141060,271.0
1,141120,210.0
1,141180,216.0
1,141240,214.0
1,141300,230.0
1,141360,174.0
1,141420,194.0
1,141480,159.0
1,141540,176.0
1,141600,165.0
1,141660,211.0
1,141720,180.0
1,141780,219.0
1,141840,175.0
1,141900,154.0
1,141960,182.0
1,142020,223.0
1,142080,174.0
1,142140,171.0
1,142200,208.0
1,142260,152.0
1,142320,196.0
1,142380,215.0
1,142440,185.0
1,142500,276.0
1,142560,219.0
1,142620,247.0
1,142680,243.0
1,142740,271.0
1,142800,257.0
1,142860,212.0
1,142920,208.0
1,142980,213.0
1,143040,186.0
1,143100,184.0
1,143160,197.0
1,143220,174.0
1,143280,169.0
1,143340,222.0
1,143400,186.0
1,143460,217.0
1,143520,201.0
1,143580,152.0
1,143640,146.0
1,143700,135.0
1,143760,165.0
1,143820,168.0
1,143880,162.0
1,143940,160.0
1,144000,165.0
1,144060,156.0
1,144120,116.0
1,144180,144.0
1,144240,176.0
1,144300,125.0
1,144360,127.0
1,144420,138.0
1,144480,217.0
1,144540,231.0
1,144600,191.0
1,144660,182.0
1,144720,240.0
1,144780,195.0
1,144840,219.0
1,144900,162.0
1,144960,126.0
1,145020,118.0
1,145080,160.0
1,145140,148.0
1,145200,188.0
1,145260,219.0
1,145320,215.0
1,145380,228.0
1,145440,168.0
1,145500,181.0
1,145560,248.0
1,145620,204.0
1,145680,206.0
1,145740,184.0
1,145800,196.0
1,145860,172.0
1,145920,172.0
1,145980,163.0
1,146040,147.0
1,146100,139.0
1,146160,146.0
1,146220,167.0
1,146280,187.0
1,146340,224.0
1,146400,188.0
1,146460,171.0
1,146520,167.0
1,146580,166.0
1,146640,150.0
1,146700,171.0
1,146760,195.0
1,146820,184.0
1,146880,200.0
1,146940,169.0
1,147000,191.0
1,147060,156.0
1,147120,216.0
1,147180,192.0
1,147240,170.0
1,147300,130.0
1,147360,132.0
1,147420,174.0
1,147480,164.0
1,147540,177.0
1,147600,196.0
1,147660,166.0
1,147720,173.0
1,147780,218.0
1,147840,193.0
1,147900,166.0
1,147960,159.0
1,148020,156.0
1,148080,176.0
1,148140,155.0
1,148200,130.0
1,148260,156.0
1,148320,130.0
1,148380,166.0
1,148440,178.0
1,148500,197.0
1,148560,161.0
1,148620,224.0
1,148680,178.0
1,148740,173.0
1,148800,170.0
1,148860,194.0
1,148920,166.0
1,148980,192.0
1,149040,186.0
1,149100,200.0
1,149160,197.0
1,149220,168.0
1,149280,120.0
1,149340,155.0
1,149400,208.0
1,149460,252.0
1,149520,215.0
1,149580,207.0
1,149640,195.0
1,149700,189.0
1,149760,149.0
1,149820,204.0
1,149880,191.0
1,149940,205.0
1,150000,188.0
1,150060,176.0
1,150120,140.0
1,150180,139.0
1,150240,144.0
1,150300,164.0
1,150360,124.0
1,150420,123.0
1,150480,193.0
1,150540,197.0
1,150600,188.0
1,150660,205.0
1,150720,202.0
1,150780,206.0
1,150840,195.0
1,150900,176.0
1,150960,131.0
1,151020,142.0
1,151080,145.0
1,151140,190.0
1,151200,162.0
1,151260,185.0
1,151320,183.0
1,151380,127.0
1,151440,126.0
1,151500,148.0
1,151560,170.0
1,151620,149.0
1,151680,180.0
1,151740,147.0
1,151800,198.0
1,151860,209.0
1,151920,180.0
1,151980,198.0
1,152040,177.0
1,152100,204.0
1,152160,207.0
1,152220,210.0
1,152280,133.0
1,152340,227.0
1,152400,197.0
1,152460,147.0
1,152520,148.0
1,152580,132.0
1,152640,165.0
1,152700,204.0
1,152760,138.0
1,152820,162.0
1,152880,161.0
1,152940,152.0
1,153000,145.0
1,153060,171.0
1,153120,194.0
1,153180,167.0
1,153240,156.0
1,153300,143.0
1,153360,163.0
1,153420,142.0
1,153480,182.0
1,153540,158.0
1,153600,139.0
1,153660,152.0
1,153720,193.0
1,153780,155.0
1,153840,170.0
1,153900,160.0
1,153960,146.0
1,154020,134.0
1,154080,136.0
1,154140,163.0
1,154200,161.0
1,154260,150.0
1,154320,139.0
1,154380,131.0
1,154440,152.0
1,154500,163.0
1,154560,160.0
1,154620,139.0
1,154680,160.0
1,154740,140.0
1,154800,121.0
1,154860,154.0
1,154920,148.0
1,154980,138.0
1,155040,164.0
1,155100,174.0
1,155160,187.0
1,155220,158.0
1,155280,151.0
1,155340,106.0
1,155400,130.0
1,155460,142.0
1,155520,184.0
1,155580,170.0
1,155640,201.0
1,155700,145.0
1,155760,140.0
1,155820,162.0
1,155880,176.0
1,155940,202.0
1,156000,165.0
1,156060,160.0
1,156120,149.0
1,156180,125.0
1,156240,131.0
1,156300,148.0
1,156360,141.0
1,156420,153.0
1,156480,152.0
1,156540,153.0
1,156600,141.0
1,156660,155.0
1,156720,152.0
1,156780,172.0
1,156840,165.0
1,156900,155.0
1,156960,166.0
1,157020,197.0
1,157080,153.0
1,157140,138.0
1,157200,146.0
1,157260,151.0
1,157320,156.0
1,157380,131.0
1,157440,164.0
1,157500,155.0
1,157560,209.0
1,157620,217.0
1,157680,214.0
1,157740,204.0
1,157800,185.0
1,157860,191.0
1,157920,189.0
1,157980,189.0
1,158040,231.0
1,158100,169.0
1,158160,156.0
1,158220,191.0
1,158280,187.0
1,158340,168.0
1,158400,191.0
1,158460,165.0
1,158520,161.0
1,158580,144.0
1,158640,228.0
1,158700,200.0
1,158760,142.0
1,158820,154.0
1,158880,188.0
1,158940,229.0
1,159000,172.0
1,159060,186.0
1,159120,135.0
1,159180,185.0
1,159240,224.0
1,159300,202.0
1,159360,200.0
1,159420,200.0
1,159480,228.0
1,159540,194.0
1,159600,169.0
1,159660,152.0
1,159720,148.0
1,159780,167.0
1,159840,133.0
1,159900,158.0
1,159960,191.0
1,160020,155.0
1,160080,139.0
1,160140,158.0
1,160200,193.0
1,160260,162.0
1,160320,129.0
1,160380,87.0
1,160440,120.0
1,160500,127.0
1,160560,155.0
1,160620,171.0
1,160680,143.0
1,160740,140.0
1,160800,207.0
1,160860,227.0
1,160920,218.0
1,160980,132.0
1,161040,147.0
1,161100,187.0
1,161160,197.0
1,161220,193.0
1,161280,173.0
1,161340,145.0
1,161400,185.0
1,161460,163.0
1,161520,190.0
1,161580,146.0
1,161640,163.0
1,161700,212.0
1,161760,213.0
1,161820,176.0
1,161880,156.0
1,161940,125.0
1,162000,146.0
1,162060,204.0
1,162120,184.0
1,162180,169.0
1,162240,189.0
1,162300,153.0
1,162360,123.0
1,162420,178.0
1,162480,232.0
1,162540,235.0
1,162600,210.0
1,162660,195.0
1,162720,190.0
1,162780,210.0
1,162840,166.0
1,162900,180.0
1,162960,155.0
1,163020,224.0
1,163080,195.0
1,163140,169.0
1,163200,160.0
1,163260,166.0
1,163320,133.0
1,163380,141.0
1,163440,144.0
1,163500,175.0
1,163560,127.0
1,163620,170.0
1,163680,182.0
1,163740,158.0
1,163800,142.0
1,163860,159.0
1,163920,168.0
1,163980,149.0
1,164040,138.0
1,164100,147.0
1,164160,142.0
1,164220,113.0
1,164280,156.0
1,164340,151.0
1,164400,127.0
1,164460,129.0
1,164520,143.0
1,164580,124.0
1,164640,131.0
1,164700,143.0
1,164760,156.0
1,164820,162.0
1,164880,143.0
1,164940,187.0
1,165000,151.0
1,165060,153.0
1,165120,184.0
1,165180,171.0
1,165240,114.0
1,165300,113.0
1,165360,141.0
1,165420,145.0
1,165480,224.0
1,165540,195.0
1,165600,192.0
1,165660,165.0
1,165720,224.0
1,165780,145.0
1,165840,177.0
1,165900,239.0
1,165960,177.0
1,166020,176.0
1,166080,185.0
1,166140,180.0
1,166200,213.0
1,166260,207.0
1,166320,184.0
1,166380,167.0
1,166440,223.0
1,166500,197.0
1,166560,228.0
1,166620,187.0
1,166680,156.0
1,166740,162.0
1,166800,187.0
1,166860,201.0
1,166920,200.0
1,166980,220.0
1,167040,171.0
1,167100,140.0
1,167160,140.0
1,167220,150.0
1,167280,111.0
1,167340,205.0
1,167400,131.0
1,167460,174.0
1,167520,159.0
1,167580,172.0
1,167640,182.0
1,167700,218.0
1,167760,145.0
1,167820,126.0
1,167880,133.0
1,167940,146.0
1,168000,129.0
1,168060,125.0
1,168120,158.0
1,168180,153.0
1,168240,130.0
1,168300,133.0
1,168360,120.0
1,168420,121.0
1,168480,144.0
1,168540,156.0
1,168600,121.0
1,168660,140.0
1,168720,125.0
1,168780,177.0
1,168840,139.0
1,168900,152.0
1,168960,166.0
1,169020,134.0
1,169080,152.0
1,169140,102.0
1,169200,127.0
1,169260,142.0
1,169320,172.0
1,169380,126.0
1,169440,133.0
1,169500,140.0
1,169560,144.0
1,169620,182.0
1,169680,146.0
1,169740,116.0
1,169800,148.0
1,169860,148.0
1,169920,162.0
1,169980,149.0
1,170040,174.0
1,170100,165.0
1,170160,160.0
1,170220,166.0
1,170280,180.0
1,170340,146.0
1,170400,124.0
1,170460,138.0
1,170520,148.0
1,170580,146.0
1,170640,183.0
1,170700,158.0
1,170760,140.0
1,170820,129.0
1,170880,107.0
1,170940,132.0
1,171000,130.0
1,171060,126.0
1,171120,164.0
1,171180,111.0
1,171240,87.0
1,171300,114.0
1,171360,110.0
1,171420,113.0
1,171480,100.0
1,171540,113.0
1,171600,120.0
1,171660,109.0
1,171720,103.0
1,171780,86.0
1,171840,125.0
1,171900,131.0
1,171960,114.0
1,172020,90.0
1,172080,126.0
1,172140,101.0
1,172200,93.0
1,172260,78.0
1,172320,92.0
1,172380,111.0
1,172440,83.0
1,172500,92.0
1,172560,118.0
1,172620,99.0
1,172680,108.0
1,172740,124.0
2,172800,108.0
2,172860,91.0
2,172920,128.0
2,172980,93.0
2,173040,124.0
2,173100,117.0
2,173160,107.0
2,173220,98.0
2,173280,136.0
2,173340,158.0
2,173400,166.0
2,173460,153.0
2,173520,130.0
2,173580,136.0
2,173640,108.0
2,173700,105.0
2,173760,113.0
2,173820,98.0
2,173880,131.0
2,173940,119.0
2,174000,121.0
2,174060,111.0
2,174120,96.0
2,174180,106.0
2,174240,72.0
2,174300,86.0
2,174360,61.0
2,174420,61.0
2,174480,65.0
2,174540,64.0
2,174600,76.0
2,174660,83.0
2,174720,106.0
2,174780,78.0
2,174840,110.0
2,174900,76.0
2,174960,81.0
2,175020,76.0
2,175080,98.0
2,175140,102.0
2,175200,87.0
2,175260,88.0
2,175320,86.0
2,175380,88.0
2,175440,56.0
2,175500,66.0
2,175560,68.0
2,175620,71.0
2,175680,77.0
2,175740,84.0
2,175800,79.0
2,175860,77.0
2,175920,77.0
2,175980,75.0
2,176040,70.0
2,176100,97.0
2,176160,85.0
2,176220,68.0
2,176280,72.0
2,176340,63.0
2,176400,69.0
2,176460,76.0
2,176520,92.0
2,176580,82.0
2,176640,82.0
2,176700,81.0
2,176760,93.0
2,176820,104.0
2,176880,98.0
2,176940,87.0
2,177000,133.0
2,177060,87.0
2,177120,118.0
2,177180,86.0
2,177240,89.0
2,177300,64.0
2,177360,80.0
2,177420,135.0
2,177480,105.0
2,177540,71.0
2,177600,128.0
2,177660,94.0
2,177720,103.0
2,177780,121.0
2,177840,98.0
2,177900,109.0
2,177960,77.0
2,178020,76.0
2,178080,99.0
2,178140,58.0
2,178200,77.0
2,178260,58.0
2,178320,63.0
2,178380,46.0
2,178440,63.0
2,178500,52.0
2,178560,65.0
2,178620,45.0
2,178680,51.0
2,178740,63.0
2,178800,55.0
2,178860,47.0
2,178920,32.0
2,178980,44.0
2,179040,44.0
2,179100,36.0
2,179160,40.0
2,179220,35.0
2,179280,28.0
2,179340,45.0
2,179400,63.0
2,179460,33.0
2,179520,48.0
2,179580,34.0
2,179640,30.0
2,179700,38.0
2,179760,35.0
2,179820,34.0
2,179880,28.0
2,179940,37.0
2,180000,30.0
2,180060,37.0
2,180120,40.0
2,180180,16.0
2,180240,49.0
2,180300,32.0
2,180360,30.0
2,180420,43.0
2,180480,32.0
2,180540,47.0
2,180600,43.0
2,180660,24.0
2,180720,21.0
2,180780,30.0
2,180840,69.0
2,180900,25.0
2,180960,32.0
2,181020,29.0
2,181080,27.0
2,181140,39.0
2,181200,19.0
2,181260,26.0
2,181320,48.0
2,181380,51.0
2,181440,23.0
2,181500,22.0
2,181560,22.0
2,181620,29.0
2,181680,21.0
2,181740,48.0
2,181800,65.0
2,181860,30.0
2,181920,19.0
2,181980,22.0
2,182040,24.0
2,182100,21.0
2,182160,24.0
2,182220,24.0
2,182280,33.0
2,182340,46.0
2,182400,18.0
2,182460,18.0
2,182520,9.0
2,182580,17.0
2,182640,19.0
2,182700,30.0
2,182760,15.0
2,182820,22.0
2,182880,19.0
2,182940,21.0
2,183000,37.0
2,183060,22.0
2,183120,20.0
2,183180,16.0
2,183240,22.0
2,183300,26.0
2,183360,32.0
2,183420,18.0
2,183480,20.0
2,183540,16.0
2,183600,28.0
2,183660,19.0
2,183720,25.0
2,183780,28.0
2,183840,15.0
2,183900,9.0
2,183960,22.0
2,184020,10.0
2,184080,28.0
2,184140,28.0
2,184200,14.0
2,184260,28.0
2,184320,20.0
2,184380,17.0
2,184440,22.0
2,184500,15.0
2,184560,22.0
2,184620,16.0
2,184680,21.0
2,184740,12.0
2,184800,29.0
2,184860,41.0
2,184920,27.0
2,184980,26.0
2,185040,38.0
2,185100,15.0
2,185160,19.0
2,185220,30.0
2,185280,15.0
2,185340,18.0
2,185400,23.0
2,185460,14.0
2,185520,4.0
2,185580,20.0
2,185640,12.0
2,185700,18.0
2,185760,9.0
2,185820,21.0
2,185880,30.0
2,185940,18.0
2,186000,3.0
2,186060,19.0
2,186120,8.0
2,186180,16.0
2,186240,12.0
2,186300,27.0
2,186360,14.0
2,186420,22.0
2,186480,12.0
2,186540,13.0
2,186600,8.0
2,186660,14.0
2,186720,9.0
2,186780,13.0
2,186840,15.0
2,186900,7.0
2,186960,8.0
2,187020,13.0
2,187080,19.0
2,187140,13.0
2,187200,15.0
2,187260,15.0
2,187320,10.0
2,187380,12.0
2,187440,16.0
2,187500,9.0
2,187560,9.0
2,187620,7.0
2,187680,21.0
2,187740,12.0
2,187800,10.0
2,187860,12.0
2,187920,26.0
2,187980,19.0
2,188040,10.0
2,188100,12.0
2,188160,16.0
2,188220,6.0
2,188280,24.0
2,188340,9.0
2,188400,12.0
2,188460,7.0
2,188520,19.0
2,188580,27.0
2,188640,23.0
2,188700,10.0
2,188760,8.0
2,188820,2.0
2,188880,6.0
2,188940,9.0
2,189000,8.0
2,189060,10.0
2,189120,13.0
2,189180,5.0
2,189240,8.0
2,189300,9.0
2,189360,5.0
2,189420,9.0
2,189480,12.0
2,189540,10.0
2,189600,14.0
2,189660,6.0
2,189720,25.0
2,189780,8.0
2,189840,20.0
2,189900,10.0
2,189960,3.0
2,190020,2.0
2,190080,4.0
2,190140,9.0
2,190200,3.0
2,190260,8.0
2,190320,5.0
2,190380,3.0
2,190440,8.0
2,190500,6.0
2,190560,6.0
2,190620,8.0
2,190680,5.0
2,190740,7.0
2,190800,13.0
2,190860,10.0
2,190920,18.0
2,190980,10.0
2,191040,18.0
2,191100,12.0
2,191160,14.0
2,191220,7.0
2,191280,10.0
2,191340,7.0
2,191400,3.0
2,191460,2.0
2,191520,10.0
2,191580,9.0
2,191640,1.0
2,191700,8.0
2,191760,10.0
2,191820,15.0
2,191880,19.0
2,191940,26.0
2,192000,16.0
2,192060,15.0
2,192120,8.0
2,192180,16.0
2,192240,19.0
2,192300,10.0
2,192360,16.0
2,192420,26.0
2,192480,24.0
2,192540,16.0
2,192600,15.0
2,192660,17.0
2,192720,32.0
2,192780,9.0
2,192840,13.0
2,192900,14.0
2,192960,14.0
2,193020,25.0
2,193080,37.0
2,193140,23.0
2,193200,13.0
2,193260,30.0
2,193320,21.0
2,193380,34.0
2,193440,20.0
2,193500,21.0
2,193560,18.0
2,193620,19.0
2,193680,36.0
2,193740,27.0
2,193800,14.0
2,193860,32.0
2,193920,34.0
2,193980,21.0
2,194040,27.0
2,194100,32.0
2,194160,21.0
2,194220,27.0
2,194280,13.0
2,194340,45.0
2,194400,28.0
2,194460,24.0
2,194520,19.0
2,194580,38.0
2,194640,24.0
2,194700,20.0
2,194760,25.0
2,194820,15.0
2,194880,33.0
2,194940,34.0
2,195000,41.0
2,195060,33.0
2,195120,35.0
2,195180,67.0
2,195240,23.0
2,195300,42.0
2,195360,38.0
2,195420,14.0
2,195480,36.0
2,195540,44.0
2,195600,38.0
2,195660,39.0
2,195720,24.0
2,195780,37.0
2,195840,40.0
2,195900,34.0
2,195960,27.0
2,196020,40.0
2,196080,36.0
2,196140,10.0
2,196200,13.0
2,196260,7.0
2,196320,4.0
2,196380,5.0
2,196440,16.0
2,196500,9.0
2,196560,12.0
2,196620,7.0
2,196680,16.0
2,196740,19.0
2,196800,6.0
2,196860,10.0
2,196920,5.0
2,196980,2.0
2,197040,15.0
2,197100,19.0
2,197160,16.0
2,197220,8.0
2,197280,10.0
2,197340,5.0
2,197400,1.0
2,197460,7.0
2,197520,9.0
2,197580,12.0
2,197640,25.0
2,197700,18.0
2,197760,10.0
2,197820,13.0
2,197880,20.0
2,197940,7.0
2,198000,20.0
2,198060,24.0
2,198120,12.0
2,198180,13.0
2,198240,19.0
2,198300,15.0
2,198360,10.0
2,198420,16.0
2,198480,25.0
2,198540,16.0
2,198600,15.0
2,198660,15.0
2,198720,19.0
2,198780,19.0
2,198840,20.0
2,198900,18.0
2,198960,14.0
2,199020,8.0
2,199080,22.0
2,199140,21.0
2,199200,44.0
2,199260,32.0
2,199320,22.0
2,199380,22.0
2,199440,22.0
2,199500,15.0
2,199560,28.0
2,199620,50.0
2,199680,19.0
2,199740,17.0
2,199800,40.0
2,199860,35.0
2,199920,32.0
2,199980,32.0
2,200040,40.0
2,200100,36.0
2,200160,36.0
2,200220,24.0
2,200280,40.0
2,200340,30.0
2,200400,50.0
2,200460,37.0
2,200520,33.0
2,200580,29.0
2,200640,38.0
2,200700,40.0
2,200760,79.0
2,200820,75.0
2,200880,70.0
2,200940,36.0
2,201000,69.0
2,201060,61.0
2,201120,74.0
2,201180,63.0
2,201240,64.0
2,201300,105.0
2,201360,56.0
2,201420,79.0
2,201480,98.0
2,201540,90.0
2,201600,44.0
2,201660,79.0
2,201720,60.0
2,201780,70.0
2,201840,62.0
2,201900,66.0
2,201960,64.0
2,202020,78.0
2,202080,76.0
2,202140,74.0
2,202200,77.0
2,202260,82.0
2,202320,67.0
2,202380,104.0
2,202440,68.0
2,202500,86.0
2,202560,97.0
2,202620,88.0
2,202680,55.0
2,202740,78.0
2,202800,60.0
2,202860,56.0
2,202920,70.0
2,202980,65.0
2,203040,50.0
2,203100,44.0
2,203160,47.0
2,203220,42.0
2,203280,57.0
2,203340,49.0
2,203400,49.0
2,203460,47.0
2,203520,38.0
2,203580,66.0
2,203640,58.0
2,203700,47.0
2,203760,40.0
2,203820,50.0
2,203880,65.0
2,203940,75.0
2,204000,50.0
2,204060,81.0
2,204120,63.0
2,204180,63.0
2,204240,75.0
2,204300,47.0
2,204360,69.0
2,204420,75.0
2,204480,72.0
2,204540,79.0
2,204600,68.0
2,204660,84.0
2,204720,55.0
2,204780,76.0
2,204840,92.0
2,204900,119.0
2,204960,92.0
2,205020,61.0
2,205080,50.0
2,205140,76.0
2,205200,86.0
2,205260,150.0
2,205320,97.0
2,205380,116.0
2,205440,104.0
2,205500,143.0
2,205560,103.0
2,205620,129.0
2,205680,131.0
2,205740,116.0
2,205800,114.0
2,205860,148.0
2,205920,102.0
2,205980,71.0
2,206040,75.0
2,206100,69.0
2,206160,86.0
2,206220,56.0
2,206280,62.0
2,206340,59.0
2,206400,64.0
2,206460,82.0
2,206520,102.0
2,206580,103.0
2,206640,78.0
2,206700,79.0
2,206760,102.0
2,206820,118.0
2,206880,75.0
2,206940,66.0
2,207000,68.0
2,207060,82.0
2,207120,92.0
2,207180,93.0
2,207240,90.0
2,207300,94.0
2,207360,100.0
2,207420,105.0
2,207480,93.0
2,207540,84.0
2,207600,81.0
2,207660,77.0
2,207720,108.0
2,207780,99.0
2,207840,76.0
2,207900,97.0
2,207960,99.0
2,208020,81.0
2,208080,62.0
2,208140,101.0
2,208200,100.0
2,208260,156.0
2,208320,185.0
2,208380,133.0
2,208440,136.0
2,208500,89.0
2,208560,94.0
2,208620,91.0
2,208680,84.0
2,208740,93.0
2,208800,114.0
2,208860,92.0
2,208920,162.0
2,208980,142.0
2,209040,141.0
2,209100,185.0
2,209160,167.0
2,209220,119.0
2,209280,165.0
2,209340,171.0
2,209400,156.0
2,209460,134.0
2,209520,98.0
2,209580,126.0
2,209640,129.0
2,209700,132.0
2,209760,117.0
2,209820,104.0
2,209880,120.0
2,209940,110.0
2,210000,131.0
2,210060,105.0
2,210120,91.0
2,210180,90.0
2,210240,111.0
2,210300,113.0
2,210360,102.0
2,210420,108.0
2,210480,78.0
2,210540,108.0
2,210600,106.0
2,210660,112.0
2,210720,111.0
2,210780,87.0
2,210840,110.0
2,210900,116.0
2,210960,102.0
2,211020,102.0
2,211080,113.0
2,211140,136.0
2,211200,136.0
2,211260,104.0
2,211320,92.0
2,211380,153.0
2,211440,96.0
2,211500,135.0
2,211560,77.0
2,211620,91.0
2,211680,108.0
2,211740,90.0
2,211800,96.0
2,211860,110.0
2,211920,129.0
2,211980,114.0
2,212040,84.0
2,212100,112.0
2,212160,131.0
2,212220,98.0
2,212280,102.0
2,212340,105.0
2,212400,88.0
2,212460,143.0
2,212520,187.0
2,212580,165.0
2,212640,139.0
2,212700,156.0
2,212760,169.0
2,212820,132.0
2,212880,130.0
2,212940,135.0
2,213000,118.0
2,213060,135.0
2,213120,170.0
2,213180,162.0
2,213240,144.0
2,213300,114.0
2,213360,92.0
2,213420,108.0
2,213480,79.0
2,213540,108.0
2,213600,112.0
2,213660,127.0
2,213720,99.0
2,213780,100.0
2,213840,132.0
2,213900,124.0
2,213960,146.0
2,214020,163.0
2,214080,152.0
2,214140,154.0
2,214200,151.0
2,214260,156.0
2,214320,105.0
2,214380,98.0
2,214440,147.0
2,214500,132.0
2,214560,118.0
2,214620,111.0
2,214680,128.0
2,214740,139.0
2,214800,128.0
2,214860,100.0
2,214920,122.0
2,214980,117.0
2,215040,155.0
2,215100,103.0
2,215160,124.0
2,215220,127.0
2,215280,144.0
2,215340,185.0
2,215400,104.0
2,215460,163.0
2,215520,121.0
2,215580,130.0
2,215640,113.0
2,215700,98.0
2,215760,127.0
2,215820,112.0
2,215880,84.0
2,215940,147.0
2,216000,104.0
2,216060,113.0
2,216120,99.0
2,216180,94.0
2,216240,111.0
2,216300,150.0
2,216360,122.0
2,216420,110.0
2,216480,131.0
2,216540,129.0
2,216600,121.0
2,216660,147.0
2,216720,124.0
2,216780,172.0
2,216840,152.0
2,216900,121.0
2,216960,129.0
2,217020,149.0
2,217080,167.0
2,217140,145.0
2,217200,127.0
2,217260,141.0
2,217320,124.0
2,217380,114.0
2,217440,122.0
2,217500,134.0
2,217560,156.0
2,217620,158.0
2,217680,168.0
2,217740,138.0
2,217800,146.0
2,217860,193.0
2,217920,141.0
2,217980,130.0
2,218040,176.0
2,218100,145.0
2,218160,132.0
2,218220,168.0
2,218280,158.0
2,218340,152.0
2,218400,128.0
2,218460,112.0
2,218520,118.0
2,218580,143.0
2,218640,93.0
2,218700,102.0
2,218760,140.0
2,218820,122.0
2,218880,144.0
2,218940,94.0
2,219000,94.0
2,219060,148.0
2,219120,139.0
2,219180,134.0
2,219240,120.0
2,219300,114.0
2,219360,133.0
2,219420,113.0
2,219480,149.0
2,219540,119.0
2,219600,124.0
2,219660,104.0
2,219720,97.0
2,219780,85.0
2,219840,98.0
2,219900,131.0
2,219960,144.0
2,220020,152.0
2,220080,149.0
2,220140,146.0
2,220200,131.0
2,220260,112.0
2,220320,161.0
2,220380,172.0
2,220440,185.0
2,220500,161.0
2,220560,163.0
2,220620,177.0
2,220680,154.0
2,220740,144.0
2,220800,148.0
2,220860,104.0
2,220920,107.0
2,220980,92.0
2,221040,74.0
2,221100,75.0
2,221160,102.0
2,221220,109.0
2,221280,169.0
2,221340,143.0
2,221400,118.0
2,221460,89.0
2,221520,130.0
2,221580,127.0
2,221640,119.0
2,221700,118.0
2,221760,113.0
2,221820,120.0
2,221880,142.0
2,221940,119.0
2,222000,126.0
2,222060,91.0
2,222120,110.0
2,222180,111.0
2,222240,126.0
2,222300,133.0
2,222360,88.0
2,222420,142.0
2,222480,110.0
2,222540,112.0
2,222600,101.0
2,222660,103.0
2,222720,84.0
2,222780,117.0
2,222840,130.0
2,222900,164.0
2,222960,124.0
2,223020,147.0
2,223080,97.0
2,223140,108.0
2,223200,132.0
2,223260,138.0
2,223320,147.0
2,223380,177.0
2,223440,132.0
2,223500,110.0
2,223560,158.0
2,223620,127.0
2,223680,142.0
2,223740,133.0
2,223800,101.0
2,223860,193.0
2,223920,140.0
2,223980,142.0
2,224040,162.0
2,224100,131.0
2,224160,74.0
2,224220,124.0
2,224280,112.0
2,224340,86.0
2,224400,96.0
2,224460,121.0
2,224520,125.0
2,224580,86.0
2,224640,81.0
2,224700,99.0
2,224760,111.0
2,224820,107.0
2,224880,134.0
2,224940,140.0
2,225000,98.0
2,225060,134.0
2,225120,145.0
2,225180,153.0
2,225240,106.0
2,225300,105.0
2,225360,101.0
2,225420,101.0
2,225480,78.0
2,225540,139.0
2,225600,102.0
2,225660,109.0
2,225720,71.0
2,225780,83.0
2,225840,135.0
2,225900,87.0
2,225960,142.0
2,226020,113.0
2,226080,118.0
2,226140,98.0
2,226200,87.0
2,226260,88.0
2,226320,129.0
2,226380,127.0
2,226440,91.0
2,226500,80.0
2,226560,132.0
2,226620,92.0
2,226680,68.0
2,226740,97.0
2,226800,94.0
2,226860,132.0
2,226920,136.0
2,226980,129.0
2,227040,123.0
2,227100,122.0
2,227160,140.0
2,227220,144.0
2,227280,158.0
2,227340,154.0
2,227400,121.0
2,227460,150.0
2,227520,139.0
2,227580,178.0
2,227640,132.0
2,227700,91.0
2,227760,134.0
2,227820,110.0
2,227880,130.0
2,227940,129.0
2,228000,143.0
2,228060,123.0
2,228120,138.0
2,228180,120.0
2,228240,114.0
2,228300,94.0
2,228360,90.0
2,228420,121.0
2,228480,114.0
2,228540,120.0
2,228600,125.0
2,228660,135.0
2,228720,139.0
2,228780,124.0
2,228840,105.0
2,228900,69.0
2,228960,79.0
2,229020,117.0
2,229080,124.0
2,229140,129.0
2,229200,114.0
2,229260,102.0
2,229320,82.0
2,229380,113.0
2,229440,127.0
2,229500,96.0
2,229560,88.0
2,229620,97.0
2,229680,114.0
2,229740,104.0
2,229800,86.0
2,229860,77.0
2,229920,94.0
2,229980,106.0
2,230040,103.0
2,230100,87.0
2,230160,90.0
2,230220,105.0
2,230280,101.0
2,230340,107.0
2,230400,82.0
2,230460,109.0
2,230520,155.0
2,230580,118.0
2,230640,159.0
2,230700,89.0
2,230760,125.0
2,230820,132.0
2,230880,136.0
2,230940,162.0
2,231000,161.0
2,231060,167.0
2,231120,111.0
2,231180,133.0
2,231240,150.0
2,231300,184.0
2,231360,158.0
2,231420,134.0
2,231480,141.0
2,231540,135.0
2,231600,107.0
2,231660,117.0
2,231720,139.0
2,231780,135.0
2,231840,135.0
2,231900,88.0
2,231960,141.0
2,232020,120.0
2,232080,96.0
2,232140,127.0
2,232200,92.0
2,232260,104.0
2,232320,96.0
2,232380,132.0
2,232440,104.0
2,232500,121.0
2,232560,97.0
2,232620,114.0
2,232680,89.0
2,232740,96.0
2,232800,117.0
2,232860,94.0
2,232920,136.0
2,232980,132.0
2,233040,206.0
2,233100,133.0
2,233160,129.0
2,233220,117.0
2,233280,141.0
2,233340,89.0
2,233400,96.0
2,233460,97.0
2,233520,106.0
2,233580,165.0
2,233640,129.0
2,233700,152.0
2,233760,133.0
2,233820,141.0
2,233880,144.0
2,233940,129.0
2,234000,180.0
2,234060,205.0
2,234120,148.0
2,234180,139.0
2,234240,145.0
2,234300,182.0
2,234360,143.0
2,234420,134.0
2,234480,196.0
2,234540,178.0
2,234600,160.0
2,234660,153.0
2,234720,119.0
2,234780,144.0
2,234840,117.0
2,234900,112.0
2,234960,123.0
2,235020,129.0
2,235080,184.0
2,235140,136.0
2,235200,147.0
2,235260,112.0
2,235380,92.0
2,235440,75.0
2,235500,130.0
2,235560,124.0
2,235620,165.0
2,235680,102.0
2,235740,111.0
2,235800,139.0
2,235860,131.0
2,235920,156.0
2,235980,135.0
2,236040,104.0
2,236100,113.0
2,236160,89.0
2,236220,102.0
2,236280,118.0
2,236340,106.0
2,236400,116.0
2,236460,132.0
2,236520,132.0
2,236580,125.0
2,236640,77.0
2,236700,104.0
2,236760,106.0
2,236820,108.0
2,236880,123.0
2,236940,131.0
2,237000,163.0
2,237060,160.0
2,237120,114.0
2,237180,122.0
2,237240,127.0
2,237300,124.0
2,237360,102.0
2,237420,98.0
2,237480,79.0
2,237540,99.0
2,237600,104.0
2,237660,134.0
2,237720,129.0
2,237780,135.0
2,237840,146.0
2,237900,105.0
2,237960,113.0
2,238020,142.0
2,238080,105.0
2,238140,134.0
2,238200,135.0
2,238260,107.0
2,238320,88.0
2,238380,160.0
2,238440,158.0
2,238500,165.0
2,238560,150.0
2,238620,166.0
2,238680,149.0
2,238740,168.0
2,238800,197.0
2,238860,159.0
2,238920,171.0
2,238980,195.0
2,239040,156.0
2,239100,162.0
2,239160,131.0
2,239220,122.0
2,239280,111.0
2,239340,108.0
2,239400,121.0
2,239460,92.0
2,239520,121.0
2,239580,130.0
2,239640,139.0
2,239700,108.0
2,239760,134.0
2,239820,117.0
2,239880,154.0
2,239940,91.0
2,240000,104.0
2,240060,113.0
2,240120,116.0
2,240180,134.0
2,240240,111.0
2,240300,117.0
2,240360,140.0
2,240420,112.0
2,240480,96.0
2,240540,101.0
2,240600,128.0
2,240660,124.0
2,240720,130.0
2,240780,131.0
2,240840,133.0
2,240900,133.0
2,240960,114.0
2,241020,114.0
2,241080,122.0
2,241140,110.0
2,241200,92.0
2,241260,159.0
2,241320,116.0
2,241380,136.0
2,241440,147.0
2,241500,135.0
2,241560,168.0
2,241620,166.0
2,241680,170.0
2,241740,216.0
2,241800,228.0
2,241860,158.0
2,241920,178.0
2,241980,197.0
2,242040,167.0
2,242100,188.0
2,242160,186.0
2,242220,250.0
2,242280,136.0
2,242340,109.0
2,242400,116.0
2,242460,169.0
2,242520,159.0
2,242580,124.0
2,242640,148.0
2,242700,133.0
2,242760,143.0
2,242820,172.0
2,242880,110.0
2,242940,130.0
2,243000,154.0
2,243060,139.0
2,243120,162.0
2,243180,144.0
2,243240,134.0
2,243300,147.0
2,243360,148.0
2,243420,201.0
2,243480,117.0
2,243540,121.0
2,243600,156.0
2,243660,142.0
2,243720,119.0
2,243780,144.0
2,243840,119.0
2,243900,121.0
2,243960,102.0
2,244020,134.0
2,244080,103.0
2,244140,145.0
2,244200,126.0
2,244260,143.0
2,244320,147.0
2,244380,143.0
2,244440,126.0
2,244500,113.0
2,244560,89.0
2,244620,134.0
2,244680,142.0
2,244740,166.0
2,244800,150.0
2,244860,123.0
2,244920,165.0
2,244980,229.0
2,245040,156.0
2,245100,185.0
2,245160,177.0
2,245220,184.0
2,245280,195.0
2,245340,185.0
2,245400,191.0
2,245460,188.0
2,245520,206.0
2,245580,175.0
2,245640,164.0
2,245700,167.0
2,245760,171.0
2,245820,169.0
2,245880,145.0
2,245940,169.0
2,246000,213.0
2,246060,200.0
2,246120,184.0
2,246180,160.0
2,246240,169.0
2,246300,222.0
2,246360,181.0
2,246420,205.0
2,246480,177.0
2,246540,145.0
2,246600,202.0
2,246660,153.0
2,246720,173.0
2,246780,193.0
2,246840,156.0
2,246900,180.0
2,246960,160.0
2,247020,194.0
2,247080,158.0
2,247140,175.0
2,247200,135.0
2,247260,188.0
2,247320,166.0
2,247380,185.0
2,247440,209.0
2,247500,178.0
2,247560,183.0
2,247620,180.0
2,247680,185.0
2,247740,214.0
2,247800,189.0
2,247860,222.0
2,247920,257.0
2,247980,198.0
2,248040,253.0
2,248100,246.0
2,248160,201.0
2,248220,178.0
2,248280,218.0
2,248340,172.0
2,248400,207.0
2,248460,231.0
2,248520,246.0
2,248580,195.0
2,248640,191.0
2,248700,119.0
2,248760,171.0
2,248820,177.0
2,248880,154.0
2,248940,173.0
2,249000,195.0
2,249060,197.0
2,249120,185.0
2,249180,215.0
2,249240,182.0
2,249300,170.0
2,249360,209.0
2,249420,188.0
2,249480,180.0
2,249540,126.0
2,249600,189.0
2,249660,161.0
2,249720,151.0
2,249780,176.0
2,249840,148.0
2,249900,166.0
2,249960,200.0
2,250020,219.0
2,250080,198.0
2,250140,225.0
2,250200,176.0
2,250260,208.0
2,250320,180.0
2,250380,161.0
2,250440,187.0
2,250500,152.0
2,250560,178.0
2,250620,196.0
2,250680,168.0
2,250740,187.0
2,250800,177.0
2,250860,141.0
2,250920,183.0
2,250980,149.0
2,251040,152.0
2,251100,178.0
2,251160,138.0
2,251220,169.0
2,251280,159.0
2,251340,176.0
2,251400,152.0
2,251460,168.0
2,251520,225.0
2,251580,150.0
2,251640,244.0
2,251700,180.0
2,251760,170.0
2,251820,146.0
2,251880,141.0
2,251940,162.0
2,252000,162.0
2,252060,160.0
2,252120,131.0
2,252180,181.0
2,252240,161.0
2,252300,151.0
2,252360,161.0
2,252420,153.0
2,252480,154.0
2,252540,111.0
2,252600,133.0
2,252660,128.0
2,252720,175.0
2,252780,193.0
2,252840,159.0
2,252900,178.0
2,252960,184.0
2,253020,158.0
2,253080,153.0
2,253140,166.0
2,253200,152.0
2,253260,203.0
2,253320,172.0
2,253380,156.0
2,253440,147.0
2,253500,172.0
2,253560,184.0
2,253620,204.0
2,253680,192.0
2,253740,146.0
2,253800,150.0
2,253860,139.0
2,253920,132.0
2,253980,152.0
2,254040,153.0
2,254100,140.0
2,254160,155.0
2,254220,141.0
2,254280,149.0
2,254340,158.0
2,254400,130.0
2,254460,146.0
2,254520,129.0
2,254580,154.0
2,254640,201.0
2,254700,249.0
2,254760,191.0
2,254820,169.0
2,254880,191.0
2,254940,181.0
2,255000,203.0
2,255060,215.0
2,255120,172.0
2,255180,166.0
2,255240,156.0
2,255300,220.0
2,255360,187.0
2,255420,215.0
2,255480,143.0
2,255540,126.0
2,255600,205.0
2,255660,247.0
2,255720,226.0
2,255780,200.0
2,255840,177.0
2,255900,198.0
2,255960,197.0
2,256020,226.0
2,256080,190.0
2,256140,203.0
2,256200,209.0
2,256260,184.0
2,256320,161.0
2,256380,153.0
2,256440,140.0
2,256500,151.0
2,256560,186.0
2,256620,172.0
2,256680,188.0
2,256740,154.0
2,256800,163.0
2,256860,165.0
2,256920,147.0
2,256980,159.0
2,257040,139.0
2,257100,153.0
2,257160,91.0
2,257220,120.0
2,257280,113.0
2,257340,99.0
2,257400,110.0
2,257460,123.0
2,257520,109.0
2,257580,101.0
2,257640,149.0
2,257700,118.0
2,257760,125.0
2,257820,148.0
2,257880,136.0
2,257940,140.0
2,258000,145.0
2,258060,94.0
2,258120,83.0
2,258180,130.0
2,258240,123.0
2,258300,108.0
2,258360,93.0
2,258420,99.0
2,258480,147.0
2,258540,106.0
2,258600,108.0
2,258660,119.0
2,258720,119.0
2,258780,82.0
2,258840,93.0
2,258900,146.0
2,258960,167.0
2,259020,97.0
2,259080,67.0
2,259140,98.0
3,259200,86.0
3,259260,86.0
3,259320,113.0
3,259380,112.0
3,259440,146.0
3,259500,90.0
3,259560,87.0
3,259620,116.0
3,259680,110.0
3,259740,104.0
3,259800,156.0
3,259860,138.0
3,259920,142.0
3,259980,159.0
3,260040,121.0
3,260100,128.0
3,260160,149.0
3,260220,117.0
3,260280,101.0
3,260340,135.0
3,260400,108.0
3,260460,118.0
3,260520,130.0
3,260580,145.0
3,260640,97.0
3,260700,82.0
3,260760,64.0
3,260820,83.0
3,260880,98.0
3,260940,65.0
3,261000,93.0
3,261060,75.0
3,261120,59.0
3,261180,79.0
3,261240,76.0
3,261300,75.0
3,261360,56.0
3,261420,64.0
3,261480,54.0
3,261540,75.0
3,261600,71.0
3,261660,63.0
3,261720,82.0
3,261780,69.0
3,261840,81.0
3,261900,54.0
3,261960,79.0
3,262020,64.0
3,262080,79.0
3,262140,81.0
3,262200,89.0
3,262260,49.0
3,262320,48.0
3,262380,58.0
3,262440,79.0
3,262500,52.0
3,262560,48.0
3,262620,70.0
3,262680,103.0
3,262740,67.0
3,262800,68.0
3,262860,104.0
3,262920,82.0
3,262980,77.0
3,263040,92.0
3,263100,96.0
3,263160,45.0
3,263220,94.0
3,263280,91.0
3,263340,119.0
3,263400,71.0
3,263460,92.0
3,263520,79.0
3,263580,75.0
3,263640,61.0
3,263700,64.0
3,263760,39.0
3,263820,57.0
3,263880,41.0
3,263940,45.0
3,264000,79.0
3,264060,77.0
3,264120,46.0
3,264180,55.0
3,264240,46.0
3,264300,40.0
3,264360,58.0
3,264420,63.0
3,264480,66.0
3,264540,61.0
3,264600,45.0
3,264660,37.0
3,264720,92.0
3,264780,63.0
3,264840,86.0
3,264900,64.0
3,264960,56.0
3,265020,52.0
3,265080,70.0
3,265140,67.0
3,265200,67.0
3,265260,57.0
3,265320,56.0
3,265380,51.0
3,265440,83.0
3,265500,54.0
3,265560,61.0
3,265620,68.0
3,265680,56.0
3,265740,69.0
3,265800,50.0
3,265860,86.0
3,265920,79.0
3,265980,61.0
3,266040,48.0
3,266100,57.0
3,266160,66.0
3,266220,38.0
3,266280,70.0
3,266340,55.0
3,266400,46.0
3,266460,45.0
3,266520,65.0
3,266580,49.0
3,266640,56.0
3,266700,56.0
3,266760,63.0
3,266820,45.0
3,266880,65.0
3,266940,71.0
3,267000,62.0
3,267060,43.0
3,267120,28.0
3,267180,26.0
3,267240,63.0
3,267300,47.0
3,267360,30.0
3,267420,38.0
3,267480,49.0
3,267540,33.0
3,267600,23.0
3,267660,28.0
3,267720,28.0
3,267780,45.0
3,267840,74.0
3,267900,54.0
3,267960,59.0
3,268020,60.0
3,268080,67.0
3,268140,63.0
3,268200,55.0
3,268260,51.0
3,268320,65.0
3,268380,36.0
3,268440,33.0
3,268500,19.0
3,268560,37.0
3,268620,46.0
3,268680,32.0
3,268740,44.0
3,268800,18.0
3,268860,42.0
3,268920,39.0
3,268980,60.0
3,269040,64.0
3,269100,42.0
3,269160,38.0
3,269220,44.0
3,269280,49.0
3,269340,34.0
3,269400,34.0
3,269460,24.0
3,269520,20.0
3,269580,24.0
3,269640,36.0
3,269700,32.0
3,269760,23.0
3,269820,19.0
3,269880,27.0
3,269940,24.0
3,270000,21.0
3,270060,12.0
3,270120,21.0
3,270180,17.0
3,270240,26.0
3,270300,20.0
3,270360,23.0
3,270420,15.0
3,270480,23.0
3,270540,26.0
3,270600,20.0
3,270660,16.0
3,270720,18.0
3,270780,21.0
3,270840,18.0
3,270900,28.0
3,270960,30.0
3,271020,24.0
3,271080,12.0
3,271140,16.0
3,271200,13.0
3,271260,14.0
3,271320,15.0
3,271380,8.0
3,271440,10.0
3,271500,20.0
3,271560,4.0
3,271620,18.0
3,271680,19.0
3,271740,10.0
3,271800,16.0
3,271860,36.0
3,271920,22.0
3,271980,39.0
3,272040,20.0
3,272100,10.0
3,272160,7.0
3,272220,16.0
3,272280,19.0
3,272340,29.0
3,272400,8.0
3,272460,8.0
3,272520,7.0
3,272580,8.0
3,272640,10.0
3,272700,14.0
3,272760,9.0
3,272820,19.0
3,272880,15.0
3,272940,19.0
3,273000,4.0
3,273060,5.0
3,273120,10.0
3,273180,9.0
3,273240,8.0
3,273300,17.0
3,273360,7.0
3,273420,8.0
3,273480,12.0
3,273540,10.0
3,273600,6.0
3,273660,4.0
3,273720,9.0
3,273780,4.0
3,273840,7.0
3,273900,9.0
3,273960,8.0
3,274020,12.0
3,274080,14.0
3,274140,6.0
3,274200,7.0
3,274260,9.0
3,274320,9.0
3,274380,9.0
3,274440,14.0
3,274500,24.0
3,274560,24.0
3,274620,10.0
3,274680,12.0
3,274740,21.0
3,274800,7.0
3,274860,6.0
3,274920,6.0
3,274980,24.0
3,275040,6.0
3,275100,13.0
3,275160,3.0
3,275220,4.0
3,275280,5.0
3,275340,13.0
3,275400,2.0
3,275460,7.0
3,275520,16.0
3,275580,3.0
3,275640,12.0
3,275700,20.0
3,275760,9.0
3,275820,40.0
3,275880,48.0
3,275940,35.0
3,276000,19.0
3,276060,46.0
3,276120,13.0
3,276180,7.0
3,276240,5.0
3,276300,3.0
3,276360,13.0
3,276420,6.0
3,276480,12.0
3,276540,3.0
3,276600,20.0
3,276660,14.0
3,276720,9.0
3,276780,4.0
3,276840,5.0
3,276900,5.0
3,276960,10.0
3,277020,21.0
3,277080,7.0
3,277140,15.0
3,277200,6.0
3,277260,6.0
3,277320,16.0
3,277380,5.0
3,277440,17.0
3,277500,5.0
3,277560,6.0
3,277620,5.0
3,277680,10.0
3,277740,16.0
3,277800,8.0
3,277860,15.0
3,277920,7.0
3,277980,6.0
3,278040,7.0
3,278100,12.0
3,278160,9.0
3,278220,7.0
3,278280,10.0
3,278340,7.0
3,278400,7.0
3,278460,5.0
3,278520,7.0
3,278580,12.0
3,278640,12.0
3,278700,7.0
3,278760,7.0
3,278820,7.0
3,278880,10.0
3,278940,9.0
3,279000,3.0
3,279060,7.0
3,279120,5.0
3,279180,19.0
3,279240,19.0
3,279300,8.0
3,279360,8.0
3,279420,10.0
3,279480,15.0
3,279540,8.0
3,279600,13.0
3,279660,2.0
3,279720,7.0
3,279780,6.0
3,279840,8.0
3,279900,3.0
3,279960,10.0
3,280020,16.0
3,280080,15.0
3,280140,1.0
3,280200,1.0
3,280260,9.0
3,280320,8.0
3,280380,4.0
3,280440,0.0
3,280500,6.0
3,280560,3.0
3,280620,9.0
3,280680,4.0
3,280740,10.0
3,280800,5.0
3,280860,6.0
3,280920,4.0
3,280980,27.0
3,281040,8.0
3,281100,10.0
3,281160,17.0
3,281220,8.0
3,281280,17.0
3,281340,16.0
3,281400,9.0
3,281460,3.0
3,281520,7.0
3,281580,7.0
3,281640,6.0
3,281700,8.0
3,281760,10.0
3,281820,2.0
3,281880,15.0
3,281940,10.0
3,282000,3.0
3,282060,12.0
3,282120,7.0
3,282180,5.0
3,282240,19.0
3,282300,12.0
3,282360,15.0
3,282420,3.0
3,282480,5.0
3,282540,8.0
3,282600,5.0
3,282660,10.0
3,282720,15.0
3,282780,9.0
3,282840,10.0
3,282900,9.0
3,282960,20.0
3,283020,15.0
3,283080,13.0
3,283140,18.0
3,283200,8.0
3,283260,4.0
3,283320,8.0
3,283380,14.0
3,283440,26.0
3,283500,4.0
3,283560,15.0
3,283620,10.0
3,283680,18.0
3,283740,10.0
3,283800,16.0
3,283860,13.0
3,283920,17.0
3,283980,12.0
3,284040,8.0
3,284100,35.0
3,284160,34.0
3,284220,40.0
3,284280,15.0
3,284340,33.0
3,284400,30.0
3,284460,40.0
3,284520,37.0
3,284580,37.0
3,284640,25.0
3,284700,15.0
3,284760,18.0
3,284820,32.0
3,284880,52.0
3,284940,46.0
3,285000,40.0
3,285060,42.0
3,285120,48.0
3,285180,39.0
3,285240,59.0
3,285300,41.0
3,285360,59.0
3,285420,51.0
3,285480,54.0
3,285540,39.0
3,285600,36.0
3,285660,32.0
3,285720,55.0
3,285780,50.0
3,285840,54.0
3,285900,23.0
3,285960,23.0
3,286020,26.0
3,286080,20.0
3,286140,34.0
3,286200,17.0
3,286260,13.0
3,286320,21.0
3,286380,17.0
3,286440,21.0
3,286500,29.0
3,286560,19.0
3,286620,48.0
3,286680,47.0
3,286740,40.0
3,286800,16.0
3,286860,36.0
3,286920,68.0
3,286980,21.0
3,287040,42.0
3,287100,39.0
3,287160,24.0
3,287220,28.0
3,287280,28.0
3,287340,27.0
3,287400,38.0
3,287460,66.0
3,287520,42.0
3,287580,30.0
3,287640,29.0
3,287700,49.0
3,287760,39.0
3,287820,45.0
3,287880,51.0
3,287940,49.0
3,288000,39.0
3,288060,50.0
3,288120,35.0
3,288180,59.0
3,288240,40.0
3,288300,52.0
3,288360,55.0
3,288420,83.0
3,288480,77.0
3,288540,54.0
3,288600,51.0
3,288660,19.0
3,288720,36.0
3,288780,39.0
3,288840,70.0
3,288900,58.0
3,288960,50.0
3,289020,70.0
3,289080,67.0
3,289140,75.0
3,289200,92.0
3,289260,99.0
3,289320,97.0
3,289380,91.0
3,289440,110.0
3,289500,86.0
3,289560,69.0
3,289620,77.0
3,289680,96.0
3,289740,93.0
3,289800,98.0
3,289860,89.0
3,289920,62.0
3,289980,45.0
3,290040,46.0
3,290100,50.0
3,290160,75.0
3,290220,47.0
3,290280,69.0
3,290340,81.0
3,290400,83.0
3,290460,51.0
3,290520,59.0
3,290580,46.0
3,290640,56.0
3,290700,90.0
3,290760,97.0
3,290820,83.0
3,290880,30.0
3,290940,37.0
3,291000,57.0
3,291060,76.0
3,291120,80.0
3,291180,74.0
3,291240,83.0
3,291300,89.0
3,291360,77.0
3,291420,66.0
3,291480,85.0
3,291540,94.0
3,291600,55.0
3,291660,62.0
3,291720,46.0
3,291780,61.0
3,291840,99.0
3,291900,107.0
3,291960,111.0
3,292020,67.0
3,292080,103.0
3,292140,65.0
3,292200,63.0
3,292260,72.0
3,292320,76.0
3,292380,64.0
3,292440,127.0
3,292500,88.0
3,292560,112.0
3,292620,138.0
3,292680,111.0
3,292740,88.0
3,292800,75.0
3,292860,71.0
3,292920,89.0
3,292980,66.0
3,293040,87.0
3,293100,135.0
3,293160,60.0
3,293220,80.0
3,293280,146.0
3,293340,61.0
3,293400,77.0
3,293460,88.0
3,293520,71.0
3,293580,88.0
3,293640,71.0
3,293700,77.0
3,293760,77.0
3,293820,77.0
3,293880,119.0
3,293940,97.0
3,294000,109.0
3,294060,93.0
3,294120,100.0
3,294180,94.0
3,294240,93.0
3,294300,100.0
3,294360,121.0
3,294420,82.0
3,294480,96.0
3,294540,61.0
3,294600,88.0
3,294660,93.0
3,294720,82.0
3,294780,110.0
3,294840,125.0
3,294900,161.0
3,294960,104.0
3,295020,138.0
3,295080,100.0
3,295140,135.0
3,295200,153.0
3,295260,165.0
3,295320,123.0
3,295380,122.0
3,295440,122.0
3,295500,155.0
3,295560,141.0
3,295620,130.0
3,295680,139.0
3,295740,146.0
3,295800,130.0
3,295860,153.0
3,295920,119.0
3,295980,152.0
3,296040,160.0
3,296100,152.0
3,296160,154.0
3,296220,128.0
3,296280,111.0
3,296340,111.0
3,296400,125.0
3,296460,112.0
3,296520,87.0
3,296580,106.0
3,296640,111.0
3,296700,118.0
3,296760,122.0
3,296820,108.0
3,296880,92.0
3,296940,134.0
3,297000,92.0
3,297060,96.0
3,297120,128.0
3,297180,120.0
3,297240,100.0
3,297300,98.0
3,297360,83.0
3,297420,123.0
3,297480,127.0
3,297540,124.0
3,297600,113.0
3,297660,86.0
3,297720,78.0
3,297780,85.0
3,297840,71.0
3,297900,117.0
3,297960,106.0
3,298020,128.0
3,298080,85.0
3,298140,129.0
3,298200,140.0
3,298260,132.0
3,298320,117.0
3,298380,114.0
3,298440,126.0
3,298500,106.0
3,298560,98.0
3,298620,130.0
3,298680,112.0
3,298740,123.0
3,298800,132.0
3,298860,147.0
3,298920,169.0
3,298980,156.0
3,299040,148.0
3,299100,186.0
3,299160,169.0
3,299220,144.0
3,299280,207.0
3,299340,181.0
3,299400,149.0
3,299460,145.0
3,299520,165.0
3,299580,165.0
3,299640,225.0
3,299700,187.0
3,299760,186.0
3,299820,150.0
3,299880,140.0
3,299940,114.0
3,300000,190.0
3,300060,176.0
3,300120,153.0
3,300180,155.0
3,300240,153.0
3,300300,172.0
3,300360,175.0
3,300420,147.0
3,300480,152.0
3,300540,139.0
3,300600,156.0
3,300660,166.0
3,300720,112.0
3,300780,116.0
3,300840,148.0
3,300900,136.0
3,300960,132.0
3,301020,116.0
3,301080,131.0
3,301140,146.0
3,301200,173.0
3,301260,190.0
3,301320,148.0
3,301380,123.0
3,301440,135.0
3,301500,140.0
3,301560,151.0
3,301620,131.0
3,301680,146.0
3,301740,121.0
3,301800,141.0
3,301860,150.0
3,301920,147.0
3,301980,146.0
3,302040,131.0
3,302100,160.0
3,302160,148.0
3,302220,163.0
3,302280,154.0
3,302340,149.0
3,302400,167.0
3,302460,163.0
3,302520,145.0
3,302580,136.0
3,302640,99.0
3,302700,133.0
3,302760,141.0
3,302820,122.0
3,302940,163.0
3,303000,161.0
3,303060,132.0
3,303120,173.0
3,303180,111.0
3,303240,108.0
3,303300,149.0
3,303360,132.0
3,303420,172.0
3,303480,215.0
3,303540,185.0
3,303600,206.0
3,303660,193.0
3,303720,217.0
3,303780,180.0
3,303840,208.0
3,303900,170.0
3,303960,197.0
3,304020,150.0
3,304080,206.0
3,304140,213.0
3,304200,188.0
3,304260,148.0
3,304320,159.0
3,304380,125.0
3,304440,171.0
3,304500,144.0
3,304560,154.0
3,304620,120.0
3,304680,141.0
3,304740,156.0
3,304800,158.0
3,304860,112.0
3,304920,103.0
3,304980,147.0
3,305040,134.0
3,305100,109.0
3,305160,107.0
3,305220,116.0
3,305280,134.0
3,305340,121.0
3,305400,149.0
3,305460,125.0
3,305520,109.0
3,305580,125.0
3,305640,100.0
3,305700,104.0
3,305760,107.0
3,305820,125.0
3,305880,130.0
3,305940,141.0
3,306000,119.0
3,306060,164.0
3,306120,123.0
3,306180,122.0
3,306240,167.0
3,306300,191.0
3,306360,207.0
3,306420,224.0
3,306480,196.0
3,306540,227.0
3,306600,219.0
3,306660,174.0
3,306720,177.0
3,306780,166.0
3,306840,160.0
3,306900,147.0
3,306960,128.0
3,307020,117.0
3,307080,130.0
3,307140,132.0
3,307200,108.0
3,307260,120.0
3,307320,105.0
3,307380,127.0
3,307440,134.0
3,307500,109.0
3,307560,125.0
3,307620,107.0
3,307680,120.0
3,307740,113.0
3,307800,90.0
3,307860,136.0
3,307920,107.0
3,307980,139.0
3,308040,116.0
3,308100,140.0
3,308160,171.0
3,308220,135.0
3,308280,154.0
3,308340,124.0
3,308400,138.0
3,308460,91.0
3,308520,159.0
3,308580,141.0
3,308640,81.0
3,308700,123.0
3,308760,141.0
3,308820,126.0
3,308880,154.0
3,308940,141.0
3,309000,147.0
3,309060,136.0
3,309120,127.0
3,309180,162.0
3,309240,124.0
3,309300,151.0
3,309360,100.0
3,309420,125.0
3,309480,142.0
3,309540,173.0
3,309600,143.0
3,309660,191.0
3,309720,238.0
3,309780,153.0
3,309840,153.0
3,309900,217.0
3,309960,184.0
3,310020,198.0
3,310080,168.0
3,310140,170.0
3,310200,166.0
3,310260,187.0
3,310320,127.0
3,310380,138.0
3,310440,143.0
3,310500,112.0
3,310560,104.0
3,310620,166.0
3,310680,148.0
3,310740,113.0
3,310800,88.0
3,310860,136.0
3,310920,138.0
3,310980,127.0
3,311040,117.0
3,311100,89.0
3,311160,164.0
3,311220,141.0
3,311280,170.0
3,311340,122.0
3,311400,165.0
3,311460,135.0
3,311520,134.0
3,311580,106.0
3,311640,142.0
3,311700,107.0
3,311760,156.0
3,311820,148.0
3,311880,101.0
3,311940,132.0
3,312000,150.0
3,312060,143.0
3,312120,131.0
3,312180,148.0
3,312240,184.0
3,312300,113.0
3,312360,90.0
3,312420,158.0
3,312480,105.0
3,312540,122.0
3,312600,99.0
3,312660,89.0
3,312720,89.0
3,312780,83.0
3,312840,93.0
3,312900,119.0
3,312960,94.0
3,313020,101.0
3,313080,96.0
3,313140,100.0
3,313200,125.0
3,313260,135.0
3,313320,100.0
3,313380,116.0
3,313440,83.0
3,313500,132.0
3,313560,129.0
3,313620,206.0
3,313680,133.0
3,313740,135.0
3,313800,158.0
3,313860,143.0
3,313920,116.0
3,313980,92.0
3,314040,124.0
3,314100,129.0
3,314160,122.0
3,314220,162.0
3,314280,159.0
3,314340,145.0
3,314400,217.0
3,314460,185.0
3,314520,131.0
3,314580,136.0
3,314640,191.0
3,314700,94.0
3,314760,97.0
3,314820,116.0
3,314880,140.0
3,314940,184.0
3,315000,151.0
3,315060,123.0
3,315120,109.0
3,315180,119.0
3,315240,143.0
3,315300,139.0
3,315360,111.0
3,315420,112.0
3,315480,136.0
3,315540,121.0
3,315600,130.0
3,315660,127.0
3,315720,146.0
3,315780,120.0
3,315840,168.0
3,315900,149.0
3,315960,124.0
3,316020,135.0
3,316080,127.0
3,316140,123.0
3,316200,109.0
3,316260,158.0
3,316320,101.0
3,316380,138.0
3,316440,161.0
3,316500,120.0
3,316560,125.0
3,316620,125.0
3,316680,84.0
3,316740,141.0
3,316800,128.0
3,316860,156.0
3,316920,132.0
3,316980,129.0
3,317040,156.0
3,317100,228.0
3,317160,206.0
3,317220,184.0
3,317280,177.0
3,317340,152.0
3,317400,177.0
3,317460,126.0
3,317520,136.0
3,317580,104.0
3,317640,102.0
3,317700,110.0
3,317760,108.0
3,317820,113.0
3,317880,121.0
3,317940,121.0
3,318000,124.0
3,318060,136.0
3,318120,158.0
3,318180,159.0
3,318240,144.0
3,318300,168.0
3,318360,194.0
3,318420,185.0
3,318480,148.0
3,318540,156.0
3,318600,135.0
3,318660,139.0
3,318720,121.0
3,318780,118.0
3,318840,151.0
3,318900,103.0
3,318960,101.0
3,319020,139.0
3,319080,107.0
3,319140,191.0
3,319200,149.0
3,319260,136.0
3,319320,125.0
3,319380,122.0
3,319440,127.0
3,319500,100.0
3,319560,105.0
3,319620,106.0
3,319680,110.0
3,319740,130.0
3,319800,106.0
3,319860,131.0
3,319920,146.0
3,319980,144.0
3,320040,135.0
3,320100,133.0
3,320160,107.0
3,320220,128.0
3,320280,125.0
3,320340,91.0
3,320400,125.0
3,320460,139.0
3,320520,84.0
3,320580,126.0
3,320640,117.0
3,320700,126.0
3,320760,139.0
3,320820,120.0
3,320880,139.0
3,320940,171.0
3,321000,142.0
3,321060,112.0
3,321120,120.0
3,321180,122.0
3,321240,138.0
3,321300,106.0
3,321360,119.0
3,321420,114.0
3,321480,103.0
3,321540,118.0
3,321600,114.0
3,321660,132.0
3,321720,152.0
3,321780,140.0
3,321840,102.0
3,321900,117.0
3,321960,128.0
3,322020,107.0
3,322080,91.0
3,322140,99.0
3,322200,101.0
3,322260,136.0
3,322320,130.0
3,322380,172.0
3,322440,121.0
3,322500,187.0
3,322560,135.0
3,322620,141.0
3,322680,134.0
3,322740,132.0
3,322800,151.0
3,322860,127.0
3,322980,99.0
3,323040,120.0
3,323160,134.0
3,323340,109.0
3,323580,288.0
3,323640,209.0
3,323820,209.0
3,324000,138.0
3,324060,134.0
3,324120,146.0
3,324180,194.0
3,324240,138.0
3,324300,112.0
3,324360,107.0
3,324420,109.0
3,324480,123.0
3,324540,122.0
3,324600,90.0
3,324840,110.0
3,324900,113.0
3,324960,107.0
3,325020,117.0
3,325080,93.0
3,325140,74.0
3,325200,88.0
3,325260,143.0
3,325320,123.0
3,325380,141.0
3,325440,120.0
3,325500,155.0
3,325560,164.0
3,325620,119.0
3,325680,138.0
3,325740,113.0
3,325800,118.0
3,325860,123.0
3,325920,146.0
3,325980,133.0
3,326040,127.0
3,326100,132.0
3,326160,155.0
3,326220,150.0
3,326280,190.0
3,326340,182.0
3,326400,124.0
3,326460,127.0
3,326520,91.0
3,326580,122.0
3,326640,114.0
3,326700,125.0
3,326760,125.0
3,326820,105.0
3,326880,98.0
3,326940,129.0
3,327000,102.0
3,327060,133.0
3,327120,131.0
3,327180,123.0
3,327240,108.0
3,327300,110.0
3,327360,112.0
3,327420,165.0
3,327480,80.0
3,327540,133.0
3,327600,125.0
3,327660,155.0
3,327720,150.0
3,327780,107.0
3,327840,143.0
3,327900,150.0
3,327960,136.0
3,328020,136.0
3,328080,178.0
3,328140,129.0
3,328200,123.0
3,328260,139.0
3,328320,167.0
3,328380,111.0
3,328440,160.0
3,328500,151.0
3,328560,144.0
3,328620,204.0
3,328680,172.0
3,328740,154.0
3,328800,177.0
3,328860,196.0
3,328920,193.0
3,328980,197.0
3,329040,176.0
3,329100,200.0
3,329160,192.0
3,329220,162.0
3,329280,138.0
3,329340,148.0
3,329400,123.0
3,329460,151.0
3,329520,167.0
3,329580,148.0
3,329640,201.0
3,329700,152.0
3,329760,133.0
3,329820,136.0
3,329880,119.0
3,329940,154.0
3,330000,159.0
3,330060,156.0
3,330120,149.0
3,330180,150.0
3,330240,140.0
3,330300,146.0
3,330360,200.0
3,330420,163.0
3,330480,149.0
3,330540,151.0
3,330600,139.0
3,330660,191.0
3,330720,132.0
3,330780,176.0
3,330840,192.0
3,330900,161.0
3,330960,163.0
3,331020,118.0
3,331080,141.0
3,331140,141.0
3,331200,144.0
3,331260,158.0
3,331320,159.0
3,331380,198.0
3,331440,209.0
3,331500,245.0
3,331560,212.0
3,331620,177.0
3,331680,189.0
3,331740,212.0
3,331800,220.0
3,331860,174.0
3,331920,176.0
3,331980,171.0
3,332040,206.0
3,332100,134.0
3,332160,160.0
3,332220,164.0
3,332280,174.0
3,332340,176.0
3,332400,140.0
3,332460,139.0
3,332520,176.0
3,332580,141.0
3,332640,173.0
3,332700,177.0
3,332760,149.0
3,332820,173.0
3,332880,144.0
3,332940,163.0
3,333000,165.0
3,333060,183.0
3,333120,165.0
3,333180,205.0
3,333240,186.0
3,333300,150.0
3,333360,152.0
3,333420,149.0
3,333480,196.0
3,333540,172.0
3,333600,135.0
3,333660,163.0
3,333720,121.0
3,333780,160.0
3,333840,155.0
3,333900,150.0
3,333960,154.0
3,334020,150.0
3,334080,141.0
3,334140,180.0
3,334200,193.0
3,334260,167.0
3,334320,198.0
3,334380,152.0
3,334440,202.0
3,334500,154.0
3,334560,144.0
3,334620,166.0
3,334680,123.0
3,334740,145.0
3,334800,182.0
3,334860,163.0
3,334920,200.0
3,334980,243.0
3,335040,228.0
3,335100,208.0
3,335160,243.0
3,335220,253.0
3,335280,251.0
3,335340,228.0
3,335400,262.0
3,335460,183.0
3,335520,173.0
3,335580,145.0
3,335640,176.0
3,335700,181.0
3,335760,166.0
3,335820,143.0
3,335880,149.0
3,335940,146.0
3,336000,155.0
3,336060,147.0
3,336120,190.0
3,336180,174.0
3,336240,158.0
3,336300,164.0
3,336360,206.0
3,336420,183.0
3,336480,186.0
3,336540,166.0
3,336600,138.0
3,336660,178.0
3,336720,180.0
3,336780,149.0
3,336840,182.0
3,336900,180.0
3,336960,169.0
3,337020,186.0
3,337080,161.0
3,337140,167.0
3,337200,154.0
3,337260,172.0
3,337320,166.0
3,337380,169.0
3,337440,143.0
3,337500,182.0
3,337560,177.0
3,337620,138.0
3,337680,165.0
3,337740,207.0
3,337800,214.0
3,337860,215.0
3,337920,146.0
3,337980,124.0
3,338040,118.0
3,338100,154.0
3,338160,162.0
3,338220,170.0
3,338280,215.0
3,338340,224.0
3,338400,215.0
3,338460,216.0
3,338520,230.0
3,338580,191.0
3,338640,213.0
3,338700,144.0
3,338760,196.0
3,338820,139.0
3,338880,194.0
3,338940,233.0
3,339000,205.0
3,339060,202.0
3,339120,180.0
3,339180,171.0
3,339240,185.0
3,339300,197.0
3,339360,203.0
3,339420,193.0
3,339480,278.0
3,339540,237.0
3,339600,246.0
3,339660,231.0
3,339720,229.0
3,339780,228.0
3,339840,184.0
3,339900,176.0
3,339960,174.0
3,340020,177.0
3,340080,205.0
3,340140,207.0
3,340200,164.0
3,340260,178.0
3,340320,165.0
3,340380,175.0
3,340440,164.0
3,340500,153.0
3,340560,166.0
3,340620,177.0
3,340680,144.0
3,340740,121.0
3,340800,163.0
3,340860,189.0
3,340920,172.0
3,340980,170.0
3,341040,248.0
3,341100,213.0
3,341160,181.0
3,341220,170.0
3,341280,181.0
3,341340,128.0
3,341400,132.0
3,341460,129.0
3,341520,140.0
3,341580,177.0
3,341640,139.0
3,341700,138.0
3,341760,203.0
3,341820,169.0
3,341880,142.0
3,341940,143.0
3,342000,116.0
3,342060,151.0
3,342120,172.0
3,342180,155.0
3,342240,144.0
3,342300,177.0
3,342360,155.0
3,342420,129.0
3,342480,129.0
3,342540,149.0
3,342600,122.0
3,342660,153.0
3,342720,165.0
3,342780,155.0
3,342840,136.0
3,342900,178.0
3,342960,153.0
3,343020,136.0
3,343080,131.0
3,343140,146.0
3,343200,136.0
3,343260,104.0
3,343320,132.0
3,343380,116.0
3,343440,176.0
3,343500,132.0
3,343560,151.0
3,343620,136.0
3,343680,126.0
3,343740,124.0
3,343800,108.0
3,343860,133.0
3,343920,141.0
3,343980,122.0
3,344040,134.0
3,344100,128.0
3,344160,106.0
3,344220,173.0
3,344280,113.0
3,344340,122.0
3,344400,104.0
3,344460,133.0
3,344520,100.0
3,344580,112.0
3,344640,119.0
3,344700,132.0
3,344760,118.0
3,344820,98.0
3,344880,111.0
3,344940,141.0
3,345000,83.0
3,345060,100.0
3,345120,90.0
3,345180,125.0
3,345240,112.0
3,345300,116.0
3,345360,107.0
3,345420,100.0
3,345480,96.0
3,345540,94.0
4,345600,143.0
4,345660,127.0
4,345720,85.0
4,345780,119.0
4,345840,90.0
4,345900,87.0
4,345960,107.0
4,346020,101.0
4,346080,107.0
4,346140,96.0
4,346200,110.0
4,346260,98.0
4,346320,85.0
4,346380,88.0
4,346440,96.0
4,346500,105.0
4,346560,89.0
4,346620,58.0
4,346680,101.0
4,346740,89.0
4,346800,87.0
4,346860,99.0
4,346920,120.0
4,346980,142.0
4,347040,106.0
4,347100,82.0
4,347160,88.0
4,347220,117.0
4,347280,81.0
4,347340,80.0
4,347400,96.0
4,347460,90.0
4,347520,110.0
4,347580,78.0
4,347640,66.0
4,347700,88.0
4,347760,104.0
4,347820,82.0
4,347880,99.0
4,347940,132.0
4,348000,79.0
4,348060,69.0
4,348120,69.0
4,348180,66.0
4,348240,52.0
4,348300,50.0
4,348360,58.0
4,348420,43.0
4,348480,66.0
4,348540,70.0
4,348600,84.0
4,348660,81.0
4,348720,83.0
4,348780,84.0
4,348840,80.0
4,348900,85.0
4,348960,85.0
4,349020,74.0
4,349080,56.0
4,349140,76.0
4,349200,61.0
4,349260,62.0
4,349320,81.0
4,349380,52.0
4,349440,66.0
4,349500,94.0
4,349560,91.0
4,349620,101.0
4,349680,93.0
4,349740,97.0
4,349800,75.0
4,349860,93.0
4,349920,68.0
4,349980,112.0
4,350040,100.0
4,350100,78.0
4,350160,86.0
4,350220,67.0
4,350280,111.0
4,350340,75.0
4,350400,66.0
4,350460,101.0
4,350520,86.0
4,350580,88.0
4,350640,59.0
4,350700,48.0
4,350760,57.0
4,350820,57.0
4,350880,37.0
4,350940,47.0
4,351000,50.0
4,351060,47.0
4,351120,82.0
4,351180,48.0
4,351240,37.0
4,351300,44.0
4,351360,43.0
4,351420,65.0
4,351480,36.0
4,351540,46.0
4,351600,50.0
4,351660,35.0
4,351720,62.0
4,351780,44.0
4,351840,47.0
4,351900,51.0
4,351960,54.0
4,352020,80.0
4,352080,50.0
4,352140,48.0
4,352200,40.0
4,352260,30.0
4,352320,42.0
4,352380,46.0
4,352440,29.0
4,352500,38.0
4,352560,37.0
4,352620,32.0
4,352680,34.0
4,352740,32.0
4,352800,28.0
4,352860,32.0
4,352920,41.0
4,352980,29.0
4,353040,29.0
4,353100,26.0
4,353160,51.0
4,353220,22.0
4,353280,29.0
4,353340,32.0
4,353400,29.0
4,353460,33.0
4,353520,38.0
4,353580,41.0
4,353640,22.0
4,353700,28.0
4,353760,27.0
4,353820,18.0
4,353880,17.0
4,353940,20.0
4,354000,20.0
4,354060,30.0
4,354120,43.0
4,354180,29.0
4,354240,20.0
4,354300,15.0
4,354360,41.0
4,354420,38.0
4,354480,26.0
4,354540,16.0
4,354600,25.0
4,354660,13.0
4,354720,21.0
4,354780,29.0
4,354840,25.0
4,354900,17.0
4,354960,15.0
4,355020,36.0
4,355080,30.0
4,355140,36.0
4,355200,29.0
4,355260,12.0
4,355320,27.0
4,355380,36.0
4,355440,23.0
4,355500,19.0
4,355560,21.0
4,355620,24.0
4,355680,24.0
4,355740,17.0
4,355800,24.0
4,355860,17.0
4,355920,22.0
4,355980,26.0
4,356040,20.0
4,356100,17.0
4,356160,14.0
4,356220,27.0
4,356280,23.0
4,356340,15.0
4,356400,20.0
4,356460,18.0
4,356520,16.0
4,356580,23.0
4,356640,27.0
4,356700,34.0
4,356760,14.0
4,356820,16.0
4,356880,20.0
4,356940,26.0
4,357000,10.0
4,357060,19.0
4,357120,9.0
4,357180,12.0
4,357240,23.0
4,357300,17.0
4,357360,16.0
4,357420,12.0
4,357480,14.0
4,357540,6.0
4,357600,15.0
4,357660,23.0
4,357720,13.0
4,357780,21.0
4,357840,17.0
4,357900,15.0
4,357960,26.0
4,358020,43.0
4,358080,62.0
4,358140,30.0
4,358200,43.0
4,358260,34.0
4,358320,48.0
4,358380,40.0
4,358440,50.0
4,358500,47.0
4,358560,28.0
4,358620,37.0
4,358680,34.0
4,358740,51.0
4,358800,33.0
4,358860,5.0
4,358920,9.0
4,358980,13.0
4,359040,17.0
4,359100,29.0
4,359160,40.0
4,359220,47.0
4,359280,44.0
4,359340,51.0
4,359400,39.0
4,359460,15.0
4,359520,12.0
4,359580,19.0
4,359640,21.0
4,359700,20.0
4,359760,7.0
4,359820,14.0
4,359880,8.0
4,359940,17.0
4,360000,9.0
4,360060,10.0
4,360120,4.0
4,360180,8.0
4,360240,14.0
4,360300,15.0
4,360360,16.0
4,360420,6.0
4,360480,13.0
4,360540,16.0
4,360600,10.0
4,360660,7.0
4,360720,4.0
4,360780,7.0
4,360840,15.0
4,360900,19.0
4,360960,8.0
4,361020,4.0
4,361080,7.0
4,361140,8.0
4,361200,5.0
4,361260,9.0
4,361320,8.0
4,361380,10.0
4,361440,14.0
4,361500,9.0
4,361560,6.0
4,361620,8.0
4,361680,9.0
4,361740,5.0
4,361800,12.0
4,361860,12.0
4,361920,14.0
4,361980,7.0
4,362040,9.0
4,362100,10.0
4,362160,10.0
4,362220,8.0
4,362280,19.0
4,362340,15.0
4,362400,17.0
4,362460,24.0
4,362520,18.0
4,362580,25.0
4,362640,15.0
4,362700,13.0
4,362760,8.0
4,362820,8.0
4,362880,7.0
4,362940,12.0
4,363000,4.0
4,363060,10.0
4,363120,12.0
4,363180,7.0
4,363240,13.0
4,363300,10.0
4,363360,8.0
4,363420,14.0
4,363480,9.0
4,363540,14.0
4,363600,4.0
4,363660,4.0
4,363720,12.0
4,363780,7.0
4,363840,9.0
4,363900,19.0
4,363960,7.0
4,364020,4.0
4,364080,6.0
4,364140,15.0
4,364200,8.0
4,364260,12.0
4,364320,14.0
4,364380,15.0
4,364440,12.0
4,364500,3.0
4,364560,6.0
4,364620,12.0
4,364680,10.0
4,364740,5.0
4,364800,12.0
4,364860,10.0
4,364920,3.0
4,364980,5.0
4,365040,14.0
4,365100,3.0
4,365160,8.0
4,365220,7.0
4,365280,4.0
4,365340,13.0
4,365400,7.0
4,365460,9.0
4,365520,8.0
4,365580,4.0
4,365640,14.0
4,365700,14.0
4,365760,5.0
4,365820,9.0
4,365880,13.0
4,365940,25.0
4,366000,12.0
4,366060,12.0
4,366120,19.0
4,366180,19.0
4,366240,7.0
4,366300,9.0
4,366360,8.0
4,366420,10.0
4,366480,35.0
4,366540,15.0
4,366600,14.0
4,366660,15.0
4,366720,9.0
4,366780,8.0
4,366840,12.0
4,366900,14.0
4,366960,4.0
4,367020,5.0
4,367080,5.0
4,367140,7.0
4,367200,6.0
4,367260,4.0
4,367320,9.0
4,367380,6.0
4,367440,16.0
4,367500,7.0
4,367560,2.0
4,367620,7.0
4,367680,12.0
4,367740,8.0
4,367800,3.0
4,367860,7.0
4,367920,7.0
4,367980,8.0
4,368040,9.0
4,368100,21.0
4,368160,5.0
4,368220,5.0
4,368280,9.0
4,368340,20.0
4,368400,9.0
4,368460,3.0
4,368520,9.0
4,368580,9.0
4,368640,8.0
4,368700,6.0
4,368760,7.0
4,368820,10.0
4,368880,8.0
4,368940,16.0
4,369000,32.0
4,369060,9.0
4,369120,7.0
4,369180,7.0
4,369240,8.0
4,369300,18.0
4,369360,15.0
4,369420,17.0
4,369480,8.0
4,369540,8.0
4,369600,10.0
4,369660,17.0
4,369720,18.0
4,369780,13.0
4,369840,10.0
4,369900,16.0
4,369960,28.0
4,370020,22.0
4,370080,14.0
4,370140,15.0
4,370200,15.0
4,370260,12.0
4,370320,17.0
4,370380,5.0
4,370440,17.0
4,370500,13.0
4,370560,6.0
4,370620,4.0
4,370680,8.0
4,370740,16.0
4,370800,10.0
4,370860,6.0
4,370920,23.0
4,370980,17.0
4,371040,17.0
4,371100,9.0
4,371160,8.0
4,371220,21.0
4,371280,16.0
4,371340,13.0
4,371400,12.0
4,371460,7.0
4,371520,9.0
4,371580,14.0
4,371640,36.0
4,371700,15.0
4,371760,26.0
4,371820,30.0
4,371880,57.0
4,371940,38.0
4,372000,50.0
4,372060,47.0
4,372120,38.0
4,372180,23.0
4,372240,27.0
4,372300,41.0
4,372360,27.0
4,372420,24.0
4,372480,29.0
4,372540,20.0
4,372600,57.0
4,372660,75.0
4,372720,94.0
4,372780,97.0
4,372840,91.0
4,372900,83.0
4,372960,76.0
4,373020,84.0
4,373080,66.0
4,373140,37.0
4,373200,21.0
4,373260,35.0
4,373320,39.0
4,373380,45.0
4,373440,44.0
4,373500,36.0
4,373560,38.0
4,373620,30.0
4,373680,37.0
4,373740,36.0
4,373800,50.0
4,373860,33.0
4,373920,35.0
4,373980,32.0
4,374040,23.0
4,374100,58.0
4,374160,40.0
4,374220,38.0
4,374280,44.0
4,374340,36.0
4,374400,28.0
4,374460,38.0
4,374520,42.0
4,374580,47.0
4,374640,41.0
4,374700,40.0
4,374760,46.0
4,374820,54.0
4,374880,57.0
4,374940,41.0
4,375000,38.0
4,375060,30.0
4,375120,51.0
4,375180,50.0
4,375240,42.0
4,375300,36.0
4,375360,35.0
4,375420,39.0
4,375480,65.0
4,375540,57.0
4,375600,67.0
4,375660,103.0
4,375720,98.0
4,375780,101.0
4,375840,85.0
4,375900,136.0
4,375960,122.0
4,376020,98.0
4,376080,100.0
4,376140,96.0
4,376200,87.0
4,376260,46.0
4,376320,45.0
4,376380,45.0
4,376440,68.0
4,376500,67.0
4,376560,68.0
4,376620,92.0
4,376680,78.0
4,376740,45.0
4,376800,49.0
4,376860,45.0
4,376920,51.0
4,376980,63.0
4,377040,70.0
4,377100,60.0
4,377160,43.0
4,377220,61.0
4,377280,65.0
4,377340,63.0
4,377400,89.0
4,377460,56.0
4,377520,89.0
4,377580,80.0
4,377640,46.0
4,377700,81.0
4,377760,75.0
4,377820,82.0
4,377880,86.0
4,377940,81.0
4,378000,99.0
4,378060,144.0
4,378120,155.0
4,378180,98.0
4,378240,90.0
4,378300,92.0
4,378360,96.0
4,378420,114.0
4,378480,93.0
4,378540,114.0
4,378600,124.0
4,378660,123.0
4,378720,92.0
4,378780,78.0
4,378840,92.0
4,378900,103.0
4,378960,107.0
4,379020,82.0
4,379080,91.0
4,379140,78.0
4,379200,92.0
4,379260,54.0
4,379320,72.0
4,379380,72.0
4,379440,96.0
4,379500,106.0
4,379560,92.0
4,379620,81.0
4,379680,77.0
4,379740,128.0
4,379800,146.0
4,379860,144.0
4,379920,126.0
4,379980,106.0
4,380040,111.0
4,380100,106.0
4,380160,84.0
4,380220,88.0
4,380280,106.0
4,380340,89.0
4,380400,93.0
4,380460,107.0
4,380520,90.0
4,380580,75.0
4,380640,90.0
4,380700,66.0
4,380760,62.0
4,380820,90.0
4,380880,96.0
4,380940,111.0
4,381000,93.0
4,381060,88.0
4,381120,118.0
4,381180,89.0
4,381240,101.0
4,381300,78.0
4,381360,96.0
4,381420,103.0
4,381480,133.0
4,381540,108.0
4,381600,111.0
4,381660,134.0
4,381720,146.0
4,381780,150.0
4,381840,191.0
4,381900,200.0
4,381960,204.0
4,382020,255.0
4,382080,206.0
4,382140,166.0
4,382200,154.0
4,382260,148.0
4,382320,109.0
4,382380,146.0
4,382440,101.0
4,382500,113.0
4,382560,100.0
4,382620,93.0
4,382680,90.0
4,382740,135.0
4,382800,105.0
4,382860,105.0
4,382920,145.0
4,382980,111.0
4,383040,135.0
4,383100,113.0
4,383160,134.0
4,383220,118.0
4,383280,91.0
4,383340,100.0
4,383400,101.0
4,383460,104.0
4,383520,94.0
4,383580,111.0
4,383640,76.0
4,383700,132.0
4,383760,131.0
4,383820,117.0
4,383880,127.0
4,383940,132.0
4,384000,129.0
4,384060,132.0
4,384120,109.0
4,384180,100.0
4,384240,108.0
4,384300,87.0
4,384360,108.0
4,384420,94.0
4,384480,82.0
4,384540,81.0
4,384600,114.0
4,384660,118.0
4,384720,82.0
4,384780,100.0
4,384840,78.0
4,384900,80.0
4,384960,106.0
4,385020,107.0
4,385080,109.0
4,385140,86.0
4,385200,93.0
4,385260,98.0
4,385320,90.0
4,385380,104.0
4,385440,100.0
4,385500,134.0
4,385560,125.0
4,385620,132.0
4,385680,164.0
4,385740,103.0
4,385800,98.0
4,385860,142.0
4,385920,155.0
4,385980,203.0
4,386040,222.0
4,386100,214.0
4,386160,231.0
4,386220,175.0
4,386280,159.0
4,386340,170.0
4,386400,134.0
4,386460,144.0
4,386520,113.0
4,386580,128.0
4,386640,128.0
4,386700,131.0
4,386760,130.0
4,386820,143.0
4,386880,124.0
4,386940,118.0
4,387000,86.0
4,387060,141.0
4,387120,183.0
4,387180,159.0
4,387240,131.0
4,387300,132.0
4,387360,122.0
4,387420,106.0
4,387480,156.0
4,387540,123.0
4,387600,97.0
4,387660,104.0
4,387720,145.0
4,387780,122.0
4,387840,159.0
4,387900,162.0
4,387960,151.0
4,388020,153.0
4,388080,143.0
4,388140,110.0
4,388200,167.0
4,388260,133.0
4,388320,177.0
4,388380,168.0
4,388440,136.0
4,388500,114.0
4,388560,147.0
4,388620,150.0
4,388680,104.0
4,388740,92.0
4,388800,107.0
4,388860,120.0
4,388920,127.0
4,388980,144.0
4,389040,132.0
4,389100,128.0
4,389160,134.0
4,389220,113.0
4,389280,152.0
4,389340,148.0
4,389400,160.0
4,389460,107.0
4,389520,131.0
4,389580,142.0
4,389640,158.0
4,389700,113.0
4,389760,138.0
4,389820,116.0
4,389880,106.0
4,389940,117.0
4,390000,160.0
4,390060,174.0
4,390120,158.0
4,390180,113.0
4,390240,144.0
4,390300,145.0
4,390360,101.0
4,390420,112.0
4,390480,110.0
4,390540,123.0
4,390600,133.0
4,390660,147.0
4,390720,154.0
4,390780,118.0
4,390840,143.0
4,390900,108.0
4,390960,174.0
4,391020,128.0
4,391080,159.0
4,391140,174.0
4,391200,88.0
4,391260,144.0
4,391320,159.0
4,391380,132.0
4,391440,88.0
4,391500,97.0
4,391560,93.0
4,391620,99.0
4,391680,110.0
4,391740,117.0
4,391800,108.0
4,391860,97.0
4,391920,116.0
4,391980,111.0
4,392040,91.0
4,392100,97.0
4,392160,99.0
4,392220,122.0
4,392280,130.0
4,392340,103.0
4,392400,60.0
4,392460,87.0
4,392520,84.0
4,392580,88.0
4,392640,94.0
4,392700,130.0
4,392760,104.0
4,392820,99.0
4,392880,76.0
4,392940,92.0
4,393000,86.0
4,393060,94.0
4,393120,140.0
4,393180,176.0
4,393240,156.0
4,393300,166.0
4,393360,174.0
4,393420,206.0
4,393480,169.0
4,393540,162.0
4,393600,161.0
4,393660,165.0
4,393720,159.0
4,393780,121.0
4,393840,131.0
4,393900,148.0
4,393960,154.0
4,394020,119.0
4,394080,144.0
4,394140,127.0
4,394200,107.0
4,394260,122.0
4,394320,104.0
4,394380,88.0
4,394440,82.0
4,394500,121.0
4,394560,94.0
4,394620,116.0
4,394680,98.0
4,394740,121.0
4,394800,166.0
4,394860,128.0
4,394920,101.0
4,394980,111.0
4,395040,103.0
4,395100,116.0
4,395160,122.0
4,395220,133.0
4,395280,86.0
4,395340,119.0
4,395400,89.0
4,395460,116.0
4,395520,102.0
4,395580,118.0
4,395640,133.0
4,395700,130.0
4,395760,141.0
4,395820,109.0
4,395880,144.0
4,395940,144.0
4,396000,136.0
4,396060,100.0
4,396120,111.0
4,396180,141.0
4,396240,128.0
4,396300,126.0
4,396360,127.0
4,396420,148.0
4,396480,131.0
4,396540,110.0
4,396600,105.0
4,396660,105.0
4,396720,110.0
4,396780,147.0
4,396840,124.0
4,396900,110.0
4,396960,121.0
4,397020,151.0
4,397080,159.0
4,397140,156.0
4,397200,161.0
4,397260,128.0
4,397320,111.0
4,397380,130.0
4,397440,163.0
4,397500,150.0
4,397560,153.0
4,397620,182.0
4,397680,169.0
4,397740,88.0
4,397800,139.0
4,397860,131.0
4,397920,109.0
4,397980,94.0
4,398040,83.0
4,398100,104.0
4,398160,113.0
4,398220,109.0
4,398280,104.0
4,398340,106.0
4,398400,108.0
4,398460,132.0
4,398520,110.0
4,398580,97.0
4,398640,98.0
4,398700,102.0
4,398760,76.0
4,398820,106.0
4,398880,90.0
4,398940,85.0
4,399000,98.0
4,399060,76.0
4,399120,98.0
4,399180,89.0
4,399240,94.0
4,399300,101.0
4,399360,114.0
4,399420,160.0
4,399480,98.0
4,399540,111.0
4,399600,98.0
4,399660,123.0
4,399720,117.0
4,399780,93.0
4,399840,79.0
4,399900,99.0
4,400020,133.0
4,400080,158.0
4,400140,160.0
4,400200,163.0
4,400260,139.0
4,400320,171.0
4,400380,134.0
4,400440,191.0
4,400500,151.0
4,400560,117.0
4,400620,188.0
4,400680,140.0
4,400740,129.0
4,400800,97.0
4,400860,134.0
4,400920,87.0
4,400980,94.0
4,401040,117.0
4,401100,83.0
4,401160,107.0
4,401220,87.0
4,401280,101.0
4,401340,116.0
4,401400,75.0
4,401460,67.0
4,401520,107.0
4,401580,100.0
4,401640,97.0
4,401700,110.0
4,401760,104.0
4,401820,108.0
4,401880,143.0
4,401940,83.0
4,402000,133.0
4,402060,102.0
4,402120,108.0
4,402180,116.0
4,402240,124.0
4,402300,102.0
4,402360,128.0
4,402420,130.0
4,402480,134.0
4,402540,135.0
4,402600,116.0
4,402660,134.0
4,402720,128.0
4,402780,140.0
4,402840,86.0
4,402900,111.0
4,402960,149.0
4,403020,117.0
4,403080,109.0
4,403140,121.0
4,403200,124.0
4,403260,100.0
4,403320,130.0
4,403380,126.0
4,403440,112.0
4,403500,128.0
4,403560,107.0
4,403620,124.0
4,403680,119.0
4,403740,131.0
4,403800,109.0
4,403860,134.0
4,403920,120.0
4,403980,116.0
4,404040,158.0
4,404100,125.0
4,404160,102.0
4,404220,152.0
4,404280,135.0
4,404340,118.0
4,404400,128.0
4,404460,124.0
4,404520,120.0
4,404580,129.0
4,404640,156.0
4,404700,156.0
4,404760,184.0
4,404820,117.0
4,404880,119.0
4,404940,98.0
4,405000,117.0
4,405060,126.0
4,405120,138.0
4,405180,120.0
4,405240,143.0
4,405300,118.0
4,405360,93.0
4,405420,110.0
4,405480,133.0
4,405540,116.0
4,405600,183.0
4,405660,161.0
4,405720,162.0
4,405780,148.0
4,405840,149.0
4,405900,190.0
4,405960,169.0
4,406020,176.0
4,406080,170.0
4,406140,148.0
4,406200,148.0
4,406260,140.0
4,406320,142.0
4,406380,156.0
4,406440,138.0
4,406500,127.0
4,406560,105.0
4,406620,133.0
4,406680,116.0
4,406740,121.0
4,406800,107.0
4,406860,140.0
4,406920,143.0
4,406980,96.0
4,407040,107.0
4,407100,85.0
4,407160,114.0
4,407220,114.0
4,407280,103.0
4,407340,94.0
4,407400,121.0
4,407460,86.0
4,407520,147.0
4,407580,106.0
4,407640,133.0
4,407700,113.0
4,407760,121.0
4,407820,108.0
4,407880,135.0
4,407940,135.0
4,408000,128.0
4,408060,133.0
4,408120,178.0
4,408180,149.0
4,408240,106.0
4,408300,186.0
4,408360,148.0
4,408420,146.0
4,408480,184.0
4,408540,167.0
4,408600,176.0
4,408660,167.0
4,408720,124.0
4,408780,112.0
4,408840,112.0
4,408900,79.0
4,408960,121.0
4,409020,103.0
4,409080,149.0
4,409140,112.0
4,409200,116.0
4,409260,128.0
4,409320,151.0
4,409380,129.0
4,409440,112.0
4,409500,168.0
4,409560,109.0
4,409620,124.0
4,409680,146.0
4,409740,100.0
4,409800,133.0
4,409860,133.0
4,409920,119.0
4,409980,133.0
4,410040,106.0
4,410100,100.0
4,410160,114.0
4,410220,145.0
4,410280,114.0
4,410340,123.0
4,410400,114.0
4,410460,138.0
4,410520,136.0
4,410580,164.0
4,410640,185.0
4,410700,107.0
4,410760,134.0
4,410820,124.0
4,410880,162.0
4,410940,130.0
4,411000,146.0
4,411060,176.0
4,411120,118.0
4,411180,143.0
4,411240,180.0
4,411300,203.0
4,411360,180.0
4,411420,156.0
4,411480,203.0
4,411540,165.0
4,411600,126.0
4,411660,113.0
4,411720,104.0
4,411780,97.0
4,411840,92.0
4,411900,110.0
4,411960,125.0
4,412020,113.0
4,412080,126.0
4,412140,109.0
4,412200,111.0
4,412260,121.0
4,412320,143.0
4,412380,123.0
4,412440,102.0
4,412500,134.0
4,413100,122.0
4,413220,102.0
4,413280,133.0
4,413400,282.0
4,413460,112.0
4,413520,92.0
4,413640,112.0
4,413700,144.0
4,413820,148.0
4,413940,151.0
4,414000,177.0
4,414060,156.0
4,414120,165.0
4,414180,168.0
4,414240,147.0
4,414300,145.0
4,414360,141.0
4,414540,149.0
4,414600,138.0
4,414660,113.0
4,414720,162.0
4,414780,113.0
4,414840,197.0
4,414900,165.0
4,414960,189.0
4,415020,166.0
4,415080,154.0
4,415140,170.0
4,415200,176.0
4,415260,169.0
4,415320,165.0
4,415380,186.0
4,415440,242.0
4,415500,185.0
4,415560,184.0
4,415620,126.0
4,415680,131.0
4,415740,145.0
4,415800,133.0
4,415860,145.0
4,415920,136.0
4,415980,85.0
4,416040,116.0
4,416100,132.0
4,416160,99.0
4,416220,134.0
4,416280,176.0
4,416340,181.0
4,416400,147.0
4,416460,158.0
4,416520,134.0
4,416580,146.0
4,416640,169.0
4,416700,109.0
4,416760,147.0
4,416820,142.0
4,416880,143.0
4,416940,145.0
4,417000,165.0
4,417060,124.0
4,417120,154.0
4,417180,185.0
4,417240,190.0
4,417300,230.0
4,417360,170.0
4,417420,184.0
4,417480,185.0
4,417540,181.0
4,417600,176.0
4,417660,195.0
4,417720,189.0
4,417780,187.0
4,417840,200.0
4,417900,167.0
4,417960,186.0
4,418020,197.0
4,418080,230.0
4,418140,203.0
4,418200,204.0
4,418260,216.0
4,418320,152.0
4,418380,149.0
4,418440,195.0
4,418500,164.0
4,418560,169.0
4,418620,148.0
4,418680,183.0
4,418740,195.0
4,418800,171.0
4,418860,164.0
4,418920,176.0
4,418980,181.0
4,419040,208.0
4,419100,256.0
4,419160,173.0
4,419220,198.0
4,419280,139.0
4,419340,166.0
4,419400,203.0
4,419460,166.0
4,419520,168.0
4,419580,167.0
4,419640,147.0
4,419700,124.0
4,419760,133.0
4,419820,155.0
4,419880,163.0
4,419940,147.0
4,420000,161.0
4,420060,168.0
4,420120,210.0
4,420180,218.0
4,420240,159.0
4,420300,162.0
4,420360,155.0
4,420420,174.0
4,420480,167.0
4,420540,129.0
4,420600,163.0
4,420660,186.0
4,420720,146.0
4,420780,144.0
4,420840,155.0
4,420900,152.0
4,420960,176.0
4,421020,133.0
4,421080,144.0
4,421140,147.0
4,421200,134.0
4,421260,164.0
4,421320,205.0
4,421380,164.0
4,421440,177.0
4,421500,164.0
4,421560,154.0
4,421620,197.0
4,421680,166.0
4,421740,181.0
4,421800,183.0
4,421860,162.0
4,421920,182.0
4,421980,204.0
4,422040,168.0
4,422100,156.0
4,422160,174.0
4,422220,224.0
4,422280,198.0
4,422340,203.0
4,422400,142.0
4,422460,142.0
4,422520,139.0
4,422580,93.0
4,422640,190.0
4,422700,190.0
4,422760,264.0
4,422820,191.0
4,422880,200.0
4,422940,185.0
4,423000,186.0
4,423060,169.0
4,423120,165.0
4,423180,196.0
4,423240,247.0
4,423300,285.0
4,423360,219.0
4,423420,207.0
4,423480,155.0
4,423540,205.0
4,423600,167.0
4,423660,163.0
4,423720,185.0
4,423780,170.0
4,423840,145.0
4,423900,170.0
4,423960,182.0
4,424020,167.0
4,424080,136.0
4,424140,173.0
4,424200,208.0
4,424260,148.0
4,424320,156.0
4,424380,105.0
4,424440,140.0
4,424500,167.0
4,424560,175.0
4,424620,175.0
4,424680,158.0
4,424740,216.0
4,424800,164.0
4,424860,144.0
4,424920,138.0
4,424980,123.0
4,425040,134.0
4,425100,143.0
4,425160,187.0
4,425220,189.0
4,425280,174.0
4,425340,183.0
4,425400,140.0
4,425460,139.0
4,425520,148.0
4,425580,155.0
4,425640,196.0
4,425700,150.0
4,425760,161.0
4,425820,185.0
4,425880,207.0
4,425940,187.0
4,426000,156.0
4,426060,145.0
4,426120,146.0
4,426180,156.0
4,426240,180.0
4,426300,168.0
4,426360,171.0
4,426420,126.0
4,426480,161.0
4,426540,139.0
4,426600,128.0
4,426660,131.0
4,426720,128.0
4,426780,133.0
4,426840,148.0
4,426900,181.0
4,426960,124.0
4,427020,181.0
4,427080,174.0
4,427140,208.0
4,427200,227.0
4,427260,156.0
4,427320,220.0
4,427380,176.0
4,427440,195.0
4,427500,250.0
4,427560,284.0
4,427620,186.0
4,427680,161.0
4,427740,180.0
4,427800,152.0
4,427860,162.0
4,427920,136.0
4,427980,149.0
4,428040,182.0
4,428100,155.0
4,428160,152.0
4,428220,134.0
4,428280,140.0
4,428340,120.0
4,428400,158.0
4,428460,176.0
4,428520,186.0
4,428580,158.0
4,428640,151.0
4,428700,209.0
4,428760,160.0
4,428820,230.0
4,428880,198.0
4,428940,200.0
4,429000,217.0
4,429060,188.0
4,429120,211.0
4,429180,160.0
4,429240,151.0
4,429300,111.0
4,429360,124.0
4,429420,159.0
4,429480,136.0
4,429540,146.0
4,429600,128.0
4,429660,135.0
4,429720,195.0
4,429780,113.0
4,429840,132.0
4,429900,168.0
4,429960,114.0
4,430020,107.0
4,430080,104.0
4,430140,151.0
4,430200,145.0
4,430260,147.0
4,430320,112.0
4,430380,103.0
4,430440,101.0
4,430500,129.0
4,430560,123.0
4,430620,120.0
4,430680,128.0
4,430740,87.0
4,430800,135.0
4,430860,143.0
4,430920,82.0
4,430980,131.0
4,431040,146.0
4,431100,106.0
4,431160,105.0
4,431220,125.0
4,431280,107.0
4,431340,108.0
4,431400,101.0
4,431460,124.0
4,431520,93.0
4,431580,88.0
4,431640,111.0
4,431700,92.0
4,431760,84.0
4,431820,54.0
4,431880,140.0
4,431940,88.0
5,432000,120.0
5,432060,123.0
5,432120,88.0
5,432180,117.0
5,432240,113.0
5,432300,163.0
5,432360,149.0
5,432420,139.0
5,432480,130.0
5,432540,121.0
5,432600,86.0
5,432660,91.0
5,432720,84.0
5,432780,82.0
5,432840,120.0
5,432900,87.0
5,432960,123.0
5,433020,81.0
5,433080,65.0
5,433140,69.0
5,433200,92.0
5,433260,80.0
5,433320,127.0
5,433380,124.0
5,433440,123.0
5,433500,145.0
5,433560,136.0
5,433620,151.0
5,433680,106.0
5,433740,133.0
5,433800,108.0
5,433860,109.0
5,433920,107.0
5,433980,97.0
5,434040,92.0
5,434100,124.0
5,434160,111.0
5,434220,124.0
5,434280,106.0
5,434340,94.0
5,434400,68.0
5,434460,74.0
5,434520,90.0
5,434580,70.0
5,434640,82.0
5,434700,111.0
5,434760,105.0
5,434820,82.0
5,434880,90.0
5,434940,87.0
5,435000,65.0
5,435060,82.0
5,435120,112.0
5,435180,88.0
5,435240,62.0
5,435300,79.0
5,435360,90.0
5,435420,57.0
5,435480,77.0
5,435540,70.0
5,435600,117.0
5,435660,130.0
5,435720,103.0
5,435780,134.0
5,435840,99.0
5,435900,101.0
5,435960,108.0
5,436020,130.0
5,436080,112.0
5,436140,124.0
5,436200,132.0
5,436260,98.0
5,436320,83.0
5,436380,74.0
5,436440,62.0
5,436500,102.0
5,436560,50.0
5,436620,76.0
5,436680,71.0
5,436740,108.0
5,436800,75.0
5,436860,72.0
5,436920,65.0
5,436980,40.0
5,437040,63.0
5,437100,68.0
5,437160,61.0
5,437220,49.0
5,437280,56.0
5,437340,56.0
5,437400,59.0
5,437460,44.0
5,437520,57.0
5,437580,57.0
5,437640,55.0
5,437700,67.0
5,437760,52.0
5,437820,67.0
5,437880,47.0
5,437940,65.0
5,438000,64.0
5,438060,47.0
5,438120,88.0
5,438180,39.0
5,438240,40.0
5,438300,56.0
5,438360,69.0
5,438420,33.0
5,438480,37.0
5,438540,56.0
5,438600,46.0
5,438660,60.0
5,438720,80.0
5,438780,77.0
5,438840,67.0
5,438900,81.0
5,438960,64.0
5,439020,81.0
5,439080,43.0
5,439140,50.0
5,439200,60.0
5,439260,46.0
5,439320,83.0
5,439380,86.0
5,439440,113.0
5,439500,146.0
5,439560,99.0
5,439620,114.0
5,439680,118.0
5,439740,120.0
5,439800,93.0
5,439860,90.0
5,439920,102.0
5,439980,106.0
5,440040,99.0
5,440100,82.0
5,440160,63.0
5,440220,61.0
5,440280,36.0
5,440340,54.0
5,440400,45.0
5,440460,32.0
5,440520,58.0
5,440580,23.0
5,440640,52.0
5,440700,57.0
5,440760,48.0
5,440820,51.0
5,440880,35.0
5,440940,43.0
5,441000,39.0
5,441060,37.0
5,441120,49.0
5,441180,47.0
5,441240,42.0
5,441300,33.0
5,441360,56.0
5,441420,42.0
5,441480,65.0
5,441540,59.0
5,441600,41.0
5,441660,32.0
5,441720,45.0
5,441780,27.0
5,441840,48.0
5,441900,29.0
5,441960,36.0
5,442020,35.0
5,442080,54.0
5,442140,45.0
5,442200,43.0
5,442260,56.0
5,442320,33.0
5,442380,41.0
5,442440,32.0
5,442500,39.0
5,442560,34.0
5,442620,23.0
5,442680,21.0
5,442740,33.0
5,442800,33.0
5,442860,41.0
5,442920,36.0
5,442980,39.0
5,443040,40.0
5,443100,32.0
5,443160,36.0
5,443220,8.0
5,443280,28.0
5,443340,26.0
5,443400,26.0
5,443460,24.0
5,443520,24.0
5,443580,24.0
5,443640,30.0
5,443700,18.0
5,443760,55.0
5,443820,27.0
5,443880,38.0
5,443940,51.0
5,444000,22.0
5,444060,17.0
5,444120,26.0
5,444180,26.0
5,444240,26.0
5,444300,39.0
5,444360,42.0
5,444420,20.0
5,444480,16.0
5,444540,26.0
5,444600,36.0
5,444660,26.0
5,444720,19.0
5,444780,18.0
5,444840,32.0
5,444900,21.0
5,444960,24.0
5,445020,22.0
5,445080,17.0
5,445140,28.0
5,445200,25.0
5,445260,17.0
5,445320,37.0
5,445380,33.0
5,445440,16.0
5,445500,29.0
5,445560,16.0
5,445620,20.0
5,445680,30.0
5,445740,22.0
5,445800,25.0
5,445860,18.0
5,445920,17.0
5,445980,9.0
5,446040,14.0
5,446100,18.0
5,446160,29.0
5,446220,25.0
5,446280,16.0
5,446340,6.0
5,446400,10.0
5,446460,23.0
5,446520,25.0
5,446580,5.0
5,446640,16.0
5,446700,19.0
5,446760,25.0
5,446820,23.0
5,446880,20.0
5,446940,27.0
5,447000,10.0
5,447060,14.0
5,447120,14.0
5,447180,7.0
5,447240,27.0
5,447300,23.0
5,447360,7.0
5,447420,14.0
5,447480,25.0
5,447540,21.0
5,447600,24.0
5,447660,12.0
5,447720,16.0
5,447780,23.0
5,447840,20.0
5,447900,15.0
5,447960,7.0
5,448020,7.0
5,448080,13.0
5,448140,13.0
5,448200,4.0
5,448260,21.0
5,448320,13.0
5,448380,6.0
5,448440,7.0
5,448500,5.0
5,448560,5.0
5,448620,7.0
5,448680,12.0
5,448740,20.0
5,448800,16.0
5,448860,4.0
5,448920,3.0
5,448980,7.0
5,449040,10.0
5,449100,23.0
5,449160,5.0
5,449220,7.0
5,449280,4.0
5,449340,12.0
5,449400,22.0
5,449460,4.0
5,449520,12.0
5,449580,15.0
5,449640,14.0
5,449700,6.0
5,449760,18.0
5,449820,9.0
5,449880,7.0
5,449940,5.0
5,450000,9.0
5,450060,10.0
5,450120,6.0
5,450180,15.0
5,450240,15.0
5,450300,8.0
5,450360,2.0
5,450420,9.0
5,450480,14.0
5,450540,15.0
5,450600,9.0
5,450660,15.0
5,450720,7.0
5,450780,9.0
5,450840,9.0
5,450900,12.0
5,450960,6.0
5,451020,13.0
5,451080,10.0
5,451140,7.0
5,451200,12.0
5,451260,6.0
5,451320,13.0
5,451380,1.0
5,451440,12.0
5,451500,13.0
5,451560,3.0
5,451620,12.0
5,451680,13.0
5,451740,14.0
5,451800,7.0
5,451860,9.0
5,451920,3.0
5,451980,9.0
5,452040,16.0
5,452100,14.0
5,452160,12.0
5,452220,7.0
5,452280,12.0
5,452340,25.0
5,452400,13.0
5,452460,16.0
5,452520,22.0
5,452580,17.0
5,452640,24.0
5,452700,5.0
5,452760,2.0
5,452820,19.0
5,452880,30.0
5,452940,10.0
5,453000,23.0
5,453060,9.0
5,453120,7.0
5,453180,13.0
5,453240,23.0
5,453300,1.0
5,453360,4.0
5,453420,16.0
5,453480,3.0
5,453540,8.0
5,453600,4.0
5,453660,6.0
5,453720,13.0
5,453780,17.0
5,453840,28.0
5,453900,5.0
5,453960,20.0
5,454020,19.0
5,454080,17.0
5,454140,24.0
5,454200,25.0
5,454260,19.0
5,454320,28.0
5,454380,18.0
5,454440,30.0
5,454500,29.0
5,454560,23.0
5,454620,6.0
5,454680,18.0
5,454740,19.0
5,454800,10.0
5,454860,6.0
5,454920,18.0
5,454980,5.0
5,455040,18.0
5,455100,17.0
5,455160,25.0
5,455220,9.0
5,455280,9.0
5,455340,27.0
5,455400,23.0
5,455460,32.0
5,455520,15.0
5,455580,8.0
5,455640,12.0
5,455700,24.0
5,455760,33.0
5,455820,25.0
5,455880,19.0
5,455940,30.0
5,456000,18.0
5,456060,20.0
5,456120,16.0
5,456180,16.0
5,456240,22.0
5,456300,22.0
5,456360,26.0
5,456420,37.0
5,456480,34.0
5,456540,41.0
5,456600,20.0
5,456660,22.0
5,456720,26.0
5,456780,26.0
5,456840,26.0
5,456900,20.0
5,456960,18.0
5,457020,30.0
5,457080,14.0
5,457140,32.0
5,457200,30.0
5,457260,27.0
5,457320,24.0
5,457380,48.0
5,457440,40.0
5,457500,46.0
5,457560,32.0
5,457620,34.0
5,457680,44.0
5,457740,33.0
5,457800,32.0
5,457860,45.0
5,457920,58.0
5,457980,46.0
5,458040,37.0
5,458100,65.0
5,458160,56.0
5,458220,57.0
5,458280,28.0
5,458340,25.0
5,458400,40.0
5,458460,44.0
5,458520,85.0
5,458580,71.0
5,458640,86.0
5,458700,81.0
5,458760,80.0
5,458820,83.0
5,458880,92.0
5,458940,102.0
5,459000,106.0
5,459060,102.0
5,459120,122.0
5,459180,84.0
5,459240,62.0
5,459300,63.0
5,459360,62.0
5,459420,62.0
5,459480,61.0
5,459540,75.0
5,459600,76.0
5,459660,72.0
5,459720,81.0
5,459780,72.0
5,459840,49.0
5,459900,66.0
5,459960,51.0
5,460020,61.0
5,460080,54.0
5,460140,40.0
5,460200,59.0
5,460260,66.0
5,460320,52.0
5,460380,47.0
5,460440,55.0
5,460500,66.0
5,460560,86.0
5,460620,58.0
5,460680,83.0
5,460740,83.0
5,460800,71.0
5,460860,101.0
5,460920,122.0
5,460980,138.0
5,461040,105.0
5,461100,97.0
5,461160,124.0
5,461220,117.0
5,461280,74.0
5,461340,87.0
5,461400,81.0
5,461460,89.0
5,461520,83.0
5,461580,117.0
5,461640,118.0
5,461700,91.0
5,461760,120.0
5,461820,110.0
5,461880,99.0
5,461940,128.0
5,462000,128.0
5,462060,108.0
5,462120,96.0
5,462180,103.0
5,462240,78.0
5,462300,59.0
5,462360,78.0
5,462420,66.0
5,462480,60.0
5,462540,83.0
5,462600,80.0
5,462660,62.0
5,462720,88.0
5,462780,106.0
5,462840,96.0
5,462900,132.0
5,462960,133.0
5,463020,138.0
5,463080,167.0
5,463140,124.0
5,463200,127.0
5,463260,136.0
5,463320,124.0
5,463380,136.0
5,463440,97.0
5,463500,132.0
5,463560,142.0
5,463620,102.0
5,463680,113.0
5,463740,109.0
5,463800,121.0
5,463860,161.0
5,463920,116.0
5,463980,153.0
5,464040,119.0
5,464100,97.0
5,464160,93.0
5,464220,105.0
5,464280,118.0
5,464340,167.0
5,464400,164.0
5,464460,186.0
5,464520,168.0
5,464580,123.0
5,464640,135.0
5,464700,187.0
5,464760,184.0
5,464820,176.0
5,464880,187.0
5,464940,183.0
5,465000,158.0
5,465060,190.0
5,465120,165.0
5,465180,166.0
5,465240,146.0
5,465300,170.0
5,465360,103.0
5,465420,104.0
5,465480,107.0
5,465540,123.0
5,465600,129.0
5,465660,97.0
5,465720,122.0
5,465780,145.0
5,465840,140.0
5,465900,105.0
5,465960,114.0
5,466020,124.0
5,466080,121.0
5,466140,99.0
5,466200,117.0
5,466260,125.0
5,466320,145.0
5,466380,103.0
5,466440,112.0
5,466500,99.0
5,466560,101.0
5,466620,104.0
5,466680,125.0
5,466740,131.0
5,466800,130.0
5,466860,120.0
5,466920,143.0
5,466980,121.0
5,467040,168.0
5,467100,122.0
5,467160,107.0
5,467220,140.0
5,467280,174.0
5,467340,149.0
5,467400,118.0
5,467460,163.0
5,467520,166.0
5,467580,162.0
5,467640,138.0
5,467700,180.0
5,467760,127.0
5,467820,150.0
5,467880,141.0
5,467940,147.0
5,468000,171.0
5,468060,148.0
5,468120,158.0
5,468180,166.0
5,468240,149.0
5,468300,156.0
5,468360,147.0
5,468420,154.0
5,468480,134.0
5,468540,158.0
5,468600,205.0
5,468660,205.0
5,468720,212.0
5,468780,176.0
5,468840,189.0
5,468900,173.0
5,468960,174.0
5,469020,161.0
5,469080,142.0
5,469140,160.0
5,469200,248.0
5,469260,206.0
5,469320,167.0
5,469380,215.0
5,469440,176.0
5,469500,198.0
5,469560,216.0
5,469620,237.0
5,469680,220.0
5,469740,248.0
5,469800,164.0
5,469860,173.0
5,469920,234.0
5,469980,151.0
5,470040,165.0
5,470100,160.0
5,470160,163.0
5,470220,185.0
5,470280,160.0
5,470340,201.0
5,470400,113.0
5,470460,110.0
5,470520,130.0
5,470580,83.0
5,470640,133.0
5,470700,153.0
5,470760,190.0
5,470820,201.0
5,470880,211.0
5,470940,195.0
5,471000,204.0
5,471060,194.0
5,471120,173.0
5,471180,138.0
5,471240,167.0
5,471300,176.0
5,471360,193.0
5,471420,163.0
5,471480,169.0
5,471540,183.0
5,471600,181.0
5,471660,205.0
5,471720,180.0
5,471780,175.0
5,471840,251.0
5,471900,264.0
5,471960,252.0
5,472020,197.0
5,472080,196.0
5,472140,204.0
5,472200,236.0
5,472320,246.0
5,472380,235.0
5,472440,239.0
5,472500,245.0
5,472620,273.0
5,472860,217.0
5,472920,248.0
5,472980,224.0
5,473040,174.0
5,473100,214.0
5,473160,230.0
5,473220,188.0
5,473280,198.0
5,473340,190.0
5,473400,200.0
5,473460,148.0
5,473520,185.0
5,473580,216.0
5,473700,206.0
5,473760,152.0
5,473820,156.0
5,473880,173.0
5,473940,193.0
5,474000,177.0
5,474060,144.0
5,474120,168.0
5,474180,167.0
5,474240,155.0
5,474300,150.0
5,474360,180.0
5,474420,140.0
5,474480,151.0
5,474540,145.0
5,474600,149.0
5,474660,161.0
5,474720,193.0
5,474780,158.0
5,474840,184.0
5,474900,209.0
5,474960,171.0
5,475020,166.0
5,475080,187.0
5,475140,212.0
5,475200,155.0
5,475260,265.0
5,475320,203.0
5,475380,225.0
5,475440,231.0
5,475500,217.0
5,475560,237.0
5,475620,262.0
5,475680,209.0
5,475740,252.0
5,475800,238.0
5,475860,194.0
5,475920,230.0
5,475980,209.0
5,476040,159.0
5,476100,218.0
5,476160,218.0
5,476220,177.0
5,476280,173.0
5,476340,158.0
5,476400,146.0
5,476580,209.0
5,476640,166.0
5,476820,138.0
5,476880,149.0
5,476940,183.0
5,477000,131.0
5,477060,126.0
5,477120,155.0
5,477180,145.0
5,477240,134.0
5,477300,121.0
5,477360,167.0
5,477420,132.0
5,477480,147.0
5,477540,152.0
5,477600,142.0
5,477660,134.0
5,477720,180.0
5,477780,195.0
5,477840,144.0
5,477900,178.0
5,477960,141.0
5,478020,134.0
5,478080,120.0
5,478140,147.0
5,478200,160.0
5,478260,140.0
5,478320,144.0
5,478380,160.0
5,478440,155.0
5,478500,126.0
5,478560,161.0
5,478620,173.0
5,478740,168.0
5,478800,162.0
5,478860,147.0
5,478920,162.0
5,478980,210.0
5,479040,197.0
5,479100,204.0
5,479160,215.0
5,479220,168.0
5,479280,201.0
5,479340,220.0
5,479400,269.0
5,479460,268.0
5,479520,244.0
5,479580,210.0
5,479640,211.0
5,479700,206.0
5,479760,169.0
5,479820,163.0
5,479880,156.0
5,479940,145.0
5,480000,175.0
5,480060,192.0
5,480120,234.0
5,480180,212.0
5,480240,196.0
5,480300,183.0
5,480360,141.0
5,480420,155.0
5,480480,193.0
5,480540,202.0
5,480600,214.0
5,480660,193.0
5,480720,216.0
5,480780,206.0
5,480840,164.0
5,480900,162.0
5,480960,169.0
5,481020,175.0
5,481080,182.0
5,481140,169.0
5,481200,163.0
5,481260,189.0
5,481320,152.0
5,481380,169.0
5,481440,165.0
5,481500,120.0
5,481560,149.0
5,481620,163.0
5,481680,172.0
5,481740,160.0
5,481800,167.0
5,481860,127.0
5,481920,184.0
5,481980,162.0
5,482040,184.0
5,482100,133.0
5,482160,188.0
5,482220,171.0
5,482280,165.0
5,482340,159.0
5,482400,177.0
5,482460,171.0
5,482520,171.0
5,482580,147.0
5,482640,187.0
5,482700,194.0
5,482760,209.0
5,482820,168.0
5,482880,156.0
5,482940,146.0
5,483000,218.0
5,483060,231.0
5,483120,200.0
5,483180,204.0
5,483240,170.0
5,483300,226.0
5,483360,205.0
5,483420,186.0
5,483480,191.0
5,483540,232.0
5,483600,186.0
5,483660,160.0
5,483720,147.0
5,483780,185.0
5,483840,135.0
5,483900,102.0
5,483960,96.0
5,484020,130.0
5,484080,129.0
5,484140,127.0
5,484200,167.0
5,484260,136.0
5,484320,107.0
5,484380,110.0
5,484440,124.0
5,484500,124.0
5,484560,118.0
5,484620,165.0
5,484680,146.0
5,484740,151.0
5,484800,159.0
5,484860,132.0
5,484920,138.0
5,484980,153.0
5,485040,117.0
5,485100,147.0
5,485160,153.0
5,485340,148.0
5,485400,139.0
5,485460,145.0
5,485520,136.0
5,485580,162.0
5,485640,131.0
5,485700,117.0
5,485760,144.0
5,485820,159.0
5,485880,151.0
5,485940,213.0
5,486000,146.0
5,486060,131.0
5,486120,162.0
5,486180,134.0
5,486240,138.0
5,486300,125.0
5,486360,118.0
5,486420,148.0
5,486480,150.0
5,486540,126.0
5,486600,129.0
5,486720,131.0
5,486780,147.0
5,486840,150.0
5,486900,98.0
5,486960,122.0
5,487020,176.0
5,487080,150.0
5,487140,147.0
5,487200,197.0
5,487260,177.0
5,487320,182.0
5,487380,188.0
5,487440,191.0
5,487500,167.0
5,487560,110.0
5,487620,130.0
5,487680,138.0
5,487740,153.0
5,487860,208.0
5,487920,190.0
5,487980,177.0
5,488040,180.0
5,488100,155.0
5,488160,139.0
5,488220,159.0
5,488280,141.0
5,488340,197.0
5,488400,200.0
5,488460,182.0
5,488520,216.0
5,488580,207.0
5,488640,239.0
5,488700,218.0
5,488760,247.0
5,488820,182.0
5,488880,201.0
5,489000,211.0
5,489060,177.0
5,489120,141.0
5,489180,167.0
5,489240,186.0
5,489360,190.0
5,489420,148.0
5,489480,123.0
5,489540,127.0
5,489660,149.0
5,489720,195.0
5,489840,193.0
5,489900,159.0
5,489960,193.0
5,490020,240.0
5,490080,202.0
5,490140,217.0
5,490200,210.0
5,490260,279.0
5,490320,249.0
5,490560,194.0
5,490620,164.0
5,490680,128.0
5,490800,182.0
5,490980,188.0
5,491040,211.0
5,491100,178.0
5,491160,167.0
5,491220,158.0
5,491280,175.0
5,491340,142.0
5,491520,113.0
5,491640,139.0
5,491760,153.0
5,491820,227.0
5,492000,159.0
5,492060,181.0
5,492120,147.0
5,492180,108.0
5,492240,126.0
5,492300,148.0
5,492360,158.0
5,492420,162.0
5,492480,128.0
5,492540,153.0
5,492600,191.0
5,492660,140.0
5,492720,184.0
5,492780,162.0
5,492840,152.0
5,492900,154.0
5,492960,148.0
5,493020,169.0
5,493080,150.0
5,493140,133.0
5,493200,169.0
5,493260,201.0
5,493320,125.0
5,493380,122.0
5,493440,141.0
5,493500,153.0
5,493560,200.0
5,493620,177.0
5,493680,172.0
5,493740,211.0
5,493800,198.0
5,493860,130.0
5,493920,125.0
5,493980,171.0
5,494040,195.0
5,494100,168.0
5,494160,165.0
5,494220,180.0
5,494280,206.0
5,494340,163.0
5,494400,142.0
5,494460,146.0
5,494520,160.0
5,494580,138.0
5,494640,128.0
5,494700,127.0
5,494760,148.0
5,494820,117.0
5,494880,109.0
5,494940,148.0
5,495000,126.0
5,495060,94.0
5,495120,134.0
5,495180,140.0
5,495240,167.0
5,495300,144.0
5,495360,174.0
5,495420,149.0
5,495480,150.0
5,495540,156.0
5,495600,136.0
5,495660,172.0
5,495720,158.0
5,495780,125.0
5,495840,159.0
5,495900,134.0
5,495960,155.0
5,496020,138.0
5,496080,152.0
5,496140,165.0
5,496200,166.0
5,496260,169.0
5,496320,183.0
5,496380,178.0
5,496440,192.0
5,496500,136.0
5,496560,172.0
5,496620,138.0
5,496680,140.0
5,496740,133.0
5,496800,146.0
5,496860,186.0
5,496920,173.0
5,496980,155.0
5,497040,191.0
5,497100,242.0
5,497160,275.0
5,497220,255.0
5,497280,224.0
5,497340,220.0
5,497400,230.0
5,497460,193.0
5,497520,226.0
5,497580,234.0
5,497640,187.0
5,497700,181.0
5,497760,168.0
5,497820,152.0
5,497880,215.0
5,497940,145.0
5,498000,170.0
5,498060,206.0
5,498120,205.0
5,498180,169.0
5,498240,194.0
5,498300,141.0
5,498360,164.0
5,498420,160.0
5,498480,166.0
5,498540,192.0
5,498600,146.0
5,498660,144.0
5,498720,160.0
5,498780,182.0
5,498840,183.0
5,498900,149.0
5,498960,192.0
5,499020,167.0
5,499080,149.0
5,499140,183.0
5,499200,191.0
5,499260,224.0
5,499320,176.0
5,499380,201.0
5,499440,154.0
5,499500,166.0
5,499560,163.0
5,499620,176.0
5,499680,153.0
5,499740,153.0
5,499800,195.0
5,499860,162.0
5,499920,171.0
5,499980,191.0
5,500040,163.0
5,500100,150.0
5,500160,257.0
5,500220,198.0
5,500280,222.0
5,500340,189.0
5,500400,191.0
5,500460,167.0
5,500520,194.0
5,500580,198.0
5,500640,175.0
5,500700,197.0
5,500760,247.0
5,500820,198.0
5,500880,183.0
5,500940,164.0
5,501000,182.0
5,501060,167.0
5,501120,200.0
5,501180,204.0
5,501240,261.0
5,501300,174.0
5,501360,204.0
5,501420,225.0
5,501480,198.0
5,501540,217.0
5,501600,217.0
5,501660,242.0
5,501720,173.0
5,501780,166.0
5,501840,193.0
5,501900,186.0
5,501960,188.0
5,502020,227.0
5,502080,242.0
5,502140,225.0
5,502200,235.0
5,502260,230.0
5,502320,226.0
5,502380,230.0
5,502440,233.0
5,502500,258.0
5,502560,208.0
5,502620,220.0
5,502680,213.0
5,502740,227.0
5,502800,244.0
5,502860,237.0
5,502920,245.0
5,502980,252.0
5,503040,222.0
5,503100,228.0
5,503160,246.0
5,503220,226.0
5,503280,176.0
5,503340,182.0
5,503400,184.0
5,503460,229.0
5,503520,186.0
5,503580,261.0
5,503640,178.0
5,503700,244.0
5,503760,246.0
5,503820,260.0
5,503880,266.0
5,503940,288.0
5,504000,213.0
5,504060,274.0
5,504120,246.0
5,504180,251.0
5,504240,194.0
5,504300,232.0
5,504360,214.0
5,504420,202.0
5,504480,204.0
5,504540,170.0
5,504600,170.0
5,504660,204.0
5,504720,203.0
5,504780,192.0
5,504840,178.0
5,504900,204.0
5,504960,213.0
5,505020,232.0
5,505080,202.0
5,505140,226.0
5,505200,206.0
5,505260,213.0
5,505320,188.0
5,505380,219.0
5,505440,243.0
5,505500,239.0
5,505560,277.0
5,505620,245.0
5,505680,248.0
5,505740,240.0
5,505800,248.0
5,505860,252.0
5,505920,242.0
5,505980,238.0
5,506040,237.0
5,506100,237.0
5,506160,271.0
5,506220,166.0
5,506280,204.0
5,506340,259.0
5,506400,245.0
5,506460,239.0
5,506520,230.0
5,506580,214.0
5,506640,184.0
5,506700,203.0
5,506760,232.0
5,506820,168.0
5,506880,253.0
5,506940,236.0
5,507000,228.0
5,507060,205.0
5,507120,244.0
5,507180,201.0
5,507240,207.0
5,507300,208.0
5,507360,245.0
5,507420,293.0
5,507480,215.0
5,507540,210.0
5,507600,248.0
5,507660,234.0
5,507720,216.0
5,507780,218.0
5,507840,222.0
5,507900,217.0
5,507960,245.0
5,508020,249.0
5,508080,238.0
5,508140,257.0
5,508200,252.0
5,508260,246.0
5,508320,264.0
5,508380,251.0
5,508440,222.0
5,508500,237.0
5,508560,211.0
5,508620,232.0
5,508680,237.0
5,508740,216.0
5,508800,280.0
5,508860,232.0
5,508920,195.0
5,508980,197.0
5,509040,234.0
5,509100,198.0
5,509160,248.0
5,509220,225.0
5,509280,254.0
5,509340,238.0
5,509400,176.0
5,509460,207.0
5,509520,191.0
5,509580,169.0
5,509640,200.0
5,509700,170.0
5,509760,247.0
5,509820,153.0
5,509880,202.0
5,509940,223.0
5,510000,172.0
5,510060,258.0
5,510120,233.0
5,510180,226.0
5,510240,200.0
5,510300,237.0
5,510360,249.0
5,510420,205.0
5,510480,178.0
5,510540,198.0
5,510600,212.0
5,510660,245.0
5,510720,229.0
5,510780,196.0
5,510840,223.0
5,510900,220.0
5,510960,256.0
5,511020,181.0
5,511080,145.0
5,511140,211.0
5,511200,202.0
5,511260,213.0
5,511320,223.0
5,511380,219.0
5,511440,159.0
5,511500,200.0
5,511560,258.0
5,511620,218.0
5,511680,226.0
5,511740,212.0
5,511800,177.0
5,511860,217.0
5,511920,220.0
5,511980,194.0
5,512040,216.0
5,512100,239.0
5,512160,215.0
5,512220,272.0
5,512280,192.0
5,512340,210.0
5,512400,168.0
5,512460,181.0
5,512520,149.0
5,512580,140.0
5,512640,182.0
5,512700,220.0
5,512760,266.0
5,512820,219.0
5,512880,171.0
5,512940,167.0
5,513000,171.0
5,513060,177.0
5,513120,180.0
5,513180,201.0
5,513240,176.0
5,513300,181.0
5,513360,174.0
5,513420,178.0
5,513480,210.0
5,513540,249.0
5,513600,195.0
5,513660,188.0
5,513720,175.0
5,513780,195.0
5,513840,184.0
5,513900,259.0
5,513960,223.0
5,514020,215.0
5,514080,183.0
5,514140,212.0
5,514200,226.0
5,514260,237.0
5,514320,231.0
5,514380,252.0
5,514440,215.0
5,514500,208.0
5,514560,245.0
5,514620,215.0
5,514680,180.0
5,514740,171.0
5,514800,224.0
5,514860,225.0
5,514920,205.0
5,514980,174.0
5,515040,230.0
5,515100,180.0
5,515160,177.0
5,515220,153.0
5,515280,207.0
5,515340,249.0
5,515400,236.0
5,515460,223.0
5,515520,209.0
5,515580,183.0
5,515640,183.0
5,515700,176.0
5,515760,187.0
5,515820,174.0
5,515880,198.0
5,515940,187.0
5,516000,130.0
5,516060,184.0
5,516120,171.0
5,516180,181.0
5,516240,167.0
5,516300,171.0
5,516360,175.0
5,516420,165.0
5,516480,214.0
5,516540,185.0
5,516600,152.0
5,516660,152.0
5,516720,150.0
5,516780,159.0
5,516840,152.0
5,516900,182.0
5,516960,177.0
5,517020,129.0
5,517080,192.0
5,517140,147.0
5,517200,161.0
5,517260,142.0
5,517320,162.0
5,517380,150.0
5,517440,159.0
5,517500,176.0
5,517560,143.0
5,517620,159.0
5,517680,186.0
5,517740,169.0
5,517800,166.0
5,517860,147.0
5,517920,135.0
5,517980,106.0
5,518040,177.0
5,518100,155.0
5,518160,114.0
5,518220,100.0
5,518280,132.0
5,518340,92.0
6,518400,99.0
6,518460,147.0
6,518520,127.0
6,518580,109.0
6,518640,176.0
6,518700,141.0
6,518760,175.0
6,518820,156.0
6,518880,131.0
6,518940,89.0
6,519000,124.0
6,519060,130.0
6,519120,109.0
6,519180,165.0
6,519240,128.0
6,519300,147.0
6,519360,133.0
6,519420,91.0
6,519480,120.0
6,519540,120.0
6,519600,170.0
6,519660,155.0
6,519720,112.0
6,519780,97.0
6,519840,113.0
6,519900,117.0
6,519960,107.0
6,520020,131.0
6,520080,130.0
6,520140,75.0
6,520200,84.0
6,520260,133.0
6,520320,103.0
6,520380,121.0
6,520440,103.0
6,520500,90.0
6,520560,104.0
6,520620,155.0
6,520680,116.0
6,520740,122.0
6,520800,92.0
6,520860,116.0
6,520920,94.0
6,520980,67.0
6,521040,104.0
6,521100,96.0
6,521160,88.0
6,521220,74.0
6,521280,109.0
6,521340,91.0
6,521400,87.0
6,521460,68.0
6,521520,94.0
6,521580,44.0
6,521640,79.0
6,521700,80.0
6,521760,71.0
6,521820,82.0
6,521880,82.0
6,521940,89.0
6,522000,77.0
6,522060,81.0
6,522120,93.0
6,522180,57.0
6,522240,100.0
6,522300,122.0
6,522360,97.0
6,522420,105.0
6,522480,101.0
6,522540,100.0
6,522600,76.0
6,522660,79.0
6,522720,74.0
6,522780,47.0
6,522840,80.0
6,522900,71.0
6,522960,65.0
6,523020,70.0
6,523080,79.0
6,523140,111.0
6,523200,90.0
6,523260,80.0
6,523320,90.0
6,523380,88.0
6,523440,87.0
6,523500,48.0
6,523560,74.0
6,523620,74.0
6,523680,78.0
6,523740,84.0
6,523800,78.0
6,523860,64.0
6,523920,72.0
6,523980,76.0
6,524040,76.0
6,524100,79.0
6,524160,48.0
6,524220,59.0
6,524280,64.0
6,524340,60.0
6,524400,55.0
6,524460,79.0
6,524520,60.0
6,524580,36.0
6,524640,60.0
6,524700,75.0
6,524760,66.0
6,524820,69.0
6,524880,48.0
6,524940,67.0
6,525000,44.0
6,525060,71.0
6,525120,55.0
6,525180,27.0
6,525240,38.0
6,525300,41.0
6,525360,44.0
6,525420,69.0
6,525480,63.0
6,525540,52.0
6,525600,41.0
6,525660,55.0
6,525720,30.0
6,525780,39.0
6,525840,44.0
6,525900,46.0
6,525960,44.0
6,526020,39.0
6,526080,43.0
6,526140,51.0
6,526200,29.0
6,526260,49.0
6,526320,30.0
6,526380,25.0
6,526440,68.0
6,526500,28.0
6,526560,34.0
6,526620,19.0
6,526680,40.0
6,526740,44.0
6,526800,80.0
6,526860,44.0
6,526920,44.0
6,526980,23.0
6,527040,22.0
6,527100,37.0
6,527160,33.0
6,527220,32.0
6,527280,26.0
6,527340,36.0
6,527400,25.0
6,527460,34.0
6,527520,37.0
6,527580,36.0
6,527640,24.0
6,527700,30.0
6,527760,26.0
6,527820,16.0
6,527880,29.0
6,527940,34.0
6,528000,32.0
6,528060,27.0
6,528120,26.0
6,528180,13.0
6,528240,19.0
6,528300,27.0
6,528360,16.0
6,528420,39.0
6,528480,26.0
6,528540,30.0
6,528600,26.0
6,528660,16.0
6,528720,24.0
6,528780,14.0
6,528840,9.0
6,528900,7.0
6,528960,23.0
6,529020,28.0
6,529080,42.0
6,529140,43.0
6,529200,14.0
6,529260,10.0
6,529320,19.0
6,529380,22.0
6,529440,36.0
6,529500,45.0
6,529560,28.0
6,529620,23.0
6,529680,34.0
6,529740,18.0
6,529800,19.0
6,529860,17.0
6,529920,10.0
6,529980,27.0
6,530040,29.0
6,530100,8.0
6,530160,29.0
6,530220,14.0
6,530280,13.0
6,530340,12.0
6,530400,17.0
6,530460,13.0
6,530520,18.0
6,530580,21.0
6,530640,14.0
6,530700,12.0
6,530760,22.0
6,530820,12.0
6,530880,25.0
6,530940,17.0
6,531000,8.0
6,531060,18.0
6,531120,6.0
6,531180,16.0
6,531240,13.0
6,531300,14.0
6,531360,9.0
6,531420,22.0
6,531480,13.0
6,531540,26.0
6,531600,18.0
6,531660,17.0
6,531720,28.0
6,531780,22.0
6,531840,9.0
6,531900,13.0
6,531960,10.0
6,532020,7.0
6,532080,8.0
6,532140,14.0
6,532200,21.0
6,532260,13.0
6,532320,14.0
6,532380,15.0
6,532440,22.0
6,532500,15.0
6,532560,22.0
6,532620,13.0
6,532680,8.0
6,532740,13.0
6,532800,16.0
6,532860,12.0
6,532920,17.0
6,532980,14.0
6,533040,13.0
6,533100,12.0
6,533160,7.0
6,533220,7.0
6,533280,14.0
6,533340,18.0
6,533400,14.0
6,533460,9.0
6,533520,10.0
6,533580,15.0
6,533640,21.0
6,533700,5.0
6,533760,7.0
6,533820,14.0
6,533880,1.0
6,533940,15.0
6,534000,9.0
6,534060,10.0
6,534120,26.0
6,534180,7.0
6,534240,16.0
6,534300,8.0
6,534360,15.0
6,534420,9.0
6,534480,13.0
6,534540,6.0
6,534600,9.0
6,534660,14.0
6,534720,13.0
6,534780,9.0
6,534840,8.0
6,534900,13.0
6,534960,5.0
6,535020,3.0
6,535080,17.0
6,535140,6.0
6,535200,36.0
6,535260,7.0
6,535320,9.0
6,535380,14.0
6,535440,2.0
6,535500,3.0
6,535560,6.0
6,535620,14.0
6,535680,5.0
6,535740,15.0
6,535800,14.0
6,535860,5.0
6,535920,12.0
6,535980,6.0
6,536040,5.0
6,536100,6.0
6,536160,7.0
6,536220,8.0
6,536280,8.0
6,536340,10.0
6,536400,5.0
6,536460,6.0
6,536520,5.0
6,536580,16.0
6,536640,12.0
6,536700,21.0
6,536760,18.0
6,536820,29.0
6,536880,16.0
6,536940,38.0
6,537000,43.0
6,537060,66.0
6,537120,58.0
6,537180,50.0
6,537240,52.0
6,537300,55.0
6,537360,39.0
6,537420,27.0
6,537480,29.0
6,537540,50.0
6,537600,48.0
6,537660,45.0
6,537720,48.0
6,537780,43.0
6,537840,39.0
6,537900,29.0
6,537960,32.0
6,538020,33.0
6,538080,30.0
6,538140,42.0
6,538200,4.0
6,538260,8.0
6,538320,5.0
6,538380,2.0
6,538440,8.0
6,538500,8.0
6,538560,16.0
6,538620,8.0
6,538680,14.0
6,538740,18.0
6,538800,5.0
6,538860,5.0
6,538920,5.0
6,538980,4.0
6,539040,9.0
6,539100,10.0
6,539160,6.0
6,539220,7.0
6,539280,17.0
6,539340,3.0
6,539400,7.0
6,539460,3.0
6,539520,8.0
6,539580,10.0
6,539640,8.0
6,539700,12.0
6,539760,8.0
6,539820,12.0
6,539880,7.0
6,539940,6.0
6,540000,10.0
6,540060,12.0
6,540120,9.0
6,540180,8.0
6,540240,12.0
6,540300,6.0
6,540360,15.0
6,540420,9.0
6,540480,21.0
6,540540,15.0
6,540600,16.0
6,540660,10.0
6,540720,13.0
6,540780,16.0
6,540840,10.0
6,540900,18.0
6,540960,27.0
6,541020,36.0
6,541080,8.0
6,541140,9.0
6,541200,10.0
6,541260,14.0
6,541320,10.0
6,541380,8.0
6,541440,6.0
6,541500,7.0
6,541560,13.0
6,541620,21.0
6,541680,6.0
6,541740,15.0
6,541800,3.0
6,541860,21.0
6,541920,10.0
6,541980,20.0
6,542040,17.0
6,542100,14.0
6,542160,14.0
6,542220,16.0
6,542280,16.0
6,542340,18.0
6,542400,12.0
6,542460,17.0
6,542520,13.0
6,542580,15.0
6,542640,21.0
6,542700,16.0
6,542760,16.0
6,542820,10.0
6,542880,10.0
6,542940,9.0
6,543000,27.0
6,543060,10.0
6,543120,19.0
6,543180,20.0
6,543240,15.0
6,543300,25.0
6,543360,9.0
6,543420,59.0
6,543480,52.0
6,543540,36.0
6,543600,10.0
6,543660,18.0
6,543720,14.0
6,543780,8.0
6,543840,25.0
6,543900,23.0
6,543960,46.0
6,544020,51.0
6,544080,43.0
6,544140,59.0
6,544200,72.0
6,544260,78.0
6,544320,54.0
6,544380,28.0
6,544440,23.0
6,544500,40.0
6,544560,42.0
6,544620,37.0
6,544680,51.0
6,544740,82.0
6,544800,56.0
6,544860,48.0
6,544920,58.0
6,544980,48.0
6,545040,54.0
6,545100,98.0
6,545160,76.0
6,545220,62.0
6,545280,63.0
6,545340,38.0
6,545400,34.0
6,545460,30.0
6,545520,25.0
6,545580,37.0
6,545640,45.0
6,545700,37.0
6,545760,33.0
6,545820,32.0
6,545880,40.0
6,545940,54.0
6,546000,26.0
6,546060,46.0
6,546120,37.0
6,546180,33.0
6,546240,35.0
6,546300,42.0
6,546360,38.0
6,546420,34.0
6,546480,29.0
6,546540,37.0
6,546600,52.0
6,546660,63.0
6,546720,45.0
6,546780,60.0
6,546840,43.0
6,546900,36.0
6,546960,38.0
6,547020,57.0
6,547080,50.0
6,547140,50.0
6,547200,29.0
6,547260,39.0
6,547320,57.0
6,547380,57.0
6,547440,61.0
6,547500,51.0
6,547560,61.0
6,547620,47.0
6,547680,51.0
6,547740,49.0
6,547800,51.0
6,547860,92.0
6,547920,90.0
6,547980,87.0
6,548040,93.0
6,548100,77.0
6,548160,93.0
6,548220,129.0
6,548280,166.0
6,548340,107.0
6,548400,128.0
6,548460,79.0
6,548520,87.0
6,548580,96.0
6,548640,108.0
6,548700,108.0
6,548760,131.0
6,548820,80.0
6,548880,89.0
6,548940,93.0
6,549000,59.0
6,549060,52.0
6,549120,69.0
6,549180,67.0
6,549240,64.0
6,549300,77.0
6,549360,98.0
6,549420,65.0
6,549480,57.0
6,549540,61.0
6,549600,65.0
6,549660,113.0
6,549720,71.0
6,549780,77.0
6,549840,63.0
6,549900,104.0
6,549960,77.0
6,550020,61.0
6,550080,79.0
6,550140,91.0
6,550200,86.0
6,550260,84.0
6,550320,79.0
6,550380,102.0
6,550440,74.0
6,550500,86.0
6,550560,81.0
6,550620,118.0
6,550680,111.0
6,550740,81.0
6,550800,102.0
6,550860,119.0
6,550920,142.0
6,550980,108.0
6,551040,96.0
6,551100,122.0
6,551160,155.0
6,551220,140.0
6,551280,176.0
6,551340,138.0
6,551400,170.0
6,551460,149.0
6,551520,145.0
6,551580,89.0
6,551640,101.0
6,551700,131.0
6,551760,81.0
6,551820,104.0
6,551880,113.0
6,551940,104.0
6,552000,99.0
6,552060,128.0
6,552120,102.0
6,552180,87.0
6,552240,84.0
6,552300,88.0
6,552360,116.0
6,552420,85.0
6,552480,82.0
6,552540,118.0
6,552600,129.0
6,552660,128.0
6,552720,162.0
6,552780,119.0
6,552840,114.0
6,552900,116.0
6,552960,153.0
6,553020,129.0
6,553080,118.0
6,553140,116.0
6,553200,146.0
6,553260,110.0
6,553320,134.0
6,553380,143.0
6,553440,148.0
6,553500,158.0
6,553560,108.0
6,553620,148.0
6,553680,159.0
6,553740,98.0
6,553800,117.0
6,553860,123.0
6,553920,109.0
6,553980,130.0
6,554040,109.0
6,554100,113.0
6,554160,132.0
6,554220,113.0
6,554400,80.0
6,554460,79.0
6,554580,111.0
6,554760,151.0
6,554880,134.0
6,555240,135.0
6,555360,120.0
6,555420,121.0
6,555480,147.0
6,555540,104.0
6,555600,92.0
6,555780,122.0
6,555840,136.0
6,555960,129.0
6,556020,106.0
6,556080,153.0
6,556200,110.0
6,556260,136.0
6,556320,97.0
6,556440,125.0
6,556560,117.0
6,556680,134.0
6,556800,128.0
6,556980,108.0
6,557040,120.0
6,557100,118.0
6,557400,132.0
6,557460,138.0
6,557520,125.0
6,557580,120.0
6,557640,145.0
6,557700,136.0
6,557760,156.0
6,557820,99.0
6,557940,118.0
6,558420,156.0
6,558480,201.0
6,558540,188.0
6,558600,197.0
6,558720,213.0
6,558780,182.0
6,558900,145.0
6,558960,148.0
6,559020,169.0
6,559080,169.0
6,559260,131.0
6,559320,124.0
6,559380,117.0
6,559440,140.0
6,559500,131.0
6,559620,132.0
6,559680,114.0
6,559740,125.0
6,559920,117.0
6,560040,173.0
6,560100,126.0
6,560160,160.0
6,560220,103.0
6,560280,106.0
6,560340,142.0
6,560400,142.0
6,560460,110.0
6,560520,131.0
6,560580,125.0
6,560640,161.0
6,560700,126.0
6,560760,132.0
6,560820,138.0
6,560880,120.0
6,560940,94.0
6,561000,103.0
6,561060,127.0
6,561120,141.0
6,561180,106.0
6,561240,106.0
6,561300,134.0
6,561420,140.0
6,561480,132.0
6,561540,140.0
6,561600,167.0
6,561660,108.0
6,561720,144.0
6,561780,131.0
6,561840,130.0
6,561900,176.0
6,561960,89.0
6,562020,144.0
6,562080,121.0
6,562140,101.0
6,562200,125.0
6,562260,103.0
6,562320,98.0
6,562380,108.0
6,562440,102.0
6,562500,97.0
6,562560,131.0
6,562620,146.0
6,562680,114.0
6,562740,148.0
6,562800,109.0
6,562860,121.0
6,562920,139.0
6,562980,125.0
6,563040,99.0
6,563100,177.0
6,563160,147.0
6,563220,118.0
6,563280,122.0
6,563340,113.0
6,563400,156.0
6,563460,126.0
6,563520,122.0
6,563580,89.0
6,563640,148.0
6,563700,189.0
6,563760,172.0
6,563820,192.0
6,563880,224.0
6,563940,163.0
6,564000,136.0
6,564060,136.0
6,564120,136.0
6,564180,145.0
6,564240,170.0
6,564300,150.0
6,564360,165.0
6,564420,163.0
6,564480,143.0
6,564540,126.0
6,564600,134.0
6,564660,144.0
6,564720,158.0
6,564780,148.0
6,564840,133.0
6,564900,129.0
6,564960,109.0
6,565020,124.0
6,565080,123.0
6,565140,113.0
6,565200,120.0
6,565260,84.0
6,565320,118.0
6,565380,158.0
6,565440,99.0
6,565500,133.0
6,565560,121.0
6,565620,108.0
6,565680,154.0
6,565740,158.0
6,565800,135.0
6,565860,156.0
6,565920,175.0
6,565980,170.0
6,566040,168.0
6,566100,178.0
6,566160,165.0
6,566220,139.0
6,566280,104.0
6,566340,125.0
6,566400,139.0
6,566460,98.0
6,566520,142.0
6,566580,154.0
6,566640,107.0
6,566700,146.0
6,566760,111.0
6,566820,122.0
6,566880,119.0
6,566940,145.0
6,567000,144.0
6,567060,136.0
6,567120,113.0
6,567180,155.0
6,567240,93.0
6,567300,117.0
6,567360,108.0
6,567420,121.0
6,567480,158.0
6,567540,124.0
6,567600,141.0
6,567660,143.0
6,567720,161.0
6,567780,144.0
6,567840,134.0
6,567900,154.0
6,567960,164.0
6,568020,145.0
6,568080,170.0
6,568140,130.0
6,568200,130.0
6,568260,173.0
6,568320,129.0
6,568380,191.0
6,568440,146.0
6,568500,103.0
6,568560,117.0
6,568620,159.0
6,568680,151.0
6,568740,128.0
6,568800,122.0
6,568860,145.0
6,568920,188.0
6,568980,161.0
6,569040,193.0
6,569100,141.0
6,569160,172.0
6,569220,155.0
6,569280,223.0
6,569340,167.0
6,569400,148.0
6,569460,205.0
6,569520,131.0
6,569580,163.0
6,569640,164.0
6,569700,142.0
6,569760,172.0
6,569820,169.0
6,569880,138.0
6,569940,141.0
6,570000,130.0
6,570060,120.0
6,570120,110.0
6,570180,118.0
6,570240,114.0
6,570300,122.0
6,570360,138.0
6,570420,99.0
6,570480,130.0
6,570540,136.0
6,570600,78.0
6,570660,136.0
6,570720,131.0
6,570780,120.0
6,570840,126.0
6,570900,109.0
6,570960,102.0
6,571020,99.0
6,571080,122.0
6,571140,126.0
6,571200,106.0
6,571260,136.0
6,571320,135.0
6,571380,148.0
6,571440,147.0
6,571500,111.0
6,571560,118.0
6,571620,92.0
6,571680,147.0
6,571740,119.0
6,571800,93.0
6,571860,139.0
6,571920,149.0
6,571980,106.0
6,572040,94.0
6,572100,106.0
6,572160,88.0
6,572220,119.0
6,572280,139.0
6,572340,123.0
6,572400,84.0
6,572460,109.0
6,572520,162.0
6,572580,189.0
6,572640,164.0
6,572700,151.0
6,572760,124.0
6,572820,124.0
6,572880,141.0
6,572940,136.0
6,573000,173.0
6,573060,151.0
6,573120,151.0
6,573180,168.0
6,573240,204.0
6,573300,212.0
6,573360,117.0
6,573420,139.0
6,573480,153.0
6,573540,108.0
6,573600,88.0
6,573660,105.0
6,573720,132.0
6,573780,159.0
6,573840,128.0
6,573900,138.0
6,573960,124.0
6,574020,151.0
6,574080,131.0
6,574140,125.0
6,574200,147.0
6,574260,166.0
6,574320,143.0
6,574380,119.0
6,574440,133.0
6,574500,126.0
6,574560,123.0
6,574620,142.0
6,574680,116.0
6,574740,138.0
6,574800,158.0
6,574860,100.0
6,574920,108.0
6,574980,177.0
6,575040,202.0
6,575100,168.0
6,575160,184.0
6,575220,144.0
6,575280,149.0
6,575340,116.0
6,575400,116.0
6,575460,111.0
6,575520,129.0
6,575580,108.0
6,575640,138.0
6,575700,127.0
6,575760,98.0
6,575820,136.0
6,575880,121.0
6,575940,143.0
6,576000,169.0
6,576060,175.0
6,576120,171.0
6,576180,231.0
6,576240,196.0
6,576300,198.0
6,576360,172.0
6,576420,220.0
6,576480,160.0
6,576540,208.0
6,576600,208.0
6,576660,193.0
6,576720,170.0
6,576780,177.0
6,576840,111.0
6,576900,117.0
6,576960,139.0
6,577020,138.0
6,577080,135.0
6,577140,105.0
6,577200,162.0
6,577260,149.0
6,577320,156.0
6,577380,161.0
6,577440,150.0
6,577500,148.0
6,577560,147.0
6,577620,132.0
6,577680,134.0
6,577740,117.0
6,577800,120.0
6,577860,127.0
6,577920,130.0
6,577980,175.0
6,578040,151.0
6,578100,151.0
6,578160,141.0
6,578220,139.0
6,578280,128.0
6,578340,154.0
6,578400,131.0
6,578460,128.0
6,578520,142.0
6,578580,146.0
6,578640,156.0
6,578700,131.0
6,578760,147.0
6,578820,140.0
6,578880,171.0
6,578940,155.0
6,579000,114.0
6,579060,151.0
6,579120,141.0
6,579180,138.0
6,579240,146.0
6,579300,154.0
6,579360,151.0
6,579420,149.0
6,579480,132.0
6,579540,176.0
6,579600,113.0
6,579660,149.0
6,579720,126.0
6,579780,171.0
6,579840,171.0
6,579900,182.0
6,579960,200.0
6,580020,141.0
6,580080,110.0
6,580140,160.0
6,580200,177.0
6,580260,152.0
6,580320,194.0
6,580380,203.0
6,580440,186.0
6,580500,189.0
6,580560,228.0
6,580620,203.0
6,580680,169.0
6,580740,153.0
6,580800,119.0
6,580860,154.0
6,580920,172.0
6,580980,151.0
6,581040,189.0
6,581100,201.0
6,581160,204.0
6,581220,156.0
6,581280,132.0
6,581340,169.0
6,581400,140.0
6,581460,183.0
6,581760,159.0
6,581820,147.0
6,581880,164.0
6,581940,117.0
6,582000,138.0
6,582060,125.0
6,582120,128.0
6,582180,166.0
6,582240,156.0
6,582300,170.0
6,582360,198.0
6,582540,176.0
6,582600,151.0
6,582660,149.0
6,582720,167.0
6,582780,158.0
6,582840,168.0
6,582960,153.0
6,583020,170.0
6,583080,180.0
6,583140,200.0
6,583200,181.0
6,583260,223.0
6,583320,212.0
6,583380,243.0
6,583440,228.0
6,583500,275.0
6,583560,250.0
6,583620,223.0
6,583680,217.0
6,583740,207.0
6,583800,206.0
6,583860,205.0
6,583920,212.0
6,583980,248.0
6,584040,290.0
6,584100,235.0
6,584160,216.0
6,584220,180.0
6,584280,196.0
6,584340,174.0
6,584400,171.0
6,584460,147.0
6,584520,186.0
6,584580,187.0
6,584640,154.0
6,584700,172.0
6,584760,139.0
6,584820,219.0
6,584880,220.0
6,584940,180.0
6,585000,218.0
6,585060,165.0
6,585120,163.0
6,585180,163.0
6,585240,177.0
6,585300,169.0
6,585360,183.0
6,585420,165.0
6,585480,156.0
6,585540,195.0
6,585600,202.0
6,585660,165.0
6,585720,178.0
6,585780,194.0
6,585840,168.0
6,585900,172.0
6,585960,166.0
6,586020,156.0
6,586080,192.0
6,586140,162.0
6,586200,176.0
6,586260,224.0
6,586320,268.0
6,586380,189.0
6,586440,236.0
6,586500,213.0
6,586560,222.0
6,586620,186.0
6,586680,159.0
6,586740,234.0
6,586800,206.0
6,586860,192.0
6,586920,185.0
6,586980,215.0
6,587040,196.0
6,587100,204.0
6,587160,211.0
6,587220,223.0
6,587280,210.0
6,587340,240.0
6,587400,186.0
6,587460,214.0
6,587520,206.0
6,587580,233.0
6,587640,242.0
6,587700,217.0
6,587760,280.0
6,587820,229.0
6,587880,209.0
6,587940,233.0
6,588000,257.0
6,588060,230.0
6,588120,225.0
6,588180,240.0
6,588240,214.0
6,588300,191.0
6,588360,168.0
6,588420,205.0
6,588480,214.0
6,588540,172.0
6,588600,165.0
6,588660,170.0
6,588720,188.0
6,588780,195.0
6,588840,194.0
6,588900,235.0
6,588960,178.0
6,589020,152.0
6,589080,242.0
6,589140,268.0
6,589200,201.0
6,589260,234.0
6,589320,217.0
6,589380,181.0
6,589440,264.0
6,589500,246.0
6,589560,223.0
6,589620,210.0
6,589680,235.0
6,589740,198.0
6,589800,204.0
6,589860,190.0
6,589920,168.0
6,589980,181.0
6,590040,218.0
6,590100,233.0
6,590160,176.0
6,590220,238.0
6,590280,281.0
6,590340,218.0
6,590400,214.0
6,590460,215.0
6,590520,235.0
6,590580,271.0
6,590640,271.0
6,590700,238.0
6,590760,228.0
6,590820,213.0
6,590880,287.0
6,591000,209.0
6,591180,222.0
6,591240,222.0
6,591300,230.0
6,591360,206.0
6,591420,246.0
6,591480,239.0
6,591540,243.0
6,591600,269.0
6,591660,192.0
6,591720,211.0
6,591780,253.0
6,591840,261.0
6,591900,265.0
6,591960,155.0
6,592020,206.0
6,592080,212.0
6,592140,172.0
6,592200,216.0
6,592260,209.0
6,592320,239.0
6,592380,175.0
6,592440,150.0
6,592500,203.0
6,592560,194.0
6,592620,175.0
6,592680,186.0
6,592740,201.0
6,592800,190.0
6,592860,213.0
6,592920,201.0
6,592980,288.0
6,593040,253.0
6,593100,290.0
6,593160,301.0
6,593220,238.0
6,593280,213.0
6,593340,242.0
6,593400,235.0
6,593460,220.0
6,593520,267.0
6,593580,262.0
6,593640,260.0
6,593700,288.0
6,593760,296.0
6,593820,258.0
6,593940,268.0
6,594000,264.0
6,594060,244.0
6,594120,243.0
6,594180,287.0
6,594240,290.0
6,594300,293.0
6,594360,219.0
6,594420,269.0
6,594480,224.0
6,594540,255.0
6,594600,293.0
6,594660,262.0
6,594720,226.0
6,594900,252.0
6,594960,240.0
6,595020,238.0
6,595080,193.0
6,595140,274.0
6,595200,186.0
6,595260,188.0
6,595320,182.0
6,595380,242.0
6,595440,246.0
6,595500,152.0
6,595560,188.0
6,595620,250.0
6,595680,236.0
6,595740,240.0
6,595800,192.0
6,595860,205.0
6,595920,239.0
6,595980,216.0
6,596040,273.0
6,596100,173.0
6,596160,183.0
6,596220,222.0
6,596280,232.0
6,596340,225.0
6,596400,192.0
6,596460,215.0
6,596520,223.0
6,596580,235.0
6,596640,249.0
6,596700,205.0
6,596760,208.0
6,596820,214.0
6,596880,248.0
6,596940,208.0
6,597000,204.0
6,597060,186.0
6,597120,215.0
6,597180,217.0
6,597240,235.0
6,597300,218.0
6,597360,201.0
6,597420,267.0
6,597480,234.0
6,597540,251.0
6,597600,218.0
6,597660,236.0
6,597720,184.0
6,597780,255.0
6,597840,224.0
6,597900,295.0
6,597960,207.0
6,598020,204.0
6,598080,200.0
6,598140,295.0
6,598200,285.0
6,598260,288.0
6,598320,212.0
6,598380,253.0
6,598440,230.0
6,598500,261.0
6,598560,286.0
6,598620,256.0
6,598680,279.0
6,598740,272.0
6,598800,247.0
6,598860,188.0
6,598920,201.0
6,598980,184.0
6,599040,212.0
6,599100,206.0
6,599160,170.0
6,599220,197.0
6,599280,194.0
6,599340,261.0
6,599400,193.0
6,599460,208.0
6,599520,197.0
6,599580,224.0
6,599640,254.0
6,599700,207.0
6,599760,211.0
6,599820,187.0
6,599880,156.0
6,599940,165.0
6,600000,184.0
6,600060,214.0
6,600120,204.0
6,600180,191.0
6,600240,192.0
6,600300,209.0
6,600360,211.0
6,600420,183.0
6,600480,228.0
6,600540,210.0
6,600600,276.0
6,600660,236.0
6,600720,253.0
6,600780,184.0
6,600840,148.0
6,600900,218.0
6,600960,173.0
6,601020,206.0
6,601080,196.0
6,601140,167.0
6,601200,191.0
6,601260,198.0
6,601320,210.0
6,601380,162.0
6,601440,201.0
6,601500,181.0
6,601560,156.0
6,601620,186.0
6,601680,186.0
6,601740,173.0
6,601800,149.0
6,601860,164.0
6,601920,148.0
6,601980,184.0
6,602040,208.0
6,602100,178.0
6,602160,189.0
6,602220,171.0
6,602280,181.0
6,602340,211.0
6,602400,220.0
6,602460,198.0
6,602520,175.0
6,602580,181.0
6,602640,168.0
6,602700,174.0
6,602760,203.0
6,602820,234.0
6,602880,203.0
6,602940,129.0
6,603000,171.0
6,603060,178.0
6,603120,250.0
6,603180,222.0
6,603240,154.0
6,603300,170.0
6,603360,213.0
6,603420,153.0
6,603480,135.0
6,603540,186.0
6,603600,177.0
6,603660,204.0
6,603720,169.0
6,603780,145.0
6,603840,176.0
6,603900,210.0
6,603960,162.0
6,604020,170.0
6,604080,161.0
6,604140,211.0
6,604200,217.0
6,604260,156.0
6,604320,181.0
6,604380,135.0
6,604440,156.0
6,604500,168.0
6,604560,209.0
6,604620,168.0
6,604680,168.0
6,604740,139.0
7,604800,140.0
7,604860,167.0
7,604920,117.0
7,604980,143.0
7,605040,152.0
7,605100,148.0
7,605160,148.0
7,605220,250.0
7,605280,196.0
7,605340,156.0
7,605400,170.0
7,605460,141.0
7,605520,152.0
7,605580,184.0
7,605640,145.0
7,605700,195.0
7,605760,173.0
7,605820,164.0
7,605880,144.0
7,605940,144.0
7,606000,129.0
7,606060,125.0
7,606120,133.0
7,606180,174.0
7,606240,149.0
7,606300,132.0
7,606360,168.0
7,606420,151.0
7,606480,156.0
7,606540,129.0
7,606600,125.0
7,606660,106.0
7,606720,130.0
7,606780,116.0
7,606840,134.0
7,606900,138.0
7,606960,153.0
7,607020,147.0
7,607080,100.0
7,607140,117.0
7,607200,122.0
7,607260,146.0
7,607320,102.0
7,607380,87.0
7,607440,112.0
7,607500,101.0
7,607560,135.0
7,607620,125.0
7,607680,99.0
7,607740,111.0
7,607800,93.0
7,607860,159.0
7,607920,80.0
7,607980,87.0
7,608040,106.0
7,608100,80.0
7,608160,128.0
7,608220,93.0
7,608280,79.0
7,608340,108.0
7,608400,83.0
7,608460,89.0
7,608520,84.0
7,608580,80.0
7,608640,84.0
7,608700,86.0
7,608760,80.0
7,608820,76.0
7,608880,71.0
7,608940,98.0
7,609000,82.0
7,609060,104.0
7,609120,128.0
7,609180,82.0
7,609240,86.0
7,609300,71.0
7,609360,110.0
7,609420,113.0
7,609480,97.0
7,609540,132.0
7,609600,116.0
7,609660,80.0
7,609720,69.0
7,609780,83.0
7,609840,97.0
7,609900,123.0
7,609960,65.0
7,610020,77.0
7,610080,86.0
7,610140,90.0
7,610200,81.0
7,610260,76.0
7,610320,59.0
7,610380,82.0
7,610440,82.0
7,610500,114.0
7,610560,106.0
7,610620,101.0
7,610680,113.0
7,610740,100.0
7,610800,80.0
7,610860,88.0
7,610920,79.0
7,610980,57.0
7,611040,62.0
7,611100,55.0
7,611160,68.0
7,611220,75.0
7,611280,92.0
7,611340,64.0
7,611400,58.0
7,611460,68.0
7,611520,72.0
7,611580,74.0
7,611640,62.0
7,611700,61.0
7,611760,81.0
7,611820,91.0
7,611880,119.0
7,611940,69.0
7,612000,74.0
7,612060,59.0
7,612120,78.0
7,612180,85.0
7,612240,51.0
7,612300,74.0
7,612360,84.0
7,612420,59.0
7,612480,49.0
7,612540,54.0
7,612600,72.0
7,612660,62.0
7,612720,47.0
7,612780,40.0
7,612840,37.0
7,612900,37.0
7,612960,39.0
7,613020,57.0
7,613080,89.0
7,613140,67.0
7,613200,51.0
7,613260,46.0
7,613320,64.0
7,613380,59.0
7,613440,57.0
7,613500,39.0
7,613560,40.0
7,613620,41.0
7,613680,44.0
7,613740,35.0
7,613800,43.0
7,613860,37.0
7,613920,50.0
7,613980,32.0
7,614040,34.0
7,614100,40.0
7,614160,52.0
7,614220,57.0
7,614280,56.0
7,614340,36.0
7,614400,39.0
7,614460,57.0
7,614520,34.0
7,614580,32.0
7,614640,45.0
7,614700,30.0
7,614760,51.0
7,614820,35.0
7,614880,38.0
7,614940,41.0
7,615000,35.0
7,615060,34.0
7,615120,40.0
7,615180,38.0
7,615240,34.0
7,615300,34.0
7,615360,23.0
7,615420,21.0
7,615480,37.0
7,615540,16.0
7,615600,24.0
7,615660,45.0
7,615720,38.0
7,615780,39.0
7,615840,38.0
7,615900,43.0
7,615960,48.0
7,616020,61.0
7,616080,20.0
7,616140,35.0
7,616200,25.0
7,616260,32.0
7,616320,25.0
7,616380,19.0
7,616440,15.0
7,616500,40.0
7,616560,45.0
7,616620,37.0
7,616680,23.0
7,616740,28.0
7,616800,24.0
7,616860,12.0
7,616920,5.0
7,616980,16.0
7,617040,10.0
7,617100,20.0
7,617160,35.0
7,617220,18.0
7,617280,15.0
7,617340,16.0
7,617400,17.0
7,617460,21.0
7,617520,16.0
7,617580,19.0
7,617640,18.0
7,617700,35.0
7,617760,22.0
7,617820,12.0
7,617880,16.0
7,617940,12.0
7,618000,17.0
7,618060,13.0
7,618120,9.0
7,618180,22.0
7,618240,16.0
7,618300,20.0
7,618360,17.0
7,618420,27.0
7,618480,20.0
7,618540,29.0
7,618600,50.0
7,618660,19.0
7,618720,24.0
7,618780,28.0
7,618840,13.0
7,618900,21.0
7,618960,8.0
7,619020,13.0
7,619080,19.0
7,619140,10.0
7,619200,14.0
7,619260,9.0
7,619320,16.0
7,619380,18.0
7,619440,19.0
7,619500,6.0
7,619560,16.0
7,619620,18.0
7,619680,23.0
7,619740,19.0
7,619800,19.0
7,619860,32.0
7,619920,14.0
7,619980,13.0
7,620040,16.0
7,620100,34.0
7,620160,17.0
7,620220,18.0
7,620280,13.0
7,620340,22.0
7,620400,6.0
7,620460,9.0
7,620520,15.0
7,620580,12.0
7,620640,14.0
7,620700,6.0
7,620760,25.0
7,620820,23.0
7,620880,22.0
7,620940,23.0
7,621000,23.0
7,621060,17.0
7,621120,10.0
7,621180,12.0
7,621240,13.0
7,621300,32.0
7,621360,26.0
7,621420,15.0
7,621480,12.0
7,621540,7.0
7,621600,18.0
7,621660,2.0
7,621720,15.0
7,621780,4.0
7,621840,8.0
7,621900,13.0
7,621960,14.0
7,622020,22.0
7,622080,23.0
7,622140,13.0
7,622200,14.0
7,622260,18.0
7,622320,20.0
7,622380,6.0
7,622440,9.0
7,622500,13.0
7,622560,4.0
7,622620,6.0
7,622680,19.0
7,622740,19.0
7,622800,10.0
7,622860,8.0
7,622920,2.0
7,622980,17.0
7,623040,16.0
7,623100,15.0
7,623160,14.0
7,623220,12.0
7,623280,19.0
7,623340,7.0
7,623400,6.0
7,623460,17.0
7,623520,14.0
7,623580,12.0
7,623640,9.0
7,623700,9.0
7,623760,26.0
7,623820,25.0
7,623880,18.0
7,623940,15.0
7,624000,40.0
7,624060,21.0
7,624120,56.0
7,624180,54.0
7,624240,30.0
7,624300,16.0
7,624360,12.0
7,624420,20.0
7,624480,20.0
7,624540,50.0
7,624600,40.0
7,624660,41.0
7,624720,26.0
7,624780,39.0
7,624840,66.0
7,624900,40.0
7,624960,38.0
7,625020,52.0
7,625080,39.0
7,625140,28.0
7,625200,24.0
7,625260,24.0
7,625320,44.0
7,625380,16.0
7,625440,29.0
7,625500,18.0
7,625560,13.0
7,625620,27.0
7,625680,28.0
7,625740,15.0
7,625800,14.0
7,625860,10.0
7,625920,18.0
7,625980,15.0
7,626040,21.0
7,626100,7.0
7,626160,9.0
7,626220,8.0
7,626280,20.0
7,626340,24.0
7,626400,28.0
7,626460,27.0
7,626520,30.0
7,626580,15.0
7,626640,21.0
7,626700,17.0
7,626760,21.0
7,626820,15.0
7,626880,46.0
7,626940,40.0
7,627000,8.0
7,627060,18.0
7,627120,12.0
7,627180,14.0
7,627240,24.0
7,627300,9.0
7,627360,21.0
7,627420,13.0
7,627480,33.0
7,627540,59.0
7,627600,49.0
7,627660,49.0
7,627720,43.0
7,627780,42.0
7,627840,41.0
7,627900,41.0
7,627960,46.0
7,628020,36.0
7,628080,45.0
7,628140,47.0
7,628200,37.0
7,628260,39.0
7,628320,45.0
7,628380,42.0
7,628440,48.0
7,628500,21.0
7,628560,10.0
7,628620,12.0
7,628680,16.0
7,628740,14.0
7,628800,8.0
7,628860,10.0
7,628920,7.0
7,628980,5.0
7,629040,13.0
7,629100,12.0
7,629160,26.0
7,629220,20.0
7,629280,21.0
7,629340,12.0
7,629400,13.0
7,629460,6.0
7,629520,28.0
7,629580,22.0
7,629640,8.0
7,629700,17.0
7,629760,20.0
7,629820,17.0
7,629880,30.0
7,629940,25.0
7,630000,28.0
7,630060,26.0
7,630120,27.0
7,630180,25.0
7,630240,29.0
7,630300,22.0
7,630360,26.0
7,630420,18.0
7,630480,18.0
7,630540,33.0
7,630600,54.0
7,630660,37.0
7,630720,43.0
7,630780,36.0
7,630840,45.0
7,630900,54.0
7,630960,75.0
7,631020,51.0
7,631080,69.0
7,631140,51.0
7,631200,57.0
7,631260,49.0
7,631320,54.0
7,631380,62.0
7,631440,30.0
7,631500,50.0
7,631560,66.0
7,631620,39.0
7,631680,45.0
7,631740,40.0
7,631800,32.0
7,631860,40.0
7,631920,55.0
7,631980,54.0
7,632040,36.0
7,632100,30.0
7,632160,47.0
7,632220,49.0
7,632280,70.0
7,632340,58.0
7,632400,52.0
7,632460,62.0
7,632520,54.0
7,632580,60.0
7,632640,57.0
7,632700,54.0
7,632760,59.0
7,632820,39.0
7,632880,38.0
7,632940,36.0
7,633000,42.0
7,633060,33.0
7,633120,34.0
7,633180,88.0
7,633240,55.0
7,633300,80.0
7,633360,62.0
7,633420,58.0
7,633480,52.0
7,633540,61.0
7,633600,67.0
7,633660,127.0
7,633720,79.0
7,633780,77.0
7,633840,72.0
7,633900,81.0
7,633960,85.0
7,634020,79.0
7,634080,130.0
7,634140,118.0
7,634200,134.0
7,634260,164.0
7,634320,119.0
7,634380,120.0
7,634440,74.0
7,634500,62.0
7,634560,86.0
7,634620,61.0
7,634680,54.0
7,634740,89.0
7,634800,90.0
7,634860,76.0
7,634920,78.0
7,634980,77.0
7,635040,120.0
7,635100,122.0
7,635160,124.0
7,635220,90.0
7,635280,79.0
7,635340,71.0
7,635400,64.0
7,635460,102.0
7,635520,90.0
7,635580,149.0
7,635640,164.0
7,635700,150.0
7,635760,94.0
7,635820,92.0
7,635880,82.0
7,635940,94.0
7,636000,89.0
7,636060,108.0
7,636120,143.0
7,636180,90.0
7,636240,104.0
7,636300,89.0
7,636360,100.0
7,636420,104.0
7,636480,69.0
7,636540,107.0
7,636600,93.0
7,636660,109.0
7,636720,102.0
7,636780,84.0
7,636840,131.0
7,636900,91.0
7,636960,106.0
7,637020,91.0
7,637080,120.0
7,637140,93.0
7,637200,135.0
7,637260,128.0
7,637320,121.0
7,637380,156.0
7,637440,160.0
7,637500,124.0
7,637560,133.0
7,637620,187.0
7,637680,149.0
7,637740,161.0
7,637800,206.0
7,637860,156.0
7,637920,185.0
7,637980,168.0
7,638040,182.0
7,638100,130.0
7,638160,196.0
7,638220,165.0
7,638280,187.0
7,638340,150.0
7,638400,165.0
7,638460,181.0
7,638520,177.0
7,638580,156.0
7,638640,124.0
7,638700,94.0
7,638760,141.0
7,638820,107.0
7,638880,108.0
7,638940,120.0
7,639000,120.0
7,639060,151.0
7,639120,132.0
7,639180,93.0
7,639240,130.0
7,639300,170.0
7,639360,133.0
7,639420,104.0
7,639480,176.0
7,639540,192.0
7,639600,126.0
7,639660,124.0
7,639720,125.0
7,639780,146.0
7,639840,124.0
7,639900,145.0
7,639960,119.0
7,640020,150.0
7,640080,147.0
7,640140,135.0
7,640200,155.0
7,640260,145.0
7,640320,117.0
7,640380,120.0
7,640440,185.0
7,640500,188.0
7,640560,162.0
7,640620,139.0
7,640680,160.0
7,640740,151.0
7,640800,127.0
7,640860,163.0
7,640920,167.0
7,640980,188.0
7,641040,162.0
7,641100,183.0
7,641160,169.0
7,641220,152.0
7,641280,156.0
7,641340,195.0
7,641400,203.0
7,641460,202.0
7,641520,161.0
7,641580,205.0
7,641640,134.0
7,641700,155.0
7,641760,133.0
7,641820,128.0
7,641880,169.0
7,641940,204.0
7,642000,176.0
7,642060,181.0
7,642120,172.0
7,642180,168.0
7,642240,168.0
7,642300,161.0
7,642360,196.0
7,642420,193.0
7,642480,196.0
7,642540,211.0
7,642600,220.0
7,642660,187.0
7,642720,231.0
7,642780,249.0
7,642840,205.0
7,642900,227.0
7,642960,201.0
7,643020,193.0
7,643080,245.0
7,643140,246.0
7,643200,197.0
7,643260,228.0
7,643320,136.0
7,643380,152.0
7,643440,182.0
7,643500,208.0
7,643560,232.0
7,643620,177.0
7,643680,203.0
7,643740,202.0
7,643800,194.0
7,643860,213.0
7,643920,230.0
7,643980,195.0
7,644040,212.0
7,644100,187.0
7,644160,189.0
7,644220,216.0
7,644280,197.0
7,644460,187.0
7,644520,194.0
7,644580,177.0
7,644640,218.0
7,644700,232.0
7,644760,214.0
7,644820,252.0
7,645060,203.0
7,645120,213.0
7,645180,226.0
7,645240,222.0
7,645300,220.0
7,645360,215.0
7,645420,196.0
7,645480,204.0
7,645540,237.0
7,645600,213.0
7,645660,198.0
7,645720,198.0
7,645780,289.0
7,645840,207.0
7,645900,215.0
7,645960,252.0
7,646020,249.0
7,646080,253.0
7,646140,217.0
7,646200,147.0
7,646260,205.0
7,646320,271.0
7,646380,291.0
7,646440,186.0
7,646740,245.0
7,646800,236.0
7,646860,163.0
7,646920,177.0
7,646980,210.0
7,647040,182.0
7,647100,218.0
7,647160,150.0
7,647220,182.0
7,647280,218.0
7,647340,168.0
7,647400,217.0
7,647460,192.0
7,647520,191.0
7,647580,171.0
7,647640,152.0
7,647700,182.0
7,647760,291.0
7,647820,186.0
7,647880,211.0
7,647940,207.0
7,648000,212.0
7,648060,205.0
7,648120,213.0
7,648180,212.0
7,648240,223.0
7,648300,190.0
7,648360,150.0
7,648420,211.0
7,648480,205.0
7,648540,198.0
7,648600,216.0
7,648660,201.0
7,648720,186.0
7,648780,223.0
7,648840,181.0
7,648900,160.0
7,649020,198.0
7,649080,216.0
7,649140,194.0
7,649200,163.0
7,649260,243.0
7,649320,189.0
7,649380,207.0
7,649440,183.0
7,649500,205.0
7,649560,197.0
7,649620,209.0
7,649680,223.0
7,649740,155.0
7,649800,207.0
7,649860,236.0
7,649920,248.0
7,649980,235.0
7,650040,280.0
7,650100,256.0
7,650160,269.0
7,650220,204.0
7,650280,173.0
7,650340,155.0
7,650400,195.0
7,650460,214.0
7,650520,164.0
7,650580,154.0
7,650640,182.0
7,650700,231.0
7,650760,206.0
7,650820,160.0
7,650880,237.0
7,650940,183.0
7,651000,186.0
7,651060,168.0
7,651120,228.0
7,651180,198.0
7,651240,190.0
7,651300,184.0
7,651360,187.0
7,651420,201.0
7,651480,159.0
7,651540,203.0
7,651600,185.0
7,651660,222.0
7,651720,218.0
7,651780,240.0
7,651840,203.0
7,651900,176.0
7,651960,190.0
7,652020,255.0
7,652080,233.0
7,652140,226.0
7,652200,200.0
7,652260,256.0
7,652320,183.0
7,652380,198.0
7,652440,192.0
7,652500,265.0
7,652560,271.0
7,652620,218.0
7,652680,201.0
7,652740,166.0
7,652800,202.0
7,652860,165.0
7,652920,208.0
7,652980,173.0
7,653040,171.0
7,653100,192.0
7,653160,166.0
7,653220,202.0
7,653280,191.0
7,653340,158.0
7,653400,210.0
7,653460,235.0
7,653520,215.0
7,653580,206.0
7,653640,219.0
7,653700,196.0
7,653760,165.0
7,653820,159.0
7,653880,151.0
7,653940,194.0
7,654000,209.0
7,654060,231.0
7,654120,177.0
7,654180,189.0
7,654240,178.0
7,654300,251.0
7,654360,271.0
7,654420,259.0
7,654480,204.0
7,654540,161.0
7,654600,141.0
7,654660,176.0
7,654720,245.0
7,654780,177.0
7,654840,198.0
7,654900,182.0
7,654960,222.0
7,655020,232.0
7,655080,200.0
7,655140,210.0
7,655200,206.0
7,655260,215.0
7,655320,249.0
7,655380,223.0
7,655440,211.0
7,655500,190.0
7,655560,166.0
7,655620,255.0
7,655680,174.0
7,655740,247.0
7,655800,231.0
7,655860,195.0
7,655920,211.0
7,655980,219.0
7,656040,271.0
7,656100,183.0
7,656160,128.0
7,656220,181.0
7,656280,225.0
7,656340,260.0
7,656400,284.0
7,656460,244.0
7,656520,244.0
7,656580,274.0
7,656640,247.0
7,656700,257.0
7,656760,245.0
7,656820,232.0
7,656880,248.0
7,656940,195.0
7,657000,163.0
7,657060,175.0
7,657120,246.0
7,657180,202.0
7,657240,254.0
7,657300,217.0
7,657360,233.0
7,657420,184.0
7,657480,207.0
7,657540,220.0
7,657600,198.0
7,657660,287.0
7,657720,195.0
7,657780,201.0
7,657840,201.0
7,657900,182.0
7,657960,191.0
7,658020,214.0
7,658080,227.0
7,658140,247.0
7,658200,281.0
7,658260,257.0
7,658320,223.0
7,658380,181.0
7,658440,205.0
7,658500,174.0
7,658560,171.0
7,658620,176.0
7,658680,171.0
7,658740,182.0
7,658800,163.0
7,658860,174.0
7,658920,166.0
7,658980,248.0
7,659040,245.0
7,659100,244.0
7,659160,252.0
7,659220,273.0
7,659280,248.0
7,659340,240.0
7,659400,255.0
7,659460,243.0
7,659520,233.0
7,659580,228.0
7,659640,198.0
7,659700,160.0
7,659760,182.0
7,659820,239.0
7,659880,226.0
7,659940,173.0
7,660000,202.0
7,660060,198.0
7,660120,173.0
7,660180,180.0
7,660240,238.0
7,660300,188.0
7,660360,219.0
7,660420,257.0
7,660480,218.0
7,660540,186.0
7,660600,240.0
7,660660,284.0
7,660720,176.0
7,660780,174.0
7,660840,203.0
7,660900,262.0
7,660960,271.0
7,661020,154.0
7,661080,226.0
7,661140,188.0
7,661200,215.0
7,661260,193.0
7,661320,211.0
7,661380,227.0
7,661440,198.0
7,661500,216.0
7,661560,214.0
7,661620,230.0
7,661680,187.0
7,661740,176.0
7,661800,196.0
7,661860,173.0
7,661920,144.0
7,661980,160.0
7,662040,198.0
7,662100,218.0
7,662160,204.0
7,662220,222.0
7,662280,181.0
7,662340,251.0
7,662400,186.0
7,662460,190.0
7,662520,188.0
7,662580,178.0
7,662640,180.0
7,662700,212.0
7,662760,193.0
7,662820,209.0
7,662880,239.0
7,662940,249.0
7,663000,249.0
7,663060,275.0
7,663120,250.0
7,663180,258.0
7,663300,279.0
7,663360,229.0
7,663420,240.0
7,663480,224.0
7,663540,202.0
7,663600,211.0
7,663660,186.0
7,663720,195.0
7,663780,230.0
7,663840,183.0
7,663900,230.0
7,663960,178.0
7,664020,182.0
7,664080,187.0
7,664140,175.0
7,664200,181.0
7,664260,187.0
7,664320,173.0
7,664380,160.0
7,664440,194.0
7,664500,133.0
7,664560,195.0
7,664620,196.0
7,664680,163.0
7,664740,183.0
7,664800,172.0
7,664860,183.0
7,664920,266.0
7,664980,174.0
7,665040,187.0
7,665100,184.0
7,665160,154.0
7,665220,198.0
7,665280,182.0
7,665340,213.0
7,665400,224.0
7,665460,209.0
7,665520,220.0
7,665580,290.0
7,665640,230.0
7,665700,215.0
7,665760,234.0
7,665820,224.0
7,665880,208.0
7,665940,212.0
7,666000,180.0
7,666060,173.0
7,666120,252.0
7,666180,250.0
7,666240,219.0
7,666300,252.0
7,666360,234.0
7,666420,236.0
7,666480,270.0
7,666540,301.0
7,666600,218.0
7,666660,219.0
7,666720,232.0
7,666780,270.0
7,666840,246.0
7,666900,194.0
7,666960,277.0
7,667020,192.0
7,667080,197.0
7,667140,216.0
7,667200,242.0
7,667260,171.0
7,667320,208.0
7,667380,207.0
7,667440,192.0
7,667500,187.0
7,667560,210.0
7,667620,205.0
7,667680,190.0
7,667740,159.0
7,667800,206.0
7,667860,189.0
7,667920,183.0
7,667980,181.0
7,668040,252.0
7,668100,220.0
7,668160,176.0
7,668220,202.0
7,668280,189.0
7,668340,185.0
7,668400,171.0
7,668460,204.0
7,668520,237.0
7,668580,257.0
7,668640,201.0
7,668700,195.0
7,668760,205.0
7,668820,158.0
7,668880,202.0
7,668940,144.0
7,669000,243.0
7,669060,210.0
7,669120,178.0
7,669180,200.0
7,669240,208.0
7,669300,174.0
7,669360,204.0
7,669420,213.0
7,669480,195.0
7,669540,208.0
7,669600,173.0
7,669660,222.0
7,669720,200.0
7,669780,202.0
7,669840,146.0
7,669900,163.0
7,669960,204.0
7,670020,214.0
7,670080,229.0
7,670140,258.0
7,670200,285.0
7,670260,297.0
7,670320,306.0
7,670380,285.0
7,670440,250.0
7,670500,246.0
7,670560,223.0
7,670620,237.0
7,670920,177.0
7,670980,195.0
7,671160,154.0
7,671220,177.0
7,671280,229.0
7,671340,242.0
7,671400,209.0
7,671460,180.0
7,671520,175.0
7,671580,144.0
7,671760,153.0
7,671820,140.0
7,671940,159.0
7,672060,151.0
7,672120,293.0
7,672180,176.0
7,672240,177.0
7,672300,187.0
7,672360,173.0
7,672420,188.0
7,672540,200.0
7,672600,171.0
7,672660,161.0
7,672720,171.0
7,672780,228.0
7,672840,165.0
7,672900,176.0
7,672960,193.0
7,673020,181.0
7,673080,193.0
7,673140,189.0
7,673200,188.0
7,673260,174.0
7,673320,190.0
7,673380,171.0
7,673440,203.0
7,673500,249.0
7,673560,252.0
7,673620,244.0
7,673680,236.0
7,673740,217.0
7,673800,208.0
7,673860,195.0
7,673920,160.0
7,673980,191.0
7,674040,206.0
7,674100,227.0
7,674160,226.0
7,674220,185.0
7,674280,176.0
7,674340,148.0
7,674400,148.0
7,674460,139.0
7,674520,173.0
7,674580,166.0
7,674640,211.0
7,674700,171.0
7,674760,160.0
7,674880,126.0
7,674940,189.0
7,675000,156.0
7,675060,136.0
7,675120,130.0
7,675180,149.0
7,675240,170.0
7,675300,151.0
7,675360,138.0
7,675420,146.0
7,675480,148.0
7,675540,188.0
7,675600,168.0
7,675660,170.0
7,675720,144.0
7,675780,191.0
7,675840,153.0
7,675900,169.0
7,675960,230.0
7,676020,180.0
7,676080,215.0
7,676140,229.0
7,676200,185.0
7,676260,161.0
7,676320,169.0
7,676380,194.0
7,676440,210.0
7,676500,173.0
7,676560,204.0
7,676620,188.0
7,676680,186.0
7,676740,228.0
7,676800,177.0
7,676860,223.0
7,676920,172.0
7,676980,172.0
7,677040,213.0
7,677100,201.0
7,677160,215.0
7,677220,271.0
7,677280,220.0
7,677340,202.0
7,677400,175.0
7,677460,158.0
7,677520,178.0
7,677580,223.0
7,677640,239.0
7,677700,217.0
7,677760,200.0
7,677820,252.0
7,677880,265.0
7,677940,236.0
7,678000,287.0
7,678060,279.0
7,678120,254.0
7,678180,243.0
7,678240,260.0
7,678300,264.0
7,678360,234.0
7,678420,243.0
7,678480,217.0
7,678540,207.0
7,678600,190.0
7,678660,217.0
7,678720,215.0
7,678780,188.0
7,678840,232.0
7,678900,252.0
7,678960,200.0
7,679140,212.0
7,679200,158.0
7,679260,169.0
7,679320,206.0
7,679380,205.0
7,679440,268.0
7,679500,185.0
7,679620,155.0
7,679680,214.0
7,679740,203.0
7,679800,215.0
7,679860,264.0
7,679920,228.0
7,679980,184.0
7,680040,190.0
7,680100,173.0
7,680160,213.0
7,680220,177.0
7,680280,178.0
7,680340,207.0
7,680400,181.0
7,680460,166.0
7,680520,195.0
7,680580,186.0
7,680640,231.0
7,680700,235.0
7,680760,173.0
7,680820,227.0
7,680880,295.0
7,680940,266.0
7,681000,214.0
7,681060,235.0
7,681120,209.0
7,681180,273.0
7,681240,216.0
7,681300,207.0
7,681360,243.0
7,681420,295.0
7,681540,247.0
7,681600,234.0
7,681660,220.0
7,681720,246.0
7,681780,226.0
7,681840,203.0
7,681900,217.0
7,681960,238.0
7,682020,264.0
7,682080,234.0
7,682140,214.0
7,682200,247.0
7,682260,262.0
7,682320,257.0
7,682380,276.0
7,682440,288.0
7,682500,279.0
7,682560,279.0
7,682620,224.0
7,682680,301.0
7,682740,258.0
7,682800,222.0
7,682860,218.0
7,682920,202.0
7,682980,262.0
7,683040,256.0
7,683100,243.0
7,683160,232.0
7,683220,188.0
7,683400,245.0
7,683460,244.0
7,683520,174.0
7,683580,187.0
7,683640,224.0
7,683700,223.0
7,683760,226.0
7,683820,201.0
7,683880,176.0
7,683940,206.0
7,684000,244.0
7,684060,229.0
7,684120,228.0
7,684180,280.0
7,684240,234.0
7,684300,268.0
7,684360,271.0
7,684420,274.0
7,684480,293.0
7,684540,205.0
7,684660,224.0
7,684720,240.0
7,684780,298.0
7,684840,292.0
7,684900,193.0
7,684960,225.0
7,685020,233.0
7,685080,208.0
7,685140,174.0
7,685200,173.0
7,685260,219.0
7,685320,197.0
7,685380,208.0
7,685440,214.0
7,685500,184.0
7,685560,172.0
7,685620,193.0
7,685680,194.0
7,685740,136.0
7,685800,168.0
7,685860,192.0
7,685920,232.0
7,685980,172.0
7,686040,178.0
7,686100,190.0
7,686160,164.0
7,686220,186.0
7,686280,146.0
7,686340,202.0
7,686400,181.0
7,686460,195.0
7,686520,219.0
7,686580,196.0
7,686640,226.0
7,686700,237.0
7,686760,227.0
7,686820,173.0
7,686880,177.0
7,686940,224.0
7,687000,260.0
7,687060,180.0
7,687120,197.0
7,687180,182.0
7,687240,184.0
7,687300,166.0
7,687360,147.0
7,687420,195.0
7,687480,182.0
7,687540,191.0
7,687600,223.0
7,687660,204.0
7,687720,211.0
7,687780,201.0
7,687840,217.0
7,687900,207.0
7,687960,149.0
7,688020,211.0
7,688080,234.0
7,688140,185.0
7,688200,159.0
7,688260,172.0
7,688320,127.0
7,688380,185.0
7,688440,167.0
7,688500,184.0
7,688560,141.0
7,688620,151.0
7,688680,126.0
7,688740,155.0
7,688800,128.0
7,688860,158.0
7,688920,169.0
7,688980,170.0
7,689040,122.0
7,689100,174.0
7,689160,174.0
7,689220,128.0
7,689280,200.0
7,689340,147.0
7,689400,124.0
7,689460,144.0
7,689520,165.0
7,689580,158.0
7,689640,171.0
7,689700,146.0
7,689760,185.0
7,689820,198.0
7,689880,159.0
7,689940,185.0
7,690000,233.0
7,690060,167.0
7,690120,162.0
7,690180,195.0
7,690240,186.0
7,690300,176.0
7,690360,177.0
7,690420,138.0
7,690480,114.0
7,690540,114.0
7,690600,151.0
7,690660,170.0
7,690720,148.0
7,690780,112.0
7,690840,116.0
7,690900,133.0
7,690960,104.0
7,691020,111.0
7,691080,111.0
7,691140,112.0
8,691200,103.0
8,691260,153.0
8,691320,153.0
8,691380,140.0
8,691440,141.0
8,691500,162.0
8,691560,156.0
8,691620,121.0
8,691680,165.0
8,691740,162.0
8,691800,135.0
8,691860,177.0
8,691920,138.0
8,691980,164.0
8,692040,186.0
8,692100,116.0
8,692160,132.0
8,692220,126.0
8,692280,141.0
8,692340,138.0
8,692400,122.0
8,692460,147.0
8,692520,150.0
8,692580,151.0
8,692640,128.0
8,692700,161.0
8,692760,130.0
8,692820,103.0
8,692880,147.0
8,692940,144.0
8,693000,136.0
8,693060,134.0
8,693120,140.0
8,693180,140.0
8,693240,143.0
8,693300,124.0
8,693360,91.0
8,693420,122.0
8,693480,106.0
8,693540,91.0
8,693600,128.0
8,693660,118.0
8,693720,112.0
8,693780,125.0
8,693840,117.0
8,693900,130.0
8,693960,120.0
8,694020,148.0
8,694080,133.0
8,694140,118.0
8,694200,100.0
8,694260,113.0
8,694320,101.0
8,694380,94.0
8,694440,100.0
8,694500,83.0
8,694560,110.0
8,694620,125.0
8,694680,98.0
8,694740,89.0
8,694800,79.0
8,694860,108.0
8,694920,81.0
8,694980,89.0
8,695040,110.0
8,695100,108.0
8,695160,98.0
8,695220,93.0
8,695280,80.0
8,695340,80.0
8,695400,89.0
8,695460,97.0
8,695520,93.0
8,695580,78.0
8,695640,96.0
8,695700,69.0
8,695760,113.0
8,695820,86.0
8,695880,94.0
8,695940,82.0
8,696000,85.0
8,696060,72.0
8,696120,80.0
8,696180,81.0
8,696240,112.0
8,696300,72.0
8,696360,61.0
8,696420,98.0
8,696480,65.0
8,696540,70.0
8,696600,69.0
8,696660,52.0
8,696720,61.0
8,696780,85.0
8,696840,71.0
8,696900,46.0
8,696960,82.0
8,697020,83.0
8,697080,69.0
8,697140,63.0
8,697200,62.0
8,697260,77.0
8,697320,77.0
8,697380,65.0
8,697440,90.0
8,697500,86.0
8,697560,84.0
8,697620,85.0
8,697680,84.0
8,697740,82.0
8,697800,45.0
8,697860,45.0
8,697920,69.0
8,697980,66.0
8,698040,54.0
8,698100,83.0
8,698160,58.0
8,698220,72.0
8,698280,85.0
8,698340,57.0
8,698400,59.0
8,698460,45.0
8,698520,55.0
8,698580,47.0
8,698640,47.0
8,698700,49.0
8,698760,54.0
8,698820,72.0
8,698880,64.0
8,698940,51.0
8,699000,64.0
8,699060,40.0
8,699120,51.0
8,699180,56.0
8,699240,51.0
8,699300,40.0
8,699360,46.0
8,699420,43.0
8,699480,46.0
8,699540,60.0
8,699600,76.0
8,699660,60.0
8,699720,49.0
8,699780,60.0
8,699840,58.0
8,699900,55.0
8,699960,59.0
8,700020,40.0
8,700080,41.0
8,700140,47.0
8,700200,51.0
8,700260,41.0
8,700320,24.0
8,700380,49.0
8,700440,32.0
8,700500,38.0
8,700560,52.0
8,700620,26.0
8,700680,32.0
8,700740,46.0
8,700800,38.0
8,700860,33.0
8,700920,30.0
8,700980,35.0
8,701040,40.0
8,701100,49.0
8,701160,43.0
8,701220,46.0
8,701280,46.0
8,701340,33.0
8,701400,30.0
8,701460,24.0
8,701520,28.0
8,701580,35.0
8,701640,25.0
8,701700,32.0
8,701760,38.0
8,701820,37.0
8,701880,29.0
8,701940,41.0
8,702000,30.0
8,702060,27.0
8,702120,36.0
8,702180,26.0
8,702240,30.0
8,702300,63.0
8,702360,35.0
8,702420,33.0
8,702480,42.0
8,702540,29.0
8,702600,58.0
8,702660,30.0
8,702720,24.0
8,702780,26.0
8,702840,20.0
8,702900,36.0
8,702960,33.0
8,703020,30.0
8,703080,18.0
8,703140,39.0
8,703200,26.0
8,703260,19.0
8,703320,24.0
8,703380,21.0
8,703440,24.0
8,703500,19.0
8,703560,27.0
8,703620,48.0
8,703680,41.0
8,703740,35.0
8,703800,26.0
8,703860,30.0
8,703920,19.0
8,703980,26.0
8,704040,35.0
8,704100,29.0
8,704160,24.0
8,704220,37.0
8,704280,22.0
8,704340,25.0
8,704400,28.0
8,704460,19.0
8,704520,18.0
8,704580,18.0
8,704640,23.0
8,704700,29.0
8,704760,28.0
8,704820,21.0
8,704880,19.0
8,704940,17.0
8,705000,22.0
8,705060,39.0
8,705120,27.0
8,705180,19.0
8,705240,14.0
8,705300,40.0
8,705360,20.0
8,705420,15.0
8,705480,13.0
8,705540,20.0
8,705600,21.0
8,705660,23.0
8,705720,22.0
8,705780,39.0
8,705840,33.0
8,705900,38.0
8,705960,36.0
8,706020,9.0
8,706080,18.0
8,706140,21.0
8,706200,25.0
8,706260,16.0
8,706320,22.0
8,706380,28.0
8,706440,16.0
8,706500,15.0
8,706560,19.0
8,706620,17.0
8,706680,9.0
8,706740,14.0
8,706800,13.0
8,706860,22.0
8,706920,12.0
8,706980,18.0
8,707040,18.0
8,707100,27.0
8,707160,29.0
8,707220,22.0
8,707280,30.0
8,707340,22.0
8,707400,18.0
8,707460,17.0
8,707520,16.0
8,707580,37.0
8,707640,23.0
8,707700,27.0
8,707760,27.0
8,707820,36.0
8,707880,37.0
8,707940,10.0
8,708000,32.0
8,708060,27.0
8,708120,28.0
8,708180,44.0
8,708240,28.0
8,708300,33.0
8,708360,32.0
8,708420,24.0
8,708480,38.0
8,708540,37.0
8,708600,37.0
8,708660,39.0
8,708720,45.0
8,708780,52.0
8,708840,37.0
8,708900,38.0
8,708960,35.0
8,709020,14.0
8,709080,36.0
8,709140,45.0
8,709200,50.0
8,709260,43.0
8,709320,32.0
8,709380,51.0
8,709440,37.0
8,709500,40.0
8,709560,42.0
8,709620,50.0
8,709680,55.0
8,709740,33.0
8,709800,33.0
8,709860,52.0
8,709920,42.0
8,709980,45.0
8,710040,44.0
8,710100,39.0
8,710160,40.0
8,710220,26.0
8,710280,17.0
8,710340,17.0
8,710400,8.0
8,710460,7.0
8,710520,5.0
8,710580,2.0
8,710640,10.0
8,710700,5.0
8,710760,3.0
8,710820,4.0
8,710880,6.0
8,710940,12.0
8,711000,15.0
8,711060,7.0
8,711120,9.0
8,711180,8.0
8,711240,4.0
8,711300,9.0
8,711360,15.0
8,711420,6.0
8,711480,12.0
8,711540,16.0
8,711600,4.0
8,711660,5.0
8,711720,7.0
8,711780,7.0
8,711840,9.0
8,711900,6.0
8,711960,9.0
8,712020,14.0
8,712080,14.0
8,712140,9.0
8,712200,7.0
8,712260,3.0
8,712320,16.0
8,712380,5.0
8,712440,4.0
8,712500,8.0
8,712560,5.0
8,712620,1.0
8,712680,7.0
8,712740,5.0
8,712800,12.0
8,712860,7.0
8,712920,14.0
8,712980,12.0
8,713040,14.0
8,713100,18.0
8,713160,15.0
8,713220,37.0
8,713280,16.0
8,713340,19.0
8,713400,16.0
8,713460,17.0
8,713520,16.0
8,713580,18.0
8,713640,20.0
8,713700,17.0
8,713760,22.0
8,713820,27.0
8,713880,19.0
8,713940,20.0
8,714000,21.0
8,714060,8.0
8,714120,9.0
8,714180,9.0
8,714240,15.0
8,714300,8.0
8,714360,16.0
8,714420,7.0
8,714480,16.0
8,714540,15.0
8,714600,4.0
8,714660,9.0
8,714720,3.0
8,714780,7.0
8,714840,13.0
8,714900,15.0
8,714960,10.0
8,715020,8.0
8,715080,7.0
8,715140,14.0
8,715200,15.0
8,715260,12.0
8,715320,15.0
8,715380,15.0
8,715440,24.0
8,715500,13.0
8,715560,14.0
8,715620,10.0
8,715680,22.0
8,715740,14.0
8,715800,17.0
8,715860,20.0
8,715920,14.0
8,715980,13.0
8,716040,8.0
8,716100,15.0
8,716160,24.0
8,716220,6.0
8,716280,8.0
8,716340,13.0
8,716400,23.0
8,716460,23.0
8,716520,6.0
8,716580,13.0
8,716640,20.0
8,716700,20.0
8,716760,26.0
8,716820,14.0
8,716880,24.0
8,716940,18.0
8,717000,24.0
8,717060,29.0
8,717120,13.0
8,717180,8.0
8,717240,16.0
8,717300,22.0
8,717360,36.0
8,717420,59.0
8,717480,43.0
8,717540,62.0
8,717600,47.0
8,717660,59.0
8,717720,59.0
8,717780,39.0
8,717840,48.0
8,717900,19.0
8,717960,25.0
8,718020,61.0
8,718080,66.0
8,718140,77.0
8,718200,60.0
8,718260,54.0
8,718320,48.0
8,718380,66.0
8,718440,46.0
8,718500,46.0
8,718560,33.0
8,718620,23.0
8,718680,30.0
8,718740,29.0
8,718800,40.0
8,718860,43.0
8,718920,39.0
8,718980,38.0
8,719040,43.0
8,719100,36.0
8,719160,23.0
8,719220,18.0
8,719280,17.0
8,719340,33.0
8,719400,27.0
8,719460,42.0
8,719520,34.0
8,719580,55.0
8,719640,38.0
8,719700,54.0
8,719760,80.0
8,719820,75.0
8,719880,25.0
8,719940,35.0
8,720000,38.0
8,720060,97.0
8,720120,69.0
8,720180,56.0
8,720240,35.0
8,720300,61.0
8,720360,91.0
8,720420,45.0
8,720480,51.0
8,720540,62.0
8,720600,51.0
8,720660,47.0
8,720720,59.0
8,720780,92.0
8,720840,78.0
8,720900,46.0
8,720960,70.0
8,721020,66.0
8,721080,60.0
8,721140,62.0
8,721200,67.0
8,721260,40.0
8,721320,55.0
8,721380,88.0
8,721440,129.0
8,721500,91.0
8,721560,90.0
8,721620,77.0
8,721680,64.0
8,721740,87.0
8,721800,144.0
8,721860,124.0
8,721920,111.0
8,721980,99.0
8,722040,109.0
8,722100,121.0
8,722160,131.0
8,722220,97.0
8,722280,99.0
8,722340,82.0
8,722400,85.0
8,722460,103.0
8,722520,96.0
8,722580,100.0
8,722640,104.0
8,722700,109.0
8,722760,111.0
8,722820,129.0
8,722880,102.0
8,722940,96.0
8,723000,132.0
8,723060,85.0
8,723120,91.0
8,723180,155.0
8,723240,118.0
8,723300,120.0
8,723360,147.0
8,723420,135.0
8,723480,165.0
8,723540,130.0
8,723600,125.0
8,723660,129.0
8,723720,141.0
8,723780,159.0
8,723840,167.0
8,723900,166.0
8,723960,173.0
8,724020,162.0
8,724080,189.0
8,724140,172.0
8,724200,148.0
8,724260,156.0
8,724320,124.0
8,724380,182.0
8,724440,96.0
8,724500,118.0
8,724560,170.0
8,724620,126.0
8,724680,121.0
8,724740,82.0
8,724800,79.0
8,724860,89.0
8,724920,103.0
8,724980,134.0
8,725040,116.0
8,725100,99.0
8,725160,112.0
8,725220,103.0
8,725280,105.0
8,725340,91.0
8,725400,121.0
8,725460,136.0
8,725520,156.0
8,725580,211.0
8,725640,158.0
8,725700,129.0
8,725760,151.0
8,725820,133.0
8,725880,133.0
8,725940,166.0
8,726000,170.0
8,726060,153.0
8,726120,152.0
8,726180,142.0
8,726240,141.0
8,726300,180.0
8,726360,155.0
8,726420,109.0
8,726480,123.0
8,726540,171.0
8,726600,154.0
8,726660,155.0
8,726720,142.0
8,726780,154.0
8,726840,104.0
8,726900,121.0
8,726960,108.0
8,727020,122.0
8,727080,121.0
8,727140,142.0
8,727200,121.0
8,727260,152.0
8,727320,204.0
8,727380,193.0
8,727440,192.0
8,727500,204.0
8,727560,194.0
8,727620,259.0
8,727680,234.0
8,727740,193.0
8,727800,203.0
8,727860,182.0
8,727920,205.0
8,727980,206.0
8,728040,166.0
8,728100,133.0
8,728160,171.0
8,728220,182.0
8,728280,131.0
8,728340,140.0
8,728400,135.0
8,728460,197.0
8,728520,145.0
8,728580,163.0
8,728640,175.0
8,728700,161.0
8,728760,123.0
8,728820,147.0
8,728880,140.0
8,728940,167.0
8,729000,169.0
8,729060,156.0
8,729120,130.0
8,729180,153.0
8,729240,127.0
8,729300,180.0
8,729360,173.0
8,729420,223.0
8,729480,176.0
8,729540,152.0
8,729600,140.0
8,729660,158.0
8,729720,181.0
8,729780,177.0
8,729840,202.0
8,729900,182.0
8,729960,200.0
8,730020,208.0
8,730080,144.0
8,730140,164.0
8,730200,192.0
8,730260,167.0
8,730320,167.0
8,730380,202.0
8,730440,163.0
8,730500,188.0
8,730560,196.0
8,730620,201.0
8,730680,189.0
8,730740,213.0
8,730800,213.0
8,730860,166.0
8,730920,149.0
8,730980,191.0
8,731040,172.0
8,731100,250.0
8,731160,205.0
8,731220,246.0
8,731280,225.0
8,731340,206.0
8,731400,173.0
8,731460,228.0
8,731520,210.0
8,731580,252.0
8,731640,268.0
8,731700,205.0
8,731760,245.0
8,731820,191.0
8,731880,167.0
8,731940,185.0
8,732000,164.0
8,732060,189.0
8,732120,168.0
8,732180,226.0
8,732240,167.0
8,732300,203.0
8,732360,182.0
8,732420,160.0
8,732480,135.0
8,732540,167.0
8,732600,164.0
8,732660,191.0
8,732720,183.0
8,732780,172.0
8,732840,211.0
8,732900,228.0
8,732960,201.0
8,733020,228.0
8,733080,165.0
8,733140,158.0
8,733200,182.0
8,733260,195.0
8,733320,187.0
8,733380,162.0
8,733440,144.0
8,733500,181.0
8,733560,206.0
8,733620,193.0
8,733680,189.0
8,733740,196.0
8,733800,144.0
8,733860,177.0
8,733920,187.0
8,733980,175.0
8,734040,170.0
8,734100,164.0
8,734160,242.0
8,734220,180.0
8,734280,191.0
8,734340,203.0
8,734400,223.0
8,734460,207.0
8,734520,201.0
8,734580,205.0
8,734640,267.0
8,734700,251.0
8,734760,207.0
8,734820,189.0
8,734880,148.0
8,734940,171.0
8,735000,193.0
8,735060,248.0
8,735120,226.0
8,735180,229.0
8,735240,204.0
8,735300,243.0
8,735360,212.0
8,735420,216.0
8,735480,247.0
8,735540,239.0
8,735600,218.0
8,735660,258.0
8,735720,222.0
8,735780,190.0
8,735840,195.0
8,735900,250.0
8,735960,206.0
8,736020,170.0
8,736080,229.0
8,736140,169.0
8,736200,174.0
8,736260,212.0
8,736320,205.0
8,736380,183.0
8,736440,177.0
8,736500,178.0
8,736560,181.0
8,736620,171.0
8,736680,163.0
8,736740,217.0
8,736800,230.0
8,736860,205.0
8,736920,158.0
8,736980,171.0
8,737040,173.0
8,737100,174.0
8,737160,200.0
8,737220,218.0
8,737280,226.0
8,737340,150.0
8,737400,197.0
8,737460,183.0
8,737520,198.0
8,737580,214.0
8,737640,214.0
8,737700,141.0
8,737760,207.0
8,737820,178.0
8,737880,214.0
8,737940,257.0
8,738000,196.0
8,738060,272.0
8,738120,224.0
8,738180,192.0
8,738240,191.0
8,738300,202.0
8,738360,194.0
8,738420,197.0
8,738480,216.0
8,738540,276.0
8,738600,216.0
8,738660,294.0
8,738720,237.0
8,738780,239.0
8,738840,195.0
8,738900,176.0
8,738960,246.0
8,739020,278.0
8,739080,196.0
8,739140,219.0
8,739200,240.0
8,739260,169.0
8,739320,206.0
8,739380,191.0
8,739440,197.0
8,739500,191.0
8,739560,186.0
8,739620,198.0
8,739680,202.0
8,739740,181.0
8,739800,175.0
8,739860,164.0
8,739920,172.0
8,739980,197.0
8,740040,191.0
8,740100,225.0
8,740160,187.0
8,740220,239.0
8,740280,168.0
8,740340,200.0
8,740400,167.0
8,740460,163.0
8,740520,191.0
8,740580,214.0
8,740640,248.0
8,740700,204.0
8,740760,194.0
8,740820,236.0
8,740880,205.0
8,740940,191.0
8,741000,210.0
8,741060,235.0
8,741120,213.0
8,741180,198.0
8,741240,201.0
8,741300,223.0
8,741360,226.0
8,741420,258.0
8,741480,251.0
8,741540,225.0
8,741600,258.0
8,741660,189.0
8,741720,227.0
8,741780,206.0
8,741840,243.0
8,741900,220.0
8,741960,208.0
8,742020,259.0
8,742080,216.0
8,742140,247.0
8,742200,243.0
8,742260,184.0
8,742320,214.0
8,742380,198.0
8,742440,170.0
8,742500,191.0
8,742560,208.0
8,742620,240.0
8,742680,229.0
8,742740,228.0
8,742800,245.0
8,742860,250.0
8,742920,224.0
8,742980,197.0
8,743040,250.0
8,743100,232.0
8,743160,237.0
8,743220,202.0
8,743280,227.0
8,743340,225.0
8,743400,186.0
8,743460,207.0
8,743520,208.0
8,743580,180.0
8,743640,231.0
8,743700,204.0
8,743760,270.0
8,743820,209.0
8,743880,202.0
8,743940,211.0
8,744000,270.0
8,744060,244.0
8,744120,193.0
8,744180,195.0
8,744240,194.0
8,744300,153.0
8,744360,176.0
8,744420,196.0
8,744480,164.0
8,744540,176.0
8,744600,186.0
8,744660,154.0
8,744720,195.0
8,744780,244.0
8,744840,187.0
8,744900,169.0
8,744960,193.0
8,745020,205.0
8,745080,223.0
8,745140,238.0
8,745200,203.0
8,745260,207.0
8,745320,256.0
8,745380,224.0
8,745440,198.0
8,745500,190.0
8,745560,193.0
8,745620,148.0
8,745680,232.0
8,745740,173.0
8,745800,180.0
8,745860,150.0
8,745920,163.0
8,745980,226.0
8,746040,218.0
8,746100,252.0
8,746160,229.0
8,746220,223.0
8,746280,257.0
8,746340,248.0
8,746400,163.0
8,746460,153.0
8,746520,219.0
8,746580,183.0
8,746640,211.0
8,746700,167.0
8,746760,164.0
8,746820,200.0
8,746880,187.0
8,746940,198.0
8,747000,203.0
8,747060,196.0
8,747120,214.0
8,747180,172.0
8,747240,174.0
8,747300,164.0
8,747360,165.0
8,747420,169.0
8,747480,224.0
8,747540,188.0
8,747600,177.0
8,747660,185.0
8,747720,247.0
8,747780,181.0
8,747840,148.0
8,747900,146.0
8,747960,192.0
8,748020,182.0
8,748080,195.0
8,748140,206.0
8,748200,204.0
8,748260,170.0
8,748320,160.0
8,748380,178.0
8,748440,166.0
8,748500,177.0
8,748560,189.0
8,748620,238.0
8,748680,185.0
8,748740,230.0
8,748800,242.0
8,748860,254.0
8,748920,271.0
8,748980,208.0
8,749040,175.0
8,749100,172.0
8,749160,213.0
8,749220,220.0
8,749280,250.0
8,749340,242.0
8,749400,228.0
8,749460,228.0
8,749520,239.0
8,749580,224.0
8,749640,245.0
8,749700,262.0
8,749760,201.0
8,749820,219.0
8,749880,215.0
8,749940,189.0
8,750000,272.0
8,750060,250.0
8,750120,233.0
8,750180,227.0
8,750240,230.0
8,750300,151.0
8,750360,164.0
8,750420,164.0
8,750480,204.0
8,750540,159.0
8,750600,155.0
8,750660,163.0
8,750720,164.0
8,750780,175.0
8,750840,156.0
8,750900,202.0
8,750960,185.0
8,751020,147.0
8,751080,128.0
8,751140,169.0
8,751200,170.0
8,751260,190.0
8,751320,184.0
8,751380,194.0
8,751440,265.0
8,751500,168.0
8,751560,185.0
8,751620,218.0
8,751680,236.0
8,751740,255.0
8,751800,185.0
8,751860,181.0
8,751920,271.0
8,751980,220.0
8,752040,188.0
8,752100,208.0
8,752160,210.0
8,752220,187.0
8,752280,170.0
8,752340,195.0
8,752400,166.0
8,752460,171.0
8,752520,177.0
8,752580,207.0
8,752640,156.0
8,752700,197.0
8,752760,169.0
8,752820,186.0
8,752880,191.0
8,752940,184.0
8,753000,176.0
8,753060,203.0
8,753120,187.0
8,753180,203.0
8,753240,183.0
8,753300,191.0
8,753360,170.0
8,753420,242.0
8,753480,239.0
8,753540,178.0
8,753600,167.0
8,753660,171.0
8,753720,194.0
8,753780,130.0
8,753840,207.0
8,753900,190.0
8,753960,214.0
8,754020,191.0
8,754080,190.0
8,754140,205.0
8,754200,226.0
8,754260,258.0
8,754320,229.0
8,754380,220.0
8,754440,238.0
8,754500,217.0
8,754560,227.0
8,754620,195.0
8,754680,237.0
8,754740,206.0
8,754800,203.0
8,754860,196.0
8,754920,212.0
8,754980,174.0
8,755040,170.0
8,755100,257.0
8,755160,176.0
8,755220,190.0
8,755280,182.0
8,755340,142.0
8,755400,167.0
8,755460,197.0
8,755520,220.0
8,755580,216.0
8,755640,162.0
8,755700,156.0
8,755760,186.0
8,755820,208.0
8,755880,178.0
8,755940,171.0
8,756000,164.0
8,756060,173.0
8,756120,168.0
8,756180,187.0
8,756240,158.0
8,756300,145.0
8,756360,154.0
8,756420,156.0
8,756480,207.0
8,756540,152.0
8,756600,235.0
8,756660,188.0
8,756720,208.0
8,756780,171.0
8,756840,173.0
8,756900,148.0
8,756960,166.0
8,757020,206.0
8,757080,159.0
8,757140,165.0
8,757200,177.0
8,757260,191.0
8,757320,226.0
8,757380,192.0
8,757440,187.0
8,757500,129.0
8,757560,139.0
8,757620,200.0
8,757680,165.0
8,757740,140.0
8,757800,156.0
8,757860,192.0
8,757920,186.0
8,757980,222.0
8,758040,187.0
8,758100,166.0
8,758160,168.0
8,758220,182.0
8,758280,206.0
8,758340,165.0
8,758400,129.0
8,758460,196.0
8,758520,190.0
8,758580,167.0
8,758640,218.0
8,758700,184.0
8,758760,185.0
8,758820,156.0
8,758880,158.0
8,758940,170.0
8,759000,123.0
8,759060,154.0
8,759120,149.0
8,759180,163.0
8,759240,173.0
8,759300,130.0
8,759360,126.0
8,759420,122.0
8,759480,160.0
8,759540,150.0
8,759600,138.0
8,759660,147.0
8,759720,161.0
8,759780,212.0
8,759840,236.0
8,759900,188.0
8,759960,169.0
8,760020,190.0
8,760080,183.0
8,760140,203.0
8,760200,209.0
8,760260,208.0
8,760320,207.0
8,760380,178.0
8,760440,217.0
8,760500,167.0
8,760560,141.0
8,760620,142.0
8,760680,185.0
8,760740,161.0
8,760800,147.0
8,760860,154.0
8,760920,135.0
8,760980,206.0
8,761040,190.0
8,761100,171.0
8,761160,181.0
8,761220,191.0
8,761280,182.0
8,761340,158.0
8,761400,161.0
8,761460,158.0
8,761520,164.0
8,761580,154.0
8,761640,158.0
8,761700,194.0
8,761760,151.0
8,761820,188.0
8,761880,141.0
8,761940,126.0
8,762000,140.0
8,762060,176.0
8,762120,191.0
8,762180,152.0
8,762240,207.0
8,762300,176.0
8,762360,142.0
8,762420,191.0
8,762480,147.0
8,762540,134.0
8,762600,230.0
8,762660,180.0
8,762720,191.0
8,762780,167.0
8,762840,184.0
8,762900,140.0
8,762960,172.0
8,763020,153.0
8,763080,168.0
8,763140,181.0
8,763200,193.0
8,763260,160.0
8,763320,174.0
8,763380,184.0
8,763440,192.0
8,763500,195.0
8,763560,204.0
8,763620,147.0
8,763680,169.0
8,763740,214.0
8,763800,161.0
8,763860,165.0
8,763920,191.0
8,763980,190.0
8,764040,171.0
8,764100,187.0
8,764160,218.0
8,764220,218.0
8,764280,173.0
8,764340,198.0
8,764400,173.0
8,764460,215.0
8,764520,252.0
8,764580,258.0
8,764640,207.0
8,764700,226.0
8,764760,197.0
8,764820,231.0
8,764880,194.0
8,764940,211.0
8,765000,184.0
8,765060,239.0
8,765120,151.0
8,765180,164.0
8,765240,173.0
8,765300,193.0
8,765360,148.0
8,765420,147.0
8,765480,135.0
8,765540,207.0
8,765600,208.0
8,765660,248.0
8,765720,181.0
8,765780,185.0
8,765840,229.0
8,765900,195.0
8,765960,172.0
8,766020,228.0
8,766080,211.0
8,766140,224.0
8,766200,214.0
8,766260,165.0
8,766320,228.0
8,766380,247.0
8,766440,192.0
8,766500,168.0
8,766560,170.0
8,766620,206.0
8,766680,205.0
8,766740,194.0
8,766800,165.0
8,766860,158.0
8,766920,195.0
8,766980,166.0
8,767040,197.0
8,767100,189.0
8,767160,204.0
8,767220,252.0
8,767280,185.0
8,767340,180.0
8,767400,218.0
8,767460,209.0
8,767520,186.0
8,767580,170.0
8,767640,211.0
8,767700,193.0
8,767760,236.0
8,767820,226.0
8,767880,205.0
8,767940,189.0
8,768000,255.0
8,768060,265.0
8,768120,174.0
8,768180,217.0
8,768240,203.0
8,768300,170.0
8,768360,145.0
8,768420,155.0
8,768480,172.0
8,768540,176.0
8,768600,165.0
8,768660,195.0
8,768720,187.0
8,768780,148.0
8,768840,161.0
8,768900,190.0
8,768960,186.0
8,769020,140.0
8,769080,227.0
8,769140,243.0
8,769200,191.0
8,769260,173.0
8,769320,253.0
8,769380,193.0
8,769440,244.0
8,769500,184.0
8,769560,214.0
8,769620,213.0
8,769680,224.0
8,769740,169.0
8,769800,181.0
8,769860,185.0
8,769920,257.0
8,769980,240.0
8,770040,216.0
8,770100,186.0
8,770160,220.0
8,770280,251.0
8,770340,196.0
8,770400,182.0
8,770460,231.0
8,770520,259.0
8,770580,230.0
8,770640,202.0
8,770700,201.0
8,770760,286.0
8,770820,227.0
8,770880,194.0
8,770940,201.0
8,771000,201.0
8,771060,189.0
8,771120,191.0
8,771180,169.0
8,771240,239.0
8,771300,255.0
8,771360,223.0
8,771420,191.0
8,771480,222.0
8,771540,194.0
8,771600,173.0
8,771660,228.0
8,771720,186.0
8,771780,170.0
8,771840,189.0
8,771900,215.0
8,771960,227.0
8,772020,186.0
8,772080,208.0
8,772140,178.0
8,772200,151.0
8,772260,155.0
8,772320,182.0
8,772380,153.0
8,772440,167.0
8,772500,210.0
8,772560,155.0
8,772620,172.0
8,772680,184.0
8,772740,169.0
8,772800,180.0
8,772860,145.0
8,772920,141.0
8,772980,147.0
8,773040,134.0
8,773100,143.0
8,773160,190.0
8,773220,125.0
8,773280,133.0
8,773340,148.0
8,773400,150.0
8,773460,129.0
8,773520,184.0
8,773580,189.0
8,773640,165.0
8,773700,178.0
8,773760,176.0
8,773820,124.0
8,773880,107.0
8,773940,150.0
8,774000,168.0
8,774060,163.0
8,774120,162.0
8,774180,160.0
8,774240,145.0
8,774300,210.0
8,774360,164.0
8,774420,131.0
8,774480,187.0
8,774540,215.0
8,774600,173.0
8,774660,178.0
8,774720,158.0
8,774780,193.0
8,774840,165.0
8,774900,146.0
8,774960,170.0
8,775020,168.0
8,775080,164.0
8,775140,133.0
8,775200,96.0
8,775260,146.0
8,775320,138.0
8,775380,132.0
8,775440,152.0
8,775500,143.0
8,775560,186.0
8,775620,134.0
8,775680,163.0
8,775740,180.0
8,775800,162.0
8,775860,118.0
8,775920,116.0
8,775980,105.0
8,776040,127.0
8,776100,172.0
8,776160,153.0
8,776220,134.0
8,776280,143.0
8,776340,162.0
8,776400,121.0
8,776460,105.0
8,776520,107.0
8,776580,118.0
8,776640,120.0
8,776700,142.0
8,776760,116.0
8,776820,122.0
8,776880,136.0
8,776940,113.0
8,777000,117.0
8,777060,123.0
8,777120,110.0
8,777180,165.0
8,777240,128.0
8,777300,142.0
8,777360,164.0
8,777420,160.0
8,777480,194.0
8,777540,119.0
9,777600,127.0
9,777660,170.0
9,777720,163.0
9,777780,154.0
9,777840,154.0
9,777900,108.0
9,777960,110.0
9,778020,133.0
9,778080,133.0
9,778140,135.0
9,778200,102.0
9,778260,97.0
9,778320,131.0
9,778380,109.0
9,778440,167.0
9,778500,201.0
9,778560,140.0
9,778620,107.0
9,778680,102.0
9,778740,119.0
9,778800,105.0
9,778860,131.0
9,778920,96.0
9,778980,86.0
9,779040,111.0
9,779100,87.0
9,779160,102.0
9,779220,98.0
9,779280,96.0
9,779340,91.0
9,779400,101.0
9,779460,79.0
9,779520,87.0
9,779580,81.0
9,779640,81.0
9,779700,144.0
9,779760,101.0
9,779820,93.0
9,779880,91.0
9,779940,106.0
9,780000,71.0
9,780060,128.0
9,780120,90.0
9,780180,94.0
9,780240,70.0
9,780300,113.0
9,780360,114.0
9,780420,102.0
9,780480,83.0
9,780540,82.0
9,780600,75.0
9,780660,72.0
9,780720,93.0
9,780780,74.0
9,780840,72.0
9,780900,61.0
9,780960,80.0
9,781020,88.0
9,781080,82.0
9,781140,63.0
9,781200,51.0
9,781260,45.0
9,781320,50.0
9,781380,82.0
9,781440,86.0
9,781500,44.0
9,781560,92.0
9,781620,98.0
9,781680,78.0
9,781740,83.0
9,781800,118.0
9,781860,113.0
9,781920,143.0
9,781980,81.0
9,782040,136.0
9,782100,87.0
9,782160,118.0
9,782220,109.0
9,782280,96.0
9,782340,99.0
9,782400,82.0
9,782460,77.0
9,782520,80.0
9,782580,77.0
9,782640,74.0
9,782700,88.0
9,782760,65.0
9,782820,146.0
9,782880,94.0
9,782940,90.0
9,783000,116.0
9,783060,45.0
9,783120,41.0
9,783180,44.0
9,783240,55.0
9,783300,51.0
9,783360,45.0
9,783420,42.0
9,783480,41.0
9,783540,40.0
9,783600,51.0
9,783660,48.0
9,783720,55.0
9,783780,37.0
9,783840,29.0
9,783900,37.0
9,783960,57.0
9,784020,35.0
9,784080,56.0
9,784140,49.0
9,784200,49.0
9,784260,41.0
9,784320,69.0
9,784380,68.0
9,784440,79.0
9,784500,63.0
9,784560,63.0
9,784620,47.0
9,784680,47.0
9,784740,40.0
9,784800,67.0
9,784860,37.0
9,784920,78.0
9,784980,55.0
9,785040,64.0
9,785100,86.0
9,785160,38.0
9,785220,33.0
9,785280,54.0
9,785340,49.0
9,785400,29.0
9,785460,35.0
9,785520,67.0
9,785580,44.0
9,785640,45.0
9,785700,79.0
9,785760,42.0
9,785820,44.0
9,785880,54.0
9,785940,60.0
9,786000,34.0
9,786060,86.0
9,786120,39.0
9,786180,46.0
9,786240,44.0
9,786300,55.0
9,786360,33.0
9,786420,43.0
9,786480,35.0
9,786540,51.0
9,786600,27.0
9,786660,34.0
9,786720,39.0
9,786780,26.0
9,786840,29.0
9,786900,43.0
9,786960,41.0
9,787020,24.0
9,787080,51.0
9,787140,42.0
9,787200,42.0
9,787260,45.0
9,787320,40.0
9,787380,41.0
9,787440,19.0
9,787500,33.0
9,787560,29.0
9,787620,26.0
9,787680,43.0
9,787740,35.0
9,787800,23.0
9,787860,20.0
9,787920,17.0
9,787980,29.0
9,788040,26.0
9,788100,32.0
9,788160,32.0
9,788220,26.0
9,788280,29.0
9,788340,27.0
9,788400,27.0
9,788460,20.0
9,788520,17.0
9,788580,25.0
9,788640,18.0
9,788700,22.0
9,788760,38.0
9,788820,26.0
9,788880,12.0
9,788940,18.0
9,789000,21.0
9,789060,23.0
9,789120,18.0
9,789180,23.0
9,789240,22.0
9,789300,20.0
9,789360,19.0
9,789420,24.0
9,789480,39.0
9,789540,23.0
9,789600,10.0
9,789660,23.0
9,789720,20.0
9,789780,13.0
9,789840,33.0
9,789900,14.0
9,789960,22.0
9,790020,23.0
9,790080,6.0
9,790140,16.0
9,790200,28.0
9,790260,24.0
9,790320,27.0
9,790380,16.0
9,790440,23.0
9,790500,16.0
9,790560,16.0
9,790620,23.0
9,790680,19.0
9,790740,18.0
9,790800,26.0
9,790860,29.0
9,790920,32.0
9,790980,21.0
9,791040,25.0
9,791100,14.0
9,791160,21.0
9,791220,22.0
9,791280,17.0
9,791340,22.0
9,791400,15.0
9,791460,13.0
9,791520,23.0
9,791580,23.0
9,791640,7.0
9,791700,21.0
9,791760,14.0
9,791820,20.0
9,791880,4.0
9,791940,25.0
9,792000,19.0
9,792060,20.0
9,792120,16.0
9,792180,14.0
9,792240,9.0
9,792300,21.0
9,792360,25.0
9,792420,20.0
9,792480,6.0
9,792540,14.0
9,792600,4.0
9,792660,6.0
9,792720,9.0
9,792780,16.0
9,792840,15.0
9,792900,14.0
9,792960,20.0
9,793020,15.0
9,793080,10.0
9,793140,9.0
9,793200,23.0
9,793260,29.0
9,793320,14.0
9,793380,14.0
9,793440,2.0
9,793500,12.0
9,793560,16.0
9,793620,17.0
9,793680,20.0
9,793740,14.0
9,793800,17.0
9,793860,12.0
9,793920,6.0
9,793980,8.0
9,794040,15.0
9,794100,23.0
9,794160,9.0
9,794220,6.0
9,794280,8.0
9,794340,6.0
9,794400,12.0
9,794460,9.0
9,794520,6.0
9,794580,16.0
9,794640,17.0
9,794700,30.0
9,794760,18.0
9,794820,18.0
9,794880,16.0
9,794940,12.0
9,795000,20.0
9,795060,18.0
9,795120,23.0
9,795180,7.0
9,795240,5.0
9,795300,6.0
9,795360,2.0
9,795420,15.0
9,795480,7.0
9,795540,9.0
9,795600,16.0
9,795660,9.0
9,795720,6.0
9,795780,7.0
9,795840,24.0
9,795900,32.0
9,795960,13.0
9,796020,9.0
9,796080,8.0
9,796140,6.0
9,796200,6.0
9,796260,14.0
9,796320,23.0
9,796380,28.0
9,796440,12.0
9,796500,9.0
9,796560,6.0
9,796620,17.0
9,796680,7.0
9,796740,21.0
9,796800,5.0
9,796860,9.0
9,796920,5.0
9,796980,16.0
9,797040,21.0
9,797100,17.0
9,797160,15.0
9,797220,5.0
9,797280,12.0
9,797340,23.0
9,797400,8.0
9,797460,6.0
9,797520,8.0
9,797580,22.0
9,797640,10.0
9,797700,8.0
9,797760,3.0
9,797820,25.0
9,797880,23.0
9,797940,12.0
9,798000,6.0
9,798060,12.0
9,798120,9.0
9,798180,2.0
9,798240,13.0
9,798300,7.0
9,798360,10.0
9,798420,12.0
9,798480,15.0
9,798540,21.0
9,798600,24.0
9,798660,18.0
9,798720,19.0
9,798780,9.0
9,798840,9.0
9,798900,8.0
9,798960,15.0
9,799020,13.0
9,799080,15.0
9,799140,36.0
9,799200,45.0
9,799260,37.0
9,799320,52.0
9,799380,30.0
9,799440,33.0
9,799500,15.0
9,799560,16.0
9,799620,10.0
9,799680,8.0
9,799740,37.0
9,799800,40.0
9,799860,26.0
9,799920,27.0
9,799980,58.0
9,800040,57.0
9,800100,63.0
9,800160,29.0
9,800220,8.0
9,800280,16.0
9,800340,15.0
9,800400,8.0
9,800460,30.0
9,800520,50.0
9,800580,54.0
9,800640,29.0
9,800700,18.0
9,800760,16.0
9,800820,12.0
9,800880,3.0
9,800940,13.0
9,801000,10.0
9,801060,6.0
9,801120,6.0
9,801180,6.0
9,801240,4.0
9,801300,10.0
9,801360,20.0
9,801420,6.0
9,801480,19.0
9,801540,20.0
9,801600,13.0
9,801660,18.0
9,801720,14.0
9,801780,5.0
9,801840,21.0
9,801900,7.0
9,801960,15.0
9,802020,9.0
9,802080,10.0
9,802140,9.0
9,802200,6.0
9,802260,10.0
9,802320,28.0
9,802380,25.0
9,802440,12.0
9,802500,21.0
9,802560,10.0
9,802620,9.0
9,802680,22.0
9,802740,16.0
9,802800,12.0
9,802860,8.0
9,802920,9.0
9,802980,19.0
9,803040,25.0
9,803100,8.0
9,803160,42.0
9,803220,51.0
9,803280,47.0
9,803340,38.0
9,803400,51.0
9,803460,39.0
9,803520,58.0
9,803580,63.0
9,803640,59.0
9,803700,46.0
9,803760,36.0
9,803820,46.0
9,803880,56.0
9,803940,55.0
9,804000,49.0
9,804060,33.0
9,804120,23.0
9,804180,16.0
9,804240,20.0
9,804300,14.0
9,804360,14.0
9,804420,16.0
9,804480,15.0
9,804540,26.0
9,804600,32.0
9,804660,17.0
9,804720,28.0
9,804780,40.0
9,804840,23.0
9,804900,40.0
9,804960,30.0
9,805020,36.0
9,805080,21.0
9,805140,35.0
9,805200,28.0
9,805260,44.0
9,805320,22.0
9,805380,18.0
9,805440,23.0
9,805500,24.0
9,805560,35.0
9,805620,22.0
9,805680,19.0
9,805740,37.0
9,805800,58.0
9,805860,54.0
9,805920,52.0
9,805980,56.0
9,806040,47.0
9,806100,36.0
9,806160,34.0
9,806220,45.0
9,806280,58.0
9,806340,30.0
9,806400,38.0
9,806460,23.0
9,806520,37.0
9,806580,57.0
9,806640,64.0
9,806700,46.0
9,806760,36.0
9,806820,61.0
9,806880,103.0
9,806940,55.0
9,807000,34.0
9,807060,44.0
9,807120,56.0
9,807180,70.0
9,807240,66.0
9,807300,78.0
9,807360,88.0
9,807420,106.0
9,807480,98.0
9,807540,118.0
9,807600,97.0
9,807660,114.0
9,807720,97.0
9,807780,106.0
9,807840,96.0
9,807900,103.0
9,807960,55.0
9,808020,67.0
9,808080,42.0
9,808140,55.0
9,808200,54.0
9,808260,45.0
9,808320,64.0
9,808380,40.0
9,808440,62.0
9,808500,78.0
9,808560,81.0
9,808620,80.0
9,808680,74.0
9,808740,69.0
9,808800,65.0
9,808860,48.0
9,808920,66.0
9,808980,60.0
9,809040,62.0
9,809100,97.0
9,809160,97.0
9,809220,62.0
9,809280,61.0
9,809340,69.0
9,809400,87.0
9,809460,44.0
9,809520,76.0
9,809580,63.0
9,809640,69.0
9,809700,117.0
9,809760,75.0
9,809820,75.0
9,809880,104.0
9,809940,98.0
9,810000,110.0
9,810060,119.0
9,810120,113.0
9,810180,100.0
9,810240,125.0
9,810300,135.0
9,810360,124.0
9,810420,122.0
9,810480,105.0
9,810540,144.0
9,810600,102.0
9,810660,146.0
9,810720,143.0
9,810780,150.0
9,810840,122.0
9,810900,87.0
9,810960,92.0
9,811020,86.0
9,811080,87.0
9,811140,102.0
9,811200,121.0
9,811260,93.0
9,811320,126.0
9,811380,96.0
9,811440,84.0
9,811500,58.0
9,811560,90.0
9,811620,105.0
9,811680,75.0
9,811740,80.0
9,811800,80.0
9,811860,82.0
9,811920,103.0
9,811980,136.0
9,812040,128.0
9,812100,113.0
9,812160,99.0
9,812220,118.0
9,812280,117.0
9,812340,106.0
9,812400,121.0
9,812460,119.0
9,812520,97.0
9,812580,139.0
9,812640,156.0
9,812700,105.0
9,812760,108.0
9,812820,98.0
9,812880,129.0
9,812940,134.0
9,813000,128.0
9,813060,98.0
9,813120,111.0
9,813180,96.0
9,813240,136.0
9,813300,119.0
9,813360,97.0
9,813420,110.0
9,813480,116.0
9,813540,98.0
9,813720,136.0
9,813780,107.0
9,813840,122.0
9,813900,110.0
9,813960,135.0
9,814020,133.0
9,814080,125.0
9,814140,111.0
9,814200,142.0
9,814260,124.0
9,814320,121.0
9,814380,105.0
9,814440,120.0
9,814500,113.0
9,814560,96.0
9,814620,129.0
9,814680,140.0
9,814740,127.0
9,814800,138.0
9,814860,133.0
9,814920,148.0
9,814980,143.0
9,815040,150.0
9,815100,118.0
9,815160,121.0
9,815220,119.0
9,815280,165.0
9,815340,161.0
9,815400,177.0
9,815460,175.0
9,815520,159.0
9,815580,161.0
9,815640,173.0
9,815700,206.0
9,815760,139.0
9,815820,154.0
9,815880,164.0
9,815940,155.0
9,816000,139.0
9,816060,144.0
9,816120,129.0
9,816180,147.0
9,816240,208.0
9,816300,153.0
9,816360,186.0
9,816420,198.0
9,816480,214.0
9,816540,253.0
9,816600,146.0
9,816660,168.0
9,816720,158.0
9,816780,193.0
9,816840,135.0
9,816900,158.0
9,816960,152.0
9,817020,139.0
9,817080,120.0
9,817140,165.0
9,817200,110.0
9,817260,121.0
9,817320,140.0
9,817380,171.0
9,817440,134.0
9,817500,129.0
9,817560,168.0
9,817620,166.0
9,817680,147.0
9,817740,164.0
9,817800,176.0
9,817860,180.0
9,817920,198.0
9,817980,171.0
9,818040,184.0
9,818100,147.0
9,818160,181.0
9,818220,136.0
9,818280,171.0
9,818340,152.0
9,818400,188.0
9,818460,219.0
9,818520,181.0
9,818580,188.0
9,818640,211.0
9,818700,198.0
9,818760,165.0
9,818820,109.0
9,818880,164.0
9,818940,164.0
9,819000,145.0
9,819060,153.0
9,819120,139.0
9,819180,152.0
9,819240,177.0
9,819300,140.0
9,819360,158.0
9,819420,149.0
9,819480,145.0
9,819540,132.0
9,819600,147.0
9,819660,154.0
9,819720,141.0
9,819780,84.0
9,819840,132.0
9,819900,128.0
9,819960,136.0
9,820020,177.0
9,820080,136.0
9,820140,127.0
9,820200,123.0
9,820260,121.0
9,820320,113.0
9,820380,102.0
9,820440,141.0
9,820500,155.0
9,820560,156.0
9,820620,118.0
9,820680,129.0
9,820740,86.0
9,820800,119.0
9,820860,167.0
9,820920,173.0
9,820980,130.0
9,821040,144.0
9,821100,124.0
9,821160,134.0
9,821220,173.0
9,821280,158.0
9,821340,158.0
9,821400,187.0
9,821460,164.0
9,821520,176.0
9,821580,186.0
9,821640,146.0
9,821700,197.0
9,821760,182.0
9,821820,183.0
9,821880,185.0
9,821940,193.0
9,822000,195.0
9,822060,155.0
9,822120,177.0
9,822180,178.0
9,822240,155.0
9,822300,143.0
9,822360,149.0
9,822420,170.0
9,822480,136.0
9,822540,206.0
9,822600,146.0
9,822720,189.0
9,822900,119.0
9,822960,184.0
9,823020,163.0
9,823080,155.0
9,823140,150.0
9,823200,122.0
9,823260,128.0
9,823320,168.0
9,823380,158.0
9,823440,156.0
9,823500,160.0
9,823560,140.0
9,823620,151.0
9,823680,182.0
9,823740,170.0
9,823800,119.0
9,823860,156.0
9,823920,118.0
9,823980,102.0
9,824040,128.0
9,824100,118.0
9,824160,153.0
9,824220,127.0
9,824280,128.0
9,824340,142.0
9,824400,185.0
9,824460,119.0
9,824520,122.0
9,824580,144.0
9,824640,140.0
9,824700,168.0
9,824760,187.0
9,824820,154.0
9,824880,159.0
9,824940,165.0
9,825000,171.0
9,825060,160.0
9,825120,166.0
9,825180,196.0
9,825240,126.0
9,825300,155.0
9,825360,148.0
9,825420,108.0
9,825480,128.0
9,825540,141.0
9,825600,131.0
9,825660,112.0
9,825720,76.0
9,825780,172.0
9,825840,126.0
9,825900,183.0
9,825960,233.0
9,826020,236.0
9,826080,146.0
9,826140,135.0
9,826200,131.0
9,826260,121.0
9,826320,145.0
9,826380,153.0
9,826440,203.0
9,826500,128.0
9,826560,91.0
9,826620,93.0
9,826680,104.0
9,826740,173.0
9,826800,180.0
9,826860,151.0
9,826920,127.0
9,826980,141.0
9,827040,121.0
9,827100,107.0
9,827160,145.0
9,827220,177.0
9,827280,156.0
9,827340,136.0
9,827400,160.0
9,827460,143.0
9,827520,142.0
9,827580,130.0
9,827640,178.0
9,827700,127.0
9,827760,109.0
9,827820,130.0
9,827880,113.0
9,827940,112.0
9,828000,126.0
9,828060,169.0
9,828120,208.0
9,828180,178.0
9,828240,185.0
9,828300,140.0
9,828360,176.0
9,828420,202.0
9,828480,169.0
9,828540,153.0
9,828600,193.0
9,828660,188.0
9,828720,140.0
9,828780,152.0
9,828840,159.0
9,828900,161.0
9,828960,136.0
9,829020,120.0
9,829080,113.0
9,829140,92.0
9,829200,142.0
9,829260,161.0
9,829320,114.0
9,829380,143.0
9,829440,92.0
9,829500,92.0
9,829560,126.0
9,829620,122.0
9,829680,123.0
9,829740,101.0
9,829800,125.0
9,829860,146.0
9,829920,130.0
9,829980,110.0
9,830040,94.0
9,830100,129.0
9,830160,143.0
9,830220,143.0
9,830280,114.0
9,830340,107.0
9,830400,118.0
9,830460,120.0
9,830520,127.0
9,830580,91.0
9,830640,94.0
9,830700,100.0
9,830760,112.0
9,830820,154.0
9,830880,154.0
9,830940,111.0
9,831000,100.0
9,831060,104.0
9,831120,123.0
9,831180,131.0
9,831240,125.0
9,831300,114.0
9,831360,129.0
9,831420,143.0
9,831480,134.0
9,831540,132.0
9,831600,133.0
9,831660,116.0
9,831720,112.0
9,831780,112.0
9,831840,134.0
9,831900,150.0
9,831960,130.0
9,832020,134.0
9,832080,102.0
9,832140,132.0
9,832200,155.0
9,832260,136.0
9,832320,165.0
9,832380,119.0
9,832440,141.0
9,832500,128.0
9,832560,131.0
9,832620,173.0
9,832680,186.0
9,832740,168.0
9,832800,159.0
9,832860,154.0
9,832920,184.0
9,832980,160.0
9,833040,155.0
9,833100,189.0
9,833160,156.0
9,833220,141.0
9,833280,186.0
9,833340,163.0
9,833400,183.0
9,833460,164.0
9,833520,208.0
9,833580,147.0
9,833640,176.0
9,833700,171.0
9,833760,155.0
9,833820,167.0
9,833880,154.0
9,833940,159.0
9,834000,139.0
9,834060,104.0
9,834120,89.0
9,834180,130.0
9,834240,146.0
9,834300,191.0
9,834360,227.0
9,834420,181.0
9,834480,145.0
9,834540,163.0
9,834600,216.0
9,834660,176.0
9,834720,201.0
9,834780,207.0
9,834840,208.0
9,834900,258.0
9,834960,192.0
9,835020,187.0
9,835080,173.0
9,835140,181.0
9,835200,197.0
9,835260,178.0
9,835320,203.0
9,835380,180.0
9,835440,213.0
9,835500,223.0
9,835560,225.0
9,835620,178.0
9,835680,191.0
9,835740,165.0
9,835800,154.0
9,835860,131.0
9,835920,186.0
9,835980,185.0
9,836040,163.0
9,836100,183.0
9,836160,187.0
9,836220,197.0
9,836280,141.0
9,836340,194.0
9,836400,204.0
9,836460,166.0
9,836520,123.0
9,836580,159.0
9,836640,132.0
9,836700,155.0
9,836760,209.0
9,836820,154.0
9,836880,168.0
9,836940,156.0
9,837000,132.0
9,837060,183.0
9,837120,128.0
9,837180,171.0
9,837240,127.0
9,837300,135.0
9,837360,156.0
9,837420,121.0
9,837480,143.0
9,837540,150.0
9,837600,91.0
9,837660,135.0
9,837720,158.0
9,837780,151.0
9,837840,176.0
9,837900,168.0
9,837960,136.0
9,838020,135.0
9,838080,149.0
9,838140,118.0
9,838200,140.0
9,838260,119.0
9,838320,133.0
9,838380,181.0
9,838440,195.0
9,838500,135.0
9,838560,165.0
9,838620,178.0
9,838680,152.0
9,838740,182.0
9,838800,158.0
9,838860,155.0
9,838920,128.0
9,838980,145.0
9,839040,154.0
9,839100,122.0
9,839160,110.0
9,839220,142.0
9,839280,145.0
9,839340,158.0
9,839400,133.0
9,839460,83.0
9,839520,151.0
9,839580,171.0
9,839640,178.0
9,839700,164.0
9,839760,150.0
9,839820,123.0
9,839880,129.0
9,839940,139.0
9,840000,148.0
9,840060,123.0
9,840120,114.0
9,840180,141.0
9,840240,169.0
9,840300,147.0
9,840360,219.0
9,840480,173.0
9,840540,186.0
9,840600,176.0
9,840660,218.0
9,840720,175.0
9,840780,129.0
9,840840,190.0
9,840900,164.0
9,840960,141.0
9,841020,182.0
9,841080,175.0
9,841140,160.0
9,841200,170.0
9,841260,155.0
9,841320,164.0
9,841380,154.0
9,841440,141.0
9,841500,165.0
9,841560,156.0
9,841620,216.0
9,841680,176.0
9,841740,164.0
9,841800,119.0
9,841860,130.0
9,841920,116.0
9,841980,143.0
9,842040,155.0
9,842100,154.0
9,842160,200.0
9,842220,144.0
9,842280,100.0
9,842340,102.0
9,842400,113.0
9,842460,93.0
9,842520,96.0
9,842580,114.0
9,842640,134.0
9,842700,146.0
9,842760,114.0
9,842820,140.0
9,842880,155.0
9,842940,165.0
9,843000,160.0
9,843060,152.0
9,843120,152.0
9,843180,178.0
9,843240,182.0
9,843300,186.0
9,843360,200.0
9,843420,186.0
9,843480,192.0
9,843540,247.0
9,843600,214.0
9,843660,151.0
9,843720,164.0
9,843780,164.0
9,843840,202.0
9,843900,151.0
9,843960,216.0
9,844020,167.0
9,844080,171.0
9,844140,127.0
9,844200,123.0
9,844260,147.0
9,844320,132.0
9,844380,97.0
9,844440,117.0
9,844500,127.0
9,844560,127.0
9,844620,151.0
9,844680,144.0
9,844740,162.0
9,844800,109.0
9,844860,134.0
9,844920,106.0
9,844980,142.0
9,845040,132.0
9,845100,126.0
9,845160,110.0
9,845220,147.0
9,845280,113.0
9,845340,143.0
9,845400,145.0
9,845520,155.0
9,845580,143.0
9,845700,148.0
9,845760,118.0
9,845820,167.0
9,845880,164.0
9,845940,133.0
9,846000,127.0
9,846060,149.0
9,846120,182.0
9,846180,201.0
9,846240,174.0
9,846300,171.0
9,846360,149.0
9,846420,159.0
9,846480,134.0
9,846540,168.0
9,846600,122.0
9,846660,195.0
9,846720,170.0
9,846780,172.0
9,846840,182.0
9,846900,170.0
9,846960,145.0
9,847020,177.0
9,847080,135.0
9,847140,134.0
9,847200,154.0
9,847260,175.0
9,847320,153.0
9,847380,164.0
9,847440,141.0
9,847500,138.0
9,847560,151.0
9,847620,167.0
9,847680,156.0
9,847740,130.0
9,847800,163.0
9,847860,136.0
9,847920,145.0
9,847980,135.0
9,848040,170.0
9,848100,154.0
9,848160,146.0
9,848220,122.0
9,848280,148.0
9,848340,154.0
9,848400,132.0
9,848460,130.0
9,848520,149.0
9,848580,155.0
9,848640,100.0
9,848700,162.0
9,848760,167.0
9,848820,129.0
9,848880,206.0
9,848940,205.0
9,849000,145.0
9,849060,191.0
9,849120,161.0
9,849180,143.0
9,849240,154.0
9,849300,161.0
9,849360,155.0
9,849420,113.0
9,849480,158.0
9,849540,141.0
9,849600,142.0
9,849660,170.0
9,849720,163.0
9,849780,173.0
9,849840,200.0
9,849900,151.0
9,849960,173.0
9,850020,177.0
9,850080,191.0
9,850140,188.0
9,850200,171.0
9,850260,173.0
9,850320,159.0
9,850380,178.0
9,850440,187.0
9,850500,152.0
9,850560,197.0
9,850620,184.0
9,850680,268.0
9,850740,252.0
9,850800,264.0
9,850860,205.0
9,850920,217.0
9,850980,225.0
9,851040,209.0
9,851100,208.0
9,851160,189.0
9,851220,189.0
9,851280,192.0
9,851340,202.0
9,851400,169.0
9,851460,230.0
9,851520,166.0
9,851580,173.0
9,851640,234.0
9,851700,173.0
9,851760,152.0
9,851820,147.0
9,851880,151.0
9,851940,161.0
9,852000,201.0
9,852060,172.0
9,852120,197.0
9,852180,250.0
9,852240,210.0
9,852300,255.0
9,852360,205.0
9,852420,209.0
9,852480,232.0
9,852540,185.0
9,852600,187.0
9,852660,184.0
9,852720,171.0
9,852780,161.0
9,852840,178.0
9,852900,172.0
9,852960,204.0
9,853020,165.0
9,853080,135.0
9,853140,164.0
9,853200,192.0
9,853260,193.0
9,853320,201.0
9,853380,209.0
9,853440,220.0
9,853500,191.0
9,853560,207.0
9,853620,219.0
9,853680,165.0
9,853740,201.0
9,853800,213.0
9,853860,196.0
9,853920,208.0
9,853980,237.0
9,854040,204.0
9,854100,214.0
9,854160,264.0
9,854220,218.0
9,854280,213.0
9,854340,153.0
9,854400,204.0
9,854460,206.0
9,854520,158.0
9,854580,173.0
9,854640,168.0
9,854700,144.0
9,854760,189.0
9,854820,203.0
9,854880,181.0
9,854940,214.0
9,855000,155.0
9,855060,184.0
9,855120,204.0
9,855180,187.0
9,855240,207.0
9,855300,194.0
9,855360,173.0
9,855420,189.0
9,855480,173.0
9,855540,214.0
9,855600,170.0
9,855660,217.0
9,855720,202.0
9,855780,192.0
9,855840,209.0
9,855900,206.0
9,855960,219.0
9,856020,144.0
9,856080,161.0
9,856140,213.0
9,856200,159.0
9,856260,164.0
9,856320,158.0
9,856380,163.0
9,856440,146.0
9,856500,133.0
9,856560,190.0
9,856620,201.0
9,856680,181.0
9,856740,159.0
9,856800,248.0
9,856860,205.0
9,856920,215.0
9,856980,164.0
9,857040,204.0
9,857100,193.0
9,857160,150.0
9,857220,188.0
9,857280,178.0
9,857340,215.0
9,857400,196.0
9,857460,177.0
9,857520,242.0
9,857580,223.0
9,857640,205.0
9,857700,181.0
9,857760,206.0
9,857820,213.0
9,857880,168.0
9,857940,200.0
9,858000,213.0
9,858060,206.0
9,858120,222.0
9,858180,144.0
9,858240,205.0
9,858300,208.0
9,858360,211.0
9,858420,219.0
9,858480,133.0
9,858540,168.0
9,858600,210.0
9,858660,173.0
9,858720,190.0
9,858780,148.0
9,858840,158.0
9,858900,147.0
9,858960,176.0
9,859020,164.0
9,859080,188.0
9,859140,193.0
9,859200,171.0
9,859260,147.0
9,859320,182.0
9,859380,213.0
9,859440,184.0
9,859500,168.0
9,859560,160.0
9,859620,158.0
9,859680,163.0
9,859740,156.0
9,859800,159.0
9,859860,156.0
9,859920,188.0
9,859980,148.0
9,860040,151.0
9,860100,146.0
9,860160,117.0
9,860220,161.0
9,860280,151.0
9,860340,128.0
9,860400,116.0
9,860460,131.0
9,860520,159.0
9,860580,174.0
9,860640,204.0
9,860700,172.0
9,860760,150.0
9,860820,162.0
9,860880,148.0
9,860940,181.0
9,861000,159.0
9,861060,164.0
9,861120,146.0
9,861180,156.0
9,861240,123.0
9,861300,133.0
9,861360,136.0
9,861420,125.0
9,861480,170.0
9,861540,147.0
9,861600,140.0
9,861660,117.0
9,861720,128.0
9,861780,152.0
9,861840,160.0
9,861900,121.0
9,861960,145.0
9,862020,153.0
9,862080,154.0
9,862140,167.0
9,862200,187.0
9,862260,217.0
9,862320,171.0
9,862380,187.0
9,862440,201.0
9,862500,180.0
9,862560,215.0
9,862620,191.0
9,862680,147.0
9,862740,141.0
9,862800,148.0
9,862860,129.0
9,862920,134.0
9,862980,112.0
9,863040,129.0
9,863100,141.0
9,863160,149.0
9,863220,112.0
9,863280,118.0
9,863340,107.0
9,863400,108.0
9,863460,114.0
9,863520,127.0
9,863580,104.0
9,863640,97.0
9,863700,180.0
9,863760,125.0
9,863820,99.0
9,863880,139.0
9,863940,127.0
10,864000,135.0
10,864060,76.0
10,864120,128.0
10,864180,131.0
10,864240,128.0
10,864300,106.0
10,864360,134.0
10,864420,121.0
10,864480,116.0
10,864540,133.0
10,864600,123.0
10,864660,94.0
10,864720,89.0
10,864780,107.0
10,864840,88.0
10,864900,107.0
10,864960,148.0
10,865020,87.0
10,865080,102.0
10,865140,128.0
10,865200,120.0
10,865260,76.0
10,865320,128.0
10,865380,111.0
10,865440,104.0
10,865500,152.0
10,865560,142.0
10,865620,90.0
10,865680,124.0
10,865740,110.0
10,865800,111.0
10,865860,124.0
10,865920,105.0
10,865980,88.0
10,866040,81.0
10,866100,87.0
10,866160,113.0
10,866220,105.0
10,866280,110.0
10,866340,113.0
10,866400,114.0
10,866460,100.0
10,866520,104.0
10,866580,128.0
10,866640,76.0
10,866700,90.0
10,866760,70.0
10,866820,100.0
10,866880,117.0
10,866940,91.0
10,867000,84.0
10,867060,114.0
10,867120,86.0
10,867180,121.0
10,867240,83.0
10,867300,83.0
10,867360,97.0
10,867420,83.0
10,867480,77.0
10,867540,55.0
10,867600,81.0
10,867660,136.0
10,867720,85.0
10,867780,85.0
10,867840,77.0
10,867900,111.0
10,867960,80.0
10,868020,103.0
10,868080,89.0
10,868140,135.0
10,868200,111.0
10,868260,112.0
10,868320,103.0
10,868380,116.0
10,868440,93.0
10,868500,85.0
10,868560,84.0
10,868620,93.0
10,868680,70.0
10,868740,89.0
10,868800,71.0
10,868860,66.0
10,868920,83.0
10,868980,135.0
10,869040,113.0
10,869100,85.0
10,869160,93.0
10,869220,109.0
10,869280,106.0
10,869340,101.0
10,869400,91.0
10,869460,70.0
10,869520,55.0
10,869580,94.0
10,869640,72.0
10,869700,100.0
10,869760,49.0
10,869820,38.0
10,869880,81.0
10,869940,64.0
10,870000,76.0
10,870060,87.0
10,870120,113.0
10,870180,42.0
10,870240,48.0
10,870300,58.0
10,870360,44.0
10,870420,57.0
10,870480,47.0
10,870540,45.0
10,870600,67.0
10,870660,43.0
10,870720,42.0
10,870780,76.0
10,870840,46.0
10,870900,34.0
10,870960,37.0
10,871020,56.0
10,871080,54.0
10,871140,40.0
10,871200,37.0
10,871260,36.0
10,871320,37.0
10,871380,41.0
10,871440,120.0
10,871500,46.0
10,871560,44.0
10,871620,28.0
10,871680,44.0
10,871740,59.0
10,871800,46.0
10,871860,41.0
10,871920,34.0
10,871980,35.0
10,872040,34.0
10,872100,28.0
10,872160,35.0
10,872220,46.0
10,872280,19.0
10,872340,30.0
10,872400,24.0
10,872460,22.0
10,872520,28.0
10,872580,43.0
10,872640,22.0
10,872700,22.0
10,872760,28.0
10,872820,24.0
10,872880,21.0
10,872940,27.0
10,873000,29.0
10,873060,21.0
10,873120,26.0
10,873180,56.0
10,873240,36.0
10,873300,24.0
10,873360,18.0
10,873420,16.0
10,873480,26.0
10,873540,39.0
10,873600,12.0
10,873660,20.0
10,873720,23.0
10,873780,32.0
10,873840,16.0
10,873900,30.0
10,873960,27.0
10,874020,18.0
10,874080,38.0
10,874140,30.0
10,874200,24.0
10,874260,24.0
10,874320,25.0
10,874380,49.0
10,874440,35.0
10,874500,21.0
10,874560,27.0
10,874620,23.0
10,874680,29.0
10,874740,12.0
10,874800,16.0
10,874860,39.0
10,874920,32.0
10,874980,16.0
10,875040,22.0
10,875100,22.0
10,875160,23.0
10,875220,28.0
10,875280,22.0
10,875340,10.0
10,875400,27.0
10,875460,6.0
10,875520,12.0
10,875580,21.0
10,875640,19.0
10,875700,33.0
10,875760,23.0
10,875820,21.0
10,875880,16.0
10,875940,14.0
10,876000,6.0
10,876060,19.0
10,876120,20.0
10,876180,20.0
10,876240,32.0
10,876300,21.0
10,876360,26.0
10,876420,23.0
10,876480,32.0
10,876540,34.0
10,876600,33.0
10,876660,46.0
10,876720,41.0
10,876780,42.0
10,876840,27.0
10,876900,50.0
10,876960,70.0
10,877020,32.0
10,877080,23.0
10,877140,35.0
10,877200,23.0
10,877260,13.0
10,877320,14.0
10,877380,28.0
10,877440,18.0
10,877500,16.0
10,877560,30.0
10,877620,32.0
10,877680,18.0
10,877740,28.0
10,877800,17.0
10,877860,14.0
10,877920,25.0
10,877980,9.0
10,878040,23.0
10,878100,18.0
10,878160,13.0
10,878220,13.0
10,878280,20.0
10,878340,20.0
10,878400,19.0
10,878460,17.0
10,878520,21.0
10,878580,20.0
10,878640,12.0
10,878700,35.0
10,878760,27.0
10,878820,19.0
10,878880,10.0
10,878940,12.0
10,879000,16.0
10,879060,9.0
10,879120,12.0
10,879180,13.0
10,879240,3.0
10,879300,14.0
10,879360,7.0
10,879420,8.0
10,879480,13.0
10,879540,9.0
10,879600,13.0
10,879660,14.0
10,879720,12.0
10,879780,9.0
10,879840,7.0
10,879900,13.0
10,879960,18.0
10,880020,19.0
10,880080,9.0
10,880140,17.0
10,880200,13.0
10,880260,9.0
10,880320,19.0
10,880380,14.0
10,880440,15.0
10,880500,14.0
10,880560,4.0
10,880620,9.0
10,880680,12.0
10,880740,10.0
10,880800,6.0
10,880860,13.0
10,880920,7.0
10,880980,6.0
10,881040,17.0
10,881100,1.0
10,881160,3.0
10,881220,7.0
10,881280,15.0
10,881340,7.0
10,881400,13.0
10,881460,5.0
10,881520,8.0
10,881580,10.0
10,881640,5.0
10,881700,9.0
10,881760,5.0
10,881820,6.0
10,881880,18.0
10,881940,4.0
10,882000,10.0
10,882060,16.0
10,882120,15.0
10,882180,10.0
10,882240,10.0
10,882300,6.0
10,882360,13.0
10,882420,14.0
10,882480,10.0
10,882540,3.0
10,882600,6.0
10,882660,7.0
10,882720,8.0
10,882780,8.0
10,882840,12.0
10,882900,12.0
10,882960,22.0
10,883020,26.0
10,883080,13.0
10,883140,15.0
10,883200,9.0
10,883260,12.0
10,883320,14.0
10,883380,13.0
10,883440,14.0
10,883500,7.0
10,883560,8.0
10,883620,13.0
10,883680,10.0
10,883740,17.0
10,883800,12.0
10,883860,16.0
10,883920,23.0
10,883980,12.0
10,884040,12.0
10,884100,2.0
10,884160,8.0
10,884220,26.0
10,884280,27.0
10,884340,54.0
10,884400,41.0
10,884460,12.0
10,884520,16.0
10,884580,4.0
10,884640,7.0
10,884700,39.0
10,884760,35.0
10,884820,38.0
10,884880,14.0
10,884940,14.0
10,885000,23.0
10,885060,4.0
10,885120,4.0
10,885180,9.0
10,885240,9.0
10,885300,7.0
10,885360,12.0
10,885420,12.0
10,885480,3.0
10,885540,6.0
10,885600,28.0
10,885660,42.0
10,885720,50.0
10,885780,24.0
10,885840,6.0
10,885900,4.0
10,885960,3.0
10,886020,6.0
10,886080,6.0
10,886140,26.0
10,886200,17.0
10,886260,16.0
10,886320,10.0
10,886380,4.0
10,886440,50.0
10,886500,48.0
10,886560,54.0
10,886620,55.0
10,886680,51.0
10,886740,41.0
10,886800,28.0
10,886860,38.0
10,886920,42.0
10,886980,49.0
10,887040,27.0
10,887100,39.0
10,887160,35.0
10,887220,17.0
10,887280,17.0
10,887340,48.0
10,887400,42.0
10,887460,8.0
10,887520,10.0
10,887580,13.0
10,887640,10.0
10,887700,9.0
10,887760,18.0
10,887820,18.0
10,887880,7.0
10,887940,14.0
10,888000,18.0
10,888060,4.0
10,888120,21.0
10,888180,13.0
10,888240,5.0
10,888300,9.0
10,888360,10.0
10,888420,5.0
10,888480,5.0
10,888540,13.0
10,888600,17.0
10,888660,33.0
10,888720,37.0
10,888780,17.0
10,888840,29.0
10,888900,40.0
10,888960,18.0
10,889020,19.0
10,889080,12.0
10,889140,21.0
10,889200,12.0
10,889260,25.0
10,889320,10.0
10,889380,17.0
10,889440,19.0
10,889500,26.0
10,889560,33.0
10,889620,15.0
10,889680,9.0
10,889740,36.0
10,889800,27.0
10,889860,33.0
10,889920,21.0
10,889980,18.0
10,890040,25.0
10,890100,24.0
10,890160,15.0
10,890220,15.0
10,890280,16.0
10,890340,24.0
10,890400,15.0
10,890460,19.0
10,890520,28.0
10,890580,15.0
10,890640,44.0
10,890700,24.0
10,890760,27.0
10,890820,29.0
10,890880,23.0
10,890940,27.0
10,891000,34.0
10,891060,17.0
10,891120,39.0
10,891180,66.0
10,891240,75.0
10,891300,80.0
10,891360,64.0
10,891420,66.0
10,891480,49.0
10,891540,59.0
10,891600,82.0
10,891660,86.0
10,891720,67.0
10,891780,74.0
10,891840,62.0
10,891900,77.0
10,891960,54.0
10,892020,65.0
10,892080,47.0
10,892140,45.0
10,892200,62.0
10,892260,60.0
10,892320,58.0
10,892380,37.0
10,892440,49.0
10,892500,33.0
10,892560,28.0
10,892620,32.0
10,892680,49.0
10,892740,50.0
10,892800,40.0
10,892860,52.0
10,892920,57.0
10,892980,57.0
10,893040,92.0
10,893100,91.0
10,893160,77.0
10,893220,57.0
10,893280,58.0
10,893340,61.0
10,893400,59.0
10,893460,69.0
10,893520,50.0
10,893580,52.0
10,893640,60.0
10,893700,49.0
10,893760,56.0
10,893820,51.0
10,893880,52.0
10,893940,56.0
10,894000,54.0
10,894060,44.0
10,894120,72.0
10,894180,56.0
10,894240,59.0
10,894300,69.0
10,894360,85.0
10,894420,79.0
10,894480,75.0
10,894540,61.0
10,894600,63.0
10,894660,68.0
10,894720,52.0
10,894780,94.0
10,894840,92.0
10,894900,96.0
10,894960,71.0
10,895020,108.0
10,895080,111.0
10,895140,122.0
10,895200,121.0
10,895260,106.0
10,895320,111.0
10,895380,107.0
10,895440,88.0
10,895500,72.0
10,895560,76.0
10,895620,42.0
10,895680,64.0
10,895740,79.0
10,895800,77.0
10,895860,71.0
10,895920,85.0
10,895980,113.0
10,896040,89.0
10,896100,65.0
10,896160,79.0
10,896220,65.0
10,896280,86.0
10,896340,81.0
10,896400,72.0
10,896460,75.0
10,896520,58.0
10,896580,87.0
10,896640,84.0
10,896700,70.0
10,896760,64.0
10,896820,88.0
10,896880,94.0
10,896940,124.0
10,897000,90.0
10,897060,96.0
10,897120,149.0
10,897180,180.0
10,897240,162.0
10,897300,150.0
10,897360,129.0
10,897420,135.0
10,897480,153.0
10,897540,139.0
10,897600,121.0
10,897660,126.0
10,897720,109.0
10,897780,140.0
10,897840,109.0
10,897900,112.0
10,897960,126.0
10,898020,106.0
10,898080,99.0
10,898140,126.0
10,898200,101.0
10,898260,104.0
10,898320,133.0
10,898380,122.0
10,898440,130.0
10,898500,101.0
10,898560,124.0
10,898620,114.0
10,898680,158.0
10,898740,139.0
10,898800,151.0
10,898860,109.0
10,898920,158.0
10,898980,97.0
10,899040,112.0
10,899100,100.0
10,899160,122.0
10,899220,136.0
10,899280,128.0
10,899340,128.0
10,899400,78.0
10,899460,133.0
10,899520,154.0
10,899580,103.0
10,899640,103.0
10,899700,116.0
10,899760,98.0
10,899820,143.0
10,899880,140.0
10,899940,152.0
10,900000,139.0
10,900060,130.0
10,900120,155.0
10,900180,120.0
10,900240,122.0
10,900300,121.0
10,900360,107.0
10,900420,145.0
10,900480,153.0
10,900540,133.0
10,900600,153.0
10,900660,106.0
10,900720,113.0
10,900780,172.0
10,900840,162.0
10,900900,187.0
10,900960,180.0
10,901020,180.0
10,901080,171.0
10,901140,118.0
10,901200,150.0
10,901260,147.0
10,901320,193.0
10,901380,196.0
10,901440,229.0
10,901500,136.0
10,901560,176.0
10,901620,165.0
10,901680,145.0
10,901740,116.0
10,901800,100.0
10,901860,148.0
10,901920,158.0
10,901980,135.0
10,902040,155.0
10,902100,145.0
10,902160,170.0
10,902220,159.0
10,902280,153.0
10,902340,168.0
10,902400,178.0
10,902460,150.0
10,902520,134.0
10,902580,127.0
10,902640,129.0
10,902700,156.0
10,902760,150.0
10,902820,160.0
10,902880,184.0
10,902940,181.0
10,903000,160.0
10,903060,132.0
10,903120,130.0
10,903180,118.0
10,903240,134.0
10,903300,142.0
10,903360,116.0
10,903420,112.0
10,903480,122.0
10,903540,141.0
10,903600,128.0
10,903660,138.0
10,903720,129.0
10,903780,180.0
10,903840,166.0
10,903900,114.0
10,903960,125.0
10,904020,122.0
10,904080,110.0
10,904140,147.0
10,904200,149.0
10,904260,136.0
10,904320,153.0
10,904380,154.0
10,904440,153.0
10,904500,224.0
10,904560,232.0
10,904620,185.0
10,904680,114.0
10,904740,158.0
10,904800,149.0
10,904860,118.0
10,904920,133.0
10,904980,139.0
10,905040,120.0
10,905100,117.0
10,905160,99.0
10,905220,127.0
10,905280,138.0
10,905340,121.0
10,905400,123.0
10,905460,135.0
10,905520,187.0
10,905580,146.0
10,905640,214.0
10,905700,173.0
10,905760,196.0
10,905820,230.0
10,905880,192.0
10,905940,180.0
10,906000,155.0
10,906060,130.0
10,906120,174.0
10,906180,172.0
10,906240,127.0
10,906300,144.0
10,906360,165.0
10,906420,119.0
10,906480,146.0
10,906540,151.0
10,906600,144.0
10,906660,134.0
10,906720,114.0
10,906960,147.0
10,907020,145.0
10,907080,134.0
10,907140,152.0
10,907200,167.0
10,907260,167.0
10,907320,188.0
10,907380,213.0
10,907440,236.0
10,907500,148.0
10,907560,190.0
10,907620,214.0
10,907680,208.0
10,907740,204.0
10,907800,192.0
10,907860,192.0
10,907920,172.0
10,907980,155.0
10,908040,148.0
10,908100,151.0
10,908160,116.0
10,908220,119.0
10,908280,121.0
10,908340,118.0
10,908400,119.0
10,908460,123.0
10,908520,122.0
10,908580,132.0
10,908640,133.0
10,908760,132.0
10,908820,118.0
10,908880,135.0
10,908940,166.0
10,909000,136.0
10,909060,132.0
10,909120,133.0
10,909180,135.0
10,909240,163.0
10,909300,162.0
10,909360,119.0
10,909420,114.0
10,909480,107.0
10,909540,149.0
10,909600,121.0
10,909660,126.0
10,909720,111.0
10,909780,142.0
10,909840,153.0
10,909900,131.0
10,909960,120.0
10,910020,145.0
10,910080,140.0
10,910140,117.0
10,910200,128.0
10,910260,116.0
10,910320,131.0
10,910380,111.0
10,910440,141.0
10,910500,102.0
10,910560,111.0
10,910620,142.0
10,910680,129.0
10,910740,99.0
10,910800,129.0
10,910860,122.0
10,910920,171.0
10,910980,148.0
10,911040,98.0
10,911100,133.0
10,911160,156.0
10,911220,161.0
10,911280,158.0
10,911340,202.0
10,911400,160.0
10,911460,192.0
10,911520,185.0
10,911580,169.0
10,911640,136.0
10,911700,198.0
10,911760,142.0
10,911820,112.0
10,911880,105.0
10,911940,119.0
10,912000,99.0
10,912060,100.0
10,912120,98.0
10,912180,131.0
10,912240,168.0
10,912300,183.0
10,912360,198.0
10,912420,161.0
10,912480,144.0
10,912540,129.0
10,912600,139.0
10,912660,186.0
10,912720,139.0
10,912780,118.0
10,912840,129.0
10,912900,125.0
10,912960,142.0
10,913020,139.0
10,913080,102.0
10,913140,138.0
10,913200,125.0
10,913260,155.0
10,913320,133.0
10,913380,153.0
10,913440,165.0
10,913500,128.0
10,913560,156.0
10,913620,172.0
10,913680,189.0
10,913740,226.0
10,913800,196.0
10,913860,177.0
10,913920,143.0
10,913980,186.0
10,914040,198.0
10,914100,136.0
10,914160,109.0
10,914220,144.0
10,914280,110.0
10,914340,88.0
10,914400,99.0
10,914460,96.0
10,914520,109.0
10,914580,108.0
10,914640,104.0
10,914700,111.0
10,914760,100.0
10,914820,81.0
10,914880,103.0
10,914940,139.0
10,915000,130.0
10,915060,101.0
10,915120,104.0
10,915180,117.0
10,915240,130.0
10,915300,152.0
10,915360,136.0
10,915420,126.0
10,915480,136.0
10,915540,143.0
10,915600,123.0
10,915660,126.0
10,915720,134.0
10,915780,156.0
10,915840,151.0
10,915900,107.0
10,915960,117.0
10,916020,161.0
10,916080,135.0
10,916140,104.0
10,916200,107.0
10,916260,105.0
10,916320,114.0
10,916380,101.0
10,916440,130.0
10,916500,119.0
10,916560,116.0
10,916620,129.0
10,916680,121.0
10,916740,104.0
10,916800,83.0
10,916860,106.0
10,916920,112.0
10,916980,125.0
10,917040,177.0
10,917100,152.0
10,917160,124.0
10,917220,121.0
10,917280,156.0
10,917340,101.0
10,917400,118.0
10,917460,109.0
10,917520,101.0
10,917580,113.0
10,917640,111.0
10,917700,141.0
10,917760,181.0
10,917820,146.0
10,917880,164.0
10,917940,148.0
10,918000,149.0
10,918060,159.0
10,918120,143.0
10,918180,124.0
10,918240,145.0
10,918300,146.0
10,918360,165.0
10,918420,172.0
10,918480,167.0
10,918540,136.0
10,918600,111.0
10,918660,101.0
10,918720,98.0
10,918780,104.0
10,918840,88.0
10,918900,113.0
10,918960,138.0
10,919020,139.0
10,919080,120.0
10,919140,127.0
10,919200,121.0
10,919260,100.0
10,919320,112.0
10,919380,126.0
10,919440,99.0
10,919500,120.0
10,919560,121.0
10,919620,116.0
10,919680,174.0
10,919740,154.0
10,919800,130.0
10,919860,178.0
10,919920,159.0
10,919980,139.0
10,920040,147.0
10,920100,166.0
10,920160,144.0
10,920220,153.0
10,920280,150.0
10,920340,186.0
10,920400,131.0
10,920460,158.0
10,920520,111.0
10,920580,161.0
10,920640,176.0
10,920700,161.0
10,920760,145.0
10,920820,161.0
10,920880,150.0
10,920940,162.0
10,921000,140.0
10,921060,146.0
10,921120,129.0
10,921180,151.0
10,921240,168.0
10,921300,138.0
10,921360,189.0
10,921420,188.0
10,921480,140.0
10,921540,225.0
10,921600,191.0
10,921660,141.0
10,921720,196.0
10,921780,184.0
10,921840,268.0
10,921900,240.0
10,921960,228.0
10,922020,191.0
10,922080,193.0
10,922140,202.0
10,922200,202.0
10,922260,155.0
10,922320,150.0
10,922380,198.0
10,922440,167.0
10,922500,177.0
10,922560,142.0
10,922620,180.0
10,922680,144.0
10,922740,191.0
10,922800,136.0
10,922860,197.0
10,922920,171.0
10,922980,153.0
10,923040,159.0
10,923100,139.0
10,923160,156.0
10,923220,170.0
10,923280,163.0
10,923340,153.0
10,923400,129.0
10,923460,156.0
10,923520,124.0
10,923580,117.0
10,923640,141.0
10,923700,152.0
10,923760,99.0
10,923820,122.0
10,923880,125.0
10,923940,144.0
10,924000,152.0
10,924060,129.0
10,924120,162.0
10,924180,210.0
10,924240,203.0
10,924300,156.0
10,924360,165.0
10,924420,163.0
10,924480,149.0
10,924540,182.0
10,924600,136.0
10,924660,207.0
10,924720,188.0
10,924780,142.0
10,924840,175.0
10,924900,187.0
10,924960,162.0
10,925020,139.0
10,925080,149.0
10,925140,160.0
10,925200,207.0
10,925260,184.0
10,925320,198.0
10,925380,173.0
10,925440,176.0
10,925500,191.0
10,925560,165.0
10,925620,191.0
10,925680,190.0
10,925740,167.0
10,925800,161.0
10,925860,155.0
10,925920,149.0
10,925980,117.0
10,926040,110.0
10,926100,130.0
10,926160,122.0
10,926220,122.0
10,926280,154.0
10,926340,151.0
10,926400,121.0
10,926460,113.0
10,926520,101.0
10,926580,126.0
10,926640,133.0
10,926700,136.0
10,926760,106.0
10,926820,125.0
10,926880,151.0
10,926940,121.0
10,927000,122.0
10,927060,127.0
10,927120,119.0
10,927180,145.0
10,927240,145.0
10,927300,171.0
10,927360,153.0
10,927420,142.0
10,927480,153.0
10,927540,139.0
10,927600,142.0
10,927660,161.0
10,927720,134.0
10,927780,114.0
10,927840,166.0
10,927900,158.0
10,927960,135.0
10,928020,120.0
10,928080,164.0
10,928140,185.0
10,928200,184.0
10,928260,186.0
10,928320,174.0
10,928380,135.0
10,928440,118.0
10,928500,147.0
10,928560,133.0
10,928620,176.0
10,928680,105.0
10,928740,151.0
10,928800,108.0
10,928860,118.0
10,928920,114.0
10,928980,151.0
10,929040,146.0
10,929100,190.0
10,929160,135.0
10,929220,158.0
10,929280,139.0
10,929340,164.0
10,929400,182.0
10,929460,212.0
10,929520,213.0
10,929580,195.0
10,929640,173.0
10,929700,189.0
10,929760,197.0
10,929820,172.0
10,929880,163.0
10,929940,207.0
10,930000,194.0
10,930060,209.0
10,930120,159.0
10,930180,177.0
10,930240,155.0
10,930300,158.0
10,930360,142.0
10,930420,99.0
10,930480,173.0
10,930600,140.0
10,930720,152.0
10,930780,176.0
10,930840,130.0
10,930900,134.0
10,930960,104.0
10,931020,123.0
10,931080,143.0
10,931140,110.0
10,931200,171.0
10,931260,177.0
10,931320,167.0
10,931440,148.0
10,931500,140.0
10,931560,146.0
10,931620,176.0
10,931680,190.0
10,931740,105.0
10,931800,158.0
10,931860,140.0
10,931920,164.0
10,931980,143.0
10,932040,128.0
10,932100,144.0
10,932160,145.0
10,932220,148.0
10,932280,129.0
10,932340,191.0
10,932400,140.0
10,932460,125.0
10,932520,118.0
10,932580,128.0
10,932640,154.0
10,932700,133.0
10,932760,141.0
10,932820,155.0
10,932880,165.0
10,932940,167.0
10,933000,98.0
10,933060,116.0
10,933120,140.0
10,933180,194.0
10,933240,133.0
10,933300,191.0
10,933360,142.0
10,933420,134.0
10,933480,182.0
10,933540,166.0
10,933600,178.0
10,933660,163.0
10,933720,171.0
10,933780,188.0
10,933840,202.0
10,933900,217.0
10,933960,196.0
10,934020,171.0
10,934080,144.0
10,934140,211.0
10,934200,130.0
10,934260,151.0
10,934320,154.0
10,934380,112.0
10,934440,136.0
10,934500,162.0
10,934560,183.0
10,934620,151.0
10,934680,153.0
10,934740,138.0
10,934800,144.0
10,934860,160.0
10,934920,126.0
10,934980,118.0
10,935040,159.0
10,935100,128.0
10,935160,158.0
10,935220,170.0
10,935280,160.0
10,935340,169.0
10,935400,153.0
10,935460,172.0
10,935520,175.0
10,935580,166.0
10,935640,150.0
10,935700,182.0
10,935760,224.0
10,935820,202.0
10,935880,187.0
10,935940,147.0
10,936000,144.0
10,936060,152.0
10,936120,154.0
10,936180,145.0
10,936240,148.0
10,936300,227.0
10,936360,185.0
10,936420,171.0
10,936480,252.0
10,936540,243.0
10,936600,248.0
10,936720,260.0
10,936780,245.0
10,936840,201.0
10,936900,235.0
10,936960,261.0
10,937020,268.0
10,937080,251.0
10,937140,240.0
10,937200,159.0
10,937260,184.0
10,937320,192.0
10,937380,134.0
10,937440,211.0
10,937500,175.0
10,937560,177.0
10,937620,144.0
10,937680,176.0
10,937740,235.0
10,937800,102.0
10,937860,141.0
10,937920,193.0
10,937980,172.0
10,938040,217.0
10,938100,154.0
10,938160,203.0
10,938220,191.0
10,938280,165.0
10,938340,158.0
10,938400,206.0
10,938460,171.0
10,938520,187.0
10,938580,213.0
10,938640,211.0
10,938700,208.0
10,938760,208.0
10,938820,209.0
10,938880,170.0
10,938940,168.0
10,939000,195.0
10,939060,175.0
10,939120,150.0
10,939180,204.0
10,939240,209.0
10,939300,181.0
10,939360,172.0
10,939420,170.0
10,939480,175.0
10,939540,183.0
10,939600,165.0
10,939660,173.0
10,939720,225.0
10,939780,183.0
10,939840,162.0
10,939900,172.0
10,939960,197.0
10,940020,191.0
10,940080,187.0
10,940140,185.0
10,940200,153.0
10,940260,168.0
10,940320,189.0
10,940380,193.0
10,940440,227.0
10,940500,227.0
10,940560,188.0
10,940620,171.0
10,940680,142.0
10,940740,210.0
10,940800,192.0
10,940860,185.0
10,940920,187.0
10,940980,215.0
10,941040,264.0
10,941100,294.0
10,941160,296.0
10,941220,233.0
10,941280,249.0
10,941340,237.0
10,941400,174.0
10,941460,177.0
10,941520,189.0
10,941580,203.0
10,941640,195.0
10,941700,176.0
10,941760,195.0
10,941820,168.0
10,941880,163.0
10,941940,168.0
10,942000,162.0
10,942060,182.0
10,942120,173.0
10,942180,191.0
10,942240,159.0
10,942300,163.0
10,942360,187.0
10,942420,175.0
10,942480,167.0
10,942540,200.0
10,942600,168.0
10,942660,206.0
10,942720,147.0
10,942780,200.0
10,942840,200.0
10,942900,236.0
10,942960,193.0
10,943020,171.0
10,943080,205.0
10,943140,167.0
10,943200,138.0
10,943260,177.0
10,943320,226.0
10,943380,275.0
10,943440,250.0
10,943500,247.0
10,943560,187.0
10,943620,183.0
10,943680,193.0
10,943740,177.0
10,943800,225.0
10,943860,195.0
10,943920,171.0
10,943980,171.0
10,944040,216.0
10,944100,208.0
10,944160,184.0
10,944220,178.0
10,944280,176.0
10,944340,190.0
10,944400,219.0
10,944460,215.0
10,944520,212.0
10,944580,187.0
10,944640,158.0
10,944700,174.0
10,944760,225.0
10,944820,182.0
10,944880,139.0
10,944940,166.0
10,945000,162.0
10,945060,138.0
10,945120,129.0
10,945180,194.0
10,945240,178.0
10,945300,166.0
10,945360,193.0
10,945420,240.0
10,945480,188.0
10,945540,170.0
10,945600,168.0
10,945660,188.0
10,945720,149.0
10,945780,145.0
10,945840,184.0
10,945900,151.0
10,945960,183.0
10,946020,131.0
10,946080,133.0
10,946140,120.0
10,946200,141.0
10,946260,166.0
10,946320,235.0
10,946380,174.0
10,946440,140.0
10,946500,114.0
10,946560,149.0
10,946620,174.0
10,946680,149.0
10,946740,163.0
10,946800,176.0
10,946860,171.0
10,946920,233.0
10,946980,185.0
10,947040,186.0
10,947100,168.0
10,947160,169.0
10,947220,135.0
10,947280,153.0
10,947340,176.0
10,947400,153.0
10,947460,209.0
10,947520,239.0
10,947580,172.0
10,947640,171.0
10,947700,119.0
10,947760,145.0
10,947820,133.0
10,947880,141.0
10,947940,143.0
10,948000,167.0
10,948060,138.0
10,948120,133.0
10,948180,128.0
10,948240,124.0
10,948300,165.0
10,948360,144.0
10,948420,163.0
10,948480,128.0
10,948540,178.0
10,948600,194.0
10,948660,169.0
10,948720,152.0
10,948780,183.0
10,948840,203.0
10,948900,182.0
10,948960,125.0
10,949020,111.0
10,949080,140.0
10,949140,151.0
10,949200,133.0
10,949260,152.0
10,949320,135.0
10,949380,141.0
10,949440,141.0
10,949500,122.0
10,949560,139.0
10,949620,138.0
10,949680,130.0
10,949740,148.0
10,949800,112.0
10,949860,87.0
10,949920,108.0
10,949980,110.0
10,950040,85.0
10,950100,102.0
10,950160,88.0
10,950220,117.0
10,950280,91.0
10,950340,116.0
11,950400,128.0
11,950460,121.0
11,950520,138.0
11,950580,110.0
11,950640,83.0
11,950700,106.0
11,950760,109.0
11,950820,87.0
11,950880,110.0
11,950940,103.0
11,951000,98.0
11,951060,89.0
11,951120,109.0
11,951180,153.0
11,951240,129.0
11,951300,111.0
11,951360,92.0
11,951420,82.0
11,951480,92.0
11,951540,91.0
11,951600,99.0
11,951660,119.0
11,951720,100.0
11,951780,113.0
11,951840,96.0
11,951900,91.0
11,951960,85.0
11,952020,108.0
11,952080,110.0
11,952140,110.0
11,952200,122.0
11,952260,104.0
11,952320,105.0
11,952380,67.0
11,952440,74.0
11,952500,77.0
11,952560,116.0
11,952620,90.0
11,952680,108.0
11,952740,99.0
11,952800,84.0
11,952860,100.0
11,952920,80.0
11,952980,77.0
11,953040,111.0
11,953100,125.0
11,953160,112.0
11,953220,82.0
11,953280,99.0
11,953340,97.0
11,953400,80.0
11,953460,71.0
11,953520,67.0
11,953580,68.0
11,953640,77.0
11,953700,89.0
11,953760,65.0
11,953820,64.0
11,953880,91.0
11,953940,74.0
11,954000,60.0
11,954060,52.0
11,954120,87.0
11,954180,118.0
11,954240,96.0
11,954300,94.0
11,954360,89.0
11,954420,65.0
11,954480,71.0
11,954540,74.0
11,954600,66.0
11,954660,68.0
11,954720,60.0
11,954780,62.0
11,954840,82.0
11,954900,89.0
11,954960,84.0
11,955020,63.0
11,955080,68.0
11,955140,76.0
11,955200,43.0
11,955260,82.0
11,955320,66.0
11,955380,59.0
11,955440,42.0
11,955500,55.0
11,955560,85.0
11,955620,55.0
11,955680,51.0
11,955740,52.0
11,955800,63.0
11,955860,42.0
11,955920,47.0
11,955980,60.0
11,956040,41.0
11,956100,78.0
11,956160,39.0
11,956220,64.0
11,956280,44.0
11,956340,36.0
11,956400,44.0
11,956460,68.0
11,956520,34.0
11,956580,42.0
11,956640,61.0
11,956700,56.0
11,956760,60.0
11,956820,64.0
11,956880,63.0
11,956940,39.0
11,957000,52.0
11,957060,35.0
11,957120,55.0
11,957180,52.0
11,957240,45.0
11,957300,30.0
11,957360,41.0
11,957420,33.0
11,957480,39.0
11,957540,39.0
11,957600,43.0
11,957660,45.0
11,957720,34.0
11,957780,42.0
11,957840,42.0
11,957900,39.0
11,957960,35.0
11,958020,62.0
11,958080,42.0
11,958140,40.0
11,958200,64.0
11,958260,69.0
11,958320,43.0
11,958380,33.0
11,958440,24.0
11,958500,36.0
11,958560,39.0
11,958620,57.0
11,958680,61.0
11,958740,51.0
11,958800,49.0
11,958860,39.0
11,958920,25.0
11,958980,39.0
11,959040,45.0
11,959100,32.0
11,959160,41.0
11,959220,27.0
11,959280,38.0
11,959340,27.0
11,959400,52.0
11,959460,34.0
11,959520,38.0
11,959580,24.0
11,959640,21.0
11,959700,33.0
11,959760,30.0
11,959820,18.0
11,959880,25.0
11,959940,16.0
11,960000,30.0
11,960060,36.0
11,960120,32.0
11,960180,35.0
11,960240,25.0
11,960300,27.0
11,960360,30.0
11,960420,25.0
11,960480,27.0
11,960540,23.0
11,960600,26.0
11,960660,20.0
11,960720,20.0
11,960780,21.0
11,960840,20.0
11,960900,18.0
11,960960,26.0
11,961020,24.0
11,961080,17.0
11,961140,24.0
11,961200,17.0
11,961260,18.0
11,961320,41.0
11,961380,27.0
11,961440,22.0
11,961500,16.0
11,961560,25.0
11,961620,25.0
11,961680,10.0
11,961740,6.0
11,961800,22.0
11,961860,14.0
11,961920,14.0
11,961980,21.0
11,962040,26.0
11,962100,25.0
11,962160,25.0
11,962220,16.0
11,962280,14.0
11,962340,17.0
11,962400,16.0
11,962460,22.0
11,962520,16.0
11,962580,12.0
11,962640,16.0
11,962700,7.0
11,962760,13.0
11,962820,19.0
11,962880,24.0
11,962940,35.0
11,963000,42.0
11,963060,51.0
11,963120,30.0
11,963180,26.0
11,963240,13.0
11,963300,19.0
11,963360,18.0
11,963420,8.0
11,963480,24.0
11,963540,19.0
11,963600,9.0
11,963660,4.0
11,963720,19.0
11,963780,21.0
11,963840,32.0
11,963900,17.0
11,963960,14.0
11,964020,36.0
11,964080,19.0
11,964140,21.0
11,964200,29.0
11,964260,16.0
11,964320,22.0
11,964380,34.0
11,964440,33.0
11,964500,37.0
11,964560,85.0
11,964620,33.0
11,964680,30.0
11,964740,35.0
11,964800,36.0
11,964860,33.0
11,964920,39.0
11,964980,42.0
11,965040,14.0
11,965100,17.0
11,965160,15.0
11,965220,26.0
11,965280,33.0
11,965340,50.0
11,965400,41.0
11,965460,52.0
11,965520,30.0
11,965580,46.0
11,965640,30.0
11,965700,33.0
11,965760,34.0
11,965820,39.0
11,965880,40.0
11,965940,37.0
11,966000,18.0
11,966060,43.0
11,966120,37.0
11,966180,34.0
11,966240,30.0
11,966300,26.0
11,966360,33.0
11,966420,18.0
11,966480,40.0
11,966540,12.0
11,966600,9.0
11,966660,5.0
11,966720,14.0
11,966780,13.0
11,966840,9.0
11,966900,12.0
11,966960,8.0
11,967020,5.0
11,967080,15.0
11,967140,12.0
11,967200,4.0
11,967260,15.0
11,967320,21.0
11,967380,12.0
11,967440,6.0
11,967500,13.0
11,967560,21.0
11,967620,14.0
11,967680,9.0
11,967740,16.0
11,967800,12.0
11,967860,15.0
11,967920,12.0
11,967980,13.0
11,968040,5.0
11,968100,4.0
11,968160,9.0
11,968220,4.0
11,968280,13.0
11,968340,9.0
11,968400,14.0
11,968460,10.0
11,968520,5.0
11,968580,7.0
11,968640,3.0
11,968700,5.0
11,968760,26.0
11,968820,5.0
11,968880,18.0
11,968940,8.0
11,969000,13.0
11,969060,14.0
11,969120,12.0
11,969180,5.0
11,969240,7.0
11,969300,14.0
11,969360,19.0
11,969420,9.0
11,969480,4.0
11,969540,10.0
11,969600,16.0
11,969660,12.0
11,969720,5.0
11,969780,6.0
11,969840,10.0
11,969900,4.0
11,969960,9.0
11,970020,6.0
11,970080,16.0
11,970140,5.0
11,970200,5.0
11,970260,12.0
11,970320,14.0
11,970380,12.0
11,970440,19.0
11,970500,14.0
11,970560,5.0
11,970620,8.0
11,970680,16.0
11,970740,20.0
11,970800,15.0
11,970860,16.0
11,970920,20.0
11,970980,18.0
11,971040,8.0
11,971100,8.0
11,971160,17.0
11,971220,14.0
11,971280,9.0
11,971340,7.0
11,971400,4.0
11,971460,12.0
11,971520,10.0
11,971580,6.0
11,971640,9.0
11,971700,16.0
11,971760,13.0
11,971820,6.0
11,971880,10.0
11,971940,6.0
11,972000,8.0
11,972060,6.0
11,972120,14.0
11,972180,6.0
11,972240,7.0
11,972300,12.0
11,972360,7.0
11,972420,9.0
11,972480,15.0
11,972540,20.0
11,972600,9.0
11,972660,14.0
11,972720,21.0
11,972780,13.0
11,972840,7.0
11,972900,21.0
11,972960,26.0
11,973020,19.0
11,973080,6.0
11,973140,29.0
11,973200,17.0
11,973260,28.0
11,973320,15.0
11,973380,8.0
11,973440,3.0
11,973500,4.0
11,973560,1.0
11,973620,3.0
11,973680,7.0
11,973740,10.0
11,973800,3.0
11,973860,10.0
11,973920,14.0
11,973980,15.0
11,974040,6.0
11,974100,7.0
11,974160,15.0
11,974220,9.0
11,974280,15.0
11,974340,12.0
11,974400,15.0
11,974460,23.0
11,974520,30.0
11,974580,15.0
11,974640,18.0
11,974700,23.0
11,974760,9.0
11,974820,9.0
11,974880,18.0
11,974940,10.0
11,975000,16.0
11,975060,10.0
11,975120,21.0
11,975180,39.0
11,975240,13.0
11,975300,15.0
11,975360,13.0
11,975420,10.0
11,975480,13.0
11,975540,9.0
11,975600,14.0
11,975660,18.0
11,975720,21.0
11,975780,13.0
11,975840,17.0
11,975900,15.0
11,975960,25.0
11,976020,9.0
11,976080,21.0
11,976140,23.0
11,976200,42.0
11,976260,17.0
11,976320,30.0
11,976380,36.0
11,976440,68.0
11,976500,66.0
11,976560,63.0
11,976620,65.0
11,976680,85.0
11,976740,57.0
11,976800,29.0
11,976860,32.0
11,976920,26.0
11,976980,50.0
11,977040,32.0
11,977100,32.0
11,977160,27.0
11,977220,40.0
11,977280,74.0
11,977340,71.0
11,977400,75.0
11,977460,63.0
11,977520,75.0
11,977580,58.0
11,977640,35.0
11,977700,21.0
11,977760,18.0
11,977820,28.0
11,977880,26.0
11,977940,23.0
11,978000,41.0
11,978060,76.0
11,978120,29.0
11,978180,26.0
11,978240,21.0
11,978300,35.0
11,978360,34.0
11,978420,42.0
11,978480,32.0
11,978540,38.0
11,978600,33.0
11,978660,24.0
11,978720,32.0
11,978780,51.0
11,978840,43.0
11,978900,32.0
11,978960,51.0
11,979020,56.0
11,979080,51.0
11,979140,49.0
11,979200,36.0
11,979260,25.0
11,979320,65.0
11,979380,62.0
11,979440,59.0
11,979500,59.0
11,979560,85.0
11,979620,105.0
11,979680,87.0
11,979740,114.0
11,979800,99.0
11,979860,119.0
11,979920,77.0
11,979980,62.0
11,980040,57.0
11,980100,49.0
11,980160,52.0
11,980220,49.0
11,980280,56.0
11,980340,99.0
11,980400,98.0
11,980460,90.0
11,980520,86.0
11,980580,55.0
11,980640,85.0
11,980700,103.0
11,980760,123.0
11,980820,119.0
11,980880,105.0
11,980940,69.0
11,981000,50.0
11,981060,54.0
11,981120,64.0
11,981180,65.0
11,981240,56.0
11,981300,91.0
11,981360,92.0
11,981420,69.0
11,981480,64.0
11,981540,51.0
11,981600,84.0
11,981660,56.0
11,981720,62.0
11,981780,70.0
11,981840,59.0
11,981900,79.0
11,981960,54.0
11,982020,50.0
11,982080,99.0
11,982140,105.0
11,982200,92.0
11,982260,89.0
11,982320,83.0
11,982380,57.0
11,982440,83.0
11,982500,83.0
11,982560,75.0
11,982620,85.0
11,982680,60.0
11,982740,58.0
11,982800,99.0
11,982860,139.0
11,982920,103.0
11,982980,116.0
11,983040,121.0
11,983100,121.0
11,983160,138.0
11,983220,142.0
11,983280,144.0
11,983340,189.0
11,983400,180.0
11,983460,150.0
11,983520,116.0
11,983580,100.0
11,983640,99.0
11,983700,105.0
11,983760,106.0
11,983820,126.0
11,983880,151.0
11,983940,156.0
11,984000,99.0
11,984060,91.0
11,984120,125.0
11,984180,104.0
11,984240,100.0
11,984300,140.0
11,984360,105.0
11,984420,103.0
11,984480,120.0
11,984540,93.0
11,984600,104.0
11,984660,125.0
11,984720,108.0
11,984780,98.0
11,984840,106.0
11,984900,109.0
11,984960,117.0
11,985020,112.0
11,985080,112.0
11,985140,72.0
11,985200,87.0
11,985260,77.0
11,985320,93.0
11,985380,97.0
11,985440,102.0
11,985500,103.0
11,985560,94.0
11,985620,116.0
11,985680,143.0
11,985740,133.0
11,985800,136.0
11,985860,99.0
11,985920,122.0
11,985980,135.0
11,986040,89.0
11,986100,154.0
11,986160,113.0
11,986220,108.0
11,986280,117.0
11,986340,107.0
11,986400,134.0
11,986460,144.0
11,986520,126.0
11,986580,152.0
11,986640,139.0
11,986700,149.0
11,986760,201.0
11,986820,145.0
11,986880,127.0
11,986940,125.0
11,987000,140.0
11,987060,159.0
11,987120,103.0
11,987180,133.0
11,987240,171.0
11,987300,148.0
11,987360,135.0
11,987420,152.0
11,987480,190.0
11,987540,168.0
11,987600,159.0
11,987660,128.0
11,987720,135.0
11,987780,167.0
11,987840,143.0
11,987900,144.0
11,987960,174.0
11,988020,154.0
11,988080,156.0
11,988140,111.0
11,988200,94.0
11,988260,162.0
11,988320,144.0
11,988380,119.0
11,988440,114.0
11,988500,133.0
11,988560,94.0
11,988620,153.0
11,988680,183.0
11,988740,125.0
11,988800,100.0
11,988860,121.0
11,988920,111.0
11,988980,129.0
11,989040,112.0
11,989100,154.0
11,989160,146.0
11,989220,153.0
11,989280,131.0
11,989340,145.0
11,989400,133.0
11,989460,132.0
11,989520,151.0
11,989580,108.0
11,989640,112.0
11,989700,125.0
11,989760,149.0
11,989820,101.0
11,989880,126.0
11,989940,126.0
11,990000,110.0
11,990060,128.0
11,990120,182.0
11,990180,193.0
11,990240,116.0
11,990300,186.0
11,990360,202.0
11,990420,149.0
11,990480,163.0
11,990540,143.0
11,990600,203.0
11,990660,208.0
11,990720,172.0
11,990780,196.0
11,990840,186.0
11,990900,177.0
11,990960,142.0
11,991020,161.0
11,991080,159.0
11,991140,155.0
11,991200,158.0
11,991260,94.0
11,991320,127.0
11,991380,151.0
11,991440,145.0
11,991500,198.0
11,991560,144.0
11,991620,132.0
11,991680,145.0
11,991740,154.0
11,991800,124.0
11,991860,168.0
11,991920,182.0
11,991980,173.0
11,992040,136.0
11,992100,133.0
11,992160,141.0
11,992220,107.0
11,992280,96.0
11,992340,141.0
11,992400,140.0
11,992460,110.0
11,992520,143.0
11,992580,197.0
11,992640,114.0
11,992700,131.0
11,992760,143.0
11,992820,177.0
11,992880,149.0
11,992940,159.0
11,993000,198.0
11,993060,112.0
11,993120,146.0
11,993180,144.0
11,993240,121.0
11,993300,128.0
11,993420,174.0
11,993480,165.0
11,993540,120.0
11,993600,114.0
11,993660,133.0
11,993720,114.0
11,993780,148.0
11,993840,143.0
11,993900,124.0
11,993960,116.0
11,994020,169.0
11,994080,134.0
11,994140,124.0
11,994200,146.0
11,994260,153.0
11,994320,127.0
11,994380,127.0
11,994440,90.0
11,994500,124.0
11,994560,145.0
11,994620,159.0
11,994680,167.0
11,994740,131.0
11,994800,145.0
11,994860,149.0
11,994920,135.0
11,994980,127.0
11,995040,123.0
11,995100,129.0
11,995160,158.0
11,995220,149.0
11,995280,110.0
11,995340,119.0
11,995400,104.0
11,995460,111.0
11,995520,165.0
11,995580,176.0
11,995640,216.0
11,995700,161.0
11,995820,162.0
11,996000,180.0
11,996060,197.0
11,996120,209.0
11,996180,217.0
11,996240,197.0
11,996300,190.0
11,996360,119.0
11,996420,114.0
11,996480,123.0
11,996540,138.0
11,996600,155.0
11,996660,130.0
11,996720,132.0
11,996780,135.0
11,996840,154.0
11,996900,136.0
11,996960,139.0
11,997020,125.0
11,997080,159.0
11,997140,114.0
11,997200,132.0
11,997260,155.0
11,997320,124.0
11,997380,114.0
11,997440,170.0
11,997500,142.0
11,997560,162.0
11,997620,146.0
11,997680,161.0
11,997740,167.0
11,997800,149.0
11,997860,174.0
11,997920,153.0
11,997980,135.0
11,998040,156.0
11,998100,129.0
11,998160,122.0
11,998220,210.0
11,998280,152.0
11,998340,128.0
11,998400,106.0
11,998460,116.0
11,998520,101.0
11,998580,127.0
11,998640,129.0
11,998700,116.0
11,998760,117.0
11,998820,153.0
11,998880,136.0
11,998940,160.0
11,999000,158.0
11,999060,149.0
11,999120,168.0
11,999180,123.0
11,999240,174.0
11,999300,128.0
11,999360,133.0
11,999420,103.0
11,999480,101.0
11,999540,136.0
11,999600,118.0
11,999660,111.0
11,999720,92.0
11,999780,131.0
11,999840,132.0
11,999900,92.0
11,999960,121.0
11,1000020,101.0
11,1000080,125.0
11,1000140,133.0
11,1000200,138.0
11,1000260,125.0
11,1000320,107.0
11,1000380,140.0
11,1000440,98.0
11,1000500,128.0
11,1000560,129.0
11,1000620,143.0
11,1000680,99.0
11,1000740,133.0
11,1000800,138.0
11,1000860,111.0
11,1000920,127.0
11,1000980,100.0
11,1001040,131.0
11,1001100,131.0
11,1001160,119.0
11,1001220,150.0
11,1001280,112.0
11,1001340,101.0
11,1001400,127.0
11,1001460,127.0
11,1001520,153.0
11,1001580,128.0
11,1001640,163.0
11,1001700,154.0
11,1001760,197.0
11,1001820,156.0
11,1001880,151.0
11,1001940,149.0
11,1002000,156.0
11,1002060,174.0
11,1002120,124.0
11,1002180,150.0
11,1002240,163.0
11,1002300,169.0
11,1002360,153.0
11,1002420,132.0
11,1002480,108.0
11,1002540,162.0
11,1002600,131.0
11,1002660,177.0
11,1002720,142.0
11,1002780,132.0
11,1002840,113.0
11,1002900,114.0
11,1002960,105.0
11,1003020,101.0
11,1003080,99.0
11,1003140,119.0
11,1003200,175.0
11,1003260,128.0
11,1003320,142.0
11,1003380,140.0
11,1003440,131.0
11,1003500,128.0
11,1003560,125.0
11,1003620,136.0
11,1003680,123.0
11,1003740,147.0
11,1003800,139.0
11,1003860,174.0
11,1003920,102.0
11,1003980,116.0
11,1004040,121.0
11,1004100,133.0
11,1004160,133.0
11,1004220,121.0
11,1004280,107.0
11,1004340,134.0
11,1004400,131.0
11,1004460,140.0
11,1004520,160.0
11,1004580,212.0
11,1004640,214.0
11,1004700,171.0
11,1004760,164.0
11,1004820,167.0
11,1004880,143.0
11,1004940,131.0
11,1005000,126.0
11,1005060,143.0
11,1005120,152.0
11,1005180,159.0
11,1005240,140.0
11,1005300,177.0
11,1005360,186.0
11,1005420,156.0
11,1005480,166.0
11,1005540,166.0
11,1005600,125.0
11,1005660,130.0
11,1005720,110.0
11,1005780,129.0
11,1005840,98.0
11,1005900,141.0
11,1005960,113.0
11,1006020,144.0
11,1006080,183.0
11,1006140,169.0
11,1006200,181.0
11,1006260,178.0
11,1006320,153.0
11,1006380,166.0
11,1006440,152.0
11,1006500,120.0
11,1006560,136.0
11,1006680,131.0
11,1006740,154.0
11,1006920,154.0
11,1006980,101.0
11,1007040,145.0
11,1007100,120.0
11,1007160,104.0
11,1007220,162.0
11,1007280,123.0
11,1007340,114.0
11,1007400,142.0
11,1007460,136.0
11,1007520,107.0
11,1007580,113.0
11,1007640,116.0
11,1007700,126.0
11,1007760,96.0
11,1007820,129.0
11,1007880,108.0
11,1007940,109.0
11,1008000,174.0
11,1008060,178.0
11,1008120,185.0
11,1008180,154.0
11,1008240,164.0
11,1008300,158.0
11,1008360,183.0
11,1008420,195.0
11,1008480,187.0
11,1008540,189.0
11,1008600,191.0
11,1008660,187.0
11,1008720,216.0
11,1008780,232.0
11,1008840,186.0
11,1008900,184.0
11,1008960,152.0
11,1009020,147.0
11,1009080,139.0
11,1009140,146.0
11,1009200,176.0
11,1009260,178.0
11,1009320,147.0
11,1009380,147.0
11,1009440,122.0
11,1009500,200.0
11,1009560,153.0
11,1009620,149.0
11,1009680,169.0
11,1009740,160.0
11,1009800,104.0
11,1009860,139.0
11,1009920,151.0
11,1009980,205.0
11,1010040,103.0
11,1010100,146.0
11,1010160,190.0
11,1010220,119.0
11,1010280,126.0
11,1010340,167.0
11,1010400,146.0
11,1010460,163.0
11,1010520,130.0
11,1010580,154.0
11,1010640,93.0
11,1010700,187.0
11,1010760,148.0
11,1010820,143.0
11,1010880,148.0
11,1010940,140.0
11,1011000,136.0
11,1011060,112.0
11,1011120,135.0
11,1011180,131.0
11,1011240,153.0
11,1011300,134.0
11,1011360,139.0
11,1011420,163.0
11,1011480,146.0
11,1011540,94.0
11,1011600,103.0
11,1011660,130.0
11,1011720,122.0
11,1011780,154.0
11,1011840,122.0
11,1011900,138.0
11,1011960,161.0
11,1012020,181.0
11,1012080,191.0
11,1012140,126.0
11,1012200,143.0
11,1012260,93.0
11,1012320,121.0
11,1012380,101.0
11,1012440,165.0
11,1012500,165.0
11,1012560,163.0
11,1012620,167.0
11,1012680,150.0
11,1012740,144.0
11,1012800,167.0
11,1012860,147.0
11,1012920,143.0
11,1012980,159.0
11,1013040,193.0
11,1013100,113.0
11,1013160,159.0
11,1013220,215.0
11,1013280,219.0
11,1013340,169.0
11,1013400,201.0
11,1013460,196.0
11,1013520,159.0
11,1013580,168.0
11,1013640,124.0
11,1013700,130.0
11,1013760,130.0
11,1013820,154.0
11,1013880,158.0
11,1013940,142.0
11,1014000,141.0
11,1014060,138.0
11,1014120,136.0
11,1014180,128.0
11,1014240,100.0
11,1014300,85.0
11,1014360,136.0
11,1014420,148.0
11,1014480,113.0
11,1014540,162.0
11,1014600,169.0
11,1014660,161.0
11,1014720,152.0
11,1014780,88.0
11,1014840,100.0
11,1014900,129.0
11,1014960,145.0
11,1015020,186.0
11,1015080,182.0
11,1015140,160.0
11,1015200,129.0
11,1015260,146.0
11,1015320,130.0
11,1015380,148.0
11,1015440,113.0
11,1015500,163.0
11,1015560,161.0
11,1015620,175.0
11,1015680,164.0
11,1015740,160.0
11,1015800,187.0
11,1015860,159.0
11,1015920,169.0
11,1015980,164.0
11,1016040,119.0
11,1016100,135.0
11,1016160,113.0
11,1016220,141.0
11,1016280,124.0
11,1016340,132.0
11,1016400,128.0
11,1016460,124.0
11,1016520,183.0
11,1016580,147.0
11,1016640,209.0
11,1016700,156.0
11,1016760,158.0
11,1016820,171.0
11,1016880,215.0
11,1016940,186.0
11,1017000,201.0
11,1017060,197.0
11,1017120,162.0
11,1017180,160.0
11,1017240,143.0
11,1017300,173.0
11,1017360,161.0
11,1017420,128.0
11,1017480,181.0
11,1017540,183.0
11,1017600,181.0
11,1017660,164.0
11,1017720,172.0
11,1017780,154.0
11,1017840,146.0
11,1017900,100.0
11,1017960,140.0
11,1018020,125.0
11,1018080,163.0
11,1018140,150.0
11,1018200,143.0
11,1018260,148.0
11,1018320,118.0
11,1018380,150.0
11,1018440,133.0
11,1018500,178.0
11,1018560,171.0
11,1018620,183.0
11,1018680,129.0
11,1018740,153.0
11,1018800,176.0
11,1018860,202.0
11,1018920,167.0
11,1018980,200.0
11,1019040,160.0
11,1019100,223.0
11,1019160,223.0
11,1019220,251.0
11,1019280,187.0
11,1019340,196.0
11,1019400,281.0
11,1019460,214.0
11,1019520,150.0
11,1019580,192.0
11,1019640,154.0
11,1019700,173.0
11,1019760,202.0
11,1019820,232.0
11,1019880,188.0
11,1019940,188.0
11,1020000,212.0
11,1020060,190.0
11,1020120,175.0
11,1020180,146.0
11,1020240,159.0
11,1020300,171.0
11,1020360,195.0
11,1020420,162.0
11,1020480,151.0
11,1020540,164.0
11,1020600,165.0
11,1020660,147.0
11,1020780,190.0
11,1020840,202.0
11,1020900,124.0
11,1020960,154.0
11,1021020,230.0
11,1021080,151.0
11,1021140,175.0
11,1021200,185.0
11,1021260,193.0
11,1021320,192.0
11,1021380,188.0
11,1021440,184.0
11,1021500,193.0
11,1021560,182.0
11,1021620,174.0
11,1021680,229.0
11,1021740,194.0
11,1021800,180.0
11,1021860,207.0
11,1021920,204.0
11,1021980,151.0
11,1022040,203.0
11,1022100,195.0
11,1022160,214.0
11,1022220,163.0
11,1022280,165.0
11,1022340,198.0
11,1022400,217.0
11,1022460,212.0
11,1022520,143.0
11,1022580,206.0
11,1022640,186.0
11,1022700,214.0
11,1022760,161.0
11,1022820,174.0
11,1022880,201.0
11,1022940,189.0
11,1023000,181.0
11,1023060,203.0
11,1023120,249.0
11,1023180,168.0
11,1023240,168.0
11,1023300,172.0
11,1023360,271.0
11,1023420,293.0
11,1023480,293.0
11,1023540,213.0
11,1023600,230.0
11,1023660,254.0
11,1023720,233.0
11,1023780,238.0
11,1023840,262.0
11,1023900,228.0
11,1023960,238.0
11,1024020,233.0
11,1024080,209.0
11,1024140,193.0
11,1024200,197.0
11,1024260,262.0
11,1024320,175.0
11,1024380,231.0
11,1024440,178.0
11,1024500,193.0
11,1024560,198.0
11,1024620,181.0
11,1024680,193.0
11,1024740,158.0
11,1024800,213.0
11,1024860,182.0
11,1024920,242.0
11,1024980,190.0
11,1025040,149.0
11,1025100,180.0
11,1025160,173.0
11,1025220,236.0
11,1025280,230.0
11,1025340,205.0
11,1025400,215.0
11,1025460,212.0
11,1025520,155.0
11,1025580,211.0
11,1025640,204.0
11,1025700,211.0
11,1025760,174.0
11,1025820,146.0
11,1025880,166.0
11,1025940,177.0
11,1026000,194.0
11,1026060,187.0
11,1026120,192.0
11,1026180,220.0
11,1026240,201.0
11,1026300,236.0
11,1026360,279.0
11,1026420,196.0
11,1026480,252.0
11,1026540,254.0
11,1026600,246.0
11,1026660,239.0
11,1026720,242.0
11,1026780,243.0
11,1026840,216.0
11,1026900,247.0
11,1026960,253.0
11,1027020,223.0
11,1027080,226.0
11,1027140,195.0
11,1027200,176.0
11,1027260,145.0
11,1027320,208.0
11,1027380,156.0
11,1027440,165.0
11,1027500,185.0
11,1027560,218.0
11,1027620,176.0
11,1027680,215.0
11,1027740,180.0
11,1027800,161.0
11,1027860,184.0
11,1027920,196.0
11,1027980,218.0
11,1028040,247.0
11,1028100,177.0
11,1028160,159.0
11,1028220,178.0
11,1028280,150.0
11,1028340,119.0
11,1028400,158.0
11,1028460,196.0
11,1028520,281.0
11,1028580,181.0
11,1028640,213.0
11,1028700,196.0
11,1028760,210.0
11,1028820,176.0
11,1028880,180.0
11,1028940,200.0
11,1029000,204.0
11,1029060,229.0
11,1029120,233.0
11,1029180,215.0
11,1029240,257.0
11,1029300,190.0
11,1029360,195.0
11,1029420,165.0
11,1029480,201.0
11,1029540,180.0
11,1029600,152.0
11,1029660,165.0
11,1029720,201.0
11,1029780,208.0
11,1029840,275.0
11,1029900,229.0
11,1029960,143.0
11,1030020,204.0
11,1030080,212.0
11,1030140,202.0
11,1030200,209.0
11,1030260,216.0
11,1030440,216.0
11,1030500,227.0
11,1030560,227.0
11,1030620,230.0
11,1030680,198.0
11,1030740,177.0
11,1030800,190.0
11,1030860,207.0
11,1030920,206.0
11,1030980,224.0
11,1031040,136.0
11,1031100,183.0
11,1031160,142.0
11,1031220,161.0
11,1031280,162.0
11,1031340,167.0
11,1031400,183.0
11,1031460,158.0
11,1031520,153.0
11,1031580,165.0
11,1031640,211.0
11,1031700,163.0
11,1031760,146.0
11,1031820,192.0
11,1031880,204.0
11,1031940,193.0
11,1032000,207.0
11,1032060,186.0
11,1032120,197.0
11,1032180,183.0
11,1032240,205.0
11,1032300,185.0
11,1032360,155.0
11,1032420,165.0
11,1032480,156.0
11,1032540,205.0
11,1032600,243.0
11,1032660,220.0
11,1032720,189.0
11,1032780,169.0
11,1032840,168.0
11,1032900,181.0
11,1032960,161.0
11,1033020,169.0
11,1033080,189.0
11,1033140,203.0
11,1033200,222.0
11,1033260,164.0
11,1033320,148.0
11,1033380,135.0
11,1033440,130.0
11,1033500,133.0
11,1033560,169.0
11,1033620,162.0
11,1033680,150.0
11,1033740,156.0
11,1033800,164.0
11,1033860,159.0
11,1033920,161.0
11,1033980,130.0
11,1034040,152.0
11,1034100,148.0
11,1034160,135.0
11,1034220,165.0
11,1034280,126.0
11,1034340,138.0
11,1034400,139.0
11,1034460,117.0
11,1034520,138.0
11,1034580,159.0
11,1034640,145.0
11,1034700,134.0
11,1034760,136.0
11,1034820,109.0
11,1034880,144.0
11,1034940,167.0
11,1035000,156.0
11,1035060,109.0
11,1035120,185.0
11,1035180,182.0
11,1035240,144.0
11,1035300,138.0
11,1035360,156.0
11,1035420,134.0
11,1035480,107.0
11,1035540,146.0
11,1035600,124.0
11,1035660,132.0
11,1035720,129.0
11,1035780,129.0
11,1035840,129.0
11,1035900,161.0
11,1035960,231.0
11,1036020,161.0
11,1036080,110.0
11,1036140,141.0
11,1036200,147.0
11,1036260,171.0
11,1036320,149.0
11,1036380,190.0
11,1036440,127.0
11,1036500,114.0
11,1036560,111.0
11,1036620,132.0
11,1036680,107.0
11,1036740,141.0
12,1036800,117.0
12,1036860,136.0
12,1036920,125.0
12,1036980,119.0
12,1037040,122.0
12,1037100,118.0
12,1037160,111.0
12,1037220,139.0
12,1037280,178.0
12,1037340,119.0
12,1037400,114.0
12,1037460,150.0
12,1037520,133.0
12,1037580,100.0
12,1037640,92.0
12,1037700,118.0
12,1037760,127.0
12,1037820,87.0
12,1037880,93.0
12,1037940,147.0
12,1038000,122.0
12,1038060,99.0
12,1038120,118.0
12,1038180,111.0
12,1038240,105.0
12,1038300,71.0
12,1038360,85.0
12,1038420,87.0
12,1038480,155.0
12,1038540,105.0
12,1038600,114.0
12,1038660,84.0
12,1038720,71.0
12,1038780,89.0
12,1038840,100.0
12,1038900,79.0
12,1038960,96.0
12,1039020,98.0
12,1039080,99.0
12,1039140,104.0
12,1039200,98.0
12,1039260,85.0
12,1039320,60.0
12,1039380,102.0
12,1039440,70.0
12,1039500,91.0
12,1039560,85.0
12,1039620,93.0
12,1039680,83.0
12,1039740,75.0
12,1039800,74.0
12,1039860,77.0
12,1039920,46.0
12,1039980,66.0
12,1040040,70.0
12,1040100,65.0
12,1040160,61.0
12,1040220,75.0
12,1040280,69.0
12,1040340,67.0
12,1040400,60.0
12,1040460,105.0
12,1040520,71.0
12,1040580,68.0
12,1040640,71.0
12,1040700,125.0
12,1040760,66.0
12,1040820,87.0
12,1040880,90.0
12,1040940,75.0
12,1041000,74.0
12,1041060,94.0
12,1041120,66.0
12,1041180,77.0
12,1041240,75.0
12,1041300,82.0
12,1041360,129.0
12,1041420,79.0
12,1041480,93.0
12,1041540,90.0
12,1041600,81.0
12,1041660,42.0
12,1041720,56.0
12,1041780,74.0
12,1041840,75.0
12,1041900,70.0
12,1041960,83.0
12,1042020,108.0
12,1042080,67.0
12,1042140,76.0
12,1042200,103.0
12,1042260,93.0
12,1042320,88.0
12,1042380,68.0
12,1042440,89.0
12,1042500,62.0
12,1042560,44.0
12,1042620,74.0
12,1042680,64.0
12,1042740,65.0
12,1042800,54.0
12,1042860,48.0
12,1042920,56.0
12,1042980,42.0
12,1043040,49.0
12,1043100,42.0
12,1043160,45.0
12,1043220,58.0
12,1043280,40.0
12,1043340,40.0
12,1043400,47.0
12,1043460,45.0
12,1043520,54.0
12,1043580,35.0
12,1043640,24.0
12,1043700,50.0
12,1043760,36.0
12,1043820,45.0
12,1043880,35.0
12,1043940,33.0
12,1044000,41.0
12,1044060,38.0
12,1044120,36.0
12,1044180,45.0
12,1044240,38.0
12,1044300,43.0
12,1044360,45.0
12,1044420,40.0
12,1044480,49.0
12,1044540,60.0
12,1044600,39.0
12,1044660,38.0
12,1044720,21.0
12,1044780,29.0
12,1044840,21.0
12,1044900,40.0
12,1044960,44.0
12,1045020,43.0
12,1045080,30.0
12,1045140,20.0
12,1045200,30.0
12,1045260,32.0
12,1045320,34.0
12,1045380,42.0
12,1045440,24.0
12,1045500,21.0
12,1045560,41.0
12,1045620,45.0
12,1045680,39.0
12,1045740,27.0
12,1045800,39.0
12,1045860,29.0
12,1045920,37.0
12,1045980,32.0
12,1046040,32.0
12,1046100,36.0
12,1046160,28.0
12,1046220,30.0
12,1046280,30.0
12,1046340,69.0
12,1046400,23.0
12,1046460,30.0
12,1046520,32.0
12,1046580,17.0
12,1046640,18.0
12,1046700,16.0
12,1046760,25.0
12,1046820,38.0
12,1046880,26.0
12,1046940,24.0
12,1047000,29.0
12,1047060,63.0
12,1047120,32.0
12,1047180,23.0
12,1047240,17.0
12,1047300,25.0
12,1047360,37.0
12,1047420,37.0
12,1047480,26.0
12,1047540,16.0
12,1047600,24.0
12,1047660,35.0
12,1047720,21.0
12,1047780,32.0
12,1047840,15.0
12,1047900,21.0
12,1047960,38.0
12,1048020,22.0
12,1048080,16.0
12,1048140,22.0
12,1048200,21.0
12,1048260,23.0
12,1048320,30.0
12,1048380,28.0
12,1048440,25.0
12,1048500,20.0
12,1048560,23.0
12,1048620,20.0
12,1048680,19.0
12,1048740,16.0
12,1048800,13.0
12,1048860,10.0
12,1048920,15.0
12,1048980,22.0
12,1049040,32.0
12,1049100,20.0
12,1049160,10.0
12,1049220,7.0
12,1049280,14.0
12,1049340,21.0
12,1049400,32.0
12,1049460,14.0
12,1049520,21.0
12,1049580,34.0
12,1049640,22.0
12,1049700,14.0
12,1049760,24.0
12,1049820,22.0
12,1049880,28.0
12,1049940,8.0
12,1050000,15.0
12,1050060,17.0
12,1050120,25.0
12,1050180,18.0
12,1050240,24.0
12,1050300,4.0
12,1050360,17.0
12,1050420,20.0
12,1050480,13.0
12,1050540,15.0
12,1050600,17.0
12,1050660,13.0
12,1050720,10.0
12,1050780,18.0
12,1050840,12.0
12,1050900,12.0
12,1050960,13.0
12,1051020,6.0
12,1051080,16.0
12,1051140,27.0
12,1051200,15.0
12,1051260,14.0
12,1051320,16.0
12,1051380,17.0
12,1051440,24.0
12,1051500,14.0
12,1051560,15.0
12,1051620,8.0
12,1051680,7.0
12,1051740,9.0
12,1051800,8.0
12,1051860,14.0
12,1051920,8.0
12,1051980,9.0
12,1052040,8.0
12,1052100,7.0
12,1052160,10.0
12,1052220,9.0
12,1052280,8.0
12,1052340,9.0
12,1052400,13.0
12,1052460,2.0
12,1052520,15.0
12,1052580,6.0
12,1052640,7.0
12,1052700,21.0
12,1052760,28.0
12,1052820,20.0
12,1052880,20.0
12,1052940,10.0
12,1053000,9.0
12,1053060,12.0
12,1053120,36.0
12,1053180,19.0
12,1053240,5.0
12,1053300,13.0
12,1053360,16.0
12,1053420,9.0
12,1053480,7.0
12,1053540,9.0
12,1053600,4.0
12,1053660,5.0
12,1053720,5.0
12,1053780,8.0
12,1053840,3.0
12,1053900,7.0
12,1053960,6.0
12,1054020,4.0
12,1054080,6.0
12,1054140,16.0
12,1054200,9.0
12,1054260,14.0
12,1054320,3.0
12,1054380,5.0
12,1054440,13.0
12,1054500,8.0
12,1054560,16.0
12,1054620,8.0
12,1054680,13.0
12,1054740,8.0
12,1054800,10.0
12,1054860,5.0
12,1054920,8.0
12,1054980,14.0
12,1055040,8.0
12,1055100,14.0
12,1055160,8.0
12,1055220,12.0
12,1055280,13.0
12,1055340,17.0
12,1055400,8.0
12,1055460,7.0
12,1055520,15.0
12,1055580,12.0
12,1055640,6.0
12,1055700,17.0
12,1055760,58.0
12,1055820,21.0
12,1055880,1.0
12,1055940,12.0
12,1056000,56.0
12,1056060,57.0
12,1056120,30.0
12,1056180,25.0
12,1056240,41.0
12,1056300,38.0
12,1056360,36.0
12,1056420,23.0
12,1056480,47.0
12,1056540,40.0
12,1056600,42.0
12,1056660,40.0
12,1056720,46.0
12,1056780,33.0
12,1056840,37.0
12,1056900,37.0
12,1056960,9.0
12,1057020,13.0
12,1057080,32.0
12,1057140,14.0
12,1057200,16.0
12,1057260,32.0
12,1057320,21.0
12,1057380,10.0
12,1057440,10.0
12,1057500,4.0
12,1057560,5.0
12,1057620,3.0
12,1057680,5.0
12,1057740,7.0
12,1057800,13.0
12,1057860,17.0
12,1057920,22.0
12,1057980,19.0
12,1058040,16.0
12,1058100,16.0
12,1058160,18.0
12,1058220,9.0
12,1058280,9.0
12,1058340,7.0
12,1058400,12.0
12,1058460,7.0
12,1058520,13.0
12,1058580,9.0
12,1058640,12.0
12,1058700,14.0
12,1058760,12.0
12,1058820,8.0
12,1058880,12.0
12,1058940,48.0
12,1059000,51.0
12,1059060,51.0
12,1059120,55.0
12,1059180,58.0
12,1059240,40.0
12,1059300,44.0
12,1059360,44.0
12,1059420,46.0
12,1059480,50.0
12,1059540,40.0
12,1059600,41.0
12,1059660,47.0
12,1059720,49.0
12,1059780,18.0
12,1059840,18.0
12,1059900,8.0
12,1059960,6.0
12,1060020,9.0
12,1060080,12.0
12,1060140,13.0
12,1060200,14.0
12,1060260,25.0
12,1060320,12.0
12,1060380,9.0
12,1060440,18.0
12,1060500,18.0
12,1060560,19.0
12,1060620,12.0
12,1060680,14.0
12,1060740,17.0
12,1060800,13.0
12,1060860,13.0
12,1060920,4.0
12,1060980,21.0
12,1061040,14.0
12,1061100,8.0
12,1061160,18.0
12,1061220,19.0
12,1061280,30.0
12,1061340,19.0
12,1061400,16.0
12,1061460,18.0
12,1061520,20.0
12,1061580,14.0
12,1061640,21.0
12,1061700,13.0
12,1061760,8.0
12,1061820,21.0
12,1061880,19.0
12,1061940,18.0
12,1062000,10.0
12,1062060,20.0
12,1062120,21.0
12,1062180,74.0
12,1062240,66.0
12,1062300,64.0
12,1062360,54.0
12,1062420,51.0
12,1062480,62.0
12,1062540,59.0
12,1062600,69.0
12,1062660,81.0
12,1062720,66.0
12,1062780,68.0
12,1062840,50.0
12,1062900,75.0
12,1062960,55.0
12,1063020,18.0
12,1063080,41.0
12,1063140,29.0
12,1063200,30.0
12,1063260,23.0
12,1063320,18.0
12,1063380,33.0
12,1063440,43.0
12,1063500,30.0
12,1063560,42.0
12,1063620,35.0
12,1063680,27.0
12,1063740,32.0
12,1063800,15.0
12,1063860,25.0
12,1063920,34.0
12,1063980,46.0
12,1064040,68.0
12,1064100,55.0
12,1064160,35.0
12,1064220,35.0
12,1064280,36.0
12,1064340,41.0
12,1064400,18.0
12,1064460,21.0
12,1064520,34.0
12,1064580,30.0
12,1064640,42.0
12,1064700,43.0
12,1064760,34.0
12,1064820,39.0
12,1064880,43.0
12,1064940,46.0
12,1065000,64.0
12,1065060,48.0
12,1065120,34.0
12,1065180,37.0
12,1065240,45.0
12,1065300,30.0
12,1065360,50.0
12,1065420,54.0
12,1065480,33.0
12,1065540,61.0
12,1065600,82.0
12,1065660,85.0
12,1065720,33.0
12,1065780,71.0
12,1065840,36.0
12,1065900,43.0
12,1065960,51.0
12,1066020,48.0
12,1066080,81.0
12,1066140,41.0
12,1066200,70.0
12,1066260,74.0
12,1066320,84.0
12,1066380,64.0
12,1066440,84.0
12,1066500,59.0
12,1066560,72.0
12,1066620,50.0
12,1066680,64.0
12,1066740,72.0
12,1066800,72.0
12,1066860,41.0
12,1066920,61.0
12,1066980,51.0
12,1067040,49.0
12,1067100,47.0
12,1067160,60.0
12,1067220,89.0
12,1067280,127.0
12,1067340,114.0
12,1067400,132.0
12,1067460,107.0
12,1067520,101.0
12,1067580,117.0
12,1067640,112.0
12,1067700,102.0
12,1067760,130.0
12,1067820,111.0
12,1067880,110.0
12,1067940,77.0
12,1068000,83.0
12,1068060,91.0
12,1068120,82.0
12,1068180,82.0
12,1068240,79.0
12,1068300,105.0
12,1068360,82.0
12,1068420,68.0
12,1068480,67.0
12,1068540,102.0
12,1068600,99.0
12,1068660,84.0
12,1068720,99.0
12,1068780,78.0
12,1068840,85.0
12,1068900,114.0
12,1068960,84.0
12,1069020,101.0
12,1069080,120.0
12,1069140,81.0
12,1069200,102.0
12,1069260,185.0
12,1069320,150.0
12,1069380,131.0
12,1069440,150.0
12,1069500,162.0
12,1069560,142.0
12,1069620,138.0
12,1069680,129.0
12,1069740,141.0
12,1069800,154.0
12,1069860,134.0
12,1069920,117.0
12,1069980,107.0
12,1070040,130.0
12,1070100,133.0
12,1070160,126.0
12,1070220,92.0
12,1070280,87.0
12,1070340,98.0
12,1070400,98.0
12,1070460,99.0
12,1070520,91.0
12,1070580,91.0
12,1070640,81.0
12,1070700,91.0
12,1070760,108.0
12,1070820,123.0
12,1070880,113.0
12,1070940,129.0
12,1071000,151.0
12,1071060,126.0
12,1071120,122.0
12,1071180,113.0
12,1071240,103.0
12,1071300,124.0
12,1071360,116.0
12,1071420,147.0
12,1071480,134.0
12,1071540,127.0
12,1071600,124.0
12,1071660,108.0
12,1071720,125.0
12,1071780,144.0
12,1071840,167.0
12,1071900,130.0
12,1071960,143.0
12,1072020,120.0
12,1072080,138.0
12,1072140,116.0
12,1072200,114.0
12,1072260,128.0
12,1072320,116.0
12,1072380,108.0
12,1072440,139.0
12,1072500,105.0
12,1072560,154.0
12,1072620,167.0
12,1072680,163.0
12,1072740,162.0
12,1072800,167.0
12,1072860,98.0
12,1072920,172.0
12,1072980,201.0
12,1073040,173.0
12,1073100,206.0
12,1073160,220.0
12,1073220,196.0
12,1073280,206.0
12,1073340,202.0
12,1073400,230.0
12,1073460,192.0
12,1073520,181.0
12,1073580,196.0
12,1073640,138.0
12,1073700,147.0
12,1073760,184.0
12,1073820,193.0
12,1073880,181.0
12,1073940,170.0
12,1074000,186.0
12,1074060,203.0
12,1074120,170.0
12,1074180,156.0
12,1074240,173.0
12,1074300,172.0
12,1074360,242.0
12,1074420,280.0
12,1074480,255.0
12,1074540,246.0
12,1074600,242.0
12,1074660,223.0
12,1074720,256.0
12,1074780,215.0
12,1074840,225.0
12,1074900,249.0
12,1074960,266.0
12,1075020,239.0
12,1075080,226.0
12,1075140,186.0
12,1075200,204.0
12,1075260,168.0
12,1075320,170.0
12,1075380,195.0
12,1075440,139.0
12,1075500,136.0
12,1075560,167.0
12,1075620,153.0
12,1075680,148.0
12,1075740,142.0
12,1075800,155.0
12,1075860,155.0
12,1075920,169.0
12,1075980,170.0
12,1076040,214.0
12,1076100,228.0
12,1076160,191.0
12,1076220,169.0
12,1076280,204.0
12,1076340,139.0
12,1076400,152.0
12,1076460,153.0
12,1076520,171.0
12,1076580,186.0
12,1076640,180.0
12,1076700,182.0
12,1076760,198.0
12,1076820,175.0
12,1076880,235.0
12,1076940,174.0
12,1077000,184.0
12,1077060,193.0
12,1077120,203.0
12,1077180,206.0
12,1077240,250.0
12,1077300,214.0
12,1077360,192.0
12,1077420,209.0
12,1077480,265.0
12,1077540,229.0
12,1077600,219.0
12,1077660,150.0
12,1077720,138.0
12,1077780,119.0
12,1077840,171.0
12,1077900,146.0
12,1077960,153.0
12,1078020,168.0
12,1078080,184.0
12,1078140,173.0
12,1078200,175.0
12,1078260,206.0
12,1078320,176.0
12,1078380,161.0
12,1078440,158.0
12,1078500,236.0
12,1078560,184.0
12,1078620,141.0
12,1078680,132.0
12,1078740,160.0
12,1078800,148.0
12,1078860,163.0
12,1078920,174.0
12,1078980,162.0
12,1079040,162.0
12,1079100,195.0
12,1079160,159.0
12,1079220,196.0
12,1079280,168.0
12,1079340,174.0
12,1079400,172.0
12,1079460,166.0
12,1079520,176.0
12,1079580,164.0
12,1079640,175.0
12,1079700,158.0
12,1079760,177.0
12,1079820,147.0
12,1079880,141.0
12,1079940,204.0
12,1080000,208.0
12,1080060,197.0
12,1080120,224.0
12,1080180,205.0
12,1080240,224.0
12,1080300,167.0
12,1080360,205.0
12,1080420,187.0
12,1080480,237.0
12,1080540,173.0
12,1080600,231.0
12,1080660,135.0
12,1080720,160.0
12,1080780,190.0
12,1080900,130.0
12,1080960,149.0
12,1081020,174.0
12,1081080,159.0
12,1081140,160.0
12,1081260,120.0
12,1081320,117.0
12,1081380,127.0
12,1081440,165.0
12,1081500,165.0
12,1081560,132.0
12,1081620,178.0
12,1081680,182.0
12,1081740,163.0
12,1081800,122.0
12,1081860,104.0
12,1081920,164.0
12,1081980,145.0
12,1082040,119.0
12,1082100,128.0
12,1082160,149.0
12,1082220,158.0
12,1082280,114.0
12,1082340,134.0
12,1082400,176.0
12,1082460,142.0
12,1082520,144.0
12,1082580,164.0
12,1082640,158.0
12,1082700,116.0
12,1082760,149.0
12,1082820,127.0
12,1082880,152.0
12,1082940,171.0
12,1083000,177.0
12,1083060,164.0
12,1083120,135.0
12,1083180,114.0
12,1083240,177.0
12,1083300,146.0
12,1083360,139.0
12,1083420,130.0
12,1083480,136.0
12,1083540,126.0
12,1083600,131.0
12,1083660,149.0
12,1083720,191.0
12,1083780,174.0
12,1083840,217.0
12,1083900,181.0
12,1083960,188.0
12,1084020,177.0
12,1084080,224.0
12,1084140,206.0
12,1084200,249.0
12,1084260,203.0
12,1084320,198.0
12,1084380,167.0
12,1084440,152.0
12,1084500,129.0
12,1084560,144.0
12,1084620,133.0
12,1084680,111.0
12,1084740,143.0
12,1084800,182.0
12,1084860,143.0
12,1084920,127.0
12,1084980,113.0
12,1085040,149.0
12,1085100,148.0
12,1085160,167.0
12,1085220,133.0
12,1085280,150.0
12,1085340,152.0
12,1085400,151.0
12,1085460,156.0
12,1085520,161.0
12,1085580,188.0
12,1085640,159.0
12,1085700,170.0
12,1085760,162.0
12,1085820,176.0
12,1085880,169.0
12,1085940,213.0
12,1086000,148.0
12,1086060,231.0
12,1086120,191.0
12,1086180,178.0
12,1086240,188.0
12,1086300,140.0
12,1086360,139.0
12,1086420,196.0
12,1086480,126.0
12,1086540,150.0
12,1086600,138.0
12,1086660,114.0
12,1086720,131.0
12,1086780,182.0
12,1086840,155.0
12,1086900,160.0
12,1086960,173.0
12,1087020,167.0
12,1087080,141.0
12,1087140,135.0
12,1087200,180.0
12,1087260,176.0
12,1087320,191.0
12,1087380,165.0
12,1087440,162.0
12,1087500,196.0
12,1087560,222.0
12,1087620,168.0
12,1087680,178.0
12,1087740,205.0
12,1087800,186.0
12,1087860,208.0
12,1087920,215.0
12,1087980,192.0
12,1088040,184.0
12,1088100,141.0
12,1088160,145.0
12,1088220,171.0
12,1088280,177.0
12,1088340,131.0
12,1088400,162.0
12,1088460,191.0
12,1088520,129.0
12,1088580,132.0
12,1088640,127.0
12,1088700,128.0
12,1088760,117.0
12,1088820,110.0
12,1088880,131.0
12,1088940,124.0
12,1089000,151.0
12,1089060,130.0
12,1089120,120.0
12,1089180,142.0
12,1089240,88.0
12,1089300,180.0
12,1089360,153.0
12,1089420,131.0
12,1089480,149.0
12,1089540,111.0
12,1089600,100.0
12,1089660,106.0
12,1089720,120.0
12,1089780,102.0
12,1089840,136.0
12,1089900,120.0
12,1089960,99.0
12,1090020,92.0
12,1090080,107.0
12,1090140,156.0
12,1090200,150.0
12,1090260,167.0
12,1090320,104.0
12,1090380,208.0
12,1090440,151.0
12,1090500,142.0
12,1090560,160.0
12,1090620,127.0
12,1090680,166.0
12,1090860,123.0
12,1090980,128.0
12,1091040,164.0
12,1091100,152.0
12,1091160,204.0
12,1091220,192.0
12,1091280,190.0
12,1091340,207.0
12,1091400,193.0
12,1091460,220.0
12,1091520,186.0
12,1091580,201.0
12,1091640,188.0
12,1091700,210.0
12,1091760,168.0
12,1091820,162.0
12,1091880,196.0
12,1091940,114.0
12,1092000,102.0
12,1092060,117.0
12,1092120,150.0
12,1092180,140.0
12,1092240,154.0
12,1092300,145.0
12,1092360,155.0
12,1092420,176.0
12,1092480,172.0
12,1092540,135.0
12,1092600,117.0
12,1092660,146.0
12,1092720,174.0
12,1092780,170.0
12,1092840,204.0
12,1092900,136.0
12,1092960,117.0
12,1093020,132.0
12,1093080,150.0
12,1093140,163.0
12,1093200,123.0
12,1093260,139.0
12,1093320,135.0
12,1093380,165.0
12,1093440,150.0
12,1093500,149.0
12,1093560,167.0
12,1093620,145.0
12,1093680,169.0
12,1093740,156.0
12,1093800,134.0
12,1093860,158.0
12,1093920,173.0
12,1093980,153.0
12,1094040,145.0
12,1094100,149.0
12,1094160,142.0
12,1094220,158.0
12,1094280,200.0
12,1094340,185.0
12,1094400,183.0
12,1094460,128.0
12,1094520,161.0
12,1094580,181.0
12,1094640,202.0
12,1094700,194.0
12,1094760,173.0
12,1094820,154.0
12,1094880,209.0
12,1094940,209.0
12,1095000,218.0
12,1095780,138.0
12,1095840,104.0
12,1095900,176.0
12,1095960,148.0
12,1096020,122.0
12,1096080,131.0
12,1096140,91.0
12,1096200,113.0
12,1096260,139.0
12,1096320,144.0
12,1096380,183.0
12,1096440,158.0
12,1096620,204.0
12,1096680,129.0
12,1096740,142.0
12,1096800,133.0
12,1096980,190.0
12,1097040,166.0
12,1097100,143.0
12,1097160,197.0
12,1097220,176.0
12,1097280,130.0
12,1097460,134.0
12,1097580,182.0
12,1097700,125.0
12,1097820,134.0
12,1097880,146.0
12,1097940,155.0
12,1098000,153.0
12,1098060,166.0
12,1098120,141.0
12,1098180,170.0
12,1098240,136.0
12,1098300,145.0
12,1098360,133.0
12,1098420,148.0
12,1098480,140.0
12,1098540,121.0
12,1098600,117.0
12,1098660,177.0
12,1098720,125.0
12,1098780,125.0
12,1098900,178.0
12,1098960,168.0
12,1099140,183.0
12,1099320,128.0
12,1099380,159.0
12,1099560,229.0
12,1099620,148.0
12,1099800,151.0
12,1100160,142.0
12,1100220,152.0
12,1100280,126.0
12,1100340,130.0
12,1100400,150.0
12,1100460,123.0
12,1100520,145.0
12,1100580,203.0
12,1100640,205.0
12,1100700,202.0
12,1100760,176.0
12,1100820,140.0
12,1100880,133.0
12,1100940,151.0
12,1101000,158.0
12,1101060,162.0
12,1101120,184.0
12,1101180,123.0
12,1101240,165.0
12,1101300,132.0
12,1101360,181.0
12,1101420,155.0
12,1101480,200.0
12,1101540,167.0
12,1101600,176.0
12,1101660,123.0
12,1101720,99.0
12,1101780,132.0
12,1101840,155.0
12,1101900,124.0
12,1101960,166.0
12,1102020,192.0
12,1102080,151.0
12,1102140,180.0
12,1102200,194.0
12,1102260,207.0
12,1102320,198.0
12,1102380,172.0
12,1102440,159.0
12,1102500,205.0
12,1102560,185.0
12,1102620,175.0
12,1102680,202.0
12,1102740,149.0
12,1102800,152.0
12,1102860,154.0
12,1102920,168.0
12,1102980,134.0
12,1103040,151.0
12,1103100,112.0
12,1103160,112.0
12,1103220,167.0
12,1103280,134.0
12,1103340,120.0
12,1103400,136.0
12,1103460,158.0
12,1103520,138.0
12,1103580,136.0
12,1103640,132.0
12,1103700,111.0
12,1103760,109.0
12,1103820,123.0
12,1103880,133.0
12,1103940,151.0
12,1104000,128.0
12,1104060,140.0
12,1104120,160.0
12,1104180,147.0
12,1104240,136.0
12,1104300,175.0
12,1104360,176.0
12,1104420,143.0
12,1104480,119.0
12,1104540,181.0
12,1104600,170.0
12,1104660,170.0
12,1104720,159.0
12,1104780,167.0
12,1104840,206.0
12,1104900,163.0
12,1104960,162.0
12,1105020,165.0
12,1105080,219.0
12,1105140,186.0
12,1105200,164.0
12,1105260,163.0
12,1105320,176.0
12,1105380,201.0
12,1105440,172.0
12,1105500,144.0
12,1105560,210.0
12,1105620,158.0
12,1105680,143.0
12,1105740,148.0
12,1105800,147.0
12,1105860,230.0
12,1105920,235.0
12,1105980,232.0
12,1106040,185.0
12,1106100,173.0
12,1106160,237.0
12,1106220,219.0
12,1106280,188.0
12,1106340,226.0
12,1106400,186.0
12,1106460,228.0
12,1106520,189.0
12,1106580,183.0
12,1106640,156.0
12,1106700,145.0
12,1106760,172.0
12,1106820,194.0
12,1106880,237.0
12,1106940,172.0
12,1107000,144.0
12,1107060,201.0
12,1107120,128.0
12,1107180,160.0
12,1107240,153.0
12,1107300,143.0
12,1107360,136.0
12,1107420,155.0
12,1107480,184.0
12,1107540,159.0
12,1107600,132.0
12,1107660,160.0
12,1107720,153.0
12,1107780,196.0
12,1107840,169.0
12,1107900,140.0
12,1107960,117.0
12,1108020,172.0
12,1108080,206.0
12,1108140,141.0
12,1108200,159.0
12,1108260,153.0
12,1108320,205.0
12,1108380,161.0
12,1108440,148.0
12,1108500,193.0
12,1108560,188.0
12,1108620,166.0
12,1108680,169.0
12,1108740,223.0
12,1108800,204.0
12,1108860,128.0
12,1108920,169.0
12,1108980,195.0
12,1109040,155.0
12,1109100,214.0
12,1109160,204.0
12,1109220,251.0
12,1109280,234.0
12,1109340,220.0
12,1109400,232.0
12,1109460,219.0
12,1109520,214.0
12,1109580,280.0
12,1109640,271.0
12,1109700,238.0
12,1109760,222.0
12,1109820,151.0
12,1109880,150.0
12,1109940,143.0
12,1110000,167.0
12,1110060,190.0
12,1110120,151.0
12,1110180,160.0
12,1110240,181.0
12,1110300,151.0
12,1110360,154.0
12,1110420,189.0
12,1110480,194.0
12,1110540,227.0
12,1110600,247.0
12,1110660,148.0
12,1110720,188.0
12,1110780,193.0
12,1110840,206.0
12,1110900,212.0
12,1110960,185.0
12,1111020,198.0
12,1111080,203.0
12,1111140,186.0
12,1111200,181.0
12,1111260,208.0
12,1111320,239.0
12,1111380,264.0
12,1111440,222.0
12,1111500,154.0
12,1111560,176.0
12,1111620,129.0
12,1111680,176.0
12,1111740,153.0
12,1111800,166.0
12,1111860,151.0
12,1111920,153.0
12,1111980,143.0
12,1112040,171.0
12,1112100,211.0
12,1112160,206.0
12,1112220,183.0
12,1112280,205.0
12,1112340,207.0
12,1112400,223.0
12,1112460,251.0
12,1112520,180.0
12,1112580,242.0
12,1112640,235.0
12,1112700,254.0
12,1112760,246.0
12,1112820,282.0
12,1112880,226.0
12,1112940,218.0
12,1113060,289.0
12,1113120,209.0
12,1113180,217.0
12,1113240,271.0
12,1113300,224.0
12,1113360,176.0
12,1113420,216.0
12,1113480,213.0
12,1113540,229.0
12,1113600,223.0
12,1113660,222.0
12,1113720,174.0
12,1113780,172.0
12,1113840,178.0
12,1113900,185.0
12,1113960,211.0
12,1114020,185.0
12,1114080,207.0
12,1114140,197.0
12,1114200,242.0
12,1114260,204.0
12,1114320,170.0
12,1114380,185.0
12,1114440,173.0
12,1114500,193.0
12,1114560,207.0
12,1114620,235.0
12,1114680,204.0
12,1114740,226.0
12,1114800,252.0
12,1114860,230.0
12,1114920,198.0
12,1114980,175.0
12,1115040,185.0
12,1115100,169.0
12,1115160,162.0
12,1115220,161.0
12,1115280,242.0
12,1115340,223.0
12,1115400,207.0
12,1115460,191.0
12,1115520,164.0
12,1115580,155.0
12,1115640,188.0
12,1115700,213.0
12,1115760,188.0
12,1115820,201.0
12,1115880,195.0
12,1115940,184.0
12,1116000,145.0
12,1116060,187.0
12,1116120,170.0
12,1116180,258.0
12,1116240,200.0
12,1116300,174.0
12,1116360,196.0
12,1116420,201.0
12,1116480,202.0
12,1116540,187.0
12,1116600,240.0
12,1116660,267.0
12,1116720,213.0
12,1116780,261.0
12,1116900,281.0
12,1116960,256.0
12,1117020,276.0
12,1117080,265.0
12,1117140,266.0
12,1117200,224.0
12,1117260,254.0
12,1117320,254.0
12,1117380,214.0
12,1117440,192.0
12,1117500,177.0
12,1117560,166.0
12,1117620,185.0
12,1117680,159.0
12,1117740,148.0
12,1117800,131.0
12,1117860,158.0
12,1117920,174.0
12,1117980,140.0
12,1118040,171.0
12,1118100,172.0
12,1118160,195.0
12,1118220,133.0
12,1118280,213.0
12,1118340,175.0
12,1118400,209.0
12,1118460,173.0
12,1118520,181.0
12,1118580,188.0
12,1118640,172.0
12,1118700,212.0
12,1118760,169.0
12,1118820,161.0
12,1118880,161.0
12,1118940,132.0
12,1119000,184.0
12,1119060,195.0
12,1119120,192.0
12,1119180,145.0
12,1119240,146.0
12,1119300,142.0
12,1119360,173.0
12,1119420,172.0
12,1119480,224.0
12,1119540,170.0
12,1119600,151.0
12,1119660,123.0
12,1119720,163.0
12,1119780,172.0
12,1119840,178.0
12,1119900,208.0
12,1119960,207.0
12,1120020,144.0
12,1120080,171.0
12,1120140,165.0
12,1120200,159.0
12,1120260,192.0
12,1120320,184.0
12,1120380,188.0
12,1120440,156.0
12,1120500,201.0
12,1120560,161.0
12,1120620,169.0
12,1120680,203.0
12,1120740,165.0
12,1120800,156.0
12,1120860,145.0
12,1120920,135.0
12,1120980,144.0
12,1121040,161.0
12,1121100,139.0
12,1121160,154.0
12,1121220,153.0
12,1121280,147.0
12,1121340,126.0
12,1121400,141.0
12,1121460,126.0
12,1121520,149.0
12,1121580,154.0
12,1121640,135.0
12,1121700,154.0
12,1121760,200.0
12,1121820,136.0
12,1121880,122.0
12,1121940,114.0
12,1122000,109.0
12,1122060,131.0
12,1122120,139.0
12,1122180,150.0
12,1122240,144.0
12,1122300,128.0
12,1122360,123.0
12,1122420,130.0
12,1122480,105.0
12,1122540,152.0
12,1122600,161.0
12,1122660,124.0
12,1122720,125.0
12,1122780,120.0
12,1122840,147.0
12,1122900,136.0
12,1122960,141.0
12,1123020,102.0
12,1123080,125.0
12,1123140,168.0
13,1123200,180.0
13,1123260,191.0
13,1123320,159.0
13,1123380,182.0
13,1123440,159.0
13,1123500,171.0
13,1123560,174.0
13,1123620,161.0
13,1123680,178.0
13,1123740,174.0
13,1123800,158.0
13,1123860,134.0
13,1123920,120.0
13,1123980,145.0
13,1124040,113.0
13,1124100,89.0
13,1124160,121.0
13,1124220,119.0
13,1124280,112.0
13,1124340,118.0
13,1124400,149.0
13,1124460,98.0
13,1124520,104.0
13,1124580,136.0
13,1124640,104.0
13,1124700,102.0
13,1124760,120.0
13,1124820,104.0
13,1124880,134.0
13,1124940,130.0
13,1125000,128.0
13,1125060,126.0
13,1125120,118.0
13,1125180,159.0
13,1125240,98.0
13,1125300,164.0
13,1125360,151.0
13,1125420,96.0
13,1125480,67.0
13,1125540,97.0
13,1125600,76.0
13,1125660,126.0
13,1125720,86.0
13,1125780,101.0
13,1125840,75.0
13,1125900,92.0
13,1125960,75.0
13,1126020,65.0
13,1126080,80.0
13,1126140,87.0
13,1126200,100.0
13,1126260,77.0
13,1126320,97.0
13,1126380,100.0
13,1126440,101.0
13,1126500,79.0
13,1126560,94.0
13,1126620,65.0
13,1126680,100.0
13,1126740,106.0
13,1126800,16.0
13,1126860,19.0
13,1126920,21.0
13,1126980,17.0
13,1127040,19.0
13,1127100,24.0
13,1127160,27.0
13,1127220,28.0
13,1127280,42.0
13,1127340,33.0
13,1127400,33.0
13,1127460,21.0
13,1127520,24.0
13,1127580,25.0
13,1127640,28.0
13,1127700,16.0
13,1127760,23.0
13,1127820,17.0
13,1127880,19.0
13,1127940,18.0
13,1128000,13.0
13,1128060,20.0
13,1128120,18.0
13,1128180,16.0
13,1128240,12.0
13,1128300,19.0
13,1128360,20.0
13,1128420,6.0
13,1128480,22.0
13,1128540,45.0
13,1128600,43.0
13,1128660,50.0
13,1128720,67.0
13,1128780,57.0
13,1128840,59.0
13,1128900,72.0
13,1128960,83.0
13,1129020,110.0
13,1129080,111.0
13,1129140,139.0
13,1129200,83.0
13,1129260,65.0
13,1129320,68.0
13,1129380,66.0
13,1129440,40.0
13,1129500,50.0
13,1129560,59.0
13,1129620,58.0
13,1129680,60.0
13,1129740,79.0
13,1129800,47.0
13,1129860,40.0
13,1129920,43.0
13,1129980,52.0
13,1130040,50.0
13,1130100,48.0
13,1130160,46.0
13,1130220,54.0
13,1130280,23.0
13,1130340,47.0
13,1130400,52.0
13,1130460,64.0
13,1130520,57.0
13,1130580,36.0
13,1130640,44.0
13,1130700,54.0
13,1130760,36.0
13,1130820,27.0
13,1130880,40.0
13,1130940,40.0
13,1131000,45.0
13,1131060,59.0
13,1131120,60.0
13,1131180,71.0
13,1131240,60.0
13,1131300,44.0
13,1131360,50.0
13,1131420,48.0
13,1131480,77.0
13,1131540,55.0
13,1131600,54.0
13,1131660,41.0
13,1131720,40.0
13,1131780,26.0
13,1131840,30.0
13,1131900,21.0
13,1131960,25.0
13,1132020,13.0
13,1132080,21.0
13,1132140,44.0
13,1132200,24.0
13,1132260,46.0
13,1132320,38.0
13,1132380,28.0
13,1132440,25.0
13,1132500,42.0
13,1132560,36.0
13,1132620,43.0
13,1132680,57.0
13,1132740,36.0
13,1132800,34.0
13,1132860,38.0
13,1132920,20.0
13,1132980,14.0
13,1133040,23.0
13,1133100,12.0
13,1133160,25.0
13,1133220,33.0
13,1133280,34.0
13,1133340,47.0
13,1133400,36.0
13,1133460,25.0
13,1133520,27.0
13,1133580,25.0
13,1133640,15.0
13,1133700,14.0
13,1133760,19.0
13,1133820,33.0
13,1133880,29.0
13,1133940,23.0
13,1134000,14.0
13,1134060,18.0
13,1134120,26.0
13,1134180,20.0
13,1134240,17.0
13,1134300,17.0
13,1134360,23.0
13,1134420,20.0
13,1134480,29.0
13,1134540,19.0
13,1134600,19.0
13,1134660,13.0
13,1134720,19.0
13,1134780,20.0
13,1134840,25.0
13,1134900,22.0
13,1134960,27.0
13,1135020,15.0
13,1135080,17.0
13,1135140,18.0
13,1135200,19.0
13,1135260,15.0
13,1135320,13.0
13,1135380,29.0
13,1135440,18.0
13,1135500,14.0
13,1135560,49.0
13,1135620,24.0
13,1135680,16.0
13,1135740,26.0
13,1135800,26.0
13,1135860,19.0
13,1135920,27.0
13,1135980,16.0
13,1136040,20.0
13,1136100,12.0
13,1136160,17.0
13,1136220,21.0
13,1136280,15.0
13,1136340,22.0
13,1136400,10.0
13,1136460,7.0
13,1136520,20.0
13,1136580,22.0
13,1136640,16.0
13,1136700,13.0
13,1136760,18.0
13,1136820,12.0
13,1136880,13.0
13,1136940,7.0
13,1137000,4.0
13,1137060,16.0
13,1137120,7.0
13,1137180,17.0
13,1137240,24.0
13,1137300,21.0
13,1137360,18.0
13,1137420,9.0
13,1137480,13.0
13,1137540,17.0
13,1137600,8.0
13,1137660,10.0
13,1137720,17.0
13,1137780,13.0
13,1137840,17.0
13,1137900,21.0
13,1137960,21.0
13,1138020,26.0
13,1138080,15.0
13,1138140,15.0
13,1138200,18.0
13,1138260,34.0
13,1138320,19.0
13,1138380,24.0
13,1138440,23.0
13,1138500,24.0
13,1138560,47.0
13,1138620,18.0
13,1138680,9.0
13,1138740,21.0
13,1138800,19.0
13,1138860,22.0
13,1138920,21.0
13,1138980,29.0
13,1139040,23.0
13,1139100,19.0
13,1139160,38.0
13,1139220,15.0
13,1139280,20.0
13,1139340,10.0
13,1139400,21.0
13,1139460,7.0
13,1139520,12.0
13,1139580,17.0
13,1139640,27.0
13,1139700,29.0
13,1139760,12.0
13,1139820,14.0
13,1139880,14.0
13,1139940,12.0
13,1140000,4.0
13,1140060,6.0
13,1140120,4.0
13,1140180,6.0
13,1140240,12.0
13,1140300,5.0
13,1140360,13.0
13,1140420,5.0
13,1140480,8.0
13,1140540,12.0
13,1140600,12.0
13,1140660,9.0
13,1140720,9.0
13,1140780,9.0
13,1140840,10.0
13,1140900,26.0
13,1140960,22.0
13,1141020,8.0
13,1141080,9.0
13,1141140,17.0
13,1141200,12.0
13,1141260,14.0
13,1141320,3.0
13,1141380,13.0
13,1141440,10.0
13,1141500,8.0
13,1141560,19.0
13,1141620,9.0
13,1141680,7.0
13,1141740,10.0
13,1141800,4.0
13,1141860,7.0
13,1141920,8.0
13,1141980,4.0
13,1142040,6.0
13,1142100,6.0
13,1142160,7.0
13,1142220,9.0
13,1142280,12.0
13,1142340,2.0
13,1142400,7.0
13,1142460,7.0
13,1142520,7.0
13,1142580,6.0
13,1142640,0.0
13,1142700,4.0
13,1142760,13.0
13,1142820,13.0
13,1142880,4.0
13,1142940,14.0
13,1143000,13.0
13,1143060,9.0
13,1143120,15.0
13,1143180,5.0
13,1143240,13.0
13,1143300,7.0
13,1143360,6.0
13,1143420,8.0
13,1143480,13.0
13,1143540,7.0
13,1143600,9.0
13,1143660,2.0
13,1143720,6.0
13,1143780,10.0
13,1143840,8.0
13,1143900,18.0
13,1143960,18.0
13,1144020,16.0
13,1144080,17.0
13,1144140,8.0
13,1144200,3.0
13,1144260,8.0
13,1144320,16.0
13,1144380,9.0
13,1144440,15.0
13,1144500,6.0
13,1144560,13.0
13,1144620,6.0
13,1144680,6.0
13,1144740,16.0
13,1144800,4.0
13,1144860,4.0
13,1144920,17.0
13,1144980,4.0
13,1145040,3.0
13,1145100,15.0
13,1145160,21.0
13,1145220,5.0
13,1145280,8.0
13,1145340,2.0
13,1145400,8.0
13,1145460,4.0
13,1145520,1.0
13,1145580,15.0
13,1145640,4.0
13,1145700,3.0
13,1145760,9.0
13,1145820,5.0
13,1145880,7.0
13,1145940,12.0
13,1146000,17.0
13,1146060,15.0
13,1146120,16.0
13,1146180,7.0
13,1146240,13.0
13,1146300,47.0
13,1146360,55.0
13,1146420,13.0
13,1146480,25.0
13,1146540,18.0
13,1146600,22.0
13,1146660,14.0
13,1146720,37.0
13,1146780,27.0
13,1146840,43.0
13,1146900,43.0
13,1146960,40.0
13,1147020,45.0
13,1147080,22.0
13,1147140,7.0
13,1147200,9.0
13,1147260,50.0
13,1147320,51.0
13,1147380,46.0
13,1147440,39.0
13,1147500,57.0
13,1147560,66.0
13,1147620,40.0
13,1147680,37.0
13,1147740,8.0
13,1147800,14.0
13,1147860,16.0
13,1147920,12.0
13,1147980,14.0
13,1148040,16.0
13,1148100,17.0
13,1148160,16.0
13,1148220,9.0
13,1148280,14.0
13,1148340,19.0
13,1148400,20.0
13,1148460,14.0
13,1148520,32.0
13,1148580,23.0
13,1148640,17.0
13,1148700,26.0
13,1148760,21.0
13,1148820,24.0
13,1148880,17.0
13,1148940,19.0
13,1149000,26.0
13,1149060,27.0
13,1149120,28.0
13,1149180,23.0
13,1149240,16.0
13,1149300,15.0
13,1149360,36.0
13,1149420,23.0
13,1149480,20.0
13,1149540,32.0
13,1149600,18.0
13,1149660,32.0
13,1149720,20.0
13,1149780,37.0
13,1149840,50.0
13,1149900,70.0
13,1149960,65.0
13,1150020,78.0
13,1150080,90.0
13,1150140,77.0
13,1150200,82.0
13,1150260,89.0
13,1150320,82.0
13,1150380,74.0
13,1150440,47.0
13,1150500,21.0
13,1150560,36.0
13,1150620,26.0
13,1150680,55.0
13,1150740,29.0
13,1150800,36.0
13,1150860,18.0
13,1150920,34.0
13,1150980,45.0
13,1151040,59.0
13,1151100,32.0
13,1151160,40.0
13,1151220,36.0
13,1151280,41.0
13,1151340,66.0
13,1151400,55.0
13,1151460,76.0
13,1151520,96.0
13,1151580,71.0
13,1151640,32.0
13,1151700,36.0
13,1151760,50.0
13,1151820,59.0
13,1151880,55.0
13,1151940,76.0
13,1152000,46.0
13,1152060,56.0
13,1152120,46.0
13,1152180,60.0
13,1152240,84.0
13,1152300,67.0
13,1152360,91.0
13,1152420,48.0
13,1152480,82.0
13,1152540,89.0
13,1152600,101.0
13,1152660,80.0
13,1152720,99.0
13,1152780,113.0
13,1152840,107.0
13,1152900,100.0
13,1152960,98.0
13,1153020,116.0
13,1153080,97.0
13,1153140,110.0
13,1153200,85.0
13,1153260,69.0
13,1153320,50.0
13,1153380,81.0
13,1153440,45.0
13,1153500,55.0
13,1153560,80.0
13,1153620,77.0
13,1153680,63.0
13,1153740,58.0
13,1153800,80.0
13,1153860,65.0
13,1153920,89.0
13,1153980,59.0
13,1154040,36.0
13,1154100,62.0
13,1154160,74.0
13,1154220,97.0
13,1154280,52.0
13,1154340,48.0
13,1154400,69.0
13,1154460,63.0
13,1154520,70.0
13,1154580,77.0
13,1154640,70.0
13,1154700,48.0
13,1154760,92.0
13,1154820,71.0
13,1154880,63.0
13,1154940,62.0
13,1155000,67.0
13,1155060,90.0
13,1155120,88.0
13,1155180,83.0
13,1155240,96.0
13,1155300,72.0
13,1155360,94.0
13,1155420,70.0
13,1155480,85.0
13,1155540,76.0
13,1155600,82.0
13,1155660,79.0
13,1155720,84.0
13,1155780,105.0
13,1155840,81.0
13,1155900,114.0
13,1155960,90.0
13,1156020,125.0
13,1156080,122.0
13,1156140,143.0
13,1156200,138.0
13,1156260,129.0
13,1156320,148.0
13,1156380,161.0
13,1156440,196.0
13,1156500,163.0
13,1156560,135.0
13,1156620,174.0
13,1156680,110.0
13,1156740,135.0
13,1156800,133.0
13,1156860,160.0
13,1156920,153.0
13,1156980,90.0
13,1157040,77.0
13,1157100,123.0
13,1157160,102.0
13,1157220,108.0
13,1157280,109.0
13,1157340,106.0
13,1157400,114.0
13,1157460,155.0
13,1157520,131.0
13,1157580,94.0
13,1157640,110.0
13,1157700,107.0
13,1157760,118.0
13,1157820,114.0
13,1157880,117.0
13,1157940,135.0
13,1158000,149.0
13,1158060,127.0
13,1158120,183.0
13,1158180,120.0
13,1158240,121.0
13,1158300,162.0
13,1158360,156.0
13,1158420,127.0
13,1158480,106.0
13,1158540,155.0
13,1158600,93.0
13,1158660,113.0
13,1158720,132.0
13,1158780,130.0
13,1158840,139.0
13,1158900,160.0
13,1158960,145.0
13,1159020,140.0
13,1159080,147.0
13,1159140,158.0
13,1159200,135.0
13,1159260,150.0
13,1159320,113.0
13,1159380,158.0
13,1159440,191.0
13,1159500,186.0
13,1159560,207.0
13,1159620,158.0
13,1159680,142.0
13,1159740,195.0
13,1159800,159.0
13,1159860,175.0
13,1159920,195.0
13,1159980,230.0
13,1160040,217.0
13,1160100,181.0
13,1160220,187.0
13,1160280,158.0
13,1160340,159.0
13,1160400,180.0
13,1160460,203.0
13,1160580,136.0
13,1160640,182.0
13,1160700,132.0
13,1160760,132.0
13,1160820,165.0
13,1160880,141.0
13,1160940,93.0
13,1161000,105.0
13,1161060,118.0
13,1161120,133.0
13,1161180,145.0
13,1161240,217.0
13,1161300,156.0
13,1161360,176.0
13,1161420,142.0
13,1161480,163.0
13,1161540,170.0
13,1161600,155.0
13,1161660,148.0
13,1161720,116.0
13,1161780,150.0
13,1161840,133.0
13,1161900,146.0
13,1161960,122.0
13,1162020,131.0
13,1162080,165.0
13,1162140,139.0
13,1162200,166.0
13,1162260,154.0
13,1162320,146.0
13,1162380,161.0
13,1162440,162.0
13,1162500,163.0
13,1162560,148.0
13,1162620,155.0
13,1162680,149.0
13,1162740,150.0
13,1162800,145.0
13,1162860,139.0
13,1162920,141.0
13,1162980,147.0
13,1163040,122.0
13,1163100,219.0
13,1163160,246.0
13,1163220,171.0
13,1163280,174.0
13,1163340,185.0
13,1163400,172.0
13,1163460,158.0
13,1163520,177.0
13,1163580,211.0
13,1163640,187.0
13,1163700,162.0
13,1163760,154.0
13,1163820,118.0
13,1163880,150.0
13,1163940,144.0
13,1164000,142.0
13,1164060,148.0
13,1164120,161.0
13,1164180,145.0
13,1164240,135.0
13,1164300,139.0
13,1164360,143.0
13,1164420,172.0
13,1164480,162.0
13,1164540,165.0
13,1164600,127.0
13,1164660,163.0
13,1164720,129.0
13,1164780,185.0
13,1164840,151.0
13,1164960,147.0
13,1165020,188.0
13,1165080,118.0
13,1165140,130.0
13,1165200,204.0
13,1165260,186.0
13,1165320,153.0
13,1165380,132.0
13,1165440,139.0
13,1165500,184.0
13,1165560,138.0
13,1165620,121.0
13,1165680,130.0
13,1165740,138.0
13,1165800,164.0
13,1165860,159.0
13,1165920,146.0
13,1165980,150.0
13,1166040,171.0
13,1166100,145.0
13,1166160,158.0
13,1166220,121.0
13,1166280,127.0
13,1166340,155.0
13,1166400,120.0
13,1166460,125.0
13,1166520,132.0
13,1166580,154.0
13,1166640,159.0
13,1166700,166.0
13,1166760,159.0
13,1166820,174.0
13,1166880,172.0
13,1166940,145.0
13,1167000,168.0
13,1167060,149.0
13,1167120,138.0
13,1167180,155.0
13,1167240,112.0
13,1167300,190.0
13,1167360,183.0
13,1167420,183.0
13,1167480,176.0
13,1167540,208.0
13,1167600,150.0
13,1167660,189.0
13,1167720,191.0
13,1167780,202.0
13,1167840,209.0
13,1167900,192.0
13,1167960,167.0
13,1168020,207.0
13,1168080,214.0
13,1168140,184.0
13,1168200,229.0
13,1168260,178.0
13,1168320,183.0
13,1168380,193.0
13,1168440,181.0
13,1168500,186.0
13,1168560,180.0
13,1168620,158.0
13,1168680,145.0
13,1168740,167.0
13,1168800,105.0
13,1168860,134.0
13,1168920,116.0
13,1168980,118.0
13,1169040,116.0
13,1169100,118.0
13,1169160,152.0
13,1169220,131.0
13,1169280,145.0
13,1169340,138.0
13,1169400,116.0
13,1169460,107.0
13,1169520,149.0
13,1169580,90.0
13,1169640,116.0
13,1169700,132.0
13,1169760,170.0
13,1169820,129.0
13,1169880,127.0
13,1169940,125.0
13,1170000,168.0
13,1170060,201.0
13,1170120,191.0
13,1170180,176.0
13,1170240,151.0
13,1170300,186.0
13,1170360,217.0
13,1170420,183.0
13,1170480,197.0
13,1170540,185.0
13,1170600,180.0
13,1170660,198.0
13,1170720,209.0
13,1170780,149.0
13,1170840,136.0
13,1170900,124.0
13,1170960,144.0
13,1171020,128.0
13,1171080,149.0
13,1171140,161.0
13,1171200,229.0
13,1171260,156.0
13,1171320,129.0
13,1171380,152.0
13,1171440,158.0
13,1171500,98.0
13,1171560,139.0
13,1171620,139.0
13,1171680,141.0
13,1171740,123.0
13,1171800,141.0
13,1171860,184.0
13,1171920,185.0
13,1171980,154.0
13,1172040,152.0
13,1172100,152.0
13,1172160,198.0
13,1172220,171.0
13,1172280,170.0
13,1172340,170.0
13,1172400,138.0
13,1172460,131.0
13,1172520,147.0
13,1172580,165.0
13,1172640,141.0
13,1172700,178.0
13,1172760,197.0
13,1172820,163.0
13,1172880,143.0
13,1172940,155.0
13,1173000,166.0
13,1173060,162.0
13,1173120,148.0
13,1173180,140.0
13,1173240,120.0
13,1173300,136.0
13,1173360,154.0
13,1173420,158.0
13,1173480,147.0
13,1173540,154.0
13,1173600,151.0
13,1173660,135.0
13,1173720,191.0
13,1173780,182.0
13,1173840,173.0
13,1173900,173.0
13,1173960,192.0
13,1174020,141.0
13,1174080,204.0
13,1174140,175.0
13,1174200,177.0
13,1174260,158.0
13,1174320,224.0
13,1174380,218.0
13,1174440,222.0
13,1174500,178.0
13,1174560,182.0
13,1174620,133.0
13,1174680,190.0
13,1174740,121.0
13,1174800,127.0
13,1174860,141.0
13,1174920,139.0
13,1174980,139.0
13,1175040,120.0
13,1175100,140.0
13,1175160,171.0
13,1175220,134.0
13,1175280,123.0
13,1175340,104.0
13,1175400,127.0
13,1175460,109.0
13,1175520,88.0
13,1175580,129.0
13,1175640,191.0
13,1175700,126.0
13,1175760,128.0
13,1175820,128.0
13,1175880,132.0
13,1175940,151.0
13,1176000,170.0
13,1176060,144.0
13,1176120,147.0
13,1176180,190.0
13,1176240,178.0
13,1176300,146.0
13,1176360,138.0
13,1176420,123.0
13,1176480,159.0
13,1176540,150.0
13,1176600,151.0
13,1176660,132.0
13,1176720,203.0
13,1176780,161.0
13,1176840,164.0
13,1176900,134.0
13,1176960,121.0
13,1177020,126.0
13,1177080,171.0
13,1177140,134.0
13,1177200,138.0
13,1177260,154.0
13,1177320,135.0
13,1177380,142.0
13,1177440,106.0
13,1177500,114.0
13,1177560,120.0
13,1177620,140.0
13,1177680,163.0
13,1177740,190.0
13,1177800,128.0
13,1177860,159.0
13,1177920,159.0
13,1177980,201.0
13,1178040,206.0
13,1178100,163.0
13,1178160,195.0
13,1178220,194.0
13,1178280,188.0
13,1178340,207.0
13,1178400,190.0
13,1178460,178.0
13,1178520,158.0
13,1178580,168.0
13,1178640,200.0
13,1178700,224.0
13,1178760,169.0
13,1178820,125.0
13,1178880,121.0
13,1178940,154.0
13,1179000,141.0
13,1179060,151.0
13,1179120,156.0
13,1179180,185.0
13,1179240,123.0
13,1179300,141.0
13,1179360,163.0
13,1179420,147.0
13,1179480,205.0
13,1179540,134.0
13,1179600,121.0
13,1179660,145.0
13,1179720,160.0
13,1179780,152.0
13,1179840,156.0
13,1179900,122.0
13,1179960,178.0
13,1180020,136.0
13,1180080,118.0
13,1180140,147.0
13,1180200,147.0
13,1180260,104.0
13,1180320,134.0
13,1180380,135.0
13,1180440,159.0
13,1180500,119.0
13,1180560,113.0
13,1180620,180.0
13,1180680,180.0
13,1180740,174.0
13,1180800,215.0
13,1180860,217.0
13,1180920,250.0
13,1180980,214.0
13,1181040,197.0
13,1181160,197.0
13,1181340,229.0
13,1181400,192.0
13,1181460,182.0
13,1181520,151.0
13,1181580,133.0
13,1181640,124.0
13,1181700,140.0
13,1181760,146.0
13,1181820,164.0
13,1181880,175.0
13,1181940,195.0
13,1182000,202.0
13,1182060,197.0
13,1182120,171.0
13,1182180,145.0
13,1182240,125.0
13,1182300,166.0
13,1182360,133.0
13,1182420,156.0
13,1182480,167.0
13,1182540,150.0
13,1182600,119.0
13,1182660,197.0
13,1182720,142.0
13,1182780,165.0
13,1182840,160.0
13,1182900,166.0
13,1182960,113.0
13,1183020,142.0
13,1183080,114.0
13,1183140,146.0
13,1183200,169.0
13,1183260,164.0
13,1183320,162.0
13,1183380,147.0
13,1183440,146.0
13,1183500,164.0
13,1183560,188.0
13,1183620,186.0
13,1183680,167.0
13,1183740,149.0
13,1183800,152.0
13,1183860,160.0
13,1183920,186.0
13,1183980,163.0
13,1184040,180.0
13,1184100,197.0
13,1184160,159.0
13,1184400,196.0
13,1184460,170.0
13,1184520,171.0
13,1184580,175.0
13,1184640,213.0
13,1184700,211.0
13,1184760,238.0
13,1184820,226.0
13,1184880,224.0
13,1184940,204.0
13,1185000,180.0
13,1185060,168.0
13,1185120,134.0
13,1185180,180.0
13,1185240,139.0
13,1185300,185.0
13,1185360,217.0
13,1185420,195.0
13,1185480,187.0
13,1185540,210.0
13,1185600,196.0
13,1185660,168.0
13,1185720,201.0
13,1185780,141.0
13,1185840,171.0
13,1185900,210.0
13,1185960,191.0
13,1186020,189.0
13,1186080,192.0
13,1186140,158.0
13,1186200,143.0
13,1186260,130.0
13,1186320,169.0
13,1186380,168.0
13,1186440,167.0
13,1186500,168.0
13,1186560,140.0
13,1186620,136.0
13,1186680,186.0
13,1186740,196.0
13,1186800,193.0
13,1186860,148.0
13,1186920,155.0
13,1186980,181.0
13,1187040,158.0
13,1187100,171.0
13,1187160,172.0
13,1187220,163.0
13,1187280,205.0
13,1187340,166.0
13,1187400,135.0
13,1187460,144.0
13,1187520,187.0
13,1187580,184.0
13,1187640,155.0
13,1187700,126.0
13,1187760,154.0
13,1187820,158.0
13,1187880,144.0
13,1187940,186.0
13,1188000,198.0
13,1188060,196.0
13,1188120,134.0
13,1188180,180.0
13,1188240,198.0
13,1188300,165.0
13,1188360,177.0
13,1188420,148.0
13,1188480,151.0
13,1188540,178.0
13,1188600,187.0
13,1188660,172.0
13,1188720,161.0
13,1188780,142.0
13,1188840,156.0
13,1188900,155.0
13,1188960,190.0
13,1189020,239.0
13,1189080,245.0
13,1189140,195.0
13,1189200,235.0
13,1189260,218.0
13,1189320,214.0
13,1189380,196.0
13,1189440,190.0
13,1189500,185.0
13,1189560,204.0
13,1189620,192.0
13,1189680,139.0
13,1189740,168.0
13,1189800,194.0
13,1189860,181.0
13,1189920,172.0
13,1189980,163.0
13,1190040,184.0
13,1190100,197.0
13,1190160,191.0
13,1190340,133.0
13,1190460,192.0
13,1190520,174.0
13,1190580,194.0
13,1190640,174.0
13,1190700,193.0
13,1190760,193.0
13,1190820,168.0
13,1190880,170.0
13,1190940,167.0
13,1191000,163.0
13,1191060,162.0
13,1191120,166.0
13,1191180,175.0
13,1191240,203.0
13,1191300,132.0
13,1191360,193.0
13,1191420,172.0
13,1191480,172.0
13,1191540,180.0
13,1191600,159.0
13,1191660,181.0
13,1191720,212.0
13,1191780,185.0
13,1191840,200.0
13,1191900,185.0
13,1191960,173.0
13,1192020,182.0
13,1192080,135.0
13,1192140,187.0
13,1192200,181.0
13,1192260,226.0
13,1192320,191.0
13,1192380,181.0
13,1192440,238.0
13,1192500,228.0
13,1192560,182.0
13,1192620,228.0
13,1192680,213.0
13,1192740,178.0
13,1192800,170.0
13,1192860,178.0
13,1192920,164.0
13,1192980,191.0
13,1193040,160.0
13,1193100,193.0
13,1193160,152.0
13,1193220,175.0
13,1193280,144.0
13,1193340,233.0
13,1193400,170.0
13,1193460,207.0
13,1193520,188.0
13,1193580,191.0
13,1193640,197.0
13,1193700,126.0
13,1193760,150.0
13,1193820,140.0
13,1193880,160.0
13,1193940,183.0
13,1194000,160.0
13,1194060,183.0
13,1194120,191.0
13,1194180,212.0
13,1194240,217.0
13,1194300,249.0
13,1194360,254.0
13,1194420,244.0
13,1194480,220.0
13,1194540,207.0
13,1194600,218.0
13,1194660,222.0
13,1194720,222.0
13,1194780,216.0
13,1194840,229.0
13,1194900,264.0
13,1194960,174.0
13,1195020,162.0
13,1195080,169.0
13,1195140,190.0
13,1195200,224.0
13,1195260,242.0
13,1195320,217.0
13,1195380,225.0
13,1195440,200.0
13,1195500,170.0
13,1195560,186.0
13,1195620,217.0
13,1195680,180.0
13,1195740,236.0
13,1195800,172.0
13,1195860,228.0
13,1195920,202.0
13,1195980,216.0
13,1196040,248.0
13,1196100,249.0
13,1196160,284.0
13,1196220,292.0
13,1196280,289.0
13,1196340,275.0
13,1196400,274.0
13,1196460,232.0
13,1196520,226.0
13,1196580,238.0
13,1196640,201.0
13,1196700,191.0
13,1196760,234.0
13,1196820,216.0
13,1196880,245.0
13,1196940,217.0
13,1197000,215.0
13,1197060,217.0
13,1197120,234.0
13,1197180,253.0
13,1197240,238.0
13,1197300,236.0
13,1197360,219.0
13,1197420,250.0
13,1197480,202.0
13,1197540,229.0
13,1197600,242.0
13,1197660,243.0
13,1197720,220.0
13,1197780,220.0
13,1197840,244.0
13,1197900,181.0
13,1197960,229.0
13,1198020,204.0
13,1198080,249.0
13,1198140,239.0
13,1198200,222.0
13,1198260,234.0
13,1198320,223.0
13,1198380,223.0
13,1198440,228.0
13,1198500,226.0
13,1198560,184.0
13,1198620,206.0
13,1198680,177.0
13,1198740,196.0
13,1198800,176.0
13,1198860,206.0
13,1198920,204.0
13,1198980,207.0
13,1199040,230.0
13,1199100,274.0
13,1199160,255.0
13,1199220,244.0
13,1199280,238.0
13,1199340,271.0
13,1199400,198.0
13,1199460,219.0
13,1199520,253.0
13,1199580,304.0
13,1199700,233.0
13,1199760,238.0
13,1199820,264.0
13,1199880,268.0
13,1199940,293.0
13,1200000,278.0
13,1200060,230.0
13,1200120,185.0
13,1200180,181.0
13,1200240,186.0
13,1200300,193.0
13,1200360,176.0
13,1200420,185.0
13,1200480,212.0
13,1200540,187.0
13,1200600,206.0
13,1200660,201.0
13,1200720,194.0
13,1200780,172.0
13,1200840,200.0
13,1200900,235.0
13,1200960,236.0
13,1201020,190.0
13,1201080,188.0
13,1201140,208.0
13,1201200,212.0
13,1201260,240.0
13,1201320,197.0
13,1201380,234.0
13,1201440,215.0
13,1201500,209.0
13,1201560,194.0
13,1201620,209.0
13,1201680,193.0
13,1201740,207.0
13,1201800,246.0
13,1201860,227.0
13,1201920,166.0
13,1201980,186.0
13,1202040,173.0
13,1202100,226.0
13,1202160,178.0
13,1202220,177.0
13,1202280,248.0
13,1202340,198.0
13,1202400,236.0
13,1202460,211.0
13,1202520,202.0
13,1202580,215.0
13,1202640,198.0
13,1202700,165.0
13,1202760,176.0
13,1202820,181.0
13,1202880,224.0
13,1202940,198.0
13,1203000,186.0
13,1203060,238.0
13,1203120,225.0
13,1203180,215.0
13,1203240,220.0
13,1203300,205.0
13,1203360,251.0
13,1203420,218.0
13,1203480,243.0
13,1203540,244.0
13,1203600,205.0
13,1203660,204.0
13,1203720,231.0
13,1203780,246.0
13,1203840,196.0
13,1203900,186.0
13,1203960,206.0
13,1204020,249.0
13,1204080,206.0
13,1204140,231.0
13,1204200,253.0
13,1204260,213.0
13,1204320,254.0
13,1204380,218.0
13,1204440,223.0
13,1204500,230.0
13,1204560,230.0
13,1204620,205.0
13,1204680,177.0
13,1204740,186.0
13,1204800,172.0
13,1204860,228.0
13,1204920,207.0
13,1204980,196.0
13,1205040,185.0
13,1205100,188.0
13,1205160,167.0
13,1205220,233.0
13,1205280,219.0
13,1205340,202.0
13,1205400,164.0
13,1205460,160.0
13,1205520,141.0
13,1205580,139.0
13,1205640,153.0
13,1205700,176.0
13,1205760,152.0
13,1205820,183.0
13,1205880,196.0
13,1205940,164.0
13,1206000,153.0
13,1206060,203.0
13,1206120,237.0
13,1206180,162.0
13,1206240,162.0
13,1206300,186.0
13,1206360,198.0
13,1206420,142.0
13,1206480,196.0
13,1206540,195.0
13,1206600,158.0
13,1206660,159.0
13,1206720,149.0
13,1206780,214.0
13,1206840,227.0
13,1206900,165.0
13,1206960,145.0
13,1207020,173.0
13,1207080,170.0
13,1207140,222.0
13,1207200,198.0
13,1207260,192.0
13,1207320,172.0
13,1207380,192.0
13,1207440,149.0
13,1207500,186.0
13,1207560,202.0
13,1207620,225.0
13,1207680,198.0
13,1207740,192.0
13,1207800,181.0
13,1207860,148.0
13,1207920,161.0
13,1207980,153.0
13,1208040,185.0
13,1208100,162.0
13,1208160,187.0
13,1208220,210.0
13,1208280,172.0
13,1208340,168.0
13,1208400,166.0
13,1208460,193.0
13,1208520,173.0
13,1208580,188.0
13,1208640,205.0
13,1208700,178.0
13,1208760,187.0
13,1208820,190.0
13,1208880,182.0
13,1208940,214.0
13,1209000,187.0
13,1209060,228.0
13,1209120,231.0
13,1209180,153.0
13,1209240,170.0
13,1209300,156.0
13,1209360,176.0
13,1209420,160.0
13,1209480,134.0
13,1209540,120.0
14,1209600,163.0
14,1209660,174.0
14,1209720,186.0
14,1209780,150.0
14,1209840,133.0
14,1209900,160.0
14,1209960,116.0
14,1210020,110.0
14,1210080,158.0
14,1210140,150.0
14,1210200,146.0
14,1210260,151.0
14,1210320,150.0
14,1210380,125.0
14,1210440,122.0
14,1210500,133.0
14,1210560,114.0
14,1210620,105.0
14,1210680,84.0
14,1210740,104.0
14,1210800,99.0
14,1210860,111.0
14,1210920,104.0
14,1210980,131.0
14,1211040,100.0
14,1211100,112.0
14,1211160,122.0
14,1211220,122.0
14,1211280,108.0
14,1211340,120.0
14,1211400,120.0
14,1211460,99.0
14,1211520,112.0
14,1211580,127.0
14,1211640,109.0
14,1211700,100.0
14,1211760,101.0
14,1211820,113.0
14,1211880,92.0
14,1211940,116.0
14,1212000,107.0
14,1212060,90.0
14,1212120,112.0
14,1212180,89.0
14,1212240,108.0
14,1212300,83.0
14,1212360,102.0
14,1212420,93.0
14,1212480,94.0
14,1212540,134.0
14,1212600,108.0
14,1212660,89.0
14,1212720,86.0
14,1212780,91.0
14,1212840,103.0
14,1212900,87.0
14,1212960,94.0
14,1213020,106.0
14,1213080,91.0
14,1213140,72.0
14,1213200,80.0
14,1213260,113.0
14,1213320,100.0
14,1213380,108.0
14,1213440,99.0
14,1213500,140.0
14,1213560,109.0
14,1213620,111.0
14,1213680,89.0
14,1213740,104.0
14,1213800,83.0
14,1213860,113.0
14,1213920,94.0
14,1213980,75.0
14,1214040,67.0
14,1214100,78.0
14,1214160,136.0
14,1214220,113.0
14,1214280,81.0
14,1214340,78.0
14,1214400,65.0
14,1214460,71.0
14,1214520,59.0
14,1214580,70.0
14,1214640,54.0
14,1214700,92.0
14,1214760,69.0
14,1214820,82.0
14,1214880,104.0
14,1214940,97.0
14,1215000,104.0
14,1215060,102.0
14,1215120,76.0
14,1215180,67.0
14,1215240,70.0
14,1215300,71.0
14,1215360,67.0
14,1215420,69.0
14,1215480,59.0
14,1215540,67.0
14,1215600,78.0
14,1215660,62.0
14,1215720,60.0
14,1215780,72.0
14,1215840,70.0
14,1215900,61.0
14,1215960,86.0
14,1216020,52.0
14,1216080,65.0
14,1216140,99.0
14,1216200,64.0
14,1216260,82.0
14,1216320,77.0
14,1216380,67.0
14,1216440,75.0
14,1216500,61.0
14,1216560,71.0
14,1216620,97.0
14,1216680,94.0
14,1216740,63.0
14,1216800,94.0
14,1216860,67.0
14,1216920,69.0
14,1216980,62.0
14,1217040,43.0
14,1217100,52.0
14,1217160,36.0
14,1217220,55.0
14,1217280,55.0
14,1217340,56.0
14,1217400,71.0
14,1217460,44.0
14,1217520,55.0
14,1217580,51.0
14,1217640,37.0
14,1217700,57.0
14,1217760,65.0
14,1217820,62.0
14,1217880,42.0
14,1217940,56.0
14,1218000,41.0
14,1218060,47.0
14,1218120,41.0
14,1218180,56.0
14,1218240,36.0
14,1218300,43.0
14,1218360,25.0
14,1218420,28.0
14,1218480,41.0
14,1218540,49.0
14,1218600,49.0
14,1218660,38.0
14,1218720,48.0
14,1218780,34.0
14,1218840,38.0
14,1218900,44.0
14,1218960,46.0
14,1219020,43.0
14,1219080,40.0
14,1219140,35.0
14,1219200,27.0
14,1219260,29.0
14,1219320,39.0
14,1219380,34.0
14,1219440,33.0
14,1219500,30.0
14,1219560,37.0
14,1219620,54.0
14,1219680,30.0
14,1219740,47.0
14,1219800,26.0
14,1219860,38.0
14,1219920,37.0
14,1219980,35.0
14,1220040,22.0
14,1220100,27.0
14,1220160,45.0
14,1220220,38.0
14,1220280,45.0
14,1220340,32.0
14,1220400,28.0
14,1220460,30.0
14,1220520,24.0
14,1220580,32.0
14,1220640,27.0
14,1220700,42.0
14,1220760,30.0
14,1220820,26.0
14,1220880,34.0
14,1220940,42.0
14,1221000,40.0
14,1221060,28.0
14,1221120,30.0
14,1221180,33.0
14,1221240,20.0
14,1221300,23.0
14,1221360,19.0
14,1221420,20.0
14,1221480,41.0
14,1221540,24.0
14,1221600,22.0
14,1221660,23.0
14,1221720,16.0
14,1221780,10.0
14,1221840,20.0
14,1221900,19.0
14,1221960,10.0
14,1222020,22.0
14,1222080,13.0
14,1222140,10.0
14,1222200,22.0
14,1222260,19.0
14,1222320,28.0
14,1222380,16.0
14,1222440,28.0
14,1222500,19.0
14,1222560,37.0
14,1222620,26.0
14,1222680,14.0
14,1222740,10.0
14,1222800,29.0
14,1222860,17.0
14,1222920,37.0
14,1222980,30.0
14,1223040,28.0
14,1223100,20.0
14,1223160,18.0
14,1223220,32.0
14,1223280,21.0
14,1223340,13.0
14,1223400,21.0
14,1223460,18.0
14,1223520,16.0
14,1223580,24.0
14,1223640,22.0
14,1223700,13.0
14,1223760,21.0
14,1223820,16.0
14,1223880,12.0
14,1223940,14.0
14,1224000,14.0
14,1224060,17.0
14,1224120,14.0
14,1224180,12.0
14,1224240,20.0
14,1224300,20.0
14,1224360,16.0
14,1224420,20.0
14,1224480,10.0
14,1224540,7.0
14,1224600,15.0
14,1224660,9.0
14,1224720,18.0
14,1224780,14.0
14,1224840,14.0
14,1224900,10.0
14,1224960,21.0
14,1225020,10.0
14,1225080,8.0
14,1225140,16.0
14,1225200,8.0
14,1225260,12.0
14,1225320,10.0
14,1225380,23.0
14,1225440,18.0
14,1225500,20.0
14,1225560,7.0
14,1225620,25.0
14,1225680,13.0
14,1225740,15.0
14,1225800,7.0
14,1225860,28.0
14,1225920,33.0
14,1225980,25.0
14,1226040,19.0
14,1226100,16.0
14,1226160,14.0
14,1226220,19.0
14,1226280,3.0
14,1226340,7.0
14,1226400,15.0
14,1226460,6.0
14,1226520,16.0
14,1226580,21.0
14,1226640,9.0
14,1226700,13.0
14,1226760,4.0
14,1226820,8.0
14,1226880,22.0
14,1226940,16.0
14,1227000,9.0
14,1227060,6.0
14,1227120,12.0
14,1227180,5.0
14,1227240,17.0
14,1227300,3.0
14,1227360,18.0
14,1227420,24.0
14,1227480,12.0
14,1227540,35.0
14,1227600,50.0
14,1227660,38.0
14,1227720,14.0
14,1227780,6.0
14,1227840,10.0
14,1227900,12.0
14,1227960,17.0
14,1228020,9.0
14,1228080,4.0
14,1228140,7.0
14,1228200,21.0
14,1228260,8.0
14,1228320,29.0
14,1228380,17.0
14,1228440,10.0
14,1228500,6.0
14,1228560,3.0
14,1228620,10.0
14,1228680,8.0
14,1228740,23.0
14,1228800,8.0
14,1228860,10.0
14,1228920,17.0
14,1228980,8.0
14,1229040,9.0
14,1229100,10.0
14,1229160,8.0
14,1229220,5.0
14,1229280,9.0
14,1229340,7.0
14,1229400,4.0
14,1229460,15.0
14,1229520,16.0
14,1229580,16.0
14,1229640,12.0
14,1229700,9.0
14,1229760,9.0
14,1229820,10.0
14,1229880,10.0
14,1229940,12.0
14,1230000,13.0
14,1230060,5.0
14,1230120,35.0
14,1230180,23.0
14,1230240,10.0
14,1230300,10.0
14,1230360,14.0
14,1230420,10.0
14,1230480,7.0
14,1230540,8.0
14,1230600,9.0
14,1230660,6.0
14,1230720,17.0
14,1230780,5.0
14,1230840,3.0
14,1230900,23.0
14,1230960,12.0
14,1231020,6.0
14,1231080,9.0
14,1231140,9.0
14,1231200,12.0
14,1231260,10.0
14,1231320,18.0
14,1231380,28.0
14,1231440,17.0
14,1231500,15.0
14,1231560,23.0
14,1231620,15.0
14,1231680,18.0
14,1231740,17.0
14,1231800,8.0
14,1231860,10.0
14,1231920,16.0
14,1231980,5.0
14,1232040,14.0
14,1232100,5.0
14,1232160,15.0
14,1232220,7.0
14,1232280,13.0
14,1232340,8.0
14,1232400,7.0
14,1232460,12.0
14,1232520,8.0
14,1232580,5.0
14,1232640,7.0
14,1232700,10.0
14,1232760,12.0
14,1232820,9.0
14,1232880,25.0
14,1232940,38.0
14,1233000,39.0
14,1233060,30.0
14,1233120,51.0
14,1233180,63.0
14,1233240,77.0
14,1233300,68.0
14,1233360,71.0
14,1233420,66.0
14,1233480,77.0
14,1233540,62.0
14,1233600,62.0
14,1233660,36.0
14,1233720,57.0
14,1233780,59.0
14,1233840,42.0
14,1233900,15.0
14,1233960,16.0
14,1234020,9.0
14,1234080,18.0
14,1234140,21.0
14,1234200,16.0
14,1234260,4.0
14,1234320,14.0
14,1234380,21.0
14,1234440,12.0
14,1234500,13.0
14,1234560,17.0
14,1234620,24.0
14,1234680,23.0
14,1234740,19.0
14,1234800,15.0
14,1234860,23.0
14,1234920,13.0
14,1234980,9.0
14,1235040,16.0
14,1235100,18.0
14,1235160,18.0
14,1235220,19.0
14,1235280,33.0
14,1235340,32.0
14,1235400,21.0
14,1235460,35.0
14,1235520,38.0
14,1235580,29.0
14,1235640,17.0
14,1235700,21.0
14,1235760,29.0
14,1235820,27.0
14,1235880,36.0
14,1235940,36.0
14,1236000,42.0
14,1236060,21.0
14,1236120,29.0
14,1236180,29.0
14,1236240,19.0
14,1236300,35.0
14,1236360,38.0
14,1236420,36.0
14,1236480,33.0
14,1236540,28.0
14,1236600,15.0
14,1236660,41.0
14,1236720,36.0
14,1236780,45.0
14,1236840,49.0
14,1236900,58.0
14,1236960,78.0
14,1237020,87.0
14,1237080,81.0
14,1237140,77.0
14,1237200,92.0
14,1237260,88.0
14,1237320,76.0
14,1237380,87.0
14,1237440,84.0
14,1237500,69.0
14,1237560,70.0
14,1237620,74.0
14,1237680,46.0
14,1237740,44.0
14,1237800,40.0
14,1237860,46.0
14,1237920,49.0
14,1237980,39.0
14,1238040,38.0
14,1238100,38.0
14,1238160,52.0
14,1238220,41.0
14,1238280,49.0
14,1238340,47.0
14,1238400,54.0
14,1238460,103.0
14,1238520,120.0
14,1238580,101.0
14,1238640,129.0
14,1238700,162.0
14,1238760,117.0
14,1238820,101.0
14,1238880,108.0
14,1238940,122.0
14,1239000,103.0
14,1239060,86.0
14,1239120,98.0
14,1239180,109.0
14,1239240,88.0
14,1239300,72.0
14,1239360,81.0
14,1239420,56.0
14,1239480,84.0
14,1239540,68.0
14,1239600,84.0
14,1239660,69.0
14,1239720,86.0
14,1239780,71.0
14,1239840,88.0
14,1239900,78.0
14,1239960,82.0
14,1240020,58.0
14,1240080,71.0
14,1240140,82.0
14,1240200,89.0
14,1240260,76.0
14,1240320,101.0
14,1240380,77.0
14,1240440,71.0
14,1240500,91.0
14,1240560,89.0
14,1240620,82.0
14,1240680,72.0
14,1240740,86.0
14,1240800,100.0
14,1240860,112.0
14,1240920,111.0
14,1240980,80.0
14,1241040,99.0
14,1241100,86.0
14,1241160,79.0
14,1241220,107.0
14,1241280,107.0
14,1241340,123.0
14,1241400,96.0
14,1241460,118.0
14,1241520,79.0
14,1241580,110.0
14,1241640,114.0
14,1241700,93.0
14,1241760,112.0
14,1241820,107.0
14,1241880,103.0
14,1241940,103.0
14,1242000,127.0
14,1242060,160.0
14,1242120,198.0
14,1242180,138.0
14,1242240,158.0
14,1242300,141.0
14,1242360,146.0
14,1242420,147.0
14,1242480,172.0
14,1242540,158.0
14,1242600,176.0
14,1242660,166.0
14,1242720,151.0
14,1242780,177.0
14,1242840,132.0
14,1242900,132.0
14,1242960,138.0
14,1243020,128.0
14,1243080,117.0
14,1243140,138.0
14,1243200,106.0
14,1243260,112.0
14,1243320,98.0
14,1243380,110.0
14,1243440,139.0
14,1243500,158.0
14,1243560,146.0
14,1243620,108.0
14,1243680,132.0
14,1243740,109.0
14,1243800,109.0
14,1243860,129.0
14,1243920,81.0
14,1243980,132.0
14,1244040,120.0
14,1244100,127.0
14,1244160,112.0
14,1244220,128.0
14,1244280,112.0
14,1244340,126.0
14,1244400,105.0
14,1244460,107.0
14,1244520,143.0
14,1244580,110.0
14,1244640,105.0
14,1244700,132.0
14,1244760,131.0
14,1244820,130.0
14,1244880,131.0
14,1244940,133.0
14,1245000,126.0
14,1245060,118.0
14,1245120,144.0
14,1245180,146.0
14,1245240,91.0
14,1245300,124.0
14,1245360,170.0
14,1245420,147.0
14,1245480,117.0
14,1245540,121.0
14,1245600,169.0
14,1245660,177.0
14,1245720,187.0
14,1245780,250.0
14,1245840,212.0
14,1245900,210.0
14,1245960,218.0
14,1246020,260.0
14,1246080,207.0
14,1246140,197.0
14,1246200,222.0
14,1246260,169.0
14,1246320,189.0
14,1246380,171.0
14,1246440,197.0
14,1246500,197.0
14,1246560,180.0
14,1246620,187.0
14,1246680,150.0
14,1246740,153.0
14,1246800,149.0
14,1246860,164.0
14,1246920,192.0
14,1246980,136.0
14,1247040,145.0
14,1247100,164.0
14,1247160,164.0
14,1247220,147.0
14,1247280,163.0
14,1247340,130.0
14,1247400,148.0
14,1247460,151.0
14,1247520,158.0
14,1247580,133.0
14,1247640,158.0
14,1247700,144.0
14,1247760,155.0
14,1247820,136.0
14,1247880,188.0
14,1247940,195.0
14,1248000,162.0
14,1248060,211.0
14,1248120,171.0
14,1248180,136.0
14,1248240,202.0
14,1248300,220.0
14,1248360,155.0
14,1248480,165.0
14,1248660,172.0
14,1248720,181.0
14,1248780,145.0
14,1248840,181.0
14,1248900,200.0
14,1248960,194.0
14,1249020,196.0
14,1249080,155.0
14,1249140,139.0
14,1249200,181.0
14,1249260,197.0
14,1249320,264.0
14,1249380,238.0
14,1249440,206.0
14,1249500,219.0
14,1249560,173.0
14,1249620,216.0
14,1249680,163.0
14,1249740,150.0
14,1249800,167.0
14,1249860,211.0
14,1249920,242.0
14,1250100,216.0
14,1250160,216.0
14,1250220,265.0
14,1250280,216.0
14,1250340,216.0
14,1250400,183.0
14,1250460,195.0
14,1250520,223.0
14,1250580,203.0
14,1250820,150.0
14,1250880,181.0
14,1250940,175.0
14,1251000,188.0
14,1251060,198.0
14,1251120,146.0
14,1251180,181.0
14,1251240,219.0
14,1251300,180.0
14,1251360,158.0
14,1251420,197.0
14,1251540,206.0
14,1251600,176.0
14,1251660,213.0
14,1251720,148.0
14,1251780,164.0
14,1251840,178.0
14,1251900,234.0
14,1251960,208.0
14,1252020,232.0
14,1252080,210.0
14,1252140,238.0
14,1252200,242.0
14,1252260,213.0
14,1252320,188.0
14,1252380,196.0
14,1252440,165.0
14,1252500,156.0
14,1252560,206.0
14,1252620,211.0
14,1252800,206.0
14,1252860,239.0
14,1252920,212.0
14,1252980,217.0
14,1253040,226.0
14,1253100,229.0
14,1253160,231.0
14,1253220,244.0
14,1253280,265.0
14,1253340,258.0
14,1253400,259.0
14,1253460,285.0
14,1253580,267.0
14,1253640,192.0
14,1253700,192.0
14,1253760,222.0
14,1253820,240.0
14,1253880,224.0
14,1253940,156.0
14,1254000,236.0
14,1254060,196.0
14,1254120,197.0
14,1254180,180.0
14,1254240,147.0
14,1254300,165.0
14,1254360,164.0
14,1254480,173.0
14,1254540,172.0
14,1254600,155.0
14,1254660,188.0
14,1254720,158.0
14,1254780,177.0
14,1254840,158.0
14,1254900,141.0
14,1254960,211.0
14,1255020,154.0
14,1255080,216.0
14,1255140,162.0
14,1255200,184.0
14,1255320,219.0
14,1255380,167.0
14,1255440,177.0
14,1255500,219.0
14,1255560,218.0
14,1255620,218.0
14,1255680,130.0
14,1255740,217.0
14,1255800,224.0
14,1255860,184.0
14,1255920,196.0
14,1255980,202.0
14,1256040,180.0
14,1256100,234.0
14,1256160,170.0
14,1256220,164.0
14,1256280,163.0
14,1256340,165.0
14,1256400,167.0
14,1256460,167.0
14,1256520,163.0
14,1256580,183.0
14,1256640,215.0
14,1256700,172.0
14,1256760,192.0
14,1256820,194.0
14,1256880,186.0
14,1256940,201.0
14,1257000,236.0
14,1257060,291.0
14,1257120,211.0
14,1257180,181.0
14,1257240,180.0
14,1257300,257.0
14,1257360,230.0
14,1257420,238.0
14,1257480,220.0
14,1257540,201.0
14,1257600,231.0
14,1257660,153.0
14,1257720,180.0
14,1257780,217.0
14,1257840,259.0
14,1257900,240.0
14,1257960,205.0
14,1258020,195.0
14,1258080,233.0
14,1258140,191.0
14,1258200,188.0
14,1258260,158.0
14,1258320,147.0
14,1258380,130.0
14,1258440,170.0
14,1258500,201.0
14,1258560,181.0
14,1258620,211.0
14,1258680,195.0
14,1258740,238.0
14,1258800,186.0
14,1258860,182.0
14,1258920,207.0
14,1258980,192.0
14,1259040,212.0
14,1259100,193.0
14,1259160,183.0
14,1259220,147.0
14,1259280,163.0
14,1259340,209.0
14,1259400,168.0
14,1259460,198.0
14,1259520,188.0
14,1259580,184.0
14,1259640,173.0
14,1259700,183.0
14,1259760,153.0
14,1259820,183.0
14,1259880,227.0
14,1259940,225.0
14,1260000,215.0
14,1260060,236.0
14,1260120,228.0
14,1260180,208.0
14,1260240,187.0
14,1260300,190.0
14,1260360,201.0
14,1260420,202.0
14,1260480,177.0
14,1260540,166.0
14,1260600,214.0
14,1260660,189.0
14,1260720,185.0
14,1260780,181.0
14,1260840,152.0
14,1260900,150.0
14,1260960,198.0
14,1261020,198.0
14,1261080,184.0
14,1261140,177.0
14,1261200,163.0
14,1261260,186.0
14,1261320,220.0
14,1261380,189.0
14,1261440,218.0
14,1261500,208.0
14,1261560,196.0
14,1261620,188.0
14,1261680,251.0
14,1261740,226.0
14,1261800,156.0
14,1261860,198.0
14,1261920,290.0
14,1261980,231.0
14,1262040,170.0
14,1262100,165.0
14,1262160,201.0
14,1262220,202.0
14,1262280,238.0
14,1262340,197.0
14,1262520,187.0
14,1262580,217.0
14,1262640,147.0
14,1262700,201.0
14,1262760,234.0
14,1262820,224.0
14,1262880,197.0
14,1262940,235.0
14,1263000,202.0
14,1263060,258.0
14,1263120,245.0
14,1263180,285.0
14,1263240,180.0
14,1263300,132.0
14,1263360,180.0
14,1263420,194.0
14,1263480,222.0
14,1263540,214.0
14,1263600,141.0
14,1263660,219.0
14,1263720,220.0
14,1263780,177.0
14,1263840,174.0
14,1263900,203.0
14,1263960,225.0
14,1264020,175.0
14,1264080,229.0
14,1264140,202.0
14,1264200,208.0
14,1264260,184.0
14,1264320,182.0
14,1264380,208.0
14,1264440,203.0
14,1264500,195.0
14,1264560,206.0
14,1264620,220.0
14,1264680,158.0
14,1264740,204.0
14,1264800,237.0
14,1264860,219.0
14,1264920,233.0
14,1264980,189.0
14,1265040,176.0
14,1265100,192.0
14,1265160,183.0
14,1265220,162.0
14,1265280,166.0
14,1265340,185.0
14,1265400,163.0
14,1265460,211.0
14,1265520,245.0
14,1265580,196.0
14,1265640,177.0
14,1265700,177.0
14,1265760,251.0
14,1265820,218.0
14,1265880,212.0
14,1265940,177.0
14,1266000,202.0
14,1266060,266.0
14,1266120,267.0
14,1266180,251.0
14,1266240,219.0
14,1266300,226.0
14,1266360,227.0
14,1266420,201.0
14,1266480,203.0
14,1266540,194.0
14,1266600,259.0
14,1266660,178.0
14,1266720,180.0
14,1266780,197.0
14,1266840,200.0
14,1266900,260.0
14,1266960,202.0
14,1267020,201.0
14,1267080,181.0
14,1267140,195.0
14,1267200,181.0
14,1267260,242.0
14,1267320,188.0
14,1267380,238.0
14,1267440,215.0
14,1267500,191.0
14,1267560,160.0
14,1267620,235.0
14,1267680,175.0
14,1267740,164.0
14,1267800,150.0
14,1267860,203.0
14,1267920,171.0
14,1267980,205.0
14,1268040,213.0
14,1268100,229.0
14,1268160,192.0
14,1268220,233.0
14,1268280,190.0
14,1268340,236.0
14,1268400,177.0
14,1268460,214.0
14,1268520,152.0
14,1268580,153.0
14,1268640,184.0
14,1268700,203.0
14,1268760,194.0
14,1268820,181.0
14,1268880,195.0
14,1268940,181.0
14,1269000,215.0
14,1269060,198.0
14,1269120,201.0
14,1269180,185.0
14,1269240,218.0
14,1269300,202.0
14,1269360,214.0
14,1269420,216.0
14,1269480,188.0
14,1269540,185.0
14,1269600,243.0
14,1269660,262.0
14,1269720,165.0
14,1269780,232.0
14,1269840,220.0
14,1269900,160.0
14,1269960,186.0
14,1270020,176.0
14,1270080,148.0
14,1270140,146.0
14,1270200,159.0
14,1270260,166.0
14,1270320,160.0
14,1270380,178.0
14,1270440,188.0
14,1270500,171.0
14,1270560,173.0
14,1270620,170.0
14,1270680,202.0
14,1270740,178.0
14,1270800,170.0
14,1270860,170.0
14,1270920,190.0
14,1270980,162.0
14,1271040,194.0
14,1271100,162.0
14,1271160,186.0
14,1271220,160.0
14,1271280,194.0
14,1271340,156.0
14,1271400,154.0
14,1271460,176.0
14,1271520,184.0
14,1271580,176.0
14,1271640,176.0
14,1271700,181.0
14,1271760,185.0
14,1271820,196.0
14,1271880,213.0
14,1271940,201.0
14,1272000,209.0
14,1272060,242.0
14,1272120,210.0
14,1272180,206.0
14,1272240,243.0
14,1272300,274.0
14,1272360,190.0
14,1272420,202.0
14,1272480,192.0
14,1272540,189.0
14,1272600,160.0
14,1272660,204.0
14,1272720,193.0
14,1272780,166.0
14,1272840,202.0
14,1272900,203.0
14,1272960,230.0
14,1273020,240.0
14,1273080,253.0
14,1273140,220.0
14,1273200,243.0
14,1273260,256.0
14,1273320,266.0
14,1273380,214.0
14,1273440,187.0
14,1273500,218.0
14,1273560,201.0
14,1273620,178.0
14,1273680,219.0
14,1273740,184.0
14,1273800,206.0
14,1273860,205.0
14,1273920,177.0
14,1273980,219.0
14,1274040,229.0
14,1274100,300.0
14,1274160,236.0
14,1274220,232.0
14,1274280,204.0
14,1274340,178.0
14,1274400,223.0
14,1274460,229.0
14,1274520,223.0
14,1274580,234.0
14,1274640,184.0
14,1274700,189.0
14,1274760,198.0
14,1274820,218.0
14,1274880,204.0
14,1274940,177.0
14,1275000,159.0
14,1275060,164.0
14,1275120,135.0
14,1275180,171.0
14,1275240,165.0
14,1275300,217.0
14,1275360,233.0
14,1275420,223.0
14,1275480,258.0
14,1275540,230.0
14,1275600,252.0
14,1275660,210.0
14,1275720,206.0
14,1275780,228.0
14,1275840,268.0
14,1275960,205.0
14,1276020,197.0
14,1276080,209.0
14,1276140,225.0
14,1276200,197.0
14,1276260,225.0
14,1276320,162.0
14,1276380,185.0
14,1276440,181.0
14,1276500,190.0
14,1276560,161.0
14,1276620,180.0
14,1276680,184.0
14,1276740,155.0
14,1276800,215.0
14,1276860,164.0
14,1276920,201.0
14,1276980,196.0
14,1277040,194.0
14,1277100,228.0
14,1277160,195.0
14,1277220,190.0
14,1277280,226.0
14,1277340,228.0
14,1277400,167.0
14,1277460,150.0
14,1277520,154.0
14,1277580,148.0
14,1277640,191.0
14,1277700,191.0
14,1277760,162.0
14,1277820,192.0
14,1277880,183.0
14,1277940,183.0
14,1278000,154.0
14,1278060,180.0
14,1278120,186.0
14,1278180,185.0
14,1278240,180.0
14,1278300,156.0
14,1278360,161.0
14,1278420,206.0
14,1278480,162.0
14,1278540,154.0
14,1278600,135.0
14,1278660,200.0
14,1278720,237.0
14,1278780,242.0
14,1278840,192.0
14,1278900,205.0
14,1278960,235.0
14,1279020,210.0
14,1279080,189.0
14,1279140,144.0
14,1279200,175.0
14,1279260,186.0
14,1279320,175.0
14,1279380,218.0
14,1279440,187.0
14,1279500,192.0
14,1279560,211.0
14,1279620,208.0
14,1279680,177.0
14,1279740,166.0
14,1279800,216.0
14,1279860,209.0
14,1279920,204.0
14,1279980,173.0
14,1280040,169.0
14,1280100,180.0
14,1280160,166.0
14,1280220,168.0
14,1280280,210.0
14,1280340,212.0
14,1280400,193.0
14,1280460,193.0
14,1280520,184.0
14,1280580,194.0
14,1280640,162.0
14,1280700,177.0
14,1280760,212.0
14,1280820,153.0
14,1280880,155.0
14,1280940,168.0
14,1281000,176.0
14,1281060,171.0
14,1281120,187.0
14,1281180,187.0
14,1281240,169.0
14,1281300,169.0
14,1281360,167.0
14,1281420,174.0
14,1281480,212.0
14,1281540,181.0
14,1281600,164.0
14,1281660,190.0
14,1281720,155.0
14,1281780,166.0
14,1281840,196.0
14,1281900,178.0
14,1281960,175.0
14,1282020,195.0
14,1282080,163.0
14,1282140,164.0
14,1282200,162.0
14,1282260,144.0
14,1282320,143.0
14,1282380,192.0
14,1282440,163.0
14,1282500,158.0
14,1282560,227.0
14,1282620,234.0
14,1282680,204.0
14,1282740,219.0
14,1282800,192.0
14,1282860,187.0
14,1282920,205.0
14,1282980,220.0
14,1283040,224.0
14,1283100,250.0
14,1283160,258.0
14,1283220,198.0
14,1283280,226.0
14,1283340,188.0
14,1283400,234.0
14,1283460,267.0
14,1283520,281.0
14,1283580,235.0
14,1283640,216.0
14,1283700,287.0
14,1283760,291.0
14,1283820,220.0
14,1283880,234.0
14,1283940,209.0
14,1284000,212.0
14,1284060,165.0
14,1284120,220.0
14,1284180,237.0
14,1284240,194.0
14,1284300,248.0
14,1284360,246.0
14,1284420,201.0
14,1284480,171.0
14,1284540,187.0
14,1284600,201.0
14,1284660,222.0
14,1284720,201.0
14,1284780,197.0
14,1284840,186.0
14,1284900,184.0
14,1284960,181.0
14,1285020,206.0
14,1285080,259.0
14,1285140,217.0
14,1285200,220.0
14,1285260,213.0
14,1285320,225.0
14,1285380,233.0
14,1285440,186.0
14,1285500,211.0
14,1285560,200.0
14,1285620,220.0
14,1285680,180.0
14,1285740,216.0
14,1285800,233.0
14,1285860,190.0
14,1285920,172.0
14,1285980,182.0
14,1286040,191.0
14,1286100,244.0
14,1286160,197.0
14,1286220,182.0
14,1286280,162.0
14,1286340,165.0
14,1286400,228.0
14,1286460,209.0
14,1286520,222.0
14,1286580,249.0
14,1286640,250.0
14,1286700,242.0
14,1286760,245.0
14,1286820,255.0
14,1286880,185.0
14,1286940,278.0
14,1287000,282.0
14,1287060,213.0
14,1287120,238.0
14,1287180,239.0
14,1287240,243.0
14,1287300,216.0
14,1287360,244.0
14,1287420,186.0
14,1287480,203.0
14,1287540,233.0
14,1287600,264.0
14,1287660,242.0
14,1287720,265.0
14,1287780,166.0
14,1287840,200.0
14,1287900,148.0
14,1287960,172.0
14,1288020,200.0
14,1288080,195.0
14,1288140,217.0
14,1288200,205.0
14,1288260,226.0
14,1288320,200.0
14,1288380,160.0
14,1288440,184.0
14,1288500,198.0
14,1288560,217.0
14,1288620,195.0
14,1288680,147.0
14,1288740,215.0
14,1288800,190.0
14,1288860,224.0
14,1288920,258.0
14,1288980,176.0
14,1289040,191.0
14,1289100,174.0
14,1289160,159.0
14,1289220,194.0
14,1289280,195.0
14,1289340,191.0
14,1289400,165.0
14,1289460,182.0
14,1289520,191.0
14,1289580,206.0
14,1289640,177.0
14,1289700,181.0
14,1289760,185.0
14,1289820,206.0
14,1289880,213.0
14,1289940,182.0
14,1290000,184.0
14,1290060,165.0
14,1290120,142.0
14,1290180,190.0
14,1290240,177.0
14,1290300,232.0
14,1290360,225.0
14,1290420,201.0
14,1290480,236.0
14,1290540,188.0
14,1290600,192.0
14,1290660,220.0
14,1290720,191.0
14,1290780,174.0
14,1290840,164.0
14,1290900,161.0
14,1290960,203.0
14,1291020,165.0
14,1291080,185.0
14,1291140,190.0
14,1291200,209.0
14,1291260,178.0
14,1291320,134.0
14,1291380,183.0
14,1291440,225.0
14,1291500,162.0
14,1291560,180.0
14,1291620,155.0
14,1291680,172.0
14,1291740,184.0
14,1291800,149.0
14,1291860,141.0
14,1291920,169.0
14,1291980,195.0
14,1292040,177.0
14,1292100,204.0
14,1292160,194.0
14,1292220,172.0
14,1292280,205.0
14,1292340,197.0
14,1292400,248.0
14,1292460,194.0
14,1292520,187.0
14,1292580,186.0
14,1292640,184.0
14,1292700,167.0
14,1292760,188.0
14,1292820,204.0
14,1292880,178.0
14,1292940,189.0
14,1293000,181.0
14,1293060,183.0
14,1293120,242.0
14,1293180,146.0
14,1293240,126.0
14,1293300,143.0
14,1293360,160.0
14,1293420,164.0
14,1293480,224.0
14,1293540,191.0
14,1293600,154.0
14,1293660,205.0
14,1293720,194.0
14,1293780,202.0
14,1293840,206.0
14,1293900,186.0
14,1293960,173.0
14,1294020,205.0
14,1294080,261.0
14,1294140,191.0
14,1294200,247.0
14,1294260,188.0
14,1294320,204.0
14,1294380,140.0
14,1294440,181.0
14,1294500,175.0
14,1294560,161.0
14,1294620,147.0
14,1294680,136.0
14,1294740,138.0
14,1294800,166.0
14,1294860,225.0
14,1294920,225.0
14,1294980,178.0
14,1295040,176.0
14,1295100,185.0
14,1295160,186.0
14,1295220,132.0
14,1295280,131.0
14,1295340,138.0
14,1295400,152.0
14,1295460,158.0
14,1295520,153.0
14,1295580,150.0
14,1295640,134.0
14,1295700,132.0
14,1295760,100.0
14,1295820,134.0
14,1295880,116.0
14,1295940,117.0
15,1296000,167.0
15,1296060,207.0
15,1296120,177.0
15,1296180,190.0
15,1296240,191.0
15,1296300,197.0
15,1296360,167.0
15,1296420,166.0
15,1296480,229.0
15,1296540,166.0
15,1296600,180.0
15,1296660,148.0
15,1296720,153.0
15,1296780,142.0
15,1296840,169.0
15,1296900,153.0
15,1296960,176.0
15,1297020,131.0
15,1297080,119.0
15,1297140,163.0
15,1297200,118.0
15,1297260,138.0
15,1297320,125.0
15,1297380,101.0
15,1297440,118.0
15,1297500,135.0
15,1297560,96.0
15,1297620,129.0
15,1297680,120.0
15,1297740,133.0
15,1297800,126.0
15,1297860,125.0
15,1297920,153.0
15,1297980,140.0
15,1298040,117.0
15,1298100,121.0
15,1298160,138.0
15,1298220,124.0
15,1298280,136.0
15,1298340,133.0
15,1298400,149.0
15,1298460,96.0
15,1298520,114.0
15,1298580,110.0
15,1298640,94.0
15,1298700,76.0
15,1298760,98.0
15,1298820,70.0
15,1298880,107.0
15,1298940,120.0
15,1299000,122.0
15,1299060,126.0
15,1299120,81.0
15,1299180,102.0
15,1299240,79.0
15,1299300,117.0
15,1299360,94.0
15,1299420,94.0
15,1299480,111.0
15,1299540,89.0
15,1299600,91.0
15,1299660,114.0
15,1299720,109.0
15,1299780,80.0
15,1299840,97.0
15,1299900,104.0
15,1299960,100.0
15,1300020,105.0
15,1300080,146.0
15,1300140,116.0
15,1300200,118.0
15,1300260,105.0
15,1300320,110.0
15,1300380,125.0
15,1300440,110.0
15,1300500,105.0
15,1300560,102.0
15,1300620,139.0
15,1300680,117.0
15,1300740,114.0
15,1300800,110.0
15,1300860,100.0
15,1300920,130.0
15,1300980,118.0
15,1301040,140.0
15,1301100,102.0
15,1301160,97.0
15,1301220,101.0
15,1301280,68.0
15,1301340,75.0
15,1301400,62.0
15,1301460,63.0
15,1301520,83.0
15,1301580,77.0
15,1301640,68.0
15,1301700,66.0
15,1301760,105.0
15,1301820,100.0
15,1301880,89.0
15,1301940,80.0
15,1302000,79.0
15,1302060,64.0
15,1302120,62.0
15,1302180,56.0
15,1302240,88.0
15,1302300,70.0
15,1302360,70.0
15,1302420,87.0
15,1302480,76.0
15,1302540,61.0
15,1302600,76.0
15,1302660,69.0
15,1302720,82.0
15,1302780,42.0
15,1302840,45.0
15,1302900,77.0
15,1302960,62.0
15,1303020,52.0
15,1303080,80.0
15,1303140,65.0
15,1303200,50.0
15,1303260,86.0
15,1303320,89.0
15,1303380,64.0
15,1303440,74.0
15,1303500,63.0
15,1303560,44.0
15,1303620,88.0
15,1303680,49.0
15,1303740,41.0
15,1303800,66.0
15,1303860,83.0
15,1303920,97.0
15,1303980,76.0
15,1304040,78.0
15,1304100,64.0
15,1304160,78.0
15,1304220,59.0
15,1304280,67.0
15,1304340,90.0
15,1304400,75.0
15,1304460,82.0
15,1304520,54.0
15,1304580,63.0
15,1304640,86.0
15,1304700,42.0
15,1304760,34.0
15,1304820,38.0
15,1304880,60.0
15,1304940,76.0
15,1305000,58.0
15,1305060,49.0
15,1305120,44.0
15,1305180,56.0
15,1305240,50.0
15,1305300,61.0
15,1305360,44.0
15,1305420,21.0
15,1305480,33.0
15,1305540,37.0
15,1305600,35.0
15,1305660,26.0
15,1305720,35.0
15,1305780,38.0
15,1305840,32.0
15,1305900,39.0
15,1305960,93.0
15,1306020,32.0
15,1306080,35.0
15,1306140,70.0
15,1306200,36.0
15,1306260,54.0
15,1306320,34.0
15,1306380,46.0
15,1306440,69.0
15,1306500,54.0
15,1306560,38.0
15,1306620,62.0
15,1306680,37.0
15,1306740,47.0
15,1306800,38.0
15,1306860,24.0
15,1306920,38.0
15,1306980,45.0
15,1307040,35.0
15,1307100,23.0
15,1307160,32.0
15,1307220,16.0
15,1307280,22.0
15,1307340,22.0
15,1307400,29.0
15,1307460,20.0
15,1307520,24.0
15,1307580,21.0
15,1307640,59.0
15,1307700,45.0
15,1307760,50.0
15,1307820,66.0
15,1307880,74.0
15,1307940,58.0
15,1308000,54.0
15,1308060,54.0
15,1308120,51.0
15,1308180,67.0
15,1308240,62.0
15,1308300,54.0
15,1308360,54.0
15,1308420,43.0
15,1308480,70.0
15,1308540,72.0
15,1308600,70.0
15,1308660,70.0
15,1308720,71.0
15,1308780,80.0
15,1308840,52.0
15,1308900,20.0
15,1308960,25.0
15,1309020,21.0
15,1309080,19.0
15,1309140,10.0
15,1309200,16.0
15,1309260,12.0
15,1309320,25.0
15,1309380,37.0
15,1309440,59.0
15,1309500,33.0
15,1309560,27.0
15,1309620,30.0
15,1309680,28.0
15,1309740,27.0
15,1309800,32.0
15,1309860,30.0
15,1309920,18.0
15,1309980,27.0
15,1310040,16.0
15,1310100,45.0
15,1310160,5.0
15,1310220,4.0
15,1310280,13.0
15,1310340,7.0
15,1310400,9.0
15,1310460,18.0
15,1310520,21.0
15,1310580,14.0
15,1310640,22.0
15,1310700,18.0
15,1310760,15.0
15,1310820,20.0
15,1310880,10.0
15,1310940,18.0
15,1311000,10.0
15,1311060,15.0
15,1311120,19.0
15,1311180,5.0
15,1311240,23.0
15,1311300,16.0
15,1311360,9.0
15,1311420,12.0
15,1311480,18.0
15,1311540,12.0
15,1311600,28.0
15,1311660,24.0
15,1311720,35.0
15,1311780,27.0
15,1311840,24.0
15,1311900,19.0
15,1311960,18.0
15,1312020,5.0
15,1312080,13.0
15,1312140,12.0
15,1312200,13.0
15,1312260,3.0
15,1312320,23.0
15,1312380,10.0
15,1312440,12.0
15,1312500,7.0
15,1312560,19.0
15,1312620,5.0
15,1312680,7.0
15,1312740,7.0
15,1312800,5.0
15,1312860,5.0
15,1312920,15.0
15,1312980,13.0
15,1313040,22.0
15,1313100,21.0
15,1313160,5.0
15,1313220,14.0
15,1313280,9.0
15,1313340,12.0
15,1313400,5.0
15,1313460,14.0
15,1313520,12.0
15,1313580,20.0
15,1313640,13.0
15,1313700,5.0
15,1313760,10.0
15,1313820,15.0
15,1313880,12.0
15,1313940,9.0
15,1314000,17.0
15,1314060,21.0
15,1314120,20.0
15,1314180,40.0
15,1314240,43.0
15,1314300,22.0
15,1314360,28.0
15,1314420,14.0
15,1314480,18.0
15,1314540,13.0
15,1314600,8.0
15,1314660,16.0
15,1314720,5.0
15,1314780,7.0
15,1314840,19.0
15,1314900,19.0
15,1314960,13.0
15,1315020,9.0
15,1315080,8.0
15,1315140,9.0
15,1315200,14.0
15,1315260,25.0
15,1315320,15.0
15,1315380,8.0
15,1315440,10.0
15,1315500,6.0
15,1315560,7.0
15,1315620,19.0
15,1315680,10.0
15,1315740,14.0
15,1315800,13.0
15,1315860,17.0
15,1315920,33.0
15,1315980,8.0
15,1316040,24.0
15,1316100,13.0
15,1316160,7.0
15,1316220,15.0
15,1316280,15.0
15,1316340,20.0
15,1316400,18.0
15,1316460,18.0
15,1316520,19.0
15,1316580,6.0
15,1316640,5.0
15,1316700,9.0
15,1316760,8.0
15,1316820,5.0
15,1316880,6.0
15,1316940,12.0
15,1317000,10.0
15,1317060,9.0
15,1317120,16.0
15,1317180,12.0
15,1317240,14.0
15,1317300,17.0
15,1317360,10.0
15,1317420,8.0
15,1317480,5.0
15,1317540,12.0
15,1317600,33.0
15,1317660,13.0
15,1317720,5.0
15,1317780,5.0
15,1317840,14.0
15,1317900,7.0
15,1317960,10.0
15,1318020,3.0
15,1318080,6.0
15,1318140,6.0
15,1318200,8.0
15,1318260,12.0
15,1318320,27.0
15,1318380,6.0
15,1318440,4.0
15,1318500,8.0
15,1318560,10.0
15,1318620,13.0
15,1318680,7.0
15,1318740,13.0
15,1318800,12.0
15,1318860,14.0
15,1318920,21.0
15,1318980,29.0
15,1319040,14.0
15,1319100,16.0
15,1319160,18.0
15,1319220,13.0
15,1319280,26.0
15,1319340,17.0
15,1319400,18.0
15,1319460,12.0
15,1319520,23.0
15,1319580,15.0
15,1319640,17.0
15,1319700,18.0
15,1319760,9.0
15,1319820,8.0
15,1319880,16.0
15,1319940,24.0
15,1320000,15.0
15,1320060,13.0
15,1320120,8.0
15,1320180,9.0
15,1320240,8.0
15,1320300,13.0
15,1320360,16.0
15,1320420,22.0
15,1320480,14.0
15,1320540,20.0
15,1320600,19.0
15,1320660,9.0
15,1320720,22.0
15,1320780,16.0
15,1320840,16.0
15,1320900,6.0
15,1320960,17.0
15,1321020,4.0
15,1321080,18.0
15,1321140,30.0
15,1321200,33.0
15,1321260,41.0
15,1321320,23.0
15,1321380,37.0
15,1321440,43.0
15,1321500,57.0
15,1321560,41.0
15,1321620,49.0
15,1321680,65.0
15,1321740,44.0
15,1321800,46.0
15,1321860,36.0
15,1321920,36.0
15,1321980,23.0
15,1322040,16.0
15,1322100,19.0
15,1322160,24.0
15,1322220,12.0
15,1322280,15.0
15,1322340,33.0
15,1322400,15.0
15,1322460,25.0
15,1322520,28.0
15,1322580,25.0
15,1322640,35.0
15,1322700,21.0
15,1322760,19.0
15,1322820,27.0
15,1322880,22.0
15,1322940,29.0
15,1323000,18.0
15,1323060,29.0
15,1323120,23.0
15,1323180,42.0
15,1323240,42.0
15,1323300,55.0
15,1323360,38.0
15,1323420,40.0
15,1323480,46.0
15,1323540,52.0
15,1323600,20.0
15,1323660,46.0
15,1323720,38.0
15,1323780,35.0
15,1323840,30.0
15,1323900,52.0
15,1323960,40.0
15,1324020,45.0
15,1324080,30.0
15,1324140,33.0
15,1324200,34.0
15,1324260,27.0
15,1324320,50.0
15,1324380,46.0
15,1324440,54.0
15,1324500,37.0
15,1324560,44.0
15,1324620,49.0
15,1324680,39.0
15,1324740,36.0
15,1324800,66.0
15,1324860,74.0
15,1324920,96.0
15,1324980,100.0
15,1325040,121.0
15,1325100,83.0
15,1325160,78.0
15,1325220,83.0
15,1325280,59.0
15,1325340,79.0
15,1325400,96.0
15,1325460,90.0
15,1325520,117.0
15,1325580,113.0
15,1325640,77.0
15,1325700,71.0
15,1325760,121.0
15,1325820,82.0
15,1325880,92.0
15,1325940,60.0
15,1326000,60.0
15,1326060,67.0
15,1326120,63.0
15,1326180,46.0
15,1326240,48.0
15,1326300,59.0
15,1326360,67.0
15,1326420,44.0
15,1326480,51.0
15,1326540,78.0
15,1326600,47.0
15,1326660,79.0
15,1326720,69.0
15,1326780,79.0
15,1326840,91.0
15,1326900,77.0
15,1326960,81.0
15,1327020,76.0
15,1327080,99.0
15,1327140,99.0
15,1327200,105.0
15,1327260,84.0
15,1327320,94.0
15,1327380,74.0
15,1327440,71.0
15,1327500,87.0
15,1327560,85.0
15,1327620,87.0
15,1327680,128.0
15,1327740,131.0
15,1327800,128.0
15,1327860,114.0
15,1327920,109.0
15,1327980,121.0
15,1328040,121.0
15,1328100,135.0
15,1328160,112.0
15,1328220,87.0
15,1328280,98.0
15,1328340,92.0
15,1328400,79.0
15,1328460,103.0
15,1328520,101.0
15,1328580,77.0
15,1328640,97.0
15,1328700,80.0
15,1328760,78.0
15,1328820,101.0
15,1328880,99.0
15,1328940,105.0
15,1329000,80.0
15,1329060,98.0
15,1329120,110.0
15,1329180,84.0
15,1329240,72.0
15,1329300,80.0
15,1329360,126.0
15,1329420,120.0
15,1329480,121.0
15,1329540,110.0
15,1329600,162.0
15,1329660,166.0
15,1329720,112.0
15,1329780,101.0
15,1329840,145.0
15,1329900,101.0
15,1329960,122.0
15,1330020,124.0
15,1330080,143.0
15,1330140,142.0
15,1330200,111.0
15,1330260,133.0
15,1330320,140.0
15,1330380,109.0
15,1330440,125.0
15,1330500,139.0
15,1330560,139.0
15,1330620,114.0
15,1330680,151.0
15,1330740,155.0
15,1330800,111.0
15,1330860,114.0
15,1330920,189.0
15,1330980,132.0
15,1331040,141.0
15,1331100,113.0
15,1331160,128.0
15,1331220,123.0
15,1331280,168.0
15,1331340,120.0
15,1331400,159.0
15,1331460,167.0
15,1331520,144.0
15,1331580,110.0
15,1331640,118.0
15,1331700,146.0
15,1331760,166.0
15,1331820,144.0
15,1331880,154.0
15,1331940,213.0
15,1332000,204.0
15,1332060,167.0
15,1332120,175.0
15,1332180,224.0
15,1332240,187.0
15,1332300,166.0
15,1332360,197.0
15,1332420,177.0
15,1332480,181.0
15,1332540,193.0
15,1332600,200.0
15,1332660,211.0
15,1332720,162.0
15,1332780,224.0
15,1332840,202.0
15,1332900,194.0
15,1332960,151.0
15,1333020,168.0
15,1333080,154.0
15,1333140,119.0
15,1333200,152.0
15,1333260,161.0
15,1333320,214.0
15,1333380,215.0
15,1333440,152.0
15,1333500,140.0
15,1333560,132.0
15,1333620,151.0
15,1333680,131.0
15,1333740,143.0
15,1333800,114.0
15,1333860,140.0
15,1333920,131.0
15,1333980,144.0
15,1334040,185.0
15,1334100,164.0
15,1334160,130.0
15,1334220,156.0
15,1334280,161.0
15,1334340,156.0
15,1334400,184.0
15,1334460,143.0
15,1334520,180.0
15,1334580,192.0
15,1334640,170.0
15,1334700,138.0
15,1334760,176.0
15,1334820,167.0
15,1334880,178.0
15,1334940,171.0
15,1335000,146.0
15,1335060,178.0
15,1335120,133.0
15,1335180,146.0
15,1335240,180.0
15,1335300,177.0
15,1335360,174.0
15,1335420,187.0
15,1335480,223.0
15,1335540,164.0
15,1335600,172.0
15,1335660,193.0
15,1335720,167.0
15,1335780,195.0
15,1335840,220.0
15,1335900,258.0
15,1335960,204.0
15,1336020,154.0
15,1336080,149.0
15,1336140,156.0
15,1336200,192.0
15,1336260,194.0
15,1336320,147.0
15,1336380,180.0
15,1336440,156.0
15,1336500,172.0
15,1336560,201.0
15,1336620,180.0
15,1336680,182.0
15,1336740,208.0
15,1336800,163.0
15,1336860,143.0
15,1336920,183.0
15,1336980,150.0
15,1337040,169.0
15,1337100,161.0
15,1337160,142.0
15,1337220,163.0
15,1337280,235.0
15,1337340,233.0
15,1337400,182.0
15,1337460,136.0
15,1337520,149.0
15,1337580,173.0
15,1337640,153.0
15,1337700,194.0
15,1337760,196.0
15,1337820,200.0
15,1337880,175.0
15,1337940,194.0
15,1338000,182.0
15,1338060,204.0
15,1338120,190.0
15,1338180,176.0
15,1338240,198.0
15,1338300,225.0
15,1338360,188.0
15,1338420,203.0
15,1338480,183.0
15,1338540,160.0
15,1338600,169.0
15,1338660,210.0
15,1338720,240.0
15,1338780,229.0
15,1338840,242.0
15,1338900,208.0
15,1338960,232.0
15,1339020,176.0
15,1339080,226.0
15,1339140,218.0
15,1339200,187.0
15,1339260,219.0
15,1339320,209.0
15,1339380,188.0
15,1339440,187.0
15,1339500,208.0
15,1339560,204.0
15,1339620,231.0
15,1339680,198.0
15,1339740,198.0
15,1339800,193.0
15,1339860,229.0
15,1339920,218.0
15,1339980,264.0
15,1340040,200.0
15,1340100,195.0
15,1340160,180.0
15,1340220,227.0
15,1340280,168.0
15,1340340,166.0
15,1340400,161.0
15,1340460,186.0
15,1340520,175.0
15,1340580,160.0
15,1340640,215.0
15,1340700,176.0
15,1340760,153.0
15,1340820,158.0
15,1340880,177.0
15,1340940,149.0
15,1341000,198.0
15,1341060,195.0
15,1341120,228.0
15,1341180,180.0
15,1341240,164.0
15,1341300,165.0
15,1341360,195.0
15,1341420,222.0
15,1341480,172.0
15,1341540,188.0
15,1341600,244.0
15,1341660,170.0
15,1341720,148.0
15,1341780,175.0
15,1341840,197.0
15,1341900,183.0
15,1341960,192.0
15,1342020,156.0
15,1342080,175.0
15,1342140,213.0
15,1342200,203.0
15,1342260,210.0
15,1342320,218.0
15,1342380,218.0
15,1342440,160.0
15,1342500,209.0
15,1342560,207.0
15,1342620,170.0
15,1342680,155.0
15,1342740,182.0
15,1342800,187.0
15,1342860,219.0
15,1342920,212.0
15,1342980,204.0
15,1343040,255.0
15,1343100,226.0
15,1343160,186.0
15,1343220,194.0
15,1343280,235.0
15,1343340,210.0
15,1343400,191.0
15,1343460,193.0
15,1343520,229.0
15,1343580,207.0
15,1343640,200.0
15,1343700,176.0
15,1343760,175.0
15,1343820,237.0
15,1343880,209.0
15,1343940,183.0
15,1344000,144.0
15,1344060,155.0
15,1344120,243.0
15,1344180,257.0
15,1344240,214.0
15,1344300,202.0
15,1344360,222.0
15,1344420,187.0
15,1344480,145.0
15,1344540,190.0
15,1344600,181.0
15,1344660,193.0
15,1344720,180.0
15,1344780,127.0
15,1344840,171.0
15,1344900,156.0
15,1344960,155.0
15,1345020,176.0
15,1345080,218.0
15,1345140,209.0
15,1345200,132.0
15,1345260,164.0
15,1345320,153.0
15,1345380,187.0
15,1345440,209.0
15,1345500,152.0
15,1345560,209.0
15,1345620,171.0
15,1345680,171.0
15,1345740,186.0
15,1345800,185.0
15,1345860,196.0
15,1345920,208.0
15,1345980,173.0
15,1346040,200.0
15,1346100,202.0
15,1346160,164.0
15,1346220,204.0
15,1346280,182.0
15,1346340,151.0
15,1346400,180.0
15,1346460,113.0
15,1346520,173.0
15,1346580,190.0
15,1346640,222.0
15,1346700,206.0
15,1346760,169.0
15,1346820,153.0
15,1346880,174.0
15,1346940,176.0
15,1347000,224.0
15,1347060,169.0
15,1347120,218.0
15,1347180,281.0
15,1347240,195.0
15,1347300,273.0
15,1347360,178.0
15,1347420,227.0
15,1347480,178.0
15,1347540,270.0
15,1347600,271.0
15,1347660,243.0
15,1347720,211.0
15,1347780,212.0
15,1347840,208.0
15,1347900,188.0
15,1347960,163.0
15,1348020,173.0
15,1348080,161.0
15,1348140,200.0
15,1348200,235.0
15,1348260,222.0
15,1348320,195.0
15,1348380,168.0
15,1348440,217.0
15,1348500,237.0
15,1348560,193.0
15,1348620,198.0
15,1348680,168.0
15,1348740,156.0
15,1348800,173.0
15,1348860,184.0
15,1348920,163.0
15,1348980,172.0
15,1349040,196.0
15,1349100,178.0
15,1349160,173.0
15,1349220,136.0
15,1349280,261.0
15,1349340,200.0
15,1349400,198.0
15,1349460,175.0
15,1349520,163.0
15,1349580,182.0
15,1349640,198.0
15,1349700,230.0
15,1349760,189.0
15,1349820,205.0
15,1349880,188.0
15,1349940,194.0
15,1350000,222.0
15,1350060,197.0
15,1350120,232.0
15,1350180,246.0
15,1350240,268.0
15,1350300,253.0
15,1350360,178.0
15,1350420,206.0
15,1350480,230.0
15,1350540,211.0
15,1350600,249.0
15,1350660,238.0
15,1350720,226.0
15,1350780,213.0
15,1350840,159.0
15,1350900,139.0
15,1350960,150.0
15,1351020,159.0
15,1351080,143.0
15,1351140,184.0
15,1351200,195.0
15,1351260,174.0
15,1351320,175.0
15,1351380,163.0
15,1351440,187.0
15,1351500,184.0
15,1351560,212.0
15,1351620,197.0
15,1351680,202.0
15,1351740,202.0
15,1351800,149.0
15,1351860,167.0
15,1351920,180.0
15,1351980,165.0
15,1352040,215.0
15,1352100,260.0
15,1352160,215.0
15,1352220,167.0
15,1352280,142.0
15,1352340,143.0
15,1352400,174.0
15,1352460,180.0
15,1352520,196.0
15,1352580,164.0
15,1352640,198.0
15,1352700,210.0
15,1352760,210.0
15,1352820,204.0
15,1352880,251.0
15,1352940,225.0
15,1353000,214.0
15,1353060,214.0
15,1353120,203.0
15,1353180,194.0
15,1353240,198.0
15,1353300,207.0
15,1353360,191.0
15,1353420,204.0
15,1353480,201.0
15,1353540,207.0
15,1353600,209.0
15,1353660,193.0
15,1353720,214.0
15,1353780,219.0
15,1353840,200.0
15,1353900,186.0
15,1353960,248.0
15,1354020,269.0
15,1354080,279.0
15,1354140,252.0
15,1354200,234.0
15,1354260,232.0
15,1354320,216.0
15,1354380,210.0
15,1354440,260.0
15,1354500,220.0
15,1354560,223.0
15,1354620,222.0
15,1354680,211.0
15,1354740,220.0
15,1354800,182.0
15,1354860,223.0
15,1354920,205.0
15,1354980,169.0
15,1355040,165.0
15,1355100,196.0
15,1355160,209.0
15,1355220,188.0
15,1355280,195.0
15,1355340,205.0
15,1355400,176.0
15,1355460,230.0
15,1355520,198.0
15,1355580,181.0
15,1355640,187.0
15,1355700,223.0
15,1355760,222.0
15,1355820,216.0
15,1355880,196.0
15,1355940,191.0
15,1356000,153.0
15,1356060,149.0
15,1356120,184.0
15,1356180,236.0
15,1356240,234.0
15,1356300,214.0
15,1356360,225.0
15,1356420,216.0
15,1356480,146.0
15,1356540,185.0
15,1356600,211.0
15,1356660,202.0
15,1356720,169.0
15,1356780,181.0
15,1356840,177.0
15,1356900,176.0
15,1356960,174.0
15,1357020,213.0
15,1357080,142.0
15,1357140,119.0
15,1357200,147.0
15,1357260,160.0
15,1357320,184.0
15,1357380,167.0
15,1357440,175.0
15,1357500,185.0
15,1357560,129.0
15,1357620,161.0
15,1357680,153.0
15,1357740,185.0
15,1357800,145.0
15,1357860,156.0
15,1357920,176.0
15,1357980,197.0
15,1358040,187.0
15,1358100,187.0
15,1358160,202.0
15,1358220,155.0
15,1358280,153.0
15,1358340,245.0
15,1358400,186.0
15,1358460,161.0
15,1358520,181.0
15,1358580,174.0
15,1358640,148.0
15,1358700,144.0
15,1358760,134.0
15,1358820,139.0
15,1358880,160.0
15,1358940,165.0
15,1359000,174.0
15,1359060,175.0
15,1359120,187.0
15,1359180,213.0
15,1359240,144.0
15,1359300,176.0
15,1359360,186.0
15,1359420,148.0
15,1359480,168.0
15,1359540,159.0
15,1359600,205.0
15,1359660,172.0
15,1359720,149.0
15,1359780,197.0
15,1359840,167.0
15,1359900,211.0
15,1359960,215.0
15,1360020,212.0
15,1360080,181.0
15,1360140,133.0
15,1360200,135.0
15,1360260,170.0
15,1360320,175.0
15,1360380,164.0
15,1360440,166.0
15,1360500,226.0
15,1360560,239.0
15,1360620,176.0
15,1360680,139.0
15,1360740,191.0
15,1360800,171.0
15,1360860,192.0
15,1360920,219.0
15,1360980,236.0
15,1361040,216.0
15,1361100,245.0
15,1361160,259.0
15,1361220,222.0
15,1361280,243.0
15,1361340,220.0
15,1361400,197.0
15,1361460,133.0
15,1361520,178.0
15,1361580,208.0
15,1361640,203.0
15,1361700,212.0
15,1361760,207.0
15,1361820,180.0
15,1361880,235.0
15,1361940,159.0
15,1362000,162.0
15,1362060,172.0
15,1362120,173.0
15,1362180,208.0
15,1362240,178.0
15,1362300,182.0
15,1362360,160.0
15,1362420,178.0
15,1362480,158.0
15,1362540,134.0
15,1362600,158.0
15,1362660,156.0
15,1362720,233.0
15,1362780,175.0
15,1362840,163.0
15,1362900,150.0
15,1362960,151.0
15,1363020,175.0
15,1363080,191.0
15,1363140,219.0
15,1363200,200.0
15,1363260,116.0
15,1363320,134.0
15,1363380,173.0
15,1363440,123.0
15,1363500,126.0
15,1363560,167.0
15,1363620,148.0
15,1363680,138.0
15,1363740,170.0
15,1363800,178.0
15,1363860,149.0
15,1363920,106.0
15,1363980,152.0
15,1364040,135.0
15,1364100,143.0
15,1364160,152.0
15,1364220,138.0
15,1364280,144.0
15,1364340,168.0
15,1364400,191.0
15,1364460,150.0
15,1364520,141.0
15,1364580,145.0
15,1364640,177.0
15,1364700,170.0
15,1364760,175.0
15,1364820,197.0
15,1364880,170.0
15,1364940,186.0
15,1365000,175.0
15,1365060,187.0
15,1365120,198.0
15,1365180,204.0
15,1365240,257.0
15,1365300,178.0
15,1365360,181.0
15,1365420,170.0
15,1365480,190.0
15,1365540,194.0
15,1365600,207.0
15,1365660,185.0
15,1365720,194.0
15,1365780,215.0
15,1365840,171.0
15,1365900,160.0
15,1365960,171.0
15,1366020,195.0
15,1366080,205.0
15,1366140,174.0
15,1366200,186.0
15,1366260,212.0
15,1366320,147.0
15,1366380,151.0
15,1366440,112.0
15,1366500,164.0
15,1366560,168.0
15,1366620,181.0
15,1366680,178.0
15,1366740,188.0
15,1366800,152.0
15,1366860,140.0
15,1366920,151.0
15,1366980,152.0
15,1367040,171.0
15,1367100,135.0
15,1367160,189.0
15,1367220,173.0
15,1367280,159.0
15,1367340,185.0
15,1367400,197.0
15,1367460,156.0
15,1367520,213.0
15,1367580,225.0
15,1367640,197.0
15,1367700,178.0
15,1367760,168.0
15,1367820,153.0
15,1367880,169.0
15,1367940,161.0
15,1368000,181.0
15,1368060,202.0
15,1368120,192.0
15,1368180,188.0
15,1368240,168.0
15,1368300,172.0
15,1368360,216.0
15,1368420,236.0
15,1368480,186.0
15,1368540,209.0
15,1368600,205.0
15,1368660,212.0
15,1368720,230.0
15,1368780,215.0
15,1368840,210.0
15,1368900,206.0
15,1368960,208.0
15,1369020,180.0
15,1369080,196.0
15,1369140,196.0
15,1369200,171.0
15,1369260,177.0
15,1369320,177.0
15,1369380,160.0
15,1369440,152.0
15,1369500,162.0
15,1369560,144.0
15,1369620,190.0
15,1369680,188.0
15,1369740,224.0
15,1369800,181.0
15,1369860,134.0
15,1369920,184.0
15,1369980,161.0
15,1370040,172.0
15,1370100,185.0
15,1370160,149.0
15,1370220,181.0
15,1370280,196.0
15,1370340,188.0
15,1370400,158.0
15,1370460,233.0
15,1370520,194.0
15,1370580,170.0
15,1370640,175.0
15,1370700,176.0
15,1370760,170.0
15,1370820,187.0
15,1370880,148.0
15,1370940,195.0
15,1371000,204.0
15,1371060,181.0
15,1371120,194.0
15,1371180,159.0
15,1371240,201.0
15,1371300,161.0
15,1371360,162.0
15,1371420,201.0
15,1371480,176.0
15,1371540,177.0
15,1371600,159.0
15,1371660,211.0
15,1371720,201.0
15,1371780,224.0
15,1371840,201.0
15,1371900,257.0
15,1371960,220.0
15,1372020,174.0
15,1372080,163.0
15,1372140,175.0
15,1372200,153.0
15,1372260,169.0
15,1372320,181.0
15,1372380,200.0
15,1372440,186.0
15,1372500,204.0
15,1372560,250.0
15,1372620,203.0
15,1372680,192.0
15,1372740,202.0
15,1372800,147.0
15,1372860,188.0
15,1372920,182.0
15,1372980,156.0
15,1373040,136.0
15,1373100,160.0
15,1373160,159.0
15,1373220,175.0
15,1373280,182.0
15,1373340,196.0
15,1373400,172.0
15,1373460,210.0
15,1373520,240.0
15,1373580,201.0
15,1373640,180.0
15,1373700,192.0
15,1373760,154.0
15,1373820,153.0
15,1373880,159.0
15,1373940,194.0
15,1374000,131.0
15,1374060,145.0
15,1374120,138.0
15,1374180,171.0
15,1374240,235.0
15,1374300,210.0
15,1374360,188.0
15,1374420,170.0
15,1374480,181.0
15,1374540,175.0
15,1374600,154.0
15,1374660,152.0
15,1374720,177.0
15,1374780,169.0
15,1374840,162.0
15,1374900,143.0
15,1374960,171.0
15,1375020,225.0
15,1375080,181.0
15,1375140,164.0
15,1375200,224.0
15,1375260,215.0
15,1375320,200.0
15,1375380,159.0
15,1375440,203.0
15,1375500,206.0
15,1375560,172.0
15,1375620,185.0
15,1375680,237.0
15,1375740,218.0
15,1375800,273.0
15,1375860,214.0
15,1375920,224.0
15,1375980,189.0
15,1376040,208.0
15,1376100,216.0
15,1376160,229.0
15,1376220,193.0
15,1376280,222.0
15,1376340,203.0
15,1376400,169.0
15,1376460,173.0
15,1376520,247.0
15,1376580,233.0
15,1376640,201.0
15,1376700,184.0
15,1376760,191.0
15,1376820,170.0
15,1376880,156.0
15,1376940,185.0
15,1377000,197.0
15,1377060,234.0
15,1377120,153.0
15,1377180,206.0
15,1377240,174.0
15,1377300,202.0
15,1377360,197.0
15,1377420,156.0
15,1377480,158.0
15,1377540,170.0
15,1377600,154.0
15,1377660,166.0
15,1377720,130.0
15,1377780,142.0
15,1377840,158.0
15,1377900,182.0
15,1377960,130.0
15,1378020,125.0
15,1378080,142.0
15,1378140,132.0
15,1378200,92.0
15,1378260,121.0
15,1378320,156.0
15,1378380,141.0
15,1378440,154.0
15,1378500,155.0
15,1378560,154.0
15,1378620,151.0
15,1378680,159.0
15,1378740,170.0
15,1378800,145.0
15,1378860,149.0
15,1378920,183.0
15,1378980,201.0
15,1379040,200.0
15,1379100,173.0
15,1379160,178.0
15,1379220,165.0
15,1379280,148.0
15,1379340,151.0
15,1379400,173.0
15,1379460,162.0
15,1379520,147.0
15,1379580,180.0
15,1379640,185.0
15,1379700,191.0
15,1379760,189.0
15,1379820,167.0
15,1379880,144.0
15,1379940,109.0
15,1380000,117.0
15,1380060,100.0
15,1380120,144.0
15,1380180,90.0
15,1380240,145.0
15,1380300,102.0
15,1380360,112.0
15,1380420,151.0
15,1380480,136.0
15,1380540,163.0
15,1380600,132.0
15,1380660,113.0
15,1380720,127.0
15,1380780,140.0
15,1380840,84.0
15,1380900,131.0
15,1380960,119.0
15,1381020,146.0
15,1381080,106.0
15,1381140,110.0
15,1381200,133.0
15,1381260,107.0
15,1381320,112.0
15,1381380,107.0
15,1381440,132.0
15,1381500,142.0
15,1381560,135.0
15,1381620,110.0
15,1381680,102.0
15,1381740,134.0
15,1381800,128.0
15,1381860,141.0
15,1381920,102.0
15,1381980,138.0
15,1382040,86.0
15,1382100,129.0
15,1382160,114.0
15,1382220,106.0
15,1382280,114.0
15,1382340,125.0
16,1382400,106.0
16,1382460,136.0
16,1382520,83.0
16,1382580,141.0
16,1382640,108.0
16,1382700,117.0
16,1382760,142.0
16,1382820,139.0
16,1382880,120.0
16,1382940,166.0
16,1383000,122.0
16,1383060,104.0
16,1383120,107.0
16,1383180,144.0
16,1383240,169.0
16,1383300,138.0
16,1383360,113.0
16,1383420,132.0
16,1383480,193.0
16,1383540,152.0
16,1383600,122.0
16,1383660,134.0
16,1383720,126.0
16,1383780,131.0
16,1383840,116.0
16,1383900,110.0
16,1383960,116.0
16,1384020,80.0
16,1384080,96.0
16,1384140,101.0
16,1384200,81.0
16,1384260,100.0
16,1384320,122.0
16,1384380,63.0
16,1384440,81.0
16,1384500,121.0
16,1384560,110.0
16,1384620,119.0
16,1384680,126.0
16,1384740,114.0
16,1384800,99.0
16,1384860,133.0
16,1384920,100.0
16,1384980,94.0
16,1385040,116.0
16,1385100,133.0
16,1385160,82.0
16,1385220,97.0
16,1385280,76.0
16,1385340,83.0
16,1385400,134.0
16,1385460,102.0
16,1385520,104.0
16,1385580,102.0
16,1385640,86.0
16,1385700,88.0
16,1385760,102.0
16,1385820,75.0
16,1385880,76.0
16,1385940,62.0
16,1386000,87.0
16,1386060,81.0
16,1386120,86.0
16,1386180,62.0
16,1386240,85.0
16,1386300,75.0
16,1386360,74.0
16,1386420,77.0
16,1386480,71.0
16,1386540,66.0
16,1386600,51.0
16,1386660,56.0
16,1386720,77.0
16,1386780,104.0
16,1386840,89.0
16,1386900,65.0
16,1386960,126.0
16,1387020,111.0
16,1387080,114.0
16,1387140,79.0
16,1387200,44.0
16,1387260,52.0
16,1387320,56.0
16,1387380,87.0
16,1387440,70.0
16,1387500,69.0
16,1387560,78.0
16,1387620,68.0
16,1387680,54.0
16,1387740,77.0
16,1387800,37.0
16,1387860,56.0
16,1387920,62.0
16,1387980,70.0
16,1388040,61.0
16,1388100,41.0
16,1388160,54.0
16,1388220,52.0
16,1388280,38.0
16,1388340,45.0
16,1388400,43.0
16,1388460,40.0
16,1388520,43.0
16,1388580,47.0
16,1388640,61.0
16,1388700,81.0
16,1388760,69.0
16,1388820,70.0
16,1388880,48.0
16,1388940,69.0
16,1389000,66.0
16,1389060,47.0
16,1389120,59.0
16,1389180,67.0
16,1389240,65.0
16,1389300,42.0
16,1389360,28.0
16,1389420,37.0
16,1389480,44.0
16,1389540,38.0
16,1389600,48.0
16,1389660,74.0
16,1389720,59.0
16,1389780,66.0
16,1389840,61.0
16,1389900,59.0
16,1389960,65.0
16,1390020,78.0
16,1390080,70.0
16,1390140,63.0
16,1390200,96.0
16,1390260,81.0
16,1390320,72.0
16,1390380,32.0
16,1390440,35.0
16,1390500,32.0
16,1390560,80.0
16,1390620,55.0
16,1390680,54.0
16,1390740,63.0
16,1390800,88.0
16,1390860,48.0
16,1390920,46.0
16,1390980,30.0
16,1391040,62.0
16,1391100,47.0
16,1391160,22.0
16,1391220,28.0
16,1391280,42.0
16,1391340,81.0
16,1391400,34.0
16,1391460,29.0
16,1391520,47.0
16,1391580,47.0
16,1391640,18.0
16,1391700,15.0
16,1391760,30.0
16,1391820,16.0
16,1391880,32.0
16,1391940,19.0
16,1392000,19.0
16,1392060,12.0
16,1392120,21.0
16,1392180,29.0
16,1392240,26.0
16,1392300,23.0
16,1392360,17.0
16,1392420,25.0
16,1392480,29.0
16,1392540,32.0
16,1392600,23.0
16,1392660,15.0
16,1392720,24.0
16,1392780,8.0
16,1392840,18.0
16,1392900,21.0
16,1392960,20.0
16,1393020,26.0
16,1393080,20.0
16,1393140,25.0
16,1393200,26.0
16,1393260,49.0
16,1393320,48.0
16,1393380,40.0
16,1393440,58.0
16,1393500,78.0
16,1393560,45.0
16,1393620,70.0
16,1393680,51.0
16,1393740,44.0
16,1393800,88.0
16,1393860,80.0
16,1393920,70.0
16,1393980,62.0
16,1394040,46.0
16,1394100,45.0
16,1394160,40.0
16,1394220,45.0
16,1394280,43.0
16,1394340,32.0
16,1394400,13.0
16,1394460,17.0
16,1394520,19.0
16,1394580,12.0
16,1394640,6.0
16,1394700,24.0
16,1394760,14.0
16,1394820,12.0
16,1394880,36.0
16,1394940,40.0
16,1395000,25.0
16,1395060,10.0
16,1395120,10.0
16,1395180,13.0
16,1395240,19.0
16,1395300,46.0
16,1395360,22.0
16,1395420,8.0
16,1395480,13.0
16,1395540,17.0
16,1395600,17.0
16,1395660,19.0
16,1395720,24.0
16,1395780,15.0
16,1395840,19.0
16,1395900,15.0
16,1395960,18.0
16,1396020,10.0
16,1396080,14.0
16,1396140,15.0
16,1396200,9.0
16,1396260,13.0
16,1396320,22.0
16,1396380,10.0
16,1396440,23.0
16,1396500,26.0
16,1396560,36.0
16,1396620,18.0
16,1396680,42.0
16,1396740,49.0
16,1396800,18.0
16,1396860,54.0
16,1396920,30.0
16,1396980,32.0
16,1397040,37.0
16,1397100,37.0
16,1397160,52.0
16,1397220,46.0
16,1397280,59.0
16,1397340,46.0
16,1397400,40.0
16,1397460,40.0
16,1397520,36.0
16,1397580,44.0
16,1397640,40.0
16,1397700,50.0
16,1397760,43.0
16,1397820,52.0
16,1397880,36.0
16,1397940,12.0
16,1398000,9.0
16,1398060,10.0
16,1398120,13.0
16,1398180,9.0
16,1398240,10.0
16,1398300,6.0
16,1398360,8.0
16,1398420,15.0
16,1398480,10.0
16,1398540,7.0
16,1398600,8.0
16,1398660,6.0
16,1398720,15.0
16,1398780,28.0
16,1398840,21.0
16,1398900,10.0
16,1398960,21.0
16,1399020,8.0
16,1399080,10.0
16,1399140,13.0
16,1399200,10.0
16,1399260,9.0
16,1399320,7.0
16,1399380,8.0
16,1399440,3.0
16,1399500,12.0
16,1399560,9.0
16,1399620,9.0
16,1399680,6.0
16,1399740,7.0
16,1399800,4.0
16,1399860,9.0
16,1399920,13.0
16,1399980,14.0
16,1400040,12.0
16,1400100,19.0
16,1400160,5.0
16,1400220,6.0
16,1400280,10.0
16,1400340,4.0
16,1400400,5.0
16,1400460,4.0
16,1400520,9.0
16,1400580,10.0
16,1400640,13.0
16,1400700,14.0
16,1400760,8.0
16,1400820,4.0
16,1400880,14.0
16,1400940,8.0
16,1401000,1.0
16,1401060,10.0
16,1401120,6.0
16,1401180,6.0
16,1401240,7.0
16,1401300,10.0
16,1401360,62.0
16,1401420,3.0
16,1401480,12.0
16,1401540,9.0
16,1401600,1.0
16,1401660,10.0
16,1401720,4.0
16,1401780,2.0
16,1401840,4.0
16,1401900,8.0
16,1401960,8.0
16,1402020,4.0
16,1402080,9.0
16,1402140,15.0
16,1402200,12.0
16,1402260,6.0
16,1402320,20.0
16,1402380,8.0
16,1402440,12.0
16,1402500,15.0
16,1402560,8.0
16,1402620,13.0
16,1402680,12.0
16,1402740,6.0
16,1402800,10.0
16,1402860,12.0
16,1402920,5.0
16,1402980,8.0
16,1403040,4.0
16,1403100,5.0
16,1403160,10.0
16,1403220,14.0
16,1403280,13.0
16,1403340,6.0
16,1403400,2.0
16,1403460,3.0
16,1403520,7.0
16,1403580,5.0
16,1403640,9.0
16,1403700,7.0
16,1403760,10.0
16,1403820,2.0
16,1403880,7.0
16,1403940,6.0
16,1404000,5.0
16,1404060,7.0
16,1404120,14.0
16,1404180,6.0
16,1404240,7.0
16,1404300,9.0
16,1404360,6.0
16,1404420,2.0
16,1404480,9.0
16,1404540,6.0
16,1404600,5.0
16,1404660,9.0
16,1404720,8.0
16,1404780,10.0
16,1404840,4.0
16,1404900,4.0
16,1404960,13.0
16,1405020,17.0
16,1405080,7.0
16,1405140,12.0
16,1405200,21.0
16,1405260,8.0
16,1405320,5.0
16,1405380,3.0
16,1405440,3.0
16,1405500,7.0
16,1405560,1.0
16,1405620,13.0
16,1405680,15.0
16,1405740,4.0
16,1405800,4.0
16,1405860,7.0
16,1405920,8.0
16,1405980,13.0
16,1406040,17.0
16,1406100,10.0
16,1406160,10.0
16,1406220,17.0
16,1406280,14.0
16,1406340,9.0
16,1406400,6.0
16,1406460,2.0
16,1406520,19.0
16,1406580,3.0
16,1406640,15.0
16,1406700,16.0
16,1406760,28.0
16,1406820,40.0
16,1406880,34.0
16,1406940,36.0
16,1407000,34.0
16,1407060,20.0
16,1407120,18.0
16,1407180,16.0
16,1407240,28.0
16,1407300,41.0
16,1407360,40.0
16,1407420,39.0
16,1407480,37.0
16,1407540,35.0
16,1407600,35.0
16,1407660,32.0
16,1407720,37.0
16,1407780,49.0
16,1407840,30.0
16,1407900,36.0
16,1407960,56.0
16,1408020,58.0
16,1408080,50.0
16,1408140,45.0
16,1408200,35.0
16,1408260,54.0
16,1408320,63.0
16,1408380,44.0
16,1408440,54.0
16,1408500,50.0
16,1408560,51.0
16,1408620,44.0
16,1408680,51.0
16,1408740,22.0
16,1408800,24.0
16,1408860,27.0
16,1408920,34.0
16,1408980,28.0
16,1409040,27.0
16,1409100,35.0
16,1409160,35.0
16,1409220,43.0
16,1409280,26.0
16,1409340,29.0
16,1409400,18.0
16,1409460,23.0
16,1409520,28.0
16,1409580,49.0
16,1409640,35.0
16,1409700,20.0
16,1409760,25.0
16,1409820,30.0
16,1409880,38.0
16,1409940,24.0
16,1410000,17.0
16,1410060,22.0
16,1410120,24.0
16,1410180,36.0
16,1410240,18.0
16,1410300,34.0
16,1410360,38.0
16,1410420,35.0
16,1410480,26.0
16,1410540,30.0
16,1410600,28.0
16,1410660,52.0
16,1410720,34.0
16,1410780,45.0
16,1410840,35.0
16,1410900,44.0
16,1410960,35.0
16,1411020,52.0
16,1411080,40.0
16,1411140,39.0
16,1411200,54.0
16,1411260,64.0
16,1411320,40.0
16,1411380,46.0
16,1411440,41.0
16,1411500,32.0
16,1411560,75.0
16,1411620,71.0
16,1411680,69.0
16,1411740,49.0
16,1411800,55.0
16,1411860,47.0
16,1411920,44.0
16,1411980,84.0
16,1412040,58.0
16,1412100,63.0
16,1412160,33.0
16,1412220,50.0
16,1412280,45.0
16,1412340,62.0
16,1412400,51.0
16,1412460,69.0
16,1412520,60.0
16,1412580,60.0
16,1412640,64.0
16,1412700,90.0
16,1412760,93.0
16,1412820,105.0
16,1412880,124.0
16,1412940,114.0
16,1413000,119.0
16,1413060,68.0
16,1413120,109.0
16,1413180,87.0
16,1413240,100.0
16,1413300,114.0
16,1413360,104.0
16,1413420,140.0
16,1413480,107.0
16,1413540,130.0
16,1413600,78.0
16,1413660,50.0
16,1413720,71.0
16,1413780,82.0
16,1413840,62.0
16,1413900,89.0
16,1413960,79.0
16,1414020,68.0
16,1414080,105.0
16,1414140,94.0
16,1414200,63.0
16,1414260,82.0
16,1414320,90.0
16,1414380,91.0
16,1414440,97.0
16,1414500,67.0
16,1414560,75.0
16,1414620,67.0
16,1414680,58.0
16,1414740,66.0
16,1414800,48.0
16,1414860,81.0
16,1414920,111.0
16,1414980,75.0
16,1415040,132.0
16,1415100,143.0
16,1415160,80.0
16,1415220,94.0
16,1415280,110.0
16,1415340,110.0
16,1415400,65.0
16,1415460,86.0
16,1415520,129.0
16,1415580,81.0
16,1415640,62.0
16,1415700,106.0
16,1415760,143.0
16,1415820,165.0
16,1415880,148.0
16,1415940,156.0
16,1416000,138.0
16,1416060,143.0
16,1416120,122.0
16,1416180,168.0
16,1416240,196.0
16,1416300,181.0
16,1416360,170.0
16,1416420,121.0
16,1416480,158.0
16,1416540,146.0
16,1416600,99.0
16,1416660,124.0
16,1416720,98.0
16,1416780,143.0
16,1416840,145.0
16,1416900,181.0
16,1416960,176.0
16,1417020,148.0
16,1417080,161.0
16,1417140,120.0
16,1417200,164.0
16,1417260,126.0
16,1417320,104.0
16,1417380,159.0
16,1417440,103.0
16,1417500,132.0
16,1417560,138.0
16,1417620,104.0
16,1417680,141.0
16,1417740,131.0
16,1417800,133.0
16,1417860,123.0
16,1417920,138.0
16,1417980,121.0
16,1418040,128.0
16,1418100,269.0
16,1418160,218.0
16,1418220,104.0
16,1418280,163.0
16,1418340,191.0
16,1418400,131.0
16,1418460,151.0
16,1418520,124.0
16,1418580,136.0
16,1418640,126.0
16,1418700,159.0
16,1418760,159.0
16,1418820,145.0
16,1418880,152.0
16,1418940,151.0
16,1419000,161.0
16,1419060,144.0
16,1419120,187.0
16,1419180,150.0
16,1419240,123.0
16,1419300,124.0
16,1419360,127.0
16,1419420,104.0
16,1419480,171.0
16,1419540,162.0
16,1419600,136.0
16,1419660,106.0
16,1419720,158.0
16,1419780,136.0
16,1419840,168.0
16,1419900,140.0
16,1419960,135.0
16,1420020,167.0
16,1420080,140.0
16,1420140,152.0
16,1420200,142.0
16,1420260,169.0
16,1420320,125.0
16,1420380,117.0
16,1420440,94.0
16,1420500,143.0
16,1420560,150.0
16,1420620,136.0
16,1420680,150.0
16,1420740,155.0
16,1420800,112.0
16,1420860,131.0
16,1420920,135.0
16,1420980,187.0
16,1421040,151.0
16,1421100,145.0
16,1421160,167.0
16,1421220,135.0
16,1421280,150.0
16,1421340,122.0
16,1421400,143.0
16,1421460,139.0
16,1421520,126.0
16,1421580,150.0
16,1421640,111.0
16,1421700,161.0
16,1421760,148.0
16,1421820,125.0
16,1421880,125.0
16,1421940,163.0
16,1422000,133.0
16,1422060,119.0
16,1422120,98.0
16,1422180,123.0
16,1422240,131.0
16,1422300,159.0
16,1422360,124.0
16,1422420,141.0
16,1422480,146.0
16,1422540,160.0
16,1422600,133.0
16,1422660,134.0
16,1422720,148.0
16,1422780,124.0
16,1422840,120.0
16,1422900,136.0
16,1422960,130.0
16,1423020,125.0
16,1423080,171.0
16,1423140,136.0
16,1423200,158.0
16,1423260,140.0
16,1423320,139.0
16,1423380,138.0
16,1423440,136.0
16,1423500,117.0
16,1423560,140.0
16,1423620,167.0
16,1423680,146.0
16,1423740,153.0
16,1423800,194.0
16,1423860,128.0
16,1423920,191.0
16,1423980,131.0
16,1424040,154.0
16,1424100,136.0
16,1424160,148.0
16,1424220,153.0
16,1424280,161.0
16,1424340,140.0
16,1424400,152.0
16,1424460,151.0
16,1424520,165.0
16,1424580,142.0
16,1424640,109.0
16,1424700,131.0
16,1424760,154.0
16,1424820,131.0
16,1424880,158.0
16,1424940,170.0
16,1425000,203.0
16,1425060,194.0
16,1425120,153.0
16,1425180,140.0
16,1425240,146.0
16,1425300,168.0
16,1425360,174.0
16,1425420,154.0
16,1425480,151.0
16,1425540,150.0
16,1425600,124.0
16,1425660,141.0
16,1425720,175.0
16,1425780,155.0
16,1425840,154.0
16,1425900,139.0
16,1425960,148.0
16,1426020,148.0
16,1426080,84.0
16,1426140,149.0
16,1426200,122.0
16,1426260,110.0
16,1426320,144.0
16,1426380,181.0
16,1426440,148.0
16,1426500,130.0
16,1426560,99.0
16,1426620,146.0
16,1426680,140.0
16,1426740,180.0
16,1426800,169.0
16,1426860,155.0
16,1426920,134.0
16,1426980,130.0
16,1427040,127.0
16,1427100,103.0
16,1427160,114.0
16,1427220,160.0
16,1427280,191.0
16,1427340,156.0
16,1427400,172.0
16,1427460,118.0
16,1427520,148.0
16,1427580,162.0
16,1427640,144.0
16,1427700,108.0
16,1427760,140.0
16,1427820,136.0
16,1427880,114.0
16,1427940,165.0
16,1428000,113.0
16,1428060,133.0
16,1428120,122.0
16,1428180,136.0
16,1428240,140.0
16,1428300,110.0
16,1428360,126.0
16,1428420,145.0
16,1428480,153.0
16,1428540,191.0
16,1428600,211.0
16,1428660,132.0
16,1428720,127.0
16,1428780,141.0
16,1428840,152.0
16,1428900,110.0
16,1428960,141.0
16,1429020,141.0
16,1429080,127.0
16,1429140,93.0
16,1429200,116.0
16,1429260,145.0
16,1429320,142.0
16,1429380,139.0
16,1429440,168.0
16,1429500,124.0
16,1429560,119.0
16,1429620,141.0
16,1429680,122.0
16,1429740,107.0
16,1429800,106.0
16,1429860,120.0
16,1429920,142.0
16,1429980,122.0
16,1430040,129.0
16,1430100,112.0
16,1430160,98.0
16,1430220,132.0
16,1430280,161.0
16,1430340,116.0
16,1430400,150.0
16,1430460,116.0
16,1430520,216.0
16,1430580,161.0
16,1430640,125.0
16,1430700,108.0
16,1430760,132.0
16,1430820,151.0
16,1430880,178.0
16,1430940,108.0
16,1431000,128.0
16,1431060,130.0
16,1431120,156.0
16,1431180,104.0
16,1431240,111.0
16,1431300,139.0
16,1431360,176.0
16,1431420,147.0
16,1431480,159.0
16,1431540,114.0
16,1431600,107.0
16,1431660,113.0
16,1431720,136.0
16,1431780,127.0
16,1431840,143.0
16,1431900,107.0
16,1431960,152.0
16,1432020,124.0
16,1432080,116.0
16,1432140,154.0
16,1432200,94.0
16,1432260,106.0
16,1432320,125.0
16,1432380,124.0
16,1432440,140.0
16,1432500,102.0
16,1432560,110.0
16,1432620,139.0
16,1432680,142.0
16,1432740,169.0
16,1432800,169.0
16,1432860,166.0
16,1432920,203.0
16,1432980,164.0
16,1433040,174.0
16,1433100,206.0
16,1433160,194.0
16,1433220,180.0
16,1433280,215.0
16,1433340,168.0
16,1433400,189.0
16,1433460,189.0
16,1433520,180.0
16,1433580,120.0
16,1433640,122.0
16,1433700,113.0
16,1433760,97.0
16,1433820,118.0
16,1433880,128.0
16,1433940,160.0
16,1434000,189.0
16,1434060,109.0
16,1434120,105.0
16,1434180,89.0
16,1434240,140.0
16,1434300,136.0
16,1434360,125.0
16,1434420,102.0
16,1434480,134.0
16,1434540,128.0
16,1434600,146.0
16,1434660,149.0
16,1434720,139.0
16,1434780,133.0
16,1434840,116.0
16,1434900,121.0
16,1434960,101.0
16,1435020,103.0
16,1435080,117.0
16,1435200,124.0
16,1435260,118.0
16,1435320,117.0
16,1435380,110.0
16,1435440,107.0
16,1435500,88.0
16,1435560,124.0
16,1435620,96.0
16,1435680,114.0
16,1435740,119.0
16,1435800,144.0
16,1435860,141.0
16,1435920,131.0
16,1435980,182.0
16,1436040,132.0
16,1436100,146.0
16,1436160,131.0
16,1436220,104.0
16,1436280,118.0
16,1436340,135.0
16,1436400,156.0
16,1436460,119.0
16,1436520,113.0
16,1436580,107.0
16,1436640,111.0
16,1436700,114.0
16,1436760,102.0
16,1436820,131.0
16,1436880,114.0
16,1436940,129.0
16,1437000,183.0
16,1437060,142.0
16,1437120,198.0
16,1437180,193.0
16,1437240,185.0
16,1437300,181.0
16,1437360,198.0
16,1437420,198.0
16,1437480,193.0
16,1437540,182.0
16,1437600,144.0
16,1437660,140.0
16,1437720,169.0
16,1437780,149.0
16,1437840,140.0
16,1437900,127.0
16,1437960,160.0
16,1438020,135.0
16,1438080,121.0
16,1438140,128.0
16,1438200,121.0
16,1438260,171.0
16,1438320,125.0
16,1438380,120.0
16,1438440,142.0
16,1438500,180.0
16,1438560,162.0
16,1438620,173.0
16,1438680,170.0
16,1438740,142.0
16,1438800,149.0
16,1438860,171.0
16,1438920,153.0
16,1438980,130.0
16,1439040,132.0
16,1439100,192.0
16,1439160,185.0
16,1439220,136.0
16,1439280,170.0
16,1439340,180.0
16,1439400,149.0
16,1439460,177.0
16,1439520,211.0
16,1439580,168.0
16,1439640,201.0
16,1439700,174.0
16,1439760,99.0
16,1439820,134.0
16,1439880,122.0
16,1439940,103.0
16,1440000,145.0
16,1440060,158.0
16,1440120,144.0
16,1440180,145.0
16,1440240,134.0
16,1440300,150.0
16,1440360,124.0
16,1440420,141.0
16,1440480,121.0
16,1440540,116.0
16,1440600,133.0
16,1440660,153.0
16,1440720,134.0
16,1440780,162.0
16,1440840,158.0
16,1440900,136.0
16,1440960,167.0
16,1441020,122.0
16,1441080,111.0
16,1441140,131.0
16,1441200,152.0
16,1441260,178.0
16,1441320,200.0
16,1441380,175.0
16,1441440,193.0
16,1441500,158.0
16,1441560,183.0
16,1441620,146.0
16,1441680,250.0
16,1441740,161.0
16,1441800,131.0
16,1441860,202.0
16,1441920,205.0
16,1441980,211.0
16,1442040,181.0
16,1442100,197.0
16,1442160,178.0
16,1442340,184.0
16,1442460,129.0
16,1442520,138.0
16,1442580,143.0
16,1442640,145.0
16,1442700,101.0
16,1442760,136.0
16,1442820,133.0
16,1442880,125.0
16,1442940,147.0
16,1443000,161.0
16,1443060,145.0
16,1443120,128.0
16,1443180,135.0
16,1443240,114.0
16,1443300,134.0
16,1443360,163.0
16,1443420,174.0
16,1443480,159.0
16,1443540,144.0
16,1443600,132.0
16,1443660,148.0
16,1443720,123.0
16,1443780,121.0
16,1443840,130.0
16,1443900,133.0
16,1443960,130.0
16,1444020,114.0
16,1444080,132.0
16,1444140,110.0
16,1444200,164.0
16,1444260,104.0
16,1444320,148.0
16,1444380,120.0
16,1444440,130.0
16,1444500,150.0
16,1444560,100.0
16,1444620,139.0
16,1444680,173.0
16,1444740,190.0
16,1444800,212.0
16,1444860,166.0
16,1444920,210.0
16,1444980,192.0
16,1445040,192.0
16,1445100,183.0
16,1445160,173.0
16,1445220,251.0
16,1445280,194.0
16,1445340,222.0
16,1445400,272.0
16,1445460,185.0
16,1445520,154.0
16,1445580,165.0
16,1445640,189.0
16,1445700,140.0
16,1445760,152.0
16,1445820,116.0
16,1445880,139.0
16,1445940,127.0
16,1446000,136.0
16,1446060,134.0
16,1446120,90.0
16,1446180,126.0
16,1446240,183.0
16,1446300,124.0
16,1446360,134.0
16,1446420,118.0
16,1446480,118.0
16,1446540,120.0
16,1446600,145.0
16,1446660,141.0
16,1446720,109.0
16,1446780,161.0
16,1446840,133.0
16,1446900,110.0
16,1446960,150.0
16,1447020,88.0
16,1447080,128.0
16,1447140,123.0
16,1447200,149.0
16,1447260,162.0
16,1447320,119.0
16,1447380,153.0
16,1447440,146.0
16,1447500,138.0
16,1447560,129.0
16,1447620,119.0
16,1447680,124.0
16,1447740,131.0
16,1447800,97.0
16,1447860,92.0
16,1447920,152.0
16,1447980,125.0
16,1448040,113.0
16,1448100,105.0
16,1448160,110.0
16,1448220,105.0
16,1448280,122.0
16,1448340,164.0
16,1448400,173.0
16,1448460,135.0
16,1448520,153.0
16,1448580,159.0
16,1448640,116.0
16,1448700,132.0
16,1448760,153.0
16,1448820,168.0
16,1448880,175.0
16,1448940,155.0
16,1449000,165.0
16,1449060,158.0
16,1449120,178.0
16,1449180,188.0
16,1449240,155.0
16,1449360,162.0
16,1449420,147.0
16,1449540,142.0
16,1449600,192.0
16,1449660,131.0
16,1449720,174.0
16,1449780,200.0
16,1449840,132.0
16,1449900,184.0
16,1449960,165.0
16,1450020,130.0
16,1450080,123.0
16,1450140,129.0
16,1450200,178.0
16,1450260,140.0
16,1450320,144.0
16,1450380,123.0
16,1450440,121.0
16,1450500,183.0
16,1450560,167.0
16,1450620,136.0
16,1450680,197.0
16,1450740,190.0
16,1450800,177.0
16,1450860,162.0
16,1450920,236.0
16,1450980,178.0
16,1451040,141.0
16,1451100,160.0
16,1451160,196.0
16,1451220,251.0
16,1451280,238.0
16,1451340,168.0
16,1451400,197.0
16,1451460,189.0
16,1451520,219.0
16,1451580,184.0
16,1451640,182.0
16,1451700,235.0
16,1451760,260.0
16,1451820,236.0
16,1451880,193.0
16,1451940,181.0
16,1452000,152.0
16,1452060,161.0
16,1452120,155.0
16,1452180,172.0
16,1452240,136.0
16,1452300,183.0
16,1452360,195.0
16,1452420,154.0
16,1452480,153.0
16,1452540,162.0
16,1452600,180.0
16,1452660,188.0
16,1452720,206.0
16,1452780,184.0
16,1452840,188.0
16,1452900,193.0
16,1452960,192.0
16,1453020,113.0
16,1453080,126.0
16,1453140,145.0
16,1453200,164.0
16,1453260,147.0
16,1453320,161.0
16,1453380,144.0
16,1453440,143.0
16,1453500,140.0
16,1453560,143.0
16,1453620,136.0
16,1453680,122.0
16,1453740,123.0
16,1453800,188.0
16,1453860,148.0
16,1453920,186.0
16,1453980,194.0
16,1454040,127.0
16,1454100,197.0
16,1454160,193.0
16,1454220,169.0
16,1454280,154.0
16,1454340,174.0
16,1454400,180.0
16,1454460,171.0
16,1454520,197.0
16,1454580,201.0
16,1454640,198.0
16,1454700,172.0
16,1454760,174.0
16,1454820,150.0
16,1454880,200.0
16,1454940,197.0
16,1455000,189.0
16,1455060,128.0
16,1455120,234.0
16,1455180,277.0
16,1455240,214.0
16,1455300,244.0
16,1455360,214.0
16,1455420,250.0
16,1455480,214.0
16,1455540,169.0
16,1455600,150.0
16,1455660,191.0
16,1455720,191.0
16,1455780,210.0
16,1455840,194.0
16,1455900,198.0
16,1455960,159.0
16,1456020,197.0
16,1456080,182.0
16,1456140,191.0
16,1456200,168.0
16,1456260,112.0
16,1456320,161.0
16,1456380,185.0
16,1456440,219.0
16,1456500,181.0
16,1456560,138.0
16,1456620,217.0
16,1456680,198.0
16,1456740,196.0
16,1456800,167.0
16,1456860,211.0
16,1456920,233.0
16,1456980,298.0
16,1457040,242.0
16,1457100,217.0
16,1457160,229.0
16,1457220,196.0
16,1457280,184.0
16,1457340,208.0
16,1457400,155.0
16,1457460,152.0
16,1457520,171.0
16,1457580,129.0
16,1457640,159.0
16,1457700,155.0
16,1457760,160.0
16,1457820,172.0
16,1457880,172.0
16,1457940,176.0
16,1458000,162.0
16,1458060,150.0
16,1458120,164.0
16,1458180,174.0
16,1458240,223.0
16,1458300,220.0
16,1458360,239.0
16,1458420,171.0
16,1458480,198.0
16,1458540,227.0
16,1458600,203.0
16,1458660,196.0
16,1458720,215.0
16,1458780,146.0
16,1458840,156.0
16,1458900,182.0
16,1458960,182.0
16,1459020,180.0
16,1459080,246.0
16,1459140,196.0
16,1459200,201.0
16,1459260,176.0
16,1459320,188.0
16,1459380,153.0
16,1459440,154.0
16,1459500,214.0
16,1459560,186.0
16,1459620,194.0
16,1459680,154.0
16,1459740,169.0
16,1459800,134.0
16,1459860,148.0
16,1459920,128.0
16,1459980,140.0
16,1460040,158.0
16,1460100,194.0
16,1460160,163.0
16,1460220,172.0
16,1460280,171.0
16,1460340,170.0
16,1460400,189.0
16,1460460,176.0
16,1460520,169.0
16,1460580,185.0
16,1460640,154.0
16,1460700,152.0
16,1460760,148.0
16,1460820,168.0
16,1460880,156.0
16,1460940,158.0
16,1461000,169.0
16,1461060,178.0
16,1461120,206.0
16,1461180,214.0
16,1461240,169.0
16,1461300,168.0
16,1461360,220.0
16,1461420,172.0
16,1461480,141.0
16,1461540,201.0
16,1461600,176.0
16,1461660,175.0
16,1461720,225.0
16,1461780,203.0
16,1461840,176.0
16,1461900,217.0
16,1461960,165.0
16,1462020,200.0
16,1462080,156.0
16,1462140,234.0
16,1462200,202.0
16,1462260,195.0
16,1462320,176.0
16,1462380,210.0
16,1462440,227.0
16,1462500,211.0
16,1462560,207.0
16,1462620,198.0
16,1462680,201.0
16,1462740,210.0
16,1462800,180.0
16,1462860,222.0
16,1462920,232.0
16,1462980,173.0
16,1463040,172.0
16,1463100,169.0
16,1463160,196.0
16,1463220,177.0
16,1463280,155.0
16,1463340,174.0
16,1463400,112.0
16,1463460,140.0
16,1463520,172.0
16,1463580,140.0
16,1463640,139.0
16,1463700,123.0
16,1463760,190.0
16,1463820,187.0
16,1463880,206.0
16,1463940,159.0
16,1464000,149.0
16,1464060,174.0
16,1464120,202.0
16,1464180,178.0
16,1464240,149.0
16,1464300,167.0
16,1464360,202.0
16,1464420,180.0
16,1464480,167.0
16,1464540,175.0
16,1464600,153.0
16,1464660,164.0
16,1464720,174.0
16,1464780,194.0
16,1464840,141.0
16,1464900,169.0
16,1464960,182.0
16,1465020,189.0
16,1465080,191.0
16,1465140,170.0
16,1465200,189.0
16,1465260,156.0
16,1465320,218.0
16,1465380,208.0
16,1465440,173.0
16,1465500,205.0
16,1465560,182.0
16,1465620,142.0
16,1465680,139.0
16,1465740,163.0
16,1465800,122.0
16,1465860,97.0
16,1465920,165.0
16,1465980,136.0
16,1466040,117.0
16,1466100,130.0
16,1466160,118.0
16,1466220,123.0
16,1466280,222.0
16,1466340,172.0
16,1466400,196.0
16,1466460,184.0
16,1466520,230.0
16,1466580,185.0
16,1466640,193.0
16,1466700,173.0
16,1466760,156.0
16,1466820,175.0
16,1466880,205.0
16,1466940,154.0
16,1467000,138.0
16,1467060,133.0
16,1467120,144.0
16,1467180,114.0
16,1467240,108.0
16,1467300,124.0
16,1467360,153.0
16,1467420,135.0
16,1467480,148.0
16,1467540,98.0
16,1467600,92.0
16,1467660,129.0
16,1467720,132.0
16,1467780,142.0
16,1467840,145.0
16,1467900,139.0
16,1467960,158.0
16,1468020,138.0
16,1468080,121.0
16,1468140,138.0
16,1468200,124.0
16,1468260,122.0
16,1468320,213.0
16,1468380,120.0
16,1468440,110.0
16,1468500,128.0
16,1468560,146.0
16,1468620,126.0
16,1468680,130.0
16,1468740,135.0
17,1468800,125.0
17,1468860,101.0
17,1468920,108.0
17,1468980,92.0
17,1469040,94.0
17,1469100,118.0
17,1469160,105.0
17,1469220,113.0
17,1469280,117.0
17,1469340,124.0
17,1469400,113.0
17,1469460,130.0
17,1469520,142.0
17,1469580,124.0
17,1469640,120.0
17,1469700,144.0
17,1469760,133.0
17,1469820,151.0
17,1469880,159.0
17,1469940,186.0
17,1470000,162.0
17,1470060,106.0
17,1470120,131.0
17,1470180,106.0
17,1470240,119.0
17,1470300,109.0
17,1470360,132.0
17,1470420,103.0
17,1470480,155.0
17,1470540,104.0
17,1470600,98.0
17,1470660,80.0
17,1470720,122.0
17,1470780,152.0
17,1470840,118.0
17,1470900,81.0
17,1470960,106.0
17,1471020,123.0
17,1471080,135.0
17,1471140,114.0
17,1471200,93.0
17,1471260,97.0
17,1471320,94.0
17,1471380,76.0
17,1471440,141.0
17,1471500,108.0
17,1471560,61.0
17,1471620,63.0
17,1471680,86.0
17,1471740,61.0
17,1471800,100.0
17,1471860,80.0
17,1471920,79.0
17,1471980,89.0
17,1472040,77.0
17,1472100,68.0
17,1472160,65.0
17,1472220,81.0
17,1472280,69.0
17,1472340,62.0
17,1472400,81.0
17,1472460,79.0
17,1472520,109.0
17,1472580,78.0
17,1472640,91.0
17,1472700,89.0
17,1472760,104.0
17,1472820,68.0
17,1472880,113.0
17,1472940,93.0
17,1473000,84.0
17,1473060,45.0
17,1473120,66.0
17,1473180,62.0
17,1473240,35.0
17,1473300,68.0
17,1473360,55.0
17,1473420,64.0
17,1473480,49.0
17,1473540,62.0
17,1473600,52.0
17,1473660,46.0
17,1473720,49.0
17,1473780,82.0
17,1473840,56.0
17,1473900,82.0
17,1473960,70.0
17,1474020,48.0
17,1474080,48.0
17,1474140,64.0
17,1474200,45.0
17,1474260,46.0
17,1474320,56.0
17,1474380,52.0
17,1474440,66.0
17,1474500,29.0
17,1474560,59.0
17,1474620,52.0
17,1474680,46.0
17,1474740,44.0
17,1474800,46.0
17,1474860,28.0
17,1474920,56.0
17,1474980,32.0
17,1475040,36.0
17,1475100,37.0
17,1475160,51.0
17,1475220,44.0
17,1475280,43.0
17,1475340,87.0
17,1475400,62.0
17,1475460,36.0
17,1475520,50.0
17,1475580,80.0
17,1475640,33.0
17,1475700,36.0
17,1475760,51.0
17,1475820,35.0
17,1475880,42.0
17,1475940,46.0
17,1476000,87.0
17,1476060,55.0
17,1476120,46.0
17,1476180,39.0
17,1476240,58.0
17,1476300,101.0
17,1476360,67.0
17,1476420,74.0
17,1476480,45.0
17,1476540,24.0
17,1476600,26.0
17,1476660,46.0
17,1476720,35.0
17,1476780,37.0
17,1476840,45.0
17,1476900,33.0
17,1476960,35.0
17,1477020,25.0
17,1477080,34.0
17,1477140,43.0
17,1477200,32.0
17,1477260,27.0
17,1477320,29.0
17,1477380,26.0
17,1477440,10.0
17,1477500,18.0
17,1477560,26.0
17,1477620,27.0
17,1477680,19.0
17,1477740,22.0
17,1477800,24.0
17,1477860,24.0
17,1477920,23.0
17,1477980,47.0
17,1478040,33.0
17,1478100,32.0
17,1478160,18.0
17,1478220,22.0
17,1478280,25.0
17,1478340,24.0
17,1478400,20.0
17,1478460,36.0
17,1478520,33.0
17,1478580,22.0
17,1478640,23.0
17,1478700,19.0
17,1478760,21.0
17,1478820,32.0
17,1478880,10.0
17,1478940,30.0
17,1479000,33.0
17,1479060,14.0
17,1479120,20.0
17,1479180,22.0
17,1479240,20.0
17,1479300,14.0
17,1479360,19.0
17,1479420,19.0
17,1479480,35.0
17,1479540,18.0
17,1479600,26.0
17,1479660,16.0
17,1479720,28.0
17,1479780,20.0
17,1479840,18.0
17,1479900,7.0
17,1479960,24.0
17,1480020,12.0
17,1480080,19.0
17,1480140,12.0
17,1480200,30.0
17,1480260,17.0
17,1480320,23.0
17,1480380,19.0
17,1480440,24.0
17,1480500,16.0
17,1480560,16.0
17,1480620,23.0
17,1480680,12.0
17,1480740,19.0
17,1480800,33.0
17,1480860,55.0
17,1480920,30.0
17,1480980,42.0
17,1481040,26.0
17,1481100,24.0
17,1481160,19.0
17,1481220,14.0
17,1481280,47.0
17,1481340,23.0
17,1481400,16.0
17,1481460,13.0
17,1481520,21.0
17,1481580,22.0
17,1481640,34.0
17,1481700,27.0
17,1481760,16.0
17,1481820,12.0
17,1481880,9.0
17,1481940,13.0
17,1482000,12.0
17,1482060,30.0
17,1482120,14.0
17,1482180,18.0
17,1482240,23.0
17,1482300,13.0
17,1482360,14.0
17,1482420,14.0
17,1482480,27.0
17,1482540,30.0
17,1482600,13.0
17,1482660,18.0
17,1482720,12.0
17,1482780,8.0
17,1482840,7.0
17,1482900,15.0
17,1482960,9.0
17,1483020,21.0
17,1483080,17.0
17,1483140,16.0
17,1483200,7.0
17,1483260,18.0
17,1483320,10.0
17,1483380,12.0
17,1483440,21.0
17,1483500,12.0
17,1483560,17.0
17,1483620,4.0
17,1483680,12.0
17,1483740,14.0
17,1483800,9.0
17,1483860,13.0
17,1483920,9.0
17,1483980,18.0
17,1484040,12.0
17,1484100,10.0
17,1484160,18.0
17,1484220,2.0
17,1484280,7.0
17,1484340,15.0
17,1484400,16.0
17,1484460,15.0
17,1484520,15.0
17,1484580,9.0
17,1484640,7.0
17,1484700,8.0
17,1484760,6.0
17,1484820,7.0
17,1484880,5.0
17,1484940,7.0
17,1485000,6.0
17,1485060,12.0
17,1485120,21.0
17,1485180,12.0
17,1485240,16.0
17,1485300,17.0
17,1485360,13.0
17,1485420,15.0
17,1485480,17.0
17,1485540,19.0
17,1485600,19.0
17,1485660,25.0
17,1485720,10.0
17,1485780,16.0
17,1485840,3.0
17,1485900,10.0
17,1485960,7.0
17,1486020,8.0
17,1486080,1.0
17,1486140,14.0
17,1486200,6.0
17,1486260,2.0
17,1486320,6.0
17,1486380,6.0
17,1486440,8.0
17,1486500,6.0
17,1486560,9.0
17,1486620,1.0
17,1486680,7.0
17,1486740,5.0
17,1486800,10.0
17,1486860,12.0
17,1486920,7.0
17,1486980,18.0
17,1487040,7.0
17,1487100,6.0
17,1487160,8.0
17,1487220,17.0
17,1487280,6.0
17,1487340,3.0
17,1487400,8.0
17,1487460,6.0
17,1487520,19.0
17,1487580,25.0
17,1487640,16.0
17,1487700,14.0
17,1487760,10.0
17,1487820,10.0
17,1487880,6.0
17,1487940,16.0
17,1488000,12.0
17,1488060,8.0
17,1488120,10.0
17,1488180,15.0
17,1488240,17.0
17,1488300,17.0
17,1488360,7.0
17,1488420,5.0
17,1488480,6.0
17,1488540,3.0
17,1488600,7.0
17,1488660,5.0
17,1488720,9.0
17,1488780,9.0
17,1488840,12.0
17,1488900,6.0
17,1488960,2.0
17,1489020,9.0
17,1489080,2.0
17,1489140,10.0
17,1489200,6.0
17,1489260,1.0
17,1489320,4.0
17,1489380,4.0
17,1489440,3.0
17,1489500,9.0
17,1489560,12.0
17,1489620,9.0
17,1489680,13.0
17,1489740,15.0
17,1489800,12.0
17,1489860,5.0
17,1489920,6.0
17,1489980,13.0
17,1490040,7.0
17,1490100,12.0
17,1490160,4.0
17,1490220,21.0
17,1490280,15.0
17,1490340,4.0
17,1490400,3.0
17,1490460,8.0
17,1490520,5.0
17,1490580,1.0
17,1490640,6.0
17,1490700,7.0
17,1490760,17.0
17,1490820,24.0
17,1490880,32.0
17,1490940,17.0
17,1491000,32.0
17,1491060,37.0
17,1491120,52.0
17,1491180,49.0
17,1491240,45.0
17,1491300,44.0
17,1491360,41.0
17,1491420,38.0
17,1491480,48.0
17,1491540,56.0
17,1491600,50.0
17,1491660,30.0
17,1491720,37.0
17,1491780,10.0
17,1491840,7.0
17,1491900,3.0
17,1491960,5.0
17,1492020,2.0
17,1492080,13.0
17,1492140,4.0
17,1492200,5.0
17,1492260,16.0
17,1492320,24.0
17,1492380,8.0
17,1492440,14.0
17,1492500,9.0
17,1492560,14.0
17,1492620,5.0
17,1492680,13.0
17,1492740,15.0
17,1492800,8.0
17,1492860,12.0
17,1492920,17.0
17,1492980,7.0
17,1493040,9.0
17,1493100,16.0
17,1493160,15.0
17,1493220,10.0
17,1493280,15.0
17,1493340,12.0
17,1493400,15.0
17,1493460,14.0
17,1493520,8.0
17,1493580,16.0
17,1493640,12.0
17,1493700,22.0
17,1493760,13.0
17,1493820,16.0
17,1493880,13.0
17,1493940,13.0
17,1494000,13.0
17,1494060,17.0
17,1494120,13.0
17,1494180,26.0
17,1494240,15.0
17,1494300,19.0
17,1494360,10.0
17,1494420,18.0
17,1494480,25.0
17,1494540,13.0
17,1494600,17.0
17,1494660,19.0
17,1494720,21.0
17,1494780,15.0
17,1494840,23.0
17,1494900,25.0
17,1494960,22.0
17,1495020,13.0
17,1495080,28.0
17,1495140,28.0
17,1495200,12.0
17,1495260,12.0
17,1495320,18.0
17,1495380,37.0
17,1495440,46.0
17,1495500,32.0
17,1495560,39.0
17,1495620,37.0
17,1495680,28.0
17,1495740,26.0
17,1495800,20.0
17,1495860,22.0
17,1495920,67.0
17,1495980,46.0
17,1496040,57.0
17,1496100,26.0
17,1496160,50.0
17,1496220,72.0
17,1496280,41.0
17,1496340,19.0
17,1496400,28.0
17,1496460,35.0
17,1496520,24.0
17,1496580,59.0
17,1496640,47.0
17,1496700,58.0
17,1496760,79.0
17,1496820,77.0
17,1496880,60.0
17,1496940,71.0
17,1497000,75.0
17,1497060,68.0
17,1497120,97.0
17,1497180,85.0
17,1497240,84.0
17,1497300,77.0
17,1497360,84.0
17,1497420,58.0
17,1497480,45.0
17,1497540,30.0
17,1497600,33.0
17,1497660,55.0
17,1497720,65.0
17,1497780,69.0
17,1497840,46.0
17,1497900,51.0
17,1497960,48.0
17,1498020,47.0
17,1498080,51.0
17,1498140,41.0
17,1498200,43.0
17,1498260,65.0
17,1498320,49.0
17,1498380,59.0
17,1498440,72.0
17,1498500,117.0
17,1498560,78.0
17,1498620,102.0
17,1498680,70.0
17,1498740,76.0
17,1498800,92.0
17,1498860,94.0
17,1498920,110.0
17,1498980,76.0
17,1499040,113.0
17,1499100,102.0
17,1499160,71.0
17,1499220,112.0
17,1499280,112.0
17,1499340,106.0
17,1499400,67.0
17,1499460,71.0
17,1499520,76.0
17,1499580,61.0
17,1499640,76.0
17,1499700,39.0
17,1499760,82.0
17,1499820,59.0
17,1499880,112.0
17,1499940,88.0
17,1500000,92.0
17,1500060,80.0
17,1500120,77.0
17,1500180,91.0
17,1500240,80.0
17,1500300,91.0
17,1500360,81.0
17,1500420,79.0
17,1500480,90.0
17,1500540,83.0
17,1500600,88.0
17,1500660,71.0
17,1500720,111.0
17,1500780,97.0
17,1500840,75.0
17,1500900,133.0
17,1500960,68.0
17,1501020,102.0
17,1501080,114.0
17,1501140,91.0
17,1501200,82.0
17,1501260,93.0
17,1501320,90.0
17,1501380,125.0
17,1501440,105.0
17,1501500,150.0
17,1501560,143.0
17,1501620,141.0
17,1501680,154.0
17,1501740,143.0
17,1501800,133.0
17,1501860,141.0
17,1501920,131.0
17,1501980,164.0
17,1502040,113.0
17,1502100,94.0
17,1502160,118.0
17,1502220,182.0
17,1502280,176.0
17,1502340,120.0
17,1502400,108.0
17,1502460,129.0
17,1502520,105.0
17,1502580,112.0
17,1502640,94.0
17,1502700,71.0
17,1502760,152.0
17,1502820,87.0
17,1502880,97.0
17,1502940,118.0
17,1503000,110.0
17,1503060,129.0
17,1503120,122.0
17,1503180,106.0
17,1503240,103.0
17,1503300,89.0
17,1503360,108.0
17,1503420,149.0
17,1503480,145.0
17,1503540,110.0
17,1503600,140.0
17,1503660,155.0
17,1503720,142.0
17,1503780,135.0
17,1503840,136.0
17,1503900,152.0
17,1503960,163.0
17,1504020,121.0
17,1504080,170.0
17,1504140,150.0
17,1504200,113.0
17,1504260,108.0
17,1504320,111.0
17,1504380,135.0
17,1504440,109.0
17,1504500,100.0
17,1504620,122.0
17,1504680,116.0
17,1504740,149.0
17,1504800,127.0
17,1504860,180.0
17,1504920,163.0
17,1504980,174.0
17,1505040,176.0
17,1505100,165.0
17,1505160,167.0
17,1505220,186.0
17,1505280,164.0
17,1505340,142.0
17,1505400,129.0
17,1505460,150.0
17,1505520,130.0
17,1505580,147.0
17,1505640,173.0
17,1505700,185.0
17,1505760,168.0
17,1505820,181.0
17,1506060,113.0
17,1506120,134.0
17,1506180,111.0
17,1506240,149.0
17,1506300,149.0
17,1506360,133.0
17,1506420,109.0
17,1506480,153.0
17,1506540,168.0
17,1506600,135.0
17,1506660,146.0
17,1506720,110.0
17,1506780,124.0
17,1506840,170.0
17,1506900,181.0
17,1506960,173.0
17,1507020,160.0
17,1507080,146.0
17,1507140,120.0
17,1507200,154.0
17,1507260,136.0
17,1507320,125.0
17,1507380,131.0
17,1507440,112.0
17,1507500,110.0
17,1507560,160.0
17,1507620,117.0
17,1507680,142.0
17,1507740,152.0
17,1507800,158.0
17,1507860,170.0
17,1507920,151.0
17,1507980,151.0
17,1508040,144.0
17,1508100,123.0
17,1508160,110.0
17,1508220,142.0
17,1508280,147.0
17,1508340,122.0
17,1508400,117.0
17,1508460,114.0
17,1508520,117.0
17,1508580,143.0
17,1508640,133.0
17,1508700,158.0
17,1508760,142.0
17,1508820,127.0
17,1508880,152.0
17,1508940,144.0
17,1509000,154.0
17,1509060,116.0
17,1509120,131.0
17,1509180,156.0
17,1509240,116.0
17,1509300,121.0
17,1509360,131.0
17,1509420,125.0
17,1509480,121.0
17,1509540,128.0
17,1509600,132.0
17,1509660,129.0
17,1509720,154.0
17,1509780,135.0
17,1509840,113.0
17,1509900,147.0
17,1509960,124.0
17,1510020,108.0
17,1510080,125.0
17,1510140,123.0
17,1510200,143.0
17,1510260,129.0
17,1510320,154.0
17,1510380,139.0
17,1510440,184.0
17,1510500,133.0
17,1510560,170.0
17,1510620,171.0
17,1510680,188.0
17,1510740,180.0
17,1510800,156.0
17,1510860,142.0
17,1510920,135.0
17,1510980,155.0
17,1511040,144.0
17,1511100,140.0
17,1511160,140.0
17,1511280,186.0
17,1511340,133.0
17,1511400,154.0
17,1511460,186.0
17,1511520,160.0
17,1511580,142.0
17,1511640,145.0
17,1511700,143.0
17,1511760,141.0
17,1511820,140.0
17,1511880,127.0
17,1511940,134.0
17,1512000,141.0
17,1512060,159.0
17,1512120,191.0
17,1512180,134.0
17,1512240,120.0
17,1512300,149.0
17,1512360,144.0
17,1512420,131.0
17,1512480,136.0
17,1512540,136.0
17,1512600,153.0
17,1512660,176.0
17,1512720,138.0
17,1512780,160.0
17,1512840,168.0
17,1512900,149.0
17,1512960,198.0
17,1513020,131.0
17,1513080,146.0
17,1513140,155.0
17,1513200,166.0
17,1513260,182.0
17,1513320,166.0
17,1513380,167.0
17,1513440,209.0
17,1513500,180.0
17,1513560,155.0
17,1513620,130.0
17,1513680,139.0
17,1513740,133.0
17,1513800,131.0
17,1513860,139.0
17,1513920,123.0
17,1513980,159.0
17,1514040,127.0
17,1514100,154.0
17,1514160,132.0
17,1514220,121.0
17,1514280,99.0
17,1514340,130.0
17,1514400,116.0
17,1514460,136.0
17,1514520,111.0
17,1514580,153.0
17,1514640,125.0
17,1514700,125.0
17,1514760,143.0
17,1514820,166.0
17,1514880,153.0
17,1514940,145.0
17,1515000,125.0
17,1515060,145.0
17,1515120,152.0
17,1515180,149.0
17,1515240,116.0
17,1515300,116.0
17,1515360,152.0
17,1515420,187.0
17,1515480,139.0
17,1515540,146.0
17,1515600,90.0
17,1515660,113.0
17,1515720,133.0
17,1515780,144.0
17,1515840,180.0
17,1515900,162.0
17,1515960,110.0
17,1516020,148.0
17,1516080,132.0
17,1516140,205.0
17,1516200,163.0
17,1516260,152.0
17,1516320,165.0
17,1516380,160.0
17,1516440,154.0
17,1516500,149.0
17,1516560,175.0
17,1516620,170.0
17,1516680,156.0
17,1516740,190.0
17,1516800,116.0
17,1516860,113.0
17,1516920,123.0
17,1516980,132.0
17,1517040,174.0
17,1517100,161.0
17,1517160,142.0
17,1517220,150.0
17,1517280,139.0
17,1517340,147.0
17,1517400,113.0
17,1517460,103.0
17,1517520,145.0
17,1517580,108.0
17,1517640,146.0
17,1517700,168.0
17,1517760,139.0
17,1517820,133.0
17,1517880,126.0
17,1517940,146.0
17,1518000,122.0
17,1518060,140.0
17,1518120,127.0
17,1518180,175.0
17,1518240,153.0
17,1518300,138.0
17,1518360,155.0
17,1518420,146.0
17,1518480,150.0
17,1518540,145.0
17,1518600,114.0
17,1518660,128.0
17,1518720,159.0
17,1518780,136.0
17,1518840,127.0
17,1518900,118.0
17,1518960,99.0
17,1519020,119.0
17,1519080,153.0
17,1519140,175.0
17,1519200,153.0
17,1519260,147.0
17,1519320,132.0
17,1519380,145.0
17,1519440,143.0
17,1519500,162.0
17,1519560,156.0
17,1519620,147.0
17,1519680,201.0
17,1519740,169.0
17,1519800,169.0
17,1519860,189.0
17,1519920,206.0
17,1519980,228.0
17,1520040,153.0
17,1520100,141.0
17,1520160,94.0
17,1520220,143.0
17,1520280,167.0
17,1520340,144.0
17,1520400,159.0
17,1520460,93.0
17,1520520,118.0
17,1520580,114.0
17,1520640,122.0
17,1520700,150.0
17,1520760,138.0
17,1520820,140.0
17,1520880,153.0
17,1520940,178.0
17,1521000,159.0
17,1521060,140.0
17,1521120,166.0
17,1521180,134.0
17,1521240,148.0
17,1521300,180.0
17,1521360,146.0
17,1521420,138.0
17,1521480,116.0
17,1521540,142.0
17,1521600,172.0
17,1521660,175.0
17,1521720,126.0
17,1521780,136.0
17,1521840,112.0
17,1521900,100.0
17,1521960,124.0
17,1522020,83.0
17,1522080,122.0
17,1522140,128.0
17,1522200,142.0
17,1522260,84.0
17,1522320,105.0
17,1522380,93.0
17,1522440,74.0
17,1522500,136.0
17,1522560,119.0
17,1522620,164.0
17,1522680,104.0
17,1522740,114.0
17,1522800,160.0
17,1522860,175.0
17,1522920,160.0
17,1522980,184.0
17,1523040,148.0
17,1523100,161.0
17,1523160,193.0
17,1523220,162.0
17,1523280,122.0
17,1523340,140.0
17,1523400,201.0
17,1523460,207.0
17,1523520,153.0
17,1523580,142.0
17,1523640,142.0
17,1523700,180.0
17,1523760,192.0
17,1523820,183.0
17,1523880,165.0
17,1523940,147.0
17,1524000,110.0
17,1524060,171.0
17,1524120,170.0
17,1524180,193.0
17,1524240,150.0
17,1524300,147.0
17,1524360,148.0
17,1524420,175.0
17,1524480,203.0
17,1524540,151.0
17,1524600,89.0
17,1524660,97.0
17,1524720,149.0
17,1524780,178.0
17,1524840,162.0
17,1524900,184.0
17,1524960,190.0
17,1525020,180.0
17,1525080,186.0
17,1525140,148.0
17,1525200,154.0
17,1525260,164.0
17,1525320,168.0
17,1525380,156.0
17,1525440,136.0
17,1525500,147.0
17,1525560,159.0
17,1525620,190.0
17,1525680,154.0
17,1525740,178.0
17,1525800,194.0
17,1525860,211.0
17,1525920,144.0
17,1525980,143.0
17,1526040,151.0
17,1526100,187.0
17,1526160,152.0
17,1526220,192.0
17,1526280,191.0
17,1526340,215.0
17,1526400,164.0
17,1526460,124.0
17,1526520,170.0
17,1526580,169.0
17,1526640,135.0
17,1526700,146.0
17,1526760,158.0
17,1526820,123.0
17,1526880,149.0
17,1526940,126.0
17,1527000,124.0
17,1527060,119.0
17,1527120,126.0
17,1527300,146.0
17,1527360,155.0
17,1527420,171.0
17,1527480,166.0
17,1527540,128.0
17,1527600,174.0
17,1527660,181.0
17,1527720,182.0
17,1527780,168.0
17,1527840,143.0
17,1527900,191.0
17,1527960,114.0
17,1528020,132.0
17,1528080,161.0
17,1528140,148.0
17,1528200,166.0
17,1528260,194.0
17,1528320,139.0
17,1528380,125.0
17,1528440,120.0
17,1528500,182.0
17,1528560,155.0
17,1528620,148.0
17,1528680,180.0
17,1528740,166.0
17,1528800,154.0
17,1528860,155.0
17,1528920,138.0
17,1528980,165.0
17,1529040,193.0
17,1529100,155.0
17,1529160,135.0
17,1529220,107.0
17,1529280,104.0
17,1529340,128.0
17,1529400,121.0
17,1529460,167.0
17,1529520,145.0
17,1529580,133.0
17,1529640,135.0
17,1529700,144.0
17,1529760,159.0
17,1529820,159.0
17,1529880,154.0
17,1529940,162.0
17,1530000,113.0
17,1530060,120.0
17,1530120,171.0
17,1530180,110.0
17,1530240,166.0
17,1530300,153.0
17,1530360,133.0
17,1530420,99.0
17,1530480,126.0
17,1530540,150.0
17,1530600,122.0
17,1530660,94.0
17,1530720,161.0
17,1530780,180.0
17,1530840,140.0
17,1530900,167.0
17,1530960,218.0
17,1531020,209.0
17,1531080,185.0
17,1531140,163.0
17,1531200,148.0
17,1531260,158.0
17,1531320,151.0
17,1531380,148.0
17,1531440,163.0
17,1531500,118.0
17,1531560,222.0
17,1531620,196.0
17,1531680,144.0
17,1531740,155.0
17,1531800,132.0
17,1531860,118.0
17,1531920,108.0
17,1531980,138.0
17,1532040,168.0
17,1532100,124.0
17,1532160,176.0
17,1532220,176.0
17,1532280,133.0
17,1532340,112.0
17,1532400,104.0
17,1532460,101.0
17,1532520,144.0
17,1532580,82.0
17,1532640,136.0
17,1532700,123.0
17,1532760,119.0
17,1532820,119.0
17,1532880,105.0
17,1532940,120.0
17,1533000,104.0
17,1533060,148.0
17,1533120,148.0
17,1533180,144.0
17,1533240,120.0
17,1533300,109.0
17,1533360,150.0
17,1533420,139.0
17,1533480,143.0
17,1533540,153.0
17,1533600,135.0
17,1533660,127.0
17,1533720,136.0
17,1533780,164.0
17,1533840,218.0
17,1533900,202.0
17,1533960,178.0
17,1534020,148.0
17,1534080,177.0
17,1534140,185.0
17,1534200,168.0
17,1534260,196.0
17,1534320,187.0
17,1534380,155.0
17,1534440,114.0
17,1534500,97.0
17,1534560,141.0
17,1534620,154.0
17,1534680,148.0
17,1534740,152.0
17,1534800,131.0
17,1534860,119.0
17,1534920,120.0
17,1534980,145.0
17,1535040,161.0
17,1535100,153.0
17,1535160,144.0
17,1535220,131.0
17,1535280,151.0
17,1535340,147.0
17,1535400,123.0
17,1535460,111.0
17,1535520,114.0
17,1535580,134.0
17,1535640,139.0
17,1535700,117.0
17,1535760,143.0
17,1535820,104.0
17,1535880,136.0
17,1535940,129.0
17,1536000,98.0
17,1536060,124.0
17,1536120,129.0
17,1536180,140.0
17,1536240,103.0
17,1536300,127.0
17,1536360,149.0
17,1536420,146.0
17,1536480,155.0
17,1536540,168.0
17,1536600,141.0
17,1536660,153.0
17,1536720,170.0
17,1536780,152.0
17,1536840,175.0
17,1536900,123.0
17,1536960,122.0
17,1537020,102.0
17,1537080,122.0
17,1537140,112.0
17,1537200,133.0
17,1537260,181.0
17,1537320,205.0
17,1537380,169.0
17,1537440,184.0
17,1537500,185.0
17,1537560,165.0
17,1537620,167.0
17,1537680,145.0
17,1537740,168.0
17,1537800,188.0
17,1537860,182.0
17,1537920,142.0
17,1537980,143.0
17,1538040,116.0
17,1538100,107.0
17,1538160,144.0
17,1538220,148.0
17,1538280,149.0
17,1538340,134.0
17,1538400,171.0
17,1538460,146.0
17,1538520,172.0
17,1538580,124.0
17,1538640,130.0
17,1538700,121.0
17,1538760,94.0
17,1538820,122.0
17,1538880,162.0
17,1538940,177.0
17,1539000,124.0
17,1539060,117.0
17,1539120,103.0
17,1539180,153.0
17,1539240,155.0
17,1539300,156.0
17,1539360,158.0
17,1539420,161.0
17,1539480,197.0
17,1539540,210.0
17,1539600,152.0
17,1539660,141.0
17,1539720,159.0
17,1539780,135.0
17,1539840,141.0
17,1539900,142.0
17,1539960,186.0
17,1540020,149.0
17,1540080,134.0
17,1540140,186.0
17,1540200,174.0
17,1540260,177.0
17,1540320,124.0
17,1540380,148.0
17,1540440,113.0
17,1540500,148.0
17,1540560,138.0
17,1540620,151.0
17,1540680,158.0
17,1540740,166.0
17,1540800,150.0
17,1540860,165.0
17,1540920,143.0
17,1540980,150.0
17,1541040,180.0
17,1541100,118.0
17,1541160,135.0
17,1541220,165.0
17,1541280,202.0
17,1541340,239.0
17,1541400,181.0
17,1541460,160.0
17,1541520,196.0
17,1541580,225.0
17,1541640,193.0
17,1541700,218.0
17,1541760,233.0
17,1541820,265.0
17,1541880,286.0
17,1541940,251.0
17,1542000,256.0
17,1542120,231.0
17,1542180,250.0
17,1542240,226.0
17,1542300,225.0
17,1542360,224.0
17,1542420,264.0
17,1542480,255.0
17,1542540,175.0
17,1542600,165.0
17,1542780,156.0
17,1542840,168.0
17,1542900,202.0
17,1542960,182.0
17,1543020,245.0
17,1543080,208.0
17,1543140,222.0
17,1543200,244.0
17,1543260,217.0
17,1543320,248.0
17,1543380,213.0
17,1543440,176.0
17,1543500,178.0
17,1543560,207.0
17,1543620,243.0
17,1543680,242.0
17,1543740,265.0
17,1543800,248.0
17,1543860,167.0
17,1543920,160.0
17,1543980,184.0
17,1544040,231.0
17,1544100,227.0
17,1544160,203.0
17,1544220,208.0
17,1544280,225.0
17,1544340,190.0
17,1544400,240.0
17,1544460,220.0
17,1544520,250.0
17,1544580,219.0
17,1544640,208.0
17,1544700,254.0
17,1544760,209.0
17,1544820,227.0
17,1544880,259.0
17,1544940,231.0
17,1545000,215.0
17,1545060,227.0
17,1545120,202.0
17,1545180,185.0
17,1545240,205.0
17,1545300,168.0
17,1545360,210.0
17,1545420,242.0
17,1545480,257.0
17,1545540,242.0
17,1545600,234.0
17,1545660,204.0
17,1545720,230.0
17,1545780,248.0
17,1545840,206.0
17,1545900,222.0
17,1545960,201.0
17,1546020,192.0
17,1546080,213.0
17,1546140,194.0
17,1546200,174.0
17,1546260,191.0
17,1546320,186.0
17,1546380,202.0
17,1546440,174.0
17,1546500,217.0
17,1546560,140.0
17,1546620,180.0
17,1546680,233.0
17,1546740,171.0
17,1546800,164.0
17,1546860,211.0
17,1546920,178.0
17,1546980,155.0
17,1547040,197.0
17,1547100,183.0
17,1547160,152.0
17,1547220,183.0
17,1547280,240.0
17,1547340,247.0
17,1547400,231.0
17,1547460,182.0
17,1547520,146.0
17,1547580,159.0
17,1547640,193.0
17,1547700,190.0
17,1547760,160.0
17,1547820,201.0
17,1547880,149.0
17,1547940,165.0
17,1548000,193.0
17,1548060,165.0
17,1548120,149.0
17,1548180,206.0
17,1548240,203.0
17,1548300,210.0
17,1548360,156.0
17,1548420,162.0
17,1548480,155.0
17,1548540,160.0
17,1548600,145.0
17,1548660,163.0
17,1548720,188.0
17,1548780,166.0
17,1548840,202.0
17,1548900,189.0
17,1548960,171.0
17,1549020,208.0
17,1549080,146.0
17,1549140,212.0
17,1549200,187.0
17,1549260,208.0
17,1549320,244.0
17,1549380,215.0
17,1549440,191.0
17,1549500,181.0
17,1549560,141.0
17,1549620,148.0
17,1549680,153.0
17,1549740,207.0
17,1549800,163.0
17,1549860,144.0
17,1549920,173.0
17,1549980,164.0
17,1550040,109.0
17,1550100,134.0
17,1550160,200.0
17,1550220,176.0
17,1550280,284.0
17,1550340,222.0
17,1550400,219.0
17,1550460,168.0
17,1550520,178.0
17,1550580,202.0
17,1550640,194.0
17,1550700,154.0
17,1550760,138.0
17,1550820,201.0
17,1550880,200.0
17,1550940,174.0
17,1551000,135.0
17,1551060,165.0
17,1551120,180.0
17,1551180,175.0
17,1551240,173.0
17,1551300,190.0
17,1551360,152.0
17,1551420,154.0
17,1551480,188.0
17,1551540,142.0
17,1551600,151.0
17,1551660,151.0
17,1551720,149.0
17,1551780,144.0
17,1551840,184.0
17,1551900,190.0
17,1551960,130.0
17,1552020,159.0
17,1552080,169.0
17,1552140,169.0
17,1552200,177.0
17,1552260,130.0
17,1552320,134.0
17,1552380,145.0
17,1552440,147.0
17,1552500,166.0
17,1552560,161.0
17,1552620,165.0
17,1552680,138.0
17,1552740,158.0
17,1552800,219.0
17,1552860,152.0
17,1552920,155.0
17,1552980,150.0
17,1553040,167.0
17,1553100,150.0
17,1553160,146.0
17,1553220,168.0
17,1553280,144.0
17,1553340,149.0
17,1553400,146.0
17,1553460,169.0
17,1553520,159.0
17,1553580,126.0
17,1553640,172.0
17,1553700,129.0
17,1553760,105.0
17,1553820,112.0
17,1553880,108.0
17,1553940,150.0
17,1554000,117.0
17,1554060,114.0
17,1554120,138.0
17,1554180,77.0
17,1554240,111.0
17,1554300,122.0
17,1554360,100.0
17,1554420,108.0
17,1554480,80.0
17,1554540,109.0
17,1554600,97.0
17,1554660,77.0
17,1554720,87.0
17,1554780,117.0
17,1554840,130.0
17,1554900,119.0
17,1554960,130.0
17,1555020,96.0
17,1555080,108.0
17,1555140,102.0
18,1555200,110.0
18,1555260,128.0
18,1555320,99.0
18,1555380,99.0
18,1555440,125.0
18,1555500,122.0
18,1555560,141.0
18,1555620,96.0
18,1555680,96.0
18,1555740,90.0
18,1555800,80.0
18,1555860,91.0
18,1555920,104.0
18,1555980,116.0
18,1556040,108.0
18,1556100,86.0
18,1556160,92.0
18,1556220,102.0
18,1556280,99.0
18,1556340,92.0
18,1556400,76.0
18,1556460,98.0
18,1556520,71.0
18,1556580,110.0
18,1556640,77.0
18,1556700,76.0
18,1556760,111.0
18,1556820,109.0
18,1556880,109.0
18,1556940,88.0
18,1557000,71.0
18,1557060,113.0
18,1557120,94.0
18,1557180,70.0
18,1557240,66.0
18,1557300,68.0
18,1557360,97.0
18,1557420,119.0
18,1557480,107.0
18,1557540,93.0
18,1557600,127.0
18,1557660,72.0
18,1557720,80.0
18,1557780,72.0
18,1557840,65.0
18,1557900,71.0
18,1557960,82.0
18,1558020,69.0
18,1558080,93.0
18,1558140,86.0
18,1558200,78.0
18,1558260,59.0
18,1558320,59.0
18,1558380,72.0
18,1558440,65.0
18,1558500,90.0
18,1558560,70.0
18,1558620,78.0
18,1558680,55.0
18,1558740,72.0
18,1558800,54.0
18,1558860,61.0
18,1558920,58.0
18,1558980,81.0
18,1559040,94.0
18,1559100,83.0
18,1559160,122.0
18,1559220,65.0
18,1559280,92.0
18,1559340,47.0
18,1559400,65.0
18,1559460,86.0
18,1559520,72.0
18,1559580,87.0
18,1559640,57.0
18,1559700,60.0
18,1559760,63.0
18,1559820,60.0
18,1559880,74.0
18,1559940,64.0
18,1560000,75.0
18,1560060,51.0
18,1560120,52.0
18,1560180,67.0
18,1560240,71.0
18,1560300,51.0
18,1560360,40.0
18,1560420,56.0
18,1560480,67.0
18,1560540,84.0
18,1560600,50.0
18,1560660,56.0
18,1560720,61.0
18,1560780,70.0
18,1560840,42.0
18,1560900,55.0
18,1560960,42.0
18,1561020,41.0
18,1561080,40.0
18,1561140,45.0
18,1561200,67.0
18,1561260,35.0
18,1561320,48.0
18,1561380,48.0
18,1561440,47.0
18,1561500,59.0
18,1561560,89.0
18,1561620,47.0
18,1561680,84.0
18,1561740,49.0
18,1561800,38.0
18,1561860,65.0
18,1561920,38.0
18,1561980,42.0
18,1562040,29.0
18,1562100,39.0
18,1562160,27.0
18,1562220,38.0
18,1562280,37.0
18,1562340,35.0
18,1562400,36.0
18,1562460,45.0
18,1562520,41.0
18,1562580,29.0
18,1562640,36.0
18,1562700,33.0
18,1562760,52.0
18,1562820,49.0
18,1562880,36.0
18,1562940,54.0
18,1563000,44.0
18,1563060,23.0
18,1563120,37.0
18,1563180,28.0
18,1563240,22.0
18,1563300,23.0
18,1563360,23.0
18,1563420,48.0
18,1563480,32.0
18,1563540,35.0
18,1563600,28.0
18,1563660,41.0
18,1563720,19.0
18,1563780,28.0
18,1563840,20.0
18,1563900,27.0
18,1563960,41.0
18,1564020,33.0
18,1564080,39.0
18,1564140,29.0
18,1564200,21.0
18,1564260,18.0
18,1564320,27.0
18,1564380,49.0
18,1564440,30.0
18,1564500,39.0
18,1564560,27.0
18,1564620,22.0
18,1564680,18.0
18,1564740,32.0
18,1564800,35.0
18,1564860,52.0
18,1564920,52.0
18,1564980,20.0
18,1565040,23.0
18,1565100,26.0
18,1565160,21.0
18,1565220,17.0
18,1565280,14.0
18,1565340,13.0
18,1565400,15.0
18,1565460,15.0
18,1565520,28.0
18,1565580,18.0
18,1565640,41.0
18,1565700,25.0
18,1565760,26.0
18,1565820,20.0
18,1565880,23.0
18,1565940,25.0
18,1566000,22.0
18,1566060,29.0
18,1566120,23.0
18,1566180,21.0
18,1566240,25.0
18,1566300,26.0
18,1566360,17.0
18,1566420,28.0
18,1566480,21.0
18,1566540,7.0
18,1566600,21.0
18,1566660,32.0
18,1566720,14.0
18,1566780,36.0
18,1566840,14.0
18,1566900,22.0
18,1566960,13.0
18,1567020,30.0
18,1567080,18.0
18,1567140,29.0
18,1567200,20.0
18,1567260,15.0
18,1567320,19.0
18,1567380,16.0
18,1567440,5.0
18,1567500,5.0
18,1567560,23.0
18,1567620,12.0
18,1567680,7.0
18,1567740,22.0
18,1567800,18.0
18,1567860,27.0
18,1567920,8.0
18,1567980,24.0
18,1568040,19.0
18,1568100,13.0
18,1568160,14.0
18,1568220,18.0
18,1568280,13.0
18,1568340,5.0
18,1568400,5.0
18,1568460,12.0
18,1568520,17.0
18,1568580,8.0
18,1568640,13.0
18,1568700,7.0
18,1568760,9.0
18,1568820,17.0
18,1568880,15.0
18,1568940,20.0
18,1569000,7.0
18,1569060,9.0
18,1569120,6.0
18,1569180,7.0
18,1569240,8.0
18,1569300,7.0
18,1569360,14.0
18,1569420,13.0
18,1569480,8.0
18,1569540,10.0
18,1569600,10.0
18,1569660,10.0
18,1569720,6.0
18,1569780,4.0
18,1569840,12.0
18,1569900,8.0
18,1569960,10.0
18,1570020,14.0
18,1570080,12.0
18,1570140,23.0
18,1570200,12.0
18,1570260,16.0
18,1570320,9.0
18,1570380,8.0
18,1570440,12.0
18,1570500,8.0
18,1570560,15.0
18,1570620,9.0
18,1570680,9.0
18,1570740,12.0
18,1570800,5.0
18,1570860,9.0
18,1570920,8.0
18,1570980,12.0
18,1571040,7.0
18,1571100,19.0
18,1571160,15.0
18,1571220,25.0
18,1571280,10.0
18,1571340,9.0
18,1571400,12.0
18,1571460,8.0
18,1571520,18.0
18,1571580,9.0
18,1571640,12.0
18,1571700,7.0
18,1571760,4.0
18,1571820,5.0
18,1571880,2.0
18,1571940,4.0
18,1572000,3.0
18,1572060,5.0
18,1572120,7.0
18,1572180,9.0
18,1572240,7.0
18,1572300,9.0
18,1572360,16.0
18,1572420,3.0
18,1572480,4.0
18,1572540,9.0
18,1572600,5.0
18,1572660,6.0
18,1572720,10.0
18,1572780,1.0
18,1572840,10.0
18,1572900,7.0
18,1572960,6.0
18,1573020,3.0
18,1573080,9.0
18,1573140,2.0
18,1573200,12.0
18,1573260,6.0
18,1573320,6.0
18,1573380,7.0
18,1573440,8.0
18,1573500,6.0
18,1573560,6.0
18,1573620,7.0
18,1573680,3.0
18,1573740,2.0
18,1573800,5.0
18,1573860,1.0
18,1573920,13.0
18,1573980,22.0
18,1574040,16.0
18,1574100,9.0
18,1574160,19.0
18,1574220,17.0
18,1574280,8.0
18,1574340,12.0
18,1574400,8.0
18,1574460,8.0
18,1574520,14.0
18,1574580,12.0
18,1574640,2.0
18,1574700,6.0
18,1574760,9.0
18,1574820,19.0
18,1574880,10.0
18,1574940,8.0
18,1575000,21.0
18,1575060,39.0
18,1575120,30.0
18,1575180,52.0
18,1575240,33.0
18,1575300,25.0
18,1575360,12.0
18,1575420,16.0
18,1575480,27.0
18,1575540,12.0
18,1575600,18.0
18,1575660,10.0
18,1575720,21.0
18,1575780,25.0
18,1575840,20.0
18,1575900,13.0
18,1575960,10.0
18,1576020,6.0
18,1576080,28.0
18,1576140,21.0
18,1576200,26.0
18,1576260,15.0
18,1576320,13.0
18,1576380,4.0
18,1576440,16.0
18,1576500,28.0
18,1576560,16.0
18,1576620,30.0
18,1576680,40.0
18,1576740,47.0
18,1576800,54.0
18,1576860,32.0
18,1576920,44.0
18,1576980,33.0
18,1577040,43.0
18,1577100,39.0
18,1577160,33.0
18,1577220,29.0
18,1577280,49.0
18,1577340,40.0
18,1577400,41.0
18,1577460,29.0
18,1577520,50.0
18,1577580,48.0
18,1577640,56.0
18,1577700,55.0
18,1577760,5.0
18,1577820,8.0
18,1577880,3.0
18,1577940,12.0
18,1578000,8.0
18,1578060,3.0
18,1578120,10.0
18,1578180,9.0
18,1578240,18.0
18,1578300,7.0
18,1578360,6.0
18,1578420,18.0
18,1578480,16.0
18,1578540,7.0
18,1578600,9.0
18,1578660,5.0
18,1578720,12.0
18,1578780,16.0
18,1578840,12.0
18,1578900,7.0
18,1578960,9.0
18,1579020,7.0
18,1579080,14.0
18,1579140,13.0
18,1579200,3.0
18,1579260,6.0
18,1579320,4.0
18,1579380,5.0
18,1579440,7.0
18,1579500,9.0
18,1579560,12.0
18,1579620,7.0
18,1579680,8.0
18,1579740,9.0
18,1579800,6.0
18,1579860,6.0
18,1579920,18.0
18,1579980,39.0
18,1580040,17.0
18,1580100,20.0
18,1580160,22.0
18,1580220,10.0
18,1580280,27.0
18,1580340,18.0
18,1580400,14.0
18,1580460,19.0
18,1580520,29.0
18,1580580,20.0
18,1580640,22.0
18,1580700,28.0
18,1580760,27.0
18,1580820,18.0
18,1580880,32.0
18,1580940,20.0
18,1581000,17.0
18,1581060,36.0
18,1581120,69.0
18,1581180,58.0
18,1581240,54.0
18,1581300,59.0
18,1581360,70.0
18,1581420,67.0
18,1581480,71.0
18,1581540,64.0
18,1581600,75.0
18,1581660,80.0
18,1581720,62.0
18,1581780,60.0
18,1581840,23.0
18,1581900,25.0
18,1581960,50.0
18,1582020,30.0
18,1582080,42.0
18,1582140,28.0
18,1582200,27.0
18,1582260,28.0
18,1582320,41.0
18,1582380,24.0
18,1582440,43.0
18,1582500,32.0
18,1582560,28.0
18,1582620,27.0
18,1582680,38.0
18,1582740,48.0
18,1582800,38.0
18,1582860,42.0
18,1582920,32.0
18,1582980,32.0
18,1583040,26.0
18,1583100,33.0
18,1583160,44.0
18,1583220,49.0
18,1583280,40.0
18,1583340,46.0
18,1583400,43.0
18,1583460,47.0
18,1583520,33.0
18,1583580,34.0
18,1583640,41.0
18,1583700,46.0
18,1583760,71.0
18,1583820,46.0
18,1583880,51.0
18,1583940,45.0
18,1584000,52.0
18,1584060,50.0
18,1584120,49.0
18,1584180,56.0
18,1584240,60.0
18,1584300,63.0
18,1584360,58.0
18,1584420,59.0
18,1584480,48.0
18,1584540,67.0
18,1584600,70.0
18,1584660,104.0
18,1584720,71.0
18,1584780,99.0
18,1584840,100.0
18,1584900,110.0
18,1584960,81.0
18,1585020,113.0
18,1585080,78.0
18,1585140,92.0
18,1585200,63.0
18,1585260,66.0
18,1585320,100.0
18,1585380,54.0
18,1585440,92.0
18,1585500,85.0
18,1585560,79.0
18,1585620,93.0
18,1585680,72.0
18,1585740,64.0
18,1585800,94.0
18,1585860,91.0
18,1585920,92.0
18,1585980,41.0
18,1586040,55.0
18,1586100,79.0
18,1586160,68.0
18,1586220,65.0
18,1586280,82.0
18,1586340,79.0
18,1586400,62.0
18,1586460,61.0
18,1586520,92.0
18,1586580,76.0
18,1586640,87.0
18,1586700,83.0
18,1586760,79.0
18,1586820,86.0
18,1586880,97.0
18,1586940,79.0
18,1587000,78.0
18,1587060,66.0
18,1587120,90.0
18,1587180,84.0
18,1587240,79.0
18,1587300,77.0
18,1587360,74.0
18,1587420,94.0
18,1587480,113.0
18,1587540,109.0
18,1587600,78.0
18,1587660,94.0
18,1587720,112.0
18,1587780,107.0
18,1587840,76.0
18,1587900,66.0
18,1587960,91.0
18,1588020,99.0
18,1588080,114.0
18,1588140,87.0
18,1588200,128.0
18,1588260,131.0
18,1588320,154.0
18,1588380,166.0
18,1588440,160.0
18,1588500,126.0
18,1588560,104.0
18,1588620,150.0
18,1588680,170.0
18,1588740,192.0
18,1588800,210.0
18,1588860,148.0
18,1588920,113.0
18,1588980,138.0
18,1589040,117.0
18,1589100,109.0
18,1589160,114.0
18,1589220,133.0
18,1589280,99.0
18,1589340,108.0
18,1589400,82.0
18,1589460,110.0
18,1589520,102.0
18,1589580,122.0
18,1589640,123.0
18,1589700,82.0
18,1589760,102.0
18,1589820,129.0
18,1589880,96.0
18,1589940,107.0
18,1590000,96.0
18,1590060,113.0
18,1590120,134.0
18,1590180,145.0
18,1590240,110.0
18,1590300,89.0
18,1590360,133.0
18,1590420,168.0
18,1590480,131.0
18,1590540,122.0
18,1590600,87.0
18,1590660,106.0
18,1590720,123.0
18,1590780,128.0
18,1590840,120.0
18,1590900,101.0
18,1590960,167.0
18,1591020,178.0
18,1591080,144.0
18,1591140,121.0
18,1591200,146.0
18,1591260,100.0
18,1591320,114.0
18,1591380,139.0
18,1591440,121.0
18,1591500,145.0
18,1591560,153.0
18,1591620,191.0
18,1591680,201.0
18,1591740,216.0
18,1591800,188.0
18,1591860,200.0
18,1591920,165.0
18,1591980,153.0
18,1592040,184.0
18,1592100,136.0
18,1592160,148.0
18,1592220,153.0
18,1592280,208.0
18,1592340,142.0
18,1592400,109.0
18,1592460,155.0
18,1592520,148.0
18,1592580,161.0
18,1592640,134.0
18,1592700,130.0
18,1592760,125.0
18,1592820,141.0
18,1592880,129.0
18,1592940,174.0
18,1593000,155.0
18,1593060,123.0
18,1593120,139.0
18,1593180,166.0
18,1593240,149.0
18,1593300,124.0
18,1593360,121.0
18,1593420,121.0
18,1593480,149.0
18,1593540,148.0
18,1593600,111.0
18,1593660,109.0
18,1593720,134.0
18,1593780,108.0
18,1593840,140.0
18,1593900,108.0
18,1593960,174.0
18,1594020,122.0
18,1594080,153.0
18,1594140,126.0
18,1594200,152.0
18,1594260,149.0
18,1594320,134.0
18,1594380,135.0
18,1594440,126.0
18,1594500,136.0
18,1594560,150.0
18,1594620,171.0
18,1594680,119.0
18,1594740,171.0
18,1594800,148.0
18,1594860,158.0
18,1594920,136.0
18,1594980,164.0
18,1595040,184.0
18,1595100,124.0
18,1595160,107.0
18,1595220,128.0
18,1595280,124.0
18,1595400,134.0
18,1595460,142.0
18,1595520,103.0
18,1595580,151.0
18,1595640,143.0
18,1595700,156.0
18,1595760,190.0
18,1595820,191.0
18,1595880,144.0
18,1595940,174.0
18,1596000,164.0
18,1596060,150.0
18,1596180,133.0
18,1596240,218.0
18,1596300,180.0
18,1596360,174.0
18,1596420,130.0
18,1596480,161.0
18,1596540,120.0
18,1596600,167.0
18,1596660,109.0
18,1596720,190.0
18,1596780,122.0
18,1596840,169.0
18,1596900,196.0
18,1596960,192.0
18,1597020,156.0
18,1597080,159.0
18,1597140,133.0
18,1597200,167.0
18,1597260,151.0
18,1597320,158.0
18,1597380,152.0
18,1597440,159.0
18,1597500,169.0
18,1597560,192.0
18,1597620,217.0
18,1597680,203.0
18,1597740,229.0
18,1597800,184.0
18,1597860,185.0
18,1597920,198.0
18,1597980,163.0
18,1598040,196.0
18,1598100,222.0
18,1598160,195.0
18,1598220,182.0
18,1598280,170.0
18,1598340,158.0
18,1598400,159.0
18,1598460,152.0
18,1598520,116.0
18,1598580,128.0
18,1598640,174.0
18,1598700,159.0
18,1598760,141.0
18,1598820,110.0
18,1598880,125.0
18,1598940,125.0
18,1599000,168.0
18,1599060,173.0
18,1599120,175.0
18,1599180,161.0
18,1599240,141.0
18,1599300,108.0
18,1599360,142.0
18,1599420,156.0
18,1599480,180.0
18,1599540,118.0
18,1599600,141.0
18,1599660,122.0
18,1599720,116.0
18,1599780,148.0
18,1599840,160.0
18,1599900,177.0
18,1599960,163.0
18,1600020,183.0
18,1600080,124.0
18,1600140,144.0
18,1600200,116.0
18,1600260,185.0
18,1600320,140.0
18,1600380,163.0
18,1600440,165.0
18,1600500,128.0
18,1600560,147.0
18,1600620,156.0
18,1600680,101.0
18,1600740,143.0
18,1600800,146.0
18,1600860,101.0
18,1600920,127.0
18,1600980,128.0
18,1601040,187.0
18,1601100,143.0
18,1601160,134.0
18,1601220,155.0
18,1601280,126.0
18,1601340,148.0
18,1601400,167.0
18,1601460,128.0
18,1601520,129.0
18,1601580,118.0
18,1601640,149.0
18,1601700,160.0
18,1601760,155.0
18,1601820,181.0
18,1601880,195.0
18,1601940,163.0
18,1602000,173.0
18,1602060,181.0
18,1602120,158.0
18,1602180,166.0
18,1602240,145.0
18,1602300,153.0
18,1602360,146.0
18,1602420,125.0
18,1602480,148.0
18,1602540,145.0
18,1602600,161.0
18,1602660,150.0
18,1602720,198.0
18,1602780,167.0
18,1602840,194.0
18,1602900,169.0
18,1602960,212.0
18,1603020,196.0
18,1603080,190.0
18,1603140,156.0
18,1603200,184.0
18,1603260,161.0
18,1603320,169.0
18,1603380,135.0
18,1603440,128.0
18,1603500,116.0
18,1603560,134.0
18,1603620,144.0
18,1603680,160.0
18,1603740,161.0
18,1603800,161.0
18,1603860,143.0
18,1603920,155.0
18,1603980,167.0
18,1604040,174.0
18,1604100,122.0
18,1604160,140.0
18,1604220,152.0
18,1604280,127.0
18,1604340,154.0
18,1604400,160.0
18,1604460,128.0
18,1604520,164.0
18,1604580,139.0
18,1604640,134.0
18,1604700,154.0
18,1604760,169.0
18,1604820,109.0
18,1604880,154.0
18,1604940,144.0
18,1605000,186.0
18,1605060,152.0
18,1605120,155.0
18,1605180,136.0
18,1605240,136.0
18,1605300,128.0
18,1605360,145.0
18,1605420,167.0
18,1605480,160.0
18,1605540,154.0
18,1605600,178.0
18,1605660,223.0
18,1605720,202.0
18,1605780,189.0
18,1605840,224.0
18,1605900,210.0
18,1605960,203.0
18,1606020,214.0
18,1606080,213.0
18,1606140,235.0
18,1606200,177.0
18,1606260,151.0
18,1606320,129.0
18,1606380,174.0
18,1606440,159.0
18,1606500,141.0
18,1606560,149.0
18,1606620,162.0
18,1606680,175.0
18,1606740,152.0
18,1606800,150.0
18,1606860,131.0
18,1606920,169.0
18,1606980,155.0
18,1607040,136.0
18,1607100,161.0
18,1607160,161.0
18,1607220,141.0
18,1607280,181.0
18,1607340,150.0
18,1607400,176.0
18,1607460,143.0
18,1607520,198.0
18,1607580,99.0
18,1607640,123.0
18,1607700,136.0
18,1607760,107.0
18,1607820,126.0
18,1607880,106.0
18,1607940,146.0
18,1608000,131.0
18,1608060,158.0
18,1608120,143.0
18,1608180,138.0
18,1608240,124.0
18,1608300,96.0
18,1608360,118.0
18,1608420,105.0
18,1608480,125.0
18,1608540,134.0
18,1608600,123.0
18,1608660,170.0
18,1608720,134.0
18,1608780,139.0
18,1608840,134.0
18,1608960,142.0
18,1609020,141.0
18,1609080,133.0
18,1609140,113.0
18,1609200,129.0
18,1609260,155.0
18,1609320,144.0
18,1609380,149.0
18,1609440,187.0
18,1609500,139.0
18,1609560,153.0
18,1609620,143.0
18,1609680,171.0
18,1609740,166.0
18,1609800,190.0
18,1609860,211.0
18,1609920,217.0
18,1609980,208.0
18,1610040,240.0
18,1610100,171.0
18,1610160,153.0
18,1610220,154.0
18,1610280,131.0
18,1610340,144.0
18,1610400,161.0
18,1610460,147.0
18,1610520,158.0
18,1610580,153.0
18,1610640,136.0
18,1610700,173.0
18,1610760,163.0
18,1610820,190.0
18,1610880,211.0
18,1610940,147.0
18,1611000,105.0
18,1611060,146.0
18,1611120,146.0
18,1611180,126.0
18,1611240,134.0
18,1611300,141.0
18,1611360,143.0
18,1611420,176.0
18,1611480,151.0
18,1611540,150.0
18,1611600,131.0
18,1611660,123.0
18,1611720,130.0
18,1611780,135.0
18,1611840,106.0
18,1611900,116.0
18,1611960,131.0
18,1612020,128.0
18,1612080,175.0
18,1612140,201.0
18,1612200,188.0
18,1612260,175.0
18,1612320,200.0
18,1612380,136.0
18,1612440,165.0
18,1612500,178.0
18,1612560,167.0
18,1612620,160.0
18,1612680,145.0
18,1612740,142.0
18,1612800,166.0
18,1612860,173.0
18,1612920,217.0
18,1612980,253.0
18,1613040,225.0
18,1613100,187.0
18,1613160,181.0
18,1613220,184.0
18,1613280,194.0
18,1613340,232.0
18,1613400,198.0
18,1613460,200.0
18,1613520,197.0
18,1613580,201.0
18,1613640,214.0
18,1613700,154.0
18,1613820,159.0
18,1613880,170.0
18,1613940,158.0
18,1614000,194.0
18,1614060,159.0
18,1614120,169.0
18,1614180,159.0
18,1614300,164.0
18,1614360,146.0
18,1614420,174.0
18,1614480,208.0
18,1614540,160.0
18,1614600,168.0
18,1614660,201.0
18,1614720,175.0
18,1614780,155.0
18,1614840,138.0
18,1615080,178.0
18,1615140,184.0
18,1615200,191.0
18,1615260,181.0
18,1615320,200.0
18,1615380,171.0
18,1615440,158.0
18,1615500,184.0
18,1615560,214.0
18,1615620,156.0
18,1615680,112.0
18,1615740,170.0
18,1615800,171.0
18,1615860,128.0
18,1615920,133.0
18,1615980,124.0
18,1616040,113.0
18,1616100,92.0
18,1616160,89.0
18,1616220,102.0
18,1616280,131.0
18,1616340,135.0
18,1616400,155.0
18,1616460,174.0
18,1616520,169.0
18,1616580,160.0
18,1616640,142.0
18,1616700,148.0
18,1616760,132.0
18,1616820,132.0
18,1616880,153.0
18,1616940,163.0
18,1617000,187.0
18,1617060,186.0
18,1617120,181.0
18,1617180,188.0
18,1617240,161.0
18,1617300,154.0
18,1617360,174.0
18,1617420,171.0
18,1617480,184.0
18,1617540,178.0
18,1617600,138.0
18,1617660,153.0
18,1617720,159.0
18,1617780,136.0
18,1617840,155.0
18,1617900,163.0
18,1617960,139.0
18,1618020,147.0
18,1618080,110.0
18,1618140,108.0
18,1618200,170.0
18,1618260,165.0
18,1618320,111.0
18,1618380,117.0
18,1618440,130.0
18,1618500,135.0
18,1618560,117.0
18,1618620,148.0
18,1618680,126.0
18,1618740,126.0
18,1618800,128.0
18,1618860,122.0
18,1618920,128.0
18,1618980,186.0
18,1619040,127.0
18,1619100,139.0
18,1619160,126.0
18,1619220,164.0
18,1619280,170.0
18,1619340,139.0
18,1619400,136.0
18,1619460,148.0
18,1619520,148.0
18,1619580,138.0
18,1619640,134.0
18,1619700,103.0
18,1619760,136.0
18,1619820,108.0
18,1619880,144.0
18,1619940,153.0
18,1620000,174.0
18,1620060,177.0
18,1620120,181.0
18,1620180,202.0
18,1620240,185.0
18,1620300,147.0
18,1620360,170.0
18,1620420,165.0
18,1620480,197.0
18,1620540,219.0
18,1620600,197.0
18,1620660,238.0
18,1620720,161.0
18,1620780,150.0
18,1620840,167.0
18,1620900,153.0
18,1620960,126.0
18,1621020,220.0
18,1621080,183.0
18,1621140,161.0
18,1621200,174.0
18,1621260,182.0
18,1621320,158.0
18,1621380,132.0
18,1621440,170.0
18,1621500,132.0
18,1621560,131.0
18,1621620,131.0
18,1621680,146.0
18,1621740,177.0
18,1621800,139.0
18,1621860,146.0
18,1621920,187.0
18,1621980,191.0
18,1622040,138.0
18,1622100,105.0
18,1622160,138.0
18,1622220,144.0
18,1622280,135.0
18,1622340,167.0
18,1622400,139.0
18,1622460,140.0
18,1622520,196.0
18,1622580,169.0
18,1622640,198.0
18,1622700,165.0
18,1622760,170.0
18,1622820,154.0
18,1622880,129.0
18,1622940,142.0
18,1623000,110.0
18,1623060,112.0
18,1623120,145.0
18,1623180,124.0
18,1623240,149.0
18,1623300,182.0
18,1623360,173.0
18,1623420,117.0
18,1623480,126.0
18,1623540,122.0
18,1623600,167.0
18,1623660,131.0
18,1623720,144.0
18,1623780,144.0
18,1623840,142.0
18,1623900,151.0
18,1623960,181.0
18,1624020,170.0
18,1624080,187.0
18,1624140,158.0
18,1624200,171.0
18,1624260,245.0
18,1624320,209.0
18,1624380,214.0
18,1624440,190.0
18,1624500,208.0
18,1624560,227.0
18,1624620,232.0
18,1624680,218.0
18,1624740,200.0
18,1624800,204.0
18,1624860,207.0
18,1624920,215.0
18,1624980,135.0
18,1625040,145.0
18,1625100,183.0
18,1625160,184.0
18,1625220,165.0
18,1625280,206.0
18,1625340,201.0
18,1625400,154.0
18,1625460,192.0
18,1625520,149.0
18,1625580,189.0
18,1625640,185.0
18,1625700,152.0
18,1625760,181.0
18,1625820,168.0
18,1625880,193.0
18,1625940,155.0
18,1626000,165.0
18,1626060,178.0
18,1626120,151.0
18,1626180,150.0
18,1626240,160.0
18,1626300,183.0
18,1626360,187.0
18,1626420,224.0
18,1626480,150.0
18,1626540,182.0
18,1626600,187.0
18,1626660,161.0
18,1626720,161.0
18,1626780,196.0
18,1626840,169.0
18,1626900,145.0
18,1626960,158.0
18,1627020,154.0
18,1627080,173.0
18,1627140,214.0
18,1627200,180.0
18,1627260,149.0
18,1627320,200.0
18,1627380,206.0
18,1627440,180.0
18,1627500,248.0
18,1627560,255.0
18,1627620,300.0
18,1627680,271.0
18,1627740,257.0
18,1627800,256.0
18,1627860,226.0
18,1627920,217.0
18,1627980,164.0
18,1628040,146.0
18,1628100,158.0
18,1628160,161.0
18,1628220,207.0
18,1628280,178.0
18,1628340,217.0
18,1628400,205.0
18,1628460,213.0
18,1628520,198.0
18,1628580,180.0
18,1628640,168.0
18,1628700,192.0
18,1628760,193.0
18,1628820,206.0
18,1628880,192.0
18,1628940,207.0
18,1629000,174.0
18,1629060,171.0
18,1629120,171.0
18,1629180,156.0
18,1629240,226.0
18,1629300,165.0
18,1629360,165.0
18,1629420,139.0
18,1629480,214.0
18,1629540,165.0
18,1629600,158.0
18,1629660,185.0
18,1629720,159.0
18,1629780,206.0
18,1629840,212.0
18,1629900,156.0
18,1629960,178.0
18,1630020,225.0
18,1630080,151.0
18,1630140,181.0
18,1630200,207.0
18,1630260,176.0
18,1630320,165.0
18,1630380,161.0
18,1630440,209.0
18,1630500,200.0
18,1630560,113.0
18,1630620,134.0
18,1630680,203.0
18,1630740,158.0
18,1630800,198.0
18,1630860,185.0
18,1630920,204.0
18,1630980,173.0
18,1631160,208.0
18,1631220,242.0
18,1631280,216.0
18,1631340,205.0
18,1631400,272.0
18,1631460,150.0
18,1631580,184.0
18,1631640,247.0
18,1631700,174.0
18,1631760,194.0
18,1631820,242.0
18,1631880,278.0
18,1631940,231.0
18,1632000,234.0
18,1632060,214.0
18,1632120,225.0
18,1632180,169.0
18,1632240,196.0
18,1632300,172.0
18,1632360,192.0
18,1632420,169.0
18,1632480,182.0
18,1632540,196.0
18,1632600,203.0
18,1632660,155.0
18,1632720,176.0
18,1632780,208.0
18,1632840,181.0
18,1632900,171.0
18,1632960,203.0
18,1633020,259.0
18,1633080,205.0
18,1633140,145.0
18,1633200,206.0
18,1633260,161.0
18,1633320,167.0
18,1633380,201.0
18,1633440,197.0
18,1633500,182.0
18,1633560,151.0
18,1633620,193.0
18,1633680,190.0
18,1633740,169.0
18,1633800,169.0
18,1633860,159.0
18,1633920,172.0
18,1633980,185.0
18,1634040,185.0
18,1634100,191.0
18,1634160,180.0
18,1634220,195.0
18,1634280,184.0
18,1634340,192.0
18,1634400,193.0
18,1634460,177.0
18,1634520,176.0
18,1634580,213.0
18,1634640,190.0
18,1634700,209.0
18,1634760,244.0
18,1634820,230.0
18,1634880,202.0
18,1634940,149.0
18,1635000,133.0
18,1635060,170.0
18,1635120,198.0
18,1635180,217.0
18,1635240,205.0
18,1635300,203.0
18,1635360,171.0
18,1635420,201.0
18,1635480,176.0
18,1635540,191.0
18,1635600,128.0
18,1635660,162.0
18,1635720,217.0
18,1635780,207.0
18,1635840,230.0
18,1635900,201.0
18,1635960,182.0
18,1636020,210.0
18,1636080,211.0
18,1636140,186.0
18,1636200,188.0
18,1636260,161.0
18,1636320,195.0
18,1636380,156.0
18,1636440,155.0
18,1636500,200.0
18,1636560,173.0
18,1636620,146.0
18,1636680,171.0
18,1636740,178.0
18,1636800,183.0
18,1636860,218.0
18,1636920,191.0
18,1636980,189.0
18,1637040,149.0
18,1637100,166.0
18,1637160,161.0
18,1637220,153.0
18,1637280,175.0
18,1637340,149.0
18,1637400,148.0
18,1637460,173.0
18,1637520,136.0
18,1637580,138.0
18,1637640,186.0
18,1637700,166.0
18,1637760,177.0
18,1637820,185.0
18,1637880,200.0
18,1637940,187.0
18,1638000,201.0
18,1638060,218.0
18,1638120,170.0
18,1638180,169.0
18,1638240,210.0
18,1638300,210.0
18,1638360,123.0
18,1638420,146.0
18,1638480,171.0
18,1638540,165.0
18,1638600,132.0
18,1638660,139.0
18,1638720,188.0
18,1638780,206.0
18,1638840,168.0
18,1638900,171.0
18,1638960,181.0
18,1639020,203.0
18,1639080,159.0
18,1639140,167.0
18,1639200,150.0
18,1639260,182.0
18,1639320,173.0
18,1639380,143.0
18,1639440,172.0
18,1639500,144.0
18,1639560,160.0
18,1639620,161.0
18,1639680,156.0
18,1639740,201.0
18,1639800,156.0
18,1639860,164.0
18,1639920,146.0
18,1639980,165.0
18,1640040,120.0
18,1640100,122.0
18,1640160,106.0
18,1640220,107.0
18,1640280,145.0
18,1640340,134.0
18,1640400,146.0
18,1640460,167.0
18,1640520,151.0
18,1640580,123.0
18,1640640,111.0
18,1640700,139.0
18,1640760,168.0
18,1640820,148.0
18,1640880,131.0
18,1640940,154.0
18,1641000,143.0
18,1641060,138.0
18,1641120,159.0
18,1641180,167.0
18,1641240,126.0
18,1641300,122.0
18,1641360,99.0
18,1641420,83.0
18,1641480,123.0
18,1641540,129.0
28,2419200,152.0
28,2419260,160.0
28,2419320,143.0
28,2419380,153.0
28,2419440,173.0
28,2419500,145.0
28,2419560,208.0
28,2419620,168.0
28,2419680,146.0
28,2419740,127.0
28,2419800,89.0
28,2419860,101.0
28,2419920,155.0
28,2419980,122.0
28,2420040,147.0
28,2420100,151.0
28,2420160,100.0
28,2420220,133.0
28,2420280,130.0
28,2420340,135.0
28,2420400,119.0
28,2420460,139.0
28,2420520,134.0
28,2420580,122.0
28,2420640,135.0
28,2420700,160.0
28,2420760,135.0
28,2420820,116.0
28,2420880,113.0
28,2420940,112.0
28,2421000,104.0
28,2421060,100.0
28,2421120,97.0
28,2421180,92.0
28,2421240,121.0
28,2421300,106.0
28,2421360,112.0
28,2421420,116.0
28,2421480,101.0
28,2421540,146.0
28,2421600,124.0
28,2421660,116.0
28,2421720,104.0
28,2421780,121.0
28,2421840,123.0
28,2421900,127.0
28,2421960,128.0
28,2422020,151.0
28,2422080,128.0
28,2422140,101.0
28,2422200,78.0
28,2422260,102.0
28,2422320,87.0
28,2422380,105.0
28,2422440,93.0
28,2422500,85.0
28,2422560,94.0
28,2422620,109.0
28,2422680,80.0
28,2422740,86.0
28,2422800,76.0
28,2422860,106.0
28,2422920,143.0
28,2422980,94.0
28,2423040,125.0
28,2423100,96.0
28,2423160,126.0
28,2423220,106.0
28,2423280,101.0
28,2423340,91.0
28,2423400,77.0
28,2423460,106.0
28,2423520,79.0
28,2423580,102.0
28,2423640,79.0
28,2423700,80.0
28,2423760,99.0
28,2423820,47.0
28,2423880,69.0
28,2423940,71.0
28,2424000,74.0
28,2424060,79.0
28,2424120,78.0
28,2424180,82.0
28,2424240,85.0
28,2424300,100.0
28,2424360,119.0
28,2424420,55.0
28,2424480,65.0
28,2424540,76.0
28,2424600,54.0
28,2424660,67.0
28,2424720,69.0
28,2424780,67.0
28,2424840,61.0
28,2424900,44.0
28,2424960,55.0
28,2425020,63.0
28,2425080,58.0
28,2425140,43.0
28,2425200,38.0
28,2425260,55.0
28,2425320,54.0
28,2425380,62.0
28,2425440,76.0
28,2425500,59.0
28,2425560,88.0
28,2425620,102.0
28,2425680,92.0
28,2425740,97.0
28,2425800,76.0
28,2425860,89.0
28,2425920,85.0
28,2425980,60.0
28,2426040,47.0
28,2426100,69.0
28,2426160,60.0
28,2426220,51.0
28,2426280,60.0
28,2426340,52.0
28,2426400,39.0
28,2426460,64.0
28,2426520,37.0
28,2426580,63.0
28,2426640,32.0
28,2426700,47.0
28,2426760,84.0
28,2426820,61.0
28,2426880,85.0
28,2426940,58.0
28,2427000,58.0
28,2427060,47.0
28,2427120,55.0
28,2427180,55.0
28,2427240,70.0
28,2427300,72.0
28,2427360,76.0
28,2427420,42.0
28,2427480,27.0
28,2427540,51.0
28,2427600,37.0
28,2427660,44.0
28,2427720,55.0
28,2427780,41.0
28,2427840,43.0
28,2427900,43.0
28,2427960,33.0
28,2428020,42.0
28,2428080,41.0
28,2428140,62.0
28,2428200,47.0
28,2428260,66.0
28,2428320,68.0
28,2428380,51.0
28,2428440,46.0
28,2428500,22.0
28,2428560,36.0
28,2428620,27.0
28,2428680,24.0
28,2428740,39.0
28,2428800,48.0
28,2428860,62.0
28,2428920,49.0
28,2428980,44.0
28,2429040,35.0
28,2429100,16.0
28,2429160,28.0
28,2429220,34.0
28,2429280,35.0
28,2429340,33.0
28,2429400,35.0
28,2429460,38.0
28,2429520,24.0
28,2429580,28.0
28,2429640,49.0
28,2429700,28.0
28,2429760,23.0
28,2429820,30.0
28,2429880,29.0
28,2429940,41.0
28,2430000,20.0
28,2430060,34.0
28,2430120,57.0
28,2430180,28.0
28,2430240,39.0
28,2430300,28.0
28,2430360,67.0
28,2430420,32.0
28,2430480,35.0
28,2430540,20.0
28,2430600,19.0
28,2430660,22.0
28,2430720,29.0
28,2430780,27.0
28,2430840,23.0
28,2430900,25.0
28,2430960,27.0
28,2431020,26.0
28,2431080,34.0
28,2431140,25.0
28,2431200,21.0
28,2431260,19.0
28,2431320,34.0
28,2431380,27.0
28,2431440,24.0
28,2431500,19.0
28,2431560,36.0
28,2431620,18.0
28,2431680,12.0
28,2431740,26.0
28,2431800,24.0
28,2431860,19.0
28,2431920,39.0
28,2431980,35.0
28,2432040,34.0
28,2432100,26.0
28,2432160,15.0
28,2432220,14.0
28,2432280,27.0
28,2432340,30.0
28,2432400,27.0
28,2432460,38.0
28,2432520,22.0
28,2432580,15.0
28,2432640,43.0
28,2432700,22.0
28,2432760,34.0
28,2432820,30.0
28,2432880,7.0
28,2432940,16.0
28,2433000,14.0
28,2433060,25.0
28,2433120,14.0
28,2433180,16.0
28,2433240,29.0
28,2433300,20.0
28,2433360,18.0
28,2433420,26.0
28,2433480,24.0
28,2433540,26.0
28,2433600,10.0
28,2433660,13.0
28,2433720,23.0
28,2433780,9.0
28,2433840,21.0
28,2433900,20.0
28,2433960,14.0
28,2434020,18.0
28,2434080,10.0
28,2434140,17.0
28,2434200,20.0
28,2434260,26.0
28,2434320,25.0
28,2434380,16.0
28,2434440,18.0
28,2434500,19.0
28,2434560,18.0
28,2434620,42.0
28,2434680,15.0
28,2434740,27.0
28,2434800,13.0
28,2434860,12.0
28,2434920,15.0
28,2434980,13.0
28,2435040,21.0
28,2435100,19.0
28,2435160,19.0
28,2435220,15.0
28,2435280,22.0
28,2435340,18.0
28,2435400,18.0
28,2435460,29.0
28,2435520,10.0
28,2435580,21.0
28,2435640,13.0
28,2435700,8.0
28,2435760,21.0
28,2435820,12.0
28,2435880,8.0
28,2435940,12.0
28,2436000,29.0
28,2436060,24.0
28,2436120,18.0
28,2436180,15.0
28,2436240,17.0
28,2436300,20.0
28,2436360,18.0
28,2436420,14.0
28,2436480,22.0
28,2436540,19.0
28,2436600,16.0
28,2436660,17.0
28,2436720,12.0
28,2436780,13.0
28,2436840,17.0
28,2436900,17.0
28,2436960,17.0
28,2437020,12.0
28,2437080,8.0
28,2437140,12.0
28,2437200,10.0
28,2437260,16.0
28,2437320,14.0
28,2437380,13.0
28,2437440,14.0
28,2437500,5.0
28,2437560,15.0
28,2437620,17.0
28,2437680,10.0
28,2437740,14.0
28,2437800,19.0
28,2437860,18.0
28,2437920,13.0
28,2437980,21.0
28,2438040,15.0
28,2438100,22.0
28,2438160,29.0
28,2438220,26.0
28,2438280,9.0
28,2438340,12.0
28,2438400,12.0
28,2438460,15.0
28,2438520,7.0
28,2438580,26.0
28,2438640,20.0
28,2438700,20.0
28,2438760,16.0
28,2438820,17.0
28,2438880,16.0
28,2438940,8.0
28,2439000,14.0
28,2439060,22.0
28,2439120,26.0
28,2439180,57.0
28,2439240,56.0
28,2439300,40.0
28,2439360,47.0
28,2439420,29.0
28,2439480,27.0
28,2439540,32.0
28,2439600,44.0
28,2439660,46.0
28,2439720,7.0
28,2439780,48.0
28,2439840,58.0
28,2439900,49.0
28,2439960,43.0
28,2440020,67.0
28,2440080,70.0
28,2440140,62.0
28,2440200,62.0
28,2440260,26.0
28,2440320,10.0
28,2440380,7.0
28,2440440,30.0
28,2440500,9.0
28,2440560,21.0
28,2440620,8.0
28,2440680,18.0
28,2440740,8.0
28,2440800,4.0
28,2440860,10.0
28,2440920,22.0
28,2440980,7.0
28,2441040,22.0
28,2441100,20.0
28,2441160,51.0
28,2441220,40.0
28,2441280,32.0
28,2441340,18.0
28,2441400,17.0
28,2441460,49.0
28,2441520,33.0
28,2441580,16.0
28,2441640,19.0
28,2441700,19.0
28,2441760,7.0
28,2441820,12.0
28,2441880,15.0
28,2441940,15.0
28,2442000,25.0
28,2442060,51.0
28,2442120,30.0
28,2442180,25.0
28,2442240,16.0
28,2442300,18.0
28,2442360,16.0
28,2442420,19.0
28,2442480,13.0
28,2442540,24.0
28,2442600,17.0
28,2442660,19.0
28,2442720,35.0
28,2442780,46.0
28,2442840,49.0
28,2442900,35.0
28,2442960,40.0
28,2443020,17.0
28,2443080,19.0
28,2443140,30.0
28,2443200,24.0
28,2443260,32.0
28,2443320,57.0
28,2443380,46.0
28,2443440,15.0
28,2443500,6.0
28,2443560,26.0
28,2443620,14.0
28,2443680,17.0
28,2443740,13.0
28,2443800,13.0
28,2443860,21.0
28,2443920,9.0
28,2443980,23.0
28,2444040,17.0
28,2444100,7.0
28,2444160,16.0
28,2444220,26.0
28,2444280,21.0
28,2444340,25.0
28,2444400,22.0
28,2444460,20.0
28,2444520,56.0
28,2444580,17.0
28,2444640,25.0
28,2444700,28.0
28,2444760,17.0
28,2444820,17.0
28,2444880,18.0
28,2444940,21.0
28,2445000,24.0
28,2445060,8.0
28,2445120,35.0
28,2445180,56.0
28,2445240,70.0
28,2445300,30.0
28,2445360,26.0
28,2445420,34.0
28,2445480,38.0
28,2445540,39.0
28,2445600,30.0
28,2445660,37.0
28,2445720,49.0
28,2445780,41.0
28,2445840,25.0
28,2445900,54.0
28,2445960,24.0
28,2446020,43.0
28,2446080,39.0
28,2446140,38.0
28,2446200,26.0
28,2446260,57.0
28,2446320,54.0
28,2446380,67.0
28,2446440,91.0
28,2446500,40.0
28,2446560,47.0
28,2446620,34.0
28,2446680,55.0
28,2446740,57.0
28,2446800,46.0
28,2446860,46.0
28,2446920,70.0
28,2446980,50.0
28,2447040,32.0
28,2447100,32.0
28,2447160,45.0
28,2447220,44.0
28,2447280,41.0
28,2447340,54.0
28,2447400,44.0
28,2447460,32.0
28,2447520,38.0
28,2447580,69.0
28,2447640,50.0
28,2447700,42.0
28,2447760,49.0
28,2447820,28.0
28,2447880,35.0
28,2447940,41.0
28,2448000,51.0
28,2448060,45.0
28,2448120,64.0
28,2448180,47.0
28,2448240,74.0
28,2448300,67.0
28,2448360,61.0
28,2448420,61.0
28,2448480,51.0
28,2448540,74.0
28,2448600,55.0
28,2448660,52.0
28,2448720,48.0
28,2448780,47.0
28,2448840,57.0
28,2448900,44.0
28,2448960,55.0
28,2449020,79.0
28,2449080,58.0
28,2449140,65.0
28,2449200,26.0
28,2449260,85.0
28,2449320,66.0
28,2449380,65.0
28,2449440,59.0
28,2449500,50.0
28,2449560,75.0
28,2449620,66.0
28,2449680,68.0
28,2449740,66.0
28,2449800,61.0
28,2449860,103.0
28,2449920,96.0
28,2449980,71.0
28,2450040,71.0
28,2450100,81.0
28,2450160,98.0
28,2450220,106.0
28,2450280,129.0
28,2450340,94.0
28,2450400,93.0
28,2450460,135.0
28,2450520,130.0
28,2450580,109.0
28,2450640,87.0
28,2450700,101.0
28,2450760,153.0
28,2450820,154.0
28,2450880,150.0
28,2450940,133.0
28,2451000,126.0
28,2451060,84.0
28,2451120,93.0
28,2451180,96.0
28,2451240,152.0
28,2451300,165.0
28,2451360,121.0
28,2451420,116.0
28,2451480,97.0
28,2451540,127.0
28,2451600,127.0
28,2451660,132.0
28,2451720,127.0
28,2451780,145.0
28,2451840,169.0
28,2451900,158.0
28,2451960,131.0
28,2452020,109.0
28,2452080,107.0
28,2452140,124.0
28,2452200,105.0
28,2452260,123.0
28,2452320,178.0
28,2452380,150.0
28,2452440,183.0
28,2452500,173.0
28,2452560,160.0
28,2452620,130.0
28,2452680,161.0
28,2452740,142.0
28,2452800,146.0
28,2452860,186.0
28,2452920,183.0
28,2452980,169.0
28,2453040,122.0
28,2453100,108.0
28,2453160,108.0
28,2453220,105.0
28,2453280,94.0
28,2453340,152.0
28,2453400,101.0
28,2453460,91.0
28,2453520,121.0
28,2453580,110.0
28,2453640,128.0
28,2453700,140.0
28,2453760,117.0
28,2453820,133.0
28,2453880,160.0
28,2453940,142.0
28,2454000,153.0
28,2454060,139.0
28,2454120,142.0
28,2454180,129.0
28,2454240,111.0
28,2454300,143.0
28,2454360,128.0
28,2454420,166.0
28,2454480,161.0
28,2454540,175.0
28,2454600,174.0
28,2454660,159.0
28,2454720,153.0
28,2454780,129.0
28,2454840,125.0
28,2454900,121.0
28,2454960,156.0
28,2455020,131.0
28,2455080,119.0
28,2455140,133.0
28,2455200,119.0
28,2455260,176.0
28,2455320,167.0
28,2455380,203.0
28,2455440,181.0
28,2455500,165.0
28,2455560,189.0
28,2455620,185.0
28,2455680,142.0
28,2455740,183.0
28,2455800,202.0
28,2455860,219.0
28,2455920,248.0
28,2455980,136.0
28,2456040,222.0
28,2456100,187.0
28,2456160,203.0
28,2456220,143.0
28,2456280,229.0
28,2456340,190.0
28,2456400,153.0
28,2456460,190.0
28,2456520,176.0
28,2456580,200.0
28,2456640,235.0
28,2456700,197.0
28,2456760,190.0
28,2456820,156.0
28,2456880,183.0
28,2456940,133.0
28,2457000,170.0
28,2457060,158.0
28,2457120,167.0
28,2457180,152.0
28,2457240,171.0
28,2457300,153.0
28,2457360,188.0
28,2457420,178.0
28,2457480,181.0
28,2457540,183.0
28,2457600,158.0
28,2457660,161.0
28,2457720,173.0
28,2457780,192.0
28,2457840,180.0
28,2457900,135.0
28,2457960,180.0
28,2458020,177.0
28,2458080,161.0
28,2458140,177.0
28,2458200,155.0
28,2458260,135.0
28,2458320,136.0
28,2458380,182.0
28,2458440,147.0
28,2458500,225.0
28,2458560,161.0
28,2458620,165.0
28,2458680,175.0
28,2458740,170.0
28,2458800,202.0
28,2458860,190.0
28,2458920,167.0
28,2458980,182.0
28,2459040,149.0
28,2459100,184.0
28,2459160,242.0
28,2459220,240.0
28,2459280,185.0
28,2459340,204.0
28,2459400,181.0
28,2459460,251.0
28,2459520,262.0
28,2459580,229.0
28,2459640,204.0
28,2459700,181.0
28,2459760,290.0
28,2459820,256.0
28,2459880,202.0
28,2459940,274.0
28,2460000,175.0
28,2460060,177.0
28,2460120,187.0
28,2460180,234.0
28,2460240,202.0
28,2460300,244.0
28,2460360,197.0
28,2460420,204.0
28,2460480,174.0
28,2460540,133.0
28,2460600,185.0
28,2460660,223.0
28,2460720,195.0
28,2460780,196.0
28,2460840,198.0
28,2460900,178.0
28,2460960,210.0
28,2461020,172.0
28,2461080,217.0
28,2461140,236.0
28,2461200,250.0
28,2461260,197.0
28,2461320,218.0
28,2461380,176.0
28,2461440,188.0
28,2461500,225.0
28,2461560,234.0
28,2461620,250.0
28,2461680,261.0
28,2461740,222.0
28,2461800,204.0
28,2461860,201.0
28,2461920,240.0
28,2461980,187.0
28,2462040,188.0
28,2462100,162.0
28,2462160,177.0
28,2462220,186.0
28,2462280,194.0
28,2462340,169.0
28,2462400,228.0
28,2462460,235.0
28,2462520,236.0
28,2462580,232.0
28,2462640,267.0
28,2462700,208.0
28,2462760,252.0
28,2462820,206.0
28,2462880,211.0
28,2462940,236.0
28,2463000,274.0
28,2463060,257.0
28,2463120,216.0
28,2463240,226.0
28,2463300,213.0
28,2463360,213.0
28,2463420,239.0
28,2463480,248.0
28,2463540,218.0
28,2463600,206.0
28,2463660,243.0
28,2463720,239.0
28,2463780,246.0
28,2463840,238.0
28,2463900,200.0
28,2463960,210.0
28,2464020,151.0
28,2464080,225.0
28,2464140,190.0
28,2464200,217.0
28,2464260,243.0
28,2464320,254.0
28,2464380,249.0
28,2464440,183.0
28,2464500,214.0
28,2464560,278.0
28,2464620,219.0
28,2464680,188.0
28,2464740,246.0
28,2464800,192.0
28,2464860,236.0
28,2464920,211.0
28,2464980,224.0
28,2465040,220.0
28,2465100,260.0
28,2465160,213.0
28,2465220,164.0
28,2465280,152.0
28,2465340,207.0
28,2465400,210.0
28,2465460,200.0
28,2465520,237.0
28,2465580,151.0
28,2465640,207.0
28,2465700,210.0
28,2465760,215.0
28,2465820,168.0
28,2465880,193.0
28,2465940,195.0
28,2466000,178.0
28,2466060,200.0
28,2466120,196.0
28,2466180,218.0
28,2466240,204.0
28,2466300,188.0
28,2466360,257.0
28,2466420,204.0
28,2466480,219.0
28,2466540,226.0
28,2466600,212.0
28,2466660,193.0
28,2466720,180.0
28,2466780,169.0
28,2466840,164.0
28,2466900,169.0
28,2466960,265.0
28,2467020,245.0
28,2467080,257.0
28,2467140,219.0
28,2467200,213.0
28,2467260,245.0
28,2467320,286.0
28,2467380,205.0
28,2467440,204.0
28,2467500,188.0
28,2467560,217.0
28,2467620,190.0
28,2467680,193.0
28,2467740,160.0
28,2467800,208.0
28,2467860,182.0
28,2467920,183.0
28,2467980,182.0
28,2468040,145.0
28,2468100,149.0
28,2468160,200.0
28,2468220,191.0
28,2468280,228.0
28,2468340,204.0
28,2468400,184.0
28,2468460,225.0
28,2468520,191.0
28,2468580,197.0
28,2468640,194.0
28,2468700,146.0
28,2468760,224.0
28,2468820,218.0
28,2468880,186.0
28,2468940,215.0
28,2469000,207.0
28,2469060,214.0
28,2469120,230.0
28,2469180,170.0
28,2469240,209.0
28,2469300,222.0
28,2469360,261.0
28,2469420,276.0
28,2469480,193.0
28,2469540,189.0
28,2469600,236.0
28,2469660,192.0
28,2469720,217.0
28,2469780,227.0
28,2469840,230.0
28,2469900,273.0
28,2469960,229.0
28,2470020,249.0
28,2470080,253.0
28,2470140,260.0
28,2470200,228.0
28,2470260,201.0
28,2470320,219.0
28,2470380,167.0
28,2470440,191.0
28,2470500,212.0
28,2470560,195.0
28,2470620,151.0
28,2470680,156.0
28,2470740,178.0
28,2470800,195.0
28,2470860,189.0
28,2470920,208.0
28,2470980,188.0
28,2471040,227.0
28,2471100,188.0
28,2471160,178.0
28,2471220,165.0
28,2471280,163.0
28,2471340,164.0
28,2471400,215.0
28,2471460,163.0
28,2471520,145.0
28,2471580,184.0
28,2471640,220.0
28,2471700,200.0
28,2471760,226.0
28,2471820,177.0
28,2471880,177.0
28,2471940,165.0
28,2472000,174.0
28,2472060,195.0
28,2472120,151.0
28,2472180,138.0
28,2472240,236.0
28,2472300,225.0
28,2472360,210.0
28,2472420,193.0
28,2472480,184.0
28,2472540,163.0
28,2472600,237.0
28,2472660,184.0
28,2472720,245.0
28,2472780,191.0
28,2472840,178.0
28,2472900,181.0
28,2472960,185.0
28,2473020,270.0
28,2473080,170.0
28,2473140,142.0
28,2473200,192.0
28,2473260,160.0
28,2473320,231.0
28,2473380,249.0
28,2473440,265.0
28,2473500,239.0
28,2473560,231.0
28,2473620,234.0
28,2473680,261.0
28,2473740,205.0
28,2473800,267.0
28,2473860,234.0
28,2473920,228.0
28,2473980,229.0
28,2474040,257.0
28,2474100,211.0
28,2474160,190.0
28,2474220,168.0
28,2474280,133.0
28,2474340,152.0
28,2474400,178.0
28,2474460,162.0
28,2474520,196.0
28,2474580,203.0
28,2474640,188.0
28,2474700,169.0
28,2474760,170.0
28,2474820,222.0
28,2474880,198.0
28,2474940,224.0
28,2475000,176.0
28,2475060,185.0
28,2475120,209.0
28,2475180,205.0
28,2475240,205.0
28,2475300,197.0
28,2475360,217.0
28,2475420,165.0
28,2475480,239.0
28,2475540,200.0
28,2475600,171.0
28,2475660,205.0
28,2475720,193.0
28,2475780,256.0
28,2475840,166.0
28,2475900,195.0
28,2475960,180.0
28,2476020,224.0
28,2476080,245.0
28,2476140,219.0
28,2476200,226.0
28,2476260,166.0
28,2476320,209.0
28,2476380,211.0
28,2476440,222.0
28,2476500,190.0
28,2476560,203.0
28,2476620,209.0
28,2476680,173.0
28,2476740,175.0
28,2476800,255.0
28,2476860,269.0
28,2477040,255.0
28,2477100,239.0
28,2477160,276.0
28,2477220,236.0
28,2477280,214.0
28,2477340,265.0
28,2477460,249.0
28,2477520,271.0
28,2477580,233.0
28,2477640,254.0
28,2477700,265.0
28,2477760,249.0
28,2477820,220.0
28,2477880,176.0
28,2477940,232.0
28,2478000,197.0
28,2478060,178.0
28,2478120,208.0
28,2478180,225.0
28,2478240,240.0
28,2478300,158.0
28,2478360,192.0
28,2478420,155.0
28,2478480,167.0
28,2478540,187.0
28,2478600,190.0
28,2478660,197.0
28,2478720,262.0
28,2478780,192.0
28,2478840,201.0
28,2478900,204.0
28,2478960,193.0
28,2479020,195.0
28,2479080,189.0
28,2479140,177.0
28,2479200,205.0
28,2479260,192.0
28,2479320,183.0
28,2479380,229.0
28,2479440,212.0
28,2479500,260.0
28,2479560,254.0
28,2479620,183.0
28,2479680,210.0
28,2479740,243.0
28,2479800,200.0
28,2479860,250.0
28,2479920,218.0
28,2479980,246.0
28,2480040,233.0
28,2480100,253.0
28,2480160,206.0
28,2480220,215.0
28,2480280,218.0
28,2480340,192.0
28,2480400,154.0
28,2480460,243.0
28,2480520,266.0
28,2480580,195.0
28,2480640,195.0
28,2480700,182.0
28,2480760,184.0
28,2480820,220.0
28,2480880,267.0
28,2480940,222.0
28,2481000,202.0
28,2481060,211.0
28,2481120,220.0
28,2481180,233.0
28,2481240,202.0
28,2481300,249.0
28,2481360,239.0
28,2481420,201.0
28,2481480,200.0
28,2481540,193.0
28,2481600,225.0
28,2481660,200.0
28,2481720,225.0
28,2481780,274.0
28,2481840,162.0
28,2481900,222.0
28,2481960,222.0
28,2482020,182.0
28,2482080,230.0
28,2482140,172.0
28,2482200,192.0
28,2482260,192.0
28,2482320,206.0
28,2482380,256.0
28,2482440,190.0
28,2482500,196.0
28,2482560,227.0
28,2482620,259.0
28,2482680,219.0
28,2482740,207.0
28,2482800,189.0
28,2482860,236.0
28,2482920,184.0
28,2482980,195.0
28,2483040,212.0
28,2483100,259.0
28,2483160,182.0
28,2483220,226.0
28,2483280,228.0
28,2483340,239.0
28,2483400,260.0
28,2483460,261.0
28,2483520,223.0
28,2483580,198.0
28,2483640,171.0
28,2483700,155.0
28,2483760,197.0
28,2483820,171.0
28,2483880,173.0
28,2483940,234.0
28,2484000,229.0
28,2484060,180.0
28,2484120,193.0
28,2484180,195.0
28,2484240,171.0
28,2484300,230.0
28,2484360,248.0
28,2484420,219.0
28,2484480,280.0
28,2484540,268.0
28,2484600,208.0
28,2484660,198.0
28,2484720,189.0
28,2484780,218.0
28,2484840,234.0
28,2484900,236.0
28,2484960,270.0
28,2485020,265.0
28,2485140,248.0
28,2485200,217.0
28,2485260,254.0
28,2485320,214.0
28,2485380,214.0
28,2485440,229.0
28,2485500,243.0
28,2485560,239.0
28,2485620,192.0
28,2485680,161.0
28,2485740,190.0
28,2485800,205.0
28,2485860,209.0
28,2485920,242.0
28,2485980,224.0
28,2486040,215.0
28,2486100,200.0
28,2486160,196.0
28,2486220,192.0
28,2486280,172.0
28,2486340,154.0
28,2486400,195.0
28,2486460,166.0
28,2486520,174.0
28,2486580,217.0
28,2486640,211.0
28,2486700,229.0
28,2486760,176.0
28,2486820,197.0
28,2486880,194.0
28,2486940,208.0
28,2487000,194.0
28,2487060,187.0
28,2487120,166.0
28,2487180,161.0
28,2487240,233.0
28,2487300,156.0
28,2487420,193.0
28,2487660,198.0
28,2487720,168.0
28,2487780,202.0
28,2487840,224.0
28,2487900,203.0
28,2487960,251.0
28,2488020,217.0
28,2488080,287.0
28,2488140,236.0
28,2488200,196.0
28,2488260,212.0
28,2488320,237.0
28,2488380,214.0
28,2488440,256.0
28,2488500,153.0
28,2488560,204.0
28,2488620,187.0
28,2488680,202.0
28,2488740,200.0
28,2488800,202.0
28,2488860,188.0
28,2488920,211.0
28,2488980,224.0
28,2489040,220.0
28,2489100,224.0
28,2489160,229.0
28,2489220,173.0
28,2489280,172.0
28,2489340,158.0
28,2489400,147.0
28,2489460,139.0
28,2489520,162.0
28,2489580,159.0
28,2489640,148.0
28,2489700,178.0
28,2489760,134.0
28,2489820,134.0
28,2489880,175.0
28,2489940,158.0
28,2490000,159.0
28,2490060,161.0
28,2490120,231.0
28,2490180,231.0
28,2490240,207.0
28,2490300,184.0
28,2490360,178.0
28,2490420,208.0
28,2490480,194.0
28,2490540,168.0
28,2490600,151.0
28,2490660,162.0
28,2490720,175.0
28,2490780,205.0
28,2490840,189.0
28,2490900,186.0
28,2490960,207.0
28,2491020,147.0
28,2491080,195.0
28,2491140,188.0
28,2491200,194.0
28,2491260,174.0
28,2491320,201.0
28,2491380,190.0
28,2491440,191.0
28,2491500,223.0
28,2491560,209.0
28,2491620,225.0
28,2491680,232.0
28,2491740,233.0
28,2491800,249.0
28,2491860,227.0
28,2491920,291.0
28,2492040,255.0
28,2492100,255.0
28,2492160,209.0
28,2492220,187.0
28,2492280,278.0
28,2492340,233.0
28,2492400,182.0
28,2492460,214.0
28,2492520,236.0
28,2492580,182.0
28,2492640,217.0
28,2492700,252.0
28,2492760,259.0
28,2492820,245.0
28,2492880,227.0
28,2492940,229.0
28,2493000,172.0
28,2493060,178.0
28,2493120,185.0
28,2493180,194.0
28,2493240,247.0
28,2493300,210.0
28,2493360,171.0
28,2493420,186.0
28,2493480,210.0
28,2493540,171.0
28,2493600,205.0
28,2493660,227.0
28,2493720,191.0
28,2493780,189.0
28,2493840,239.0
28,2493900,214.0
28,2493960,178.0
28,2494020,168.0
28,2494080,209.0
28,2494140,237.0
28,2494200,276.0
28,2494260,188.0
28,2494320,173.0
28,2494380,144.0
28,2494440,233.0
28,2494500,189.0
28,2494560,209.0
28,2494620,204.0
28,2494680,211.0
28,2494740,210.0
28,2494800,181.0
28,2494860,229.0
28,2494920,280.0
28,2494980,247.0
28,2495040,240.0
28,2495100,254.0
28,2495160,236.0
28,2495220,259.0
28,2495280,256.0
28,2495340,251.0
28,2495400,209.0
28,2495460,193.0
28,2495520,204.0
28,2495580,193.0
28,2495640,181.0
28,2495700,207.0
28,2495760,250.0
28,2495820,231.0
28,2495880,195.0
28,2495940,235.0
28,2496000,192.0
28,2496060,271.0
28,2496120,227.0
28,2496180,237.0
28,2496240,211.0
28,2496300,170.0
28,2496360,223.0
28,2496420,183.0
28,2496480,147.0
28,2496540,172.0
28,2496600,171.0
28,2496660,169.0
28,2496720,184.0
28,2496780,184.0
28,2496840,152.0
28,2496900,190.0
28,2496960,211.0
28,2497020,209.0
28,2497080,194.0
28,2497140,197.0
28,2497200,161.0
28,2497260,153.0
28,2497320,222.0
28,2497380,192.0
28,2497440,165.0
28,2497500,193.0
28,2497560,203.0
28,2497620,205.0
28,2497680,237.0
28,2497740,204.0
28,2497800,184.0
28,2497860,146.0
28,2497920,168.0
28,2497980,194.0
28,2498040,205.0
28,2498100,159.0
28,2498160,231.0
28,2498220,184.0
28,2498280,165.0
28,2498340,190.0
28,2498400,212.0
28,2498520,267.0
28,2498580,225.0
28,2498640,264.0
28,2498700,303.0
28,2498760,286.0
28,2498820,242.0
28,2498880,202.0
28,2498940,222.0
28,2499000,260.0
28,2499060,257.0
28,2499120,246.0
28,2499180,244.0
28,2499240,184.0
28,2499300,183.0
28,2499360,182.0
28,2499420,189.0
28,2499480,217.0
28,2499540,201.0
28,2499600,195.0
28,2499660,244.0
28,2499720,238.0
28,2499780,190.0
28,2499840,217.0
28,2499900,152.0
28,2499960,193.0
28,2500020,188.0
28,2500080,170.0
28,2500140,196.0
28,2500200,212.0
28,2500260,142.0
28,2500320,233.0
28,2500380,233.0
28,2500440,167.0
28,2500500,187.0
28,2500560,166.0
28,2500620,196.0
28,2500680,235.0
28,2500740,187.0
28,2500800,206.0
28,2500860,218.0
28,2500920,168.0
28,2500980,146.0
28,2501040,129.0
28,2501100,151.0
28,2501160,144.0
28,2501220,164.0
28,2501280,189.0
28,2501340,197.0
28,2501400,174.0
28,2501460,180.0
28,2501520,185.0
28,2501580,187.0
28,2501640,228.0
28,2501700,212.0
28,2501760,191.0
28,2501820,159.0
28,2501880,167.0
28,2501940,213.0
28,2502000,245.0
28,2502060,246.0
28,2502120,193.0
28,2502180,146.0
28,2502240,178.0
28,2502300,190.0
28,2502360,211.0
28,2502420,213.0
28,2502480,213.0
28,2502540,261.0
28,2502600,251.0
28,2502660,191.0
28,2502720,148.0
28,2502780,268.0
28,2502840,240.0
28,2502900,187.0
28,2502960,271.0
28,2503020,259.0
28,2503080,191.0
28,2503140,193.0
28,2503200,156.0
28,2503260,164.0
28,2503320,212.0
28,2503380,188.0
28,2503440,148.0
28,2503500,129.0
28,2503560,163.0
28,2503620,171.0
28,2503680,173.0
28,2503740,169.0
28,2503800,175.0
28,2503860,143.0
28,2503920,188.0
28,2503980,220.0
28,2504040,210.0
28,2504100,144.0
28,2504160,136.0
28,2504220,197.0
28,2504280,143.0
28,2504340,131.0
28,2504400,169.0
28,2504460,161.0
28,2504520,188.0
28,2504580,160.0
28,2504640,167.0
28,2504700,120.0
28,2504760,150.0
28,2504820,198.0
28,2504880,146.0
28,2504940,181.0
28,2505000,160.0
28,2505060,171.0
28,2505120,183.0
28,2505180,149.0
28,2505240,163.0
28,2505300,160.0
28,2505360,154.0
28,2505420,174.0
28,2505480,120.0
28,2505540,141.0
29,2505600,118.0
29,2505660,100.0
29,2505720,150.0
29,2505780,159.0
29,2505840,99.0
29,2505900,100.0
29,2505960,128.0
29,2506020,145.0
29,2506080,114.0
29,2506140,148.0
29,2506200,136.0
29,2506260,185.0
29,2506320,147.0
29,2506380,182.0
29,2506440,142.0
29,2506500,156.0
29,2506560,136.0
29,2506620,166.0
29,2506680,161.0
29,2506740,150.0
29,2506800,140.0
29,2506860,154.0
29,2506920,125.0
29,2506980,169.0
29,2507040,131.0
29,2507100,160.0
29,2507160,110.0
29,2507220,130.0
29,2507280,159.0
29,2507340,130.0
29,2507400,110.0
29,2507460,146.0
29,2507520,112.0
29,2507580,138.0
29,2507640,153.0
29,2507700,68.0
29,2507760,125.0
29,2507820,136.0
29,2507880,98.0
29,2507940,109.0
29,2508000,96.0
29,2508060,97.0
29,2508120,98.0
29,2508180,105.0
29,2508240,96.0
29,2508300,105.0
29,2508360,102.0
29,2508420,142.0
29,2508480,128.0
29,2508540,110.0
29,2508600,101.0
29,2508660,90.0
29,2508720,113.0
29,2508780,114.0
29,2508840,129.0
29,2508900,106.0
29,2508960,100.0
29,2509020,89.0
29,2509080,99.0
29,2509140,88.0
29,2509200,92.0
29,2509260,113.0
29,2509320,102.0
29,2509380,86.0
29,2509440,110.0
29,2509500,149.0
29,2509560,144.0
29,2509620,91.0
29,2509680,59.0
29,2509740,59.0
29,2509800,71.0
29,2509860,100.0
29,2509920,88.0
29,2509980,105.0
29,2510040,98.0
29,2510100,92.0
29,2510160,110.0
29,2510220,101.0
29,2510280,94.0
29,2510340,75.0
29,2510400,76.0
29,2510460,82.0
29,2510520,84.0
29,2510580,80.0
29,2510640,83.0
29,2510700,83.0
29,2510760,84.0
29,2510820,90.0
29,2510880,57.0
29,2510940,52.0
29,2511000,59.0
29,2511060,83.0
29,2511120,125.0
29,2511180,79.0
29,2511240,132.0
29,2511300,98.0
29,2511360,100.0
29,2511420,80.0
29,2511480,80.0
29,2511540,84.0
29,2511600,98.0
29,2511660,83.0
29,2511720,82.0
29,2511780,84.0
29,2511840,69.0
29,2511900,68.0
29,2511960,83.0
29,2512020,61.0
29,2512080,56.0
29,2512140,79.0
29,2512200,86.0
29,2512260,58.0
29,2512320,63.0
29,2512380,61.0
29,2512440,81.0
29,2512500,78.0
29,2512560,88.0
29,2512620,96.0
29,2512680,77.0
29,2512740,96.0
29,2512800,84.0
29,2512860,61.0
29,2512920,58.0
29,2512980,65.0
29,2513040,40.0
29,2513100,55.0
29,2513160,84.0
29,2513220,64.0
29,2513280,104.0
29,2513340,68.0
29,2513400,51.0
29,2513460,76.0
29,2513520,63.0
29,2513580,76.0
29,2513640,33.0
29,2513700,56.0
29,2513760,58.0
29,2513820,50.0
29,2513880,42.0
29,2513940,59.0
29,2514000,81.0
29,2514060,55.0
29,2514120,49.0
29,2514180,45.0
29,2514240,44.0
29,2514300,36.0
29,2514360,34.0
29,2514420,41.0
29,2514480,62.0
29,2514540,41.0
29,2514600,34.0
29,2514660,41.0
29,2514720,64.0
29,2514780,37.0
29,2514840,34.0
29,2514900,43.0
29,2514960,49.0
29,2515020,25.0
29,2515080,37.0
29,2515140,26.0
29,2515200,41.0
29,2515260,34.0
29,2515320,57.0
29,2515380,56.0
29,2515440,62.0
29,2515500,38.0
29,2515560,72.0
29,2515620,36.0
29,2515680,56.0
29,2515740,67.0
29,2515800,77.0
29,2515860,48.0
29,2515920,28.0
29,2515980,45.0
29,2516040,36.0
29,2516100,35.0
29,2516160,68.0
29,2516220,24.0
29,2516280,39.0
29,2516340,30.0
29,2516400,45.0
29,2516460,15.0
29,2516520,33.0
29,2516580,55.0
29,2516640,43.0
29,2516700,21.0
29,2516760,32.0
29,2516820,19.0
29,2516880,33.0
29,2516940,18.0
29,2517000,33.0
29,2517060,29.0
29,2517120,28.0
29,2517180,24.0
29,2517240,24.0
29,2517300,34.0
29,2517360,24.0
29,2517420,19.0
29,2517480,44.0
29,2517540,38.0
29,2517600,29.0
29,2517660,15.0
29,2517720,43.0
29,2517780,22.0
29,2517840,35.0
29,2517900,19.0
29,2517960,21.0
29,2518020,19.0
29,2518080,13.0
29,2518140,16.0
29,2518200,35.0
29,2518260,24.0
29,2518320,37.0
29,2518380,25.0
29,2518440,23.0
29,2518500,17.0
29,2518560,21.0
29,2518620,16.0
29,2518680,15.0
29,2518740,14.0
29,2518800,29.0
29,2518860,21.0
29,2518920,22.0
29,2518980,18.0
29,2519040,15.0
29,2519100,18.0
29,2519160,19.0
29,2519220,13.0
29,2519280,16.0
29,2519340,23.0
29,2519400,26.0
29,2519460,30.0
29,2519520,14.0
29,2519580,10.0
29,2519640,9.0
29,2519700,32.0
29,2519760,40.0
29,2519820,27.0
29,2519880,18.0
29,2519940,22.0
29,2520000,23.0
29,2520060,15.0
29,2520120,14.0
29,2520180,29.0
29,2520240,30.0
29,2520300,16.0
29,2520360,26.0
29,2520420,18.0
29,2520480,32.0
29,2520540,57.0
29,2520600,24.0
29,2520660,13.0
29,2520720,12.0
29,2520780,19.0
29,2520840,13.0
29,2520900,14.0
29,2520960,17.0
29,2521020,15.0
29,2521080,18.0
29,2521140,16.0
29,2521200,16.0
29,2521260,9.0
29,2521320,21.0
29,2521380,8.0
29,2521440,25.0
29,2521500,36.0
29,2521560,26.0
29,2521620,17.0
29,2521680,17.0
29,2521740,23.0
29,2521800,28.0
29,2521860,12.0
29,2521920,44.0
29,2521980,13.0
29,2522040,29.0
29,2522100,47.0
29,2522160,58.0
29,2522220,45.0
29,2522280,33.0
29,2522340,37.0
29,2522400,28.0
29,2522460,49.0
29,2522520,25.0
29,2522580,43.0
29,2522640,47.0
29,2522700,50.0
29,2522760,52.0
29,2522820,44.0
29,2522880,8.0
29,2522940,32.0
29,2523000,30.0
29,2523060,37.0
29,2523120,29.0
29,2523180,27.0
29,2523240,27.0
29,2523300,27.0
29,2523360,28.0
29,2523420,9.0
29,2523480,10.0
29,2523540,6.0
29,2523600,8.0
29,2523660,16.0
29,2523720,25.0
29,2523780,5.0
29,2523840,14.0
29,2523900,20.0
29,2523960,14.0
29,2524020,21.0
29,2524080,17.0
29,2524140,14.0
29,2524200,15.0
29,2524260,5.0
29,2524320,6.0
29,2524380,12.0
29,2524440,15.0
29,2524500,9.0
29,2524560,13.0
29,2524620,18.0
29,2524680,21.0
29,2524740,20.0
29,2524800,8.0
29,2524860,16.0
29,2524920,20.0
29,2524980,15.0
29,2525040,6.0
29,2525100,13.0
29,2525160,20.0
29,2525220,16.0
29,2525280,8.0
29,2525340,18.0
29,2525400,20.0
29,2525460,6.0
29,2525520,19.0
29,2525580,6.0
29,2525640,10.0
29,2525700,15.0
29,2525760,16.0
29,2525820,14.0
29,2525880,23.0
29,2525940,9.0
29,2526000,18.0
29,2526060,25.0
29,2526120,9.0
29,2526180,15.0
29,2526240,19.0
29,2526300,13.0
29,2526360,16.0
29,2526420,12.0
29,2526480,17.0
29,2526540,7.0
29,2526600,13.0
29,2526660,6.0
29,2526720,7.0
29,2526780,3.0
29,2526840,5.0
29,2526900,12.0
29,2526960,14.0
29,2527020,13.0
29,2527080,6.0
29,2527140,5.0
29,2527200,6.0
29,2527260,12.0
29,2527320,25.0
29,2527380,10.0
29,2527440,13.0
29,2527500,21.0
29,2527560,13.0
29,2527620,17.0
29,2527680,28.0
29,2527740,5.0
29,2527800,15.0
29,2527860,4.0
29,2527920,8.0
29,2527980,4.0
29,2528040,7.0
29,2528100,6.0
29,2528160,15.0
29,2528220,6.0
29,2528280,9.0
29,2528340,25.0
29,2528400,26.0
29,2528460,8.0
29,2528520,3.0
29,2528580,4.0
29,2528640,15.0
29,2528700,7.0
29,2528760,29.0
29,2528820,25.0
29,2528880,21.0
29,2528940,18.0
29,2529000,23.0
29,2529060,21.0
29,2529120,21.0
29,2529180,23.0
29,2529240,13.0
29,2529300,20.0
29,2529360,23.0
29,2529420,16.0
29,2529480,18.0
29,2529540,19.0
29,2529600,28.0
29,2529660,19.0
29,2529720,34.0
29,2529780,6.0
29,2529840,2.0
29,2529900,5.0
29,2529960,13.0
29,2530020,14.0
29,2530080,19.0
29,2530140,20.0
29,2530200,24.0
29,2530260,27.0
29,2530320,7.0
29,2530380,21.0
29,2530440,13.0
29,2530500,12.0
29,2530560,16.0
29,2530620,8.0
29,2530680,12.0
29,2530740,15.0
29,2530800,17.0
29,2530860,25.0
29,2530920,14.0
29,2530980,13.0
29,2531040,20.0
29,2531100,17.0
29,2531160,23.0
29,2531220,10.0
29,2531280,19.0
29,2531340,10.0
29,2531400,9.0
29,2531460,12.0
29,2531520,22.0
29,2531580,24.0
29,2531640,12.0
29,2531700,14.0
29,2531760,7.0
29,2531820,18.0
29,2531880,16.0
29,2531940,25.0
29,2532000,21.0
29,2532060,29.0
29,2532120,21.0
29,2532180,45.0
29,2532240,63.0
29,2532300,52.0
29,2532360,49.0
29,2532420,33.0
29,2532480,25.0
29,2532540,35.0
29,2532600,27.0
29,2532660,37.0
29,2532720,68.0
29,2532780,74.0
29,2532840,54.0
29,2532900,98.0
29,2532960,78.0
29,2533020,56.0
29,2533080,51.0
29,2533140,46.0
29,2533200,48.0
29,2533260,63.0
29,2533320,59.0
29,2533380,50.0
29,2533440,20.0
29,2533500,17.0
29,2533560,27.0
29,2533620,33.0
29,2533680,38.0
29,2533740,46.0
29,2533800,41.0
29,2533860,38.0
29,2533920,29.0
29,2533980,30.0
29,2534040,26.0
29,2534100,26.0
29,2534160,45.0
29,2534220,36.0
29,2534280,39.0
29,2534340,28.0
29,2534400,32.0
29,2534460,25.0
29,2534520,32.0
29,2534580,32.0
29,2534640,27.0
29,2534700,49.0
29,2534760,54.0
29,2534820,42.0
29,2534880,69.0
29,2534940,75.0
29,2535000,63.0
29,2535060,63.0
29,2535120,58.0
29,2535180,46.0
29,2535240,42.0
29,2535300,44.0
29,2535360,83.0
29,2535420,50.0
29,2535480,66.0
29,2535540,62.0
29,2535600,75.0
29,2535660,76.0
29,2535720,46.0
29,2535780,63.0
29,2535840,79.0
29,2535900,60.0
29,2535960,61.0
29,2536020,82.0
29,2536080,125.0
29,2536140,117.0
29,2536200,103.0
29,2536260,124.0
29,2536320,98.0
29,2536380,76.0
29,2536440,99.0
29,2536500,133.0
29,2536560,123.0
29,2536620,104.0
29,2536680,113.0
29,2536740,116.0
29,2536800,135.0
29,2536860,110.0
29,2536920,101.0
29,2536980,101.0
29,2537040,81.0
29,2537100,80.0
29,2537160,88.0
29,2537220,133.0
29,2537280,94.0
29,2537340,96.0
29,2537400,89.0
29,2537460,89.0
29,2537520,87.0
29,2537580,75.0
29,2537640,76.0
29,2537700,52.0
29,2537760,92.0
29,2537820,86.0
29,2537880,110.0
29,2537940,79.0
29,2538000,65.0
29,2538060,82.0
29,2538120,93.0
29,2538180,103.0
29,2538240,101.0
29,2538300,113.0
29,2538360,133.0
29,2538420,202.0
29,2538480,153.0
29,2538540,129.0
29,2538600,153.0
29,2538660,162.0
29,2538720,134.0
29,2538780,205.0
29,2538840,156.0
29,2538900,159.0
29,2538960,166.0
29,2539020,99.0
29,2539080,94.0
29,2539140,145.0
29,2539200,171.0
29,2539260,130.0
29,2539320,132.0
29,2539380,136.0
29,2539440,140.0
29,2539500,143.0
29,2539560,118.0
29,2539620,126.0
29,2539680,131.0
29,2539740,110.0
29,2539800,109.0
29,2539860,83.0
29,2539920,84.0
29,2539980,96.0
29,2540040,107.0
29,2540100,154.0
29,2540160,145.0
29,2540220,142.0
29,2540280,102.0
29,2540340,181.0
29,2540400,116.0
29,2540460,145.0
29,2540520,153.0
29,2540580,102.0
29,2540640,152.0
29,2540700,160.0
29,2540760,118.0
29,2540820,140.0
29,2540880,124.0
29,2540940,132.0
29,2541000,111.0
29,2541060,145.0
29,2541120,116.0
29,2541180,145.0
29,2541240,154.0
29,2541300,159.0
29,2541360,99.0
29,2541420,159.0
29,2541480,142.0
29,2541540,111.0
29,2541600,140.0
29,2541660,161.0
29,2541720,121.0
29,2541780,152.0
29,2541840,162.0
29,2541900,146.0
29,2541960,155.0
29,2542020,225.0
29,2542080,230.0
29,2542140,196.0
29,2542200,204.0
29,2542260,194.0
29,2542320,229.0
29,2542380,216.0
29,2542440,202.0
29,2542500,239.0
29,2542560,234.0
29,2542620,147.0
29,2542680,120.0
29,2542740,188.0
29,2542800,163.0
29,2542860,177.0
29,2542920,166.0
29,2542980,173.0
29,2543040,214.0
29,2543100,162.0
29,2543160,224.0
29,2543220,232.0
29,2543280,234.0
29,2543340,163.0
29,2543400,172.0
29,2543460,145.0
29,2543520,150.0
29,2543580,180.0
29,2543640,183.0
29,2543700,133.0
29,2543760,215.0
29,2543820,139.0
29,2543880,165.0
29,2543940,173.0
29,2544000,180.0
29,2544060,232.0
29,2544120,151.0
29,2544180,123.0
29,2544240,146.0
29,2544300,150.0
29,2544360,209.0
29,2544420,160.0
29,2544480,146.0
29,2544540,151.0
29,2544600,152.0
29,2544660,173.0
29,2544720,224.0
29,2544780,206.0
29,2544840,235.0
29,2544900,176.0
29,2544960,189.0
29,2545020,172.0
29,2545080,174.0
29,2545140,143.0
29,2545200,151.0
29,2545260,172.0
29,2545320,203.0
29,2545380,154.0
29,2545440,222.0
29,2545500,204.0
29,2545560,145.0
29,2545620,144.0
29,2545680,169.0
29,2545740,183.0
29,2545800,194.0
29,2545860,214.0
29,2545920,212.0
29,2545980,175.0
29,2546040,166.0
29,2546100,161.0
29,2546160,186.0
29,2546220,202.0
29,2546280,151.0
29,2546340,190.0
29,2546400,188.0
29,2546460,180.0
29,2546520,204.0
29,2546580,262.0
29,2546640,236.0
29,2546700,223.0
29,2546760,169.0
29,2546820,210.0
29,2546880,202.0
29,2546940,209.0
29,2547000,198.0
29,2547060,178.0
29,2547120,204.0
29,2547180,210.0
29,2547240,240.0
29,2547300,278.0
29,2547360,257.0
29,2547420,255.0
29,2547480,235.0
29,2547540,234.0
29,2547600,235.0
29,2547660,220.0
29,2547720,193.0
29,2547780,207.0
29,2547840,273.0
29,2547900,289.0
29,2547960,266.0
29,2548020,275.0
29,2548080,208.0
29,2548140,211.0
29,2548200,223.0
29,2548260,218.0
29,2548320,245.0
29,2548380,261.0
29,2548440,232.0
29,2548500,215.0
29,2548560,217.0
29,2548620,159.0
29,2548680,203.0
29,2548740,208.0
29,2548800,202.0
29,2548860,166.0
29,2548920,175.0
29,2548980,215.0
29,2549040,207.0
29,2549100,191.0
29,2549160,202.0
29,2549220,165.0
29,2549280,173.0
29,2549340,200.0
29,2549400,188.0
29,2549460,181.0
29,2549520,205.0
29,2549580,208.0
29,2549640,208.0
29,2549700,160.0
29,2549760,198.0
29,2549820,172.0
29,2549880,225.0
29,2549940,232.0
29,2550000,244.0
29,2550060,188.0
29,2550120,191.0
29,2550180,201.0
29,2550240,211.0
29,2550300,164.0
29,2550360,167.0
29,2550420,216.0
29,2550480,194.0
29,2550540,217.0
29,2550600,214.0
29,2550660,260.0
29,2550720,250.0
29,2550780,239.0
29,2550840,196.0
29,2550900,145.0
29,2550960,175.0
29,2551020,207.0
29,2551080,217.0
29,2551140,233.0
29,2551200,228.0
29,2551260,238.0
29,2551320,259.0
29,2551380,222.0
29,2551440,227.0
29,2551500,264.0
29,2551560,268.0
29,2551620,197.0
29,2551680,211.0
29,2551740,260.0
29,2551800,216.0
29,2551860,212.0
29,2551920,198.0
29,2551980,202.0
29,2552040,180.0
29,2552100,174.0
29,2552160,186.0
29,2552220,203.0
29,2552280,203.0
29,2552340,185.0
29,2552400,250.0
29,2552460,227.0
29,2552520,207.0
29,2552580,223.0
29,2552640,200.0
29,2552700,207.0
29,2552760,209.0
29,2552820,203.0
29,2552880,240.0
29,2552940,201.0
29,2553000,188.0
29,2553060,209.0
29,2553120,207.0
29,2553180,270.0
29,2553240,255.0
29,2553300,196.0
29,2553360,187.0
29,2553420,204.0
29,2553480,224.0
29,2553540,248.0
29,2553600,236.0
29,2553660,211.0
29,2553720,234.0
29,2553780,172.0
29,2553840,162.0
29,2553900,213.0
29,2553960,202.0
29,2554020,163.0
29,2554080,194.0
29,2554140,178.0
29,2554200,186.0
29,2554260,165.0
29,2554320,152.0
29,2554380,204.0
29,2554440,197.0
29,2554500,184.0
29,2554560,153.0
29,2554620,180.0
29,2554680,133.0
29,2554740,189.0
29,2554800,217.0
29,2554860,166.0
29,2554920,191.0
29,2554980,164.0
29,2555040,208.0
29,2555100,213.0
29,2555160,171.0
29,2555220,239.0
29,2555280,156.0
29,2555340,211.0
29,2555400,201.0
29,2555460,189.0
29,2555520,163.0
29,2555580,196.0
29,2555640,171.0
29,2555700,220.0
29,2555760,180.0
29,2555820,194.0
29,2555880,178.0
29,2555940,171.0
29,2556000,192.0
29,2556060,171.0
29,2556120,213.0
29,2556180,218.0
29,2556240,218.0
29,2556300,232.0
29,2556360,208.0
29,2556420,182.0
29,2556480,247.0
29,2556540,209.0
29,2556600,267.0
29,2556660,195.0
29,2556720,216.0
29,2556780,182.0
29,2556840,235.0
29,2556900,219.0
29,2556960,210.0
29,2557020,218.0
29,2557080,220.0
29,2557140,198.0
29,2557200,163.0
29,2557260,165.0
29,2557320,204.0
29,2557380,200.0
29,2557440,163.0
29,2557500,201.0
29,2557560,202.0
29,2557620,200.0
29,2557680,156.0
29,2557740,128.0
29,2557800,166.0
29,2557860,231.0
29,2557920,187.0
29,2557980,188.0
29,2558040,197.0
29,2558100,183.0
29,2558160,158.0
29,2558220,191.0
29,2558280,193.0
29,2558340,181.0
29,2558400,193.0
29,2558460,219.0
29,2558520,230.0
29,2558580,222.0
29,2558640,222.0
29,2558700,229.0
29,2558760,219.0
29,2558820,207.0
29,2558880,196.0
29,2558940,180.0
29,2559000,175.0
29,2559060,207.0
29,2559120,168.0
29,2559180,210.0
29,2559240,178.0
29,2559300,208.0
29,2559360,193.0
29,2559420,196.0
29,2559480,183.0
29,2559540,212.0
29,2559600,244.0
29,2559660,225.0
29,2559720,267.0
29,2559780,207.0
29,2559840,275.0
29,2559900,290.0
29,2559960,262.0
29,2560020,231.0
29,2560080,256.0
29,2560140,236.0
29,2560200,267.0
29,2560260,254.0
29,2560320,178.0
29,2560380,208.0
29,2560440,202.0
29,2560500,236.0
29,2560560,229.0
29,2560620,223.0
29,2560680,192.0
29,2560740,196.0
29,2560800,168.0
29,2560860,189.0
29,2560920,192.0
29,2560980,248.0
29,2561040,176.0
29,2561100,225.0
29,2561160,215.0
29,2561280,259.0
29,2561340,195.0
29,2561400,187.0
29,2561460,114.0
29,2561520,156.0
29,2561580,162.0
29,2561640,237.0
29,2561700,234.0
29,2561760,197.0
29,2561820,216.0
29,2561880,223.0
29,2561940,172.0
29,2562000,185.0
29,2562060,197.0
29,2562120,172.0
29,2562180,177.0
29,2562240,213.0
29,2562300,200.0
29,2562360,211.0
29,2562420,161.0
29,2562480,192.0
29,2562540,194.0
29,2562600,190.0
29,2562660,218.0
29,2562720,178.0
29,2562780,198.0
29,2562840,201.0
29,2562900,173.0
29,2562960,175.0
29,2563020,154.0
29,2563080,178.0
29,2563140,182.0
29,2563200,188.0
29,2563260,161.0
29,2563320,155.0
29,2563380,194.0
29,2563440,200.0
29,2563500,233.0
29,2563560,243.0
29,2563620,187.0
29,2563680,190.0
29,2563740,197.0
29,2563800,181.0
29,2563860,192.0
29,2563920,167.0
29,2563980,208.0
29,2564040,209.0
29,2564100,186.0
29,2564160,185.0
29,2564220,201.0
29,2564280,238.0
29,2564340,268.0
29,2564400,288.0
29,2564460,274.0
29,2564520,273.0
29,2564580,234.0
29,2564640,205.0
29,2564700,193.0
29,2564760,210.0
29,2564820,217.0
29,2564880,239.0
29,2564940,203.0
29,2565000,227.0
29,2565060,217.0
29,2565120,167.0
29,2565180,197.0
29,2565240,162.0
29,2565300,198.0
29,2565360,213.0
29,2565420,213.0
29,2565480,205.0
29,2565540,196.0
29,2565600,247.0
29,2565660,188.0
29,2565720,172.0
29,2565780,191.0
29,2565840,188.0
29,2565900,190.0
29,2565960,184.0
29,2566020,185.0
29,2566080,184.0
29,2566140,231.0
29,2566200,217.0
29,2566260,216.0
29,2566320,210.0
29,2566380,213.0
29,2566440,160.0
29,2566500,167.0
29,2566560,220.0
29,2566620,181.0
29,2566680,184.0
29,2566740,180.0
29,2566800,226.0
29,2566860,250.0
29,2566920,229.0
29,2566980,225.0
29,2567040,243.0
29,2567100,216.0
29,2567160,260.0
29,2567220,255.0
29,2567280,219.0
29,2567340,245.0
29,2567400,277.0
29,2567460,257.0
29,2567520,227.0
29,2567580,155.0
29,2567640,197.0
29,2567700,211.0
29,2567760,181.0
29,2567820,171.0
29,2567880,215.0
29,2567940,173.0
29,2568000,160.0
29,2568060,202.0
29,2568120,214.0
29,2568180,152.0
29,2568240,228.0
29,2568300,197.0
29,2568360,191.0
29,2568420,203.0
29,2568480,177.0
29,2568540,177.0
29,2568600,198.0
29,2568660,211.0
29,2568720,176.0
29,2568780,223.0
29,2568840,217.0
29,2568900,214.0
29,2568960,265.0
29,2569020,245.0
29,2569080,204.0
29,2569140,182.0
29,2569200,162.0
29,2569260,208.0
29,2569320,212.0
29,2569380,203.0
29,2569440,196.0
29,2569500,196.0
29,2569560,188.0
29,2569620,205.0
29,2569680,185.0
29,2569740,187.0
29,2569800,168.0
29,2569860,192.0
29,2569920,215.0
29,2569980,191.0
29,2570040,186.0
29,2570100,195.0
29,2570160,184.0
29,2570220,201.0
29,2570280,198.0
29,2570340,177.0
29,2570400,171.0
29,2570460,184.0
29,2570520,195.0
29,2570580,148.0
29,2570640,197.0
29,2570700,156.0
29,2570760,173.0
29,2570820,154.0
29,2570880,198.0
29,2570940,251.0
29,2571000,192.0
29,2571060,257.0
29,2571120,245.0
29,2571180,246.0
29,2571240,228.0
29,2571300,227.0
29,2571360,220.0
29,2571420,270.0
29,2571480,208.0
29,2571540,251.0
29,2571600,131.0
29,2571660,197.0
29,2571720,187.0
29,2571780,191.0
29,2571840,181.0
29,2571900,193.0
29,2571960,198.0
29,2572020,166.0
29,2572080,201.0
29,2572140,167.0
29,2572200,114.0
29,2572260,168.0
29,2572320,180.0
29,2572380,167.0
29,2572440,196.0
29,2572500,127.0
29,2572560,189.0
29,2572620,133.0
29,2572680,193.0
29,2572740,175.0
29,2572800,156.0
29,2572860,125.0
29,2572920,143.0
29,2572980,135.0
29,2573040,100.0
29,2573100,128.0
29,2573160,193.0
29,2573220,134.0
29,2573280,123.0
29,2573340,184.0
29,2573400,154.0
29,2573460,163.0
29,2573520,178.0
29,2573580,144.0
29,2573640,143.0
29,2573700,129.0
29,2573760,180.0
29,2573820,158.0
29,2573880,169.0
29,2573940,159.0
29,2574000,220.0
29,2574060,213.0
29,2574120,201.0
29,2574180,206.0
29,2574240,195.0
29,2574300,194.0
29,2574360,240.0
29,2574420,204.0
29,2574480,184.0
29,2574540,222.0
29,2574600,242.0
29,2574660,191.0
29,2574720,140.0
29,2574780,217.0
29,2574840,205.0
29,2574900,165.0
29,2574960,190.0
29,2575020,153.0
29,2575080,169.0
29,2575140,151.0
29,2575200,183.0
29,2575260,224.0
29,2575320,165.0
29,2575380,184.0
29,2575440,189.0
29,2575500,154.0
29,2575560,162.0
29,2575620,152.0
29,2575680,148.0
29,2575740,181.0
29,2575800,185.0
29,2575860,210.0
29,2575920,193.0
29,2575980,169.0
29,2576040,171.0
29,2576100,160.0
29,2576160,164.0
29,2576220,146.0
29,2576280,172.0
29,2576340,206.0
29,2576400,174.0
29,2576460,170.0
29,2576520,184.0
29,2576580,200.0
29,2576640,158.0
29,2576700,165.0
29,2576760,187.0
29,2576820,180.0
29,2576880,198.0
29,2576940,153.0
29,2577000,192.0
29,2577060,267.0
29,2577120,207.0
29,2577180,170.0
29,2577240,150.0
29,2577300,132.0
29,2577360,173.0
29,2577420,175.0
29,2577480,174.0
29,2577540,161.0
29,2577600,212.0
29,2577660,197.0
29,2577720,219.0
29,2577780,204.0
29,2577840,208.0
29,2577900,190.0
29,2577960,213.0
29,2578020,222.0
29,2578080,246.0
29,2578140,204.0
29,2578200,270.0
29,2578260,243.0
29,2578320,198.0
29,2578380,255.0
29,2578440,256.0
29,2578500,208.0
29,2578560,202.0
29,2578620,219.0
29,2578680,208.0
29,2578740,176.0
29,2578800,191.0
29,2578860,208.0
29,2578920,204.0
29,2578980,177.0
29,2579040,189.0
29,2579100,138.0
29,2579160,152.0
29,2579220,193.0
29,2579280,167.0
29,2579340,160.0
29,2579400,175.0
29,2579460,178.0
29,2579520,164.0
29,2579580,168.0
29,2579640,151.0
29,2579700,201.0
29,2579760,186.0
29,2579820,210.0
29,2579880,185.0
29,2579940,188.0
29,2580000,214.0
29,2580060,227.0
29,2580120,214.0
29,2580180,174.0
29,2580240,196.0
29,2580300,176.0
29,2580360,178.0
29,2580420,227.0
29,2580480,159.0
29,2580540,194.0
29,2580600,175.0
29,2580660,204.0
29,2580720,185.0
29,2580780,176.0
29,2580840,204.0
29,2580900,193.0
29,2580960,206.0
29,2581020,162.0
29,2581080,187.0
29,2581140,181.0
29,2581200,183.0
29,2581260,260.0
29,2581320,245.0
29,2581380,159.0
29,2581440,169.0
29,2581500,210.0
29,2581560,148.0
29,2581620,181.0
29,2581680,208.0
29,2581740,156.0
29,2581800,161.0
29,2581860,198.0
29,2581920,181.0
29,2581980,170.0
29,2582040,197.0
29,2582100,183.0
29,2582160,188.0
29,2582220,168.0
29,2582280,162.0
29,2582340,182.0
29,2582400,177.0
29,2582460,178.0
29,2582520,197.0
29,2582580,185.0
29,2582640,154.0
29,2582700,178.0
29,2582760,162.0
29,2582820,205.0
29,2582880,185.0
29,2582940,203.0
29,2583000,183.0
29,2583060,151.0
29,2583120,201.0
29,2583180,208.0
29,2583240,153.0
29,2583300,163.0
29,2583360,175.0
29,2583420,145.0
29,2583480,151.0
29,2583540,121.0
29,2583600,170.0
29,2583660,177.0
29,2583720,174.0
29,2583780,197.0
29,2583840,159.0
29,2583900,156.0
29,2583960,185.0
29,2584020,209.0
29,2584080,184.0
29,2584140,209.0
29,2584200,196.0
29,2584260,225.0
29,2584320,213.0
29,2584380,213.0
29,2584440,229.0
29,2584500,242.0
29,2584560,208.0
29,2584620,273.0
29,2584680,271.0
29,2584740,246.0
29,2584800,274.0
29,2584860,217.0
29,2584920,235.0
29,2584980,214.0
29,2585040,208.0
29,2585100,238.0
29,2585160,226.0
29,2585220,272.0
29,2585280,300.0
29,2585340,234.0
29,2585400,266.0
29,2585460,300.0
29,2585520,265.0
29,2585580,290.0
29,2585640,257.0
29,2585700,271.0
29,2585760,234.0
29,2585820,194.0
29,2585880,197.0
29,2585940,200.0
29,2586000,194.0
29,2586060,180.0
29,2586120,195.0
29,2586180,201.0
29,2586240,174.0
29,2586300,225.0
29,2586360,180.0
29,2586420,138.0
29,2586480,183.0
29,2586540,164.0
29,2586600,194.0
29,2586660,187.0
29,2586720,150.0
29,2586780,152.0
29,2586840,175.0
29,2586900,148.0
29,2586960,141.0
29,2587020,169.0
29,2587080,159.0
29,2587140,148.0
29,2587200,187.0
29,2587260,181.0
29,2587320,172.0
29,2587380,230.0
29,2587440,184.0
29,2587500,187.0
29,2587560,166.0
29,2587620,172.0
29,2587680,175.0
29,2587740,198.0
29,2587800,208.0
29,2587860,215.0
29,2587920,212.0
29,2587980,175.0
29,2588040,186.0
29,2588100,130.0
29,2588160,177.0
29,2588220,175.0
29,2588280,170.0
29,2588340,158.0
29,2588400,166.0
29,2588460,153.0
29,2588520,248.0
29,2588580,186.0
29,2588640,155.0
29,2588700,181.0
29,2588760,135.0
29,2588820,182.0
29,2588880,140.0
29,2588940,123.0
29,2589000,170.0
29,2589060,149.0
29,2589120,171.0
29,2589180,181.0
29,2589240,219.0
29,2589300,203.0
29,2589360,200.0
29,2589420,193.0
29,2589480,210.0
29,2589540,209.0
29,2589600,171.0
29,2589660,192.0
29,2589720,214.0
29,2589780,159.0
29,2589840,156.0
29,2589900,173.0
29,2589960,131.0
29,2590020,175.0
29,2590080,175.0
29,2590140,165.0
29,2590200,150.0
29,2590260,164.0
29,2590320,159.0
29,2590380,194.0
29,2590440,151.0
29,2590500,150.0
29,2590560,192.0
29,2590620,133.0
29,2590680,182.0
29,2590740,132.0
29,2590800,127.0
29,2590860,114.0
29,2590920,151.0
29,2590980,145.0
29,2591040,148.0
29,2591100,112.0
29,2591160,108.0
29,2591220,112.0
29,2591280,114.0
29,2591340,118.0
29,2591400,117.0
29,2591460,128.0
29,2591520,140.0
29,2591580,101.0
29,2591640,158.0
29,2591700,146.0
29,2591760,135.0
29,2591820,121.0
29,2591880,120.0
29,2591940,152.0
