Run 7
========================================
Default
drwxrwxr-x 2 cc cc   4096 Jan  8 03:14 __pycache__
-rw-rw-r-- 1 cc cc  21743 Jan  8 00:11 bayesian_optimization.py
drwxrwxr-x 2 cc cc   4096 Jan  5 15:43 bo_outputs_copy
-rw-rw-r-- 1 cc cc  22474 Jan  8 02:32 bo_utils.py
-rw-rw-r-- 1 cc cc  12286 Jan  5 01:06 check_result.py
-rw-rw-r-- 1 cc cc   7349 Jan  5 15:31 compute_stat.py
-rw-rw-r-- 1 cc cc   6640 Jan  5 15:43 compute_trade_off.py
-rw-rw-r-- 1 cc cc   1438 Jan  5 14:32 config.py
-rw-rw-r-- 1 cc cc   4370 Jan  8 00:11 manager.py
-rw-rw-r-- 1 cc cc   9045 Dec 16 05:41 original-bayesian_optimization.py
-rw-rw-r-- 1 cc cc  11668 Jan  5 15:23 original_bo_results_price_20260105_051239 copy.json
-rw-rw-r-- 1 cc cc   2423 Jan  3 19:23 pods_mapping.py
-rw-rw-r-- 1 cc cc  21769 Jan  7 06:31 power_service.py
-rw-rw-r-- 1 cc cc   1736 Jan  7 00:16 temp.py

IS_ENERGY: False
[info] batch_size: 3, initial_points: 10, n_batch: 10
No checkpoint found, starting fresh BO run.
Updating function ml-image-processing to cpu: 610m, memory: 53Mi
Updating Deployment resource configuration...

Updating function ml-object-detection to cpu: 4976m, memory: 414Mi
Updating Deployment resource configuration...

[info] Original replicas=24, selector='environmentName=ml-image-processing,environmentNamespace=default,environmentUid=2449fff4-7632-422c-aa00-519fcb194e26,executorType=newdeploy,functionName=ml-image-processing,functionNamespace=default,functionUid=58487e4a-0036-4ccd-8b22-c7f0f2d6d72b'
[info] Original replicas=73, selector='environmentName=yolo,environmentNamespace=default,environmentUid=ced8af41-455b-4081-99aa-1700c0092126,executorType=newdeploy,functionName=ml-object-detection,functionNamespace=default,functionUid=182005a6-ad76-40e9-9ecd-2fb10570ca05'
[ok] Patched Deployment resources
[ok] Patched Deployment resources
[ok] Verified Deployment template resources: requests={'cpu': '1500m', 'memory': '400Mi'} limits={'cpu': '4976m', 'memory': '414Mi'}
[info] Scaling deployment to 0 replicas to force full pod replacement
[ok] Verified Deployment template resources: requests={'cpu': '300m', 'memory': '50Mi'} limits={'cpu': '610m', 'memory': '53Mi'}
[info] Scaling deployment to 0 replicas to force full pod replacement
[ok] All pods terminated (replicas=0)
[info] Scaling deployment back to 24 replicas
[ok] Deleted HPA newdeploy-ml-image-processing-default-8b22-c7f0f2d6d72b
[ok] All pods terminated (replicas=0)
[info] Scaling deployment back to 73 replicas
[ok] Deleted HPA newdeploy-ml-object-detection-default-9ecd-2fb10570ca05
[ok] Deleted HPA newdeploy-ml-object-detection-default-9ecd-2fb10570ca05
[ok] Rollout completed after scale-to-zero
[verify] newest RS=newdeploy-ml-image-processing-default-8b22-c7f0f2d6d72b-64cc7fd9dd pods=24 ready=24
[ok] Verified newest ReplicaSet template resources match expected
[ok] Rollout completed after scale-to-zero
[verify] newest RS=newdeploy-ml-object-detection-default-9ecd-2fb10570ca05-58b947d747 pods=73 ready=73
[ok] Verified newest ReplicaSet template resources match expected
[info] Started Locust with PID 3381944
[info] attempt=1: start sleep for 20s
[info] attempt=1: sleep done
\Start sampling in parallel...
Workflow e2e p99 latency (49 completed in 16.6s, parallel, 8 workers): 9.000s
Average stage latencies:
  - ml-image-processing: 0.142s
  - ml-object-detection: 0.230s
[info] poll_locust_row: failed to load, try again
[info] poll_locust_row: failed to load, try again
[info] poll_locust_row: failed to load, try again
[info] total_requests: 1103
[info] e2e_latency (p99): 3.700 s
[info] energy_j: 7340.726364 J
[info] served_rps: 67.10 req/s
[info]: start_time: 1767878043.131, end_time: 1767878059.731, duration_s: 16.60 s
[info] energy_cost: 6.655237 J/request
[info] average power: 442.212434 W
[info] Locust stopped
================================================================================
objective      : price
resource_config: [{'cpu_m': 610, 'memory_mi': 53}, {'cpu_m': 4976, 'memory_mi': 414}], latencies: {'ml-image-processing': 0.14212669465569375, 'ml-object-detection': 0.23034409264547992}, price_cost: 214.555492, energy_cost: 6.655237, latency_p99 : 3.700000, feasible: False, total_requests: 1103, served_rps: 67.10, total_energy_j: 7340.726364 J, profiling_duration_s: 16.600000s, average_power: 442.212434 W
wall_time_s    : 104.098
================================================================================

Updating function ml-image-processing to cpu: 419m, memory: 60Mi
Updating Deployment resource configuration...

Updating function ml-object-detection to cpu: 5037m, memory: 431Mi
Updating Deployment resource configuration...

[info] Original replicas=24, selector='environmentName=ml-image-processing,environmentNamespace=default,environmentUid=2449fff4-7632-422c-aa00-519fcb194e26,executorType=newdeploy,functionName=ml-image-processing,functionNamespace=default,functionUid=58487e4a-0036-4ccd-8b22-c7f0f2d6d72b'
[info] Original replicas=73, selector='environmentName=yolo,environmentNamespace=default,environmentUid=ced8af41-455b-4081-99aa-1700c0092126,executorType=newdeploy,functionName=ml-object-detection,functionNamespace=default,functionUid=182005a6-ad76-40e9-9ecd-2fb10570ca05'
[ok] Patched Deployment resources
[ok] Patched Deployment resources
[ok] Verified Deployment template resources: requests={'cpu': '300m', 'memory': '50Mi'} limits={'cpu': '419m', 'memory': '60Mi'}
[info] Scaling deployment to 0 replicas to force full pod replacement
[ok] Verified Deployment template resources: requests={'cpu': '1500m', 'memory': '400Mi'} limits={'cpu': '5037m', 'memory': '431Mi'}
[info] Scaling deployment to 0 replicas to force full pod replacement
[ok] All pods terminated (replicas=0)
[info] Scaling deployment back to 24 replicas
[ok] All pods terminated (replicas=0)
[info] Scaling deployment back to 73 replicas
[ok] Rollout completed after scale-to-zero
[verify] newest RS=newdeploy-ml-image-processing-default-8b22-c7f0f2d6d72b-6848bfc48 pods=24 ready=24
[ok] Verified newest ReplicaSet template resources match expected
[ok] Rollout completed after scale-to-zero
[verify] newest RS=newdeploy-ml-object-detection-default-9ecd-2fb10570ca05-8448b7f4c6 pods=73 ready=73
[ok] Verified newest ReplicaSet template resources match expected
[info] Started Locust with PID 3392076
[info] attempt=1: start sleep for 20s
[info] attempt=1: sleep done
\Start sampling in parallel...
Workflow e2e p99 latency (59 completed in 16.9s, parallel, 8 workers): 3.757s
Average stage latencies:
  - ml-image-processing: 0.214s
  - ml-object-detection: 0.231s
[info] poll_locust_row: failed to load, try again
[info] poll_locust_row: failed to load, try again
[info] total_requests: 1077
[info] e2e_latency (p99): 4.400 s
[info] energy_j: 7614.190698 J
[info] served_rps: 67.10 req/s
[info]: start_time: 1767878147.731, end_time: 1767878164.631, duration_s: 16.90 s
[info] energy_cost: 7.069815 J/request
[info] average power: 450.543826 W
[info] Locust stopped
================================================================================
objective      : price
resource_config: [{'cpu_m': 419, 'memory_mi': 60}, {'cpu_m': 5037, 'memory_mi': 431}], latencies: {'ml-image-processing': 0.21445610423146164, 'ml-object-detection': 0.2313417002274576}, price_cost: 218.521349, energy_cost: 7.069815, latency_p99 : 4.400000, feasible: False, total_requests: 1077, served_rps: 67.10, total_energy_j: 7614.190698 J, profiling_duration_s: 16.900000s, average_power: 450.543826 W
wall_time_s    : 104.452
================================================================================

Updating function ml-image-processing to cpu: 681m, memory: 58Mi
Updating Deployment resource configuration...

Updating function ml-object-detection to cpu: 3456m, memory: 468Mi
Updating Deployment resource configuration...

[info] Original replicas=73, selector='environmentName=yolo,environmentNamespace=default,environmentUid=ced8af41-455b-4081-99aa-1700c0092126,executorType=newdeploy,functionName=ml-object-detection,functionNamespace=default,functionUid=182005a6-ad76-40e9-9ecd-2fb10570ca05'
[info] Original replicas=24, selector='environmentName=ml-image-processing,environmentNamespace=default,environmentUid=2449fff4-7632-422c-aa00-519fcb194e26,executorType=newdeploy,functionName=ml-image-processing,functionNamespace=default,functionUid=58487e4a-0036-4ccd-8b22-c7f0f2d6d72b'
[ok] Patched Deployment resources
[ok] Patched Deployment resources
[ok] Verified Deployment template resources: requests={'cpu': '1500m', 'memory': '400Mi'} limits={'cpu': '3456m', 'memory': '468Mi'}
[info] Scaling deployment to 0 replicas to force full pod replacement
[ok] Verified Deployment template resources: requests={'cpu': '300m', 'memory': '50Mi'} limits={'cpu': '681m', 'memory': '58Mi'}
[info] Scaling deployment to 0 replicas to force full pod replacement
[ok] All pods terminated (replicas=0)
[info] Scaling deployment back to 24 replicas
[ok] All pods terminated (replicas=0)
[info] Scaling deployment back to 73 replicas
[ok] Rollout completed after scale-to-zero
[verify] newest RS=newdeploy-ml-image-processing-default-8b22-c7f0f2d6d72b-75c65788db pods=24 ready=24
[ok] Verified newest ReplicaSet template resources match expected
[ok] Rollout completed after scale-to-zero
[verify] newest RS=newdeploy-ml-object-detection-default-9ecd-2fb10570ca05-7d48cd4646 pods=73 ready=73
[ok] Verified newest ReplicaSet template resources match expected
[info] Started Locust with PID 3402064
[info] attempt=1: start sleep for 20s
[info] attempt=1: sleep done
\Start sampling in parallel...
Workflow e2e p99 latency (55 completed in 19.9s, parallel, 8 workers): 9.000s
Average stage latencies:
  - ml-image-processing: 0.109s
  - ml-object-detection: 0.295s
[info] total_requests: 1254
[info] e2e_latency (p99): 3.800 s
[info] energy_j: 8578.495037 J
[info] served_rps: 60.80 req/s
[info]: start_time: 1767878252.431, end_time: 1767878272.431, duration_s: 20.00 s
[info] energy_cost: 6.840905 J/request
[info] average power: 428.924752 W
[info] Locust stopped
================================================================================
objective      : price
resource_config: [{'cpu_m': 681, 'memory_mi': 58}, {'cpu_m': 3456, 'memory_mi': 468}], latencies: {'ml-image-processing': 0.1091677827038327, 'ml-object-detection': 0.29532776467920263}, price_cost: 191.212216, energy_cost: 6.840905, latency_p99 : 3.800000, feasible: False, total_requests: 1254, served_rps: 60.80, total_energy_j: 8578.495037 J, profiling_duration_s: 20.000000s, average_power: 428.924752 W
wall_time_s    : 106.694
================================================================================

Updating function ml-image-processing to cpu: 556m, memory: 51Mi
Updating Deployment resource configuration...

Updating function ml-object-detection to cpu: 2520m, memory: 483Mi
Updating Deployment resource configuration...

[info] Original replicas=24, selector='environmentName=ml-image-processing,environmentNamespace=default,environmentUid=2449fff4-7632-422c-aa00-519fcb194e26,executorType=newdeploy,functionName=ml-image-processing,functionNamespace=default,functionUid=58487e4a-0036-4ccd-8b22-c7f0f2d6d72b'
[info] Original replicas=73, selector='environmentName=yolo,environmentNamespace=default,environmentUid=ced8af41-455b-4081-99aa-1700c0092126,executorType=newdeploy,functionName=ml-object-detection,functionNamespace=default,functionUid=182005a6-ad76-40e9-9ecd-2fb10570ca05'
[ok] Patched Deployment resources
[ok] Patched Deployment resources
[ok] Verified Deployment template resources: requests={'cpu': '300m', 'memory': '50Mi'} limits={'cpu': '556m', 'memory': '51Mi'}
[info] Scaling deployment to 0 replicas to force full pod replacement
[ok] Verified Deployment template resources: requests={'cpu': '1500m', 'memory': '400Mi'} limits={'cpu': '2520m', 'memory': '483Mi'}
[info] Scaling deployment to 0 replicas to force full pod replacement
[ok] All pods terminated (replicas=0)
[info] Scaling deployment back to 24 replicas
[ok] All pods terminated (replicas=0)
[info] Scaling deployment back to 73 replicas
[ok] Deleted HPA newdeploy-ml-object-detection-default-9ecd-2fb10570ca05
[ok] Rollout completed after scale-to-zero
[verify] newest RS=newdeploy-ml-image-processing-default-8b22-c7f0f2d6d72b-fbbbc5f59 pods=24 ready=24
[ok] Verified newest ReplicaSet template resources match expected
[ok] Rollout completed after scale-to-zero
[verify] newest RS=newdeploy-ml-object-detection-default-9ecd-2fb10570ca05-58b46ff86c pods=73 ready=73
[ok] Verified newest ReplicaSet template resources match expected
[info] Started Locust with PID 3412644
[info] attempt=1: start sleep for 20s
[info] attempt=1: sleep done
\Start sampling in parallel...
Workflow e2e p99 latency (50 completed in 21.0s, parallel, 8 workers): 9.000s
Average stage latencies:
  - ml-image-processing: 0.116s
  - ml-object-detection: 0.474s
[info] poll_locust_row: failed to load, try again
[info] poll_locust_row: failed to load, try again
[info] poll_locust_row: failed to load, try again
[info] poll_locust_row: failed to load, try again
[info] total_requests: 1004
[info] e2e_latency (p99): 3.900 s
[info] energy_j: 7764.319750 J
[info] served_rps: 47.00 req/s
[info]: start_time: 1767878363.031, end_time: 1767878384.131, duration_s: 21.10 s
[info] energy_cost: 7.733386 J/request
[info] average power: 367.977237 W
[info] Locust stopped
================================================================================
objective      : price
resource_config: [{'cpu_m': 556, 'memory_mi': 51}, {'cpu_m': 2520, 'memory_mi': 483}], latencies: {'ml-image-processing': 0.11637530567878414, 'ml-object-detection': 0.47394764282563256}, price_cost: 220.704800, energy_cost: 7.733386, latency_p99 : 3.900000, feasible: False, total_requests: 1004, served_rps: 47.00, total_energy_j: 7764.319750 J, profiling_duration_s: 21.100000s, average_power: 367.977237 W
wall_time_s    : 113.708
================================================================================

Updating function ml-image-processing to cpu: 424m, memory: 52Mi
Updating Deployment resource configuration...

Updating function ml-object-detection to cpu: 1773m, memory: 467Mi
Updating Deployment resource configuration...

[info] Original replicas=24, selector='environmentName=ml-image-processing,environmentNamespace=default,environmentUid=2449fff4-7632-422c-aa00-519fcb194e26,executorType=newdeploy,functionName=ml-image-processing,functionNamespace=default,functionUid=58487e4a-0036-4ccd-8b22-c7f0f2d6d72b'
[info] Original replicas=73, selector='environmentName=yolo,environmentNamespace=default,environmentUid=ced8af41-455b-4081-99aa-1700c0092126,executorType=newdeploy,functionName=ml-object-detection,functionNamespace=default,functionUid=182005a6-ad76-40e9-9ecd-2fb10570ca05'
[ok] Patched Deployment resources
[ok] Patched Deployment resources
[ok] Verified Deployment template resources: requests={'cpu': '300m', 'memory': '50Mi'} limits={'cpu': '424m', 'memory': '52Mi'}
[info] Scaling deployment to 0 replicas to force full pod replacement
[ok] Verified Deployment template resources: requests={'cpu': '1500m', 'memory': '400Mi'} limits={'cpu': '1773m', 'memory': '467Mi'}
[info] Scaling deployment to 0 replicas to force full pod replacement
[ok] All pods terminated (replicas=0)
[info] Scaling deployment back to 24 replicas
[ok] All pods terminated (replicas=0)
[info] Scaling deployment back to 73 replicas
[ok] Deleted HPA newdeploy-ml-object-detection-default-9ecd-2fb10570ca05
[ok] Rollout completed after scale-to-zero
[verify] newest RS=newdeploy-ml-image-processing-default-8b22-c7f0f2d6d72b-694c5968b9 pods=24 ready=24
[ok] Verified newest ReplicaSet template resources match expected
[ok] Rollout completed after scale-to-zero
[verify] newest RS=newdeploy-ml-object-detection-default-9ecd-2fb10570ca05-55b8555b87 pods=73 ready=73
[ok] Verified newest ReplicaSet template resources match expected
[info] Started Locust with PID 3423541
[info] attempt=1: start sleep for 20s
[info] attempt=1: sleep done
\Start sampling in parallel...
Workflow e2e p99 latency (30 completed in 21.6s, parallel, 8 workers): 9.000s
Average stage latencies:
  - ml-image-processing: 0.161s
  - ml-object-detection: 0.692s
[info] poll_locust_row: failed to load, try again
[info] poll_locust_row: failed to load, try again
[info] poll_locust_row: failed to load, try again
[info] total_requests: 814
[info] e2e_latency (p99): 4.300 s
[info] energy_j: 6932.849619 J
[info] served_rps: 37.10 req/s
[info]: start_time: 1767878476.531, end_time: 1767878498.231, duration_s: 21.70 s
[info] energy_cost: 8.517014 J/request
[info] average power: 319.486157 W
[info] Locust stopped
================================================================================
objective      : price
resource_config: [{'cpu_m': 424, 'memory_mi': 52}, {'cpu_m': 1773, 'memory_mi': 467}], latencies: {'ml-image-processing': 0.16087061609141529, 'ml-object-detection': 0.6916465009562671}, price_cost: 228.024001, energy_cost: 8.517014, latency_p99 : 4.300000, feasible: False, total_requests: 814, served_rps: 37.10, total_energy_j: 6932.849619 J, profiling_duration_s: 21.700000s, average_power: 319.486157 W
wall_time_s    : 113.623
================================================================================

Updating function ml-image-processing to cpu: 728m, memory: 51Mi
Updating Deployment resource configuration...

Updating function ml-object-detection to cpu: 2726m, memory: 417Mi
Updating Deployment resource configuration...

[info] Original replicas=73, selector='environmentName=yolo,environmentNamespace=default,environmentUid=ced8af41-455b-4081-99aa-1700c0092126,executorType=newdeploy,functionName=ml-object-detection,functionNamespace=default,functionUid=182005a6-ad76-40e9-9ecd-2fb10570ca05'
[info] Original replicas=24, selector='environmentName=ml-image-processing,environmentNamespace=default,environmentUid=2449fff4-7632-422c-aa00-519fcb194e26,executorType=newdeploy,functionName=ml-image-processing,functionNamespace=default,functionUid=58487e4a-0036-4ccd-8b22-c7f0f2d6d72b'
[ok] Patched Deployment resources
[ok] Patched Deployment resources
[ok] Verified Deployment template resources: requests={'cpu': '300m', 'memory': '50Mi'} limits={'cpu': '728m', 'memory': '51Mi'}
[info] Scaling deployment to 0 replicas to force full pod replacement
[ok] Verified Deployment template resources: requests={'cpu': '1500m', 'memory': '400Mi'} limits={'cpu': '2726m', 'memory': '417Mi'}
[info] Scaling deployment to 0 replicas to force full pod replacement
[ok] All pods terminated (replicas=0)
[info] Scaling deployment back to 24 replicas
[ok] All pods terminated (replicas=0)
[info] Scaling deployment back to 73 replicas
[ok] Deleted HPA newdeploy-ml-object-detection-default-9ecd-2fb10570ca05
[ok] Rollout completed after scale-to-zero
[verify] newest RS=newdeploy-ml-image-processing-default-8b22-c7f0f2d6d72b-7cd7b4495c pods=24 ready=24
[ok] Verified newest ReplicaSet template resources match expected
[ok] Rollout completed after scale-to-zero
[verify] newest RS=newdeploy-ml-object-detection-default-9ecd-2fb10570ca05-68dccdfc68 pods=73 ready=73
[ok] Verified newest ReplicaSet template resources match expected
[info] Started Locust with PID 3433927
[info] attempt=1: start sleep for 20s
[info] attempt=1: sleep done
\Start sampling in parallel...
Workflow e2e p99 latency (41 completed in 21.4s, parallel, 8 workers): 9.000s
Average stage latencies:
  - ml-image-processing: 0.093s
  - ml-object-detection: 0.421s
[info] poll_locust_row: failed to load, try again
[info] poll_locust_row: failed to load, try again
[info] poll_locust_row: failed to load, try again
[info] total_requests: 1088
[info] e2e_latency (p99): 3.800 s
[info] energy_j: 8245.054256 J
[info] served_rps: 50.00 req/s
[info]: start_time: 1767878589.931, end_time: 1767878611.431, duration_s: 21.50 s
[info] energy_cost: 7.578175 J/request
[info] average power: 383.490896 W
[info] Locust stopped
================================================================================
objective      : price
resource_config: [{'cpu_m': 728, 'memory_mi': 51}, {'cpu_m': 2726, 'memory_mi': 417}], latencies: {'ml-image-processing': 0.09293236331371911, 'ml-object-detection': 0.4205778338946402}, price_cost: 212.263421, energy_cost: 7.578175, latency_p99 : 3.800000, feasible: False, total_requests: 1088, served_rps: 50.00, total_energy_j: 8245.054256 J, profiling_duration_s: 21.500000s, average_power: 383.490896 W
wall_time_s    : 113.219
================================================================================

Updating function ml-image-processing to cpu: 776m, memory: 63Mi
Updating Deployment resource configuration...

Updating function ml-object-detection to cpu: 4917m, memory: 427Mi
Updating Deployment resource configuration...

[info] Original replicas=24, selector='environmentName=ml-image-processing,environmentNamespace=default,environmentUid=2449fff4-7632-422c-aa00-519fcb194e26,executorType=newdeploy,functionName=ml-image-processing,functionNamespace=default,functionUid=58487e4a-0036-4ccd-8b22-c7f0f2d6d72b'
[info] Original replicas=73, selector='environmentName=yolo,environmentNamespace=default,environmentUid=ced8af41-455b-4081-99aa-1700c0092126,executorType=newdeploy,functionName=ml-object-detection,functionNamespace=default,functionUid=182005a6-ad76-40e9-9ecd-2fb10570ca05'
[ok] Patched Deployment resources
[ok] Patched Deployment resources
[ok] Verified Deployment template resources: requests={'cpu': '300m', 'memory': '50Mi'} limits={'cpu': '776m', 'memory': '63Mi'}
[info] Scaling deployment to 0 replicas to force full pod replacement
[ok] Verified Deployment template resources: requests={'cpu': '1500m', 'memory': '400Mi'} limits={'cpu': '4917m', 'memory': '427Mi'}
[info] Scaling deployment to 0 replicas to force full pod replacement
[ok] All pods terminated (replicas=0)
[info] Scaling deployment back to 24 replicas
[ok] All pods terminated (replicas=0)
[info] Scaling deployment back to 73 replicas
[ok] Deleted HPA newdeploy-ml-object-detection-default-9ecd-2fb10570ca05
[ok] Rollout completed after scale-to-zero
[verify] newest RS=newdeploy-ml-image-processing-default-8b22-c7f0f2d6d72b-6bcd7bf996 pods=24 ready=24
[ok] Verified newest ReplicaSet template resources match expected
[ok] Rollout completed after scale-to-zero
[verify] newest RS=newdeploy-ml-object-detection-default-9ecd-2fb10570ca05-77ccbbd945 pods=73 ready=73
[ok] Verified newest ReplicaSet template resources match expected
[info] Started Locust with PID 3444641
[info] attempt=1: start sleep for 20s
[info] attempt=1: sleep done
\Start sampling in parallel...
Workflow e2e p99 latency (60 completed in 17.0s, parallel, 8 workers): 9.000s
Average stage latencies:
  - ml-image-processing: 0.118s
  - ml-object-detection: 0.239s
[info] poll_locust_row: failed to load, try again
[info] poll_locust_row: failed to load, try again
[info] total_requests: 1306
[info] e2e_latency (p99): 3.600 s
[info] energy_j: 8412.664768 J
[info] served_rps: 71.50 req/s
[info]: start_time: 1767878702.331, end_time: 1767878719.331, duration_s: 17.00 s
[info] energy_cost: 6.441550 J/request
[info] average power: 494.862633 W
[info] Locust stopped
================================================================================
objective      : price
resource_config: [{'cpu_m': 776, 'memory_mi': 63}, {'cpu_m': 4917, 'memory_mi': 427}], latencies: {'ml-image-processing': 0.11827901956192884, 'ml-object-detection': 0.23900524925972735}, price_cost: 220.533320, energy_cost: 6.441550, latency_p99 : 3.600000, feasible: False, total_requests: 1306, served_rps: 71.50, total_energy_j: 8412.664768 J, profiling_duration_s: 17.000000s, average_power: 494.862633 W
wall_time_s    : 107.413
================================================================================

Updating function ml-image-processing to cpu: 345m, memory: 55Mi
Updating Deployment resource configuration...

Updating function ml-object-detection to cpu: 5940m, memory: 484Mi
Updating Deployment resource configuration...

[info] Original replicas=24, selector='environmentName=ml-image-processing,environmentNamespace=default,environmentUid=2449fff4-7632-422c-aa00-519fcb194e26,executorType=newdeploy,functionName=ml-image-processing,functionNamespace=default,functionUid=58487e4a-0036-4ccd-8b22-c7f0f2d6d72b'
[info] Original replicas=73, selector='environmentName=yolo,environmentNamespace=default,environmentUid=ced8af41-455b-4081-99aa-1700c0092126,executorType=newdeploy,functionName=ml-object-detection,functionNamespace=default,functionUid=182005a6-ad76-40e9-9ecd-2fb10570ca05'
[ok] Patched Deployment resources
[ok] Patched Deployment resources
[ok] Verified Deployment template resources: requests={'cpu': '1500m', 'memory': '400Mi'} limits={'cpu': '5940m', 'memory': '484Mi'}
[info] Scaling deployment to 0 replicas to force full pod replacement
[ok] Verified Deployment template resources: requests={'cpu': '300m', 'memory': '50Mi'} limits={'cpu': '345m', 'memory': '55Mi'}
[info] Scaling deployment to 0 replicas to force full pod replacement
[ok] All pods terminated (replicas=0)
[info] Scaling deployment back to 24 replicas
[ok] All pods terminated (replicas=0)
[info] Scaling deployment back to 73 replicas
[ok] Rollout completed after scale-to-zero
[verify] newest RS=newdeploy-ml-image-processing-default-8b22-c7f0f2d6d72b-6f996dc645 pods=24 ready=24
[ok] Verified newest ReplicaSet template resources match expected
[ok] Rollout completed after scale-to-zero
[verify] newest RS=newdeploy-ml-object-detection-default-9ecd-2fb10570ca05-664dd8c656 pods=73 ready=73
[ok] Verified newest ReplicaSet template resources match expected
[info] Started Locust with PID 3454811
[info] attempt=1: start sleep for 20s
[info] attempt=1: sleep done
\Start sampling in parallel...
Workflow e2e p99 latency (62 completed in 17.7s, parallel, 8 workers): 2.804s
Average stage latencies:
  - ml-image-processing: 0.263s
  - ml-object-detection: 0.170s
[info] total_requests: 1104
[info] e2e_latency (p99): 2.500 s
[info] energy_j: 8023.761664 J
[info] served_rps: 61.10 req/s
[info]: start_time: 1767878805.131, end_time: 1767878822.831, duration_s: 17.70 s
[info] energy_cost: 7.267900 J/request
[info] average power: 453.319867 W
[info] Locust stopped
================================================================================
objective      : price
resource_config: [{'cpu_m': 345, 'memory_mi': 55}, {'cpu_m': 5940, 'memory_mi': 484}], latencies: {'ml-image-processing': 0.263444087798557, 'ml-object-detection': 0.16989602808720403}, price_cost: 191.501862, energy_cost: 7.267900, latency_p99 : 2.500000, feasible: True, total_requests: 1104, served_rps: 61.10, total_energy_j: 8023.761664 J, profiling_duration_s: 17.700000s, average_power: 453.319867 W
wall_time_s    : 102.505
================================================================================

Updating function ml-image-processing to cpu: 429m, memory: 62Mi
Updating Deployment resource configuration...

Updating function ml-object-detection to cpu: 5389m, memory: 431Mi
Updating Deployment resource configuration...

[info] Original replicas=24, selector='environmentName=ml-image-processing,environmentNamespace=default,environmentUid=2449fff4-7632-422c-aa00-519fcb194e26,executorType=newdeploy,functionName=ml-image-processing,functionNamespace=default,functionUid=58487e4a-0036-4ccd-8b22-c7f0f2d6d72b'
[info] Original replicas=73, selector='environmentName=yolo,environmentNamespace=default,environmentUid=ced8af41-455b-4081-99aa-1700c0092126,executorType=newdeploy,functionName=ml-object-detection,functionNamespace=default,functionUid=182005a6-ad76-40e9-9ecd-2fb10570ca05'
[ok] Patched Deployment resources
[ok] Patched Deployment resources
[ok] Verified Deployment template resources: requests={'cpu': '1500m', 'memory': '400Mi'} limits={'cpu': '5389m', 'memory': '431Mi'}
[info] Scaling deployment to 0 replicas to force full pod replacement
[ok] Verified Deployment template resources: requests={'cpu': '300m', 'memory': '50Mi'} limits={'cpu': '429m', 'memory': '62Mi'}
[info] Scaling deployment to 0 replicas to force full pod replacement
[ok] All pods terminated (replicas=0)
[info] Scaling deployment back to 24 replicas
[ok] All pods terminated (replicas=0)
[info] Scaling deployment back to 73 replicas
[ok] Rollout completed after scale-to-zero
[verify] newest RS=newdeploy-ml-image-processing-default-8b22-c7f0f2d6d72b-84557bb94 pods=24 ready=24
[ok] Verified newest ReplicaSet template resources match expected
[ok] Rollout completed after scale-to-zero
[verify] newest RS=newdeploy-ml-object-detection-default-9ecd-2fb10570ca05-6c476c7bbd pods=73 ready=73
[ok] Verified newest ReplicaSet template resources match expected
[info] Started Locust with PID 3464789
[info] attempt=1: start sleep for 20s
[info] attempt=1: sleep done
\Start sampling in parallel...
Workflow e2e p99 latency (66 completed in 16.7s, parallel, 8 workers): 2.079s
Average stage latencies:
  - ml-image-processing: 0.221s
  - ml-object-detection: 0.195s
[info] poll_locust_row: failed to load, try again
[info] poll_locust_row: failed to load, try again
[info] total_requests: 1202
[info] e2e_latency (p99): 2.100 s
[info] energy_j: 7936.220139 J
[info] served_rps: 66.70 req/s
[info]: start_time: 1767878913.631, end_time: 1767878930.331, duration_s: 16.70 s
[info] energy_cost: 6.602513 J/request
[info] average power: 475.222761 W
[info] Locust stopped
================================================================================
objective      : price
resource_config: [{'cpu_m': 429, 'memory_mi': 62}, {'cpu_m': 5389, 'memory_mi': 431}], latencies: {'ml-image-processing': 0.2207068951983908, 'ml-object-detection': 0.19540117287331008}, price_cost: 199.756322, energy_cost: 6.602513, latency_p99 : 2.100000, feasible: True, total_requests: 1202, served_rps: 66.70, total_energy_j: 7936.220139 J, profiling_duration_s: 16.700000s, average_power: 475.222761 W
wall_time_s    : 108.518
================================================================================

Updating function ml-image-processing to cpu: 672m, memory: 63Mi
Updating Deployment resource configuration...

Updating function ml-object-detection to cpu: 4673m, memory: 440Mi
Updating Deployment resource configuration...

[info] Original replicas=73, selector='environmentName=yolo,environmentNamespace=default,environmentUid=ced8af41-455b-4081-99aa-1700c0092126,executorType=newdeploy,functionName=ml-object-detection,functionNamespace=default,functionUid=182005a6-ad76-40e9-9ecd-2fb10570ca05'
[info] Original replicas=24, selector='environmentName=ml-image-processing,environmentNamespace=default,environmentUid=2449fff4-7632-422c-aa00-519fcb194e26,executorType=newdeploy,functionName=ml-image-processing,functionNamespace=default,functionUid=58487e4a-0036-4ccd-8b22-c7f0f2d6d72b'
[ok] Patched Deployment resources
[ok] Patched Deployment resources
[ok] Verified Deployment template resources: requests={'cpu': '1500m', 'memory': '400Mi'} limits={'cpu': '4673m', 'memory': '440Mi'}
[info] Scaling deployment to 0 replicas to force full pod replacement
[ok] Verified Deployment template resources: requests={'cpu': '300m', 'memory': '50Mi'} limits={'cpu': '672m', 'memory': '63Mi'}
[info] Scaling deployment to 0 replicas to force full pod replacement
[ok] All pods terminated (replicas=0)
[info] Scaling deployment back to 24 replicas
[ok] All pods terminated (replicas=0)
[info] Scaling deployment back to 73 replicas
[ok] Rollout completed after scale-to-zero
[verify] newest RS=newdeploy-ml-image-processing-default-8b22-c7f0f2d6d72b-798b968898 pods=24 ready=24
[ok] Verified newest ReplicaSet template resources match expected
[ok] Rollout completed after scale-to-zero
[verify] newest RS=newdeploy-ml-object-detection-default-9ecd-2fb10570ca05-677dfddfd9 pods=73 ready=73
[ok] Verified newest ReplicaSet template resources match expected
[info] Started Locust with PID 3474720
[info] attempt=1: start sleep for 20s
[info] attempt=1: sleep done
\Start sampling in parallel...
Workflow e2e p99 latency (67 completed in 17.5s, parallel, 8 workers): 9.000s
Average stage latencies:
  - ml-image-processing: 0.123s
  - ml-object-detection: 0.235s
[info] poll_locust_row: failed to load, try again
[info] total_requests: 1252
[info] e2e_latency (p99): 3.700 s
[info] energy_j: 8518.295115 J
[info] served_rps: 68.70 req/s
[info]: start_time: 1767879018.931, end_time: 1767879036.431, duration_s: 17.50 s
[info] energy_cost: 6.803750 J/request
[info] average power: 486.759721 W
[info] Locust stopped
================================================================================
objective      : price
resource_config: [{'cpu_m': 672, 'memory_mi': 63}, {'cpu_m': 4673, 'memory_mi': 440}], latencies: {'ml-image-processing': 0.12332175352539007, 'ml-object-detection': 0.23511169305644355}, price_cost: 205.775991, energy_cost: 6.803750, latency_p99 : 3.700000, feasible: False, total_requests: 1252, served_rps: 68.70, total_energy_j: 8518.295115 J, profiling_duration_s: 17.500000s, average_power: 486.759721 W
wall_time_s    : 105.540
================================================================================

Starting fresh (no checkpoint at bo_model_price_20260108_131241.pt).
  initial_points = 10
  running_batches = 10
  initial_best_feasible_cost = 191.50186172303393
  initial_best_constraint = -0.500
  initial_best_resource_config = [{'cpu_m': 345, 'memory_mi': 55}, {'cpu_m': 5940, 'memory_mi': 484}]
  time_taken_for_init = 1079.80 seconds
/home/cc/miniconda3/envs/faas/lib/python3.10/site-packages/botorch/acquisition/monte_carlo.py:502: NumericsWarning: qNoisyExpectedImprovement has known numerical issues that lead to suboptimal optimization performance. It is strongly recommended to simply replace

	 qNoisyExpectedImprovement 	 --> 	 qLogNoisyExpectedImprovement 

instead, which fixes the issues and has the same API. See https://arxiv.org/abs/2310.20708 for details.
  legacy_ei_numerics_warning(legacy_name=type(self).__name__)
Updating function ml-image-processing to cpu: 373m, memory: 61Mi
Updating Deployment resource configuration...

Updating function ml-object-detection to cpu: 5846m, memory: 472Mi
Updating Deployment resource configuration...

[info] Original replicas=24, selector='environmentName=ml-image-processing,environmentNamespace=default,environmentUid=2449fff4-7632-422c-aa00-519fcb194e26,executorType=newdeploy,functionName=ml-image-processing,functionNamespace=default,functionUid=58487e4a-0036-4ccd-8b22-c7f0f2d6d72b'
[info] Original replicas=73, selector='environmentName=yolo,environmentNamespace=default,environmentUid=ced8af41-455b-4081-99aa-1700c0092126,executorType=newdeploy,functionName=ml-object-detection,functionNamespace=default,functionUid=182005a6-ad76-40e9-9ecd-2fb10570ca05'
[ok] Patched Deployment resources
[ok] Patched Deployment resources
[ok] Verified Deployment template resources: requests={'cpu': '1500m', 'memory': '400Mi'} limits={'cpu': '5846m', 'memory': '472Mi'}
[info] Scaling deployment to 0 replicas to force full pod replacement
[ok] Verified Deployment template resources: requests={'cpu': '300m', 'memory': '50Mi'} limits={'cpu': '373m', 'memory': '61Mi'}
[info] Scaling deployment to 0 replicas to force full pod replacement
[ok] All pods terminated (replicas=0)
[info] Scaling deployment back to 24 replicas
[ok] All pods terminated (replicas=0)
[info] Scaling deployment back to 73 replicas
[ok] Rollout completed after scale-to-zero
[verify] newest RS=newdeploy-ml-image-processing-default-8b22-c7f0f2d6d72b-7f7c86cc9 pods=24 ready=24
[ok] Verified newest ReplicaSet template resources match expected
[ok] Rollout completed after scale-to-zero
[verify] newest RS=newdeploy-ml-object-detection-default-9ecd-2fb10570ca05-57d949d945 pods=73 ready=73
[ok] Verified newest ReplicaSet template resources match expected
[info] Started Locust with PID 3485234
[info] attempt=1: start sleep for 20s
[info] attempt=1: sleep done
\Start sampling in parallel...
Workflow e2e p99 latency (65 completed in 17.0s, parallel, 8 workers): 2.110s
Average stage latencies:
  - ml-image-processing: 0.240s
  - ml-object-detection: 0.177s
[info] poll_locust_row: failed to load, try again
[info] poll_locust_row: failed to load, try again
[info] total_requests: 1155
[info] e2e_latency (p99): 2.300 s
[info] energy_j: 7918.999806 J
[info] served_rps: 64.70 req/s
[info]: start_time: 1767879132.231, end_time: 1767879149.231, duration_s: 17.00 s
[info] energy_cost: 6.856277 J/request
[info] average power: 465.823518 W
[info] Locust stopped
================================================================================
objective      : price
resource_config: [{'cpu_m': 373, 'memory_mi': 61}, {'cpu_m': 5846, 'memory_mi': 472}], latencies: {'ml-image-processing': 0.23965719719775594, 'ml-object-detection': 0.17694270263354367}, price_cost: 195.624330, energy_cost: 6.856277, latency_p99 : 2.300000, feasible: True, total_requests: 1155, served_rps: 64.70, total_energy_j: 7918.999806 J, profiling_duration_s: 17.000000s, average_power: 465.823518 W
wall_time_s    : 107.476
================================================================================

Updating function ml-image-processing to cpu: 401m, memory: 50Mi
Updating Deployment resource configuration...

Updating function ml-object-detection to cpu: 5905m, memory: 512Mi
Updating Deployment resource configuration...

[info] Original replicas=73, selector='environmentName=yolo,environmentNamespace=default,environmentUid=ced8af41-455b-4081-99aa-1700c0092126,executorType=newdeploy,functionName=ml-object-detection,functionNamespace=default,functionUid=182005a6-ad76-40e9-9ecd-2fb10570ca05'
[info] Original replicas=24, selector='environmentName=ml-image-processing,environmentNamespace=default,environmentUid=2449fff4-7632-422c-aa00-519fcb194e26,executorType=newdeploy,functionName=ml-image-processing,functionNamespace=default,functionUid=58487e4a-0036-4ccd-8b22-c7f0f2d6d72b'
[ok] Patched Deployment resources
[ok] Patched Deployment resources
[ok] Verified Deployment template resources: requests={'cpu': '300m', 'memory': '50Mi'} limits={'cpu': '401m', 'memory': '50Mi'}
[info] Scaling deployment to 0 replicas to force full pod replacement
[ok] Verified Deployment template resources: requests={'cpu': '1500m', 'memory': '400Mi'} limits={'cpu': '5905m', 'memory': '512Mi'}
[info] Scaling deployment to 0 replicas to force full pod replacement
[ok] All pods terminated (replicas=0)
[info] Scaling deployment back to 24 replicas
[ok] All pods terminated (replicas=0)
[info] Scaling deployment back to 73 replicas
[ok] Rollout completed after scale-to-zero
[verify] newest RS=newdeploy-ml-image-processing-default-8b22-c7f0f2d6d72b-59ff9687dc pods=24 ready=24
[ok] Verified newest ReplicaSet template resources match expected
[ok] Rollout completed after scale-to-zero
[verify] newest RS=newdeploy-ml-object-detection-default-9ecd-2fb10570ca05-58755746c6 pods=73 ready=73
[ok] Verified newest ReplicaSet template resources match expected
[info] Started Locust with PID 3495156
[info] attempt=1: start sleep for 20s
[info] attempt=1: sleep done
\Start sampling in parallel...
Workflow e2e p99 latency (67 completed in 16.5s, parallel, 8 workers): 2.182s
Average stage latencies:
  - ml-image-processing: 0.221s
  - ml-object-detection: 0.187s
[info] poll_locust_row: failed to load, try again
[info] poll_locust_row: failed to load, try again
[info] poll_locust_row: failed to load, try again
[info] total_requests: 1177
[info] e2e_latency (p99): 2.600 s
[info] energy_j: 7913.989239 J
[info] served_rps: 65.40 req/s
[info]: start_time: 1767879235.231, end_time: 1767879251.731, duration_s: 16.50 s
[info] energy_cost: 6.723865 J/request
[info] average power: 479.635711 W
[info] Locust stopped
================================================================================
objective      : price
resource_config: [{'cpu_m': 401, 'memory_mi': 50}, {'cpu_m': 5905, 'memory_mi': 512}], latencies: {'ml-image-processing': 0.22069924558971576, 'ml-object-detection': 0.18701526942426588}, price_cost: 207.672300, energy_cost: 6.723865, latency_p99 : 2.600000, feasible: True, total_requests: 1177, served_rps: 65.40, total_energy_j: 7913.989239 J, profiling_duration_s: 16.500000s, average_power: 479.635711 W
wall_time_s    : 103.079
================================================================================

Updating function ml-image-processing to cpu: 800m, memory: 50Mi
Updating Deployment resource configuration...

Updating function ml-object-detection to cpu: 1505m, memory: 400Mi
Updating Deployment resource configuration...

[info] Original replicas=24, selector='environmentName=ml-image-processing,environmentNamespace=default,environmentUid=2449fff4-7632-422c-aa00-519fcb194e26,executorType=newdeploy,functionName=ml-image-processing,functionNamespace=default,functionUid=58487e4a-0036-4ccd-8b22-c7f0f2d6d72b'
[info] Original replicas=73, selector='environmentName=yolo,environmentNamespace=default,environmentUid=ced8af41-455b-4081-99aa-1700c0092126,executorType=newdeploy,functionName=ml-object-detection,functionNamespace=default,functionUid=182005a6-ad76-40e9-9ecd-2fb10570ca05'
[ok] Patched Deployment resources
[ok] Patched Deployment resources
[ok] Verified Deployment template resources: requests={'cpu': '300m', 'memory': '50Mi'} limits={'cpu': '800m', 'memory': '50Mi'}
[info] Scaling deployment to 0 replicas to force full pod replacement
[ok] Verified Deployment template resources: requests={'cpu': '1500m', 'memory': '400Mi'} limits={'cpu': '1505m', 'memory': '400Mi'}
[info] Scaling deployment to 0 replicas to force full pod replacement
[ok] All pods terminated (replicas=0)
[info] Scaling deployment back to 24 replicas
[ok] All pods terminated (replicas=0)
[info] Scaling deployment back to 73 replicas
[ok] Rollout completed after scale-to-zero
[verify] newest RS=newdeploy-ml-image-processing-default-8b22-c7f0f2d6d72b-57744d58c7 pods=24 ready=24
[ok] Verified newest ReplicaSet template resources match expected
[ok] Rollout completed after scale-to-zero
[verify] newest RS=newdeploy-ml-object-detection-default-9ecd-2fb10570ca05-5c6b9b7cf6 pods=73 ready=73
[ok] Verified newest ReplicaSet template resources match expected
[info] Started Locust with PID 3505663
[info] attempt=1: start sleep for 20s
[info] attempt=1: sleep done
\Start sampling in parallel...
Workflow e2e p99 latency (29 completed in 21.8s, parallel, 8 workers): 9.000s
Average stage latencies:
  - ml-image-processing: 0.093s
  - ml-object-detection: 0.910s
[info] poll_locust_row: failed to load, try again
[info] poll_locust_row: failed to load, try again
[info] total_requests: 802
[info] e2e_latency (p99): 3.800 s
[info] energy_j: 6796.865386 J
[info] served_rps: 36.80 req/s
[info]: start_time: 1767879349.831, end_time: 1767879371.731, duration_s: 21.90 s
[info] energy_cost: 8.474894 J/request
[info] average power: 310.359152 W
[info] Locust stopped
================================================================================
objective      : price
resource_config: [{'cpu_m': 800, 'memory_mi': 50}, {'cpu_m': 1505, 'memory_mi': 400}], latencies: {'ml-image-processing': 0.09339479015519221, 'ml-object-detection': 0.9096804977705081}, price_cost: 254.307868, energy_cost: 8.474894, latency_p99 : 3.800000, feasible: False, total_requests: 802, served_rps: 36.80, total_energy_j: 6796.865386 J, profiling_duration_s: 21.900000s, average_power: 310.359152 W
wall_time_s    : 119.430
================================================================================

================================================================================

Batch  1: best_feasible_cost (random, qNEI) = (191.50186172303393, 191.50186172303393), best_constraint =  -0.500 (<=0 feasible), time = 335.77.
Best feasible resource configuration: [{'cpu_m': 345, 'memory_mi': 55}, {'cpu_m': 5940, 'memory_mi': 484}]

================================================================================
/home/cc/miniconda3/envs/faas/lib/python3.10/site-packages/botorch/acquisition/monte_carlo.py:502: NumericsWarning: qNoisyExpectedImprovement has known numerical issues that lead to suboptimal optimization performance. It is strongly recommended to simply replace

	 qNoisyExpectedImprovement 	 --> 	 qLogNoisyExpectedImprovement 

instead, which fixes the issues and has the same API. See https://arxiv.org/abs/2310.20708 for details.
  legacy_ei_numerics_warning(legacy_name=type(self).__name__)
Updating function ml-image-processing to cpu: 300m, memory: 58Mi
Updating Deployment resource configuration...

Updating function ml-object-detection to cpu: 6000m, memory: 501Mi
Updating Deployment resource configuration...

[info] Original replicas=24, selector='environmentName=ml-image-processing,environmentNamespace=default,environmentUid=2449fff4-7632-422c-aa00-519fcb194e26,executorType=newdeploy,functionName=ml-image-processing,functionNamespace=default,functionUid=58487e4a-0036-4ccd-8b22-c7f0f2d6d72b'
[info] Original replicas=73, selector='environmentName=yolo,environmentNamespace=default,environmentUid=ced8af41-455b-4081-99aa-1700c0092126,executorType=newdeploy,functionName=ml-object-detection,functionNamespace=default,functionUid=182005a6-ad76-40e9-9ecd-2fb10570ca05'
[ok] Patched Deployment resources
[ok] Patched Deployment resources
[ok] Verified Deployment template resources: requests={'cpu': '1500m', 'memory': '400Mi'} limits={'cpu': '6', 'memory': '501Mi'}
[info] Scaling deployment to 0 replicas to force full pod replacement
[ok] Verified Deployment template resources: requests={'cpu': '300m', 'memory': '50Mi'} limits={'cpu': '300m', 'memory': '58Mi'}
[info] Scaling deployment to 0 replicas to force full pod replacement
[ok] All pods terminated (replicas=0)
[info] Scaling deployment back to 73 replicas
[ok] All pods terminated (replicas=0)
[info] Scaling deployment back to 24 replicas
[ok] Deleted HPA newdeploy-ml-object-detection-default-9ecd-2fb10570ca05
[ok] Rollout completed after scale-to-zero
[verify] newest RS=newdeploy-ml-image-processing-default-8b22-c7f0f2d6d72b-c85cd698 pods=24 ready=24
[ok] Verified newest ReplicaSet template resources match expected
[ok] Rollout completed after scale-to-zero
[verify] newest RS=newdeploy-ml-object-detection-default-9ecd-2fb10570ca05-fbcbbc9db pods=73 ready=73
[ok] Verified newest ReplicaSet template resources match expected
[info] Started Locust with PID 3516265
[info] attempt=1: start sleep for 20s
[info] attempt=1: sleep done
\Start sampling in parallel...
Workflow e2e p99 latency (58 completed in 17.2s, parallel, 8 workers): 4.296s
Average stage latencies:
  - ml-image-processing: 0.300s
  - ml-object-detection: 0.155s
[info] poll_locust_row: failed to load, try again
[info] total_requests: 923
[info] e2e_latency (p99): 4.300 s
[info] energy_j: 7516.263195 J
[info] served_rps: 53.40 req/s
[info]: start_time: 1767879463.731, end_time: 1767879480.931, duration_s: 17.20 s
[info] energy_cost: 8.143297 J/request
[info] average power: 436.992045 W
[info] Locust stopped
================================================================================
objective      : price
resource_config: [{'cpu_m': 300, 'memory_mi': 58}, {'cpu_m': 6000, 'memory_mi': 501}], latencies: {'ml-image-processing': 0.30040603909031327, 'ml-object-detection': 0.15530656215509978}, price_cost: 177.970640, energy_cost: 8.143297, latency_p99 : 4.300000, feasible: False, total_requests: 923, served_rps: 53.40, total_energy_j: 7516.263195 J, profiling_duration_s: 17.200000s, average_power: 436.992045 W
wall_time_s    : 104.322
================================================================================

Updating function ml-image-processing to cpu: 300m, memory: 56Mi
Updating Deployment resource configuration...

Updating function ml-object-detection to cpu: 5910m, memory: 438Mi
Updating Deployment resource configuration...

[info] Original replicas=24, selector='environmentName=ml-image-processing,environmentNamespace=default,environmentUid=2449fff4-7632-422c-aa00-519fcb194e26,executorType=newdeploy,functionName=ml-image-processing,functionNamespace=default,functionUid=58487e4a-0036-4ccd-8b22-c7f0f2d6d72b'
[info] Original replicas=73, selector='environmentName=yolo,environmentNamespace=default,environmentUid=ced8af41-455b-4081-99aa-1700c0092126,executorType=newdeploy,functionName=ml-object-detection,functionNamespace=default,functionUid=182005a6-ad76-40e9-9ecd-2fb10570ca05'
[ok] Patched Deployment resources
[ok] Patched Deployment resources
[ok] Verified Deployment template resources: requests={'cpu': '1500m', 'memory': '400Mi'} limits={'cpu': '5910m', 'memory': '438Mi'}
[info] Scaling deployment to 0 replicas to force full pod replacement
[ok] Verified Deployment template resources: requests={'cpu': '300m', 'memory': '50Mi'} limits={'cpu': '300m', 'memory': '56Mi'}
[info] Scaling deployment to 0 replicas to force full pod replacement
[ok] All pods terminated (replicas=0)
[info] Scaling deployment back to 24 replicas
[ok] All pods terminated (replicas=0)
[info] Scaling deployment back to 73 replicas
[ok] Rollout completed after scale-to-zero
[verify] newest RS=newdeploy-ml-image-processing-default-8b22-c7f0f2d6d72b-65b6d47fcb pods=24 ready=24
[ok] Verified newest ReplicaSet template resources match expected
[ok] Rollout completed after scale-to-zero
[verify] newest RS=newdeploy-ml-object-detection-default-9ecd-2fb10570ca05-7cfd49b9f5 pods=73 ready=73
[ok] Verified newest ReplicaSet template resources match expected
[info] Started Locust with PID 3526253
[info] attempt=1: start sleep for 20s
[info] attempt=1: sleep done
\Start sampling in parallel...
Workflow e2e p99 latency (56 completed in 17.4s, parallel, 8 workers): 3.630s
Average stage latencies:
  - ml-image-processing: 0.309s
  - ml-object-detection: 0.153s
[info] poll_locust_row: failed to load, try again
[info] total_requests: 961
[info] e2e_latency (p99): 3.300 s
[info] energy_j: 7517.029760 J
[info] served_rps: 57.50 req/s
[info]: start_time: 1767879571.531, end_time: 1767879588.931, duration_s: 17.40 s
[info] energy_cost: 7.822091 J/request
[info] average power: 432.013202 W
[info] Locust stopped
================================================================================
objective      : price
resource_config: [{'cpu_m': 300, 'memory_mi': 56}, {'cpu_m': 5910, 'memory_mi': 438}], latencies: {'ml-image-processing': 0.30877432218819323, 'ml-object-detection': 0.1529140716135901}, price_cost: 173.405815, energy_cost: 7.822091, latency_p99 : 3.300000, feasible: False, total_requests: 961, served_rps: 57.50, total_energy_j: 7517.029760 J, profiling_duration_s: 17.400000s, average_power: 432.013202 W
wall_time_s    : 107.985
================================================================================

Updating function ml-image-processing to cpu: 494m, memory: 56Mi
Updating Deployment resource configuration...

Updating function ml-object-detection to cpu: 3299m, memory: 444Mi
Updating Deployment resource configuration...

[info] Original replicas=24, selector='environmentName=ml-image-processing,environmentNamespace=default,environmentUid=2449fff4-7632-422c-aa00-519fcb194e26,executorType=newdeploy,functionName=ml-image-processing,functionNamespace=default,functionUid=58487e4a-0036-4ccd-8b22-c7f0f2d6d72b'
[info] Original replicas=73, selector='environmentName=yolo,environmentNamespace=default,environmentUid=ced8af41-455b-4081-99aa-1700c0092126,executorType=newdeploy,functionName=ml-object-detection,functionNamespace=default,functionUid=182005a6-ad76-40e9-9ecd-2fb10570ca05'
[ok] Patched Deployment resources
[ok] Patched Deployment resources
[ok] Verified Deployment template resources: requests={'cpu': '300m', 'memory': '50Mi'} limits={'cpu': '494m', 'memory': '56Mi'}
[info] Scaling deployment to 0 replicas to force full pod replacement
[ok] Verified Deployment template resources: requests={'cpu': '1500m', 'memory': '400Mi'} limits={'cpu': '3299m', 'memory': '444Mi'}
[info] Scaling deployment to 0 replicas to force full pod replacement
[ok] All pods terminated (replicas=0)
[info] Scaling deployment back to 24 replicas
[ok] All pods terminated (replicas=0)
[info] Scaling deployment back to 73 replicas
[ok] Rollout completed after scale-to-zero
[verify] newest RS=newdeploy-ml-image-processing-default-8b22-c7f0f2d6d72b-5b9cc6c45b pods=24 ready=24
[ok] Verified newest ReplicaSet template resources match expected
[ok] Rollout completed after scale-to-zero
[verify] newest RS=newdeploy-ml-object-detection-default-9ecd-2fb10570ca05-78cdc85b85 pods=73 ready=73
[ok] Verified newest ReplicaSet template resources match expected
[info] Started Locust with PID 3536692
[info] attempt=1: start sleep for 20s
[info] attempt=1: sleep done
\Start sampling in parallel...
Workflow e2e p99 latency (48 completed in 18.8s, parallel, 8 workers): 9.000s
Average stage latencies:
  - ml-image-processing: 0.156s
  - ml-object-detection: 0.350s
[info] total_requests: 1005
[info] e2e_latency (p99): 4.100 s
[info] energy_j: 7768.069833 J
[info] served_rps: 52.90 req/s
[info]: start_time: 1767879677.031, end_time: 1767879695.831, duration_s: 18.80 s
[info] energy_cost: 7.729423 J/request
[info] average power: 413.195200 W
[info] Locust stopped
================================================================================
objective      : price
resource_config: [{'cpu_m': 494, 'memory_mi': 56}, {'cpu_m': 3299, 'memory_mi': 444}], latencies: {'ml-image-processing': 0.15567551466931656, 'ml-object-detection': 0.3499528577710252}, price_cost: 215.050277, energy_cost: 7.729423, latency_p99 : 4.100000, feasible: False, total_requests: 1005, served_rps: 52.90, total_energy_j: 7768.069833 J, profiling_duration_s: 18.800000s, average_power: 413.195200 W
wall_time_s    : 106.375
================================================================================

================================================================================

Batch  2: best_feasible_cost (random, qNEI) = (191.50186172303393, 191.50186172303393), best_constraint =  -0.500 (<=0 feasible), time = 323.12.
Best feasible resource configuration: [{'cpu_m': 345, 'memory_mi': 55}, {'cpu_m': 5940, 'memory_mi': 484}]

================================================================================
/home/cc/miniconda3/envs/faas/lib/python3.10/site-packages/botorch/acquisition/monte_carlo.py:502: NumericsWarning: qNoisyExpectedImprovement has known numerical issues that lead to suboptimal optimization performance. It is strongly recommended to simply replace

	 qNoisyExpectedImprovement 	 --> 	 qLogNoisyExpectedImprovement 

instead, which fixes the issues and has the same API. See https://arxiv.org/abs/2310.20708 for details.
  legacy_ei_numerics_warning(legacy_name=type(self).__name__)
Updating function ml-image-processing to cpu: 728m, memory: 53Mi
Updating Deployment resource configuration...

Updating function ml-object-detection to cpu: 3538m, memory: 499Mi
Updating Deployment resource configuration...

[info] Original replicas=73, selector='environmentName=yolo,environmentNamespace=default,environmentUid=ced8af41-455b-4081-99aa-1700c0092126,executorType=newdeploy,functionName=ml-object-detection,functionNamespace=default,functionUid=182005a6-ad76-40e9-9ecd-2fb10570ca05'
[info] Original replicas=24, selector='environmentName=ml-image-processing,environmentNamespace=default,environmentUid=2449fff4-7632-422c-aa00-519fcb194e26,executorType=newdeploy,functionName=ml-image-processing,functionNamespace=default,functionUid=58487e4a-0036-4ccd-8b22-c7f0f2d6d72b'
[ok] Patched Deployment resources
[ok] Patched Deployment resources
[ok] Verified Deployment template resources: requests={'cpu': '1500m', 'memory': '400Mi'} limits={'cpu': '3538m', 'memory': '499Mi'}
[info] Scaling deployment to 0 replicas to force full pod replacement
[ok] Verified Deployment template resources: requests={'cpu': '300m', 'memory': '50Mi'} limits={'cpu': '728m', 'memory': '53Mi'}
[info] Scaling deployment to 0 replicas to force full pod replacement
[ok] All pods terminated (replicas=0)
[info] Scaling deployment back to 24 replicas
[ok] All pods terminated (replicas=0)
[info] Scaling deployment back to 73 replicas
[ok] Deleted HPA newdeploy-ml-object-detection-default-9ecd-2fb10570ca05
[ok] Rollout completed after scale-to-zero
[verify] newest RS=newdeploy-ml-image-processing-default-8b22-c7f0f2d6d72b-64dc944c5b pods=24 ready=24
[ok] Verified newest ReplicaSet template resources match expected
[ok] Rollout completed after scale-to-zero
[verify] newest RS=newdeploy-ml-object-detection-default-9ecd-2fb10570ca05-6bbcb9856c pods=73 ready=73
[ok] Verified newest ReplicaSet template resources match expected
[info] Started Locust with PID 3547263
[info] attempt=1: start sleep for 20s
[info] attempt=1: sleep done
\Start sampling in parallel...
Workflow e2e p99 latency (46 completed in 17.7s, parallel, 8 workers): 9.000s
Average stage latencies:
  - ml-image-processing: 0.109s
  - ml-object-detection: 0.320s
[info] total_requests: 1088
[info] e2e_latency (p99): 3.800 s
[info] energy_j: 7582.513464 J
[info] served_rps: 59.50 req/s
[info]: start_time: 1767879791.131, end_time: 1767879808.831, duration_s: 17.70 s
[info] energy_cost: 6.969222 J/request
[info] average power: 428.390590 W
[info] Locust stopped
================================================================================
objective      : price
resource_config: [{'cpu_m': 728, 'memory_mi': 53}, {'cpu_m': 3538, 'memory_mi': 499}], latencies: {'ml-image-processing': 0.10946169826579658, 'ml-object-detection': 0.3204265280526031}, price_cost: 211.948831, energy_cost: 6.969222, latency_p99 : 3.800000, feasible: False, total_requests: 1088, served_rps: 59.50, total_energy_j: 7582.513464 J, profiling_duration_s: 17.700000s, average_power: 428.390590 W
wall_time_s    : 108.846
================================================================================

Updating function ml-image-processing to cpu: 305m, memory: 55Mi
Updating Deployment resource configuration...

Updating function ml-object-detection to cpu: 5823m, memory: 436Mi
Updating Deployment resource configuration...

[info] Original replicas=24, selector='environmentName=ml-image-processing,environmentNamespace=default,environmentUid=2449fff4-7632-422c-aa00-519fcb194e26,executorType=newdeploy,functionName=ml-image-processing,functionNamespace=default,functionUid=58487e4a-0036-4ccd-8b22-c7f0f2d6d72b'
[info] Original replicas=73, selector='environmentName=yolo,environmentNamespace=default,environmentUid=ced8af41-455b-4081-99aa-1700c0092126,executorType=newdeploy,functionName=ml-object-detection,functionNamespace=default,functionUid=182005a6-ad76-40e9-9ecd-2fb10570ca05'
[ok] Patched Deployment resources
[ok] Patched Deployment resources
[ok] Verified Deployment template resources: requests={'cpu': '300m', 'memory': '50Mi'} limits={'cpu': '305m', 'memory': '55Mi'}
[info] Scaling deployment to 0 replicas to force full pod replacement
[ok] Verified Deployment template resources: requests={'cpu': '1500m', 'memory': '400Mi'} limits={'cpu': '5823m', 'memory': '436Mi'}
[info] Scaling deployment to 0 replicas to force full pod replacement
[ok] All pods terminated (replicas=0)
[info] Scaling deployment back to 24 replicas
[ok] All pods terminated (replicas=0)
[info] Scaling deployment back to 73 replicas
[ok] Deleted HPA newdeploy-ml-object-detection-default-9ecd-2fb10570ca05
[ok] Rollout completed after scale-to-zero
[verify] newest RS=newdeploy-ml-image-processing-default-8b22-c7f0f2d6d72b-74ddfd9b77 pods=24 ready=24
[ok] Verified newest ReplicaSet template resources match expected
[ok] Rollout completed after scale-to-zero
[verify] newest RS=newdeploy-ml-object-detection-default-9ecd-2fb10570ca05-57d6bd4c8c pods=73 ready=73
[ok] Verified newest ReplicaSet template resources match expected
[info] Started Locust with PID 3557396
[info] attempt=1: start sleep for 20s
[info] attempt=1: sleep done
\Start sampling in parallel...
Workflow e2e p99 latency (57 completed in 17.5s, parallel, 8 workers): 3.070s
Average stage latencies:
  - ml-image-processing: 0.303s
  - ml-object-detection: 0.165s
[info] poll_locust_row: failed to load, try again
[info] total_requests: 1030
[info] e2e_latency (p99): 3.200 s
[info] energy_j: 7704.361578 J
[info] served_rps: 56.40 req/s
[info]: start_time: 1767879894.531, end_time: 1767879912.031, duration_s: 17.50 s
[info] energy_cost: 7.479963 J/request
[info] average power: 440.249233 W
[info] Locust stopped
================================================================================
objective      : price
resource_config: [{'cpu_m': 305, 'memory_mi': 55}, {'cpu_m': 5823, 'memory_mi': 436}], latencies: {'ml-image-processing': 0.3033202897365156, 'ml-object-detection': 0.16499190321682314}, price_cost: 183.304088, energy_cost: 7.479963, latency_p99 : 3.200000, feasible: False, total_requests: 1030, served_rps: 56.40, total_energy_j: 7704.361578 J, profiling_duration_s: 17.500000s, average_power: 440.249233 W
wall_time_s    : 103.750
================================================================================

Updating function ml-image-processing to cpu: 308m, memory: 61Mi
Updating Deployment resource configuration...

Updating function ml-object-detection to cpu: 5849m, memory: 425Mi
Updating Deployment resource configuration...

[info] Original replicas=24, selector='environmentName=ml-image-processing,environmentNamespace=default,environmentUid=2449fff4-7632-422c-aa00-519fcb194e26,executorType=newdeploy,functionName=ml-image-processing,functionNamespace=default,functionUid=58487e4a-0036-4ccd-8b22-c7f0f2d6d72b'
[info] Original replicas=73, selector='environmentName=yolo,environmentNamespace=default,environmentUid=ced8af41-455b-4081-99aa-1700c0092126,executorType=newdeploy,functionName=ml-object-detection,functionNamespace=default,functionUid=182005a6-ad76-40e9-9ecd-2fb10570ca05'
[ok] Patched Deployment resources
[ok] Patched Deployment resources
[ok] Verified Deployment template resources: requests={'cpu': '300m', 'memory': '50Mi'} limits={'cpu': '308m', 'memory': '61Mi'}
[info] Scaling deployment to 0 replicas to force full pod replacement
[ok] Verified Deployment template resources: requests={'cpu': '1500m', 'memory': '400Mi'} limits={'cpu': '5849m', 'memory': '425Mi'}
[info] Scaling deployment to 0 replicas to force full pod replacement
[ok] All pods terminated (replicas=0)
[info] Scaling deployment back to 24 replicas
[ok] All pods terminated (replicas=0)
[info] Scaling deployment back to 73 replicas
[ok] Rollout completed after scale-to-zero
[verify] newest RS=newdeploy-ml-image-processing-default-8b22-c7f0f2d6d72b-7b454ccb5f pods=24 ready=24
[ok] Verified newest ReplicaSet template resources match expected
[ok] Rollout completed after scale-to-zero
[verify] newest RS=newdeploy-ml-object-detection-default-9ecd-2fb10570ca05-65d65fcd4f pods=73 ready=73
[ok] Verified newest ReplicaSet template resources match expected
[info] Started Locust with PID 3567763
[info] attempt=1: start sleep for 20s
[info] attempt=1: sleep done
\Start sampling in parallel...
Workflow e2e p99 latency (59 completed in 17.8s, parallel, 8 workers): 3.144s
Average stage latencies:
  - ml-image-processing: 0.283s
  - ml-object-detection: 0.168s
[info] total_requests: 1018
[info] e2e_latency (p99): 3.300 s
[info] energy_j: 7710.355456 J
[info] served_rps: 55.60 req/s
[info]: start_time: 1767880003.731, end_time: 1767880021.531, duration_s: 17.80 s
[info] energy_cost: 7.574023 J/request
[info] average power: 433.166038 W
[info] Locust stopped
================================================================================
objective      : price
resource_config: [{'cpu_m': 308, 'memory_mi': 61}, {'cpu_m': 5849, 'memory_mi': 425}], latencies: {'ml-image-processing': 0.28260933041919845, 'ml-object-detection': 0.168436303505895}, price_cost: 186.587920, energy_cost: 7.574023, latency_p99 : 3.300000, feasible: False, total_requests: 1018, served_rps: 55.60, total_energy_j: 7710.355456 J, profiling_duration_s: 17.800000s, average_power: 433.166038 W
wall_time_s    : 109.001
================================================================================

================================================================================

Batch  3: best_feasible_cost (random, qNEI) = (191.50186172303393, 191.50186172303393), best_constraint =  -0.500 (<=0 feasible), time = 325.73.
Best feasible resource configuration: [{'cpu_m': 345, 'memory_mi': 55}, {'cpu_m': 5940, 'memory_mi': 484}]

================================================================================
/home/cc/miniconda3/envs/faas/lib/python3.10/site-packages/botorch/acquisition/monte_carlo.py:502: NumericsWarning: qNoisyExpectedImprovement has known numerical issues that lead to suboptimal optimization performance. It is strongly recommended to simply replace

	 qNoisyExpectedImprovement 	 --> 	 qLogNoisyExpectedImprovement 

instead, which fixes the issues and has the same API. See https://arxiv.org/abs/2310.20708 for details.
  legacy_ei_numerics_warning(legacy_name=type(self).__name__)
Updating function ml-image-processing to cpu: 800m, memory: 65Mi
Updating Deployment resource configuration...

Updating function ml-object-detection to cpu: 6000m, memory: 480Mi
Updating Deployment resource configuration...

[info] Original replicas=24, selector='environmentName=ml-image-processing,environmentNamespace=default,environmentUid=2449fff4-7632-422c-aa00-519fcb194e26,executorType=newdeploy,functionName=ml-image-processing,functionNamespace=default,functionUid=58487e4a-0036-4ccd-8b22-c7f0f2d6d72b'
[info] Original replicas=73, selector='environmentName=yolo,environmentNamespace=default,environmentUid=ced8af41-455b-4081-99aa-1700c0092126,executorType=newdeploy,functionName=ml-object-detection,functionNamespace=default,functionUid=182005a6-ad76-40e9-9ecd-2fb10570ca05'
[ok] Patched Deployment resources
[ok] Patched Deployment resources
[ok] Verified Deployment template resources: requests={'cpu': '300m', 'memory': '50Mi'} limits={'cpu': '800m', 'memory': '65Mi'}
[info] Scaling deployment to 0 replicas to force full pod replacement
[ok] Verified Deployment template resources: requests={'cpu': '1500m', 'memory': '400Mi'} limits={'cpu': '6', 'memory': '480Mi'}
[info] Scaling deployment to 0 replicas to force full pod replacement
[ok] All pods terminated (replicas=0)
[info] Scaling deployment back to 24 replicas
[ok] All pods terminated (replicas=0)
[info] Scaling deployment back to 73 replicas
[ok] Rollout completed after scale-to-zero
[verify] newest RS=newdeploy-ml-image-processing-default-8b22-c7f0f2d6d72b-bcf7d8d8c pods=24 ready=24
[ok] Verified newest ReplicaSet template resources match expected
[ok] Rollout completed after scale-to-zero
[verify] newest RS=newdeploy-ml-object-detection-default-9ecd-2fb10570ca05-5bc7bd68d pods=73 ready=73
[ok] Verified newest ReplicaSet template resources match expected
[info] Started Locust with PID 3578088
[info] attempt=1: start sleep for 20s
[info] attempt=1: sleep done
\Start sampling in parallel...
Workflow e2e p99 latency (73 completed in 16.6s, parallel, 8 workers): 1.750s
Average stage latencies:
  - ml-image-processing: 0.117s
  - ml-object-detection: 0.194s
[info] poll_locust_row: failed to load, try again
[info] poll_locust_row: failed to load, try again
[info] poll_locust_row: failed to load, try again
[info] total_requests: 1364
[info] e2e_latency (p99): 1.400 s
[info] energy_j: 8519.684849 J
[info] served_rps: 76.30 req/s
[info]: start_time: 1767880116.331, end_time: 1767880132.931, duration_s: 16.60 s
[info] energy_cost: 6.246103 J/request
[info] average power: 513.234030 W
[info] Locust stopped
================================================================================
objective      : price
resource_config: [{'cpu_m': 800, 'memory_mi': 65}, {'cpu_m': 6000, 'memory_mi': 480}], latencies: {'ml-image-processing': 0.11741388749892581, 'ml-object-detection': 0.193806215297839}, price_cost: 218.659038, energy_cost: 6.246103, latency_p99 : 1.400000, feasible: True, total_requests: 1364, served_rps: 76.30, total_energy_j: 8519.684849 J, profiling_duration_s: 16.600000s, average_power: 513.234030 W
wall_time_s    : 108.564
================================================================================

Updating function ml-image-processing to cpu: 619m, memory: 70Mi
Updating Deployment resource configuration...

Updating function ml-object-detection to cpu: 3594m, memory: 490Mi
Updating Deployment resource configuration...

[info] Original replicas=24, selector='environmentName=ml-image-processing,environmentNamespace=default,environmentUid=2449fff4-7632-422c-aa00-519fcb194e26,executorType=newdeploy,functionName=ml-image-processing,functionNamespace=default,functionUid=58487e4a-0036-4ccd-8b22-c7f0f2d6d72b'
[info] Original replicas=73, selector='environmentName=yolo,environmentNamespace=default,environmentUid=ced8af41-455b-4081-99aa-1700c0092126,executorType=newdeploy,functionName=ml-object-detection,functionNamespace=default,functionUid=182005a6-ad76-40e9-9ecd-2fb10570ca05'
[ok] Patched Deployment resources
[ok] Patched Deployment resources
[ok] Verified Deployment template resources: requests={'cpu': '1500m', 'memory': '400Mi'} limits={'cpu': '3594m', 'memory': '490Mi'}
[info] Scaling deployment to 0 replicas to force full pod replacement
[ok] Verified Deployment template resources: requests={'cpu': '300m', 'memory': '50Mi'} limits={'cpu': '619m', 'memory': '70Mi'}
[info] Scaling deployment to 0 replicas to force full pod replacement
[ok] All pods terminated (replicas=0)
[info] Scaling deployment back to 24 replicas
[ok] All pods terminated (replicas=0)
[info] Scaling deployment back to 73 replicas
[ok] Rollout completed after scale-to-zero
[verify] newest RS=newdeploy-ml-image-processing-default-8b22-c7f0f2d6d72b-57596b84c pods=24 ready=24
[ok] Verified newest ReplicaSet template resources match expected
[ok] Rollout completed after scale-to-zero
[verify] newest RS=newdeploy-ml-object-detection-default-9ecd-2fb10570ca05-8467f585c5 pods=73 ready=73
[ok] Verified newest ReplicaSet template resources match expected
[info] Started Locust with PID 3588273
[info] attempt=1: start sleep for 20s
[info] attempt=1: sleep done
\Start sampling in parallel...
Workflow e2e p99 latency (51 completed in 19.9s, parallel, 8 workers): 9.000s
Average stage latencies:
  - ml-image-processing: 0.119s
  - ml-object-detection: 0.362s
[info] total_requests: 1179
[info] e2e_latency (p99): 3.900 s
[info] energy_j: 8228.734275 J
[info] served_rps: 60.50 req/s
[info]: start_time: 1767880219.331, end_time: 1767880239.331, duration_s: 20.00 s
[info] energy_cost: 6.979418 J/request
[info] average power: 411.436714 W
[info] Locust stopped
================================================================================
objective      : price
resource_config: [{'cpu_m': 619, 'memory_mi': 70}, {'cpu_m': 3594, 'memory_mi': 490}], latencies: {'ml-image-processing': 0.1185471241776314, 'ml-object-detection': 0.36163287201068467}, price_cost: 239.826064, energy_cost: 6.979418, latency_p99 : 3.900000, feasible: False, total_requests: 1179, served_rps: 60.50, total_energy_j: 8228.734275 J, profiling_duration_s: 20.000000s, average_power: 411.436714 W
wall_time_s    : 104.883
================================================================================

Updating function ml-image-processing to cpu: 317m, memory: 57Mi
Updating Deployment resource configuration...

Updating function ml-object-detection to cpu: 5903m, memory: 444Mi
Updating Deployment resource configuration...

[info] Original replicas=24, selector='environmentName=ml-image-processing,environmentNamespace=default,environmentUid=2449fff4-7632-422c-aa00-519fcb194e26,executorType=newdeploy,functionName=ml-image-processing,functionNamespace=default,functionUid=58487e4a-0036-4ccd-8b22-c7f0f2d6d72b'
[info] Original replicas=73, selector='environmentName=yolo,environmentNamespace=default,environmentUid=ced8af41-455b-4081-99aa-1700c0092126,executorType=newdeploy,functionName=ml-object-detection,functionNamespace=default,functionUid=182005a6-ad76-40e9-9ecd-2fb10570ca05'
[ok] Patched Deployment resources
[ok] Patched Deployment resources
[ok] Verified Deployment template resources: requests={'cpu': '300m', 'memory': '50Mi'} limits={'cpu': '317m', 'memory': '57Mi'}
[info] Scaling deployment to 0 replicas to force full pod replacement
[ok] Verified Deployment template resources: requests={'cpu': '1500m', 'memory': '400Mi'} limits={'cpu': '5903m', 'memory': '444Mi'}
[info] Scaling deployment to 0 replicas to force full pod replacement
[ok] All pods terminated (replicas=0)
[info] Scaling deployment back to 24 replicas
[ok] All pods terminated (replicas=0)
[info] Scaling deployment back to 73 replicas
[ok] Deleted HPA newdeploy-ml-object-detection-default-9ecd-2fb10570ca05
[ok] Rollout completed after scale-to-zero
[verify] newest RS=newdeploy-ml-image-processing-default-8b22-c7f0f2d6d72b-7d7b5df8f9 pods=24 ready=24
[ok] Verified newest ReplicaSet template resources match expected
[ok] Rollout completed after scale-to-zero
[verify] newest RS=newdeploy-ml-object-detection-default-9ecd-2fb10570ca05-7f77fc49c7 pods=73 ready=73
[ok] Verified newest ReplicaSet template resources match expected
[info] Started Locust with PID 3598457
[info] attempt=1: start sleep for 20s
[info] attempt=1: sleep done
\Start sampling in parallel...
Workflow e2e p99 latency (60 completed in 17.7s, parallel, 8 workers): 3.198s
Average stage latencies:
  - ml-image-processing: 0.278s
  - ml-object-detection: 0.190s
[info] total_requests: 1062
[info] e2e_latency (p99): 2.600 s
[info] energy_j: 7938.691895 J
[info] served_rps: 59.80 req/s
[info]: start_time: 1767880325.831, end_time: 1767880343.531, duration_s: 17.70 s
[info] energy_cost: 7.475228 J/request
[info] average power: 448.513671 W
[info] Locust stopped
================================================================================
objective      : price
resource_config: [{'cpu_m': 317, 'memory_mi': 57}, {'cpu_m': 5903, 'memory_mi': 444}], latencies: {'ml-image-processing': 0.27820740602134414, 'ml-object-detection': 0.19014202716449896}, price_cost: 210.667278, energy_cost: 7.475228, latency_p99 : 2.600000, feasible: True, total_requests: 1062, served_rps: 59.80, total_energy_j: 7938.691895 J, profiling_duration_s: 17.700000s, average_power: 448.513671 W
wall_time_s    : 104.244
================================================================================

================================================================================

Batch  4: best_feasible_cost (random, qNEI) = (191.50186172303393, 191.50186172303393), best_constraint =  -0.500 (<=0 feasible), time = 322.00.
Best feasible resource configuration: [{'cpu_m': 345, 'memory_mi': 55}, {'cpu_m': 5940, 'memory_mi': 484}]

================================================================================
/home/cc/miniconda3/envs/faas/lib/python3.10/site-packages/botorch/acquisition/monte_carlo.py:502: NumericsWarning: qNoisyExpectedImprovement has known numerical issues that lead to suboptimal optimization performance. It is strongly recommended to simply replace

	 qNoisyExpectedImprovement 	 --> 	 qLogNoisyExpectedImprovement 

instead, which fixes the issues and has the same API. See https://arxiv.org/abs/2310.20708 for details.
  legacy_ei_numerics_warning(legacy_name=type(self).__name__)
Updating function ml-image-processing to cpu: 300m, memory: 59Mi
Updating Deployment resource configuration...

Updating function ml-object-detection to cpu: 5730m, memory: 447Mi
Updating Deployment resource configuration...

[info] Original replicas=24, selector='environmentName=ml-image-processing,environmentNamespace=default,environmentUid=2449fff4-7632-422c-aa00-519fcb194e26,executorType=newdeploy,functionName=ml-image-processing,functionNamespace=default,functionUid=58487e4a-0036-4ccd-8b22-c7f0f2d6d72b'
[info] Original replicas=73, selector='environmentName=yolo,environmentNamespace=default,environmentUid=ced8af41-455b-4081-99aa-1700c0092126,executorType=newdeploy,functionName=ml-object-detection,functionNamespace=default,functionUid=182005a6-ad76-40e9-9ecd-2fb10570ca05'
[ok] Patched Deployment resources
[ok] Patched Deployment resources
[ok] Verified Deployment template resources: requests={'cpu': '300m', 'memory': '50Mi'} limits={'cpu': '300m', 'memory': '59Mi'}
[info] Scaling deployment to 0 replicas to force full pod replacement
[ok] Verified Deployment template resources: requests={'cpu': '1500m', 'memory': '400Mi'} limits={'cpu': '5730m', 'memory': '447Mi'}
[info] Scaling deployment to 0 replicas to force full pod replacement
[ok] All pods terminated (replicas=0)
[info] Scaling deployment back to 24 replicas
[ok] All pods terminated (replicas=0)
[info] Scaling deployment back to 73 replicas
[ok] Rollout completed after scale-to-zero
[verify] newest RS=newdeploy-ml-image-processing-default-8b22-c7f0f2d6d72b-f5c94f7d4 pods=24 ready=24
[ok] Verified newest ReplicaSet template resources match expected
[ok] Rollout completed after scale-to-zero
[verify] newest RS=newdeploy-ml-object-detection-default-9ecd-2fb10570ca05-5785fd6584 pods=73 ready=73
[ok] Verified newest ReplicaSet template resources match expected
[info] Started Locust with PID 3608994
[info] attempt=1: start sleep for 20s
[info] attempt=1: sleep done
\Start sampling in parallel...
Workflow e2e p99 latency (56 completed in 17.1s, parallel, 8 workers): 4.104s
Average stage latencies:
  - ml-image-processing: 0.320s
  - ml-object-detection: 0.158s
[info] poll_locust_row: failed to load, try again
[info] total_requests: 1031
[info] e2e_latency (p99): 3.000 s
[info] energy_j: 7442.751166 J
[info] served_rps: 57.90 req/s
[info]: start_time: 1767880438.431, end_time: 1767880455.531, duration_s: 17.10 s
[info] energy_cost: 7.218963 J/request
[info] average power: 435.248609 W
[info] Locust stopped
================================================================================
objective      : price
resource_config: [{'cpu_m': 300, 'memory_mi': 59}, {'cpu_m': 5730, 'memory_mi': 447}], latencies: {'ml-image-processing': 0.3196561594460426, 'ml-object-detection': 0.15820656370072225}, price_cost: 174.520549, energy_cost: 7.218963, latency_p99 : 3.000000, feasible: True, total_requests: 1031, served_rps: 57.90, total_energy_j: 7442.751166 J, profiling_duration_s: 17.100000s, average_power: 435.248609 W
wall_time_s    : 107.495
================================================================================

Updating function ml-image-processing to cpu: 775m, memory: 68Mi
Updating Deployment resource configuration...

Updating function ml-object-detection to cpu: 2699m, memory: 484Mi
Updating Deployment resource configuration...

[info] Original replicas=24, selector='environmentName=ml-image-processing,environmentNamespace=default,environmentUid=2449fff4-7632-422c-aa00-519fcb194e26,executorType=newdeploy,functionName=ml-image-processing,functionNamespace=default,functionUid=58487e4a-0036-4ccd-8b22-c7f0f2d6d72b'
[info] Original replicas=73, selector='environmentName=yolo,environmentNamespace=default,environmentUid=ced8af41-455b-4081-99aa-1700c0092126,executorType=newdeploy,functionName=ml-object-detection,functionNamespace=default,functionUid=182005a6-ad76-40e9-9ecd-2fb10570ca05'
[ok] Patched Deployment resources
[ok] Patched Deployment resources
[ok] Verified Deployment template resources: requests={'cpu': '300m', 'memory': '50Mi'} limits={'cpu': '775m', 'memory': '68Mi'}
[info] Scaling deployment to 0 replicas to force full pod replacement
[ok] Verified Deployment template resources: requests={'cpu': '1500m', 'memory': '400Mi'} limits={'cpu': '2699m', 'memory': '484Mi'}
[info] Scaling deployment to 0 replicas to force full pod replacement
[ok] All pods terminated (replicas=0)
[info] Scaling deployment back to 24 replicas
[ok] All pods terminated (replicas=0)
[info] Scaling deployment back to 73 replicas
[ok] Rollout completed after scale-to-zero
[verify] newest RS=newdeploy-ml-image-processing-default-8b22-c7f0f2d6d72b-d769df85b pods=24 ready=24
[ok] Verified newest ReplicaSet template resources match expected
[ok] Rollout completed after scale-to-zero
[verify] newest RS=newdeploy-ml-object-detection-default-9ecd-2fb10570ca05-5d4c9bb64 pods=73 ready=73
[ok] Verified newest ReplicaSet template resources match expected
[info] Started Locust with PID 3619726
[info] attempt=1: start sleep for 20s
[info] attempt=1: sleep done
\Start sampling in parallel...
Workflow e2e p99 latency (45 completed in 21.4s, parallel, 8 workers): 9.000s
Average stage latencies:
  - ml-image-processing: 0.093s
  - ml-object-detection: 0.421s
[info] poll_locust_row: failed to load, try again
[info] poll_locust_row: failed to load, try again
[info] poll_locust_row: failed to load, try again
[info] total_requests: 1069
[info] e2e_latency (p99): 3.800 s
[info] energy_j: 8115.881624 J
[info] served_rps: 49.60 req/s
[info]: start_time: 1767880553.131, end_time: 1767880574.531, duration_s: 21.40 s
[info] energy_cost: 7.592031 J/request
[info] average power: 379.246807 W
[info] Locust stopped
================================================================================
objective      : price
resource_config: [{'cpu_m': 775, 'memory_mi': 68}, {'cpu_m': 2699, 'memory_mi': 484}], latencies: {'ml-image-processing': 0.09251081614809878, 'ml-object-detection': 0.4206095336635104}, price_cost: 211.378684, energy_cost: 7.592031, latency_p99 : 3.800000, feasible: False, total_requests: 1069, served_rps: 49.60, total_energy_j: 8115.881624 J, profiling_duration_s: 21.400000s, average_power: 379.246807 W
wall_time_s    : 120.000
================================================================================

Updating function ml-image-processing to cpu: 322m, memory: 59Mi
Updating Deployment resource configuration...

Updating function ml-object-detection to cpu: 6000m, memory: 446Mi
Updating Deployment resource configuration...

[info] Original replicas=24, selector='environmentName=ml-image-processing,environmentNamespace=default,environmentUid=2449fff4-7632-422c-aa00-519fcb194e26,executorType=newdeploy,functionName=ml-image-processing,functionNamespace=default,functionUid=58487e4a-0036-4ccd-8b22-c7f0f2d6d72b'
[info] Original replicas=73, selector='environmentName=yolo,environmentNamespace=default,environmentUid=ced8af41-455b-4081-99aa-1700c0092126,executorType=newdeploy,functionName=ml-object-detection,functionNamespace=default,functionUid=182005a6-ad76-40e9-9ecd-2fb10570ca05'
[ok] Patched Deployment resources
[ok] Patched Deployment resources
[ok] Verified Deployment template resources: requests={'cpu': '300m', 'memory': '50Mi'} limits={'cpu': '322m', 'memory': '59Mi'}
[info] Scaling deployment to 0 replicas to force full pod replacement
[ok] Verified Deployment template resources: requests={'cpu': '1500m', 'memory': '400Mi'} limits={'cpu': '6', 'memory': '446Mi'}
[info] Scaling deployment to 0 replicas to force full pod replacement
[ok] All pods terminated (replicas=0)
[info] Scaling deployment back to 24 replicas
[ok] All pods terminated (replicas=0)
[info] Scaling deployment back to 73 replicas
[ok] Deleted HPA newdeploy-ml-object-detection-default-9ecd-2fb10570ca05
[ok] Rollout completed after scale-to-zero
[verify] newest RS=newdeploy-ml-image-processing-default-8b22-c7f0f2d6d72b-748bd79788 pods=24 ready=24
[ok] Verified newest ReplicaSet template resources match expected
[ok] Rollout completed after scale-to-zero
[verify] newest RS=newdeploy-ml-object-detection-default-9ecd-2fb10570ca05-df79455dd pods=73 ready=73
[ok] Verified newest ReplicaSet template resources match expected
[info] Started Locust with PID 3630115
[info] attempt=1: start sleep for 20s
[info] attempt=1: sleep done
\Start sampling in parallel...
Workflow e2e p99 latency (65 completed in 18.2s, parallel, 8 workers): 2.476s
Average stage latencies:
  - ml-image-processing: 0.265s
  - ml-object-detection: 0.169s
[info] total_requests: 1092
[info] e2e_latency (p99): 2.700 s
[info] energy_j: 8159.346746 J
[info] served_rps: 61.30 req/s
[info]: start_time: 1767880659.431, end_time: 1767880677.631, duration_s: 18.20 s
[info] energy_cost: 7.471929 J/request
[info] average power: 448.315754 W
[info] Locust stopped
================================================================================
objective      : price
resource_config: [{'cpu_m': 322, 'memory_mi': 59}, {'cpu_m': 6000, 'memory_mi': 446}], latencies: {'ml-image-processing': 0.2646791062532709, 'ml-object-detection': 0.16867086683901455}, price_cost: 190.941946, energy_cost: 7.471929, latency_p99 : 2.700000, feasible: True, total_requests: 1092, served_rps: 61.30, total_energy_j: 8159.346746 J, profiling_duration_s: 18.200000s, average_power: 448.315754 W
wall_time_s    : 101.630
================================================================================

================================================================================

Batch  5: best_feasible_cost (random, qNEI) = (191.50186172303393, 174.5205491889315), best_constraint =   0.000 (<=0 feasible), time = 334.11.
Best feasible resource configuration: [{'cpu_m': 300, 'memory_mi': 59}, {'cpu_m': 5730, 'memory_mi': 447}]

================================================================================
/home/cc/miniconda3/envs/faas/lib/python3.10/site-packages/botorch/acquisition/monte_carlo.py:502: NumericsWarning: qNoisyExpectedImprovement has known numerical issues that lead to suboptimal optimization performance. It is strongly recommended to simply replace

	 qNoisyExpectedImprovement 	 --> 	 qLogNoisyExpectedImprovement 

instead, which fixes the issues and has the same API. See https://arxiv.org/abs/2310.20708 for details.
  legacy_ei_numerics_warning(legacy_name=type(self).__name__)
Updating function ml-image-processing to cpu: 300m, memory: 57Mi
Updating Deployment resource configuration...

Updating function ml-object-detection to cpu: 5743m, memory: 468Mi
Updating Deployment resource configuration...

[info] Original replicas=24, selector='environmentName=ml-image-processing,environmentNamespace=default,environmentUid=2449fff4-7632-422c-aa00-519fcb194e26,executorType=newdeploy,functionName=ml-image-processing,functionNamespace=default,functionUid=58487e4a-0036-4ccd-8b22-c7f0f2d6d72b'
[info] Original replicas=73, selector='environmentName=yolo,environmentNamespace=default,environmentUid=ced8af41-455b-4081-99aa-1700c0092126,executorType=newdeploy,functionName=ml-object-detection,functionNamespace=default,functionUid=182005a6-ad76-40e9-9ecd-2fb10570ca05'
[ok] Patched Deployment resources
[ok] Patched Deployment resources
[ok] Verified Deployment template resources: requests={'cpu': '300m', 'memory': '50Mi'} limits={'cpu': '300m', 'memory': '57Mi'}
[info] Scaling deployment to 0 replicas to force full pod replacement
[ok] Verified Deployment template resources: requests={'cpu': '1500m', 'memory': '400Mi'} limits={'cpu': '5743m', 'memory': '468Mi'}
[info] Scaling deployment to 0 replicas to force full pod replacement
[ok] All pods terminated (replicas=0)
[info] Scaling deployment back to 24 replicas
[ok] All pods terminated (replicas=0)
[info] Scaling deployment back to 73 replicas
[ok] Rollout completed after scale-to-zero
[verify] newest RS=newdeploy-ml-image-processing-default-8b22-c7f0f2d6d72b-d64cc6595 pods=24 ready=24
[ok] Verified newest ReplicaSet template resources match expected
[ok] Rollout completed after scale-to-zero
[verify] newest RS=newdeploy-ml-object-detection-default-9ecd-2fb10570ca05-6d5f585b94 pods=73 ready=73
[ok] Verified newest ReplicaSet template resources match expected
[info] Started Locust with PID 3641026
[info] attempt=1: start sleep for 20s
[info] attempt=1: sleep done
\Start sampling in parallel...
Workflow e2e p99 latency (54 completed in 19.9s, parallel, 8 workers): 4.026s
Average stage latencies:
  - ml-image-processing: 0.315s
  - ml-object-detection: 0.162s
[info] total_requests: 1187
[info] e2e_latency (p99): 3.500 s
[info] energy_j: 8597.549579 J
[info] served_rps: 55.80 req/s
[info]: start_time: 1767880772.031, end_time: 1767880792.031, duration_s: 20.00 s
[info] energy_cost: 7.243091 J/request
[info] average power: 429.877479 W
[info] Locust stopped
================================================================================
objective      : price
resource_config: [{'cpu_m': 300, 'memory_mi': 57}, {'cpu_m': 5743, 'memory_mi': 468}], latencies: {'ml-image-processing': 0.3145128852618789, 'ml-object-detection': 0.16221264742004374}, price_cost: 178.642076, energy_cost: 7.243091, latency_p99 : 3.500000, feasible: False, total_requests: 1187, served_rps: 55.80, total_energy_j: 8597.549579 J, profiling_duration_s: 20.000000s, average_power: 429.877479 W
wall_time_s    : 109.947
================================================================================

Updating function ml-image-processing to cpu: 699m, memory: 66Mi
Updating Deployment resource configuration...

Updating function ml-object-detection to cpu: 1500m, memory: 432Mi
Updating Deployment resource configuration...

[info] Original replicas=73, selector='environmentName=yolo,environmentNamespace=default,environmentUid=ced8af41-455b-4081-99aa-1700c0092126,executorType=newdeploy,functionName=ml-object-detection,functionNamespace=default,functionUid=182005a6-ad76-40e9-9ecd-2fb10570ca05'
[info] Original replicas=24, selector='environmentName=ml-image-processing,environmentNamespace=default,environmentUid=2449fff4-7632-422c-aa00-519fcb194e26,executorType=newdeploy,functionName=ml-image-processing,functionNamespace=default,functionUid=58487e4a-0036-4ccd-8b22-c7f0f2d6d72b'
[ok] Patched Deployment resources
[ok] Patched Deployment resources
[ok] Verified Deployment template resources: requests={'cpu': '300m', 'memory': '50Mi'} limits={'cpu': '699m', 'memory': '66Mi'}
[info] Scaling deployment to 0 replicas to force full pod replacement
[ok] Verified Deployment template resources: requests={'cpu': '1500m', 'memory': '400Mi'} limits={'cpu': '1500m', 'memory': '432Mi'}
[info] Scaling deployment to 0 replicas to force full pod replacement
[ok] All pods terminated (replicas=0)
[info] Scaling deployment back to 24 replicas
[ok] All pods terminated (replicas=0)
[info] Scaling deployment back to 73 replicas
[ok] Rollout completed after scale-to-zero
[verify] newest RS=newdeploy-ml-image-processing-default-8b22-c7f0f2d6d72b-69d98bf5bf pods=24 ready=24
[ok] Verified newest ReplicaSet template resources match expected
[ok] Rollout completed after scale-to-zero
[verify] newest RS=newdeploy-ml-object-detection-default-9ecd-2fb10570ca05-679c7b9b4 pods=73 ready=73
[ok] Verified newest ReplicaSet template resources match expected
[info] Started Locust with PID 3651270
[info] attempt=1: start sleep for 20s
[info] attempt=1: sleep done
\Start sampling in parallel...
Workflow e2e p99 latency (27 completed in 21.7s, parallel, 8 workers): 9.000s
Average stage latencies:
  - ml-image-processing: 0.088s
  - ml-object-detection: 0.870s
[info] poll_locust_row: failed to load, try again
[info] poll_locust_row: failed to load, try again
[info] total_requests: 895
[info] e2e_latency (p99): 3.800 s
[info] energy_j: 6863.493310 J
[info] served_rps: 35.20 req/s
[info]: start_time: 1767880875.231, end_time: 1767880897.031, duration_s: 21.80 s
[info] energy_cost: 7.668708 J/request
[info] average power: 314.839143 W
[info] Locust stopped
================================================================================
objective      : price
resource_config: [{'cpu_m': 699, 'memory_mi': 66}, {'cpu_m': 1500, 'memory_mi': 432}], latencies: {'ml-image-processing': 0.08849625289440155, 'ml-object-detection': 0.8697457205271348}, price_cost: 241.093923, energy_cost: 7.668708, latency_p99 : 3.800000, feasible: False, total_requests: 895, served_rps: 35.20, total_energy_j: 6863.493310 J, profiling_duration_s: 21.800000s, average_power: 314.839143 W
wall_time_s    : 106.050
================================================================================

Updating function ml-image-processing to cpu: 300m, memory: 66Mi
Updating Deployment resource configuration...

Updating function ml-object-detection to cpu: 5699m, memory: 496Mi
Updating Deployment resource configuration...

[info] Original replicas=24, selector='environmentName=ml-image-processing,environmentNamespace=default,environmentUid=2449fff4-7632-422c-aa00-519fcb194e26,executorType=newdeploy,functionName=ml-image-processing,functionNamespace=default,functionUid=58487e4a-0036-4ccd-8b22-c7f0f2d6d72b'
[info] Original replicas=73, selector='environmentName=yolo,environmentNamespace=default,environmentUid=ced8af41-455b-4081-99aa-1700c0092126,executorType=newdeploy,functionName=ml-object-detection,functionNamespace=default,functionUid=182005a6-ad76-40e9-9ecd-2fb10570ca05'
[ok] Patched Deployment resources
[ok] Patched Deployment resources
[ok] Verified Deployment template resources: requests={'cpu': '300m', 'memory': '50Mi'} limits={'cpu': '300m', 'memory': '66Mi'}
[info] Scaling deployment to 0 replicas to force full pod replacement
[ok] Verified Deployment template resources: requests={'cpu': '1500m', 'memory': '400Mi'} limits={'cpu': '5699m', 'memory': '496Mi'}
[info] Scaling deployment to 0 replicas to force full pod replacement
[ok] All pods terminated (replicas=0)
[info] Scaling deployment back to 24 replicas
[ok] All pods terminated (replicas=0)
[info] Scaling deployment back to 73 replicas
[ok] Deleted HPA newdeploy-ml-object-detection-default-9ecd-2fb10570ca05
[ok] Rollout completed after scale-to-zero
[verify] newest RS=newdeploy-ml-image-processing-default-8b22-c7f0f2d6d72b-6b97b7fb9f pods=24 ready=24
[ok] Verified newest ReplicaSet template resources match expected
[ok] Rollout completed after scale-to-zero
[verify] newest RS=newdeploy-ml-object-detection-default-9ecd-2fb10570ca05-8f98cd465 pods=73 ready=73
[ok] Verified newest ReplicaSet template resources match expected
[info] Started Locust with PID 3662489
[info] attempt=1: start sleep for 20s
[info] attempt=1: sleep done
\Start sampling in parallel...
Workflow e2e p99 latency (57 completed in 16.8s, parallel, 8 workers): 3.163s
Average stage latencies:
  - ml-image-processing: 0.308s
  - ml-object-detection: 0.167s
[info] poll_locust_row: failed to load, try again
[info] poll_locust_row: failed to load, try again
[info] total_requests: 962
[info] e2e_latency (p99): 2.700 s
[info] energy_j: 7263.038641 J
[info] served_rps: 56.60 req/s
[info]: start_time: 1767880993.131, end_time: 1767881009.931, duration_s: 16.80 s
[info] energy_cost: 7.549936 J/request
[info] average power: 432.323730 W
[info] Locust stopped
================================================================================
objective      : price
resource_config: [{'cpu_m': 300, 'memory_mi': 66}, {'cpu_m': 5699, 'memory_mi': 496}], latencies: {'ml-image-processing': 0.30775482821882816, 'ml-object-detection': 0.1669215504325142}, price_cost: 181.813129, energy_cost: 7.549936, latency_p99 : 2.700000, feasible: True, total_requests: 962, served_rps: 56.60, total_energy_j: 7263.038641 J, profiling_duration_s: 16.800000s, average_power: 432.323730 W
wall_time_s    : 112.875
================================================================================

================================================================================

Batch  6: best_feasible_cost (random, qNEI) = (191.50186172303393, 174.5205491889315), best_constraint =   0.000 (<=0 feasible), time = 333.24.
Best feasible resource configuration: [{'cpu_m': 300, 'memory_mi': 59}, {'cpu_m': 5730, 'memory_mi': 447}]

================================================================================
/home/cc/miniconda3/envs/faas/lib/python3.10/site-packages/botorch/acquisition/monte_carlo.py:502: NumericsWarning: qNoisyExpectedImprovement has known numerical issues that lead to suboptimal optimization performance. It is strongly recommended to simply replace

	 qNoisyExpectedImprovement 	 --> 	 qLogNoisyExpectedImprovement 

instead, which fixes the issues and has the same API. See https://arxiv.org/abs/2310.20708 for details.
  legacy_ei_numerics_warning(legacy_name=type(self).__name__)
Updating function ml-image-processing to cpu: 729m, memory: 56Mi
Updating Deployment resource configuration...

Updating function ml-object-detection to cpu: 3059m, memory: 504Mi
Updating Deployment resource configuration...

[info] Original replicas=24, selector='environmentName=ml-image-processing,environmentNamespace=default,environmentUid=2449fff4-7632-422c-aa00-519fcb194e26,executorType=newdeploy,functionName=ml-image-processing,functionNamespace=default,functionUid=58487e4a-0036-4ccd-8b22-c7f0f2d6d72b'
[info] Original replicas=73, selector='environmentName=yolo,environmentNamespace=default,environmentUid=ced8af41-455b-4081-99aa-1700c0092126,executorType=newdeploy,functionName=ml-object-detection,functionNamespace=default,functionUid=182005a6-ad76-40e9-9ecd-2fb10570ca05'
[ok] Patched Deployment resources
[ok] Patched Deployment resources
[ok] Verified Deployment template resources: requests={'cpu': '1500m', 'memory': '400Mi'} limits={'cpu': '3059m', 'memory': '504Mi'}
[info] Scaling deployment to 0 replicas to force full pod replacement
[ok] Verified Deployment template resources: requests={'cpu': '300m', 'memory': '50Mi'} limits={'cpu': '729m', 'memory': '56Mi'}
[info] Scaling deployment to 0 replicas to force full pod replacement
[ok] All pods terminated (replicas=0)
[info] Scaling deployment back to 73 replicas
[ok] All pods terminated (replicas=0)
[info] Scaling deployment back to 24 replicas
[ok] Rollout completed after scale-to-zero
[verify] newest RS=newdeploy-ml-image-processing-default-8b22-c7f0f2d6d72b-54c4676f58 pods=24 ready=24
[ok] Verified newest ReplicaSet template resources match expected
[ok] Rollout completed after scale-to-zero
[verify] newest RS=newdeploy-ml-object-detection-default-9ecd-2fb10570ca05-5f664b8999 pods=73 ready=73
[ok] Verified newest ReplicaSet template resources match expected
[info] Started Locust with PID 3672795
[info] attempt=1: start sleep for 20s
[info] attempt=1: sleep done
\Start sampling in parallel...
Workflow e2e p99 latency (57 completed in 16.8s, parallel, 8 workers): 9.000s
Average stage latencies:
  - ml-image-processing: 0.095s
  - ml-object-detection: 0.367s
[info] poll_locust_row: failed to load, try again
[info] poll_locust_row: failed to load, try again
[info] total_requests: 969
[info] e2e_latency (p99): 3.800 s
[info] energy_j: 6840.046431 J
[info] served_rps: 56.10 req/s
[info]: start_time: 1767881094.931, end_time: 1767881111.731, duration_s: 16.80 s
[info] energy_cost: 7.058871 J/request
[info] average power: 407.145622 W
[info] Locust stopped
================================================================================
objective      : price
resource_config: [{'cpu_m': 729, 'memory_mi': 56}, {'cpu_m': 3059, 'memory_mi': 504}], latencies: {'ml-image-processing': 0.09523001578278266, 'ml-object-detection': 0.3671388848004146}, price_cost: 208.644154, energy_cost: 7.058871, latency_p99 : 3.800000, feasible: False, total_requests: 969, served_rps: 56.10, total_energy_j: 6840.046431 J, profiling_duration_s: 16.800000s, average_power: 407.145622 W
wall_time_s    : 98.412
================================================================================

Updating function ml-image-processing to cpu: 300m, memory: 60Mi
Updating Deployment resource configuration...

Updating function ml-object-detection to cpu: 5614m, memory: 474Mi
Updating Deployment resource configuration...

[info] Original replicas=24, selector='environmentName=ml-image-processing,environmentNamespace=default,environmentUid=2449fff4-7632-422c-aa00-519fcb194e26,executorType=newdeploy,functionName=ml-image-processing,functionNamespace=default,functionUid=58487e4a-0036-4ccd-8b22-c7f0f2d6d72b'
[info] Original replicas=73, selector='environmentName=yolo,environmentNamespace=default,environmentUid=ced8af41-455b-4081-99aa-1700c0092126,executorType=newdeploy,functionName=ml-object-detection,functionNamespace=default,functionUid=182005a6-ad76-40e9-9ecd-2fb10570ca05'
[ok] Patched Deployment resources
[ok] Patched Deployment resources
[ok] Verified Deployment template resources: requests={'cpu': '300m', 'memory': '50Mi'} limits={'cpu': '300m', 'memory': '60Mi'}
[info] Scaling deployment to 0 replicas to force full pod replacement
[ok] Verified Deployment template resources: requests={'cpu': '1500m', 'memory': '400Mi'} limits={'cpu': '5614m', 'memory': '474Mi'}
[info] Scaling deployment to 0 replicas to force full pod replacement
[ok] All pods terminated (replicas=0)
[info] Scaling deployment back to 24 replicas
[ok] All pods terminated (replicas=0)
[info] Scaling deployment back to 73 replicas
[ok] Deleted HPA newdeploy-ml-object-detection-default-9ecd-2fb10570ca05
[ok] Rollout completed after scale-to-zero
[verify] newest RS=newdeploy-ml-image-processing-default-8b22-c7f0f2d6d72b-586bfc6666 pods=24 ready=24
[ok] Verified newest ReplicaSet template resources match expected
[ok] Rollout completed after scale-to-zero
[verify] newest RS=newdeploy-ml-object-detection-default-9ecd-2fb10570ca05-78b874bd6c pods=73 ready=73
[ok] Verified newest ReplicaSet template resources match expected
[info] Started Locust with PID 3683240
[info] attempt=1: start sleep for 20s
[info] attempt=1: sleep done
\Start sampling in parallel...
Workflow e2e p99 latency (55 completed in 17.0s, parallel, 8 workers): 3.252s
Average stage latencies:
  - ml-image-processing: 0.292s
  - ml-object-detection: 0.158s
[info] poll_locust_row: failed to load, try again
[info] poll_locust_row: failed to load, try again
[info] total_requests: 1032
[info] e2e_latency (p99): 3.400 s
[info] energy_j: 203825.637008 J
[info] served_rps: 57.40 req/s
[info]: start_time: 1767881199.331, end_time: 1767881216.231, duration_s: 16.90 s
[info] energy_cost: 197.505462 J/request
[info] average power: 12060.688682 W
[info] Locust stopped
================================================================================
objective      : price
resource_config: [{'cpu_m': 300, 'memory_mi': 60}, {'cpu_m': 5614, 'memory_mi': 474}], latencies: {'ml-image-processing': 0.29215031872418795, 'ml-object-detection': 0.1582116973671046}, price_cost: 169.959295, energy_cost: 197.505462, latency_p99 : 3.400000, feasible: False, total_requests: 1032, served_rps: 57.40, total_energy_j: 203825.637008 J, profiling_duration_s: 16.900000s, average_power: 12060.688682 W
wall_time_s    : 104.510
================================================================================

Updating function ml-image-processing to cpu: 300m, memory: 59Mi
Updating Deployment resource configuration...

Updating function ml-object-detection to cpu: 5643m, memory: 512Mi
Updating Deployment resource configuration...

[info] Original replicas=73, selector='environmentName=yolo,environmentNamespace=default,environmentUid=ced8af41-455b-4081-99aa-1700c0092126,executorType=newdeploy,functionName=ml-object-detection,functionNamespace=default,functionUid=182005a6-ad76-40e9-9ecd-2fb10570ca05'
[info] Original replicas=24, selector='environmentName=ml-image-processing,environmentNamespace=default,environmentUid=2449fff4-7632-422c-aa00-519fcb194e26,executorType=newdeploy,functionName=ml-image-processing,functionNamespace=default,functionUid=58487e4a-0036-4ccd-8b22-c7f0f2d6d72b'
[ok] Patched Deployment resources
[ok] Patched Deployment resources
[ok] Verified Deployment template resources: requests={'cpu': '300m', 'memory': '50Mi'} limits={'cpu': '300m', 'memory': '59Mi'}
[info] Scaling deployment to 0 replicas to force full pod replacement
[ok] Verified Deployment template resources: requests={'cpu': '1500m', 'memory': '400Mi'} limits={'cpu': '5643m', 'memory': '512Mi'}
[info] Scaling deployment to 0 replicas to force full pod replacement
[ok] All pods terminated (replicas=0)
[info] Scaling deployment back to 24 replicas
[ok] All pods terminated (replicas=0)
[info] Scaling deployment back to 73 replicas
[ok] Rollout completed after scale-to-zero
[verify] newest RS=newdeploy-ml-image-processing-default-8b22-c7f0f2d6d72b-f5c94f7d4 pods=24 ready=24
[ok] Verified newest ReplicaSet template resources match expected
[ok] Rollout completed after scale-to-zero
[verify] newest RS=newdeploy-ml-object-detection-default-9ecd-2fb10570ca05-cc667bcc6 pods=73 ready=73
[ok] Verified newest ReplicaSet template resources match expected
[info] Started Locust with PID 3693267
[info] attempt=1: start sleep for 20s
[info] attempt=1: sleep done
\Start sampling in parallel...
Workflow e2e p99 latency (54 completed in 16.9s, parallel, 8 workers): 3.500s
Average stage latencies:
  - ml-image-processing: 0.308s
  - ml-object-detection: 0.177s
[info] poll_locust_row: failed to load, try again
[info] poll_locust_row: failed to load, try again
[info] total_requests: 963
[info] e2e_latency (p99): 3.000 s
[info] energy_j: 7408.872445 J
[info] served_rps: 55.60 req/s
[info]: start_time: 1767881301.731, end_time: 1767881318.631, duration_s: 16.90 s
[info] energy_cost: 7.693533 J/request
[info] average power: 438.394817 W
[info] Locust stopped
================================================================================
objective      : price
resource_config: [{'cpu_m': 300, 'memory_mi': 59}, {'cpu_m': 5643, 'memory_mi': 512}], latencies: {'ml-image-processing': 0.30847466076482777, 'ml-object-detection': 0.17712360179845105}, price_cost: 190.264116, energy_cost: 7.693533, latency_p99 : 3.000000, feasible: True, total_requests: 963, served_rps: 55.60, total_energy_j: 7408.872445 J, profiling_duration_s: 16.900000s, average_power: 438.394817 W
wall_time_s    : 102.388
================================================================================

================================================================================

Batch  7: best_feasible_cost (random, qNEI) = (191.50186172303393, 174.5205491889315), best_constraint =   0.000 (<=0 feasible), time = 308.76.
Best feasible resource configuration: [{'cpu_m': 300, 'memory_mi': 59}, {'cpu_m': 5730, 'memory_mi': 447}]

================================================================================
/home/cc/miniconda3/envs/faas/lib/python3.10/site-packages/botorch/acquisition/monte_carlo.py:502: NumericsWarning: qNoisyExpectedImprovement has known numerical issues that lead to suboptimal optimization performance. It is strongly recommended to simply replace

	 qNoisyExpectedImprovement 	 --> 	 qLogNoisyExpectedImprovement 

instead, which fixes the issues and has the same API. See https://arxiv.org/abs/2310.20708 for details.
  legacy_ei_numerics_warning(legacy_name=type(self).__name__)
Updating function ml-image-processing to cpu: 301m, memory: 61Mi
Updating Deployment resource configuration...

Updating function ml-object-detection to cpu: 5677m, memory: 450Mi
Updating Deployment resource configuration...

[info] Original replicas=24, selector='environmentName=ml-image-processing,environmentNamespace=default,environmentUid=2449fff4-7632-422c-aa00-519fcb194e26,executorType=newdeploy,functionName=ml-image-processing,functionNamespace=default,functionUid=58487e4a-0036-4ccd-8b22-c7f0f2d6d72b'
[info] Original replicas=73, selector='environmentName=yolo,environmentNamespace=default,environmentUid=ced8af41-455b-4081-99aa-1700c0092126,executorType=newdeploy,functionName=ml-object-detection,functionNamespace=default,functionUid=182005a6-ad76-40e9-9ecd-2fb10570ca05'
[ok] Patched Deployment resources
[ok] Patched Deployment resources
[ok] Verified Deployment template resources: requests={'cpu': '1500m', 'memory': '400Mi'} limits={'cpu': '5677m', 'memory': '450Mi'}
[info] Scaling deployment to 0 replicas to force full pod replacement
[ok] Verified Deployment template resources: requests={'cpu': '300m', 'memory': '50Mi'} limits={'cpu': '301m', 'memory': '61Mi'}
[info] Scaling deployment to 0 replicas to force full pod replacement
[ok] All pods terminated (replicas=0)
[info] Scaling deployment back to 24 replicas
[ok] All pods terminated (replicas=0)
[info] Scaling deployment back to 73 replicas
[ok] Rollout completed after scale-to-zero
[verify] newest RS=newdeploy-ml-image-processing-default-8b22-c7f0f2d6d72b-588f5fcbf pods=24 ready=24
[ok] Verified newest ReplicaSet template resources match expected
[ok] Rollout completed after scale-to-zero
[verify] newest RS=newdeploy-ml-object-detection-default-9ecd-2fb10570ca05-5cdc7b575b pods=73 ready=73
[ok] Verified newest ReplicaSet template resources match expected
[info] Started Locust with PID 3704037
[info] attempt=1: start sleep for 20s
[info] attempt=1: sleep done
\Start sampling in parallel...
Workflow e2e p99 latency (57 completed in 18.1s, parallel, 8 workers): 3.448s
Average stage latencies:
  - ml-image-processing: 0.290s
  - ml-object-detection: 0.170s
[info] total_requests: 1051
[info] e2e_latency (p99): 3.500 s
[info] energy_j: 7951.657859 J
[info] served_rps: 58.50 req/s
[info]: start_time: 1767881411.431, end_time: 1767881429.431, duration_s: 18.00 s
[info] energy_cost: 7.565802 J/request
[info] average power: 441.758770 W
[info] Locust stopped
================================================================================
objective      : price
resource_config: [{'cpu_m': 301, 'memory_mi': 61}, {'cpu_m': 5677, 'memory_mi': 450}], latencies: {'ml-image-processing': 0.29047981976417075, 'ml-object-detection': 0.17005329780084522}, price_cost: 183.298263, energy_cost: 7.565802, latency_p99 : 3.500000, feasible: False, total_requests: 1051, served_rps: 58.50, total_energy_j: 7951.657859 J, profiling_duration_s: 18.000000s, average_power: 441.758770 W
wall_time_s    : 108.486
================================================================================

Updating function ml-image-processing to cpu: 789m, memory: 55Mi
Updating Deployment resource configuration...

Updating function ml-object-detection to cpu: 2387m, memory: 497Mi
Updating Deployment resource configuration...

[info] Original replicas=73, selector='environmentName=yolo,environmentNamespace=default,environmentUid=ced8af41-455b-4081-99aa-1700c0092126,executorType=newdeploy,functionName=ml-object-detection,functionNamespace=default,functionUid=182005a6-ad76-40e9-9ecd-2fb10570ca05'
[info] Original replicas=24, selector='environmentName=ml-image-processing,environmentNamespace=default,environmentUid=2449fff4-7632-422c-aa00-519fcb194e26,executorType=newdeploy,functionName=ml-image-processing,functionNamespace=default,functionUid=58487e4a-0036-4ccd-8b22-c7f0f2d6d72b'
[ok] Patched Deployment resources
[ok] Patched Deployment resources
[ok] Verified Deployment template resources: requests={'cpu': '1500m', 'memory': '400Mi'} limits={'cpu': '2387m', 'memory': '497Mi'}
[info] Scaling deployment to 0 replicas to force full pod replacement
[ok] Verified Deployment template resources: requests={'cpu': '300m', 'memory': '50Mi'} limits={'cpu': '789m', 'memory': '55Mi'}
[info] Scaling deployment to 0 replicas to force full pod replacement
[ok] All pods terminated (replicas=0)
[info] Scaling deployment back to 24 replicas
[ok] All pods terminated (replicas=0)
[info] Scaling deployment back to 73 replicas
[ok] Rollout completed after scale-to-zero
[verify] newest RS=newdeploy-ml-image-processing-default-8b22-c7f0f2d6d72b-786f4cf65c pods=24 ready=24
[ok] Verified newest ReplicaSet template resources match expected
[ok] Rollout completed after scale-to-zero
[verify] newest RS=newdeploy-ml-object-detection-default-9ecd-2fb10570ca05-664cc5c5dc pods=73 ready=73
[ok] Verified newest ReplicaSet template resources match expected
[info] Started Locust with PID 3714263
[info] attempt=1: start sleep for 20s
[info] attempt=1: sleep done
\Start sampling in parallel...
Workflow e2e p99 latency (45 completed in 21.7s, parallel, 8 workers): 9.000s
Average stage latencies:
  - ml-image-processing: 0.090s
  - ml-object-detection: 0.482s
[info] poll_locust_row: failed to load, try again
[info] poll_locust_row: failed to load, try again
[info] total_requests: 1019
[info] e2e_latency (p99): 3.900 s
[info] energy_j: 7948.385401 J
[info] served_rps: 47.30 req/s
[info]: start_time: 1767881517.031, end_time: 1767881538.731, duration_s: 21.70 s
[info] energy_cost: 7.800182 J/request
[info] average power: 366.285041 W
[info] Locust stopped
================================================================================
objective      : price
resource_config: [{'cpu_m': 789, 'memory_mi': 55}, {'cpu_m': 2387, 'memory_mi': 497}], latencies: {'ml-image-processing': 0.09027546304943306, 'ml-object-detection': 0.4818627072099064}, price_cost: 214.314763, energy_cost: 7.800182, latency_p99 : 3.900000, feasible: False, total_requests: 1019, served_rps: 47.30, total_energy_j: 7948.385401 J, profiling_duration_s: 21.700000s, average_power: 366.285041 W
wall_time_s    : 110.268
================================================================================

Updating function ml-image-processing to cpu: 663m, memory: 67Mi
Updating Deployment resource configuration...

Updating function ml-object-detection to cpu: 4699m, memory: 464Mi
Updating Deployment resource configuration...

[info] Original replicas=24, selector='environmentName=ml-image-processing,environmentNamespace=default,environmentUid=2449fff4-7632-422c-aa00-519fcb194e26,executorType=newdeploy,functionName=ml-image-processing,functionNamespace=default,functionUid=58487e4a-0036-4ccd-8b22-c7f0f2d6d72b'
[info] Original replicas=73, selector='environmentName=yolo,environmentNamespace=default,environmentUid=ced8af41-455b-4081-99aa-1700c0092126,executorType=newdeploy,functionName=ml-object-detection,functionNamespace=default,functionUid=182005a6-ad76-40e9-9ecd-2fb10570ca05'
[ok] Patched Deployment resources
[ok] Patched Deployment resources
[ok] Verified Deployment template resources: requests={'cpu': '1500m', 'memory': '400Mi'} limits={'cpu': '4699m', 'memory': '464Mi'}
[info] Scaling deployment to 0 replicas to force full pod replacement
[ok] Verified Deployment template resources: requests={'cpu': '300m', 'memory': '50Mi'} limits={'cpu': '663m', 'memory': '67Mi'}
[info] Scaling deployment to 0 replicas to force full pod replacement
[ok] All pods terminated (replicas=0)
[info] Scaling deployment back to 24 replicas
[ok] All pods terminated (replicas=0)
[info] Scaling deployment back to 73 replicas
[ok] Deleted HPA newdeploy-ml-object-detection-default-9ecd-2fb10570ca05
[ok] Rollout completed after scale-to-zero
[verify] newest RS=newdeploy-ml-image-processing-default-8b22-c7f0f2d6d72b-6885f75568 pods=24 ready=24
[ok] Verified newest ReplicaSet template resources match expected
[ok] Rollout completed after scale-to-zero
[verify] newest RS=newdeploy-ml-object-detection-default-9ecd-2fb10570ca05-865b78554d pods=73 ready=73
[ok] Verified newest ReplicaSet template resources match expected
[info] Started Locust with PID 3724564
[info] attempt=1: start sleep for 20s
[info] attempt=1: sleep done
\Start sampling in parallel...
Workflow e2e p99 latency (68 completed in 16.5s, parallel, 8 workers): 9.000s
Average stage latencies:
  - ml-image-processing: 0.127s
  - ml-object-detection: 0.223s
[info] poll_locust_row: failed to load, try again
[info] poll_locust_row: failed to load, try again
[info] poll_locust_row: failed to load, try again
[info] total_requests: 1243
[info] e2e_latency (p99): 3.800 s
[info] energy_j: 7958.122747 J
[info] served_rps: 67.70 req/s
[info]: start_time: 1767881629.731, end_time: 1767881646.231, duration_s: 16.50 s
[info] energy_cost: 6.402351 J/request
[info] average power: 482.310470 W
[info] Locust stopped
================================================================================
objective      : price
resource_config: [{'cpu_m': 663, 'memory_mi': 67}, {'cpu_m': 4699, 'memory_mi': 464}], latencies: {'ml-image-processing': 0.1270854298734287, 'ml-object-detection': 0.2225977434470916}, price_cost: 196.907428, energy_cost: 6.402351, latency_p99 : 3.800000, feasible: False, total_requests: 1243, served_rps: 67.70, total_energy_j: 7958.122747 J, profiling_duration_s: 16.500000s, average_power: 482.310470 W
wall_time_s    : 108.043
================================================================================

================================================================================

Batch  8: best_feasible_cost (random, qNEI) = (191.50186172303393, 174.5205491889315), best_constraint =   0.000 (<=0 feasible), time = 328.07.
Best feasible resource configuration: [{'cpu_m': 300, 'memory_mi': 59}, {'cpu_m': 5730, 'memory_mi': 447}]

================================================================================
/home/cc/miniconda3/envs/faas/lib/python3.10/site-packages/botorch/acquisition/monte_carlo.py:502: NumericsWarning: qNoisyExpectedImprovement has known numerical issues that lead to suboptimal optimization performance. It is strongly recommended to simply replace

	 qNoisyExpectedImprovement 	 --> 	 qLogNoisyExpectedImprovement 

instead, which fixes the issues and has the same API. See https://arxiv.org/abs/2310.20708 for details.
  legacy_ei_numerics_warning(legacy_name=type(self).__name__)
Updating function ml-image-processing to cpu: 436m, memory: 65Mi
Updating Deployment resource configuration...

Updating function ml-object-detection to cpu: 5780m, memory: 441Mi
Updating Deployment resource configuration...

[info] Original replicas=24, selector='environmentName=ml-image-processing,environmentNamespace=default,environmentUid=2449fff4-7632-422c-aa00-519fcb194e26,executorType=newdeploy,functionName=ml-image-processing,functionNamespace=default,functionUid=58487e4a-0036-4ccd-8b22-c7f0f2d6d72b'
[info] Original replicas=73, selector='environmentName=yolo,environmentNamespace=default,environmentUid=ced8af41-455b-4081-99aa-1700c0092126,executorType=newdeploy,functionName=ml-object-detection,functionNamespace=default,functionUid=182005a6-ad76-40e9-9ecd-2fb10570ca05'
[ok] Patched Deployment resources
[ok] Patched Deployment resources
[ok] Verified Deployment template resources: requests={'cpu': '1500m', 'memory': '400Mi'} limits={'cpu': '5780m', 'memory': '441Mi'}
[info] Scaling deployment to 0 replicas to force full pod replacement
[ok] Verified Deployment template resources: requests={'cpu': '300m', 'memory': '50Mi'} limits={'cpu': '436m', 'memory': '65Mi'}
[info] Scaling deployment to 0 replicas to force full pod replacement
[ok] All pods terminated (replicas=0)
[info] Scaling deployment back to 24 replicas
[ok] All pods terminated (replicas=0)
[info] Scaling deployment back to 73 replicas
[ok] Rollout completed after scale-to-zero
[verify] newest RS=newdeploy-ml-image-processing-default-8b22-c7f0f2d6d72b-75bc85667c pods=24 ready=24
[ok] Verified newest ReplicaSet template resources match expected
[ok] Rollout completed after scale-to-zero
[verify] newest RS=newdeploy-ml-object-detection-default-9ecd-2fb10570ca05-7857f95797 pods=73 ready=73
[ok] Verified newest ReplicaSet template resources match expected
[info] Started Locust with PID 3734857
[info] attempt=1: start sleep for 20s
[info] attempt=1: sleep done
\Start sampling in parallel...
Workflow e2e p99 latency (65 completed in 17.4s, parallel, 8 workers): 2.037s
Average stage latencies:
  - ml-image-processing: 0.216s
  - ml-object-detection: 0.183s
[info] poll_locust_row: failed to load, try again
[info] total_requests: 1219
[info] e2e_latency (p99): 2.200 s
[info] energy_j: 8362.986033 J
[info] served_rps: 67.80 req/s
[info]: start_time: 1767881735.931, end_time: 1767881753.431, duration_s: 17.50 s
[info] energy_cost: 6.860530 J/request
[info] average power: 477.884916 W
[info] Locust stopped
================================================================================
objective      : price
resource_config: [{'cpu_m': 436, 'memory_mi': 65}, {'cpu_m': 5780, 'memory_mi': 441}], latencies: {'ml-image-processing': 0.21636738985633622, 'ml-object-detection': 0.182866670914854}, price_cost: 200.340768, energy_cost: 6.860530, latency_p99 : 2.200000, feasible: True, total_requests: 1219, served_rps: 67.80, total_energy_j: 8362.986033 J, profiling_duration_s: 17.500000s, average_power: 477.884916 W
wall_time_s    : 103.226
================================================================================

Updating function ml-image-processing to cpu: 304m, memory: 58Mi
Updating Deployment resource configuration...

Updating function ml-object-detection to cpu: 5748m, memory: 445Mi
Updating Deployment resource configuration...

[info] Original replicas=24, selector='environmentName=ml-image-processing,environmentNamespace=default,environmentUid=2449fff4-7632-422c-aa00-519fcb194e26,executorType=newdeploy,functionName=ml-image-processing,functionNamespace=default,functionUid=58487e4a-0036-4ccd-8b22-c7f0f2d6d72b'
[info] Original replicas=73, selector='environmentName=yolo,environmentNamespace=default,environmentUid=ced8af41-455b-4081-99aa-1700c0092126,executorType=newdeploy,functionName=ml-object-detection,functionNamespace=default,functionUid=182005a6-ad76-40e9-9ecd-2fb10570ca05'
[ok] Patched Deployment resources
[ok] Patched Deployment resources
[ok] Verified Deployment template resources: requests={'cpu': '300m', 'memory': '50Mi'} limits={'cpu': '304m', 'memory': '58Mi'}
[info] Scaling deployment to 0 replicas to force full pod replacement
[ok] Verified Deployment template resources: requests={'cpu': '1500m', 'memory': '400Mi'} limits={'cpu': '5748m', 'memory': '445Mi'}
[info] Scaling deployment to 0 replicas to force full pod replacement
[ok] All pods terminated (replicas=0)
[info] Scaling deployment back to 24 replicas
[ok] All pods terminated (replicas=0)
[info] Scaling deployment back to 73 replicas
[ok] Rollout completed after scale-to-zero
[verify] newest RS=newdeploy-ml-image-processing-default-8b22-c7f0f2d6d72b-5b95f8d76b pods=24 ready=24
[ok] Verified newest ReplicaSet template resources match expected
[ok] Rollout completed after scale-to-zero
[verify] newest RS=newdeploy-ml-object-detection-default-9ecd-2fb10570ca05-6c4b65f8bb pods=73 ready=73
[ok] Verified newest ReplicaSet template resources match expected
[info] Started Locust with PID 3744819
[info] attempt=1: start sleep for 20s
[info] attempt=1: sleep done
\Start sampling in parallel...
Workflow e2e p99 latency (58 completed in 17.1s, parallel, 8 workers): 3.734s
Average stage latencies:
  - ml-image-processing: 0.291s
  - ml-object-detection: 0.165s
[info] poll_locust_row: failed to load, try again
[info] total_requests: 1005
[info] e2e_latency (p99): 4.200 s
[info] energy_j: 7417.625918 J
[info] served_rps: 55.90 req/s
[info]: start_time: 1767881842.331, end_time: 1767881859.331, duration_s: 17.00 s
[info] energy_cost: 7.380722 J/request
[info] average power: 436.330936 W
[info] Locust stopped
================================================================================
objective      : price
resource_config: [{'cpu_m': 304, 'memory_mi': 58}, {'cpu_m': 5748, 'memory_mi': 445}], latencies: {'ml-image-processing': 0.2914514654990414, 'ml-object-detection': 0.1651509768281389}, price_cost: 180.666683, energy_cost: 7.380722, latency_p99 : 4.200000, feasible: False, total_requests: 1005, served_rps: 55.90, total_energy_j: 7417.625918 J, profiling_duration_s: 17.000000s, average_power: 436.330936 W
wall_time_s    : 105.980
================================================================================

Updating function ml-image-processing to cpu: 372m, memory: 60Mi
Updating Deployment resource configuration...

Updating function ml-object-detection to cpu: 3231m, memory: 480Mi
Updating Deployment resource configuration...

[info] Original replicas=24, selector='environmentName=ml-image-processing,environmentNamespace=default,environmentUid=2449fff4-7632-422c-aa00-519fcb194e26,executorType=newdeploy,functionName=ml-image-processing,functionNamespace=default,functionUid=58487e4a-0036-4ccd-8b22-c7f0f2d6d72b'
[info] Original replicas=73, selector='environmentName=yolo,environmentNamespace=default,environmentUid=ced8af41-455b-4081-99aa-1700c0092126,executorType=newdeploy,functionName=ml-object-detection,functionNamespace=default,functionUid=182005a6-ad76-40e9-9ecd-2fb10570ca05'
[ok] Patched Deployment resources
[ok] Verified Deployment template resources: requests={'cpu': '300m', 'memory': '50Mi'} limits={'cpu': '372m', 'memory': '60Mi'}
[info] Scaling deployment to 0 replicas to force full pod replacement
[ok] Patched Deployment resources
[ok] Verified Deployment template resources: requests={'cpu': '1500m', 'memory': '400Mi'} limits={'cpu': '3231m', 'memory': '480Mi'}
[info] Scaling deployment to 0 replicas to force full pod replacement
[ok] All pods terminated (replicas=0)
[info] Scaling deployment back to 24 replicas
[ok] All pods terminated (replicas=0)
[info] Scaling deployment back to 73 replicas
[ok] Rollout completed after scale-to-zero
[verify] newest RS=newdeploy-ml-image-processing-default-8b22-c7f0f2d6d72b-6ff84555b8 pods=24 ready=24
[ok] Verified newest ReplicaSet template resources match expected
[ok] Rollout completed after scale-to-zero
[verify] newest RS=newdeploy-ml-object-detection-default-9ecd-2fb10570ca05-658957b64f pods=73 ready=73
[ok] Verified newest ReplicaSet template resources match expected
[info] Started Locust with PID 3755141
[info] attempt=1: start sleep for 20s
[info] attempt=1: sleep done
\Start sampling in parallel...
Workflow e2e p99 latency (52 completed in 18.0s, parallel, 8 workers): 9.000s
Average stage latencies:
  - ml-image-processing: 0.229s
  - ml-object-detection: 0.344s
[info] total_requests: 940
[info] e2e_latency (p99): 4.500 s
[info] energy_j: 7394.483230 J
[info] served_rps: 52.90 req/s
[info]: start_time: 1767881950.231, end_time: 1767881968.331, duration_s: 18.10 s
[info] energy_cost: 7.866472 J/request
[info] average power: 408.534982 W
[info] Locust stopped
================================================================================
objective      : price
resource_config: [{'cpu_m': 372, 'memory_mi': 60}, {'cpu_m': 3231, 'memory_mi': 480}], latencies: {'ml-image-processing': 0.22926620916126572, 'ml-object-detection': 0.34449864685178755}, price_cost: 209.519772, energy_cost: 7.866472, latency_p99 : 4.500000, feasible: False, total_requests: 940, served_rps: 52.90, total_energy_j: 7394.483230 J, profiling_duration_s: 18.100000s, average_power: 408.534982 W
wall_time_s    : 108.398
================================================================================

================================================================================

Batch  9: best_feasible_cost (random, qNEI) = (191.50186172303393, 174.5205491889315), best_constraint =   0.000 (<=0 feasible), time = 320.52.
Best feasible resource configuration: [{'cpu_m': 300, 'memory_mi': 59}, {'cpu_m': 5730, 'memory_mi': 447}]

================================================================================
/home/cc/miniconda3/envs/faas/lib/python3.10/site-packages/botorch/acquisition/monte_carlo.py:502: NumericsWarning: qNoisyExpectedImprovement has known numerical issues that lead to suboptimal optimization performance. It is strongly recommended to simply replace

	 qNoisyExpectedImprovement 	 --> 	 qLogNoisyExpectedImprovement 

instead, which fixes the issues and has the same API. See https://arxiv.org/abs/2310.20708 for details.
  legacy_ei_numerics_warning(legacy_name=type(self).__name__)
Updating function ml-image-processing to cpu: 795m, memory: 69Mi
Updating Deployment resource configuration...

Updating function ml-object-detection to cpu: 2560m, memory: 469Mi
Updating Deployment resource configuration...

[info] Original replicas=73, selector='environmentName=yolo,environmentNamespace=default,environmentUid=ced8af41-455b-4081-99aa-1700c0092126,executorType=newdeploy,functionName=ml-object-detection,functionNamespace=default,functionUid=182005a6-ad76-40e9-9ecd-2fb10570ca05'
[info] Original replicas=24, selector='environmentName=ml-image-processing,environmentNamespace=default,environmentUid=2449fff4-7632-422c-aa00-519fcb194e26,executorType=newdeploy,functionName=ml-image-processing,functionNamespace=default,functionUid=58487e4a-0036-4ccd-8b22-c7f0f2d6d72b'
[ok] Patched Deployment resources
[ok] Patched Deployment resources
[ok] Verified Deployment template resources: requests={'cpu': '300m', 'memory': '50Mi'} limits={'cpu': '795m', 'memory': '69Mi'}
[info] Scaling deployment to 0 replicas to force full pod replacement
[ok] Verified Deployment template resources: requests={'cpu': '1500m', 'memory': '400Mi'} limits={'cpu': '2560m', 'memory': '469Mi'}
[info] Scaling deployment to 0 replicas to force full pod replacement
[ok] All pods terminated (replicas=0)
[info] Scaling deployment back to 24 replicas
[ok] All pods terminated (replicas=0)
[info] Scaling deployment back to 73 replicas
[ok] Rollout completed after scale-to-zero
[verify] newest RS=newdeploy-ml-image-processing-default-8b22-c7f0f2d6d72b-5cbbc564c9 pods=24 ready=24
[ok] Verified newest ReplicaSet template resources match expected
[ok] Rollout completed after scale-to-zero
[verify] newest RS=newdeploy-ml-object-detection-default-9ecd-2fb10570ca05-69f94c7476 pods=73 ready=73
[ok] Verified newest ReplicaSet template resources match expected
[info] Started Locust with PID 3769036
[info] attempt=1: start sleep for 20s
[info] attempt=1: sleep done
\Start sampling in parallel...
Workflow e2e p99 latency (32 completed in 21.5s, parallel, 8 workers): 9.000s
Average stage latencies:
  - ml-image-processing: 0.097s
  - ml-object-detection: 0.458s
[info] poll_locust_row: failed to load, try again
[info] poll_locust_row: failed to load, try again
[info] poll_locust_row: failed to load, try again
[info] total_requests: 1056
[info] e2e_latency (p99): 3.800 s
[info] energy_j: 8100.541000 J
[info] served_rps: 49.50 req/s
[info]: start_time: 1767882058.931, end_time: 1767882080.431, duration_s: 21.50 s
[info] energy_cost: 7.670967 J/request
[info] average power: 376.769349 W
[info] Locust stopped
================================================================================
objective      : price
resource_config: [{'cpu_m': 795, 'memory_mi': 69}, {'cpu_m': 2560, 'memory_mi': 469}], latencies: {'ml-image-processing': 0.0967235359052817, 'ml-object-detection': 0.45751854553818705}, price_cost: 218.650061, energy_cost: 7.670967, latency_p99 : 3.800000, feasible: False, total_requests: 1056, served_rps: 49.50, total_energy_j: 8100.541000 J, profiling_duration_s: 21.500000s, average_power: 376.769349 W
wall_time_s    : 108.525
================================================================================

Updating function ml-image-processing to cpu: 346m, memory: 61Mi
Updating Deployment resource configuration...

Updating function ml-object-detection to cpu: 5696m, memory: 470Mi
Updating Deployment resource configuration...

[info] Original replicas=24, selector='environmentName=ml-image-processing,environmentNamespace=default,environmentUid=2449fff4-7632-422c-aa00-519fcb194e26,executorType=newdeploy,functionName=ml-image-processing,functionNamespace=default,functionUid=58487e4a-0036-4ccd-8b22-c7f0f2d6d72b'
[info] Original replicas=73, selector='environmentName=yolo,environmentNamespace=default,environmentUid=ced8af41-455b-4081-99aa-1700c0092126,executorType=newdeploy,functionName=ml-object-detection,functionNamespace=default,functionUid=182005a6-ad76-40e9-9ecd-2fb10570ca05'
[ok] Patched Deployment resources
[ok] Patched Deployment resources
[ok] Verified Deployment template resources: requests={'cpu': '1500m', 'memory': '400Mi'} limits={'cpu': '5696m', 'memory': '470Mi'}
[info] Scaling deployment to 0 replicas to force full pod replacement
[ok] Verified Deployment template resources: requests={'cpu': '300m', 'memory': '50Mi'} limits={'cpu': '346m', 'memory': '61Mi'}
[info] Scaling deployment to 0 replicas to force full pod replacement
[ok] All pods terminated (replicas=0)
[info] Scaling deployment back to 24 replicas
[ok] All pods terminated (replicas=0)
[info] Scaling deployment back to 73 replicas
[ok] Deleted HPA newdeploy-ml-object-detection-default-9ecd-2fb10570ca05
[ok] Rollout completed after scale-to-zero
[verify] newest RS=newdeploy-ml-image-processing-default-8b22-c7f0f2d6d72b-9998df6c5 pods=24 ready=24
[ok] Verified newest ReplicaSet template resources match expected
[ok] Rollout completed after scale-to-zero
[verify] newest RS=newdeploy-ml-object-detection-default-9ecd-2fb10570ca05-5dc65f485f pods=73 ready=73
[ok] Verified newest ReplicaSet template resources match expected
[info] Started Locust with PID 3779669
[info] attempt=1: start sleep for 20s
[info] attempt=1: sleep done
\Start sampling in parallel...
Workflow e2e p99 latency (64 completed in 17.2s, parallel, 8 workers): 2.697s
Average stage latencies:
  - ml-image-processing: 0.248s
  - ml-object-detection: 0.171s
[info] poll_locust_row: failed to load, try again
[info] total_requests: 1101
[info] e2e_latency (p99): 2.900 s
[info] energy_j: 7804.666272 J
[info] served_rps: 60.40 req/s
[info]: start_time: 1767882172.031, end_time: 1767882189.331, duration_s: 17.30 s
[info] energy_cost: 7.088707 J/request
[info] average power: 451.136774 W
[info] Locust stopped
================================================================================
objective      : price
resource_config: [{'cpu_m': 346, 'memory_mi': 61}, {'cpu_m': 5696, 'memory_mi': 470}], latencies: {'ml-image-processing': 0.24759270437789382, 'ml-object-detection': 0.17144858232495608}, price_cost: 184.944122, energy_cost: 7.088707, latency_p99 : 2.900000, feasible: True, total_requests: 1101, served_rps: 60.40, total_energy_j: 7804.666272 J, profiling_duration_s: 17.300000s, average_power: 451.136774 W
wall_time_s    : 107.901
================================================================================

Updating function ml-image-processing to cpu: 330m, memory: 63Mi
Updating Deployment resource configuration...

Updating function ml-object-detection to cpu: 5745m, memory: 430Mi
Updating Deployment resource configuration...

[info] Original replicas=24, selector='environmentName=ml-image-processing,environmentNamespace=default,environmentUid=2449fff4-7632-422c-aa00-519fcb194e26,executorType=newdeploy,functionName=ml-image-processing,functionNamespace=default,functionUid=58487e4a-0036-4ccd-8b22-c7f0f2d6d72b'
[info] Original replicas=73, selector='environmentName=yolo,environmentNamespace=default,environmentUid=ced8af41-455b-4081-99aa-1700c0092126,executorType=newdeploy,functionName=ml-object-detection,functionNamespace=default,functionUid=182005a6-ad76-40e9-9ecd-2fb10570ca05'
[ok] Patched Deployment resources
[ok] Patched Deployment resources
[ok] Verified Deployment template resources: requests={'cpu': '300m', 'memory': '50Mi'} limits={'cpu': '330m', 'memory': '63Mi'}
[info] Scaling deployment to 0 replicas to force full pod replacement
[ok] Verified Deployment template resources: requests={'cpu': '1500m', 'memory': '400Mi'} limits={'cpu': '5745m', 'memory': '430Mi'}
[info] Scaling deployment to 0 replicas to force full pod replacement
[ok] All pods terminated (replicas=0)
[info] Scaling deployment back to 24 replicas
[ok] All pods terminated (replicas=0)
[info] Scaling deployment back to 73 replicas
[ok] Rollout completed after scale-to-zero
[verify] newest RS=newdeploy-ml-image-processing-default-8b22-c7f0f2d6d72b-5b8dcc9784 pods=24 ready=24
[ok] Verified newest ReplicaSet template resources match expected
[ok] Rollout completed after scale-to-zero
[verify] newest RS=newdeploy-ml-object-detection-default-9ecd-2fb10570ca05-7c5967f7d6 pods=73 ready=73
[ok] Verified newest ReplicaSet template resources match expected
[info] Started Locust with PID 3789649
[info] attempt=1: start sleep for 20s
[info] attempt=1: sleep done
\Start sampling in parallel...
Workflow e2e p99 latency (60 completed in 17.1s, parallel, 8 workers): 3.095s
Average stage latencies:
  - ml-image-processing: 0.271s
  - ml-object-detection: 0.178s
[info] poll_locust_row: failed to load, try again
[info] poll_locust_row: failed to load, try again
[info] total_requests: 1035
[info] e2e_latency (p99): 2.900 s
[info] energy_j: 7573.992677 J
[info] served_rps: 56.60 req/s
[info]: start_time: 1767882272.131, end_time: 1767882289.131, duration_s: 17.00 s
[info] energy_cost: 7.317867 J/request
[info] average power: 445.528981 W
[info] Locust stopped
================================================================================
objective      : price
resource_config: [{'cpu_m': 330, 'memory_mi': 63}, {'cpu_m': 5745, 'memory_mi': 430}], latencies: {'ml-image-processing': 0.2706227544384698, 'ml-object-detection': 0.17794653296781082}, price_cost: 193.459108, energy_cost: 7.317867, latency_p99 : 2.900000, feasible: True, total_requests: 1035, served_rps: 56.60, total_energy_j: 7573.992677 J, profiling_duration_s: 17.000000s, average_power: 445.528981 W
wall_time_s    : 100.356
================================================================================

================================================================================

Batch 10: best_feasible_cost (random, qNEI) = (191.50186172303393, 174.5205491889315), best_constraint =   0.000 (<=0 feasible), time = 321.90.
Best feasible resource configuration: [{'cpu_m': 300, 'memory_mi': 59}, {'cpu_m': 5730, 'memory_mi': 447}]

================================================================================
BO loop time: 4333.08 seconds
Best cost: 174.5205491889315
Best resource configuration: [{'cpu_m': 300, 'memory_mi': 59}, {'cpu_m': 5730, 'memory_mi': 447}]

========================================
Energy
drwxrwxr-x 2 cc cc   4096 Jan  8 03:14 __pycache__
-rw-rw-r-- 1 cc cc  21743 Jan  8 00:11 bayesian_optimization.py
drwxrwxr-x 2 cc cc   4096 Jan  5 15:43 bo_outputs_copy
-rw-rw-r-- 1 cc cc  22474 Jan  8 02:32 bo_utils.py
-rw-rw-r-- 1 cc cc  12286 Jan  5 01:06 check_result.py
-rw-rw-r-- 1 cc cc   7349 Jan  5 15:31 compute_stat.py
-rw-rw-r-- 1 cc cc   6640 Jan  5 15:43 compute_trade_off.py
-rw-rw-r-- 1 cc cc   1438 Jan  5 14:32 config.py
-rw-rw-r-- 1 cc cc   4370 Jan  8 00:11 manager.py
-rw-rw-r-- 1 cc cc   9045 Dec 16 05:41 original-bayesian_optimization.py
-rw-rw-r-- 1 cc cc  11668 Jan  5 15:23 original_bo_results_price_20260105_051239 copy.json
-rw-rw-r-- 1 cc cc   2423 Jan  3 19:23 pods_mapping.py
-rw-rw-r-- 1 cc cc  21769 Jan  7 06:31 power_service.py
-rw-rw-r-- 1 cc cc   1736 Jan  7 00:16 temp.py

IS_ENERGY: True
[info] batch_size: 3, initial_points: 10, n_batch: 10
No checkpoint found, starting fresh BO run.
Updating function ml-image-processing to cpu: 527m, memory: 67Mi
Updating Deployment resource configuration...

Updating function ml-object-detection to cpu: 1879m, memory: 473Mi
Updating Deployment resource configuration...

[info] Original replicas=24, selector='environmentName=ml-image-processing,environmentNamespace=default,environmentUid=2449fff4-7632-422c-aa00-519fcb194e26,executorType=newdeploy,functionName=ml-image-processing,functionNamespace=default,functionUid=58487e4a-0036-4ccd-8b22-c7f0f2d6d72b'
[ok] Patched Deployment resources
[info] Original replicas=73, selector='environmentName=yolo,environmentNamespace=default,environmentUid=ced8af41-455b-4081-99aa-1700c0092126,executorType=newdeploy,functionName=ml-object-detection,functionNamespace=default,functionUid=182005a6-ad76-40e9-9ecd-2fb10570ca05'
[ok] Patched Deployment resources
[ok] Verified Deployment template resources: requests={'cpu': '300m', 'memory': '50Mi'} limits={'cpu': '527m', 'memory': '67Mi'}
[info] Scaling deployment to 0 replicas to force full pod replacement
[ok] Verified Deployment template resources: requests={'cpu': '1500m', 'memory': '400Mi'} limits={'cpu': '1879m', 'memory': '473Mi'}
[info] Scaling deployment to 0 replicas to force full pod replacement
[ok] All pods terminated (replicas=0)
[info] Scaling deployment back to 24 replicas
[ok] All pods terminated (replicas=0)
[info] Scaling deployment back to 73 replicas
[ok] Rollout completed after scale-to-zero
[verify] newest RS=newdeploy-ml-image-processing-default-8b22-c7f0f2d6d72b-6ffb965b66 pods=24 ready=24
[ok] Verified newest ReplicaSet template resources match expected
[ok] Rollout completed after scale-to-zero
[verify] newest RS=newdeploy-ml-object-detection-default-9ecd-2fb10570ca05-67fddd77f9 pods=73 ready=73
[ok] Verified newest ReplicaSet template resources match expected
[info] Started Locust with PID 3800483
[info] attempt=1: start sleep for 20s
[info] attempt=1: sleep done
\Start sampling in parallel...
Workflow e2e p99 latency (25 completed in 21.6s, parallel, 8 workers): 9.000s
Average stage latencies:
  - ml-image-processing: 0.124s
  - ml-object-detection: 0.626s
[info] poll_locust_row: failed to load, try again
[info] poll_locust_row: failed to load, try again
[info] poll_locust_row: failed to load, try again
[info] total_requests: 872
[info] e2e_latency (p99): 3.900 s
[info] energy_j: 7105.349321 J
[info] served_rps: 39.90 req/s
[info]: start_time: 1767882382.931, end_time: 1767882404.531, duration_s: 21.60 s
[info] energy_cost: 8.148336 J/request
[info] average power: 328.951359 W
[info] Locust stopped
================================================================================
objective      : energy
resource_config: [{'cpu_m': 527, 'memory_mi': 67}, {'cpu_m': 1879, 'memory_mi': 473}], latencies: {'ml-image-processing': 0.12435672711580992, 'ml-object-detection': 0.6264884351597478}, price_cost: 218.735773, energy_cost: 8.148336, latency_p99 : 3.900000, feasible: False, total_requests: 872, served_rps: 39.90, total_energy_j: 7105.349321 J, profiling_duration_s: 21.600000s, average_power: 328.951359 W
wall_time_s    : 112.681
================================================================================

Updating function ml-image-processing to cpu: 473m, memory: 63Mi
Updating Deployment resource configuration...

Updating function ml-object-detection to cpu: 2383m, memory: 414Mi
Updating Deployment resource configuration...

[info] Original replicas=24, selector='environmentName=ml-image-processing,environmentNamespace=default,environmentUid=2449fff4-7632-422c-aa00-519fcb194e26,executorType=newdeploy,functionName=ml-image-processing,functionNamespace=default,functionUid=58487e4a-0036-4ccd-8b22-c7f0f2d6d72b'
[info] Original replicas=73, selector='environmentName=yolo,environmentNamespace=default,environmentUid=ced8af41-455b-4081-99aa-1700c0092126,executorType=newdeploy,functionName=ml-object-detection,functionNamespace=default,functionUid=182005a6-ad76-40e9-9ecd-2fb10570ca05'
[ok] Patched Deployment resources
[ok] Patched Deployment resources
[ok] Verified Deployment template resources: requests={'cpu': '300m', 'memory': '50Mi'} limits={'cpu': '473m', 'memory': '63Mi'}
[info] Scaling deployment to 0 replicas to force full pod replacement
[ok] Verified Deployment template resources: requests={'cpu': '1500m', 'memory': '400Mi'} limits={'cpu': '2383m', 'memory': '414Mi'}
[info] Scaling deployment to 0 replicas to force full pod replacement
[ok] All pods terminated (replicas=0)
[info] Scaling deployment back to 24 replicas
[ok] All pods terminated (replicas=0)
[info] Scaling deployment back to 73 replicas
[ok] Deleted HPA newdeploy-ml-object-detection-default-9ecd-2fb10570ca05
[ok] Rollout completed after scale-to-zero
[verify] newest RS=newdeploy-ml-image-processing-default-8b22-c7f0f2d6d72b-6685598c68 pods=24 ready=24
[ok] Verified newest ReplicaSet template resources match expected
[ok] Rollout completed after scale-to-zero
[verify] newest RS=newdeploy-ml-object-detection-default-9ecd-2fb10570ca05-7977d978cf pods=73 ready=73
[ok] Verified newest ReplicaSet template resources match expected
[info] Started Locust with PID 3810962
[info] attempt=1: start sleep for 20s
[info] attempt=1: sleep done
\Start sampling in parallel...
Workflow e2e p99 latency (30 completed in 22.6s, parallel, 8 workers): 9.000s
Average stage latencies:
  - ml-image-processing: 0.152s
  - ml-object-detection: 0.442s
[info] total_requests: 1101
[info] e2e_latency (p99): 4.000 s
[info] energy_j: 8162.038631 J
[info] served_rps: 48.00 req/s
[info]: start_time: 1767882498.031, end_time: 1767882520.631, duration_s: 22.60 s
[info] energy_cost: 7.413296 J/request
[info] average power: 361.152150 W
[info] Locust stopped
================================================================================
objective      : energy
resource_config: [{'cpu_m': 473, 'memory_mi': 63}, {'cpu_m': 2383, 'memory_mi': 414}], latencies: {'ml-image-processing': 0.15217312744173866, 'ml-object-detection': 0.44192317873239517}, price_cost: 197.007263, energy_cost: 7.413296, latency_p99 : 4.000000, feasible: False, total_requests: 1101, served_rps: 48.00, total_energy_j: 8162.038631 J, profiling_duration_s: 22.600000s, average_power: 361.152150 W
wall_time_s    : 114.654
================================================================================

Updating function ml-image-processing to cpu: 776m, memory: 51Mi
Updating Deployment resource configuration...

Updating function ml-object-detection to cpu: 5423m, memory: 486Mi
Updating Deployment resource configuration...

[info] Original replicas=24, selector='environmentName=ml-image-processing,environmentNamespace=default,environmentUid=2449fff4-7632-422c-aa00-519fcb194e26,executorType=newdeploy,functionName=ml-image-processing,functionNamespace=default,functionUid=58487e4a-0036-4ccd-8b22-c7f0f2d6d72b'
[info] Original replicas=73, selector='environmentName=yolo,environmentNamespace=default,environmentUid=ced8af41-455b-4081-99aa-1700c0092126,executorType=newdeploy,functionName=ml-object-detection,functionNamespace=default,functionUid=182005a6-ad76-40e9-9ecd-2fb10570ca05'
[ok] Patched Deployment resources
[ok] Patched Deployment resources
[ok] Verified Deployment template resources: requests={'cpu': '300m', 'memory': '50Mi'} limits={'cpu': '776m', 'memory': '51Mi'}
[info] Scaling deployment to 0 replicas to force full pod replacement
[ok] Verified Deployment template resources: requests={'cpu': '1500m', 'memory': '400Mi'} limits={'cpu': '5423m', 'memory': '486Mi'}
[info] Scaling deployment to 0 replicas to force full pod replacement
[ok] All pods terminated (replicas=0)
[info] Scaling deployment back to 24 replicas
[ok] All pods terminated (replicas=0)
[info] Scaling deployment back to 73 replicas
[ok] Deleted HPA newdeploy-ml-object-detection-default-9ecd-2fb10570ca05
[ok] Rollout completed after scale-to-zero
[verify] newest RS=newdeploy-ml-image-processing-default-8b22-c7f0f2d6d72b-57676d48c9 pods=24 ready=24
[ok] Verified newest ReplicaSet template resources match expected
[ok] Rollout completed after scale-to-zero
[verify] newest RS=newdeploy-ml-object-detection-default-9ecd-2fb10570ca05-76ccdc95c6 pods=73 ready=73
[ok] Verified newest ReplicaSet template resources match expected
[info] Started Locust with PID 3821686
[info] attempt=1: start sleep for 20s
[info] attempt=1: sleep done
\Start sampling in parallel...
Workflow e2e p99 latency (72 completed in 16.4s, parallel, 8 workers): 2.644s
Average stage latencies:
  - ml-image-processing: 0.117s
  - ml-object-detection: 0.203s
[info] poll_locust_row: failed to load, try again
[info] poll_locust_row: failed to load, try again
[info] poll_locust_row: failed to load, try again
[info] total_requests: 1239
[info] e2e_latency (p99): 3.100 s
[info] energy_j: 8314.849478 J
[info] served_rps: 73.20 req/s
[info]: start_time: 1767882612.931, end_time: 1767882629.331, duration_s: 16.40 s
[info] energy_cost: 6.710936 J/request
[info] average power: 507.003014 W
[info] Locust stopped
================================================================================
objective      : energy
resource_config: [{'cpu_m': 776, 'memory_mi': 51}, {'cpu_m': 5423, 'memory_mi': 486}], latencies: {'ml-image-processing': 0.11699748394959089, 'ml-object-detection': 0.2027892218449981}, price_cost: 207.244894, energy_cost: 6.710936, latency_p99 : 3.100000, feasible: False, total_requests: 1239, served_rps: 73.20, total_energy_j: 8314.849478 J, profiling_duration_s: 16.400000s, average_power: 507.003014 W
wall_time_s    : 110.189
================================================================================

Updating function ml-image-processing to cpu: 371m, memory: 62Mi
Updating Deployment resource configuration...

Updating function ml-object-detection to cpu: 3178m, memory: 457Mi
Updating Deployment resource configuration...

[info] Original replicas=24, selector='environmentName=ml-image-processing,environmentNamespace=default,environmentUid=2449fff4-7632-422c-aa00-519fcb194e26,executorType=newdeploy,functionName=ml-image-processing,functionNamespace=default,functionUid=58487e4a-0036-4ccd-8b22-c7f0f2d6d72b'
[info] Original replicas=73, selector='environmentName=yolo,environmentNamespace=default,environmentUid=ced8af41-455b-4081-99aa-1700c0092126,executorType=newdeploy,functionName=ml-object-detection,functionNamespace=default,functionUid=182005a6-ad76-40e9-9ecd-2fb10570ca05'
[ok] Patched Deployment resources
[ok] Patched Deployment resources
[ok] Verified Deployment template resources: requests={'cpu': '1500m', 'memory': '400Mi'} limits={'cpu': '3178m', 'memory': '457Mi'}
[info] Scaling deployment to 0 replicas to force full pod replacement
[ok] Verified Deployment template resources: requests={'cpu': '300m', 'memory': '50Mi'} limits={'cpu': '371m', 'memory': '62Mi'}
[info] Scaling deployment to 0 replicas to force full pod replacement
[ok] All pods terminated (replicas=0)
[info] Scaling deployment back to 24 replicas
[ok] All pods terminated (replicas=0)
[info] Scaling deployment back to 73 replicas
[ok] Rollout completed after scale-to-zero
[verify] newest RS=newdeploy-ml-image-processing-default-8b22-c7f0f2d6d72b-584ccd48c8 pods=24 ready=24
[ok] Verified newest ReplicaSet template resources match expected
[ok] Rollout completed after scale-to-zero
[verify] newest RS=newdeploy-ml-object-detection-default-9ecd-2fb10570ca05-7c5bc58df7 pods=73 ready=73
[ok] Verified newest ReplicaSet template resources match expected
[info] Started Locust with PID 3831693
[info] attempt=1: start sleep for 20s
[info] attempt=1: sleep done
\Start sampling in parallel...
Workflow e2e p99 latency (48 completed in 21.5s, parallel, 8 workers): 9.000s
Average stage latencies:
  - ml-image-processing: 0.232s
  - ml-object-detection: 0.373s
[info] poll_locust_row: failed to load, try again
[info] poll_locust_row: failed to load, try again
[info] poll_locust_row: failed to load, try again
[info] total_requests: 1095
[info] e2e_latency (p99): 4.400 s
[info] energy_j: 8697.605257 J
[info] served_rps: 53.00 req/s
[info]: start_time: 1767882717.931, end_time: 1767882739.431, duration_s: 21.50 s
[info] energy_cost: 7.943018 J/request
[info] average power: 404.539779 W
[info] Locust stopped
================================================================================
objective      : energy
resource_config: [{'cpu_m': 371, 'memory_mi': 62}, {'cpu_m': 3178, 'memory_mi': 457}], latencies: {'ml-image-processing': 0.23233552702997878, 'ml-object-detection': 0.37311687740701727}, price_cost: 222.323918, energy_cost: 7.943018, latency_p99 : 4.400000, feasible: False, total_requests: 1095, served_rps: 53.00, total_energy_j: 8697.605257 J, profiling_duration_s: 21.500000s, average_power: 404.539779 W
wall_time_s    : 110.085
================================================================================

Updating function ml-image-processing to cpu: 797m, memory: 52Mi
Updating Deployment resource configuration...

Updating function ml-object-detection to cpu: 5776m, memory: 496Mi
Updating Deployment resource configuration...

[info] Original replicas=73, selector='environmentName=yolo,environmentNamespace=default,environmentUid=ced8af41-455b-4081-99aa-1700c0092126,executorType=newdeploy,functionName=ml-object-detection,functionNamespace=default,functionUid=182005a6-ad76-40e9-9ecd-2fb10570ca05'
[info] Original replicas=24, selector='environmentName=ml-image-processing,environmentNamespace=default,environmentUid=2449fff4-7632-422c-aa00-519fcb194e26,executorType=newdeploy,functionName=ml-image-processing,functionNamespace=default,functionUid=58487e4a-0036-4ccd-8b22-c7f0f2d6d72b'
[ok] Patched Deployment resources
[ok] Patched Deployment resources
[ok] Verified Deployment template resources: requests={'cpu': '1500m', 'memory': '400Mi'} limits={'cpu': '5776m', 'memory': '496Mi'}
[info] Scaling deployment to 0 replicas to force full pod replacement
[ok] Verified Deployment template resources: requests={'cpu': '300m', 'memory': '50Mi'} limits={'cpu': '797m', 'memory': '52Mi'}
[info] Scaling deployment to 0 replicas to force full pod replacement
[ok] All pods terminated (replicas=0)
[info] Scaling deployment back to 24 replicas
[ok] All pods terminated (replicas=0)
[info] Scaling deployment back to 73 replicas
[ok] Deleted HPA newdeploy-ml-object-detection-default-9ecd-2fb10570ca05
[ok] Rollout completed after scale-to-zero
[verify] newest RS=newdeploy-ml-image-processing-default-8b22-c7f0f2d6d72b-6f7b567c8c pods=24 ready=24
[ok] Verified newest ReplicaSet template resources match expected
[ok] Rollout completed after scale-to-zero
[verify] newest RS=newdeploy-ml-object-detection-default-9ecd-2fb10570ca05-6b7c459bc7 pods=73 ready=73
[ok] Verified newest ReplicaSet template resources match expected
[info] Started Locust with PID 3842257
[info] attempt=1: start sleep for 20s
[info] attempt=1: sleep done
\Start sampling in parallel...
Workflow e2e p99 latency (71 completed in 16.3s, parallel, 8 workers): 1.711s
Average stage latencies:
  - ml-image-processing: 0.117s
  - ml-object-detection: 0.212s
[info] poll_locust_row: failed to load, try again
[info] poll_locust_row: failed to load, try again
[info] poll_locust_row: failed to load, try again
[info] total_requests: 1356
[info] e2e_latency (p99): 2.000 s
[info] energy_j: 8437.230262 J
[info] served_rps: 74.20 req/s
[info]: start_time: 1767882831.331, end_time: 1767882847.731, duration_s: 16.40 s
[info] energy_cost: 6.222146 J/request
[info] average power: 514.465264 W
[info] Locust stopped
================================================================================
objective      : energy
resource_config: [{'cpu_m': 797, 'memory_mi': 52}, {'cpu_m': 5776, 'memory_mi': 496}], latencies: {'ml-image-processing': 0.11697579818633451, 'ml-object-detection': 0.21180932156243165}, price_cost: 229.145805, energy_cost: 6.222146, latency_p99 : 2.000000, feasible: True, total_requests: 1356, served_rps: 74.20, total_energy_j: 8437.230262 J, profiling_duration_s: 16.400000s, average_power: 514.465264 W
wall_time_s    : 108.262
================================================================================

Updating function ml-image-processing to cpu: 783m, memory: 56Mi
Updating Deployment resource configuration...

Updating function ml-object-detection to cpu: 3962m, memory: 503Mi
Updating Deployment resource configuration...

[info] Original replicas=24, selector='environmentName=ml-image-processing,environmentNamespace=default,environmentUid=2449fff4-7632-422c-aa00-519fcb194e26,executorType=newdeploy,functionName=ml-image-processing,functionNamespace=default,functionUid=58487e4a-0036-4ccd-8b22-c7f0f2d6d72b'
[info] Original replicas=73, selector='environmentName=yolo,environmentNamespace=default,environmentUid=ced8af41-455b-4081-99aa-1700c0092126,executorType=newdeploy,functionName=ml-object-detection,functionNamespace=default,functionUid=182005a6-ad76-40e9-9ecd-2fb10570ca05'
[ok] Patched Deployment resources
[ok] Patched Deployment resources
[ok] Verified Deployment template resources: requests={'cpu': '300m', 'memory': '50Mi'} limits={'cpu': '783m', 'memory': '56Mi'}
[info] Scaling deployment to 0 replicas to force full pod replacement
[ok] Verified Deployment template resources: requests={'cpu': '1500m', 'memory': '400Mi'} limits={'cpu': '3962m', 'memory': '503Mi'}
[info] Scaling deployment to 0 replicas to force full pod replacement
[ok] All pods terminated (replicas=0)
[info] Scaling deployment back to 24 replicas
[ok] All pods terminated (replicas=0)
[info] Scaling deployment back to 73 replicas
[ok] Rollout completed after scale-to-zero
[verify] newest RS=newdeploy-ml-image-processing-default-8b22-c7f0f2d6d72b-664f5cfd6b pods=24 ready=24
[ok] Verified newest ReplicaSet template resources match expected
[ok] Rollout completed after scale-to-zero
[verify] newest RS=newdeploy-ml-object-detection-default-9ecd-2fb10570ca05-6cc656f9f4 pods=73 ready=73
[ok] Verified newest ReplicaSet template resources match expected
[info] Started Locust with PID 3852558
[info] attempt=1: start sleep for 20s
[info] attempt=1: sleep done
\Start sampling in parallel...
Workflow e2e p99 latency (54 completed in 19.6s, parallel, 8 workers): 9.000s
Average stage latencies:
  - ml-image-processing: 0.107s
  - ml-object-detection: 0.270s
[info] total_requests: 1378
[info] e2e_latency (p99): 3.700 s
[info] energy_j: 8918.099983 J
[info] served_rps: 64.80 req/s
[info]: start_time: 1767882934.131, end_time: 1767882953.731, duration_s: 19.60 s
[info] energy_cost: 6.471771 J/request
[info] average power: 455.005103 W
[info] Locust stopped
================================================================================
objective      : energy
resource_config: [{'cpu_m': 783, 'memory_mi': 56}, {'cpu_m': 3962, 'memory_mi': 503}], latencies: {'ml-image-processing': 0.1067366685880267, 'ml-object-detection': 0.2701048683172659}, price_cost: 201.339974, energy_cost: 6.471771, latency_p99 : 3.700000, feasible: False, total_requests: 1378, served_rps: 64.80, total_energy_j: 8918.099983 J, profiling_duration_s: 19.600000s, average_power: 455.005103 W
wall_time_s    : 104.518
================================================================================

Updating function ml-image-processing to cpu: 747m, memory: 58Mi
Updating Deployment resource configuration...

Updating function ml-object-detection to cpu: 5536m, memory: 427Mi
Updating Deployment resource configuration...

[info] Original replicas=24, selector='environmentName=ml-image-processing,environmentNamespace=default,environmentUid=2449fff4-7632-422c-aa00-519fcb194e26,executorType=newdeploy,functionName=ml-image-processing,functionNamespace=default,functionUid=58487e4a-0036-4ccd-8b22-c7f0f2d6d72b'
[info] Original replicas=73, selector='environmentName=yolo,environmentNamespace=default,environmentUid=ced8af41-455b-4081-99aa-1700c0092126,executorType=newdeploy,functionName=ml-object-detection,functionNamespace=default,functionUid=182005a6-ad76-40e9-9ecd-2fb10570ca05'
[ok] Patched Deployment resources
[ok] Patched Deployment resources
[ok] Verified Deployment template resources: requests={'cpu': '1500m', 'memory': '400Mi'} limits={'cpu': '5536m', 'memory': '427Mi'}
[info] Scaling deployment to 0 replicas to force full pod replacement
[ok] Verified Deployment template resources: requests={'cpu': '300m', 'memory': '50Mi'} limits={'cpu': '747m', 'memory': '58Mi'}
[info] Scaling deployment to 0 replicas to force full pod replacement
[ok] All pods terminated (replicas=0)
[info] Scaling deployment back to 24 replicas
[ok] All pods terminated (replicas=0)
[info] Scaling deployment back to 73 replicas
[ok] Deleted HPA newdeploy-ml-object-detection-default-9ecd-2fb10570ca05
[ok] Rollout completed after scale-to-zero
[verify] newest RS=newdeploy-ml-image-processing-default-8b22-c7f0f2d6d72b-ffcbbd8d pods=24 ready=24
[ok] Verified newest ReplicaSet template resources match expected
[ok] Rollout completed after scale-to-zero
[verify] newest RS=newdeploy-ml-object-detection-default-9ecd-2fb10570ca05-66998c4bfc pods=73 ready=73
[ok] Verified newest ReplicaSet template resources match expected
[info] Started Locust with PID 3863020
[info] attempt=1: start sleep for 20s
[info] attempt=1: sleep done
\Start sampling in parallel...
Workflow e2e p99 latency (71 completed in 16.6s, parallel, 8 workers): 1.679s
Average stage latencies:
  - ml-image-processing: 0.124s
  - ml-object-detection: 0.206s
[info] poll_locust_row: failed to load, try again
[info] poll_locust_row: failed to load, try again
[info] total_requests: 1331
[info] e2e_latency (p99): 2.100 s
[info] energy_j: 8486.914030 J
[info] served_rps: 73.70 req/s
[info]: start_time: 1767883040.431, end_time: 1767883057.031, duration_s: 16.60 s
[info] energy_cost: 6.376344 J/request
[info] average power: 511.259884 W
[info] Locust stopped
================================================================================
objective      : energy
resource_config: [{'cpu_m': 747, 'memory_mi': 58}, {'cpu_m': 5536, 'memory_mi': 427}], latencies: {'ml-image-processing': 0.12390057536655329, 'ml-object-detection': 0.20584253143046943}, price_cost: 214.322447, energy_cost: 6.376344, latency_p99 : 2.100000, feasible: True, total_requests: 1331, served_rps: 73.70, total_energy_j: 8486.914030 J, profiling_duration_s: 16.600000s, average_power: 511.259884 W
wall_time_s    : 104.309
================================================================================

Updating function ml-image-processing to cpu: 311m, memory: 50Mi
Updating Deployment resource configuration...

Updating function ml-object-detection to cpu: 4575m, memory: 419Mi
Updating Deployment resource configuration...

[info] Original replicas=24, selector='environmentName=ml-image-processing,environmentNamespace=default,environmentUid=2449fff4-7632-422c-aa00-519fcb194e26,executorType=newdeploy,functionName=ml-image-processing,functionNamespace=default,functionUid=58487e4a-0036-4ccd-8b22-c7f0f2d6d72b'
[info] Original replicas=73, selector='environmentName=yolo,environmentNamespace=default,environmentUid=ced8af41-455b-4081-99aa-1700c0092126,executorType=newdeploy,functionName=ml-object-detection,functionNamespace=default,functionUid=182005a6-ad76-40e9-9ecd-2fb10570ca05'
[ok] Patched Deployment resources
[ok] Patched Deployment resources
[ok] Verified Deployment template resources: requests={'cpu': '300m', 'memory': '50Mi'} limits={'cpu': '311m', 'memory': '50Mi'}
[info] Scaling deployment to 0 replicas to force full pod replacement
[ok] Verified Deployment template resources: requests={'cpu': '1500m', 'memory': '400Mi'} limits={'cpu': '4575m', 'memory': '419Mi'}
[info] Scaling deployment to 0 replicas to force full pod replacement
[ok] All pods terminated (replicas=0)
[info] Scaling deployment back to 24 replicas
[ok] All pods terminated (replicas=0)
[info] Scaling deployment back to 73 replicas
[ok] Rollout completed after scale-to-zero
[verify] newest RS=newdeploy-ml-image-processing-default-8b22-c7f0f2d6d72b-b57dc959f pods=24 ready=24
[ok] Verified newest ReplicaSet template resources match expected
[ok] Rollout completed after scale-to-zero
[verify] newest RS=newdeploy-ml-object-detection-default-9ecd-2fb10570ca05-56b465d8df pods=73 ready=73
[ok] Verified newest ReplicaSet template resources match expected
[info] Started Locust with PID 3872995
[info] attempt=1: start sleep for 20s
[info] attempt=1: sleep done
\Start sampling in parallel...
Workflow e2e p99 latency (55 completed in 16.9s, parallel, 8 workers): 3.467s
Average stage latencies:
  - ml-image-processing: 0.302s
  - ml-object-detection: 0.235s
[info] poll_locust_row: failed to load, try again
[info] poll_locust_row: failed to load, try again
[info] total_requests: 1039
[info] e2e_latency (p99): 3.100 s
[info] energy_j: 7479.602458 J
[info] served_rps: 57.20 req/s
[info]: start_time: 1767883139.331, end_time: 1767883156.231, duration_s: 16.90 s
[info] energy_cost: 7.198847 J/request
[info] average power: 442.580031 W
[info] Locust stopped
================================================================================
objective      : energy
resource_config: [{'cpu_m': 311, 'memory_mi': 50}, {'cpu_m': 4575, 'memory_mi': 419}], latencies: {'ml-image-processing': 0.30152025311677294, 'ml-object-detection': 0.23464002197777684}, price_cost: 203.329105, energy_cost: 7.198847, latency_p99 : 3.100000, feasible: False, total_requests: 1039, served_rps: 57.20, total_energy_j: 7479.602458 J, profiling_duration_s: 16.900000s, average_power: 442.580031 W
wall_time_s    : 99.221
================================================================================

Updating function ml-image-processing to cpu: 548m, memory: 64Mi
Updating Deployment resource configuration...

Updating function ml-object-detection to cpu: 4991m, memory: 507Mi
Updating Deployment resource configuration...

[info] Original replicas=24, selector='environmentName=ml-image-processing,environmentNamespace=default,environmentUid=2449fff4-7632-422c-aa00-519fcb194e26,executorType=newdeploy,functionName=ml-image-processing,functionNamespace=default,functionUid=58487e4a-0036-4ccd-8b22-c7f0f2d6d72b'
[info] Original replicas=73, selector='environmentName=yolo,environmentNamespace=default,environmentUid=ced8af41-455b-4081-99aa-1700c0092126,executorType=newdeploy,functionName=ml-object-detection,functionNamespace=default,functionUid=182005a6-ad76-40e9-9ecd-2fb10570ca05'
[ok] Patched Deployment resources
[ok] Patched Deployment resources
[ok] Verified Deployment template resources: requests={'cpu': '1500m', 'memory': '400Mi'} limits={'cpu': '4991m', 'memory': '507Mi'}
[info] Scaling deployment to 0 replicas to force full pod replacement
[ok] Verified Deployment template resources: requests={'cpu': '300m', 'memory': '50Mi'} limits={'cpu': '548m', 'memory': '64Mi'}
[info] Scaling deployment to 0 replicas to force full pod replacement
[ok] All pods terminated (replicas=0)
[info] Scaling deployment back to 24 replicas
[ok] All pods terminated (replicas=0)
[info] Scaling deployment back to 73 replicas
[ok] Rollout completed after scale-to-zero
[verify] newest RS=newdeploy-ml-image-processing-default-8b22-c7f0f2d6d72b-cfb787555 pods=24 ready=24
[ok] Verified newest ReplicaSet template resources match expected
[ok] Rollout completed after scale-to-zero
[verify] newest RS=newdeploy-ml-object-detection-default-9ecd-2fb10570ca05-5c9b555bd9 pods=73 ready=73
[ok] Verified newest ReplicaSet template resources match expected
[info] Started Locust with PID 3883375
[info] attempt=1: start sleep for 20s
[info] attempt=1: sleep done
\Start sampling in parallel...
Workflow e2e p99 latency (67 completed in 16.5s, parallel, 8 workers): 5.254s
Average stage latencies:
  - ml-image-processing: 0.153s
  - ml-object-detection: 0.213s
[info] poll_locust_row: failed to load, try again
[info] poll_locust_row: failed to load, try again
[info] poll_locust_row: failed to load, try again
[info] total_requests: 1254
[info] e2e_latency (p99): 2.700 s
[info] energy_j: 8108.350505 J
[info] served_rps: 69.80 req/s
[info]: start_time: 1767883251.131, end_time: 1767883267.631, duration_s: 16.50 s
[info] energy_cost: 6.465989 J/request
[info] average power: 491.415182 W
[info] Locust stopped
================================================================================
objective      : energy
resource_config: [{'cpu_m': 548, 'memory_mi': 64}, {'cpu_m': 4991, 'memory_mi': 507}], latencies: {'ml-image-processing': 0.15270408112277736, 'ml-object-detection': 0.21338910372482975}, price_cost: 200.177210, energy_cost: 6.465989, latency_p99 : 2.700000, feasible: True, total_requests: 1254, served_rps: 69.80, total_energy_j: 8108.350505 J, profiling_duration_s: 16.500000s, average_power: 491.415182 W
wall_time_s    : 111.843
================================================================================

Updating function ml-image-processing to cpu: 787m, memory: 65Mi
Updating Deployment resource configuration...

Updating function ml-object-detection to cpu: 4764m, memory: 433Mi
Updating Deployment resource configuration...

[info] Original replicas=73, selector='environmentName=yolo,environmentNamespace=default,environmentUid=ced8af41-455b-4081-99aa-1700c0092126,executorType=newdeploy,functionName=ml-object-detection,functionNamespace=default,functionUid=182005a6-ad76-40e9-9ecd-2fb10570ca05'
[info] Original replicas=24, selector='environmentName=ml-image-processing,environmentNamespace=default,environmentUid=2449fff4-7632-422c-aa00-519fcb194e26,executorType=newdeploy,functionName=ml-image-processing,functionNamespace=default,functionUid=58487e4a-0036-4ccd-8b22-c7f0f2d6d72b'
[ok] Patched Deployment resources
[ok] Patched Deployment resources
[ok] Verified Deployment template resources: requests={'cpu': '1500m', 'memory': '400Mi'} limits={'cpu': '4764m', 'memory': '433Mi'}
[info] Scaling deployment to 0 replicas to force full pod replacement
[ok] Verified Deployment template resources: requests={'cpu': '300m', 'memory': '50Mi'} limits={'cpu': '787m', 'memory': '65Mi'}
[info] Scaling deployment to 0 replicas to force full pod replacement
[ok] All pods terminated (replicas=0)
[info] Scaling deployment back to 24 replicas
[ok] All pods terminated (replicas=0)
[info] Scaling deployment back to 73 replicas
[ok] Rollout completed after scale-to-zero
[verify] newest RS=newdeploy-ml-image-processing-default-8b22-c7f0f2d6d72b-7cbb4c9499 pods=24 ready=24
[ok] Verified newest ReplicaSet template resources match expected
[ok] Rollout completed after scale-to-zero
[verify] newest RS=newdeploy-ml-object-detection-default-9ecd-2fb10570ca05-7c9656c9c6 pods=73 ready=73
[ok] Verified newest ReplicaSet template resources match expected
[info] Started Locust with PID 3893424
[info] attempt=1: start sleep for 20s
[info] attempt=1: sleep done
\Start sampling in parallel...
Workflow e2e p99 latency (68 completed in 18.4s, parallel, 8 workers): 9.000s
Average stage latencies:
  - ml-image-processing: 0.109s
  - ml-object-detection: 0.222s
[info] total_requests: 1262
[info] e2e_latency (p99): 3.700 s
[info] energy_j: 8944.628352 J
[info] served_rps: 70.50 req/s
[info]: start_time: 1767883353.131, end_time: 1767883371.531, duration_s: 18.40 s
[info] energy_cost: 7.087661 J/request
[info] average power: 486.121110 W
[info] Locust stopped
================================================================================
objective      : energy
resource_config: [{'cpu_m': 787, 'memory_mi': 65}, {'cpu_m': 4764, 'memory_mi': 433}], latencies: {'ml-image-processing': 0.10858163104823498, 'ml-object-detection': 0.22214522636009018}, price_cost: 199.139307, energy_cost: 7.087661, latency_p99 : 3.700000, feasible: False, total_requests: 1262, served_rps: 70.50, total_energy_j: 8944.628352 J, profiling_duration_s: 18.400000s, average_power: 486.121110 W
wall_time_s    : 102.419
================================================================================

Starting fresh (no checkpoint at bo_model_energy_20260108_142457.pt).
  initial_points = 10
  running_batches = 10
  initial_best_feasible_cost = 6.222146210914453
  initial_best_constraint = -1.000
  initial_best_resource_config = [{'cpu_m': 797, 'memory_mi': 52}, {'cpu_m': 5776, 'memory_mi': 496}]
  time_taken_for_init = 1078.21 seconds
/home/cc/miniconda3/envs/faas/lib/python3.10/site-packages/botorch/acquisition/monte_carlo.py:502: NumericsWarning: qNoisyExpectedImprovement has known numerical issues that lead to suboptimal optimization performance. It is strongly recommended to simply replace

	 qNoisyExpectedImprovement 	 --> 	 qLogNoisyExpectedImprovement 

instead, which fixes the issues and has the same API. See https://arxiv.org/abs/2310.20708 for details.
  legacy_ei_numerics_warning(legacy_name=type(self).__name__)
Updating function ml-image-processing to cpu: 800m, memory: 56Mi
Updating Deployment resource configuration...

Updating function ml-object-detection to cpu: 6000m, memory: 510Mi
Updating Deployment resource configuration...

[info] Original replicas=24, selector='environmentName=ml-image-processing,environmentNamespace=default,environmentUid=2449fff4-7632-422c-aa00-519fcb194e26,executorType=newdeploy,functionName=ml-image-processing,functionNamespace=default,functionUid=58487e4a-0036-4ccd-8b22-c7f0f2d6d72b'
[info] Original replicas=73, selector='environmentName=yolo,environmentNamespace=default,environmentUid=ced8af41-455b-4081-99aa-1700c0092126,executorType=newdeploy,functionName=ml-object-detection,functionNamespace=default,functionUid=182005a6-ad76-40e9-9ecd-2fb10570ca05'
[ok] Patched Deployment resources
[ok] Patched Deployment resources
[ok] Verified Deployment template resources: requests={'cpu': '300m', 'memory': '50Mi'} limits={'cpu': '800m', 'memory': '56Mi'}
[info] Scaling deployment to 0 replicas to force full pod replacement
[ok] Verified Deployment template resources: requests={'cpu': '1500m', 'memory': '400Mi'} limits={'cpu': '6', 'memory': '510Mi'}
[info] Scaling deployment to 0 replicas to force full pod replacement
[ok] All pods terminated (replicas=0)
[info] Scaling deployment back to 24 replicas
[ok] All pods terminated (replicas=0)
[info] Scaling deployment back to 73 replicas
[ok] Rollout completed after scale-to-zero
[verify] newest RS=newdeploy-ml-image-processing-default-8b22-c7f0f2d6d72b-6ccb6957d pods=24 ready=24
[ok] Verified newest ReplicaSet template resources match expected
[ok] Rollout completed after scale-to-zero
[verify] newest RS=newdeploy-ml-object-detection-default-9ecd-2fb10570ca05-6d97dcdbf4 pods=73 ready=73
[ok] Verified newest ReplicaSet template resources match expected
[info] Started Locust with PID 3904058
[info] attempt=1: start sleep for 20s
[info] attempt=1: sleep done
\Start sampling in parallel...
Workflow e2e p99 latency (72 completed in 16.8s, parallel, 8 workers): 2.152s
Average stage latencies:
  - ml-image-processing: 0.120s
  - ml-object-detection: 0.206s
[info] poll_locust_row: failed to load, try again
[info] poll_locust_row: failed to load, try again
[info] total_requests: 1343
[info] e2e_latency (p99): 2.600 s
[info] energy_j: 8586.623170 J
[info] served_rps: 74.90 req/s
[info]: start_time: 1767883462.531, end_time: 1767883479.331, duration_s: 16.80 s
[info] energy_cost: 6.393614 J/request
[info] average power: 511.108516 W
[info] Locust stopped
================================================================================
objective      : energy
resource_config: [{'cpu_m': 800, 'memory_mi': 56}, {'cpu_m': 6000, 'memory_mi': 510}], latencies: {'ml-image-processing': 0.1198786405665386, 'ml-object-detection': 0.20552157801446608}, price_cost: 231.294411, energy_cost: 6.393614, latency_p99 : 2.600000, feasible: True, total_requests: 1343, served_rps: 74.90, total_energy_j: 8586.623170 J, profiling_duration_s: 16.800000s, average_power: 511.108516 W
wall_time_s    : 106.903
================================================================================

Updating function ml-image-processing to cpu: 604m, memory: 50Mi
Updating Deployment resource configuration...

Updating function ml-object-detection to cpu: 6000m, memory: 511Mi
Updating Deployment resource configuration...

[info] Original replicas=24, selector='environmentName=ml-image-processing,environmentNamespace=default,environmentUid=2449fff4-7632-422c-aa00-519fcb194e26,executorType=newdeploy,functionName=ml-image-processing,functionNamespace=default,functionUid=58487e4a-0036-4ccd-8b22-c7f0f2d6d72b'
[info] Original replicas=73, selector='environmentName=yolo,environmentNamespace=default,environmentUid=ced8af41-455b-4081-99aa-1700c0092126,executorType=newdeploy,functionName=ml-object-detection,functionNamespace=default,functionUid=182005a6-ad76-40e9-9ecd-2fb10570ca05'
[ok] Patched Deployment resources
[ok] Patched Deployment resources
[ok] Verified Deployment template resources: requests={'cpu': '300m', 'memory': '50Mi'} limits={'cpu': '604m', 'memory': '50Mi'}
[info] Scaling deployment to 0 replicas to force full pod replacement
[ok] Verified Deployment template resources: requests={'cpu': '1500m', 'memory': '400Mi'} limits={'cpu': '6', 'memory': '511Mi'}
[info] Scaling deployment to 0 replicas to force full pod replacement
[ok] All pods terminated (replicas=0)
[info] Scaling deployment back to 24 replicas
[ok] All pods terminated (replicas=0)
[info] Scaling deployment back to 73 replicas
[ok] Rollout completed after scale-to-zero
[verify] newest RS=newdeploy-ml-image-processing-default-8b22-c7f0f2d6d72b-5457877d9c pods=24 ready=24
[ok] Verified newest ReplicaSet template resources match expected
[ok] Rollout completed after scale-to-zero
[verify] newest RS=newdeploy-ml-object-detection-default-9ecd-2fb10570ca05-666964fcdd pods=73 ready=73
[ok] Verified newest ReplicaSet template resources match expected
[info] Started Locust with PID 3914287
[info] attempt=1: start sleep for 20s
[info] attempt=1: sleep done
\Start sampling in parallel...
Workflow e2e p99 latency (72 completed in 16.7s, parallel, 8 workers): 1.395s
Average stage latencies:
  - ml-image-processing: 0.148s
  - ml-object-detection: 0.215s
[info] poll_locust_row: failed to load, try again
[info] poll_locust_row: failed to load, try again
[info] total_requests: 1259
[info] e2e_latency (p99): 1.500 s
[info] energy_j: 8231.508046 J
[info] served_rps: 74.10 req/s
[info]: start_time: 1767883568.331, end_time: 1767883585.031, duration_s: 16.70 s
[info] energy_cost: 6.538132 J/request
[info] average power: 492.904679 W
[info] Locust stopped
================================================================================
objective      : energy
resource_config: [{'cpu_m': 604, 'memory_mi': 50}, {'cpu_m': 6000, 'memory_mi': 511}], latencies: {'ml-image-processing': 0.14799516097668353, 'ml-object-detection': 0.21452959508557493}, price_cost: 239.585430, energy_cost: 6.538132, latency_p99 : 1.500000, feasible: True, total_requests: 1259, served_rps: 74.10, total_energy_j: 8231.508046 J, profiling_duration_s: 16.700000s, average_power: 492.904679 W
wall_time_s    : 105.713
================================================================================

Updating function ml-image-processing to cpu: 800m, memory: 50Mi
Updating Deployment resource configuration...

Updating function ml-object-detection to cpu: 6000m, memory: 412Mi
Updating Deployment resource configuration...

[info] Original replicas=24, selector='environmentName=ml-image-processing,environmentNamespace=default,environmentUid=2449fff4-7632-422c-aa00-519fcb194e26,executorType=newdeploy,functionName=ml-image-processing,functionNamespace=default,functionUid=58487e4a-0036-4ccd-8b22-c7f0f2d6d72b'
[info] Original replicas=73, selector='environmentName=yolo,environmentNamespace=default,environmentUid=ced8af41-455b-4081-99aa-1700c0092126,executorType=newdeploy,functionName=ml-object-detection,functionNamespace=default,functionUid=182005a6-ad76-40e9-9ecd-2fb10570ca05'
[ok] Patched Deployment resources
[ok] Patched Deployment resources
[ok] Verified Deployment template resources: requests={'cpu': '1500m', 'memory': '400Mi'} limits={'cpu': '6', 'memory': '412Mi'}
[info] Scaling deployment to 0 replicas to force full pod replacement
[ok] Verified Deployment template resources: requests={'cpu': '300m', 'memory': '50Mi'} limits={'cpu': '800m', 'memory': '50Mi'}
[info] Scaling deployment to 0 replicas to force full pod replacement
[ok] All pods terminated (replicas=0)
[info] Scaling deployment back to 24 replicas
[ok] All pods terminated (replicas=0)
[info] Scaling deployment back to 73 replicas
[ok] Rollout completed after scale-to-zero
[verify] newest RS=newdeploy-ml-image-processing-default-8b22-c7f0f2d6d72b-57744d58c7 pods=24 ready=24
[ok] Verified newest ReplicaSet template resources match expected
[ok] Rollout completed after scale-to-zero
[verify] newest RS=newdeploy-ml-object-detection-default-9ecd-2fb10570ca05-6f9fc46ddb pods=73 ready=73
[ok] Verified newest ReplicaSet template resources match expected
[info] Started Locust with PID 3924358
[info] attempt=1: start sleep for 20s
[info] attempt=1: sleep done
\Start sampling in parallel...
Workflow e2e p99 latency (72 completed in 16.8s, parallel, 8 workers): 1.209s
Average stage latencies:
  - ml-image-processing: 0.121s
  - ml-object-detection: 0.192s
[info] poll_locust_row: failed to load, try again
[info] poll_locust_row: failed to load, try again
[info] total_requests: 1377
[info] e2e_latency (p99): 1.200 s
[info] energy_j: 8656.885664 J
[info] served_rps: 77.10 req/s
[info]: start_time: 1767883677.031, end_time: 1767883693.831, duration_s: 16.80 s
[info] energy_cost: 6.286772 J/request
[info] average power: 515.290807 W
[info] Locust stopped
================================================================================
objective      : energy
resource_config: [{'cpu_m': 800, 'memory_mi': 50}, {'cpu_m': 6000, 'memory_mi': 412}], latencies: {'ml-image-processing': 0.121112070492624, 'ml-object-detection': 0.19196571176224905}, price_cost: 217.069609, energy_cost: 6.286772, latency_p99 : 1.200000, feasible: True, total_requests: 1377, served_rps: 77.10, total_energy_j: 8656.885664 J, profiling_duration_s: 16.800000s, average_power: 515.290807 W
wall_time_s    : 108.774
================================================================================

================================================================================

Batch  1: best_feasible_cost (random, qNEI) = (6.222146210914453, 6.222146210914453), best_constraint =  -1.000 (<=0 feasible), time = 323.29.
Best feasible resource configuration: [{'cpu_m': 797, 'memory_mi': 52}, {'cpu_m': 5776, 'memory_mi': 496}]

================================================================================
/home/cc/miniconda3/envs/faas/lib/python3.10/site-packages/botorch/acquisition/monte_carlo.py:502: NumericsWarning: qNoisyExpectedImprovement has known numerical issues that lead to suboptimal optimization performance. It is strongly recommended to simply replace

	 qNoisyExpectedImprovement 	 --> 	 qLogNoisyExpectedImprovement 

instead, which fixes the issues and has the same API. See https://arxiv.org/abs/2310.20708 for details.
  legacy_ei_numerics_warning(legacy_name=type(self).__name__)
Updating function ml-image-processing to cpu: 461m, memory: 50Mi
Updating Deployment resource configuration...

Updating function ml-object-detection to cpu: 6000m, memory: 431Mi
Updating Deployment resource configuration...

[info] Original replicas=24, selector='environmentName=ml-image-processing,environmentNamespace=default,environmentUid=2449fff4-7632-422c-aa00-519fcb194e26,executorType=newdeploy,functionName=ml-image-processing,functionNamespace=default,functionUid=58487e4a-0036-4ccd-8b22-c7f0f2d6d72b'
[info] Original replicas=73, selector='environmentName=yolo,environmentNamespace=default,environmentUid=ced8af41-455b-4081-99aa-1700c0092126,executorType=newdeploy,functionName=ml-object-detection,functionNamespace=default,functionUid=182005a6-ad76-40e9-9ecd-2fb10570ca05'
[ok] Patched Deployment resources
[ok] Patched Deployment resources
[ok] Verified Deployment template resources: requests={'cpu': '300m', 'memory': '50Mi'} limits={'cpu': '461m', 'memory': '50Mi'}
[info] Scaling deployment to 0 replicas to force full pod replacement
[ok] Verified Deployment template resources: requests={'cpu': '1500m', 'memory': '400Mi'} limits={'cpu': '6', 'memory': '431Mi'}
[info] Scaling deployment to 0 replicas to force full pod replacement
[ok] All pods terminated (replicas=0)
[info] Scaling deployment back to 24 replicas
[ok] All pods terminated (replicas=0)
[info] Scaling deployment back to 73 replicas
[ok] Rollout completed after scale-to-zero
[verify] newest RS=newdeploy-ml-image-processing-default-8b22-c7f0f2d6d72b-85947fb4c9 pods=24 ready=24
[ok] Verified newest ReplicaSet template resources match expected
[ok] Rollout completed after scale-to-zero
[verify] newest RS=newdeploy-ml-object-detection-default-9ecd-2fb10570ca05-6f59d6b475 pods=73 ready=73
[ok] Verified newest ReplicaSet template resources match expected
[info] Started Locust with PID 3935110
[info] attempt=1: start sleep for 20s
[info] attempt=1: sleep done
\Start sampling in parallel...
Workflow e2e p99 latency (70 completed in 17.0s, parallel, 8 workers): 2.737s
Average stage latencies:
  - ml-image-processing: 0.202s
  - ml-object-detection: 0.184s
[info] poll_locust_row: failed to load, try again
[info] poll_locust_row: failed to load, try again
[info] total_requests: 1255
[info] e2e_latency (p99): 2.700 s
[info] energy_j: 8218.870497 J
[info] served_rps: 69.60 req/s
[info]: start_time: 1767883788.931, end_time: 1767883805.931, duration_s: 17.00 s
[info] energy_cost: 6.548901 J/request
[info] average power: 483.462970 W
[info] Locust stopped
================================================================================
objective      : energy
resource_config: [{'cpu_m': 461, 'memory_mi': 50}, {'cpu_m': 6000, 'memory_mi': 431}], latencies: {'ml-image-processing': 0.2015517293142953, 'ml-object-detection': 0.18406150870557342}, price_cost: 208.229921, energy_cost: 6.548901, latency_p99 : 2.700000, feasible: True, total_requests: 1255, served_rps: 69.60, total_energy_j: 8218.870497 J, profiling_duration_s: 17.000000s, average_power: 483.462970 W
wall_time_s    : 109.403
================================================================================

Updating function ml-image-processing to cpu: 306m, memory: 51Mi
Updating Deployment resource configuration...

Updating function ml-object-detection to cpu: 2856m, memory: 510Mi
Updating Deployment resource configuration...

[info] Original replicas=73, selector='environmentName=yolo,environmentNamespace=default,environmentUid=ced8af41-455b-4081-99aa-1700c0092126,executorType=newdeploy,functionName=ml-object-detection,functionNamespace=default,functionUid=182005a6-ad76-40e9-9ecd-2fb10570ca05'
[info] Original replicas=24, selector='environmentName=ml-image-processing,environmentNamespace=default,environmentUid=2449fff4-7632-422c-aa00-519fcb194e26,executorType=newdeploy,functionName=ml-image-processing,functionNamespace=default,functionUid=58487e4a-0036-4ccd-8b22-c7f0f2d6d72b'
[ok] Patched Deployment resources
[ok] Patched Deployment resources
[ok] Verified Deployment template resources: requests={'cpu': '1500m', 'memory': '400Mi'} limits={'cpu': '2856m', 'memory': '510Mi'}
[info] Scaling deployment to 0 replicas to force full pod replacement
[ok] Verified Deployment template resources: requests={'cpu': '300m', 'memory': '50Mi'} limits={'cpu': '306m', 'memory': '51Mi'}
[info] Scaling deployment to 0 replicas to force full pod replacement
[ok] All pods terminated (replicas=0)
[info] Scaling deployment back to 24 replicas
[ok] All pods terminated (replicas=0)
[info] Scaling deployment back to 73 replicas
[ok] Rollout completed after scale-to-zero
[verify] newest RS=newdeploy-ml-image-processing-default-8b22-c7f0f2d6d72b-5f75c444d5 pods=24 ready=24
[ok] Verified newest ReplicaSet template resources match expected
[ok] Rollout completed after scale-to-zero
[verify] newest RS=newdeploy-ml-object-detection-default-9ecd-2fb10570ca05-59b9fc99bf pods=73 ready=73
[ok] Verified newest ReplicaSet template resources match expected
[info] Started Locust with PID 3945579
[info] attempt=1: start sleep for 20s
[info] attempt=1: sleep done
\Start sampling in parallel...
Workflow e2e p99 latency (43 completed in 17.8s, parallel, 8 workers): 9.000s
Average stage latencies:
  - ml-image-processing: 0.291s
  - ml-object-detection: 0.356s
[info] total_requests: 838
[info] e2e_latency (p99): 5.800 s
[info] energy_j: 7059.106337 J
[info] served_rps: 46.70 req/s
[info]: start_time: 1767883893.031, end_time: 1767883910.931, duration_s: 17.90 s
[info] energy_cost: 8.423755 J/request
[info] average power: 394.363480 W
[info] Locust stopped
================================================================================
objective      : energy
resource_config: [{'cpu_m': 306, 'memory_mi': 51}, {'cpu_m': 2856, 'memory_mi': 510}], latencies: {'ml-image-processing': 0.2911684725825724, 'ml-object-detection': 0.35634464534048577}, price_cost: 193.897490, energy_cost: 8.423755, latency_p99 : 5.800000, feasible: False, total_requests: 838, served_rps: 46.70, total_energy_j: 7059.106337 J, profiling_duration_s: 17.900000s, average_power: 394.363480 W
wall_time_s    : 103.890
================================================================================

Updating function ml-image-processing to cpu: 800m, memory: 50Mi
Updating Deployment resource configuration...

Updating function ml-object-detection to cpu: 6000m, memory: 423Mi
Updating Deployment resource configuration...

[info] Original replicas=24, selector='environmentName=ml-image-processing,environmentNamespace=default,environmentUid=2449fff4-7632-422c-aa00-519fcb194e26,executorType=newdeploy,functionName=ml-image-processing,functionNamespace=default,functionUid=58487e4a-0036-4ccd-8b22-c7f0f2d6d72b'
[info] Original replicas=73, selector='environmentName=yolo,environmentNamespace=default,environmentUid=ced8af41-455b-4081-99aa-1700c0092126,executorType=newdeploy,functionName=ml-object-detection,functionNamespace=default,functionUid=182005a6-ad76-40e9-9ecd-2fb10570ca05'
[ok] Patched Deployment resources
[ok] Patched Deployment resources
[ok] Verified Deployment template resources: requests={'cpu': '1500m', 'memory': '400Mi'} limits={'cpu': '6', 'memory': '423Mi'}
[info] Scaling deployment to 0 replicas to force full pod replacement
[ok] Verified Deployment template resources: requests={'cpu': '300m', 'memory': '50Mi'} limits={'cpu': '800m', 'memory': '50Mi'}
[info] Scaling deployment to 0 replicas to force full pod replacement
[ok] All pods terminated (replicas=0)
[info] Scaling deployment back to 24 replicas
[ok] All pods terminated (replicas=0)
[info] Scaling deployment back to 73 replicas
[ok] Deleted HPA newdeploy-ml-object-detection-default-9ecd-2fb10570ca05
[ok] Rollout completed after scale-to-zero
[verify] newest RS=newdeploy-ml-image-processing-default-8b22-c7f0f2d6d72b-57744d58c7 pods=24 ready=24
[ok] Verified newest ReplicaSet template resources match expected
[ok] Rollout completed after scale-to-zero
[verify] newest RS=newdeploy-ml-object-detection-default-9ecd-2fb10570ca05-5cc46b7dcb pods=73 ready=73
[ok] Verified newest ReplicaSet template resources match expected
[info] Started Locust with PID 3955541
[info] attempt=1: start sleep for 20s
[info] attempt=1: sleep done
\Start sampling in parallel...
Workflow e2e p99 latency (75 completed in 16.6s, parallel, 8 workers): 1.608s
Average stage latencies:
  - ml-image-processing: 0.120s
  - ml-object-detection: 0.198s
[info] poll_locust_row: failed to load, try again
[info] poll_locust_row: failed to load, try again
[info] total_requests: 1382
[info] e2e_latency (p99): 1.100 s
[info] energy_j: 8547.310330 J
[info] served_rps: 76.10 req/s
[info]: start_time: 1767884002.431, end_time: 1767884019.031, duration_s: 16.60 s
[info] energy_cost: 6.184740 J/request
[info] average power: 514.898216 W
[info] Locust stopped
================================================================================
objective      : energy
resource_config: [{'cpu_m': 800, 'memory_mi': 50}, {'cpu_m': 6000, 'memory_mi': 423}], latencies: {'ml-image-processing': 0.11979780356089274, 'ml-object-detection': 0.19812954880918066}, price_cost: 223.343012, energy_cost: 6.184740, latency_p99 : 1.100000, feasible: True, total_requests: 1382, served_rps: 76.10, total_energy_j: 8547.310330 J, profiling_duration_s: 16.600000s, average_power: 514.898216 W
wall_time_s    : 109.092
================================================================================

================================================================================

Batch  2: best_feasible_cost (random, qNEI) = (6.222146210914453, 6.184739746743849), best_constraint =  -1.900 (<=0 feasible), time = 325.16.
Best feasible resource configuration: [{'cpu_m': 800, 'memory_mi': 50}, {'cpu_m': 6000, 'memory_mi': 423}]

================================================================================
/home/cc/miniconda3/envs/faas/lib/python3.10/site-packages/botorch/acquisition/monte_carlo.py:502: NumericsWarning: qNoisyExpectedImprovement has known numerical issues that lead to suboptimal optimization performance. It is strongly recommended to simply replace

	 qNoisyExpectedImprovement 	 --> 	 qLogNoisyExpectedImprovement 

instead, which fixes the issues and has the same API. See https://arxiv.org/abs/2310.20708 for details.
  legacy_ei_numerics_warning(legacy_name=type(self).__name__)
Updating function ml-image-processing to cpu: 789m, memory: 52Mi
Updating Deployment resource configuration...

Updating function ml-object-detection to cpu: 5530m, memory: 502Mi
Updating Deployment resource configuration...

[info] Original replicas=24, selector='environmentName=ml-image-processing,environmentNamespace=default,environmentUid=2449fff4-7632-422c-aa00-519fcb194e26,executorType=newdeploy,functionName=ml-image-processing,functionNamespace=default,functionUid=58487e4a-0036-4ccd-8b22-c7f0f2d6d72b'
[info] Original replicas=73, selector='environmentName=yolo,environmentNamespace=default,environmentUid=ced8af41-455b-4081-99aa-1700c0092126,executorType=newdeploy,functionName=ml-object-detection,functionNamespace=default,functionUid=182005a6-ad76-40e9-9ecd-2fb10570ca05'
[ok] Patched Deployment resources
[ok] Patched Deployment resources
[ok] Verified Deployment template resources: requests={'cpu': '1500m', 'memory': '400Mi'} limits={'cpu': '5530m', 'memory': '502Mi'}
[info] Scaling deployment to 0 replicas to force full pod replacement
[ok] Verified Deployment template resources: requests={'cpu': '300m', 'memory': '50Mi'} limits={'cpu': '789m', 'memory': '52Mi'}
[info] Scaling deployment to 0 replicas to force full pod replacement
[ok] All pods terminated (replicas=0)
[info] Scaling deployment back to 24 replicas
[ok] All pods terminated (replicas=0)
[info] Scaling deployment back to 73 replicas
[ok] Rollout completed after scale-to-zero
[verify] newest RS=newdeploy-ml-image-processing-default-8b22-c7f0f2d6d72b-bc9fb8c89 pods=24 ready=24
[ok] Verified newest ReplicaSet template resources match expected
[ok] Rollout completed after scale-to-zero
[verify] newest RS=newdeploy-ml-object-detection-default-9ecd-2fb10570ca05-6fd8b96765 pods=73 ready=73
[ok] Verified newest ReplicaSet template resources match expected
[info] Started Locust with PID 3966360
[info] attempt=1: start sleep for 20s
[info] attempt=1: sleep done
\Start sampling in parallel...
Workflow e2e p99 latency (69 completed in 16.7s, parallel, 8 workers): 2.639s
Average stage latencies:
  - ml-image-processing: 0.116s
  - ml-object-detection: 0.216s
[info] poll_locust_row: failed to load, try again
[info] poll_locust_row: failed to load, try again
[info] total_requests: 1345
[info] e2e_latency (p99): 2.100 s
[info] energy_j: 8596.602339 J
[info] served_rps: 74.60 req/s
[info]: start_time: 1767884111.131, end_time: 1767884127.931, duration_s: 16.80 s
[info] energy_cost: 6.391526 J/request
[info] average power: 511.702522 W
[info] Locust stopped
================================================================================
objective      : energy
resource_config: [{'cpu_m': 789, 'memory_mi': 52}, {'cpu_m': 5530, 'memory_mi': 502}], latencies: {'ml-image-processing': 0.11625358465708037, 'ml-object-detection': 0.21597837966502362}, price_cost: 223.900557, energy_cost: 6.391526, latency_p99 : 2.100000, feasible: True, total_requests: 1345, served_rps: 74.60, total_energy_j: 8596.602339 J, profiling_duration_s: 16.800000s, average_power: 511.702522 W
wall_time_s    : 106.280
================================================================================

Updating function ml-image-processing to cpu: 661m, memory: 65Mi
Updating Deployment resource configuration...

Updating function ml-object-detection to cpu: 2431m, memory: 421Mi
Updating Deployment resource configuration...

[info] Original replicas=24, selector='environmentName=ml-image-processing,environmentNamespace=default,environmentUid=2449fff4-7632-422c-aa00-519fcb194e26,executorType=newdeploy,functionName=ml-image-processing,functionNamespace=default,functionUid=58487e4a-0036-4ccd-8b22-c7f0f2d6d72b'
[info] Original replicas=73, selector='environmentName=yolo,environmentNamespace=default,environmentUid=ced8af41-455b-4081-99aa-1700c0092126,executorType=newdeploy,functionName=ml-object-detection,functionNamespace=default,functionUid=182005a6-ad76-40e9-9ecd-2fb10570ca05'
[ok] Patched Deployment resources
[ok] Patched Deployment resources
[ok] Verified Deployment template resources: requests={'cpu': '300m', 'memory': '50Mi'} limits={'cpu': '661m', 'memory': '65Mi'}
[info] Scaling deployment to 0 replicas to force full pod replacement
[ok] Verified Deployment template resources: requests={'cpu': '1500m', 'memory': '400Mi'} limits={'cpu': '2431m', 'memory': '421Mi'}
[info] Scaling deployment to 0 replicas to force full pod replacement
[ok] All pods terminated (replicas=0)
[info] Scaling deployment back to 24 replicas
[ok] All pods terminated (replicas=0)
[info] Scaling deployment back to 73 replicas
[ok] Rollout completed after scale-to-zero
[verify] newest RS=newdeploy-ml-image-processing-default-8b22-c7f0f2d6d72b-6678c859b5 pods=24 ready=24
[ok] Verified newest ReplicaSet template resources match expected
[ok] Rollout completed after scale-to-zero
[verify] newest RS=newdeploy-ml-object-detection-default-9ecd-2fb10570ca05-6b5dc8b6ff pods=73 ready=73
[ok] Verified newest ReplicaSet template resources match expected
[info] Started Locust with PID 3976656
[info] attempt=1: start sleep for 20s
[info] attempt=1: sleep done
\Start sampling in parallel...
Workflow e2e p99 latency (35 completed in 21.6s, parallel, 8 workers): 9.000s
Average stage latencies:
  - ml-image-processing: 0.109s
  - ml-object-detection: 0.493s
[info] poll_locust_row: failed to load, try again
[info] poll_locust_row: failed to load, try again
[info] poll_locust_row: failed to load, try again
[info] total_requests: 1027
[info] e2e_latency (p99): 3.800 s
[info] energy_j: 7924.576450 J
[info] served_rps: 48.00 req/s
[info]: start_time: 1767884214.931, end_time: 1767884236.531, duration_s: 21.60 s
[info] energy_cost: 7.716238 J/request
[info] average power: 366.878541 W
[info] Locust stopped
================================================================================
objective      : energy
resource_config: [{'cpu_m': 661, 'memory_mi': 65}, {'cpu_m': 2431, 'memory_mi': 421}], latencies: {'ml-image-processing': 0.10890507355798036, 'ml-object-detection': 0.4927978273713961}, price_cost: 222.345079, energy_cost: 7.716238, latency_p99 : 3.800000, feasible: False, total_requests: 1027, served_rps: 48.00, total_energy_j: 7924.576450 J, profiling_duration_s: 21.600000s, average_power: 366.878541 W
wall_time_s    : 109.080
================================================================================

Updating function ml-image-processing to cpu: 686m, memory: 70Mi
Updating Deployment resource configuration...

Updating function ml-object-detection to cpu: 1796m, memory: 507Mi
Updating Deployment resource configuration...

[info] Original replicas=24, selector='environmentName=ml-image-processing,environmentNamespace=default,environmentUid=2449fff4-7632-422c-aa00-519fcb194e26,executorType=newdeploy,functionName=ml-image-processing,functionNamespace=default,functionUid=58487e4a-0036-4ccd-8b22-c7f0f2d6d72b'
[info] Original replicas=73, selector='environmentName=yolo,environmentNamespace=default,environmentUid=ced8af41-455b-4081-99aa-1700c0092126,executorType=newdeploy,functionName=ml-object-detection,functionNamespace=default,functionUid=182005a6-ad76-40e9-9ecd-2fb10570ca05'
[ok] Patched Deployment resources
[ok] Patched Deployment resources
[ok] Verified Deployment template resources: requests={'cpu': '300m', 'memory': '50Mi'} limits={'cpu': '686m', 'memory': '70Mi'}
[info] Scaling deployment to 0 replicas to force full pod replacement
[ok] Verified Deployment template resources: requests={'cpu': '1500m', 'memory': '400Mi'} limits={'cpu': '1796m', 'memory': '507Mi'}
[info] Scaling deployment to 0 replicas to force full pod replacement
[ok] All pods terminated (replicas=0)
[info] Scaling deployment back to 24 replicas
[ok] All pods terminated (replicas=0)
[info] Scaling deployment back to 73 replicas
[ok] Deleted HPA newdeploy-ml-object-detection-default-9ecd-2fb10570ca05
[ok] Rollout completed after scale-to-zero
[verify] newest RS=newdeploy-ml-image-processing-default-8b22-c7f0f2d6d72b-848df9d599 pods=24 ready=24
[ok] Verified newest ReplicaSet template resources match expected
[ok] Rollout completed after scale-to-zero
[verify] newest RS=newdeploy-ml-object-detection-default-9ecd-2fb10570ca05-5dd9c58db5 pods=73 ready=73
[ok] Verified newest ReplicaSet template resources match expected
[info] Started Locust with PID 3987196
[info] attempt=1: start sleep for 20s
[info] attempt=1: sleep done
\Start sampling in parallel...
Workflow e2e p99 latency (33 completed in 21.3s, parallel, 8 workers): 9.000s
Average stage latencies:
  - ml-image-processing: 0.097s
  - ml-object-detection: 0.709s
[info] poll_locust_row: failed to load, try again
[info] poll_locust_row: failed to load, try again
[info] poll_locust_row: failed to load, try again
[info] total_requests: 856
[info] e2e_latency (p99): 3.900 s
[info] energy_j: 6953.181632 J
[info] served_rps: 38.60 req/s
[info]: start_time: 1767884327.731, end_time: 1767884349.031, duration_s: 21.30 s
[info] energy_cost: 8.122876 J/request
[info] average power: 326.440453 W
[info] Locust stopped
================================================================================
objective      : energy
resource_config: [{'cpu_m': 686, 'memory_mi': 70}, {'cpu_m': 1796, 'memory_mi': 507}], latencies: {'ml-image-processing': 0.09739107259416155, 'ml-object-detection': 0.7089996575821369}, price_cost: 236.355290, energy_cost: 8.122876, latency_p99 : 3.900000, feasible: False, total_requests: 856, served_rps: 38.60, total_energy_j: 6953.181632 J, profiling_duration_s: 21.300000s, average_power: 326.440453 W
wall_time_s    : 112.594
================================================================================

================================================================================

Batch  3: best_feasible_cost (random, qNEI) = (6.222146210914453, 6.184739746743849), best_constraint =  -1.900 (<=0 feasible), time = 330.60.
Best feasible resource configuration: [{'cpu_m': 800, 'memory_mi': 50}, {'cpu_m': 6000, 'memory_mi': 423}]

================================================================================
/home/cc/miniconda3/envs/faas/lib/python3.10/site-packages/botorch/acquisition/monte_carlo.py:502: NumericsWarning: qNoisyExpectedImprovement has known numerical issues that lead to suboptimal optimization performance. It is strongly recommended to simply replace

	 qNoisyExpectedImprovement 	 --> 	 qLogNoisyExpectedImprovement 

instead, which fixes the issues and has the same API. See https://arxiv.org/abs/2310.20708 for details.
  legacy_ei_numerics_warning(legacy_name=type(self).__name__)
Updating function ml-image-processing to cpu: 800m, memory: 59Mi
Updating Deployment resource configuration...

Updating function ml-object-detection to cpu: 5822m, memory: 446Mi
Updating Deployment resource configuration...

[info] Original replicas=24, selector='environmentName=ml-image-processing,environmentNamespace=default,environmentUid=2449fff4-7632-422c-aa00-519fcb194e26,executorType=newdeploy,functionName=ml-image-processing,functionNamespace=default,functionUid=58487e4a-0036-4ccd-8b22-c7f0f2d6d72b'
[info] Original replicas=73, selector='environmentName=yolo,environmentNamespace=default,environmentUid=ced8af41-455b-4081-99aa-1700c0092126,executorType=newdeploy,functionName=ml-object-detection,functionNamespace=default,functionUid=182005a6-ad76-40e9-9ecd-2fb10570ca05'
[ok] Patched Deployment resources
[ok] Patched Deployment resources
[ok] Verified Deployment template resources: requests={'cpu': '1500m', 'memory': '400Mi'} limits={'cpu': '5822m', 'memory': '446Mi'}
[info] Scaling deployment to 0 replicas to force full pod replacement
[ok] Verified Deployment template resources: requests={'cpu': '300m', 'memory': '50Mi'} limits={'cpu': '800m', 'memory': '59Mi'}
[info] Scaling deployment to 0 replicas to force full pod replacement
[ok] All pods terminated (replicas=0)
[info] Scaling deployment back to 24 replicas
[ok] All pods terminated (replicas=0)
[info] Scaling deployment back to 73 replicas
[ok] Deleted HPA newdeploy-ml-object-detection-default-9ecd-2fb10570ca05
[ok] Rollout completed after scale-to-zero
[verify] newest RS=newdeploy-ml-image-processing-default-8b22-c7f0f2d6d72b-fb58bf88b pods=24 ready=24
[ok] Verified newest ReplicaSet template resources match expected
[ok] Rollout completed after scale-to-zero
[verify] newest RS=newdeploy-ml-object-detection-default-9ecd-2fb10570ca05-747bc68fd7 pods=73 ready=73
[ok] Verified newest ReplicaSet template resources match expected
[info] Started Locust with PID 3998096
[info] attempt=1: start sleep for 20s
[info] attempt=1: sleep done
\Start sampling in parallel...
Workflow e2e p99 latency (74 completed in 16.6s, parallel, 8 workers): 1.405s
Average stage latencies:
  - ml-image-processing: 0.117s
  - ml-object-detection: 0.202s
[info] poll_locust_row: failed to load, try again
[info] poll_locust_row: failed to load, try again
[info] total_requests: 1370
[info] e2e_latency (p99): 1.200 s
[info] energy_j: 8557.494348 J
[info] served_rps: 76.40 req/s
[info]: start_time: 1767884442.931, end_time: 1767884459.631, duration_s: 16.70 s
[info] energy_cost: 6.246346 J/request
[info] average power: 512.424810 W
[info] Locust stopped
================================================================================
objective      : energy
resource_config: [{'cpu_m': 800, 'memory_mi': 59}, {'cpu_m': 5822, 'memory_mi': 446}], latencies: {'ml-image-processing': 0.11747530712494375, 'ml-object-detection': 0.20179843402945916}, price_cost: 220.703454, energy_cost: 6.246346, latency_p99 : 1.200000, feasible: True, total_requests: 1370, served_rps: 76.40, total_energy_j: 8557.494348 J, profiling_duration_s: 16.700000s, average_power: 512.424810 W
wall_time_s    : 107.736
================================================================================

Updating function ml-image-processing to cpu: 656m, memory: 70Mi
Updating Deployment resource configuration...

Updating function ml-object-detection to cpu: 5484m, memory: 512Mi
Updating Deployment resource configuration...

[info] Original replicas=73, selector='environmentName=yolo,environmentNamespace=default,environmentUid=ced8af41-455b-4081-99aa-1700c0092126,executorType=newdeploy,functionName=ml-object-detection,functionNamespace=default,functionUid=182005a6-ad76-40e9-9ecd-2fb10570ca05'
[info] Original replicas=24, selector='environmentName=ml-image-processing,environmentNamespace=default,environmentUid=2449fff4-7632-422c-aa00-519fcb194e26,executorType=newdeploy,functionName=ml-image-processing,functionNamespace=default,functionUid=58487e4a-0036-4ccd-8b22-c7f0f2d6d72b'
[ok] Patched Deployment resources
[ok] Patched Deployment resources
[ok] Verified Deployment template resources: requests={'cpu': '300m', 'memory': '50Mi'} limits={'cpu': '656m', 'memory': '70Mi'}
[info] Scaling deployment to 0 replicas to force full pod replacement
[ok] Verified Deployment template resources: requests={'cpu': '1500m', 'memory': '400Mi'} limits={'cpu': '5484m', 'memory': '512Mi'}
[info] Scaling deployment to 0 replicas to force full pod replacement
[ok] All pods terminated (replicas=0)
[info] Scaling deployment back to 24 replicas
[ok] All pods terminated (replicas=0)
[info] Scaling deployment back to 73 replicas
[ok] Rollout completed after scale-to-zero
[verify] newest RS=newdeploy-ml-image-processing-default-8b22-c7f0f2d6d72b-58ff44998f pods=24 ready=24
[ok] Verified newest ReplicaSet template resources match expected
[ok] Rollout completed after scale-to-zero
[verify] newest RS=newdeploy-ml-object-detection-default-9ecd-2fb10570ca05-7f598d7fbd pods=73 ready=73
[ok] Verified newest ReplicaSet template resources match expected
[info] Started Locust with PID 4008137
[info] attempt=1: start sleep for 20s
[info] attempt=1: sleep done
\Start sampling in parallel...
Workflow e2e p99 latency (71 completed in 16.6s, parallel, 8 workers): 1.694s
Average stage latencies:
  - ml-image-processing: 0.139s
  - ml-object-detection: 0.207s
[info] poll_locust_row: failed to load, try again
[info] poll_locust_row: failed to load, try again
[info] poll_locust_row: failed to load, try again
[info] total_requests: 1330
[info] e2e_latency (p99): 1.500 s
[info] energy_j: 8465.081103 J
[info] served_rps: 74.20 req/s
[info]: start_time: 1767884549.031, end_time: 1767884565.631, duration_s: 16.60 s
[info] energy_cost: 6.364723 J/request
[info] average power: 509.944640 W
[info] Locust stopped
================================================================================
objective      : energy
resource_config: [{'cpu_m': 656, 'memory_mi': 70}, {'cpu_m': 5484, 'memory_mi': 512}], latencies: {'ml-image-processing': 0.13872473775474747, 'ml-object-detection': 0.20673735718518285}, price_cost: 213.303331, energy_cost: 6.364723, latency_p99 : 1.500000, feasible: True, total_requests: 1330, served_rps: 74.20, total_energy_j: 8465.081103 J, profiling_duration_s: 16.600000s, average_power: 509.944640 W
wall_time_s    : 106.569
================================================================================

Updating function ml-image-processing to cpu: 560m, memory: 57Mi
Updating Deployment resource configuration...

Updating function ml-object-detection to cpu: 1818m, memory: 476Mi
Updating Deployment resource configuration...

[info] Original replicas=24, selector='environmentName=ml-image-processing,environmentNamespace=default,environmentUid=2449fff4-7632-422c-aa00-519fcb194e26,executorType=newdeploy,functionName=ml-image-processing,functionNamespace=default,functionUid=58487e4a-0036-4ccd-8b22-c7f0f2d6d72b'
[info] Original replicas=73, selector='environmentName=yolo,environmentNamespace=default,environmentUid=ced8af41-455b-4081-99aa-1700c0092126,executorType=newdeploy,functionName=ml-object-detection,functionNamespace=default,functionUid=182005a6-ad76-40e9-9ecd-2fb10570ca05'
[ok] Patched Deployment resources
[ok] Patched Deployment resources
[ok] Verified Deployment template resources: requests={'cpu': '1500m', 'memory': '400Mi'} limits={'cpu': '1818m', 'memory': '476Mi'}
[info] Scaling deployment to 0 replicas to force full pod replacement
[ok] Verified Deployment template resources: requests={'cpu': '300m', 'memory': '50Mi'} limits={'cpu': '560m', 'memory': '57Mi'}
[info] Scaling deployment to 0 replicas to force full pod replacement
[ok] All pods terminated (replicas=0)
[info] Scaling deployment back to 24 replicas
[ok] All pods terminated (replicas=0)
[info] Scaling deployment back to 73 replicas
[ok] Rollout completed after scale-to-zero
[verify] newest RS=newdeploy-ml-image-processing-default-8b22-c7f0f2d6d72b-7c8f545f59 pods=24 ready=24
[ok] Verified newest ReplicaSet template resources match expected
[ok] Rollout completed after scale-to-zero
[verify] newest RS=newdeploy-ml-object-detection-default-9ecd-2fb10570ca05-8f8765685 pods=73 ready=73
[ok] Verified newest ReplicaSet template resources match expected
[info] Started Locust with PID 4018330
[info] attempt=1: start sleep for 20s
[info] attempt=1: sleep done
\Start sampling in parallel...
Workflow e2e p99 latency (38 completed in 21.4s, parallel, 8 workers): 9.000s
Average stage latencies:
  - ml-image-processing: 0.108s
  - ml-object-detection: 0.692s
[info] poll_locust_row: failed to load, try again
[info] poll_locust_row: failed to load, try again
[info] poll_locust_row: failed to load, try again
[info] total_requests: 852
[info] e2e_latency (p99): 4.000 s
[info] energy_j: 6938.702849 J
[info] served_rps: 38.70 req/s
[info]: start_time: 1767884655.131, end_time: 1767884676.531, duration_s: 21.40 s
[info] energy_cost: 8.144017 J/request
[info] average power: 324.238453 W
[info] Locust stopped
================================================================================
objective      : energy
resource_config: [{'cpu_m': 560, 'memory_mi': 57}, {'cpu_m': 1818, 'memory_mi': 476}], latencies: {'ml-image-processing': 0.10775882097099114, 'ml-object-detection': 0.6916319172898376}, price_cost: 232.092512, energy_cost: 8.144017, latency_p99 : 4.000000, feasible: False, total_requests: 852, served_rps: 38.70, total_energy_j: 6938.702849 J, profiling_duration_s: 21.400000s, average_power: 324.238453 W
wall_time_s    : 110.887
================================================================================

================================================================================

Batch  4: best_feasible_cost (random, qNEI) = (6.222146210914453, 6.184739746743849), best_constraint =  -1.900 (<=0 feasible), time = 327.40.
Best feasible resource configuration: [{'cpu_m': 800, 'memory_mi': 50}, {'cpu_m': 6000, 'memory_mi': 423}]

================================================================================
/home/cc/miniconda3/envs/faas/lib/python3.10/site-packages/botorch/acquisition/monte_carlo.py:502: NumericsWarning: qNoisyExpectedImprovement has known numerical issues that lead to suboptimal optimization performance. It is strongly recommended to simply replace

	 qNoisyExpectedImprovement 	 --> 	 qLogNoisyExpectedImprovement 

instead, which fixes the issues and has the same API. See https://arxiv.org/abs/2310.20708 for details.
  legacy_ei_numerics_warning(legacy_name=type(self).__name__)
Updating function ml-image-processing to cpu: 800m, memory: 70Mi
Updating Deployment resource configuration...

Updating function ml-object-detection to cpu: 5663m, memory: 509Mi
Updating Deployment resource configuration...

[info] Original replicas=24, selector='environmentName=ml-image-processing,environmentNamespace=default,environmentUid=2449fff4-7632-422c-aa00-519fcb194e26,executorType=newdeploy,functionName=ml-image-processing,functionNamespace=default,functionUid=58487e4a-0036-4ccd-8b22-c7f0f2d6d72b'
[info] Original replicas=73, selector='environmentName=yolo,environmentNamespace=default,environmentUid=ced8af41-455b-4081-99aa-1700c0092126,executorType=newdeploy,functionName=ml-object-detection,functionNamespace=default,functionUid=182005a6-ad76-40e9-9ecd-2fb10570ca05'
[ok] Patched Deployment resources
[ok] Patched Deployment resources
[ok] Verified Deployment template resources: requests={'cpu': '1500m', 'memory': '400Mi'} limits={'cpu': '5663m', 'memory': '509Mi'}
[info] Scaling deployment to 0 replicas to force full pod replacement
[ok] Verified Deployment template resources: requests={'cpu': '300m', 'memory': '50Mi'} limits={'cpu': '800m', 'memory': '70Mi'}
[info] Scaling deployment to 0 replicas to force full pod replacement
[ok] All pods terminated (replicas=0)
[info] Scaling deployment back to 24 replicas
[ok] All pods terminated (replicas=0)
[info] Scaling deployment back to 73 replicas
[ok] Deleted HPA newdeploy-ml-object-detection-default-9ecd-2fb10570ca05
[ok] Rollout completed after scale-to-zero
[verify] newest RS=newdeploy-ml-image-processing-default-8b22-c7f0f2d6d72b-645757cff9 pods=24 ready=24
[ok] Verified newest ReplicaSet template resources match expected
[ok] Rollout completed after scale-to-zero
[verify] newest RS=newdeploy-ml-object-detection-default-9ecd-2fb10570ca05-85c78dc99 pods=73 ready=73
[ok] Verified newest ReplicaSet template resources match expected
[info] Started Locust with PID 4030354
[info] attempt=1: start sleep for 20s
[info] attempt=1: sleep done
\Start sampling in parallel...
Workflow e2e p99 latency (73 completed in 16.7s, parallel, 8 workers): 2.599s
Average stage latencies:
  - ml-image-processing: 0.119s
  - ml-object-detection: 0.207s
[info] poll_locust_row: failed to load, try again
[info] poll_locust_row: failed to load, try again
[info] total_requests: 1345
[info] e2e_latency (p99): 2.600 s
[info] energy_j: 8444.840644 J
[info] served_rps: 74.20 req/s
[info]: start_time: 1767884769.431, end_time: 1767884786.031, duration_s: 16.60 s
[info] energy_cost: 6.278692 J/request
[info] average power: 508.725343 W
[info] Locust stopped
================================================================================
objective      : energy
resource_config: [{'cpu_m': 800, 'memory_mi': 70}, {'cpu_m': 5663, 'memory_mi': 509}], latencies: {'ml-image-processing': 0.1187992661948992, 'ml-object-detection': 0.2069483554526551}, price_cost: 220.586843, energy_cost: 6.278692, latency_p99 : 2.600000, feasible: True, total_requests: 1345, served_rps: 74.20, total_energy_j: 8444.840644 J, profiling_duration_s: 16.600000s, average_power: 508.725343 W
wall_time_s    : 106.455
================================================================================

Updating function ml-image-processing to cpu: 300m, memory: 50Mi
Updating Deployment resource configuration...

Updating function ml-object-detection to cpu: 5606m, memory: 459Mi
Updating Deployment resource configuration...

[info] Original replicas=73, selector='environmentName=yolo,environmentNamespace=default,environmentUid=ced8af41-455b-4081-99aa-1700c0092126,executorType=newdeploy,functionName=ml-object-detection,functionNamespace=default,functionUid=182005a6-ad76-40e9-9ecd-2fb10570ca05'
[info] Original replicas=24, selector='environmentName=ml-image-processing,environmentNamespace=default,environmentUid=2449fff4-7632-422c-aa00-519fcb194e26,executorType=newdeploy,functionName=ml-image-processing,functionNamespace=default,functionUid=58487e4a-0036-4ccd-8b22-c7f0f2d6d72b'
[ok] Patched Deployment resources
[ok] Patched Deployment resources
[ok] Verified Deployment template resources: requests={'cpu': '1500m', 'memory': '400Mi'} limits={'cpu': '5606m', 'memory': '459Mi'}
[info] Scaling deployment to 0 replicas to force full pod replacement
[ok] Verified Deployment template resources: requests={'cpu': '300m', 'memory': '50Mi'} limits={'cpu': '300m', 'memory': '50Mi'}
[info] Scaling deployment to 0 replicas to force full pod replacement
[ok] All pods terminated (replicas=0)
[info] Scaling deployment back to 24 replicas
[ok] All pods terminated (replicas=0)
[info] Scaling deployment back to 73 replicas
[ok] Rollout completed after scale-to-zero
[verify] newest RS=newdeploy-ml-image-processing-default-8b22-c7f0f2d6d72b-74db6b8b8c pods=24 ready=24
[ok] Verified newest ReplicaSet template resources match expected
[ok] Rollout completed after scale-to-zero
[verify] newest RS=newdeploy-ml-object-detection-default-9ecd-2fb10570ca05-6bccfc655d pods=73 ready=73
[ok] Verified newest ReplicaSet template resources match expected
[info] Started Locust with PID 4040795
[info] attempt=1: start sleep for 20s
[info] attempt=1: sleep done
\Start sampling in parallel...
Workflow e2e p99 latency (57 completed in 17.0s, parallel, 8 workers): 3.317s
Average stage latencies:
  - ml-image-processing: 0.307s
  - ml-object-detection: 0.169s
[info] poll_locust_row: failed to load, try again
[info] poll_locust_row: failed to load, try again
[info] total_requests: 969
[info] e2e_latency (p99): 3.300 s
[info] energy_j: 7334.933557 J
[info] served_rps: 55.60 req/s
[info]: start_time: 1767884875.631, end_time: 1767884892.531, duration_s: 16.90 s
[info] energy_cost: 7.569591 J/request
[info] average power: 434.019741 W
[info] Locust stopped
================================================================================
objective      : energy
resource_config: [{'cpu_m': 300, 'memory_mi': 50}, {'cpu_m': 5606, 'memory_mi': 459}], latencies: {'ml-image-processing': 0.306547932759777, 'ml-object-detection': 0.16924213682579106}, price_cost: 181.191311, energy_cost: 7.569591, latency_p99 : 3.300000, feasible: False, total_requests: 969, served_rps: 55.60, total_energy_j: 7334.933557 J, profiling_duration_s: 16.900000s, average_power: 434.019741 W
wall_time_s    : 106.500
================================================================================

Updating function ml-image-processing to cpu: 581m, memory: 59Mi
Updating Deployment resource configuration...

Updating function ml-object-detection to cpu: 5207m, memory: 431Mi
Updating Deployment resource configuration...

[info] Original replicas=73, selector='environmentName=yolo,environmentNamespace=default,environmentUid=ced8af41-455b-4081-99aa-1700c0092126,executorType=newdeploy,functionName=ml-object-detection,functionNamespace=default,functionUid=182005a6-ad76-40e9-9ecd-2fb10570ca05'
[info] Original replicas=24, selector='environmentName=ml-image-processing,environmentNamespace=default,environmentUid=2449fff4-7632-422c-aa00-519fcb194e26,executorType=newdeploy,functionName=ml-image-processing,functionNamespace=default,functionUid=58487e4a-0036-4ccd-8b22-c7f0f2d6d72b'
[ok] Patched Deployment resources
[ok] Patched Deployment resources
[ok] Verified Deployment template resources: requests={'cpu': '300m', 'memory': '50Mi'} limits={'cpu': '581m', 'memory': '59Mi'}
[info] Scaling deployment to 0 replicas to force full pod replacement
[ok] Verified Deployment template resources: requests={'cpu': '1500m', 'memory': '400Mi'} limits={'cpu': '5207m', 'memory': '431Mi'}
[info] Scaling deployment to 0 replicas to force full pod replacement
[ok] All pods terminated (replicas=0)
[info] Scaling deployment back to 24 replicas
[ok] All pods terminated (replicas=0)
[info] Scaling deployment back to 73 replicas
[ok] Rollout completed after scale-to-zero
[verify] newest RS=newdeploy-ml-image-processing-default-8b22-c7f0f2d6d72b-5c76bfcf6b pods=24 ready=24
[ok] Verified newest ReplicaSet template resources match expected
[ok] Rollout completed after scale-to-zero
[verify] newest RS=newdeploy-ml-object-detection-default-9ecd-2fb10570ca05-7669d47884 pods=73 ready=73
[ok] Verified newest ReplicaSet template resources match expected
[info] Started Locust with PID 4050606
[info] attempt=1: start sleep for 20s
[info] attempt=1: sleep done
\Start sampling in parallel...
Workflow e2e p99 latency (56 completed in 16.8s, parallel, 8 workers): 9.000s
Average stage latencies:
  - ml-image-processing: 0.145s
  - ml-object-detection: 0.280s
[info] poll_locust_row: failed to load, try again
[info] poll_locust_row: failed to load, try again
[info] total_requests: 1119
[info] e2e_latency (p99): 4.300 s
[info] energy_j: 7549.728464 J
[info] served_rps: 54.80 req/s
[info]: start_time: 1767884980.631, end_time: 1767884997.331, duration_s: 16.70 s
[info] energy_cost: 6.746853 J/request
[info] average power: 452.079547 W
[info] Locust stopped
================================================================================
objective      : energy
resource_config: [{'cpu_m': 581, 'memory_mi': 59}, {'cpu_m': 5207, 'memory_mi': 431}], latencies: {'ml-image-processing': 0.1452224694869735, 'ml-object-detection': 0.2796005448241803}, price_cost: 268.051627, energy_cost: 6.746853, latency_p99 : 4.300000, feasible: False, total_requests: 1119, served_rps: 54.80, total_energy_j: 7549.728464 J, profiling_duration_s: 16.700000s, average_power: 452.079547 W
wall_time_s    : 104.794
================================================================================

================================================================================

Batch  5: best_feasible_cost (random, qNEI) = (6.222146210914453, 6.184739746743849), best_constraint =  -1.900 (<=0 feasible), time = 320.37.
Best feasible resource configuration: [{'cpu_m': 800, 'memory_mi': 50}, {'cpu_m': 6000, 'memory_mi': 423}]

================================================================================
/home/cc/miniconda3/envs/faas/lib/python3.10/site-packages/botorch/acquisition/monte_carlo.py:502: NumericsWarning: qNoisyExpectedImprovement has known numerical issues that lead to suboptimal optimization performance. It is strongly recommended to simply replace

	 qNoisyExpectedImprovement 	 --> 	 qLogNoisyExpectedImprovement 

instead, which fixes the issues and has the same API. See https://arxiv.org/abs/2310.20708 for details.
  legacy_ei_numerics_warning(legacy_name=type(self).__name__)
Updating function ml-image-processing to cpu: 394m, memory: 60Mi
Updating Deployment resource configuration...

Updating function ml-object-detection to cpu: 1500m, memory: 441Mi
Updating Deployment resource configuration...

[info] Original replicas=24, selector='environmentName=ml-image-processing,environmentNamespace=default,environmentUid=2449fff4-7632-422c-aa00-519fcb194e26,executorType=newdeploy,functionName=ml-image-processing,functionNamespace=default,functionUid=58487e4a-0036-4ccd-8b22-c7f0f2d6d72b'
[ok] Patched Deployment resources
[info] Original replicas=73, selector='environmentName=yolo,environmentNamespace=default,environmentUid=ced8af41-455b-4081-99aa-1700c0092126,executorType=newdeploy,functionName=ml-object-detection,functionNamespace=default,functionUid=182005a6-ad76-40e9-9ecd-2fb10570ca05'
[ok] Patched Deployment resources
[ok] Verified Deployment template resources: requests={'cpu': '300m', 'memory': '50Mi'} limits={'cpu': '394m', 'memory': '60Mi'}
[info] Scaling deployment to 0 replicas to force full pod replacement
[ok] Verified Deployment template resources: requests={'cpu': '1500m', 'memory': '400Mi'} limits={'cpu': '1500m', 'memory': '441Mi'}
[info] Scaling deployment to 0 replicas to force full pod replacement
[ok] All pods terminated (replicas=0)
[info] Scaling deployment back to 24 replicas
[ok] All pods terminated (replicas=0)
[info] Scaling deployment back to 73 replicas
[ok] Rollout completed after scale-to-zero
[verify] newest RS=newdeploy-ml-image-processing-default-8b22-c7f0f2d6d72b-5d489754bd pods=24 ready=24
[ok] Verified newest ReplicaSet template resources match expected
[ok] Rollout completed after scale-to-zero
[verify] newest RS=newdeploy-ml-object-detection-default-9ecd-2fb10570ca05-86c45cc48f pods=73 ready=73
[ok] Verified newest ReplicaSet template resources match expected
[info] Started Locust with PID 4061151
[info] attempt=1: start sleep for 20s
[info] attempt=1: sleep done
\Start sampling in parallel...
Workflow e2e p99 latency (30 completed in 21.8s, parallel, 8 workers): 9.000s
Average stage latencies:
  - ml-image-processing: 0.165s
  - ml-object-detection: 0.891s
[info] poll_locust_row: failed to load, try again
[info] poll_locust_row: failed to load, try again
[info] total_requests: 760
[info] e2e_latency (p99): 4.200 s
[info] energy_j: 6657.175969 J
[info] served_rps: 35.40 req/s
[info]: start_time: 1767885094.831, end_time: 1767885116.631, duration_s: 21.80 s
[info] energy_cost: 8.759442 J/request
[info] average power: 305.375045 W
[info] Locust stopped
================================================================================
objective      : energy
resource_config: [{'cpu_m': 394, 'memory_mi': 60}, {'cpu_m': 1500, 'memory_mi': 441}], latencies: {'ml-image-processing': 0.1652446970942297, 'ml-object-detection': 0.8906844189789679}, price_cost: 247.349306, energy_cost: 8.759442, latency_p99 : 4.200000, feasible: False, total_requests: 760, served_rps: 35.40, total_energy_j: 6657.175969 J, profiling_duration_s: 21.800000s, average_power: 305.375045 W
wall_time_s    : 117.013
================================================================================

Updating function ml-image-processing to cpu: 800m, memory: 70Mi
Updating Deployment resource configuration...

Updating function ml-object-detection to cpu: 3702m, memory: 400Mi
Updating Deployment resource configuration...

[info] Original replicas=24, selector='environmentName=ml-image-processing,environmentNamespace=default,environmentUid=2449fff4-7632-422c-aa00-519fcb194e26,executorType=newdeploy,functionName=ml-image-processing,functionNamespace=default,functionUid=58487e4a-0036-4ccd-8b22-c7f0f2d6d72b'
[info] Original replicas=73, selector='environmentName=yolo,environmentNamespace=default,environmentUid=ced8af41-455b-4081-99aa-1700c0092126,executorType=newdeploy,functionName=ml-object-detection,functionNamespace=default,functionUid=182005a6-ad76-40e9-9ecd-2fb10570ca05'
[ok] Patched Deployment resources
[ok] Patched Deployment resources
[ok] Verified Deployment template resources: requests={'cpu': '300m', 'memory': '50Mi'} limits={'cpu': '800m', 'memory': '70Mi'}
[info] Scaling deployment to 0 replicas to force full pod replacement
[ok] Verified Deployment template resources: requests={'cpu': '1500m', 'memory': '400Mi'} limits={'cpu': '3702m', 'memory': '400Mi'}
[info] Scaling deployment to 0 replicas to force full pod replacement
[ok] All pods terminated (replicas=0)
[info] Scaling deployment back to 24 replicas
[ok] All pods terminated (replicas=0)
[info] Scaling deployment back to 73 replicas
[ok] Deleted HPA newdeploy-ml-object-detection-default-9ecd-2fb10570ca05
[ok] Rollout completed after scale-to-zero
[verify] newest RS=newdeploy-ml-image-processing-default-8b22-c7f0f2d6d72b-645757cff9 pods=24 ready=24
[ok] Verified newest ReplicaSet template resources match expected
[ok] Rollout completed after scale-to-zero
[verify] newest RS=newdeploy-ml-object-detection-default-9ecd-2fb10570ca05-554c4978b4 pods=73 ready=73
[ok] Verified newest ReplicaSet template resources match expected
[info] Started Locust with PID 4071894
[info] attempt=1: start sleep for 20s
[info] attempt=1: sleep done
\Start sampling in parallel...
Workflow e2e p99 latency (59 completed in 18.0s, parallel, 8 workers): 9.000s
Average stage latencies:
  - ml-image-processing: 0.096s
  - ml-object-detection: 0.280s
[info] total_requests: 1104
[info] e2e_latency (p99): 3.800 s
[info] energy_j: 7939.932890 J
[info] served_rps: 60.70 req/s
[info]: start_time: 1767885208.031, end_time: 1767885226.031, duration_s: 18.00 s
[info] energy_cost: 7.191968 J/request
[info] average power: 441.107383 W
[info] Locust stopped
================================================================================
objective      : energy
resource_config: [{'cpu_m': 800, 'memory_mi': 70}, {'cpu_m': 3702, 'memory_mi': 400}], latencies: {'ml-image-processing': 0.0964613605375317, 'ml-object-detection': 0.2802063017829575}, price_cost: 194.268926, energy_cost: 7.191968, latency_p99 : 3.800000, feasible: False, total_requests: 1104, served_rps: 60.70, total_energy_j: 7939.932890 J, profiling_duration_s: 18.000000s, average_power: 441.107383 W
wall_time_s    : 108.412
================================================================================

Updating function ml-image-processing to cpu: 380m, memory: 50Mi
Updating Deployment resource configuration...

Updating function ml-object-detection to cpu: 3840m, memory: 400Mi
Updating Deployment resource configuration...

[info] Original replicas=73, selector='environmentName=yolo,environmentNamespace=default,environmentUid=ced8af41-455b-4081-99aa-1700c0092126,executorType=newdeploy,functionName=ml-object-detection,functionNamespace=default,functionUid=182005a6-ad76-40e9-9ecd-2fb10570ca05'
[info] Original replicas=24, selector='environmentName=ml-image-processing,environmentNamespace=default,environmentUid=2449fff4-7632-422c-aa00-519fcb194e26,executorType=newdeploy,functionName=ml-image-processing,functionNamespace=default,functionUid=58487e4a-0036-4ccd-8b22-c7f0f2d6d72b'
[ok] Patched Deployment resources
[ok] Patched Deployment resources
[ok] Verified Deployment template resources: requests={'cpu': '1500m', 'memory': '400Mi'} limits={'cpu': '3840m', 'memory': '400Mi'}
[info] Scaling deployment to 0 replicas to force full pod replacement
[ok] Verified Deployment template resources: requests={'cpu': '300m', 'memory': '50Mi'} limits={'cpu': '380m', 'memory': '50Mi'}
[info] Scaling deployment to 0 replicas to force full pod replacement
[ok] All pods terminated (replicas=0)
[info] Scaling deployment back to 24 replicas
[ok] All pods terminated (replicas=0)
[info] Scaling deployment back to 73 replicas
[ok] Rollout completed after scale-to-zero
[verify] newest RS=newdeploy-ml-image-processing-default-8b22-c7f0f2d6d72b-798dc8db8c pods=24 ready=24
[ok] Verified newest ReplicaSet template resources match expected
[ok] Rollout completed after scale-to-zero
[verify] newest RS=newdeploy-ml-object-detection-default-9ecd-2fb10570ca05-665698d9b8 pods=73 ready=73
[ok] Verified newest ReplicaSet template resources match expected
[info] Started Locust with PID 4082290
[info] attempt=1: start sleep for 20s
[info] attempt=1: sleep done
\Start sampling in parallel...
Workflow e2e p99 latency (52 completed in 18.2s, parallel, 8 workers): 6.130s
Average stage latencies:
  - ml-image-processing: 0.232s
  - ml-object-detection: 0.263s
[info] total_requests: 1039
[info] e2e_latency (p99): 4.400 s
[info] energy_j: 8092.888422 J
[info] served_rps: 56.50 req/s
[info]: start_time: 1767885313.831, end_time: 1767885332.131, duration_s: 18.30 s
[info] energy_cost: 7.789113 J/request
[info] average power: 442.234341 W
[info] Locust stopped
================================================================================
objective      : energy
resource_config: [{'cpu_m': 380, 'memory_mi': 50}, {'cpu_m': 3840, 'memory_mi': 400}], latencies: {'ml-image-processing': 0.2322625350833942, 'ml-object-detection': 0.26321413763798773}, price_cost: 191.565210, energy_cost: 7.789113, latency_p99 : 4.400000, feasible: False, total_requests: 1039, served_rps: 56.50, total_energy_j: 8092.888422 J, profiling_duration_s: 18.300000s, average_power: 442.234341 W
wall_time_s    : 106.032
================================================================================

================================================================================

Batch  6: best_feasible_cost (random, qNEI) = (6.222146210914453, 6.184739746743849), best_constraint =  -1.900 (<=0 feasible), time = 333.70.
Best feasible resource configuration: [{'cpu_m': 800, 'memory_mi': 50}, {'cpu_m': 6000, 'memory_mi': 423}]

================================================================================
/home/cc/miniconda3/envs/faas/lib/python3.10/site-packages/botorch/acquisition/monte_carlo.py:502: NumericsWarning: qNoisyExpectedImprovement has known numerical issues that lead to suboptimal optimization performance. It is strongly recommended to simply replace

	 qNoisyExpectedImprovement 	 --> 	 qLogNoisyExpectedImprovement 

instead, which fixes the issues and has the same API. See https://arxiv.org/abs/2310.20708 for details.
  legacy_ei_numerics_warning(legacy_name=type(self).__name__)
Updating function ml-image-processing to cpu: 424m, memory: 60Mi
Updating Deployment resource configuration...

Updating function ml-object-detection to cpu: 2368m, memory: 479Mi
Updating Deployment resource configuration...

[info] Original replicas=24, selector='environmentName=ml-image-processing,environmentNamespace=default,environmentUid=2449fff4-7632-422c-aa00-519fcb194e26,executorType=newdeploy,functionName=ml-image-processing,functionNamespace=default,functionUid=58487e4a-0036-4ccd-8b22-c7f0f2d6d72b'
[info] Original replicas=73, selector='environmentName=yolo,environmentNamespace=default,environmentUid=ced8af41-455b-4081-99aa-1700c0092126,executorType=newdeploy,functionName=ml-object-detection,functionNamespace=default,functionUid=182005a6-ad76-40e9-9ecd-2fb10570ca05'
[ok] Patched Deployment resources
[ok] Patched Deployment resources
[ok] Verified Deployment template resources: requests={'cpu': '1500m', 'memory': '400Mi'} limits={'cpu': '2368m', 'memory': '479Mi'}
[info] Scaling deployment to 0 replicas to force full pod replacement
[ok] Verified Deployment template resources: requests={'cpu': '300m', 'memory': '50Mi'} limits={'cpu': '424m', 'memory': '60Mi'}
[info] Scaling deployment to 0 replicas to force full pod replacement
[ok] All pods terminated (replicas=0)
[info] Scaling deployment back to 24 replicas
[ok] All pods terminated (replicas=0)
[info] Scaling deployment back to 73 replicas
[ok] Rollout completed after scale-to-zero
[verify] newest RS=newdeploy-ml-image-processing-default-8b22-c7f0f2d6d72b-5d89fb5dc6 pods=24 ready=24
[ok] Verified newest ReplicaSet template resources match expected
[ok] Rollout completed after scale-to-zero
[verify] newest RS=newdeploy-ml-object-detection-default-9ecd-2fb10570ca05-7d59cc84cb pods=73 ready=73
[ok] Verified newest ReplicaSet template resources match expected
[info] Started Locust with PID 4092704
[info] attempt=1: start sleep for 20s
[info] attempt=1: sleep done
\Start sampling in parallel...
Workflow e2e p99 latency (35 completed in 17.6s, parallel, 8 workers): 9.000s
Average stage latencies:
  - ml-image-processing: 0.166s
  - ml-object-detection: 0.483s
[info] poll_locust_row: failed to load, try again
[info] total_requests: 819
[info] e2e_latency (p99): 4.200 s
[info] energy_j: 6381.838132 J
[info] served_rps: 45.60 req/s
[info]: start_time: 1767885422.231, end_time: 1767885439.831, duration_s: 17.60 s
[info] energy_cost: 7.792232 J/request
[info] average power: 362.604436 W
[info] Locust stopped
================================================================================
objective      : energy
resource_config: [{'cpu_m': 424, 'memory_mi': 60}, {'cpu_m': 2368, 'memory_mi': 479}], latencies: {'ml-image-processing': 0.16635494877118617, 'ml-object-detection': 0.48307314194971696}, price_cost: 213.069036, energy_cost: 7.792232, latency_p99 : 4.200000, feasible: False, total_requests: 819, served_rps: 45.60, total_energy_j: 6381.838132 J, profiling_duration_s: 17.600000s, average_power: 362.604436 W
wall_time_s    : 106.267
================================================================================

Updating function ml-image-processing to cpu: 696m, memory: 59Mi
Updating Deployment resource configuration...

Updating function ml-object-detection to cpu: 2116m, memory: 439Mi
Updating Deployment resource configuration...

[info] Original replicas=73, selector='environmentName=yolo,environmentNamespace=default,environmentUid=ced8af41-455b-4081-99aa-1700c0092126,executorType=newdeploy,functionName=ml-object-detection,functionNamespace=default,functionUid=182005a6-ad76-40e9-9ecd-2fb10570ca05'
[info] Original replicas=24, selector='environmentName=ml-image-processing,environmentNamespace=default,environmentUid=2449fff4-7632-422c-aa00-519fcb194e26,executorType=newdeploy,functionName=ml-image-processing,functionNamespace=default,functionUid=58487e4a-0036-4ccd-8b22-c7f0f2d6d72b'
[ok] Patched Deployment resources
[ok] Patched Deployment resources
[ok] Verified Deployment template resources: requests={'cpu': '1500m', 'memory': '400Mi'} limits={'cpu': '2116m', 'memory': '439Mi'}
[info] Scaling deployment to 0 replicas to force full pod replacement
[ok] Verified Deployment template resources: requests={'cpu': '300m', 'memory': '50Mi'} limits={'cpu': '696m', 'memory': '59Mi'}
[info] Scaling deployment to 0 replicas to force full pod replacement
[ok] All pods terminated (replicas=0)
[info] Scaling deployment back to 24 replicas
[ok] All pods terminated (replicas=0)
[info] Scaling deployment back to 73 replicas
[ok] Deleted HPA newdeploy-ml-object-detection-default-9ecd-2fb10570ca05
[ok] Rollout completed after scale-to-zero
[verify] newest RS=newdeploy-ml-image-processing-default-8b22-c7f0f2d6d72b-7d959f4b88 pods=24 ready=24
[ok] Verified newest ReplicaSet template resources match expected
[ok] Rollout completed after scale-to-zero
[verify] newest RS=newdeploy-ml-object-detection-default-9ecd-2fb10570ca05-c4699bc44 pods=73 ready=73
[ok] Verified newest ReplicaSet template resources match expected
[info] Started Locust with PID 4102940
[info] attempt=1: start sleep for 20s
[info] attempt=1: sleep done
\Start sampling in parallel...
Workflow e2e p99 latency (42 completed in 21.6s, parallel, 8 workers): 9.000s
Average stage latencies:
  - ml-image-processing: 0.094s
  - ml-object-detection: 0.558s
[info] poll_locust_row: failed to load, try again
[info] poll_locust_row: failed to load, try again
[info] total_requests: 925
[info] e2e_latency (p99): 3.800 s
[info] energy_j: 203826.714114 J
[info] served_rps: 42.90 req/s
[info]: start_time: 1767885532.031, end_time: 1767885553.631, duration_s: 21.60 s
[info] energy_cost: 220.353204 J/request
[info] average power: 9436.421887 W
[info] Locust stopped
================================================================================
objective      : energy
resource_config: [{'cpu_m': 696, 'memory_mi': 59}, {'cpu_m': 2116, 'memory_mi': 439}], latencies: {'ml-image-processing': 0.09351954035340779, 'ml-object-detection': 0.5578845031859894}, price_cost: 218.564441, energy_cost: 220.353204, latency_p99 : 3.800000, feasible: False, total_requests: 925, served_rps: 42.90, total_energy_j: 203826.714114 J, profiling_duration_s: 21.600000s, average_power: 9436.421887 W
wall_time_s    : 114.381
================================================================================

Updating function ml-image-processing to cpu: 660m, memory: 67Mi
Updating Deployment resource configuration...

Updating function ml-object-detection to cpu: 5903m, memory: 400Mi
Updating Deployment resource configuration...

[info] Original replicas=24, selector='environmentName=ml-image-processing,environmentNamespace=default,environmentUid=2449fff4-7632-422c-aa00-519fcb194e26,executorType=newdeploy,functionName=ml-image-processing,functionNamespace=default,functionUid=58487e4a-0036-4ccd-8b22-c7f0f2d6d72b'
[info] Original replicas=73, selector='environmentName=yolo,environmentNamespace=default,environmentUid=ced8af41-455b-4081-99aa-1700c0092126,executorType=newdeploy,functionName=ml-object-detection,functionNamespace=default,functionUid=182005a6-ad76-40e9-9ecd-2fb10570ca05'
[ok] Patched Deployment resources
[ok] Patched Deployment resources
[ok] Verified Deployment template resources: requests={'cpu': '300m', 'memory': '50Mi'} limits={'cpu': '660m', 'memory': '67Mi'}
[info] Scaling deployment to 0 replicas to force full pod replacement
[ok] Verified Deployment template resources: requests={'cpu': '1500m', 'memory': '400Mi'} limits={'cpu': '5903m', 'memory': '400Mi'}
[info] Scaling deployment to 0 replicas to force full pod replacement
[ok] All pods terminated (replicas=0)
[info] Scaling deployment back to 24 replicas
[ok] All pods terminated (replicas=0)
[info] Scaling deployment back to 73 replicas
[ok] Deleted HPA newdeploy-ml-object-detection-default-9ecd-2fb10570ca05
[ok] Rollout completed after scale-to-zero
[verify] newest RS=newdeploy-ml-image-processing-default-8b22-c7f0f2d6d72b-7647b58c4 pods=24 ready=24
[ok] Verified newest ReplicaSet template resources match expected
[ok] Rollout completed after scale-to-zero
[verify] newest RS=newdeploy-ml-object-detection-default-9ecd-2fb10570ca05-8494f789f6 pods=73 ready=73
[ok] Verified newest ReplicaSet template resources match expected
[info] Started Locust with PID 4113638
[info] attempt=1: start sleep for 20s
[info] attempt=1: sleep done
\Start sampling in parallel...
Workflow e2e p99 latency (74 completed in 16.6s, parallel, 8 workers): 1.469s
Average stage latencies:
  - ml-image-processing: 0.133s
  - ml-object-detection: 0.197s
[info] poll_locust_row: failed to load, try again
[info] poll_locust_row: failed to load, try again
[info] poll_locust_row: failed to load, try again
[info] total_requests: 1342
[info] e2e_latency (p99): 1.600 s
[info] energy_j: 8490.895980 J
[info] served_rps: 74.80 req/s
[info]: start_time: 1767885641.031, end_time: 1767885657.631, duration_s: 16.60 s
[info] energy_cost: 6.327046 J/request
[info] average power: 511.499753 W
[info] Locust stopped
================================================================================
objective      : energy
resource_config: [{'cpu_m': 660, 'memory_mi': 67}, {'cpu_m': 5903, 'memory_mi': 400}], latencies: {'ml-image-processing': 0.1326265920305977, 'ml-object-detection': 0.1970018133319713}, price_cost: 217.403846, energy_cost: 6.327046, latency_p99 : 1.600000, feasible: True, total_requests: 1342, served_rps: 74.80, total_energy_j: 8490.895980 J, profiling_duration_s: 16.600000s, average_power: 511.499753 W
wall_time_s    : 104.428
================================================================================

================================================================================

Batch  7: best_feasible_cost (random, qNEI) = (6.222146210914453, 6.184739746743849), best_constraint =  -1.900 (<=0 feasible), time = 327.02.
Best feasible resource configuration: [{'cpu_m': 800, 'memory_mi': 50}, {'cpu_m': 6000, 'memory_mi': 423}]

================================================================================
/home/cc/miniconda3/envs/faas/lib/python3.10/site-packages/botorch/acquisition/monte_carlo.py:502: NumericsWarning: qNoisyExpectedImprovement has known numerical issues that lead to suboptimal optimization performance. It is strongly recommended to simply replace

	 qNoisyExpectedImprovement 	 --> 	 qLogNoisyExpectedImprovement 

instead, which fixes the issues and has the same API. See https://arxiv.org/abs/2310.20708 for details.
  legacy_ei_numerics_warning(legacy_name=type(self).__name__)
Updating function ml-image-processing to cpu: 586m, memory: 70Mi
Updating Deployment resource configuration...

Updating function ml-object-detection to cpu: 4336m, memory: 512Mi
Updating Deployment resource configuration...

[info] Original replicas=24, selector='environmentName=ml-image-processing,environmentNamespace=default,environmentUid=2449fff4-7632-422c-aa00-519fcb194e26,executorType=newdeploy,functionName=ml-image-processing,functionNamespace=default,functionUid=58487e4a-0036-4ccd-8b22-c7f0f2d6d72b'
[info] Original replicas=73, selector='environmentName=yolo,environmentNamespace=default,environmentUid=ced8af41-455b-4081-99aa-1700c0092126,executorType=newdeploy,functionName=ml-object-detection,functionNamespace=default,functionUid=182005a6-ad76-40e9-9ecd-2fb10570ca05'
[ok] Patched Deployment resources
[ok] Patched Deployment resources
[ok] Verified Deployment template resources: requests={'cpu': '1500m', 'memory': '400Mi'} limits={'cpu': '4336m', 'memory': '512Mi'}
[info] Scaling deployment to 0 replicas to force full pod replacement
[ok] Verified Deployment template resources: requests={'cpu': '300m', 'memory': '50Mi'} limits={'cpu': '586m', 'memory': '70Mi'}
[info] Scaling deployment to 0 replicas to force full pod replacement
[ok] All pods terminated (replicas=0)
[info] Scaling deployment back to 24 replicas
[ok] All pods terminated (replicas=0)
[info] Scaling deployment back to 73 replicas
[ok] Rollout completed after scale-to-zero
[verify] newest RS=newdeploy-ml-image-processing-default-8b22-c7f0f2d6d72b-559cfcf7b9 pods=24 ready=24
[ok] Verified newest ReplicaSet template resources match expected
[ok] Rollout completed after scale-to-zero
[verify] newest RS=newdeploy-ml-object-detection-default-9ecd-2fb10570ca05-678ffb9888 pods=73 ready=73
[ok] Verified newest ReplicaSet template resources match expected
[info] Started Locust with PID 4124135
[info] attempt=1: start sleep for 20s
[info] attempt=1: sleep done
\Start sampling in parallel...
Workflow e2e p99 latency (68 completed in 18.1s, parallel, 8 workers): 4.625s
Average stage latencies:
  - ml-image-processing: 0.134s
  - ml-object-detection: 0.250s
[info] total_requests: 1188
[info] e2e_latency (p99): 3.700 s
[info] energy_j: 8518.881672 J
[info] served_rps: 64.50 req/s
[info]: start_time: 1767885752.631, end_time: 1767885770.831, duration_s: 18.20 s
[info] energy_cost: 7.170776 J/request
[info] average power: 468.070420 W
[info] Locust stopped
================================================================================
objective      : energy
resource_config: [{'cpu_m': 586, 'memory_mi': 70}, {'cpu_m': 4336, 'memory_mi': 512}], latencies: {'ml-image-processing': 0.1341549697852529, 'ml-object-detection': 0.2499670596272849}, price_cost: 202.797353, energy_cost: 7.170776, latency_p99 : 3.700000, feasible: False, total_requests: 1188, served_rps: 64.50, total_energy_j: 8518.881672 J, profiling_duration_s: 18.200000s, average_power: 468.070420 W
wall_time_s    : 109.437
================================================================================

Updating function ml-image-processing to cpu: 519m, memory: 69Mi
Updating Deployment resource configuration...

Updating function ml-object-detection to cpu: 2596m, memory: 464Mi
Updating Deployment resource configuration...

[info] Original replicas=24, selector='environmentName=ml-image-processing,environmentNamespace=default,environmentUid=2449fff4-7632-422c-aa00-519fcb194e26,executorType=newdeploy,functionName=ml-image-processing,functionNamespace=default,functionUid=58487e4a-0036-4ccd-8b22-c7f0f2d6d72b'
[info] Original replicas=73, selector='environmentName=yolo,environmentNamespace=default,environmentUid=ced8af41-455b-4081-99aa-1700c0092126,executorType=newdeploy,functionName=ml-object-detection,functionNamespace=default,functionUid=182005a6-ad76-40e9-9ecd-2fb10570ca05'
[ok] Patched Deployment resources
[ok] Patched Deployment resources
[ok] Verified Deployment template resources: requests={'cpu': '300m', 'memory': '50Mi'} limits={'cpu': '519m', 'memory': '69Mi'}
[info] Scaling deployment to 0 replicas to force full pod replacement
[ok] Verified Deployment template resources: requests={'cpu': '1500m', 'memory': '400Mi'} limits={'cpu': '2596m', 'memory': '464Mi'}
[info] Scaling deployment to 0 replicas to force full pod replacement
[ok] All pods terminated (replicas=0)
[info] Scaling deployment back to 24 replicas
[ok] All pods terminated (replicas=0)
[info] Scaling deployment back to 73 replicas
[ok] Rollout completed after scale-to-zero
[verify] newest RS=newdeploy-ml-image-processing-default-8b22-c7f0f2d6d72b-c974b6775 pods=24 ready=24
[ok] Verified newest ReplicaSet template resources match expected
[ok] Rollout completed after scale-to-zero
[verify] newest RS=newdeploy-ml-object-detection-default-9ecd-2fb10570ca05-645dd75576 pods=73 ready=73
[ok] Verified newest ReplicaSet template resources match expected
[info] Started Locust with PID 4134267
[info] attempt=1: start sleep for 20s
[info] attempt=1: sleep done
\Start sampling in parallel...
Workflow e2e p99 latency (42 completed in 21.3s, parallel, 8 workers): 9.000s
Average stage latencies:
  - ml-image-processing: 0.132s
  - ml-object-detection: 0.436s
[info] poll_locust_row: failed to load, try again
[info] poll_locust_row: failed to load, try again
[info] poll_locust_row: failed to load, try again
[info] total_requests: 1035
[info] e2e_latency (p99): 4.000 s
[info] energy_j: 8023.180575 J
[info] served_rps: 47.00 req/s
[info]: start_time: 1767885857.131, end_time: 1767885878.431, duration_s: 21.30 s
[info] energy_cost: 7.751865 J/request
[info] average power: 376.675145 W
[info] Locust stopped
================================================================================
objective      : energy
resource_config: [{'cpu_m': 519, 'memory_mi': 69}, {'cpu_m': 2596, 'memory_mi': 464}], latencies: {'ml-image-processing': 0.13219811664021108, 'ml-object-detection': 0.436122758401325}, price_cost: 210.337128, energy_cost: 7.751865, latency_p99 : 4.000000, feasible: False, total_requests: 1035, served_rps: 47.00, total_energy_j: 8023.180575 J, profiling_duration_s: 21.300000s, average_power: 376.675145 W
wall_time_s    : 109.115
================================================================================

Updating function ml-image-processing to cpu: 684m, memory: 50Mi
Updating Deployment resource configuration...

Updating function ml-object-detection to cpu: 5904m, memory: 406Mi
Updating Deployment resource configuration...

[info] Original replicas=24, selector='environmentName=ml-image-processing,environmentNamespace=default,environmentUid=2449fff4-7632-422c-aa00-519fcb194e26,executorType=newdeploy,functionName=ml-image-processing,functionNamespace=default,functionUid=58487e4a-0036-4ccd-8b22-c7f0f2d6d72b'
[info] Original replicas=73, selector='environmentName=yolo,environmentNamespace=default,environmentUid=ced8af41-455b-4081-99aa-1700c0092126,executorType=newdeploy,functionName=ml-object-detection,functionNamespace=default,functionUid=182005a6-ad76-40e9-9ecd-2fb10570ca05'
[ok] Patched Deployment resources
[ok] Patched Deployment resources
[ok] Verified Deployment template resources: requests={'cpu': '300m', 'memory': '50Mi'} limits={'cpu': '684m', 'memory': '50Mi'}
[info] Scaling deployment to 0 replicas to force full pod replacement
[ok] Verified Deployment template resources: requests={'cpu': '1500m', 'memory': '400Mi'} limits={'cpu': '5904m', 'memory': '406Mi'}
[info] Scaling deployment to 0 replicas to force full pod replacement
[ok] All pods terminated (replicas=0)
[info] Scaling deployment back to 24 replicas
[ok] All pods terminated (replicas=0)
[info] Scaling deployment back to 73 replicas
[ok] Deleted HPA newdeploy-ml-object-detection-default-9ecd-2fb10570ca05
[ok] Rollout completed after scale-to-zero
[verify] newest RS=newdeploy-ml-image-processing-default-8b22-c7f0f2d6d72b-866588fbd5 pods=24 ready=24
[ok] Verified newest ReplicaSet template resources match expected
[ok] Rollout completed after scale-to-zero
[verify] newest RS=newdeploy-ml-object-detection-default-9ecd-2fb10570ca05-5fbdf6b497 pods=73 ready=73
[ok] Verified newest ReplicaSet template resources match expected
[info] Started Locust with PID 4145044
[info] attempt=1: start sleep for 20s
[info] attempt=1: sleep done
\Start sampling in parallel...
Workflow e2e p99 latency (66 completed in 16.9s, parallel, 8 workers): 4.672s
Average stage latencies:
  - ml-image-processing: 0.137s
  - ml-object-detection: 0.224s
[info] poll_locust_row: failed to load, try again
[info] poll_locust_row: failed to load, try again
[info] total_requests: 1208
[info] e2e_latency (p99): 3.700 s
[info] energy_j: 8047.706173 J
[info] served_rps: 70.50 req/s
[info]: start_time: 1767885968.231, end_time: 1767885985.131, duration_s: 16.90 s
[info] energy_cost: 6.662008 J/request
[info] average power: 476.195629 W
[info] Locust stopped
================================================================================
objective      : energy
resource_config: [{'cpu_m': 684, 'memory_mi': 50}, {'cpu_m': 5904, 'memory_mi': 406}], latencies: {'ml-image-processing': 0.13725302058667171, 'ml-object-detection': 0.22375288613451025}, price_cost: 245.982620, energy_cost: 6.662008, latency_p99 : 3.700000, feasible: False, total_requests: 1208, served_rps: 70.50, total_energy_j: 8047.706173 J, profiling_duration_s: 16.900000s, average_power: 476.195629 W
wall_time_s    : 106.282
================================================================================

================================================================================

Batch  8: best_feasible_cost (random, qNEI) = (6.222146210914453, 6.184739746743849), best_constraint =  -1.900 (<=0 feasible), time = 327.04.
Best feasible resource configuration: [{'cpu_m': 800, 'memory_mi': 50}, {'cpu_m': 6000, 'memory_mi': 423}]

================================================================================
/home/cc/miniconda3/envs/faas/lib/python3.10/site-packages/botorch/acquisition/monte_carlo.py:502: NumericsWarning: qNoisyExpectedImprovement has known numerical issues that lead to suboptimal optimization performance. It is strongly recommended to simply replace

	 qNoisyExpectedImprovement 	 --> 	 qLogNoisyExpectedImprovement 

instead, which fixes the issues and has the same API. See https://arxiv.org/abs/2310.20708 for details.
  legacy_ei_numerics_warning(legacy_name=type(self).__name__)
Updating function ml-image-processing to cpu: 626m, memory: 53Mi
Updating Deployment resource configuration...

Updating function ml-object-detection to cpu: 4951m, memory: 467Mi
Updating Deployment resource configuration...

[info] Original replicas=24, selector='environmentName=ml-image-processing,environmentNamespace=default,environmentUid=2449fff4-7632-422c-aa00-519fcb194e26,executorType=newdeploy,functionName=ml-image-processing,functionNamespace=default,functionUid=58487e4a-0036-4ccd-8b22-c7f0f2d6d72b'
[info] Original replicas=73, selector='environmentName=yolo,environmentNamespace=default,environmentUid=ced8af41-455b-4081-99aa-1700c0092126,executorType=newdeploy,functionName=ml-object-detection,functionNamespace=default,functionUid=182005a6-ad76-40e9-9ecd-2fb10570ca05'
[ok] Patched Deployment resources
[ok] Patched Deployment resources
[ok] Verified Deployment template resources: requests={'cpu': '1500m', 'memory': '400Mi'} limits={'cpu': '4951m', 'memory': '467Mi'}
[info] Scaling deployment to 0 replicas to force full pod replacement
[ok] Verified Deployment template resources: requests={'cpu': '300m', 'memory': '50Mi'} limits={'cpu': '626m', 'memory': '53Mi'}
[info] Scaling deployment to 0 replicas to force full pod replacement
[ok] All pods terminated (replicas=0)
[info] Scaling deployment back to 24 replicas
[ok] All pods terminated (replicas=0)
[info] Scaling deployment back to 73 replicas
[ok] Rollout completed after scale-to-zero
[verify] newest RS=newdeploy-ml-image-processing-default-8b22-c7f0f2d6d72b-68f44c47c4 pods=24 ready=24
[ok] Verified newest ReplicaSet template resources match expected
[ok] Rollout completed after scale-to-zero
[verify] newest RS=newdeploy-ml-object-detection-default-9ecd-2fb10570ca05-6dddc5bbcf pods=73 ready=73
[ok] Verified newest ReplicaSet template resources match expected
[info] Started Locust with PID 4155801
[info] attempt=1: start sleep for 20s
[info] attempt=1: sleep done
\Start sampling in parallel...
Workflow e2e p99 latency (68 completed in 17.1s, parallel, 8 workers): 3.187s
Average stage latencies:
  - ml-image-processing: 0.139s
  - ml-object-detection: 0.225s
[info] poll_locust_row: failed to load, try again
[info] poll_locust_row: failed to load, try again
[info] total_requests: 1250
[info] e2e_latency (p99): 3.600 s
[info] energy_j: 8397.651037 J
[info] served_rps: 68.80 req/s
[info]: start_time: 1767886080.931, end_time: 1767886098.031, duration_s: 17.10 s
[info] energy_cost: 6.718121 J/request
[info] average power: 491.090707 W
[info] Locust stopped
================================================================================
objective      : energy
resource_config: [{'cpu_m': 626, 'memory_mi': 53}, {'cpu_m': 4951, 'memory_mi': 467}], latencies: {'ml-image-processing': 0.13948236515416818, 'ml-object-detection': 0.22480264925124013}, price_cost: 209.036518, energy_cost: 6.718121, latency_p99 : 3.600000, feasible: False, total_requests: 1250, served_rps: 68.80, total_energy_j: 8397.651037 J, profiling_duration_s: 17.100000s, average_power: 491.090707 W
wall_time_s    : 110.719
================================================================================

Updating function ml-image-processing to cpu: 520m, memory: 54Mi
Updating Deployment resource configuration...

Updating function ml-object-detection to cpu: 5499m, memory: 497Mi
Updating Deployment resource configuration...

[info] Original replicas=24, selector='environmentName=ml-image-processing,environmentNamespace=default,environmentUid=2449fff4-7632-422c-aa00-519fcb194e26,executorType=newdeploy,functionName=ml-image-processing,functionNamespace=default,functionUid=58487e4a-0036-4ccd-8b22-c7f0f2d6d72b'
[info] Original replicas=73, selector='environmentName=yolo,environmentNamespace=default,environmentUid=ced8af41-455b-4081-99aa-1700c0092126,executorType=newdeploy,functionName=ml-object-detection,functionNamespace=default,functionUid=182005a6-ad76-40e9-9ecd-2fb10570ca05'
[ok] Patched Deployment resources
[ok] Patched Deployment resources
[ok] Verified Deployment template resources: requests={'cpu': '1500m', 'memory': '400Mi'} limits={'cpu': '5499m', 'memory': '497Mi'}
[info] Scaling deployment to 0 replicas to force full pod replacement
[ok] Verified Deployment template resources: requests={'cpu': '300m', 'memory': '50Mi'} limits={'cpu': '520m', 'memory': '54Mi'}
[info] Scaling deployment to 0 replicas to force full pod replacement
[ok] All pods terminated (replicas=0)
[info] Scaling deployment back to 24 replicas
[ok] All pods terminated (replicas=0)
[info] Scaling deployment back to 73 replicas
[ok] Rollout completed after scale-to-zero
[verify] newest RS=newdeploy-ml-image-processing-default-8b22-c7f0f2d6d72b-799b5c75d9 pods=24 ready=24
[ok] Verified newest ReplicaSet template resources match expected
[ok] Rollout completed after scale-to-zero
[verify] newest RS=newdeploy-ml-object-detection-default-9ecd-2fb10570ca05-7ffb76b67 pods=73 ready=73
[ok] Verified newest ReplicaSet template resources match expected
[info] Started Locust with PID 4165980
[info] attempt=1: start sleep for 20s
[info] attempt=1: sleep done
\Start sampling in parallel...
Workflow e2e p99 latency (72 completed in 17.3s, parallel, 8 workers): 1.674s
Average stage latencies:
  - ml-image-processing: 0.176s
  - ml-object-detection: 0.204s
[info] poll_locust_row: failed to load, try again
[info] total_requests: 1260
[info] e2e_latency (p99): 2.000 s
[info] energy_j: 8461.177300 J
[info] served_rps: 68.80 req/s
[info]: start_time: 1767886193.031, end_time: 1767886210.231, duration_s: 17.20 s
[info] energy_cost: 6.715220 J/request
[info] average power: 491.928911 W
[info] Locust stopped
================================================================================
objective      : energy
resource_config: [{'cpu_m': 520, 'memory_mi': 54}, {'cpu_m': 5499, 'memory_mi': 497}], latencies: {'ml-image-processing': 0.17597481678886753, 'ml-object-detection': 0.20410949021526095}, price_cost: 211.370188, energy_cost: 6.715220, latency_p99 : 2.000000, feasible: True, total_requests: 1260, served_rps: 68.80, total_energy_j: 8461.177300 J, profiling_duration_s: 17.200000s, average_power: 491.928911 W
wall_time_s    : 111.746
================================================================================

Updating function ml-image-processing to cpu: 800m, memory: 70Mi
Updating Deployment resource configuration...

Updating function ml-object-detection to cpu: 5481m, memory: 446Mi
Updating Deployment resource configuration...

[info] Original replicas=73, selector='environmentName=yolo,environmentNamespace=default,environmentUid=ced8af41-455b-4081-99aa-1700c0092126,executorType=newdeploy,functionName=ml-object-detection,functionNamespace=default,functionUid=182005a6-ad76-40e9-9ecd-2fb10570ca05'
[info] Original replicas=24, selector='environmentName=ml-image-processing,environmentNamespace=default,environmentUid=2449fff4-7632-422c-aa00-519fcb194e26,executorType=newdeploy,functionName=ml-image-processing,functionNamespace=default,functionUid=58487e4a-0036-4ccd-8b22-c7f0f2d6d72b'
[ok] Patched Deployment resources
[ok] Patched Deployment resources
[ok] Verified Deployment template resources: requests={'cpu': '300m', 'memory': '50Mi'} limits={'cpu': '800m', 'memory': '70Mi'}
[info] Scaling deployment to 0 replicas to force full pod replacement
[ok] Verified Deployment template resources: requests={'cpu': '1500m', 'memory': '400Mi'} limits={'cpu': '5481m', 'memory': '446Mi'}
[info] Scaling deployment to 0 replicas to force full pod replacement
[ok] All pods terminated (replicas=0)
[info] Scaling deployment back to 24 replicas
[ok] All pods terminated (replicas=0)
[info] Scaling deployment back to 73 replicas
[ok] Rollout completed after scale-to-zero
[verify] newest RS=newdeploy-ml-image-processing-default-8b22-c7f0f2d6d72b-645757cff9 pods=24 ready=24
[ok] Verified newest ReplicaSet template resources match expected
[ok] Rollout completed after scale-to-zero
[verify] newest RS=newdeploy-ml-object-detection-default-9ecd-2fb10570ca05-7cdd46556c pods=73 ready=73
[ok] Verified newest ReplicaSet template resources match expected
[info] Started Locust with PID 4176397
[info] attempt=1: start sleep for 20s
[info] attempt=1: sleep done
\Start sampling in parallel...
Workflow e2e p99 latency (70 completed in 16.4s, parallel, 8 workers): 2.634s
Average stage latencies:
  - ml-image-processing: 0.115s
  - ml-object-detection: 0.213s
[info] poll_locust_row: failed to load, try again
[info] poll_locust_row: failed to load, try again
[info] poll_locust_row: failed to load, try again
[info] total_requests: 1248
[info] e2e_latency (p99): 3.600 s
[info] energy_j: 8323.437156 J
[info] served_rps: 71.30 req/s
[info]: start_time: 1767886293.731, end_time: 1767886310.131, duration_s: 16.40 s
[info] energy_cost: 6.669421 J/request
[info] average power: 507.526653 W
[info] Locust stopped
================================================================================
objective      : energy
resource_config: [{'cpu_m': 800, 'memory_mi': 70}, {'cpu_m': 5481, 'memory_mi': 446}], latencies: {'ml-image-processing': 0.11525420424794512, 'ml-object-detection': 0.21250684885973378}, price_cost: 218.717942, energy_cost: 6.669421, latency_p99 : 3.600000, feasible: False, total_requests: 1248, served_rps: 71.30, total_energy_j: 8323.437156 J, profiling_duration_s: 16.400000s, average_power: 507.526653 W
wall_time_s    : 100.846
================================================================================

================================================================================

Batch  9: best_feasible_cost (random, qNEI) = (6.222146210914453, 6.184739746743849), best_constraint =  -1.900 (<=0 feasible), time = 325.44.
Best feasible resource configuration: [{'cpu_m': 800, 'memory_mi': 50}, {'cpu_m': 6000, 'memory_mi': 423}]

================================================================================
/home/cc/miniconda3/envs/faas/lib/python3.10/site-packages/botorch/acquisition/monte_carlo.py:502: NumericsWarning: qNoisyExpectedImprovement has known numerical issues that lead to suboptimal optimization performance. It is strongly recommended to simply replace

	 qNoisyExpectedImprovement 	 --> 	 qLogNoisyExpectedImprovement 

instead, which fixes the issues and has the same API. See https://arxiv.org/abs/2310.20708 for details.
  legacy_ei_numerics_warning(legacy_name=type(self).__name__)
Updating function ml-image-processing to cpu: 600m, memory: 63Mi
Updating Deployment resource configuration...

Updating function ml-object-detection to cpu: 5659m, memory: 400Mi
Updating Deployment resource configuration...

[info] Original replicas=24, selector='environmentName=ml-image-processing,environmentNamespace=default,environmentUid=2449fff4-7632-422c-aa00-519fcb194e26,executorType=newdeploy,functionName=ml-image-processing,functionNamespace=default,functionUid=58487e4a-0036-4ccd-8b22-c7f0f2d6d72b'
[info] Original replicas=73, selector='environmentName=yolo,environmentNamespace=default,environmentUid=ced8af41-455b-4081-99aa-1700c0092126,executorType=newdeploy,functionName=ml-object-detection,functionNamespace=default,functionUid=182005a6-ad76-40e9-9ecd-2fb10570ca05'
[ok] Patched Deployment resources
[ok] Patched Deployment resources
[ok] Verified Deployment template resources: requests={'cpu': '300m', 'memory': '50Mi'} limits={'cpu': '600m', 'memory': '63Mi'}
[info] Scaling deployment to 0 replicas to force full pod replacement
[ok] Verified Deployment template resources: requests={'cpu': '1500m', 'memory': '400Mi'} limits={'cpu': '5659m', 'memory': '400Mi'}
[info] Scaling deployment to 0 replicas to force full pod replacement
[ok] All pods terminated (replicas=0)
[info] Scaling deployment back to 24 replicas
[ok] All pods terminated (replicas=0)
[info] Scaling deployment back to 73 replicas
[ok] Rollout completed after scale-to-zero
[verify] newest RS=newdeploy-ml-image-processing-default-8b22-c7f0f2d6d72b-85975688 pods=24 ready=24
[ok] Verified newest ReplicaSet template resources match expected
[ok] Rollout completed after scale-to-zero
[verify] newest RS=newdeploy-ml-object-detection-default-9ecd-2fb10570ca05-749c488488 pods=73 ready=73
[ok] Verified newest ReplicaSet template resources match expected
[info] Started Locust with PID 4186781
[info] attempt=1: start sleep for 20s
[info] attempt=1: sleep done
\Start sampling in parallel...
Workflow e2e p99 latency (49 completed in 16.4s, parallel, 8 workers): 9.000s
Average stage latencies:
  - ml-image-processing: 0.157s
  - ml-object-detection: 0.237s
[info] poll_locust_row: failed to load, try again
[info] poll_locust_row: failed to load, try again
[info] poll_locust_row: failed to load, try again
[info] total_requests: 1019
[info] e2e_latency (p99): 3.900 s
[info] energy_j: 7236.649183 J
[info] served_rps: 61.10 req/s
[info]: start_time: 1767886402.031, end_time: 1767886418.431, duration_s: 16.40 s
[info] energy_cost: 7.101717 J/request
[info] average power: 441.259094 W
[info] Locust stopped
================================================================================
objective      : energy
resource_config: [{'cpu_m': 600, 'memory_mi': 63}, {'cpu_m': 5659, 'memory_mi': 400}], latencies: {'ml-image-processing': 0.1574801099486649, 'ml-object-detection': 0.23726058241233908}, price_cost: 249.915560, energy_cost: 7.101717, latency_p99 : 3.900000, feasible: False, total_requests: 1019, served_rps: 61.10, total_energy_j: 7236.649183 J, profiling_duration_s: 16.400000s, average_power: 441.259094 W
wall_time_s    : 106.576
================================================================================

Updating function ml-image-processing to cpu: 800m, memory: 70Mi
Updating Deployment resource configuration...

Updating function ml-object-detection to cpu: 5930m, memory: 454Mi
Updating Deployment resource configuration...

[info] Original replicas=24, selector='environmentName=ml-image-processing,environmentNamespace=default,environmentUid=2449fff4-7632-422c-aa00-519fcb194e26,executorType=newdeploy,functionName=ml-image-processing,functionNamespace=default,functionUid=58487e4a-0036-4ccd-8b22-c7f0f2d6d72b'
[info] Original replicas=73, selector='environmentName=yolo,environmentNamespace=default,environmentUid=ced8af41-455b-4081-99aa-1700c0092126,executorType=newdeploy,functionName=ml-object-detection,functionNamespace=default,functionUid=182005a6-ad76-40e9-9ecd-2fb10570ca05'
[ok] Patched Deployment resources
[ok] Patched Deployment resources
[ok] Verified Deployment template resources: requests={'cpu': '300m', 'memory': '50Mi'} limits={'cpu': '800m', 'memory': '70Mi'}
[info] Scaling deployment to 0 replicas to force full pod replacement
[ok] Verified Deployment template resources: requests={'cpu': '1500m', 'memory': '400Mi'} limits={'cpu': '5930m', 'memory': '454Mi'}
[info] Scaling deployment to 0 replicas to force full pod replacement
[ok] All pods terminated (replicas=0)
[info] Scaling deployment back to 24 replicas
[ok] All pods terminated (replicas=0)
[info] Scaling deployment back to 73 replicas
[ok] Rollout completed after scale-to-zero
[verify] newest RS=newdeploy-ml-image-processing-default-8b22-c7f0f2d6d72b-645757cff9 pods=24 ready=24
[ok] Verified newest ReplicaSet template resources match expected
[ok] Rollout completed after scale-to-zero
[verify] newest RS=newdeploy-ml-object-detection-default-9ecd-2fb10570ca05-5946b7c8cd pods=73 ready=73
[ok] Verified newest ReplicaSet template resources match expected
[info] Started Locust with PID 3912
[info] attempt=1: start sleep for 20s
[info] attempt=1: sleep done
\Start sampling in parallel...
Workflow e2e p99 latency (72 completed in 15.9s, parallel, 8 workers): 1.320s
Average stage latencies:
  - ml-image-processing: 0.124s
  - ml-object-detection: 0.200s
[info] poll_locust_row: failed to load, try again
[info] poll_locust_row: failed to load, try again
[info] poll_locust_row: failed to load, try again
[info] poll_locust_row: failed to load, try again
[info] total_requests: 1374
[info] e2e_latency (p99): 1.300 s
[info] energy_j: 8260.642296 J
[info] served_rps: 75.60 req/s
[info]: start_time: 1767886509.331, end_time: 1767886525.231, duration_s: 15.90 s
[info] energy_cost: 6.012112 J/request
[info] average power: 519.537256 W
[info] Locust stopped
================================================================================
objective      : energy
resource_config: [{'cpu_m': 800, 'memory_mi': 70}, {'cpu_m': 5930, 'memory_mi': 454}], latencies: {'ml-image-processing': 0.12423928630434805, 'ml-object-detection': 0.19980979457290637}, price_cost: 223.400335, energy_cost: 6.012112, latency_p99 : 1.300000, feasible: True, total_requests: 1374, served_rps: 75.60, total_energy_j: 8260.642296 J, profiling_duration_s: 15.900000s, average_power: 519.537256 W
wall_time_s    : 107.247
================================================================================

Updating function ml-image-processing to cpu: 698m, memory: 58Mi
Updating Deployment resource configuration...

Updating function ml-object-detection to cpu: 2665m, memory: 459Mi
Updating Deployment resource configuration...

[info] Original replicas=24, selector='environmentName=ml-image-processing,environmentNamespace=default,environmentUid=2449fff4-7632-422c-aa00-519fcb194e26,executorType=newdeploy,functionName=ml-image-processing,functionNamespace=default,functionUid=58487e4a-0036-4ccd-8b22-c7f0f2d6d72b'
[info] Original replicas=73, selector='environmentName=yolo,environmentNamespace=default,environmentUid=ced8af41-455b-4081-99aa-1700c0092126,executorType=newdeploy,functionName=ml-object-detection,functionNamespace=default,functionUid=182005a6-ad76-40e9-9ecd-2fb10570ca05'
[ok] Patched Deployment resources
[ok] Patched Deployment resources
[ok] Verified Deployment template resources: requests={'cpu': '1500m', 'memory': '400Mi'} limits={'cpu': '2665m', 'memory': '459Mi'}
[info] Scaling deployment to 0 replicas to force full pod replacement
[ok] Verified Deployment template resources: requests={'cpu': '300m', 'memory': '50Mi'} limits={'cpu': '698m', 'memory': '58Mi'}
[info] Scaling deployment to 0 replicas to force full pod replacement
[ok] All pods terminated (replicas=0)
[info] Scaling deployment back to 73 replicas
[ok] All pods terminated (replicas=0)
[info] Scaling deployment back to 24 replicas
[ok] Rollout completed after scale-to-zero
[verify] newest RS=newdeploy-ml-image-processing-default-8b22-c7f0f2d6d72b-6ff7f8b4b6 pods=24 ready=24
[ok] Verified newest ReplicaSet template resources match expected
[ok] Rollout completed after scale-to-zero
[verify] newest RS=newdeploy-ml-object-detection-default-9ecd-2fb10570ca05-7655545cdb pods=73 ready=73
[ok] Verified newest ReplicaSet template resources match expected
[info] Started Locust with PID 14348
[info] attempt=1: start sleep for 20s
[info] attempt=1: sleep done
\Start sampling in parallel...
Workflow e2e p99 latency (41 completed in 21.8s, parallel, 8 workers): 9.000s
Average stage latencies:
  - ml-image-processing: 0.107s
  - ml-object-detection: 0.457s
[info] poll_locust_row: failed to load, try again
[info] poll_locust_row: failed to load, try again
[info] total_requests: 1074
[info] e2e_latency (p99): 3.800 s
[info] energy_j: 8255.821018 J
[info] served_rps: 51.20 req/s
[info]: start_time: 1767886618.731, end_time: 1767886640.531, duration_s: 21.80 s
[info] energy_cost: 7.686984 J/request
[info] average power: 378.707387 W
[info] Locust stopped
================================================================================
objective      : energy
resource_config: [{'cpu_m': 698, 'memory_mi': 58}, {'cpu_m': 2665, 'memory_mi': 459}], latencies: {'ml-image-processing': 0.10666082023332517, 'ml-object-detection': 0.45693075813663503}, price_cost: 226.201148, energy_cost: 7.686984, latency_p99 : 3.800000, feasible: False, total_requests: 1074, served_rps: 51.20, total_energy_j: 8255.821018 J, profiling_duration_s: 21.800000s, average_power: 378.707387 W
wall_time_s    : 114.311
================================================================================

================================================================================

Batch 10: best_feasible_cost (random, qNEI) = (6.222146210914453, 6.012112296943231), best_constraint =  -1.700 (<=0 feasible), time = 330.13.
Best feasible resource configuration: [{'cpu_m': 800, 'memory_mi': 70}, {'cpu_m': 5930, 'memory_mi': 454}]

================================================================================
BO loop time: 4348.45 seconds
Best cost: 6.012112296943231
Best resource configuration: [{'cpu_m': 800, 'memory_mi': 70}, {'cpu_m': 5930, 'memory_mi': 454}]

========================================
