Run 3
========================================
Default
drwxrwxr-x 2 cc cc   4096 Jan  8 03:14 __pycache__
-rw-rw-r-- 1 cc cc  21743 Jan  8 00:11 bayesian_optimization.py
drwxrwxr-x 2 cc cc   4096 Jan  5 15:43 bo_outputs_copy
-rw-rw-r-- 1 cc cc  22474 Jan  8 02:32 bo_utils.py
-rw-rw-r-- 1 cc cc  12286 Jan  5 01:06 check_result.py
-rw-rw-r-- 1 cc cc   7349 Jan  5 15:31 compute_stat.py
-rw-rw-r-- 1 cc cc   6640 Jan  5 15:43 compute_trade_off.py
-rw-rw-r-- 1 cc cc   1438 Jan  5 14:32 config.py
-rw-rw-r-- 1 cc cc   4370 Jan  8 00:11 manager.py
-rw-rw-r-- 1 cc cc   9045 Dec 16 05:41 original-bayesian_optimization.py
-rw-rw-r-- 1 cc cc  11668 Jan  5 15:23 original_bo_results_price_20260105_051239 copy.json
-rw-rw-r-- 1 cc cc   2423 Jan  3 19:23 pods_mapping.py
-rw-rw-r-- 1 cc cc  21769 Jan  7 06:31 power_service.py
-rw-rw-r-- 1 cc cc   1736 Jan  7 00:16 temp.py

IS_ENERGY: False
[info] batch_size: 3, initial_points: 10, n_batch: 10
No checkpoint found, starting fresh BO run.
Updating function ml-image-processing to cpu: 727m, memory: 60Mi
Updating Deployment resource configuration...

Updating function ml-object-detection to cpu: 4388m, memory: 407Mi
Updating Deployment resource configuration...

[info] Original replicas=73, selector='environmentName=yolo,environmentNamespace=default,environmentUid=ced8af41-455b-4081-99aa-1700c0092126,executorType=newdeploy,functionName=ml-object-detection,functionNamespace=default,functionUid=182005a6-ad76-40e9-9ecd-2fb10570ca05'
[info] Original replicas=24, selector='environmentName=ml-image-processing,environmentNamespace=default,environmentUid=2449fff4-7632-422c-aa00-519fcb194e26,executorType=newdeploy,functionName=ml-image-processing,functionNamespace=default,functionUid=58487e4a-0036-4ccd-8b22-c7f0f2d6d72b'
[ok] Patched Deployment resources
[ok] Patched Deployment resources
[ok] Verified Deployment template resources: requests={'cpu': '1500m', 'memory': '400Mi'} limits={'cpu': '4388m', 'memory': '407Mi'}
[info] Scaling deployment to 0 replicas to force full pod replacement
[ok] Verified Deployment template resources: requests={'cpu': '300m', 'memory': '50Mi'} limits={'cpu': '727m', 'memory': '60Mi'}
[info] Scaling deployment to 0 replicas to force full pod replacement
[ok] All pods terminated (replicas=0)
[info] Scaling deployment back to 73 replicas
[ok] All pods terminated (replicas=0)
[info] Scaling deployment back to 24 replicas
[ok] Rollout completed after scale-to-zero
[verify] newest RS=newdeploy-ml-image-processing-default-8b22-c7f0f2d6d72b-9759b5c64 pods=24 ready=24
[ok] Verified newest ReplicaSet template resources match expected
[ok] Rollout completed after scale-to-zero
[verify] newest RS=newdeploy-ml-object-detection-default-9ecd-2fb10570ca05-d6f78d59f pods=73 ready=73
[ok] Verified newest ReplicaSet template resources match expected
[info] Started Locust with PID 92912
[info] attempt=1: start sleep for 20s
[info] attempt=1: sleep done
\Start sampling in parallel...
Workflow e2e p99 latency (61 completed in 17.3s, parallel, 8 workers): 9.000s
Average stage latencies:
  - ml-image-processing: 0.124s
  - ml-object-detection: 0.246s
[info] poll_locust_row: failed to load, try again
[info] total_requests: 1222
[info] e2e_latency (p99): 3.700 s
[info] energy_j: 8216.606875 J
[info] served_rps: 67.20 req/s
[info]: start_time: 1767846178.231, end_time: 1767846195.531, duration_s: 17.30 s
[info] energy_cost: 6.723901 J/request
[info] average power: 474.948376 W
[info] Locust stopped
================================================================================
objective      : price
resource_config: [{'cpu_m': 727, 'memory_mi': 60}, {'cpu_m': 4388, 'memory_mi': 407}], latencies: {'ml-image-processing': 0.12385792077262082, 'ml-object-detection': 0.24594566291840425}, price_cost: 203.603626, energy_cost: 6.723901, latency_p99 : 3.700000, feasible: False, total_requests: 1222, served_rps: 67.20, total_energy_j: 8216.606875 J, profiling_duration_s: 17.300000s, average_power: 474.948376 W
wall_time_s    : 99.967
================================================================================

Updating function ml-image-processing to cpu: 572m, memory: 57Mi
Updating Deployment resource configuration...

Updating function ml-object-detection to cpu: 1973m, memory: 508Mi
Updating Deployment resource configuration...

[info] Original replicas=73, selector='environmentName=yolo,environmentNamespace=default,environmentUid=ced8af41-455b-4081-99aa-1700c0092126,executorType=newdeploy,functionName=ml-object-detection,functionNamespace=default,functionUid=182005a6-ad76-40e9-9ecd-2fb10570ca05'
[info] Original replicas=24, selector='environmentName=ml-image-processing,environmentNamespace=default,environmentUid=2449fff4-7632-422c-aa00-519fcb194e26,executorType=newdeploy,functionName=ml-image-processing,functionNamespace=default,functionUid=58487e4a-0036-4ccd-8b22-c7f0f2d6d72b'
[ok] Patched Deployment resources
[ok] Patched Deployment resources
[ok] Verified Deployment template resources: requests={'cpu': '1500m', 'memory': '400Mi'} limits={'cpu': '1973m', 'memory': '508Mi'}
[info] Scaling deployment to 0 replicas to force full pod replacement
[ok] Verified Deployment template resources: requests={'cpu': '300m', 'memory': '50Mi'} limits={'cpu': '572m', 'memory': '57Mi'}
[info] Scaling deployment to 0 replicas to force full pod replacement
[ok] All pods terminated (replicas=0)
[info] Scaling deployment back to 24 replicas
[ok] All pods terminated (replicas=0)
[info] Scaling deployment back to 73 replicas
[ok] Rollout completed after scale-to-zero
[verify] newest RS=newdeploy-ml-image-processing-default-8b22-c7f0f2d6d72b-79d5ccd7c pods=24 ready=24
[ok] Verified newest ReplicaSet template resources match expected
[ok] Rollout completed after scale-to-zero
[verify] newest RS=newdeploy-ml-object-detection-default-9ecd-2fb10570ca05-666df79d47 pods=73 ready=73
[ok] Verified newest ReplicaSet template resources match expected
[info] Started Locust with PID 103216
[info] attempt=1: start sleep for 20s
[info] attempt=1: sleep done
\Start sampling in parallel...
Workflow e2e p99 latency (37 completed in 21.8s, parallel, 8 workers): 9.000s
Average stage latencies:
  - ml-image-processing: 0.100s
  - ml-object-detection: 0.690s
[info] poll_locust_row: failed to load, try again
[info] poll_locust_row: failed to load, try again
[info] total_requests: 992
[info] e2e_latency (p99): 3.900 s
[info] energy_j: 7279.148720 J
[info] served_rps: 39.90 req/s
[info]: start_time: 1767846277.231, end_time: 1767846299.031, duration_s: 21.80 s
[info] energy_cost: 7.337852 J/request
[info] average power: 333.905905 W
[info] Locust stopped
================================================================================
objective      : price
resource_config: [{'cpu_m': 572, 'memory_mi': 57}, {'cpu_m': 1973, 'memory_mi': 508}], latencies: {'ml-image-processing': 0.09995259476515155, 'ml-object-detection': 0.6895634615211748}, price_cost: 249.637661, energy_cost: 7.337852, latency_p99 : 3.900000, feasible: False, total_requests: 992, served_rps: 39.90, total_energy_j: 7279.148720 J, profiling_duration_s: 21.800000s, average_power: 333.905905 W
wall_time_s    : 104.018
================================================================================

Updating function ml-image-processing to cpu: 664m, memory: 51Mi
Updating Deployment resource configuration...

Updating function ml-object-detection to cpu: 5839m, memory: 492Mi
Updating Deployment resource configuration...

[info] Original replicas=24, selector='environmentName=ml-image-processing,environmentNamespace=default,environmentUid=2449fff4-7632-422c-aa00-519fcb194e26,executorType=newdeploy,functionName=ml-image-processing,functionNamespace=default,functionUid=58487e4a-0036-4ccd-8b22-c7f0f2d6d72b'
[info] Original replicas=73, selector='environmentName=yolo,environmentNamespace=default,environmentUid=ced8af41-455b-4081-99aa-1700c0092126,executorType=newdeploy,functionName=ml-object-detection,functionNamespace=default,functionUid=182005a6-ad76-40e9-9ecd-2fb10570ca05'
[ok] Patched Deployment resources
[ok] Patched Deployment resources
[ok] Verified Deployment template resources: requests={'cpu': '1500m', 'memory': '400Mi'} limits={'cpu': '5839m', 'memory': '492Mi'}
[info] Scaling deployment to 0 replicas to force full pod replacement
[ok] Verified Deployment template resources: requests={'cpu': '300m', 'memory': '50Mi'} limits={'cpu': '664m', 'memory': '51Mi'}
[info] Scaling deployment to 0 replicas to force full pod replacement
[ok] All pods terminated (replicas=0)
[info] Scaling deployment back to 24 replicas
[ok] All pods terminated (replicas=0)
[info] Scaling deployment back to 73 replicas
[ok] Deleted HPA newdeploy-ml-object-detection-default-9ecd-2fb10570ca05
[ok] Rollout completed after scale-to-zero
[verify] newest RS=newdeploy-ml-image-processing-default-8b22-c7f0f2d6d72b-588fdf9659 pods=24 ready=24
[ok] Verified newest ReplicaSet template resources match expected
[ok] Rollout completed after scale-to-zero
[verify] newest RS=newdeploy-ml-object-detection-default-9ecd-2fb10570ca05-678f746555 pods=73 ready=73
[ok] Verified newest ReplicaSet template resources match expected
[info] Started Locust with PID 113811
[info] attempt=1: start sleep for 20s
[info] attempt=1: sleep done
\Start sampling in parallel...
Workflow e2e p99 latency (72 completed in 16.1s, parallel, 8 workers): 1.238s
Average stage latencies:
  - ml-image-processing: 0.137s
  - ml-object-detection: 0.202s
[info] total_requests: 1112
[info] e2e_latency (p99): 1.300 s
[info] energy_j: 8216.380785 J
[info] served_rps: 74.10 req/s
[info]: start_time: 1767846381.531, end_time: 1767846397.631, duration_s: 16.10 s
[info] energy_cost: 7.388832 J/request
[info] average power: 510.334206 W
[info] Locust stopped
================================================================================
objective      : price
resource_config: [{'cpu_m': 664, 'memory_mi': 51}, {'cpu_m': 5839, 'memory_mi': 492}], latencies: {'ml-image-processing': 0.13721142010763288, 'ml-object-detection': 0.20208442075333247}, price_cost: 221.205728, energy_cost: 7.388832, latency_p99 : 1.300000, feasible: True, total_requests: 1112, served_rps: 74.10, total_energy_j: 8216.380785 J, profiling_duration_s: 16.100000s, average_power: 510.334206 W
wall_time_s    : 97.619
================================================================================

Updating function ml-image-processing to cpu: 391m, memory: 69Mi
Updating Deployment resource configuration...

Updating function ml-object-detection to cpu: 2462m, memory: 404Mi
Updating Deployment resource configuration...

[info] Original replicas=24, selector='environmentName=ml-image-processing,environmentNamespace=default,environmentUid=2449fff4-7632-422c-aa00-519fcb194e26,executorType=newdeploy,functionName=ml-image-processing,functionNamespace=default,functionUid=58487e4a-0036-4ccd-8b22-c7f0f2d6d72b'
[info] Original replicas=73, selector='environmentName=yolo,environmentNamespace=default,environmentUid=ced8af41-455b-4081-99aa-1700c0092126,executorType=newdeploy,functionName=ml-object-detection,functionNamespace=default,functionUid=182005a6-ad76-40e9-9ecd-2fb10570ca05'
[ok] Patched Deployment resources
[ok] Patched Deployment resources
[ok] Verified Deployment template resources: requests={'cpu': '1500m', 'memory': '400Mi'} limits={'cpu': '2462m', 'memory': '404Mi'}
[info] Scaling deployment to 0 replicas to force full pod replacement
[ok] Verified Deployment template resources: requests={'cpu': '300m', 'memory': '50Mi'} limits={'cpu': '391m', 'memory': '69Mi'}
[info] Scaling deployment to 0 replicas to force full pod replacement
[ok] All pods terminated (replicas=0)
[info] Scaling deployment back to 24 replicas
[ok] All pods terminated (replicas=0)
[info] Scaling deployment back to 73 replicas
[ok] Rollout completed after scale-to-zero
[verify] newest RS=newdeploy-ml-image-processing-default-8b22-c7f0f2d6d72b-78dc694655 pods=24 ready=24
[ok] Verified newest ReplicaSet template resources match expected
[ok] Rollout completed after scale-to-zero
[verify] newest RS=newdeploy-ml-object-detection-default-9ecd-2fb10570ca05-64746b76f9 pods=73 ready=73
[ok] Verified newest ReplicaSet template resources match expected
[info] Started Locust with PID 123747
[info] attempt=1: start sleep for 20s
[info] attempt=1: sleep done
\Start sampling in parallel...
Workflow e2e p99 latency (44 completed in 19.4s, parallel, 8 workers): 9.000s
Average stage latencies:
  - ml-image-processing: 0.192s
  - ml-object-detection: 0.472s
[info] total_requests: 944
[info] e2e_latency (p99): 4.400 s
[info] energy_j: 6962.383774 J
[info] served_rps: 45.00 req/s
[info]: start_time: 1767846477.231, end_time: 1767846496.631, duration_s: 19.40 s
[info] energy_cost: 7.375407 J/request
[info] average power: 358.885760 W
[info] Locust stopped
================================================================================
objective      : price
resource_config: [{'cpu_m': 391, 'memory_mi': 69}, {'cpu_m': 2462, 'memory_mi': 404}], latencies: {'ml-image-processing': 0.1921152099086022, 'ml-object-detection': 0.47171540158121167}, price_cost: 216.418200, energy_cost: 7.375407, latency_p99 : 4.400000, feasible: False, total_requests: 944, served_rps: 45.00, total_energy_j: 6962.383774 J, profiling_duration_s: 19.400000s, average_power: 358.885760 W
wall_time_s    : 98.958
================================================================================

Updating function ml-image-processing to cpu: 438m, memory: 50Mi
Updating Deployment resource configuration...

Updating function ml-object-detection to cpu: 1980m, memory: 402Mi
Updating Deployment resource configuration...

[info] Original replicas=73, selector='environmentName=yolo,environmentNamespace=default,environmentUid=ced8af41-455b-4081-99aa-1700c0092126,executorType=newdeploy,functionName=ml-object-detection,functionNamespace=default,functionUid=182005a6-ad76-40e9-9ecd-2fb10570ca05'
[info] Original replicas=24, selector='environmentName=ml-image-processing,environmentNamespace=default,environmentUid=2449fff4-7632-422c-aa00-519fcb194e26,executorType=newdeploy,functionName=ml-image-processing,functionNamespace=default,functionUid=58487e4a-0036-4ccd-8b22-c7f0f2d6d72b'
[ok] Patched Deployment resources
[ok] Patched Deployment resources
[ok] Verified Deployment template resources: requests={'cpu': '1500m', 'memory': '400Mi'} limits={'cpu': '1980m', 'memory': '402Mi'}
[info] Scaling deployment to 0 replicas to force full pod replacement
[ok] Verified Deployment template resources: requests={'cpu': '300m', 'memory': '50Mi'} limits={'cpu': '438m', 'memory': '50Mi'}
[info] Scaling deployment to 0 replicas to force full pod replacement
[ok] All pods terminated (replicas=0)
[info] Scaling deployment back to 24 replicas
[ok] All pods terminated (replicas=0)
[info] Scaling deployment back to 73 replicas
[ok] Deleted HPA newdeploy-ml-object-detection-default-9ecd-2fb10570ca05
[ok] Rollout completed after scale-to-zero
[verify] newest RS=newdeploy-ml-image-processing-default-8b22-c7f0f2d6d72b-fd45656c9 pods=24 ready=24
[ok] Verified newest ReplicaSet template resources match expected
[ok] Rollout completed after scale-to-zero
[verify] newest RS=newdeploy-ml-object-detection-default-9ecd-2fb10570ca05-c684857d6 pods=73 ready=73
[ok] Verified newest ReplicaSet template resources match expected
[info] Started Locust with PID 133667
[info] attempt=1: start sleep for 20s
[info] attempt=1: sleep done
\Start sampling in parallel...
Workflow e2e p99 latency (34 completed in 21.3s, parallel, 8 workers): 9.000s
Average stage latencies:
  - ml-image-processing: 0.149s
  - ml-object-detection: 0.633s
[info] total_requests: 869
[info] e2e_latency (p99): 4.200 s
[info] energy_j: 7145.390526 J
[info] served_rps: 39.70 req/s
[info]: start_time: 1767846578.431, end_time: 1767846599.731, duration_s: 21.30 s
[info] energy_cost: 8.222544 J/request
[info] average power: 335.464345 W
[info] Locust stopped
================================================================================
objective      : price
resource_config: [{'cpu_m': 438, 'memory_mi': 50}, {'cpu_m': 1980, 'memory_mi': 402}], latencies: {'ml-image-processing': 0.14857259989631447, 'ml-object-detection': 0.6329098287758164}, price_cost: 231.275731, energy_cost: 8.222544, latency_p99 : 4.200000, feasible: False, total_requests: 869, served_rps: 39.70, total_energy_j: 7145.390526 J, profiling_duration_s: 21.300000s, average_power: 335.464345 W
wall_time_s    : 103.115
================================================================================

Updating function ml-image-processing to cpu: 424m, memory: 62Mi
Updating Deployment resource configuration...

Updating function ml-object-detection to cpu: 4563m, memory: 480Mi
Updating Deployment resource configuration...

[info] Original replicas=24, selector='environmentName=ml-image-processing,environmentNamespace=default,environmentUid=2449fff4-7632-422c-aa00-519fcb194e26,executorType=newdeploy,functionName=ml-image-processing,functionNamespace=default,functionUid=58487e4a-0036-4ccd-8b22-c7f0f2d6d72b'
[info] Original replicas=73, selector='environmentName=yolo,environmentNamespace=default,environmentUid=ced8af41-455b-4081-99aa-1700c0092126,executorType=newdeploy,functionName=ml-object-detection,functionNamespace=default,functionUid=182005a6-ad76-40e9-9ecd-2fb10570ca05'
[ok] Patched Deployment resources
[ok] Patched Deployment resources
[ok] Verified Deployment template resources: requests={'cpu': '300m', 'memory': '50Mi'} limits={'cpu': '424m', 'memory': '62Mi'}
[info] Scaling deployment to 0 replicas to force full pod replacement
[ok] Verified Deployment template resources: requests={'cpu': '1500m', 'memory': '400Mi'} limits={'cpu': '4563m', 'memory': '480Mi'}
[info] Scaling deployment to 0 replicas to force full pod replacement
[ok] All pods terminated (replicas=0)
[info] Scaling deployment back to 24 replicas
[ok] All pods terminated (replicas=0)
[info] Scaling deployment back to 73 replicas
[ok] Deleted HPA newdeploy-ml-object-detection-default-9ecd-2fb10570ca05
[ok] Rollout completed after scale-to-zero
[verify] newest RS=newdeploy-ml-image-processing-default-8b22-c7f0f2d6d72b-5787fb8d96 pods=24 ready=24
[ok] Verified newest ReplicaSet template resources match expected
[ok] Rollout completed after scale-to-zero
[verify] newest RS=newdeploy-ml-object-detection-default-9ecd-2fb10570ca05-76df4f7db5 pods=73 ready=73
[ok] Verified newest ReplicaSet template resources match expected
[info] Started Locust with PID 143966
[info] attempt=1: start sleep for 20s
[info] attempt=1: sleep done
\Start sampling in parallel...
Workflow e2e p99 latency (64 completed in 16.3s, parallel, 8 workers): 2.212s
Average stage latencies:
  - ml-image-processing: 0.221s
  - ml-object-detection: 0.231s
[info] poll_locust_row: failed to load, try again
[info] poll_locust_row: failed to load, try again
[info] poll_locust_row: failed to load, try again
[info] total_requests: 1095
[info] e2e_latency (p99): 2.600 s
[info] energy_j: 7784.199331 J
[info] served_rps: 63.10 req/s
[info]: start_time: 1767846683.731, end_time: 1767846700.131, duration_s: 16.40 s
[info] energy_cost: 7.108858 J/request
[info] average power: 474.646298 W
[info] Locust stopped
================================================================================
objective      : price
resource_config: [{'cpu_m': 424, 'memory_mi': 62}, {'cpu_m': 4563, 'memory_mi': 480}], latencies: {'ml-image-processing': 0.22096994361345423, 'ml-object-detection': 0.23065389249677537}, price_cost: 199.816832, energy_cost: 7.108858, latency_p99 : 2.600000, feasible: True, total_requests: 1095, served_rps: 63.10, total_energy_j: 7784.199331 J, profiling_duration_s: 16.400000s, average_power: 474.646298 W
wall_time_s    : 101.888
================================================================================

Updating function ml-image-processing to cpu: 736m, memory: 61Mi
Updating Deployment resource configuration...

Updating function ml-object-detection to cpu: 2774m, memory: 433Mi
Updating Deployment resource configuration...

[info] Original replicas=24, selector='environmentName=ml-image-processing,environmentNamespace=default,environmentUid=2449fff4-7632-422c-aa00-519fcb194e26,executorType=newdeploy,functionName=ml-image-processing,functionNamespace=default,functionUid=58487e4a-0036-4ccd-8b22-c7f0f2d6d72b'
[info] Original replicas=73, selector='environmentName=yolo,environmentNamespace=default,environmentUid=ced8af41-455b-4081-99aa-1700c0092126,executorType=newdeploy,functionName=ml-object-detection,functionNamespace=default,functionUid=182005a6-ad76-40e9-9ecd-2fb10570ca05'
[ok] Patched Deployment resources
[ok] Patched Deployment resources
[ok] Verified Deployment template resources: requests={'cpu': '300m', 'memory': '50Mi'} limits={'cpu': '736m', 'memory': '61Mi'}
[info] Scaling deployment to 0 replicas to force full pod replacement
[ok] Verified Deployment template resources: requests={'cpu': '1500m', 'memory': '400Mi'} limits={'cpu': '2774m', 'memory': '433Mi'}
[info] Scaling deployment to 0 replicas to force full pod replacement
[ok] All pods terminated (replicas=0)
[info] Scaling deployment back to 24 replicas
[ok] All pods terminated (replicas=0)
[info] Scaling deployment back to 73 replicas
[ok] Rollout completed after scale-to-zero
[verify] newest RS=newdeploy-ml-image-processing-default-8b22-c7f0f2d6d72b-677f777497 pods=24 ready=24
[ok] Verified newest ReplicaSet template resources match expected
[ok] Rollout completed after scale-to-zero
[verify] newest RS=newdeploy-ml-object-detection-default-9ecd-2fb10570ca05-8fb9999c6 pods=73 ready=73
[ok] Verified newest ReplicaSet template resources match expected
[info] Started Locust with PID 153691
[info] attempt=1: start sleep for 20s
[info] attempt=1: sleep done
\Start sampling in parallel...
Workflow e2e p99 latency (40 completed in 21.2s, parallel, 8 workers): 9.000s
Average stage latencies:
  - ml-image-processing: 0.100s
  - ml-object-detection: 0.391s
[info] poll_locust_row: failed to load, try again
[info] poll_locust_row: failed to load, try again
[info] poll_locust_row: failed to load, try again
[info] total_requests: 1123
[info] e2e_latency (p99): 3.800 s
[info] energy_j: 8230.229749 J
[info] served_rps: 53.10 req/s
[info]: start_time: 1767846784.131, end_time: 1767846805.331, duration_s: 21.20 s
[info] energy_cost: 7.328789 J/request
[info] average power: 388.218384 W
[info] Locust stopped
================================================================================
objective      : price
resource_config: [{'cpu_m': 736, 'memory_mi': 61}, {'cpu_m': 2774, 'memory_mi': 433}], latencies: {'ml-image-processing': 0.0997479089397799, 'ml-object-detection': 0.3909634272222994}, price_cost: 202.481905, energy_cost: 7.328789, latency_p99 : 3.800000, feasible: False, total_requests: 1123, served_rps: 53.10, total_energy_j: 8230.229749 J, profiling_duration_s: 21.200000s, average_power: 388.218384 W
wall_time_s    : 105.280
================================================================================

Updating function ml-image-processing to cpu: 482m, memory: 55Mi
Updating Deployment resource configuration...

Updating function ml-object-detection to cpu: 5209m, memory: 445Mi
Updating Deployment resource configuration...

[info] Original replicas=24, selector='environmentName=ml-image-processing,environmentNamespace=default,environmentUid=2449fff4-7632-422c-aa00-519fcb194e26,executorType=newdeploy,functionName=ml-image-processing,functionNamespace=default,functionUid=58487e4a-0036-4ccd-8b22-c7f0f2d6d72b'
[info] Original replicas=73, selector='environmentName=yolo,environmentNamespace=default,environmentUid=ced8af41-455b-4081-99aa-1700c0092126,executorType=newdeploy,functionName=ml-object-detection,functionNamespace=default,functionUid=182005a6-ad76-40e9-9ecd-2fb10570ca05'
[ok] Patched Deployment resources
[ok] Patched Deployment resources
[ok] Verified Deployment template resources: requests={'cpu': '1500m', 'memory': '400Mi'} limits={'cpu': '5209m', 'memory': '445Mi'}
[info] Scaling deployment to 0 replicas to force full pod replacement
[ok] Verified Deployment template resources: requests={'cpu': '300m', 'memory': '50Mi'} limits={'cpu': '482m', 'memory': '55Mi'}
[info] Scaling deployment to 0 replicas to force full pod replacement
[ok] All pods terminated (replicas=0)
[info] Scaling deployment back to 24 replicas
[ok] All pods terminated (replicas=0)
[info] Scaling deployment back to 73 replicas
[ok] Deleted HPA newdeploy-ml-object-detection-default-9ecd-2fb10570ca05
[ok] Rollout completed after scale-to-zero
[verify] newest RS=newdeploy-ml-image-processing-default-8b22-c7f0f2d6d72b-58675c54df pods=24 ready=24
[ok] Verified newest ReplicaSet template resources match expected
[ok] Rollout completed after scale-to-zero
[verify] newest RS=newdeploy-ml-object-detection-default-9ecd-2fb10570ca05-656f4755db pods=73 ready=73
[ok] Verified newest ReplicaSet template resources match expected
[info] Started Locust with PID 164037
[info] attempt=1: start sleep for 20s
[info] attempt=1: sleep done
\Start sampling in parallel...
Workflow e2e p99 latency (66 completed in 17.3s, parallel, 8 workers): 2.412s
Average stage latencies:
  - ml-image-processing: 0.190s
  - ml-object-detection: 0.226s
[info] poll_locust_row: failed to load, try again
[info] total_requests: 1258
[info] e2e_latency (p99): 1.800 s
[info] energy_j: 8451.378291 J
[info] served_rps: 69.30 req/s
[info]: start_time: 1767846886.131, end_time: 1767846903.331, duration_s: 17.20 s
[info] energy_cost: 6.718107 J/request
[info] average power: 491.359202 W
[info] Locust stopped
================================================================================
objective      : price
resource_config: [{'cpu_m': 482, 'memory_mi': 55}, {'cpu_m': 5209, 'memory_mi': 445}], latencies: {'ml-image-processing': 0.18958684544530557, 'ml-object-detection': 0.22642735049664747}, price_cost: 221.223086, energy_cost: 6.718107, latency_p99 : 1.800000, feasible: True, total_requests: 1258, served_rps: 69.30, total_energy_j: 8451.378291 J, profiling_duration_s: 17.200000s, average_power: 491.359202 W
wall_time_s    : 97.009
================================================================================

Updating function ml-image-processing to cpu: 607m, memory: 62Mi
Updating Deployment resource configuration...

Updating function ml-object-detection to cpu: 3934m, memory: 451Mi
Updating Deployment resource configuration...

[info] Original replicas=73, selector='environmentName=yolo,environmentNamespace=default,environmentUid=ced8af41-455b-4081-99aa-1700c0092126,executorType=newdeploy,functionName=ml-object-detection,functionNamespace=default,functionUid=182005a6-ad76-40e9-9ecd-2fb10570ca05'
[info] Original replicas=24, selector='environmentName=ml-image-processing,environmentNamespace=default,environmentUid=2449fff4-7632-422c-aa00-519fcb194e26,executorType=newdeploy,functionName=ml-image-processing,functionNamespace=default,functionUid=58487e4a-0036-4ccd-8b22-c7f0f2d6d72b'
[ok] Patched Deployment resources
[ok] Patched Deployment resources
[ok] Verified Deployment template resources: requests={'cpu': '1500m', 'memory': '400Mi'} limits={'cpu': '3934m', 'memory': '451Mi'}
[info] Scaling deployment to 0 replicas to force full pod replacement
[ok] Verified Deployment template resources: requests={'cpu': '300m', 'memory': '50Mi'} limits={'cpu': '607m', 'memory': '62Mi'}
[info] Scaling deployment to 0 replicas to force full pod replacement
[ok] All pods terminated (replicas=0)
[info] Scaling deployment back to 24 replicas
[ok] All pods terminated (replicas=0)
[info] Scaling deployment back to 73 replicas
[ok] Rollout completed after scale-to-zero
[verify] newest RS=newdeploy-ml-image-processing-default-8b22-c7f0f2d6d72b-5686d8769d pods=24 ready=24
[ok] Verified newest ReplicaSet template resources match expected
[ok] Rollout completed after scale-to-zero
[verify] newest RS=newdeploy-ml-object-detection-default-9ecd-2fb10570ca05-66655ddd pods=73 ready=73
[ok] Verified newest ReplicaSet template resources match expected
[info] Started Locust with PID 173806
[info] attempt=1: start sleep for 20s
[info] attempt=1: sleep done
\Start sampling in parallel...
Workflow e2e p99 latency (48 completed in 21.7s, parallel, 8 workers): 9.000s
Average stage latencies:
  - ml-image-processing: 0.128s
  - ml-object-detection: 0.256s
[info] poll_locust_row: failed to load, try again
[info] poll_locust_row: failed to load, try again
[info] total_requests: 1544
[info] e2e_latency (p99): 3.800 s
[info] energy_j: 9676.815629 J
[info] served_rps: 64.80 req/s
[info]: start_time: 1767846986.331, end_time: 1767847008.031, duration_s: 21.70 s
[info] energy_cost: 6.267368 J/request
[info] average power: 445.936208 W
[info] Locust stopped
================================================================================
objective      : price
resource_config: [{'cpu_m': 607, 'memory_mi': 62}, {'cpu_m': 3934, 'memory_mi': 451}], latencies: {'ml-image-processing': 0.12812894588875534, 'ml-object-detection': 0.25598434911501644}, price_cost: 189.191022, energy_cost: 6.267368, latency_p99 : 3.800000, feasible: False, total_requests: 1544, served_rps: 64.80, total_energy_j: 9676.815629 J, profiling_duration_s: 21.700000s, average_power: 445.936208 W
wall_time_s    : 105.130
================================================================================

Updating function ml-image-processing to cpu: 736m, memory: 54Mi
Updating Deployment resource configuration...

Updating function ml-object-detection to cpu: 4412m, memory: 402Mi
Updating Deployment resource configuration...

[info] Original replicas=24, selector='environmentName=ml-image-processing,environmentNamespace=default,environmentUid=2449fff4-7632-422c-aa00-519fcb194e26,executorType=newdeploy,functionName=ml-image-processing,functionNamespace=default,functionUid=58487e4a-0036-4ccd-8b22-c7f0f2d6d72b'
[info] Original replicas=73, selector='environmentName=yolo,environmentNamespace=default,environmentUid=ced8af41-455b-4081-99aa-1700c0092126,executorType=newdeploy,functionName=ml-object-detection,functionNamespace=default,functionUid=182005a6-ad76-40e9-9ecd-2fb10570ca05'
[ok] Patched Deployment resources
[ok] Patched Deployment resources
[ok] Verified Deployment template resources: requests={'cpu': '1500m', 'memory': '400Mi'} limits={'cpu': '4412m', 'memory': '402Mi'}
[info] Scaling deployment to 0 replicas to force full pod replacement
[ok] Verified Deployment template resources: requests={'cpu': '300m', 'memory': '50Mi'} limits={'cpu': '736m', 'memory': '54Mi'}
[info] Scaling deployment to 0 replicas to force full pod replacement
[ok] All pods terminated (replicas=0)
[info] Scaling deployment back to 24 replicas
[ok] All pods terminated (replicas=0)
[info] Scaling deployment back to 73 replicas
[ok] Deleted HPA newdeploy-ml-object-detection-default-9ecd-2fb10570ca05
[ok] Rollout completed after scale-to-zero
[verify] newest RS=newdeploy-ml-image-processing-default-8b22-c7f0f2d6d72b-7c9445d8c9 pods=24 ready=24
[ok] Verified newest ReplicaSet template resources match expected
[ok] Rollout completed after scale-to-zero
[verify] newest RS=newdeploy-ml-object-detection-default-9ecd-2fb10570ca05-867bdfbc58 pods=73 ready=73
[ok] Verified newest ReplicaSet template resources match expected
[info] Started Locust with PID 183877
[info] attempt=1: start sleep for 20s
[info] attempt=1: sleep done
\Start sampling in parallel...
Workflow e2e p99 latency (58 completed in 19.3s, parallel, 8 workers): 9.000s
Average stage latencies:
  - ml-image-processing: 0.114s
  - ml-object-detection: 0.239s
[info] total_requests: 1231
[info] e2e_latency (p99): 3.800 s
[info] energy_j: 9205.322997 J
[info] served_rps: 66.60 req/s
[info]: start_time: 1767847088.531, end_time: 1767847107.931, duration_s: 19.40 s
[info] energy_cost: 7.477923 J/request
[info] average power: 474.501183 W
[info] Locust stopped
================================================================================
objective      : price
resource_config: [{'cpu_m': 736, 'memory_mi': 54}, {'cpu_m': 4412, 'memory_mi': 402}], latencies: {'ml-image-processing': 0.1140686334800665, 'ml-object-detection': 0.239013505720154}, price_cost: 198.214994, energy_cost: 7.477923, latency_p99 : 3.800000, feasible: False, total_requests: 1231, served_rps: 66.60, total_energy_j: 9205.322997 J, profiling_duration_s: 19.400000s, average_power: 474.501183 W
wall_time_s    : 98.888
================================================================================

Starting fresh (no checkpoint at bo_model_price_20260108_042140.pt).
  initial_points = 10
  running_batches = 10
  initial_best_feasible_cost = 199.81683164729665
  initial_best_constraint = -0.400
  initial_best_resource_config = [{'cpu_m': 424, 'memory_mi': 62}, {'cpu_m': 4563, 'memory_mi': 480}]
  time_taken_for_init = 1011.90 seconds
/home/cc/miniconda3/envs/faas/lib/python3.10/site-packages/botorch/acquisition/monte_carlo.py:502: NumericsWarning: qNoisyExpectedImprovement has known numerical issues that lead to suboptimal optimization performance. It is strongly recommended to simply replace

	 qNoisyExpectedImprovement 	 --> 	 qLogNoisyExpectedImprovement 

instead, which fixes the issues and has the same API. See https://arxiv.org/abs/2310.20708 for details.
  legacy_ei_numerics_warning(legacy_name=type(self).__name__)
Updating function ml-image-processing to cpu: 309m, memory: 69Mi
Updating Deployment resource configuration...

Updating function ml-object-detection to cpu: 4097m, memory: 512Mi
Updating Deployment resource configuration...

[info] Original replicas=24, selector='environmentName=ml-image-processing,environmentNamespace=default,environmentUid=2449fff4-7632-422c-aa00-519fcb194e26,executorType=newdeploy,functionName=ml-image-processing,functionNamespace=default,functionUid=58487e4a-0036-4ccd-8b22-c7f0f2d6d72b'
[info] Original replicas=73, selector='environmentName=yolo,environmentNamespace=default,environmentUid=ced8af41-455b-4081-99aa-1700c0092126,executorType=newdeploy,functionName=ml-object-detection,functionNamespace=default,functionUid=182005a6-ad76-40e9-9ecd-2fb10570ca05'
[ok] Patched Deployment resources
[ok] Patched Deployment resources
[ok] Verified Deployment template resources: requests={'cpu': '300m', 'memory': '50Mi'} limits={'cpu': '309m', 'memory': '69Mi'}
[info] Scaling deployment to 0 replicas to force full pod replacement
[ok] Verified Deployment template resources: requests={'cpu': '1500m', 'memory': '400Mi'} limits={'cpu': '4097m', 'memory': '512Mi'}
[info] Scaling deployment to 0 replicas to force full pod replacement
[ok] All pods terminated (replicas=0)
[info] Scaling deployment back to 24 replicas
[ok] All pods terminated (replicas=0)
[info] Scaling deployment back to 73 replicas
[ok] Rollout completed after scale-to-zero
[verify] newest RS=newdeploy-ml-image-processing-default-8b22-c7f0f2d6d72b-56cc5bd8d5 pods=24 ready=24
[ok] Verified newest ReplicaSet template resources match expected
[ok] Rollout completed after scale-to-zero
[verify] newest RS=newdeploy-ml-object-detection-default-9ecd-2fb10570ca05-7f87c5b784 pods=73 ready=73
[ok] Verified newest ReplicaSet template resources match expected
[info] Started Locust with PID 194306
[info] attempt=1: start sleep for 20s
[info] attempt=1: sleep done
\Start sampling in parallel...
Workflow e2e p99 latency (52 completed in 19.5s, parallel, 8 workers): 5.852s
Average stage latencies:
  - ml-image-processing: 0.298s
  - ml-object-detection: 0.341s
[info] total_requests: 1073
[info] e2e_latency (p99): 5.400 s
[info] energy_j: 8120.707941 J
[info] served_rps: 56.70 req/s
[info]: start_time: 1767847194.131, end_time: 1767847213.631, duration_s: 19.50 s
[info] energy_cost: 7.568227 J/request
[info] average power: 416.446561 W
[info] Locust stopped
================================================================================
objective      : price
resource_config: [{'cpu_m': 309, 'memory_mi': 69}, {'cpu_m': 4097, 'memory_mi': 512}], latencies: {'ml-image-processing': 0.29837654634880334, 'ml-object-detection': 0.3412726676861684}, price_cost: 260.240329, energy_cost: 7.568227, latency_p99 : 5.400000, feasible: False, total_requests: 1073, served_rps: 56.70, total_energy_j: 8120.707941 J, profiling_duration_s: 19.500000s, average_power: 416.446561 W
wall_time_s    : 100.060
================================================================================

Updating function ml-image-processing to cpu: 322m, memory: 51Mi
Updating Deployment resource configuration...

Updating function ml-object-detection to cpu: 4330m, memory: 506Mi
Updating Deployment resource configuration...

[info] Original replicas=24, selector='environmentName=ml-image-processing,environmentNamespace=default,environmentUid=2449fff4-7632-422c-aa00-519fcb194e26,executorType=newdeploy,functionName=ml-image-processing,functionNamespace=default,functionUid=58487e4a-0036-4ccd-8b22-c7f0f2d6d72b'
[info] Original replicas=73, selector='environmentName=yolo,environmentNamespace=default,environmentUid=ced8af41-455b-4081-99aa-1700c0092126,executorType=newdeploy,functionName=ml-object-detection,functionNamespace=default,functionUid=182005a6-ad76-40e9-9ecd-2fb10570ca05'
[ok] Patched Deployment resources
[ok] Patched Deployment resources
[ok] Verified Deployment template resources: requests={'cpu': '1500m', 'memory': '400Mi'} limits={'cpu': '4330m', 'memory': '506Mi'}
[info] Scaling deployment to 0 replicas to force full pod replacement
[ok] Verified Deployment template resources: requests={'cpu': '300m', 'memory': '50Mi'} limits={'cpu': '322m', 'memory': '51Mi'}
[info] Scaling deployment to 0 replicas to force full pod replacement
[ok] All pods terminated (replicas=0)
[info] Scaling deployment back to 24 replicas
[ok] All pods terminated (replicas=0)
[info] Scaling deployment back to 73 replicas
[ok] Rollout completed after scale-to-zero
[verify] newest RS=newdeploy-ml-image-processing-default-8b22-c7f0f2d6d72b-fb894b749 pods=24 ready=24
[ok] Verified newest ReplicaSet template resources match expected
[ok] Rollout completed after scale-to-zero
[verify] newest RS=newdeploy-ml-object-detection-default-9ecd-2fb10570ca05-66cb9bb866 pods=73 ready=73
[ok] Verified newest ReplicaSet template resources match expected
[info] Started Locust with PID 204249
[info] attempt=1: start sleep for 20s
[info] attempt=1: sleep done
\Start sampling in parallel...
Workflow e2e p99 latency (60 completed in 17.3s, parallel, 8 workers): 2.735s
Average stage latencies:
  - ml-image-processing: 0.296s
  - ml-object-detection: 0.228s
[info] poll_locust_row: failed to load, try again
[info] total_requests: 1020
[info] e2e_latency (p99): 3.600 s
[info] energy_j: 7710.801465 J
[info] served_rps: 55.70 req/s
[info]: start_time: 1767847296.231, end_time: 1767847313.531, duration_s: 17.30 s
[info] energy_cost: 7.559609 J/request
[info] average power: 445.711069 W
[info] Locust stopped
================================================================================
objective      : price
resource_config: [{'cpu_m': 322, 'memory_mi': 51}, {'cpu_m': 4330, 'memory_mi': 506}], latencies: {'ml-image-processing': 0.29647150106417636, 'ml-object-detection': 0.22840833136190972}, price_cost: 189.221183, energy_cost: 7.559609, latency_p99 : 3.600000, feasible: False, total_requests: 1020, served_rps: 55.70, total_energy_j: 7710.801465 J, profiling_duration_s: 17.300000s, average_power: 445.711069 W
wall_time_s    : 100.431
================================================================================

Updating function ml-image-processing to cpu: 493m, memory: 69Mi
Updating Deployment resource configuration...

Updating function ml-object-detection to cpu: 3448m, memory: 486Mi
Updating Deployment resource configuration...

[info] Original replicas=24, selector='environmentName=ml-image-processing,environmentNamespace=default,environmentUid=2449fff4-7632-422c-aa00-519fcb194e26,executorType=newdeploy,functionName=ml-image-processing,functionNamespace=default,functionUid=58487e4a-0036-4ccd-8b22-c7f0f2d6d72b'
[info] Original replicas=73, selector='environmentName=yolo,environmentNamespace=default,environmentUid=ced8af41-455b-4081-99aa-1700c0092126,executorType=newdeploy,functionName=ml-object-detection,functionNamespace=default,functionUid=182005a6-ad76-40e9-9ecd-2fb10570ca05'
[ok] Patched Deployment resources
[ok] Patched Deployment resources
[ok] Verified Deployment template resources: requests={'cpu': '1500m', 'memory': '400Mi'} limits={'cpu': '3448m', 'memory': '486Mi'}
[info] Scaling deployment to 0 replicas to force full pod replacement
[ok] Verified Deployment template resources: requests={'cpu': '300m', 'memory': '50Mi'} limits={'cpu': '493m', 'memory': '69Mi'}
[info] Scaling deployment to 0 replicas to force full pod replacement
[ok] All pods terminated (replicas=0)
[info] Scaling deployment back to 24 replicas
[ok] All pods terminated (replicas=0)
[info] Scaling deployment back to 73 replicas
[ok] Rollout completed after scale-to-zero
[verify] newest RS=newdeploy-ml-image-processing-default-8b22-c7f0f2d6d72b-5f5f8c9785 pods=24 ready=24
[ok] Verified newest ReplicaSet template resources match expected
[ok] Rollout completed after scale-to-zero
[verify] newest RS=newdeploy-ml-object-detection-default-9ecd-2fb10570ca05-65c8cbcfb pods=73 ready=73
[ok] Verified newest ReplicaSet template resources match expected
[info] Started Locust with PID 214172
[info] attempt=1: start sleep for 20s
[info] attempt=1: sleep done
\Start sampling in parallel...
Workflow e2e p99 latency (48 completed in 22.0s, parallel, 8 workers): 9.000s
Average stage latencies:
  - ml-image-processing: 0.187s
  - ml-object-detection: 0.423s
[info] poll_locust_row: failed to load, try again
[info] poll_locust_row: failed to load, try again
[info] total_requests: 1094
[info] e2e_latency (p99): 4.100 s
[info] energy_j: 8763.981968 J
[info] served_rps: 57.80 req/s
[info]: start_time: 1767847389.831, end_time: 1767847411.931, duration_s: 22.10 s
[info] energy_cost: 8.010952 J/request
[info] average power: 396.560272 W
[info] Locust stopped
================================================================================
objective      : price
resource_config: [{'cpu_m': 493, 'memory_mi': 69}, {'cpu_m': 3448, 'memory_mi': 486}], latencies: {'ml-image-processing': 0.18694816305789919, 'ml-object-detection': 0.4230050025286064}, price_cost: 270.956100, energy_cost: 8.010952, latency_p99 : 4.100000, feasible: False, total_requests: 1094, served_rps: 57.80, total_energy_j: 8763.981968 J, profiling_duration_s: 22.100000s, average_power: 396.560272 W
wall_time_s    : 98.804
================================================================================

================================================================================

Batch  1: best_feasible_cost (random, qNEI) = (199.81683164729665, 199.81683164729665), best_constraint =  -0.400 (<=0 feasible), time = 305.00.
Best feasible resource configuration: [{'cpu_m': 424, 'memory_mi': 62}, {'cpu_m': 4563, 'memory_mi': 480}]

================================================================================
/home/cc/miniconda3/envs/faas/lib/python3.10/site-packages/botorch/acquisition/monte_carlo.py:502: NumericsWarning: qNoisyExpectedImprovement has known numerical issues that lead to suboptimal optimization performance. It is strongly recommended to simply replace

	 qNoisyExpectedImprovement 	 --> 	 qLogNoisyExpectedImprovement 

instead, which fixes the issues and has the same API. See https://arxiv.org/abs/2310.20708 for details.
  legacy_ei_numerics_warning(legacy_name=type(self).__name__)
Updating function ml-image-processing to cpu: 524m, memory: 62Mi
Updating Deployment resource configuration...

Updating function ml-object-detection to cpu: 4547m, memory: 437Mi
Updating Deployment resource configuration...

[info] Original replicas=24, selector='environmentName=ml-image-processing,environmentNamespace=default,environmentUid=2449fff4-7632-422c-aa00-519fcb194e26,executorType=newdeploy,functionName=ml-image-processing,functionNamespace=default,functionUid=58487e4a-0036-4ccd-8b22-c7f0f2d6d72b'
[info] Original replicas=73, selector='environmentName=yolo,environmentNamespace=default,environmentUid=ced8af41-455b-4081-99aa-1700c0092126,executorType=newdeploy,functionName=ml-object-detection,functionNamespace=default,functionUid=182005a6-ad76-40e9-9ecd-2fb10570ca05'
[ok] Patched Deployment resources
[ok] Patched Deployment resources
[ok] Verified Deployment template resources: requests={'cpu': '1500m', 'memory': '400Mi'} limits={'cpu': '4547m', 'memory': '437Mi'}
[info] Scaling deployment to 0 replicas to force full pod replacement
[ok] Verified Deployment template resources: requests={'cpu': '300m', 'memory': '50Mi'} limits={'cpu': '524m', 'memory': '62Mi'}
[info] Scaling deployment to 0 replicas to force full pod replacement
[ok] All pods terminated (replicas=0)
[info] Scaling deployment back to 24 replicas
[ok] All pods terminated (replicas=0)
[info] Scaling deployment back to 73 replicas
[ok] Rollout completed after scale-to-zero
[verify] newest RS=newdeploy-ml-image-processing-default-8b22-c7f0f2d6d72b-5b8845bf4 pods=24 ready=24
[ok] Verified newest ReplicaSet template resources match expected
[ok] Rollout completed after scale-to-zero
[verify] newest RS=newdeploy-ml-object-detection-default-9ecd-2fb10570ca05-5694cc9bb7 pods=73 ready=73
[ok] Verified newest ReplicaSet template resources match expected
[info] Started Locust with PID 224848
[info] attempt=1: start sleep for 20s
[info] attempt=1: sleep done
\Start sampling in parallel...
Workflow e2e p99 latency (65 completed in 17.4s, parallel, 8 workers): 2.767s
Average stage latencies:
  - ml-image-processing: 0.168s
  - ml-object-detection: 0.240s
[info] poll_locust_row: failed to load, try again
[info] total_requests: 1199
[info] e2e_latency (p99): 3.800 s
[info] energy_j: 8221.336321 J
[info] served_rps: 67.00 req/s
[info]: start_time: 1767847502.231, end_time: 1767847519.631, duration_s: 17.40 s
[info] energy_cost: 6.856828 J/request
[info] average power: 472.490591 W
[info] Locust stopped
================================================================================
objective      : price
resource_config: [{'cpu_m': 524, 'memory_mi': 62}, {'cpu_m': 4547, 'memory_mi': 437}], latencies: {'ml-image-processing': 0.16820849520512499, 'ml-object-detection': 0.23963120445752373}, price_cost: 205.166088, energy_cost: 6.856828, latency_p99 : 3.800000, feasible: False, total_requests: 1199, served_rps: 67.00, total_energy_j: 8221.336321 J, profiling_duration_s: 17.400000s, average_power: 472.490591 W
wall_time_s    : 99.397
================================================================================

Updating function ml-image-processing to cpu: 311m, memory: 51Mi
Updating Deployment resource configuration...

Updating function ml-object-detection to cpu: 4569m, memory: 492Mi
Updating Deployment resource configuration...

[info] Original replicas=24, selector='environmentName=ml-image-processing,environmentNamespace=default,environmentUid=2449fff4-7632-422c-aa00-519fcb194e26,executorType=newdeploy,functionName=ml-image-processing,functionNamespace=default,functionUid=58487e4a-0036-4ccd-8b22-c7f0f2d6d72b'
[info] Original replicas=73, selector='environmentName=yolo,environmentNamespace=default,environmentUid=ced8af41-455b-4081-99aa-1700c0092126,executorType=newdeploy,functionName=ml-object-detection,functionNamespace=default,functionUid=182005a6-ad76-40e9-9ecd-2fb10570ca05'
[ok] Patched Deployment resources
[ok] Patched Deployment resources
[ok] Verified Deployment template resources: requests={'cpu': '1500m', 'memory': '400Mi'} limits={'cpu': '4569m', 'memory': '492Mi'}
[info] Scaling deployment to 0 replicas to force full pod replacement
[ok] Verified Deployment template resources: requests={'cpu': '300m', 'memory': '50Mi'} limits={'cpu': '311m', 'memory': '51Mi'}
[info] Scaling deployment to 0 replicas to force full pod replacement
[ok] All pods terminated (replicas=0)
[info] Scaling deployment back to 24 replicas
[ok] All pods terminated (replicas=0)
[info] Scaling deployment back to 73 replicas
[ok] Rollout completed after scale-to-zero
[verify] newest RS=newdeploy-ml-image-processing-default-8b22-c7f0f2d6d72b-6ffbc4fd6f pods=24 ready=24
[ok] Verified newest ReplicaSet template resources match expected
[ok] Rollout completed after scale-to-zero
[verify] newest RS=newdeploy-ml-object-detection-default-9ecd-2fb10570ca05-7ff86bdb9f pods=73 ready=73
[ok] Verified newest ReplicaSet template resources match expected
[info] Started Locust with PID 234603
[info] attempt=1: start sleep for 20s
[info] attempt=1: sleep done
\Start sampling in parallel...
Workflow e2e p99 latency (54 completed in 17.5s, parallel, 8 workers): 4.321s
Average stage latencies:
  - ml-image-processing: 0.305s
  - ml-object-detection: 0.197s
[info] poll_locust_row: failed to load, try again
[info] total_requests: 1009
[info] e2e_latency (p99): 3.600 s
[info] energy_j: 7750.282379 J
[info] served_rps: 55.90 req/s
[info]: start_time: 1767847599.431, end_time: 1767847616.931, duration_s: 17.50 s
[info] energy_cost: 7.681152 J/request
[info] average power: 442.873279 W
[info] Locust stopped
================================================================================
objective      : price
resource_config: [{'cpu_m': 311, 'memory_mi': 51}, {'cpu_m': 4569, 'memory_mi': 492}], latencies: {'ml-image-processing': 0.30470360110134437, 'ml-object-detection': 0.19743256126875403}, price_cost: 173.837893, energy_cost: 7.681152, latency_p99 : 3.600000, feasible: False, total_requests: 1009, served_rps: 55.90, total_energy_j: 7750.282379 J, profiling_duration_s: 17.500000s, average_power: 442.873279 W
wall_time_s    : 97.301
================================================================================

Updating function ml-image-processing to cpu: 800m, memory: 55Mi
Updating Deployment resource configuration...

Updating function ml-object-detection to cpu: 3351m, memory: 400Mi
Updating Deployment resource configuration...

[info] Original replicas=24, selector='environmentName=ml-image-processing,environmentNamespace=default,environmentUid=2449fff4-7632-422c-aa00-519fcb194e26,executorType=newdeploy,functionName=ml-image-processing,functionNamespace=default,functionUid=58487e4a-0036-4ccd-8b22-c7f0f2d6d72b'
[info] Original replicas=73, selector='environmentName=yolo,environmentNamespace=default,environmentUid=ced8af41-455b-4081-99aa-1700c0092126,executorType=newdeploy,functionName=ml-object-detection,functionNamespace=default,functionUid=182005a6-ad76-40e9-9ecd-2fb10570ca05'
[ok] Patched Deployment resources
[ok] Patched Deployment resources
[ok] Verified Deployment template resources: requests={'cpu': '300m', 'memory': '50Mi'} limits={'cpu': '800m', 'memory': '55Mi'}
[info] Scaling deployment to 0 replicas to force full pod replacement
[ok] Verified Deployment template resources: requests={'cpu': '1500m', 'memory': '400Mi'} limits={'cpu': '3351m', 'memory': '400Mi'}
[info] Scaling deployment to 0 replicas to force full pod replacement
[ok] All pods terminated (replicas=0)
[info] Scaling deployment back to 24 replicas
[ok] All pods terminated (replicas=0)
[info] Scaling deployment back to 73 replicas
[ok] Rollout completed after scale-to-zero
[verify] newest RS=newdeploy-ml-image-processing-default-8b22-c7f0f2d6d72b-6d8846dcbf pods=24 ready=24
[ok] Verified newest ReplicaSet template resources match expected
[ok] Rollout completed after scale-to-zero
[verify] newest RS=newdeploy-ml-object-detection-default-9ecd-2fb10570ca05-f6f98b68d pods=73 ready=73
[ok] Verified newest ReplicaSet template resources match expected
[info] Started Locust with PID 244367
[info] attempt=1: start sleep for 20s
[info] attempt=1: sleep done
\Start sampling in parallel...
Workflow e2e p99 latency (49 completed in 19.9s, parallel, 8 workers): 9.000s
Average stage latencies:
  - ml-image-processing: 0.098s
  - ml-object-detection: 0.303s
[info] total_requests: 1218
[info] e2e_latency (p99): 3.800 s
[info] energy_j: 8351.738497 J
[info] served_rps: 58.90 req/s
[info]: start_time: 1767847696.631, end_time: 1767847716.531, duration_s: 19.90 s
[info] energy_cost: 6.856928 J/request
[info] average power: 419.685355 W
[info] Locust stopped
================================================================================
objective      : price
resource_config: [{'cpu_m': 800, 'memory_mi': 55}, {'cpu_m': 3351, 'memory_mi': 400}], latencies: {'ml-image-processing': 0.09829111885046586, 'ml-object-detection': 0.3034203285700642}, price_cost: 191.062556, energy_cost: 6.856928, latency_p99 : 3.800000, feasible: False, total_requests: 1218, served_rps: 58.90, total_energy_j: 8351.738497 J, profiling_duration_s: 19.900000s, average_power: 419.685355 W
wall_time_s    : 99.096
================================================================================

================================================================================

Batch  2: best_feasible_cost (random, qNEI) = (199.81683164729665, 199.81683164729665), best_constraint =  -0.400 (<=0 feasible), time = 303.58.
Best feasible resource configuration: [{'cpu_m': 424, 'memory_mi': 62}, {'cpu_m': 4563, 'memory_mi': 480}]

================================================================================
/home/cc/miniconda3/envs/faas/lib/python3.10/site-packages/botorch/acquisition/monte_carlo.py:502: NumericsWarning: qNoisyExpectedImprovement has known numerical issues that lead to suboptimal optimization performance. It is strongly recommended to simply replace

	 qNoisyExpectedImprovement 	 --> 	 qLogNoisyExpectedImprovement 

instead, which fixes the issues and has the same API. See https://arxiv.org/abs/2310.20708 for details.
  legacy_ei_numerics_warning(legacy_name=type(self).__name__)
Updating function ml-image-processing to cpu: 743m, memory: 59Mi
Updating Deployment resource configuration...

Updating function ml-object-detection to cpu: 4404m, memory: 403Mi
Updating Deployment resource configuration...

[info] Original replicas=24, selector='environmentName=ml-image-processing,environmentNamespace=default,environmentUid=2449fff4-7632-422c-aa00-519fcb194e26,executorType=newdeploy,functionName=ml-image-processing,functionNamespace=default,functionUid=58487e4a-0036-4ccd-8b22-c7f0f2d6d72b'
[info] Original replicas=73, selector='environmentName=yolo,environmentNamespace=default,environmentUid=ced8af41-455b-4081-99aa-1700c0092126,executorType=newdeploy,functionName=ml-object-detection,functionNamespace=default,functionUid=182005a6-ad76-40e9-9ecd-2fb10570ca05'
[ok] Patched Deployment resources
[ok] Patched Deployment resources
[ok] Verified Deployment template resources: requests={'cpu': '1500m', 'memory': '400Mi'} limits={'cpu': '4404m', 'memory': '403Mi'}
[info] Scaling deployment to 0 replicas to force full pod replacement
[ok] Verified Deployment template resources: requests={'cpu': '300m', 'memory': '50Mi'} limits={'cpu': '743m', 'memory': '59Mi'}
[info] Scaling deployment to 0 replicas to force full pod replacement
[ok] All pods terminated (replicas=0)
[info] Scaling deployment back to 24 replicas
[ok] All pods terminated (replicas=0)
[info] Scaling deployment back to 73 replicas
[ok] Rollout completed after scale-to-zero
[verify] newest RS=newdeploy-ml-image-processing-default-8b22-c7f0f2d6d72b-56b9884fd6 pods=24 ready=24
[ok] Verified newest ReplicaSet template resources match expected
[ok] Rollout completed after scale-to-zero
[verify] newest RS=newdeploy-ml-object-detection-default-9ecd-2fb10570ca05-5f9d5cd59f pods=73 ready=73
[ok] Verified newest ReplicaSet template resources match expected
[info] Started Locust with PID 254419
[info] attempt=1: start sleep for 20s
[info] attempt=1: sleep done
\Start sampling in parallel...
Workflow e2e p99 latency (60 completed in 16.5s, parallel, 8 workers): 9.000s
Average stage latencies:
  - ml-image-processing: 0.115s
  - ml-object-detection: 0.239s
[info] poll_locust_row: failed to load, try again
[info] poll_locust_row: failed to load, try again
[info] poll_locust_row: failed to load, try again
[info] total_requests: 1221
[info] e2e_latency (p99): 3.700 s
[info] energy_j: 7772.345150 J
[info] served_rps: 67.20 req/s
[info]: start_time: 1767847800.231, end_time: 1767847816.731, duration_s: 16.50 s
[info] energy_cost: 6.365557 J/request
[info] average power: 471.051221 W
[info] Locust stopped
================================================================================
objective      : price
resource_config: [{'cpu_m': 743, 'memory_mi': 59}, {'cpu_m': 4404, 'memory_mi': 403}], latencies: {'ml-image-processing': 0.11520077644049057, 'ml-object-detection': 0.23938674526289105}, price_cost: 198.464856, energy_cost: 6.365557, latency_p99 : 3.700000, feasible: False, total_requests: 1221, served_rps: 67.20, total_energy_j: 7772.345150 J, profiling_duration_s: 16.500000s, average_power: 471.051221 W
wall_time_s    : 96.250
================================================================================

Updating function ml-image-processing to cpu: 391m, memory: 51Mi
Updating Deployment resource configuration...

Updating function ml-object-detection to cpu: 4943m, memory: 484Mi
Updating Deployment resource configuration...

[info] Original replicas=24, selector='environmentName=ml-image-processing,environmentNamespace=default,environmentUid=2449fff4-7632-422c-aa00-519fcb194e26,executorType=newdeploy,functionName=ml-image-processing,functionNamespace=default,functionUid=58487e4a-0036-4ccd-8b22-c7f0f2d6d72b'
[info] Original replicas=73, selector='environmentName=yolo,environmentNamespace=default,environmentUid=ced8af41-455b-4081-99aa-1700c0092126,executorType=newdeploy,functionName=ml-object-detection,functionNamespace=default,functionUid=182005a6-ad76-40e9-9ecd-2fb10570ca05'
[ok] Patched Deployment resources
[ok] Patched Deployment resources
[ok] Verified Deployment template resources: requests={'cpu': '300m', 'memory': '50Mi'} limits={'cpu': '391m', 'memory': '51Mi'}
[info] Scaling deployment to 0 replicas to force full pod replacement
[ok] Verified Deployment template resources: requests={'cpu': '1500m', 'memory': '400Mi'} limits={'cpu': '4943m', 'memory': '484Mi'}
[info] Scaling deployment to 0 replicas to force full pod replacement
[ok] All pods terminated (replicas=0)
[info] Scaling deployment back to 24 replicas
[ok] All pods terminated (replicas=0)
[info] Scaling deployment back to 73 replicas
[ok] Rollout completed after scale-to-zero
[verify] newest RS=newdeploy-ml-image-processing-default-8b22-c7f0f2d6d72b-bc896994f pods=24 ready=24
[ok] Verified newest ReplicaSet template resources match expected
[ok] Rollout completed after scale-to-zero
[verify] newest RS=newdeploy-ml-object-detection-default-9ecd-2fb10570ca05-79859c574d pods=73 ready=73
[ok] Verified newest ReplicaSet template resources match expected
[info] Started Locust with PID 264405
[info] attempt=1: start sleep for 20s
[info] attempt=1: sleep done
\Start sampling in parallel...
Workflow e2e p99 latency (62 completed in 17.3s, parallel, 8 workers): 2.402s
Average stage latencies:
  - ml-image-processing: 0.245s
  - ml-object-detection: 0.219s
[info] poll_locust_row: failed to load, try again
[info] total_requests: 1165
[info] e2e_latency (p99): 2.400 s
[info] energy_j: 8235.668881 J
[info] served_rps: 64.40 req/s
[info]: start_time: 1767847900.031, end_time: 1767847917.331, duration_s: 17.30 s
[info] energy_cost: 7.069244 J/request
[info] average power: 476.050219 W
[info] Locust stopped
================================================================================
objective      : price
resource_config: [{'cpu_m': 391, 'memory_mi': 51}, {'cpu_m': 4943, 'memory_mi': 484}], latencies: {'ml-image-processing': 0.24468603108318582, 'ml-object-detection': 0.219186159301429}, price_cost: 205.444281, energy_cost: 7.069244, latency_p99 : 2.400000, feasible: True, total_requests: 1165, served_rps: 64.40, total_energy_j: 8235.668881 J, profiling_duration_s: 17.300000s, average_power: 476.050219 W
wall_time_s    : 99.544
================================================================================

Updating function ml-image-processing to cpu: 589m, memory: 61Mi
Updating Deployment resource configuration...

Updating function ml-object-detection to cpu: 1819m, memory: 505Mi
Updating Deployment resource configuration...

[info] Original replicas=24, selector='environmentName=ml-image-processing,environmentNamespace=default,environmentUid=2449fff4-7632-422c-aa00-519fcb194e26,executorType=newdeploy,functionName=ml-image-processing,functionNamespace=default,functionUid=58487e4a-0036-4ccd-8b22-c7f0f2d6d72b'
[info] Original replicas=73, selector='environmentName=yolo,environmentNamespace=default,environmentUid=ced8af41-455b-4081-99aa-1700c0092126,executorType=newdeploy,functionName=ml-object-detection,functionNamespace=default,functionUid=182005a6-ad76-40e9-9ecd-2fb10570ca05'
[ok] Patched Deployment resources
[ok] Patched Deployment resources
[ok] Verified Deployment template resources: requests={'cpu': '300m', 'memory': '50Mi'} limits={'cpu': '589m', 'memory': '61Mi'}
[info] Scaling deployment to 0 replicas to force full pod replacement
[ok] Verified Deployment template resources: requests={'cpu': '1500m', 'memory': '400Mi'} limits={'cpu': '1819m', 'memory': '505Mi'}
[info] Scaling deployment to 0 replicas to force full pod replacement
[ok] All pods terminated (replicas=0)
[info] Scaling deployment back to 24 replicas
[ok] All pods terminated (replicas=0)
[info] Scaling deployment back to 73 replicas
[ok] Rollout completed after scale-to-zero
[verify] newest RS=newdeploy-ml-image-processing-default-8b22-c7f0f2d6d72b-574894769c pods=24 ready=24
[ok] Verified newest ReplicaSet template resources match expected
[ok] Rollout completed after scale-to-zero
[verify] newest RS=newdeploy-ml-object-detection-default-9ecd-2fb10570ca05-66b8d8cf55 pods=73 ready=73
[ok] Verified newest ReplicaSet template resources match expected
[info] Started Locust with PID 275287
[info] attempt=1: start sleep for 20s
[info] attempt=1: sleep done
\Start sampling in parallel...
Workflow e2e p99 latency (33 completed in 21.4s, parallel, 8 workers): 9.000s
Average stage latencies:
  - ml-image-processing: 0.120s
  - ml-object-detection: 0.686s
[info] poll_locust_row: failed to load, try again
[info] poll_locust_row: failed to load, try again
[info] poll_locust_row: failed to load, try again
[info] total_requests: 863
[info] e2e_latency (p99): 3.900 s
[info] energy_j: 7034.979750 J
[info] served_rps: 39.00 req/s
[info]: start_time: 1767848009.131, end_time: 1767848030.631, duration_s: 21.50 s
[info] energy_cost: 8.151773 J/request
[info] average power: 327.208360 W
[info] Locust stopped
================================================================================
objective      : price
resource_config: [{'cpu_m': 589, 'memory_mi': 61}, {'cpu_m': 1819, 'memory_mi': 505}], latencies: {'ml-image-processing': 0.11992926010861993, 'ml-object-detection': 0.6861607494531199}, price_cost: 232.498370, energy_cost: 8.151773, latency_p99 : 3.900000, feasible: False, total_requests: 863, served_rps: 39.00, total_energy_j: 7034.979750 J, profiling_duration_s: 21.500000s, average_power: 327.208360 W
wall_time_s    : 114.281
================================================================================

================================================================================

Batch  3: best_feasible_cost (random, qNEI) = (199.81683164729665, 199.81683164729665), best_constraint =  -0.400 (<=0 feasible), time = 315.65.
Best feasible resource configuration: [{'cpu_m': 424, 'memory_mi': 62}, {'cpu_m': 4563, 'memory_mi': 480}]

================================================================================
/home/cc/miniconda3/envs/faas/lib/python3.10/site-packages/botorch/acquisition/monte_carlo.py:502: NumericsWarning: qNoisyExpectedImprovement has known numerical issues that lead to suboptimal optimization performance. It is strongly recommended to simply replace

	 qNoisyExpectedImprovement 	 --> 	 qLogNoisyExpectedImprovement 

instead, which fixes the issues and has the same API. See https://arxiv.org/abs/2310.20708 for details.
  legacy_ei_numerics_warning(legacy_name=type(self).__name__)
Updating function ml-image-processing to cpu: 550m, memory: 61Mi
Updating Deployment resource configuration...

Updating function ml-object-detection to cpu: 4540m, memory: 462Mi
Updating Deployment resource configuration...

[info] Original replicas=24, selector='environmentName=ml-image-processing,environmentNamespace=default,environmentUid=2449fff4-7632-422c-aa00-519fcb194e26,executorType=newdeploy,functionName=ml-image-processing,functionNamespace=default,functionUid=58487e4a-0036-4ccd-8b22-c7f0f2d6d72b'
[info] Original replicas=73, selector='environmentName=yolo,environmentNamespace=default,environmentUid=ced8af41-455b-4081-99aa-1700c0092126,executorType=newdeploy,functionName=ml-object-detection,functionNamespace=default,functionUid=182005a6-ad76-40e9-9ecd-2fb10570ca05'
[ok] Patched Deployment resources
[ok] Patched Deployment resources
[ok] Verified Deployment template resources: requests={'cpu': '1500m', 'memory': '400Mi'} limits={'cpu': '4540m', 'memory': '462Mi'}
[info] Scaling deployment to 0 replicas to force full pod replacement
[ok] Verified Deployment template resources: requests={'cpu': '300m', 'memory': '50Mi'} limits={'cpu': '550m', 'memory': '61Mi'}
[info] Scaling deployment to 0 replicas to force full pod replacement
[ok] All pods terminated (replicas=0)
[info] Scaling deployment back to 24 replicas
[ok] All pods terminated (replicas=0)
[info] Scaling deployment back to 73 replicas
[ok] Deleted HPA newdeploy-ml-object-detection-default-9ecd-2fb10570ca05
[ok] Rollout completed after scale-to-zero
[verify] newest RS=newdeploy-ml-image-processing-default-8b22-c7f0f2d6d72b-7f4c897589 pods=24 ready=24
[ok] Verified newest ReplicaSet template resources match expected
[ok] Rollout completed after scale-to-zero
[verify] newest RS=newdeploy-ml-object-detection-default-9ecd-2fb10570ca05-74bd566867 pods=73 ready=73
[ok] Verified newest ReplicaSet template resources match expected
[info] Started Locust with PID 286329
[info] attempt=1: start sleep for 20s
[info] attempt=1: sleep done
\Start sampling in parallel...
Workflow e2e p99 latency (66 completed in 19.9s, parallel, 8 workers): 9.000s
Average stage latencies:
  - ml-image-processing: 0.159s
  - ml-object-detection: 0.238s
[info] total_requests: 1416
[info] e2e_latency (p99): 3.800 s
[info] energy_j: 9596.152146 J
[info] served_rps: 67.70 req/s
[info]: start_time: 1767848118.731, end_time: 1767848138.731, duration_s: 20.00 s
[info] energy_cost: 6.776944 J/request
[info] average power: 479.807607 W
[info] Locust stopped
================================================================================
objective      : price
resource_config: [{'cpu_m': 550, 'memory_mi': 61}, {'cpu_m': 4540, 'memory_mi': 462}], latencies: {'ml-image-processing': 0.15937756448267745, 'ml-object-detection': 0.23780827862568774}, price_cost: 203.415104, energy_cost: 6.776944, latency_p99 : 3.800000, feasible: False, total_requests: 1416, served_rps: 67.70, total_energy_j: 9596.152146 J, profiling_duration_s: 20.000000s, average_power: 479.807607 W
wall_time_s    : 100.260
================================================================================

Updating function ml-image-processing to cpu: 336m, memory: 52Mi
Updating Deployment resource configuration...

Updating function ml-object-detection to cpu: 5255m, memory: 489Mi
Updating Deployment resource configuration...

[info] Original replicas=24, selector='environmentName=ml-image-processing,environmentNamespace=default,environmentUid=2449fff4-7632-422c-aa00-519fcb194e26,executorType=newdeploy,functionName=ml-image-processing,functionNamespace=default,functionUid=58487e4a-0036-4ccd-8b22-c7f0f2d6d72b'
[info] Original replicas=73, selector='environmentName=yolo,environmentNamespace=default,environmentUid=ced8af41-455b-4081-99aa-1700c0092126,executorType=newdeploy,functionName=ml-object-detection,functionNamespace=default,functionUid=182005a6-ad76-40e9-9ecd-2fb10570ca05'
[ok] Patched Deployment resources
[ok] Patched Deployment resources
[ok] Verified Deployment template resources: requests={'cpu': '1500m', 'memory': '400Mi'} limits={'cpu': '5255m', 'memory': '489Mi'}
[info] Scaling deployment to 0 replicas to force full pod replacement
[ok] Verified Deployment template resources: requests={'cpu': '300m', 'memory': '50Mi'} limits={'cpu': '336m', 'memory': '52Mi'}
[info] Scaling deployment to 0 replicas to force full pod replacement
[ok] All pods terminated (replicas=0)
[info] Scaling deployment back to 24 replicas
[ok] All pods terminated (replicas=0)
[info] Scaling deployment back to 73 replicas
[ok] Rollout completed after scale-to-zero
[verify] newest RS=newdeploy-ml-image-processing-default-8b22-c7f0f2d6d72b-dc88df66f pods=24 ready=24
[ok] Verified newest ReplicaSet template resources match expected
[ok] Rollout completed after scale-to-zero
[verify] newest RS=newdeploy-ml-object-detection-default-9ecd-2fb10570ca05-7496b564bf pods=73 ready=73
[ok] Verified newest ReplicaSet template resources match expected
[info] Started Locust with PID 296796
[info] attempt=1: start sleep for 20s
[info] attempt=1: sleep done
\Start sampling in parallel...
Workflow e2e p99 latency (61 completed in 16.5s, parallel, 8 workers): 2.339s
Average stage latencies:
  - ml-image-processing: 0.278s
  - ml-object-detection: 0.186s
[info] poll_locust_row: failed to load, try again
[info] poll_locust_row: failed to load, try again
[info] poll_locust_row: failed to load, try again
[info] total_requests: 1024
[info] e2e_latency (p99): 2.500 s
[info] energy_j: 7480.736136 J
[info] served_rps: 61.00 req/s
[info]: start_time: 1767848226.331, end_time: 1767848242.831, duration_s: 16.50 s
[info] energy_cost: 7.305406 J/request
[info] average power: 453.377948 W
[info] Locust stopped
================================================================================
objective      : price
resource_config: [{'cpu_m': 336, 'memory_mi': 52}, {'cpu_m': 5255, 'memory_mi': 489}], latencies: {'ml-image-processing': 0.27761551911835786, 'ml-object-detection': 0.1859718138184093}, price_cost: 186.503128, energy_cost: 7.305406, latency_p99 : 2.500000, feasible: True, total_requests: 1024, served_rps: 61.00, total_energy_j: 7480.736136 J, profiling_duration_s: 16.500000s, average_power: 453.377948 W
wall_time_s    : 105.593
================================================================================

Updating function ml-image-processing to cpu: 507m, memory: 66Mi
Updating Deployment resource configuration...

Updating function ml-object-detection to cpu: 4721m, memory: 480Mi
Updating Deployment resource configuration...

[info] Original replicas=73, selector='environmentName=yolo,environmentNamespace=default,environmentUid=ced8af41-455b-4081-99aa-1700c0092126,executorType=newdeploy,functionName=ml-object-detection,functionNamespace=default,functionUid=182005a6-ad76-40e9-9ecd-2fb10570ca05'
[info] Original replicas=24, selector='environmentName=ml-image-processing,environmentNamespace=default,environmentUid=2449fff4-7632-422c-aa00-519fcb194e26,executorType=newdeploy,functionName=ml-image-processing,functionNamespace=default,functionUid=58487e4a-0036-4ccd-8b22-c7f0f2d6d72b'
[ok] Patched Deployment resources
[ok] Patched Deployment resources
[ok] Verified Deployment template resources: requests={'cpu': '300m', 'memory': '50Mi'} limits={'cpu': '507m', 'memory': '66Mi'}
[info] Scaling deployment to 0 replicas to force full pod replacement
[ok] Verified Deployment template resources: requests={'cpu': '1500m', 'memory': '400Mi'} limits={'cpu': '4721m', 'memory': '480Mi'}
[info] Scaling deployment to 0 replicas to force full pod replacement
[ok] All pods terminated (replicas=0)
[info] Scaling deployment back to 24 replicas
[ok] All pods terminated (replicas=0)
[info] Scaling deployment back to 73 replicas
[ok] Rollout completed after scale-to-zero
[verify] newest RS=newdeploy-ml-image-processing-default-8b22-c7f0f2d6d72b-855f9c5569 pods=24 ready=24
[ok] Verified newest ReplicaSet template resources match expected
[ok] Rollout completed after scale-to-zero
[verify] newest RS=newdeploy-ml-object-detection-default-9ecd-2fb10570ca05-56c8cf4c69 pods=73 ready=73
[ok] Verified newest ReplicaSet template resources match expected
[info] Started Locust with PID 306879
[info] attempt=1: start sleep for 20s
[info] attempt=1: sleep done
\Start sampling in parallel...
Workflow e2e p99 latency (59 completed in 17.5s, parallel, 8 workers): 9.000s
Average stage latencies:
  - ml-image-processing: 0.173s
  - ml-object-detection: 0.237s
[info] poll_locust_row: failed to load, try again
[info] total_requests: 1209
[info] e2e_latency (p99): 3.800 s
[info] energy_j: 8473.453766 J
[info] served_rps: 66.60 req/s
[info]: start_time: 1767848324.731, end_time: 1767848342.231, duration_s: 17.50 s
[info] energy_cost: 7.008647 J/request
[info] average power: 484.197358 W
[info] Locust stopped
================================================================================
objective      : price
resource_config: [{'cpu_m': 507, 'memory_mi': 66}, {'cpu_m': 4721, 'memory_mi': 480}], latencies: {'ml-image-processing': 0.1726035459432751, 'ml-object-detection': 0.23745713507690067}, price_cost: 210.620374, energy_cost: 7.008647, latency_p99 : 3.800000, feasible: False, total_requests: 1209, served_rps: 66.60, total_energy_j: 8473.453766 J, profiling_duration_s: 17.500000s, average_power: 484.197358 W
wall_time_s    : 98.481
================================================================================

================================================================================

Batch  4: best_feasible_cost (random, qNEI) = (199.81683164729665, 186.50312796943675), best_constraint =  -0.500 (<=0 feasible), time = 310.62.
Best feasible resource configuration: [{'cpu_m': 336, 'memory_mi': 52}, {'cpu_m': 5255, 'memory_mi': 489}]

================================================================================
/home/cc/miniconda3/envs/faas/lib/python3.10/site-packages/botorch/acquisition/monte_carlo.py:502: NumericsWarning: qNoisyExpectedImprovement has known numerical issues that lead to suboptimal optimization performance. It is strongly recommended to simply replace

	 qNoisyExpectedImprovement 	 --> 	 qLogNoisyExpectedImprovement 

instead, which fixes the issues and has the same API. See https://arxiv.org/abs/2310.20708 for details.
  legacy_ei_numerics_warning(legacy_name=type(self).__name__)
Updating function ml-image-processing to cpu: 379m, memory: 59Mi
Updating Deployment resource configuration...

Updating function ml-object-detection to cpu: 5238m, memory: 493Mi
Updating Deployment resource configuration...

[info] Original replicas=24, selector='environmentName=ml-image-processing,environmentNamespace=default,environmentUid=2449fff4-7632-422c-aa00-519fcb194e26,executorType=newdeploy,functionName=ml-image-processing,functionNamespace=default,functionUid=58487e4a-0036-4ccd-8b22-c7f0f2d6d72b'
[info] Original replicas=73, selector='environmentName=yolo,environmentNamespace=default,environmentUid=ced8af41-455b-4081-99aa-1700c0092126,executorType=newdeploy,functionName=ml-object-detection,functionNamespace=default,functionUid=182005a6-ad76-40e9-9ecd-2fb10570ca05'
[ok] Patched Deployment resources
[ok] Patched Deployment resources
[ok] Verified Deployment template resources: requests={'cpu': '1500m', 'memory': '400Mi'} limits={'cpu': '5238m', 'memory': '493Mi'}
[info] Scaling deployment to 0 replicas to force full pod replacement
[ok] Verified Deployment template resources: requests={'cpu': '300m', 'memory': '50Mi'} limits={'cpu': '379m', 'memory': '59Mi'}
[info] Scaling deployment to 0 replicas to force full pod replacement
[ok] All pods terminated (replicas=0)
[info] Scaling deployment back to 24 replicas
[ok] All pods terminated (replicas=0)
[info] Scaling deployment back to 73 replicas
[ok] Rollout completed after scale-to-zero
[verify] newest RS=newdeploy-ml-image-processing-default-8b22-c7f0f2d6d72b-84d95f8b84 pods=24 ready=24
[ok] Verified newest ReplicaSet template resources match expected
[ok] Rollout completed after scale-to-zero
[verify] newest RS=newdeploy-ml-object-detection-default-9ecd-2fb10570ca05-5c9d67777d pods=73 ready=73
[ok] Verified newest ReplicaSet template resources match expected
[info] Started Locust with PID 316865
[info] attempt=1: start sleep for 20s
[info] attempt=1: sleep done
\Start sampling in parallel...
Workflow e2e p99 latency (61 completed in 17.2s, parallel, 8 workers): 2.514s
Average stage latencies:
  - ml-image-processing: 0.248s
  - ml-object-detection: 0.193s
[info] poll_locust_row: failed to load, try again
[info] total_requests: 1147
[info] e2e_latency (p99): 2.600 s
[info] energy_j: 7910.109841 J
[info] served_rps: 63.80 req/s
[info]: start_time: 1767848428.231, end_time: 1767848445.331, duration_s: 17.10 s
[info] energy_cost: 6.896347 J/request
[info] average power: 462.579519 W
[info] Locust stopped
================================================================================
objective      : price
resource_config: [{'cpu_m': 379, 'memory_mi': 59}, {'cpu_m': 5238, 'memory_mi': 493}], latencies: {'ml-image-processing': 0.24794118747603697, 'ml-object-detection': 0.19321427441614328}, price_cost: 192.694075, energy_cost: 6.896347, latency_p99 : 2.600000, feasible: True, total_requests: 1147, served_rps: 63.80, total_energy_j: 7910.109841 J, profiling_duration_s: 17.100000s, average_power: 462.579519 W
wall_time_s    : 98.329
================================================================================

Updating function ml-image-processing to cpu: 621m, memory: 70Mi
Updating Deployment resource configuration...

Updating function ml-object-detection to cpu: 2574m, memory: 440Mi
Updating Deployment resource configuration...

[info] Original replicas=24, selector='environmentName=ml-image-processing,environmentNamespace=default,environmentUid=2449fff4-7632-422c-aa00-519fcb194e26,executorType=newdeploy,functionName=ml-image-processing,functionNamespace=default,functionUid=58487e4a-0036-4ccd-8b22-c7f0f2d6d72b'
[info] Original replicas=73, selector='environmentName=yolo,environmentNamespace=default,environmentUid=ced8af41-455b-4081-99aa-1700c0092126,executorType=newdeploy,functionName=ml-object-detection,functionNamespace=default,functionUid=182005a6-ad76-40e9-9ecd-2fb10570ca05'
[ok] Patched Deployment resources
[ok] Patched Deployment resources
[ok] Verified Deployment template resources: requests={'cpu': '300m', 'memory': '50Mi'} limits={'cpu': '621m', 'memory': '70Mi'}
[info] Scaling deployment to 0 replicas to force full pod replacement
[ok] Verified Deployment template resources: requests={'cpu': '1500m', 'memory': '400Mi'} limits={'cpu': '2574m', 'memory': '440Mi'}
[info] Scaling deployment to 0 replicas to force full pod replacement
[ok] All pods terminated (replicas=0)
[info] Scaling deployment back to 24 replicas
[ok] All pods terminated (replicas=0)
[info] Scaling deployment back to 73 replicas
[ok] Rollout completed after scale-to-zero
[verify] newest RS=newdeploy-ml-image-processing-default-8b22-c7f0f2d6d72b-59987875d5 pods=24 ready=24
[ok] Verified newest ReplicaSet template resources match expected
[ok] Rollout completed after scale-to-zero
[verify] newest RS=newdeploy-ml-object-detection-default-9ecd-2fb10570ca05-7766fdb77 pods=73 ready=73
[ok] Verified newest ReplicaSet template resources match expected
[info] Started Locust with PID 327036
[info] attempt=1: start sleep for 20s
[info] attempt=1: sleep done
\Start sampling in parallel...
Workflow e2e p99 latency (47 completed in 21.4s, parallel, 8 workers): 9.000s
Average stage latencies:
  - ml-image-processing: 0.103s
  - ml-object-detection: 0.450s
[info] poll_locust_row: failed to load, try again
[info] poll_locust_row: failed to load, try again
[info] poll_locust_row: failed to load, try again
[info] total_requests: 1011
[info] e2e_latency (p99): 3.900 s
[info] energy_j: 7979.164938 J
[info] served_rps: 47.50 req/s
[info]: start_time: 1767848525.031, end_time: 1767848546.431, duration_s: 21.40 s
[info] energy_cost: 7.892349 J/request
[info] average power: 372.858173 W
[info] Locust stopped
================================================================================
objective      : price
resource_config: [{'cpu_m': 621, 'memory_mi': 70}, {'cpu_m': 2574, 'memory_mi': 440}], latencies: {'ml-image-processing': 0.10276759532909538, 'ml-object-detection': 0.4500927360401162}, price_cost: 213.992211, energy_cost: 7.892349, latency_p99 : 3.900000, feasible: False, total_requests: 1011, served_rps: 47.50, total_energy_j: 7979.164938 J, profiling_duration_s: 21.400000s, average_power: 372.858173 W
wall_time_s    : 102.053
================================================================================

Updating function ml-image-processing to cpu: 312m, memory: 54Mi
Updating Deployment resource configuration...

Updating function ml-object-detection to cpu: 4783m, memory: 492Mi
Updating Deployment resource configuration...

[info] Original replicas=24, selector='environmentName=ml-image-processing,environmentNamespace=default,environmentUid=2449fff4-7632-422c-aa00-519fcb194e26,executorType=newdeploy,functionName=ml-image-processing,functionNamespace=default,functionUid=58487e4a-0036-4ccd-8b22-c7f0f2d6d72b'
[info] Original replicas=73, selector='environmentName=yolo,environmentNamespace=default,environmentUid=ced8af41-455b-4081-99aa-1700c0092126,executorType=newdeploy,functionName=ml-object-detection,functionNamespace=default,functionUid=182005a6-ad76-40e9-9ecd-2fb10570ca05'
[ok] Patched Deployment resources
[ok] Patched Deployment resources
[ok] Verified Deployment template resources: requests={'cpu': '1500m', 'memory': '400Mi'} limits={'cpu': '4783m', 'memory': '492Mi'}
[info] Scaling deployment to 0 replicas to force full pod replacement
[ok] Verified Deployment template resources: requests={'cpu': '300m', 'memory': '50Mi'} limits={'cpu': '312m', 'memory': '54Mi'}
[info] Scaling deployment to 0 replicas to force full pod replacement
[ok] All pods terminated (replicas=0)
[info] Scaling deployment back to 24 replicas
[ok] All pods terminated (replicas=0)
[info] Scaling deployment back to 73 replicas
[ok] Deleted HPA newdeploy-ml-object-detection-default-9ecd-2fb10570ca05
[ok] Rollout completed after scale-to-zero
[verify] newest RS=newdeploy-ml-image-processing-default-8b22-c7f0f2d6d72b-6d6f4479ff pods=24 ready=24
[ok] Verified newest ReplicaSet template resources match expected
[ok] Rollout completed after scale-to-zero
[verify] newest RS=newdeploy-ml-object-detection-default-9ecd-2fb10570ca05-7877d447ff pods=73 ready=73
[ok] Verified newest ReplicaSet template resources match expected
[info] Started Locust with PID 337589
[info] attempt=1: start sleep for 20s
[info] attempt=1: sleep done
\Start sampling in parallel...
Workflow e2e p99 latency (59 completed in 17.4s, parallel, 8 workers): 2.649s
Average stage latencies:
  - ml-image-processing: 0.287s
  - ml-object-detection: 0.192s
[info] poll_locust_row: failed to load, try again
[info] total_requests: 1039
[info] e2e_latency (p99): 2.900 s
[info] energy_j: 7663.759724 J
[info] served_rps: 57.50 req/s
[info]: start_time: 1767848630.631, end_time: 1767848648.031, duration_s: 17.40 s
[info] energy_cost: 7.376092 J/request
[info] average power: 440.445965 W
[info] Locust stopped
================================================================================
objective      : price
resource_config: [{'cpu_m': 312, 'memory_mi': 54}, {'cpu_m': 4783, 'memory_mi': 492}], latencies: {'ml-image-processing': 0.2868390118119196, 'ml-object-detection': 0.1923536130905909}, price_cost: 176.001716, energy_cost: 7.376092, latency_p99 : 2.900000, feasible: True, total_requests: 1039, served_rps: 57.50, total_energy_j: 7663.759724 J, profiling_duration_s: 17.400000s, average_power: 440.445965 W
wall_time_s    : 100.568
================================================================================

================================================================================

Batch  5: best_feasible_cost (random, qNEI) = (199.81683164729665, 176.0017164325119), best_constraint =  -0.100 (<=0 feasible), time = 305.69.
Best feasible resource configuration: [{'cpu_m': 312, 'memory_mi': 54}, {'cpu_m': 4783, 'memory_mi': 492}]

================================================================================
/home/cc/miniconda3/envs/faas/lib/python3.10/site-packages/botorch/acquisition/monte_carlo.py:502: NumericsWarning: qNoisyExpectedImprovement has known numerical issues that lead to suboptimal optimization performance. It is strongly recommended to simply replace

	 qNoisyExpectedImprovement 	 --> 	 qLogNoisyExpectedImprovement 

instead, which fixes the issues and has the same API. See https://arxiv.org/abs/2310.20708 for details.
  legacy_ei_numerics_warning(legacy_name=type(self).__name__)
Updating function ml-image-processing to cpu: 300m, memory: 59Mi
Updating Deployment resource configuration...

Updating function ml-object-detection to cpu: 4982m, memory: 481Mi
Updating Deployment resource configuration...

[info] Original replicas=73, selector='environmentName=yolo,environmentNamespace=default,environmentUid=ced8af41-455b-4081-99aa-1700c0092126,executorType=newdeploy,functionName=ml-object-detection,functionNamespace=default,functionUid=182005a6-ad76-40e9-9ecd-2fb10570ca05'
[info] Original replicas=24, selector='environmentName=ml-image-processing,environmentNamespace=default,environmentUid=2449fff4-7632-422c-aa00-519fcb194e26,executorType=newdeploy,functionName=ml-image-processing,functionNamespace=default,functionUid=58487e4a-0036-4ccd-8b22-c7f0f2d6d72b'
[ok] Patched Deployment resources
[ok] Patched Deployment resources
[ok] Verified Deployment template resources: requests={'cpu': '1500m', 'memory': '400Mi'} limits={'cpu': '4982m', 'memory': '481Mi'}
[info] Scaling deployment to 0 replicas to force full pod replacement
[ok] Verified Deployment template resources: requests={'cpu': '300m', 'memory': '50Mi'} limits={'cpu': '300m', 'memory': '59Mi'}
[info] Scaling deployment to 0 replicas to force full pod replacement
[ok] All pods terminated (replicas=0)
[info] Scaling deployment back to 73 replicas
[ok] All pods terminated (replicas=0)
[info] Scaling deployment back to 24 replicas
[ok] Rollout completed after scale-to-zero
[verify] newest RS=newdeploy-ml-image-processing-default-8b22-c7f0f2d6d72b-f5c94f7d4 pods=24 ready=24
[ok] Verified newest ReplicaSet template resources match expected
[ok] Rollout completed after scale-to-zero
[verify] newest RS=newdeploy-ml-object-detection-default-9ecd-2fb10570ca05-774b6f4c8b pods=73 ready=73
[ok] Verified newest ReplicaSet template resources match expected
[info] Started Locust with PID 347587
[info] attempt=1: start sleep for 20s
[info] attempt=1: sleep done
\Start sampling in parallel...
Workflow e2e p99 latency (57 completed in 19.5s, parallel, 8 workers): 4.558s
Average stage latencies:
  - ml-image-processing: 0.299s
  - ml-object-detection: 0.186s
[info] total_requests: 1101
[info] e2e_latency (p99): 4.300 s
[info] energy_j: 8478.944911 J
[info] served_rps: 53.30 req/s
[info]: start_time: 1767848734.731, end_time: 1767848754.231, duration_s: 19.50 s
[info] energy_cost: 7.701131 J/request
[info] average power: 434.817688 W
[info] Locust stopped
================================================================================
objective      : price
resource_config: [{'cpu_m': 300, 'memory_mi': 59}, {'cpu_m': 4982, 'memory_mi': 481}], latencies: {'ml-image-processing': 0.2990307787253538, 'ml-object-detection': 0.18604425169331462}, price_cost: 177.186334, energy_cost: 7.701131, latency_p99 : 4.300000, feasible: False, total_requests: 1101, served_rps: 53.30, total_energy_j: 8478.944911 J, profiling_duration_s: 19.500000s, average_power: 434.817688 W
wall_time_s    : 100.498
================================================================================

Updating function ml-image-processing to cpu: 315m, memory: 53Mi
Updating Deployment resource configuration...

Updating function ml-object-detection to cpu: 4946m, memory: 497Mi
Updating Deployment resource configuration...

[info] Original replicas=24, selector='environmentName=ml-image-processing,environmentNamespace=default,environmentUid=2449fff4-7632-422c-aa00-519fcb194e26,executorType=newdeploy,functionName=ml-image-processing,functionNamespace=default,functionUid=58487e4a-0036-4ccd-8b22-c7f0f2d6d72b'
[info] Original replicas=73, selector='environmentName=yolo,environmentNamespace=default,environmentUid=ced8af41-455b-4081-99aa-1700c0092126,executorType=newdeploy,functionName=ml-object-detection,functionNamespace=default,functionUid=182005a6-ad76-40e9-9ecd-2fb10570ca05'
[ok] Patched Deployment resources
[ok] Patched Deployment resources
[ok] Verified Deployment template resources: requests={'cpu': '1500m', 'memory': '400Mi'} limits={'cpu': '4946m', 'memory': '497Mi'}
[info] Scaling deployment to 0 replicas to force full pod replacement
[ok] Verified Deployment template resources: requests={'cpu': '300m', 'memory': '50Mi'} limits={'cpu': '315m', 'memory': '53Mi'}
[info] Scaling deployment to 0 replicas to force full pod replacement
[ok] All pods terminated (replicas=0)
[info] Scaling deployment back to 24 replicas
[ok] All pods terminated (replicas=0)
[info] Scaling deployment back to 73 replicas
[ok] Rollout completed after scale-to-zero
[verify] newest RS=newdeploy-ml-image-processing-default-8b22-c7f0f2d6d72b-6868f76bd8 pods=24 ready=24
[ok] Verified newest ReplicaSet template resources match expected
[ok] Rollout completed after scale-to-zero
[verify] newest RS=newdeploy-ml-object-detection-default-9ecd-2fb10570ca05-56b5f89dc9 pods=73 ready=73
[ok] Verified newest ReplicaSet template resources match expected
[info] Started Locust with PID 357909
[info] attempt=1: start sleep for 20s
[info] attempt=1: sleep done
\Start sampling in parallel...
Workflow e2e p99 latency (59 completed in 17.4s, parallel, 8 workers): 2.379s
Average stage latencies:
  - ml-image-processing: 0.281s
  - ml-object-detection: 0.200s
[info] poll_locust_row: failed to load, try again
[info] total_requests: 1047
[info] e2e_latency (p99): 3.500 s
[info] energy_j: 7747.443056 J
[info] served_rps: 58.40 req/s
[info]: start_time: 1767848835.131, end_time: 1767848852.531, duration_s: 17.40 s
[info] energy_cost: 7.399659 J/request
[info] average power: 445.255352 W
[info] Locust stopped
================================================================================
objective      : price
resource_config: [{'cpu_m': 315, 'memory_mi': 53}, {'cpu_m': 4946, 'memory_mi': 497}], latencies: {'ml-image-processing': 0.28143333484245053, 'ml-object-detection': 0.20020954185402243}, price_cost: 188.054973, energy_cost: 7.399659, latency_p99 : 3.500000, feasible: False, total_requests: 1047, served_rps: 58.40, total_energy_j: 7747.443056 J, profiling_duration_s: 17.400000s, average_power: 445.255352 W
wall_time_s    : 98.882
================================================================================

Updating function ml-image-processing to cpu: 778m, memory: 70Mi
Updating Deployment resource configuration...

Updating function ml-object-detection to cpu: 5561m, memory: 481Mi
Updating Deployment resource configuration...

[info] Original replicas=24, selector='environmentName=ml-image-processing,environmentNamespace=default,environmentUid=2449fff4-7632-422c-aa00-519fcb194e26,executorType=newdeploy,functionName=ml-image-processing,functionNamespace=default,functionUid=58487e4a-0036-4ccd-8b22-c7f0f2d6d72b'
[info] Original replicas=73, selector='environmentName=yolo,environmentNamespace=default,environmentUid=ced8af41-455b-4081-99aa-1700c0092126,executorType=newdeploy,functionName=ml-object-detection,functionNamespace=default,functionUid=182005a6-ad76-40e9-9ecd-2fb10570ca05'
[ok] Patched Deployment resources
[ok] Patched Deployment resources
[ok] Verified Deployment template resources: requests={'cpu': '1500m', 'memory': '400Mi'} limits={'cpu': '5561m', 'memory': '481Mi'}
[info] Scaling deployment to 0 replicas to force full pod replacement
[ok] Verified Deployment template resources: requests={'cpu': '300m', 'memory': '50Mi'} limits={'cpu': '778m', 'memory': '70Mi'}
[info] Scaling deployment to 0 replicas to force full pod replacement
[ok] All pods terminated (replicas=0)
[info] Scaling deployment back to 24 replicas
[ok] All pods terminated (replicas=0)
[info] Scaling deployment back to 73 replicas
[ok] Rollout completed after scale-to-zero
[verify] newest RS=newdeploy-ml-image-processing-default-8b22-c7f0f2d6d72b-5bb9f85dff pods=24 ready=24
[ok] Verified newest ReplicaSet template resources match expected
[ok] Rollout completed after scale-to-zero
[verify] newest RS=newdeploy-ml-object-detection-default-9ecd-2fb10570ca05-6875894454 pods=73 ready=73
[ok] Verified newest ReplicaSet template resources match expected
[info] Started Locust with PID 368087
[info] attempt=1: start sleep for 20s
[info] attempt=1: sleep done
\Start sampling in parallel...
Workflow e2e p99 latency (71 completed in 17.0s, parallel, 8 workers): 2.137s
Average stage latencies:
  - ml-image-processing: 0.116s
  - ml-object-detection: 0.214s
[info] poll_locust_row: failed to load, try again
[info] poll_locust_row: failed to load, try again
[info] total_requests: 1346
[info] e2e_latency (p99): 1.600 s
[info] energy_j: 8736.009807 J
[info] served_rps: 75.40 req/s
[info]: start_time: 1767848933.031, end_time: 1767848950.131, duration_s: 17.10 s
[info] energy_cost: 6.490349 J/request
[info] average power: 510.877762 W
[info] Locust stopped
================================================================================
objective      : price
resource_config: [{'cpu_m': 778, 'memory_mi': 70}, {'cpu_m': 5561, 'memory_mi': 481}], latencies: {'ml-image-processing': 0.11623641684598907, 'ml-object-detection': 0.21369914315037533}, price_cost: 222.599014, energy_cost: 6.490349, latency_p99 : 1.600000, feasible: True, total_requests: 1346, served_rps: 75.40, total_energy_j: 8736.009807 J, profiling_duration_s: 17.100000s, average_power: 510.877762 W
wall_time_s    : 98.040
================================================================================

================================================================================

Batch  6: best_feasible_cost (random, qNEI) = (199.81683164729665, 176.0017164325119), best_constraint =  -0.100 (<=0 feasible), time = 302.61.
Best feasible resource configuration: [{'cpu_m': 312, 'memory_mi': 54}, {'cpu_m': 4783, 'memory_mi': 492}]

================================================================================
/home/cc/miniconda3/envs/faas/lib/python3.10/site-packages/botorch/acquisition/monte_carlo.py:502: NumericsWarning: qNoisyExpectedImprovement has known numerical issues that lead to suboptimal optimization performance. It is strongly recommended to simply replace

	 qNoisyExpectedImprovement 	 --> 	 qLogNoisyExpectedImprovement 

instead, which fixes the issues and has the same API. See https://arxiv.org/abs/2310.20708 for details.
  legacy_ei_numerics_warning(legacy_name=type(self).__name__)
Updating function ml-image-processing to cpu: 335m, memory: 54Mi
Updating Deployment resource configuration...

Updating function ml-object-detection to cpu: 4933m, memory: 485Mi
Updating Deployment resource configuration...

[info] Original replicas=73, selector='environmentName=yolo,environmentNamespace=default,environmentUid=ced8af41-455b-4081-99aa-1700c0092126,executorType=newdeploy,functionName=ml-object-detection,functionNamespace=default,functionUid=182005a6-ad76-40e9-9ecd-2fb10570ca05'
[info] Original replicas=24, selector='environmentName=ml-image-processing,environmentNamespace=default,environmentUid=2449fff4-7632-422c-aa00-519fcb194e26,executorType=newdeploy,functionName=ml-image-processing,functionNamespace=default,functionUid=58487e4a-0036-4ccd-8b22-c7f0f2d6d72b'
[ok] Patched Deployment resources
[ok] Patched Deployment resources
[ok] Verified Deployment template resources: requests={'cpu': '300m', 'memory': '50Mi'} limits={'cpu': '335m', 'memory': '54Mi'}
[info] Scaling deployment to 0 replicas to force full pod replacement
[ok] Verified Deployment template resources: requests={'cpu': '1500m', 'memory': '400Mi'} limits={'cpu': '4933m', 'memory': '485Mi'}
[info] Scaling deployment to 0 replicas to force full pod replacement
[ok] All pods terminated (replicas=0)
[info] Scaling deployment back to 24 replicas
[ok] All pods terminated (replicas=0)
[info] Scaling deployment back to 73 replicas
[ok] Rollout completed after scale-to-zero
[verify] newest RS=newdeploy-ml-image-processing-default-8b22-c7f0f2d6d72b-84c866797c pods=24 ready=24
[ok] Verified newest ReplicaSet template resources match expected
[ok] Rollout completed after scale-to-zero
[verify] newest RS=newdeploy-ml-object-detection-default-9ecd-2fb10570ca05-776bbfcd57 pods=73 ready=73
[ok] Verified newest ReplicaSet template resources match expected
[info] Started Locust with PID 378537
[info] attempt=1: start sleep for 20s
[info] attempt=1: sleep done
\Start sampling in parallel...
Workflow e2e p99 latency (60 completed in 19.2s, parallel, 8 workers): 3.299s
Average stage latencies:
  - ml-image-processing: 0.275s
  - ml-object-detection: 0.187s
[info] total_requests: 1239
[info] e2e_latency (p99): 3.400 s
[info] energy_j: 8569.039878 J
[info] served_rps: 57.90 req/s
[info]: start_time: 1767849038.131, end_time: 1767849057.331, duration_s: 19.20 s
[info] energy_cost: 6.916094 J/request
[info] average power: 446.304159 W
[info] Locust stopped
================================================================================
objective      : price
resource_config: [{'cpu_m': 335, 'memory_mi': 54}, {'cpu_m': 4933, 'memory_mi': 485}], latencies: {'ml-image-processing': 0.27506292040925473, 'ml-object-detection': 0.1870643143619721}, price_cost: 176.882270, energy_cost: 6.916094, latency_p99 : 3.400000, feasible: False, total_requests: 1239, served_rps: 57.90, total_energy_j: 8569.039878 J, profiling_duration_s: 19.200000s, average_power: 446.304159 W
wall_time_s    : 99.642
================================================================================

Updating function ml-image-processing to cpu: 486m, memory: 67Mi
Updating Deployment resource configuration...

Updating function ml-object-detection to cpu: 2389m, memory: 411Mi
Updating Deployment resource configuration...

[info] Original replicas=24, selector='environmentName=ml-image-processing,environmentNamespace=default,environmentUid=2449fff4-7632-422c-aa00-519fcb194e26,executorType=newdeploy,functionName=ml-image-processing,functionNamespace=default,functionUid=58487e4a-0036-4ccd-8b22-c7f0f2d6d72b'
[info] Original replicas=73, selector='environmentName=yolo,environmentNamespace=default,environmentUid=ced8af41-455b-4081-99aa-1700c0092126,executorType=newdeploy,functionName=ml-object-detection,functionNamespace=default,functionUid=182005a6-ad76-40e9-9ecd-2fb10570ca05'
[ok] Patched Deployment resources
[ok] Patched Deployment resources
[ok] Verified Deployment template resources: requests={'cpu': '1500m', 'memory': '400Mi'} limits={'cpu': '2389m', 'memory': '411Mi'}
[info] Scaling deployment to 0 replicas to force full pod replacement
[ok] Verified Deployment template resources: requests={'cpu': '300m', 'memory': '50Mi'} limits={'cpu': '486m', 'memory': '67Mi'}
[info] Scaling deployment to 0 replicas to force full pod replacement
[ok] All pods terminated (replicas=0)
[info] Scaling deployment back to 24 replicas
[ok] All pods terminated (replicas=0)
[info] Scaling deployment back to 73 replicas
[ok] Rollout completed after scale-to-zero
[verify] newest RS=newdeploy-ml-image-processing-default-8b22-c7f0f2d6d72b-6694589d74 pods=24 ready=24
[ok] Verified newest ReplicaSet template resources match expected
[ok] Rollout completed after scale-to-zero
[verify] newest RS=newdeploy-ml-object-detection-default-9ecd-2fb10570ca05-6447b46cf5 pods=73 ready=73
[ok] Verified newest ReplicaSet template resources match expected
[info] Started Locust with PID 388330
[info] attempt=1: start sleep for 20s
[info] attempt=1: sleep done
\Start sampling in parallel...
Workflow e2e p99 latency (38 completed in 21.8s, parallel, 8 workers): 9.000s
Average stage latencies:
  - ml-image-processing: 0.124s
  - ml-object-detection: 0.483s
[info] poll_locust_row: failed to load, try again
[info] poll_locust_row: failed to load, try again
[info] total_requests: 995
[info] e2e_latency (p99): 4.000 s
[info] energy_j: 7961.876462 J
[info] served_rps: 45.30 req/s
[info]: start_time: 1767849142.131, end_time: 1767849163.931, duration_s: 21.80 s
[info] energy_cost: 8.001886 J/request
[info] average power: 365.223692 W
[info] Locust stopped
================================================================================
objective      : price
resource_config: [{'cpu_m': 486, 'memory_mi': 67}, {'cpu_m': 2389, 'memory_mi': 411}], latencies: {'ml-image-processing': 0.12448362590745092, 'ml-object-detection': 0.48301013765856626}, price_cost: 212.637323, energy_cost: 8.001886, latency_p99 : 4.000000, feasible: False, total_requests: 995, served_rps: 45.30, total_energy_j: 7961.876462 J, profiling_duration_s: 21.800000s, average_power: 365.223692 W
wall_time_s    : 107.658
================================================================================

Updating function ml-image-processing to cpu: 343m, memory: 55Mi
Updating Deployment resource configuration...

Updating function ml-object-detection to cpu: 3066m, memory: 469Mi
Updating Deployment resource configuration...

[info] Original replicas=24, selector='environmentName=ml-image-processing,environmentNamespace=default,environmentUid=2449fff4-7632-422c-aa00-519fcb194e26,executorType=newdeploy,functionName=ml-image-processing,functionNamespace=default,functionUid=58487e4a-0036-4ccd-8b22-c7f0f2d6d72b'
[info] Original replicas=73, selector='environmentName=yolo,environmentNamespace=default,environmentUid=ced8af41-455b-4081-99aa-1700c0092126,executorType=newdeploy,functionName=ml-object-detection,functionNamespace=default,functionUid=182005a6-ad76-40e9-9ecd-2fb10570ca05'
[ok] Patched Deployment resources
[ok] Patched Deployment resources
[ok] Verified Deployment template resources: requests={'cpu': '300m', 'memory': '50Mi'} limits={'cpu': '343m', 'memory': '55Mi'}
[info] Scaling deployment to 0 replicas to force full pod replacement
[ok] Verified Deployment template resources: requests={'cpu': '1500m', 'memory': '400Mi'} limits={'cpu': '3066m', 'memory': '469Mi'}
[info] Scaling deployment to 0 replicas to force full pod replacement
[ok] All pods terminated (replicas=0)
[info] Scaling deployment back to 24 replicas
[ok] All pods terminated (replicas=0)
[info] Scaling deployment back to 73 replicas
[ok] Deleted HPA newdeploy-ml-object-detection-default-9ecd-2fb10570ca05
[ok] Rollout completed after scale-to-zero
[verify] newest RS=newdeploy-ml-image-processing-default-8b22-c7f0f2d6d72b-5f5ddb557c pods=24 ready=24
[ok] Verified newest ReplicaSet template resources match expected
[ok] Rollout completed after scale-to-zero
[verify] newest RS=newdeploy-ml-object-detection-default-9ecd-2fb10570ca05-fdb684d pods=73 ready=73
[ok] Verified newest ReplicaSet template resources match expected
[info] Started Locust with PID 398401
[info] attempt=1: start sleep for 20s
[info] attempt=1: sleep done
\Start sampling in parallel...
Workflow e2e p99 latency (49 completed in 21.0s, parallel, 8 workers): 9.000s
Average stage latencies:
  - ml-image-processing: 0.261s
  - ml-object-detection: 0.337s
[info] total_requests: 1075
[info] e2e_latency (p99): 4.900 s
[info] energy_j: 8450.585847 J
[info] served_rps: 50.20 req/s
[info]: start_time: 1767849244.731, end_time: 1767849265.731, duration_s: 21.00 s
[info] energy_cost: 7.861010 J/request
[info] average power: 402.408850 W
[info] Locust stopped
================================================================================
objective      : price
resource_config: [{'cpu_m': 343, 'memory_mi': 55}, {'cpu_m': 3066, 'memory_mi': 469}], latencies: {'ml-image-processing': 0.2609160703776235, 'ml-object-detection': 0.3374456594041972}, price_cost: 196.592883, energy_cost: 7.861010, latency_p99 : 4.900000, feasible: False, total_requests: 1075, served_rps: 50.20, total_energy_j: 8450.585847 J, profiling_duration_s: 21.000000s, average_power: 402.408850 W
wall_time_s    : 100.751
================================================================================

================================================================================

Batch  7: best_feasible_cost (random, qNEI) = (199.81683164729665, 176.0017164325119), best_constraint =  -0.100 (<=0 feasible), time = 314.64.
Best feasible resource configuration: [{'cpu_m': 312, 'memory_mi': 54}, {'cpu_m': 4783, 'memory_mi': 492}]

================================================================================
/home/cc/miniconda3/envs/faas/lib/python3.10/site-packages/botorch/acquisition/monte_carlo.py:502: NumericsWarning: qNoisyExpectedImprovement has known numerical issues that lead to suboptimal optimization performance. It is strongly recommended to simply replace

	 qNoisyExpectedImprovement 	 --> 	 qLogNoisyExpectedImprovement 

instead, which fixes the issues and has the same API. See https://arxiv.org/abs/2310.20708 for details.
  legacy_ei_numerics_warning(legacy_name=type(self).__name__)
Updating function ml-image-processing to cpu: 343m, memory: 54Mi
Updating Deployment resource configuration...

Updating function ml-object-detection to cpu: 5127m, memory: 482Mi
Updating Deployment resource configuration...

[info] Original replicas=24, selector='environmentName=ml-image-processing,environmentNamespace=default,environmentUid=2449fff4-7632-422c-aa00-519fcb194e26,executorType=newdeploy,functionName=ml-image-processing,functionNamespace=default,functionUid=58487e4a-0036-4ccd-8b22-c7f0f2d6d72b'
[info] Original replicas=73, selector='environmentName=yolo,environmentNamespace=default,environmentUid=ced8af41-455b-4081-99aa-1700c0092126,executorType=newdeploy,functionName=ml-object-detection,functionNamespace=default,functionUid=182005a6-ad76-40e9-9ecd-2fb10570ca05'
[ok] Patched Deployment resources
[ok] Patched Deployment resources
[ok] Verified Deployment template resources: requests={'cpu': '1500m', 'memory': '400Mi'} limits={'cpu': '5127m', 'memory': '482Mi'}
[info] Scaling deployment to 0 replicas to force full pod replacement
[ok] Verified Deployment template resources: requests={'cpu': '300m', 'memory': '50Mi'} limits={'cpu': '343m', 'memory': '54Mi'}
[info] Scaling deployment to 0 replicas to force full pod replacement
[ok] All pods terminated (replicas=0)
[info] Scaling deployment back to 24 replicas
[ok] All pods terminated (replicas=0)
[info] Scaling deployment back to 73 replicas
[ok] Rollout completed after scale-to-zero
[verify] newest RS=newdeploy-ml-image-processing-default-8b22-c7f0f2d6d72b-68c5c77955 pods=24 ready=24
[ok] Verified newest ReplicaSet template resources match expected
[ok] Rollout completed after scale-to-zero
[verify] newest RS=newdeploy-ml-object-detection-default-9ecd-2fb10570ca05-6c48df59d4 pods=73 ready=73
[ok] Verified newest ReplicaSet template resources match expected
[info] Started Locust with PID 409211
[info] attempt=1: start sleep for 20s
[info] attempt=1: sleep done
\Start sampling in parallel...
Workflow e2e p99 latency (62 completed in 17.1s, parallel, 8 workers): 2.737s
Average stage latencies:
  - ml-image-processing: 0.272s
  - ml-object-detection: 0.193s
[info] poll_locust_row: failed to load, try again
[info] total_requests: 1054
[info] e2e_latency (p99): 2.900 s
[info] energy_j: 7853.057213 J
[info] served_rps: 60.40 req/s
[info]: start_time: 1767849354.531, end_time: 1767849371.631, duration_s: 17.10 s
[info] energy_cost: 7.450718 J/request
[info] average power: 459.243108 W
[info] Locust stopped
================================================================================
objective      : price
resource_config: [{'cpu_m': 343, 'memory_mi': 54}, {'cpu_m': 5127, 'memory_mi': 482}], latencies: {'ml-image-processing': 0.2720167055545795, 'ml-object-detection': 0.19296386345259606}, price_cost: 188.619229, energy_cost: 7.450718, latency_p99 : 2.900000, feasible: True, total_requests: 1054, served_rps: 60.40, total_energy_j: 7853.057213 J, profiling_duration_s: 17.100000s, average_power: 459.243108 W
wall_time_s    : 100.348
================================================================================

Updating function ml-image-processing to cpu: 403m, memory: 56Mi
Updating Deployment resource configuration...

Updating function ml-object-detection to cpu: 1882m, memory: 461Mi
Updating Deployment resource configuration...

[info] Original replicas=24, selector='environmentName=ml-image-processing,environmentNamespace=default,environmentUid=2449fff4-7632-422c-aa00-519fcb194e26,executorType=newdeploy,functionName=ml-image-processing,functionNamespace=default,functionUid=58487e4a-0036-4ccd-8b22-c7f0f2d6d72b'
[info] Original replicas=73, selector='environmentName=yolo,environmentNamespace=default,environmentUid=ced8af41-455b-4081-99aa-1700c0092126,executorType=newdeploy,functionName=ml-object-detection,functionNamespace=default,functionUid=182005a6-ad76-40e9-9ecd-2fb10570ca05'
[ok] Patched Deployment resources
[ok] Patched Deployment resources
[ok] Verified Deployment template resources: requests={'cpu': '300m', 'memory': '50Mi'} limits={'cpu': '403m', 'memory': '56Mi'}
[info] Scaling deployment to 0 replicas to force full pod replacement
[ok] Verified Deployment template resources: requests={'cpu': '1500m', 'memory': '400Mi'} limits={'cpu': '1882m', 'memory': '461Mi'}
[info] Scaling deployment to 0 replicas to force full pod replacement
[ok] All pods terminated (replicas=0)
[info] Scaling deployment back to 24 replicas
[ok] All pods terminated (replicas=0)
[info] Scaling deployment back to 73 replicas
[ok] Rollout completed after scale-to-zero
[verify] newest RS=newdeploy-ml-image-processing-default-8b22-c7f0f2d6d72b-866d74bb84 pods=24 ready=24
[ok] Verified newest ReplicaSet template resources match expected
[ok] Rollout completed after scale-to-zero
[verify] newest RS=newdeploy-ml-object-detection-default-9ecd-2fb10570ca05-56855fc94d pods=73 ready=73
[ok] Verified newest ReplicaSet template resources match expected
[info] Started Locust with PID 419200
[info] attempt=1: start sleep for 20s
[info] attempt=1: sleep done
\Start sampling in parallel...
Workflow e2e p99 latency (29 completed in 21.7s, parallel, 8 workers): 9.000s
Average stage latencies:
  - ml-image-processing: 0.178s
  - ml-object-detection: 0.668s
[info] poll_locust_row: failed to load, try again
[info] poll_locust_row: failed to load, try again
[info] total_requests: 946
[info] e2e_latency (p99): 4.200 s
[info] energy_j: 7077.778397 J
[info] served_rps: 41.10 req/s
[info]: start_time: 1767849454.331, end_time: 1767849476.031, duration_s: 21.70 s
[info] energy_cost: 7.481795 J/request
[info] average power: 326.164906 W
[info] Locust stopped
================================================================================
objective      : price
resource_config: [{'cpu_m': 403, 'memory_mi': 56}, {'cpu_m': 1882, 'memory_mi': 461}], latencies: {'ml-image-processing': 0.17757532867388084, 'ml-object-detection': 0.6675949805559447}, price_cost: 233.647731, energy_cost: 7.481795, latency_p99 : 4.200000, feasible: False, total_requests: 946, served_rps: 41.10, total_energy_j: 7077.778397 J, profiling_duration_s: 21.700000s, average_power: 326.164906 W
wall_time_s    : 104.869
================================================================================

Updating function ml-image-processing to cpu: 740m, memory: 50Mi
Updating Deployment resource configuration...

Updating function ml-object-detection to cpu: 4396m, memory: 512Mi
Updating Deployment resource configuration...

[info] Original replicas=73, selector='environmentName=yolo,environmentNamespace=default,environmentUid=ced8af41-455b-4081-99aa-1700c0092126,executorType=newdeploy,functionName=ml-object-detection,functionNamespace=default,functionUid=182005a6-ad76-40e9-9ecd-2fb10570ca05'
[info] Original replicas=24, selector='environmentName=ml-image-processing,environmentNamespace=default,environmentUid=2449fff4-7632-422c-aa00-519fcb194e26,executorType=newdeploy,functionName=ml-image-processing,functionNamespace=default,functionUid=58487e4a-0036-4ccd-8b22-c7f0f2d6d72b'
[ok] Patched Deployment resources
[ok] Patched Deployment resources
[ok] Verified Deployment template resources: requests={'cpu': '1500m', 'memory': '400Mi'} limits={'cpu': '4396m', 'memory': '512Mi'}
[info] Scaling deployment to 0 replicas to force full pod replacement
[ok] Verified Deployment template resources: requests={'cpu': '300m', 'memory': '50Mi'} limits={'cpu': '740m', 'memory': '50Mi'}
[info] Scaling deployment to 0 replicas to force full pod replacement
[ok] All pods terminated (replicas=0)
[info] Scaling deployment back to 24 replicas
[ok] All pods terminated (replicas=0)
[info] Scaling deployment back to 73 replicas
[ok] Deleted HPA newdeploy-ml-object-detection-default-9ecd-2fb10570ca05
[ok] Rollout completed after scale-to-zero
[verify] newest RS=newdeploy-ml-image-processing-default-8b22-c7f0f2d6d72b-79675ccb8c pods=24 ready=24
[ok] Verified newest ReplicaSet template resources match expected
[ok] Rollout completed after scale-to-zero
[verify] newest RS=newdeploy-ml-object-detection-default-9ecd-2fb10570ca05-7b747484f6 pods=73 ready=73
[ok] Verified newest ReplicaSet template resources match expected
[info] Started Locust with PID 429433
[info] attempt=1: start sleep for 20s
[info] attempt=1: sleep done
\Start sampling in parallel...
Workflow e2e p99 latency (46 completed in 16.2s, parallel, 8 workers): 9.000s
Average stage latencies:
  - ml-image-processing: 0.116s
  - ml-object-detection: 0.235s
[info] poll_locust_row: failed to load, try again
[info] poll_locust_row: failed to load, try again
[info] poll_locust_row: failed to load, try again
[info] total_requests: 1186
[info] e2e_latency (p99): 3.700 s
[info] energy_j: 7742.226196 J
[info] served_rps: 67.30 req/s
[info]: start_time: 1767849557.731, end_time: 1767849574.031, duration_s: 16.30 s
[info] energy_cost: 6.528015 J/request
[info] average power: 474.983204 W
[info] Locust stopped
================================================================================
objective      : price
resource_config: [{'cpu_m': 740, 'memory_mi': 50}, {'cpu_m': 4396, 'memory_mi': 512}], latencies: {'ml-image-processing': 0.11577117146532002, 'ml-object-detection': 0.23462479375302792}, price_cost: 194.803830, energy_cost: 6.528015, latency_p99 : 3.700000, feasible: False, total_requests: 1186, served_rps: 67.30, total_energy_j: 7742.226196 J, profiling_duration_s: 16.300000s, average_power: 474.983204 W
wall_time_s    : 98.500
================================================================================

================================================================================

Batch  8: best_feasible_cost (random, qNEI) = (199.81683164729665, 176.0017164325119), best_constraint =  -0.100 (<=0 feasible), time = 309.76.
Best feasible resource configuration: [{'cpu_m': 312, 'memory_mi': 54}, {'cpu_m': 4783, 'memory_mi': 492}]

================================================================================
/home/cc/miniconda3/envs/faas/lib/python3.10/site-packages/botorch/acquisition/monte_carlo.py:502: NumericsWarning: qNoisyExpectedImprovement has known numerical issues that lead to suboptimal optimization performance. It is strongly recommended to simply replace

	 qNoisyExpectedImprovement 	 --> 	 qLogNoisyExpectedImprovement 

instead, which fixes the issues and has the same API. See https://arxiv.org/abs/2310.20708 for details.
  legacy_ei_numerics_warning(legacy_name=type(self).__name__)
Updating function ml-image-processing to cpu: 394m, memory: 54Mi
Updating Deployment resource configuration...

Updating function ml-object-detection to cpu: 4372m, memory: 488Mi
Updating Deployment resource configuration...

[info] Original replicas=24, selector='environmentName=ml-image-processing,environmentNamespace=default,environmentUid=2449fff4-7632-422c-aa00-519fcb194e26,executorType=newdeploy,functionName=ml-image-processing,functionNamespace=default,functionUid=58487e4a-0036-4ccd-8b22-c7f0f2d6d72b'
[info] Original replicas=73, selector='environmentName=yolo,environmentNamespace=default,environmentUid=ced8af41-455b-4081-99aa-1700c0092126,executorType=newdeploy,functionName=ml-object-detection,functionNamespace=default,functionUid=182005a6-ad76-40e9-9ecd-2fb10570ca05'
[ok] Patched Deployment resources
[ok] Patched Deployment resources
[ok] Verified Deployment template resources: requests={'cpu': '300m', 'memory': '50Mi'} limits={'cpu': '394m', 'memory': '54Mi'}
[info] Scaling deployment to 0 replicas to force full pod replacement
[ok] Verified Deployment template resources: requests={'cpu': '1500m', 'memory': '400Mi'} limits={'cpu': '4372m', 'memory': '488Mi'}
[info] Scaling deployment to 0 replicas to force full pod replacement
[ok] All pods terminated (replicas=0)
[info] Scaling deployment back to 24 replicas
[ok] All pods terminated (replicas=0)
[info] Scaling deployment back to 73 replicas
[ok] Rollout completed after scale-to-zero
[verify] newest RS=newdeploy-ml-image-processing-default-8b22-c7f0f2d6d72b-7585bf98c9 pods=24 ready=24
[ok] Verified newest ReplicaSet template resources match expected
[ok] Rollout completed after scale-to-zero
[verify] newest RS=newdeploy-ml-object-detection-default-9ecd-2fb10570ca05-7c64cd9f44 pods=73 ready=73
[ok] Verified newest ReplicaSet template resources match expected
[info] Started Locust with PID 439626
[info] attempt=1: start sleep for 20s
[info] attempt=1: sleep done
\Start sampling in parallel...
Workflow e2e p99 latency (62 completed in 17.9s, parallel, 8 workers): 3.395s
Average stage latencies:
  - ml-image-processing: 0.235s
  - ml-object-detection: 0.229s
[info] total_requests: 1106
[info] e2e_latency (p99): 2.700 s
[info] energy_j: 8309.316719 J
[info] served_rps: 62.70 req/s
[info]: start_time: 1767849662.431, end_time: 1767849680.331, duration_s: 17.90 s
[info] energy_cost: 7.512945 J/request
[info] average power: 464.207635 W
[info] Locust stopped
================================================================================
objective      : price
resource_config: [{'cpu_m': 394, 'memory_mi': 54}, {'cpu_m': 4372, 'memory_mi': 488}], latencies: {'ml-image-processing': 0.23496728083269008, 'ml-object-detection': 0.22941728599459654}, price_cost: 191.070100, energy_cost: 7.512945, latency_p99 : 2.700000, feasible: True, total_requests: 1106, served_rps: 62.70, total_energy_j: 8309.316719 J, profiling_duration_s: 17.900000s, average_power: 464.207635 W
wall_time_s    : 99.545
================================================================================

Updating function ml-image-processing to cpu: 455m, memory: 52Mi
Updating Deployment resource configuration...

Updating function ml-object-detection to cpu: 5205m, memory: 476Mi
Updating Deployment resource configuration...

[info] Original replicas=24, selector='environmentName=ml-image-processing,environmentNamespace=default,environmentUid=2449fff4-7632-422c-aa00-519fcb194e26,executorType=newdeploy,functionName=ml-image-processing,functionNamespace=default,functionUid=58487e4a-0036-4ccd-8b22-c7f0f2d6d72b'
[info] Original replicas=73, selector='environmentName=yolo,environmentNamespace=default,environmentUid=ced8af41-455b-4081-99aa-1700c0092126,executorType=newdeploy,functionName=ml-object-detection,functionNamespace=default,functionUid=182005a6-ad76-40e9-9ecd-2fb10570ca05'
[ok] Patched Deployment resources
[ok] Patched Deployment resources
[ok] Verified Deployment template resources: requests={'cpu': '1500m', 'memory': '400Mi'} limits={'cpu': '5205m', 'memory': '476Mi'}
[info] Scaling deployment to 0 replicas to force full pod replacement
[ok] Verified Deployment template resources: requests={'cpu': '300m', 'memory': '50Mi'} limits={'cpu': '455m', 'memory': '52Mi'}
[info] Scaling deployment to 0 replicas to force full pod replacement
[ok] All pods terminated (replicas=0)
[info] Scaling deployment back to 24 replicas
[ok] All pods terminated (replicas=0)
[info] Scaling deployment back to 73 replicas
[ok] Rollout completed after scale-to-zero
[verify] newest RS=newdeploy-ml-image-processing-default-8b22-c7f0f2d6d72b-75c544d6d5 pods=24 ready=24
[ok] Verified newest ReplicaSet template resources match expected
[ok] Rollout completed after scale-to-zero
[verify] newest RS=newdeploy-ml-object-detection-default-9ecd-2fb10570ca05-76b7b7595c pods=73 ready=73
[ok] Verified newest ReplicaSet template resources match expected
[info] Started Locust with PID 449783
[info] attempt=1: start sleep for 20s
[info] attempt=1: sleep done
\Start sampling in parallel...
Workflow e2e p99 latency (67 completed in 17.1s, parallel, 8 workers): 1.771s
Average stage latencies:
  - ml-image-processing: 0.188s
  - ml-object-detection: 0.209s
[info] poll_locust_row: failed to load, try again
[info] poll_locust_row: failed to load, try again
[info] total_requests: 1246
[info] e2e_latency (p99): 1.800 s
[info] energy_j: 8432.486250 J
[info] served_rps: 69.10 req/s
[info]: start_time: 1767849763.431, end_time: 1767849780.531, duration_s: 17.10 s
[info] energy_cost: 6.767645 J/request
[info] average power: 493.127854 W
[info] Locust stopped
================================================================================
objective      : price
resource_config: [{'cpu_m': 455, 'memory_mi': 52}, {'cpu_m': 5205, 'memory_mi': 476}], latencies: {'ml-image-processing': 0.18759921336296334, 'ml-object-detection': 0.20903987232456678}, price_cost: 204.343836, energy_cost: 6.767645, latency_p99 : 1.800000, feasible: True, total_requests: 1246, served_rps: 69.10, total_energy_j: 8432.486250 J, profiling_duration_s: 17.100000s, average_power: 493.127854 W
wall_time_s    : 101.199
================================================================================

Updating function ml-image-processing to cpu: 387m, memory: 61Mi
Updating Deployment resource configuration...

Updating function ml-object-detection to cpu: 5158m, memory: 474Mi
Updating Deployment resource configuration...

[info] Original replicas=24, selector='environmentName=ml-image-processing,environmentNamespace=default,environmentUid=2449fff4-7632-422c-aa00-519fcb194e26,executorType=newdeploy,functionName=ml-image-processing,functionNamespace=default,functionUid=58487e4a-0036-4ccd-8b22-c7f0f2d6d72b'
[info] Original replicas=73, selector='environmentName=yolo,environmentNamespace=default,environmentUid=ced8af41-455b-4081-99aa-1700c0092126,executorType=newdeploy,functionName=ml-object-detection,functionNamespace=default,functionUid=182005a6-ad76-40e9-9ecd-2fb10570ca05'
[ok] Patched Deployment resources
[ok] Patched Deployment resources
[ok] Verified Deployment template resources: requests={'cpu': '300m', 'memory': '50Mi'} limits={'cpu': '387m', 'memory': '61Mi'}
[info] Scaling deployment to 0 replicas to force full pod replacement
[ok] Verified Deployment template resources: requests={'cpu': '1500m', 'memory': '400Mi'} limits={'cpu': '5158m', 'memory': '474Mi'}
[info] Scaling deployment to 0 replicas to force full pod replacement
[ok] All pods terminated (replicas=0)
[info] Scaling deployment back to 24 replicas
[ok] All pods terminated (replicas=0)
[info] Scaling deployment back to 73 replicas
[ok] Rollout completed after scale-to-zero
[verify] newest RS=newdeploy-ml-image-processing-default-8b22-c7f0f2d6d72b-5dbc49bd69 pods=24 ready=24
[ok] Verified newest ReplicaSet template resources match expected
[ok] Rollout completed after scale-to-zero
[verify] newest RS=newdeploy-ml-object-detection-default-9ecd-2fb10570ca05-6bc6875f87 pods=73 ready=73
[ok] Verified newest ReplicaSet template resources match expected
[info] Started Locust with PID 459807
[info] attempt=1: start sleep for 20s
[info] attempt=1: sleep done
\Start sampling in parallel...
Workflow e2e p99 latency (61 completed in 16.9s, parallel, 8 workers): 2.560s
Average stage latencies:
  - ml-image-processing: 0.238s
  - ml-object-detection: 0.205s
[info] poll_locust_row: failed to load, try again
[info] poll_locust_row: failed to load, try again
[info] total_requests: 1159
[info] e2e_latency (p99): 2.500 s
[info] energy_j: 7961.269949 J
[info] served_rps: 63.70 req/s
[info]: start_time: 1767849860.531, end_time: 1767849877.531, duration_s: 17.00 s
[info] energy_cost: 6.869085 J/request
[info] average power: 468.309997 W
[info] Locust stopped
================================================================================
objective      : price
resource_config: [{'cpu_m': 387, 'memory_mi': 61}, {'cpu_m': 5158, 'memory_mi': 474}], latencies: {'ml-image-processing': 0.23826333765917626, 'ml-object-detection': 0.2051479588110061}, price_cost: 200.387290, energy_cost: 6.869085, latency_p99 : 2.500000, feasible: True, total_requests: 1159, served_rps: 63.70, total_energy_j: 7961.269949 J, profiling_duration_s: 17.000000s, average_power: 468.309997 W
wall_time_s    : 96.948
================================================================================

================================================================================

Batch  9: best_feasible_cost (random, qNEI) = (199.81683164729665, 176.0017164325119), best_constraint =  -0.100 (<=0 feasible), time = 302.99.
Best feasible resource configuration: [{'cpu_m': 312, 'memory_mi': 54}, {'cpu_m': 4783, 'memory_mi': 492}]

================================================================================
/home/cc/miniconda3/envs/faas/lib/python3.10/site-packages/botorch/acquisition/monte_carlo.py:502: NumericsWarning: qNoisyExpectedImprovement has known numerical issues that lead to suboptimal optimization performance. It is strongly recommended to simply replace

	 qNoisyExpectedImprovement 	 --> 	 qLogNoisyExpectedImprovement 

instead, which fixes the issues and has the same API. See https://arxiv.org/abs/2310.20708 for details.
  legacy_ei_numerics_warning(legacy_name=type(self).__name__)
Updating function ml-image-processing to cpu: 591m, memory: 67Mi
Updating Deployment resource configuration...

Updating function ml-object-detection to cpu: 4399m, memory: 446Mi
Updating Deployment resource configuration...

[info] Original replicas=24, selector='environmentName=ml-image-processing,environmentNamespace=default,environmentUid=2449fff4-7632-422c-aa00-519fcb194e26,executorType=newdeploy,functionName=ml-image-processing,functionNamespace=default,functionUid=58487e4a-0036-4ccd-8b22-c7f0f2d6d72b'
[info] Original replicas=73, selector='environmentName=yolo,environmentNamespace=default,environmentUid=ced8af41-455b-4081-99aa-1700c0092126,executorType=newdeploy,functionName=ml-object-detection,functionNamespace=default,functionUid=182005a6-ad76-40e9-9ecd-2fb10570ca05'
[ok] Patched Deployment resources
[ok] Verified Deployment template resources: requests={'cpu': '1500m', 'memory': '400Mi'} limits={'cpu': '4399m', 'memory': '446Mi'}
[info] Scaling deployment to 0 replicas to force full pod replacement
[ok] Patched Deployment resources
[ok] Verified Deployment template resources: requests={'cpu': '300m', 'memory': '50Mi'} limits={'cpu': '591m', 'memory': '67Mi'}
[info] Scaling deployment to 0 replicas to force full pod replacement
[ok] All pods terminated (replicas=0)
[info] Scaling deployment back to 24 replicas
[ok] All pods terminated (replicas=0)
[info] Scaling deployment back to 73 replicas
[ok] Rollout completed after scale-to-zero
[verify] newest RS=newdeploy-ml-image-processing-default-8b22-c7f0f2d6d72b-78d587448d pods=24 ready=24
[ok] Verified newest ReplicaSet template resources match expected
[ok] Rollout completed after scale-to-zero
[verify] newest RS=newdeploy-ml-object-detection-default-9ecd-2fb10570ca05-845dbfc7f pods=73 ready=73
[ok] Verified newest ReplicaSet template resources match expected
[info] Started Locust with PID 475690
[info] attempt=1: start sleep for 20s
[info] attempt=1: sleep done
\Start sampling in parallel...
Workflow e2e p99 latency (66 completed in 17.7s, parallel, 8 workers): 9.000s
Average stage latencies:
  - ml-image-processing: 0.130s
  - ml-object-detection: 0.251s
[info] total_requests: 1206
[info] e2e_latency (p99): 3.700 s
[info] energy_j: 8395.590842 J
[info] served_rps: 66.80 req/s
[info]: start_time: 1767849956.431, end_time: 1767849974.131, duration_s: 17.70 s
[info] energy_cost: 6.961518 J/request
[info] average power: 474.327165 W
[info] Locust stopped
================================================================================
objective      : price
resource_config: [{'cpu_m': 591, 'memory_mi': 67}, {'cpu_m': 4399, 'memory_mi': 446}], latencies: {'ml-image-processing': 0.13030320424586533, 'ml-object-detection': 0.25106765441596507}, price_cost: 205.876544, energy_cost: 6.961518, latency_p99 : 3.700000, feasible: False, total_requests: 1206, served_rps: 66.80, total_energy_j: 8395.590842 J, profiling_duration_s: 17.700000s, average_power: 474.327165 W
wall_time_s    : 90.291
================================================================================

Updating function ml-image-processing to cpu: 631m, memory: 53Mi
Updating Deployment resource configuration...

Updating function ml-object-detection to cpu: 3807m, memory: 447Mi
Updating Deployment resource configuration...

[info] Original replicas=24, selector='environmentName=ml-image-processing,environmentNamespace=default,environmentUid=2449fff4-7632-422c-aa00-519fcb194e26,executorType=newdeploy,functionName=ml-image-processing,functionNamespace=default,functionUid=58487e4a-0036-4ccd-8b22-c7f0f2d6d72b'
[info] Original replicas=73, selector='environmentName=yolo,environmentNamespace=default,environmentUid=ced8af41-455b-4081-99aa-1700c0092126,executorType=newdeploy,functionName=ml-object-detection,functionNamespace=default,functionUid=182005a6-ad76-40e9-9ecd-2fb10570ca05'
[ok] Patched Deployment resources
[ok] Patched Deployment resources
[ok] Verified Deployment template resources: requests={'cpu': '300m', 'memory': '50Mi'} limits={'cpu': '631m', 'memory': '53Mi'}
[info] Scaling deployment to 0 replicas to force full pod replacement
[ok] Verified Deployment template resources: requests={'cpu': '1500m', 'memory': '400Mi'} limits={'cpu': '3807m', 'memory': '447Mi'}
[info] Scaling deployment to 0 replicas to force full pod replacement
[ok] All pods terminated (replicas=0)
[info] Scaling deployment back to 24 replicas
[ok] All pods terminated (replicas=0)
[info] Scaling deployment back to 73 replicas
[ok] Rollout completed after scale-to-zero
[verify] newest RS=newdeploy-ml-image-processing-default-8b22-c7f0f2d6d72b-5cf5dd966b pods=24 ready=24
[ok] Verified newest ReplicaSet template resources match expected
[ok] Rollout completed after scale-to-zero
[verify] newest RS=newdeploy-ml-object-detection-default-9ecd-2fb10570ca05-7ffbc7b9d4 pods=73 ready=73
[ok] Verified newest ReplicaSet template resources match expected
[info] Started Locust with PID 485678
[info] attempt=1: start sleep for 20s
[info] attempt=1: sleep done
\Start sampling in parallel...
Workflow e2e p99 latency (62 completed in 21.0s, parallel, 8 workers): 9.000s
Average stage latencies:
  - ml-image-processing: 0.124s
  - ml-object-detection: 0.300s
[info] poll_locust_row: failed to load, try again
[info] poll_locust_row: failed to load, try again
[info] poll_locust_row: failed to load, try again
[info] poll_locust_row: failed to load, try again
[info] total_requests: 1295
[info] e2e_latency (p99): 3.800 s
[info] energy_j: 9389.485646 J
[info] served_rps: 63.80 req/s
[info]: start_time: 1767850055.131, end_time: 1767850076.131, duration_s: 21.00 s
[info] energy_cost: 7.250568 J/request
[info] average power: 447.118364 W
[info] Locust stopped
================================================================================
objective      : price
resource_config: [{'cpu_m': 631, 'memory_mi': 53}, {'cpu_m': 3807, 'memory_mi': 447}], latencies: {'ml-image-processing': 0.1242602465903027, 'ml-object-detection': 0.3004928121441289}, price_cost: 213.205638, energy_cost: 7.250568, latency_p99 : 3.800000, feasible: False, total_requests: 1295, served_rps: 63.80, total_energy_j: 9389.485646 J, profiling_duration_s: 21.000000s, average_power: 447.118364 W
wall_time_s    : 104.039
================================================================================

Updating function ml-image-processing to cpu: 353m, memory: 55Mi
Updating Deployment resource configuration...

Updating function ml-object-detection to cpu: 4902m, memory: 494Mi
Updating Deployment resource configuration...

[info] Original replicas=73, selector='environmentName=yolo,environmentNamespace=default,environmentUid=ced8af41-455b-4081-99aa-1700c0092126,executorType=newdeploy,functionName=ml-object-detection,functionNamespace=default,functionUid=182005a6-ad76-40e9-9ecd-2fb10570ca05'
[info] Original replicas=24, selector='environmentName=ml-image-processing,environmentNamespace=default,environmentUid=2449fff4-7632-422c-aa00-519fcb194e26,executorType=newdeploy,functionName=ml-image-processing,functionNamespace=default,functionUid=58487e4a-0036-4ccd-8b22-c7f0f2d6d72b'
[ok] Patched Deployment resources
[ok] Patched Deployment resources
[ok] Verified Deployment template resources: requests={'cpu': '1500m', 'memory': '400Mi'} limits={'cpu': '4902m', 'memory': '494Mi'}
[info] Scaling deployment to 0 replicas to force full pod replacement
[ok] Verified Deployment template resources: requests={'cpu': '300m', 'memory': '50Mi'} limits={'cpu': '353m', 'memory': '55Mi'}
[info] Scaling deployment to 0 replicas to force full pod replacement
[ok] All pods terminated (replicas=0)
[info] Scaling deployment back to 24 replicas
[ok] All pods terminated (replicas=0)
[info] Scaling deployment back to 73 replicas
[ok] Deleted HPA newdeploy-ml-object-detection-default-9ecd-2fb10570ca05
[ok] Rollout completed after scale-to-zero
[verify] newest RS=newdeploy-ml-image-processing-default-8b22-c7f0f2d6d72b-599867cc95 pods=24 ready=24
[ok] Verified newest ReplicaSet template resources match expected
[ok] Rollout completed after scale-to-zero
[verify] newest RS=newdeploy-ml-object-detection-default-9ecd-2fb10570ca05-5dd7bdf88d pods=73 ready=73
[ok] Verified newest ReplicaSet template resources match expected
[info] Started Locust with PID 495789
[info] attempt=1: start sleep for 20s
[info] attempt=1: sleep done
\Start sampling in parallel...
Workflow e2e p99 latency (60 completed in 16.9s, parallel, 8 workers): 2.328s
Average stage latencies:
  - ml-image-processing: 0.265s
  - ml-object-detection: 0.205s
[info] poll_locust_row: failed to load, try again
[info] poll_locust_row: failed to load, try again
[info] total_requests: 1118
[info] e2e_latency (p99): 2.300 s
[info] energy_j: 7793.221439 J
[info] served_rps: 62.30 req/s
[info]: start_time: 1767850167.031, end_time: 1767850183.931, duration_s: 16.90 s
[info] energy_cost: 6.970681 J/request
[info] average power: 461.137361 W
[info] Locust stopped
================================================================================
objective      : price
resource_config: [{'cpu_m': 353, 'memory_mi': 55}, {'cpu_m': 4902, 'memory_mi': 494}], latencies: {'ml-image-processing': 0.26523775815342865, 'ml-object-detection': 0.20483596332681675}, price_cost: 191.332182, energy_cost: 6.970681, latency_p99 : 2.300000, feasible: True, total_requests: 1118, served_rps: 62.30, total_energy_j: 7793.221439 J, profiling_duration_s: 16.900000s, average_power: 461.137361 W
wall_time_s    : 106.807
================================================================================

================================================================================

Batch 10: best_feasible_cost (random, qNEI) = (199.81683164729665, 176.0017164325119), best_constraint =  -0.100 (<=0 feasible), time = 306.46.
Best feasible resource configuration: [{'cpu_m': 312, 'memory_mi': 54}, {'cpu_m': 4783, 'memory_mi': 492}]

================================================================================
BO loop time: 4088.99 seconds
Best cost: 176.0017164325119
Best resource configuration: [{'cpu_m': 312, 'memory_mi': 54}, {'cpu_m': 4783, 'memory_mi': 492}]

========================================
Energy
drwxrwxr-x 2 cc cc   4096 Jan  8 03:14 __pycache__
-rw-rw-r-- 1 cc cc  21743 Jan  8 00:11 bayesian_optimization.py
drwxrwxr-x 2 cc cc   4096 Jan  5 15:43 bo_outputs_copy
-rw-rw-r-- 1 cc cc  22474 Jan  8 02:32 bo_utils.py
-rw-rw-r-- 1 cc cc  12286 Jan  5 01:06 check_result.py
-rw-rw-r-- 1 cc cc   7349 Jan  5 15:31 compute_stat.py
-rw-rw-r-- 1 cc cc   6640 Jan  5 15:43 compute_trade_off.py
-rw-rw-r-- 1 cc cc   1438 Jan  5 14:32 config.py
-rw-rw-r-- 1 cc cc   4370 Jan  8 00:11 manager.py
-rw-rw-r-- 1 cc cc   9045 Dec 16 05:41 original-bayesian_optimization.py
-rw-rw-r-- 1 cc cc  11668 Jan  5 15:23 original_bo_results_price_20260105_051239 copy.json
-rw-rw-r-- 1 cc cc   2423 Jan  3 19:23 pods_mapping.py
-rw-rw-r-- 1 cc cc  21769 Jan  7 06:31 power_service.py
-rw-rw-r-- 1 cc cc   1736 Jan  7 00:16 temp.py

IS_ENERGY: True
[info] batch_size: 3, initial_points: 10, n_batch: 10
No checkpoint found, starting fresh BO run.
Updating function ml-image-processing to cpu: 550m, memory: 52Mi
Updating Deployment resource configuration...

Updating function ml-object-detection to cpu: 4481m, memory: 422Mi
Updating Deployment resource configuration...

[info] Original replicas=24, selector='environmentName=ml-image-processing,environmentNamespace=default,environmentUid=2449fff4-7632-422c-aa00-519fcb194e26,executorType=newdeploy,functionName=ml-image-processing,functionNamespace=default,functionUid=58487e4a-0036-4ccd-8b22-c7f0f2d6d72b'
[ok] Patched Deployment resources
[info] Original replicas=73, selector='environmentName=yolo,environmentNamespace=default,environmentUid=ced8af41-455b-4081-99aa-1700c0092126,executorType=newdeploy,functionName=ml-object-detection,functionNamespace=default,functionUid=182005a6-ad76-40e9-9ecd-2fb10570ca05'
[ok] Verified Deployment template resources: requests={'cpu': '300m', 'memory': '50Mi'} limits={'cpu': '550m', 'memory': '52Mi'}
[info] Scaling deployment to 0 replicas to force full pod replacement
[ok] Patched Deployment resources
[ok] Verified Deployment template resources: requests={'cpu': '1500m', 'memory': '400Mi'} limits={'cpu': '4481m', 'memory': '422Mi'}
[info] Scaling deployment to 0 replicas to force full pod replacement
[ok] All pods terminated (replicas=0)
[info] Scaling deployment back to 24 replicas
[ok] All pods terminated (replicas=0)
[info] Scaling deployment back to 73 replicas
[ok] Rollout completed after scale-to-zero
[verify] newest RS=newdeploy-ml-image-processing-default-8b22-c7f0f2d6d72b-865ff568c7 pods=24 ready=24
[ok] Verified newest ReplicaSet template resources match expected
[ok] Rollout completed after scale-to-zero
[verify] newest RS=newdeploy-ml-object-detection-default-9ecd-2fb10570ca05-5785c99fcb pods=73 ready=73
[ok] Verified newest ReplicaSet template resources match expected
[info] Started Locust with PID 506202
[info] attempt=1: start sleep for 20s
[info] attempt=1: sleep done
\Start sampling in parallel...
Workflow e2e p99 latency (64 completed in 17.1s, parallel, 8 workers): 9.000s
Average stage latencies:
  - ml-image-processing: 0.158s
  - ml-object-detection: 0.237s
[info] poll_locust_row: failed to load, try again
[info] poll_locust_row: failed to load, try again
[info] total_requests: 1208
[info] e2e_latency (p99): 3.700 s
[info] energy_j: 8191.830786 J
[info] served_rps: 67.00 req/s
[info]: start_time: 1767850270.731, end_time: 1767850287.731, duration_s: 17.00 s
[info] energy_cost: 6.781317 J/request
[info] average power: 481.872399 W
[info] Locust stopped
================================================================================
objective      : energy
resource_config: [{'cpu_m': 550, 'memory_mi': 52}, {'cpu_m': 4481, 'memory_mi': 422}], latencies: {'ml-image-processing': 0.15789145831432608, 'ml-object-detection': 0.2373447243183378}, price_cost: 200.349037, energy_cost: 6.781317, latency_p99 : 3.700000, feasible: False, total_requests: 1208, served_rps: 67.00, total_energy_j: 8191.830786 J, profiling_duration_s: 17.000000s, average_power: 481.872399 W
wall_time_s    : 100.630
================================================================================

Updating function ml-image-processing to cpu: 362m, memory: 57Mi
Updating Deployment resource configuration...

Updating function ml-object-detection to cpu: 3538m, memory: 485Mi
Updating Deployment resource configuration...

[info] Original replicas=24, selector='environmentName=ml-image-processing,environmentNamespace=default,environmentUid=2449fff4-7632-422c-aa00-519fcb194e26,executorType=newdeploy,functionName=ml-image-processing,functionNamespace=default,functionUid=58487e4a-0036-4ccd-8b22-c7f0f2d6d72b'
[info] Original replicas=73, selector='environmentName=yolo,environmentNamespace=default,environmentUid=ced8af41-455b-4081-99aa-1700c0092126,executorType=newdeploy,functionName=ml-object-detection,functionNamespace=default,functionUid=182005a6-ad76-40e9-9ecd-2fb10570ca05'
[ok] Patched Deployment resources
[ok] Patched Deployment resources
[ok] Verified Deployment template resources: requests={'cpu': '1500m', 'memory': '400Mi'} limits={'cpu': '3538m', 'memory': '485Mi'}
[info] Scaling deployment to 0 replicas to force full pod replacement
[ok] Verified Deployment template resources: requests={'cpu': '300m', 'memory': '50Mi'} limits={'cpu': '362m', 'memory': '57Mi'}
[info] Scaling deployment to 0 replicas to force full pod replacement
[ok] All pods terminated (replicas=0)
[info] Scaling deployment back to 24 replicas
[ok] All pods terminated (replicas=0)
[info] Scaling deployment back to 73 replicas
[ok] Rollout completed after scale-to-zero
[verify] newest RS=newdeploy-ml-image-processing-default-8b22-c7f0f2d6d72b-66c8fd7b5f pods=24 ready=24
[ok] Verified newest ReplicaSet template resources match expected
[ok] Rollout completed after scale-to-zero
[verify] newest RS=newdeploy-ml-object-detection-default-9ecd-2fb10570ca05-775b697d45 pods=73 ready=73
[ok] Verified newest ReplicaSet template resources match expected
[info] Started Locust with PID 516354
[info] attempt=1: start sleep for 20s
[info] attempt=1: sleep done
\Start sampling in parallel...
Workflow e2e p99 latency (49 completed in 21.7s, parallel, 8 workers): 9.000s
Average stage latencies:
  - ml-image-processing: 0.261s
  - ml-object-detection: 0.329s
[info] poll_locust_row: failed to load, try again
[info] poll_locust_row: failed to load, try again
[info] total_requests: 1145
[info] e2e_latency (p99): 4.500 s
[info] energy_j: 9175.572181 J
[info] served_rps: 56.40 req/s
[info]: start_time: 1767850363.731, end_time: 1767850385.331, duration_s: 21.60 s
[info] energy_cost: 8.013600 J/request
[info] average power: 424.795006 W
[info] Locust stopped
================================================================================
objective      : energy
resource_config: [{'cpu_m': 362, 'memory_mi': 57}, {'cpu_m': 3538, 'memory_mi': 485}], latencies: {'ml-image-processing': 0.26078320380170333, 'ml-object-detection': 0.3285319001392223}, price_cost: 219.560335, energy_cost: 8.013600, latency_p99 : 4.500000, feasible: False, total_requests: 1145, served_rps: 56.40, total_energy_j: 9175.572181 J, profiling_duration_s: 21.600000s, average_power: 424.795006 W
wall_time_s    : 97.621
================================================================================

Updating function ml-image-processing to cpu: 560m, memory: 53Mi
Updating Deployment resource configuration...

Updating function ml-object-detection to cpu: 3703m, memory: 456Mi
Updating Deployment resource configuration...

[info] Original replicas=24, selector='environmentName=ml-image-processing,environmentNamespace=default,environmentUid=2449fff4-7632-422c-aa00-519fcb194e26,executorType=newdeploy,functionName=ml-image-processing,functionNamespace=default,functionUid=58487e4a-0036-4ccd-8b22-c7f0f2d6d72b'
[info] Original replicas=73, selector='environmentName=yolo,environmentNamespace=default,environmentUid=ced8af41-455b-4081-99aa-1700c0092126,executorType=newdeploy,functionName=ml-object-detection,functionNamespace=default,functionUid=182005a6-ad76-40e9-9ecd-2fb10570ca05'
[ok] Patched Deployment resources
[ok] Patched Deployment resources
[ok] Verified Deployment template resources: requests={'cpu': '1500m', 'memory': '400Mi'} limits={'cpu': '3703m', 'memory': '456Mi'}
[info] Scaling deployment to 0 replicas to force full pod replacement
[ok] Verified Deployment template resources: requests={'cpu': '300m', 'memory': '50Mi'} limits={'cpu': '560m', 'memory': '53Mi'}
[info] Scaling deployment to 0 replicas to force full pod replacement
[ok] All pods terminated (replicas=0)
[info] Scaling deployment back to 24 replicas
[ok] All pods terminated (replicas=0)
[info] Scaling deployment back to 73 replicas
[ok] Rollout completed after scale-to-zero
[verify] newest RS=newdeploy-ml-image-processing-default-8b22-c7f0f2d6d72b-67c475c9bd pods=24 ready=24
[ok] Verified newest ReplicaSet template resources match expected
[ok] Rollout completed after scale-to-zero
[verify] newest RS=newdeploy-ml-object-detection-default-9ecd-2fb10570ca05-6dcfd6cfd9 pods=73 ready=73
[ok] Verified newest ReplicaSet template resources match expected
[info] Started Locust with PID 526756
[info] attempt=1: start sleep for 20s
[info] attempt=1: sleep done
\Start sampling in parallel...
Workflow e2e p99 latency (48 completed in 17.4s, parallel, 8 workers): 9.000s
Average stage latencies:
  - ml-image-processing: 0.144s
  - ml-object-detection: 0.275s
[info] poll_locust_row: failed to load, try again
[info] total_requests: 1125
[info] e2e_latency (p99): 4.000 s
[info] energy_j: 7827.888005 J
[info] served_rps: 62.10 req/s
[info]: start_time: 1767850468.631, end_time: 1767850486.131, duration_s: 17.50 s
[info] energy_cost: 6.958123 J/request
[info] average power: 447.307886 W
[info] Locust stopped
================================================================================
objective      : energy
resource_config: [{'cpu_m': 560, 'memory_mi': 53}, {'cpu_m': 3703, 'memory_mi': 456}], latencies: {'ml-image-processing': 0.14437462775968016, 'ml-object-detection': 0.27503127603558825}, price_cost: 191.813988, energy_cost: 6.958123, latency_p99 : 4.000000, feasible: False, total_requests: 1125, served_rps: 62.10, total_energy_j: 7827.888005 J, profiling_duration_s: 17.500000s, average_power: 447.307886 W
wall_time_s    : 100.231
================================================================================

Updating function ml-image-processing to cpu: 585m, memory: 53Mi
Updating Deployment resource configuration...

Updating function ml-object-detection to cpu: 1829m, memory: 506Mi
Updating Deployment resource configuration...

[info] Original replicas=24, selector='environmentName=ml-image-processing,environmentNamespace=default,environmentUid=2449fff4-7632-422c-aa00-519fcb194e26,executorType=newdeploy,functionName=ml-image-processing,functionNamespace=default,functionUid=58487e4a-0036-4ccd-8b22-c7f0f2d6d72b'
[info] Original replicas=73, selector='environmentName=yolo,environmentNamespace=default,environmentUid=ced8af41-455b-4081-99aa-1700c0092126,executorType=newdeploy,functionName=ml-object-detection,functionNamespace=default,functionUid=182005a6-ad76-40e9-9ecd-2fb10570ca05'
[ok] Patched Deployment resources
[ok] Patched Deployment resources
[ok] Verified Deployment template resources: requests={'cpu': '1500m', 'memory': '400Mi'} limits={'cpu': '1829m', 'memory': '506Mi'}
[info] Scaling deployment to 0 replicas to force full pod replacement
[ok] Verified Deployment template resources: requests={'cpu': '300m', 'memory': '50Mi'} limits={'cpu': '585m', 'memory': '53Mi'}
[info] Scaling deployment to 0 replicas to force full pod replacement
[ok] All pods terminated (replicas=0)
[info] Scaling deployment back to 24 replicas
[ok] All pods terminated (replicas=0)
[info] Scaling deployment back to 73 replicas
[ok] Rollout completed after scale-to-zero
[verify] newest RS=newdeploy-ml-image-processing-default-8b22-c7f0f2d6d72b-99b7dc58b pods=24 ready=24
[ok] Verified newest ReplicaSet template resources match expected
[ok] Rollout completed after scale-to-zero
[verify] newest RS=newdeploy-ml-object-detection-default-9ecd-2fb10570ca05-78b6c85d98 pods=73 ready=73
[ok] Verified newest ReplicaSet template resources match expected
[info] Started Locust with PID 536838
[info] attempt=1: start sleep for 20s
[info] attempt=1: sleep done
\Start sampling in parallel...
Workflow e2e p99 latency (34 completed in 21.7s, parallel, 8 workers): 9.000s
Average stage latencies:
  - ml-image-processing: 0.108s
  - ml-object-detection: 0.718s
[info] poll_locust_row: failed to load, try again
[info] poll_locust_row: failed to load, try again
[info] total_requests: 857
[info] e2e_latency (p99): 4.000 s
[info] energy_j: 7086.865805 J
[info] served_rps: 38.90 req/s
[info]: start_time: 1767850566.831, end_time: 1767850588.431, duration_s: 21.60 s
[info] energy_cost: 8.269388 J/request
[info] average power: 328.095641 W
[info] Locust stopped
================================================================================
objective      : energy
resource_config: [{'cpu_m': 585, 'memory_mi': 53}, {'cpu_m': 1829, 'memory_mi': 506}], latencies: {'ml-image-processing': 0.10784112149849534, 'ml-object-detection': 0.7175976343918592}, price_cost: 242.510637, energy_cost: 8.269388, latency_p99 : 4.000000, feasible: False, total_requests: 857, served_rps: 38.90, total_energy_j: 7086.865805 J, profiling_duration_s: 21.600000s, average_power: 328.095641 W
wall_time_s    : 102.842
================================================================================

Updating function ml-image-processing to cpu: 768m, memory: 65Mi
Updating Deployment resource configuration...

Updating function ml-object-detection to cpu: 2282m, memory: 408Mi
Updating Deployment resource configuration...

[info] Original replicas=73, selector='environmentName=yolo,environmentNamespace=default,environmentUid=ced8af41-455b-4081-99aa-1700c0092126,executorType=newdeploy,functionName=ml-object-detection,functionNamespace=default,functionUid=182005a6-ad76-40e9-9ecd-2fb10570ca05'
[info] Original replicas=24, selector='environmentName=ml-image-processing,environmentNamespace=default,environmentUid=2449fff4-7632-422c-aa00-519fcb194e26,executorType=newdeploy,functionName=ml-image-processing,functionNamespace=default,functionUid=58487e4a-0036-4ccd-8b22-c7f0f2d6d72b'
[ok] Patched Deployment resources
[ok] Patched Deployment resources
[ok] Verified Deployment template resources: requests={'cpu': '300m', 'memory': '50Mi'} limits={'cpu': '768m', 'memory': '65Mi'}
[info] Scaling deployment to 0 replicas to force full pod replacement
[ok] Verified Deployment template resources: requests={'cpu': '1500m', 'memory': '400Mi'} limits={'cpu': '2282m', 'memory': '408Mi'}
[info] Scaling deployment to 0 replicas to force full pod replacement
[ok] All pods terminated (replicas=0)
[info] Scaling deployment back to 24 replicas
[ok] All pods terminated (replicas=0)
[info] Scaling deployment back to 73 replicas
[ok] Deleted HPA newdeploy-ml-object-detection-default-9ecd-2fb10570ca05
[ok] Rollout completed after scale-to-zero
[verify] newest RS=newdeploy-ml-image-processing-default-8b22-c7f0f2d6d72b-77f96f6b77 pods=24 ready=24
[ok] Verified newest ReplicaSet template resources match expected
[ok] Rollout completed after scale-to-zero
[verify] newest RS=newdeploy-ml-object-detection-default-9ecd-2fb10570ca05-696764c758 pods=73 ready=73
[ok] Verified newest ReplicaSet template resources match expected
[info] Started Locust with PID 546829
[info] attempt=1: start sleep for 20s
[info] attempt=1: sleep done
\Start sampling in parallel...
Workflow e2e p99 latency (43 completed in 21.6s, parallel, 8 workers): 9.000s
Average stage latencies:
  - ml-image-processing: 0.098s
  - ml-object-detection: 0.476s
[info] poll_locust_row: failed to load, try again
[info] poll_locust_row: failed to load, try again
[info] total_requests: 988
[info] e2e_latency (p99): 3.800 s
[info] energy_j: 7858.682280 J
[info] served_rps: 45.60 req/s
[info]: start_time: 1767850671.831, end_time: 1767850693.531, duration_s: 21.70 s
[info] energy_cost: 7.954132 J/request
[info] average power: 362.151260 W
[info] Locust stopped
================================================================================
objective      : energy
resource_config: [{'cpu_m': 768, 'memory_mi': 65}, {'cpu_m': 2282, 'memory_mi': 408}], latencies: {'ml-image-processing': 0.09824730171000257, 'ml-object-detection': 0.47597307210568995}, price_cost: 203.428207, energy_cost: 7.954132, latency_p99 : 3.800000, feasible: False, total_requests: 988, served_rps: 45.60, total_energy_j: 7858.682280 J, profiling_duration_s: 21.700000s, average_power: 362.151260 W
wall_time_s    : 105.024
================================================================================

Updating function ml-image-processing to cpu: 616m, memory: 50Mi
Updating Deployment resource configuration...

Updating function ml-object-detection to cpu: 5927m, memory: 414Mi
Updating Deployment resource configuration...

[info] Original replicas=73, selector='environmentName=yolo,environmentNamespace=default,environmentUid=ced8af41-455b-4081-99aa-1700c0092126,executorType=newdeploy,functionName=ml-object-detection,functionNamespace=default,functionUid=182005a6-ad76-40e9-9ecd-2fb10570ca05'
[info] Original replicas=24, selector='environmentName=ml-image-processing,environmentNamespace=default,environmentUid=2449fff4-7632-422c-aa00-519fcb194e26,executorType=newdeploy,functionName=ml-image-processing,functionNamespace=default,functionUid=58487e4a-0036-4ccd-8b22-c7f0f2d6d72b'
[ok] Patched Deployment resources
[ok] Patched Deployment resources
[ok] Verified Deployment template resources: requests={'cpu': '300m', 'memory': '50Mi'} limits={'cpu': '616m', 'memory': '50Mi'}
[info] Scaling deployment to 0 replicas to force full pod replacement
[ok] Verified Deployment template resources: requests={'cpu': '1500m', 'memory': '400Mi'} limits={'cpu': '5927m', 'memory': '414Mi'}
[info] Scaling deployment to 0 replicas to force full pod replacement
[ok] All pods terminated (replicas=0)
[info] Scaling deployment back to 24 replicas
[ok] All pods terminated (replicas=0)
[info] Scaling deployment back to 73 replicas
[ok] Deleted HPA newdeploy-ml-object-detection-default-9ecd-2fb10570ca05
[ok] Rollout completed after scale-to-zero
[verify] newest RS=newdeploy-ml-image-processing-default-8b22-c7f0f2d6d72b-6d74897fc9 pods=24 ready=24
[ok] Verified newest ReplicaSet template resources match expected
[ok] Rollout completed after scale-to-zero
[verify] newest RS=newdeploy-ml-object-detection-default-9ecd-2fb10570ca05-65766ffff5 pods=73 ready=73
[ok] Verified newest ReplicaSet template resources match expected
[info] Started Locust with PID 557156
[info] attempt=1: start sleep for 20s
[info] attempt=1: sleep done
\Start sampling in parallel...
Workflow e2e p99 latency (72 completed in 16.5s, parallel, 8 workers): 1.546s
Average stage latencies:
  - ml-image-processing: 0.140s
  - ml-object-detection: 0.196s
[info] poll_locust_row: failed to load, try again
[info] poll_locust_row: failed to load, try again
[info] poll_locust_row: failed to load, try again
[info] total_requests: 1339
[info] e2e_latency (p99): 1.500 s
[info] energy_j: 8413.926064 J
[info] served_rps: 74.50 req/s
[info]: start_time: 1767850778.431, end_time: 1767850795.031, duration_s: 16.60 s
[info] energy_cost: 6.283739 J/request
[info] average power: 506.863019 W
[info] Locust stopped
================================================================================
objective      : energy
resource_config: [{'cpu_m': 616, 'memory_mi': 50}, {'cpu_m': 5927, 'memory_mi': 414}], latencies: {'ml-image-processing': 0.1402119975601737, 'ml-object-detection': 0.19551128979461888}, price_cost: 216.495532, energy_cost: 6.283739, latency_p99 : 1.500000, feasible: True, total_requests: 1339, served_rps: 74.50, total_energy_j: 8413.926064 J, profiling_duration_s: 16.600000s, average_power: 506.863019 W
wall_time_s    : 102.002
================================================================================

Updating function ml-image-processing to cpu: 391m, memory: 57Mi
Updating Deployment resource configuration...

Updating function ml-object-detection to cpu: 5071m, memory: 507Mi
Updating Deployment resource configuration...

[info] Original replicas=24, selector='environmentName=ml-image-processing,environmentNamespace=default,environmentUid=2449fff4-7632-422c-aa00-519fcb194e26,executorType=newdeploy,functionName=ml-image-processing,functionNamespace=default,functionUid=58487e4a-0036-4ccd-8b22-c7f0f2d6d72b'
[info] Original replicas=73, selector='environmentName=yolo,environmentNamespace=default,environmentUid=ced8af41-455b-4081-99aa-1700c0092126,executorType=newdeploy,functionName=ml-object-detection,functionNamespace=default,functionUid=182005a6-ad76-40e9-9ecd-2fb10570ca05'
[ok] Patched Deployment resources
[ok] Patched Deployment resources
[ok] Verified Deployment template resources: requests={'cpu': '300m', 'memory': '50Mi'} limits={'cpu': '391m', 'memory': '57Mi'}
[info] Scaling deployment to 0 replicas to force full pod replacement
[ok] Verified Deployment template resources: requests={'cpu': '1500m', 'memory': '400Mi'} limits={'cpu': '5071m', 'memory': '507Mi'}
[info] Scaling deployment to 0 replicas to force full pod replacement
[ok] All pods terminated (replicas=0)
[info] Scaling deployment back to 24 replicas
[ok] All pods terminated (replicas=0)
[info] Scaling deployment back to 73 replicas
[ok] Rollout completed after scale-to-zero
[verify] newest RS=newdeploy-ml-image-processing-default-8b22-c7f0f2d6d72b-5c555964c pods=24 ready=24
[ok] Verified newest ReplicaSet template resources match expected
[ok] Rollout completed after scale-to-zero
[verify] newest RS=newdeploy-ml-object-detection-default-9ecd-2fb10570ca05-6698bd455c pods=73 ready=73
[ok] Verified newest ReplicaSet template resources match expected
[info] Started Locust with PID 567458
[info] attempt=1: start sleep for 20s
[info] attempt=1: sleep done
\Start sampling in parallel...
Workflow e2e p99 latency (63 completed in 18.2s, parallel, 8 workers): 2.803s
Average stage latencies:
  - ml-image-processing: 0.228s
  - ml-object-detection: 0.201s
[info] total_requests: 1154
[info] e2e_latency (p99): 2.700 s
[info] energy_j: 8595.245850 J
[info] served_rps: 64.60 req/s
[info]: start_time: 1767850876.331, end_time: 1767850894.431, duration_s: 18.10 s
[info] energy_cost: 7.448220 J/request
[info] average power: 474.875464 W
[info] Locust stopped
================================================================================
objective      : energy
resource_config: [{'cpu_m': 391, 'memory_mi': 57}, {'cpu_m': 5071, 'memory_mi': 507}], latencies: {'ml-image-processing': 0.22809259064259038, 'ml-object-detection': 0.20091383096333298}, price_cost: 193.099990, energy_cost: 7.448220, latency_p99 : 2.700000, feasible: True, total_requests: 1154, served_rps: 64.60, total_energy_j: 8595.245850 J, profiling_duration_s: 18.100000s, average_power: 474.875464 W
wall_time_s    : 97.971
================================================================================

Updating function ml-image-processing to cpu: 408m, memory: 68Mi
Updating Deployment resource configuration...

Updating function ml-object-detection to cpu: 4476m, memory: 497Mi
Updating Deployment resource configuration...

[info] Original replicas=73, selector='environmentName=yolo,environmentNamespace=default,environmentUid=ced8af41-455b-4081-99aa-1700c0092126,executorType=newdeploy,functionName=ml-object-detection,functionNamespace=default,functionUid=182005a6-ad76-40e9-9ecd-2fb10570ca05'
[info] Original replicas=24, selector='environmentName=ml-image-processing,environmentNamespace=default,environmentUid=2449fff4-7632-422c-aa00-519fcb194e26,executorType=newdeploy,functionName=ml-image-processing,functionNamespace=default,functionUid=58487e4a-0036-4ccd-8b22-c7f0f2d6d72b'
[ok] Patched Deployment resources
[ok] Patched Deployment resources
[ok] Verified Deployment template resources: requests={'cpu': '1500m', 'memory': '400Mi'} limits={'cpu': '4476m', 'memory': '497Mi'}
[info] Scaling deployment to 0 replicas to force full pod replacement
[ok] Verified Deployment template resources: requests={'cpu': '300m', 'memory': '50Mi'} limits={'cpu': '408m', 'memory': '68Mi'}
[info] Scaling deployment to 0 replicas to force full pod replacement
[ok] All pods terminated (replicas=0)
[info] Scaling deployment back to 24 replicas
[ok] All pods terminated (replicas=0)
[info] Scaling deployment back to 73 replicas
[ok] Rollout completed after scale-to-zero
[verify] newest RS=newdeploy-ml-image-processing-default-8b22-c7f0f2d6d72b-7c4db6c8f4 pods=24 ready=24
[ok] Verified newest ReplicaSet template resources match expected
[ok] Rollout completed after scale-to-zero
[verify] newest RS=newdeploy-ml-object-detection-default-9ecd-2fb10570ca05-5b885fb89f pods=73 ready=73
[ok] Verified newest ReplicaSet template resources match expected
[info] Started Locust with PID 577599
[info] attempt=1: start sleep for 20s
[info] attempt=1: sleep done
\Start sampling in parallel...
Workflow e2e p99 latency (64 completed in 16.4s, parallel, 8 workers): 2.403s
Average stage latencies:
  - ml-image-processing: 0.234s
  - ml-object-detection: 0.252s
[info] poll_locust_row: failed to load, try again
[info] poll_locust_row: failed to load, try again
[info] poll_locust_row: failed to load, try again
[info] total_requests: 1101
[info] e2e_latency (p99): 3.900 s
[info] energy_j: 7602.131969 J
[info] served_rps: 59.40 req/s
[info]: start_time: 1767850977.331, end_time: 1767850993.831, duration_s: 16.50 s
[info] energy_cost: 6.904752 J/request
[info] average power: 460.735271 W
[info] Locust stopped
================================================================================
objective      : energy
resource_config: [{'cpu_m': 408, 'memory_mi': 68}, {'cpu_m': 4476, 'memory_mi': 497}], latencies: {'ml-image-processing': 0.23350467111595208, 'ml-object-detection': 0.2520336836387287}, price_cost: 213.379483, energy_cost: 6.904752, latency_p99 : 3.900000, feasible: False, total_requests: 1101, served_rps: 59.40, total_energy_j: 7602.131969 J, profiling_duration_s: 16.500000s, average_power: 460.735271 W
wall_time_s    : 100.860
================================================================================

Updating function ml-image-processing to cpu: 570m, memory: 62Mi
Updating Deployment resource configuration...

Updating function ml-object-detection to cpu: 3024m, memory: 493Mi
Updating Deployment resource configuration...

[info] Original replicas=24, selector='environmentName=ml-image-processing,environmentNamespace=default,environmentUid=2449fff4-7632-422c-aa00-519fcb194e26,executorType=newdeploy,functionName=ml-image-processing,functionNamespace=default,functionUid=58487e4a-0036-4ccd-8b22-c7f0f2d6d72b'
[info] Original replicas=73, selector='environmentName=yolo,environmentNamespace=default,environmentUid=ced8af41-455b-4081-99aa-1700c0092126,executorType=newdeploy,functionName=ml-object-detection,functionNamespace=default,functionUid=182005a6-ad76-40e9-9ecd-2fb10570ca05'
[ok] Patched Deployment resources
[ok] Patched Deployment resources
[ok] Verified Deployment template resources: requests={'cpu': '1500m', 'memory': '400Mi'} limits={'cpu': '3024m', 'memory': '493Mi'}
[info] Scaling deployment to 0 replicas to force full pod replacement
[ok] Verified Deployment template resources: requests={'cpu': '300m', 'memory': '50Mi'} limits={'cpu': '570m', 'memory': '62Mi'}
[info] Scaling deployment to 0 replicas to force full pod replacement
[ok] All pods terminated (replicas=0)
[info] Scaling deployment back to 24 replicas
[ok] All pods terminated (replicas=0)
[info] Scaling deployment back to 73 replicas
[ok] Rollout completed after scale-to-zero
[verify] newest RS=newdeploy-ml-image-processing-default-8b22-c7f0f2d6d72b-7f57f48996 pods=24 ready=24
[ok] Verified newest ReplicaSet template resources match expected
[ok] Rollout completed after scale-to-zero
[verify] newest RS=newdeploy-ml-object-detection-default-9ecd-2fb10570ca05-66d4778b86 pods=73 ready=73
[ok] Verified newest ReplicaSet template resources match expected
[info] Started Locust with PID 587921
[info] attempt=1: start sleep for 20s
[info] attempt=1: sleep done
\Start sampling in parallel...
Workflow e2e p99 latency (51 completed in 20.8s, parallel, 8 workers): 9.000s
Average stage latencies:
  - ml-image-processing: 0.105s
  - ml-object-detection: 0.350s
[info] total_requests: 1171
[info] e2e_latency (p99): 3.900 s
[info] energy_j: 8419.346923 J
[info] served_rps: 54.60 req/s
[info]: start_time: 1767851081.731, end_time: 1767851102.531, duration_s: 20.80 s
[info] energy_cost: 7.189878 J/request
[info] average power: 404.776295 W
[info] Locust stopped
================================================================================
objective      : energy
resource_config: [{'cpu_m': 570, 'memory_mi': 62}, {'cpu_m': 3024, 'memory_mi': 493}], latencies: {'ml-image-processing': 0.1047650002549554, 'ml-object-detection': 0.34960029771291584}, price_cost: 195.424807, energy_cost: 7.189878, latency_p99 : 3.900000, feasible: False, total_requests: 1171, served_rps: 54.60, total_energy_j: 8419.346923 J, profiling_duration_s: 20.800000s, average_power: 404.776295 W
wall_time_s    : 107.163
================================================================================

Updating function ml-image-processing to cpu: 462m, memory: 52Mi
Updating Deployment resource configuration...

Updating function ml-object-detection to cpu: 1631m, memory: 496Mi
Updating Deployment resource configuration...

[info] Original replicas=24, selector='environmentName=ml-image-processing,environmentNamespace=default,environmentUid=2449fff4-7632-422c-aa00-519fcb194e26,executorType=newdeploy,functionName=ml-image-processing,functionNamespace=default,functionUid=58487e4a-0036-4ccd-8b22-c7f0f2d6d72b'
[info] Original replicas=73, selector='environmentName=yolo,environmentNamespace=default,environmentUid=ced8af41-455b-4081-99aa-1700c0092126,executorType=newdeploy,functionName=ml-object-detection,functionNamespace=default,functionUid=182005a6-ad76-40e9-9ecd-2fb10570ca05'
[ok] Patched Deployment resources
[ok] Patched Deployment resources
[ok] Verified Deployment template resources: requests={'cpu': '300m', 'memory': '50Mi'} limits={'cpu': '462m', 'memory': '52Mi'}
[info] Scaling deployment to 0 replicas to force full pod replacement
[ok] Verified Deployment template resources: requests={'cpu': '1500m', 'memory': '400Mi'} limits={'cpu': '1631m', 'memory': '496Mi'}
[info] Scaling deployment to 0 replicas to force full pod replacement
[ok] All pods terminated (replicas=0)
[info] Scaling deployment back to 24 replicas
[ok] All pods terminated (replicas=0)
[info] Scaling deployment back to 73 replicas
[ok] Deleted HPA newdeploy-ml-object-detection-default-9ecd-2fb10570ca05
[ok] Rollout completed after scale-to-zero
[verify] newest RS=newdeploy-ml-image-processing-default-8b22-c7f0f2d6d72b-58866cf7cc pods=24 ready=24
[ok] Verified newest ReplicaSet template resources match expected
[ok] Rollout completed after scale-to-zero
[verify] newest RS=newdeploy-ml-object-detection-default-9ecd-2fb10570ca05-67f64b4f4f pods=73 ready=73
[ok] Verified newest ReplicaSet template resources match expected
[info] Started Locust with PID 598255
[info] attempt=1: start sleep for 20s
[info] attempt=1: sleep done
\Start sampling in parallel...
Workflow e2e p99 latency (34 completed in 20.8s, parallel, 8 workers): 9.000s
Average stage latencies:
  - ml-image-processing: 0.119s
  - ml-object-detection: 0.737s
[info] total_requests: 827
[info] e2e_latency (p99): 4.000 s
[info] energy_j: 6719.178570 J
[info] served_rps: 37.10 req/s
[info]: start_time: 1767851187.431, end_time: 1767851208.231, duration_s: 20.80 s
[info] energy_cost: 8.124762 J/request
[info] average power: 323.037432 W
[info] Locust stopped
================================================================================
objective      : energy
resource_config: [{'cpu_m': 462, 'memory_mi': 52}, {'cpu_m': 1631, 'memory_mi': 496}], latencies: {'ml-image-processing': 0.11948199074884708, 'ml-object-detection': 0.7373046215454285}, price_cost: 222.164370, energy_cost: 8.124762, latency_p99 : 4.000000, feasible: False, total_requests: 827, served_rps: 37.10, total_energy_j: 6719.178570 J, profiling_duration_s: 20.800000s, average_power: 323.037432 W
wall_time_s    : 105.716
================================================================================

Starting fresh (no checkpoint at bo_model_energy_20260108_052952.pt).
  initial_points = 10
  running_batches = 10
  initial_best_feasible_cost = 6.283738658700522
  initial_best_constraint = -1.500
  initial_best_resource_config = [{'cpu_m': 616, 'memory_mi': 50}, {'cpu_m': 5927, 'memory_mi': 414}]
  time_taken_for_init = 1020.09 seconds
/home/cc/miniconda3/envs/faas/lib/python3.10/site-packages/botorch/acquisition/monte_carlo.py:502: NumericsWarning: qNoisyExpectedImprovement has known numerical issues that lead to suboptimal optimization performance. It is strongly recommended to simply replace

	 qNoisyExpectedImprovement 	 --> 	 qLogNoisyExpectedImprovement 

instead, which fixes the issues and has the same API. See https://arxiv.org/abs/2310.20708 for details.
  legacy_ei_numerics_warning(legacy_name=type(self).__name__)
Updating function ml-image-processing to cpu: 754m, memory: 50Mi
Updating Deployment resource configuration...

Updating function ml-object-detection to cpu: 6000m, memory: 400Mi
Updating Deployment resource configuration...

[info] Original replicas=24, selector='environmentName=ml-image-processing,environmentNamespace=default,environmentUid=2449fff4-7632-422c-aa00-519fcb194e26,executorType=newdeploy,functionName=ml-image-processing,functionNamespace=default,functionUid=58487e4a-0036-4ccd-8b22-c7f0f2d6d72b'
[info] Original replicas=73, selector='environmentName=yolo,environmentNamespace=default,environmentUid=ced8af41-455b-4081-99aa-1700c0092126,executorType=newdeploy,functionName=ml-object-detection,functionNamespace=default,functionUid=182005a6-ad76-40e9-9ecd-2fb10570ca05'
[ok] Patched Deployment resources
[ok] Patched Deployment resources
[ok] Verified Deployment template resources: requests={'cpu': '300m', 'memory': '50Mi'} limits={'cpu': '754m', 'memory': '50Mi'}
[info] Scaling deployment to 0 replicas to force full pod replacement
[ok] Verified Deployment template resources: requests={'cpu': '1500m', 'memory': '400Mi'} limits={'cpu': '6', 'memory': '400Mi'}
[info] Scaling deployment to 0 replicas to force full pod replacement
[ok] All pods terminated (replicas=0)
[info] Scaling deployment back to 24 replicas
[ok] All pods terminated (replicas=0)
[info] Scaling deployment back to 73 replicas
[ok] Deleted HPA newdeploy-ml-object-detection-default-9ecd-2fb10570ca05
[ok] Rollout completed after scale-to-zero
[verify] newest RS=newdeploy-ml-image-processing-default-8b22-c7f0f2d6d72b-68577b6c4f pods=24 ready=24
[ok] Verified newest ReplicaSet template resources match expected
[ok] Rollout completed after scale-to-zero
[verify] newest RS=newdeploy-ml-object-detection-default-9ecd-2fb10570ca05-65fbbc4f7 pods=73 ready=73
[ok] Verified newest ReplicaSet template resources match expected
[info] Started Locust with PID 608917
[info] attempt=1: start sleep for 20s
[info] attempt=1: sleep done
\Start sampling in parallel...
Workflow e2e p99 latency (74 completed in 16.7s, parallel, 8 workers): 1.195s
Average stage latencies:
  - ml-image-processing: 0.124s
  - ml-object-detection: 0.188s
[info] poll_locust_row: failed to load, try again
[info] poll_locust_row: failed to load, try again
[info] total_requests: 1373
[info] e2e_latency (p99): 1.200 s
[info] energy_j: 8583.543943 J
[info] served_rps: 76.30 req/s
[info]: start_time: 1767851294.631, end_time: 1767851311.331, duration_s: 16.70 s
[info] energy_cost: 6.251671 J/request
[info] average power: 513.984666 W
[info] Locust stopped
================================================================================
objective      : energy
resource_config: [{'cpu_m': 754, 'memory_mi': 50}, {'cpu_m': 6000, 'memory_mi': 400}], latencies: {'ml-image-processing': 0.12421204561266948, 'ml-object-detection': 0.18807158133996701}, price_cost: 212.422472, energy_cost: 6.251671, latency_p99 : 1.200000, feasible: True, total_requests: 1373, served_rps: 76.30, total_energy_j: 8583.543943 J, profiling_duration_s: 16.700000s, average_power: 513.984666 W
wall_time_s    : 102.499
================================================================================

Updating function ml-image-processing to cpu: 759m, memory: 52Mi
Updating Deployment resource configuration...

Updating function ml-object-detection to cpu: 3263m, memory: 431Mi
Updating Deployment resource configuration...

[info] Original replicas=24, selector='environmentName=ml-image-processing,environmentNamespace=default,environmentUid=2449fff4-7632-422c-aa00-519fcb194e26,executorType=newdeploy,functionName=ml-image-processing,functionNamespace=default,functionUid=58487e4a-0036-4ccd-8b22-c7f0f2d6d72b'
[info] Original replicas=73, selector='environmentName=yolo,environmentNamespace=default,environmentUid=ced8af41-455b-4081-99aa-1700c0092126,executorType=newdeploy,functionName=ml-object-detection,functionNamespace=default,functionUid=182005a6-ad76-40e9-9ecd-2fb10570ca05'
[ok] Patched Deployment resources
[ok] Patched Deployment resources
[ok] Verified Deployment template resources: requests={'cpu': '300m', 'memory': '50Mi'} limits={'cpu': '759m', 'memory': '52Mi'}
[info] Scaling deployment to 0 replicas to force full pod replacement
[ok] Verified Deployment template resources: requests={'cpu': '1500m', 'memory': '400Mi'} limits={'cpu': '3263m', 'memory': '431Mi'}
[info] Scaling deployment to 0 replicas to force full pod replacement
[ok] All pods terminated (replicas=0)
[info] Scaling deployment back to 24 replicas
[ok] All pods terminated (replicas=0)
[info] Scaling deployment back to 73 replicas
[ok] Rollout completed after scale-to-zero
[verify] newest RS=newdeploy-ml-image-processing-default-8b22-c7f0f2d6d72b-75b5d89455 pods=24 ready=24
[ok] Verified newest ReplicaSet template resources match expected
[ok] Rollout completed after scale-to-zero
[verify] newest RS=newdeploy-ml-object-detection-default-9ecd-2fb10570ca05-7bb8bdcb68 pods=73 ready=73
[ok] Verified newest ReplicaSet template resources match expected
[info] Started Locust with PID 618604
[info] attempt=1: start sleep for 20s
[info] attempt=1: sleep done
\Start sampling in parallel...
Workflow e2e p99 latency (49 completed in 21.4s, parallel, 8 workers): 9.000s
Average stage latencies:
  - ml-image-processing: 0.096s
  - ml-object-detection: 0.328s
[info] total_requests: 1236
[info] e2e_latency (p99): 3.800 s
[info] energy_j: 8976.373818 J
[info] served_rps: 57.50 req/s
[info]: start_time: 1767851387.431, end_time: 1767851408.831, duration_s: 21.40 s
[info] energy_cost: 7.262438 J/request
[info] average power: 419.456719 W
[info] Locust stopped
================================================================================
objective      : energy
resource_config: [{'cpu_m': 759, 'memory_mi': 52}, {'cpu_m': 3263, 'memory_mi': 431}], latencies: {'ml-image-processing': 0.09584619793550749, 'ml-object-detection': 0.32811280773756535}, price_cost: 199.605356, energy_cost: 7.262438, latency_p99 : 3.800000, feasible: False, total_requests: 1236, served_rps: 57.50, total_energy_j: 8976.373818 J, profiling_duration_s: 21.400000s, average_power: 419.456719 W
wall_time_s    : 96.513
================================================================================

Updating function ml-image-processing to cpu: 777m, memory: 50Mi
Updating Deployment resource configuration...

Updating function ml-object-detection to cpu: 6000m, memory: 431Mi
Updating Deployment resource configuration...

[info] Original replicas=24, selector='environmentName=ml-image-processing,environmentNamespace=default,environmentUid=2449fff4-7632-422c-aa00-519fcb194e26,executorType=newdeploy,functionName=ml-image-processing,functionNamespace=default,functionUid=58487e4a-0036-4ccd-8b22-c7f0f2d6d72b'
[info] Original replicas=73, selector='environmentName=yolo,environmentNamespace=default,environmentUid=ced8af41-455b-4081-99aa-1700c0092126,executorType=newdeploy,functionName=ml-object-detection,functionNamespace=default,functionUid=182005a6-ad76-40e9-9ecd-2fb10570ca05'
[ok] Patched Deployment resources
[ok] Patched Deployment resources
[ok] Verified Deployment template resources: requests={'cpu': '300m', 'memory': '50Mi'} limits={'cpu': '777m', 'memory': '50Mi'}
[info] Scaling deployment to 0 replicas to force full pod replacement
[ok] Verified Deployment template resources: requests={'cpu': '1500m', 'memory': '400Mi'} limits={'cpu': '6', 'memory': '431Mi'}
[info] Scaling deployment to 0 replicas to force full pod replacement
[ok] All pods terminated (replicas=0)
[info] Scaling deployment back to 24 replicas
[ok] All pods terminated (replicas=0)
[info] Scaling deployment back to 73 replicas
[ok] Deleted HPA newdeploy-ml-object-detection-default-9ecd-2fb10570ca05
[ok] Rollout completed after scale-to-zero
[verify] newest RS=newdeploy-ml-image-processing-default-8b22-c7f0f2d6d72b-6699765cf pods=24 ready=24
[ok] Verified newest ReplicaSet template resources match expected
[ok] Rollout completed after scale-to-zero
[verify] newest RS=newdeploy-ml-object-detection-default-9ecd-2fb10570ca05-6f59d6b475 pods=73 ready=73
[ok] Verified newest ReplicaSet template resources match expected
[info] Started Locust with PID 628594
[info] attempt=1: start sleep for 20s
[info] attempt=1: sleep done
\Start sampling in parallel...
Workflow e2e p99 latency (75 completed in 16.7s, parallel, 8 workers): 1.231s
Average stage latencies:
  - ml-image-processing: 0.120s
  - ml-object-detection: 0.200s
[info] poll_locust_row: failed to load, try again
[info] poll_locust_row: failed to load, try again
[info] total_requests: 1378
[info] e2e_latency (p99): 1.200 s
[info] energy_j: 8617.328500 J
[info] served_rps: 76.40 req/s
[info]: start_time: 1767851493.531, end_time: 1767851510.231, duration_s: 16.70 s
[info] energy_cost: 6.253504 J/request
[info] average power: 516.007693 W
[info] Locust stopped
================================================================================
objective      : energy
resource_config: [{'cpu_m': 777, 'memory_mi': 50}, {'cpu_m': 6000, 'memory_mi': 431}], latencies: {'ml-image-processing': 0.11990742360552152, 'ml-object-detection': 0.20044141940772534}, price_cost: 225.312612, energy_cost: 6.253504, latency_p99 : 1.200000, feasible: True, total_requests: 1378, served_rps: 76.40, total_energy_j: 8617.328500 J, profiling_duration_s: 16.700000s, average_power: 516.007693 W
wall_time_s    : 102.440
================================================================================

================================================================================

Batch  1: best_feasible_cost (random, qNEI) = (6.283738658700522, 6.25167075236708), best_constraint =  -1.800 (<=0 feasible), time = 303.05.
Best feasible resource configuration: [{'cpu_m': 754, 'memory_mi': 50}, {'cpu_m': 6000, 'memory_mi': 400}]

================================================================================
/home/cc/miniconda3/envs/faas/lib/python3.10/site-packages/botorch/acquisition/monte_carlo.py:502: NumericsWarning: qNoisyExpectedImprovement has known numerical issues that lead to suboptimal optimization performance. It is strongly recommended to simply replace

	 qNoisyExpectedImprovement 	 --> 	 qLogNoisyExpectedImprovement 

instead, which fixes the issues and has the same API. See https://arxiv.org/abs/2310.20708 for details.
  legacy_ei_numerics_warning(legacy_name=type(self).__name__)
Updating function ml-image-processing to cpu: 300m, memory: 64Mi
Updating Deployment resource configuration...

Updating function ml-object-detection to cpu: 5333m, memory: 512Mi
Updating Deployment resource configuration...

[info] Original replicas=73, selector='environmentName=yolo,environmentNamespace=default,environmentUid=ced8af41-455b-4081-99aa-1700c0092126,executorType=newdeploy,functionName=ml-object-detection,functionNamespace=default,functionUid=182005a6-ad76-40e9-9ecd-2fb10570ca05'
[info] Original replicas=24, selector='environmentName=ml-image-processing,environmentNamespace=default,environmentUid=2449fff4-7632-422c-aa00-519fcb194e26,executorType=newdeploy,functionName=ml-image-processing,functionNamespace=default,functionUid=58487e4a-0036-4ccd-8b22-c7f0f2d6d72b'
[ok] Patched Deployment resources
[ok] Patched Deployment resources
[ok] Verified Deployment template resources: requests={'cpu': '300m', 'memory': '50Mi'} limits={'cpu': '300m', 'memory': '64Mi'}
[info] Scaling deployment to 0 replicas to force full pod replacement
[ok] Verified Deployment template resources: requests={'cpu': '1500m', 'memory': '400Mi'} limits={'cpu': '5333m', 'memory': '512Mi'}
[info] Scaling deployment to 0 replicas to force full pod replacement
[ok] All pods terminated (replicas=0)
[info] Scaling deployment back to 24 replicas
[ok] All pods terminated (replicas=0)
[info] Scaling deployment back to 73 replicas
[ok] Rollout completed after scale-to-zero
[verify] newest RS=newdeploy-ml-image-processing-default-8b22-c7f0f2d6d72b-769bbfc487 pods=24 ready=24
[ok] Verified newest ReplicaSet template resources match expected
[ok] Rollout completed after scale-to-zero
[verify] newest RS=newdeploy-ml-object-detection-default-9ecd-2fb10570ca05-c77696b88 pods=73 ready=73
[ok] Verified newest ReplicaSet template resources match expected
[info] Started Locust with PID 638478
[info] attempt=1: start sleep for 20s
[info] attempt=1: sleep done
\Start sampling in parallel...
Workflow e2e p99 latency (54 completed in 16.3s, parallel, 8 workers): 3.108s
Average stage latencies:
  - ml-image-processing: 0.302s
  - ml-object-detection: 0.187s
[info] poll_locust_row: failed to load, try again
[info] poll_locust_row: failed to load, try again
[info] poll_locust_row: failed to load, try again
[info] total_requests: 959
[info] e2e_latency (p99): 2.900 s
[info] energy_j: 7091.758639 J
[info] served_rps: 56.40 req/s
[info]: start_time: 1767851591.831, end_time: 1767851608.031, duration_s: 16.20 s
[info] energy_cost: 7.394952 J/request
[info] average power: 437.762884 W
[info] Locust stopped
================================================================================
objective      : energy
resource_config: [{'cpu_m': 300, 'memory_mi': 64}, {'cpu_m': 5333, 'memory_mi': 512}], latencies: {'ml-image-processing': 0.3023199671275776, 'ml-object-detection': 0.1873518255090824}, price_cost: 189.960740, energy_cost: 7.394952, latency_p99 : 2.900000, feasible: True, total_requests: 959, served_rps: 56.40, total_energy_j: 7091.758639 J, profiling_duration_s: 16.200000s, average_power: 437.762884 W
wall_time_s    : 96.736
================================================================================

Updating function ml-image-processing to cpu: 800m, memory: 53Mi
Updating Deployment resource configuration...

Updating function ml-object-detection to cpu: 6000m, memory: 512Mi
Updating Deployment resource configuration...

[info] Original replicas=73, selector='environmentName=yolo,environmentNamespace=default,environmentUid=ced8af41-455b-4081-99aa-1700c0092126,executorType=newdeploy,functionName=ml-object-detection,functionNamespace=default,functionUid=182005a6-ad76-40e9-9ecd-2fb10570ca05'
[info] Original replicas=24, selector='environmentName=ml-image-processing,environmentNamespace=default,environmentUid=2449fff4-7632-422c-aa00-519fcb194e26,executorType=newdeploy,functionName=ml-image-processing,functionNamespace=default,functionUid=58487e4a-0036-4ccd-8b22-c7f0f2d6d72b'
[ok] Patched Deployment resources
[ok] Patched Deployment resources
[ok] Verified Deployment template resources: requests={'cpu': '1500m', 'memory': '400Mi'} limits={'cpu': '6', 'memory': '512Mi'}
[info] Scaling deployment to 0 replicas to force full pod replacement
[ok] Verified Deployment template resources: requests={'cpu': '300m', 'memory': '50Mi'} limits={'cpu': '800m', 'memory': '53Mi'}
[info] Scaling deployment to 0 replicas to force full pod replacement
[ok] All pods terminated (replicas=0)
[info] Scaling deployment back to 24 replicas
[ok] All pods terminated (replicas=0)
[info] Scaling deployment back to 73 replicas
[ok] Rollout completed after scale-to-zero
[verify] newest RS=newdeploy-ml-image-processing-default-8b22-c7f0f2d6d72b-868797bc8b pods=24 ready=24
[ok] Verified newest ReplicaSet template resources match expected
[ok] Rollout completed after scale-to-zero
[verify] newest RS=newdeploy-ml-object-detection-default-9ecd-2fb10570ca05-55c69597d5 pods=73 ready=73
[ok] Verified newest ReplicaSet template resources match expected
[info] Started Locust with PID 648357
[info] attempt=1: start sleep for 20s
[info] attempt=1: sleep done
\Start sampling in parallel...
Workflow e2e p99 latency (73 completed in 16.6s, parallel, 8 workers): 1.198s
Average stage latencies:
  - ml-image-processing: 0.131s
  - ml-object-detection: 0.198s
[info] poll_locust_row: failed to load, try again
[info] poll_locust_row: failed to load, try again
[info] total_requests: 1281
[info] e2e_latency (p99): 1.200 s
[info] energy_j: 8584.100411 J
[info] served_rps: 74.60 req/s
[info]: start_time: 1767851689.931, end_time: 1767851706.531, duration_s: 16.60 s
[info] energy_cost: 6.701093 J/request
[info] average power: 517.114486 W
[info] Locust stopped
================================================================================
objective      : energy
resource_config: [{'cpu_m': 800, 'memory_mi': 53}, {'cpu_m': 6000, 'memory_mi': 512}], latencies: {'ml-image-processing': 0.1305104730944213, 'ml-object-detection': 0.19751698785933525}, price_cost: 224.414246, energy_cost: 6.701093, latency_p99 : 1.200000, feasible: True, total_requests: 1281, served_rps: 74.60, total_energy_j: 8584.100411 J, profiling_duration_s: 16.600000s, average_power: 517.114486 W
wall_time_s    : 97.930
================================================================================

Updating function ml-image-processing to cpu: 800m, memory: 51Mi
Updating Deployment resource configuration...

Updating function ml-object-detection to cpu: 6000m, memory: 400Mi
Updating Deployment resource configuration...

[info] Original replicas=24, selector='environmentName=ml-image-processing,environmentNamespace=default,environmentUid=2449fff4-7632-422c-aa00-519fcb194e26,executorType=newdeploy,functionName=ml-image-processing,functionNamespace=default,functionUid=58487e4a-0036-4ccd-8b22-c7f0f2d6d72b'
[info] Original replicas=73, selector='environmentName=yolo,environmentNamespace=default,environmentUid=ced8af41-455b-4081-99aa-1700c0092126,executorType=newdeploy,functionName=ml-object-detection,functionNamespace=default,functionUid=182005a6-ad76-40e9-9ecd-2fb10570ca05'
[ok] Patched Deployment resources
[ok] Patched Deployment resources
[ok] Verified Deployment template resources: requests={'cpu': '300m', 'memory': '50Mi'} limits={'cpu': '800m', 'memory': '51Mi'}
[info] Scaling deployment to 0 replicas to force full pod replacement
[ok] Verified Deployment template resources: requests={'cpu': '1500m', 'memory': '400Mi'} limits={'cpu': '6', 'memory': '400Mi'}
[info] Scaling deployment to 0 replicas to force full pod replacement
[ok] All pods terminated (replicas=0)
[info] Scaling deployment back to 24 replicas
[ok] All pods terminated (replicas=0)
[info] Scaling deployment back to 73 replicas
[ok] Rollout completed after scale-to-zero
[verify] newest RS=newdeploy-ml-image-processing-default-8b22-c7f0f2d6d72b-597df6c44c pods=24 ready=24
[ok] Verified newest ReplicaSet template resources match expected
[ok] Rollout completed after scale-to-zero
[verify] newest RS=newdeploy-ml-object-detection-default-9ecd-2fb10570ca05-65fbbc4f7 pods=73 ready=73
[ok] Verified newest ReplicaSet template resources match expected
[info] Started Locust with PID 658005
[info] attempt=1: start sleep for 20s
[info] attempt=1: sleep done
\Start sampling in parallel...
Workflow e2e p99 latency (74 completed in 16.9s, parallel, 8 workers): 1.295s
Average stage latencies:
  - ml-image-processing: 0.117s
  - ml-object-detection: 0.202s
[info] poll_locust_row: failed to load, try again
[info] poll_locust_row: failed to load, try again
[info] total_requests: 1378
[info] e2e_latency (p99): 1.300 s
[info] energy_j: 8785.925796 J
[info] served_rps: 76.10 req/s
[info]: start_time: 1767851790.231, end_time: 1767851807.231, duration_s: 17.00 s
[info] energy_cost: 6.375853 J/request
[info] average power: 516.819164 W
[info] Locust stopped
================================================================================
objective      : energy
resource_config: [{'cpu_m': 800, 'memory_mi': 51}, {'cpu_m': 6000, 'memory_mi': 400}], latencies: {'ml-image-processing': 0.11673574449771361, 'ml-object-detection': 0.20180583755938789}, price_cost: 226.696799, energy_cost: 6.375853, latency_p99 : 1.300000, feasible: True, total_requests: 1378, served_rps: 76.10, total_energy_j: 8785.925796 J, profiling_duration_s: 17.000000s, average_power: 516.819164 W
wall_time_s    : 100.711
================================================================================

================================================================================

Batch  2: best_feasible_cost (random, qNEI) = (6.283738658700522, 6.25167075236708), best_constraint =  -1.800 (<=0 feasible), time = 296.95.
Best feasible resource configuration: [{'cpu_m': 754, 'memory_mi': 50}, {'cpu_m': 6000, 'memory_mi': 400}]

================================================================================
/home/cc/miniconda3/envs/faas/lib/python3.10/site-packages/botorch/acquisition/monte_carlo.py:502: NumericsWarning: qNoisyExpectedImprovement has known numerical issues that lead to suboptimal optimization performance. It is strongly recommended to simply replace

	 qNoisyExpectedImprovement 	 --> 	 qLogNoisyExpectedImprovement 

instead, which fixes the issues and has the same API. See https://arxiv.org/abs/2310.20708 for details.
  legacy_ei_numerics_warning(legacy_name=type(self).__name__)
Updating function ml-image-processing to cpu: 800m, memory: 50Mi
Updating Deployment resource configuration...

Updating function ml-object-detection to cpu: 5595m, memory: 512Mi
Updating Deployment resource configuration...

[info] Original replicas=24, selector='environmentName=ml-image-processing,environmentNamespace=default,environmentUid=2449fff4-7632-422c-aa00-519fcb194e26,executorType=newdeploy,functionName=ml-image-processing,functionNamespace=default,functionUid=58487e4a-0036-4ccd-8b22-c7f0f2d6d72b'
[info] Original replicas=73, selector='environmentName=yolo,environmentNamespace=default,environmentUid=ced8af41-455b-4081-99aa-1700c0092126,executorType=newdeploy,functionName=ml-object-detection,functionNamespace=default,functionUid=182005a6-ad76-40e9-9ecd-2fb10570ca05'
[ok] Patched Deployment resources
[ok] Patched Deployment resources
[ok] Verified Deployment template resources: requests={'cpu': '1500m', 'memory': '400Mi'} limits={'cpu': '5595m', 'memory': '512Mi'}
[info] Scaling deployment to 0 replicas to force full pod replacement
[ok] Verified Deployment template resources: requests={'cpu': '300m', 'memory': '50Mi'} limits={'cpu': '800m', 'memory': '50Mi'}
[info] Scaling deployment to 0 replicas to force full pod replacement
[ok] All pods terminated (replicas=0)
[info] Scaling deployment back to 24 replicas
[ok] All pods terminated (replicas=0)
[info] Scaling deployment back to 73 replicas
[ok] Rollout completed after scale-to-zero
[verify] newest RS=newdeploy-ml-image-processing-default-8b22-c7f0f2d6d72b-57744d58c7 pods=24 ready=24
[ok] Verified newest ReplicaSet template resources match expected
[ok] Rollout completed after scale-to-zero
[verify] newest RS=newdeploy-ml-object-detection-default-9ecd-2fb10570ca05-7df884797b pods=73 ready=73
[ok] Verified newest ReplicaSet template resources match expected
[info] Started Locust with PID 668125
[info] attempt=1: start sleep for 20s
[info] attempt=1: sleep done
\Start sampling in parallel...
Workflow e2e p99 latency (69 completed in 16.7s, parallel, 8 workers): 2.984s
Average stage latencies:
  - ml-image-processing: 0.115s
  - ml-object-detection: 0.237s
[info] poll_locust_row: failed to load, try again
[info] poll_locust_row: failed to load, try again
[info] total_requests: 1309
[info] e2e_latency (p99): 3.000 s
[info] energy_j: 8349.849571 J
[info] served_rps: 71.10 req/s
[info]: start_time: 1767851891.031, end_time: 1767851907.731, duration_s: 16.70 s
[info] energy_cost: 6.378800 J/request
[info] average power: 499.990991 W
[info] Locust stopped
================================================================================
objective      : energy
resource_config: [{'cpu_m': 800, 'memory_mi': 50}, {'cpu_m': 5595, 'memory_mi': 512}], latencies: {'ml-image-processing': 0.11488857551518342, 'ml-object-detection': 0.2373059619407075}, price_cost: 247.162440, energy_cost: 6.378800, latency_p99 : 3.000000, feasible: True, total_requests: 1309, served_rps: 71.10, total_energy_j: 8349.849571 J, profiling_duration_s: 16.700000s, average_power: 499.990991 W
wall_time_s    : 99.374
================================================================================

Updating function ml-image-processing to cpu: 800m, memory: 60Mi
Updating Deployment resource configuration...

Updating function ml-object-detection to cpu: 6000m, memory: 400Mi
Updating Deployment resource configuration...

[info] Original replicas=24, selector='environmentName=ml-image-processing,environmentNamespace=default,environmentUid=2449fff4-7632-422c-aa00-519fcb194e26,executorType=newdeploy,functionName=ml-image-processing,functionNamespace=default,functionUid=58487e4a-0036-4ccd-8b22-c7f0f2d6d72b'
[info] Original replicas=73, selector='environmentName=yolo,environmentNamespace=default,environmentUid=ced8af41-455b-4081-99aa-1700c0092126,executorType=newdeploy,functionName=ml-object-detection,functionNamespace=default,functionUid=182005a6-ad76-40e9-9ecd-2fb10570ca05'
[ok] Patched Deployment resources
[ok] Patched Deployment resources
[ok] Verified Deployment template resources: requests={'cpu': '300m', 'memory': '50Mi'} limits={'cpu': '800m', 'memory': '60Mi'}
[info] Scaling deployment to 0 replicas to force full pod replacement
[ok] Verified Deployment template resources: requests={'cpu': '1500m', 'memory': '400Mi'} limits={'cpu': '6', 'memory': '400Mi'}
[info] Scaling deployment to 0 replicas to force full pod replacement
[ok] All pods terminated (replicas=0)
[info] Scaling deployment back to 24 replicas
[ok] All pods terminated (replicas=0)
[info] Scaling deployment back to 73 replicas
[ok] Rollout completed after scale-to-zero
[verify] newest RS=newdeploy-ml-image-processing-default-8b22-c7f0f2d6d72b-644d6d9684 pods=24 ready=24
[ok] Verified newest ReplicaSet template resources match expected
[ok] Rollout completed after scale-to-zero
[verify] newest RS=newdeploy-ml-object-detection-default-9ecd-2fb10570ca05-65fbbc4f7 pods=73 ready=73
[ok] Verified newest ReplicaSet template resources match expected
[info] Started Locust with PID 678085
[info] attempt=1: start sleep for 20s
[info] attempt=1: sleep done
\Start sampling in parallel...
Workflow e2e p99 latency (72 completed in 16.3s, parallel, 8 workers): 1.921s
Average stage latencies:
  - ml-image-processing: 0.119s
  - ml-object-detection: 0.203s
[info] poll_locust_row: failed to load, try again
[info] poll_locust_row: failed to load, try again
[info] poll_locust_row: failed to load, try again
[info] total_requests: 1353
[info] e2e_latency (p99): 1.200 s
[info] energy_j: 8498.089056 J
[info] served_rps: 76.70 req/s
[info]: start_time: 1767851994.831, end_time: 1767852011.231, duration_s: 16.40 s
[info] energy_cost: 6.280923 J/request
[info] average power: 518.176166 W
[info] Locust stopped
================================================================================
objective      : energy
resource_config: [{'cpu_m': 800, 'memory_mi': 60}, {'cpu_m': 6000, 'memory_mi': 400}], latencies: {'ml-image-processing': 0.11861120620354389, 'ml-object-detection': 0.20256959655994755}, price_cost: 227.767210, energy_cost: 6.280923, latency_p99 : 1.200000, feasible: True, total_requests: 1353, served_rps: 76.70, total_energy_j: 8498.089056 J, profiling_duration_s: 16.400000s, average_power: 518.176166 W
wall_time_s    : 103.926
================================================================================

Updating function ml-image-processing to cpu: 452m, memory: 52Mi
Updating Deployment resource configuration...

Updating function ml-object-detection to cpu: 1797m, memory: 483Mi
Updating Deployment resource configuration...

[info] Original replicas=73, selector='environmentName=yolo,environmentNamespace=default,environmentUid=ced8af41-455b-4081-99aa-1700c0092126,executorType=newdeploy,functionName=ml-object-detection,functionNamespace=default,functionUid=182005a6-ad76-40e9-9ecd-2fb10570ca05'
[info] Original replicas=24, selector='environmentName=ml-image-processing,environmentNamespace=default,environmentUid=2449fff4-7632-422c-aa00-519fcb194e26,executorType=newdeploy,functionName=ml-image-processing,functionNamespace=default,functionUid=58487e4a-0036-4ccd-8b22-c7f0f2d6d72b'
[ok] Patched Deployment resources
[ok] Patched Deployment resources
[ok] Verified Deployment template resources: requests={'cpu': '300m', 'memory': '50Mi'} limits={'cpu': '452m', 'memory': '52Mi'}
[info] Scaling deployment to 0 replicas to force full pod replacement
[ok] Verified Deployment template resources: requests={'cpu': '1500m', 'memory': '400Mi'} limits={'cpu': '1797m', 'memory': '483Mi'}
[info] Scaling deployment to 0 replicas to force full pod replacement
[ok] All pods terminated (replicas=0)
[info] Scaling deployment back to 24 replicas
[ok] All pods terminated (replicas=0)
[info] Scaling deployment back to 73 replicas
[ok] Rollout completed after scale-to-zero
[verify] newest RS=newdeploy-ml-image-processing-default-8b22-c7f0f2d6d72b-7b587bcd55 pods=24 ready=24
[ok] Verified newest ReplicaSet template resources match expected
[ok] Rollout completed after scale-to-zero
[verify] newest RS=newdeploy-ml-object-detection-default-9ecd-2fb10570ca05-775cbff775 pods=73 ready=73
[ok] Verified newest ReplicaSet template resources match expected
[info] Started Locust with PID 687726
[info] attempt=1: start sleep for 20s
[info] attempt=1: sleep done
\Start sampling in parallel...
Workflow e2e p99 latency (34 completed in 21.7s, parallel, 8 workers): 9.000s
Average stage latencies:
  - ml-image-processing: 0.147s
  - ml-object-detection: 0.725s
[info] poll_locust_row: failed to load, try again
[info] poll_locust_row: failed to load, try again
[info] total_requests: 832
[info] e2e_latency (p99): 4.000 s
[info] energy_j: 7018.602569 J
[info] served_rps: 38.70 req/s
[info]: start_time: 1767852093.731, end_time: 1767852115.431, duration_s: 21.70 s
[info] energy_cost: 8.435820 J/request
[info] average power: 323.437906 W
[info] Locust stopped
================================================================================
objective      : energy
resource_config: [{'cpu_m': 452, 'memory_mi': 52}, {'cpu_m': 1797, 'memory_mi': 483}], latencies: {'ml-image-processing': 0.147250004400987, 'ml-object-detection': 0.7249945618788756}, price_cost: 241.302697, energy_cost: 8.435820, latency_p99 : 4.000000, feasible: False, total_requests: 832, served_rps: 38.70, total_energy_j: 7018.602569 J, profiling_duration_s: 21.700000s, average_power: 323.437906 W
wall_time_s    : 103.734
================================================================================

================================================================================

Batch  3: best_feasible_cost (random, qNEI) = (6.283738658700522, 6.25167075236708), best_constraint =  -1.800 (<=0 feasible), time = 308.21.
Best feasible resource configuration: [{'cpu_m': 754, 'memory_mi': 50}, {'cpu_m': 6000, 'memory_mi': 400}]

================================================================================
/home/cc/miniconda3/envs/faas/lib/python3.10/site-packages/botorch/acquisition/monte_carlo.py:502: NumericsWarning: qNoisyExpectedImprovement has known numerical issues that lead to suboptimal optimization performance. It is strongly recommended to simply replace

	 qNoisyExpectedImprovement 	 --> 	 qLogNoisyExpectedImprovement 

instead, which fixes the issues and has the same API. See https://arxiv.org/abs/2310.20708 for details.
  legacy_ei_numerics_warning(legacy_name=type(self).__name__)
Updating function ml-image-processing to cpu: 635m, memory: 65Mi
Updating Deployment resource configuration...

Updating function ml-object-detection to cpu: 3119m, memory: 421Mi
Updating Deployment resource configuration...

[info] Original replicas=24, selector='environmentName=ml-image-processing,environmentNamespace=default,environmentUid=2449fff4-7632-422c-aa00-519fcb194e26,executorType=newdeploy,functionName=ml-image-processing,functionNamespace=default,functionUid=58487e4a-0036-4ccd-8b22-c7f0f2d6d72b'
[info] Original replicas=73, selector='environmentName=yolo,environmentNamespace=default,environmentUid=ced8af41-455b-4081-99aa-1700c0092126,executorType=newdeploy,functionName=ml-object-detection,functionNamespace=default,functionUid=182005a6-ad76-40e9-9ecd-2fb10570ca05'
[ok] Patched Deployment resources
[ok] Patched Deployment resources
[ok] Verified Deployment template resources: requests={'cpu': '1500m', 'memory': '400Mi'} limits={'cpu': '3119m', 'memory': '421Mi'}
[info] Scaling deployment to 0 replicas to force full pod replacement
[ok] Verified Deployment template resources: requests={'cpu': '300m', 'memory': '50Mi'} limits={'cpu': '635m', 'memory': '65Mi'}
[info] Scaling deployment to 0 replicas to force full pod replacement
[ok] All pods terminated (replicas=0)
[info] Scaling deployment back to 24 replicas
[ok] All pods terminated (replicas=0)
[info] Scaling deployment back to 73 replicas
[ok] Deleted HPA newdeploy-ml-object-detection-default-9ecd-2fb10570ca05
[ok] Rollout completed after scale-to-zero
[verify] newest RS=newdeploy-ml-image-processing-default-8b22-c7f0f2d6d72b-c789d5c87 pods=24 ready=24
[ok] Verified newest ReplicaSet template resources match expected
[ok] Rollout completed after scale-to-zero
[verify] newest RS=newdeploy-ml-object-detection-default-9ecd-2fb10570ca05-57949b48d7 pods=73 ready=73
[ok] Verified newest ReplicaSet template resources match expected
[info] Started Locust with PID 698297
[info] attempt=1: start sleep for 20s
[info] attempt=1: sleep done
\Start sampling in parallel...
Workflow e2e p99 latency (45 completed in 21.0s, parallel, 8 workers): 9.000s
Average stage latencies:
  - ml-image-processing: 0.103s
  - ml-object-detection: 0.336s
[info] total_requests: 1198
[info] e2e_latency (p99): 3.900 s
[info] energy_j: 8609.369672 J
[info] served_rps: 57.70 req/s
[info]: start_time: 1767852207.531, end_time: 1767852228.531, duration_s: 21.00 s
[info] energy_cost: 7.186452 J/request
[info] average power: 409.969984 W
[info] Locust stopped
================================================================================
objective      : energy
resource_config: [{'cpu_m': 635, 'memory_mi': 65}, {'cpu_m': 3119, 'memory_mi': 421}], latencies: {'ml-image-processing': 0.10313644599826897, 'ml-object-detection': 0.33576394054655206}, price_cost: 194.325056, energy_cost: 7.186452, latency_p99 : 3.900000, feasible: False, total_requests: 1198, served_rps: 57.70, total_energy_j: 8609.369672 J, profiling_duration_s: 21.000000s, average_power: 409.969984 W
wall_time_s    : 109.690
================================================================================

Updating function ml-image-processing to cpu: 800m, memory: 59Mi
Updating Deployment resource configuration...

Updating function ml-object-detection to cpu: 6000m, memory: 512Mi
Updating Deployment resource configuration...

[info] Original replicas=24, selector='environmentName=ml-image-processing,environmentNamespace=default,environmentUid=2449fff4-7632-422c-aa00-519fcb194e26,executorType=newdeploy,functionName=ml-image-processing,functionNamespace=default,functionUid=58487e4a-0036-4ccd-8b22-c7f0f2d6d72b'
[info] Original replicas=73, selector='environmentName=yolo,environmentNamespace=default,environmentUid=ced8af41-455b-4081-99aa-1700c0092126,executorType=newdeploy,functionName=ml-object-detection,functionNamespace=default,functionUid=182005a6-ad76-40e9-9ecd-2fb10570ca05'
[ok] Patched Deployment resources
[ok] Patched Deployment resources
[ok] Verified Deployment template resources: requests={'cpu': '1500m', 'memory': '400Mi'} limits={'cpu': '6', 'memory': '512Mi'}
[info] Scaling deployment to 0 replicas to force full pod replacement
[ok] Verified Deployment template resources: requests={'cpu': '300m', 'memory': '50Mi'} limits={'cpu': '800m', 'memory': '59Mi'}
[info] Scaling deployment to 0 replicas to force full pod replacement
[ok] All pods terminated (replicas=0)
[info] Scaling deployment back to 24 replicas
[ok] All pods terminated (replicas=0)
[info] Scaling deployment back to 73 replicas
[ok] Deleted HPA newdeploy-ml-object-detection-default-9ecd-2fb10570ca05
[ok] Rollout completed after scale-to-zero
[verify] newest RS=newdeploy-ml-image-processing-default-8b22-c7f0f2d6d72b-fb58bf88b pods=24 ready=24
[ok] Verified newest ReplicaSet template resources match expected
[ok] Rollout completed after scale-to-zero
[verify] newest RS=newdeploy-ml-object-detection-default-9ecd-2fb10570ca05-55c69597d5 pods=73 ready=73
[ok] Verified newest ReplicaSet template resources match expected
[info] Started Locust with PID 708318
[info] attempt=1: start sleep for 20s
[info] attempt=1: sleep done
\Start sampling in parallel...
Workflow e2e p99 latency (74 completed in 16.3s, parallel, 8 workers): 1.182s
Average stage latencies:
  - ml-image-processing: 0.118s
  - ml-object-detection: 0.201s
[info] poll_locust_row: failed to load, try again
[info] poll_locust_row: failed to load, try again
[info] poll_locust_row: failed to load, try again
[info] total_requests: 1312
[info] e2e_latency (p99): 1.200 s
[info] energy_j: 8406.957802 J
[info] served_rps: 74.80 req/s
[info]: start_time: 1767852310.831, end_time: 1767852327.131, duration_s: 16.30 s
[info] energy_cost: 6.407742 J/request
[info] average power: 515.764284 W
[info] Locust stopped
================================================================================
objective      : energy
resource_config: [{'cpu_m': 800, 'memory_mi': 59}, {'cpu_m': 6000, 'memory_mi': 512}], latencies: {'ml-image-processing': 0.1183526796993573, 'ml-object-detection': 0.20134819867215245}, price_cost: 226.733340, energy_cost: 6.407742, latency_p99 : 1.200000, feasible: True, total_requests: 1312, served_rps: 74.80, total_energy_j: 8406.957802 J, profiling_duration_s: 16.300000s, average_power: 515.764284 W
wall_time_s    : 100.106
================================================================================

Updating function ml-image-processing to cpu: 300m, memory: 61Mi
Updating Deployment resource configuration...

Updating function ml-object-detection to cpu: 6000m, memory: 400Mi
Updating Deployment resource configuration...

[info] Original replicas=24, selector='environmentName=ml-image-processing,environmentNamespace=default,environmentUid=2449fff4-7632-422c-aa00-519fcb194e26,executorType=newdeploy,functionName=ml-image-processing,functionNamespace=default,functionUid=58487e4a-0036-4ccd-8b22-c7f0f2d6d72b'
[info] Original replicas=73, selector='environmentName=yolo,environmentNamespace=default,environmentUid=ced8af41-455b-4081-99aa-1700c0092126,executorType=newdeploy,functionName=ml-object-detection,functionNamespace=default,functionUid=182005a6-ad76-40e9-9ecd-2fb10570ca05'
[ok] Patched Deployment resources
[ok] Patched Deployment resources
[ok] Verified Deployment template resources: requests={'cpu': '300m', 'memory': '50Mi'} limits={'cpu': '300m', 'memory': '61Mi'}
[info] Scaling deployment to 0 replicas to force full pod replacement
[ok] Verified Deployment template resources: requests={'cpu': '1500m', 'memory': '400Mi'} limits={'cpu': '6', 'memory': '400Mi'}
[info] Scaling deployment to 0 replicas to force full pod replacement
[ok] All pods terminated (replicas=0)
[info] Scaling deployment back to 24 replicas
[ok] All pods terminated (replicas=0)
[info] Scaling deployment back to 73 replicas
[ok] Rollout completed after scale-to-zero
[verify] newest RS=newdeploy-ml-image-processing-default-8b22-c7f0f2d6d72b-57fd7dbff9 pods=24 ready=24
[ok] Verified newest ReplicaSet template resources match expected
[ok] Rollout completed after scale-to-zero
[verify] newest RS=newdeploy-ml-object-detection-default-9ecd-2fb10570ca05-65fbbc4f7 pods=73 ready=73
[ok] Verified newest ReplicaSet template resources match expected
[info] Started Locust with PID 718663
[info] attempt=1: start sleep for 20s
[info] attempt=1: sleep done
\Start sampling in parallel...
Workflow e2e p99 latency (53 completed in 18.1s, parallel, 8 workers): 3.993s
Average stage latencies:
  - ml-image-processing: 0.291s
  - ml-object-detection: 0.155s
[info] total_requests: 1005
[info] e2e_latency (p99): 4.200 s
[info] energy_j: 7876.780734 J
[info] served_rps: 55.40 req/s
[info]: start_time: 1767852412.131, end_time: 1767852430.331, duration_s: 18.20 s
[info] energy_cost: 7.837593 J/request
[info] average power: 432.790149 W
[info] Locust stopped
================================================================================
objective      : energy
resource_config: [{'cpu_m': 300, 'memory_mi': 61}, {'cpu_m': 6000, 'memory_mi': 400}], latencies: {'ml-image-processing': 0.29112147734904625, 'ml-object-detection': 0.15536750791559242}, price_cost: 177.363514, energy_cost: 7.837593, latency_p99 : 4.200000, feasible: False, total_requests: 1005, served_rps: 55.40, total_energy_j: 7876.780734 J, profiling_duration_s: 18.200000s, average_power: 432.790149 W
wall_time_s    : 101.686
================================================================================

================================================================================

Batch  4: best_feasible_cost (random, qNEI) = (6.283738658700522, 6.25167075236708), best_constraint =  -1.800 (<=0 feasible), time = 313.84.
Best feasible resource configuration: [{'cpu_m': 754, 'memory_mi': 50}, {'cpu_m': 6000, 'memory_mi': 400}]

================================================================================
/home/cc/miniconda3/envs/faas/lib/python3.10/site-packages/botorch/acquisition/monte_carlo.py:502: NumericsWarning: qNoisyExpectedImprovement has known numerical issues that lead to suboptimal optimization performance. It is strongly recommended to simply replace

	 qNoisyExpectedImprovement 	 --> 	 qLogNoisyExpectedImprovement 

instead, which fixes the issues and has the same API. See https://arxiv.org/abs/2310.20708 for details.
  legacy_ei_numerics_warning(legacy_name=type(self).__name__)
Updating function ml-image-processing to cpu: 672m, memory: 65Mi
Updating Deployment resource configuration...

Updating function ml-object-detection to cpu: 4993m, memory: 489Mi
Updating Deployment resource configuration...

[info] Original replicas=24, selector='environmentName=ml-image-processing,environmentNamespace=default,environmentUid=2449fff4-7632-422c-aa00-519fcb194e26,executorType=newdeploy,functionName=ml-image-processing,functionNamespace=default,functionUid=58487e4a-0036-4ccd-8b22-c7f0f2d6d72b'
[info] Original replicas=73, selector='environmentName=yolo,environmentNamespace=default,environmentUid=ced8af41-455b-4081-99aa-1700c0092126,executorType=newdeploy,functionName=ml-object-detection,functionNamespace=default,functionUid=182005a6-ad76-40e9-9ecd-2fb10570ca05'
[ok] Patched Deployment resources
[ok] Patched Deployment resources
[ok] Verified Deployment template resources: requests={'cpu': '1500m', 'memory': '400Mi'} limits={'cpu': '4993m', 'memory': '489Mi'}
[info] Scaling deployment to 0 replicas to force full pod replacement
[ok] Verified Deployment template resources: requests={'cpu': '300m', 'memory': '50Mi'} limits={'cpu': '672m', 'memory': '65Mi'}
[info] Scaling deployment to 0 replicas to force full pod replacement
[ok] All pods terminated (replicas=0)
[info] Scaling deployment back to 24 replicas
[ok] All pods terminated (replicas=0)
[info] Scaling deployment back to 73 replicas
[ok] Rollout completed after scale-to-zero
[verify] newest RS=newdeploy-ml-image-processing-default-8b22-c7f0f2d6d72b-56849c8b89 pods=24 ready=24
[ok] Verified newest ReplicaSet template resources match expected
[ok] Rollout completed after scale-to-zero
[verify] newest RS=newdeploy-ml-object-detection-default-9ecd-2fb10570ca05-78fc5765cc pods=73 ready=73
[ok] Verified newest ReplicaSet template resources match expected
[info] Started Locust with PID 729005
[info] attempt=1: start sleep for 20s
[info] attempt=1: sleep done
\Start sampling in parallel...
Workflow e2e p99 latency (65 completed in 16.9s, parallel, 8 workers): 9.000s
Average stage latencies:
  - ml-image-processing: 0.128s
  - ml-object-detection: 0.222s
[info] poll_locust_row: failed to load, try again
[info] poll_locust_row: failed to load, try again
[info] total_requests: 1235
[info] e2e_latency (p99): 3.600 s
[info] energy_j: 8127.943258 J
[info] served_rps: 67.80 req/s
[info]: start_time: 1767852514.631, end_time: 1767852531.431, duration_s: 16.80 s
[info] energy_cost: 6.581331 J/request
[info] average power: 483.806148 W
[info] Locust stopped
================================================================================
objective      : energy
resource_config: [{'cpu_m': 672, 'memory_mi': 65}, {'cpu_m': 4993, 'memory_mi': 489}], latencies: {'ml-image-processing': 0.12790692796988878, 'ml-object-detection': 0.22160399970744038}, price_cost: 207.724188, energy_cost: 6.581331, latency_p99 : 3.600000, feasible: False, total_requests: 1235, served_rps: 67.80, total_energy_j: 8127.943258 J, profiling_duration_s: 16.800000s, average_power: 483.806148 W
wall_time_s    : 98.053
================================================================================

Updating function ml-image-processing to cpu: 692m, memory: 59Mi
Updating Deployment resource configuration...

Updating function ml-object-detection to cpu: 5597m, memory: 400Mi
Updating Deployment resource configuration...

[info] Original replicas=24, selector='environmentName=ml-image-processing,environmentNamespace=default,environmentUid=2449fff4-7632-422c-aa00-519fcb194e26,executorType=newdeploy,functionName=ml-image-processing,functionNamespace=default,functionUid=58487e4a-0036-4ccd-8b22-c7f0f2d6d72b'
[info] Original replicas=73, selector='environmentName=yolo,environmentNamespace=default,environmentUid=ced8af41-455b-4081-99aa-1700c0092126,executorType=newdeploy,functionName=ml-object-detection,functionNamespace=default,functionUid=182005a6-ad76-40e9-9ecd-2fb10570ca05'
[ok] Patched Deployment resources
[ok] Patched Deployment resources
[ok] Verified Deployment template resources: requests={'cpu': '1500m', 'memory': '400Mi'} limits={'cpu': '5597m', 'memory': '400Mi'}
[info] Scaling deployment to 0 replicas to force full pod replacement
[ok] Verified Deployment template resources: requests={'cpu': '300m', 'memory': '50Mi'} limits={'cpu': '692m', 'memory': '59Mi'}
[info] Scaling deployment to 0 replicas to force full pod replacement
[ok] All pods terminated (replicas=0)
[info] Scaling deployment back to 24 replicas
[ok] All pods terminated (replicas=0)
[info] Scaling deployment back to 73 replicas
[ok] Rollout completed after scale-to-zero
[verify] newest RS=newdeploy-ml-image-processing-default-8b22-c7f0f2d6d72b-6d65f9678d pods=24 ready=24
[ok] Verified newest ReplicaSet template resources match expected
[ok] Rollout completed after scale-to-zero
[verify] newest RS=newdeploy-ml-object-detection-default-9ecd-2fb10570ca05-6c4f5db79b pods=73 ready=73
[ok] Verified newest ReplicaSet template resources match expected
[info] Started Locust with PID 739016
[info] attempt=1: start sleep for 20s
[info] attempt=1: sleep done
\Start sampling in parallel...
Workflow e2e p99 latency (70 completed in 17.1s, parallel, 8 workers): 2.724s
Average stage latencies:
  - ml-image-processing: 0.131s
  - ml-object-detection: 0.216s
[info] poll_locust_row: failed to load, try again
[info] poll_locust_row: failed to load, try again
[info] total_requests: 1342
[info] e2e_latency (p99): 1.600 s
[info] energy_j: 8765.660406 J
[info] served_rps: 74.30 req/s
[info]: start_time: 1767852617.331, end_time: 1767852634.431, duration_s: 17.10 s
[info] energy_cost: 6.531789 J/request
[info] average power: 512.611723 W
[info] Locust stopped
================================================================================
objective      : energy
resource_config: [{'cpu_m': 692, 'memory_mi': 59}, {'cpu_m': 5597, 'memory_mi': 400}], latencies: {'ml-image-processing': 0.13139067493113024, 'ml-object-detection': 0.21609397837892175}, price_cost: 226.127792, energy_cost: 6.531789, latency_p99 : 1.600000, feasible: True, total_requests: 1342, served_rps: 74.30, total_energy_j: 8765.660406 J, profiling_duration_s: 17.100000s, average_power: 512.611723 W
wall_time_s    : 102.982
================================================================================

Updating function ml-image-processing to cpu: 640m, memory: 70Mi
Updating Deployment resource configuration...

Updating function ml-object-detection to cpu: 5589m, memory: 491Mi
Updating Deployment resource configuration...

[info] Original replicas=24, selector='environmentName=ml-image-processing,environmentNamespace=default,environmentUid=2449fff4-7632-422c-aa00-519fcb194e26,executorType=newdeploy,functionName=ml-image-processing,functionNamespace=default,functionUid=58487e4a-0036-4ccd-8b22-c7f0f2d6d72b'
[info] Original replicas=73, selector='environmentName=yolo,environmentNamespace=default,environmentUid=ced8af41-455b-4081-99aa-1700c0092126,executorType=newdeploy,functionName=ml-object-detection,functionNamespace=default,functionUid=182005a6-ad76-40e9-9ecd-2fb10570ca05'
[ok] Patched Deployment resources
[ok] Patched Deployment resources
[ok] Verified Deployment template resources: requests={'cpu': '1500m', 'memory': '400Mi'} limits={'cpu': '5589m', 'memory': '491Mi'}
[info] Scaling deployment to 0 replicas to force full pod replacement
[ok] Verified Deployment template resources: requests={'cpu': '300m', 'memory': '50Mi'} limits={'cpu': '640m', 'memory': '70Mi'}
[info] Scaling deployment to 0 replicas to force full pod replacement
[ok] All pods terminated (replicas=0)
[info] Scaling deployment back to 24 replicas
[ok] All pods terminated (replicas=0)
[info] Scaling deployment back to 73 replicas
[ok] Rollout completed after scale-to-zero
[verify] newest RS=newdeploy-ml-image-processing-default-8b22-c7f0f2d6d72b-664749974c pods=24 ready=24
[ok] Verified newest ReplicaSet template resources match expected
[ok] Rollout completed after scale-to-zero
[verify] newest RS=newdeploy-ml-object-detection-default-9ecd-2fb10570ca05-65cf8cf4c7 pods=73 ready=73
[ok] Verified newest ReplicaSet template resources match expected
[info] Started Locust with PID 748375
[info] attempt=1: start sleep for 20s
[info] attempt=1: sleep done
\Start sampling in parallel...
Workflow e2e p99 latency (72 completed in 16.4s, parallel, 8 workers): 1.978s
Average stage latencies:
  - ml-image-processing: 0.144s
  - ml-object-detection: 0.208s
[info] poll_locust_row: failed to load, try again
[info] poll_locust_row: failed to load, try again
[info] poll_locust_row: failed to load, try again
[info] total_requests: 1332
[info] e2e_latency (p99): 1.700 s
[info] energy_j: 8354.848838 J
[info] served_rps: 73.30 req/s
[info]: start_time: 1767852715.231, end_time: 1767852731.731, duration_s: 16.50 s
[info] energy_cost: 6.272409 J/request
[info] average power: 506.354475 W
[info] Locust stopped
================================================================================
objective      : energy
resource_config: [{'cpu_m': 640, 'memory_mi': 70}, {'cpu_m': 5589, 'memory_mi': 491}], latencies: {'ml-image-processing': 0.14366456657363516, 'ml-object-detection': 0.20849956637377748}, price_cost: 218.887033, energy_cost: 6.272409, latency_p99 : 1.700000, feasible: True, total_requests: 1332, served_rps: 73.30, total_energy_j: 8354.848838 J, profiling_duration_s: 16.500000s, average_power: 506.354475 W
wall_time_s    : 97.771
================================================================================

================================================================================

Batch  5: best_feasible_cost (random, qNEI) = (6.283738658700522, 6.25167075236708), best_constraint =  -1.800 (<=0 feasible), time = 302.93.
Best feasible resource configuration: [{'cpu_m': 754, 'memory_mi': 50}, {'cpu_m': 6000, 'memory_mi': 400}]

================================================================================
/home/cc/miniconda3/envs/faas/lib/python3.10/site-packages/botorch/acquisition/monte_carlo.py:502: NumericsWarning: qNoisyExpectedImprovement has known numerical issues that lead to suboptimal optimization performance. It is strongly recommended to simply replace

	 qNoisyExpectedImprovement 	 --> 	 qLogNoisyExpectedImprovement 

instead, which fixes the issues and has the same API. See https://arxiv.org/abs/2310.20708 for details.
  legacy_ei_numerics_warning(legacy_name=type(self).__name__)
Updating function ml-image-processing to cpu: 606m, memory: 70Mi
Updating Deployment resource configuration...

Updating function ml-object-detection to cpu: 6000m, memory: 400Mi
Updating Deployment resource configuration...

[info] Original replicas=24, selector='environmentName=ml-image-processing,environmentNamespace=default,environmentUid=2449fff4-7632-422c-aa00-519fcb194e26,executorType=newdeploy,functionName=ml-image-processing,functionNamespace=default,functionUid=58487e4a-0036-4ccd-8b22-c7f0f2d6d72b'
[info] Original replicas=73, selector='environmentName=yolo,environmentNamespace=default,environmentUid=ced8af41-455b-4081-99aa-1700c0092126,executorType=newdeploy,functionName=ml-object-detection,functionNamespace=default,functionUid=182005a6-ad76-40e9-9ecd-2fb10570ca05'
[ok] Patched Deployment resources
[ok] Patched Deployment resources
[ok] Verified Deployment template resources: requests={'cpu': '1500m', 'memory': '400Mi'} limits={'cpu': '6', 'memory': '400Mi'}
[info] Scaling deployment to 0 replicas to force full pod replacement
[ok] Verified Deployment template resources: requests={'cpu': '300m', 'memory': '50Mi'} limits={'cpu': '606m', 'memory': '70Mi'}
[info] Scaling deployment to 0 replicas to force full pod replacement
[ok] All pods terminated (replicas=0)
[info] Scaling deployment back to 24 replicas
[ok] All pods terminated (replicas=0)
[info] Scaling deployment back to 73 replicas
[ok] Rollout completed after scale-to-zero
[verify] newest RS=newdeploy-ml-image-processing-default-8b22-c7f0f2d6d72b-7547565879 pods=24 ready=24
[ok] Verified newest ReplicaSet template resources match expected
[ok] Rollout completed after scale-to-zero
[verify] newest RS=newdeploy-ml-object-detection-default-9ecd-2fb10570ca05-65fbbc4f7 pods=73 ready=73
[ok] Verified newest ReplicaSet template resources match expected
[info] Started Locust with PID 758864
[info] attempt=1: start sleep for 20s
[info] attempt=1: sleep done
\Start sampling in parallel...
Workflow e2e p99 latency (72 completed in 16.7s, parallel, 8 workers): 1.625s
Average stage latencies:
  - ml-image-processing: 0.148s
  - ml-object-detection: 0.194s
[info] poll_locust_row: failed to load, try again
[info] poll_locust_row: failed to load, try again
[info] total_requests: 1345
[info] e2e_latency (p99): 1.400 s
[info] energy_j: 8481.624395 J
[info] served_rps: 73.60 req/s
[info]: start_time: 1767852821.031, end_time: 1767852837.731, duration_s: 16.70 s
[info] energy_cost: 6.306040 J/request
[info] average power: 507.881699 W
[info] Locust stopped
================================================================================
objective      : energy
resource_config: [{'cpu_m': 606, 'memory_mi': 70}, {'cpu_m': 6000, 'memory_mi': 400}], latencies: {'ml-image-processing': 0.14831167865648037, 'ml-object-detection': 0.19428272227135798}, price_cost: 218.297733, energy_cost: 6.306040, latency_p99 : 1.400000, feasible: True, total_requests: 1345, served_rps: 73.60, total_energy_j: 8481.624395 J, profiling_duration_s: 16.700000s, average_power: 507.881699 W
wall_time_s    : 103.492
================================================================================

Updating function ml-image-processing to cpu: 702m, memory: 50Mi
Updating Deployment resource configuration...

Updating function ml-object-detection to cpu: 5701m, memory: 400Mi
Updating Deployment resource configuration...

[info] Original replicas=24, selector='environmentName=ml-image-processing,environmentNamespace=default,environmentUid=2449fff4-7632-422c-aa00-519fcb194e26,executorType=newdeploy,functionName=ml-image-processing,functionNamespace=default,functionUid=58487e4a-0036-4ccd-8b22-c7f0f2d6d72b'
[info] Original replicas=73, selector='environmentName=yolo,environmentNamespace=default,environmentUid=ced8af41-455b-4081-99aa-1700c0092126,executorType=newdeploy,functionName=ml-object-detection,functionNamespace=default,functionUid=182005a6-ad76-40e9-9ecd-2fb10570ca05'
[ok] Patched Deployment resources
[ok] Patched Deployment resources
[ok] Verified Deployment template resources: requests={'cpu': '300m', 'memory': '50Mi'} limits={'cpu': '702m', 'memory': '50Mi'}
[info] Scaling deployment to 0 replicas to force full pod replacement
[ok] Verified Deployment template resources: requests={'cpu': '1500m', 'memory': '400Mi'} limits={'cpu': '5701m', 'memory': '400Mi'}
[info] Scaling deployment to 0 replicas to force full pod replacement
[ok] All pods terminated (replicas=0)
[info] Scaling deployment back to 73 replicas
[ok] All pods terminated (replicas=0)
[info] Scaling deployment back to 24 replicas
[ok] Rollout completed after scale-to-zero
[verify] newest RS=newdeploy-ml-image-processing-default-8b22-c7f0f2d6d72b-78d4bc7b5f pods=24 ready=24
[ok] Verified newest ReplicaSet template resources match expected
[ok] Rollout completed after scale-to-zero
[verify] newest RS=newdeploy-ml-object-detection-default-9ecd-2fb10570ca05-5b88fd4b8 pods=73 ready=73
[ok] Verified newest ReplicaSet template resources match expected
[info] Started Locust with PID 768601
[info] attempt=1: start sleep for 20s
[info] attempt=1: sleep done
\Start sampling in parallel...
Workflow e2e p99 latency (71 completed in 17.0s, parallel, 8 workers): 2.301s
Average stage latencies:
  - ml-image-processing: 0.126s
  - ml-object-detection: 0.209s
[info] poll_locust_row: failed to load, try again
[info] poll_locust_row: failed to load, try again
[info] total_requests: 1347
[info] e2e_latency (p99): 1.300 s
[info] energy_j: 8778.960069 J
[info] served_rps: 74.90 req/s
[info]: start_time: 1767852912.031, end_time: 1767852929.131, duration_s: 17.10 s
[info] energy_cost: 6.517417 J/request
[info] average power: 513.389473 W
[info] Locust stopped
================================================================================
objective      : energy
resource_config: [{'cpu_m': 702, 'memory_mi': 50}, {'cpu_m': 5701, 'memory_mi': 400}], latencies: {'ml-image-processing': 0.12637181858807592, 'ml-object-detection': 0.2088342835457707}, price_cost: 222.420151, energy_cost: 6.517417, latency_p99 : 1.300000, feasible: True, total_requests: 1347, served_rps: 74.90, total_energy_j: 8778.960069 J, profiling_duration_s: 17.100000s, average_power: 513.389473 W
wall_time_s    : 91.355
================================================================================

Updating function ml-image-processing to cpu: 651m, memory: 56Mi
Updating Deployment resource configuration...

Updating function ml-object-detection to cpu: 6000m, memory: 512Mi
Updating Deployment resource configuration...

[info] Original replicas=24, selector='environmentName=ml-image-processing,environmentNamespace=default,environmentUid=2449fff4-7632-422c-aa00-519fcb194e26,executorType=newdeploy,functionName=ml-image-processing,functionNamespace=default,functionUid=58487e4a-0036-4ccd-8b22-c7f0f2d6d72b'
[info] Original replicas=73, selector='environmentName=yolo,environmentNamespace=default,environmentUid=ced8af41-455b-4081-99aa-1700c0092126,executorType=newdeploy,functionName=ml-object-detection,functionNamespace=default,functionUid=182005a6-ad76-40e9-9ecd-2fb10570ca05'
[ok] Patched Deployment resources
[ok] Patched Deployment resources
[ok] Verified Deployment template resources: requests={'cpu': '300m', 'memory': '50Mi'} limits={'cpu': '651m', 'memory': '56Mi'}
[info] Scaling deployment to 0 replicas to force full pod replacement
[ok] Verified Deployment template resources: requests={'cpu': '1500m', 'memory': '400Mi'} limits={'cpu': '6', 'memory': '512Mi'}
[info] Scaling deployment to 0 replicas to force full pod replacement
[ok] All pods terminated (replicas=0)
[info] Scaling deployment back to 24 replicas
[ok] All pods terminated (replicas=0)
[info] Scaling deployment back to 73 replicas
[ok] Rollout completed after scale-to-zero
[verify] newest RS=newdeploy-ml-image-processing-default-8b22-c7f0f2d6d72b-6457bc5778 pods=24 ready=24
[ok] Verified newest ReplicaSet template resources match expected
[ok] Rollout completed after scale-to-zero
[verify] newest RS=newdeploy-ml-object-detection-default-9ecd-2fb10570ca05-55c69597d5 pods=73 ready=73
[ok] Verified newest ReplicaSet template resources match expected
[info] Started Locust with PID 778821
[info] attempt=1: start sleep for 20s
[info] attempt=1: sleep done
\Start sampling in parallel...
Workflow e2e p99 latency (73 completed in 16.7s, parallel, 8 workers): 1.330s
Average stage latencies:
  - ml-image-processing: 0.139s
  - ml-object-detection: 0.189s
[info] poll_locust_row: failed to load, try again
[info] poll_locust_row: failed to load, try again
[info] total_requests: 1352
[info] e2e_latency (p99): 1.400 s
[info] energy_j: 8488.529300 J
[info] served_rps: 75.10 req/s
[info]: start_time: 1767853016.131, end_time: 1767853032.831, duration_s: 16.70 s
[info] energy_cost: 6.278498 J/request
[info] average power: 508.295166 W
[info] Locust stopped
================================================================================
objective      : energy
resource_config: [{'cpu_m': 651, 'memory_mi': 56}, {'cpu_m': 6000, 'memory_mi': 512}], latencies: {'ml-image-processing': 0.13850641805576544, 'ml-object-detection': 0.18868758795425705}, price_cost: 212.740407, energy_cost: 6.278498, latency_p99 : 1.400000, feasible: True, total_requests: 1352, served_rps: 75.10, total_energy_j: 8488.529300 J, profiling_duration_s: 16.700000s, average_power: 508.295166 W
wall_time_s    : 103.696
================================================================================

================================================================================

Batch  6: best_feasible_cost (random, qNEI) = (6.283738658700522, 6.25167075236708), best_constraint =  -1.800 (<=0 feasible), time = 300.56.
Best feasible resource configuration: [{'cpu_m': 754, 'memory_mi': 50}, {'cpu_m': 6000, 'memory_mi': 400}]

================================================================================
/home/cc/miniconda3/envs/faas/lib/python3.10/site-packages/botorch/acquisition/monte_carlo.py:502: NumericsWarning: qNoisyExpectedImprovement has known numerical issues that lead to suboptimal optimization performance. It is strongly recommended to simply replace

	 qNoisyExpectedImprovement 	 --> 	 qLogNoisyExpectedImprovement 

instead, which fixes the issues and has the same API. See https://arxiv.org/abs/2310.20708 for details.
  legacy_ei_numerics_warning(legacy_name=type(self).__name__)
Updating function ml-image-processing to cpu: 571m, memory: 70Mi
Updating Deployment resource configuration...

Updating function ml-object-detection to cpu: 6000m, memory: 512Mi
Updating Deployment resource configuration...

[info] Original replicas=73, selector='environmentName=yolo,environmentNamespace=default,environmentUid=ced8af41-455b-4081-99aa-1700c0092126,executorType=newdeploy,functionName=ml-object-detection,functionNamespace=default,functionUid=182005a6-ad76-40e9-9ecd-2fb10570ca05'
[ok] Patched Deployment resources
[info] Original replicas=24, selector='environmentName=ml-image-processing,environmentNamespace=default,environmentUid=2449fff4-7632-422c-aa00-519fcb194e26,executorType=newdeploy,functionName=ml-image-processing,functionNamespace=default,functionUid=58487e4a-0036-4ccd-8b22-c7f0f2d6d72b'
[ok] Patched Deployment resources
[ok] Verified Deployment template resources: requests={'cpu': '1500m', 'memory': '400Mi'} limits={'cpu': '6', 'memory': '512Mi'}
[info] Scaling deployment to 0 replicas to force full pod replacement
[ok] Verified Deployment template resources: requests={'cpu': '300m', 'memory': '50Mi'} limits={'cpu': '571m', 'memory': '70Mi'}
[info] Scaling deployment to 0 replicas to force full pod replacement
[ok] All pods terminated (replicas=0)
[info] Scaling deployment back to 73 replicas
[ok] Rollout completed after scale-to-zero
[verify] newest RS=newdeploy-ml-object-detection-default-9ecd-2fb10570ca05-55c69597d5 pods=0 ready=0
[ok] Verified newest ReplicaSet template resources match expected
[ok] All pods terminated (replicas=0)
[info] Scaling deployment back to 24 replicas
[ok] Rollout completed after scale-to-zero
[verify] newest RS=newdeploy-ml-image-processing-default-8b22-c7f0f2d6d72b-79b69757bf pods=24 ready=24
[ok] Verified newest ReplicaSet template resources match expected
[info] Started Locust with PID 787554
[info] attempt=1: start sleep for 20s
[info] attempt=1: sleep done
\Start sampling in parallel...
Workflow e2e p99 latency (50 completed in 17.0s, parallel, 8 workers): 9.000s
Average stage latencies:
  - ml-image-processing: 0.153s
  - ml-object-detection: 0.227s
[info] poll_locust_row: failed to load, try again
[info] poll_locust_row: failed to load, try again
[info] total_requests: 1035
[info] e2e_latency (p99): 3.900 s
[info] energy_j: 7294.844568 J
[info] served_rps: 50.50 req/s
[info]: start_time: 1767853107.631, end_time: 1767853124.631, duration_s: 17.00 s
[info] energy_cost: 7.048159 J/request
[info] average power: 429.108504 W
[info] Locust stopped
================================================================================
objective      : energy
resource_config: [{'cpu_m': 571, 'memory_mi': 70}, {'cpu_m': 6000, 'memory_mi': 512}], latencies: {'ml-image-processing': 0.1532795846525749, 'ml-object-detection': 0.2270285906905139}, price_cost: 252.358803, energy_cost: 7.048159, latency_p99 : 3.900000, feasible: False, total_requests: 1035, served_rps: 50.50, total_energy_j: 7294.844568 J, profiling_duration_s: 17.000000s, average_power: 429.108504 W
wall_time_s    : 90.329
================================================================================

Updating function ml-image-processing to cpu: 698m, memory: 70Mi
Updating Deployment resource configuration...

Updating function ml-object-detection to cpu: 6000m, memory: 400Mi
Updating Deployment resource configuration...

[info] Original replicas=73, selector='environmentName=yolo,environmentNamespace=default,environmentUid=ced8af41-455b-4081-99aa-1700c0092126,executorType=newdeploy,functionName=ml-object-detection,functionNamespace=default,functionUid=182005a6-ad76-40e9-9ecd-2fb10570ca05'
[info] Original replicas=24, selector='environmentName=ml-image-processing,environmentNamespace=default,environmentUid=2449fff4-7632-422c-aa00-519fcb194e26,executorType=newdeploy,functionName=ml-image-processing,functionNamespace=default,functionUid=58487e4a-0036-4ccd-8b22-c7f0f2d6d72b'
[ok] Patched Deployment resources
[ok] Patched Deployment resources
[ok] Verified Deployment template resources: requests={'cpu': '300m', 'memory': '50Mi'} limits={'cpu': '698m', 'memory': '70Mi'}
[info] Scaling deployment to 0 replicas to force full pod replacement
[ok] Verified Deployment template resources: requests={'cpu': '1500m', 'memory': '400Mi'} limits={'cpu': '6', 'memory': '400Mi'}
[info] Scaling deployment to 0 replicas to force full pod replacement
[ok] All pods terminated (replicas=0)
[info] Scaling deployment back to 24 replicas
[ok] All pods terminated (replicas=0)
[info] Scaling deployment back to 73 replicas
[ok] Rollout completed after scale-to-zero
[verify] newest RS=newdeploy-ml-image-processing-default-8b22-c7f0f2d6d72b-6d5698dc9c pods=24 ready=24
[ok] Verified newest ReplicaSet template resources match expected
[ok] Rollout completed after scale-to-zero
[verify] newest RS=newdeploy-ml-object-detection-default-9ecd-2fb10570ca05-65fbbc4f7 pods=73 ready=73
[ok] Verified newest ReplicaSet template resources match expected
[info] Started Locust with PID 797422
[info] attempt=1: start sleep for 20s
[info] attempt=1: sleep done
\Start sampling in parallel...
Workflow e2e p99 latency (72 completed in 16.2s, parallel, 8 workers): 1.274s
Average stage latencies:
  - ml-image-processing: 0.129s
  - ml-object-detection: 0.194s
[info] poll_locust_row: failed to load, try again
[info] poll_locust_row: failed to load, try again
[info] poll_locust_row: failed to load, try again
[info] total_requests: 1347
[info] e2e_latency (p99): 1.300 s
[info] energy_j: 8361.763450 J
[info] served_rps: 75.00 req/s
[info]: start_time: 1767853210.231, end_time: 1767853226.531, duration_s: 16.30 s
[info] energy_cost: 6.207694 J/request
[info] average power: 512.991624 W
[info] Locust stopped
================================================================================
objective      : energy
resource_config: [{'cpu_m': 698, 'memory_mi': 70}, {'cpu_m': 6000, 'memory_mi': 400}], latencies: {'ml-image-processing': 0.1294062662184135, 'ml-object-detection': 0.19393045170646575}, price_cost: 217.991690, energy_cost: 6.207694, latency_p99 : 1.300000, feasible: True, total_requests: 1347, served_rps: 75.00, total_energy_j: 8361.763450 J, profiling_duration_s: 16.300000s, average_power: 512.991624 W
wall_time_s    : 102.443
================================================================================

Updating function ml-image-processing to cpu: 706m, memory: 65Mi
Updating Deployment resource configuration...

Updating function ml-object-detection to cpu: 2063m, memory: 410Mi
Updating Deployment resource configuration...

[info] Original replicas=24, selector='environmentName=ml-image-processing,environmentNamespace=default,environmentUid=2449fff4-7632-422c-aa00-519fcb194e26,executorType=newdeploy,functionName=ml-image-processing,functionNamespace=default,functionUid=58487e4a-0036-4ccd-8b22-c7f0f2d6d72b'
[info] Original replicas=73, selector='environmentName=yolo,environmentNamespace=default,environmentUid=ced8af41-455b-4081-99aa-1700c0092126,executorType=newdeploy,functionName=ml-object-detection,functionNamespace=default,functionUid=182005a6-ad76-40e9-9ecd-2fb10570ca05'
[ok] Patched Deployment resources
[ok] Patched Deployment resources
[ok] Verified Deployment template resources: requests={'cpu': '300m', 'memory': '50Mi'} limits={'cpu': '706m', 'memory': '65Mi'}
[info] Scaling deployment to 0 replicas to force full pod replacement
[ok] Verified Deployment template resources: requests={'cpu': '1500m', 'memory': '400Mi'} limits={'cpu': '2063m', 'memory': '410Mi'}
[info] Scaling deployment to 0 replicas to force full pod replacement
[ok] All pods terminated (replicas=0)
[info] Scaling deployment back to 24 replicas
[ok] All pods terminated (replicas=0)
[info] Scaling deployment back to 73 replicas
[ok] Rollout completed after scale-to-zero
[verify] newest RS=newdeploy-ml-image-processing-default-8b22-c7f0f2d6d72b-6dc4f697fc pods=24 ready=24
[ok] Verified newest ReplicaSet template resources match expected
[ok] Rollout completed after scale-to-zero
[verify] newest RS=newdeploy-ml-object-detection-default-9ecd-2fb10570ca05-d7fbd5fd4 pods=73 ready=73
[ok] Verified newest ReplicaSet template resources match expected
[info] Started Locust with PID 807744
[info] attempt=1: start sleep for 20s
[info] attempt=1: sleep done
\Start sampling in parallel...
Workflow e2e p99 latency (28 completed in 21.6s, parallel, 8 workers): 9.000s
Average stage latencies:
  - ml-image-processing: 0.108s
  - ml-object-detection: 0.623s
[info] poll_locust_row: failed to load, try again
[info] poll_locust_row: failed to load, try again
[info] poll_locust_row: failed to load, try again
[info] total_requests: 928
[info] e2e_latency (p99): 3.900 s
[info] energy_j: 7420.389454 J
[info] served_rps: 42.30 req/s
[info]: start_time: 1767853313.031, end_time: 1767853334.631, duration_s: 21.60 s
[info] energy_cost: 7.996109 J/request
[info] average power: 343.536547 W
[info] Locust stopped
================================================================================
objective      : energy
resource_config: [{'cpu_m': 706, 'memory_mi': 65}, {'cpu_m': 2063, 'memory_mi': 410}], latencies: {'ml-image-processing': 0.10804883379023522, 'ml-object-detection': 0.6230660302680917}, price_cost: 238.797019, energy_cost: 7.996109, latency_p99 : 3.900000, feasible: False, total_requests: 928, served_rps: 42.30, total_energy_j: 7420.389454 J, profiling_duration_s: 21.600000s, average_power: 343.536547 W
wall_time_s    : 108.077
================================================================================

================================================================================

Batch  7: best_feasible_cost (random, qNEI) = (6.283738658700522, 6.207693726800297), best_constraint =  -1.700 (<=0 feasible), time = 302.29.
Best feasible resource configuration: [{'cpu_m': 698, 'memory_mi': 70}, {'cpu_m': 6000, 'memory_mi': 400}]

================================================================================
/home/cc/miniconda3/envs/faas/lib/python3.10/site-packages/botorch/acquisition/monte_carlo.py:502: NumericsWarning: qNoisyExpectedImprovement has known numerical issues that lead to suboptimal optimization performance. It is strongly recommended to simply replace

	 qNoisyExpectedImprovement 	 --> 	 qLogNoisyExpectedImprovement 

instead, which fixes the issues and has the same API. See https://arxiv.org/abs/2310.20708 for details.
  legacy_ei_numerics_warning(legacy_name=type(self).__name__)
Updating function ml-image-processing to cpu: 772m, memory: 70Mi
Updating Deployment resource configuration...

Updating function ml-object-detection to cpu: 6000m, memory: 400Mi
Updating Deployment resource configuration...

[info] Original replicas=24, selector='environmentName=ml-image-processing,environmentNamespace=default,environmentUid=2449fff4-7632-422c-aa00-519fcb194e26,executorType=newdeploy,functionName=ml-image-processing,functionNamespace=default,functionUid=58487e4a-0036-4ccd-8b22-c7f0f2d6d72b'
[info] Original replicas=73, selector='environmentName=yolo,environmentNamespace=default,environmentUid=ced8af41-455b-4081-99aa-1700c0092126,executorType=newdeploy,functionName=ml-object-detection,functionNamespace=default,functionUid=182005a6-ad76-40e9-9ecd-2fb10570ca05'
[ok] Patched Deployment resources
[ok] Patched Deployment resources
[ok] Verified Deployment template resources: requests={'cpu': '1500m', 'memory': '400Mi'} limits={'cpu': '6', 'memory': '400Mi'}
[info] Scaling deployment to 0 replicas to force full pod replacement
[ok] Verified Deployment template resources: requests={'cpu': '300m', 'memory': '50Mi'} limits={'cpu': '772m', 'memory': '70Mi'}
[info] Scaling deployment to 0 replicas to force full pod replacement
[ok] All pods terminated (replicas=0)
[info] Scaling deployment back to 24 replicas
[ok] All pods terminated (replicas=0)
[info] Scaling deployment back to 73 replicas
[ok] Deleted HPA newdeploy-ml-object-detection-default-9ecd-2fb10570ca05
[ok] Rollout completed after scale-to-zero
[verify] newest RS=newdeploy-ml-image-processing-default-8b22-c7f0f2d6d72b-67fbff6cbc pods=24 ready=24
[ok] Verified newest ReplicaSet template resources match expected
[ok] Rollout completed after scale-to-zero
[verify] newest RS=newdeploy-ml-object-detection-default-9ecd-2fb10570ca05-65fbbc4f7 pods=73 ready=73
[ok] Verified newest ReplicaSet template resources match expected
[info] Started Locust with PID 818479
[info] attempt=1: start sleep for 20s
[info] attempt=1: sleep done
\Start sampling in parallel...
Workflow e2e p99 latency (73 completed in 16.6s, parallel, 8 workers): 1.410s
Average stage latencies:
  - ml-image-processing: 0.126s
  - ml-object-detection: 0.199s
[info] poll_locust_row: failed to load, try again
[info] poll_locust_row: failed to load, try again
[info] total_requests: 1359
[info] e2e_latency (p99): 1.300 s
[info] energy_j: 8551.636632 J
[info] served_rps: 76.10 req/s
[info]: start_time: 1767853421.231, end_time: 1767853437.831, duration_s: 16.60 s
[info] energy_cost: 6.292595 J/request
[info] average power: 515.158829 W
[info] Locust stopped
================================================================================
objective      : energy
resource_config: [{'cpu_m': 772, 'memory_mi': 70}, {'cpu_m': 6000, 'memory_mi': 400}], latencies: {'ml-image-processing': 0.1261137249394741, 'ml-object-detection': 0.19861342778990734}, price_cost: 224.089745, energy_cost: 6.292595, latency_p99 : 1.300000, feasible: True, total_requests: 1359, served_rps: 76.10, total_energy_j: 8551.636632 J, profiling_duration_s: 16.600000s, average_power: 515.158829 W
wall_time_s    : 99.763
================================================================================

Updating function ml-image-processing to cpu: 718m, memory: 70Mi
Updating Deployment resource configuration...

Updating function ml-object-detection to cpu: 5416m, memory: 400Mi
Updating Deployment resource configuration...

[info] Original replicas=24, selector='environmentName=ml-image-processing,environmentNamespace=default,environmentUid=2449fff4-7632-422c-aa00-519fcb194e26,executorType=newdeploy,functionName=ml-image-processing,functionNamespace=default,functionUid=58487e4a-0036-4ccd-8b22-c7f0f2d6d72b'
[info] Original replicas=73, selector='environmentName=yolo,environmentNamespace=default,environmentUid=ced8af41-455b-4081-99aa-1700c0092126,executorType=newdeploy,functionName=ml-object-detection,functionNamespace=default,functionUid=182005a6-ad76-40e9-9ecd-2fb10570ca05'
[ok] Patched Deployment resources
[ok] Patched Deployment resources
[ok] Verified Deployment template resources: requests={'cpu': '1500m', 'memory': '400Mi'} limits={'cpu': '5416m', 'memory': '400Mi'}
[info] Scaling deployment to 0 replicas to force full pod replacement
[ok] Verified Deployment template resources: requests={'cpu': '300m', 'memory': '50Mi'} limits={'cpu': '718m', 'memory': '70Mi'}
[info] Scaling deployment to 0 replicas to force full pod replacement
[ok] All pods terminated (replicas=0)
[info] Scaling deployment back to 24 replicas
[ok] All pods terminated (replicas=0)
[info] Scaling deployment back to 73 replicas
[ok] Rollout completed after scale-to-zero
[verify] newest RS=newdeploy-ml-image-processing-default-8b22-c7f0f2d6d72b-58896fc875 pods=24 ready=24
[ok] Verified newest ReplicaSet template resources match expected
[ok] Rollout completed after scale-to-zero
[verify] newest RS=newdeploy-ml-object-detection-default-9ecd-2fb10570ca05-5577fdb8cb pods=73 ready=73
[ok] Verified newest ReplicaSet template resources match expected
[info] Started Locust with PID 828851
[info] attempt=1: start sleep for 20s
[info] attempt=1: sleep done
\Start sampling in parallel...
Workflow e2e p99 latency (64 completed in 17.3s, parallel, 8 workers): 9.000s
Average stage latencies:
  - ml-image-processing: 0.134s
  - ml-object-detection: 0.214s
[info] poll_locust_row: failed to load, try again
[info] total_requests: 1332
[info] e2e_latency (p99): 1.800 s
[info] energy_j: 8759.466616 J
[info] served_rps: 73.60 req/s
[info]: start_time: 1767853520.631, end_time: 1767853537.931, duration_s: 17.30 s
[info] energy_cost: 6.576176 J/request
[info] average power: 506.327551 W
[info] Locust stopped
================================================================================
objective      : energy
resource_config: [{'cpu_m': 718, 'memory_mi': 70}, {'cpu_m': 5416, 'memory_mi': 400}], latencies: {'ml-image-processing': 0.13446878549462604, 'ml-object-detection': 0.2135018945536426}, price_cost: 217.913556, energy_cost: 6.576176, latency_p99 : 1.800000, feasible: True, total_requests: 1332, served_rps: 73.60, total_energy_j: 8759.466616 J, profiling_duration_s: 17.300000s, average_power: 506.327551 W
wall_time_s    : 99.526
================================================================================

Updating function ml-image-processing to cpu: 723m, memory: 70Mi
Updating Deployment resource configuration...

Updating function ml-object-detection to cpu: 5166m, memory: 400Mi
Updating Deployment resource configuration...

[info] Original replicas=24, selector='environmentName=ml-image-processing,environmentNamespace=default,environmentUid=2449fff4-7632-422c-aa00-519fcb194e26,executorType=newdeploy,functionName=ml-image-processing,functionNamespace=default,functionUid=58487e4a-0036-4ccd-8b22-c7f0f2d6d72b'
[info] Original replicas=73, selector='environmentName=yolo,environmentNamespace=default,environmentUid=ced8af41-455b-4081-99aa-1700c0092126,executorType=newdeploy,functionName=ml-object-detection,functionNamespace=default,functionUid=182005a6-ad76-40e9-9ecd-2fb10570ca05'
[ok] Patched Deployment resources
[ok] Patched Deployment resources
[ok] Verified Deployment template resources: requests={'cpu': '1500m', 'memory': '400Mi'} limits={'cpu': '5166m', 'memory': '400Mi'}
[info] Scaling deployment to 0 replicas to force full pod replacement
[ok] Verified Deployment template resources: requests={'cpu': '300m', 'memory': '50Mi'} limits={'cpu': '723m', 'memory': '70Mi'}
[info] Scaling deployment to 0 replicas to force full pod replacement
[ok] All pods terminated (replicas=0)
[info] Scaling deployment back to 24 replicas
[ok] All pods terminated (replicas=0)
[info] Scaling deployment back to 73 replicas
[ok] Rollout completed after scale-to-zero
[verify] newest RS=newdeploy-ml-image-processing-default-8b22-c7f0f2d6d72b-7d84947975 pods=24 ready=24
[ok] Verified newest ReplicaSet template resources match expected
[ok] Rollout completed after scale-to-zero
[verify] newest RS=newdeploy-ml-object-detection-default-9ecd-2fb10570ca05-54f5f5b656 pods=73 ready=73
[ok] Verified newest ReplicaSet template resources match expected
[info] Started Locust with PID 838774
[info] attempt=1: start sleep for 20s
[info] attempt=1: sleep done
\Start sampling in parallel...
Workflow e2e p99 latency (62 completed in 16.5s, parallel, 8 workers): 4.200s
Average stage latencies:
  - ml-image-processing: 0.124s
  - ml-object-detection: 0.216s
[info] poll_locust_row: failed to load, try again
[info] poll_locust_row: failed to load, try again
[info] poll_locust_row: failed to load, try again
[info] total_requests: 1279
[info] e2e_latency (p99): 3.700 s
[info] energy_j: 8111.427171 J
[info] served_rps: 69.30 req/s
[info]: start_time: 1767853619.331, end_time: 1767853635.831, duration_s: 16.50 s
[info] energy_cost: 6.342007 J/request
[info] average power: 491.601647 W
[info] Locust stopped
================================================================================
objective      : energy
resource_config: [{'cpu_m': 723, 'memory_mi': 70}, {'cpu_m': 5166, 'memory_mi': 400}], latencies: {'ml-image-processing': 0.12394710705285111, 'ml-object-detection': 0.2157725084783329}, price_cost: 209.511274, energy_cost: 6.342007, latency_p99 : 3.700000, feasible: False, total_requests: 1279, served_rps: 69.30, total_energy_j: 8111.427171 J, profiling_duration_s: 16.500000s, average_power: 491.601647 W
wall_time_s    : 98.959
================================================================================

================================================================================

Batch  8: best_feasible_cost (random, qNEI) = (6.283738658700522, 6.207693726800297), best_constraint =  -1.700 (<=0 feasible), time = 301.29.
Best feasible resource configuration: [{'cpu_m': 698, 'memory_mi': 70}, {'cpu_m': 6000, 'memory_mi': 400}]

================================================================================
/home/cc/miniconda3/envs/faas/lib/python3.10/site-packages/botorch/acquisition/monte_carlo.py:502: NumericsWarning: qNoisyExpectedImprovement has known numerical issues that lead to suboptimal optimization performance. It is strongly recommended to simply replace

	 qNoisyExpectedImprovement 	 --> 	 qLogNoisyExpectedImprovement 

instead, which fixes the issues and has the same API. See https://arxiv.org/abs/2310.20708 for details.
  legacy_ei_numerics_warning(legacy_name=type(self).__name__)
Updating function ml-image-processing to cpu: 750m, memory: 51Mi
Updating Deployment resource configuration...

Updating function ml-object-detection to cpu: 5412m, memory: 400Mi
Updating Deployment resource configuration...

[info] Original replicas=73, selector='environmentName=yolo,environmentNamespace=default,environmentUid=ced8af41-455b-4081-99aa-1700c0092126,executorType=newdeploy,functionName=ml-object-detection,functionNamespace=default,functionUid=182005a6-ad76-40e9-9ecd-2fb10570ca05'
[info] Original replicas=24, selector='environmentName=ml-image-processing,environmentNamespace=default,environmentUid=2449fff4-7632-422c-aa00-519fcb194e26,executorType=newdeploy,functionName=ml-image-processing,functionNamespace=default,functionUid=58487e4a-0036-4ccd-8b22-c7f0f2d6d72b'
[ok] Patched Deployment resources
[ok] Patched Deployment resources
[ok] Verified Deployment template resources: requests={'cpu': '1500m', 'memory': '400Mi'} limits={'cpu': '5412m', 'memory': '400Mi'}
[info] Scaling deployment to 0 replicas to force full pod replacement
[ok] Verified Deployment template resources: requests={'cpu': '300m', 'memory': '50Mi'} limits={'cpu': '750m', 'memory': '51Mi'}
[info] Scaling deployment to 0 replicas to force full pod replacement
[ok] All pods terminated (replicas=0)
[info] Scaling deployment back to 24 replicas
[ok] All pods terminated (replicas=0)
[info] Scaling deployment back to 73 replicas
[ok] Rollout completed after scale-to-zero
[verify] newest RS=newdeploy-ml-image-processing-default-8b22-c7f0f2d6d72b-7b59dfb4d7 pods=24 ready=24
[ok] Verified newest ReplicaSet template resources match expected
[ok] Rollout completed after scale-to-zero
[verify] newest RS=newdeploy-ml-object-detection-default-9ecd-2fb10570ca05-5cb7874bf6 pods=73 ready=73
[ok] Verified newest ReplicaSet template resources match expected
[info] Started Locust with PID 849147
[info] attempt=1: start sleep for 20s
[info] attempt=1: sleep done
\Start sampling in parallel...
Workflow e2e p99 latency (71 completed in 17.5s, parallel, 8 workers): 3.173s
Average stage latencies:
  - ml-image-processing: 0.119s
  - ml-object-detection: 0.209s
[info] poll_locust_row: failed to load, try again
[info] total_requests: 1316
[info] e2e_latency (p99): 2.600 s
[info] energy_j: 8885.307129 J
[info] served_rps: 72.50 req/s
[info]: start_time: 1767853726.831, end_time: 1767853744.331, duration_s: 17.50 s
[info] energy_cost: 6.751753 J/request
[info] average power: 507.731836 W
[info] Locust stopped
================================================================================
objective      : energy
resource_config: [{'cpu_m': 750, 'memory_mi': 51}, {'cpu_m': 5412, 'memory_mi': 400}], latencies: {'ml-image-processing': 0.11889429033642084, 'ml-object-detection': 0.2085003447587746}, price_cost: 211.740807, energy_cost: 6.751753, latency_p99 : 2.600000, feasible: True, total_requests: 1316, served_rps: 72.50, total_energy_j: 8885.307129 J, profiling_duration_s: 17.500000s, average_power: 507.731836 W
wall_time_s    : 104.158
================================================================================

Updating function ml-image-processing to cpu: 703m, memory: 59Mi
Updating Deployment resource configuration...

Updating function ml-object-detection to cpu: 4201m, memory: 467Mi
Updating Deployment resource configuration...

[info] Original replicas=24, selector='environmentName=ml-image-processing,environmentNamespace=default,environmentUid=2449fff4-7632-422c-aa00-519fcb194e26,executorType=newdeploy,functionName=ml-image-processing,functionNamespace=default,functionUid=58487e4a-0036-4ccd-8b22-c7f0f2d6d72b'
[info] Original replicas=73, selector='environmentName=yolo,environmentNamespace=default,environmentUid=ced8af41-455b-4081-99aa-1700c0092126,executorType=newdeploy,functionName=ml-object-detection,functionNamespace=default,functionUid=182005a6-ad76-40e9-9ecd-2fb10570ca05'
[ok] Patched Deployment resources
[ok] Patched Deployment resources
[ok] Verified Deployment template resources: requests={'cpu': '300m', 'memory': '50Mi'} limits={'cpu': '703m', 'memory': '59Mi'}
[info] Scaling deployment to 0 replicas to force full pod replacement
[ok] Verified Deployment template resources: requests={'cpu': '1500m', 'memory': '400Mi'} limits={'cpu': '4201m', 'memory': '467Mi'}
[info] Scaling deployment to 0 replicas to force full pod replacement
[ok] All pods terminated (replicas=0)
[info] Scaling deployment back to 24 replicas
[ok] All pods terminated (replicas=0)
[info] Scaling deployment back to 73 replicas
[ok] Rollout completed after scale-to-zero
[verify] newest RS=newdeploy-ml-image-processing-default-8b22-c7f0f2d6d72b-5dbf65d594 pods=24 ready=24
[ok] Verified newest ReplicaSet template resources match expected
[ok] Rollout completed after scale-to-zero
[verify] newest RS=newdeploy-ml-object-detection-default-9ecd-2fb10570ca05-6658cf7dff pods=73 ready=73
[ok] Verified newest ReplicaSet template resources match expected
[info] Started Locust with PID 859455
[info] attempt=1: start sleep for 20s
[info] attempt=1: sleep done
\Start sampling in parallel...
Workflow e2e p99 latency (55 completed in 18.7s, parallel, 8 workers): 9.000s
Average stage latencies:
  - ml-image-processing: 0.109s
  - ml-object-detection: 0.251s
[info] total_requests: 1203
[info] e2e_latency (p99): 3.700 s
[info] energy_j: 8751.495135 J
[info] served_rps: 66.90 req/s
[info]: start_time: 1767853827.531, end_time: 1767853846.231, duration_s: 18.70 s
[info] energy_cost: 7.274726 J/request
[info] average power: 467.994391 W
[info] Locust stopped
================================================================================
objective      : energy
resource_config: [{'cpu_m': 703, 'memory_mi': 59}, {'cpu_m': 4201, 'memory_mi': 467}], latencies: {'ml-image-processing': 0.10938477729048048, 'ml-object-detection': 0.25139527529364036}, price_cost: 197.533986, energy_cost: 7.274726, latency_p99 : 3.700000, feasible: False, total_requests: 1203, served_rps: 66.90, total_energy_j: 8751.495135 J, profiling_duration_s: 18.700000s, average_power: 467.994391 W
wall_time_s    : 101.386
================================================================================

Updating function ml-image-processing to cpu: 711m, memory: 68Mi
Updating Deployment resource configuration...

Updating function ml-object-detection to cpu: 5214m, memory: 512Mi
Updating Deployment resource configuration...

[info] Original replicas=24, selector='environmentName=ml-image-processing,environmentNamespace=default,environmentUid=2449fff4-7632-422c-aa00-519fcb194e26,executorType=newdeploy,functionName=ml-image-processing,functionNamespace=default,functionUid=58487e4a-0036-4ccd-8b22-c7f0f2d6d72b'
[info] Original replicas=73, selector='environmentName=yolo,environmentNamespace=default,environmentUid=ced8af41-455b-4081-99aa-1700c0092126,executorType=newdeploy,functionName=ml-object-detection,functionNamespace=default,functionUid=182005a6-ad76-40e9-9ecd-2fb10570ca05'
[ok] Patched Deployment resources
[ok] Patched Deployment resources
[ok] Verified Deployment template resources: requests={'cpu': '1500m', 'memory': '400Mi'} limits={'cpu': '5214m', 'memory': '512Mi'}
[info] Scaling deployment to 0 replicas to force full pod replacement
[ok] Verified Deployment template resources: requests={'cpu': '300m', 'memory': '50Mi'} limits={'cpu': '711m', 'memory': '68Mi'}
[info] Scaling deployment to 0 replicas to force full pod replacement
[ok] All pods terminated (replicas=0)
[info] Scaling deployment back to 24 replicas
[ok] All pods terminated (replicas=0)
[info] Scaling deployment back to 73 replicas
[ok] Rollout completed after scale-to-zero
[verify] newest RS=newdeploy-ml-image-processing-default-8b22-c7f0f2d6d72b-c5f9477dd pods=24 ready=24
[ok] Verified newest ReplicaSet template resources match expected
[ok] Rollout completed after scale-to-zero
[verify] newest RS=newdeploy-ml-object-detection-default-9ecd-2fb10570ca05-78f55f99d4 pods=73 ready=73
[ok] Verified newest ReplicaSet template resources match expected
[info] Started Locust with PID 869492
[info] attempt=1: start sleep for 20s
[info] attempt=1: sleep done
\Start sampling in parallel...
Workflow e2e p99 latency (71 completed in 17.7s, parallel, 8 workers): 2.693s
Average stage latencies:
  - ml-image-processing: 0.125s
  - ml-object-detection: 0.230s
[info] total_requests: 1244
[info] e2e_latency (p99): 3.600 s
[info] energy_j: 8605.897771 J
[info] served_rps: 66.80 req/s
[info]: start_time: 1767853927.331, end_time: 1767853945.031, duration_s: 17.70 s
[info] energy_cost: 6.917924 J/request
[info] average power: 486.208919 W
[info] Locust stopped
================================================================================
objective      : energy
resource_config: [{'cpu_m': 711, 'memory_mi': 68}, {'cpu_m': 5214, 'memory_mi': 512}], latencies: {'ml-image-processing': 0.12499315274590758, 'ml-object-detection': 0.2301044556915655}, price_cost: 224.487464, energy_cost: 6.917924, latency_p99 : 3.600000, feasible: False, total_requests: 1244, served_rps: 66.80, total_energy_j: 8605.897771 J, profiling_duration_s: 17.700000s, average_power: 486.208919 W
wall_time_s    : 98.831
================================================================================

================================================================================

Batch  9: best_feasible_cost (random, qNEI) = (6.283738658700522, 6.207693726800297), best_constraint =  -1.700 (<=0 feasible), time = 307.62.
Best feasible resource configuration: [{'cpu_m': 698, 'memory_mi': 70}, {'cpu_m': 6000, 'memory_mi': 400}]

================================================================================
/home/cc/miniconda3/envs/faas/lib/python3.10/site-packages/botorch/acquisition/monte_carlo.py:502: NumericsWarning: qNoisyExpectedImprovement has known numerical issues that lead to suboptimal optimization performance. It is strongly recommended to simply replace

	 qNoisyExpectedImprovement 	 --> 	 qLogNoisyExpectedImprovement 

instead, which fixes the issues and has the same API. See https://arxiv.org/abs/2310.20708 for details.
  legacy_ei_numerics_warning(legacy_name=type(self).__name__)
Updating function ml-image-processing to cpu: 723m, memory: 70Mi
Updating Deployment resource configuration...

Updating function ml-object-detection to cpu: 6000m, memory: 496Mi
Updating Deployment resource configuration...

[info] Original replicas=24, selector='environmentName=ml-image-processing,environmentNamespace=default,environmentUid=2449fff4-7632-422c-aa00-519fcb194e26,executorType=newdeploy,functionName=ml-image-processing,functionNamespace=default,functionUid=58487e4a-0036-4ccd-8b22-c7f0f2d6d72b'
[info] Original replicas=73, selector='environmentName=yolo,environmentNamespace=default,environmentUid=ced8af41-455b-4081-99aa-1700c0092126,executorType=newdeploy,functionName=ml-object-detection,functionNamespace=default,functionUid=182005a6-ad76-40e9-9ecd-2fb10570ca05'
[ok] Patched Deployment resources
[ok] Patched Deployment resources
[ok] Verified Deployment template resources: requests={'cpu': '300m', 'memory': '50Mi'} limits={'cpu': '723m', 'memory': '70Mi'}
[info] Scaling deployment to 0 replicas to force full pod replacement
[ok] Verified Deployment template resources: requests={'cpu': '1500m', 'memory': '400Mi'} limits={'cpu': '6', 'memory': '496Mi'}
[info] Scaling deployment to 0 replicas to force full pod replacement
[ok] All pods terminated (replicas=0)
[info] Scaling deployment back to 73 replicas
[ok] All pods terminated (replicas=0)
[info] Scaling deployment back to 24 replicas
[ok] Rollout completed after scale-to-zero
[verify] newest RS=newdeploy-ml-image-processing-default-8b22-c7f0f2d6d72b-7d84947975 pods=24 ready=24
[ok] Verified newest ReplicaSet template resources match expected
[ok] Rollout completed after scale-to-zero
[verify] newest RS=newdeploy-ml-object-detection-default-9ecd-2fb10570ca05-6d897bccd8 pods=73 ready=73
[ok] Verified newest ReplicaSet template resources match expected
[info] Started Locust with PID 887314
[info] attempt=1: start sleep for 20s
[info] attempt=1: sleep done
\Start sampling in parallel...
Workflow e2e p99 latency (73 completed in 16.4s, parallel, 8 workers): 1.145s
Average stage latencies:
  - ml-image-processing: 0.126s
  - ml-object-detection: 0.193s
[info] poll_locust_row: failed to load, try again
[info] poll_locust_row: failed to load, try again
[info] poll_locust_row: failed to load, try again
[info] total_requests: 1373
[info] e2e_latency (p99): 1.200 s
[info] energy_j: 8539.007558 J
[info] served_rps: 75.90 req/s
[info]: start_time: 1767854033.131, end_time: 1767854049.631, duration_s: 16.50 s
[info] energy_cost: 6.219233 J/request
[info] average power: 517.515610 W
[info] Locust stopped
================================================================================
objective      : energy
resource_config: [{'cpu_m': 723, 'memory_mi': 70}, {'cpu_m': 6000, 'memory_mi': 496}], latencies: {'ml-image-processing': 0.12595930872867778, 'ml-object-detection': 0.1930402548256496}, price_cost: 217.416800, energy_cost: 6.219233, latency_p99 : 1.200000, feasible: True, total_requests: 1373, served_rps: 75.90, total_energy_j: 8539.007558 J, profiling_duration_s: 16.500000s, average_power: 517.515610 W
wall_time_s    : 104.262
================================================================================

Updating function ml-image-processing to cpu: 701m, memory: 50Mi
Updating Deployment resource configuration...

Updating function ml-object-detection to cpu: 6000m, memory: 400Mi
Updating Deployment resource configuration...

[info] Original replicas=24, selector='environmentName=ml-image-processing,environmentNamespace=default,environmentUid=2449fff4-7632-422c-aa00-519fcb194e26,executorType=newdeploy,functionName=ml-image-processing,functionNamespace=default,functionUid=58487e4a-0036-4ccd-8b22-c7f0f2d6d72b'
[info] Original replicas=73, selector='environmentName=yolo,environmentNamespace=default,environmentUid=ced8af41-455b-4081-99aa-1700c0092126,executorType=newdeploy,functionName=ml-object-detection,functionNamespace=default,functionUid=182005a6-ad76-40e9-9ecd-2fb10570ca05'
[ok] Patched Deployment resources
[ok] Patched Deployment resources
[ok] Verified Deployment template resources: requests={'cpu': '1500m', 'memory': '400Mi'} limits={'cpu': '6', 'memory': '400Mi'}
[info] Scaling deployment to 0 replicas to force full pod replacement
[ok] Verified Deployment template resources: requests={'cpu': '300m', 'memory': '50Mi'} limits={'cpu': '701m', 'memory': '50Mi'}
[info] Scaling deployment to 0 replicas to force full pod replacement
[ok] All pods terminated (replicas=0)
[info] Scaling deployment back to 24 replicas
[ok] All pods terminated (replicas=0)
[info] Scaling deployment back to 73 replicas
[ok] Rollout completed after scale-to-zero
[verify] newest RS=newdeploy-ml-image-processing-default-8b22-c7f0f2d6d72b-757c596797 pods=24 ready=24
[ok] Verified newest ReplicaSet template resources match expected
[ok] Rollout completed after scale-to-zero
[verify] newest RS=newdeploy-ml-object-detection-default-9ecd-2fb10570ca05-65fbbc4f7 pods=73 ready=73
[ok] Verified newest ReplicaSet template resources match expected
[info] Started Locust with PID 897401
[info] attempt=1: start sleep for 20s
[info] attempt=1: sleep done
\Start sampling in parallel...
Workflow e2e p99 latency (72 completed in 16.2s, parallel, 8 workers): 1.592s
Average stage latencies:
  - ml-image-processing: 0.127s
  - ml-object-detection: 0.197s
[info] total_requests: 1129
[info] e2e_latency (p99): 1.500 s
[info] energy_j: 8334.436969 J
[info] served_rps: 74.60 req/s
[info]: start_time: 1767854132.531, end_time: 1767854148.731, duration_s: 16.20 s
[info] energy_cost: 7.382141 J/request
[info] average power: 514.471416 W
[info] Locust stopped
================================================================================
objective      : energy
resource_config: [{'cpu_m': 701, 'memory_mi': 50}, {'cpu_m': 6000, 'memory_mi': 400}], latencies: {'ml-image-processing': 0.12743223706234452, 'ml-object-detection': 0.19654586301961294}, price_cost: 220.514072, energy_cost: 7.382141, latency_p99 : 1.500000, feasible: True, total_requests: 1129, served_rps: 74.60, total_energy_j: 8334.436969 J, profiling_duration_s: 16.200000s, average_power: 514.471416 W
wall_time_s    : 97.657
================================================================================

Updating function ml-image-processing to cpu: 521m, memory: 67Mi
Updating Deployment resource configuration...

Updating function ml-object-detection to cpu: 1640m, memory: 415Mi
Updating Deployment resource configuration...

[info] Original replicas=24, selector='environmentName=ml-image-processing,environmentNamespace=default,environmentUid=2449fff4-7632-422c-aa00-519fcb194e26,executorType=newdeploy,functionName=ml-image-processing,functionNamespace=default,functionUid=58487e4a-0036-4ccd-8b22-c7f0f2d6d72b'
[info] Original replicas=73, selector='environmentName=yolo,environmentNamespace=default,environmentUid=ced8af41-455b-4081-99aa-1700c0092126,executorType=newdeploy,functionName=ml-object-detection,functionNamespace=default,functionUid=182005a6-ad76-40e9-9ecd-2fb10570ca05'
[ok] Patched Deployment resources
[ok] Patched Deployment resources
[ok] Verified Deployment template resources: requests={'cpu': '300m', 'memory': '50Mi'} limits={'cpu': '521m', 'memory': '67Mi'}
[info] Scaling deployment to 0 replicas to force full pod replacement
[ok] Verified Deployment template resources: requests={'cpu': '1500m', 'memory': '400Mi'} limits={'cpu': '1640m', 'memory': '415Mi'}
[info] Scaling deployment to 0 replicas to force full pod replacement
[ok] All pods terminated (replicas=0)
[info] Scaling deployment back to 24 replicas
[ok] All pods terminated (replicas=0)
[info] Scaling deployment back to 73 replicas
[ok] Rollout completed after scale-to-zero
[verify] newest RS=newdeploy-ml-image-processing-default-8b22-c7f0f2d6d72b-7db9f84fd6 pods=24 ready=24
[ok] Verified newest ReplicaSet template resources match expected
[ok] Rollout completed after scale-to-zero
[verify] newest RS=newdeploy-ml-object-detection-default-9ecd-2fb10570ca05-94579f856 pods=73 ready=73
[ok] Verified newest ReplicaSet template resources match expected
[info] Started Locust with PID 907566
[info] attempt=1: start sleep for 20s
[info] attempt=1: sleep done
\Start sampling in parallel...
Workflow e2e p99 latency (29 completed in 21.3s, parallel, 8 workers): 9.000s
Average stage latencies:
  - ml-image-processing: 0.142s
  - ml-object-detection: 0.772s
[info] poll_locust_row: failed to load, try again
[info] poll_locust_row: failed to load, try again
[info] poll_locust_row: failed to load, try again
[info] total_requests: 838
[info] e2e_latency (p99): 3.900 s
[info] energy_j: 6839.982419 J
[info] served_rps: 38.30 req/s
[info]: start_time: 1767854232.031, end_time: 1767854253.431, duration_s: 21.40 s
[info] energy_cost: 8.162270 J/request
[info] average power: 319.625345 W
[info] Locust stopped
================================================================================
objective      : energy
resource_config: [{'cpu_m': 521, 'memory_mi': 67}, {'cpu_m': 1640, 'memory_mi': 415}], latencies: {'ml-image-processing': 0.14215436155119768, 'ml-object-detection': 0.7715198229281948}, price_cost: 235.763776, energy_cost: 8.162270, latency_p99 : 3.900000, feasible: False, total_requests: 838, served_rps: 38.30, total_energy_j: 6839.982419 J, profiling_duration_s: 21.400000s, average_power: 319.625345 W
wall_time_s    : 106.169
================================================================================

================================================================================

Batch 10: best_feasible_cost (random, qNEI) = (6.283738658700522, 6.207693726800297), best_constraint =  -1.700 (<=0 feasible), time = 310.02.
Best feasible resource configuration: [{'cpu_m': 698, 'memory_mi': 70}, {'cpu_m': 6000, 'memory_mi': 400}]

================================================================================
BO loop time: 4066.96 seconds
Best cost: 6.207693726800297
Best resource configuration: [{'cpu_m': 698, 'memory_mi': 70}, {'cpu_m': 6000, 'memory_mi': 400}]

========================================
