Run 4
========================================
Default
drwxrwxr-x 2 cc cc   4096 Jan  8 03:14 __pycache__
-rw-rw-r-- 1 cc cc  21743 Jan  8 00:11 bayesian_optimization.py
drwxrwxr-x 2 cc cc   4096 Jan  5 15:43 bo_outputs_copy
-rw-rw-r-- 1 cc cc  22474 Jan  8 02:32 bo_utils.py
-rw-rw-r-- 1 cc cc  12286 Jan  5 01:06 check_result.py
-rw-rw-r-- 1 cc cc   7349 Jan  5 15:31 compute_stat.py
-rw-rw-r-- 1 cc cc   6640 Jan  5 15:43 compute_trade_off.py
-rw-rw-r-- 1 cc cc   1438 Jan  5 14:32 config.py
-rw-rw-r-- 1 cc cc   4370 Jan  8 00:11 manager.py
-rw-rw-r-- 1 cc cc   9045 Dec 16 05:41 original-bayesian_optimization.py
-rw-rw-r-- 1 cc cc  11668 Jan  5 15:23 original_bo_results_price_20260105_051239 copy.json
-rw-rw-r-- 1 cc cc   2423 Jan  3 19:23 pods_mapping.py
-rw-rw-r-- 1 cc cc  21769 Jan  7 06:31 power_service.py
-rw-rw-r-- 1 cc cc   1736 Jan  7 00:16 temp.py

IS_ENERGY: False
[info] batch_size: 3, initial_points: 10, n_batch: 10
No checkpoint found, starting fresh BO run.
Updating function ml-image-processing to cpu: 624m, memory: 67Mi
Updating Deployment resource configuration...

Updating function ml-object-detection to cpu: 4306m, memory: 417Mi
Updating Deployment resource configuration...

[info] Original replicas=24, selector='environmentName=ml-image-processing,environmentNamespace=default,environmentUid=2449fff4-7632-422c-aa00-519fcb194e26,executorType=newdeploy,functionName=ml-image-processing,functionNamespace=default,functionUid=58487e4a-0036-4ccd-8b22-c7f0f2d6d72b'
[info] Original replicas=73, selector='environmentName=yolo,environmentNamespace=default,environmentUid=ced8af41-455b-4081-99aa-1700c0092126,executorType=newdeploy,functionName=ml-object-detection,functionNamespace=default,functionUid=182005a6-ad76-40e9-9ecd-2fb10570ca05'
[ok] Patched Deployment resources
[ok] Patched Deployment resources
[ok] Verified Deployment template resources: requests={'cpu': '300m', 'memory': '50Mi'} limits={'cpu': '624m', 'memory': '67Mi'}
[info] Scaling deployment to 0 replicas to force full pod replacement
[ok] Verified Deployment template resources: requests={'cpu': '1500m', 'memory': '400Mi'} limits={'cpu': '4306m', 'memory': '417Mi'}
[info] Scaling deployment to 0 replicas to force full pod replacement
[ok] All pods terminated (replicas=0)
[info] Scaling deployment back to 24 replicas
[ok] All pods terminated (replicas=0)
[info] Scaling deployment back to 73 replicas
[ok] Deleted HPA newdeploy-ml-object-detection-default-9ecd-2fb10570ca05
[ok] Rollout completed after scale-to-zero
[verify] newest RS=newdeploy-ml-image-processing-default-8b22-c7f0f2d6d72b-c696b647d pods=24 ready=24
[ok] Verified newest ReplicaSet template resources match expected
[ok] Rollout completed after scale-to-zero
[verify] newest RS=newdeploy-ml-object-detection-default-9ecd-2fb10570ca05-599948fdd pods=73 ready=73
[ok] Verified newest ReplicaSet template resources match expected
[info] Started Locust with PID 918306
[info] attempt=1: start sleep for 20s
[info] attempt=1: sleep done
\Start sampling in parallel...
Workflow e2e p99 latency (62 completed in 19.0s, parallel, 8 workers): 9.000s
Average stage latencies:
  - ml-image-processing: 0.129s
  - ml-object-detection: 0.253s
[info] total_requests: 1410
[info] e2e_latency (p99): 3.700 s
[info] energy_j: 8937.273579 J
[info] served_rps: 67.20 req/s
[info]: start_time: 1767854337.231, end_time: 1767854356.231, duration_s: 19.00 s
[info] energy_cost: 6.338492 J/request
[info] average power: 470.382820 W
[info] Locust stopped
================================================================================
objective      : price
resource_config: [{'cpu_m': 624, 'memory_mi': 67}, {'cpu_m': 4306, 'memory_mi': 417}], latencies: {'ml-image-processing': 0.12919390608824916, 'ml-object-detection': 0.2528883090511091}, price_cost: 203.736410, energy_cost: 6.338492, latency_p99 : 3.700000, feasible: False, total_requests: 1410, served_rps: 67.20, total_energy_j: 8937.273579 J, profiling_duration_s: 19.000000s, average_power: 470.382820 W
wall_time_s    : 97.945
================================================================================

Updating function ml-image-processing to cpu: 503m, memory: 63Mi
Updating Deployment resource configuration...

Updating function ml-object-detection to cpu: 5577m, memory: 481Mi
Updating Deployment resource configuration...

[info] Original replicas=24, selector='environmentName=ml-image-processing,environmentNamespace=default,environmentUid=2449fff4-7632-422c-aa00-519fcb194e26,executorType=newdeploy,functionName=ml-image-processing,functionNamespace=default,functionUid=58487e4a-0036-4ccd-8b22-c7f0f2d6d72b'
[info] Original replicas=73, selector='environmentName=yolo,environmentNamespace=default,environmentUid=ced8af41-455b-4081-99aa-1700c0092126,executorType=newdeploy,functionName=ml-object-detection,functionNamespace=default,functionUid=182005a6-ad76-40e9-9ecd-2fb10570ca05'
[ok] Patched Deployment resources
[ok] Patched Deployment resources
[ok] Verified Deployment template resources: requests={'cpu': '1500m', 'memory': '400Mi'} limits={'cpu': '5577m', 'memory': '481Mi'}
[info] Scaling deployment to 0 replicas to force full pod replacement
[ok] Verified Deployment template resources: requests={'cpu': '300m', 'memory': '50Mi'} limits={'cpu': '503m', 'memory': '63Mi'}
[info] Scaling deployment to 0 replicas to force full pod replacement
[ok] All pods terminated (replicas=0)
[info] Scaling deployment back to 24 replicas
[ok] All pods terminated (replicas=0)
[info] Scaling deployment back to 73 replicas
[ok] Rollout completed after scale-to-zero
[verify] newest RS=newdeploy-ml-image-processing-default-8b22-c7f0f2d6d72b-6779fcbfc6 pods=24 ready=24
[ok] Verified newest ReplicaSet template resources match expected
[ok] Rollout completed after scale-to-zero
[verify] newest RS=newdeploy-ml-object-detection-default-9ecd-2fb10570ca05-776667c94 pods=73 ready=73
[ok] Verified newest ReplicaSet template resources match expected
[info] Started Locust with PID 928395
[info] attempt=1: start sleep for 20s
[info] attempt=1: sleep done
\Start sampling in parallel...
Workflow e2e p99 latency (68 completed in 17.6s, parallel, 8 workers): 1.705s
Average stage latencies:
  - ml-image-processing: 0.174s
  - ml-object-detection: 0.202s
[info] poll_locust_row: failed to load, try again
[info] total_requests: 1275
[info] e2e_latency (p99): 1.700 s
[info] energy_j: 8632.852894 J
[info] served_rps: 70.60 req/s
[info]: start_time: 1767854440.931, end_time: 1767854458.431, duration_s: 17.50 s
[info] energy_cost: 6.770865 J/request
[info] average power: 493.305880 W
[info] Locust stopped
================================================================================
objective      : price
resource_config: [{'cpu_m': 503, 'memory_mi': 63}, {'cpu_m': 5577, 'memory_mi': 481}], latencies: {'ml-image-processing': 0.17352810569847113, 'ml-object-detection': 0.2018273957347607}, price_cost: 211.156090, energy_cost: 6.770865, latency_p99 : 1.700000, feasible: True, total_requests: 1275, served_rps: 70.60, total_energy_j: 8632.852894 J, profiling_duration_s: 17.500000s, average_power: 493.305880 W
wall_time_s    : 102.782
================================================================================

Updating function ml-image-processing to cpu: 750m, memory: 51Mi
Updating Deployment resource configuration...

Updating function ml-object-detection to cpu: 1551m, memory: 408Mi
Updating Deployment resource configuration...

[info] Original replicas=73, selector='environmentName=yolo,environmentNamespace=default,environmentUid=ced8af41-455b-4081-99aa-1700c0092126,executorType=newdeploy,functionName=ml-object-detection,functionNamespace=default,functionUid=182005a6-ad76-40e9-9ecd-2fb10570ca05'
[info] Original replicas=24, selector='environmentName=ml-image-processing,environmentNamespace=default,environmentUid=2449fff4-7632-422c-aa00-519fcb194e26,executorType=newdeploy,functionName=ml-image-processing,functionNamespace=default,functionUid=58487e4a-0036-4ccd-8b22-c7f0f2d6d72b'
[ok] Patched Deployment resources
[ok] Patched Deployment resources
[ok] Verified Deployment template resources: requests={'cpu': '1500m', 'memory': '400Mi'} limits={'cpu': '1551m', 'memory': '408Mi'}
[info] Scaling deployment to 0 replicas to force full pod replacement
[ok] Verified Deployment template resources: requests={'cpu': '300m', 'memory': '50Mi'} limits={'cpu': '750m', 'memory': '51Mi'}
[info] Scaling deployment to 0 replicas to force full pod replacement
[ok] All pods terminated (replicas=0)
[info] Scaling deployment back to 24 replicas
[ok] All pods terminated (replicas=0)
[info] Scaling deployment back to 73 replicas
[ok] Rollout completed after scale-to-zero
[verify] newest RS=newdeploy-ml-image-processing-default-8b22-c7f0f2d6d72b-7b59dfb4d7 pods=24 ready=24
[ok] Verified newest ReplicaSet template resources match expected
[ok] Rollout completed after scale-to-zero
[verify] newest RS=newdeploy-ml-object-detection-default-9ecd-2fb10570ca05-b9ffc9c54 pods=73 ready=73
[ok] Verified newest ReplicaSet template resources match expected
[info] Started Locust with PID 938426
[info] attempt=1: start sleep for 20s
[info] attempt=1: sleep done
\Start sampling in parallel...
Workflow e2e p99 latency (36 completed in 21.5s, parallel, 8 workers): 9.000s
Average stage latencies:
  - ml-image-processing: 0.086s
  - ml-object-detection: 0.848s
[info] poll_locust_row: failed to load, try again
[info] poll_locust_row: failed to load, try again
[info] poll_locust_row: failed to load, try again
[info] total_requests: 810
[info] e2e_latency (p99): 3.800 s
[info] energy_j: 6885.741080 J
[info] served_rps: 37.00 req/s
[info]: start_time: 1767854541.031, end_time: 1767854562.531, duration_s: 21.50 s
[info] energy_cost: 8.500915 J/request
[info] average power: 320.267027 W
[info] Locust stopped
================================================================================
objective      : price
resource_config: [{'cpu_m': 750, 'memory_mi': 51}, {'cpu_m': 1551, 'memory_mi': 408}], latencies: {'ml-image-processing': 0.08553815211938776, 'ml-object-detection': 0.8477680095187996}, price_cost: 242.882328, energy_cost: 8.500915, latency_p99 : 3.800000, feasible: False, total_requests: 810, served_rps: 37.00, total_energy_j: 6885.741080 J, profiling_duration_s: 21.500000s, average_power: 320.267027 W
wall_time_s    : 105.012
================================================================================

Updating function ml-image-processing to cpu: 517m, memory: 57Mi
Updating Deployment resource configuration...

Updating function ml-object-detection to cpu: 4797m, memory: 494Mi
Updating Deployment resource configuration...

[info] Original replicas=73, selector='environmentName=yolo,environmentNamespace=default,environmentUid=ced8af41-455b-4081-99aa-1700c0092126,executorType=newdeploy,functionName=ml-object-detection,functionNamespace=default,functionUid=182005a6-ad76-40e9-9ecd-2fb10570ca05'
[info] Original replicas=24, selector='environmentName=ml-image-processing,environmentNamespace=default,environmentUid=2449fff4-7632-422c-aa00-519fcb194e26,executorType=newdeploy,functionName=ml-image-processing,functionNamespace=default,functionUid=58487e4a-0036-4ccd-8b22-c7f0f2d6d72b'
[ok] Patched Deployment resources
[ok] Patched Deployment resources
[ok] Verified Deployment template resources: requests={'cpu': '1500m', 'memory': '400Mi'} limits={'cpu': '4797m', 'memory': '494Mi'}
[info] Scaling deployment to 0 replicas to force full pod replacement
[ok] Verified Deployment template resources: requests={'cpu': '300m', 'memory': '50Mi'} limits={'cpu': '517m', 'memory': '57Mi'}
[info] Scaling deployment to 0 replicas to force full pod replacement
[ok] All pods terminated (replicas=0)
[info] Scaling deployment back to 24 replicas
[ok] All pods terminated (replicas=0)
[info] Scaling deployment back to 73 replicas
[ok] Deleted HPA newdeploy-ml-object-detection-default-9ecd-2fb10570ca05
[ok] Rollout completed after scale-to-zero
[verify] newest RS=newdeploy-ml-image-processing-default-8b22-c7f0f2d6d72b-864d68d47f pods=24 ready=24
[ok] Verified newest ReplicaSet template resources match expected
[ok] Rollout completed after scale-to-zero
[verify] newest RS=newdeploy-ml-object-detection-default-9ecd-2fb10570ca05-686b48dcc6 pods=73 ready=73
[ok] Verified newest ReplicaSet template resources match expected
[info] Started Locust with PID 948775
[info] attempt=1: start sleep for 20s
[info] attempt=1: sleep done
\Start sampling in parallel...
Workflow e2e p99 latency (61 completed in 16.5s, parallel, 8 workers): 9.000s
Average stage latencies:
  - ml-image-processing: 0.170s
  - ml-object-detection: 0.235s
[info] poll_locust_row: failed to load, try again
[info] poll_locust_row: failed to load, try again
[info] poll_locust_row: failed to load, try again
[info] total_requests: 1213
[info] e2e_latency (p99): 1.900 s
[info] energy_j: 7998.223831 J
[info] served_rps: 68.90 req/s
[info]: start_time: 1767854648.631, end_time: 1767854665.131, duration_s: 16.50 s
[info] energy_cost: 6.593754 J/request
[info] average power: 484.740838 W
[info] Locust stopped
================================================================================
objective      : price
resource_config: [{'cpu_m': 517, 'memory_mi': 57}, {'cpu_m': 4797, 'memory_mi': 494}], latencies: {'ml-image-processing': 0.17029147536183398, 'ml-object-detection': 0.23496057513014723}, price_cost: 211.767416, energy_cost: 6.593754, latency_p99 : 1.900000, feasible: True, total_requests: 1213, served_rps: 68.90, total_energy_j: 7998.223831 J, profiling_duration_s: 16.500000s, average_power: 484.740838 W
wall_time_s    : 102.593
================================================================================

Updating function ml-image-processing to cpu: 369m, memory: 58Mi
Updating Deployment resource configuration...

Updating function ml-object-detection to cpu: 4696m, memory: 505Mi
Updating Deployment resource configuration...

[info] Original replicas=24, selector='environmentName=ml-image-processing,environmentNamespace=default,environmentUid=2449fff4-7632-422c-aa00-519fcb194e26,executorType=newdeploy,functionName=ml-image-processing,functionNamespace=default,functionUid=58487e4a-0036-4ccd-8b22-c7f0f2d6d72b'
[info] Original replicas=73, selector='environmentName=yolo,environmentNamespace=default,environmentUid=ced8af41-455b-4081-99aa-1700c0092126,executorType=newdeploy,functionName=ml-object-detection,functionNamespace=default,functionUid=182005a6-ad76-40e9-9ecd-2fb10570ca05'
[ok] Patched Deployment resources
[ok] Patched Deployment resources
[ok] Verified Deployment template resources: requests={'cpu': '300m', 'memory': '50Mi'} limits={'cpu': '369m', 'memory': '58Mi'}
[info] Scaling deployment to 0 replicas to force full pod replacement
[ok] Verified Deployment template resources: requests={'cpu': '1500m', 'memory': '400Mi'} limits={'cpu': '4696m', 'memory': '505Mi'}
[info] Scaling deployment to 0 replicas to force full pod replacement
[ok] All pods terminated (replicas=0)
[info] Scaling deployment back to 24 replicas
[ok] All pods terminated (replicas=0)
[info] Scaling deployment back to 73 replicas
[ok] Rollout completed after scale-to-zero
[verify] newest RS=newdeploy-ml-image-processing-default-8b22-c7f0f2d6d72b-8449498796 pods=24 ready=24
[ok] Verified newest ReplicaSet template resources match expected
[ok] Rollout completed after scale-to-zero
[verify] newest RS=newdeploy-ml-object-detection-default-9ecd-2fb10570ca05-dcb7d7cc9 pods=73 ready=73
[ok] Verified newest ReplicaSet template resources match expected
[info] Started Locust with PID 958440
[info] attempt=1: start sleep for 20s
[info] attempt=1: sleep done
\Start sampling in parallel...
Workflow e2e p99 latency (60 completed in 17.6s, parallel, 8 workers): 2.975s
Average stage latencies:
  - ml-image-processing: 0.255s
  - ml-object-detection: 0.210s
[info] total_requests: 1119
[info] e2e_latency (p99): 2.700 s
[info] energy_j: 8184.456596 J
[info] served_rps: 62.10 req/s
[info]: start_time: 1767854752.831, end_time: 1767854770.431, duration_s: 17.60 s
[info] energy_cost: 7.314081 J/request
[info] average power: 465.025945 W
[info] Locust stopped
================================================================================
objective      : price
resource_config: [{'cpu_m': 369, 'memory_mi': 58}, {'cpu_m': 4696, 'memory_mi': 505}], latencies: {'ml-image-processing': 0.25528992999655503, 'ml-object-detection': 0.21010714437191685}, price_cost: 188.476873, energy_cost: 7.314081, latency_p99 : 2.700000, feasible: True, total_requests: 1119, served_rps: 62.10, total_energy_j: 8184.456596 J, profiling_duration_s: 17.600000s, average_power: 465.025945 W
wall_time_s    : 103.793
================================================================================

Updating function ml-image-processing to cpu: 708m, memory: 52Mi
Updating Deployment resource configuration...

Updating function ml-object-detection to cpu: 5595m, memory: 407Mi
Updating Deployment resource configuration...

[info] Original replicas=24, selector='environmentName=ml-image-processing,environmentNamespace=default,environmentUid=2449fff4-7632-422c-aa00-519fcb194e26,executorType=newdeploy,functionName=ml-image-processing,functionNamespace=default,functionUid=58487e4a-0036-4ccd-8b22-c7f0f2d6d72b'
[info] Original replicas=73, selector='environmentName=yolo,environmentNamespace=default,environmentUid=ced8af41-455b-4081-99aa-1700c0092126,executorType=newdeploy,functionName=ml-object-detection,functionNamespace=default,functionUid=182005a6-ad76-40e9-9ecd-2fb10570ca05'
[ok] Patched Deployment resources
[ok] Patched Deployment resources
[ok] Verified Deployment template resources: requests={'cpu': '1500m', 'memory': '400Mi'} limits={'cpu': '5595m', 'memory': '407Mi'}
[info] Scaling deployment to 0 replicas to force full pod replacement
[ok] Verified Deployment template resources: requests={'cpu': '300m', 'memory': '50Mi'} limits={'cpu': '708m', 'memory': '52Mi'}
[info] Scaling deployment to 0 replicas to force full pod replacement
[ok] All pods terminated (replicas=0)
[info] Scaling deployment back to 24 replicas
[ok] All pods terminated (replicas=0)
[info] Scaling deployment back to 73 replicas
[ok] Rollout completed after scale-to-zero
[verify] newest RS=newdeploy-ml-image-processing-default-8b22-c7f0f2d6d72b-56846cfcdc pods=24 ready=24
[ok] Verified newest ReplicaSet template resources match expected
[ok] Rollout completed after scale-to-zero
[verify] newest RS=newdeploy-ml-object-detection-default-9ecd-2fb10570ca05-594b76498c pods=73 ready=73
[ok] Verified newest ReplicaSet template resources match expected
[info] Started Locust with PID 968885
[info] attempt=1: start sleep for 20s
[info] attempt=1: sleep done
\Start sampling in parallel...
Workflow e2e p99 latency (72 completed in 16.6s, parallel, 8 workers): 1.977s
Average stage latencies:
  - ml-image-processing: 0.135s
  - ml-object-detection: 0.211s
[info] poll_locust_row: failed to load, try again
[info] poll_locust_row: failed to load, try again
[info] total_requests: 1352
[info] e2e_latency (p99): 1.600 s
[info] energy_j: 8492.639723 J
[info] served_rps: 74.60 req/s
[info]: start_time: 1767854858.631, end_time: 1767854875.331, duration_s: 16.70 s
[info] energy_cost: 6.281538 J/request
[info] average power: 508.541299 W
[info] Locust stopped
================================================================================
objective      : price
resource_config: [{'cpu_m': 708, 'memory_mi': 52}, {'cpu_m': 5595, 'memory_mi': 407}], latencies: {'ml-image-processing': 0.135169818234216, 'ml-object-detection': 0.21059109848768762}, price_cost: 221.535330, energy_cost: 6.281538, latency_p99 : 1.600000, feasible: True, total_requests: 1352, served_rps: 74.60, total_energy_j: 8492.639723 J, profiling_duration_s: 16.700000s, average_power: 508.541299 W
wall_time_s    : 105.929
================================================================================

Updating function ml-image-processing to cpu: 306m, memory: 57Mi
Updating Deployment resource configuration...

Updating function ml-object-detection to cpu: 1835m, memory: 452Mi
Updating Deployment resource configuration...

[info] Original replicas=24, selector='environmentName=ml-image-processing,environmentNamespace=default,environmentUid=2449fff4-7632-422c-aa00-519fcb194e26,executorType=newdeploy,functionName=ml-image-processing,functionNamespace=default,functionUid=58487e4a-0036-4ccd-8b22-c7f0f2d6d72b'
[info] Original replicas=73, selector='environmentName=yolo,environmentNamespace=default,environmentUid=ced8af41-455b-4081-99aa-1700c0092126,executorType=newdeploy,functionName=ml-object-detection,functionNamespace=default,functionUid=182005a6-ad76-40e9-9ecd-2fb10570ca05'
[ok] Patched Deployment resources
[ok] Patched Deployment resources
[ok] Verified Deployment template resources: requests={'cpu': '300m', 'memory': '50Mi'} limits={'cpu': '306m', 'memory': '57Mi'}
[info] Scaling deployment to 0 replicas to force full pod replacement
[ok] Verified Deployment template resources: requests={'cpu': '1500m', 'memory': '400Mi'} limits={'cpu': '1835m', 'memory': '452Mi'}
[info] Scaling deployment to 0 replicas to force full pod replacement
[ok] All pods terminated (replicas=0)
[info] Scaling deployment back to 24 replicas
[ok] All pods terminated (replicas=0)
[info] Scaling deployment back to 73 replicas
[ok] Rollout completed after scale-to-zero
[verify] newest RS=newdeploy-ml-image-processing-default-8b22-c7f0f2d6d72b-7fd6767 pods=24 ready=24
[ok] Verified newest ReplicaSet template resources match expected
[ok] Rollout completed after scale-to-zero
[verify] newest RS=newdeploy-ml-object-detection-default-9ecd-2fb10570ca05-5b9d47d4d6 pods=73 ready=73
[ok] Verified newest ReplicaSet template resources match expected
[info] Started Locust with PID 979098
[info] attempt=1: start sleep for 20s
[info] attempt=1: sleep done
\Start sampling in parallel...
Workflow e2e p99 latency (32 completed in 22.0s, parallel, 8 workers): 9.000s
Average stage latencies:
  - ml-image-processing: 0.240s
  - ml-object-detection: 0.710s
[info] poll_locust_row: failed to load, try again
[info] poll_locust_row: failed to load, try again
[info] total_requests: 792
[info] e2e_latency (p99): 4.700 s
[info] energy_j: 203601.526879 J
[info] served_rps: 36.10 req/s
[info]: start_time: 1767854957.531, end_time: 1767854979.531, duration_s: 22.00 s
[info] energy_cost: 257.072635 J/request
[info] average power: 9254.614858 W
[info] Locust stopped
================================================================================
objective      : price
resource_config: [{'cpu_m': 306, 'memory_mi': 57}, {'cpu_m': 1835, 'memory_mi': 452}], latencies: {'ml-image-processing': 0.24026373452752045, 'ml-object-detection': 0.709630922487888}, price_cost: 242.108679, energy_cost: 257.072635, latency_p99 : 4.700000, feasible: False, total_requests: 792, served_rps: 36.10, total_energy_j: 203601.526879 J, profiling_duration_s: 22.000000s, average_power: 9254.614858 W
wall_time_s    : 104.168
================================================================================

Updating function ml-image-processing to cpu: 729m, memory: 66Mi
Updating Deployment resource configuration...

Updating function ml-object-detection to cpu: 4086m, memory: 419Mi
Updating Deployment resource configuration...

[info] Original replicas=24, selector='environmentName=ml-image-processing,environmentNamespace=default,environmentUid=2449fff4-7632-422c-aa00-519fcb194e26,executorType=newdeploy,functionName=ml-image-processing,functionNamespace=default,functionUid=58487e4a-0036-4ccd-8b22-c7f0f2d6d72b'
[info] Original replicas=73, selector='environmentName=yolo,environmentNamespace=default,environmentUid=ced8af41-455b-4081-99aa-1700c0092126,executorType=newdeploy,functionName=ml-object-detection,functionNamespace=default,functionUid=182005a6-ad76-40e9-9ecd-2fb10570ca05'
[ok] Patched Deployment resources
[ok] Patched Deployment resources
[ok] Verified Deployment template resources: requests={'cpu': '1500m', 'memory': '400Mi'} limits={'cpu': '4086m', 'memory': '419Mi'}
[info] Scaling deployment to 0 replicas to force full pod replacement
[ok] Verified Deployment template resources: requests={'cpu': '300m', 'memory': '50Mi'} limits={'cpu': '729m', 'memory': '66Mi'}
[info] Scaling deployment to 0 replicas to force full pod replacement
[ok] All pods terminated (replicas=0)
[info] Scaling deployment back to 24 replicas
[ok] All pods terminated (replicas=0)
[info] Scaling deployment back to 73 replicas
[ok] Deleted HPA newdeploy-ml-object-detection-default-9ecd-2fb10570ca05
[ok] Rollout completed after scale-to-zero
[verify] newest RS=newdeploy-ml-image-processing-default-8b22-c7f0f2d6d72b-7b8fff786f pods=24 ready=24
[ok] Verified newest ReplicaSet template resources match expected
[ok] Rollout completed after scale-to-zero
[verify] newest RS=newdeploy-ml-object-detection-default-9ecd-2fb10570ca05-5fcd656ff7 pods=73 ready=73
[ok] Verified newest ReplicaSet template resources match expected
[info] Started Locust with PID 989477
[info] attempt=1: start sleep for 20s
[info] attempt=1: sleep done
\Start sampling in parallel...
Workflow e2e p99 latency (63 completed in 16.5s, parallel, 8 workers): 9.000s
Average stage latencies:
  - ml-image-processing: 0.111s
  - ml-object-detection: 0.246s
[info] poll_locust_row: failed to load, try again
[info] poll_locust_row: failed to load, try again
[info] poll_locust_row: failed to load, try again
[info] total_requests: 1197
[info] e2e_latency (p99): 3.700 s
[info] energy_j: 7603.994556 J
[info] served_rps: 65.80 req/s
[info]: start_time: 1767855066.731, end_time: 1767855083.131, duration_s: 16.40 s
[info] energy_cost: 6.352543 J/request
[info] average power: 463.658202 W
[info] Locust stopped
================================================================================
objective      : price
resource_config: [{'cpu_m': 729, 'memory_mi': 66}, {'cpu_m': 4086, 'memory_mi': 419}], latencies: {'ml-image-processing': 0.1105227484057347, 'ml-object-detection': 0.24635078974533825}, price_cost: 189.438091, energy_cost: 6.352543, latency_p99 : 3.700000, feasible: False, total_requests: 1197, served_rps: 65.80, total_energy_j: 7603.994556 J, profiling_duration_s: 16.400000s, average_power: 463.658202 W
wall_time_s    : 104.241
================================================================================

Updating function ml-image-processing to cpu: 758m, memory: 52Mi
Updating Deployment resource configuration...

Updating function ml-object-detection to cpu: 5649m, memory: 471Mi
Updating Deployment resource configuration...

[info] Original replicas=24, selector='environmentName=ml-image-processing,environmentNamespace=default,environmentUid=2449fff4-7632-422c-aa00-519fcb194e26,executorType=newdeploy,functionName=ml-image-processing,functionNamespace=default,functionUid=58487e4a-0036-4ccd-8b22-c7f0f2d6d72b'
[info] Original replicas=73, selector='environmentName=yolo,environmentNamespace=default,environmentUid=ced8af41-455b-4081-99aa-1700c0092126,executorType=newdeploy,functionName=ml-object-detection,functionNamespace=default,functionUid=182005a6-ad76-40e9-9ecd-2fb10570ca05'
[ok] Patched Deployment resources
[ok] Patched Deployment resources
[ok] Verified Deployment template resources: requests={'cpu': '1500m', 'memory': '400Mi'} limits={'cpu': '5649m', 'memory': '471Mi'}
[info] Scaling deployment to 0 replicas to force full pod replacement
[ok] Verified Deployment template resources: requests={'cpu': '300m', 'memory': '50Mi'} limits={'cpu': '758m', 'memory': '52Mi'}
[info] Scaling deployment to 0 replicas to force full pod replacement
[ok] All pods terminated (replicas=0)
[info] Scaling deployment back to 24 replicas
[ok] All pods terminated (replicas=0)
[info] Scaling deployment back to 73 replicas
[ok] Rollout completed after scale-to-zero
[verify] newest RS=newdeploy-ml-image-processing-default-8b22-c7f0f2d6d72b-7c8f95d98f pods=24 ready=24
[ok] Verified newest ReplicaSet template resources match expected
[ok] Rollout completed after scale-to-zero
[verify] newest RS=newdeploy-ml-object-detection-default-9ecd-2fb10570ca05-86b84cbb5b pods=73 ready=73
[ok] Verified newest ReplicaSet template resources match expected
[info] Started Locust with PID 1000031
[info] attempt=1: start sleep for 20s
[info] attempt=1: sleep done
\Start sampling in parallel...
Workflow e2e p99 latency (74 completed in 17.2s, parallel, 8 workers): 1.683s
Average stage latencies:
  - ml-image-processing: 0.118s
  - ml-object-detection: 0.208s
[info] poll_locust_row: failed to load, try again
[info] total_requests: 1365
[info] e2e_latency (p99): 2.100 s
[info] energy_j: 8809.105284 J
[info] served_rps: 74.90 req/s
[info]: start_time: 1767855171.531, end_time: 1767855188.731, duration_s: 17.20 s
[info] energy_cost: 6.453557 J/request
[info] average power: 512.157283 W
[info] Locust stopped
================================================================================
objective      : price
resource_config: [{'cpu_m': 758, 'memory_mi': 52}, {'cpu_m': 5649, 'memory_mi': 471}], latencies: {'ml-image-processing': 0.11807084372392981, 'ml-object-detection': 0.20778646692004357}, price_cost: 219.827325, energy_cost: 6.453557, latency_p99 : 2.100000, feasible: True, total_requests: 1365, served_rps: 74.90, total_energy_j: 8809.105284 J, profiling_duration_s: 17.200000s, average_power: 512.157283 W
wall_time_s    : 104.534
================================================================================

Updating function ml-image-processing to cpu: 454m, memory: 68Mi
Updating Deployment resource configuration...

Updating function ml-object-detection to cpu: 3130m, memory: 455Mi
Updating Deployment resource configuration...

[info] Original replicas=24, selector='environmentName=ml-image-processing,environmentNamespace=default,environmentUid=2449fff4-7632-422c-aa00-519fcb194e26,executorType=newdeploy,functionName=ml-image-processing,functionNamespace=default,functionUid=58487e4a-0036-4ccd-8b22-c7f0f2d6d72b'
[info] Original replicas=73, selector='environmentName=yolo,environmentNamespace=default,environmentUid=ced8af41-455b-4081-99aa-1700c0092126,executorType=newdeploy,functionName=ml-object-detection,functionNamespace=default,functionUid=182005a6-ad76-40e9-9ecd-2fb10570ca05'
[ok] Patched Deployment resources
[ok] Patched Deployment resources
[ok] Verified Deployment template resources: requests={'cpu': '1500m', 'memory': '400Mi'} limits={'cpu': '3130m', 'memory': '455Mi'}
[info] Scaling deployment to 0 replicas to force full pod replacement
[ok] Verified Deployment template resources: requests={'cpu': '300m', 'memory': '50Mi'} limits={'cpu': '454m', 'memory': '68Mi'}
[info] Scaling deployment to 0 replicas to force full pod replacement
[ok] All pods terminated (replicas=0)
[info] Scaling deployment back to 24 replicas
[ok] All pods terminated (replicas=0)
[info] Scaling deployment back to 73 replicas
[ok] Rollout completed after scale-to-zero
[verify] newest RS=newdeploy-ml-image-processing-default-8b22-c7f0f2d6d72b-6989d67496 pods=24 ready=24
[ok] Verified newest ReplicaSet template resources match expected
[ok] Rollout completed after scale-to-zero
[verify] newest RS=newdeploy-ml-object-detection-default-9ecd-2fb10570ca05-844fc4974 pods=73 ready=73
[ok] Verified newest ReplicaSet template resources match expected
[info] Started Locust with PID 1010319
[info] attempt=1: start sleep for 20s
[info] attempt=1: sleep done
\Start sampling in parallel...
Workflow e2e p99 latency (49 completed in 21.3s, parallel, 8 workers): 9.000s
Average stage latencies:
  - ml-image-processing: 0.179s
  - ml-object-detection: 0.408s
[info] poll_locust_row: failed to load, try again
[info] poll_locust_row: failed to load, try again
[info] poll_locust_row: failed to load, try again
[info] total_requests: 1117
[info] e2e_latency (p99): 4.300 s
[info] energy_j: 8468.120491 J
[info] served_rps: 54.50 req/s
[info]: start_time: 1767855268.431, end_time: 1767855289.631, duration_s: 21.20 s
[info] energy_cost: 7.581128 J/request
[info] average power: 399.439645 W
[info] Locust stopped
================================================================================
objective      : price
resource_config: [{'cpu_m': 454, 'memory_mi': 68}, {'cpu_m': 3130, 'memory_mi': 455}], latencies: {'ml-image-processing': 0.1788845509989187, 'ml-object-detection': 0.4079757270985283}, price_cost: 237.397582, energy_cost: 7.581128, latency_p99 : 4.300000, feasible: False, total_requests: 1117, served_rps: 54.50, total_energy_j: 8468.120491 J, profiling_duration_s: 21.200000s, average_power: 399.439645 W
wall_time_s    : 101.886
================================================================================

Starting fresh (no checkpoint at bo_model_price_20260108_063742.pt).
  initial_points = 10
  running_batches = 10
  initial_best_feasible_cost = 188.476872569416
  initial_best_constraint = -0.300
  initial_best_resource_config = [{'cpu_m': 369, 'memory_mi': 58}, {'cpu_m': 4696, 'memory_mi': 505}]
  time_taken_for_init = 1032.92 seconds
/home/cc/miniconda3/envs/faas/lib/python3.10/site-packages/botorch/acquisition/monte_carlo.py:502: NumericsWarning: qNoisyExpectedImprovement has known numerical issues that lead to suboptimal optimization performance. It is strongly recommended to simply replace

	 qNoisyExpectedImprovement 	 --> 	 qLogNoisyExpectedImprovement 

instead, which fixes the issues and has the same API. See https://arxiv.org/abs/2310.20708 for details.
  legacy_ei_numerics_warning(legacy_name=type(self).__name__)
Updating function ml-image-processing to cpu: 316m, memory: 51Mi
Updating Deployment resource configuration...

Updating function ml-object-detection to cpu: 4338m, memory: 512Mi
Updating Deployment resource configuration...

[info] Original replicas=24, selector='environmentName=ml-image-processing,environmentNamespace=default,environmentUid=2449fff4-7632-422c-aa00-519fcb194e26,executorType=newdeploy,functionName=ml-image-processing,functionNamespace=default,functionUid=58487e4a-0036-4ccd-8b22-c7f0f2d6d72b'
[info] Original replicas=73, selector='environmentName=yolo,environmentNamespace=default,environmentUid=ced8af41-455b-4081-99aa-1700c0092126,executorType=newdeploy,functionName=ml-object-detection,functionNamespace=default,functionUid=182005a6-ad76-40e9-9ecd-2fb10570ca05'
[ok] Patched Deployment resources
[ok] Patched Deployment resources
[ok] Verified Deployment template resources: requests={'cpu': '300m', 'memory': '50Mi'} limits={'cpu': '316m', 'memory': '51Mi'}
[info] Scaling deployment to 0 replicas to force full pod replacement
[ok] Verified Deployment template resources: requests={'cpu': '1500m', 'memory': '400Mi'} limits={'cpu': '4338m', 'memory': '512Mi'}
[info] Scaling deployment to 0 replicas to force full pod replacement
[ok] All pods terminated (replicas=0)
[info] Scaling deployment back to 24 replicas
[ok] All pods terminated (replicas=0)
[info] Scaling deployment back to 73 replicas
[ok] Deleted HPA newdeploy-ml-object-detection-default-9ecd-2fb10570ca05
[ok] Rollout completed after scale-to-zero
[verify] newest RS=newdeploy-ml-image-processing-default-8b22-c7f0f2d6d72b-59b748b555 pods=24 ready=24
[ok] Verified newest ReplicaSet template resources match expected
[ok] Rollout completed after scale-to-zero
[verify] newest RS=newdeploy-ml-object-detection-default-9ecd-2fb10570ca05-68c6659ffb pods=73 ready=73
[ok] Verified newest ReplicaSet template resources match expected
[info] Started Locust with PID 1020636
[info] attempt=1: start sleep for 20s
[info] attempt=1: sleep done
\Start sampling in parallel...
Workflow e2e p99 latency (55 completed in 17.8s, parallel, 8 workers): 3.214s
Average stage latencies:
  - ml-image-processing: 0.311s
  - ml-object-detection: 0.232s
[info] total_requests: 1017
[info] e2e_latency (p99): 3.400 s
[info] energy_j: 7889.959322 J
[info] served_rps: 56.20 req/s
[info]: start_time: 1767855382.531, end_time: 1767855400.331, duration_s: 17.80 s
[info] energy_cost: 7.758072 J/request
[info] average power: 443.256137 W
[info] Locust stopped
================================================================================
objective      : price
resource_config: [{'cpu_m': 316, 'memory_mi': 51}, {'cpu_m': 4338, 'memory_mi': 512}], latencies: {'ml-image-processing': 0.31097132579677483, 'ml-object-detection': 0.23181338478726418}, price_cost: 192.625039, energy_cost: 7.758072, latency_p99 : 3.400000, feasible: False, total_requests: 1017, served_rps: 56.20, total_energy_j: 7889.959322 J, profiling_duration_s: 17.800000s, average_power: 443.256137 W
wall_time_s    : 104.114
================================================================================

Updating function ml-image-processing to cpu: 317m, memory: 55Mi
Updating Deployment resource configuration...

Updating function ml-object-detection to cpu: 5164m, memory: 496Mi
Updating Deployment resource configuration...

[info] Original replicas=24, selector='environmentName=ml-image-processing,environmentNamespace=default,environmentUid=2449fff4-7632-422c-aa00-519fcb194e26,executorType=newdeploy,functionName=ml-image-processing,functionNamespace=default,functionUid=58487e4a-0036-4ccd-8b22-c7f0f2d6d72b'
[info] Original replicas=73, selector='environmentName=yolo,environmentNamespace=default,environmentUid=ced8af41-455b-4081-99aa-1700c0092126,executorType=newdeploy,functionName=ml-object-detection,functionNamespace=default,functionUid=182005a6-ad76-40e9-9ecd-2fb10570ca05'
[ok] Patched Deployment resources
[ok] Patched Deployment resources
[ok] Verified Deployment template resources: requests={'cpu': '300m', 'memory': '50Mi'} limits={'cpu': '317m', 'memory': '55Mi'}
[info] Scaling deployment to 0 replicas to force full pod replacement
[ok] Verified Deployment template resources: requests={'cpu': '1500m', 'memory': '400Mi'} limits={'cpu': '5164m', 'memory': '496Mi'}
[info] Scaling deployment to 0 replicas to force full pod replacement
[ok] All pods terminated (replicas=0)
[info] Scaling deployment back to 24 replicas
[ok] All pods terminated (replicas=0)
[info] Scaling deployment back to 73 replicas
[ok] Rollout completed after scale-to-zero
[verify] newest RS=newdeploy-ml-image-processing-default-8b22-c7f0f2d6d72b-688dd676b7 pods=24 ready=24
[ok] Verified newest ReplicaSet template resources match expected
[ok] Rollout completed after scale-to-zero
[verify] newest RS=newdeploy-ml-object-detection-default-9ecd-2fb10570ca05-c4cff74bf pods=73 ready=73
[ok] Verified newest ReplicaSet template resources match expected
[info] Started Locust with PID 1030667
[info] attempt=1: start sleep for 20s
[info] attempt=1: sleep done
\Start sampling in parallel...
Workflow e2e p99 latency (59 completed in 16.6s, parallel, 8 workers): 3.000s
Average stage latencies:
  - ml-image-processing: 0.297s
  - ml-object-detection: 0.187s
[info] poll_locust_row: failed to load, try again
[info] poll_locust_row: failed to load, try again
[info] total_requests: 968
[info] e2e_latency (p99): 3.200 s
[info] energy_j: 7357.169634 J
[info] served_rps: 57.40 req/s
[info]: start_time: 1767855482.331, end_time: 1767855498.931, duration_s: 16.60 s
[info] energy_cost: 7.600382 J/request
[info] average power: 443.202993 W
[info] Locust stopped
================================================================================
objective      : price
resource_config: [{'cpu_m': 317, 'memory_mi': 55}, {'cpu_m': 5164, 'memory_mi': 496}], latencies: {'ml-image-processing': 0.2967100572077778, 'ml-object-detection': 0.18696995256310803}, price_cost: 184.646987, energy_cost: 7.600382, latency_p99 : 3.200000, feasible: False, total_requests: 968, served_rps: 57.40, total_energy_j: 7357.169634 J, profiling_duration_s: 16.600000s, average_power: 443.202993 W
wall_time_s    : 99.593
================================================================================

Updating function ml-image-processing to cpu: 317m, memory: 65Mi
Updating Deployment resource configuration...

Updating function ml-object-detection to cpu: 4997m, memory: 512Mi
Updating Deployment resource configuration...

[info] Original replicas=24, selector='environmentName=ml-image-processing,environmentNamespace=default,environmentUid=2449fff4-7632-422c-aa00-519fcb194e26,executorType=newdeploy,functionName=ml-image-processing,functionNamespace=default,functionUid=58487e4a-0036-4ccd-8b22-c7f0f2d6d72b'
[info] Original replicas=73, selector='environmentName=yolo,environmentNamespace=default,environmentUid=ced8af41-455b-4081-99aa-1700c0092126,executorType=newdeploy,functionName=ml-object-detection,functionNamespace=default,functionUid=182005a6-ad76-40e9-9ecd-2fb10570ca05'
[ok] Patched Deployment resources
[ok] Patched Deployment resources
[ok] Verified Deployment template resources: requests={'cpu': '300m', 'memory': '50Mi'} limits={'cpu': '317m', 'memory': '65Mi'}
[info] Scaling deployment to 0 replicas to force full pod replacement
[ok] Verified Deployment template resources: requests={'cpu': '1500m', 'memory': '400Mi'} limits={'cpu': '4997m', 'memory': '512Mi'}
[info] Scaling deployment to 0 replicas to force full pod replacement
[ok] All pods terminated (replicas=0)
[info] Scaling deployment back to 24 replicas
[ok] All pods terminated (replicas=0)
[info] Scaling deployment back to 73 replicas
[ok] Rollout completed after scale-to-zero
[verify] newest RS=newdeploy-ml-image-processing-default-8b22-c7f0f2d6d72b-5bfd4bdc7 pods=24 ready=24
[ok] Verified newest ReplicaSet template resources match expected
[ok] Rollout completed after scale-to-zero
[verify] newest RS=newdeploy-ml-object-detection-default-9ecd-2fb10570ca05-7797d86c6 pods=73 ready=73
[ok] Verified newest ReplicaSet template resources match expected
[info] Started Locust with PID 1040633
[info] attempt=1: start sleep for 20s
[info] attempt=1: sleep done
\Start sampling in parallel...
Workflow e2e p99 latency (58 completed in 16.7s, parallel, 8 workers): 2.750s
Average stage latencies:
  - ml-image-processing: 0.297s
  - ml-object-detection: 0.185s
[info] poll_locust_row: failed to load, try again
[info] poll_locust_row: failed to load, try again
[info] total_requests: 1043
[info] e2e_latency (p99): 3.000 s
[info] energy_j: 7460.375746 J
[info] served_rps: 57.90 req/s
[info]: start_time: 1767855581.431, end_time: 1767855598.131, duration_s: 16.70 s
[info] energy_cost: 7.152805 J/request
[info] average power: 446.729085 W
[info] Locust stopped
================================================================================
objective      : price
resource_config: [{'cpu_m': 317, 'memory_mi': 65}, {'cpu_m': 4997, 'memory_mi': 512}], latencies: {'ml-image-processing': 0.2973068793834155, 'ml-object-detection': 0.18487495916156932}, price_cost: 177.527462, energy_cost: 7.152805, latency_p99 : 3.000000, feasible: True, total_requests: 1043, served_rps: 57.90, total_energy_j: 7460.375746 J, profiling_duration_s: 16.700000s, average_power: 446.729085 W
wall_time_s    : 99.152
================================================================================

================================================================================

Batch  1: best_feasible_cost (random, qNEI) = (188.476872569416, 177.52746153610144), best_constraint =   0.000 (<=0 feasible), time = 307.95.
Best feasible resource configuration: [{'cpu_m': 317, 'memory_mi': 65}, {'cpu_m': 4997, 'memory_mi': 512}]

================================================================================
/home/cc/miniconda3/envs/faas/lib/python3.10/site-packages/botorch/acquisition/monte_carlo.py:502: NumericsWarning: qNoisyExpectedImprovement has known numerical issues that lead to suboptimal optimization performance. It is strongly recommended to simply replace

	 qNoisyExpectedImprovement 	 --> 	 qLogNoisyExpectedImprovement 

instead, which fixes the issues and has the same API. See https://arxiv.org/abs/2310.20708 for details.
  legacy_ei_numerics_warning(legacy_name=type(self).__name__)
Updating function ml-image-processing to cpu: 335m, memory: 70Mi
Updating Deployment resource configuration...

Updating function ml-object-detection to cpu: 4979m, memory: 512Mi
Updating Deployment resource configuration...

[info] Original replicas=73, selector='environmentName=yolo,environmentNamespace=default,environmentUid=ced8af41-455b-4081-99aa-1700c0092126,executorType=newdeploy,functionName=ml-object-detection,functionNamespace=default,functionUid=182005a6-ad76-40e9-9ecd-2fb10570ca05'
[info] Original replicas=24, selector='environmentName=ml-image-processing,environmentNamespace=default,environmentUid=2449fff4-7632-422c-aa00-519fcb194e26,executorType=newdeploy,functionName=ml-image-processing,functionNamespace=default,functionUid=58487e4a-0036-4ccd-8b22-c7f0f2d6d72b'
[ok] Patched Deployment resources
[ok] Patched Deployment resources
[ok] Verified Deployment template resources: requests={'cpu': '300m', 'memory': '50Mi'} limits={'cpu': '335m', 'memory': '70Mi'}
[info] Scaling deployment to 0 replicas to force full pod replacement
[ok] Verified Deployment template resources: requests={'cpu': '1500m', 'memory': '400Mi'} limits={'cpu': '4979m', 'memory': '512Mi'}
[info] Scaling deployment to 0 replicas to force full pod replacement
[ok] All pods terminated (replicas=0)
[info] Scaling deployment back to 24 replicas
[ok] All pods terminated (replicas=0)
[info] Scaling deployment back to 73 replicas
[ok] Rollout completed after scale-to-zero
[verify] newest RS=newdeploy-ml-image-processing-default-8b22-c7f0f2d6d72b-5d8764989c pods=24 ready=24
[ok] Verified newest ReplicaSet template resources match expected
[ok] Rollout completed after scale-to-zero
[verify] newest RS=newdeploy-ml-object-detection-default-9ecd-2fb10570ca05-5d64f64968 pods=73 ready=73
[ok] Verified newest ReplicaSet template resources match expected
[info] Started Locust with PID 1050989
[info] attempt=1: start sleep for 20s
[info] attempt=1: sleep done
\Start sampling in parallel...
Workflow e2e p99 latency (59 completed in 18.5s, parallel, 8 workers): 2.803s
Average stage latencies:
  - ml-image-processing: 0.288s
  - ml-object-detection: 0.208s
[info] total_requests: 1081
[info] e2e_latency (p99): 3.100 s
[info] energy_j: 8294.794855 J
[info] served_rps: 60.40 req/s
[info]: start_time: 1767855685.231, end_time: 1767855703.631, duration_s: 18.40 s
[info] energy_cost: 7.673261 J/request
[info] average power: 450.804066 W
[info] Locust stopped
================================================================================
objective      : price
resource_config: [{'cpu_m': 335, 'memory_mi': 70}, {'cpu_m': 4979, 'memory_mi': 512}], latencies: {'ml-image-processing': 0.28761371368763305, 'ml-object-detection': 0.20803533573398145}, price_cost: 197.421185, energy_cost: 7.673261, latency_p99 : 3.100000, feasible: False, total_requests: 1081, served_rps: 60.40, total_energy_j: 8294.794855 J, profiling_duration_s: 18.400000s, average_power: 450.804066 W
wall_time_s    : 102.213
================================================================================

Updating function ml-image-processing to cpu: 300m, memory: 70Mi
Updating Deployment resource configuration...

Updating function ml-object-detection to cpu: 5309m, memory: 512Mi
Updating Deployment resource configuration...

[info] Original replicas=73, selector='environmentName=yolo,environmentNamespace=default,environmentUid=ced8af41-455b-4081-99aa-1700c0092126,executorType=newdeploy,functionName=ml-object-detection,functionNamespace=default,functionUid=182005a6-ad76-40e9-9ecd-2fb10570ca05'
[info] Original replicas=24, selector='environmentName=ml-image-processing,environmentNamespace=default,environmentUid=2449fff4-7632-422c-aa00-519fcb194e26,executorType=newdeploy,functionName=ml-image-processing,functionNamespace=default,functionUid=58487e4a-0036-4ccd-8b22-c7f0f2d6d72b'
[ok] Patched Deployment resources
[ok] Patched Deployment resources
[ok] Verified Deployment template resources: requests={'cpu': '300m', 'memory': '50Mi'} limits={'cpu': '300m', 'memory': '70Mi'}
[info] Scaling deployment to 0 replicas to force full pod replacement
[ok] Verified Deployment template resources: requests={'cpu': '1500m', 'memory': '400Mi'} limits={'cpu': '5309m', 'memory': '512Mi'}
[info] Scaling deployment to 0 replicas to force full pod replacement
[ok] All pods terminated (replicas=0)
[info] Scaling deployment back to 24 replicas
[ok] All pods terminated (replicas=0)
[info] Scaling deployment back to 73 replicas
[ok] Rollout completed after scale-to-zero
[verify] newest RS=newdeploy-ml-image-processing-default-8b22-c7f0f2d6d72b-85dcc8d689 pods=24 ready=24
[ok] Verified newest ReplicaSet template resources match expected
[ok] Rollout completed after scale-to-zero
[verify] newest RS=newdeploy-ml-object-detection-default-9ecd-2fb10570ca05-7c48b49d44 pods=73 ready=73
[ok] Verified newest ReplicaSet template resources match expected
[info] Started Locust with PID 1061367
[info] attempt=1: start sleep for 20s
[info] attempt=1: sleep done
\Start sampling in parallel...
Workflow e2e p99 latency (58 completed in 16.7s, parallel, 8 workers): 3.581s
Average stage latencies:
  - ml-image-processing: 0.305s
  - ml-object-detection: 0.156s
[info] poll_locust_row: failed to load, try again
[info] poll_locust_row: failed to load, try again
[info] total_requests: 970
[info] e2e_latency (p99): 2.900 s
[info] energy_j: 7306.189712 J
[info] served_rps: 55.60 req/s
[info]: start_time: 1767855791.831, end_time: 1767855808.531, duration_s: 16.70 s
[info] energy_cost: 7.532154 J/request
[info] average power: 437.496395 W
[info] Locust stopped
================================================================================
objective      : price
resource_config: [{'cpu_m': 300, 'memory_mi': 70}, {'cpu_m': 5309, 'memory_mi': 512}], latencies: {'ml-image-processing': 0.30478523604186447, 'ml-object-detection': 0.1556523095430999}, price_cost: 160.020963, energy_cost: 7.532154, latency_p99 : 2.900000, feasible: True, total_requests: 970, served_rps: 55.60, total_energy_j: 7306.189712 J, profiling_duration_s: 16.700000s, average_power: 437.496395 W
wall_time_s    : 105.932
================================================================================

Updating function ml-image-processing to cpu: 621m, memory: 57Mi
Updating Deployment resource configuration...

Updating function ml-object-detection to cpu: 3778m, memory: 402Mi
Updating Deployment resource configuration...

[info] Original replicas=24, selector='environmentName=ml-image-processing,environmentNamespace=default,environmentUid=2449fff4-7632-422c-aa00-519fcb194e26,executorType=newdeploy,functionName=ml-image-processing,functionNamespace=default,functionUid=58487e4a-0036-4ccd-8b22-c7f0f2d6d72b'
[info] Original replicas=73, selector='environmentName=yolo,environmentNamespace=default,environmentUid=ced8af41-455b-4081-99aa-1700c0092126,executorType=newdeploy,functionName=ml-object-detection,functionNamespace=default,functionUid=182005a6-ad76-40e9-9ecd-2fb10570ca05'
[ok] Patched Deployment resources
[ok] Patched Deployment resources
[ok] Verified Deployment template resources: requests={'cpu': '300m', 'memory': '50Mi'} limits={'cpu': '621m', 'memory': '57Mi'}
[info] Scaling deployment to 0 replicas to force full pod replacement
[ok] Verified Deployment template resources: requests={'cpu': '1500m', 'memory': '400Mi'} limits={'cpu': '3778m', 'memory': '402Mi'}
[info] Scaling deployment to 0 replicas to force full pod replacement
[ok] All pods terminated (replicas=0)
[info] Scaling deployment back to 24 replicas
[ok] All pods terminated (replicas=0)
[info] Scaling deployment back to 73 replicas
[ok] Rollout completed after scale-to-zero
[verify] newest RS=newdeploy-ml-image-processing-default-8b22-c7f0f2d6d72b-685b598b67 pods=24 ready=24
[ok] Verified newest ReplicaSet template resources match expected
[ok] Rollout completed after scale-to-zero
[verify] newest RS=newdeploy-ml-object-detection-default-9ecd-2fb10570ca05-777fd6f8c4 pods=73 ready=73
[ok] Verified newest ReplicaSet template resources match expected
[info] Started Locust with PID 1071628
[info] attempt=1: start sleep for 20s
[info] attempt=1: sleep done
\Start sampling in parallel...
Workflow e2e p99 latency (56 completed in 17.3s, parallel, 8 workers): 9.000s
Average stage latencies:
  - ml-image-processing: 0.123s
  - ml-object-detection: 0.285s
[info] poll_locust_row: failed to load, try again
[info] total_requests: 1129
[info] e2e_latency (p99): 3.800 s
[info] energy_j: 7703.624330 J
[info] served_rps: 60.30 req/s
[info]: start_time: 1767855894.331, end_time: 1767855911.631, duration_s: 17.30 s
[info] energy_cost: 6.823405 J/request
[info] average power: 445.296205 W
[info] Locust stopped
================================================================================
objective      : price
resource_config: [{'cpu_m': 621, 'memory_mi': 57}, {'cpu_m': 3778, 'memory_mi': 402}], latencies: {'ml-image-processing': 0.12342196711174705, 'ml-object-detection': 0.28532785373539027}, price_cost: 201.245529, energy_cost: 6.823405, latency_p99 : 3.800000, feasible: False, total_requests: 1129, served_rps: 60.30, total_energy_j: 7703.624330 J, profiling_duration_s: 17.300000s, average_power: 445.296205 W
wall_time_s    : 102.533
================================================================================

================================================================================

Batch  2: best_feasible_cost (random, qNEI) = (188.476872569416, 160.02096308941034), best_constraint =  -0.100 (<=0 feasible), time = 312.98.
Best feasible resource configuration: [{'cpu_m': 300, 'memory_mi': 70}, {'cpu_m': 5309, 'memory_mi': 512}]

================================================================================
/home/cc/miniconda3/envs/faas/lib/python3.10/site-packages/botorch/acquisition/monte_carlo.py:502: NumericsWarning: qNoisyExpectedImprovement has known numerical issues that lead to suboptimal optimization performance. It is strongly recommended to simply replace

	 qNoisyExpectedImprovement 	 --> 	 qLogNoisyExpectedImprovement 

instead, which fixes the issues and has the same API. See https://arxiv.org/abs/2310.20708 for details.
  legacy_ei_numerics_warning(legacy_name=type(self).__name__)
Updating function ml-image-processing to cpu: 332m, memory: 68Mi
Updating Deployment resource configuration...

Updating function ml-object-detection to cpu: 5414m, memory: 509Mi
Updating Deployment resource configuration...

[info] Original replicas=24, selector='environmentName=ml-image-processing,environmentNamespace=default,environmentUid=2449fff4-7632-422c-aa00-519fcb194e26,executorType=newdeploy,functionName=ml-image-processing,functionNamespace=default,functionUid=58487e4a-0036-4ccd-8b22-c7f0f2d6d72b'
[info] Original replicas=73, selector='environmentName=yolo,environmentNamespace=default,environmentUid=ced8af41-455b-4081-99aa-1700c0092126,executorType=newdeploy,functionName=ml-object-detection,functionNamespace=default,functionUid=182005a6-ad76-40e9-9ecd-2fb10570ca05'
[ok] Patched Deployment resources
[ok] Patched Deployment resources
[ok] Verified Deployment template resources: requests={'cpu': '300m', 'memory': '50Mi'} limits={'cpu': '332m', 'memory': '68Mi'}
[info] Scaling deployment to 0 replicas to force full pod replacement
[ok] Verified Deployment template resources: requests={'cpu': '1500m', 'memory': '400Mi'} limits={'cpu': '5414m', 'memory': '509Mi'}
[info] Scaling deployment to 0 replicas to force full pod replacement
[ok] All pods terminated (replicas=0)
[info] Scaling deployment back to 24 replicas
[ok] All pods terminated (replicas=0)
[info] Scaling deployment back to 73 replicas
[ok] Rollout completed after scale-to-zero
[verify] newest RS=newdeploy-ml-image-processing-default-8b22-c7f0f2d6d72b-6d5ff9bf5d pods=24 ready=24
[ok] Verified newest ReplicaSet template resources match expected
[ok] Rollout completed after scale-to-zero
[verify] newest RS=newdeploy-ml-object-detection-default-9ecd-2fb10570ca05-84c4bb9dc5 pods=73 ready=73
[ok] Verified newest ReplicaSet template resources match expected
[info] Started Locust with PID 1081921
[info] attempt=1: start sleep for 20s
[info] attempt=1: sleep done
\Start sampling in parallel...
Workflow e2e p99 latency (62 completed in 16.9s, parallel, 8 workers): 2.753s
Average stage latencies:
  - ml-image-processing: 0.268s
  - ml-object-detection: 0.173s
[info] poll_locust_row: failed to load, try again
[info] poll_locust_row: failed to load, try again
[info] total_requests: 1092
[info] e2e_latency (p99): 2.700 s
[info] energy_j: 7636.420392 J
[info] served_rps: 60.40 req/s
[info]: start_time: 1767855997.231, end_time: 1767856014.131, duration_s: 16.90 s
[info] energy_cost: 6.993059 J/request
[info] average power: 451.859192 W
[info] Locust stopped
================================================================================
objective      : price
resource_config: [{'cpu_m': 332, 'memory_mi': 68}, {'cpu_m': 5414, 'memory_mi': 509}], latencies: {'ml-image-processing': 0.2679762997469234, 'ml-object-detection': 0.1733008798347005}, price_cost: 179.018024, energy_cost: 6.993059, latency_p99 : 2.700000, feasible: True, total_requests: 1092, served_rps: 60.40, total_energy_j: 7636.420392 J, profiling_duration_s: 16.900000s, average_power: 451.859192 W
wall_time_s    : 99.128
================================================================================

Updating function ml-image-processing to cpu: 300m, memory: 52Mi
Updating Deployment resource configuration...

Updating function ml-object-detection to cpu: 5889m, memory: 497Mi
Updating Deployment resource configuration...

[info] Original replicas=73, selector='environmentName=yolo,environmentNamespace=default,environmentUid=ced8af41-455b-4081-99aa-1700c0092126,executorType=newdeploy,functionName=ml-object-detection,functionNamespace=default,functionUid=182005a6-ad76-40e9-9ecd-2fb10570ca05'
[info] Original replicas=24, selector='environmentName=ml-image-processing,environmentNamespace=default,environmentUid=2449fff4-7632-422c-aa00-519fcb194e26,executorType=newdeploy,functionName=ml-image-processing,functionNamespace=default,functionUid=58487e4a-0036-4ccd-8b22-c7f0f2d6d72b'
[ok] Patched Deployment resources
[ok] Patched Deployment resources
[ok] Verified Deployment template resources: requests={'cpu': '300m', 'memory': '50Mi'} limits={'cpu': '300m', 'memory': '52Mi'}
[info] Scaling deployment to 0 replicas to force full pod replacement
[ok] Verified Deployment template resources: requests={'cpu': '1500m', 'memory': '400Mi'} limits={'cpu': '5889m', 'memory': '497Mi'}
[info] Scaling deployment to 0 replicas to force full pod replacement
[ok] All pods terminated (replicas=0)
[info] Scaling deployment back to 24 replicas
[ok] All pods terminated (replicas=0)
[info] Scaling deployment back to 73 replicas
[ok] Rollout completed after scale-to-zero
[verify] newest RS=newdeploy-ml-image-processing-default-8b22-c7f0f2d6d72b-75657f4cdc pods=24 ready=24
[ok] Verified newest ReplicaSet template resources match expected
[ok] Rollout completed after scale-to-zero
[verify] newest RS=newdeploy-ml-object-detection-default-9ecd-2fb10570ca05-55bf6bfc99 pods=73 ready=73
[ok] Verified newest ReplicaSet template resources match expected
[info] Started Locust with PID 1092467
[info] attempt=1: start sleep for 20s
[info] attempt=1: sleep done
\Start sampling in parallel...
Workflow e2e p99 latency (54 completed in 16.7s, parallel, 8 workers): 4.202s
Average stage latencies:
  - ml-image-processing: 0.304s
  - ml-object-detection: 0.160s
[info] poll_locust_row: failed to load, try again
[info] poll_locust_row: failed to load, try again
[info] total_requests: 979
[info] e2e_latency (p99): 4.000 s
[info] energy_j: 7206.973523 J
[info] served_rps: 55.30 req/s
[info]: start_time: 1767856100.731, end_time: 1767856117.431, duration_s: 16.70 s
[info] energy_cost: 7.361566 J/request
[info] average power: 431.555300 W
[info] Locust stopped
================================================================================
objective      : price
resource_config: [{'cpu_m': 300, 'memory_mi': 52}, {'cpu_m': 5889, 'memory_mi': 497}], latencies: {'ml-image-processing': 0.30388053229803014, 'ml-object-detection': 0.16004985685598244}, price_cost: 180.002476, energy_cost: 7.361566, latency_p99 : 4.000000, feasible: False, total_requests: 979, served_rps: 55.30, total_energy_j: 7206.973523 J, profiling_duration_s: 16.700000s, average_power: 431.555300 W
wall_time_s    : 103.274
================================================================================

Updating function ml-image-processing to cpu: 300m, memory: 70Mi
Updating Deployment resource configuration...

Updating function ml-object-detection to cpu: 5830m, memory: 512Mi
Updating Deployment resource configuration...

[info] Original replicas=24, selector='environmentName=ml-image-processing,environmentNamespace=default,environmentUid=2449fff4-7632-422c-aa00-519fcb194e26,executorType=newdeploy,functionName=ml-image-processing,functionNamespace=default,functionUid=58487e4a-0036-4ccd-8b22-c7f0f2d6d72b'
[info] Original replicas=73, selector='environmentName=yolo,environmentNamespace=default,environmentUid=ced8af41-455b-4081-99aa-1700c0092126,executorType=newdeploy,functionName=ml-object-detection,functionNamespace=default,functionUid=182005a6-ad76-40e9-9ecd-2fb10570ca05'
[ok] Patched Deployment resources
[ok] Patched Deployment resources
[ok] Verified Deployment template resources: requests={'cpu': '300m', 'memory': '50Mi'} limits={'cpu': '300m', 'memory': '70Mi'}
[info] Scaling deployment to 0 replicas to force full pod replacement
[ok] Verified Deployment template resources: requests={'cpu': '1500m', 'memory': '400Mi'} limits={'cpu': '5830m', 'memory': '512Mi'}
[info] Scaling deployment to 0 replicas to force full pod replacement
[ok] All pods terminated (replicas=0)
[info] Scaling deployment back to 24 replicas
[ok] All pods terminated (replicas=0)
[info] Scaling deployment back to 73 replicas
[ok] Rollout completed after scale-to-zero
[verify] newest RS=newdeploy-ml-image-processing-default-8b22-c7f0f2d6d72b-85dcc8d689 pods=24 ready=24
[ok] Verified newest ReplicaSet template resources match expected
[ok] Rollout completed after scale-to-zero
[verify] newest RS=newdeploy-ml-object-detection-default-9ecd-2fb10570ca05-b8bcbcbcb pods=73 ready=73
[ok] Verified newest ReplicaSet template resources match expected
[info] Started Locust with PID 1102280
[info] attempt=1: start sleep for 20s
[info] attempt=1: sleep done
\Start sampling in parallel...
Workflow e2e p99 latency (54 completed in 17.4s, parallel, 8 workers): 3.200s
Average stage latencies:
  - ml-image-processing: 0.300s
  - ml-object-detection: 0.155s
[info] poll_locust_row: failed to load, try again
[info] total_requests: 1034
[info] e2e_latency (p99): 3.100 s
[info] energy_j: 7580.922912 J
[info] served_rps: 58.70 req/s
[info]: start_time: 1767856201.831, end_time: 1767856219.131, duration_s: 17.30 s
[info] energy_cost: 7.331647 J/request
[info] average power: 438.203638 W
[info] Locust stopped
================================================================================
objective      : price
resource_config: [{'cpu_m': 300, 'memory_mi': 70}, {'cpu_m': 5830, 'memory_mi': 512}], latencies: {'ml-image-processing': 0.3003430082635195, 'ml-object-detection': 0.15477280845624153}, price_cost: 172.923402, energy_cost: 7.331647, latency_p99 : 3.100000, feasible: False, total_requests: 1034, served_rps: 58.70, total_energy_j: 7580.922912 J, profiling_duration_s: 17.300000s, average_power: 438.203638 W
wall_time_s    : 101.234
================================================================================

================================================================================

Batch  3: best_feasible_cost (random, qNEI) = (188.476872569416, 160.02096308941034), best_constraint =  -0.100 (<=0 feasible), time = 307.56.
Best feasible resource configuration: [{'cpu_m': 300, 'memory_mi': 70}, {'cpu_m': 5309, 'memory_mi': 512}]

================================================================================
/home/cc/miniconda3/envs/faas/lib/python3.10/site-packages/botorch/acquisition/monte_carlo.py:502: NumericsWarning: qNoisyExpectedImprovement has known numerical issues that lead to suboptimal optimization performance. It is strongly recommended to simply replace

	 qNoisyExpectedImprovement 	 --> 	 qLogNoisyExpectedImprovement 

instead, which fixes the issues and has the same API. See https://arxiv.org/abs/2310.20708 for details.
  legacy_ei_numerics_warning(legacy_name=type(self).__name__)
Updating function ml-image-processing to cpu: 800m, memory: 52Mi
Updating Deployment resource configuration...

Updating function ml-object-detection to cpu: 1500m, memory: 416Mi
Updating Deployment resource configuration...

[info] Original replicas=24, selector='environmentName=ml-image-processing,environmentNamespace=default,environmentUid=2449fff4-7632-422c-aa00-519fcb194e26,executorType=newdeploy,functionName=ml-image-processing,functionNamespace=default,functionUid=58487e4a-0036-4ccd-8b22-c7f0f2d6d72b'
[info] Original replicas=73, selector='environmentName=yolo,environmentNamespace=default,environmentUid=ced8af41-455b-4081-99aa-1700c0092126,executorType=newdeploy,functionName=ml-object-detection,functionNamespace=default,functionUid=182005a6-ad76-40e9-9ecd-2fb10570ca05'
[ok] Patched Deployment resources
[ok] Patched Deployment resources
[ok] Verified Deployment template resources: requests={'cpu': '1500m', 'memory': '400Mi'} limits={'cpu': '1500m', 'memory': '416Mi'}
[info] Scaling deployment to 0 replicas to force full pod replacement
[ok] Verified Deployment template resources: requests={'cpu': '300m', 'memory': '50Mi'} limits={'cpu': '800m', 'memory': '52Mi'}
[info] Scaling deployment to 0 replicas to force full pod replacement
[ok] All pods terminated (replicas=0)
[info] Scaling deployment back to 24 replicas
[ok] All pods terminated (replicas=0)
[info] Scaling deployment back to 73 replicas
[ok] Rollout completed after scale-to-zero
[verify] newest RS=newdeploy-ml-image-processing-default-8b22-c7f0f2d6d72b-7cb8558c89 pods=24 ready=24
[ok] Verified newest ReplicaSet template resources match expected
[ok] Rollout completed after scale-to-zero
[verify] newest RS=newdeploy-ml-object-detection-default-9ecd-2fb10570ca05-68d8f9f6b6 pods=73 ready=73
[ok] Verified newest ReplicaSet template resources match expected
[info] Started Locust with PID 1112570
[info] attempt=1: start sleep for 20s
[info] attempt=1: sleep done
\Start sampling in parallel...
Workflow e2e p99 latency (28 completed in 21.8s, parallel, 8 workers): 9.000s
Average stage latencies:
  - ml-image-processing: 0.084s
  - ml-object-detection: 0.896s
[info] poll_locust_row: failed to load, try again
[info] poll_locust_row: failed to load, try again
[info] total_requests: 797
[info] e2e_latency (p99): 3.800 s
[info] energy_j: 6765.135199 J
[info] served_rps: 36.50 req/s
[info]: start_time: 1767856303.931, end_time: 1767856325.731, duration_s: 21.80 s
[info] energy_cost: 8.488250 J/request
[info] average power: 310.327303 W
[info] Locust stopped
================================================================================
objective      : price
resource_config: [{'cpu_m': 800, 'memory_mi': 52}, {'cpu_m': 1500, 'memory_mi': 416}], latencies: {'ml-image-processing': 0.08406648051459342, 'ml-object-detection': 0.8959703636355698}, price_cost: 248.777380, energy_cost: 8.488250, latency_p99 : 3.800000, feasible: False, total_requests: 797, served_rps: 36.50, total_energy_j: 6765.135199 J, profiling_duration_s: 21.800000s, average_power: 310.327303 W
wall_time_s    : 104.181
================================================================================

Updating function ml-image-processing to cpu: 300m, memory: 50Mi
Updating Deployment resource configuration...

Updating function ml-object-detection to cpu: 5121m, memory: 400Mi
Updating Deployment resource configuration...

[info] Original replicas=24, selector='environmentName=ml-image-processing,environmentNamespace=default,environmentUid=2449fff4-7632-422c-aa00-519fcb194e26,executorType=newdeploy,functionName=ml-image-processing,functionNamespace=default,functionUid=58487e4a-0036-4ccd-8b22-c7f0f2d6d72b'
[info] Original replicas=73, selector='environmentName=yolo,environmentNamespace=default,environmentUid=ced8af41-455b-4081-99aa-1700c0092126,executorType=newdeploy,functionName=ml-object-detection,functionNamespace=default,functionUid=182005a6-ad76-40e9-9ecd-2fb10570ca05'
[ok] Patched Deployment resources
[ok] Patched Deployment resources
[ok] Verified Deployment template resources: requests={'cpu': '300m', 'memory': '50Mi'} limits={'cpu': '300m', 'memory': '50Mi'}
[info] Scaling deployment to 0 replicas to force full pod replacement
[ok] Verified Deployment template resources: requests={'cpu': '1500m', 'memory': '400Mi'} limits={'cpu': '5121m', 'memory': '400Mi'}
[info] Scaling deployment to 0 replicas to force full pod replacement
[ok] All pods terminated (replicas=0)
[info] Scaling deployment back to 24 replicas
[ok] All pods terminated (replicas=0)
[info] Scaling deployment back to 73 replicas
[ok] Deleted HPA newdeploy-ml-object-detection-default-9ecd-2fb10570ca05
[ok] Rollout completed after scale-to-zero
[verify] newest RS=newdeploy-ml-image-processing-default-8b22-c7f0f2d6d72b-74db6b8b8c pods=24 ready=24
[ok] Verified newest ReplicaSet template resources match expected
[ok] Rollout completed after scale-to-zero
[verify] newest RS=newdeploy-ml-object-detection-default-9ecd-2fb10570ca05-78894b74bd pods=73 ready=73
[ok] Verified newest ReplicaSet template resources match expected
[info] Started Locust with PID 1122797
[info] attempt=1: start sleep for 20s
[info] attempt=1: sleep done
\Start sampling in parallel...
Workflow e2e p99 latency (57 completed in 17.4s, parallel, 8 workers): 2.697s
Average stage latencies:
  - ml-image-processing: 0.319s
  - ml-object-detection: 0.183s
[info] poll_locust_row: failed to load, try again
[info] total_requests: 1026
[info] e2e_latency (p99): 2.800 s
[info] energy_j: 7679.222875 J
[info] served_rps: 57.60 req/s
[info]: start_time: 1767856411.131, end_time: 1767856428.531, duration_s: 17.40 s
[info] energy_cost: 7.484623 J/request
[info] average power: 441.334652 W
[info] Locust stopped
================================================================================
objective      : price
resource_config: [{'cpu_m': 300, 'memory_mi': 50}, {'cpu_m': 5121, 'memory_mi': 400}], latencies: {'ml-image-processing': 0.31865093022944374, 'ml-object-detection': 0.18344049688363284}, price_cost: 180.152471, energy_cost: 7.484623, latency_p99 : 2.800000, feasible: True, total_requests: 1026, served_rps: 57.60, total_energy_j: 7679.222875 J, profiling_duration_s: 17.400000s, average_power: 441.334652 W
wall_time_s    : 102.257
================================================================================

Updating function ml-image-processing to cpu: 300m, memory: 70Mi
Updating Deployment resource configuration...

Updating function ml-object-detection to cpu: 5686m, memory: 438Mi
Updating Deployment resource configuration...

[info] Original replicas=24, selector='environmentName=ml-image-processing,environmentNamespace=default,environmentUid=2449fff4-7632-422c-aa00-519fcb194e26,executorType=newdeploy,functionName=ml-image-processing,functionNamespace=default,functionUid=58487e4a-0036-4ccd-8b22-c7f0f2d6d72b'
[info] Original replicas=73, selector='environmentName=yolo,environmentNamespace=default,environmentUid=ced8af41-455b-4081-99aa-1700c0092126,executorType=newdeploy,functionName=ml-object-detection,functionNamespace=default,functionUid=182005a6-ad76-40e9-9ecd-2fb10570ca05'
[ok] Patched Deployment resources
[ok] Patched Deployment resources
[ok] Verified Deployment template resources: requests={'cpu': '300m', 'memory': '50Mi'} limits={'cpu': '300m', 'memory': '70Mi'}
[info] Scaling deployment to 0 replicas to force full pod replacement
[ok] Verified Deployment template resources: requests={'cpu': '1500m', 'memory': '400Mi'} limits={'cpu': '5686m', 'memory': '438Mi'}
[info] Scaling deployment to 0 replicas to force full pod replacement
[ok] All pods terminated (replicas=0)
[info] Scaling deployment back to 24 replicas
[ok] All pods terminated (replicas=0)
[info] Scaling deployment back to 73 replicas
[ok] Rollout completed after scale-to-zero
[verify] newest RS=newdeploy-ml-image-processing-default-8b22-c7f0f2d6d72b-85dcc8d689 pods=24 ready=24
[ok] Verified newest ReplicaSet template resources match expected
[ok] Rollout completed after scale-to-zero
[verify] newest RS=newdeploy-ml-object-detection-default-9ecd-2fb10570ca05-d4c497587 pods=73 ready=73
[ok] Verified newest ReplicaSet template resources match expected
[info] Started Locust with PID 1132486
[info] attempt=1: start sleep for 20s
[info] attempt=1: sleep done
\Start sampling in parallel...
Workflow e2e p99 latency (57 completed in 17.1s, parallel, 8 workers): 3.474s
Average stage latencies:
  - ml-image-processing: 0.310s
  - ml-object-detection: 0.187s
[info] poll_locust_row: failed to load, try again
[info] total_requests: 966
[info] e2e_latency (p99): 3.400 s
[info] energy_j: 7459.479331 J
[info] served_rps: 56.80 req/s
[info]: start_time: 1767856508.731, end_time: 1767856525.831, duration_s: 17.10 s
[info] energy_cost: 7.722028 J/request
[info] average power: 436.226858 W
[info] Locust stopped
================================================================================
objective      : price
resource_config: [{'cpu_m': 300, 'memory_mi': 70}, {'cpu_m': 5686, 'memory_mi': 438}], latencies: {'ml-image-processing': 0.30980463851275936, 'ml-object-detection': 0.18666645564269602}, price_cost: 200.970935, energy_cost: 7.722028, latency_p99 : 3.400000, feasible: False, total_requests: 966, served_rps: 56.80, total_energy_j: 7459.479331 J, profiling_duration_s: 17.100000s, average_power: 436.226858 W
wall_time_s    : 97.381
================================================================================

================================================================================

Batch  4: best_feasible_cost (random, qNEI) = (188.476872569416, 160.02096308941034), best_constraint =  -0.100 (<=0 feasible), time = 306.72.
Best feasible resource configuration: [{'cpu_m': 300, 'memory_mi': 70}, {'cpu_m': 5309, 'memory_mi': 512}]

================================================================================
/home/cc/miniconda3/envs/faas/lib/python3.10/site-packages/botorch/acquisition/monte_carlo.py:502: NumericsWarning: qNoisyExpectedImprovement has known numerical issues that lead to suboptimal optimization performance. It is strongly recommended to simply replace

	 qNoisyExpectedImprovement 	 --> 	 qLogNoisyExpectedImprovement 

instead, which fixes the issues and has the same API. See https://arxiv.org/abs/2310.20708 for details.
  legacy_ei_numerics_warning(legacy_name=type(self).__name__)
Updating function ml-image-processing to cpu: 300m, memory: 60Mi
Updating Deployment resource configuration...

Updating function ml-object-detection to cpu: 1500m, memory: 400Mi
Updating Deployment resource configuration...

[info] Original replicas=24, selector='environmentName=ml-image-processing,environmentNamespace=default,environmentUid=2449fff4-7632-422c-aa00-519fcb194e26,executorType=newdeploy,functionName=ml-image-processing,functionNamespace=default,functionUid=58487e4a-0036-4ccd-8b22-c7f0f2d6d72b'
[info] Original replicas=73, selector='environmentName=yolo,environmentNamespace=default,environmentUid=ced8af41-455b-4081-99aa-1700c0092126,executorType=newdeploy,functionName=ml-object-detection,functionNamespace=default,functionUid=182005a6-ad76-40e9-9ecd-2fb10570ca05'
[ok] Patched Deployment resources
[ok] Patched Deployment resources
[ok] Verified Deployment template resources: requests={'cpu': '300m', 'memory': '50Mi'} limits={'cpu': '300m', 'memory': '60Mi'}
[info] Scaling deployment to 0 replicas to force full pod replacement
[ok] Verified Deployment template resources: requests={'cpu': '1500m', 'memory': '400Mi'} limits={'cpu': '1500m', 'memory': '400Mi'}
[info] Scaling deployment to 0 replicas to force full pod replacement
[ok] All pods terminated (replicas=0)
[info] Scaling deployment back to 24 replicas
[ok] All pods terminated (replicas=0)
[info] Scaling deployment back to 73 replicas
[ok] Rollout completed after scale-to-zero
[verify] newest RS=newdeploy-ml-image-processing-default-8b22-c7f0f2d6d72b-586bfc6666 pods=24 ready=24
[ok] Verified newest ReplicaSet template resources match expected
[ok] Rollout completed after scale-to-zero
[verify] newest RS=newdeploy-ml-object-detection-default-9ecd-2fb10570ca05-57b8b84984 pods=73 ready=73
[ok] Verified newest ReplicaSet template resources match expected
[info] Started Locust with PID 1142622
[info] attempt=1: start sleep for 20s
[info] attempt=1: sleep done
\Start sampling in parallel...
Workflow e2e p99 latency (25 completed in 21.8s, parallel, 8 workers): 9.000s
Average stage latencies:
  - ml-image-processing: 0.314s
  - ml-object-detection: 0.907s
[info] poll_locust_row: failed to load, try again
[info] poll_locust_row: failed to load, try again
[info] total_requests: 711
[info] e2e_latency (p99): 4.500 s
[info] energy_j: 6638.514796 J
[info] served_rps: 34.00 req/s
[info]: start_time: 1767856607.631, end_time: 1767856629.331, duration_s: 21.70 s
[info] energy_cost: 9.336870 J/request
[info] average power: 305.922340 W
[info] Locust stopped
================================================================================
objective      : price
resource_config: [{'cpu_m': 300, 'memory_mi': 60}, {'cpu_m': 1500, 'memory_mi': 400}], latencies: {'ml-image-processing': 0.3136065541766584, 'ml-object-detection': 0.9071336022267739}, price_cost: 256.371889, energy_cost: 9.336870, latency_p99 : 4.500000, feasible: False, total_requests: 711, served_rps: 34.00, total_energy_j: 6638.514796 J, profiling_duration_s: 21.700000s, average_power: 305.922340 W
wall_time_s    : 99.428
================================================================================

Updating function ml-image-processing to cpu: 311m, memory: 70Mi
Updating Deployment resource configuration...

Updating function ml-object-detection to cpu: 5670m, memory: 512Mi
Updating Deployment resource configuration...

[info] Original replicas=24, selector='environmentName=ml-image-processing,environmentNamespace=default,environmentUid=2449fff4-7632-422c-aa00-519fcb194e26,executorType=newdeploy,functionName=ml-image-processing,functionNamespace=default,functionUid=58487e4a-0036-4ccd-8b22-c7f0f2d6d72b'
[info] Original replicas=73, selector='environmentName=yolo,environmentNamespace=default,environmentUid=ced8af41-455b-4081-99aa-1700c0092126,executorType=newdeploy,functionName=ml-object-detection,functionNamespace=default,functionUid=182005a6-ad76-40e9-9ecd-2fb10570ca05'
[ok] Patched Deployment resources
[ok] Patched Deployment resources
[ok] Verified Deployment template resources: requests={'cpu': '300m', 'memory': '50Mi'} limits={'cpu': '311m', 'memory': '70Mi'}
[info] Scaling deployment to 0 replicas to force full pod replacement
[ok] Verified Deployment template resources: requests={'cpu': '1500m', 'memory': '400Mi'} limits={'cpu': '5670m', 'memory': '512Mi'}
[info] Scaling deployment to 0 replicas to force full pod replacement
[ok] All pods terminated (replicas=0)
[info] Scaling deployment back to 24 replicas
[ok] All pods terminated (replicas=0)
[info] Scaling deployment back to 73 replicas
[ok] Deleted HPA newdeploy-ml-object-detection-default-9ecd-2fb10570ca05
[ok] Rollout completed after scale-to-zero
[verify] newest RS=newdeploy-ml-image-processing-default-8b22-c7f0f2d6d72b-6f66f66657 pods=24 ready=24
[ok] Verified newest ReplicaSet template resources match expected
[ok] Rollout completed after scale-to-zero
[verify] newest RS=newdeploy-ml-object-detection-default-9ecd-2fb10570ca05-8589cfc44d pods=73 ready=73
[ok] Verified newest ReplicaSet template resources match expected
[info] Started Locust with PID 1152980
[info] attempt=1: start sleep for 20s
[info] attempt=1: sleep done
\Start sampling in parallel...
Workflow e2e p99 latency (58 completed in 17.3s, parallel, 8 workers): 3.152s
Average stage latencies:
  - ml-image-processing: 0.283s
  - ml-object-detection: 0.171s
[info] poll_locust_row: failed to load, try again
[info] total_requests: 1053
[info] e2e_latency (p99): 3.100 s
[info] energy_j: 7593.800402 J
[info] served_rps: 58.10 req/s
[info]: start_time: 1767856716.131, end_time: 1767856733.431, duration_s: 17.30 s
[info] energy_cost: 7.211586 J/request
[info] average power: 438.948001 W
[info] Locust stopped
================================================================================
objective      : price
resource_config: [{'cpu_m': 311, 'memory_mi': 70}, {'cpu_m': 5670, 'memory_mi': 512}], latencies: {'ml-image-processing': 0.2826885417473085, 'ml-object-detection': 0.17147775416679936}, price_cost: 184.737029, energy_cost: 7.211586, latency_p99 : 3.100000, feasible: False, total_requests: 1053, served_rps: 58.10, total_energy_j: 7593.800402 J, profiling_duration_s: 17.300000s, average_power: 438.948001 W
wall_time_s    : 103.615
================================================================================

Updating function ml-image-processing to cpu: 300m, memory: 64Mi
Updating Deployment resource configuration...

Updating function ml-object-detection to cpu: 5544m, memory: 512Mi
Updating Deployment resource configuration...

[info] Original replicas=24, selector='environmentName=ml-image-processing,environmentNamespace=default,environmentUid=2449fff4-7632-422c-aa00-519fcb194e26,executorType=newdeploy,functionName=ml-image-processing,functionNamespace=default,functionUid=58487e4a-0036-4ccd-8b22-c7f0f2d6d72b'
[info] Original replicas=73, selector='environmentName=yolo,environmentNamespace=default,environmentUid=ced8af41-455b-4081-99aa-1700c0092126,executorType=newdeploy,functionName=ml-object-detection,functionNamespace=default,functionUid=182005a6-ad76-40e9-9ecd-2fb10570ca05'
[ok] Patched Deployment resources
[ok] Patched Deployment resources
[ok] Verified Deployment template resources: requests={'cpu': '300m', 'memory': '50Mi'} limits={'cpu': '300m', 'memory': '64Mi'}
[info] Scaling deployment to 0 replicas to force full pod replacement
[ok] Verified Deployment template resources: requests={'cpu': '1500m', 'memory': '400Mi'} limits={'cpu': '5544m', 'memory': '512Mi'}
[info] Scaling deployment to 0 replicas to force full pod replacement
[ok] All pods terminated (replicas=0)
[info] Scaling deployment back to 24 replicas
[ok] All pods terminated (replicas=0)
[info] Scaling deployment back to 73 replicas
[ok] Rollout completed after scale-to-zero
[verify] newest RS=newdeploy-ml-image-processing-default-8b22-c7f0f2d6d72b-769bbfc487 pods=24 ready=24
[ok] Verified newest ReplicaSet template resources match expected
[ok] Rollout completed after scale-to-zero
[verify] newest RS=newdeploy-ml-object-detection-default-9ecd-2fb10570ca05-5cd7fc6cb pods=73 ready=73
[ok] Verified newest ReplicaSet template resources match expected
[info] Started Locust with PID 1162957
[info] attempt=1: start sleep for 20s
[info] attempt=1: sleep done
\Start sampling in parallel...
Workflow e2e p99 latency (55 completed in 16.1s, parallel, 8 workers): 3.720s
Average stage latencies:
  - ml-image-processing: 0.307s
  - ml-object-detection: 0.170s
[info] poll_locust_row: failed to load, try again
[info] poll_locust_row: failed to load, try again
[info] poll_locust_row: failed to load, try again
[info] total_requests: 983
[info] e2e_latency (p99): 4.300 s
[info] energy_j: 7060.005508 J
[info] served_rps: 56.10 req/s
[info]: start_time: 1767856817.431, end_time: 1767856833.631, duration_s: 16.20 s
[info] energy_cost: 7.182101 J/request
[info] average power: 435.802808 W
[info] Locust stopped
================================================================================
objective      : price
resource_config: [{'cpu_m': 300, 'memory_mi': 64}, {'cpu_m': 5544, 'memory_mi': 512}], latencies: {'ml-image-processing': 0.30709196477281775, 'ml-object-detection': 0.17000134160572833}, price_cost: 180.300743, energy_cost: 7.182101, latency_p99 : 4.300000, feasible: False, total_requests: 983, served_rps: 56.10, total_energy_j: 7060.005508 J, profiling_duration_s: 16.200000s, average_power: 435.802808 W
wall_time_s    : 101.128
================================================================================

================================================================================

Batch  5: best_feasible_cost (random, qNEI) = (188.476872569416, 160.02096308941034), best_constraint =  -0.100 (<=0 feasible), time = 308.68.
Best feasible resource configuration: [{'cpu_m': 300, 'memory_mi': 70}, {'cpu_m': 5309, 'memory_mi': 512}]

================================================================================
/home/cc/miniconda3/envs/faas/lib/python3.10/site-packages/botorch/acquisition/monte_carlo.py:502: NumericsWarning: qNoisyExpectedImprovement has known numerical issues that lead to suboptimal optimization performance. It is strongly recommended to simply replace

	 qNoisyExpectedImprovement 	 --> 	 qLogNoisyExpectedImprovement 

instead, which fixes the issues and has the same API. See https://arxiv.org/abs/2310.20708 for details.
  legacy_ei_numerics_warning(legacy_name=type(self).__name__)
Updating function ml-image-processing to cpu: 800m, memory: 53Mi
Updating Deployment resource configuration...

Updating function ml-object-detection to cpu: 4608m, memory: 512Mi
Updating Deployment resource configuration...

[info] Original replicas=24, selector='environmentName=ml-image-processing,environmentNamespace=default,environmentUid=2449fff4-7632-422c-aa00-519fcb194e26,executorType=newdeploy,functionName=ml-image-processing,functionNamespace=default,functionUid=58487e4a-0036-4ccd-8b22-c7f0f2d6d72b'
[info] Original replicas=73, selector='environmentName=yolo,environmentNamespace=default,environmentUid=ced8af41-455b-4081-99aa-1700c0092126,executorType=newdeploy,functionName=ml-object-detection,functionNamespace=default,functionUid=182005a6-ad76-40e9-9ecd-2fb10570ca05'
[ok] Patched Deployment resources
[ok] Patched Deployment resources
[ok] Verified Deployment template resources: requests={'cpu': '1500m', 'memory': '400Mi'} limits={'cpu': '4608m', 'memory': '512Mi'}
[info] Scaling deployment to 0 replicas to force full pod replacement
[ok] Verified Deployment template resources: requests={'cpu': '300m', 'memory': '50Mi'} limits={'cpu': '800m', 'memory': '53Mi'}
[info] Scaling deployment to 0 replicas to force full pod replacement
[ok] All pods terminated (replicas=0)
[info] Scaling deployment back to 24 replicas
[ok] All pods terminated (replicas=0)
[info] Scaling deployment back to 73 replicas
[ok] Rollout completed after scale-to-zero
[verify] newest RS=newdeploy-ml-image-processing-default-8b22-c7f0f2d6d72b-868797bc8b pods=24 ready=24
[ok] Verified newest ReplicaSet template resources match expected
[ok] Rollout completed after scale-to-zero
[verify] newest RS=newdeploy-ml-object-detection-default-9ecd-2fb10570ca05-5dd8d8c576 pods=73 ready=73
[ok] Verified newest ReplicaSet template resources match expected
[info] Started Locust with PID 1173229
[info] attempt=1: start sleep for 20s
[info] attempt=1: sleep done
\Start sampling in parallel...
Workflow e2e p99 latency (68 completed in 19.3s, parallel, 8 workers): 9.000s
Average stage latencies:
  - ml-image-processing: 0.112s
  - ml-object-detection: 0.236s
[info] total_requests: 1264
[info] e2e_latency (p99): 3.700 s
[info] energy_j: 9364.246048 J
[info] served_rps: 69.50 req/s
[info]: start_time: 1767856921.631, end_time: 1767856940.931, duration_s: 19.30 s
[info] energy_cost: 7.408423 J/request
[info] average power: 485.194097 W
[info] Locust stopped
================================================================================
objective      : price
resource_config: [{'cpu_m': 800, 'memory_mi': 53}, {'cpu_m': 4608, 'memory_mi': 512}], latencies: {'ml-image-processing': 0.11153985159610634, 'ml-object-detection': 0.23648956859373113}, price_cost: 205.524845, energy_cost: 7.408423, latency_p99 : 3.700000, feasible: False, total_requests: 1264, served_rps: 69.50, total_energy_j: 9364.246048 J, profiling_duration_s: 19.300000s, average_power: 485.194097 W
wall_time_s    : 102.320
================================================================================

Updating function ml-image-processing to cpu: 800m, memory: 50Mi
Updating Deployment resource configuration...

Updating function ml-object-detection to cpu: 3765m, memory: 506Mi
Updating Deployment resource configuration...

[info] Original replicas=73, selector='environmentName=yolo,environmentNamespace=default,environmentUid=ced8af41-455b-4081-99aa-1700c0092126,executorType=newdeploy,functionName=ml-object-detection,functionNamespace=default,functionUid=182005a6-ad76-40e9-9ecd-2fb10570ca05'
[info] Original replicas=24, selector='environmentName=ml-image-processing,environmentNamespace=default,environmentUid=2449fff4-7632-422c-aa00-519fcb194e26,executorType=newdeploy,functionName=ml-image-processing,functionNamespace=default,functionUid=58487e4a-0036-4ccd-8b22-c7f0f2d6d72b'
[ok] Patched Deployment resources
[ok] Patched Deployment resources
[ok] Verified Deployment template resources: requests={'cpu': '1500m', 'memory': '400Mi'} limits={'cpu': '3765m', 'memory': '506Mi'}
[info] Scaling deployment to 0 replicas to force full pod replacement
[ok] Verified Deployment template resources: requests={'cpu': '300m', 'memory': '50Mi'} limits={'cpu': '800m', 'memory': '50Mi'}
[info] Scaling deployment to 0 replicas to force full pod replacement
[ok] All pods terminated (replicas=0)
[info] Scaling deployment back to 73 replicas
[ok] All pods terminated (replicas=0)
[info] Scaling deployment back to 24 replicas
[ok] Rollout completed after scale-to-zero
[verify] newest RS=newdeploy-ml-image-processing-default-8b22-c7f0f2d6d72b-57744d58c7 pods=24 ready=24
[ok] Verified newest ReplicaSet template resources match expected
[ok] Rollout completed after scale-to-zero
[verify] newest RS=newdeploy-ml-object-detection-default-9ecd-2fb10570ca05-646f5694 pods=73 ready=73
[ok] Verified newest ReplicaSet template resources match expected
[info] Started Locust with PID 1183449
[info] attempt=1: start sleep for 20s
[info] attempt=1: sleep done
\Start sampling in parallel...
Workflow e2e p99 latency (50 completed in 18.0s, parallel, 8 workers): 9.000s
Average stage latencies:
  - ml-image-processing: 0.102s
  - ml-object-detection: 0.274s
[info] total_requests: 1133
[info] e2e_latency (p99): 3.700 s
[info] energy_j: 8095.339327 J
[info] served_rps: 61.60 req/s
[info]: start_time: 1767857025.731, end_time: 1767857043.831, duration_s: 18.10 s
[info] energy_cost: 7.145048 J/request
[info] average power: 447.256313 W
[info] Locust stopped
================================================================================
objective      : price
resource_config: [{'cpu_m': 800, 'memory_mi': 50}, {'cpu_m': 3765, 'memory_mi': 506}], latencies: {'ml-image-processing': 0.10233109160548165, 'ml-object-detection': 0.27411890365848585}, price_cost: 194.477595, energy_cost: 7.145048, latency_p99 : 3.700000, feasible: False, total_requests: 1133, served_rps: 61.60, total_energy_j: 8095.339327 J, profiling_duration_s: 18.100000s, average_power: 447.256313 W
wall_time_s    : 102.910
================================================================================

Updating function ml-image-processing to cpu: 302m, memory: 50Mi
Updating Deployment resource configuration...

Updating function ml-object-detection to cpu: 5172m, memory: 512Mi
Updating Deployment resource configuration...

[info] Original replicas=24, selector='environmentName=ml-image-processing,environmentNamespace=default,environmentUid=2449fff4-7632-422c-aa00-519fcb194e26,executorType=newdeploy,functionName=ml-image-processing,functionNamespace=default,functionUid=58487e4a-0036-4ccd-8b22-c7f0f2d6d72b'
[info] Original replicas=73, selector='environmentName=yolo,environmentNamespace=default,environmentUid=ced8af41-455b-4081-99aa-1700c0092126,executorType=newdeploy,functionName=ml-object-detection,functionNamespace=default,functionUid=182005a6-ad76-40e9-9ecd-2fb10570ca05'
[ok] Patched Deployment resources
[ok] Patched Deployment resources
[ok] Verified Deployment template resources: requests={'cpu': '1500m', 'memory': '400Mi'} limits={'cpu': '5172m', 'memory': '512Mi'}
[info] Scaling deployment to 0 replicas to force full pod replacement
[ok] Verified Deployment template resources: requests={'cpu': '300m', 'memory': '50Mi'} limits={'cpu': '302m', 'memory': '50Mi'}
[info] Scaling deployment to 0 replicas to force full pod replacement
[ok] All pods terminated (replicas=0)
[info] Scaling deployment back to 73 replicas
[ok] All pods terminated (replicas=0)
[info] Scaling deployment back to 24 replicas
[ok] Deleted HPA newdeploy-ml-object-detection-default-9ecd-2fb10570ca05
[ok] Rollout completed after scale-to-zero
[verify] newest RS=newdeploy-ml-image-processing-default-8b22-c7f0f2d6d72b-66f6586fb7 pods=24 ready=24
[ok] Verified newest ReplicaSet template resources match expected
[ok] Rollout completed after scale-to-zero
[verify] newest RS=newdeploy-ml-object-detection-default-9ecd-2fb10570ca05-69684bc776 pods=73 ready=73
[ok] Verified newest ReplicaSet template resources match expected
[info] Started Locust with PID 1193731
[info] attempt=1: start sleep for 20s
[info] attempt=1: sleep done
\Start sampling in parallel...
Workflow e2e p99 latency (61 completed in 17.0s, parallel, 8 workers): 3.564s
Average stage latencies:
  - ml-image-processing: 0.293s
  - ml-object-detection: 0.173s
[info] poll_locust_row: failed to load, try again
[info] poll_locust_row: failed to load, try again
[info] total_requests: 1018
[info] e2e_latency (p99): 3.900 s
[info] energy_j: 7355.927499 J
[info] served_rps: 56.10 req/s
[info]: start_time: 1767857127.431, end_time: 1767857144.331, duration_s: 16.90 s
[info] energy_cost: 7.225862 J/request
[info] average power: 435.261980 W
[info] Locust stopped
================================================================================
objective      : price
resource_config: [{'cpu_m': 302, 'memory_mi': 50}, {'cpu_m': 5172, 'memory_mi': 512}], latencies: {'ml-image-processing': 0.293056215564186, 'ml-object-detection': 0.1726846911211605}, price_cost: 171.089407, energy_cost: 7.225862, latency_p99 : 3.900000, feasible: False, total_requests: 1018, served_rps: 56.10, total_energy_j: 7355.927499 J, profiling_duration_s: 16.900000s, average_power: 435.261980 W
wall_time_s    : 101.541
================================================================================

================================================================================

Batch  6: best_feasible_cost (random, qNEI) = (188.476872569416, 160.02096308941034), best_constraint =  -0.100 (<=0 feasible), time = 310.25.
Best feasible resource configuration: [{'cpu_m': 300, 'memory_mi': 70}, {'cpu_m': 5309, 'memory_mi': 512}]

================================================================================
/home/cc/miniconda3/envs/faas/lib/python3.10/site-packages/botorch/acquisition/monte_carlo.py:502: NumericsWarning: qNoisyExpectedImprovement has known numerical issues that lead to suboptimal optimization performance. It is strongly recommended to simply replace

	 qNoisyExpectedImprovement 	 --> 	 qLogNoisyExpectedImprovement 

instead, which fixes the issues and has the same API. See https://arxiv.org/abs/2310.20708 for details.
  legacy_ei_numerics_warning(legacy_name=type(self).__name__)
Updating function ml-image-processing to cpu: 603m, memory: 51Mi
Updating Deployment resource configuration...

Updating function ml-object-detection to cpu: 4378m, memory: 414Mi
Updating Deployment resource configuration...

[info] Original replicas=24, selector='environmentName=ml-image-processing,environmentNamespace=default,environmentUid=2449fff4-7632-422c-aa00-519fcb194e26,executorType=newdeploy,functionName=ml-image-processing,functionNamespace=default,functionUid=58487e4a-0036-4ccd-8b22-c7f0f2d6d72b'
[info] Original replicas=73, selector='environmentName=yolo,environmentNamespace=default,environmentUid=ced8af41-455b-4081-99aa-1700c0092126,executorType=newdeploy,functionName=ml-object-detection,functionNamespace=default,functionUid=182005a6-ad76-40e9-9ecd-2fb10570ca05'
[ok] Patched Deployment resources
[ok] Patched Deployment resources
[ok] Verified Deployment template resources: requests={'cpu': '300m', 'memory': '50Mi'} limits={'cpu': '603m', 'memory': '51Mi'}
[info] Scaling deployment to 0 replicas to force full pod replacement
[ok] Verified Deployment template resources: requests={'cpu': '1500m', 'memory': '400Mi'} limits={'cpu': '4378m', 'memory': '414Mi'}
[info] Scaling deployment to 0 replicas to force full pod replacement
[ok] All pods terminated (replicas=0)
[info] Scaling deployment back to 24 replicas
[ok] All pods terminated (replicas=0)
[info] Scaling deployment back to 73 replicas
[ok] Rollout completed after scale-to-zero
[verify] newest RS=newdeploy-ml-image-processing-default-8b22-c7f0f2d6d72b-96488d88f pods=24 ready=24
[ok] Verified newest ReplicaSet template resources match expected
[ok] Rollout completed after scale-to-zero
[verify] newest RS=newdeploy-ml-object-detection-default-9ecd-2fb10570ca05-545c6f8f47 pods=73 ready=73
[ok] Verified newest ReplicaSet template resources match expected
[info] Started Locust with PID 1203920
[info] attempt=1: start sleep for 20s
[info] attempt=1: sleep done
\Start sampling in parallel...
Workflow e2e p99 latency (62 completed in 18.1s, parallel, 8 workers): 9.000s
Average stage latencies:
  - ml-image-processing: 0.136s
  - ml-object-detection: 0.231s
[info] total_requests: 1191
[info] e2e_latency (p99): 3.700 s
[info] energy_j: 8555.639414 J
[info] served_rps: 66.30 req/s
[info]: start_time: 1767857233.831, end_time: 1767857252.031, duration_s: 18.20 s
[info] energy_cost: 7.183576 J/request
[info] average power: 470.090083 W
[info] Locust stopped
================================================================================
objective      : price
resource_config: [{'cpu_m': 603, 'memory_mi': 51}, {'cpu_m': 4378, 'memory_mi': 414}], latencies: {'ml-image-processing': 0.13570432682874903, 'ml-object-detection': 0.23116250246249395}, price_cost: 190.499885, energy_cost: 7.183576, latency_p99 : 3.700000, feasible: False, total_requests: 1191, served_rps: 66.30, total_energy_j: 8555.639414 J, profiling_duration_s: 18.200000s, average_power: 470.090083 W
wall_time_s    : 102.793
================================================================================

Updating function ml-image-processing to cpu: 345m, memory: 68Mi
Updating Deployment resource configuration...

Updating function ml-object-detection to cpu: 5483m, memory: 512Mi
Updating Deployment resource configuration...

[info] Original replicas=24, selector='environmentName=ml-image-processing,environmentNamespace=default,environmentUid=2449fff4-7632-422c-aa00-519fcb194e26,executorType=newdeploy,functionName=ml-image-processing,functionNamespace=default,functionUid=58487e4a-0036-4ccd-8b22-c7f0f2d6d72b'
[info] Original replicas=73, selector='environmentName=yolo,environmentNamespace=default,environmentUid=ced8af41-455b-4081-99aa-1700c0092126,executorType=newdeploy,functionName=ml-object-detection,functionNamespace=default,functionUid=182005a6-ad76-40e9-9ecd-2fb10570ca05'
[ok] Patched Deployment resources
[ok] Patched Deployment resources
[ok] Verified Deployment template resources: requests={'cpu': '300m', 'memory': '50Mi'} limits={'cpu': '345m', 'memory': '68Mi'}
[info] Scaling deployment to 0 replicas to force full pod replacement
[ok] Verified Deployment template resources: requests={'cpu': '1500m', 'memory': '400Mi'} limits={'cpu': '5483m', 'memory': '512Mi'}
[info] Scaling deployment to 0 replicas to force full pod replacement
[ok] All pods terminated (replicas=0)
[info] Scaling deployment back to 24 replicas
[ok] All pods terminated (replicas=0)
[info] Scaling deployment back to 73 replicas
[ok] Rollout completed after scale-to-zero
[verify] newest RS=newdeploy-ml-image-processing-default-8b22-c7f0f2d6d72b-696f5bc49d pods=24 ready=24
[ok] Verified newest ReplicaSet template resources match expected
[ok] Rollout completed after scale-to-zero
[verify] newest RS=newdeploy-ml-object-detection-default-9ecd-2fb10570ca05-5cf6cb8cdd pods=73 ready=73
[ok] Verified newest ReplicaSet template resources match expected
[info] Started Locust with PID 1213914
[info] attempt=1: start sleep for 20s
[info] attempt=1: sleep done
\Start sampling in parallel...
Workflow e2e p99 latency (54 completed in 17.0s, parallel, 8 workers): 4.326s
Average stage latencies:
  - ml-image-processing: 0.254s
  - ml-object-detection: 0.206s
[info] poll_locust_row: failed to load, try again
[info] poll_locust_row: failed to load, try again
[info] total_requests: 947
[info] e2e_latency (p99): 4.600 s
[info] energy_j: 7360.209975 J
[info] served_rps: 50.20 req/s
[info]: start_time: 1767857334.731, end_time: 1767857351.731, duration_s: 17.00 s
[info] energy_cost: 7.772133 J/request
[info] average power: 432.953528 W
[info] Locust stopped
================================================================================
objective      : price
resource_config: [{'cpu_m': 345, 'memory_mi': 68}, {'cpu_m': 5483, 'memory_mi': 512}], latencies: {'ml-image-processing': 0.25443261258166144, 'ml-object-detection': 0.2060730363742483}, price_cost: 212.168817, energy_cost: 7.772133, latency_p99 : 4.600000, feasible: False, total_requests: 947, served_rps: 50.20, total_energy_j: 7360.209975 J, profiling_duration_s: 17.000000s, average_power: 432.953528 W
wall_time_s    : 100.789
================================================================================

Updating function ml-image-processing to cpu: 318m, memory: 50Mi
Updating Deployment resource configuration...

Updating function ml-object-detection to cpu: 5103m, memory: 455Mi
Updating Deployment resource configuration...

[info] Original replicas=24, selector='environmentName=ml-image-processing,environmentNamespace=default,environmentUid=2449fff4-7632-422c-aa00-519fcb194e26,executorType=newdeploy,functionName=ml-image-processing,functionNamespace=default,functionUid=58487e4a-0036-4ccd-8b22-c7f0f2d6d72b'
[info] Original replicas=73, selector='environmentName=yolo,environmentNamespace=default,environmentUid=ced8af41-455b-4081-99aa-1700c0092126,executorType=newdeploy,functionName=ml-object-detection,functionNamespace=default,functionUid=182005a6-ad76-40e9-9ecd-2fb10570ca05'
[ok] Patched Deployment resources
[ok] Patched Deployment resources
[ok] Verified Deployment template resources: requests={'cpu': '1500m', 'memory': '400Mi'} limits={'cpu': '5103m', 'memory': '455Mi'}
[info] Scaling deployment to 0 replicas to force full pod replacement
[ok] Verified Deployment template resources: requests={'cpu': '300m', 'memory': '50Mi'} limits={'cpu': '318m', 'memory': '50Mi'}
[info] Scaling deployment to 0 replicas to force full pod replacement
[ok] All pods terminated (replicas=0)
[info] Scaling deployment back to 24 replicas
[ok] All pods terminated (replicas=0)
[info] Scaling deployment back to 73 replicas
[ok] Rollout completed after scale-to-zero
[verify] newest RS=newdeploy-ml-image-processing-default-8b22-c7f0f2d6d72b-6956d57665 pods=24 ready=24
[ok] Verified newest ReplicaSet template resources match expected
[ok] Rollout completed after scale-to-zero
[verify] newest RS=newdeploy-ml-object-detection-default-9ecd-2fb10570ca05-5b8c57f58 pods=73 ready=73
[ok] Verified newest ReplicaSet template resources match expected
[info] Started Locust with PID 1224130
[info] attempt=1: start sleep for 20s
[info] attempt=1: sleep done
\Start sampling in parallel...
Workflow e2e p99 latency (59 completed in 17.0s, parallel, 8 workers): 3.198s
Average stage latencies:
  - ml-image-processing: 0.301s
  - ml-object-detection: 0.187s
[info] poll_locust_row: failed to load, try again
[info] poll_locust_row: failed to load, try again
[info] total_requests: 1002
[info] e2e_latency (p99): 3.300 s
[info] energy_j: 7672.856227 J
[info] served_rps: 59.30 req/s
[info]: start_time: 1767857441.431, end_time: 1767857458.531, duration_s: 17.10 s
[info] energy_cost: 7.657541 J/request
[info] average power: 448.705045 W
[info] Locust stopped
================================================================================
objective      : price
resource_config: [{'cpu_m': 318, 'memory_mi': 50}, {'cpu_m': 5103, 'memory_mi': 455}], latencies: {'ml-image-processing': 0.3006328832026634, 'ml-object-detection': 0.18704619773237383}, price_cost: 182.898648, energy_cost: 7.657541, latency_p99 : 3.300000, feasible: False, total_requests: 1002, served_rps: 59.30, total_energy_j: 7672.856227 J, profiling_duration_s: 17.100000s, average_power: 448.705045 W
wall_time_s    : 106.717
================================================================================

================================================================================

Batch  7: best_feasible_cost (random, qNEI) = (188.476872569416, 160.02096308941034), best_constraint =  -0.100 (<=0 feasible), time = 314.14.
Best feasible resource configuration: [{'cpu_m': 300, 'memory_mi': 70}, {'cpu_m': 5309, 'memory_mi': 512}]

================================================================================
/home/cc/miniconda3/envs/faas/lib/python3.10/site-packages/botorch/acquisition/monte_carlo.py:502: NumericsWarning: qNoisyExpectedImprovement has known numerical issues that lead to suboptimal optimization performance. It is strongly recommended to simply replace

	 qNoisyExpectedImprovement 	 --> 	 qLogNoisyExpectedImprovement 

instead, which fixes the issues and has the same API. See https://arxiv.org/abs/2310.20708 for details.
  legacy_ei_numerics_warning(legacy_name=type(self).__name__)
Updating function ml-image-processing to cpu: 300m, memory: 69Mi
Updating Deployment resource configuration...

Updating function ml-object-detection to cpu: 4878m, memory: 474Mi
Updating Deployment resource configuration...

[info] Original replicas=24, selector='environmentName=ml-image-processing,environmentNamespace=default,environmentUid=2449fff4-7632-422c-aa00-519fcb194e26,executorType=newdeploy,functionName=ml-image-processing,functionNamespace=default,functionUid=58487e4a-0036-4ccd-8b22-c7f0f2d6d72b'
[info] Original replicas=73, selector='environmentName=yolo,environmentNamespace=default,environmentUid=ced8af41-455b-4081-99aa-1700c0092126,executorType=newdeploy,functionName=ml-object-detection,functionNamespace=default,functionUid=182005a6-ad76-40e9-9ecd-2fb10570ca05'
[ok] Patched Deployment resources
[ok] Patched Deployment resources
[ok] Verified Deployment template resources: requests={'cpu': '1500m', 'memory': '400Mi'} limits={'cpu': '4878m', 'memory': '474Mi'}
[info] Scaling deployment to 0 replicas to force full pod replacement
[ok] Verified Deployment template resources: requests={'cpu': '300m', 'memory': '50Mi'} limits={'cpu': '300m', 'memory': '69Mi'}
[info] Scaling deployment to 0 replicas to force full pod replacement
[ok] All pods terminated (replicas=0)
[info] Scaling deployment back to 24 replicas
[ok] All pods terminated (replicas=0)
[info] Scaling deployment back to 73 replicas
[ok] Rollout completed after scale-to-zero
[verify] newest RS=newdeploy-ml-image-processing-default-8b22-c7f0f2d6d72b-bbcb58ff9 pods=24 ready=24
[ok] Verified newest ReplicaSet template resources match expected
[ok] Rollout completed after scale-to-zero
[verify] newest RS=newdeploy-ml-object-detection-default-9ecd-2fb10570ca05-86f77b48f5 pods=73 ready=73
[ok] Verified newest ReplicaSet template resources match expected
[info] Started Locust with PID 1276352
[info] attempt=1: start sleep for 20s
[info] attempt=1: sleep done
\Start sampling in parallel...
Workflow e2e p99 latency (54 completed in 16.9s, parallel, 8 workers): 3.259s
Average stage latencies:
  - ml-image-processing: 0.315s
  - ml-object-detection: 0.201s
[info] poll_locust_row: failed to load, try again
[info] poll_locust_row: failed to load, try again
[info] total_requests: 914
[info] e2e_latency (p99): 4.100 s
[info] energy_j: 7344.993471 J
[info] served_rps: 55.40 req/s
[info]: start_time: 1767857545.531, end_time: 1767857562.431, duration_s: 16.90 s
[info] energy_cost: 8.036098 J/request
[info] average power: 434.614996 W
[info] Locust stopped
================================================================================
objective      : price
resource_config: [{'cpu_m': 300, 'memory_mi': 69}, {'cpu_m': 4878, 'memory_mi': 474}], latencies: {'ml-image-processing': 0.31542189102792356, 'ml-object-detection': 0.20105121268338902}, price_cost: 187.476176, energy_cost: 8.036098, latency_p99 : 4.100000, feasible: False, total_requests: 914, served_rps: 55.40, total_energy_j: 7344.993471 J, profiling_duration_s: 16.900000s, average_power: 434.614996 W
wall_time_s    : 95.374
================================================================================

Updating function ml-image-processing to cpu: 642m, memory: 50Mi
Updating Deployment resource configuration...

Updating function ml-object-detection to cpu: 4722m, memory: 431Mi
Updating Deployment resource configuration...

[info] Original replicas=24, selector='environmentName=ml-image-processing,environmentNamespace=default,environmentUid=2449fff4-7632-422c-aa00-519fcb194e26,executorType=newdeploy,functionName=ml-image-processing,functionNamespace=default,functionUid=58487e4a-0036-4ccd-8b22-c7f0f2d6d72b'
[info] Original replicas=73, selector='environmentName=yolo,environmentNamespace=default,environmentUid=ced8af41-455b-4081-99aa-1700c0092126,executorType=newdeploy,functionName=ml-object-detection,functionNamespace=default,functionUid=182005a6-ad76-40e9-9ecd-2fb10570ca05'
[ok] Patched Deployment resources
[ok] Patched Deployment resources
[ok] Verified Deployment template resources: requests={'cpu': '300m', 'memory': '50Mi'} limits={'cpu': '642m', 'memory': '50Mi'}
[info] Scaling deployment to 0 replicas to force full pod replacement
[ok] Verified Deployment template resources: requests={'cpu': '1500m', 'memory': '400Mi'} limits={'cpu': '4722m', 'memory': '431Mi'}
[info] Scaling deployment to 0 replicas to force full pod replacement
[ok] All pods terminated (replicas=0)
[info] Scaling deployment back to 24 replicas
[ok] All pods terminated (replicas=0)
[info] Scaling deployment back to 73 replicas
[ok] Rollout completed after scale-to-zero
[verify] newest RS=newdeploy-ml-image-processing-default-8b22-c7f0f2d6d72b-67f9457d8f pods=24 ready=24
[ok] Verified newest ReplicaSet template resources match expected
[ok] Rollout completed after scale-to-zero
[verify] newest RS=newdeploy-ml-object-detection-default-9ecd-2fb10570ca05-7c49cfc7dd pods=73 ready=73
[ok] Verified newest ReplicaSet template resources match expected
[info] Started Locust with PID 1286585
[info] attempt=1: start sleep for 20s
[info] attempt=1: sleep done
\Start sampling in parallel...
Workflow e2e p99 latency (65 completed in 16.5s, parallel, 8 workers): 9.000s
Average stage latencies:
  - ml-image-processing: 0.129s
  - ml-object-detection: 0.226s
[info] poll_locust_row: failed to load, try again
[info] poll_locust_row: failed to load, try again
[info] poll_locust_row: failed to load, try again
[info] total_requests: 1247
[info] e2e_latency (p99): 3.700 s
[info] energy_j: 7992.183251 J
[info] served_rps: 69.00 req/s
[info]: start_time: 1767857650.731, end_time: 1767857667.231, duration_s: 16.50 s
[info] energy_cost: 6.409129 J/request
[info] average power: 484.374742 W
[info] Locust stopped
================================================================================
objective      : price
resource_config: [{'cpu_m': 642, 'memory_mi': 50}, {'cpu_m': 4722, 'memory_mi': 431}], latencies: {'ml-image-processing': 0.12899532166147043, 'ml-object-detection': 0.2263092070758816}, price_cost: 200.479409, energy_cost: 6.409129, latency_p99 : 3.700000, feasible: False, total_requests: 1247, served_rps: 69.00, total_energy_j: 7992.183251 J, profiling_duration_s: 16.500000s, average_power: 484.374742 W
wall_time_s    : 105.338
================================================================================

Updating function ml-image-processing to cpu: 356m, memory: 50Mi
Updating Deployment resource configuration...

Updating function ml-object-detection to cpu: 5310m, memory: 410Mi
Updating Deployment resource configuration...

[info] Original replicas=73, selector='environmentName=yolo,environmentNamespace=default,environmentUid=ced8af41-455b-4081-99aa-1700c0092126,executorType=newdeploy,functionName=ml-object-detection,functionNamespace=default,functionUid=182005a6-ad76-40e9-9ecd-2fb10570ca05'
[info] Original replicas=24, selector='environmentName=ml-image-processing,environmentNamespace=default,environmentUid=2449fff4-7632-422c-aa00-519fcb194e26,executorType=newdeploy,functionName=ml-image-processing,functionNamespace=default,functionUid=58487e4a-0036-4ccd-8b22-c7f0f2d6d72b'
[ok] Patched Deployment resources
[ok] Patched Deployment resources
[ok] Verified Deployment template resources: requests={'cpu': '1500m', 'memory': '400Mi'} limits={'cpu': '5310m', 'memory': '410Mi'}
[info] Scaling deployment to 0 replicas to force full pod replacement
[ok] Verified Deployment template resources: requests={'cpu': '300m', 'memory': '50Mi'} limits={'cpu': '356m', 'memory': '50Mi'}
[info] Scaling deployment to 0 replicas to force full pod replacement
[ok] All pods terminated (replicas=0)
[info] Scaling deployment back to 24 replicas
[ok] All pods terminated (replicas=0)
[info] Scaling deployment back to 73 replicas
[ok] Rollout completed after scale-to-zero
[verify] newest RS=newdeploy-ml-image-processing-default-8b22-c7f0f2d6d72b-cdc7b4565 pods=24 ready=24
[ok] Verified newest ReplicaSet template resources match expected
[ok] Rollout completed after scale-to-zero
[verify] newest RS=newdeploy-ml-object-detection-default-9ecd-2fb10570ca05-8cfd485fb pods=73 ready=73
[ok] Verified newest ReplicaSet template resources match expected
[info] Started Locust with PID 1296463
[info] attempt=1: start sleep for 20s
[info] attempt=1: sleep done
\Start sampling in parallel...
Workflow e2e p99 latency (59 completed in 17.3s, parallel, 8 workers): 4.783s
Average stage latencies:
  - ml-image-processing: 0.249s
  - ml-object-detection: 0.210s
[info] poll_locust_row: failed to load, try again
[info] total_requests: 1006
[info] e2e_latency (p99): 4.200 s
[info] energy_j: 7790.591619 J
[info] served_rps: 57.00 req/s
[info]: start_time: 1767857749.631, end_time: 1767857766.931, duration_s: 17.30 s
[info] energy_cost: 7.744127 J/request
[info] average power: 450.323216 W
[info] Locust stopped
================================================================================
objective      : price
resource_config: [{'cpu_m': 356, 'memory_mi': 50}, {'cpu_m': 5310, 'memory_mi': 410}], latencies: {'ml-image-processing': 0.24917393574743704, 'ml-object-detection': 0.2096629876848626}, price_cost: 209.159407, energy_cost: 7.744127, latency_p99 : 4.200000, feasible: False, total_requests: 1006, served_rps: 57.00, total_energy_j: 7790.591619 J, profiling_duration_s: 17.300000s, average_power: 450.323216 W
wall_time_s    : 98.675
================================================================================

================================================================================

Batch  8: best_feasible_cost (random, qNEI) = (188.476872569416, 160.02096308941034), best_constraint =  -0.100 (<=0 feasible), time = 307.94.
Best feasible resource configuration: [{'cpu_m': 300, 'memory_mi': 70}, {'cpu_m': 5309, 'memory_mi': 512}]

================================================================================
/home/cc/miniconda3/envs/faas/lib/python3.10/site-packages/botorch/acquisition/monte_carlo.py:502: NumericsWarning: qNoisyExpectedImprovement has known numerical issues that lead to suboptimal optimization performance. It is strongly recommended to simply replace

	 qNoisyExpectedImprovement 	 --> 	 qLogNoisyExpectedImprovement 

instead, which fixes the issues and has the same API. See https://arxiv.org/abs/2310.20708 for details.
  legacy_ei_numerics_warning(legacy_name=type(self).__name__)
Updating function ml-image-processing to cpu: 661m, memory: 70Mi
Updating Deployment resource configuration...

Updating function ml-object-detection to cpu: 4498m, memory: 512Mi
Updating Deployment resource configuration...

[info] Original replicas=24, selector='environmentName=ml-image-processing,environmentNamespace=default,environmentUid=2449fff4-7632-422c-aa00-519fcb194e26,executorType=newdeploy,functionName=ml-image-processing,functionNamespace=default,functionUid=58487e4a-0036-4ccd-8b22-c7f0f2d6d72b'
[info] Original replicas=73, selector='environmentName=yolo,environmentNamespace=default,environmentUid=ced8af41-455b-4081-99aa-1700c0092126,executorType=newdeploy,functionName=ml-object-detection,functionNamespace=default,functionUid=182005a6-ad76-40e9-9ecd-2fb10570ca05'
[ok] Patched Deployment resources
[ok] Patched Deployment resources
[ok] Verified Deployment template resources: requests={'cpu': '1500m', 'memory': '400Mi'} limits={'cpu': '4498m', 'memory': '512Mi'}
[info] Scaling deployment to 0 replicas to force full pod replacement
[ok] Verified Deployment template resources: requests={'cpu': '300m', 'memory': '50Mi'} limits={'cpu': '661m', 'memory': '70Mi'}
[info] Scaling deployment to 0 replicas to force full pod replacement
[ok] All pods terminated (replicas=0)
[info] Scaling deployment back to 24 replicas
[ok] All pods terminated (replicas=0)
[info] Scaling deployment back to 73 replicas
[ok] Rollout completed after scale-to-zero
[verify] newest RS=newdeploy-ml-image-processing-default-8b22-c7f0f2d6d72b-6b5d9c7b65 pods=24 ready=24
[ok] Verified newest ReplicaSet template resources match expected
[ok] Rollout completed after scale-to-zero
[verify] newest RS=newdeploy-ml-object-detection-default-9ecd-2fb10570ca05-6b9699bdd pods=73 ready=73
[ok] Verified newest ReplicaSet template resources match expected
[info] Started Locust with PID 1331936
[info] attempt=1: start sleep for 20s
[info] attempt=1: sleep done
\Start sampling in parallel...
Workflow e2e p99 latency (64 completed in 16.6s, parallel, 8 workers): 9.000s
Average stage latencies:
  - ml-image-processing: 0.125s
  - ml-object-detection: 0.240s
[info] poll_locust_row: failed to load, try again
[info] poll_locust_row: failed to load, try again
[info] total_requests: 1229
[info] e2e_latency (p99): 3.800 s
[info] energy_j: 8038.412154 J
[info] served_rps: 68.10 req/s
[info]: start_time: 1767857856.731, end_time: 1767857873.431, duration_s: 16.70 s
[info] energy_cost: 6.540612 J/request
[info] average power: 481.342044 W
[info] Locust stopped
================================================================================
objective      : price
resource_config: [{'cpu_m': 661, 'memory_mi': 70}, {'cpu_m': 4498, 'memory_mi': 512}], latencies: {'ml-image-processing': 0.1248204127931204, 'ml-object-detection': 0.24033649862728645}, price_cost: 202.913410, energy_cost: 6.540612, latency_p99 : 3.800000, feasible: False, total_requests: 1229, served_rps: 68.10, total_energy_j: 8038.412154 J, profiling_duration_s: 16.700000s, average_power: 481.342044 W
wall_time_s    : 98.866
================================================================================

Updating function ml-image-processing to cpu: 567m, memory: 50Mi
Updating Deployment resource configuration...

Updating function ml-object-detection to cpu: 5088m, memory: 400Mi
Updating Deployment resource configuration...

[info] Original replicas=24, selector='environmentName=ml-image-processing,environmentNamespace=default,environmentUid=2449fff4-7632-422c-aa00-519fcb194e26,executorType=newdeploy,functionName=ml-image-processing,functionNamespace=default,functionUid=58487e4a-0036-4ccd-8b22-c7f0f2d6d72b'
[info] Original replicas=73, selector='environmentName=yolo,environmentNamespace=default,environmentUid=ced8af41-455b-4081-99aa-1700c0092126,executorType=newdeploy,functionName=ml-object-detection,functionNamespace=default,functionUid=182005a6-ad76-40e9-9ecd-2fb10570ca05'
[ok] Patched Deployment resources
[ok] Patched Deployment resources
[ok] Verified Deployment template resources: requests={'cpu': '1500m', 'memory': '400Mi'} limits={'cpu': '5088m', 'memory': '400Mi'}
[info] Scaling deployment to 0 replicas to force full pod replacement
[ok] Verified Deployment template resources: requests={'cpu': '300m', 'memory': '50Mi'} limits={'cpu': '567m', 'memory': '50Mi'}
[info] Scaling deployment to 0 replicas to force full pod replacement
[ok] All pods terminated (replicas=0)
[info] Scaling deployment back to 24 replicas
[ok] All pods terminated (replicas=0)
[info] Scaling deployment back to 73 replicas
[ok] Rollout completed after scale-to-zero
[verify] newest RS=newdeploy-ml-image-processing-default-8b22-c7f0f2d6d72b-7cc4d4f49c pods=24 ready=24
[ok] Verified newest ReplicaSet template resources match expected
[ok] Rollout completed after scale-to-zero
[verify] newest RS=newdeploy-ml-object-detection-default-9ecd-2fb10570ca05-c88779c48 pods=73 ready=73
[ok] Verified newest ReplicaSet template resources match expected
[info] Started Locust with PID 1342094
[info] attempt=1: start sleep for 20s
[info] attempt=1: sleep done
\Start sampling in parallel...
Workflow e2e p99 latency (67 completed in 18.2s, parallel, 8 workers): 3.231s
Average stage latencies:
  - ml-image-processing: 0.147s
  - ml-object-detection: 0.231s
[info] total_requests: 1242
[info] e2e_latency (p99): 3.700 s
[info] energy_j: 8849.768771 J
[info] served_rps: 67.90 req/s
[info]: start_time: 1767857959.131, end_time: 1767857977.431, duration_s: 18.30 s
[info] energy_cost: 7.125418 J/request
[info] average power: 483.593923 W
[info] Locust stopped
================================================================================
objective      : price
resource_config: [{'cpu_m': 567, 'memory_mi': 50}, {'cpu_m': 5088, 'memory_mi': 400}], latencies: {'ml-image-processing': 0.14690133213385273, 'ml-object-detection': 0.23145700685346304}, price_cost: 219.372824, energy_cost: 7.125418, latency_p99 : 3.700000, feasible: False, total_requests: 1242, served_rps: 67.90, total_energy_j: 8849.768771 J, profiling_duration_s: 18.300000s, average_power: 483.593923 W
wall_time_s    : 103.006
================================================================================

Updating function ml-image-processing to cpu: 581m, memory: 61Mi
Updating Deployment resource configuration...

Updating function ml-object-detection to cpu: 1991m, memory: 406Mi
Updating Deployment resource configuration...

[info] Original replicas=24, selector='environmentName=ml-image-processing,environmentNamespace=default,environmentUid=2449fff4-7632-422c-aa00-519fcb194e26,executorType=newdeploy,functionName=ml-image-processing,functionNamespace=default,functionUid=58487e4a-0036-4ccd-8b22-c7f0f2d6d72b'
[info] Original replicas=73, selector='environmentName=yolo,environmentNamespace=default,environmentUid=ced8af41-455b-4081-99aa-1700c0092126,executorType=newdeploy,functionName=ml-object-detection,functionNamespace=default,functionUid=182005a6-ad76-40e9-9ecd-2fb10570ca05'
[ok] Patched Deployment resources
[ok] Patched Deployment resources
[ok] Verified Deployment template resources: requests={'cpu': '1500m', 'memory': '400Mi'} limits={'cpu': '1991m', 'memory': '406Mi'}
[info] Scaling deployment to 0 replicas to force full pod replacement
[ok] Verified Deployment template resources: requests={'cpu': '300m', 'memory': '50Mi'} limits={'cpu': '581m', 'memory': '61Mi'}
[info] Scaling deployment to 0 replicas to force full pod replacement
[ok] All pods terminated (replicas=0)
[info] Scaling deployment back to 24 replicas
[ok] All pods terminated (replicas=0)
[info] Scaling deployment back to 73 replicas
[ok] Rollout completed after scale-to-zero
[verify] newest RS=newdeploy-ml-image-processing-default-8b22-c7f0f2d6d72b-7695bb67f7 pods=24 ready=24
[ok] Verified newest ReplicaSet template resources match expected
[ok] Rollout completed after scale-to-zero
[verify] newest RS=newdeploy-ml-object-detection-default-9ecd-2fb10570ca05-57c59859d9 pods=73 ready=73
[ok] Verified newest ReplicaSet template resources match expected
[info] Started Locust with PID 1352692
[info] attempt=1: start sleep for 20s
[info] attempt=1: sleep done
\Start sampling in parallel...
Workflow e2e p99 latency (40 completed in 21.9s, parallel, 8 workers): 9.000s
Average stage latencies:
  - ml-image-processing: 0.105s
  - ml-object-detection: 0.604s
[info] poll_locust_row: failed to load, try again
[info] poll_locust_row: failed to load, try again
[info] total_requests: 883
[info] e2e_latency (p99): 4.000 s
[info] energy_j: 7441.300122 J
[info] served_rps: 39.70 req/s
[info]: start_time: 1767858066.431, end_time: 1767858088.331, duration_s: 21.90 s
[info] energy_cost: 8.427293 J/request
[info] average power: 339.785392 W
[info] Locust stopped
================================================================================
objective      : price
resource_config: [{'cpu_m': 581, 'memory_mi': 61}, {'cpu_m': 1991, 'memory_mi': 406}], latencies: {'ml-image-processing': 0.10547974379733205, 'ml-object-detection': 0.6039958370142969}, price_cost: 221.739599, energy_cost: 8.427293, latency_p99 : 4.000000, feasible: False, total_requests: 883, served_rps: 39.70, total_energy_j: 7441.300122 J, profiling_duration_s: 21.900000s, average_power: 339.785392 W
wall_time_s    : 111.889
================================================================================

================================================================================

Batch  9: best_feasible_cost (random, qNEI) = (188.476872569416, 160.02096308941034), best_constraint =  -0.100 (<=0 feasible), time = 321.87.
Best feasible resource configuration: [{'cpu_m': 300, 'memory_mi': 70}, {'cpu_m': 5309, 'memory_mi': 512}]

================================================================================
/home/cc/miniconda3/envs/faas/lib/python3.10/site-packages/botorch/acquisition/monte_carlo.py:502: NumericsWarning: qNoisyExpectedImprovement has known numerical issues that lead to suboptimal optimization performance. It is strongly recommended to simply replace

	 qNoisyExpectedImprovement 	 --> 	 qLogNoisyExpectedImprovement 

instead, which fixes the issues and has the same API. See https://arxiv.org/abs/2310.20708 for details.
  legacy_ei_numerics_warning(legacy_name=type(self).__name__)
Updating function ml-image-processing to cpu: 377m, memory: 70Mi
Updating Deployment resource configuration...

Updating function ml-object-detection to cpu: 5141m, memory: 512Mi
Updating Deployment resource configuration...

[info] Original replicas=24, selector='environmentName=ml-image-processing,environmentNamespace=default,environmentUid=2449fff4-7632-422c-aa00-519fcb194e26,executorType=newdeploy,functionName=ml-image-processing,functionNamespace=default,functionUid=58487e4a-0036-4ccd-8b22-c7f0f2d6d72b'
[info] Original replicas=73, selector='environmentName=yolo,environmentNamespace=default,environmentUid=ced8af41-455b-4081-99aa-1700c0092126,executorType=newdeploy,functionName=ml-object-detection,functionNamespace=default,functionUid=182005a6-ad76-40e9-9ecd-2fb10570ca05'
[ok] Patched Deployment resources
[ok] Patched Deployment resources
[ok] Verified Deployment template resources: requests={'cpu': '300m', 'memory': '50Mi'} limits={'cpu': '377m', 'memory': '70Mi'}
[info] Scaling deployment to 0 replicas to force full pod replacement
[ok] Verified Deployment template resources: requests={'cpu': '1500m', 'memory': '400Mi'} limits={'cpu': '5141m', 'memory': '512Mi'}
[info] Scaling deployment to 0 replicas to force full pod replacement
[ok] All pods terminated (replicas=0)
[info] Scaling deployment back to 24 replicas
[ok] All pods terminated (replicas=0)
[info] Scaling deployment back to 73 replicas
[ok] Deleted HPA newdeploy-ml-object-detection-default-9ecd-2fb10570ca05
[ok] Rollout completed after scale-to-zero
[verify] newest RS=newdeploy-ml-image-processing-default-8b22-c7f0f2d6d72b-78b795d85 pods=24 ready=24
[ok] Verified newest ReplicaSet template resources match expected
[ok] Rollout completed after scale-to-zero
[verify] newest RS=newdeploy-ml-object-detection-default-9ecd-2fb10570ca05-78fb794ccb pods=73 ready=73
[ok] Verified newest ReplicaSet template resources match expected
[info] Started Locust with PID 1436398
[info] attempt=1: start sleep for 20s
[info] attempt=1: sleep done
\Start sampling in parallel...
Workflow e2e p99 latency (61 completed in 16.4s, parallel, 8 workers): 1.970s
Average stage latencies:
  - ml-image-processing: 0.238s
  - ml-object-detection: 0.187s
[info] poll_locust_row: failed to load, try again
[info] poll_locust_row: failed to load, try again
[info] poll_locust_row: failed to load, try again
[info] total_requests: 1156
[info] e2e_latency (p99): 2.300 s
[info] energy_j: 7616.755348 J
[info] served_rps: 63.90 req/s
[info]: start_time: 1767858182.831, end_time: 1767858199.231, duration_s: 16.40 s
[info] energy_cost: 6.588889 J/request
[info] average power: 464.436306 W
[info] Locust stopped
================================================================================
objective      : price
resource_config: [{'cpu_m': 377, 'memory_mi': 70}, {'cpu_m': 5141, 'memory_mi': 512}], latencies: {'ml-image-processing': 0.23819501004105464, 'ml-object-detection': 0.18695948566844472}, price_cost: 183.198257, energy_cost: 6.588889, latency_p99 : 2.300000, feasible: True, total_requests: 1156, served_rps: 63.90, total_energy_j: 7616.755348 J, profiling_duration_s: 16.400000s, average_power: 464.436306 W
wall_time_s    : 101.456
================================================================================

Updating function ml-image-processing to cpu: 722m, memory: 53Mi
Updating Deployment resource configuration...

Updating function ml-object-detection to cpu: 1500m, memory: 459Mi
Updating Deployment resource configuration...

[info] Original replicas=24, selector='environmentName=ml-image-processing,environmentNamespace=default,environmentUid=2449fff4-7632-422c-aa00-519fcb194e26,executorType=newdeploy,functionName=ml-image-processing,functionNamespace=default,functionUid=58487e4a-0036-4ccd-8b22-c7f0f2d6d72b'
[info] Original replicas=73, selector='environmentName=yolo,environmentNamespace=default,environmentUid=ced8af41-455b-4081-99aa-1700c0092126,executorType=newdeploy,functionName=ml-object-detection,functionNamespace=default,functionUid=182005a6-ad76-40e9-9ecd-2fb10570ca05'
[ok] Patched Deployment resources
[ok] Patched Deployment resources
[ok] Verified Deployment template resources: requests={'cpu': '300m', 'memory': '50Mi'} limits={'cpu': '722m', 'memory': '53Mi'}
[info] Scaling deployment to 0 replicas to force full pod replacement
[ok] Verified Deployment template resources: requests={'cpu': '1500m', 'memory': '400Mi'} limits={'cpu': '1500m', 'memory': '459Mi'}
[info] Scaling deployment to 0 replicas to force full pod replacement
[ok] All pods terminated (replicas=0)
[info] Scaling deployment back to 24 replicas
[ok] All pods terminated (replicas=0)
[info] Scaling deployment back to 73 replicas
[ok] Rollout completed after scale-to-zero
[verify] newest RS=newdeploy-ml-image-processing-default-8b22-c7f0f2d6d72b-7cbbd87996 pods=24 ready=24
[ok] Verified newest ReplicaSet template resources match expected
[ok] Rollout completed after scale-to-zero
[verify] newest RS=newdeploy-ml-object-detection-default-9ecd-2fb10570ca05-766894fdb pods=73 ready=73
[ok] Verified newest ReplicaSet template resources match expected
[info] Started Locust with PID 1446213
[info] attempt=1: start sleep for 20s
[info] attempt=1: sleep done
\Start sampling in parallel...
Workflow e2e p99 latency (30 completed in 21.4s, parallel, 8 workers): 9.000s
Average stage latencies:
  - ml-image-processing: 0.098s
  - ml-object-detection: 0.812s
[info] poll_locust_row: failed to load, try again
[info] poll_locust_row: failed to load, try again
[info] poll_locust_row: failed to load, try again
[info] total_requests: 800
[info] e2e_latency (p99): 3.800 s
[info] energy_j: 6623.503351 J
[info] served_rps: 36.70 req/s
[info]: start_time: 1767858282.831, end_time: 1767858304.231, duration_s: 21.40 s
[info] energy_cost: 8.279379 J/request
[info] average power: 309.509504 W
[info] Locust stopped
================================================================================
objective      : price
resource_config: [{'cpu_m': 722, 'memory_mi': 53}, {'cpu_m': 1500, 'memory_mi': 459}], latencies: {'ml-image-processing': 0.09832953930120258, 'ml-object-detection': 0.8123283239684123}, price_cost: 227.731413, energy_cost: 8.279379, latency_p99 : 3.800000, feasible: False, total_requests: 800, served_rps: 36.70, total_energy_j: 6623.503351 J, profiling_duration_s: 21.400000s, average_power: 309.509504 W
wall_time_s    : 104.931
================================================================================

Updating function ml-image-processing to cpu: 652m, memory: 50Mi
Updating Deployment resource configuration...

Updating function ml-object-detection to cpu: 4795m, memory: 512Mi
Updating Deployment resource configuration...

[info] Original replicas=24, selector='environmentName=ml-image-processing,environmentNamespace=default,environmentUid=2449fff4-7632-422c-aa00-519fcb194e26,executorType=newdeploy,functionName=ml-image-processing,functionNamespace=default,functionUid=58487e4a-0036-4ccd-8b22-c7f0f2d6d72b'
[info] Original replicas=73, selector='environmentName=yolo,environmentNamespace=default,environmentUid=ced8af41-455b-4081-99aa-1700c0092126,executorType=newdeploy,functionName=ml-object-detection,functionNamespace=default,functionUid=182005a6-ad76-40e9-9ecd-2fb10570ca05'
[ok] Patched Deployment resources
[ok] Patched Deployment resources
[ok] Verified Deployment template resources: requests={'cpu': '300m', 'memory': '50Mi'} limits={'cpu': '652m', 'memory': '50Mi'}
[info] Scaling deployment to 0 replicas to force full pod replacement
[ok] Verified Deployment template resources: requests={'cpu': '1500m', 'memory': '400Mi'} limits={'cpu': '4795m', 'memory': '512Mi'}
[info] Scaling deployment to 0 replicas to force full pod replacement
[ok] All pods terminated (replicas=0)
[info] Scaling deployment back to 24 replicas
[ok] All pods terminated (replicas=0)
[info] Scaling deployment back to 73 replicas
[ok] Deleted HPA newdeploy-ml-object-detection-default-9ecd-2fb10570ca05
[ok] Rollout completed after scale-to-zero
[verify] newest RS=newdeploy-ml-image-processing-default-8b22-c7f0f2d6d72b-695d4cc5f5 pods=24 ready=24
[ok] Verified newest ReplicaSet template resources match expected
[ok] Rollout completed after scale-to-zero
[verify] newest RS=newdeploy-ml-object-detection-default-9ecd-2fb10570ca05-794b688d9b pods=73 ready=73
[ok] Verified newest ReplicaSet template resources match expected
[info] Started Locust with PID 1456615
[info] attempt=1: start sleep for 20s
[info] attempt=1: sleep done
\Start sampling in parallel...
Workflow e2e p99 latency (66 completed in 18.8s, parallel, 8 workers): 9.000s
Average stage latencies:
  - ml-image-processing: 0.139s
  - ml-object-detection: 0.231s
[info] total_requests: 1261
[info] e2e_latency (p99): 3.700 s
[info] energy_j: 9178.299747 J
[info] served_rps: 71.00 req/s
[info]: start_time: 1767858390.731, end_time: 1767858409.531, duration_s: 18.80 s
[info] energy_cost: 7.278588 J/request
[info] average power: 488.207435 W
[info] Locust stopped
================================================================================
objective      : price
resource_config: [{'cpu_m': 652, 'memory_mi': 50}, {'cpu_m': 4795, 'memory_mi': 512}], latencies: {'ml-image-processing': 0.1391165733910524, 'ml-object-detection': 0.23113355435287722}, price_cost: 208.966309, energy_cost: 7.278588, latency_p99 : 3.700000, feasible: False, total_requests: 1261, served_rps: 71.00, total_energy_j: 9178.299747 J, profiling_duration_s: 18.800000s, average_power: 488.207435 W
wall_time_s    : 103.797
================================================================================

================================================================================

Batch 10: best_feasible_cost (random, qNEI) = (188.476872569416, 160.02096308941034), best_constraint =  -0.100 (<=0 feasible), time = 320.21.
Best feasible resource configuration: [{'cpu_m': 300, 'memory_mi': 70}, {'cpu_m': 5309, 'memory_mi': 512}]

================================================================================
BO loop time: 4151.31 seconds
Best cost: 160.02096308941034
Best resource configuration: [{'cpu_m': 300, 'memory_mi': 70}, {'cpu_m': 5309, 'memory_mi': 512}]

========================================
Energy
drwxrwxr-x 2 cc cc   4096 Jan  8 03:14 __pycache__
-rw-rw-r-- 1 cc cc  21743 Jan  8 00:11 bayesian_optimization.py
drwxrwxr-x 2 cc cc   4096 Jan  5 15:43 bo_outputs_copy
-rw-rw-r-- 1 cc cc  22474 Jan  8 02:32 bo_utils.py
-rw-rw-r-- 1 cc cc  12286 Jan  5 01:06 check_result.py
-rw-rw-r-- 1 cc cc   7349 Jan  5 15:31 compute_stat.py
-rw-rw-r-- 1 cc cc   6640 Jan  5 15:43 compute_trade_off.py
-rw-rw-r-- 1 cc cc   1438 Jan  5 14:32 config.py
-rw-rw-r-- 1 cc cc   4370 Jan  8 00:11 manager.py
-rw-rw-r-- 1 cc cc   9045 Dec 16 05:41 original-bayesian_optimization.py
-rw-rw-r-- 1 cc cc  11668 Jan  5 15:23 original_bo_results_price_20260105_051239 copy.json
-rw-rw-r-- 1 cc cc   2423 Jan  3 19:23 pods_mapping.py
-rw-rw-r-- 1 cc cc  21769 Jan  7 06:31 power_service.py
-rw-rw-r-- 1 cc cc   1736 Jan  7 00:16 temp.py

IS_ENERGY: True
[info] batch_size: 3, initial_points: 10, n_batch: 10
No checkpoint found, starting fresh BO run.
Updating function ml-image-processing to cpu: 583m, memory: 59Mi
Updating Deployment resource configuration...

Updating function ml-object-detection to cpu: 4245m, memory: 400Mi
Updating Deployment resource configuration...

[info] Original replicas=24, selector='environmentName=ml-image-processing,environmentNamespace=default,environmentUid=2449fff4-7632-422c-aa00-519fcb194e26,executorType=newdeploy,functionName=ml-image-processing,functionNamespace=default,functionUid=58487e4a-0036-4ccd-8b22-c7f0f2d6d72b'
[info] Original replicas=73, selector='environmentName=yolo,environmentNamespace=default,environmentUid=ced8af41-455b-4081-99aa-1700c0092126,executorType=newdeploy,functionName=ml-object-detection,functionNamespace=default,functionUid=182005a6-ad76-40e9-9ecd-2fb10570ca05'
[ok] Patched Deployment resources
[ok] Patched Deployment resources
[ok] Verified Deployment template resources: requests={'cpu': '300m', 'memory': '50Mi'} limits={'cpu': '583m', 'memory': '59Mi'}
[info] Scaling deployment to 0 replicas to force full pod replacement
[ok] Verified Deployment template resources: requests={'cpu': '1500m', 'memory': '400Mi'} limits={'cpu': '4245m', 'memory': '400Mi'}
[info] Scaling deployment to 0 replicas to force full pod replacement
[ok] All pods terminated (replicas=0)
[info] Scaling deployment back to 24 replicas
[ok] All pods terminated (replicas=0)
[info] Scaling deployment back to 73 replicas
[ok] Rollout completed after scale-to-zero
[verify] newest RS=newdeploy-ml-image-processing-default-8b22-c7f0f2d6d72b-b565bf5c8 pods=24 ready=24
[ok] Verified newest ReplicaSet template resources match expected
[ok] Rollout completed after scale-to-zero
[verify] newest RS=newdeploy-ml-object-detection-default-9ecd-2fb10570ca05-56cb9ccc6 pods=73 ready=73
[ok] Verified newest ReplicaSet template resources match expected
[info] Started Locust with PID 1467289
[info] attempt=1: start sleep for 20s
[info] attempt=1: sleep done
\Start sampling in parallel...
Workflow e2e p99 latency (50 completed in 20.2s, parallel, 8 workers): 9.000s
Average stage latencies:
  - ml-image-processing: 0.133s
  - ml-object-detection: 0.245s
[info] total_requests: 1377
[info] e2e_latency (p99): 3.900 s
[info] energy_j: 9453.192731 J
[info] served_rps: 65.50 req/s
[info]: start_time: 1767858493.631, end_time: 1767858513.831, duration_s: 20.20 s
[info] energy_cost: 6.865064 J/request
[info] average power: 467.979837 W
[info] Locust stopped
================================================================================
objective      : energy
resource_config: [{'cpu_m': 583, 'memory_mi': 59}, {'cpu_m': 4245, 'memory_mi': 400}], latencies: {'ml-image-processing': 0.1329209031648047, 'ml-object-detection': 0.2445957013627603}, price_cost: 194.333555, energy_cost: 6.865064, latency_p99 : 3.900000, feasible: False, total_requests: 1377, served_rps: 65.50, total_energy_j: 9453.192731 J, profiling_duration_s: 20.200000s, average_power: 467.979837 W
wall_time_s    : 101.038
================================================================================

Updating function ml-image-processing to cpu: 481m, memory: 51Mi
Updating Deployment resource configuration...

Updating function ml-object-detection to cpu: 2161m, memory: 456Mi
Updating Deployment resource configuration...

[info] Original replicas=24, selector='environmentName=ml-image-processing,environmentNamespace=default,environmentUid=2449fff4-7632-422c-aa00-519fcb194e26,executorType=newdeploy,functionName=ml-image-processing,functionNamespace=default,functionUid=58487e4a-0036-4ccd-8b22-c7f0f2d6d72b'
[info] Original replicas=73, selector='environmentName=yolo,environmentNamespace=default,environmentUid=ced8af41-455b-4081-99aa-1700c0092126,executorType=newdeploy,functionName=ml-object-detection,functionNamespace=default,functionUid=182005a6-ad76-40e9-9ecd-2fb10570ca05'
[ok] Patched Deployment resources
[ok] Patched Deployment resources
[ok] Verified Deployment template resources: requests={'cpu': '300m', 'memory': '50Mi'} limits={'cpu': '481m', 'memory': '51Mi'}
[info] Scaling deployment to 0 replicas to force full pod replacement
[ok] Verified Deployment template resources: requests={'cpu': '1500m', 'memory': '400Mi'} limits={'cpu': '2161m', 'memory': '456Mi'}
[info] Scaling deployment to 0 replicas to force full pod replacement
[ok] All pods terminated (replicas=0)
[info] Scaling deployment back to 24 replicas
[ok] All pods terminated (replicas=0)
[info] Scaling deployment back to 73 replicas
[ok] Rollout completed after scale-to-zero
[verify] newest RS=newdeploy-ml-image-processing-default-8b22-c7f0f2d6d72b-7f6655bf6f pods=24 ready=24
[ok] Verified newest ReplicaSet template resources match expected
[ok] Rollout completed after scale-to-zero
[verify] newest RS=newdeploy-ml-object-detection-default-9ecd-2fb10570ca05-698fb45849 pods=73 ready=73
[ok] Verified newest ReplicaSet template resources match expected
[info] Started Locust with PID 1478035
[info] attempt=1: start sleep for 20s
[info] attempt=1: sleep done
\Start sampling in parallel...
Workflow e2e p99 latency (41 completed in 21.9s, parallel, 8 workers): 9.000s
Average stage latencies:
  - ml-image-processing: 0.111s
  - ml-object-detection: 0.564s
[info] poll_locust_row: failed to load, try again
[info] poll_locust_row: failed to load, try again
[info] total_requests: 1055
[info] e2e_latency (p99): 4.000 s
[info] energy_j: 7662.317929 J
[info] served_rps: 42.40 req/s
[info]: start_time: 1767858604.131, end_time: 1767858626.131, duration_s: 22.00 s
[info] energy_cost: 7.262861 J/request
[info] average power: 348.287179 W
[info] Locust stopped
================================================================================
objective      : energy
resource_config: [{'cpu_m': 481, 'memory_mi': 51}, {'cpu_m': 2161, 'memory_mi': 456}], latencies: {'ml-image-processing': 0.11127130611566827, 'ml-object-detection': 0.5640298280486604}, price_cost: 223.356793, energy_cost: 7.262861, latency_p99 : 4.000000, feasible: False, total_requests: 1055, served_rps: 42.40, total_energy_j: 7662.317929 J, profiling_duration_s: 22.000000s, average_power: 348.287179 W
wall_time_s    : 113.273
================================================================================

Updating function ml-image-processing to cpu: 727m, memory: 70Mi
Updating Deployment resource configuration...

Updating function ml-object-detection to cpu: 2440m, memory: 421Mi
Updating Deployment resource configuration...

[info] Original replicas=24, selector='environmentName=ml-image-processing,environmentNamespace=default,environmentUid=2449fff4-7632-422c-aa00-519fcb194e26,executorType=newdeploy,functionName=ml-image-processing,functionNamespace=default,functionUid=58487e4a-0036-4ccd-8b22-c7f0f2d6d72b'
[info] Original replicas=73, selector='environmentName=yolo,environmentNamespace=default,environmentUid=ced8af41-455b-4081-99aa-1700c0092126,executorType=newdeploy,functionName=ml-object-detection,functionNamespace=default,functionUid=182005a6-ad76-40e9-9ecd-2fb10570ca05'
[ok] Patched Deployment resources
[ok] Patched Deployment resources
[ok] Verified Deployment template resources: requests={'cpu': '1500m', 'memory': '400Mi'} limits={'cpu': '2440m', 'memory': '421Mi'}
[info] Scaling deployment to 0 replicas to force full pod replacement
[ok] Verified Deployment template resources: requests={'cpu': '300m', 'memory': '50Mi'} limits={'cpu': '727m', 'memory': '70Mi'}
[info] Scaling deployment to 0 replicas to force full pod replacement
[ok] All pods terminated (replicas=0)
[info] Scaling deployment back to 24 replicas
[ok] All pods terminated (replicas=0)
[info] Scaling deployment back to 73 replicas
[ok] Deleted HPA newdeploy-ml-object-detection-default-9ecd-2fb10570ca05
[ok] Rollout completed after scale-to-zero
[verify] newest RS=newdeploy-ml-image-processing-default-8b22-c7f0f2d6d72b-754d68bcf9 pods=24 ready=24
[ok] Verified newest ReplicaSet template resources match expected
[ok] Rollout completed after scale-to-zero
[verify] newest RS=newdeploy-ml-object-detection-default-9ecd-2fb10570ca05-567994bcdc pods=73 ready=73
[ok] Verified newest ReplicaSet template resources match expected
[info] Started Locust with PID 1488720
[info] attempt=1: start sleep for 20s
[info] attempt=1: sleep done
\Start sampling in parallel...
Workflow e2e p99 latency (32 completed in 21.3s, parallel, 8 workers): 9.000s
Average stage latencies:
  - ml-image-processing: 0.105s
  - ml-object-detection: 0.508s
[info] poll_locust_row: failed to load, try again
[info] poll_locust_row: failed to load, try again
[info] poll_locust_row: failed to load, try again
[info] total_requests: 1006
[info] e2e_latency (p99): 3.900 s
[info] energy_j: 7819.411246 J
[info] served_rps: 47.10 req/s
[info]: start_time: 1767858711.831, end_time: 1767858733.131, duration_s: 21.30 s
[info] energy_cost: 7.772775 J/request
[info] average power: 367.108510 W
[info] Locust stopped
================================================================================
objective      : energy
resource_config: [{'cpu_m': 727, 'memory_mi': 70}, {'cpu_m': 2440, 'memory_mi': 421}], latencies: {'ml-image-processing': 0.10452038931715138, 'ml-object-detection': 0.5077867578605518}, price_cost: 230.212044, energy_cost: 7.772775, latency_p99 : 3.900000, feasible: False, total_requests: 1006, served_rps: 47.10, total_energy_j: 7819.411246 J, profiling_duration_s: 21.300000s, average_power: 367.108510 W
wall_time_s    : 107.513
================================================================================

Updating function ml-image-processing to cpu: 654m, memory: 68Mi
Updating Deployment resource configuration...

Updating function ml-object-detection to cpu: 4042m, memory: 437Mi
Updating Deployment resource configuration...

[info] Original replicas=24, selector='environmentName=ml-image-processing,environmentNamespace=default,environmentUid=2449fff4-7632-422c-aa00-519fcb194e26,executorType=newdeploy,functionName=ml-image-processing,functionNamespace=default,functionUid=58487e4a-0036-4ccd-8b22-c7f0f2d6d72b'
[info] Original replicas=73, selector='environmentName=yolo,environmentNamespace=default,environmentUid=ced8af41-455b-4081-99aa-1700c0092126,executorType=newdeploy,functionName=ml-object-detection,functionNamespace=default,functionUid=182005a6-ad76-40e9-9ecd-2fb10570ca05'
[ok] Patched Deployment resources
[ok] Patched Deployment resources
[ok] Verified Deployment template resources: requests={'cpu': '300m', 'memory': '50Mi'} limits={'cpu': '654m', 'memory': '68Mi'}
[info] Scaling deployment to 0 replicas to force full pod replacement
[ok] Verified Deployment template resources: requests={'cpu': '1500m', 'memory': '400Mi'} limits={'cpu': '4042m', 'memory': '437Mi'}
[info] Scaling deployment to 0 replicas to force full pod replacement
[ok] All pods terminated (replicas=0)
[info] Scaling deployment back to 24 replicas
[ok] All pods terminated (replicas=0)
[info] Scaling deployment back to 73 replicas
[ok] Deleted HPA newdeploy-ml-object-detection-default-9ecd-2fb10570ca05
[ok] Rollout completed after scale-to-zero
[verify] newest RS=newdeploy-ml-image-processing-default-8b22-c7f0f2d6d72b-85b48c4cfb pods=24 ready=24
[ok] Verified newest ReplicaSet template resources match expected
[ok] Rollout completed after scale-to-zero
[verify] newest RS=newdeploy-ml-object-detection-default-9ecd-2fb10570ca05-96c996c79 pods=73 ready=73
[ok] Verified newest ReplicaSet template resources match expected
[info] Started Locust with PID 1499111
[info] attempt=1: start sleep for 20s
[info] attempt=1: sleep done
\Start sampling in parallel...
Workflow e2e p99 latency (64 completed in 20.9s, parallel, 8 workers): 9.000s
Average stage latencies:
  - ml-image-processing: 0.111s
  - ml-object-detection: 0.255s
[info] total_requests: 1379
[info] e2e_latency (p99): 3.800 s
[info] energy_j: 9587.705697 J
[info] served_rps: 66.00 req/s
[info]: start_time: 1767858814.431, end_time: 1767858835.331, duration_s: 20.90 s
[info] energy_cost: 6.952651 J/request
[info] average power: 458.741897 W
[info] Locust stopped
================================================================================
objective      : energy
resource_config: [{'cpu_m': 654, 'memory_mi': 68}, {'cpu_m': 4042, 'memory_mi': 437}], latencies: {'ml-image-processing': 0.11061152560099707, 'ml-object-detection': 0.2553143464502389}, price_cost: 192.512307, energy_cost: 6.952651, latency_p99 : 3.800000, feasible: False, total_requests: 1379, served_rps: 66.00, total_energy_j: 9587.705697 J, profiling_duration_s: 20.900000s, average_power: 458.741897 W
wall_time_s    : 100.669
================================================================================

Updating function ml-image-processing to cpu: 437m, memory: 60Mi
Updating Deployment resource configuration...

Updating function ml-object-detection to cpu: 2532m, memory: 459Mi
Updating Deployment resource configuration...

[info] Original replicas=73, selector='environmentName=yolo,environmentNamespace=default,environmentUid=ced8af41-455b-4081-99aa-1700c0092126,executorType=newdeploy,functionName=ml-object-detection,functionNamespace=default,functionUid=182005a6-ad76-40e9-9ecd-2fb10570ca05'
[info] Original replicas=24, selector='environmentName=ml-image-processing,environmentNamespace=default,environmentUid=2449fff4-7632-422c-aa00-519fcb194e26,executorType=newdeploy,functionName=ml-image-processing,functionNamespace=default,functionUid=58487e4a-0036-4ccd-8b22-c7f0f2d6d72b'
[ok] Patched Deployment resources
[ok] Patched Deployment resources
[ok] Verified Deployment template resources: requests={'cpu': '1500m', 'memory': '400Mi'} limits={'cpu': '2532m', 'memory': '459Mi'}
[info] Scaling deployment to 0 replicas to force full pod replacement
[ok] Verified Deployment template resources: requests={'cpu': '300m', 'memory': '50Mi'} limits={'cpu': '437m', 'memory': '60Mi'}
[info] Scaling deployment to 0 replicas to force full pod replacement
[ok] All pods terminated (replicas=0)
[info] Scaling deployment back to 24 replicas
[ok] All pods terminated (replicas=0)
[info] Scaling deployment back to 73 replicas
[ok] Rollout completed after scale-to-zero
[verify] newest RS=newdeploy-ml-image-processing-default-8b22-c7f0f2d6d72b-6469448d8d pods=24 ready=24
[ok] Verified newest ReplicaSet template resources match expected
[ok] Rollout completed after scale-to-zero
[verify] newest RS=newdeploy-ml-object-detection-default-9ecd-2fb10570ca05-66c9dc994b pods=73 ready=73
[ok] Verified newest ReplicaSet template resources match expected
[info] Started Locust with PID 1509541
[info] attempt=1: start sleep for 20s
[info] attempt=1: sleep done
\Start sampling in parallel...
Workflow e2e p99 latency (44 completed in 16.9s, parallel, 8 workers): 9.000s
Average stage latencies:
  - ml-image-processing: 0.166s
  - ml-object-detection: 0.459s
[info] poll_locust_row: failed to load, try again
[info] poll_locust_row: failed to load, try again
[info] total_requests: 837
[info] e2e_latency (p99): 4.200 s
[info] energy_j: 6266.339812 J
[info] served_rps: 47.90 req/s
[info]: start_time: 1767858914.131, end_time: 1767858931.131, duration_s: 17.00 s
[info] energy_cost: 7.486666 J/request
[info] average power: 368.608224 W
[info] Locust stopped
================================================================================
objective      : energy
resource_config: [{'cpu_m': 437, 'memory_mi': 60}, {'cpu_m': 2532, 'memory_mi': 459}], latencies: {'ml-image-processing': 0.16628739091794234, 'ml-object-detection': 0.4593021569244966}, price_cost: 216.478175, energy_cost: 7.486666, latency_p99 : 4.200000, feasible: False, total_requests: 837, served_rps: 47.90, total_energy_j: 6266.339812 J, profiling_duration_s: 17.000000s, average_power: 368.608224 W
wall_time_s    : 96.855
================================================================================

Updating function ml-image-processing to cpu: 321m, memory: 56Mi
Updating Deployment resource configuration...

Updating function ml-object-detection to cpu: 3885m, memory: 469Mi
Updating Deployment resource configuration...

[info] Original replicas=24, selector='environmentName=ml-image-processing,environmentNamespace=default,environmentUid=2449fff4-7632-422c-aa00-519fcb194e26,executorType=newdeploy,functionName=ml-image-processing,functionNamespace=default,functionUid=58487e4a-0036-4ccd-8b22-c7f0f2d6d72b'
[info] Original replicas=73, selector='environmentName=yolo,environmentNamespace=default,environmentUid=ced8af41-455b-4081-99aa-1700c0092126,executorType=newdeploy,functionName=ml-object-detection,functionNamespace=default,functionUid=182005a6-ad76-40e9-9ecd-2fb10570ca05'
[ok] Patched Deployment resources
[ok] Patched Deployment resources
[ok] Verified Deployment template resources: requests={'cpu': '300m', 'memory': '50Mi'} limits={'cpu': '321m', 'memory': '56Mi'}
[info] Scaling deployment to 0 replicas to force full pod replacement
[ok] Verified Deployment template resources: requests={'cpu': '1500m', 'memory': '400Mi'} limits={'cpu': '3885m', 'memory': '469Mi'}
[info] Scaling deployment to 0 replicas to force full pod replacement
[ok] All pods terminated (replicas=0)
[info] Scaling deployment back to 24 replicas
[ok] All pods terminated (replicas=0)
[info] Scaling deployment back to 73 replicas
[ok] Deleted HPA newdeploy-ml-object-detection-default-9ecd-2fb10570ca05
[ok] Rollout completed after scale-to-zero
[verify] newest RS=newdeploy-ml-image-processing-default-8b22-c7f0f2d6d72b-5c6784c854 pods=24 ready=24
[ok] Verified newest ReplicaSet template resources match expected
[ok] Rollout completed after scale-to-zero
[verify] newest RS=newdeploy-ml-object-detection-default-9ecd-2fb10570ca05-5744f7cb96 pods=73 ready=73
[ok] Verified newest ReplicaSet template resources match expected
[info] Started Locust with PID 1519656
[info] attempt=1: start sleep for 20s
[info] attempt=1: sleep done
\Start sampling in parallel...
Workflow e2e p99 latency (55 completed in 17.9s, parallel, 8 workers): 3.109s
Average stage latencies:
  - ml-image-processing: 0.290s
  - ml-object-detection: 0.262s
[info] total_requests: 1001
[info] e2e_latency (p99): 3.400 s
[info] energy_j: 7877.060814 J
[info] served_rps: 56.20 req/s
[info]: start_time: 1767859022.331, end_time: 1767859040.231, duration_s: 17.90 s
[info] energy_cost: 7.869192 J/request
[info] average power: 440.059267 W
[info] Locust stopped
================================================================================
objective      : energy
resource_config: [{'cpu_m': 321, 'memory_mi': 56}, {'cpu_m': 3885, 'memory_mi': 469}], latencies: {'ml-image-processing': 0.2902876711873846, 'ml-object-detection': 0.2615694100545211}, price_cost: 193.631519, energy_cost: 7.869192, latency_p99 : 3.400000, feasible: False, total_requests: 1001, served_rps: 56.20, total_energy_j: 7877.060814 J, profiling_duration_s: 17.900000s, average_power: 440.059267 W
wall_time_s    : 108.119
================================================================================

Updating function ml-image-processing to cpu: 754m, memory: 51Mi
Updating Deployment resource configuration...

Updating function ml-object-detection to cpu: 4462m, memory: 500Mi
Updating Deployment resource configuration...

[info] Original replicas=73, selector='environmentName=yolo,environmentNamespace=default,environmentUid=ced8af41-455b-4081-99aa-1700c0092126,executorType=newdeploy,functionName=ml-object-detection,functionNamespace=default,functionUid=182005a6-ad76-40e9-9ecd-2fb10570ca05'
[info] Original replicas=24, selector='environmentName=ml-image-processing,environmentNamespace=default,environmentUid=2449fff4-7632-422c-aa00-519fcb194e26,executorType=newdeploy,functionName=ml-image-processing,functionNamespace=default,functionUid=58487e4a-0036-4ccd-8b22-c7f0f2d6d72b'
[ok] Patched Deployment resources
[ok] Patched Deployment resources
[ok] Verified Deployment template resources: requests={'cpu': '1500m', 'memory': '400Mi'} limits={'cpu': '4462m', 'memory': '500Mi'}
[info] Scaling deployment to 0 replicas to force full pod replacement
[ok] Verified Deployment template resources: requests={'cpu': '300m', 'memory': '50Mi'} limits={'cpu': '754m', 'memory': '51Mi'}
[info] Scaling deployment to 0 replicas to force full pod replacement
[ok] All pods terminated (replicas=0)
[info] Scaling deployment back to 24 replicas
[ok] All pods terminated (replicas=0)
[info] Scaling deployment back to 73 replicas
[ok] Rollout completed after scale-to-zero
[verify] newest RS=newdeploy-ml-image-processing-default-8b22-c7f0f2d6d72b-656b48d4d7 pods=24 ready=24
[ok] Verified newest ReplicaSet template resources match expected
[ok] Rollout completed after scale-to-zero
[verify] newest RS=newdeploy-ml-object-detection-default-9ecd-2fb10570ca05-6bd5b88d9 pods=73 ready=73
[ok] Verified newest ReplicaSet template resources match expected
[info] Started Locust with PID 1529562
[info] attempt=1: start sleep for 20s
[info] attempt=1: sleep done
\Start sampling in parallel...
Workflow e2e p99 latency (52 completed in 16.6s, parallel, 8 workers): 9.000s
Average stage latencies:
  - ml-image-processing: 0.113s
  - ml-object-detection: 0.236s
[info] poll_locust_row: failed to load, try again
[info] poll_locust_row: failed to load, try again
[info] poll_locust_row: failed to load, try again
[info] total_requests: 1244
[info] e2e_latency (p99): 3.700 s
[info] energy_j: 7943.237704 J
[info] served_rps: 69.60 req/s
[info]: start_time: 1767859123.631, end_time: 1767859140.231, duration_s: 16.60 s
[info] energy_cost: 6.385239 J/request
[info] average power: 478.508298 W
[info] Locust stopped
================================================================================
objective      : energy
resource_config: [{'cpu_m': 754, 'memory_mi': 51}, {'cpu_m': 4462, 'memory_mi': 500}], latencies: {'ml-image-processing': 0.11319256055614223, 'ml-object-detection': 0.23618091441407477}, price_cost: 198.602771, energy_cost: 6.385239, latency_p99 : 3.700000, feasible: False, total_requests: 1244, served_rps: 69.60, total_energy_j: 7943.237704 J, profiling_duration_s: 16.600000s, average_power: 478.508298 W
wall_time_s    : 101.437
================================================================================

Updating function ml-image-processing to cpu: 336m, memory: 55Mi
Updating Deployment resource configuration...

Updating function ml-object-detection to cpu: 2512m, memory: 430Mi
Updating Deployment resource configuration...

[info] Original replicas=24, selector='environmentName=ml-image-processing,environmentNamespace=default,environmentUid=2449fff4-7632-422c-aa00-519fcb194e26,executorType=newdeploy,functionName=ml-image-processing,functionNamespace=default,functionUid=58487e4a-0036-4ccd-8b22-c7f0f2d6d72b'
[info] Original replicas=73, selector='environmentName=yolo,environmentNamespace=default,environmentUid=ced8af41-455b-4081-99aa-1700c0092126,executorType=newdeploy,functionName=ml-object-detection,functionNamespace=default,functionUid=182005a6-ad76-40e9-9ecd-2fb10570ca05'
[ok] Patched Deployment resources
[ok] Patched Deployment resources
[ok] Verified Deployment template resources: requests={'cpu': '1500m', 'memory': '400Mi'} limits={'cpu': '2512m', 'memory': '430Mi'}
[info] Scaling deployment to 0 replicas to force full pod replacement
[ok] Verified Deployment template resources: requests={'cpu': '300m', 'memory': '50Mi'} limits={'cpu': '336m', 'memory': '55Mi'}
[info] Scaling deployment to 0 replicas to force full pod replacement
[ok] All pods terminated (replicas=0)
[info] Scaling deployment back to 73 replicas
[ok] All pods terminated (replicas=0)
[info] Scaling deployment back to 24 replicas
[ok] Rollout completed after scale-to-zero
[verify] newest RS=newdeploy-ml-image-processing-default-8b22-c7f0f2d6d72b-588f74bf69 pods=24 ready=24
[ok] Verified newest ReplicaSet template resources match expected
[ok] Rollout completed after scale-to-zero
[verify] newest RS=newdeploy-ml-object-detection-default-9ecd-2fb10570ca05-68fc4655cd pods=73 ready=73
[ok] Verified newest ReplicaSet template resources match expected
[info] Started Locust with PID 1539463
[info] attempt=1: start sleep for 20s
[info] attempt=1: sleep done
\Start sampling in parallel...
Workflow e2e p99 latency (42 completed in 22.2s, parallel, 8 workers): 9.000s
Average stage latencies:
  - ml-image-processing: 0.257s
  - ml-object-detection: 0.463s
[info] poll_locust_row: failed to load, try again
[info] total_requests: 1083
[info] e2e_latency (p99): 4.600 s
[info] energy_j: 8116.420770 J
[info] served_rps: 46.10 req/s
[info]: start_time: 1767859228.231, end_time: 1767859250.531, duration_s: 22.30 s
[info] energy_cost: 7.494387 J/request
[info] average power: 363.965058 W
[info] Locust stopped
================================================================================
objective      : energy
resource_config: [{'cpu_m': 336, 'memory_mi': 55}, {'cpu_m': 2512, 'memory_mi': 430}], latencies: {'ml-image-processing': 0.2574621082749218, 'ml-object-detection': 0.462511329606059}, price_cost: 218.582477, energy_cost: 7.494387, latency_p99 : 4.600000, feasible: False, total_requests: 1083, served_rps: 46.10, total_energy_j: 8116.420770 J, profiling_duration_s: 22.300000s, average_power: 363.965058 W
wall_time_s    : 109.281
================================================================================

Updating function ml-image-processing to cpu: 536m, memory: 68Mi
Updating Deployment resource configuration...

Updating function ml-object-detection to cpu: 4367m, memory: 447Mi
Updating Deployment resource configuration...

[info] Original replicas=24, selector='environmentName=ml-image-processing,environmentNamespace=default,environmentUid=2449fff4-7632-422c-aa00-519fcb194e26,executorType=newdeploy,functionName=ml-image-processing,functionNamespace=default,functionUid=58487e4a-0036-4ccd-8b22-c7f0f2d6d72b'
[info] Original replicas=73, selector='environmentName=yolo,environmentNamespace=default,environmentUid=ced8af41-455b-4081-99aa-1700c0092126,executorType=newdeploy,functionName=ml-object-detection,functionNamespace=default,functionUid=182005a6-ad76-40e9-9ecd-2fb10570ca05'
[ok] Patched Deployment resources
[ok] Patched Deployment resources
[ok] Verified Deployment template resources: requests={'cpu': '300m', 'memory': '50Mi'} limits={'cpu': '536m', 'memory': '68Mi'}
[info] Scaling deployment to 0 replicas to force full pod replacement
[ok] Verified Deployment template resources: requests={'cpu': '1500m', 'memory': '400Mi'} limits={'cpu': '4367m', 'memory': '447Mi'}
[info] Scaling deployment to 0 replicas to force full pod replacement
[ok] All pods terminated (replicas=0)
[info] Scaling deployment back to 24 replicas
[ok] All pods terminated (replicas=0)
[info] Scaling deployment back to 73 replicas
[ok] Deleted HPA newdeploy-ml-object-detection-default-9ecd-2fb10570ca05
[ok] Rollout completed after scale-to-zero
[verify] newest RS=newdeploy-ml-image-processing-default-8b22-c7f0f2d6d72b-74d5459bc8 pods=24 ready=24
[ok] Verified newest ReplicaSet template resources match expected
[ok] Rollout completed after scale-to-zero
[verify] newest RS=newdeploy-ml-object-detection-default-9ecd-2fb10570ca05-6c9d8c7d6d pods=73 ready=73
[ok] Verified newest ReplicaSet template resources match expected
[info] Started Locust with PID 1549703
[info] attempt=1: start sleep for 20s
[info] attempt=1: sleep done
\Start sampling in parallel...
Workflow e2e p99 latency (56 completed in 18.3s, parallel, 8 workers): 9.000s
Average stage latencies:
  - ml-image-processing: 0.161s
  - ml-object-detection: 0.229s
[info] total_requests: 1196
[info] e2e_latency (p99): 3.700 s
[info] energy_j: 8666.308501 J
[info] served_rps: 66.30 req/s
[info]: start_time: 1767859340.431, end_time: 1767859358.831, duration_s: 18.40 s
[info] energy_cost: 7.246077 J/request
[info] average power: 470.995025 W
[info] Locust stopped
================================================================================
objective      : energy
resource_config: [{'cpu_m': 536, 'memory_mi': 68}, {'cpu_m': 4367, 'memory_mi': 447}], latencies: {'ml-image-processing': 0.161086001908224, 'ml-object-detection': 0.22920317318765263}, price_cost: 189.493032, energy_cost: 7.246077, latency_p99 : 3.700000, feasible: False, total_requests: 1196, served_rps: 66.30, total_energy_j: 8666.308501 J, profiling_duration_s: 18.400000s, average_power: 470.995025 W
wall_time_s    : 107.820
================================================================================

Updating function ml-image-processing to cpu: 444m, memory: 53Mi
Updating Deployment resource configuration...

Updating function ml-object-detection to cpu: 3332m, memory: 432Mi
Updating Deployment resource configuration...

[info] Original replicas=73, selector='environmentName=yolo,environmentNamespace=default,environmentUid=ced8af41-455b-4081-99aa-1700c0092126,executorType=newdeploy,functionName=ml-object-detection,functionNamespace=default,functionUid=182005a6-ad76-40e9-9ecd-2fb10570ca05'
[info] Original replicas=24, selector='environmentName=ml-image-processing,environmentNamespace=default,environmentUid=2449fff4-7632-422c-aa00-519fcb194e26,executorType=newdeploy,functionName=ml-image-processing,functionNamespace=default,functionUid=58487e4a-0036-4ccd-8b22-c7f0f2d6d72b'
[ok] Patched Deployment resources
[ok] Patched Deployment resources
[ok] Verified Deployment template resources: requests={'cpu': '300m', 'memory': '50Mi'} limits={'cpu': '444m', 'memory': '53Mi'}
[info] Scaling deployment to 0 replicas to force full pod replacement
[ok] Verified Deployment template resources: requests={'cpu': '1500m', 'memory': '400Mi'} limits={'cpu': '3332m', 'memory': '432Mi'}
[info] Scaling deployment to 0 replicas to force full pod replacement
[ok] All pods terminated (replicas=0)
[info] Scaling deployment back to 24 replicas
[ok] All pods terminated (replicas=0)
[info] Scaling deployment back to 73 replicas
[ok] Rollout completed after scale-to-zero
[verify] newest RS=newdeploy-ml-image-processing-default-8b22-c7f0f2d6d72b-5dcd756b86 pods=24 ready=24
[ok] Verified newest ReplicaSet template resources match expected
[ok] Rollout completed after scale-to-zero
[verify] newest RS=newdeploy-ml-object-detection-default-9ecd-2fb10570ca05-585d57d94d pods=73 ready=73
[ok] Verified newest ReplicaSet template resources match expected
[info] Started Locust with PID 1559923
[info] attempt=1: start sleep for 20s
[info] attempt=1: sleep done
\Start sampling in parallel...
Workflow e2e p99 latency (56 completed in 22.0s, parallel, 8 workers): 9.000s
Average stage latencies:
  - ml-image-processing: 0.177s
  - ml-object-detection: 0.335s
[info] poll_locust_row: failed to load, try again
[info] poll_locust_row: failed to load, try again
[info] total_requests: 1195
[info] e2e_latency (p99): 4.200 s
[info] energy_j: 9214.624778 J
[info] served_rps: 55.80 req/s
[info]: start_time: 1767859445.931, end_time: 1767859467.931, duration_s: 22.00 s
[info] energy_cost: 7.710983 J/request
[info] average power: 418.846581 W
[info] Locust stopped
================================================================================
objective      : energy
resource_config: [{'cpu_m': 444, 'memory_mi': 53}, {'cpu_m': 3332, 'memory_mi': 432}], latencies: {'ml-image-processing': 0.17733992978322263, 'ml-object-detection': 0.3349336894913291}, price_cost: 208.584982, energy_cost: 7.710983, latency_p99 : 4.200000, feasible: False, total_requests: 1195, served_rps: 55.80, total_energy_j: 9214.624778 J, profiling_duration_s: 22.000000s, average_power: 418.846581 W
wall_time_s    : 110.084
================================================================================

Starting fresh (no checkpoint at bo_model_energy_20260108_074656.pt).
  initial_points = 10
  running_batches = 10
  initial_best_feasible_cost = NA
  initial_best_constraint = NA
  initial_best_resource_config = NA
  time_taken_for_init = 1056.11 seconds
/home/cc/miniconda3/envs/faas/lib/python3.10/site-packages/botorch/acquisition/monte_carlo.py:502: NumericsWarning: qNoisyExpectedImprovement has known numerical issues that lead to suboptimal optimization performance. It is strongly recommended to simply replace

	 qNoisyExpectedImprovement 	 --> 	 qLogNoisyExpectedImprovement 

instead, which fixes the issues and has the same API. See https://arxiv.org/abs/2310.20708 for details.
  legacy_ei_numerics_warning(legacy_name=type(self).__name__)
Updating function ml-image-processing to cpu: 734m, memory: 50Mi
Updating Deployment resource configuration...

Updating function ml-object-detection to cpu: 5663m, memory: 400Mi
Updating Deployment resource configuration...

[info] Original replicas=24, selector='environmentName=ml-image-processing,environmentNamespace=default,environmentUid=2449fff4-7632-422c-aa00-519fcb194e26,executorType=newdeploy,functionName=ml-image-processing,functionNamespace=default,functionUid=58487e4a-0036-4ccd-8b22-c7f0f2d6d72b'
[info] Original replicas=73, selector='environmentName=yolo,environmentNamespace=default,environmentUid=ced8af41-455b-4081-99aa-1700c0092126,executorType=newdeploy,functionName=ml-object-detection,functionNamespace=default,functionUid=182005a6-ad76-40e9-9ecd-2fb10570ca05'
[ok] Patched Deployment resources
[ok] Patched Deployment resources
[ok] Verified Deployment template resources: requests={'cpu': '300m', 'memory': '50Mi'} limits={'cpu': '734m', 'memory': '50Mi'}
[info] Scaling deployment to 0 replicas to force full pod replacement
[ok] Verified Deployment template resources: requests={'cpu': '1500m', 'memory': '400Mi'} limits={'cpu': '5663m', 'memory': '400Mi'}
[info] Scaling deployment to 0 replicas to force full pod replacement
[ok] All pods terminated (replicas=0)
[info] Scaling deployment back to 24 replicas
[ok] All pods terminated (replicas=0)
[info] Scaling deployment back to 73 replicas
[ok] Rollout completed after scale-to-zero
[verify] newest RS=newdeploy-ml-image-processing-default-8b22-c7f0f2d6d72b-64fdfcc5d9 pods=24 ready=24
[ok] Verified newest ReplicaSet template resources match expected
[ok] Rollout completed after scale-to-zero
[verify] newest RS=newdeploy-ml-object-detection-default-9ecd-2fb10570ca05-595c547776 pods=73 ready=73
[ok] Verified newest ReplicaSet template resources match expected
[info] Started Locust with PID 1570612
[info] attempt=1: start sleep for 20s
[info] attempt=1: sleep done
\Start sampling in parallel...
Workflow e2e p99 latency (73 completed in 17.6s, parallel, 8 workers): 1.678s
Average stage latencies:
  - ml-image-processing: 0.125s
  - ml-object-detection: 0.206s
[info] total_requests: 1343
[info] e2e_latency (p99): 2.200 s
[info] energy_j: 9039.682948 J
[info] served_rps: 73.60 req/s
[info]: start_time: 1767859555.431, end_time: 1767859573.031, duration_s: 17.60 s
[info] energy_cost: 6.730963 J/request
[info] average power: 513.618352 W
[info] Locust stopped
================================================================================
objective      : energy
resource_config: [{'cpu_m': 734, 'memory_mi': 50}, {'cpu_m': 5663, 'memory_mi': 400}], latencies: {'ml-image-processing': 0.12497421315781874, 'ml-object-detection': 0.20571530670284816}, price_cost: 218.497534, energy_cost: 6.730963, latency_p99 : 2.200000, feasible: True, total_requests: 1343, served_rps: 73.60, total_energy_j: 9039.682948 J, profiling_duration_s: 17.600000s, average_power: 513.618352 W
wall_time_s    : 100.137
================================================================================

Updating function ml-image-processing to cpu: 624m, memory: 68Mi
Updating Deployment resource configuration...

Updating function ml-object-detection to cpu: 3889m, memory: 501Mi
Updating Deployment resource configuration...

[info] Original replicas=24, selector='environmentName=ml-image-processing,environmentNamespace=default,environmentUid=2449fff4-7632-422c-aa00-519fcb194e26,executorType=newdeploy,functionName=ml-image-processing,functionNamespace=default,functionUid=58487e4a-0036-4ccd-8b22-c7f0f2d6d72b'
[info] Original replicas=73, selector='environmentName=yolo,environmentNamespace=default,environmentUid=ced8af41-455b-4081-99aa-1700c0092126,executorType=newdeploy,functionName=ml-object-detection,functionNamespace=default,functionUid=182005a6-ad76-40e9-9ecd-2fb10570ca05'
[ok] Patched Deployment resources
[ok] Patched Deployment resources
[ok] Verified Deployment template resources: requests={'cpu': '300m', 'memory': '50Mi'} limits={'cpu': '624m', 'memory': '68Mi'}
[info] Scaling deployment to 0 replicas to force full pod replacement
[ok] Verified Deployment template resources: requests={'cpu': '1500m', 'memory': '400Mi'} limits={'cpu': '3889m', 'memory': '501Mi'}
[info] Scaling deployment to 0 replicas to force full pod replacement
[ok] All pods terminated (replicas=0)
[info] Scaling deployment back to 24 replicas
[ok] All pods terminated (replicas=0)
[info] Scaling deployment back to 73 replicas
[ok] Rollout completed after scale-to-zero
[verify] newest RS=newdeploy-ml-image-processing-default-8b22-c7f0f2d6d72b-946d986b pods=24 ready=24
[ok] Verified newest ReplicaSet template resources match expected
[ok] Rollout completed after scale-to-zero
[verify] newest RS=newdeploy-ml-object-detection-default-9ecd-2fb10570ca05-6b95498c6f pods=73 ready=73
[ok] Verified newest ReplicaSet template resources match expected
[info] Started Locust with PID 1580637
[info] attempt=1: start sleep for 20s
[info] attempt=1: sleep done
\Start sampling in parallel...
Workflow e2e p99 latency (44 completed in 21.5s, parallel, 8 workers): 9.000s
Average stage latencies:
  - ml-image-processing: 0.118s
  - ml-object-detection: 0.275s
[info] poll_locust_row: failed to load, try again
[info] poll_locust_row: failed to load, try again
[info] poll_locust_row: failed to load, try again
[info] total_requests: 1229
[info] e2e_latency (p99): 3.900 s
[info] energy_j: 9176.824577 J
[info] served_rps: 62.70 req/s
[info]: start_time: 1767859651.931, end_time: 1767859673.531, duration_s: 21.60 s
[info] energy_cost: 7.466904 J/request
[info] average power: 424.852992 W
[info] Locust stopped
================================================================================
objective      : energy
resource_config: [{'cpu_m': 624, 'memory_mi': 68}, {'cpu_m': 3889, 'memory_mi': 501}], latencies: {'ml-image-processing': 0.1176657891606517, 'ml-object-detection': 0.27511299614597}, price_cost: 199.591200, energy_cost: 7.466904, latency_p99 : 3.900000, feasible: False, total_requests: 1229, served_rps: 62.70, total_energy_j: 9176.824577 J, profiling_duration_s: 21.600000s, average_power: 424.852992 W
wall_time_s    : 101.943
================================================================================

Updating function ml-image-processing to cpu: 742m, memory: 50Mi
Updating Deployment resource configuration...

Updating function ml-object-detection to cpu: 5545m, memory: 480Mi
Updating Deployment resource configuration...

[info] Original replicas=73, selector='environmentName=yolo,environmentNamespace=default,environmentUid=ced8af41-455b-4081-99aa-1700c0092126,executorType=newdeploy,functionName=ml-object-detection,functionNamespace=default,functionUid=182005a6-ad76-40e9-9ecd-2fb10570ca05'
[info] Original replicas=24, selector='environmentName=ml-image-processing,environmentNamespace=default,environmentUid=2449fff4-7632-422c-aa00-519fcb194e26,executorType=newdeploy,functionName=ml-image-processing,functionNamespace=default,functionUid=58487e4a-0036-4ccd-8b22-c7f0f2d6d72b'
[ok] Patched Deployment resources
[ok] Patched Deployment resources
[ok] Verified Deployment template resources: requests={'cpu': '1500m', 'memory': '400Mi'} limits={'cpu': '5545m', 'memory': '480Mi'}
[info] Scaling deployment to 0 replicas to force full pod replacement
[ok] Verified Deployment template resources: requests={'cpu': '300m', 'memory': '50Mi'} limits={'cpu': '742m', 'memory': '50Mi'}
[info] Scaling deployment to 0 replicas to force full pod replacement
[ok] All pods terminated (replicas=0)
[info] Scaling deployment back to 24 replicas
[ok] All pods terminated (replicas=0)
[info] Scaling deployment back to 73 replicas
[ok] Deleted HPA newdeploy-ml-object-detection-default-9ecd-2fb10570ca05
[ok] Rollout completed after scale-to-zero
[verify] newest RS=newdeploy-ml-image-processing-default-8b22-c7f0f2d6d72b-f77496879 pods=24 ready=24
[ok] Verified newest ReplicaSet template resources match expected
[ok] Rollout completed after scale-to-zero
[verify] newest RS=newdeploy-ml-object-detection-default-9ecd-2fb10570ca05-5ccc87c657 pods=73 ready=73
[ok] Verified newest ReplicaSet template resources match expected
[info] Started Locust with PID 1590949
[info] attempt=1: start sleep for 20s
[info] attempt=1: sleep done
\Start sampling in parallel...
Workflow e2e p99 latency (72 completed in 16.6s, parallel, 8 workers): 2.492s
Average stage latencies:
  - ml-image-processing: 0.125s
  - ml-object-detection: 0.211s
[info] poll_locust_row: failed to load, try again
[info] poll_locust_row: failed to load, try again
[info] total_requests: 1326
[info] e2e_latency (p99): 2.700 s
[info] energy_j: 8438.384114 J
[info] served_rps: 74.00 req/s
[info]: start_time: 1767859762.031, end_time: 1767859778.631, duration_s: 16.60 s
[info] energy_cost: 6.363789 J/request
[info] average power: 508.336388 W
[info] Locust stopped
================================================================================
objective      : energy
resource_config: [{'cpu_m': 742, 'memory_mi': 50}, {'cpu_m': 5545, 'memory_mi': 480}], latencies: {'ml-image-processing': 0.1252466592963578, 'ml-object-detection': 0.21136534195263973}, price_cost: 220.161942, energy_cost: 6.363789, latency_p99 : 2.700000, feasible: True, total_requests: 1326, served_rps: 74.00, total_energy_j: 8438.384114 J, profiling_duration_s: 16.600000s, average_power: 508.336388 W
wall_time_s    : 104.657
================================================================================

================================================================================

Batch  1: best_feasible_cost (random, qNEI) = (NA, 6.363788924585219), best_constraint =  -0.300 (<=0 feasible), time = 310.76.
Best feasible resource configuration: [{'cpu_m': 742, 'memory_mi': 50}, {'cpu_m': 5545, 'memory_mi': 480}]

================================================================================
/home/cc/miniconda3/envs/faas/lib/python3.10/site-packages/botorch/acquisition/monte_carlo.py:502: NumericsWarning: qNoisyExpectedImprovement has known numerical issues that lead to suboptimal optimization performance. It is strongly recommended to simply replace

	 qNoisyExpectedImprovement 	 --> 	 qLogNoisyExpectedImprovement 

instead, which fixes the issues and has the same API. See https://arxiv.org/abs/2310.20708 for details.
  legacy_ei_numerics_warning(legacy_name=type(self).__name__)
Updating function ml-image-processing to cpu: 690m, memory: 51Mi
Updating Deployment resource configuration...

Updating function ml-object-detection to cpu: 3716m, memory: 432Mi
Updating Deployment resource configuration...

[info] Original replicas=24, selector='environmentName=ml-image-processing,environmentNamespace=default,environmentUid=2449fff4-7632-422c-aa00-519fcb194e26,executorType=newdeploy,functionName=ml-image-processing,functionNamespace=default,functionUid=58487e4a-0036-4ccd-8b22-c7f0f2d6d72b'
[info] Original replicas=73, selector='environmentName=yolo,environmentNamespace=default,environmentUid=ced8af41-455b-4081-99aa-1700c0092126,executorType=newdeploy,functionName=ml-object-detection,functionNamespace=default,functionUid=182005a6-ad76-40e9-9ecd-2fb10570ca05'
[ok] Patched Deployment resources
[ok] Patched Deployment resources
[ok] Verified Deployment template resources: requests={'cpu': '1500m', 'memory': '400Mi'} limits={'cpu': '3716m', 'memory': '432Mi'}
[info] Scaling deployment to 0 replicas to force full pod replacement
[ok] Verified Deployment template resources: requests={'cpu': '300m', 'memory': '50Mi'} limits={'cpu': '690m', 'memory': '51Mi'}
[info] Scaling deployment to 0 replicas to force full pod replacement
[ok] All pods terminated (replicas=0)
[info] Scaling deployment back to 24 replicas
[ok] All pods terminated (replicas=0)
[info] Scaling deployment back to 73 replicas
[ok] Rollout completed after scale-to-zero
[verify] newest RS=newdeploy-ml-image-processing-default-8b22-c7f0f2d6d72b-848b9f4cdf pods=24 ready=24
[ok] Verified newest ReplicaSet template resources match expected
[ok] Rollout completed after scale-to-zero
[verify] newest RS=newdeploy-ml-object-detection-default-9ecd-2fb10570ca05-78ffd5486d pods=73 ready=73
[ok] Verified newest ReplicaSet template resources match expected
[info] Started Locust with PID 1601299
[info] attempt=1: start sleep for 20s
[info] attempt=1: sleep done
\Start sampling in parallel...
Workflow e2e p99 latency (43 completed in 22.1s, parallel, 8 workers): 9.000s
Average stage latencies:
  - ml-image-processing: 0.116s
  - ml-object-detection: 0.349s
[info] poll_locust_row: failed to load, try again
[info] poll_locust_row: failed to load, try again
[info] total_requests: 1160
[info] e2e_latency (p99): 3.900 s
[info] energy_j: 9032.044452 J
[info] served_rps: 60.80 req/s
[info]: start_time: 1767859862.431, end_time: 1767859884.531, duration_s: 22.10 s
[info] energy_cost: 7.786245 J/request
[info] average power: 408.689796 W
[info] Locust stopped
================================================================================
objective      : energy
resource_config: [{'cpu_m': 690, 'memory_mi': 51}, {'cpu_m': 3716, 'memory_mi': 432}], latencies: {'ml-image-processing': 0.116343485138246, 'ml-object-detection': 0.34858236790501645}, price_cost: 239.905581, energy_cost: 7.786245, latency_p99 : 3.900000, feasible: False, total_requests: 1160, served_rps: 60.80, total_energy_j: 9032.044452 J, profiling_duration_s: 22.100000s, average_power: 408.689796 W
wall_time_s    : 101.164
================================================================================

Updating function ml-image-processing to cpu: 800m, memory: 56Mi
Updating Deployment resource configuration...

Updating function ml-object-detection to cpu: 5430m, memory: 512Mi
Updating Deployment resource configuration...

[info] Original replicas=24, selector='environmentName=ml-image-processing,environmentNamespace=default,environmentUid=2449fff4-7632-422c-aa00-519fcb194e26,executorType=newdeploy,functionName=ml-image-processing,functionNamespace=default,functionUid=58487e4a-0036-4ccd-8b22-c7f0f2d6d72b'
[info] Original replicas=73, selector='environmentName=yolo,environmentNamespace=default,environmentUid=ced8af41-455b-4081-99aa-1700c0092126,executorType=newdeploy,functionName=ml-object-detection,functionNamespace=default,functionUid=182005a6-ad76-40e9-9ecd-2fb10570ca05'
[ok] Patched Deployment resources
[ok] Patched Deployment resources
[ok] Verified Deployment template resources: requests={'cpu': '1500m', 'memory': '400Mi'} limits={'cpu': '5430m', 'memory': '512Mi'}
[info] Scaling deployment to 0 replicas to force full pod replacement
[ok] Verified Deployment template resources: requests={'cpu': '300m', 'memory': '50Mi'} limits={'cpu': '800m', 'memory': '56Mi'}
[info] Scaling deployment to 0 replicas to force full pod replacement
[ok] All pods terminated (replicas=0)
[info] Scaling deployment back to 24 replicas
[ok] All pods terminated (replicas=0)
[info] Scaling deployment back to 73 replicas
[ok] Deleted HPA newdeploy-ml-object-detection-default-9ecd-2fb10570ca05
[ok] Rollout completed after scale-to-zero
[verify] newest RS=newdeploy-ml-image-processing-default-8b22-c7f0f2d6d72b-6ccb6957d pods=24 ready=24
[ok] Verified newest ReplicaSet template resources match expected
[ok] Rollout completed after scale-to-zero
[verify] newest RS=newdeploy-ml-object-detection-default-9ecd-2fb10570ca05-564597cc6 pods=73 ready=73
[ok] Verified newest ReplicaSet template resources match expected
[info] Started Locust with PID 1611378
[info] attempt=1: start sleep for 20s
[info] attempt=1: sleep done
\Start sampling in parallel...
Workflow e2e p99 latency (71 completed in 16.5s, parallel, 8 workers): 2.387s
Average stage latencies:
  - ml-image-processing: 0.116s
  - ml-object-detection: 0.212s
[info] poll_locust_row: failed to load, try again
[info] poll_locust_row: failed to load, try again
[info] poll_locust_row: failed to load, try again
[info] total_requests: 1325
[info] e2e_latency (p99): 3.600 s
[info] energy_j: 8492.401829 J
[info] served_rps: 74.10 req/s
[info]: start_time: 1767859968.631, end_time: 1767859985.231, duration_s: 16.60 s
[info] energy_cost: 6.409360 J/request
[info] average power: 511.590475 W
[info] Locust stopped
================================================================================
objective      : energy
resource_config: [{'cpu_m': 800, 'memory_mi': 56}, {'cpu_m': 5430, 'memory_mi': 512}], latencies: {'ml-image-processing': 0.1156075412381283, 'ml-object-detection': 0.2116235609389317}, price_cost: 216.209492, energy_cost: 6.409360, latency_p99 : 3.600000, feasible: False, total_requests: 1325, served_rps: 74.10, total_energy_j: 8492.401829 J, profiling_duration_s: 16.600000s, average_power: 511.590475 W
wall_time_s    : 101.100
================================================================================

Updating function ml-image-processing to cpu: 754m, memory: 50Mi
Updating Deployment resource configuration...

Updating function ml-object-detection to cpu: 5176m, memory: 464Mi
Updating Deployment resource configuration...

[info] Original replicas=24, selector='environmentName=ml-image-processing,environmentNamespace=default,environmentUid=2449fff4-7632-422c-aa00-519fcb194e26,executorType=newdeploy,functionName=ml-image-processing,functionNamespace=default,functionUid=58487e4a-0036-4ccd-8b22-c7f0f2d6d72b'
[info] Original replicas=73, selector='environmentName=yolo,environmentNamespace=default,environmentUid=ced8af41-455b-4081-99aa-1700c0092126,executorType=newdeploy,functionName=ml-object-detection,functionNamespace=default,functionUid=182005a6-ad76-40e9-9ecd-2fb10570ca05'
[ok] Patched Deployment resources
[ok] Patched Deployment resources
[ok] Verified Deployment template resources: requests={'cpu': '1500m', 'memory': '400Mi'} limits={'cpu': '5176m', 'memory': '464Mi'}
[info] Scaling deployment to 0 replicas to force full pod replacement
[ok] Verified Deployment template resources: requests={'cpu': '300m', 'memory': '50Mi'} limits={'cpu': '754m', 'memory': '50Mi'}
[info] Scaling deployment to 0 replicas to force full pod replacement
[ok] All pods terminated (replicas=0)
[info] Scaling deployment back to 24 replicas
[ok] All pods terminated (replicas=0)
[info] Scaling deployment back to 73 replicas
[ok] Rollout completed after scale-to-zero
[verify] newest RS=newdeploy-ml-image-processing-default-8b22-c7f0f2d6d72b-68577b6c4f pods=24 ready=24
[ok] Verified newest ReplicaSet template resources match expected
[ok] Rollout completed after scale-to-zero
[verify] newest RS=newdeploy-ml-object-detection-default-9ecd-2fb10570ca05-5886fb8d64 pods=73 ready=73
[ok] Verified newest ReplicaSet template resources match expected
[info] Started Locust with PID 1621307
[info] attempt=1: start sleep for 20s
[info] attempt=1: sleep done
\Start sampling in parallel...
Workflow e2e p99 latency (72 completed in 16.5s, parallel, 8 workers): 1.803s
Average stage latencies:
  - ml-image-processing: 0.118s
  - ml-object-detection: 0.222s
[info] total_requests: 1062
[info] e2e_latency (p99): 3.700 s
[info] energy_j: 8153.160492 J
[info] served_rps: 69.90 req/s
[info]: start_time: 1767860069.431, end_time: 1767860085.931, duration_s: 16.50 s
[info] energy_cost: 7.677176 J/request
[info] average power: 494.130939 W
[info] Locust stopped
================================================================================
objective      : energy
resource_config: [{'cpu_m': 754, 'memory_mi': 50}, {'cpu_m': 5176, 'memory_mi': 464}], latencies: {'ml-image-processing': 0.11799761749959241, 'ml-object-detection': 0.22200446295836526}, price_cost: 215.524890, energy_cost: 7.677176, latency_p99 : 3.700000, feasible: False, total_requests: 1062, served_rps: 69.90, total_energy_j: 8153.160492 J, profiling_duration_s: 16.500000s, average_power: 494.130939 W
wall_time_s    : 99.177
================================================================================

================================================================================

Batch  2: best_feasible_cost (random, qNEI) = (NA, 6.363788924585219), best_constraint =  -0.300 (<=0 feasible), time = 306.23.
Best feasible resource configuration: [{'cpu_m': 742, 'memory_mi': 50}, {'cpu_m': 5545, 'memory_mi': 480}]

================================================================================
/home/cc/miniconda3/envs/faas/lib/python3.10/site-packages/botorch/acquisition/monte_carlo.py:502: NumericsWarning: qNoisyExpectedImprovement has known numerical issues that lead to suboptimal optimization performance. It is strongly recommended to simply replace

	 qNoisyExpectedImprovement 	 --> 	 qLogNoisyExpectedImprovement 

instead, which fixes the issues and has the same API. See https://arxiv.org/abs/2310.20708 for details.
  legacy_ei_numerics_warning(legacy_name=type(self).__name__)
Updating function ml-image-processing to cpu: 796m, memory: 57Mi
Updating Deployment resource configuration...

Updating function ml-object-detection to cpu: 5392m, memory: 508Mi
Updating Deployment resource configuration...

[info] Original replicas=24, selector='environmentName=ml-image-processing,environmentNamespace=default,environmentUid=2449fff4-7632-422c-aa00-519fcb194e26,executorType=newdeploy,functionName=ml-image-processing,functionNamespace=default,functionUid=58487e4a-0036-4ccd-8b22-c7f0f2d6d72b'
[info] Original replicas=73, selector='environmentName=yolo,environmentNamespace=default,environmentUid=ced8af41-455b-4081-99aa-1700c0092126,executorType=newdeploy,functionName=ml-object-detection,functionNamespace=default,functionUid=182005a6-ad76-40e9-9ecd-2fb10570ca05'
[ok] Patched Deployment resources
[ok] Patched Deployment resources
[ok] Verified Deployment template resources: requests={'cpu': '300m', 'memory': '50Mi'} limits={'cpu': '796m', 'memory': '57Mi'}
[info] Scaling deployment to 0 replicas to force full pod replacement
[ok] Verified Deployment template resources: requests={'cpu': '1500m', 'memory': '400Mi'} limits={'cpu': '5392m', 'memory': '508Mi'}
[info] Scaling deployment to 0 replicas to force full pod replacement
[ok] All pods terminated (replicas=0)
[info] Scaling deployment back to 24 replicas
[ok] All pods terminated (replicas=0)
[info] Scaling deployment back to 73 replicas
[ok] Rollout completed after scale-to-zero
[verify] newest RS=newdeploy-ml-image-processing-default-8b22-c7f0f2d6d72b-84d559b5c7 pods=24 ready=24
[ok] Verified newest ReplicaSet template resources match expected
[ok] Rollout completed after scale-to-zero
[verify] newest RS=newdeploy-ml-object-detection-default-9ecd-2fb10570ca05-6b86487df5 pods=73 ready=73
[ok] Verified newest ReplicaSet template resources match expected
[info] Started Locust with PID 1631552
[info] attempt=1: start sleep for 20s
[info] attempt=1: sleep done
\Start sampling in parallel...
Workflow e2e p99 latency (70 completed in 16.5s, parallel, 8 workers): 2.768s
Average stage latencies:
  - ml-image-processing: 0.118s
  - ml-object-detection: 0.212s
[info] poll_locust_row: failed to load, try again
[info] poll_locust_row: failed to load, try again
[info] poll_locust_row: failed to load, try again
[info] total_requests: 1246
[info] e2e_latency (p99): 2.700 s
[info] energy_j: 8377.765641 J
[info] served_rps: 73.30 req/s
[info]: start_time: 1767860172.331, end_time: 1767860188.831, duration_s: 16.50 s
[info] energy_cost: 6.723728 J/request
[info] average power: 507.743372 W
[info] Locust stopped
================================================================================
objective      : energy
resource_config: [{'cpu_m': 796, 'memory_mi': 57}, {'cpu_m': 5392, 'memory_mi': 508}], latencies: {'ml-image-processing': 0.11814876214734145, 'ml-object-detection': 0.21209563038844084}, price_cost: 215.524320, energy_cost: 6.723728, latency_p99 : 2.700000, feasible: True, total_requests: 1246, served_rps: 73.30, total_energy_j: 8377.765641 J, profiling_duration_s: 16.500000s, average_power: 507.743372 W
wall_time_s    : 101.243
================================================================================

Updating function ml-image-processing to cpu: 346m, memory: 66Mi
Updating Deployment resource configuration...

Updating function ml-object-detection to cpu: 5941m, memory: 440Mi
Updating Deployment resource configuration...

[info] Original replicas=24, selector='environmentName=ml-image-processing,environmentNamespace=default,environmentUid=2449fff4-7632-422c-aa00-519fcb194e26,executorType=newdeploy,functionName=ml-image-processing,functionNamespace=default,functionUid=58487e4a-0036-4ccd-8b22-c7f0f2d6d72b'
[info] Original replicas=73, selector='environmentName=yolo,environmentNamespace=default,environmentUid=ced8af41-455b-4081-99aa-1700c0092126,executorType=newdeploy,functionName=ml-object-detection,functionNamespace=default,functionUid=182005a6-ad76-40e9-9ecd-2fb10570ca05'
[ok] Patched Deployment resources
[ok] Patched Deployment resources
[ok] Verified Deployment template resources: requests={'cpu': '300m', 'memory': '50Mi'} limits={'cpu': '346m', 'memory': '66Mi'}
[info] Scaling deployment to 0 replicas to force full pod replacement
[ok] Verified Deployment template resources: requests={'cpu': '1500m', 'memory': '400Mi'} limits={'cpu': '5941m', 'memory': '440Mi'}
[info] Scaling deployment to 0 replicas to force full pod replacement
[ok] All pods terminated (replicas=0)
[info] Scaling deployment back to 24 replicas
[ok] All pods terminated (replicas=0)
[info] Scaling deployment back to 73 replicas
[ok] Rollout completed after scale-to-zero
[verify] newest RS=newdeploy-ml-image-processing-default-8b22-c7f0f2d6d72b-769cb88675 pods=24 ready=24
[ok] Verified newest ReplicaSet template resources match expected
[ok] Rollout completed after scale-to-zero
[verify] newest RS=newdeploy-ml-object-detection-default-9ecd-2fb10570ca05-6b57b9bcfc pods=73 ready=73
[ok] Verified newest ReplicaSet template resources match expected
[info] Started Locust with PID 1641625
[info] attempt=1: start sleep for 20s
[info] attempt=1: sleep done
\Start sampling in parallel...
Workflow e2e p99 latency (61 completed in 17.2s, parallel, 8 workers): 3.597s
Average stage latencies:
  - ml-image-processing: 0.272s
  - ml-object-detection: 0.190s
[info] poll_locust_row: failed to load, try again
[info] total_requests: 1092
[info] e2e_latency (p99): 3.400 s
[info] energy_j: 7659.474201 J
[info] served_rps: 62.10 req/s
[info]: start_time: 1767860275.031, end_time: 1767860292.131, duration_s: 17.10 s
[info] energy_cost: 7.014171 J/request
[info] average power: 447.922464 W
[info] Locust stopped
================================================================================
objective      : energy
resource_config: [{'cpu_m': 346, 'memory_mi': 66}, {'cpu_m': 5941, 'memory_mi': 440}], latencies: {'ml-image-processing': 0.2722826395412815, 'ml-object-detection': 0.1903001204529991}, price_cost: 213.138369, energy_cost: 7.014171, latency_p99 : 3.400000, feasible: False, total_requests: 1092, served_rps: 62.10, total_energy_j: 7659.474201 J, profiling_duration_s: 17.100000s, average_power: 447.922464 W
wall_time_s    : 102.393
================================================================================

Updating function ml-image-processing to cpu: 760m, memory: 51Mi
Updating Deployment resource configuration...

Updating function ml-object-detection to cpu: 5559m, memory: 506Mi
Updating Deployment resource configuration...

[info] Original replicas=24, selector='environmentName=ml-image-processing,environmentNamespace=default,environmentUid=2449fff4-7632-422c-aa00-519fcb194e26,executorType=newdeploy,functionName=ml-image-processing,functionNamespace=default,functionUid=58487e4a-0036-4ccd-8b22-c7f0f2d6d72b'
[info] Original replicas=73, selector='environmentName=yolo,environmentNamespace=default,environmentUid=ced8af41-455b-4081-99aa-1700c0092126,executorType=newdeploy,functionName=ml-object-detection,functionNamespace=default,functionUid=182005a6-ad76-40e9-9ecd-2fb10570ca05'
[ok] Patched Deployment resources
[ok] Patched Deployment resources
[ok] Verified Deployment template resources: requests={'cpu': '300m', 'memory': '50Mi'} limits={'cpu': '760m', 'memory': '51Mi'}
[info] Scaling deployment to 0 replicas to force full pod replacement
[ok] Verified Deployment template resources: requests={'cpu': '1500m', 'memory': '400Mi'} limits={'cpu': '5559m', 'memory': '506Mi'}
[info] Scaling deployment to 0 replicas to force full pod replacement
[ok] All pods terminated (replicas=0)
[info] Scaling deployment back to 24 replicas
[ok] All pods terminated (replicas=0)
[info] Scaling deployment back to 73 replicas
[ok] Rollout completed after scale-to-zero
[verify] newest RS=newdeploy-ml-image-processing-default-8b22-c7f0f2d6d72b-5dc5bdfd57 pods=24 ready=24
[ok] Verified newest ReplicaSet template resources match expected
[ok] Rollout completed after scale-to-zero
[verify] newest RS=newdeploy-ml-object-detection-default-9ecd-2fb10570ca05-57c47c486 pods=73 ready=73
[ok] Verified newest ReplicaSet template resources match expected
[info] Started Locust with PID 1651838
[info] attempt=1: start sleep for 20s
[info] attempt=1: sleep done
\Start sampling in parallel...
Workflow e2e p99 latency (70 completed in 16.6s, parallel, 8 workers): 2.185s
Average stage latencies:
  - ml-image-processing: 0.124s
  - ml-object-detection: 0.216s
[info] poll_locust_row: failed to load, try again
[info] poll_locust_row: failed to load, try again
[info] poll_locust_row: failed to load, try again
[info] total_requests: 1303
[info] e2e_latency (p99): 3.200 s
[info] energy_j: 8375.633148 J
[info] served_rps: 72.50 req/s
[info]: start_time: 1767860377.731, end_time: 1767860394.331, duration_s: 16.60 s
[info] energy_cost: 6.427961 J/request
[info] average power: 504.556209 W
[info] Locust stopped
================================================================================
objective      : energy
resource_config: [{'cpu_m': 760, 'memory_mi': 51}, {'cpu_m': 5559, 'memory_mi': 506}], latencies: {'ml-image-processing': 0.12387890489771962, 'ml-object-detection': 0.21640701587311922}, price_cost: 225.832324, energy_cost: 6.427961, latency_p99 : 3.200000, feasible: False, total_requests: 1303, served_rps: 72.50, total_energy_j: 8375.633148 J, profiling_duration_s: 16.600000s, average_power: 504.556209 W
wall_time_s    : 103.153
================================================================================

================================================================================

Batch  3: best_feasible_cost (random, qNEI) = (NA, 6.363788924585219), best_constraint =  -0.300 (<=0 feasible), time = 309.93.
Best feasible resource configuration: [{'cpu_m': 742, 'memory_mi': 50}, {'cpu_m': 5545, 'memory_mi': 480}]

================================================================================
/home/cc/miniconda3/envs/faas/lib/python3.10/site-packages/botorch/acquisition/monte_carlo.py:502: NumericsWarning: qNoisyExpectedImprovement has known numerical issues that lead to suboptimal optimization performance. It is strongly recommended to simply replace

	 qNoisyExpectedImprovement 	 --> 	 qLogNoisyExpectedImprovement 

instead, which fixes the issues and has the same API. See https://arxiv.org/abs/2310.20708 for details.
  legacy_ei_numerics_warning(legacy_name=type(self).__name__)
Updating function ml-image-processing to cpu: 717m, memory: 50Mi
Updating Deployment resource configuration...

Updating function ml-object-detection to cpu: 5718m, memory: 512Mi
Updating Deployment resource configuration...

[info] Original replicas=24, selector='environmentName=ml-image-processing,environmentNamespace=default,environmentUid=2449fff4-7632-422c-aa00-519fcb194e26,executorType=newdeploy,functionName=ml-image-processing,functionNamespace=default,functionUid=58487e4a-0036-4ccd-8b22-c7f0f2d6d72b'
[info] Original replicas=73, selector='environmentName=yolo,environmentNamespace=default,environmentUid=ced8af41-455b-4081-99aa-1700c0092126,executorType=newdeploy,functionName=ml-object-detection,functionNamespace=default,functionUid=182005a6-ad76-40e9-9ecd-2fb10570ca05'
[ok] Patched Deployment resources
[ok] Patched Deployment resources
[ok] Verified Deployment template resources: requests={'cpu': '1500m', 'memory': '400Mi'} limits={'cpu': '5718m', 'memory': '512Mi'}
[info] Scaling deployment to 0 replicas to force full pod replacement
[ok] Verified Deployment template resources: requests={'cpu': '300m', 'memory': '50Mi'} limits={'cpu': '717m', 'memory': '50Mi'}
[info] Scaling deployment to 0 replicas to force full pod replacement
[ok] All pods terminated (replicas=0)
[info] Scaling deployment back to 24 replicas
[ok] All pods terminated (replicas=0)
[info] Scaling deployment back to 73 replicas
[ok] Rollout completed after scale-to-zero
[verify] newest RS=newdeploy-ml-image-processing-default-8b22-c7f0f2d6d72b-8fcf645d7 pods=24 ready=24
[ok] Verified newest ReplicaSet template resources match expected
[ok] Rollout completed after scale-to-zero
[verify] newest RS=newdeploy-ml-object-detection-default-9ecd-2fb10570ca05-74696b6d7b pods=73 ready=73
[ok] Verified newest ReplicaSet template resources match expected
[info] Started Locust with PID 1662551
[info] attempt=1: start sleep for 20s
[info] attempt=1: sleep done
\Start sampling in parallel...
Workflow e2e p99 latency (72 completed in 16.8s, parallel, 8 workers): 1.367s
Average stage latencies:
  - ml-image-processing: 0.128s
  - ml-object-detection: 0.211s
[info] poll_locust_row: failed to load, try again
[info] poll_locust_row: failed to load, try again
[info] total_requests: 1315
[info] e2e_latency (p99): 3.600 s
[info] energy_j: 8444.382695 J
[info] served_rps: 70.70 req/s
[info]: start_time: 1767860486.731, end_time: 1767860503.531, duration_s: 16.80 s
[info] energy_cost: 6.421584 J/request
[info] average power: 502.641829 W
[info] Locust stopped
================================================================================
objective      : energy
resource_config: [{'cpu_m': 717, 'memory_mi': 50}, {'cpu_m': 5718, 'memory_mi': 512}], latencies: {'ml-image-processing': 0.12837442736943355, 'ml-object-detection': 0.21082858509099525}, price_cost: 225.884945, energy_cost: 6.421584, latency_p99 : 3.600000, feasible: False, total_requests: 1315, served_rps: 70.70, total_energy_j: 8444.382695 J, profiling_duration_s: 16.800000s, average_power: 502.641829 W
wall_time_s    : 103.432
================================================================================

Updating function ml-image-processing to cpu: 530m, memory: 52Mi
Updating Deployment resource configuration...

Updating function ml-object-detection to cpu: 5425m, memory: 444Mi
Updating Deployment resource configuration...

[info] Original replicas=24, selector='environmentName=ml-image-processing,environmentNamespace=default,environmentUid=2449fff4-7632-422c-aa00-519fcb194e26,executorType=newdeploy,functionName=ml-image-processing,functionNamespace=default,functionUid=58487e4a-0036-4ccd-8b22-c7f0f2d6d72b'
[info] Original replicas=73, selector='environmentName=yolo,environmentNamespace=default,environmentUid=ced8af41-455b-4081-99aa-1700c0092126,executorType=newdeploy,functionName=ml-object-detection,functionNamespace=default,functionUid=182005a6-ad76-40e9-9ecd-2fb10570ca05'
[ok] Patched Deployment resources
[ok] Patched Deployment resources
[ok] Verified Deployment template resources: requests={'cpu': '1500m', 'memory': '400Mi'} limits={'cpu': '5425m', 'memory': '444Mi'}
[info] Scaling deployment to 0 replicas to force full pod replacement
[ok] Verified Deployment template resources: requests={'cpu': '300m', 'memory': '50Mi'} limits={'cpu': '530m', 'memory': '52Mi'}
[info] Scaling deployment to 0 replicas to force full pod replacement
[ok] All pods terminated (replicas=0)
[info] Scaling deployment back to 24 replicas
[ok] All pods terminated (replicas=0)
[info] Scaling deployment back to 73 replicas
[ok] Rollout completed after scale-to-zero
[verify] newest RS=newdeploy-ml-image-processing-default-8b22-c7f0f2d6d72b-5696d649df pods=24 ready=24
[ok] Verified newest ReplicaSet template resources match expected
[ok] Rollout completed after scale-to-zero
[verify] newest RS=newdeploy-ml-object-detection-default-9ecd-2fb10570ca05-6f78bb6cf7 pods=73 ready=73
[ok] Verified newest ReplicaSet template resources match expected
[info] Started Locust with PID 1672801
[info] attempt=1: start sleep for 20s
[info] attempt=1: sleep done
\Start sampling in parallel...
Workflow e2e p99 latency (66 completed in 16.9s, parallel, 8 workers): 2.073s
Average stage latencies:
  - ml-image-processing: 0.174s
  - ml-object-detection: 0.214s
[info] poll_locust_row: failed to load, try again
[info] poll_locust_row: failed to load, try again
[info] total_requests: 1293
[info] e2e_latency (p99): 2.200 s
[info] energy_j: 8428.912432 J
[info] served_rps: 71.20 req/s
[info]: start_time: 1767860591.231, end_time: 1767860608.131, duration_s: 16.90 s
[info] energy_cost: 6.518880 J/request
[info] average power: 498.752212 W
[info] Locust stopped
================================================================================
objective      : energy
resource_config: [{'cpu_m': 530, 'memory_mi': 52}, {'cpu_m': 5425, 'memory_mi': 444}], latencies: {'ml-image-processing': 0.1744823241253581, 'ml-object-detection': 0.21383186719718983}, price_cost: 217.964215, energy_cost: 6.518880, latency_p99 : 2.200000, feasible: True, total_requests: 1293, served_rps: 71.20, total_energy_j: 8428.912432 J, profiling_duration_s: 16.900000s, average_power: 498.752212 W
wall_time_s    : 104.656
================================================================================

Updating function ml-image-processing to cpu: 733m, memory: 50Mi
Updating Deployment resource configuration...

Updating function ml-object-detection to cpu: 5723m, memory: 485Mi
Updating Deployment resource configuration...

[info] Original replicas=73, selector='environmentName=yolo,environmentNamespace=default,environmentUid=ced8af41-455b-4081-99aa-1700c0092126,executorType=newdeploy,functionName=ml-object-detection,functionNamespace=default,functionUid=182005a6-ad76-40e9-9ecd-2fb10570ca05'
[info] Original replicas=24, selector='environmentName=ml-image-processing,environmentNamespace=default,environmentUid=2449fff4-7632-422c-aa00-519fcb194e26,executorType=newdeploy,functionName=ml-image-processing,functionNamespace=default,functionUid=58487e4a-0036-4ccd-8b22-c7f0f2d6d72b'
[ok] Patched Deployment resources
[ok] Patched Deployment resources
[ok] Verified Deployment template resources: requests={'cpu': '300m', 'memory': '50Mi'} limits={'cpu': '733m', 'memory': '50Mi'}
[info] Scaling deployment to 0 replicas to force full pod replacement
[ok] Verified Deployment template resources: requests={'cpu': '1500m', 'memory': '400Mi'} limits={'cpu': '5723m', 'memory': '485Mi'}
[info] Scaling deployment to 0 replicas to force full pod replacement
[ok] All pods terminated (replicas=0)
[info] Scaling deployment back to 24 replicas
[ok] All pods terminated (replicas=0)
[info] Scaling deployment back to 73 replicas
[ok] Rollout completed after scale-to-zero
[verify] newest RS=newdeploy-ml-image-processing-default-8b22-c7f0f2d6d72b-fd8b58687 pods=24 ready=24
[ok] Verified newest ReplicaSet template resources match expected
[ok] Rollout completed after scale-to-zero
[verify] newest RS=newdeploy-ml-object-detection-default-9ecd-2fb10570ca05-68b6445f77 pods=73 ready=73
[ok] Verified newest ReplicaSet template resources match expected
[info] Started Locust with PID 1682949
[info] attempt=1: start sleep for 20s
[info] attempt=1: sleep done
\Start sampling in parallel...
Workflow e2e p99 latency (72 completed in 16.5s, parallel, 8 workers): 2.083s
Average stage latencies:
  - ml-image-processing: 0.122s
  - ml-object-detection: 0.200s
[info] poll_locust_row: failed to load, try again
[info] poll_locust_row: failed to load, try again
[info] poll_locust_row: failed to load, try again
[info] total_requests: 1367
[info] e2e_latency (p99): 1.400 s
[info] energy_j: 8476.155664 J
[info] served_rps: 75.30 req/s
[info]: start_time: 1767860696.231, end_time: 1767860712.831, duration_s: 16.60 s
[info] energy_cost: 6.200553 J/request
[info] average power: 510.611783 W
[info] Locust stopped
================================================================================
objective      : energy
resource_config: [{'cpu_m': 733, 'memory_mi': 50}, {'cpu_m': 5723, 'memory_mi': 485}], latencies: {'ml-image-processing': 0.12186733005283815, 'ml-object-detection': 0.19975904876547348}, price_cost: 214.497725, energy_cost: 6.200553, latency_p99 : 1.400000, feasible: True, total_requests: 1367, served_rps: 75.30, total_energy_j: 8476.155664 J, profiling_duration_s: 16.600000s, average_power: 510.611783 W
wall_time_s    : 105.147
================================================================================

================================================================================

Batch  4: best_feasible_cost (random, qNEI) = (NA, 6.200552790051207), best_constraint =  -1.600 (<=0 feasible), time = 318.49.
Best feasible resource configuration: [{'cpu_m': 733, 'memory_mi': 50}, {'cpu_m': 5723, 'memory_mi': 485}]

================================================================================
/home/cc/miniconda3/envs/faas/lib/python3.10/site-packages/botorch/acquisition/monte_carlo.py:502: NumericsWarning: qNoisyExpectedImprovement has known numerical issues that lead to suboptimal optimization performance. It is strongly recommended to simply replace

	 qNoisyExpectedImprovement 	 --> 	 qLogNoisyExpectedImprovement 

instead, which fixes the issues and has the same API. See https://arxiv.org/abs/2310.20708 for details.
  legacy_ei_numerics_warning(legacy_name=type(self).__name__)
Updating function ml-image-processing to cpu: 587m, memory: 55Mi
Updating Deployment resource configuration...

Updating function ml-object-detection to cpu: 2906m, memory: 402Mi
Updating Deployment resource configuration...

[info] Original replicas=24, selector='environmentName=ml-image-processing,environmentNamespace=default,environmentUid=2449fff4-7632-422c-aa00-519fcb194e26,executorType=newdeploy,functionName=ml-image-processing,functionNamespace=default,functionUid=58487e4a-0036-4ccd-8b22-c7f0f2d6d72b'
[info] Original replicas=73, selector='environmentName=yolo,environmentNamespace=default,environmentUid=ced8af41-455b-4081-99aa-1700c0092126,executorType=newdeploy,functionName=ml-object-detection,functionNamespace=default,functionUid=182005a6-ad76-40e9-9ecd-2fb10570ca05'
[ok] Patched Deployment resources
[ok] Patched Deployment resources
[ok] Verified Deployment template resources: requests={'cpu': '300m', 'memory': '50Mi'} limits={'cpu': '587m', 'memory': '55Mi'}
[info] Scaling deployment to 0 replicas to force full pod replacement
[ok] Verified Deployment template resources: requests={'cpu': '1500m', 'memory': '400Mi'} limits={'cpu': '2906m', 'memory': '402Mi'}
[info] Scaling deployment to 0 replicas to force full pod replacement
[ok] All pods terminated (replicas=0)
[info] Scaling deployment back to 24 replicas
[ok] All pods terminated (replicas=0)
[info] Scaling deployment back to 73 replicas
[ok] Rollout completed after scale-to-zero
[verify] newest RS=newdeploy-ml-image-processing-default-8b22-c7f0f2d6d72b-649bc6d69c pods=24 ready=24
[ok] Verified newest ReplicaSet template resources match expected
[ok] Rollout completed after scale-to-zero
[verify] newest RS=newdeploy-ml-object-detection-default-9ecd-2fb10570ca05-68f9684c94 pods=73 ready=73
[ok] Verified newest ReplicaSet template resources match expected
[info] Started Locust with PID 1693630
[info] attempt=1: start sleep for 20s
[info] attempt=1: sleep done
\Start sampling in parallel...
Workflow e2e p99 latency (42 completed in 17.2s, parallel, 8 workers): 9.000s
Average stage latencies:
  - ml-image-processing: 0.121s
  - ml-object-detection: 0.387s
[info] poll_locust_row: failed to load, try again
[info] total_requests: 970
[info] e2e_latency (p99): 3.900 s
[info] energy_j: 6900.962243 J
[info] served_rps: 54.60 req/s
[info]: start_time: 1767860806.431, end_time: 1767860823.631, duration_s: 17.20 s
[info] energy_cost: 7.114394 J/request
[info] average power: 401.218734 W
[info] Locust stopped
================================================================================
objective      : energy
resource_config: [{'cpu_m': 587, 'memory_mi': 55}, {'cpu_m': 2906, 'memory_mi': 402}], latencies: {'ml-image-processing': 0.12080030360084493, 'ml-object-detection': 0.3867800050211372}, price_cost: 208.710592, energy_cost: 7.114394, latency_p99 : 3.900000, feasible: False, total_requests: 970, served_rps: 54.60, total_energy_j: 6900.962243 J, profiling_duration_s: 17.200000s, average_power: 401.218734 W
wall_time_s    : 105.590
================================================================================

Updating function ml-image-processing to cpu: 800m, memory: 54Mi
Updating Deployment resource configuration...

Updating function ml-object-detection to cpu: 5827m, memory: 484Mi
Updating Deployment resource configuration...

[info] Original replicas=73, selector='environmentName=yolo,environmentNamespace=default,environmentUid=ced8af41-455b-4081-99aa-1700c0092126,executorType=newdeploy,functionName=ml-object-detection,functionNamespace=default,functionUid=182005a6-ad76-40e9-9ecd-2fb10570ca05'
[info] Original replicas=24, selector='environmentName=ml-image-processing,environmentNamespace=default,environmentUid=2449fff4-7632-422c-aa00-519fcb194e26,executorType=newdeploy,functionName=ml-image-processing,functionNamespace=default,functionUid=58487e4a-0036-4ccd-8b22-c7f0f2d6d72b'
[ok] Patched Deployment resources
[ok] Patched Deployment resources
[ok] Verified Deployment template resources: requests={'cpu': '1500m', 'memory': '400Mi'} limits={'cpu': '5827m', 'memory': '484Mi'}
[info] Scaling deployment to 0 replicas to force full pod replacement
[ok] Verified Deployment template resources: requests={'cpu': '300m', 'memory': '50Mi'} limits={'cpu': '800m', 'memory': '54Mi'}
[info] Scaling deployment to 0 replicas to force full pod replacement
[ok] All pods terminated (replicas=0)
[info] Scaling deployment back to 24 replicas
[ok] All pods terminated (replicas=0)
[info] Scaling deployment back to 73 replicas
[ok] Deleted HPA newdeploy-ml-object-detection-default-9ecd-2fb10570ca05
[ok] Rollout completed after scale-to-zero
[verify] newest RS=newdeploy-ml-image-processing-default-8b22-c7f0f2d6d72b-779cd44f5f pods=24 ready=24
[ok] Verified newest ReplicaSet template resources match expected
[ok] Rollout completed after scale-to-zero
[verify] newest RS=newdeploy-ml-object-detection-default-9ecd-2fb10570ca05-58dbc44d56 pods=73 ready=73
[ok] Verified newest ReplicaSet template resources match expected
[info] Started Locust with PID 1703799
[info] attempt=1: start sleep for 20s
[info] attempt=1: sleep done
\Start sampling in parallel...
Workflow e2e p99 latency (73 completed in 16.6s, parallel, 8 workers): 1.393s
Average stage latencies:
  - ml-image-processing: 0.119s
  - ml-object-detection: 0.204s
[info] poll_locust_row: failed to load, try again
[info] poll_locust_row: failed to load, try again
[info] total_requests: 1361
[info] e2e_latency (p99): 2.200 s
[info] energy_j: 8443.181011 J
[info] served_rps: 73.40 req/s
[info]: start_time: 1767860908.131, end_time: 1767860924.731, duration_s: 16.60 s
[info] energy_cost: 6.203660 J/request
[info] average power: 508.625365 W
[info] Locust stopped
================================================================================
objective      : energy
resource_config: [{'cpu_m': 800, 'memory_mi': 54}, {'cpu_m': 5827, 'memory_mi': 484}], latencies: {'ml-image-processing': 0.11948433402951246, 'ml-object-detection': 0.20425982171133772}, price_cost: 223.740396, energy_cost: 6.203660, latency_p99 : 2.200000, feasible: True, total_requests: 1361, served_rps: 73.40, total_energy_j: 8443.181011 J, profiling_duration_s: 16.600000s, average_power: 508.625365 W
wall_time_s    : 101.686
================================================================================

Updating function ml-image-processing to cpu: 722m, memory: 60Mi
Updating Deployment resource configuration...

Updating function ml-object-detection to cpu: 2917m, memory: 476Mi
Updating Deployment resource configuration...

[info] Original replicas=73, selector='environmentName=yolo,environmentNamespace=default,environmentUid=ced8af41-455b-4081-99aa-1700c0092126,executorType=newdeploy,functionName=ml-object-detection,functionNamespace=default,functionUid=182005a6-ad76-40e9-9ecd-2fb10570ca05'
[info] Original replicas=24, selector='environmentName=ml-image-processing,environmentNamespace=default,environmentUid=2449fff4-7632-422c-aa00-519fcb194e26,executorType=newdeploy,functionName=ml-image-processing,functionNamespace=default,functionUid=58487e4a-0036-4ccd-8b22-c7f0f2d6d72b'
[ok] Patched Deployment resources
[ok] Patched Deployment resources
[ok] Verified Deployment template resources: requests={'cpu': '1500m', 'memory': '400Mi'} limits={'cpu': '2917m', 'memory': '476Mi'}
[info] Scaling deployment to 0 replicas to force full pod replacement
[ok] Verified Deployment template resources: requests={'cpu': '300m', 'memory': '50Mi'} limits={'cpu': '722m', 'memory': '60Mi'}
[info] Scaling deployment to 0 replicas to force full pod replacement
[ok] All pods terminated (replicas=0)
[info] Scaling deployment back to 24 replicas
[ok] All pods terminated (replicas=0)
[info] Scaling deployment back to 73 replicas
[ok] Rollout completed after scale-to-zero
[verify] newest RS=newdeploy-ml-image-processing-default-8b22-c7f0f2d6d72b-789fd7794b pods=24 ready=24
[ok] Verified newest ReplicaSet template resources match expected
[ok] Rollout completed after scale-to-zero
[verify] newest RS=newdeploy-ml-object-detection-default-9ecd-2fb10570ca05-5d748d7f4f pods=73 ready=73
[ok] Verified newest ReplicaSet template resources match expected
[info] Started Locust with PID 1713959
[info] attempt=1: start sleep for 20s
[info] attempt=1: sleep done
\Start sampling in parallel...
Workflow e2e p99 latency (43 completed in 18.2s, parallel, 8 workers): 9.000s
Average stage latencies:
  - ml-image-processing: 0.105s
  - ml-object-detection: 0.353s
[info] total_requests: 1000
[info] e2e_latency (p99): 3.700 s
[info] energy_j: 7321.259324 J
[info] served_rps: 53.60 req/s
[info]: start_time: 1767861008.731, end_time: 1767861026.931, duration_s: 18.20 s
[info] energy_cost: 7.321259 J/request
[info] average power: 402.266995 W
[info] Locust stopped
================================================================================
objective      : energy
resource_config: [{'cpu_m': 722, 'memory_mi': 60}, {'cpu_m': 2917, 'memory_mi': 476}], latencies: {'ml-image-processing': 0.10493755206522165, 'ml-object-detection': 0.353438845877959}, price_cost: 193.613820, energy_cost: 7.321259, latency_p99 : 3.700000, feasible: False, total_requests: 1000, served_rps: 53.60, total_energy_j: 7321.259324 J, profiling_duration_s: 18.200000s, average_power: 402.266995 W
wall_time_s    : 101.124
================================================================================

================================================================================

Batch  5: best_feasible_cost (random, qNEI) = (NA, 6.200552790051207), best_constraint =  -1.600 (<=0 feasible), time = 312.57.
Best feasible resource configuration: [{'cpu_m': 733, 'memory_mi': 50}, {'cpu_m': 5723, 'memory_mi': 485}]

================================================================================
/home/cc/miniconda3/envs/faas/lib/python3.10/site-packages/botorch/acquisition/monte_carlo.py:502: NumericsWarning: qNoisyExpectedImprovement has known numerical issues that lead to suboptimal optimization performance. It is strongly recommended to simply replace

	 qNoisyExpectedImprovement 	 --> 	 qLogNoisyExpectedImprovement 

instead, which fixes the issues and has the same API. See https://arxiv.org/abs/2310.20708 for details.
  legacy_ei_numerics_warning(legacy_name=type(self).__name__)
Updating function ml-image-processing to cpu: 548m, memory: 50Mi
Updating Deployment resource configuration...

Updating function ml-object-detection to cpu: 3048m, memory: 491Mi
Updating Deployment resource configuration...

[info] Original replicas=24, selector='environmentName=ml-image-processing,environmentNamespace=default,environmentUid=2449fff4-7632-422c-aa00-519fcb194e26,executorType=newdeploy,functionName=ml-image-processing,functionNamespace=default,functionUid=58487e4a-0036-4ccd-8b22-c7f0f2d6d72b'
[info] Original replicas=73, selector='environmentName=yolo,environmentNamespace=default,environmentUid=ced8af41-455b-4081-99aa-1700c0092126,executorType=newdeploy,functionName=ml-object-detection,functionNamespace=default,functionUid=182005a6-ad76-40e9-9ecd-2fb10570ca05'
[ok] Patched Deployment resources
[ok] Patched Deployment resources
[ok] Verified Deployment template resources: requests={'cpu': '300m', 'memory': '50Mi'} limits={'cpu': '548m', 'memory': '50Mi'}
[info] Scaling deployment to 0 replicas to force full pod replacement
[ok] Verified Deployment template resources: requests={'cpu': '1500m', 'memory': '400Mi'} limits={'cpu': '3048m', 'memory': '491Mi'}
[info] Scaling deployment to 0 replicas to force full pod replacement
[ok] All pods terminated (replicas=0)
[info] Scaling deployment back to 24 replicas
[ok] All pods terminated (replicas=0)
[info] Scaling deployment back to 73 replicas
[ok] Deleted HPA newdeploy-ml-object-detection-default-9ecd-2fb10570ca05
[ok] Rollout completed after scale-to-zero
[verify] newest RS=newdeploy-ml-image-processing-default-8b22-c7f0f2d6d72b-754c6759 pods=24 ready=24
[ok] Verified newest ReplicaSet template resources match expected
[ok] Rollout completed after scale-to-zero
[verify] newest RS=newdeploy-ml-object-detection-default-9ecd-2fb10570ca05-75998fd78f pods=73 ready=73
[ok] Verified newest ReplicaSet template resources match expected
[info] Started Locust with PID 1724029
[info] attempt=1: start sleep for 20s
[info] attempt=1: sleep done
\Start sampling in parallel...
Workflow e2e p99 latency (50 completed in 21.0s, parallel, 8 workers): 9.000s
Average stage latencies:
  - ml-image-processing: 0.120s
  - ml-object-detection: 0.376s
[info] total_requests: 1149
[info] e2e_latency (p99): 4.000 s
[info] energy_j: 8402.169346 J
[info] served_rps: 52.70 req/s
[info]: start_time: 1767861116.631, end_time: 1767861137.731, duration_s: 21.10 s
[info] energy_cost: 7.312593 J/request
[info] average power: 398.207080 W
[info] Locust stopped
================================================================================
objective      : energy
resource_config: [{'cpu_m': 548, 'memory_mi': 50}, {'cpu_m': 3048, 'memory_mi': 491}], latencies: {'ml-image-processing': 0.11993439484205914, 'ml-object-detection': 0.37561706272976064}, price_cost: 211.776864, energy_cost: 7.312593, latency_p99 : 4.000000, feasible: False, total_requests: 1149, served_rps: 52.70, total_energy_j: 8402.169346 J, profiling_duration_s: 21.100000s, average_power: 398.207080 W
wall_time_s    : 108.661
================================================================================

Updating function ml-image-processing to cpu: 383m, memory: 50Mi
Updating Deployment resource configuration...

Updating function ml-object-detection to cpu: 5696m, memory: 494Mi
Updating Deployment resource configuration...

[info] Original replicas=73, selector='environmentName=yolo,environmentNamespace=default,environmentUid=ced8af41-455b-4081-99aa-1700c0092126,executorType=newdeploy,functionName=ml-object-detection,functionNamespace=default,functionUid=182005a6-ad76-40e9-9ecd-2fb10570ca05'
[info] Original replicas=24, selector='environmentName=ml-image-processing,environmentNamespace=default,environmentUid=2449fff4-7632-422c-aa00-519fcb194e26,executorType=newdeploy,functionName=ml-image-processing,functionNamespace=default,functionUid=58487e4a-0036-4ccd-8b22-c7f0f2d6d72b'
[ok] Patched Deployment resources
[ok] Patched Deployment resources
[ok] Verified Deployment template resources: requests={'cpu': '1500m', 'memory': '400Mi'} limits={'cpu': '5696m', 'memory': '494Mi'}
[info] Scaling deployment to 0 replicas to force full pod replacement
[ok] Verified Deployment template resources: requests={'cpu': '300m', 'memory': '50Mi'} limits={'cpu': '383m', 'memory': '50Mi'}
[info] Scaling deployment to 0 replicas to force full pod replacement
[ok] All pods terminated (replicas=0)
[info] Scaling deployment back to 24 replicas
[ok] All pods terminated (replicas=0)
[info] Scaling deployment back to 73 replicas
[ok] Deleted HPA newdeploy-ml-object-detection-default-9ecd-2fb10570ca05
[ok] Rollout completed after scale-to-zero
[verify] newest RS=newdeploy-ml-image-processing-default-8b22-c7f0f2d6d72b-bd487bbc7 pods=24 ready=24
[ok] Verified newest ReplicaSet template resources match expected
[ok] Rollout completed after scale-to-zero
[verify] newest RS=newdeploy-ml-object-detection-default-9ecd-2fb10570ca05-6c47469f5b pods=73 ready=73
[ok] Verified newest ReplicaSet template resources match expected
[info] Started Locust with PID 1734128
[info] attempt=1: start sleep for 20s
[info] attempt=1: sleep done
\Start sampling in parallel...
Workflow e2e p99 latency (63 completed in 16.4s, parallel, 8 workers): 2.798s
Average stage latencies:
  - ml-image-processing: 0.238s
  - ml-object-detection: 0.190s
[info] poll_locust_row: failed to load, try again
[info] poll_locust_row: failed to load, try again
[info] poll_locust_row: failed to load, try again
[info] total_requests: 1159
[info] e2e_latency (p99): 2.600 s
[info] energy_j: 7735.129664 J
[info] served_rps: 64.30 req/s
[info]: start_time: 1767861226.331, end_time: 1767861242.731, duration_s: 16.40 s
[info] energy_cost: 6.673969 J/request
[info] average power: 471.654252 W
[info] Locust stopped
================================================================================
objective      : energy
resource_config: [{'cpu_m': 383, 'memory_mi': 50}, {'cpu_m': 5696, 'memory_mi': 494}], latencies: {'ml-image-processing': 0.2376605242431637, 'ml-object-detection': 0.1904225489642057}, price_cost: 204.694259, energy_cost: 6.673969, latency_p99 : 2.600000, feasible: True, total_requests: 1159, served_rps: 64.30, total_energy_j: 7735.129664 J, profiling_duration_s: 16.400000s, average_power: 471.654252 W
wall_time_s    : 106.620
================================================================================

Updating function ml-image-processing to cpu: 769m, memory: 53Mi
Updating Deployment resource configuration...

Updating function ml-object-detection to cpu: 3453m, memory: 511Mi
Updating Deployment resource configuration...

[info] Original replicas=24, selector='environmentName=ml-image-processing,environmentNamespace=default,environmentUid=2449fff4-7632-422c-aa00-519fcb194e26,executorType=newdeploy,functionName=ml-image-processing,functionNamespace=default,functionUid=58487e4a-0036-4ccd-8b22-c7f0f2d6d72b'
[info] Original replicas=73, selector='environmentName=yolo,environmentNamespace=default,environmentUid=ced8af41-455b-4081-99aa-1700c0092126,executorType=newdeploy,functionName=ml-object-detection,functionNamespace=default,functionUid=182005a6-ad76-40e9-9ecd-2fb10570ca05'
[ok] Patched Deployment resources
[ok] Patched Deployment resources
[ok] Verified Deployment template resources: requests={'cpu': '1500m', 'memory': '400Mi'} limits={'cpu': '3453m', 'memory': '511Mi'}
[info] Scaling deployment to 0 replicas to force full pod replacement
[ok] Verified Deployment template resources: requests={'cpu': '300m', 'memory': '50Mi'} limits={'cpu': '769m', 'memory': '53Mi'}
[info] Scaling deployment to 0 replicas to force full pod replacement
[ok] All pods terminated (replicas=0)
[info] Scaling deployment back to 24 replicas
[ok] All pods terminated (replicas=0)
[info] Scaling deployment back to 73 replicas
[ok] Rollout completed after scale-to-zero
[verify] newest RS=newdeploy-ml-image-processing-default-8b22-c7f0f2d6d72b-66cfcdb6d6 pods=24 ready=24
[ok] Verified newest ReplicaSet template resources match expected
[ok] Rollout completed after scale-to-zero
[verify] newest RS=newdeploy-ml-object-detection-default-9ecd-2fb10570ca05-86db5d4b6c pods=73 ready=73
[ok] Verified newest ReplicaSet template resources match expected
[info] Started Locust with PID 1743834
[info] attempt=1: start sleep for 20s
[info] attempt=1: sleep done
\Start sampling in parallel...
Workflow e2e p99 latency (41 completed in 16.5s, parallel, 8 workers): 9.000s
Average stage latencies:
  - ml-image-processing: 0.108s
  - ml-object-detection: 0.324s
[info] poll_locust_row: failed to load, try again
[info] poll_locust_row: failed to load, try again
[info] poll_locust_row: failed to load, try again
[info] total_requests: 1097
[info] e2e_latency (p99): 3.700 s
[info] energy_j: 7103.975877 J
[info] served_rps: 62.00 req/s
[info]: start_time: 1767861325.331, end_time: 1767861341.831, duration_s: 16.50 s
[info] energy_cost: 6.475821 J/request
[info] average power: 430.543993 W
[info] Locust stopped
================================================================================
objective      : energy
resource_config: [{'cpu_m': 769, 'memory_mi': 53}, {'cpu_m': 3453, 'memory_mi': 511}], latencies: {'ml-image-processing': 0.10804963281618492, 'ml-object-detection': 0.3244478409779408}, price_cost: 210.299371, energy_cost: 6.475821, latency_p99 : 3.700000, feasible: False, total_requests: 1097, served_rps: 62.00, total_energy_j: 7103.975877 J, profiling_duration_s: 16.500000s, average_power: 430.543993 W
wall_time_s    : 99.027
================================================================================

================================================================================

Batch  6: best_feasible_cost (random, qNEI) = (NA, 6.200552790051207), best_constraint =  -1.600 (<=0 feasible), time = 316.44.
Best feasible resource configuration: [{'cpu_m': 733, 'memory_mi': 50}, {'cpu_m': 5723, 'memory_mi': 485}]

================================================================================
/home/cc/miniconda3/envs/faas/lib/python3.10/site-packages/botorch/acquisition/monte_carlo.py:502: NumericsWarning: qNoisyExpectedImprovement has known numerical issues that lead to suboptimal optimization performance. It is strongly recommended to simply replace

	 qNoisyExpectedImprovement 	 --> 	 qLogNoisyExpectedImprovement 

instead, which fixes the issues and has the same API. See https://arxiv.org/abs/2310.20708 for details.
  legacy_ei_numerics_warning(legacy_name=type(self).__name__)
Updating function ml-image-processing to cpu: 341m, memory: 70Mi
Updating Deployment resource configuration...

Updating function ml-object-detection to cpu: 3227m, memory: 445Mi
Updating Deployment resource configuration...

[info] Original replicas=24, selector='environmentName=ml-image-processing,environmentNamespace=default,environmentUid=2449fff4-7632-422c-aa00-519fcb194e26,executorType=newdeploy,functionName=ml-image-processing,functionNamespace=default,functionUid=58487e4a-0036-4ccd-8b22-c7f0f2d6d72b'
[info] Original replicas=73, selector='environmentName=yolo,environmentNamespace=default,environmentUid=ced8af41-455b-4081-99aa-1700c0092126,executorType=newdeploy,functionName=ml-object-detection,functionNamespace=default,functionUid=182005a6-ad76-40e9-9ecd-2fb10570ca05'
[ok] Patched Deployment resources
[ok] Patched Deployment resources
[ok] Verified Deployment template resources: requests={'cpu': '1500m', 'memory': '400Mi'} limits={'cpu': '3227m', 'memory': '445Mi'}
[info] Scaling deployment to 0 replicas to force full pod replacement
[ok] Verified Deployment template resources: requests={'cpu': '300m', 'memory': '50Mi'} limits={'cpu': '341m', 'memory': '70Mi'}
[info] Scaling deployment to 0 replicas to force full pod replacement
[ok] All pods terminated (replicas=0)
[info] Scaling deployment back to 24 replicas
[ok] All pods terminated (replicas=0)
[info] Scaling deployment back to 73 replicas
[ok] Rollout completed after scale-to-zero
[verify] newest RS=newdeploy-ml-image-processing-default-8b22-c7f0f2d6d72b-85cfdcfd79 pods=24 ready=24
[ok] Verified newest ReplicaSet template resources match expected
[ok] Rollout completed after scale-to-zero
[verify] newest RS=newdeploy-ml-object-detection-default-9ecd-2fb10570ca05-795c8798fd pods=73 ready=73
[ok] Verified newest ReplicaSet template resources match expected
[info] Started Locust with PID 1754145
[info] attempt=1: start sleep for 20s
[info] attempt=1: sleep done
\Start sampling in parallel...
Workflow e2e p99 latency (43 completed in 21.4s, parallel, 8 workers): 9.000s
Average stage latencies:
  - ml-image-processing: 0.246s
  - ml-object-detection: 0.335s
[info] total_requests: 1103
[info] e2e_latency (p99): 4.800 s
[info] energy_j: 8814.783735 J
[info] served_rps: 52.10 req/s
[info]: start_time: 1767861436.431, end_time: 1767861457.931, duration_s: 21.50 s
[info] energy_cost: 7.991644 J/request
[info] average power: 409.989941 W
[info] Locust stopped
================================================================================
objective      : energy
resource_config: [{'cpu_m': 341, 'memory_mi': 70}, {'cpu_m': 3227, 'memory_mi': 445}], latencies: {'ml-image-processing': 0.2460197778700879, 'ml-object-detection': 0.3349780318270804}, price_cost: 203.567291, energy_cost: 7.991644, latency_p99 : 4.800000, feasible: False, total_requests: 1103, served_rps: 52.10, total_energy_j: 8814.783735 J, profiling_duration_s: 21.500000s, average_power: 409.989941 W
wall_time_s    : 112.462
================================================================================

Updating function ml-image-processing to cpu: 376m, memory: 68Mi
Updating Deployment resource configuration...

Updating function ml-object-detection to cpu: 5575m, memory: 500Mi
Updating Deployment resource configuration...

[info] Original replicas=24, selector='environmentName=ml-image-processing,environmentNamespace=default,environmentUid=2449fff4-7632-422c-aa00-519fcb194e26,executorType=newdeploy,functionName=ml-image-processing,functionNamespace=default,functionUid=58487e4a-0036-4ccd-8b22-c7f0f2d6d72b'
[info] Original replicas=73, selector='environmentName=yolo,environmentNamespace=default,environmentUid=ced8af41-455b-4081-99aa-1700c0092126,executorType=newdeploy,functionName=ml-object-detection,functionNamespace=default,functionUid=182005a6-ad76-40e9-9ecd-2fb10570ca05'
[ok] Patched Deployment resources
[ok] Patched Deployment resources
[ok] Verified Deployment template resources: requests={'cpu': '300m', 'memory': '50Mi'} limits={'cpu': '376m', 'memory': '68Mi'}
[info] Scaling deployment to 0 replicas to force full pod replacement
[ok] Verified Deployment template resources: requests={'cpu': '1500m', 'memory': '400Mi'} limits={'cpu': '5575m', 'memory': '500Mi'}
[info] Scaling deployment to 0 replicas to force full pod replacement
[ok] All pods terminated (replicas=0)
[info] Scaling deployment back to 24 replicas
[ok] All pods terminated (replicas=0)
[info] Scaling deployment back to 73 replicas
[ok] Deleted HPA newdeploy-ml-object-detection-default-9ecd-2fb10570ca05
[ok] Rollout completed after scale-to-zero
[verify] newest RS=newdeploy-ml-image-processing-default-8b22-c7f0f2d6d72b-84c684576b pods=24 ready=24
[ok] Verified newest ReplicaSet template resources match expected
[ok] Rollout completed after scale-to-zero
[verify] newest RS=newdeploy-ml-object-detection-default-9ecd-2fb10570ca05-5975dd9685 pods=73 ready=73
[ok] Verified newest ReplicaSet template resources match expected
[info] Started Locust with PID 1764447
[info] attempt=1: start sleep for 20s
[info] attempt=1: sleep done
\Start sampling in parallel...
Workflow e2e p99 latency (64 completed in 16.8s, parallel, 8 workers): 1.982s
Average stage latencies:
  - ml-image-processing: 0.243s
  - ml-object-detection: 0.187s
[info] poll_locust_row: failed to load, try again
[info] poll_locust_row: failed to load, try again
[info] total_requests: 1164
[info] e2e_latency (p99): 2.200 s
[info] energy_j: 7784.378828 J
[info] served_rps: 64.30 req/s
[info]: start_time: 1767861544.931, end_time: 1767861561.731, duration_s: 16.80 s
[info] energy_cost: 6.687611 J/request
[info] average power: 463.355884 W
[info] Locust stopped
================================================================================
objective      : energy
resource_config: [{'cpu_m': 376, 'memory_mi': 68}, {'cpu_m': 5575, 'memory_mi': 500}], latencies: {'ml-image-processing': 0.2431082345356117, 'ml-object-detection': 0.1865612217443413}, price_cost: 197.098026, energy_cost: 6.687611, latency_p99 : 2.200000, feasible: True, total_requests: 1164, served_rps: 64.30, total_energy_j: 7784.378828 J, profiling_duration_s: 16.800000s, average_power: 463.355884 W
wall_time_s    : 104.832
================================================================================

Updating function ml-image-processing to cpu: 302m, memory: 51Mi
Updating Deployment resource configuration...

Updating function ml-object-detection to cpu: 6000m, memory: 483Mi
Updating Deployment resource configuration...

[info] Original replicas=24, selector='environmentName=ml-image-processing,environmentNamespace=default,environmentUid=2449fff4-7632-422c-aa00-519fcb194e26,executorType=newdeploy,functionName=ml-image-processing,functionNamespace=default,functionUid=58487e4a-0036-4ccd-8b22-c7f0f2d6d72b'
[info] Original replicas=73, selector='environmentName=yolo,environmentNamespace=default,environmentUid=ced8af41-455b-4081-99aa-1700c0092126,executorType=newdeploy,functionName=ml-object-detection,functionNamespace=default,functionUid=182005a6-ad76-40e9-9ecd-2fb10570ca05'
[ok] Patched Deployment resources
[ok] Patched Deployment resources
[ok] Verified Deployment template resources: requests={'cpu': '300m', 'memory': '50Mi'} limits={'cpu': '302m', 'memory': '51Mi'}
[info] Scaling deployment to 0 replicas to force full pod replacement
[ok] Verified Deployment template resources: requests={'cpu': '1500m', 'memory': '400Mi'} limits={'cpu': '6', 'memory': '483Mi'}
[info] Scaling deployment to 0 replicas to force full pod replacement
[ok] All pods terminated (replicas=0)
[info] Scaling deployment back to 24 replicas
[ok] All pods terminated (replicas=0)
[info] Scaling deployment back to 73 replicas
[ok] Rollout completed after scale-to-zero
[verify] newest RS=newdeploy-ml-image-processing-default-8b22-c7f0f2d6d72b-7bc6dfdc7 pods=24 ready=24
[ok] Verified newest ReplicaSet template resources match expected
[ok] Rollout completed after scale-to-zero
[verify] newest RS=newdeploy-ml-object-detection-default-9ecd-2fb10570ca05-55f8795bbd pods=73 ready=73
[ok] Verified newest ReplicaSet template resources match expected
[info] Started Locust with PID 1774719
[info] attempt=1: start sleep for 20s
[info] attempt=1: sleep done
\Start sampling in parallel...
Workflow e2e p99 latency (58 completed in 17.9s, parallel, 8 workers): 4.595s
Average stage latencies:
  - ml-image-processing: 0.296s
  - ml-object-detection: 0.160s
[info] total_requests: 1045
[info] e2e_latency (p99): 3.700 s
[info] energy_j: 7874.109425 J
[info] served_rps: 57.40 req/s
[info]: start_time: 1767861651.031, end_time: 1767861668.931, duration_s: 17.90 s
[info] energy_cost: 7.535033 J/request
[info] average power: 439.894379 W
[info] Locust stopped
================================================================================
objective      : energy
resource_config: [{'cpu_m': 302, 'memory_mi': 51}, {'cpu_m': 6000, 'memory_mi': 483}], latencies: {'ml-image-processing': 0.2961414395108947, 'ml-object-detection': 0.1597711951231006}, price_cost: 182.449660, energy_cost: 7.535033, latency_p99 : 3.700000, feasible: False, total_requests: 1045, served_rps: 57.40, total_energy_j: 7874.109425 J, profiling_duration_s: 17.900000s, average_power: 439.894379 W
wall_time_s    : 106.235
================================================================================

================================================================================

Batch  7: best_feasible_cost (random, qNEI) = (NA, 6.200552790051207), best_constraint =  -1.600 (<=0 feasible), time = 325.59.
Best feasible resource configuration: [{'cpu_m': 733, 'memory_mi': 50}, {'cpu_m': 5723, 'memory_mi': 485}]

================================================================================
/home/cc/miniconda3/envs/faas/lib/python3.10/site-packages/botorch/acquisition/monte_carlo.py:502: NumericsWarning: qNoisyExpectedImprovement has known numerical issues that lead to suboptimal optimization performance. It is strongly recommended to simply replace

	 qNoisyExpectedImprovement 	 --> 	 qLogNoisyExpectedImprovement 

instead, which fixes the issues and has the same API. See https://arxiv.org/abs/2310.20708 for details.
  legacy_ei_numerics_warning(legacy_name=type(self).__name__)
Updating function ml-image-processing to cpu: 636m, memory: 51Mi
Updating Deployment resource configuration...

Updating function ml-object-detection to cpu: 5772m, memory: 458Mi
Updating Deployment resource configuration...

[info] Original replicas=24, selector='environmentName=ml-image-processing,environmentNamespace=default,environmentUid=2449fff4-7632-422c-aa00-519fcb194e26,executorType=newdeploy,functionName=ml-image-processing,functionNamespace=default,functionUid=58487e4a-0036-4ccd-8b22-c7f0f2d6d72b'
[info] Original replicas=73, selector='environmentName=yolo,environmentNamespace=default,environmentUid=ced8af41-455b-4081-99aa-1700c0092126,executorType=newdeploy,functionName=ml-object-detection,functionNamespace=default,functionUid=182005a6-ad76-40e9-9ecd-2fb10570ca05'
[ok] Patched Deployment resources
[ok] Patched Deployment resources
[ok] Verified Deployment template resources: requests={'cpu': '1500m', 'memory': '400Mi'} limits={'cpu': '5772m', 'memory': '458Mi'}
[info] Scaling deployment to 0 replicas to force full pod replacement
[ok] Verified Deployment template resources: requests={'cpu': '300m', 'memory': '50Mi'} limits={'cpu': '636m', 'memory': '51Mi'}
[info] Scaling deployment to 0 replicas to force full pod replacement
[ok] All pods terminated (replicas=0)
[info] Scaling deployment back to 24 replicas
[ok] All pods terminated (replicas=0)
[info] Scaling deployment back to 73 replicas
[ok] Rollout completed after scale-to-zero
[verify] newest RS=newdeploy-ml-image-processing-default-8b22-c7f0f2d6d72b-6d555fd989 pods=24 ready=24
[ok] Verified newest ReplicaSet template resources match expected
[ok] Rollout completed after scale-to-zero
[verify] newest RS=newdeploy-ml-object-detection-default-9ecd-2fb10570ca05-54f79769f7 pods=73 ready=73
[ok] Verified newest ReplicaSet template resources match expected
[info] Started Locust with PID 1785206
[info] attempt=1: start sleep for 20s
[info] attempt=1: sleep done
\Start sampling in parallel...
Workflow e2e p99 latency (69 completed in 16.7s, parallel, 8 workers): 3.307s
Average stage latencies:
  - ml-image-processing: 0.141s
  - ml-object-detection: 0.218s
[info] poll_locust_row: failed to load, try again
[info] poll_locust_row: failed to load, try again
[info] total_requests: 1312
[info] e2e_latency (p99): 2.800 s
[info] energy_j: 8428.362458 J
[info] served_rps: 72.30 req/s
[info]: start_time: 1767861750.431, end_time: 1767861767.131, duration_s: 16.70 s
[info] energy_cost: 6.424057 J/request
[info] average power: 504.692361 W
[info] Locust stopped
================================================================================
objective      : energy
resource_config: [{'cpu_m': 636, 'memory_mi': 51}, {'cpu_m': 5772, 'memory_mi': 458}], latencies: {'ml-image-processing': 0.14103860115848374, 'ml-object-detection': 0.21821902426418618}, price_cost: 234.739900, energy_cost: 6.424057, latency_p99 : 2.800000, feasible: True, total_requests: 1312, served_rps: 72.30, total_energy_j: 8428.362458 J, profiling_duration_s: 16.700000s, average_power: 504.692361 W
wall_time_s    : 95.332
================================================================================

Updating function ml-image-processing to cpu: 800m, memory: 60Mi
Updating Deployment resource configuration...

Updating function ml-object-detection to cpu: 5771m, memory: 464Mi
Updating Deployment resource configuration...

[info] Original replicas=73, selector='environmentName=yolo,environmentNamespace=default,environmentUid=ced8af41-455b-4081-99aa-1700c0092126,executorType=newdeploy,functionName=ml-object-detection,functionNamespace=default,functionUid=182005a6-ad76-40e9-9ecd-2fb10570ca05'
[info] Original replicas=24, selector='environmentName=ml-image-processing,environmentNamespace=default,environmentUid=2449fff4-7632-422c-aa00-519fcb194e26,executorType=newdeploy,functionName=ml-image-processing,functionNamespace=default,functionUid=58487e4a-0036-4ccd-8b22-c7f0f2d6d72b'
[ok] Patched Deployment resources
[ok] Patched Deployment resources
[ok] Verified Deployment template resources: requests={'cpu': '1500m', 'memory': '400Mi'} limits={'cpu': '5771m', 'memory': '464Mi'}
[info] Scaling deployment to 0 replicas to force full pod replacement
[ok] Verified Deployment template resources: requests={'cpu': '300m', 'memory': '50Mi'} limits={'cpu': '800m', 'memory': '60Mi'}
[info] Scaling deployment to 0 replicas to force full pod replacement
[ok] All pods terminated (replicas=0)
[info] Scaling deployment back to 24 replicas
[ok] All pods terminated (replicas=0)
[info] Scaling deployment back to 73 replicas
[ok] Rollout completed after scale-to-zero
[verify] newest RS=newdeploy-ml-image-processing-default-8b22-c7f0f2d6d72b-644d6d9684 pods=24 ready=24
[ok] Verified newest ReplicaSet template resources match expected
[ok] Rollout completed after scale-to-zero
[verify] newest RS=newdeploy-ml-object-detection-default-9ecd-2fb10570ca05-5ccd47dd76 pods=73 ready=73
[ok] Verified newest ReplicaSet template resources match expected
[info] Started Locust with PID 1795371
[info] attempt=1: start sleep for 20s
[info] attempt=1: sleep done
\Start sampling in parallel...
Workflow e2e p99 latency (72 completed in 16.7s, parallel, 8 workers): 1.375s
Average stage latencies:
  - ml-image-processing: 0.125s
  - ml-object-detection: 0.213s
[info] poll_locust_row: failed to load, try again
[info] poll_locust_row: failed to load, try again
[info] total_requests: 1366
[info] e2e_latency (p99): 1.200 s
[info] energy_j: 8632.332477 J
[info] served_rps: 76.60 req/s
[info]: start_time: 1767861854.731, end_time: 1767861871.431, duration_s: 16.70 s
[info] energy_cost: 6.319423 J/request
[info] average power: 516.906135 W
[info] Locust stopped
================================================================================
objective      : energy
resource_config: [{'cpu_m': 800, 'memory_mi': 60}, {'cpu_m': 5771, 'memory_mi': 464}], latencies: {'ml-image-processing': 0.1245067827985622, 'ml-object-detection': 0.2127455149505598}, price_cost: 230.939311, energy_cost: 6.319423, latency_p99 : 1.200000, feasible: True, total_requests: 1366, served_rps: 76.60, total_energy_j: 8632.332477 J, profiling_duration_s: 16.700000s, average_power: 516.906135 W
wall_time_s    : 104.311
================================================================================

Updating function ml-image-processing to cpu: 662m, memory: 61Mi
Updating Deployment resource configuration...

Updating function ml-object-detection to cpu: 3647m, memory: 414Mi
Updating Deployment resource configuration...

[info] Original replicas=24, selector='environmentName=ml-image-processing,environmentNamespace=default,environmentUid=2449fff4-7632-422c-aa00-519fcb194e26,executorType=newdeploy,functionName=ml-image-processing,functionNamespace=default,functionUid=58487e4a-0036-4ccd-8b22-c7f0f2d6d72b'
[info] Original replicas=73, selector='environmentName=yolo,environmentNamespace=default,environmentUid=ced8af41-455b-4081-99aa-1700c0092126,executorType=newdeploy,functionName=ml-object-detection,functionNamespace=default,functionUid=182005a6-ad76-40e9-9ecd-2fb10570ca05'
[ok] Patched Deployment resources
[ok] Patched Deployment resources
[ok] Verified Deployment template resources: requests={'cpu': '1500m', 'memory': '400Mi'} limits={'cpu': '3647m', 'memory': '414Mi'}
[info] Scaling deployment to 0 replicas to force full pod replacement
[ok] Verified Deployment template resources: requests={'cpu': '300m', 'memory': '50Mi'} limits={'cpu': '662m', 'memory': '61Mi'}
[info] Scaling deployment to 0 replicas to force full pod replacement
[ok] All pods terminated (replicas=0)
[info] Scaling deployment back to 24 replicas
[ok] All pods terminated (replicas=0)
[info] Scaling deployment back to 73 replicas
[ok] Rollout completed after scale-to-zero
[verify] newest RS=newdeploy-ml-image-processing-default-8b22-c7f0f2d6d72b-6647847c6f pods=24 ready=24
[ok] Verified newest ReplicaSet template resources match expected
[ok] Rollout completed after scale-to-zero
[verify] newest RS=newdeploy-ml-object-detection-default-9ecd-2fb10570ca05-5fcf854c6c pods=73 ready=73
[ok] Verified newest ReplicaSet template resources match expected
[info] Started Locust with PID 1804991
[info] attempt=1: start sleep for 20s
[info] attempt=1: sleep done
\Start sampling in parallel...
Workflow e2e p99 latency (58 completed in 20.2s, parallel, 8 workers): 9.000s
Average stage latencies:
  - ml-image-processing: 0.116s
  - ml-object-detection: 0.294s
[info] total_requests: 1253
[info] e2e_latency (p99): 3.800 s
[info] energy_j: 8687.949254 J
[info] served_rps: 60.40 req/s
[info]: start_time: 1767861954.331, end_time: 1767861974.531, duration_s: 20.20 s
[info] energy_cost: 6.933718 J/request
[info] average power: 430.096502 W
[info] Locust stopped
================================================================================
objective      : energy
resource_config: [{'cpu_m': 662, 'memory_mi': 61}, {'cpu_m': 3647, 'memory_mi': 414}], latencies: {'ml-image-processing': 0.11636824830312212, 'ml-object-detection': 0.2937504549791931}, price_cost: 200.246605, energy_cost: 6.933718, latency_p99 : 3.800000, feasible: False, total_requests: 1253, served_rps: 60.40, total_energy_j: 8687.949254 J, profiling_duration_s: 20.200000s, average_power: 430.096502 W
wall_time_s    : 102.071
================================================================================

================================================================================

Batch  8: best_feasible_cost (random, qNEI) = (NA, 6.200552790051207), best_constraint =  -1.600 (<=0 feasible), time = 305.55.
Best feasible resource configuration: [{'cpu_m': 733, 'memory_mi': 50}, {'cpu_m': 5723, 'memory_mi': 485}]

================================================================================
/home/cc/miniconda3/envs/faas/lib/python3.10/site-packages/botorch/acquisition/monte_carlo.py:502: NumericsWarning: qNoisyExpectedImprovement has known numerical issues that lead to suboptimal optimization performance. It is strongly recommended to simply replace

	 qNoisyExpectedImprovement 	 --> 	 qLogNoisyExpectedImprovement 

instead, which fixes the issues and has the same API. See https://arxiv.org/abs/2310.20708 for details.
  legacy_ei_numerics_warning(legacy_name=type(self).__name__)
Updating function ml-image-processing to cpu: 638m, memory: 59Mi
Updating Deployment resource configuration...

Updating function ml-object-detection to cpu: 2439m, memory: 432Mi
Updating Deployment resource configuration...

[info] Original replicas=24, selector='environmentName=ml-image-processing,environmentNamespace=default,environmentUid=2449fff4-7632-422c-aa00-519fcb194e26,executorType=newdeploy,functionName=ml-image-processing,functionNamespace=default,functionUid=58487e4a-0036-4ccd-8b22-c7f0f2d6d72b'
[info] Original replicas=73, selector='environmentName=yolo,environmentNamespace=default,environmentUid=ced8af41-455b-4081-99aa-1700c0092126,executorType=newdeploy,functionName=ml-object-detection,functionNamespace=default,functionUid=182005a6-ad76-40e9-9ecd-2fb10570ca05'
[ok] Patched Deployment resources
[ok] Patched Deployment resources
[ok] Verified Deployment template resources: requests={'cpu': '1500m', 'memory': '400Mi'} limits={'cpu': '2439m', 'memory': '432Mi'}
[info] Scaling deployment to 0 replicas to force full pod replacement
[ok] Verified Deployment template resources: requests={'cpu': '300m', 'memory': '50Mi'} limits={'cpu': '638m', 'memory': '59Mi'}
[info] Scaling deployment to 0 replicas to force full pod replacement
[ok] All pods terminated (replicas=0)
[info] Scaling deployment back to 24 replicas
[ok] All pods terminated (replicas=0)
[info] Scaling deployment back to 73 replicas
[ok] Rollout completed after scale-to-zero
[verify] newest RS=newdeploy-ml-image-processing-default-8b22-c7f0f2d6d72b-6564c547bd pods=24 ready=24
[ok] Verified newest ReplicaSet template resources match expected
[ok] Rollout completed after scale-to-zero
[verify] newest RS=newdeploy-ml-object-detection-default-9ecd-2fb10570ca05-77694b9d9b pods=73 ready=73
[ok] Verified newest ReplicaSet template resources match expected
[info] Started Locust with PID 1815302
[info] attempt=1: start sleep for 20s
[info] attempt=1: sleep done
\Start sampling in parallel...
Workflow e2e p99 latency (36 completed in 18.1s, parallel, 8 workers): 9.000s
Average stage latencies:
  - ml-image-processing: 0.106s
  - ml-object-detection: 0.442s
[info] total_requests: 861
[info] e2e_latency (p99): 3.800 s
[info] energy_j: 6750.044012 J
[info] served_rps: 50.00 req/s
[info]: start_time: 1767862061.231, end_time: 1767862079.431, duration_s: 18.20 s
[info] energy_cost: 7.839772 J/request
[info] average power: 370.881538 W
[info] Locust stopped
================================================================================
objective      : energy
resource_config: [{'cpu_m': 638, 'memory_mi': 59}, {'cpu_m': 2439, 'memory_mi': 432}], latencies: {'ml-image-processing': 0.10584637805974732, 'ml-object-detection': 0.4422366750465396}, price_cost: 200.709808, energy_cost: 7.839772, latency_p99 : 3.800000, feasible: False, total_requests: 861, served_rps: 50.00, total_energy_j: 6750.044012 J, profiling_duration_s: 18.200000s, average_power: 370.881538 W
wall_time_s    : 102.275
================================================================================

Updating function ml-image-processing to cpu: 800m, memory: 51Mi
Updating Deployment resource configuration...

Updating function ml-object-detection to cpu: 5778m, memory: 486Mi
Updating Deployment resource configuration...

[info] Original replicas=73, selector='environmentName=yolo,environmentNamespace=default,environmentUid=ced8af41-455b-4081-99aa-1700c0092126,executorType=newdeploy,functionName=ml-object-detection,functionNamespace=default,functionUid=182005a6-ad76-40e9-9ecd-2fb10570ca05'
[info] Original replicas=24, selector='environmentName=ml-image-processing,environmentNamespace=default,environmentUid=2449fff4-7632-422c-aa00-519fcb194e26,executorType=newdeploy,functionName=ml-image-processing,functionNamespace=default,functionUid=58487e4a-0036-4ccd-8b22-c7f0f2d6d72b'
[ok] Patched Deployment resources
[ok] Patched Deployment resources
[ok] Verified Deployment template resources: requests={'cpu': '1500m', 'memory': '400Mi'} limits={'cpu': '5778m', 'memory': '486Mi'}
[info] Scaling deployment to 0 replicas to force full pod replacement
[ok] Verified Deployment template resources: requests={'cpu': '300m', 'memory': '50Mi'} limits={'cpu': '800m', 'memory': '51Mi'}
[info] Scaling deployment to 0 replicas to force full pod replacement
[ok] All pods terminated (replicas=0)
[info] Scaling deployment back to 24 replicas
[ok] All pods terminated (replicas=0)
[info] Scaling deployment back to 73 replicas
[ok] Deleted HPA newdeploy-ml-object-detection-default-9ecd-2fb10570ca05
[ok] Rollout completed after scale-to-zero
[verify] newest RS=newdeploy-ml-image-processing-default-8b22-c7f0f2d6d72b-597df6c44c pods=24 ready=24
[ok] Verified newest ReplicaSet template resources match expected
[ok] Rollout completed after scale-to-zero
[verify] newest RS=newdeploy-ml-object-detection-default-9ecd-2fb10570ca05-6765cb74d pods=73 ready=73
[ok] Verified newest ReplicaSet template resources match expected
[info] Started Locust with PID 1825246
[info] attempt=1: start sleep for 20s
[info] attempt=1: sleep done
\Start sampling in parallel...
Workflow e2e p99 latency (66 completed in 16.2s, parallel, 8 workers): 3.127s
Average stage latencies:
  - ml-image-processing: 0.118s
  - ml-object-detection: 0.219s
[info] poll_locust_row: failed to load, try again
[info] poll_locust_row: failed to load, try again
[info] poll_locust_row: failed to load, try again
[info] total_requests: 1192
[info] e2e_latency (p99): 3.800 s
[info] energy_j: 7837.344402 J
[info] served_rps: 66.20 req/s
[info]: start_time: 1767862163.131, end_time: 1767862179.331, duration_s: 16.20 s
[info] energy_cost: 6.574953 J/request
[info] average power: 483.786690 W
[info] Locust stopped
================================================================================
objective      : energy
resource_config: [{'cpu_m': 800, 'memory_mi': 51}, {'cpu_m': 5778, 'memory_mi': 486}], latencies: {'ml-image-processing': 0.11757174635193113, 'ml-object-detection': 0.21930235287061695}, price_cost: 236.869944, energy_cost: 6.574953, latency_p99 : 3.800000, feasible: False, total_requests: 1192, served_rps: 66.20, total_energy_j: 7837.344402 J, profiling_duration_s: 16.200000s, average_power: 483.786690 W
wall_time_s    : 101.469
================================================================================

Updating function ml-image-processing to cpu: 524m, memory: 53Mi
Updating Deployment resource configuration...

Updating function ml-object-detection to cpu: 5361m, memory: 468Mi
Updating Deployment resource configuration...

[info] Original replicas=73, selector='environmentName=yolo,environmentNamespace=default,environmentUid=ced8af41-455b-4081-99aa-1700c0092126,executorType=newdeploy,functionName=ml-object-detection,functionNamespace=default,functionUid=182005a6-ad76-40e9-9ecd-2fb10570ca05'
[info] Original replicas=24, selector='environmentName=ml-image-processing,environmentNamespace=default,environmentUid=2449fff4-7632-422c-aa00-519fcb194e26,executorType=newdeploy,functionName=ml-image-processing,functionNamespace=default,functionUid=58487e4a-0036-4ccd-8b22-c7f0f2d6d72b'
[ok] Patched Deployment resources
[ok] Patched Deployment resources
[ok] Verified Deployment template resources: requests={'cpu': '1500m', 'memory': '400Mi'} limits={'cpu': '5361m', 'memory': '468Mi'}
[info] Scaling deployment to 0 replicas to force full pod replacement
[ok] Verified Deployment template resources: requests={'cpu': '300m', 'memory': '50Mi'} limits={'cpu': '524m', 'memory': '53Mi'}
[info] Scaling deployment to 0 replicas to force full pod replacement
[ok] All pods terminated (replicas=0)
[info] Scaling deployment back to 24 replicas
[ok] All pods terminated (replicas=0)
[info] Scaling deployment back to 73 replicas
[ok] Rollout completed after scale-to-zero
[verify] newest RS=newdeploy-ml-image-processing-default-8b22-c7f0f2d6d72b-696fdfb pods=24 ready=24
[ok] Verified newest ReplicaSet template resources match expected
[ok] Rollout completed after scale-to-zero
[verify] newest RS=newdeploy-ml-object-detection-default-9ecd-2fb10570ca05-6bf4bc5458 pods=73 ready=73
[ok] Verified newest ReplicaSet template resources match expected
[info] Started Locust with PID 1835058
[info] attempt=1: start sleep for 20s
[info] attempt=1: sleep done
\Start sampling in parallel...
Workflow e2e p99 latency (72 completed in 16.6s, parallel, 8 workers): 1.464s
Average stage latencies:
  - ml-image-processing: 0.164s
  - ml-object-detection: 0.214s
[info] poll_locust_row: failed to load, try again
[info] poll_locust_row: failed to load, try again
[info] poll_locust_row: failed to load, try again
[info] total_requests: 1294
[info] e2e_latency (p99): 1.700 s
[info] energy_j: 8295.698047 J
[info] served_rps: 71.10 req/s
[info]: start_time: 1767862263.431, end_time: 1767862280.031, duration_s: 16.60 s
[info] energy_cost: 6.410895 J/request
[info] average power: 499.740849 W
[info] Locust stopped
================================================================================
objective      : energy
resource_config: [{'cpu_m': 524, 'memory_mi': 53}, {'cpu_m': 5361, 'memory_mi': 468}], latencies: {'ml-image-processing': 0.16353281762632024, 'ml-object-detection': 0.21419077867176384}, price_cost: 214.816032, energy_cost: 6.410895, latency_p99 : 1.700000, feasible: True, total_requests: 1294, served_rps: 71.10, total_energy_j: 8295.698047 J, profiling_duration_s: 16.600000s, average_power: 499.740849 W
wall_time_s    : 100.710
================================================================================

================================================================================

Batch  9: best_feasible_cost (random, qNEI) = (NA, 6.200552790051207), best_constraint =  -1.600 (<=0 feasible), time = 307.05.
Best feasible resource configuration: [{'cpu_m': 733, 'memory_mi': 50}, {'cpu_m': 5723, 'memory_mi': 485}]

================================================================================
/home/cc/miniconda3/envs/faas/lib/python3.10/site-packages/botorch/acquisition/monte_carlo.py:502: NumericsWarning: qNoisyExpectedImprovement has known numerical issues that lead to suboptimal optimization performance. It is strongly recommended to simply replace

	 qNoisyExpectedImprovement 	 --> 	 qLogNoisyExpectedImprovement 

instead, which fixes the issues and has the same API. See https://arxiv.org/abs/2310.20708 for details.
  legacy_ei_numerics_warning(legacy_name=type(self).__name__)
Updating function ml-image-processing to cpu: 800m, memory: 52Mi
Updating Deployment resource configuration...

Updating function ml-object-detection to cpu: 5887m, memory: 400Mi
Updating Deployment resource configuration...

[info] Original replicas=24, selector='environmentName=ml-image-processing,environmentNamespace=default,environmentUid=2449fff4-7632-422c-aa00-519fcb194e26,executorType=newdeploy,functionName=ml-image-processing,functionNamespace=default,functionUid=58487e4a-0036-4ccd-8b22-c7f0f2d6d72b'
[info] Original replicas=73, selector='environmentName=yolo,environmentNamespace=default,environmentUid=ced8af41-455b-4081-99aa-1700c0092126,executorType=newdeploy,functionName=ml-object-detection,functionNamespace=default,functionUid=182005a6-ad76-40e9-9ecd-2fb10570ca05'
[ok] Patched Deployment resources
[ok] Patched Deployment resources
[ok] Verified Deployment template resources: requests={'cpu': '1500m', 'memory': '400Mi'} limits={'cpu': '5887m', 'memory': '400Mi'}
[info] Scaling deployment to 0 replicas to force full pod replacement
[ok] Verified Deployment template resources: requests={'cpu': '300m', 'memory': '50Mi'} limits={'cpu': '800m', 'memory': '52Mi'}
[info] Scaling deployment to 0 replicas to force full pod replacement
[ok] All pods terminated (replicas=0)
[info] Scaling deployment back to 24 replicas
[ok] All pods terminated (replicas=0)
[info] Scaling deployment back to 73 replicas
[ok] Rollout completed after scale-to-zero
[verify] newest RS=newdeploy-ml-image-processing-default-8b22-c7f0f2d6d72b-7cb8558c89 pods=24 ready=24
[ok] Verified newest ReplicaSet template resources match expected
[ok] Rollout completed after scale-to-zero
[verify] newest RS=newdeploy-ml-object-detection-default-9ecd-2fb10570ca05-6787d76b4 pods=73 ready=73
[ok] Verified newest ReplicaSet template resources match expected
[info] Started Locust with PID 1851202
[info] attempt=1: start sleep for 20s
[info] attempt=1: sleep done
\Start sampling in parallel...
Workflow e2e p99 latency (72 completed in 16.6s, parallel, 8 workers): 1.698s
Average stage latencies:
  - ml-image-processing: 0.115s
  - ml-object-detection: 0.206s
[info] poll_locust_row: failed to load, try again
[info] poll_locust_row: failed to load, try again
[info] total_requests: 1242
[info] e2e_latency (p99): 1.700 s
[info] energy_j: 8511.698857 J
[info] served_rps: 75.70 req/s
[info]: start_time: 1767862373.531, end_time: 1767862390.131, duration_s: 16.60 s
[info] energy_cost: 6.853220 J/request
[info] average power: 512.752939 W
[info] Locust stopped
================================================================================
objective      : energy
resource_config: [{'cpu_m': 800, 'memory_mi': 52}, {'cpu_m': 5887, 'memory_mi': 400}], latencies: {'ml-image-processing': 0.11479054059600458, 'ml-object-detection': 0.20586636647607925}, price_cost: 226.638100, energy_cost: 6.853220, latency_p99 : 1.700000, feasible: True, total_requests: 1242, served_rps: 75.70, total_energy_j: 8511.698857 J, profiling_duration_s: 16.600000s, average_power: 512.752939 W
wall_time_s    : 104.550
================================================================================

Updating function ml-image-processing to cpu: 508m, memory: 50Mi
Updating Deployment resource configuration...

Updating function ml-object-detection to cpu: 5452m, memory: 512Mi
Updating Deployment resource configuration...

[info] Original replicas=24, selector='environmentName=ml-image-processing,environmentNamespace=default,environmentUid=2449fff4-7632-422c-aa00-519fcb194e26,executorType=newdeploy,functionName=ml-image-processing,functionNamespace=default,functionUid=58487e4a-0036-4ccd-8b22-c7f0f2d6d72b'
[info] Original replicas=73, selector='environmentName=yolo,environmentNamespace=default,environmentUid=ced8af41-455b-4081-99aa-1700c0092126,executorType=newdeploy,functionName=ml-object-detection,functionNamespace=default,functionUid=182005a6-ad76-40e9-9ecd-2fb10570ca05'
[ok] Patched Deployment resources
[ok] Patched Deployment resources
[ok] Verified Deployment template resources: requests={'cpu': '300m', 'memory': '50Mi'} limits={'cpu': '508m', 'memory': '50Mi'}
[info] Scaling deployment to 0 replicas to force full pod replacement
[ok] Verified Deployment template resources: requests={'cpu': '1500m', 'memory': '400Mi'} limits={'cpu': '5452m', 'memory': '512Mi'}
[info] Scaling deployment to 0 replicas to force full pod replacement
[ok] All pods terminated (replicas=0)
[info] Scaling deployment back to 24 replicas
[ok] All pods terminated (replicas=0)
[info] Scaling deployment back to 73 replicas
[ok] Rollout completed after scale-to-zero
[verify] newest RS=newdeploy-ml-image-processing-default-8b22-c7f0f2d6d72b-5969c7d479 pods=24 ready=24
[ok] Verified newest ReplicaSet template resources match expected
[ok] Rollout completed after scale-to-zero
[verify] newest RS=newdeploy-ml-object-detection-default-9ecd-2fb10570ca05-679bf77b48 pods=73 ready=73
[ok] Verified newest ReplicaSet template resources match expected
[info] Started Locust with PID 1861154
[info] attempt=1: start sleep for 20s
[info] attempt=1: sleep done
\Start sampling in parallel...
Workflow e2e p99 latency (65 completed in 16.0s, parallel, 8 workers): 1.845s
Average stage latencies:
  - ml-image-processing: 0.178s
  - ml-object-detection: 0.205s
[info] total_requests: 1054
[info] e2e_latency (p99): 2.100 s
[info] energy_j: 7865.189981 J
[info] served_rps: 71.00 req/s
[info]: start_time: 1767862474.731, end_time: 1767862490.731, duration_s: 16.00 s
[info] energy_cost: 7.462230 J/request
[info] average power: 491.574374 W
[info] Locust stopped
================================================================================
objective      : energy
resource_config: [{'cpu_m': 508, 'memory_mi': 50}, {'cpu_m': 5452, 'memory_mi': 512}], latencies: {'ml-image-processing': 0.1778208946952453, 'ml-object-detection': 0.20509617666785535}, price_cost: 210.474478, energy_cost: 7.462230, latency_p99 : 2.100000, feasible: True, total_requests: 1054, served_rps: 71.00, total_energy_j: 7865.189981 J, profiling_duration_s: 16.000000s, average_power: 491.574374 W
wall_time_s    : 99.607
================================================================================

Updating function ml-image-processing to cpu: 662m, memory: 65Mi
Updating Deployment resource configuration...

Updating function ml-object-detection to cpu: 5759m, memory: 507Mi
Updating Deployment resource configuration...

[info] Original replicas=73, selector='environmentName=yolo,environmentNamespace=default,environmentUid=ced8af41-455b-4081-99aa-1700c0092126,executorType=newdeploy,functionName=ml-object-detection,functionNamespace=default,functionUid=182005a6-ad76-40e9-9ecd-2fb10570ca05'
[info] Original replicas=24, selector='environmentName=ml-image-processing,environmentNamespace=default,environmentUid=2449fff4-7632-422c-aa00-519fcb194e26,executorType=newdeploy,functionName=ml-image-processing,functionNamespace=default,functionUid=58487e4a-0036-4ccd-8b22-c7f0f2d6d72b'
[ok] Patched Deployment resources
[ok] Patched Deployment resources
[ok] Verified Deployment template resources: requests={'cpu': '1500m', 'memory': '400Mi'} limits={'cpu': '5759m', 'memory': '507Mi'}
[info] Scaling deployment to 0 replicas to force full pod replacement
[ok] Verified Deployment template resources: requests={'cpu': '300m', 'memory': '50Mi'} limits={'cpu': '662m', 'memory': '65Mi'}
[info] Scaling deployment to 0 replicas to force full pod replacement
[ok] All pods terminated (replicas=0)
[info] Scaling deployment back to 24 replicas
[ok] All pods terminated (replicas=0)
[info] Scaling deployment back to 73 replicas
[ok] Rollout completed after scale-to-zero
[verify] newest RS=newdeploy-ml-image-processing-default-8b22-c7f0f2d6d72b-876b7fc5f pods=24 ready=24
[ok] Verified newest ReplicaSet template resources match expected
[ok] Rollout completed after scale-to-zero
[verify] newest RS=newdeploy-ml-object-detection-default-9ecd-2fb10570ca05-58ddcf8cd9 pods=73 ready=73
[ok] Verified newest ReplicaSet template resources match expected
[info] Started Locust with PID 1871990
[info] attempt=1: start sleep for 20s
[info] attempt=1: sleep done
\Start sampling in parallel...
Workflow e2e p99 latency (74 completed in 16.6s, parallel, 8 workers): 1.302s
Average stage latencies:
  - ml-image-processing: 0.141s
  - ml-object-detection: 0.204s
[info] poll_locust_row: failed to load, try again
[info] poll_locust_row: failed to load, try again
[info] poll_locust_row: failed to load, try again
[info] total_requests: 1343
[info] e2e_latency (p99): 1.300 s
[info] energy_j: 8511.347916 J
[info] served_rps: 74.60 req/s
[info]: start_time: 1767862578.131, end_time: 1767862594.731, duration_s: 16.60 s
[info] energy_cost: 6.337564 J/request
[info] average power: 512.731805 W
[info] Locust stopped
================================================================================
objective      : energy
resource_config: [{'cpu_m': 662, 'memory_mi': 65}, {'cpu_m': 5759, 'memory_mi': 507}], latencies: {'ml-image-processing': 0.14061985422882275, 'ml-object-detection': 0.20377436149361972}, price_cost: 220.509635, energy_cost: 6.337564, latency_p99 : 1.300000, feasible: True, total_requests: 1343, served_rps: 74.60, total_energy_j: 8511.347916 J, profiling_duration_s: 16.600000s, average_power: 512.731805 W
wall_time_s    : 105.520
================================================================================

================================================================================

Batch 10: best_feasible_cost (random, qNEI) = (NA, 6.200552790051207), best_constraint =  -1.600 (<=0 feasible), time = 314.65.
Best feasible resource configuration: [{'cpu_m': 733, 'memory_mi': 50}, {'cpu_m': 5723, 'memory_mi': 485}]

================================================================================
BO loop time: 4183.48 seconds
Best cost: 6.200552790051207
Best resource configuration: [{'cpu_m': 733, 'memory_mi': 50}, {'cpu_m': 5723, 'memory_mi': 485}]

========================================
