hour,hour_invocation,hour_of_day,day_of_week,predicted_containers_1,predicted_containers_2
0,98.0,0,0,16,44
1,83.0,1,0,13,36
2,72.0,2,0,11,30
3,106.0,3,0,17,48
4,154.0,4,0,25,77
5,183.0,5,0,30,96
6,166.0,6,0,27,85
7,166.0,7,0,27,85
8,135.0,8,0,22,65
9,129.0,9,0,21,62
10,152.0,10,0,25,76
11,154.0,11,0,25,77
12,161.0,12,0,26,82
13,191.0,13,0,31,102
14,113.0,14,0,18,52
15,126.0,15,0,20,60
16,156.0,16,0,25,78
17,146.0,17,0,24,72
18,148.0,18,0,24,73
19,131.0,19,0,21,63
20,118.0,20,0,19,55
21,90.0,21,0,14,39
22,100.0,22,0,16,45
23,121.0,23,0,20,57
24,114.0,0,1,18,53
25,109.0,1,1,18,50
26,124.0,2,1,20,59
27,119.0,3,1,19,56
28,116.0,4,1,19,54
29,105.0,5,1,17,48
30,123.0,6,1,20,58
31,104.0,7,1,17,47
32,120.0,8,1,19,56
33,134.0,9,1,22,65
34,114.0,10,1,18,53
35,102.0,11,1,16,46
36,113.0,12,1,18,52
37,135.0,13,1,22,65
38,77.0,14,1,12,32
39,117.0,15,1,19,54
40,104.0,16,1,17,47
41,118.0,17,1,19,55
42,79.0,18,1,12,33
43,74.0,19,1,11,31
44,102.0,20,1,16,46
45,71.0,21,1,11,29
46,108.0,22,1,17,49
47,131.0,23,1,21,63
48,76.0,0,2,12,32
49,104.0,1,2,17,47
50,70.0,2,2,11,29
51,116.0,3,2,19,54
52,103.0,4,2,16,46
53,148.0,5,2,24,73
54,122.0,6,2,20,57
55,99.0,7,2,16,44
56,103.0,8,2,16,46
57,104.0,9,2,17,47
58,106.0,10,2,17,48
59,127.0,11,2,21,60
60,89.0,12,2,14,39
61,108.0,13,2,17,49
62,149.0,14,2,24,74
63,134.0,15,2,22,65
64,113.0,16,2,18,52
65,151.0,17,2,25,75
66,177.0,18,2,29,92
67,119.0,19,2,19,56
68,139.0,20,2,23,68
69,222.0,21,2,35,124
70,127.0,22,2,21,60
71,134.0,23,2,22,65
72,127.0,0,3,21,60
73,136.0,1,3,22,66
74,110.0,2,3,18,50
75,150.0,3,3,24,75
76,121.0,4,3,20,57
77,107.0,5,3,17,49
78,108.0,6,3,17,49
79,107.0,7,3,17,49
80,110.0,8,3,18,50
81,91.0,9,3,14,40
82,74.0,10,3,11,31
83,55.0,11,3,8,21
84,70.0,12,3,11,29
85,52.0,13,3,7,20
86,80.0,14,3,12,34
87,43.0,15,3,5,16
88,66.0,16,3,10,27
89,74.0,17,3,11,31
90,64.0,18,3,9,26
91,85.0,19,3,13,37
92,47.0,20,3,6,18
93,38.0,21,3,4,13
94,49.0,22,3,7,18
95,43.0,23,3,5,16
96,48.0,0,4,6,18
97,59.0,1,4,8,23
98,57.0,2,4,8,22
99,89.0,3,4,14,39
100,55.0,4,4,8,21
101,42.0,5,4,5,15
102,48.0,6,4,6,18
103,64.0,7,4,9,26
104,50.0,8,4,7,19
105,69.0,9,4,10,28
106,37.0,10,4,4,13
107,32.0,11,4,3,11
108,68.0,12,4,10,28
109,60.0,13,4,9,24
110,59.0,14,4,8,23
111,76.0,15,4,12,32
112,55.0,16,4,8,21
113,43.0,17,4,5,16
114,75.0,18,4,11,31
115,65.0,19,4,10,26
116,33.0,20,4,3,11
117,41.0,21,4,5,15
118,39.0,22,4,5,14
119,50.0,23,4,7,19
120,43.0,0,5,5,16
121,37.0,1,5,4,13
122,46.0,2,5,6,17
123,59.0,3,5,8,23
124,24.0,4,5,2,7
125,39.0,5,5,5,14
126,46.0,6,5,6,17
127,22.0,7,5,1,6
128,84.0,8,5,13,36
129,52.0,9,5,7,20
130,41.0,10,5,5,15
131,52.0,11,5,7,20
132,69.0,12,5,10,28
133,54.0,13,5,8,21
134,67.0,14,5,10,27
135,38.0,15,5,4,13
136,62.0,16,5,9,25
137,48.0,17,5,6,18
138,41.0,18,5,5,15
139,36.0,19,5,4,12
140,52.0,20,5,7,20
141,25.0,21,5,2,8
142,38.0,22,5,4,13
143,41.0,23,5,5,15
144,38.0,0,6,4,13
145,28.0,1,6,2,9
146,48.0,2,6,6,18
147,40.0,3,6,5,14
148,42.0,4,6,5,15
149,32.0,5,6,3,11
150,47.0,6,6,6,18
151,44.0,7,6,6,16
152,34.0,8,6,4,12
153,18.0,9,6,1,5
154,34.0,10,6,4,12
155,41.0,11,6,5,15
156,27.0,12,6,2,8
157,28.0,13,6,2,9
158,26.0,14,6,2,8
159,24.0,15,6,2,7
160,32.0,16,6,3,11
161,23.0,17,6,1,7
162,21.0,18,6,1,6
163,28.0,19,6,2,9
164,26.0,20,6,2,8
165,88.0,21,6,14,38
166,50.0,22,6,7,19
167,28.0,23,6,2,9
168,35.0,0,0,4,12
169,18.0,1,0,1,5
170,26.0,2,0,2,8
171,20.0,3,0,1,5
172,20.0,4,0,1,5
173,21.0,5,0,1,6
174,34.0,6,0,4,12
175,32.0,7,0,3,11
176,39.0,8,0,5,14
177,64.0,9,0,9,26
178,33.0,10,0,3,11
179,34.0,11,0,4,12
180,37.0,12,0,4,13
181,40.0,13,0,5,14
182,19.0,14,0,1,5
183,28.0,15,0,2,9
184,36.0,16,0,4,12
185,29.0,17,0,3,9
186,29.0,18,0,3,9
187,23.0,19,0,1,7
188,36.0,20,0,4,12
189,27.0,21,0,2,8
190,21.0,22,0,1,6
191,21.0,23,0,1,6
192,28.0,0,1,2,9
193,45.0,1,1,6,17
194,33.0,2,1,3,11
195,22.0,3,1,1,6
196,18.0,4,1,1,5
197,28.0,5,1,2,9
198,13.0,6,1,1,2
199,20.0,7,1,1,5
200,20.0,8,1,1,5
201,32.0,9,1,3,11
202,14.0,10,1,1,3
203,17.0,11,1,1,4
204,17.0,12,1,1,4
205,21.0,13,1,1,6
206,15.0,14,1,1,3
207,27.0,15,1,2,8
208,20.0,16,1,1,5
209,18.0,17,1,1,5
210,28.0,18,1,2,9
211,24.0,19,1,2,7
212,27.0,20,1,2,8
213,19.0,21,1,1,5
214,14.0,22,1,1,3
215,19.0,23,1,1,5
216,23.0,0,2,1,7
217,26.0,1,2,2,8
218,21.0,2,2,1,6
219,32.0,3,2,3,11
220,19.0,4,2,1,5
221,30.0,5,2,3,10
222,20.0,6,2,1,5
223,15.0,7,2,1,3
224,12.0,8,2,1,2
225,16.0,9,2,1,4
226,18.0,10,2,1,5
227,15.0,11,2,1,3
228,16.0,12,2,1,4
229,15.0,13,2,1,3
230,15.0,14,2,1,3
231,21.0,15,2,1,6
232,8.0,16,2,1,1
233,26.0,17,2,2,8
234,22.0,18,2,1,6
235,19.0,19,2,1,5
236,17.0,20,2,1,4
237,28.0,21,2,2,9
238,19.0,22,2,1,5
239,19.0,23,2,1,5
240,18.0,0,3,1,5
241,25.0,1,3,2,8
242,20.0,2,3,1,5
243,6.0,3,3,1,1
244,12.0,4,3,1,2
245,7.0,5,3,1,1
246,12.0,6,3,1,2
247,13.0,7,3,1,2
248,25.0,8,3,2,8
249,18.0,9,3,1,5
250,16.0,10,3,1,4
251,14.0,11,3,1,3
252,20.0,12,3,1,5
253,24.0,13,3,2,7
254,21.0,14,3,1,6
255,25.0,15,3,2,8
256,16.0,16,3,1,4
257,27.0,17,3,2,8
258,29.0,18,3,3,9
259,25.0,19,3,2,8
260,10.0,20,3,1,1
261,33.0,21,3,3,11
262,15.0,22,3,1,3
263,21.0,23,3,1,6
264,19.0,0,4,1,5
265,15.0,1,4,1,3
266,16.0,2,4,1,4
267,10.0,3,4,1,1
268,16.0,4,4,1,4
269,18.0,5,4,1,5
270,14.0,6,4,1,3
271,23.0,7,4,1,7
272,24.0,8,4,2,7
273,21.0,9,4,1,6
274,25.0,10,4,2,8
275,56.0,11,4,8,22
276,33.0,12,4,3,11
277,45.0,13,4,6,17
278,33.0,14,4,3,11
279,62.0,15,4,9,25
280,40.0,16,4,5,14
281,42.0,17,4,5,15
282,50.0,18,4,7,19
283,50.0,19,4,7,19
284,57.0,20,4,8,22
285,35.0,21,4,4,12
286,37.0,22,4,4,13
287,44.0,23,4,6,16
288,36.0,0,5,4,12
289,43.0,1,5,5,16
290,23.0,2,5,1,7
291,13.0,3,5,1,2
292,23.0,4,5,1,7
293,13.0,5,5,1,2
294,12.0,6,5,1,2
295,23.0,7,5,1,7
296,54.0,8,5,8,21
297,23.0,9,5,1,7
298,15.0,10,5,1,3
299,10.0,11,5,1,1
300,44.0,12,5,6,16
301,41.0,13,5,5,15
302,47.0,14,5,6,18
303,40.0,15,5,5,14
304,32.0,16,5,3,11
305,38.0,17,5,4,13
306,37.0,18,5,4,13
307,25.0,19,5,2,8
308,12.0,20,5,1,2
309,32.0,21,5,3,11
310,29.0,22,5,3,9
311,38.0,23,5,4,13
312,42.0,0,6,5,15
313,16.0,1,6,1,4
314,35.0,2,6,4,12
315,27.0,3,6,2,8
316,34.0,4,6,4,12
317,27.0,5,6,2,8
318,24.0,6,6,2,7
319,34.0,7,6,4,12
320,24.0,8,6,2,7
321,16.0,9,6,1,4
322,13.0,10,6,1,2
323,22.0,11,6,1,6
324,9.0,12,6,1,1
325,16.0,13,6,1,4
326,15.0,14,6,1,3
327,15.0,15,6,1,3
328,22.0,16,6,1,6
329,13.0,17,6,1,2
330,17.0,18,6,1,4
331,25.0,19,6,2,8
332,14.0,20,6,1,3
333,15.0,21,6,1,3
334,16.0,22,6,1,4
335,33.0,23,6,3,11
336,7.0,0,0,1,1
337,9.0,1,0,1,1
338,9.0,2,0,1,1
339,23.0,3,0,1,7
340,9.0,4,0,1,1
341,13.0,5,0,1,2
342,20.0,6,0,1,5
343,7.0,7,0,1,1
344,13.0,8,0,1,2
345,20.0,9,0,1,5
346,17.0,10,0,1,4
347,13.0,11,0,1,2
348,15.0,12,0,1,3
349,6.0,13,0,1,1
350,7.0,14,0,1,1
351,46.0,15,0,6,17
352,48.0,16,0,6,18
353,12.0,17,0,1,2
354,33.0,18,0,3,11
355,41.0,19,0,5,15
356,44.0,20,0,6,16
357,48.0,21,0,6,18
358,34.0,22,0,4,12
359,15.0,23,0,1,3
360,7.0,0,1,1,1
361,15.0,1,1,1,3
362,47.0,2,1,6,18
363,23.0,3,1,1,7
364,33.0,4,1,3,11
365,43.0,5,1,5,16
366,45.0,6,1,6,17
367,32.0,7,1,3,11
368,50.0,8,1,7,19
369,41.0,9,1,5,15
370,52.0,10,1,7,20
371,47.0,11,1,6,18
372,37.0,12,1,4,13
373,17.0,13,1,1,4
374,12.0,14,1,1,2
375,41.0,15,1,5,15
376,5.0,16,1,1,1
377,25.0,17,1,2,8
378,24.0,18,1,2,7
379,29.0,19,1,3,9
380,30.0,20,1,3,10
381,19.0,21,1,1,5
382,10.0,22,1,1,1
383,7.0,23,1,1,1
384,43.0,0,2,5,16
385,35.0,1,2,4,12
386,12.0,2,2,1,2
387,26.0,3,2,2,8
388,5.0,4,2,1,1
389,8.0,5,2,1,1
390,5.0,6,2,1,1
391,8.0,7,2,1,1
392,17.0,8,2,1,4
393,8.0,9,2,1,1
394,18.0,10,2,1,5
395,22.0,11,2,1,6
396,32.0,12,2,3,11
397,17.0,13,2,1,4
398,14.0,14,2,1,3
399,13.0,15,2,1,2
400,6.0,16,2,1,1
401,6.0,17,2,1,1
402,5.0,18,2,1,1
403,10.0,19,2,1,1
404,15.0,20,2,1,3
405,8.0,21,2,1,1
406,12.0,22,2,1,2
407,18.0,23,2,1,5
408,20.0,0,3,1,5
409,22.0,1,3,1,6
410,28.0,2,3,2,9
411,9.0,3,3,1,1
412,17.0,4,3,1,4
413,16.0,5,3,1,4
414,19.0,6,3,1,5
415,19.0,7,3,1,5
416,20.0,8,3,1,5
417,27.0,9,3,2,8
418,20.0,10,3,1,5
419,15.0,11,3,1,3
420,24.0,12,3,2,7
421,26.0,13,3,2,8
422,44.0,14,3,6,16
423,54.0,15,3,8,21
424,62.0,16,3,9,25
425,66.0,17,3,10,27
426,46.0,18,3,6,17
427,29.0,19,3,3,9
428,88.0,20,3,14,38
429,67.0,21,3,10,27
430,57.0,22,3,8,22
431,66.0,23,3,10,27
432,89.0,0,4,14,39
433,70.0,1,4,11,29
434,74.0,2,4,11,31
435,45.0,3,4,6,17
436,21.0,4,4,1,6
437,38.0,5,4,4,13
438,33.0,6,4,3,11
439,21.0,7,4,1,6
440,52.0,8,4,7,20
441,30.0,9,4,3,10
442,21.0,10,4,1,6
443,22.0,11,4,1,6
444,35.0,12,4,4,12
445,20.0,13,4,1,5
446,29.0,14,4,3,9
447,44.0,15,4,6,16
448,54.0,16,4,8,21
449,35.0,17,4,4,12
450,41.0,18,4,5,15
451,28.0,19,4,2,9
452,36.0,20,4,4,12
453,36.0,21,4,4,12
454,52.0,22,4,7,20
455,55.0,23,4,8,21
456,48.0,0,5,6,18
457,28.0,1,5,2,9
458,46.0,2,5,6,17
459,33.0,3,5,3,11
460,28.0,4,5,2,9
461,38.0,5,5,4,13
462,32.0,6,5,3,11
463,47.0,7,5,6,18
464,47.0,8,5,6,18
465,50.0,9,5,7,19
466,29.0,10,5,3,9
467,42.0,11,5,5,15
468,43.0,12,5,5,16
469,44.0,13,5,6,16
470,40.0,14,5,5,14
471,43.0,15,5,5,16
472,80.0,16,5,12,34
473,68.0,17,5,10,28
474,88.0,18,5,14,38
475,55.0,19,5,8,21
476,85.0,20,5,13,37
477,83.0,21,5,13,36
478,59.0,22,5,8,23
479,69.0,23,5,10,28
480,57.0,0,6,8,22
481,59.0,1,6,8,23
482,59.0,2,6,8,23
483,46.0,3,6,6,17
484,60.0,4,6,9,24
485,48.0,5,6,6,18
486,74.0,6,6,11,31
487,54.0,7,6,8,21
488,93.0,8,6,15,41
489,63.0,9,6,9,25
490,93.0,10,6,15,41
491,128.0,11,6,21,61
492,145.0,12,6,24,71
493,71.0,13,6,11,29
494,131.0,14,6,21,63
495,116.0,15,6,19,54
496,98.0,16,6,16,44
497,101.0,17,6,16,45
498,106.0,18,6,17,48
499,97.0,19,6,15,43
500,113.0,20,6,18,52
501,120.0,21,6,19,56
502,106.0,22,6,17,48
503,112.0,23,6,18,52
504,97.0,0,0,15,43
505,82.0,1,0,13,35
506,85.0,2,0,13,37
507,88.0,3,0,14,38
508,79.0,4,0,12,33
509,82.0,5,0,13,35
510,79.0,6,0,12,33
511,111.0,7,0,18,51
512,108.0,8,0,17,49
513,79.0,9,0,12,33
514,79.0,10,0,12,33
515,136.0,11,0,22,66
516,88.0,12,0,14,38
517,91.0,13,0,14,40
518,143.0,14,0,23,70
519,87.0,15,0,14,38
520,86.0,16,0,13,37
521,83.0,17,0,13,36
522,79.0,18,0,12,33
523,122.0,19,0,20,57
524,111.0,20,0,18,51
525,103.0,21,0,16,46
526,77.0,22,0,12,32
527,110.0,23,0,18,50
528,108.0,0,1,17,49
529,122.0,1,1,20,57
530,105.0,2,1,17,48
531,111.0,3,1,18,51
532,114.0,4,1,18,53
533,84.0,5,1,13,36
534,111.0,6,1,18,51
535,122.0,7,1,20,57
536,117.0,8,1,19,54
537,98.0,9,1,16,44
538,98.0,10,1,16,44
539,93.0,11,1,15,41
540,107.0,12,1,17,49
541,141.0,13,1,23,69
542,132.0,14,1,21,63
543,184.0,15,1,30,97
544,142.0,16,1,23,69
545,132.0,17,1,21,63
546,187.0,18,1,30,99
547,102.0,19,1,16,46
548,124.0,20,1,20,59
549,160.0,21,1,26,81
550,177.0,22,1,29,92
551,110.0,23,1,18,50
552,133.0,0,2,22,64
553,136.0,1,2,22,66
554,133.0,2,2,22,64
555,97.0,3,2,15,43
556,108.0,4,2,17,49
557,159.0,5,2,26,80
558,169.0,6,2,27,87
559,168.0,7,2,27,86
560,128.0,8,2,21,61
561,94.0,9,2,15,41
562,99.0,10,2,16,44
563,116.0,11,2,19,54
564,99.0,12,2,16,44
565,126.0,13,2,20,60
566,118.0,14,2,19,55
567,120.0,15,2,19,56
568,133.0,16,2,22,64
569,142.0,17,2,23,69
570,122.0,18,2,20,57
571,123.0,19,2,20,58
572,107.0,20,2,17,49
573,135.0,21,2,22,65
574,102.0,22,2,16,46
575,149.0,23,2,24,74
576,100.0,0,3,16,45
577,142.0,1,3,23,69
578,151.0,2,3,25,75
579,126.0,3,3,20,60
580,117.0,4,3,19,54
581,155.0,5,3,25,78
582,129.0,6,3,21,62
583,131.0,7,3,21,63
584,134.0,8,3,22,65
585,152.0,9,3,25,76
586,141.0,10,3,23,69
587,131.0,11,3,21,63
588,171.0,12,3,28,88
589,129.0,13,3,21,62
590,119.0,14,3,19,56
591,138.0,15,3,22,67
592,156.0,16,3,25,78
593,144.0,17,3,23,71
594,140.0,18,3,23,68
595,145.0,19,3,24,71
596,132.0,20,3,21,63
597,152.0,21,3,25,76
598,138.0,22,3,22,67
599,135.0,23,3,22,65
600,112.0,0,4,18,52
601,117.0,1,4,19,54
602,138.0,2,4,22,67
603,136.0,3,4,22,66
604,162.0,4,4,26,82
605,139.0,5,4,23,68
606,169.0,6,4,27,87
607,142.0,7,4,23,69
608,207.0,8,4,33,113
609,180.0,9,4,29,94
610,201.0,10,4,32,109
611,192.0,11,4,31,103
612,248.0,12,4,39,144
613,175.0,13,4,28,91
614,165.0,14,4,27,84
615,204.0,15,4,33,111
616,206.0,16,4,33,113
617,186.0,17,4,30,98
618,168.0,18,4,27,86
619,196.0,19,4,31,105
620,162.0,20,4,26,82
621,173.0,21,4,28,90
622,174.0,22,4,28,90
623,210.0,23,4,33,115
624,182.0,0,5,29,96
625,180.0,1,5,29,94
626,162.0,2,5,26,82
627,144.0,3,5,23,71
628,142.0,4,5,23,69
629,159.0,5,5,26,80
630,130.0,6,5,21,62
631,155.0,7,5,25,78
632,122.0,8,5,20,57
633,154.0,9,5,25,77
634,173.0,10,5,28,90
635,197.0,11,5,32,106
636,195.0,12,5,31,105
637,180.0,13,5,29,94
638,193.0,14,5,31,103
639,171.0,15,5,28,88
640,149.0,16,5,24,74
641,173.0,17,5,28,90
642,184.0,18,5,30,97
643,226.0,19,5,36,127
644,193.0,20,5,31,103
645,174.0,21,5,28,90
646,147.0,22,5,24,73
647,131.0,23,5,21,63
648,134.0,0,6,22,65
649,144.0,1,6,23,71
650,176.0,2,6,28,92
651,190.0,3,6,31,101
652,136.0,4,6,22,66
653,163.0,5,6,26,83
654,202.0,6,6,32,110
655,136.0,7,6,22,66
656,180.0,8,6,29,94
657,196.0,9,6,31,105
658,171.0,10,6,28,88
659,131.0,11,6,21,63
660,135.0,12,6,22,65
661,147.0,13,6,24,73
662,172.0,14,6,28,89
663,178.0,15,6,29,93
664,206.0,16,6,33,113
665,188.0,17,6,30,100
666,206.0,18,6,33,113
667,215.0,19,6,34,119
668,203.0,20,6,32,110
669,192.0,21,6,31,103
670,205.0,22,6,33,112
671,189.0,23,6,30,101
672,208.0,0,0,33,114
673,191.0,1,0,31,102
674,216.0,2,0,34,120
675,212.0,3,0,34,117
676,256.0,4,0,40,151
677,252.0,5,0,39,148
678,219.0,6,0,35,122
679,216.0,7,0,34,120
680,168.0,8,0,27,86
681,202.0,9,0,32,110
682,189.0,10,0,30,101
683,203.0,11,0,32,110
684,244.0,12,0,38,141
685,190.0,13,0,31,101
686,252.0,14,0,39,148
687,191.0,15,0,31,102
688,175.0,16,0,28,91
689,193.0,17,0,31,103
690,152.0,18,0,25,76
691,183.0,19,0,30,96
692,164.0,20,0,27,84
693,205.0,21,0,33,112
694,239.0,22,0,37,137
695,198.0,23,0,32,107
696,154.0,0,1,25,77
697,202.0,1,1,32,110
698,205.0,2,1,33,112
699,234.0,3,1,37,133
700,206.0,4,1,33,113
701,203.0,5,1,32,110
702,215.0,6,1,34,119
703,200.0,7,1,32,108
704,209.0,8,1,33,115
705,178.0,9,1,29,93
706,181.0,10,1,29,95
707,226.0,11,1,36,127
708,164.0,12,1,27,84
709,206.0,13,1,33,113
710,211.0,14,1,34,116
711,154.0,15,1,25,77
712,144.0,16,1,23,71
713,209.0,17,1,33,115
714,183.0,18,1,30,96
715,165.0,19,1,27,84
716,174.0,20,1,28,90
717,124.0,21,1,20,59
718,174.0,22,1,28,90
719,177.0,23,1,29,92
720,183.0,0,2,30,96
721,182.0,1,2,29,96
722,185.0,2,2,30,98
723,185.0,3,2,30,98
724,198.0,4,2,32,107
725,214.0,5,2,34,118
726,198.0,6,2,32,107
727,134.0,7,2,22,65
728,177.0,8,2,29,92
729,208.0,9,2,33,114
730,183.0,10,2,30,96
731,191.0,11,2,31,102
732,189.0,12,2,30,101
733,158.0,13,2,26,80
734,180.0,14,2,29,94
735,149.0,15,2,24,74
736,178.0,16,2,29,93
737,172.0,17,2,28,89
738,225.0,18,2,36,127
739,191.0,19,2,31,102
740,186.0,20,2,30,98
741,224.0,21,2,35,126
742,210.0,22,2,33,115
743,151.0,23,2,25,75
744,168.0,0,3,27,86
745,165.0,1,3,27,84
746,190.0,2,3,31,101
747,202.0,3,3,32,110
748,148.0,4,3,24,73
749,153.0,5,3,25,76
750,129.0,6,3,21,62
751,224.0,7,3,35,126
752,182.0,8,3,29,96
753,162.0,9,3,26,82
754,172.0,10,3,28,89
755,140.0,11,3,23,68
756,160.0,12,3,26,81
757,127.0,13,3,21,60
758,166.0,14,3,27,85
759,197.0,15,3,32,106
760,188.0,16,3,30,100
761,176.0,17,3,28,92
762,165.0,18,3,27,84
763,149.0,19,3,24,74
764,168.0,20,3,27,86
765,182.0,21,3,29,96
766,183.0,22,3,30,96
767,201.0,23,3,32,109
768,183.0,0,4,30,96
769,214.0,1,4,34,118
770,180.0,2,4,29,94
771,145.0,3,4,24,71
772,163.0,4,4,26,83
773,136.0,5,4,22,66
774,139.0,6,4,23,68
775,175.0,7,4,28,91
776,147.0,8,4,24,73
777,155.0,9,4,25,78
778,163.0,10,4,26,83
779,152.0,11,4,25,76
780,158.0,12,4,26,80
781,218.0,13,4,35,121
782,175.0,14,4,28,91
783,168.0,15,4,27,86
784,193.0,16,4,31,103
785,163.0,17,4,26,83
786,165.0,18,4,27,84
787,128.0,19,4,21,61
788,172.0,20,4,28,89
789,139.0,21,4,23,68
790,165.0,22,4,27,84
791,156.0,23,4,25,78
792,211.0,0,5,34,116
793,209.0,1,5,33,115
794,210.0,2,5,33,115
795,168.0,3,5,27,86
796,205.0,4,5,33,112
797,189.0,5,5,30,101
798,216.0,6,5,34,120
799,248.0,7,5,39,144
800,210.0,8,5,33,115
801,215.0,9,5,34,119
802,220.0,10,5,35,123
803,171.0,11,5,28,88
804,181.0,12,5,29,95
805,248.0,13,5,39,144
806,200.0,14,5,32,108
807,211.0,15,5,34,116
808,138.0,16,5,22,67
809,172.0,17,5,28,89
810,168.0,18,5,27,86
811,191.0,19,5,31,102
812,162.0,20,5,26,82
813,151.0,21,5,25,75
814,177.0,22,5,29,92
815,204.0,23,5,33,111
816,208.0,0,6,33,114
817,193.0,1,6,31,103
818,168.0,2,6,27,86
819,176.0,3,6,28,92
820,192.0,4,6,31,103
821,141.0,5,6,23,69
822,171.0,6,6,28,88
823,170.0,7,6,28,88
824,168.0,8,6,27,86
825,172.0,9,6,28,89
826,184.0,10,6,30,97
827,142.0,11,6,23,69
828,125.0,12,6,20,59
829,172.0,13,6,28,89
830,165.0,14,6,27,84
831,182.0,15,6,29,96
832,201.0,16,6,32,109
833,156.0,17,6,25,78
834,129.0,18,6,21,62
835,169.0,19,6,27,87
836,224.0,20,6,35,126
837,169.0,21,6,27,87
838,120.0,22,6,19,56
839,180.0,23,6,29,94
840,153.0,0,0,25,76
841,188.0,1,0,30,100
842,202.0,2,0,32,110
843,206.0,3,0,33,113
844,159.0,4,0,26,80
845,177.0,5,0,29,92
846,177.0,6,0,29,92
847,200.0,7,0,32,108
848,164.0,8,0,27,84
849,159.0,9,0,26,80
850,173.0,10,0,28,90
851,180.0,11,0,29,94
852,274.0,12,0,42,166
853,304.0,13,0,45,191
854,225.0,14,0,36,127
855,192.0,15,0,31,103
856,187.0,16,0,30,99
857,204.0,17,0,33,111
858,281.0,18,0,43,171
859,216.0,19,0,34,120
860,181.0,20,0,29,95
861,203.0,21,0,32,110
862,218.0,22,0,35,121
863,224.0,23,0,35,126
864,201.0,0,1,32,109
865,143.0,1,1,23,70
866,160.0,2,1,26,81
867,211.0,3,1,34,116
868,174.0,4,1,28,90
869,208.0,5,1,33,114
870,140.0,6,1,23,68
871,144.0,7,1,23,71
872,188.0,8,1,30,100
873,119.0,9,1,19,56
874,169.0,10,1,27,87
875,152.0,11,1,25,76
876,136.0,12,1,22,66
877,197.0,13,1,32,106
878,159.0,14,1,26,80
879,147.0,15,1,24,73
880,178.0,16,1,29,93
881,136.0,17,1,22,66
882,166.0,18,1,27,85
883,168.0,19,1,27,86
884,129.0,20,1,21,62
885,195.0,21,1,31,105
886,202.0,22,1,32,110
887,164.0,23,1,27,84
888,162.0,0,2,26,82
889,183.0,1,2,30,96
890,161.0,2,2,26,82
891,170.0,3,2,28,88
892,212.0,4,2,34,117
893,171.0,5,2,28,88
894,153.0,6,2,25,76
895,190.0,7,2,31,101
896,177.0,8,2,29,92
897,176.0,9,2,28,92
898,166.0,10,2,27,85
899,204.0,11,2,33,111
900,202.0,12,2,32,110
901,183.0,13,2,30,96
902,215.0,14,2,34,119
903,183.0,15,2,30,96
904,235.0,16,2,37,134
905,173.0,17,2,28,90
906,182.0,18,2,29,96
907,244.0,19,2,38,141
908,158.0,20,2,26,80
909,165.0,21,2,27,84
910,187.0,22,2,30,99
911,209.0,23,2,33,115
912,194.0,0,3,31,104
913,177.0,1,3,29,92
914,217.0,2,3,34,121
915,125.0,3,3,20,59
916,156.0,4,3,25,78
917,162.0,5,3,26,82
918,146.0,6,3,24,72
919,134.0,7,3,22,65
920,140.0,8,3,23,68
921,141.0,9,3,23,69
922,142.0,10,3,23,69
923,162.0,11,3,26,82
924,180.0,12,3,29,94
925,216.0,13,3,34,120
926,217.0,14,3,34,121
927,215.0,15,3,34,119
928,213.0,16,3,34,118
929,209.0,17,3,33,115
930,220.0,18,3,35,123
931,197.0,19,3,32,106
932,201.0,20,3,32,109
933,211.0,21,3,34,116
934,216.0,22,3,34,120
935,176.0,23,3,28,92
936,144.0,0,4,23,71
937,176.0,1,4,28,92
938,168.0,2,4,27,86
939,177.0,3,4,29,92
940,178.0,4,4,29,93
941,217.0,5,4,34,121
942,208.0,6,4,33,114
943,190.0,7,4,31,101
944,139.0,8,4,23,68
945,176.0,9,4,28,92
946,187.0,10,4,30,99
947,214.0,11,4,34,118
948,226.0,12,4,36,127
949,149.0,13,4,24,74
950,161.0,14,4,26,82
951,154.0,15,4,25,77
952,168.0,16,4,27,86
953,166.0,17,4,27,85
954,174.0,18,4,28,90
955,134.0,19,4,22,65
956,167.0,20,4,27,86
957,176.0,21,4,28,92
958,197.0,22,4,32,106
959,195.0,23,4,31,105
960,138.0,0,5,22,67
961,130.0,1,5,21,62
962,173.0,2,5,28,90
963,160.0,3,5,26,81
964,170.0,4,5,28,88
965,156.0,5,5,25,78
966,174.0,6,5,28,90
967,204.0,7,5,33,111
968,231.0,8,5,36,131
969,203.0,9,5,32,110
970,187.0,10,5,30,99
971,209.0,11,5,33,115
972,228.0,12,5,36,129
973,268.0,13,5,41,161
974,209.0,14,5,33,115
975,233.0,15,5,37,133
976,201.0,16,5,32,109
977,234.0,17,5,37,133
978,209.0,18,5,33,115
979,253.0,19,5,39,148
980,212.0,20,5,34,117
981,190.0,21,5,31,101
982,197.0,22,5,32,106
983,190.0,23,5,31,101
984,189.0,0,6,30,101
985,202.0,1,6,32,110
986,196.0,2,6,31,105
987,148.0,3,6,24,73
988,193.0,4,6,31,103
989,204.0,5,6,33,111
990,208.0,6,6,33,114
991,213.0,7,6,34,118
992,181.0,8,6,29,95
993,164.0,9,6,27,84
994,140.0,10,6,23,68
995,163.0,11,6,26,83
996,185.0,12,6,30,98
997,166.0,13,6,27,85
998,195.0,14,6,31,105
999,204.0,15,6,33,111
1000,170.0,16,6,28,88
1001,262.0,17,6,40,156
1002,160.0,18,6,26,81
1003,185.0,19,6,30,98
1004,186.0,20,6,30,98
1005,139.0,21,6,23,68
1006,198.0,22,6,32,107
1007,197.0,23,6,32,106
1008,169.0,0,0,27,87
1009,178.0,1,0,29,93
1010,219.0,2,0,35,122
1011,163.0,3,0,26,83
1012,155.0,4,0,25,78
1013,208.0,5,0,33,114
1014,231.0,6,0,36,131
1015,189.0,7,0,30,101
1016,184.0,8,0,30,97
1017,166.0,9,0,27,85
1018,204.0,10,0,33,111
1019,185.0,11,0,30,98
1020,180.0,12,0,29,94
1021,149.0,13,0,24,74
1022,156.0,14,0,25,78
1023,167.0,15,0,27,86
1024,169.0,16,0,27,87
1025,173.0,17,0,28,90
1026,201.0,18,0,32,109
1027,214.0,19,0,34,118
1028,203.0,20,0,32,110
1029,191.0,21,0,31,102
1030,216.0,22,0,34,120
1031,185.0,23,0,30,98
1032,246.0,0,1,38,143
1033,223.0,1,1,35,125
1034,197.0,2,1,32,106
1035,215.0,3,1,34,119
1036,269.0,4,1,41,161
1037,223.0,5,1,35,125
1038,227.0,6,1,36,128
1039,229.0,7,1,36,130
1040,213.0,8,1,34,118
1041,236.0,9,1,37,135
1042,225.0,10,1,36,127
1043,167.0,11,1,27,86
1044,139.0,12,1,23,68
1045,171.0,13,1,28,88
1046,151.0,14,1,25,75
1047,164.0,15,1,27,84
1048,196.0,16,1,31,105
1049,180.0,17,1,29,94
1050,148.0,18,1,24,73
1051,145.0,19,1,24,71
1052,166.0,20,1,27,85
1053,188.0,21,1,30,100
1054,144.0,22,1,23,71
1055,194.0,23,1,31,104
1056,210.0,0,2,33,115
1057,174.0,1,2,28,90
1058,167.0,2,2,27,86
1059,165.0,3,2,27,84
1060,194.0,4,2,31,104
1061,200.0,5,2,32,108
1062,161.0,6,2,26,82
1063,192.0,7,2,31,103
1064,186.0,8,2,30,98
1065,146.0,9,2,24,72
1066,229.0,10,2,36,130
1067,142.0,11,2,23,69
1068,148.0,12,2,24,73
1069,144.0,13,2,23,71
1070,155.0,14,2,25,78
1071,163.0,15,2,26,83
1072,156.0,16,2,25,78
1073,229.0,17,2,36,130
1074,161.0,18,2,26,82
1075,225.0,19,2,36,127
1076,167.0,20,2,27,86
1077,174.0,21,2,28,90
1078,161.0,22,2,26,82
1079,215.0,23,2,34,119
1080,213.0,0,3,34,118
1081,151.0,1,3,25,75
1082,171.0,2,3,28,88
1083,150.0,3,3,24,75
1084,151.0,4,3,25,75
1085,152.0,5,3,25,76
1086,203.0,6,3,32,110
1087,183.0,7,3,30,96
1088,198.0,8,3,32,107
1089,237.0,9,3,37,136
1090,239.0,10,3,37,137
1091,247.0,11,3,39,144
1092,216.0,12,3,34,120
1093,214.0,13,3,34,118
1094,244.0,14,3,38,141
1095,236.0,15,3,37,135
1096,233.0,16,3,37,133
1097,190.0,17,3,31,101
1098,190.0,18,3,31,101
1099,169.0,19,3,27,87
1100,171.0,20,3,28,88
1101,200.0,21,3,32,108
1102,177.0,22,3,29,92
1103,192.0,23,3,31,103
1104,193.0,0,4,31,103
1105,202.0,1,4,32,110
1106,160.0,2,4,26,81
1107,177.0,3,4,29,92
1108,147.0,4,4,24,73
1109,152.0,5,4,25,76
1110,181.0,6,4,29,95
1111,181.0,7,4,29,95
1112,156.0,8,4,25,78
1113,213.0,9,4,34,118
1114,168.0,10,4,27,86
1115,127.0,11,4,21,60
1116,129.0,12,4,21,62
1117,215.0,13,4,34,119
1118,163.0,14,4,26,83
1119,259.0,15,4,40,153
1120,223.0,16,4,35,125
1121,187.0,17,4,30,99
1122,197.0,18,4,32,106
1123,158.0,19,4,26,80
1124,192.0,20,4,31,103
1125,163.0,21,4,26,83
1126,195.0,22,4,31,105
1127,176.0,23,4,28,92
1128,213.0,0,5,34,118
1129,153.0,1,5,25,76
1130,167.0,2,5,27,86
1131,155.0,3,5,25,78
1132,168.0,4,5,27,86
1133,177.0,5,5,29,92
1134,185.0,6,5,30,98
1135,209.0,7,5,33,115
1136,171.0,8,5,28,88
1137,140.0,9,5,23,68
1138,142.0,10,5,23,69
1139,159.0,11,5,26,80
1140,132.0,12,5,21,63
1141,145.0,13,5,24,71
1142,148.0,14,5,24,73
1143,123.0,15,5,20,58
1144,162.0,16,5,26,82
1145,201.0,17,5,32,109
1146,128.0,18,5,21,61
1147,138.0,19,5,22,67
1148,154.0,20,5,25,77
1149,152.0,21,5,25,76
1150,119.0,22,5,19,56
1151,177.0,23,5,29,92
1152,193.0,0,6,31,103
1153,194.0,1,6,31,104
1154,178.0,2,6,29,93
1155,147.0,3,6,24,73
1156,129.0,4,6,21,62
1157,155.0,5,6,25,78
1158,127.0,6,6,21,60
1159,141.0,7,6,23,69
1160,190.0,8,6,31,101
1161,196.0,9,6,31,105
1162,173.0,10,6,28,90
1163,140.0,11,6,23,68
1164,160.0,12,6,26,81
1165,142.0,13,6,23,69
1166,146.0,14,6,24,72
1167,174.0,15,6,28,90
1168,173.0,16,6,28,90
1169,178.0,17,6,29,93
1170,222.0,18,6,35,124
1171,138.0,19,6,22,67
1172,190.0,20,6,31,101
1173,174.0,21,6,28,90
1174,211.0,22,6,34,116
1175,148.0,23,6,24,73
1176,191.0,0,0,31,102
1177,201.0,1,0,32,109
1178,181.0,2,0,29,95
1179,203.0,3,0,32,110
1180,211.0,4,0,34,116
1181,229.0,5,0,36,130
1182,232.0,6,0,37,132
1183,189.0,7,0,30,101
1184,174.0,8,0,28,90
1185,178.0,9,0,29,93
1186,136.0,10,0,22,66
1187,144.0,11,0,23,71
1188,164.0,12,0,27,84
1189,129.0,13,0,21,62
1190,147.0,14,0,24,73
1191,170.0,15,0,28,88
1192,146.0,16,0,24,72
1193,178.0,17,0,29,93
1194,162.0,18,0,26,82
1195,166.0,19,0,27,85
1196,164.0,20,0,27,84
1197,171.0,21,0,28,88
1198,181.0,22,0,29,95
1199,156.0,23,0,25,78
1200,171.0,0,1,28,88
1201,206.0,1,1,33,113
1202,189.0,2,1,30,101
1203,160.0,3,1,26,81
1204,193.0,4,1,31,103
1205,155.0,5,1,25,78
1206,172.0,6,1,28,89
1207,168.0,7,1,27,86
1208,129.0,8,1,21,62
1209,126.0,9,1,20,60
1210,159.0,10,1,26,80
1211,162.0,11,1,26,82
1212,176.0,12,1,28,92
1213,205.0,13,1,33,112
1214,169.0,14,1,27,87
1215,156.0,15,1,25,78
1216,173.0,16,1,28,90
1217,127.0,17,1,21,60
1218,173.0,18,1,28,90
1219,162.0,19,1,26,82
1220,135.0,20,1,22,65
1221,219.0,21,1,35,122
1222,209.0,22,1,33,115
1223,217.0,23,1,34,121
1224,216.0,0,2,34,120
1225,180.0,1,2,29,94
1226,259.0,2,2,40,153
1227,247.0,3,2,39,144
1228,225.0,4,2,36,127
1229,212.0,5,2,34,117
1230,196.0,6,2,31,105
1231,245.0,7,2,38,142
1232,215.0,8,2,34,119
1233,245.0,9,2,38,142
1234,231.0,10,2,36,131
1235,193.0,11,2,31,103
1236,153.0,12,2,25,76
1237,205.0,13,2,33,112
1238,198.0,14,2,32,107
1239,174.0,15,2,28,90
1240,183.0,16,2,30,96
1241,159.0,17,2,26,80
1242,180.0,18,2,29,94
1243,170.0,19,2,28,88
1244,159.0,20,2,26,80
1245,192.0,21,2,31,103
1246,153.0,22,2,25,76
1247,168.0,23,2,27,86
1248,131.0,0,3,21,63
1249,191.0,1,3,31,102
1250,222.0,2,3,35,124
1251,207.0,3,3,33,113
1252,180.0,4,3,29,94
1253,206.0,5,3,33,113
1254,188.0,6,3,30,100
1255,151.0,7,3,25,75
1256,185.0,8,3,30,98
1257,218.0,9,3,35,121
1258,223.0,10,3,35,125
1259,184.0,11,3,30,97
1260,238.0,12,3,37,137
1261,214.0,13,3,34,118
1262,195.0,14,3,31,105
1263,167.0,15,3,27,86
1264,174.0,16,3,28,90
1265,194.0,17,3,31,104
1266,250.0,18,3,39,146
1267,194.0,19,3,31,104
1268,268.0,20,3,41,161
1269,223.0,21,3,35,125
1270,236.0,22,3,37,135
1271,207.0,23,3,33,113
1272,242.0,0,4,38,140
1273,207.0,1,4,33,113
1274,227.0,2,4,36,128
1275,166.0,3,4,27,85
1276,130.0,4,4,21,62
1277,181.0,5,4,29,95
1278,203.0,6,4,32,110
1279,215.0,7,4,34,119
1280,195.0,8,4,31,105
1281,172.0,9,4,28,89
1282,150.0,10,4,24,75
1283,176.0,11,4,28,92
1284,171.0,12,4,28,88
1285,191.0,13,4,31,102
1286,162.0,14,4,26,82
1287,214.0,15,4,34,118
1288,201.0,16,4,32,109
1289,173.0,17,4,28,90
1290,196.0,18,4,31,105
1291,203.0,19,4,32,110
1292,220.0,20,4,35,123
1293,207.0,21,4,33,113
1294,201.0,22,4,32,109
1295,198.0,23,4,32,107
1296,165.0,0,5,27,84
1297,203.0,1,5,32,110
1298,219.0,2,5,35,122
1299,165.0,3,5,27,84
1300,170.0,4,5,28,88
1301,197.0,5,5,32,106
1302,151.0,6,5,25,75
1303,222.0,7,5,35,124
1304,197.0,8,5,32,106
1305,248.0,9,5,39,144
1306,187.0,10,5,30,99
1307,155.0,11,5,25,78
1308,156.0,12,5,25,78
1309,182.0,13,5,29,96
1310,173.0,14,5,28,90
1311,205.0,15,5,33,112
1312,167.0,16,5,27,86
1313,173.0,17,5,28,90
1314,211.0,18,5,34,116
1315,161.0,19,5,26,82
1316,165.0,20,5,27,84
1317,205.0,21,5,33,112
1318,188.0,22,5,30,100
1319,240.0,23,5,38,138
1320,217.0,0,6,34,121
1321,232.0,1,6,37,132
1322,176.0,2,6,28,92
1323,202.0,3,6,32,110
1324,182.0,4,6,29,96
1325,180.0,5,6,29,94
1326,210.0,6,6,33,115
1327,229.0,7,6,36,130
1328,275.0,8,6,42,166
1329,231.0,9,6,36,131
1330,208.0,10,6,33,114
1331,214.0,11,6,34,118
1332,206.0,12,6,33,113
1333,248.0,13,6,39,144
1334,216.0,14,6,34,120
1335,225.0,15,6,36,127
1336,197.0,16,6,32,106
1337,193.0,17,6,31,103
1338,165.0,18,6,27,84
1339,198.0,19,6,32,107
1340,184.0,20,6,30,97
1341,159.0,21,6,26,80
1342,197.0,22,6,32,106
1343,178.0,23,6,29,93
1344,170.0,0,0,28,88
1345,178.0,1,0,29,93
1346,191.0,2,0,31,102
1347,210.0,3,0,33,115
1348,249.0,4,0,39,145
1349,218.0,5,0,35,121
1350,203.0,6,0,32,110
1351,225.0,7,0,36,127
1352,210.0,8,0,33,115
1353,152.0,9,0,25,76
1354,168.0,10,0,27,86
1355,162.0,11,0,26,82
1356,142.0,12,0,23,69
1357,188.0,13,0,30,100
1358,170.0,14,0,28,88
1359,182.0,15,0,29,96
1360,224.0,16,0,35,126
1361,170.0,17,0,28,88
1362,135.0,18,0,22,65
1363,136.0,19,0,22,66
1364,155.0,20,0,25,78
1365,176.0,21,0,28,92
1366,143.0,22,0,23,70
1367,168.0,23,0,27,86
1368,173.0,0,1,28,90
1369,140.0,1,1,23,68
1370,155.0,2,1,25,78
1371,144.0,3,1,23,71
1372,150.0,4,1,24,75
1373,159.0,5,1,26,80
1374,150.0,6,1,24,75
1375,217.0,7,1,34,121
1376,142.0,8,1,23,69
1377,163.0,9,1,26,83
1378,132.0,10,1,21,63
1379,148.0,11,1,24,73
1380,203.0,12,1,32,110
1381,222.0,13,1,35,124
1382,186.0,14,1,30,98
1383,180.0,15,1,29,94
1384,174.0,16,1,28,90
1385,177.0,17,1,29,92
1386,217.0,18,1,34,121
1387,164.0,19,1,27,84
1388,198.0,20,1,32,107
1389,168.0,21,1,27,86
1390,222.0,22,1,35,124
1391,198.0,23,1,32,107
1392,258.0,0,2,40,152
1393,239.0,1,2,37,137
1394,213.0,2,2,34,118
1395,183.0,3,2,30,96
1396,178.0,4,2,29,93
1397,187.0,5,2,30,99
1398,194.0,6,2,31,104
1399,146.0,7,2,24,72
1400,164.0,8,2,27,84
1401,134.0,9,2,22,65
1402,144.0,10,2,23,71
1403,114.0,11,2,18,53
1404,151.0,12,2,25,75
1405,126.0,13,2,20,60
1406,125.0,14,2,20,59
1407,151.0,15,2,25,75
1408,144.0,16,2,23,71
1409,184.0,17,2,30,97
1410,217.0,18,2,34,121
1411,176.0,19,2,28,92
1412,170.0,20,2,28,88
1413,144.0,21,2,23,71
1414,129.0,22,2,21,62
1415,174.0,23,2,28,90
1416,141.0,0,3,23,69
1417,168.0,1,3,27,86
1418,167.0,2,3,27,86
1419,165.0,3,3,27,84
1420,163.0,4,3,26,83
1421,106.0,5,3,17,48
1422,134.0,6,3,22,65
1423,133.0,7,3,22,64
1424,112.0,8,3,18,52
1425,140.0,9,3,23,68
1426,195.0,10,3,31,105
1427,189.0,11,3,30,101
1428,122.0,12,3,20,57
1429,138.0,13,3,22,67
1430,141.0,14,3,23,69
1431,121.0,15,3,20,57
1432,151.0,16,3,25,75
1433,147.0,17,3,24,73
1434,139.0,18,3,23,68
1435,134.0,19,3,22,65
1436,183.0,20,3,30,96
1437,136.0,21,3,22,66
1438,111.0,22,3,18,51
1439,165.0,23,3,27,84
1440,114.0,0,4,18,53
1441,106.0,1,4,17,48
1442,90.0,2,4,14,39
1443,145.0,3,4,24,71
1444,107.0,4,4,17,49
1445,106.0,5,4,17,48
1446,102.0,6,4,16,46
1447,103.0,7,4,16,46
1448,112.0,8,4,18,52
1449,103.0,9,4,16,46
1450,172.0,10,4,28,89
1451,187.0,11,4,30,99
1452,177.0,12,4,29,92
1453,167.0,13,4,27,86
1454,98.0,14,4,16,44
1455,114.0,15,4,18,53
1456,117.0,16,4,19,54
1457,56.0,17,4,8,22
1458,79.0,18,4,12,33
1459,122.0,19,4,20,57
1460,126.0,20,4,20,60
1461,129.0,21,4,21,62
1462,79.0,22,4,12,33
1463,111.0,23,4,18,51
1464,96.0,0,5,15,43
1465,152.0,1,5,25,76
1466,158.0,2,5,26,80
1467,144.0,3,5,23,71
1468,117.0,4,5,19,54
1469,125.0,5,5,20,59
1470,102.0,6,5,16,46
1471,93.0,7,5,15,41
1472,132.0,8,5,21,63
1473,119.0,9,5,19,56
1474,107.0,10,5,17,49
1475,117.0,11,5,19,54
1476,85.0,12,5,13,37
1477,102.0,13,5,16,46
1478,125.0,14,5,20,59
1479,130.0,15,5,21,62
1480,112.0,16,5,18,52
1481,89.0,17,5,14,39
1482,130.0,18,5,21,62
1483,129.0,19,5,21,62
1484,96.0,20,5,15,43
1485,126.0,21,5,20,60
1486,96.0,22,5,15,43
1487,79.0,23,5,12,33
1488,102.0,0,6,16,46
1489,87.0,1,6,14,38
1490,99.0,2,6,16,44
1491,84.0,3,6,13,36
1492,114.0,4,6,18,53
1493,91.0,5,6,14,40
1494,119.0,6,6,19,56
1495,107.0,7,6,17,49
1496,91.0,8,6,14,40
1497,66.0,9,6,10,27
1498,100.0,10,6,16,45
1499,96.0,11,6,15,43
1500,76.0,12,6,12,32
1501,125.0,13,6,20,59
1502,78.0,14,6,12,33
1503,57.0,15,6,8,22
1504,94.0,16,6,15,41
1505,78.0,17,6,12,33
1506,74.0,18,6,11,31
1507,112.0,19,6,18,52
1508,75.0,20,6,11,31
1509,61.0,21,6,9,24
1510,108.0,22,6,17,49
1511,74.0,23,6,11,31
1512,54.0,0,0,8,21
1513,71.0,1,0,11,29
1514,109.0,2,0,18,50
1515,56.0,3,0,8,22
1516,85.0,4,0,13,37
1517,77.0,5,0,12,32
1518,60.0,6,0,9,24
1519,80.0,7,0,12,34
1520,60.0,8,0,9,24
1521,47.0,9,0,6,18
1522,57.0,10,0,8,22
1523,52.0,11,0,7,20
1524,76.0,12,0,12,32
1525,65.0,13,0,10,26
1526,79.0,14,0,12,33
1527,86.0,15,0,13,37
1528,59.0,16,0,8,23
1529,83.0,17,0,13,36
1530,83.0,18,0,13,36
1531,57.0,19,0,8,22
1532,30.0,20,0,3,10
1533,63.0,21,0,9,25
1534,71.0,22,0,11,29
1535,78.0,23,0,12,33
1536,105.0,0,1,17,48
1537,71.0,1,1,11,29
1538,89.0,2,1,14,39
1539,74.0,3,1,11,31
1540,52.0,4,1,7,20
1541,57.0,5,1,8,22
1542,47.0,6,1,6,18
1543,81.0,7,1,13,34
1544,77.0,8,1,12,32
1545,70.0,9,1,11,29
1546,45.0,10,1,6,17
1547,37.0,11,1,4,13
1548,67.0,12,1,10,27
1549,65.0,13,1,10,26
1550,79.0,14,1,12,33
1551,77.0,15,1,12,32
1552,69.0,16,1,10,28
1553,68.0,17,1,10,28
1554,76.0,18,1,12,32
1555,96.0,19,1,15,43
1556,84.0,20,1,13,36
1557,75.0,21,1,11,31
1558,51.0,22,1,7,19
1559,103.0,23,1,16,46
1560,85.0,0,2,13,37
1561,59.0,1,2,8,23
1562,42.0,2,2,5,15
1563,42.0,3,2,5,15
1564,68.0,4,2,10,28
1565,52.0,5,2,7,20
1566,49.0,6,2,7,18
1567,36.0,7,2,4,12
1568,47.0,8,2,6,18
1569,50.0,9,2,7,19
1570,37.0,10,2,4,13
1571,45.0,11,2,6,17
1572,58.0,12,2,8,23
1573,40.0,13,2,5,14
1574,58.0,14,2,8,23
1575,49.0,15,2,7,18
1576,51.0,16,2,7,19
1577,40.0,17,2,5,14
1578,48.0,18,2,6,18
1579,36.0,19,2,4,12
1580,28.0,20,2,2,9
1581,46.0,21,2,6,17
1582,36.0,22,2,4,12
1583,21.0,23,2,1,6
1584,34.0,0,3,4,12
1585,37.0,1,3,4,13
1586,33.0,2,3,3,11
1587,43.0,3,3,5,16
1588,37.0,4,3,4,13
1589,40.0,5,3,5,14
1590,33.0,6,3,3,11
1591,37.0,7,3,4,13
1592,34.0,8,3,4,12
1593,39.0,9,3,5,14
1594,64.0,10,3,9,26
1595,54.0,11,3,8,21
1596,40.0,12,3,5,14
1597,41.0,13,3,5,15
1598,33.0,14,3,3,11
1599,55.0,15,3,8,21
1600,49.0,16,3,7,18
1601,37.0,17,3,4,13
1602,35.0,18,3,4,12
1603,33.0,19,3,3,11
1604,35.0,20,3,4,12
1605,30.0,21,3,3,10
1606,38.0,22,3,4,13
1607,35.0,23,3,4,12
1608,28.0,0,4,2,9
1609,38.0,1,4,4,13
1610,39.0,2,4,5,14
1611,45.0,3,4,6,17
1612,54.0,4,4,8,21
1613,64.0,5,4,9,26
1614,47.0,6,4,6,18
1615,29.0,7,4,3,9
1616,26.0,8,4,2,8
1617,35.0,9,4,4,12
1618,22.0,10,4,1,6
1619,16.0,11,4,1,4
1620,16.0,12,4,1,4
1621,26.0,13,4,2,8
1622,33.0,14,4,3,11
1623,36.0,15,4,4,12
1624,39.0,16,4,5,14
1625,33.0,17,4,3,11
1626,38.0,18,4,4,13
1627,15.0,19,4,1,3
1628,52.0,20,4,7,20
1629,25.0,21,4,2,8
1630,22.0,22,4,1,6
1631,28.0,23,4,2,9
1632,28.0,0,5,2,9
1633,32.0,1,5,3,11
1634,25.0,2,5,2,8
1635,18.0,3,5,1,5
1636,28.0,4,5,2,9
1637,25.0,5,5,2,8
1638,27.0,6,5,2,8
1639,22.0,7,5,1,6
1640,40.0,8,5,5,14
1641,17.0,9,5,1,4
1642,41.0,10,5,5,15
1643,38.0,11,5,4,13
1644,44.0,12,5,6,16
1645,33.0,13,5,3,11
1646,14.0,14,5,1,3
1647,28.0,15,5,2,9
1648,41.0,16,5,5,15
1649,34.0,17,5,4,12
1650,30.0,18,5,3,10
1651,33.0,19,5,3,11
1652,24.0,20,5,2,7
1653,14.0,21,5,1,3
1654,41.0,22,5,5,15
1655,27.0,23,5,2,8
1656,40.0,0,6,5,14
1657,18.0,1,6,1,5
1658,20.0,2,6,1,5
1659,22.0,3,6,1,6
1660,12.0,4,6,1,2
1661,40.0,5,6,5,14
1662,17.0,6,6,1,4
1663,22.0,7,6,1,6
1664,26.0,8,6,2,8
1665,14.0,9,6,1,3
1666,33.0,10,6,3,11
1667,22.0,11,6,1,6
1668,28.0,12,6,2,9
1669,25.0,13,6,2,8
1670,27.0,14,6,2,8
1671,14.0,15,6,1,3
1672,19.0,16,6,1,5
1673,43.0,17,6,5,16
1674,13.0,18,6,1,2
1675,8.0,19,6,1,1
1676,14.0,20,6,1,3
1677,9.0,21,6,1,1
1678,22.0,22,6,1,6
1679,21.0,23,6,1,6
1680,26.0,0,0,2,8
1681,8.0,1,0,1,1
1682,15.0,2,0,1,3
1683,7.0,3,0,1,1
1684,26.0,4,0,2,8
1685,22.0,5,0,1,6
1686,15.0,6,0,1,3
1687,26.0,7,0,2,8
1688,45.0,8,0,6,17
1689,37.0,9,0,4,13
1690,24.0,10,0,2,7
1691,20.0,11,0,1,5
1692,13.0,12,0,1,2
1693,48.0,13,0,6,18
1694,32.0,14,0,3,11
1695,28.0,15,0,2,9
1696,9.0,16,0,1,1
1697,15.0,17,0,1,3
1698,25.0,18,0,2,8
1699,12.0,19,0,1,2
1700,18.0,20,0,1,5
1701,10.0,21,0,1,1
1702,9.0,22,0,1,1
1703,9.0,23,0,1,1
1704,33.0,0,1,3,11
1705,22.0,1,1,1,6
1706,16.0,2,1,1,4
1707,21.0,3,1,1,6
1708,15.0,4,1,1,3
1709,25.0,5,1,2,8
1710,9.0,6,1,1,1
1711,8.0,7,1,1,1
1712,5.0,8,1,1,1
1713,10.0,9,1,1,1
1714,20.0,10,1,1,5
1715,4.0,11,1,1,1
1716,15.0,12,1,1,3
1717,7.0,13,1,1,1
1718,15.0,14,1,1,3
1719,16.0,15,1,1,4
1720,6.0,16,1,1,1
1721,22.0,17,1,1,6
1722,7.0,18,1,1,1
1723,16.0,19,1,1,4
1724,20.0,20,1,1,5
1725,17.0,21,1,1,4
1726,8.0,22,1,1,1
1727,13.0,23,1,1,2
1728,12.0,0,2,1,2
1729,9.0,1,2,1,1
1730,17.0,2,2,1,4
1731,22.0,3,2,1,6
1732,17.0,4,2,1,4
1733,40.0,5,2,5,14
1734,44.0,6,2,6,16
1735,21.0,7,2,1,6
1736,39.0,8,2,5,14
1737,55.0,9,2,8,21
1738,47.0,10,2,6,18
1739,42.0,11,2,5,15
1740,48.0,12,2,6,18
1741,37.0,13,2,4,13
1742,32.0,14,2,3,11
1743,27.0,15,2,2,8
1744,25.0,16,2,2,8
1745,39.0,17,2,5,14
1746,36.0,18,2,4,12
1747,34.0,19,2,4,12
1748,46.0,20,2,6,17
1749,47.0,21,2,6,18
1750,30.0,22,2,3,10
1751,24.0,23,2,2,7
1752,51.0,0,3,7,19
1753,34.0,1,3,4,12
1754,35.0,2,3,4,12
1755,48.0,3,3,6,18
1756,38.0,4,3,4,13
1757,25.0,5,3,2,8
1758,32.0,6,3,3,11
1759,32.0,7,3,3,11
1760,15.0,8,3,1,3
1761,26.0,9,3,2,8
1762,28.0,10,3,2,9
1763,29.0,11,3,3,9
1764,28.0,12,3,2,9
1765,6.0,13,3,1,1
1766,8.0,14,3,1,1
1767,8.0,15,3,1,1
1768,8.0,16,3,1,1
1769,12.0,17,3,1,2
1770,9.0,18,3,1,1
1771,9.0,19,3,1,1
1772,6.0,20,3,1,1
1773,15.0,21,3,1,3
1774,15.0,22,3,1,3
1775,4.0,23,3,1,1
1776,12.0,0,4,1,2
1777,12.0,1,4,1,2
1778,9.0,2,4,1,1
1779,24.0,3,4,2,7
1780,14.0,4,4,1,3
1781,17.0,5,4,1,4
1782,6.0,6,4,1,1
1783,9.0,7,4,1,1
1784,7.0,8,4,1,1
1785,7.0,9,4,1,1
1786,7.0,10,4,1,1
1787,19.0,11,4,1,5
1788,27.0,12,4,2,8
1789,39.0,13,4,5,14
1790,12.0,14,4,1,2
1791,25.0,15,4,2,8
1792,16.0,16,4,1,4
1793,9.0,17,4,1,1
1794,12.0,18,4,1,2
1795,13.0,19,4,1,2
1796,9.0,20,4,1,1
1797,9.0,21,4,1,1
1798,4.0,22,4,1,1
1799,8.0,23,4,1,1
1800,4.0,0,5,1,1
1801,2.0,1,5,1,1
1802,28.0,2,5,2,9
1803,13.0,3,5,1,2
1804,19.0,4,5,1,5
1805,4.0,5,5,1,1
1806,4.0,6,5,1,1
1807,8.0,7,5,1,1
1808,18.0,8,5,1,5
1809,40.0,9,5,5,14
1810,17.0,10,5,1,4
1811,14.0,11,5,1,3
1812,13.0,12,5,1,2
1813,12.0,13,5,1,2
1814,1.0,14,5,1,1
1815,23.0,15,5,1,7
1816,44.0,16,5,6,16
1817,49.0,17,5,7,18
1818,39.0,18,5,5,14
1819,39.0,19,5,5,14
1820,25.0,20,5,2,8
1821,24.0,21,5,2,7
1822,43.0,22,5,5,16
1823,59.0,23,5,8,23
1824,39.0,0,6,5,14
1825,42.0,1,6,5,15
1826,34.0,2,6,4,12
1827,22.0,3,6,1,6
1828,30.0,4,6,3,10
1829,30.0,5,6,3,10
1830,37.0,6,6,4,13
1831,51.0,7,6,7,19
1832,28.0,8,6,2,9
1833,26.0,9,6,2,8
1834,16.0,10,6,1,4
1835,4.0,11,6,1,1
1836,7.0,12,6,1,1
1837,13.0,13,6,1,2
1838,19.0,14,6,1,5
1839,12.0,15,6,1,2
1840,6.0,16,6,1,1
1841,15.0,17,6,1,3
1842,8.0,18,6,1,1
1843,13.0,19,6,1,2
1844,10.0,20,6,1,1
1845,13.0,21,6,1,2
1846,12.0,22,6,1,2
1847,5.0,23,6,1,1
1848,10.0,0,0,1,1
1849,12.0,1,0,1,2
1850,7.0,2,0,1,1
1851,8.0,3,0,1,1
1852,10.0,4,0,1,1
1853,14.0,5,0,1,3
1854,14.0,6,0,1,3
1855,7.0,7,0,1,1
1856,13.0,8,0,1,2
1857,41.0,9,0,5,15
1858,22.0,10,0,1,6
1859,13.0,11,0,1,2
1860,17.0,12,0,1,4
1861,25.0,13,0,2,8
1862,21.0,14,0,1,6
1863,20.0,15,0,1,5
1864,14.0,16,0,1,3
1865,8.0,17,0,1,1
1866,13.0,18,0,1,2
1867,13.0,19,0,1,2
1868,42.0,20,0,5,15
1869,54.0,21,0,8,21
1870,60.0,22,0,9,24
1871,56.0,23,0,8,22
1872,67.0,0,1,10,27
1873,54.0,1,1,8,21
1874,59.0,2,1,8,23
1875,49.0,3,1,7,18
1876,55.0,4,1,8,21
1877,57.0,5,1,8,22
1878,60.0,6,1,9,24
1879,68.0,7,1,10,28
1880,39.0,8,1,5,14
1881,30.0,9,1,3,10
1882,28.0,10,1,2,9
1883,28.0,11,1,2,9
1884,14.0,12,1,1,3
1885,22.0,13,1,1,6
1886,14.0,14,1,1,3
1887,24.0,15,1,2,7
1888,39.0,16,1,5,14
1889,19.0,17,1,1,5
1890,21.0,18,1,1,6
1891,29.0,19,1,3,9
1892,32.0,20,1,3,11
1893,28.0,21,1,2,9
1894,24.0,22,1,2,7
1895,32.0,23,1,3,11
1896,37.0,0,2,4,13
1897,54.0,1,2,8,21
1898,38.0,2,2,4,13
1899,26.0,3,2,2,8
1900,22.0,4,2,1,6
1901,27.0,5,2,2,8
1902,51.0,6,2,7,19
1903,35.0,7,2,4,12
1904,33.0,8,2,3,11
1905,49.0,9,2,7,18
1906,38.0,10,2,4,13
1907,37.0,11,2,4,13
1908,32.0,12,2,3,11
1909,67.0,13,2,10,27
1910,80.0,14,2,12,34
1911,47.0,15,2,6,18
1912,39.0,16,2,5,14
1913,40.0,17,2,5,14
1914,42.0,18,2,5,15
1915,42.0,19,2,5,15
1916,57.0,20,2,8,22
1917,55.0,21,2,8,21
1918,72.0,22,2,11,30
1919,49.0,23,2,7,18
1920,63.0,0,3,9,25
1921,37.0,1,3,4,13
1922,50.0,2,3,7,19
1923,52.0,3,3,7,20
1924,70.0,4,3,11,29
1925,42.0,5,3,5,15
1926,61.0,6,3,9,24
1927,48.0,7,3,6,18
1928,81.0,8,3,13,34
1929,118.0,9,3,19,55
1930,96.0,10,3,15,43
1931,85.0,11,3,13,37
1932,103.0,12,3,16,46
1933,97.0,13,3,15,43
1934,93.0,14,3,15,41
1935,68.0,15,3,10,28
1936,30.0,16,3,3,10
1937,45.0,17,3,6,17
1938,58.0,18,3,8,23
1939,77.0,19,3,12,32
1940,91.0,20,3,14,40
1941,52.0,21,3,7,20
1942,62.0,22,3,9,25
1943,76.0,23,3,12,32
1944,48.0,0,4,6,18
1945,65.0,1,4,10,26
1946,99.0,2,4,16,44
1947,97.0,3,4,15,43
1948,138.0,4,4,22,67
1949,112.0,5,4,18,52
1950,131.0,6,4,21,63
1951,145.0,7,4,24,71
1952,107.0,8,4,17,49
1953,77.0,9,4,12,32
1954,75.0,10,4,11,31
1955,101.0,11,4,16,45
1956,70.0,12,4,11,29
1957,65.0,13,4,10,26
1958,83.0,14,4,13,36
1959,62.0,15,4,9,25
1960,57.0,16,4,8,22
1961,70.0,17,4,11,29
1962,71.0,18,4,11,29
1963,65.0,19,4,10,26
1964,99.0,20,4,16,44
1965,92.0,21,4,15,40
1966,107.0,22,4,17,49
1967,83.0,23,4,13,36
1968,104.0,0,5,17,47
1969,54.0,1,5,8,21
1970,102.0,2,5,16,46
1971,105.0,3,5,17,48
1972,79.0,4,5,12,33
1973,103.0,5,5,16,46
1974,102.0,6,5,16,46
1975,102.0,7,5,16,46
1976,109.0,8,5,18,50
1977,78.0,9,5,12,33
1978,79.0,10,5,12,33
1979,79.0,11,5,12,33
1980,57.0,12,5,8,22
1981,66.0,13,5,10,27
1982,97.0,14,5,15,43
1983,103.0,15,5,16,46
1984,103.0,16,5,16,46
1985,112.0,17,5,18,52
1986,61.0,18,5,9,24
1987,81.0,19,5,13,34
1988,97.0,20,5,15,43
1989,147.0,21,5,24,73
1990,139.0,22,5,23,68
1991,109.0,23,5,18,50
1992,107.0,0,6,17,49
1993,101.0,1,6,16,45
1994,108.0,2,6,17,49
1995,81.0,3,6,13,34
1996,141.0,4,6,23,69
1997,101.0,5,6,16,45
1998,97.0,6,6,15,43
1999,114.0,7,6,18,53
2000,107.0,8,6,17,49
2001,131.0,9,6,21,63
2002,94.0,10,6,15,41
2003,107.0,11,6,17,49
2004,112.0,12,6,18,52
2005,87.0,13,6,14,38
2006,124.0,14,6,20,59
2007,87.0,15,6,14,38
2008,97.0,16,6,15,43
2009,128.0,17,6,21,61
2010,135.0,18,6,22,65
2011,125.0,19,6,20,59
2012,112.0,20,6,18,52
2013,158.0,21,6,26,80
2014,124.0,22,6,20,59
2015,111.0,23,6,18,51
2016,134.0,0,0,22,65
2017,141.0,1,0,23,69
2018,143.0,2,0,23,70
2019,148.0,3,0,24,73
2020,138.0,4,0,22,67
2021,193.0,5,0,31,103
2022,163.0,6,0,26,83
2023,177.0,7,0,29,92
2024,167.0,8,0,27,86
2025,116.0,9,0,19,54
2026,111.0,10,0,18,51
2027,185.0,11,0,30,98
2028,166.0,12,0,27,85
2029,168.0,13,0,27,86
2030,150.0,14,0,24,75
2031,129.0,15,0,21,62
2032,135.0,16,0,22,65
2033,142.0,17,0,23,69
2034,123.0,18,0,20,58
2035,110.0,19,0,18,50
2036,164.0,20,0,27,84
2037,207.0,21,0,33,113
2038,134.0,22,0,22,65
2039,125.0,23,0,20,59
2040,134.0,0,1,22,65
2041,141.0,1,1,23,69
2042,203.0,2,1,32,110
2043,169.0,3,1,27,87
2044,215.0,4,1,34,119
2045,194.0,5,1,31,104
2046,194.0,6,1,31,104
2047,207.0,7,1,33,113
2048,181.0,8,1,29,95
2049,143.0,9,1,23,70
2050,159.0,10,1,26,80
2051,120.0,11,1,19,56
2052,162.0,12,1,26,82
2053,189.0,13,1,30,101
2054,124.0,14,1,20,59
2055,144.0,15,1,23,71
2056,133.0,16,1,22,64
2057,145.0,17,1,24,71
2058,122.0,18,1,20,57
2059,123.0,19,1,20,58
2060,145.0,20,1,24,71
2061,156.0,21,1,25,78
2062,173.0,22,1,28,90
2063,165.0,23,1,27,84
2064,169.0,0,2,27,87
2065,145.0,1,2,24,71
2066,139.0,2,2,23,68
2067,193.0,3,2,31,103
2068,182.0,4,2,29,96
2069,219.0,5,2,35,122
2070,191.0,6,2,31,102
2071,184.0,7,2,30,97
2072,214.0,8,2,34,118
2073,205.0,9,2,33,112
2074,189.0,10,2,30,101
2075,141.0,11,2,23,69
2076,150.0,12,2,24,75
2077,144.0,13,2,23,71
2078,204.0,14,2,33,111
2079,201.0,15,2,32,109
2080,163.0,16,2,26,83
2081,186.0,17,2,30,98
2082,155.0,18,2,25,78
2083,172.0,19,2,28,89
2084,227.0,20,2,36,128
2085,178.0,21,2,29,93
2086,152.0,22,2,25,76
2087,198.0,23,2,32,107
2088,180.0,0,3,29,94
2089,148.0,1,3,24,73
2090,185.0,2,3,30,98
2091,147.0,3,3,24,73
2092,121.0,4,3,20,57
2093,167.0,5,3,27,86
2094,215.0,6,3,34,119
2095,143.0,7,3,23,70
2096,170.0,8,3,28,88
2097,160.0,9,3,26,81
2098,164.0,10,3,27,84
2099,180.0,11,3,29,94
2100,172.0,12,3,28,89
2101,191.0,13,3,31,102
2102,202.0,14,3,32,110
2103,166.0,15,3,27,85
2104,176.0,16,3,28,92
2105,187.0,17,3,30,99
2106,178.0,18,3,29,93
2107,169.0,19,3,27,87
2108,190.0,20,3,31,101
2109,168.0,21,3,27,86
2110,166.0,22,3,27,85
2111,190.0,23,3,31,101
2112,218.0,0,4,35,121
2113,178.0,1,4,29,93
2114,219.0,2,4,35,122
2115,183.0,3,4,30,96
2116,233.0,4,4,37,133
2117,167.0,5,4,27,86
2118,156.0,6,4,25,78
2119,166.0,7,4,27,85
2120,189.0,8,4,30,101
2121,201.0,9,4,32,109
2122,204.0,10,4,33,111
2123,161.0,11,4,26,82
2124,212.0,12,4,34,117
2125,174.0,13,4,28,90
2126,186.0,14,4,30,98
2127,174.0,15,4,28,90
2128,184.0,16,4,30,97
2129,213.0,17,4,34,118
2130,143.0,18,4,23,70
2131,147.0,19,4,24,73
2132,230.0,20,4,36,130
2133,243.0,21,4,38,140
2134,250.0,22,4,39,146
2135,238.0,23,4,37,137
2136,243.0,0,5,38,140
2137,227.0,1,5,36,128
2138,237.0,2,5,37,136
2139,187.0,3,5,30,99
2140,185.0,4,5,30,98
2141,261.0,5,5,40,155
2142,268.0,6,5,41,161
2143,174.0,7,5,28,90
2144,219.0,8,5,35,122
2145,197.0,9,5,32,106
2146,214.0,10,5,34,118
2147,232.0,11,5,37,132
2148,158.0,12,5,26,80
2149,175.0,13,5,28,91
2150,146.0,14,5,24,72
2151,144.0,15,5,23,71
2152,153.0,16,5,25,76
2153,176.0,17,5,28,92
2154,181.0,18,5,29,95
2155,167.0,19,5,27,86
2156,167.0,20,5,27,86
2157,171.0,21,5,28,88
2158,244.0,22,5,38,141
2159,172.0,23,5,28,89
2160,183.0,0,6,30,96
2161,174.0,1,6,28,90
2162,206.0,2,6,33,113
2163,164.0,3,6,27,84
2164,171.0,4,6,28,88
2165,207.0,5,6,33,113
2166,164.0,6,6,27,84
2167,204.0,7,6,33,111
2168,204.0,8,6,33,111
2169,168.0,9,6,27,86
2170,202.0,10,6,32,110
2171,170.0,11,6,28,88
2172,178.0,12,6,29,93
2173,188.0,13,6,30,100
2174,208.0,14,6,33,114
2175,237.0,15,6,37,136
2176,167.0,16,6,27,86
2177,195.0,17,6,31,105
2178,223.0,18,6,35,125
2179,194.0,19,6,31,104
2180,224.0,20,6,35,126
2181,214.0,21,6,34,118
2182,233.0,22,6,37,133
2183,176.0,23,6,28,92
2184,237.0,0,0,37,136
2185,216.0,1,0,34,120
2186,240.0,2,0,38,138
2187,232.0,3,0,37,132
2188,213.0,4,0,34,118
2189,247.0,5,0,39,144
2190,253.0,6,0,39,148
2191,213.0,7,0,34,118
2192,178.0,8,0,29,93
2193,219.0,9,0,35,122
2194,161.0,10,0,26,82
2195,146.0,11,0,24,72
2196,185.0,12,0,30,98
2197,187.0,13,0,30,99
2198,174.0,14,0,28,90
2199,181.0,15,0,29,95
2200,148.0,16,0,24,73
2201,186.0,17,0,30,98
2202,185.0,18,0,30,98
2203,189.0,19,0,30,101
2204,141.0,20,0,23,69
2205,155.0,21,0,25,78
2206,83.0,22,0,13,36
2207,185.0,23,0,30,98
2208,184.0,0,1,30,97
2209,139.0,1,1,23,68
2210,151.0,2,1,25,75
2211,171.0,3,1,28,88
2212,148.0,4,1,24,73
2213,152.0,5,1,25,76
2214,171.0,6,1,28,88
2215,161.0,7,1,26,82
2216,141.0,8,1,23,69
2217,147.0,9,1,24,73
2218,163.0,10,1,26,83
2219,155.0,11,1,25,78
2220,190.0,12,1,31,101
2221,148.0,13,1,24,73
2222,148.0,14,1,24,73
2223,172.0,15,1,28,89
2224,167.0,16,1,27,86
2225,208.0,17,1,33,114
2226,163.0,18,1,26,83
2227,166.0,19,1,27,85
2228,171.0,20,1,28,88
2229,220.0,21,1,35,123
2230,238.0,22,1,37,137
2231,223.0,23,1,35,125
2232,232.0,0,2,37,132
2233,233.0,1,2,37,133
2234,215.0,2,2,34,119
2235,172.0,3,2,28,89
2236,181.0,4,2,29,95
2237,220.0,5,2,35,123
2238,168.0,6,2,27,86
2239,187.0,7,2,30,99
2240,208.0,8,2,33,114
2241,189.0,9,2,30,101
2242,267.0,10,2,41,160
2243,265.0,11,2,41,158
2244,274.0,12,2,42,166
2245,289.0,13,2,44,178
2246,218.0,14,2,35,121
2247,205.0,15,2,33,112
2248,187.0,16,2,30,99
2249,173.0,17,2,28,90
2250,184.0,18,2,30,97
2251,258.0,19,2,40,152
2252,190.0,20,2,31,101
2253,128.0,21,2,21,61
2254,160.0,22,2,26,81
2255,178.0,23,2,29,93
2256,210.0,0,3,33,115
2257,153.0,1,3,25,76
2258,178.0,2,3,29,93
2259,155.0,3,3,25,78
2260,170.0,4,3,28,88
2261,168.0,5,3,27,86
2262,145.0,6,3,24,71
2263,148.0,7,3,24,73
2264,172.0,8,3,28,89
2265,138.0,9,3,22,67
2266,112.0,10,3,18,52
2267,147.0,11,3,24,73
2268,164.0,12,3,27,84
2269,140.0,13,3,23,68
2270,145.0,14,3,24,71
2271,146.0,15,3,24,72
2272,174.0,16,3,28,90
2273,219.0,17,3,35,122
2274,204.0,18,3,33,111
2275,182.0,19,3,29,96
2276,192.0,20,3,31,103
2277,225.0,21,3,36,127
2278,189.0,22,3,30,101
2279,216.0,23,3,34,120
2280,218.0,0,4,35,121
2281,208.0,1,4,33,114
2282,219.0,2,4,35,122
2283,254.0,3,4,39,149
2284,277.0,4,4,42,168
2285,231.0,5,4,36,131
2286,236.0,6,4,37,135
2287,204.0,7,4,33,111
2288,243.0,8,4,38,140
2289,234.0,9,4,37,133
2290,253.0,10,4,39,148
2291,211.0,11,4,34,116
2292,229.0,12,4,36,130
2293,198.0,13,4,32,107
2294,176.0,14,4,28,92
2295,166.0,15,4,27,85
2296,222.0,16,4,35,124
2297,208.0,17,4,33,114
2298,197.0,18,4,32,106
2299,244.0,19,4,38,141
2300,163.0,20,4,26,83
2301,194.0,21,4,31,104
2302,188.0,22,4,30,100
2303,205.0,23,4,33,112
2304,176.0,0,5,28,92
2305,182.0,1,5,29,96
2306,206.0,2,5,33,113
2307,222.0,3,5,35,124
2308,181.0,4,5,29,95
2309,204.0,5,5,33,111
2310,191.0,6,5,31,102
2311,149.0,7,5,24,74
2312,172.0,8,5,28,89
2313,155.0,9,5,25,78
2314,164.0,10,5,27,84
2315,174.0,11,5,28,90
2316,185.0,12,5,30,98
2317,161.0,13,5,26,82
2318,173.0,14,5,28,90
2319,213.0,15,5,34,118
2320,171.0,16,5,28,88
2321,153.0,17,5,25,76
2322,188.0,18,5,30,100
2323,188.0,19,5,30,100
2324,151.0,20,5,25,75
2325,159.0,21,5,26,80
2326,180.0,22,5,29,94
2327,138.0,23,5,22,67
2328,151.0,0,6,25,75
2329,159.0,1,6,26,80
2330,173.0,2,6,28,90
2331,161.0,3,6,26,82
2332,173.0,4,6,28,90
2333,222.0,5,6,35,124
2334,148.0,6,6,24,73
2335,159.0,7,6,26,80
2336,153.0,8,6,25,76
2337,203.0,9,6,32,110
2338,205.0,10,6,33,112
2339,204.0,11,6,33,111
2340,180.0,12,6,29,94
2341,211.0,13,6,34,116
2342,159.0,14,6,26,80
2343,212.0,15,6,34,117
2344,193.0,16,6,31,103
2345,196.0,17,6,31,105
2346,204.0,18,6,33,111
2347,144.0,19,6,23,71
2348,209.0,20,6,33,115
2349,176.0,21,6,28,92
2350,152.0,22,6,25,76
2351,271.0,23,6,42,163
2352,210.0,0,0,33,115
2353,216.0,1,0,34,120
2354,214.0,2,0,34,118
2355,230.0,3,0,36,130
2356,174.0,4,0,28,90
2357,194.0,5,0,31,104
2358,159.0,6,0,26,80
2359,176.0,7,0,28,92
2360,165.0,8,0,27,84
2361,211.0,9,0,34,116
2362,180.0,10,0,29,94
2363,219.0,11,0,35,122
2364,175.0,12,0,28,91
2365,154.0,13,0,25,77
2366,182.0,14,0,29,96
2367,223.0,15,0,35,125
2368,174.0,16,0,28,90
2369,171.0,17,0,28,88
2370,208.0,18,0,33,114
2371,152.0,19,0,25,76
2372,196.0,20,0,31,105
2373,215.0,21,0,34,119
2374,185.0,22,0,30,98
2375,276.0,23,0,42,167
2376,219.0,0,1,35,122
2377,247.0,1,1,39,144
2378,243.0,2,1,38,140
2379,271.0,3,1,42,163
2380,257.0,4,1,40,152
2381,212.0,5,1,34,117
2382,208.0,6,1,33,114
2383,213.0,7,1,34,118
2384,186.0,8,1,30,98
2385,184.0,9,1,30,97
2386,197.0,10,1,32,106
2387,174.0,11,1,28,90
2388,169.0,12,1,27,87
2389,222.0,13,1,35,124
2390,186.0,14,1,30,98
2391,217.0,15,1,34,121
2392,201.0,16,1,32,109
2393,152.0,17,1,25,76
2394,146.0,18,1,24,72
2395,135.0,19,1,22,65
2396,165.0,20,1,27,84
2397,168.0,21,1,27,86
2398,162.0,22,1,26,82
2399,160.0,23,1,26,81
2400,165.0,0,2,27,84
2401,156.0,1,2,25,78
2402,116.0,2,2,19,54
2403,144.0,3,2,23,71
2404,176.0,4,2,28,92
2405,125.0,5,2,20,59
2406,127.0,6,2,21,60
2407,138.0,7,2,22,67
2408,217.0,8,2,34,121
2409,231.0,9,2,36,131
2410,191.0,10,2,31,102
2411,182.0,11,2,29,96
2412,240.0,12,2,38,138
2413,195.0,13,2,31,105
2414,219.0,14,2,35,122
2415,162.0,15,2,26,82
2416,126.0,16,2,20,60
2417,118.0,17,2,19,55
2418,160.0,18,2,26,81
2419,148.0,19,2,24,73
2420,188.0,20,2,30,100
2421,219.0,21,2,35,122
2422,215.0,22,2,34,119
2423,228.0,23,2,36,129
2424,168.0,0,3,27,86
2425,181.0,1,3,29,95
2426,248.0,2,3,39,144
2427,204.0,3,3,33,111
2428,206.0,4,3,33,113
2429,184.0,5,3,30,97
2430,196.0,6,3,31,105
2431,172.0,7,3,28,89
2432,172.0,8,3,28,89
2433,163.0,9,3,26,83
2434,147.0,10,3,24,73
2435,139.0,11,3,23,68
2436,146.0,12,3,24,72
2437,167.0,13,3,27,86
2438,187.0,14,3,30,99
2439,224.0,15,3,35,126
2440,188.0,16,3,30,100
2441,171.0,17,3,28,88
2442,167.0,18,3,27,86
2443,166.0,19,3,27,85
2444,150.0,20,3,24,75
2445,171.0,21,3,28,88
2446,195.0,22,3,31,105
2447,184.0,23,3,30,97
2448,200.0,0,4,32,108
2449,169.0,1,4,27,87
2450,191.0,2,4,31,102
2451,156.0,3,4,25,78
2452,216.0,4,4,34,120
2453,192.0,5,4,31,103
2454,170.0,6,4,28,88
2455,130.0,7,4,21,62
2456,132.0,8,4,21,63
2457,174.0,9,4,28,90
2458,164.0,10,4,27,84
2459,177.0,11,4,29,92
2460,196.0,12,4,31,105
2461,166.0,13,4,27,85
2462,173.0,14,4,28,90
2463,218.0,15,4,35,121
2464,193.0,16,4,31,103
2465,166.0,17,4,27,85
2466,159.0,18,4,26,80
2467,156.0,19,4,25,78
2468,176.0,20,4,28,92
2469,155.0,21,4,25,78
2470,130.0,22,4,21,62
2471,156.0,23,4,25,78
2472,130.0,0,5,21,62
2473,166.0,1,5,27,85
2474,178.0,2,5,29,93
2475,197.0,3,5,32,106
2476,161.0,4,5,26,82
2477,224.0,5,5,35,126
2478,178.0,6,5,29,93
2479,173.0,7,5,28,90
2480,170.0,8,5,28,88
2481,194.0,9,5,31,104
2482,166.0,10,5,27,85
2483,192.0,11,5,31,103
2484,186.0,12,5,30,98
2485,200.0,13,5,32,108
2486,197.0,14,5,32,106
2487,168.0,15,5,27,86
2488,120.0,16,5,19,56
2489,155.0,17,5,25,78
2490,208.0,18,5,33,114
2491,252.0,19,5,39,148
2492,215.0,20,5,34,119
2493,207.0,21,5,33,113
2494,195.0,22,5,31,105
2495,189.0,23,5,30,101
2496,149.0,0,6,24,74
2497,204.0,1,6,33,111
2498,191.0,2,6,31,102
2499,205.0,3,6,33,112
2500,188.0,4,6,30,100
2501,176.0,5,6,28,92
2502,140.0,6,6,23,68
2503,139.0,7,6,23,68
2504,144.0,8,6,23,71
2505,164.0,9,6,27,84
2506,124.0,10,6,20,59
2507,123.0,11,6,20,58
2508,193.0,12,6,31,103
2509,197.0,13,6,32,106
2510,188.0,14,6,30,100
2511,205.0,15,6,33,112
2512,202.0,16,6,32,110
2513,206.0,17,6,33,113
2514,195.0,18,6,31,105
2515,176.0,19,6,28,92
2516,131.0,20,6,21,63
2517,142.0,21,6,23,69
2518,145.0,22,6,24,71
2519,190.0,23,6,31,101
2520,162.0,0,0,26,82
2521,185.0,1,0,30,98
2522,183.0,2,0,30,96
2523,127.0,3,0,21,60
2524,126.0,4,0,20,60
2525,148.0,5,0,24,73
2526,170.0,6,0,28,88
2527,149.0,7,0,24,74
2528,180.0,8,0,29,94
2529,147.0,9,0,24,73
2530,198.0,10,0,32,107
2531,209.0,11,0,33,115
2532,180.0,12,0,29,94
2533,198.0,13,0,32,107
2534,177.0,14,0,29,92
2535,204.0,15,0,33,111
2536,207.0,16,0,33,113
2537,210.0,17,0,33,115
2538,133.0,18,0,22,64
2539,227.0,19,0,36,128
2540,197.0,20,0,32,106
2541,147.0,21,0,24,73
2542,148.0,22,0,24,73
2543,132.0,23,0,21,63
2544,165.0,0,1,27,84
2545,204.0,1,1,33,111
2546,138.0,2,1,22,67
2547,162.0,3,1,26,82
2548,161.0,4,1,26,82
2549,152.0,5,1,25,76
2550,145.0,6,1,24,71
2551,171.0,7,1,28,88
2552,194.0,8,1,31,104
2553,167.0,9,1,27,86
2554,156.0,10,1,25,78
2555,143.0,11,1,23,70
2556,163.0,12,1,26,83
2557,142.0,13,1,23,69
2558,182.0,14,1,29,96
2559,158.0,15,1,26,80
2560,139.0,16,1,23,68
2561,152.0,17,1,25,76
2562,193.0,18,1,31,103
2563,155.0,19,1,25,78
2564,170.0,20,1,28,88
2565,160.0,21,1,26,81
2566,146.0,22,1,24,72
2567,134.0,23,1,22,65
2568,136.0,0,2,22,66
2569,163.0,1,2,26,83
2570,161.0,2,2,26,82
2571,150.0,3,2,24,75
2572,139.0,4,2,23,68
2573,131.0,5,2,21,63
2574,152.0,6,2,25,76
2575,163.0,7,2,26,83
2576,160.0,8,2,26,81
2577,139.0,9,2,23,68
2578,160.0,10,2,26,81
2579,140.0,11,2,23,68
2580,121.0,12,2,20,57
2581,154.0,13,2,25,77
2582,148.0,14,2,24,73
2583,138.0,15,2,22,67
2584,164.0,16,2,27,84
2585,174.0,17,2,28,90
2586,187.0,18,2,30,99
2587,158.0,19,2,26,80
2588,151.0,20,2,25,75
2589,106.0,21,2,17,48
2590,130.0,22,2,21,62
2591,142.0,23,2,23,69
2592,184.0,0,3,30,97
2593,170.0,1,3,28,88
2594,201.0,2,3,32,109
2595,145.0,3,3,24,71
2596,140.0,4,3,23,68
2597,162.0,5,3,26,82
2598,176.0,6,3,28,92
2599,202.0,7,3,32,110
2600,165.0,8,3,27,84
2601,160.0,9,3,26,81
2602,149.0,10,3,24,74
2603,125.0,11,3,20,59
2604,131.0,12,3,21,63
2605,148.0,13,3,24,73
2606,141.0,14,3,23,69
2607,153.0,15,3,25,76
2608,152.0,16,3,25,76
2609,153.0,17,3,25,76
2610,141.0,18,3,23,69
2611,155.0,19,3,25,78
2612,152.0,20,3,25,76
2613,172.0,21,3,28,89
2614,165.0,22,3,27,84
2615,155.0,23,3,25,78
2616,166.0,0,4,27,85
2617,197.0,1,4,32,106
2618,153.0,2,4,25,76
2619,138.0,3,4,22,67
2620,146.0,4,4,24,72
2621,151.0,5,4,25,75
2622,156.0,6,4,25,78
2623,131.0,7,4,21,63
2624,164.0,8,4,27,84
2625,155.0,9,4,25,78
2626,209.0,10,4,33,115
2627,217.0,11,4,34,121
2628,214.0,12,4,34,118
2629,204.0,13,4,33,111
2630,185.0,14,4,30,98
2631,191.0,15,4,31,102
2632,189.0,16,4,30,101
2633,189.0,17,4,30,101
2634,231.0,18,4,36,131
2635,169.0,19,4,27,87
2636,156.0,20,4,25,78
2637,191.0,21,4,31,102
2638,187.0,22,4,30,99
2639,168.0,23,4,27,86
2640,191.0,0,5,31,102
2641,165.0,1,5,27,84
2642,161.0,2,5,26,82
2643,144.0,3,5,23,71
2644,228.0,4,5,36,129
2645,200.0,5,5,32,108
2646,142.0,6,5,23,69
2647,154.0,7,5,25,77
2648,188.0,8,5,30,100
2649,229.0,9,5,36,130
2650,172.0,10,5,28,89
2651,186.0,11,5,30,98
2652,135.0,12,5,22,65
2653,185.0,13,5,30,98
2654,224.0,14,5,35,126
2655,202.0,15,5,32,110
2656,200.0,16,5,32,108
2657,200.0,17,5,32,108
2658,228.0,18,5,36,129
2659,194.0,19,5,31,104
2660,169.0,20,5,27,87
2661,152.0,21,5,25,76
2662,148.0,22,5,24,73
2663,167.0,23,5,27,86
2664,133.0,0,6,22,64
2665,158.0,1,6,26,80
2666,191.0,2,6,31,102
2667,155.0,3,6,25,78
2668,139.0,4,6,23,68
2669,158.0,5,6,26,80
2670,193.0,6,6,31,103
2671,162.0,7,6,26,82
2672,129.0,8,6,21,62
2673,87.0,9,6,14,38
2674,120.0,10,6,19,56
2675,127.0,11,6,21,60
2676,155.0,12,6,25,78
2677,171.0,13,6,28,88
2678,143.0,14,6,23,70
2679,140.0,15,6,23,68
2680,207.0,16,6,33,113
2681,227.0,17,6,36,128
2682,218.0,18,6,35,121
2683,132.0,19,6,21,63
2684,147.0,20,6,24,73
2685,187.0,21,6,30,99
2686,197.0,22,6,32,106
2687,193.0,23,6,31,103
2688,173.0,0,0,28,90
2689,145.0,1,0,24,71
2690,185.0,2,0,30,98
2691,163.0,3,0,26,83
2692,190.0,4,0,31,101
2693,146.0,5,0,24,72
2694,163.0,6,0,26,83
2695,212.0,7,0,34,117
2696,213.0,8,0,34,118
2697,176.0,9,0,28,92
2698,156.0,10,0,25,78
2699,125.0,11,0,20,59
2700,146.0,12,0,24,72
2701,204.0,13,0,33,111
2702,184.0,14,0,30,97
2703,169.0,15,0,27,87
2704,189.0,16,0,30,101
2705,153.0,17,0,25,76
2706,123.0,18,0,20,58
2707,178.0,19,0,29,93
2708,232.0,20,0,37,132
2709,235.0,21,0,37,134
2710,210.0,22,0,33,115
2711,195.0,23,0,31,105
2712,190.0,0,1,31,101
2713,210.0,1,1,33,115
2714,166.0,2,1,27,85
2715,180.0,3,1,29,94
2716,155.0,4,1,25,78
2717,224.0,5,1,35,126
2718,195.0,6,1,31,105
2719,169.0,7,1,27,87
2720,160.0,8,1,26,81
2721,166.0,9,1,27,85
2722,133.0,10,1,22,64
2723,141.0,11,1,23,69
2724,144.0,12,1,23,71
2725,175.0,13,1,28,91
2726,127.0,14,1,21,60
2727,170.0,15,1,28,88
2728,182.0,16,1,29,96
2729,158.0,17,1,26,80
2730,142.0,18,1,23,69
2731,159.0,19,1,26,80
2732,168.0,20,1,27,86
2733,149.0,21,1,24,74
2734,138.0,22,1,22,67
2735,147.0,23,1,24,73
2736,142.0,0,2,23,69
2737,113.0,1,2,18,52
2738,156.0,2,2,25,78
2739,151.0,3,2,25,75
2740,127.0,4,2,21,60
2741,129.0,5,2,21,62
2742,143.0,6,2,23,70
2743,124.0,7,2,20,59
2744,131.0,8,2,21,63
2745,143.0,9,2,23,70
2746,156.0,10,2,25,78
2747,162.0,11,2,26,82
2748,143.0,12,2,23,70
2749,187.0,13,2,30,99
2750,151.0,14,2,25,75
2751,153.0,15,2,25,76
2752,184.0,16,2,30,97
2753,171.0,17,2,28,88
2754,114.0,18,2,18,53
2755,113.0,19,2,18,52
2756,141.0,20,2,23,69
2757,145.0,21,2,24,71
2758,224.0,22,2,35,126
2759,195.0,23,2,31,105
2760,192.0,0,3,31,103
2761,165.0,1,3,27,84
2762,224.0,2,3,35,126
2763,145.0,3,3,24,71
2764,177.0,4,3,29,92
2765,239.0,5,3,37,137
2766,177.0,6,3,29,92
2767,176.0,7,3,28,92
2768,185.0,8,3,30,98
2769,180.0,9,3,29,94
2770,213.0,10,3,34,118
2771,207.0,11,3,33,113
2772,184.0,12,3,30,97
2773,167.0,13,3,27,86
2774,223.0,14,3,35,125
2775,197.0,15,3,32,106
2776,228.0,16,3,36,129
2777,187.0,17,3,30,99
2778,156.0,18,3,25,78
2779,162.0,19,3,26,82
2780,187.0,20,3,30,99
2781,201.0,21,3,32,109
2782,200.0,22,3,32,108
2783,220.0,23,3,35,123
2784,171.0,0,4,28,88
2785,140.0,1,4,23,68
2786,140.0,2,4,23,68
2787,150.0,3,4,24,75
2788,111.0,4,4,18,51
2789,205.0,5,4,33,112
2790,131.0,6,4,21,63
2791,174.0,7,4,28,90
2792,159.0,8,4,26,80
2793,172.0,9,4,28,89
2794,182.0,10,4,29,96
2795,218.0,11,4,35,121
2796,145.0,12,4,24,71
2797,126.0,13,4,20,60
2798,133.0,14,4,22,64
2799,146.0,15,4,24,72
2800,129.0,16,4,21,62
2801,125.0,17,4,20,59
2802,158.0,18,4,26,80
2803,153.0,19,4,25,76
2804,130.0,20,4,21,62
2805,133.0,21,4,22,64
2806,120.0,22,4,19,56
2807,121.0,23,4,20,57
2808,144.0,0,5,23,71
2809,156.0,1,5,25,78
2810,121.0,2,5,20,57
2811,140.0,3,5,23,68
2812,125.0,4,5,20,59
2813,177.0,5,5,29,92
2814,139.0,6,5,23,68
2815,152.0,7,5,25,76
2816,166.0,8,5,27,85
2817,134.0,9,5,22,65
2818,152.0,10,5,25,76
2819,102.0,11,5,16,46
2820,127.0,12,5,21,60
2821,142.0,13,5,23,69
2822,172.0,14,5,28,89
2823,126.0,15,5,20,60
2824,133.0,16,5,22,64
2825,140.0,17,5,23,68
2826,144.0,18,5,23,71
2827,182.0,19,5,29,96
2828,146.0,20,5,24,72
2829,116.0,21,5,19,54
2830,148.0,22,5,24,73
2831,148.0,23,5,24,73
2832,162.0,0,6,26,82
2833,149.0,1,6,24,74
2834,174.0,2,6,28,90
2835,165.0,3,6,27,84
2836,160.0,4,6,26,81
2837,166.0,5,6,27,85
2838,180.0,6,6,29,94
2839,146.0,7,6,24,72
2840,124.0,8,6,20,59
2841,138.0,9,6,22,67
2842,148.0,10,6,24,73
2843,146.0,11,6,24,72
2844,183.0,12,6,30,96
2845,158.0,13,6,26,80
2846,140.0,14,6,23,68
2847,129.0,15,6,21,62
2848,107.0,16,6,17,49
2849,132.0,17,6,21,63
2850,130.0,18,6,21,62
2851,126.0,19,6,20,60
2852,164.0,20,6,27,84
2853,111.0,21,6,18,51
2854,87.0,22,6,14,38
2855,114.0,23,6,18,53
2856,110.0,0,0,18,50
2857,113.0,1,0,18,52
2858,100.0,2,0,16,45
2859,113.0,3,0,18,52
2860,120.0,4,0,19,56
2861,109.0,5,0,18,50
2862,103.0,6,0,16,46
2863,86.0,7,0,13,37
2864,125.0,8,0,20,59
2865,131.0,9,0,21,63
2866,114.0,10,0,18,53
2867,90.0,11,0,14,39
2868,126.0,12,0,20,60
2869,101.0,13,0,16,45
2870,93.0,14,0,15,41
2871,78.0,15,0,12,33
2872,92.0,16,0,15,40
2873,111.0,17,0,18,51
2874,83.0,18,0,13,36
2875,92.0,19,0,15,40
2876,118.0,20,0,19,55
2877,99.0,21,0,16,44
2878,108.0,22,0,17,49
2879,124.0,23,0,20,59
2880,108.0,0,1,17,49
2881,91.0,1,1,14,40
2882,128.0,2,1,21,61
2883,93.0,3,1,15,41
2884,124.0,4,1,20,59
2885,117.0,5,1,19,54
2886,107.0,6,1,17,49
2887,98.0,7,1,16,44
2888,136.0,8,1,22,66
2889,158.0,9,1,26,80
2890,166.0,10,1,27,85
2891,153.0,11,1,25,76
2892,130.0,12,1,21,62
2893,136.0,13,1,22,66
2894,108.0,14,1,17,49
2895,105.0,15,1,17,48
2896,113.0,16,1,18,52
2897,98.0,17,1,16,44
2898,131.0,18,1,21,63
2899,119.0,19,1,19,56
2900,121.0,20,1,20,57
2901,111.0,21,1,18,51
2902,96.0,22,1,15,43
2903,106.0,23,1,17,48
2904,72.0,0,2,11,30
2905,86.0,1,2,13,37
2906,61.0,2,2,9,24
2907,61.0,3,2,9,24
2908,65.0,4,2,10,26
2909,64.0,5,2,9,26
2910,76.0,6,2,12,32
2911,83.0,7,2,13,36
2912,106.0,8,2,17,48
2913,78.0,9,2,12,33
2914,110.0,10,2,18,50
2915,76.0,11,2,12,32
2916,81.0,12,2,13,34
2917,76.0,13,2,12,32
2918,98.0,14,2,16,44
2919,102.0,15,2,16,46
2920,87.0,16,2,14,38
2921,88.0,17,2,14,38
2922,86.0,18,2,13,37
2923,88.0,19,2,14,38
2924,56.0,20,2,8,22
2925,66.0,21,2,10,27
2926,68.0,22,2,10,28
2927,71.0,23,2,11,29
2928,77.0,0,3,12,32
2929,84.0,1,3,13,36
2930,79.0,2,3,12,33
2931,77.0,3,3,12,32
2932,77.0,4,3,12,32
2933,75.0,5,3,11,31
2934,70.0,6,3,11,29
2935,97.0,7,3,15,43
2936,85.0,8,3,13,37
2937,68.0,9,3,10,28
2938,72.0,10,3,11,30
2939,63.0,11,3,9,25
2940,69.0,12,3,10,28
2941,76.0,13,3,12,32
2942,92.0,14,3,15,40
2943,82.0,15,3,13,35
2944,82.0,16,3,13,35
2945,81.0,17,3,13,34
2946,93.0,18,3,15,41
2947,104.0,19,3,17,47
2948,98.0,20,3,16,44
2949,87.0,21,3,14,38
2950,133.0,22,3,22,64
2951,87.0,23,3,14,38
2952,118.0,0,4,19,55
2953,86.0,1,4,13,37
2954,89.0,2,4,14,39
2955,64.0,3,4,9,26
2956,80.0,4,4,12,34
2957,135.0,5,4,22,65
2958,105.0,6,4,17,48
2959,71.0,7,4,11,29
2960,128.0,8,4,21,61
2961,94.0,9,4,15,41
2962,103.0,10,4,16,46
2963,121.0,11,4,20,57
2964,98.0,12,4,16,44
2965,109.0,13,4,18,50
2966,77.0,14,4,12,32
2967,76.0,15,4,12,32
2968,99.0,16,4,16,44
2969,58.0,17,4,8,23
2970,77.0,18,4,12,32
2971,58.0,19,4,8,23
2972,63.0,20,4,9,25
2973,46.0,21,4,6,17
2974,63.0,22,4,9,25
2975,52.0,23,4,7,20
2976,65.0,0,5,10,26
2977,45.0,1,5,6,17
2978,51.0,2,5,7,19
2979,63.0,3,5,9,25
2980,55.0,4,5,8,21
2981,47.0,5,5,6,18
2982,32.0,6,5,3,11
2983,44.0,7,5,6,16
2984,44.0,8,5,6,16
2985,36.0,9,5,4,12
2986,40.0,10,5,5,14
2987,35.0,11,5,4,12
2988,28.0,12,5,2,9
2989,45.0,13,5,6,17
2990,63.0,14,5,9,25
2991,33.0,15,5,3,11
2992,48.0,16,5,6,18
2993,34.0,17,5,4,12
2994,30.0,18,5,3,10
2995,38.0,19,5,4,13
2996,35.0,20,5,4,12
2997,34.0,21,5,4,12
2998,28.0,22,5,2,9
2999,37.0,23,5,4,13
3000,30.0,0,6,3,10
3001,37.0,1,6,4,13
3002,40.0,2,6,5,14
3003,16.0,3,6,1,4
3004,49.0,4,6,7,18
3005,32.0,5,6,3,11
3006,30.0,6,6,3,10
3007,43.0,7,6,5,16
3008,32.0,8,6,3,11
3009,47.0,9,6,6,18
3010,43.0,10,6,5,16
3011,24.0,11,6,2,7
3012,21.0,12,6,1,6
3013,30.0,13,6,3,10
3014,69.0,14,6,10,28
3015,25.0,15,6,2,8
3016,32.0,16,6,3,11
3017,29.0,17,6,3,9
3018,27.0,18,6,2,8
3019,39.0,19,6,5,14
3020,19.0,20,6,1,5
3021,26.0,21,6,2,8
3022,48.0,22,6,6,18
3023,51.0,23,6,7,19
3024,23.0,0,0,1,7
3025,22.0,1,0,1,6
3026,22.0,2,0,1,6
3027,29.0,3,0,3,9
3028,21.0,4,0,1,6
3029,48.0,5,0,6,18
3030,65.0,6,0,10,26
3031,30.0,7,0,3,10
3032,19.0,8,0,1,5
3033,22.0,9,0,1,6
3034,24.0,10,0,2,7
3035,21.0,11,0,1,6
3036,24.0,12,0,2,7
3037,24.0,13,0,2,7
3038,33.0,14,0,3,11
3039,46.0,15,0,6,17
3040,18.0,16,0,1,5
3041,18.0,17,0,1,5
3042,9.0,18,0,1,1
3043,17.0,19,0,1,4
3044,19.0,20,0,1,5
3045,30.0,21,0,3,10
3046,15.0,22,0,1,3
3047,22.0,23,0,1,6
3048,19.0,0,1,1,5
3049,21.0,1,1,1,6
3050,37.0,2,1,4,13
3051,22.0,3,1,1,6
3052,20.0,4,1,1,5
3053,16.0,5,1,1,4
3054,22.0,6,1,1,6
3055,26.0,7,1,2,8
3056,32.0,8,1,3,11
3057,18.0,9,1,1,5
3058,20.0,10,1,1,5
3059,16.0,11,1,1,4
3060,28.0,12,1,2,9
3061,19.0,13,1,1,5
3062,25.0,14,1,2,8
3063,28.0,15,1,2,9
3064,15.0,16,1,1,3
3065,9.0,17,1,1,1
3066,22.0,18,1,1,6
3067,10.0,19,1,1,1
3068,28.0,20,1,2,9
3069,28.0,21,1,2,9
3070,14.0,22,1,1,3
3071,28.0,23,1,2,9
3072,20.0,0,2,1,5
3073,17.0,1,2,1,4
3074,22.0,2,2,1,6
3075,15.0,3,2,1,3
3076,22.0,4,2,1,6
3077,16.0,5,2,1,4
3078,21.0,6,2,1,6
3079,12.0,7,2,1,2
3080,29.0,8,2,3,9
3081,41.0,9,2,5,15
3082,27.0,10,2,2,8
3083,26.0,11,2,2,8
3084,38.0,12,2,4,13
3085,15.0,13,2,1,3
3086,19.0,14,2,1,5
3087,30.0,15,2,3,10
3088,15.0,16,2,1,3
3089,18.0,17,2,1,5
3090,23.0,18,2,1,7
3091,14.0,19,2,1,3
3092,4.0,20,2,1,1
3093,20.0,21,2,1,5
3094,12.0,22,2,1,2
3095,18.0,23,2,1,5
3096,9.0,0,3,1,1
3097,21.0,1,3,1,6
3098,30.0,2,3,3,10
3099,18.0,3,3,1,5
3100,3.0,4,3,1,1
3101,19.0,5,3,1,5
3102,8.0,6,3,1,1
3103,16.0,7,3,1,4
3104,12.0,8,3,1,2
3105,27.0,9,3,2,8
3106,14.0,10,3,1,3
3107,22.0,11,3,1,6
3108,12.0,12,3,1,2
3109,13.0,13,3,1,2
3110,8.0,14,3,1,1
3111,14.0,15,3,1,3
3112,9.0,16,3,1,1
3113,13.0,17,3,1,2
3114,15.0,18,3,1,3
3115,7.0,19,3,1,1
3116,8.0,20,3,1,1
3117,13.0,21,3,1,2
3118,19.0,22,3,1,5
3119,13.0,23,3,1,2
3120,15.0,0,4,1,3
3121,15.0,1,4,1,3
3122,10.0,2,4,1,1
3123,12.0,3,4,1,2
3124,16.0,4,4,1,4
3125,9.0,5,4,1,1
3126,9.0,6,4,1,1
3127,7.0,7,4,1,1
3128,21.0,8,4,1,6
3129,12.0,9,4,1,2
3130,10.0,10,4,1,1
3131,12.0,11,4,1,2
3132,26.0,12,4,2,8
3133,19.0,13,4,1,5
3134,10.0,14,4,1,1
3135,12.0,15,4,1,2
3136,16.0,16,4,1,4
3137,6.0,17,4,1,1
3138,24.0,18,4,2,7
3139,9.0,19,4,1,1
3140,12.0,20,4,1,2
3141,7.0,21,4,1,1
3142,19.0,22,4,1,5
3143,27.0,23,4,2,8
3144,23.0,0,5,1,7
3145,10.0,1,5,1,1
3146,8.0,2,5,1,1
3147,2.0,3,5,1,1
3148,6.0,4,5,1,1
3149,9.0,5,5,1,1
3150,8.0,6,5,1,1
3151,10.0,7,5,1,1
3152,13.0,8,5,1,2
3153,5.0,9,5,1,1
3154,8.0,10,5,1,1
3155,9.0,11,5,1,1
3156,5.0,12,5,1,1
3157,9.0,13,5,1,1
3158,12.0,14,5,1,2
3159,10.0,15,5,1,1
3160,14.0,16,5,1,3
3161,6.0,17,5,1,1
3162,25.0,18,5,2,8
3163,8.0,19,5,1,1
3164,20.0,20,5,1,5
3165,10.0,21,5,1,1
3166,3.0,22,5,1,1
3167,2.0,23,5,1,1
3168,4.0,0,6,1,1
3169,9.0,1,6,1,1
3170,3.0,2,6,1,1
3171,8.0,3,6,1,1
3172,5.0,4,6,1,1
3173,3.0,5,6,1,1
3174,8.0,6,6,1,1
3175,6.0,7,6,1,1
3176,6.0,8,6,1,1
3177,8.0,9,6,1,1
3178,5.0,10,6,1,1
3179,7.0,11,6,1,1
3180,13.0,12,6,1,2
3181,10.0,13,6,1,1
3182,18.0,14,6,1,5
3183,10.0,15,6,1,1
3184,18.0,16,6,1,5
3185,12.0,17,6,1,2
3186,14.0,18,6,1,3
3187,7.0,19,6,1,1
3188,10.0,20,6,1,1
3189,7.0,21,6,1,1
3190,3.0,22,6,1,1
3191,2.0,23,6,1,1
3192,10.0,0,0,1,1
3193,9.0,1,0,1,1
3194,1.0,2,0,1,1
3195,8.0,3,0,1,1
3196,10.0,4,0,1,1
3197,15.0,5,0,1,3
3198,19.0,6,0,1,5
3199,26.0,7,0,2,8
3200,16.0,8,0,1,4
3201,15.0,9,0,1,3
3202,8.0,10,0,1,1
3203,16.0,11,0,1,4
3204,19.0,12,0,1,5
3205,10.0,13,0,1,1
3206,16.0,14,0,1,4
3207,26.0,15,0,2,8
3208,24.0,16,0,2,7
3209,16.0,17,0,1,4
3210,15.0,18,0,1,3
3211,17.0,19,0,1,4
3212,32.0,20,0,3,11
3213,9.0,21,0,1,1
3214,13.0,22,0,1,2
3215,14.0,23,0,1,3
3216,14.0,0,1,1,3
3217,25.0,1,1,2,8
3218,37.0,2,1,4,13
3219,23.0,3,1,1,7
3220,13.0,4,1,1,2
3221,30.0,5,1,3,10
3222,21.0,6,1,1,6
3223,34.0,7,1,4,12
3224,20.0,8,1,1,5
3225,21.0,9,1,1,6
3226,18.0,10,1,1,5
3227,19.0,11,1,1,5
3228,36.0,12,1,4,12
3229,27.0,13,1,2,8
3230,14.0,14,1,1,3
3231,32.0,15,1,3,11
3232,34.0,16,1,4,12
3233,21.0,17,1,1,6
3234,27.0,18,1,2,8
3235,32.0,19,1,3,11
3236,21.0,20,1,1,6
3237,27.0,21,1,2,8
3238,13.0,22,1,1,2
3239,45.0,23,1,6,17
3240,28.0,0,2,2,9
3241,24.0,1,2,2,7
3242,19.0,2,2,1,5
3243,38.0,3,2,4,13
3244,24.0,4,2,2,7
3245,20.0,5,2,1,5
3246,25.0,6,2,2,8
3247,15.0,7,2,1,3
3248,33.0,8,2,3,11
3249,34.0,9,2,4,12
3250,41.0,10,2,5,15
3251,33.0,11,2,3,11
3252,35.0,12,2,4,12
3253,67.0,13,2,10,27
3254,23.0,14,2,1,7
3255,42.0,15,2,5,15
3256,38.0,16,2,4,13
3257,14.0,17,2,1,3
3258,36.0,18,2,4,12
3259,44.0,19,2,6,16
3260,38.0,20,2,4,13
3261,39.0,21,2,5,14
3262,24.0,22,2,2,7
3263,37.0,23,2,4,13
3264,40.0,0,3,5,14
3265,34.0,1,3,4,12
3266,27.0,2,3,2,8
3267,40.0,3,3,5,14
3268,36.0,4,3,4,12
3269,10.0,5,3,1,1
3270,13.0,6,3,1,2
3271,7.0,7,3,1,1
3272,4.0,8,3,1,1
3273,5.0,9,3,1,1
3274,16.0,10,3,1,4
3275,9.0,11,3,1,1
3276,12.0,12,3,1,2
3277,7.0,13,3,1,1
3278,16.0,14,3,1,4
3279,19.0,15,3,1,5
3280,6.0,16,3,1,1
3281,10.0,17,3,1,1
3282,5.0,18,3,1,1
3283,2.0,19,3,1,1
3284,15.0,20,3,1,3
3285,19.0,21,3,1,5
3286,16.0,22,3,1,4
3287,8.0,23,3,1,1
3288,10.0,0,4,1,1
3289,5.0,1,4,1,1
3290,1.0,2,4,1,1
3291,7.0,3,4,1,1
3292,9.0,4,4,1,1
3293,12.0,5,4,1,2
3294,25.0,6,4,2,8
3295,18.0,7,4,1,5
3296,10.0,8,4,1,1
3297,13.0,9,4,1,2
3298,20.0,10,4,1,5
3299,7.0,11,4,1,1
3300,20.0,12,4,1,5
3301,24.0,13,4,2,7
3302,12.0,14,4,1,2
3303,13.0,15,4,1,2
3304,19.0,16,4,1,5
3305,15.0,17,4,1,3
3306,10.0,18,4,1,1
3307,16.0,19,4,1,4
3308,25.0,20,4,2,8
3309,16.0,21,4,1,4
3310,15.0,22,4,1,3
3311,15.0,23,4,1,3
3312,19.0,0,5,1,5
3313,19.0,1,5,1,5
3314,20.0,2,5,1,5
3315,18.0,3,5,1,5
3316,14.0,4,5,1,3
3317,8.0,5,5,1,1
3318,22.0,6,5,1,6
3319,21.0,7,5,1,6
3320,44.0,8,5,6,16
3321,32.0,9,5,3,11
3322,22.0,10,5,1,6
3323,22.0,11,5,1,6
3324,22.0,12,5,1,6
3325,15.0,13,5,1,3
3326,28.0,14,5,2,9
3327,50.0,15,5,7,19
3328,19.0,16,5,1,5
3329,17.0,17,5,1,4
3330,40.0,18,5,5,14
3331,35.0,19,5,4,12
3332,32.0,20,5,3,11
3333,32.0,21,5,3,11
3334,40.0,22,5,5,14
3335,36.0,23,5,4,12
3336,36.0,0,6,4,12
3337,24.0,1,6,2,7
3338,40.0,2,6,5,14
3339,30.0,3,6,3,10
3340,50.0,4,6,7,19
3341,37.0,5,6,4,13
3342,33.0,6,6,3,11
3343,29.0,7,6,3,9
3344,38.0,8,6,4,13
3345,40.0,9,6,5,14
3346,79.0,10,6,12,33
3347,75.0,11,6,11,31
3348,70.0,12,6,11,29
3349,36.0,13,6,4,12
3350,69.0,14,6,10,28
3351,61.0,15,6,9,24
3352,74.0,16,6,11,31
3353,63.0,17,6,9,25
3354,64.0,18,6,9,26
3355,105.0,19,6,17,48
3356,56.0,20,6,8,22
3357,79.0,21,6,12,33
3358,98.0,22,6,16,44
3359,90.0,23,6,14,39
3360,44.0,0,0,6,16
3361,79.0,1,0,12,33
3362,60.0,2,0,9,24
3363,70.0,3,0,11,29
3364,62.0,4,0,9,25
3365,66.0,5,0,10,27
3366,64.0,6,0,9,26
3367,78.0,7,0,12,33
3368,76.0,8,0,12,32
3369,74.0,9,0,11,31
3370,77.0,10,0,12,32
3371,82.0,11,0,13,35
3372,67.0,12,0,10,27
3373,104.0,13,0,17,47
3374,68.0,14,0,10,28
3375,86.0,15,0,13,37
3376,97.0,16,0,15,43
3377,88.0,17,0,14,38
3378,55.0,18,0,8,21
3379,78.0,19,0,12,33
3380,60.0,20,0,9,24
3381,56.0,21,0,8,22
3382,70.0,22,0,11,29
3383,65.0,23,0,10,26
3384,50.0,0,1,7,19
3385,44.0,1,1,6,16
3386,47.0,2,1,6,18
3387,42.0,3,1,5,15
3388,57.0,4,1,8,22
3389,49.0,5,1,7,18
3390,49.0,6,1,7,18
3391,47.0,7,1,6,18
3392,38.0,8,1,4,13
3393,66.0,9,1,10,27
3394,58.0,10,1,8,23
3395,47.0,11,1,6,18
3396,40.0,12,1,5,14
3397,50.0,13,1,7,19
3398,65.0,14,1,10,26
3399,75.0,15,1,11,31
3400,50.0,16,1,7,19
3401,81.0,17,1,13,34
3402,63.0,18,1,9,25
3403,63.0,19,1,9,25
3404,75.0,20,1,11,31
3405,47.0,21,1,6,18
3406,69.0,22,1,10,28
3407,75.0,23,1,11,31
3408,72.0,0,2,11,30
3409,79.0,1,2,12,33
3410,68.0,2,2,10,28
3411,84.0,3,2,13,36
3412,55.0,4,2,8,21
3413,76.0,5,2,12,32
3414,92.0,6,2,15,40
3415,119.0,7,2,19,56
3416,92.0,8,2,15,40
3417,61.0,9,2,9,24
3418,50.0,10,2,7,19
3419,76.0,11,2,12,32
3420,86.0,12,2,13,37
3421,150.0,13,2,24,75
3422,97.0,14,2,15,43
3423,116.0,15,2,19,54
3424,104.0,16,2,17,47
3425,143.0,17,2,23,70
3426,103.0,18,2,16,46
3427,129.0,19,2,21,62
3428,131.0,20,2,21,63
3429,116.0,21,2,19,54
3430,114.0,22,2,18,53
3431,148.0,23,2,24,73
3432,102.0,0,3,16,46
3433,71.0,1,3,11,29
3434,75.0,2,3,11,31
3435,69.0,3,3,10,28
3436,86.0,4,3,13,37
3437,56.0,5,3,8,22
3438,62.0,6,3,9,25
3439,59.0,7,3,8,23
3440,64.0,8,3,9,26
3441,82.0,9,3,13,35
3442,102.0,10,3,16,46
3443,103.0,11,3,16,46
3444,78.0,12,3,12,33
3445,79.0,13,3,12,33
3446,102.0,14,3,16,46
3447,118.0,15,3,19,55
3448,75.0,16,3,11,31
3449,66.0,17,3,10,27
3450,68.0,18,3,10,28
3451,82.0,19,3,13,35
3452,92.0,20,3,15,40
3453,93.0,21,3,15,41
3454,90.0,22,3,14,39
3455,94.0,23,3,15,41
3456,100.0,0,4,16,45
3457,105.0,1,4,17,48
3458,93.0,2,4,15,41
3459,84.0,3,4,13,36
3460,81.0,4,4,13,34
3461,77.0,5,4,12,32
3462,108.0,6,4,17,49
3463,99.0,7,4,16,44
3464,76.0,8,4,12,32
3465,97.0,9,4,15,43
3466,99.0,10,4,16,44
3467,81.0,11,4,13,34
3468,62.0,12,4,9,25
3469,101.0,13,4,16,45
3470,100.0,14,4,16,45
3471,156.0,15,4,25,78
3472,185.0,16,4,30,98
3473,133.0,17,4,22,64
3474,136.0,18,4,22,66
3475,89.0,19,4,14,39
3476,94.0,20,4,15,41
3477,91.0,21,4,14,40
3478,84.0,22,4,13,36
3479,93.0,23,4,15,41
3480,114.0,0,5,18,53
3481,92.0,1,5,15,40
3482,162.0,2,5,26,82
3483,142.0,3,5,23,69
3484,141.0,4,5,23,69
3485,185.0,5,5,30,98
3486,167.0,6,5,27,86
3487,119.0,7,5,19,56
3488,165.0,8,5,27,84
3489,171.0,9,5,28,88
3490,156.0,10,5,25,78
3491,134.0,11,5,22,65
3492,98.0,12,5,16,44
3493,126.0,13,5,20,60
3494,129.0,14,5,21,62
3495,132.0,15,5,21,63
3496,117.0,16,5,19,54
3497,104.0,17,5,17,47
3498,120.0,18,5,19,56
3499,110.0,19,5,18,50
3500,131.0,20,5,21,63
3501,105.0,21,5,17,48
3502,91.0,22,5,14,40
3503,90.0,23,5,14,39
3504,111.0,0,6,18,51
3505,113.0,1,6,18,52
3506,102.0,2,6,16,46
3507,108.0,3,6,17,49
3508,78.0,4,6,12,33
3509,108.0,5,6,17,49
3510,106.0,6,6,17,48
3511,112.0,7,6,18,52
3512,111.0,8,6,18,51
3513,87.0,9,6,14,38
3514,110.0,10,6,18,50
3515,116.0,11,6,19,54
3516,102.0,12,6,16,46
3517,102.0,13,6,16,46
3518,113.0,14,6,18,52
3519,136.0,15,6,22,66
3520,136.0,16,6,22,66
3521,104.0,17,6,17,47
3522,92.0,18,6,15,40
3523,153.0,19,6,25,76
3524,96.0,20,6,15,43
3525,135.0,21,6,22,65
3526,77.0,22,6,12,32
3527,91.0,23,6,14,40
3528,108.0,0,0,17,49
3529,90.0,1,0,14,39
3530,96.0,2,0,15,43
3531,110.0,3,0,18,50
3532,129.0,4,0,21,62
3533,114.0,5,0,18,53
3534,84.0,6,0,13,36
3535,112.0,7,0,18,52
3536,131.0,8,0,21,63
3537,98.0,9,0,16,44
3538,102.0,10,0,16,46
3539,105.0,11,0,17,48
3540,88.0,12,0,14,38
3541,143.0,13,0,23,70
3542,187.0,14,0,30,99
3543,165.0,15,0,27,84
3544,139.0,16,0,23,68
3545,156.0,17,0,25,78
3546,169.0,18,0,27,87
3547,132.0,19,0,21,63
3548,130.0,20,0,21,62
3549,135.0,21,0,22,65
3550,118.0,22,0,19,55
3551,135.0,23,0,22,65
3552,170.0,0,1,28,88
3553,162.0,1,1,26,82
3554,144.0,2,1,23,71
3555,114.0,3,1,18,53
3556,92.0,4,1,15,40
3557,108.0,5,1,17,49
3558,79.0,6,1,12,33
3559,108.0,7,1,17,49
3560,112.0,8,1,18,52
3561,127.0,9,1,21,60
3562,99.0,10,1,16,44
3563,100.0,11,1,16,45
3564,132.0,12,1,21,63
3565,124.0,13,1,20,59
3566,146.0,14,1,24,72
3567,163.0,15,1,26,83
3568,152.0,16,1,25,76
3569,154.0,17,1,25,77
3570,151.0,18,1,25,75
3571,156.0,19,1,25,78
3572,105.0,20,1,17,48
3573,98.0,21,1,16,44
3574,147.0,22,1,24,73
3575,132.0,23,1,21,63
3576,118.0,0,2,19,55
3577,111.0,1,2,18,51
3578,128.0,2,2,21,61
3579,139.0,3,2,23,68
3580,128.0,4,2,21,61
3581,100.0,5,2,16,45
3582,122.0,6,2,20,57
3583,117.0,7,2,19,54
3584,155.0,8,2,25,78
3585,103.0,9,2,16,46
3586,124.0,10,2,20,59
3587,127.0,11,2,21,60
3588,144.0,12,2,23,71
3589,185.0,13,2,30,98
3590,104.0,14,2,17,47
3591,163.0,15,2,26,83
3592,121.0,16,2,20,57
3593,130.0,17,2,21,62
3594,113.0,18,2,18,52
3595,98.0,19,2,16,44
3596,127.0,20,2,21,60
3597,112.0,21,2,18,52
3598,84.0,22,2,13,36
3599,147.0,23,2,24,73
3600,104.0,0,3,17,47
3601,113.0,1,3,18,52
3602,99.0,2,3,16,44
3603,94.0,3,3,15,41
3604,111.0,4,3,18,51
3605,150.0,5,3,24,75
3606,122.0,6,3,20,57
3607,110.0,7,3,18,50
3608,131.0,8,3,21,63
3609,129.0,9,3,21,62
3610,121.0,10,3,20,57
3611,147.0,11,3,24,73
3612,124.0,12,3,20,59
3613,172.0,13,3,28,89
3614,152.0,14,3,25,76
3615,121.0,15,3,20,57
3616,129.0,16,3,21,62
3617,149.0,17,3,24,74
3618,167.0,18,3,27,86
3619,145.0,19,3,24,71
3620,127.0,20,3,21,60
3621,141.0,21,3,23,69
3622,124.0,22,3,20,59
3623,114.0,23,3,18,53
3624,122.0,0,4,20,57
3625,134.0,1,4,22,65
3626,156.0,2,4,25,78
3627,158.0,3,4,26,80
3628,168.0,4,4,27,86
3629,138.0,5,4,22,67
3630,146.0,6,4,24,72
3631,193.0,7,4,31,103
3632,141.0,8,4,23,69
3633,130.0,9,4,21,62
3634,176.0,10,4,28,92
3635,145.0,11,4,24,71
3636,132.0,12,4,21,63
3637,168.0,13,4,27,86
3638,158.0,14,4,26,80
3639,152.0,15,4,25,76
3640,128.0,16,4,21,61
3641,112.0,17,4,18,52
3642,118.0,18,4,19,55
3643,143.0,19,4,23,70
3644,93.0,20,4,15,41
3645,102.0,21,4,16,46
3646,140.0,22,4,23,68
3647,122.0,23,4,20,57
3648,144.0,0,5,23,71
3649,94.0,1,5,15,41
3650,94.0,2,5,15,41
3651,148.0,3,5,24,73
3652,139.0,4,5,23,68
3653,134.0,5,5,22,65
3654,120.0,6,5,19,56
3655,114.0,7,5,18,53
3656,133.0,8,5,22,64
3657,113.0,9,5,18,52
3658,149.0,10,5,24,74
3659,119.0,11,5,19,56
3660,124.0,12,5,20,59
3661,104.0,13,5,17,47
3662,97.0,14,5,15,43
3663,85.0,15,5,13,37
3664,98.0,16,5,16,44
3665,131.0,17,5,21,63
3666,144.0,18,5,23,71
3667,152.0,19,5,25,76
3668,149.0,20,5,24,74
3669,146.0,21,5,24,72
3670,131.0,22,5,21,63
3671,112.0,23,5,18,52
3672,161.0,0,6,26,82
3673,172.0,1,6,28,89
3674,185.0,2,6,30,98
3675,161.0,3,6,26,82
3676,163.0,4,6,26,83
3677,177.0,5,6,29,92
3678,154.0,6,6,25,77
3679,144.0,7,6,23,71
3680,148.0,8,6,24,73
3681,104.0,9,6,17,47
3682,107.0,10,6,17,49
3683,92.0,11,6,15,40
3684,74.0,12,6,11,31
3685,75.0,13,6,11,31
3686,102.0,14,6,16,46
3687,109.0,15,6,18,50
3688,169.0,16,6,27,87
3689,143.0,17,6,23,70
3690,118.0,18,6,19,55
3691,89.0,19,6,14,39
3692,130.0,20,6,21,62
3693,127.0,21,6,21,60
3694,119.0,22,6,19,56
3695,118.0,23,6,19,55
3696,113.0,0,0,18,52
3697,120.0,1,0,19,56
3698,142.0,2,0,23,69
3699,119.0,3,0,19,56
3700,126.0,4,0,20,60
3701,91.0,5,0,14,40
3702,110.0,6,0,18,50
3703,111.0,7,0,18,51
3704,126.0,8,0,20,60
3705,133.0,9,0,22,64
3706,88.0,10,0,14,38
3707,142.0,11,0,23,69
3708,110.0,12,0,18,50
3709,112.0,13,0,18,52
3710,101.0,14,0,16,45
3711,103.0,15,0,16,46
3712,84.0,16,0,13,36
3713,117.0,17,0,19,54
3714,130.0,18,0,21,62
3715,164.0,19,0,27,84
3716,124.0,20,0,20,59
3717,147.0,21,0,24,73
3718,97.0,22,0,15,43
3719,108.0,23,0,17,49
3720,132.0,0,1,21,63
3721,138.0,1,1,22,67
3722,147.0,2,1,24,73
3723,177.0,3,1,29,92
3724,132.0,4,1,21,63
3725,110.0,5,1,18,50
3726,158.0,6,1,26,80
3727,127.0,7,1,21,60
3728,142.0,8,1,23,69
3729,133.0,9,1,22,64
3730,101.0,10,1,16,45
3731,193.0,11,1,31,103
3732,140.0,12,1,23,68
3733,142.0,13,1,23,69
3734,162.0,14,1,26,82
3735,131.0,15,1,21,63
3736,74.0,16,1,11,31
3737,124.0,17,1,20,59
3738,112.0,18,1,18,52
3739,86.0,19,1,13,37
3740,96.0,20,1,15,43
3741,121.0,21,1,20,57
3742,125.0,22,1,20,59
3743,86.0,23,1,13,37
3744,81.0,0,2,13,34
3745,99.0,1,2,16,44
3746,111.0,2,2,18,51
3747,107.0,3,2,17,49
3748,134.0,4,2,22,65
3749,140.0,5,2,23,68
3750,98.0,6,2,16,44
3751,134.0,7,2,22,65
3752,145.0,8,2,24,71
3753,153.0,9,2,25,76
3754,106.0,10,2,17,48
3755,105.0,11,2,17,48
3756,101.0,12,2,16,45
3757,101.0,13,2,16,45
3758,78.0,14,2,12,33
3759,139.0,15,2,23,68
3760,102.0,16,2,16,46
3761,109.0,17,2,18,50
3762,71.0,18,2,11,29
3763,83.0,19,2,13,36
3764,135.0,20,2,22,65
3765,87.0,21,2,14,38
3766,142.0,22,2,23,69
3767,113.0,23,2,18,52
3768,118.0,0,3,19,55
3769,98.0,1,3,16,44
3770,87.0,2,3,14,38
3771,88.0,3,3,14,38
3772,129.0,4,3,21,62
3773,127.0,5,3,21,60
3774,91.0,6,3,14,40
3775,80.0,7,3,12,34
3776,132.0,8,3,21,63
3777,92.0,9,3,15,40
3778,68.0,10,3,10,28
3779,97.0,11,3,15,43
3780,94.0,12,3,15,41
3781,132.0,13,3,21,63
3782,136.0,14,3,22,66
3783,129.0,15,3,21,62
3784,123.0,16,3,20,58
3785,122.0,17,3,20,57
3786,140.0,18,3,23,68
3787,144.0,19,3,23,71
3788,158.0,20,3,26,80
3789,154.0,21,3,25,77
3790,121.0,22,3,20,57
3791,150.0,23,3,24,75
3792,139.0,0,4,23,68
3793,178.0,1,4,29,93
3794,132.0,2,4,21,63
3795,91.0,3,4,14,40
3796,134.0,4,4,22,65
3797,110.0,5,4,18,50
3798,130.0,6,4,21,62
3799,129.0,7,4,21,62
3800,143.0,8,4,23,70
3801,123.0,9,4,20,58
3802,138.0,10,4,22,67
3803,120.0,11,4,19,56
3804,114.0,12,4,18,53
3805,94.0,13,4,15,41
3806,90.0,14,4,14,39
3807,121.0,15,4,20,57
3808,114.0,16,4,18,53
3809,120.0,17,4,19,56
3810,125.0,18,4,20,59
3811,135.0,19,4,22,65
3812,139.0,20,4,23,68
3813,124.0,21,4,20,59
3814,105.0,22,4,17,48
3815,69.0,23,4,10,28
3816,79.0,0,5,12,33
3817,117.0,1,5,19,54
3818,124.0,2,5,20,59
3819,129.0,3,5,21,62
3820,114.0,4,5,18,53
3821,102.0,5,5,16,46
3822,82.0,6,5,13,35
3823,113.0,7,5,18,52
3824,127.0,8,5,21,60
3825,96.0,9,5,15,43
3826,88.0,10,5,14,38
3827,97.0,11,5,15,43
3828,114.0,12,5,18,53
3829,104.0,13,5,17,47
3830,86.0,14,5,13,37
3831,77.0,15,5,12,32
3832,94.0,16,5,15,41
3833,106.0,17,5,17,48
3834,103.0,18,5,16,46
3835,87.0,19,5,14,38
3836,90.0,20,5,14,39
3837,105.0,21,5,17,48
3838,101.0,22,5,16,45
3839,107.0,23,5,17,49
3840,82.0,0,6,13,35
3841,109.0,1,6,18,50
3842,155.0,2,6,25,78
3843,118.0,3,6,19,55
3844,159.0,4,6,26,80
3845,89.0,5,6,14,39
3846,125.0,6,6,20,59
3847,132.0,7,6,21,63
3848,136.0,8,6,22,66
3849,162.0,9,6,26,82
3850,161.0,10,6,26,82
3851,167.0,11,6,27,86
3852,111.0,12,6,18,51
3853,133.0,13,6,22,64
3854,150.0,14,6,24,75
3855,184.0,15,6,30,97
3856,158.0,16,6,26,80
3857,134.0,17,6,22,65
3858,141.0,18,6,23,69
3859,135.0,19,6,22,65
3860,107.0,20,6,17,49
3861,117.0,21,6,19,54
3862,139.0,22,6,23,68
3863,135.0,23,6,22,65
3864,135.0,0,0,22,65
3865,88.0,1,0,14,38
3866,141.0,2,0,23,69
3867,120.0,3,0,19,56
3868,96.0,4,0,15,43
3869,127.0,5,0,21,60
3870,92.0,6,0,15,40
3871,104.0,7,0,17,47
3872,96.0,8,0,15,43
3873,132.0,9,0,21,63
3874,104.0,10,0,17,47
3875,121.0,11,0,20,57
3876,97.0,12,0,15,43
3877,114.0,13,0,18,53
3878,89.0,14,0,14,39
3879,96.0,15,0,15,43
3880,117.0,16,0,19,54
3881,94.0,17,0,15,41
3882,136.0,18,0,22,66
3883,132.0,19,0,21,63
3884,206.0,20,0,33,113
3885,133.0,21,0,22,64
3886,129.0,22,0,21,62
3887,117.0,23,0,19,54
3888,141.0,0,1,23,69
3889,89.0,1,1,14,39
3890,96.0,2,1,15,43
3891,97.0,3,1,15,43
3892,106.0,4,1,17,48
3893,165.0,5,1,27,84
3894,129.0,6,1,21,62
3895,152.0,7,1,25,76
3896,133.0,8,1,22,64
3897,141.0,9,1,23,69
3898,144.0,10,1,23,71
3899,129.0,11,1,21,62
3900,180.0,12,1,29,94
3901,205.0,13,1,33,112
3902,148.0,14,1,24,73
3903,139.0,15,1,23,68
3904,145.0,16,1,24,71
3905,182.0,17,1,29,96
3906,143.0,18,1,23,70
3907,134.0,19,1,22,65
3908,196.0,20,1,31,105
3909,178.0,21,1,29,93
3910,160.0,22,1,26,81
3911,153.0,23,1,25,76
3912,119.0,0,2,19,56
3913,144.0,1,2,23,71
3914,117.0,2,2,19,54
3915,112.0,3,2,18,52
3916,123.0,4,2,20,58
3917,129.0,5,2,21,62
3918,184.0,6,2,30,97
3919,136.0,7,2,22,66
3920,147.0,8,2,24,73
3921,112.0,9,2,18,52
3923,92.0,11,2,15,40
3924,75.0,12,2,11,31
3925,130.0,13,2,21,62
3926,124.0,14,2,20,59
3927,165.0,15,2,27,84
3928,102.0,16,2,16,46
3929,111.0,17,2,18,51
3930,139.0,18,2,23,68
3931,131.0,19,2,21,63
3932,156.0,20,2,25,78
3933,135.0,21,2,22,65
3934,104.0,22,2,17,47
3935,113.0,23,2,18,52
3936,89.0,0,3,14,39
3937,102.0,1,3,16,46
3938,118.0,2,3,19,55
3939,106.0,3,3,17,48
3940,116.0,4,3,19,54
3941,132.0,5,3,21,63
3942,132.0,6,3,21,63
3943,125.0,7,3,20,59
3944,77.0,8,3,12,32
3945,104.0,9,3,17,47
3946,106.0,10,3,17,48
3947,108.0,11,3,17,49
3948,123.0,12,3,20,58
3949,131.0,13,3,21,63
3950,163.0,14,3,26,83
3951,160.0,15,3,26,81
3952,114.0,16,3,18,53
3953,122.0,17,3,20,57
3954,127.0,18,3,21,60
3955,124.0,19,3,20,59
3956,102.0,20,3,16,46
3957,98.0,21,3,16,44
3958,79.0,22,3,12,33
3959,99.0,23,3,16,44
3960,104.0,0,4,17,47
3961,134.0,1,4,22,65
3962,129.0,2,4,21,62
3963,135.0,3,4,22,65
3964,146.0,4,4,24,72
3965,105.0,5,4,17,48
3966,113.0,6,4,18,52
3967,142.0,7,4,23,69
3968,105.0,8,4,17,48
3969,134.0,9,4,22,65
3970,135.0,10,4,22,65
3971,107.0,11,4,17,49
3972,88.0,12,4,14,38
3973,160.0,13,4,26,81
3974,158.0,14,4,26,80
3975,165.0,15,4,27,84
3976,150.0,16,4,24,75
3977,166.0,17,4,27,85
3978,149.0,18,4,24,74
3979,168.0,19,4,27,86
3980,197.0,20,4,32,106
3981,159.0,21,4,26,80
3982,171.0,22,4,28,88
3983,195.0,23,4,31,105
3984,156.0,0,5,25,78
3985,162.0,1,5,26,82
3986,131.0,2,5,21,63
3987,122.0,3,5,20,57
3988,111.0,4,5,18,51
3989,108.0,5,5,17,49
3990,121.0,6,5,20,57
3991,92.0,7,5,15,40
3992,121.0,8,5,20,57
3993,130.0,9,5,21,62
3994,139.0,10,5,23,68
3995,108.0,11,5,17,49
3996,134.0,12,5,22,65
3997,117.0,13,5,19,54
3998,154.0,14,5,25,77
3999,91.0,15,5,14,40
4000,104.0,16,5,17,47
4001,113.0,17,5,18,52
4002,116.0,18,5,19,54
4003,134.0,19,5,22,65
4004,111.0,20,5,18,51
4005,117.0,21,5,19,54
4006,140.0,22,5,23,68
4007,112.0,23,5,18,52
4008,96.0,0,6,15,43
4009,101.0,1,6,16,45
4010,128.0,2,6,21,61
4011,124.0,3,6,20,59
4012,130.0,4,6,21,62
4013,131.0,5,6,21,63
4014,133.0,6,6,22,64
4015,133.0,7,6,22,64
4016,114.0,8,6,18,53
4017,114.0,9,6,18,53
4018,122.0,10,6,20,57
4019,110.0,11,6,18,50
4020,92.0,12,6,15,40
4021,159.0,13,6,26,80
4022,116.0,14,6,19,54
4023,136.0,15,6,22,66
4024,147.0,16,6,24,73
4025,135.0,17,6,22,65
4026,168.0,18,6,27,86
4027,166.0,19,6,27,85
4028,170.0,20,6,28,88
4029,216.0,21,6,34,120
4030,228.0,22,6,36,129
4031,158.0,23,6,26,80
4032,178.0,0,0,29,93
4033,197.0,1,0,32,106
4034,167.0,2,0,27,86
4035,188.0,3,0,30,100
4036,186.0,4,0,30,98
4037,250.0,5,0,39,146
4038,136.0,6,0,22,66
4039,109.0,7,0,18,50
4040,116.0,8,0,19,54
4041,169.0,9,0,27,87
4042,159.0,10,0,26,80
4043,124.0,11,0,20,59
4044,148.0,12,0,24,73
4045,133.0,13,0,22,64
4046,143.0,14,0,23,70
4047,172.0,15,0,28,89
4048,110.0,16,0,18,50
4049,130.0,17,0,21,62
4050,154.0,18,0,25,77
4051,139.0,19,0,23,68
4052,162.0,20,0,26,82
4053,144.0,21,0,23,71
4054,134.0,22,0,22,65
4055,147.0,23,0,24,73
4056,148.0,0,1,24,73
4057,201.0,1,1,32,109
4058,117.0,2,1,19,54
4059,121.0,3,1,20,57
4060,156.0,4,1,25,78
4061,142.0,5,1,23,69
4062,119.0,6,1,19,56
4063,144.0,7,1,23,71
4064,119.0,8,1,19,56
4065,121.0,9,1,20,57
4066,102.0,10,1,16,46
4067,134.0,11,1,22,65
4068,103.0,12,1,16,46
4069,145.0,13,1,24,71
4070,126.0,14,1,20,60
4071,143.0,15,1,23,70
4072,147.0,16,1,24,73
4073,143.0,17,1,23,70
4074,126.0,18,1,20,60
4075,113.0,19,1,18,52
4076,89.0,20,1,14,39
4077,134.0,21,1,22,65
4078,142.0,22,1,23,69
4079,166.0,23,1,27,85
4080,150.0,0,2,24,75
4081,123.0,1,2,20,58
4082,165.0,2,2,27,84
4083,229.0,3,2,36,130
4084,156.0,4,2,25,78
4085,185.0,5,2,30,98
4086,177.0,6,2,29,92
4087,184.0,7,2,30,97
4088,195.0,8,2,31,105
4089,185.0,9,2,30,98
4090,191.0,10,2,31,102
4091,188.0,11,2,30,100
4092,206.0,12,2,33,113
4093,175.0,13,2,28,91
4094,164.0,14,2,27,84
4095,167.0,15,2,27,86
4096,171.0,16,2,28,88
4097,169.0,17,2,27,87
4098,145.0,18,2,24,71
4099,169.0,19,2,27,87
4100,213.0,20,2,34,118
4101,200.0,21,2,32,108
4102,184.0,22,2,30,97
4103,160.0,23,2,26,81
4104,169.0,0,3,27,87
4105,222.0,1,3,35,124
4106,181.0,2,3,29,95
4107,205.0,3,3,33,112
4108,177.0,4,3,29,92
4109,145.0,5,3,24,71
4110,202.0,6,3,32,110
4111,153.0,7,3,25,76
4112,173.0,8,3,28,90
4113,193.0,9,3,31,103
4114,156.0,10,3,25,78
4115,180.0,11,3,29,94
4116,160.0,12,3,26,81
4117,194.0,13,3,31,104
4118,158.0,14,3,26,80
4119,175.0,15,3,28,91
4120,135.0,16,3,22,65
4121,188.0,17,3,30,100
4122,166.0,18,3,27,85
4123,185.0,19,3,30,98
4124,209.0,20,3,33,115
4125,178.0,21,3,29,93
4126,183.0,22,3,30,96
4127,180.0,23,3,29,94
4128,185.0,0,4,30,98
4129,214.0,1,4,34,118
4130,189.0,2,4,30,101
4131,222.0,3,4,35,124
4132,257.0,4,4,40,152
4133,198.0,5,4,32,107
4134,253.0,6,4,39,148
4135,246.0,7,4,38,143
4136,201.0,8,4,32,109
4137,178.0,9,4,29,93
4138,218.0,10,4,35,121
4139,172.0,11,4,28,89
4140,207.0,12,4,33,113
4141,231.0,13,4,36,131
4142,246.0,14,4,38,143
4143,195.0,15,4,31,105
4144,191.0,16,4,31,102
4145,119.0,17,4,19,56
4146,171.0,18,4,28,88
4147,177.0,19,4,29,92
4148,154.0,20,4,25,77
4149,173.0,21,4,28,90
4150,195.0,22,4,31,105
4151,197.0,23,4,32,106
4152,185.0,0,5,30,98
4153,215.0,1,5,34,119
4154,182.0,2,5,29,96
4155,170.0,3,5,28,88
4156,209.0,4,5,33,115
4157,188.0,5,5,30,100
4158,180.0,6,5,29,94
4159,126.0,7,5,20,60
4160,189.0,8,5,30,101
4161,161.0,9,5,26,82
4162,151.0,10,5,25,75
4163,176.0,11,5,28,92
4164,148.0,12,5,24,73
4165,166.0,13,5,27,85
4166,200.0,14,5,32,108
4167,219.0,15,5,35,122
4168,198.0,16,5,32,107
4169,225.0,17,5,36,127
4170,176.0,18,5,28,92
4171,208.0,19,5,33,114
4172,180.0,20,5,29,94
4173,161.0,21,5,26,82
4174,187.0,22,5,30,99
4175,152.0,23,5,25,76
4176,178.0,0,6,29,93
4177,196.0,1,6,31,105
4178,168.0,2,6,27,86
4179,187.0,3,6,30,99
4180,177.0,4,6,29,92
4181,141.0,5,6,23,69
4182,183.0,6,6,30,96
4183,149.0,7,6,24,74
4184,152.0,8,6,25,76
4185,178.0,9,6,29,93
4186,138.0,10,6,22,67
4187,169.0,11,6,27,87
4188,159.0,12,6,26,80
4189,176.0,13,6,28,92
4190,152.0,14,6,25,76
4191,168.0,15,6,27,86
4192,225.0,16,6,36,127
4193,150.0,17,6,24,75
4194,244.0,18,6,38,141
4195,180.0,19,6,29,94
4196,170.0,20,6,28,88
4197,146.0,21,6,24,72
4198,141.0,22,6,23,69
4199,162.0,23,6,26,82
4200,162.0,0,0,26,82
4201,160.0,1,0,26,81
4202,131.0,2,0,21,63
4203,181.0,3,0,29,95
4204,161.0,4,0,26,82
4205,151.0,5,0,25,75
4206,161.0,6,0,26,82
4207,153.0,7,0,25,76
4208,154.0,8,0,25,77
4209,111.0,9,0,18,51
4210,133.0,10,0,22,64
4211,128.0,11,0,21,61
4212,175.0,12,0,28,91
4213,193.0,13,0,31,103
4214,159.0,14,0,26,80
4215,178.0,15,0,29,93
4216,184.0,16,0,30,97
4217,158.0,17,0,26,80
4218,153.0,18,0,25,76
4219,166.0,19,0,27,85
4220,152.0,20,0,25,76
4221,203.0,21,0,32,110
4222,172.0,22,0,28,89
4223,156.0,23,0,25,78
4224,147.0,0,1,24,73
4225,172.0,1,1,28,89
4226,184.0,2,1,30,97
4227,204.0,3,1,33,111
4228,192.0,4,1,31,103
4229,146.0,5,1,24,72
4230,150.0,6,1,24,75
4231,139.0,7,1,23,68
4232,132.0,8,1,21,63
4233,152.0,9,1,25,76
4234,153.0,10,1,25,76
4235,140.0,11,1,23,68
4236,155.0,12,1,25,78
4237,141.0,13,1,23,69
4238,149.0,14,1,24,74
4239,158.0,15,1,26,80
4240,130.0,16,1,21,62
4241,146.0,17,1,24,72
4242,129.0,18,1,21,62
4243,154.0,19,1,25,77
4244,201.0,20,1,32,109
4245,249.0,21,1,39,145
4246,191.0,22,1,31,102
4247,169.0,23,1,27,87
4248,191.0,0,2,31,102
4249,181.0,1,2,29,95
4250,203.0,2,2,32,110
4251,215.0,3,2,34,119
4252,172.0,4,2,28,89
4253,166.0,5,2,27,85
4254,156.0,6,2,25,78
4255,220.0,7,2,35,123
4256,187.0,8,2,30,99
4257,215.0,9,2,34,119
4258,143.0,10,2,23,70
4259,126.0,11,2,20,60
4260,205.0,12,2,33,112
4261,247.0,13,2,39,144
4262,226.0,14,2,36,127
4263,200.0,15,2,32,108
4264,177.0,16,2,29,92
4265,198.0,17,2,32,107
4266,197.0,18,2,32,106
4267,226.0,19,2,36,127
4268,190.0,20,2,31,101
4269,203.0,21,2,32,110
4270,209.0,22,2,33,115
4271,184.0,23,2,30,97
4272,161.0,0,3,26,82
4273,153.0,1,3,25,76
4274,140.0,2,3,23,68
4275,151.0,3,3,25,75
4276,186.0,4,3,30,98
4277,172.0,5,3,28,89
4278,188.0,6,3,30,100
4279,154.0,7,3,25,77
4280,163.0,8,3,26,83
4281,165.0,9,3,27,84
4282,147.0,10,3,24,73
4283,159.0,11,3,26,80
4284,139.0,12,3,23,68
4285,153.0,13,3,25,76
4286,91.0,14,3,14,40
4287,120.0,15,3,19,56
4288,113.0,16,3,18,52
4289,99.0,17,3,16,44
4290,110.0,18,3,18,50
4291,123.0,19,3,20,58
4292,109.0,20,3,18,50
4293,101.0,21,3,16,45
4294,149.0,22,3,24,74
4295,118.0,23,3,19,55
4296,125.0,0,4,20,59
4297,148.0,1,4,24,73
4298,136.0,2,4,22,66
4299,140.0,3,4,23,68
4300,145.0,4,4,24,71
4301,94.0,5,4,15,41
4302,83.0,6,4,13,36
4303,130.0,7,4,21,62
4304,123.0,8,4,20,58
4305,108.0,9,4,17,49
4306,93.0,10,4,15,41
4307,99.0,11,4,16,44
4308,147.0,12,4,24,73
4309,106.0,13,4,17,48
4310,108.0,14,4,17,49
4311,119.0,15,4,19,56
4312,119.0,16,4,19,56
4313,82.0,17,4,13,35
4314,93.0,18,4,15,41
4315,146.0,19,4,24,72
4316,167.0,20,4,27,86
4317,97.0,21,4,15,43
4318,67.0,22,4,10,27
4319,98.0,23,4,16,44
4320,86.0,0,5,13,37
4321,86.0,1,5,13,37
4322,113.0,2,5,18,52
4323,112.0,3,5,18,52
4324,146.0,4,5,24,72
4325,90.0,5,5,14,39
4326,87.0,6,5,14,38
4327,116.0,7,5,19,54
4328,110.0,8,5,18,50
4329,104.0,9,5,17,47
4330,156.0,10,5,25,78
4331,138.0,11,5,22,67
4332,142.0,12,5,23,69
4333,159.0,13,5,26,80
4334,121.0,14,5,20,57
4335,128.0,15,5,21,61
4336,149.0,16,5,24,74
4337,117.0,17,5,19,54
4338,101.0,18,5,16,45
4339,135.0,19,5,22,65
4340,108.0,20,5,17,49
4341,118.0,21,5,19,55
4342,130.0,22,5,21,62
4343,145.0,23,5,24,71
4344,97.0,0,6,15,43
4345,82.0,1,6,13,35
4346,64.0,2,6,9,26
4347,83.0,3,6,13,36
4348,98.0,4,6,16,44
4349,65.0,5,6,10,26
4350,93.0,6,6,15,41
4351,75.0,7,6,11,31
4352,59.0,8,6,8,23
4353,79.0,9,6,12,33
4354,76.0,10,6,12,32
4355,75.0,11,6,11,31
4356,56.0,12,6,8,22
4357,64.0,13,6,9,26
4358,54.0,14,6,8,21
4359,75.0,15,6,11,31
4360,71.0,16,6,11,29
4361,63.0,17,6,9,25
4362,82.0,18,6,13,35
4363,69.0,19,6,10,28
4364,81.0,20,6,13,34
4365,54.0,21,6,8,21
4366,79.0,22,6,12,33
4367,64.0,23,6,9,26
4368,79.0,0,0,12,33
4369,81.0,1,0,13,34
4370,89.0,2,0,14,39
4371,49.0,3,0,7,18
4372,48.0,4,0,6,18
4373,58.0,5,0,8,23
4374,79.0,6,0,12,33
4375,52.0,7,0,7,20
4376,48.0,8,0,6,18
4377,70.0,9,0,11,29
4378,103.0,10,0,16,46
4379,67.0,11,0,10,27
4380,68.0,12,0,10,28
4381,104.0,13,0,17,47
4382,82.0,14,0,13,35
4383,77.0,15,0,12,32
4384,92.0,16,0,15,40
4385,96.0,17,0,15,43
4386,45.0,18,0,6,17
4387,94.0,19,0,15,41
4388,91.0,20,0,14,40
4389,119.0,21,0,19,56
4390,71.0,22,0,11,29
4391,92.0,23,0,15,40
4392,79.0,0,1,12,33
4393,75.0,1,1,11,31
4394,61.0,2,1,9,24
4395,64.0,3,1,9,26
4396,39.0,4,1,5,14
4397,57.0,5,1,8,22
4398,41.0,6,1,5,15
4399,45.0,7,1,6,17
4400,79.0,8,1,12,33
4401,77.0,9,1,12,32
4402,46.0,10,1,6,17
4403,55.0,11,1,8,21
4404,46.0,12,1,6,17
4405,40.0,13,1,5,14
4406,58.0,14,1,8,23
4407,63.0,15,1,9,25
4408,66.0,16,1,10,27
4409,61.0,17,1,9,24
4410,45.0,18,1,6,17
4411,37.0,19,1,4,13
4412,92.0,20,1,15,40
4413,63.0,21,1,9,25
4414,86.0,22,1,13,37
4415,64.0,23,1,9,26
4416,56.0,0,2,8,22
4417,52.0,1,2,7,20
4418,70.0,2,2,11,29
4419,67.0,3,2,10,27
4420,67.0,4,2,10,27
4421,57.0,5,2,8,22
4422,56.0,6,2,8,22
4423,51.0,7,2,7,19
4424,83.0,8,2,13,36
4425,54.0,9,2,8,21
4426,61.0,10,2,9,24
4427,68.0,11,2,10,28
4428,56.0,12,2,8,22
4429,69.0,13,2,10,28
4430,50.0,14,2,7,19
4431,86.0,15,2,13,37
4432,79.0,16,2,12,33
4433,61.0,17,2,9,24
4434,48.0,18,2,6,18
4435,57.0,19,2,8,22
4436,66.0,20,2,10,27
4437,38.0,21,2,4,13
4438,70.0,22,2,11,29
4439,55.0,23,2,8,21
4440,46.0,0,3,6,17
4441,45.0,1,3,6,17
4442,65.0,2,3,10,26
4443,49.0,3,3,7,18
4444,56.0,4,3,8,22
4445,56.0,5,3,8,22
4446,63.0,6,3,9,25
4447,45.0,7,3,6,17
4448,65.0,8,3,10,26
4449,71.0,9,3,11,29
4450,62.0,10,3,9,25
4451,43.0,11,3,5,16
4452,28.0,12,3,2,9
4453,26.0,13,3,2,8
4454,63.0,14,3,9,25
4455,47.0,15,3,6,18
4456,30.0,16,3,3,10
4457,38.0,17,3,4,13
4458,49.0,18,3,7,18
4459,33.0,19,3,3,11
4460,23.0,20,3,1,7
4461,28.0,21,3,2,9
4462,28.0,22,3,2,9
4463,45.0,23,3,6,17
4464,74.0,0,4,11,31
4465,54.0,1,4,8,21
4466,59.0,2,4,8,23
4467,60.0,3,4,9,24
4468,67.0,4,4,10,27
4469,63.0,5,4,9,25
4470,55.0,6,4,8,21
4471,51.0,7,4,7,19
4472,65.0,8,4,10,26
4473,36.0,9,4,4,12
4474,33.0,10,4,3,11
4475,19.0,11,4,1,5
4476,37.0,12,4,4,13
4477,46.0,13,4,6,17
4478,32.0,14,4,3,11
4479,44.0,15,4,6,16
4480,18.0,16,4,1,5
4481,42.0,17,4,5,15
4482,39.0,18,4,5,14
4483,60.0,19,4,9,24
4484,64.0,20,4,9,26
4485,42.0,21,4,5,15
4486,38.0,22,4,4,13
4487,44.0,23,4,6,16
4488,49.0,0,5,7,18
4489,34.0,1,5,4,12
4490,34.0,2,5,4,12
4491,24.0,3,5,2,7
4492,20.0,4,5,1,5
4493,24.0,5,5,2,7
4494,36.0,6,5,4,12
4495,32.0,7,5,3,11
4496,23.0,8,5,1,7
4497,19.0,9,5,1,5
4498,27.0,10,5,2,8
4499,24.0,11,5,2,7
4500,21.0,12,5,1,6
4501,12.0,13,5,1,2
4502,21.0,14,5,1,6
4503,17.0,15,5,1,4
4504,26.0,16,5,2,8
4505,20.0,17,5,1,5
4506,23.0,18,5,1,7
4507,15.0,19,5,1,3
4508,23.0,20,5,1,7
4509,26.0,21,5,2,8
4510,20.0,22,5,1,5
4511,16.0,23,5,1,4
4512,18.0,0,6,1,5
4513,21.0,1,6,1,6
4514,18.0,2,6,1,5
4515,28.0,3,6,2,9
4516,30.0,4,6,3,10
4517,24.0,5,6,2,7
4518,12.0,6,6,1,2
4519,16.0,7,6,1,4
4520,13.0,8,6,1,2
4521,14.0,9,6,1,3
4522,15.0,10,6,1,3
4523,8.0,11,6,1,1
4524,10.0,12,6,1,1
4525,20.0,13,6,1,5
4526,4.0,14,6,1,1
4527,18.0,15,6,1,5
4528,19.0,16,6,1,5
4529,10.0,17,6,1,1
4530,16.0,18,6,1,4
4531,36.0,19,6,4,12
4532,22.0,20,6,1,6
4533,39.0,21,6,5,14
4534,20.0,22,6,1,5
4535,10.0,23,6,1,1
4536,7.0,0,0,1,1
4537,16.0,1,0,1,4
4538,19.0,2,0,1,5
4539,29.0,3,0,3,9
4540,8.0,4,0,1,1
4541,8.0,5,0,1,1
4542,7.0,6,0,1,1
4543,8.0,7,0,1,1
4544,10.0,8,0,1,1
4545,14.0,9,0,1,3
4546,9.0,10,0,1,1
4547,19.0,11,0,1,5
4548,15.0,12,0,1,3
4549,19.0,13,0,1,5
4550,4.0,14,0,1,1
4551,5.0,15,0,1,1
4552,10.0,16,0,1,1
4553,9.0,17,0,1,1
4554,8.0,18,0,1,1
4555,17.0,19,0,1,4
4556,7.0,20,0,1,1
4557,8.0,21,0,1,1
4558,12.0,22,0,1,2
4559,10.0,23,0,1,1
4560,6.0,0,1,1,1
4561,4.0,1,1,1,1
4562,9.0,2,1,1,1
4563,4.0,3,1,1,1
4564,7.0,4,1,1,1
4565,9.0,5,1,1,1
4566,8.0,6,1,1,1
4567,12.0,7,1,1,2
4568,14.0,8,1,1,3
4569,6.0,9,1,1,1
4570,7.0,10,1,1,1
4571,9.0,11,1,1,1
4572,9.0,12,1,1,1
4573,9.0,13,1,1,1
4574,14.0,14,1,1,3
4575,24.0,15,1,2,7
4576,24.0,16,1,2,7
4577,10.0,17,1,1,1
4578,12.0,18,1,1,2
4579,21.0,19,1,1,6
4580,7.0,20,1,1,1
4581,6.0,21,1,1,1
4582,6.0,22,1,1,1
4583,24.0,23,1,2,7
4584,6.0,0,2,1,1
4585,13.0,1,2,1,2
4586,3.0,2,2,1,1
4587,4.0,3,2,1,1
4588,5.0,4,2,1,1
4589,13.0,5,2,1,2
4590,2.0,6,2,1,1
4591,7.0,7,2,1,1
4592,16.0,8,2,1,4
4593,3.0,9,2,1,1
4594,12.0,10,2,1,2
4595,20.0,11,2,1,5
4596,9.0,12,2,1,1
4597,40.0,13,2,5,14
4598,48.0,14,2,6,18
4599,35.0,15,2,4,12
4600,19.0,16,2,1,5
4601,46.0,17,2,6,17
4602,13.0,18,2,1,2
4603,7.0,19,2,1,1
4604,5.0,20,2,1,1
4605,3.0,21,2,1,1
4606,13.0,22,2,1,2
4607,6.0,23,2,1,1
4608,12.0,0,3,1,2
4609,3.0,1,3,1,1
4610,20.0,2,3,1,5
4611,14.0,3,3,1,3
4612,9.0,4,3,1,1
4613,4.0,5,3,1,1
4614,5.0,6,3,1,1
4615,5.0,7,3,1,1
4616,10.0,8,3,1,1
4617,21.0,9,3,1,6
4618,7.0,10,3,1,1
4619,15.0,11,3,1,3
4620,6.0,12,3,1,1
4621,6.0,13,3,1,1
4622,16.0,14,3,1,4
4623,5.0,15,3,1,1
4624,17.0,16,3,1,4
4625,5.0,17,3,1,1
4626,6.0,18,3,1,1
4627,5.0,19,3,1,1
4628,10.0,20,3,1,1
4629,16.0,21,3,1,4
4630,8.0,22,3,1,1
4631,15.0,23,3,1,3
4632,7.0,0,4,1,1
4633,6.0,1,4,1,1
4634,7.0,2,4,1,1
4635,12.0,3,4,1,2
4636,9.0,4,4,1,1
4637,7.0,5,4,1,1
4638,10.0,6,4,1,1
4639,7.0,7,4,1,1
4640,7.0,8,4,1,1
4641,5.0,9,4,1,1
4642,7.0,10,4,1,1
4643,12.0,11,4,1,2
4644,12.0,12,4,1,2
4645,7.0,13,4,1,1
4646,7.0,14,4,1,1
4647,7.0,15,4,1,1
4648,10.0,16,4,1,1
4649,9.0,17,4,1,1
4650,3.0,18,4,1,1
4651,7.0,19,4,1,1
4652,5.0,20,4,1,1
4653,19.0,21,4,1,5
4654,19.0,22,4,1,5
4655,8.0,23,4,1,1
4656,8.0,0,5,1,1
4657,10.0,1,5,1,1
4658,15.0,2,5,1,3
4659,8.0,3,5,1,1
4660,13.0,4,5,1,2
4661,2.0,5,5,1,1
4662,7.0,6,5,1,1
4663,6.0,7,5,1,1
4664,8.0,8,5,1,1
4665,3.0,9,5,1,1
4666,10.0,10,5,1,1
4667,16.0,11,5,1,4
4668,15.0,12,5,1,3
4669,1.0,13,5,1,1
4670,1.0,14,5,1,1
4671,9.0,15,5,1,1
4672,8.0,16,5,1,1
4673,4.0,17,5,1,1
4674,0.0,18,5,1,1
4675,6.0,19,5,1,1
4676,3.0,20,5,1,1
4677,9.0,21,5,1,1
4678,4.0,22,5,1,1
4679,10.0,23,5,1,1
4680,5.0,0,6,1,1
4681,6.0,1,6,1,1
4682,4.0,2,6,1,1
4683,27.0,3,6,2,8
4684,8.0,4,6,1,1
4685,10.0,5,6,1,1
4686,17.0,6,6,1,4
4687,8.0,7,6,1,1
4688,17.0,8,6,1,4
4689,16.0,9,6,1,4
4690,9.0,10,6,1,1
4691,3.0,11,6,1,1
4692,7.0,12,6,1,1
4693,7.0,13,6,1,1
4694,6.0,14,6,1,1
4695,8.0,15,6,1,1
4696,10.0,16,6,1,1
4697,2.0,17,6,1,1
4698,15.0,18,6,1,3
4699,10.0,19,6,1,1
4700,3.0,20,6,1,1
4701,12.0,21,6,1,2
4702,7.0,22,6,1,1
4703,5.0,23,6,1,1
4704,19.0,0,0,1,5
4705,12.0,1,0,1,2
4706,15.0,2,0,1,3
4707,3.0,3,0,1,1
4708,5.0,4,0,1,1
4709,8.0,5,0,1,1
4710,5.0,6,0,1,1
4711,10.0,7,0,1,1
4712,15.0,8,0,1,3
4713,9.0,9,0,1,1
4714,10.0,10,0,1,1
4715,9.0,11,0,1,1
4716,20.0,12,0,1,5
4717,15.0,13,0,1,3
4718,13.0,14,0,1,2
4719,18.0,15,0,1,5
4720,8.0,16,0,1,1
4721,4.0,17,0,1,1
4722,8.0,18,0,1,1
4723,14.0,19,0,1,3
4724,26.0,20,0,2,8
4725,4.0,21,0,1,1
4726,15.0,22,0,1,3
4727,10.0,23,0,1,1
4728,18.0,0,1,1,5
4729,10.0,1,1,1,1
4730,16.0,2,1,1,4
4731,13.0,3,1,1,2
4732,17.0,4,1,1,4
4733,12.0,5,1,1,2
4734,8.0,6,1,1,1
4735,35.0,7,1,4,12
4736,34.0,8,1,4,12
4737,40.0,9,1,5,14
4738,15.0,10,1,1,3
4739,33.0,11,1,3,11
4740,30.0,12,1,3,10
4741,40.0,13,1,5,14
4742,37.0,14,1,4,13
4743,37.0,15,1,4,13
4744,25.0,16,1,2,8
4745,15.0,17,1,1,3
4746,18.0,18,1,1,5
4747,32.0,19,1,3,11
4748,52.0,20,1,7,20
4749,46.0,21,1,6,17
4750,40.0,22,1,5,14
4751,42.0,23,1,5,15
4752,48.0,0,2,6,18
4753,39.0,1,2,5,14
4754,59.0,2,2,8,23
4755,41.0,3,2,5,15
4756,59.0,4,2,8,23
4757,51.0,5,2,7,19
4758,54.0,6,2,8,21
4759,39.0,7,2,5,14
4760,36.0,8,2,4,12
4761,32.0,9,2,3,11
4762,55.0,10,2,8,21
4763,50.0,11,2,7,19
4764,54.0,12,2,8,21
4765,23.0,13,2,1,7
4766,23.0,14,2,1,7
4767,26.0,15,2,2,8
4768,20.0,16,2,1,5
4769,34.0,17,2,4,12
4770,17.0,18,2,1,4
4771,13.0,19,2,1,2
4772,21.0,20,2,1,6
4773,17.0,21,2,1,4
4774,21.0,22,2,1,6
4775,29.0,23,2,3,9
4776,19.0,0,3,1,5
4777,48.0,1,3,6,18
4778,47.0,2,3,6,18
4779,40.0,3,3,5,14
4780,16.0,4,3,1,4
4781,36.0,5,3,4,12
4782,68.0,6,3,10,28
4783,21.0,7,3,1,6
4784,42.0,8,3,5,15
4785,39.0,9,3,5,14
4786,24.0,10,3,2,7
4787,28.0,11,3,2,9
4788,28.0,12,3,2,9
4789,27.0,13,3,2,8
4790,38.0,14,3,4,13
4791,66.0,15,3,10,27
4792,42.0,16,3,5,15
4793,30.0,17,3,3,10
4794,29.0,18,3,3,9
4795,49.0,19,3,7,18
4796,39.0,20,3,5,14
4797,45.0,21,3,6,17
4798,51.0,22,3,7,19
4799,49.0,23,3,7,18
4800,39.0,0,4,5,14
4801,50.0,1,4,7,19
4802,35.0,2,4,4,12
4803,59.0,3,4,8,23
4804,40.0,4,4,5,14
4805,52.0,5,4,7,20
4806,55.0,6,4,8,21
4807,83.0,7,4,13,36
4808,77.0,8,4,12,32
4809,54.0,9,4,8,21
4810,51.0,10,4,7,19
4811,19.0,11,4,1,5
4812,36.0,12,4,4,12
4813,39.0,13,4,5,14
4814,70.0,14,4,11,29
4815,58.0,15,4,8,23
4816,50.0,16,4,7,19
4817,70.0,17,4,11,29
4818,67.0,18,4,10,27
4819,75.0,19,4,11,31
4820,92.0,20,4,15,40
4821,99.0,21,4,16,44
4822,97.0,22,4,15,43
4823,91.0,23,4,14,40
4824,110.0,0,5,18,50
4825,86.0,1,5,13,37
4826,69.0,2,5,10,28
4827,77.0,3,5,12,32
4828,96.0,4,5,15,43
4829,93.0,5,5,15,41
4830,98.0,6,5,16,44
4831,89.0,7,5,14,39
4832,62.0,8,5,9,25
4833,45.0,9,5,6,17
4834,46.0,10,5,6,17
4835,50.0,11,5,7,19
4836,75.0,12,5,11,31
4837,47.0,13,5,6,18
4838,69.0,14,5,10,28
4839,81.0,15,5,13,34
4840,83.0,16,5,13,36
4841,51.0,17,5,7,19
4842,59.0,18,5,8,23
4843,46.0,19,5,6,17
4844,56.0,20,5,8,22
4845,90.0,21,5,14,39
4846,97.0,22,5,15,43
4847,83.0,23,5,13,36
4848,30.0,0,6,3,10
4849,37.0,1,6,4,13
4850,57.0,2,6,8,22
4851,76.0,3,6,12,32
4852,80.0,4,6,12,34
4853,74.0,5,6,11,31
4854,83.0,6,6,13,36
4855,89.0,7,6,14,39
4856,77.0,8,6,12,32
4857,66.0,9,6,10,27
4858,85.0,10,6,13,37
4859,94.0,11,6,15,41
4860,55.0,12,6,8,21
4861,62.0,13,6,9,25
4862,46.0,14,6,6,17
4863,61.0,15,6,9,24
4864,99.0,16,6,16,44
4865,107.0,17,6,17,49
4866,111.0,18,6,18,51
4867,67.0,19,6,10,27
4868,103.0,20,6,16,46
4869,65.0,21,6,10,26
4870,63.0,22,6,9,25
4871,72.0,23,6,11,30
4872,76.0,0,0,12,32
4873,64.0,1,0,9,26
4874,127.0,2,0,21,60
4875,88.0,3,0,14,38
4876,112.0,4,0,18,52
4877,138.0,5,0,22,67
4878,111.0,6,0,18,51
4879,88.0,7,0,14,38
4880,75.0,8,0,11,31
4881,71.0,9,0,11,29
4882,89.0,10,0,14,39
4883,66.0,11,0,10,27
4884,87.0,12,0,14,38
4885,135.0,13,0,22,65
4886,60.0,14,0,9,24
4887,80.0,15,0,12,34
4888,146.0,16,0,24,72
4889,61.0,17,0,9,24
4890,77.0,18,0,12,32
4891,88.0,19,0,14,38
4892,71.0,20,0,11,29
4893,88.0,21,0,14,38
4894,71.0,22,0,11,29
4895,77.0,23,0,12,32
4896,77.0,0,1,12,32
4897,77.0,1,1,12,32
4898,119.0,2,1,19,56
4899,97.0,3,1,15,43
4900,109.0,4,1,18,50
4901,93.0,5,1,15,41
4902,100.0,6,1,16,45
4903,94.0,7,1,15,41
4904,93.0,8,1,15,41
4905,100.0,9,1,16,45
4906,121.0,10,1,20,57
4907,82.0,11,1,13,35
4908,96.0,12,1,15,43
4909,61.0,13,1,9,24
4910,88.0,14,1,14,38
4911,93.0,15,1,15,41
4912,82.0,16,1,13,35
4913,110.0,17,1,18,50
4914,125.0,18,1,20,59
4915,161.0,19,1,26,82
4916,104.0,20,1,17,47
4917,138.0,21,1,22,67
4918,100.0,22,1,16,45
4919,135.0,23,1,22,65
4920,153.0,0,2,25,76
4921,165.0,1,2,27,84
4922,123.0,2,2,20,58
4923,122.0,3,2,20,57
4924,122.0,4,2,20,57
4925,155.0,5,2,25,78
4926,141.0,6,2,23,69
4927,130.0,7,2,21,62
4928,139.0,8,2,23,68
4929,146.0,9,2,24,72
4930,130.0,10,2,21,62
4931,153.0,11,2,25,76
4932,119.0,12,2,19,56
4933,152.0,13,2,25,76
4934,160.0,14,2,26,81
4935,152.0,15,2,25,76
4936,154.0,16,2,25,77
4937,128.0,17,2,21,61
4938,111.0,18,2,18,51
4939,111.0,19,2,18,51
4940,125.0,20,2,20,59
4941,112.0,21,2,18,52
4942,87.0,22,2,14,38
4943,106.0,23,2,17,48
4944,111.0,0,3,18,51
4945,118.0,1,3,19,55
4946,122.0,2,3,20,57
4947,108.0,3,3,17,49
4948,92.0,4,3,15,40
4949,134.0,5,3,22,65
4950,92.0,6,3,15,40
4951,96.0,7,3,15,43
4952,128.0,8,3,21,61
4953,120.0,9,3,19,56
4954,100.0,10,3,16,45
4955,98.0,11,3,16,44
4956,83.0,12,3,13,36
4957,123.0,13,3,20,58
4958,127.0,14,3,21,60
4959,124.0,15,3,20,59
4960,113.0,16,3,18,52
4961,86.0,17,3,13,37
4962,78.0,18,3,12,33
4963,85.0,19,3,13,37
4964,71.0,20,3,11,29
4965,117.0,21,3,19,54
4966,106.0,22,3,17,48
4967,128.0,23,3,21,61
4968,85.0,0,4,13,37
4969,129.0,1,4,21,62
4970,140.0,2,4,23,68
4971,132.0,3,4,21,63
4972,117.0,4,4,19,54
4973,114.0,5,4,18,53
4974,126.0,6,4,20,60
4975,106.0,7,4,17,48
4976,98.0,8,4,16,44
4977,130.0,9,4,21,62
4978,112.0,10,4,18,52
4979,123.0,11,4,20,58
4980,132.0,12,4,21,63
4981,147.0,13,4,24,73
4982,169.0,14,4,27,87
4983,156.0,15,4,25,78
4984,148.0,16,4,24,73
4985,186.0,17,4,30,98
4986,169.0,18,4,27,87
4987,144.0,19,4,23,71
4988,207.0,20,4,33,113
4989,181.0,21,4,29,95
4990,149.0,22,4,24,74
4991,145.0,23,4,24,71
4992,165.0,0,5,27,84
4993,165.0,1,5,27,84
4994,225.0,2,5,36,127
4995,187.0,3,5,30,99
4996,186.0,4,5,30,98
4997,150.0,5,5,24,75
4998,140.0,6,5,23,68
4999,114.0,7,5,18,53
5000,190.0,8,5,31,101
5001,176.0,9,5,28,92
5002,153.0,10,5,25,76
5003,155.0,11,5,25,78
5004,153.0,12,5,25,76
5005,172.0,13,5,28,89
5006,175.0,14,5,28,91
5007,147.0,15,5,24,73
5008,152.0,16,5,25,76
5009,139.0,17,5,23,68
5010,156.0,18,5,25,78
5011,166.0,19,5,27,85
5012,112.0,20,5,18,52
5013,116.0,21,5,19,54
5014,148.0,22,5,24,73
5015,136.0,23,5,22,66
5016,132.0,0,6,21,63
5017,116.0,1,6,19,54
5018,131.0,2,6,21,63
5019,146.0,3,6,24,72
5020,173.0,4,6,28,90
5021,190.0,5,6,31,101
5022,148.0,6,6,24,73
5023,123.0,7,6,20,58
5024,135.0,8,6,22,65
5025,140.0,9,6,23,68
5026,151.0,10,6,25,75
5027,131.0,11,6,21,63
5028,146.0,12,6,24,72
5029,121.0,13,6,20,57
5030,141.0,14,6,23,69
5031,150.0,15,6,24,75
5032,147.0,16,6,24,73
5033,146.0,17,6,24,72
5034,131.0,18,6,21,63
5035,160.0,19,6,26,81
5036,148.0,20,6,24,73
5037,163.0,21,6,26,83
5038,154.0,22,6,25,77
5039,149.0,23,6,24,74
5040,167.0,0,0,27,86
5041,163.0,1,0,26,83
5042,145.0,2,0,24,71
5043,136.0,3,0,22,66
5044,99.0,4,0,16,44
5045,133.0,5,0,22,64
5046,141.0,6,0,23,69
5047,122.0,7,0,20,57
5049,163.0,9,0,26,83
5050,161.0,10,0,26,82
5051,132.0,11,0,21,63
5052,173.0,12,0,28,90
5053,111.0,13,0,18,51
5054,108.0,14,0,17,49
5055,149.0,15,0,24,74
5056,132.0,16,0,21,63
5057,172.0,17,0,28,89
5058,215.0,18,0,34,119
5059,185.0,19,0,30,98
5060,206.0,20,0,33,113
5061,193.0,21,0,31,103
5062,217.0,22,0,34,121
5063,180.0,23,0,29,94
5064,208.0,0,1,33,114
5065,170.0,1,1,28,88
5066,197.0,2,1,32,106
5067,150.0,3,1,24,75
5068,206.0,4,1,33,113
5069,213.0,5,1,34,118
5070,188.0,6,1,30,100
5071,148.0,7,1,24,73
5072,159.0,8,1,26,80
5073,125.0,9,1,20,59
5074,171.0,10,1,28,88
5075,144.0,11,1,23,71
5076,154.0,12,1,25,77
5077,120.0,13,1,19,56
5078,141.0,14,1,23,69
5079,156.0,15,1,25,78
5080,158.0,16,1,26,80
5081,112.0,17,1,18,52
5082,103.0,18,1,16,46
5083,147.0,19,1,24,73
5084,134.0,20,1,22,65
5085,109.0,21,1,18,50
5086,107.0,22,1,17,49
5087,116.0,23,1,19,54
5088,134.0,0,2,22,65
5089,121.0,1,2,20,57
5090,149.0,2,2,24,74
5091,125.0,3,2,20,59
5092,109.0,4,2,18,50
5093,125.0,5,2,20,59
5094,100.0,6,2,16,45
5095,104.0,7,2,17,47
5096,107.0,8,2,17,49
5097,125.0,9,2,20,59
5098,130.0,10,2,21,62
5099,141.0,11,2,23,69
5100,119.0,12,2,19,56
5101,164.0,13,2,27,84
5102,123.0,14,2,20,58
5103,122.0,15,2,20,57
5104,167.0,16,2,27,86
5105,191.0,17,2,31,102
5106,207.0,18,2,33,113
5107,224.0,19,2,35,126
5108,196.0,20,2,31,105
5109,227.0,21,2,36,128
5110,219.0,22,2,35,122
5111,174.0,23,2,28,90
5112,177.0,0,3,29,92
5113,166.0,1,3,27,85
5114,160.0,2,3,26,81
5115,147.0,3,3,24,73
5116,128.0,4,3,21,61
5117,117.0,5,3,19,54
5118,130.0,6,3,21,62
5119,132.0,7,3,21,63
5120,108.0,8,3,17,49
5121,120.0,9,3,19,56
5122,105.0,10,3,17,48
5123,127.0,11,3,21,60
5124,134.0,12,3,22,65
5125,109.0,13,3,18,50
5126,125.0,14,3,20,59
5127,107.0,15,3,17,49
5128,120.0,16,3,19,56
5129,113.0,17,3,18,52
5130,90.0,18,3,14,39
5131,136.0,19,3,22,66
5132,107.0,20,3,17,49
5133,139.0,21,3,23,68
5134,116.0,22,3,19,54
5135,140.0,23,3,23,68
5136,171.0,0,4,28,88
5137,135.0,1,4,22,65
5138,154.0,2,4,25,77
5139,124.0,3,4,20,59
5140,138.0,4,4,22,67
5141,91.0,5,4,14,40
5142,159.0,6,4,26,80
5143,141.0,7,4,23,69
5144,81.0,8,4,13,34
5145,123.0,9,4,20,58
5146,141.0,10,4,23,69
5147,126.0,11,4,20,60
5148,154.0,12,4,25,77
5149,141.0,13,4,23,69
5150,147.0,14,4,24,73
5151,136.0,15,4,22,66
5152,127.0,16,4,21,60
5153,162.0,17,4,26,82
5154,124.0,18,4,20,59
5155,151.0,19,4,25,75
5156,100.0,20,4,16,45
5157,125.0,21,4,20,59
5158,142.0,22,4,23,69
5159,173.0,23,4,28,90
5160,143.0,0,5,23,70
5161,191.0,1,5,31,102
5162,238.0,2,5,37,137
5163,153.0,3,5,25,76
5164,153.0,4,5,25,76
5165,217.0,5,5,34,121
5166,184.0,6,5,30,97
5167,198.0,7,5,32,107
5168,168.0,8,5,27,86
5169,170.0,9,5,28,88
5170,166.0,10,5,27,85
5171,187.0,11,5,30,99
5172,127.0,12,5,21,60
5173,138.0,13,5,22,67
5174,143.0,14,5,23,70
5175,112.0,15,5,18,52
5176,104.0,16,5,17,47
5177,166.0,17,5,27,85
5178,148.0,18,5,24,73
5179,113.0,19,5,18,52
5180,88.0,20,5,14,38
5181,136.0,21,5,22,66
5182,138.0,22,5,22,67
5183,127.0,23,5,21,60
5184,117.0,0,6,19,54
5185,89.0,1,6,14,39
5186,164.0,2,6,27,84
5187,141.0,3,6,23,69
5188,170.0,4,6,28,88
5189,122.0,5,6,20,57
5190,165.0,6,6,27,84
5191,135.0,7,6,22,65
5192,134.0,8,6,22,65
5193,106.0,9,6,17,48
5194,142.0,10,6,23,69
5195,107.0,11,6,17,49
5196,156.0,12,6,25,78
5197,148.0,13,6,24,73
5198,101.0,14,6,16,45
5199,132.0,15,6,21,63
5200,150.0,16,6,24,75
5201,143.0,17,6,23,70
5202,131.0,18,6,21,63
5203,148.0,19,6,24,73
5204,184.0,20,6,30,97
5205,113.0,21,6,18,52
5206,90.0,22,6,14,39
5207,158.0,23,6,26,80
5208,105.0,0,0,17,48
5209,122.0,1,0,20,57
5210,99.0,2,0,16,44
5211,89.0,3,0,14,39
5212,89.0,4,0,14,39
5213,83.0,5,0,13,36
5214,93.0,6,0,15,41
5215,119.0,7,0,19,56
5216,94.0,8,0,15,41
5217,101.0,9,0,16,45
5218,96.0,10,0,15,43
5219,100.0,11,0,16,45
5220,125.0,12,0,20,59
5221,135.0,13,0,22,65
5222,100.0,14,0,16,45
5223,116.0,15,0,19,54
5224,83.0,16,0,13,36
5225,132.0,17,0,21,63
5226,129.0,18,0,21,62
5227,206.0,19,0,33,113
5228,133.0,20,0,22,64
5229,135.0,21,0,22,65
5230,158.0,22,0,26,80
5231,143.0,23,0,23,70
5232,116.0,0,1,19,54
5233,92.0,1,1,15,40
5234,124.0,2,1,20,59
5235,129.0,3,1,21,62
5236,122.0,4,1,20,57
5237,162.0,5,1,26,82
5238,159.0,6,1,26,80
5239,145.0,7,1,24,71
5240,217.0,8,1,34,121
5241,185.0,9,1,30,98
5242,131.0,10,1,21,63
5243,136.0,11,1,22,66
5244,191.0,12,1,31,102
5245,94.0,13,1,15,41
5246,97.0,14,1,15,43
5247,116.0,15,1,19,54
5248,140.0,16,1,23,68
5249,184.0,17,1,30,97
5250,151.0,18,1,25,75
5251,123.0,19,1,20,58
5252,109.0,20,1,18,50
5253,119.0,21,1,19,56
5254,143.0,22,1,23,70
5255,139.0,23,1,23,68
5256,111.0,0,2,18,51
5257,112.0,1,2,18,52
5258,136.0,2,2,22,66
5259,121.0,3,2,20,57
5260,130.0,4,2,21,62
5261,127.0,5,2,21,60
5262,146.0,6,2,24,72
5263,120.0,7,2,19,56
5264,168.0,8,2,27,86
5265,149.0,9,2,24,74
5266,124.0,10,2,20,59
5267,135.0,11,2,22,65
5268,127.0,12,2,21,60
5269,123.0,13,2,20,58
5270,109.0,14,2,18,50
5271,158.0,15,2,26,80
5272,101.0,16,2,16,45
5273,138.0,17,2,22,67
5274,161.0,18,2,26,82
5275,120.0,19,2,19,56
5276,125.0,20,2,20,59
5277,125.0,21,2,20,59
5278,84.0,22,2,13,36
5279,141.0,23,2,23,69
5280,128.0,0,3,21,61
5281,156.0,1,3,25,78
5282,132.0,2,3,21,63
5283,129.0,3,3,21,62
5284,156.0,4,3,25,78
5285,228.0,5,3,36,129
5286,206.0,6,3,33,113
5287,184.0,7,3,30,97
5288,177.0,8,3,29,92
5289,152.0,9,3,25,76
5290,177.0,10,3,29,92
5291,126.0,11,3,20,60
5292,136.0,12,3,22,66
5293,104.0,13,3,17,47
5294,102.0,14,3,16,46
5295,110.0,15,3,18,50
5296,108.0,16,3,17,49
5297,113.0,17,3,18,52
5298,121.0,18,3,20,57
5299,121.0,19,3,20,57
5300,124.0,20,3,20,59
5301,136.0,21,3,22,66
5302,158.0,22,3,26,80
5303,159.0,23,3,26,80
5304,144.0,0,4,23,71
5305,168.0,1,4,27,86
5306,194.0,2,4,31,104
5307,185.0,3,4,30,98
5308,148.0,4,4,24,73
5309,156.0,5,4,25,78
5310,135.0,6,4,22,65
5311,139.0,7,4,23,68
5312,121.0,8,4,20,57
5313,118.0,9,4,19,55
5314,151.0,10,4,25,75
5315,103.0,11,4,16,46
5316,101.0,12,4,16,45
5317,139.0,13,4,23,68
5318,107.0,14,4,17,49
5319,191.0,15,4,31,102
5320,149.0,16,4,24,74
5321,136.0,17,4,22,66
5322,125.0,18,4,20,59
5323,122.0,19,4,20,57
5324,127.0,20,4,21,60
5325,100.0,21,4,16,45
5326,105.0,22,4,17,48
5327,106.0,23,4,17,48
5328,110.0,0,5,18,50
5329,130.0,1,5,21,62
5330,106.0,2,5,17,48
5331,131.0,3,5,21,63
5332,146.0,4,5,24,72
5333,144.0,5,5,23,71
5334,135.0,6,5,22,65
5335,133.0,7,5,22,64
5336,107.0,8,5,17,49
5337,128.0,9,5,21,61
5338,125.0,10,5,20,59
5339,91.0,11,5,14,40
5340,125.0,12,5,20,59
5341,139.0,13,5,23,68
5342,84.0,14,5,13,36
5343,126.0,15,5,20,60
5344,117.0,16,5,19,54
5345,126.0,17,5,20,60
5346,139.0,18,5,23,68
5347,120.0,19,5,19,56
5348,139.0,20,5,23,68
5349,171.0,21,5,28,88
5350,142.0,22,5,23,69
5351,112.0,23,5,18,52
5352,120.0,0,6,19,56
5353,122.0,1,6,20,57
5354,138.0,2,6,22,67
5355,106.0,3,6,17,48
5356,119.0,4,6,19,56
5357,114.0,5,6,18,53
5358,103.0,6,6,16,46
5359,118.0,7,6,19,55
5360,114.0,8,6,18,53
5361,132.0,9,6,21,63
5362,152.0,10,6,25,76
5363,140.0,11,6,23,68
5364,102.0,12,6,16,46
5365,117.0,13,6,19,54
5366,128.0,14,6,21,61
5367,107.0,15,6,17,49
5368,91.0,16,6,14,40
5369,99.0,17,6,16,44
5370,101.0,18,6,16,45
5371,136.0,19,6,22,66
5372,130.0,20,6,21,62
5373,172.0,21,6,28,89
5374,121.0,22,6,20,57
5375,187.0,23,6,30,99
5376,135.0,0,0,22,65
5377,141.0,1,0,23,69
5378,134.0,2,0,22,65
5379,132.0,3,0,21,63
5380,151.0,4,0,25,75
5381,127.0,5,0,21,60
5382,433.0,6,0,57,318
5383,99.0,7,0,16,44
5384,120.0,8,0,19,56
5386,134.0,10,0,22,65
5389,109.0,13,0,18,50
5393,288.0,17,0,44,177
5394,209.0,18,0,33,115
5397,209.0,21,0,33,115
5400,138.0,0,1,22,67
5401,134.0,1,1,22,65
5402,146.0,2,1,24,72
5403,194.0,3,1,31,104
5404,138.0,4,1,22,67
5405,112.0,5,1,18,52
5406,107.0,6,1,17,49
5407,109.0,7,1,18,50
5408,123.0,8,1,20,58
5409,122.0,9,1,20,57
5410,90.0,10,1,14,39
5414,110.0,14,1,18,50
5415,113.0,15,1,18,52
5416,107.0,16,1,17,49
5417,117.0,17,1,19,54
5418,93.0,18,1,15,41
5419,74.0,19,1,11,31
5420,88.0,20,1,14,38
5421,143.0,21,1,23,70
5422,123.0,22,1,20,58
5423,141.0,23,1,23,69
5424,120.0,0,2,19,56
5425,155.0,1,2,25,78
5426,164.0,2,2,27,84
5427,119.0,3,2,19,56
5428,138.0,4,2,22,67
5429,113.0,5,2,18,52
5430,118.0,6,2,19,55
5431,123.0,7,2,20,58
5432,146.0,8,2,24,72
5433,133.0,9,2,22,64
5434,127.0,10,2,21,60
5435,132.0,11,2,21,63
5436,155.0,12,2,25,78
5437,150.0,13,2,24,75
5438,190.0,14,2,31,101
5439,182.0,15,2,29,96
5440,124.0,16,2,20,59
5441,127.0,17,2,21,60
5442,91.0,18,2,14,40
5443,122.0,19,2,20,57
5444,114.0,20,2,18,53
5445,125.0,21,2,20,59
5446,125.0,22,2,20,59
5447,105.0,23,2,17,48
5448,98.0,0,3,16,44
5449,129.0,1,3,21,62
5450,102.0,2,3,16,46
5451,133.0,3,3,22,64
5452,131.0,4,3,21,63
5453,123.0,5,3,20,58
5454,108.0,6,3,17,49
5455,110.0,7,3,18,50
5456,112.0,8,3,18,52
5457,165.0,9,3,27,84
5458,80.0,10,3,12,34
5459,133.0,11,3,22,64
5460,125.0,12,3,20,59
5461,155.0,13,3,25,78
5462,150.0,14,3,24,75
5463,107.0,15,3,17,49
5464,143.0,16,3,23,70
5465,150.0,17,3,24,75
5466,136.0,18,3,22,66
5467,136.0,19,3,22,66
5468,178.0,20,3,29,93
5469,129.0,21,3,21,62
5470,123.0,22,3,20,58
5471,139.0,23,3,23,68
5472,167.0,0,4,27,86
5473,111.0,1,4,18,51
5474,160.0,2,4,26,81
5475,151.0,3,4,25,75
5476,144.0,4,4,23,71
5477,204.0,5,4,33,111
5478,172.0,6,4,28,89
5479,154.0,7,4,25,77
5480,177.0,8,4,29,92
5481,196.0,9,4,31,105
5482,193.0,10,4,31,103
5483,197.0,11,4,32,106
5484,176.0,12,4,28,92
5485,200.0,13,4,32,108
5486,192.0,14,4,31,103
5487,162.0,15,4,26,82
5488,138.0,16,4,22,67
5489,148.0,17,4,24,73
5490,123.0,18,4,20,58
5491,151.0,19,4,25,75
5492,167.0,20,4,27,86
5493,148.0,21,4,24,73
5494,201.0,22,4,32,109
5495,152.0,23,4,25,76
5496,133.0,0,5,22,64
5497,136.0,1,5,22,66
5498,119.0,2,5,19,56
5499,154.0,3,5,25,77
5500,159.0,4,5,26,80
5501,156.0,5,5,25,78
5502,149.0,6,5,24,74
5503,150.0,7,5,24,75
5504,140.0,8,5,23,68
5505,146.0,9,5,24,72
5506,200.0,10,5,32,108
5507,163.0,11,5,26,83
5508,149.0,12,5,24,74
5509,151.0,13,5,25,75
5510,139.0,14,5,23,68
5511,191.0,15,5,31,102
5512,132.0,16,5,21,63
5513,176.0,17,5,28,92
5514,192.0,18,5,31,103
5515,161.0,19,5,26,82
5516,163.0,20,5,26,83
5517,118.0,21,5,19,55
5518,141.0,22,5,23,69
5519,141.0,23,5,23,69
5520,144.0,0,6,23,71
5521,158.0,1,6,26,80
5522,159.0,2,6,26,80
5523,198.0,3,6,32,107
5524,209.0,4,6,33,115
5525,245.0,5,6,38,142
5526,212.0,6,6,34,117
5527,177.0,7,6,29,92
5528,189.0,8,6,30,101
5529,212.0,9,6,34,117
5530,220.0,10,6,35,123
5531,174.0,11,6,28,90
5532,176.0,12,6,28,92
5533,171.0,13,6,28,88
5534,206.0,14,6,33,113
5535,134.0,15,6,22,65
5536,160.0,16,6,26,81
5537,164.0,17,6,27,84
5538,174.0,18,6,28,90
5539,176.0,19,6,28,92
5540,140.0,20,6,23,68
5541,139.0,21,6,23,68
5542,176.0,22,6,28,92
5543,141.0,23,6,23,69
5544,173.0,0,0,28,90
5545,177.0,1,0,29,92
5546,149.0,2,0,24,74
5547,173.0,3,0,28,90
5548,144.0,4,0,23,71
5549,163.0,5,0,26,83
5550,165.0,6,0,27,84
5551,183.0,7,0,30,96
5552,165.0,8,0,27,84
5553,205.0,9,0,33,112
5554,186.0,10,0,30,98
5555,150.0,11,0,24,75
5556,152.0,12,0,25,76
5557,149.0,13,0,24,74
5558,196.0,14,0,31,105
5559,172.0,15,0,28,89
5560,135.0,16,0,22,65
5561,163.0,17,0,26,83
5562,121.0,18,0,20,57
5563,160.0,19,0,26,81
5564,155.0,20,0,25,78
5565,150.0,21,0,24,75
5566,154.0,22,0,25,77
5567,150.0,23,0,24,75
5568,141.0,0,1,23,69
5569,180.0,1,1,29,94
5570,193.0,2,1,31,103
5571,167.0,3,1,27,86
5572,198.0,4,1,32,107
5573,152.0,5,1,25,76
5574,202.0,6,1,32,110
5575,154.0,7,1,25,77
5576,144.0,8,1,23,71
5577,166.0,9,1,27,85
5578,123.0,10,1,20,58
5579,145.0,11,1,24,71
5580,182.0,12,1,29,96
5581,163.0,13,1,26,83
5582,200.0,14,1,32,108
5583,243.0,15,1,38,140
5584,228.0,16,1,36,129
5585,208.0,17,1,33,114
5586,243.0,18,1,38,140
5587,253.0,19,1,39,148
5588,251.0,20,1,39,147
5589,228.0,21,1,36,129
5590,262.0,22,1,40,156
5591,183.0,23,1,30,96
5592,173.0,0,2,28,90
5593,145.0,1,2,24,71
5594,176.0,2,2,28,92
5595,181.0,3,2,29,95
5596,166.0,4,2,27,85
5597,143.0,5,2,23,70
5598,149.0,6,2,24,74
5599,146.0,7,2,24,72
5600,155.0,8,2,25,78
5601,147.0,9,2,24,73
5602,190.0,10,2,31,101
5603,174.0,11,2,28,90
5604,158.0,12,2,26,80
5605,164.0,13,2,27,84
5606,206.0,14,2,33,113
5607,183.0,15,2,30,96
5608,186.0,16,2,30,98
5609,166.0,17,2,27,85
5610,138.0,18,2,22,67
5611,178.0,19,2,29,93
5612,180.0,20,2,29,94
5613,149.0,21,2,24,74
5614,182.0,22,2,29,96
5615,180.0,23,2,29,94
5616,169.0,0,3,27,87
5617,186.0,1,3,30,98
5618,161.0,2,3,26,82
5619,167.0,3,3,27,86
5620,154.0,4,3,25,77
5621,172.0,5,3,28,89
5622,166.0,6,3,27,85
5623,169.0,7,3,27,87
5624,143.0,8,3,23,70
5625,182.0,9,3,29,96
5626,177.0,10,3,29,92
5627,138.0,11,3,22,67
5628,165.0,12,3,27,84
5629,207.0,13,3,33,113
5630,214.0,14,3,34,118
5631,215.0,15,3,34,119
5632,146.0,16,3,24,72
5633,124.0,17,3,20,59
5634,118.0,18,3,19,55
5635,154.0,19,3,25,77
5636,162.0,20,3,26,82
5637,170.0,21,3,28,88
5638,215.0,22,3,34,119
5639,224.0,23,3,35,126
5640,215.0,0,4,34,119
5641,216.0,1,4,34,120
5642,230.0,2,4,36,130
5643,191.0,3,4,31,102
5644,213.0,4,4,34,118
5645,144.0,5,4,23,71
5646,196.0,6,4,31,105
5647,139.0,7,4,23,68
5648,194.0,8,4,31,104
5649,233.0,9,4,37,133
5650,205.0,10,4,33,112
5651,202.0,11,4,32,110
5652,180.0,12,4,29,94
5653,171.0,13,4,28,88
5654,185.0,14,4,30,98
5655,197.0,15,4,32,106
5656,203.0,16,4,32,110
5657,193.0,17,4,31,103
5658,278.0,18,4,42,169
5659,237.0,19,4,37,136
5660,246.0,20,4,38,143
5661,231.0,21,4,36,131
5662,229.0,22,4,36,130
5663,228.0,23,4,36,129
5664,184.0,0,5,30,97
5665,176.0,1,5,28,92
5666,174.0,2,5,28,90
5667,177.0,3,5,29,92
5668,205.0,4,5,33,112
5669,207.0,5,5,33,113
5670,164.0,6,5,27,84
5671,178.0,7,5,29,93
5672,165.0,8,5,27,84
5673,175.0,9,5,28,91
5674,164.0,10,5,27,84
5675,153.0,11,5,25,76
5676,166.0,12,5,27,85
5677,177.0,13,5,29,92
5678,144.0,14,5,23,71
5679,121.0,15,5,20,57
5680,163.0,16,5,26,83
5681,189.0,17,5,30,101
5682,172.0,18,5,28,89
5683,170.0,19,5,28,88
5684,248.0,20,5,39,144
5685,213.0,21,5,34,118
5686,181.0,22,5,29,95
5687,170.0,23,5,28,88
5688,181.0,0,6,29,95
5689,128.0,1,6,21,61
5690,132.0,2,6,21,63
5691,129.0,3,6,21,62
5692,140.0,4,6,23,68
5693,177.0,5,6,29,92
5694,139.0,6,6,23,68
5695,138.0,7,6,22,67
5696,203.0,8,6,32,110
5697,169.0,9,6,27,87
5698,142.0,10,6,23,69
5699,143.0,11,6,23,70
5700,116.0,12,6,19,54
5701,151.0,13,6,25,75
5702,172.0,14,6,28,89
5703,155.0,15,6,25,78
5704,144.0,16,6,23,71
5705,177.0,17,6,29,92
5706,155.0,18,6,25,78
5707,129.0,19,6,21,62
5708,129.0,20,6,21,62
5709,149.0,21,6,24,74
5710,122.0,22,6,20,57
5711,153.0,23,6,25,76
5712,165.0,0,0,27,84
5713,155.0,1,0,25,78
5714,136.0,2,0,22,66
5715,178.0,3,0,29,93
5716,153.0,4,0,25,76
5717,136.0,5,0,22,66
5718,131.0,6,0,21,63
5719,146.0,7,0,24,72
5720,136.0,8,0,22,66
5721,104.0,9,0,17,47
5722,132.0,10,0,21,63
5723,116.0,11,0,19,54
5724,176.0,12,0,28,92
5725,132.0,13,0,21,63
5726,151.0,14,0,25,75
5727,136.0,15,0,22,66
5728,126.0,16,0,20,60
5729,124.0,17,0,20,59
5730,108.0,18,0,17,49
5731,133.0,19,0,22,64
5732,141.0,20,0,23,69
5733,122.0,21,0,20,57
5734,134.0,22,0,22,65
5735,128.0,23,0,21,61
5736,106.0,0,1,17,48
5737,173.0,1,1,28,90
5738,113.0,2,1,18,52
5739,122.0,3,1,20,57
5740,104.0,4,1,17,47
5741,133.0,5,1,22,64
5742,100.0,6,1,16,45
5743,112.0,7,1,18,52
5744,119.0,8,1,19,56
5745,132.0,9,1,21,63
5746,118.0,10,1,19,55
5747,98.0,11,1,16,44
5748,111.0,12,1,18,51
5749,141.0,13,1,23,69
5750,83.0,14,1,13,36
5751,100.0,15,1,16,45
5752,90.0,16,1,14,39
5753,125.0,17,1,20,59
5754,112.0,18,1,18,52
5755,116.0,19,1,19,54
5756,107.0,20,1,17,49
5757,100.0,21,1,16,45
5758,96.0,22,1,15,43
5759,94.0,23,1,15,41
5760,143.0,0,2,23,70
5761,127.0,1,2,21,60
5762,85.0,2,2,13,37
5763,119.0,3,2,19,56
5764,90.0,4,2,14,39
5765,87.0,5,2,14,38
5766,107.0,6,2,17,49
5767,101.0,7,2,16,45
5768,107.0,8,2,17,49
5769,96.0,9,2,15,43
5770,110.0,10,2,18,50
5771,98.0,11,2,16,44
5772,85.0,12,2,13,37
5773,88.0,13,2,14,38
5774,96.0,14,2,15,43
5775,105.0,15,2,17,48
5776,89.0,16,2,14,39
5777,58.0,17,2,8,23
5778,101.0,18,2,16,45
5779,89.0,19,2,14,39
5780,87.0,20,2,14,38
5781,99.0,21,2,16,44
5782,120.0,22,2,19,56
5783,142.0,23,2,23,69
5784,106.0,0,3,17,48
5785,82.0,1,3,13,35
5786,88.0,2,3,14,38
5787,117.0,3,3,19,54
5788,81.0,4,3,13,34
5789,80.0,5,3,12,34
5790,96.0,6,3,15,43
5791,90.0,7,3,14,39
5792,110.0,8,3,18,50
5793,78.0,9,3,12,33
5794,66.0,10,3,10,27
5795,88.0,11,3,14,38
5796,104.0,12,3,17,47
5797,82.0,13,3,13,35
5798,99.0,14,3,16,44
5799,132.0,15,3,21,63
5800,79.0,16,3,12,33
5801,69.0,17,3,10,28
5802,69.0,18,3,10,28
5803,66.0,19,3,10,27
5804,52.0,20,3,7,20
5805,50.0,21,3,7,19
5806,58.0,22,3,8,23
5807,43.0,23,3,5,16
5808,66.0,0,4,10,27
5809,70.0,1,4,11,29
5810,84.0,2,4,13,36
5811,81.0,3,4,13,34
5812,83.0,4,4,13,36
5813,84.0,5,4,13,36
5814,80.0,6,4,12,34
5815,85.0,7,4,13,37
5816,85.0,8,4,13,37
5817,74.0,9,4,11,31
5818,56.0,10,4,8,22
5819,76.0,11,4,12,32
5820,61.0,12,4,9,24
5821,62.0,13,4,9,25
5822,81.0,14,4,13,34
5823,52.0,15,4,7,20
5824,66.0,16,4,10,27
5825,94.0,17,4,15,41
5826,91.0,18,4,14,40
5827,101.0,19,4,16,45
5828,93.0,20,4,15,41
5829,97.0,21,4,15,43
5830,75.0,22,4,11,31
5831,93.0,23,4,15,41
5832,68.0,0,5,10,28
5833,112.0,1,5,18,52
5834,100.0,2,5,16,45
5835,78.0,3,5,12,33
5836,86.0,4,5,13,37
5837,67.0,5,5,10,27
5838,111.0,6,5,18,51
5839,75.0,7,5,11,31
5840,66.0,8,5,10,27
5841,101.0,9,5,16,45
5842,86.0,10,5,13,37
5843,88.0,11,5,14,38
5844,59.0,12,5,8,23
5845,48.0,13,5,6,18
5846,57.0,14,5,8,22
5847,57.0,15,5,8,22
5848,37.0,16,5,4,13
5849,47.0,17,5,6,18
5850,50.0,18,5,7,19
5851,47.0,19,5,6,18
5852,82.0,20,5,13,35
5853,48.0,21,5,6,18
5854,37.0,22,5,4,13
5855,44.0,23,5,6,16
5856,43.0,0,6,5,16
5857,65.0,1,6,10,26
5858,36.0,2,6,4,12
5859,46.0,3,6,6,17
5860,50.0,4,6,7,19
5861,35.0,5,6,4,12
5862,62.0,6,6,9,25
5863,44.0,7,6,6,16
5864,47.0,8,6,6,18
5865,51.0,9,6,7,19
5866,54.0,10,6,8,21
5867,80.0,11,6,12,34
5868,50.0,12,6,7,19
5869,48.0,13,6,6,18
5870,40.0,14,6,5,14
5871,30.0,15,6,3,10
5872,42.0,16,6,5,15
5873,46.0,17,6,6,17
5874,29.0,18,6,3,9
5875,38.0,19,6,4,13
5876,37.0,20,6,4,13
5877,32.0,21,6,3,11
5878,34.0,22,6,4,12
5879,32.0,23,6,3,11
5880,28.0,0,0,2,9
5881,32.0,1,0,3,11
5882,41.0,2,0,5,15
5883,29.0,3,0,3,9
5884,29.0,4,0,3,9
5885,26.0,5,0,2,8
5886,51.0,6,0,7,19
5887,22.0,7,0,1,6
5888,29.0,8,0,3,9
5889,32.0,9,0,3,11
5890,29.0,10,0,3,9
5891,33.0,11,0,3,11
5892,38.0,12,0,4,13
5893,41.0,13,0,5,15
5894,22.0,14,0,1,6
5895,28.0,15,0,2,9
5896,27.0,16,0,2,8
5897,18.0,17,0,1,5
5898,17.0,18,0,1,4
5899,20.0,19,0,1,5
5900,20.0,20,0,1,5
5901,30.0,21,0,3,10
5902,43.0,22,0,5,16
5903,29.0,23,0,3,9
5904,20.0,0,1,1,5
5905,15.0,1,1,1,3
5906,41.0,2,1,5,15
5907,38.0,3,1,4,13
5908,26.0,4,1,2,8
5909,16.0,5,1,1,4
5910,25.0,6,1,2,8
5911,13.0,7,1,1,2
5912,21.0,8,1,1,6
5913,29.0,9,1,3,9
5914,25.0,10,1,2,8
5915,17.0,11,1,1,4
5916,15.0,12,1,1,3
5917,36.0,13,1,4,12
5918,30.0,14,1,3,10
5919,36.0,15,1,4,12
5920,29.0,16,1,3,9
5921,12.0,17,1,1,2
5922,27.0,18,1,2,8
5923,36.0,19,1,4,12
5924,23.0,20,1,1,7
5925,19.0,21,1,1,5
5926,21.0,22,1,1,6
5927,24.0,23,1,2,7
5928,24.0,0,2,2,7
5929,17.0,1,2,1,4
5930,24.0,2,2,2,7
5931,17.0,3,2,1,4
5932,22.0,4,2,1,6
5933,26.0,5,2,2,8
5934,20.0,6,2,1,5
5935,17.0,7,2,1,4
5936,14.0,8,2,1,3
5937,27.0,9,2,2,8
5938,23.0,10,2,1,7
5939,15.0,11,2,1,3
5940,20.0,12,2,1,5
5941,18.0,13,2,1,5
5942,16.0,14,2,1,4
5943,23.0,15,2,1,7
5944,27.0,16,2,2,8
5945,34.0,17,2,4,12
5946,14.0,18,2,1,3
5947,16.0,19,2,1,4
5948,20.0,20,2,1,5
5949,26.0,21,2,2,8
5950,10.0,22,2,1,1
5951,19.0,23,2,1,5
5952,9.0,0,3,1,1
5953,12.0,1,3,1,2
5954,23.0,2,3,1,7
5955,17.0,3,3,1,4
5956,16.0,4,3,1,4
5957,12.0,5,3,1,2
5958,14.0,6,3,1,3
5959,6.0,7,3,1,1
5960,15.0,8,3,1,3
5961,23.0,9,3,1,7
5962,13.0,10,3,1,2
5963,21.0,11,3,1,6
5964,17.0,12,3,1,4
5965,15.0,13,3,1,3
5966,26.0,14,3,2,8
5967,43.0,15,3,5,16
5968,62.0,16,3,9,25
5969,30.0,17,3,3,10
5970,43.0,18,3,5,16
5971,34.0,19,3,4,12
5972,48.0,20,3,6,18
5973,40.0,21,3,5,14
5974,50.0,22,3,7,19
5975,47.0,23,3,6,18
5976,28.0,0,4,2,9
5977,37.0,1,4,4,13
5978,34.0,2,4,4,12
5979,51.0,3,4,7,19
5980,33.0,4,4,3,11
5981,5.0,5,4,1,1
5982,9.0,6,4,1,1
5983,13.0,7,4,1,2
5984,17.0,8,4,1,4
5985,29.0,9,4,3,9
5986,40.0,10,4,5,14
5987,47.0,11,4,6,18
5988,44.0,12,4,6,16
5989,51.0,13,4,7,19
5990,39.0,14,4,5,14
5991,15.0,15,4,1,3
5992,12.0,16,4,1,2
5993,19.0,17,4,1,5
5994,21.0,18,4,1,6
5995,20.0,19,4,1,5
5996,7.0,20,4,1,1
5997,14.0,21,4,1,3
5998,8.0,22,4,1,1
5999,17.0,23,4,1,4
6000,9.0,0,5,1,1
6001,10.0,1,5,1,1
6002,4.0,2,5,1,1
6003,8.0,3,5,1,1
6004,14.0,4,5,1,3
6005,15.0,5,5,1,3
6006,16.0,6,5,1,4
6007,6.0,7,5,1,1
6008,13.0,8,5,1,2
6009,16.0,9,5,1,4
6010,10.0,10,5,1,1
6011,7.0,11,5,1,1
6012,4.0,12,5,1,1
6013,7.0,13,5,1,1
6014,15.0,14,5,1,3
6015,19.0,15,5,1,5
6016,8.0,16,5,1,1
6017,4.0,17,5,1,1
6018,7.0,18,5,1,1
6019,8.0,19,5,1,1
6020,5.0,20,5,1,1
6021,9.0,21,5,1,1
6022,8.0,22,5,1,1
6023,10.0,23,5,1,1
6024,14.0,0,6,1,3
6025,9.0,1,6,1,1
6026,6.0,2,6,1,1
6027,8.0,3,6,1,1
6028,9.0,4,6,1,1
6029,5.0,5,6,1,1
6030,12.0,6,6,1,2
6031,12.0,7,6,1,2
6032,14.0,8,6,1,3
6033,7.0,9,6,1,1
6034,9.0,10,6,1,1
6035,10.0,11,6,1,1
6036,10.0,12,6,1,1
6037,8.0,13,6,1,1
6038,19.0,14,6,1,5
6039,15.0,15,6,1,3
6040,17.0,16,6,1,4
6041,24.0,17,6,2,7
6042,18.0,18,6,1,5
6043,25.0,19,6,2,8
6044,15.0,20,6,1,3
6045,13.0,21,6,1,2
6046,8.0,22,6,1,1
6047,8.0,23,6,1,1
6048,7.0,0,0,1,1
6049,12.0,1,0,1,2
6050,4.0,2,0,1,1
6051,10.0,3,0,1,1
6052,12.0,4,0,1,2
6053,7.0,5,0,1,1
6054,13.0,6,0,1,2
6055,10.0,7,0,1,1
6056,8.0,8,0,1,1
6057,14.0,9,0,1,3
6058,9.0,10,0,1,1
6059,14.0,11,0,1,3
6060,4.0,12,0,1,1
6061,4.0,13,0,1,1
6062,12.0,14,0,1,2
6063,7.0,15,0,1,1
6064,9.0,16,0,1,1
6065,19.0,17,0,1,5
6066,7.0,18,0,1,1
6067,4.0,19,0,1,1
6068,6.0,20,0,1,1
6069,15.0,21,0,1,3
6070,8.0,22,0,1,1
6071,12.0,23,0,1,2
6072,14.0,0,1,1,3
6073,15.0,1,1,1,3
6074,12.0,2,1,1,2
6075,3.0,3,1,1,1
6076,6.0,4,1,1,1
6077,12.0,5,1,1,2
6078,10.0,6,1,1,1
6079,5.0,7,1,1,1
6080,12.0,8,1,1,2
6081,10.0,9,1,1,1
6082,3.0,10,1,1,1
6083,5.0,11,1,1,1
6084,14.0,12,1,1,3
6085,3.0,13,1,1,1
6086,8.0,14,1,1,1
6087,7.0,15,1,1,1
6088,4.0,16,1,1,1
6089,13.0,17,1,1,2
6090,7.0,18,1,1,1
6091,9.0,19,1,1,1
6092,8.0,20,1,1,1
6093,4.0,21,1,1,1
6094,14.0,22,1,1,3
6095,14.0,23,1,1,3
6096,5.0,0,2,1,1
6097,9.0,1,2,1,1
6098,13.0,2,2,1,2
6099,25.0,3,2,2,8
6100,12.0,4,2,1,2
6101,12.0,5,2,1,2
6102,19.0,6,2,1,5
6103,19.0,7,2,1,5
6104,7.0,8,2,1,1
6105,9.0,9,2,1,1
6106,8.0,10,2,1,1
6107,10.0,11,2,1,1
6108,35.0,12,2,4,12
6109,15.0,13,2,1,3
6110,14.0,14,2,1,3
6111,15.0,15,2,1,3
6112,9.0,16,2,1,1
6113,8.0,17,2,1,1
6114,12.0,18,2,1,2
6115,14.0,19,2,1,3
6116,4.0,20,2,1,1
6117,5.0,21,2,1,1
6118,5.0,22,2,1,1
6119,7.0,23,2,1,1
6120,6.0,0,3,1,1
6121,4.0,1,3,1,1
6122,9.0,2,3,1,1
6123,6.0,3,3,1,1
6124,16.0,4,3,1,4
6125,7.0,5,3,1,1
6126,2.0,6,3,1,1
6127,7.0,7,3,1,1
6128,12.0,8,3,1,2
6129,8.0,9,3,1,1
6130,3.0,10,3,1,1
6131,7.0,11,3,1,1
6132,7.0,12,3,1,1
6133,8.0,13,3,1,1
6134,9.0,14,3,1,1
6135,21.0,15,3,1,6
6136,5.0,16,3,1,1
6137,5.0,17,3,1,1
6138,9.0,18,3,1,1
6139,20.0,19,3,1,5
6140,9.0,20,3,1,1
6141,3.0,21,3,1,1
6142,9.0,22,3,1,1
6143,9.0,23,3,1,1
6144,8.0,0,4,1,1
6145,6.0,1,4,1,1
6146,7.0,2,4,1,1
6147,10.0,3,4,1,1
6148,8.0,4,4,1,1
6149,16.0,5,4,1,4
6150,32.0,6,4,3,11
6151,9.0,7,4,1,1
6152,7.0,8,4,1,1
6153,7.0,9,4,1,1
6154,8.0,10,4,1,1
6155,18.0,11,4,1,5
6156,15.0,12,4,1,3
6157,17.0,13,4,1,4
6158,8.0,14,4,1,1
6159,8.0,15,4,1,1
6160,10.0,16,4,1,1
6161,17.0,17,4,1,4
6162,18.0,18,4,1,5
6163,13.0,19,4,1,2
6164,10.0,20,4,1,1
6165,16.0,21,4,1,4
6166,28.0,22,4,2,9
6167,22.0,23,4,1,6
6168,14.0,0,5,1,3
6169,15.0,1,5,1,3
6170,15.0,2,5,1,3
6171,12.0,3,5,1,2
6172,17.0,4,5,1,4
6173,5.0,5,5,1,1
6174,17.0,6,5,1,4
6175,13.0,7,5,1,2
6176,6.0,8,5,1,1
6177,4.0,9,5,1,1
6178,8.0,10,5,1,1
6179,16.0,11,5,1,4
6180,10.0,12,5,1,1
6181,6.0,13,5,1,1
6182,23.0,14,5,1,7
6183,17.0,15,5,1,4
6184,17.0,16,5,1,4
6185,9.0,17,5,1,1
6186,8.0,18,5,1,1
6187,21.0,19,5,1,6
6188,16.0,20,5,1,4
6189,13.0,21,5,1,2
6190,12.0,22,5,1,2
6191,7.0,23,5,1,1
6192,9.0,0,6,1,1
6193,14.0,1,6,1,3
6194,36.0,2,6,4,12
6195,15.0,3,6,1,3
6196,26.0,4,6,2,8
6197,30.0,5,6,3,10
6198,57.0,6,6,8,22
6199,38.0,7,6,4,13
6200,50.0,8,6,7,19
6201,47.0,9,6,6,18
6202,38.0,10,6,4,13
6203,23.0,11,6,1,7
6204,27.0,12,6,2,8
6205,41.0,13,6,5,15
6206,27.0,14,6,2,8
6207,24.0,15,6,2,7
6208,29.0,16,6,3,9
6209,20.0,17,6,1,5
6210,57.0,18,6,8,22
6211,75.0,19,6,11,31
6212,94.0,20,6,15,41
6213,97.0,21,6,15,43
6214,91.0,22,6,14,40
6215,83.0,23,6,13,36
6216,76.0,0,0,12,32
6217,84.0,1,0,13,36
6218,66.0,2,0,10,27
6219,37.0,3,0,4,13
6220,21.0,4,0,1,6
6221,35.0,5,0,4,12
6222,39.0,6,0,5,14
6223,45.0,7,0,6,17
6224,44.0,8,0,6,16
6225,36.0,9,0,4,12
6226,38.0,10,0,4,13
6227,30.0,11,0,3,10
6228,37.0,12,0,4,13
6229,36.0,13,0,4,12
6230,50.0,14,0,7,19
6231,33.0,15,0,3,11
6232,35.0,16,0,4,12
6233,32.0,17,0,3,11
6234,23.0,18,0,1,7
6235,58.0,19,0,8,23
6236,40.0,20,0,5,14
6237,38.0,21,0,4,13
6238,44.0,22,0,6,16
6239,36.0,23,0,4,12
6240,28.0,0,1,2,9
6241,38.0,1,1,4,13
6242,42.0,2,1,5,15
6243,47.0,3,1,6,18
6244,41.0,4,1,5,15
6245,40.0,5,1,5,14
6246,46.0,6,1,6,17
6247,54.0,7,1,8,21
6248,57.0,8,1,8,22
6249,41.0,9,1,5,15
6250,38.0,10,1,4,13
6251,30.0,11,1,3,10
6252,51.0,12,1,7,19
6253,50.0,13,1,7,19
6254,42.0,14,1,5,15
6255,36.0,15,1,4,12
6256,35.0,16,1,4,12
6257,39.0,17,1,5,14
6258,65.0,18,1,10,26
6259,57.0,19,1,8,22
6260,67.0,20,1,10,27
6261,103.0,21,1,16,46
6262,98.0,22,1,16,44
6263,101.0,23,1,16,45
6264,85.0,0,2,13,37
6265,136.0,1,2,22,66
6266,122.0,2,2,20,57
6267,98.0,3,2,16,44
6268,100.0,4,2,16,45
6269,96.0,5,2,15,43
6270,87.0,6,2,14,38
6271,46.0,7,2,6,17
6272,45.0,8,2,6,17
6273,45.0,9,2,6,17
6274,68.0,10,2,10,28
6275,67.0,11,2,10,27
6276,68.0,12,2,10,28
6277,92.0,13,2,15,40
6278,78.0,14,2,12,33
6279,45.0,15,2,6,17
6280,49.0,16,2,7,18
6281,45.0,17,2,6,17
6282,51.0,18,2,7,19
6283,63.0,19,2,9,25
6284,70.0,20,2,11,29
6285,60.0,21,2,9,24
6286,43.0,22,2,5,16
6287,61.0,23,2,9,24
6288,65.0,0,3,10,26
6289,63.0,1,3,9,25
6290,89.0,2,3,14,39
6291,56.0,3,3,8,22
6292,89.0,4,3,14,39
6293,80.0,5,3,12,34
6294,46.0,6,3,6,17
6295,81.0,7,3,13,34
6296,75.0,8,3,11,31
6297,82.0,9,3,13,35
6298,86.0,10,3,13,37
6299,81.0,11,3,13,34
6300,99.0,12,3,16,44
6301,144.0,13,3,23,71
6302,155.0,14,3,25,78
6303,98.0,15,3,16,44
6304,90.0,16,3,14,39
6305,92.0,17,3,15,40
6306,96.0,18,3,15,43
6307,114.0,19,3,18,53
6308,93.0,20,3,15,41
6309,114.0,21,3,18,53
6310,124.0,22,3,20,59
6311,123.0,23,3,20,58
6312,92.0,0,4,15,40
6313,78.0,1,4,12,33
6314,92.0,2,4,15,40
6315,103.0,3,4,16,46
6316,107.0,4,4,17,49
6317,82.0,5,4,13,35
6318,91.0,6,4,14,40
6319,78.0,7,4,12,33
6320,92.0,8,4,15,40
6321,54.0,9,4,8,21
6322,72.0,10,4,11,30
6323,72.0,11,4,11,30
6324,96.0,12,4,15,43
6325,106.0,13,4,17,48
6326,92.0,14,4,15,40
6327,81.0,15,4,13,34
6328,77.0,16,4,12,32
6329,128.0,17,4,21,61
6330,146.0,18,4,24,72
6331,144.0,19,4,23,71
6332,126.0,20,4,20,60
6333,106.0,21,4,17,48
6334,111.0,22,4,18,51
6335,106.0,23,4,17,48
6336,84.0,0,5,13,36
6337,88.0,1,5,14,38
6338,106.0,2,5,17,48
6339,89.0,3,5,14,39
6340,93.0,4,5,15,41
6341,107.0,5,5,17,49
6342,90.0,6,5,14,39
6343,75.0,7,5,11,31
6344,90.0,8,5,14,39
6345,66.0,9,5,10,27
6346,62.0,10,5,9,25
6347,90.0,11,5,14,39
6348,96.0,12,5,15,43
6349,111.0,13,5,18,51
6350,93.0,14,5,15,41
6351,88.0,15,5,14,38
6352,118.0,16,5,19,55
6353,89.0,17,5,14,39
6354,101.0,18,5,16,45
6355,78.0,19,5,12,33
6356,96.0,20,5,15,43
6357,103.0,21,5,16,46
6358,133.0,22,5,22,64
6359,108.0,23,5,17,49
6360,111.0,0,6,18,51
6361,134.0,1,6,22,65
6362,146.0,2,6,24,72
6363,150.0,3,6,24,75
6364,191.0,4,6,31,102
6365,200.0,5,6,32,108
6366,204.0,6,6,33,111
6367,255.0,7,6,40,150
6368,206.0,8,6,33,113
6369,166.0,9,6,27,85
6370,154.0,10,6,25,77
6371,148.0,11,6,24,73
6372,109.0,12,6,18,50
6373,146.0,13,6,24,72
6374,101.0,14,6,16,45
6375,113.0,15,6,18,52
6376,100.0,16,6,16,45
6377,93.0,17,6,15,41
6378,90.0,18,6,14,39
6379,135.0,19,6,22,65
6380,105.0,20,6,17,48
6381,105.0,21,6,17,48
6382,145.0,22,6,24,71
6383,111.0,23,6,18,51
6384,135.0,0,0,22,65
6385,113.0,1,0,18,52
6386,134.0,2,0,22,65
6387,118.0,3,0,19,55
6388,91.0,4,0,14,40
6389,100.0,5,0,16,45
6390,101.0,6,0,16,45
6391,104.0,7,0,17,47
6392,94.0,8,0,15,41
6393,111.0,9,0,18,51
6394,76.0,10,0,12,32
6395,132.0,11,0,21,63
6396,131.0,12,0,21,63
6397,117.0,13,0,19,54
6398,127.0,14,0,21,60
6399,132.0,15,0,21,63
6400,129.0,16,0,21,62
6401,132.0,17,0,21,63
6402,109.0,18,0,18,50
6403,100.0,19,0,16,45
6404,108.0,20,0,17,49
6405,87.0,21,0,14,38
6406,108.0,22,0,17,49
6407,94.0,23,0,15,41
6408,82.0,0,1,13,35
6409,81.0,1,1,13,34
6410,114.0,2,1,18,53
6411,118.0,3,1,19,55
6412,82.0,4,1,13,35
6413,100.0,5,1,16,45
6414,78.0,6,1,12,33
6415,80.0,7,1,12,34
6416,106.0,8,1,17,48
6417,107.0,9,1,17,49
6418,109.0,10,1,18,50
6419,86.0,11,1,13,37
6420,93.0,12,1,15,41
6421,98.0,13,1,16,44
6422,90.0,14,1,14,39
6423,104.0,15,1,17,47
6424,100.0,16,1,16,45
6425,134.0,17,1,22,65
6426,125.0,18,1,20,59
6427,132.0,19,1,21,63
6428,164.0,20,1,27,84
6429,103.0,21,1,16,46
6430,98.0,22,1,16,44
6431,142.0,23,1,23,69
6432,155.0,0,2,25,78
6433,203.0,1,2,32,110
6434,222.0,2,2,35,124
6435,214.0,3,2,34,118
6436,231.0,4,2,36,131
6437,175.0,5,2,28,91
6438,159.0,6,2,26,80
6439,170.0,7,2,28,88
6440,134.0,8,2,22,65
6441,144.0,9,2,23,71
6442,113.0,10,2,18,52
6443,128.0,11,2,21,61
6444,128.0,12,2,21,61
6445,131.0,13,2,21,63
6446,130.0,14,2,21,62
6447,143.0,15,2,23,70
6448,124.0,16,2,20,59
6449,118.0,17,2,19,55
6450,86.0,18,2,13,37
6451,141.0,19,2,23,69
6452,183.0,20,2,30,96
6453,159.0,21,2,26,80
6454,131.0,22,2,21,63
6455,132.0,23,2,21,63
6456,122.0,0,3,20,57
6457,106.0,1,3,17,48
6458,156.0,2,3,25,78
6459,123.0,3,3,20,58
6460,97.0,4,3,15,43
6461,104.0,5,3,17,47
6462,145.0,6,3,24,71
6463,122.0,7,3,20,57
6464,159.0,8,3,26,80
6465,162.0,9,3,26,82
6466,151.0,10,3,25,75
6467,153.0,11,3,25,76
6468,143.0,12,3,23,70
6469,110.0,13,3,18,50
6470,167.0,14,3,27,86
6471,133.0,15,3,22,64
6472,177.0,16,3,29,92
6473,168.0,17,3,27,86
6474,136.0,18,3,22,66
6475,114.0,19,3,18,53
6476,147.0,20,3,24,73
6477,150.0,21,3,24,75
6478,104.0,22,3,17,47
6479,92.0,23,3,15,40
6480,107.0,0,4,17,49
6481,120.0,1,4,19,56
6482,127.0,2,4,21,60
6483,144.0,3,4,23,71
6484,132.0,4,4,21,63
6485,128.0,5,4,21,61
6486,134.0,6,4,22,65
6487,113.0,7,4,18,52
6488,152.0,8,4,25,76
6489,148.0,9,4,24,73
6490,160.0,10,4,26,81
6491,107.0,11,4,17,49
6492,131.0,12,4,21,63
6493,142.0,13,4,23,69
6494,158.0,14,4,26,80
6495,113.0,15,4,18,52
6496,138.0,16,4,22,67
6497,116.0,17,4,19,54
6498,106.0,18,4,17,48
6499,117.0,19,4,19,54
6500,160.0,20,4,26,81
6501,174.0,21,4,28,90
6502,158.0,22,4,26,80
6503,113.0,23,4,18,52
6504,144.0,0,5,23,71
6505,145.0,1,5,24,71
6506,101.0,2,5,16,45
6507,112.0,3,5,18,52
6508,110.0,4,5,18,50
6509,123.0,5,5,20,58
6510,133.0,6,5,22,64
6511,147.0,7,5,24,73
6512,154.0,8,5,25,77
6513,118.0,9,5,19,55
6514,143.0,10,5,23,70
6515,108.0,11,5,17,49
6516,174.0,12,5,28,90
6517,128.0,13,5,21,61
6518,159.0,14,5,26,80
6519,174.0,15,5,28,90
6520,88.0,16,5,14,38
6521,144.0,17,5,23,71
6522,159.0,18,5,26,80
6523,132.0,19,5,21,63
6524,88.0,20,5,14,38
6525,97.0,21,5,15,43
6526,93.0,22,5,15,41
6527,99.0,23,5,16,44
6528,110.0,0,6,18,50
6529,117.0,1,6,19,54
6530,108.0,2,6,17,49
6531,97.0,3,6,15,43
6532,116.0,4,6,19,54
6533,111.0,5,6,18,51
6534,91.0,6,6,14,40
6535,97.0,7,6,15,43
6536,99.0,8,6,16,44
6537,122.0,9,6,20,57
6538,130.0,10,6,21,62
6539,103.0,11,6,16,46
6540,60.0,12,6,9,24
6541,87.0,13,6,14,38
6542,84.0,14,6,13,36
6543,88.0,15,6,14,38
6544,94.0,16,6,15,41
6545,130.0,17,6,21,62
6546,104.0,18,6,17,47
6547,99.0,19,6,16,44
6548,76.0,20,6,12,32
6549,92.0,21,6,15,40
6550,86.0,22,6,13,37
6551,94.0,23,6,15,41
6552,140.0,0,0,23,68
6553,176.0,1,0,28,92
6554,156.0,2,0,25,78
6555,166.0,3,0,27,85
6556,174.0,4,0,28,90
6557,206.0,5,0,33,113
6558,169.0,6,0,27,87
6559,162.0,7,0,26,82
6560,161.0,8,0,26,82
6561,165.0,9,0,27,84
6562,159.0,10,0,26,80
6563,121.0,11,0,20,57
6564,131.0,12,0,21,63
6565,148.0,13,0,24,73
6566,154.0,14,0,25,77
6567,119.0,15,0,19,56
6568,144.0,16,0,23,71
6569,127.0,17,0,21,60
6570,107.0,18,0,17,49
6571,122.0,19,0,20,57
6572,104.0,20,0,17,47
6573,88.0,21,0,14,38
6574,82.0,22,0,13,35
6575,121.0,23,0,20,57
6576,94.0,0,1,15,41
6577,116.0,1,1,19,54
6578,98.0,2,1,16,44
6579,121.0,3,1,20,57
6580,166.0,4,1,27,85
6581,128.0,5,1,21,61
6582,101.0,6,1,16,45
6583,111.0,7,1,18,51
6584,103.0,8,1,16,46
6585,116.0,9,1,19,54
6586,122.0,10,1,20,57
6587,133.0,11,1,22,64
6588,86.0,12,1,13,37
6589,119.0,13,1,19,56
6590,89.0,14,1,14,39
6591,116.0,15,1,19,54
6592,102.0,16,1,16,46
6593,118.0,17,1,19,55
6594,133.0,18,1,22,64
6595,130.0,19,1,21,62
6596,141.0,20,1,23,69
6597,109.0,21,1,18,50
6598,144.0,22,1,23,71
6599,144.0,23,1,23,71
6600,136.0,0,2,22,66
6601,100.0,1,2,16,45
6602,111.0,2,2,18,51
6603,141.0,3,2,23,69
6604,128.0,4,2,21,61
6605,126.0,5,2,20,60
6606,127.0,6,2,21,60
6607,148.0,7,2,24,73
6608,131.0,8,2,21,63
6609,110.0,9,2,18,50
6610,105.0,10,2,17,48
6611,105.0,11,2,17,48
6612,110.0,12,2,18,50
6613,147.0,13,2,24,73
6614,124.0,14,2,20,59
6615,110.0,15,2,18,50
6616,121.0,16,2,20,57
6617,151.0,17,2,25,75
6618,159.0,18,2,26,80
6619,156.0,19,2,25,78
6620,161.0,20,2,26,82
6621,128.0,21,2,21,61
6622,111.0,22,2,18,51
6623,130.0,23,2,21,62
6624,163.0,0,3,26,83
6625,150.0,1,3,24,75
6626,153.0,2,3,25,76
6627,182.0,3,3,29,96
6628,169.0,4,3,27,87
6629,88.0,5,3,14,38
6630,139.0,6,3,23,68
6631,131.0,7,3,21,63
6632,109.0,8,3,18,50
6633,94.0,9,3,15,41
6634,83.0,10,3,13,36
6635,104.0,11,3,17,47
6636,113.0,12,3,18,52
6637,109.0,13,3,18,50
6638,104.0,14,3,17,47
6639,106.0,15,3,17,48
6640,108.0,16,3,17,49
6641,132.0,17,3,21,63
6642,110.0,18,3,18,50
6643,97.0,19,3,15,43
6644,98.0,20,3,16,44
6645,102.0,21,3,16,46
6646,76.0,22,3,12,32
6647,106.0,23,3,17,48
6648,90.0,0,4,14,39
6649,85.0,1,4,13,37
6650,98.0,2,4,16,44
6651,76.0,3,4,12,32
6652,98.0,4,4,16,44
6653,89.0,5,4,14,39
6654,94.0,6,4,15,41
6655,101.0,7,4,16,45
6656,114.0,8,4,18,53
6657,160.0,9,4,26,81
6658,98.0,10,4,16,44
6659,111.0,11,4,18,51
6660,98.0,12,4,16,44
6661,123.0,13,4,20,58
6662,117.0,14,4,19,54
6663,93.0,15,4,15,41
6664,79.0,16,4,12,33
6665,99.0,17,4,16,44
6667,133.0,19,4,22,64
6668,158.0,20,4,26,80
6669,160.0,21,4,26,81
6670,163.0,22,4,26,83
6671,139.0,23,4,23,68
6672,171.0,0,5,28,88
6673,134.0,1,5,22,65
6674,191.0,2,5,31,102
6675,151.0,3,5,25,75
6676,117.0,4,5,19,54
6677,188.0,5,5,30,100
6678,140.0,6,5,23,68
6679,129.0,7,5,21,62
6680,97.0,8,5,15,43
6681,134.0,9,5,22,65
6682,87.0,10,5,14,38
6683,94.0,11,5,15,41
6684,117.0,12,5,19,54
6685,83.0,13,5,13,36
6686,107.0,14,5,17,49
6687,87.0,15,5,14,38
6688,101.0,16,5,16,45
6689,116.0,17,5,19,54
6690,75.0,18,5,11,31
6691,67.0,19,5,10,27
6692,107.0,20,5,17,49
6693,100.0,21,5,16,45
6694,97.0,22,5,15,43
6695,110.0,23,5,18,50
6696,104.0,0,6,17,47
6697,108.0,1,6,17,49
6698,143.0,2,6,23,70
6699,83.0,3,6,13,36
6700,133.0,4,6,22,64
6701,102.0,5,6,16,46
6702,108.0,6,6,17,49
6703,116.0,7,6,19,54
6704,124.0,8,6,20,59
6705,102.0,9,6,16,46
6706,128.0,10,6,21,61
6707,130.0,11,6,21,62
6708,134.0,12,6,22,65
6709,135.0,13,6,22,65
6710,116.0,14,6,19,54
6711,134.0,15,6,22,65
6712,128.0,16,6,21,61
6713,140.0,17,6,23,68
6714,86.0,18,6,13,37
6715,111.0,19,6,18,51
6716,149.0,20,6,24,74
6717,117.0,21,6,19,54
6718,109.0,22,6,18,50
6719,121.0,23,6,20,57
6720,124.0,0,0,20,59
6721,100.0,1,0,16,45
6722,130.0,2,0,21,62
6723,126.0,3,0,20,60
6724,112.0,4,0,18,52
6725,128.0,5,0,21,61
6726,107.0,6,0,17,49
6727,124.0,7,0,20,59
6728,119.0,8,0,19,56
6729,131.0,9,0,21,63
6730,109.0,10,0,18,50
6731,134.0,11,0,22,65
6732,120.0,12,0,19,56
6733,116.0,13,0,19,54
6734,158.0,14,0,26,80
6735,125.0,15,0,20,59
6736,102.0,16,0,16,46
6737,152.0,17,0,25,76
6738,135.0,18,0,22,65
6739,118.0,19,0,19,55
6740,128.0,20,0,21,61
6741,124.0,21,0,20,59
6742,120.0,22,0,19,56
6743,129.0,23,0,21,62
6744,156.0,0,1,25,78
6745,156.0,1,1,25,78
6746,184.0,2,1,30,97
6747,117.0,3,1,19,54
6748,119.0,4,1,19,56
6749,98.0,5,1,16,44
6750,117.0,6,1,19,54
6751,126.0,7,1,20,60
6752,138.0,8,1,22,67
6753,120.0,9,1,19,56
6754,143.0,10,1,23,70
6755,118.0,11,1,19,55
6756,93.0,12,1,15,41
6757,110.0,13,1,18,50
6758,133.0,14,1,22,64
6759,116.0,15,1,19,54
6760,183.0,16,1,30,96
6761,161.0,17,1,26,82
6762,162.0,18,1,26,82
6763,148.0,19,1,24,73
6764,149.0,20,1,24,74
6765,190.0,21,1,31,101
6766,169.0,22,1,27,87
6767,176.0,23,1,28,92
6768,170.0,0,2,28,88
6769,148.0,1,2,24,73
6770,148.0,2,2,24,73
6771,140.0,3,2,23,68
6772,142.0,4,2,23,69
6773,156.0,5,2,25,78
6774,138.0,6,2,22,67
6775,127.0,7,2,21,60
6776,105.0,8,2,17,48
6777,133.0,9,2,22,64
6778,116.0,10,2,19,54
6779,121.0,11,2,20,57
6780,107.0,12,2,17,49
6781,140.0,13,2,23,68
6782,143.0,14,2,23,70
6783,96.0,15,2,15,43
6784,107.0,16,2,17,49
6785,85.0,17,2,13,37
6786,114.0,18,2,18,53
6787,114.0,19,2,18,53
6788,103.0,20,2,16,46
6789,94.0,21,2,15,41
6790,121.0,22,2,20,57
6791,86.0,23,2,13,37
6792,147.0,0,3,24,73
6793,106.0,1,3,17,48
6794,133.0,2,3,22,64
6795,113.0,3,3,18,52
6796,121.0,4,3,20,57
6797,108.0,5,3,17,49
6798,135.0,6,3,22,65
6799,135.0,7,3,22,65
6800,128.0,8,3,21,61
6801,133.0,9,3,22,64
6802,178.0,10,3,29,93
6803,149.0,11,3,24,74
6804,106.0,12,3,17,48
6805,186.0,13,3,30,98
6806,148.0,14,3,24,73
6807,146.0,15,3,24,72
6808,184.0,16,3,30,97
6809,167.0,17,3,27,86
6810,176.0,18,3,28,92
6811,167.0,19,3,27,86
6812,124.0,20,3,20,59
6813,112.0,21,3,18,52
6814,112.0,22,3,18,52
6815,79.0,23,3,12,33
6816,121.0,0,4,20,57
6817,103.0,1,4,16,46
6818,149.0,2,4,24,74
6819,112.0,3,4,18,52
6820,116.0,4,4,19,54
6821,128.0,5,4,21,61
6822,151.0,6,4,25,75
6823,129.0,7,4,21,62
6824,112.0,8,4,18,52
6825,168.0,9,4,27,86
6826,109.0,10,4,18,50
6827,124.0,11,4,20,59
6828,146.0,12,4,24,72
6829,100.0,13,4,16,45
6830,133.0,14,4,22,64
6831,133.0,15,4,22,64
6832,119.0,16,4,19,56
6833,133.0,17,4,22,64
6834,106.0,18,4,17,48
6835,100.0,19,4,16,45
6836,114.0,20,4,18,53
6837,145.0,21,4,24,71
6838,114.0,22,4,18,53
6839,123.0,23,4,20,58
6840,114.0,0,5,18,53
6841,138.0,1,5,22,67
6842,136.0,2,5,22,66
6843,164.0,3,5,27,84
6844,185.0,4,5,30,98
6845,107.0,5,5,17,49
6846,134.0,6,5,22,65
6847,124.0,7,5,20,59
6848,162.0,8,5,26,82
6849,130.0,9,5,21,62
6850,146.0,10,5,24,72
6851,176.0,11,5,28,92
6852,118.0,12,5,19,55
6853,143.0,13,5,23,70
6854,180.0,14,5,29,94
6855,203.0,15,5,32,110
6856,180.0,16,5,29,94
6857,156.0,17,5,25,78
6858,203.0,18,5,32,110
6859,165.0,19,5,27,84
6860,126.0,20,5,20,60
6861,113.0,21,5,18,52
6862,104.0,22,5,17,47
6863,97.0,23,5,15,43
6864,92.0,0,6,15,40
6865,110.0,1,6,18,50
6866,125.0,2,6,20,59
6867,113.0,3,6,18,52
6868,126.0,4,6,20,60
6869,109.0,5,6,18,50
6870,111.0,6,6,18,51
6871,121.0,7,6,20,57
6872,143.0,8,6,23,70
6873,123.0,9,6,20,58
6874,102.0,10,6,16,46
6875,134.0,11,6,22,65
6884,358.0,20,6,51,241
6885,122.0,21,6,20,57
6887,102.0,23,6,16,46
6888,133.0,0,0,22,64
6890,282.0,2,0,43,172
6891,112.0,3,0,18,52
6892,92.0,4,0,15,40
6894,112.0,6,0,18,52
6895,144.0,7,0,23,71
6897,148.0,9,0,24,73
6899,151.0,11,0,25,75
6900,177.0,12,0,29,92
6901,156.0,13,0,25,78
6902,165.0,14,0,27,84
6903,168.0,15,0,27,86
6904,147.0,16,0,24,73
6905,145.0,17,0,24,71
6906,141.0,18,0,23,69
6909,149.0,21,0,24,74
6910,138.0,22,0,22,67
6911,113.0,23,0,18,52
6912,162.0,0,1,26,82
6913,113.0,1,1,18,52
6914,197.0,2,1,32,106
6915,165.0,3,1,27,84
6916,189.0,4,1,30,101
6917,166.0,5,1,27,85
6918,154.0,6,1,25,77
6919,170.0,7,1,28,88
6920,176.0,8,1,28,92
6921,169.0,9,1,27,87
6922,165.0,10,1,27,84
6923,186.0,11,1,30,98
6924,242.0,12,1,38,140
6925,185.0,13,1,30,98
6926,184.0,14,1,30,97
6927,126.0,15,1,20,60
6928,131.0,16,1,21,63
6929,145.0,17,1,24,71
6930,133.0,18,1,22,64
6931,145.0,19,1,24,71
6932,136.0,20,1,22,66
6933,85.0,21,1,13,37
6934,116.0,22,1,19,54
6935,132.0,23,1,21,63
6936,99.0,0,2,16,44
6937,134.0,1,2,22,65
6938,176.0,2,2,28,92
6939,181.0,3,2,29,95
6940,147.0,4,2,24,73
6941,158.0,5,2,26,80
6942,134.0,6,2,22,65
6943,146.0,7,2,24,72
6944,169.0,8,2,27,87
6945,109.0,9,2,18,50
6946,147.0,10,2,24,73
6947,142.0,11,2,23,69
6948,143.0,12,2,23,70
6949,145.0,13,2,24,71
6950,165.0,14,2,27,84
6951,124.0,15,2,20,59
6952,154.0,16,2,25,77
6953,185.0,17,2,30,98
6954,190.0,18,2,31,101
6955,230.0,19,2,36,130
6956,170.0,20,2,28,88
6957,184.0,21,2,30,97
6958,185.0,22,2,30,98
6959,181.0,23,2,29,95
6960,176.0,0,3,28,92
6961,195.0,1,3,31,105
6962,189.0,2,3,30,101
6963,187.0,3,3,30,99
6964,200.0,4,3,32,108
6965,167.0,5,3,27,86
6966,186.0,6,3,30,98
6967,197.0,7,3,32,106
6968,230.0,8,3,36,130
6969,203.0,9,3,32,110
6970,204.0,10,3,33,111
6971,216.0,11,3,34,120
6972,152.0,12,3,25,76
6973,149.0,13,3,24,74
6974,195.0,14,3,31,105
6975,164.0,15,3,27,84
6976,169.0,16,3,27,87
6977,148.0,17,3,24,73
6978,183.0,18,3,30,96
6979,195.0,19,3,31,105
6980,171.0,20,3,28,88
6981,164.0,21,3,27,84
6982,176.0,22,3,28,92
6983,181.0,23,3,29,95
6984,208.0,0,4,33,114
6985,256.0,1,4,40,151
6986,173.0,2,4,28,90
6987,198.0,3,4,32,107
6988,139.0,4,4,23,68
6989,166.0,5,4,27,85
6990,203.0,6,4,32,110
6991,166.0,7,4,27,85
6992,168.0,8,4,27,86
6993,167.0,9,4,27,86
6994,147.0,10,4,24,73
6995,124.0,11,4,20,59
6996,133.0,12,4,22,64
6997,155.0,13,4,25,78
6998,163.0,14,4,26,83
6999,147.0,15,4,24,73
7000,161.0,16,4,26,82
7001,168.0,17,4,27,86
7002,210.0,18,4,33,115
7003,218.0,19,4,35,121
7004,159.0,20,4,26,80
7005,162.0,21,4,26,82
7006,155.0,22,4,25,78
7007,174.0,23,4,28,90
7008,167.0,0,5,27,86
7009,129.0,1,5,21,62
7010,163.0,2,5,26,83
7011,186.0,3,5,30,98
7012,146.0,4,5,24,72
7013,144.0,5,5,23,71
7014,155.0,6,5,25,78
7015,152.0,7,5,25,76
7016,176.0,8,5,28,92
7017,133.0,9,5,22,64
7018,144.0,10,5,23,71
7019,147.0,11,5,24,73
7020,134.0,12,5,22,65
7021,164.0,13,5,27,84
7022,205.0,14,5,33,112
7023,164.0,15,5,27,84
7024,177.0,16,5,29,92
7025,164.0,17,5,27,84
7026,154.0,18,5,25,77
7027,197.0,19,5,32,106
7028,166.0,20,5,27,85
7029,181.0,21,5,29,95
7030,183.0,22,5,30,96
7031,162.0,23,5,26,82
7032,182.0,0,6,29,96
7033,204.0,1,6,33,111
7034,168.0,2,6,27,86
7035,156.0,3,6,25,78
7036,174.0,4,6,28,90
7037,224.0,5,6,35,126
7038,198.0,6,6,32,107
7039,203.0,7,6,32,110
7040,142.0,8,6,23,69
7041,142.0,9,6,23,69
7042,139.0,10,6,23,68
7043,93.0,11,6,15,41
7044,190.0,12,6,31,101
7045,190.0,13,6,31,101
7046,264.0,14,6,41,157
7047,191.0,15,6,31,102
7048,200.0,16,6,32,108
7049,185.0,17,6,30,98
7050,186.0,18,6,30,98
7051,169.0,19,6,27,87
7052,165.0,20,6,27,84
7053,196.0,21,6,31,105
7054,247.0,22,6,39,144
7055,285.0,23,6,43,175
7056,219.0,0,0,35,122
7057,207.0,1,0,33,113
7058,155.0,2,0,25,78
7059,205.0,3,0,33,112
7060,167.0,4,0,27,86
7061,163.0,5,0,26,83
7062,185.0,6,0,30,98
7063,170.0,7,0,28,88
7064,145.0,8,0,24,71
7065,170.0,9,0,28,88
7066,182.0,10,0,29,96
7067,167.0,11,0,27,86
7068,136.0,12,0,22,66
7069,173.0,13,0,28,90
7070,208.0,14,0,33,114
7071,148.0,15,0,24,73
7072,156.0,16,0,25,78
7073,105.0,17,0,17,48
7074,140.0,18,0,23,68
7075,167.0,19,0,27,86
7076,175.0,20,0,28,91
7077,175.0,21,0,28,91
7078,158.0,22,0,26,80
7079,216.0,23,0,34,120
7080,164.0,0,1,27,84
7081,144.0,1,1,23,71
7082,138.0,2,1,22,67
7083,123.0,3,1,20,58
7084,134.0,4,1,22,65
7085,143.0,5,1,23,70
7086,187.0,6,1,30,99
7087,189.0,7,1,30,101
7088,174.0,8,1,28,90
7089,183.0,9,1,30,96
7090,140.0,10,1,23,68
7091,139.0,11,1,23,68
7092,148.0,12,1,24,73
7093,155.0,13,1,25,78
7094,196.0,14,1,31,105
7095,150.0,15,1,24,75
7096,161.0,16,1,26,82
7097,185.0,17,1,30,98
7098,207.0,18,1,33,113
7099,187.0,19,1,30,99
7100,156.0,20,1,25,78
7101,145.0,21,1,24,71
7102,146.0,22,1,24,72
7103,156.0,23,1,25,78
7104,180.0,0,2,29,94
7105,168.0,1,2,27,86
7106,171.0,2,2,28,88
7107,126.0,3,2,20,60
7108,161.0,4,2,26,82
7109,139.0,5,2,23,68
7110,128.0,6,2,21,61
7111,131.0,7,2,21,63
7112,128.0,8,2,21,61
7113,133.0,9,2,22,64
7114,148.0,10,2,24,73
7115,181.0,11,2,29,95
7116,124.0,12,2,20,59
7117,181.0,13,2,29,95
7118,174.0,14,2,28,90
7119,208.0,15,2,33,114
7120,227.0,16,2,36,128
7121,156.0,17,2,25,78
7122,220.0,18,2,35,123
7123,176.0,19,2,28,92
7124,195.0,20,2,31,105
7125,250.0,21,2,39,146
7126,284.0,22,2,43,174
7127,186.0,23,2,30,98
7128,161.0,0,3,26,82
7129,180.0,1,3,29,94
7130,152.0,2,3,25,76
7131,162.0,3,3,26,82
7132,136.0,4,3,22,66
7133,149.0,5,3,24,74
7134,182.0,6,3,29,96
7135,155.0,7,3,25,78
7136,152.0,8,3,25,76
7137,134.0,9,3,22,65
7138,140.0,10,3,23,68
7139,120.0,11,3,19,56
7140,158.0,12,3,26,80
7141,176.0,13,3,28,92
7142,186.0,14,3,30,98
7143,158.0,15,3,26,80
7144,151.0,16,3,25,75
7145,209.0,17,3,33,115
7146,160.0,18,3,26,81
7147,230.0,19,3,36,130
7148,198.0,20,3,32,107
7149,200.0,21,3,32,108
7150,217.0,22,3,34,121
7151,188.0,23,3,30,100
7152,211.0,0,4,34,116
7153,160.0,1,4,26,81
7154,151.0,2,4,25,75
7155,111.0,3,4,18,51
7156,124.0,4,4,20,59
7157,159.0,5,4,26,80
7158,136.0,6,4,22,66
7159,146.0,7,4,24,72
7160,128.0,8,4,21,61
7161,135.0,9,4,22,65
7162,195.0,10,4,31,105
7163,113.0,11,4,18,52
7164,132.0,12,4,21,63
7165,168.0,13,4,27,86
7166,114.0,14,4,18,53
7167,107.0,15,4,17,49
7168,104.0,16,4,17,47
7169,151.0,17,4,25,75
7170,145.0,18,4,24,71
7171,147.0,19,4,24,73
7172,112.0,20,4,18,52
7173,103.0,21,4,16,46
7174,101.0,22,4,16,45
7175,129.0,23,4,21,62
7176,123.0,0,5,20,58
7177,120.0,1,5,19,56
7178,128.0,2,5,21,61
7179,87.0,3,5,14,38
7180,135.0,4,5,22,65
7181,143.0,5,5,23,70
7182,82.0,6,5,13,35
7183,131.0,7,5,21,63
7184,146.0,8,5,24,72
7185,106.0,9,5,17,48
7186,105.0,10,5,17,48
7187,125.0,11,5,20,59
7188,107.0,12,5,17,49
7189,108.0,13,5,17,49
7190,101.0,14,5,16,45
7191,124.0,15,5,20,59
7192,93.0,16,5,15,41
7193,88.0,17,5,14,38
7194,111.0,18,5,18,51
7195,92.0,19,5,15,40
7196,84.0,20,5,13,36
7197,54.0,21,5,8,21
7198,140.0,22,5,23,68
7199,88.0,23,5,14,38
7200,120.0,0,6,19,56
7201,123.0,1,6,20,58
7202,88.0,2,6,14,38
7203,117.0,3,6,19,54
7204,113.0,4,6,18,52
7205,163.0,5,6,26,83
7206,149.0,6,6,24,74
7207,139.0,7,6,23,68
7208,130.0,8,6,21,62
7209,121.0,9,6,20,57
7210,86.0,10,6,13,37
7211,91.0,11,6,14,40
7212,84.0,12,6,13,36
7213,82.0,13,6,13,35
7214,120.0,14,6,19,56
7215,87.0,15,6,14,38
7216,123.0,16,6,20,58
7217,81.0,17,6,13,34
7218,65.0,18,6,10,26
7219,69.0,19,6,10,28
7220,92.0,20,6,15,40
7221,80.0,21,6,12,34
7222,127.0,22,6,21,60
7223,124.0,23,6,20,59
7224,123.0,0,0,20,58
7225,145.0,1,0,24,71
7226,136.0,2,0,22,66
7227,151.0,3,0,25,75
7228,106.0,4,0,17,48
7229,133.0,5,0,22,64
7230,108.0,6,0,17,49
7231,109.0,7,0,18,50
7232,107.0,8,0,17,49
7233,97.0,9,0,15,43
7234,92.0,10,0,15,40
7235,124.0,11,0,20,59
7236,111.0,12,0,18,51
7237,124.0,13,0,20,59
7238,106.0,14,0,17,48
7239,94.0,15,0,15,41
7240,68.0,16,0,10,28
7241,74.0,17,0,11,31
7242,90.0,18,0,14,39
7243,70.0,19,0,11,29
7244,82.0,20,0,13,35
7245,111.0,21,0,18,51
7246,105.0,22,0,17,48
7247,82.0,23,0,13,35
7248,90.0,0,1,14,39
7249,87.0,1,1,14,38
7250,65.0,2,1,10,26
7251,82.0,3,1,13,35
7252,112.0,4,1,18,52
7253,88.0,5,1,14,38
7254,62.0,6,1,9,25
7255,79.0,7,1,12,33
7256,90.0,8,1,14,39
7257,57.0,9,1,8,22
7258,77.0,10,1,12,32
7259,70.0,11,1,11,29
7260,117.0,12,1,19,54
7261,130.0,13,1,21,62
7262,103.0,14,1,16,46
7263,134.0,15,1,22,65
7264,99.0,16,1,16,44
7265,101.0,17,1,16,45
7266,108.0,18,1,17,49
7267,130.0,19,1,21,62
7268,112.0,20,1,18,52
7269,124.0,21,1,20,59
7270,132.0,22,1,21,63
7271,98.0,23,1,16,44
7272,83.0,0,2,13,36
7273,74.0,1,2,11,31
7274,62.0,2,2,9,25
7275,102.0,3,2,16,46
7276,50.0,4,2,7,19
7277,76.0,5,2,12,32
7278,71.0,6,2,11,29
7279,108.0,7,2,17,49
7280,75.0,8,2,11,31
7281,72.0,9,2,11,30
7282,65.0,10,2,10,26
7283,40.0,11,2,5,14
7284,63.0,12,2,9,25
7285,68.0,13,2,10,28
7286,61.0,14,2,9,24
7287,49.0,15,2,7,18
7288,56.0,16,2,8,22
7289,56.0,17,2,8,22
7290,59.0,18,2,8,23
7291,44.0,19,2,6,16
7292,57.0,20,2,8,22
7293,57.0,21,2,8,22
7294,55.0,22,2,8,21
7295,67.0,23,2,10,27
7296,52.0,0,3,7,20
7297,67.0,1,3,10,27
7298,47.0,2,3,6,18
7299,65.0,3,3,10,26
7300,64.0,4,3,9,26
7301,47.0,5,3,6,18
7302,88.0,6,3,14,38
7303,39.0,7,3,5,14
7304,40.0,8,3,5,14
7305,56.0,9,3,8,22
7306,69.0,10,3,10,28
7307,33.0,11,3,3,11
7308,37.0,12,3,4,13
7309,56.0,13,3,8,22
7310,46.0,14,3,6,17
7311,60.0,15,3,9,24
7312,80.0,16,3,12,34
7313,77.0,17,3,12,32
7314,67.0,18,3,10,27
7315,81.0,19,3,13,34
7316,64.0,20,3,9,26
7317,81.0,21,3,13,34
7318,43.0,22,3,5,16
7319,50.0,23,3,7,19
7320,60.0,0,4,9,24
7321,46.0,1,4,6,17
7322,83.0,2,4,13,36
7323,86.0,3,4,13,37
7324,113.0,4,4,18,52
7325,146.0,5,4,24,72
7326,99.0,6,4,16,44
7327,114.0,7,4,18,53
7328,118.0,8,4,19,55
7329,120.0,9,4,19,56
7330,93.0,10,4,15,41
7331,90.0,11,4,14,39
7332,102.0,12,4,16,46
7333,106.0,13,4,17,48
7334,99.0,14,4,16,44
7335,82.0,15,4,13,35
7336,63.0,16,4,9,25
7337,61.0,17,4,9,24
7338,36.0,18,4,4,12
7339,54.0,19,4,8,21
7340,45.0,20,4,6,17
7341,32.0,21,4,3,11
7342,58.0,22,4,8,23
7343,23.0,23,4,1,7
7344,52.0,0,5,7,20
7345,57.0,1,5,8,22
7346,48.0,2,5,6,18
7347,51.0,3,5,7,19
7348,35.0,4,5,4,12
7349,43.0,5,5,5,16
7350,39.0,6,5,5,14
7351,37.0,7,5,4,13
7352,49.0,8,5,7,18
7353,47.0,9,5,6,18
7354,42.0,10,5,5,15
7355,33.0,11,5,3,11
7356,56.0,12,5,8,22
7357,42.0,13,5,5,15
7358,65.0,14,5,10,26
7359,59.0,15,5,8,23
7360,41.0,16,5,5,15
7361,32.0,17,5,3,11
7362,45.0,18,5,6,17
7363,27.0,19,5,2,8
7364,48.0,20,5,6,18
7365,29.0,21,5,3,9
7366,36.0,22,5,4,12
7367,35.0,23,5,4,12
7368,54.0,0,6,8,21
7369,45.0,1,6,6,17
7370,43.0,2,6,5,16
7371,56.0,3,6,8,22
7372,33.0,4,6,3,11
7373,41.0,5,6,5,15
7374,32.0,6,6,3,11
7375,39.0,7,6,5,14
7376,34.0,8,6,4,12
7377,23.0,9,6,1,7
7378,21.0,10,6,1,6
7379,33.0,11,6,3,11
7380,33.0,12,6,3,11
7381,41.0,13,6,5,15
7382,36.0,14,6,4,12
7383,39.0,15,6,5,14
7384,40.0,16,6,5,14
7385,32.0,17,6,3,11
7386,36.0,18,6,4,12
7387,8.0,19,6,1,1
7388,28.0,20,6,2,9
7389,26.0,21,6,2,8
7390,26.0,22,6,2,8
7391,24.0,23,6,2,7
7392,24.0,0,0,2,7
7393,24.0,1,0,2,7
7394,30.0,2,0,3,10
7395,18.0,3,0,1,5
7396,55.0,4,0,8,21
7397,27.0,5,0,2,8
7398,38.0,6,0,4,13
7399,51.0,7,0,7,19
7400,22.0,8,0,1,6
7401,17.0,9,0,1,4
7402,26.0,10,0,2,8
7403,26.0,11,0,2,8
7404,26.0,12,0,2,8
7405,39.0,13,0,5,14
7406,42.0,14,0,5,15
7407,20.0,15,0,1,5
7408,16.0,16,0,1,4
7409,26.0,17,0,2,8
7410,36.0,18,0,4,12
7411,26.0,19,0,2,8
7412,19.0,20,0,1,5
7413,18.0,21,0,1,5
7414,32.0,22,0,3,11
7415,21.0,23,0,1,6
7416,24.0,0,1,2,7
7417,22.0,1,1,1,6
7418,17.0,2,1,1,4
7419,28.0,3,1,2,9
7420,25.0,4,1,2,8
7421,17.0,5,1,1,4
7422,37.0,6,1,4,13
7423,33.0,7,1,3,11
7424,16.0,8,1,1,4
7425,29.0,9,1,3,9
7426,16.0,10,1,1,4
7427,20.0,11,1,1,5
7428,30.0,12,1,3,10
7429,22.0,13,1,1,6
7430,25.0,14,1,2,8
7431,18.0,15,1,1,5
7432,17.0,16,1,1,4
7433,9.0,17,1,1,1
7434,14.0,18,1,1,3
7435,18.0,19,1,1,5
7436,29.0,20,1,3,9
7437,25.0,21,1,2,8
7438,16.0,22,1,1,4
7439,6.0,23,1,1,1
7440,10.0,0,2,1,1
7441,23.0,1,2,1,7
7442,25.0,2,2,2,8
7443,5.0,3,2,1,1
7444,16.0,4,2,1,4
7445,19.0,5,2,1,5
7446,25.0,6,2,2,8
7447,23.0,7,2,1,7
7448,20.0,8,2,1,5
7449,27.0,9,2,2,8
7450,10.0,10,2,1,1
7451,14.0,11,2,1,3
7452,14.0,12,2,1,3
7453,7.0,13,2,1,1
7454,27.0,14,2,2,8
7455,23.0,15,2,1,7
7456,7.0,16,2,1,1
7457,14.0,17,2,1,3
7458,25.0,18,2,2,8
7459,21.0,19,2,1,6
7460,24.0,20,2,2,7
7461,12.0,21,2,1,2
7462,16.0,22,2,1,4
7463,23.0,23,2,1,7
7464,20.0,0,3,1,5
7465,15.0,1,3,1,3
7466,7.0,2,3,1,1
7467,7.0,3,3,1,1
7468,13.0,4,3,1,2
7469,13.0,5,3,1,2
7470,4.0,6,3,1,1
7471,21.0,7,3,1,6
7472,13.0,8,3,1,2
7473,6.0,9,3,1,1
7474,7.0,10,3,1,1
7475,5.0,11,3,1,1
7476,5.0,12,3,1,1
7477,7.0,13,3,1,1
7478,12.0,14,3,1,2
7479,20.0,15,3,1,5
7480,16.0,16,3,1,4
7481,4.0,17,3,1,1
7482,3.0,18,3,1,1
7483,7.0,19,3,1,1
7484,10.0,20,3,1,1
7485,23.0,21,3,1,7
7486,5.0,22,3,1,1
7487,7.0,23,3,1,1
7488,4.0,0,4,1,1
7489,12.0,1,4,1,2
7490,22.0,2,4,1,6
7491,4.0,3,4,1,1
7492,12.0,4,4,1,2
7493,15.0,5,4,1,3
7494,14.0,6,4,1,3
7495,6.0,7,4,1,1
7496,18.0,8,4,1,5
7497,9.0,9,4,1,1
7498,7.0,10,4,1,1
7499,5.0,11,4,1,1
7500,9.0,12,4,1,1
7501,10.0,13,4,1,1
7502,6.0,14,4,1,1
7503,15.0,15,4,1,3
7504,15.0,16,4,1,3
7505,8.0,17,4,1,1
7506,2.0,18,4,1,1
7507,9.0,19,4,1,1
7508,14.0,20,4,1,3
7509,15.0,21,4,1,3
7510,9.0,22,4,1,1
7511,15.0,23,4,1,3
7512,7.0,0,5,1,1
7513,9.0,1,5,1,1
7514,9.0,2,5,1,1
7515,12.0,3,5,1,2
7516,6.0,4,5,1,1
7517,13.0,5,5,1,2
7518,10.0,6,5,1,1
7519,7.0,7,5,1,1
7520,12.0,8,5,1,2
7521,6.0,9,5,1,1
7522,13.0,10,5,1,2
7523,1.0,11,5,1,1
7524,12.0,12,5,1,2
7525,13.0,13,5,1,2
7526,3.0,14,5,1,1
7527,12.0,15,5,1,2
7528,13.0,16,5,1,2
7529,14.0,17,5,1,3
7530,7.0,18,5,1,1
7531,9.0,19,5,1,1
7532,3.0,20,5,1,1
7533,9.0,21,5,1,1
7534,16.0,22,5,1,4
7535,14.0,23,5,1,3
7536,12.0,0,6,1,2
7537,7.0,1,6,1,1
7538,12.0,2,6,1,2
7539,25.0,3,6,2,8
7540,13.0,4,6,1,2
7541,16.0,5,6,1,4
7542,22.0,6,6,1,6
7543,17.0,7,6,1,4
7544,24.0,8,6,2,7
7545,5.0,9,6,1,1
7546,2.0,10,6,1,1
7547,19.0,11,6,1,5
7548,30.0,12,6,3,10
7549,10.0,13,6,1,1
7550,23.0,14,6,1,7
7551,9.0,15,6,1,1
7552,7.0,16,6,1,1
7553,13.0,17,6,1,2
7554,23.0,18,6,1,7
7555,1.0,19,6,1,1
7556,4.0,20,6,1,1
7557,16.0,21,6,1,4
7558,3.0,22,6,1,1
7559,8.0,23,6,1,1
7560,4.0,0,0,1,1
7561,6.0,1,0,1,1
7562,13.0,2,0,1,2
7563,17.0,3,0,1,4
7564,28.0,4,0,2,9
7565,5.0,5,0,1,1
7566,20.0,6,0,1,5
7567,19.0,7,0,1,5
7568,17.0,8,0,1,4
7569,24.0,9,0,2,7
7570,25.0,10,0,2,8
7571,19.0,11,0,1,5
7572,28.0,12,0,2,9
7573,18.0,13,0,1,5
7574,30.0,14,0,3,10
7575,29.0,15,0,3,9
7576,23.0,16,0,1,7
7577,6.0,17,0,1,1
7578,18.0,18,0,1,5
7579,19.0,19,0,1,5
7580,10.0,20,0,1,1
7581,6.0,21,0,1,1
7582,18.0,22,0,1,5
7583,5.0,23,0,1,1
7584,18.0,0,1,1,5
7585,17.0,1,1,1,4
7586,25.0,2,1,2,8
7587,9.0,3,1,1,1
7588,9.0,4,1,1,1
7589,27.0,5,1,2,8
7590,23.0,6,1,1,7
7591,32.0,7,1,3,11
7592,15.0,8,1,1,3
7593,8.0,9,1,1,1
7594,12.0,10,1,1,2
7595,24.0,11,1,2,7
7596,33.0,12,1,3,11
7597,25.0,13,1,2,8
7598,19.0,14,1,1,5
7599,30.0,15,1,3,10
7600,18.0,16,1,1,5
7601,20.0,17,1,1,5
7602,16.0,18,1,1,4
7603,16.0,19,1,1,4
7604,22.0,20,1,1,6
7605,22.0,21,1,1,6
7606,26.0,22,1,2,8
7607,37.0,23,1,4,13
7608,34.0,0,2,4,12
7609,41.0,1,2,5,15
7610,20.0,2,2,1,5
7611,22.0,3,2,1,6
7612,26.0,4,2,2,8
7613,26.0,5,2,2,8
7614,26.0,6,2,2,8
7615,20.0,7,2,1,5
7616,18.0,8,2,1,5
7617,30.0,9,2,3,10
7618,14.0,10,2,1,3
7619,32.0,11,2,3,11
7620,30.0,12,2,3,10
7621,27.0,13,2,2,8
7622,24.0,14,2,2,7
7623,48.0,15,2,6,18
7624,40.0,16,2,5,14
7625,46.0,17,2,6,17
7626,32.0,18,2,3,11
7627,34.0,19,2,4,12
7628,44.0,20,2,6,16
7629,33.0,21,2,3,11
7630,32.0,22,2,3,11
7631,45.0,23,2,6,17
7632,58.0,0,3,8,23
7633,46.0,1,3,6,17
7634,37.0,2,3,4,13
7635,65.0,3,3,10,26
7636,56.0,4,3,8,22
7637,57.0,5,3,8,22
7638,28.0,6,3,2,9
7639,25.0,7,3,2,8
7640,40.0,8,3,5,14
7641,44.0,9,3,6,16
7642,85.0,10,3,13,37
7643,71.0,11,3,11,29
7644,86.0,12,3,13,37
7645,81.0,13,3,13,34
7646,80.0,14,3,12,34
7647,83.0,15,3,13,36
7648,92.0,16,3,15,40
7649,102.0,17,3,16,46
7650,106.0,18,3,17,48
7651,102.0,19,3,16,46
7652,122.0,20,3,20,57
7653,84.0,21,3,13,36
7654,62.0,22,3,9,25
7655,63.0,23,3,9,25
7656,62.0,0,4,9,25
7657,62.0,1,4,9,25
7658,61.0,2,4,9,24
7659,75.0,3,4,11,31
7660,76.0,4,4,12,32
7661,72.0,5,4,11,30
7662,81.0,6,4,13,34
7663,72.0,7,4,11,30
7664,49.0,8,4,7,18
7665,66.0,9,4,10,27
7666,51.0,10,4,7,19
7667,61.0,11,4,9,24
7668,54.0,12,4,8,21
7669,40.0,13,4,5,14
7670,59.0,14,4,8,23
7671,66.0,15,4,10,27
7672,52.0,16,4,7,20
7673,47.0,17,4,6,18
7674,55.0,18,4,8,21
7675,66.0,19,4,10,27
7676,86.0,20,4,13,37
7677,58.0,21,4,8,23
7678,83.0,22,4,13,36
7679,83.0,23,4,13,36
7680,71.0,0,5,11,29
7681,101.0,1,5,16,45
7682,122.0,2,5,20,57
7683,138.0,3,5,22,67
7684,105.0,4,5,17,48
7685,97.0,5,5,15,43
7686,124.0,6,5,20,59
7687,117.0,7,5,19,54
7688,74.0,8,5,11,31
7689,87.0,9,5,14,38
7690,81.0,10,5,13,34
7691,89.0,11,5,14,39
7692,83.0,12,5,13,36
7693,117.0,13,5,19,54
7694,118.0,14,5,19,55
7695,91.0,15,5,14,40
7696,120.0,16,5,19,56
7697,110.0,17,5,18,50
7698,99.0,18,5,16,44
7699,128.0,19,5,21,61
7700,128.0,20,5,21,61
7701,108.0,21,5,17,49
7702,96.0,22,5,15,43
7703,103.0,23,5,16,46
7704,78.0,0,6,12,33
7705,59.0,1,6,8,23
7706,78.0,2,6,12,33
7707,66.0,3,6,10,27
7708,60.0,4,6,9,24
7709,83.0,5,6,13,36
7710,80.0,6,6,12,34
7711,62.0,7,6,9,25
7712,88.0,8,6,14,38
7713,106.0,9,6,17,48
7714,96.0,10,6,15,43
7715,132.0,11,6,21,63
7716,133.0,12,6,22,64
7717,138.0,13,6,22,67
7718,167.0,14,6,27,86
7719,124.0,15,6,20,59
7720,127.0,16,6,21,60
7721,136.0,17,6,22,66
7722,124.0,18,6,20,59
7723,136.0,19,6,22,66
7724,97.0,20,6,15,43
7725,132.0,21,6,21,63
7726,142.0,22,6,23,69
7727,102.0,23,6,16,46
7728,113.0,0,0,18,52
7729,109.0,1,0,18,50
7730,121.0,2,0,20,57
7731,161.0,3,0,26,82
7732,116.0,4,0,19,54
7733,153.0,5,0,25,76
7734,119.0,6,0,19,56
7735,97.0,7,0,15,43
7736,93.0,8,0,15,41
7737,105.0,9,0,17,48
7738,118.0,10,0,19,55
7739,167.0,11,0,27,86
7740,164.0,12,0,27,84
7741,186.0,13,0,30,98
7742,168.0,14,0,27,86
7743,123.0,15,0,20,58
7744,135.0,16,0,22,65
7745,187.0,17,0,30,99
7746,184.0,18,0,30,97
7747,176.0,19,0,28,92
7748,187.0,20,0,30,99
7749,183.0,21,0,30,96
7750,158.0,22,0,26,80
7751,190.0,23,0,31,101
7752,165.0,0,1,27,84
7753,166.0,1,1,27,85
7754,146.0,2,1,24,72
7755,170.0,3,1,28,88
7756,103.0,4,1,16,46
7757,104.0,5,1,17,47
7758,107.0,6,1,17,49
7759,123.0,7,1,20,58
7760,129.0,8,1,21,62
7761,97.0,9,1,15,43
7762,122.0,10,1,20,57
7763,145.0,11,1,24,71
7764,140.0,12,1,23,68
7765,105.0,13,1,17,48
7766,114.0,14,1,18,53
7767,124.0,15,1,20,59
7768,121.0,16,1,20,57
7769,99.0,17,1,16,44
7770,117.0,18,1,19,54
7771,125.0,19,1,20,59
7772,145.0,20,1,24,71
7773,103.0,21,1,16,46
7774,112.0,22,1,18,52
7775,99.0,23,1,16,44
7776,101.0,0,2,16,45
7777,104.0,1,2,17,47
7778,125.0,2,2,20,59
7779,131.0,3,2,21,63
7780,130.0,4,2,21,62
7781,120.0,5,2,19,56
7782,143.0,6,2,23,70
7783,121.0,7,2,20,57
7784,168.0,8,2,27,86
7785,122.0,9,2,20,57
7786,107.0,10,2,17,49
7787,140.0,11,2,23,68
7788,174.0,12,2,28,90
7789,149.0,13,2,24,74
7790,118.0,14,2,19,55
7791,163.0,15,2,26,83
7792,166.0,16,2,27,85
7793,162.0,17,2,26,82
7794,138.0,18,2,22,67
7795,180.0,19,2,29,94
7796,127.0,20,2,21,60
7797,150.0,21,2,24,75
7798,141.0,22,2,23,69
7799,147.0,23,2,24,73
7800,171.0,0,3,28,88
7801,148.0,1,3,24,73
7802,158.0,2,3,26,80
7803,166.0,3,3,27,85
7804,149.0,4,3,24,74
7805,156.0,5,3,25,78
7806,147.0,6,3,24,73
7807,154.0,7,3,25,77
7808,134.0,8,3,22,65
7809,158.0,9,3,26,80
7810,205.0,10,3,33,112
7811,205.0,11,3,33,112
7812,212.0,12,3,34,117
7813,176.0,13,3,28,92
7814,189.0,14,3,30,101
7815,173.0,15,3,28,90
7816,174.0,16,3,28,90
7817,161.0,17,3,26,82
7818,142.0,18,3,23,69
7819,160.0,19,3,26,81
7820,248.0,20,3,39,144
7821,206.0,21,3,33,113
7822,167.0,22,3,27,86
7823,215.0,23,3,34,119
7824,176.0,0,4,28,92
7825,198.0,1,4,32,107
7826,216.0,2,4,34,120
7827,237.0,3,4,37,136
7828,220.0,4,4,35,123
7829,248.0,5,4,39,144
7830,164.0,6,4,27,84
7831,173.0,7,4,28,90
7832,234.0,8,4,37,133
7833,151.0,9,4,25,75
7834,165.0,10,4,27,84
7835,160.0,11,4,26,81
7836,163.0,12,4,26,83
7837,185.0,13,4,30,98
7838,160.0,14,4,26,81
7839,201.0,15,4,32,109
7840,113.0,16,4,18,52
7841,110.0,17,4,18,50
7842,130.0,18,4,21,62
7843,83.0,19,4,13,36
7844,133.0,20,4,22,64
7845,153.0,21,4,25,76
7846,190.0,22,4,31,101
7847,201.0,23,4,32,109
7848,211.0,0,5,34,116
7849,195.0,1,5,31,105
7850,204.0,2,5,33,111
7851,194.0,3,5,31,104
7852,173.0,4,5,28,90
7853,138.0,5,5,22,67
7854,167.0,6,5,27,86
7855,176.0,7,5,28,92
7856,193.0,8,5,31,103
7857,163.0,9,5,26,83
7858,169.0,10,5,27,87
7859,183.0,11,5,30,96
7860,181.0,12,5,29,95
7861,205.0,13,5,33,112
7862,180.0,14,5,29,94
7863,175.0,15,5,28,91
7864,251.0,16,5,39,147
7865,264.0,17,5,41,157
7866,252.0,18,5,39,148
7867,197.0,19,5,32,106
7868,196.0,20,5,31,105
7869,204.0,21,5,33,111
7870,236.0,22,5,37,135
7872,246.0,0,6,38,143
7873,235.0,1,6,37,134
7874,239.0,2,6,37,137
7875,245.0,3,6,38,142
7877,273.0,5,6,42,165
7881,217.0,9,6,34,121
7882,248.0,10,6,39,144
7883,224.0,11,6,35,126
7884,174.0,12,6,28,90
7885,214.0,13,6,34,118
7886,230.0,14,6,36,130
7887,188.0,15,6,30,100
7888,198.0,16,6,32,107
7889,190.0,17,6,31,101
7890,200.0,18,6,32,108
7891,148.0,19,6,24,73
7892,185.0,20,6,30,98
7893,216.0,21,6,34,120
7895,206.0,23,6,33,113
7896,152.0,0,0,25,76
7897,156.0,1,0,25,78
7898,173.0,2,0,28,90
7899,193.0,3,0,31,103
7900,177.0,4,0,29,92
7901,144.0,5,0,23,71
7902,168.0,6,0,27,86
7903,167.0,7,0,27,86
7904,155.0,8,0,25,78
7905,150.0,9,0,24,75
7906,180.0,10,0,29,94
7907,140.0,11,0,23,68
7908,151.0,12,0,25,75
7909,145.0,13,0,24,71
7910,149.0,14,0,24,74
7911,161.0,15,0,26,82
7912,193.0,16,0,31,103
7913,158.0,17,0,26,80
7914,184.0,18,0,30,97
7915,209.0,19,0,33,115
7916,171.0,20,0,28,88
7917,166.0,21,0,27,85
7918,187.0,22,0,30,99
7919,212.0,23,0,34,117
7920,155.0,0,1,25,78
7921,265.0,1,1,41,158
7922,203.0,2,1,32,110
7923,225.0,3,1,36,127
7924,231.0,4,1,36,131
7925,217.0,5,1,34,121
7926,237.0,6,1,37,136
7927,262.0,7,1,40,156
7928,209.0,8,1,33,115
7929,252.0,9,1,39,148
7930,238.0,10,1,37,137
7931,194.0,11,1,31,104
7932,230.0,12,1,36,130
7933,209.0,13,1,33,115
7934,159.0,14,1,26,80
7935,218.0,15,1,35,121
7936,218.0,16,1,35,121
7937,177.0,17,1,29,92
7938,173.0,18,1,28,90
7939,158.0,19,1,26,80
7940,146.0,20,1,24,72
7943,209.0,23,1,33,115
7944,166.0,0,2,27,85
7947,138.0,3,2,22,67
7948,149.0,4,2,24,74
7949,183.0,5,2,30,96
7950,131.0,6,2,21,63
7951,126.0,7,2,20,60
7952,155.0,8,2,25,78
7953,145.0,9,2,24,71
7954,134.0,10,2,22,65
7955,121.0,11,2,20,57
7956,167.0,12,2,27,86
7957,132.0,13,2,21,63
7958,147.0,14,2,24,73
7959,152.0,15,2,25,76
7960,142.0,16,2,23,69
7961,134.0,17,2,22,65
7962,180.0,18,2,29,94
7963,195.0,19,2,31,105
7964,144.0,20,2,23,71
7965,178.0,21,2,29,93
7966,141.0,22,2,23,69
7967,134.0,23,2,22,65
7968,120.0,0,3,19,56
7969,147.0,1,3,24,73
7970,160.0,2,3,26,81
7971,140.0,3,3,23,68
7972,144.0,4,3,23,71
7973,160.0,5,3,26,81
7974,155.0,6,3,25,78
7975,126.0,7,3,20,60
7976,161.0,8,3,26,82
7977,173.0,9,3,28,90
7979,168.0,11,3,27,86
7980,162.0,12,3,26,82
7981,147.0,13,3,24,73
7982,162.0,14,3,26,82
7983,210.0,15,3,33,115
7984,197.0,16,3,32,106
7985,204.0,17,3,33,111
7986,215.0,18,3,34,119
7987,168.0,19,3,27,86
7988,201.0,20,3,32,109
7989,220.0,21,3,35,123
7990,269.0,22,3,41,161
7991,268.0,23,3,41,161
7992,244.0,0,4,38,141
7993,210.0,1,4,33,115
7994,211.0,2,4,34,116
7995,206.0,3,4,33,113
7996,169.0,4,4,27,87
7997,163.0,5,4,26,83
7998,156.0,6,4,25,78
7999,145.0,7,4,24,71
8000,175.0,8,4,28,91
8001,192.0,9,4,31,103
8002,234.0,10,4,37,133
8003,212.0,11,4,34,117
8004,196.0,12,4,31,105
8005,183.0,13,4,30,96
8006,141.0,14,4,23,69
8007,155.0,15,4,25,78
8008,193.0,16,4,31,103
8009,202.0,17,4,32,110
8010,214.0,18,4,34,118
8011,193.0,19,4,31,103
8012,216.0,20,4,34,120
8013,206.0,21,4,33,113
8014,164.0,22,4,27,84
8015,162.0,23,4,26,82
8016,169.0,0,5,27,87
8017,175.0,1,5,28,91
8018,182.0,2,5,29,96
8019,169.0,3,5,27,87
8020,163.0,4,5,26,83
8021,189.0,5,5,30,101
8022,152.0,6,5,25,76
8023,169.0,7,5,27,87
8024,165.0,8,5,27,84
8025,120.0,9,5,19,56
8026,149.0,10,5,24,74
8027,163.0,11,5,26,83
8028,172.0,12,5,28,89
8029,160.0,13,5,26,81
8030,167.0,14,5,27,86
8031,127.0,15,5,21,60
8032,184.0,16,5,30,97
8033,162.0,17,5,26,82
8034,184.0,18,5,30,97
8035,133.0,19,5,22,64
8036,188.0,20,5,30,100
8037,171.0,21,5,28,88
8038,165.0,22,5,27,84
8039,159.0,23,5,26,80
8040,177.0,0,6,29,92
8041,171.0,1,6,28,88
8042,171.0,2,6,28,88
8043,147.0,3,6,24,73
8044,187.0,4,6,30,99
8045,194.0,5,6,31,104
8046,209.0,6,6,33,115
8047,168.0,7,6,27,86
8048,156.0,8,6,25,78
8049,146.0,9,6,24,72
8050,218.0,10,6,35,121
8051,231.0,11,6,36,131
8052,200.0,12,6,32,108
8053,204.0,13,6,33,111
8054,170.0,14,6,28,88
8055,226.0,15,6,36,127
8056,205.0,16,6,33,112
8057,186.0,17,6,30,98
8058,191.0,18,6,31,102
8059,232.0,19,6,37,132
8060,186.0,20,6,30,98
8061,160.0,21,6,26,81
8062,147.0,22,6,24,73
8063,185.0,23,6,30,98
8064,135.0,0,0,22,65
8065,102.0,1,0,16,46
8066,96.0,2,0,15,43
8067,130.0,3,0,21,62
8068,129.0,4,0,21,62
8069,127.0,5,0,21,60
8070,167.0,6,0,27,86
8071,136.0,7,0,22,66
8072,107.0,8,0,17,49
8073,110.0,9,0,18,50
8074,124.0,10,0,20,59
8075,124.0,11,0,20,59
8076,118.0,12,0,19,55
8077,165.0,13,0,27,84
8078,146.0,14,0,24,72
8079,151.0,15,0,25,75
8080,159.0,16,0,26,80
8081,132.0,17,0,21,63
8082,138.0,18,0,22,67
8083,153.0,19,0,25,76
8084,117.0,20,0,19,54
8085,147.0,21,0,24,73
8086,153.0,22,0,25,76
8089,148.0,1,1,24,73
8090,139.0,2,1,23,68
8091,145.0,3,1,24,71
8092,136.0,4,1,22,66
8093,162.0,5,1,26,82
8094,131.0,6,1,21,63
8095,117.0,7,1,19,54
8096,144.0,8,1,23,71
8097,159.0,9,1,26,80
8098,151.0,10,1,25,75
8099,213.0,11,1,34,118
8100,146.0,12,1,24,72
8101,131.0,13,1,21,63
8102,162.0,14,1,26,82
8103,134.0,15,1,22,65
8104,138.0,16,1,22,67
8105,125.0,17,1,20,59
8106,118.0,18,1,19,55
8107,148.0,19,1,24,73
8108,150.0,20,1,24,75
8109,126.0,21,1,20,60
8110,129.0,22,1,21,62
8112,131.0,0,2,21,63
8113,147.0,1,2,24,73
8114,150.0,2,2,24,75
8115,98.0,3,2,16,44
8116,122.0,4,2,20,57
8117,176.0,5,2,28,92
8118,150.0,6,2,24,75
8119,147.0,7,2,24,73
8120,197.0,8,2,32,106
8121,177.0,9,2,29,92
8122,182.0,10,2,29,96
8123,188.0,11,2,30,100
8124,191.0,12,2,31,102
8125,167.0,13,2,27,86
8126,110.0,14,2,18,50
8127,130.0,15,2,21,62
8128,138.0,16,2,22,67
8129,153.0,17,2,25,76
8131,208.0,19,2,33,114
8132,190.0,20,2,31,101
8133,177.0,21,2,29,92
8134,180.0,22,2,29,94
8135,155.0,23,2,25,78
8136,139.0,0,3,23,68
8137,159.0,1,3,26,80
8138,141.0,2,3,23,69
8139,197.0,3,3,32,106
8140,200.0,4,3,32,108
8141,182.0,5,3,29,96
8142,216.0,6,3,34,120
8143,207.0,7,3,33,113
8144,239.0,8,3,37,137
8145,218.0,9,3,35,121
8146,247.0,10,3,39,144
8147,182.0,11,3,29,96
8148,201.0,12,3,32,109
8150,211.0,14,3,34,116
8151,177.0,15,3,29,92
8152,141.0,16,3,23,69
8153,167.0,17,3,27,86
8154,186.0,18,3,30,98
8156,190.0,20,3,31,101
8157,148.0,21,3,24,73
8158,123.0,22,3,20,58
8159,127.0,23,3,21,60
8161,149.0,1,4,24,74
8162,195.0,2,4,31,105
8164,193.0,4,4,31,103
8165,159.0,5,4,26,80
8166,193.0,6,4,31,103
8167,240.0,7,4,38,138
8168,202.0,8,4,32,110
8169,217.0,9,4,34,121
8170,210.0,10,4,33,115
8171,279.0,11,4,43,170
8172,249.0,12,4,39,145
8176,194.0,16,4,31,104
8177,164.0,17,4,27,84
8178,128.0,18,4,21,61
8180,182.0,20,4,29,96
8181,508.0,21,4,62,404
8182,509.0,22,4,62,405
8183,188.0,23,4,30,100
8184,211.0,0,5,34,116
8185,178.0,1,5,29,93
8186,167.0,2,5,27,86
8187,158.0,3,5,26,80
8188,175.0,4,5,28,91
8189,142.0,5,5,23,69
8192,113.0,8,5,18,52
8194,139.0,10,5,23,68
8196,153.0,12,5,25,76
8197,227.0,13,5,36,128
8200,159.0,16,5,26,80
8201,181.0,17,5,29,95
8202,147.0,18,5,24,73
8203,108.0,19,5,17,49
8204,126.0,20,5,20,60
8205,148.0,21,5,24,73
8206,158.0,22,5,26,80
8207,162.0,23,5,26,82
8208,128.0,0,6,21,61
8209,153.0,1,6,25,76
8210,191.0,2,6,31,102
8211,140.0,3,6,23,68
8212,184.0,4,6,30,97
8213,162.0,5,6,26,82
8214,152.0,6,6,25,76
8215,154.0,7,6,25,77
8216,148.0,8,6,24,73
8217,169.0,9,6,27,87
8218,150.0,10,6,24,75
8219,133.0,11,6,22,64
8220,169.0,12,6,27,87
8221,201.0,13,6,32,109
8222,125.0,14,6,20,59
8223,122.0,15,6,20,57
8224,141.0,16,6,23,69
8225,153.0,17,6,25,76
8226,200.0,18,6,32,108
8227,177.0,19,6,29,92
8228,172.0,20,6,28,89
8229,211.0,21,6,34,116
8230,198.0,22,6,32,107
8231,130.0,23,6,21,62
8232,125.0,0,0,20,59
8233,171.0,1,0,28,88
8234,195.0,2,0,31,105
8235,168.0,3,0,27,86
8236,165.0,4,0,27,84
8237,180.0,5,0,29,94
8238,206.0,6,0,33,113
8239,163.0,7,0,26,83
8240,142.0,8,0,23,69
8241,146.0,9,0,24,72
8242,160.0,10,0,26,81
8243,138.0,11,0,22,67
8244,128.0,12,0,21,61
8245,127.0,13,0,21,60
8246,148.0,14,0,24,73
8247,117.0,15,0,19,54
8248,109.0,16,0,18,50
8249,148.0,17,0,24,73
8250,126.0,18,0,20,60
8251,94.0,19,0,15,41
8252,134.0,20,0,22,65
8253,140.0,21,0,23,68
8254,167.0,22,0,27,86
8255,144.0,23,0,23,71
8256,174.0,0,1,28,90
8257,149.0,1,1,24,74
8258,150.0,2,1,24,75
8259,156.0,3,1,25,78
8260,136.0,4,1,22,66
8261,172.0,5,1,28,89
8262,158.0,6,1,26,80
8263,125.0,7,1,20,59
8264,159.0,8,1,26,80
8265,134.0,9,1,22,65
8266,155.0,10,1,25,78
8267,138.0,11,1,22,67
8268,152.0,12,1,25,76
8269,165.0,13,1,27,84
8270,166.0,14,1,27,85
8271,169.0,15,1,27,87
8272,183.0,16,1,30,96
8273,178.0,17,1,29,93
8274,192.0,18,1,31,103
8275,136.0,19,1,22,66
8276,172.0,20,1,28,89
8277,138.0,21,1,22,67
8278,140.0,22,1,23,68
8279,133.0,23,1,22,64
8280,146.0,0,2,24,72
8281,186.0,1,2,30,98
8282,173.0,2,2,28,90
8283,155.0,3,2,25,78
8284,191.0,4,2,31,102
8285,242.0,5,2,38,140
8286,275.0,6,2,42,166
8287,255.0,7,2,40,150
8288,224.0,8,2,35,126
8289,220.0,9,2,35,123
8290,230.0,10,2,36,130
8291,193.0,11,2,31,103
8292,226.0,12,2,36,127
8293,234.0,13,2,37,133
8294,187.0,14,2,30,99
8295,181.0,15,2,29,95
8296,168.0,16,2,27,86
8297,152.0,17,2,25,76
8298,215.0,18,2,34,119
8299,145.0,19,2,24,71
8300,170.0,20,2,28,88
8301,206.0,21,2,33,113
8302,205.0,22,2,33,112
8303,169.0,23,2,27,87
8304,194.0,0,3,31,104
8305,141.0,1,3,23,69
8306,164.0,2,3,27,84
8307,160.0,3,3,26,81
8308,166.0,4,3,27,85
8309,192.0,5,3,31,103
8310,146.0,6,3,24,72
8311,144.0,7,3,23,71
8312,160.0,8,3,26,81
8313,182.0,9,3,29,96
8314,183.0,10,3,30,96
8315,149.0,11,3,24,74
8316,192.0,12,3,31,103
8317,167.0,13,3,27,86
8318,149.0,14,3,24,74
8319,183.0,15,3,30,96
8320,191.0,16,3,31,102
8321,224.0,17,3,35,126
8322,176.0,18,3,28,92
8323,201.0,19,3,32,109
8324,154.0,20,3,25,77
8325,166.0,21,3,27,85
8326,163.0,22,3,26,83
8327,176.0,23,3,28,92
8328,153.0,0,4,25,76
8329,153.0,1,4,25,76
8330,195.0,2,4,31,105
8331,162.0,3,4,26,82
8332,171.0,4,4,28,88
8333,191.0,5,4,31,102
8334,163.0,6,4,26,83
8335,150.0,7,4,24,75
8336,257.0,8,4,40,152
8337,198.0,9,4,32,107
8338,222.0,10,4,35,124
8339,189.0,11,4,30,101
8340,191.0,12,4,31,102
8341,167.0,13,4,27,86
8342,194.0,14,4,31,104
8343,198.0,15,4,32,107
8344,175.0,16,4,28,91
8345,197.0,17,4,32,106
8346,247.0,18,4,39,144
8347,198.0,19,4,32,107
8348,183.0,20,4,30,96
8349,164.0,21,4,27,84
8350,182.0,22,4,29,96
8351,167.0,23,4,27,86
8352,200.0,0,5,32,108
8353,204.0,1,5,33,111
8354,261.0,2,5,40,155
8355,174.0,3,5,28,90
8356,204.0,4,5,33,111
8357,225.0,5,5,36,127
8358,198.0,6,5,32,107
8359,217.0,7,5,34,121
8360,217.0,8,5,34,121
8361,242.0,9,5,38,140
8362,173.0,10,5,28,90
8363,166.0,11,5,27,85
8364,193.0,12,5,31,103
8365,186.0,13,5,30,98
8366,188.0,14,5,30,100
8367,227.0,15,5,36,128
8368,242.0,16,5,38,140
8369,225.0,17,5,36,127
8370,235.0,18,5,37,134
8371,230.0,19,5,36,130
8372,226.0,20,5,36,127
8373,230.0,21,5,36,130
8374,233.0,22,5,37,133
8375,258.0,23,5,40,152
8376,208.0,0,6,33,114
8377,220.0,1,6,35,123
8378,213.0,2,6,34,118
8379,227.0,3,6,36,128
8380,244.0,4,6,38,141
8381,237.0,5,6,37,136
8382,245.0,6,6,38,142
8383,252.0,7,6,39,148
8384,222.0,8,6,35,124
8385,228.0,9,6,36,129
8386,246.0,10,6,38,143
8387,226.0,11,6,36,127
8388,176.0,12,6,28,92
8389,182.0,13,6,29,96
8390,184.0,14,6,30,97
8391,229.0,15,6,36,130
8392,186.0,16,6,30,98
8393,261.0,17,6,40,155
8394,178.0,18,6,29,93
8395,244.0,19,6,38,141
8396,246.0,20,6,38,143
8397,260.0,21,6,40,154
8398,266.0,22,6,41,159
8399,288.0,23,6,44,177
8400,213.0,0,0,34,118
8401,274.0,1,0,42,166
8402,246.0,2,0,38,143
8403,251.0,3,0,39,147
8404,194.0,4,0,31,104
8405,232.0,5,0,37,132
8406,214.0,6,0,34,118
8407,202.0,7,0,32,110
8408,204.0,8,0,33,111
8409,170.0,9,0,28,88
8410,170.0,10,0,28,88
8411,204.0,11,0,33,111
8412,203.0,12,0,32,110
8413,192.0,13,0,31,103
8414,178.0,14,0,29,93
8415,204.0,15,0,33,111
8416,213.0,16,0,34,118
8417,232.0,17,0,37,132
8418,202.0,18,0,32,110
8419,226.0,19,0,36,127
8420,206.0,20,0,33,113
8421,213.0,21,0,34,118
8422,188.0,22,0,30,100
8423,219.0,23,0,35,122
8424,243.0,0,1,38,140
8425,239.0,1,1,37,137
8426,277.0,2,1,42,168
8427,245.0,3,1,38,142
8428,248.0,4,1,39,144
8429,240.0,5,1,38,138
8430,248.0,6,1,39,144
8431,252.0,7,1,39,148
8432,242.0,8,1,38,140
8433,238.0,9,1,37,137
8434,237.0,10,1,37,136
8435,237.0,11,1,37,136
8436,271.0,12,1,42,163
8437,166.0,13,1,27,85
8438,204.0,14,1,33,111
8439,259.0,15,1,40,153
8440,245.0,16,1,38,142
8441,239.0,17,1,37,137
8442,230.0,18,1,36,130
8443,214.0,19,1,34,118
8444,184.0,20,1,30,97
8445,203.0,21,1,32,110
8446,232.0,22,1,37,132
8447,168.0,23,1,27,86
8448,253.0,0,2,39,148
8449,236.0,1,2,37,135
8450,228.0,2,2,36,129
8451,205.0,3,2,33,112
8452,244.0,4,2,38,141
8453,201.0,5,2,32,109
8454,207.0,6,2,33,113
8455,208.0,7,2,33,114
8456,245.0,8,2,38,142
8457,293.0,9,2,44,182
8458,215.0,10,2,34,119
8459,210.0,11,2,33,115
8460,248.0,12,2,39,144
8461,234.0,13,2,37,133
8462,216.0,14,2,34,120
8463,218.0,15,2,35,121
8464,222.0,16,2,35,124
8465,217.0,17,2,34,121
8466,245.0,18,2,38,142
8467,249.0,19,2,39,145
8468,238.0,20,2,37,137
8469,257.0,21,2,40,152
8470,252.0,22,2,39,148
8471,246.0,23,2,38,143
8472,264.0,0,3,41,157
8473,251.0,1,3,39,147
8474,222.0,2,3,35,124
8475,237.0,3,3,37,136
8476,211.0,4,3,34,116
8477,232.0,5,3,37,132
8478,237.0,6,3,37,136
8479,216.0,7,3,34,120
8480,280.0,8,3,43,171
8481,232.0,9,3,37,132
8482,195.0,10,3,31,105
8483,197.0,11,3,32,106
8484,234.0,12,3,37,133
8485,198.0,13,3,32,107
8486,248.0,14,3,39,144
8487,225.0,15,3,36,127
8488,254.0,16,3,39,149
8489,238.0,17,3,37,137
8490,176.0,18,3,28,92
8491,207.0,19,3,33,113
8492,191.0,20,3,31,102
8493,169.0,21,3,27,87
8494,200.0,22,3,32,108
8495,170.0,23,3,28,88
8496,247.0,0,4,39,144
8497,153.0,1,4,25,76
8498,202.0,2,4,32,110
8499,223.0,3,4,35,125
8500,172.0,4,4,28,89
8501,258.0,5,4,40,152
8502,233.0,6,4,37,133
8503,226.0,7,4,36,127
8504,200.0,8,4,32,108
8505,237.0,9,4,37,136
8506,249.0,10,4,39,145
8507,205.0,11,4,33,112
8508,178.0,12,4,29,93
8509,198.0,13,4,32,107
8510,212.0,14,4,34,117
8511,245.0,15,4,38,142
8512,229.0,16,4,36,130
8513,196.0,17,4,31,105
8514,223.0,18,4,35,125
8515,220.0,19,4,35,123
8516,256.0,20,4,40,151
8517,181.0,21,4,29,95
8518,145.0,22,4,24,71
8519,211.0,23,4,34,116
8520,202.0,0,5,32,110
8521,213.0,1,5,34,118
8522,223.0,2,5,35,125
8523,219.0,3,5,35,122
8524,159.0,4,5,26,80
8525,200.0,5,5,32,108
8526,258.0,6,5,40,152
8527,218.0,7,5,35,121
8528,226.0,8,5,36,127
8529,212.0,9,5,34,117
8530,177.0,10,5,29,92
8531,217.0,11,5,34,121
8532,220.0,12,5,35,123
8533,194.0,13,5,31,104
8534,216.0,14,5,34,120
8535,239.0,15,5,37,137
8536,215.0,16,5,34,119
8537,272.0,17,5,42,164
8538,192.0,18,5,31,103
8539,210.0,19,5,33,115
8540,168.0,20,5,27,86
8541,181.0,21,5,29,95
8542,149.0,22,5,24,74
8543,140.0,23,5,23,68
8544,182.0,0,6,29,96
8545,220.0,1,6,35,123
8546,266.0,2,6,41,159
8547,219.0,3,6,35,122
8548,171.0,4,6,28,88
8549,167.0,5,6,27,86
8550,171.0,6,6,28,88
8551,177.0,7,6,29,92
8552,180.0,8,6,29,94
8553,201.0,9,6,32,109
8554,176.0,10,6,28,92
8555,181.0,11,6,29,95
8556,174.0,12,6,28,90
8557,178.0,13,6,29,93
8558,210.0,14,6,33,115
8559,249.0,15,6,39,145
8560,195.0,16,6,31,105
8561,188.0,17,6,30,100
8562,175.0,18,6,28,91
8563,195.0,19,6,31,105
8564,184.0,20,6,30,97
8565,259.0,21,6,40,153
8566,223.0,22,6,35,125
8567,215.0,23,6,34,119
8568,183.0,0,0,30,96
8569,212.0,1,0,34,117
8570,226.0,2,0,36,127
8571,237.0,3,0,37,136
8572,231.0,4,0,36,131
8573,252.0,5,0,39,148
8574,215.0,6,0,34,119
8575,208.0,7,0,33,114
8576,245.0,8,0,38,142
8577,215.0,9,0,34,119
8578,180.0,10,0,29,94
8579,171.0,11,0,28,88
8580,224.0,12,0,35,126
8581,225.0,13,0,36,127
8582,205.0,14,0,33,112
8583,174.0,15,0,28,90
8584,230.0,16,0,36,130
8585,180.0,17,0,29,94
8586,177.0,18,0,29,92
8587,153.0,19,0,25,76
8588,207.0,20,0,33,113
8589,249.0,21,0,39,145
8590,236.0,22,0,37,135
8591,223.0,23,0,35,125
8592,209.0,0,1,33,115
8593,183.0,1,1,30,96
8594,183.0,2,1,30,96
8595,176.0,3,1,28,92
8596,187.0,4,1,30,99
8597,174.0,5,1,28,90
8598,198.0,6,1,32,107
8599,187.0,7,1,30,99
8600,130.0,8,1,21,62
8601,184.0,9,1,30,97
8602,171.0,10,1,28,88
8603,181.0,11,1,29,95
8604,167.0,12,1,27,86
8605,171.0,13,1,28,88
8606,175.0,14,1,28,91
8607,165.0,15,1,27,84
8608,214.0,16,1,34,118
8609,185.0,17,1,30,98
8610,152.0,18,1,25,76
8611,152.0,19,1,25,76
8612,150.0,20,1,24,75
8613,159.0,21,1,26,80
8614,152.0,22,1,25,76
8615,182.0,23,1,29,96
8616,177.0,0,2,29,92
8617,129.0,1,2,21,62
8618,192.0,2,2,31,103
8619,147.0,3,2,24,73
8620,161.0,4,2,26,82
8621,142.0,5,2,23,69
8622,162.0,6,2,26,82
8623,150.0,7,2,24,75
8624,159.0,8,2,26,80
8625,176.0,9,2,28,92
8626,143.0,10,2,23,70
8627,159.0,11,2,26,80
8628,186.0,12,2,30,98
8629,169.0,13,2,27,87
8630,166.0,14,2,27,85
8631,147.0,15,2,24,73
8632,135.0,16,2,22,65
8633,106.0,17,2,17,48
8634,177.0,18,2,29,92
8635,155.0,19,2,25,78
8636,114.0,20,2,18,53
8637,100.0,21,2,16,45
8638,132.0,22,2,21,63
8639,92.0,23,2,15,40
8640,99.0,0,3,16,44
8641,147.0,1,3,24,73
8642,127.0,2,3,21,60
8643,109.0,3,3,18,50
8644,176.0,4,3,28,92
8645,141.0,5,3,23,69
8646,175.0,6,3,28,91
8647,156.0,7,3,25,78
8648,131.0,8,3,21,63
8649,89.0,9,3,14,39
8650,124.0,10,3,20,59
8651,130.0,11,3,21,62
8652,109.0,12,3,18,50
8653,165.0,13,3,27,84
8654,128.0,14,3,21,61
8655,147.0,15,3,24,73
8656,133.0,16,3,22,64
8657,91.0,17,3,14,40
8658,120.0,18,3,19,56
8659,120.0,19,3,19,56
8660,170.0,20,3,28,88
8661,155.0,21,3,25,78
8662,112.0,22,3,18,52
8663,97.0,23,3,15,43
8664,113.0,0,4,18,52
8665,117.0,1,4,19,54
8666,107.0,2,4,17,49
8667,131.0,3,4,21,63
8668,130.0,4,4,21,62
8669,75.0,5,4,11,31
8670,84.0,6,4,13,36
8671,133.0,7,4,22,64
8672,103.0,8,4,16,46
8673,121.0,9,4,20,57
8674,103.0,10,4,16,46
8675,90.0,11,4,14,39
8676,104.0,12,4,17,47
8677,155.0,13,4,25,78
8678,116.0,14,4,19,54
8679,122.0,15,4,20,57
8680,92.0,16,4,15,40
8681,116.0,17,4,19,54
8682,94.0,18,4,15,41
8683,67.0,19,4,10,27
8684,104.0,20,4,17,47
8685,96.0,21,4,15,43
8686,88.0,22,4,14,38
8687,74.0,23,4,11,31
8688,109.0,0,5,18,50
8689,91.0,1,5,14,40
8690,87.0,2,5,14,38
8691,68.0,3,5,10,28
8692,94.0,4,5,15,41
8693,44.0,5,5,6,16
8694,79.0,6,5,12,33
8695,80.0,7,5,12,34
8696,71.0,8,5,11,29
8697,82.0,9,5,13,35
8698,82.0,10,5,13,35
8699,89.0,11,5,14,39
8700,77.0,12,5,12,32
8701,81.0,13,5,13,34
8702,93.0,14,5,15,41
8703,57.0,15,5,8,22
8704,100.0,16,5,16,45
8705,122.0,17,5,20,57
8706,97.0,18,5,15,43
8707,105.0,19,5,17,48
8708,101.0,20,5,16,45
8709,100.0,21,5,16,45
8710,76.0,22,5,12,32
8711,79.0,23,5,12,33
8712,74.0,0,6,11,31
8713,47.0,1,6,6,18
8714,80.0,2,6,12,34
8715,71.0,3,6,11,29
8716,65.0,4,6,10,26
8717,70.0,5,6,11,29
8718,79.0,6,6,12,33
8719,111.0,7,6,18,51
8720,90.0,8,6,14,39
8721,80.0,9,6,12,34
8722,90.0,10,6,14,39
8723,88.0,11,6,14,38
8724,87.0,12,6,14,38
8725,48.0,13,6,6,18
8726,74.0,14,6,11,31
8727,74.0,15,6,11,31
8728,78.0,16,6,12,33
8729,84.0,17,6,13,36
8730,78.0,18,6,12,33
8731,64.0,19,6,9,26
8732,72.0,20,6,11,30
8733,76.0,21,6,12,32
8734,76.0,22,6,12,32
8735,79.0,23,6,12,33
8736,48.0,0,0,6,18
8737,59.0,1,0,8,23
8738,64.0,2,0,9,26
8739,60.0,3,0,9,24
8740,55.0,4,0,8,21
8741,79.0,5,0,12,33
8742,60.0,6,0,9,24
8743,36.0,7,0,4,12
8744,60.0,8,0,9,24
8745,75.0,9,0,11,31
8746,66.0,10,0,10,27
8747,69.0,11,0,10,28
8748,48.0,12,0,6,18
8749,67.0,13,0,10,27
8750,44.0,14,0,6,16
8751,71.0,15,0,11,29
8752,55.0,16,0,8,21
8753,27.0,17,0,2,8
8754,38.0,18,0,4,13
8755,41.0,19,0,5,15
8756,44.0,20,0,6,16
8757,69.0,21,0,10,28
8758,63.0,22,0,9,25
8759,52.0,23,0,7,20
8760,41.0,0,1,5,15
8761,55.0,1,1,8,21
8762,30.0,2,1,3,10
8763,39.0,3,1,5,14
8764,44.0,4,1,6,16
8765,46.0,5,1,6,17
8766,44.0,6,1,6,16
8767,39.0,7,1,5,14
8768,43.0,8,1,5,16
8769,51.0,9,1,7,19
8770,29.0,10,1,3,9
8771,49.0,11,1,7,18
8772,30.0,12,1,3,10
8773,25.0,13,1,2,8
8774,68.0,14,1,10,28
8775,28.0,15,1,2,9
8776,34.0,16,1,4,12
8777,19.0,17,1,1,5
8778,40.0,18,1,5,14
8779,44.0,19,1,6,16
8780,80.0,20,1,12,34
8781,44.0,21,1,6,16
8782,44.0,22,1,6,16
8783,23.0,23,1,1,7
8784,22.0,0,2,1,6
8785,37.0,1,2,4,13
8786,33.0,2,2,3,11
8787,32.0,3,2,3,11
8788,26.0,4,2,2,8
8789,36.0,5,2,4,12
8790,25.0,6,2,2,8
8791,34.0,7,2,4,12
8792,37.0,8,2,4,13
8793,36.0,9,2,4,12
8794,24.0,10,2,2,7
8795,30.0,11,2,3,10
8796,26.0,12,2,2,8
8797,16.0,13,2,1,4
8798,29.0,14,2,3,9
8799,34.0,15,2,4,12
8800,32.0,16,2,3,11
8801,27.0,17,2,2,8
8802,26.0,18,2,2,8
8803,13.0,19,2,1,2
8804,19.0,20,2,1,5
8805,27.0,21,2,2,8
8806,16.0,22,2,1,4
8807,39.0,23,2,5,14
8808,26.0,0,3,2,8
8809,30.0,1,3,3,10
8810,26.0,2,3,2,8
8811,16.0,3,3,1,4
8812,24.0,4,3,2,7
8813,14.0,5,3,1,3
8814,9.0,6,3,1,1
8815,7.0,7,3,1,1
8816,23.0,8,3,1,7
8817,28.0,9,3,2,9
8818,42.0,10,3,5,15
8819,43.0,11,3,5,16
8820,14.0,12,3,1,3
8821,10.0,13,3,1,1
8822,19.0,14,3,1,5
8823,22.0,15,3,1,6
8824,36.0,16,3,4,12
8825,45.0,17,3,6,17
8826,28.0,18,3,2,9
8827,23.0,19,3,1,7
8828,34.0,20,3,4,12
8829,18.0,21,3,1,5
8830,19.0,22,3,1,5
8831,17.0,23,3,1,4
8832,10.0,0,4,1,1
8833,27.0,1,4,2,8
8834,29.0,2,4,3,9
8835,8.0,3,4,1,1
8836,29.0,4,4,3,9
8837,14.0,5,4,1,3
8838,13.0,6,4,1,2
8839,12.0,7,4,1,2
8840,17.0,8,4,1,4
8841,13.0,9,4,1,2
8842,18.0,10,4,1,5
8843,21.0,11,4,1,6
8844,14.0,12,4,1,3
8845,12.0,13,4,1,2
8846,22.0,14,4,1,6
8847,12.0,15,4,1,2
8848,25.0,16,4,2,8
8849,17.0,17,4,1,4
8850,8.0,18,4,1,1
8851,18.0,19,4,1,5
8852,6.0,20,4,1,1
8853,16.0,21,4,1,4
8854,13.0,22,4,1,2
8855,14.0,23,4,1,3
8856,9.0,0,5,1,1
8857,22.0,1,5,1,6
8858,13.0,2,5,1,2
8859,26.0,3,5,2,8
8860,18.0,4,5,1,5
8861,17.0,5,5,1,4
8862,28.0,6,5,2,9
8863,22.0,7,5,1,6
8864,9.0,8,5,1,1
8865,13.0,9,5,1,2
8866,10.0,10,5,1,1
8867,7.0,11,5,1,1
8868,8.0,12,5,1,1
8869,14.0,13,5,1,3
8870,21.0,14,5,1,6
8871,13.0,15,5,1,2
8872,14.0,16,5,1,3
8873,15.0,17,5,1,3
8874,22.0,18,5,1,6
8875,15.0,19,5,1,3
8876,22.0,20,5,1,6
8877,13.0,21,5,1,2
8878,8.0,22,5,1,1
8879,13.0,23,5,1,2
8880,16.0,0,6,1,4
8881,12.0,1,6,1,2
8882,17.0,2,6,1,4
8883,14.0,3,6,1,3
8884,13.0,4,6,1,2
8885,12.0,5,6,1,2
8886,7.0,6,6,1,1
8887,7.0,7,6,1,1
8888,14.0,8,6,1,3
8889,18.0,9,6,1,5
8890,14.0,10,6,1,3
8891,9.0,11,6,1,1
8892,10.0,12,6,1,1
8893,15.0,13,6,1,3
8894,21.0,14,6,1,6
8895,5.0,15,6,1,1
8896,7.0,16,6,1,1
8897,14.0,17,6,1,3
8898,1.0,18,6,1,1
8899,15.0,19,6,1,3
8900,9.0,20,6,1,1
8901,10.0,21,6,1,1
8902,26.0,22,6,2,8
8903,7.0,23,6,1,1
8904,16.0,0,0,1,4
8905,8.0,1,0,1,1
8906,15.0,2,0,1,3
8907,9.0,3,0,1,1
8908,13.0,4,0,1,2
8909,6.0,5,0,1,1
8910,9.0,6,0,1,1
8911,14.0,7,0,1,3
8912,13.0,8,0,1,2
8913,9.0,9,0,1,1
8914,8.0,10,0,1,1
8915,13.0,11,0,1,2
8916,5.0,12,0,1,1
8917,3.0,13,0,1,1
8918,17.0,14,0,1,4
8919,6.0,15,0,1,1
8920,36.0,16,0,4,12
8921,7.0,17,0,1,1
8922,9.0,18,0,1,1
8923,14.0,19,0,1,3
8924,2.0,20,0,1,1
8925,3.0,21,0,1,1
8926,6.0,22,0,1,1
8927,14.0,23,0,1,3
8928,5.0,0,1,1,1
8929,15.0,1,1,1,3
8930,14.0,2,1,1,3
8931,5.0,3,1,1,1
8932,12.0,4,1,1,2
8933,6.0,5,1,1,1
8934,5.0,6,1,1,1
8935,6.0,7,1,1,1
8936,7.0,8,1,1,1
8937,8.0,9,1,1,1
8938,8.0,10,1,1,1
8939,10.0,11,1,1,1
8940,5.0,12,1,1,1
8941,6.0,13,1,1,1
8942,5.0,14,1,1,1
8943,16.0,15,1,1,4
8944,12.0,16,1,1,2
8945,21.0,17,1,1,6
8946,18.0,18,1,1,5
8947,29.0,19,1,3,9
8948,16.0,20,1,1,4
8949,38.0,21,1,4,13
8950,43.0,22,1,5,16
8951,66.0,23,1,10,27
8952,58.0,0,2,8,23
8953,50.0,1,2,7,19
8954,52.0,2,2,7,20
8955,55.0,3,2,8,21
8956,39.0,4,2,5,14
8957,27.0,5,2,2,8
8958,29.0,6,2,3,9
8959,50.0,7,2,7,19
8960,48.0,8,2,6,18
8961,45.0,9,2,6,17
8962,48.0,10,2,6,18
8963,43.0,11,2,5,16
8964,39.0,12,2,5,14
8965,29.0,13,2,3,9
8966,32.0,14,2,3,11
8967,33.0,15,2,3,11
8968,30.0,16,2,3,10
8969,42.0,17,2,5,15
8970,4.0,18,2,1,1
8971,8.0,19,2,1,1
8972,5.0,20,2,1,1
8973,2.0,21,2,1,1
8974,8.0,22,2,1,1
8975,8.0,23,2,1,1
8976,16.0,0,3,1,4
8977,8.0,1,3,1,1
8978,14.0,2,3,1,3
8979,18.0,3,3,1,5
8980,5.0,4,3,1,1
8981,5.0,5,3,1,1
8982,5.0,6,3,1,1
8983,4.0,7,3,1,1
8984,9.0,8,3,1,1
8985,10.0,9,3,1,1
8986,6.0,10,3,1,1
8987,7.0,11,3,1,1
8988,17.0,12,3,1,4
8989,3.0,13,3,1,1
8990,7.0,14,3,1,1
8991,3.0,15,3,1,1
8992,8.0,16,3,1,1
8993,10.0,17,3,1,1
8994,8.0,18,3,1,1
8995,12.0,19,3,1,2
8996,8.0,20,3,1,1
8997,12.0,21,3,1,2
8998,7.0,22,3,1,1
8999,6.0,23,3,1,1
9000,10.0,0,4,1,1
9001,12.0,1,4,1,2
9002,9.0,2,4,1,1
9003,8.0,3,4,1,1
9004,12.0,4,4,1,2
9005,6.0,5,4,1,1
9006,15.0,6,4,1,3
9007,9.0,7,4,1,1
9008,21.0,8,4,1,6
9009,15.0,9,4,1,3
9010,16.0,10,4,1,4
9011,10.0,11,4,1,1
9012,13.0,12,4,1,2
9013,16.0,13,4,1,4
9014,10.0,14,4,1,1
9015,18.0,15,4,1,5
9016,27.0,16,4,2,8
9017,36.0,17,4,4,12
9018,8.0,18,4,1,1
9019,9.0,19,4,1,1
9020,10.0,20,4,1,1
9021,14.0,21,4,1,3
9022,10.0,22,4,1,1
9023,8.0,23,4,1,1
9024,6.0,0,5,1,1
9025,7.0,1,5,1,1
9026,13.0,2,5,1,2
9027,21.0,3,5,1,6
9028,6.0,4,5,1,1
9029,15.0,5,5,1,3
9030,3.0,6,5,1,1
9031,21.0,7,5,1,6
9032,10.0,8,5,1,1
9033,20.0,9,5,1,5
9034,17.0,10,5,1,4
9035,14.0,11,5,1,3
9036,14.0,12,5,1,3
9037,16.0,13,5,1,4
9038,16.0,14,5,1,4
9039,18.0,15,5,1,5
9040,12.0,16,5,1,2
9041,17.0,17,5,1,4
9042,13.0,18,5,1,2
9043,15.0,19,5,1,3
9044,21.0,20,5,1,6
9045,16.0,21,5,1,4
9046,16.0,22,5,1,4
9047,10.0,23,5,1,1
9048,10.0,0,6,1,1
9049,9.0,1,6,1,1
9050,27.0,2,6,2,8
9051,10.0,3,6,1,1
9052,19.0,4,6,1,5
9053,20.0,5,6,1,5
9054,15.0,6,6,1,3
9055,25.0,7,6,2,8
9056,9.0,8,6,1,1
9057,59.0,9,6,8,23
9058,52.0,10,6,7,20
9059,36.0,11,6,4,12
9060,10.0,12,6,1,1
9061,18.0,13,6,1,5
9062,14.0,14,6,1,3
9063,8.0,15,6,1,1
9064,25.0,16,6,2,8
9065,23.0,17,6,1,7
9066,46.0,18,6,6,17
9067,51.0,19,6,7,19
9068,43.0,20,6,5,16
9069,59.0,21,6,8,23
9070,72.0,22,6,11,30
9071,78.0,23,6,12,33
9072,54.0,0,0,8,21
9073,28.0,1,0,2,9
9074,23.0,2,0,1,7
9075,40.0,3,0,5,14
9076,42.0,4,0,5,15
9077,37.0,5,0,4,13
9078,51.0,6,0,7,19
9079,82.0,7,0,13,35
9080,56.0,8,0,8,22
9081,48.0,9,0,6,18
9082,58.0,10,0,8,23
9083,48.0,11,0,6,18
9084,54.0,12,0,8,21
9085,98.0,13,0,16,44
9086,76.0,14,0,12,32
9087,62.0,15,0,9,25
9088,63.0,16,0,9,25
9089,38.0,17,0,4,13
9090,34.0,18,0,4,12
9091,30.0,19,0,3,10
9092,25.0,20,0,2,8
9093,37.0,21,0,4,13
9094,45.0,22,0,6,17
9095,37.0,23,0,4,13
9096,33.0,0,1,3,11
9097,32.0,1,1,3,11
9098,40.0,2,1,5,14
9099,54.0,3,1,8,21
9100,26.0,4,1,2,8
9101,46.0,5,1,6,17
9102,37.0,6,1,4,13
9103,33.0,7,1,3,11
9104,35.0,8,1,4,12
9105,42.0,9,1,5,15
9106,38.0,10,1,4,13
9107,34.0,11,1,4,12
9108,29.0,12,1,3,9
9109,37.0,13,1,4,13
9110,52.0,14,1,7,20
9111,63.0,15,1,9,25
9112,45.0,16,1,6,17
9113,60.0,17,1,9,24
9114,43.0,18,1,5,16
9115,36.0,19,1,4,12
9116,38.0,20,1,4,13
9117,57.0,21,1,8,22
9118,50.0,22,1,7,19
9119,50.0,23,1,7,19
9120,29.0,0,2,3,9
9121,39.0,1,2,5,14
9122,57.0,2,2,8,22
9123,57.0,3,2,8,22
9124,61.0,4,2,9,24
9125,51.0,5,2,7,19
9126,61.0,6,2,9,24
9127,47.0,7,2,6,18
9128,51.0,8,2,7,19
9129,49.0,9,2,7,18
9130,51.0,10,2,7,19
9131,92.0,11,2,15,40
9132,90.0,12,2,14,39
9133,87.0,13,2,14,38
9134,93.0,14,2,15,41
9135,77.0,15,2,12,32
9136,93.0,16,2,15,41
9137,129.0,17,2,21,62
9138,166.0,18,2,27,85
9139,107.0,19,2,17,49
9140,128.0,20,2,21,61
9141,79.0,21,2,12,33
9142,87.0,22,2,14,38
9143,96.0,23,2,15,43
9144,108.0,0,3,17,49
9145,108.0,1,3,17,49
9146,131.0,2,3,21,63
9147,80.0,3,3,12,34
9148,89.0,4,3,14,39
9149,93.0,5,3,15,41
9150,59.0,6,3,8,23
9151,52.0,7,3,7,20
9152,69.0,8,3,10,28
9153,67.0,9,3,10,27
9154,64.0,10,3,9,26
9155,77.0,11,3,12,32
9156,98.0,12,3,16,44
9157,65.0,13,3,10,26
9158,57.0,14,3,8,22
9159,61.0,15,3,9,24
9160,65.0,16,3,10,26
9161,113.0,17,3,18,52
9162,71.0,18,3,11,29
9163,77.0,19,3,12,32
9164,63.0,20,3,9,25
9165,104.0,21,3,17,47
9166,77.0,22,3,12,32
9167,61.0,23,3,9,24
9168,79.0,0,4,12,33
9169,91.0,1,4,14,40
9170,86.0,2,4,13,37
9171,84.0,3,4,13,36
9172,79.0,4,4,12,33
9173,102.0,5,4,16,46
9174,74.0,6,4,11,31
9175,86.0,7,4,13,37
9176,81.0,8,4,13,34
9177,118.0,9,4,19,55
9178,111.0,10,4,18,51
9179,81.0,11,4,13,34
9180,102.0,12,4,16,46
9181,119.0,13,4,19,56
9182,142.0,14,4,23,69
9183,108.0,15,4,17,49
9184,96.0,16,4,15,43
9185,122.0,17,4,20,57
9186,155.0,18,4,25,78
9187,140.0,19,4,23,68
9188,176.0,20,4,28,92
9189,138.0,21,4,22,67
9190,170.0,22,4,28,88
9191,149.0,23,4,24,74
9192,145.0,0,5,24,71
9193,89.0,1,5,14,39
9194,101.0,2,5,16,45
9195,131.0,3,5,21,63
9196,81.0,4,5,13,34
9197,104.0,5,5,17,47
9198,113.0,6,5,18,52
9199,104.0,7,5,17,47
9200,99.0,8,5,16,44
9201,128.0,9,5,21,61
9202,102.0,10,5,16,46
9203,87.0,11,5,14,38
9204,84.0,12,5,13,36
9205,88.0,13,5,14,38
9206,116.0,14,5,19,54
9207,85.0,15,5,13,37
9208,82.0,16,5,13,35
9209,118.0,17,5,19,55
9210,129.0,18,5,21,62
9211,128.0,19,5,21,61
9212,162.0,20,5,26,82
9213,119.0,21,5,19,56
9214,114.0,22,5,18,53
9215,116.0,23,5,19,54
9216,153.0,0,6,25,76
9217,129.0,1,6,21,62
9218,118.0,2,6,19,55
9219,116.0,3,6,19,54
9220,146.0,4,6,24,72
9221,110.0,5,6,18,50
9222,134.0,6,6,22,65
9223,143.0,7,6,23,70
9224,148.0,8,6,24,73
9225,158.0,9,6,26,80
9226,108.0,10,6,17,49
9227,148.0,11,6,24,73
9228,159.0,12,6,26,80
9229,98.0,13,6,16,44
9230,117.0,14,6,19,54
9231,123.0,15,6,20,58
9232,109.0,16,6,18,50
9233,130.0,17,6,21,62
9234,109.0,18,6,18,50
9235,113.0,19,6,18,52
9236,132.0,20,6,21,63
9237,113.0,21,6,18,52
9238,541.0,22,6,63,444
9240,80.0,0,0,12,34
9241,79.0,1,0,12,33
9243,111.0,3,0,18,51
9244,384.0,4,0,53,267
9246,151.0,6,0,25,75
9248,134.0,8,0,22,65
9254,135.0,14,0,22,65
9256,120.0,16,0,19,56
9257,121.0,17,0,20,57
9258,147.0,18,0,24,73
9259,104.0,19,0,17,47
9260,92.0,20,0,15,40
9263,122.0,23,0,20,57
9264,136.0,0,1,22,66
9266,129.0,2,1,21,62
9267,106.0,3,1,17,48
9268,153.0,4,1,25,76
9270,110.0,6,1,18,50
9271,136.0,7,1,22,66
9272,97.0,8,1,15,43
9274,125.0,10,1,20,59
9276,117.0,12,1,19,54
9278,134.0,14,1,22,65
9280,128.0,16,1,21,61
9283,108.0,19,1,17,49
9284,120.0,20,1,19,56
9285,118.0,21,1,19,55
9290,132.0,2,2,21,63
9291,138.0,3,2,22,67
9292,125.0,4,2,20,59
9293,120.0,5,2,19,56
9294,145.0,6,2,24,71
9295,136.0,7,2,22,66
9296,156.0,8,2,25,78
9297,99.0,9,2,16,44
9299,118.0,11,2,19,55
9307,156.0,19,2,25,78
9308,201.0,20,2,32,109
9309,188.0,21,2,30,100
9310,197.0,22,2,32,106
9312,213.0,0,3,34,118
9313,182.0,1,3,29,96
9315,145.0,3,3,24,71
9316,148.0,4,3,24,73
9317,169.0,5,3,27,87
9318,169.0,6,3,27,87
9320,475.0,8,3,60,365
9321,131.0,9,3,21,63
9322,124.0,10,3,20,59
9323,117.0,11,3,19,54
9324,140.0,12,3,23,68
9325,131.0,13,3,21,63
9327,132.0,15,3,21,63
9328,114.0,16,3,18,53
9329,125.0,17,3,20,59
9332,117.0,20,3,19,54
9334,173.0,22,3,28,90
9335,126.0,23,3,20,60
9336,160.0,0,4,26,81
9337,103.0,1,4,16,46
9338,106.0,2,4,17,48
9339,142.0,3,4,23,69
9340,142.0,4,4,23,69
9341,110.0,5,4,18,50
9342,131.0,6,4,21,63
9343,125.0,7,4,20,59
9344,161.0,8,4,26,82
9345,126.0,9,4,20,60
9346,132.0,10,4,21,63
9347,138.0,11,4,22,67
9348,120.0,12,4,19,56
9349,94.0,13,4,15,41
9350,103.0,14,4,16,46
9351,127.0,15,4,21,60
9352,141.0,16,4,23,69
9353,106.0,17,4,17,48
9354,106.0,18,4,17,48
9355,134.0,19,4,22,65
9357,140.0,21,4,23,68
9358,132.0,22,4,21,63
9359,140.0,23,4,23,68
9360,167.0,0,5,27,86
9361,108.0,1,5,17,49
9362,144.0,2,5,23,71
9363,131.0,3,5,21,63
9364,130.0,4,5,21,62
9365,176.0,5,5,28,92
9366,89.0,6,5,14,39
9367,144.0,7,5,23,71
9368,121.0,8,5,20,57
9369,101.0,9,5,16,45
9370,125.0,10,5,20,59
9371,103.0,11,5,16,46
9372,98.0,12,5,16,44
9373,108.0,13,5,17,49
9374,102.0,14,5,16,46
9375,97.0,15,5,15,43
9376,131.0,16,5,21,63
9377,146.0,17,5,24,72
9378,114.0,18,5,18,53
9379,148.0,19,5,24,73
9380,109.0,20,5,18,50
9381,121.0,21,5,20,57
9382,139.0,22,5,23,68
9383,125.0,23,5,20,59
9384,99.0,0,6,16,44
9385,177.0,1,6,29,92
9386,147.0,2,6,24,73
9387,118.0,3,6,19,55
9388,122.0,4,6,20,57
9389,113.0,5,6,18,52
9390,156.0,6,6,25,78
9391,126.0,7,6,20,60
9392,122.0,8,6,20,57
9393,89.0,9,6,14,39
9394,148.0,10,6,24,73
9395,189.0,11,6,30,101
9396,172.0,12,6,28,89
9397,192.0,13,6,31,103
9398,224.0,14,6,35,126
9399,163.0,15,6,26,83
9400,136.0,16,6,22,66
9401,136.0,17,6,22,66
9402,136.0,18,6,22,66
9403,145.0,19,6,24,71
9404,170.0,20,6,28,88
9405,150.0,21,6,24,75
9406,165.0,22,6,27,84
9407,163.0,23,6,26,83
9408,143.0,0,0,23,70
9409,126.0,1,0,20,60
9410,134.0,2,0,22,65
9411,144.0,3,0,23,71
9412,158.0,4,0,26,80
9413,148.0,5,0,24,73
9414,133.0,6,0,22,64
9415,129.0,7,0,21,62
9416,109.0,8,0,18,50
9417,124.0,9,0,20,59
9418,123.0,10,0,20,58
9419,113.0,11,0,18,52
9420,120.0,12,0,19,56
9421,84.0,13,0,13,36
9422,118.0,14,0,19,55
9423,158.0,15,0,26,80
9424,99.0,16,0,16,44
9425,133.0,17,0,22,64
9426,121.0,18,0,20,57
9427,108.0,19,0,17,49
9428,154.0,20,0,25,77
9429,158.0,21,0,26,80
9430,135.0,22,0,22,65
9431,156.0,23,0,25,78
9432,175.0,0,1,28,91
9433,170.0,1,1,28,88
9434,168.0,2,1,27,86
9435,178.0,3,1,29,93
9436,165.0,4,1,27,84
9437,139.0,5,1,23,68
9438,104.0,6,1,17,47
9439,125.0,7,1,20,59
9440,139.0,8,1,23,68
9441,98.0,9,1,16,44
9442,142.0,10,1,23,69
9443,154.0,11,1,25,77
9444,107.0,12,1,17,49
9445,146.0,13,1,24,72
9446,111.0,14,1,18,51
9447,122.0,15,1,20,57
9448,119.0,16,1,19,56
9449,145.0,17,1,24,71
9450,144.0,18,1,23,71
9451,136.0,19,1,22,66
9452,113.0,20,1,18,52
9453,155.0,21,1,25,78
9454,93.0,22,1,15,41
9455,117.0,23,1,19,54
9456,108.0,0,2,17,49
9457,121.0,1,2,20,57
9458,158.0,2,2,26,80
9459,124.0,3,2,20,59
9460,141.0,4,2,23,69
9461,143.0,5,2,23,70
9462,161.0,6,2,26,82
9463,144.0,7,2,23,71
9464,134.0,8,2,22,65
9465,154.0,9,2,25,77
9466,164.0,10,2,27,84
9467,145.0,11,2,24,71
9468,170.0,12,2,28,88
9469,130.0,13,2,21,62
9470,130.0,14,2,21,62
9471,173.0,15,2,28,90
9472,129.0,16,2,21,62
9473,191.0,17,2,31,102
9474,146.0,18,2,24,72
9475,103.0,19,2,16,46
9476,117.0,20,2,19,54
9477,159.0,21,2,26,80
9478,151.0,22,2,25,75
9479,128.0,23,2,21,61
9480,122.0,0,3,20,57
9481,145.0,1,3,24,71
9482,188.0,2,3,30,100
9483,161.0,3,3,26,82
9484,193.0,4,3,31,103
9485,141.0,5,3,23,69
9486,172.0,6,3,28,89
9487,155.0,7,3,25,78
9488,223.0,8,3,35,125
9489,167.0,9,3,27,86
9490,148.0,10,3,24,73
9491,205.0,11,3,33,112
9492,131.0,12,3,21,63
9493,163.0,13,3,26,83
9494,164.0,14,3,27,84
9495,142.0,15,3,23,69
9496,172.0,16,3,28,89
9497,169.0,17,3,27,87
9498,138.0,18,3,22,67
9499,141.0,19,3,23,69
9500,130.0,20,3,21,62
9501,120.0,21,3,19,56
9502,110.0,22,3,18,50
9503,118.0,23,3,19,55
9504,114.0,0,4,18,53
9505,122.0,1,4,20,57
9506,138.0,2,4,22,67
9507,99.0,3,4,16,44
9508,130.0,4,4,21,62
9509,136.0,5,4,22,66
9510,78.0,6,4,12,33
9511,136.0,7,4,22,66
9512,131.0,8,4,21,63
9513,120.0,9,4,19,56
9514,126.0,10,4,20,60
9515,109.0,11,4,18,50
9516,102.0,12,4,16,46
9517,99.0,13,4,16,44
9518,122.0,14,4,20,57
9519,126.0,15,4,20,60
9520,106.0,16,4,17,48
9521,136.0,17,4,22,66
9522,135.0,18,4,22,65
9523,148.0,19,4,24,73
9524,147.0,20,4,24,73
9525,111.0,21,4,18,51
9526,118.0,22,4,19,55
9527,92.0,23,4,15,40
9528,147.0,0,5,24,73
9529,119.0,1,5,19,56
9530,93.0,2,5,15,41
9531,139.0,3,5,23,68
9532,149.0,4,5,24,74
9533,106.0,5,5,17,48
9534,94.0,6,5,15,41
9535,106.0,7,5,17,48
9536,88.0,8,5,14,38
9537,119.0,9,5,19,56
9538,139.0,10,5,23,68
9539,123.0,11,5,20,58
9540,84.0,12,5,13,36
9541,109.0,13,5,18,50
9542,162.0,14,5,26,82
9543,189.0,15,5,30,101
9544,164.0,16,5,27,84
9545,151.0,17,5,25,75
9546,124.0,18,5,20,59
9547,124.0,19,5,20,59
9548,141.0,20,5,23,69
9549,136.0,21,5,22,66
9550,173.0,22,5,28,90
9551,151.0,23,5,25,75
9552,151.0,0,6,25,75
9553,168.0,1,6,27,86
9554,204.0,2,6,33,111
9555,212.0,3,6,34,117
9556,117.0,4,6,19,54
9557,139.0,5,6,23,68
9558,153.0,6,6,25,76
9559,108.0,7,6,17,49
9560,88.0,8,6,14,38
9561,105.0,9,6,17,48
9562,132.0,10,6,21,63
9563,159.0,11,6,26,80
9564,128.0,12,6,21,61
9565,138.0,13,6,22,67
9566,124.0,14,6,20,59
9567,151.0,15,6,25,75
9568,131.0,16,6,21,63
9569,125.0,17,6,20,59
9570,147.0,18,6,24,73
9571,166.0,19,6,27,85
9572,143.0,20,6,23,70
9573,119.0,21,6,19,56
9574,133.0,22,6,22,64
9575,126.0,23,6,20,60
9576,123.0,0,0,20,58
9577,142.0,1,0,23,69
9578,116.0,2,0,19,54
9579,138.0,3,0,22,67
9580,158.0,4,0,26,80
9581,100.0,5,0,16,45
9582,108.0,6,0,17,49
9583,177.0,7,0,29,92
9584,202.0,8,0,32,110
9585,168.0,9,0,27,86
9586,184.0,10,0,30,97
9587,144.0,11,0,23,71
9588,149.0,12,0,24,74
9589,116.0,13,0,19,54
9590,116.0,14,0,19,54
9591,111.0,15,0,18,51
9592,129.0,16,0,21,62
9593,108.0,17,0,17,49
9594,138.0,18,0,22,67
9595,127.0,19,0,21,60
9596,98.0,20,0,16,44
9597,136.0,21,0,22,66
9598,121.0,22,0,20,57
9599,143.0,23,0,23,70
9600,169.0,0,1,27,87
9601,175.0,1,1,28,91
9602,171.0,2,1,28,88
9603,231.0,3,1,36,131
9604,196.0,4,1,31,105
9605,198.0,5,1,32,107
9606,172.0,6,1,28,89
9607,220.0,7,1,35,123
9608,160.0,8,1,26,81
9609,208.0,9,1,33,114
9610,208.0,10,1,33,114
9611,193.0,11,1,31,103
9612,170.0,12,1,28,88
9613,177.0,13,1,29,92
9614,111.0,14,1,18,51
9615,117.0,15,1,19,54
9616,139.0,16,1,23,68
9617,138.0,17,1,22,67
9618,135.0,18,1,22,65
9619,105.0,19,1,17,48
9620,162.0,20,1,26,82
9621,149.0,21,1,24,74
9622,156.0,22,1,25,78
9623,161.0,23,1,26,82
9624,150.0,0,2,24,75
9625,148.0,1,2,24,73
9626,147.0,2,2,24,73
9627,132.0,3,2,21,63
9628,134.0,4,2,22,65
9629,117.0,5,2,19,54
9630,120.0,6,2,19,56
9631,127.0,7,2,21,60
9632,130.0,8,2,21,62
9633,175.0,9,2,28,91
9634,151.0,10,2,25,75
9635,151.0,11,2,25,75
9636,141.0,12,2,23,69
9637,139.0,13,2,23,68
9638,128.0,14,2,21,61
9639,154.0,15,2,25,77
9640,131.0,16,2,21,63
9641,128.0,17,2,21,61
9642,142.0,18,2,23,69
9643,146.0,19,2,24,72
9644,156.0,20,2,25,78
9645,131.0,21,2,21,63
9646,147.0,22,2,24,73
9647,140.0,23,2,23,68
9648,171.0,0,3,28,88
9649,155.0,1,3,25,78
9650,114.0,2,3,18,53
9651,151.0,3,3,25,75
9652,141.0,4,3,23,69
9653,138.0,5,3,22,67
9654,146.0,6,3,24,72
9655,154.0,7,3,25,77
9656,151.0,8,3,25,75
9657,149.0,9,3,24,74
9658,132.0,10,3,21,63
9659,176.0,11,3,28,92
9660,113.0,12,3,18,52
9661,149.0,13,3,24,74
9662,126.0,14,3,20,60
9663,171.0,15,3,28,88
9664,171.0,16,3,28,88
9665,182.0,17,3,29,96
9666,200.0,18,3,32,108
9667,141.0,19,3,23,69
9668,110.0,20,3,18,50
9669,160.0,21,3,26,81
9670,177.0,22,3,29,92
9671,152.0,23,3,25,76
9672,194.0,0,4,31,104
9673,203.0,1,4,32,110
9674,186.0,2,4,30,98
9675,189.0,3,4,30,101
9676,228.0,4,4,36,129
9677,203.0,5,4,32,110
9678,169.0,6,4,27,87
9679,153.0,7,4,25,76
9680,119.0,8,4,19,56
9681,154.0,9,4,25,77
9682,172.0,10,4,28,89
9683,151.0,11,4,25,75
9684,189.0,12,4,30,101
9685,201.0,13,4,32,109
9686,204.0,14,4,33,111
9687,156.0,15,4,25,78
9688,132.0,16,4,21,63
9689,169.0,17,4,27,87
9690,140.0,18,4,23,68
9691,183.0,19,4,30,96
9696,159.0,0,5,26,80
9697,147.0,1,5,24,73
9698,164.0,2,5,27,84
9699,117.0,3,5,19,54
9700,138.0,4,5,22,67
9701,125.0,5,5,20,59
9702,128.0,6,5,21,61
9703,166.0,7,5,27,85
9704,156.0,8,5,25,78
9705,170.0,9,5,28,88
9706,198.0,10,5,32,107
9708,437.0,12,5,58,322
9709,176.0,13,5,28,92
9710,151.0,14,5,25,75
9711,149.0,15,5,24,74
9712,167.0,16,5,27,86
9713,158.0,17,5,26,80
9714,168.0,18,5,27,86
9715,310.0,19,5,46,196
9716,153.0,20,5,25,76
9717,170.0,21,5,28,88
9718,180.0,22,5,29,94
9719,200.0,23,5,32,108
9720,181.0,0,6,29,95
9721,223.0,1,6,35,125
9722,212.0,2,6,34,117
9723,243.0,3,6,38,140
9724,228.0,4,6,36,129
9725,275.0,5,6,42,166
9726,250.0,6,6,39,146
9727,223.0,7,6,35,125
9728,217.0,8,6,34,121
9729,207.0,9,6,33,113
9730,206.0,10,6,33,113
9731,205.0,11,6,33,112
9732,212.0,12,6,34,117
9733,248.0,13,6,39,144
9734,290.0,14,6,44,179
9735,235.0,15,6,37,134
9736,216.0,16,6,34,120
9737,180.0,17,6,29,94
9738,196.0,18,6,31,105
9739,174.0,19,6,28,90
9740,171.0,20,6,28,88
9741,147.0,21,6,24,73
9742,186.0,22,6,30,98
9743,187.0,23,6,30,99
9744,154.0,0,0,25,77
9745,172.0,1,0,28,89
9746,139.0,2,0,23,68
9747,219.0,3,0,35,122
9748,220.0,4,0,35,123
9749,180.0,5,0,29,94
9750,218.0,6,0,35,121
9751,165.0,7,0,27,84
9752,163.0,8,0,26,83
9753,163.0,9,0,26,83
9754,177.0,10,0,29,92
9755,169.0,11,0,27,87
9756,183.0,12,0,30,96
9757,165.0,13,0,27,84
9758,156.0,14,0,25,78
9759,195.0,15,0,31,105
9760,202.0,16,0,32,110
9761,165.0,17,0,27,84
9762,178.0,18,0,29,93
9763,194.0,19,0,31,104
9764,168.0,20,0,27,86
9765,172.0,21,0,28,89
9766,166.0,22,0,27,85
9767,156.0,23,0,25,78
9768,192.0,0,1,31,103
9769,162.0,1,1,26,82
9770,176.0,2,1,28,92
9771,224.0,3,1,35,126
9772,268.0,4,1,41,161
9773,189.0,5,1,30,101
9774,236.0,6,1,37,135
9775,213.0,7,1,34,118
9776,222.0,8,1,35,124
9777,186.0,9,1,30,98
9778,159.0,10,1,26,80
9779,234.0,11,1,37,133
9780,206.0,12,1,33,113
9781,192.0,13,1,31,103
9782,185.0,14,1,30,98
9783,215.0,15,1,34,119
9784,196.0,16,1,31,105
9785,204.0,17,1,33,111
9786,211.0,18,1,34,116
9787,223.0,19,1,35,125
9788,210.0,20,1,33,115
9789,240.0,21,1,38,138
9790,186.0,22,1,30,98
9791,214.0,23,1,34,118
9792,206.0,0,2,33,113
9793,233.0,1,2,37,133
9794,242.0,2,2,38,140
9795,217.0,3,2,34,121
9796,280.0,4,2,43,171
9797,229.0,5,2,36,130
9798,209.0,6,2,33,115
9799,233.0,7,2,37,133
9800,257.0,8,2,40,152
9801,230.0,9,2,36,130
9802,225.0,10,2,36,127
9803,240.0,11,2,38,138
9804,214.0,12,2,34,118
9805,191.0,13,2,31,102
9806,168.0,14,2,27,86
9807,205.0,15,2,33,112
9808,214.0,16,2,34,118
9809,172.0,17,2,28,89
9810,165.0,18,2,27,84
9811,170.0,19,2,28,88
9812,188.0,20,2,30,100
9813,195.0,21,2,31,105
9814,194.0,22,2,31,104
9815,235.0,23,2,37,134
9816,178.0,0,3,29,93
9817,152.0,1,3,25,76
9818,242.0,2,3,38,140
9819,268.0,3,3,41,161
9820,201.0,4,3,32,109
9821,234.0,5,3,37,133
9822,217.0,6,3,34,121
9823,181.0,7,3,29,95
9824,264.0,8,3,41,157
9825,246.0,9,3,38,143
9826,223.0,10,3,35,125
9827,210.0,11,3,33,115
9828,235.0,12,3,37,134
9829,198.0,13,3,32,107
9830,204.0,14,3,33,111
9831,190.0,15,3,31,101
9832,168.0,16,3,27,86
9833,181.0,17,3,29,95
9834,218.0,18,3,35,121
9835,233.0,19,3,37,133
9836,176.0,20,3,28,92
9837,238.0,21,3,37,137
9838,281.0,22,3,43,171
9839,218.0,23,3,35,121
9840,214.0,0,4,34,118
9841,215.0,1,4,34,119
9842,235.0,2,4,37,134
9843,271.0,3,4,42,163
9844,271.0,4,4,42,163
9845,238.0,5,4,37,137
9846,228.0,6,4,36,129
9847,213.0,7,4,34,118
9848,287.0,8,4,43,176
9849,313.0,9,4,46,199
9850,209.0,10,4,33,115
9853,222.0,13,4,35,124
9854,222.0,14,4,35,124
9855,230.0,15,4,36,130
9856,206.0,16,4,33,113
9857,246.0,17,4,38,143
9858,239.0,18,4,37,137
9859,243.0,19,4,38,140
9860,269.0,20,4,41,161
9861,192.0,21,4,31,103
9862,211.0,22,4,34,116
9863,253.0,23,4,39,148
9864,261.0,0,5,40,155
9865,265.0,1,5,41,158
9866,155.0,2,5,25,78
9867,206.0,3,5,33,113
9868,212.0,4,5,34,117
9869,172.0,5,5,28,89
9870,216.0,6,5,34,120
9871,209.0,7,5,33,115
9872,239.0,8,5,37,137
9873,175.0,9,5,28,91
9874,150.0,10,5,24,75
9875,203.0,11,5,32,110
9876,194.0,12,5,31,104
9877,175.0,13,5,28,91
9878,186.0,14,5,30,98
9879,201.0,15,5,32,109
9880,190.0,16,5,31,101
9881,213.0,17,5,34,118
9882,201.0,18,5,32,109
9883,288.0,19,5,44,177
9884,253.0,20,5,39,148
9885,290.0,21,5,44,179
9886,301.0,22,5,45,189
9887,238.0,23,5,37,137
9888,213.0,0,6,34,118
9889,242.0,1,6,38,140
9890,235.0,2,6,37,134
9891,220.0,3,6,35,123
9892,267.0,4,6,41,160
9893,262.0,5,6,40,156
9894,260.0,6,6,40,154
9895,288.0,7,6,44,177
9896,296.0,8,6,45,184
9897,258.0,9,6,40,152
9898,316.0,10,6,47,202
9899,268.0,11,6,41,161
9900,264.0,12,6,41,157
9901,244.0,13,6,38,141
9902,243.0,14,6,38,140
9903,287.0,15,6,43,176
9904,290.0,16,6,44,179
9905,293.0,17,6,44,182
9906,219.0,18,6,35,122
9907,269.0,19,6,41,161
9908,224.0,20,6,35,126
9909,255.0,21,6,40,150
9910,293.0,22,6,44,182
9911,262.0,23,6,40,156
9912,226.0,0,0,36,127
9913,316.0,1,0,47,202
9914,309.0,2,0,46,196
9915,252.0,3,0,39,148
9916,240.0,4,0,38,138
9917,238.0,5,0,37,137
9918,193.0,6,0,31,103
9919,274.0,7,0,42,166
9920,186.0,8,0,30,98
9921,188.0,9,0,30,100
9922,182.0,10,0,29,96
9923,242.0,11,0,38,140
9924,246.0,12,0,38,143
9925,152.0,13,0,25,76
9926,188.0,14,0,30,100
9927,250.0,15,0,39,146
9928,236.0,16,0,37,135
9929,240.0,17,0,38,138
9930,192.0,18,0,31,103
9931,205.0,19,0,33,112
9932,239.0,20,0,37,137
9933,216.0,21,0,34,120
9934,273.0,22,0,42,165
9935,173.0,23,0,28,90
9936,183.0,0,1,30,96
9937,222.0,1,1,35,124
9938,232.0,2,1,37,132
9939,225.0,3,1,36,127
9940,192.0,4,1,31,103
9941,215.0,5,1,34,119
9942,223.0,6,1,35,125
9943,235.0,7,1,37,134
9944,249.0,8,1,39,145
9945,205.0,9,1,33,112
9946,208.0,10,1,33,114
9947,214.0,11,1,34,118
9948,248.0,12,1,39,144
9949,208.0,13,1,33,114
9950,204.0,14,1,33,111
9951,186.0,15,1,30,98
9952,215.0,16,1,34,119
9953,217.0,17,1,34,121
9954,235.0,18,1,37,134
9955,218.0,19,1,35,121
9956,201.0,20,1,32,109
9957,267.0,21,1,41,160
9958,234.0,22,1,37,133
9959,251.0,23,1,39,147
9960,218.0,0,2,35,121
9961,236.0,1,2,37,135
9962,184.0,2,2,30,97
9963,255.0,3,2,40,150
9964,224.0,4,2,35,126
9965,295.0,5,2,44,183
9966,207.0,6,2,33,113
9967,204.0,7,2,33,111
9968,200.0,8,2,32,108
9969,295.0,9,2,44,183
9970,285.0,10,2,43,175
9971,288.0,11,2,44,177
9972,212.0,12,2,34,117
9973,253.0,13,2,39,148
9974,230.0,14,2,36,130
9975,261.0,15,2,40,155
9976,286.0,16,2,43,176
9977,256.0,17,2,40,151
9978,279.0,18,2,43,170
9979,272.0,19,2,42,164
9980,247.0,20,2,39,144
9981,188.0,21,2,30,100
9982,201.0,22,2,32,109
9983,184.0,23,2,30,97
9984,212.0,0,3,34,117
9985,206.0,1,3,33,113
9986,170.0,2,3,28,88
9987,197.0,3,3,32,106
9988,194.0,4,3,31,104
9989,261.0,5,3,40,155
9990,193.0,6,3,31,103
9991,208.0,7,3,33,114
9992,197.0,8,3,32,106
9993,224.0,9,3,35,126
9994,254.0,10,3,39,149
9995,207.0,11,3,33,113
9996,211.0,12,3,34,116
9997,187.0,13,3,30,99
9998,156.0,14,3,25,78
9999,165.0,15,3,27,84
10000,184.0,16,3,30,97
10001,214.0,17,3,34,118
10002,204.0,18,3,33,111
10003,191.0,19,3,31,102
10004,192.0,20,3,31,103
10005,209.0,21,3,33,115
10006,211.0,22,3,34,116
10007,183.0,23,3,30,96
10008,228.0,0,4,36,129
10009,210.0,1,4,33,115
10010,276.0,2,4,42,167
10011,236.0,3,4,37,135
10012,253.0,4,4,39,148
10013,184.0,5,4,30,97
10014,148.0,6,4,24,73
10015,218.0,7,4,35,121
10016,173.0,8,4,28,90
10017,206.0,9,4,33,113
10018,196.0,10,4,31,105
10019,167.0,11,4,27,86
10020,191.0,12,4,31,102
10021,198.0,13,4,32,107
10022,210.0,14,4,33,115
10023,162.0,15,4,26,82
10024,201.0,16,4,32,109
10025,181.0,17,4,29,95
10026,156.0,18,4,25,78
10027,186.0,19,4,30,98
10028,186.0,20,4,30,98
10029,173.0,21,4,28,90
10030,149.0,22,4,24,74
10031,164.0,23,4,27,84
10032,148.0,0,5,24,73
10033,184.0,1,5,30,97
10034,208.0,2,5,33,114
10035,178.0,3,5,29,93
10036,189.0,4,5,30,101
10037,171.0,5,5,28,88
10038,181.0,6,5,29,95
10039,211.0,7,5,34,116
10040,220.0,8,5,35,123
10041,198.0,9,5,32,107
10042,175.0,10,5,28,91
10043,181.0,11,5,29,95
10044,168.0,12,5,27,86
10045,174.0,13,5,28,90
10046,203.0,14,5,32,110
10047,234.0,15,5,37,133
10048,203.0,16,5,32,110
10049,129.0,17,5,21,62
10050,171.0,18,5,28,88
10051,178.0,19,5,29,93
10052,250.0,20,5,39,146
10053,222.0,21,5,35,124
10054,154.0,22,5,25,77
10055,170.0,23,5,28,88
10056,213.0,0,6,34,118
10057,153.0,1,6,25,76
10058,135.0,2,6,22,65
10059,186.0,3,6,30,98
10060,177.0,4,6,29,92
10061,204.0,5,6,33,111
10062,169.0,6,6,27,87
10063,145.0,7,6,24,71
10064,176.0,8,6,28,92
10065,210.0,9,6,33,115
10066,162.0,10,6,26,82
10067,170.0,11,6,28,88
10068,161.0,12,6,26,82
10069,211.0,13,6,34,116
10070,217.0,14,6,34,121
10071,156.0,15,6,25,78
10072,181.0,16,6,29,95
10073,135.0,17,6,22,65
10074,156.0,18,6,25,78
10075,168.0,19,6,27,86
10076,209.0,20,6,33,115
10077,168.0,21,6,27,86
10078,168.0,22,6,27,86
10079,139.0,23,6,23,68
10080,140.0,0,0,23,68
10081,167.0,1,0,27,86
10082,117.0,2,0,19,54
10083,143.0,3,0,23,70
10084,152.0,4,0,25,76
10085,148.0,5,0,24,73
10086,148.0,6,0,24,73
10087,250.0,7,0,39,146
10088,196.0,8,0,31,105
10089,156.0,9,0,25,78
10090,170.0,10,0,28,88
10091,141.0,11,0,23,69
10092,152.0,12,0,25,76
10093,184.0,13,0,30,97
10094,145.0,14,0,24,71
10095,195.0,15,0,31,105
10096,173.0,16,0,28,90
10097,164.0,17,0,27,84
10098,144.0,18,0,23,71
10099,144.0,19,0,23,71
10100,129.0,20,0,21,62
10101,125.0,21,0,20,59
10102,133.0,22,0,22,64
10103,174.0,23,0,28,90
10104,149.0,0,1,24,74
10105,132.0,1,1,21,63
10106,168.0,2,1,27,86
10107,151.0,3,1,25,75
10108,156.0,4,1,25,78
10109,129.0,5,1,21,62
10110,125.0,6,1,20,59
10111,106.0,7,1,17,48
10112,130.0,8,1,21,62
10113,116.0,9,1,19,54
10114,134.0,10,1,22,65
10115,138.0,11,1,22,67
10116,153.0,12,1,25,76
10117,147.0,13,1,24,73
10118,100.0,14,1,16,45
10119,117.0,15,1,19,54
10120,122.0,16,1,20,57
10121,146.0,17,1,24,72
10122,102.0,18,1,16,46
10123,87.0,19,1,14,38
10124,112.0,20,1,18,52
10125,101.0,21,1,16,45
10126,135.0,22,1,22,65
10127,125.0,23,1,20,59
10128,99.0,0,2,16,44
10129,111.0,1,2,18,51
10130,93.0,2,2,15,41
10131,159.0,3,2,26,80
10132,80.0,4,2,12,34
10133,87.0,5,2,14,38
10134,106.0,6,2,17,48
10135,80.0,7,2,12,34
10136,128.0,8,2,21,61
10137,93.0,9,2,15,41
10138,79.0,10,2,12,33
10139,108.0,11,2,17,49
10140,83.0,12,2,13,36
10141,89.0,13,2,14,39
10142,84.0,14,2,13,36
10143,80.0,15,2,12,34
10144,84.0,16,2,13,36
10145,86.0,17,2,13,37
10146,80.0,18,2,12,34
10147,76.0,19,2,12,32
10148,71.0,20,2,11,29
10149,98.0,21,2,16,44
10150,82.0,22,2,13,35
10151,104.0,23,2,17,47
10152,128.0,0,3,21,61
10153,82.0,1,3,13,35
10154,86.0,2,3,13,37
10155,71.0,3,3,11,29
10156,110.0,4,3,18,50
10157,113.0,5,3,18,52
10158,97.0,6,3,15,43
10159,132.0,7,3,21,63
10160,116.0,8,3,19,54
10161,80.0,9,3,12,34
10162,69.0,10,3,10,28
10163,83.0,11,3,13,36
10164,97.0,12,3,15,43
10165,123.0,13,3,20,58
10166,65.0,14,3,10,26
10167,77.0,15,3,12,32
10168,86.0,16,3,13,37
10169,90.0,17,3,14,39
10170,81.0,18,3,13,34
10171,76.0,19,3,12,32
10172,59.0,20,3,8,23
10173,82.0,21,3,13,35
10174,82.0,22,3,13,35
10175,114.0,23,3,18,53
10176,106.0,0,4,17,48
10177,101.0,1,4,16,45
10178,113.0,2,4,18,52
10179,100.0,3,4,16,45
10180,80.0,4,4,12,34
10181,88.0,5,4,14,38
10182,79.0,6,4,12,33
10183,57.0,7,4,8,22
10184,62.0,8,4,9,25
10185,55.0,9,4,8,21
10186,68.0,10,4,10,28
10187,75.0,11,4,11,31
10188,92.0,12,4,15,40
10189,64.0,13,4,9,26
10190,58.0,14,4,8,23
10191,68.0,15,4,10,28
10192,72.0,16,4,11,30
10193,74.0,17,4,11,31
10194,62.0,18,4,9,25
10195,61.0,19,4,9,24
10196,81.0,20,4,13,34
10197,91.0,21,4,14,40
10198,119.0,22,4,19,56
10199,69.0,23,4,10,28
10200,74.0,0,5,11,31
10201,59.0,1,5,8,23
10202,78.0,2,5,12,33
10203,85.0,3,5,13,37
10204,51.0,4,5,7,19
10205,74.0,5,5,11,31
10206,84.0,6,5,13,36
10207,59.0,7,5,8,23
10208,49.0,8,5,7,18
10209,54.0,9,5,8,21
10210,72.0,10,5,11,30
10211,62.0,11,5,9,25
10212,47.0,12,5,6,18
10213,40.0,13,5,5,14
10214,37.0,14,5,4,13
10215,37.0,15,5,4,13
10216,39.0,16,5,5,14
10217,57.0,17,5,8,22
10218,89.0,18,5,14,39
10219,67.0,19,5,10,27
10220,51.0,20,5,7,19
10221,46.0,21,5,6,17
10222,64.0,22,5,9,26
10223,59.0,23,5,8,23
10224,57.0,0,6,8,22
10225,39.0,1,6,5,14
10226,40.0,2,6,5,14
10227,41.0,3,6,5,15
10228,44.0,4,6,6,16
10229,35.0,5,6,4,12
10230,43.0,6,6,5,16
10231,37.0,7,6,4,13
10232,50.0,8,6,7,19
10233,32.0,9,6,3,11
10234,34.0,10,6,4,12
10235,40.0,11,6,5,14
10236,52.0,12,6,7,20
10237,57.0,13,6,8,22
10238,56.0,14,6,8,22
10239,36.0,15,6,4,12
10240,39.0,16,6,5,14
10241,57.0,17,6,8,22
10242,34.0,18,6,4,12
10243,32.0,19,6,3,11
10244,45.0,20,6,6,17
10245,30.0,21,6,3,10
10246,51.0,22,6,7,19
10247,35.0,23,6,4,12
10248,38.0,0,0,4,13
10249,41.0,1,0,5,15
10250,35.0,2,0,4,12
10251,34.0,3,0,4,12
10252,40.0,4,0,5,14
10253,38.0,5,0,4,13
10254,34.0,6,0,4,12
10255,34.0,7,0,4,12
10256,23.0,8,0,1,7
10257,21.0,9,0,1,6
10258,37.0,10,0,4,13
10259,16.0,11,0,1,4
10260,24.0,12,0,2,7
10261,45.0,13,0,6,17
10262,38.0,14,0,4,13
10263,39.0,15,0,5,14
10264,38.0,16,0,4,13
10265,43.0,17,0,5,16
10266,48.0,18,0,6,18
10267,61.0,19,0,9,24
10268,20.0,20,0,1,5
10269,35.0,21,0,4,12
10270,25.0,22,0,2,8
10271,32.0,23,0,3,11
10272,25.0,0,1,2,8
10273,19.0,1,1,1,5
10274,15.0,2,1,1,3
10275,40.0,3,1,5,14
10276,45.0,4,1,6,17
10277,37.0,5,1,4,13
10278,23.0,6,1,1,7
10279,28.0,7,1,2,9
10280,24.0,8,1,2,7
10281,12.0,9,1,1,2
10282,5.0,10,1,1,1
10283,16.0,11,1,1,4
10284,10.0,12,1,1,1
10285,20.0,13,1,1,5
10286,35.0,14,1,4,12
10287,18.0,15,1,1,5
10288,15.0,16,1,1,3
10289,16.0,17,1,1,4
10290,17.0,18,1,1,4
10291,21.0,19,1,1,6
10292,16.0,20,1,1,4
10293,19.0,21,1,1,5
10294,18.0,22,1,1,5
10295,35.0,23,1,4,12
10296,22.0,0,2,1,6
10297,12.0,1,2,1,2
10298,16.0,2,2,1,4
10299,12.0,3,2,1,2
10300,17.0,4,2,1,4
10301,13.0,5,2,1,2
10302,9.0,6,2,1,1
10303,22.0,7,2,1,6
10304,16.0,8,2,1,4
10305,20.0,9,2,1,5
10306,17.0,10,2,1,4
10307,27.0,11,2,2,8
10308,20.0,12,2,1,5
10309,29.0,13,2,3,9
10310,50.0,14,2,7,19
10311,19.0,15,2,1,5
10312,24.0,16,2,2,7
10313,28.0,17,2,2,9
10314,13.0,18,2,1,2
10315,21.0,19,2,1,6
10316,8.0,20,2,1,1
10317,13.0,21,2,1,2
10318,19.0,22,2,1,5
10319,10.0,23,2,1,1
10320,14.0,0,3,1,3
10321,9.0,1,3,1,1
10322,16.0,2,3,1,4
10323,18.0,3,3,1,5
10324,19.0,4,3,1,5
10325,6.0,5,3,1,1
10326,16.0,6,3,1,4
10327,18.0,7,3,1,5
10328,23.0,8,3,1,7
10329,19.0,9,3,1,5
10330,19.0,10,3,1,5
10331,32.0,11,3,3,11
10332,14.0,12,3,1,3
10333,13.0,13,3,1,2
10334,16.0,14,3,1,4
10335,34.0,15,3,4,12
10336,17.0,16,3,1,4
10337,18.0,17,3,1,5
10338,13.0,18,3,1,2
10339,22.0,19,3,1,6
10340,6.0,20,3,1,1
10341,9.0,21,3,1,1
10342,15.0,22,3,1,3
10343,12.0,23,3,1,2
10344,14.0,0,4,1,3
10345,6.0,1,4,1,1
10346,25.0,2,4,2,8
10347,23.0,3,4,1,7
10348,22.0,4,4,1,6
10349,23.0,5,4,1,7
10350,23.0,6,4,1,7
10351,17.0,7,4,1,4
10352,10.0,8,4,1,1
10353,12.0,9,4,1,2
10354,13.0,10,4,1,2
10355,32.0,11,4,3,11
10356,26.0,12,4,2,8
10357,15.0,13,4,1,3
10358,12.0,14,4,1,2
10359,7.0,15,4,1,1
10360,18.0,16,4,1,5
10361,2.0,17,4,1,1
10362,15.0,18,4,1,3
10363,4.0,19,4,1,1
10364,8.0,20,4,1,1
10365,13.0,21,4,1,2
10366,14.0,22,4,1,3
10367,22.0,23,4,1,6
10368,23.0,0,5,1,7
10369,13.0,1,5,1,2
10370,14.0,2,5,1,3
10371,18.0,3,5,1,5
10372,20.0,4,5,1,5
10373,6.0,5,5,1,1
10374,9.0,6,5,1,1
10375,13.0,7,5,1,2
10376,4.0,8,5,1,1
10377,6.0,9,5,1,1
10378,19.0,10,5,1,5
10379,19.0,11,5,1,5
10380,10.0,12,5,1,1
10381,8.0,13,5,1,1
10382,2.0,14,5,1,1
10383,17.0,15,5,1,4
10384,16.0,16,5,1,4
10385,15.0,17,5,1,3
10386,14.0,18,5,1,3
10387,12.0,19,5,1,2
10388,19.0,20,5,1,5
10389,7.0,21,5,1,1
10390,6.0,22,5,1,1
10391,17.0,23,5,1,4
10392,14.0,0,6,1,3
10393,12.0,1,6,1,2
10394,9.0,2,6,1,1
10395,9.0,3,6,1,1
10396,26.0,4,6,2,8
10397,25.0,5,6,2,8
10398,18.0,6,6,1,5
10399,15.0,7,6,1,3
10400,40.0,8,6,5,14
10401,21.0,9,6,1,6
10402,56.0,10,6,8,22
10403,54.0,11,6,8,21
10404,30.0,12,6,3,10
10405,16.0,13,6,1,4
10406,12.0,14,6,1,2
10407,20.0,15,6,1,5
10408,20.0,16,6,1,5
10409,50.0,17,6,7,19
10410,40.0,18,6,5,14
10411,41.0,19,6,5,15
10412,26.0,20,6,2,8
10413,39.0,21,6,5,14
10414,66.0,22,6,10,27
10415,40.0,23,6,5,14
10416,38.0,0,0,4,13
10417,52.0,1,0,7,20
10418,39.0,2,0,5,14
10419,28.0,3,0,2,9
10420,24.0,4,0,2,7
10421,24.0,5,0,2,7
10422,44.0,6,0,6,16
10423,16.0,7,0,1,4
10424,29.0,8,0,3,9
10425,18.0,9,0,1,5
10426,13.0,10,0,1,2
10427,27.0,11,0,2,8
10428,28.0,12,0,2,9
10429,15.0,13,0,1,3
10430,14.0,14,0,1,3
10431,10.0,15,0,1,1
10432,18.0,16,0,1,5
10433,15.0,17,0,1,3
10434,21.0,18,0,1,6
10435,7.0,19,0,1,1
10436,9.0,20,0,1,1
10437,8.0,21,0,1,1
10438,20.0,22,0,1,5
10439,24.0,23,0,2,7
10440,28.0,0,1,2,9
10441,27.0,1,1,2,8
10442,30.0,2,1,3,10
10443,15.0,3,1,1,3
10444,21.0,4,1,1,6
10445,17.0,5,1,1,4
10446,21.0,6,1,1,6
10447,15.0,7,1,1,3
10448,46.0,8,1,6,17
10449,40.0,9,1,5,14
10450,8.0,10,1,1,1
10451,18.0,11,1,1,5
10452,12.0,12,1,1,2
10453,14.0,13,1,1,3
10454,24.0,14,1,2,7
10455,9.0,15,1,1,1
10456,21.0,16,1,1,6
10457,13.0,17,1,1,2
10458,33.0,18,1,3,11
10459,59.0,19,1,8,23
10460,49.0,20,1,7,18
10461,49.0,21,1,7,18
10462,43.0,22,1,5,16
10463,42.0,23,1,5,15
10464,41.0,0,2,5,15
10465,41.0,1,2,5,15
10466,46.0,2,2,6,17
10467,36.0,3,2,4,12
10468,45.0,4,2,6,17
10469,47.0,5,2,6,18
10470,37.0,6,2,4,13
10471,39.0,7,2,5,14
10472,45.0,8,2,6,17
10473,42.0,9,2,5,15
10474,48.0,10,2,6,18
10475,21.0,11,2,1,6
10476,10.0,12,2,1,1
10477,12.0,13,2,1,2
10478,16.0,14,2,1,4
10479,14.0,15,2,1,3
10480,8.0,16,2,1,1
10481,10.0,17,2,1,1
10482,7.0,18,2,1,1
10483,5.0,19,2,1,1
10484,13.0,20,2,1,2
10485,12.0,21,2,1,2
10486,26.0,22,2,2,8
10487,20.0,23,2,1,5
10488,21.0,0,3,1,6
10489,12.0,1,3,1,2
10490,13.0,2,3,1,2
10491,6.0,3,3,1,1
10492,28.0,4,3,2,9
10493,22.0,5,3,1,6
10494,8.0,6,3,1,1
10495,17.0,7,3,1,4
10496,20.0,8,3,1,5
10497,17.0,9,3,1,4
10498,30.0,10,3,3,10
10499,25.0,11,3,2,8
10500,28.0,12,3,2,9
10501,26.0,13,3,2,8
10502,27.0,14,3,2,8
10503,25.0,15,3,2,8
10504,29.0,16,3,3,9
10505,22.0,17,3,1,6
10506,26.0,18,3,2,8
10507,18.0,19,3,1,5
10508,18.0,20,3,1,5
10509,33.0,21,3,3,11
10510,54.0,22,3,8,21
10511,37.0,23,3,4,13
10512,43.0,0,4,5,16
10513,36.0,1,4,4,12
10514,45.0,2,4,6,17
10515,54.0,3,4,8,21
10516,75.0,4,4,11,31
10517,51.0,5,4,7,19
10518,69.0,6,4,10,28
10519,51.0,7,4,7,19
10520,57.0,8,4,8,22
10521,49.0,9,4,7,18
10522,54.0,10,4,8,21
10523,62.0,11,4,9,25
10524,30.0,12,4,3,10
10525,50.0,13,4,7,19
10526,66.0,14,4,10,27
10527,39.0,15,4,5,14
10528,45.0,16,4,6,17
10529,40.0,17,4,5,14
10530,32.0,18,4,3,11
10531,40.0,19,4,5,14
10532,55.0,20,4,8,21
10533,54.0,21,4,8,21
10534,36.0,22,4,4,12
10535,30.0,23,4,3,10
10536,47.0,0,5,6,18
10537,49.0,1,5,7,18
10538,70.0,2,5,11,29
10539,58.0,3,5,8,23
10540,52.0,4,5,7,20
10541,62.0,5,5,9,25
10542,54.0,6,5,8,21
10543,60.0,7,5,9,24
10544,57.0,8,5,8,22
10545,54.0,9,5,8,21
10546,59.0,10,5,8,23
10547,39.0,11,5,5,14
10548,38.0,12,5,4,13
10549,36.0,13,5,4,12
10550,42.0,14,5,5,15
10551,33.0,15,5,3,11
10552,34.0,16,5,4,12
10553,88.0,17,5,14,38
10554,55.0,18,5,8,21
10555,80.0,19,5,12,34
10556,62.0,20,5,9,25
10557,58.0,21,5,8,23
10558,52.0,22,5,7,20
10559,61.0,23,5,9,24
10560,67.0,0,6,10,27
10561,127.0,1,6,21,60
10562,79.0,2,6,12,33
10563,77.0,3,6,12,32
10564,72.0,4,6,11,30
10565,81.0,5,6,13,34
10566,85.0,6,6,13,37
10567,79.0,7,6,12,33
10568,130.0,8,6,21,62
10569,118.0,9,6,19,55
10570,134.0,10,6,22,65
10571,164.0,11,6,27,84
10572,119.0,12,6,19,56
10573,120.0,13,6,19,56
10574,74.0,14,6,11,31
10575,62.0,15,6,9,25
10576,86.0,16,6,13,37
10577,61.0,17,6,9,24
10578,54.0,18,6,8,21
10579,89.0,19,6,14,39
10580,90.0,20,6,14,39
10581,76.0,21,6,12,32
10582,78.0,22,6,12,33
10583,77.0,23,6,12,32
10584,120.0,0,0,19,56
10585,122.0,1,0,20,57
10586,124.0,2,0,20,59
10587,90.0,3,0,14,39
10588,79.0,4,0,12,33
10589,71.0,5,0,11,29
10590,64.0,6,0,9,26
10591,102.0,7,0,16,46
10592,90.0,8,0,14,39
10593,149.0,9,0,24,74
10594,164.0,10,0,27,84
10595,150.0,11,0,24,75
10596,94.0,12,0,15,41
10597,92.0,13,0,15,40
10598,82.0,14,0,13,35
10599,94.0,15,0,15,41
10600,89.0,16,0,14,39
10601,108.0,17,0,17,49
10602,143.0,18,0,23,70
10603,90.0,19,0,14,39
10604,104.0,20,0,17,47
10605,89.0,21,0,14,39
10606,100.0,22,0,16,45
10607,104.0,23,0,17,47
10608,69.0,0,1,10,28
10609,107.0,1,1,17,49
10610,93.0,2,1,15,41
10611,109.0,3,1,18,50
10612,102.0,4,1,16,46
10613,84.0,5,1,13,36
10614,131.0,6,1,21,63
10615,91.0,7,1,14,40
10616,106.0,8,1,17,48
10617,91.0,9,1,14,40
10618,120.0,10,1,19,56
10619,93.0,11,1,15,41
10620,135.0,12,1,22,65
10621,128.0,13,1,21,61
10622,121.0,14,1,20,57
10623,156.0,15,1,25,78
10624,160.0,16,1,26,81
10625,124.0,17,1,20,59
10626,133.0,18,1,22,64
10627,187.0,19,1,30,99
10628,149.0,20,1,24,74
10629,161.0,21,1,26,82
10630,206.0,22,1,33,113
10631,156.0,23,1,25,78
10632,185.0,0,2,30,98
10633,168.0,1,2,27,86
10634,182.0,2,2,29,96
10635,130.0,3,2,21,62
10636,196.0,4,2,31,105
10637,165.0,5,2,27,84
10638,187.0,6,2,30,99
10639,150.0,7,2,24,75
10640,165.0,8,2,27,84
10641,181.0,9,2,29,95
10642,177.0,10,2,29,92
10643,156.0,11,2,25,78
10644,124.0,12,2,20,59
10645,94.0,13,2,15,41
10646,141.0,14,2,23,69
10647,107.0,15,2,17,49
10648,108.0,16,2,17,49
10649,120.0,17,2,19,56
10650,120.0,18,2,19,56
10651,151.0,19,2,25,75
10652,132.0,20,2,21,63
10653,93.0,21,2,15,41
10654,130.0,22,2,21,62
10655,170.0,23,2,28,88
10656,133.0,0,3,22,64
10657,104.0,1,3,17,47
10658,176.0,2,3,28,92
10659,192.0,3,3,31,103
10660,126.0,4,3,20,60
10661,124.0,5,3,20,59
10662,125.0,6,3,20,59
10663,146.0,7,3,24,72
10664,124.0,8,3,20,59
10665,145.0,9,3,24,71
10666,119.0,10,3,19,56
10667,150.0,11,3,24,75
10668,147.0,12,3,24,73
10669,135.0,13,3,22,65
10670,155.0,14,3,25,78
10671,145.0,15,3,24,71
10672,117.0,16,3,19,54
10673,120.0,17,3,19,56
10674,185.0,18,3,30,98
10675,188.0,19,3,30,100
10676,162.0,20,3,26,82
10677,139.0,21,3,23,68
10678,160.0,22,3,26,81
10679,151.0,23,3,25,75
10680,127.0,0,4,21,60
10681,163.0,1,4,26,83
10682,167.0,2,4,27,86
10683,188.0,3,4,30,100
10684,162.0,4,4,26,82
10685,183.0,5,4,30,96
10686,169.0,6,4,27,87
10687,152.0,7,4,25,76
10688,156.0,8,4,25,78
10689,195.0,9,4,31,105
10690,203.0,10,4,32,110
10691,202.0,11,4,32,110
10692,161.0,12,4,26,82
10693,205.0,13,4,33,112
10694,134.0,14,4,22,65
10695,155.0,15,4,25,78
10696,133.0,16,4,22,64
10697,128.0,17,4,21,61
10698,169.0,18,4,27,87
10699,204.0,19,4,33,111
10700,176.0,20,4,28,92
10701,181.0,21,4,29,95
10702,172.0,22,4,28,89
10703,168.0,23,4,27,86
10704,168.0,0,5,27,86
10705,161.0,1,5,26,82
10706,196.0,2,5,31,105
10707,193.0,3,5,31,103
10708,196.0,4,5,31,105
10709,211.0,5,5,34,116
10710,220.0,6,5,35,123
10711,187.0,7,5,30,99
10712,231.0,8,5,36,131
10713,249.0,9,5,39,145
10714,205.0,10,5,33,112
10715,227.0,11,5,36,128
10716,201.0,12,5,32,109
10717,193.0,13,5,31,103
10718,245.0,14,5,38,142
10719,246.0,15,5,38,143
10720,197.0,16,5,32,106
10721,228.0,17,5,36,129
10722,136.0,18,5,22,66
10723,152.0,19,5,25,76
10724,182.0,20,5,29,96
10725,208.0,21,5,33,114
10726,232.0,22,5,37,132
10727,177.0,23,5,29,92
10728,203.0,0,6,32,110
10729,202.0,1,6,32,110
10730,194.0,2,6,31,104
10731,213.0,3,6,34,118
10732,230.0,4,6,36,130
10733,195.0,5,6,31,105
10734,212.0,6,6,34,117
10735,187.0,7,6,30,99
10736,189.0,8,6,30,101
10737,216.0,9,6,34,120
10738,197.0,10,6,32,106
10739,426.0,11,6,57,310
10740,496.0,12,6,61,389
10741,187.0,13,6,30,99
10742,194.0,14,6,31,104
10743,177.0,15,6,29,92
10744,218.0,16,6,35,121
10745,232.0,17,6,37,132
10746,214.0,18,6,34,118
10747,252.0,19,6,39,148
10751,203.0,23,6,32,110
10752,213.0,0,0,34,118
10753,226.0,1,0,36,127
10754,222.0,2,0,35,124
10755,220.0,3,0,35,123
10756,215.0,4,0,34,119
10757,196.0,5,0,31,105
10758,204.0,6,0,33,111
10759,237.0,7,0,37,136
10760,213.0,8,0,34,118
10761,198.0,9,0,32,107
10762,198.0,10,0,32,107
10763,289.0,11,0,44,178
10764,207.0,12,0,33,113
10765,215.0,13,0,34,119
10766,252.0,14,0,39,148
10767,249.0,15,0,39,145
10768,253.0,16,0,39,148
10769,217.0,17,0,34,121
10770,147.0,18,0,24,73
10771,205.0,19,0,33,112
10772,271.0,20,0,42,163
10773,291.0,21,0,44,180
10774,186.0,22,0,30,98
10778,519.0,2,1,62,417
10779,245.0,3,1,38,142
10780,236.0,4,1,37,135
10781,163.0,5,1,26,83
10782,177.0,6,1,29,92
10783,210.0,7,1,33,115
10784,182.0,8,1,29,96
10785,218.0,9,1,35,121
10786,150.0,10,1,24,75
10787,182.0,11,1,29,96
10788,218.0,12,1,35,121
10789,168.0,13,1,27,86
10790,217.0,14,1,34,121
10791,192.0,15,1,31,103
10792,191.0,16,1,31,102
10793,171.0,17,1,28,88
10794,152.0,18,1,25,76
10795,182.0,19,1,29,96
10796,291.0,20,1,44,180
10797,186.0,21,1,30,98
10798,211.0,22,1,34,116
10799,207.0,23,1,33,113
10800,212.0,0,2,34,117
10801,205.0,1,2,33,112
10802,213.0,2,2,34,118
10803,212.0,3,2,34,117
10804,223.0,4,2,35,125
10805,190.0,5,2,31,101
10806,150.0,6,2,24,75
10807,211.0,7,2,34,116
10808,205.0,8,2,33,112
10809,198.0,9,2,32,107
10810,216.0,10,2,34,120
10811,201.0,11,2,32,109
10812,186.0,12,2,30,98
10813,223.0,13,2,35,125
10814,181.0,14,2,29,95
10815,160.0,15,2,26,81
10817,198.0,17,2,32,107
10818,216.0,18,2,34,120
10819,194.0,19,2,31,104
10820,163.0,20,2,26,83
10821,243.0,21,2,38,140
10822,189.0,22,2,30,101
10823,207.0,23,2,33,113
10824,183.0,0,3,30,96
10825,205.0,1,3,33,112
10826,197.0,2,3,32,106
10827,209.0,3,3,33,115
10828,223.0,4,3,35,125
10829,155.0,5,3,25,78
10830,207.0,6,3,33,113
10831,236.0,7,3,37,135
10832,248.0,8,3,39,144
10833,235.0,9,3,37,134
10834,280.0,10,3,43,171
10835,256.0,11,3,40,151
10836,269.0,12,3,41,161
10837,204.0,13,3,33,111
10838,173.0,14,3,28,90
10839,155.0,15,3,25,78
10840,195.0,16,3,31,105
10841,214.0,17,3,34,118
10842,164.0,18,3,27,84
10843,154.0,19,3,25,77
10844,182.0,20,3,29,96
10845,231.0,21,3,36,131
10846,206.0,22,3,33,113
10847,160.0,23,3,26,81
10848,237.0,0,4,37,136
10849,183.0,1,4,30,96
10850,186.0,2,4,30,98
10851,168.0,3,4,27,86
10852,228.0,4,4,36,129
10853,198.0,5,4,32,107
10854,190.0,6,4,31,101
10855,184.0,7,4,30,97
10856,187.0,8,4,30,99
10857,201.0,9,4,32,109
10858,159.0,10,4,26,80
10859,203.0,11,4,32,110
10860,185.0,12,4,30,98
10861,222.0,13,4,35,124
10862,218.0,14,4,35,121
10863,240.0,15,4,38,138
10864,203.0,16,4,32,110
10865,176.0,17,4,28,92
10866,190.0,18,4,31,101
10867,255.0,19,4,40,150
10868,233.0,20,4,37,133
10869,226.0,21,4,36,127
10870,200.0,22,4,32,108
10871,256.0,23,4,40,151
10872,183.0,0,5,30,96
10873,198.0,1,5,32,107
10874,192.0,2,5,31,103
10875,265.0,3,5,41,158
10876,271.0,4,5,42,163
10877,218.0,5,5,35,121
10878,201.0,6,5,32,109
10879,166.0,7,5,27,85
10880,202.0,8,5,32,110
10881,165.0,9,5,27,84
10882,208.0,10,5,33,114
10883,173.0,11,5,28,90
10884,171.0,12,5,28,88
10885,192.0,13,5,31,103
10886,166.0,14,5,27,85
10887,202.0,15,5,32,110
10888,191.0,16,5,31,102
10889,158.0,17,5,26,80
10890,210.0,18,5,33,115
10891,235.0,19,5,37,134
10892,215.0,20,5,34,119
10893,206.0,21,5,33,113
10894,219.0,22,5,35,122
10895,196.0,23,5,31,105
10896,165.0,0,6,27,84
10897,159.0,1,6,26,80
10898,151.0,2,6,25,75
10899,194.0,3,6,31,104
10900,209.0,4,6,33,115
10901,231.0,5,6,36,131
10902,177.0,6,6,29,92
10903,189.0,7,6,30,101
10904,178.0,8,6,29,93
10905,251.0,9,6,39,147
10906,271.0,10,6,42,163
10907,259.0,11,6,40,153
10908,204.0,12,6,33,111
10909,161.0,13,6,26,82
10910,141.0,14,6,23,69
10911,176.0,15,6,28,92
10912,245.0,16,6,38,142
10913,177.0,17,6,29,92
10914,198.0,18,6,32,107
10915,182.0,19,6,29,96
10916,222.0,20,6,35,124
10917,232.0,21,6,37,132
10918,200.0,22,6,32,108
10919,210.0,23,6,33,115
10920,206.0,0,0,33,113
10921,215.0,1,0,34,119
10922,249.0,2,0,39,145
10923,223.0,3,0,35,125
10924,211.0,4,0,34,116
10925,190.0,5,0,31,101
10926,166.0,6,0,27,85
10927,255.0,7,0,40,150
10928,174.0,8,0,28,90
10929,247.0,9,0,39,144
10930,231.0,10,0,36,131
10931,195.0,11,0,31,105
10932,211.0,12,0,34,116
10933,219.0,13,0,35,122
10934,271.0,14,0,42,163
10935,183.0,15,0,30,96
10936,128.0,16,0,21,61
10937,181.0,17,0,29,95
10938,225.0,18,0,36,127
10939,260.0,19,0,40,154
10940,284.0,20,0,43,174
10941,244.0,21,0,38,141
10942,244.0,22,0,38,141
10943,274.0,23,0,42,166
10944,247.0,0,1,39,144
10945,257.0,1,1,40,152
10946,245.0,2,1,38,142
10947,232.0,3,1,37,132
10948,248.0,4,1,39,144
10949,195.0,5,1,31,105
10950,163.0,6,1,26,83
10951,175.0,7,1,28,91
10952,246.0,8,1,38,143
10953,202.0,9,1,32,110
10954,254.0,10,1,39,149
10955,217.0,11,1,34,121
10956,233.0,12,1,37,133
10957,184.0,13,1,30,97
10958,207.0,14,1,33,113
10959,220.0,15,1,35,123
10960,198.0,16,1,32,107
10961,287.0,17,1,43,176
10962,195.0,18,1,31,105
10963,201.0,19,1,32,109
10964,201.0,20,1,32,109
10965,182.0,21,1,29,96
10966,191.0,22,1,31,102
10967,214.0,23,1,34,118
10968,227.0,0,2,36,128
10969,247.0,1,2,39,144
10970,281.0,2,2,43,171
10971,257.0,3,2,40,152
10972,223.0,4,2,35,125
10973,181.0,5,2,29,95
10974,205.0,6,2,33,112
10975,174.0,7,2,28,90
10976,171.0,8,2,28,88
10977,176.0,9,2,28,92
10978,171.0,10,2,28,88
10979,182.0,11,2,29,96
10980,163.0,12,2,26,83
10981,174.0,13,2,28,90
10982,166.0,14,2,27,85
10983,248.0,15,2,39,144
10984,245.0,16,2,38,142
10985,244.0,17,2,38,141
10986,252.0,18,2,39,148
10987,273.0,19,2,42,165
10988,248.0,20,2,39,144
10989,240.0,21,2,38,138
10990,255.0,22,2,40,150
10991,243.0,23,2,38,140
10992,233.0,0,3,37,133
10993,228.0,1,3,36,129
10994,198.0,2,3,32,107
10995,160.0,3,3,26,81
10996,182.0,4,3,29,96
10997,239.0,5,3,37,137
10998,226.0,6,3,36,127
10999,173.0,7,3,28,90
11000,202.0,8,3,32,110
11001,198.0,9,3,32,107
11002,173.0,10,3,28,90
11003,180.0,11,3,29,94
11004,238.0,12,3,37,137
11005,188.0,13,3,30,100
11006,219.0,14,3,35,122
11007,257.0,15,3,40,152
11008,218.0,16,3,35,121
11009,186.0,17,3,30,98
11010,240.0,18,3,38,138
11011,284.0,19,3,43,174
11012,176.0,20,3,28,92
11013,174.0,21,3,28,90
11014,203.0,22,3,32,110
11015,262.0,23,3,40,156
11016,271.0,0,4,42,163
11017,154.0,1,4,25,77
11018,226.0,2,4,36,127
11019,188.0,3,4,30,100
11020,215.0,4,4,34,119
11021,193.0,5,4,31,103
11022,211.0,6,4,34,116
11023,227.0,7,4,36,128
11024,198.0,8,4,32,107
11025,216.0,9,4,34,120
11026,214.0,10,4,34,118
11027,230.0,11,4,36,130
11028,187.0,12,4,30,99
11029,176.0,13,4,28,92
11030,196.0,14,4,31,105
11031,173.0,15,4,28,90
11032,144.0,16,4,23,71
11033,160.0,17,4,26,81
11034,198.0,18,4,32,107
11035,218.0,19,4,35,121
11036,204.0,20,4,33,111
11037,222.0,21,4,35,124
11038,181.0,22,4,29,95
11039,251.0,23,4,39,147
11040,186.0,0,5,30,98
11041,190.0,1,5,31,101
11042,188.0,2,5,30,100
11043,178.0,3,5,29,93
11044,180.0,4,5,29,94
11045,212.0,5,5,34,117
11046,193.0,6,5,31,103
11047,209.0,7,5,33,115
11048,239.0,8,5,37,137
11049,249.0,9,5,39,145
11050,249.0,10,5,39,145
11051,275.0,11,5,42,166
11052,250.0,12,5,39,146
11053,258.0,13,5,40,152
11054,313.0,14,5,46,199
11055,279.0,15,5,43,170
11056,229.0,16,5,36,130
11057,240.0,17,5,38,138
11058,224.0,18,5,35,126
11059,202.0,19,5,32,110
11060,211.0,20,5,34,116
11061,186.0,21,5,30,98
11062,195.0,22,5,31,105
11063,230.0,23,5,36,130
11064,183.0,0,6,30,96
11065,230.0,1,6,36,130
11066,178.0,2,6,29,93
11067,182.0,3,6,29,96
11068,187.0,4,6,30,99
11069,175.0,5,6,28,91
11070,181.0,6,6,29,95
11071,187.0,7,6,30,99
11072,173.0,8,6,28,90
11073,160.0,9,6,26,81
11074,194.0,10,6,31,104
11075,133.0,11,6,22,64
11076,195.0,12,6,31,105
11077,196.0,13,6,31,105
11078,163.0,14,6,26,83
11079,183.0,15,6,30,96
11080,172.0,16,6,28,89
11081,183.0,17,6,30,96
11082,266.0,18,6,41,159
11083,174.0,19,6,28,90
11084,187.0,20,6,30,99
11085,184.0,21,6,30,97
11086,154.0,22,6,25,77
11087,198.0,23,6,32,107
11088,182.0,0,0,29,96
11089,213.0,1,0,34,118
11090,224.0,2,0,35,126
11091,209.0,3,0,33,115
11092,220.0,4,0,35,123
11093,290.0,5,0,44,179
11094,230.0,6,0,36,130
11095,215.0,7,0,34,119
11096,234.0,8,0,37,133
11097,224.0,9,0,35,126
11098,208.0,10,0,33,114
11099,212.0,11,0,34,117
11100,180.0,12,0,29,94
11101,173.0,13,0,28,90
11102,252.0,14,0,39,148
11103,250.0,15,0,39,146
11104,219.0,16,0,35,122
11105,252.0,17,0,39,148
11106,234.0,18,0,37,133
11107,236.0,19,0,37,135
11108,270.0,20,0,41,162
11109,301.0,21,0,45,189
11110,218.0,22,0,35,121
11111,219.0,23,0,35,122
11112,232.0,0,1,37,132
11113,270.0,1,1,41,162
11114,246.0,2,1,38,143
11115,194.0,3,1,31,104
11116,277.0,4,1,42,168
11117,192.0,5,1,31,103
11118,197.0,6,1,32,106
11119,216.0,7,1,34,120
11120,242.0,8,1,38,140
11121,171.0,9,1,28,88
11122,208.0,10,1,33,114
11123,207.0,11,1,33,113
11124,192.0,12,1,31,103
11125,187.0,13,1,30,99
11126,210.0,14,1,33,115
11127,205.0,15,1,33,112
11128,190.0,16,1,31,101
11129,159.0,17,1,26,80
11130,206.0,18,1,33,113
11131,189.0,19,1,30,101
11132,183.0,20,1,30,96
11133,181.0,21,1,29,95
11134,252.0,22,1,39,148
11135,220.0,23,1,35,123
11136,176.0,0,2,28,92
11137,202.0,1,2,32,110
11138,189.0,2,2,30,101
11139,185.0,3,2,30,98
11140,171.0,4,2,28,88
11141,204.0,5,2,33,111
11142,237.0,6,2,37,136
11143,257.0,7,2,40,152
11144,201.0,8,2,32,109
11145,195.0,9,2,31,105
11146,205.0,10,2,33,112
11147,158.0,11,2,26,80
11148,202.0,12,2,32,110
11149,144.0,13,2,23,71
11150,243.0,14,2,38,140
11151,210.0,15,2,33,115
11152,178.0,16,2,29,93
11153,200.0,17,2,32,108
11154,208.0,18,2,33,114
11155,174.0,19,2,28,90
11156,204.0,20,2,33,111
11157,213.0,21,2,34,118
11158,195.0,22,2,31,105
11159,208.0,23,2,33,114
11160,173.0,0,3,28,90
11161,222.0,1,3,35,124
11162,200.0,2,3,32,108
11163,202.0,3,3,32,110
11164,146.0,4,3,24,72
11165,163.0,5,3,26,83
11166,204.0,6,3,33,111
11167,214.0,7,3,34,118
11168,229.0,8,3,36,130
11169,258.0,9,3,40,152
11170,285.0,10,3,43,175
11171,297.0,11,3,45,185
11172,306.0,12,3,46,193
11173,285.0,13,3,43,175
11174,250.0,14,3,39,146
11175,246.0,15,3,38,143
11176,223.0,16,3,35,125
11177,237.0,17,3,37,136
11182,177.0,22,3,29,92
11183,195.0,23,3,31,105
11186,154.0,2,4,25,77
11187,177.0,3,4,29,92
11188,229.0,4,4,36,130
11189,242.0,5,4,38,140
11190,209.0,6,4,33,115
11191,180.0,7,4,29,94
11192,175.0,8,4,28,91
11193,144.0,9,4,23,71
11196,153.0,12,4,25,76
11197,140.0,13,4,23,68
11199,159.0,15,4,26,80
11201,151.0,17,4,25,75
11202,293.0,18,4,44,182
11203,176.0,19,4,28,92
11204,177.0,20,4,29,92
11205,187.0,21,4,30,99
11206,173.0,22,4,28,90
11207,188.0,23,4,30,100
11209,200.0,1,5,32,108
11210,171.0,2,5,28,88
11211,161.0,3,5,26,82
11212,171.0,4,5,28,88
11213,228.0,5,5,36,129
11214,165.0,6,5,27,84
11215,176.0,7,5,28,92
11216,193.0,8,5,31,103
11217,181.0,9,5,29,95
11218,193.0,10,5,31,103
11219,189.0,11,5,30,101
11220,188.0,12,5,30,100
11221,174.0,13,5,28,90
11222,190.0,14,5,31,101
11223,171.0,15,5,28,88
11224,203.0,16,5,32,110
11225,249.0,17,5,39,145
11226,252.0,18,5,39,148
11227,244.0,19,5,38,141
11228,236.0,20,5,37,135
11229,217.0,21,5,34,121
11230,208.0,22,5,33,114
11231,195.0,23,5,31,105
11232,160.0,0,6,26,81
11233,191.0,1,6,31,102
11234,206.0,2,6,33,113
11235,227.0,3,6,36,128
11236,226.0,4,6,36,127
11237,185.0,5,6,30,98
11238,176.0,6,6,28,92
11239,148.0,7,6,24,73
11240,148.0,8,6,24,73
11241,139.0,9,6,23,68
11242,173.0,10,6,28,90
11243,166.0,11,6,27,85
11244,211.0,12,6,34,116
11245,171.0,13,6,28,88
11246,160.0,14,6,26,81
11248,126.0,16,6,20,60
11249,189.0,17,6,30,101
11250,156.0,18,6,25,78
11251,136.0,19,6,22,66
11252,130.0,20,6,21,62
11253,149.0,21,6,24,74
11254,170.0,22,6,28,88
11255,151.0,23,6,25,75
11256,138.0,0,0,22,67
11257,146.0,1,0,24,72
11258,148.0,2,0,24,73
11259,188.0,3,0,30,100
11260,168.0,4,0,27,86
11261,170.0,5,0,28,88
11262,144.0,6,0,23,71
11263,191.0,7,0,31,102
11264,153.0,8,0,25,76
11265,169.0,9,0,27,87
11266,230.0,10,0,36,130
11267,180.0,11,0,29,94
11268,215.0,12,0,34,119
11269,229.0,13,0,36,130
11270,185.0,14,0,30,98
11271,161.0,15,0,26,82
11272,169.0,16,0,27,87
11273,194.0,17,0,31,104
11274,210.0,18,0,33,115
11275,173.0,19,0,28,90
11276,204.0,20,0,33,111
11277,188.0,21,0,30,100
11278,186.0,22,0,30,98
11279,228.0,23,0,36,129
11280,177.0,0,1,29,92
11281,223.0,1,1,35,125
11282,172.0,2,1,28,89
11283,172.0,3,1,28,89
11284,213.0,4,1,34,118
11285,201.0,5,1,32,109
11286,215.0,6,1,34,119
11287,271.0,7,1,42,163
11288,220.0,8,1,35,123
11289,202.0,9,1,32,110
11290,175.0,10,1,28,91
11291,158.0,11,1,26,80
11292,178.0,12,1,29,93
11293,223.0,13,1,35,125
11294,239.0,14,1,37,137
11295,217.0,15,1,34,121
11296,200.0,16,1,32,108
11297,252.0,17,1,39,148
11298,265.0,18,1,41,158
11299,236.0,19,1,37,135
11300,287.0,20,1,43,176
11301,279.0,21,1,43,170
11302,254.0,22,1,39,149
11303,243.0,23,1,38,140
11304,260.0,0,2,40,154
11305,264.0,1,2,41,157
11306,234.0,2,2,37,133
11307,243.0,3,2,38,140
11308,217.0,4,2,34,121
11309,207.0,5,2,33,113
11310,190.0,6,2,31,101
11311,217.0,7,2,34,121
11312,215.0,8,2,34,119
11313,188.0,9,2,30,100
11314,232.0,10,2,37,132
11315,252.0,11,2,39,148
11316,200.0,12,2,32,108
11319,212.0,15,2,34,117
11320,158.0,16,2,26,80
11321,169.0,17,2,27,87
11322,206.0,18,2,33,113
11323,205.0,19,2,33,112
11324,268.0,20,2,41,161
11325,185.0,21,2,30,98
11327,155.0,23,2,25,78
11328,214.0,0,3,34,118
11329,203.0,1,3,32,110
11330,215.0,2,3,34,119
11331,264.0,3,3,41,157
11332,228.0,4,3,36,129
11333,184.0,5,3,30,97
11334,190.0,6,3,31,101
11335,173.0,7,3,28,90
11336,213.0,8,3,34,118
11337,177.0,9,3,29,92
11338,178.0,10,3,29,93
11339,207.0,11,3,33,113
11340,181.0,12,3,29,95
11341,166.0,13,3,27,85
11342,195.0,14,3,31,105
11343,186.0,15,3,30,98
11344,231.0,16,3,36,131
11345,235.0,17,3,37,134
11346,173.0,18,3,28,90
11347,227.0,19,3,36,128
11348,295.0,20,3,44,183
11349,266.0,21,3,41,159
11350,214.0,22,3,34,118
11351,235.0,23,3,37,134
11352,209.0,0,4,33,115
11353,273.0,1,4,42,165
11354,216.0,2,4,34,120
11355,207.0,3,4,33,113
11356,243.0,4,4,38,140
11357,295.0,5,4,44,183
11358,309.0,6,4,46,196
11359,247.0,7,4,39,144
11360,234.0,8,4,37,133
11361,220.0,9,4,35,123
11362,246.0,10,4,38,143
11363,226.0,11,4,36,127
11364,203.0,12,4,32,110
11365,217.0,13,4,34,121
11366,238.0,14,4,37,137
11367,264.0,15,4,41,157
11368,234.0,16,4,37,133
11369,214.0,17,4,34,118
11370,247.0,18,4,39,144
11371,262.0,19,4,40,156
11372,257.0,20,4,40,152
11373,276.0,21,4,42,167
11374,288.0,22,4,44,177
11375,279.0,23,4,43,170
11376,279.0,0,5,43,170
11377,224.0,1,5,35,126
11378,301.0,2,5,45,189
11379,258.0,3,5,40,152
11380,222.0,4,5,35,124
11381,218.0,5,5,35,121
11382,202.0,6,5,32,110
11383,262.0,7,5,40,156
11384,256.0,8,5,40,151
11385,243.0,9,5,38,140
11386,232.0,10,5,37,132
11387,188.0,11,5,30,100
11390,245.0,14,5,38,142
11391,244.0,15,5,38,141
11392,174.0,16,5,28,90
11393,187.0,17,5,30,99
11394,224.0,18,5,35,126
11395,223.0,19,5,35,125
11396,226.0,20,5,36,127
11397,201.0,21,5,32,109
11398,176.0,22,5,28,92
11399,206.0,23,5,33,113
11400,244.0,0,6,38,141
11401,229.0,1,6,36,130
11402,228.0,2,6,36,129
11403,280.0,3,6,43,171
11404,234.0,4,6,37,133
11405,268.0,5,6,41,161
11406,271.0,6,6,42,163
11407,274.0,7,6,42,166
11408,293.0,8,6,44,182
11409,205.0,9,6,33,112
11410,309.0,10,6,46,196
11411,224.0,11,6,35,126
11412,240.0,12,6,38,138
11413,298.0,13,6,45,186
11414,292.0,14,6,44,181
11415,193.0,15,6,31,103
11416,225.0,16,6,36,127
11417,233.0,17,6,37,133
11418,208.0,18,6,33,114
11419,174.0,19,6,28,90
11420,173.0,20,6,28,90
11421,219.0,21,6,35,122
11422,197.0,22,6,32,106
11423,208.0,23,6,33,114
11424,214.0,0,0,34,118
11425,184.0,1,0,30,97
11426,172.0,2,0,28,89
11427,193.0,3,0,31,103
11428,194.0,4,0,31,104
11429,136.0,5,0,22,66
11430,168.0,6,0,27,86
11431,192.0,7,0,31,103
11432,232.0,8,0,37,132
11433,172.0,9,0,28,89
11434,178.0,10,0,29,93
11435,190.0,11,0,31,101
11436,164.0,12,0,27,84
11437,186.0,13,0,30,98
11438,146.0,14,0,24,72
11439,202.0,15,0,32,110
11440,181.0,16,0,29,95
11441,195.0,17,0,31,105
11442,219.0,18,0,35,122
11443,196.0,19,0,31,105
11444,226.0,20,0,36,127
11445,237.0,21,0,37,136
11446,227.0,22,0,36,128
11447,173.0,23,0,28,90
11448,177.0,0,1,29,92
11449,224.0,1,1,35,126
11450,260.0,2,1,40,154
11451,180.0,3,1,29,94
11452,197.0,4,1,32,106
11453,182.0,5,1,29,96
11454,184.0,6,1,30,97
11455,166.0,7,1,27,85
11456,147.0,8,1,24,73
11457,195.0,9,1,31,105
11458,182.0,10,1,29,96
11459,191.0,11,1,31,102
11460,223.0,12,1,35,125
11461,204.0,13,1,33,111
11462,211.0,14,1,34,116
11463,201.0,15,1,32,109
11464,217.0,16,1,34,121
11465,207.0,17,1,33,113
11466,149.0,18,1,24,74
11467,211.0,19,1,34,116
11468,234.0,20,1,37,133
11469,185.0,21,1,30,98
11470,159.0,22,1,26,80
11471,172.0,23,1,28,89
11472,127.0,0,2,21,60
11473,185.0,1,2,30,98
11474,167.0,2,2,27,86
11475,184.0,3,2,30,97
11476,141.0,4,2,23,69
11477,151.0,5,2,25,75
11478,126.0,6,2,20,60
11479,155.0,7,2,25,78
11480,128.0,8,2,21,61
11481,158.0,9,2,26,80
11482,169.0,10,2,27,87
11483,170.0,11,2,28,88
11484,122.0,12,2,20,57
11485,174.0,13,2,28,90
11486,174.0,14,2,28,90
11487,128.0,15,2,21,61
11488,200.0,16,2,32,108
11489,147.0,17,2,24,73
11490,124.0,18,2,20,59
11491,144.0,19,2,23,71
11492,165.0,20,2,27,84
11493,158.0,21,2,26,80
11494,171.0,22,2,28,88
11495,146.0,23,2,24,72
11496,185.0,0,3,30,98
11497,198.0,1,3,32,107
11498,159.0,2,3,26,80
11499,185.0,3,3,30,98
11500,233.0,4,3,37,133
11501,167.0,5,3,27,86
11502,162.0,6,3,26,82
11503,195.0,7,3,31,105
11504,186.0,8,3,30,98
11505,176.0,9,3,28,92
11506,177.0,10,3,29,92
11507,138.0,11,3,22,67
11508,114.0,12,3,18,53
11509,114.0,13,3,18,53
11510,151.0,14,3,25,75
11511,170.0,15,3,28,88
11512,148.0,16,3,24,73
11513,112.0,17,3,18,52
11514,116.0,18,3,19,54
11515,133.0,19,3,22,64
11516,104.0,20,3,17,47
11517,111.0,21,3,18,51
11518,111.0,22,3,18,51
11519,112.0,23,3,18,52
11520,103.0,0,4,16,46
11521,153.0,1,4,25,76
11522,153.0,2,4,25,76
11523,140.0,3,4,23,68
11524,141.0,4,4,23,69
11525,162.0,5,4,26,82
11526,156.0,6,4,25,78
11527,121.0,7,4,20,57
11528,165.0,8,4,27,84
11529,162.0,9,4,26,82
11530,135.0,10,4,22,65
11531,177.0,11,4,29,92
11532,138.0,12,4,22,67
11533,164.0,13,4,27,84
11534,186.0,14,4,30,98
11535,116.0,15,4,19,54
11536,132.0,16,4,21,63
11537,126.0,17,4,20,60
11538,141.0,18,4,23,69
11539,138.0,19,4,22,67
11540,122.0,20,4,20,57
11541,147.0,21,4,24,73
11542,150.0,22,4,24,75
11543,151.0,23,4,25,75
11544,128.0,0,5,21,61
11545,161.0,1,5,26,82
11546,130.0,2,5,21,62
11547,103.0,3,5,16,46
11548,147.0,4,5,24,73
11549,144.0,5,5,23,71
11550,136.0,6,5,22,66
11551,134.0,7,5,22,65
11552,140.0,8,5,23,68
11553,140.0,9,5,23,68
11554,143.0,10,5,23,70
11555,124.0,11,5,20,59
11556,91.0,12,5,14,40
11557,122.0,13,5,20,57
11558,106.0,14,5,17,48
11559,91.0,15,5,14,40
11560,128.0,16,5,21,61
11561,118.0,17,5,19,55
11562,112.0,18,5,18,52
11563,125.0,19,5,20,59
11564,117.0,20,5,19,54
11565,130.0,21,5,21,62
11566,120.0,22,5,19,56
11567,148.0,23,5,24,73
11568,133.0,0,6,22,64
11569,118.0,1,6,19,55
11570,100.0,2,6,16,45
11571,113.0,3,6,18,52
11572,101.0,4,6,16,45
11573,94.0,5,6,15,41
11574,100.0,6,6,16,45
11575,83.0,7,6,13,36
11576,110.0,8,6,18,50
11577,125.0,9,6,20,59
11578,98.0,10,6,16,44
11579,89.0,11,6,14,39
11580,79.0,12,6,12,33
11581,108.0,13,6,17,49
11582,81.0,14,6,13,34
11583,89.0,15,6,14,39
11584,110.0,16,6,18,50
11585,108.0,17,6,17,49
11586,98.0,18,6,16,44
11587,93.0,19,6,15,41
11588,80.0,20,6,12,34
11589,80.0,21,6,12,34
11590,89.0,22,6,14,39
11591,97.0,23,6,15,43
11592,93.0,0,0,15,41
11593,78.0,1,0,12,33
11594,96.0,2,0,15,43
11595,69.0,3,0,10,28
11596,113.0,4,0,18,52
11597,86.0,5,0,13,37
11598,94.0,6,0,15,41
11599,82.0,7,0,13,35
11600,85.0,8,0,13,37
11601,72.0,9,0,11,30
11602,80.0,10,0,12,34
11603,81.0,11,0,13,34
11604,112.0,12,0,18,52
11605,72.0,13,0,11,30
11606,61.0,14,0,9,24
11607,98.0,15,0,16,44
11608,65.0,16,0,10,26
11609,70.0,17,0,11,29
11610,69.0,18,0,10,28
11611,52.0,19,0,7,20
11612,61.0,20,0,9,24
11613,85.0,21,0,13,37
11614,71.0,22,0,11,29
11615,46.0,23,0,6,17
11616,82.0,0,1,13,35
11617,83.0,1,1,13,36
11618,69.0,2,1,10,28
11619,63.0,3,1,9,25
11620,62.0,4,1,9,25
11621,77.0,5,1,12,32
11622,77.0,6,1,12,32
11623,65.0,7,1,10,26
11624,90.0,8,1,14,39
11625,86.0,9,1,13,37
11626,84.0,10,1,13,36
11627,85.0,11,1,13,37
11628,84.0,12,1,13,36
11629,82.0,13,1,13,35
11630,45.0,14,1,6,17
11631,45.0,15,1,6,17
11632,69.0,16,1,10,28
11633,66.0,17,1,10,27
11634,54.0,18,1,8,21
11635,83.0,19,1,13,36
11636,58.0,20,1,8,23
11637,72.0,21,1,11,30
11638,85.0,22,1,13,37
11639,57.0,23,1,8,22
11640,59.0,0,2,8,23
11641,45.0,1,2,6,17
11642,55.0,2,2,8,21
11643,47.0,3,2,6,18
11644,47.0,4,2,6,18
11645,49.0,5,2,7,18
11646,54.0,6,2,8,21
11647,72.0,7,2,11,30
11648,64.0,8,2,9,26
11649,51.0,9,2,7,19
11650,64.0,10,2,9,26
11651,40.0,11,2,5,14
11652,51.0,12,2,7,19
11653,56.0,13,2,8,22
11654,51.0,14,2,7,19
11655,40.0,15,2,5,14
11656,46.0,16,2,6,17
11657,43.0,17,2,5,16
11658,46.0,18,2,6,17
11659,60.0,19,2,9,24
11660,76.0,20,2,12,32
11661,60.0,21,2,9,24
11662,49.0,22,2,7,18
11663,60.0,23,2,9,24
11664,58.0,0,3,8,23
11665,55.0,1,3,8,21
11666,59.0,2,3,8,23
11667,40.0,3,3,5,14
11668,41.0,4,3,5,15
11669,47.0,5,3,6,18
11670,51.0,6,3,7,19
11671,41.0,7,3,5,15
11672,24.0,8,3,2,7
11673,49.0,9,3,7,18
11674,32.0,10,3,3,11
11675,38.0,11,3,4,13
11676,52.0,12,3,7,20
11677,26.0,13,3,2,8
11678,32.0,14,3,3,11
11679,46.0,15,3,6,17
11680,38.0,16,3,4,13
11681,33.0,17,3,3,11
11682,30.0,18,3,3,10
11683,35.0,19,3,4,12
11684,40.0,20,3,5,14
11685,49.0,21,3,7,18
11686,43.0,22,3,5,16
11687,46.0,23,3,6,17
11688,46.0,0,4,6,17
11689,33.0,1,4,3,11
11690,30.0,2,4,3,10
11691,24.0,3,4,2,7
11692,28.0,4,4,2,9
11693,35.0,5,4,4,12
11694,25.0,6,4,2,8
11695,32.0,7,4,3,11
11696,38.0,8,4,4,13
11697,37.0,9,4,4,13
11698,29.0,10,4,3,9
11699,41.0,11,4,5,15
11700,30.0,12,4,3,10
11701,27.0,13,4,2,8
11702,36.0,14,4,4,12
11703,26.0,15,4,2,8
11704,30.0,16,4,3,10
11705,63.0,17,4,9,25
11706,35.0,18,4,4,12
11707,33.0,19,4,3,11
11708,42.0,20,4,5,15
11709,29.0,21,4,3,9
11710,58.0,22,4,8,23
11711,30.0,23,4,3,10
11712,24.0,0,5,2,7
11713,26.0,1,5,2,8
11714,20.0,2,5,1,5
11715,36.0,3,5,4,12
11716,33.0,4,5,3,11
11717,30.0,5,5,3,10
11718,18.0,6,5,1,5
11719,39.0,7,5,5,14
11720,26.0,8,5,2,8
11721,19.0,9,5,1,5
11722,24.0,10,5,2,7
11723,21.0,11,5,1,6
11724,24.0,12,5,2,7
11725,19.0,13,5,1,5
11726,27.0,14,5,2,8
11727,48.0,15,5,6,18
11728,41.0,16,5,5,15
11729,35.0,17,5,4,12
11730,26.0,18,5,2,8
11731,30.0,19,5,3,10
11732,19.0,20,5,1,5
11733,26.0,21,5,2,8
11734,35.0,22,5,4,12
11735,29.0,23,5,3,9
11736,24.0,0,6,2,7
11737,37.0,1,6,4,13
11738,22.0,2,6,1,6
11739,25.0,3,6,2,8
11740,28.0,4,6,2,9
11741,19.0,5,6,1,5
11742,18.0,6,6,1,5
11743,18.0,7,6,1,5
11744,23.0,8,6,1,7
11745,29.0,9,6,3,9
11746,28.0,10,6,2,9
11747,21.0,11,6,1,6
11748,19.0,12,6,1,5
11749,17.0,13,6,1,4
11750,22.0,14,6,1,6
11751,39.0,15,6,5,14
11752,27.0,16,6,2,8
11753,19.0,17,6,1,5
11754,14.0,18,6,1,3
11755,40.0,19,6,5,14
11756,20.0,20,6,1,5
11757,15.0,21,6,1,3
11758,13.0,22,6,1,2
11759,20.0,23,6,1,5
11760,21.0,0,0,1,6
11761,23.0,1,0,1,7
11762,22.0,2,0,1,6
11763,39.0,3,0,5,14
11764,33.0,4,0,3,11
11765,38.0,5,0,4,13
11766,36.0,6,0,4,12
11767,9.0,7,0,1,1
11768,18.0,8,0,1,5
11769,21.0,9,0,1,6
11770,25.0,10,0,2,8
11771,16.0,11,0,1,4
11772,22.0,12,0,1,6
11773,28.0,13,0,2,9
11774,16.0,14,0,1,4
11775,15.0,15,0,1,3
11776,19.0,16,0,1,5
11777,17.0,17,0,1,4
11778,9.0,18,0,1,1
11779,14.0,19,0,1,3
11780,13.0,20,0,1,2
11781,22.0,21,0,1,6
11782,12.0,22,0,1,2
11783,18.0,23,0,1,5
11784,18.0,0,1,1,5
11785,27.0,1,1,2,8
11786,29.0,2,1,3,9
11787,22.0,3,1,1,6
11788,30.0,4,1,3,10
11789,22.0,5,1,1,6
11790,18.0,6,1,1,5
11791,17.0,7,1,1,4
11792,16.0,8,1,1,4
11793,37.0,9,1,4,13
11794,23.0,10,1,1,7
11795,27.0,11,1,2,8
11796,27.0,12,1,2,8
11797,36.0,13,1,4,12
11798,37.0,14,1,4,13
11799,10.0,15,1,1,1
11800,32.0,16,1,3,11
11801,27.0,17,1,2,8
11802,28.0,18,1,2,9
11803,44.0,19,1,6,16
11804,28.0,20,1,2,9
11805,33.0,21,1,3,11
11806,32.0,22,1,3,11
11807,24.0,23,1,2,7
11808,38.0,0,2,4,13
11809,37.0,1,2,4,13
11810,37.0,2,2,4,13
11811,39.0,3,2,5,14
11812,45.0,4,2,6,17
11813,52.0,5,2,7,20
11814,37.0,6,2,4,13
11815,38.0,7,2,4,13
11816,35.0,8,2,4,12
11817,14.0,9,2,1,3
11818,36.0,10,2,4,12
11819,45.0,11,2,6,17
11820,50.0,12,2,7,19
11821,43.0,13,2,5,16
11822,32.0,14,2,3,11
11823,51.0,15,2,7,19
11824,37.0,16,2,4,13
11825,40.0,17,2,5,14
11826,42.0,18,2,5,15
11827,50.0,19,2,7,19
11828,55.0,20,2,8,21
11829,33.0,21,2,3,11
11830,33.0,22,2,3,11
11831,52.0,23,2,7,20
11832,42.0,0,3,5,15
11833,45.0,1,3,6,17
11834,44.0,2,3,6,16
11835,39.0,3,3,5,14
11836,40.0,4,3,5,14
11837,26.0,5,3,2,8
11838,17.0,6,3,1,4
11839,17.0,7,3,1,4
11840,8.0,8,3,1,1
11841,7.0,9,3,1,1
11842,5.0,10,3,1,1
11843,2.0,11,3,1,1
11844,10.0,12,3,1,1
11845,5.0,13,3,1,1
11846,3.0,14,3,1,1
11847,4.0,15,3,1,1
11848,6.0,16,3,1,1
11849,12.0,17,3,1,2
11850,15.0,18,3,1,3
11851,7.0,19,3,1,1
11852,9.0,20,3,1,1
11853,8.0,21,3,1,1
11854,4.0,22,3,1,1
11855,9.0,23,3,1,1
11856,15.0,0,4,1,3
11857,6.0,1,4,1,1
11858,12.0,2,4,1,2
11859,16.0,3,4,1,4
11860,4.0,4,4,1,1
11861,5.0,5,4,1,1
11862,7.0,6,4,1,1
11863,7.0,7,4,1,1
11864,9.0,8,4,1,1
11865,6.0,9,4,1,1
11866,9.0,10,4,1,1
11867,14.0,11,4,1,3
11868,14.0,12,4,1,3
11869,9.0,13,4,1,1
11870,7.0,14,4,1,1
11871,3.0,15,4,1,1
11872,16.0,16,4,1,4
11873,5.0,17,4,1,1
11874,4.0,18,4,1,1
11875,8.0,19,4,1,1
11876,5.0,20,4,1,1
11877,1.0,21,4,1,1
11878,7.0,22,4,1,1
11879,5.0,23,4,1,1
11880,12.0,0,5,1,2
11881,7.0,1,5,1,1
11882,14.0,2,5,1,3
11883,12.0,3,5,1,2
11884,14.0,4,5,1,3
11885,18.0,5,5,1,5
11886,15.0,6,5,1,3
11887,37.0,7,5,4,13
11888,16.0,8,5,1,4
11889,19.0,9,5,1,5
11890,16.0,10,5,1,4
11891,17.0,11,5,1,4
11892,16.0,12,5,1,4
11893,18.0,13,5,1,5
11894,20.0,14,5,1,5
11895,17.0,15,5,1,4
11896,22.0,16,5,1,6
11897,27.0,17,5,2,8
11898,19.0,18,5,1,5
11899,20.0,19,5,1,5
11900,21.0,20,5,1,6
11901,8.0,21,5,1,1
11902,9.0,22,5,1,1
11903,9.0,23,5,1,1
11904,15.0,0,6,1,3
11905,8.0,1,6,1,1
11906,16.0,2,6,1,4
11907,7.0,3,6,1,1
11908,16.0,4,6,1,4
11909,15.0,5,6,1,3
11910,4.0,6,6,1,1
11911,9.0,7,6,1,1
11912,3.0,8,6,1,1
11913,7.0,9,6,1,1
11914,13.0,10,6,1,2
11915,15.0,11,6,1,3
11916,10.0,12,6,1,1
11917,8.0,13,6,1,1
11918,7.0,14,6,1,1
11919,14.0,15,6,1,3
11920,15.0,16,6,1,3
11921,12.0,17,6,1,2
11922,15.0,18,6,1,3
11923,15.0,19,6,1,3
11924,24.0,20,6,2,7
11925,13.0,21,6,1,2
11926,14.0,22,6,1,3
11927,10.0,23,6,1,1
11928,22.0,0,0,1,6
11929,14.0,1,0,1,3
11930,17.0,2,0,1,4
11931,20.0,3,0,1,5
11932,14.0,4,0,1,3
11933,13.0,5,0,1,2
11934,8.0,6,0,1,1
11935,15.0,7,0,1,3
11936,24.0,8,0,2,7
11937,6.0,9,0,1,1
11938,8.0,10,0,1,1
11939,13.0,11,0,1,2
11940,23.0,12,0,1,7
11941,23.0,13,0,1,7
11942,6.0,14,0,1,1
11943,13.0,15,0,1,2
11944,20.0,16,0,1,5
11945,20.0,17,0,1,5
11946,26.0,18,0,2,8
11947,14.0,19,0,1,3
11948,24.0,20,0,2,7
11949,18.0,21,0,1,5
11950,24.0,22,0,2,7
11951,29.0,23,0,3,9
11952,13.0,0,1,1,2
11953,8.0,1,1,1,1
11954,16.0,2,1,1,4
11955,22.0,3,1,1,6
11956,36.0,4,1,4,12
11957,59.0,5,1,8,23
11958,43.0,6,1,5,16
11959,62.0,7,1,9,25
11960,47.0,8,1,6,18
11961,59.0,9,1,8,23
11962,59.0,10,1,8,23
11963,39.0,11,1,5,14
11964,48.0,12,1,6,18
11965,19.0,13,1,1,5
11966,25.0,14,1,2,8
11967,61.0,15,1,9,24
11968,66.0,16,1,10,27
11969,77.0,17,1,12,32
11970,60.0,18,1,9,24
11971,54.0,19,1,8,21
11972,48.0,20,1,6,18
11973,66.0,21,1,10,27
11974,46.0,22,1,6,17
11975,46.0,23,1,6,17
11976,33.0,0,2,3,11
11977,23.0,1,2,1,7
11978,30.0,2,2,3,10
11979,29.0,3,2,3,9
11980,40.0,4,2,5,14
11981,43.0,5,2,5,16
11982,39.0,6,2,5,14
11983,38.0,7,2,4,13
11984,43.0,8,2,5,16
11985,36.0,9,2,4,12
11986,23.0,10,2,1,7
11987,18.0,11,2,1,5
11988,17.0,12,2,1,4
11989,33.0,13,2,3,11
11990,27.0,14,2,2,8
11991,42.0,15,2,5,15
11992,34.0,16,2,4,12
11993,55.0,17,2,8,21
11994,38.0,18,2,4,13
11995,54.0,19,2,8,21
11996,80.0,20,2,12,34
11997,75.0,21,2,11,31
11998,25.0,22,2,2,8
11999,35.0,23,2,4,12
12000,38.0,0,3,4,13
12001,97.0,1,3,15,43
12002,69.0,2,3,10,28
12003,56.0,3,3,8,22
12004,35.0,4,3,4,12
12005,61.0,5,3,9,24
12006,91.0,6,3,14,40
12007,45.0,7,3,6,17
12008,51.0,8,3,7,19
12009,62.0,9,3,9,25
12010,51.0,10,3,7,19
12011,47.0,11,3,6,18
12012,59.0,12,3,8,23
12013,92.0,13,3,15,40
12014,78.0,14,3,12,33
12015,46.0,15,3,6,17
12016,70.0,16,3,11,29
12017,66.0,17,3,10,27
12018,60.0,18,3,9,24
12019,62.0,19,3,9,25
12020,67.0,20,3,10,27
12021,40.0,21,3,5,14
12022,55.0,22,3,8,21
12023,88.0,23,3,14,38
12024,129.0,0,4,21,62
12025,91.0,1,4,14,40
12026,90.0,2,4,14,39
12027,77.0,3,4,12,32
12028,64.0,4,4,9,26
12029,87.0,5,4,14,38
12030,144.0,6,4,23,71
12031,124.0,7,4,20,59
12032,111.0,8,4,18,51
12033,99.0,9,4,16,44
12034,109.0,10,4,18,50
12035,121.0,11,4,20,57
12036,131.0,12,4,21,63
12037,97.0,13,4,15,43
12038,99.0,14,4,16,44
12039,82.0,15,4,13,35
12040,85.0,16,4,13,37
12041,103.0,17,4,16,46
12042,96.0,18,4,15,43
12043,100.0,19,4,16,45
12044,104.0,20,4,17,47
12045,109.0,21,4,18,50
12046,111.0,22,4,18,51
12047,129.0,23,4,21,62
12048,102.0,0,5,16,46
12049,96.0,1,5,15,43
12050,132.0,2,5,21,63
12051,85.0,3,5,13,37
12052,91.0,4,5,14,40
12053,155.0,5,5,25,78
12054,118.0,6,5,19,55
12055,120.0,7,5,19,56
12056,147.0,8,5,24,73
12057,135.0,9,5,22,65
12058,165.0,10,5,27,84
12059,130.0,11,5,21,62
12060,125.0,12,5,20,59
12061,129.0,13,5,21,62
12062,141.0,14,5,23,69
12063,159.0,15,5,26,80
12064,167.0,16,5,27,86
12065,166.0,17,5,27,85
12066,173.0,18,5,28,90
12067,162.0,19,5,26,82
12068,189.0,20,5,30,101
12069,172.0,21,5,28,89
12070,148.0,22,5,24,73
12071,156.0,23,5,25,78
12072,124.0,0,6,20,59
12073,182.0,1,6,29,96
12074,96.0,2,6,15,43
12075,118.0,3,6,19,55
12076,170.0,4,6,28,88
12077,126.0,5,6,20,60
12078,121.0,6,6,20,57
12079,82.0,7,6,13,35
12080,79.0,8,6,12,33
12081,89.0,9,6,14,39
12082,103.0,10,6,16,46
12083,134.0,11,6,22,65
12084,116.0,12,6,19,54
12085,99.0,13,6,16,44
12086,112.0,14,6,18,52
12087,103.0,15,6,16,46
12088,105.0,16,6,17,48
12089,91.0,17,6,14,40
12090,121.0,18,6,20,57
12091,136.0,19,6,22,66
12092,156.0,20,6,25,78
12093,211.0,21,6,34,116
12094,158.0,22,6,26,80
12095,129.0,23,6,21,62
12096,151.0,0,0,25,75
12097,133.0,1,0,22,64
12098,133.0,2,0,22,64
12099,166.0,3,0,27,85
12100,170.0,4,0,28,88
12101,153.0,5,0,25,76
12102,152.0,6,0,25,76
12103,142.0,7,0,23,69
12104,141.0,8,0,23,69
12105,180.0,9,0,29,94
12106,155.0,10,0,25,78
12107,109.0,11,0,18,50
12108,123.0,12,0,20,58
12109,171.0,13,0,28,88
12110,154.0,14,0,25,77
12111,155.0,15,0,25,78
12112,142.0,16,0,23,69
12113,154.0,17,0,25,77
12114,104.0,18,0,17,47
12115,121.0,19,0,20,57
12116,108.0,20,0,17,49
12117,122.0,21,0,20,57
12118,121.0,22,0,20,57
12119,142.0,23,0,23,69
12120,121.0,0,1,20,57
12121,152.0,1,1,25,76
12122,204.0,2,1,33,111
12123,193.0,3,1,31,103
12124,192.0,4,1,31,103
12125,204.0,5,1,33,111
12126,194.0,6,1,31,104
12127,259.0,7,1,40,153
12128,234.0,8,1,37,133
12129,193.0,9,1,31,103
12130,203.0,10,1,32,110
12131,182.0,11,1,29,96
12132,205.0,12,1,33,112
12133,206.0,13,1,33,113
12134,166.0,14,1,27,85
12135,133.0,15,1,22,64
12136,171.0,16,1,28,88
12137,182.0,17,1,29,96
12138,131.0,18,1,21,63
12139,140.0,19,1,23,68
12140,135.0,20,1,22,65
12141,197.0,21,1,32,106
12142,145.0,22,1,24,71
12143,163.0,23,1,26,83
12144,175.0,0,2,28,91
12145,161.0,1,2,26,82
12146,123.0,2,2,20,58
12147,147.0,3,2,24,73
12148,140.0,4,2,23,68
12149,167.0,5,2,27,86
12150,169.0,6,2,27,87
12151,156.0,7,2,25,78
12152,130.0,8,2,21,62
12153,153.0,9,2,25,76
12154,127.0,10,2,21,60
12155,180.0,11,2,29,94
12156,173.0,12,2,28,90
12157,223.0,13,2,35,125
12158,176.0,14,2,28,92
12159,152.0,15,2,25,76
12160,140.0,16,2,23,68
12161,158.0,17,2,26,80
12162,181.0,18,2,29,95
12163,177.0,19,2,29,92
12164,202.0,20,2,32,110
12165,182.0,21,2,29,96
12166,200.0,22,2,32,108
12167,208.0,23,2,33,114
12168,144.0,0,3,23,71
12169,164.0,1,3,27,84
12170,192.0,2,3,31,103
12171,167.0,3,3,27,86
12172,167.0,4,3,27,86
12173,202.0,5,3,32,110
12174,163.0,6,3,26,83
12175,188.0,7,3,30,100
12176,196.0,8,3,31,105
12177,201.0,9,3,32,109
12178,189.0,10,3,30,101
12179,213.0,11,3,34,118
12180,213.0,12,3,34,118
12181,166.0,13,3,27,85
12182,149.0,14,3,24,74
12183,191.0,15,3,31,102
12184,172.0,16,3,28,89
12185,250.0,17,3,39,146
12186,205.0,18,3,33,112
12187,246.0,19,3,38,143
12188,225.0,20,3,36,127
12189,206.0,21,3,33,113
12190,173.0,22,3,28,90
12191,228.0,23,3,36,129
12192,210.0,0,4,33,115
12193,252.0,1,4,39,148
12194,268.0,2,4,41,161
12195,205.0,3,4,33,112
12196,245.0,4,4,38,142
12197,191.0,5,4,31,102
12198,167.0,6,4,27,86
12199,185.0,7,4,30,98
12200,164.0,8,4,27,84
12201,189.0,9,4,30,101
12202,168.0,10,4,27,86
12203,226.0,11,4,36,127
12204,167.0,12,4,27,86
12205,203.0,13,4,32,110
12206,182.0,14,4,29,96
12207,160.0,15,4,26,81
12208,135.0,16,4,22,65
12209,167.0,17,4,27,86
12210,164.0,18,4,27,84
12211,191.0,19,4,31,102
12212,183.0,20,4,30,96
12213,172.0,21,4,28,89
12214,211.0,22,4,34,116
12215,228.0,23,4,36,129
12216,201.0,0,5,32,109
12217,228.0,1,5,36,129
12218,165.0,2,5,27,84
12219,158.0,3,5,26,80
12220,182.0,4,5,29,96
12221,195.0,5,5,31,105
12222,187.0,6,5,30,99
12223,162.0,7,5,26,82
12224,144.0,8,5,23,71
12225,181.0,9,5,29,95
12226,206.0,10,5,33,113
12227,193.0,11,5,31,103
12228,189.0,12,5,30,101
12229,196.0,13,5,31,105
12230,144.0,14,5,23,71
12231,177.0,15,5,29,92
12232,187.0,16,5,30,99
12233,175.0,17,5,28,91
12234,170.0,18,5,28,88
12235,164.0,19,5,27,84
12236,242.0,20,5,38,140
12237,180.0,21,5,29,94
12238,191.0,22,5,31,102
12239,203.0,23,5,32,110
12240,223.0,0,6,35,125
12241,207.0,1,6,33,113
12242,201.0,2,6,32,109
12243,205.0,3,6,33,112
12244,267.0,4,6,41,160
12245,251.0,5,6,39,147
12246,207.0,6,6,33,113
12247,189.0,7,6,30,101
12248,148.0,8,6,24,73
12249,171.0,9,6,28,88
12250,193.0,10,6,31,103
12251,248.0,11,6,39,144
12252,226.0,12,6,36,127
12253,229.0,13,6,36,130
12254,204.0,14,6,33,111
12255,243.0,15,6,38,140
12256,212.0,16,6,34,117
12257,216.0,17,6,34,120
12258,247.0,18,6,39,144
12259,239.0,19,6,37,137
12260,218.0,20,6,35,121
12261,258.0,21,6,40,152
12262,222.0,22,6,35,124
12263,190.0,23,6,31,101
12264,195.0,0,0,31,105
12265,250.0,1,0,39,146
12266,206.0,2,0,33,113
12267,170.0,3,0,28,88
12268,229.0,4,0,36,130
12269,169.0,5,0,27,87
12270,174.0,6,0,28,90
12271,212.0,7,0,34,117
12272,205.0,8,0,33,112
12273,183.0,9,0,30,96
12274,177.0,10,0,29,92
12275,178.0,11,0,29,93
12276,181.0,12,0,29,95
12277,171.0,13,0,28,88
12278,163.0,14,0,26,83
12279,217.0,15,0,34,121
12280,230.0,16,0,36,130
12281,205.0,17,0,33,112
12282,158.0,18,0,26,80
12283,171.0,19,0,28,88
12284,173.0,20,0,28,90
12285,174.0,21,0,28,90
12286,200.0,22,0,32,108
12287,218.0,23,0,35,121
12288,226.0,0,1,36,127
12289,150.0,1,1,24,75
12290,197.0,2,1,32,106
12291,183.0,3,1,30,96
12292,198.0,4,1,32,107
12293,214.0,5,1,34,118
12294,214.0,6,1,34,118
12295,141.0,7,1,23,69
12296,207.0,8,1,33,113
12297,178.0,9,1,29,93
12298,214.0,10,1,34,118
12299,257.0,11,1,40,152
12300,196.0,12,1,31,105
12301,272.0,13,1,42,164
12302,224.0,14,1,35,126
12303,192.0,15,1,31,103
12304,191.0,16,1,31,102
12305,202.0,17,1,32,110
12306,194.0,18,1,31,104
12307,197.0,19,1,32,106
12308,216.0,20,1,34,120
12309,276.0,21,1,42,167
12310,216.0,22,1,34,120
12311,294.0,23,1,44,182
12312,237.0,0,2,37,136
12313,239.0,1,2,37,137
12314,195.0,2,2,31,105
12315,176.0,3,2,28,92
12316,246.0,4,2,38,143
12317,278.0,5,2,42,169
12318,196.0,6,2,31,105
12319,219.0,7,2,35,122
12320,240.0,8,2,38,138
12321,169.0,9,2,27,87
12322,206.0,10,2,33,113
12323,191.0,11,2,31,102
12324,197.0,12,2,32,106
12325,191.0,13,2,31,102
12326,186.0,14,2,30,98
12327,198.0,15,2,32,107
12328,202.0,16,2,32,110
12329,181.0,17,2,29,95
12330,175.0,18,2,28,91
12331,164.0,19,2,27,84
12332,172.0,20,2,28,89
12333,197.0,21,2,32,106
12334,191.0,22,2,31,102
12335,225.0,23,2,36,127
12336,187.0,0,3,30,99
12337,239.0,1,3,37,137
12338,168.0,2,3,27,86
12339,200.0,3,3,32,108
12340,167.0,4,3,27,86
12341,163.0,5,3,26,83
12342,191.0,6,3,31,102
12343,214.0,7,3,34,118
12344,248.0,8,3,39,144
12345,204.0,9,3,33,111
12346,194.0,10,3,31,104
12347,236.0,11,3,37,135
12348,205.0,12,3,33,112
12349,191.0,13,3,31,102
12350,210.0,14,3,33,115
12351,235.0,15,3,37,134
12352,213.0,16,3,34,118
12353,198.0,17,3,32,107
12354,201.0,18,3,32,109
12355,223.0,19,3,35,125
12356,226.0,20,3,36,127
12357,258.0,21,3,40,152
12358,251.0,22,3,39,147
12359,225.0,23,3,36,127
12360,258.0,0,4,40,152
12361,189.0,1,4,30,101
12362,227.0,2,4,36,128
12363,206.0,3,4,33,113
12364,243.0,4,4,38,140
12365,220.0,5,4,35,123
12366,208.0,6,4,33,114
12367,259.0,7,4,40,153
12368,216.0,8,4,34,120
12369,247.0,9,4,39,144
12370,243.0,10,4,38,140
12371,184.0,11,4,30,97
12372,214.0,12,4,34,118
12373,198.0,13,4,32,107
12374,170.0,14,4,28,88
12375,191.0,15,4,31,102
12376,208.0,16,4,33,114
12377,240.0,17,4,38,138
12378,229.0,18,4,36,130
12379,228.0,19,4,36,129
12380,245.0,20,4,38,142
12381,250.0,21,4,39,146
12382,224.0,22,4,35,126
12383,197.0,23,4,32,106
12384,250.0,0,5,39,146
12385,232.0,1,5,37,132
12386,237.0,2,5,37,136
12387,202.0,3,5,32,110
12388,227.0,4,5,36,128
12389,225.0,5,5,36,127
12390,186.0,6,5,30,98
12391,207.0,7,5,33,113
12392,208.0,8,5,33,114
12393,180.0,9,5,29,94
12394,231.0,10,5,36,131
12395,204.0,11,5,33,111
12396,270.0,12,5,41,162
12397,209.0,13,5,33,115
12398,202.0,14,5,32,110
12399,211.0,15,5,34,116
12400,270.0,16,5,41,162
12401,244.0,17,5,38,141
12402,193.0,18,5,31,103
12403,195.0,19,5,31,105
12404,194.0,20,5,31,104
12405,153.0,21,5,25,76
12406,176.0,22,5,28,92
12407,196.0,23,5,31,105
12408,164.0,0,6,27,84
12409,176.0,1,6,28,92
12410,186.0,2,6,30,98
12411,154.0,3,6,25,77
12412,195.0,4,6,31,105
12413,244.0,5,6,38,141
12414,187.0,6,6,30,99
12415,169.0,7,6,27,87
12416,193.0,8,6,31,103
12417,205.0,9,6,33,112
12418,223.0,10,6,35,125
12419,238.0,11,6,37,137
12420,203.0,12,6,32,110
12421,207.0,13,6,33,113
12422,256.0,14,6,40,151
12423,224.0,15,6,35,126
12424,198.0,16,6,32,107
12425,190.0,17,6,31,101
12426,193.0,18,6,31,103
12427,148.0,19,6,24,73
12428,232.0,20,6,37,132
12429,173.0,21,6,28,90
12430,180.0,22,6,29,94
12431,150.0,23,6,24,75
12432,163.0,0,0,26,83
12433,226.0,1,0,36,127
12434,218.0,2,0,35,121
12435,252.0,3,0,39,148
12436,229.0,4,0,36,130
12437,223.0,5,0,35,125
12438,257.0,6,0,40,152
12439,248.0,7,0,39,144
12440,163.0,8,0,26,83
12441,153.0,9,0,25,76
12442,219.0,10,0,35,122
12443,183.0,11,0,30,96
12444,211.0,12,0,34,116
12445,167.0,13,0,27,86
12446,164.0,14,0,27,84
12447,200.0,15,0,32,108
12448,187.0,16,0,30,99
12449,198.0,17,0,32,107
12450,203.0,18,0,32,110
12451,196.0,19,0,31,105
12452,214.0,20,0,34,118
12453,172.0,21,0,28,89
12454,174.0,22,0,28,90
12455,164.0,23,0,27,84
12456,165.0,0,1,27,84
12457,169.0,1,1,27,87
12458,224.0,2,1,35,126
12459,188.0,3,1,30,100
12460,177.0,4,1,29,92
12461,185.0,5,1,30,98
12462,247.0,6,1,39,144
12463,181.0,7,1,29,95
12464,148.0,8,1,24,73
12465,146.0,9,1,24,72
12466,192.0,10,1,31,103
12467,182.0,11,1,29,96
12468,195.0,12,1,31,105
12469,206.0,13,1,33,113
12470,204.0,14,1,33,111
12471,170.0,15,1,28,88
12472,160.0,16,1,26,81
12473,178.0,17,1,29,93
12474,166.0,18,1,27,85
12475,177.0,19,1,29,92
12476,189.0,20,1,30,101
12477,238.0,21,1,37,137
12478,185.0,22,1,30,98
12479,230.0,23,1,36,130
12480,242.0,0,2,38,140
12481,254.0,1,2,39,149
12482,271.0,2,2,42,163
12483,208.0,3,2,33,114
12484,175.0,4,2,28,91
12485,172.0,5,2,28,89
12486,213.0,6,2,34,118
12487,220.0,7,2,35,123
12488,250.0,8,2,39,146
12489,242.0,9,2,38,140
12490,228.0,10,2,36,129
12491,228.0,11,2,36,129
12492,239.0,12,2,37,137
12493,224.0,13,2,35,126
12494,245.0,14,2,38,142
12495,262.0,15,2,40,156
12496,201.0,16,2,32,109
12497,219.0,17,2,35,122
12498,215.0,18,2,34,119
12499,189.0,19,2,30,101
12500,272.0,20,2,42,164
12501,250.0,21,2,39,146
12502,233.0,22,2,37,133
12503,227.0,23,2,36,128
12504,230.0,0,3,36,130
12505,151.0,1,3,25,75
12506,164.0,2,3,27,84
12507,164.0,3,3,27,84
12508,204.0,4,3,33,111
12509,159.0,5,3,26,80
12510,155.0,6,3,25,78
12511,163.0,7,3,26,83
12512,164.0,8,3,27,84
12513,175.0,9,3,28,91
12514,156.0,10,3,25,78
12515,202.0,11,3,32,110
12516,185.0,12,3,30,98
12517,147.0,13,3,24,73
12518,128.0,14,3,21,61
12519,169.0,15,3,27,87
12520,170.0,16,3,28,88
12521,190.0,17,3,31,101
12522,184.0,18,3,30,97
12523,194.0,19,3,31,104
12524,265.0,20,3,41,158
12525,168.0,21,3,27,86
12526,185.0,22,3,30,98
12527,218.0,23,3,35,121
12528,236.0,0,4,37,135
12529,255.0,1,4,40,150
12530,185.0,2,4,30,98
12531,181.0,3,4,29,95
12532,271.0,4,4,42,163
12533,220.0,5,4,35,123
12534,188.0,6,4,30,100
12535,208.0,7,4,33,114
12536,210.0,8,4,33,115
12537,187.0,9,4,30,99
12538,170.0,10,4,28,88
12539,195.0,11,4,31,105
12540,166.0,12,4,27,85
12541,171.0,13,4,28,88
12542,177.0,14,4,29,92
12543,207.0,15,4,33,113
12544,156.0,16,4,25,78
12545,197.0,17,4,32,106
12546,169.0,18,4,27,87
12547,186.0,19,4,30,98
12548,191.0,20,4,31,102
12549,184.0,21,4,30,97
12550,176.0,22,4,28,92
12551,203.0,23,4,32,110
12552,187.0,0,5,30,99
12553,203.0,1,5,32,110
12554,183.0,2,5,30,96
12555,191.0,3,5,31,102
12556,170.0,4,5,28,88
12557,242.0,5,5,38,140
12558,239.0,6,5,37,137
12559,178.0,7,5,29,93
12560,167.0,8,5,27,86
12561,171.0,9,5,28,88
12562,194.0,10,5,31,104
12563,130.0,11,5,21,62
12564,207.0,12,5,33,113
12565,190.0,13,5,31,101
12566,214.0,14,5,34,118
12567,191.0,15,5,31,102
12568,190.0,16,5,31,101
12569,205.0,17,5,33,112
12570,226.0,18,5,36,127
12571,258.0,19,5,40,152
12572,229.0,20,5,36,130
12573,220.0,21,5,35,123
12574,238.0,22,5,37,137
12575,217.0,23,5,34,121
12576,227.0,0,6,36,128
12577,195.0,1,6,31,105
12578,237.0,2,6,37,136
12579,206.0,3,6,33,113
12580,203.0,4,6,32,110
12581,196.0,5,6,31,105
12582,212.0,6,6,34,117
12583,174.0,7,6,28,90
12584,170.0,8,6,28,88
12585,257.0,9,6,40,152
12586,176.0,10,6,28,92
12587,190.0,11,6,31,101
12588,182.0,12,6,29,96
12589,142.0,13,6,23,69
12590,167.0,14,6,27,86
12591,197.0,15,6,32,106
12592,220.0,16,6,35,123
12593,216.0,17,6,34,120
12594,162.0,18,6,26,82
12595,156.0,19,6,25,78
12596,186.0,20,6,30,98
12597,208.0,21,6,33,114
12598,178.0,22,6,29,93
12599,171.0,23,6,28,88
12600,164.0,0,0,27,84
12601,173.0,1,0,28,90
12602,168.0,2,0,27,86
12603,187.0,3,0,30,99
12604,158.0,4,0,26,80
12605,145.0,5,0,24,71
12606,154.0,6,0,25,77
12607,156.0,7,0,25,78
12608,207.0,8,0,33,113
12609,152.0,9,0,25,76
12610,235.0,10,0,37,134
12611,188.0,11,0,30,100
12612,208.0,12,0,33,114
12613,171.0,13,0,28,88
12614,173.0,14,0,28,90
12615,148.0,15,0,24,73
12616,166.0,16,0,27,85
12617,206.0,17,0,33,113
12618,159.0,18,0,26,80
12619,165.0,19,0,27,84
12620,177.0,20,0,29,92
12621,191.0,21,0,31,102
12622,226.0,22,0,36,127
12623,192.0,23,0,31,103
12624,187.0,0,1,30,99
12625,129.0,1,1,21,62
12626,139.0,2,1,23,68
12627,200.0,3,1,32,108
12628,165.0,4,1,27,84
12629,140.0,5,1,23,68
12630,156.0,6,1,25,78
12631,192.0,7,1,31,103
12632,186.0,8,1,30,98
12633,222.0,9,1,35,124
12634,187.0,10,1,30,99
12635,166.0,11,1,27,85
12636,168.0,12,1,27,86
12637,182.0,13,1,29,96
12638,206.0,14,1,33,113
12639,165.0,15,1,27,84
12640,129.0,16,1,21,62
12641,196.0,17,1,31,105
12642,190.0,18,1,31,101
12643,167.0,19,1,27,86
12644,218.0,20,1,35,121
12645,184.0,21,1,30,97
12646,185.0,22,1,30,98
12647,156.0,23,1,25,78
12648,158.0,0,2,26,80
12649,170.0,1,2,28,88
12650,123.0,2,2,20,58
12651,154.0,3,2,25,77
12652,149.0,4,2,24,74
12653,163.0,5,2,26,83
12654,173.0,6,2,28,90
12655,130.0,7,2,21,62
12656,126.0,8,2,20,60
12657,122.0,9,2,20,57
12658,160.0,10,2,26,81
12659,150.0,11,2,24,75
12660,138.0,12,2,22,67
12661,147.0,13,2,24,73
12662,161.0,14,2,26,82
12663,212.0,15,2,34,117
12664,236.0,16,2,37,135
12665,188.0,17,2,30,100
12666,169.0,18,2,27,87
12667,190.0,19,2,31,101
12668,183.0,20,2,30,96
12669,203.0,21,2,32,110
12670,209.0,22,2,33,115
12671,208.0,23,2,33,114
12672,207.0,0,3,33,113
12673,178.0,1,3,29,93
12674,217.0,2,3,34,121
12675,167.0,3,3,27,86
12676,141.0,4,3,23,69
12677,142.0,5,3,23,69
12678,185.0,6,3,30,98
12679,161.0,7,3,26,82
12680,147.0,8,3,24,73
12681,154.0,9,3,25,77
12682,135.0,10,3,22,65
12683,206.0,11,3,33,113
12684,190.0,12,3,31,101
12685,171.0,13,3,28,88
12686,181.0,14,3,29,95
12687,191.0,15,3,31,102
12688,182.0,16,3,29,96
12689,158.0,17,3,26,80
12690,161.0,18,3,26,82
12691,158.0,19,3,26,80
12692,164.0,20,3,27,84
12693,154.0,21,3,25,77
12694,158.0,22,3,26,80
12695,194.0,23,3,31,104
12696,151.0,0,4,25,75
12697,188.0,1,4,30,100
12698,141.0,2,4,23,69
12699,126.0,3,4,20,60
12700,140.0,4,4,23,68
12701,176.0,5,4,28,92
12702,191.0,6,4,31,102
12703,152.0,7,4,25,76
12704,207.0,8,4,33,113
12705,176.0,9,4,28,92
12706,142.0,10,4,23,69
12707,191.0,11,4,31,102
12708,147.0,12,4,24,73
12709,134.0,13,4,22,65
12710,230.0,14,4,36,130
12711,180.0,15,4,29,94
12712,191.0,16,4,31,102
12713,167.0,17,4,27,86
12714,184.0,18,4,30,97
12715,140.0,19,4,23,68
12716,172.0,20,4,28,89
12717,153.0,21,4,25,76
12718,168.0,22,4,27,86
12719,181.0,23,4,29,95
12720,193.0,0,5,31,103
12721,160.0,1,5,26,81
12722,174.0,2,5,28,90
12723,184.0,3,5,30,97
12724,192.0,4,5,31,103
12725,195.0,5,5,31,105
12726,204.0,6,5,33,111
12727,147.0,7,5,24,73
12728,169.0,8,5,27,87
12729,214.0,9,5,34,118
12730,161.0,10,5,26,82
12731,165.0,11,5,27,84
12732,191.0,12,5,31,102
12733,190.0,13,5,31,101
12734,171.0,14,5,28,88
12735,187.0,15,5,30,99
12736,218.0,16,5,35,121
12737,218.0,17,5,35,121
12738,173.0,18,5,28,90
12739,198.0,19,5,32,107
12740,173.0,20,5,28,90
12741,215.0,21,5,34,119
12742,252.0,22,5,39,148
12743,258.0,23,5,40,152
12744,207.0,0,6,33,113
12745,226.0,1,6,36,127
12746,197.0,2,6,32,106
12747,231.0,3,6,36,131
12748,194.0,4,6,31,104
12749,211.0,5,6,34,116
12750,184.0,6,6,30,97
12751,239.0,7,6,37,137
12752,151.0,8,6,25,75
12753,164.0,9,6,27,84
12754,173.0,10,6,28,90
12755,193.0,11,6,31,103
12756,148.0,12,6,24,73
12757,147.0,13,6,24,73
12758,135.0,14,6,22,65
12759,207.0,15,6,33,113
12760,208.0,16,6,33,114
12761,248.0,17,6,39,144
12762,181.0,18,6,29,95
12763,185.0,19,6,30,98
12764,229.0,20,6,36,130
12765,195.0,21,6,31,105
12766,172.0,22,6,28,89
12767,228.0,23,6,36,129
12768,211.0,0,0,34,116
12769,224.0,1,0,35,126
12770,214.0,2,0,34,118
12771,165.0,3,0,27,84
12772,228.0,4,0,36,129
12773,247.0,5,0,39,144
12774,192.0,6,0,31,103
12775,168.0,7,0,27,86
12776,170.0,8,0,28,88
12777,206.0,9,0,33,113
12778,205.0,10,0,33,112
12779,194.0,11,0,31,104
12780,165.0,12,0,27,84
12781,158.0,13,0,26,80
12782,195.0,14,0,31,105
12783,166.0,15,0,27,85
12784,197.0,16,0,32,106
12785,189.0,17,0,30,101
12786,204.0,18,0,33,111
12787,252.0,19,0,39,148
12788,185.0,20,0,30,98
12789,180.0,21,0,29,94
12790,218.0,22,0,35,121
12791,209.0,23,0,33,115
12792,186.0,0,1,30,98
12793,170.0,1,1,28,88
12794,211.0,2,1,34,116
12795,193.0,3,1,31,103
12796,236.0,4,1,37,135
12797,226.0,5,1,36,127
12798,205.0,6,1,33,112
12799,189.0,7,1,30,101
12800,255.0,8,1,40,150
12801,265.0,9,1,41,158
12802,174.0,10,1,28,90
12803,217.0,11,1,34,121
12804,203.0,12,1,32,110
12805,170.0,13,1,28,88
12806,145.0,14,1,24,71
12807,155.0,15,1,25,78
12808,172.0,16,1,28,89
12809,176.0,17,1,28,92
12810,165.0,18,1,27,84
12811,195.0,19,1,31,105
12812,187.0,20,1,30,99
12813,148.0,21,1,24,73
12814,161.0,22,1,26,82
12815,190.0,23,1,31,101
12816,186.0,0,2,30,98
12817,140.0,1,2,23,68
12818,227.0,2,2,36,128
12819,243.0,3,2,38,140
12820,191.0,4,2,31,102
12821,173.0,5,2,28,90
12822,253.0,6,2,39,148
12823,193.0,7,2,31,103
12824,244.0,8,2,38,141
12825,184.0,9,2,30,97
12826,214.0,10,2,34,118
12827,213.0,11,2,34,118
12828,224.0,12,2,35,126
12829,169.0,13,2,27,87
12830,181.0,14,2,29,95
12831,185.0,15,2,30,98
12832,257.0,16,2,40,152
12833,240.0,17,2,38,138
12834,216.0,18,2,34,120
12835,186.0,19,2,30,98
12836,220.0,20,2,35,123
12837,318.0,21,2,47,204
12838,251.0,22,2,39,147
12839,196.0,23,2,31,105
12840,182.0,0,3,29,96
12841,231.0,1,3,36,131
12842,259.0,2,3,40,153
12843,230.0,3,3,36,130
12844,202.0,4,3,32,110
12845,201.0,5,3,32,109
12846,286.0,6,3,43,176
12847,227.0,7,3,36,128
12848,194.0,8,3,31,104
12849,201.0,9,3,32,109
12850,201.0,10,3,32,109
12851,189.0,11,3,30,101
12852,191.0,12,3,31,102
12853,169.0,13,3,27,87
12854,239.0,14,3,37,137
12855,255.0,15,3,40,150
12856,223.0,16,3,35,125
12857,191.0,17,3,31,102
12858,222.0,18,3,35,124
12859,194.0,19,3,31,104
12860,173.0,20,3,28,90
12861,228.0,21,3,36,129
12862,186.0,22,3,30,98
12863,170.0,23,3,28,88
12864,189.0,0,4,30,101
12865,215.0,1,4,34,119
12866,227.0,2,4,36,128
12867,186.0,3,4,30,98
12868,208.0,4,4,33,114
12869,178.0,5,4,29,93
12870,151.0,6,4,25,75
12871,155.0,7,4,25,78
12872,182.0,8,4,29,96
12873,153.0,9,4,25,76
12874,167.0,10,4,27,86
12875,210.0,11,4,33,115
12876,155.0,12,4,25,78
12877,172.0,13,4,28,89
12878,184.0,14,4,30,97
12879,169.0,15,4,27,87
12880,180.0,16,4,29,94
12881,145.0,17,4,24,71
12882,141.0,18,4,23,69
12883,147.0,19,4,24,73
12884,134.0,20,4,22,65
12885,143.0,21,4,23,70
12886,190.0,22,4,31,101
12887,125.0,23,4,20,59
12888,133.0,0,5,22,64
12889,148.0,1,5,24,73
12890,150.0,2,5,24,75
12891,129.0,3,5,21,62
12892,184.0,4,5,30,97
12893,189.0,5,5,30,101
12894,165.0,6,5,27,84
12895,178.0,7,5,29,93
12896,176.0,8,5,28,92
12897,124.0,9,5,20,59
12898,107.0,10,5,17,49
12899,150.0,11,5,24,75
12900,168.0,12,5,27,86
12901,163.0,13,5,26,83
12902,162.0,14,5,26,82
12903,160.0,15,5,26,81
12904,145.0,16,5,24,71
12905,210.0,17,5,33,115
12906,164.0,18,5,27,84
12907,131.0,19,5,21,63
12908,187.0,20,5,30,99
12909,215.0,21,5,34,119
12910,173.0,22,5,28,90
12911,178.0,23,5,29,93
12912,158.0,0,6,26,80
12913,193.0,1,6,31,103
12914,165.0,2,6,27,84
12915,146.0,3,6,24,72
12916,170.0,4,6,28,88
12917,168.0,5,6,27,86
12918,164.0,6,6,27,84
12919,133.0,7,6,22,64
12920,96.0,8,6,15,43
12921,146.0,9,6,24,72
12922,138.0,10,6,22,67
12923,132.0,11,6,21,63
12924,152.0,12,6,25,76
12925,143.0,13,6,23,70
12926,186.0,14,6,30,98
12927,134.0,15,6,22,65
12928,163.0,16,6,26,83
12929,180.0,17,6,29,94
12930,162.0,18,6,26,82
12931,118.0,19,6,19,55
12932,116.0,20,6,19,54
12933,105.0,21,6,17,48
12934,127.0,22,6,21,60
12935,172.0,23,6,28,89
12936,153.0,0,0,25,76
12937,134.0,1,0,22,65
12938,143.0,2,0,23,70
12939,162.0,3,0,26,82
12940,121.0,4,0,20,57
12941,105.0,5,0,17,48
12942,107.0,6,0,17,49
12943,118.0,7,0,19,55
12944,120.0,8,0,19,56
12945,142.0,9,0,23,69
12946,116.0,10,0,19,54
12947,122.0,11,0,20,57
12948,136.0,12,0,22,66
12949,113.0,13,0,18,52
12950,117.0,14,0,19,54
12951,123.0,15,0,20,58
12952,110.0,16,0,18,50
12953,165.0,17,0,27,84
12954,128.0,18,0,21,61
12955,142.0,19,0,23,69
12956,164.0,20,0,27,84
12957,160.0,21,0,26,81
12958,194.0,22,0,31,104
12959,119.0,23,0,19,56
12960,127.0,0,1,21,60
12961,170.0,1,1,28,88
12962,163.0,2,1,26,83
12963,154.0,3,1,25,77
12964,154.0,4,1,25,77
12965,108.0,5,1,17,49
12966,110.0,6,1,18,50
12967,133.0,7,1,22,64
12968,133.0,8,1,22,64
12969,135.0,9,1,22,65
12970,102.0,10,1,16,46
12971,97.0,11,1,15,43
12972,131.0,12,1,21,63
12973,109.0,13,1,18,50
12974,167.0,14,1,27,86
12975,201.0,15,1,32,109
12976,140.0,16,1,23,68
12977,107.0,17,1,17,49
12978,102.0,18,1,16,46
12979,119.0,19,1,19,56
12980,105.0,20,1,17,48
12981,131.0,21,1,21,63
12982,96.0,22,1,15,43
12983,86.0,23,1,13,37
12984,111.0,0,2,18,51
12985,87.0,1,2,14,38
12986,102.0,2,2,16,46
12987,98.0,3,2,16,44
12988,96.0,4,2,15,43
12989,91.0,5,2,14,40
12990,101.0,6,2,16,45
12991,79.0,7,2,12,33
12992,87.0,8,2,14,38
12993,81.0,9,2,13,34
12994,81.0,10,2,13,34
12995,144.0,11,2,23,71
12996,101.0,12,2,16,45
12997,93.0,13,2,15,41
12998,91.0,14,2,14,40
12999,106.0,15,2,17,48
13000,71.0,16,2,11,29
13001,128.0,17,2,21,61
13002,90.0,18,2,14,39
13003,94.0,19,2,15,41
13004,70.0,20,2,11,29
13005,113.0,21,2,18,52
13006,114.0,22,2,18,53
13007,102.0,23,2,16,46
13008,83.0,0,3,13,36
13009,82.0,1,3,13,35
13010,75.0,2,3,11,31
13011,72.0,3,3,11,30
13012,93.0,4,3,15,41
13013,74.0,5,3,11,31
13014,72.0,6,3,11,30
13015,61.0,7,3,9,24
13016,80.0,8,3,12,34
13017,88.0,9,3,14,38
13018,82.0,10,3,13,35
13019,63.0,11,3,9,25
13020,51.0,12,3,7,19
13021,45.0,13,3,6,17
13022,50.0,14,3,7,19
13023,82.0,15,3,13,35
13024,86.0,16,3,13,37
13025,44.0,17,3,6,16
13026,92.0,18,3,15,40
13027,98.0,19,3,16,44
13028,78.0,20,3,12,33
13029,83.0,21,3,13,36
13030,118.0,22,3,19,55
13031,113.0,23,3,18,52
13032,143.0,0,4,23,70
13033,81.0,1,4,13,34
13034,136.0,2,4,22,66
13035,87.0,3,4,14,38
13036,118.0,4,4,19,55
13037,109.0,5,4,18,50
13038,96.0,6,4,15,43
13039,99.0,7,4,16,44
13040,82.0,8,4,13,35
13041,77.0,9,4,12,32
13042,80.0,10,4,12,34
13043,77.0,11,4,12,32
13044,74.0,12,4,11,31
13045,88.0,13,4,14,38
13046,65.0,14,4,10,26
13047,146.0,15,4,24,72
13048,94.0,16,4,15,41
13049,90.0,17,4,14,39
13050,116.0,18,4,19,54
13051,45.0,19,4,6,17
13052,41.0,20,4,5,15
13053,44.0,21,4,6,16
13054,55.0,22,4,8,21
13055,51.0,23,4,7,19
13056,45.0,0,5,6,17
13057,42.0,1,5,5,15
13058,41.0,2,5,5,15
13059,40.0,3,5,5,14
13060,51.0,4,5,7,19
13061,48.0,5,5,6,18
13062,55.0,6,5,8,21
13063,37.0,7,5,4,13
13064,29.0,8,5,3,9
13065,37.0,9,5,4,13
13066,57.0,10,5,8,22
13067,35.0,11,5,4,12
13068,56.0,12,5,8,22
13069,49.0,13,5,7,18
13070,49.0,14,5,7,18
13071,41.0,15,5,5,15
13072,69.0,16,5,10,28
13073,68.0,17,5,10,28
13074,79.0,18,5,12,33
13075,63.0,19,5,9,25
13076,63.0,20,5,9,25
13077,47.0,21,5,6,18
13078,47.0,22,5,6,18
13079,40.0,23,5,5,14
13080,67.0,0,6,10,27
13081,37.0,1,6,4,13
13082,78.0,2,6,12,33
13083,55.0,3,6,8,21
13084,64.0,4,6,9,26
13085,86.0,5,6,13,37
13086,38.0,6,6,4,13
13087,33.0,7,6,3,11
13088,54.0,8,6,8,21
13089,49.0,9,6,7,18
13090,29.0,10,6,3,9
13091,35.0,11,6,4,12
13092,67.0,12,6,10,27
13093,44.0,13,6,6,16
13094,45.0,14,6,6,17
13095,79.0,15,6,12,33
13096,42.0,16,6,5,15
13097,44.0,17,6,6,16
13098,54.0,18,6,8,21
13099,60.0,19,6,9,24
13100,34.0,20,6,4,12
13101,86.0,21,6,13,37
13102,39.0,22,6,5,14
13103,46.0,23,6,6,17
13104,44.0,0,0,6,16
13105,55.0,1,0,8,21
13106,33.0,2,0,3,11
13107,43.0,3,0,5,16
13108,35.0,4,0,4,12
13109,51.0,5,0,7,19
13110,27.0,6,0,2,8
13111,34.0,7,0,4,12
13112,39.0,8,0,5,14
13113,26.0,9,0,2,8
13114,29.0,10,0,3,9
13115,43.0,11,0,5,16
13116,41.0,12,0,5,15
13117,24.0,13,0,2,7
13118,51.0,14,0,7,19
13119,42.0,15,0,5,15
13120,42.0,16,0,5,15
13121,45.0,17,0,6,17
13122,40.0,18,0,5,14
13123,41.0,19,0,5,15
13124,19.0,20,0,1,5
13125,33.0,21,0,3,11
13126,29.0,22,0,3,9
13127,26.0,23,0,2,8
13128,43.0,0,1,5,16
13129,35.0,1,1,4,12
13130,23.0,2,1,1,7
13131,20.0,3,1,1,5
13132,17.0,4,1,1,4
13133,29.0,5,1,3,9
13134,26.0,6,1,2,8
13135,32.0,7,1,3,11
13136,32.0,8,1,3,11
13137,26.0,9,1,2,8
13138,29.0,10,1,3,9
13139,27.0,11,1,2,8
13140,27.0,12,1,2,8
13141,20.0,13,1,1,5
13142,17.0,14,1,1,4
13143,25.0,15,1,2,8
13144,18.0,16,1,1,5
13145,22.0,17,1,1,6
13146,38.0,18,1,4,13
13147,26.0,19,1,2,8
13148,12.0,20,1,1,2
13149,18.0,21,1,1,5
13150,21.0,22,1,1,6
13151,23.0,23,1,1,7
13152,18.0,0,2,1,5
13153,23.0,1,2,1,7
13154,22.0,2,2,1,6
13155,20.0,3,2,1,5
13156,19.0,4,2,1,5
13157,24.0,5,2,2,7
13158,39.0,6,2,5,14
13159,23.0,7,2,1,7
13160,10.0,8,2,1,1
13161,23.0,9,2,1,7
13162,20.0,10,2,1,5
13163,13.0,11,2,1,2
13164,33.0,12,2,3,11
13165,14.0,13,2,1,3
13166,22.0,14,2,1,6
13167,23.0,15,2,1,7
13168,6.0,16,2,1,1
13169,16.0,17,2,1,4
13170,28.0,18,2,2,9
13171,24.0,19,2,2,7
13172,27.0,20,2,2,8
13173,16.0,21,2,1,4
13174,23.0,22,2,1,7
13175,16.0,23,2,1,4
13176,16.0,0,3,1,4
13177,23.0,1,3,1,7
13178,19.0,2,3,1,5
13179,18.0,3,3,1,5
13180,26.0,4,3,2,8
13181,29.0,5,3,3,9
13182,32.0,6,3,3,11
13183,21.0,7,3,1,6
13184,25.0,8,3,2,8
13185,14.0,9,3,1,3
13186,21.0,10,3,1,6
13187,22.0,11,3,1,6
13188,17.0,12,3,1,4
13189,22.0,13,3,1,6
13190,15.0,14,3,1,3
13191,13.0,15,3,1,2
13192,23.0,16,3,1,7
13193,23.0,17,3,1,7
13194,7.0,18,3,1,1
13195,21.0,19,3,1,6
13196,14.0,20,3,1,3
13197,20.0,21,3,1,5
13198,4.0,22,3,1,1
13199,25.0,23,3,2,8
13200,19.0,0,4,1,5
13201,20.0,1,4,1,5
13202,16.0,2,4,1,4
13203,14.0,3,4,1,3
13204,9.0,4,4,1,1
13205,21.0,5,4,1,6
13206,25.0,6,4,2,8
13207,20.0,7,4,1,5
13208,6.0,8,4,1,1
13209,14.0,9,4,1,3
13210,4.0,10,4,1,1
13211,6.0,11,4,1,1
13212,9.0,12,4,1,1
13213,16.0,13,4,1,4
13214,15.0,14,4,1,3
13215,14.0,15,4,1,3
13216,20.0,16,4,1,5
13217,15.0,17,4,1,3
13218,10.0,18,4,1,1
13219,9.0,19,4,1,1
13220,23.0,20,4,1,7
13221,29.0,21,4,3,9
13222,14.0,22,4,1,3
13223,14.0,23,4,1,3
13224,2.0,0,5,1,1
13225,12.0,1,5,1,2
13226,16.0,2,5,1,4
13227,17.0,3,5,1,4
13228,20.0,4,5,1,5
13229,14.0,5,5,1,3
13230,17.0,6,5,1,4
13231,12.0,7,5,1,2
13232,6.0,8,5,1,1
13233,8.0,9,5,1,1
13234,15.0,10,5,1,3
13235,23.0,11,5,1,7
13236,9.0,12,5,1,1
13237,6.0,13,5,1,1
13238,8.0,14,5,1,1
13239,6.0,15,5,1,1
13240,12.0,16,5,1,2
13241,9.0,17,5,1,1
13242,6.0,18,5,1,1
13243,16.0,19,5,1,4
13244,17.0,20,5,1,4
13245,30.0,21,5,3,10
13246,18.0,22,5,1,5
13247,18.0,23,5,1,5
13248,16.0,0,6,1,4
13249,12.0,1,6,1,2
13250,20.0,2,6,1,5
13251,18.0,3,6,1,5
13252,23.0,4,6,1,7
13253,7.0,5,6,1,1
13254,5.0,6,6,1,1
13255,6.0,7,6,1,1
13256,2.0,8,6,1,1
13257,15.0,9,6,1,3
13258,7.0,10,6,1,1
13259,9.0,11,6,1,1
13260,16.0,12,6,1,4
13261,9.0,13,6,1,1
13262,6.0,14,6,1,1
13263,7.0,15,6,1,1
13264,24.0,16,6,2,7
13265,32.0,17,6,3,11
13266,13.0,18,6,1,2
13267,9.0,19,6,1,1
13268,8.0,20,6,1,1
13269,6.0,21,6,1,1
13270,6.0,22,6,1,1
13271,14.0,23,6,1,3
13272,23.0,0,0,1,7
13273,28.0,1,0,2,9
13274,12.0,2,0,1,2
13275,9.0,3,0,1,1
13276,6.0,4,0,1,1
13277,17.0,5,0,1,4
13278,7.0,6,0,1,1
13279,21.0,7,0,1,6
13280,5.0,8,0,1,1
13281,9.0,9,0,1,1
13282,5.0,10,0,1,1
13283,16.0,11,0,1,4
13284,21.0,12,0,1,6
13285,17.0,13,0,1,4
13286,15.0,14,0,1,3
13287,5.0,15,0,1,1
13288,12.0,16,0,1,2
13289,23.0,17,0,1,7
13290,8.0,18,0,1,1
13291,6.0,19,0,1,1
13292,8.0,20,0,1,1
13293,22.0,21,0,1,6
13294,10.0,22,0,1,1
13295,8.0,23,0,1,1
13296,3.0,0,1,1,1
13297,25.0,1,1,2,8
13298,23.0,2,1,1,7
13299,12.0,3,1,1,2
13300,6.0,4,1,1,1
13301,12.0,5,1,1,2
13302,9.0,6,1,1,1
13303,2.0,7,1,1,1
13304,13.0,8,1,1,2
13305,7.0,9,1,1,1
13306,10.0,10,1,1,1
13307,12.0,11,1,1,2
13308,15.0,12,1,1,3
13309,21.0,13,1,1,6
13310,24.0,14,1,2,7
13311,18.0,15,1,1,5
13312,19.0,16,1,1,5
13313,9.0,17,1,1,1
13314,9.0,18,1,1,1
13315,8.0,19,1,1,1
13316,15.0,20,1,1,3
13317,13.0,21,1,1,2
13318,15.0,22,1,1,3
13319,36.0,23,1,4,12
13320,45.0,0,2,6,17
13321,37.0,1,2,4,13
13322,52.0,2,2,7,20
13323,30.0,3,2,3,10
13324,33.0,4,2,3,11
13325,15.0,5,2,1,3
13326,16.0,6,2,1,4
13327,10.0,7,2,1,1
13328,8.0,8,2,1,1
13329,37.0,9,2,4,13
13330,40.0,10,2,5,14
13331,26.0,11,2,2,8
13332,27.0,12,2,2,8
13333,58.0,13,2,8,23
13334,57.0,14,2,8,22
13335,63.0,15,2,9,25
13336,29.0,16,2,3,9
13337,8.0,17,2,1,1
13338,16.0,18,2,1,4
13339,15.0,19,2,1,3
13340,8.0,20,2,1,1
13341,30.0,21,2,3,10
13342,50.0,22,2,7,19
13343,54.0,23,2,8,21
13344,29.0,0,3,3,9
13345,18.0,1,3,1,5
13346,16.0,2,3,1,4
13347,12.0,3,3,1,2
13348,3.0,4,3,1,1
13349,13.0,5,3,1,2
13350,10.0,6,3,1,1
13351,6.0,7,3,1,1
13352,6.0,8,3,1,1
13353,6.0,9,3,1,1
13354,4.0,10,3,1,1
13355,10.0,11,3,1,1
13356,20.0,12,3,1,5
13357,6.0,13,3,1,1
13358,19.0,14,3,1,5
13359,20.0,15,3,1,5
13360,13.0,16,3,1,2
13361,18.0,17,3,1,5
13362,14.0,18,3,1,3
13363,5.0,19,3,1,1
13364,21.0,20,3,1,6
13365,7.0,21,3,1,1
13366,15.0,22,3,1,3
13367,9.0,23,3,1,1
13368,10.0,0,4,1,1
13369,9.0,1,4,1,1
13370,6.0,2,4,1,1
13371,10.0,3,4,1,1
13372,28.0,4,4,2,9
13373,25.0,5,4,2,8
13374,12.0,6,4,1,2
13375,21.0,7,4,1,6
13376,10.0,8,4,1,1
13377,9.0,9,4,1,1
13378,22.0,10,4,1,6
13379,16.0,11,4,1,4
13380,12.0,12,4,1,2
13381,8.0,13,4,1,1
13382,9.0,14,4,1,1
13383,19.0,15,4,1,5
13384,25.0,16,4,2,8
13385,8.0,17,4,1,1
13386,42.0,18,4,5,15
13387,51.0,19,4,7,19
13388,47.0,20,4,6,18
13389,38.0,21,4,4,13
13390,51.0,22,4,7,19
13391,39.0,23,4,5,14
13392,58.0,0,5,8,23
13393,63.0,1,5,9,25
13394,59.0,2,5,8,23
13395,46.0,3,5,6,17
13396,36.0,4,5,4,12
13397,46.0,5,5,6,17
13398,56.0,6,5,8,22
13399,55.0,7,5,8,21
13400,49.0,8,5,7,18
13401,33.0,9,5,3,11
13402,23.0,10,5,1,7
13403,16.0,11,5,1,4
13404,20.0,12,5,1,5
13405,14.0,13,5,1,3
13406,14.0,14,5,1,3
13407,16.0,15,5,1,4
13408,15.0,16,5,1,3
13409,26.0,17,5,2,8
13410,32.0,18,5,3,11
13411,17.0,19,5,1,4
13412,28.0,20,5,2,9
13413,40.0,21,5,5,14
13414,23.0,22,5,1,7
13415,40.0,23,5,5,14
13416,30.0,0,6,3,10
13417,36.0,1,6,4,12
13418,21.0,2,6,1,6
13419,35.0,3,6,4,12
13420,28.0,4,6,2,9
13421,44.0,5,6,6,16
13422,22.0,6,6,1,6
13423,18.0,7,6,1,5
13424,23.0,8,6,1,7
13425,24.0,9,6,2,7
13426,35.0,10,6,4,12
13427,22.0,11,6,1,6
13428,19.0,12,6,1,5
13429,37.0,13,6,4,13
13430,58.0,14,6,8,23
13431,54.0,15,6,8,21
13432,52.0,16,6,7,20
13433,56.0,17,6,8,22
13434,47.0,18,6,6,18
13435,36.0,19,6,4,12
13436,34.0,20,6,4,12
13437,45.0,21,6,6,17
13438,58.0,22,6,8,23
13439,30.0,23,6,3,10
13440,38.0,0,0,4,13
13441,23.0,1,0,1,7
13442,37.0,2,0,4,13
13443,57.0,3,0,8,22
13444,64.0,4,0,9,26
13445,46.0,5,0,6,17
13446,36.0,6,0,4,12
13447,61.0,7,0,9,24
13448,103.0,8,0,16,46
13449,55.0,9,0,8,21
13450,34.0,10,0,4,12
13451,44.0,11,0,6,16
13452,56.0,12,0,8,22
13453,70.0,13,0,11,29
13454,66.0,14,0,10,27
13455,78.0,15,0,12,33
13456,88.0,16,0,14,38
13457,106.0,17,0,17,48
13458,98.0,18,0,16,44
13459,118.0,19,0,19,55
13460,97.0,20,0,15,43
13461,114.0,21,0,18,53
13462,97.0,22,0,15,43
13463,106.0,23,0,17,48
13464,96.0,0,1,15,43
13465,103.0,1,1,16,46
13466,55.0,2,1,8,21
13467,67.0,3,1,10,27
13468,42.0,4,1,5,15
13469,55.0,5,1,8,21
13470,54.0,6,1,8,21
13471,45.0,7,1,6,17
13472,64.0,8,1,9,26
13473,40.0,9,1,5,14
13474,62.0,10,1,9,25
13475,78.0,11,1,12,33
13476,81.0,12,1,13,34
13477,80.0,13,1,12,34
13478,74.0,14,1,11,31
13479,69.0,15,1,10,28
13480,65.0,16,1,10,26
13481,48.0,17,1,6,18
13482,66.0,18,1,10,27
13483,60.0,19,1,9,24
13484,62.0,20,1,9,25
13485,97.0,21,1,15,43
13486,97.0,22,1,15,43
13487,62.0,23,1,9,25
13488,61.0,0,2,9,24
13489,69.0,1,2,10,28
13490,87.0,2,2,14,38
13491,44.0,3,2,6,16
13492,76.0,4,2,12,32
13493,63.0,5,2,9,25
13494,69.0,6,2,10,28
13495,117.0,7,2,19,54
13496,75.0,8,2,11,31
13497,75.0,9,2,11,31
13498,104.0,10,2,17,47
13499,98.0,11,2,16,44
13500,110.0,12,2,18,50
13501,119.0,13,2,19,56
13502,113.0,14,2,18,52
13503,100.0,15,2,16,45
13504,125.0,16,2,20,59
13505,135.0,17,2,22,65
13506,124.0,18,2,20,59
13507,122.0,19,2,20,57
13508,105.0,20,2,17,48
13509,144.0,21,2,23,71
13510,102.0,22,2,16,46
13511,146.0,23,2,24,72
13512,143.0,0,3,23,70
13513,150.0,1,3,24,75
13514,122.0,2,3,20,57
13515,87.0,3,3,14,38
13516,92.0,4,3,15,40
13517,86.0,5,3,13,37
13518,87.0,6,3,14,38
13519,102.0,7,3,16,46
13520,121.0,8,3,20,57
13521,93.0,9,3,15,41
13522,126.0,10,3,20,60
13523,96.0,11,3,15,43
13524,84.0,12,3,13,36
13525,58.0,13,3,8,23
13526,90.0,14,3,14,39
13527,105.0,15,3,17,48
13528,75.0,16,3,11,31
13529,80.0,17,3,12,34
13530,80.0,18,3,12,34
13531,82.0,19,3,13,35
13532,103.0,20,3,16,46
13533,136.0,21,3,22,66
13534,128.0,22,3,21,61
13535,113.0,23,3,18,52
13536,99.0,0,4,16,44
13537,118.0,1,4,19,55
13538,117.0,2,4,19,54
13539,106.0,3,4,17,48
13540,121.0,4,4,20,57
13541,119.0,5,4,19,56
13542,97.0,6,4,15,43
13543,139.0,7,4,23,68
13544,156.0,8,4,25,78
13545,105.0,9,4,17,48
13546,108.0,10,4,17,49
13547,98.0,11,4,16,44
13548,129.0,12,4,21,62
13549,134.0,13,4,22,65
13550,128.0,14,4,21,61
13551,98.0,15,4,16,44
13552,111.0,16,4,18,51
13553,96.0,17,4,15,43
13554,136.0,18,4,22,66
13555,119.0,19,4,19,56
13556,97.0,20,4,15,43
13557,110.0,21,4,18,50
13558,116.0,22,4,19,54
13559,98.0,23,4,16,44
13560,412.0,0,5,56,295
13561,410.0,1,5,56,293
13562,136.0,2,5,22,66
13563,107.0,3,5,17,49
13564,122.0,4,5,20,57
13565,110.0,5,5,18,50
13566,135.0,6,5,22,65
13567,133.0,7,5,22,64
13568,125.0,8,5,20,59
13569,111.0,9,5,18,51
13570,142.0,10,5,23,69
13571,124.0,11,5,20,59
13572,121.0,12,5,20,57
13573,105.0,13,5,17,48
13574,120.0,14,5,19,56
13575,113.0,15,5,18,52
13576,96.0,16,5,15,43
13577,129.0,17,5,21,62
13578,140.0,18,5,23,68
13579,127.0,19,5,21,60
13580,138.0,20,5,22,67
13581,133.0,21,5,22,64
13582,148.0,22,5,24,73
13583,143.0,23,5,23,70
13584,150.0,0,6,24,75
13585,118.0,1,6,19,55
13586,121.0,2,6,20,57
13587,119.0,3,6,19,56
13588,165.0,4,6,27,84
13589,161.0,5,6,26,82
13590,177.0,6,6,29,92
13591,175.0,7,6,28,91
13592,159.0,8,6,26,80
13593,161.0,9,6,26,82
13594,173.0,10,6,28,90
13595,206.0,11,6,33,113
13596,139.0,12,6,23,68
13597,154.0,13,6,25,77
13598,164.0,14,6,27,84
13599,155.0,15,6,25,78
13600,139.0,16,6,23,68
13601,144.0,17,6,23,71
13602,129.0,18,6,21,62
13603,147.0,19,6,24,73
13604,208.0,20,6,33,114
13605,153.0,21,6,25,76
13606,186.0,22,6,30,98
13607,198.0,23,6,32,107
13608,214.0,0,0,34,118
13609,253.0,1,0,39,148
13610,146.0,2,0,24,72
13611,168.0,3,0,27,86
13612,158.0,4,0,26,80
13613,193.0,5,0,31,103
13614,135.0,6,0,22,65
13615,158.0,7,0,26,80
13616,152.0,8,0,25,76
13617,139.0,9,0,23,68
13618,120.0,10,0,19,56
13619,165.0,11,0,27,84
13620,110.0,12,0,18,50
13621,121.0,13,0,20,57
13622,140.0,14,0,23,68
13623,171.0,15,0,28,88
13624,134.0,16,0,22,65
13625,129.0,17,0,21,62
13626,168.0,18,0,27,86
13627,166.0,19,0,27,85
13628,147.0,20,0,24,73
13629,164.0,21,0,27,84
13630,176.0,22,0,28,92
13631,180.0,23,0,29,94
13632,198.0,0,1,32,107
13633,171.0,1,1,28,88
13634,184.0,2,1,30,97
13635,147.0,3,1,24,73
13636,181.0,4,1,29,95
13637,136.0,5,1,22,66
13638,171.0,6,1,28,88
13639,152.0,7,1,25,76
13640,188.0,8,1,30,100
13641,219.0,9,1,35,122
13642,181.0,10,1,29,95
13643,188.0,11,1,30,100
13644,211.0,12,1,34,116
13645,198.0,13,1,32,107
13646,165.0,14,1,27,84
13647,109.0,15,1,18,50
13648,164.0,16,1,27,84
13649,164.0,17,1,27,84
13650,145.0,18,1,24,71
13651,153.0,19,1,25,76
13652,139.0,20,1,23,68
13653,152.0,21,1,25,76
13654,177.0,22,1,29,92
13655,140.0,23,1,23,68
13656,158.0,0,2,26,80
13657,149.0,1,2,24,74
13658,145.0,2,2,24,71
13659,132.0,3,2,21,63
13660,147.0,4,2,24,73
13661,154.0,5,2,25,77
13662,141.0,6,2,23,69
13663,84.0,7,2,13,36
13664,132.0,8,2,21,63
13665,128.0,9,2,21,61
13666,136.0,10,2,22,66
13667,177.0,11,2,29,92
13668,136.0,12,2,22,66
13669,127.0,13,2,21,60
13670,123.0,14,2,20,58
13671,121.0,15,2,20,57
13672,113.0,16,2,18,52
13673,102.0,17,2,16,46
13674,141.0,18,2,23,69
13675,155.0,19,2,25,78
13676,156.0,20,2,25,78
13677,118.0,21,2,19,55
13678,129.0,22,2,21,62
13679,86.0,23,2,13,37
13680,119.0,0,3,19,56
13681,167.0,1,3,27,86
13682,173.0,2,3,28,90
13683,130.0,3,3,21,62
13684,144.0,4,3,23,71
13685,124.0,5,3,20,59
13686,134.0,6,3,22,65
13687,173.0,7,3,28,90
13688,158.0,8,3,26,80
13689,158.0,9,3,26,80
13690,187.0,10,3,30,99
13691,164.0,11,3,27,84
13692,176.0,12,3,28,92
13693,186.0,13,3,30,98
13694,146.0,14,3,24,72
13695,197.0,15,3,32,106
13696,182.0,16,3,29,96
13697,183.0,17,3,30,96
13698,185.0,18,3,30,98
13699,193.0,19,3,31,103
13700,195.0,20,3,31,105
13701,155.0,21,3,25,78
13702,177.0,22,3,29,92
13703,178.0,23,3,29,93
13704,155.0,0,4,25,78
13705,143.0,1,4,23,70
13706,149.0,2,4,24,74
13707,170.0,3,4,28,88
13708,136.0,4,4,22,66
13709,206.0,5,4,33,113
13710,146.0,6,4,24,72
13712,189.0,8,4,30,101
13714,332.0,10,4,48,216
13715,119.0,11,4,19,56
13716,184.0,12,4,30,97
13717,163.0,13,4,26,83
13718,155.0,14,4,25,78
13719,150.0,15,4,24,75
13720,122.0,16,4,20,57
13721,128.0,17,4,21,61
13722,168.0,18,4,27,86
13723,158.0,19,4,26,80
13724,156.0,20,4,25,78
13725,160.0,21,4,26,81
13726,140.0,22,4,23,68
13727,151.0,23,4,25,75
13728,182.0,0,5,29,96
13729,170.0,1,5,28,88
13730,119.0,2,5,19,56
13731,156.0,3,5,25,78
13732,118.0,4,5,19,55
13733,102.0,5,5,16,46
13734,128.0,6,5,21,61
13735,118.0,7,5,19,55
13736,153.0,8,5,25,76
13737,127.0,9,5,21,60
13738,128.0,10,5,21,61
13739,142.0,11,5,23,69
13740,185.0,12,5,30,98
13741,119.0,13,5,19,56
13742,122.0,14,5,20,57
13743,144.0,15,5,23,71
13744,140.0,16,5,23,68
13745,168.0,17,5,27,86
13746,187.0,18,5,30,99
13747,154.0,19,5,25,77
13748,159.0,20,5,26,80
13749,165.0,21,5,27,84
13750,171.0,22,5,28,88
13751,160.0,23,5,26,81
13752,166.0,0,6,27,85
13753,196.0,1,6,31,105
13754,126.0,2,6,20,60
13755,155.0,3,6,25,78
13756,148.0,4,6,24,73
13757,108.0,5,6,17,49
13758,128.0,6,6,21,61
13759,141.0,7,6,23,69
13760,131.0,8,6,21,63
13761,112.0,9,6,18,52
13762,76.0,10,6,12,32
13763,172.0,11,6,28,89
13764,126.0,12,6,20,60
13765,183.0,13,6,30,96
13766,233.0,14,6,37,133
13767,236.0,15,6,37,135
13768,146.0,16,6,24,72
13769,135.0,17,6,22,65
13770,131.0,18,6,21,63
13771,121.0,19,6,20,57
13772,145.0,20,6,24,71
13773,153.0,21,6,25,76
13774,203.0,22,6,32,110
13775,128.0,23,6,21,61
13776,91.0,0,0,14,40
13777,93.0,1,0,15,41
13778,104.0,2,0,17,47
13779,173.0,3,0,28,90
13780,180.0,4,0,29,94
13781,151.0,5,0,25,75
13782,127.0,6,0,21,60
13783,141.0,7,0,23,69
13784,121.0,8,0,20,57
13785,107.0,9,0,17,49
13786,145.0,10,0,24,71
13787,177.0,11,0,29,92
13788,156.0,12,0,25,78
13789,136.0,13,0,22,66
13790,160.0,14,0,26,81
13791,143.0,15,0,23,70
13792,142.0,16,0,23,69
13793,130.0,17,0,21,62
13794,178.0,18,0,29,93
13795,127.0,19,0,21,60
13796,109.0,20,0,18,50
13797,130.0,21,0,21,62
13798,113.0,22,0,18,52
13799,112.0,23,0,18,52
13800,126.0,0,1,20,60
13801,169.0,1,1,27,87
13802,208.0,2,1,33,114
13803,178.0,3,1,29,93
13804,185.0,4,1,30,98
13805,140.0,5,1,23,68
13806,176.0,6,1,28,92
13807,202.0,7,1,32,110
13808,169.0,8,1,27,87
13809,153.0,9,1,25,76
13810,193.0,10,1,31,103
13811,188.0,11,1,30,100
13812,140.0,12,1,23,68
13813,152.0,13,1,25,76
13814,159.0,14,1,26,80
13815,161.0,15,1,26,82
13816,136.0,16,1,22,66
13817,120.0,17,1,19,56
13818,113.0,18,1,18,52
13819,92.0,19,1,15,40
13820,142.0,20,1,23,69
13821,161.0,21,1,26,82
13822,114.0,22,1,18,53
13823,143.0,23,1,23,70
13824,92.0,0,2,15,40
13825,92.0,1,2,15,40
13826,126.0,2,2,20,60
13827,122.0,3,2,20,57
13828,123.0,4,2,20,58
13829,101.0,5,2,16,45
13830,125.0,6,2,20,59
13831,146.0,7,2,24,72
13832,130.0,8,2,21,62
13833,110.0,9,2,18,50
13834,94.0,10,2,15,41
13835,129.0,11,2,21,62
13836,143.0,12,2,23,70
13837,143.0,13,2,23,70
13838,114.0,14,2,18,53
13839,107.0,15,2,17,49
13840,118.0,16,2,19,55
13841,120.0,17,2,19,56
13842,127.0,18,2,21,60
13843,91.0,19,2,14,40
13844,94.0,20,2,15,41
13845,100.0,21,2,16,45
13846,112.0,22,2,18,52
13847,154.0,23,2,25,77
13848,154.0,0,3,25,77
13849,111.0,1,3,18,51
13850,100.0,2,3,16,45
13851,104.0,3,3,17,47
13852,123.0,4,3,20,58
13853,131.0,5,3,21,63
13854,125.0,6,3,20,59
13855,114.0,7,3,18,53
13856,129.0,8,3,21,62
13857,143.0,9,3,23,70
13858,134.0,10,3,22,65
13859,132.0,11,3,21,63
13860,133.0,12,3,22,64
13861,116.0,13,3,19,54
13862,112.0,14,3,18,52
13863,112.0,15,3,18,52
13864,134.0,16,3,22,65
13865,150.0,17,3,24,75
13866,130.0,18,3,21,62
13867,134.0,19,3,22,65
13868,102.0,20,3,16,46
13869,132.0,21,3,21,63
13870,155.0,22,3,25,78
13871,136.0,23,3,22,66
13872,165.0,0,4,27,84
13873,119.0,1,4,19,56
13874,141.0,2,4,23,69
13875,128.0,3,4,21,61
13876,131.0,4,4,21,63
13877,173.0,5,4,28,90
13878,186.0,6,4,30,98
13879,168.0,7,4,27,86
13880,159.0,8,4,26,80
13881,154.0,9,4,25,77
13882,184.0,10,4,30,97
13883,160.0,11,4,26,81
13884,155.0,12,4,25,78
13885,189.0,13,4,30,101
13886,156.0,14,4,25,78
13887,141.0,15,4,23,69
13888,186.0,16,4,30,98
13889,163.0,17,4,26,83
13890,183.0,18,4,30,96
13891,164.0,19,4,27,84
13892,208.0,20,4,33,114
13893,147.0,21,4,24,73
13894,176.0,22,4,28,92
13895,171.0,23,4,28,88
13896,155.0,0,5,25,78
13897,167.0,1,5,27,86
13898,154.0,2,5,25,77
13899,159.0,3,5,26,80
13900,139.0,4,5,23,68
13901,104.0,5,5,17,47
13902,89.0,6,5,14,39
13903,130.0,7,5,21,62
13904,146.0,8,5,24,72
13905,191.0,9,5,31,102
13906,227.0,10,5,36,128
13907,181.0,11,5,29,95
13908,145.0,12,5,24,71
13909,163.0,13,5,26,83
13910,216.0,14,5,34,120
13911,176.0,15,5,28,92
13912,201.0,16,5,32,109
13913,207.0,17,5,33,113
13914,208.0,18,5,33,114
13915,258.0,19,5,40,152
13916,192.0,20,5,31,103
13917,187.0,21,5,30,99
13918,173.0,22,5,28,90
13919,181.0,23,5,29,95
13920,197.0,0,6,32,106
13921,178.0,1,6,29,93
13922,203.0,2,6,32,110
13923,180.0,3,6,29,94
13924,213.0,4,6,34,118
13925,223.0,5,6,35,125
13926,225.0,6,6,36,127
13927,178.0,7,6,29,93
13928,191.0,8,6,31,102
13929,165.0,9,6,27,84
13930,154.0,10,6,25,77
13931,131.0,11,6,21,63
13932,186.0,12,6,30,98
13933,185.0,13,6,30,98
13934,163.0,14,6,26,83
13935,183.0,15,6,30,96
13936,187.0,16,6,30,99
13937,197.0,17,6,32,106
13938,141.0,18,6,23,69
13939,194.0,19,6,31,104
13940,204.0,20,6,33,111
13941,166.0,21,6,27,85
13942,123.0,22,6,20,58
13943,159.0,23,6,26,80
13944,132.0,0,0,21,63
13945,155.0,1,0,25,78
13946,209.0,2,0,33,115
13947,154.0,3,0,25,77
13948,168.0,4,0,27,86
13949,156.0,5,0,25,78
13950,132.0,6,0,21,63
13951,183.0,7,0,30,96
13952,128.0,8,0,21,61
13953,171.0,9,0,28,88
13954,127.0,10,0,21,60
13955,135.0,11,0,22,65
13956,156.0,12,0,25,78
13957,121.0,13,0,20,57
13958,143.0,14,0,23,70
13959,150.0,15,0,24,75
13960,91.0,16,0,14,40
13961,135.0,17,0,22,65
13962,158.0,18,0,26,80
13963,151.0,19,0,25,75
13964,176.0,20,0,28,92
13965,168.0,21,0,27,86
13966,136.0,22,0,22,66
13967,135.0,23,0,22,65
13968,149.0,0,1,24,74
13969,118.0,1,1,19,55
13970,140.0,2,1,23,68
13971,119.0,3,1,19,56
13972,133.0,4,1,22,64
13973,181.0,5,1,29,95
13974,195.0,6,1,31,105
13975,135.0,7,1,22,65
13976,165.0,8,1,27,84
13977,178.0,9,1,29,93
13978,152.0,10,1,25,76
13979,182.0,11,1,29,96
13980,158.0,12,1,26,80
13981,155.0,13,1,25,78
13982,128.0,14,1,21,61
13983,145.0,15,1,24,71
13984,154.0,16,1,25,77
13985,122.0,17,1,20,57
13986,110.0,18,1,18,50
13987,142.0,19,1,23,69
13988,145.0,20,1,24,71
13989,158.0,21,1,26,80
13990,133.0,22,1,22,64
13991,83.0,23,1,13,36
13992,151.0,0,2,25,75
13993,171.0,1,2,28,88
13994,178.0,2,2,29,93
13995,164.0,3,2,27,84
13996,150.0,4,2,24,75
13997,123.0,5,2,20,58
13998,129.0,6,2,21,62
13999,139.0,7,2,23,68
14000,148.0,8,2,24,73
14001,123.0,9,2,20,58
14002,114.0,10,2,18,53
14003,141.0,11,2,23,69
14004,169.0,12,2,27,87
14005,147.0,13,2,24,73
14006,219.0,14,2,35,122
14008,173.0,16,2,28,90
14009,186.0,17,2,30,98
14010,176.0,18,2,28,92
14011,218.0,19,2,35,121
14012,175.0,20,2,28,91
14013,129.0,21,2,21,62
14014,190.0,22,2,31,101
14015,164.0,23,2,27,84
14016,141.0,0,3,23,69
14017,182.0,1,3,29,96
14018,175.0,2,3,28,91
14019,160.0,3,3,26,81
14020,170.0,4,3,28,88
14021,155.0,5,3,25,78
14022,164.0,6,3,27,84
14023,154.0,7,3,25,77
14024,141.0,8,3,23,69
14025,165.0,9,3,27,84
14026,156.0,10,3,25,78
14027,216.0,11,3,34,120
14028,176.0,12,3,28,92
14029,164.0,13,3,27,84
14030,119.0,14,3,19,56
14031,130.0,15,3,21,62
14032,116.0,16,3,19,54
14033,143.0,17,3,23,70
14034,155.0,18,3,25,78
14035,154.0,19,3,25,77
14036,200.0,20,3,32,108
14037,144.0,21,3,23,71
14038,100.0,22,3,16,45
14039,102.0,23,3,16,46
14040,113.0,0,4,18,52
14041,93.0,1,4,15,41
14042,96.0,2,4,15,43
14043,114.0,3,4,18,53
14044,134.0,4,4,22,65
14045,146.0,5,4,24,72
14046,114.0,6,4,18,53
14047,140.0,7,4,23,68
14048,155.0,8,4,25,78
14049,165.0,9,4,27,84
14050,160.0,10,4,26,81
14051,152.0,11,4,25,76
14052,152.0,12,4,25,76
14053,178.0,13,4,29,93
14054,182.0,14,4,29,96
14055,186.0,15,4,30,98
14056,200.0,16,4,32,108
14057,186.0,17,4,30,98
14058,192.0,18,4,31,103
14059,247.0,19,4,39,144
14060,214.0,20,4,34,118
14061,151.0,21,4,25,75
14062,164.0,22,4,27,84
14063,164.0,23,4,27,84
14064,202.0,0,5,32,110
14065,151.0,1,5,25,75
14066,216.0,2,5,34,120
14067,167.0,3,5,27,86
14068,171.0,4,5,28,88
14069,127.0,5,5,21,60
14070,123.0,6,5,20,58
14071,147.0,7,5,24,73
14072,132.0,8,5,21,63
14073,97.0,9,5,15,43
14074,117.0,10,5,19,54
14075,127.0,11,5,21,60
14076,127.0,12,5,21,60
14077,151.0,13,5,25,75
14078,144.0,14,5,23,71
14079,162.0,15,5,26,82
14080,109.0,16,5,18,50
14081,134.0,17,5,22,65
14082,106.0,18,5,17,48
14083,142.0,19,5,23,69
14084,132.0,20,5,21,63
14085,126.0,21,5,20,60
14086,110.0,22,5,18,50
14087,147.0,23,5,24,73
14088,113.0,0,6,18,52
14089,143.0,1,6,23,70
14090,145.0,2,6,24,71
14092,155.0,4,6,25,78
14093,143.0,5,6,23,70
14095,148.0,7,6,24,73
14096,118.0,8,6,19,55
14097,167.0,9,6,27,86
14098,164.0,10,6,27,84
14099,133.0,11,6,22,64
14100,127.0,12,6,21,60
14101,149.0,13,6,24,74
14102,182.0,14,6,29,96
14103,201.0,15,6,32,109
14104,174.0,16,6,28,90
14105,171.0,17,6,28,88
14106,149.0,18,6,24,74
14107,159.0,19,6,26,80
14108,134.0,20,6,22,65
14109,168.0,21,6,27,86
14110,122.0,22,6,20,57
14111,195.0,23,6,31,105
14112,170.0,0,0,28,88
14113,172.0,1,0,28,89
14114,182.0,2,0,29,96
14115,170.0,3,0,28,88
14116,145.0,4,0,24,71
14117,177.0,5,0,29,92
14118,135.0,6,0,22,65
14119,134.0,7,0,22,65
14120,154.0,8,0,25,77
14121,175.0,9,0,28,91
14122,153.0,10,0,25,76
14123,164.0,11,0,27,84
14124,141.0,12,0,23,69
14125,138.0,13,0,22,67
14126,151.0,14,0,25,75
14127,167.0,15,0,27,86
14128,156.0,16,0,25,78
14129,130.0,17,0,21,62
14130,163.0,18,0,26,83
14131,136.0,19,0,22,66
14132,145.0,20,0,24,71
14133,135.0,21,0,22,65
14134,170.0,22,0,28,88
14135,154.0,23,0,25,77
14136,146.0,0,1,24,72
14137,122.0,1,1,20,57
14138,148.0,2,1,24,73
14139,154.0,3,1,25,77
14140,132.0,4,1,21,63
14141,130.0,5,1,21,62
14142,149.0,6,1,24,74
14143,155.0,7,1,25,78
14144,100.0,8,1,16,45
14145,162.0,9,1,26,82
14146,167.0,10,1,27,86
14147,129.0,11,1,21,62
14148,206.0,12,1,33,113
14149,205.0,13,1,33,112
14150,145.0,14,1,24,71
14151,191.0,15,1,31,102
14152,161.0,16,1,26,82
14153,143.0,17,1,23,70
14154,154.0,18,1,25,77
14155,161.0,19,1,26,82
14156,155.0,20,1,25,78
14157,113.0,21,1,18,52
14158,158.0,22,1,26,80
14159,141.0,23,1,23,69
14160,142.0,0,2,23,69
14161,170.0,1,2,28,88
14162,163.0,2,2,26,83
14163,173.0,3,2,28,90
14164,200.0,4,2,32,108
14165,151.0,5,2,25,75
14166,173.0,6,2,28,90
14167,177.0,7,2,29,92
14168,191.0,8,2,31,102
14169,188.0,9,2,30,100
14170,171.0,10,2,28,88
14171,173.0,11,2,28,90
14172,159.0,12,2,26,80
14173,178.0,13,2,29,93
14174,187.0,14,2,30,99
14175,152.0,15,2,25,76
14176,197.0,16,2,32,106
14177,184.0,17,2,30,97
14178,268.0,18,2,41,161
14179,252.0,19,2,39,148
14180,264.0,20,2,41,157
14181,205.0,21,2,33,112
14182,217.0,22,2,34,121
14183,225.0,23,2,36,127
14184,209.0,0,3,33,115
14185,208.0,1,3,33,114
14186,189.0,2,3,30,101
14187,189.0,3,3,30,101
14188,192.0,4,3,31,103
14189,202.0,5,3,32,110
14190,169.0,6,3,27,87
14191,230.0,7,3,36,130
14192,166.0,8,3,27,85
14193,173.0,9,3,28,90
14194,234.0,10,3,37,133
14195,173.0,11,3,28,90
14196,152.0,12,3,25,76
14197,147.0,13,3,24,73
14198,151.0,14,3,25,75
14199,161.0,15,3,26,82
14200,201.0,16,3,32,109
14201,172.0,17,3,28,89
14202,197.0,18,3,32,106
14203,250.0,19,3,39,146
14204,210.0,20,3,33,115
14205,255.0,21,3,40,150
14206,205.0,22,3,33,112
14207,209.0,23,3,33,115
14208,232.0,0,4,37,132
14209,185.0,1,4,30,98
14210,187.0,2,4,30,99
14211,184.0,3,4,30,97
14212,171.0,4,4,28,88
14213,161.0,5,4,26,82
14214,178.0,6,4,29,93
14215,172.0,7,4,28,89
14216,204.0,8,4,33,111
14217,165.0,9,4,27,84
14218,135.0,10,4,22,65
14219,164.0,11,4,27,84
14220,192.0,12,4,31,103
14221,193.0,13,4,31,103
14222,201.0,14,4,32,109
14223,209.0,15,4,33,115
14224,220.0,16,4,35,123
14225,191.0,17,4,31,102
14226,207.0,18,4,33,113
14227,219.0,19,4,35,122
14228,165.0,20,4,27,84
14229,201.0,21,4,32,109
14230,213.0,22,4,34,118
14231,196.0,23,4,31,105
14232,208.0,0,5,33,114
14233,237.0,1,5,37,136
14234,204.0,2,5,33,111
14235,214.0,3,5,34,118
14236,264.0,4,5,41,157
14237,218.0,5,5,35,121
14238,213.0,6,5,34,118
14239,153.0,7,5,25,76
14240,204.0,8,5,33,111
14241,206.0,9,5,33,113
14242,158.0,10,5,26,80
14243,173.0,11,5,28,90
14244,168.0,12,5,27,86
14245,144.0,13,5,23,71
14246,189.0,14,5,30,101
14247,203.0,15,5,32,110
14248,181.0,16,5,29,95
14249,214.0,17,5,34,118
14250,155.0,18,5,25,78
14251,184.0,19,5,30,97
14252,204.0,20,5,33,111
14253,187.0,21,5,30,99
14254,207.0,22,5,33,113
14255,194.0,23,5,31,104
14256,173.0,0,6,28,90
14257,189.0,1,6,30,101
14258,173.0,2,6,28,90
14259,214.0,3,6,34,118
14260,170.0,4,6,28,88
14261,217.0,5,6,34,121
14262,202.0,6,6,32,110
14263,192.0,7,6,31,103
14264,209.0,8,6,33,115
14265,206.0,9,6,33,113
14266,219.0,10,6,35,122
14267,144.0,11,6,23,71
14268,161.0,12,6,26,82
14269,213.0,13,6,34,118
14270,159.0,14,6,26,80
14271,164.0,15,6,27,84
14272,158.0,16,6,26,80
14273,163.0,17,6,26,83
14274,146.0,18,6,24,72
14275,133.0,19,6,22,64
14276,190.0,20,6,31,101
14277,201.0,21,6,32,109
14278,181.0,22,6,29,95
14279,159.0,23,6,26,80
14280,248.0,0,0,39,144
14281,205.0,1,0,33,112
14282,215.0,2,0,34,119
14283,164.0,3,0,27,84
14284,204.0,4,0,33,111
14285,193.0,5,0,31,103
14286,150.0,6,0,24,75
14287,188.0,7,0,30,100
14288,178.0,8,0,29,93
14289,215.0,9,0,34,119
14290,196.0,10,0,31,105
14291,177.0,11,0,29,92
14292,242.0,12,0,38,140
14293,223.0,13,0,35,125
14294,205.0,14,0,33,112
14295,181.0,15,0,29,95
14296,206.0,16,0,33,113
14297,213.0,17,0,34,118
14298,168.0,18,0,27,86
14299,200.0,19,0,32,108
14300,213.0,20,0,34,118
14301,206.0,21,0,33,113
14302,222.0,22,0,35,124
14303,144.0,23,0,23,71
14304,205.0,0,1,33,112
14305,208.0,1,1,33,114
14306,211.0,2,1,34,116
14307,219.0,3,1,35,122
14308,133.0,4,1,22,64
14309,168.0,5,1,27,86
14310,210.0,6,1,33,115
14311,173.0,7,1,28,90
14312,190.0,8,1,31,101
14313,148.0,9,1,24,73
14314,158.0,10,1,26,80
14315,147.0,11,1,24,73
14316,176.0,12,1,28,92
14317,164.0,13,1,27,84
14318,188.0,14,1,30,100
14319,193.0,15,1,31,103
14320,171.0,16,1,28,88
14321,147.0,17,1,24,73
14322,182.0,18,1,29,96
14323,213.0,19,1,34,118
14324,184.0,20,1,30,97
14325,168.0,21,1,27,86
14326,160.0,22,1,26,81
14327,158.0,23,1,26,80
14328,163.0,0,2,26,83
14329,156.0,1,2,25,78
14330,159.0,2,2,26,80
14331,156.0,3,2,25,78
14332,188.0,4,2,30,100
14333,148.0,5,2,24,73
14334,151.0,6,2,25,75
14335,146.0,7,2,24,72
14336,117.0,8,2,19,54
14337,161.0,9,2,26,82
14338,151.0,10,2,25,75
14339,128.0,11,2,21,61
14340,116.0,12,2,19,54
14341,131.0,13,2,21,63
14342,159.0,14,2,26,80
14343,174.0,15,2,28,90
14344,204.0,16,2,33,111
14345,172.0,17,2,28,89
14346,150.0,18,2,24,75
14347,162.0,19,2,26,82
14348,148.0,20,2,24,73
14349,181.0,21,2,29,95
14350,159.0,22,2,26,80
14351,164.0,23,2,27,84
14352,146.0,0,3,24,72
14353,156.0,1,3,25,78
14354,123.0,2,3,20,58
14355,133.0,3,3,22,64
14356,136.0,4,3,22,66
14357,125.0,5,3,20,59
14358,170.0,6,3,28,88
14359,147.0,7,3,24,73
14360,140.0,8,3,23,68
14361,117.0,9,3,19,54
14362,128.0,10,3,21,61
14363,152.0,11,3,25,76
14364,160.0,12,3,26,81
14365,121.0,13,3,20,57
14366,145.0,14,3,24,71
14367,153.0,15,3,25,76
14368,154.0,16,3,25,77
14369,167.0,17,3,27,86
14370,187.0,18,3,30,99
14371,217.0,19,3,34,121
14372,171.0,20,3,28,88
14373,187.0,21,3,30,99
14374,201.0,22,3,32,109
14375,180.0,23,3,29,94
14376,215.0,0,4,34,119
14377,191.0,1,4,31,102
14378,147.0,2,4,24,73
14379,141.0,3,4,23,69
14380,148.0,4,4,24,73
14381,129.0,5,4,21,62
14382,134.0,6,4,22,65
14383,112.0,7,4,18,52
14384,129.0,8,4,21,62
14385,141.0,9,4,23,69
14386,149.0,10,4,24,74
14387,112.0,11,4,18,52
14388,118.0,12,4,19,55
14389,107.0,13,4,17,49
14390,108.0,14,4,17,49
14391,114.0,15,4,18,53
14392,127.0,16,4,21,60
14393,104.0,17,4,17,47
14394,97.0,18,4,15,43
14395,180.0,19,4,29,94
14396,125.0,20,4,20,59
14397,99.0,21,4,16,44
14398,139.0,22,4,23,68
14399,127.0,23,4,21,60
14400,135.0,0,5,22,65
14401,76.0,1,5,12,32
14402,128.0,2,5,21,61
14403,131.0,3,5,21,63
14404,128.0,4,5,21,61
14405,106.0,5,5,17,48
14406,134.0,6,5,22,65
14407,121.0,7,5,20,57
14408,116.0,8,5,19,54
14409,133.0,9,5,22,64
14410,123.0,10,5,20,58
14411,94.0,11,5,15,41
14412,89.0,12,5,14,39
14413,107.0,13,5,17,49
14414,88.0,14,5,14,38
14415,107.0,15,5,17,49
14416,148.0,16,5,24,73
14417,87.0,17,5,14,38
14418,102.0,18,5,16,46
14419,128.0,19,5,21,61
14420,120.0,20,5,19,56
14421,76.0,21,5,12,32
14422,128.0,22,5,21,61
14423,111.0,23,5,18,51
14424,104.0,0,6,17,47
14425,152.0,1,6,25,76
14426,142.0,2,6,23,69
14427,90.0,3,6,14,39
14428,124.0,4,6,20,59
14429,110.0,5,6,18,50
14430,111.0,6,6,18,51
14431,124.0,7,6,20,59
14432,105.0,8,6,17,48
14433,88.0,9,6,14,38
14434,81.0,10,6,13,34
14435,87.0,11,6,14,38
14436,113.0,12,6,18,52
14437,105.0,13,6,17,48
14438,110.0,14,6,18,50
14439,113.0,15,6,18,52
14440,114.0,16,6,18,53
14441,100.0,17,6,16,45
14442,104.0,18,6,17,47
14443,128.0,19,6,21,61
14444,76.0,20,6,12,32
14445,90.0,21,6,14,39
14446,70.0,22,6,11,29
14447,100.0,23,6,16,45
14448,117.0,0,0,19,54
14449,91.0,1,0,14,40
14450,84.0,2,0,13,36
14451,114.0,3,0,18,53
14452,86.0,4,0,13,37
14453,121.0,5,0,20,57
14454,83.0,6,0,13,36
14455,83.0,7,0,13,36
14456,97.0,8,0,15,43
14457,83.0,9,0,13,36
14458,77.0,10,0,12,32
14459,55.0,11,0,8,21
14460,81.0,12,0,13,34
14461,136.0,13,0,22,66
14462,85.0,14,0,13,37
14463,85.0,15,0,13,37
14464,77.0,16,0,12,32
14465,111.0,17,0,18,51
14466,80.0,18,0,12,34
14467,103.0,19,0,16,46
14468,89.0,20,0,14,39
14469,135.0,21,0,22,65
14470,111.0,22,0,18,51
14471,112.0,23,0,18,52
14472,103.0,0,1,16,46
14473,116.0,1,1,19,54
14474,93.0,2,1,15,41
14475,85.0,3,1,13,37
14476,84.0,4,1,13,36
14477,93.0,5,1,15,41
14478,70.0,6,1,11,29
14479,89.0,7,1,14,39
14480,71.0,8,1,11,29
14481,66.0,9,1,10,27
14482,83.0,10,1,13,36
14483,135.0,11,1,22,65
14484,113.0,12,1,18,52
14485,85.0,13,1,13,37
14486,93.0,14,1,15,41
14487,109.0,15,1,18,50
14488,106.0,16,1,17,48
14489,101.0,17,1,16,45
14490,91.0,18,1,14,40
14491,70.0,19,1,11,29
14492,55.0,20,1,8,21
14493,94.0,21,1,15,41
14494,72.0,22,1,11,30
14495,100.0,23,1,16,45
14496,49.0,0,2,7,18
14497,38.0,1,2,4,13
14498,81.0,2,2,13,34
14499,64.0,3,2,9,26
14500,76.0,4,2,12,32
14501,87.0,5,2,14,38
14502,113.0,6,2,18,52
14503,42.0,7,2,5,15
14504,48.0,8,2,6,18
14505,58.0,9,2,8,23
14506,44.0,10,2,6,16
14507,57.0,11,2,8,22
14508,47.0,12,2,6,18
14509,45.0,13,2,6,17
14510,67.0,14,2,10,27
14511,43.0,15,2,5,16
14512,42.0,16,2,5,15
14513,76.0,17,2,12,32
14514,46.0,18,2,6,17
14515,34.0,19,2,4,12
14516,37.0,20,2,4,13
14517,56.0,21,2,8,22
14518,54.0,22,2,8,21
14519,40.0,23,2,5,14
14520,37.0,0,3,4,13
14521,36.0,1,3,4,12
14522,37.0,2,3,4,13
14523,41.0,3,3,5,15
14524,120.0,4,3,19,56
14525,46.0,5,3,6,17
14526,44.0,6,3,6,16
14527,28.0,7,3,2,9
14528,44.0,8,3,6,16
14529,59.0,9,3,8,23
14530,46.0,10,3,6,17
14531,41.0,11,3,5,15
14532,34.0,12,3,4,12
14533,35.0,13,3,4,12
14534,34.0,14,3,4,12
14535,28.0,15,3,2,9
14536,35.0,16,3,4,12
14537,46.0,17,3,6,17
14538,19.0,18,3,1,5
14539,30.0,19,3,3,10
14540,24.0,20,3,2,7
14541,22.0,21,3,1,6
14542,28.0,22,3,2,9
14543,43.0,23,3,5,16
14544,22.0,0,4,1,6
14545,22.0,1,4,1,6
14546,28.0,2,4,2,9
14547,24.0,3,4,2,7
14548,21.0,4,4,1,6
14549,27.0,5,4,2,8
14550,29.0,6,4,3,9
14551,21.0,7,4,1,6
14552,26.0,8,4,2,8
14553,56.0,9,4,8,22
14554,36.0,10,4,4,12
14555,24.0,11,4,2,7
14556,18.0,12,4,1,5
14557,16.0,13,4,1,4
14558,26.0,14,4,2,8
14559,39.0,15,4,5,14
14560,12.0,16,4,1,2
14561,20.0,17,4,1,5
14562,23.0,18,4,1,7
14563,32.0,19,4,3,11
14564,16.0,20,4,1,4
14565,30.0,21,4,3,10
14566,27.0,22,4,2,8
14567,18.0,23,4,1,5
14568,38.0,0,5,4,13
14569,30.0,1,5,3,10
14570,24.0,2,5,2,7
14571,24.0,3,5,2,7
14572,25.0,4,5,2,8
14573,49.0,5,5,7,18
14574,35.0,6,5,4,12
14575,21.0,7,5,1,6
14576,27.0,8,5,2,8
14577,23.0,9,5,1,7
14578,29.0,10,5,3,9
14579,12.0,11,5,1,2
14580,16.0,12,5,1,4
14581,39.0,13,5,5,14
14582,32.0,14,5,3,11
14583,16.0,15,5,1,4
14584,22.0,16,5,1,6
14585,22.0,17,5,1,6
14586,23.0,18,5,1,7
14587,28.0,19,5,2,9
14588,22.0,20,5,1,6
14589,10.0,21,5,1,1
14590,27.0,22,5,2,8
14591,6.0,23,5,1,1
14592,12.0,0,6,1,2
14593,21.0,1,6,1,6
14594,19.0,2,6,1,5
14595,33.0,3,6,3,11
14596,23.0,4,6,1,7
14597,21.0,5,6,1,6
14598,16.0,6,6,1,4
14599,14.0,7,6,1,3
14600,6.0,8,6,1,1
14601,19.0,9,6,1,5
14602,20.0,10,6,1,5
14603,20.0,11,6,1,5
14604,32.0,12,6,3,11
14605,21.0,13,6,1,6
14606,26.0,14,6,2,8
14607,23.0,15,6,1,7
14608,32.0,16,6,3,11
14609,34.0,17,6,4,12
14610,33.0,18,6,3,11
14611,46.0,19,6,6,17
14612,41.0,20,6,5,15
14613,42.0,21,6,5,15
14614,27.0,22,6,2,8
14615,50.0,23,6,7,19
14616,70.0,0,0,11,29
14617,32.0,1,0,3,11
14618,23.0,2,0,1,7
14619,35.0,3,0,4,12
14620,23.0,4,0,1,7
14621,13.0,5,0,1,2
14622,14.0,6,0,1,3
14623,28.0,7,0,2,9
14624,18.0,8,0,1,5
14625,16.0,9,0,1,4
14626,30.0,10,0,3,10
14627,32.0,11,0,3,11
14628,18.0,12,0,1,5
14629,28.0,13,0,2,9
14630,17.0,14,0,1,4
14631,14.0,15,0,1,3
14632,25.0,16,0,2,8
14633,9.0,17,0,1,1
14634,23.0,18,0,1,7
14635,18.0,19,0,1,5
14636,13.0,20,0,1,2
14637,13.0,21,0,1,2
14638,20.0,22,0,1,5
14639,20.0,23,0,1,5
14640,19.0,0,1,1,5
14641,17.0,1,1,1,4
14642,21.0,2,1,1,6
14643,20.0,3,1,1,5
14644,12.0,4,1,1,2
14645,35.0,5,1,4,12
14646,27.0,6,1,2,8
14647,19.0,7,1,1,5
14648,10.0,8,1,1,1
14649,12.0,9,1,1,2
14650,16.0,10,1,1,4
14651,9.0,11,1,1,1
14652,12.0,12,1,1,2
14653,13.0,13,1,1,2
14654,3.0,14,1,1,1
14655,14.0,15,1,1,3
14656,7.0,16,1,1,1
14657,8.0,17,1,1,1
14658,13.0,18,1,1,2
14659,9.0,19,1,1,1
14660,13.0,20,1,1,2
14661,14.0,21,1,1,3
14662,12.0,22,1,1,2
14663,9.0,23,1,1,1
14664,7.0,0,2,1,1
14665,13.0,1,2,1,2
14666,18.0,2,2,1,5
14667,19.0,3,2,1,5
14668,9.0,4,2,1,1
14669,17.0,5,2,1,4
14670,13.0,6,2,1,2
14671,9.0,7,2,1,1
14672,19.0,8,2,1,5
14673,14.0,9,2,1,3
14674,15.0,10,2,1,3
14675,14.0,11,2,1,3
14676,4.0,12,2,1,1
14677,9.0,13,2,1,1
14678,12.0,14,2,1,2
14679,10.0,15,2,1,1
14680,6.0,16,2,1,1
14681,13.0,17,2,1,2
14682,7.0,18,2,1,1
14683,6.0,19,2,1,1
14684,17.0,20,2,1,4
14685,1.0,21,2,1,1
14686,3.0,22,2,1,1
14687,7.0,23,2,1,1
14688,15.0,0,3,1,3
14689,7.0,1,3,1,1
14690,13.0,2,3,1,2
14691,5.0,3,3,1,1
14692,8.0,4,3,1,1
14693,10.0,5,3,1,1
14694,5.0,6,3,1,1
14695,9.0,7,3,1,1
14696,5.0,8,3,1,1
14697,6.0,9,3,1,1
14698,18.0,10,3,1,5
14699,4.0,11,3,1,1
14700,10.0,12,3,1,1
14701,16.0,13,3,1,4
14702,15.0,14,3,1,3
14703,10.0,15,3,1,1
14704,10.0,16,3,1,1
14705,6.0,17,3,1,1
14706,13.0,18,3,1,2
14707,14.0,19,3,1,3
14708,10.0,20,3,1,1
14709,3.0,21,3,1,1
14710,6.0,22,3,1,1
14711,7.0,23,3,1,1
14712,8.0,0,4,1,1
14713,8.0,1,4,1,1
14714,12.0,2,4,1,2
14715,12.0,3,4,1,2
14716,22.0,4,4,1,6
14717,26.0,5,4,2,8
14718,13.0,6,4,1,2
14719,15.0,7,4,1,3
14720,9.0,8,4,1,1
14721,12.0,9,4,1,2
14722,14.0,10,4,1,3
14723,13.0,11,4,1,2
14724,14.0,12,4,1,3
14725,7.0,13,4,1,1
14726,8.0,14,4,1,1
14727,13.0,15,4,1,2
14728,10.0,16,4,1,1
14729,17.0,17,4,1,4
14730,12.0,18,4,1,2
14731,16.0,19,4,1,4
14732,23.0,20,4,1,7
14733,12.0,21,4,1,2
14734,12.0,22,4,1,2
14735,2.0,23,4,1,1
14736,8.0,0,5,1,1
14737,26.0,1,5,2,8
14738,27.0,2,5,2,8
14739,54.0,3,5,8,21
14740,41.0,4,5,5,15
14741,12.0,5,5,1,2
14742,16.0,6,5,1,4
14743,4.0,7,5,1,1
14744,7.0,8,5,1,1
14745,39.0,9,5,5,14
14746,35.0,10,5,4,12
14747,38.0,11,5,4,13
14748,14.0,12,5,1,3
14749,14.0,13,5,1,3
14750,23.0,14,5,1,7
14751,4.0,15,5,1,1
14752,4.0,16,5,1,1
14753,9.0,17,5,1,1
14754,9.0,18,5,1,1
14755,7.0,19,5,1,1
14756,12.0,20,5,1,2
14757,12.0,21,5,1,2
14758,3.0,22,5,1,1
14759,6.0,23,5,1,1
14760,28.0,0,6,2,9
14761,42.0,1,6,5,15
14762,50.0,2,6,7,19
14763,24.0,3,6,2,7
14764,6.0,4,6,1,1
14765,4.0,5,6,1,1
14766,3.0,6,6,1,1
14767,6.0,7,6,1,1
14768,6.0,8,6,1,1
14769,26.0,9,6,2,8
14770,17.0,10,6,1,4
14771,16.0,11,6,1,4
14772,10.0,12,6,1,1
14773,4.0,13,6,1,1
14774,50.0,14,6,7,19
14775,48.0,15,6,6,18
14776,54.0,16,6,8,21
14777,55.0,17,6,8,21
14778,51.0,18,6,7,19
14779,41.0,19,6,5,15
14780,28.0,20,6,2,9
14781,38.0,21,6,4,13
14782,42.0,22,6,5,15
14783,49.0,23,6,7,18
14784,27.0,0,0,2,8
14785,39.0,1,0,5,14
14786,35.0,2,0,4,12
14787,17.0,3,0,1,4
14788,17.0,4,0,1,4
14789,48.0,5,0,6,18
14790,42.0,6,0,5,15
14791,8.0,7,0,1,1
14792,10.0,8,0,1,1
14793,13.0,9,0,1,2
14794,10.0,10,0,1,1
14795,9.0,11,0,1,1
14796,18.0,12,0,1,5
14797,18.0,13,0,1,5
14798,7.0,14,0,1,1
14799,14.0,15,0,1,3
14800,18.0,16,0,1,5
14801,4.0,17,0,1,1
14802,21.0,18,0,1,6
14803,13.0,19,0,1,2
14804,5.0,20,0,1,1
14805,9.0,21,0,1,1
14806,10.0,22,0,1,1
14807,5.0,23,0,1,1
14808,5.0,0,1,1,1
14809,13.0,1,1,1,2
14810,17.0,2,1,1,4
14811,33.0,3,1,3,11
14812,37.0,4,1,4,13
14813,17.0,5,1,1,4
14814,29.0,6,1,3,9
14815,40.0,7,1,5,14
14816,18.0,8,1,1,5
14817,19.0,9,1,1,5
14818,12.0,10,1,1,2
14819,21.0,11,1,1,6
14820,12.0,12,1,1,2
14821,25.0,13,1,2,8
14822,10.0,14,1,1,1
14823,17.0,15,1,1,4
14824,19.0,16,1,1,5
14825,26.0,17,1,2,8
14826,33.0,18,1,3,11
14827,15.0,19,1,1,3
14828,9.0,20,1,1,1
14829,36.0,21,1,4,12
14830,27.0,22,1,2,8
14831,33.0,23,1,3,11
14832,21.0,0,2,1,6
14833,18.0,1,2,1,5
14834,25.0,2,2,2,8
14835,24.0,3,2,2,7
14836,15.0,4,2,1,3
14837,15.0,5,2,1,3
14838,16.0,6,2,1,4
14839,24.0,7,2,2,7
14840,15.0,8,2,1,3
14841,19.0,9,2,1,5
14842,28.0,10,2,2,9
14843,15.0,11,2,1,3
14844,44.0,12,2,6,16
14845,24.0,13,2,2,7
14846,27.0,14,2,2,8
14847,29.0,15,2,3,9
14848,23.0,16,2,1,7
14849,27.0,17,2,2,8
14850,34.0,18,2,4,12
14851,17.0,19,2,1,4
14852,39.0,20,2,5,14
14853,66.0,21,2,10,27
14854,75.0,22,2,11,31
14855,80.0,23,2,12,34
14856,64.0,0,3,9,26
14857,66.0,1,3,10,27
14858,49.0,2,3,7,18
14859,59.0,3,3,8,23
14860,82.0,4,3,13,35
14861,86.0,5,3,13,37
14862,67.0,6,3,10,27
14863,74.0,7,3,11,31
14864,62.0,8,3,9,25
14865,77.0,9,3,12,32
14866,54.0,10,3,8,21
14867,65.0,11,3,10,26
14868,47.0,12,3,6,18
14869,45.0,13,3,6,17
14870,62.0,14,3,9,25
14871,60.0,15,3,9,24
14872,58.0,16,3,8,23
14873,37.0,17,3,4,13
14874,49.0,18,3,7,18
14875,33.0,19,3,3,11
14876,28.0,20,3,2,9
14877,32.0,21,3,3,11
14878,49.0,22,3,7,18
14879,50.0,23,3,7,19
14880,40.0,0,4,5,14
14881,52.0,1,4,7,20
14882,57.0,2,4,8,22
14883,57.0,3,4,8,22
14884,92.0,4,4,15,40
14885,91.0,5,4,14,40
14886,77.0,6,4,12,32
14887,57.0,7,4,8,22
14888,58.0,8,4,8,23
14889,61.0,9,4,9,24
14890,59.0,10,4,8,23
14891,69.0,11,4,10,28
14892,50.0,12,4,7,19
14893,52.0,13,4,7,20
14894,60.0,14,4,9,24
14895,49.0,15,4,7,18
14896,56.0,16,4,8,22
14897,51.0,17,4,7,19
14898,52.0,18,4,7,20
14899,56.0,19,4,8,22
14900,54.0,20,4,8,21
14901,44.0,21,4,6,16
14902,72.0,22,4,11,30
14903,56.0,23,4,8,22
14904,59.0,0,5,8,23
14905,69.0,1,5,10,28
14906,85.0,2,5,13,37
14907,79.0,3,5,12,33
14908,75.0,4,5,11,31
14909,61.0,5,5,9,24
14910,63.0,6,5,9,25
14911,68.0,7,5,10,28
14912,52.0,8,5,7,20
14913,94.0,9,5,15,41
14914,92.0,10,5,15,40
14915,96.0,11,5,15,43
14916,71.0,12,5,11,29
14917,108.0,13,5,17,49
14918,111.0,14,5,18,51
14919,122.0,15,5,20,57
14920,121.0,16,5,20,57
14921,106.0,17,5,17,48
14922,111.0,18,5,18,51
14923,107.0,19,5,17,49
14924,88.0,20,5,14,38
14925,72.0,21,5,11,30
14926,76.0,22,5,12,32
14927,42.0,23,5,5,15
14928,64.0,0,6,9,26
14929,79.0,1,6,12,33
14930,77.0,2,6,12,32
14931,71.0,3,6,11,29
14932,85.0,4,6,13,37
14933,113.0,5,6,18,52
14934,89.0,6,6,14,39
14935,65.0,7,6,10,26
14936,79.0,8,6,12,33
14937,65.0,9,6,10,26
14938,86.0,10,6,13,37
14939,81.0,11,6,13,34
14940,72.0,12,6,11,30
14941,75.0,13,6,11,31
14942,58.0,14,6,8,23
14943,87.0,15,6,14,38
14944,84.0,16,6,13,36
14945,70.0,17,6,11,29
14946,64.0,18,6,9,26
14947,88.0,19,6,14,38
14948,94.0,20,6,15,41
14949,124.0,21,6,20,59
14950,90.0,22,6,14,39
14951,96.0,23,6,15,43
14952,149.0,0,0,24,74
14953,180.0,1,0,29,94
14954,162.0,2,0,26,82
14955,150.0,3,0,24,75
14956,129.0,4,0,21,62
14957,135.0,5,0,22,65
14958,153.0,6,0,25,76
14959,139.0,7,0,23,68
14960,121.0,8,0,20,57
14961,126.0,9,0,20,60
14962,109.0,10,0,18,50
14963,140.0,11,0,23,68
14964,109.0,12,0,18,50
14965,112.0,13,0,18,52
14966,126.0,14,0,20,60
14967,106.0,15,0,17,48
14968,99.0,16,0,16,44
14969,126.0,17,0,20,60
14970,101.0,18,0,16,45
14971,104.0,19,0,17,47
14972,133.0,20,0,22,64
14973,122.0,21,0,20,57
14974,130.0,22,0,21,62
14975,101.0,23,0,16,45
14976,124.0,0,1,20,59
14977,114.0,1,1,18,53
14978,158.0,2,1,26,80
14979,139.0,3,1,23,68
14980,151.0,4,1,25,75
14981,109.0,5,1,18,50
14982,158.0,6,1,26,80
14983,97.0,7,1,15,43
14984,112.0,8,1,18,52
14985,100.0,9,1,16,45
14986,122.0,10,1,20,57
14987,136.0,11,1,22,66
14988,128.0,12,1,21,61
14989,128.0,13,1,21,61
14990,78.0,14,1,12,33
14991,133.0,15,1,22,64
14992,154.0,16,1,25,77
14993,103.0,17,1,16,46
14994,103.0,18,1,16,46
14995,116.0,19,1,19,54
14996,98.0,20,1,16,44
14997,143.0,21,1,23,70
14998,140.0,22,1,23,68
14999,152.0,23,1,25,76
15000,139.0,0,2,23,68
15001,130.0,1,2,21,62
15002,155.0,2,2,25,78
15003,120.0,3,2,19,56
15004,122.0,4,2,20,57
15005,121.0,5,2,20,57
15006,107.0,6,2,17,49
15007,145.0,7,2,24,71
15008,153.0,8,2,25,76
15009,133.0,9,2,22,64
15010,153.0,10,2,25,76
15011,106.0,11,2,17,48
15012,113.0,12,2,18,52
15013,172.0,13,2,28,89
15014,162.0,14,2,26,82
15015,187.0,15,2,30,99
15016,180.0,16,2,29,94
15017,180.0,17,2,29,94
15018,171.0,18,2,28,88
15019,118.0,19,2,19,55
15020,150.0,20,2,24,75
15021,147.0,21,2,24,73
15022,193.0,22,2,31,103
15023,196.0,23,2,31,105
15024,229.0,0,3,36,130
15025,136.0,1,3,22,66
15026,176.0,2,3,28,92
15027,165.0,3,3,27,84
15028,145.0,4,3,24,71
15029,116.0,5,3,19,54
15030,100.0,6,3,16,45
15031,148.0,7,3,24,73
15032,158.0,8,3,26,80
15033,135.0,9,3,22,65
15034,155.0,10,3,25,78
15035,145.0,11,3,24,71
15036,170.0,12,3,28,88
15037,159.0,13,3,26,80
15038,153.0,14,3,25,76
15039,168.0,15,3,27,86
15040,178.0,16,3,29,93
15041,150.0,17,3,24,75
15042,134.0,18,3,22,65
15043,127.0,19,3,21,60
15044,129.0,20,3,21,62
15045,156.0,21,3,25,78
15046,150.0,22,3,24,75
15047,160.0,23,3,26,81
15048,184.0,0,4,30,97
15049,181.0,1,4,29,95
15050,160.0,2,4,26,81
15051,132.0,3,4,21,63
15052,130.0,4,4,21,62
15053,118.0,5,4,19,55
15054,134.0,6,4,22,65
15055,142.0,7,4,23,69
15056,116.0,8,4,19,54
15057,112.0,9,4,18,52
15058,122.0,10,4,20,57
15059,141.0,11,4,23,69
15060,128.0,12,4,21,61
15061,138.0,13,4,22,67
15062,129.0,14,4,21,62
15063,180.0,15,4,29,94
15064,166.0,16,4,27,85
15065,114.0,17,4,18,53
15066,125.0,18,4,20,59
15067,122.0,19,4,20,57
15068,110.0,20,4,18,50
15069,147.0,21,4,24,73
15070,149.0,22,4,24,74
15071,136.0,23,4,22,66
15072,153.0,0,5,25,76
15073,154.0,1,5,25,77
15074,153.0,2,5,25,76
15075,224.0,3,5,35,126
15076,232.0,4,5,37,132
15077,185.0,5,5,30,98
15078,114.0,6,5,18,53
15079,158.0,7,5,26,80
15080,149.0,8,5,24,74
15081,118.0,9,5,19,55
15082,133.0,10,5,22,64
15083,139.0,11,5,23,68
15084,120.0,12,5,19,56
15085,117.0,13,5,19,54
15086,99.0,14,5,16,44
15087,127.0,15,5,21,60
15088,138.0,16,5,22,67
15089,121.0,17,5,20,57
15090,123.0,18,5,20,58
15091,135.0,19,5,22,65
15092,187.0,20,5,30,99
15093,146.0,21,5,24,72
15094,214.0,22,5,34,118
15095,173.0,23,5,28,90
15096,196.0,0,6,31,105
15097,230.0,1,6,36,130
15098,192.0,2,6,31,103
15099,180.0,3,6,29,94
15100,155.0,4,6,25,78
15101,130.0,5,6,21,62
15102,174.0,6,6,28,90
15103,172.0,7,6,28,89
15104,127.0,8,6,21,60
15105,144.0,9,6,23,71
15106,165.0,10,6,27,84
15107,119.0,11,6,19,56
15108,146.0,12,6,24,72
15109,151.0,13,6,25,75
15110,144.0,14,6,23,71
15111,134.0,15,6,22,65
15112,114.0,16,6,18,53
15115,356.0,19,6,51,239
15116,147.0,20,6,24,73
15117,145.0,21,6,24,71
15118,134.0,22,6,22,65
15119,152.0,23,6,25,76
15120,167.0,0,0,27,86
15121,167.0,1,0,27,86
15122,188.0,2,0,30,100
15123,213.0,3,0,34,118
15124,236.0,4,0,37,135
15125,148.0,5,0,24,73
15126,190.0,6,0,31,101
15127,214.0,7,0,34,118
15128,208.0,8,0,33,114
15129,204.0,9,0,33,111
15130,192.0,10,0,31,103
15131,192.0,11,0,31,103
15132,172.0,12,0,28,89
15133,155.0,13,0,25,78
15134,148.0,14,0,24,73
15135,151.0,15,0,25,75
15136,116.0,16,0,19,54
15137,119.0,17,0,19,56
15138,121.0,18,0,20,57
15139,118.0,19,0,19,55
15140,119.0,20,0,19,56
15141,123.0,21,0,20,58
15142,122.0,22,0,20,57
15143,132.0,23,0,21,63
15144,133.0,0,1,22,64
15146,132.0,2,1,21,63
15147,118.0,3,1,19,55
15148,135.0,4,1,22,65
15149,166.0,5,1,27,85
15150,136.0,6,1,22,66
15151,132.0,7,1,21,63
15152,133.0,8,1,22,64
15153,135.0,9,1,22,65
15154,163.0,10,1,26,83
15155,162.0,11,1,26,82
15156,119.0,12,1,19,56
15157,114.0,13,1,18,53
15158,107.0,14,1,17,49
15159,149.0,15,1,24,74
15160,121.0,16,1,20,57
15161,126.0,17,1,20,60
15162,111.0,18,1,18,51
15163,142.0,19,1,23,69
15164,153.0,20,1,25,76
15165,131.0,21,1,21,63
15166,120.0,22,1,19,56
15167,145.0,23,1,24,71
15168,140.0,0,2,23,68
15169,117.0,1,2,19,54
15170,128.0,2,2,21,61
15171,116.0,3,2,19,54
15172,131.0,4,2,21,63
15173,111.0,5,2,18,51
15174,141.0,6,2,23,69
15175,102.0,7,2,16,46
15176,111.0,8,2,18,51
15177,142.0,9,2,23,69
15178,129.0,10,2,21,62
15179,99.0,11,2,16,44
15180,129.0,12,2,21,62
15181,122.0,13,2,20,57
15182,171.0,14,2,28,88
15183,148.0,15,2,24,73
15184,98.0,16,2,16,44
15185,133.0,17,2,22,64
15186,156.0,18,2,25,78
15187,161.0,19,2,26,82
15188,158.0,20,2,26,80
15189,202.0,21,2,32,110
15190,160.0,22,2,26,81
15191,192.0,23,2,31,103
15192,185.0,0,3,30,98
15193,169.0,1,3,27,87
15194,136.0,2,3,22,66
15195,198.0,3,3,32,107
15196,142.0,4,3,23,69
15197,112.0,5,3,18,52
15198,105.0,6,3,17,48
15199,119.0,7,3,19,56
15200,99.0,8,3,16,44
15201,100.0,9,3,16,45
15202,98.0,10,3,16,44
15203,131.0,11,3,21,63
15204,168.0,12,3,27,86
15205,183.0,13,3,30,96
15206,198.0,14,3,32,107
15207,161.0,15,3,26,82
15208,144.0,16,3,23,71
15209,129.0,17,3,21,62
15210,139.0,18,3,23,68
15211,186.0,19,3,30,98
15212,139.0,20,3,23,68
15213,118.0,21,3,19,55
15214,129.0,22,3,21,62
15215,125.0,23,3,20,59
15216,142.0,0,4,23,69
15217,139.0,1,4,23,68
15218,102.0,2,4,16,46
15219,138.0,3,4,22,67
15220,125.0,4,4,20,59
15221,155.0,5,4,25,78
15222,133.0,6,4,22,64
15223,153.0,7,4,25,76
15224,165.0,8,4,27,84
15225,128.0,9,4,21,61
15226,156.0,10,4,25,78
15227,172.0,11,4,28,89
15228,189.0,12,4,30,101
15229,226.0,13,4,36,127
15230,196.0,14,4,31,105
15231,177.0,15,4,29,92
15232,143.0,16,4,23,70
15233,186.0,17,4,30,98
15234,198.0,18,4,32,107
15235,136.0,19,4,22,66
15236,109.0,20,4,18,50
15237,144.0,21,4,23,71
15238,110.0,22,4,18,50
15239,88.0,23,4,14,38
15240,99.0,0,5,16,44
15241,96.0,1,5,15,43
15242,109.0,2,5,18,50
15243,108.0,3,5,17,49
15244,104.0,4,5,17,47
15245,111.0,5,5,18,51
15246,100.0,6,5,16,45
15247,81.0,7,5,13,34
15248,103.0,8,5,16,46
15249,139.0,9,5,23,68
15250,130.0,10,5,21,62
15251,101.0,11,5,16,45
15252,104.0,12,5,17,47
15253,117.0,13,5,19,54
15254,130.0,14,5,21,62
15255,152.0,15,5,25,76
15256,136.0,16,5,22,66
15257,126.0,17,5,20,60
15258,136.0,18,5,22,66
15259,143.0,19,5,23,70
15260,123.0,20,5,20,58
15261,126.0,21,5,20,60
15262,134.0,22,5,22,65
15263,156.0,23,5,25,78
15264,151.0,0,6,25,75
15265,107.0,1,6,17,49
15266,117.0,2,6,19,54
15267,161.0,3,6,26,82
15268,135.0,4,6,22,65
15269,104.0,5,6,17,47
15270,107.0,6,6,17,49
15271,105.0,7,6,17,48
15272,114.0,8,6,18,53
15273,101.0,9,6,16,45
15274,130.0,10,6,21,62
15275,119.0,11,6,19,56
15276,116.0,12,6,19,54
15277,129.0,13,6,21,62
15278,121.0,14,6,20,57
15279,104.0,15,6,17,47
15280,83.0,16,6,13,36
15281,106.0,17,6,17,48
15282,112.0,18,6,18,52
15283,125.0,19,6,20,59
15284,177.0,20,6,29,92
15285,152.0,21,6,25,76
15286,124.0,22,6,20,59
15287,121.0,23,6,20,57
15288,156.0,0,0,25,78
15289,101.0,1,0,16,45
15290,118.0,2,0,19,55
15291,109.0,3,0,18,50
15292,101.0,4,0,16,45
15293,113.0,5,0,18,52
15294,111.0,6,0,18,51
15295,141.0,7,0,23,69
15296,181.0,8,0,29,95
15297,146.0,9,0,24,72
15298,164.0,10,0,27,84
15299,148.0,11,0,24,73
15300,149.0,12,0,24,74
15301,159.0,13,0,26,80
15302,143.0,14,0,23,70
15303,124.0,15,0,20,59
15304,145.0,16,0,24,71
15305,146.0,17,0,24,72
15306,165.0,18,0,27,84
15307,172.0,19,0,28,89
15308,167.0,20,0,27,86
15309,136.0,21,0,22,66
15310,111.0,22,0,18,51
15311,101.0,23,0,16,45
15312,98.0,0,1,16,44
15313,104.0,1,1,17,47
15314,88.0,2,1,14,38
15315,113.0,3,1,18,52
15316,138.0,4,1,22,67
15317,139.0,5,1,23,68
15318,120.0,6,1,19,56
15319,127.0,7,1,21,60
15320,121.0,8,1,20,57
15321,100.0,9,1,16,45
15322,112.0,10,1,18,52
15323,126.0,11,1,20,60
15324,99.0,12,1,16,44
15325,120.0,13,1,19,56
15326,121.0,14,1,20,57
15327,116.0,15,1,19,54
15328,174.0,16,1,28,90
15329,154.0,17,1,25,77
15330,130.0,18,1,21,62
15331,178.0,19,1,29,93
15332,159.0,20,1,26,80
15333,139.0,21,1,23,68
15334,147.0,22,1,24,73
15335,166.0,23,1,27,85
15336,144.0,0,2,23,71
15337,153.0,1,2,25,76
15338,150.0,2,2,24,75
15339,186.0,3,2,30,98
15340,131.0,4,2,21,63
15341,158.0,5,2,26,80
15342,111.0,6,2,18,51
15343,161.0,7,2,26,82
15344,176.0,8,2,28,92
15345,161.0,9,2,26,82
15346,145.0,10,2,24,71
15347,161.0,11,2,26,82
15348,150.0,12,2,24,75
15349,162.0,13,2,26,82
15350,140.0,14,2,23,68
15351,146.0,15,2,24,72
15352,129.0,16,2,21,62
15353,151.0,17,2,25,75
15354,168.0,18,2,27,86
15355,138.0,19,2,22,67
15356,189.0,20,2,30,101
15357,188.0,21,2,30,100
15358,140.0,22,2,23,68
15359,225.0,23,2,36,127
15360,191.0,0,3,31,102
15361,141.0,1,3,23,69
15362,196.0,2,3,31,105
15363,184.0,3,3,30,97
15364,268.0,4,3,41,161
15365,240.0,5,3,38,138
15366,228.0,6,3,36,129
15367,191.0,7,3,31,102
15368,193.0,8,3,31,103
15369,202.0,9,3,32,110
15370,202.0,10,3,32,110
15371,155.0,11,3,25,78
15372,150.0,12,3,24,75
15373,198.0,13,3,32,107
15374,167.0,14,3,27,86
15375,177.0,15,3,29,92
15376,142.0,16,3,23,69
15377,180.0,17,3,29,94
15378,144.0,18,3,23,71
15379,191.0,19,3,31,102
15380,136.0,20,3,22,66
15381,197.0,21,3,32,106
15382,171.0,22,3,28,88
15383,153.0,23,3,25,76
15384,159.0,0,4,26,80
15385,139.0,1,4,23,68
15386,156.0,2,4,25,78
15387,170.0,3,4,28,88
15388,163.0,4,4,26,83
15389,153.0,5,4,25,76
15390,129.0,6,4,21,62
15391,156.0,7,4,25,78
15392,124.0,8,4,20,59
15393,117.0,9,4,19,54
15394,141.0,10,4,23,69
15395,152.0,11,4,25,76
15396,99.0,12,4,16,44
15397,122.0,13,4,20,57
15398,125.0,14,4,20,59
15399,144.0,15,4,23,71
15400,152.0,16,4,25,76
15401,129.0,17,4,21,62
15402,162.0,18,4,26,82
15403,210.0,19,4,33,115
15404,203.0,20,4,32,110
15405,156.0,21,4,25,78
15406,165.0,22,4,27,84
15407,163.0,23,4,26,83
15408,149.0,0,5,24,74
15409,182.0,1,5,29,96
15410,136.0,2,5,22,66
15411,207.0,3,5,33,113
15412,188.0,4,5,30,100
15413,142.0,5,5,23,69
15414,175.0,6,5,28,91
15415,187.0,7,5,30,99
15416,162.0,8,5,26,82
15417,139.0,9,5,23,68
15418,149.0,10,5,24,74
15419,160.0,11,5,26,81
15420,207.0,12,5,33,113
15421,184.0,13,5,30,97
15422,198.0,14,5,32,107
15423,173.0,15,5,28,90
15424,176.0,16,5,28,92
15425,191.0,17,5,31,102
15426,165.0,18,5,27,84
15427,191.0,19,5,31,102
15428,190.0,20,5,31,101
15429,167.0,21,5,27,86
15430,161.0,22,5,26,82
15431,155.0,23,5,25,78
15432,149.0,0,6,24,74
15433,117.0,1,6,19,54
15434,110.0,2,6,18,50
15435,130.0,3,6,21,62
15436,122.0,4,6,20,57
15437,122.0,5,6,20,57
15438,154.0,6,6,25,77
15439,151.0,7,6,25,75
15440,121.0,8,6,20,57
15441,113.0,9,6,18,52
15442,101.0,10,6,16,45
15443,126.0,11,6,20,60
15444,133.0,12,6,22,64
15445,136.0,13,6,22,66
15446,106.0,14,6,17,48
15447,125.0,15,6,20,59
15448,151.0,16,6,25,75
15449,121.0,17,6,20,57
15450,122.0,18,6,20,57
15451,127.0,19,6,21,60
15452,119.0,20,6,19,56
15453,145.0,21,6,24,71
15454,145.0,22,6,24,71
15455,171.0,23,6,28,88
15456,153.0,0,0,25,76
15457,142.0,1,0,23,69
15458,153.0,2,0,25,76
15459,139.0,3,0,23,68
15460,142.0,4,0,23,69
15461,161.0,5,0,26,82
15462,134.0,6,0,22,65
15463,114.0,7,0,18,53
15464,166.0,8,0,27,85
15465,158.0,9,0,26,80
15466,135.0,10,0,22,65
15467,120.0,11,0,19,56
15468,164.0,12,0,27,84
15469,185.0,13,0,30,98
15470,184.0,14,0,30,97
15471,186.0,15,0,30,98
15472,174.0,16,0,28,90
15473,135.0,17,0,22,65
15474,118.0,18,0,19,55
15475,147.0,19,0,24,73
15476,133.0,20,0,22,64
15477,176.0,21,0,28,92
15478,105.0,22,0,17,48
15479,151.0,23,0,25,75
15480,108.0,0,1,17,49
15481,118.0,1,1,19,55
15482,114.0,2,1,18,53
15483,151.0,3,1,25,75
15484,146.0,4,1,24,72
15485,190.0,5,1,31,101
15486,135.0,6,1,22,65
15487,158.0,7,1,26,80
15488,139.0,8,1,23,68
15489,164.0,9,1,27,84
15490,182.0,10,1,29,96
15491,212.0,11,1,34,117
15492,213.0,12,1,34,118
15493,195.0,13,1,31,105
15494,173.0,14,1,28,90
15495,189.0,15,1,30,101
15496,197.0,16,1,32,106
15497,172.0,17,1,28,89
15498,163.0,18,1,26,83
15499,207.0,19,1,33,113
15500,194.0,20,1,31,104
15501,209.0,21,1,33,115
15502,159.0,22,1,26,80
15503,177.0,23,1,29,92
15504,155.0,0,2,25,78
15505,158.0,1,2,26,80
15506,142.0,2,2,23,69
15507,99.0,3,2,16,44
15508,173.0,4,2,28,90
15509,511.0,5,2,62,407
15510,140.0,6,2,23,68
15512,152.0,8,2,25,76
15513,176.0,9,2,28,92
15514,130.0,10,2,21,62
15515,134.0,11,2,22,65
15516,104.0,12,2,17,47
15517,123.0,13,2,20,58
15518,143.0,14,2,23,70
15519,110.0,15,2,18,50
15520,171.0,16,2,28,88
15521,177.0,17,2,29,92
15522,167.0,18,2,27,86
15524,148.0,20,2,24,73
15525,140.0,21,2,23,68
15526,146.0,22,2,24,72
15527,176.0,23,2,28,92
15528,190.0,0,3,31,101
15529,105.0,1,3,17,48
15530,158.0,2,3,26,80
15531,140.0,3,3,23,68
15532,164.0,4,3,27,84
15533,143.0,5,3,23,70
15534,128.0,6,3,21,61
15535,144.0,7,3,23,71
15536,145.0,8,3,24,71
15537,148.0,9,3,24,73
15538,129.0,10,3,21,62
15539,191.0,11,3,31,102
15540,140.0,12,3,23,68
15541,125.0,13,3,20,59
15542,118.0,14,3,19,55
15543,128.0,15,3,21,61
15544,154.0,16,3,25,77
15545,133.0,17,3,22,64
15546,141.0,18,3,23,69
15547,155.0,19,3,25,78
15548,165.0,20,3,27,84
15549,167.0,21,3,27,86
15550,98.0,22,3,16,44
15551,116.0,23,3,19,54
15552,140.0,0,4,23,68
15553,194.0,1,4,31,104
15554,133.0,2,4,22,64
15555,191.0,3,4,31,102
15556,142.0,4,4,23,69
15557,134.0,5,4,22,65
15558,182.0,6,4,29,96
15559,166.0,7,4,27,85
15560,178.0,8,4,29,93
15561,163.0,9,4,26,83
15562,171.0,10,4,28,88
15563,188.0,11,4,30,100
15564,202.0,12,4,32,110
15565,217.0,13,4,34,121
15566,196.0,14,4,31,105
15567,171.0,15,4,28,88
15568,144.0,16,4,23,71
15569,211.0,17,4,34,116
15570,130.0,18,4,21,62
15571,151.0,19,4,25,75
15572,154.0,20,4,25,77
15573,112.0,21,4,18,52
15574,136.0,22,4,22,66
15575,162.0,23,4,26,82
15576,183.0,0,5,30,96
15577,151.0,1,5,25,75
15578,153.0,2,5,25,76
15579,138.0,3,5,22,67
15580,144.0,4,5,23,71
15581,160.0,5,5,26,81
15582,126.0,6,5,20,60
15583,118.0,7,5,19,55
15584,159.0,8,5,26,80
15585,128.0,9,5,21,61
15586,158.0,10,5,26,80
15587,170.0,11,5,28,88
15588,160.0,12,5,26,81
15589,169.0,13,5,27,87
15590,153.0,14,5,25,76
15591,172.0,15,5,28,89
15592,175.0,16,5,28,91
15593,166.0,17,5,27,85
15594,150.0,18,5,24,75
15595,182.0,19,5,29,96
15596,224.0,20,5,35,126
15597,202.0,21,5,32,110
15598,187.0,22,5,30,99
15599,147.0,23,5,24,73
15600,144.0,0,6,23,71
15601,152.0,1,6,25,76
15602,154.0,2,6,25,77
15603,145.0,3,6,24,71
15604,148.0,4,6,24,73
15605,227.0,5,6,36,128
15606,185.0,6,6,30,98
15607,171.0,7,6,28,88
15608,252.0,8,6,39,148
15609,243.0,9,6,38,140
15610,248.0,10,6,39,144
15611,317.0,11,6,47,203
15612,260.0,12,6,40,154
15613,245.0,13,6,38,142
15614,201.0,14,6,32,109
15615,235.0,15,6,37,134
15616,261.0,16,6,40,155
15617,268.0,17,6,41,161
15618,251.0,18,6,39,147
15619,240.0,19,6,38,138
15620,159.0,20,6,26,80
15621,184.0,21,6,30,97
15622,192.0,22,6,31,103
15623,134.0,23,6,22,65
15624,211.0,0,0,34,116
15625,175.0,1,0,28,91
15626,177.0,2,0,29,92
15627,144.0,3,0,23,71
15628,176.0,4,0,28,92
15629,235.0,5,0,37,134
15630,102.0,6,0,16,46
15631,141.0,7,0,23,69
15632,193.0,8,0,31,103
15633,172.0,9,0,28,89
15634,217.0,10,0,34,121
15635,154.0,11,0,25,77
15636,203.0,12,0,32,110
15637,191.0,13,0,31,102
15638,165.0,14,0,27,84
15639,158.0,15,0,26,80
15640,206.0,16,0,33,113
15641,171.0,17,0,28,88
15642,187.0,18,0,30,99
15643,213.0,19,0,34,118
15644,211.0,20,0,34,116
15645,208.0,21,0,33,114
15646,208.0,22,0,33,114
15647,209.0,23,0,33,115
15648,170.0,0,1,28,88
15649,168.0,1,1,27,86
15650,195.0,2,1,31,105
15651,175.0,3,1,28,91
15652,150.0,4,1,24,75
15653,204.0,5,1,33,111
15654,209.0,6,1,33,115
15655,181.0,7,1,29,95
15656,172.0,8,1,28,89
15657,170.0,9,1,28,88
15658,175.0,10,1,28,91
15659,183.0,11,1,30,96
15660,165.0,12,1,27,84
15661,173.0,13,1,28,90
15662,225.0,14,1,36,127
15663,183.0,15,1,30,96
15664,162.0,16,1,26,82
15665,172.0,17,1,28,89
15666,197.0,18,1,32,106
15667,191.0,19,1,31,102
15668,187.0,20,1,30,99
15669,185.0,21,1,30,98
15670,153.0,22,1,25,76
15671,168.0,23,1,27,86
15672,189.0,0,2,30,101
15673,193.0,1,2,31,103
15674,227.0,2,2,36,128
15675,227.0,3,2,36,128
15676,188.0,4,2,30,100
15677,171.0,5,2,28,88
15678,142.0,6,2,23,69
15679,210.0,7,2,33,115
15680,192.0,8,2,31,103
15681,185.0,9,2,30,98
15682,187.0,10,2,30,99
15683,215.0,11,2,34,119
15684,264.0,12,2,41,157
15685,294.0,13,2,44,182
15686,296.0,14,2,45,184
15687,233.0,15,2,37,133
15688,249.0,16,2,39,145
15689,237.0,17,2,37,136
15690,174.0,18,2,28,90
15691,177.0,19,2,29,92
15692,189.0,20,2,30,101
15693,203.0,21,2,32,110
15694,195.0,22,2,31,105
15695,176.0,23,2,28,92
15696,195.0,0,3,31,105
15697,168.0,1,3,27,86
15698,163.0,2,3,26,83
15699,168.0,3,3,27,86
15700,162.0,4,3,26,82
15701,182.0,5,3,29,96
15702,173.0,6,3,28,90
15703,191.0,7,3,31,102
15704,159.0,8,3,26,80
15705,163.0,9,3,26,83
15706,187.0,10,3,30,99
15707,175.0,11,3,28,91
15708,167.0,12,3,27,86
15709,200.0,13,3,32,108
15710,168.0,14,3,27,86
15711,206.0,15,3,33,113
15712,147.0,16,3,24,73
15713,200.0,17,3,32,108
15714,200.0,18,3,32,108
15715,236.0,19,3,37,135
15716,193.0,20,3,31,103
15717,171.0,21,3,28,88
15718,205.0,22,3,33,112
15719,167.0,23,3,27,86
15720,138.0,0,4,22,67
15721,177.0,1,4,29,92
15722,226.0,2,4,36,127
15723,275.0,3,4,42,166
15724,250.0,4,4,39,146
15725,247.0,5,4,39,144
15726,187.0,6,4,30,99
15727,183.0,7,4,30,96
15728,193.0,8,4,31,103
15729,177.0,9,4,29,92
15730,225.0,10,4,36,127
15731,195.0,11,4,31,105
15732,171.0,12,4,28,88
15733,171.0,13,4,28,88
15734,216.0,14,4,34,120
15735,208.0,15,4,33,114
15736,184.0,16,4,30,97
15737,178.0,17,4,29,93
15738,176.0,18,4,28,92
15739,190.0,19,4,31,101
15740,219.0,20,4,35,122
15741,215.0,21,4,34,119
15742,212.0,22,4,34,117
15743,187.0,23,4,30,99
15744,158.0,0,5,26,80
15745,174.0,1,5,28,90
15746,225.0,2,5,36,127
15747,182.0,3,5,29,96
15748,139.0,4,5,23,68
15749,166.0,5,5,27,85
15750,162.0,6,5,26,82
15751,138.0,7,5,22,67
15752,129.0,8,5,21,62
15753,194.0,9,5,31,104
15754,178.0,10,5,29,93
15755,166.0,11,5,27,85
15756,193.0,12,5,31,103
15757,240.0,13,5,38,138
15758,188.0,14,5,30,100
15759,170.0,15,5,28,88
15760,168.0,16,5,27,86
15761,188.0,17,5,30,100
15762,149.0,18,5,24,74
15763,145.0,19,5,24,71
15764,184.0,20,5,30,97
15765,151.0,21,5,25,75
15766,183.0,22,5,30,96
15767,131.0,23,5,21,63
15768,133.0,0,6,22,64
15769,120.0,1,6,19,56
15770,141.0,2,6,23,69
15771,166.0,3,6,27,85
15772,235.0,4,6,37,134
15773,174.0,5,6,28,90
15774,140.0,6,6,23,68
15775,114.0,7,6,18,53
15776,149.0,8,6,24,74
15777,174.0,9,6,28,90
15778,149.0,10,6,24,74
15779,163.0,11,6,26,83
15780,176.0,12,6,28,92
15781,171.0,13,6,28,88
15782,233.0,14,6,37,133
15783,185.0,15,6,30,98
15784,186.0,16,6,30,98
15785,168.0,17,6,27,86
15786,169.0,18,6,27,87
15787,135.0,19,6,22,65
15788,153.0,20,6,25,76
15789,176.0,21,6,28,92
15790,153.0,22,6,25,76
15791,209.0,23,6,33,115
15792,239.0,0,0,37,137
15793,172.0,1,0,28,89
15794,171.0,2,0,28,88
15795,119.0,3,0,19,56
15796,145.0,4,0,24,71
15797,133.0,5,0,22,64
15798,141.0,6,0,23,69
15799,143.0,7,0,23,70
15800,167.0,8,0,27,86
15801,138.0,9,0,22,67
15802,133.0,10,0,22,64
15803,128.0,11,0,21,61
15804,124.0,12,0,20,59
15805,165.0,13,0,27,84
15806,144.0,14,0,23,71
15807,163.0,15,0,26,83
15808,128.0,16,0,21,61
15809,178.0,17,0,29,93
15810,194.0,18,0,31,104
15811,169.0,19,0,27,87
15812,152.0,20,0,25,76
15813,183.0,21,0,30,96
15814,203.0,22,0,32,110
15815,182.0,23,0,29,96
15816,125.0,0,1,20,59
15817,111.0,1,1,18,51
15818,140.0,2,1,23,68
15819,151.0,3,1,25,75
15820,133.0,4,1,22,64
15821,152.0,5,1,25,76
15822,135.0,6,1,22,65
15823,141.0,7,1,23,69
15824,141.0,8,1,23,69
15825,122.0,9,1,20,57
15826,139.0,10,1,23,68
15827,138.0,11,1,22,67
15828,130.0,12,1,21,62
15829,148.0,13,1,24,73
15830,112.0,14,1,18,52
15831,87.0,15,1,14,38
15832,108.0,16,1,17,49
15833,110.0,17,1,18,50
15834,85.0,18,1,13,37
15835,102.0,19,1,16,46
15836,88.0,20,1,14,38
15837,117.0,21,1,19,54
15838,91.0,22,1,14,40
15839,116.0,23,1,19,54
15840,128.0,0,2,21,61
15841,121.0,1,2,20,57
15842,138.0,2,2,22,67
15843,110.0,3,2,18,50
15844,83.0,4,2,13,36
15845,106.0,5,2,17,48
15846,109.0,6,2,18,50
15847,87.0,7,2,14,38
15848,110.0,8,2,18,50
15849,103.0,9,2,16,46
15850,98.0,10,2,16,44
15851,89.0,11,2,14,39
15852,109.0,12,2,18,50
15853,153.0,13,2,25,76
15854,129.0,14,2,21,62
15855,111.0,15,2,18,51
15856,92.0,16,2,15,40
15857,82.0,17,2,13,35
15858,92.0,18,2,15,40
15859,91.0,19,2,14,40
15860,99.0,20,2,16,44
15861,119.0,21,2,19,56
15862,100.0,22,2,16,45
15863,113.0,23,2,18,52
15864,96.0,0,3,15,43
15865,91.0,1,3,14,40
15866,85.0,2,3,13,37
15867,108.0,3,3,17,49
15868,110.0,4,3,18,50
15869,110.0,5,3,18,50
15870,122.0,6,3,20,57
15871,104.0,7,3,17,47
15872,105.0,8,3,17,48
15873,67.0,9,3,10,27
15874,74.0,10,3,11,31
15875,77.0,11,3,12,32
15876,116.0,12,3,19,54
15877,90.0,13,3,14,39
15878,108.0,14,3,17,49
15879,99.0,15,3,16,44
15880,84.0,16,3,13,36
15881,100.0,17,3,16,45
15882,80.0,18,3,12,34
15883,77.0,19,3,12,32
15884,111.0,20,3,18,51
15885,125.0,21,3,20,59
15886,112.0,22,3,18,52
15887,82.0,23,3,13,35
15888,99.0,0,4,16,44
15889,97.0,1,4,15,43
15890,80.0,2,4,12,34
15891,71.0,3,4,11,29
15892,67.0,4,4,10,27
15893,68.0,5,4,10,28
15894,77.0,6,4,12,32
15895,89.0,7,4,14,39
15896,65.0,8,4,10,26
15897,64.0,9,4,9,26
15898,91.0,10,4,14,40
15899,74.0,11,4,11,31
15900,60.0,12,4,9,24
15901,52.0,13,4,7,20
15902,87.0,14,4,14,38
15903,118.0,15,4,19,55
15904,96.0,16,4,15,43
15905,94.0,17,4,15,41
15906,89.0,18,4,14,39
15907,65.0,19,4,10,26
15908,71.0,20,4,11,29
15909,74.0,21,4,11,31
15910,66.0,22,4,10,27
15911,68.0,23,4,10,28
15912,60.0,0,5,9,24
15913,62.0,1,5,9,25
15914,82.0,2,5,13,35
15915,89.0,3,5,14,39
15916,84.0,4,5,13,36
15917,63.0,5,5,9,25
15918,68.0,6,5,10,28
15919,76.0,7,5,12,32
15920,43.0,8,5,5,16
15921,82.0,9,5,13,35
15922,66.0,10,5,10,27
15923,59.0,11,5,8,23
15924,42.0,12,5,5,15
15925,55.0,13,5,8,21
15926,85.0,14,5,13,37
15927,55.0,15,5,8,21
15928,51.0,16,5,7,19
15929,52.0,17,5,7,20
15930,63.0,18,5,9,25
15931,42.0,19,5,5,15
15932,47.0,20,5,6,18
15933,60.0,21,5,9,24
15934,41.0,22,5,5,15
15935,78.0,23,5,12,33
15936,39.0,0,6,5,14
15937,64.0,1,6,9,26
15938,44.0,2,6,6,16
15939,36.0,3,6,4,12
15940,44.0,4,6,6,16
15941,68.0,5,6,10,28
15942,34.0,6,6,4,12
15943,42.0,7,6,5,15
15944,61.0,8,6,9,24
15945,56.0,9,6,8,22
15946,60.0,10,6,9,24
15947,64.0,11,6,9,26
15948,63.0,12,6,9,25
15949,39.0,13,6,5,14
15950,52.0,14,6,7,20
15951,35.0,15,6,4,12
15952,55.0,16,6,8,21
15953,52.0,17,6,7,20
15954,45.0,18,6,6,17
15955,30.0,19,6,3,10
15956,41.0,20,6,5,15
15957,33.0,21,6,3,11
15958,39.0,22,6,5,14
15959,39.0,23,6,5,14
15960,43.0,0,0,5,16
15961,45.0,1,0,6,17
15962,34.0,2,0,4,12
15963,42.0,3,0,5,15
15964,42.0,4,0,5,15
15965,39.0,5,0,5,14
15966,35.0,6,0,4,12
15967,62.0,7,0,9,25
15968,42.0,8,0,5,15
15969,40.0,9,0,5,14
15970,64.0,10,0,9,26
15971,69.0,11,0,10,28
15972,43.0,12,0,5,16
15973,33.0,13,0,3,11
15974,24.0,14,0,2,7
15975,36.0,15,0,4,12
15976,39.0,16,0,5,14
15977,57.0,17,0,8,22
15978,61.0,18,0,9,24
15979,51.0,19,0,7,19
15980,49.0,20,0,7,18
15981,39.0,21,0,5,14
15982,25.0,22,0,2,8
15983,39.0,23,0,5,14
15984,45.0,0,1,6,17
15985,32.0,1,1,3,11
15986,41.0,2,1,5,15
15987,27.0,3,1,2,8
15988,38.0,4,1,4,13
15989,27.0,5,1,2,8
15990,52.0,6,1,7,20
15991,34.0,7,1,4,12
15992,38.0,8,1,4,13
15993,24.0,9,1,2,7
15994,21.0,10,1,1,6
15995,33.0,11,1,3,11
15996,30.0,12,1,3,10
15997,18.0,13,1,1,5
15998,25.0,14,1,2,8
15999,16.0,15,1,1,4
16000,30.0,16,1,3,10
16001,36.0,17,1,4,12
16002,32.0,18,1,3,11
16003,35.0,19,1,4,12
16004,25.0,20,1,2,8
16005,27.0,21,1,2,8
16006,30.0,22,1,3,10
16007,25.0,23,1,2,8
16008,27.0,0,2,2,8
16009,23.0,1,2,1,7
16010,26.0,2,2,2,8
16011,20.0,3,2,1,5
16012,20.0,4,2,1,5
16013,21.0,5,2,1,6
16014,20.0,6,2,1,5
16015,18.0,7,2,1,5
16016,26.0,8,2,2,8
16017,24.0,9,2,2,7
16018,17.0,10,2,1,4
16019,24.0,11,2,2,7
16020,17.0,12,2,1,4
16021,18.0,13,2,1,5
16022,41.0,14,2,5,15
16023,27.0,15,2,2,8
16024,22.0,16,2,1,6
16025,16.0,17,2,1,4
16026,25.0,18,2,2,8
16027,25.0,19,2,2,8
16028,10.0,20,2,1,1
16029,6.0,21,2,1,1
16030,22.0,22,2,1,6
16031,14.0,23,2,1,3
16032,14.0,0,3,1,3
16033,21.0,1,3,1,6
16034,26.0,2,3,2,8
16035,25.0,3,3,2,8
16036,25.0,4,3,2,8
16037,16.0,5,3,1,4
16038,14.0,6,3,1,3
16039,17.0,7,3,1,4
16040,16.0,8,3,1,4
16041,22.0,9,3,1,6
16042,16.0,10,3,1,4
16043,12.0,11,3,1,2
16044,16.0,12,3,1,4
16045,7.0,13,3,1,1
16046,13.0,14,3,1,2
16047,19.0,15,3,1,5
16048,24.0,16,3,2,7
16049,35.0,17,3,4,12
16050,42.0,18,3,5,15
16051,51.0,19,3,7,19
16052,30.0,20,3,3,10
16053,26.0,21,3,2,8
16054,13.0,22,3,1,2
16055,19.0,23,3,1,5
16056,18.0,0,4,1,5
16057,8.0,1,4,1,1
16058,24.0,2,4,2,7
16059,19.0,3,4,1,5
16060,9.0,4,4,1,1
16061,4.0,5,4,1,1
16062,19.0,6,4,1,5
16063,21.0,7,4,1,6
16064,32.0,8,4,3,11
16065,17.0,9,4,1,4
16066,14.0,10,4,1,3
16067,36.0,11,4,4,12
16068,19.0,12,4,1,5
16069,21.0,13,4,1,6
16070,29.0,14,4,3,9
16071,16.0,15,4,1,4
16072,22.0,16,4,1,6
16073,34.0,17,4,4,12
16074,33.0,18,4,3,11
16075,37.0,19,4,4,13
16076,85.0,20,4,13,37
16077,33.0,21,4,3,11
16078,30.0,22,4,3,10
16079,35.0,23,4,4,12
16080,36.0,0,5,4,12
16081,33.0,1,5,3,11
16082,39.0,2,5,5,14
16083,42.0,3,5,5,15
16084,14.0,4,5,1,3
16085,17.0,5,5,1,4
16086,15.0,6,5,1,3
16087,26.0,7,5,2,8
16088,33.0,8,5,3,11
16089,50.0,9,5,7,19
16090,41.0,10,5,5,15
16091,52.0,11,5,7,20
16092,30.0,12,5,3,10
16093,46.0,13,5,6,17
16094,30.0,14,5,3,10
16095,33.0,15,5,3,11
16096,34.0,16,5,4,12
16097,39.0,17,5,5,14
16098,40.0,18,5,5,14
16099,37.0,19,5,4,13
16100,18.0,20,5,1,5
16101,43.0,21,5,5,16
16102,37.0,22,5,4,13
16103,34.0,23,5,4,12
16104,30.0,0,6,3,10
16105,26.0,1,6,2,8
16106,33.0,2,6,3,11
16107,18.0,3,6,1,5
16108,40.0,4,6,5,14
16109,12.0,5,6,1,2
16110,9.0,6,6,1,1
16111,5.0,7,6,1,1
16112,14.0,8,6,1,3
16113,13.0,9,6,1,2
16114,9.0,10,6,1,1
16115,12.0,11,6,1,2
16116,8.0,12,6,1,1
16117,5.0,13,6,1,1
16118,15.0,14,6,1,3
16119,12.0,15,6,1,2
16120,4.0,16,6,1,1
16121,15.0,17,6,1,3
16122,21.0,18,6,1,6
16123,12.0,19,6,1,2
16124,6.0,20,6,1,1
16125,13.0,21,6,1,2
16126,21.0,22,6,1,6
16127,14.0,23,6,1,3
16128,9.0,0,0,1,1
16129,16.0,1,0,1,4
16130,12.0,2,0,1,2
16131,15.0,3,0,1,3
16132,12.0,4,0,1,2
16133,13.0,5,0,1,2
16134,5.0,6,0,1,1
16135,4.0,7,0,1,1
16136,9.0,8,0,1,1
16137,4.0,9,0,1,1
16138,13.0,10,0,1,2
16139,9.0,11,0,1,1
16140,14.0,12,0,1,3
16141,10.0,13,0,1,1
16142,5.0,14,0,1,1
16143,7.0,15,0,1,1
16144,3.0,16,0,1,1
16145,5.0,17,0,1,1
16146,26.0,18,0,2,8
16147,5.0,19,0,1,1
16148,18.0,20,0,1,5
16149,8.0,21,0,1,1
16150,13.0,22,0,1,2
16151,14.0,23,0,1,3
16152,12.0,0,1,1,2
16153,5.0,1,1,1,1
16154,7.0,2,1,1,1
16155,14.0,3,1,1,3
16156,19.0,4,1,1,5
16157,9.0,5,1,1,1
16158,4.0,6,1,1,1
16159,10.0,7,1,1,1
16160,16.0,8,1,1,4
16161,12.0,9,1,1,2
16162,5.0,10,1,1,1
16163,6.0,11,1,1,1
16164,10.0,12,1,1,1
16165,4.0,13,1,1,1
16166,9.0,14,1,1,1
16167,6.0,15,1,1,1
16168,16.0,16,1,1,4
16169,5.0,17,1,1,1
16170,5.0,18,1,1,1
16171,12.0,19,1,1,2
16172,14.0,20,1,1,3
16173,12.0,21,1,1,2
16174,19.0,22,1,1,5
16175,14.0,23,1,1,3
16176,5.0,0,2,1,1
16177,8.0,1,2,1,1
16178,16.0,2,2,1,4
16179,20.0,3,2,1,5
16180,15.0,4,2,1,3
16181,16.0,5,2,1,4
16182,20.0,6,2,1,5
16183,18.0,7,2,1,5
16184,8.0,8,2,1,1
16185,8.0,9,2,1,1
16186,17.0,10,2,1,4
16187,14.0,11,2,1,3
16188,9.0,12,2,1,1
16189,7.0,13,2,1,1
16190,4.0,14,2,1,1
16191,12.0,15,2,1,2
16192,10.0,16,2,1,1
16193,6.0,17,2,1,1
16194,9.0,18,2,1,1
16195,16.0,19,2,1,4
16196,13.0,20,2,1,2
16197,6.0,21,2,1,1
16198,10.0,22,2,1,1
16199,6.0,23,2,1,1
16200,8.0,0,3,1,1
16201,6.0,1,3,1,1
16202,14.0,2,3,1,3
16203,6.0,3,3,1,1
16204,7.0,4,3,1,1
16205,12.0,5,3,1,2
16206,7.0,6,3,1,1
16207,9.0,7,3,1,1
16208,15.0,8,3,1,3
16209,20.0,9,3,1,5
16210,9.0,10,3,1,1
16211,14.0,11,3,1,3
16212,21.0,12,3,1,6
16213,13.0,13,3,1,2
16214,7.0,14,3,1,1
16215,21.0,15,3,1,6
16216,26.0,16,3,2,8
16217,19.0,17,3,1,5
16218,6.0,18,3,1,1
16219,29.0,19,3,3,9
16220,17.0,20,3,1,4
16221,28.0,21,3,2,9
16222,15.0,22,3,1,3
16223,8.0,23,3,1,1
16224,3.0,0,4,1,1
16225,4.0,1,4,1,1
16226,1.0,2,4,1,1
16227,3.0,3,4,1,1
16228,7.0,4,4,1,1
16229,10.0,5,4,1,1
16230,3.0,6,4,1,1
16231,10.0,7,4,1,1
16232,14.0,8,4,1,3
16233,15.0,9,4,1,3
16234,6.0,10,4,1,1
16235,7.0,11,4,1,1
16236,15.0,12,4,1,3
16237,9.0,13,4,1,1
16238,15.0,14,4,1,3
16239,12.0,15,4,1,2
16240,15.0,16,4,1,3
16241,23.0,17,4,1,7
16242,30.0,18,4,3,10
16243,15.0,19,4,1,3
16244,18.0,20,4,1,5
16245,23.0,21,4,1,7
16246,9.0,22,4,1,1
16247,9.0,23,4,1,1
16248,18.0,0,5,1,5
16249,10.0,1,5,1,1
16250,16.0,2,5,1,4
16251,10.0,3,5,1,1
16252,21.0,4,5,1,6
16253,39.0,5,5,5,14
16254,13.0,6,5,1,2
16255,15.0,7,5,1,3
16256,13.0,8,5,1,2
16257,10.0,9,5,1,1
16258,13.0,10,5,1,2
16259,9.0,11,5,1,1
16260,14.0,12,5,1,3
16261,18.0,13,5,1,5
16262,21.0,14,5,1,6
16263,13.0,15,5,1,2
16264,17.0,16,5,1,4
16265,15.0,17,5,1,3
16266,25.0,18,5,2,8
16267,9.0,19,5,1,1
16268,21.0,20,5,1,6
16269,23.0,21,5,1,7
16270,42.0,22,5,5,15
16271,17.0,23,5,1,4
16272,30.0,0,6,3,10
16273,36.0,1,6,4,12
16274,68.0,2,6,10,28
16275,66.0,3,6,10,27
16276,63.0,4,6,9,25
16277,65.0,5,6,10,26
16278,85.0,6,6,13,37
16279,57.0,7,6,8,22
16280,29.0,8,6,3,9
16281,32.0,9,6,3,11
16282,26.0,10,6,2,8
16283,50.0,11,6,7,19
16284,32.0,12,6,3,11
16285,32.0,13,6,3,11
16286,27.0,14,6,2,8
16287,40.0,15,6,5,14
16288,74.0,16,6,11,31
16289,71.0,17,6,11,29
16290,75.0,18,6,11,31
16291,63.0,19,6,9,25
16292,75.0,20,6,11,31
16293,58.0,21,6,8,23
16294,35.0,22,6,4,12
16295,21.0,23,6,1,6
16296,18.0,0,0,1,5
16297,28.0,1,0,2,9
16298,26.0,2,0,2,8
16299,23.0,3,0,1,7
16300,41.0,4,0,5,15
16301,76.0,5,0,12,32
16302,29.0,6,0,3,9
16303,26.0,7,0,2,8
16304,21.0,8,0,1,6
16305,35.0,9,0,4,12
16306,34.0,10,0,4,12
16307,42.0,11,0,5,15
16308,32.0,12,0,3,11
16309,38.0,13,0,4,13
16310,33.0,14,0,3,11
16311,24.0,15,0,2,7
16312,32.0,16,0,3,11
16313,51.0,17,0,7,19
16314,43.0,18,0,5,16
16315,32.0,19,0,3,11
16316,51.0,20,0,7,19
16317,56.0,21,0,8,22
16318,51.0,22,0,7,19
16319,49.0,23,0,7,18
16320,36.0,0,1,4,12
16321,25.0,1,1,2,8
16322,65.0,2,1,10,26
16323,62.0,3,1,9,25
16324,59.0,4,1,8,23
16325,59.0,5,1,8,23
16326,85.0,6,1,13,37
16327,105.0,7,1,17,48
16328,87.0,8,1,14,38
16329,114.0,9,1,18,53
16330,99.0,10,1,16,44
16331,119.0,11,1,19,56
16332,77.0,12,1,12,32
16333,62.0,13,1,9,25
16334,57.0,14,1,8,22
16335,49.0,15,1,7,18
16336,52.0,16,1,7,20
16337,49.0,17,1,7,18
16338,56.0,18,1,8,22
16339,99.0,19,1,16,44
16340,98.0,20,1,16,44
16341,90.0,21,1,14,39
16342,86.0,22,1,13,37
16343,55.0,23,1,8,21
16344,85.0,0,2,13,37
16345,103.0,1,2,16,46
16346,123.0,2,2,20,58
16347,119.0,3,2,19,56
16348,105.0,4,2,17,48
16349,69.0,5,2,10,28
16350,50.0,6,2,7,19
16351,54.0,7,2,8,21
16352,64.0,8,2,9,26
16353,65.0,9,2,10,26
16354,56.0,10,2,8,22
16355,91.0,11,2,14,40
16356,92.0,12,2,15,40
16357,69.0,13,2,10,28
16358,64.0,14,2,9,26
16359,51.0,15,2,7,19
16360,84.0,16,2,13,36
16361,56.0,17,2,8,22
16362,62.0,18,2,9,25
16363,70.0,19,2,11,29
16364,59.0,20,2,8,23
16365,79.0,21,2,12,33
16366,54.0,22,2,8,21
16367,50.0,23,2,7,19
16368,99.0,0,3,16,44
16369,105.0,1,3,17,48
16370,92.0,2,3,15,40
16371,89.0,3,3,14,39
16372,83.0,4,3,13,36
16373,57.0,5,3,8,22
16374,83.0,6,3,13,36
16375,83.0,7,3,13,36
16376,75.0,8,3,11,31
16377,85.0,9,3,13,37
16378,60.0,10,3,9,24
16379,58.0,11,3,8,23
16380,99.0,12,3,16,44
16381,139.0,13,3,23,68
16382,103.0,14,3,16,46
16383,116.0,15,3,19,54
16384,121.0,16,3,20,57
16385,121.0,17,3,20,57
16386,138.0,18,3,22,67
16387,142.0,19,3,23,69
16388,144.0,20,3,23,71
16389,189.0,21,3,30,101
16390,180.0,22,3,29,94
16391,150.0,23,3,24,75
16392,116.0,0,4,19,54
16393,100.0,1,4,16,45
16394,99.0,2,4,16,44
16395,105.0,3,4,17,48
16396,106.0,4,4,17,48
16397,126.0,5,4,20,60
16398,151.0,6,4,25,75
16399,156.0,7,4,25,78
16400,99.0,8,4,16,44
16401,91.0,9,4,14,40
16402,125.0,10,4,20,59
16403,104.0,11,4,17,47
16404,100.0,12,4,16,45
16405,140.0,13,4,23,68
16406,105.0,14,4,17,48
16407,103.0,15,4,16,46
16408,120.0,16,4,19,56
16409,93.0,17,4,15,41
16410,104.0,18,4,17,47
16411,125.0,19,4,20,59
16412,108.0,20,4,17,49
16413,98.0,21,4,16,44
16414,106.0,22,4,17,48
16415,109.0,23,4,18,50
16416,117.0,0,5,19,54
16417,112.0,1,5,18,52
16418,112.0,2,5,18,52
16419,72.0,3,5,11,30
16420,87.0,4,5,14,38
16421,77.0,5,5,12,32
16422,93.0,6,5,15,41
16423,97.0,7,5,15,43
16424,102.0,8,5,16,46
16425,103.0,9,5,16,46
16426,94.0,10,5,15,41
16427,116.0,11,5,19,54
16428,143.0,12,5,23,70
16429,133.0,13,5,22,64
16430,136.0,14,5,22,66
16431,99.0,15,5,16,44
16432,122.0,16,5,20,57
16433,135.0,17,5,22,65
16434,89.0,18,5,14,39
16435,154.0,19,5,25,77
16436,113.0,20,5,18,52
16437,108.0,21,5,17,49
16438,117.0,22,5,19,54
16439,107.0,23,5,17,49
16440,134.0,0,6,22,65
16441,144.0,1,6,23,71
16442,126.0,2,6,20,60
16443,152.0,3,6,25,76
16444,139.0,4,6,23,68
16445,149.0,5,6,24,74
16446,201.0,6,6,32,109
16447,145.0,7,6,24,71
16448,127.0,8,6,21,60
16449,125.0,9,6,20,59
16450,140.0,10,6,23,68
16451,159.0,11,6,26,80
16452,103.0,12,6,16,46
16453,133.0,13,6,22,64
16454,171.0,14,6,28,88
16455,148.0,15,6,24,73
16456,135.0,16,6,22,65
16457,152.0,17,6,25,76
16458,190.0,18,6,31,101
16459,168.0,19,6,27,86
16460,159.0,20,6,26,80
16461,128.0,21,6,21,61
16462,135.0,22,6,22,65
16463,167.0,23,6,27,86
16464,143.0,0,0,23,70
16465,144.0,1,0,23,71
16466,174.0,2,0,28,90
16467,154.0,3,0,25,77
16468,156.0,4,0,25,78
16469,111.0,5,0,18,51
16470,94.0,6,0,15,41
16471,162.0,7,0,26,82
16472,144.0,8,0,23,71
16473,119.0,9,0,19,56
16474,114.0,10,0,18,53
16475,133.0,11,0,22,64
16476,94.0,12,0,15,41
16477,153.0,13,0,25,76
16478,183.0,14,0,30,96
16479,125.0,15,0,20,59
16480,100.0,16,0,16,45
16481,121.0,17,0,20,57
16482,111.0,18,0,18,51
16483,129.0,19,0,21,62
16484,112.0,20,0,18,52
16485,154.0,21,0,25,77
16486,146.0,22,0,24,72
16487,153.0,23,0,25,76
16488,131.0,0,1,21,63
16489,145.0,1,1,24,71
16490,133.0,2,1,22,64
16491,132.0,3,1,21,63
16492,151.0,4,1,25,75
16493,108.0,5,1,17,49
16494,112.0,6,1,18,52
16495,125.0,7,1,20,59
16496,149.0,8,1,24,74
16497,101.0,9,1,16,45
16498,126.0,10,1,20,60
16499,126.0,11,1,20,60
16500,110.0,12,1,18,50
16501,128.0,13,1,21,61
16502,182.0,14,1,29,96
16503,193.0,15,1,31,103
16504,116.0,16,1,19,54
16505,186.0,17,1,30,98
16506,202.0,18,1,32,110
16507,149.0,19,1,24,74
16508,163.0,20,1,26,83
16509,143.0,21,1,23,70
16510,203.0,22,1,32,110
16511,208.0,23,1,33,114
16512,172.0,0,2,28,89
16513,196.0,1,2,31,105
16514,186.0,2,2,30,98
16515,177.0,3,2,29,92
16516,142.0,4,2,23,69
16517,161.0,5,2,26,82
16518,159.0,6,2,26,80
16519,155.0,7,2,25,78
16520,158.0,8,2,26,80
16521,94.0,9,2,15,41
16522,127.0,10,2,21,60
16523,151.0,11,2,25,75
16524,145.0,12,2,24,71
16525,198.0,13,2,32,107
16526,144.0,14,2,23,71
16527,132.0,15,2,21,63
16528,145.0,16,2,24,71
16529,154.0,17,2,25,77
16530,124.0,18,2,20,59
16531,168.0,19,2,27,86
16532,182.0,20,2,29,96
16533,173.0,21,2,28,90
16534,136.0,22,2,22,66
16535,133.0,23,2,22,64
16536,141.0,0,3,23,69
16537,107.0,1,3,17,49
16538,96.0,2,3,15,43
16539,141.0,3,3,23,69
16540,140.0,4,3,23,68
16541,110.0,5,3,18,50
16542,143.0,6,3,23,70
16543,197.0,7,3,32,106
16544,114.0,8,3,18,53
16545,131.0,9,3,21,63
16546,143.0,10,3,23,70
16547,177.0,11,3,29,92
16548,149.0,12,3,24,74
16549,159.0,13,3,26,80
16550,198.0,14,3,32,107
16551,112.0,15,3,18,52
16552,146.0,16,3,24,72
16553,144.0,17,3,23,71
16554,121.0,18,3,20,57
16555,128.0,19,3,21,61
16557,174.0,21,3,28,90
16558,165.0,22,3,27,84
16559,120.0,23,3,19,56
16560,114.0,0,4,18,53
16561,133.0,1,4,22,64
16562,114.0,2,4,18,53
16563,148.0,3,4,24,73
16564,143.0,4,4,23,70
16565,124.0,5,4,20,59
16566,116.0,6,4,19,54
16567,169.0,7,4,27,87
16568,134.0,8,4,22,65
16569,124.0,9,4,20,59
16570,146.0,10,4,24,72
16571,153.0,11,4,25,76
16572,127.0,12,4,21,60
16573,127.0,13,4,21,60
16574,90.0,14,4,14,39
16575,124.0,15,4,20,59
16576,145.0,16,4,24,71
16577,159.0,17,4,26,80
16578,167.0,18,4,27,86
16579,131.0,19,4,21,63
16580,145.0,20,4,24,71
16581,149.0,21,4,24,74
16582,135.0,22,4,22,65
16583,127.0,23,4,21,60
16584,123.0,0,5,20,58
16585,129.0,1,5,21,62
16586,158.0,2,5,26,80
16587,149.0,3,5,24,74
16588,110.0,4,5,18,50
16589,119.0,5,5,19,56
16590,104.0,6,5,17,47
16591,111.0,7,5,18,51
16592,165.0,8,5,27,84
16593,176.0,9,5,28,92
16594,216.0,10,5,34,120
16595,161.0,11,5,26,82
16597,162.0,13,5,26,82
16599,476.0,15,5,60,366
16600,180.0,16,5,29,94
16601,197.0,17,5,32,106
16602,209.0,18,5,33,115
16603,217.0,19,5,34,121
16604,197.0,20,5,32,106
16605,190.0,21,5,31,101
16606,119.0,22,5,19,56
16607,114.0,23,5,18,53
16608,123.0,0,6,20,58
16609,138.0,1,6,22,67
16610,155.0,2,6,25,78
16611,130.0,3,6,21,62
16612,132.0,4,6,21,63
16613,135.0,5,6,22,65
16614,154.0,6,6,25,77
16615,136.0,7,6,22,66
16616,139.0,8,6,23,68
16617,125.0,9,6,20,59
16618,159.0,10,6,26,80
16619,114.0,11,6,18,53
16620,132.0,12,6,21,63
16621,155.0,13,6,25,78
16622,124.0,14,6,20,59
16623,114.0,15,6,18,53
16624,170.0,16,6,28,88
16625,142.0,17,6,23,69
16626,162.0,18,6,26,82
16627,146.0,19,6,24,72
16628,161.0,20,6,26,82
16629,167.0,21,6,27,86
16630,149.0,22,6,24,74
16631,174.0,23,6,28,90
16632,153.0,0,0,25,76
16633,135.0,1,0,22,65
16634,156.0,2,0,25,78
16635,129.0,3,0,21,62
16636,122.0,4,0,20,57
16637,210.0,5,0,33,115
16638,152.0,6,0,25,76
16639,128.0,7,0,21,61
16640,106.0,8,0,17,48
16641,116.0,9,0,19,54
16642,101.0,10,0,16,45
16643,127.0,11,0,21,60
16644,129.0,12,0,21,62
16645,116.0,13,0,19,54
16646,117.0,14,0,19,54
16647,153.0,15,0,25,76
16648,136.0,16,0,22,66
16649,160.0,17,0,26,81
16650,158.0,18,0,26,80
16651,149.0,19,0,24,74
16652,168.0,20,0,27,86
16653,123.0,21,0,20,58
16654,174.0,22,0,28,90
16655,128.0,23,0,21,61
16656,133.0,0,1,22,64
16657,103.0,1,1,16,46
16658,101.0,2,1,16,45
16659,136.0,3,1,22,66
16660,118.0,4,1,19,55
16661,111.0,5,1,18,51
16662,92.0,6,1,15,40
16663,131.0,7,1,21,63
16664,132.0,8,1,21,63
16665,92.0,9,1,15,40
16666,121.0,10,1,20,57
16667,101.0,11,1,16,45
16668,125.0,12,1,20,59
16669,133.0,13,1,22,64
16670,138.0,14,1,22,67
16671,125.0,15,1,20,59
16672,107.0,16,1,17,49
16673,140.0,17,1,23,68
16674,98.0,18,1,16,44
16675,128.0,19,1,21,61
16676,129.0,20,1,21,62
16677,143.0,21,1,23,70
16678,99.0,22,1,16,44
16679,133.0,23,1,22,64
16680,138.0,0,2,22,67
16681,111.0,1,2,18,51
16682,127.0,2,2,21,60
16683,100.0,3,2,16,45
16684,131.0,4,2,21,63
16685,131.0,5,2,21,63
16686,119.0,6,2,19,56
16687,150.0,7,2,24,75
16688,112.0,8,2,18,52
16689,101.0,9,2,16,45
16690,127.0,10,2,21,60
16691,127.0,11,2,21,60
16692,153.0,12,2,25,76
16693,128.0,13,2,21,61
16694,163.0,14,2,26,83
16695,154.0,15,2,25,77
16696,197.0,16,2,32,106
16697,156.0,17,2,25,78
16698,151.0,18,2,25,75
16699,149.0,19,2,24,74
16700,156.0,20,2,25,78
16701,174.0,21,2,28,90
16702,124.0,22,2,20,59
16703,150.0,23,2,24,75
16704,163.0,0,3,26,83
16705,169.0,1,3,27,87
16706,153.0,2,3,25,76
16707,132.0,3,3,21,63
16708,108.0,4,3,17,49
16709,162.0,5,3,26,82
16710,131.0,6,3,21,63
16711,177.0,7,3,29,92
16712,142.0,8,3,23,69
16713,132.0,9,3,21,63
16714,113.0,10,3,18,52
16715,114.0,11,3,18,53
16716,105.0,12,3,17,48
16717,101.0,13,3,16,45
16718,99.0,14,3,16,44
16719,119.0,15,3,19,56
16720,175.0,16,3,28,91
16721,128.0,17,3,21,61
16722,142.0,18,3,23,69
16723,140.0,19,3,23,68
16724,131.0,20,3,21,63
16725,128.0,21,3,21,61
16726,125.0,22,3,20,59
16727,136.0,23,3,22,66
16728,123.0,0,4,20,58
16729,147.0,1,4,24,73
16730,139.0,2,4,23,68
16731,174.0,3,4,28,90
16732,102.0,4,4,16,46
16733,116.0,5,4,19,54
16734,121.0,6,4,20,57
16735,133.0,7,4,22,64
16736,133.0,8,4,22,64
16737,121.0,9,4,20,57
16738,107.0,10,4,17,49
16739,134.0,11,4,22,65
16740,131.0,12,4,21,63
16741,140.0,13,4,23,68
16742,160.0,14,4,26,81
16743,212.0,15,4,34,117
16744,214.0,16,4,34,118
16745,171.0,17,4,28,88
16746,164.0,18,4,27,84
16747,167.0,19,4,27,86
16748,143.0,20,4,23,70
16749,131.0,21,4,21,63
16750,126.0,22,4,20,60
16751,143.0,23,4,23,70
16752,152.0,0,5,25,76
16753,159.0,1,5,26,80
16754,140.0,2,5,23,68
16755,177.0,3,5,29,92
16756,186.0,4,5,30,98
16757,156.0,5,5,25,78
16758,166.0,6,5,27,85
16759,166.0,7,5,27,85
16760,125.0,8,5,20,59
16761,130.0,9,5,21,62
16762,110.0,10,5,18,50
16763,129.0,11,5,21,62
16764,98.0,12,5,16,44
16765,141.0,13,5,23,69
16766,113.0,14,5,18,52
16767,144.0,15,5,23,71
16768,183.0,16,5,30,96
16769,169.0,17,5,27,87
16770,181.0,18,5,29,95
16771,178.0,19,5,29,93
16772,153.0,20,5,25,76
16773,166.0,21,5,27,85
16774,152.0,22,5,25,76
16775,120.0,23,5,19,56
16776,136.0,0,6,22,66
16778,131.0,2,6,21,63
16779,154.0,3,6,25,77
16780,392.0,4,6,54,275
16781,312.0,5,6,46,198
16782,154.0,6,6,25,77
16783,101.0,7,6,16,45
16784,145.0,8,6,24,71
16785,120.0,9,6,19,56
16786,104.0,10,6,17,47
16787,162.0,11,6,26,82
16788,123.0,12,6,20,58
16789,114.0,13,6,18,53
16790,142.0,14,6,23,69
16791,136.0,15,6,22,66
16792,107.0,16,6,17,49
16793,113.0,17,6,18,52
16794,116.0,18,6,19,54
16795,126.0,19,6,20,60
16796,96.0,20,6,15,43
16797,129.0,21,6,21,62
16798,108.0,22,6,17,49
16799,109.0,23,6,18,50
16800,174.0,0,0,28,90
16801,178.0,1,0,29,93
16802,185.0,2,0,30,98
16803,154.0,3,0,25,77
16804,164.0,4,0,27,84
16805,158.0,5,0,26,80
16806,183.0,6,0,30,96
16807,195.0,7,0,31,105
16808,187.0,8,0,30,99
16809,189.0,9,0,30,101
16810,191.0,10,0,31,102
16811,187.0,11,0,30,99
16812,216.0,12,0,34,120
16813,232.0,13,0,37,132
16814,186.0,14,0,30,98
16815,184.0,15,0,30,97
16816,152.0,16,0,25,76
16817,147.0,17,0,24,73
16818,139.0,18,0,23,68
16819,146.0,19,0,24,72
16820,176.0,20,0,28,92
16821,178.0,21,0,29,93
16822,147.0,22,0,24,73
16823,147.0,23,0,24,73
16824,122.0,0,1,20,57
16825,200.0,1,1,32,108
16826,153.0,2,1,25,76
16827,149.0,3,1,24,74
16828,169.0,4,1,27,87
16829,160.0,5,1,26,81
16830,104.0,6,1,17,47
16831,139.0,7,1,23,68
16832,151.0,8,1,25,75
16833,205.0,9,1,33,112
16834,103.0,10,1,16,46
16835,146.0,11,1,24,72
16836,190.0,12,1,31,101
16837,119.0,13,1,19,56
16838,126.0,14,1,20,60
16839,167.0,15,1,27,86
16840,146.0,16,1,24,72
16841,163.0,17,1,26,83
16842,130.0,18,1,21,62
16843,154.0,19,1,25,77
16844,93.0,20,1,15,41
16845,187.0,21,1,30,99
16846,148.0,22,1,24,73
16847,143.0,23,1,23,70
16848,148.0,0,2,24,73
16849,140.0,1,2,23,68
16850,136.0,2,2,22,66
16851,112.0,3,2,18,52
16852,135.0,4,2,22,65
16853,131.0,5,2,21,63
16854,153.0,6,2,25,76
16855,134.0,7,2,22,65
16856,139.0,8,2,23,68
16857,163.0,9,2,26,83
16858,146.0,10,2,24,72
16859,94.0,11,2,15,41
16860,103.0,12,2,16,46
16861,130.0,13,2,21,62
16862,122.0,14,2,20,57
16863,154.0,15,2,25,77
16864,122.0,16,2,20,57
16865,138.0,17,2,22,67
16866,161.0,18,2,26,82
16867,181.0,19,2,29,95
16868,191.0,20,2,31,102
16869,126.0,21,2,20,60
16870,143.0,22,2,23,70
16871,93.0,23,2,15,41
16872,121.0,0,3,20,57
16873,101.0,1,3,16,45
16874,165.0,2,3,27,84
16875,165.0,3,3,27,84
16876,163.0,4,3,26,83
16877,167.0,5,3,27,86
16878,150.0,6,3,24,75
16879,144.0,7,3,23,71
16880,167.0,8,3,27,86
16881,147.0,9,3,24,73
16882,143.0,10,3,23,70
16883,159.0,11,3,26,80
16884,193.0,12,3,31,103
16885,113.0,13,3,18,52
16886,159.0,14,3,26,80
16887,215.0,15,3,34,119
16888,219.0,16,3,35,122
16889,169.0,17,3,27,87
16890,201.0,18,3,32,109
16891,196.0,19,3,31,105
16892,159.0,20,3,26,80
16893,168.0,21,3,27,86
16894,124.0,22,3,20,59
16895,130.0,23,3,21,62
16896,130.0,0,4,21,62
16897,154.0,1,4,25,77
16898,158.0,2,4,26,80
16899,142.0,3,4,23,69
16900,141.0,4,4,23,69
16901,138.0,5,4,22,67
16902,136.0,6,4,22,66
16903,128.0,7,4,21,61
16904,100.0,8,4,16,45
16905,85.0,9,4,13,37
16906,136.0,10,4,22,66
16907,148.0,11,4,24,73
16908,113.0,12,4,18,52
16909,162.0,13,4,26,82
16910,169.0,14,4,27,87
16911,161.0,15,4,26,82
16912,152.0,16,4,25,76
16913,88.0,17,4,14,38
16914,100.0,18,4,16,45
16915,129.0,19,4,21,62
16916,145.0,20,4,24,71
16917,186.0,21,4,30,98
16918,182.0,22,4,29,96
16919,160.0,23,4,26,81
16920,129.0,0,5,21,62
16921,146.0,1,5,24,72
16922,130.0,2,5,21,62
16923,148.0,3,5,24,73
16924,113.0,4,5,18,52
16925,163.0,5,5,26,83
16926,161.0,6,5,26,82
16927,175.0,7,5,28,91
16928,164.0,8,5,27,84
16929,160.0,9,5,26,81
16930,187.0,10,5,30,99
16931,159.0,11,5,26,80
16932,169.0,12,5,27,87
16933,164.0,13,5,27,84
16934,119.0,14,5,19,56
16935,135.0,15,5,22,65
16936,113.0,16,5,18,52
16937,141.0,17,5,23,69
16938,124.0,18,5,20,59
16939,132.0,19,5,21,63
16940,128.0,20,5,21,61
16941,124.0,21,5,20,59
16942,183.0,22,5,30,96
16943,147.0,23,5,24,73
16944,209.0,0,6,33,115
16945,156.0,1,6,25,78
16946,158.0,2,6,26,80
16947,171.0,3,6,28,88
16948,215.0,4,6,34,119
16949,186.0,5,6,30,98
16950,201.0,6,6,32,109
16951,197.0,7,6,32,106
16952,162.0,8,6,26,82
16953,160.0,9,6,26,81
16954,143.0,10,6,23,70
16955,173.0,11,6,28,90
16956,161.0,12,6,26,82
16957,128.0,13,6,21,61
16958,181.0,14,6,29,95
16959,183.0,15,6,30,96
16960,181.0,16,6,29,95
16961,164.0,17,6,27,84
16962,172.0,18,6,28,89
16963,154.0,19,6,25,77
16964,146.0,20,6,24,72
16965,100.0,21,6,16,45
16966,140.0,22,6,23,68
16967,125.0,23,6,20,59
16968,163.0,0,0,26,83
16969,150.0,1,0,24,75
16970,143.0,2,0,23,70
16971,148.0,3,0,24,73
16972,118.0,4,0,19,55
16973,150.0,5,0,24,75
16974,133.0,6,0,22,64
16975,178.0,7,0,29,93
16976,171.0,8,0,28,88
16977,183.0,9,0,30,96
16978,129.0,10,0,21,62
16979,153.0,11,0,25,76
16980,176.0,12,0,28,92
16981,202.0,13,0,32,110
16982,167.0,14,0,27,86
16983,200.0,15,0,32,108
16984,160.0,16,0,26,81
16985,223.0,17,0,35,125
16986,223.0,18,0,35,125
16987,251.0,19,0,39,147
16988,187.0,20,0,30,99
16989,196.0,21,0,31,105
16990,281.0,22,0,43,171
16991,214.0,23,0,34,118
16992,150.0,0,1,24,75
16993,192.0,1,1,31,103
16994,154.0,2,1,25,77
16995,173.0,3,1,28,90
16996,202.0,4,1,32,110
16997,232.0,5,1,37,132
16998,188.0,6,1,30,100
16999,188.0,7,1,30,100
17000,212.0,8,1,34,117
17001,190.0,9,1,31,101
17002,175.0,10,1,28,91
17003,146.0,11,1,24,72
17004,159.0,12,1,26,80
17005,171.0,13,1,28,88
17006,195.0,14,1,31,105
17007,162.0,15,1,26,82
17008,151.0,16,1,25,75
17009,164.0,17,1,27,84
17010,165.0,18,1,27,84
17011,147.0,19,1,24,73
17013,190.0,21,1,31,101
17014,202.0,22,1,32,110
17015,124.0,23,1,20,59
17016,154.0,0,2,25,77
17017,230.0,1,2,36,130
17018,151.0,2,2,25,75
17019,175.0,3,2,28,91
17020,185.0,4,2,30,98
17021,193.0,5,2,31,103
17022,192.0,6,2,31,103
17023,188.0,7,2,30,100
17024,184.0,8,2,30,97
17025,193.0,9,2,31,103
17026,182.0,10,2,29,96
17027,174.0,11,2,28,90
17028,229.0,12,2,36,130
17029,194.0,13,2,31,104
17030,180.0,14,2,29,94
17031,207.0,15,2,33,113
17032,204.0,16,2,33,111
17033,151.0,17,2,25,75
17034,203.0,18,2,32,110
17035,195.0,19,2,31,105
17036,214.0,20,2,34,118
17037,163.0,21,2,26,83
17038,165.0,22,2,27,84
17039,198.0,23,2,32,107
17040,217.0,0,3,34,121
17041,212.0,1,3,34,117
17042,143.0,2,3,23,70
17043,206.0,3,3,33,113
17044,186.0,4,3,30,98
17045,214.0,5,3,34,118
17046,161.0,6,3,26,82
17047,174.0,7,3,28,90
17048,201.0,8,3,32,109
17049,189.0,9,3,30,101
17050,181.0,10,3,29,95
17051,203.0,11,3,32,110
17052,249.0,12,3,39,145
17053,168.0,13,3,27,86
17054,168.0,14,3,27,86
17055,172.0,15,3,28,89
17056,271.0,16,3,42,163
17057,293.0,17,3,44,182
17058,293.0,18,3,44,182
17059,213.0,19,3,34,118
17060,230.0,20,3,36,130
17061,254.0,21,3,39,149
17062,233.0,22,3,37,133
17063,238.0,23,3,37,137
17064,262.0,0,4,40,156
17065,228.0,1,4,36,129
17066,238.0,2,4,37,137
17067,233.0,3,4,37,133
17068,209.0,4,4,33,115
17069,193.0,5,4,31,103
17070,197.0,6,4,32,106
17071,262.0,7,4,40,156
17072,175.0,8,4,28,91
17073,231.0,9,4,36,131
17074,178.0,10,4,29,93
17075,193.0,11,4,31,103
17076,198.0,12,4,32,107
17077,181.0,13,4,29,95
17078,193.0,14,4,31,103
17079,158.0,15,4,26,80
17080,213.0,16,4,34,118
17081,182.0,17,4,29,96
17082,242.0,18,4,38,140
17083,190.0,19,4,31,101
17084,149.0,20,4,24,74
17085,180.0,21,4,29,94
17086,173.0,22,4,28,90
17087,236.0,23,4,37,135
17088,230.0,0,5,36,130
17089,205.0,1,5,33,112
17090,215.0,2,5,34,119
17091,212.0,3,5,34,117
17092,155.0,4,5,25,78
17093,211.0,5,5,34,116
17094,204.0,6,5,33,111
17095,211.0,7,5,34,116
17096,174.0,8,5,28,90
17097,146.0,9,5,24,72
17098,166.0,10,5,27,85
17099,177.0,11,5,29,92
17100,194.0,12,5,31,104
17101,187.0,13,5,30,99
17102,192.0,14,5,31,103
17103,220.0,15,5,35,123
17104,201.0,16,5,32,109
17105,236.0,17,5,37,135
17106,279.0,18,5,43,170
17107,196.0,19,5,31,105
17108,252.0,20,5,39,148
17109,254.0,21,5,39,149
17110,246.0,22,5,38,143
17111,239.0,23,5,37,137
17112,242.0,0,6,38,140
17113,243.0,1,6,38,140
17114,216.0,2,6,34,120
17115,247.0,3,6,39,144
17116,253.0,4,6,39,148
17117,223.0,5,6,35,125
17118,226.0,6,6,36,127
17119,195.0,7,6,31,105
17120,176.0,8,6,28,92
17121,145.0,9,6,24,71
17122,208.0,10,6,33,114
17123,156.0,11,6,25,78
17124,165.0,12,6,27,84
17125,185.0,13,6,30,98
17126,218.0,14,6,35,121
17127,176.0,15,6,28,92
17128,215.0,16,6,34,119
17129,180.0,17,6,29,94
17130,161.0,18,6,26,82
17131,184.0,19,6,30,97
17132,196.0,20,6,31,105
17133,218.0,21,6,35,121
17134,247.0,22,6,39,144
17135,177.0,23,6,29,92
17136,159.0,0,0,26,80
17137,178.0,1,0,29,93
17138,150.0,2,0,24,75
17139,119.0,3,0,19,56
17140,158.0,4,0,26,80
17141,196.0,5,0,31,105
17142,281.0,6,0,43,171
17143,181.0,7,0,29,95
17144,213.0,8,0,34,118
17145,196.0,9,0,31,105
17146,210.0,10,0,33,115
17147,176.0,11,0,28,92
17148,180.0,12,0,29,94
17149,200.0,13,0,32,108
17150,204.0,14,0,33,111
17151,229.0,15,0,36,130
17152,233.0,16,0,37,133
17153,215.0,17,0,34,119
17154,257.0,18,0,40,152
17155,190.0,19,0,31,101
17156,195.0,20,0,31,105
17157,165.0,21,0,27,84
17158,201.0,22,0,32,109
17159,180.0,23,0,29,94
17160,152.0,0,1,25,76
17161,165.0,1,1,27,84
17162,201.0,2,1,32,109
17163,208.0,3,1,33,114
17164,275.0,4,1,42,166
17165,229.0,5,1,36,130
17166,143.0,6,1,23,70
17167,204.0,7,1,33,111
17168,212.0,8,1,34,117
17169,202.0,9,1,32,110
17170,209.0,10,1,33,115
17171,216.0,11,1,34,120
17173,439.0,13,1,58,324
17174,216.0,14,1,34,120
17175,227.0,15,1,36,128
17176,227.0,16,1,36,128
17177,230.0,17,1,36,130
17178,198.0,18,1,32,107
17179,177.0,19,1,29,92
17180,190.0,20,1,31,101
17181,207.0,21,1,33,113
17182,206.0,22,1,33,113
17183,224.0,23,1,35,126
17184,136.0,0,2,22,66
17185,183.0,1,2,30,96
17186,142.0,2,2,23,69
17187,161.0,3,2,26,82
17188,162.0,4,2,26,82
17189,167.0,5,2,27,86
17190,183.0,6,2,30,96
17191,158.0,7,2,26,80
17192,153.0,8,2,25,76
17193,165.0,9,2,27,84
17194,211.0,10,2,34,116
17195,163.0,11,2,26,83
17196,146.0,12,2,24,72
17197,192.0,13,2,31,103
17198,204.0,14,2,33,111
17199,193.0,15,2,31,103
17200,207.0,16,2,33,113
17201,186.0,17,2,30,98
17202,197.0,18,2,32,106
17203,183.0,19,2,30,96
17204,205.0,20,2,33,112
17205,185.0,21,2,30,98
17206,155.0,22,2,25,78
17207,165.0,23,2,27,84
17208,156.0,0,3,25,78
17209,205.0,1,3,33,112
17210,243.0,2,3,38,140
17211,220.0,3,3,35,123
17212,189.0,4,3,30,101
17213,169.0,5,3,27,87
17214,168.0,6,3,27,86
17215,181.0,7,3,29,95
17216,161.0,8,3,26,82
17217,169.0,9,3,27,87
17218,189.0,10,3,30,101
17219,203.0,11,3,32,110
17220,222.0,12,3,35,124
17221,164.0,13,3,27,84
17222,148.0,14,3,24,73
17223,135.0,15,3,22,65
17224,130.0,16,3,21,62
17225,133.0,17,3,22,64
17226,169.0,18,3,27,87
17227,162.0,19,3,26,82
17228,150.0,20,3,24,75
17229,156.0,21,3,25,78
17230,164.0,22,3,27,84
17231,159.0,23,3,26,80
17232,161.0,0,4,26,82
17233,130.0,1,4,21,62
17234,152.0,2,4,25,76
17235,148.0,3,4,24,73
17236,135.0,4,4,22,65
17237,165.0,5,4,27,84
17238,126.0,6,4,20,60
17239,138.0,7,4,22,67
17240,139.0,8,4,23,68
17241,117.0,9,4,19,54
17242,138.0,10,4,22,67
17243,159.0,11,4,26,80
17244,145.0,12,4,24,71
17245,134.0,13,4,22,65
17246,136.0,14,4,22,66
17247,109.0,15,4,18,50
17248,144.0,16,4,23,71
17249,167.0,17,4,27,86
17250,156.0,18,4,25,78
17251,109.0,19,4,18,50
17252,185.0,20,4,30,98
17253,182.0,21,4,29,96
17254,144.0,22,4,23,71
17255,138.0,23,4,22,67
17256,156.0,0,5,25,78
17257,134.0,1,5,22,65
17258,107.0,2,5,17,49
17259,146.0,3,5,24,72
17260,124.0,4,5,20,59
17261,132.0,5,5,21,63
17262,129.0,6,5,21,62
17263,129.0,7,5,21,62
17264,129.0,8,5,21,62
17265,161.0,9,5,26,82
17266,231.0,10,5,36,131
17267,161.0,11,5,26,82
17268,110.0,12,5,18,50
17269,141.0,13,5,23,69
17270,147.0,14,5,24,73
17271,171.0,15,5,28,88
17272,149.0,16,5,24,74
17273,190.0,17,5,31,101
17274,127.0,18,5,21,60
17275,114.0,19,5,18,53
17276,111.0,20,5,18,51
17277,132.0,21,5,21,63
17278,107.0,22,5,17,49
17279,141.0,23,5,23,69
17280,117.0,0,6,19,54
17281,136.0,1,6,22,66
17282,125.0,2,6,20,59
17283,119.0,3,6,19,56
17284,122.0,4,6,20,57
17285,118.0,5,6,19,55
17286,111.0,6,6,18,51
17287,139.0,7,6,23,68
17288,178.0,8,6,29,93
17289,119.0,9,6,19,56
17290,114.0,10,6,18,53
17291,150.0,11,6,24,75
17292,133.0,12,6,22,64
17293,100.0,13,6,16,45
17294,92.0,14,6,15,40
17295,118.0,15,6,19,55
17296,127.0,16,6,21,60
17297,87.0,17,6,14,38
17298,93.0,18,6,15,41
17299,147.0,19,6,24,73
17300,122.0,20,6,20,57
17301,99.0,21,6,16,44
17302,118.0,22,6,19,55
17303,111.0,23,6,18,51
17304,105.0,0,0,17,48
17305,71.0,1,0,11,29
17306,85.0,2,0,13,37
17307,87.0,3,0,14,38
17308,155.0,4,0,25,78
17309,105.0,5,0,17,48
17310,114.0,6,0,18,53
17311,84.0,7,0,13,36
17312,71.0,8,0,11,29
17313,89.0,9,0,14,39
17314,100.0,10,0,16,45
17315,79.0,11,0,12,33
17316,96.0,12,0,15,43
17317,98.0,13,0,16,44
17318,99.0,14,0,16,44
17319,104.0,15,0,17,47
17320,98.0,16,0,16,44
17321,85.0,17,0,13,37
17322,60.0,18,0,9,24
17323,102.0,19,0,16,46
17324,70.0,20,0,11,29
17325,91.0,21,0,14,40
17326,85.0,22,0,13,37
17327,93.0,23,0,15,41
17328,83.0,0,1,13,36
17329,75.0,1,1,11,31
17330,74.0,2,1,11,31
17331,77.0,3,1,12,32
17332,46.0,4,1,6,17
17333,66.0,5,1,10,27
17334,70.0,6,1,11,29
17335,65.0,7,1,10,26
17336,61.0,8,1,9,24
17337,75.0,9,1,11,31
17338,69.0,10,1,10,28
17339,67.0,11,1,10,27
17340,60.0,12,1,9,24
17341,105.0,13,1,17,48
17342,71.0,14,1,11,29
17343,68.0,15,1,10,28
17344,71.0,16,1,11,29
17345,125.0,17,1,20,59
17346,66.0,18,1,10,27
17347,87.0,19,1,14,38
17348,90.0,20,1,14,39
17349,75.0,21,1,11,31
17350,74.0,22,1,11,31
17351,94.0,23,1,15,41
17352,66.0,0,2,10,27
17353,77.0,1,2,12,32
17354,75.0,2,2,11,31
17355,82.0,3,2,13,35
17356,129.0,4,2,21,62
17357,79.0,5,2,12,33
17358,93.0,6,2,15,41
17359,90.0,7,2,14,39
17360,81.0,8,2,13,34
17361,42.0,9,2,5,15
17362,56.0,10,2,8,22
17363,74.0,11,2,11,31
17364,75.0,12,2,11,31
17365,70.0,13,2,11,29
17366,83.0,14,2,13,36
17367,108.0,15,2,17,49
17368,67.0,16,2,10,27
17369,76.0,17,2,12,32
17370,103.0,18,2,16,46
17371,93.0,19,2,15,41
17372,88.0,20,2,14,38
17373,68.0,21,2,10,28
17374,89.0,22,2,14,39
17375,62.0,23,2,9,25
17376,44.0,0,3,6,16
17377,74.0,1,3,11,31
17378,64.0,2,3,9,26
17379,65.0,3,3,10,26
17380,54.0,4,3,8,21
17381,48.0,5,3,6,18
17382,56.0,6,3,8,22
17383,42.0,7,3,5,15
17384,49.0,8,3,7,18
17385,42.0,9,3,5,15
17386,45.0,10,3,6,17
17387,58.0,11,3,8,23
17388,40.0,12,3,5,14
17389,40.0,13,3,5,14
17390,47.0,14,3,6,18
17391,45.0,15,3,6,17
17392,54.0,16,3,8,21
17393,35.0,17,3,4,12
17394,24.0,18,3,2,7
17395,50.0,19,3,7,19
17396,36.0,20,3,4,12
17397,45.0,21,3,6,17
17398,35.0,22,3,4,12
17399,33.0,23,3,3,11
17400,41.0,0,4,5,15
17401,38.0,1,4,4,13
17402,36.0,2,4,4,12
17403,45.0,3,4,6,17
17404,38.0,4,4,4,13
17405,43.0,5,4,5,16
17406,45.0,6,4,6,17
17407,40.0,7,4,5,14
17408,49.0,8,4,7,18
17409,60.0,9,4,9,24
17410,39.0,10,4,5,14
17411,38.0,11,4,4,13
17412,21.0,12,4,1,6
17413,29.0,13,4,3,9
17414,21.0,14,4,1,6
17415,40.0,15,4,5,14
17416,44.0,16,4,6,16
17417,43.0,17,4,5,16
17418,30.0,18,4,3,10
17419,20.0,19,4,1,5
17420,30.0,20,4,3,10
17421,32.0,21,4,3,11
17422,34.0,22,4,4,12
17423,42.0,23,4,5,15
17424,24.0,0,5,2,7
17425,21.0,1,5,1,6
17426,41.0,2,5,5,15
17427,45.0,3,5,6,17
17428,39.0,4,5,5,14
17429,27.0,5,5,2,8
17430,39.0,6,5,5,14
17431,29.0,7,5,3,9
17432,37.0,8,5,4,13
17433,32.0,9,5,3,11
17434,32.0,10,5,3,11
17435,36.0,11,5,4,12
17436,28.0,12,5,2,9
17437,30.0,13,5,3,10
17438,30.0,14,5,3,10
17439,69.0,15,5,10,28
17440,23.0,16,5,1,7
17441,30.0,17,5,3,10
17442,32.0,18,5,3,11
17443,17.0,19,5,1,4
17444,18.0,20,5,1,5
17445,16.0,21,5,1,4
17446,25.0,22,5,2,8
17447,38.0,23,5,4,13
17448,26.0,0,6,2,8
17449,24.0,1,6,2,7
17450,29.0,2,6,3,9
17451,63.0,3,6,9,25
17452,32.0,4,6,3,11
17453,23.0,5,6,1,7
17454,17.0,6,6,1,4
17455,25.0,7,6,2,8
17456,37.0,8,6,4,13
17457,37.0,9,6,4,13
17458,26.0,10,6,2,8
17459,16.0,11,6,1,4
17460,24.0,12,6,2,7
17461,35.0,13,6,4,12
17462,21.0,14,6,1,6
17463,32.0,15,6,3,11
17464,15.0,16,6,1,3
17465,21.0,17,6,1,6
17466,38.0,18,6,4,13
17467,22.0,19,6,1,6
17468,16.0,20,6,1,4
17469,22.0,21,6,1,6
17470,21.0,22,6,1,6
17471,23.0,23,6,1,7
17472,30.0,0,0,3,10
17473,28.0,1,0,2,9
17474,25.0,2,0,2,8
17475,20.0,3,0,1,5
17476,23.0,4,0,1,7
17477,20.0,5,0,1,5
17478,19.0,6,0,1,5
17479,16.0,7,0,1,4
17480,13.0,8,0,1,2
17481,10.0,9,0,1,1
17482,15.0,10,0,1,3
17483,22.0,11,0,1,6
17484,32.0,12,0,3,11
17485,20.0,13,0,1,5
17486,10.0,14,0,1,1
17487,7.0,15,0,1,1
17488,14.0,16,0,1,3
17489,21.0,17,0,1,6
17490,32.0,18,0,3,11
17491,14.0,19,0,1,3
17492,21.0,20,0,1,6
17493,34.0,21,0,4,12
17494,22.0,22,0,1,6
17495,14.0,23,0,1,3
17496,24.0,0,1,2,7
17497,22.0,1,1,1,6
17498,28.0,2,1,2,9
17499,8.0,3,1,1,1
17500,15.0,4,1,1,3
17501,17.0,5,1,1,4
17502,25.0,6,1,2,8
17503,18.0,7,1,1,5
17504,24.0,8,1,2,7
17505,4.0,9,1,1,1
17506,17.0,10,1,1,4
17507,20.0,11,1,1,5
17508,13.0,12,1,1,2
17509,15.0,13,1,1,3
17510,17.0,14,1,1,4
17511,13.0,15,1,1,2
17512,10.0,16,1,1,1
17513,18.0,17,1,1,5
17514,12.0,18,1,1,2
17515,12.0,19,1,1,2
17516,13.0,20,1,1,2
17517,6.0,21,1,1,1
17518,16.0,22,1,1,4
17519,27.0,23,1,2,8
17520,15.0,0,2,1,3
17521,14.0,1,2,1,3
17522,16.0,2,2,1,4
17523,17.0,3,2,1,4
17524,24.0,4,2,2,7
17525,14.0,5,2,1,3
17526,15.0,6,2,1,3
17527,8.0,7,2,1,1
17528,7.0,8,2,1,1
17529,9.0,9,2,1,1
17530,8.0,10,2,1,1
17531,14.0,11,2,1,3
17532,8.0,12,2,1,1
17533,9.0,13,2,1,1
17534,8.0,14,2,1,1
17535,7.0,15,2,1,1
17536,10.0,16,2,1,1
17537,9.0,17,2,1,1
17538,8.0,18,2,1,1
17539,9.0,19,2,1,1
17540,13.0,20,2,1,2
17541,2.0,21,2,1,1
17542,15.0,22,2,1,3
17543,6.0,23,2,1,1
17544,7.0,0,3,1,1
17545,21.0,1,3,1,6
17546,28.0,2,3,2,9
17547,20.0,3,3,1,5
17548,20.0,4,3,1,5
17549,10.0,5,3,1,1
17550,9.0,6,3,1,1
17551,12.0,7,3,1,2
17552,36.0,8,3,4,12
17553,19.0,9,3,1,5
17554,5.0,10,3,1,1
17555,13.0,11,3,1,2
17556,16.0,12,3,1,4
17557,9.0,13,3,1,1
17558,7.0,14,3,1,1
17559,9.0,15,3,1,1
17560,4.0,16,3,1,1
17561,5.0,17,3,1,1
17562,5.0,18,3,1,1
17563,8.0,19,3,1,1
17564,3.0,20,3,1,1
17565,7.0,21,3,1,1
17566,6.0,22,3,1,1
17567,4.0,23,3,1,1
17568,6.0,0,4,1,1
17569,16.0,1,4,1,4
17570,9.0,2,4,1,1
17571,14.0,3,4,1,3
17572,3.0,4,4,1,1
17573,5.0,5,4,1,1
17574,13.0,6,4,1,2
17575,8.0,7,4,1,1
17576,16.0,8,4,1,4
17577,8.0,9,4,1,1
17578,13.0,10,4,1,2
17579,8.0,11,4,1,1
17580,10.0,12,4,1,1
17581,5.0,13,4,1,1
17582,8.0,14,4,1,1
17583,14.0,15,4,1,3
17584,8.0,16,4,1,1
17585,14.0,17,4,1,3
17586,8.0,18,4,1,1
17587,12.0,19,4,1,2
17588,13.0,20,4,1,2
17589,17.0,21,4,1,4
17590,8.0,22,4,1,1
17591,7.0,23,4,1,1
17592,15.0,0,5,1,3
17593,12.0,1,5,1,2
17594,6.0,2,5,1,1
17595,17.0,3,5,1,4
17596,58.0,4,5,8,23
17597,21.0,5,5,1,6
17598,1.0,6,5,1,1
17599,12.0,7,5,1,2
17600,56.0,8,5,8,22
17601,57.0,9,5,8,22
17602,30.0,10,5,3,10
17603,25.0,11,5,2,8
17604,41.0,12,5,5,15
17605,38.0,13,5,4,13
17606,36.0,14,5,4,12
17607,23.0,15,5,1,7
17608,47.0,16,5,6,18
17609,40.0,17,5,5,14
17610,42.0,18,5,5,15
17611,40.0,19,5,5,14
17612,46.0,20,5,6,17
17613,33.0,21,5,3,11
17614,37.0,22,5,4,13
17615,37.0,23,5,4,13
17616,9.0,0,6,1,1
17617,13.0,1,6,1,2
17618,32.0,2,6,3,11
17619,14.0,3,6,1,3
17620,16.0,4,6,1,4
17621,32.0,5,6,3,11
17622,21.0,6,6,1,6
17623,10.0,7,6,1,1
17624,10.0,8,6,1,1
17625,4.0,9,6,1,1
17626,5.0,10,6,1,1
17627,3.0,11,6,1,1
17628,5.0,12,6,1,1
17629,7.0,13,6,1,1
17630,13.0,14,6,1,2
17631,17.0,15,6,1,4
17632,22.0,16,6,1,6
17633,19.0,17,6,1,5
17634,16.0,18,6,1,4
17635,16.0,19,6,1,4
17636,18.0,20,6,1,5
17637,9.0,21,6,1,1
17638,9.0,22,6,1,1
17639,7.0,23,6,1,1
17640,12.0,0,0,1,2
17641,7.0,1,0,1,1
17642,13.0,2,0,1,2
17643,9.0,3,0,1,1
17644,12.0,4,0,1,2
17645,14.0,5,0,1,3
17646,12.0,6,0,1,2
17647,8.0,7,0,1,1
17648,12.0,8,0,1,2
17649,48.0,9,0,6,18
17650,51.0,10,0,7,19
17651,51.0,11,0,7,19
17652,55.0,12,0,8,21
17653,58.0,13,0,8,23
17654,40.0,14,0,5,14
17655,44.0,15,0,6,16
17656,44.0,16,0,6,16
17657,46.0,17,0,6,17
17658,50.0,18,0,7,19
17659,40.0,19,0,5,14
17660,41.0,20,0,5,15
17661,47.0,21,0,6,18
17662,49.0,22,0,7,18
17663,18.0,23,0,1,5
17664,18.0,0,1,1,5
17665,8.0,1,1,1,1
17666,6.0,2,1,1,1
17667,9.0,3,1,1,1
17668,12.0,4,1,1,2
17669,13.0,5,1,1,2
17670,14.0,6,1,1,3
17671,25.0,7,1,2,8
17672,12.0,8,1,1,2
17673,9.0,9,1,1,1
17674,18.0,10,1,1,5
17675,18.0,11,1,1,5
17676,19.0,12,1,1,5
17677,12.0,13,1,1,2
17678,14.0,14,1,1,3
17679,17.0,15,1,1,4
17680,13.0,16,1,1,2
17681,13.0,17,1,1,2
17682,4.0,18,1,1,1
17683,21.0,19,1,1,6
17684,14.0,20,1,1,3
17685,8.0,21,1,1,1
17686,18.0,22,1,1,5
17687,19.0,23,1,1,5
17688,30.0,0,2,3,10
17689,19.0,1,2,1,5
17690,16.0,2,2,1,4
17691,18.0,3,2,1,5
17692,20.0,4,2,1,5
17693,14.0,5,2,1,3
17694,21.0,6,2,1,6
17695,13.0,7,2,1,2
17696,8.0,8,2,1,1
17697,21.0,9,2,1,6
17698,19.0,10,2,1,5
17699,18.0,11,2,1,5
17700,10.0,12,2,1,1
17701,20.0,13,2,1,5
17702,21.0,14,2,1,6
17703,74.0,15,2,11,31
17704,66.0,16,2,10,27
17705,64.0,17,2,9,26
17706,54.0,18,2,8,21
17707,51.0,19,2,7,19
17708,62.0,20,2,9,25
17709,59.0,21,2,8,23
17710,69.0,22,2,10,28
17711,81.0,23,2,13,34
17712,66.0,0,3,10,27
17713,68.0,1,3,10,28
17714,50.0,2,3,7,19
17715,75.0,3,3,11,31
17716,55.0,4,3,8,21
17717,18.0,5,3,1,5
17718,41.0,6,3,5,15
17719,29.0,7,3,3,9
17720,30.0,8,3,3,10
17721,23.0,9,3,1,7
17722,18.0,10,3,1,5
17723,33.0,11,3,3,11
17724,43.0,12,3,5,16
17725,30.0,13,3,3,10
17726,42.0,14,3,5,15
17727,35.0,15,3,4,12
17728,27.0,16,3,2,8
17729,32.0,17,3,3,11
17730,15.0,18,3,1,3
17731,25.0,19,3,2,8
17732,34.0,20,3,4,12
17733,46.0,21,3,6,17
17734,68.0,22,3,10,28
17735,55.0,23,3,8,21
17736,35.0,0,4,4,12
17737,35.0,1,4,4,12
17738,36.0,2,4,4,12
17739,41.0,3,4,5,15
17740,18.0,4,4,1,5
17741,21.0,5,4,1,6
17742,34.0,6,4,4,12
17743,30.0,7,4,3,10
17744,42.0,8,4,5,15
17745,43.0,9,4,5,16
17746,34.0,10,4,4,12
17747,39.0,11,4,5,14
17748,43.0,12,4,5,16
17749,46.0,13,4,6,17
17750,64.0,14,4,9,26
17751,48.0,15,4,6,18
17752,34.0,16,4,4,12
17753,37.0,17,4,4,13
17754,45.0,18,4,6,17
17755,30.0,19,4,3,10
17756,50.0,20,4,7,19
17757,54.0,21,4,8,21
17758,33.0,22,4,3,11
17759,61.0,23,4,9,24
17760,82.0,0,5,13,35
17761,85.0,1,5,13,37
17762,33.0,2,5,3,11
17763,71.0,3,5,11,29
17764,36.0,4,5,4,12
17765,43.0,5,5,5,16
17766,51.0,6,5,7,19
17767,48.0,7,5,6,18
17768,81.0,8,5,13,34
17769,41.0,9,5,5,15
17770,70.0,10,5,11,29
17771,74.0,11,5,11,31
17772,84.0,12,5,13,36
17773,64.0,13,5,9,26
17774,84.0,14,5,13,36
17775,59.0,15,5,8,23
17776,72.0,16,5,11,30
17777,50.0,17,5,7,19
17778,64.0,18,5,9,26
17779,72.0,19,5,11,30
17780,72.0,20,5,11,30
17781,41.0,21,5,5,15
17782,61.0,22,5,9,24
17783,51.0,23,5,7,19
17784,49.0,0,6,7,18
17785,47.0,1,6,6,18
17786,60.0,2,6,9,24
17787,89.0,3,6,14,39
17788,127.0,4,6,21,60
17789,114.0,5,6,18,53
17790,132.0,6,6,21,63
17791,107.0,7,6,17,49
17792,101.0,8,6,16,45
17793,117.0,9,6,19,54
17794,112.0,10,6,18,52
17795,102.0,11,6,16,46
17796,130.0,12,6,21,62
17797,111.0,13,6,18,51
17798,110.0,14,6,18,50
17799,77.0,15,6,12,32
17800,83.0,16,6,13,36
17801,91.0,17,6,14,40
17802,82.0,18,6,13,35
17803,82.0,19,6,13,35
17804,79.0,20,6,12,33
17805,105.0,21,6,17,48
17806,82.0,22,6,13,35
17807,68.0,23,6,10,28
17808,67.0,0,0,10,27
17809,102.0,1,0,16,46
17810,99.0,2,0,16,44
17811,84.0,3,0,13,36
17812,99.0,4,0,16,44
17813,78.0,5,0,12,33
17814,85.0,6,0,13,37
17815,114.0,7,0,18,53
17816,84.0,8,0,13,36
17817,101.0,9,0,16,45
17818,120.0,10,0,19,56
17819,81.0,11,0,13,34
17820,102.0,12,0,16,46
17821,185.0,13,0,30,98
17822,150.0,14,0,24,75
17823,131.0,15,0,21,63
17824,150.0,16,0,24,75
17825,162.0,17,0,26,82
17826,142.0,18,0,23,69
17827,138.0,19,0,22,67
17828,129.0,20,0,21,62
17829,141.0,21,0,23,69
17830,154.0,22,0,25,77
17831,134.0,23,0,22,65
17832,117.0,0,1,19,54
17833,107.0,1,1,17,49
17834,130.0,2,1,21,62
17835,133.0,3,1,22,64
17836,126.0,4,1,20,60
17837,92.0,5,1,15,40
17838,87.0,6,1,14,38
17839,98.0,7,1,16,44
17840,98.0,8,1,16,44
17841,99.0,9,1,16,44
17842,91.0,10,1,14,40
17843,91.0,11,1,14,40
17844,81.0,12,1,13,34
17845,91.0,13,1,14,40
17846,108.0,14,1,17,49
17847,123.0,15,1,20,58
17848,113.0,16,1,18,52
17849,129.0,17,1,21,62
17850,151.0,18,1,25,75
17851,126.0,19,1,20,60
17852,122.0,20,1,20,57
17853,113.0,21,1,18,52
17854,103.0,22,1,16,46
17855,124.0,23,1,20,59
17856,116.0,0,2,19,54
17857,147.0,1,2,24,73
17858,134.0,2,2,22,65
17859,127.0,3,2,21,60
17860,124.0,4,2,20,59
17861,108.0,5,2,17,49
17862,125.0,6,2,20,59
17863,144.0,7,2,23,71
17864,167.0,8,2,27,86
17865,130.0,9,2,21,62
17866,143.0,10,2,23,70
17867,120.0,11,2,19,56
17868,138.0,12,2,22,67
17869,116.0,13,2,19,54
17870,114.0,14,2,18,53
17871,128.0,15,2,21,61
17872,116.0,16,2,19,54
17873,108.0,17,2,17,49
17874,139.0,18,2,23,68
17875,105.0,19,2,17,48
17876,154.0,20,2,25,77
17877,167.0,21,2,27,86
17878,163.0,22,2,26,83
17879,162.0,23,2,26,82
17880,167.0,0,3,27,86
17881,98.0,1,3,16,44
17882,172.0,2,3,28,89
17883,201.0,3,3,32,109
17884,173.0,4,3,28,90
17885,206.0,5,3,33,113
17886,220.0,6,3,35,123
17887,196.0,7,3,31,105
17888,206.0,8,3,33,113
17889,202.0,9,3,32,110
17890,230.0,10,3,36,130
17891,192.0,11,3,31,103
17892,181.0,12,3,29,95
17893,196.0,13,3,31,105
17894,138.0,14,3,22,67
17895,147.0,15,3,24,73
17896,184.0,16,3,30,97
17897,193.0,17,3,31,103
17898,181.0,18,3,29,95
17899,170.0,19,3,28,88
17900,186.0,20,3,30,98
17901,203.0,21,3,32,110
17902,170.0,22,3,28,88
17903,156.0,23,3,25,78
17904,173.0,0,4,28,90
17905,172.0,1,4,28,89
17906,242.0,2,4,38,140
17907,280.0,3,4,43,171
17908,255.0,4,4,40,150
17909,246.0,5,4,38,143
17910,242.0,6,4,38,140
17911,223.0,7,4,35,125
17912,256.0,8,4,40,151
17913,215.0,9,4,34,119
17914,225.0,10,4,36,127
17915,249.0,11,4,39,145
17916,266.0,12,4,41,159
17917,239.0,13,4,37,137
17918,226.0,14,4,36,127
17919,186.0,15,4,30,98
17920,204.0,16,4,33,111
17921,168.0,17,4,27,86
17922,170.0,18,4,28,88
17923,195.0,19,4,31,105
17924,139.0,20,4,23,68
17925,136.0,21,4,22,66
17926,167.0,22,4,27,86
17927,153.0,23,4,25,76
17928,148.0,0,5,24,73
17929,142.0,1,5,23,69
17930,155.0,2,5,25,78
17931,155.0,3,5,25,78
17932,169.0,4,5,27,87
17933,170.0,5,5,28,88
17934,214.0,6,5,34,118
17935,228.0,7,5,36,129
17936,191.0,8,5,31,102
17937,169.0,9,5,27,87
17938,204.0,10,5,33,111
17939,139.0,11,5,23,68
17940,152.0,12,5,25,76
17941,153.0,13,5,25,76
17942,171.0,14,5,28,88
17943,186.0,15,5,30,98
17944,180.0,16,5,29,94
17945,182.0,17,5,29,96
17946,198.0,18,5,32,107
17947,175.0,19,5,28,91
17948,235.0,20,5,37,134
17949,174.0,21,5,28,90
17950,184.0,22,5,30,97
17951,193.0,23,5,31,103
17952,203.0,0,6,32,110
17953,206.0,1,6,33,113
17954,250.0,2,6,39,146
17955,214.0,3,6,34,118
17956,192.0,4,6,31,103
17957,209.0,5,6,33,115
17958,265.0,6,6,41,158
17959,229.0,7,6,36,130
17960,219.0,8,6,35,122
17961,150.0,9,6,24,75
17962,138.0,10,6,22,67
17963,119.0,11,6,19,56
17964,171.0,12,6,28,88
17965,146.0,13,6,24,72
17966,153.0,14,6,25,76
17967,168.0,15,6,27,86
17968,184.0,16,6,30,97
17969,173.0,17,6,28,90
17970,175.0,18,6,28,91
17971,206.0,19,6,33,113
17972,176.0,20,6,28,92
17973,161.0,21,6,26,82
17974,158.0,22,6,26,80
17975,236.0,23,6,37,135
17976,184.0,0,0,30,97
17977,141.0,1,0,23,69
17978,132.0,2,0,21,63
17979,160.0,3,0,26,81
17980,148.0,4,0,24,73
17981,163.0,5,0,26,83
17982,174.0,6,0,28,90
17983,162.0,7,0,26,82
17984,162.0,8,0,26,82
17985,195.0,9,0,31,105
17986,159.0,10,0,26,80
17987,196.0,11,0,31,105
17988,168.0,12,0,27,86
17989,174.0,13,0,28,90
17990,172.0,14,0,28,89
17991,166.0,15,0,27,85
17992,176.0,16,0,28,92
17993,164.0,17,0,27,84
17994,175.0,18,0,28,91
17995,158.0,19,0,26,80
17996,177.0,20,0,29,92
17997,147.0,21,0,24,73
17998,141.0,22,0,23,69
17999,204.0,23,0,33,111
18000,208.0,0,1,33,114
18001,197.0,1,1,32,106
18002,224.0,2,1,35,126
18003,205.0,3,1,33,112
18004,224.0,4,1,35,126
18005,167.0,5,1,27,86
18006,205.0,6,1,33,112
18007,187.0,7,1,30,99
18008,237.0,8,1,37,136
18009,173.0,9,1,28,90
18010,231.0,10,1,36,131
18011,135.0,11,1,22,65
18012,160.0,12,1,26,81
18013,190.0,13,1,31,101
18014,486.0,14,1,61,378
18015,130.0,15,1,21,62
18016,149.0,16,1,24,74
18017,174.0,17,1,28,90
18018,159.0,18,1,26,80
18019,160.0,19,1,26,81
18021,120.0,21,1,19,56
18022,117.0,22,1,19,54
18023,127.0,23,1,21,60
18024,165.0,0,2,27,84
18025,165.0,1,2,27,84
18026,132.0,2,2,21,63
18027,178.0,3,2,29,93
18028,182.0,4,2,29,96
18029,163.0,5,2,26,83
18030,122.0,6,2,20,57
18031,104.0,7,2,17,47
18032,164.0,8,2,27,84
18033,145.0,9,2,24,71
18034,119.0,10,2,19,56
18035,128.0,11,2,21,61
18036,149.0,12,2,24,74
18037,158.0,13,2,26,80
18038,114.0,14,2,18,53
18039,134.0,15,2,22,65
18040,176.0,16,2,28,92
18041,142.0,17,2,23,69
18042,144.0,18,2,23,71
18043,164.0,19,2,27,84
18044,158.0,20,2,26,80
18045,116.0,21,2,19,54
18046,149.0,22,2,24,74
18047,127.0,23,2,21,60
18048,152.0,0,3,25,76
18049,171.0,1,3,28,88
18050,177.0,2,3,29,92
18051,164.0,3,3,27,84
18052,135.0,4,3,22,65
18053,114.0,5,3,18,53
18054,177.0,6,3,29,92
18055,146.0,7,3,24,72
18056,139.0,8,3,23,68
18057,130.0,9,3,21,62
18058,136.0,10,3,22,66
18059,126.0,11,3,20,60
18060,131.0,12,3,21,63
18061,149.0,13,3,24,74
18062,191.0,14,3,31,102
18063,174.0,15,3,28,90
18064,217.0,16,3,34,121
18065,181.0,17,3,29,95
18066,188.0,18,3,30,100
18067,177.0,19,3,29,92
18068,224.0,20,3,35,126
18069,206.0,21,3,33,113
18070,249.0,22,3,39,145
18071,203.0,23,3,32,110
18072,198.0,0,4,32,107
18073,167.0,1,4,27,86
18074,152.0,2,4,25,76
18075,129.0,3,4,21,62
18076,144.0,4,4,23,71
18077,133.0,5,4,22,64
18078,111.0,6,4,18,51
18079,143.0,7,4,23,70
18080,182.0,8,4,29,96
18081,143.0,9,4,23,70
18082,127.0,10,4,21,60
18083,113.0,11,4,18,52
18084,149.0,12,4,24,74
18085,148.0,13,4,24,73
18086,167.0,14,4,27,86
18087,133.0,15,4,22,64
18088,150.0,16,4,24,75
18089,152.0,17,4,25,76
18090,151.0,18,4,25,75
18091,156.0,19,4,25,78
18092,161.0,20,4,26,82
18093,188.0,21,4,30,100
18094,159.0,22,4,26,80
18095,170.0,23,4,28,88
18096,162.0,0,5,26,82
18097,176.0,1,5,28,92
18098,169.0,2,5,27,87
18099,213.0,3,5,34,118
18100,148.0,4,5,24,73
18101,231.0,5,5,36,131
18102,191.0,6,5,31,102
18103,178.0,7,5,29,93
18104,188.0,8,5,30,100
18105,140.0,9,5,23,68
18106,139.0,10,5,23,68
18107,196.0,11,5,31,105
18108,126.0,12,5,20,60
18109,150.0,13,5,24,75
18110,138.0,14,5,22,67
18111,114.0,15,5,18,53
18112,131.0,16,5,21,63
18113,182.0,17,5,29,96
18114,155.0,18,5,25,78
18115,160.0,19,5,26,81
18116,173.0,20,5,28,90
18117,167.0,21,5,27,86
18118,141.0,22,5,23,69
18119,135.0,23,5,22,65
18120,180.0,0,6,29,94
18121,176.0,1,6,28,92
18122,191.0,2,6,31,102
18123,165.0,3,6,27,84
18124,162.0,4,6,26,82
18125,196.0,5,6,31,105
18126,222.0,6,6,35,124
18127,168.0,7,6,27,86
18128,178.0,8,6,29,93
18129,205.0,9,6,33,112
18130,186.0,10,6,30,98
18131,208.0,11,6,33,114
18132,215.0,12,6,34,119
18133,192.0,13,6,31,103
18134,184.0,14,6,30,97
18135,141.0,15,6,23,69
18136,145.0,16,6,24,71
18137,171.0,17,6,28,88
18138,177.0,18,6,29,92
18139,131.0,19,6,21,63
18140,162.0,20,6,26,82
18141,191.0,21,6,31,102
18142,129.0,22,6,21,62
18143,132.0,23,6,21,63
18144,127.0,0,0,21,60
18145,128.0,1,0,21,61
18146,117.0,2,0,19,54
18147,110.0,3,0,18,50
18148,131.0,4,0,21,63
18149,124.0,5,0,20,59
18150,151.0,6,0,25,75
18151,130.0,7,0,21,62
18152,120.0,8,0,19,56
18153,142.0,9,0,23,69
18154,88.0,10,0,14,38
18155,180.0,11,0,29,94
18156,153.0,12,0,25,76
18157,131.0,13,0,21,63
18158,149.0,14,0,24,74
18159,111.0,15,0,18,51
18160,100.0,16,0,16,45
18161,106.0,17,0,17,48
18162,120.0,18,0,19,56
18163,102.0,19,0,16,46
18164,136.0,20,0,22,66
18165,120.0,21,0,19,56
18166,99.0,22,0,16,44
18167,92.0,23,0,15,40
18168,107.0,0,1,17,49
18169,156.0,1,1,25,78
18170,150.0,2,1,24,75
18171,167.0,3,1,27,86
18172,104.0,4,1,17,47
18173,208.0,5,1,33,114
18174,151.0,6,1,25,75
18175,142.0,7,1,23,69
18176,160.0,8,1,26,81
18177,127.0,9,1,21,60
18178,166.0,10,1,27,85
18181,123.0,13,1,20,58
18183,128.0,15,1,21,61
18184,164.0,16,1,27,84
18185,152.0,17,1,25,76
18186,204.0,18,1,33,111
18187,192.0,19,1,31,103
18188,190.0,20,1,31,101
18189,207.0,21,1,33,113
18190,193.0,22,1,31,103
18191,220.0,23,1,35,123
18192,186.0,0,2,30,98
18193,201.0,1,2,32,109
18194,188.0,2,2,30,100
18195,210.0,3,2,33,115
18196,168.0,4,2,27,86
18197,162.0,5,2,26,82
18198,196.0,6,2,31,105
18199,114.0,7,2,18,53
18200,102.0,8,2,16,46
18201,117.0,9,2,19,54
18202,150.0,10,2,24,75
18203,140.0,11,2,23,68
18204,154.0,12,2,25,77
18205,145.0,13,2,24,71
18206,155.0,14,2,25,78
18207,176.0,15,2,28,92
18208,172.0,16,2,28,89
18209,135.0,17,2,22,65
18210,117.0,18,2,19,54
18211,146.0,19,2,24,72
18212,174.0,20,2,28,90
18213,170.0,21,2,28,88
18214,204.0,22,2,33,111
18215,136.0,23,2,22,66
18216,117.0,0,3,19,54
18217,132.0,1,3,21,63
18218,150.0,2,3,24,75
18219,163.0,3,3,26,83
18220,123.0,4,3,20,58
18221,139.0,5,3,23,68
18222,135.0,6,3,22,65
18223,165.0,7,3,27,84
18224,150.0,8,3,24,75
18225,149.0,9,3,24,74
18226,167.0,10,3,27,86
18227,145.0,11,3,24,71
18228,169.0,12,3,27,87
18229,156.0,13,3,25,78
18230,134.0,14,3,22,65
18231,158.0,15,3,26,80
18232,173.0,16,3,28,90
18233,153.0,17,3,25,76
18234,145.0,18,3,24,71
18235,149.0,19,3,24,74
18236,142.0,20,3,23,69
18237,158.0,21,3,26,80
18238,200.0,22,3,32,108
18239,185.0,23,3,30,98
18240,183.0,0,4,30,96
18241,128.0,1,4,21,61
18242,161.0,2,4,26,82
18243,181.0,3,4,29,95
18244,202.0,4,4,32,110
18245,194.0,5,4,31,104
18246,173.0,6,4,28,90
18247,154.0,7,4,25,77
18248,209.0,8,4,33,115
18249,209.0,9,4,33,115
18250,218.0,10,4,35,121
18263,138.0,23,4,22,67
18264,104.0,0,5,17,47
18265,176.0,1,5,28,92
18266,148.0,2,5,24,73
18267,122.0,3,5,20,57
18268,131.0,4,5,21,63
18269,91.0,5,5,14,40
18270,113.0,6,5,18,52
18271,139.0,7,5,23,68
18272,144.0,8,5,23,71
18273,183.0,9,5,30,96
18274,158.0,10,5,26,80
18275,379.0,11,5,53,262
18277,204.0,13,5,33,111
18278,129.0,14,5,21,62
18279,142.0,15,5,23,69
18280,133.0,16,5,22,64
18283,190.0,19,5,31,101
18284,166.0,20,5,27,85
18285,143.0,21,5,23,70
18286,197.0,22,5,32,106
18287,176.0,23,5,28,92
18288,130.0,0,6,21,62
18291,134.0,3,6,22,65
18293,182.0,5,6,29,96
18295,125.0,7,6,20,59
18297,134.0,9,6,22,65
18298,146.0,10,6,24,72
18299,155.0,11,6,25,78
18300,153.0,12,6,25,76
18301,166.0,13,6,27,85
18302,141.0,14,6,23,69
18303,170.0,15,6,28,88
18304,136.0,16,6,22,66
18305,145.0,17,6,24,71
18306,133.0,18,6,22,64
18307,148.0,19,6,24,73
18308,140.0,20,6,23,68
18309,121.0,21,6,20,57
18310,117.0,22,6,19,54
18311,177.0,23,6,29,92
18312,125.0,0,0,20,59
18313,125.0,1,0,20,59
18315,178.0,3,0,29,93
18316,168.0,4,0,27,86
18319,183.0,7,0,30,96
18322,128.0,10,0,21,61
18323,159.0,11,0,26,80
18326,229.0,14,0,36,130
18327,148.0,15,0,24,73
18330,151.0,18,0,25,75
18331,312.0,19,0,46,198
18336,142.0,0,1,23,69
18337,152.0,1,1,25,76
18338,126.0,2,1,20,60
18339,130.0,3,1,21,62
18340,150.0,4,1,24,75
18341,123.0,5,1,20,58
18342,145.0,6,1,24,71
18343,203.0,7,1,32,110
18344,205.0,8,1,33,112
18345,202.0,9,1,32,110
18346,176.0,10,1,28,92
18347,140.0,11,1,23,68
18348,133.0,12,1,22,64
18349,151.0,13,1,25,75
18350,158.0,14,1,26,80
18351,162.0,15,1,26,82
18352,184.0,16,1,30,97
18353,123.0,17,1,20,58
18354,165.0,18,1,27,84
18355,132.0,19,1,21,63
18356,181.0,20,1,29,95
18357,155.0,21,1,25,78
18358,200.0,22,1,32,108
18359,167.0,23,1,27,86
18360,176.0,0,2,28,92
18361,123.0,1,2,20,58
18362,99.0,2,2,16,44
18363,132.0,3,2,21,63
18364,155.0,4,2,25,78
18365,124.0,5,2,20,59
18366,166.0,6,2,27,85
18367,192.0,7,2,31,103
18368,151.0,8,2,25,75
18369,180.0,9,2,29,94
18370,194.0,10,2,31,104
18371,207.0,11,2,33,113
18372,198.0,12,2,32,107
18373,172.0,13,2,28,89
18374,159.0,14,2,26,80
18375,205.0,15,2,33,112
18376,185.0,16,2,30,98
18377,175.0,17,2,28,91
18378,202.0,18,2,32,110
18379,149.0,19,2,24,74
18380,152.0,20,2,25,76
18381,154.0,21,2,25,77
18382,168.0,22,2,27,86
18383,134.0,23,2,22,65
18384,151.0,0,3,25,75
18385,112.0,1,3,18,52
18386,112.0,2,3,18,52
18387,167.0,3,3,27,86
18388,134.0,4,3,22,65
18389,120.0,5,3,19,56
18390,136.0,6,3,22,66
18391,158.0,7,3,26,80
18392,138.0,8,3,22,67
18393,136.0,9,3,22,66
18394,132.0,10,3,21,63
18395,111.0,11,3,18,51
18396,109.0,12,3,18,50
18397,123.0,13,3,20,58
18398,133.0,14,3,22,64
18399,151.0,15,3,25,75
18400,128.0,16,3,21,61
18401,140.0,17,3,23,68
18402,160.0,18,3,26,81
18403,147.0,19,3,24,73
18404,136.0,20,3,22,66
18405,175.0,21,3,28,91
18406,176.0,22,3,28,92
18407,143.0,23,3,23,70
18408,119.0,0,4,19,56
18409,181.0,1,4,29,95
18410,170.0,2,4,28,88
18411,170.0,3,4,28,88
18412,159.0,4,4,26,80
18413,167.0,5,4,27,86
18414,206.0,6,4,33,113
18415,163.0,7,4,26,83
18416,162.0,8,4,26,82
18417,165.0,9,4,27,84
18418,219.0,10,4,35,122
18419,186.0,11,4,30,98
18420,164.0,12,4,27,84
18421,163.0,13,4,26,83
18422,176.0,14,4,28,92
18423,201.0,15,4,32,109
18424,172.0,16,4,28,89
18425,144.0,17,4,23,71
18426,210.0,18,4,33,115
18427,158.0,19,4,26,80
18428,143.0,20,4,23,70
18429,148.0,21,4,24,73
18430,147.0,22,4,24,73
18431,230.0,23,4,36,130
18432,235.0,0,5,37,134
18433,232.0,1,5,37,132
18434,185.0,2,5,30,98
18435,173.0,3,5,28,90
18436,237.0,4,5,37,136
18437,219.0,5,5,35,122
18438,188.0,6,5,30,100
18439,226.0,7,5,36,127
18440,186.0,8,5,30,98
18441,228.0,9,5,36,129
18442,189.0,10,5,30,101
18443,183.0,11,5,30,96
18444,156.0,12,5,25,78
18445,145.0,13,5,24,71
18446,172.0,14,5,28,89
18447,194.0,15,5,31,104
18448,237.0,16,5,37,136
18449,172.0,17,5,28,89
18450,144.0,18,5,23,71
18451,201.0,19,5,32,109
18452,128.0,20,5,21,61
18453,160.0,21,5,26,81
18454,153.0,22,5,25,76
18455,143.0,23,5,23,70
18456,136.0,0,6,22,66
18457,155.0,1,6,25,78
18458,184.0,2,6,30,97
18459,159.0,3,6,26,80
18460,132.0,4,6,21,63
18461,160.0,5,6,26,81
18462,153.0,6,6,25,76
18463,196.0,7,6,31,105
18464,169.0,8,6,27,87
18465,140.0,9,6,23,68
18466,117.0,10,6,19,54
18467,172.0,11,6,28,89
18468,206.0,12,6,33,113
18469,141.0,13,6,23,69
18470,159.0,14,6,26,80
18471,153.0,15,6,25,76
18472,205.0,16,6,33,112
18473,161.0,17,6,26,82
18474,148.0,18,6,24,73
18475,193.0,19,6,31,103
18476,188.0,20,6,30,100
18477,166.0,21,6,27,85
18478,169.0,22,6,27,87
18479,223.0,23,6,35,125
18480,204.0,0,0,33,111
18481,128.0,1,0,21,61
18482,169.0,2,0,27,87
18483,195.0,3,0,31,105
18484,155.0,4,0,25,78
18485,214.0,5,0,34,118
18486,204.0,6,0,33,111
18487,251.0,7,0,39,147
18488,234.0,8,0,37,133
18489,220.0,9,0,35,123
18490,232.0,10,0,37,132
18491,219.0,11,0,35,122
18492,214.0,12,0,34,118
18493,280.0,13,0,43,171
18494,271.0,14,0,42,163
18495,238.0,15,0,37,137
18496,222.0,16,0,35,124
18497,151.0,17,0,25,75
18498,150.0,18,0,24,75
18499,143.0,19,0,23,70
18500,167.0,20,0,27,86
18501,190.0,21,0,31,101
18502,151.0,22,0,25,75
18503,160.0,23,0,26,81
18504,181.0,0,1,29,95
18505,151.0,1,1,25,75
18506,154.0,2,1,25,77
18507,189.0,3,1,30,101
18508,194.0,4,1,31,104
18509,227.0,5,1,36,128
18510,247.0,6,1,39,144
18511,148.0,7,1,24,73
18512,188.0,8,1,30,100
18513,193.0,9,1,31,103
18514,206.0,10,1,33,113
18515,212.0,11,1,34,117
18516,185.0,12,1,30,98
18517,198.0,13,1,32,107
18518,203.0,14,1,32,110
18519,186.0,15,1,30,98
18520,181.0,16,1,29,95
18521,208.0,17,1,33,114
18522,239.0,18,1,37,137
18523,264.0,19,1,41,157
18524,222.0,20,1,35,124
18525,154.0,21,1,25,77
18526,176.0,22,1,28,92
18527,129.0,23,1,21,62
18528,176.0,0,2,28,92
18529,153.0,1,2,25,76
18530,166.0,2,2,27,85
18531,151.0,3,2,25,75
18532,153.0,4,2,25,76
18533,143.0,5,2,23,70
18534,171.0,6,2,28,88
18535,211.0,7,2,34,116
18536,206.0,8,2,33,113
18537,183.0,9,2,30,96
18538,205.0,10,2,33,112
18539,207.0,11,2,33,113
18540,223.0,12,2,35,125
18541,251.0,13,2,39,147
18542,180.0,14,2,29,94
18543,242.0,15,2,38,140
18544,235.0,16,2,37,134
18545,254.0,17,2,39,149
18546,246.0,18,2,38,143
18547,282.0,19,2,43,172
18548,226.0,20,2,36,127
18549,218.0,21,2,35,121
18550,316.0,22,2,47,202
18551,289.0,23,2,44,178
18552,209.0,0,3,33,115
18553,217.0,1,3,34,121
18554,271.0,2,3,42,163
18555,224.0,3,3,35,126
18556,176.0,4,3,28,92
18557,216.0,5,3,34,120
18558,213.0,6,3,34,118
18559,229.0,7,3,36,130
18560,223.0,8,3,35,125
18561,222.0,9,3,35,124
18562,174.0,10,3,28,90
18563,172.0,11,3,28,89
18564,178.0,12,3,29,93
18565,185.0,13,3,30,98
18566,211.0,14,3,34,116
18567,185.0,15,3,30,98
18568,207.0,16,3,33,113
18569,197.0,17,3,32,106
18570,242.0,18,3,38,140
18571,204.0,19,3,33,111
18572,170.0,20,3,28,88
18573,185.0,21,3,30,98
18574,173.0,22,3,28,90
18575,193.0,23,3,31,103
18576,207.0,0,4,33,113
18577,235.0,1,4,37,134
18578,204.0,2,4,33,111
18579,226.0,3,4,36,127
18580,252.0,4,4,39,148
18581,230.0,5,4,36,130
18582,198.0,6,4,32,107
18583,175.0,7,4,28,91
18584,185.0,8,4,30,98
18585,169.0,9,4,27,87
18586,162.0,10,4,26,82
18587,161.0,11,4,26,82
18588,242.0,12,4,38,140
18589,223.0,13,4,35,125
18590,207.0,14,4,33,113
18591,191.0,15,4,31,102
18592,164.0,16,4,27,84
18593,155.0,17,4,25,78
18594,188.0,18,4,30,100
18595,213.0,19,4,34,118
18596,188.0,20,4,30,100
18597,201.0,21,4,32,109
18598,195.0,22,4,31,105
18599,184.0,23,4,30,97
18600,145.0,0,5,24,71
18601,187.0,1,5,30,99
18602,170.0,2,5,28,88
18603,258.0,3,5,40,152
18604,200.0,4,5,32,108
18605,174.0,5,5,28,90
18606,196.0,6,5,31,105
18607,201.0,7,5,32,109
18608,202.0,8,5,32,110
18609,187.0,9,5,30,99
18610,240.0,10,5,38,138
18611,267.0,11,5,41,160
18612,213.0,12,5,34,118
18613,261.0,13,5,40,155
18614,329.0,14,5,48,214
18615,281.0,15,5,43,171
18616,256.0,16,5,40,151
18617,276.0,17,5,42,167
18618,265.0,18,5,41,158
18619,266.0,19,5,41,159
18620,224.0,20,5,35,126
18621,254.0,21,5,39,149
18622,254.0,22,5,39,149
18623,214.0,23,5,34,118
18624,192.0,0,6,31,103
18625,177.0,1,6,29,92
18626,166.0,2,6,27,85
18627,185.0,3,6,30,98
18628,159.0,4,6,26,80
18629,148.0,5,6,24,73
18630,131.0,6,6,21,63
18631,158.0,7,6,26,80
18632,174.0,8,6,28,90
18633,140.0,9,6,23,68
18634,171.0,10,6,28,88
18635,172.0,11,6,28,89
18636,195.0,12,6,31,105
18637,133.0,13,6,22,64
18638,213.0,14,6,34,118
18639,175.0,15,6,28,91
18640,209.0,16,6,33,115
18641,173.0,17,6,28,90
18642,181.0,18,6,29,95
18643,188.0,19,6,30,100
18644,172.0,20,6,28,89
18645,212.0,21,6,34,117
18646,169.0,22,6,27,87
18647,161.0,23,6,26,82
18648,161.0,0,0,26,82
18649,132.0,1,0,21,63
18650,184.0,2,0,30,97
18651,195.0,3,0,31,105
18652,192.0,4,0,31,103
18653,145.0,5,0,24,71
18654,146.0,6,0,24,72
18655,142.0,7,0,23,69
18656,173.0,8,0,28,90
18657,172.0,9,0,28,89
18658,224.0,10,0,35,126
18659,170.0,11,0,28,88
18660,151.0,12,0,25,75
18661,123.0,13,0,20,58
18662,163.0,14,0,26,83
18663,172.0,15,0,28,89
18664,178.0,16,0,29,93
18665,208.0,17,0,33,114
18666,207.0,18,0,33,113
18667,144.0,19,0,23,71
18668,171.0,20,0,28,88
18669,165.0,21,0,27,84
18670,159.0,22,0,26,80
18671,192.0,23,0,31,103
18672,184.0,0,1,30,97
18673,188.0,1,1,30,100
18674,156.0,2,1,25,78
18675,201.0,3,1,32,109
18676,161.0,4,1,26,82
18677,169.0,5,1,27,87
18678,203.0,6,1,32,110
18679,165.0,7,1,27,84
18680,156.0,8,1,25,78
18681,145.0,9,1,24,71
18682,135.0,10,1,22,65
18683,144.0,11,1,23,71
18684,161.0,12,1,26,82
18685,139.0,13,1,23,68
18686,154.0,14,1,25,77
18687,153.0,15,1,25,76
18688,147.0,16,1,24,73
18689,126.0,17,1,20,60
18690,141.0,18,1,23,69
18691,126.0,19,1,20,60
18692,149.0,20,1,24,74
18693,154.0,21,1,25,77
18694,135.0,22,1,22,65
18695,154.0,23,1,25,77
18696,200.0,0,2,32,108
18697,136.0,1,2,22,66
18698,122.0,2,2,20,57
18699,114.0,3,2,18,53
18700,109.0,4,2,18,50
18701,131.0,5,2,21,63
18702,139.0,6,2,23,68
18703,150.0,7,2,24,75
18704,144.0,8,2,23,71
18705,128.0,9,2,21,61
18706,123.0,10,2,20,58
18707,130.0,11,2,21,62
18708,105.0,12,2,17,48
18709,152.0,13,2,25,76
18710,161.0,14,2,26,82
18711,124.0,15,2,20,59
18712,125.0,16,2,20,59
18713,120.0,17,2,19,56
18714,147.0,18,2,24,73
18715,136.0,19,2,22,66
18716,141.0,20,2,23,69
18717,102.0,21,2,16,46
18718,125.0,22,2,20,59
18719,168.0,23,2,27,86
18720,180.0,0,3,29,94
18721,191.0,1,3,31,102
18722,159.0,2,3,26,80
18723,182.0,3,3,29,96
18724,159.0,4,3,26,80
18725,171.0,5,3,28,88
18726,174.0,6,3,28,90
18727,161.0,7,3,26,82
18728,178.0,8,3,29,93
18729,174.0,9,3,28,90
18730,158.0,10,3,26,80
18731,134.0,11,3,22,65
18732,120.0,12,3,19,56
18733,145.0,13,3,24,71
18734,113.0,14,3,18,52
18735,89.0,15,3,14,39
18736,121.0,16,3,20,57
18737,119.0,17,3,19,56
18738,112.0,18,3,18,52
18739,118.0,19,3,19,55
18740,149.0,20,3,24,74
18741,98.0,21,3,16,44
18742,104.0,22,3,17,47
18743,136.0,23,3,22,66
18744,104.0,0,4,17,47
18745,102.0,1,4,16,46
18746,120.0,2,4,19,56
18747,104.0,3,4,17,47
18748,134.0,4,4,22,65
18749,130.0,5,4,21,62
18750,128.0,6,4,21,61
18751,126.0,7,4,20,60
18752,118.0,8,4,19,55
18753,159.0,9,4,26,80
18754,98.0,10,4,16,44
18755,164.0,11,4,27,84
18756,151.0,12,4,25,75
18757,96.0,13,4,15,43
18758,67.0,14,4,10,27
18759,97.0,15,4,15,43
18760,76.0,16,4,12,32
18761,126.0,17,4,20,60
18762,86.0,18,4,13,37
18763,101.0,19,4,16,45
18764,75.0,20,4,11,31
18765,92.0,21,4,15,40
18766,75.0,22,4,11,31
18767,65.0,23,4,10,26
18768,80.0,0,5,12,34
18769,87.0,1,5,14,38
18770,100.0,2,5,16,45
18771,77.0,3,5,12,32
18772,97.0,4,5,15,43
18773,100.0,5,5,16,45
18774,101.0,6,5,16,45
18775,79.0,7,5,12,33
18776,94.0,8,5,15,41
18777,65.0,9,5,10,26
18778,100.0,10,5,16,45
18779,106.0,11,5,17,48
18780,16.0,12,5,1,4
18781,19.0,13,5,1,5
18782,21.0,14,5,1,6
18783,17.0,15,5,1,4
18784,19.0,16,5,1,5
18785,24.0,17,5,2,7
18786,27.0,18,5,2,8
18787,28.0,19,5,2,9
18788,42.0,20,5,5,15
18789,33.0,21,5,3,11
18790,33.0,22,5,3,11
18791,21.0,23,5,1,6
18792,24.0,0,6,2,7
18793,25.0,1,6,2,8
18794,28.0,2,6,2,9
18795,16.0,3,6,1,4
18796,23.0,4,6,1,7
18797,17.0,5,6,1,4
18798,19.0,6,6,1,5
18799,18.0,7,6,1,5
18800,13.0,8,6,1,2
18801,20.0,9,6,1,5
18802,18.0,10,6,1,5
18803,16.0,11,6,1,4
18804,12.0,12,6,1,2
18805,19.0,13,6,1,5
18806,20.0,14,6,1,5
18807,6.0,15,6,1,1
18808,22.0,16,6,1,6
18809,45.0,17,6,6,17
18810,43.0,18,6,5,16
18811,50.0,19,6,7,19
18812,67.0,20,6,10,27
18813,57.0,21,6,8,22
18814,59.0,22,6,8,23
18815,72.0,23,6,11,30
18816,83.0,0,0,13,36
18817,110.0,1,0,18,50
18818,111.0,2,0,18,51
18819,139.0,3,0,23,68
18820,83.0,4,0,13,36
18821,65.0,5,0,10,26
18822,68.0,6,0,10,28
18823,66.0,7,0,10,27
18824,40.0,8,0,5,14
18825,50.0,9,0,7,19
18826,59.0,10,0,8,23
18827,58.0,11,0,8,23
18828,60.0,12,0,9,24
18829,79.0,13,0,12,33
18830,47.0,14,0,6,18
18831,40.0,15,0,5,14
18832,43.0,16,0,5,16
18833,52.0,17,0,7,20
18834,50.0,18,0,7,19
18835,48.0,19,0,6,18
18836,46.0,20,0,6,17
18837,54.0,21,0,8,21
18838,23.0,22,0,1,7
18839,47.0,23,0,6,18
18840,52.0,0,1,7,20
18841,64.0,1,1,9,26
18842,57.0,2,1,8,22
18843,36.0,3,1,4,12
18844,44.0,4,1,6,16
18845,54.0,5,1,8,21
18846,36.0,6,1,4,12
18847,27.0,7,1,2,8
18848,40.0,8,1,5,14
18849,40.0,9,1,5,14
18850,45.0,10,1,6,17
18851,59.0,11,1,8,23
18852,60.0,12,1,9,24
18853,71.0,13,1,11,29
18854,60.0,14,1,9,24
18855,44.0,15,1,6,16
18856,50.0,16,1,7,19
18857,48.0,17,1,6,18
18858,77.0,18,1,12,32
18859,55.0,19,1,8,21
18860,54.0,20,1,8,21
18861,41.0,21,1,5,15
18862,40.0,22,1,5,14
18863,26.0,23,1,2,8
18864,30.0,0,2,3,10
18865,21.0,1,2,1,6
18866,25.0,2,2,2,8
18867,13.0,3,2,1,2
18868,21.0,4,2,1,6
18869,44.0,5,2,6,16
18870,24.0,6,2,2,7
18871,46.0,7,2,6,17
18872,38.0,8,2,4,13
18873,28.0,9,2,2,9
18874,25.0,10,2,2,8
18875,42.0,11,2,5,15
18876,36.0,12,2,4,12
18877,43.0,13,2,5,16
18878,57.0,14,2,8,22
18879,36.0,15,2,4,12
18880,34.0,16,2,4,12
18881,38.0,17,2,4,13
18882,20.0,18,2,1,5
18883,14.0,19,2,1,3
18884,23.0,20,2,1,7
18885,12.0,21,2,1,2
18886,25.0,22,2,2,8
18887,33.0,23,2,3,11
18888,34.0,0,3,4,12
18889,47.0,1,3,6,18
18890,36.0,2,3,4,12
18891,25.0,3,3,2,8
18892,27.0,4,3,2,8
18893,25.0,5,3,2,8
18894,15.0,6,3,1,3
18895,14.0,7,3,1,3
18896,19.0,8,3,1,5
18897,33.0,9,3,3,11
18898,29.0,10,3,3,9
18899,23.0,11,3,1,7
18900,14.0,12,3,1,3
18901,18.0,13,3,1,5
18902,26.0,14,3,2,8
18903,20.0,15,3,1,5
18904,17.0,16,3,1,4
18905,17.0,17,3,1,4
18906,23.0,18,3,1,7
18907,20.0,19,3,1,5
18908,29.0,20,3,3,9
18909,19.0,21,3,1,5
18910,19.0,22,3,1,5
18911,13.0,23,3,1,2
18912,19.0,0,4,1,5
18913,20.0,1,4,1,5
18914,25.0,2,4,2,8
18915,22.0,3,4,1,6
18916,27.0,4,4,2,8
18917,15.0,5,4,1,3
18918,17.0,6,4,1,4
18919,18.0,7,4,1,5
18920,19.0,8,4,1,5
18921,15.0,9,4,1,3
18922,13.0,10,4,1,2
18923,29.0,11,4,3,9
18924,18.0,12,4,1,5
18925,14.0,13,4,1,3
18926,49.0,14,4,7,18
18927,24.0,15,4,2,7
18928,16.0,16,4,1,4
18929,26.0,17,4,2,8
18930,26.0,18,4,2,8
18931,19.0,19,4,1,5
18932,27.0,20,4,2,8
18933,16.0,21,4,1,4
18934,20.0,22,4,1,5
18935,12.0,23,4,1,2
18936,17.0,0,5,1,4
18937,21.0,1,5,1,6
18938,15.0,2,5,1,3
18939,22.0,3,5,1,6
18940,10.0,4,5,1,1
18941,7.0,5,5,1,1
18942,20.0,6,5,1,5
18943,22.0,7,5,1,6
18944,16.0,8,5,1,4
18945,13.0,9,5,1,2
18946,18.0,10,5,1,5
18947,12.0,11,5,1,2
18948,13.0,12,5,1,2
18949,7.0,13,5,1,1
18950,4.0,14,5,1,1
18951,16.0,15,5,1,4
18952,7.0,16,5,1,1
18953,17.0,17,5,1,4
18954,24.0,18,5,2,7
18955,21.0,19,5,1,6
18956,18.0,20,5,1,5
18957,9.0,21,5,1,1
18958,13.0,22,5,1,2
18959,17.0,23,5,1,4
18960,8.0,0,6,1,1
18961,10.0,1,6,1,1
18962,17.0,2,6,1,4
18963,13.0,3,6,1,2
18964,17.0,4,6,1,4
18965,21.0,5,6,1,6
18966,21.0,6,6,1,6
18967,26.0,7,6,2,8
18968,15.0,8,6,1,3
18969,15.0,9,6,1,3
18970,18.0,10,6,1,5
18971,34.0,11,6,4,12
18972,19.0,12,6,1,5
18973,24.0,13,6,2,7
18974,23.0,14,6,1,7
18975,24.0,15,6,2,7
18976,47.0,16,6,6,18
18977,18.0,17,6,1,5
18978,9.0,18,6,1,1
18979,21.0,19,6,1,6
18980,19.0,20,6,1,5
18981,22.0,21,6,1,6
18982,21.0,22,6,1,6
18983,29.0,23,6,3,9
18984,23.0,0,0,1,7
18985,19.0,1,0,1,5
18986,38.0,2,0,4,13
18987,15.0,3,0,1,3
18988,20.0,4,0,1,5
18989,10.0,5,0,1,1
18990,21.0,6,0,1,6
18991,7.0,7,0,1,1
18992,12.0,8,0,1,2
18993,17.0,9,0,1,4
18994,27.0,10,0,2,8
18995,29.0,11,0,3,9
18996,12.0,12,0,1,2
18997,14.0,13,0,1,3
18998,14.0,14,0,1,3
18999,12.0,15,0,1,2
19000,4.0,16,0,1,1
19001,6.0,17,0,1,1
19002,4.0,18,0,1,1
19003,6.0,19,0,1,1
19004,12.0,20,0,1,2
19005,5.0,21,0,1,1
19006,13.0,22,0,1,2
19007,5.0,23,0,1,1
19008,8.0,0,1,1,1
19009,12.0,1,1,1,2
19010,12.0,2,1,1,2
19011,9.0,3,1,1,1
19012,9.0,4,1,1,1
19013,9.0,5,1,1,1
19014,10.0,6,1,1,1
19015,26.0,7,1,2,8
19016,22.0,8,1,1,6
19017,8.0,9,1,1,1
19018,9.0,10,1,1,1
19019,17.0,11,1,1,4
19020,12.0,12,1,1,2
19021,14.0,13,1,1,3
19022,3.0,14,1,1,1
19023,13.0,15,1,1,2
19024,10.0,16,1,1,1
19025,8.0,17,1,1,1
19026,19.0,18,1,1,5
19027,9.0,19,1,1,1
19028,7.0,20,1,1,1
19029,10.0,21,1,1,1
19030,4.0,22,1,1,1
19031,7.0,23,1,1,1
19032,8.0,0,2,1,1
19033,4.0,1,2,1,1
19034,6.0,2,2,1,1
19035,6.0,3,2,1,1
19036,7.0,4,2,1,1
19037,9.0,5,2,1,1
19038,12.0,6,2,1,2
19039,2.0,7,2,1,1
19040,7.0,8,2,1,1
19041,7.0,9,2,1,1
19042,7.0,10,2,1,1
19043,6.0,11,2,1,1
19044,0.0,12,2,1,1
19045,4.0,13,2,1,1
19046,13.0,14,2,1,2
19047,13.0,15,2,1,2
19048,4.0,16,2,1,1
19049,14.0,17,2,1,3
19050,13.0,18,2,1,2
19051,9.0,19,2,1,1
19052,15.0,20,2,1,3
19053,5.0,21,2,1,1
19054,13.0,22,2,1,2
19055,7.0,23,2,1,1
19056,6.0,0,3,1,1
19057,8.0,1,3,1,1
19058,13.0,2,3,1,2
19059,7.0,3,3,1,1
19060,9.0,4,3,1,1
19061,2.0,5,3,1,1
19062,6.0,6,3,1,1
19063,10.0,7,3,1,1
19064,8.0,8,3,1,1
19065,18.0,9,3,1,5
19066,18.0,10,3,1,5
19067,16.0,11,3,1,4
19068,17.0,12,3,1,4
19069,8.0,13,3,1,1
19070,3.0,14,3,1,1
19071,8.0,15,3,1,1
19072,16.0,16,3,1,4
19073,9.0,17,3,1,1
19074,15.0,18,3,1,3
19075,6.0,19,3,1,1
19076,13.0,20,3,1,2
19077,6.0,21,3,1,1
19078,6.0,22,3,1,1
19079,16.0,23,3,1,4
19080,4.0,0,4,1,1
19081,4.0,1,4,1,1
19082,17.0,2,4,1,4
19083,4.0,3,4,1,1
19084,3.0,4,4,1,1
19085,15.0,5,4,1,3
19086,21.0,6,4,1,6
19087,5.0,7,4,1,1
19088,8.0,8,4,1,1
19089,2.0,9,4,1,1
19090,8.0,10,4,1,1
19091,4.0,11,4,1,1
19092,1.0,12,4,1,1
19093,15.0,13,4,1,3
19094,4.0,14,4,1,1
19095,3.0,15,4,1,1
19096,9.0,16,4,1,1
19097,5.0,17,4,1,1
19098,7.0,18,4,1,1
19099,12.0,19,4,1,2
19100,17.0,20,4,1,4
19101,15.0,21,4,1,3
19102,16.0,22,4,1,4
19103,7.0,23,4,1,1
19104,13.0,0,5,1,2
19105,47.0,1,5,6,18
19106,55.0,2,5,8,21
19107,13.0,3,5,1,2
19108,25.0,4,5,2,8
19109,18.0,5,5,1,5
19110,22.0,6,5,1,6
19111,14.0,7,5,1,3
19112,37.0,8,5,4,13
19113,27.0,9,5,2,8
19114,43.0,10,5,5,16
19115,43.0,11,5,5,16
19116,40.0,12,5,5,14
19117,45.0,13,5,6,17
19118,22.0,14,5,1,6
19119,7.0,15,5,1,1
19120,9.0,16,5,1,1
19121,50.0,17,5,7,19
19122,51.0,18,5,7,19
19123,46.0,19,5,6,17
19124,39.0,20,5,5,14
19125,57.0,21,5,8,22
19126,66.0,22,5,10,27
19127,40.0,23,5,5,14
19128,37.0,0,6,4,13
19129,8.0,1,6,1,1
19130,14.0,2,6,1,3
19131,16.0,3,6,1,4
19132,12.0,4,6,1,2
19133,14.0,5,6,1,3
19134,16.0,6,6,1,4
19135,17.0,7,6,1,4
19136,16.0,8,6,1,4
19137,9.0,9,6,1,1
19138,14.0,10,6,1,3
19139,19.0,11,6,1,5
19140,20.0,12,6,1,5
19141,14.0,13,6,1,3
19142,32.0,14,6,3,11
19143,23.0,15,6,1,7
19144,17.0,16,6,1,4
19145,26.0,17,6,2,8
19146,21.0,18,6,1,6
19147,24.0,19,6,2,7
19148,17.0,20,6,1,4
19149,19.0,21,6,1,5
19150,26.0,22,6,2,8
19151,27.0,23,6,2,8
19152,28.0,0,0,2,9
19153,23.0,1,0,1,7
19154,16.0,2,0,1,4
19155,15.0,3,0,1,3
19156,36.0,4,0,4,12
19157,23.0,5,0,1,7
19158,20.0,6,0,1,5
19159,32.0,7,0,3,11
19160,18.0,8,0,1,5
19161,32.0,9,0,3,11
19162,20.0,10,0,1,5
19163,37.0,11,0,4,13
19164,50.0,12,0,7,19
19165,70.0,13,0,11,29
19166,65.0,14,0,10,26
19167,78.0,15,0,12,33
19168,90.0,16,0,14,39
19169,77.0,17,0,12,32
19170,82.0,18,0,13,35
19171,89.0,19,0,14,39
19172,82.0,20,0,13,35
19173,74.0,21,0,11,31
19174,47.0,22,0,6,18
19175,21.0,23,0,1,6
19176,36.0,0,1,4,12
19177,26.0,1,1,2,8
19178,55.0,2,1,8,21
19179,29.0,3,1,3,9
19180,36.0,4,1,4,12
19181,18.0,5,1,1,5
19182,34.0,6,1,4,12
19183,45.0,7,1,6,17
19184,59.0,8,1,8,23
19185,32.0,9,1,3,11
19186,40.0,10,1,5,14
19187,36.0,11,1,4,12
19188,41.0,12,1,5,15
19189,66.0,13,1,10,27
19190,55.0,14,1,8,21
19191,76.0,15,1,12,32
19192,96.0,16,1,15,43
19193,71.0,17,1,11,29
19194,32.0,18,1,3,11
19195,36.0,19,1,4,12
19196,50.0,20,1,7,19
19197,59.0,21,1,8,23
19198,55.0,22,1,8,21
19199,76.0,23,1,12,32
19200,46.0,0,2,6,17
19201,56.0,1,2,8,22
19202,46.0,2,2,6,17
19203,60.0,3,2,9,24
19204,84.0,4,2,13,36
19205,67.0,5,2,10,27
19206,91.0,6,2,14,40
19207,48.0,7,2,6,18
19208,82.0,8,2,13,35
19209,89.0,9,2,14,39
19210,101.0,10,2,16,45
19211,80.0,11,2,12,34
19212,99.0,12,2,16,44
19213,113.0,13,2,18,52
19214,107.0,14,2,17,49
19215,100.0,15,2,16,45
19216,98.0,16,2,16,44
19217,116.0,17,2,19,54
19218,97.0,18,2,15,43
19219,110.0,19,2,18,50
19220,85.0,20,2,13,37
19221,69.0,21,2,10,28
19222,50.0,22,2,7,19
19223,81.0,23,2,13,34
19224,45.0,0,3,6,17
19225,55.0,1,3,8,21
19226,80.0,2,3,12,34
19227,77.0,3,3,12,32
19228,63.0,4,3,9,25
19229,58.0,5,3,8,23
19230,80.0,6,3,12,34
19231,65.0,7,3,10,26
19232,89.0,8,3,14,39
19233,59.0,9,3,8,23
19234,36.0,10,3,4,12
19235,62.0,11,3,9,25
19236,74.0,12,3,11,31
19237,97.0,13,3,15,43
19238,52.0,14,3,7,20
19239,48.0,15,3,6,18
19240,69.0,16,3,10,28
19241,63.0,17,3,9,25
19242,70.0,18,3,11,29
19243,77.0,19,3,12,32
19244,70.0,20,3,11,29
19245,48.0,21,3,6,18
19246,92.0,22,3,15,40
19247,71.0,23,3,11,29
19248,63.0,0,4,9,25
19249,62.0,1,4,9,25
19250,67.0,2,4,10,27
19251,90.0,3,4,14,39
19252,88.0,4,4,14,38
19253,83.0,5,4,13,36
19254,96.0,6,4,15,43
19255,72.0,7,4,11,30
19256,94.0,8,4,15,41
19257,70.0,9,4,11,29
19258,85.0,10,4,13,37
19259,76.0,11,4,12,32
19260,82.0,12,4,13,35
19261,79.0,13,4,12,33
19262,84.0,14,4,13,36
19263,105.0,15,4,17,48
19264,81.0,16,4,13,34
19265,114.0,17,4,18,53
19266,90.0,18,4,14,39
19267,125.0,19,4,20,59
19268,122.0,20,4,20,57
19269,143.0,21,4,23,70
19270,138.0,22,4,22,67
19271,129.0,23,4,21,62
19272,148.0,0,5,24,73
19273,161.0,1,5,26,82
19274,196.0,2,5,31,105
19275,163.0,3,5,26,83
19276,135.0,4,5,22,65
19277,174.0,5,5,28,90
19278,110.0,6,5,18,50
19279,135.0,7,5,22,65
19280,133.0,8,5,22,64
19281,160.0,9,5,26,81
19282,153.0,10,5,25,76
19283,90.0,11,5,14,39
19284,77.0,12,5,12,32
19285,123.0,13,5,20,58
19286,102.0,14,5,16,46
19287,108.0,15,5,17,49
19288,109.0,16,5,18,50
19289,106.0,17,5,17,48
19290,114.0,18,5,18,53
19291,155.0,19,5,25,78
19292,131.0,20,5,21,63
19293,94.0,21,5,15,41
19294,110.0,22,5,18,50
19295,107.0,23,5,17,49
19296,118.0,0,6,19,55
19297,114.0,1,6,18,53
19298,117.0,2,6,19,54
19299,135.0,3,6,22,65
19300,149.0,4,6,24,74
19301,127.0,5,6,21,60
19302,183.0,6,6,30,96
19303,120.0,7,6,19,56
19304,121.0,8,6,20,57
19305,162.0,9,6,26,82
19306,156.0,10,6,25,78
19307,127.0,11,6,21,60
19308,106.0,12,6,17,48
19309,155.0,13,6,25,78
19310,93.0,14,6,15,41
19311,113.0,15,6,18,52
19312,132.0,16,6,21,63
19313,130.0,17,6,21,62
19314,139.0,18,6,23,68
19315,160.0,19,6,26,81
19316,145.0,20,6,24,71
19317,140.0,21,6,23,68
19318,147.0,22,6,24,73
19319,158.0,23,6,26,80
19320,135.0,0,0,22,65
19321,150.0,1,0,24,75
19322,113.0,2,0,18,52
19323,158.0,3,0,26,80
19324,191.0,4,0,31,102
19325,186.0,5,0,30,98
19326,207.0,6,0,33,113
19327,158.0,7,0,26,80
19328,142.0,8,0,23,69
19329,195.0,9,0,31,105
19330,159.0,10,0,26,80
19331,175.0,11,0,28,91
19332,195.0,12,0,31,105
19333,230.0,13,0,36,130
19334,217.0,14,0,34,121
19335,181.0,15,0,29,95
19337,187.0,17,0,30,99
19338,158.0,18,0,26,80
19339,159.0,19,0,26,80
19340,180.0,20,0,29,94
19341,203.0,21,0,32,110
19343,136.0,23,0,22,66
19344,182.0,0,1,29,96
19345,132.0,1,1,21,63
19346,132.0,2,1,21,63
19347,165.0,3,1,27,84
19348,141.0,4,1,23,69
19349,93.0,5,1,15,41
19350,105.0,6,1,17,48
19351,118.0,7,1,19,55
19352,133.0,8,1,22,64
19353,145.0,9,1,24,71
19354,217.0,10,1,34,121
19355,156.0,11,1,25,78
19356,176.0,12,1,28,92
19357,142.0,13,1,23,69
19358,163.0,14,1,26,83
19359,170.0,15,1,28,88
19360,155.0,16,1,25,78
19361,148.0,17,1,24,73
19362,116.0,18,1,19,54
19363,150.0,19,1,24,75
19364,133.0,20,1,22,64
19365,146.0,21,1,24,72
19366,122.0,22,1,20,57
19367,131.0,23,1,21,63
19368,165.0,0,2,27,84
19369,139.0,1,2,23,68
19370,166.0,2,2,27,85
19371,154.0,3,2,25,77
19372,146.0,4,2,24,72
19373,161.0,5,2,26,82
19374,162.0,6,2,26,82
19375,163.0,7,2,26,83
19376,148.0,8,2,24,73
19377,155.0,9,2,25,78
19378,149.0,10,2,24,74
19379,150.0,11,2,24,75
19380,145.0,12,2,24,71
19381,139.0,13,2,23,68
19382,141.0,14,2,23,69
19383,147.0,15,2,24,73
19384,122.0,16,2,20,57
19385,219.0,17,2,35,122
19386,246.0,18,2,38,143
19387,171.0,19,2,28,88
19388,174.0,20,2,28,90
19389,185.0,21,2,30,98
19390,172.0,22,2,28,89
19391,158.0,23,2,26,80
19392,177.0,0,3,29,92
19393,211.0,1,3,34,116
19394,187.0,2,3,30,99
19395,162.0,3,3,26,82
19396,154.0,4,3,25,77
19397,118.0,5,3,19,55
19398,150.0,6,3,24,75
19399,144.0,7,3,23,71
19400,142.0,8,3,23,69
19401,148.0,9,3,24,73
19402,161.0,10,3,26,82
19403,145.0,11,3,24,71
19404,135.0,12,3,22,65
19405,139.0,13,3,23,68
19406,143.0,14,3,23,70
19407,172.0,15,3,28,89
19408,162.0,16,3,26,82
19409,165.0,17,3,27,84
19410,127.0,18,3,21,60
19411,163.0,19,3,26,83
19412,129.0,20,3,21,62
19413,185.0,21,3,30,98
19414,151.0,22,3,25,75
19416,147.0,0,4,24,73
19417,188.0,1,4,30,100
19418,118.0,2,4,19,55
19419,130.0,3,4,21,62
19420,204.0,4,4,33,111
19421,186.0,5,4,30,98
19422,153.0,6,4,25,76
19423,132.0,7,4,21,63
19424,139.0,8,4,23,68
19425,184.0,9,4,30,97
19426,138.0,10,4,22,67
19427,121.0,11,4,20,57
19428,130.0,12,4,21,62
19429,138.0,13,4,22,67
19430,164.0,14,4,27,84
19431,159.0,15,4,26,80
19432,146.0,16,4,24,72
19433,150.0,17,4,24,75
19434,171.0,18,4,28,88
19435,145.0,19,4,24,71
19436,158.0,20,4,26,80
19437,121.0,21,4,20,57
19438,127.0,22,4,21,60
19439,155.0,23,4,25,78
19440,120.0,0,5,19,56
19441,125.0,1,5,20,59
19442,132.0,2,5,21,63
19443,154.0,3,5,25,77
19444,159.0,4,5,26,80
19445,166.0,5,5,27,85
19446,159.0,6,5,26,80
19447,174.0,7,5,28,90
19448,172.0,8,5,28,89
19449,145.0,9,5,24,71
19450,168.0,10,5,27,86
19451,149.0,11,5,24,74
19452,138.0,12,5,22,67
19453,155.0,13,5,25,78
19454,112.0,14,5,18,52
19455,190.0,15,5,31,101
19456,183.0,16,5,30,96
19457,183.0,17,5,30,96
19458,176.0,18,5,28,92
19459,208.0,19,5,33,114
19460,150.0,20,5,24,75
19461,189.0,21,5,30,101
19462,191.0,22,5,31,102
19463,202.0,23,5,32,110
19464,209.0,0,6,33,115
19465,192.0,1,6,31,103
19466,167.0,2,6,27,86
19467,207.0,3,6,33,113
19468,214.0,4,6,34,118
19469,184.0,5,6,30,97
19470,229.0,6,6,36,130
19471,178.0,7,6,29,93
19472,183.0,8,6,30,96
19473,193.0,9,6,31,103
19474,181.0,10,6,29,95
19475,186.0,11,6,30,98
19476,180.0,12,6,29,94
19477,158.0,13,6,26,80
19478,145.0,14,6,24,71
19479,167.0,15,6,27,86
19480,105.0,16,6,17,48
19481,134.0,17,6,22,65
19482,116.0,18,6,19,54
19483,118.0,19,6,19,55
19484,116.0,20,6,19,54
19485,118.0,21,6,19,55
19486,152.0,22,6,25,76
19487,131.0,23,6,21,63
19488,145.0,0,0,24,71
19489,138.0,1,0,22,67
19490,116.0,2,0,19,54
19491,107.0,3,0,17,49
19492,149.0,4,0,24,74
19493,90.0,5,0,14,39
19494,116.0,6,0,19,54
19495,132.0,7,0,21,63
19496,170.0,8,0,28,88
19497,129.0,9,0,21,62
19498,127.0,10,0,21,60
19499,125.0,11,0,20,59
19500,168.0,12,0,27,86
19501,201.0,13,0,32,109
19502,191.0,14,0,31,102
19503,176.0,15,0,28,92
19504,151.0,16,0,25,75
19505,186.0,17,0,30,98
19506,217.0,18,0,34,121
19507,183.0,19,0,30,96
19508,197.0,20,0,32,106
19509,185.0,21,0,30,98
19510,180.0,22,0,29,94
19511,198.0,23,0,32,107
19512,209.0,0,1,33,115
19513,149.0,1,1,24,74
19514,136.0,2,1,22,66
19515,124.0,3,1,20,59
19516,144.0,4,1,23,71
19517,128.0,5,1,21,61
19518,149.0,6,1,24,74
19519,161.0,7,1,26,82
19520,229.0,8,1,36,130
19521,156.0,9,1,25,78
19522,129.0,10,1,21,62
19523,152.0,11,1,25,76
19524,158.0,12,1,26,80
19525,98.0,13,1,16,44
19526,139.0,14,1,23,68
19527,139.0,15,1,23,68
19528,141.0,16,1,23,69
19529,123.0,17,1,20,58
19530,141.0,18,1,23,69
19531,184.0,19,1,30,97
19532,185.0,20,1,30,98
19533,154.0,21,1,25,77
19534,152.0,22,1,25,76
19535,152.0,23,1,25,76
19536,198.0,0,2,32,107
19537,171.0,1,2,28,88
19538,170.0,2,2,28,88
19539,170.0,3,2,28,88
19540,138.0,4,2,22,67
19541,131.0,5,2,21,63
19542,147.0,6,2,24,73
19543,165.0,7,2,27,84
19544,141.0,8,2,23,69
19545,178.0,9,2,29,93
19546,197.0,10,2,32,106
19547,163.0,11,2,26,83
19548,143.0,12,2,23,70
19549,155.0,13,2,25,78
19550,166.0,14,2,27,85
19551,162.0,15,2,26,82
19552,148.0,16,2,24,73
19553,140.0,17,2,23,68
19554,120.0,18,2,19,56
19555,136.0,19,2,22,66
19556,154.0,20,2,25,77
19557,158.0,21,2,26,80
19558,147.0,22,2,24,73
19559,154.0,23,2,25,77
19560,151.0,0,3,25,75
19561,135.0,1,3,22,65
19562,191.0,2,3,31,102
19563,182.0,3,3,29,96
19564,173.0,4,3,28,90
19565,173.0,5,3,28,90
19566,192.0,6,3,31,103
19567,141.0,7,3,23,69
19568,204.0,8,3,33,111
19569,175.0,9,3,28,91
19570,177.0,10,3,29,92
19571,158.0,11,3,26,80
19572,224.0,12,3,35,126
19573,218.0,13,3,35,121
19574,222.0,14,3,35,124
19575,178.0,15,3,29,93
19576,182.0,16,3,29,96
19577,133.0,17,3,22,64
19578,190.0,18,3,31,101
19579,121.0,19,3,20,57
19580,127.0,20,3,21,60
19581,141.0,21,3,23,69
19582,139.0,22,3,23,68
19583,139.0,23,3,23,68
19584,120.0,0,4,19,56
19585,140.0,1,4,23,68
19586,171.0,2,4,28,88
19587,134.0,3,4,22,65
19588,123.0,4,4,20,58
19589,104.0,5,4,17,47
19590,127.0,6,4,21,60
19591,109.0,7,4,18,50
19592,88.0,8,4,14,38
19593,129.0,9,4,21,62
19594,191.0,10,4,31,102
19595,126.0,11,4,20,60
19596,128.0,12,4,21,61
19597,128.0,13,4,21,61
19598,132.0,14,4,21,63
19599,151.0,15,4,25,75
19600,170.0,16,4,28,88
19601,144.0,17,4,23,71
19602,147.0,18,4,24,73
19603,190.0,19,4,31,101
19604,178.0,20,4,29,93
19605,146.0,21,4,24,72
19606,138.0,22,4,22,67
19607,123.0,23,4,20,58
19608,159.0,0,5,26,80
19609,150.0,1,5,24,75
19610,151.0,2,5,25,75
19611,132.0,3,5,21,63
19612,203.0,4,5,32,110
19613,161.0,5,5,26,82
19614,164.0,6,5,27,84
19615,134.0,7,5,22,65
19616,121.0,8,5,20,57
19617,126.0,9,5,20,60
19618,171.0,10,5,28,88
19619,134.0,11,5,22,65
19620,138.0,12,5,22,67
19621,154.0,13,5,25,77
19622,135.0,14,5,22,65
19623,142.0,15,5,23,69
19624,106.0,16,5,17,48
19625,114.0,17,5,18,53
19626,120.0,18,5,19,56
19627,140.0,19,5,23,68
19628,163.0,20,5,26,83
19629,190.0,21,5,31,101
19630,128.0,22,5,21,61
19631,159.0,23,5,26,80
19632,159.0,0,6,26,80
19633,201.0,1,6,32,109
19634,206.0,2,6,33,113
19635,163.0,3,6,26,83
19636,195.0,4,6,31,105
19637,194.0,5,6,31,104
19638,188.0,6,6,30,100
19639,207.0,7,6,33,113
19640,190.0,8,6,31,101
19641,178.0,9,6,29,93
19642,158.0,10,6,26,80
19643,168.0,11,6,27,86
19644,200.0,12,6,32,108
19645,224.0,13,6,35,126
19646,169.0,14,6,27,87
19647,125.0,15,6,20,59
19648,121.0,16,6,20,57
19649,154.0,17,6,25,77
19650,141.0,18,6,23,69
19651,151.0,19,6,25,75
19652,156.0,20,6,25,78
19653,185.0,21,6,30,98
19654,123.0,22,6,20,58
19655,141.0,23,6,23,69
19656,163.0,0,0,26,83
19657,147.0,1,0,24,73
19658,205.0,2,0,33,112
19659,134.0,3,0,22,65
19660,121.0,4,0,20,57
19661,145.0,5,0,24,71
19662,160.0,6,0,26,81
19663,152.0,7,0,25,76
19664,156.0,8,0,25,78
19665,122.0,9,0,20,57
19666,178.0,10,0,29,93
19667,136.0,11,0,22,66
19668,118.0,12,0,19,55
19669,147.0,13,0,24,73
19670,147.0,14,0,24,73
19671,104.0,15,0,17,47
19672,134.0,16,0,22,65
19673,135.0,17,0,22,65
19674,159.0,18,0,26,80
19675,119.0,19,0,19,56
19676,113.0,20,0,18,52
19677,180.0,21,0,29,94
19678,180.0,22,0,29,94
19679,174.0,23,0,28,90
19680,215.0,0,1,34,119
19681,217.0,1,1,34,121
19682,250.0,2,1,39,146
19683,214.0,3,1,34,118
19684,197.0,4,1,32,106
19685,345.0,5,1,50,229
19686,197.0,6,1,32,106
19687,502.0,7,1,61,396
19689,229.0,9,1,36,130
19690,192.0,10,1,31,103
19691,182.0,11,1,29,96
19692,151.0,12,1,25,75
19693,133.0,13,1,22,64
19694,124.0,14,1,20,59
19695,140.0,15,1,23,68
19696,146.0,16,1,24,72
19697,164.0,17,1,27,84
19698,175.0,18,1,28,91
19699,195.0,19,1,31,105
19700,202.0,20,1,32,110
19701,197.0,21,1,32,106
19702,171.0,22,1,28,88
19703,145.0,23,1,24,71
19704,125.0,0,2,20,59
19705,166.0,1,2,27,85
19706,133.0,2,2,22,64
19707,156.0,3,2,25,78
19708,167.0,4,2,27,86
19709,150.0,5,2,24,75
19710,119.0,6,2,19,56
19711,197.0,7,2,32,106
19712,142.0,8,2,23,69
19713,165.0,9,2,27,84
19714,160.0,10,2,26,81
19715,166.0,11,2,27,85
19716,113.0,12,2,18,52
19717,142.0,13,2,23,69
19718,114.0,14,2,18,53
19719,146.0,15,2,24,72
19720,169.0,16,2,27,87
19721,164.0,17,2,27,84
19722,162.0,18,2,26,82
19723,147.0,19,2,24,73
19724,146.0,20,2,24,72
19725,164.0,21,2,27,84
19726,188.0,22,2,30,100
19727,186.0,23,2,30,98
19728,167.0,0,3,27,86
19729,149.0,1,3,24,74
19730,152.0,2,3,25,76
19731,160.0,3,3,26,81
19732,186.0,4,3,30,98
19733,163.0,5,3,26,83
19734,180.0,6,3,29,94
19735,197.0,7,3,32,106
19736,159.0,8,3,26,80
19740,196.0,12,3,31,105
19741,170.0,13,3,28,88
19742,171.0,14,3,28,88
19743,175.0,15,3,28,91
19744,213.0,16,3,34,118
19745,211.0,17,3,34,116
19746,238.0,18,3,37,137
19747,226.0,19,3,36,127
19748,224.0,20,3,35,126
19749,204.0,21,3,33,111
19750,180.0,22,3,29,94
19751,168.0,23,3,27,86
19752,134.0,0,4,22,65
19753,180.0,1,4,29,94
19754,139.0,2,4,23,68
19755,185.0,3,4,30,98
19756,217.0,4,4,34,121
19757,195.0,5,4,31,105
19758,187.0,6,4,30,99
19759,210.0,7,4,33,115
19760,196.0,8,4,31,105
19761,168.0,9,4,27,86
19762,201.0,10,4,32,109
19763,141.0,11,4,23,69
19764,171.0,12,4,28,88
19765,210.0,13,4,33,115
19766,191.0,14,4,31,102
19767,189.0,15,4,30,101
19768,192.0,16,4,31,103
19769,158.0,17,4,26,80
19770,143.0,18,4,23,70
19771,130.0,19,4,21,62
19772,169.0,20,4,27,87
19773,168.0,21,4,27,86
19774,167.0,22,4,27,86
19775,168.0,23,4,27,86
19776,140.0,0,5,23,68
19777,136.0,1,5,22,66
19778,186.0,2,5,30,98
19779,196.0,3,5,31,105
19780,193.0,4,5,31,103
19781,148.0,5,5,24,73
19782,155.0,6,5,25,78
19783,181.0,7,5,29,95
19784,158.0,8,5,26,80
19785,171.0,9,5,28,88
19786,172.0,10,5,28,89
19787,163.0,11,5,26,83
19788,205.0,12,5,33,112
19789,166.0,13,5,27,85
19790,135.0,14,5,22,65
19791,144.0,15,5,23,71
19792,187.0,16,5,30,99
19793,184.0,17,5,30,97
19794,155.0,18,5,25,78
19795,126.0,19,5,20,60
19796,154.0,20,5,25,77
19797,158.0,21,5,26,80
19798,144.0,22,5,23,71
19799,186.0,23,5,30,98
19800,198.0,0,6,32,107
19801,196.0,1,6,31,105
19802,134.0,2,6,22,65
19803,180.0,3,6,29,94
19804,198.0,4,6,32,107
19805,165.0,5,6,27,84
19806,177.0,6,6,29,92
19807,148.0,7,6,24,73
19808,151.0,8,6,25,75
19809,178.0,9,6,29,93
19810,187.0,10,6,30,99
19811,172.0,11,6,28,89
19812,161.0,12,6,26,82
19813,142.0,13,6,23,69
19814,156.0,14,6,25,78
19815,155.0,15,6,25,78
19816,190.0,16,6,31,101
19817,239.0,17,6,37,137
19818,245.0,18,6,38,142
19819,195.0,19,6,31,105
19820,235.0,20,6,37,134
19821,218.0,21,6,35,121
19822,214.0,22,6,34,118
19823,196.0,23,6,31,105
19824,190.0,0,0,31,101
19825,185.0,1,0,30,98
19826,204.0,2,0,33,111
19827,192.0,3,0,31,103
19828,139.0,4,0,23,68
19829,168.0,5,0,27,86
19830,194.0,6,0,31,104
19831,181.0,7,0,29,95
19832,172.0,8,0,28,89
19833,163.0,9,0,26,83
19834,184.0,10,0,30,97
19835,197.0,11,0,32,106
19836,191.0,12,0,31,102
19837,379.0,13,0,53,262
19839,133.0,15,0,22,64
19840,374.0,16,0,53,257
19841,192.0,17,0,31,103
19842,174.0,18,0,28,90
19843,194.0,19,0,31,104
19844,174.0,20,0,28,90
19845,193.0,21,0,31,103
19846,193.0,22,0,31,103
19847,168.0,23,0,27,86
19848,170.0,0,1,28,88
19849,167.0,1,1,27,86
19850,163.0,2,1,26,83
19851,162.0,3,1,26,82
19852,166.0,4,1,27,85
19853,175.0,5,1,28,91
19854,203.0,6,1,32,110
19855,132.0,7,1,21,63
19856,193.0,8,1,31,103
19857,172.0,9,1,28,89
19858,172.0,10,1,28,89
19859,180.0,11,1,29,94
19860,159.0,12,1,26,80
19861,181.0,13,1,29,95
19862,212.0,14,1,34,117
19863,185.0,15,1,30,98
19864,200.0,16,1,32,108
19865,185.0,17,1,30,98
19866,173.0,18,1,28,90
19867,182.0,19,1,29,96
19868,135.0,20,1,22,65
19869,187.0,21,1,30,99
19870,181.0,22,1,29,95
19871,226.0,23,1,36,127
19872,191.0,0,2,31,102
19873,181.0,1,2,29,95
19874,238.0,2,2,37,137
19875,228.0,3,2,36,129
19876,182.0,4,2,29,96
19877,228.0,5,2,36,129
19878,213.0,6,2,34,118
19879,178.0,7,2,29,93
19880,170.0,8,2,28,88
19881,178.0,9,2,29,93
19882,164.0,10,2,27,84
19883,191.0,11,2,31,102
19884,160.0,12,2,26,81
19885,193.0,13,2,31,103
19886,152.0,14,2,25,76
19887,175.0,15,2,28,91
19888,144.0,16,2,23,71
19889,233.0,17,2,37,133
19890,170.0,18,2,28,88
19891,207.0,19,2,33,113
19892,188.0,20,2,30,100
19893,191.0,21,2,31,102
19894,197.0,22,2,32,106
19895,126.0,23,2,20,60
19896,150.0,0,3,24,75
19897,140.0,1,3,23,68
19898,160.0,2,3,26,81
19899,183.0,3,3,30,96
19900,160.0,4,3,26,81
19901,183.0,5,3,30,96
19902,191.0,6,3,31,102
19903,212.0,7,3,34,117
19904,217.0,8,3,34,121
19905,249.0,9,3,39,145
19906,254.0,10,3,39,149
19907,244.0,11,3,38,141
19908,220.0,12,3,35,123
19909,207.0,13,3,33,113
19910,218.0,14,3,35,121
19911,222.0,15,3,35,124
19912,222.0,16,3,35,124
19913,216.0,17,3,34,120
19914,229.0,18,3,36,130
19915,264.0,19,3,41,157
19916,174.0,20,3,28,90
19917,162.0,21,3,26,82
19918,169.0,22,3,27,87
19919,190.0,23,3,31,101
19920,224.0,0,4,35,126
19921,242.0,1,4,38,140
19922,217.0,2,4,34,121
19923,225.0,3,4,36,127
19924,200.0,4,4,32,108
19925,170.0,5,4,28,88
19926,186.0,6,4,30,98
19927,217.0,7,4,34,121
19928,180.0,8,4,29,94
19929,236.0,9,4,37,135
19930,172.0,10,4,28,89
19931,228.0,11,4,36,129
19932,202.0,12,4,32,110
19933,216.0,13,4,34,120
19934,248.0,14,4,39,144
19935,249.0,15,4,39,145
19936,284.0,16,4,43,174
19937,292.0,17,4,44,181
19938,289.0,18,4,44,178
19939,275.0,19,4,42,166
19940,274.0,20,4,42,166
19941,232.0,21,4,37,132
19942,226.0,22,4,36,127
19943,238.0,23,4,37,137
19944,201.0,0,5,32,109
19945,191.0,1,5,31,102
19946,234.0,2,5,37,133
19947,216.0,3,5,34,120
19948,245.0,4,5,38,142
19949,217.0,5,5,34,121
19950,215.0,6,5,34,119
19951,217.0,7,5,34,121
19952,234.0,8,5,37,133
19953,253.0,9,5,39,148
19954,238.0,10,5,37,137
19955,236.0,11,5,37,135
19956,219.0,12,5,35,122
19957,250.0,13,5,39,146
19958,202.0,14,5,32,110
19959,229.0,15,5,36,130
19960,242.0,16,5,38,140
19961,243.0,17,5,38,140
19962,220.0,18,5,35,123
19963,220.0,19,5,35,123
19964,244.0,20,5,38,141
19965,181.0,21,5,29,95
19966,229.0,22,5,36,130
19967,204.0,23,5,33,111
19968,249.0,0,6,39,145
19969,239.0,1,6,37,137
19970,222.0,2,6,35,124
19971,234.0,3,6,37,133
19972,223.0,4,6,35,125
19973,223.0,5,6,35,125
19974,228.0,6,6,36,129
19975,226.0,7,6,36,127
19976,184.0,8,6,30,97
19977,206.0,9,6,33,113
19978,177.0,10,6,29,92
19979,196.0,11,6,31,105
19980,176.0,12,6,28,92
19981,206.0,13,6,33,113
19982,204.0,14,6,33,111
19983,207.0,15,6,33,113
19984,230.0,16,6,36,130
19985,274.0,17,6,42,166
19986,255.0,18,6,40,150
19987,244.0,19,6,38,141
19988,238.0,20,6,37,137
19989,271.0,21,6,42,163
19990,198.0,22,6,32,107
19991,219.0,23,6,35,122
19992,253.0,0,0,39,148
19993,304.0,1,0,45,191
19994,319.0,2,0,47,205
19995,233.0,3,0,37,133
19996,238.0,4,0,37,137
19997,264.0,5,0,41,157
19998,268.0,6,0,41,161
19999,293.0,7,0,44,182
20000,278.0,8,0,42,169
20001,230.0,9,0,36,130
20002,185.0,10,0,30,98
20003,181.0,11,0,29,95
20004,186.0,12,0,30,98
20005,193.0,13,0,31,103
20006,176.0,14,0,28,92
20007,185.0,15,0,30,98
20008,212.0,16,0,34,117
20009,187.0,17,0,30,99
20010,206.0,18,0,33,113
20011,201.0,19,0,32,109
20012,194.0,20,0,31,104
20013,172.0,21,0,28,89
20014,200.0,22,0,32,108
20015,235.0,23,0,37,134
20016,236.0,0,1,37,135
20017,190.0,1,1,31,101
20018,188.0,2,1,30,100
20019,208.0,3,1,33,114
20020,212.0,4,1,34,117
20021,240.0,5,1,38,138
20022,197.0,6,1,32,106
20023,234.0,7,1,37,133
20024,215.0,8,1,34,119
20025,209.0,9,1,33,115
20026,194.0,10,1,31,104
20027,209.0,11,1,33,115
20028,193.0,12,1,31,103
20029,207.0,13,1,33,113
20030,246.0,14,1,38,143
20031,227.0,15,1,36,128
20032,166.0,16,1,27,85
20033,186.0,17,1,30,98
20034,173.0,18,1,28,90
20035,226.0,19,1,36,127
20036,178.0,20,1,29,93
20037,177.0,21,1,29,92
20038,248.0,22,1,39,144
20039,198.0,23,1,32,107
20040,236.0,0,2,37,135
20041,211.0,1,2,34,116
20042,202.0,2,2,32,110
20043,215.0,3,2,34,119
20044,198.0,4,2,32,107
20045,165.0,5,2,27,84
20046,176.0,6,2,28,92
20047,181.0,7,2,29,95
20048,224.0,8,2,35,126
20049,198.0,9,2,32,107
20050,186.0,10,2,30,98
20051,238.0,11,2,37,137
20052,225.0,12,2,36,127
20053,215.0,13,2,34,119
20054,220.0,14,2,35,123
20055,205.0,15,2,33,112
20056,251.0,16,2,39,147
20057,218.0,17,2,35,121
20058,243.0,18,2,38,140
20059,244.0,19,2,38,141
20060,205.0,20,2,33,112
20061,204.0,21,2,33,111
20062,231.0,22,2,36,131
20063,246.0,23,2,38,143
20064,196.0,0,3,31,105
20065,186.0,1,3,30,98
20066,206.0,2,3,33,113
20067,249.0,3,3,39,145
20068,206.0,4,3,33,113
20069,231.0,5,3,36,131
20070,253.0,6,3,39,148
20071,213.0,7,3,34,118
20072,254.0,8,3,39,149
20073,218.0,9,3,35,121
20074,223.0,10,3,35,125
20075,230.0,11,3,36,130
20076,230.0,12,3,36,130
20077,205.0,13,3,33,112
20078,177.0,14,3,29,92
20079,186.0,15,3,30,98
20080,172.0,16,3,28,89
20081,228.0,17,3,36,129
20082,207.0,18,3,33,113
20083,196.0,19,3,31,105
20084,185.0,20,3,30,98
20085,188.0,21,3,30,100
20086,167.0,22,3,27,86
20087,233.0,23,3,37,133
20088,219.0,0,4,35,122
20089,202.0,1,4,32,110
20090,164.0,2,4,27,84
20091,160.0,3,4,26,81
20092,141.0,4,4,23,69
20093,139.0,5,4,23,68
20094,153.0,6,4,25,76
20095,176.0,7,4,28,92
20096,152.0,8,4,25,76
20097,183.0,9,4,30,96
20098,196.0,10,4,31,105
20099,164.0,11,4,27,84
20100,153.0,12,4,25,76
20101,203.0,13,4,32,110
20102,237.0,14,4,37,136
20103,162.0,15,4,26,82
20104,162.0,16,4,26,82
20105,186.0,17,4,30,98
20106,198.0,18,4,32,107
20107,142.0,19,4,23,69
20108,196.0,20,4,31,105
20109,195.0,21,4,31,105
20110,158.0,22,4,26,80
20111,159.0,23,4,26,80
20112,149.0,0,5,24,74
20113,214.0,1,5,34,118
20114,227.0,2,5,36,128
20115,165.0,3,5,27,84
20116,145.0,4,5,24,71
20117,173.0,5,5,28,90
20118,170.0,6,5,28,88
20119,222.0,7,5,35,124
20120,198.0,8,5,32,107
20121,192.0,9,5,31,103
20122,172.0,10,5,28,89
20123,192.0,11,5,31,103
20124,149.0,12,5,24,74
20125,186.0,13,5,30,98
20126,202.0,14,5,32,110
20127,225.0,15,5,36,127
20128,198.0,16,5,32,107
20129,192.0,17,5,31,103
20130,181.0,18,5,29,95
20131,148.0,19,5,24,73
20132,161.0,20,5,26,82
20133,153.0,21,5,25,76
20134,185.0,22,5,30,98
20135,162.0,23,5,26,82
20136,187.0,0,6,30,99
20137,210.0,1,6,33,115
20138,172.0,2,6,28,89
20139,168.0,3,6,27,86
20140,166.0,4,6,27,85
20141,193.0,5,6,31,103
20142,173.0,6,6,28,90
20143,188.0,7,6,30,100
20144,205.0,8,6,33,112
20145,178.0,9,6,29,93
20146,187.0,10,6,30,99
20147,190.0,11,6,31,101
20148,182.0,12,6,29,96
20149,214.0,13,6,34,118
20150,187.0,14,6,30,99
20151,228.0,15,6,36,129
20152,231.0,16,6,36,131
20153,153.0,17,6,25,76
20154,170.0,18,6,28,88
20155,156.0,19,6,25,78
20156,176.0,20,6,28,92
20157,160.0,21,6,26,81
20158,134.0,22,6,22,65
20159,120.0,23,6,19,56
20160,163.0,0,0,26,83
20161,174.0,1,0,28,90
20162,186.0,2,0,30,98
20163,150.0,3,0,24,75
20164,133.0,4,0,22,64
20165,160.0,5,0,26,81
20166,116.0,6,0,19,54
20167,110.0,7,0,18,50
20168,158.0,8,0,26,80
20169,150.0,9,0,24,75
20170,146.0,10,0,24,72
20171,151.0,11,0,25,75
20172,150.0,12,0,24,75
20173,125.0,13,0,20,59
20174,122.0,14,0,20,57
20175,133.0,15,0,22,64
20176,114.0,16,0,18,53
20177,105.0,17,0,17,48
20178,84.0,18,0,13,36
20179,104.0,19,0,17,47
20180,99.0,20,0,16,44
20181,111.0,21,0,18,51
20182,104.0,22,0,17,47
20183,131.0,23,0,21,63
20184,100.0,0,1,16,45
20185,112.0,1,1,18,52
20186,122.0,2,1,20,57
20187,122.0,3,1,20,57
20188,108.0,4,1,17,49
20189,120.0,5,1,19,56
20190,120.0,6,1,19,56
20191,99.0,7,1,16,44
20192,112.0,8,1,18,52
20193,127.0,9,1,21,60
20194,109.0,10,1,18,50
20195,100.0,11,1,16,45
20196,101.0,12,1,16,45
20197,113.0,13,1,18,52
20198,92.0,14,1,15,40
20199,116.0,15,1,19,54
20200,107.0,16,1,17,49
20201,90.0,17,1,14,39
20202,112.0,18,1,18,52
20203,89.0,19,1,14,39
20204,108.0,20,1,17,49
20205,83.0,21,1,13,36
20206,102.0,22,1,16,46
20207,93.0,23,1,15,41
20208,94.0,0,2,15,41
20209,134.0,1,2,22,65
20210,108.0,2,2,17,49
20211,89.0,3,2,14,39
20212,86.0,4,2,13,37
20213,91.0,5,2,14,40
20214,103.0,6,2,16,46
20215,87.0,7,2,14,38
20216,94.0,8,2,15,41
20217,106.0,9,2,17,48
20218,91.0,10,2,14,40
20219,72.0,11,2,11,30
20220,80.0,12,2,12,34
20221,113.0,13,2,18,52
20222,100.0,14,2,16,45
20223,108.0,15,2,17,49
20224,99.0,16,2,16,44
20225,140.0,17,2,23,68
20226,109.0,18,2,18,50
20227,111.0,19,2,18,51
20228,89.0,20,2,14,39
20229,104.0,21,2,17,47
20230,83.0,22,2,13,36
20231,113.0,23,2,18,52
20232,94.0,0,3,15,41
20233,75.0,1,3,11,31
20234,67.0,2,3,10,27
20235,78.0,3,3,12,33
20236,136.0,4,3,22,66
20237,113.0,5,3,18,52
20238,81.0,6,3,13,34
20239,78.0,7,3,12,33
20240,65.0,8,3,10,26
20241,71.0,9,3,11,29
20242,59.0,10,3,8,23
20243,70.0,11,3,11,29
20244,54.0,12,3,8,21
20245,92.0,13,3,15,40
20246,69.0,14,3,10,28
20247,82.0,15,3,13,35
20248,104.0,16,3,17,47
20249,97.0,17,3,15,43
20250,104.0,18,3,17,47
20251,102.0,19,3,16,46
20252,76.0,20,3,12,32
20253,67.0,21,3,10,27
20254,70.0,22,3,11,29
20255,71.0,23,3,11,29
20256,67.0,0,4,10,27
20257,69.0,1,4,10,28
20258,59.0,2,4,8,23
20259,67.0,3,4,10,27
20260,78.0,4,4,12,33
20261,62.0,5,4,9,25
20262,60.0,6,4,9,24
20263,72.0,7,4,11,30
20264,70.0,8,4,11,29
20265,61.0,9,4,9,24
20266,86.0,10,4,13,37
20267,52.0,11,4,7,20
20268,65.0,12,4,10,26
20269,99.0,13,4,16,44
20270,64.0,14,4,9,26
20271,82.0,15,4,13,35
20272,77.0,16,4,12,32
20273,67.0,17,4,10,27
20274,75.0,18,4,11,31
20275,61.0,19,4,9,24
20276,71.0,20,4,11,29
20277,97.0,21,4,15,43
20278,94.0,22,4,15,41
20279,63.0,23,4,9,25
20280,94.0,0,5,15,41
20281,67.0,1,5,10,27
20282,69.0,2,5,10,28
20283,62.0,3,5,9,25
20284,43.0,4,5,5,16
20285,52.0,5,5,7,20
20286,36.0,6,5,4,12
20287,55.0,7,5,8,21
20288,55.0,8,5,8,21
20289,56.0,9,5,8,22
20290,71.0,10,5,11,29
20291,44.0,11,5,6,16
20292,55.0,12,5,8,21
20293,51.0,13,5,7,19
20294,37.0,14,5,4,13
20295,57.0,15,5,8,22
20296,65.0,16,5,10,26
20297,62.0,17,5,9,25
20298,42.0,18,5,5,15
20299,56.0,19,5,8,22
20300,41.0,20,5,5,15
20301,47.0,21,5,6,18
20302,41.0,22,5,5,15
20303,56.0,23,5,8,22
20304,36.0,0,6,4,12
20305,43.0,1,6,5,16
20306,25.0,2,6,2,8
20307,28.0,3,6,2,9
20308,41.0,4,6,5,15
20309,49.0,5,6,7,18
20310,49.0,6,6,7,18
20311,38.0,7,6,4,13
20312,48.0,8,6,6,18
20313,34.0,9,6,4,12
20314,38.0,10,6,4,13
20315,44.0,11,6,6,16
20316,46.0,12,6,6,17
20317,43.0,13,6,5,16
20318,40.0,14,6,5,14
20319,35.0,15,6,4,12
20320,27.0,16,6,2,8
20321,29.0,17,6,3,9
20322,39.0,18,6,5,14
20323,34.0,19,6,4,12
20324,33.0,20,6,3,11
20325,30.0,21,6,3,10
20326,37.0,22,6,4,13
20327,54.0,23,6,8,21
20328,30.0,0,0,3,10
20329,47.0,1,0,6,18
20330,26.0,2,0,2,8
20331,38.0,3,0,4,13
20332,37.0,4,0,4,13
20333,35.0,5,0,4,12
20334,22.0,6,0,1,6
20335,27.0,7,0,2,8
20336,45.0,8,0,6,17
20337,38.0,9,0,4,13
20338,45.0,10,0,6,17
20339,32.0,11,0,3,11
20340,28.0,12,0,2,9
20341,30.0,13,0,3,10
20342,24.0,14,0,2,7
20343,32.0,15,0,3,11
20344,27.0,16,0,2,8
20345,42.0,17,0,5,15
20346,30.0,18,0,3,10
20347,26.0,19,0,2,8
20348,34.0,20,0,4,12
20349,42.0,21,0,5,15
20350,40.0,22,0,5,14
20351,28.0,23,0,2,9
20352,30.0,0,1,3,10
20353,33.0,1,1,3,11
20354,20.0,2,1,1,5
20355,23.0,3,1,1,7
20356,19.0,4,1,1,5
20357,20.0,5,1,1,5
20358,41.0,6,1,5,15
20359,24.0,7,1,2,7
20360,22.0,8,1,1,6
20361,23.0,9,1,1,7
20362,16.0,10,1,1,4
20363,10.0,11,1,1,1
20364,20.0,12,1,1,5
20365,19.0,13,1,1,5
20366,10.0,14,1,1,1
20367,22.0,15,1,1,6
20368,13.0,16,1,1,2
20369,10.0,17,1,1,1
20370,22.0,18,1,1,6
20371,19.0,19,1,1,5
20372,28.0,20,1,2,9
20373,16.0,21,1,1,4
20374,28.0,22,1,2,9
20375,19.0,23,1,1,5
20376,37.0,0,2,4,13
20377,26.0,1,2,2,8
20378,14.0,2,2,1,3
20379,10.0,3,2,1,1
20380,29.0,4,2,3,9
20381,17.0,5,2,1,4
20382,37.0,6,2,4,13
20383,30.0,7,2,3,10
20384,28.0,8,2,2,9
20385,20.0,9,2,1,5
20386,18.0,10,2,1,5
20387,32.0,11,2,3,11
20388,21.0,12,2,1,6
20389,13.0,13,2,1,2
20390,21.0,14,2,1,6
20391,18.0,15,2,1,5
20392,16.0,16,2,1,4
20393,24.0,17,2,2,7
20394,22.0,18,2,1,6
20395,13.0,19,2,1,2
20396,21.0,20,2,1,6
20397,16.0,21,2,1,4
20398,12.0,22,2,1,2
20399,14.0,23,2,1,3
20400,14.0,0,3,1,3
20401,17.0,1,3,1,4
20402,14.0,2,3,1,3
20403,12.0,3,3,1,2
20404,20.0,4,3,1,5
20405,20.0,5,3,1,5
20406,16.0,6,3,1,4
20407,20.0,7,3,1,5
20408,10.0,8,3,1,1
20409,7.0,9,3,1,1
20410,15.0,10,3,1,3
20411,9.0,11,3,1,1
20412,18.0,12,3,1,5
20413,14.0,13,3,1,3
20414,14.0,14,3,1,3
20415,10.0,15,3,1,1
20416,21.0,16,3,1,6
20417,10.0,17,3,1,1
20418,8.0,18,3,1,1
20419,16.0,19,3,1,4
20420,8.0,20,3,1,1
20421,12.0,21,3,1,2
20422,10.0,22,3,1,1
20423,23.0,23,3,1,7
20424,18.0,0,4,1,5
20425,20.0,1,4,1,5
20426,7.0,2,4,1,1
20427,25.0,3,4,2,8
20428,13.0,4,4,1,2
20429,15.0,5,4,1,3
20430,7.0,6,4,1,1
20431,28.0,7,4,2,9
20432,33.0,8,4,3,11
20433,25.0,9,4,2,8
20434,19.0,10,4,1,5
20435,16.0,11,4,1,4
20436,14.0,12,4,1,3
20437,19.0,13,4,1,5
20438,3.0,14,4,1,1
20439,7.0,15,4,1,1
20440,15.0,16,4,1,3
20441,6.0,17,4,1,1
20442,16.0,18,4,1,4
20443,21.0,19,4,1,6
20444,9.0,20,4,1,1
20445,13.0,21,4,1,2
20446,4.0,22,4,1,1
20447,8.0,23,4,1,1
20448,22.0,0,5,1,6
20449,16.0,1,5,1,4
20450,9.0,2,5,1,1
20451,6.0,3,5,1,1
20452,12.0,4,5,1,2
20453,5.0,5,5,1,1
20454,17.0,6,5,1,4
20455,3.0,7,5,1,1
20456,18.0,8,5,1,5
20457,24.0,9,5,2,7
20458,12.0,10,5,1,2
20459,35.0,11,5,4,12
20460,50.0,12,5,7,19
20461,38.0,13,5,4,13
20462,14.0,14,5,1,3
20463,6.0,15,5,1,1
20464,10.0,16,5,1,1
20465,12.0,17,5,1,2
20466,17.0,18,5,1,4
20467,9.0,19,5,1,1
20468,4.0,20,5,1,1
20469,7.0,21,5,1,1
20470,21.0,22,5,1,6
20471,8.0,23,5,1,1
20472,29.0,0,6,3,9
20473,17.0,1,6,1,4
20474,10.0,2,6,1,1
20475,6.0,3,6,1,1
20476,3.0,4,6,1,1
20477,10.0,5,6,1,1
20478,8.0,6,6,1,1
20479,23.0,7,6,1,7
20480,8.0,8,6,1,1
20481,10.0,9,6,1,1
20482,17.0,10,6,1,4
20483,8.0,11,6,1,1
20484,9.0,12,6,1,1
20485,10.0,13,6,1,1
20486,8.0,14,6,1,1
20487,5.0,15,6,1,1
20488,9.0,16,6,1,1
20489,7.0,17,6,1,1
20490,4.0,18,6,1,1
20491,15.0,19,6,1,3
20492,16.0,20,6,1,4
20493,16.0,21,6,1,4
20494,12.0,22,6,1,2
20495,9.0,23,6,1,1
20496,9.0,0,0,1,1
20497,10.0,1,0,1,1
20498,10.0,2,0,1,1
20499,12.0,3,0,1,2
20500,13.0,4,0,1,2
20501,5.0,5,0,1,1
20502,35.0,6,0,4,12
20503,23.0,7,0,1,7
20504,10.0,8,0,1,1
20505,10.0,9,0,1,1
20506,14.0,10,0,1,3
20507,10.0,11,0,1,1
20508,7.0,12,0,1,1
20509,8.0,13,0,1,1
20510,9.0,14,0,1,1
20511,6.0,15,0,1,1
20512,17.0,16,0,1,4
20513,5.0,17,0,1,1
20514,3.0,18,0,1,1
20515,23.0,19,0,1,7
20516,12.0,20,0,1,2
20517,6.0,21,0,1,1
20518,9.0,22,0,1,1
20519,9.0,23,0,1,1
20520,12.0,0,1,1,2
20521,10.0,1,1,1,1
20522,18.0,2,1,1,5
20523,28.0,3,1,2,9
20524,17.0,4,1,1,4
20525,15.0,5,1,1,3
20526,23.0,6,1,1,7
20527,15.0,7,1,1,3
20528,18.0,8,1,1,5
20529,17.0,9,1,1,4
20530,8.0,10,1,1,1
20531,10.0,11,1,1,1
20532,16.0,12,1,1,4
20533,5.0,13,1,1,1
20534,14.0,14,1,1,3
20535,5.0,15,1,1,1
20536,15.0,16,1,1,3
20537,7.0,17,1,1,1
20538,13.0,18,1,1,2
20539,8.0,19,1,1,1
20540,7.0,20,1,1,1
20541,12.0,21,1,1,2
20542,8.0,22,1,1,1
20543,5.0,23,1,1,1
20544,7.0,0,2,1,1
20545,10.0,1,2,1,1
20546,12.0,2,2,1,2
20547,9.0,3,2,1,1
20548,25.0,4,2,2,8
20549,38.0,5,2,4,13
20550,39.0,6,2,5,14
20551,30.0,7,2,3,10
20552,51.0,8,2,7,19
20553,63.0,9,2,9,25
20554,77.0,10,2,12,32
20555,68.0,11,2,10,28
20556,71.0,12,2,11,29
20557,66.0,13,2,10,27
20558,77.0,14,2,12,32
20559,62.0,15,2,9,25
20560,62.0,16,2,9,25
20561,36.0,17,2,4,12
20562,57.0,18,2,8,22
20563,59.0,19,2,8,23
20564,42.0,20,2,5,15
20565,15.0,21,2,1,3
20566,16.0,22,2,1,4
20567,9.0,23,2,1,1
20568,18.0,0,3,1,5
20569,21.0,1,3,1,6
20570,16.0,2,3,1,4
20571,4.0,3,3,1,1
20572,14.0,4,3,1,3
20573,21.0,5,3,1,6
20574,12.0,6,3,1,2
20575,13.0,7,3,1,2
20576,17.0,8,3,1,4
20577,24.0,9,3,2,7
20578,23.0,10,3,1,7
20579,19.0,11,3,1,5
20580,15.0,12,3,1,3
20581,23.0,13,3,1,7
20582,13.0,14,3,1,2
20583,9.0,15,3,1,1
20584,16.0,16,3,1,4
20585,18.0,17,3,1,5
20586,18.0,18,3,1,5
20587,19.0,19,3,1,5
20588,33.0,20,3,3,11
20589,32.0,21,3,3,11
20590,21.0,22,3,1,6
20591,35.0,23,3,4,12
20592,38.0,0,4,4,13
20593,29.0,1,4,3,9
20594,17.0,2,4,1,4
20595,21.0,3,4,1,6
20596,29.0,4,4,3,9
20597,27.0,5,4,2,8
20598,36.0,6,4,4,12
20599,36.0,7,4,4,12
20600,42.0,8,4,5,15
20601,21.0,9,4,1,6
20602,29.0,10,4,3,9
20603,29.0,11,4,3,9
20604,19.0,12,4,1,5
20605,35.0,13,4,4,12
20606,38.0,14,4,4,13
20607,36.0,15,4,4,12
20608,33.0,16,4,3,11
20609,28.0,17,4,2,9
20610,15.0,18,4,1,3
20611,41.0,19,4,5,15
20612,36.0,20,4,4,12
20613,45.0,21,4,6,17
20614,49.0,22,4,7,18
20615,58.0,23,4,8,23
20616,78.0,0,5,12,33
20617,87.0,1,5,14,38
20618,81.0,2,5,13,34
20619,77.0,3,5,12,32
20620,92.0,4,5,15,40
20621,88.0,5,5,14,38
20622,76.0,6,5,12,32
20623,87.0,7,5,14,38
20624,84.0,8,5,13,36
20625,69.0,9,5,10,28
20626,70.0,10,5,11,29
20627,74.0,11,5,11,31
20628,46.0,12,5,6,17
20629,44.0,13,5,6,16
20630,40.0,14,5,5,14
20631,46.0,15,5,6,17
20632,49.0,16,5,7,18
20633,39.0,17,5,5,14
20634,38.0,18,5,4,13
20635,38.0,19,5,4,13
20636,52.0,20,5,7,20
20637,41.0,21,5,5,15
20638,49.0,22,5,7,18
20639,47.0,23,5,6,18
20640,54.0,0,6,8,21
20641,103.0,1,6,16,46
20642,120.0,2,6,19,56
20643,101.0,3,6,16,45
20644,129.0,4,6,21,62
20645,162.0,5,6,26,82
20646,117.0,6,6,19,54
20647,101.0,7,6,16,45
20648,108.0,8,6,17,49
20649,122.0,9,6,20,57
20650,103.0,10,6,16,46
20651,86.0,11,6,13,37
20652,98.0,12,6,16,44
20653,109.0,13,6,18,50
20654,88.0,14,6,14,38
20655,72.0,15,6,11,30
20656,81.0,16,6,13,34
20657,56.0,17,6,8,22
20658,84.0,18,6,13,36
20659,68.0,19,6,10,28
20660,84.0,20,6,13,36
20661,69.0,21,6,10,28
20662,86.0,22,6,13,37
20663,71.0,23,6,11,29
20664,88.0,0,0,14,38
20665,78.0,1,0,12,33
20666,82.0,2,0,13,35
20667,58.0,3,0,8,23
20668,71.0,4,0,11,29
20669,82.0,5,0,13,35
20670,89.0,6,0,14,39
20671,76.0,7,0,12,32
20672,101.0,8,0,16,45
20673,77.0,9,0,12,32
20674,71.0,10,0,11,29
20675,91.0,11,0,14,40
20676,89.0,12,0,14,39
20677,82.0,13,0,13,35
20678,72.0,14,0,11,30
20679,86.0,15,0,13,37
20680,100.0,16,0,16,45
20681,112.0,17,0,18,52
20682,111.0,18,0,18,51
20683,80.0,19,0,12,34
20684,99.0,20,0,16,44
20685,86.0,21,0,13,37
20686,79.0,22,0,12,33
20687,107.0,23,0,17,49
20688,107.0,0,1,17,49
20689,123.0,1,1,20,58
20690,96.0,2,1,15,43
20691,118.0,3,1,19,55
20692,79.0,4,1,12,33
20693,110.0,5,1,18,50
20694,114.0,6,1,18,53
20695,93.0,7,1,15,41
20696,112.0,8,1,18,52
20697,107.0,9,1,17,49
20698,103.0,10,1,16,46
20699,103.0,11,1,16,46
20700,127.0,12,1,21,60
20701,160.0,13,1,26,81
20702,198.0,14,1,32,107
20703,138.0,15,1,22,67
20704,158.0,16,1,26,80
20705,141.0,17,1,23,69
20706,146.0,18,1,24,72
20707,147.0,19,1,24,73
20708,172.0,20,1,28,89
20709,158.0,21,1,26,80
20710,176.0,22,1,28,92
20711,166.0,23,1,27,85
20712,151.0,0,2,25,75
20713,177.0,1,2,29,92
20714,132.0,2,2,21,63
20715,132.0,3,2,21,63
20716,138.0,4,2,22,67
20717,128.0,5,2,21,61
20718,117.0,6,2,19,54
20719,138.0,7,2,22,67
20720,106.0,8,2,17,48
20721,112.0,9,2,18,52
20722,98.0,10,2,16,44
20723,110.0,11,2,18,50
20724,139.0,12,2,23,68
20725,158.0,13,2,26,80
20726,146.0,14,2,24,72
20727,108.0,15,2,17,49
20728,132.0,16,2,21,63
20729,109.0,17,2,18,50
20730,109.0,18,2,18,50
20731,129.0,19,2,21,62
20732,81.0,20,2,13,34
20733,132.0,21,2,21,63
20734,120.0,22,2,19,56
20735,127.0,23,2,21,60
20736,112.0,0,3,18,52
20737,128.0,1,3,21,61
20738,112.0,2,3,18,52
20739,126.0,3,3,20,60
20740,105.0,4,3,17,48
20741,107.0,5,3,17,49
20742,143.0,6,3,23,70
20743,110.0,7,3,18,50
20744,105.0,8,3,17,48
20745,132.0,9,3,21,63
20746,131.0,10,3,21,63
20747,130.0,11,3,21,62
20748,131.0,12,3,21,63
20749,133.0,13,3,22,64
20750,126.0,14,3,20,60
20751,118.0,15,3,19,55
20752,144.0,16,3,23,71
20753,146.0,17,3,24,72
20754,91.0,18,3,14,40
20755,124.0,19,3,20,59
20756,170.0,20,3,28,88
20757,147.0,21,3,24,73
20758,117.0,22,3,19,54
20759,121.0,23,3,20,57
20760,169.0,0,4,27,87
20761,177.0,1,4,29,92
20762,187.0,2,4,30,99
20763,250.0,3,4,39,146
20764,212.0,4,4,34,117
20765,210.0,5,4,33,115
20766,218.0,6,4,35,121
20767,260.0,7,4,40,154
20768,207.0,8,4,33,113
20769,197.0,9,4,32,106
20770,222.0,10,4,35,124
20771,169.0,11,4,27,87
20772,189.0,12,4,30,101
20773,171.0,13,4,28,88
20774,197.0,14,4,32,106
20775,197.0,15,4,32,106
20776,180.0,16,4,29,94
20777,187.0,17,4,30,99
20778,150.0,18,4,24,75
20779,153.0,19,4,25,76
20780,149.0,20,4,24,74
20781,164.0,21,4,27,84
20782,192.0,22,4,31,103
20783,136.0,23,4,22,66
20784,145.0,0,5,24,71
20785,164.0,1,5,27,84
20786,164.0,2,5,27,84
20787,147.0,3,5,24,73
20788,163.0,4,5,26,83
20789,130.0,5,5,21,62
20790,148.0,6,5,24,73
20791,151.0,7,5,25,75
20792,158.0,8,5,26,80
20793,133.0,9,5,22,64
20794,158.0,10,5,26,80
20795,144.0,11,5,23,71
20796,155.0,12,5,25,78
20797,136.0,13,5,22,66
20798,188.0,14,5,30,100
20799,195.0,15,5,31,105
20800,162.0,16,5,26,82
20801,211.0,17,5,34,116
20802,171.0,18,5,28,88
20803,136.0,19,5,22,66
20804,202.0,20,5,32,110
20805,220.0,21,5,35,123
20806,155.0,22,5,25,78
20808,165.0,0,6,27,84
20811,172.0,3,6,28,89
20812,181.0,4,6,29,95
20813,145.0,5,6,24,71
20814,181.0,6,6,29,95
20815,200.0,7,6,32,108
20816,194.0,8,6,31,104
20817,196.0,9,6,31,105
20818,155.0,10,6,25,78
20819,139.0,11,6,23,68
20820,181.0,12,6,29,95
20821,197.0,13,6,32,106
20822,264.0,14,6,41,157
20823,238.0,15,6,37,137
20824,206.0,16,6,33,113
20825,219.0,17,6,35,122
20826,173.0,18,6,28,90
20827,216.0,19,6,34,120
20828,163.0,20,6,26,83
20829,150.0,21,6,24,75
20830,167.0,22,6,27,86
20831,211.0,23,6,34,116
20832,242.0,0,0,38,140
20835,216.0,3,0,34,120
20836,216.0,4,0,34,120
20837,265.0,5,0,41,158
20838,216.0,6,0,34,120
20839,216.0,7,0,34,120
20840,183.0,8,0,30,96
20841,195.0,9,0,31,105
20842,223.0,10,0,35,125
20843,203.0,11,0,32,110
20847,150.0,15,0,24,75
20848,181.0,16,0,29,95
20849,175.0,17,0,28,91
20850,188.0,18,0,30,100
20851,198.0,19,0,32,107
20852,146.0,20,0,24,72
20853,181.0,21,0,29,95
20854,219.0,22,0,35,122
20855,180.0,23,0,29,94
20856,158.0,0,1,26,80
20857,197.0,1,1,32,106
20859,206.0,3,1,33,113
20860,176.0,4,1,28,92
20861,213.0,5,1,34,118
20862,148.0,6,1,24,73
20863,164.0,7,1,27,84
20864,178.0,8,1,29,93
20865,234.0,9,1,37,133
20866,208.0,10,1,33,114
20867,232.0,11,1,37,132
20868,210.0,12,1,33,115
20869,238.0,13,1,37,137
20870,242.0,14,1,38,140
20871,213.0,15,1,34,118
20872,188.0,16,1,30,100
20873,196.0,17,1,31,105
20874,165.0,18,1,27,84
20875,156.0,19,1,25,78
20876,206.0,20,1,33,113
20877,211.0,21,1,34,116
20880,206.0,0,2,33,113
20881,239.0,1,2,37,137
20882,212.0,2,2,34,117
20883,217.0,3,2,34,121
20884,226.0,4,2,36,127
20885,229.0,5,2,36,130
20886,231.0,6,2,36,131
20887,244.0,7,2,38,141
20888,265.0,8,2,41,158
20889,258.0,9,2,40,152
20890,259.0,10,2,40,153
20893,267.0,13,2,41,160
20894,192.0,14,2,31,103
20895,192.0,15,2,31,103
20896,222.0,16,2,35,124
20897,240.0,17,2,38,138
20898,224.0,18,2,35,126
20899,156.0,19,2,25,78
20900,236.0,20,2,37,135
20901,196.0,21,2,31,105
20902,197.0,22,2,32,106
20903,180.0,23,2,29,94
20904,147.0,0,3,24,73
20905,165.0,1,3,27,84
20906,164.0,2,3,27,84
20908,173.0,4,3,28,90
20909,172.0,5,3,28,89
20910,155.0,6,3,25,78
20911,188.0,7,3,30,100
20912,158.0,8,3,26,80
20913,177.0,9,3,29,92
20914,158.0,10,3,26,80
20915,141.0,11,3,23,69
20916,211.0,12,3,34,116
20917,154.0,13,3,25,77
20918,216.0,14,3,34,120
20919,162.0,15,3,26,82
20920,184.0,16,3,30,97
20922,219.0,18,3,35,122
20923,167.0,19,3,27,86
20924,177.0,20,3,29,92
20925,219.0,21,3,35,122
20926,218.0,22,3,35,121
20927,218.0,23,3,35,121
20928,130.0,0,4,21,62
20929,217.0,1,4,34,121
20930,224.0,2,4,35,126
20931,184.0,3,4,30,97
20932,196.0,4,4,31,105
20933,202.0,5,4,32,110
20934,180.0,6,4,29,94
20935,234.0,7,4,37,133
20936,170.0,8,4,28,88
20937,164.0,9,4,27,84
20938,163.0,10,4,26,83
20939,165.0,11,4,27,84
20940,167.0,12,4,27,86
20941,167.0,13,4,27,86
20942,163.0,14,4,26,83
20943,183.0,15,4,30,96
20944,215.0,16,4,34,119
20945,172.0,17,4,28,89
20946,192.0,18,4,31,103
20947,194.0,19,4,31,104
20948,186.0,20,4,30,98
20949,201.0,21,4,32,109
20950,236.0,22,4,37,135
20952,211.0,0,5,34,116
20953,181.0,1,5,29,95
20954,180.0,2,5,29,94
20955,257.0,3,5,40,152
20956,230.0,4,5,36,130
20957,238.0,5,5,37,137
20958,220.0,6,5,35,123
20959,201.0,7,5,32,109
20960,231.0,8,5,36,131
20961,153.0,9,5,25,76
20962,180.0,10,5,29,94
20963,217.0,11,5,34,121
20964,259.0,12,5,40,153
20965,240.0,13,5,38,138
20966,205.0,14,5,33,112
20967,195.0,15,5,31,105
20968,233.0,16,5,37,133
20969,191.0,17,5,31,102
20970,188.0,18,5,30,100
20971,158.0,19,5,26,80
20972,147.0,20,5,24,73
20973,130.0,21,5,21,62
20974,170.0,22,5,28,88
20975,201.0,23,5,32,109
20976,181.0,0,6,29,95
20977,211.0,1,6,34,116
20978,195.0,2,6,31,105
20979,238.0,3,6,37,137
20980,186.0,4,6,30,98
20981,182.0,5,6,29,96
20982,207.0,6,6,33,113
20983,192.0,7,6,31,103
20984,212.0,8,6,34,117
20985,193.0,9,6,31,103
20986,183.0,10,6,30,96
20987,147.0,11,6,24,73
20988,163.0,12,6,26,83
20989,209.0,13,6,33,115
20990,168.0,14,6,27,86
20991,198.0,15,6,32,107
20992,188.0,16,6,30,100
20993,184.0,17,6,30,97
20994,173.0,18,6,28,90
20995,183.0,19,6,30,96
20996,153.0,20,6,25,76
20997,183.0,21,6,30,96
20998,227.0,22,6,36,128
20999,225.0,23,6,36,127
21000,215.0,0,0,34,119
21001,236.0,1,0,37,135
21002,228.0,2,0,36,129
21003,208.0,3,0,33,114
21004,187.0,4,0,30,99
21005,190.0,5,0,31,101
21006,201.0,6,0,32,109
21007,202.0,7,0,32,110
21008,177.0,8,0,29,92
21009,166.0,9,0,27,85
21010,214.0,10,0,34,118
21011,189.0,11,0,30,101
21012,185.0,12,0,30,98
21013,181.0,13,0,29,95
21014,152.0,14,0,25,76
21015,150.0,15,0,24,75
21016,198.0,16,0,32,107
21017,198.0,17,0,32,107
21018,184.0,18,0,30,97
21019,177.0,19,0,29,92
21020,163.0,20,0,26,83
21021,186.0,21,0,30,98
21022,220.0,22,0,35,123
21023,189.0,23,0,30,101
21024,218.0,0,1,35,121
21025,208.0,1,1,33,114
21026,196.0,2,1,31,105
21027,188.0,3,1,30,100
21028,251.0,4,1,39,147
21029,226.0,5,1,36,127
21030,156.0,6,1,25,78
21031,198.0,7,1,32,107
21033,231.0,9,1,36,131
21034,170.0,10,1,28,88
21035,165.0,11,1,27,84
21036,201.0,12,1,32,109
21037,202.0,13,1,32,110
21038,238.0,14,1,37,137
21039,197.0,15,1,32,106
21042,187.0,18,1,30,99
21043,217.0,19,1,34,121
21044,147.0,20,1,24,73
21045,201.0,21,1,32,109
21046,234.0,22,1,37,133
21047,224.0,23,1,35,126
21048,197.0,0,2,32,106
21049,235.0,1,2,37,134
21050,202.0,2,2,32,110
21051,258.0,3,2,40,152
21052,245.0,4,2,38,142
21054,180.0,6,2,29,94
21055,132.0,7,2,21,63
21056,180.0,8,2,29,94
21057,194.0,9,2,31,104
21058,222.0,10,2,35,124
21059,214.0,11,2,34,118
21060,141.0,12,2,23,69
21061,219.0,13,2,35,122
21062,220.0,14,2,35,123
21063,177.0,15,2,29,92
21064,174.0,16,2,28,90
21065,203.0,17,2,32,110
21066,225.0,18,2,36,127
21067,175.0,19,2,28,91
21068,229.0,20,2,36,130
21069,202.0,21,2,32,110
21070,208.0,22,2,33,114
21071,184.0,23,2,30,97
21072,182.0,0,3,29,96
21073,208.0,1,3,33,114
21074,203.0,2,3,32,110
21075,195.0,3,3,31,105
21076,206.0,4,3,33,113
21077,220.0,5,3,35,123
21078,158.0,6,3,26,80
21079,204.0,7,3,33,111
21080,237.0,8,3,37,136
21081,219.0,9,3,35,122
21082,233.0,10,3,37,133
21083,189.0,11,3,30,101
21084,176.0,12,3,28,92
21085,192.0,13,3,31,103
21086,183.0,14,3,30,96
21087,162.0,15,3,26,82
21088,166.0,16,3,27,85
21089,185.0,17,3,30,98
21090,163.0,18,3,26,83
21091,211.0,19,3,34,116
21092,245.0,20,3,38,142
21093,196.0,21,3,31,105
21094,177.0,22,3,29,92
21095,177.0,23,3,29,92
21096,251.0,0,4,39,147
21097,218.0,1,4,35,121
21098,212.0,2,4,34,117
21099,177.0,3,4,29,92
21100,202.0,4,4,32,110
21101,266.0,5,4,41,159
21102,267.0,6,4,41,160
21103,251.0,7,4,39,147
21104,219.0,8,4,35,122
21105,226.0,9,4,36,127
21106,227.0,10,4,36,128
21107,201.0,11,4,32,109
21108,203.0,12,4,32,110
21109,194.0,13,4,31,104
21110,259.0,14,4,40,153
21111,178.0,15,4,29,93
21112,180.0,16,4,29,94
21113,197.0,17,4,32,106
21114,200.0,18,4,32,108
21115,260.0,19,4,40,154
21116,202.0,20,4,32,110
21117,201.0,21,4,32,109
21118,181.0,22,4,29,95
21119,195.0,23,4,31,105
21120,181.0,0,5,29,95
21121,242.0,1,5,38,140
21122,188.0,2,5,30,100
21123,238.0,3,5,37,137
21124,215.0,4,5,34,119
21125,191.0,5,5,31,102
21126,160.0,6,5,26,81
21127,235.0,7,5,37,134
21128,175.0,8,5,28,91
21129,164.0,9,5,27,84
21130,150.0,10,5,24,75
21131,203.0,11,5,32,110
21132,171.0,12,5,28,88
21133,205.0,13,5,33,112
21134,213.0,14,5,34,118
21135,229.0,15,5,36,130
21136,192.0,16,5,31,103
21137,233.0,17,5,37,133
21138,190.0,18,5,31,101
21139,236.0,19,5,37,135
21140,177.0,20,5,29,92
21141,214.0,21,5,34,118
21142,152.0,22,5,25,76
21143,153.0,23,5,25,76
21144,184.0,0,6,30,97
21145,203.0,1,6,32,110
21146,194.0,2,6,31,104
21147,181.0,3,6,29,95
21148,195.0,4,6,31,105
21149,181.0,5,6,29,95
21150,215.0,6,6,34,119
21151,198.0,7,6,32,107
21152,201.0,8,6,32,109
21153,185.0,9,6,30,98
21154,218.0,10,6,35,121
21155,202.0,11,6,32,110
21156,214.0,12,6,34,118
21157,216.0,13,6,34,120
21158,188.0,14,6,30,100
21159,185.0,15,6,30,98
21160,243.0,16,6,38,140
21161,262.0,17,6,40,156
21162,165.0,18,6,27,84
21163,232.0,19,6,37,132
21164,220.0,20,6,35,123
21165,160.0,21,6,26,81
21166,186.0,22,6,30,98
21167,176.0,23,6,28,92
21168,148.0,0,0,24,73
21169,146.0,1,0,24,72
21170,159.0,2,0,26,80
21171,166.0,3,0,27,85
21172,160.0,4,0,26,81
21173,178.0,5,0,29,93
21174,188.0,6,0,30,100
21175,171.0,7,0,28,88
21176,173.0,8,0,28,90
21177,170.0,9,0,28,88
21178,202.0,10,0,32,110
21179,178.0,11,0,29,93
21180,170.0,12,0,28,88
21181,170.0,13,0,28,88
21182,190.0,14,0,31,101
21183,162.0,15,0,26,82
21184,194.0,16,0,31,104
21185,162.0,17,0,26,82
21186,186.0,18,0,30,98
21187,160.0,19,0,26,81
21188,194.0,20,0,31,104
21189,156.0,21,0,25,78
21190,154.0,22,0,25,77
21191,176.0,23,0,28,92
21192,184.0,0,1,30,97
21193,176.0,1,1,28,92
21194,176.0,2,1,28,92
21195,181.0,3,1,29,95
21196,185.0,4,1,30,98
21197,196.0,5,1,31,105
21198,213.0,6,1,34,118
21199,201.0,7,1,32,109
21200,209.0,8,1,33,115
21201,242.0,9,1,38,140
21202,210.0,10,1,33,115
21203,206.0,11,1,33,113
21204,243.0,12,1,38,140
21205,274.0,13,1,42,166
21206,190.0,14,1,31,101
21207,202.0,15,1,32,110
21208,192.0,16,1,31,103
21209,189.0,17,1,30,101
21210,160.0,18,1,26,81
21211,204.0,19,1,33,111
21212,193.0,20,1,31,103
21213,166.0,21,1,27,85
21214,202.0,22,1,32,110
21215,203.0,23,1,32,110
21216,230.0,0,2,36,130
21217,240.0,1,2,38,138
21218,253.0,2,2,39,148
21219,220.0,3,2,35,123
21220,243.0,4,2,38,140
21221,256.0,5,2,40,151
21222,266.0,6,2,41,159
21223,214.0,7,2,34,118
21224,187.0,8,2,30,99
21225,218.0,9,2,35,121
21226,201.0,10,2,32,109
21227,178.0,11,2,29,93
21228,219.0,12,2,35,122
21229,184.0,13,2,30,97
21230,206.0,14,2,33,113
21231,205.0,15,2,33,112
21232,177.0,16,2,29,92
21233,219.0,17,2,35,122
21234,229.0,18,2,36,130
21236,236.0,20,2,37,135
21237,232.0,21,2,37,132
21238,204.0,22,2,33,111
21239,178.0,23,2,29,93
21240,223.0,0,3,35,125
21241,229.0,1,3,36,130
21242,223.0,2,3,35,125
21243,234.0,3,3,37,133
21244,184.0,4,3,30,97
21245,189.0,5,3,30,101
21246,198.0,6,3,32,107
21247,218.0,7,3,35,121
21248,204.0,8,3,33,111
21249,177.0,9,3,29,92
21250,159.0,10,3,26,80
21251,164.0,11,3,27,84
21252,135.0,12,3,22,65
21253,171.0,13,3,28,88
21254,165.0,14,3,27,84
21255,217.0,15,3,34,121
21256,233.0,16,3,37,133
21257,223.0,17,3,35,125
21258,258.0,18,3,40,152
21259,230.0,19,3,36,130
21260,252.0,20,3,39,148
21261,210.0,21,3,33,115
21262,206.0,22,3,33,113
21263,228.0,23,3,36,129
21264,268.0,0,4,41,161
21266,205.0,2,4,33,112
21267,197.0,3,4,32,106
21268,209.0,4,4,33,115
21269,225.0,5,4,36,127
21270,197.0,6,4,32,106
21271,225.0,7,4,36,127
21272,162.0,8,4,26,82
21273,185.0,9,4,30,98
21274,181.0,10,4,29,95
21275,190.0,11,4,31,101
21276,161.0,12,4,26,82
21277,180.0,13,4,29,94
21278,184.0,14,4,30,97
21279,155.0,15,4,25,78
21280,215.0,16,4,34,119
21281,164.0,17,4,27,84
21282,201.0,18,4,32,109
21283,196.0,19,4,31,105
21284,194.0,20,4,31,104
21285,228.0,21,4,36,129
21286,195.0,22,4,31,105
21287,190.0,23,4,31,101
21288,226.0,0,5,36,127
21289,228.0,1,5,36,129
21290,167.0,2,5,27,86
21291,150.0,3,5,24,75
21292,154.0,4,5,25,77
21293,148.0,5,5,24,73
21294,191.0,6,5,31,102
21295,191.0,7,5,31,102
21296,162.0,8,5,26,82
21297,192.0,9,5,31,103
21298,183.0,10,5,30,96
21299,183.0,11,5,30,96
21300,154.0,12,5,25,77
21301,180.0,13,5,29,94
21302,186.0,14,5,30,98
21303,185.0,15,5,30,98
21304,180.0,16,5,29,94
21305,156.0,17,5,25,78
21306,161.0,18,5,26,82
21307,206.0,19,5,33,113
21308,162.0,20,5,26,82
21309,154.0,21,5,25,77
21310,135.0,22,5,22,65
21311,200.0,23,5,32,108
21312,237.0,0,6,37,136
21313,242.0,1,6,38,140
21314,192.0,2,6,31,103
21315,205.0,3,6,33,112
21316,235.0,4,6,37,134
21317,210.0,5,6,33,115
21318,189.0,6,6,30,101
21319,144.0,7,6,23,71
21320,175.0,8,6,28,91
21321,186.0,9,6,30,98
21322,175.0,10,6,28,91
21323,218.0,11,6,35,121
21324,187.0,12,6,30,99
21325,192.0,13,6,31,103
21326,211.0,14,6,34,116
21327,208.0,15,6,33,114
21328,177.0,16,6,29,92
21329,166.0,17,6,27,85
21330,216.0,18,6,34,120
21331,209.0,19,6,33,115
21332,204.0,20,6,33,111
21333,173.0,21,6,28,90
21334,169.0,22,6,27,87
21335,180.0,23,6,29,94
21336,166.0,0,0,27,85
21337,168.0,1,0,27,86
21338,210.0,2,0,33,115
21339,212.0,3,0,34,117
21340,193.0,4,0,31,103
21341,193.0,5,0,31,103
21342,184.0,6,0,30,97
21343,194.0,7,0,31,104
21344,162.0,8,0,26,82
21345,177.0,9,0,29,92
21346,212.0,10,0,34,117
21347,153.0,11,0,25,76
21348,155.0,12,0,25,78
21349,168.0,13,0,27,86
21350,176.0,14,0,28,92
21351,171.0,15,0,28,88
21352,187.0,16,0,30,99
21353,187.0,17,0,30,99
21354,169.0,18,0,27,87
21355,169.0,19,0,27,87
21356,167.0,20,0,27,86
21357,174.0,21,0,28,90
21358,212.0,22,0,34,117
21359,181.0,23,0,29,95
21360,164.0,0,1,27,84
21361,190.0,1,1,31,101
21362,155.0,2,1,25,78
21363,166.0,3,1,27,85
21364,196.0,4,1,31,105
21365,178.0,5,1,29,93
21366,175.0,6,1,28,91
21367,195.0,7,1,31,105
21368,163.0,8,1,26,83
21369,164.0,9,1,27,84
21370,162.0,10,1,26,82
21371,144.0,11,1,23,71
21372,143.0,12,1,23,70
21373,192.0,13,1,31,103
21374,163.0,14,1,26,83
21375,158.0,15,1,26,80
21376,227.0,16,1,36,128
21377,234.0,17,1,37,133
21378,204.0,18,1,33,111
21379,219.0,19,1,35,122
21380,192.0,20,1,31,103
21381,187.0,21,1,30,99
21382,205.0,22,1,33,112
21383,220.0,23,1,35,123
21384,224.0,0,2,35,126
21385,250.0,1,2,39,146
21386,258.0,2,2,40,152
21387,198.0,3,2,32,107
21388,226.0,4,2,36,127
21389,188.0,5,2,30,100
21390,234.0,6,2,37,133
21391,267.0,7,2,41,160
21393,235.0,9,2,37,134
21394,216.0,10,2,34,120
21397,220.0,13,2,35,123
21398,234.0,14,2,37,133
21399,209.0,15,2,33,115
21400,212.0,16,2,34,117
21401,165.0,17,2,27,84
21402,220.0,18,2,35,123
21403,237.0,19,2,37,136
21404,194.0,20,2,31,104
21405,248.0,21,2,39,144
21406,246.0,22,2,38,143
21407,201.0,23,2,32,109
21408,171.0,0,3,28,88
21409,187.0,1,3,30,99
21410,201.0,2,3,32,109
21411,222.0,3,3,35,124
21412,201.0,4,3,32,109
21413,197.0,5,3,32,106
21414,186.0,6,3,30,98
21415,184.0,7,3,30,97
21416,181.0,8,3,29,95
21417,206.0,9,3,33,113
21418,259.0,10,3,40,153
21419,217.0,11,3,34,121
21420,220.0,12,3,35,123
21421,213.0,13,3,34,118
21422,225.0,14,3,36,127
21423,233.0,15,3,37,133
21424,186.0,16,3,30,98
21425,211.0,17,3,34,116
21426,200.0,18,3,32,108
21427,220.0,19,3,35,123
21428,180.0,20,3,29,94
21429,216.0,21,3,34,120
21430,233.0,22,3,37,133
21431,190.0,23,3,31,101
21432,172.0,0,4,28,89
21433,182.0,1,4,29,96
21434,191.0,2,4,31,102
21435,244.0,3,4,38,141
21436,197.0,4,4,32,106
21437,182.0,5,4,29,96
21438,162.0,6,4,26,82
21439,165.0,7,4,27,84
21440,228.0,8,4,36,129
21441,209.0,9,4,33,115
21442,222.0,10,4,35,124
21443,249.0,11,4,39,145
21444,250.0,12,4,39,146
21445,242.0,13,4,38,140
21446,245.0,14,4,38,142
21447,255.0,15,4,40,150
21448,185.0,16,4,30,98
21449,278.0,17,4,42,169
21451,213.0,19,4,34,118
21452,238.0,20,4,37,137
21453,239.0,21,4,37,137
21454,243.0,22,4,38,140
21455,216.0,23,4,34,120
21456,244.0,0,5,38,141
21457,186.0,1,5,30,98
21458,203.0,2,5,32,110
21459,233.0,3,5,37,133
21460,264.0,4,5,41,157
21461,242.0,5,5,38,140
21462,265.0,6,5,41,158
21463,166.0,7,5,27,85
21464,200.0,8,5,32,108
21465,148.0,9,5,24,73
21466,172.0,10,5,28,89
21467,200.0,11,5,32,108
21468,195.0,12,5,31,105
21469,217.0,13,5,34,121
21470,205.0,14,5,33,112
21471,226.0,15,5,36,127
21472,200.0,16,5,32,108
21473,160.0,17,5,26,81
21474,184.0,18,5,30,97
21475,198.0,19,5,32,107
21476,217.0,20,5,34,121
21477,195.0,21,5,31,105
21478,147.0,22,5,24,73
21479,215.0,23,5,34,119
21480,190.0,0,6,31,101
21481,224.0,1,6,35,126
21482,258.0,2,6,40,152
21483,176.0,3,6,28,92
21484,191.0,4,6,31,102
21485,174.0,5,6,28,90
21486,159.0,6,6,26,80
21487,194.0,7,6,31,104
21488,195.0,8,6,31,105
21489,191.0,9,6,31,102
21490,165.0,10,6,27,84
21491,182.0,11,6,29,96
21492,191.0,12,6,31,102
21493,206.0,13,6,33,113
21494,177.0,14,6,29,92
21495,181.0,15,6,29,95
21496,185.0,16,6,30,98
21497,206.0,17,6,33,113
21498,213.0,18,6,34,118
21499,182.0,19,6,29,96
21500,184.0,20,6,30,97
21501,165.0,21,6,27,84
21502,142.0,22,6,23,69
21503,190.0,23,6,31,101
21504,177.0,0,0,29,92
21505,232.0,1,0,37,132
21506,225.0,2,0,36,127
21507,201.0,3,0,32,109
21508,236.0,4,0,37,135
21509,188.0,5,0,30,100
21510,192.0,6,0,31,103
21511,220.0,7,0,35,123
21512,191.0,8,0,31,102
21513,174.0,9,0,28,90
21514,164.0,10,0,27,84
21515,161.0,11,0,26,82
21516,203.0,12,0,32,110
21517,165.0,13,0,27,84
21518,185.0,14,0,30,98
21519,190.0,15,0,31,101
21520,209.0,16,0,33,115
21521,178.0,17,0,29,93
21522,134.0,18,0,22,65
21523,183.0,19,0,30,96
21524,225.0,20,0,36,127
21525,162.0,21,0,26,82
21526,180.0,22,0,29,94
21527,155.0,23,0,25,78
21528,172.0,0,1,28,89
21529,184.0,1,1,30,97
21530,149.0,2,1,24,74
21531,141.0,3,1,23,69
21532,169.0,4,1,27,87
21533,195.0,5,1,31,105
21534,177.0,6,1,29,92
21535,204.0,7,1,33,111
21536,194.0,8,1,31,104
21537,172.0,9,1,28,89
21538,205.0,10,1,33,112
21539,197.0,11,1,32,106
21540,248.0,12,1,39,144
21541,194.0,13,1,31,104
21542,187.0,14,1,30,99
21543,186.0,15,1,30,98
21544,184.0,16,1,30,97
21545,167.0,17,1,27,86
21546,188.0,18,1,30,100
21547,204.0,19,1,33,111
21548,178.0,20,1,29,93
21549,189.0,21,1,30,101
21550,181.0,22,1,29,95
21551,183.0,23,1,30,96
21552,242.0,0,2,38,140
21553,146.0,1,2,24,72
21554,126.0,2,2,20,60
21555,143.0,3,2,23,70
21556,160.0,4,2,26,81
21557,164.0,5,2,27,84
21558,224.0,6,2,35,126
21559,191.0,7,2,31,102
21560,154.0,8,2,25,77
21561,205.0,9,2,33,112
21562,194.0,10,2,31,104
21563,202.0,11,2,32,110
21564,206.0,12,2,33,113
21565,186.0,13,2,30,98
21566,173.0,14,2,28,90
21567,205.0,15,2,33,112
21568,261.0,16,2,40,155
21569,191.0,17,2,31,102
21570,247.0,18,2,39,144
21571,188.0,19,2,30,100
21572,204.0,20,2,33,111
21573,140.0,21,2,23,68
21574,181.0,22,2,29,95
21575,175.0,23,2,28,91
21576,161.0,0,3,26,82
21577,147.0,1,3,24,73
21578,136.0,2,3,22,66
21579,138.0,3,3,22,67
21580,166.0,4,3,27,85
21581,225.0,5,3,36,127
21582,225.0,6,3,36,127
21583,178.0,7,3,29,93
21584,176.0,8,3,28,92
21585,185.0,9,3,30,98
21586,186.0,10,3,30,98
21587,132.0,11,3,21,63
21588,131.0,12,3,21,63
21589,138.0,13,3,22,67
21590,152.0,14,3,25,76
21591,158.0,15,3,26,80
21592,153.0,16,3,25,76
21593,150.0,17,3,24,75
21594,134.0,18,3,22,65
21595,132.0,19,3,21,63
21596,100.0,20,3,16,45
21597,134.0,21,3,22,65
21598,116.0,22,3,19,54
21599,117.0,23,3,19,54
21600,167.0,0,4,27,86
21601,207.0,1,4,33,113
21602,177.0,2,4,29,92
21603,190.0,3,4,31,101
21604,191.0,4,4,31,102
21605,197.0,5,4,32,106
21606,167.0,6,4,27,86
21607,166.0,7,4,27,85
21608,229.0,8,4,36,130
21609,166.0,9,4,27,85
21610,180.0,10,4,29,94
21611,148.0,11,4,24,73
21612,153.0,12,4,25,76
21613,142.0,13,4,23,69
21614,169.0,14,4,27,87
21615,153.0,15,4,25,76
21616,176.0,16,4,28,92
21617,131.0,17,4,21,63
21618,119.0,18,4,19,56
21619,163.0,19,4,26,83
21620,118.0,20,4,19,55
21621,138.0,21,4,22,67
21622,125.0,22,4,20,59
21623,101.0,23,4,16,45
21624,118.0,0,5,19,55
21625,135.0,1,5,22,65
21626,96.0,2,5,15,43
21627,129.0,3,5,21,62
21628,120.0,4,5,19,56
21629,133.0,5,5,22,64
21630,126.0,6,5,20,60
21631,125.0,7,5,20,59
21632,153.0,8,5,25,76
21633,140.0,9,5,23,68
21634,117.0,10,5,19,54
21635,121.0,11,5,20,57
21636,138.0,12,5,22,67
21637,124.0,13,5,20,59
21638,136.0,14,5,22,66
21639,133.0,15,5,22,64
21640,149.0,16,5,24,74
21641,96.0,17,5,15,43
21642,114.0,18,5,18,53
21643,110.0,19,5,18,50
21644,94.0,20,5,15,41
21645,76.0,21,5,12,32
21646,98.0,22,5,16,44
21647,70.0,23,5,11,29
21648,107.0,0,6,17,49
21649,120.0,1,6,19,56
21650,122.0,2,6,20,57
21651,126.0,3,6,20,60
21652,81.0,4,6,13,34
21653,102.0,5,6,16,46
21654,79.0,6,6,12,33
21655,117.0,7,6,19,54
21656,94.0,8,6,15,41
21657,94.0,9,6,15,41
21658,111.0,10,6,18,51
21659,89.0,11,6,14,39
21660,91.0,12,6,14,40
21661,114.0,13,6,18,53
21662,109.0,14,6,18,50
21663,80.0,15,6,12,34
21664,97.0,16,6,15,43
21665,104.0,17,6,17,47
21666,100.0,18,6,16,45
21667,105.0,19,6,17,48
21668,146.0,20,6,24,72
21669,116.0,21,6,19,54
21670,118.0,22,6,19,55
21671,105.0,23,6,17,48
21672,110.0,0,0,18,50
21673,125.0,1,0,20,59
21674,110.0,2,0,18,50
21675,105.0,3,0,17,48
21676,102.0,4,0,16,46
21677,139.0,5,0,23,68
21678,117.0,6,0,19,54
21679,114.0,7,0,18,53
21680,110.0,8,0,18,50
21681,100.0,9,0,16,45
21682,130.0,10,0,21,62
21683,118.0,11,0,19,55
21684,140.0,12,0,23,68
21685,102.0,13,0,16,46
21686,97.0,14,0,15,43
21687,101.0,15,0,16,45
21688,68.0,16,0,10,28
21689,75.0,17,0,11,31
21690,62.0,18,0,9,25
21691,63.0,19,0,9,25
21692,83.0,20,0,13,36
21693,77.0,21,0,12,32
21694,68.0,22,0,10,28
21695,66.0,23,0,10,27
21696,105.0,0,1,17,48
21697,100.0,1,1,16,45
21698,89.0,2,1,14,39
21699,80.0,3,1,12,34
21700,79.0,4,1,12,33
21701,64.0,5,1,9,26
21702,62.0,6,1,9,25
21703,56.0,7,1,8,22
21704,88.0,8,1,14,38
21705,70.0,9,1,11,29
21706,70.0,10,1,11,29
21707,87.0,11,1,14,38
21708,76.0,12,1,12,32
21709,61.0,13,1,9,24
21710,76.0,14,1,12,32
21711,69.0,15,1,10,28
21712,82.0,16,1,13,35
21713,42.0,17,1,5,15
21714,45.0,18,1,6,17
21715,77.0,19,1,12,32
21716,62.0,20,1,9,25
21717,52.0,21,1,7,20
21718,80.0,22,1,12,34
21719,65.0,23,1,10,26
21720,50.0,0,2,7,19
21721,86.0,1,2,13,37
21722,89.0,2,2,14,39
21723,64.0,3,2,9,26
21724,74.0,4,2,11,31
21725,63.0,5,2,9,25
21726,44.0,6,2,6,16
21727,88.0,7,2,14,38
21728,49.0,8,2,7,18
21729,41.0,9,2,5,15
21730,66.0,10,2,10,27
21731,83.0,11,2,13,36
21732,97.0,12,2,15,43
21733,76.0,13,2,12,32
21734,78.0,14,2,12,33
21735,64.0,15,2,9,26
21736,78.0,16,2,12,33
21737,59.0,17,2,8,23
21738,67.0,18,2,10,27
21739,90.0,19,2,14,39
21740,75.0,20,2,11,31
21741,82.0,21,2,13,35
21742,54.0,22,2,8,21
21743,63.0,23,2,9,25
21744,86.0,0,3,13,37
21745,42.0,1,3,5,15
21746,34.0,2,3,4,12
21747,38.0,3,3,4,13
21748,60.0,4,3,9,24
21749,76.0,5,3,12,32
21750,58.0,6,3,8,23
21751,49.0,7,3,7,18
21752,44.0,8,3,6,16
21753,56.0,9,3,8,22
21754,50.0,10,3,7,19
21755,61.0,11,3,9,24
21756,44.0,12,3,6,16
21757,21.0,13,3,1,6
21758,33.0,14,3,3,11
21759,37.0,15,3,4,13
21760,35.0,16,3,4,12
21761,26.0,17,3,2,8
21762,35.0,18,3,4,12
21763,38.0,19,3,4,13
21764,32.0,20,3,3,11
21765,39.0,21,3,5,14
21766,93.0,22,3,15,41
21767,32.0,23,3,3,11
21768,35.0,0,4,4,12
21769,70.0,1,4,11,29
21770,36.0,2,4,4,12
21771,54.0,3,4,8,21
21772,34.0,4,4,4,12
21773,46.0,5,4,6,17
21774,69.0,6,4,10,28
21775,54.0,7,4,8,21
21776,38.0,8,4,4,13
21777,62.0,9,4,9,25
21778,37.0,10,4,4,13
21779,47.0,11,4,6,18
21780,38.0,12,4,4,13
21781,24.0,13,4,2,7
21782,38.0,14,4,4,13
21783,45.0,15,4,6,17
21784,35.0,16,4,4,12
21785,23.0,17,4,1,7
21786,32.0,18,4,3,11
21787,16.0,19,4,1,4
21788,22.0,20,4,1,6
21789,22.0,21,4,1,6
21790,29.0,22,4,3,9
21791,20.0,23,4,1,5
21792,24.0,0,5,2,7
21793,21.0,1,5,1,6
21794,59.0,2,5,8,23
21795,45.0,3,5,6,17
21796,50.0,4,5,7,19
21797,66.0,5,5,10,27
21798,74.0,6,5,11,31
21799,58.0,7,5,8,23
21800,54.0,8,5,8,21
21801,54.0,9,5,8,21
21802,51.0,10,5,7,19
21803,67.0,11,5,10,27
21804,62.0,12,5,9,25
21805,54.0,13,5,8,21
21806,54.0,14,5,8,21
21807,43.0,15,5,5,16
21808,70.0,16,5,11,29
21809,72.0,17,5,11,30
21810,70.0,18,5,11,29
21811,70.0,19,5,11,29
21812,71.0,20,5,11,29
21813,80.0,21,5,12,34
21814,52.0,22,5,7,20
21815,20.0,23,5,1,5
21816,25.0,0,6,2,8
21817,21.0,1,6,1,6
21818,19.0,2,6,1,5
21819,10.0,3,6,1,1
21820,16.0,4,6,1,4
21821,12.0,5,6,1,2
21822,25.0,6,6,2,8
21823,37.0,7,6,4,13
21824,59.0,8,6,8,23
21825,33.0,9,6,3,11
21826,27.0,10,6,2,8
21827,30.0,11,6,3,10
21828,28.0,12,6,2,9
21829,27.0,13,6,2,8
21830,32.0,14,6,3,11
21831,30.0,15,6,3,10
21832,18.0,16,6,1,5
21833,27.0,17,6,2,8
21834,16.0,18,6,1,4
21835,45.0,19,6,6,17
21836,5.0,20,6,1,1
21837,4.0,21,6,1,1
21838,13.0,22,6,1,2
21839,7.0,23,6,1,1
21840,9.0,0,0,1,1
21841,18.0,1,0,1,5
21842,21.0,2,0,1,6
21843,14.0,3,0,1,3
21844,22.0,4,0,1,6
21845,18.0,5,0,1,5
21846,15.0,6,0,1,3
21847,20.0,7,0,1,5
21848,10.0,8,0,1,1
21849,18.0,9,0,1,5
21850,10.0,10,0,1,1
21851,15.0,11,0,1,3
21852,19.0,12,0,1,5
21853,5.0,13,0,1,1
21854,23.0,14,0,1,7
21855,16.0,15,0,1,4
21856,9.0,16,0,1,1
21857,12.0,17,0,1,2
21858,18.0,18,0,1,5
21859,12.0,19,0,1,2
21860,28.0,20,0,2,9
21861,24.0,21,0,2,7
21862,35.0,22,0,4,12
21863,27.0,23,0,2,8
21864,24.0,0,1,2,7
21865,19.0,1,1,1,5
21866,18.0,2,1,1,5
21867,5.0,3,1,1,1
21868,13.0,4,1,1,2
21869,12.0,5,1,1,2
21870,13.0,6,1,1,2
21871,3.0,7,1,1,1
21872,23.0,8,1,1,7
21873,10.0,9,1,1,1
21874,12.0,10,1,1,2
21875,7.0,11,1,1,1
21876,19.0,12,1,1,5
21877,5.0,13,1,1,1
21878,7.0,14,1,1,1
21879,7.0,15,1,1,1
21880,5.0,16,1,1,1
21881,5.0,17,1,1,1
21882,15.0,18,1,1,3
21883,13.0,19,1,1,2
21884,22.0,20,1,1,6
21885,21.0,21,1,1,6
21886,5.0,22,1,1,1
21887,14.0,23,1,1,3
21888,9.0,0,2,1,1
21889,12.0,1,2,1,2
21890,5.0,2,2,1,1
21891,14.0,3,2,1,3
21892,12.0,4,2,1,2
21893,20.0,5,2,1,5
21894,13.0,6,2,1,2
21895,5.0,7,2,1,1
21896,10.0,8,2,1,1
21897,15.0,9,2,1,3
21898,12.0,10,2,1,2
21899,9.0,11,2,1,1
21900,17.0,12,2,1,4
21901,21.0,13,2,1,6
21902,20.0,14,2,1,5
21903,40.0,15,2,5,14
21904,43.0,16,2,5,16
21905,22.0,17,2,1,6
21906,28.0,18,2,2,9
21907,14.0,19,2,1,3
21908,18.0,20,2,1,5
21909,13.0,21,2,1,2
21910,8.0,22,2,1,1
21911,16.0,23,2,1,4
21912,5.0,0,3,1,1
21913,7.0,1,3,1,1
21914,19.0,2,3,1,5
21915,19.0,3,3,1,5
21916,13.0,4,3,1,2
21917,9.0,5,3,1,1
21918,8.0,6,3,1,1
21919,9.0,7,3,1,1
21920,14.0,8,3,1,3
21921,25.0,9,3,2,8
21922,15.0,10,3,1,3
21923,8.0,11,3,1,1
21924,10.0,12,3,1,1
21925,6.0,13,3,1,1
21926,7.0,14,3,1,1
21927,19.0,15,3,1,5
21928,10.0,16,3,1,1
21929,14.0,17,3,1,3
21930,13.0,18,3,1,2
21931,17.0,19,3,1,4
21932,33.0,20,3,3,11
21933,8.0,21,3,1,1
21934,24.0,22,3,2,7
21935,13.0,23,3,1,2
21936,7.0,0,4,1,1
21937,15.0,1,4,1,3
21938,15.0,2,4,1,3
21939,20.0,3,4,1,5
21940,18.0,4,4,1,5
21941,18.0,5,4,1,5
21942,19.0,6,4,1,5
21943,6.0,7,4,1,1
21944,5.0,8,4,1,1
21945,9.0,9,4,1,1
21946,8.0,10,4,1,1
21947,5.0,11,4,1,1
21948,6.0,12,4,1,1
21949,12.0,13,4,1,2
21950,10.0,14,4,1,1
21951,9.0,15,4,1,1
21952,16.0,16,4,1,4
21953,12.0,17,4,1,2
21954,14.0,18,4,1,3
21955,17.0,19,4,1,4
21956,10.0,20,4,1,1
21957,8.0,21,4,1,1
21958,5.0,22,4,1,1
21959,12.0,23,4,1,2
21960,33.0,0,5,3,11
21961,13.0,1,5,1,2
21962,5.0,2,5,1,1
21963,5.0,3,5,1,1
21964,14.0,4,5,1,3
21965,7.0,5,5,1,1
21966,10.0,6,5,1,1
21967,3.0,7,5,1,1
21968,6.0,8,5,1,1
21969,6.0,9,5,1,1
21970,8.0,10,5,1,1
21971,12.0,11,5,1,2
21972,27.0,12,5,2,8
21973,6.0,13,5,1,1
21974,4.0,14,5,1,1
21975,8.0,15,5,1,1
21976,10.0,16,5,1,1
21977,13.0,17,5,1,2
21978,7.0,18,5,1,1
21979,13.0,19,5,1,2
21980,12.0,20,5,1,2
21981,14.0,21,5,1,3
21982,21.0,22,5,1,6
21983,29.0,23,5,3,9
21984,14.0,0,6,1,3
21985,16.0,1,6,1,4
21986,18.0,2,6,1,5
21987,13.0,3,6,1,2
21988,26.0,4,6,2,8
21989,17.0,5,6,1,4
21990,18.0,6,6,1,5
21991,12.0,7,6,1,2
21992,23.0,8,6,1,7
21993,15.0,9,6,1,3
21994,17.0,10,6,1,4
21995,18.0,11,6,1,5
21996,9.0,12,6,1,1
21997,8.0,13,6,1,1
21998,16.0,14,6,1,4
21999,24.0,15,6,2,7
22000,15.0,16,6,1,3
22001,13.0,17,6,1,2
22002,8.0,18,6,1,1
22003,9.0,19,6,1,1
22004,8.0,20,6,1,1
22005,13.0,21,6,1,2
22006,16.0,22,6,1,4
22007,22.0,23,6,1,6
22008,14.0,0,0,1,3
22009,20.0,1,0,1,5
22010,19.0,2,0,1,5
22011,9.0,3,0,1,1
22012,22.0,4,0,1,6
22013,16.0,5,0,1,4
22014,16.0,6,0,1,4
22015,6.0,7,0,1,1
22016,17.0,8,0,1,4
22017,4.0,9,0,1,1
22018,18.0,10,0,1,5
22019,30.0,11,0,3,10
22020,33.0,12,0,3,11
22021,41.0,13,0,5,15
22022,23.0,14,0,1,7
22023,37.0,15,0,4,13
22024,43.0,16,0,5,16
22025,57.0,17,0,8,22
22026,41.0,18,0,5,15
22027,49.0,19,0,7,18
22028,65.0,20,0,10,26
22029,44.0,21,0,6,16
22030,46.0,22,0,6,17
22031,36.0,23,0,4,12
22032,36.0,0,1,4,12
22033,23.0,1,1,1,7
22034,16.0,2,1,1,4
22035,19.0,3,1,1,5
22036,24.0,4,1,2,7
22037,12.0,5,1,1,2
22038,15.0,6,1,1,3
22039,33.0,7,1,3,11
22040,15.0,8,1,1,3
22041,25.0,9,1,2,8
22042,28.0,10,1,2,9
22043,25.0,11,1,2,8
22044,35.0,12,1,4,12
22045,21.0,13,1,1,6
22046,19.0,14,1,1,5
22047,27.0,15,1,2,8
22048,22.0,16,1,1,6
22049,29.0,17,1,3,9
22050,18.0,18,1,1,5
22051,29.0,19,1,3,9
22052,23.0,20,1,1,7
22053,42.0,21,1,5,15
22054,42.0,22,1,5,15
22055,55.0,23,1,8,21
22056,38.0,0,2,4,13
22057,40.0,1,2,5,14
22058,46.0,2,2,6,17
22059,52.0,3,2,7,20
22060,20.0,4,2,1,5
22061,46.0,5,2,6,17
22062,38.0,6,2,4,13
22063,35.0,7,2,4,12
22064,30.0,8,2,3,10
22065,52.0,9,2,7,20
22066,40.0,10,2,5,14
22067,45.0,11,2,6,17
22068,30.0,12,2,3,10
22069,33.0,13,2,3,11
22070,34.0,14,2,4,12
22071,27.0,15,2,2,8
22072,50.0,16,2,7,19
22073,46.0,17,2,6,17
22074,54.0,18,2,8,21
22075,37.0,19,2,4,13
22076,44.0,20,2,6,16
22077,49.0,21,2,7,18
22078,39.0,22,2,5,14
22079,36.0,23,2,4,12
22080,66.0,0,3,10,27
22081,74.0,1,3,11,31
22082,96.0,2,3,15,43
22083,100.0,3,3,16,45
22084,121.0,4,3,20,57
22085,83.0,5,3,13,36
22086,78.0,6,3,12,33
22087,83.0,7,3,13,36
22088,59.0,8,3,8,23
22089,79.0,9,3,12,33
22090,96.0,10,3,15,43
22091,90.0,11,3,14,39
22092,117.0,12,3,19,54
22093,113.0,13,3,18,52
22094,77.0,14,3,12,32
22095,71.0,15,3,11,29
22096,121.0,16,3,20,57
22097,82.0,17,3,13,35
22098,92.0,18,3,15,40
22099,60.0,19,3,9,24
22100,60.0,20,3,9,24
22101,67.0,21,3,10,27
22102,63.0,22,3,9,25
22103,46.0,23,3,6,17
22104,48.0,0,4,6,18
22105,59.0,1,4,8,23
22106,67.0,2,4,10,27
22107,44.0,3,4,6,16
22108,51.0,4,4,7,19
22109,78.0,5,4,12,33
22110,47.0,6,4,6,18
22111,79.0,7,4,12,33
22112,69.0,8,4,10,28
22113,79.0,9,4,12,33
22114,91.0,10,4,14,40
22115,77.0,11,4,12,32
22116,81.0,12,4,13,34
22117,76.0,13,4,12,32
22118,99.0,14,4,16,44
22119,99.0,15,4,16,44
22120,105.0,16,4,17,48
22121,84.0,17,4,13,36
22122,94.0,18,4,15,41
22123,74.0,19,4,11,31
22124,71.0,20,4,11,29
22125,87.0,21,4,14,38
22126,85.0,22,4,13,37
22127,87.0,23,4,14,38
22128,128.0,0,5,21,61
22129,131.0,1,5,21,63
22130,128.0,2,5,21,61
22131,114.0,3,5,18,53
22132,109.0,4,5,18,50
22133,121.0,5,5,20,57
22134,121.0,6,5,20,57
22135,135.0,7,5,22,65
22136,112.0,8,5,18,52
22137,87.0,9,5,14,38
22138,98.0,10,5,16,44
22139,92.0,11,5,15,40
22140,79.0,12,5,12,33
22141,103.0,13,5,16,46
22142,101.0,14,5,16,45
22143,77.0,15,5,12,32
22144,97.0,16,5,15,43
22145,80.0,17,5,12,34
22146,78.0,18,5,12,33
22147,101.0,19,5,16,45
22148,99.0,20,5,16,44
22149,105.0,21,5,17,48
22150,80.0,22,5,12,34
22151,98.0,23,5,16,44
22152,110.0,0,6,18,50
22153,84.0,1,6,13,36
22154,72.0,2,6,11,30
22155,80.0,3,6,12,34
22156,126.0,4,6,20,60
22157,120.0,5,6,19,56
22158,121.0,6,6,20,57
22159,110.0,7,6,18,50
22160,162.0,8,6,26,82
22161,166.0,9,6,27,85
22162,112.0,10,6,18,52
22163,101.0,11,6,16,45
22164,145.0,12,6,24,71
22165,101.0,13,6,16,45
22166,122.0,14,6,20,57
22167,124.0,15,6,20,59
22168,143.0,16,6,23,70
22169,142.0,17,6,23,69
22170,111.0,18,6,18,51
22171,133.0,19,6,22,64
22172,140.0,20,6,23,68
22173,109.0,21,6,18,50
22174,125.0,22,6,20,59
22175,139.0,23,6,23,68
22176,139.0,0,0,23,68
22177,114.0,1,0,18,53
22178,151.0,2,0,25,75
22179,155.0,3,0,25,78
22180,111.0,4,0,18,51
22181,114.0,5,0,18,53
22182,189.0,6,0,30,101
22183,132.0,7,0,21,63
22184,141.0,8,0,23,69
22185,113.0,9,0,18,52
22186,128.0,10,0,21,61
22187,123.0,11,0,20,58
22188,168.0,12,0,27,86
22189,120.0,13,0,19,56
22190,159.0,14,0,26,80
22191,167.0,15,0,27,86
22192,144.0,16,0,23,71
22193,110.0,17,0,18,50
22194,118.0,18,0,19,55
22195,146.0,19,0,24,72
22196,166.0,20,0,27,85
22197,144.0,21,0,23,71
22198,154.0,22,0,25,77
22199,213.0,23,0,34,118
22200,204.0,0,1,33,111
22201,167.0,1,1,27,86
22202,175.0,2,1,28,91
22203,224.0,3,1,35,126
22204,187.0,4,1,30,99
22205,166.0,5,1,27,85
22206,197.0,6,1,32,106
22207,177.0,7,1,29,92
22208,181.0,8,1,29,95
22209,193.0,9,1,31,103
22210,200.0,10,1,32,108
22211,211.0,11,1,34,116
22212,162.0,12,1,26,82
22213,224.0,13,1,35,126
22214,202.0,14,1,32,110
22215,194.0,15,1,31,104
22216,151.0,16,1,25,75
22217,168.0,17,1,27,86
22218,154.0,18,1,25,77
22219,119.0,19,1,19,56
22220,152.0,20,1,25,76
22221,161.0,21,1,26,82
22222,214.0,22,1,34,118
22223,215.0,23,1,34,119
22224,152.0,0,2,25,76
22225,140.0,1,2,23,68
22226,132.0,2,2,21,63
22227,151.0,3,2,25,75
22228,131.0,4,2,21,63
22229,143.0,5,2,23,70
22230,114.0,6,2,18,53
22231,140.0,7,2,23,68
22232,131.0,8,2,21,63
22233,144.0,9,2,23,71
22234,185.0,10,2,30,98
22235,164.0,11,2,27,84
22236,130.0,12,2,21,62
22237,156.0,13,2,25,78
22238,161.0,14,2,26,82
22239,156.0,15,2,25,78
22240,184.0,16,2,30,97
22241,143.0,17,2,23,70
22242,180.0,18,2,29,94
22243,192.0,19,2,31,103
22244,170.0,20,2,28,88
22245,138.0,21,2,22,67
22246,176.0,22,2,28,92
22247,167.0,23,2,27,86
22248,178.0,0,3,29,93
22249,171.0,1,3,28,88
22250,146.0,2,3,24,72
22251,178.0,3,3,29,93
22252,133.0,4,3,22,64
22253,146.0,5,3,24,72
22254,180.0,6,3,29,94
22255,177.0,7,3,29,92
22256,174.0,8,3,28,90
22257,187.0,9,3,30,99
22258,223.0,10,3,35,125
22259,164.0,11,3,27,84
22260,172.0,12,3,28,89
22261,193.0,13,3,31,103
22262,167.0,14,3,27,86
22263,195.0,15,3,31,105
22264,220.0,16,3,35,123
22265,258.0,17,3,40,152
22266,204.0,18,3,33,111
22267,154.0,19,3,25,77
22268,149.0,20,3,24,74
22269,156.0,21,3,25,78
22270,192.0,22,3,31,103
22271,194.0,23,3,31,104
22272,147.0,0,4,24,73
22273,180.0,1,4,29,94
22274,156.0,2,4,25,78
22275,172.0,3,4,28,89
22276,201.0,4,4,32,109
22277,180.0,5,4,29,94
22278,182.0,6,4,29,96
22279,208.0,7,4,33,114
22280,163.0,8,4,26,83
22281,143.0,9,4,23,70
22282,183.0,10,4,30,96
22283,150.0,11,4,24,75
22284,169.0,12,4,27,87
22285,161.0,13,4,26,82
22286,142.0,14,4,23,69
22287,163.0,15,4,26,83
22288,235.0,16,4,37,134
22289,233.0,17,4,37,133
22290,182.0,18,4,29,96
22291,136.0,19,4,22,66
22292,149.0,20,4,24,74
22293,173.0,21,4,28,90
22294,153.0,22,4,25,76
22295,194.0,23,4,31,104
22296,196.0,0,5,31,105
22297,200.0,1,5,32,108
22298,175.0,2,5,28,91
22299,194.0,3,5,31,104
22300,182.0,4,5,29,96
22301,204.0,5,5,33,111
22302,190.0,6,5,31,101
22303,176.0,7,5,28,92
22304,198.0,8,5,32,107
22305,225.0,9,5,36,127
22306,188.0,10,5,30,100
22307,203.0,11,5,32,110
22308,183.0,12,5,30,96
22309,160.0,13,5,26,81
22310,169.0,14,5,27,87
22311,210.0,15,5,33,115
22312,240.0,16,5,38,138
22313,229.0,17,5,36,130
22314,242.0,18,5,38,140
22315,208.0,19,5,33,114
22316,232.0,20,5,37,132
22317,176.0,21,5,28,92
22318,226.0,22,5,36,127
22319,218.0,23,5,35,121
22320,187.0,0,6,30,99
22321,219.0,1,6,35,122
22322,209.0,2,6,33,115
22323,188.0,3,6,30,100
22324,187.0,4,6,30,99
22325,208.0,5,6,33,114
22326,204.0,6,6,33,111
22327,231.0,7,6,36,131
22328,198.0,8,6,32,107
22329,198.0,9,6,32,107
22330,193.0,10,6,31,103
22331,229.0,11,6,36,130
22332,218.0,12,6,35,121
22333,264.0,13,6,41,157
22334,200.0,14,6,32,108
22335,195.0,15,6,31,105
22336,180.0,16,6,29,94
22337,227.0,17,6,36,128
22338,168.0,18,6,27,86
22339,166.0,19,6,27,85
22340,161.0,20,6,26,82
22341,186.0,21,6,30,98
22342,175.0,22,6,28,91
22343,160.0,23,6,26,81
22344,215.0,0,0,34,119
22345,176.0,1,0,28,92
22346,153.0,2,0,25,76
22347,158.0,3,0,26,80
22348,177.0,4,0,29,92
22349,149.0,5,0,24,74
22350,198.0,6,0,32,107
22351,195.0,7,0,31,105
22352,228.0,8,0,36,129
22353,180.0,9,0,29,94
22354,164.0,10,0,27,84
22355,165.0,11,0,27,84
22356,195.0,12,0,31,105
22357,222.0,13,0,35,124
22358,172.0,14,0,28,89
22359,188.0,15,0,30,100
22360,244.0,16,0,38,141
22361,170.0,17,0,28,88
22362,148.0,18,0,24,73
22363,175.0,19,0,28,91
22364,197.0,20,0,32,106
22365,183.0,21,0,30,96
22366,192.0,22,0,31,103
22367,156.0,23,0,25,78
22368,175.0,0,1,28,91
22369,213.0,1,1,34,118
22370,203.0,2,1,32,110
22371,210.0,3,1,33,115
22372,218.0,4,1,35,121
22373,218.0,5,1,35,121
22374,160.0,6,1,26,81
22375,209.0,7,1,33,115
22376,207.0,8,1,33,113
22377,170.0,9,1,28,88
22378,155.0,10,1,25,78
22379,182.0,11,1,29,96
22380,187.0,12,1,30,99
22381,219.0,13,1,35,122
22382,212.0,14,1,34,117
22383,204.0,15,1,33,111
22384,255.0,16,1,40,150
22385,226.0,17,1,36,127
22386,186.0,18,1,30,98
22387,194.0,19,1,31,104
22388,235.0,20,1,37,134
22389,210.0,21,1,33,115
22390,191.0,22,1,31,102
22391,193.0,23,1,31,103
22392,229.0,0,2,36,130
22393,207.0,1,2,33,113
22394,200.0,2,2,32,108
22395,176.0,3,2,28,92
22396,175.0,4,2,28,91
22397,237.0,5,2,37,136
22398,209.0,6,2,33,115
22399,183.0,7,2,30,96
22400,144.0,8,2,23,71
22401,155.0,9,2,25,78
22402,243.0,10,2,38,140
22403,257.0,11,2,40,152
22404,214.0,12,2,34,118
22405,202.0,13,2,32,110
22406,222.0,14,2,35,124
22407,187.0,15,2,30,99
22408,145.0,16,2,24,71
22409,190.0,17,2,31,101
22410,181.0,18,2,29,95
22411,193.0,19,2,31,103
22412,180.0,20,2,29,94
22413,127.0,21,2,21,60
22414,171.0,22,2,28,88
22415,156.0,23,2,25,78
22416,155.0,0,3,25,78
22417,176.0,1,3,28,92
22418,218.0,2,3,35,121
22419,209.0,3,3,33,115
22420,132.0,4,3,21,63
22421,164.0,5,3,27,84
22422,153.0,6,3,25,76
22423,187.0,7,3,30,99
22424,209.0,8,3,33,115
22425,152.0,9,3,25,76
22426,209.0,10,3,33,115
22427,171.0,11,3,28,88
22428,171.0,12,3,28,88
22429,186.0,13,3,30,98
22430,185.0,14,3,30,98
22431,196.0,15,3,31,105
22432,208.0,16,3,33,114
22433,173.0,17,3,28,90
22434,200.0,18,3,32,108
22435,202.0,19,3,32,110
22436,164.0,20,3,27,84
22437,204.0,21,3,33,111
22438,182.0,22,3,29,96
22439,151.0,23,3,25,75
22440,180.0,0,4,29,94
22441,113.0,1,4,18,52
22442,173.0,2,4,28,90
22443,190.0,3,4,31,101
22444,222.0,4,4,35,124
22445,206.0,5,4,33,113
22446,169.0,6,4,27,87
22447,153.0,7,4,25,76
22448,174.0,8,4,28,90
22449,176.0,9,4,28,92
22450,224.0,10,4,35,126
22451,169.0,11,4,27,87
22452,218.0,12,4,35,121
22454,195.0,14,4,31,105
22455,273.0,15,4,42,165
22456,178.0,16,4,29,93
22457,227.0,17,4,36,128
22458,178.0,18,4,29,93
22459,270.0,19,4,41,162
22460,271.0,20,4,42,163
22461,243.0,21,4,38,140
22462,211.0,22,4,34,116
22463,212.0,23,4,34,117
22464,208.0,0,5,33,114
22465,188.0,1,5,30,100
22466,163.0,2,5,26,83
22467,173.0,3,5,28,90
22468,161.0,4,5,26,82
22469,200.0,5,5,32,108
22470,235.0,6,5,37,134
22471,222.0,7,5,35,124
22472,195.0,8,5,31,105
22473,168.0,9,5,27,86
22474,217.0,10,5,34,121
22475,237.0,11,5,37,136
22476,193.0,12,5,31,103
22477,198.0,13,5,32,107
22478,168.0,14,5,27,86
22479,156.0,15,5,25,78
22480,173.0,16,5,28,90
22481,184.0,17,5,30,97
22482,163.0,18,5,26,83
22483,172.0,19,5,28,89
22484,196.0,20,5,31,105
22485,178.0,21,5,29,93
22486,173.0,22,5,28,90
22487,136.0,23,5,22,66
22488,261.0,0,6,40,155
22489,200.0,1,6,32,108
22490,198.0,2,6,32,107
22491,175.0,3,6,28,91
22492,163.0,4,6,26,83
22493,182.0,5,6,29,96
22494,198.0,6,6,32,107
22495,230.0,7,6,36,130
22496,189.0,8,6,30,101
22497,205.0,9,6,33,112
22498,188.0,10,6,30,100
22499,194.0,11,6,31,104
22500,222.0,12,6,35,124
22501,197.0,13,6,32,106
22502,232.0,14,6,37,132
22503,246.0,15,6,38,143
22504,268.0,16,6,41,161
22505,253.0,17,6,39,148
22506,178.0,18,6,29,93
22507,206.0,19,6,33,113
22508,230.0,20,6,36,130
22509,211.0,21,6,34,116
22510,249.0,22,6,39,145
22511,238.0,23,6,37,137
22512,226.0,0,0,36,127
22513,213.0,1,0,34,118
22514,159.0,2,0,26,80
22515,139.0,3,0,23,68
22516,150.0,4,0,24,75
22517,159.0,5,0,26,80
22518,143.0,6,0,23,70
22519,184.0,7,0,30,97
22520,195.0,8,0,31,105
22521,174.0,9,0,28,90
22522,175.0,10,0,28,91
22523,163.0,11,0,26,83
22524,187.0,12,0,30,99
22525,184.0,13,0,30,97
22526,212.0,14,0,34,117
22527,197.0,15,0,32,106
22528,202.0,16,0,32,110
22529,202.0,17,0,32,110
22530,149.0,18,0,24,74
22531,167.0,19,0,27,86
22532,180.0,20,0,29,94
22533,165.0,21,0,27,84
22534,215.0,22,0,34,119
22535,260.0,23,0,40,154
22536,215.0,0,1,34,119
22537,167.0,1,1,27,86
22538,142.0,2,1,23,69
22539,143.0,3,1,23,70
22540,174.0,4,1,28,90
22541,180.0,5,1,29,94
22542,196.0,6,1,31,105
22543,164.0,7,1,27,84
22544,198.0,8,1,32,107
22545,210.0,9,1,33,115
22546,210.0,10,1,33,115
22547,204.0,11,1,33,111
22548,251.0,12,1,39,147
22549,225.0,13,1,36,127
22550,214.0,14,1,34,118
22551,214.0,15,1,34,118
22552,203.0,16,1,32,110
22553,194.0,17,1,31,104
22554,198.0,18,1,32,107
22555,207.0,19,1,33,113
22556,191.0,20,1,31,102
22557,204.0,21,1,33,111
22558,201.0,22,1,32,109
22559,207.0,23,1,33,113
22560,209.0,0,2,33,115
22561,193.0,1,2,31,103
22562,214.0,2,2,34,118
22563,219.0,3,2,35,122
22564,200.0,4,2,32,108
22565,186.0,5,2,30,98
22566,248.0,6,2,39,144
22567,269.0,7,2,41,161
22569,252.0,9,2,39,148
22570,234.0,10,2,37,133
22571,232.0,11,2,37,132
22572,216.0,12,2,34,120
22573,210.0,13,2,33,115
22574,260.0,14,2,40,154
22575,220.0,15,2,35,123
22576,223.0,16,2,35,125
22577,222.0,17,2,35,124
22578,211.0,18,2,34,116
22579,220.0,19,2,35,123
22580,182.0,20,2,29,96
22581,223.0,21,2,35,125
22582,205.0,22,2,33,112
22583,169.0,23,2,27,87
22584,165.0,0,3,27,84
22585,196.0,1,3,31,105
22586,209.0,2,3,33,115
22587,188.0,3,3,30,100
22588,195.0,4,3,31,105
22589,205.0,5,3,33,112
22590,176.0,6,3,28,92
22591,230.0,7,3,36,130
22592,198.0,8,3,32,107
22593,181.0,9,3,29,95
22594,187.0,10,3,30,99
22595,223.0,11,3,35,125
22596,222.0,12,3,35,124
22597,216.0,13,3,34,120
22598,196.0,14,3,31,105
22599,191.0,15,3,31,102
22600,153.0,16,3,25,76
22601,149.0,17,3,24,74
22602,184.0,18,3,30,97
22603,236.0,19,3,37,135
22604,234.0,20,3,37,133
22605,214.0,21,3,34,118
22606,225.0,22,3,36,127
22607,216.0,23,3,34,120
22608,146.0,0,4,24,72
22609,185.0,1,4,30,98
22610,211.0,2,4,34,116
22611,202.0,3,4,32,110
22612,169.0,4,4,27,87
22613,181.0,5,4,29,95
22614,177.0,6,4,29,92
22615,176.0,7,4,28,92
22616,174.0,8,4,28,90
22617,213.0,9,4,34,118
22618,142.0,10,4,23,69
22619,119.0,11,4,19,56
22620,147.0,12,4,24,73
22621,160.0,13,4,26,81
22622,184.0,14,4,30,97
22623,167.0,15,4,27,86
22624,175.0,16,4,28,91
22625,185.0,17,4,30,98
22626,129.0,18,4,21,62
22627,161.0,19,4,26,82
22628,153.0,20,4,25,76
22629,185.0,21,4,30,98
22630,145.0,22,4,24,71
22631,156.0,23,4,25,78
22632,176.0,0,5,28,92
22633,197.0,1,5,32,106
22634,187.0,2,5,30,99
22635,187.0,3,5,30,99
22636,202.0,4,5,32,110
22637,155.0,5,5,25,78
22638,153.0,6,5,25,76
22639,245.0,7,5,38,142
22640,186.0,8,5,30,98
22641,161.0,9,5,26,82
22642,181.0,10,5,29,95
22643,174.0,11,5,28,90
22644,148.0,12,5,24,73
22645,144.0,13,5,23,71
22646,134.0,14,5,22,65
22647,139.0,15,5,23,68
22648,160.0,16,5,26,81
22649,165.0,17,5,27,84
22650,174.0,18,5,28,90
22651,175.0,19,5,28,91
22652,187.0,20,5,30,99
22653,213.0,21,5,34,118
22654,144.0,22,5,23,71
22655,176.0,23,5,28,92
22656,186.0,0,6,30,98
22657,148.0,1,6,24,73
22658,168.0,2,6,27,86
22659,159.0,3,6,26,80
22660,205.0,4,6,33,112
22661,172.0,5,6,28,89
22662,149.0,6,6,24,74
22663,197.0,7,6,32,106
22664,167.0,8,6,27,86
22665,211.0,9,6,34,116
22666,215.0,10,6,34,119
22667,212.0,11,6,34,117
22668,181.0,12,6,29,95
22669,133.0,13,6,22,64
22670,135.0,14,6,22,65
22671,170.0,15,6,28,88
22672,175.0,16,6,28,91
22673,164.0,17,6,27,84
22674,166.0,18,6,27,85
22675,226.0,19,6,36,127
22676,239.0,20,6,37,137
22677,176.0,21,6,28,92
22678,139.0,22,6,23,68
22679,191.0,23,6,31,102
22680,171.0,0,0,28,88
22681,192.0,1,0,31,103
22682,219.0,2,0,35,122
22683,236.0,3,0,37,135
22684,216.0,4,0,34,120
22685,245.0,5,0,38,142
22686,259.0,6,0,40,153
22687,222.0,7,0,35,124
22688,243.0,8,0,38,140
22689,220.0,9,0,35,123
22690,197.0,10,0,32,106
22691,133.0,11,0,22,64
22692,178.0,12,0,29,93
22693,208.0,13,0,33,114
22694,203.0,14,0,32,110
22695,212.0,15,0,34,117
22696,207.0,16,0,33,113
22697,180.0,17,0,29,94
22698,235.0,18,0,37,134
22699,159.0,19,0,26,80
22700,162.0,20,0,26,82
22701,172.0,21,0,28,89
22702,173.0,22,0,28,90
22703,208.0,23,0,33,114
22704,178.0,0,1,29,93
22705,182.0,1,1,29,96
22706,160.0,2,1,26,81
22707,178.0,3,1,29,93
22708,158.0,4,1,26,80
22709,134.0,5,1,22,65
22710,158.0,6,1,26,80
22711,156.0,7,1,25,78
22712,233.0,8,1,37,133
22713,175.0,9,1,28,91
22714,163.0,10,1,26,83
22715,150.0,11,1,24,75
22716,151.0,12,1,25,75
22717,175.0,13,1,28,91
22718,191.0,14,1,31,102
22719,219.0,15,1,35,122
22720,200.0,16,1,32,108
22721,116.0,17,1,19,54
22722,134.0,18,1,22,65
22723,173.0,19,1,28,90
22724,123.0,20,1,20,58
22725,126.0,21,1,20,60
22726,167.0,22,1,27,86
22727,148.0,23,1,24,73
22728,138.0,0,2,22,67
22729,170.0,1,2,28,88
22730,178.0,2,2,29,93
22731,149.0,3,2,24,74
22732,106.0,4,2,17,48
22733,152.0,5,2,25,76
22734,135.0,6,2,22,65
22735,143.0,7,2,23,70
22736,152.0,8,2,25,76
22737,138.0,9,2,22,67
22738,144.0,10,2,23,71
22739,168.0,11,2,27,86
22740,191.0,12,2,31,102
22741,150.0,13,2,24,75
22742,141.0,14,2,23,69
22743,145.0,15,2,24,71
22744,177.0,16,2,29,92
22745,170.0,17,2,28,88
22746,175.0,18,2,28,91
22747,197.0,19,2,32,106
22748,170.0,20,2,28,88
22749,186.0,21,2,30,98
22750,175.0,22,2,28,91
22751,187.0,23,2,30,99
22752,198.0,0,3,32,107
22753,204.0,1,3,33,111
22754,257.0,2,3,40,152
22755,178.0,3,3,29,93
22756,181.0,4,3,29,95
22757,170.0,5,3,28,88
22758,190.0,6,3,31,101
22759,194.0,7,3,31,104
22760,207.0,8,3,33,113
22761,185.0,9,3,30,98
22762,194.0,10,3,31,104
22763,215.0,11,3,34,119
22764,171.0,12,3,28,88
22765,160.0,13,3,26,81
22766,171.0,14,3,28,88
22767,195.0,15,3,31,105
22768,205.0,16,3,33,112
22769,174.0,17,3,28,90
22770,186.0,18,3,30,98
22771,212.0,19,3,34,117
22772,147.0,20,3,24,73
22773,151.0,21,3,25,75
22774,112.0,22,3,18,52
22775,164.0,23,3,27,84
22776,168.0,0,4,27,86
22777,181.0,1,4,29,95
22778,178.0,2,4,29,93
22779,188.0,3,4,30,100
22780,152.0,4,4,25,76
22781,140.0,5,4,23,68
22782,151.0,6,4,25,75
22783,152.0,7,4,25,76
22784,171.0,8,4,28,88
22785,135.0,9,4,22,65
22786,189.0,10,4,30,101
22787,173.0,11,4,28,90
22788,159.0,12,4,26,80
22789,185.0,13,4,30,98
22790,197.0,14,4,32,106
22791,156.0,15,4,25,78
22792,213.0,16,4,34,118
22793,225.0,17,4,36,127
22794,197.0,18,4,32,106
22795,178.0,19,4,29,93
22796,168.0,20,4,27,86
22797,153.0,21,4,25,76
22798,169.0,22,4,27,87
22799,161.0,23,4,26,82
22800,181.0,0,5,29,95
22801,202.0,1,5,32,110
22802,192.0,2,5,31,103
22803,188.0,3,5,30,100
22804,168.0,4,5,27,86
22805,172.0,5,5,28,89
22806,216.0,6,5,34,120
22807,236.0,7,5,37,135
22808,186.0,8,5,30,98
22809,209.0,9,5,33,115
22810,205.0,10,5,33,112
22811,212.0,11,5,34,117
22812,230.0,12,5,36,130
22813,215.0,13,5,34,119
22814,210.0,14,5,33,115
22815,206.0,15,5,33,113
22816,208.0,16,5,33,114
22817,180.0,17,5,29,94
22818,196.0,18,5,31,105
22819,196.0,19,5,31,105
22820,171.0,20,5,28,88
22821,177.0,21,5,29,92
22822,177.0,22,5,29,92
22823,160.0,23,5,26,81
22824,152.0,0,6,25,76
22825,162.0,1,6,26,82
22826,144.0,2,6,23,71
22827,190.0,3,6,31,101
22828,188.0,4,6,30,100
22829,224.0,5,6,35,126
22830,181.0,6,6,29,95
22831,134.0,7,6,22,65
22832,184.0,8,6,30,97
22833,161.0,9,6,26,82
22834,172.0,10,6,28,89
22835,185.0,11,6,30,98
22836,149.0,12,6,24,74
22837,181.0,13,6,29,95
22838,196.0,14,6,31,105
22839,188.0,15,6,30,100
22840,158.0,16,6,26,80
22841,233.0,17,6,37,133
22842,194.0,18,6,31,104
22843,170.0,19,6,28,88
22844,175.0,20,6,28,91
22845,176.0,21,6,28,92
22846,170.0,22,6,28,88
22847,187.0,23,6,30,99
22848,148.0,0,0,24,73
22849,195.0,1,0,31,105
22850,204.0,2,0,33,111
22851,181.0,3,0,29,95
22852,194.0,4,0,31,104
22853,159.0,5,0,26,80
22854,201.0,6,0,32,109
22855,161.0,7,0,26,82
22856,162.0,8,0,26,82
22857,201.0,9,0,32,109
22858,176.0,10,0,28,92
22859,177.0,11,0,29,92
22860,159.0,12,0,26,80
22861,211.0,13,0,34,116
22862,201.0,14,0,32,109
22863,224.0,15,0,35,126
22864,201.0,16,0,32,109
22865,257.0,17,0,40,152
22866,220.0,18,0,35,123
22867,174.0,19,0,28,90
22868,163.0,20,0,26,83
22869,175.0,21,0,28,91
22870,153.0,22,0,25,76
22871,169.0,23,0,27,87
22872,181.0,0,1,29,95
22873,200.0,1,1,32,108
22874,186.0,2,1,30,98
22875,204.0,3,1,33,111
22876,250.0,4,1,39,146
22877,203.0,5,1,32,110
22878,192.0,6,1,31,103
22879,202.0,7,1,32,110
22880,147.0,8,1,24,73
22881,188.0,9,1,30,100
22882,182.0,10,1,29,96
22883,156.0,11,1,25,78
22884,136.0,12,1,22,66
22885,160.0,13,1,26,81
22886,159.0,14,1,26,80
22887,175.0,15,1,28,91
22888,182.0,16,1,29,96
22889,196.0,17,1,31,105
22890,172.0,18,1,28,89
22891,210.0,19,1,33,115
22892,240.0,20,1,38,138
22893,201.0,21,1,32,109
22894,180.0,22,1,29,94
22895,192.0,23,1,31,103
22896,154.0,0,2,25,77
22897,153.0,1,2,25,76
22898,159.0,2,2,26,80
22899,194.0,3,2,31,104
22900,131.0,4,2,21,63
22901,145.0,5,2,24,71
22902,138.0,6,2,22,67
22903,171.0,7,2,28,88
22904,235.0,8,2,37,134
22905,210.0,9,2,33,115
22906,188.0,10,2,30,100
22907,170.0,11,2,28,88
22908,181.0,12,2,29,95
22909,175.0,13,2,28,91
22910,154.0,14,2,25,77
22911,152.0,15,2,25,76
22912,177.0,16,2,29,92
22913,169.0,17,2,27,87
22914,162.0,18,2,26,82
22915,143.0,19,2,23,70
22916,171.0,20,2,28,88
22917,225.0,21,2,36,127
22918,181.0,22,2,29,95
22919,164.0,23,2,27,84
22920,224.0,0,3,35,126
22921,215.0,1,3,34,119
22922,200.0,2,3,32,108
22923,159.0,3,3,26,80
22924,203.0,4,3,32,110
22925,206.0,5,3,33,113
22926,172.0,6,3,28,89
22927,185.0,7,3,30,98
22928,237.0,8,3,37,136
22929,218.0,9,3,35,121
22930,273.0,10,3,42,165
22931,214.0,11,3,34,118
22932,224.0,12,3,35,126
22933,189.0,13,3,30,101
22934,208.0,14,3,33,114
22935,216.0,15,3,34,120
22936,229.0,16,3,36,130
22937,193.0,17,3,31,103
22938,222.0,18,3,35,124
22939,203.0,19,3,32,110
22940,169.0,20,3,27,87
22941,173.0,21,3,28,90
22942,247.0,22,3,39,144
22943,233.0,23,3,37,133
22944,201.0,0,4,32,109
22945,184.0,1,4,30,97
22946,191.0,2,4,31,102
22947,170.0,3,4,28,88
22948,156.0,4,4,25,78
22949,185.0,5,4,30,98
22950,197.0,6,4,32,106
22951,234.0,7,4,37,133
22952,153.0,8,4,25,76
22953,206.0,9,4,33,113
22954,174.0,10,4,28,90
22955,202.0,11,4,32,110
22956,197.0,12,4,32,106
22957,156.0,13,4,25,78
22958,158.0,14,4,26,80
22959,170.0,15,4,28,88
22960,154.0,16,4,25,77
22961,166.0,17,4,27,85
22962,130.0,18,4,21,62
22963,142.0,19,4,23,69
22964,158.0,20,4,26,80
22965,182.0,21,4,29,96
22966,130.0,22,4,21,62
22967,125.0,23,4,20,59
22968,142.0,0,5,23,69
22969,132.0,1,5,21,63
22970,92.0,2,5,15,40
22971,121.0,3,5,20,57
22972,156.0,4,5,25,78
22973,141.0,5,5,23,69
22974,154.0,6,5,25,77
22975,155.0,7,5,25,78
22976,154.0,8,5,25,77
22977,151.0,9,5,25,75
22978,159.0,10,5,26,80
22979,170.0,11,5,28,88
22980,145.0,12,5,24,71
22981,149.0,13,5,24,74
22982,183.0,14,5,30,96
22983,201.0,15,5,32,109
22984,200.0,16,5,32,108
22985,173.0,17,5,28,90
22986,178.0,18,5,29,93
22987,165.0,19,5,27,84
22988,148.0,20,5,24,73
22989,151.0,21,5,25,75
22990,173.0,22,5,28,90
22991,162.0,23,5,26,82
22992,147.0,0,6,24,73
22993,180.0,1,6,29,94
22994,185.0,2,6,30,98
22995,191.0,3,6,31,102
22996,189.0,4,6,30,101
22997,167.0,5,6,27,86
22998,144.0,6,6,23,71
22999,109.0,7,6,18,50
23000,117.0,8,6,19,54
23001,100.0,9,6,16,45
23002,144.0,10,6,23,71
23003,90.0,11,6,14,39
23004,145.0,12,6,24,71
23005,102.0,13,6,16,46
23006,112.0,14,6,18,52
23007,151.0,15,6,25,75
23008,136.0,16,6,22,66
23009,163.0,17,6,26,83
23010,132.0,18,6,21,63
23011,113.0,19,6,18,52
23012,127.0,20,6,21,60
23013,140.0,21,6,23,68
23014,84.0,22,6,13,36
23015,131.0,23,6,21,63
23016,119.0,0,0,19,56
23017,146.0,1,0,24,72
23018,106.0,2,0,17,48
23019,110.0,3,0,18,50
23020,133.0,4,0,22,64
23021,107.0,5,0,17,49
23022,112.0,6,0,18,52
23023,107.0,7,0,17,49
23024,132.0,8,0,21,63
23025,142.0,9,0,23,69
23026,135.0,10,0,22,65
23027,110.0,11,0,18,50
23028,102.0,12,0,16,46
23029,134.0,13,0,22,65
23030,128.0,14,0,21,61
23031,141.0,15,0,23,69
23032,102.0,16,0,16,46
23033,138.0,17,0,22,67
23034,86.0,18,0,13,37
23035,129.0,19,0,21,62
23036,114.0,20,0,18,53
23037,106.0,21,0,17,48
23038,114.0,22,0,18,53
23039,125.0,23,0,20,59
