Run 6
========================================
Default
drwxrwxr-x 2 cc cc   4096 Jan  6 01:33 __pycache__
-rw-rw-r-- 1 cc cc  20454 Jan  6 00:47 bayesian_optimization.py
drwxrwxr-x 2 cc cc   4096 Jan  5 15:43 bo_outputs_copy
-rw-rw-r-- 1 cc cc  12890 Jan  5 03:53 bo_utils.py
-rw-rw-r-- 1 cc cc  12286 Jan  5 01:06 check_result.py
-rw-rw-r-- 1 cc cc   7349 Jan  5 15:31 compute_stat.py
-rw-rw-r-- 1 cc cc   6640 Jan  5 15:43 compute_trade_off.py
-rw-rw-r-- 1 cc cc   1438 Jan  5 14:32 config.py
-rw-rw-r-- 1 cc cc   4214 Jan  5 17:31 manager.py
-rw-rw-r-- 1 cc cc   9045 Dec 16 05:41 original-bayesian_optimization.py
-rw-rw-r-- 1 cc cc  11668 Jan  5 15:23 original_bo_results_price_20260105_051239 copy.json
-rw-rw-r-- 1 cc cc   2423 Jan  3 19:23 pods_mapping.py
-rw-rw-r-- 1 cc cc   1486 Jan  5 02:36 temp.py

IS_ENERGY: False
No checkpoint found, starting fresh BO run.
Updating function ml-image-processing to cpu: 676m, memory: 59Mi
Updating Deployment resource configuration...

Updating function ml-object-detection to cpu: 2539m, memory: 469Mi
Updating Deployment resource configuration...

[info] Original replicas=17, selector='environmentName=ml-image-processing,environmentNamespace=default,environmentUid=8dcaa936-04ed-49cf-8ddf-36cdc234cbfd,executorType=newdeploy,functionName=ml-image-processing,functionNamespace=default,functionUid=d8529cac-3c02-4647-a616-8254b24ce685'
[info] Original replicas=49, selector='environmentName=yolo,environmentNamespace=default,environmentUid=4b5fef2f-7951-477c-a9c0-ef0af047a425,executorType=newdeploy,functionName=ml-object-detection,functionNamespace=default,functionUid=dc6d8a52-8de2-4fbb-beef-7bcaa92aa890'
[ok] Patched Deployment resources
[ok] Patched Deployment resources
[ok] Verified Deployment template resources: requests={'cpu': '300m', 'memory': '50Mi'} limits={'cpu': '676m', 'memory': '59Mi'}
[info] Scaling deployment to 0 replicas to force full pod replacement
[ok] Verified Deployment template resources: requests={'cpu': '1500m', 'memory': '400Mi'} limits={'cpu': '2539m', 'memory': '469Mi'}
[info] Scaling deployment to 0 replicas to force full pod replacement
[ok] All pods terminated (replicas=0)
[info] Scaling deployment back to 49 replicas
[ok] All pods terminated (replicas=0)
[info] Scaling deployment back to 17 replicas
[ok] Rollout completed after scale-to-zero
[ok] Rollout completed after scale-to-zero
[verify] newest RS=newdeploy-ml-image-processing-default-a616-8254b24ce685-6ccd8769cb pods=17 ready=17
[ok] Verified newest ReplicaSet template resources match expected
[verify] newest RS=newdeploy-ml-object-detection-default-beef-7bcaa92aa890-5b594475b4 pods=49 ready=49
[ok] Verified newest ReplicaSet template resources match expected
[info] Started Locust with PID 1431454
[info] start sleep for 30s
[info] sleep done
\Start sampling in parallel...
Workflow e2e p99 latency (54 completed in 20.5s, parallel, 8 workers): 9.000s
Average stage latencies:
  - ml-image-processing: 0.102s
  - ml-object-detection: 0.455s
================================================================================
objective      : price
resource_config: [{'cpu_m': 676, 'memory_mi': 59}, {'cpu_m': 2539, 'memory_mi': 469}], latencies: {'ml-image-processing': 0.10159584478613862, 'ml-object-detection': 0.4548802030609643}, price_cost: 10122.250469, energy_cost: 360.498644, latency_p99 : 9.000000
wall_time_s    : 83.108
================================================================================

[info] Locust stopped
Updating function ml-image-processing to cpu: 381m, memory: 59Mi
Updating Deployment resource configuration...

Updating function ml-object-detection to cpu: 3937m, memory: 487Mi
Updating Deployment resource configuration...

[info] Original replicas=17, selector='environmentName=ml-image-processing,environmentNamespace=default,environmentUid=8dcaa936-04ed-49cf-8ddf-36cdc234cbfd,executorType=newdeploy,functionName=ml-image-processing,functionNamespace=default,functionUid=d8529cac-3c02-4647-a616-8254b24ce685'
[info] Original replicas=49, selector='environmentName=yolo,environmentNamespace=default,environmentUid=4b5fef2f-7951-477c-a9c0-ef0af047a425,executorType=newdeploy,functionName=ml-object-detection,functionNamespace=default,functionUid=dc6d8a52-8de2-4fbb-beef-7bcaa92aa890'
[ok] Patched Deployment resources
[ok] Patched Deployment resources
[ok] Verified Deployment template resources: requests={'cpu': '1500m', 'memory': '400Mi'} limits={'cpu': '3937m', 'memory': '487Mi'}
[info] Scaling deployment to 0 replicas to force full pod replacement
[ok] Verified Deployment template resources: requests={'cpu': '300m', 'memory': '50Mi'} limits={'cpu': '381m', 'memory': '59Mi'}
[info] Scaling deployment to 0 replicas to force full pod replacement
[ok] All pods terminated (replicas=0)
[info] Scaling deployment back to 49 replicas
[ok] All pods terminated (replicas=0)
[info] Scaling deployment back to 17 replicas
[ok] Deleted HPA newdeploy-ml-object-detection-default-beef-7bcaa92aa890
[ok] Rollout completed after scale-to-zero
[verify] newest RS=newdeploy-ml-image-processing-default-a616-8254b24ce685-67744b54f4 pods=17 ready=17
[ok] Verified newest ReplicaSet template resources match expected
[ok] Rollout completed after scale-to-zero
[verify] newest RS=newdeploy-ml-object-detection-default-beef-7bcaa92aa890-7d59856d5 pods=49 ready=49
[ok] Verified newest ReplicaSet template resources match expected
[info] Started Locust with PID 1435753
[info] start sleep for 30s
[info] sleep done
\Start sampling in parallel...
Workflow e2e p99 latency (54 completed in 17.9s, parallel, 8 workers): 3.150s
Average stage latencies:
  - ml-image-processing: 0.242s
  - ml-object-detection: 0.250s
================================================================================
objective      : price
resource_config: [{'cpu_m': 381, 'memory_mi': 59}, {'cpu_m': 3937, 'memory_mi': 487}], latencies: {'ml-image-processing': 0.24233924152536523, 'ml-object-detection': 0.24963454621050646}, price_cost: 8679.097997, energy_cost: 419.865305, latency_p99 : 3.150203
wall_time_s    : 83.245
================================================================================

[info] Locust stopped
Updating function ml-image-processing to cpu: 609m, memory: 66Mi
Updating Deployment resource configuration...

Updating function ml-object-detection to cpu: 5633m, memory: 425Mi
Updating Deployment resource configuration...

[info] Original replicas=17, selector='environmentName=ml-image-processing,environmentNamespace=default,environmentUid=8dcaa936-04ed-49cf-8ddf-36cdc234cbfd,executorType=newdeploy,functionName=ml-image-processing,functionNamespace=default,functionUid=d8529cac-3c02-4647-a616-8254b24ce685'
[info] Original replicas=49, selector='environmentName=yolo,environmentNamespace=default,environmentUid=4b5fef2f-7951-477c-a9c0-ef0af047a425,executorType=newdeploy,functionName=ml-object-detection,functionNamespace=default,functionUid=dc6d8a52-8de2-4fbb-beef-7bcaa92aa890'
[ok] Patched Deployment resources
[ok] Patched Deployment resources
[ok] Verified Deployment template resources: requests={'cpu': '300m', 'memory': '50Mi'} limits={'cpu': '609m', 'memory': '66Mi'}
[info] Scaling deployment to 0 replicas to force full pod replacement
[ok] Verified Deployment template resources: requests={'cpu': '1500m', 'memory': '400Mi'} limits={'cpu': '5633m', 'memory': '425Mi'}
[info] Scaling deployment to 0 replicas to force full pod replacement
[ok] All pods terminated (replicas=0)
[info] Scaling deployment back to 49 replicas
[ok] All pods terminated (replicas=0)
[info] Scaling deployment back to 17 replicas
[ok] Rollout completed after scale-to-zero
[verify] newest RS=newdeploy-ml-object-detection-default-beef-7bcaa92aa890-5f89bcdbf7 pods=49 ready=49
[ok] Verified newest ReplicaSet template resources match expected
[ok] Rollout completed after scale-to-zero
[verify] newest RS=newdeploy-ml-image-processing-default-a616-8254b24ce685-778fc889bc pods=17 ready=17
[ok] Verified newest ReplicaSet template resources match expected
[info] Started Locust with PID 1439965
[info] start sleep for 30s
[info] sleep done
\Start sampling in parallel...
Workflow e2e p99 latency (72 completed in 16.4s, parallel, 8 workers): 1.300s
Average stage latencies:
  - ml-image-processing: 0.142s
  - ml-object-detection: 0.178s
================================================================================
objective      : price
resource_config: [{'cpu_m': 609, 'memory_mi': 66}, {'cpu_m': 5633, 'memory_mi': 425}], latencies: {'ml-image-processing': 0.14175905904913735, 'ml-object-detection': 0.1778082796631174}, price_cost: 8791.914434, energy_cost: 466.062270, latency_p99 : 1.300072
wall_time_s    : 78.445
================================================================================

[info] Locust stopped
Updating function ml-image-processing to cpu: 530m, memory: 50Mi
Updating Deployment resource configuration...

Updating function ml-object-detection to cpu: 3441m, memory: 500Mi
Updating Deployment resource configuration...

[info] Original replicas=17, selector='environmentName=ml-image-processing,environmentNamespace=default,environmentUid=8dcaa936-04ed-49cf-8ddf-36cdc234cbfd,executorType=newdeploy,functionName=ml-image-processing,functionNamespace=default,functionUid=d8529cac-3c02-4647-a616-8254b24ce685'
[info] Original replicas=49, selector='environmentName=yolo,environmentNamespace=default,environmentUid=4b5fef2f-7951-477c-a9c0-ef0af047a425,executorType=newdeploy,functionName=ml-object-detection,functionNamespace=default,functionUid=dc6d8a52-8de2-4fbb-beef-7bcaa92aa890'
[ok] Patched Deployment resources
[ok] Patched Deployment resources
[ok] Verified Deployment template resources: requests={'cpu': '300m', 'memory': '50Mi'} limits={'cpu': '530m', 'memory': '50Mi'}
[info] Scaling deployment to 0 replicas to force full pod replacement
[ok] Verified Deployment template resources: requests={'cpu': '1500m', 'memory': '400Mi'} limits={'cpu': '3441m', 'memory': '500Mi'}
[info] Scaling deployment to 0 replicas to force full pod replacement
[ok] All pods terminated (replicas=0)
[info] Scaling deployment back to 49 replicas
[ok] All pods terminated (replicas=0)
[info] Scaling deployment back to 17 replicas
[ok] Rollout completed after scale-to-zero
[verify] newest RS=newdeploy-ml-image-processing-default-a616-8254b24ce685-7b9954fc77 pods=17 ready=17
[ok] Verified newest ReplicaSet template resources match expected
[ok] Rollout completed after scale-to-zero
[verify] newest RS=newdeploy-ml-object-detection-default-beef-7bcaa92aa890-6867dcf9d9 pods=49 ready=49
[ok] Verified newest ReplicaSet template resources match expected
[info] Started Locust with PID 1443939
[info] start sleep for 30s
[info] sleep done
\Start sampling in parallel...
Workflow e2e p99 latency (55 completed in 17.2s, parallel, 8 workers): 9.000s
Average stage latencies:
  - ml-image-processing: 0.148s
  - ml-object-detection: 0.301s
================================================================================
objective      : price
resource_config: [{'cpu_m': 530, 'memory_mi': 50}, {'cpu_m': 3441, 'memory_mi': 500}], latencies: {'ml-image-processing': 0.1480827881114594, 'ml-object-detection': 0.30125336843889716}, price_cost: 9110.519044, energy_cost: 413.395247, latency_p99 : 9.000000
wall_time_s    : 80.482
================================================================================

[info] Locust stopped
Updating function ml-image-processing to cpu: 485m, memory: 69Mi
Updating Deployment resource configuration...

Updating function ml-object-detection to cpu: 3265m, memory: 425Mi
Updating Deployment resource configuration...

[info] Original replicas=17, selector='environmentName=ml-image-processing,environmentNamespace=default,environmentUid=8dcaa936-04ed-49cf-8ddf-36cdc234cbfd,executorType=newdeploy,functionName=ml-image-processing,functionNamespace=default,functionUid=d8529cac-3c02-4647-a616-8254b24ce685'
[info] Original replicas=49, selector='environmentName=yolo,environmentNamespace=default,environmentUid=4b5fef2f-7951-477c-a9c0-ef0af047a425,executorType=newdeploy,functionName=ml-object-detection,functionNamespace=default,functionUid=dc6d8a52-8de2-4fbb-beef-7bcaa92aa890'
[ok] Patched Deployment resources
[ok] Patched Deployment resources
[ok] Verified Deployment template resources: requests={'cpu': '1500m', 'memory': '400Mi'} limits={'cpu': '3265m', 'memory': '425Mi'}
[info] Scaling deployment to 0 replicas to force full pod replacement
[ok] Verified Deployment template resources: requests={'cpu': '300m', 'memory': '50Mi'} limits={'cpu': '485m', 'memory': '69Mi'}
[info] Scaling deployment to 0 replicas to force full pod replacement
[ok] All pods terminated (replicas=0)
[info] Scaling deployment back to 49 replicas
[ok] All pods terminated (replicas=0)
[info] Scaling deployment back to 17 replicas
[ok] Rollout completed after scale-to-zero
[verify] newest RS=newdeploy-ml-object-detection-default-beef-7bcaa92aa890-54dbb57f7 pods=49 ready=49
[ok] Verified newest ReplicaSet template resources match expected
[ok] Rollout completed after scale-to-zero
[verify] newest RS=newdeploy-ml-image-processing-default-a616-8254b24ce685-6b68c6f66c pods=17 ready=17
[ok] Verified newest ReplicaSet template resources match expected
[info] Started Locust with PID 1448089
[info] start sleep for 30s
[info] sleep done
\Start sampling in parallel...
Workflow e2e p99 latency (45 completed in 16.9s, parallel, 8 workers): 9.000s
Average stage latencies:
  - ml-image-processing: 0.162s
  - ml-object-detection: 0.345s
================================================================================
objective      : price
resource_config: [{'cpu_m': 485, 'memory_mi': 69}, {'cpu_m': 3265, 'memory_mi': 425}], latencies: {'ml-image-processing': 0.161725517290716, 'ml-object-detection': 0.3448887414728793}, price_cost: 9866.983978, energy_cost: 404.121052, latency_p99 : 9.000000
wall_time_s    : 80.883
================================================================================

[info] Locust stopped
Updating function ml-image-processing to cpu: 599m, memory: 70Mi
Updating Deployment resource configuration...

Updating function ml-object-detection to cpu: 1891m, memory: 450Mi
Updating Deployment resource configuration...

[info] Original replicas=17, selector='environmentName=ml-image-processing,environmentNamespace=default,environmentUid=8dcaa936-04ed-49cf-8ddf-36cdc234cbfd,executorType=newdeploy,functionName=ml-image-processing,functionNamespace=default,functionUid=d8529cac-3c02-4647-a616-8254b24ce685'
[info] Original replicas=49, selector='environmentName=yolo,environmentNamespace=default,environmentUid=4b5fef2f-7951-477c-a9c0-ef0af047a425,executorType=newdeploy,functionName=ml-object-detection,functionNamespace=default,functionUid=dc6d8a52-8de2-4fbb-beef-7bcaa92aa890'
[ok] Patched Deployment resources
[ok] Patched Deployment resources
[ok] Verified Deployment template resources: requests={'cpu': '300m', 'memory': '50Mi'} limits={'cpu': '599m', 'memory': '70Mi'}
[info] Scaling deployment to 0 replicas to force full pod replacement
[ok] Verified Deployment template resources: requests={'cpu': '1500m', 'memory': '400Mi'} limits={'cpu': '1891m', 'memory': '450Mi'}
[info] Scaling deployment to 0 replicas to force full pod replacement
[ok] All pods terminated (replicas=0)
[info] Scaling deployment back to 17 replicas
[ok] All pods terminated (replicas=0)
[info] Scaling deployment back to 49 replicas
[ok] Rollout completed after scale-to-zero
[verify] newest RS=newdeploy-ml-image-processing-default-a616-8254b24ce685-68fc994b5 pods=17 ready=17
[ok] Verified newest ReplicaSet template resources match expected
[ok] Rollout completed after scale-to-zero
[verify] newest RS=newdeploy-ml-object-detection-default-beef-7bcaa92aa890-d45cdbb8 pods=49 ready=49
[ok] Verified newest ReplicaSet template resources match expected
[info] Started Locust with PID 1452353
[info] start sleep for 30s
[info] sleep done
\Start sampling in parallel...
Workflow e2e p99 latency (38 completed in 19.5s, parallel, 8 workers): 9.000s
Average stage latencies:
  - ml-image-processing: 0.112s
  - ml-object-detection: 0.696s
================================================================================
objective      : price
resource_config: [{'cpu_m': 599, 'memory_mi': 70}, {'cpu_m': 1891, 'memory_mi': 450}], latencies: {'ml-image-processing': 0.11184925491247198, 'ml-object-detection': 0.6964814483734041}, price_cost: 11552.176093, energy_cost: 332.208432, latency_p99 : 9.000000
wall_time_s    : 84.638
================================================================================

[info] Locust stopped
Updating function ml-image-processing to cpu: 456m, memory: 54Mi
Updating Deployment resource configuration...

Updating function ml-object-detection to cpu: 4762m, memory: 461Mi
Updating Deployment resource configuration...

[info] Original replicas=17, selector='environmentName=ml-image-processing,environmentNamespace=default,environmentUid=8dcaa936-04ed-49cf-8ddf-36cdc234cbfd,executorType=newdeploy,functionName=ml-image-processing,functionNamespace=default,functionUid=d8529cac-3c02-4647-a616-8254b24ce685'
[info] Original replicas=49, selector='environmentName=yolo,environmentNamespace=default,environmentUid=4b5fef2f-7951-477c-a9c0-ef0af047a425,executorType=newdeploy,functionName=ml-object-detection,functionNamespace=default,functionUid=dc6d8a52-8de2-4fbb-beef-7bcaa92aa890'
[ok] Patched Deployment resources
[ok] Patched Deployment resources
[ok] Verified Deployment template resources: requests={'cpu': '300m', 'memory': '50Mi'} limits={'cpu': '456m', 'memory': '54Mi'}
[info] Scaling deployment to 0 replicas to force full pod replacement
[ok] Verified Deployment template resources: requests={'cpu': '1500m', 'memory': '400Mi'} limits={'cpu': '4762m', 'memory': '461Mi'}
[info] Scaling deployment to 0 replicas to force full pod replacement
[ok] All pods terminated (replicas=0)
[info] Scaling deployment back to 49 replicas
[ok] All pods terminated (replicas=0)
[info] Scaling deployment back to 17 replicas
[ok] Deleted HPA newdeploy-ml-object-detection-default-beef-7bcaa92aa890
[ok] Rollout completed after scale-to-zero
[verify] newest RS=newdeploy-ml-image-processing-default-a616-8254b24ce685-7f58bc475c pods=17 ready=17
[ok] Verified newest ReplicaSet template resources match expected
[ok] Rollout completed after scale-to-zero
[verify] newest RS=newdeploy-ml-object-detection-default-beef-7bcaa92aa890-76f9bfdb84 pods=49 ready=49
[ok] Verified newest ReplicaSet template resources match expected
[info] Started Locust with PID 1456614
[info] start sleep for 30s
[info] sleep done
\Start sampling in parallel...
Workflow e2e p99 latency (67 completed in 16.9s, parallel, 8 workers): 1.673s
Average stage latencies:
  - ml-image-processing: 0.193s
  - ml-object-detection: 0.191s
================================================================================
objective      : price
resource_config: [{'cpu_m': 456, 'memory_mi': 54}, {'cpu_m': 4762, 'memory_mi': 461}], latencies: {'ml-image-processing': 0.19302898012240655, 'ml-object-detection': 0.19101170341331344}, price_cost: 8024.781521, energy_cost: 440.674448, latency_p99 : 1.673115
wall_time_s    : 82.690
================================================================================

[info] Locust stopped
Updating function ml-image-processing to cpu: 390m, memory: 69Mi
Updating Deployment resource configuration...

Updating function ml-object-detection to cpu: 5965m, memory: 407Mi
Updating Deployment resource configuration...

[info] Original replicas=49, selector='environmentName=yolo,environmentNamespace=default,environmentUid=4b5fef2f-7951-477c-a9c0-ef0af047a425,executorType=newdeploy,functionName=ml-object-detection,functionNamespace=default,functionUid=dc6d8a52-8de2-4fbb-beef-7bcaa92aa890'
[info] Original replicas=17, selector='environmentName=ml-image-processing,environmentNamespace=default,environmentUid=8dcaa936-04ed-49cf-8ddf-36cdc234cbfd,executorType=newdeploy,functionName=ml-image-processing,functionNamespace=default,functionUid=d8529cac-3c02-4647-a616-8254b24ce685'
[ok] Patched Deployment resources
[ok] Patched Deployment resources
[ok] Verified Deployment template resources: requests={'cpu': '1500m', 'memory': '400Mi'} limits={'cpu': '5965m', 'memory': '407Mi'}
[info] Scaling deployment to 0 replicas to force full pod replacement
[ok] Verified Deployment template resources: requests={'cpu': '300m', 'memory': '50Mi'} limits={'cpu': '390m', 'memory': '69Mi'}
[info] Scaling deployment to 0 replicas to force full pod replacement
[ok] All pods terminated (replicas=0)
[info] Scaling deployment back to 49 replicas
[ok] All pods terminated (replicas=0)
[info] Scaling deployment back to 17 replicas
[ok] Rollout completed after scale-to-zero
[verify] newest RS=newdeploy-ml-image-processing-default-a616-8254b24ce685-6bf856cb9 pods=17 ready=17
[ok] Verified newest ReplicaSet template resources match expected
[ok] Rollout completed after scale-to-zero
[verify] newest RS=newdeploy-ml-object-detection-default-beef-7bcaa92aa890-694bb59667 pods=49 ready=49
[ok] Verified newest ReplicaSet template resources match expected
[info] Started Locust with PID 1460922
[info] start sleep for 30s
[info] sleep done
\Start sampling in parallel...
Workflow e2e p99 latency (60 completed in 17.0s, parallel, 8 workers): 3.545s
Average stage latencies:
  - ml-image-processing: 0.219s
  - ml-object-detection: 0.153s
================================================================================
objective      : price
resource_config: [{'cpu_m': 390, 'memory_mi': 69}, {'cpu_m': 5965, 'memory_mi': 407}], latencies: {'ml-image-processing': 0.21900060668122023, 'ml-object-detection': 0.15317826212849467}, price_cost: 8037.431228, energy_cost: 413.062439, latency_p99 : 3.544741
wall_time_s    : 81.739
================================================================================

[info] Locust stopped
Updating function ml-image-processing to cpu: 528m, memory: 66Mi
Updating Deployment resource configuration...

Updating function ml-object-detection to cpu: 3552m, memory: 410Mi
Updating Deployment resource configuration...

[info] Original replicas=17, selector='environmentName=ml-image-processing,environmentNamespace=default,environmentUid=8dcaa936-04ed-49cf-8ddf-36cdc234cbfd,executorType=newdeploy,functionName=ml-image-processing,functionNamespace=default,functionUid=d8529cac-3c02-4647-a616-8254b24ce685'
[info] Original replicas=49, selector='environmentName=yolo,environmentNamespace=default,environmentUid=4b5fef2f-7951-477c-a9c0-ef0af047a425,executorType=newdeploy,functionName=ml-object-detection,functionNamespace=default,functionUid=dc6d8a52-8de2-4fbb-beef-7bcaa92aa890'
[ok] Patched Deployment resources
[ok] Patched Deployment resources
[ok] Verified Deployment template resources: requests={'cpu': '1500m', 'memory': '400Mi'} limits={'cpu': '3552m', 'memory': '410Mi'}
[info] Scaling deployment to 0 replicas to force full pod replacement
[ok] Verified Deployment template resources: requests={'cpu': '300m', 'memory': '50Mi'} limits={'cpu': '528m', 'memory': '66Mi'}
[info] Scaling deployment to 0 replicas to force full pod replacement
[ok] All pods terminated (replicas=0)
[info] Scaling deployment back to 49 replicas
[ok] All pods terminated (replicas=0)
[info] Scaling deployment back to 17 replicas
[ok] Rollout completed after scale-to-zero
[ok] Rollout completed after scale-to-zero
[verify] newest RS=newdeploy-ml-object-detection-default-beef-7bcaa92aa890-568f8469b8 pods=49 ready=49
[ok] Verified newest ReplicaSet template resources match expected
[verify] newest RS=newdeploy-ml-image-processing-default-a616-8254b24ce685-68cdf9df8c pods=17 ready=17
[ok] Verified newest ReplicaSet template resources match expected
[info] Started Locust with PID 1465189
[info] start sleep for 30s
[info] sleep done
\Start sampling in parallel...
Workflow e2e p99 latency (68 completed in 17.1s, parallel, 8 workers): 1.800s
Average stage latencies:
  - ml-image-processing: 0.153s
  - ml-object-detection: 0.293s
================================================================================
objective      : price
resource_config: [{'cpu_m': 528, 'memory_mi': 66}, {'cpu_m': 3552, 'memory_mi': 410}], latencies: {'ml-image-processing': 0.15326726083945044, 'ml-object-detection': 0.2929336854448432}, price_cost: 9132.824224, energy_cost: 425.474590, latency_p99 : 1.800479
wall_time_s    : 82.864
================================================================================

[info] Locust stopped
Updating function ml-image-processing to cpu: 515m, memory: 68Mi
Updating Deployment resource configuration...

Updating function ml-object-detection to cpu: 5887m, memory: 449Mi
Updating Deployment resource configuration...

[info] Original replicas=17, selector='environmentName=ml-image-processing,environmentNamespace=default,environmentUid=8dcaa936-04ed-49cf-8ddf-36cdc234cbfd,executorType=newdeploy,functionName=ml-image-processing,functionNamespace=default,functionUid=d8529cac-3c02-4647-a616-8254b24ce685'
[info] Original replicas=49, selector='environmentName=yolo,environmentNamespace=default,environmentUid=4b5fef2f-7951-477c-a9c0-ef0af047a425,executorType=newdeploy,functionName=ml-object-detection,functionNamespace=default,functionUid=dc6d8a52-8de2-4fbb-beef-7bcaa92aa890'
[ok] Patched Deployment resources
[ok] Patched Deployment resources
[ok] Verified Deployment template resources: requests={'cpu': '1500m', 'memory': '400Mi'} limits={'cpu': '5887m', 'memory': '449Mi'}
[info] Scaling deployment to 0 replicas to force full pod replacement
[ok] Verified Deployment template resources: requests={'cpu': '300m', 'memory': '50Mi'} limits={'cpu': '515m', 'memory': '68Mi'}
[info] Scaling deployment to 0 replicas to force full pod replacement
[ok] All pods terminated (replicas=0)
[info] Scaling deployment back to 49 replicas
[ok] All pods terminated (replicas=0)
[info] Scaling deployment back to 17 replicas
[ok] Rollout completed after scale-to-zero
[verify] newest RS=newdeploy-ml-image-processing-default-a616-8254b24ce685-84b6b48d6d pods=17 ready=17
[ok] Verified newest ReplicaSet template resources match expected
[ok] Rollout completed after scale-to-zero
[verify] newest RS=newdeploy-ml-object-detection-default-beef-7bcaa92aa890-5b9f46bf98 pods=49 ready=49
[ok] Verified newest ReplicaSet template resources match expected
[info] Started Locust with PID 1469213
[info] start sleep for 30s
[info] sleep done
\Start sampling in parallel...
Workflow e2e p99 latency (70 completed in 17.2s, parallel, 8 workers): 2.171s
Average stage latencies:
  - ml-image-processing: 0.170s
  - ml-object-detection: 0.158s
================================================================================
objective      : price
resource_config: [{'cpu_m': 515, 'memory_mi': 68}, {'cpu_m': 5887, 'memory_mi': 449}], latencies: {'ml-image-processing': 0.16976045109331608, 'ml-object-detection': 0.15836906650635812}, price_cost: 8205.657706, energy_cost: 451.127251, latency_p99 : 2.170945
wall_time_s    : 80.910
================================================================================

[info] Locust stopped
[info] Locust is not running
Starting fresh (no checkpoint at bo_model_price_20260106_143108_resume.pt).
  initial_points = 10
  running_batches = 15
  initial_best_feasible_cost = 8024.781521216394
  initial_best_constraint = -1.327
  initial_best_resource_config = [{'cpu_m': 456, 'memory_mi': 54}, {'cpu_m': 4762, 'memory_mi': 461}]
  time_taken_for_init = 830.44 seconds
/home/cc/miniconda3/envs/faas/lib/python3.10/site-packages/botorch/acquisition/monte_carlo.py:502: NumericsWarning: qNoisyExpectedImprovement has known numerical issues that lead to suboptimal optimization performance. It is strongly recommended to simply replace

	 qNoisyExpectedImprovement 	 --> 	 qLogNoisyExpectedImprovement 

instead, which fixes the issues and has the same API. See https://arxiv.org/abs/2310.20708 for details.
  legacy_ei_numerics_warning(legacy_name=type(self).__name__)
Updating function ml-image-processing to cpu: 404m, memory: 69Mi
Updating Deployment resource configuration...

Updating function ml-object-detection to cpu: 5245m, memory: 512Mi
Updating Deployment resource configuration...

[info] Original replicas=17, selector='environmentName=ml-image-processing,environmentNamespace=default,environmentUid=8dcaa936-04ed-49cf-8ddf-36cdc234cbfd,executorType=newdeploy,functionName=ml-image-processing,functionNamespace=default,functionUid=d8529cac-3c02-4647-a616-8254b24ce685'
[info] Original replicas=49, selector='environmentName=yolo,environmentNamespace=default,environmentUid=4b5fef2f-7951-477c-a9c0-ef0af047a425,executorType=newdeploy,functionName=ml-object-detection,functionNamespace=default,functionUid=dc6d8a52-8de2-4fbb-beef-7bcaa92aa890'
[ok] Patched Deployment resources
[ok] Patched Deployment resources
[ok] Verified Deployment template resources: requests={'cpu': '1500m', 'memory': '400Mi'} limits={'cpu': '5245m', 'memory': '512Mi'}
[info] Scaling deployment to 0 replicas to force full pod replacement
[ok] Verified Deployment template resources: requests={'cpu': '300m', 'memory': '50Mi'} limits={'cpu': '404m', 'memory': '69Mi'}
[info] Scaling deployment to 0 replicas to force full pod replacement
[ok] All pods terminated (replicas=0)
[info] Scaling deployment back to 17 replicas
[ok] All pods terminated (replicas=0)
[info] Scaling deployment back to 49 replicas
[ok] Rollout completed after scale-to-zero
[verify] newest RS=newdeploy-ml-image-processing-default-a616-8254b24ce685-6d444987b5 pods=17 ready=17
[ok] Verified newest ReplicaSet template resources match expected
[ok] Rollout completed after scale-to-zero
[verify] newest RS=newdeploy-ml-object-detection-default-beef-7bcaa92aa890-55c9f7f5b8 pods=49 ready=49
[ok] Verified newest ReplicaSet template resources match expected
[info] Started Locust with PID 1473768
[info] start sleep for 30s
[info] sleep done
\Start sampling in parallel...
Workflow e2e p99 latency (63 completed in 16.6s, parallel, 8 workers): 2.673s
Average stage latencies:
  - ml-image-processing: 0.223s
  - ml-object-detection: 0.165s
================================================================================
objective      : price
resource_config: [{'cpu_m': 404, 'memory_mi': 69}, {'cpu_m': 5245, 'memory_mi': 512}], latencies: {'ml-image-processing': 0.22302207592431278, 'ml-object-detection': 0.16546942329122907}, price_cost: 7676.344654, energy_cost: 428.044794, latency_p99 : 2.672719
wall_time_s    : 80.410
================================================================================

[info] Locust stopped
Updating function ml-image-processing to cpu: 354m, memory: 67Mi
Updating Deployment resource configuration...

Updating function ml-object-detection to cpu: 5531m, memory: 512Mi
Updating Deployment resource configuration...

[info] Original replicas=17, selector='environmentName=ml-image-processing,environmentNamespace=default,environmentUid=8dcaa936-04ed-49cf-8ddf-36cdc234cbfd,executorType=newdeploy,functionName=ml-image-processing,functionNamespace=default,functionUid=d8529cac-3c02-4647-a616-8254b24ce685'
[info] Original replicas=49, selector='environmentName=yolo,environmentNamespace=default,environmentUid=4b5fef2f-7951-477c-a9c0-ef0af047a425,executorType=newdeploy,functionName=ml-object-detection,functionNamespace=default,functionUid=dc6d8a52-8de2-4fbb-beef-7bcaa92aa890'
[ok] Patched Deployment resources
[ok] Patched Deployment resources
[ok] Verified Deployment template resources: requests={'cpu': '1500m', 'memory': '400Mi'} limits={'cpu': '5531m', 'memory': '512Mi'}
[info] Scaling deployment to 0 replicas to force full pod replacement
[ok] Verified Deployment template resources: requests={'cpu': '300m', 'memory': '50Mi'} limits={'cpu': '354m', 'memory': '67Mi'}
[info] Scaling deployment to 0 replicas to force full pod replacement
[ok] All pods terminated (replicas=0)
[info] Scaling deployment back to 49 replicas
[ok] All pods terminated (replicas=0)
[info] Scaling deployment back to 17 replicas
[ok] Rollout completed after scale-to-zero
[verify] newest RS=newdeploy-ml-image-processing-default-a616-8254b24ce685-945b7b4db pods=17 ready=17
[ok] Verified newest ReplicaSet template resources match expected
[ok] Rollout completed after scale-to-zero
[verify] newest RS=newdeploy-ml-object-detection-default-beef-7bcaa92aa890-5c5f8b987b pods=49 ready=49
[ok] Verified newest ReplicaSet template resources match expected
[info] Started Locust with PID 1477654
[info] start sleep for 30s
[info] sleep done
\Start sampling in parallel...
Workflow e2e p99 latency (60 completed in 19.6s, parallel, 8 workers): 3.944s
Average stage latencies:
  - ml-image-processing: 0.252s
  - ml-object-detection: 0.156s
================================================================================
objective      : price
resource_config: [{'cpu_m': 354, 'memory_mi': 67}, {'cpu_m': 5531, 'memory_mi': 512}], latencies: {'ml-image-processing': 0.25212410600700724, 'ml-object-detection': 0.1564648868981749}, price_cost: 7650.362022, energy_cost: 415.351976, latency_p99 : 3.943938
wall_time_s    : 87.317
================================================================================

[info] Locust stopped
Updating function ml-image-processing to cpu: 361m, memory: 58Mi
Updating Deployment resource configuration...

Updating function ml-object-detection to cpu: 5079m, memory: 400Mi
Updating Deployment resource configuration...

[info] Original replicas=17, selector='environmentName=ml-image-processing,environmentNamespace=default,environmentUid=8dcaa936-04ed-49cf-8ddf-36cdc234cbfd,executorType=newdeploy,functionName=ml-image-processing,functionNamespace=default,functionUid=d8529cac-3c02-4647-a616-8254b24ce685'
[info] Original replicas=49, selector='environmentName=yolo,environmentNamespace=default,environmentUid=4b5fef2f-7951-477c-a9c0-ef0af047a425,executorType=newdeploy,functionName=ml-object-detection,functionNamespace=default,functionUid=dc6d8a52-8de2-4fbb-beef-7bcaa92aa890'
[ok] Patched Deployment resources
[ok] Patched Deployment resources
[ok] Verified Deployment template resources: requests={'cpu': '1500m', 'memory': '400Mi'} limits={'cpu': '5079m', 'memory': '400Mi'}
[info] Scaling deployment to 0 replicas to force full pod replacement
[ok] Verified Deployment template resources: requests={'cpu': '300m', 'memory': '50Mi'} limits={'cpu': '361m', 'memory': '58Mi'}
[info] Scaling deployment to 0 replicas to force full pod replacement
[ok] All pods terminated (replicas=0)
[info] Scaling deployment back to 49 replicas
[ok] All pods terminated (replicas=0)
[info] Scaling deployment back to 17 replicas
[ok] Rollout completed after scale-to-zero
[verify] newest RS=newdeploy-ml-image-processing-default-a616-8254b24ce685-58fcc554d4 pods=17 ready=17
[ok] Verified newest ReplicaSet template resources match expected
[ok] Rollout completed after scale-to-zero
[verify] newest RS=newdeploy-ml-object-detection-default-beef-7bcaa92aa890-767db9f848 pods=49 ready=49
[ok] Verified newest ReplicaSet template resources match expected
[info] Started Locust with PID 1481751
[info] start sleep for 30s
[info] sleep done
\Start sampling in parallel...
Workflow e2e p99 latency (58 completed in 18.1s, parallel, 8 workers): 3.959s
Average stage latencies:
  - ml-image-processing: 0.236s
  - ml-object-detection: 0.169s
================================================================================
objective      : price
resource_config: [{'cpu_m': 361, 'memory_mi': 58}, {'cpu_m': 5079, 'memory_mi': 400}], latencies: {'ml-image-processing': 0.23554556915568636, 'ml-object-detection': 0.1686808740447179}, price_cost: 7556.102761, energy_cost: 412.263437, latency_p99 : 3.958943
wall_time_s    : 81.968
================================================================================

[info] Locust stopped
[info] Locust is not running
================================================================================

Batch  1: best_feasible_cost (random, qNEI) = (8024.781521216394, 7676.34465379607), best_constraint =  -0.327 (<=0 feasible), time = 259.11.
Best feasible resource configuration: [{'cpu_m': 404, 'memory_mi': 69}, {'cpu_m': 5245, 'memory_mi': 512}]

================================================================================
/home/cc/miniconda3/envs/faas/lib/python3.10/site-packages/botorch/acquisition/monte_carlo.py:502: NumericsWarning: qNoisyExpectedImprovement has known numerical issues that lead to suboptimal optimization performance. It is strongly recommended to simply replace

	 qNoisyExpectedImprovement 	 --> 	 qLogNoisyExpectedImprovement 

instead, which fixes the issues and has the same API. See https://arxiv.org/abs/2310.20708 for details.
  legacy_ei_numerics_warning(legacy_name=type(self).__name__)
Updating function ml-image-processing to cpu: 800m, memory: 64Mi
Updating Deployment resource configuration...

Updating function ml-object-detection to cpu: 4715m, memory: 422Mi
Updating Deployment resource configuration...

[info] Original replicas=17, selector='environmentName=ml-image-processing,environmentNamespace=default,environmentUid=8dcaa936-04ed-49cf-8ddf-36cdc234cbfd,executorType=newdeploy,functionName=ml-image-processing,functionNamespace=default,functionUid=d8529cac-3c02-4647-a616-8254b24ce685'
[info] Original replicas=49, selector='environmentName=yolo,environmentNamespace=default,environmentUid=4b5fef2f-7951-477c-a9c0-ef0af047a425,executorType=newdeploy,functionName=ml-object-detection,functionNamespace=default,functionUid=dc6d8a52-8de2-4fbb-beef-7bcaa92aa890'
[ok] Patched Deployment resources
[ok] Patched Deployment resources
[ok] Verified Deployment template resources: requests={'cpu': '300m', 'memory': '50Mi'} limits={'cpu': '800m', 'memory': '64Mi'}
[info] Scaling deployment to 0 replicas to force full pod replacement
[ok] Verified Deployment template resources: requests={'cpu': '1500m', 'memory': '400Mi'} limits={'cpu': '4715m', 'memory': '422Mi'}
[info] Scaling deployment to 0 replicas to force full pod replacement
[ok] All pods terminated (replicas=0)
[info] Scaling deployment back to 49 replicas
[ok] All pods terminated (replicas=0)
[info] Scaling deployment back to 17 replicas
[ok] Rollout completed after scale-to-zero
[verify] newest RS=newdeploy-ml-image-processing-default-a616-8254b24ce685-b5df65bb9 pods=17 ready=17
[ok] Verified newest ReplicaSet template resources match expected
[ok] Rollout completed after scale-to-zero
[verify] newest RS=newdeploy-ml-object-detection-default-beef-7bcaa92aa890-67f7d7c7cb pods=49 ready=49
[ok] Verified newest ReplicaSet template resources match expected
[info] Started Locust with PID 1486297
[info] start sleep for 30s
[info] sleep done
\Start sampling in parallel...
Workflow e2e p99 latency (71 completed in 16.7s, parallel, 8 workers): 1.635s
Average stage latencies:
  - ml-image-processing: 0.112s
  - ml-object-detection: 0.221s
================================================================================
objective      : price
resource_config: [{'cpu_m': 800, 'memory_mi': 64}, {'cpu_m': 4715, 'memory_mi': 422}], latencies: {'ml-image-processing': 0.11161268127321357, 'ml-object-detection': 0.22127125738188624}, price_cost: 9164.377017, energy_cost: 472.390650, latency_p99 : 1.634920
wall_time_s    : 81.726
================================================================================

[info] Locust stopped
Updating function ml-image-processing to cpu: 800m, memory: 69Mi
Updating Deployment resource configuration...

Updating function ml-object-detection to cpu: 4090m, memory: 512Mi
Updating Deployment resource configuration...

[info] Original replicas=49, selector='environmentName=yolo,environmentNamespace=default,environmentUid=4b5fef2f-7951-477c-a9c0-ef0af047a425,executorType=newdeploy,functionName=ml-object-detection,functionNamespace=default,functionUid=dc6d8a52-8de2-4fbb-beef-7bcaa92aa890'
[info] Original replicas=17, selector='environmentName=ml-image-processing,environmentNamespace=default,environmentUid=8dcaa936-04ed-49cf-8ddf-36cdc234cbfd,executorType=newdeploy,functionName=ml-image-processing,functionNamespace=default,functionUid=d8529cac-3c02-4647-a616-8254b24ce685'
[ok] Patched Deployment resources
[ok] Patched Deployment resources
[ok] Verified Deployment template resources: requests={'cpu': '1500m', 'memory': '400Mi'} limits={'cpu': '4090m', 'memory': '512Mi'}
[info] Scaling deployment to 0 replicas to force full pod replacement
[ok] Verified Deployment template resources: requests={'cpu': '300m', 'memory': '50Mi'} limits={'cpu': '800m', 'memory': '69Mi'}
[info] Scaling deployment to 0 replicas to force full pod replacement
[ok] All pods terminated (replicas=0)
[info] Scaling deployment back to 17 replicas
[ok] All pods terminated (replicas=0)
[info] Scaling deployment back to 49 replicas
[ok] Rollout completed after scale-to-zero
[verify] newest RS=newdeploy-ml-image-processing-default-a616-8254b24ce685-69f47cdd69 pods=17 ready=17
[ok] Verified newest ReplicaSet template resources match expected
[ok] Rollout completed after scale-to-zero
[verify] newest RS=newdeploy-ml-object-detection-default-beef-7bcaa92aa890-7b48f59748 pods=49 ready=49
[ok] Verified newest ReplicaSet template resources match expected
[info] Started Locust with PID 1490390
[info] start sleep for 30s
[info] sleep done
\Start sampling in parallel...
Workflow e2e p99 latency (64 completed in 16.4s, parallel, 8 workers): 9.000s
Average stage latencies:
  - ml-image-processing: 0.109s
  - ml-object-detection: 0.253s
================================================================================
objective      : price
resource_config: [{'cpu_m': 800, 'memory_mi': 69}, {'cpu_m': 4090, 'memory_mi': 512}], latencies: {'ml-image-processing': 0.10884796110321841, 'ml-object-detection': 0.25337495986697456}, price_cost: 9120.600481, energy_cost: 448.903293, latency_p99 : 9.000000
wall_time_s    : 84.067
================================================================================

[info] Locust stopped
Updating function ml-image-processing to cpu: 300m, memory: 59Mi
Updating Deployment resource configuration...

Updating function ml-object-detection to cpu: 5212m, memory: 453Mi
Updating Deployment resource configuration...

[info] Original replicas=17, selector='environmentName=ml-image-processing,environmentNamespace=default,environmentUid=8dcaa936-04ed-49cf-8ddf-36cdc234cbfd,executorType=newdeploy,functionName=ml-image-processing,functionNamespace=default,functionUid=d8529cac-3c02-4647-a616-8254b24ce685'
[info] Original replicas=49, selector='environmentName=yolo,environmentNamespace=default,environmentUid=4b5fef2f-7951-477c-a9c0-ef0af047a425,executorType=newdeploy,functionName=ml-object-detection,functionNamespace=default,functionUid=dc6d8a52-8de2-4fbb-beef-7bcaa92aa890'
[ok] Patched Deployment resources
[ok] Patched Deployment resources
[ok] Verified Deployment template resources: requests={'cpu': '1500m', 'memory': '400Mi'} limits={'cpu': '5212m', 'memory': '453Mi'}
[info] Scaling deployment to 0 replicas to force full pod replacement
[ok] Verified Deployment template resources: requests={'cpu': '300m', 'memory': '50Mi'} limits={'cpu': '300m', 'memory': '59Mi'}
[info] Scaling deployment to 0 replicas to force full pod replacement
[ok] All pods terminated (replicas=0)
[info] Scaling deployment back to 17 replicas
[ok] All pods terminated (replicas=0)
[info] Scaling deployment back to 49 replicas
[ok] Rollout completed after scale-to-zero
[verify] newest RS=newdeploy-ml-image-processing-default-a616-8254b24ce685-8c46d9c9b pods=17 ready=17
[ok] Verified newest ReplicaSet template resources match expected
[ok] Rollout completed after scale-to-zero
[verify] newest RS=newdeploy-ml-object-detection-default-beef-7bcaa92aa890-7f6986d96 pods=49 ready=49
[ok] Verified newest ReplicaSet template resources match expected
[info] Started Locust with PID 1494659
[info] start sleep for 30s
[info] sleep done
\Start sampling in parallel...
Workflow e2e p99 latency (51 completed in 16.7s, parallel, 8 workers): 4.104s
Average stage latencies:
  - ml-image-processing: 0.290s
  - ml-object-detection: 0.155s
================================================================================
objective      : price
resource_config: [{'cpu_m': 300, 'memory_mi': 59}, {'cpu_m': 5212, 'memory_mi': 453}], latencies: {'ml-image-processing': 0.28982750542790575, 'ml-object-detection': 0.15461627364742989}, price_cost: 7132.779570, energy_cost: 388.247559, latency_p99 : 4.104052
wall_time_s    : 80.401
================================================================================

[info] Locust stopped
[info] Locust is not running
================================================================================

Batch  2: best_feasible_cost (random, qNEI) = (8024.781521216394, 7676.34465379607), best_constraint =  -0.327 (<=0 feasible), time = 253.72.
Best feasible resource configuration: [{'cpu_m': 404, 'memory_mi': 69}, {'cpu_m': 5245, 'memory_mi': 512}]

================================================================================
/home/cc/miniconda3/envs/faas/lib/python3.10/site-packages/botorch/acquisition/monte_carlo.py:502: NumericsWarning: qNoisyExpectedImprovement has known numerical issues that lead to suboptimal optimization performance. It is strongly recommended to simply replace

	 qNoisyExpectedImprovement 	 --> 	 qLogNoisyExpectedImprovement 

instead, which fixes the issues and has the same API. See https://arxiv.org/abs/2310.20708 for details.
  legacy_ei_numerics_warning(legacy_name=type(self).__name__)
Updating function ml-image-processing to cpu: 300m, memory: 54Mi
Updating Deployment resource configuration...

Updating function ml-object-detection to cpu: 5402m, memory: 492Mi
Updating Deployment resource configuration...

[info] Original replicas=17, selector='environmentName=ml-image-processing,environmentNamespace=default,environmentUid=8dcaa936-04ed-49cf-8ddf-36cdc234cbfd,executorType=newdeploy,functionName=ml-image-processing,functionNamespace=default,functionUid=d8529cac-3c02-4647-a616-8254b24ce685'
[info] Original replicas=49, selector='environmentName=yolo,environmentNamespace=default,environmentUid=4b5fef2f-7951-477c-a9c0-ef0af047a425,executorType=newdeploy,functionName=ml-object-detection,functionNamespace=default,functionUid=dc6d8a52-8de2-4fbb-beef-7bcaa92aa890'
[ok] Patched Deployment resources
[ok] Patched Deployment resources
[ok] Verified Deployment template resources: requests={'cpu': '1500m', 'memory': '400Mi'} limits={'cpu': '5402m', 'memory': '492Mi'}
[info] Scaling deployment to 0 replicas to force full pod replacement
[ok] Verified Deployment template resources: requests={'cpu': '300m', 'memory': '50Mi'} limits={'cpu': '300m', 'memory': '54Mi'}
[info] Scaling deployment to 0 replicas to force full pod replacement
[ok] All pods terminated (replicas=0)
[info] Scaling deployment back to 49 replicas
[ok] All pods terminated (replicas=0)
[info] Scaling deployment back to 17 replicas
[ok] Rollout completed after scale-to-zero
[verify] newest RS=newdeploy-ml-image-processing-default-a616-8254b24ce685-c7699667c pods=17 ready=17
[ok] Verified newest ReplicaSet template resources match expected
[ok] Rollout completed after scale-to-zero
[verify] newest RS=newdeploy-ml-object-detection-default-beef-7bcaa92aa890-5d9984f68c pods=49 ready=49
[ok] Verified newest ReplicaSet template resources match expected
[info] Started Locust with PID 1498890
[info] start sleep for 30s
[info] sleep done
\Start sampling in parallel...
Workflow e2e p99 latency (51 completed in 19.3s, parallel, 8 workers): 4.099s
Average stage latencies:
  - ml-image-processing: 0.282s
  - ml-object-detection: 0.148s
================================================================================
objective      : price
resource_config: [{'cpu_m': 300, 'memory_mi': 54}, {'cpu_m': 5402, 'memory_mi': 492}], latencies: {'ml-image-processing': 0.2824199860824235, 'ml-object-detection': 0.1476630077642553}, price_cost: 7058.050136, energy_cost: 387.238346, latency_p99 : 4.098829
wall_time_s    : 85.182
================================================================================

[info] Locust stopped
Updating function ml-image-processing to cpu: 707m, memory: 65Mi
Updating Deployment resource configuration...

Updating function ml-object-detection to cpu: 5999m, memory: 462Mi
Updating Deployment resource configuration...

[info] Original replicas=17, selector='environmentName=ml-image-processing,environmentNamespace=default,environmentUid=8dcaa936-04ed-49cf-8ddf-36cdc234cbfd,executorType=newdeploy,functionName=ml-image-processing,functionNamespace=default,functionUid=d8529cac-3c02-4647-a616-8254b24ce685'
[info] Original replicas=49, selector='environmentName=yolo,environmentNamespace=default,environmentUid=4b5fef2f-7951-477c-a9c0-ef0af047a425,executorType=newdeploy,functionName=ml-object-detection,functionNamespace=default,functionUid=dc6d8a52-8de2-4fbb-beef-7bcaa92aa890'
[ok] Patched Deployment resources
[ok] Patched Deployment resources
[ok] Verified Deployment template resources: requests={'cpu': '300m', 'memory': '50Mi'} limits={'cpu': '707m', 'memory': '65Mi'}
[info] Scaling deployment to 0 replicas to force full pod replacement
[ok] Verified Deployment template resources: requests={'cpu': '1500m', 'memory': '400Mi'} limits={'cpu': '5999m', 'memory': '462Mi'}
[info] Scaling deployment to 0 replicas to force full pod replacement
[ok] All pods terminated (replicas=0)
[info] Scaling deployment back to 49 replicas
[ok] All pods terminated (replicas=0)
[info] Scaling deployment back to 17 replicas
[ok] Rollout completed after scale-to-zero
[verify] newest RS=newdeploy-ml-image-processing-default-a616-8254b24ce685-6b5bc55c7f pods=17 ready=17
[ok] Verified newest ReplicaSet template resources match expected
[ok] Rollout completed after scale-to-zero
[verify] newest RS=newdeploy-ml-object-detection-default-beef-7bcaa92aa890-645fff9dc9 pods=49 ready=49
[ok] Verified newest ReplicaSet template resources match expected
[info] Started Locust with PID 1503341
[info] start sleep for 30s
[info] sleep done
\Start sampling in parallel...
Workflow e2e p99 latency (72 completed in 16.5s, parallel, 8 workers): 1.671s
Average stage latencies:
  - ml-image-processing: 0.121s
  - ml-object-detection: 0.170s
================================================================================
objective      : price
resource_config: [{'cpu_m': 707, 'memory_mi': 65}, {'cpu_m': 5999, 'memory_mi': 462}], latencies: {'ml-image-processing': 0.12056933646090329, 'ml-object-detection': 0.1704071476512278}, price_cost: 8965.590202, energy_cost: 467.689190, latency_p99 : 1.670739
wall_time_s    : 79.392
================================================================================

[info] Locust stopped
Updating function ml-image-processing to cpu: 300m, memory: 63Mi
Updating Deployment resource configuration...

Updating function ml-object-detection to cpu: 5228m, memory: 411Mi
Updating Deployment resource configuration...

[info] Original replicas=17, selector='environmentName=ml-image-processing,environmentNamespace=default,environmentUid=8dcaa936-04ed-49cf-8ddf-36cdc234cbfd,executorType=newdeploy,functionName=ml-image-processing,functionNamespace=default,functionUid=d8529cac-3c02-4647-a616-8254b24ce685'
[info] Original replicas=49, selector='environmentName=yolo,environmentNamespace=default,environmentUid=4b5fef2f-7951-477c-a9c0-ef0af047a425,executorType=newdeploy,functionName=ml-object-detection,functionNamespace=default,functionUid=dc6d8a52-8de2-4fbb-beef-7bcaa92aa890'
[ok] Patched Deployment resources
[ok] Patched Deployment resources
[ok] Verified Deployment template resources: requests={'cpu': '300m', 'memory': '50Mi'} limits={'cpu': '300m', 'memory': '63Mi'}
[info] Scaling deployment to 0 replicas to force full pod replacement
[ok] Verified Deployment template resources: requests={'cpu': '1500m', 'memory': '400Mi'} limits={'cpu': '5228m', 'memory': '411Mi'}
[info] Scaling deployment to 0 replicas to force full pod replacement
[ok] All pods terminated (replicas=0)
[info] Scaling deployment back to 17 replicas
[ok] All pods terminated (replicas=0)
[info] Scaling deployment back to 49 replicas
[ok] Rollout completed after scale-to-zero
[verify] newest RS=newdeploy-ml-image-processing-default-a616-8254b24ce685-5c946b6d74 pods=17 ready=17
[ok] Verified newest ReplicaSet template resources match expected
[ok] Rollout completed after scale-to-zero
[verify] newest RS=newdeploy-ml-object-detection-default-beef-7bcaa92aa890-594685654c pods=49 ready=49
[ok] Verified newest ReplicaSet template resources match expected
[info] Started Locust with PID 1507355
[info] start sleep for 30s
[info] sleep done
\Start sampling in parallel...
Workflow e2e p99 latency (54 completed in 18.9s, parallel, 8 workers): 3.156s
Average stage latencies:
  - ml-image-processing: 0.281s
  - ml-object-detection: 0.167s
================================================================================
objective      : price
resource_config: [{'cpu_m': 300, 'memory_mi': 63}, {'cpu_m': 5228, 'memory_mi': 411}], latencies: {'ml-image-processing': 0.2813644696165014, 'ml-object-detection': 0.16655964074932314}, price_cost: 7674.762327, energy_cost: 386.753040, latency_p99 : 3.155722
wall_time_s    : 84.789
================================================================================

[info] Locust stopped
[info] Locust is not running
================================================================================

Batch  3: best_feasible_cost (random, qNEI) = (8024.781521216394, 7676.34465379607), best_constraint =  -0.327 (<=0 feasible), time = 259.02.
Best feasible resource configuration: [{'cpu_m': 404, 'memory_mi': 69}, {'cpu_m': 5245, 'memory_mi': 512}]

================================================================================
/home/cc/miniconda3/envs/faas/lib/python3.10/site-packages/botorch/acquisition/monte_carlo.py:502: NumericsWarning: qNoisyExpectedImprovement has known numerical issues that lead to suboptimal optimization performance. It is strongly recommended to simply replace

	 qNoisyExpectedImprovement 	 --> 	 qLogNoisyExpectedImprovement 

instead, which fixes the issues and has the same API. See https://arxiv.org/abs/2310.20708 for details.
  legacy_ei_numerics_warning(legacy_name=type(self).__name__)
Updating function ml-image-processing to cpu: 342m, memory: 55Mi
Updating Deployment resource configuration...

Updating function ml-object-detection to cpu: 5082m, memory: 501Mi
Updating Deployment resource configuration...

[info] Original replicas=17, selector='environmentName=ml-image-processing,environmentNamespace=default,environmentUid=8dcaa936-04ed-49cf-8ddf-36cdc234cbfd,executorType=newdeploy,functionName=ml-image-processing,functionNamespace=default,functionUid=d8529cac-3c02-4647-a616-8254b24ce685'
[info] Original replicas=49, selector='environmentName=yolo,environmentNamespace=default,environmentUid=4b5fef2f-7951-477c-a9c0-ef0af047a425,executorType=newdeploy,functionName=ml-object-detection,functionNamespace=default,functionUid=dc6d8a52-8de2-4fbb-beef-7bcaa92aa890'
[ok] Patched Deployment resources
[ok] Patched Deployment resources
[ok] Verified Deployment template resources: requests={'cpu': '300m', 'memory': '50Mi'} limits={'cpu': '342m', 'memory': '55Mi'}
[info] Scaling deployment to 0 replicas to force full pod replacement
[ok] Verified Deployment template resources: requests={'cpu': '1500m', 'memory': '400Mi'} limits={'cpu': '5082m', 'memory': '501Mi'}
[info] Scaling deployment to 0 replicas to force full pod replacement
[ok] All pods terminated (replicas=0)
[info] Scaling deployment back to 17 replicas
[ok] All pods terminated (replicas=0)
[info] Scaling deployment back to 49 replicas
[ok] Rollout completed after scale-to-zero
[verify] newest RS=newdeploy-ml-image-processing-default-a616-8254b24ce685-77b48745f5 pods=17 ready=17
[ok] Verified newest ReplicaSet template resources match expected
[ok] Rollout completed after scale-to-zero
[verify] newest RS=newdeploy-ml-object-detection-default-beef-7bcaa92aa890-67b9667d89 pods=49 ready=49
[ok] Verified newest ReplicaSet template resources match expected
[info] Started Locust with PID 1511540
[info] start sleep for 30s
[info] sleep done
\Start sampling in parallel...
Workflow e2e p99 latency (58 completed in 17.1s, parallel, 8 workers): 4.632s
Average stage latencies:
  - ml-image-processing: 0.245s
  - ml-object-detection: 0.169s
================================================================================
objective      : price
resource_config: [{'cpu_m': 342, 'memory_mi': 55}, {'cpu_m': 5082, 'memory_mi': 501}], latencies: {'ml-image-processing': 0.24531444289785778, 'ml-object-detection': 0.16904461351705008}, price_cost: 7583.068601, energy_cost: 407.680191, latency_p99 : 4.632420
wall_time_s    : 82.152
================================================================================

[info] Locust stopped
Updating function ml-image-processing to cpu: 387m, memory: 66Mi
Updating Deployment resource configuration...

Updating function ml-object-detection to cpu: 2353m, memory: 490Mi
Updating Deployment resource configuration...

[info] Original replicas=49, selector='environmentName=yolo,environmentNamespace=default,environmentUid=4b5fef2f-7951-477c-a9c0-ef0af047a425,executorType=newdeploy,functionName=ml-object-detection,functionNamespace=default,functionUid=dc6d8a52-8de2-4fbb-beef-7bcaa92aa890'
[info] Original replicas=17, selector='environmentName=ml-image-processing,environmentNamespace=default,environmentUid=8dcaa936-04ed-49cf-8ddf-36cdc234cbfd,executorType=newdeploy,functionName=ml-image-processing,functionNamespace=default,functionUid=d8529cac-3c02-4647-a616-8254b24ce685'
[ok] Patched Deployment resources
[ok] Patched Deployment resources
[ok] Verified Deployment template resources: requests={'cpu': '300m', 'memory': '50Mi'} limits={'cpu': '387m', 'memory': '66Mi'}
[info] Scaling deployment to 0 replicas to force full pod replacement
[ok] Verified Deployment template resources: requests={'cpu': '1500m', 'memory': '400Mi'} limits={'cpu': '2353m', 'memory': '490Mi'}
[info] Scaling deployment to 0 replicas to force full pod replacement
[ok] All pods terminated (replicas=0)
[info] Scaling deployment back to 17 replicas
[ok] All pods terminated (replicas=0)
[info] Scaling deployment back to 49 replicas
[ok] Rollout completed after scale-to-zero
[verify] newest RS=newdeploy-ml-image-processing-default-a616-8254b24ce685-6b4fb67577 pods=17 ready=17
[ok] Verified newest ReplicaSet template resources match expected
[ok] Rollout completed after scale-to-zero
[verify] newest RS=newdeploy-ml-object-detection-default-beef-7bcaa92aa890-d97d9f9ff pods=49 ready=49
[ok] Verified newest ReplicaSet template resources match expected
[info] Started Locust with PID 1515564
[info] start sleep for 30s
[info] sleep done
\Start sampling in parallel...
Workflow e2e p99 latency (43 completed in 20.2s, parallel, 8 workers): 9.000s
Average stage latencies:
  - ml-image-processing: 0.189s
  - ml-object-detection: 0.457s
================================================================================
objective      : price
resource_config: [{'cpu_m': 387, 'memory_mi': 66}, {'cpu_m': 2353, 'memory_mi': 490}], latencies: {'ml-image-processing': 0.1888114920325784, 'ml-object-detection': 0.4568043049010966}, price_cost: 9464.002247, energy_cost: 355.231457, latency_p99 : 9.000000
wall_time_s    : 86.399
================================================================================

[info] Locust stopped
Updating function ml-image-processing to cpu: 503m, memory: 65Mi
Updating Deployment resource configuration...

Updating function ml-object-detection to cpu: 4956m, memory: 506Mi
Updating Deployment resource configuration...

[info] Original replicas=17, selector='environmentName=ml-image-processing,environmentNamespace=default,environmentUid=8dcaa936-04ed-49cf-8ddf-36cdc234cbfd,executorType=newdeploy,functionName=ml-image-processing,functionNamespace=default,functionUid=d8529cac-3c02-4647-a616-8254b24ce685'
[info] Original replicas=49, selector='environmentName=yolo,environmentNamespace=default,environmentUid=4b5fef2f-7951-477c-a9c0-ef0af047a425,executorType=newdeploy,functionName=ml-object-detection,functionNamespace=default,functionUid=dc6d8a52-8de2-4fbb-beef-7bcaa92aa890'
[ok] Patched Deployment resources
[ok] Patched Deployment resources
[ok] Verified Deployment template resources: requests={'cpu': '1500m', 'memory': '400Mi'} limits={'cpu': '4956m', 'memory': '506Mi'}
[info] Scaling deployment to 0 replicas to force full pod replacement
[ok] Verified Deployment template resources: requests={'cpu': '300m', 'memory': '50Mi'} limits={'cpu': '503m', 'memory': '65Mi'}
[info] Scaling deployment to 0 replicas to force full pod replacement
[ok] All pods terminated (replicas=0)
[info] Scaling deployment back to 17 replicas
[ok] All pods terminated (replicas=0)
[info] Scaling deployment back to 49 replicas
[ok] Deleted HPA newdeploy-ml-object-detection-default-beef-7bcaa92aa890
[ok] Rollout completed after scale-to-zero
[verify] newest RS=newdeploy-ml-image-processing-default-a616-8254b24ce685-5bb9f47479 pods=17 ready=17
[ok] Verified newest ReplicaSet template resources match expected
[ok] Rollout completed after scale-to-zero
[verify] newest RS=newdeploy-ml-object-detection-default-beef-7bcaa92aa890-db446575d pods=49 ready=49
[ok] Verified newest ReplicaSet template resources match expected
[info] Started Locust with PID 1519481
[info] start sleep for 30s
[info] sleep done
\Start sampling in parallel...
Workflow e2e p99 latency (67 completed in 16.6s, parallel, 8 workers): 1.891s
Average stage latencies:
  - ml-image-processing: 0.163s
  - ml-object-detection: 0.206s
================================================================================
objective      : price
resource_config: [{'cpu_m': 503, 'memory_mi': 65}, {'cpu_m': 4956, 'memory_mi': 506}], latencies: {'ml-image-processing': 0.16323137857409112, 'ml-object-detection': 0.2064776086846172}, price_cost: 8981.198957, energy_cost: 450.118489, latency_p99 : 1.891046
wall_time_s    : 83.060
================================================================================

[info] Locust stopped
[info] Locust is not running
================================================================================

Batch  4: best_feasible_cost (random, qNEI) = (8024.781521216394, 7676.34465379607), best_constraint =  -0.327 (<=0 feasible), time = 257.55.
Best feasible resource configuration: [{'cpu_m': 404, 'memory_mi': 69}, {'cpu_m': 5245, 'memory_mi': 512}]

================================================================================
/home/cc/miniconda3/envs/faas/lib/python3.10/site-packages/botorch/acquisition/monte_carlo.py:502: NumericsWarning: qNoisyExpectedImprovement has known numerical issues that lead to suboptimal optimization performance. It is strongly recommended to simply replace

	 qNoisyExpectedImprovement 	 --> 	 qLogNoisyExpectedImprovement 

instead, which fixes the issues and has the same API. See https://arxiv.org/abs/2310.20708 for details.
  legacy_ei_numerics_warning(legacy_name=type(self).__name__)
Updating function ml-image-processing to cpu: 300m, memory: 53Mi
Updating Deployment resource configuration...

Updating function ml-object-detection to cpu: 5484m, memory: 456Mi
Updating Deployment resource configuration...

[info] Original replicas=17, selector='environmentName=ml-image-processing,environmentNamespace=default,environmentUid=8dcaa936-04ed-49cf-8ddf-36cdc234cbfd,executorType=newdeploy,functionName=ml-image-processing,functionNamespace=default,functionUid=d8529cac-3c02-4647-a616-8254b24ce685'
[info] Original replicas=49, selector='environmentName=yolo,environmentNamespace=default,environmentUid=4b5fef2f-7951-477c-a9c0-ef0af047a425,executorType=newdeploy,functionName=ml-object-detection,functionNamespace=default,functionUid=dc6d8a52-8de2-4fbb-beef-7bcaa92aa890'
[ok] Patched Deployment resources
[ok] Patched Deployment resources
[ok] Verified Deployment template resources: requests={'cpu': '1500m', 'memory': '400Mi'} limits={'cpu': '5484m', 'memory': '456Mi'}
[info] Scaling deployment to 0 replicas to force full pod replacement
[ok] Verified Deployment template resources: requests={'cpu': '300m', 'memory': '50Mi'} limits={'cpu': '300m', 'memory': '53Mi'}
[info] Scaling deployment to 0 replicas to force full pod replacement
[ok] All pods terminated (replicas=0)
[info] Scaling deployment back to 49 replicas
[ok] All pods terminated (replicas=0)
[info] Scaling deployment back to 17 replicas
[ok] Rollout completed after scale-to-zero
[verify] newest RS=newdeploy-ml-image-processing-default-a616-8254b24ce685-7655cf4d7b pods=17 ready=17
[ok] Verified newest ReplicaSet template resources match expected
[ok] Rollout completed after scale-to-zero
[verify] newest RS=newdeploy-ml-object-detection-default-beef-7bcaa92aa890-6668599b7c pods=49 ready=49
[ok] Verified newest ReplicaSet template resources match expected
[info] Started Locust with PID 1523635
[info] start sleep for 30s
[info] sleep done
\Start sampling in parallel...
Workflow e2e p99 latency (51 completed in 17.9s, parallel, 8 workers): 4.923s
Average stage latencies:
  - ml-image-processing: 0.285s
  - ml-object-detection: 0.146s
================================================================================
objective      : price
resource_config: [{'cpu_m': 300, 'memory_mi': 53}, {'cpu_m': 5484, 'memory_mi': 456}], latencies: {'ml-image-processing': 0.2852959472174738, 'ml-object-detection': 0.14569441281149492}, price_cost: 7067.942351, energy_cost: 385.213035, latency_p99 : 4.923265
wall_time_s    : 84.810
================================================================================

[info] Locust stopped
Updating function ml-image-processing to cpu: 328m, memory: 54Mi
Updating Deployment resource configuration...

Updating function ml-object-detection to cpu: 5209m, memory: 450Mi
Updating Deployment resource configuration...

[info] Original replicas=17, selector='environmentName=ml-image-processing,environmentNamespace=default,environmentUid=8dcaa936-04ed-49cf-8ddf-36cdc234cbfd,executorType=newdeploy,functionName=ml-image-processing,functionNamespace=default,functionUid=d8529cac-3c02-4647-a616-8254b24ce685'
[info] Original replicas=49, selector='environmentName=yolo,environmentNamespace=default,environmentUid=4b5fef2f-7951-477c-a9c0-ef0af047a425,executorType=newdeploy,functionName=ml-object-detection,functionNamespace=default,functionUid=dc6d8a52-8de2-4fbb-beef-7bcaa92aa890'
[ok] Patched Deployment resources
[ok] Patched Deployment resources
[ok] Verified Deployment template resources: requests={'cpu': '1500m', 'memory': '400Mi'} limits={'cpu': '5209m', 'memory': '450Mi'}
[info] Scaling deployment to 0 replicas to force full pod replacement
[ok] Verified Deployment template resources: requests={'cpu': '300m', 'memory': '50Mi'} limits={'cpu': '328m', 'memory': '54Mi'}
[info] Scaling deployment to 0 replicas to force full pod replacement
[ok] All pods terminated (replicas=0)
[info] Scaling deployment back to 49 replicas
[ok] All pods terminated (replicas=0)
[info] Scaling deployment back to 17 replicas
[ok] Rollout completed after scale-to-zero
[verify] newest RS=newdeploy-ml-image-processing-default-a616-8254b24ce685-854998f977 pods=17 ready=17
[ok] Verified newest ReplicaSet template resources match expected
[ok] Rollout completed after scale-to-zero
[verify] newest RS=newdeploy-ml-object-detection-default-beef-7bcaa92aa890-59f9755968 pods=49 ready=49
[ok] Verified newest ReplicaSet template resources match expected
[info] Started Locust with PID 1527752
[info] start sleep for 30s
[info] sleep done
\Start sampling in parallel...
Workflow e2e p99 latency (54 completed in 17.5s, parallel, 8 workers): 4.019s
Average stage latencies:
  - ml-image-processing: 0.275s
  - ml-object-detection: 0.160s
================================================================================
objective      : price
resource_config: [{'cpu_m': 328, 'memory_mi': 54}, {'cpu_m': 5209, 'memory_mi': 450}], latencies: {'ml-image-processing': 0.2754847777283026, 'ml-object-detection': 0.15971512610472186}, price_cost: 7364.665377, energy_cost: 408.581718, latency_p99 : 4.019025
wall_time_s    : 83.404
================================================================================

[info] Locust stopped
Updating function ml-image-processing to cpu: 372m, memory: 62Mi
Updating Deployment resource configuration...

Updating function ml-object-detection to cpu: 2791m, memory: 486Mi
Updating Deployment resource configuration...

[info] Original replicas=17, selector='environmentName=ml-image-processing,environmentNamespace=default,environmentUid=8dcaa936-04ed-49cf-8ddf-36cdc234cbfd,executorType=newdeploy,functionName=ml-image-processing,functionNamespace=default,functionUid=d8529cac-3c02-4647-a616-8254b24ce685'
[info] Original replicas=49, selector='environmentName=yolo,environmentNamespace=default,environmentUid=4b5fef2f-7951-477c-a9c0-ef0af047a425,executorType=newdeploy,functionName=ml-object-detection,functionNamespace=default,functionUid=dc6d8a52-8de2-4fbb-beef-7bcaa92aa890'
[ok] Patched Deployment resources
[ok] Patched Deployment resources
[ok] Verified Deployment template resources: requests={'cpu': '300m', 'memory': '50Mi'} limits={'cpu': '372m', 'memory': '62Mi'}
[info] Scaling deployment to 0 replicas to force full pod replacement
[ok] Verified Deployment template resources: requests={'cpu': '1500m', 'memory': '400Mi'} limits={'cpu': '2791m', 'memory': '486Mi'}
[info] Scaling deployment to 0 replicas to force full pod replacement
[ok] All pods terminated (replicas=0)
[info] Scaling deployment back to 49 replicas
[ok] All pods terminated (replicas=0)
[info] Scaling deployment back to 17 replicas
[ok] Rollout completed after scale-to-zero
[verify] newest RS=newdeploy-ml-image-processing-default-a616-8254b24ce685-689c4647bd pods=17 ready=17
[ok] Verified newest ReplicaSet template resources match expected
[ok] Rollout completed after scale-to-zero
[verify] newest RS=newdeploy-ml-object-detection-default-beef-7bcaa92aa890-67594c58d8 pods=49 ready=49
[ok] Verified newest ReplicaSet template resources match expected
[info] Started Locust with PID 1531878
[info] start sleep for 30s
[info] sleep done
\Start sampling in parallel...
Workflow e2e p99 latency (46 completed in 19.7s, parallel, 8 workers): 9.000s
Average stage latencies:
  - ml-image-processing: 0.216s
  - ml-object-detection: 0.388s
================================================================================
objective      : price
resource_config: [{'cpu_m': 372, 'memory_mi': 62}, {'cpu_m': 2791, 'memory_mi': 486}], latencies: {'ml-image-processing': 0.21567504949724445, 'ml-object-detection': 0.3876802484051157}, price_cost: 9524.558063, energy_cost: 371.945662, latency_p99 : 9.000000
wall_time_s    : 85.831
================================================================================

[info] Locust stopped
[info] Locust is not running
================================================================================

Batch  5: best_feasible_cost (random, qNEI) = (8024.781521216394, 7676.34465379607), best_constraint =  -0.327 (<=0 feasible), time = 263.06.
Best feasible resource configuration: [{'cpu_m': 404, 'memory_mi': 69}, {'cpu_m': 5245, 'memory_mi': 512}]

================================================================================
/home/cc/miniconda3/envs/faas/lib/python3.10/site-packages/botorch/acquisition/monte_carlo.py:502: NumericsWarning: qNoisyExpectedImprovement has known numerical issues that lead to suboptimal optimization performance. It is strongly recommended to simply replace

	 qNoisyExpectedImprovement 	 --> 	 qLogNoisyExpectedImprovement 

instead, which fixes the issues and has the same API. See https://arxiv.org/abs/2310.20708 for details.
  legacy_ei_numerics_warning(legacy_name=type(self).__name__)
Updating function ml-image-processing to cpu: 324m, memory: 59Mi
Updating Deployment resource configuration...

Updating function ml-object-detection to cpu: 4980m, memory: 448Mi
Updating Deployment resource configuration...

[info] Original replicas=17, selector='environmentName=ml-image-processing,environmentNamespace=default,environmentUid=8dcaa936-04ed-49cf-8ddf-36cdc234cbfd,executorType=newdeploy,functionName=ml-image-processing,functionNamespace=default,functionUid=d8529cac-3c02-4647-a616-8254b24ce685'
[ok] Patched Deployment resources
[info] Original replicas=49, selector='environmentName=yolo,environmentNamespace=default,environmentUid=4b5fef2f-7951-477c-a9c0-ef0af047a425,executorType=newdeploy,functionName=ml-object-detection,functionNamespace=default,functionUid=dc6d8a52-8de2-4fbb-beef-7bcaa92aa890'
[ok] Patched Deployment resources
[ok] Verified Deployment template resources: requests={'cpu': '300m', 'memory': '50Mi'} limits={'cpu': '324m', 'memory': '59Mi'}
[info] Scaling deployment to 0 replicas to force full pod replacement
[ok] Verified Deployment template resources: requests={'cpu': '1500m', 'memory': '400Mi'} limits={'cpu': '4980m', 'memory': '448Mi'}
[info] Scaling deployment to 0 replicas to force full pod replacement
[ok] All pods terminated (replicas=0)
[info] Scaling deployment back to 17 replicas
[ok] All pods terminated (replicas=0)
[info] Scaling deployment back to 49 replicas
[ok] Rollout completed after scale-to-zero
[verify] newest RS=newdeploy-ml-image-processing-default-a616-8254b24ce685-6bc5cd9f68 pods=17 ready=17
[ok] Verified newest ReplicaSet template resources match expected
[ok] Rollout completed after scale-to-zero
[verify] newest RS=newdeploy-ml-object-detection-default-beef-7bcaa92aa890-569fc5f8cf pods=49 ready=49
[ok] Verified newest ReplicaSet template resources match expected
[info] Started Locust with PID 1536183
[info] start sleep for 30s
[info] sleep done
\Start sampling in parallel...
Workflow e2e p99 latency (55 completed in 17.0s, parallel, 8 workers): 3.617s
Average stage latencies:
  - ml-image-processing: 0.268s
  - ml-object-detection: 0.170s
================================================================================
objective      : price
resource_config: [{'cpu_m': 324, 'memory_mi': 59}, {'cpu_m': 4980, 'memory_mi': 448}], latencies: {'ml-image-processing': 0.26769855140962384, 'ml-object-detection': 0.17031755805523557}, price_cost: 7494.409672, energy_cost: 401.459234, latency_p99 : 3.616616
wall_time_s    : 81.389
================================================================================

[info] Locust stopped
Updating function ml-image-processing to cpu: 300m, memory: 67Mi
Updating Deployment resource configuration...

Updating function ml-object-detection to cpu: 5375m, memory: 467Mi
Updating Deployment resource configuration...

[info] Original replicas=17, selector='environmentName=ml-image-processing,environmentNamespace=default,environmentUid=8dcaa936-04ed-49cf-8ddf-36cdc234cbfd,executorType=newdeploy,functionName=ml-image-processing,functionNamespace=default,functionUid=d8529cac-3c02-4647-a616-8254b24ce685'
[info] Original replicas=49, selector='environmentName=yolo,environmentNamespace=default,environmentUid=4b5fef2f-7951-477c-a9c0-ef0af047a425,executorType=newdeploy,functionName=ml-object-detection,functionNamespace=default,functionUid=dc6d8a52-8de2-4fbb-beef-7bcaa92aa890'
[ok] Patched Deployment resources
[ok] Patched Deployment resources
[ok] Verified Deployment template resources: requests={'cpu': '1500m', 'memory': '400Mi'} limits={'cpu': '5375m', 'memory': '467Mi'}
[info] Scaling deployment to 0 replicas to force full pod replacement
[ok] Verified Deployment template resources: requests={'cpu': '300m', 'memory': '50Mi'} limits={'cpu': '300m', 'memory': '67Mi'}
[info] Scaling deployment to 0 replicas to force full pod replacement
[ok] All pods terminated (replicas=0)
[info] Scaling deployment back to 17 replicas
[ok] All pods terminated (replicas=0)
[info] Scaling deployment back to 49 replicas
[ok] Rollout completed after scale-to-zero
[verify] newest RS=newdeploy-ml-image-processing-default-a616-8254b24ce685-5c9bb4b8b8 pods=17 ready=17
[ok] Verified newest ReplicaSet template resources match expected
[ok] Rollout completed after scale-to-zero
[verify] newest RS=newdeploy-ml-object-detection-default-beef-7bcaa92aa890-b9bbb8975 pods=49 ready=49
[ok] Verified newest ReplicaSet template resources match expected
[info] Started Locust with PID 1540662
[info] start sleep for 30s
[info] sleep done
\Start sampling in parallel...
Workflow e2e p99 latency (51 completed in 16.6s, parallel, 8 workers): 3.602s
Average stage latencies:
  - ml-image-processing: 0.305s
  - ml-object-detection: 0.157s
================================================================================
objective      : price
resource_config: [{'cpu_m': 300, 'memory_mi': 67}, {'cpu_m': 5375, 'memory_mi': 467}], latencies: {'ml-image-processing': 0.3045930572438474, 'ml-object-detection': 0.15698034729918137}, price_cost: 7469.826463, energy_cost: 391.508011, latency_p99 : 3.601978
wall_time_s    : 87.145
================================================================================

[info] Locust stopped
Updating function ml-image-processing to cpu: 640m, memory: 58Mi
Updating Deployment resource configuration...

Updating function ml-object-detection to cpu: 4998m, memory: 412Mi
Updating Deployment resource configuration...

[info] Original replicas=17, selector='environmentName=ml-image-processing,environmentNamespace=default,environmentUid=8dcaa936-04ed-49cf-8ddf-36cdc234cbfd,executorType=newdeploy,functionName=ml-image-processing,functionNamespace=default,functionUid=d8529cac-3c02-4647-a616-8254b24ce685'
[info] Original replicas=49, selector='environmentName=yolo,environmentNamespace=default,environmentUid=4b5fef2f-7951-477c-a9c0-ef0af047a425,executorType=newdeploy,functionName=ml-object-detection,functionNamespace=default,functionUid=dc6d8a52-8de2-4fbb-beef-7bcaa92aa890'
[ok] Patched Deployment resources
[ok] Patched Deployment resources
[ok] Verified Deployment template resources: requests={'cpu': '300m', 'memory': '50Mi'} limits={'cpu': '640m', 'memory': '58Mi'}
[info] Scaling deployment to 0 replicas to force full pod replacement
[ok] Verified Deployment template resources: requests={'cpu': '1500m', 'memory': '400Mi'} limits={'cpu': '4998m', 'memory': '412Mi'}
[info] Scaling deployment to 0 replicas to force full pod replacement
[ok] All pods terminated (replicas=0)
[info] Scaling deployment back to 49 replicas
[ok] All pods terminated (replicas=0)
[info] Scaling deployment back to 17 replicas
[ok] Rollout completed after scale-to-zero
[verify] newest RS=newdeploy-ml-image-processing-default-a616-8254b24ce685-7bc98df684 pods=17 ready=17
[ok] Verified newest ReplicaSet template resources match expected
[ok] Rollout completed after scale-to-zero
[verify] newest RS=newdeploy-ml-object-detection-default-beef-7bcaa92aa890-5b5b445489 pods=49 ready=49
[ok] Verified newest ReplicaSet template resources match expected
[info] Started Locust with PID 1544927
[info] start sleep for 30s
[info] sleep done
\Start sampling in parallel...
Workflow e2e p99 latency (72 completed in 16.3s, parallel, 8 workers): 1.226s
Average stage latencies:
  - ml-image-processing: 0.137s
  - ml-object-detection: 0.213s
================================================================================
objective      : price
resource_config: [{'cpu_m': 640, 'memory_mi': 58}, {'cpu_m': 4998, 'memory_mi': 412}], latencies: {'ml-image-processing': 0.1374821933051054, 'ml-object-detection': 0.21325335738947615}, price_cost: 9348.523349, energy_cost: 465.333436, latency_p99 : 1.225898
wall_time_s    : 79.512
================================================================================

[info] Locust stopped
[info] Locust is not running
================================================================================

Batch  6: best_feasible_cost (random, qNEI) = (8024.781521216394, 7676.34465379607), best_constraint =  -0.327 (<=0 feasible), time = 257.87.
Best feasible resource configuration: [{'cpu_m': 404, 'memory_mi': 69}, {'cpu_m': 5245, 'memory_mi': 512}]

================================================================================
/home/cc/miniconda3/envs/faas/lib/python3.10/site-packages/botorch/acquisition/monte_carlo.py:502: NumericsWarning: qNoisyExpectedImprovement has known numerical issues that lead to suboptimal optimization performance. It is strongly recommended to simply replace

	 qNoisyExpectedImprovement 	 --> 	 qLogNoisyExpectedImprovement 

instead, which fixes the issues and has the same API. See https://arxiv.org/abs/2310.20708 for details.
  legacy_ei_numerics_warning(legacy_name=type(self).__name__)
Updating function ml-image-processing to cpu: 611m, memory: 58Mi
Updating Deployment resource configuration...

Updating function ml-object-detection to cpu: 5067m, memory: 402Mi
Updating Deployment resource configuration...

[info] Original replicas=17, selector='environmentName=ml-image-processing,environmentNamespace=default,environmentUid=8dcaa936-04ed-49cf-8ddf-36cdc234cbfd,executorType=newdeploy,functionName=ml-image-processing,functionNamespace=default,functionUid=d8529cac-3c02-4647-a616-8254b24ce685'
[info] Original replicas=49, selector='environmentName=yolo,environmentNamespace=default,environmentUid=4b5fef2f-7951-477c-a9c0-ef0af047a425,executorType=newdeploy,functionName=ml-object-detection,functionNamespace=default,functionUid=dc6d8a52-8de2-4fbb-beef-7bcaa92aa890'
[ok] Patched Deployment resources
[ok] Patched Deployment resources
[ok] Verified Deployment template resources: requests={'cpu': '300m', 'memory': '50Mi'} limits={'cpu': '611m', 'memory': '58Mi'}
[info] Scaling deployment to 0 replicas to force full pod replacement
[ok] Verified Deployment template resources: requests={'cpu': '1500m', 'memory': '400Mi'} limits={'cpu': '5067m', 'memory': '402Mi'}
[info] Scaling deployment to 0 replicas to force full pod replacement
[ok] All pods terminated (replicas=0)
[info] Scaling deployment back to 49 replicas
[ok] All pods terminated (replicas=0)
[info] Scaling deployment back to 17 replicas
[ok] Rollout completed after scale-to-zero
[verify] newest RS=newdeploy-ml-image-processing-default-a616-8254b24ce685-cdb68b98d pods=17 ready=17
[ok] Verified newest ReplicaSet template resources match expected
[ok] Rollout completed after scale-to-zero
[verify] newest RS=newdeploy-ml-object-detection-default-beef-7bcaa92aa890-58b785bfdb pods=49 ready=49
[ok] Verified newest ReplicaSet template resources match expected
[info] Started Locust with PID 1549270
[info] start sleep for 30s
[info] sleep done
\Start sampling in parallel...
Workflow e2e p99 latency (72 completed in 17.0s, parallel, 8 workers): 1.707s
Average stage latencies:
  - ml-image-processing: 0.136s
  - ml-object-detection: 0.192s
================================================================================
objective      : price
resource_config: [{'cpu_m': 611, 'memory_mi': 58}, {'cpu_m': 5067, 'memory_mi': 402}], latencies: {'ml-image-processing': 0.13628567975117928, 'ml-object-detection': 0.19220041950595462}, price_cost: 8548.695628, energy_cost: 463.525012, latency_p99 : 1.706646
wall_time_s    : 82.547
================================================================================

[info] Locust stopped
Updating function ml-image-processing to cpu: 351m, memory: 53Mi
Updating Deployment resource configuration...

Updating function ml-object-detection to cpu: 4758m, memory: 422Mi
Updating Deployment resource configuration...

[info] Original replicas=17, selector='environmentName=ml-image-processing,environmentNamespace=default,environmentUid=8dcaa936-04ed-49cf-8ddf-36cdc234cbfd,executorType=newdeploy,functionName=ml-image-processing,functionNamespace=default,functionUid=d8529cac-3c02-4647-a616-8254b24ce685'
[info] Original replicas=49, selector='environmentName=yolo,environmentNamespace=default,environmentUid=4b5fef2f-7951-477c-a9c0-ef0af047a425,executorType=newdeploy,functionName=ml-object-detection,functionNamespace=default,functionUid=dc6d8a52-8de2-4fbb-beef-7bcaa92aa890'
[ok] Patched Deployment resources
[ok] Patched Deployment resources
[ok] Verified Deployment template resources: requests={'cpu': '300m', 'memory': '50Mi'} limits={'cpu': '351m', 'memory': '53Mi'}
[info] Scaling deployment to 0 replicas to force full pod replacement
[ok] Verified Deployment template resources: requests={'cpu': '1500m', 'memory': '400Mi'} limits={'cpu': '4758m', 'memory': '422Mi'}
[info] Scaling deployment to 0 replicas to force full pod replacement
[ok] All pods terminated (replicas=0)
[info] Scaling deployment back to 17 replicas
[ok] All pods terminated (replicas=0)
[info] Scaling deployment back to 49 replicas
[ok] Rollout completed after scale-to-zero
[verify] newest RS=newdeploy-ml-image-processing-default-a616-8254b24ce685-656478bf4d pods=17 ready=17
[ok] Verified newest ReplicaSet template resources match expected
[ok] Rollout completed after scale-to-zero
[verify] newest RS=newdeploy-ml-object-detection-default-beef-7bcaa92aa890-5746bc9856 pods=49 ready=49
[ok] Verified newest ReplicaSet template resources match expected
[info] Started Locust with PID 1553282
[info] start sleep for 30s
[info] sleep done
\Start sampling in parallel...
Workflow e2e p99 latency (59 completed in 17.2s, parallel, 8 workers): 2.713s
Average stage latencies:
  - ml-image-processing: 0.254s
  - ml-object-detection: 0.188s
================================================================================
objective      : price
resource_config: [{'cpu_m': 351, 'memory_mi': 53}, {'cpu_m': 4758, 'memory_mi': 422}], latencies: {'ml-image-processing': 0.25433663638719056, 'ml-object-detection': 0.18764023446493736}, price_cost: 7881.292141, energy_cost: 412.662873, latency_p99 : 2.712802
wall_time_s    : 86.860
================================================================================

[info] Locust stopped
Updating function ml-image-processing to cpu: 324m, memory: 59Mi
Updating Deployment resource configuration...

Updating function ml-object-detection to cpu: 4843m, memory: 464Mi
Updating Deployment resource configuration...

[info] Original replicas=17, selector='environmentName=ml-image-processing,environmentNamespace=default,environmentUid=8dcaa936-04ed-49cf-8ddf-36cdc234cbfd,executorType=newdeploy,functionName=ml-image-processing,functionNamespace=default,functionUid=d8529cac-3c02-4647-a616-8254b24ce685'
[info] Original replicas=49, selector='environmentName=yolo,environmentNamespace=default,environmentUid=4b5fef2f-7951-477c-a9c0-ef0af047a425,executorType=newdeploy,functionName=ml-object-detection,functionNamespace=default,functionUid=dc6d8a52-8de2-4fbb-beef-7bcaa92aa890'
[ok] Patched Deployment resources
[ok] Patched Deployment resources
[ok] Verified Deployment template resources: requests={'cpu': '1500m', 'memory': '400Mi'} limits={'cpu': '4843m', 'memory': '464Mi'}
[info] Scaling deployment to 0 replicas to force full pod replacement
[ok] Verified Deployment template resources: requests={'cpu': '300m', 'memory': '50Mi'} limits={'cpu': '324m', 'memory': '59Mi'}
[info] Scaling deployment to 0 replicas to force full pod replacement
[ok] All pods terminated (replicas=0)
[info] Scaling deployment back to 49 replicas
[ok] All pods terminated (replicas=0)
[info] Scaling deployment back to 17 replicas
[ok] Rollout completed after scale-to-zero
[verify] newest RS=newdeploy-ml-object-detection-default-beef-7bcaa92aa890-66579f5864 pods=49 ready=49
[ok] Verified newest ReplicaSet template resources match expected
[ok] Rollout completed after scale-to-zero
[verify] newest RS=newdeploy-ml-image-processing-default-a616-8254b24ce685-6bc5cd9f68 pods=17 ready=17
[ok] Verified newest ReplicaSet template resources match expected
[info] Started Locust with PID 1557427
[info] start sleep for 30s
[info] sleep done
\Start sampling in parallel...
Workflow e2e p99 latency (54 completed in 17.4s, parallel, 8 workers): 4.272s
Average stage latencies:
  - ml-image-processing: 0.269s
  - ml-object-detection: 0.179s
================================================================================
objective      : price
resource_config: [{'cpu_m': 324, 'memory_mi': 59}, {'cpu_m': 4843, 'memory_mi': 464}], latencies: {'ml-image-processing': 0.2686093691477759, 'ml-object-detection': 0.17859758790237484}, price_cost: 7641.377891, energy_cost: 402.494265, latency_p99 : 4.272455
wall_time_s    : 81.858
================================================================================

[info] Locust stopped
[info] Locust is not running
================================================================================

Batch  7: best_feasible_cost (random, qNEI) = (8024.781521216394, 7676.34465379607), best_constraint =  -0.327 (<=0 feasible), time = 259.73.
Best feasible resource configuration: [{'cpu_m': 404, 'memory_mi': 69}, {'cpu_m': 5245, 'memory_mi': 512}]

================================================================================
/home/cc/miniconda3/envs/faas/lib/python3.10/site-packages/botorch/acquisition/monte_carlo.py:502: NumericsWarning: qNoisyExpectedImprovement has known numerical issues that lead to suboptimal optimization performance. It is strongly recommended to simply replace

	 qNoisyExpectedImprovement 	 --> 	 qLogNoisyExpectedImprovement 

instead, which fixes the issues and has the same API. See https://arxiv.org/abs/2310.20708 for details.
  legacy_ei_numerics_warning(legacy_name=type(self).__name__)
Updating function ml-image-processing to cpu: 300m, memory: 50Mi
Updating Deployment resource configuration...

Updating function ml-object-detection to cpu: 5850m, memory: 480Mi
Updating Deployment resource configuration...

[info] Original replicas=17, selector='environmentName=ml-image-processing,environmentNamespace=default,environmentUid=8dcaa936-04ed-49cf-8ddf-36cdc234cbfd,executorType=newdeploy,functionName=ml-image-processing,functionNamespace=default,functionUid=d8529cac-3c02-4647-a616-8254b24ce685'
[info] Original replicas=49, selector='environmentName=yolo,environmentNamespace=default,environmentUid=4b5fef2f-7951-477c-a9c0-ef0af047a425,executorType=newdeploy,functionName=ml-object-detection,functionNamespace=default,functionUid=dc6d8a52-8de2-4fbb-beef-7bcaa92aa890'
[ok] Patched Deployment resources
[ok] Patched Deployment resources
[ok] Verified Deployment template resources: requests={'cpu': '300m', 'memory': '50Mi'} limits={'cpu': '300m', 'memory': '50Mi'}
[info] Scaling deployment to 0 replicas to force full pod replacement
[ok] Verified Deployment template resources: requests={'cpu': '1500m', 'memory': '400Mi'} limits={'cpu': '5850m', 'memory': '480Mi'}
[info] Scaling deployment to 0 replicas to force full pod replacement
[ok] All pods terminated (replicas=0)
[info] Scaling deployment back to 17 replicas
[ok] All pods terminated (replicas=0)
[info] Scaling deployment back to 49 replicas
[ok] Rollout completed after scale-to-zero
[verify] newest RS=newdeploy-ml-image-processing-default-a616-8254b24ce685-5789945b5f pods=17 ready=17
[ok] Verified newest ReplicaSet template resources match expected
[ok] Rollout completed after scale-to-zero
[verify] newest RS=newdeploy-ml-object-detection-default-beef-7bcaa92aa890-58d6887d5 pods=49 ready=49
[ok] Verified newest ReplicaSet template resources match expected
[info] Started Locust with PID 1561667
[info] start sleep for 30s
[info] sleep done
\Start sampling in parallel...
Workflow e2e p99 latency (57 completed in 19.3s, parallel, 8 workers): 3.991s
Average stage latencies:
  - ml-image-processing: 0.286s
  - ml-object-detection: 0.136s
================================================================================
objective      : price
resource_config: [{'cpu_m': 300, 'memory_mi': 50}, {'cpu_m': 5850, 'memory_mi': 480}], latencies: {'ml-image-processing': 0.2857475072521259, 'ml-object-detection': 0.13639600770221205}, price_cost: 7058.500735, energy_cost: 391.908180, latency_p99 : 3.990562
wall_time_s    : 87.599
================================================================================

[info] Locust stopped
Updating function ml-image-processing to cpu: 310m, memory: 54Mi
Updating Deployment resource configuration...

Updating function ml-object-detection to cpu: 2487m, memory: 472Mi
Updating Deployment resource configuration...

[info] Original replicas=17, selector='environmentName=ml-image-processing,environmentNamespace=default,environmentUid=8dcaa936-04ed-49cf-8ddf-36cdc234cbfd,executorType=newdeploy,functionName=ml-image-processing,functionNamespace=default,functionUid=d8529cac-3c02-4647-a616-8254b24ce685'
[info] Original replicas=49, selector='environmentName=yolo,environmentNamespace=default,environmentUid=4b5fef2f-7951-477c-a9c0-ef0af047a425,executorType=newdeploy,functionName=ml-object-detection,functionNamespace=default,functionUid=dc6d8a52-8de2-4fbb-beef-7bcaa92aa890'
[ok] Patched Deployment resources
[ok] Patched Deployment resources
[ok] Verified Deployment template resources: requests={'cpu': '1500m', 'memory': '400Mi'} limits={'cpu': '2487m', 'memory': '472Mi'}
[info] Scaling deployment to 0 replicas to force full pod replacement
[ok] Verified Deployment template resources: requests={'cpu': '300m', 'memory': '50Mi'} limits={'cpu': '310m', 'memory': '54Mi'}
[info] Scaling deployment to 0 replicas to force full pod replacement
[ok] All pods terminated (replicas=0)
[info] Scaling deployment back to 17 replicas
[ok] All pods terminated (replicas=0)
[info] Scaling deployment back to 49 replicas
[ok] Rollout completed after scale-to-zero
[verify] newest RS=newdeploy-ml-image-processing-default-a616-8254b24ce685-754679c55 pods=17 ready=17
[ok] Verified newest ReplicaSet template resources match expected
[ok] Rollout completed after scale-to-zero
[verify] newest RS=newdeploy-ml-object-detection-default-beef-7bcaa92aa890-5c95c67c4f pods=49 ready=49
[ok] Verified newest ReplicaSet template resources match expected
[info] Started Locust with PID 1565738
[info] start sleep for 30s
[info] sleep done
\Start sampling in parallel...
Workflow e2e p99 latency (48 completed in 18.9s, parallel, 8 workers): 9.000s
Average stage latencies:
  - ml-image-processing: 0.288s
  - ml-object-detection: 0.455s
================================================================================
objective      : price
resource_config: [{'cpu_m': 310, 'memory_mi': 54}, {'cpu_m': 2487, 'memory_mi': 472}], latencies: {'ml-image-processing': 0.28845775239776983, 'ml-object-detection': 0.4553807681203698}, price_cost: 9996.264592, energy_cost: 351.464923, latency_p99 : 9.000000
wall_time_s    : 83.415
================================================================================

[info] Locust stopped
Updating function ml-image-processing to cpu: 357m, memory: 65Mi
Updating Deployment resource configuration...

Updating function ml-object-detection to cpu: 5300m, memory: 467Mi
Updating Deployment resource configuration...

[info] Original replicas=17, selector='environmentName=ml-image-processing,environmentNamespace=default,environmentUid=8dcaa936-04ed-49cf-8ddf-36cdc234cbfd,executorType=newdeploy,functionName=ml-image-processing,functionNamespace=default,functionUid=d8529cac-3c02-4647-a616-8254b24ce685'
[info] Original replicas=49, selector='environmentName=yolo,environmentNamespace=default,environmentUid=4b5fef2f-7951-477c-a9c0-ef0af047a425,executorType=newdeploy,functionName=ml-object-detection,functionNamespace=default,functionUid=dc6d8a52-8de2-4fbb-beef-7bcaa92aa890'
[ok] Patched Deployment resources
[ok] Patched Deployment resources
[ok] Verified Deployment template resources: requests={'cpu': '300m', 'memory': '50Mi'} limits={'cpu': '357m', 'memory': '65Mi'}
[info] Scaling deployment to 0 replicas to force full pod replacement
[ok] Verified Deployment template resources: requests={'cpu': '1500m', 'memory': '400Mi'} limits={'cpu': '5300m', 'memory': '467Mi'}
[info] Scaling deployment to 0 replicas to force full pod replacement
[ok] All pods terminated (replicas=0)
[info] Scaling deployment back to 49 replicas
[ok] All pods terminated (replicas=0)
[info] Scaling deployment back to 17 replicas
[ok] Deleted HPA newdeploy-ml-object-detection-default-beef-7bcaa92aa890
[ok] Rollout completed after scale-to-zero
[verify] newest RS=newdeploy-ml-image-processing-default-a616-8254b24ce685-796dd55757 pods=17 ready=17
[ok] Verified newest ReplicaSet template resources match expected
[ok] Rollout completed after scale-to-zero
[verify] newest RS=newdeploy-ml-object-detection-default-beef-7bcaa92aa890-b4744fcd7 pods=49 ready=49
[ok] Verified newest ReplicaSet template resources match expected
[info] Started Locust with PID 1569928
[info] start sleep for 30s
[info] sleep done
\Start sampling in parallel...
Workflow e2e p99 latency (56 completed in 16.5s, parallel, 8 workers): 3.596s
Average stage latencies:
  - ml-image-processing: 0.248s
  - ml-object-detection: 0.166s
================================================================================
objective      : price
resource_config: [{'cpu_m': 357, 'memory_mi': 65}, {'cpu_m': 5300, 'memory_mi': 467}], latencies: {'ml-image-processing': 0.2483519663302494, 'ml-object-detection': 0.16572802303458697}, price_cost: 7756.620544, energy_cost: 412.150364, latency_p99 : 3.595512
wall_time_s    : 82.882
================================================================================

[info] Locust stopped
[info] Locust is not running
================================================================================

Batch  8: best_feasible_cost (random, qNEI) = (8024.781521216394, 7676.34465379607), best_constraint =  -0.327 (<=0 feasible), time = 263.63.
Best feasible resource configuration: [{'cpu_m': 404, 'memory_mi': 69}, {'cpu_m': 5245, 'memory_mi': 512}]

================================================================================
/home/cc/miniconda3/envs/faas/lib/python3.10/site-packages/botorch/acquisition/monte_carlo.py:502: NumericsWarning: qNoisyExpectedImprovement has known numerical issues that lead to suboptimal optimization performance. It is strongly recommended to simply replace

	 qNoisyExpectedImprovement 	 --> 	 qLogNoisyExpectedImprovement 

instead, which fixes the issues and has the same API. See https://arxiv.org/abs/2310.20708 for details.
  legacy_ei_numerics_warning(legacy_name=type(self).__name__)
Updating function ml-image-processing to cpu: 357m, memory: 51Mi
Updating Deployment resource configuration...

Updating function ml-object-detection to cpu: 5957m, memory: 445Mi
Updating Deployment resource configuration...

[info] Original replicas=17, selector='environmentName=ml-image-processing,environmentNamespace=default,environmentUid=8dcaa936-04ed-49cf-8ddf-36cdc234cbfd,executorType=newdeploy,functionName=ml-image-processing,functionNamespace=default,functionUid=d8529cac-3c02-4647-a616-8254b24ce685'
[info] Original replicas=49, selector='environmentName=yolo,environmentNamespace=default,environmentUid=4b5fef2f-7951-477c-a9c0-ef0af047a425,executorType=newdeploy,functionName=ml-object-detection,functionNamespace=default,functionUid=dc6d8a52-8de2-4fbb-beef-7bcaa92aa890'
[ok] Patched Deployment resources
[ok] Patched Deployment resources
[ok] Verified Deployment template resources: requests={'cpu': '1500m', 'memory': '400Mi'} limits={'cpu': '5957m', 'memory': '445Mi'}
[info] Scaling deployment to 0 replicas to force full pod replacement
[ok] Verified Deployment template resources: requests={'cpu': '300m', 'memory': '50Mi'} limits={'cpu': '357m', 'memory': '51Mi'}
[info] Scaling deployment to 0 replicas to force full pod replacement
[ok] All pods terminated (replicas=0)
[info] Scaling deployment back to 49 replicas
[ok] All pods terminated (replicas=0)
[info] Scaling deployment back to 17 replicas
[ok] Rollout completed after scale-to-zero
[verify] newest RS=newdeploy-ml-object-detection-default-beef-7bcaa92aa890-5f8f6cbb94 pods=49 ready=49
[ok] Verified newest ReplicaSet template resources match expected
[ok] Rollout completed after scale-to-zero
[verify] newest RS=newdeploy-ml-image-processing-default-a616-8254b24ce685-844c7f8bb5 pods=17 ready=17
[ok] Verified newest ReplicaSet template resources match expected
[info] Started Locust with PID 1574213
[info] start sleep for 30s
[info] sleep done
\Start sampling in parallel...
Workflow e2e p99 latency (60 completed in 16.8s, parallel, 8 workers): 2.603s
Average stage latencies:
  - ml-image-processing: 0.240s
  - ml-object-detection: 0.146s
================================================================================
objective      : price
resource_config: [{'cpu_m': 357, 'memory_mi': 51}, {'cpu_m': 5957, 'memory_mi': 445}], latencies: {'ml-image-processing': 0.24003390376456082, 'ml-object-detection': 0.14557204000496615}, price_cost: 7644.645351, energy_cost: 408.475051, latency_p99 : 2.603075
wall_time_s    : 81.505
================================================================================

[info] Locust stopped
Updating function ml-image-processing to cpu: 300m, memory: 50Mi
Updating Deployment resource configuration...

Updating function ml-object-detection to cpu: 6000m, memory: 511Mi
Updating Deployment resource configuration...

[info] Original replicas=17, selector='environmentName=ml-image-processing,environmentNamespace=default,environmentUid=8dcaa936-04ed-49cf-8ddf-36cdc234cbfd,executorType=newdeploy,functionName=ml-image-processing,functionNamespace=default,functionUid=d8529cac-3c02-4647-a616-8254b24ce685'
[info] Original replicas=49, selector='environmentName=yolo,environmentNamespace=default,environmentUid=4b5fef2f-7951-477c-a9c0-ef0af047a425,executorType=newdeploy,functionName=ml-object-detection,functionNamespace=default,functionUid=dc6d8a52-8de2-4fbb-beef-7bcaa92aa890'
[ok] Patched Deployment resources
[ok] Patched Deployment resources
[ok] Verified Deployment template resources: requests={'cpu': '1500m', 'memory': '400Mi'} limits={'cpu': '6', 'memory': '511Mi'}
[info] Scaling deployment to 0 replicas to force full pod replacement
[ok] Verified Deployment template resources: requests={'cpu': '300m', 'memory': '50Mi'} limits={'cpu': '300m', 'memory': '50Mi'}
[info] Scaling deployment to 0 replicas to force full pod replacement
[ok] All pods terminated (replicas=0)
[info] Scaling deployment back to 49 replicas
[ok] All pods terminated (replicas=0)
[info] Scaling deployment back to 17 replicas
[ok] Rollout completed after scale-to-zero
[verify] newest RS=newdeploy-ml-image-processing-default-a616-8254b24ce685-5789945b5f pods=17 ready=17
[ok] Verified newest ReplicaSet template resources match expected
[ok] Rollout completed after scale-to-zero
[verify] newest RS=newdeploy-ml-object-detection-default-beef-7bcaa92aa890-5f67d64c68 pods=49 ready=49
[ok] Verified newest ReplicaSet template resources match expected
[info] Started Locust with PID 1578110
[info] start sleep for 30s
[info] sleep done
\Start sampling in parallel...
Workflow e2e p99 latency (55 completed in 18.7s, parallel, 8 workers): 3.284s
Average stage latencies:
  - ml-image-processing: 0.296s
  - ml-object-detection: 0.140s
================================================================================
objective      : price
resource_config: [{'cpu_m': 300, 'memory_mi': 50}, {'cpu_m': 6000, 'memory_mi': 511}], latencies: {'ml-image-processing': 0.29558423199606215, 'ml-object-detection': 0.13972341723062776}, price_cost: 7413.528724, energy_cost: 387.896157, latency_p99 : 3.284044
wall_time_s    : 83.856
================================================================================

[info] Locust stopped
Updating function ml-image-processing to cpu: 534m, memory: 56Mi
Updating Deployment resource configuration...

Updating function ml-object-detection to cpu: 4551m, memory: 427Mi
Updating Deployment resource configuration...

[info] Original replicas=17, selector='environmentName=ml-image-processing,environmentNamespace=default,environmentUid=8dcaa936-04ed-49cf-8ddf-36cdc234cbfd,executorType=newdeploy,functionName=ml-image-processing,functionNamespace=default,functionUid=d8529cac-3c02-4647-a616-8254b24ce685'
[info] Original replicas=49, selector='environmentName=yolo,environmentNamespace=default,environmentUid=4b5fef2f-7951-477c-a9c0-ef0af047a425,executorType=newdeploy,functionName=ml-object-detection,functionNamespace=default,functionUid=dc6d8a52-8de2-4fbb-beef-7bcaa92aa890'
[ok] Patched Deployment resources
[ok] Patched Deployment resources
[ok] Verified Deployment template resources: requests={'cpu': '1500m', 'memory': '400Mi'} limits={'cpu': '4551m', 'memory': '427Mi'}
[info] Scaling deployment to 0 replicas to force full pod replacement
[ok] Verified Deployment template resources: requests={'cpu': '300m', 'memory': '50Mi'} limits={'cpu': '534m', 'memory': '56Mi'}
[info] Scaling deployment to 0 replicas to force full pod replacement
[ok] All pods terminated (replicas=0)
[info] Scaling deployment back to 49 replicas
[ok] All pods terminated (replicas=0)
[info] Scaling deployment back to 17 replicas
[ok] Deleted HPA newdeploy-ml-object-detection-default-beef-7bcaa92aa890
[ok] Rollout completed after scale-to-zero
[verify] newest RS=newdeploy-ml-image-processing-default-a616-8254b24ce685-9bd78d5c4 pods=17 ready=17
[ok] Verified newest ReplicaSet template resources match expected
[ok] Rollout completed after scale-to-zero
[verify] newest RS=newdeploy-ml-object-detection-default-beef-7bcaa92aa890-749b9df88f pods=49 ready=49
[ok] Verified newest ReplicaSet template resources match expected
[info] Started Locust with PID 1582398
[info] start sleep for 30s
[info] sleep done
\Start sampling in parallel...
Workflow e2e p99 latency (67 completed in 16.9s, parallel, 8 workers): 1.864s
Average stage latencies:
  - ml-image-processing: 0.158s
  - ml-object-detection: 0.224s
================================================================================
objective      : price
resource_config: [{'cpu_m': 534, 'memory_mi': 56}, {'cpu_m': 4551, 'memory_mi': 427}], latencies: {'ml-image-processing': 0.15812075802528147, 'ml-object-detection': 0.22352205421914584}, price_cost: 8930.921942, energy_cost: 455.655109, latency_p99 : 1.863789
wall_time_s    : 83.827
================================================================================

[info] Locust stopped
[info] Locust is not running
================================================================================

Batch  9: best_feasible_cost (random, qNEI) = (8024.781521216394, 7644.645350715717), best_constraint =  -0.397 (<=0 feasible), time = 256.45.
Best feasible resource configuration: [{'cpu_m': 357, 'memory_mi': 51}, {'cpu_m': 5957, 'memory_mi': 445}]

================================================================================
/home/cc/miniconda3/envs/faas/lib/python3.10/site-packages/botorch/acquisition/monte_carlo.py:502: NumericsWarning: qNoisyExpectedImprovement has known numerical issues that lead to suboptimal optimization performance. It is strongly recommended to simply replace

	 qNoisyExpectedImprovement 	 --> 	 qLogNoisyExpectedImprovement 

instead, which fixes the issues and has the same API. See https://arxiv.org/abs/2310.20708 for details.
  legacy_ei_numerics_warning(legacy_name=type(self).__name__)
Updating function ml-image-processing to cpu: 340m, memory: 50Mi
Updating Deployment resource configuration...

Updating function ml-object-detection to cpu: 5955m, memory: 496Mi
Updating Deployment resource configuration...

[info] Original replicas=17, selector='environmentName=ml-image-processing,environmentNamespace=default,environmentUid=8dcaa936-04ed-49cf-8ddf-36cdc234cbfd,executorType=newdeploy,functionName=ml-image-processing,functionNamespace=default,functionUid=d8529cac-3c02-4647-a616-8254b24ce685'
[info] Original replicas=49, selector='environmentName=yolo,environmentNamespace=default,environmentUid=4b5fef2f-7951-477c-a9c0-ef0af047a425,executorType=newdeploy,functionName=ml-object-detection,functionNamespace=default,functionUid=dc6d8a52-8de2-4fbb-beef-7bcaa92aa890'
[ok] Patched Deployment resources
[ok] Patched Deployment resources
[ok] Verified Deployment template resources: requests={'cpu': '300m', 'memory': '50Mi'} limits={'cpu': '340m', 'memory': '50Mi'}
[info] Scaling deployment to 0 replicas to force full pod replacement
[ok] Verified Deployment template resources: requests={'cpu': '1500m', 'memory': '400Mi'} limits={'cpu': '5955m', 'memory': '496Mi'}
[info] Scaling deployment to 0 replicas to force full pod replacement
[ok] All pods terminated (replicas=0)
[info] Scaling deployment back to 17 replicas
[ok] All pods terminated (replicas=0)
[info] Scaling deployment back to 49 replicas
[ok] Rollout completed after scale-to-zero
[verify] newest RS=newdeploy-ml-image-processing-default-a616-8254b24ce685-74785b9c8c pods=17 ready=17
[ok] Verified newest ReplicaSet template resources match expected
[ok] Rollout completed after scale-to-zero
[verify] newest RS=newdeploy-ml-object-detection-default-beef-7bcaa92aa890-55b55c85b9 pods=49 ready=49
[ok] Verified newest ReplicaSet template resources match expected
[info] Started Locust with PID 1593019
[info] start sleep for 30s
[info] sleep done
\Start sampling in parallel...
Workflow e2e p99 latency (62 completed in 16.9s, parallel, 8 workers): 2.809s
Average stage latencies:
  - ml-image-processing: 0.244s
  - ml-object-detection: 0.145s
================================================================================
objective      : price
resource_config: [{'cpu_m': 340, 'memory_mi': 50}, {'cpu_m': 5955, 'memory_mi': 496}], latencies: {'ml-image-processing': 0.24439522602985944, 'ml-object-detection': 0.14520885136669442}, price_cost: 7620.564836, energy_cost: 400.931442, latency_p99 : 2.809087
wall_time_s    : 86.431
================================================================================

[info] Locust stopped
Updating function ml-image-processing to cpu: 502m, memory: 64Mi
Updating Deployment resource configuration...

Updating function ml-object-detection to cpu: 4440m, memory: 508Mi
Updating Deployment resource configuration...

[info] Original replicas=17, selector='environmentName=ml-image-processing,environmentNamespace=default,environmentUid=8dcaa936-04ed-49cf-8ddf-36cdc234cbfd,executorType=newdeploy,functionName=ml-image-processing,functionNamespace=default,functionUid=d8529cac-3c02-4647-a616-8254b24ce685'
[info] Original replicas=49, selector='environmentName=yolo,environmentNamespace=default,environmentUid=4b5fef2f-7951-477c-a9c0-ef0af047a425,executorType=newdeploy,functionName=ml-object-detection,functionNamespace=default,functionUid=dc6d8a52-8de2-4fbb-beef-7bcaa92aa890'
[ok] Patched Deployment resources
[ok] Patched Deployment resources
[ok] Verified Deployment template resources: requests={'cpu': '1500m', 'memory': '400Mi'} limits={'cpu': '4440m', 'memory': '508Mi'}
[info] Scaling deployment to 0 replicas to force full pod replacement
[ok] Verified Deployment template resources: requests={'cpu': '300m', 'memory': '50Mi'} limits={'cpu': '502m', 'memory': '64Mi'}
[info] Scaling deployment to 0 replicas to force full pod replacement
[ok] All pods terminated (replicas=0)
[info] Scaling deployment back to 17 replicas
[ok] All pods terminated (replicas=0)
[info] Scaling deployment back to 49 replicas
[ok] Rollout completed after scale-to-zero
[verify] newest RS=newdeploy-ml-image-processing-default-a616-8254b24ce685-69778ffdc5 pods=17 ready=17
[ok] Verified newest ReplicaSet template resources match expected
[ok] Rollout completed after scale-to-zero
[verify] newest RS=newdeploy-ml-object-detection-default-beef-7bcaa92aa890-67d946df9 pods=49 ready=49
[ok] Verified newest ReplicaSet template resources match expected
[info] Started Locust with PID 1597555
[info] start sleep for 30s
[info] sleep done
\Start sampling in parallel...
Workflow e2e p99 latency (66 completed in 16.9s, parallel, 8 workers): 2.391s
Average stage latencies:
  - ml-image-processing: 0.158s
  - ml-object-detection: 0.234s
================================================================================
objective      : price
resource_config: [{'cpu_m': 502, 'memory_mi': 64}, {'cpu_m': 4440, 'memory_mi': 508}], latencies: {'ml-image-processing': 0.15815933414198685, 'ml-object-detection': 0.23410958388933178}, price_cost: 9118.686277, energy_cost: 447.510696, latency_p99 : 2.391316
wall_time_s    : 90.745
================================================================================

[info] Locust stopped
Updating function ml-image-processing to cpu: 736m, memory: 51Mi
Updating Deployment resource configuration...

Updating function ml-object-detection to cpu: 5919m, memory: 473Mi
Updating Deployment resource configuration...

[info] Original replicas=17, selector='environmentName=ml-image-processing,environmentNamespace=default,environmentUid=8dcaa936-04ed-49cf-8ddf-36cdc234cbfd,executorType=newdeploy,functionName=ml-image-processing,functionNamespace=default,functionUid=d8529cac-3c02-4647-a616-8254b24ce685'
[info] Original replicas=49, selector='environmentName=yolo,environmentNamespace=default,environmentUid=4b5fef2f-7951-477c-a9c0-ef0af047a425,executorType=newdeploy,functionName=ml-object-detection,functionNamespace=default,functionUid=dc6d8a52-8de2-4fbb-beef-7bcaa92aa890'
[ok] Patched Deployment resources
[ok] Patched Deployment resources
[ok] Verified Deployment template resources: requests={'cpu': '300m', 'memory': '50Mi'} limits={'cpu': '736m', 'memory': '51Mi'}
[info] Scaling deployment to 0 replicas to force full pod replacement
[ok] Verified Deployment template resources: requests={'cpu': '1500m', 'memory': '400Mi'} limits={'cpu': '5919m', 'memory': '473Mi'}
[info] Scaling deployment to 0 replicas to force full pod replacement
[ok] All pods terminated (replicas=0)
[info] Scaling deployment back to 49 replicas
[ok] All pods terminated (replicas=0)
[info] Scaling deployment back to 17 replicas
[ok] Rollout completed after scale-to-zero
[ok] Rollout completed after scale-to-zero
[verify] newest RS=newdeploy-ml-object-detection-default-beef-7bcaa92aa890-6b6f4df955 pods=49 ready=49
[ok] Verified newest ReplicaSet template resources match expected
[verify] newest RS=newdeploy-ml-image-processing-default-a616-8254b24ce685-f8d647899 pods=17 ready=17
[ok] Verified newest ReplicaSet template resources match expected
[info] Started Locust with PID 1601661
[info] start sleep for 30s
[info] sleep done
\Start sampling in parallel...
Workflow e2e p99 latency (74 completed in 16.6s, parallel, 8 workers): 1.041s
Average stage latencies:
  - ml-image-processing: 0.121s
  - ml-object-detection: 0.165s
================================================================================
objective      : price
resource_config: [{'cpu_m': 736, 'memory_mi': 51}, {'cpu_m': 5919, 'memory_mi': 473}], latencies: {'ml-image-processing': 0.12082607255040391, 'ml-object-detection': 0.1646580269019044}, price_cost: 8571.542222, energy_cost: 470.573823, latency_p99 : 1.041195
wall_time_s    : 80.394
================================================================================

[info] Locust stopped
[info] Locust is not running
================================================================================

Batch 10: best_feasible_cost (random, qNEI) = (8024.781521216394, 7620.564835991134), best_constraint =  -0.191 (<=0 feasible), time = 265.14.
Best feasible resource configuration: [{'cpu_m': 340, 'memory_mi': 50}, {'cpu_m': 5955, 'memory_mi': 496}]

================================================================================
/home/cc/miniconda3/envs/faas/lib/python3.10/site-packages/botorch/acquisition/monte_carlo.py:502: NumericsWarning: qNoisyExpectedImprovement has known numerical issues that lead to suboptimal optimization performance. It is strongly recommended to simply replace

	 qNoisyExpectedImprovement 	 --> 	 qLogNoisyExpectedImprovement 

instead, which fixes the issues and has the same API. See https://arxiv.org/abs/2310.20708 for details.
  legacy_ei_numerics_warning(legacy_name=type(self).__name__)
Updating function ml-image-processing to cpu: 792m, memory: 50Mi
Updating Deployment resource configuration...

Updating function ml-object-detection to cpu: 1835m, memory: 402Mi
Updating Deployment resource configuration...

[info] Original replicas=17, selector='environmentName=ml-image-processing,environmentNamespace=default,environmentUid=8dcaa936-04ed-49cf-8ddf-36cdc234cbfd,executorType=newdeploy,functionName=ml-image-processing,functionNamespace=default,functionUid=d8529cac-3c02-4647-a616-8254b24ce685'
[info] Original replicas=49, selector='environmentName=yolo,environmentNamespace=default,environmentUid=4b5fef2f-7951-477c-a9c0-ef0af047a425,executorType=newdeploy,functionName=ml-object-detection,functionNamespace=default,functionUid=dc6d8a52-8de2-4fbb-beef-7bcaa92aa890'
[ok] Patched Deployment resources
[ok] Patched Deployment resources
[ok] Verified Deployment template resources: requests={'cpu': '300m', 'memory': '50Mi'} limits={'cpu': '792m', 'memory': '50Mi'}
[info] Scaling deployment to 0 replicas to force full pod replacement
[ok] Verified Deployment template resources: requests={'cpu': '1500m', 'memory': '400Mi'} limits={'cpu': '1835m', 'memory': '402Mi'}
[info] Scaling deployment to 0 replicas to force full pod replacement
[ok] All pods terminated (replicas=0)
[info] Scaling deployment back to 17 replicas
[ok] All pods terminated (replicas=0)
[info] Scaling deployment back to 49 replicas
[ok] Rollout completed after scale-to-zero
[verify] newest RS=newdeploy-ml-image-processing-default-a616-8254b24ce685-7787fdcd85 pods=17 ready=17
[ok] Verified newest ReplicaSet template resources match expected
[ok] Rollout completed after scale-to-zero
[verify] newest RS=newdeploy-ml-object-detection-default-beef-7bcaa92aa890-685c74f7bb pods=49 ready=49
[ok] Verified newest ReplicaSet template resources match expected
[info] Started Locust with PID 1611498
[info] start sleep for 30s
[info] sleep done
\Start sampling in parallel...
Workflow e2e p99 latency (41 completed in 18.9s, parallel, 8 workers): 9.000s
Average stage latencies:
  - ml-image-processing: 0.090s
  - ml-object-detection: 0.708s
================================================================================
objective      : price
resource_config: [{'cpu_m': 792, 'memory_mi': 50}, {'cpu_m': 1835, 'memory_mi': 402}], latencies: {'ml-image-processing': 0.09014856596203412, 'ml-object-detection': 0.7082825593294247}, price_cost: 11400.073711, energy_cost: 323.034156, latency_p99 : 9.000000
wall_time_s    : 84.566
================================================================================

[info] Locust stopped
Updating function ml-image-processing to cpu: 800m, memory: 66Mi
Updating Deployment resource configuration...

Updating function ml-object-detection to cpu: 4605m, memory: 490Mi
Updating Deployment resource configuration...

[info] Original replicas=17, selector='environmentName=ml-image-processing,environmentNamespace=default,environmentUid=8dcaa936-04ed-49cf-8ddf-36cdc234cbfd,executorType=newdeploy,functionName=ml-image-processing,functionNamespace=default,functionUid=d8529cac-3c02-4647-a616-8254b24ce685'
[info] Original replicas=49, selector='environmentName=yolo,environmentNamespace=default,environmentUid=4b5fef2f-7951-477c-a9c0-ef0af047a425,executorType=newdeploy,functionName=ml-object-detection,functionNamespace=default,functionUid=dc6d8a52-8de2-4fbb-beef-7bcaa92aa890'
[ok] Patched Deployment resources
[ok] Patched Deployment resources
[ok] Verified Deployment template resources: requests={'cpu': '1500m', 'memory': '400Mi'} limits={'cpu': '4605m', 'memory': '490Mi'}
[info] Scaling deployment to 0 replicas to force full pod replacement
[ok] Verified Deployment template resources: requests={'cpu': '300m', 'memory': '50Mi'} limits={'cpu': '800m', 'memory': '66Mi'}
[info] Scaling deployment to 0 replicas to force full pod replacement
[ok] All pods terminated (replicas=0)
[info] Scaling deployment back to 17 replicas
[ok] All pods terminated (replicas=0)
[info] Scaling deployment back to 49 replicas
[ok] Deleted HPA newdeploy-ml-object-detection-default-beef-7bcaa92aa890
[ok] Rollout completed after scale-to-zero
[verify] newest RS=newdeploy-ml-image-processing-default-a616-8254b24ce685-7dbdc57497 pods=17 ready=17
[ok] Verified newest ReplicaSet template resources match expected
[ok] Rollout completed after scale-to-zero
[verify] newest RS=newdeploy-ml-object-detection-default-beef-7bcaa92aa890-f78bfd67 pods=49 ready=49
[ok] Verified newest ReplicaSet template resources match expected
[info] Started Locust with PID 1616092
[info] start sleep for 30s
[info] sleep done
\Start sampling in parallel...
Workflow e2e p99 latency (72 completed in 16.8s, parallel, 8 workers): 2.601s
Average stage latencies:
  - ml-image-processing: 0.106s
  - ml-object-detection: 0.219s
================================================================================
objective      : price
resource_config: [{'cpu_m': 800, 'memory_mi': 66}, {'cpu_m': 4605, 'memory_mi': 490}], latencies: {'ml-image-processing': 0.10555213969847602, 'ml-object-detection': 0.21918822539090696}, price_cost: 8870.890873, energy_cost: 470.084543, latency_p99 : 2.600670
wall_time_s    : 86.973
================================================================================

[info] Locust stopped
Updating function ml-image-processing to cpu: 354m, memory: 50Mi
Updating Deployment resource configuration...

Updating function ml-object-detection to cpu: 5998m, memory: 503Mi
Updating Deployment resource configuration...

[info] Original replicas=17, selector='environmentName=ml-image-processing,environmentNamespace=default,environmentUid=8dcaa936-04ed-49cf-8ddf-36cdc234cbfd,executorType=newdeploy,functionName=ml-image-processing,functionNamespace=default,functionUid=d8529cac-3c02-4647-a616-8254b24ce685'
[info] Original replicas=49, selector='environmentName=yolo,environmentNamespace=default,environmentUid=4b5fef2f-7951-477c-a9c0-ef0af047a425,executorType=newdeploy,functionName=ml-object-detection,functionNamespace=default,functionUid=dc6d8a52-8de2-4fbb-beef-7bcaa92aa890'
[ok] Patched Deployment resources
[ok] Patched Deployment resources
[ok] Verified Deployment template resources: requests={'cpu': '1500m', 'memory': '400Mi'} limits={'cpu': '5998m', 'memory': '503Mi'}
[info] Scaling deployment to 0 replicas to force full pod replacement
[ok] Verified Deployment template resources: requests={'cpu': '300m', 'memory': '50Mi'} limits={'cpu': '354m', 'memory': '50Mi'}
[info] Scaling deployment to 0 replicas to force full pod replacement
[ok] All pods terminated (replicas=0)
[info] Scaling deployment back to 17 replicas
[ok] All pods terminated (replicas=0)
[info] Scaling deployment back to 49 replicas
[ok] Rollout completed after scale-to-zero
[verify] newest RS=newdeploy-ml-image-processing-default-a616-8254b24ce685-89b85f4f pods=17 ready=17
[ok] Verified newest ReplicaSet template resources match expected
[ok] Rollout completed after scale-to-zero
[verify] newest RS=newdeploy-ml-object-detection-default-beef-7bcaa92aa890-5b446c65f4 pods=49 ready=49
[ok] Verified newest ReplicaSet template resources match expected
[info] Started Locust with PID 1619938
[info] start sleep for 30s
[info] sleep done
\Start sampling in parallel...
Workflow e2e p99 latency (65 completed in 16.9s, parallel, 8 workers): 1.906s
Average stage latencies:
  - ml-image-processing: 0.249s
  - ml-object-detection: 0.156s
================================================================================
objective      : price
resource_config: [{'cpu_m': 354, 'memory_mi': 50}, {'cpu_m': 5998, 'memory_mi': 503}], latencies: {'ml-image-processing': 0.2494354341035852, 'ml-object-detection': 0.15628514167351218}, price_cost: 8256.002894, energy_cost: 418.311319, latency_p99 : 1.906175
wall_time_s    : 80.911
================================================================================

[info] Locust stopped
[info] Locust is not running
================================================================================

Batch 11: best_feasible_cost (random, qNEI) = (8024.781521216394, 7620.564835991134), best_constraint =  -0.191 (<=0 feasible), time = 265.95.
Best feasible resource configuration: [{'cpu_m': 340, 'memory_mi': 50}, {'cpu_m': 5955, 'memory_mi': 496}]

================================================================================
/home/cc/miniconda3/envs/faas/lib/python3.10/site-packages/botorch/acquisition/monte_carlo.py:502: NumericsWarning: qNoisyExpectedImprovement has known numerical issues that lead to suboptimal optimization performance. It is strongly recommended to simply replace

	 qNoisyExpectedImprovement 	 --> 	 qLogNoisyExpectedImprovement 

instead, which fixes the issues and has the same API. See https://arxiv.org/abs/2310.20708 for details.
  legacy_ei_numerics_warning(legacy_name=type(self).__name__)
Updating function ml-image-processing to cpu: 313m, memory: 50Mi
Updating Deployment resource configuration...

Updating function ml-object-detection to cpu: 4945m, memory: 483Mi
Updating Deployment resource configuration...

[info] Original replicas=17, selector='environmentName=ml-image-processing,environmentNamespace=default,environmentUid=8dcaa936-04ed-49cf-8ddf-36cdc234cbfd,executorType=newdeploy,functionName=ml-image-processing,functionNamespace=default,functionUid=d8529cac-3c02-4647-a616-8254b24ce685'
[info] Original replicas=49, selector='environmentName=yolo,environmentNamespace=default,environmentUid=4b5fef2f-7951-477c-a9c0-ef0af047a425,executorType=newdeploy,functionName=ml-object-detection,functionNamespace=default,functionUid=dc6d8a52-8de2-4fbb-beef-7bcaa92aa890'
[ok] Patched Deployment resources
[ok] Patched Deployment resources
[ok] Verified Deployment template resources: requests={'cpu': '300m', 'memory': '50Mi'} limits={'cpu': '313m', 'memory': '50Mi'}
[info] Scaling deployment to 0 replicas to force full pod replacement
[ok] Verified Deployment template resources: requests={'cpu': '1500m', 'memory': '400Mi'} limits={'cpu': '4945m', 'memory': '483Mi'}
[info] Scaling deployment to 0 replicas to force full pod replacement
[ok] All pods terminated (replicas=0)
[info] Scaling deployment back to 49 replicas
[ok] All pods terminated (replicas=0)
[info] Scaling deployment back to 17 replicas
[ok] Rollout completed after scale-to-zero
[verify] newest RS=newdeploy-ml-image-processing-default-a616-8254b24ce685-748cf75759 pods=17 ready=17
[ok] Verified newest ReplicaSet template resources match expected
[ok] Rollout completed after scale-to-zero
[verify] newest RS=newdeploy-ml-object-detection-default-beef-7bcaa92aa890-6b9b7c598c pods=49 ready=49
[ok] Verified newest ReplicaSet template resources match expected
[info] Started Locust with PID 1630050
[info] start sleep for 30s
[info] sleep done
\Start sampling in parallel...
Workflow e2e p99 latency (56 completed in 17.8s, parallel, 8 workers): 4.297s
Average stage latencies:
  - ml-image-processing: 0.275s
  - ml-object-detection: 0.167s
================================================================================
objective      : price
resource_config: [{'cpu_m': 313, 'memory_mi': 50}, {'cpu_m': 4945, 'memory_mi': 483}], latencies: {'ml-image-processing': 0.2751067286174345, 'ml-object-detection': 0.1669496623716051}, price_cost: 7303.044458, energy_cost: 399.459832, latency_p99 : 4.296888
wall_time_s    : 80.878
================================================================================

[info] Locust stopped
Updating function ml-image-processing to cpu: 300m, memory: 50Mi
Updating Deployment resource configuration...

Updating function ml-object-detection to cpu: 4702m, memory: 512Mi
Updating Deployment resource configuration...

[info] Original replicas=17, selector='environmentName=ml-image-processing,environmentNamespace=default,environmentUid=8dcaa936-04ed-49cf-8ddf-36cdc234cbfd,executorType=newdeploy,functionName=ml-image-processing,functionNamespace=default,functionUid=d8529cac-3c02-4647-a616-8254b24ce685'
[info] Original replicas=49, selector='environmentName=yolo,environmentNamespace=default,environmentUid=4b5fef2f-7951-477c-a9c0-ef0af047a425,executorType=newdeploy,functionName=ml-object-detection,functionNamespace=default,functionUid=dc6d8a52-8de2-4fbb-beef-7bcaa92aa890'
[ok] Patched Deployment resources
[ok] Patched Deployment resources
[ok] Verified Deployment template resources: requests={'cpu': '1500m', 'memory': '400Mi'} limits={'cpu': '4702m', 'memory': '512Mi'}
[info] Scaling deployment to 0 replicas to force full pod replacement
[ok] Verified Deployment template resources: requests={'cpu': '300m', 'memory': '50Mi'} limits={'cpu': '300m', 'memory': '50Mi'}
[info] Scaling deployment to 0 replicas to force full pod replacement
[ok] All pods terminated (replicas=0)
[info] Scaling deployment back to 49 replicas
[ok] All pods terminated (replicas=0)
[info] Scaling deployment back to 17 replicas
[ok] Rollout completed after scale-to-zero
[verify] newest RS=newdeploy-ml-object-detection-default-beef-7bcaa92aa890-698456f96d pods=49 ready=49
[ok] Verified newest ReplicaSet template resources match expected
[ok] Rollout completed after scale-to-zero
[verify] newest RS=newdeploy-ml-image-processing-default-a616-8254b24ce685-5789945b5f pods=17 ready=17
[ok] Verified newest ReplicaSet template resources match expected
[info] Started Locust with PID 1634337
[info] start sleep for 30s
[info] sleep done
\Start sampling in parallel...
Workflow e2e p99 latency (53 completed in 17.5s, parallel, 8 workers): 4.414s
Average stage latencies:
  - ml-image-processing: 0.304s
  - ml-object-detection: 0.172s
================================================================================
objective      : price
resource_config: [{'cpu_m': 300, 'memory_mi': 50}, {'cpu_m': 4702, 'memory_mi': 512}], latencies: {'ml-image-processing': 0.3038186303357471, 'ml-object-detection': 0.17166402609140244}, price_cost: 7166.539452, energy_cost: 393.489803, latency_p99 : 4.414440
wall_time_s    : 80.329
================================================================================

[info] Locust stopped
Updating function ml-image-processing to cpu: 351m, memory: 68Mi
Updating Deployment resource configuration...

Updating function ml-object-detection to cpu: 4292m, memory: 464Mi
Updating Deployment resource configuration...

[info] Original replicas=17, selector='environmentName=ml-image-processing,environmentNamespace=default,environmentUid=8dcaa936-04ed-49cf-8ddf-36cdc234cbfd,executorType=newdeploy,functionName=ml-image-processing,functionNamespace=default,functionUid=d8529cac-3c02-4647-a616-8254b24ce685'
[info] Original replicas=49, selector='environmentName=yolo,environmentNamespace=default,environmentUid=4b5fef2f-7951-477c-a9c0-ef0af047a425,executorType=newdeploy,functionName=ml-object-detection,functionNamespace=default,functionUid=dc6d8a52-8de2-4fbb-beef-7bcaa92aa890'
[ok] Patched Deployment resources
[ok] Patched Deployment resources
[ok] Verified Deployment template resources: requests={'cpu': '300m', 'memory': '50Mi'} limits={'cpu': '351m', 'memory': '68Mi'}
[info] Scaling deployment to 0 replicas to force full pod replacement
[ok] Verified Deployment template resources: requests={'cpu': '1500m', 'memory': '400Mi'} limits={'cpu': '4292m', 'memory': '464Mi'}
[info] Scaling deployment to 0 replicas to force full pod replacement
[ok] All pods terminated (replicas=0)
[info] Scaling deployment back to 17 replicas
[ok] All pods terminated (replicas=0)
[info] Scaling deployment back to 49 replicas
[ok] Rollout completed after scale-to-zero
[verify] newest RS=newdeploy-ml-image-processing-default-a616-8254b24ce685-7f7c4f9888 pods=17 ready=17
[ok] Verified newest ReplicaSet template resources match expected
[ok] Rollout completed after scale-to-zero
[verify] newest RS=newdeploy-ml-object-detection-default-beef-7bcaa92aa890-55cc69d556 pods=49 ready=49
[ok] Verified newest ReplicaSet template resources match expected
[info] Started Locust with PID 1638552
[info] start sleep for 30s
[info] sleep done
\Start sampling in parallel...
Workflow e2e p99 latency (56 completed in 16.8s, parallel, 8 workers): 5.023s
Average stage latencies:
  - ml-image-processing: 0.255s
  - ml-object-detection: 0.218s
================================================================================
objective      : price
resource_config: [{'cpu_m': 351, 'memory_mi': 68}, {'cpu_m': 4292, 'memory_mi': 464}], latencies: {'ml-image-processing': 0.2550129888861972, 'ml-object-detection': 0.21849385851029574}, price_cost: 8277.500118, energy_cost: 409.602139, latency_p99 : 5.023219
wall_time_s    : 82.957
================================================================================

[info] Locust stopped
[info] Locust is not running
================================================================================

Batch 12: best_feasible_cost (random, qNEI) = (8024.781521216394, 7620.564835991134), best_constraint =  -0.191 (<=0 feasible), time = 254.01.
Best feasible resource configuration: [{'cpu_m': 340, 'memory_mi': 50}, {'cpu_m': 5955, 'memory_mi': 496}]

================================================================================
/home/cc/miniconda3/envs/faas/lib/python3.10/site-packages/botorch/acquisition/monte_carlo.py:502: NumericsWarning: qNoisyExpectedImprovement has known numerical issues that lead to suboptimal optimization performance. It is strongly recommended to simply replace

	 qNoisyExpectedImprovement 	 --> 	 qLogNoisyExpectedImprovement 

instead, which fixes the issues and has the same API. See https://arxiv.org/abs/2310.20708 for details.
  legacy_ei_numerics_warning(legacy_name=type(self).__name__)
Updating function ml-image-processing to cpu: 353m, memory: 51Mi
Updating Deployment resource configuration...

Updating function ml-object-detection to cpu: 4762m, memory: 400Mi
Updating Deployment resource configuration...

[info] Original replicas=17, selector='environmentName=ml-image-processing,environmentNamespace=default,environmentUid=8dcaa936-04ed-49cf-8ddf-36cdc234cbfd,executorType=newdeploy,functionName=ml-image-processing,functionNamespace=default,functionUid=d8529cac-3c02-4647-a616-8254b24ce685'
[info] Original replicas=49, selector='environmentName=yolo,environmentNamespace=default,environmentUid=4b5fef2f-7951-477c-a9c0-ef0af047a425,executorType=newdeploy,functionName=ml-object-detection,functionNamespace=default,functionUid=dc6d8a52-8de2-4fbb-beef-7bcaa92aa890'
[ok] Patched Deployment resources
[ok] Patched Deployment resources
[ok] Verified Deployment template resources: requests={'cpu': '300m', 'memory': '50Mi'} limits={'cpu': '353m', 'memory': '51Mi'}
[info] Scaling deployment to 0 replicas to force full pod replacement
[ok] Verified Deployment template resources: requests={'cpu': '1500m', 'memory': '400Mi'} limits={'cpu': '4762m', 'memory': '400Mi'}
[info] Scaling deployment to 0 replicas to force full pod replacement
[ok] All pods terminated (replicas=0)
[info] Scaling deployment back to 17 replicas
[ok] All pods terminated (replicas=0)
[info] Scaling deployment back to 49 replicas
[ok] Rollout completed after scale-to-zero
[verify] newest RS=newdeploy-ml-image-processing-default-a616-8254b24ce685-5b95c8cb65 pods=17 ready=17
[ok] Verified newest ReplicaSet template resources match expected
[ok] Rollout completed after scale-to-zero
[verify] newest RS=newdeploy-ml-object-detection-default-beef-7bcaa92aa890-6b4b76c6bd pods=49 ready=49
[ok] Verified newest ReplicaSet template resources match expected
[info] Started Locust with PID 1649834
[info] start sleep for 30s
[info] sleep done
\Start sampling in parallel...
Workflow e2e p99 latency (61 completed in 17.0s, parallel, 8 workers): 3.179s
Average stage latencies:
  - ml-image-processing: 0.253s
  - ml-object-detection: 0.172s
================================================================================
objective      : price
resource_config: [{'cpu_m': 353, 'memory_mi': 51}, {'cpu_m': 4762, 'memory_mi': 400}], latencies: {'ml-image-processing': 0.2529208162555196, 'ml-object-detection': 0.17239951639298778}, price_cost: 7266.167806, energy_cost: 417.165071, latency_p99 : 3.178553
wall_time_s    : 80.577
================================================================================

[info] Locust stopped
Updating function ml-image-processing to cpu: 300m, memory: 69Mi
Updating Deployment resource configuration...

Updating function ml-object-detection to cpu: 5224m, memory: 462Mi
Updating Deployment resource configuration...

[info] Original replicas=17, selector='environmentName=ml-image-processing,environmentNamespace=default,environmentUid=8dcaa936-04ed-49cf-8ddf-36cdc234cbfd,executorType=newdeploy,functionName=ml-image-processing,functionNamespace=default,functionUid=d8529cac-3c02-4647-a616-8254b24ce685'
[info] Original replicas=49, selector='environmentName=yolo,environmentNamespace=default,environmentUid=4b5fef2f-7951-477c-a9c0-ef0af047a425,executorType=newdeploy,functionName=ml-object-detection,functionNamespace=default,functionUid=dc6d8a52-8de2-4fbb-beef-7bcaa92aa890'
[ok] Patched Deployment resources
[ok] Patched Deployment resources
[ok] Verified Deployment template resources: requests={'cpu': '300m', 'memory': '50Mi'} limits={'cpu': '300m', 'memory': '69Mi'}
[info] Scaling deployment to 0 replicas to force full pod replacement
[ok] Verified Deployment template resources: requests={'cpu': '1500m', 'memory': '400Mi'} limits={'cpu': '5224m', 'memory': '462Mi'}
[info] Scaling deployment to 0 replicas to force full pod replacement
[ok] All pods terminated (replicas=0)
[info] Scaling deployment back to 49 replicas
[ok] All pods terminated (replicas=0)
[info] Scaling deployment back to 17 replicas
[ok] Rollout completed after scale-to-zero
[verify] newest RS=newdeploy-ml-image-processing-default-a616-8254b24ce685-688948df9 pods=17 ready=17
[ok] Verified newest ReplicaSet template resources match expected
[ok] Rollout completed after scale-to-zero
[verify] newest RS=newdeploy-ml-object-detection-default-beef-7bcaa92aa890-67987dfc9 pods=49 ready=49
[ok] Verified newest ReplicaSet template resources match expected
[info] Started Locust with PID 1654222
[info] start sleep for 30s
[info] sleep done
\Start sampling in parallel...
Workflow e2e p99 latency (56 completed in 18.5s, parallel, 8 workers): 2.657s
Average stage latencies:
  - ml-image-processing: 0.305s
  - ml-object-detection: 0.151s
================================================================================
objective      : price
resource_config: [{'cpu_m': 300, 'memory_mi': 69}, {'cpu_m': 5224, 'memory_mi': 462}], latencies: {'ml-image-processing': 0.3053640867749761, 'ml-object-detection': 0.15104920664037177}, price_cost: 7004.927863, energy_cost: 389.491523, latency_p99 : 2.657260
wall_time_s    : 85.461
================================================================================

[info] Locust stopped
Updating function ml-image-processing to cpu: 471m, memory: 67Mi
Updating Deployment resource configuration...

Updating function ml-object-detection to cpu: 2669m, memory: 408Mi
Updating Deployment resource configuration...

[info] Original replicas=17, selector='environmentName=ml-image-processing,environmentNamespace=default,environmentUid=8dcaa936-04ed-49cf-8ddf-36cdc234cbfd,executorType=newdeploy,functionName=ml-image-processing,functionNamespace=default,functionUid=d8529cac-3c02-4647-a616-8254b24ce685'
[info] Original replicas=49, selector='environmentName=yolo,environmentNamespace=default,environmentUid=4b5fef2f-7951-477c-a9c0-ef0af047a425,executorType=newdeploy,functionName=ml-object-detection,functionNamespace=default,functionUid=dc6d8a52-8de2-4fbb-beef-7bcaa92aa890'
[ok] Patched Deployment resources
[ok] Patched Deployment resources
[ok] Verified Deployment template resources: requests={'cpu': '1500m', 'memory': '400Mi'} limits={'cpu': '2669m', 'memory': '408Mi'}
[info] Scaling deployment to 0 replicas to force full pod replacement
[ok] Verified Deployment template resources: requests={'cpu': '300m', 'memory': '50Mi'} limits={'cpu': '471m', 'memory': '67Mi'}
[info] Scaling deployment to 0 replicas to force full pod replacement
[ok] All pods terminated (replicas=0)
[info] Scaling deployment back to 49 replicas
[ok] All pods terminated (replicas=0)
[info] Scaling deployment back to 17 replicas
[ok] Rollout completed after scale-to-zero
[verify] newest RS=newdeploy-ml-image-processing-default-a616-8254b24ce685-5d878967bb pods=17 ready=17
[ok] Verified newest ReplicaSet template resources match expected
[ok] Rollout completed after scale-to-zero
[verify] newest RS=newdeploy-ml-object-detection-default-beef-7bcaa92aa890-7487b96df8 pods=49 ready=49
[ok] Verified newest ReplicaSet template resources match expected
[info] Started Locust with PID 1658119
[info] start sleep for 30s
[info] sleep done
\Start sampling in parallel...
Workflow e2e p99 latency (45 completed in 19.1s, parallel, 8 workers): 9.000s
Average stage latencies:
  - ml-image-processing: 0.146s
  - ml-object-detection: 0.438s
================================================================================
objective      : price
resource_config: [{'cpu_m': 471, 'memory_mi': 67}, {'cpu_m': 2669, 'memory_mi': 408}], latencies: {'ml-image-processing': 0.14562324777637659, 'ml-object-detection': 0.4380775231769995}, price_cost: 10223.036491, energy_cost: 370.233746, latency_p99 : 9.000000
wall_time_s    : 86.391
================================================================================

[info] Locust stopped
[info] Locust is not running
================================================================================

Batch 13: best_feasible_cost (random, qNEI) = (8024.781521216394, 7004.927862513031), best_constraint =  -0.343 (<=0 feasible), time = 260.25.
Best feasible resource configuration: [{'cpu_m': 300, 'memory_mi': 69}, {'cpu_m': 5224, 'memory_mi': 462}]

================================================================================
/home/cc/miniconda3/envs/faas/lib/python3.10/site-packages/botorch/acquisition/monte_carlo.py:502: NumericsWarning: qNoisyExpectedImprovement has known numerical issues that lead to suboptimal optimization performance. It is strongly recommended to simply replace

	 qNoisyExpectedImprovement 	 --> 	 qLogNoisyExpectedImprovement 

instead, which fixes the issues and has the same API. See https://arxiv.org/abs/2310.20708 for details.
  legacy_ei_numerics_warning(legacy_name=type(self).__name__)
Updating function ml-image-processing to cpu: 783m, memory: 70Mi
Updating Deployment resource configuration...

Updating function ml-object-detection to cpu: 6000m, memory: 511Mi
Updating Deployment resource configuration...

[info] Original replicas=17, selector='environmentName=ml-image-processing,environmentNamespace=default,environmentUid=8dcaa936-04ed-49cf-8ddf-36cdc234cbfd,executorType=newdeploy,functionName=ml-image-processing,functionNamespace=default,functionUid=d8529cac-3c02-4647-a616-8254b24ce685'
[info] Original replicas=49, selector='environmentName=yolo,environmentNamespace=default,environmentUid=4b5fef2f-7951-477c-a9c0-ef0af047a425,executorType=newdeploy,functionName=ml-object-detection,functionNamespace=default,functionUid=dc6d8a52-8de2-4fbb-beef-7bcaa92aa890'
[ok] Patched Deployment resources
[ok] Patched Deployment resources
[ok] Verified Deployment template resources: requests={'cpu': '1500m', 'memory': '400Mi'} limits={'cpu': '6', 'memory': '511Mi'}
[info] Scaling deployment to 0 replicas to force full pod replacement
[ok] Verified Deployment template resources: requests={'cpu': '300m', 'memory': '50Mi'} limits={'cpu': '783m', 'memory': '70Mi'}
[info] Scaling deployment to 0 replicas to force full pod replacement
[ok] All pods terminated (replicas=0)
[info] Scaling deployment back to 49 replicas
[ok] All pods terminated (replicas=0)
[info] Scaling deployment back to 17 replicas
[ok] Deleted HPA newdeploy-ml-object-detection-default-beef-7bcaa92aa890
[ok] Rollout completed after scale-to-zero
[verify] newest RS=newdeploy-ml-object-detection-default-beef-7bcaa92aa890-5f67d64c68 pods=49 ready=49
[ok] Verified newest ReplicaSet template resources match expected
[ok] Rollout completed after scale-to-zero
[verify] newest RS=newdeploy-ml-image-processing-default-a616-8254b24ce685-796d5888cf pods=17 ready=17
[ok] Verified newest ReplicaSet template resources match expected
[info] Started Locust with PID 1669660
[info] start sleep for 30s
[info] sleep done
\Start sampling in parallel...
Workflow e2e p99 latency (75 completed in 16.6s, parallel, 8 workers): 1.212s
Average stage latencies:
  - ml-image-processing: 0.112s
  - ml-object-detection: 0.174s
================================================================================
objective      : price
resource_config: [{'cpu_m': 783, 'memory_mi': 70}, {'cpu_m': 6000, 'memory_mi': 511}], latencies: {'ml-image-processing': 0.11180364577099682, 'ml-object-detection': 0.1736422802383701}, price_cost: 9144.370196, energy_cost: 472.836966, latency_p99 : 1.211794
wall_time_s    : 79.384
================================================================================

[info] Locust stopped
Updating function ml-image-processing to cpu: 300m, memory: 50Mi
Updating Deployment resource configuration...

Updating function ml-object-detection to cpu: 5962m, memory: 400Mi
Updating Deployment resource configuration...

[info] Original replicas=17, selector='environmentName=ml-image-processing,environmentNamespace=default,environmentUid=8dcaa936-04ed-49cf-8ddf-36cdc234cbfd,executorType=newdeploy,functionName=ml-image-processing,functionNamespace=default,functionUid=d8529cac-3c02-4647-a616-8254b24ce685'
[info] Original replicas=49, selector='environmentName=yolo,environmentNamespace=default,environmentUid=4b5fef2f-7951-477c-a9c0-ef0af047a425,executorType=newdeploy,functionName=ml-object-detection,functionNamespace=default,functionUid=dc6d8a52-8de2-4fbb-beef-7bcaa92aa890'
[ok] Patched Deployment resources
[ok] Patched Deployment resources
[ok] Verified Deployment template resources: requests={'cpu': '1500m', 'memory': '400Mi'} limits={'cpu': '5962m', 'memory': '400Mi'}
[info] Scaling deployment to 0 replicas to force full pod replacement
[ok] Verified Deployment template resources: requests={'cpu': '300m', 'memory': '50Mi'} limits={'cpu': '300m', 'memory': '50Mi'}
[info] Scaling deployment to 0 replicas to force full pod replacement
[ok] All pods terminated (replicas=0)
[info] Scaling deployment back to 49 replicas
[ok] All pods terminated (replicas=0)
[info] Scaling deployment back to 17 replicas
[ok] Rollout completed after scale-to-zero
[verify] newest RS=newdeploy-ml-object-detection-default-beef-7bcaa92aa890-6d4c76df56 pods=49 ready=49
[ok] Verified newest ReplicaSet template resources match expected
[ok] Rollout completed after scale-to-zero
[verify] newest RS=newdeploy-ml-image-processing-default-a616-8254b24ce685-5789945b5f pods=17 ready=17
[ok] Verified newest ReplicaSet template resources match expected
[info] Started Locust with PID 1673701
[info] start sleep for 30s
[info] sleep done
\Start sampling in parallel...
Workflow e2e p99 latency (54 completed in 18.6s, parallel, 8 workers): 3.255s
Average stage latencies:
  - ml-image-processing: 0.280s
  - ml-object-detection: 0.138s
================================================================================
objective      : price
resource_config: [{'cpu_m': 300, 'memory_mi': 50}, {'cpu_m': 5962, 'memory_mi': 400}], latencies: {'ml-image-processing': 0.279819665916471, 'ml-object-detection': 0.1377264212437526}, price_cost: 7243.689468, energy_cost: 399.452017, latency_p99 : 3.254929
wall_time_s    : 81.433
================================================================================

[info] Locust stopped
Updating function ml-image-processing to cpu: 300m, memory: 50Mi
Updating Deployment resource configuration...

Updating function ml-object-detection to cpu: 5986m, memory: 400Mi
Updating Deployment resource configuration...

[info] Original replicas=17, selector='environmentName=ml-image-processing,environmentNamespace=default,environmentUid=8dcaa936-04ed-49cf-8ddf-36cdc234cbfd,executorType=newdeploy,functionName=ml-image-processing,functionNamespace=default,functionUid=d8529cac-3c02-4647-a616-8254b24ce685'
[info] Original replicas=49, selector='environmentName=yolo,environmentNamespace=default,environmentUid=4b5fef2f-7951-477c-a9c0-ef0af047a425,executorType=newdeploy,functionName=ml-object-detection,functionNamespace=default,functionUid=dc6d8a52-8de2-4fbb-beef-7bcaa92aa890'
[ok] Patched Deployment resources
[ok] Patched Deployment resources
[ok] Verified Deployment template resources: requests={'cpu': '300m', 'memory': '50Mi'} limits={'cpu': '300m', 'memory': '50Mi'}
[info] Scaling deployment to 0 replicas to force full pod replacement
[ok] Verified Deployment template resources: requests={'cpu': '1500m', 'memory': '400Mi'} limits={'cpu': '5986m', 'memory': '400Mi'}
[info] Scaling deployment to 0 replicas to force full pod replacement
[ok] All pods terminated (replicas=0)
[info] Scaling deployment back to 17 replicas
[ok] Rollout completed after scale-to-zero
[verify] newest RS=newdeploy-ml-image-processing-default-a616-8254b24ce685-5789945b5f pods=0 ready=0
[ok] Verified newest ReplicaSet template resources match expected
[ok] All pods terminated (replicas=0)
[info] Scaling deployment back to 49 replicas
[ok] Rollout completed after scale-to-zero
[verify] newest RS=newdeploy-ml-object-detection-default-beef-7bcaa92aa890-575bbf9748 pods=49 ready=49
[ok] Verified newest ReplicaSet template resources match expected
[info] Started Locust with PID 1677747
[info] start sleep for 30s
[info] sleep done
\Start sampling in parallel...
Workflow e2e p99 latency (50 completed in 18.8s, parallel, 8 workers): 3.898s
Average stage latencies:
  - ml-image-processing: 0.285s
  - ml-object-detection: 0.143s
================================================================================
objective      : price
resource_config: [{'cpu_m': 300, 'memory_mi': 50}, {'cpu_m': 5986, 'memory_mi': 400}], latencies: {'ml-image-processing': 0.28501184619031844, 'ml-object-detection': 0.14274961978197098}, price_cost: 7532.449751, energy_cost: 381.481681, latency_p99 : 3.898008
wall_time_s    : 85.053
================================================================================

[info] Locust stopped
[info] Locust is not running
================================================================================

Batch 14: best_feasible_cost (random, qNEI) = (8024.781521216394, 7004.927862513031), best_constraint =  -0.343 (<=0 feasible), time = 252.82.
Best feasible resource configuration: [{'cpu_m': 300, 'memory_mi': 69}, {'cpu_m': 5224, 'memory_mi': 462}]

================================================================================
/home/cc/miniconda3/envs/faas/lib/python3.10/site-packages/botorch/acquisition/monte_carlo.py:502: NumericsWarning: qNoisyExpectedImprovement has known numerical issues that lead to suboptimal optimization performance. It is strongly recommended to simply replace

	 qNoisyExpectedImprovement 	 --> 	 qLogNoisyExpectedImprovement 

instead, which fixes the issues and has the same API. See https://arxiv.org/abs/2310.20708 for details.
  legacy_ei_numerics_warning(legacy_name=type(self).__name__)
Updating function ml-image-processing to cpu: 456m, memory: 51Mi
Updating Deployment resource configuration...

Updating function ml-object-detection to cpu: 4151m, memory: 433Mi
Updating Deployment resource configuration...

[info] Original replicas=17, selector='environmentName=ml-image-processing,environmentNamespace=default,environmentUid=8dcaa936-04ed-49cf-8ddf-36cdc234cbfd,executorType=newdeploy,functionName=ml-image-processing,functionNamespace=default,functionUid=d8529cac-3c02-4647-a616-8254b24ce685'
[info] Original replicas=49, selector='environmentName=yolo,environmentNamespace=default,environmentUid=4b5fef2f-7951-477c-a9c0-ef0af047a425,executorType=newdeploy,functionName=ml-object-detection,functionNamespace=default,functionUid=dc6d8a52-8de2-4fbb-beef-7bcaa92aa890'
[ok] Patched Deployment resources
[ok] Patched Deployment resources
[ok] Verified Deployment template resources: requests={'cpu': '1500m', 'memory': '400Mi'} limits={'cpu': '4151m', 'memory': '433Mi'}
[info] Scaling deployment to 0 replicas to force full pod replacement
[ok] Verified Deployment template resources: requests={'cpu': '300m', 'memory': '50Mi'} limits={'cpu': '456m', 'memory': '51Mi'}
[info] Scaling deployment to 0 replicas to force full pod replacement
[ok] All pods terminated (replicas=0)
[info] Scaling deployment back to 17 replicas
[ok] All pods terminated (replicas=0)
[info] Scaling deployment back to 49 replicas
[ok] Rollout completed after scale-to-zero
[verify] newest RS=newdeploy-ml-image-processing-default-a616-8254b24ce685-c9fdc8f9c pods=17 ready=17
[ok] Verified newest ReplicaSet template resources match expected
[ok] Rollout completed after scale-to-zero
[verify] newest RS=newdeploy-ml-object-detection-default-beef-7bcaa92aa890-6bcbd947b pods=49 ready=49
[ok] Verified newest ReplicaSet template resources match expected
[info] Started Locust with PID 1686998
[info] start sleep for 30s
[info] sleep done
\Start sampling in parallel...
Workflow e2e p99 latency (62 completed in 17.7s, parallel, 8 workers): 2.396s
Average stage latencies:
  - ml-image-processing: 0.203s
  - ml-object-detection: 0.222s
================================================================================
objective      : price
resource_config: [{'cpu_m': 456, 'memory_mi': 51}, {'cpu_m': 4151, 'memory_mi': 433}], latencies: {'ml-image-processing': 0.2029522230938798, 'ml-object-detection': 0.2215027957779145}, price_cost: 8126.394461, energy_cost: 432.793256, latency_p99 : 2.395923
wall_time_s    : 85.575
================================================================================

[info] Locust stopped
Updating function ml-image-processing to cpu: 300m, memory: 69Mi
Updating Deployment resource configuration...

Updating function ml-object-detection to cpu: 5330m, memory: 400Mi
Updating Deployment resource configuration...

[info] Original replicas=17, selector='environmentName=ml-image-processing,environmentNamespace=default,environmentUid=8dcaa936-04ed-49cf-8ddf-36cdc234cbfd,executorType=newdeploy,functionName=ml-image-processing,functionNamespace=default,functionUid=d8529cac-3c02-4647-a616-8254b24ce685'
[info] Original replicas=49, selector='environmentName=yolo,environmentNamespace=default,environmentUid=4b5fef2f-7951-477c-a9c0-ef0af047a425,executorType=newdeploy,functionName=ml-object-detection,functionNamespace=default,functionUid=dc6d8a52-8de2-4fbb-beef-7bcaa92aa890'
[ok] Patched Deployment resources
[ok] Patched Deployment resources
[ok] Verified Deployment template resources: requests={'cpu': '300m', 'memory': '50Mi'} limits={'cpu': '300m', 'memory': '69Mi'}
[info] Scaling deployment to 0 replicas to force full pod replacement
[ok] Verified Deployment template resources: requests={'cpu': '1500m', 'memory': '400Mi'} limits={'cpu': '5330m', 'memory': '400Mi'}
[info] Scaling deployment to 0 replicas to force full pod replacement
[ok] All pods terminated (replicas=0)
[info] Scaling deployment back to 49 replicas
[ok] All pods terminated (replicas=0)
[info] Scaling deployment back to 17 replicas
[ok] Rollout completed after scale-to-zero
[ok] Rollout completed after scale-to-zero
[verify] newest RS=newdeploy-ml-image-processing-default-a616-8254b24ce685-688948df9 pods=17 ready=17
[ok] Verified newest ReplicaSet template resources match expected
[verify] newest RS=newdeploy-ml-object-detection-default-beef-7bcaa92aa890-fb775fd76 pods=49 ready=49
[ok] Verified newest ReplicaSet template resources match expected
[info] Started Locust with PID 1691007
[info] start sleep for 30s
[info] sleep done
\Start sampling in parallel...
Workflow e2e p99 latency (54 completed in 17.6s, parallel, 8 workers): 3.927s
Average stage latencies:
  - ml-image-processing: 0.288s
  - ml-object-detection: 0.149s
================================================================================
objective      : price
resource_config: [{'cpu_m': 300, 'memory_mi': 69}, {'cpu_m': 5330, 'memory_mi': 400}], latencies: {'ml-image-processing': 0.28768197511736715, 'ml-object-detection': 0.14862068311345797}, price_cost: 7008.842567, energy_cost: 393.119724, latency_p99 : 3.926852
wall_time_s    : 82.495
================================================================================

[info] Locust stopped
Updating function ml-image-processing to cpu: 334m, memory: 60Mi
Updating Deployment resource configuration...

Updating function ml-object-detection to cpu: 2636m, memory: 463Mi
Updating Deployment resource configuration...

[info] Original replicas=17, selector='environmentName=ml-image-processing,environmentNamespace=default,environmentUid=8dcaa936-04ed-49cf-8ddf-36cdc234cbfd,executorType=newdeploy,functionName=ml-image-processing,functionNamespace=default,functionUid=d8529cac-3c02-4647-a616-8254b24ce685'
[info] Original replicas=49, selector='environmentName=yolo,environmentNamespace=default,environmentUid=4b5fef2f-7951-477c-a9c0-ef0af047a425,executorType=newdeploy,functionName=ml-object-detection,functionNamespace=default,functionUid=dc6d8a52-8de2-4fbb-beef-7bcaa92aa890'
[ok] Patched Deployment resources
[ok] Patched Deployment resources
[ok] Verified Deployment template resources: requests={'cpu': '300m', 'memory': '50Mi'} limits={'cpu': '334m', 'memory': '60Mi'}
[info] Scaling deployment to 0 replicas to force full pod replacement
[ok] Verified Deployment template resources: requests={'cpu': '1500m', 'memory': '400Mi'} limits={'cpu': '2636m', 'memory': '463Mi'}
[info] Scaling deployment to 0 replicas to force full pod replacement
[ok] All pods terminated (replicas=0)
[info] Scaling deployment back to 49 replicas
[ok] All pods terminated (replicas=0)
[info] Scaling deployment back to 17 replicas
[ok] Rollout completed after scale-to-zero
[verify] newest RS=newdeploy-ml-image-processing-default-a616-8254b24ce685-699cfd9ff6 pods=17 ready=17
[ok] Verified newest ReplicaSet template resources match expected
[ok] Rollout completed after scale-to-zero
[verify] newest RS=newdeploy-ml-object-detection-default-beef-7bcaa92aa890-8668fbbb4d pods=49 ready=49
[ok] Verified newest ReplicaSet template resources match expected
[info] Started Locust with PID 1694989
[info] start sleep for 30s
[info] sleep done
\Start sampling in parallel...
Workflow e2e p99 latency (45 completed in 17.1s, parallel, 8 workers): 9.000s
Average stage latencies:
  - ml-image-processing: 0.260s
  - ml-object-detection: 0.438s
================================================================================
objective      : price
resource_config: [{'cpu_m': 334, 'memory_mi': 60}, {'cpu_m': 2636, 'memory_mi': 463}], latencies: {'ml-image-processing': 0.2603000644480855, 'ml-object-detection': 0.43808841262376164}, price_cost: 10170.454080, energy_cost: 367.967887, latency_p99 : 9.000000
wall_time_s    : 84.078
================================================================================

[info] Locust stopped
[info] Locust is not running
================================================================================

Batch 15: best_feasible_cost (random, qNEI) = (8024.781521216394, 7004.927862513031), best_constraint =  -0.343 (<=0 feasible), time = 260.72.
Best feasible resource configuration: [{'cpu_m': 300, 'memory_mi': 69}, {'cpu_m': 5224, 'memory_mi': 462}]

================================================================================
BO loop time: 4719.60 seconds
Best cost: 7004.927862513031
Best resource configuration: [{'cpu_m': 300, 'memory_mi': 69}, {'cpu_m': 5224, 'memory_mi': 462}]

========================================
Energy
drwxrwxr-x 2 cc cc   4096 Jan  6 01:33 __pycache__
-rw-rw-r-- 1 cc cc  20454 Jan  6 00:47 bayesian_optimization.py
drwxrwxr-x 2 cc cc   4096 Jan  5 15:43 bo_outputs_copy
-rw-rw-r-- 1 cc cc  12890 Jan  5 03:53 bo_utils.py
-rw-rw-r-- 1 cc cc  12286 Jan  5 01:06 check_result.py
-rw-rw-r-- 1 cc cc   7349 Jan  5 15:31 compute_stat.py
-rw-rw-r-- 1 cc cc   6640 Jan  5 15:43 compute_trade_off.py
-rw-rw-r-- 1 cc cc   1438 Jan  5 14:32 config.py
-rw-rw-r-- 1 cc cc   4214 Jan  5 17:31 manager.py
-rw-rw-r-- 1 cc cc   9045 Dec 16 05:41 original-bayesian_optimization.py
-rw-rw-r-- 1 cc cc  11668 Jan  5 15:23 original_bo_results_price_20260105_051239 copy.json
-rw-rw-r-- 1 cc cc   2423 Jan  3 19:23 pods_mapping.py
-rw-rw-r-- 1 cc cc   1486 Jan  5 02:36 temp.py

IS_ENERGY: True
No checkpoint found, starting fresh BO run.
Updating function ml-image-processing to cpu: 326m, memory: 56Mi
Updating Deployment resource configuration...

Updating function ml-object-detection to cpu: 3557m, memory: 466Mi
Updating Deployment resource configuration...

[info] Original replicas=17, selector='environmentName=ml-image-processing,environmentNamespace=default,environmentUid=8dcaa936-04ed-49cf-8ddf-36cdc234cbfd,executorType=newdeploy,functionName=ml-image-processing,functionNamespace=default,functionUid=d8529cac-3c02-4647-a616-8254b24ce685'
[info] Original replicas=49, selector='environmentName=yolo,environmentNamespace=default,environmentUid=4b5fef2f-7951-477c-a9c0-ef0af047a425,executorType=newdeploy,functionName=ml-object-detection,functionNamespace=default,functionUid=dc6d8a52-8de2-4fbb-beef-7bcaa92aa890'
[ok] Patched Deployment resources
[ok] Patched Deployment resources
[ok] Verified Deployment template resources: requests={'cpu': '1500m', 'memory': '400Mi'} limits={'cpu': '3557m', 'memory': '466Mi'}
[info] Scaling deployment to 0 replicas to force full pod replacement
[ok] Verified Deployment template resources: requests={'cpu': '300m', 'memory': '50Mi'} limits={'cpu': '326m', 'memory': '56Mi'}
[info] Scaling deployment to 0 replicas to force full pod replacement
[ok] All pods terminated (replicas=0)
[info] Scaling deployment back to 49 replicas
[ok] All pods terminated (replicas=0)
[info] Scaling deployment back to 17 replicas
[ok] Rollout completed after scale-to-zero
[verify] newest RS=newdeploy-ml-image-processing-default-a616-8254b24ce685-7dd9ddf8d8 pods=17 ready=17
[ok] Verified newest ReplicaSet template resources match expected
[ok] Rollout completed after scale-to-zero
[verify] newest RS=newdeploy-ml-object-detection-default-beef-7bcaa92aa890-7c6fbf8659 pods=49 ready=49
[ok] Verified newest ReplicaSet template resources match expected
[info] Started Locust with PID 1699417
[info] start sleep for 30s
[info] sleep done
\Start sampling in parallel...
Workflow e2e p99 latency (53 completed in 18.0s, parallel, 8 workers): 4.196s
Average stage latencies:
  - ml-image-processing: 0.313s
  - ml-object-detection: 0.272s
================================================================================
objective      : energy
resource_config: [{'cpu_m': 326, 'memory_mi': 56}, {'cpu_m': 3557, 'memory_mi': 466}], latencies: {'ml-image-processing': 0.31254146712006264, 'ml-object-detection': 0.2721019098798762}, price_cost: 8584.340185, energy_cost: 402.235006, latency_p99 : 4.195669
wall_time_s    : 82.174
================================================================================

[info] Locust stopped
Updating function ml-image-processing to cpu: 776m, memory: 55Mi
Updating Deployment resource configuration...

Updating function ml-object-detection to cpu: 3440m, memory: 509Mi
Updating Deployment resource configuration...

[info] Original replicas=17, selector='environmentName=ml-image-processing,environmentNamespace=default,environmentUid=8dcaa936-04ed-49cf-8ddf-36cdc234cbfd,executorType=newdeploy,functionName=ml-image-processing,functionNamespace=default,functionUid=d8529cac-3c02-4647-a616-8254b24ce685'
[info] Original replicas=49, selector='environmentName=yolo,environmentNamespace=default,environmentUid=4b5fef2f-7951-477c-a9c0-ef0af047a425,executorType=newdeploy,functionName=ml-object-detection,functionNamespace=default,functionUid=dc6d8a52-8de2-4fbb-beef-7bcaa92aa890'
[ok] Patched Deployment resources
[ok] Patched Deployment resources
[ok] Verified Deployment template resources: requests={'cpu': '1500m', 'memory': '400Mi'} limits={'cpu': '3440m', 'memory': '509Mi'}
[info] Scaling deployment to 0 replicas to force full pod replacement
[ok] Verified Deployment template resources: requests={'cpu': '300m', 'memory': '50Mi'} limits={'cpu': '776m', 'memory': '55Mi'}
[info] Scaling deployment to 0 replicas to force full pod replacement
[ok] All pods terminated (replicas=0)
[info] Scaling deployment back to 17 replicas
[ok] All pods terminated (replicas=0)
[info] Scaling deployment back to 49 replicas
[ok] Rollout completed after scale-to-zero
[verify] newest RS=newdeploy-ml-image-processing-default-a616-8254b24ce685-99d5c7b49 pods=17 ready=17
[ok] Verified newest ReplicaSet template resources match expected
[ok] Rollout completed after scale-to-zero
[verify] newest RS=newdeploy-ml-object-detection-default-beef-7bcaa92aa890-d9b665f55 pods=49 ready=49
[ok] Verified newest ReplicaSet template resources match expected
[info] Started Locust with PID 1703599
[info] start sleep for 30s
[info] sleep done
\Start sampling in parallel...
Workflow e2e p99 latency (63 completed in 19.2s, parallel, 8 workers): 9.000s
Average stage latencies:
  - ml-image-processing: 0.099s
  - ml-object-detection: 0.298s
================================================================================
objective      : energy
resource_config: [{'cpu_m': 776, 'memory_mi': 55}, {'cpu_m': 3440, 'memory_mi': 509}], latencies: {'ml-image-processing': 0.09863673098629615, 'ml-object-detection': 0.2984532680301393}, price_cost: 9020.962424, energy_cost: 417.177583, latency_p99 : 9.000000
wall_time_s    : 83.548
================================================================================

[info] Locust stopped
Updating function ml-image-processing to cpu: 457m, memory: 66Mi
Updating Deployment resource configuration...

Updating function ml-object-detection to cpu: 4276m, memory: 482Mi
Updating Deployment resource configuration...

[info] Original replicas=17, selector='environmentName=ml-image-processing,environmentNamespace=default,environmentUid=8dcaa936-04ed-49cf-8ddf-36cdc234cbfd,executorType=newdeploy,functionName=ml-image-processing,functionNamespace=default,functionUid=d8529cac-3c02-4647-a616-8254b24ce685'
[info] Original replicas=49, selector='environmentName=yolo,environmentNamespace=default,environmentUid=4b5fef2f-7951-477c-a9c0-ef0af047a425,executorType=newdeploy,functionName=ml-object-detection,functionNamespace=default,functionUid=dc6d8a52-8de2-4fbb-beef-7bcaa92aa890'
[ok] Patched Deployment resources
[ok] Patched Deployment resources
[ok] Verified Deployment template resources: requests={'cpu': '1500m', 'memory': '400Mi'} limits={'cpu': '4276m', 'memory': '482Mi'}
[info] Scaling deployment to 0 replicas to force full pod replacement
[ok] Verified Deployment template resources: requests={'cpu': '300m', 'memory': '50Mi'} limits={'cpu': '457m', 'memory': '66Mi'}
[info] Scaling deployment to 0 replicas to force full pod replacement
[ok] All pods terminated (replicas=0)
[info] Scaling deployment back to 17 replicas
[ok] All pods terminated (replicas=0)
[info] Scaling deployment back to 49 replicas
[ok] Rollout completed after scale-to-zero
[verify] newest RS=newdeploy-ml-image-processing-default-a616-8254b24ce685-5c8fd499f7 pods=17 ready=17
[ok] Verified newest ReplicaSet template resources match expected
[ok] Rollout completed after scale-to-zero
[verify] newest RS=newdeploy-ml-object-detection-default-beef-7bcaa92aa890-54f669fcfb pods=49 ready=49
[ok] Verified newest ReplicaSet template resources match expected
[info] Started Locust with PID 1707623
[info] start sleep for 30s
[info] sleep done
\Start sampling in parallel...
Workflow e2e p99 latency (62 completed in 16.3s, parallel, 8 workers): 2.083s
Average stage latencies:
  - ml-image-processing: 0.201s
  - ml-object-detection: 0.243s
================================================================================
objective      : energy
resource_config: [{'cpu_m': 457, 'memory_mi': 66}, {'cpu_m': 4276, 'memory_mi': 482}], latencies: {'ml-image-processing': 0.20056094378683595, 'ml-object-detection': 0.24256119490300695}, price_cost: 9135.067339, energy_cost: 12349.111042, latency_p99 : 2.082996
wall_time_s    : 81.409
================================================================================

[info] Locust stopped
Updating function ml-image-processing to cpu: 735m, memory: 67Mi
Updating Deployment resource configuration...

Updating function ml-object-detection to cpu: 4601m, memory: 440Mi
Updating Deployment resource configuration...

[info] Original replicas=17, selector='environmentName=ml-image-processing,environmentNamespace=default,environmentUid=8dcaa936-04ed-49cf-8ddf-36cdc234cbfd,executorType=newdeploy,functionName=ml-image-processing,functionNamespace=default,functionUid=d8529cac-3c02-4647-a616-8254b24ce685'
[info] Original replicas=49, selector='environmentName=yolo,environmentNamespace=default,environmentUid=4b5fef2f-7951-477c-a9c0-ef0af047a425,executorType=newdeploy,functionName=ml-object-detection,functionNamespace=default,functionUid=dc6d8a52-8de2-4fbb-beef-7bcaa92aa890'
[ok] Patched Deployment resources
[ok] Patched Deployment resources
[ok] Verified Deployment template resources: requests={'cpu': '300m', 'memory': '50Mi'} limits={'cpu': '735m', 'memory': '67Mi'}
[info] Scaling deployment to 0 replicas to force full pod replacement
[ok] Verified Deployment template resources: requests={'cpu': '1500m', 'memory': '400Mi'} limits={'cpu': '4601m', 'memory': '440Mi'}
[info] Scaling deployment to 0 replicas to force full pod replacement
[ok] All pods terminated (replicas=0)
[info] Scaling deployment back to 17 replicas
[ok] All pods terminated (replicas=0)
[info] Scaling deployment back to 49 replicas
[ok] Rollout completed after scale-to-zero
[verify] newest RS=newdeploy-ml-image-processing-default-a616-8254b24ce685-9dbc847dd pods=17 ready=17
[ok] Verified newest ReplicaSet template resources match expected
[ok] Rollout completed after scale-to-zero
[verify] newest RS=newdeploy-ml-object-detection-default-beef-7bcaa92aa890-6c8696665 pods=49 ready=49
[ok] Verified newest ReplicaSet template resources match expected
[info] Started Locust with PID 1711790
[info] start sleep for 30s
[info] sleep done
\Start sampling in parallel...
Workflow e2e p99 latency (69 completed in 17.3s, parallel, 8 workers): 2.639s
Average stage latencies:
  - ml-image-processing: 0.118s
  - ml-object-detection: 0.220s
================================================================================
objective      : energy
resource_config: [{'cpu_m': 735, 'memory_mi': 67}, {'cpu_m': 4601, 'memory_mi': 440}], latencies: {'ml-image-processing': 0.118095305107156, 'ml-object-detection': 0.2203239982313328}, price_cost: 8908.586443, energy_cost: 465.020944, latency_p99 : 2.638573
wall_time_s    : 85.812
================================================================================

[info] Locust stopped
Updating function ml-image-processing to cpu: 750m, memory: 64Mi
Updating Deployment resource configuration...

Updating function ml-object-detection to cpu: 2975m, memory: 454Mi
Updating Deployment resource configuration...

[info] Original replicas=49, selector='environmentName=yolo,environmentNamespace=default,environmentUid=4b5fef2f-7951-477c-a9c0-ef0af047a425,executorType=newdeploy,functionName=ml-object-detection,functionNamespace=default,functionUid=dc6d8a52-8de2-4fbb-beef-7bcaa92aa890'
[info] Original replicas=17, selector='environmentName=ml-image-processing,environmentNamespace=default,environmentUid=8dcaa936-04ed-49cf-8ddf-36cdc234cbfd,executorType=newdeploy,functionName=ml-image-processing,functionNamespace=default,functionUid=d8529cac-3c02-4647-a616-8254b24ce685'
[ok] Patched Deployment resources
[ok] Patched Deployment resources
[ok] Verified Deployment template resources: requests={'cpu': '1500m', 'memory': '400Mi'} limits={'cpu': '2975m', 'memory': '454Mi'}
[info] Scaling deployment to 0 replicas to force full pod replacement
[ok] Verified Deployment template resources: requests={'cpu': '300m', 'memory': '50Mi'} limits={'cpu': '750m', 'memory': '64Mi'}
[info] Scaling deployment to 0 replicas to force full pod replacement
[ok] All pods terminated (replicas=0)
[info] Scaling deployment back to 49 replicas
[ok] All pods terminated (replicas=0)
[info] Scaling deployment back to 17 replicas
[ok] Rollout completed after scale-to-zero
[verify] newest RS=newdeploy-ml-image-processing-default-a616-8254b24ce685-75c76dbc45 pods=17 ready=17
[ok] Verified newest ReplicaSet template resources match expected
[ok] Rollout completed after scale-to-zero
[verify] newest RS=newdeploy-ml-object-detection-default-beef-7bcaa92aa890-6d76bff97d pods=49 ready=49
[ok] Verified newest ReplicaSet template resources match expected
[info] Started Locust with PID 1715784
[info] start sleep for 30s
[info] sleep done
\Start sampling in parallel...
Workflow e2e p99 latency (48 completed in 19.6s, parallel, 8 workers): 9.000s
Average stage latencies:
  - ml-image-processing: 0.098s
  - ml-object-detection: 0.350s
================================================================================
objective      : energy
resource_config: [{'cpu_m': 750, 'memory_mi': 64}, {'cpu_m': 2975, 'memory_mi': 454}], latencies: {'ml-image-processing': 0.09758265044074506, 'ml-object-detection': 0.34952545296400783}, price_cost: 9126.896616, energy_cost: 389.409564, latency_p99 : 9.000000
wall_time_s    : 84.527
================================================================================

[info] Locust stopped
Updating function ml-image-processing to cpu: 724m, memory: 60Mi
Updating Deployment resource configuration...

Updating function ml-object-detection to cpu: 5915m, memory: 427Mi
Updating Deployment resource configuration...

[info] Original replicas=17, selector='environmentName=ml-image-processing,environmentNamespace=default,environmentUid=8dcaa936-04ed-49cf-8ddf-36cdc234cbfd,executorType=newdeploy,functionName=ml-image-processing,functionNamespace=default,functionUid=d8529cac-3c02-4647-a616-8254b24ce685'
[info] Original replicas=49, selector='environmentName=yolo,environmentNamespace=default,environmentUid=4b5fef2f-7951-477c-a9c0-ef0af047a425,executorType=newdeploy,functionName=ml-object-detection,functionNamespace=default,functionUid=dc6d8a52-8de2-4fbb-beef-7bcaa92aa890'
[ok] Patched Deployment resources
[ok] Patched Deployment resources
[ok] Verified Deployment template resources: requests={'cpu': '1500m', 'memory': '400Mi'} limits={'cpu': '5915m', 'memory': '427Mi'}
[info] Scaling deployment to 0 replicas to force full pod replacement
[ok] Verified Deployment template resources: requests={'cpu': '300m', 'memory': '50Mi'} limits={'cpu': '724m', 'memory': '60Mi'}
[info] Scaling deployment to 0 replicas to force full pod replacement
[ok] All pods terminated (replicas=0)
[info] Scaling deployment back to 17 replicas
[ok] All pods terminated (replicas=0)
[info] Scaling deployment back to 49 replicas
[ok] Deleted HPA newdeploy-ml-object-detection-default-beef-7bcaa92aa890
[ok] Rollout completed after scale-to-zero
[verify] newest RS=newdeploy-ml-image-processing-default-a616-8254b24ce685-779bc49678 pods=17 ready=17
[ok] Verified newest ReplicaSet template resources match expected
[ok] Rollout completed after scale-to-zero
[verify] newest RS=newdeploy-ml-object-detection-default-beef-7bcaa92aa890-68d9d49589 pods=49 ready=49
[ok] Verified newest ReplicaSet template resources match expected
[info] Started Locust with PID 1720041
[info] start sleep for 30s
[info] sleep done
\Start sampling in parallel...
Workflow e2e p99 latency (74 completed in 16.9s, parallel, 8 workers): 1.149s
Average stage latencies:
  - ml-image-processing: 0.120s
  - ml-object-detection: 0.174s
================================================================================
objective      : energy
resource_config: [{'cpu_m': 724, 'memory_mi': 60}, {'cpu_m': 5915, 'memory_mi': 427}], latencies: {'ml-image-processing': 0.11962983810745582, 'ml-object-detection': 0.17373224393137404}, price_cost: 9012.124764, energy_cost: 471.910208, latency_p99 : 1.149299
wall_time_s    : 82.289
================================================================================

[info] Locust stopped
Updating function ml-image-processing to cpu: 652m, memory: 66Mi
Updating Deployment resource configuration...

Updating function ml-object-detection to cpu: 1620m, memory: 449Mi
Updating Deployment resource configuration...

[info] Original replicas=17, selector='environmentName=ml-image-processing,environmentNamespace=default,environmentUid=8dcaa936-04ed-49cf-8ddf-36cdc234cbfd,executorType=newdeploy,functionName=ml-image-processing,functionNamespace=default,functionUid=d8529cac-3c02-4647-a616-8254b24ce685'
[info] Original replicas=49, selector='environmentName=yolo,environmentNamespace=default,environmentUid=4b5fef2f-7951-477c-a9c0-ef0af047a425,executorType=newdeploy,functionName=ml-object-detection,functionNamespace=default,functionUid=dc6d8a52-8de2-4fbb-beef-7bcaa92aa890'
[ok] Patched Deployment resources
[ok] Patched Deployment resources
[ok] Verified Deployment template resources: requests={'cpu': '1500m', 'memory': '400Mi'} limits={'cpu': '1620m', 'memory': '449Mi'}
[info] Scaling deployment to 0 replicas to force full pod replacement
[ok] Verified Deployment template resources: requests={'cpu': '300m', 'memory': '50Mi'} limits={'cpu': '652m', 'memory': '66Mi'}
[info] Scaling deployment to 0 replicas to force full pod replacement
[ok] All pods terminated (replicas=0)
[info] Scaling deployment back to 49 replicas
[ok] All pods terminated (replicas=0)
[info] Scaling deployment back to 17 replicas
[ok] Rollout completed after scale-to-zero
[ok] Rollout completed after scale-to-zero
[verify] newest RS=newdeploy-ml-object-detection-default-beef-7bcaa92aa890-79f4c9765d pods=49 ready=49
[ok] Verified newest ReplicaSet template resources match expected
[verify] newest RS=newdeploy-ml-image-processing-default-a616-8254b24ce685-748d7f4d59 pods=17 ready=17
[ok] Verified newest ReplicaSet template resources match expected
[info] Started Locust with PID 1724182
[info] start sleep for 30s
[info] sleep done
\Start sampling in parallel...
Workflow e2e p99 latency (39 completed in 18.9s, parallel, 8 workers): 9.000s
Average stage latencies:
  - ml-image-processing: 0.100s
  - ml-object-detection: 0.719s
================================================================================
objective      : energy
resource_config: [{'cpu_m': 652, 'memory_mi': 66}, {'cpu_m': 1620, 'memory_mi': 449}], latencies: {'ml-image-processing': 0.10027073322120926, 'ml-object-detection': 0.718500214612818}, price_cost: 10255.067769, energy_cost: 314.183764, latency_p99 : 9.000000
wall_time_s    : 83.554
================================================================================

[info] Locust stopped
Updating function ml-image-processing to cpu: 608m, memory: 54Mi
Updating Deployment resource configuration...

Updating function ml-object-detection to cpu: 1695m, memory: 416Mi
Updating Deployment resource configuration...

[info] Original replicas=17, selector='environmentName=ml-image-processing,environmentNamespace=default,environmentUid=8dcaa936-04ed-49cf-8ddf-36cdc234cbfd,executorType=newdeploy,functionName=ml-image-processing,functionNamespace=default,functionUid=d8529cac-3c02-4647-a616-8254b24ce685'
[info] Original replicas=49, selector='environmentName=yolo,environmentNamespace=default,environmentUid=4b5fef2f-7951-477c-a9c0-ef0af047a425,executorType=newdeploy,functionName=ml-object-detection,functionNamespace=default,functionUid=dc6d8a52-8de2-4fbb-beef-7bcaa92aa890'
[ok] Patched Deployment resources
[ok] Patched Deployment resources
[ok] Verified Deployment template resources: requests={'cpu': '1500m', 'memory': '400Mi'} limits={'cpu': '1695m', 'memory': '416Mi'}
[info] Scaling deployment to 0 replicas to force full pod replacement
[ok] Verified Deployment template resources: requests={'cpu': '300m', 'memory': '50Mi'} limits={'cpu': '608m', 'memory': '54Mi'}
[info] Scaling deployment to 0 replicas to force full pod replacement
[ok] All pods terminated (replicas=0)
[info] Scaling deployment back to 49 replicas
[ok] All pods terminated (replicas=0)
[info] Scaling deployment back to 17 replicas
[ok] Deleted HPA newdeploy-ml-object-detection-default-beef-7bcaa92aa890
[ok] Rollout completed after scale-to-zero
[verify] newest RS=newdeploy-ml-image-processing-default-a616-8254b24ce685-75577c5cf pods=17 ready=17
[ok] Verified newest ReplicaSet template resources match expected
[ok] Rollout completed after scale-to-zero
[verify] newest RS=newdeploy-ml-object-detection-default-beef-7bcaa92aa890-54bd446b pods=49 ready=49
[ok] Verified newest ReplicaSet template resources match expected
[info] Started Locust with PID 1728264
[info] start sleep for 30s
[info] sleep done
\Start sampling in parallel...
Workflow e2e p99 latency (38 completed in 20.0s, parallel, 8 workers): 9.000s
Average stage latencies:
  - ml-image-processing: 0.111s
  - ml-object-detection: 0.726s
================================================================================
objective      : energy
resource_config: [{'cpu_m': 608, 'memory_mi': 54}, {'cpu_m': 1695, 'memory_mi': 416}], latencies: {'ml-image-processing': 0.1105558961905815, 'ml-object-detection': 0.7259174929414358}, price_cost: 10811.297167, energy_cost: 317.250521, latency_p99 : 9.000000
wall_time_s    : 88.492
================================================================================

[info] Locust stopped
Updating function ml-image-processing to cpu: 397m, memory: 58Mi
Updating Deployment resource configuration...

Updating function ml-object-detection to cpu: 3136m, memory: 413Mi
Updating Deployment resource configuration...

[info] Original replicas=49, selector='environmentName=yolo,environmentNamespace=default,environmentUid=4b5fef2f-7951-477c-a9c0-ef0af047a425,executorType=newdeploy,functionName=ml-object-detection,functionNamespace=default,functionUid=dc6d8a52-8de2-4fbb-beef-7bcaa92aa890'
[info] Original replicas=17, selector='environmentName=ml-image-processing,environmentNamespace=default,environmentUid=8dcaa936-04ed-49cf-8ddf-36cdc234cbfd,executorType=newdeploy,functionName=ml-image-processing,functionNamespace=default,functionUid=d8529cac-3c02-4647-a616-8254b24ce685'
[ok] Patched Deployment resources
[ok] Patched Deployment resources
[ok] Verified Deployment template resources: requests={'cpu': '1500m', 'memory': '400Mi'} limits={'cpu': '3136m', 'memory': '413Mi'}
[info] Scaling deployment to 0 replicas to force full pod replacement
[ok] Verified Deployment template resources: requests={'cpu': '300m', 'memory': '50Mi'} limits={'cpu': '397m', 'memory': '58Mi'}
[info] Scaling deployment to 0 replicas to force full pod replacement
[ok] All pods terminated (replicas=0)
[info] Scaling deployment back to 49 replicas
[ok] All pods terminated (replicas=0)
[info] Scaling deployment back to 17 replicas
[ok] Deleted HPA newdeploy-ml-object-detection-default-beef-7bcaa92aa890
[ok] Rollout completed after scale-to-zero
[verify] newest RS=newdeploy-ml-image-processing-default-a616-8254b24ce685-84c4db6d78 pods=17 ready=17
[ok] Verified newest ReplicaSet template resources match expected
[ok] Rollout completed after scale-to-zero
[verify] newest RS=newdeploy-ml-object-detection-default-beef-7bcaa92aa890-76f47cbd76 pods=49 ready=49
[ok] Verified newest ReplicaSet template resources match expected
[info] Started Locust with PID 1732505
[info] start sleep for 30s
[info] sleep done
\Start sampling in parallel...
Workflow e2e p99 latency (53 completed in 19.6s, parallel, 8 workers): 9.000s
Average stage latencies:
  - ml-image-processing: 0.231s
  - ml-object-detection: 0.341s
================================================================================
objective      : energy
resource_config: [{'cpu_m': 397, 'memory_mi': 58}, {'cpu_m': 3136, 'memory_mi': 413}], latencies: {'ml-image-processing': 0.23050139405235065, 'ml-object-detection': 0.34093016631645606}, price_cost: 9420.030170, energy_cost: 400.716627, latency_p99 : 9.000000
wall_time_s    : 86.395
================================================================================

[info] Locust stopped
Updating function ml-image-processing to cpu: 624m, memory: 55Mi
Updating Deployment resource configuration...

Updating function ml-object-detection to cpu: 3059m, memory: 470Mi
Updating Deployment resource configuration...

[info] Original replicas=17, selector='environmentName=ml-image-processing,environmentNamespace=default,environmentUid=8dcaa936-04ed-49cf-8ddf-36cdc234cbfd,executorType=newdeploy,functionName=ml-image-processing,functionNamespace=default,functionUid=d8529cac-3c02-4647-a616-8254b24ce685'
[info] Original replicas=49, selector='environmentName=yolo,environmentNamespace=default,environmentUid=4b5fef2f-7951-477c-a9c0-ef0af047a425,executorType=newdeploy,functionName=ml-object-detection,functionNamespace=default,functionUid=dc6d8a52-8de2-4fbb-beef-7bcaa92aa890'
[ok] Patched Deployment resources
[ok] Patched Deployment resources
[ok] Verified Deployment template resources: requests={'cpu': '1500m', 'memory': '400Mi'} limits={'cpu': '3059m', 'memory': '470Mi'}
[info] Scaling deployment to 0 replicas to force full pod replacement
[ok] Verified Deployment template resources: requests={'cpu': '300m', 'memory': '50Mi'} limits={'cpu': '624m', 'memory': '55Mi'}
[info] Scaling deployment to 0 replicas to force full pod replacement
[ok] All pods terminated (replicas=0)
[info] Scaling deployment back to 49 replicas
[ok] All pods terminated (replicas=0)
[info] Scaling deployment back to 17 replicas
[ok] Rollout completed after scale-to-zero
[verify] newest RS=newdeploy-ml-image-processing-default-a616-8254b24ce685-b7f6bfdc7 pods=17 ready=17
[ok] Verified newest ReplicaSet template resources match expected
[ok] Rollout completed after scale-to-zero
[verify] newest RS=newdeploy-ml-object-detection-default-beef-7bcaa92aa890-6c4cc6fc4c pods=49 ready=49
[ok] Verified newest ReplicaSet template resources match expected
[info] Started Locust with PID 1736813
[info] start sleep for 30s
[info] sleep done
\Start sampling in parallel...
Workflow e2e p99 latency (58 completed in 21.0s, parallel, 8 workers): 9.000s
Average stage latencies:
  - ml-image-processing: 0.118s
  - ml-object-detection: 0.359s
================================================================================
objective      : energy
resource_config: [{'cpu_m': 624, 'memory_mi': 55}, {'cpu_m': 3059, 'memory_mi': 470}], latencies: {'ml-image-processing': 0.1179530175006086, 'ml-object-detection': 0.35920502330797416}, price_cost: 9634.170483, energy_cost: 395.829155, latency_p99 : 9.000000
wall_time_s    : 87.042
================================================================================

[info] Locust stopped
[info] Locust is not running
Starting fresh (no checkpoint at bo_model_energy_20260106_154951_resume.pt).
  initial_points = 10
  running_batches = 15
  initial_best_feasible_cost = 465.02094406764996
  initial_best_constraint = -0.361
  initial_best_resource_config = [{'cpu_m': 735, 'memory_mi': 67}, {'cpu_m': 4601, 'memory_mi': 440}]
  time_taken_for_init = 856.70 seconds
/home/cc/miniconda3/envs/faas/lib/python3.10/site-packages/botorch/acquisition/monte_carlo.py:502: NumericsWarning: qNoisyExpectedImprovement has known numerical issues that lead to suboptimal optimization performance. It is strongly recommended to simply replace

	 qNoisyExpectedImprovement 	 --> 	 qLogNoisyExpectedImprovement 

instead, which fixes the issues and has the same API. See https://arxiv.org/abs/2310.20708 for details.
  legacy_ei_numerics_warning(legacy_name=type(self).__name__)
Updating function ml-image-processing to cpu: 461m, memory: 52Mi
Updating Deployment resource configuration...

Updating function ml-object-detection to cpu: 3481m, memory: 437Mi
Updating Deployment resource configuration...

[info] Original replicas=17, selector='environmentName=ml-image-processing,environmentNamespace=default,environmentUid=8dcaa936-04ed-49cf-8ddf-36cdc234cbfd,executorType=newdeploy,functionName=ml-image-processing,functionNamespace=default,functionUid=d8529cac-3c02-4647-a616-8254b24ce685'
[info] Original replicas=49, selector='environmentName=yolo,environmentNamespace=default,environmentUid=4b5fef2f-7951-477c-a9c0-ef0af047a425,executorType=newdeploy,functionName=ml-object-detection,functionNamespace=default,functionUid=dc6d8a52-8de2-4fbb-beef-7bcaa92aa890'
[ok] Patched Deployment resources
[ok] Patched Deployment resources
[ok] Verified Deployment template resources: requests={'cpu': '300m', 'memory': '50Mi'} limits={'cpu': '461m', 'memory': '52Mi'}
[info] Scaling deployment to 0 replicas to force full pod replacement
[ok] Verified Deployment template resources: requests={'cpu': '1500m', 'memory': '400Mi'} limits={'cpu': '3481m', 'memory': '437Mi'}
[info] Scaling deployment to 0 replicas to force full pod replacement
[ok] All pods terminated (replicas=0)
[info] Scaling deployment back to 17 replicas
[ok] All pods terminated (replicas=0)
[info] Scaling deployment back to 49 replicas
[ok] Rollout completed after scale-to-zero
[verify] newest RS=newdeploy-ml-image-processing-default-a616-8254b24ce685-7d8b8d84d7 pods=17 ready=17
[ok] Verified newest ReplicaSet template resources match expected
[ok] Rollout completed after scale-to-zero
[verify] newest RS=newdeploy-ml-object-detection-default-beef-7bcaa92aa890-67b5f49fd7 pods=49 ready=49
[ok] Verified newest ReplicaSet template resources match expected
[info] Started Locust with PID 1740958
[info] start sleep for 30s
[info] sleep done
\Start sampling in parallel...
Workflow e2e p99 latency (61 completed in 17.0s, parallel, 8 workers): 5.222s
Average stage latencies:
  - ml-image-processing: 0.177s
  - ml-object-detection: 0.289s
================================================================================
objective      : energy
resource_config: [{'cpu_m': 461, 'memory_mi': 52}, {'cpu_m': 3481, 'memory_mi': 437}], latencies: {'ml-image-processing': 0.1766404905890832, 'ml-object-detection': 0.2887577266798767}, price_cost: 8838.252168, energy_cost: 417.463558, latency_p99 : 5.221812
wall_time_s    : 84.060
================================================================================

[info] Locust stopped
Updating function ml-image-processing to cpu: 365m, memory: 58Mi
Updating Deployment resource configuration...

Updating function ml-object-detection to cpu: 5054m, memory: 442Mi
Updating Deployment resource configuration...

[info] Original replicas=49, selector='environmentName=yolo,environmentNamespace=default,environmentUid=4b5fef2f-7951-477c-a9c0-ef0af047a425,executorType=newdeploy,functionName=ml-object-detection,functionNamespace=default,functionUid=dc6d8a52-8de2-4fbb-beef-7bcaa92aa890'
[info] Original replicas=17, selector='environmentName=ml-image-processing,environmentNamespace=default,environmentUid=8dcaa936-04ed-49cf-8ddf-36cdc234cbfd,executorType=newdeploy,functionName=ml-image-processing,functionNamespace=default,functionUid=d8529cac-3c02-4647-a616-8254b24ce685'
[ok] Patched Deployment resources
[ok] Patched Deployment resources
[ok] Verified Deployment template resources: requests={'cpu': '1500m', 'memory': '400Mi'} limits={'cpu': '5054m', 'memory': '442Mi'}
[info] Scaling deployment to 0 replicas to force full pod replacement
[ok] Verified Deployment template resources: requests={'cpu': '300m', 'memory': '50Mi'} limits={'cpu': '365m', 'memory': '58Mi'}
[info] Scaling deployment to 0 replicas to force full pod replacement
[ok] All pods terminated (replicas=0)
[info] Scaling deployment back to 49 replicas
[ok] All pods terminated (replicas=0)
[info] Scaling deployment back to 17 replicas
[ok] Rollout completed after scale-to-zero
[verify] newest RS=newdeploy-ml-object-detection-default-beef-7bcaa92aa890-9f5f8b945 pods=49 ready=49
[ok] Verified newest ReplicaSet template resources match expected
[ok] Rollout completed after scale-to-zero
[verify] newest RS=newdeploy-ml-image-processing-default-a616-8254b24ce685-7564dfc6dd pods=17 ready=17
[ok] Verified newest ReplicaSet template resources match expected
[info] Started Locust with PID 1745440
[info] start sleep for 30s
[info] sleep done
\Start sampling in parallel...
Workflow e2e p99 latency (61 completed in 17.5s, parallel, 8 workers): 2.613s
Average stage latencies:
  - ml-image-processing: 0.234s
  - ml-object-detection: 0.171s
================================================================================
objective      : energy
resource_config: [{'cpu_m': 365, 'memory_mi': 58}, {'cpu_m': 5054, 'memory_mi': 442}], latencies: {'ml-image-processing': 0.23410906829703293, 'ml-object-detection': 0.17066355189308524}, price_cost: 7611.308016, energy_cost: 417.410711, latency_p99 : 2.612884
wall_time_s    : 81.581
================================================================================

[info] Locust stopped
Updating function ml-image-processing to cpu: 687m, memory: 70Mi
Updating Deployment resource configuration...

Updating function ml-object-detection to cpu: 5534m, memory: 489Mi
Updating Deployment resource configuration...

[info] Original replicas=17, selector='environmentName=ml-image-processing,environmentNamespace=default,environmentUid=8dcaa936-04ed-49cf-8ddf-36cdc234cbfd,executorType=newdeploy,functionName=ml-image-processing,functionNamespace=default,functionUid=d8529cac-3c02-4647-a616-8254b24ce685'
[info] Original replicas=49, selector='environmentName=yolo,environmentNamespace=default,environmentUid=4b5fef2f-7951-477c-a9c0-ef0af047a425,executorType=newdeploy,functionName=ml-object-detection,functionNamespace=default,functionUid=dc6d8a52-8de2-4fbb-beef-7bcaa92aa890'
[ok] Patched Deployment resources
[ok] Patched Deployment resources
[ok] Verified Deployment template resources: requests={'cpu': '1500m', 'memory': '400Mi'} limits={'cpu': '5534m', 'memory': '489Mi'}
[info] Scaling deployment to 0 replicas to force full pod replacement
[ok] Verified Deployment template resources: requests={'cpu': '300m', 'memory': '50Mi'} limits={'cpu': '687m', 'memory': '70Mi'}
[info] Scaling deployment to 0 replicas to force full pod replacement
[ok] All pods terminated (replicas=0)
[info] Scaling deployment back to 49 replicas
[ok] All pods terminated (replicas=0)
[info] Scaling deployment back to 17 replicas
[ok] Rollout completed after scale-to-zero
[verify] newest RS=newdeploy-ml-image-processing-default-a616-8254b24ce685-5c79c5456f pods=17 ready=17
[ok] Verified newest ReplicaSet template resources match expected
[ok] Rollout completed after scale-to-zero
[verify] newest RS=newdeploy-ml-object-detection-default-beef-7bcaa92aa890-676cdb66d9 pods=49 ready=49
[ok] Verified newest ReplicaSet template resources match expected
[info] Started Locust with PID 1749613
[info] start sleep for 30s
[info] sleep done
\Start sampling in parallel...
Workflow e2e p99 latency (74 completed in 16.5s, parallel, 8 workers): 1.327s
Average stage latencies:
  - ml-image-processing: 0.124s
  - ml-object-detection: 0.187s
================================================================================
objective      : energy
resource_config: [{'cpu_m': 687, 'memory_mi': 70}, {'cpu_m': 5534, 'memory_mi': 489}], latencies: {'ml-image-processing': 0.12372434983734747, 'ml-object-detection': 0.18731262094366388}, price_cost: 9094.153603, energy_cost: 471.046117, latency_p99 : 1.326894
wall_time_s    : 81.156
================================================================================

[info] Locust stopped
[info] Locust is not running
================================================================================

Batch  1: best_feasible_cost (random, qNEI) = (465.02094406764996, 417.41071052869177), best_constraint =  -0.387 (<=0 feasible), time = 255.09.
Best feasible resource configuration: [{'cpu_m': 365, 'memory_mi': 58}, {'cpu_m': 5054, 'memory_mi': 442}]

================================================================================
/home/cc/miniconda3/envs/faas/lib/python3.10/site-packages/botorch/acquisition/monte_carlo.py:502: NumericsWarning: qNoisyExpectedImprovement has known numerical issues that lead to suboptimal optimization performance. It is strongly recommended to simply replace

	 qNoisyExpectedImprovement 	 --> 	 qLogNoisyExpectedImprovement 

instead, which fixes the issues and has the same API. See https://arxiv.org/abs/2310.20708 for details.
  legacy_ei_numerics_warning(legacy_name=type(self).__name__)
Updating function ml-image-processing to cpu: 393m, memory: 55Mi
Updating Deployment resource configuration...

Updating function ml-object-detection to cpu: 4128m, memory: 400Mi
Updating Deployment resource configuration...

[info] Original replicas=17, selector='environmentName=ml-image-processing,environmentNamespace=default,environmentUid=8dcaa936-04ed-49cf-8ddf-36cdc234cbfd,executorType=newdeploy,functionName=ml-image-processing,functionNamespace=default,functionUid=d8529cac-3c02-4647-a616-8254b24ce685'
[info] Original replicas=49, selector='environmentName=yolo,environmentNamespace=default,environmentUid=4b5fef2f-7951-477c-a9c0-ef0af047a425,executorType=newdeploy,functionName=ml-object-detection,functionNamespace=default,functionUid=dc6d8a52-8de2-4fbb-beef-7bcaa92aa890'
[ok] Patched Deployment resources
[ok] Patched Deployment resources
[ok] Verified Deployment template resources: requests={'cpu': '300m', 'memory': '50Mi'} limits={'cpu': '393m', 'memory': '55Mi'}
[info] Scaling deployment to 0 replicas to force full pod replacement
[ok] Verified Deployment template resources: requests={'cpu': '1500m', 'memory': '400Mi'} limits={'cpu': '4128m', 'memory': '400Mi'}
[info] Scaling deployment to 0 replicas to force full pod replacement
[ok] All pods terminated (replicas=0)
[info] Scaling deployment back to 17 replicas
[ok] All pods terminated (replicas=0)
[info] Scaling deployment back to 49 replicas
[ok] Rollout completed after scale-to-zero
[verify] newest RS=newdeploy-ml-image-processing-default-a616-8254b24ce685-544fdbcdd7 pods=17 ready=17
[ok] Verified newest ReplicaSet template resources match expected
[ok] Rollout completed after scale-to-zero
[verify] newest RS=newdeploy-ml-object-detection-default-beef-7bcaa92aa890-688f8d4888 pods=49 ready=49
[ok] Verified newest ReplicaSet template resources match expected
[info] Started Locust with PID 1753630
[info] start sleep for 30s
[info] sleep done
\Start sampling in parallel...
Workflow e2e p99 latency (60 completed in 18.4s, parallel, 8 workers): 2.591s
Average stage latencies:
  - ml-image-processing: 0.216s
  - ml-object-detection: 0.224s
================================================================================
objective      : energy
resource_config: [{'cpu_m': 393, 'memory_mi': 55}, {'cpu_m': 4128, 'memory_mi': 400}], latencies: {'ml-image-processing': 0.21645387587292741, 'ml-object-detection': 0.22435478026357789}, price_cost: 8157.616371, energy_cost: 426.585503, latency_p99 : 2.591449
wall_time_s    : 83.237
================================================================================

[info] Locust stopped
Updating function ml-image-processing to cpu: 714m, memory: 50Mi
Updating Deployment resource configuration...

Updating function ml-object-detection to cpu: 6000m, memory: 400Mi
Updating Deployment resource configuration...

[info] Original replicas=17, selector='environmentName=ml-image-processing,environmentNamespace=default,environmentUid=8dcaa936-04ed-49cf-8ddf-36cdc234cbfd,executorType=newdeploy,functionName=ml-image-processing,functionNamespace=default,functionUid=d8529cac-3c02-4647-a616-8254b24ce685'
[info] Original replicas=49, selector='environmentName=yolo,environmentNamespace=default,environmentUid=4b5fef2f-7951-477c-a9c0-ef0af047a425,executorType=newdeploy,functionName=ml-object-detection,functionNamespace=default,functionUid=dc6d8a52-8de2-4fbb-beef-7bcaa92aa890'
[ok] Patched Deployment resources
[ok] Patched Deployment resources
[ok] Verified Deployment template resources: requests={'cpu': '1500m', 'memory': '400Mi'} limits={'cpu': '6', 'memory': '400Mi'}
[info] Scaling deployment to 0 replicas to force full pod replacement
[ok] Verified Deployment template resources: requests={'cpu': '300m', 'memory': '50Mi'} limits={'cpu': '714m', 'memory': '50Mi'}
[info] Scaling deployment to 0 replicas to force full pod replacement
[ok] All pods terminated (replicas=0)
[info] Scaling deployment back to 17 replicas
[ok] All pods terminated (replicas=0)
[info] Scaling deployment back to 49 replicas
[ok] Rollout completed after scale-to-zero
[verify] newest RS=newdeploy-ml-image-processing-default-a616-8254b24ce685-d6859dcc pods=17 ready=17
[ok] Verified newest ReplicaSet template resources match expected
[ok] Rollout completed after scale-to-zero
[verify] newest RS=newdeploy-ml-object-detection-default-beef-7bcaa92aa890-554d8556d5 pods=49 ready=49
[ok] Verified newest ReplicaSet template resources match expected
[info] Started Locust with PID 1757901
[info] start sleep for 30s
[info] sleep done
\Start sampling in parallel...
Workflow e2e p99 latency (73 completed in 16.6s, parallel, 8 workers): 1.455s
Average stage latencies:
  - ml-image-processing: 0.127s
  - ml-object-detection: 0.176s
================================================================================
objective      : energy
resource_config: [{'cpu_m': 714, 'memory_mi': 50}, {'cpu_m': 6000, 'memory_mi': 400}], latencies: {'ml-image-processing': 0.12650740733497765, 'ml-object-detection': 0.17566466381237522}, price_cost: 9243.977618, energy_cost: 468.255461, latency_p99 : 1.454984
wall_time_s    : 84.076
================================================================================

[info] Locust stopped
Updating function ml-image-processing to cpu: 349m, memory: 58Mi
Updating Deployment resource configuration...

Updating function ml-object-detection to cpu: 1892m, memory: 469Mi
Updating Deployment resource configuration...

[info] Original replicas=17, selector='environmentName=ml-image-processing,environmentNamespace=default,environmentUid=8dcaa936-04ed-49cf-8ddf-36cdc234cbfd,executorType=newdeploy,functionName=ml-image-processing,functionNamespace=default,functionUid=d8529cac-3c02-4647-a616-8254b24ce685'
[info] Original replicas=49, selector='environmentName=yolo,environmentNamespace=default,environmentUid=4b5fef2f-7951-477c-a9c0-ef0af047a425,executorType=newdeploy,functionName=ml-object-detection,functionNamespace=default,functionUid=dc6d8a52-8de2-4fbb-beef-7bcaa92aa890'
[ok] Patched Deployment resources
[ok] Patched Deployment resources
[ok] Verified Deployment template resources: requests={'cpu': '1500m', 'memory': '400Mi'} limits={'cpu': '1892m', 'memory': '469Mi'}
[info] Scaling deployment to 0 replicas to force full pod replacement
[ok] Verified Deployment template resources: requests={'cpu': '300m', 'memory': '50Mi'} limits={'cpu': '349m', 'memory': '58Mi'}
[info] Scaling deployment to 0 replicas to force full pod replacement
[ok] All pods terminated (replicas=0)
[info] Scaling deployment back to 17 replicas
[ok] All pods terminated (replicas=0)
[info] Scaling deployment back to 49 replicas
[ok] Rollout completed after scale-to-zero
[verify] newest RS=newdeploy-ml-image-processing-default-a616-8254b24ce685-7795f9f988 pods=17 ready=17
[ok] Verified newest ReplicaSet template resources match expected
[ok] Rollout completed after scale-to-zero
[verify] newest RS=newdeploy-ml-object-detection-default-beef-7bcaa92aa890-7777744dd8 pods=49 ready=49
[ok] Verified newest ReplicaSet template resources match expected
[info] Started Locust with PID 1762390
[info] start sleep for 30s
[info] sleep done
\Start sampling in parallel...
Workflow e2e p99 latency (40 completed in 21.6s, parallel, 8 workers): 9.000s
Average stage latencies:
  - ml-image-processing: 0.207s
  - ml-object-detection: 0.665s
================================================================================
objective      : energy
resource_config: [{'cpu_m': 349, 'memory_mi': 58}, {'cpu_m': 1892, 'memory_mi': 469}], latencies: {'ml-image-processing': 0.20663034228672242, 'ml-object-detection': 0.6649657184386562}, price_cost: 11067.598649, energy_cost: 328.910698, latency_p99 : 9.000000
wall_time_s    : 89.448
================================================================================

[info] Locust stopped
[info] Locust is not running
================================================================================

Batch  2: best_feasible_cost (random, qNEI) = (465.02094406764996, 417.41071052869177), best_constraint =  -0.387 (<=0 feasible), time = 264.88.
Best feasible resource configuration: [{'cpu_m': 365, 'memory_mi': 58}, {'cpu_m': 5054, 'memory_mi': 442}]

================================================================================
/home/cc/miniconda3/envs/faas/lib/python3.10/site-packages/botorch/acquisition/monte_carlo.py:502: NumericsWarning: qNoisyExpectedImprovement has known numerical issues that lead to suboptimal optimization performance. It is strongly recommended to simply replace

	 qNoisyExpectedImprovement 	 --> 	 qLogNoisyExpectedImprovement 

instead, which fixes the issues and has the same API. See https://arxiv.org/abs/2310.20708 for details.
  legacy_ei_numerics_warning(legacy_name=type(self).__name__)
Updating function ml-image-processing to cpu: 368m, memory: 59Mi
Updating Deployment resource configuration...

Updating function ml-object-detection to cpu: 2204m, memory: 400Mi
Updating Deployment resource configuration...

[info] Original replicas=17, selector='environmentName=ml-image-processing,environmentNamespace=default,environmentUid=8dcaa936-04ed-49cf-8ddf-36cdc234cbfd,executorType=newdeploy,functionName=ml-image-processing,functionNamespace=default,functionUid=d8529cac-3c02-4647-a616-8254b24ce685'
[info] Original replicas=49, selector='environmentName=yolo,environmentNamespace=default,environmentUid=4b5fef2f-7951-477c-a9c0-ef0af047a425,executorType=newdeploy,functionName=ml-object-detection,functionNamespace=default,functionUid=dc6d8a52-8de2-4fbb-beef-7bcaa92aa890'
[ok] Patched Deployment resources
[ok] Verified Deployment template resources: requests={'cpu': '300m', 'memory': '50Mi'} limits={'cpu': '368m', 'memory': '59Mi'}
[info] Scaling deployment to 0 replicas to force full pod replacement
[ok] Patched Deployment resources
[ok] Verified Deployment template resources: requests={'cpu': '1500m', 'memory': '400Mi'} limits={'cpu': '2204m', 'memory': '400Mi'}
[info] Scaling deployment to 0 replicas to force full pod replacement
[ok] All pods terminated (replicas=0)
[info] Scaling deployment back to 17 replicas
[ok] All pods terminated (replicas=0)
[info] Scaling deployment back to 49 replicas
[ok] Deleted HPA newdeploy-ml-object-detection-default-beef-7bcaa92aa890
[ok] Rollout completed after scale-to-zero
[verify] newest RS=newdeploy-ml-image-processing-default-a616-8254b24ce685-c48fc5464 pods=17 ready=17
[ok] Verified newest ReplicaSet template resources match expected
[ok] Rollout completed after scale-to-zero
[verify] newest RS=newdeploy-ml-object-detection-default-beef-7bcaa92aa890-5d897c75dd pods=49 ready=49
[ok] Verified newest ReplicaSet template resources match expected
[info] Started Locust with PID 1766535
[info] start sleep for 30s
[info] sleep done
\Start sampling in parallel...
Workflow e2e p99 latency (37 completed in 17.8s, parallel, 8 workers): 9.000s
Average stage latencies:
  - ml-image-processing: 0.218s
  - ml-object-detection: 0.522s
================================================================================
objective      : energy
resource_config: [{'cpu_m': 368, 'memory_mi': 59}, {'cpu_m': 2204, 'memory_mi': 400}], latencies: {'ml-image-processing': 0.21783039701619633, 'ml-object-detection': 0.5224671536125243}, price_cost: 10125.813709, energy_cost: 344.764417, latency_p99 : 9.000000
wall_time_s    : 87.597
================================================================================

[info] Locust stopped
Updating function ml-image-processing to cpu: 800m, memory: 50Mi
Updating Deployment resource configuration...

Updating function ml-object-detection to cpu: 4868m, memory: 400Mi
Updating Deployment resource configuration...

[info] Original replicas=49, selector='environmentName=yolo,environmentNamespace=default,environmentUid=4b5fef2f-7951-477c-a9c0-ef0af047a425,executorType=newdeploy,functionName=ml-object-detection,functionNamespace=default,functionUid=dc6d8a52-8de2-4fbb-beef-7bcaa92aa890'
[info] Original replicas=17, selector='environmentName=ml-image-processing,environmentNamespace=default,environmentUid=8dcaa936-04ed-49cf-8ddf-36cdc234cbfd,executorType=newdeploy,functionName=ml-image-processing,functionNamespace=default,functionUid=d8529cac-3c02-4647-a616-8254b24ce685'
[ok] Patched Deployment resources
[ok] Patched Deployment resources
[ok] Verified Deployment template resources: requests={'cpu': '1500m', 'memory': '400Mi'} limits={'cpu': '4868m', 'memory': '400Mi'}
[info] Scaling deployment to 0 replicas to force full pod replacement
[ok] Verified Deployment template resources: requests={'cpu': '300m', 'memory': '50Mi'} limits={'cpu': '800m', 'memory': '50Mi'}
[info] Scaling deployment to 0 replicas to force full pod replacement
[ok] All pods terminated (replicas=0)
[info] Scaling deployment back to 17 replicas
[ok] All pods terminated (replicas=0)
[info] Scaling deployment back to 49 replicas
[ok] Deleted HPA newdeploy-ml-object-detection-default-beef-7bcaa92aa890
[ok] Rollout completed after scale-to-zero
[verify] newest RS=newdeploy-ml-image-processing-default-a616-8254b24ce685-57f8886c49 pods=17 ready=17
[ok] Verified newest ReplicaSet template resources match expected
[ok] Rollout completed after scale-to-zero
[verify] newest RS=newdeploy-ml-object-detection-default-beef-7bcaa92aa890-84d6578796 pods=49 ready=49
[ok] Verified newest ReplicaSet template resources match expected
[info] Started Locust with PID 1770729
[info] start sleep for 30s
[info] sleep done
\Start sampling in parallel...
Workflow e2e p99 latency (74 completed in 16.5s, parallel, 8 workers): 1.053s
Average stage latencies:
  - ml-image-processing: 0.114s
  - ml-object-detection: 0.206s
================================================================================
objective      : energy
resource_config: [{'cpu_m': 800, 'memory_mi': 50}, {'cpu_m': 4868, 'memory_mi': 400}], latencies: {'ml-image-processing': 0.11428314483900731, 'ml-object-detection': 0.2059152137890861}, price_cost: 8817.026878, energy_cost: 473.059678, latency_p99 : 1.052513
wall_time_s    : 82.638
================================================================================

[info] Locust stopped
Updating function ml-image-processing to cpu: 479m, memory: 55Mi
Updating Deployment resource configuration...

Updating function ml-object-detection to cpu: 3995m, memory: 512Mi
Updating Deployment resource configuration...

[info] Original replicas=17, selector='environmentName=ml-image-processing,environmentNamespace=default,environmentUid=8dcaa936-04ed-49cf-8ddf-36cdc234cbfd,executorType=newdeploy,functionName=ml-image-processing,functionNamespace=default,functionUid=d8529cac-3c02-4647-a616-8254b24ce685'
[info] Original replicas=49, selector='environmentName=yolo,environmentNamespace=default,environmentUid=4b5fef2f-7951-477c-a9c0-ef0af047a425,executorType=newdeploy,functionName=ml-object-detection,functionNamespace=default,functionUid=dc6d8a52-8de2-4fbb-beef-7bcaa92aa890'
[ok] Patched Deployment resources
[ok] Patched Deployment resources
[ok] Verified Deployment template resources: requests={'cpu': '1500m', 'memory': '400Mi'} limits={'cpu': '3995m', 'memory': '512Mi'}
[info] Scaling deployment to 0 replicas to force full pod replacement
[ok] Verified Deployment template resources: requests={'cpu': '300m', 'memory': '50Mi'} limits={'cpu': '479m', 'memory': '55Mi'}
[info] Scaling deployment to 0 replicas to force full pod replacement
[ok] All pods terminated (replicas=0)
[info] Scaling deployment back to 49 replicas
[ok] All pods terminated (replicas=0)
[info] Scaling deployment back to 17 replicas
[ok] Rollout completed after scale-to-zero
[verify] newest RS=newdeploy-ml-image-processing-default-a616-8254b24ce685-779c87dd57 pods=17 ready=17
[ok] Verified newest ReplicaSet template resources match expected
[ok] Rollout completed after scale-to-zero
[verify] newest RS=newdeploy-ml-object-detection-default-beef-7bcaa92aa890-f7c577448 pods=49 ready=49
[ok] Verified newest ReplicaSet template resources match expected
[info] Started Locust with PID 1775010
[info] start sleep for 30s
[info] sleep done
\Start sampling in parallel...
Workflow e2e p99 latency (62 completed in 16.4s, parallel, 8 workers): 1.972s
Average stage latencies:
  - ml-image-processing: 0.189s
  - ml-object-detection: 0.246s
================================================================================
objective      : energy
resource_config: [{'cpu_m': 479, 'memory_mi': 55}, {'cpu_m': 3995, 'memory_mi': 512}], latencies: {'ml-image-processing': 0.18877210866870178, 'ml-object-detection': 0.24588079373502442}, price_cost: 8670.880387, energy_cost: 441.481683, latency_p99 : 1.972140
wall_time_s    : 80.747
================================================================================

[info] Locust stopped
[info] Locust is not running
================================================================================

Batch  3: best_feasible_cost (random, qNEI) = (465.02094406764996, 417.41071052869177), best_constraint =  -0.387 (<=0 feasible), time = 259.22.
Best feasible resource configuration: [{'cpu_m': 365, 'memory_mi': 58}, {'cpu_m': 5054, 'memory_mi': 442}]

================================================================================
/home/cc/miniconda3/envs/faas/lib/python3.10/site-packages/botorch/acquisition/monte_carlo.py:502: NumericsWarning: qNoisyExpectedImprovement has known numerical issues that lead to suboptimal optimization performance. It is strongly recommended to simply replace

	 qNoisyExpectedImprovement 	 --> 	 qLogNoisyExpectedImprovement 

instead, which fixes the issues and has the same API. See https://arxiv.org/abs/2310.20708 for details.
  legacy_ei_numerics_warning(legacy_name=type(self).__name__)
Updating function ml-image-processing to cpu: 571m, memory: 50Mi
Updating Deployment resource configuration...

Updating function ml-object-detection to cpu: 5484m, memory: 512Mi
Updating Deployment resource configuration...

[info] Original replicas=49, selector='environmentName=yolo,environmentNamespace=default,environmentUid=4b5fef2f-7951-477c-a9c0-ef0af047a425,executorType=newdeploy,functionName=ml-object-detection,functionNamespace=default,functionUid=dc6d8a52-8de2-4fbb-beef-7bcaa92aa890'
[info] Original replicas=17, selector='environmentName=ml-image-processing,environmentNamespace=default,environmentUid=8dcaa936-04ed-49cf-8ddf-36cdc234cbfd,executorType=newdeploy,functionName=ml-image-processing,functionNamespace=default,functionUid=d8529cac-3c02-4647-a616-8254b24ce685'
[ok] Patched Deployment resources
[ok] Patched Deployment resources
[ok] Verified Deployment template resources: requests={'cpu': '300m', 'memory': '50Mi'} limits={'cpu': '571m', 'memory': '50Mi'}
[info] Scaling deployment to 0 replicas to force full pod replacement
[ok] Verified Deployment template resources: requests={'cpu': '1500m', 'memory': '400Mi'} limits={'cpu': '5484m', 'memory': '512Mi'}
[info] Scaling deployment to 0 replicas to force full pod replacement
[ok] All pods terminated (replicas=0)
[info] Scaling deployment back to 49 replicas
[ok] All pods terminated (replicas=0)
[info] Scaling deployment back to 17 replicas
[ok] Rollout completed after scale-to-zero
[verify] newest RS=newdeploy-ml-image-processing-default-a616-8254b24ce685-5c95f84667 pods=17 ready=17
[ok] Verified newest ReplicaSet template resources match expected
[ok] Rollout completed after scale-to-zero
[verify] newest RS=newdeploy-ml-object-detection-default-beef-7bcaa92aa890-59c7f99d76 pods=49 ready=49
[ok] Verified newest ReplicaSet template resources match expected
[info] Started Locust with PID 1779453
[info] start sleep for 30s
[info] sleep done
\Start sampling in parallel...
Workflow e2e p99 latency (71 completed in 16.6s, parallel, 8 workers): 1.913s
Average stage latencies:
  - ml-image-processing: 0.152s
  - ml-object-detection: 0.186s
================================================================================
objective      : energy
resource_config: [{'cpu_m': 571, 'memory_mi': 50}, {'cpu_m': 5484, 'memory_mi': 512}], latencies: {'ml-image-processing': 0.15224335051443375, 'ml-object-detection': 0.1862438395291462}, price_cost: 8972.806236, energy_cost: 456.390259, latency_p99 : 1.913277
wall_time_s    : 79.428
================================================================================

[info] Locust stopped
Updating function ml-image-processing to cpu: 300m, memory: 50Mi
Updating Deployment resource configuration...

Updating function ml-object-detection to cpu: 3637m, memory: 512Mi
Updating Deployment resource configuration...

[info] Original replicas=17, selector='environmentName=ml-image-processing,environmentNamespace=default,environmentUid=8dcaa936-04ed-49cf-8ddf-36cdc234cbfd,executorType=newdeploy,functionName=ml-image-processing,functionNamespace=default,functionUid=d8529cac-3c02-4647-a616-8254b24ce685'
[info] Original replicas=49, selector='environmentName=yolo,environmentNamespace=default,environmentUid=4b5fef2f-7951-477c-a9c0-ef0af047a425,executorType=newdeploy,functionName=ml-object-detection,functionNamespace=default,functionUid=dc6d8a52-8de2-4fbb-beef-7bcaa92aa890'
[ok] Patched Deployment resources
[ok] Patched Deployment resources
[ok] Verified Deployment template resources: requests={'cpu': '1500m', 'memory': '400Mi'} limits={'cpu': '3637m', 'memory': '512Mi'}
[info] Scaling deployment to 0 replicas to force full pod replacement
[ok] Verified Deployment template resources: requests={'cpu': '300m', 'memory': '50Mi'} limits={'cpu': '300m', 'memory': '50Mi'}
[info] Scaling deployment to 0 replicas to force full pod replacement
[ok] All pods terminated (replicas=0)
[info] Scaling deployment back to 17 replicas
[ok] All pods terminated (replicas=0)
[info] Scaling deployment back to 49 replicas
[ok] Rollout completed after scale-to-zero
[verify] newest RS=newdeploy-ml-image-processing-default-a616-8254b24ce685-5789945b5f pods=17 ready=17
[ok] Verified newest ReplicaSet template resources match expected
[ok] Rollout completed after scale-to-zero
[verify] newest RS=newdeploy-ml-object-detection-default-beef-7bcaa92aa890-54f6f649b pods=49 ready=49
[ok] Verified newest ReplicaSet template resources match expected
[info] Started Locust with PID 1783556
[info] start sleep for 30s
[info] sleep done
\Start sampling in parallel...
Workflow e2e p99 latency (48 completed in 19.2s, parallel, 8 workers): 5.148s
Average stage latencies:
  - ml-image-processing: 0.296s
  - ml-object-detection: 0.248s
================================================================================
objective      : energy
resource_config: [{'cpu_m': 300, 'memory_mi': 50}, {'cpu_m': 3637, 'memory_mi': 512}], latencies: {'ml-image-processing': 0.29638440153212287, 'ml-object-detection': 0.24794628563298224}, price_cost: 7985.505009, energy_cost: 388.445114, latency_p99 : 5.148183
wall_time_s    : 83.933
================================================================================

[info] Locust stopped
Updating function ml-image-processing to cpu: 693m, memory: 64Mi
Updating Deployment resource configuration...

Updating function ml-object-detection to cpu: 5250m, memory: 512Mi
Updating Deployment resource configuration...

[info] Original replicas=17, selector='environmentName=ml-image-processing,environmentNamespace=default,environmentUid=8dcaa936-04ed-49cf-8ddf-36cdc234cbfd,executorType=newdeploy,functionName=ml-image-processing,functionNamespace=default,functionUid=d8529cac-3c02-4647-a616-8254b24ce685'
[info] Original replicas=49, selector='environmentName=yolo,environmentNamespace=default,environmentUid=4b5fef2f-7951-477c-a9c0-ef0af047a425,executorType=newdeploy,functionName=ml-object-detection,functionNamespace=default,functionUid=dc6d8a52-8de2-4fbb-beef-7bcaa92aa890'
[ok] Patched Deployment resources
[ok] Patched Deployment resources
[ok] Verified Deployment template resources: requests={'cpu': '1500m', 'memory': '400Mi'} limits={'cpu': '5250m', 'memory': '512Mi'}
[info] Scaling deployment to 0 replicas to force full pod replacement
[ok] Verified Deployment template resources: requests={'cpu': '300m', 'memory': '50Mi'} limits={'cpu': '693m', 'memory': '64Mi'}
[info] Scaling deployment to 0 replicas to force full pod replacement
[ok] All pods terminated (replicas=0)
[info] Scaling deployment back to 49 replicas
[ok] All pods terminated (replicas=0)
[info] Scaling deployment back to 17 replicas
[ok] Rollout completed after scale-to-zero
[verify] newest RS=newdeploy-ml-image-processing-default-a616-8254b24ce685-68c88c68fc pods=17 ready=17
[ok] Verified newest ReplicaSet template resources match expected
[ok] Rollout completed after scale-to-zero
[verify] newest RS=newdeploy-ml-object-detection-default-beef-7bcaa92aa890-7cfdc576f6 pods=49 ready=49
[ok] Verified newest ReplicaSet template resources match expected
[info] Started Locust with PID 1787725
[info] start sleep for 30s
[info] sleep done
\Start sampling in parallel...
Workflow e2e p99 latency (73 completed in 16.6s, parallel, 8 workers): 1.249s
Average stage latencies:
  - ml-image-processing: 0.126s
  - ml-object-detection: 0.198s
================================================================================
objective      : energy
resource_config: [{'cpu_m': 693, 'memory_mi': 64}, {'cpu_m': 5250, 'memory_mi': 512}], latencies: {'ml-image-processing': 0.12616150193426706, 'ml-object-detection': 0.19764576023061797}, price_cost: 9115.886069, energy_cost: 468.934876, latency_p99 : 1.249311
wall_time_s    : 85.323
================================================================================

[info] Locust stopped
[info] Locust is not running
================================================================================

Batch  4: best_feasible_cost (random, qNEI) = (465.02094406764996, 417.41071052869177), best_constraint =  -0.387 (<=0 feasible), time = 257.56.
Best feasible resource configuration: [{'cpu_m': 365, 'memory_mi': 58}, {'cpu_m': 5054, 'memory_mi': 442}]

================================================================================
/home/cc/miniconda3/envs/faas/lib/python3.10/site-packages/botorch/acquisition/monte_carlo.py:502: NumericsWarning: qNoisyExpectedImprovement has known numerical issues that lead to suboptimal optimization performance. It is strongly recommended to simply replace

	 qNoisyExpectedImprovement 	 --> 	 qLogNoisyExpectedImprovement 

instead, which fixes the issues and has the same API. See https://arxiv.org/abs/2310.20708 for details.
  legacy_ei_numerics_warning(legacy_name=type(self).__name__)
Updating function ml-image-processing to cpu: 370m, memory: 70Mi
Updating Deployment resource configuration...

Updating function ml-object-detection to cpu: 3883m, memory: 512Mi
Updating Deployment resource configuration...

[info] Original replicas=49, selector='environmentName=yolo,environmentNamespace=default,environmentUid=4b5fef2f-7951-477c-a9c0-ef0af047a425,executorType=newdeploy,functionName=ml-object-detection,functionNamespace=default,functionUid=dc6d8a52-8de2-4fbb-beef-7bcaa92aa890'
[info] Original replicas=17, selector='environmentName=ml-image-processing,environmentNamespace=default,environmentUid=8dcaa936-04ed-49cf-8ddf-36cdc234cbfd,executorType=newdeploy,functionName=ml-image-processing,functionNamespace=default,functionUid=d8529cac-3c02-4647-a616-8254b24ce685'
[ok] Patched Deployment resources
[ok] Patched Deployment resources
[ok] Verified Deployment template resources: requests={'cpu': '300m', 'memory': '50Mi'} limits={'cpu': '370m', 'memory': '70Mi'}
[info] Scaling deployment to 0 replicas to force full pod replacement
[ok] Verified Deployment template resources: requests={'cpu': '1500m', 'memory': '400Mi'} limits={'cpu': '3883m', 'memory': '512Mi'}
[info] Scaling deployment to 0 replicas to force full pod replacement
[ok] All pods terminated (replicas=0)
[info] Scaling deployment back to 49 replicas
[ok] All pods terminated (replicas=0)
[info] Scaling deployment back to 17 replicas
[ok] Rollout completed after scale-to-zero
[verify] newest RS=newdeploy-ml-image-processing-default-a616-8254b24ce685-576b6d9947 pods=17 ready=17
[ok] Verified newest ReplicaSet template resources match expected
[ok] Rollout completed after scale-to-zero
[verify] newest RS=newdeploy-ml-object-detection-default-beef-7bcaa92aa890-7ff495dbd8 pods=49 ready=49
[ok] Verified newest ReplicaSet template resources match expected
[info] Started Locust with PID 1792101
[info] start sleep for 30s
[info] sleep done
\Start sampling in parallel...
Workflow e2e p99 latency (56 completed in 17.3s, parallel, 8 workers): 3.279s
Average stage latencies:
  - ml-image-processing: 0.254s
  - ml-object-detection: 0.239s
================================================================================
objective      : energy
resource_config: [{'cpu_m': 370, 'memory_mi': 70}, {'cpu_m': 3883, 'memory_mi': 512}], latencies: {'ml-image-processing': 0.2542623816573593, 'ml-object-detection': 0.2391831286451114}, price_cost: 8227.207585, energy_cost: 415.692661, latency_p99 : 3.279438
wall_time_s    : 80.813
================================================================================

[info] Locust stopped
Updating function ml-image-processing to cpu: 378m, memory: 50Mi
Updating Deployment resource configuration...

Updating function ml-object-detection to cpu: 3877m, memory: 457Mi
Updating Deployment resource configuration...

[info] Original replicas=17, selector='environmentName=ml-image-processing,environmentNamespace=default,environmentUid=8dcaa936-04ed-49cf-8ddf-36cdc234cbfd,executorType=newdeploy,functionName=ml-image-processing,functionNamespace=default,functionUid=d8529cac-3c02-4647-a616-8254b24ce685'
[info] Original replicas=49, selector='environmentName=yolo,environmentNamespace=default,environmentUid=4b5fef2f-7951-477c-a9c0-ef0af047a425,executorType=newdeploy,functionName=ml-object-detection,functionNamespace=default,functionUid=dc6d8a52-8de2-4fbb-beef-7bcaa92aa890'
[ok] Patched Deployment resources
[ok] Patched Deployment resources
[ok] Verified Deployment template resources: requests={'cpu': '1500m', 'memory': '400Mi'} limits={'cpu': '3877m', 'memory': '457Mi'}
[info] Scaling deployment to 0 replicas to force full pod replacement
[ok] Verified Deployment template resources: requests={'cpu': '300m', 'memory': '50Mi'} limits={'cpu': '378m', 'memory': '50Mi'}
[info] Scaling deployment to 0 replicas to force full pod replacement
[ok] All pods terminated (replicas=0)
[info] Scaling deployment back to 17 replicas
[ok] All pods terminated (replicas=0)
[info] Scaling deployment back to 49 replicas
[ok] Rollout completed after scale-to-zero
[verify] newest RS=newdeploy-ml-image-processing-default-a616-8254b24ce685-7bb6c6fc57 pods=17 ready=17
[ok] Verified newest ReplicaSet template resources match expected
[ok] Rollout completed after scale-to-zero
[verify] newest RS=newdeploy-ml-object-detection-default-beef-7bcaa92aa890-7f77c794b5 pods=49 ready=49
[ok] Verified newest ReplicaSet template resources match expected
[info] Started Locust with PID 1796011
[info] start sleep for 30s
[info] sleep done
\Start sampling in parallel...
Workflow e2e p99 latency (54 completed in 17.0s, parallel, 8 workers): 3.143s
Average stage latencies:
  - ml-image-processing: 0.265s
  - ml-object-detection: 0.254s
================================================================================
objective      : energy
resource_config: [{'cpu_m': 378, 'memory_mi': 50}, {'cpu_m': 3877, 'memory_mi': 457}], latencies: {'ml-image-processing': 0.2647400935421939, 'ml-object-detection': 0.25393740499081713}, price_cost: 8712.758220, energy_cost: 420.408993, latency_p99 : 3.143271
wall_time_s    : 84.555
================================================================================

[info] Locust stopped
Updating function ml-image-processing to cpu: 300m, memory: 70Mi
Updating Deployment resource configuration...

Updating function ml-object-detection to cpu: 6000m, memory: 400Mi
Updating Deployment resource configuration...

[info] Original replicas=17, selector='environmentName=ml-image-processing,environmentNamespace=default,environmentUid=8dcaa936-04ed-49cf-8ddf-36cdc234cbfd,executorType=newdeploy,functionName=ml-image-processing,functionNamespace=default,functionUid=d8529cac-3c02-4647-a616-8254b24ce685'
[info] Original replicas=49, selector='environmentName=yolo,environmentNamespace=default,environmentUid=4b5fef2f-7951-477c-a9c0-ef0af047a425,executorType=newdeploy,functionName=ml-object-detection,functionNamespace=default,functionUid=dc6d8a52-8de2-4fbb-beef-7bcaa92aa890'
[ok] Patched Deployment resources
[ok] Patched Deployment resources
[ok] Verified Deployment template resources: requests={'cpu': '300m', 'memory': '50Mi'} limits={'cpu': '300m', 'memory': '70Mi'}
[info] Scaling deployment to 0 replicas to force full pod replacement
[ok] Verified Deployment template resources: requests={'cpu': '1500m', 'memory': '400Mi'} limits={'cpu': '6', 'memory': '400Mi'}
[info] Scaling deployment to 0 replicas to force full pod replacement
[ok] All pods terminated (replicas=0)
[info] Scaling deployment back to 17 replicas
[ok] All pods terminated (replicas=0)
[info] Scaling deployment back to 49 replicas
[ok] Rollout completed after scale-to-zero
[verify] newest RS=newdeploy-ml-image-processing-default-a616-8254b24ce685-747497c47c pods=17 ready=17
[ok] Verified newest ReplicaSet template resources match expected
[ok] Rollout completed after scale-to-zero
[verify] newest RS=newdeploy-ml-object-detection-default-beef-7bcaa92aa890-554d8556d5 pods=49 ready=49
[ok] Verified newest ReplicaSet template resources match expected
[info] Started Locust with PID 1799989
[info] start sleep for 30s
[info] sleep done
\Start sampling in parallel...
Workflow e2e p99 latency (56 completed in 17.6s, parallel, 8 workers): 4.263s
Average stage latencies:
  - ml-image-processing: 0.291s
  - ml-object-detection: 0.144s
================================================================================
objective      : energy
resource_config: [{'cpu_m': 300, 'memory_mi': 70}, {'cpu_m': 6000, 'memory_mi': 400}], latencies: {'ml-image-processing': 0.29122788747606265, 'ml-object-detection': 0.14401373490025954}, price_cost: 7620.758483, energy_cost: 386.066421, latency_p99 : 4.263209
wall_time_s    : 85.352
================================================================================

[info] Locust stopped
[info] Locust is not running
================================================================================

Batch  5: best_feasible_cost (random, qNEI) = (465.02094406764996, 417.41071052869177), best_constraint =  -0.387 (<=0 feasible), time = 260.23.
Best feasible resource configuration: [{'cpu_m': 365, 'memory_mi': 58}, {'cpu_m': 5054, 'memory_mi': 442}]

================================================================================
/home/cc/miniconda3/envs/faas/lib/python3.10/site-packages/botorch/acquisition/monte_carlo.py:502: NumericsWarning: qNoisyExpectedImprovement has known numerical issues that lead to suboptimal optimization performance. It is strongly recommended to simply replace

	 qNoisyExpectedImprovement 	 --> 	 qLogNoisyExpectedImprovement 

instead, which fixes the issues and has the same API. See https://arxiv.org/abs/2310.20708 for details.
  legacy_ei_numerics_warning(legacy_name=type(self).__name__)
Updating function ml-image-processing to cpu: 300m, memory: 63Mi
Updating Deployment resource configuration...

Updating function ml-object-detection to cpu: 5665m, memory: 512Mi
Updating Deployment resource configuration...

[info] Original replicas=17, selector='environmentName=ml-image-processing,environmentNamespace=default,environmentUid=8dcaa936-04ed-49cf-8ddf-36cdc234cbfd,executorType=newdeploy,functionName=ml-image-processing,functionNamespace=default,functionUid=d8529cac-3c02-4647-a616-8254b24ce685'
[info] Original replicas=49, selector='environmentName=yolo,environmentNamespace=default,environmentUid=4b5fef2f-7951-477c-a9c0-ef0af047a425,executorType=newdeploy,functionName=ml-object-detection,functionNamespace=default,functionUid=dc6d8a52-8de2-4fbb-beef-7bcaa92aa890'
[ok] Patched Deployment resources
[ok] Patched Deployment resources
[ok] Verified Deployment template resources: requests={'cpu': '1500m', 'memory': '400Mi'} limits={'cpu': '5665m', 'memory': '512Mi'}
[info] Scaling deployment to 0 replicas to force full pod replacement
[ok] Verified Deployment template resources: requests={'cpu': '300m', 'memory': '50Mi'} limits={'cpu': '300m', 'memory': '63Mi'}
[info] Scaling deployment to 0 replicas to force full pod replacement
[ok] All pods terminated (replicas=0)
[info] Scaling deployment back to 49 replicas
[ok] All pods terminated (replicas=0)
[info] Scaling deployment back to 17 replicas
[ok] Rollout completed after scale-to-zero
[verify] newest RS=newdeploy-ml-image-processing-default-a616-8254b24ce685-5c946b6d74 pods=17 ready=17
[ok] Verified newest ReplicaSet template resources match expected
[ok] Rollout completed after scale-to-zero
[verify] newest RS=newdeploy-ml-object-detection-default-beef-7bcaa92aa890-5b5b95bc44 pods=49 ready=49
[ok] Verified newest ReplicaSet template resources match expected
[info] Started Locust with PID 1804389
[info] start sleep for 30s
[info] sleep done
\Start sampling in parallel...
Workflow e2e p99 latency (55 completed in 19.4s, parallel, 8 workers): 4.625s
Average stage latencies:
  - ml-image-processing: 0.289s
  - ml-object-detection: 0.143s
================================================================================
objective      : energy
resource_config: [{'cpu_m': 300, 'memory_mi': 63}, {'cpu_m': 5665, 'memory_mi': 512}], latencies: {'ml-image-processing': 0.28919423339380457, 'ml-object-detection': 0.14320101959800177}, price_cost: 7179.983748, energy_cost: 389.608446, latency_p99 : 4.625073
wall_time_s    : 84.282
================================================================================

[info] Locust stopped
Updating function ml-image-processing to cpu: 638m, memory: 60Mi
Updating Deployment resource configuration...

Updating function ml-object-detection to cpu: 5668m, memory: 489Mi
Updating Deployment resource configuration...

[info] Original replicas=17, selector='environmentName=ml-image-processing,environmentNamespace=default,environmentUid=8dcaa936-04ed-49cf-8ddf-36cdc234cbfd,executorType=newdeploy,functionName=ml-image-processing,functionNamespace=default,functionUid=d8529cac-3c02-4647-a616-8254b24ce685'
[info] Original replicas=49, selector='environmentName=yolo,environmentNamespace=default,environmentUid=4b5fef2f-7951-477c-a9c0-ef0af047a425,executorType=newdeploy,functionName=ml-object-detection,functionNamespace=default,functionUid=dc6d8a52-8de2-4fbb-beef-7bcaa92aa890'
[ok] Patched Deployment resources
[ok] Patched Deployment resources
[ok] Verified Deployment template resources: requests={'cpu': '300m', 'memory': '50Mi'} limits={'cpu': '638m', 'memory': '60Mi'}
[info] Scaling deployment to 0 replicas to force full pod replacement
[ok] Verified Deployment template resources: requests={'cpu': '1500m', 'memory': '400Mi'} limits={'cpu': '5668m', 'memory': '489Mi'}
[info] Scaling deployment to 0 replicas to force full pod replacement
[ok] All pods terminated (replicas=0)
[info] Scaling deployment back to 17 replicas
[ok] All pods terminated (replicas=0)
[info] Scaling deployment back to 49 replicas
[ok] Rollout completed after scale-to-zero
[verify] newest RS=newdeploy-ml-image-processing-default-a616-8254b24ce685-7d6b77867d pods=17 ready=17
[ok] Verified newest ReplicaSet template resources match expected
[ok] Rollout completed after scale-to-zero
[verify] newest RS=newdeploy-ml-object-detection-default-beef-7bcaa92aa890-7988746b5c pods=49 ready=49
[ok] Verified newest ReplicaSet template resources match expected
[info] Started Locust with PID 1808623
[info] start sleep for 30s
[info] sleep done
\Start sampling in parallel...
Workflow e2e p99 latency (73 completed in 16.5s, parallel, 8 workers): 1.304s
Average stage latencies:
  - ml-image-processing: 0.135s
  - ml-object-detection: 0.172s
================================================================================
objective      : energy
resource_config: [{'cpu_m': 638, 'memory_mi': 60}, {'cpu_m': 5668, 'memory_mi': 489}], latencies: {'ml-image-processing': 0.13468680860576768, 'ml-object-detection': 0.17224456295881369}, price_cost: 8581.118485, energy_cost: 462.410496, latency_p99 : 1.303956
wall_time_s    : 83.622
================================================================================

[info] Locust stopped
Updating function ml-image-processing to cpu: 300m, memory: 70Mi
Updating Deployment resource configuration...

Updating function ml-object-detection to cpu: 4073m, memory: 400Mi
Updating Deployment resource configuration...

[info] Original replicas=17, selector='environmentName=ml-image-processing,environmentNamespace=default,environmentUid=8dcaa936-04ed-49cf-8ddf-36cdc234cbfd,executorType=newdeploy,functionName=ml-image-processing,functionNamespace=default,functionUid=d8529cac-3c02-4647-a616-8254b24ce685'
[info] Original replicas=49, selector='environmentName=yolo,environmentNamespace=default,environmentUid=4b5fef2f-7951-477c-a9c0-ef0af047a425,executorType=newdeploy,functionName=ml-object-detection,functionNamespace=default,functionUid=dc6d8a52-8de2-4fbb-beef-7bcaa92aa890'
[ok] Patched Deployment resources
[ok] Patched Deployment resources
[ok] Verified Deployment template resources: requests={'cpu': '300m', 'memory': '50Mi'} limits={'cpu': '300m', 'memory': '70Mi'}
[info] Scaling deployment to 0 replicas to force full pod replacement
[ok] Verified Deployment template resources: requests={'cpu': '1500m', 'memory': '400Mi'} limits={'cpu': '4073m', 'memory': '400Mi'}
[info] Scaling deployment to 0 replicas to force full pod replacement
[ok] All pods terminated (replicas=0)
[info] Scaling deployment back to 17 replicas
[ok] All pods terminated (replicas=0)
[info] Scaling deployment back to 49 replicas
[ok] Rollout completed after scale-to-zero
[verify] newest RS=newdeploy-ml-image-processing-default-a616-8254b24ce685-747497c47c pods=17 ready=17
[ok] Verified newest ReplicaSet template resources match expected
[ok] Rollout completed after scale-to-zero
[verify] newest RS=newdeploy-ml-object-detection-default-beef-7bcaa92aa890-b9bff4c48 pods=49 ready=49
[ok] Verified newest ReplicaSet template resources match expected
[info] Started Locust with PID 1812991
[info] start sleep for 30s
[info] sleep done
\Start sampling in parallel...
Workflow e2e p99 latency (47 completed in 17.7s, parallel, 8 workers): 5.510s
Average stage latencies:
  - ml-image-processing: 0.308s
  - ml-object-detection: 0.211s
================================================================================
objective      : energy
resource_config: [{'cpu_m': 300, 'memory_mi': 70}, {'cpu_m': 4073, 'memory_mi': 400}], latencies: {'ml-image-processing': 0.3083333436974344, 'ml-object-detection': 0.21108803675173127}, price_cost: 7615.643548, energy_cost: 384.857843, latency_p99 : 5.510246
wall_time_s    : 87.087
================================================================================

[info] Locust stopped
[info] Locust is not running
================================================================================

Batch  6: best_feasible_cost (random, qNEI) = (465.02094406764996, 417.41071052869177), best_constraint =  -0.387 (<=0 feasible), time = 262.95.
Best feasible resource configuration: [{'cpu_m': 365, 'memory_mi': 58}, {'cpu_m': 5054, 'memory_mi': 442}]

================================================================================
/home/cc/miniconda3/envs/faas/lib/python3.10/site-packages/botorch/acquisition/monte_carlo.py:502: NumericsWarning: qNoisyExpectedImprovement has known numerical issues that lead to suboptimal optimization performance. It is strongly recommended to simply replace

	 qNoisyExpectedImprovement 	 --> 	 qLogNoisyExpectedImprovement 

instead, which fixes the issues and has the same API. See https://arxiv.org/abs/2310.20708 for details.
  legacy_ei_numerics_warning(legacy_name=type(self).__name__)
Updating function ml-image-processing to cpu: 409m, memory: 70Mi
Updating Deployment resource configuration...

Updating function ml-object-detection to cpu: 4306m, memory: 400Mi
Updating Deployment resource configuration...

[info] Original replicas=17, selector='environmentName=ml-image-processing,environmentNamespace=default,environmentUid=8dcaa936-04ed-49cf-8ddf-36cdc234cbfd,executorType=newdeploy,functionName=ml-image-processing,functionNamespace=default,functionUid=d8529cac-3c02-4647-a616-8254b24ce685'
[info] Original replicas=49, selector='environmentName=yolo,environmentNamespace=default,environmentUid=4b5fef2f-7951-477c-a9c0-ef0af047a425,executorType=newdeploy,functionName=ml-object-detection,functionNamespace=default,functionUid=dc6d8a52-8de2-4fbb-beef-7bcaa92aa890'
[ok] Patched Deployment resources
[ok] Patched Deployment resources
[ok] Verified Deployment template resources: requests={'cpu': '1500m', 'memory': '400Mi'} limits={'cpu': '4306m', 'memory': '400Mi'}
[info] Scaling deployment to 0 replicas to force full pod replacement
[ok] Verified Deployment template resources: requests={'cpu': '300m', 'memory': '50Mi'} limits={'cpu': '409m', 'memory': '70Mi'}
[info] Scaling deployment to 0 replicas to force full pod replacement
[ok] All pods terminated (replicas=0)
[info] Scaling deployment back to 49 replicas
[ok] All pods terminated (replicas=0)
[info] Scaling deployment back to 17 replicas
[ok] Rollout completed after scale-to-zero
[verify] newest RS=newdeploy-ml-object-detection-default-beef-7bcaa92aa890-79454dd776 pods=49 ready=49
[ok] Verified newest ReplicaSet template resources match expected
[ok] Rollout completed after scale-to-zero
[verify] newest RS=newdeploy-ml-image-processing-default-a616-8254b24ce685-54fcc486df pods=17 ready=17
[ok] Verified newest ReplicaSet template resources match expected
[info] Started Locust with PID 1817585
[info] start sleep for 30s
[info] sleep done
\Start sampling in parallel...
Workflow e2e p99 latency (58 completed in 17.2s, parallel, 8 workers): 3.229s
Average stage latencies:
  - ml-image-processing: 0.230s
  - ml-object-detection: 0.211s
================================================================================
objective      : energy
resource_config: [{'cpu_m': 409, 'memory_mi': 70}, {'cpu_m': 4306, 'memory_mi': 400}], latencies: {'ml-image-processing': 0.23010908443769762, 'ml-object-detection': 0.21145700648876614}, price_cost: 8049.732862, energy_cost: 425.315605, latency_p99 : 3.228660
wall_time_s    : 79.906
================================================================================

[info] Locust stopped
Updating function ml-image-processing to cpu: 340m, memory: 70Mi
Updating Deployment resource configuration...

Updating function ml-object-detection to cpu: 4107m, memory: 512Mi
Updating Deployment resource configuration...

[info] Original replicas=17, selector='environmentName=ml-image-processing,environmentNamespace=default,environmentUid=8dcaa936-04ed-49cf-8ddf-36cdc234cbfd,executorType=newdeploy,functionName=ml-image-processing,functionNamespace=default,functionUid=d8529cac-3c02-4647-a616-8254b24ce685'
[info] Original replicas=49, selector='environmentName=yolo,environmentNamespace=default,environmentUid=4b5fef2f-7951-477c-a9c0-ef0af047a425,executorType=newdeploy,functionName=ml-object-detection,functionNamespace=default,functionUid=dc6d8a52-8de2-4fbb-beef-7bcaa92aa890'
[ok] Patched Deployment resources
[ok] Patched Deployment resources
[ok] Verified Deployment template resources: requests={'cpu': '1500m', 'memory': '400Mi'} limits={'cpu': '4107m', 'memory': '512Mi'}
[info] Scaling deployment to 0 replicas to force full pod replacement
[ok] Verified Deployment template resources: requests={'cpu': '300m', 'memory': '50Mi'} limits={'cpu': '340m', 'memory': '70Mi'}
[info] Scaling deployment to 0 replicas to force full pod replacement
[ok] All pods terminated (replicas=0)
[info] Scaling deployment back to 49 replicas
[ok] All pods terminated (replicas=0)
[info] Scaling deployment back to 17 replicas
[ok] Rollout completed after scale-to-zero
[verify] newest RS=newdeploy-ml-image-processing-default-a616-8254b24ce685-cd78fcdbf pods=17 ready=17
[ok] Verified newest ReplicaSet template resources match expected
[ok] Rollout completed after scale-to-zero
[verify] newest RS=newdeploy-ml-object-detection-default-beef-7bcaa92aa890-84f9cd48b4 pods=49 ready=49
[ok] Verified newest ReplicaSet template resources match expected
[info] Started Locust with PID 1821626
[info] start sleep for 30s
[info] sleep done
\Start sampling in parallel...
Workflow e2e p99 latency (54 completed in 17.2s, parallel, 8 workers): 2.874s
Average stage latencies:
  - ml-image-processing: 0.270s
  - ml-object-detection: 0.192s
================================================================================
objective      : energy
resource_config: [{'cpu_m': 340, 'memory_mi': 70}, {'cpu_m': 4107, 'memory_mi': 512}], latencies: {'ml-image-processing': 0.2704245315226554, 'ml-object-detection': 0.19185559915516665}, price_cost: 7013.029938, energy_cost: 405.220604, latency_p99 : 2.873600
wall_time_s    : 81.873
================================================================================

[info] Locust stopped
Updating function ml-image-processing to cpu: 332m, memory: 66Mi
Updating Deployment resource configuration...

Updating function ml-object-detection to cpu: 3870m, memory: 484Mi
Updating Deployment resource configuration...

[info] Original replicas=17, selector='environmentName=ml-image-processing,environmentNamespace=default,environmentUid=8dcaa936-04ed-49cf-8ddf-36cdc234cbfd,executorType=newdeploy,functionName=ml-image-processing,functionNamespace=default,functionUid=d8529cac-3c02-4647-a616-8254b24ce685'
[info] Original replicas=49, selector='environmentName=yolo,environmentNamespace=default,environmentUid=4b5fef2f-7951-477c-a9c0-ef0af047a425,executorType=newdeploy,functionName=ml-object-detection,functionNamespace=default,functionUid=dc6d8a52-8de2-4fbb-beef-7bcaa92aa890'
[ok] Patched Deployment resources
[ok] Patched Deployment resources
[ok] Verified Deployment template resources: requests={'cpu': '300m', 'memory': '50Mi'} limits={'cpu': '332m', 'memory': '66Mi'}
[info] Scaling deployment to 0 replicas to force full pod replacement
[ok] Verified Deployment template resources: requests={'cpu': '1500m', 'memory': '400Mi'} limits={'cpu': '3870m', 'memory': '484Mi'}
[info] Scaling deployment to 0 replicas to force full pod replacement
[ok] All pods terminated (replicas=0)
[info] Scaling deployment back to 17 replicas
[ok] All pods terminated (replicas=0)
[info] Scaling deployment back to 49 replicas
[ok] Rollout completed after scale-to-zero
[verify] newest RS=newdeploy-ml-image-processing-default-a616-8254b24ce685-f4c9b88c7 pods=17 ready=17
[ok] Verified newest ReplicaSet template resources match expected
[ok] Rollout completed after scale-to-zero
[verify] newest RS=newdeploy-ml-object-detection-default-beef-7bcaa92aa890-5f55676ffb pods=49 ready=49
[ok] Verified newest ReplicaSet template resources match expected
[info] Started Locust with PID 1825813
[info] start sleep for 30s
[info] sleep done
\Start sampling in parallel...
Workflow e2e p99 latency (57 completed in 18.6s, parallel, 8 workers): 2.999s
Average stage latencies:
  - ml-image-processing: 0.276s
  - ml-object-detection: 0.248s
================================================================================
objective      : energy
resource_config: [{'cpu_m': 332, 'memory_mi': 66}, {'cpu_m': 3870, 'memory_mi': 484}], latencies: {'ml-image-processing': 0.27598500432315887, 'ml-object-detection': 0.248415866458233}, price_cost: 8495.276857, energy_cost: 407.107148, latency_p99 : 2.998955
wall_time_s    : 83.653
================================================================================

[info] Locust stopped
[info] Locust is not running
================================================================================

Batch  7: best_feasible_cost (random, qNEI) = (465.02094406764996, 405.22060448784134), best_constraint =  -0.126 (<=0 feasible), time = 252.89.
Best feasible resource configuration: [{'cpu_m': 340, 'memory_mi': 70}, {'cpu_m': 4107, 'memory_mi': 512}]

================================================================================
/home/cc/miniconda3/envs/faas/lib/python3.10/site-packages/botorch/acquisition/monte_carlo.py:502: NumericsWarning: qNoisyExpectedImprovement has known numerical issues that lead to suboptimal optimization performance. It is strongly recommended to simply replace

	 qNoisyExpectedImprovement 	 --> 	 qLogNoisyExpectedImprovement 

instead, which fixes the issues and has the same API. See https://arxiv.org/abs/2310.20708 for details.
  legacy_ei_numerics_warning(legacy_name=type(self).__name__)
Updating function ml-image-processing to cpu: 343m, memory: 67Mi
Updating Deployment resource configuration...

Updating function ml-object-detection to cpu: 4106m, memory: 512Mi
Updating Deployment resource configuration...

[info] Original replicas=17, selector='environmentName=ml-image-processing,environmentNamespace=default,environmentUid=8dcaa936-04ed-49cf-8ddf-36cdc234cbfd,executorType=newdeploy,functionName=ml-image-processing,functionNamespace=default,functionUid=d8529cac-3c02-4647-a616-8254b24ce685'
[info] Original replicas=49, selector='environmentName=yolo,environmentNamespace=default,environmentUid=4b5fef2f-7951-477c-a9c0-ef0af047a425,executorType=newdeploy,functionName=ml-object-detection,functionNamespace=default,functionUid=dc6d8a52-8de2-4fbb-beef-7bcaa92aa890'
[ok] Patched Deployment resources
[ok] Patched Deployment resources
[ok] Verified Deployment template resources: requests={'cpu': '300m', 'memory': '50Mi'} limits={'cpu': '343m', 'memory': '67Mi'}
[info] Scaling deployment to 0 replicas to force full pod replacement
[ok] Verified Deployment template resources: requests={'cpu': '1500m', 'memory': '400Mi'} limits={'cpu': '4106m', 'memory': '512Mi'}
[info] Scaling deployment to 0 replicas to force full pod replacement
[ok] All pods terminated (replicas=0)
[info] Scaling deployment back to 49 replicas
[ok] All pods terminated (replicas=0)
[info] Scaling deployment back to 17 replicas
[ok] Rollout completed after scale-to-zero
[verify] newest RS=newdeploy-ml-object-detection-default-beef-7bcaa92aa890-6978cd9f84 pods=49 ready=49
[ok] Verified newest ReplicaSet template resources match expected
[ok] Rollout completed after scale-to-zero
[verify] newest RS=newdeploy-ml-image-processing-default-a616-8254b24ce685-6dcf47bc8 pods=17 ready=17
[ok] Verified newest ReplicaSet template resources match expected
[info] Started Locust with PID 1829918
[info] start sleep for 30s
[info] sleep done
\Start sampling in parallel...
Workflow e2e p99 latency (55 completed in 16.9s, parallel, 8 workers): 3.216s
Average stage latencies:
  - ml-image-processing: 0.250s
  - ml-object-detection: 0.222s
================================================================================
objective      : energy
resource_config: [{'cpu_m': 343, 'memory_mi': 67}, {'cpu_m': 4106, 'memory_mi': 512}], latencies: {'ml-image-processing': 0.2496204007332298, 'ml-object-detection': 0.2221744357269596}, price_cost: 8056.992324, energy_cost: 408.499894, latency_p99 : 3.216211
wall_time_s    : 83.305
================================================================================

[info] Locust stopped
Updating function ml-image-processing to cpu: 300m, memory: 50Mi
Updating Deployment resource configuration...

Updating function ml-object-detection to cpu: 3921m, memory: 512Mi
Updating Deployment resource configuration...

[info] Original replicas=49, selector='environmentName=yolo,environmentNamespace=default,environmentUid=4b5fef2f-7951-477c-a9c0-ef0af047a425,executorType=newdeploy,functionName=ml-object-detection,functionNamespace=default,functionUid=dc6d8a52-8de2-4fbb-beef-7bcaa92aa890'
[info] Original replicas=17, selector='environmentName=ml-image-processing,environmentNamespace=default,environmentUid=8dcaa936-04ed-49cf-8ddf-36cdc234cbfd,executorType=newdeploy,functionName=ml-image-processing,functionNamespace=default,functionUid=d8529cac-3c02-4647-a616-8254b24ce685'
[ok] Patched Deployment resources
[ok] Patched Deployment resources
[ok] Verified Deployment template resources: requests={'cpu': '1500m', 'memory': '400Mi'} limits={'cpu': '3921m', 'memory': '512Mi'}
[info] Scaling deployment to 0 replicas to force full pod replacement
[ok] Verified Deployment template resources: requests={'cpu': '300m', 'memory': '50Mi'} limits={'cpu': '300m', 'memory': '50Mi'}
[info] Scaling deployment to 0 replicas to force full pod replacement
[ok] All pods terminated (replicas=0)
[info] Scaling deployment back to 49 replicas
[ok] All pods terminated (replicas=0)
[info] Scaling deployment back to 17 replicas
[ok] Rollout completed after scale-to-zero
[verify] newest RS=newdeploy-ml-image-processing-default-a616-8254b24ce685-5789945b5f pods=17 ready=17
[ok] Verified newest ReplicaSet template resources match expected
[ok] Rollout completed after scale-to-zero
[verify] newest RS=newdeploy-ml-object-detection-default-beef-7bcaa92aa890-5b9b6fc6fb pods=49 ready=49
[ok] Verified newest ReplicaSet template resources match expected
[info] Started Locust with PID 1834114
[info] start sleep for 30s
[info] sleep done
\Start sampling in parallel...
Workflow e2e p99 latency (53 completed in 18.0s, parallel, 8 workers): 4.612s
Average stage latencies:
  - ml-image-processing: 0.300s
  - ml-object-detection: 0.222s
================================================================================
objective      : energy
resource_config: [{'cpu_m': 300, 'memory_mi': 50}, {'cpu_m': 3921, 'memory_mi': 512}], latencies: {'ml-image-processing': 0.3001447145053941, 'ml-object-detection': 0.2223409737969907}, price_cost: 7726.805975, energy_cost: 391.455749, latency_p99 : 4.611689
wall_time_s    : 86.502
================================================================================

[info] Locust stopped
Updating function ml-image-processing to cpu: 689m, memory: 68Mi
Updating Deployment resource configuration...

Updating function ml-object-detection to cpu: 1687m, memory: 421Mi
Updating Deployment resource configuration...

[info] Original replicas=17, selector='environmentName=ml-image-processing,environmentNamespace=default,environmentUid=8dcaa936-04ed-49cf-8ddf-36cdc234cbfd,executorType=newdeploy,functionName=ml-image-processing,functionNamespace=default,functionUid=d8529cac-3c02-4647-a616-8254b24ce685'
[info] Original replicas=49, selector='environmentName=yolo,environmentNamespace=default,environmentUid=4b5fef2f-7951-477c-a9c0-ef0af047a425,executorType=newdeploy,functionName=ml-object-detection,functionNamespace=default,functionUid=dc6d8a52-8de2-4fbb-beef-7bcaa92aa890'
[ok] Patched Deployment resources
[ok] Patched Deployment resources
[ok] Verified Deployment template resources: requests={'cpu': '300m', 'memory': '50Mi'} limits={'cpu': '689m', 'memory': '68Mi'}
[info] Scaling deployment to 0 replicas to force full pod replacement
[ok] Verified Deployment template resources: requests={'cpu': '1500m', 'memory': '400Mi'} limits={'cpu': '1687m', 'memory': '421Mi'}
[info] Scaling deployment to 0 replicas to force full pod replacement
[ok] All pods terminated (replicas=0)
[info] Scaling deployment back to 17 replicas
[ok] All pods terminated (replicas=0)
[info] Scaling deployment back to 49 replicas
[ok] Rollout completed after scale-to-zero
[verify] newest RS=newdeploy-ml-image-processing-default-a616-8254b24ce685-6b88cf8864 pods=17 ready=17
[ok] Verified newest ReplicaSet template resources match expected
[ok] Rollout completed after scale-to-zero
[verify] newest RS=newdeploy-ml-object-detection-default-beef-7bcaa92aa890-7d57bf6d4c pods=49 ready=49
[ok] Verified newest ReplicaSet template resources match expected
[info] Started Locust with PID 1838053
[info] start sleep for 30s
[info] sleep done
\Start sampling in parallel...
Workflow e2e p99 latency (38 completed in 21.0s, parallel, 8 workers): 9.000s
Average stage latencies:
  - ml-image-processing: 0.106s
  - ml-object-detection: 0.715s
================================================================================
objective      : energy
resource_config: [{'cpu_m': 689, 'memory_mi': 68}, {'cpu_m': 1687, 'memory_mi': 421}], latencies: {'ml-image-processing': 0.10575305092005202, 'ml-object-detection': 0.7148088984227238}, price_cost: 10619.436420, energy_cost: 318.709042, latency_p99 : 9.000000
wall_time_s    : 87.186
================================================================================

[info] Locust stopped
[info] Locust is not running
================================================================================

Batch  8: best_feasible_cost (random, qNEI) = (465.02094406764996, 405.22060448784134), best_constraint =  -0.126 (<=0 feasible), time = 267.52.
Best feasible resource configuration: [{'cpu_m': 340, 'memory_mi': 70}, {'cpu_m': 4107, 'memory_mi': 512}]

================================================================================
/home/cc/miniconda3/envs/faas/lib/python3.10/site-packages/botorch/acquisition/monte_carlo.py:502: NumericsWarning: qNoisyExpectedImprovement has known numerical issues that lead to suboptimal optimization performance. It is strongly recommended to simply replace

	 qNoisyExpectedImprovement 	 --> 	 qLogNoisyExpectedImprovement 

instead, which fixes the issues and has the same API. See https://arxiv.org/abs/2310.20708 for details.
  legacy_ei_numerics_warning(legacy_name=type(self).__name__)
Updating function ml-image-processing to cpu: 300m, memory: 62Mi
Updating Deployment resource configuration...

Updating function ml-object-detection to cpu: 1500m, memory: 400Mi
Updating Deployment resource configuration...

[info] Original replicas=49, selector='environmentName=yolo,environmentNamespace=default,environmentUid=4b5fef2f-7951-477c-a9c0-ef0af047a425,executorType=newdeploy,functionName=ml-object-detection,functionNamespace=default,functionUid=dc6d8a52-8de2-4fbb-beef-7bcaa92aa890'
[info] Original replicas=17, selector='environmentName=ml-image-processing,environmentNamespace=default,environmentUid=8dcaa936-04ed-49cf-8ddf-36cdc234cbfd,executorType=newdeploy,functionName=ml-image-processing,functionNamespace=default,functionUid=d8529cac-3c02-4647-a616-8254b24ce685'
[ok] Patched Deployment resources
[ok] Patched Deployment resources
[ok] Verified Deployment template resources: requests={'cpu': '1500m', 'memory': '400Mi'} limits={'cpu': '1500m', 'memory': '400Mi'}
[info] Scaling deployment to 0 replicas to force full pod replacement
[ok] Verified Deployment template resources: requests={'cpu': '300m', 'memory': '50Mi'} limits={'cpu': '300m', 'memory': '62Mi'}
[info] Scaling deployment to 0 replicas to force full pod replacement
[ok] All pods terminated (replicas=0)
[info] Scaling deployment back to 17 replicas
[ok] All pods terminated (replicas=0)
[info] Scaling deployment back to 49 replicas
[ok] Deleted HPA newdeploy-ml-object-detection-default-beef-7bcaa92aa890
[ok] Rollout completed after scale-to-zero
[verify] newest RS=newdeploy-ml-image-processing-default-a616-8254b24ce685-6478cbdf66 pods=17 ready=17
[ok] Verified newest ReplicaSet template resources match expected
[ok] Rollout completed after scale-to-zero
[verify] newest RS=newdeploy-ml-object-detection-default-beef-7bcaa92aa890-57d74c9db8 pods=49 ready=49
[ok] Verified newest ReplicaSet template resources match expected
[info] Started Locust with PID 1842403
[info] start sleep for 30s
[info] sleep done
\Start sampling in parallel...
Workflow e2e p99 latency (30 completed in 20.8s, parallel, 8 workers): 9.000s
Average stage latencies:
  - ml-image-processing: 0.250s
  - ml-object-detection: 0.905s
================================================================================
objective      : energy
resource_config: [{'cpu_m': 300, 'memory_mi': 62}, {'cpu_m': 1500, 'memory_mi': 400}], latencies: {'ml-image-processing': 0.24960122999942136, 'ml-object-detection': 0.9049902664135314}, price_cost: 11949.037832, energy_cost: 304.508887, latency_p99 : 9.000000
wall_time_s    : 85.957
================================================================================

[info] Locust stopped
Updating function ml-image-processing to cpu: 300m, memory: 50Mi
Updating Deployment resource configuration...

Updating function ml-object-detection to cpu: 6000m, memory: 512Mi
Updating Deployment resource configuration...

[info] Original replicas=17, selector='environmentName=ml-image-processing,environmentNamespace=default,environmentUid=8dcaa936-04ed-49cf-8ddf-36cdc234cbfd,executorType=newdeploy,functionName=ml-image-processing,functionNamespace=default,functionUid=d8529cac-3c02-4647-a616-8254b24ce685'
[info] Original replicas=49, selector='environmentName=yolo,environmentNamespace=default,environmentUid=4b5fef2f-7951-477c-a9c0-ef0af047a425,executorType=newdeploy,functionName=ml-object-detection,functionNamespace=default,functionUid=dc6d8a52-8de2-4fbb-beef-7bcaa92aa890'
[ok] Patched Deployment resources
[ok] Patched Deployment resources
[ok] Verified Deployment template resources: requests={'cpu': '300m', 'memory': '50Mi'} limits={'cpu': '300m', 'memory': '50Mi'}
[info] Scaling deployment to 0 replicas to force full pod replacement
[ok] Verified Deployment template resources: requests={'cpu': '1500m', 'memory': '400Mi'} limits={'cpu': '6', 'memory': '512Mi'}
[info] Scaling deployment to 0 replicas to force full pod replacement
[ok] All pods terminated (replicas=0)
[info] Scaling deployment back to 17 replicas
[ok] All pods terminated (replicas=0)
[info] Scaling deployment back to 49 replicas
[ok] Deleted HPA newdeploy-ml-object-detection-default-beef-7bcaa92aa890
[ok] Rollout completed after scale-to-zero
[verify] newest RS=newdeploy-ml-image-processing-default-a616-8254b24ce685-5789945b5f pods=17 ready=17
[ok] Verified newest ReplicaSet template resources match expected
[ok] Rollout completed after scale-to-zero
[verify] newest RS=newdeploy-ml-object-detection-default-beef-7bcaa92aa890-5bc4fb78cc pods=49 ready=49
[ok] Verified newest ReplicaSet template resources match expected
[info] Started Locust with PID 1846195
[info] start sleep for 30s
[info] sleep done
\Start sampling in parallel...
Workflow e2e p99 latency (54 completed in 18.7s, parallel, 8 workers): 3.456s
Average stage latencies:
  - ml-image-processing: 0.295s
  - ml-object-detection: 0.141s
================================================================================
objective      : energy
resource_config: [{'cpu_m': 300, 'memory_mi': 50}, {'cpu_m': 6000, 'memory_mi': 512}], latencies: {'ml-image-processing': 0.2950072183825628, 'ml-object-detection': 0.14140871017136508}, price_cost: 7499.335225, energy_cost: 389.529627, latency_p99 : 3.455908
wall_time_s    : 84.130
================================================================================

[info] Locust stopped
Updating function ml-image-processing to cpu: 300m, memory: 70Mi
Updating Deployment resource configuration...

Updating function ml-object-detection to cpu: 6000m, memory: 458Mi
Updating Deployment resource configuration...

[info] Original replicas=17, selector='environmentName=ml-image-processing,environmentNamespace=default,environmentUid=8dcaa936-04ed-49cf-8ddf-36cdc234cbfd,executorType=newdeploy,functionName=ml-image-processing,functionNamespace=default,functionUid=d8529cac-3c02-4647-a616-8254b24ce685'
[info] Original replicas=49, selector='environmentName=yolo,environmentNamespace=default,environmentUid=4b5fef2f-7951-477c-a9c0-ef0af047a425,executorType=newdeploy,functionName=ml-object-detection,functionNamespace=default,functionUid=dc6d8a52-8de2-4fbb-beef-7bcaa92aa890'
[ok] Patched Deployment resources
[ok] Patched Deployment resources
[ok] Verified Deployment template resources: requests={'cpu': '300m', 'memory': '50Mi'} limits={'cpu': '300m', 'memory': '70Mi'}
[info] Scaling deployment to 0 replicas to force full pod replacement
[ok] Verified Deployment template resources: requests={'cpu': '1500m', 'memory': '400Mi'} limits={'cpu': '6', 'memory': '458Mi'}
[info] Scaling deployment to 0 replicas to force full pod replacement
[ok] All pods terminated (replicas=0)
[info] Scaling deployment back to 17 replicas
[ok] All pods terminated (replicas=0)
[info] Scaling deployment back to 49 replicas
[ok] Rollout completed after scale-to-zero
[verify] newest RS=newdeploy-ml-image-processing-default-a616-8254b24ce685-747497c47c pods=17 ready=17
[ok] Verified newest ReplicaSet template resources match expected
[ok] Rollout completed after scale-to-zero
[verify] newest RS=newdeploy-ml-object-detection-default-beef-7bcaa92aa890-7466cf7f7d pods=49 ready=49
[ok] Verified newest ReplicaSet template resources match expected
[info] Started Locust with PID 1850376
[info] start sleep for 30s
[info] sleep done
\Start sampling in parallel...
Workflow e2e p99 latency (56 completed in 18.3s, parallel, 8 workers): 2.511s
Average stage latencies:
  - ml-image-processing: 0.265s
  - ml-object-detection: 0.133s
================================================================================
objective      : energy
resource_config: [{'cpu_m': 300, 'memory_mi': 70}, {'cpu_m': 6000, 'memory_mi': 458}], latencies: {'ml-image-processing': 0.26493412029230967, 'ml-object-detection': 0.13348007106521567}, price_cost: 7063.537975, energy_cost: 390.977246, latency_p99 : 2.511047
wall_time_s    : 83.165
================================================================================

[info] Locust stopped
[info] Locust is not running
================================================================================

Batch  9: best_feasible_cost (random, qNEI) = (465.02094406764996, 390.9772457503316), best_constraint =  -0.489 (<=0 feasible), time = 268.06.
Best feasible resource configuration: [{'cpu_m': 300, 'memory_mi': 70}, {'cpu_m': 6000, 'memory_mi': 458}]

================================================================================
/home/cc/miniconda3/envs/faas/lib/python3.10/site-packages/botorch/acquisition/monte_carlo.py:502: NumericsWarning: qNoisyExpectedImprovement has known numerical issues that lead to suboptimal optimization performance. It is strongly recommended to simply replace

	 qNoisyExpectedImprovement 	 --> 	 qLogNoisyExpectedImprovement 

instead, which fixes the issues and has the same API. See https://arxiv.org/abs/2310.20708 for details.
  legacy_ei_numerics_warning(legacy_name=type(self).__name__)
Updating function ml-image-processing to cpu: 300m, memory: 54Mi
Updating Deployment resource configuration...

Updating function ml-object-detection to cpu: 6000m, memory: 479Mi
Updating Deployment resource configuration...

[info] Original replicas=17, selector='environmentName=ml-image-processing,environmentNamespace=default,environmentUid=8dcaa936-04ed-49cf-8ddf-36cdc234cbfd,executorType=newdeploy,functionName=ml-image-processing,functionNamespace=default,functionUid=d8529cac-3c02-4647-a616-8254b24ce685'
[info] Original replicas=49, selector='environmentName=yolo,environmentNamespace=default,environmentUid=4b5fef2f-7951-477c-a9c0-ef0af047a425,executorType=newdeploy,functionName=ml-object-detection,functionNamespace=default,functionUid=dc6d8a52-8de2-4fbb-beef-7bcaa92aa890'
[ok] Patched Deployment resources
[ok] Patched Deployment resources
[ok] Verified Deployment template resources: requests={'cpu': '1500m', 'memory': '400Mi'} limits={'cpu': '6', 'memory': '479Mi'}
[info] Scaling deployment to 0 replicas to force full pod replacement
[ok] Verified Deployment template resources: requests={'cpu': '300m', 'memory': '50Mi'} limits={'cpu': '300m', 'memory': '54Mi'}
[info] Scaling deployment to 0 replicas to force full pod replacement
[ok] All pods terminated (replicas=0)
[info] Scaling deployment back to 17 replicas
[ok] All pods terminated (replicas=0)
[info] Scaling deployment back to 49 replicas
[ok] Rollout completed after scale-to-zero
[verify] newest RS=newdeploy-ml-image-processing-default-a616-8254b24ce685-c7699667c pods=17 ready=17
[ok] Verified newest ReplicaSet template resources match expected
[ok] Rollout completed after scale-to-zero
[verify] newest RS=newdeploy-ml-object-detection-default-beef-7bcaa92aa890-5d78577b55 pods=49 ready=49
[ok] Verified newest ReplicaSet template resources match expected
[info] Started Locust with PID 1854784
[info] start sleep for 30s
[info] sleep done
\Start sampling in parallel...
Workflow e2e p99 latency (55 completed in 18.6s, parallel, 8 workers): 3.196s
Average stage latencies:
  - ml-image-processing: 0.290s
  - ml-object-detection: 0.140s
================================================================================
objective      : energy
resource_config: [{'cpu_m': 300, 'memory_mi': 54}, {'cpu_m': 6000, 'memory_mi': 479}], latencies: {'ml-image-processing': 0.2902118692767214, 'ml-object-detection': 0.13963732815093616}, price_cost: 7401.876976, energy_cost: 387.247187, latency_p99 : 3.195830
wall_time_s    : 83.548
================================================================================

[info] Locust stopped
Updating function ml-image-processing to cpu: 416m, memory: 52Mi
Updating Deployment resource configuration...

Updating function ml-object-detection to cpu: 1859m, memory: 420Mi
Updating Deployment resource configuration...

[info] Original replicas=49, selector='environmentName=yolo,environmentNamespace=default,environmentUid=4b5fef2f-7951-477c-a9c0-ef0af047a425,executorType=newdeploy,functionName=ml-object-detection,functionNamespace=default,functionUid=dc6d8a52-8de2-4fbb-beef-7bcaa92aa890'
[info] Original replicas=17, selector='environmentName=ml-image-processing,environmentNamespace=default,environmentUid=8dcaa936-04ed-49cf-8ddf-36cdc234cbfd,executorType=newdeploy,functionName=ml-image-processing,functionNamespace=default,functionUid=d8529cac-3c02-4647-a616-8254b24ce685'
[ok] Patched Deployment resources
[ok] Patched Deployment resources
[ok] Verified Deployment template resources: requests={'cpu': '1500m', 'memory': '400Mi'} limits={'cpu': '1859m', 'memory': '420Mi'}
[info] Scaling deployment to 0 replicas to force full pod replacement
[ok] Verified Deployment template resources: requests={'cpu': '300m', 'memory': '50Mi'} limits={'cpu': '416m', 'memory': '52Mi'}
[info] Scaling deployment to 0 replicas to force full pod replacement
[ok] All pods terminated (replicas=0)
[info] Scaling deployment back to 49 replicas
[ok] All pods terminated (replicas=0)
[info] Scaling deployment back to 17 replicas
[ok] Rollout completed after scale-to-zero
[verify] newest RS=newdeploy-ml-object-detection-default-beef-7bcaa92aa890-6747cc87f pods=49 ready=49
[ok] Verified newest ReplicaSet template resources match expected
[ok] Rollout completed after scale-to-zero
[verify] newest RS=newdeploy-ml-image-processing-default-a616-8254b24ce685-546b94db99 pods=17 ready=17
[ok] Verified newest ReplicaSet template resources match expected
[info] Started Locust with PID 1859195
[info] start sleep for 30s
[info] sleep done
\Start sampling in parallel...
Workflow e2e p99 latency (31 completed in 21.7s, parallel, 8 workers): 9.000s
Average stage latencies:
  - ml-image-processing: 0.148s
  - ml-object-detection: 0.678s
================================================================================
objective      : energy
resource_config: [{'cpu_m': 416, 'memory_mi': 52}, {'cpu_m': 1859, 'memory_mi': 420}], latencies: {'ml-image-processing': 0.1482146323987228, 'ml-object-detection': 0.677903186831185}, price_cost: 11037.448094, energy_cost: 328.812209, latency_p99 : 9.000000
wall_time_s    : 87.150
================================================================================

[info] Locust stopped
Updating function ml-image-processing to cpu: 300m, memory: 50Mi
Updating Deployment resource configuration...

Updating function ml-object-detection to cpu: 2621m, memory: 400Mi
Updating Deployment resource configuration...

[info] Original replicas=17, selector='environmentName=ml-image-processing,environmentNamespace=default,environmentUid=8dcaa936-04ed-49cf-8ddf-36cdc234cbfd,executorType=newdeploy,functionName=ml-image-processing,functionNamespace=default,functionUid=d8529cac-3c02-4647-a616-8254b24ce685'
[info] Original replicas=49, selector='environmentName=yolo,environmentNamespace=default,environmentUid=4b5fef2f-7951-477c-a9c0-ef0af047a425,executorType=newdeploy,functionName=ml-object-detection,functionNamespace=default,functionUid=dc6d8a52-8de2-4fbb-beef-7bcaa92aa890'
[ok] Patched Deployment resources
[ok] Patched Deployment resources
[ok] Verified Deployment template resources: requests={'cpu': '1500m', 'memory': '400Mi'} limits={'cpu': '2621m', 'memory': '400Mi'}
[info] Scaling deployment to 0 replicas to force full pod replacement
[ok] Verified Deployment template resources: requests={'cpu': '300m', 'memory': '50Mi'} limits={'cpu': '300m', 'memory': '50Mi'}
[info] Scaling deployment to 0 replicas to force full pod replacement
[ok] All pods terminated (replicas=0)
[info] Scaling deployment back to 49 replicas
[ok] All pods terminated (replicas=0)
[info] Scaling deployment back to 17 replicas
[ok] Deleted HPA newdeploy-ml-object-detection-default-beef-7bcaa92aa890
[ok] Rollout completed after scale-to-zero
[verify] newest RS=newdeploy-ml-image-processing-default-a616-8254b24ce685-5789945b5f pods=17 ready=17
[ok] Verified newest ReplicaSet template resources match expected
[ok] Rollout completed after scale-to-zero
[verify] newest RS=newdeploy-ml-object-detection-default-beef-7bcaa92aa890-c75ff8bc6 pods=49 ready=49
[ok] Verified newest ReplicaSet template resources match expected
[info] Started Locust with PID 1863581
[info] start sleep for 30s
[info] sleep done
\Start sampling in parallel...
Workflow e2e p99 latency (48 completed in 18.0s, parallel, 8 workers): 9.000s
Average stage latencies:
  - ml-image-processing: 0.311s
  - ml-object-detection: 0.425s
================================================================================
objective      : energy
resource_config: [{'cpu_m': 300, 'memory_mi': 50}, {'cpu_m': 2621, 'memory_mi': 400}], latencies: {'ml-image-processing': 0.31068795356661716, 'ml-object-detection': 0.42452766847340984}, price_cost: 9811.961215, energy_cost: 364.601185, latency_p99 : 9.000000
wall_time_s    : 85.090
================================================================================

[info] Locust stopped
[info] Locust is not running
================================================================================

Batch 10: best_feasible_cost (random, qNEI) = (465.02094406764996, 390.9772457503316), best_constraint =  -0.489 (<=0 feasible), time = 272.14.
Best feasible resource configuration: [{'cpu_m': 300, 'memory_mi': 70}, {'cpu_m': 6000, 'memory_mi': 458}]

================================================================================
/home/cc/miniconda3/envs/faas/lib/python3.10/site-packages/botorch/acquisition/monte_carlo.py:502: NumericsWarning: qNoisyExpectedImprovement has known numerical issues that lead to suboptimal optimization performance. It is strongly recommended to simply replace

	 qNoisyExpectedImprovement 	 --> 	 qLogNoisyExpectedImprovement 

instead, which fixes the issues and has the same API. See https://arxiv.org/abs/2310.20708 for details.
  legacy_ei_numerics_warning(legacy_name=type(self).__name__)
Updating function ml-image-processing to cpu: 431m, memory: 63Mi
Updating Deployment resource configuration...

Updating function ml-object-detection to cpu: 4714m, memory: 403Mi
Updating Deployment resource configuration...

[info] Original replicas=17, selector='environmentName=ml-image-processing,environmentNamespace=default,environmentUid=8dcaa936-04ed-49cf-8ddf-36cdc234cbfd,executorType=newdeploy,functionName=ml-image-processing,functionNamespace=default,functionUid=d8529cac-3c02-4647-a616-8254b24ce685'
[info] Original replicas=49, selector='environmentName=yolo,environmentNamespace=default,environmentUid=4b5fef2f-7951-477c-a9c0-ef0af047a425,executorType=newdeploy,functionName=ml-object-detection,functionNamespace=default,functionUid=dc6d8a52-8de2-4fbb-beef-7bcaa92aa890'
[ok] Patched Deployment resources
[ok] Patched Deployment resources
[ok] Verified Deployment template resources: requests={'cpu': '300m', 'memory': '50Mi'} limits={'cpu': '431m', 'memory': '63Mi'}
[info] Scaling deployment to 0 replicas to force full pod replacement
[ok] Verified Deployment template resources: requests={'cpu': '1500m', 'memory': '400Mi'} limits={'cpu': '4714m', 'memory': '403Mi'}
[info] Scaling deployment to 0 replicas to force full pod replacement
[ok] All pods terminated (replicas=0)
[info] Scaling deployment back to 49 replicas
[ok] All pods terminated (replicas=0)
[info] Scaling deployment back to 17 replicas
[ok] Rollout completed after scale-to-zero
[verify] newest RS=newdeploy-ml-image-processing-default-a616-8254b24ce685-76d75c6c64 pods=17 ready=17
[ok] Verified newest ReplicaSet template resources match expected
[ok] Rollout completed after scale-to-zero
[verify] newest RS=newdeploy-ml-object-detection-default-beef-7bcaa92aa890-5645d9cc6c pods=49 ready=49
[ok] Verified newest ReplicaSet template resources match expected
[info] Started Locust with PID 1871568
[info] start sleep for 30s
[info] sleep done
\Start sampling in parallel...
Workflow e2e p99 latency (64 completed in 17.1s, parallel, 8 workers): 2.094s
Average stage latencies:
  - ml-image-processing: 0.209s
  - ml-object-detection: 0.194s
================================================================================
objective      : energy
resource_config: [{'cpu_m': 431, 'memory_mi': 63}, {'cpu_m': 4714, 'memory_mi': 403}], latencies: {'ml-image-processing': 0.2092613623390207, 'ml-object-detection': 0.19351469606044702}, price_cost: 8047.971820, energy_cost: 434.737711, latency_p99 : 2.093736
wall_time_s    : 82.256
================================================================================

[info] Locust stopped
Updating function ml-image-processing to cpu: 443m, memory: 60Mi
Updating Deployment resource configuration...

Updating function ml-object-detection to cpu: 3733m, memory: 435Mi
Updating Deployment resource configuration...

[info] Original replicas=17, selector='environmentName=ml-image-processing,environmentNamespace=default,environmentUid=8dcaa936-04ed-49cf-8ddf-36cdc234cbfd,executorType=newdeploy,functionName=ml-image-processing,functionNamespace=default,functionUid=d8529cac-3c02-4647-a616-8254b24ce685'
[info] Original replicas=49, selector='environmentName=yolo,environmentNamespace=default,environmentUid=4b5fef2f-7951-477c-a9c0-ef0af047a425,executorType=newdeploy,functionName=ml-object-detection,functionNamespace=default,functionUid=dc6d8a52-8de2-4fbb-beef-7bcaa92aa890'
[ok] Patched Deployment resources
[ok] Patched Deployment resources
[ok] Verified Deployment template resources: requests={'cpu': '300m', 'memory': '50Mi'} limits={'cpu': '443m', 'memory': '60Mi'}
[info] Scaling deployment to 0 replicas to force full pod replacement
[ok] Verified Deployment template resources: requests={'cpu': '1500m', 'memory': '400Mi'} limits={'cpu': '3733m', 'memory': '435Mi'}
[info] Scaling deployment to 0 replicas to force full pod replacement
[ok] All pods terminated (replicas=0)
[info] Scaling deployment back to 17 replicas
[ok] All pods terminated (replicas=0)
[info] Scaling deployment back to 49 replicas
[ok] Rollout completed after scale-to-zero
[verify] newest RS=newdeploy-ml-image-processing-default-a616-8254b24ce685-78b9ccdf58 pods=17 ready=17
[ok] Verified newest ReplicaSet template resources match expected
[ok] Rollout completed after scale-to-zero
[verify] newest RS=newdeploy-ml-object-detection-default-beef-7bcaa92aa890-675788bd5f pods=49 ready=49
[ok] Verified newest ReplicaSet template resources match expected
[info] Started Locust with PID 1875479
[info] start sleep for 30s
[info] sleep done
\Start sampling in parallel...
Workflow e2e p99 latency (61 completed in 16.5s, parallel, 8 workers): 2.470s
Average stage latencies:
  - ml-image-processing: 0.197s
  - ml-object-detection: 0.259s
================================================================================
objective      : energy
resource_config: [{'cpu_m': 443, 'memory_mi': 60}, {'cpu_m': 3733, 'memory_mi': 435}], latencies: {'ml-image-processing': 0.1974384170025587, 'ml-object-detection': 0.25916625668493204}, price_cost: 8528.882207, energy_cost: 429.466982, latency_p99 : 2.469924
wall_time_s    : 83.984
================================================================================

[info] Locust stopped
Updating function ml-image-processing to cpu: 393m, memory: 70Mi
Updating Deployment resource configuration...

Updating function ml-object-detection to cpu: 3869m, memory: 505Mi
Updating Deployment resource configuration...

[info] Original replicas=17, selector='environmentName=ml-image-processing,environmentNamespace=default,environmentUid=8dcaa936-04ed-49cf-8ddf-36cdc234cbfd,executorType=newdeploy,functionName=ml-image-processing,functionNamespace=default,functionUid=d8529cac-3c02-4647-a616-8254b24ce685'
[info] Original replicas=49, selector='environmentName=yolo,environmentNamespace=default,environmentUid=4b5fef2f-7951-477c-a9c0-ef0af047a425,executorType=newdeploy,functionName=ml-object-detection,functionNamespace=default,functionUid=dc6d8a52-8de2-4fbb-beef-7bcaa92aa890'
[ok] Patched Deployment resources
[ok] Patched Deployment resources
[ok] Verified Deployment template resources: requests={'cpu': '300m', 'memory': '50Mi'} limits={'cpu': '393m', 'memory': '70Mi'}
[info] Scaling deployment to 0 replicas to force full pod replacement
[ok] Verified Deployment template resources: requests={'cpu': '1500m', 'memory': '400Mi'} limits={'cpu': '3869m', 'memory': '505Mi'}
[info] Scaling deployment to 0 replicas to force full pod replacement
[ok] All pods terminated (replicas=0)
[info] Scaling deployment back to 49 replicas
[ok] All pods terminated (replicas=0)
[info] Scaling deployment back to 17 replicas
[ok] Rollout completed after scale-to-zero
[verify] newest RS=newdeploy-ml-image-processing-default-a616-8254b24ce685-84f4df6fc7 pods=17 ready=17
[ok] Verified newest ReplicaSet template resources match expected
[ok] Rollout completed after scale-to-zero
[verify] newest RS=newdeploy-ml-object-detection-default-beef-7bcaa92aa890-5684fbbd8c pods=49 ready=49
[ok] Verified newest ReplicaSet template resources match expected
[info] Started Locust with PID 1879730
[info] start sleep for 30s
[info] sleep done
\Start sampling in parallel...
Workflow e2e p99 latency (60 completed in 17.9s, parallel, 8 workers): 2.515s
Average stage latencies:
  - ml-image-processing: 0.229s
  - ml-object-detection: 0.254s
================================================================================
objective      : energy
resource_config: [{'cpu_m': 393, 'memory_mi': 70}, {'cpu_m': 3869, 'memory_mi': 505}], latencies: {'ml-image-processing': 0.22933309357613324, 'ml-object-detection': 0.2543999375232185}, price_cost: 8689.538233, energy_cost: 424.855417, latency_p99 : 2.514952
wall_time_s    : 82.676
================================================================================

[info] Locust stopped
[info] Locust is not running
================================================================================

Batch 11: best_feasible_cost (random, qNEI) = (465.02094406764996, 390.9772457503316), best_constraint =  -0.489 (<=0 feasible), time = 258.52.
Best feasible resource configuration: [{'cpu_m': 300, 'memory_mi': 70}, {'cpu_m': 6000, 'memory_mi': 458}]

================================================================================
/home/cc/miniconda3/envs/faas/lib/python3.10/site-packages/botorch/acquisition/monte_carlo.py:502: NumericsWarning: qNoisyExpectedImprovement has known numerical issues that lead to suboptimal optimization performance. It is strongly recommended to simply replace

	 qNoisyExpectedImprovement 	 --> 	 qLogNoisyExpectedImprovement 

instead, which fixes the issues and has the same API. See https://arxiv.org/abs/2310.20708 for details.
  legacy_ei_numerics_warning(legacy_name=type(self).__name__)
Updating function ml-image-processing to cpu: 300m, memory: 70Mi
Updating Deployment resource configuration...

Updating function ml-object-detection to cpu: 6000m, memory: 512Mi
Updating Deployment resource configuration...

[info] Original replicas=17, selector='environmentName=ml-image-processing,environmentNamespace=default,environmentUid=8dcaa936-04ed-49cf-8ddf-36cdc234cbfd,executorType=newdeploy,functionName=ml-image-processing,functionNamespace=default,functionUid=d8529cac-3c02-4647-a616-8254b24ce685'
[info] Original replicas=49, selector='environmentName=yolo,environmentNamespace=default,environmentUid=4b5fef2f-7951-477c-a9c0-ef0af047a425,executorType=newdeploy,functionName=ml-object-detection,functionNamespace=default,functionUid=dc6d8a52-8de2-4fbb-beef-7bcaa92aa890'
[ok] Patched Deployment resources
[ok] Verified Deployment template resources: requests={'cpu': '1500m', 'memory': '400Mi'} limits={'cpu': '6', 'memory': '512Mi'}
[info] Scaling deployment to 0 replicas to force full pod replacement
[ok] Patched Deployment resources
[ok] Verified Deployment template resources: requests={'cpu': '300m', 'memory': '50Mi'} limits={'cpu': '300m', 'memory': '70Mi'}
[info] Scaling deployment to 0 replicas to force full pod replacement
[ok] All pods terminated (replicas=0)
[info] Scaling deployment back to 17 replicas
[ok] All pods terminated (replicas=0)
[info] Scaling deployment back to 49 replicas
[ok] Rollout completed after scale-to-zero
[verify] newest RS=newdeploy-ml-image-processing-default-a616-8254b24ce685-747497c47c pods=17 ready=17
[ok] Verified newest ReplicaSet template resources match expected
[ok] Rollout completed after scale-to-zero
[verify] newest RS=newdeploy-ml-object-detection-default-beef-7bcaa92aa890-5bc4fb78cc pods=49 ready=49
[ok] Verified newest ReplicaSet template resources match expected
[info] Started Locust with PID 1887936
[info] start sleep for 30s
[info] sleep done
\Start sampling in parallel...
Workflow e2e p99 latency (56 completed in 17.1s, parallel, 8 workers): 4.589s
Average stage latencies:
  - ml-image-processing: 0.284s
  - ml-object-detection: 0.141s
================================================================================
objective      : energy
resource_config: [{'cpu_m': 300, 'memory_mi': 70}, {'cpu_m': 6000, 'memory_mi': 512}], latencies: {'ml-image-processing': 0.28351643667390036, 'ml-object-detection': 0.14113500195422343}, price_cost: 7476.256629, energy_cost: 392.632777, latency_p99 : 4.589290
wall_time_s    : 82.914
================================================================================

[info] Locust stopped
Updating function ml-image-processing to cpu: 740m, memory: 58Mi
Updating Deployment resource configuration...

Updating function ml-object-detection to cpu: 3506m, memory: 509Mi
Updating Deployment resource configuration...

[info] Original replicas=17, selector='environmentName=ml-image-processing,environmentNamespace=default,environmentUid=8dcaa936-04ed-49cf-8ddf-36cdc234cbfd,executorType=newdeploy,functionName=ml-image-processing,functionNamespace=default,functionUid=d8529cac-3c02-4647-a616-8254b24ce685'
[info] Original replicas=49, selector='environmentName=yolo,environmentNamespace=default,environmentUid=4b5fef2f-7951-477c-a9c0-ef0af047a425,executorType=newdeploy,functionName=ml-object-detection,functionNamespace=default,functionUid=dc6d8a52-8de2-4fbb-beef-7bcaa92aa890'
[ok] Patched Deployment resources
[ok] Patched Deployment resources
[ok] Verified Deployment template resources: requests={'cpu': '1500m', 'memory': '400Mi'} limits={'cpu': '3506m', 'memory': '509Mi'}
[info] Scaling deployment to 0 replicas to force full pod replacement
[ok] Verified Deployment template resources: requests={'cpu': '300m', 'memory': '50Mi'} limits={'cpu': '740m', 'memory': '58Mi'}
[info] Scaling deployment to 0 replicas to force full pod replacement
[ok] All pods terminated (replicas=0)
[info] Scaling deployment back to 17 replicas
[ok] All pods terminated (replicas=0)
[info] Scaling deployment back to 49 replicas
[ok] Rollout completed after scale-to-zero
[verify] newest RS=newdeploy-ml-image-processing-default-a616-8254b24ce685-c78d5ccc4 pods=17 ready=17
[ok] Verified newest ReplicaSet template resources match expected
[ok] Rollout completed after scale-to-zero
[verify] newest RS=newdeploy-ml-object-detection-default-beef-7bcaa92aa890-5fc9bc487f pods=49 ready=49
[ok] Verified newest ReplicaSet template resources match expected
[info] Started Locust with PID 1892263
[info] start sleep for 30s
[info] sleep done
\Start sampling in parallel...
Workflow e2e p99 latency (65 completed in 21.6s, parallel, 8 workers): 9.000s
Average stage latencies:
  - ml-image-processing: 0.105s
  - ml-object-detection: 0.282s
================================================================================
objective      : energy
resource_config: [{'cpu_m': 740, 'memory_mi': 58}, {'cpu_m': 3506, 'memory_mi': 509}], latencies: {'ml-image-processing': 0.10505519079555187, 'ml-object-detection': 0.28193659643312136}, price_cost: 8695.658511, energy_cost: 418.687938, latency_p99 : 9.000000
wall_time_s    : 92.298
================================================================================

[info] Locust stopped
Updating function ml-image-processing to cpu: 300m, memory: 70Mi
Updating Deployment resource configuration...

Updating function ml-object-detection to cpu: 1500m, memory: 400Mi
Updating Deployment resource configuration...

[info] Original replicas=17, selector='environmentName=ml-image-processing,environmentNamespace=default,environmentUid=8dcaa936-04ed-49cf-8ddf-36cdc234cbfd,executorType=newdeploy,functionName=ml-image-processing,functionNamespace=default,functionUid=d8529cac-3c02-4647-a616-8254b24ce685'
[info] Original replicas=49, selector='environmentName=yolo,environmentNamespace=default,environmentUid=4b5fef2f-7951-477c-a9c0-ef0af047a425,executorType=newdeploy,functionName=ml-object-detection,functionNamespace=default,functionUid=dc6d8a52-8de2-4fbb-beef-7bcaa92aa890'
[ok] Patched Deployment resources
[ok] Patched Deployment resources
[ok] Verified Deployment template resources: requests={'cpu': '1500m', 'memory': '400Mi'} limits={'cpu': '1500m', 'memory': '400Mi'}
[info] Scaling deployment to 0 replicas to force full pod replacement
[ok] Verified Deployment template resources: requests={'cpu': '300m', 'memory': '50Mi'} limits={'cpu': '300m', 'memory': '70Mi'}
[info] Scaling deployment to 0 replicas to force full pod replacement
[ok] All pods terminated (replicas=0)
[info] Scaling deployment back to 49 replicas
[ok] All pods terminated (replicas=0)
[info] Scaling deployment back to 17 replicas
[ok] Rollout completed after scale-to-zero
[verify] newest RS=newdeploy-ml-object-detection-default-beef-7bcaa92aa890-57d74c9db8 pods=49 ready=49
[ok] Verified newest ReplicaSet template resources match expected
[ok] Rollout completed after scale-to-zero
[verify] newest RS=newdeploy-ml-image-processing-default-a616-8254b24ce685-747497c47c pods=17 ready=17
[ok] Verified newest ReplicaSet template resources match expected
[info] Started Locust with PID 1896477
[info] start sleep for 30s
[info] sleep done
\Start sampling in parallel...
Workflow e2e p99 latency (31 completed in 22.3s, parallel, 8 workers): 9.000s
Average stage latencies:
  - ml-image-processing: 0.251s
  - ml-object-detection: 0.932s
================================================================================
objective      : energy
resource_config: [{'cpu_m': 300, 'memory_mi': 70}, {'cpu_m': 1500, 'memory_mi': 400}], latencies: {'ml-image-processing': 0.2506841599630813, 'ml-object-detection': 0.9320576954632998}, price_cost: 12301.127994, energy_cost: 303.730446, latency_p99 : 9.000000
wall_time_s    : 88.503
================================================================================

[info] Locust stopped
[info] Locust is not running
================================================================================

Batch 12: best_feasible_cost (random, qNEI) = (465.02094406764996, 390.9772457503316), best_constraint =  -0.489 (<=0 feasible), time = 283.62.
Best feasible resource configuration: [{'cpu_m': 300, 'memory_mi': 70}, {'cpu_m': 6000, 'memory_mi': 458}]

================================================================================
/home/cc/miniconda3/envs/faas/lib/python3.10/site-packages/botorch/acquisition/monte_carlo.py:502: NumericsWarning: qNoisyExpectedImprovement has known numerical issues that lead to suboptimal optimization performance. It is strongly recommended to simply replace

	 qNoisyExpectedImprovement 	 --> 	 qLogNoisyExpectedImprovement 

instead, which fixes the issues and has the same API. See https://arxiv.org/abs/2310.20708 for details.
  legacy_ei_numerics_warning(legacy_name=type(self).__name__)
Updating function ml-image-processing to cpu: 300m, memory: 50Mi
Updating Deployment resource configuration...

Updating function ml-object-detection to cpu: 5975m, memory: 489Mi
Updating Deployment resource configuration...

[info] Original replicas=49, selector='environmentName=yolo,environmentNamespace=default,environmentUid=4b5fef2f-7951-477c-a9c0-ef0af047a425,executorType=newdeploy,functionName=ml-object-detection,functionNamespace=default,functionUid=dc6d8a52-8de2-4fbb-beef-7bcaa92aa890'
[info] Original replicas=17, selector='environmentName=ml-image-processing,environmentNamespace=default,environmentUid=8dcaa936-04ed-49cf-8ddf-36cdc234cbfd,executorType=newdeploy,functionName=ml-image-processing,functionNamespace=default,functionUid=d8529cac-3c02-4647-a616-8254b24ce685'
[ok] Patched Deployment resources
[ok] Patched Deployment resources
[ok] Verified Deployment template resources: requests={'cpu': '1500m', 'memory': '400Mi'} limits={'cpu': '5975m', 'memory': '489Mi'}
[info] Scaling deployment to 0 replicas to force full pod replacement
[ok] Verified Deployment template resources: requests={'cpu': '300m', 'memory': '50Mi'} limits={'cpu': '300m', 'memory': '50Mi'}
[info] Scaling deployment to 0 replicas to force full pod replacement
[ok] All pods terminated (replicas=0)
[info] Scaling deployment back to 49 replicas
[ok] All pods terminated (replicas=0)
[info] Scaling deployment back to 17 replicas
[ok] Deleted HPA newdeploy-ml-object-detection-default-beef-7bcaa92aa890
[ok] Rollout completed after scale-to-zero
[ok] Rollout completed after scale-to-zero
[verify] newest RS=newdeploy-ml-object-detection-default-beef-7bcaa92aa890-6d94d7f77c pods=49 ready=49
[ok] Verified newest ReplicaSet template resources match expected
[verify] newest RS=newdeploy-ml-image-processing-default-a616-8254b24ce685-5789945b5f pods=17 ready=17
[ok] Verified newest ReplicaSet template resources match expected
[info] Started Locust with PID 1904520
[info] start sleep for 30s
[info] sleep done
\Start sampling in parallel...
Workflow e2e p99 latency (58 completed in 18.6s, parallel, 8 workers): 3.372s
Average stage latencies:
  - ml-image-processing: 0.294s
  - ml-object-detection: 0.140s
================================================================================
objective      : energy
resource_config: [{'cpu_m': 300, 'memory_mi': 50}, {'cpu_m': 5975, 'memory_mi': 489}], latencies: {'ml-image-processing': 0.2944182387456812, 'ml-object-detection': 0.14029275376253345}, price_cost: 7410.028977, energy_cost: 396.635279, latency_p99 : 3.372409
wall_time_s    : 82.042
================================================================================

[info] Locust stopped
Updating function ml-image-processing to cpu: 407m, memory: 66Mi
Updating Deployment resource configuration...

Updating function ml-object-detection to cpu: 2733m, memory: 413Mi
Updating Deployment resource configuration...

[info] Original replicas=49, selector='environmentName=yolo,environmentNamespace=default,environmentUid=4b5fef2f-7951-477c-a9c0-ef0af047a425,executorType=newdeploy,functionName=ml-object-detection,functionNamespace=default,functionUid=dc6d8a52-8de2-4fbb-beef-7bcaa92aa890'
[info] Original replicas=17, selector='environmentName=ml-image-processing,environmentNamespace=default,environmentUid=8dcaa936-04ed-49cf-8ddf-36cdc234cbfd,executorType=newdeploy,functionName=ml-image-processing,functionNamespace=default,functionUid=d8529cac-3c02-4647-a616-8254b24ce685'
[ok] Patched Deployment resources
[ok] Patched Deployment resources
[ok] Verified Deployment template resources: requests={'cpu': '300m', 'memory': '50Mi'} limits={'cpu': '407m', 'memory': '66Mi'}
[info] Scaling deployment to 0 replicas to force full pod replacement
[ok] Verified Deployment template resources: requests={'cpu': '1500m', 'memory': '400Mi'} limits={'cpu': '2733m', 'memory': '413Mi'}
[info] Scaling deployment to 0 replicas to force full pod replacement
[ok] All pods terminated (replicas=0)
[info] Scaling deployment back to 49 replicas
[ok] All pods terminated (replicas=0)
[info] Scaling deployment back to 17 replicas
[ok] Rollout completed after scale-to-zero
[verify] newest RS=newdeploy-ml-object-detection-default-beef-7bcaa92aa890-7f449f5496 pods=49 ready=49
[ok] Verified newest ReplicaSet template resources match expected
[ok] Rollout completed after scale-to-zero
[verify] newest RS=newdeploy-ml-image-processing-default-a616-8254b24ce685-69cf97b8b7 pods=17 ready=17
[ok] Verified newest ReplicaSet template resources match expected
[info] Started Locust with PID 1908824
[info] start sleep for 30s
[info] sleep done
\Start sampling in parallel...
Workflow e2e p99 latency (47 completed in 21.3s, parallel, 8 workers): 9.000s
Average stage latencies:
  - ml-image-processing: 0.200s
  - ml-object-detection: 0.404s
================================================================================
objective      : energy
resource_config: [{'cpu_m': 407, 'memory_mi': 66}, {'cpu_m': 2733, 'memory_mi': 413}], latencies: {'ml-image-processing': 0.20004348469665273, 'ml-object-detection': 0.4035821099067107}, price_cost: 9692.713288, energy_cost: 373.827110, latency_p99 : 9.000000
wall_time_s    : 85.549
================================================================================

[info] Locust stopped
Updating function ml-image-processing to cpu: 300m, memory: 50Mi
Updating Deployment resource configuration...

Updating function ml-object-detection to cpu: 6000m, memory: 428Mi
Updating Deployment resource configuration...

[info] Original replicas=17, selector='environmentName=ml-image-processing,environmentNamespace=default,environmentUid=8dcaa936-04ed-49cf-8ddf-36cdc234cbfd,executorType=newdeploy,functionName=ml-image-processing,functionNamespace=default,functionUid=d8529cac-3c02-4647-a616-8254b24ce685'
[info] Original replicas=49, selector='environmentName=yolo,environmentNamespace=default,environmentUid=4b5fef2f-7951-477c-a9c0-ef0af047a425,executorType=newdeploy,functionName=ml-object-detection,functionNamespace=default,functionUid=dc6d8a52-8de2-4fbb-beef-7bcaa92aa890'
[ok] Patched Deployment resources
[ok] Patched Deployment resources
[ok] Verified Deployment template resources: requests={'cpu': '1500m', 'memory': '400Mi'} limits={'cpu': '6', 'memory': '428Mi'}
[info] Scaling deployment to 0 replicas to force full pod replacement
[ok] Verified Deployment template resources: requests={'cpu': '300m', 'memory': '50Mi'} limits={'cpu': '300m', 'memory': '50Mi'}
[info] Scaling deployment to 0 replicas to force full pod replacement
[ok] All pods terminated (replicas=0)
[info] Scaling deployment back to 49 replicas
[ok] All pods terminated (replicas=0)
[info] Scaling deployment back to 17 replicas
[ok] Deleted HPA newdeploy-ml-object-detection-default-beef-7bcaa92aa890
[ok] Rollout completed after scale-to-zero
[verify] newest RS=newdeploy-ml-image-processing-default-a616-8254b24ce685-5789945b5f pods=17 ready=17
[ok] Verified newest ReplicaSet template resources match expected
[ok] Rollout completed after scale-to-zero
[verify] newest RS=newdeploy-ml-object-detection-default-beef-7bcaa92aa890-7f7d8d4b5c pods=49 ready=49
[ok] Verified newest ReplicaSet template resources match expected
[info] Started Locust with PID 1912785
[info] start sleep for 30s
[info] sleep done
\Start sampling in parallel...
Workflow e2e p99 latency (58 completed in 18.7s, parallel, 8 workers): 3.207s
Average stage latencies:
  - ml-image-processing: 0.291s
  - ml-object-detection: 0.133s
================================================================================
objective      : energy
resource_config: [{'cpu_m': 300, 'memory_mi': 50}, {'cpu_m': 6000, 'memory_mi': 428}], latencies: {'ml-image-processing': 0.2911338784635581, 'ml-object-detection': 0.13312325146498866}, price_cost: 7065.165930, energy_cost: 387.037701, latency_p99 : 3.206832
wall_time_s    : 85.526
================================================================================

[info] Locust stopped
[info] Locust is not running
================================================================================

Batch 13: best_feasible_cost (random, qNEI) = (465.02094406764996, 390.9772457503316), best_constraint =  -0.489 (<=0 feasible), time = 264.60.
Best feasible resource configuration: [{'cpu_m': 300, 'memory_mi': 70}, {'cpu_m': 6000, 'memory_mi': 458}]

================================================================================
/home/cc/miniconda3/envs/faas/lib/python3.10/site-packages/botorch/acquisition/monte_carlo.py:502: NumericsWarning: qNoisyExpectedImprovement has known numerical issues that lead to suboptimal optimization performance. It is strongly recommended to simply replace

	 qNoisyExpectedImprovement 	 --> 	 qLogNoisyExpectedImprovement 

instead, which fixes the issues and has the same API. See https://arxiv.org/abs/2310.20708 for details.
  legacy_ei_numerics_warning(legacy_name=type(self).__name__)
Updating function ml-image-processing to cpu: 300m, memory: 70Mi
Updating Deployment resource configuration...

Updating function ml-object-detection to cpu: 5903m, memory: 458Mi
Updating Deployment resource configuration...

[info] Original replicas=17, selector='environmentName=ml-image-processing,environmentNamespace=default,environmentUid=8dcaa936-04ed-49cf-8ddf-36cdc234cbfd,executorType=newdeploy,functionName=ml-image-processing,functionNamespace=default,functionUid=d8529cac-3c02-4647-a616-8254b24ce685'
[info] Original replicas=49, selector='environmentName=yolo,environmentNamespace=default,environmentUid=4b5fef2f-7951-477c-a9c0-ef0af047a425,executorType=newdeploy,functionName=ml-object-detection,functionNamespace=default,functionUid=dc6d8a52-8de2-4fbb-beef-7bcaa92aa890'
[ok] Patched Deployment resources
[ok] Patched Deployment resources
[ok] Verified Deployment template resources: requests={'cpu': '300m', 'memory': '50Mi'} limits={'cpu': '300m', 'memory': '70Mi'}
[info] Scaling deployment to 0 replicas to force full pod replacement
[ok] Verified Deployment template resources: requests={'cpu': '1500m', 'memory': '400Mi'} limits={'cpu': '5903m', 'memory': '458Mi'}
[info] Scaling deployment to 0 replicas to force full pod replacement
[ok] All pods terminated (replicas=0)
[info] Scaling deployment back to 17 replicas
[ok] All pods terminated (replicas=0)
[info] Scaling deployment back to 49 replicas
[ok] Rollout completed after scale-to-zero
[verify] newest RS=newdeploy-ml-image-processing-default-a616-8254b24ce685-747497c47c pods=17 ready=17
[ok] Verified newest ReplicaSet template resources match expected
[ok] Rollout completed after scale-to-zero
[verify] newest RS=newdeploy-ml-object-detection-default-beef-7bcaa92aa890-69597c589c pods=49 ready=49
[ok] Verified newest ReplicaSet template resources match expected
[info] Started Locust with PID 1924014
[info] start sleep for 30s
[info] sleep done
\Start sampling in parallel...
Workflow e2e p99 latency (49 completed in 18.4s, parallel, 8 workers): 5.770s
Average stage latencies:
  - ml-image-processing: 0.302s
  - ml-object-detection: 0.136s
================================================================================
objective      : energy
resource_config: [{'cpu_m': 300, 'memory_mi': 70}, {'cpu_m': 5903, 'memory_mi': 458}], latencies: {'ml-image-processing': 0.30215147155698163, 'ml-object-detection': 0.13613184718225074}, price_cost: 7120.589220, energy_cost: 385.201147, latency_p99 : 5.770217
wall_time_s    : 86.223
================================================================================

[info] Locust stopped
Updating function ml-image-processing to cpu: 316m, memory: 50Mi
Updating Deployment resource configuration...

Updating function ml-object-detection to cpu: 6000m, memory: 463Mi
Updating Deployment resource configuration...

[info] Original replicas=49, selector='environmentName=yolo,environmentNamespace=default,environmentUid=4b5fef2f-7951-477c-a9c0-ef0af047a425,executorType=newdeploy,functionName=ml-object-detection,functionNamespace=default,functionUid=dc6d8a52-8de2-4fbb-beef-7bcaa92aa890'
[info] Original replicas=17, selector='environmentName=ml-image-processing,environmentNamespace=default,environmentUid=8dcaa936-04ed-49cf-8ddf-36cdc234cbfd,executorType=newdeploy,functionName=ml-image-processing,functionNamespace=default,functionUid=d8529cac-3c02-4647-a616-8254b24ce685'
[ok] Patched Deployment resources
[ok] Patched Deployment resources
[ok] Verified Deployment template resources: requests={'cpu': '1500m', 'memory': '400Mi'} limits={'cpu': '6', 'memory': '463Mi'}
[info] Scaling deployment to 0 replicas to force full pod replacement
[ok] Verified Deployment template resources: requests={'cpu': '300m', 'memory': '50Mi'} limits={'cpu': '316m', 'memory': '50Mi'}
[info] Scaling deployment to 0 replicas to force full pod replacement
[ok] All pods terminated (replicas=0)
[info] Scaling deployment back to 49 replicas
[ok] All pods terminated (replicas=0)
[info] Scaling deployment back to 17 replicas
[ok] Rollout completed after scale-to-zero
[verify] newest RS=newdeploy-ml-image-processing-default-a616-8254b24ce685-66bf6885b5 pods=17 ready=17
[ok] Verified newest ReplicaSet template resources match expected
[ok] Rollout completed after scale-to-zero
[verify] newest RS=newdeploy-ml-object-detection-default-beef-7bcaa92aa890-58f7b94bf5 pods=49 ready=49
[ok] Verified newest ReplicaSet template resources match expected
[info] Started Locust with PID 1928335
[info] start sleep for 30s
[info] sleep done
\Start sampling in parallel...
Workflow e2e p99 latency (58 completed in 17.5s, parallel, 8 workers): 2.903s
Average stage latencies:
  - ml-image-processing: 0.280s
  - ml-object-detection: 0.142s
================================================================================
objective      : energy
resource_config: [{'cpu_m': 316, 'memory_mi': 50}, {'cpu_m': 6000, 'memory_mi': 463}], latencies: {'ml-image-processing': 0.2804763592651178, 'ml-object-detection': 0.14212325144687604}, price_cost: 7531.927090, energy_cost: 11576.316063, latency_p99 : 2.903029
wall_time_s    : 81.758
================================================================================

[info] Locust stopped
Updating function ml-image-processing to cpu: 389m, memory: 58Mi
Updating Deployment resource configuration...

Updating function ml-object-detection to cpu: 4594m, memory: 455Mi
Updating Deployment resource configuration...

[info] Original replicas=17, selector='environmentName=ml-image-processing,environmentNamespace=default,environmentUid=8dcaa936-04ed-49cf-8ddf-36cdc234cbfd,executorType=newdeploy,functionName=ml-image-processing,functionNamespace=default,functionUid=d8529cac-3c02-4647-a616-8254b24ce685'
[info] Original replicas=49, selector='environmentName=yolo,environmentNamespace=default,environmentUid=4b5fef2f-7951-477c-a9c0-ef0af047a425,executorType=newdeploy,functionName=ml-object-detection,functionNamespace=default,functionUid=dc6d8a52-8de2-4fbb-beef-7bcaa92aa890'
[ok] Patched Deployment resources
[ok] Patched Deployment resources
[ok] Verified Deployment template resources: requests={'cpu': '1500m', 'memory': '400Mi'} limits={'cpu': '4594m', 'memory': '455Mi'}
[info] Scaling deployment to 0 replicas to force full pod replacement
[ok] Verified Deployment template resources: requests={'cpu': '300m', 'memory': '50Mi'} limits={'cpu': '389m', 'memory': '58Mi'}
[info] Scaling deployment to 0 replicas to force full pod replacement
[ok] All pods terminated (replicas=0)
[info] Scaling deployment back to 49 replicas
[ok] All pods terminated (replicas=0)
[info] Scaling deployment back to 17 replicas
[ok] Rollout completed after scale-to-zero
[verify] newest RS=newdeploy-ml-image-processing-default-a616-8254b24ce685-857c685d5b pods=17 ready=17
[ok] Verified newest ReplicaSet template resources match expected
[ok] Rollout completed after scale-to-zero
[verify] newest RS=newdeploy-ml-object-detection-default-beef-7bcaa92aa890-6857d69f7d pods=49 ready=49
[ok] Verified newest ReplicaSet template resources match expected
[info] Started Locust with PID 1932424
[info] start sleep for 30s
[info] sleep done
\Start sampling in parallel...
Workflow e2e p99 latency (63 completed in 17.8s, parallel, 8 workers): 2.799s
Average stage latencies:
  - ml-image-processing: 0.231s
  - ml-object-detection: 0.196s
================================================================================
objective      : energy
resource_config: [{'cpu_m': 389, 'memory_mi': 58}, {'cpu_m': 4594, 'memory_mi': 455}], latencies: {'ml-image-processing': 0.23050449614871352, 'ml-object-detection': 0.19578168972114485}, price_cost: 7944.585387, energy_cost: 415.411860, latency_p99 : 2.799178
wall_time_s    : 82.257
================================================================================

[info] Locust stopped
[info] Locust is not running
================================================================================

Batch 14: best_feasible_cost (random, qNEI) = (465.02094406764996, 390.9772457503316), best_constraint =  -0.489 (<=0 feasible), time = 263.58.
Best feasible resource configuration: [{'cpu_m': 300, 'memory_mi': 70}, {'cpu_m': 6000, 'memory_mi': 458}]

================================================================================
/home/cc/miniconda3/envs/faas/lib/python3.10/site-packages/botorch/acquisition/monte_carlo.py:502: NumericsWarning: qNoisyExpectedImprovement has known numerical issues that lead to suboptimal optimization performance. It is strongly recommended to simply replace

	 qNoisyExpectedImprovement 	 --> 	 qLogNoisyExpectedImprovement 

instead, which fixes the issues and has the same API. See https://arxiv.org/abs/2310.20708 for details.
  legacy_ei_numerics_warning(legacy_name=type(self).__name__)
Updating function ml-image-processing to cpu: 312m, memory: 50Mi
Updating Deployment resource configuration...

Updating function ml-object-detection to cpu: 5770m, memory: 512Mi
Updating Deployment resource configuration...

[info] Original replicas=17, selector='environmentName=ml-image-processing,environmentNamespace=default,environmentUid=8dcaa936-04ed-49cf-8ddf-36cdc234cbfd,executorType=newdeploy,functionName=ml-image-processing,functionNamespace=default,functionUid=d8529cac-3c02-4647-a616-8254b24ce685'
[info] Original replicas=49, selector='environmentName=yolo,environmentNamespace=default,environmentUid=4b5fef2f-7951-477c-a9c0-ef0af047a425,executorType=newdeploy,functionName=ml-object-detection,functionNamespace=default,functionUid=dc6d8a52-8de2-4fbb-beef-7bcaa92aa890'
[ok] Patched Deployment resources
[ok] Patched Deployment resources
[ok] Verified Deployment template resources: requests={'cpu': '1500m', 'memory': '400Mi'} limits={'cpu': '5770m', 'memory': '512Mi'}
[info] Scaling deployment to 0 replicas to force full pod replacement
[ok] Verified Deployment template resources: requests={'cpu': '300m', 'memory': '50Mi'} limits={'cpu': '312m', 'memory': '50Mi'}
[info] Scaling deployment to 0 replicas to force full pod replacement
[ok] All pods terminated (replicas=0)
[info] Scaling deployment back to 49 replicas
[ok] All pods terminated (replicas=0)
[info] Scaling deployment back to 17 replicas
[ok] Rollout completed after scale-to-zero
[ok] Rollout completed after scale-to-zero
[verify] newest RS=newdeploy-ml-image-processing-default-a616-8254b24ce685-97f78d757 pods=17 ready=17
[ok] Verified newest ReplicaSet template resources match expected
[verify] newest RS=newdeploy-ml-object-detection-default-beef-7bcaa92aa890-85cfd6995b pods=49 ready=49
[ok] Verified newest ReplicaSet template resources match expected
[info] Started Locust with PID 1990888
[info] start sleep for 30s
[info] sleep done
\Start sampling in parallel...
Workflow e2e p99 latency (53 completed in 17.2s, parallel, 8 workers): 4.201s
Average stage latencies:
  - ml-image-processing: 0.269s
  - ml-object-detection: 0.145s
================================================================================
objective      : energy
resource_config: [{'cpu_m': 312, 'memory_mi': 50}, {'cpu_m': 5770, 'memory_mi': 512}], latencies: {'ml-image-processing': 0.2688128183560692, 'ml-object-detection': 0.14522365447274357}, price_cost: 7397.505896, energy_cost: 392.442767, latency_p99 : 4.201267
wall_time_s    : 80.850
================================================================================

[info] Locust stopped
Updating function ml-image-processing to cpu: 800m, memory: 70Mi
Updating Deployment resource configuration...

Updating function ml-object-detection to cpu: 1934m, memory: 512Mi
Updating Deployment resource configuration...

[info] Original replicas=17, selector='environmentName=ml-image-processing,environmentNamespace=default,environmentUid=8dcaa936-04ed-49cf-8ddf-36cdc234cbfd,executorType=newdeploy,functionName=ml-image-processing,functionNamespace=default,functionUid=d8529cac-3c02-4647-a616-8254b24ce685'
[info] Original replicas=49, selector='environmentName=yolo,environmentNamespace=default,environmentUid=4b5fef2f-7951-477c-a9c0-ef0af047a425,executorType=newdeploy,functionName=ml-object-detection,functionNamespace=default,functionUid=dc6d8a52-8de2-4fbb-beef-7bcaa92aa890'
[ok] Patched Deployment resources
[ok] Patched Deployment resources
[ok] Verified Deployment template resources: requests={'cpu': '300m', 'memory': '50Mi'} limits={'cpu': '800m', 'memory': '70Mi'}
[info] Scaling deployment to 0 replicas to force full pod replacement
[ok] Verified Deployment template resources: requests={'cpu': '1500m', 'memory': '400Mi'} limits={'cpu': '1934m', 'memory': '512Mi'}
[info] Scaling deployment to 0 replicas to force full pod replacement
[ok] All pods terminated (replicas=0)
[info] Scaling deployment back to 49 replicas
[ok] All pods terminated (replicas=0)
[info] Scaling deployment back to 17 replicas
[ok] Rollout completed after scale-to-zero
[verify] newest RS=newdeploy-ml-image-processing-default-a616-8254b24ce685-7f5cd7b88c pods=17 ready=17
[ok] Verified newest ReplicaSet template resources match expected
[ok] Rollout completed after scale-to-zero
[verify] newest RS=newdeploy-ml-object-detection-default-beef-7bcaa92aa890-856c74d9bd pods=49 ready=49
[ok] Verified newest ReplicaSet template resources match expected
[info] Started Locust with PID 1994801
[info] start sleep for 30s
[info] sleep done
\Start sampling in parallel...
Workflow e2e p99 latency (35 completed in 18.6s, parallel, 8 workers): 9.000s
Average stage latencies:
  - ml-image-processing: 0.095s
  - ml-object-detection: 0.638s
================================================================================
objective      : energy
resource_config: [{'cpu_m': 800, 'memory_mi': 70}, {'cpu_m': 1934, 'memory_mi': 512}], latencies: {'ml-image-processing': 0.09501784760504961, 'ml-object-detection': 0.6377575150884999}, price_cost: 10877.476573, energy_cost: 328.728993, latency_p99 : 9.000000
wall_time_s    : 85.089
================================================================================

[info] Locust stopped
Updating function ml-image-processing to cpu: 339m, memory: 50Mi
Updating Deployment resource configuration...

Updating function ml-object-detection to cpu: 6000m, memory: 482Mi
Updating Deployment resource configuration...

[info] Original replicas=49, selector='environmentName=yolo,environmentNamespace=default,environmentUid=4b5fef2f-7951-477c-a9c0-ef0af047a425,executorType=newdeploy,functionName=ml-object-detection,functionNamespace=default,functionUid=dc6d8a52-8de2-4fbb-beef-7bcaa92aa890'
[info] Original replicas=17, selector='environmentName=ml-image-processing,environmentNamespace=default,environmentUid=8dcaa936-04ed-49cf-8ddf-36cdc234cbfd,executorType=newdeploy,functionName=ml-image-processing,functionNamespace=default,functionUid=d8529cac-3c02-4647-a616-8254b24ce685'
[ok] Patched Deployment resources
[ok] Patched Deployment resources
[ok] Verified Deployment template resources: requests={'cpu': '300m', 'memory': '50Mi'} limits={'cpu': '339m', 'memory': '50Mi'}
[info] Scaling deployment to 0 replicas to force full pod replacement
[ok] Verified Deployment template resources: requests={'cpu': '1500m', 'memory': '400Mi'} limits={'cpu': '6', 'memory': '482Mi'}
[info] Scaling deployment to 0 replicas to force full pod replacement
[ok] All pods terminated (replicas=0)
[info] Scaling deployment back to 17 replicas
[ok] All pods terminated (replicas=0)
[info] Scaling deployment back to 49 replicas
[ok] Deleted HPA newdeploy-ml-object-detection-default-beef-7bcaa92aa890
[ok] Rollout completed after scale-to-zero
[verify] newest RS=newdeploy-ml-image-processing-default-a616-8254b24ce685-7c48ffcc47 pods=17 ready=17
[ok] Verified newest ReplicaSet template resources match expected
[ok] Rollout completed after scale-to-zero
[verify] newest RS=newdeploy-ml-object-detection-default-beef-7bcaa92aa890-7bcc47644c pods=49 ready=49
[ok] Verified newest ReplicaSet template resources match expected
[info] Started Locust with PID 1998818
[info] start sleep for 30s
[info] sleep done
\Start sampling in parallel...
Workflow e2e p99 latency (58 completed in 17.9s, parallel, 8 workers): 2.796s
Average stage latencies:
  - ml-image-processing: 0.248s
  - ml-object-detection: 0.143s
================================================================================
objective      : energy
resource_config: [{'cpu_m': 339, 'memory_mi': 50}, {'cpu_m': 6000, 'memory_mi': 482}], latencies: {'ml-image-processing': 0.24794921886721819, 'ml-object-detection': 0.1432144007292287}, price_cost: 7575.572266, energy_cost: 408.086463, latency_p99 : 2.795500
wall_time_s    : 85.744
================================================================================

[info] Locust stopped
[info] Locust is not running
================================================================================

Batch 15: best_feasible_cost (random, qNEI) = (465.02094406764996, 390.9772457503316), best_constraint =  -0.489 (<=0 feasible), time = 271.31.
Best feasible resource configuration: [{'cpu_m': 300, 'memory_mi': 70}, {'cpu_m': 6000, 'memory_mi': 458}]

================================================================================
BO loop time: 4818.98 seconds
Best cost: 390.9772457503316
Best resource configuration: [{'cpu_m': 300, 'memory_mi': 70}, {'cpu_m': 6000, 'memory_mi': 458}]

========================================
