========================================
Default
drwxrwxr-x 2 cc cc   4096 Jan  5 03:58 __pycache__
-rw-rw-r-- 1 cc cc  20188 Jan  5 03:58 bayesian_optimization.py
-rw-rw-r-- 1 cc cc  12890 Jan  5 03:53 bo_utils.py
-rw-rw-r-- 1 cc cc  12286 Jan  5 01:06 check_result.py
-rw-rw-r-- 1 cc cc   1314 Jan  5 03:43 config.py
-rw-rw-r-- 1 cc cc   3620 Jan  5 03:44 manager.py
-rw-rw-r-- 1 cc cc   9045 Dec 16 05:41 original-bayesian_optimization.py
-rw-rw-r-- 1 cc cc   2423 Jan  3 19:23 pods_mapping.py
-rw-rw-r-- 1 cc cc   1486 Jan  5 02:36 temp.py

IS_ENERGY: False
No checkpoint found, starting fresh BO run.
Updating function ml-image-processing to cpu: 563m, memory: 59Mi
Updating Deployment resource configuration...

Updating function ml-object-detection to cpu: 4555m, memory: 492Mi
Updating Deployment resource configuration...

[info] Original replicas=49, selector='environmentName=yolo,environmentNamespace=default,environmentUid=4b5fef2f-7951-477c-a9c0-ef0af047a425,executorType=newdeploy,functionName=ml-object-detection,functionNamespace=default,functionUid=dc6d8a52-8de2-4fbb-beef-7bcaa92aa890'
[info] Original replicas=17, selector='environmentName=ml-image-processing,environmentNamespace=default,environmentUid=8dcaa936-04ed-49cf-8ddf-36cdc234cbfd,executorType=newdeploy,functionName=ml-image-processing,functionNamespace=default,functionUid=d8529cac-3c02-4647-a616-8254b24ce685'
[ok] Patched Deployment resources
[ok] Patched Deployment resources
[ok] Verified Deployment template resources: requests={'cpu': '1500m', 'memory': '400Mi'} limits={'cpu': '4555m', 'memory': '492Mi'}
[info] Scaling deployment to 0 replicas to force full pod replacement
[ok] Verified Deployment template resources: requests={'cpu': '300m', 'memory': '50Mi'} limits={'cpu': '563m', 'memory': '59Mi'}
[info] Scaling deployment to 0 replicas to force full pod replacement
[ok] All pods terminated (replicas=0)
[info] Scaling deployment back to 49 replicas
[ok] All pods terminated (replicas=0)
[info] Scaling deployment back to 17 replicas
[ok] Rollout completed after scale-to-zero
[verify] newest RS=newdeploy-ml-image-processing-default-a616-8254b24ce685-7d4bfcd958 pods=17 ready=17
[ok] Verified newest ReplicaSet template resources match expected
[ok] Rollout completed after scale-to-zero
[verify] newest RS=newdeploy-ml-object-detection-default-beef-7bcaa92aa890-86668c588c pods=49 ready=49
[ok] Verified newest ReplicaSet template resources match expected
[info] Started Locust with PID 878229
[info] start sleep for 30s
[info] sleep done
\Start sampling in parallel...
Workflow e2e p99 latency (69 completed in 16.5s, parallel, 8 workers): 1.729s
Average stage latencies:
  - ml-image-processing: 0.143s
  - ml-object-detection: 0.229s
================================================================================
objective      : price
resource_config: [{'cpu_m': 563, 'memory_mi': 59}, {'cpu_m': 4555, 'memory_mi': 492}], latencies: {'ml-image-processing': 0.14263458740964963, 'ml-object-detection': 0.22885368733356395}, price_cost: 9142.459994, energy_cost: 458.298513, latency_p99 : 1.729321
wall_time_s    : 69.807
================================================================================

[info] Locust stopped
Updating function ml-image-processing to cpu: 754m, memory: 57Mi
Updating Deployment resource configuration...

Updating function ml-object-detection to cpu: 4807m, memory: 469Mi
Updating Deployment resource configuration...

[info] Original replicas=17, selector='environmentName=ml-image-processing,environmentNamespace=default,environmentUid=8dcaa936-04ed-49cf-8ddf-36cdc234cbfd,executorType=newdeploy,functionName=ml-image-processing,functionNamespace=default,functionUid=d8529cac-3c02-4647-a616-8254b24ce685'
[info] Original replicas=49, selector='environmentName=yolo,environmentNamespace=default,environmentUid=4b5fef2f-7951-477c-a9c0-ef0af047a425,executorType=newdeploy,functionName=ml-object-detection,functionNamespace=default,functionUid=dc6d8a52-8de2-4fbb-beef-7bcaa92aa890'
[ok] Patched Deployment resources
[ok] Patched Deployment resources
[ok] Verified Deployment template resources: requests={'cpu': '300m', 'memory': '50Mi'} limits={'cpu': '754m', 'memory': '57Mi'}
[info] Scaling deployment to 0 replicas to force full pod replacement
[ok] Verified Deployment template resources: requests={'cpu': '1500m', 'memory': '400Mi'} limits={'cpu': '4807m', 'memory': '469Mi'}
[info] Scaling deployment to 0 replicas to force full pod replacement
[ok] All pods terminated (replicas=0)
[info] Scaling deployment back to 49 replicas
[ok] All pods terminated (replicas=0)
[info] Scaling deployment back to 17 replicas
[ok] Rollout completed after scale-to-zero
[verify] newest RS=newdeploy-ml-image-processing-default-a616-8254b24ce685-75b864fd8f pods=17 ready=17
[ok] Verified newest ReplicaSet template resources match expected
[ok] Rollout completed after scale-to-zero
[verify] newest RS=newdeploy-ml-object-detection-default-beef-7bcaa92aa890-7df5875848 pods=49 ready=49
[ok] Verified newest ReplicaSet template resources match expected
[info] Started Locust with PID 888333
[info] start sleep for 30s
[info] sleep done
\Start sampling in parallel...
Workflow e2e p99 latency (74 completed in 16.7s, parallel, 8 workers): 1.881s
Average stage latencies:
  - ml-image-processing: 0.112s
  - ml-object-detection: 0.225s
================================================================================
objective      : price
resource_config: [{'cpu_m': 754, 'memory_mi': 57}, {'cpu_m': 4807, 'memory_mi': 469}], latencies: {'ml-image-processing': 0.111598508331824, 'ml-object-detection': 0.224652659481492}, price_cost: 9466.660617, energy_cost: 474.192134, latency_p99 : 1.880787
wall_time_s    : 73.433
================================================================================

[info] Locust stopped
Updating function ml-image-processing to cpu: 769m, memory: 59Mi
Updating Deployment resource configuration...

Updating function ml-object-detection to cpu: 1662m, memory: 466Mi
Updating Deployment resource configuration...

[info] Original replicas=49, selector='environmentName=yolo,environmentNamespace=default,environmentUid=4b5fef2f-7951-477c-a9c0-ef0af047a425,executorType=newdeploy,functionName=ml-object-detection,functionNamespace=default,functionUid=dc6d8a52-8de2-4fbb-beef-7bcaa92aa890'
[info] Original replicas=17, selector='environmentName=ml-image-processing,environmentNamespace=default,environmentUid=8dcaa936-04ed-49cf-8ddf-36cdc234cbfd,executorType=newdeploy,functionName=ml-image-processing,functionNamespace=default,functionUid=d8529cac-3c02-4647-a616-8254b24ce685'
[ok] Patched Deployment resources
[ok] Patched Deployment resources
[ok] Verified Deployment template resources: requests={'cpu': '1500m', 'memory': '400Mi'} limits={'cpu': '1662m', 'memory': '466Mi'}
[info] Scaling deployment to 0 replicas to force full pod replacement
[ok] Verified Deployment template resources: requests={'cpu': '300m', 'memory': '50Mi'} limits={'cpu': '769m', 'memory': '59Mi'}
[info] Scaling deployment to 0 replicas to force full pod replacement
[ok] All pods terminated (replicas=0)
[info] Scaling deployment back to 49 replicas
[ok] All pods terminated (replicas=0)
[info] Scaling deployment back to 17 replicas
[ok] Rollout completed after scale-to-zero
[verify] newest RS=newdeploy-ml-image-processing-default-a616-8254b24ce685-74cb79598 pods=17 ready=17
[ok] Verified newest ReplicaSet template resources match expected
[ok] Rollout completed after scale-to-zero
[verify] newest RS=newdeploy-ml-object-detection-default-beef-7bcaa92aa890-8cdc7d69f pods=49 ready=49
[ok] Verified newest ReplicaSet template resources match expected
[info] Started Locust with PID 898915
[info] start sleep for 30s
[info] sleep done
\Start sampling in parallel...
Workflow e2e p99 latency (35 completed in 21.2s, parallel, 8 workers): 9.000s
Average stage latencies:
  - ml-image-processing: 0.101s
  - ml-object-detection: 0.670s
================================================================================
objective      : price
resource_config: [{'cpu_m': 769, 'memory_mi': 59}, {'cpu_m': 1662, 'memory_mi': 466}], latencies: {'ml-image-processing': 0.10069523393378957, 'ml-object-detection': 0.6698962996268402}, price_cost: 9855.140966, energy_cost: 18855.525554, latency_p99 : 9.000000
wall_time_s    : 76.513
================================================================================

[info] Locust stopped
Updating function ml-image-processing to cpu: 658m, memory: 58Mi
Updating Deployment resource configuration...

Updating function ml-object-detection to cpu: 4592m, memory: 510Mi
Updating Deployment resource configuration...

[info] Original replicas=17, selector='environmentName=ml-image-processing,environmentNamespace=default,environmentUid=8dcaa936-04ed-49cf-8ddf-36cdc234cbfd,executorType=newdeploy,functionName=ml-image-processing,functionNamespace=default,functionUid=d8529cac-3c02-4647-a616-8254b24ce685'
[info] Original replicas=49, selector='environmentName=yolo,environmentNamespace=default,environmentUid=4b5fef2f-7951-477c-a9c0-ef0af047a425,executorType=newdeploy,functionName=ml-object-detection,functionNamespace=default,functionUid=dc6d8a52-8de2-4fbb-beef-7bcaa92aa890'
[ok] Patched Deployment resources
[ok] Patched Deployment resources
[ok] Verified Deployment template resources: requests={'cpu': '1500m', 'memory': '400Mi'} limits={'cpu': '4592m', 'memory': '510Mi'}
[info] Scaling deployment to 0 replicas to force full pod replacement
[ok] Verified Deployment template resources: requests={'cpu': '300m', 'memory': '50Mi'} limits={'cpu': '658m', 'memory': '58Mi'}
[info] Scaling deployment to 0 replicas to force full pod replacement
[ok] All pods terminated (replicas=0)
[info] Scaling deployment back to 17 replicas
[ok] All pods terminated (replicas=0)
[info] Scaling deployment back to 49 replicas
[ok] Deleted HPA newdeploy-ml-object-detection-default-beef-7bcaa92aa890
[ok] Rollout completed after scale-to-zero
[verify] newest RS=newdeploy-ml-image-processing-default-a616-8254b24ce685-7967bf674b pods=17 ready=17
[ok] Verified newest ReplicaSet template resources match expected
[ok] Rollout completed after scale-to-zero
[verify] newest RS=newdeploy-ml-object-detection-default-beef-7bcaa92aa890-7c996f6f pods=49 ready=49
[ok] Verified newest ReplicaSet template resources match expected
[info] Started Locust with PID 909822
[info] start sleep for 30s
[info] sleep done
\Start sampling in parallel...
Workflow e2e p99 latency (70 completed in 16.9s, parallel, 8 workers): 2.223s
Average stage latencies:
  - ml-image-processing: 0.124s
  - ml-object-detection: 0.242s
================================================================================
objective      : price
resource_config: [{'cpu_m': 658, 'memory_mi': 58}, {'cpu_m': 4592, 'memory_mi': 510}], latencies: {'ml-image-processing': 0.1236708595617009, 'ml-object-detection': 0.24153899204518114}, price_cost: 9717.308068, energy_cost: 462.339756, latency_p99 : 2.223262
wall_time_s    : 75.053
================================================================================

[info] Locust stopped
Updating function ml-image-processing to cpu: 392m, memory: 58Mi
Updating Deployment resource configuration...

Updating function ml-object-detection to cpu: 3127m, memory: 446Mi
Updating Deployment resource configuration...

[info] Original replicas=17, selector='environmentName=ml-image-processing,environmentNamespace=default,environmentUid=8dcaa936-04ed-49cf-8ddf-36cdc234cbfd,executorType=newdeploy,functionName=ml-image-processing,functionNamespace=default,functionUid=d8529cac-3c02-4647-a616-8254b24ce685'
[info] Original replicas=49, selector='environmentName=yolo,environmentNamespace=default,environmentUid=4b5fef2f-7951-477c-a9c0-ef0af047a425,executorType=newdeploy,functionName=ml-object-detection,functionNamespace=default,functionUid=dc6d8a52-8de2-4fbb-beef-7bcaa92aa890'
[ok] Patched Deployment resources
[ok] Patched Deployment resources
[ok] Verified Deployment template resources: requests={'cpu': '1500m', 'memory': '400Mi'} limits={'cpu': '3127m', 'memory': '446Mi'}
[info] Scaling deployment to 0 replicas to force full pod replacement
[ok] Verified Deployment template resources: requests={'cpu': '300m', 'memory': '50Mi'} limits={'cpu': '392m', 'memory': '58Mi'}
[info] Scaling deployment to 0 replicas to force full pod replacement
[ok] All pods terminated (replicas=0)
[info] Scaling deployment back to 17 replicas
[ok] All pods terminated (replicas=0)
[info] Scaling deployment back to 49 replicas
[ok] Rollout completed after scale-to-zero
[verify] newest RS=newdeploy-ml-image-processing-default-a616-8254b24ce685-6c5dbdd444 pods=17 ready=17
[ok] Verified newest ReplicaSet template resources match expected
[ok] Rollout completed after scale-to-zero
[verify] newest RS=newdeploy-ml-object-detection-default-beef-7bcaa92aa890-6b4dfd9795 pods=49 ready=49
[ok] Verified newest ReplicaSet template resources match expected
[info] Started Locust with PID 919993
[info] start sleep for 30s
[info] sleep done
\Start sampling in parallel...
Workflow e2e p99 latency (50 completed in 18.4s, parallel, 8 workers): 9.000s
Average stage latencies:
  - ml-image-processing: 0.225s
  - ml-object-detection: 0.356s
================================================================================
objective      : price
resource_config: [{'cpu_m': 392, 'memory_mi': 58}, {'cpu_m': 3127, 'memory_mi': 446}], latencies: {'ml-image-processing': 0.22543300367365388, 'ml-object-detection': 0.3560463622030195}, price_cost: 9796.263236, energy_cost: 388.687544, latency_p99 : 9.000000
wall_time_s    : 76.358
================================================================================

[info] Locust stopped
Updating function ml-image-processing to cpu: 352m, memory: 62Mi
Updating Deployment resource configuration...

Updating function ml-object-detection to cpu: 5071m, memory: 450Mi
Updating Deployment resource configuration...

[info] Original replicas=17, selector='environmentName=ml-image-processing,environmentNamespace=default,environmentUid=8dcaa936-04ed-49cf-8ddf-36cdc234cbfd,executorType=newdeploy,functionName=ml-image-processing,functionNamespace=default,functionUid=d8529cac-3c02-4647-a616-8254b24ce685'
[info] Original replicas=49, selector='environmentName=yolo,environmentNamespace=default,environmentUid=4b5fef2f-7951-477c-a9c0-ef0af047a425,executorType=newdeploy,functionName=ml-object-detection,functionNamespace=default,functionUid=dc6d8a52-8de2-4fbb-beef-7bcaa92aa890'
[ok] Patched Deployment resources
[ok] Patched Deployment resources
[ok] Verified Deployment template resources: requests={'cpu': '300m', 'memory': '50Mi'} limits={'cpu': '352m', 'memory': '62Mi'}
[info] Scaling deployment to 0 replicas to force full pod replacement
[ok] Verified Deployment template resources: requests={'cpu': '1500m', 'memory': '400Mi'} limits={'cpu': '5071m', 'memory': '450Mi'}
[info] Scaling deployment to 0 replicas to force full pod replacement
[ok] All pods terminated (replicas=0)
[info] Scaling deployment back to 17 replicas
[ok] All pods terminated (replicas=0)
[info] Scaling deployment back to 49 replicas
[ok] Rollout completed after scale-to-zero
[verify] newest RS=newdeploy-ml-image-processing-default-a616-8254b24ce685-79f46ff55b pods=17 ready=17
[ok] Verified newest ReplicaSet template resources match expected
[ok] Rollout completed after scale-to-zero
[verify] newest RS=newdeploy-ml-object-detection-default-beef-7bcaa92aa890-864959dc6 pods=49 ready=49
[ok] Verified newest ReplicaSet template resources match expected
[info] Started Locust with PID 930476
[info] start sleep for 30s
[info] sleep done
\Start sampling in parallel...
Workflow e2e p99 latency (59 completed in 17.0s, parallel, 8 workers): 2.382s
Average stage latencies:
  - ml-image-processing: 0.258s
  - ml-object-detection: 0.173s
================================================================================
objective      : price
resource_config: [{'cpu_m': 352, 'memory_mi': 62}, {'cpu_m': 5071, 'memory_mi': 450}], latencies: {'ml-image-processing': 0.2576047729590308, 'ml-object-detection': 0.17331386913182373}, price_cost: 7767.245907, energy_cost: 411.937546, latency_p99 : 2.382058
wall_time_s    : 74.631
================================================================================

[info] Locust stopped
Updating function ml-image-processing to cpu: 367m, memory: 55Mi
Updating Deployment resource configuration...

Updating function ml-object-detection to cpu: 1949m, memory: 492Mi
Updating Deployment resource configuration...

[info] Original replicas=17, selector='environmentName=ml-image-processing,environmentNamespace=default,environmentUid=8dcaa936-04ed-49cf-8ddf-36cdc234cbfd,executorType=newdeploy,functionName=ml-image-processing,functionNamespace=default,functionUid=d8529cac-3c02-4647-a616-8254b24ce685'
[info] Original replicas=49, selector='environmentName=yolo,environmentNamespace=default,environmentUid=4b5fef2f-7951-477c-a9c0-ef0af047a425,executorType=newdeploy,functionName=ml-object-detection,functionNamespace=default,functionUid=dc6d8a52-8de2-4fbb-beef-7bcaa92aa890'
[ok] Patched Deployment resources
[ok] Patched Deployment resources
[ok] Verified Deployment template resources: requests={'cpu': '300m', 'memory': '50Mi'} limits={'cpu': '367m', 'memory': '55Mi'}
[info] Scaling deployment to 0 replicas to force full pod replacement
[ok] Verified Deployment template resources: requests={'cpu': '1500m', 'memory': '400Mi'} limits={'cpu': '1949m', 'memory': '492Mi'}
[info] Scaling deployment to 0 replicas to force full pod replacement
[ok] All pods terminated (replicas=0)
[info] Scaling deployment back to 17 replicas
[ok] All pods terminated (replicas=0)
[info] Scaling deployment back to 49 replicas
[ok] Rollout completed after scale-to-zero
[verify] newest RS=newdeploy-ml-image-processing-default-a616-8254b24ce685-6c488984b9 pods=17 ready=17
[ok] Verified newest ReplicaSet template resources match expected
[ok] Rollout completed after scale-to-zero
[verify] newest RS=newdeploy-ml-object-detection-default-beef-7bcaa92aa890-65c5b4bb8c pods=49 ready=49
[ok] Verified newest ReplicaSet template resources match expected
[info] Started Locust with PID 940883
[info] start sleep for 30s
[info] sleep done
\Start sampling in parallel...
Workflow e2e p99 latency (32 completed in 18.8s, parallel, 8 workers): 9.000s
Average stage latencies:
  - ml-image-processing: 0.212s
  - ml-object-detection: 0.652s
================================================================================
objective      : price
resource_config: [{'cpu_m': 367, 'memory_mi': 55}, {'cpu_m': 1949, 'memory_mi': 492}], latencies: {'ml-image-processing': 0.21160389825236053, 'ml-object-detection': 0.6516724317101762}, price_cost: 11190.785787, energy_cost: 318.166078, latency_p99 : 9.000000
wall_time_s    : 74.084
================================================================================

[info] Locust stopped
Updating function ml-image-processing to cpu: 467m, memory: 61Mi
Updating Deployment resource configuration...

Updating function ml-object-detection to cpu: 3017m, memory: 501Mi
Updating Deployment resource configuration...

[info] Original replicas=49, selector='environmentName=yolo,environmentNamespace=default,environmentUid=4b5fef2f-7951-477c-a9c0-ef0af047a425,executorType=newdeploy,functionName=ml-object-detection,functionNamespace=default,functionUid=dc6d8a52-8de2-4fbb-beef-7bcaa92aa890'
[info] Original replicas=17, selector='environmentName=ml-image-processing,environmentNamespace=default,environmentUid=8dcaa936-04ed-49cf-8ddf-36cdc234cbfd,executorType=newdeploy,functionName=ml-image-processing,functionNamespace=default,functionUid=d8529cac-3c02-4647-a616-8254b24ce685'
[ok] Patched Deployment resources
[ok] Patched Deployment resources
[ok] Verified Deployment template resources: requests={'cpu': '1500m', 'memory': '400Mi'} limits={'cpu': '3017m', 'memory': '501Mi'}
[info] Scaling deployment to 0 replicas to force full pod replacement
[ok] Verified Deployment template resources: requests={'cpu': '300m', 'memory': '50Mi'} limits={'cpu': '467m', 'memory': '61Mi'}
[info] Scaling deployment to 0 replicas to force full pod replacement
[ok] All pods terminated (replicas=0)
[info] Scaling deployment back to 49 replicas
[ok] All pods terminated (replicas=0)
[info] Scaling deployment back to 17 replicas
[ok] Deleted HPA newdeploy-ml-object-detection-default-beef-7bcaa92aa890
[ok] Rollout completed after scale-to-zero
[verify] newest RS=newdeploy-ml-image-processing-default-a616-8254b24ce685-5f56bc6475 pods=17 ready=17
[ok] Verified newest ReplicaSet template resources match expected
[ok] Rollout completed after scale-to-zero
[verify] newest RS=newdeploy-ml-object-detection-default-beef-7bcaa92aa890-757648d76f pods=49 ready=49
[ok] Verified newest ReplicaSet template resources match expected
[info] Started Locust with PID 951441
[info] start sleep for 30s
[info] sleep done
\Start sampling in parallel...
Workflow e2e p99 latency (55 completed in 20.2s, parallel, 8 workers): 9.000s
Average stage latencies:
  - ml-image-processing: 0.159s
  - ml-object-detection: 0.358s
================================================================================
objective      : price
resource_config: [{'cpu_m': 467, 'memory_mi': 61}, {'cpu_m': 3017, 'memory_mi': 501}], latencies: {'ml-image-processing': 0.15871245772851741, 'ml-object-detection': 0.3578036019907278}, price_cost: 9478.913427, energy_cost: 389.168821, latency_p99 : 9.000000
wall_time_s    : 79.712
================================================================================

[info] Locust stopped
Updating function ml-image-processing to cpu: 344m, memory: 66Mi
Updating Deployment resource configuration...

Updating function ml-object-detection to cpu: 2962m, memory: 409Mi
Updating Deployment resource configuration...

[info] Original replicas=17, selector='environmentName=ml-image-processing,environmentNamespace=default,environmentUid=8dcaa936-04ed-49cf-8ddf-36cdc234cbfd,executorType=newdeploy,functionName=ml-image-processing,functionNamespace=default,functionUid=d8529cac-3c02-4647-a616-8254b24ce685'
[info] Original replicas=49, selector='environmentName=yolo,environmentNamespace=default,environmentUid=4b5fef2f-7951-477c-a9c0-ef0af047a425,executorType=newdeploy,functionName=ml-object-detection,functionNamespace=default,functionUid=dc6d8a52-8de2-4fbb-beef-7bcaa92aa890'
[ok] Patched Deployment resources
[ok] Patched Deployment resources
[ok] Verified Deployment template resources: requests={'cpu': '1500m', 'memory': '400Mi'} limits={'cpu': '2962m', 'memory': '409Mi'}
[info] Scaling deployment to 0 replicas to force full pod replacement
[ok] Verified Deployment template resources: requests={'cpu': '300m', 'memory': '50Mi'} limits={'cpu': '344m', 'memory': '66Mi'}
[info] Scaling deployment to 0 replicas to force full pod replacement
[ok] All pods terminated (replicas=0)
[info] Scaling deployment back to 17 replicas
[ok] All pods terminated (replicas=0)
[info] Scaling deployment back to 49 replicas
[ok] Deleted HPA newdeploy-ml-object-detection-default-beef-7bcaa92aa890
[ok] Rollout completed after scale-to-zero
[verify] newest RS=newdeploy-ml-image-processing-default-a616-8254b24ce685-65648466cf pods=17 ready=17
[ok] Verified newest ReplicaSet template resources match expected
[ok] Rollout completed after scale-to-zero
[verify] newest RS=newdeploy-ml-object-detection-default-beef-7bcaa92aa890-78c6dbf654 pods=49 ready=49
[ok] Verified newest ReplicaSet template resources match expected
[info] Started Locust with PID 962088
[info] start sleep for 30s
[info] sleep done
\Start sampling in parallel...
Workflow e2e p99 latency (45 completed in 18.3s, parallel, 8 workers): 9.000s
Average stage latencies:
  - ml-image-processing: 0.269s
  - ml-object-detection: 0.384s
================================================================================
objective      : price
resource_config: [{'cpu_m': 344, 'memory_mi': 66}, {'cpu_m': 2962, 'memory_mi': 409}], latencies: {'ml-image-processing': 0.26927510638136504, 'ml-object-detection': 0.3843052315872249}, price_cost: 10020.347390, energy_cost: 387.887457, latency_p99 : 9.000000
wall_time_s    : 76.007
================================================================================

[info] Locust stopped
Updating function ml-image-processing to cpu: 598m, memory: 69Mi
Updating Deployment resource configuration...

Updating function ml-object-detection to cpu: 4656m, memory: 437Mi
Updating Deployment resource configuration...

[info] Original replicas=17, selector='environmentName=ml-image-processing,environmentNamespace=default,environmentUid=8dcaa936-04ed-49cf-8ddf-36cdc234cbfd,executorType=newdeploy,functionName=ml-image-processing,functionNamespace=default,functionUid=d8529cac-3c02-4647-a616-8254b24ce685'
[info] Original replicas=49, selector='environmentName=yolo,environmentNamespace=default,environmentUid=4b5fef2f-7951-477c-a9c0-ef0af047a425,executorType=newdeploy,functionName=ml-object-detection,functionNamespace=default,functionUid=dc6d8a52-8de2-4fbb-beef-7bcaa92aa890'
[ok] Patched Deployment resources
[ok] Patched Deployment resources
[ok] Verified Deployment template resources: requests={'cpu': '300m', 'memory': '50Mi'} limits={'cpu': '598m', 'memory': '69Mi'}
[info] Scaling deployment to 0 replicas to force full pod replacement
[ok] Verified Deployment template resources: requests={'cpu': '1500m', 'memory': '400Mi'} limits={'cpu': '4656m', 'memory': '437Mi'}
[info] Scaling deployment to 0 replicas to force full pod replacement
[ok] All pods terminated (replicas=0)
[info] Scaling deployment back to 17 replicas
[ok] All pods terminated (replicas=0)
[info] Scaling deployment back to 49 replicas
[ok] Rollout completed after scale-to-zero
[verify] newest RS=newdeploy-ml-image-processing-default-a616-8254b24ce685-f9669d885 pods=17 ready=17
[ok] Verified newest ReplicaSet template resources match expected
[ok] Rollout completed after scale-to-zero
[verify] newest RS=newdeploy-ml-object-detection-default-beef-7bcaa92aa890-7d5b46b9f9 pods=49 ready=49
[ok] Verified newest ReplicaSet template resources match expected
[info] Started Locust with PID 972327
[info] start sleep for 30s
[info] sleep done
\Start sampling in parallel...
Workflow e2e p99 latency (69 completed in 17.1s, parallel, 8 workers): 2.919s
Average stage latencies:
  - ml-image-processing: 0.146s
  - ml-object-detection: 0.212s
================================================================================
objective      : price
resource_config: [{'cpu_m': 598, 'memory_mi': 69}, {'cpu_m': 4656, 'memory_mi': 437}], latencies: {'ml-image-processing': 0.14646425981587474, 'ml-object-detection': 0.21235222409249863}, price_cost: 8696.943055, energy_cost: 456.588266, latency_p99 : 2.918544
wall_time_s    : 74.849
================================================================================

[info] Locust stopped
[info] Locust is not running
Starting fresh (no checkpoint at bo_model_price_20260105_070411.pt).
  initial_points = 10
  running_batches = 10
  initial_best_feasible_cost = 7767.245906759218
  initial_best_constraint = -0.618
  initial_best_resource_config = [{'cpu_m': 352, 'memory_mi': 62}, {'cpu_m': 5071, 'memory_mi': 450}]
  time_taken_for_init = 761.85 seconds
/home/cc/miniconda3/envs/faas/lib/python3.10/site-packages/botorch/acquisition/monte_carlo.py:502: NumericsWarning: qNoisyExpectedImprovement has known numerical issues that lead to suboptimal optimization performance. It is strongly recommended to simply replace

	 qNoisyExpectedImprovement 	 --> 	 qLogNoisyExpectedImprovement 

instead, which fixes the issues and has the same API. See https://arxiv.org/abs/2310.20708 for details.
  legacy_ei_numerics_warning(legacy_name=type(self).__name__)
Updating function ml-image-processing to cpu: 300m, memory: 70Mi
Updating Deployment resource configuration...

Updating function ml-object-detection to cpu: 4933m, memory: 406Mi
Updating Deployment resource configuration...

[info] Original replicas=49, selector='environmentName=yolo,environmentNamespace=default,environmentUid=4b5fef2f-7951-477c-a9c0-ef0af047a425,executorType=newdeploy,functionName=ml-object-detection,functionNamespace=default,functionUid=dc6d8a52-8de2-4fbb-beef-7bcaa92aa890'
[info] Original replicas=17, selector='environmentName=ml-image-processing,environmentNamespace=default,environmentUid=8dcaa936-04ed-49cf-8ddf-36cdc234cbfd,executorType=newdeploy,functionName=ml-image-processing,functionNamespace=default,functionUid=d8529cac-3c02-4647-a616-8254b24ce685'
[ok] Patched Deployment resources
[ok] Patched Deployment resources
[ok] Verified Deployment template resources: requests={'cpu': '1500m', 'memory': '400Mi'} limits={'cpu': '4933m', 'memory': '406Mi'}
[info] Scaling deployment to 0 replicas to force full pod replacement
[ok] Verified Deployment template resources: requests={'cpu': '300m', 'memory': '50Mi'} limits={'cpu': '300m', 'memory': '70Mi'}
[info] Scaling deployment to 0 replicas to force full pod replacement
[ok] All pods terminated (replicas=0)
[info] Scaling deployment back to 49 replicas
[ok] All pods terminated (replicas=0)
[info] Scaling deployment back to 17 replicas
[ok] Rollout completed after scale-to-zero
[verify] newest RS=newdeploy-ml-image-processing-default-a616-8254b24ce685-747497c47c pods=17 ready=17
[ok] Verified newest ReplicaSet template resources match expected
[ok] Rollout completed after scale-to-zero
[verify] newest RS=newdeploy-ml-object-detection-default-beef-7bcaa92aa890-69c85cfb8f pods=49 ready=49
[ok] Verified newest ReplicaSet template resources match expected
[info] Started Locust with PID 983586
[info] start sleep for 30s
[info] sleep done
\Start sampling in parallel...
Workflow e2e p99 latency (58 completed in 17.1s, parallel, 8 workers): 3.765s
Average stage latencies:
  - ml-image-processing: 0.285s
  - ml-object-detection: 0.158s
================================================================================
objective      : price
resource_config: [{'cpu_m': 300, 'memory_mi': 70}, {'cpu_m': 4933, 'memory_mi': 406}], latencies: {'ml-image-processing': 0.28542155630340604, 'ml-object-detection': 0.15769578913098264}, price_cost: 6888.963994, energy_cost: 383.997051, latency_p99 : 3.764886
wall_time_s    : 75.902
================================================================================

[info] Locust stopped
Updating function ml-image-processing to cpu: 300m, memory: 50Mi
Updating Deployment resource configuration...

Updating function ml-object-detection to cpu: 4821m, memory: 439Mi
Updating Deployment resource configuration...

[info] Original replicas=17, selector='environmentName=ml-image-processing,environmentNamespace=default,environmentUid=8dcaa936-04ed-49cf-8ddf-36cdc234cbfd,executorType=newdeploy,functionName=ml-image-processing,functionNamespace=default,functionUid=d8529cac-3c02-4647-a616-8254b24ce685'
[info] Original replicas=49, selector='environmentName=yolo,environmentNamespace=default,environmentUid=4b5fef2f-7951-477c-a9c0-ef0af047a425,executorType=newdeploy,functionName=ml-object-detection,functionNamespace=default,functionUid=dc6d8a52-8de2-4fbb-beef-7bcaa92aa890'
[ok] Patched Deployment resources
[ok] Patched Deployment resources
[ok] Verified Deployment template resources: requests={'cpu': '300m', 'memory': '50Mi'} limits={'cpu': '300m', 'memory': '50Mi'}
[info] Scaling deployment to 0 replicas to force full pod replacement
[ok] Verified Deployment template resources: requests={'cpu': '1500m', 'memory': '400Mi'} limits={'cpu': '4821m', 'memory': '439Mi'}
[info] Scaling deployment to 0 replicas to force full pod replacement
[ok] All pods terminated (replicas=0)
[info] Scaling deployment back to 17 replicas
[ok] All pods terminated (replicas=0)
[info] Scaling deployment back to 49 replicas
[ok] Rollout completed after scale-to-zero
[verify] newest RS=newdeploy-ml-image-processing-default-a616-8254b24ce685-5789945b5f pods=17 ready=17
[ok] Verified newest ReplicaSet template resources match expected
[ok] Rollout completed after scale-to-zero
[verify] newest RS=newdeploy-ml-object-detection-default-beef-7bcaa92aa890-866486f45b pods=49 ready=49
[ok] Verified newest ReplicaSet template resources match expected
[info] Started Locust with PID 993837
[info] start sleep for 30s
[info] sleep done
\Start sampling in parallel...
Workflow e2e p99 latency (54 completed in 17.2s, parallel, 8 workers): 3.089s
Average stage latencies:
  - ml-image-processing: 0.288s
  - ml-object-detection: 0.162s
================================================================================
objective      : price
resource_config: [{'cpu_m': 300, 'memory_mi': 50}, {'cpu_m': 4821, 'memory_mi': 439}], latencies: {'ml-image-processing': 0.28819689170146984, 'ml-object-detection': 0.16235635098483828}, price_cost: 6935.363489, energy_cost: 386.585351, latency_p99 : 3.088626
wall_time_s    : 76.046
================================================================================

[info] Locust stopped
Updating function ml-image-processing to cpu: 407m, memory: 55Mi
Updating Deployment resource configuration...

Updating function ml-object-detection to cpu: 5183m, memory: 408Mi
Updating Deployment resource configuration...

[info] Original replicas=17, selector='environmentName=ml-image-processing,environmentNamespace=default,environmentUid=8dcaa936-04ed-49cf-8ddf-36cdc234cbfd,executorType=newdeploy,functionName=ml-image-processing,functionNamespace=default,functionUid=d8529cac-3c02-4647-a616-8254b24ce685'
[info] Original replicas=49, selector='environmentName=yolo,environmentNamespace=default,environmentUid=4b5fef2f-7951-477c-a9c0-ef0af047a425,executorType=newdeploy,functionName=ml-object-detection,functionNamespace=default,functionUid=dc6d8a52-8de2-4fbb-beef-7bcaa92aa890'
[ok] Patched Deployment resources
[ok] Patched Deployment resources
[ok] Verified Deployment template resources: requests={'cpu': '1500m', 'memory': '400Mi'} limits={'cpu': '5183m', 'memory': '408Mi'}
[info] Scaling deployment to 0 replicas to force full pod replacement
[ok] Verified Deployment template resources: requests={'cpu': '300m', 'memory': '50Mi'} limits={'cpu': '407m', 'memory': '55Mi'}
[info] Scaling deployment to 0 replicas to force full pod replacement
[ok] All pods terminated (replicas=0)
[info] Scaling deployment back to 17 replicas
[ok] All pods terminated (replicas=0)
[info] Scaling deployment back to 49 replicas
[ok] Rollout completed after scale-to-zero
[verify] newest RS=newdeploy-ml-image-processing-default-a616-8254b24ce685-b98d4f8bc pods=17 ready=17
[ok] Verified newest ReplicaSet template resources match expected
[ok] Rollout completed after scale-to-zero
[verify] newest RS=newdeploy-ml-object-detection-default-beef-7bcaa92aa890-8447567f74 pods=49 ready=49
[ok] Verified newest ReplicaSet template resources match expected
[info] Started Locust with PID 1004751
[info] start sleep for 30s
[info] sleep done
\Start sampling in parallel...
Workflow e2e p99 latency (63 completed in 16.9s, parallel, 8 workers): 2.603s
Average stage latencies:
  - ml-image-processing: 0.216s
  - ml-object-detection: 0.174s
================================================================================
objective      : price
resource_config: [{'cpu_m': 407, 'memory_mi': 55}, {'cpu_m': 5183, 'memory_mi': 408}], latencies: {'ml-image-processing': 0.21628646426168935, 'ml-object-detection': 0.17356774194668684}, price_cost: 7929.982892, energy_cost: 426.082544, latency_p99 : 2.603439
wall_time_s    : 76.474
================================================================================

[info] Locust stopped
[info] Locust is not running
================================================================================

Batch  1: best_feasible_cost (random, qNEI) = (7767.245906759218, 7767.245906759218), best_constraint =  -0.618 (<=0 feasible), time = 238.72.
Best feasible resource configuration: [{'cpu_m': 352, 'memory_mi': 62}, {'cpu_m': 5071, 'memory_mi': 450}]

================================================================================
/home/cc/miniconda3/envs/faas/lib/python3.10/site-packages/botorch/acquisition/monte_carlo.py:502: NumericsWarning: qNoisyExpectedImprovement has known numerical issues that lead to suboptimal optimization performance. It is strongly recommended to simply replace

	 qNoisyExpectedImprovement 	 --> 	 qLogNoisyExpectedImprovement 

instead, which fixes the issues and has the same API. See https://arxiv.org/abs/2310.20708 for details.
  legacy_ei_numerics_warning(legacy_name=type(self).__name__)
Updating function ml-image-processing to cpu: 754m, memory: 70Mi
Updating Deployment resource configuration...

Updating function ml-object-detection to cpu: 1500m, memory: 405Mi
Updating Deployment resource configuration...

[info] Original replicas=17, selector='environmentName=ml-image-processing,environmentNamespace=default,environmentUid=8dcaa936-04ed-49cf-8ddf-36cdc234cbfd,executorType=newdeploy,functionName=ml-image-processing,functionNamespace=default,functionUid=d8529cac-3c02-4647-a616-8254b24ce685'
[info] Original replicas=49, selector='environmentName=yolo,environmentNamespace=default,environmentUid=4b5fef2f-7951-477c-a9c0-ef0af047a425,executorType=newdeploy,functionName=ml-object-detection,functionNamespace=default,functionUid=dc6d8a52-8de2-4fbb-beef-7bcaa92aa890'
[ok] Patched Deployment resources
[ok] Patched Deployment resources
[ok] Verified Deployment template resources: requests={'cpu': '300m', 'memory': '50Mi'} limits={'cpu': '754m', 'memory': '70Mi'}
[info] Scaling deployment to 0 replicas to force full pod replacement
[ok] Verified Deployment template resources: requests={'cpu': '1500m', 'memory': '400Mi'} limits={'cpu': '1500m', 'memory': '405Mi'}
[info] Scaling deployment to 0 replicas to force full pod replacement
[ok] All pods terminated (replicas=0)
[info] Scaling deployment back to 17 replicas
[ok] All pods terminated (replicas=0)
[info] Scaling deployment back to 49 replicas
[ok] Rollout completed after scale-to-zero
[verify] newest RS=newdeploy-ml-image-processing-default-a616-8254b24ce685-c7575d65f pods=17 ready=17
[ok] Verified newest ReplicaSet template resources match expected
[ok] Rollout completed after scale-to-zero
[verify] newest RS=newdeploy-ml-object-detection-default-beef-7bcaa92aa890-6c4f9c88c4 pods=49 ready=49
[ok] Verified newest ReplicaSet template resources match expected
[info] Started Locust with PID 1015694
[info] start sleep for 30s
[info] sleep done
\Start sampling in parallel...
Workflow e2e p99 latency (33 completed in 18.9s, parallel, 8 workers): 9.000s
Average stage latencies:
  - ml-image-processing: 0.093s
  - ml-object-detection: 0.817s
================================================================================
objective      : price
resource_config: [{'cpu_m': 754, 'memory_mi': 70}, {'cpu_m': 1500, 'memory_mi': 405}], latencies: {'ml-image-processing': 0.09315423521658649, 'ml-object-detection': 0.816923786258406}, price_cost: 10794.934510, energy_cost: 303.494436, latency_p99 : 9.000000
wall_time_s    : 77.051
================================================================================

[info] Locust stopped
Updating function ml-image-processing to cpu: 300m, memory: 64Mi
Updating Deployment resource configuration...

Updating function ml-object-detection to cpu: 4658m, memory: 400Mi
Updating Deployment resource configuration...

[info] Original replicas=17, selector='environmentName=ml-image-processing,environmentNamespace=default,environmentUid=8dcaa936-04ed-49cf-8ddf-36cdc234cbfd,executorType=newdeploy,functionName=ml-image-processing,functionNamespace=default,functionUid=d8529cac-3c02-4647-a616-8254b24ce685'
[info] Original replicas=49, selector='environmentName=yolo,environmentNamespace=default,environmentUid=4b5fef2f-7951-477c-a9c0-ef0af047a425,executorType=newdeploy,functionName=ml-object-detection,functionNamespace=default,functionUid=dc6d8a52-8de2-4fbb-beef-7bcaa92aa890'
[ok] Patched Deployment resources
[ok] Patched Deployment resources
[ok] Verified Deployment template resources: requests={'cpu': '300m', 'memory': '50Mi'} limits={'cpu': '300m', 'memory': '64Mi'}
[info] Scaling deployment to 0 replicas to force full pod replacement
[ok] Verified Deployment template resources: requests={'cpu': '1500m', 'memory': '400Mi'} limits={'cpu': '4658m', 'memory': '400Mi'}
[info] Scaling deployment to 0 replicas to force full pod replacement
[ok] All pods terminated (replicas=0)
[info] Scaling deployment back to 49 replicas
[ok] All pods terminated (replicas=0)
[info] Scaling deployment back to 17 replicas
[ok] Deleted HPA newdeploy-ml-object-detection-default-beef-7bcaa92aa890
[ok] Rollout completed after scale-to-zero
[verify] newest RS=newdeploy-ml-image-processing-default-a616-8254b24ce685-57cc5ccf87 pods=17 ready=17
[ok] Verified newest ReplicaSet template resources match expected
[ok] Rollout completed after scale-to-zero
[verify] newest RS=newdeploy-ml-object-detection-default-beef-7bcaa92aa890-6d87f4f584 pods=49 ready=49
[ok] Verified newest ReplicaSet template resources match expected
[info] Started Locust with PID 1026526
[info] start sleep for 30s
[info] sleep done
\Start sampling in parallel...
Workflow e2e p99 latency (50 completed in 17.7s, parallel, 8 workers): 4.793s
Average stage latencies:
  - ml-image-processing: 0.297s
  - ml-object-detection: 0.177s
================================================================================
objective      : price
resource_config: [{'cpu_m': 300, 'memory_mi': 64}, {'cpu_m': 4658, 'memory_mi': 400}], latencies: {'ml-image-processing': 0.29718464370816944, 'ml-object-detection': 0.1767724610492587}, price_cost: 7288.813069, energy_cost: 385.268314, latency_p99 : 4.792796
wall_time_s    : 78.943
================================================================================

[info] Locust stopped
Updating function ml-image-processing to cpu: 300m, memory: 55Mi
Updating Deployment resource configuration...

Updating function ml-object-detection to cpu: 4785m, memory: 400Mi
Updating Deployment resource configuration...

[info] Original replicas=17, selector='environmentName=ml-image-processing,environmentNamespace=default,environmentUid=8dcaa936-04ed-49cf-8ddf-36cdc234cbfd,executorType=newdeploy,functionName=ml-image-processing,functionNamespace=default,functionUid=d8529cac-3c02-4647-a616-8254b24ce685'
[info] Original replicas=49, selector='environmentName=yolo,environmentNamespace=default,environmentUid=4b5fef2f-7951-477c-a9c0-ef0af047a425,executorType=newdeploy,functionName=ml-object-detection,functionNamespace=default,functionUid=dc6d8a52-8de2-4fbb-beef-7bcaa92aa890'
[ok] Patched Deployment resources
[ok] Patched Deployment resources
[ok] Verified Deployment template resources: requests={'cpu': '300m', 'memory': '50Mi'} limits={'cpu': '300m', 'memory': '55Mi'}
[info] Scaling deployment to 0 replicas to force full pod replacement
[ok] Verified Deployment template resources: requests={'cpu': '1500m', 'memory': '400Mi'} limits={'cpu': '4785m', 'memory': '400Mi'}
[info] Scaling deployment to 0 replicas to force full pod replacement
[ok] All pods terminated (replicas=0)
[info] Scaling deployment back to 17 replicas
[ok] All pods terminated (replicas=0)
[info] Scaling deployment back to 49 replicas
[ok] Rollout completed after scale-to-zero
[verify] newest RS=newdeploy-ml-image-processing-default-a616-8254b24ce685-5c9975cdc pods=17 ready=17
[ok] Verified newest ReplicaSet template resources match expected
[ok] Rollout completed after scale-to-zero
[verify] newest RS=newdeploy-ml-object-detection-default-beef-7bcaa92aa890-6cc958db9b pods=49 ready=49
[ok] Verified newest ReplicaSet template resources match expected
[info] Started Locust with PID 1036805
[info] start sleep for 30s
[info] sleep done
\Start sampling in parallel...
Workflow e2e p99 latency (57 completed in 17.7s, parallel, 8 workers): 5.092s
Average stage latencies:
  - ml-image-processing: 0.291s
  - ml-object-detection: 0.166s
================================================================================
objective      : price
resource_config: [{'cpu_m': 300, 'memory_mi': 55}, {'cpu_m': 4785, 'memory_mi': 400}], latencies: {'ml-image-processing': 0.29057613326432674, 'ml-object-detection': 0.16628413051040025}, price_cost: 7044.695770, energy_cost: 379.709538, latency_p99 : 5.092245
wall_time_s    : 75.856
================================================================================

[info] Locust stopped
[info] Locust is not running
================================================================================

Batch  2: best_feasible_cost (random, qNEI) = (7767.245906759218, 7767.245906759218), best_constraint =  -0.618 (<=0 feasible), time = 238.10.
Best feasible resource configuration: [{'cpu_m': 352, 'memory_mi': 62}, {'cpu_m': 5071, 'memory_mi': 450}]

================================================================================
/home/cc/miniconda3/envs/faas/lib/python3.10/site-packages/botorch/acquisition/monte_carlo.py:502: NumericsWarning: qNoisyExpectedImprovement has known numerical issues that lead to suboptimal optimization performance. It is strongly recommended to simply replace

	 qNoisyExpectedImprovement 	 --> 	 qLogNoisyExpectedImprovement 

instead, which fixes the issues and has the same API. See https://arxiv.org/abs/2310.20708 for details.
  legacy_ei_numerics_warning(legacy_name=type(self).__name__)
Updating function ml-image-processing to cpu: 308m, memory: 61Mi
Updating Deployment resource configuration...

Updating function ml-object-detection to cpu: 4864m, memory: 445Mi
Updating Deployment resource configuration...

[info] Original replicas=17, selector='environmentName=ml-image-processing,environmentNamespace=default,environmentUid=8dcaa936-04ed-49cf-8ddf-36cdc234cbfd,executorType=newdeploy,functionName=ml-image-processing,functionNamespace=default,functionUid=d8529cac-3c02-4647-a616-8254b24ce685'
[info] Original replicas=49, selector='environmentName=yolo,environmentNamespace=default,environmentUid=4b5fef2f-7951-477c-a9c0-ef0af047a425,executorType=newdeploy,functionName=ml-object-detection,functionNamespace=default,functionUid=dc6d8a52-8de2-4fbb-beef-7bcaa92aa890'
[ok] Patched Deployment resources
[ok] Patched Deployment resources
[ok] Verified Deployment template resources: requests={'cpu': '300m', 'memory': '50Mi'} limits={'cpu': '308m', 'memory': '61Mi'}
[info] Scaling deployment to 0 replicas to force full pod replacement
[ok] Verified Deployment template resources: requests={'cpu': '1500m', 'memory': '400Mi'} limits={'cpu': '4864m', 'memory': '445Mi'}
[info] Scaling deployment to 0 replicas to force full pod replacement
[ok] All pods terminated (replicas=0)
[info] Scaling deployment back to 17 replicas
[ok] All pods terminated (replicas=0)
[info] Scaling deployment back to 49 replicas
[ok] Rollout completed after scale-to-zero
[verify] newest RS=newdeploy-ml-image-processing-default-a616-8254b24ce685-6d657c656c pods=17 ready=17
[ok] Verified newest ReplicaSet template resources match expected
[ok] Rollout completed after scale-to-zero
[verify] newest RS=newdeploy-ml-object-detection-default-beef-7bcaa92aa890-6ddc69777d pods=49 ready=49
[ok] Verified newest ReplicaSet template resources match expected
[info] Started Locust with PID 1048001
[info] start sleep for 30s
[info] sleep done
\Start sampling in parallel...
Workflow e2e p99 latency (54 completed in 17.7s, parallel, 8 workers): 3.524s
Average stage latencies:
  - ml-image-processing: 0.285s
  - ml-object-detection: 0.174s
================================================================================
objective      : price
resource_config: [{'cpu_m': 308, 'memory_mi': 61}, {'cpu_m': 4864, 'memory_mi': 445}], latencies: {'ml-image-processing': 0.28533968538977206, 'ml-object-detection': 0.17350448217863837}, price_cost: 7462.601393, energy_cost: 395.457807, latency_p99 : 3.524120
wall_time_s    : 75.987
================================================================================

[info] Locust stopped
Updating function ml-image-processing to cpu: 323m, memory: 56Mi
Updating Deployment resource configuration...

Updating function ml-object-detection to cpu: 4910m, memory: 447Mi
Updating Deployment resource configuration...

[info] Original replicas=49, selector='environmentName=yolo,environmentNamespace=default,environmentUid=4b5fef2f-7951-477c-a9c0-ef0af047a425,executorType=newdeploy,functionName=ml-object-detection,functionNamespace=default,functionUid=dc6d8a52-8de2-4fbb-beef-7bcaa92aa890'
[info] Original replicas=17, selector='environmentName=ml-image-processing,environmentNamespace=default,environmentUid=8dcaa936-04ed-49cf-8ddf-36cdc234cbfd,executorType=newdeploy,functionName=ml-image-processing,functionNamespace=default,functionUid=d8529cac-3c02-4647-a616-8254b24ce685'
[ok] Patched Deployment resources
[ok] Patched Deployment resources
[ok] Verified Deployment template resources: requests={'cpu': '1500m', 'memory': '400Mi'} limits={'cpu': '4910m', 'memory': '447Mi'}
[info] Scaling deployment to 0 replicas to force full pod replacement
[ok] Verified Deployment template resources: requests={'cpu': '300m', 'memory': '50Mi'} limits={'cpu': '323m', 'memory': '56Mi'}
[info] Scaling deployment to 0 replicas to force full pod replacement
[ok] All pods terminated (replicas=0)
[info] Scaling deployment back to 49 replicas
[ok] All pods terminated (replicas=0)
[info] Scaling deployment back to 17 replicas
[ok] Rollout completed after scale-to-zero
[verify] newest RS=newdeploy-ml-image-processing-default-a616-8254b24ce685-64846dfc46 pods=17 ready=17
[ok] Verified newest ReplicaSet template resources match expected
[ok] Rollout completed after scale-to-zero
[verify] newest RS=newdeploy-ml-object-detection-default-beef-7bcaa92aa890-8769d5cf6 pods=49 ready=49
[ok] Verified newest ReplicaSet template resources match expected
[info] Started Locust with PID 1058500
[info] start sleep for 30s
[info] sleep done
\Start sampling in parallel...
Workflow e2e p99 latency (56 completed in 18.4s, parallel, 8 workers): 3.372s
Average stage latencies:
  - ml-image-processing: 0.269s
  - ml-object-detection: 0.175s
================================================================================
objective      : price
resource_config: [{'cpu_m': 323, 'memory_mi': 56}, {'cpu_m': 4910, 'memory_mi': 447}], latencies: {'ml-image-processing': 0.2689307573683826, 'ml-object-detection': 0.17499702840411505}, price_cost: 7589.501935, energy_cost: 401.271887, latency_p99 : 3.371540
wall_time_s    : 75.558
================================================================================

[info] Locust stopped
Updating function ml-image-processing to cpu: 421m, memory: 63Mi
Updating Deployment resource configuration...

Updating function ml-object-detection to cpu: 2643m, memory: 493Mi
Updating Deployment resource configuration...

[info] Original replicas=49, selector='environmentName=yolo,environmentNamespace=default,environmentUid=4b5fef2f-7951-477c-a9c0-ef0af047a425,executorType=newdeploy,functionName=ml-object-detection,functionNamespace=default,functionUid=dc6d8a52-8de2-4fbb-beef-7bcaa92aa890'
[info] Original replicas=17, selector='environmentName=ml-image-processing,environmentNamespace=default,environmentUid=8dcaa936-04ed-49cf-8ddf-36cdc234cbfd,executorType=newdeploy,functionName=ml-image-processing,functionNamespace=default,functionUid=d8529cac-3c02-4647-a616-8254b24ce685'
[ok] Patched Deployment resources
[ok] Patched Deployment resources
[ok] Verified Deployment template resources: requests={'cpu': '1500m', 'memory': '400Mi'} limits={'cpu': '2643m', 'memory': '493Mi'}
[info] Scaling deployment to 0 replicas to force full pod replacement
[ok] Verified Deployment template resources: requests={'cpu': '300m', 'memory': '50Mi'} limits={'cpu': '421m', 'memory': '63Mi'}
[info] Scaling deployment to 0 replicas to force full pod replacement
[ok] All pods terminated (replicas=0)
[info] Scaling deployment back to 49 replicas
[ok] All pods terminated (replicas=0)
[info] Scaling deployment back to 17 replicas
[ok] Rollout completed after scale-to-zero
[verify] newest RS=newdeploy-ml-image-processing-default-a616-8254b24ce685-687567558 pods=17 ready=17
[ok] Verified newest ReplicaSet template resources match expected
[ok] Rollout completed after scale-to-zero
[verify] newest RS=newdeploy-ml-object-detection-default-beef-7bcaa92aa890-6f9c944cdb pods=49 ready=49
[ok] Verified newest ReplicaSet template resources match expected
[info] Started Locust with PID 1068899
[info] start sleep for 30s
[info] sleep done
\Start sampling in parallel...
Workflow e2e p99 latency (42 completed in 18.4s, parallel, 8 workers): 9.000s
Average stage latencies:
  - ml-image-processing: 0.172s
  - ml-object-detection: 0.416s
================================================================================
objective      : price
resource_config: [{'cpu_m': 421, 'memory_mi': 63}, {'cpu_m': 2643, 'memory_mi': 493}], latencies: {'ml-image-processing': 0.17151247648357906, 'ml-object-detection': 0.4156809691339731}, price_cost: 9651.343170, energy_cost: 365.151010, latency_p99 : 9.000000
wall_time_s    : 76.079
================================================================================

[info] Locust stopped
[info] Locust is not running
================================================================================

Batch  3: best_feasible_cost (random, qNEI) = (7767.245906759218, 7767.245906759218), best_constraint =  -0.618 (<=0 feasible), time = 238.00.
Best feasible resource configuration: [{'cpu_m': 352, 'memory_mi': 62}, {'cpu_m': 5071, 'memory_mi': 450}]

================================================================================
/home/cc/miniconda3/envs/faas/lib/python3.10/site-packages/botorch/acquisition/monte_carlo.py:502: NumericsWarning: qNoisyExpectedImprovement has known numerical issues that lead to suboptimal optimization performance. It is strongly recommended to simply replace

	 qNoisyExpectedImprovement 	 --> 	 qLogNoisyExpectedImprovement 

instead, which fixes the issues and has the same API. See https://arxiv.org/abs/2310.20708 for details.
  legacy_ei_numerics_warning(legacy_name=type(self).__name__)
Updating function ml-image-processing to cpu: 663m, memory: 62Mi
Updating Deployment resource configuration...

Updating function ml-object-detection to cpu: 4588m, memory: 426Mi
Updating Deployment resource configuration...

[info] Original replicas=17, selector='environmentName=ml-image-processing,environmentNamespace=default,environmentUid=8dcaa936-04ed-49cf-8ddf-36cdc234cbfd,executorType=newdeploy,functionName=ml-image-processing,functionNamespace=default,functionUid=d8529cac-3c02-4647-a616-8254b24ce685'
[info] Original replicas=49, selector='environmentName=yolo,environmentNamespace=default,environmentUid=4b5fef2f-7951-477c-a9c0-ef0af047a425,executorType=newdeploy,functionName=ml-object-detection,functionNamespace=default,functionUid=dc6d8a52-8de2-4fbb-beef-7bcaa92aa890'
[ok] Patched Deployment resources
[ok] Patched Deployment resources
[ok] Verified Deployment template resources: requests={'cpu': '300m', 'memory': '50Mi'} limits={'cpu': '663m', 'memory': '62Mi'}
[info] Scaling deployment to 0 replicas to force full pod replacement
[ok] Verified Deployment template resources: requests={'cpu': '1500m', 'memory': '400Mi'} limits={'cpu': '4588m', 'memory': '426Mi'}
[info] Scaling deployment to 0 replicas to force full pod replacement
[ok] All pods terminated (replicas=0)
[info] Scaling deployment back to 49 replicas
[ok] All pods terminated (replicas=0)
[info] Scaling deployment back to 17 replicas
[ok] Rollout completed after scale-to-zero
[verify] newest RS=newdeploy-ml-image-processing-default-a616-8254b24ce685-cb59f6746 pods=17 ready=17
[ok] Verified newest ReplicaSet template resources match expected
[ok] Rollout completed after scale-to-zero
[verify] newest RS=newdeploy-ml-object-detection-default-beef-7bcaa92aa890-5d9f57fbd5 pods=49 ready=49
[ok] Verified newest ReplicaSet template resources match expected
[info] Started Locust with PID 1079746
[info] start sleep for 30s
[info] sleep done
\Start sampling in parallel...
Workflow e2e p99 latency (71 completed in 17.0s, parallel, 8 workers): 1.424s
Average stage latencies:
  - ml-image-processing: 0.130s
  - ml-object-detection: 0.225s
================================================================================
objective      : price
resource_config: [{'cpu_m': 663, 'memory_mi': 62}, {'cpu_m': 4588, 'memory_mi': 426}], latencies: {'ml-image-processing': 0.13033031435473494, 'ml-object-detection': 0.22494892326747656}, price_cost: 9062.394773, energy_cost: 465.213528, latency_p99 : 1.423846
wall_time_s    : 72.268
================================================================================

[info] Locust stopped
Updating function ml-image-processing to cpu: 788m, memory: 52Mi
Updating Deployment resource configuration...

Updating function ml-object-detection to cpu: 3023m, memory: 511Mi
Updating Deployment resource configuration...

[info] Original replicas=17, selector='environmentName=ml-image-processing,environmentNamespace=default,environmentUid=8dcaa936-04ed-49cf-8ddf-36cdc234cbfd,executorType=newdeploy,functionName=ml-image-processing,functionNamespace=default,functionUid=d8529cac-3c02-4647-a616-8254b24ce685'
[info] Original replicas=49, selector='environmentName=yolo,environmentNamespace=default,environmentUid=4b5fef2f-7951-477c-a9c0-ef0af047a425,executorType=newdeploy,functionName=ml-object-detection,functionNamespace=default,functionUid=dc6d8a52-8de2-4fbb-beef-7bcaa92aa890'
[ok] Patched Deployment resources
[ok] Patched Deployment resources
[ok] Verified Deployment template resources: requests={'cpu': '300m', 'memory': '50Mi'} limits={'cpu': '788m', 'memory': '52Mi'}
[info] Scaling deployment to 0 replicas to force full pod replacement
[ok] Verified Deployment template resources: requests={'cpu': '1500m', 'memory': '400Mi'} limits={'cpu': '3023m', 'memory': '511Mi'}
[info] Scaling deployment to 0 replicas to force full pod replacement
[ok] All pods terminated (replicas=0)
[info] Scaling deployment back to 17 replicas
[ok] All pods terminated (replicas=0)
[info] Scaling deployment back to 49 replicas
[ok] Rollout completed after scale-to-zero
[verify] newest RS=newdeploy-ml-image-processing-default-a616-8254b24ce685-5cc796f779 pods=17 ready=17
[ok] Verified newest ReplicaSet template resources match expected
[ok] Rollout completed after scale-to-zero
[verify] newest RS=newdeploy-ml-object-detection-default-beef-7bcaa92aa890-7d8f6cb59 pods=49 ready=49
[ok] Verified newest ReplicaSet template resources match expected
[info] Started Locust with PID 1089997
[info] start sleep for 30s
[info] sleep done
\Start sampling in parallel...
Workflow e2e p99 latency (50 completed in 20.0s, parallel, 8 workers): 9.000s
Average stage latencies:
  - ml-image-processing: 0.097s
  - ml-object-detection: 0.358s
================================================================================
objective      : price
resource_config: [{'cpu_m': 788, 'memory_mi': 52}, {'cpu_m': 3023, 'memory_mi': 511}], latencies: {'ml-image-processing': 0.09726106041542641, 'ml-object-detection': 0.35804407950490713}, price_cost: 9511.958331, energy_cost: 390.876668, latency_p99 : 9.000000
wall_time_s    : 76.823
================================================================================

[info] Locust stopped
Updating function ml-image-processing to cpu: 379m, memory: 62Mi
Updating Deployment resource configuration...

Updating function ml-object-detection to cpu: 4903m, memory: 432Mi
Updating Deployment resource configuration...

[info] Original replicas=49, selector='environmentName=yolo,environmentNamespace=default,environmentUid=4b5fef2f-7951-477c-a9c0-ef0af047a425,executorType=newdeploy,functionName=ml-object-detection,functionNamespace=default,functionUid=dc6d8a52-8de2-4fbb-beef-7bcaa92aa890'
[info] Original replicas=17, selector='environmentName=ml-image-processing,environmentNamespace=default,environmentUid=8dcaa936-04ed-49cf-8ddf-36cdc234cbfd,executorType=newdeploy,functionName=ml-image-processing,functionNamespace=default,functionUid=d8529cac-3c02-4647-a616-8254b24ce685'
[ok] Patched Deployment resources
[ok] Patched Deployment resources
[ok] Verified Deployment template resources: requests={'cpu': '1500m', 'memory': '400Mi'} limits={'cpu': '4903m', 'memory': '432Mi'}
[info] Scaling deployment to 0 replicas to force full pod replacement
[ok] Verified Deployment template resources: requests={'cpu': '300m', 'memory': '50Mi'} limits={'cpu': '379m', 'memory': '62Mi'}
[info] Scaling deployment to 0 replicas to force full pod replacement
[ok] All pods terminated (replicas=0)
[info] Scaling deployment back to 49 replicas
[ok] All pods terminated (replicas=0)
[info] Scaling deployment back to 17 replicas
[ok] Deleted HPA newdeploy-ml-object-detection-default-beef-7bcaa92aa890
[ok] Rollout completed after scale-to-zero
[verify] newest RS=newdeploy-ml-image-processing-default-a616-8254b24ce685-7fb67b775d pods=17 ready=17
[ok] Verified newest ReplicaSet template resources match expected
[ok] Rollout completed after scale-to-zero
[verify] newest RS=newdeploy-ml-object-detection-default-beef-7bcaa92aa890-84467c69b8 pods=49 ready=49
[ok] Verified newest ReplicaSet template resources match expected
[info] Started Locust with PID 1100599
[info] start sleep for 30s
[info] sleep done
\Start sampling in parallel...
Workflow e2e p99 latency (60 completed in 17.1s, parallel, 8 workers): 2.691s
Average stage latencies:
  - ml-image-processing: 0.233s
  - ml-object-detection: 0.180s
================================================================================
objective      : price
resource_config: [{'cpu_m': 379, 'memory_mi': 62}, {'cpu_m': 4903, 'memory_mi': 432}], latencies: {'ml-image-processing': 0.23287174374951672, 'ml-object-detection': 0.18018664330399284}, price_cost: 7798.550457, energy_cost: 419.522286, latency_p99 : 2.691317
wall_time_s    : 72.910
================================================================================

[info] Locust stopped
[info] Locust is not running
================================================================================

Batch  4: best_feasible_cost (random, qNEI) = (7767.245906759218, 7767.245906759218), best_constraint =  -0.618 (<=0 feasible), time = 231.05.
Best feasible resource configuration: [{'cpu_m': 352, 'memory_mi': 62}, {'cpu_m': 5071, 'memory_mi': 450}]

================================================================================
/home/cc/miniconda3/envs/faas/lib/python3.10/site-packages/botorch/acquisition/monte_carlo.py:502: NumericsWarning: qNoisyExpectedImprovement has known numerical issues that lead to suboptimal optimization performance. It is strongly recommended to simply replace

	 qNoisyExpectedImprovement 	 --> 	 qLogNoisyExpectedImprovement 

instead, which fixes the issues and has the same API. See https://arxiv.org/abs/2310.20708 for details.
  legacy_ei_numerics_warning(legacy_name=type(self).__name__)
Updating function ml-image-processing to cpu: 348m, memory: 65Mi
Updating Deployment resource configuration...

Updating function ml-object-detection to cpu: 4362m, memory: 460Mi
Updating Deployment resource configuration...

[info] Original replicas=17, selector='environmentName=ml-image-processing,environmentNamespace=default,environmentUid=8dcaa936-04ed-49cf-8ddf-36cdc234cbfd,executorType=newdeploy,functionName=ml-image-processing,functionNamespace=default,functionUid=d8529cac-3c02-4647-a616-8254b24ce685'
[info] Original replicas=49, selector='environmentName=yolo,environmentNamespace=default,environmentUid=4b5fef2f-7951-477c-a9c0-ef0af047a425,executorType=newdeploy,functionName=ml-object-detection,functionNamespace=default,functionUid=dc6d8a52-8de2-4fbb-beef-7bcaa92aa890'
[ok] Patched Deployment resources
[ok] Patched Deployment resources
[ok] Verified Deployment template resources: requests={'cpu': '300m', 'memory': '50Mi'} limits={'cpu': '348m', 'memory': '65Mi'}
[info] Scaling deployment to 0 replicas to force full pod replacement
[ok] Verified Deployment template resources: requests={'cpu': '1500m', 'memory': '400Mi'} limits={'cpu': '4362m', 'memory': '460Mi'}
[info] Scaling deployment to 0 replicas to force full pod replacement
[ok] All pods terminated (replicas=0)
[info] Scaling deployment back to 49 replicas
[ok] All pods terminated (replicas=0)
[info] Scaling deployment back to 17 replicas
[ok] Rollout completed after scale-to-zero
[verify] newest RS=newdeploy-ml-image-processing-default-a616-8254b24ce685-5678b99589 pods=17 ready=17
[ok] Verified newest ReplicaSet template resources match expected
[ok] Rollout completed after scale-to-zero
[verify] newest RS=newdeploy-ml-object-detection-default-beef-7bcaa92aa890-d8996f795 pods=49 ready=49
[ok] Verified newest ReplicaSet template resources match expected
[info] Started Locust with PID 1111578
[info] start sleep for 30s
[info] sleep done
\Start sampling in parallel...
Workflow e2e p99 latency (55 completed in 16.8s, parallel, 8 workers): 3.226s
Average stage latencies:
  - ml-image-processing: 0.253s
  - ml-object-detection: 0.213s
================================================================================
objective      : price
resource_config: [{'cpu_m': 348, 'memory_mi': 65}, {'cpu_m': 4362, 'memory_mi': 460}], latencies: {'ml-image-processing': 0.2530448435043747, 'ml-object-detection': 0.21320326174186036}, price_cost: 8205.078963, energy_cost: 403.612617, latency_p99 : 3.226272
wall_time_s    : 72.764
================================================================================

[info] Locust stopped
Updating function ml-image-processing to cpu: 334m, memory: 57Mi
Updating Deployment resource configuration...

Updating function ml-object-detection to cpu: 5085m, memory: 425Mi
Updating Deployment resource configuration...

[info] Original replicas=49, selector='environmentName=yolo,environmentNamespace=default,environmentUid=4b5fef2f-7951-477c-a9c0-ef0af047a425,executorType=newdeploy,functionName=ml-object-detection,functionNamespace=default,functionUid=dc6d8a52-8de2-4fbb-beef-7bcaa92aa890'
[info] Original replicas=17, selector='environmentName=ml-image-processing,environmentNamespace=default,environmentUid=8dcaa936-04ed-49cf-8ddf-36cdc234cbfd,executorType=newdeploy,functionName=ml-image-processing,functionNamespace=default,functionUid=d8529cac-3c02-4647-a616-8254b24ce685'
[ok] Patched Deployment resources
[ok] Patched Deployment resources
[ok] Verified Deployment template resources: requests={'cpu': '1500m', 'memory': '400Mi'} limits={'cpu': '5085m', 'memory': '425Mi'}
[info] Scaling deployment to 0 replicas to force full pod replacement
[ok] Verified Deployment template resources: requests={'cpu': '300m', 'memory': '50Mi'} limits={'cpu': '334m', 'memory': '57Mi'}
[info] Scaling deployment to 0 replicas to force full pod replacement
[ok] All pods terminated (replicas=0)
[info] Scaling deployment back to 49 replicas
[ok] All pods terminated (replicas=0)
[info] Scaling deployment back to 17 replicas
[ok] Rollout completed after scale-to-zero
[verify] newest RS=newdeploy-ml-image-processing-default-a616-8254b24ce685-6bbd678649 pods=17 ready=17
[ok] Verified newest ReplicaSet template resources match expected
[ok] Rollout completed after scale-to-zero
[verify] newest RS=newdeploy-ml-object-detection-default-beef-7bcaa92aa890-6b8696b8f pods=49 ready=49
[ok] Verified newest ReplicaSet template resources match expected
[info] Started Locust with PID 1121603
[info] start sleep for 30s
[info] sleep done
\Start sampling in parallel...
Workflow e2e p99 latency (60 completed in 17.9s, parallel, 8 workers): 3.579s
Average stage latencies:
  - ml-image-processing: 0.263s
  - ml-object-detection: 0.162s
================================================================================
objective      : price
resource_config: [{'cpu_m': 334, 'memory_mi': 57}, {'cpu_m': 5085, 'memory_mi': 425}], latencies: {'ml-image-processing': 0.26331369602897514, 'ml-object-detection': 0.16172116945963352}, price_cost: 7274.293442, energy_cost: 401.871156, latency_p99 : 3.579287
wall_time_s    : 73.806
================================================================================

[info] Locust stopped
Updating function ml-image-processing to cpu: 379m, memory: 52Mi
Updating Deployment resource configuration...

Updating function ml-object-detection to cpu: 4949m, memory: 443Mi
Updating Deployment resource configuration...

[info] Original replicas=17, selector='environmentName=ml-image-processing,environmentNamespace=default,environmentUid=8dcaa936-04ed-49cf-8ddf-36cdc234cbfd,executorType=newdeploy,functionName=ml-image-processing,functionNamespace=default,functionUid=d8529cac-3c02-4647-a616-8254b24ce685'
[info] Original replicas=49, selector='environmentName=yolo,environmentNamespace=default,environmentUid=4b5fef2f-7951-477c-a9c0-ef0af047a425,executorType=newdeploy,functionName=ml-object-detection,functionNamespace=default,functionUid=dc6d8a52-8de2-4fbb-beef-7bcaa92aa890'
[ok] Patched Deployment resources
[ok] Patched Deployment resources
[ok] Verified Deployment template resources: requests={'cpu': '1500m', 'memory': '400Mi'} limits={'cpu': '4949m', 'memory': '443Mi'}
[info] Scaling deployment to 0 replicas to force full pod replacement
[ok] Verified Deployment template resources: requests={'cpu': '300m', 'memory': '50Mi'} limits={'cpu': '379m', 'memory': '52Mi'}
[info] Scaling deployment to 0 replicas to force full pod replacement
[ok] All pods terminated (replicas=0)
[info] Scaling deployment back to 49 replicas
[ok] All pods terminated (replicas=0)
[info] Scaling deployment back to 17 replicas
[ok] Rollout completed after scale-to-zero
[verify] newest RS=newdeploy-ml-image-processing-default-a616-8254b24ce685-7464548bd7 pods=17 ready=17
[ok] Verified newest ReplicaSet template resources match expected
[ok] Rollout completed after scale-to-zero
[verify] newest RS=newdeploy-ml-object-detection-default-beef-7bcaa92aa890-7c4d8c69d4 pods=49 ready=49
[ok] Verified newest ReplicaSet template resources match expected
[info] Started Locust with PID 1132222
[info] start sleep for 30s
[info] sleep done
\Start sampling in parallel...
Workflow e2e p99 latency (59 completed in 17.1s, parallel, 8 workers): 3.100s
Average stage latencies:
  - ml-image-processing: 0.242s
  - ml-object-detection: 0.178s
================================================================================
objective      : price
resource_config: [{'cpu_m': 379, 'memory_mi': 52}, {'cpu_m': 4949, 'memory_mi': 443}], latencies: {'ml-image-processing': 0.2422822532875432, 'ml-object-detection': 0.17787475303067998}, price_cost: 7782.504846, energy_cost: 419.072455, latency_p99 : 3.100015
wall_time_s    : 73.147
================================================================================

[info] Locust stopped
[info] Locust is not running
================================================================================

Batch  5: best_feasible_cost (random, qNEI) = (7767.245906759218, 7767.245906759218), best_constraint =  -0.618 (<=0 feasible), time = 229.20.
Best feasible resource configuration: [{'cpu_m': 352, 'memory_mi': 62}, {'cpu_m': 5071, 'memory_mi': 450}]

================================================================================
/home/cc/miniconda3/envs/faas/lib/python3.10/site-packages/botorch/acquisition/monte_carlo.py:502: NumericsWarning: qNoisyExpectedImprovement has known numerical issues that lead to suboptimal optimization performance. It is strongly recommended to simply replace

	 qNoisyExpectedImprovement 	 --> 	 qLogNoisyExpectedImprovement 

instead, which fixes the issues and has the same API. See https://arxiv.org/abs/2310.20708 for details.
  legacy_ei_numerics_warning(legacy_name=type(self).__name__)
Updating function ml-image-processing to cpu: 800m, memory: 70Mi
Updating Deployment resource configuration...

Updating function ml-object-detection to cpu: 3713m, memory: 400Mi
Updating Deployment resource configuration...

[info] Original replicas=49, selector='environmentName=yolo,environmentNamespace=default,environmentUid=4b5fef2f-7951-477c-a9c0-ef0af047a425,executorType=newdeploy,functionName=ml-object-detection,functionNamespace=default,functionUid=dc6d8a52-8de2-4fbb-beef-7bcaa92aa890'
[info] Original replicas=17, selector='environmentName=ml-image-processing,environmentNamespace=default,environmentUid=8dcaa936-04ed-49cf-8ddf-36cdc234cbfd,executorType=newdeploy,functionName=ml-image-processing,functionNamespace=default,functionUid=d8529cac-3c02-4647-a616-8254b24ce685'
[ok] Patched Deployment resources
[ok] Patched Deployment resources
[ok] Verified Deployment template resources: requests={'cpu': '1500m', 'memory': '400Mi'} limits={'cpu': '3713m', 'memory': '400Mi'}
[info] Scaling deployment to 0 replicas to force full pod replacement
[ok] Verified Deployment template resources: requests={'cpu': '300m', 'memory': '50Mi'} limits={'cpu': '800m', 'memory': '70Mi'}
[info] Scaling deployment to 0 replicas to force full pod replacement
[ok] All pods terminated (replicas=0)
[info] Scaling deployment back to 49 replicas
[ok] All pods terminated (replicas=0)
[info] Scaling deployment back to 17 replicas
[ok] Rollout completed after scale-to-zero
[verify] newest RS=newdeploy-ml-image-processing-default-a616-8254b24ce685-7f5cd7b88c pods=17 ready=17
[ok] Verified newest ReplicaSet template resources match expected
[ok] Rollout completed after scale-to-zero
[verify] newest RS=newdeploy-ml-object-detection-default-beef-7bcaa92aa890-54bc4fffcb pods=49 ready=49
[ok] Verified newest ReplicaSet template resources match expected
[info] Started Locust with PID 1143046
[info] start sleep for 30s
[info] sleep done
\Start sampling in parallel...
Workflow e2e p99 latency (64 completed in 16.8s, parallel, 8 workers): 9.000s
Average stage latencies:
  - ml-image-processing: 0.098s
  - ml-object-detection: 0.266s
================================================================================
objective      : price
resource_config: [{'cpu_m': 800, 'memory_mi': 70}, {'cpu_m': 3713, 'memory_mi': 400}], latencies: {'ml-image-processing': 0.09821701360245545, 'ml-object-detection': 0.2658923654521387}, price_cost: 8665.612981, energy_cost: 430.468642, latency_p99 : 9.000000
wall_time_s    : 71.517
================================================================================

[info] Locust stopped
Updating function ml-image-processing to cpu: 466m, memory: 70Mi
Updating Deployment resource configuration...

Updating function ml-object-detection to cpu: 4901m, memory: 400Mi
Updating Deployment resource configuration...

[info] Original replicas=49, selector='environmentName=yolo,environmentNamespace=default,environmentUid=4b5fef2f-7951-477c-a9c0-ef0af047a425,executorType=newdeploy,functionName=ml-object-detection,functionNamespace=default,functionUid=dc6d8a52-8de2-4fbb-beef-7bcaa92aa890'
[info] Original replicas=17, selector='environmentName=ml-image-processing,environmentNamespace=default,environmentUid=8dcaa936-04ed-49cf-8ddf-36cdc234cbfd,executorType=newdeploy,functionName=ml-image-processing,functionNamespace=default,functionUid=d8529cac-3c02-4647-a616-8254b24ce685'
[ok] Patched Deployment resources
[ok] Patched Deployment resources
[ok] Verified Deployment template resources: requests={'cpu': '300m', 'memory': '50Mi'} limits={'cpu': '466m', 'memory': '70Mi'}
[info] Scaling deployment to 0 replicas to force full pod replacement
[ok] Verified Deployment template resources: requests={'cpu': '1500m', 'memory': '400Mi'} limits={'cpu': '4901m', 'memory': '400Mi'}
[info] Scaling deployment to 0 replicas to force full pod replacement
[ok] All pods terminated (replicas=0)
[info] Scaling deployment back to 17 replicas
[ok] All pods terminated (replicas=0)
[info] Scaling deployment back to 49 replicas
[ok] Rollout completed after scale-to-zero
[verify] newest RS=newdeploy-ml-image-processing-default-a616-8254b24ce685-b8c845595 pods=17 ready=17
[ok] Verified newest ReplicaSet template resources match expected
[ok] Rollout completed after scale-to-zero
[verify] newest RS=newdeploy-ml-object-detection-default-beef-7bcaa92aa890-6dfd86dfdd pods=49 ready=49
[ok] Verified newest ReplicaSet template resources match expected
[info] Started Locust with PID 1153382
[info] start sleep for 30s
[info] sleep done
\Start sampling in parallel...
Workflow e2e p99 latency (66 completed in 16.8s, parallel, 8 workers): 2.092s
Average stage latencies:
  - ml-image-processing: 0.178s
  - ml-object-detection: 0.193s
================================================================================
objective      : price
resource_config: [{'cpu_m': 466, 'memory_mi': 70}, {'cpu_m': 4901, 'memory_mi': 400}], latencies: {'ml-image-processing': 0.17784962396024528, 'ml-object-detection': 0.19256071947430345}, price_cost: 8292.854410, energy_cost: 444.255308, latency_p99 : 2.091749
wall_time_s    : 74.607
================================================================================

[info] Locust stopped
Updating function ml-image-processing to cpu: 307m, memory: 69Mi
Updating Deployment resource configuration...

Updating function ml-object-detection to cpu: 5001m, memory: 449Mi
Updating Deployment resource configuration...

[info] Original replicas=17, selector='environmentName=ml-image-processing,environmentNamespace=default,environmentUid=8dcaa936-04ed-49cf-8ddf-36cdc234cbfd,executorType=newdeploy,functionName=ml-image-processing,functionNamespace=default,functionUid=d8529cac-3c02-4647-a616-8254b24ce685'
[info] Original replicas=49, selector='environmentName=yolo,environmentNamespace=default,environmentUid=4b5fef2f-7951-477c-a9c0-ef0af047a425,executorType=newdeploy,functionName=ml-object-detection,functionNamespace=default,functionUid=dc6d8a52-8de2-4fbb-beef-7bcaa92aa890'
[ok] Patched Deployment resources
[ok] Patched Deployment resources
[ok] Verified Deployment template resources: requests={'cpu': '300m', 'memory': '50Mi'} limits={'cpu': '307m', 'memory': '69Mi'}
[info] Scaling deployment to 0 replicas to force full pod replacement
[ok] Verified Deployment template resources: requests={'cpu': '1500m', 'memory': '400Mi'} limits={'cpu': '5001m', 'memory': '449Mi'}
[info] Scaling deployment to 0 replicas to force full pod replacement
[ok] All pods terminated (replicas=0)
[info] Scaling deployment back to 49 replicas
[ok] All pods terminated (replicas=0)
[info] Scaling deployment back to 17 replicas
[ok] Rollout completed after scale-to-zero
[verify] newest RS=newdeploy-ml-image-processing-default-a616-8254b24ce685-5b47bd6d69 pods=17 ready=17
[ok] Verified newest ReplicaSet template resources match expected
[ok] Rollout completed after scale-to-zero
[verify] newest RS=newdeploy-ml-object-detection-default-beef-7bcaa92aa890-59c7576c74 pods=49 ready=49
[ok] Verified newest ReplicaSet template resources match expected
[info] Started Locust with PID 1163602
[info] start sleep for 30s
[info] sleep done
\Start sampling in parallel...
Workflow e2e p99 latency (56 completed in 17.2s, parallel, 8 workers): 3.894s
Average stage latencies:
  - ml-image-processing: 0.285s
  - ml-object-detection: 0.167s
================================================================================
objective      : price
resource_config: [{'cpu_m': 307, 'memory_mi': 69}, {'cpu_m': 5001, 'memory_mi': 449}], latencies: {'ml-image-processing': 0.2846673233101943, 'ml-object-detection': 0.16701456076199456}, price_cost: 7386.653712, energy_cost: 391.175848, latency_p99 : 3.893820
wall_time_s    : 72.994
================================================================================

[info] Locust stopped
[info] Locust is not running
================================================================================

Batch  6: best_feasible_cost (random, qNEI) = (7767.245906759218, 7767.245906759218), best_constraint =  -0.618 (<=0 feasible), time = 228.89.
Best feasible resource configuration: [{'cpu_m': 352, 'memory_mi': 62}, {'cpu_m': 5071, 'memory_mi': 450}]

================================================================================
/home/cc/miniconda3/envs/faas/lib/python3.10/site-packages/botorch/acquisition/monte_carlo.py:502: NumericsWarning: qNoisyExpectedImprovement has known numerical issues that lead to suboptimal optimization performance. It is strongly recommended to simply replace

	 qNoisyExpectedImprovement 	 --> 	 qLogNoisyExpectedImprovement 

instead, which fixes the issues and has the same API. See https://arxiv.org/abs/2310.20708 for details.
  legacy_ei_numerics_warning(legacy_name=type(self).__name__)
Updating function ml-image-processing to cpu: 559m, memory: 56Mi
Updating Deployment resource configuration...

Updating function ml-object-detection to cpu: 2635m, memory: 457Mi
Updating Deployment resource configuration...

[info] Original replicas=17, selector='environmentName=ml-image-processing,environmentNamespace=default,environmentUid=8dcaa936-04ed-49cf-8ddf-36cdc234cbfd,executorType=newdeploy,functionName=ml-image-processing,functionNamespace=default,functionUid=d8529cac-3c02-4647-a616-8254b24ce685'
[info] Original replicas=49, selector='environmentName=yolo,environmentNamespace=default,environmentUid=4b5fef2f-7951-477c-a9c0-ef0af047a425,executorType=newdeploy,functionName=ml-object-detection,functionNamespace=default,functionUid=dc6d8a52-8de2-4fbb-beef-7bcaa92aa890'
[ok] Patched Deployment resources
[ok] Patched Deployment resources
[ok] Verified Deployment template resources: requests={'cpu': '1500m', 'memory': '400Mi'} limits={'cpu': '2635m', 'memory': '457Mi'}
[info] Scaling deployment to 0 replicas to force full pod replacement
[ok] Verified Deployment template resources: requests={'cpu': '300m', 'memory': '50Mi'} limits={'cpu': '559m', 'memory': '56Mi'}
[info] Scaling deployment to 0 replicas to force full pod replacement
[ok] All pods terminated (replicas=0)
[info] Scaling deployment back to 17 replicas
[ok] All pods terminated (replicas=0)
[info] Scaling deployment back to 49 replicas
[ok] Rollout completed after scale-to-zero
[verify] newest RS=newdeploy-ml-image-processing-default-a616-8254b24ce685-7dd68d7764 pods=17 ready=17
[ok] Verified newest ReplicaSet template resources match expected
[ok] Rollout completed after scale-to-zero
[verify] newest RS=newdeploy-ml-object-detection-default-beef-7bcaa92aa890-68c7688dd9 pods=49 ready=49
[ok] Verified newest ReplicaSet template resources match expected
[info] Started Locust with PID 1174427
[info] start sleep for 30s
[info] sleep done
\Start sampling in parallel...
Workflow e2e p99 latency (47 completed in 18.3s, parallel, 8 workers): 9.000s
Average stage latencies:
  - ml-image-processing: 0.116s
  - ml-object-detection: 0.441s
================================================================================
objective      : price
resource_config: [{'cpu_m': 559, 'memory_mi': 56}, {'cpu_m': 2635, 'memory_mi': 457}], latencies: {'ml-image-processing': 0.11558915229468811, 'ml-object-detection': 0.44057644003002744}, price_cost: 10153.843633, energy_cost: 363.860931, latency_p99 : 9.000000
wall_time_s    : 73.609
================================================================================

[info] Locust stopped
Updating function ml-image-processing to cpu: 367m, memory: 54Mi
Updating Deployment resource configuration...

Updating function ml-object-detection to cpu: 4953m, memory: 424Mi
Updating Deployment resource configuration...

[info] Original replicas=17, selector='environmentName=ml-image-processing,environmentNamespace=default,environmentUid=8dcaa936-04ed-49cf-8ddf-36cdc234cbfd,executorType=newdeploy,functionName=ml-image-processing,functionNamespace=default,functionUid=d8529cac-3c02-4647-a616-8254b24ce685'
[info] Original replicas=49, selector='environmentName=yolo,environmentNamespace=default,environmentUid=4b5fef2f-7951-477c-a9c0-ef0af047a425,executorType=newdeploy,functionName=ml-object-detection,functionNamespace=default,functionUid=dc6d8a52-8de2-4fbb-beef-7bcaa92aa890'
[ok] Patched Deployment resources
[ok] Patched Deployment resources
[ok] Verified Deployment template resources: requests={'cpu': '300m', 'memory': '50Mi'} limits={'cpu': '367m', 'memory': '54Mi'}
[info] Scaling deployment to 0 replicas to force full pod replacement
[ok] Verified Deployment template resources: requests={'cpu': '1500m', 'memory': '400Mi'} limits={'cpu': '4953m', 'memory': '424Mi'}
[info] Scaling deployment to 0 replicas to force full pod replacement
[ok] All pods terminated (replicas=0)
[info] Scaling deployment back to 17 replicas
[ok] All pods terminated (replicas=0)
[info] Scaling deployment back to 49 replicas
[ok] Deleted HPA newdeploy-ml-object-detection-default-beef-7bcaa92aa890
[ok] Rollout completed after scale-to-zero
[verify] newest RS=newdeploy-ml-image-processing-default-a616-8254b24ce685-5bfd745799 pods=17 ready=17
[ok] Verified newest ReplicaSet template resources match expected
[ok] Rollout completed after scale-to-zero
[verify] newest RS=newdeploy-ml-object-detection-default-beef-7bcaa92aa890-86bf9689c pods=49 ready=49
[ok] Verified newest ReplicaSet template resources match expected
[info] Started Locust with PID 1184665
[info] start sleep for 30s
[info] sleep done
\Start sampling in parallel...
Workflow e2e p99 latency (60 completed in 17.2s, parallel, 8 workers): 2.295s
Average stage latencies:
  - ml-image-processing: 0.237s
  - ml-object-detection: 0.180s
================================================================================
objective      : price
resource_config: [{'cpu_m': 367, 'memory_mi': 54}, {'cpu_m': 4953, 'memory_mi': 424}], latencies: {'ml-image-processing': 0.23708153686796626, 'ml-object-detection': 0.17973933768613884}, price_cost: 7851.141942, energy_cost: 416.776459, latency_p99 : 2.294527
wall_time_s    : 75.498
================================================================================

[info] Locust stopped
Updating function ml-image-processing to cpu: 423m, memory: 64Mi
Updating Deployment resource configuration...

Updating function ml-object-detection to cpu: 2786m, memory: 473Mi
Updating Deployment resource configuration...

[info] Original replicas=17, selector='environmentName=ml-image-processing,environmentNamespace=default,environmentUid=8dcaa936-04ed-49cf-8ddf-36cdc234cbfd,executorType=newdeploy,functionName=ml-image-processing,functionNamespace=default,functionUid=d8529cac-3c02-4647-a616-8254b24ce685'
[info] Original replicas=49, selector='environmentName=yolo,environmentNamespace=default,environmentUid=4b5fef2f-7951-477c-a9c0-ef0af047a425,executorType=newdeploy,functionName=ml-object-detection,functionNamespace=default,functionUid=dc6d8a52-8de2-4fbb-beef-7bcaa92aa890'
[ok] Patched Deployment resources
[ok] Patched Deployment resources
[ok] Verified Deployment template resources: requests={'cpu': '1500m', 'memory': '400Mi'} limits={'cpu': '2786m', 'memory': '473Mi'}
[info] Scaling deployment to 0 replicas to force full pod replacement
[ok] Verified Deployment template resources: requests={'cpu': '300m', 'memory': '50Mi'} limits={'cpu': '423m', 'memory': '64Mi'}
[info] Scaling deployment to 0 replicas to force full pod replacement
[ok] All pods terminated (replicas=0)
[info] Scaling deployment back to 17 replicas
[ok] All pods terminated (replicas=0)
[info] Scaling deployment back to 49 replicas
[ok] Rollout completed after scale-to-zero
[verify] newest RS=newdeploy-ml-image-processing-default-a616-8254b24ce685-6d558c7bdc pods=17 ready=17
[ok] Verified newest ReplicaSet template resources match expected
[ok] Rollout completed after scale-to-zero
[verify] newest RS=newdeploy-ml-object-detection-default-beef-7bcaa92aa890-767597b8b7 pods=49 ready=49
[ok] Verified newest ReplicaSet template resources match expected
[info] Started Locust with PID 1194903
[info] start sleep for 30s
[info] sleep done
\Start sampling in parallel...
Workflow e2e p99 latency (54 completed in 21.9s, parallel, 8 workers): 9.000s
Average stage latencies:
  - ml-image-processing: 0.174s
  - ml-object-detection: 0.376s
================================================================================
objective      : price
resource_config: [{'cpu_m': 423, 'memory_mi': 64}, {'cpu_m': 2786, 'memory_mi': 473}], latencies: {'ml-image-processing': 0.17446757033665447, 'ml-object-detection': 0.37550700888869926}, price_cost: 9194.748143, energy_cost: 377.057308, latency_p99 : 9.000000
wall_time_s    : 79.188
================================================================================

[info] Locust stopped
[info] Locust is not running
================================================================================

Batch  7: best_feasible_cost (random, qNEI) = (7767.245906759218, 7767.245906759218), best_constraint =  -0.618 (<=0 feasible), time = 235.24.
Best feasible resource configuration: [{'cpu_m': 352, 'memory_mi': 62}, {'cpu_m': 5071, 'memory_mi': 450}]

================================================================================
/home/cc/miniconda3/envs/faas/lib/python3.10/site-packages/botorch/acquisition/monte_carlo.py:502: NumericsWarning: qNoisyExpectedImprovement has known numerical issues that lead to suboptimal optimization performance. It is strongly recommended to simply replace

	 qNoisyExpectedImprovement 	 --> 	 qLogNoisyExpectedImprovement 

instead, which fixes the issues and has the same API. See https://arxiv.org/abs/2310.20708 for details.
  legacy_ei_numerics_warning(legacy_name=type(self).__name__)
Updating function ml-image-processing to cpu: 367m, memory: 58Mi
Updating Deployment resource configuration...

Updating function ml-object-detection to cpu: 5059m, memory: 400Mi
Updating Deployment resource configuration...

[info] Original replicas=17, selector='environmentName=ml-image-processing,environmentNamespace=default,environmentUid=8dcaa936-04ed-49cf-8ddf-36cdc234cbfd,executorType=newdeploy,functionName=ml-image-processing,functionNamespace=default,functionUid=d8529cac-3c02-4647-a616-8254b24ce685'
[info] Original replicas=49, selector='environmentName=yolo,environmentNamespace=default,environmentUid=4b5fef2f-7951-477c-a9c0-ef0af047a425,executorType=newdeploy,functionName=ml-object-detection,functionNamespace=default,functionUid=dc6d8a52-8de2-4fbb-beef-7bcaa92aa890'
[ok] Patched Deployment resources
[ok] Patched Deployment resources
[ok] Verified Deployment template resources: requests={'cpu': '1500m', 'memory': '400Mi'} limits={'cpu': '5059m', 'memory': '400Mi'}
[info] Scaling deployment to 0 replicas to force full pod replacement
[ok] Verified Deployment template resources: requests={'cpu': '300m', 'memory': '50Mi'} limits={'cpu': '367m', 'memory': '58Mi'}
[info] Scaling deployment to 0 replicas to force full pod replacement
[ok] All pods terminated (replicas=0)
[info] Scaling deployment back to 49 replicas
[ok] All pods terminated (replicas=0)
[info] Scaling deployment back to 17 replicas
[ok] Rollout completed after scale-to-zero
[verify] newest RS=newdeploy-ml-image-processing-default-a616-8254b24ce685-6bc57bf684 pods=17 ready=17
[ok] Verified newest ReplicaSet template resources match expected
[ok] Rollout completed after scale-to-zero
[verify] newest RS=newdeploy-ml-object-detection-default-beef-7bcaa92aa890-7b89b878f6 pods=49 ready=49
[ok] Verified newest ReplicaSet template resources match expected
[info] Started Locust with PID 1206489
[info] start sleep for 30s
[info] sleep done
\Start sampling in parallel...
Workflow e2e p99 latency (59 completed in 18.7s, parallel, 8 workers): 3.183s
Average stage latencies:
  - ml-image-processing: 0.224s
  - ml-object-detection: 0.175s
================================================================================
objective      : price
resource_config: [{'cpu_m': 367, 'memory_mi': 58}, {'cpu_m': 5059, 'memory_mi': 400}], latencies: {'ml-image-processing': 0.22426877750115373, 'ml-object-detection': 0.17504929980042122}, price_cost: 7793.998858, energy_cost: 414.828923, latency_p99 : 3.183198
wall_time_s    : 74.364
================================================================================

[info] Locust stopped
Updating function ml-image-processing to cpu: 359m, memory: 70Mi
Updating Deployment resource configuration...

Updating function ml-object-detection to cpu: 5128m, memory: 425Mi
Updating Deployment resource configuration...

[info] Original replicas=17, selector='environmentName=ml-image-processing,environmentNamespace=default,environmentUid=8dcaa936-04ed-49cf-8ddf-36cdc234cbfd,executorType=newdeploy,functionName=ml-image-processing,functionNamespace=default,functionUid=d8529cac-3c02-4647-a616-8254b24ce685'
[info] Original replicas=49, selector='environmentName=yolo,environmentNamespace=default,environmentUid=4b5fef2f-7951-477c-a9c0-ef0af047a425,executorType=newdeploy,functionName=ml-object-detection,functionNamespace=default,functionUid=dc6d8a52-8de2-4fbb-beef-7bcaa92aa890'
[ok] Patched Deployment resources
[ok] Patched Deployment resources
[ok] Verified Deployment template resources: requests={'cpu': '300m', 'memory': '50Mi'} limits={'cpu': '359m', 'memory': '70Mi'}
[info] Scaling deployment to 0 replicas to force full pod replacement
[ok] Verified Deployment template resources: requests={'cpu': '1500m', 'memory': '400Mi'} limits={'cpu': '5128m', 'memory': '425Mi'}
[info] Scaling deployment to 0 replicas to force full pod replacement
[ok] All pods terminated (replicas=0)
[info] Scaling deployment back to 49 replicas
[ok] All pods terminated (replicas=0)
[info] Scaling deployment back to 17 replicas
[ok] Rollout completed after scale-to-zero
[verify] newest RS=newdeploy-ml-image-processing-default-a616-8254b24ce685-5cb99478cc pods=17 ready=17
[ok] Verified newest ReplicaSet template resources match expected
[ok] Rollout completed after scale-to-zero
[verify] newest RS=newdeploy-ml-object-detection-default-beef-7bcaa92aa890-6bfd7d4949 pods=49 ready=49
[ok] Verified newest ReplicaSet template resources match expected
[info] Started Locust with PID 1217005
[info] start sleep for 30s
[info] sleep done
\Start sampling in parallel...
Workflow e2e p99 latency (61 completed in 18.1s, parallel, 8 workers): 2.976s
Average stage latencies:
  - ml-image-processing: 0.248s
  - ml-object-detection: 0.177s
================================================================================
objective      : price
resource_config: [{'cpu_m': 359, 'memory_mi': 70}, {'cpu_m': 5128, 'memory_mi': 425}], latencies: {'ml-image-processing': 0.24782025440000607, 'ml-object-detection': 0.17718153026290848}, price_cost: 8012.756327, energy_cost: 411.389655, latency_p99 : 2.976160
wall_time_s    : 76.270
================================================================================

[info] Locust stopped
Updating function ml-image-processing to cpu: 647m, memory: 57Mi
Updating Deployment resource configuration...

Updating function ml-object-detection to cpu: 2971m, memory: 420Mi
Updating Deployment resource configuration...

[info] Original replicas=17, selector='environmentName=ml-image-processing,environmentNamespace=default,environmentUid=8dcaa936-04ed-49cf-8ddf-36cdc234cbfd,executorType=newdeploy,functionName=ml-image-processing,functionNamespace=default,functionUid=d8529cac-3c02-4647-a616-8254b24ce685'
[info] Original replicas=49, selector='environmentName=yolo,environmentNamespace=default,environmentUid=4b5fef2f-7951-477c-a9c0-ef0af047a425,executorType=newdeploy,functionName=ml-object-detection,functionNamespace=default,functionUid=dc6d8a52-8de2-4fbb-beef-7bcaa92aa890'
[ok] Patched Deployment resources
[ok] Patched Deployment resources
[ok] Verified Deployment template resources: requests={'cpu': '1500m', 'memory': '400Mi'} limits={'cpu': '2971m', 'memory': '420Mi'}
[info] Scaling deployment to 0 replicas to force full pod replacement
[ok] Verified Deployment template resources: requests={'cpu': '300m', 'memory': '50Mi'} limits={'cpu': '647m', 'memory': '57Mi'}
[info] Scaling deployment to 0 replicas to force full pod replacement
[ok] All pods terminated (replicas=0)
[info] Scaling deployment back to 49 replicas
[ok] All pods terminated (replicas=0)
[info] Scaling deployment back to 17 replicas
[ok] Rollout completed after scale-to-zero
[verify] newest RS=newdeploy-ml-image-processing-default-a616-8254b24ce685-795d9f69d7 pods=17 ready=17
[ok] Verified newest ReplicaSet template resources match expected
[ok] Rollout completed after scale-to-zero
[verify] newest RS=newdeploy-ml-object-detection-default-beef-7bcaa92aa890-84d5979d75 pods=49 ready=49
[ok] Verified newest ReplicaSet template resources match expected
[info] Started Locust with PID 1227347
[info] start sleep for 30s
[info] sleep done
\Start sampling in parallel...
Workflow e2e p99 latency (51 completed in 21.9s, parallel, 8 workers): 9.000s
Average stage latencies:
  - ml-image-processing: 0.122s
  - ml-object-detection: 0.353s
================================================================================
objective      : price
resource_config: [{'cpu_m': 647, 'memory_mi': 57}, {'cpu_m': 2971, 'memory_mi': 420}], latencies: {'ml-image-processing': 0.12157170300177017, 'ml-object-detection': 0.35273032887773803}, price_cost: 9205.639173, energy_cost: 385.922073, latency_p99 : 9.000000
wall_time_s    : 77.606
================================================================================

[info] Locust stopped
[info] Locust is not running
================================================================================

Batch  8: best_feasible_cost (random, qNEI) = (7767.245906759218, 7767.245906759218), best_constraint =  -0.618 (<=0 feasible), time = 238.13.
Best feasible resource configuration: [{'cpu_m': 352, 'memory_mi': 62}, {'cpu_m': 5071, 'memory_mi': 450}]

================================================================================
/home/cc/miniconda3/envs/faas/lib/python3.10/site-packages/botorch/acquisition/monte_carlo.py:502: NumericsWarning: qNoisyExpectedImprovement has known numerical issues that lead to suboptimal optimization performance. It is strongly recommended to simply replace

	 qNoisyExpectedImprovement 	 --> 	 qLogNoisyExpectedImprovement 

instead, which fixes the issues and has the same API. See https://arxiv.org/abs/2310.20708 for details.
  legacy_ei_numerics_warning(legacy_name=type(self).__name__)
Updating function ml-image-processing to cpu: 560m, memory: 50Mi
Updating Deployment resource configuration...

Updating function ml-object-detection to cpu: 5481m, memory: 498Mi
Updating Deployment resource configuration...

[info] Original replicas=17, selector='environmentName=ml-image-processing,environmentNamespace=default,environmentUid=8dcaa936-04ed-49cf-8ddf-36cdc234cbfd,executorType=newdeploy,functionName=ml-image-processing,functionNamespace=default,functionUid=d8529cac-3c02-4647-a616-8254b24ce685'
[info] Original replicas=49, selector='environmentName=yolo,environmentNamespace=default,environmentUid=4b5fef2f-7951-477c-a9c0-ef0af047a425,executorType=newdeploy,functionName=ml-object-detection,functionNamespace=default,functionUid=dc6d8a52-8de2-4fbb-beef-7bcaa92aa890'
[ok] Patched Deployment resources
[ok] Patched Deployment resources
[ok] Verified Deployment template resources: requests={'cpu': '300m', 'memory': '50Mi'} limits={'cpu': '560m', 'memory': '50Mi'}
[info] Scaling deployment to 0 replicas to force full pod replacement
[ok] Verified Deployment template resources: requests={'cpu': '1500m', 'memory': '400Mi'} limits={'cpu': '5481m', 'memory': '498Mi'}
[info] Scaling deployment to 0 replicas to force full pod replacement
[ok] All pods terminated (replicas=0)
[info] Scaling deployment back to 49 replicas
[ok] All pods terminated (replicas=0)
[info] Scaling deployment back to 17 replicas
[ok] Rollout completed after scale-to-zero
[verify] newest RS=newdeploy-ml-image-processing-default-a616-8254b24ce685-65d696dc5f pods=17 ready=17
[ok] Verified newest ReplicaSet template resources match expected
[ok] Rollout completed after scale-to-zero
[verify] newest RS=newdeploy-ml-object-detection-default-beef-7bcaa92aa890-5f5f5fdf9c pods=49 ready=49
[ok] Verified newest ReplicaSet template resources match expected
[info] Started Locust with PID 1238566
[info] start sleep for 30s
[info] sleep done
\Start sampling in parallel...
Workflow e2e p99 latency (71 completed in 16.3s, parallel, 8 workers): 2.059s
Average stage latencies:
  - ml-image-processing: 0.153s
  - ml-object-detection: 0.170s
================================================================================
objective      : price
resource_config: [{'cpu_m': 560, 'memory_mi': 50}, {'cpu_m': 5481, 'memory_mi': 498}], latencies: {'ml-image-processing': 0.15270412570967432, 'ml-object-detection': 0.17019816611329436}, price_cost: 8211.999740, energy_cost: 454.812239, latency_p99 : 2.059286
wall_time_s    : 73.567
================================================================================

[info] Locust stopped
Updating function ml-image-processing to cpu: 569m, memory: 50Mi
Updating Deployment resource configuration...

Updating function ml-object-detection to cpu: 5879m, memory: 401Mi
Updating Deployment resource configuration...

[info] Original replicas=49, selector='environmentName=yolo,environmentNamespace=default,environmentUid=4b5fef2f-7951-477c-a9c0-ef0af047a425,executorType=newdeploy,functionName=ml-object-detection,functionNamespace=default,functionUid=dc6d8a52-8de2-4fbb-beef-7bcaa92aa890'
[info] Original replicas=17, selector='environmentName=ml-image-processing,environmentNamespace=default,environmentUid=8dcaa936-04ed-49cf-8ddf-36cdc234cbfd,executorType=newdeploy,functionName=ml-image-processing,functionNamespace=default,functionUid=d8529cac-3c02-4647-a616-8254b24ce685'
[ok] Patched Deployment resources
[ok] Patched Deployment resources
[ok] Verified Deployment template resources: requests={'cpu': '1500m', 'memory': '400Mi'} limits={'cpu': '5879m', 'memory': '401Mi'}
[info] Scaling deployment to 0 replicas to force full pod replacement
[ok] Verified Deployment template resources: requests={'cpu': '300m', 'memory': '50Mi'} limits={'cpu': '569m', 'memory': '50Mi'}
[info] Scaling deployment to 0 replicas to force full pod replacement
[ok] All pods terminated (replicas=0)
[info] Scaling deployment back to 49 replicas
[ok] All pods terminated (replicas=0)
[info] Scaling deployment back to 17 replicas
[ok] Rollout completed after scale-to-zero
[verify] newest RS=newdeploy-ml-image-processing-default-a616-8254b24ce685-c7b65d96f pods=17 ready=17
[ok] Verified newest ReplicaSet template resources match expected
[ok] Rollout completed after scale-to-zero
[verify] newest RS=newdeploy-ml-object-detection-default-beef-7bcaa92aa890-c5dbf8f7f pods=49 ready=49
[ok] Verified newest ReplicaSet template resources match expected
[info] Started Locust with PID 1248852
[info] start sleep for 30s
[info] sleep done
\Start sampling in parallel...
Workflow e2e p99 latency (72 completed in 16.7s, parallel, 8 workers): 1.368s
Average stage latencies:
  - ml-image-processing: 0.146s
  - ml-object-detection: 0.165s
================================================================================
objective      : price
resource_config: [{'cpu_m': 569, 'memory_mi': 50}, {'cpu_m': 5879, 'memory_mi': 401}], latencies: {'ml-image-processing': 0.14646225271280855, 'ml-object-detection': 0.16478878775119987}, price_cost: 8498.912705, energy_cost: 453.712526, latency_p99 : 1.368198
wall_time_s    : 74.759
================================================================================

[info] Locust stopped
Updating function ml-image-processing to cpu: 647m, memory: 70Mi
Updating Deployment resource configuration...

Updating function ml-object-detection to cpu: 5514m, memory: 400Mi
Updating Deployment resource configuration...

[info] Original replicas=17, selector='environmentName=ml-image-processing,environmentNamespace=default,environmentUid=8dcaa936-04ed-49cf-8ddf-36cdc234cbfd,executorType=newdeploy,functionName=ml-image-processing,functionNamespace=default,functionUid=d8529cac-3c02-4647-a616-8254b24ce685'
[info] Original replicas=49, selector='environmentName=yolo,environmentNamespace=default,environmentUid=4b5fef2f-7951-477c-a9c0-ef0af047a425,executorType=newdeploy,functionName=ml-object-detection,functionNamespace=default,functionUid=dc6d8a52-8de2-4fbb-beef-7bcaa92aa890'
[ok] Patched Deployment resources
[ok] Patched Deployment resources
[ok] Verified Deployment template resources: requests={'cpu': '1500m', 'memory': '400Mi'} limits={'cpu': '5514m', 'memory': '400Mi'}
[info] Scaling deployment to 0 replicas to force full pod replacement
[ok] Verified Deployment template resources: requests={'cpu': '300m', 'memory': '50Mi'} limits={'cpu': '647m', 'memory': '70Mi'}
[info] Scaling deployment to 0 replicas to force full pod replacement
[ok] All pods terminated (replicas=0)
[info] Scaling deployment back to 49 replicas
[ok] All pods terminated (replicas=0)
[info] Scaling deployment back to 17 replicas
[ok] Rollout completed after scale-to-zero
[verify] newest RS=newdeploy-ml-image-processing-default-a616-8254b24ce685-b5455d48f pods=17 ready=17
[ok] Verified newest ReplicaSet template resources match expected
[ok] Rollout completed after scale-to-zero
[verify] newest RS=newdeploy-ml-object-detection-default-beef-7bcaa92aa890-8646bfcd56 pods=49 ready=49
[ok] Verified newest ReplicaSet template resources match expected
[info] Started Locust with PID 1259532
[info] start sleep for 30s
[info] sleep done
\Start sampling in parallel...
Workflow e2e p99 latency (73 completed in 16.9s, parallel, 8 workers): 1.204s
Average stage latencies:
  - ml-image-processing: 0.130s
  - ml-object-detection: 0.183s
================================================================================
objective      : price
resource_config: [{'cpu_m': 647, 'memory_mi': 70}, {'cpu_m': 5514, 'memory_mi': 400}], latencies: {'ml-image-processing': 0.1300591706515175, 'ml-object-detection': 0.18256745356045764}, price_cost: 8826.997551, energy_cost: 463.615432, latency_p99 : 1.204450
wall_time_s    : 74.079
================================================================================

[info] Locust stopped
[info] Locust is not running
================================================================================

Batch  9: best_feasible_cost (random, qNEI) = (7767.245906759218, 7767.245906759218), best_constraint =  -0.618 (<=0 feasible), time = 230.67.
Best feasible resource configuration: [{'cpu_m': 352, 'memory_mi': 62}, {'cpu_m': 5071, 'memory_mi': 450}]

================================================================================
/home/cc/miniconda3/envs/faas/lib/python3.10/site-packages/botorch/acquisition/monte_carlo.py:502: NumericsWarning: qNoisyExpectedImprovement has known numerical issues that lead to suboptimal optimization performance. It is strongly recommended to simply replace

	 qNoisyExpectedImprovement 	 --> 	 qLogNoisyExpectedImprovement 

instead, which fixes the issues and has the same API. See https://arxiv.org/abs/2310.20708 for details.
  legacy_ei_numerics_warning(legacy_name=type(self).__name__)
Updating function ml-image-processing to cpu: 618m, memory: 50Mi
Updating Deployment resource configuration...

Updating function ml-object-detection to cpu: 6000m, memory: 512Mi
Updating Deployment resource configuration...

[info] Original replicas=17, selector='environmentName=ml-image-processing,environmentNamespace=default,environmentUid=8dcaa936-04ed-49cf-8ddf-36cdc234cbfd,executorType=newdeploy,functionName=ml-image-processing,functionNamespace=default,functionUid=d8529cac-3c02-4647-a616-8254b24ce685'
[info] Original replicas=49, selector='environmentName=yolo,environmentNamespace=default,environmentUid=4b5fef2f-7951-477c-a9c0-ef0af047a425,executorType=newdeploy,functionName=ml-object-detection,functionNamespace=default,functionUid=dc6d8a52-8de2-4fbb-beef-7bcaa92aa890'
[ok] Patched Deployment resources
[ok] Patched Deployment resources
[ok] Verified Deployment template resources: requests={'cpu': '1500m', 'memory': '400Mi'} limits={'cpu': '6', 'memory': '512Mi'}
[info] Scaling deployment to 0 replicas to force full pod replacement
[ok] Verified Deployment template resources: requests={'cpu': '300m', 'memory': '50Mi'} limits={'cpu': '618m', 'memory': '50Mi'}
[info] Scaling deployment to 0 replicas to force full pod replacement
[ok] All pods terminated (replicas=0)
[info] Scaling deployment back to 49 replicas
[ok] All pods terminated (replicas=0)
[info] Scaling deployment back to 17 replicas
[ok] Rollout completed after scale-to-zero
[verify] newest RS=newdeploy-ml-image-processing-default-a616-8254b24ce685-5df85cddd7 pods=17 ready=17
[ok] Verified newest ReplicaSet template resources match expected
[ok] Rollout completed after scale-to-zero
[verify] newest RS=newdeploy-ml-object-detection-default-beef-7bcaa92aa890-5bc4fb78cc pods=49 ready=49
[ok] Verified newest ReplicaSet template resources match expected
[info] Started Locust with PID 1277104
[info] start sleep for 30s
[info] sleep done
\Start sampling in parallel...
Workflow e2e p99 latency (72 completed in 16.4s, parallel, 8 workers): 1.501s
Average stage latencies:
  - ml-image-processing: 0.133s
  - ml-object-detection: 0.168s
================================================================================
objective      : price
resource_config: [{'cpu_m': 618, 'memory_mi': 50}, {'cpu_m': 6000, 'memory_mi': 512}], latencies: {'ml-image-processing': 0.13305516441404405, 'ml-object-detection': 0.16840643155673105}, price_cost: 8860.679092, energy_cost: 463.437580, latency_p99 : 1.501329
wall_time_s    : 73.454
================================================================================

[info] Locust stopped
Updating function ml-image-processing to cpu: 345m, memory: 59Mi
Updating Deployment resource configuration...

Updating function ml-object-detection to cpu: 5055m, memory: 414Mi
Updating Deployment resource configuration...

[info] Original replicas=17, selector='environmentName=ml-image-processing,environmentNamespace=default,environmentUid=8dcaa936-04ed-49cf-8ddf-36cdc234cbfd,executorType=newdeploy,functionName=ml-image-processing,functionNamespace=default,functionUid=d8529cac-3c02-4647-a616-8254b24ce685'
[info] Original replicas=49, selector='environmentName=yolo,environmentNamespace=default,environmentUid=4b5fef2f-7951-477c-a9c0-ef0af047a425,executorType=newdeploy,functionName=ml-object-detection,functionNamespace=default,functionUid=dc6d8a52-8de2-4fbb-beef-7bcaa92aa890'
[ok] Patched Deployment resources
[ok] Patched Deployment resources
[ok] Verified Deployment template resources: requests={'cpu': '300m', 'memory': '50Mi'} limits={'cpu': '345m', 'memory': '59Mi'}
[info] Scaling deployment to 0 replicas to force full pod replacement
[ok] Verified Deployment template resources: requests={'cpu': '1500m', 'memory': '400Mi'} limits={'cpu': '5055m', 'memory': '414Mi'}
[info] Scaling deployment to 0 replicas to force full pod replacement
[ok] All pods terminated (replicas=0)
[info] Scaling deployment back to 17 replicas
[ok] All pods terminated (replicas=0)
[info] Scaling deployment back to 49 replicas
[ok] Rollout completed after scale-to-zero
[verify] newest RS=newdeploy-ml-image-processing-default-a616-8254b24ce685-7b9b5b6fcd pods=17 ready=17
[ok] Verified newest ReplicaSet template resources match expected
[ok] Rollout completed after scale-to-zero
[verify] newest RS=newdeploy-ml-object-detection-default-beef-7bcaa92aa890-555f4cd6f9 pods=49 ready=49
[ok] Verified newest ReplicaSet template resources match expected
[info] Started Locust with PID 1287954
[info] start sleep for 30s
[info] sleep done
\Start sampling in parallel...
Workflow e2e p99 latency (57 completed in 16.9s, parallel, 8 workers): 3.790s
Average stage latencies:
  - ml-image-processing: 0.267s
  - ml-object-detection: 0.167s
================================================================================
objective      : price
resource_config: [{'cpu_m': 345, 'memory_mi': 59}, {'cpu_m': 5055, 'memory_mi': 414}], latencies: {'ml-image-processing': 0.2668040405893535, 'ml-object-detection': 0.16663102821136513}, price_cost: 7455.925676, energy_cost: 405.713913, latency_p99 : 3.790390
wall_time_s    : 77.660
================================================================================

[info] Locust stopped
Updating function ml-image-processing to cpu: 330m, memory: 50Mi
Updating Deployment resource configuration...

Updating function ml-object-detection to cpu: 5839m, memory: 400Mi
Updating Deployment resource configuration...

[info] Original replicas=17, selector='environmentName=ml-image-processing,environmentNamespace=default,environmentUid=8dcaa936-04ed-49cf-8ddf-36cdc234cbfd,executorType=newdeploy,functionName=ml-image-processing,functionNamespace=default,functionUid=d8529cac-3c02-4647-a616-8254b24ce685'
[info] Original replicas=49, selector='environmentName=yolo,environmentNamespace=default,environmentUid=4b5fef2f-7951-477c-a9c0-ef0af047a425,executorType=newdeploy,functionName=ml-object-detection,functionNamespace=default,functionUid=dc6d8a52-8de2-4fbb-beef-7bcaa92aa890'
[ok] Patched Deployment resources
[ok] Patched Deployment resources
[ok] Verified Deployment template resources: requests={'cpu': '1500m', 'memory': '400Mi'} limits={'cpu': '5839m', 'memory': '400Mi'}
[info] Scaling deployment to 0 replicas to force full pod replacement
[ok] Verified Deployment template resources: requests={'cpu': '300m', 'memory': '50Mi'} limits={'cpu': '330m', 'memory': '50Mi'}
[info] Scaling deployment to 0 replicas to force full pod replacement
[ok] All pods terminated (replicas=0)
[info] Scaling deployment back to 17 replicas
[ok] All pods terminated (replicas=0)
[info] Scaling deployment back to 49 replicas
[ok] Rollout completed after scale-to-zero
[verify] newest RS=newdeploy-ml-image-processing-default-a616-8254b24ce685-87dc68c7c pods=17 ready=17
[ok] Verified newest ReplicaSet template resources match expected
[ok] Rollout completed after scale-to-zero
[verify] newest RS=newdeploy-ml-object-detection-default-beef-7bcaa92aa890-554df7f848 pods=49 ready=49
[ok] Verified newest ReplicaSet template resources match expected
[info] Started Locust with PID 1298406
[info] start sleep for 30s
[info] sleep done
\Start sampling in parallel...
Workflow e2e p99 latency (57 completed in 18.7s, parallel, 8 workers): 2.904s
Average stage latencies:
  - ml-image-processing: 0.280s
  - ml-object-detection: 0.144s
================================================================================
objective      : price
resource_config: [{'cpu_m': 330, 'memory_mi': 50}, {'cpu_m': 5839, 'memory_mi': 400}], latencies: {'ml-image-processing': 0.27989917961684496, 'ml-object-detection': 0.14386187939038664}, price_cost: 7430.019767, energy_cost: 397.571819, latency_p99 : 2.904250
wall_time_s    : 76.668
================================================================================

[info] Locust stopped
[info] Locust is not running
================================================================================

Batch 10: best_feasible_cost (random, qNEI) = (7767.245906759218, 7430.019766747348), best_constraint =  -0.096 (<=0 feasible), time = 237.07.
Best feasible resource configuration: [{'cpu_m': 330, 'memory_mi': 50}, {'cpu_m': 5839, 'memory_mi': 400}]

================================================================================
BO loop time: 3106.96 seconds
Best cost: 7430.019766747348
Best resource configuration: [{'cpu_m': 330, 'memory_mi': 50}, {'cpu_m': 5839, 'memory_mi': 400}]

========================================
Energy
drwxrwxr-x 2 cc cc   4096 Jan  5 03:58 __pycache__
-rw-rw-r-- 1 cc cc  20188 Jan  5 03:58 bayesian_optimization.py
-rw-rw-r-- 1 cc cc  12890 Jan  5 03:53 bo_utils.py
-rw-rw-r-- 1 cc cc  12286 Jan  5 01:06 check_result.py
-rw-rw-r-- 1 cc cc   1314 Jan  5 03:43 config.py
-rw-rw-r-- 1 cc cc   3620 Jan  5 03:44 manager.py
-rw-rw-r-- 1 cc cc   9045 Dec 16 05:41 original-bayesian_optimization.py
-rw-rw-r-- 1 cc cc   2423 Jan  3 19:23 pods_mapping.py
-rw-rw-r-- 1 cc cc   1486 Jan  5 02:36 temp.py

IS_ENERGY: True
No checkpoint found, starting fresh BO run.
Updating function ml-image-processing to cpu: 580m, memory: 57Mi
Updating Deployment resource configuration...

Updating function ml-object-detection to cpu: 3294m, memory: 472Mi
Updating Deployment resource configuration...

[info] Original replicas=17, selector='environmentName=ml-image-processing,environmentNamespace=default,environmentUid=8dcaa936-04ed-49cf-8ddf-36cdc234cbfd,executorType=newdeploy,functionName=ml-image-processing,functionNamespace=default,functionUid=d8529cac-3c02-4647-a616-8254b24ce685'
[info] Original replicas=49, selector='environmentName=yolo,environmentNamespace=default,environmentUid=4b5fef2f-7951-477c-a9c0-ef0af047a425,executorType=newdeploy,functionName=ml-object-detection,functionNamespace=default,functionUid=dc6d8a52-8de2-4fbb-beef-7bcaa92aa890'
[ok] Patched Deployment resources
[ok] Patched Deployment resources
[ok] Verified Deployment template resources: requests={'cpu': '300m', 'memory': '50Mi'} limits={'cpu': '580m', 'memory': '57Mi'}
[info] Scaling deployment to 0 replicas to force full pod replacement
[ok] Verified Deployment template resources: requests={'cpu': '1500m', 'memory': '400Mi'} limits={'cpu': '3294m', 'memory': '472Mi'}
[info] Scaling deployment to 0 replicas to force full pod replacement
[ok] All pods terminated (replicas=0)
[info] Scaling deployment back to 17 replicas
[ok] All pods terminated (replicas=0)
[info] Scaling deployment back to 49 replicas
[ok] Rollout completed after scale-to-zero
[verify] newest RS=newdeploy-ml-image-processing-default-a616-8254b24ce685-68bcf8c7d7 pods=17 ready=17
[ok] Verified newest ReplicaSet template resources match expected
[ok] Rollout completed after scale-to-zero
[verify] newest RS=newdeploy-ml-object-detection-default-beef-7bcaa92aa890-f9f85cdd5 pods=49 ready=49
[ok] Verified newest ReplicaSet template resources match expected
[info] Started Locust with PID 1309548
[info] start sleep for 30s
[info] sleep done
\Start sampling in parallel...
Workflow e2e p99 latency (60 completed in 16.6s, parallel, 8 workers): 9.000s
Average stage latencies:
  - ml-image-processing: 0.134s
  - ml-object-detection: 0.324s
================================================================================
objective      : energy
resource_config: [{'cpu_m': 580, 'memory_mi': 57}, {'cpu_m': 3294, 'memory_mi': 472}], latencies: {'ml-image-processing': 0.1339503671925772, 'ml-object-detection': 0.3240842915878728}, price_cost: 9371.762862, energy_cost: 401.644340, latency_p99 : 9.000000
wall_time_s    : 75.214
================================================================================

[info] Locust stopped
Updating function ml-image-processing to cpu: 642m, memory: 51Mi
Updating Deployment resource configuration...

Updating function ml-object-detection to cpu: 4596m, memory: 490Mi
Updating Deployment resource configuration...

[info] Original replicas=49, selector='environmentName=yolo,environmentNamespace=default,environmentUid=4b5fef2f-7951-477c-a9c0-ef0af047a425,executorType=newdeploy,functionName=ml-object-detection,functionNamespace=default,functionUid=dc6d8a52-8de2-4fbb-beef-7bcaa92aa890'
[info] Original replicas=17, selector='environmentName=ml-image-processing,environmentNamespace=default,environmentUid=8dcaa936-04ed-49cf-8ddf-36cdc234cbfd,executorType=newdeploy,functionName=ml-image-processing,functionNamespace=default,functionUid=d8529cac-3c02-4647-a616-8254b24ce685'
[ok] Patched Deployment resources
[ok] Patched Deployment resources
[ok] Verified Deployment template resources: requests={'cpu': '1500m', 'memory': '400Mi'} limits={'cpu': '4596m', 'memory': '490Mi'}
[info] Scaling deployment to 0 replicas to force full pod replacement
[ok] Verified Deployment template resources: requests={'cpu': '300m', 'memory': '50Mi'} limits={'cpu': '642m', 'memory': '51Mi'}
[info] Scaling deployment to 0 replicas to force full pod replacement
[ok] All pods terminated (replicas=0)
[info] Scaling deployment back to 17 replicas
[ok] All pods terminated (replicas=0)
[info] Scaling deployment back to 49 replicas
[ok] Rollout completed after scale-to-zero
[verify] newest RS=newdeploy-ml-image-processing-default-a616-8254b24ce685-7cdfc9458c pods=17 ready=17
[ok] Verified newest ReplicaSet template resources match expected
[ok] Rollout completed after scale-to-zero
[verify] newest RS=newdeploy-ml-object-detection-default-beef-7bcaa92aa890-9df9b7cff pods=49 ready=49
[ok] Verified newest ReplicaSet template resources match expected
[info] Started Locust with PID 1319598
[info] start sleep for 30s
[info] sleep done
\Start sampling in parallel...
Workflow e2e p99 latency (69 completed in 16.8s, parallel, 8 workers): 2.197s
Average stage latencies:
  - ml-image-processing: 0.136s
  - ml-object-detection: 0.222s
================================================================================
objective      : energy
resource_config: [{'cpu_m': 642, 'memory_mi': 51}, {'cpu_m': 4596, 'memory_mi': 490}], latencies: {'ml-image-processing': 0.13638930103026223, 'ml-object-detection': 0.22240679104394023}, price_cost: 8989.689472, energy_cost: 459.973761, latency_p99 : 2.197455
wall_time_s    : 73.040
================================================================================

[info] Locust stopped
Updating function ml-image-processing to cpu: 678m, memory: 69Mi
Updating Deployment resource configuration...

Updating function ml-object-detection to cpu: 1547m, memory: 481Mi
Updating Deployment resource configuration...

[info] Original replicas=17, selector='environmentName=ml-image-processing,environmentNamespace=default,environmentUid=8dcaa936-04ed-49cf-8ddf-36cdc234cbfd,executorType=newdeploy,functionName=ml-image-processing,functionNamespace=default,functionUid=d8529cac-3c02-4647-a616-8254b24ce685'
[info] Original replicas=49, selector='environmentName=yolo,environmentNamespace=default,environmentUid=4b5fef2f-7951-477c-a9c0-ef0af047a425,executorType=newdeploy,functionName=ml-object-detection,functionNamespace=default,functionUid=dc6d8a52-8de2-4fbb-beef-7bcaa92aa890'
[ok] Patched Deployment resources
[ok] Patched Deployment resources
[ok] Verified Deployment template resources: requests={'cpu': '1500m', 'memory': '400Mi'} limits={'cpu': '1547m', 'memory': '481Mi'}
[info] Scaling deployment to 0 replicas to force full pod replacement
[ok] Verified Deployment template resources: requests={'cpu': '300m', 'memory': '50Mi'} limits={'cpu': '678m', 'memory': '69Mi'}
[info] Scaling deployment to 0 replicas to force full pod replacement
[ok] All pods terminated (replicas=0)
[info] Scaling deployment back to 49 replicas
[ok] All pods terminated (replicas=0)
[info] Scaling deployment back to 17 replicas
[ok] Rollout completed after scale-to-zero
[verify] newest RS=newdeploy-ml-image-processing-default-a616-8254b24ce685-7d9646765f pods=17 ready=17
[ok] Verified newest ReplicaSet template resources match expected
[ok] Rollout completed after scale-to-zero
[verify] newest RS=newdeploy-ml-object-detection-default-beef-7bcaa92aa890-dfd4bddf4 pods=49 ready=49
[ok] Verified newest ReplicaSet template resources match expected
[info] Started Locust with PID 1329837
[info] start sleep for 30s
[info] sleep done
\Start sampling in parallel...
Workflow e2e p99 latency (33 completed in 21.2s, parallel, 8 workers): 9.000s
Average stage latencies:
  - ml-image-processing: 0.090s
  - ml-object-detection: 0.819s
================================================================================
objective      : energy
resource_config: [{'cpu_m': 678, 'memory_mi': 69}, {'cpu_m': 1547, 'memory_mi': 481}], latencies: {'ml-image-processing': 0.08976456498549808, 'ml-object-detection': 0.8193001931178427}, price_cost: 11162.035907, energy_cost: 304.098408, latency_p99 : 9.000000
wall_time_s    : 75.911
================================================================================

[info] Locust stopped
Updating function ml-image-processing to cpu: 357m, memory: 64Mi
Updating Deployment resource configuration...

Updating function ml-object-detection to cpu: 3978m, memory: 482Mi
Updating Deployment resource configuration...

[info] Original replicas=49, selector='environmentName=yolo,environmentNamespace=default,environmentUid=4b5fef2f-7951-477c-a9c0-ef0af047a425,executorType=newdeploy,functionName=ml-object-detection,functionNamespace=default,functionUid=dc6d8a52-8de2-4fbb-beef-7bcaa92aa890'
[info] Original replicas=17, selector='environmentName=ml-image-processing,environmentNamespace=default,environmentUid=8dcaa936-04ed-49cf-8ddf-36cdc234cbfd,executorType=newdeploy,functionName=ml-image-processing,functionNamespace=default,functionUid=d8529cac-3c02-4647-a616-8254b24ce685'
[ok] Patched Deployment resources
[ok] Patched Deployment resources
[ok] Verified Deployment template resources: requests={'cpu': '1500m', 'memory': '400Mi'} limits={'cpu': '3978m', 'memory': '482Mi'}
[info] Scaling deployment to 0 replicas to force full pod replacement
[ok] Verified Deployment template resources: requests={'cpu': '300m', 'memory': '50Mi'} limits={'cpu': '357m', 'memory': '64Mi'}
[info] Scaling deployment to 0 replicas to force full pod replacement
[ok] All pods terminated (replicas=0)
[info] Scaling deployment back to 49 replicas
[ok] All pods terminated (replicas=0)
[info] Scaling deployment back to 17 replicas
[ok] Deleted HPA newdeploy-ml-object-detection-default-beef-7bcaa92aa890
[ok] Rollout completed after scale-to-zero
[verify] newest RS=newdeploy-ml-image-processing-default-a616-8254b24ce685-86df664d59 pods=17 ready=17
[ok] Verified newest ReplicaSet template resources match expected
[ok] Rollout completed after scale-to-zero
[verify] newest RS=newdeploy-ml-object-detection-default-beef-7bcaa92aa890-b5d7456fb pods=49 ready=49
[ok] Verified newest ReplicaSet template resources match expected
[info] Started Locust with PID 1340576
[info] start sleep for 30s
[info] sleep done
\Start sampling in parallel...
Workflow e2e p99 latency (60 completed in 17.4s, parallel, 8 workers): 2.897s
Average stage latencies:
  - ml-image-processing: 0.250s
  - ml-object-detection: 0.222s
================================================================================
objective      : energy
resource_config: [{'cpu_m': 357, 'memory_mi': 64}, {'cpu_m': 3978, 'memory_mi': 482}], latencies: {'ml-image-processing': 0.25023652348512165, 'ml-object-detection': 0.2224086633650586}, price_cost: 7830.646454, energy_cost: 409.143530, latency_p99 : 2.897260
wall_time_s    : 74.797
================================================================================

[info] Locust stopped
Updating function ml-image-processing to cpu: 393m, memory: 60Mi
Updating Deployment resource configuration...

Updating function ml-object-detection to cpu: 2957m, memory: 418Mi
Updating Deployment resource configuration...

[info] Original replicas=17, selector='environmentName=ml-image-processing,environmentNamespace=default,environmentUid=8dcaa936-04ed-49cf-8ddf-36cdc234cbfd,executorType=newdeploy,functionName=ml-image-processing,functionNamespace=default,functionUid=d8529cac-3c02-4647-a616-8254b24ce685'
[info] Original replicas=49, selector='environmentName=yolo,environmentNamespace=default,environmentUid=4b5fef2f-7951-477c-a9c0-ef0af047a425,executorType=newdeploy,functionName=ml-object-detection,functionNamespace=default,functionUid=dc6d8a52-8de2-4fbb-beef-7bcaa92aa890'
[ok] Patched Deployment resources
[ok] Patched Deployment resources
[ok] Verified Deployment template resources: requests={'cpu': '300m', 'memory': '50Mi'} limits={'cpu': '393m', 'memory': '60Mi'}
[info] Scaling deployment to 0 replicas to force full pod replacement
[ok] Verified Deployment template resources: requests={'cpu': '1500m', 'memory': '400Mi'} limits={'cpu': '2957m', 'memory': '418Mi'}
[info] Scaling deployment to 0 replicas to force full pod replacement
[ok] All pods terminated (replicas=0)
[info] Scaling deployment back to 17 replicas
[ok] All pods terminated (replicas=0)
[info] Scaling deployment back to 49 replicas
[ok] Rollout completed after scale-to-zero
[verify] newest RS=newdeploy-ml-image-processing-default-a616-8254b24ce685-c978bd598 pods=17 ready=17
[ok] Verified newest ReplicaSet template resources match expected
[ok] Rollout completed after scale-to-zero
[verify] newest RS=newdeploy-ml-object-detection-default-beef-7bcaa92aa890-647554978c pods=49 ready=49
[ok] Verified newest ReplicaSet template resources match expected
[info] Started Locust with PID 1351041
[info] start sleep for 30s
[info] sleep done
\Start sampling in parallel...
Workflow e2e p99 latency (50 completed in 20.4s, parallel, 8 workers): 9.000s
Average stage latencies:
  - ml-image-processing: 0.189s
  - ml-object-detection: 0.372s
================================================================================
objective      : energy
resource_config: [{'cpu_m': 393, 'memory_mi': 60}, {'cpu_m': 2957, 'memory_mi': 418}], latencies: {'ml-image-processing': 0.18878254156766666, 'ml-object-detection': 0.3721392933796677}, price_cost: 9642.543817, energy_cost: 381.793079, latency_p99 : 9.000000
wall_time_s    : 79.381
================================================================================

[info] Locust stopped
Updating function ml-image-processing to cpu: 416m, memory: 66Mi
Updating Deployment resource configuration...

Updating function ml-object-detection to cpu: 2176m, memory: 443Mi
Updating Deployment resource configuration...

[info] Original replicas=17, selector='environmentName=ml-image-processing,environmentNamespace=default,environmentUid=8dcaa936-04ed-49cf-8ddf-36cdc234cbfd,executorType=newdeploy,functionName=ml-image-processing,functionNamespace=default,functionUid=d8529cac-3c02-4647-a616-8254b24ce685'
[info] Original replicas=49, selector='environmentName=yolo,environmentNamespace=default,environmentUid=4b5fef2f-7951-477c-a9c0-ef0af047a425,executorType=newdeploy,functionName=ml-object-detection,functionNamespace=default,functionUid=dc6d8a52-8de2-4fbb-beef-7bcaa92aa890'
[ok] Patched Deployment resources
[ok] Patched Deployment resources
[ok] Verified Deployment template resources: requests={'cpu': '300m', 'memory': '50Mi'} limits={'cpu': '416m', 'memory': '66Mi'}
[info] Scaling deployment to 0 replicas to force full pod replacement
[ok] Verified Deployment template resources: requests={'cpu': '1500m', 'memory': '400Mi'} limits={'cpu': '2176m', 'memory': '443Mi'}
[info] Scaling deployment to 0 replicas to force full pod replacement
[ok] All pods terminated (replicas=0)
[info] Scaling deployment back to 49 replicas
[ok] All pods terminated (replicas=0)
[info] Scaling deployment back to 17 replicas
[ok] Deleted HPA newdeploy-ml-object-detection-default-beef-7bcaa92aa890
[ok] Rollout completed after scale-to-zero
[verify] newest RS=newdeploy-ml-image-processing-default-a616-8254b24ce685-67f687f9bc pods=17 ready=17
[ok] Verified newest ReplicaSet template resources match expected
[ok] Rollout completed after scale-to-zero
[verify] newest RS=newdeploy-ml-object-detection-default-beef-7bcaa92aa890-5586df57bd pods=49 ready=49
[ok] Verified newest ReplicaSet template resources match expected
[info] Started Locust with PID 1361664
[info] start sleep for 30s
[info] sleep done
\Start sampling in parallel...
Workflow e2e p99 latency (40 completed in 21.5s, parallel, 8 workers): 9.000s
Average stage latencies:
  - ml-image-processing: 0.152s
  - ml-object-detection: 0.514s
================================================================================
objective      : energy
resource_config: [{'cpu_m': 416, 'memory_mi': 66}, {'cpu_m': 2176, 'memory_mi': 443}], latencies: {'ml-image-processing': 0.1520004535960997, 'ml-object-detection': 0.5144008865162474}, price_cost: 9814.020656, energy_cost: 340.042706, latency_p99 : 9.000000
wall_time_s    : 77.367
================================================================================

[info] Locust stopped
Updating function ml-image-processing to cpu: 571m, memory: 58Mi
Updating Deployment resource configuration...

Updating function ml-object-detection to cpu: 5115m, memory: 453Mi
Updating Deployment resource configuration...

[info] Original replicas=17, selector='environmentName=ml-image-processing,environmentNamespace=default,environmentUid=8dcaa936-04ed-49cf-8ddf-36cdc234cbfd,executorType=newdeploy,functionName=ml-image-processing,functionNamespace=default,functionUid=d8529cac-3c02-4647-a616-8254b24ce685'
[info] Original replicas=49, selector='environmentName=yolo,environmentNamespace=default,environmentUid=4b5fef2f-7951-477c-a9c0-ef0af047a425,executorType=newdeploy,functionName=ml-object-detection,functionNamespace=default,functionUid=dc6d8a52-8de2-4fbb-beef-7bcaa92aa890'
[ok] Patched Deployment resources
[ok] Patched Deployment resources
[ok] Verified Deployment template resources: requests={'cpu': '1500m', 'memory': '400Mi'} limits={'cpu': '5115m', 'memory': '453Mi'}
[info] Scaling deployment to 0 replicas to force full pod replacement
[ok] Verified Deployment template resources: requests={'cpu': '300m', 'memory': '50Mi'} limits={'cpu': '571m', 'memory': '58Mi'}
[info] Scaling deployment to 0 replicas to force full pod replacement
[ok] All pods terminated (replicas=0)
[info] Scaling deployment back to 49 replicas
[ok] All pods terminated (replicas=0)
[info] Scaling deployment back to 17 replicas
[ok] Deleted HPA newdeploy-ml-object-detection-default-beef-7bcaa92aa890
[ok] Rollout completed after scale-to-zero
[verify] newest RS=newdeploy-ml-image-processing-default-a616-8254b24ce685-88b64b9bb pods=17 ready=17
[ok] Verified newest ReplicaSet template resources match expected
[ok] Rollout completed after scale-to-zero
[verify] newest RS=newdeploy-ml-object-detection-default-beef-7bcaa92aa890-6cc8888d88 pods=49 ready=49
[ok] Verified newest ReplicaSet template resources match expected
[info] Started Locust with PID 1372344
[info] start sleep for 30s
[info] sleep done
\Start sampling in parallel...
Workflow e2e p99 latency (68 completed in 16.8s, parallel, 8 workers): 1.750s
Average stage latencies:
  - ml-image-processing: 0.156s
  - ml-object-detection: 0.196s
================================================================================
objective      : energy
resource_config: [{'cpu_m': 571, 'memory_mi': 58}, {'cpu_m': 5115, 'memory_mi': 453}], latencies: {'ml-image-processing': 0.15588577377938612, 'ml-object-detection': 0.19648790349225131}, price_cost: 8837.003987, energy_cost: 453.420664, latency_p99 : 1.749838
wall_time_s    : 74.506
================================================================================

[info] Locust stopped
Updating function ml-image-processing to cpu: 712m, memory: 62Mi
Updating Deployment resource configuration...

Updating function ml-object-detection to cpu: 4170m, memory: 408Mi
Updating Deployment resource configuration...

[info] Original replicas=49, selector='environmentName=yolo,environmentNamespace=default,environmentUid=4b5fef2f-7951-477c-a9c0-ef0af047a425,executorType=newdeploy,functionName=ml-object-detection,functionNamespace=default,functionUid=dc6d8a52-8de2-4fbb-beef-7bcaa92aa890'
[info] Original replicas=17, selector='environmentName=ml-image-processing,environmentNamespace=default,environmentUid=8dcaa936-04ed-49cf-8ddf-36cdc234cbfd,executorType=newdeploy,functionName=ml-image-processing,functionNamespace=default,functionUid=d8529cac-3c02-4647-a616-8254b24ce685'
[ok] Patched Deployment resources
[ok] Patched Deployment resources
[ok] Verified Deployment template resources: requests={'cpu': '1500m', 'memory': '400Mi'} limits={'cpu': '4170m', 'memory': '408Mi'}
[info] Scaling deployment to 0 replicas to force full pod replacement
[ok] Verified Deployment template resources: requests={'cpu': '300m', 'memory': '50Mi'} limits={'cpu': '712m', 'memory': '62Mi'}
[info] Scaling deployment to 0 replicas to force full pod replacement
[ok] All pods terminated (replicas=0)
[info] Scaling deployment back to 49 replicas
[ok] All pods terminated (replicas=0)
[info] Scaling deployment back to 17 replicas
[ok] Rollout completed after scale-to-zero
[verify] newest RS=newdeploy-ml-image-processing-default-a616-8254b24ce685-75dbc5d46d pods=17 ready=17
[ok] Verified newest ReplicaSet template resources match expected
[ok] Rollout completed after scale-to-zero
[verify] newest RS=newdeploy-ml-object-detection-default-beef-7bcaa92aa890-7559b847f4 pods=49 ready=49
[ok] Verified newest ReplicaSet template resources match expected
[info] Started Locust with PID 1382645
[info] start sleep for 30s
[info] sleep done
\Start sampling in parallel...
Workflow e2e p99 latency (61 completed in 17.9s, parallel, 8 workers): 5.976s
Average stage latencies:
  - ml-image-processing: 0.117s
  - ml-object-detection: 0.259s
================================================================================
objective      : energy
resource_config: [{'cpu_m': 712, 'memory_mi': 62}, {'cpu_m': 4170, 'memory_mi': 408}], latencies: {'ml-image-processing': 0.1170400976753015, 'ml-object-detection': 0.25894669349473276}, price_cost: 9463.803739, energy_cost: 446.879326, latency_p99 : 5.975725
wall_time_s    : 74.089
================================================================================

[info] Locust stopped
Updating function ml-image-processing to cpu: 719m, memory: 61Mi
Updating Deployment resource configuration...

Updating function ml-object-detection to cpu: 5767m, memory: 482Mi
Updating Deployment resource configuration...

[info] Original replicas=49, selector='environmentName=yolo,environmentNamespace=default,environmentUid=4b5fef2f-7951-477c-a9c0-ef0af047a425,executorType=newdeploy,functionName=ml-object-detection,functionNamespace=default,functionUid=dc6d8a52-8de2-4fbb-beef-7bcaa92aa890'
[info] Original replicas=17, selector='environmentName=ml-image-processing,environmentNamespace=default,environmentUid=8dcaa936-04ed-49cf-8ddf-36cdc234cbfd,executorType=newdeploy,functionName=ml-image-processing,functionNamespace=default,functionUid=d8529cac-3c02-4647-a616-8254b24ce685'
[ok] Patched Deployment resources
[ok] Patched Deployment resources
[ok] Verified Deployment template resources: requests={'cpu': '300m', 'memory': '50Mi'} limits={'cpu': '719m', 'memory': '61Mi'}
[info] Scaling deployment to 0 replicas to force full pod replacement
[ok] Verified Deployment template resources: requests={'cpu': '1500m', 'memory': '400Mi'} limits={'cpu': '5767m', 'memory': '482Mi'}
[info] Scaling deployment to 0 replicas to force full pod replacement
[ok] All pods terminated (replicas=0)
[info] Scaling deployment back to 17 replicas
[ok] All pods terminated (replicas=0)
[info] Scaling deployment back to 49 replicas
[ok] Rollout completed after scale-to-zero
[verify] newest RS=newdeploy-ml-image-processing-default-a616-8254b24ce685-69bb4674f9 pods=17 ready=17
[ok] Verified newest ReplicaSet template resources match expected
[ok] Rollout completed after scale-to-zero
[verify] newest RS=newdeploy-ml-object-detection-default-beef-7bcaa92aa890-56bdcdb94d pods=49 ready=49
[ok] Verified newest ReplicaSet template resources match expected
[info] Started Locust with PID 1393098
[info] start sleep for 30s
[info] sleep done
\Start sampling in parallel...
Workflow e2e p99 latency (75 completed in 16.5s, parallel, 8 workers): 1.266s
Average stage latencies:
  - ml-image-processing: 0.123s
  - ml-object-detection: 0.185s
================================================================================
objective      : energy
resource_config: [{'cpu_m': 719, 'memory_mi': 61}, {'cpu_m': 5767, 'memory_mi': 482}], latencies: {'ml-image-processing': 0.12297066037232678, 'ml-object-detection': 0.184902396928519}, price_cost: 9354.611492, energy_cost: 467.177982, latency_p99 : 1.266482
wall_time_s    : 73.831
================================================================================

[info] Locust stopped
Updating function ml-image-processing to cpu: 527m, memory: 54Mi
Updating Deployment resource configuration...

Updating function ml-object-detection to cpu: 3757m, memory: 473Mi
Updating Deployment resource configuration...

[info] Original replicas=17, selector='environmentName=ml-image-processing,environmentNamespace=default,environmentUid=8dcaa936-04ed-49cf-8ddf-36cdc234cbfd,executorType=newdeploy,functionName=ml-image-processing,functionNamespace=default,functionUid=d8529cac-3c02-4647-a616-8254b24ce685'
[info] Original replicas=49, selector='environmentName=yolo,environmentNamespace=default,environmentUid=4b5fef2f-7951-477c-a9c0-ef0af047a425,executorType=newdeploy,functionName=ml-object-detection,functionNamespace=default,functionUid=dc6d8a52-8de2-4fbb-beef-7bcaa92aa890'
[ok] Patched Deployment resources
[ok] Patched Deployment resources
[ok] Verified Deployment template resources: requests={'cpu': '300m', 'memory': '50Mi'} limits={'cpu': '527m', 'memory': '54Mi'}
[info] Scaling deployment to 0 replicas to force full pod replacement
[ok] Verified Deployment template resources: requests={'cpu': '1500m', 'memory': '400Mi'} limits={'cpu': '3757m', 'memory': '473Mi'}
[info] Scaling deployment to 0 replicas to force full pod replacement
[ok] All pods terminated (replicas=0)
[info] Scaling deployment back to 49 replicas
[ok] All pods terminated (replicas=0)
[info] Scaling deployment back to 17 replicas
[ok] Rollout completed after scale-to-zero
[verify] newest RS=newdeploy-ml-image-processing-default-a616-8254b24ce685-bf8dd7f75 pods=17 ready=17
[ok] Verified newest ReplicaSet template resources match expected
[ok] Rollout completed after scale-to-zero
[verify] newest RS=newdeploy-ml-object-detection-default-beef-7bcaa92aa890-f6c79fd55 pods=49 ready=49
[ok] Verified newest ReplicaSet template resources match expected
[info] Started Locust with PID 1403319
[info] start sleep for 30s
[info] sleep done
\Start sampling in parallel...
Workflow e2e p99 latency (64 completed in 18.6s, parallel, 8 workers): 5.624s
Average stage latencies:
  - ml-image-processing: 0.151s
  - ml-object-detection: 0.279s
================================================================================
objective      : energy
resource_config: [{'cpu_m': 527, 'memory_mi': 54}, {'cpu_m': 3757, 'memory_mi': 473}], latencies: {'ml-image-processing': 0.15100570192589657, 'ml-object-detection': 0.2790392551833065}, price_cost: 9202.164595, energy_cost: 430.733963, latency_p99 : 5.624379
wall_time_s    : 75.201
================================================================================

[info] Locust stopped
[info] Locust is not running
Starting fresh (no checkpoint at bo_model_energy_20260105_075601.pt).
  initial_points = 10
  running_batches = 10
  initial_best_feasible_cost = 409.14352968644704
  initial_best_constraint = -0.103
  initial_best_resource_config = [{'cpu_m': 357, 'memory_mi': 64}, {'cpu_m': 3978, 'memory_mi': 482}]
  time_taken_for_init = 764.79 seconds
/home/cc/miniconda3/envs/faas/lib/python3.10/site-packages/botorch/acquisition/monte_carlo.py:502: NumericsWarning: qNoisyExpectedImprovement has known numerical issues that lead to suboptimal optimization performance. It is strongly recommended to simply replace

	 qNoisyExpectedImprovement 	 --> 	 qLogNoisyExpectedImprovement 

instead, which fixes the issues and has the same API. See https://arxiv.org/abs/2310.20708 for details.
  legacy_ei_numerics_warning(legacy_name=type(self).__name__)
Updating function ml-image-processing to cpu: 300m, memory: 70Mi
Updating Deployment resource configuration...

Updating function ml-object-detection to cpu: 3942m, memory: 512Mi
Updating Deployment resource configuration...

[info] Original replicas=17, selector='environmentName=ml-image-processing,environmentNamespace=default,environmentUid=8dcaa936-04ed-49cf-8ddf-36cdc234cbfd,executorType=newdeploy,functionName=ml-image-processing,functionNamespace=default,functionUid=d8529cac-3c02-4647-a616-8254b24ce685'
[info] Original replicas=49, selector='environmentName=yolo,environmentNamespace=default,environmentUid=4b5fef2f-7951-477c-a9c0-ef0af047a425,executorType=newdeploy,functionName=ml-object-detection,functionNamespace=default,functionUid=dc6d8a52-8de2-4fbb-beef-7bcaa92aa890'
[ok] Patched Deployment resources
[ok] Patched Deployment resources
[ok] Verified Deployment template resources: requests={'cpu': '1500m', 'memory': '400Mi'} limits={'cpu': '3942m', 'memory': '512Mi'}
[info] Scaling deployment to 0 replicas to force full pod replacement
[ok] Verified Deployment template resources: requests={'cpu': '300m', 'memory': '50Mi'} limits={'cpu': '300m', 'memory': '70Mi'}
[info] Scaling deployment to 0 replicas to force full pod replacement
[ok] All pods terminated (replicas=0)
[info] Scaling deployment back to 49 replicas
[ok] All pods terminated (replicas=0)
[info] Scaling deployment back to 17 replicas
[ok] Rollout completed after scale-to-zero
[verify] newest RS=newdeploy-ml-image-processing-default-a616-8254b24ce685-747497c47c pods=17 ready=17
[ok] Verified newest ReplicaSet template resources match expected
[ok] Rollout completed after scale-to-zero
[verify] newest RS=newdeploy-ml-object-detection-default-beef-7bcaa92aa890-94d66df44 pods=49 ready=49
[ok] Verified newest ReplicaSet template resources match expected
[info] Started Locust with PID 1414675
[info] start sleep for 30s
[info] sleep done
\Start sampling in parallel...
Workflow e2e p99 latency (51 completed in 16.6s, parallel, 8 workers): 4.132s
Average stage latencies:
  - ml-image-processing: 0.319s
  - ml-object-detection: 0.212s
================================================================================
objective      : energy
resource_config: [{'cpu_m': 300, 'memory_mi': 70}, {'cpu_m': 3942, 'memory_mi': 512}], latencies: {'ml-image-processing': 0.3187327224889076, 'ml-object-detection': 0.21214009543844298}, price_cost: 7440.290156, energy_cost: 391.701853, latency_p99 : 4.131987
wall_time_s    : 73.444
================================================================================

[info] Locust stopped
Updating function ml-image-processing to cpu: 592m, memory: 65Mi
Updating Deployment resource configuration...

Updating function ml-object-detection to cpu: 1570m, memory: 481Mi
Updating Deployment resource configuration...

[info] Original replicas=49, selector='environmentName=yolo,environmentNamespace=default,environmentUid=4b5fef2f-7951-477c-a9c0-ef0af047a425,executorType=newdeploy,functionName=ml-object-detection,functionNamespace=default,functionUid=dc6d8a52-8de2-4fbb-beef-7bcaa92aa890'
[info] Original replicas=17, selector='environmentName=ml-image-processing,environmentNamespace=default,environmentUid=8dcaa936-04ed-49cf-8ddf-36cdc234cbfd,executorType=newdeploy,functionName=ml-image-processing,functionNamespace=default,functionUid=d8529cac-3c02-4647-a616-8254b24ce685'
[ok] Patched Deployment resources
[ok] Patched Deployment resources
[ok] Verified Deployment template resources: requests={'cpu': '1500m', 'memory': '400Mi'} limits={'cpu': '1570m', 'memory': '481Mi'}
[info] Scaling deployment to 0 replicas to force full pod replacement
[ok] Verified Deployment template resources: requests={'cpu': '300m', 'memory': '50Mi'} limits={'cpu': '592m', 'memory': '65Mi'}
[info] Scaling deployment to 0 replicas to force full pod replacement
[ok] All pods terminated (replicas=0)
[info] Scaling deployment back to 49 replicas
[ok] All pods terminated (replicas=0)
[info] Scaling deployment back to 17 replicas
[ok] Rollout completed after scale-to-zero
[verify] newest RS=newdeploy-ml-image-processing-default-a616-8254b24ce685-779cdddb8c pods=17 ready=17
[ok] Verified newest ReplicaSet template resources match expected
[ok] Rollout completed after scale-to-zero
[verify] newest RS=newdeploy-ml-object-detection-default-beef-7bcaa92aa890-56bd79cbc8 pods=49 ready=49
[ok] Verified newest ReplicaSet template resources match expected
[info] Started Locust with PID 1424992
[info] start sleep for 30s
[info] sleep done
\Start sampling in parallel...
Workflow e2e p99 latency (37 completed in 19.4s, parallel, 8 workers): 9.000s
Average stage latencies:
  - ml-image-processing: 0.098s
  - ml-object-detection: 0.816s
================================================================================
objective      : energy
resource_config: [{'cpu_m': 592, 'memory_mi': 65}, {'cpu_m': 1570, 'memory_mi': 481}], latencies: {'ml-image-processing': 0.09814715247463297, 'ml-object-detection': 0.8161837557261741}, price_cost: 11271.325661, energy_cost: 311.308668, latency_p99 : 9.000000
wall_time_s    : 76.472
================================================================================

[info] Locust stopped
Updating function ml-image-processing to cpu: 300m, memory: 70Mi
Updating Deployment resource configuration...

Updating function ml-object-detection to cpu: 5250m, memory: 512Mi
Updating Deployment resource configuration...

[info] Original replicas=17, selector='environmentName=ml-image-processing,environmentNamespace=default,environmentUid=8dcaa936-04ed-49cf-8ddf-36cdc234cbfd,executorType=newdeploy,functionName=ml-image-processing,functionNamespace=default,functionUid=d8529cac-3c02-4647-a616-8254b24ce685'
[info] Original replicas=49, selector='environmentName=yolo,environmentNamespace=default,environmentUid=4b5fef2f-7951-477c-a9c0-ef0af047a425,executorType=newdeploy,functionName=ml-object-detection,functionNamespace=default,functionUid=dc6d8a52-8de2-4fbb-beef-7bcaa92aa890'
[ok] Patched Deployment resources
[ok] Patched Deployment resources
[ok] Verified Deployment template resources: requests={'cpu': '1500m', 'memory': '400Mi'} limits={'cpu': '5250m', 'memory': '512Mi'}
[info] Scaling deployment to 0 replicas to force full pod replacement
[ok] Verified Deployment template resources: requests={'cpu': '300m', 'memory': '50Mi'} limits={'cpu': '300m', 'memory': '70Mi'}
[info] Scaling deployment to 0 replicas to force full pod replacement
[ok] All pods terminated (replicas=0)
[info] Scaling deployment back to 17 replicas
[ok] All pods terminated (replicas=0)
[info] Scaling deployment back to 49 replicas
[ok] Deleted HPA newdeploy-ml-object-detection-default-beef-7bcaa92aa890
[ok] Rollout completed after scale-to-zero
[verify] newest RS=newdeploy-ml-image-processing-default-a616-8254b24ce685-747497c47c pods=17 ready=17
[ok] Verified newest ReplicaSet template resources match expected
[ok] Rollout completed after scale-to-zero
[verify] newest RS=newdeploy-ml-object-detection-default-beef-7bcaa92aa890-7cfdc576f6 pods=49 ready=49
[ok] Verified newest ReplicaSet template resources match expected
[info] Started Locust with PID 1435547
[info] start sleep for 30s
[info] sleep done
\Start sampling in parallel...
Workflow e2e p99 latency (55 completed in 17.2s, parallel, 8 workers): 3.916s
Average stage latencies:
  - ml-image-processing: 0.293s
  - ml-object-detection: 0.152s
================================================================================
objective      : energy
resource_config: [{'cpu_m': 300, 'memory_mi': 70}, {'cpu_m': 5250, 'memory_mi': 512}], latencies: {'ml-image-processing': 0.2929470754567195, 'ml-object-detection': 0.15187634576789358}, price_cost: 7068.764299, energy_cost: 386.335338, latency_p99 : 3.916265
wall_time_s    : 75.375
================================================================================

[info] Locust stopped
[info] Locust is not running
================================================================================

Batch  1: best_feasible_cost (random, qNEI) = (409.14352968644704, 409.14352968644704), best_constraint =  -0.103 (<=0 feasible), time = 233.47.
Best feasible resource configuration: [{'cpu_m': 357, 'memory_mi': 64}, {'cpu_m': 3978, 'memory_mi': 482}]

================================================================================
/home/cc/miniconda3/envs/faas/lib/python3.10/site-packages/botorch/acquisition/monte_carlo.py:502: NumericsWarning: qNoisyExpectedImprovement has known numerical issues that lead to suboptimal optimization performance. It is strongly recommended to simply replace

	 qNoisyExpectedImprovement 	 --> 	 qLogNoisyExpectedImprovement 

instead, which fixes the issues and has the same API. See https://arxiv.org/abs/2310.20708 for details.
  legacy_ei_numerics_warning(legacy_name=type(self).__name__)
Updating function ml-image-processing to cpu: 300m, memory: 67Mi
Updating Deployment resource configuration...

Updating function ml-object-detection to cpu: 4515m, memory: 481Mi
Updating Deployment resource configuration...

[info] Original replicas=17, selector='environmentName=ml-image-processing,environmentNamespace=default,environmentUid=8dcaa936-04ed-49cf-8ddf-36cdc234cbfd,executorType=newdeploy,functionName=ml-image-processing,functionNamespace=default,functionUid=d8529cac-3c02-4647-a616-8254b24ce685'
[info] Original replicas=49, selector='environmentName=yolo,environmentNamespace=default,environmentUid=4b5fef2f-7951-477c-a9c0-ef0af047a425,executorType=newdeploy,functionName=ml-object-detection,functionNamespace=default,functionUid=dc6d8a52-8de2-4fbb-beef-7bcaa92aa890'
[ok] Patched Deployment resources
[ok] Patched Deployment resources
[ok] Verified Deployment template resources: requests={'cpu': '300m', 'memory': '50Mi'} limits={'cpu': '300m', 'memory': '67Mi'}
[info] Scaling deployment to 0 replicas to force full pod replacement
[ok] Verified Deployment template resources: requests={'cpu': '1500m', 'memory': '400Mi'} limits={'cpu': '4515m', 'memory': '481Mi'}
[info] Scaling deployment to 0 replicas to force full pod replacement
[ok] All pods terminated (replicas=0)
[info] Scaling deployment back to 17 replicas
[ok] All pods terminated (replicas=0)
[info] Scaling deployment back to 49 replicas
[ok] Rollout completed after scale-to-zero
[verify] newest RS=newdeploy-ml-image-processing-default-a616-8254b24ce685-5c9bb4b8b8 pods=17 ready=17
[ok] Verified newest ReplicaSet template resources match expected
[ok] Rollout completed after scale-to-zero
[verify] newest RS=newdeploy-ml-object-detection-default-beef-7bcaa92aa890-6b784845cd pods=49 ready=49
[ok] Verified newest ReplicaSet template resources match expected
[info] Started Locust with PID 1447359
[info] start sleep for 30s
[info] sleep done
\Start sampling in parallel...
Workflow e2e p99 latency (52 completed in 18.0s, parallel, 8 workers): 3.913s
Average stage latencies:
  - ml-image-processing: 0.312s
  - ml-object-detection: 0.190s
================================================================================
objective      : energy
resource_config: [{'cpu_m': 300, 'memory_mi': 67}, {'cpu_m': 4515, 'memory_mi': 481}], latencies: {'ml-image-processing': 0.3115497720338261, 'ml-object-detection': 0.19010581445092192}, price_cost: 7610.400867, energy_cost: 387.235684, latency_p99 : 3.913114
wall_time_s    : 78.032
================================================================================

[info] Locust stopped
Updating function ml-image-processing to cpu: 300m, memory: 70Mi
Updating Deployment resource configuration...

Updating function ml-object-detection to cpu: 6000m, memory: 469Mi
Updating Deployment resource configuration...

[info] Original replicas=17, selector='environmentName=ml-image-processing,environmentNamespace=default,environmentUid=8dcaa936-04ed-49cf-8ddf-36cdc234cbfd,executorType=newdeploy,functionName=ml-image-processing,functionNamespace=default,functionUid=d8529cac-3c02-4647-a616-8254b24ce685'
[info] Original replicas=49, selector='environmentName=yolo,environmentNamespace=default,environmentUid=4b5fef2f-7951-477c-a9c0-ef0af047a425,executorType=newdeploy,functionName=ml-object-detection,functionNamespace=default,functionUid=dc6d8a52-8de2-4fbb-beef-7bcaa92aa890'
[ok] Patched Deployment resources
[ok] Patched Deployment resources
[ok] Verified Deployment template resources: requests={'cpu': '1500m', 'memory': '400Mi'} limits={'cpu': '6', 'memory': '469Mi'}
[info] Scaling deployment to 0 replicas to force full pod replacement
[ok] Verified Deployment template resources: requests={'cpu': '300m', 'memory': '50Mi'} limits={'cpu': '300m', 'memory': '70Mi'}
[info] Scaling deployment to 0 replicas to force full pod replacement
[ok] All pods terminated (replicas=0)
[info] Scaling deployment back to 49 replicas
[ok] All pods terminated (replicas=0)
[info] Scaling deployment back to 17 replicas
[ok] Rollout completed after scale-to-zero
[verify] newest RS=newdeploy-ml-image-processing-default-a616-8254b24ce685-747497c47c pods=17 ready=17
[ok] Verified newest ReplicaSet template resources match expected
[ok] Rollout completed after scale-to-zero
[verify] newest RS=newdeploy-ml-object-detection-default-beef-7bcaa92aa890-75f5bb4cb7 pods=49 ready=49
[ok] Verified newest ReplicaSet template resources match expected
[info] Started Locust with PID 1457773
[info] start sleep for 30s
[info] sleep done
\Start sampling in parallel...
Workflow e2e p99 latency (53 completed in 16.6s, parallel, 8 workers): 3.571s
Average stage latencies:
  - ml-image-processing: 0.290s
  - ml-object-detection: 0.145s
================================================================================
objective      : energy
resource_config: [{'cpu_m': 300, 'memory_mi': 70}, {'cpu_m': 6000, 'memory_mi': 469}], latencies: {'ml-image-processing': 0.2897495199346317, 'ml-object-detection': 0.14518126629222677}, price_cost: 7685.134483, energy_cost: 386.695841, latency_p99 : 3.570747
wall_time_s    : 74.949
================================================================================

[info] Locust stopped
Updating function ml-image-processing to cpu: 390m, memory: 70Mi
Updating Deployment resource configuration...

Updating function ml-object-detection to cpu: 1500m, memory: 512Mi
Updating Deployment resource configuration...

[info] Original replicas=17, selector='environmentName=ml-image-processing,environmentNamespace=default,environmentUid=8dcaa936-04ed-49cf-8ddf-36cdc234cbfd,executorType=newdeploy,functionName=ml-image-processing,functionNamespace=default,functionUid=d8529cac-3c02-4647-a616-8254b24ce685'
[info] Original replicas=49, selector='environmentName=yolo,environmentNamespace=default,environmentUid=4b5fef2f-7951-477c-a9c0-ef0af047a425,executorType=newdeploy,functionName=ml-object-detection,functionNamespace=default,functionUid=dc6d8a52-8de2-4fbb-beef-7bcaa92aa890'
[ok] Patched Deployment resources
[ok] Patched Deployment resources
[ok] Verified Deployment template resources: requests={'cpu': '1500m', 'memory': '400Mi'} limits={'cpu': '1500m', 'memory': '512Mi'}
[info] Scaling deployment to 0 replicas to force full pod replacement
[ok] Verified Deployment template resources: requests={'cpu': '300m', 'memory': '50Mi'} limits={'cpu': '390m', 'memory': '70Mi'}
[info] Scaling deployment to 0 replicas to force full pod replacement
[ok] All pods terminated (replicas=0)
[info] Scaling deployment back to 17 replicas
[ok] All pods terminated (replicas=0)
[info] Scaling deployment back to 49 replicas
[ok] Rollout completed after scale-to-zero
[verify] newest RS=newdeploy-ml-image-processing-default-a616-8254b24ce685-559c5c7895 pods=17 ready=17
[ok] Verified newest ReplicaSet template resources match expected
[ok] Rollout completed after scale-to-zero
[verify] newest RS=newdeploy-ml-object-detection-default-beef-7bcaa92aa890-5df586f94d pods=49 ready=49
[ok] Verified newest ReplicaSet template resources match expected
[info] Started Locust with PID 1468803
[info] start sleep for 30s
[info] sleep done
\Start sampling in parallel...
Workflow e2e p99 latency (35 completed in 22.2s, parallel, 8 workers): 9.000s
Average stage latencies:
  - ml-image-processing: 0.170s
  - ml-object-detection: 0.861s
================================================================================
objective      : energy
resource_config: [{'cpu_m': 390, 'memory_mi': 70}, {'cpu_m': 1500, 'memory_mi': 512}], latencies: {'ml-image-processing': 0.17013720666397025, 'ml-object-detection': 0.8613119990649548}, price_cost: 11415.434421, energy_cost: 301.131332, latency_p99 : 9.000000
wall_time_s    : 81.090
================================================================================

[info] Locust stopped
[info] Locust is not running
================================================================================

Batch  2: best_feasible_cost (random, qNEI) = (409.14352968644704, 409.14352968644704), best_constraint =  -0.103 (<=0 feasible), time = 243.51.
Best feasible resource configuration: [{'cpu_m': 357, 'memory_mi': 64}, {'cpu_m': 3978, 'memory_mi': 482}]

================================================================================
/home/cc/miniconda3/envs/faas/lib/python3.10/site-packages/botorch/acquisition/monte_carlo.py:502: NumericsWarning: qNoisyExpectedImprovement has known numerical issues that lead to suboptimal optimization performance. It is strongly recommended to simply replace

	 qNoisyExpectedImprovement 	 --> 	 qLogNoisyExpectedImprovement 

instead, which fixes the issues and has the same API. See https://arxiv.org/abs/2310.20708 for details.
  legacy_ei_numerics_warning(legacy_name=type(self).__name__)
Updating function ml-image-processing to cpu: 300m, memory: 64Mi
Updating Deployment resource configuration...

Updating function ml-object-detection to cpu: 4057m, memory: 502Mi
Updating Deployment resource configuration...

[info] Original replicas=17, selector='environmentName=ml-image-processing,environmentNamespace=default,environmentUid=8dcaa936-04ed-49cf-8ddf-36cdc234cbfd,executorType=newdeploy,functionName=ml-image-processing,functionNamespace=default,functionUid=d8529cac-3c02-4647-a616-8254b24ce685'
[info] Original replicas=49, selector='environmentName=yolo,environmentNamespace=default,environmentUid=4b5fef2f-7951-477c-a9c0-ef0af047a425,executorType=newdeploy,functionName=ml-object-detection,functionNamespace=default,functionUid=dc6d8a52-8de2-4fbb-beef-7bcaa92aa890'
[ok] Patched Deployment resources
[ok] Patched Deployment resources
[ok] Verified Deployment template resources: requests={'cpu': '300m', 'memory': '50Mi'} limits={'cpu': '300m', 'memory': '64Mi'}
[info] Scaling deployment to 0 replicas to force full pod replacement
[ok] Verified Deployment template resources: requests={'cpu': '1500m', 'memory': '400Mi'} limits={'cpu': '4057m', 'memory': '502Mi'}
[info] Scaling deployment to 0 replicas to force full pod replacement
[ok] All pods terminated (replicas=0)
[info] Scaling deployment back to 17 replicas
[ok] All pods terminated (replicas=0)
[info] Scaling deployment back to 49 replicas
[ok] Deleted HPA newdeploy-ml-object-detection-default-beef-7bcaa92aa890
[ok] Rollout completed after scale-to-zero
[verify] newest RS=newdeploy-ml-image-processing-default-a616-8254b24ce685-57cc5ccf87 pods=17 ready=17
[ok] Verified newest ReplicaSet template resources match expected
[ok] Rollout completed after scale-to-zero
[verify] newest RS=newdeploy-ml-object-detection-default-beef-7bcaa92aa890-85cfdbdd45 pods=49 ready=49
[ok] Verified newest ReplicaSet template resources match expected
[info] Started Locust with PID 1480586
[info] start sleep for 30s
[info] sleep done
\Start sampling in parallel...
Workflow e2e p99 latency (54 completed in 19.0s, parallel, 8 workers): 3.428s
Average stage latencies:
  - ml-image-processing: 0.302s
  - ml-object-detection: 0.211s
================================================================================
objective      : energy
resource_config: [{'cpu_m': 300, 'memory_mi': 64}, {'cpu_m': 4057, 'memory_mi': 502}], latencies: {'ml-image-processing': 0.30199564225040376, 'ml-object-detection': 0.21106028261904916}, price_cost: 7592.963680, energy_cost: 385.629155, latency_p99 : 3.427648
wall_time_s    : 76.019
================================================================================

[info] Locust stopped
Updating function ml-image-processing to cpu: 300m, memory: 65Mi
Updating Deployment resource configuration...

Updating function ml-object-detection to cpu: 5906m, memory: 490Mi
Updating Deployment resource configuration...

[info] Original replicas=49, selector='environmentName=yolo,environmentNamespace=default,environmentUid=4b5fef2f-7951-477c-a9c0-ef0af047a425,executorType=newdeploy,functionName=ml-object-detection,functionNamespace=default,functionUid=dc6d8a52-8de2-4fbb-beef-7bcaa92aa890'
[info] Original replicas=17, selector='environmentName=ml-image-processing,environmentNamespace=default,environmentUid=8dcaa936-04ed-49cf-8ddf-36cdc234cbfd,executorType=newdeploy,functionName=ml-image-processing,functionNamespace=default,functionUid=d8529cac-3c02-4647-a616-8254b24ce685'
[ok] Patched Deployment resources
[ok] Patched Deployment resources
[ok] Verified Deployment template resources: requests={'cpu': '1500m', 'memory': '400Mi'} limits={'cpu': '5906m', 'memory': '490Mi'}
[info] Scaling deployment to 0 replicas to force full pod replacement
[ok] Verified Deployment template resources: requests={'cpu': '300m', 'memory': '50Mi'} limits={'cpu': '300m', 'memory': '65Mi'}
[info] Scaling deployment to 0 replicas to force full pod replacement
[ok] All pods terminated (replicas=0)
[info] Scaling deployment back to 49 replicas
[ok] All pods terminated (replicas=0)
[info] Scaling deployment back to 17 replicas
[ok] Rollout completed after scale-to-zero
[verify] newest RS=newdeploy-ml-image-processing-default-a616-8254b24ce685-5bd79bfc49 pods=17 ready=17
[ok] Verified newest ReplicaSet template resources match expected
[ok] Rollout completed after scale-to-zero
[verify] newest RS=newdeploy-ml-object-detection-default-beef-7bcaa92aa890-65b84cbbdc pods=49 ready=49
[ok] Verified newest ReplicaSet template resources match expected
[info] Started Locust with PID 1491331
[info] start sleep for 30s
[info] sleep done
\Start sampling in parallel...
Workflow e2e p99 latency (56 completed in 17.4s, parallel, 8 workers): 2.626s
Average stage latencies:
  - ml-image-processing: 0.295s
  - ml-object-detection: 0.151s
================================================================================
objective      : energy
resource_config: [{'cpu_m': 300, 'memory_mi': 65}, {'cpu_m': 5906, 'memory_mi': 490}], latencies: {'ml-image-processing': 0.29500676017986344, 'ml-object-detection': 0.15125462485177973}, price_cost: 7881.550315, energy_cost: 388.808802, latency_p99 : 2.626245
wall_time_s    : 73.698
================================================================================

[info] Locust stopped
Updating function ml-image-processing to cpu: 300m, memory: 63Mi
Updating Deployment resource configuration...

Updating function ml-object-detection to cpu: 6000m, memory: 405Mi
Updating Deployment resource configuration...

[info] Original replicas=49, selector='environmentName=yolo,environmentNamespace=default,environmentUid=4b5fef2f-7951-477c-a9c0-ef0af047a425,executorType=newdeploy,functionName=ml-object-detection,functionNamespace=default,functionUid=dc6d8a52-8de2-4fbb-beef-7bcaa92aa890'
[info] Original replicas=17, selector='environmentName=ml-image-processing,environmentNamespace=default,environmentUid=8dcaa936-04ed-49cf-8ddf-36cdc234cbfd,executorType=newdeploy,functionName=ml-image-processing,functionNamespace=default,functionUid=d8529cac-3c02-4647-a616-8254b24ce685'
[ok] Patched Deployment resources
[ok] Patched Deployment resources
[ok] Verified Deployment template resources: requests={'cpu': '1500m', 'memory': '400Mi'} limits={'cpu': '6', 'memory': '405Mi'}
[info] Scaling deployment to 0 replicas to force full pod replacement
[ok] Verified Deployment template resources: requests={'cpu': '300m', 'memory': '50Mi'} limits={'cpu': '300m', 'memory': '63Mi'}
[info] Scaling deployment to 0 replicas to force full pod replacement
[ok] All pods terminated (replicas=0)
[info] Scaling deployment back to 49 replicas
[ok] All pods terminated (replicas=0)
[info] Scaling deployment back to 17 replicas
[ok] Rollout completed after scale-to-zero
[verify] newest RS=newdeploy-ml-image-processing-default-a616-8254b24ce685-5c946b6d74 pods=17 ready=17
[ok] Verified newest ReplicaSet template resources match expected
[ok] Rollout completed after scale-to-zero
[verify] newest RS=newdeploy-ml-object-detection-default-beef-7bcaa92aa890-59c5fc4c97 pods=49 ready=49
[ok] Verified newest ReplicaSet template resources match expected
[info] Started Locust with PID 1501479
[info] start sleep for 30s
[info] sleep done
\Start sampling in parallel...
Workflow e2e p99 latency (54 completed in 17.4s, parallel, 8 workers): 2.808s
Average stage latencies:
  - ml-image-processing: 0.296s
  - ml-object-detection: 0.144s
================================================================================
objective      : energy
resource_config: [{'cpu_m': 300, 'memory_mi': 63}, {'cpu_m': 6000, 'memory_mi': 405}], latencies: {'ml-image-processing': 0.2964475643217426, 'ml-object-detection': 0.14354563212125665}, price_cost: 7601.517375, energy_cost: 386.119590, latency_p99 : 2.808046
wall_time_s    : 75.679
================================================================================

[info] Locust stopped
[info] Locust is not running
================================================================================

Batch  3: best_feasible_cost (random, qNEI) = (409.14352968644704, 386.1195903344979), best_constraint =  -0.192 (<=0 feasible), time = 234.57.
Best feasible resource configuration: [{'cpu_m': 300, 'memory_mi': 63}, {'cpu_m': 6000, 'memory_mi': 405}]

================================================================================
/home/cc/miniconda3/envs/faas/lib/python3.10/site-packages/botorch/acquisition/monte_carlo.py:502: NumericsWarning: qNoisyExpectedImprovement has known numerical issues that lead to suboptimal optimization performance. It is strongly recommended to simply replace

	 qNoisyExpectedImprovement 	 --> 	 qLogNoisyExpectedImprovement 

instead, which fixes the issues and has the same API. See https://arxiv.org/abs/2310.20708 for details.
  legacy_ei_numerics_warning(legacy_name=type(self).__name__)
Updating function ml-image-processing to cpu: 300m, memory: 50Mi
Updating Deployment resource configuration...

Updating function ml-object-detection to cpu: 5383m, memory: 400Mi
Updating Deployment resource configuration...

[info] Original replicas=17, selector='environmentName=ml-image-processing,environmentNamespace=default,environmentUid=8dcaa936-04ed-49cf-8ddf-36cdc234cbfd,executorType=newdeploy,functionName=ml-image-processing,functionNamespace=default,functionUid=d8529cac-3c02-4647-a616-8254b24ce685'
[info] Original replicas=49, selector='environmentName=yolo,environmentNamespace=default,environmentUid=4b5fef2f-7951-477c-a9c0-ef0af047a425,executorType=newdeploy,functionName=ml-object-detection,functionNamespace=default,functionUid=dc6d8a52-8de2-4fbb-beef-7bcaa92aa890'
[ok] Patched Deployment resources
[ok] Patched Deployment resources
[ok] Verified Deployment template resources: requests={'cpu': '300m', 'memory': '50Mi'} limits={'cpu': '300m', 'memory': '50Mi'}
[info] Scaling deployment to 0 replicas to force full pod replacement
[ok] Verified Deployment template resources: requests={'cpu': '1500m', 'memory': '400Mi'} limits={'cpu': '5383m', 'memory': '400Mi'}
[info] Scaling deployment to 0 replicas to force full pod replacement
[ok] All pods terminated (replicas=0)
[info] Scaling deployment back to 49 replicas
[ok] All pods terminated (replicas=0)
[info] Scaling deployment back to 17 replicas
[ok] Rollout completed after scale-to-zero
[verify] newest RS=newdeploy-ml-image-processing-default-a616-8254b24ce685-5789945b5f pods=17 ready=17
[ok] Verified newest ReplicaSet template resources match expected
[ok] Rollout completed after scale-to-zero
[verify] newest RS=newdeploy-ml-object-detection-default-beef-7bcaa92aa890-58fc6d9464 pods=49 ready=49
[ok] Verified newest ReplicaSet template resources match expected
[info] Started Locust with PID 1512569
[info] start sleep for 30s
[info] sleep done
\Start sampling in parallel...
Workflow e2e p99 latency (53 completed in 19.6s, parallel, 8 workers): 5.885s
Average stage latencies:
  - ml-image-processing: 0.299s
  - ml-object-detection: 0.165s
================================================================================
objective      : energy
resource_config: [{'cpu_m': 300, 'memory_mi': 50}, {'cpu_m': 5383, 'memory_mi': 400}], latencies: {'ml-image-processing': 0.2985134553339965, 'ml-object-detection': 0.16525532817468047}, price_cost: 7847.219206, energy_cost: 384.382771, latency_p99 : 5.884608
wall_time_s    : 77.139
================================================================================

[info] Locust stopped
Updating function ml-image-processing to cpu: 800m, memory: 51Mi
Updating Deployment resource configuration...

Updating function ml-object-detection to cpu: 5916m, memory: 463Mi
Updating Deployment resource configuration...

[info] Original replicas=49, selector='environmentName=yolo,environmentNamespace=default,environmentUid=4b5fef2f-7951-477c-a9c0-ef0af047a425,executorType=newdeploy,functionName=ml-object-detection,functionNamespace=default,functionUid=dc6d8a52-8de2-4fbb-beef-7bcaa92aa890'
[info] Original replicas=17, selector='environmentName=ml-image-processing,environmentNamespace=default,environmentUid=8dcaa936-04ed-49cf-8ddf-36cdc234cbfd,executorType=newdeploy,functionName=ml-image-processing,functionNamespace=default,functionUid=d8529cac-3c02-4647-a616-8254b24ce685'
[ok] Patched Deployment resources
[ok] Patched Deployment resources
[ok] Verified Deployment template resources: requests={'cpu': '1500m', 'memory': '400Mi'} limits={'cpu': '5916m', 'memory': '463Mi'}
[info] Scaling deployment to 0 replicas to force full pod replacement
[ok] Verified Deployment template resources: requests={'cpu': '300m', 'memory': '50Mi'} limits={'cpu': '800m', 'memory': '51Mi'}
[info] Scaling deployment to 0 replicas to force full pod replacement
[ok] All pods terminated (replicas=0)
[info] Scaling deployment back to 49 replicas
[ok] All pods terminated (replicas=0)
[info] Scaling deployment back to 17 replicas
[ok] Rollout completed after scale-to-zero
[verify] newest RS=newdeploy-ml-image-processing-default-a616-8254b24ce685-59f979ddf5 pods=17 ready=17
[ok] Verified newest ReplicaSet template resources match expected
[ok] Rollout completed after scale-to-zero
[verify] newest RS=newdeploy-ml-object-detection-default-beef-7bcaa92aa890-984c5f59b pods=49 ready=49
[ok] Verified newest ReplicaSet template resources match expected
[info] Started Locust with PID 1523391
[info] start sleep for 30s
[info] sleep done
\Start sampling in parallel...
Workflow e2e p99 latency (74 completed in 16.3s, parallel, 8 workers): 1.226s
Average stage latencies:
  - ml-image-processing: 0.120s
  - ml-object-detection: 0.172s
================================================================================
objective      : energy
resource_config: [{'cpu_m': 800, 'memory_mi': 51}, {'cpu_m': 5916, 'memory_mi': 463}], latencies: {'ml-image-processing': 0.11993569347101289, 'ml-object-detection': 0.17167211013116143}, price_cost: 8940.713475, energy_cost: 469.133033, latency_p99 : 1.226349
wall_time_s    : 74.265
================================================================================

[info] Locust stopped
Updating function ml-image-processing to cpu: 300m, memory: 50Mi
Updating Deployment resource configuration...

Updating function ml-object-detection to cpu: 6000m, memory: 512Mi
Updating Deployment resource configuration...

[info] Original replicas=49, selector='environmentName=yolo,environmentNamespace=default,environmentUid=4b5fef2f-7951-477c-a9c0-ef0af047a425,executorType=newdeploy,functionName=ml-object-detection,functionNamespace=default,functionUid=dc6d8a52-8de2-4fbb-beef-7bcaa92aa890'
[info] Original replicas=17, selector='environmentName=ml-image-processing,environmentNamespace=default,environmentUid=8dcaa936-04ed-49cf-8ddf-36cdc234cbfd,executorType=newdeploy,functionName=ml-image-processing,functionNamespace=default,functionUid=d8529cac-3c02-4647-a616-8254b24ce685'
[ok] Patched Deployment resources
[ok] Patched Deployment resources
[ok] Verified Deployment template resources: requests={'cpu': '1500m', 'memory': '400Mi'} limits={'cpu': '6', 'memory': '512Mi'}
[info] Scaling deployment to 0 replicas to force full pod replacement
[ok] Verified Deployment template resources: requests={'cpu': '300m', 'memory': '50Mi'} limits={'cpu': '300m', 'memory': '50Mi'}
[info] Scaling deployment to 0 replicas to force full pod replacement
[ok] All pods terminated (replicas=0)
[info] Scaling deployment back to 49 replicas
[ok] All pods terminated (replicas=0)
[info] Scaling deployment back to 17 replicas
[ok] Rollout completed after scale-to-zero
[verify] newest RS=newdeploy-ml-image-processing-default-a616-8254b24ce685-5789945b5f pods=17 ready=17
[ok] Verified newest ReplicaSet template resources match expected
[ok] Rollout completed after scale-to-zero
[verify] newest RS=newdeploy-ml-object-detection-default-beef-7bcaa92aa890-5bc4fb78cc pods=49 ready=49
[ok] Verified newest ReplicaSet template resources match expected
[info] Started Locust with PID 1533473
[info] start sleep for 30s
[info] sleep done
\Start sampling in parallel...
Workflow e2e p99 latency (56 completed in 16.7s, parallel, 8 workers): 3.423s
Average stage latencies:
  - ml-image-processing: 0.279s
  - ml-object-detection: 0.149s
================================================================================
objective      : energy
resource_config: [{'cpu_m': 300, 'memory_mi': 50}, {'cpu_m': 6000, 'memory_mi': 512}], latencies: {'ml-image-processing': 0.27915389119048734, 'ml-object-detection': 0.14852353031580737}, price_cost: 7849.251578, energy_cost: 393.166542, latency_p99 : 3.422807
wall_time_s    : 75.786
================================================================================

[info] Locust stopped
[info] Locust is not running
================================================================================

Batch  4: best_feasible_cost (random, qNEI) = (409.14352968644704, 386.1195903344979), best_constraint =  -0.192 (<=0 feasible), time = 235.29.
Best feasible resource configuration: [{'cpu_m': 300, 'memory_mi': 63}, {'cpu_m': 6000, 'memory_mi': 405}]

================================================================================
/home/cc/miniconda3/envs/faas/lib/python3.10/site-packages/botorch/acquisition/monte_carlo.py:502: NumericsWarning: qNoisyExpectedImprovement has known numerical issues that lead to suboptimal optimization performance. It is strongly recommended to simply replace

	 qNoisyExpectedImprovement 	 --> 	 qLogNoisyExpectedImprovement 

instead, which fixes the issues and has the same API. See https://arxiv.org/abs/2310.20708 for details.
  legacy_ei_numerics_warning(legacy_name=type(self).__name__)
Updating function ml-image-processing to cpu: 300m, memory: 65Mi
Updating Deployment resource configuration...

Updating function ml-object-detection to cpu: 5850m, memory: 400Mi
Updating Deployment resource configuration...

[info] Original replicas=17, selector='environmentName=ml-image-processing,environmentNamespace=default,environmentUid=8dcaa936-04ed-49cf-8ddf-36cdc234cbfd,executorType=newdeploy,functionName=ml-image-processing,functionNamespace=default,functionUid=d8529cac-3c02-4647-a616-8254b24ce685'
[info] Original replicas=49, selector='environmentName=yolo,environmentNamespace=default,environmentUid=4b5fef2f-7951-477c-a9c0-ef0af047a425,executorType=newdeploy,functionName=ml-object-detection,functionNamespace=default,functionUid=dc6d8a52-8de2-4fbb-beef-7bcaa92aa890'
[ok] Patched Deployment resources
[ok] Patched Deployment resources
[ok] Verified Deployment template resources: requests={'cpu': '300m', 'memory': '50Mi'} limits={'cpu': '300m', 'memory': '65Mi'}
[info] Scaling deployment to 0 replicas to force full pod replacement
[ok] Verified Deployment template resources: requests={'cpu': '1500m', 'memory': '400Mi'} limits={'cpu': '5850m', 'memory': '400Mi'}
[info] Scaling deployment to 0 replicas to force full pod replacement
[ok] All pods terminated (replicas=0)
[info] Scaling deployment back to 49 replicas
[ok] All pods terminated (replicas=0)
[info] Scaling deployment back to 17 replicas
[ok] Rollout completed after scale-to-zero
[verify] newest RS=newdeploy-ml-image-processing-default-a616-8254b24ce685-5bd79bfc49 pods=17 ready=17
[ok] Verified newest ReplicaSet template resources match expected
[ok] Rollout completed after scale-to-zero
[verify] newest RS=newdeploy-ml-object-detection-default-beef-7bcaa92aa890-7556869544 pods=49 ready=49
[ok] Verified newest ReplicaSet template resources match expected
[info] Started Locust with PID 1545131
[info] start sleep for 30s
[info] sleep done
\Start sampling in parallel...
Workflow e2e p99 latency (55 completed in 17.0s, parallel, 8 workers): 3.620s
Average stage latencies:
  - ml-image-processing: 0.288s
  - ml-object-detection: 0.151s
================================================================================
objective      : energy
resource_config: [{'cpu_m': 300, 'memory_mi': 65}, {'cpu_m': 5850, 'memory_mi': 400}], latencies: {'ml-image-processing': 0.2879237966019322, 'ml-object-detection': 0.15075670565393837}, price_cost: 7770.385783, energy_cost: 388.719941, latency_p99 : 3.620162
wall_time_s    : 74.796
================================================================================

[info] Locust stopped
Updating function ml-image-processing to cpu: 300m, memory: 60Mi
Updating Deployment resource configuration...

Updating function ml-object-detection to cpu: 6000m, memory: 442Mi
Updating Deployment resource configuration...

[info] Original replicas=17, selector='environmentName=ml-image-processing,environmentNamespace=default,environmentUid=8dcaa936-04ed-49cf-8ddf-36cdc234cbfd,executorType=newdeploy,functionName=ml-image-processing,functionNamespace=default,functionUid=d8529cac-3c02-4647-a616-8254b24ce685'
[info] Original replicas=49, selector='environmentName=yolo,environmentNamespace=default,environmentUid=4b5fef2f-7951-477c-a9c0-ef0af047a425,executorType=newdeploy,functionName=ml-object-detection,functionNamespace=default,functionUid=dc6d8a52-8de2-4fbb-beef-7bcaa92aa890'
[ok] Patched Deployment resources
[ok] Patched Deployment resources
[ok] Verified Deployment template resources: requests={'cpu': '300m', 'memory': '50Mi'} limits={'cpu': '300m', 'memory': '60Mi'}
[info] Scaling deployment to 0 replicas to force full pod replacement
[ok] Verified Deployment template resources: requests={'cpu': '1500m', 'memory': '400Mi'} limits={'cpu': '6', 'memory': '442Mi'}
[info] Scaling deployment to 0 replicas to force full pod replacement
[ok] All pods terminated (replicas=0)
[info] Scaling deployment back to 17 replicas
[ok] All pods terminated (replicas=0)
[info] Scaling deployment back to 49 replicas
[ok] Rollout completed after scale-to-zero
[verify] newest RS=newdeploy-ml-image-processing-default-a616-8254b24ce685-6cb44df686 pods=17 ready=17
[ok] Verified newest ReplicaSet template resources match expected
[ok] Rollout completed after scale-to-zero
[verify] newest RS=newdeploy-ml-object-detection-default-beef-7bcaa92aa890-68f765d674 pods=49 ready=49
[ok] Verified newest ReplicaSet template resources match expected
[info] Started Locust with PID 1555425
[info] start sleep for 30s
[info] sleep done
\Start sampling in parallel...
Workflow e2e p99 latency (53 completed in 17.7s, parallel, 8 workers): 2.683s
Average stage latencies:
  - ml-image-processing: 0.298s
  - ml-object-detection: 0.148s
================================================================================
objective      : energy
resource_config: [{'cpu_m': 300, 'memory_mi': 60}, {'cpu_m': 6000, 'memory_mi': 442}], latencies: {'ml-image-processing': 0.2979933454409101, 'ml-object-detection': 0.14809059876210565}, price_cost: 7838.292546, energy_cost: 383.520829, latency_p99 : 2.683346
wall_time_s    : 75.228
================================================================================

[info] Locust stopped
Updating function ml-image-processing to cpu: 301m, memory: 62Mi
Updating Deployment resource configuration...

Updating function ml-object-detection to cpu: 3944m, memory: 481Mi
Updating Deployment resource configuration...

[info] Original replicas=17, selector='environmentName=ml-image-processing,environmentNamespace=default,environmentUid=8dcaa936-04ed-49cf-8ddf-36cdc234cbfd,executorType=newdeploy,functionName=ml-image-processing,functionNamespace=default,functionUid=d8529cac-3c02-4647-a616-8254b24ce685'
[info] Original replicas=49, selector='environmentName=yolo,environmentNamespace=default,environmentUid=4b5fef2f-7951-477c-a9c0-ef0af047a425,executorType=newdeploy,functionName=ml-object-detection,functionNamespace=default,functionUid=dc6d8a52-8de2-4fbb-beef-7bcaa92aa890'
[ok] Patched Deployment resources
[ok] Patched Deployment resources
[ok] Verified Deployment template resources: requests={'cpu': '300m', 'memory': '50Mi'} limits={'cpu': '301m', 'memory': '62Mi'}
[info] Scaling deployment to 0 replicas to force full pod replacement
[ok] Verified Deployment template resources: requests={'cpu': '1500m', 'memory': '400Mi'} limits={'cpu': '3944m', 'memory': '481Mi'}
[info] Scaling deployment to 0 replicas to force full pod replacement
[ok] All pods terminated (replicas=0)
[info] Scaling deployment back to 17 replicas
[ok] All pods terminated (replicas=0)
[info] Scaling deployment back to 49 replicas
[ok] Rollout completed after scale-to-zero
[verify] newest RS=newdeploy-ml-image-processing-default-a616-8254b24ce685-8c9fccb56 pods=17 ready=17
[ok] Verified newest ReplicaSet template resources match expected
[ok] Rollout completed after scale-to-zero
[verify] newest RS=newdeploy-ml-object-detection-default-beef-7bcaa92aa890-858ff87b8b pods=49 ready=49
[ok] Verified newest ReplicaSet template resources match expected
[info] Started Locust with PID 1566135
[info] start sleep for 30s
[info] sleep done
\Start sampling in parallel...
Workflow e2e p99 latency (53 completed in 19.3s, parallel, 8 workers): 3.595s
Average stage latencies:
  - ml-image-processing: 0.272s
  - ml-object-detection: 0.224s
================================================================================
objective      : energy
resource_config: [{'cpu_m': 301, 'memory_mi': 62}, {'cpu_m': 3944, 'memory_mi': 481}], latencies: {'ml-image-processing': 0.27206507693308424, 'ml-object-detection': 0.22417226035745358}, price_cost: 7804.173256, energy_cost: 387.016361, latency_p99 : 3.594966
wall_time_s    : 77.678
================================================================================

[info] Locust stopped
[info] Locust is not running
================================================================================

Batch  5: best_feasible_cost (random, qNEI) = (409.14352968644704, 383.52082893899694), best_constraint =  -0.317 (<=0 feasible), time = 241.40.
Best feasible resource configuration: [{'cpu_m': 300, 'memory_mi': 60}, {'cpu_m': 6000, 'memory_mi': 442}]

================================================================================
/home/cc/miniconda3/envs/faas/lib/python3.10/site-packages/botorch/acquisition/monte_carlo.py:502: NumericsWarning: qNoisyExpectedImprovement has known numerical issues that lead to suboptimal optimization performance. It is strongly recommended to simply replace

	 qNoisyExpectedImprovement 	 --> 	 qLogNoisyExpectedImprovement 

instead, which fixes the issues and has the same API. See https://arxiv.org/abs/2310.20708 for details.
  legacy_ei_numerics_warning(legacy_name=type(self).__name__)
Updating function ml-image-processing to cpu: 599m, memory: 70Mi
Updating Deployment resource configuration...

Updating function ml-object-detection to cpu: 1500m, memory: 512Mi
Updating Deployment resource configuration...

[info] Original replicas=17, selector='environmentName=ml-image-processing,environmentNamespace=default,environmentUid=8dcaa936-04ed-49cf-8ddf-36cdc234cbfd,executorType=newdeploy,functionName=ml-image-processing,functionNamespace=default,functionUid=d8529cac-3c02-4647-a616-8254b24ce685'
[info] Original replicas=49, selector='environmentName=yolo,environmentNamespace=default,environmentUid=4b5fef2f-7951-477c-a9c0-ef0af047a425,executorType=newdeploy,functionName=ml-object-detection,functionNamespace=default,functionUid=dc6d8a52-8de2-4fbb-beef-7bcaa92aa890'
[ok] Patched Deployment resources
[ok] Patched Deployment resources
[ok] Verified Deployment template resources: requests={'cpu': '1500m', 'memory': '400Mi'} limits={'cpu': '1500m', 'memory': '512Mi'}
[info] Scaling deployment to 0 replicas to force full pod replacement
[ok] Verified Deployment template resources: requests={'cpu': '300m', 'memory': '50Mi'} limits={'cpu': '599m', 'memory': '70Mi'}
[info] Scaling deployment to 0 replicas to force full pod replacement
[ok] All pods terminated (replicas=0)
[info] Scaling deployment back to 49 replicas
[ok] All pods terminated (replicas=0)
[info] Scaling deployment back to 17 replicas
[ok] Rollout completed after scale-to-zero
[verify] newest RS=newdeploy-ml-image-processing-default-a616-8254b24ce685-68fc994b5 pods=17 ready=17
[ok] Verified newest ReplicaSet template resources match expected
[ok] Rollout completed after scale-to-zero
[verify] newest RS=newdeploy-ml-object-detection-default-beef-7bcaa92aa890-5df586f94d pods=49 ready=49
[ok] Verified newest ReplicaSet template resources match expected
[info] Started Locust with PID 1577551
[info] start sleep for 30s
[info] sleep done
\Start sampling in parallel...
Workflow e2e p99 latency (36 completed in 21.4s, parallel, 8 workers): 9.000s
Average stage latencies:
  - ml-image-processing: 0.110s
  - ml-object-detection: 0.872s
================================================================================
objective      : energy
resource_config: [{'cpu_m': 599, 'memory_mi': 70}, {'cpu_m': 1500, 'memory_mi': 512}], latencies: {'ml-image-processing': 0.11027063365542779, 'ml-object-detection': 0.8721237694672136}, price_cost: 11554.485122, energy_cost: 303.516269, latency_p99 : 9.000000
wall_time_s    : 83.159
================================================================================

[info] Locust stopped
Updating function ml-image-processing to cpu: 651m, memory: 50Mi
Updating Deployment resource configuration...

Updating function ml-object-detection to cpu: 1500m, memory: 400Mi
Updating Deployment resource configuration...

[info] Original replicas=17, selector='environmentName=ml-image-processing,environmentNamespace=default,environmentUid=8dcaa936-04ed-49cf-8ddf-36cdc234cbfd,executorType=newdeploy,functionName=ml-image-processing,functionNamespace=default,functionUid=d8529cac-3c02-4647-a616-8254b24ce685'
[info] Original replicas=49, selector='environmentName=yolo,environmentNamespace=default,environmentUid=4b5fef2f-7951-477c-a9c0-ef0af047a425,executorType=newdeploy,functionName=ml-object-detection,functionNamespace=default,functionUid=dc6d8a52-8de2-4fbb-beef-7bcaa92aa890'
[ok] Patched Deployment resources
[ok] Patched Deployment resources
[ok] Verified Deployment template resources: requests={'cpu': '1500m', 'memory': '400Mi'} limits={'cpu': '1500m', 'memory': '400Mi'}
[info] Scaling deployment to 0 replicas to force full pod replacement
[ok] Verified Deployment template resources: requests={'cpu': '300m', 'memory': '50Mi'} limits={'cpu': '651m', 'memory': '50Mi'}
[info] Scaling deployment to 0 replicas to force full pod replacement
[ok] All pods terminated (replicas=0)
[info] Scaling deployment back to 49 replicas
[ok] All pods terminated (replicas=0)
[info] Scaling deployment back to 17 replicas
[ok] Deleted HPA newdeploy-ml-object-detection-default-beef-7bcaa92aa890
[ok] Rollout completed after scale-to-zero
[verify] newest RS=newdeploy-ml-image-processing-default-a616-8254b24ce685-6894677849 pods=17 ready=17
[ok] Verified newest ReplicaSet template resources match expected
[ok] Rollout completed after scale-to-zero
[verify] newest RS=newdeploy-ml-object-detection-default-beef-7bcaa92aa890-57d74c9db8 pods=49 ready=49
[ok] Verified newest ReplicaSet template resources match expected
[info] Started Locust with PID 1588708
[info] start sleep for 30s
[info] sleep done
\Start sampling in parallel...
Workflow e2e p99 latency (31 completed in 20.0s, parallel, 8 workers): 9.000s
Average stage latencies:
  - ml-image-processing: 0.093s
  - ml-object-detection: 0.881s
================================================================================
objective      : energy
resource_config: [{'cpu_m': 651, 'memory_mi': 50}, {'cpu_m': 1500, 'memory_mi': 400}], latencies: {'ml-image-processing': 0.09275537998856682, 'ml-object-detection': 0.8805430440575277}, price_cost: 11587.384767, energy_cost: 305.499942, latency_p99 : 9.000000
wall_time_s    : 76.364
================================================================================

[info] Locust stopped
Updating function ml-image-processing to cpu: 332m, memory: 70Mi
Updating Deployment resource configuration...

Updating function ml-object-detection to cpu: 1500m, memory: 512Mi
Updating Deployment resource configuration...

[info] Original replicas=49, selector='environmentName=yolo,environmentNamespace=default,environmentUid=4b5fef2f-7951-477c-a9c0-ef0af047a425,executorType=newdeploy,functionName=ml-object-detection,functionNamespace=default,functionUid=dc6d8a52-8de2-4fbb-beef-7bcaa92aa890'
[info] Original replicas=17, selector='environmentName=ml-image-processing,environmentNamespace=default,environmentUid=8dcaa936-04ed-49cf-8ddf-36cdc234cbfd,executorType=newdeploy,functionName=ml-image-processing,functionNamespace=default,functionUid=d8529cac-3c02-4647-a616-8254b24ce685'
[ok] Patched Deployment resources
[ok] Patched Deployment resources
[ok] Verified Deployment template resources: requests={'cpu': '1500m', 'memory': '400Mi'} limits={'cpu': '1500m', 'memory': '512Mi'}
[info] Scaling deployment to 0 replicas to force full pod replacement
[ok] Verified Deployment template resources: requests={'cpu': '300m', 'memory': '50Mi'} limits={'cpu': '332m', 'memory': '70Mi'}
[info] Scaling deployment to 0 replicas to force full pod replacement
[ok] All pods terminated (replicas=0)
[info] Scaling deployment back to 49 replicas
[ok] All pods terminated (replicas=0)
[info] Scaling deployment back to 17 replicas
[ok] Deleted HPA newdeploy-ml-object-detection-default-beef-7bcaa92aa890
[ok] Rollout completed after scale-to-zero
[verify] newest RS=newdeploy-ml-image-processing-default-a616-8254b24ce685-dd79955cf pods=17 ready=17
[ok] Verified newest ReplicaSet template resources match expected
[ok] Rollout completed after scale-to-zero
[verify] newest RS=newdeploy-ml-object-detection-default-beef-7bcaa92aa890-5df586f94d pods=49 ready=49
[ok] Verified newest ReplicaSet template resources match expected
[info] Started Locust with PID 1599325
[info] start sleep for 30s
[info] sleep done
\Start sampling in parallel...
Workflow e2e p99 latency (31 completed in 22.2s, parallel, 8 workers): 9.000s
Average stage latencies:
  - ml-image-processing: 0.231s
  - ml-object-detection: 0.892s
================================================================================
objective      : energy
resource_config: [{'cpu_m': 332, 'memory_mi': 70}, {'cpu_m': 1500, 'memory_mi': 512}], latencies: {'ml-image-processing': 0.23095388006832865, 'ml-object-detection': 0.8922277504267792}, price_cost: 11849.334353, energy_cost: 298.426995, latency_p99 : 9.000000
wall_time_s    : 80.047
================================================================================

[info] Locust stopped
[info] Locust is not running
================================================================================

Batch  6: best_feasible_cost (random, qNEI) = (409.14352968644704, 383.52082893899694), best_constraint =  -0.317 (<=0 feasible), time = 248.30.
Best feasible resource configuration: [{'cpu_m': 300, 'memory_mi': 60}, {'cpu_m': 6000, 'memory_mi': 442}]

================================================================================
/home/cc/miniconda3/envs/faas/lib/python3.10/site-packages/botorch/acquisition/monte_carlo.py:502: NumericsWarning: qNoisyExpectedImprovement has known numerical issues that lead to suboptimal optimization performance. It is strongly recommended to simply replace

	 qNoisyExpectedImprovement 	 --> 	 qLogNoisyExpectedImprovement 

instead, which fixes the issues and has the same API. See https://arxiv.org/abs/2310.20708 for details.
  legacy_ei_numerics_warning(legacy_name=type(self).__name__)
Updating function ml-image-processing to cpu: 300m, memory: 58Mi
Updating Deployment resource configuration...

Updating function ml-object-detection to cpu: 1500m, memory: 504Mi
Updating Deployment resource configuration...

[info] Original replicas=49, selector='environmentName=yolo,environmentNamespace=default,environmentUid=4b5fef2f-7951-477c-a9c0-ef0af047a425,executorType=newdeploy,functionName=ml-object-detection,functionNamespace=default,functionUid=dc6d8a52-8de2-4fbb-beef-7bcaa92aa890'
[info] Original replicas=17, selector='environmentName=ml-image-processing,environmentNamespace=default,environmentUid=8dcaa936-04ed-49cf-8ddf-36cdc234cbfd,executorType=newdeploy,functionName=ml-image-processing,functionNamespace=default,functionUid=d8529cac-3c02-4647-a616-8254b24ce685'
[ok] Patched Deployment resources
[ok] Patched Deployment resources
[ok] Verified Deployment template resources: requests={'cpu': '300m', 'memory': '50Mi'} limits={'cpu': '300m', 'memory': '58Mi'}
[info] Scaling deployment to 0 replicas to force full pod replacement
[ok] Verified Deployment template resources: requests={'cpu': '1500m', 'memory': '400Mi'} limits={'cpu': '1500m', 'memory': '504Mi'}
[info] Scaling deployment to 0 replicas to force full pod replacement
[ok] All pods terminated (replicas=0)
[info] Scaling deployment back to 17 replicas
[ok] All pods terminated (replicas=0)
[info] Scaling deployment back to 49 replicas
[ok] Deleted HPA newdeploy-ml-object-detection-default-beef-7bcaa92aa890
[ok] Rollout completed after scale-to-zero
[verify] newest RS=newdeploy-ml-image-processing-default-a616-8254b24ce685-54cc75f46b pods=17 ready=17
[ok] Verified newest ReplicaSet template resources match expected
[ok] Rollout completed after scale-to-zero
[verify] newest RS=newdeploy-ml-object-detection-default-beef-7bcaa92aa890-7f45b4f655 pods=49 ready=49
[ok] Verified newest ReplicaSet template resources match expected
[info] Started Locust with PID 1611251
[info] start sleep for 30s
[info] sleep done
\Start sampling in parallel...
Workflow e2e p99 latency (33 completed in 21.9s, parallel, 8 workers): 9.000s
Average stage latencies:
  - ml-image-processing: 0.270s
  - ml-object-detection: 0.921s
================================================================================
objective      : energy
resource_config: [{'cpu_m': 300, 'memory_mi': 58}, {'cpu_m': 1500, 'memory_mi': 504}], latencies: {'ml-image-processing': 0.2704211853755017, 'ml-object-detection': 0.920881448513163}, price_cost: 12231.067970, energy_cost: 295.075468, latency_p99 : 9.000000
wall_time_s    : 82.753
================================================================================

[info] Locust stopped
Updating function ml-image-processing to cpu: 800m, memory: 70Mi
Updating Deployment resource configuration...

Updating function ml-object-detection to cpu: 6000m, memory: 464Mi
Updating Deployment resource configuration...

[info] Original replicas=17, selector='environmentName=ml-image-processing,environmentNamespace=default,environmentUid=8dcaa936-04ed-49cf-8ddf-36cdc234cbfd,executorType=newdeploy,functionName=ml-image-processing,functionNamespace=default,functionUid=d8529cac-3c02-4647-a616-8254b24ce685'
[info] Original replicas=49, selector='environmentName=yolo,environmentNamespace=default,environmentUid=4b5fef2f-7951-477c-a9c0-ef0af047a425,executorType=newdeploy,functionName=ml-object-detection,functionNamespace=default,functionUid=dc6d8a52-8de2-4fbb-beef-7bcaa92aa890'
[ok] Patched Deployment resources
[ok] Patched Deployment resources
[ok] Verified Deployment template resources: requests={'cpu': '1500m', 'memory': '400Mi'} limits={'cpu': '6', 'memory': '464Mi'}
[info] Scaling deployment to 0 replicas to force full pod replacement
[ok] Verified Deployment template resources: requests={'cpu': '300m', 'memory': '50Mi'} limits={'cpu': '800m', 'memory': '70Mi'}
[info] Scaling deployment to 0 replicas to force full pod replacement
[ok] All pods terminated (replicas=0)
[info] Scaling deployment back to 49 replicas
[ok] All pods terminated (replicas=0)
[info] Scaling deployment back to 17 replicas
[ok] Deleted HPA newdeploy-ml-object-detection-default-beef-7bcaa92aa890
[ok] Rollout completed after scale-to-zero
[verify] newest RS=newdeploy-ml-image-processing-default-a616-8254b24ce685-7f5cd7b88c pods=17 ready=17
[ok] Verified newest ReplicaSet template resources match expected
[ok] Rollout completed after scale-to-zero
[verify] newest RS=newdeploy-ml-object-detection-default-beef-7bcaa92aa890-65466ddf69 pods=49 ready=49
[ok] Verified newest ReplicaSet template resources match expected
[info] Started Locust with PID 1622266
[info] start sleep for 30s
[info] sleep done
\Start sampling in parallel...
Workflow e2e p99 latency (77 completed in 16.9s, parallel, 8 workers): 1.010s
Average stage latencies:
  - ml-image-processing: 0.116s
  - ml-object-detection: 0.166s
================================================================================
objective      : energy
resource_config: [{'cpu_m': 800, 'memory_mi': 70}, {'cpu_m': 6000, 'memory_mi': 464}], latencies: {'ml-image-processing': 0.11552446480695304, 'ml-object-detection': 0.16553296748089133}, price_cost: 8739.126442, energy_cost: 465.671079, latency_p99 : 1.010091
wall_time_s    : 74.479
================================================================================

[info] Locust stopped
Updating function ml-image-processing to cpu: 566m, memory: 50Mi
Updating Deployment resource configuration...

Updating function ml-object-detection to cpu: 1500m, memory: 400Mi
Updating Deployment resource configuration...

[info] Original replicas=17, selector='environmentName=ml-image-processing,environmentNamespace=default,environmentUid=8dcaa936-04ed-49cf-8ddf-36cdc234cbfd,executorType=newdeploy,functionName=ml-image-processing,functionNamespace=default,functionUid=d8529cac-3c02-4647-a616-8254b24ce685'
[info] Original replicas=49, selector='environmentName=yolo,environmentNamespace=default,environmentUid=4b5fef2f-7951-477c-a9c0-ef0af047a425,executorType=newdeploy,functionName=ml-object-detection,functionNamespace=default,functionUid=dc6d8a52-8de2-4fbb-beef-7bcaa92aa890'
[ok] Patched Deployment resources
[ok] Patched Deployment resources
[ok] Verified Deployment template resources: requests={'cpu': '300m', 'memory': '50Mi'} limits={'cpu': '566m', 'memory': '50Mi'}
[info] Scaling deployment to 0 replicas to force full pod replacement
[ok] Verified Deployment template resources: requests={'cpu': '1500m', 'memory': '400Mi'} limits={'cpu': '1500m', 'memory': '400Mi'}
[info] Scaling deployment to 0 replicas to force full pod replacement
[ok] All pods terminated (replicas=0)
[info] Scaling deployment back to 49 replicas
[ok] All pods terminated (replicas=0)
[info] Scaling deployment back to 17 replicas
[ok] Rollout completed after scale-to-zero
[verify] newest RS=newdeploy-ml-image-processing-default-a616-8254b24ce685-8698ddfc99 pods=17 ready=17
[ok] Verified newest ReplicaSet template resources match expected
[ok] Rollout completed after scale-to-zero
[verify] newest RS=newdeploy-ml-object-detection-default-beef-7bcaa92aa890-57d74c9db8 pods=49 ready=49
[ok] Verified newest ReplicaSet template resources match expected
[info] Started Locust with PID 1632755
[info] start sleep for 30s
[info] sleep done
\Start sampling in parallel...
Workflow e2e p99 latency (34 completed in 19.6s, parallel, 8 workers): 9.000s
Average stage latencies:
  - ml-image-processing: 0.109s
  - ml-object-detection: 0.862s
================================================================================
objective      : energy
resource_config: [{'cpu_m': 566, 'memory_mi': 50}, {'cpu_m': 1500, 'memory_mi': 400}], latencies: {'ml-image-processing': 0.10943509416062046, 'ml-object-detection': 0.8621890271632847}, price_cost: 11354.331564, energy_cost: 306.834351, latency_p99 : 9.000000
wall_time_s    : 77.748
================================================================================

[info] Locust stopped
[info] Locust is not running
================================================================================

Batch  7: best_feasible_cost (random, qNEI) = (409.14352968644704, 383.52082893899694), best_constraint =  -0.317 (<=0 feasible), time = 242.32.
Best feasible resource configuration: [{'cpu_m': 300, 'memory_mi': 60}, {'cpu_m': 6000, 'memory_mi': 442}]

================================================================================
/home/cc/miniconda3/envs/faas/lib/python3.10/site-packages/botorch/acquisition/monte_carlo.py:502: NumericsWarning: qNoisyExpectedImprovement has known numerical issues that lead to suboptimal optimization performance. It is strongly recommended to simply replace

	 qNoisyExpectedImprovement 	 --> 	 qLogNoisyExpectedImprovement 

instead, which fixes the issues and has the same API. See https://arxiv.org/abs/2310.20708 for details.
  legacy_ei_numerics_warning(legacy_name=type(self).__name__)
Updating function ml-image-processing to cpu: 734m, memory: 50Mi
Updating Deployment resource configuration...

Updating function ml-object-detection to cpu: 5095m, memory: 485Mi
Updating Deployment resource configuration...

[info] Original replicas=17, selector='environmentName=ml-image-processing,environmentNamespace=default,environmentUid=8dcaa936-04ed-49cf-8ddf-36cdc234cbfd,executorType=newdeploy,functionName=ml-image-processing,functionNamespace=default,functionUid=d8529cac-3c02-4647-a616-8254b24ce685'
[info] Original replicas=49, selector='environmentName=yolo,environmentNamespace=default,environmentUid=4b5fef2f-7951-477c-a9c0-ef0af047a425,executorType=newdeploy,functionName=ml-object-detection,functionNamespace=default,functionUid=dc6d8a52-8de2-4fbb-beef-7bcaa92aa890'
[ok] Patched Deployment resources
[ok] Patched Deployment resources
[ok] Verified Deployment template resources: requests={'cpu': '1500m', 'memory': '400Mi'} limits={'cpu': '5095m', 'memory': '485Mi'}
[info] Scaling deployment to 0 replicas to force full pod replacement
[ok] Verified Deployment template resources: requests={'cpu': '300m', 'memory': '50Mi'} limits={'cpu': '734m', 'memory': '50Mi'}
[info] Scaling deployment to 0 replicas to force full pod replacement
[ok] All pods terminated (replicas=0)
[info] Scaling deployment back to 49 replicas
[ok] All pods terminated (replicas=0)
[info] Scaling deployment back to 17 replicas
[ok] Deleted HPA newdeploy-ml-object-detection-default-beef-7bcaa92aa890
[ok] Rollout completed after scale-to-zero
[verify] newest RS=newdeploy-ml-image-processing-default-a616-8254b24ce685-7888b5d685 pods=17 ready=17
[ok] Verified newest ReplicaSet template resources match expected
[ok] Rollout completed after scale-to-zero
[verify] newest RS=newdeploy-ml-object-detection-default-beef-7bcaa92aa890-84b6677677 pods=49 ready=49
[ok] Verified newest ReplicaSet template resources match expected
[info] Started Locust with PID 1644432
[info] start sleep for 30s
[info] sleep done
\Start sampling in parallel...
Workflow e2e p99 latency (73 completed in 16.6s, parallel, 8 workers): 1.373s
Average stage latencies:
  - ml-image-processing: 0.119s
  - ml-object-detection: 0.204s
================================================================================
objective      : energy
resource_config: [{'cpu_m': 734, 'memory_mi': 50}, {'cpu_m': 5095, 'memory_mi': 485}], latencies: {'ml-image-processing': 0.11930107558146119, 'ml-object-detection': 0.2044285034110183}, price_cost: 9147.869660, energy_cost: 467.786772, latency_p99 : 1.372632
wall_time_s    : 72.577
================================================================================

[info] Locust stopped
Updating function ml-image-processing to cpu: 443m, memory: 66Mi
Updating Deployment resource configuration...

Updating function ml-object-detection to cpu: 4354m, memory: 400Mi
Updating Deployment resource configuration...

[info] Original replicas=17, selector='environmentName=ml-image-processing,environmentNamespace=default,environmentUid=8dcaa936-04ed-49cf-8ddf-36cdc234cbfd,executorType=newdeploy,functionName=ml-image-processing,functionNamespace=default,functionUid=d8529cac-3c02-4647-a616-8254b24ce685'
[info] Original replicas=49, selector='environmentName=yolo,environmentNamespace=default,environmentUid=4b5fef2f-7951-477c-a9c0-ef0af047a425,executorType=newdeploy,functionName=ml-object-detection,functionNamespace=default,functionUid=dc6d8a52-8de2-4fbb-beef-7bcaa92aa890'
[ok] Patched Deployment resources
[ok] Patched Deployment resources
[ok] Verified Deployment template resources: requests={'cpu': '300m', 'memory': '50Mi'} limits={'cpu': '443m', 'memory': '66Mi'}
[info] Scaling deployment to 0 replicas to force full pod replacement
[ok] Verified Deployment template resources: requests={'cpu': '1500m', 'memory': '400Mi'} limits={'cpu': '4354m', 'memory': '400Mi'}
[info] Scaling deployment to 0 replicas to force full pod replacement
[ok] All pods terminated (replicas=0)
[info] Scaling deployment back to 49 replicas
[ok] All pods terminated (replicas=0)
[info] Scaling deployment back to 17 replicas
[ok] Rollout completed after scale-to-zero
[verify] newest RS=newdeploy-ml-image-processing-default-a616-8254b24ce685-5f49f8b787 pods=17 ready=17
[ok] Verified newest ReplicaSet template resources match expected
[ok] Rollout completed after scale-to-zero
[verify] newest RS=newdeploy-ml-object-detection-default-beef-7bcaa92aa890-667bd95b76 pods=49 ready=49
[ok] Verified newest ReplicaSet template resources match expected
[info] Started Locust with PID 1654440
[info] start sleep for 30s
[info] sleep done
\Start sampling in parallel...
Workflow e2e p99 latency (62 completed in 16.9s, parallel, 8 workers): 2.174s
Average stage latencies:
  - ml-image-processing: 0.188s
  - ml-object-detection: 0.230s
================================================================================
objective      : energy
resource_config: [{'cpu_m': 443, 'memory_mi': 66}, {'cpu_m': 4354, 'memory_mi': 400}], latencies: {'ml-image-processing': 0.18817458952957344, 'ml-object-detection': 0.2299696588062591}, price_cost: 8791.121199, energy_cost: 433.976971, latency_p99 : 2.173816
wall_time_s    : 73.639
================================================================================

[info] Locust stopped
Updating function ml-image-processing to cpu: 475m, memory: 53Mi
Updating Deployment resource configuration...

Updating function ml-object-detection to cpu: 4333m, memory: 400Mi
Updating Deployment resource configuration...

[info] Original replicas=49, selector='environmentName=yolo,environmentNamespace=default,environmentUid=4b5fef2f-7951-477c-a9c0-ef0af047a425,executorType=newdeploy,functionName=ml-object-detection,functionNamespace=default,functionUid=dc6d8a52-8de2-4fbb-beef-7bcaa92aa890'
[info] Original replicas=17, selector='environmentName=ml-image-processing,environmentNamespace=default,environmentUid=8dcaa936-04ed-49cf-8ddf-36cdc234cbfd,executorType=newdeploy,functionName=ml-image-processing,functionNamespace=default,functionUid=d8529cac-3c02-4647-a616-8254b24ce685'
[ok] Patched Deployment resources
[ok] Patched Deployment resources
[ok] Verified Deployment template resources: requests={'cpu': '1500m', 'memory': '400Mi'} limits={'cpu': '4333m', 'memory': '400Mi'}
[info] Scaling deployment to 0 replicas to force full pod replacement
[ok] Verified Deployment template resources: requests={'cpu': '300m', 'memory': '50Mi'} limits={'cpu': '475m', 'memory': '53Mi'}
[info] Scaling deployment to 0 replicas to force full pod replacement
[ok] All pods terminated (replicas=0)
[info] Scaling deployment back to 17 replicas
[ok] All pods terminated (replicas=0)
[info] Scaling deployment back to 49 replicas
[ok] Rollout completed after scale-to-zero
[verify] newest RS=newdeploy-ml-image-processing-default-a616-8254b24ce685-5dcc985798 pods=17 ready=17
[ok] Verified newest ReplicaSet template resources match expected
[ok] Rollout completed after scale-to-zero
[verify] newest RS=newdeploy-ml-object-detection-default-beef-7bcaa92aa890-7647fd769b pods=49 ready=49
[ok] Verified newest ReplicaSet template resources match expected
[info] Started Locust with PID 1664661
[info] start sleep for 30s
[info] sleep done
\Start sampling in parallel...
Workflow e2e p99 latency (68 completed in 17.5s, parallel, 8 workers): 2.010s
Average stage latencies:
  - ml-image-processing: 0.177s
  - ml-object-detection: 0.220s
================================================================================
objective      : energy
resource_config: [{'cpu_m': 475, 'memory_mi': 53}, {'cpu_m': 4333, 'memory_mi': 400}], latencies: {'ml-image-processing': 0.17672915556057192, 'ml-object-detection': 0.22000618347459855}, price_cost: 8382.896013, energy_cost: 438.608321, latency_p99 : 2.009677
wall_time_s    : 76.388
================================================================================

[info] Locust stopped
[info] Locust is not running
================================================================================

Batch  8: best_feasible_cost (random, qNEI) = (409.14352968644704, 383.52082893899694), best_constraint =  -0.317 (<=0 feasible), time = 233.30.
Best feasible resource configuration: [{'cpu_m': 300, 'memory_mi': 60}, {'cpu_m': 6000, 'memory_mi': 442}]

================================================================================
/home/cc/miniconda3/envs/faas/lib/python3.10/site-packages/botorch/acquisition/monte_carlo.py:502: NumericsWarning: qNoisyExpectedImprovement has known numerical issues that lead to suboptimal optimization performance. It is strongly recommended to simply replace

	 qNoisyExpectedImprovement 	 --> 	 qLogNoisyExpectedImprovement 

instead, which fixes the issues and has the same API. See https://arxiv.org/abs/2310.20708 for details.
  legacy_ei_numerics_warning(legacy_name=type(self).__name__)
Updating function ml-image-processing to cpu: 627m, memory: 68Mi
Updating Deployment resource configuration...

Updating function ml-object-detection to cpu: 4112m, memory: 508Mi
Updating Deployment resource configuration...

[info] Original replicas=17, selector='environmentName=ml-image-processing,environmentNamespace=default,environmentUid=8dcaa936-04ed-49cf-8ddf-36cdc234cbfd,executorType=newdeploy,functionName=ml-image-processing,functionNamespace=default,functionUid=d8529cac-3c02-4647-a616-8254b24ce685'
[info] Original replicas=49, selector='environmentName=yolo,environmentNamespace=default,environmentUid=4b5fef2f-7951-477c-a9c0-ef0af047a425,executorType=newdeploy,functionName=ml-object-detection,functionNamespace=default,functionUid=dc6d8a52-8de2-4fbb-beef-7bcaa92aa890'
[ok] Patched Deployment resources
[ok] Patched Deployment resources
[ok] Verified Deployment template resources: requests={'cpu': '300m', 'memory': '50Mi'} limits={'cpu': '627m', 'memory': '68Mi'}
[info] Scaling deployment to 0 replicas to force full pod replacement
[ok] Verified Deployment template resources: requests={'cpu': '1500m', 'memory': '400Mi'} limits={'cpu': '4112m', 'memory': '508Mi'}
[info] Scaling deployment to 0 replicas to force full pod replacement
[ok] All pods terminated (replicas=0)
[info] Scaling deployment back to 49 replicas
[ok] All pods terminated (replicas=0)
[info] Scaling deployment back to 17 replicas
[ok] Rollout completed after scale-to-zero
[verify] newest RS=newdeploy-ml-image-processing-default-a616-8254b24ce685-868dd85f48 pods=17 ready=17
[ok] Verified newest ReplicaSet template resources match expected
[ok] Rollout completed after scale-to-zero
[verify] newest RS=newdeploy-ml-object-detection-default-beef-7bcaa92aa890-858b79dd6c pods=49 ready=49
[ok] Verified newest ReplicaSet template resources match expected
[info] Started Locust with PID 1676125
[info] start sleep for 30s
[info] sleep done
\Start sampling in parallel...
Workflow e2e p99 latency (68 completed in 16.6s, parallel, 8 workers): 3.416s
Average stage latencies:
  - ml-image-processing: 0.117s
  - ml-object-detection: 0.248s
================================================================================
objective      : energy
resource_config: [{'cpu_m': 627, 'memory_mi': 68}, {'cpu_m': 4112, 'memory_mi': 508}], latencies: {'ml-image-processing': 0.1173179536126554, 'ml-object-detection': 0.24800994473865584}, price_cost: 8938.924650, energy_cost: 450.111790, latency_p99 : 3.416151
wall_time_s    : 73.387
================================================================================

[info] Locust stopped
Updating function ml-image-processing to cpu: 637m, memory: 70Mi
Updating Deployment resource configuration...

Updating function ml-object-detection to cpu: 4340m, memory: 512Mi
Updating Deployment resource configuration...

[info] Original replicas=49, selector='environmentName=yolo,environmentNamespace=default,environmentUid=4b5fef2f-7951-477c-a9c0-ef0af047a425,executorType=newdeploy,functionName=ml-object-detection,functionNamespace=default,functionUid=dc6d8a52-8de2-4fbb-beef-7bcaa92aa890'
[info] Original replicas=17, selector='environmentName=ml-image-processing,environmentNamespace=default,environmentUid=8dcaa936-04ed-49cf-8ddf-36cdc234cbfd,executorType=newdeploy,functionName=ml-image-processing,functionNamespace=default,functionUid=d8529cac-3c02-4647-a616-8254b24ce685'
[ok] Patched Deployment resources
[ok] Patched Deployment resources
[ok] Verified Deployment template resources: requests={'cpu': '300m', 'memory': '50Mi'} limits={'cpu': '637m', 'memory': '70Mi'}
[info] Scaling deployment to 0 replicas to force full pod replacement
[ok] Verified Deployment template resources: requests={'cpu': '1500m', 'memory': '400Mi'} limits={'cpu': '4340m', 'memory': '512Mi'}
[info] Scaling deployment to 0 replicas to force full pod replacement
[ok] All pods terminated (replicas=0)
[info] Scaling deployment back to 49 replicas
[ok] All pods terminated (replicas=0)
[info] Scaling deployment back to 17 replicas
[ok] Rollout completed after scale-to-zero
[verify] newest RS=newdeploy-ml-image-processing-default-a616-8254b24ce685-6c4fd9c879 pods=17 ready=17
[ok] Verified newest ReplicaSet template resources match expected
[ok] Rollout completed after scale-to-zero
[verify] newest RS=newdeploy-ml-object-detection-default-beef-7bcaa92aa890-56d66cc44 pods=49 ready=49
[ok] Verified newest ReplicaSet template resources match expected
[info] Started Locust with PID 1686570
[info] start sleep for 30s
[info] sleep done
\Start sampling in parallel...
Workflow e2e p99 latency (70 completed in 16.6s, parallel, 8 workers): 1.846s
Average stage latencies:
  - ml-image-processing: 0.134s
  - ml-object-detection: 0.237s
================================================================================
objective      : energy
resource_config: [{'cpu_m': 637, 'memory_mi': 70}, {'cpu_m': 4340, 'memory_mi': 512}], latencies: {'ml-image-processing': 0.13371581182415995, 'ml-object-detection': 0.23704769604706338}, price_cost: 9046.638826, energy_cost: 454.886447, latency_p99 : 1.845701
wall_time_s    : 72.254
================================================================================

[info] Locust stopped
Updating function ml-image-processing to cpu: 540m, memory: 52Mi
Updating Deployment resource configuration...

Updating function ml-object-detection to cpu: 4492m, memory: 400Mi
Updating Deployment resource configuration...

[info] Original replicas=17, selector='environmentName=ml-image-processing,environmentNamespace=default,environmentUid=8dcaa936-04ed-49cf-8ddf-36cdc234cbfd,executorType=newdeploy,functionName=ml-image-processing,functionNamespace=default,functionUid=d8529cac-3c02-4647-a616-8254b24ce685'
[info] Original replicas=49, selector='environmentName=yolo,environmentNamespace=default,environmentUid=4b5fef2f-7951-477c-a9c0-ef0af047a425,executorType=newdeploy,functionName=ml-object-detection,functionNamespace=default,functionUid=dc6d8a52-8de2-4fbb-beef-7bcaa92aa890'
[ok] Patched Deployment resources
[ok] Patched Deployment resources
[ok] Verified Deployment template resources: requests={'cpu': '1500m', 'memory': '400Mi'} limits={'cpu': '4492m', 'memory': '400Mi'}
[info] Scaling deployment to 0 replicas to force full pod replacement
[ok] Verified Deployment template resources: requests={'cpu': '300m', 'memory': '50Mi'} limits={'cpu': '540m', 'memory': '52Mi'}
[info] Scaling deployment to 0 replicas to force full pod replacement
[ok] All pods terminated (replicas=0)
[info] Scaling deployment back to 49 replicas
[ok] All pods terminated (replicas=0)
[info] Scaling deployment back to 17 replicas
[ok] Rollout completed after scale-to-zero
[verify] newest RS=newdeploy-ml-image-processing-default-a616-8254b24ce685-94f8779c5 pods=17 ready=17
[ok] Verified newest ReplicaSet template resources match expected
[ok] Rollout completed after scale-to-zero
[verify] newest RS=newdeploy-ml-object-detection-default-beef-7bcaa92aa890-7fc45cc59b pods=49 ready=49
[ok] Verified newest ReplicaSet template resources match expected
[info] Started Locust with PID 1696783
[info] start sleep for 30s
[info] sleep done
\Start sampling in parallel...
Workflow e2e p99 latency (69 completed in 16.8s, parallel, 8 workers): 1.532s
Average stage latencies:
  - ml-image-processing: 0.164s
  - ml-object-detection: 0.218s
================================================================================
objective      : energy
resource_config: [{'cpu_m': 540, 'memory_mi': 52}, {'cpu_m': 4492, 'memory_mi': 400}], latencies: {'ml-image-processing': 0.1643355236105297, 'ml-object-detection': 0.21758680845327352}, price_cost: 8600.649821, energy_cost: 448.118123, latency_p99 : 1.531932
wall_time_s    : 72.959
================================================================================

[info] Locust stopped
[info] Locust is not running
================================================================================

Batch  9: best_feasible_cost (random, qNEI) = (409.14352968644704, 383.52082893899694), best_constraint =  -0.317 (<=0 feasible), time = 229.19.
Best feasible resource configuration: [{'cpu_m': 300, 'memory_mi': 60}, {'cpu_m': 6000, 'memory_mi': 442}]

================================================================================
/home/cc/miniconda3/envs/faas/lib/python3.10/site-packages/botorch/acquisition/monte_carlo.py:502: NumericsWarning: qNoisyExpectedImprovement has known numerical issues that lead to suboptimal optimization performance. It is strongly recommended to simply replace

	 qNoisyExpectedImprovement 	 --> 	 qLogNoisyExpectedImprovement 

instead, which fixes the issues and has the same API. See https://arxiv.org/abs/2310.20708 for details.
  legacy_ei_numerics_warning(legacy_name=type(self).__name__)
Updating function ml-image-processing to cpu: 665m, memory: 56Mi
Updating Deployment resource configuration...

Updating function ml-object-detection to cpu: 4610m, memory: 464Mi
Updating Deployment resource configuration...

[info] Original replicas=17, selector='environmentName=ml-image-processing,environmentNamespace=default,environmentUid=8dcaa936-04ed-49cf-8ddf-36cdc234cbfd,executorType=newdeploy,functionName=ml-image-processing,functionNamespace=default,functionUid=d8529cac-3c02-4647-a616-8254b24ce685'
[info] Original replicas=49, selector='environmentName=yolo,environmentNamespace=default,environmentUid=4b5fef2f-7951-477c-a9c0-ef0af047a425,executorType=newdeploy,functionName=ml-object-detection,functionNamespace=default,functionUid=dc6d8a52-8de2-4fbb-beef-7bcaa92aa890'
[ok] Patched Deployment resources
[ok] Patched Deployment resources
[ok] Verified Deployment template resources: requests={'cpu': '1500m', 'memory': '400Mi'} limits={'cpu': '4610m', 'memory': '464Mi'}
[info] Scaling deployment to 0 replicas to force full pod replacement
[ok] Verified Deployment template resources: requests={'cpu': '300m', 'memory': '50Mi'} limits={'cpu': '665m', 'memory': '56Mi'}
[info] Scaling deployment to 0 replicas to force full pod replacement
[ok] All pods terminated (replicas=0)
[info] Scaling deployment back to 17 replicas
[ok] All pods terminated (replicas=0)
[info] Scaling deployment back to 49 replicas
[ok] Rollout completed after scale-to-zero
[verify] newest RS=newdeploy-ml-image-processing-default-a616-8254b24ce685-df87dfc96 pods=17 ready=17
[ok] Verified newest ReplicaSet template resources match expected
[ok] Rollout completed after scale-to-zero
[verify] newest RS=newdeploy-ml-object-detection-default-beef-7bcaa92aa890-585fbfff56 pods=49 ready=49
[ok] Verified newest ReplicaSet template resources match expected
[info] Started Locust with PID 1707880
[info] start sleep for 30s
[info] sleep done
\Start sampling in parallel...
Workflow e2e p99 latency (70 completed in 16.5s, parallel, 8 workers): 2.447s
Average stage latencies:
  - ml-image-processing: 0.125s
  - ml-object-detection: 0.224s
================================================================================
objective      : energy
resource_config: [{'cpu_m': 665, 'memory_mi': 56}, {'cpu_m': 4610, 'memory_mi': 464}], latencies: {'ml-image-processing': 0.12462426885031164, 'ml-object-detection': 0.224341146228835}, price_cost: 9074.953636, energy_cost: 461.808971, latency_p99 : 2.446940
wall_time_s    : 74.372
================================================================================

[info] Locust stopped
Updating function ml-image-processing to cpu: 398m, memory: 55Mi
Updating Deployment resource configuration...

Updating function ml-object-detection to cpu: 4247m, memory: 512Mi
Updating Deployment resource configuration...

[info] Original replicas=49, selector='environmentName=yolo,environmentNamespace=default,environmentUid=4b5fef2f-7951-477c-a9c0-ef0af047a425,executorType=newdeploy,functionName=ml-object-detection,functionNamespace=default,functionUid=dc6d8a52-8de2-4fbb-beef-7bcaa92aa890'
[info] Original replicas=17, selector='environmentName=ml-image-processing,environmentNamespace=default,environmentUid=8dcaa936-04ed-49cf-8ddf-36cdc234cbfd,executorType=newdeploy,functionName=ml-image-processing,functionNamespace=default,functionUid=d8529cac-3c02-4647-a616-8254b24ce685'
[ok] Patched Deployment resources
[ok] Patched Deployment resources
[ok] Verified Deployment template resources: requests={'cpu': '300m', 'memory': '50Mi'} limits={'cpu': '398m', 'memory': '55Mi'}
[info] Scaling deployment to 0 replicas to force full pod replacement
[ok] Verified Deployment template resources: requests={'cpu': '1500m', 'memory': '400Mi'} limits={'cpu': '4247m', 'memory': '512Mi'}
[info] Scaling deployment to 0 replicas to force full pod replacement
[ok] All pods terminated (replicas=0)
[info] Scaling deployment back to 17 replicas
[ok] All pods terminated (replicas=0)
[info] Scaling deployment back to 49 replicas
[ok] Rollout completed after scale-to-zero
[verify] newest RS=newdeploy-ml-image-processing-default-a616-8254b24ce685-6bf8b86b97 pods=17 ready=17
[ok] Verified newest ReplicaSet template resources match expected
[ok] Rollout completed after scale-to-zero
[verify] newest RS=newdeploy-ml-object-detection-default-beef-7bcaa92aa890-5bb89dc676 pods=49 ready=49
[ok] Verified newest ReplicaSet template resources match expected
[info] Started Locust with PID 1718284
[info] start sleep for 30s
[info] sleep done
\Start sampling in parallel...
Workflow e2e p99 latency (61 completed in 17.5s, parallel, 8 workers): 2.863s
Average stage latencies:
  - ml-image-processing: 0.217s
  - ml-object-detection: 0.220s
================================================================================
objective      : energy
resource_config: [{'cpu_m': 398, 'memory_mi': 55}, {'cpu_m': 4247, 'memory_mi': 512}], latencies: {'ml-image-processing': 0.21717473892800387, 'ml-object-detection': 0.2195594471451811}, price_cost: 8228.996216, energy_cost: 422.709277, latency_p99 : 2.863089
wall_time_s    : 75.530
================================================================================

[info] Locust stopped
Updating function ml-image-processing to cpu: 720m, memory: 58Mi
Updating Deployment resource configuration...

Updating function ml-object-detection to cpu: 1916m, memory: 435Mi
Updating Deployment resource configuration...

[info] Original replicas=49, selector='environmentName=yolo,environmentNamespace=default,environmentUid=4b5fef2f-7951-477c-a9c0-ef0af047a425,executorType=newdeploy,functionName=ml-object-detection,functionNamespace=default,functionUid=dc6d8a52-8de2-4fbb-beef-7bcaa92aa890'
[info] Original replicas=17, selector='environmentName=ml-image-processing,environmentNamespace=default,environmentUid=8dcaa936-04ed-49cf-8ddf-36cdc234cbfd,executorType=newdeploy,functionName=ml-image-processing,functionNamespace=default,functionUid=d8529cac-3c02-4647-a616-8254b24ce685'
[ok] Patched Deployment resources
[ok] Patched Deployment resources
[ok] Verified Deployment template resources: requests={'cpu': '1500m', 'memory': '400Mi'} limits={'cpu': '1916m', 'memory': '435Mi'}
[info] Scaling deployment to 0 replicas to force full pod replacement
[ok] Verified Deployment template resources: requests={'cpu': '300m', 'memory': '50Mi'} limits={'cpu': '720m', 'memory': '58Mi'}
[info] Scaling deployment to 0 replicas to force full pod replacement
[ok] All pods terminated (replicas=0)
[info] Scaling deployment back to 17 replicas
[ok] All pods terminated (replicas=0)
[info] Scaling deployment back to 49 replicas
[ok] Rollout completed after scale-to-zero
[verify] newest RS=newdeploy-ml-image-processing-default-a616-8254b24ce685-7776f87fc4 pods=17 ready=17
[ok] Verified newest ReplicaSet template resources match expected
[ok] Rollout completed after scale-to-zero
[verify] newest RS=newdeploy-ml-object-detection-default-beef-7bcaa92aa890-998d8bc95 pods=49 ready=49
[ok] Verified newest ReplicaSet template resources match expected
[info] Started Locust with PID 1729002
[info] start sleep for 30s
[info] sleep done
\Start sampling in parallel...
Workflow e2e p99 latency (35 completed in 19.9s, parallel, 8 workers): 9.000s
Average stage latencies:
  - ml-image-processing: 0.099s
  - ml-object-detection: 0.678s
================================================================================
objective      : energy
resource_config: [{'cpu_m': 720, 'memory_mi': 58}, {'cpu_m': 1916, 'memory_mi': 435}], latencies: {'ml-image-processing': 0.09890533077608173, 'ml-object-detection': 0.6783910404968386}, price_cost: 11406.871501, energy_cost: 317.001614, latency_p99 : 9.000000
wall_time_s    : 79.882
================================================================================

[info] Locust stopped
[info] Locust is not running
================================================================================

Batch 10: best_feasible_cost (random, qNEI) = (409.14352968644704, 383.52082893899694), best_constraint =  -0.317 (<=0 feasible), time = 238.28.
Best feasible resource configuration: [{'cpu_m': 300, 'memory_mi': 60}, {'cpu_m': 6000, 'memory_mi': 442}]

================================================================================
BO loop time: 3144.47 seconds
Best cost: 383.52082893899694
Best resource configuration: [{'cpu_m': 300, 'memory_mi': 60}, {'cpu_m': 6000, 'memory_mi': 442}]

========================================
