Run 1
========================================
========================================
Default
drwxrwxr-x 2 cc cc   4096 Jan  5 17:31 __pycache__
-rw-rw-r-- 1 cc cc  20352 Jan  5 16:20 bayesian_optimization.py
-rw-rw-r-- 1 cc cc  12890 Jan  5 03:53 bo_utils.py
-rw-rw-r-- 1 cc cc  12286 Jan  5 01:06 check_result.py
-rw-rw-r-- 1 cc cc   7349 Jan  5 15:31 compute_stat.py
-rw-rw-r-- 1 cc cc   6640 Jan  5 15:43 compute_trade_off.py
-rw-rw-r-- 1 cc cc   1438 Jan  5 14:32 config.py
-rw-rw-r-- 1 cc cc   4214 Jan  5 17:31 manager.py
-rw-rw-r-- 1 cc cc   9045 Dec 16 05:41 original-bayesian_optimization.py
-rw-rw-r-- 1 cc cc  11668 Jan  5 15:23 original_bo_results_price_20260105_051239 copy.json
-rw-rw-r-- 1 cc cc   2423 Jan  3 19:23 pods_mapping.py
-rw-rw-r-- 1 cc cc   1486 Jan  5 02:36 temp.py

IS_ENERGY: False
Resuming from existing checkpoint...
Resumed from checkpoint: bo_model_price_20260105_084828.pt
  training_points = 40
  completed_batches = 10
  continuing for additional_batches = 10
/home/cc/miniconda3/envs/faas/lib/python3.10/site-packages/botorch/acquisition/monte_carlo.py:502: NumericsWarning: qNoisyExpectedImprovement has known numerical issues that lead to suboptimal optimization performance. It is strongly recommended to simply replace

	 qNoisyExpectedImprovement 	 --> 	 qLogNoisyExpectedImprovement 

instead, which fixes the issues and has the same API. See https://arxiv.org/abs/2310.20708 for details.
  legacy_ei_numerics_warning(legacy_name=type(self).__name__)
Updating function ml-image-processing to cpu: 311m, memory: 50Mi
Updating Deployment resource configuration...

Updating function ml-object-detection to cpu: 5258m, memory: 408Mi
Updating Deployment resource configuration...

[info] Original replicas=49, selector='environmentName=yolo,environmentNamespace=default,environmentUid=4b5fef2f-7951-477c-a9c0-ef0af047a425,executorType=newdeploy,functionName=ml-object-detection,functionNamespace=default,functionUid=dc6d8a52-8de2-4fbb-beef-7bcaa92aa890'
[info] Original replicas=17, selector='environmentName=ml-image-processing,environmentNamespace=default,environmentUid=8dcaa936-04ed-49cf-8ddf-36cdc234cbfd,executorType=newdeploy,functionName=ml-image-processing,functionNamespace=default,functionUid=d8529cac-3c02-4647-a616-8254b24ce685'
[ok] Patched Deployment resources
[ok] Patched Deployment resources
[ok] Verified Deployment template resources: requests={'cpu': '1500m', 'memory': '400Mi'} limits={'cpu': '5258m', 'memory': '408Mi'}
[info] Scaling deployment to 0 replicas to force full pod replacement
[ok] Verified Deployment template resources: requests={'cpu': '300m', 'memory': '50Mi'} limits={'cpu': '311m', 'memory': '50Mi'}
[info] Scaling deployment to 0 replicas to force full pod replacement
[ok] All pods terminated (replicas=0)
[info] Scaling deployment back to 49 replicas
[ok] All pods terminated (replicas=0)
[info] Scaling deployment back to 17 replicas
[ok] Rollout completed after scale-to-zero
[verify] newest RS=newdeploy-ml-image-processing-default-a616-8254b24ce685-755dc9d87 pods=17 ready=17
[ok] Verified newest ReplicaSet template resources match expected
[ok] Rollout completed after scale-to-zero
[verify] newest RS=newdeploy-ml-object-detection-default-beef-7bcaa92aa890-85f54b9c86 pods=49 ready=49
[ok] Verified newest ReplicaSet template resources match expected
[info] Started Locust with PID 51835
[info] start sleep for 30s
[info] sleep done
\Start sampling in parallel...
Workflow e2e p99 latency (52 completed in 17.2s, parallel, 8 workers): 4.399s
Average stage latencies:
  - ml-image-processing: 0.288s
  - ml-object-detection: 0.152s
================================================================================
objective      : price
resource_config: [{'cpu_m': 311, 'memory_mi': 50}, {'cpu_m': 5258, 'memory_mi': 408}], latencies: {'ml-image-processing': 0.28778862902142394, 'ml-object-detection': 0.15207075908815917}, price_cost: 7081.737341, energy_cost: 390.596329, latency_p99 : 4.399235
wall_time_s    : 78.092
================================================================================

[info] Locust stopped
Updating function ml-image-processing to cpu: 334m, memory: 50Mi
Updating Deployment resource configuration...

Updating function ml-object-detection to cpu: 5274m, memory: 413Mi
Updating Deployment resource configuration...

[info] Original replicas=49, selector='environmentName=yolo,environmentNamespace=default,environmentUid=4b5fef2f-7951-477c-a9c0-ef0af047a425,executorType=newdeploy,functionName=ml-object-detection,functionNamespace=default,functionUid=dc6d8a52-8de2-4fbb-beef-7bcaa92aa890'
[info] Original replicas=17, selector='environmentName=ml-image-processing,environmentNamespace=default,environmentUid=8dcaa936-04ed-49cf-8ddf-36cdc234cbfd,executorType=newdeploy,functionName=ml-image-processing,functionNamespace=default,functionUid=d8529cac-3c02-4647-a616-8254b24ce685'
[ok] Patched Deployment resources
[ok] Patched Deployment resources
[ok] Verified Deployment template resources: requests={'cpu': '300m', 'memory': '50Mi'} limits={'cpu': '334m', 'memory': '50Mi'}
[info] Scaling deployment to 0 replicas to force full pod replacement
[ok] Verified Deployment template resources: requests={'cpu': '1500m', 'memory': '400Mi'} limits={'cpu': '5274m', 'memory': '413Mi'}
[info] Scaling deployment to 0 replicas to force full pod replacement
[ok] All pods terminated (replicas=0)
[info] Scaling deployment back to 49 replicas
[ok] All pods terminated (replicas=0)
[info] Scaling deployment back to 17 replicas
[ok] Rollout completed after scale-to-zero
[verify] newest RS=newdeploy-ml-image-processing-default-a616-8254b24ce685-67667769cc pods=17 ready=17
[ok] Verified newest ReplicaSet template resources match expected
[ok] Rollout completed after scale-to-zero
[verify] newest RS=newdeploy-ml-object-detection-default-beef-7bcaa92aa890-749759dfd4 pods=49 ready=49
[ok] Verified newest ReplicaSet template resources match expected
[info] Started Locust with PID 62116
[info] start sleep for 30s
[info] sleep done
\Start sampling in parallel...
Workflow e2e p99 latency (57 completed in 16.5s, parallel, 8 workers): 3.031s
Average stage latencies:
  - ml-image-processing: 0.250s
  - ml-object-detection: 0.164s
================================================================================
objective      : price
resource_config: [{'cpu_m': 334, 'memory_mi': 50}, {'cpu_m': 5274, 'memory_mi': 413}], latencies: {'ml-image-processing': 0.2502219890685458, 'ml-object-detection': 0.16399619807570912}, price_cost: 7621.121256, energy_cost: 399.112605, latency_p99 : 3.030526
wall_time_s    : 78.311
================================================================================

[info] Locust stopped
Updating function ml-image-processing to cpu: 675m, memory: 54Mi
Updating Deployment resource configuration...

Updating function ml-object-detection to cpu: 3856m, memory: 471Mi
Updating Deployment resource configuration...

[info] Original replicas=49, selector='environmentName=yolo,environmentNamespace=default,environmentUid=4b5fef2f-7951-477c-a9c0-ef0af047a425,executorType=newdeploy,functionName=ml-object-detection,functionNamespace=default,functionUid=dc6d8a52-8de2-4fbb-beef-7bcaa92aa890'
[info] Original replicas=17, selector='environmentName=ml-image-processing,environmentNamespace=default,environmentUid=8dcaa936-04ed-49cf-8ddf-36cdc234cbfd,executorType=newdeploy,functionName=ml-image-processing,functionNamespace=default,functionUid=d8529cac-3c02-4647-a616-8254b24ce685'
[ok] Patched Deployment resources
[ok] Patched Deployment resources
[ok] Verified Deployment template resources: requests={'cpu': '1500m', 'memory': '400Mi'} limits={'cpu': '3856m', 'memory': '471Mi'}
[info] Scaling deployment to 0 replicas to force full pod replacement
[ok] Verified Deployment template resources: requests={'cpu': '300m', 'memory': '50Mi'} limits={'cpu': '675m', 'memory': '54Mi'}
[info] Scaling deployment to 0 replicas to force full pod replacement
[ok] All pods terminated (replicas=0)
[info] Scaling deployment back to 49 replicas
[ok] All pods terminated (replicas=0)
[info] Scaling deployment back to 17 replicas
[ok] Rollout completed after scale-to-zero
[verify] newest RS=newdeploy-ml-image-processing-default-a616-8254b24ce685-5cb95db4c9 pods=17 ready=17
[ok] Verified newest ReplicaSet template resources match expected
[ok] Rollout completed after scale-to-zero
[verify] newest RS=newdeploy-ml-object-detection-default-beef-7bcaa92aa890-cd99d94bd pods=49 ready=49
[ok] Verified newest ReplicaSet template resources match expected
[info] Started Locust with PID 72620
[info] start sleep for 30s
[info] sleep done
\Start sampling in parallel...
Workflow e2e p99 latency (55 completed in 20.3s, parallel, 8 workers): 9.000s
Average stage latencies:
  - ml-image-processing: 0.114s
  - ml-object-detection: 0.255s
================================================================================
objective      : price
resource_config: [{'cpu_m': 675, 'memory_mi': 54}, {'cpu_m': 3856, 'memory_mi': 471}], latencies: {'ml-image-processing': 0.11435011843219399, 'ml-object-detection': 0.2550760140549391}, price_cost: 8638.454286, energy_cost: 442.619784, latency_p99 : 9.000000
wall_time_s    : 81.923
================================================================================

[info] Locust stopped
Updating function ml-image-processing to cpu: 300m, memory: 57Mi
Updating Deployment resource configuration...

Updating function ml-object-detection to cpu: 5145m, memory: 400Mi
Updating Deployment resource configuration...

[info] Original replicas=17, selector='environmentName=ml-image-processing,environmentNamespace=default,environmentUid=8dcaa936-04ed-49cf-8ddf-36cdc234cbfd,executorType=newdeploy,functionName=ml-image-processing,functionNamespace=default,functionUid=d8529cac-3c02-4647-a616-8254b24ce685'
[info] Original replicas=49, selector='environmentName=yolo,environmentNamespace=default,environmentUid=4b5fef2f-7951-477c-a9c0-ef0af047a425,executorType=newdeploy,functionName=ml-object-detection,functionNamespace=default,functionUid=dc6d8a52-8de2-4fbb-beef-7bcaa92aa890'
[ok] Patched Deployment resources
[ok] Patched Deployment resources
[ok] Verified Deployment template resources: requests={'cpu': '300m', 'memory': '50Mi'} limits={'cpu': '300m', 'memory': '57Mi'}
[info] Scaling deployment to 0 replicas to force full pod replacement
[ok] Verified Deployment template resources: requests={'cpu': '1500m', 'memory': '400Mi'} limits={'cpu': '5145m', 'memory': '400Mi'}
[info] Scaling deployment to 0 replicas to force full pod replacement
[ok] All pods terminated (replicas=0)
[info] Scaling deployment back to 49 replicas
[ok] All pods terminated (replicas=0)
[info] Scaling deployment back to 17 replicas
[ok] Rollout completed after scale-to-zero
[verify] newest RS=newdeploy-ml-image-processing-default-a616-8254b24ce685-84845d95dc pods=17 ready=17
[ok] Verified newest ReplicaSet template resources match expected
[ok] Rollout completed after scale-to-zero
[verify] newest RS=newdeploy-ml-object-detection-default-beef-7bcaa92aa890-7f4d5fcbcb pods=49 ready=49
[ok] Verified newest ReplicaSet template resources match expected
\Start sampling in parallel...
Workflow e2e p99 latency (80 completed, parallel, 8 workers): 1.897s
Average stage latencies:
  - ml-image-processing: 0.629s
  - ml-object-detection: 0.250s
[info] Locust is not running
================================================================================

Batch 11: best_feasible_cost (random, qNEI) = (7979.873652553486, 7151.220542016388), best_constraint =  -1.103 (<=0 feasible), time = 247.76.
Best feasible resource configuration: [{'cpu_m': 300, 'memory_mi': 57}, {'cpu_m': 5145, 'memory_mi': 400}]

================================================================================
/home/cc/miniconda3/envs/faas/lib/python3.10/site-packages/botorch/acquisition/monte_carlo.py:502: NumericsWarning: qNoisyExpectedImprovement has known numerical issues that lead to suboptimal optimization performance. It is strongly recommended to simply replace

	 qNoisyExpectedImprovement 	 --> 	 qLogNoisyExpectedImprovement 

instead, which fixes the issues and has the same API. See https://arxiv.org/abs/2310.20708 for details.
  legacy_ei_numerics_warning(legacy_name=type(self).__name__)
Updating function ml-image-processing to cpu: 526m, memory: 66Mi
Updating Deployment resource configuration...

Updating function ml-object-detection to cpu: 2242m, memory: 400Mi
Updating Deployment resource configuration...

[info] Original replicas=17, selector='environmentName=ml-image-processing,environmentNamespace=default,environmentUid=8dcaa936-04ed-49cf-8ddf-36cdc234cbfd,executorType=newdeploy,functionName=ml-image-processing,functionNamespace=default,functionUid=d8529cac-3c02-4647-a616-8254b24ce685'
[info] Original replicas=49, selector='environmentName=yolo,environmentNamespace=default,environmentUid=4b5fef2f-7951-477c-a9c0-ef0af047a425,executorType=newdeploy,functionName=ml-object-detection,functionNamespace=default,functionUid=dc6d8a52-8de2-4fbb-beef-7bcaa92aa890'
[ok] Patched Deployment resources
[ok] Patched Deployment resources
[ok] Verified Deployment template resources: requests={'cpu': '1500m', 'memory': '400Mi'} limits={'cpu': '2242m', 'memory': '400Mi'}
[info] Scaling deployment to 0 replicas to force full pod replacement
[ok] Verified Deployment template resources: requests={'cpu': '300m', 'memory': '50Mi'} limits={'cpu': '526m', 'memory': '66Mi'}
[info] Scaling deployment to 0 replicas to force full pod replacement
[ok] All pods terminated (replicas=0)
[info] Scaling deployment back to 17 replicas
[ok] All pods terminated (replicas=0)
[info] Scaling deployment back to 49 replicas
[ok] Rollout completed after scale-to-zero
[verify] newest RS=newdeploy-ml-image-processing-default-a616-8254b24ce685-6f5b55867 pods=17 ready=17
[ok] Verified newest ReplicaSet template resources match expected
[ok] Rollout completed after scale-to-zero
[verify] newest RS=newdeploy-ml-object-detection-default-beef-7bcaa92aa890-c7f4fc5b4 pods=49 ready=49
[ok] Verified newest ReplicaSet template resources match expected
[info] Started Locust with PID 100749
[info] start sleep for 30s
[info] sleep done
\Start sampling in parallel...
Workflow e2e p99 latency (46 completed in 20.3s, parallel, 8 workers): 9.000s
Average stage latencies:
  - ml-image-processing: 0.139s
  - ml-object-detection: 0.493s
================================================================================
objective      : price
resource_config: [{'cpu_m': 526, 'memory_mi': 66}, {'cpu_m': 2242, 'memory_mi': 400}], latencies: {'ml-image-processing': 0.1385235736851354, 'ml-object-detection': 0.4926205273038028}, price_cost: 9697.430843, energy_cost: 347.722658, latency_p99 : 9.000000
wall_time_s    : 79.734
================================================================================

[info] Locust stopped
Updating function ml-image-processing to cpu: 300m, memory: 50Mi
Updating Deployment resource configuration...

Updating function ml-object-detection to cpu: 4248m, memory: 400Mi
Updating Deployment resource configuration...

[info] Original replicas=17, selector='environmentName=ml-image-processing,environmentNamespace=default,environmentUid=8dcaa936-04ed-49cf-8ddf-36cdc234cbfd,executorType=newdeploy,functionName=ml-image-processing,functionNamespace=default,functionUid=d8529cac-3c02-4647-a616-8254b24ce685'
[info] Original replicas=49, selector='environmentName=yolo,environmentNamespace=default,environmentUid=4b5fef2f-7951-477c-a9c0-ef0af047a425,executorType=newdeploy,functionName=ml-object-detection,functionNamespace=default,functionUid=dc6d8a52-8de2-4fbb-beef-7bcaa92aa890'
[ok] Patched Deployment resources
[ok] Patched Deployment resources
[ok] Verified Deployment template resources: requests={'cpu': '300m', 'memory': '50Mi'} limits={'cpu': '300m', 'memory': '50Mi'}
[info] Scaling deployment to 0 replicas to force full pod replacement
[ok] Verified Deployment template resources: requests={'cpu': '1500m', 'memory': '400Mi'} limits={'cpu': '4248m', 'memory': '400Mi'}
[info] Scaling deployment to 0 replicas to force full pod replacement
[ok] All pods terminated (replicas=0)
[info] Scaling deployment back to 17 replicas
[ok] All pods terminated (replicas=0)
[info] Scaling deployment back to 49 replicas
[ok] Deleted HPA newdeploy-ml-object-detection-default-beef-7bcaa92aa890
[ok] Rollout completed after scale-to-zero
[verify] newest RS=newdeploy-ml-image-processing-default-a616-8254b24ce685-5789945b5f pods=17 ready=17
[ok] Verified newest ReplicaSet template resources match expected
[ok] Rollout completed after scale-to-zero
[verify] newest RS=newdeploy-ml-object-detection-default-beef-7bcaa92aa890-56fdc6bc7b pods=49 ready=49
[ok] Verified newest ReplicaSet template resources match expected
[info] Started Locust with PID 111959
[info] start sleep for 30s
[info] sleep done
\Start sampling in parallel...
Workflow e2e p99 latency (53 completed in 18.6s, parallel, 8 workers): 3.597s
Average stage latencies:
  - ml-image-processing: 0.284s
  - ml-object-detection: 0.192s
================================================================================
objective      : price
resource_config: [{'cpu_m': 300, 'memory_mi': 50}, {'cpu_m': 4248, 'memory_mi': 400}], latencies: {'ml-image-processing': 0.2844131188379284, 'ml-object-detection': 0.1920681734885669}, price_cost: 7216.646809, energy_cost: 382.607140, latency_p99 : 3.597346
wall_time_s    : 81.962
================================================================================

[info] Locust stopped
Updating function ml-image-processing to cpu: 313m, memory: 60Mi
Updating Deployment resource configuration...

Updating function ml-object-detection to cpu: 1596m, memory: 413Mi
Updating Deployment resource configuration...

[info] Original replicas=49, selector='environmentName=yolo,environmentNamespace=default,environmentUid=4b5fef2f-7951-477c-a9c0-ef0af047a425,executorType=newdeploy,functionName=ml-object-detection,functionNamespace=default,functionUid=dc6d8a52-8de2-4fbb-beef-7bcaa92aa890'
[info] Original replicas=17, selector='environmentName=ml-image-processing,environmentNamespace=default,environmentUid=8dcaa936-04ed-49cf-8ddf-36cdc234cbfd,executorType=newdeploy,functionName=ml-image-processing,functionNamespace=default,functionUid=d8529cac-3c02-4647-a616-8254b24ce685'
[ok] Patched Deployment resources
[ok] Patched Deployment resources
[ok] Verified Deployment template resources: requests={'cpu': '1500m', 'memory': '400Mi'} limits={'cpu': '1596m', 'memory': '413Mi'}
[info] Scaling deployment to 0 replicas to force full pod replacement
[ok] Verified Deployment template resources: requests={'cpu': '300m', 'memory': '50Mi'} limits={'cpu': '313m', 'memory': '60Mi'}
[info] Scaling deployment to 0 replicas to force full pod replacement
[ok] All pods terminated (replicas=0)
[info] Scaling deployment back to 49 replicas
[ok] All pods terminated (replicas=0)
[info] Scaling deployment back to 17 replicas
[ok] Rollout completed after scale-to-zero
[verify] newest RS=newdeploy-ml-image-processing-default-a616-8254b24ce685-5bc995b86 pods=17 ready=17
[ok] Verified newest ReplicaSet template resources match expected
[ok] Rollout completed after scale-to-zero
[verify] newest RS=newdeploy-ml-object-detection-default-beef-7bcaa92aa890-7747cf7cf6 pods=49 ready=49
[ok] Verified newest ReplicaSet template resources match expected
[info] Started Locust with PID 122704
[info] start sleep for 30s
[info] sleep done
\Start sampling in parallel...
Workflow e2e p99 latency (32 completed in 22.4s, parallel, 8 workers): 9.000s
Average stage latencies:
  - ml-image-processing: 0.233s
  - ml-object-detection: 0.752s
================================================================================
objective      : price
resource_config: [{'cpu_m': 313, 'memory_mi': 60}, {'cpu_m': 1596, 'memory_mi': 413}], latencies: {'ml-image-processing': 0.2327186266063816, 'ml-object-detection': 0.7523332697649797}, price_cost: 10582.948462, energy_cost: 306.714803, latency_p99 : 9.000000
wall_time_s    : 82.047
================================================================================

[info] Locust stopped
[info] Locust is not running
================================================================================

Batch 12: best_feasible_cost (random, qNEI) = (7979.873652553486, 7151.220542016388), best_constraint =  -1.103 (<=0 feasible), time = 251.66.
Best feasible resource configuration: [{'cpu_m': 300, 'memory_mi': 57}, {'cpu_m': 5145, 'memory_mi': 400}]

================================================================================
/home/cc/miniconda3/envs/faas/lib/python3.10/site-packages/botorch/acquisition/monte_carlo.py:502: NumericsWarning: qNoisyExpectedImprovement has known numerical issues that lead to suboptimal optimization performance. It is strongly recommended to simply replace

	 qNoisyExpectedImprovement 	 --> 	 qLogNoisyExpectedImprovement 

instead, which fixes the issues and has the same API. See https://arxiv.org/abs/2310.20708 for details.
  legacy_ei_numerics_warning(legacy_name=type(self).__name__)
Updating function ml-image-processing to cpu: 331m, memory: 58Mi
Updating Deployment resource configuration...

Updating function ml-object-detection to cpu: 5251m, memory: 409Mi
Updating Deployment resource configuration...

[info] Original replicas=17, selector='environmentName=ml-image-processing,environmentNamespace=default,environmentUid=8dcaa936-04ed-49cf-8ddf-36cdc234cbfd,executorType=newdeploy,functionName=ml-image-processing,functionNamespace=default,functionUid=d8529cac-3c02-4647-a616-8254b24ce685'
[info] Original replicas=49, selector='environmentName=yolo,environmentNamespace=default,environmentUid=4b5fef2f-7951-477c-a9c0-ef0af047a425,executorType=newdeploy,functionName=ml-object-detection,functionNamespace=default,functionUid=dc6d8a52-8de2-4fbb-beef-7bcaa92aa890'
[ok] Patched Deployment resources
[ok] Patched Deployment resources
[ok] Verified Deployment template resources: requests={'cpu': '300m', 'memory': '50Mi'} limits={'cpu': '331m', 'memory': '58Mi'}
[info] Scaling deployment to 0 replicas to force full pod replacement
[ok] Verified Deployment template resources: requests={'cpu': '1500m', 'memory': '400Mi'} limits={'cpu': '5251m', 'memory': '409Mi'}
[info] Scaling deployment to 0 replicas to force full pod replacement
[ok] All pods terminated (replicas=0)
[info] Scaling deployment back to 17 replicas
[ok] All pods terminated (replicas=0)
[info] Scaling deployment back to 49 replicas
[ok] Deleted HPA newdeploy-ml-object-detection-default-beef-7bcaa92aa890
[ok] Rollout completed after scale-to-zero
[verify] newest RS=newdeploy-ml-image-processing-default-a616-8254b24ce685-6746674666 pods=17 ready=17
[ok] Verified newest ReplicaSet template resources match expected
[ok] Rollout completed after scale-to-zero
[verify] newest RS=newdeploy-ml-object-detection-default-beef-7bcaa92aa890-86df8bbfdb pods=49 ready=49
[ok] Verified newest ReplicaSet template resources match expected
[info] Started Locust with PID 141715
[info] start sleep for 30s
[info] sleep done
\Start sampling in parallel...
Workflow e2e p99 latency (57 completed in 17.7s, parallel, 8 workers): 2.875s
Average stage latencies:
  - ml-image-processing: 0.253s
  - ml-object-detection: 0.151s
================================================================================
objective      : price
resource_config: [{'cpu_m': 331, 'memory_mi': 58}, {'cpu_m': 5251, 'memory_mi': 409}], latencies: {'ml-image-processing': 0.25285408227590095, 'ml-object-detection': 0.15065963014045305}, price_cost: 6992.621913, energy_cost: 399.034864, latency_p99 : 2.875088
wall_time_s    : 78.510
================================================================================

[info] Locust stopped
Updating function ml-image-processing to cpu: 780m, memory: 50Mi
Updating Deployment resource configuration...

Updating function ml-object-detection to cpu: 2399m, memory: 484Mi
Updating Deployment resource configuration...

[info] Original replicas=17, selector='environmentName=ml-image-processing,environmentNamespace=default,environmentUid=8dcaa936-04ed-49cf-8ddf-36cdc234cbfd,executorType=newdeploy,functionName=ml-image-processing,functionNamespace=default,functionUid=d8529cac-3c02-4647-a616-8254b24ce685'
[info] Original replicas=49, selector='environmentName=yolo,environmentNamespace=default,environmentUid=4b5fef2f-7951-477c-a9c0-ef0af047a425,executorType=newdeploy,functionName=ml-object-detection,functionNamespace=default,functionUid=dc6d8a52-8de2-4fbb-beef-7bcaa92aa890'
[ok] Patched Deployment resources
[ok] Patched Deployment resources
[ok] Verified Deployment template resources: requests={'cpu': '1500m', 'memory': '400Mi'} limits={'cpu': '2399m', 'memory': '484Mi'}
[info] Scaling deployment to 0 replicas to force full pod replacement
[ok] Verified Deployment template resources: requests={'cpu': '300m', 'memory': '50Mi'} limits={'cpu': '780m', 'memory': '50Mi'}
[info] Scaling deployment to 0 replicas to force full pod replacement
[ok] All pods terminated (replicas=0)
[info] Scaling deployment back to 17 replicas
[ok] All pods terminated (replicas=0)
[info] Scaling deployment back to 49 replicas
[ok] Rollout completed after scale-to-zero
[verify] newest RS=newdeploy-ml-image-processing-default-a616-8254b24ce685-7cb97cf5b7 pods=17 ready=17
[ok] Verified newest ReplicaSet template resources match expected
[ok] Rollout completed after scale-to-zero
[verify] newest RS=newdeploy-ml-object-detection-default-beef-7bcaa92aa890-868cb87fb4 pods=49 ready=49
[ok] Verified newest ReplicaSet template resources match expected
[info] Started Locust with PID 152217
[info] start sleep for 30s
[info] sleep done
\Start sampling in parallel...
Workflow e2e p99 latency (53 completed in 19.2s, parallel, 8 workers): 9.000s
Average stage latencies:
  - ml-image-processing: 0.091s
  - ml-object-detection: 0.490s
================================================================================
objective      : price
resource_config: [{'cpu_m': 780, 'memory_mi': 50}, {'cpu_m': 2399, 'memory_mi': 484}], latencies: {'ml-image-processing': 0.09053575961870398, 'ml-object-detection': 0.4896907871291834}, price_cost: 10309.989923, energy_cost: 358.334095, latency_p99 : 9.000000
wall_time_s    : 81.423
================================================================================

[info] Locust stopped
Updating function ml-image-processing to cpu: 329m, memory: 56Mi
Updating Deployment resource configuration...

Updating function ml-object-detection to cpu: 5017m, memory: 400Mi
Updating Deployment resource configuration...

[info] Original replicas=17, selector='environmentName=ml-image-processing,environmentNamespace=default,environmentUid=8dcaa936-04ed-49cf-8ddf-36cdc234cbfd,executorType=newdeploy,functionName=ml-image-processing,functionNamespace=default,functionUid=d8529cac-3c02-4647-a616-8254b24ce685'
[info] Original replicas=49, selector='environmentName=yolo,environmentNamespace=default,environmentUid=4b5fef2f-7951-477c-a9c0-ef0af047a425,executorType=newdeploy,functionName=ml-object-detection,functionNamespace=default,functionUid=dc6d8a52-8de2-4fbb-beef-7bcaa92aa890'
[ok] Patched Deployment resources
[ok] Patched Deployment resources
[ok] Verified Deployment template resources: requests={'cpu': '300m', 'memory': '50Mi'} limits={'cpu': '329m', 'memory': '56Mi'}
[info] Scaling deployment to 0 replicas to force full pod replacement
[ok] Verified Deployment template resources: requests={'cpu': '1500m', 'memory': '400Mi'} limits={'cpu': '5017m', 'memory': '400Mi'}
[info] Scaling deployment to 0 replicas to force full pod replacement
[ok] All pods terminated (replicas=0)
[info] Scaling deployment back to 49 replicas
[ok] All pods terminated (replicas=0)
[info] Scaling deployment back to 17 replicas
[ok] Deleted HPA newdeploy-ml-object-detection-default-beef-7bcaa92aa890
[ok] Rollout completed after scale-to-zero
[verify] newest RS=newdeploy-ml-image-processing-default-a616-8254b24ce685-7f8bf6ccd6 pods=17 ready=17
[ok] Verified newest ReplicaSet template resources match expected
[ok] Rollout completed after scale-to-zero
[verify] newest RS=newdeploy-ml-object-detection-default-beef-7bcaa92aa890-86644647f6 pods=49 ready=49
[ok] Verified newest ReplicaSet template resources match expected
[info] Started Locust with PID 163275
[info] start sleep for 30s
[info] sleep done
\Start sampling in parallel...
Workflow e2e p99 latency (59 completed in 18.5s, parallel, 8 workers): 3.952s
Average stage latencies:
  - ml-image-processing: 0.259s
  - ml-object-detection: 0.156s
================================================================================
objective      : price
resource_config: [{'cpu_m': 329, 'memory_mi': 56}, {'cpu_m': 5017, 'memory_mi': 400}], latencies: {'ml-image-processing': 0.25878553438963275, 'ml-object-detection': 0.15623227096462655}, price_cost: 6935.512069, energy_cost: 399.004025, latency_p99 : 3.951760
wall_time_s    : 79.410
================================================================================

[info] Locust stopped
[info] Locust is not running
================================================================================

Batch 13: best_feasible_cost (random, qNEI) = (7979.873652553486, 6992.621913095219), best_constraint =  -0.125 (<=0 feasible), time = 250.50.
Best feasible resource configuration: [{'cpu_m': 331, 'memory_mi': 58}, {'cpu_m': 5251, 'memory_mi': 409}]

================================================================================
/home/cc/miniconda3/envs/faas/lib/python3.10/site-packages/botorch/acquisition/monte_carlo.py:502: NumericsWarning: qNoisyExpectedImprovement has known numerical issues that lead to suboptimal optimization performance. It is strongly recommended to simply replace

	 qNoisyExpectedImprovement 	 --> 	 qLogNoisyExpectedImprovement 

instead, which fixes the issues and has the same API. See https://arxiv.org/abs/2310.20708 for details.
  legacy_ei_numerics_warning(legacy_name=type(self).__name__)
Updating function ml-image-processing to cpu: 334m, memory: 56Mi
Updating Deployment resource configuration...

Updating function ml-object-detection to cpu: 2243m, memory: 416Mi
Updating Deployment resource configuration...

[info] Original replicas=17, selector='environmentName=ml-image-processing,environmentNamespace=default,environmentUid=8dcaa936-04ed-49cf-8ddf-36cdc234cbfd,executorType=newdeploy,functionName=ml-image-processing,functionNamespace=default,functionUid=d8529cac-3c02-4647-a616-8254b24ce685'
[info] Original replicas=49, selector='environmentName=yolo,environmentNamespace=default,environmentUid=4b5fef2f-7951-477c-a9c0-ef0af047a425,executorType=newdeploy,functionName=ml-object-detection,functionNamespace=default,functionUid=dc6d8a52-8de2-4fbb-beef-7bcaa92aa890'
[ok] Patched Deployment resources
[ok] Patched Deployment resources
[ok] Verified Deployment template resources: requests={'cpu': '300m', 'memory': '50Mi'} limits={'cpu': '334m', 'memory': '56Mi'}
[info] Scaling deployment to 0 replicas to force full pod replacement
[ok] Verified Deployment template resources: requests={'cpu': '1500m', 'memory': '400Mi'} limits={'cpu': '2243m', 'memory': '416Mi'}
[info] Scaling deployment to 0 replicas to force full pod replacement
[ok] All pods terminated (replicas=0)
[info] Scaling deployment back to 49 replicas
[ok] All pods terminated (replicas=0)
[info] Scaling deployment back to 17 replicas
[ok] Rollout completed after scale-to-zero
[verify] newest RS=newdeploy-ml-image-processing-default-a616-8254b24ce685-7646d56898 pods=17 ready=17
[ok] Verified newest ReplicaSet template resources match expected
[ok] Rollout completed after scale-to-zero
[verify] newest RS=newdeploy-ml-object-detection-default-beef-7bcaa92aa890-78dc7db6cd pods=49 ready=49
[ok] Verified newest ReplicaSet template resources match expected
[info] Started Locust with PID 204187
[info] start sleep for 30s
[info] sleep done
\Start sampling in parallel...
Workflow e2e p99 latency (43 completed in 21.7s, parallel, 8 workers): 9.000s
Average stage latencies:
  - ml-image-processing: 0.254s
  - ml-object-detection: 0.478s
================================================================================
objective      : price
resource_config: [{'cpu_m': 334, 'memory_mi': 56}, {'cpu_m': 2243, 'memory_mi': 416}], latencies: {'ml-image-processing': 0.2544334717094898, 'ml-object-detection': 0.4783161045898768}, price_cost: 9467.492574, energy_cost: 342.033517, latency_p99 : 9.000000
wall_time_s    : 83.676
================================================================================

[info] Locust stopped
Updating function ml-image-processing to cpu: 331m, memory: 51Mi
Updating Deployment resource configuration...

Updating function ml-object-detection to cpu: 4242m, memory: 400Mi
Updating Deployment resource configuration...

[info] Original replicas=17, selector='environmentName=ml-image-processing,environmentNamespace=default,environmentUid=8dcaa936-04ed-49cf-8ddf-36cdc234cbfd,executorType=newdeploy,functionName=ml-image-processing,functionNamespace=default,functionUid=d8529cac-3c02-4647-a616-8254b24ce685'
[info] Original replicas=49, selector='environmentName=yolo,environmentNamespace=default,environmentUid=4b5fef2f-7951-477c-a9c0-ef0af047a425,executorType=newdeploy,functionName=ml-object-detection,functionNamespace=default,functionUid=dc6d8a52-8de2-4fbb-beef-7bcaa92aa890'
[ok] Patched Deployment resources
[ok] Patched Deployment resources
[ok] Verified Deployment template resources: requests={'cpu': '300m', 'memory': '50Mi'} limits={'cpu': '331m', 'memory': '51Mi'}
[info] Scaling deployment to 0 replicas to force full pod replacement
[ok] Verified Deployment template resources: requests={'cpu': '1500m', 'memory': '400Mi'} limits={'cpu': '4242m', 'memory': '400Mi'}
[info] Scaling deployment to 0 replicas to force full pod replacement
[ok] All pods terminated (replicas=0)
[info] Scaling deployment back to 17 replicas
[ok] All pods terminated (replicas=0)
[info] Scaling deployment back to 49 replicas
[ok] Deleted HPA newdeploy-ml-object-detection-default-beef-7bcaa92aa890
[ok] Rollout completed after scale-to-zero
[verify] newest RS=newdeploy-ml-image-processing-default-a616-8254b24ce685-bd56bcb8f pods=17 ready=17
[ok] Verified newest ReplicaSet template resources match expected
[ok] Rollout completed after scale-to-zero
[verify] newest RS=newdeploy-ml-object-detection-default-beef-7bcaa92aa890-7f7c577896 pods=49 ready=49
[ok] Verified newest ReplicaSet template resources match expected
[info] Started Locust with PID 213463
[info] start sleep for 30s
[info] sleep done
\Start sampling in parallel...
Workflow e2e p99 latency (52 completed in 17.7s, parallel, 8 workers): 4.197s
Average stage latencies:
  - ml-image-processing: 0.266s
  - ml-object-detection: 0.216s
================================================================================
objective      : price
resource_config: [{'cpu_m': 331, 'memory_mi': 51}, {'cpu_m': 4242, 'memory_mi': 400}], latencies: {'ml-image-processing': 0.26566626641970986, 'ml-object-detection': 0.21601123555312648}, price_cost: 8081.169254, energy_cost: 398.726085, latency_p99 : 4.197201
wall_time_s    : 79.052
================================================================================

[info] Locust stopped
Updating function ml-image-processing to cpu: 773m, memory: 65Mi
Updating Deployment resource configuration...

Updating function ml-object-detection to cpu: 5778m, memory: 448Mi
Updating Deployment resource configuration...

[info] Original replicas=49, selector='environmentName=yolo,environmentNamespace=default,environmentUid=4b5fef2f-7951-477c-a9c0-ef0af047a425,executorType=newdeploy,functionName=ml-object-detection,functionNamespace=default,functionUid=dc6d8a52-8de2-4fbb-beef-7bcaa92aa890'
[info] Original replicas=17, selector='environmentName=ml-image-processing,environmentNamespace=default,environmentUid=8dcaa936-04ed-49cf-8ddf-36cdc234cbfd,executorType=newdeploy,functionName=ml-image-processing,functionNamespace=default,functionUid=d8529cac-3c02-4647-a616-8254b24ce685'
[ok] Patched Deployment resources
[ok] Patched Deployment resources
[ok] Verified Deployment template resources: requests={'cpu': '300m', 'memory': '50Mi'} limits={'cpu': '773m', 'memory': '65Mi'}
[info] Scaling deployment to 0 replicas to force full pod replacement
[ok] Verified Deployment template resources: requests={'cpu': '1500m', 'memory': '400Mi'} limits={'cpu': '5778m', 'memory': '448Mi'}
[info] Scaling deployment to 0 replicas to force full pod replacement
[ok] All pods terminated (replicas=0)
[info] Scaling deployment back to 49 replicas
[ok] All pods terminated (replicas=0)
[info] Scaling deployment back to 17 replicas
[ok] Rollout completed after scale-to-zero
[verify] newest RS=newdeploy-ml-image-processing-default-a616-8254b24ce685-78c5c454d9 pods=17 ready=17
[ok] Verified newest ReplicaSet template resources match expected
[ok] Rollout completed after scale-to-zero
[verify] newest RS=newdeploy-ml-object-detection-default-beef-7bcaa92aa890-64549cd4bc pods=49 ready=49
[ok] Verified newest ReplicaSet template resources match expected
[info] Started Locust with PID 220925
[info] start sleep for 30s
[info] sleep done
\Start sampling in parallel...
Workflow e2e p99 latency (75 completed in 16.5s, parallel, 8 workers): 1.170s
Average stage latencies:
  - ml-image-processing: 0.105s
  - ml-object-detection: 0.178s
================================================================================
objective      : price
resource_config: [{'cpu_m': 773, 'memory_mi': 65}, {'cpu_m': 5778, 'memory_mi': 448}], latencies: {'ml-image-processing': 0.10487532277281085, 'ml-object-detection': 0.1780736393108964}, price_cost: 9009.995559, energy_cost: 469.322195, latency_p99 : 1.169803
wall_time_s    : 78.400
================================================================================

[info] Locust stopped
[info] Locust is not running
================================================================================

Batch 14: best_feasible_cost (random, qNEI) = (7979.873652553486, 6992.621913095219), best_constraint =  -0.125 (<=0 feasible), time = 251.85.
Best feasible resource configuration: [{'cpu_m': 331, 'memory_mi': 58}, {'cpu_m': 5251, 'memory_mi': 409}]

================================================================================
/home/cc/miniconda3/envs/faas/lib/python3.10/site-packages/botorch/acquisition/monte_carlo.py:502: NumericsWarning: qNoisyExpectedImprovement has known numerical issues that lead to suboptimal optimization performance. It is strongly recommended to simply replace

	 qNoisyExpectedImprovement 	 --> 	 qLogNoisyExpectedImprovement 

instead, which fixes the issues and has the same API. See https://arxiv.org/abs/2310.20708 for details.
  legacy_ei_numerics_warning(legacy_name=type(self).__name__)
Updating function ml-image-processing to cpu: 300m, memory: 66Mi
Updating Deployment resource configuration...

Updating function ml-object-detection to cpu: 5283m, memory: 400Mi
Updating Deployment resource configuration...

[info] Original replicas=17, selector='environmentName=ml-image-processing,environmentNamespace=default,environmentUid=8dcaa936-04ed-49cf-8ddf-36cdc234cbfd,executorType=newdeploy,functionName=ml-image-processing,functionNamespace=default,functionUid=d8529cac-3c02-4647-a616-8254b24ce685'
[info] Original replicas=49, selector='environmentName=yolo,environmentNamespace=default,environmentUid=4b5fef2f-7951-477c-a9c0-ef0af047a425,executorType=newdeploy,functionName=ml-object-detection,functionNamespace=default,functionUid=dc6d8a52-8de2-4fbb-beef-7bcaa92aa890'
[ok] Patched Deployment resources
[ok] Patched Deployment resources
[ok] Verified Deployment template resources: requests={'cpu': '1500m', 'memory': '400Mi'} limits={'cpu': '5283m', 'memory': '400Mi'}
[info] Scaling deployment to 0 replicas to force full pod replacement
[ok] Verified Deployment template resources: requests={'cpu': '300m', 'memory': '50Mi'} limits={'cpu': '300m', 'memory': '66Mi'}
[info] Scaling deployment to 0 replicas to force full pod replacement
[ok] All pods terminated (replicas=0)
[info] Scaling deployment back to 49 replicas
[ok] All pods terminated (replicas=0)
[info] Scaling deployment back to 17 replicas
[ok] Rollout completed after scale-to-zero
[verify] newest RS=newdeploy-ml-image-processing-default-a616-8254b24ce685-78bdffdc5 pods=17 ready=17
[ok] Verified newest ReplicaSet template resources match expected
[ok] Rollout completed after scale-to-zero
[verify] newest RS=newdeploy-ml-object-detection-default-beef-7bcaa92aa890-6d6fc96d pods=49 ready=49
[ok] Verified newest ReplicaSet template resources match expected
[info] Started Locust with PID 261015
[info] start sleep for 30s
[info] sleep done
\Start sampling in parallel...
Workflow e2e p99 latency (54 completed in 17.5s, parallel, 8 workers): 5.626s
Average stage latencies:
  - ml-image-processing: 0.303s
  - ml-object-detection: 0.155s
================================================================================
objective      : price
resource_config: [{'cpu_m': 300, 'memory_mi': 66}, {'cpu_m': 5283, 'memory_mi': 400}], latencies: {'ml-image-processing': 0.30281390373043165, 'ml-object-detection': 0.15540217699621012}, price_cost: 7268.345774, energy_cost: 384.222715, latency_p99 : 5.625619
wall_time_s    : 79.781
================================================================================

[info] Locust stopped
Updating function ml-image-processing to cpu: 324m, memory: 70Mi
Updating Deployment resource configuration...

Updating function ml-object-detection to cpu: 4326m, memory: 400Mi
Updating Deployment resource configuration...

[info] Original replicas=49, selector='environmentName=yolo,environmentNamespace=default,environmentUid=4b5fef2f-7951-477c-a9c0-ef0af047a425,executorType=newdeploy,functionName=ml-object-detection,functionNamespace=default,functionUid=dc6d8a52-8de2-4fbb-beef-7bcaa92aa890'
[info] Original replicas=17, selector='environmentName=ml-image-processing,environmentNamespace=default,environmentUid=8dcaa936-04ed-49cf-8ddf-36cdc234cbfd,executorType=newdeploy,functionName=ml-image-processing,functionNamespace=default,functionUid=d8529cac-3c02-4647-a616-8254b24ce685'
[ok] Patched Deployment resources
[ok] Patched Deployment resources
[ok] Verified Deployment template resources: requests={'cpu': '300m', 'memory': '50Mi'} limits={'cpu': '324m', 'memory': '70Mi'}
[info] Scaling deployment to 0 replicas to force full pod replacement
[ok] Verified Deployment template resources: requests={'cpu': '1500m', 'memory': '400Mi'} limits={'cpu': '4326m', 'memory': '400Mi'}
[info] Scaling deployment to 0 replicas to force full pod replacement
[ok] All pods terminated (replicas=0)
[info] Scaling deployment back to 49 replicas
[ok] All pods terminated (replicas=0)
[info] Scaling deployment back to 17 replicas
[ok] Rollout completed after scale-to-zero
[verify] newest RS=newdeploy-ml-image-processing-default-a616-8254b24ce685-7c44b9cd89 pods=17 ready=17
[ok] Verified newest ReplicaSet template resources match expected
[ok] Rollout completed after scale-to-zero
[verify] newest RS=newdeploy-ml-object-detection-default-beef-7bcaa92aa890-c6db5ddcb pods=49 ready=49
[ok] Verified newest ReplicaSet template resources match expected
[info] Started Locust with PID 268256
[info] start sleep for 30s
[info] sleep done
\Start sampling in parallel...
Workflow e2e p99 latency (52 completed in 18.4s, parallel, 8 workers): 4.500s
Average stage latencies:
  - ml-image-processing: 0.273s
  - ml-object-detection: 0.202s
================================================================================
objective      : price
resource_config: [{'cpu_m': 324, 'memory_mi': 70}, {'cpu_m': 4326, 'memory_mi': 400}], latencies: {'ml-image-processing': 0.27329289511992383, 'ml-object-detection': 0.20194465821035779}, price_cost: 7718.715371, energy_cost: 397.191713, latency_p99 : 4.499515
wall_time_s    : 76.918
================================================================================

[info] Locust stopped
Updating function ml-image-processing to cpu: 711m, memory: 64Mi
Updating Deployment resource configuration...

Updating function ml-object-detection to cpu: 5532m, memory: 421Mi
Updating Deployment resource configuration...

[info] Original replicas=17, selector='environmentName=ml-image-processing,environmentNamespace=default,environmentUid=8dcaa936-04ed-49cf-8ddf-36cdc234cbfd,executorType=newdeploy,functionName=ml-image-processing,functionNamespace=default,functionUid=d8529cac-3c02-4647-a616-8254b24ce685'
[info] Original replicas=49, selector='environmentName=yolo,environmentNamespace=default,environmentUid=4b5fef2f-7951-477c-a9c0-ef0af047a425,executorType=newdeploy,functionName=ml-object-detection,functionNamespace=default,functionUid=dc6d8a52-8de2-4fbb-beef-7bcaa92aa890'
[ok] Patched Deployment resources
[ok] Patched Deployment resources
[ok] Verified Deployment template resources: requests={'cpu': '1500m', 'memory': '400Mi'} limits={'cpu': '5532m', 'memory': '421Mi'}
[info] Scaling deployment to 0 replicas to force full pod replacement
[ok] Verified Deployment template resources: requests={'cpu': '300m', 'memory': '50Mi'} limits={'cpu': '711m', 'memory': '64Mi'}
[info] Scaling deployment to 0 replicas to force full pod replacement
[ok] All pods terminated (replicas=0)
[info] Scaling deployment back to 49 replicas
[ok] All pods terminated (replicas=0)
[info] Scaling deployment back to 17 replicas
[ok] Rollout completed after scale-to-zero
[verify] newest RS=newdeploy-ml-image-processing-default-a616-8254b24ce685-6d45bff79 pods=17 ready=17
[ok] Verified newest ReplicaSet template resources match expected
[ok] Rollout completed after scale-to-zero
[verify] newest RS=newdeploy-ml-object-detection-default-beef-7bcaa92aa890-5cf5b9b659 pods=49 ready=49
[ok] Verified newest ReplicaSet template resources match expected
[info] Started Locust with PID 275621
[info] start sleep for 30s
[info] sleep done
\Start sampling in parallel...
Workflow e2e p99 latency (73 completed in 17.0s, parallel, 8 workers): 1.416s
Average stage latencies:
  - ml-image-processing: 0.128s
  - ml-object-detection: 0.181s
================================================================================
objective      : price
resource_config: [{'cpu_m': 711, 'memory_mi': 64}, {'cpu_m': 5532, 'memory_mi': 421}], latencies: {'ml-image-processing': 0.12775070565331675, 'ml-object-detection': 0.18144018499639958}, price_cost: 8823.475541, energy_cost: 465.358585, latency_p99 : 1.416010
wall_time_s    : 74.317
================================================================================

[info] Locust stopped
[info] Locust is not running
================================================================================

Batch 15: best_feasible_cost (random, qNEI) = (7979.873652553486, 6992.621913095219), best_constraint =  -0.125 (<=0 feasible), time = 240.50.
Best feasible resource configuration: [{'cpu_m': 331, 'memory_mi': 58}, {'cpu_m': 5251, 'memory_mi': 409}]

================================================================================
/home/cc/miniconda3/envs/faas/lib/python3.10/site-packages/botorch/acquisition/monte_carlo.py:502: NumericsWarning: qNoisyExpectedImprovement has known numerical issues that lead to suboptimal optimization performance. It is strongly recommended to simply replace

	 qNoisyExpectedImprovement 	 --> 	 qLogNoisyExpectedImprovement 

instead, which fixes the issues and has the same API. See https://arxiv.org/abs/2310.20708 for details.
  legacy_ei_numerics_warning(legacy_name=type(self).__name__)
Updating function ml-image-processing to cpu: 300m, memory: 50Mi
Updating Deployment resource configuration...

Updating function ml-object-detection to cpu: 5343m, memory: 502Mi
Updating Deployment resource configuration...

[info] Original replicas=49, selector='environmentName=yolo,environmentNamespace=default,environmentUid=4b5fef2f-7951-477c-a9c0-ef0af047a425,executorType=newdeploy,functionName=ml-object-detection,functionNamespace=default,functionUid=dc6d8a52-8de2-4fbb-beef-7bcaa92aa890'
[info] Original replicas=17, selector='environmentName=ml-image-processing,environmentNamespace=default,environmentUid=8dcaa936-04ed-49cf-8ddf-36cdc234cbfd,executorType=newdeploy,functionName=ml-image-processing,functionNamespace=default,functionUid=d8529cac-3c02-4647-a616-8254b24ce685'
[ok] Patched Deployment resources
[ok] Patched Deployment resources
[ok] Verified Deployment template resources: requests={'cpu': '300m', 'memory': '50Mi'} limits={'cpu': '300m', 'memory': '50Mi'}
[info] Scaling deployment to 0 replicas to force full pod replacement
[ok] Verified Deployment template resources: requests={'cpu': '1500m', 'memory': '400Mi'} limits={'cpu': '5343m', 'memory': '502Mi'}
[info] Scaling deployment to 0 replicas to force full pod replacement
[ok] All pods terminated (replicas=0)
[info] Scaling deployment back to 17 replicas
[ok] All pods terminated (replicas=0)
[info] Scaling deployment back to 49 replicas
[ok] Rollout completed after scale-to-zero
[verify] newest RS=newdeploy-ml-image-processing-default-a616-8254b24ce685-5789945b5f pods=17 ready=17
[ok] Verified newest ReplicaSet template resources match expected
[ok] Rollout completed after scale-to-zero
[verify] newest RS=newdeploy-ml-object-detection-default-beef-7bcaa92aa890-7d7dbb5889 pods=49 ready=49
[ok] Verified newest ReplicaSet template resources match expected
[info] Started Locust with PID 330489
[info] start sleep for 30s
[info] sleep done
\Start sampling in parallel...
Workflow e2e p99 latency (54 completed in 17.6s, parallel, 8 workers): 3.022s
Average stage latencies:
  - ml-image-processing: 0.303s
  - ml-object-detection: 0.149s
================================================================================
objective      : price
resource_config: [{'cpu_m': 300, 'memory_mi': 50}, {'cpu_m': 5343, 'memory_mi': 502}], latencies: {'ml-image-processing': 0.3026976670586952, 'ml-object-detection': 0.1491713708490823}, price_cost: 7071.728332, energy_cost: 387.767276, latency_p99 : 3.022441
wall_time_s    : 78.649
================================================================================

[info] Locust stopped
Updating function ml-image-processing to cpu: 555m, memory: 68Mi
Updating Deployment resource configuration...

Updating function ml-object-detection to cpu: 3236m, memory: 442Mi
Updating Deployment resource configuration...

[info] Original replicas=17, selector='environmentName=ml-image-processing,environmentNamespace=default,environmentUid=8dcaa936-04ed-49cf-8ddf-36cdc234cbfd,executorType=newdeploy,functionName=ml-image-processing,functionNamespace=default,functionUid=d8529cac-3c02-4647-a616-8254b24ce685'
[info] Original replicas=49, selector='environmentName=yolo,environmentNamespace=default,environmentUid=4b5fef2f-7951-477c-a9c0-ef0af047a425,executorType=newdeploy,functionName=ml-object-detection,functionNamespace=default,functionUid=dc6d8a52-8de2-4fbb-beef-7bcaa92aa890'
[ok] Patched Deployment resources
[ok] Patched Deployment resources
[ok] Verified Deployment template resources: requests={'cpu': '1500m', 'memory': '400Mi'} limits={'cpu': '3236m', 'memory': '442Mi'}
[info] Scaling deployment to 0 replicas to force full pod replacement
[ok] Verified Deployment template resources: requests={'cpu': '300m', 'memory': '50Mi'} limits={'cpu': '555m', 'memory': '68Mi'}
[info] Scaling deployment to 0 replicas to force full pod replacement
[ok] All pods terminated (replicas=0)
[info] Scaling deployment back to 17 replicas
[ok] All pods terminated (replicas=0)
[info] Scaling deployment back to 49 replicas
[ok] Rollout completed after scale-to-zero
[verify] newest RS=newdeploy-ml-image-processing-default-a616-8254b24ce685-b4df7df8d pods=17 ready=17
[ok] Verified newest ReplicaSet template resources match expected
[ok] Rollout completed after scale-to-zero
[verify] newest RS=newdeploy-ml-object-detection-default-beef-7bcaa92aa890-545d699c7 pods=49 ready=49
[ok] Verified newest ReplicaSet template resources match expected
[info] Started Locust with PID 338190
[info] start sleep for 30s
[info] sleep done
\Start sampling in parallel...
Workflow e2e p99 latency (57 completed in 18.2s, parallel, 8 workers): 9.000s
Average stage latencies:
  - ml-image-processing: 0.123s
  - ml-object-detection: 0.325s
================================================================================
objective      : price
resource_config: [{'cpu_m': 555, 'memory_mi': 68}, {'cpu_m': 3236, 'memory_mi': 442}], latencies: {'ml-image-processing': 0.12345106380346876, 'ml-object-detection': 0.32533839635121137}, price_cost: 9214.470588, energy_cost: 401.306077, latency_p99 : 9.000000
wall_time_s    : 83.082
================================================================================

[info] Locust stopped
Updating function ml-image-processing to cpu: 300m, memory: 50Mi
Updating Deployment resource configuration...

Updating function ml-object-detection to cpu: 5559m, memory: 400Mi
Updating Deployment resource configuration...

[info] Original replicas=17, selector='environmentName=ml-image-processing,environmentNamespace=default,environmentUid=8dcaa936-04ed-49cf-8ddf-36cdc234cbfd,executorType=newdeploy,functionName=ml-image-processing,functionNamespace=default,functionUid=d8529cac-3c02-4647-a616-8254b24ce685'
[info] Original replicas=49, selector='environmentName=yolo,environmentNamespace=default,environmentUid=4b5fef2f-7951-477c-a9c0-ef0af047a425,executorType=newdeploy,functionName=ml-object-detection,functionNamespace=default,functionUid=dc6d8a52-8de2-4fbb-beef-7bcaa92aa890'
[ok] Patched Deployment resources
[ok] Patched Deployment resources
[ok] Verified Deployment template resources: requests={'cpu': '1500m', 'memory': '400Mi'} limits={'cpu': '5559m', 'memory': '400Mi'}
[info] Scaling deployment to 0 replicas to force full pod replacement
[ok] Verified Deployment template resources: requests={'cpu': '300m', 'memory': '50Mi'} limits={'cpu': '300m', 'memory': '50Mi'}
[info] Scaling deployment to 0 replicas to force full pod replacement
[ok] All pods terminated (replicas=0)
[info] Scaling deployment back to 49 replicas
[ok] All pods terminated (replicas=0)
[info] Scaling deployment back to 17 replicas
[ok] Deleted HPA newdeploy-ml-object-detection-default-beef-7bcaa92aa890
[ok] Rollout completed after scale-to-zero
[verify] newest RS=newdeploy-ml-image-processing-default-a616-8254b24ce685-5789945b5f pods=17 ready=17
[ok] Verified newest ReplicaSet template resources match expected
[ok] Rollout completed after scale-to-zero
[verify] newest RS=newdeploy-ml-object-detection-default-beef-7bcaa92aa890-54568bc74d pods=49 ready=49
[ok] Verified newest ReplicaSet template resources match expected
[info] Started Locust with PID 345193
[info] start sleep for 30s
[info] sleep done
\Start sampling in parallel...
Workflow e2e p99 latency (53 completed in 18.1s, parallel, 8 workers): 3.191s
Average stage latencies:
  - ml-image-processing: 0.285s
  - ml-object-detection: 0.147s
================================================================================
objective      : price
resource_config: [{'cpu_m': 300, 'memory_mi': 50}, {'cpu_m': 5559, 'memory_mi': 400}], latencies: {'ml-image-processing': 0.2849387615602815, 'ml-object-detection': 0.14672047730957}, price_cost: 7203.755270, energy_cost: 382.406170, latency_p99 : 3.190682
wall_time_s    : 79.578
================================================================================

[info] Locust stopped
[info] Locust is not running
================================================================================

Batch 16: best_feasible_cost (random, qNEI) = (7979.873652553486, 6992.621913095219), best_constraint =  -0.125 (<=0 feasible), time = 253.97.
Best feasible resource configuration: [{'cpu_m': 331, 'memory_mi': 58}, {'cpu_m': 5251, 'memory_mi': 409}]

================================================================================
/home/cc/miniconda3/envs/faas/lib/python3.10/site-packages/botorch/acquisition/monte_carlo.py:502: NumericsWarning: qNoisyExpectedImprovement has known numerical issues that lead to suboptimal optimization performance. It is strongly recommended to simply replace

	 qNoisyExpectedImprovement 	 --> 	 qLogNoisyExpectedImprovement 

instead, which fixes the issues and has the same API. See https://arxiv.org/abs/2310.20708 for details.
  legacy_ei_numerics_warning(legacy_name=type(self).__name__)
Updating function ml-image-processing to cpu: 578m, memory: 50Mi
Updating Deployment resource configuration...

Updating function ml-object-detection to cpu: 4538m, memory: 487Mi
Updating Deployment resource configuration...

[info] Original replicas=17, selector='environmentName=ml-image-processing,environmentNamespace=default,environmentUid=8dcaa936-04ed-49cf-8ddf-36cdc234cbfd,executorType=newdeploy,functionName=ml-image-processing,functionNamespace=default,functionUid=d8529cac-3c02-4647-a616-8254b24ce685'
[info] Original replicas=49, selector='environmentName=yolo,environmentNamespace=default,environmentUid=4b5fef2f-7951-477c-a9c0-ef0af047a425,executorType=newdeploy,functionName=ml-object-detection,functionNamespace=default,functionUid=dc6d8a52-8de2-4fbb-beef-7bcaa92aa890'
[ok] Patched Deployment resources
[ok] Patched Deployment resources
[ok] Verified Deployment template resources: requests={'cpu': '1500m', 'memory': '400Mi'} limits={'cpu': '4538m', 'memory': '487Mi'}
[info] Scaling deployment to 0 replicas to force full pod replacement
[ok] Verified Deployment template resources: requests={'cpu': '300m', 'memory': '50Mi'} limits={'cpu': '578m', 'memory': '50Mi'}
[info] Scaling deployment to 0 replicas to force full pod replacement
[ok] All pods terminated (replicas=0)
[info] Scaling deployment back to 49 replicas
[ok] All pods terminated (replicas=0)
[info] Scaling deployment back to 17 replicas
[ok] Rollout completed after scale-to-zero
[verify] newest RS=newdeploy-ml-image-processing-default-a616-8254b24ce685-77ffd4889 pods=17 ready=17
[ok] Verified newest ReplicaSet template resources match expected
[ok] Rollout completed after scale-to-zero
[verify] newest RS=newdeploy-ml-object-detection-default-beef-7bcaa92aa890-5b5574c8d5 pods=49 ready=49
[ok] Verified newest ReplicaSet template resources match expected
[info] Started Locust with PID 359216
[info] start sleep for 30s
[info] sleep done
\Start sampling in parallel...
Workflow e2e p99 latency (71 completed in 17.2s, parallel, 8 workers): 1.657s
Average stage latencies:
  - ml-image-processing: 0.151s
  - ml-object-detection: 0.220s
================================================================================
objective      : price
resource_config: [{'cpu_m': 578, 'memory_mi': 50}, {'cpu_m': 4538, 'memory_mi': 487}], latencies: {'ml-image-processing': 0.1506694578368899, 'ml-object-detection': 0.22049106038372282}, price_cost: 8804.403509, energy_cost: 449.923778, latency_p99 : 1.656730
wall_time_s    : 78.993
================================================================================

[info] Locust stopped
Updating function ml-image-processing to cpu: 699m, memory: 53Mi
Updating Deployment resource configuration...

Updating function ml-object-detection to cpu: 3680m, memory: 401Mi
Updating Deployment resource configuration...

[info] Original replicas=17, selector='environmentName=ml-image-processing,environmentNamespace=default,environmentUid=8dcaa936-04ed-49cf-8ddf-36cdc234cbfd,executorType=newdeploy,functionName=ml-image-processing,functionNamespace=default,functionUid=d8529cac-3c02-4647-a616-8254b24ce685'
[info] Original replicas=49, selector='environmentName=yolo,environmentNamespace=default,environmentUid=4b5fef2f-7951-477c-a9c0-ef0af047a425,executorType=newdeploy,functionName=ml-object-detection,functionNamespace=default,functionUid=dc6d8a52-8de2-4fbb-beef-7bcaa92aa890'
[ok] Patched Deployment resources
[ok] Patched Deployment resources
[ok] Verified Deployment template resources: requests={'cpu': '300m', 'memory': '50Mi'} limits={'cpu': '699m', 'memory': '53Mi'}
[info] Scaling deployment to 0 replicas to force full pod replacement
[ok] Verified Deployment template resources: requests={'cpu': '1500m', 'memory': '400Mi'} limits={'cpu': '3680m', 'memory': '401Mi'}
[info] Scaling deployment to 0 replicas to force full pod replacement
[ok] All pods terminated (replicas=0)
[info] Scaling deployment back to 17 replicas
[ok] All pods terminated (replicas=0)
[info] Scaling deployment back to 49 replicas
[ok] Rollout completed after scale-to-zero
[verify] newest RS=newdeploy-ml-image-processing-default-a616-8254b24ce685-5d5f986c7d pods=17 ready=17
[ok] Verified newest ReplicaSet template resources match expected
[ok] Rollout completed after scale-to-zero
[verify] newest RS=newdeploy-ml-object-detection-default-beef-7bcaa92aa890-57884d87f pods=49 ready=49
[ok] Verified newest ReplicaSet template resources match expected
[info] Started Locust with PID 366558
[info] start sleep for 30s
[info] sleep done
\Start sampling in parallel...
Workflow e2e p99 latency (61 completed in 19.8s, parallel, 8 workers): 9.000s
Average stage latencies:
  - ml-image-processing: 0.108s
  - ml-object-detection: 0.276s
================================================================================
objective      : price
resource_config: [{'cpu_m': 699, 'memory_mi': 53}, {'cpu_m': 3680, 'memory_mi': 401}], latencies: {'ml-image-processing': 0.10771807607520244, 'ml-object-detection': 0.27640851437724356}, price_cost: 8912.102438, energy_cost: 425.781231, latency_p99 : 9.000000
wall_time_s    : 82.429
================================================================================

[info] Locust stopped
Updating function ml-image-processing to cpu: 300m, memory: 50Mi
Updating Deployment resource configuration...

Updating function ml-object-detection to cpu: 5123m, memory: 501Mi
Updating Deployment resource configuration...

[info] Original replicas=17, selector='environmentName=ml-image-processing,environmentNamespace=default,environmentUid=8dcaa936-04ed-49cf-8ddf-36cdc234cbfd,executorType=newdeploy,functionName=ml-image-processing,functionNamespace=default,functionUid=d8529cac-3c02-4647-a616-8254b24ce685'
[info] Original replicas=49, selector='environmentName=yolo,environmentNamespace=default,environmentUid=4b5fef2f-7951-477c-a9c0-ef0af047a425,executorType=newdeploy,functionName=ml-object-detection,functionNamespace=default,functionUid=dc6d8a52-8de2-4fbb-beef-7bcaa92aa890'
[ok] Patched Deployment resources
[ok] Patched Deployment resources
[ok] Verified Deployment template resources: requests={'cpu': '1500m', 'memory': '400Mi'} limits={'cpu': '5123m', 'memory': '501Mi'}
[info] Scaling deployment to 0 replicas to force full pod replacement
[ok] Verified Deployment template resources: requests={'cpu': '300m', 'memory': '50Mi'} limits={'cpu': '300m', 'memory': '50Mi'}
[info] Scaling deployment to 0 replicas to force full pod replacement
[ok] All pods terminated (replicas=0)
[info] Scaling deployment back to 49 replicas
[ok] All pods terminated (replicas=0)
[info] Scaling deployment back to 17 replicas
[ok] Rollout completed after scale-to-zero
[verify] newest RS=newdeploy-ml-image-processing-default-a616-8254b24ce685-5789945b5f pods=17 ready=17
[ok] Verified newest ReplicaSet template resources match expected
[ok] Rollout completed after scale-to-zero
[verify] newest RS=newdeploy-ml-object-detection-default-beef-7bcaa92aa890-799b9dd4df pods=49 ready=49
[ok] Verified newest ReplicaSet template resources match expected
[info] Started Locust with PID 373809
[info] start sleep for 30s
[info] sleep done
\Start sampling in parallel...
Workflow e2e p99 latency (57 completed in 18.7s, parallel, 8 workers): 3.192s
Average stage latencies:
  - ml-image-processing: 0.280s
  - ml-object-detection: 0.156s
================================================================================
objective      : price
resource_config: [{'cpu_m': 300, 'memory_mi': 50}, {'cpu_m': 5123, 'memory_mi': 501}], latencies: {'ml-image-processing': 0.2800448087877349, 'ml-object-detection': 0.1563644727463262}, price_cost: 7087.770957, energy_cost: 386.489122, latency_p99 : 3.192416
wall_time_s    : 80.986
================================================================================

[info] Locust stopped
[info] Locust is not running
================================================================================

Batch 17: best_feasible_cost (random, qNEI) = (7979.873652553486, 6992.621913095219), best_constraint =  -0.125 (<=0 feasible), time = 256.85.
Best feasible resource configuration: [{'cpu_m': 331, 'memory_mi': 58}, {'cpu_m': 5251, 'memory_mi': 409}]

================================================================================
/home/cc/miniconda3/envs/faas/lib/python3.10/site-packages/botorch/acquisition/monte_carlo.py:502: NumericsWarning: qNoisyExpectedImprovement has known numerical issues that lead to suboptimal optimization performance. It is strongly recommended to simply replace

	 qNoisyExpectedImprovement 	 --> 	 qLogNoisyExpectedImprovement 

instead, which fixes the issues and has the same API. See https://arxiv.org/abs/2310.20708 for details.
  legacy_ei_numerics_warning(legacy_name=type(self).__name__)
Updating function ml-image-processing to cpu: 300m, memory: 50Mi
Updating Deployment resource configuration...

Updating function ml-object-detection to cpu: 5547m, memory: 512Mi
Updating Deployment resource configuration...

[info] Original replicas=17, selector='environmentName=ml-image-processing,environmentNamespace=default,environmentUid=8dcaa936-04ed-49cf-8ddf-36cdc234cbfd,executorType=newdeploy,functionName=ml-image-processing,functionNamespace=default,functionUid=d8529cac-3c02-4647-a616-8254b24ce685'
[info] Original replicas=49, selector='environmentName=yolo,environmentNamespace=default,environmentUid=4b5fef2f-7951-477c-a9c0-ef0af047a425,executorType=newdeploy,functionName=ml-object-detection,functionNamespace=default,functionUid=dc6d8a52-8de2-4fbb-beef-7bcaa92aa890'
[ok] Patched Deployment resources
[ok] Patched Deployment resources
[ok] Verified Deployment template resources: requests={'cpu': '1500m', 'memory': '400Mi'} limits={'cpu': '5547m', 'memory': '512Mi'}
[info] Scaling deployment to 0 replicas to force full pod replacement
[ok] Verified Deployment template resources: requests={'cpu': '300m', 'memory': '50Mi'} limits={'cpu': '300m', 'memory': '50Mi'}
[info] Scaling deployment to 0 replicas to force full pod replacement
[ok] All pods terminated (replicas=0)
[info] Scaling deployment back to 17 replicas
[ok] Rollout completed after scale-to-zero
[verify] newest RS=newdeploy-ml-image-processing-default-a616-8254b24ce685-5789945b5f pods=0 ready=0
[ok] Verified newest ReplicaSet template resources match expected
[ok] All pods terminated (replicas=0)
[info] Scaling deployment back to 49 replicas
[ok] Rollout completed after scale-to-zero
[verify] newest RS=newdeploy-ml-object-detection-default-beef-7bcaa92aa890-67847469b4 pods=49 ready=49
[ok] Verified newest ReplicaSet template resources match expected
[info] Started Locust with PID 386954
[info] start sleep for 30s
[info] sleep done
\Start sampling in parallel...
Workflow e2e p99 latency (52 completed in 16.7s, parallel, 8 workers): 3.890s
Average stage latencies:
  - ml-image-processing: 0.285s
  - ml-object-detection: 0.143s
================================================================================
objective      : price
resource_config: [{'cpu_m': 300, 'memory_mi': 50}, {'cpu_m': 5547, 'memory_mi': 512}], latencies: {'ml-image-processing': 0.2847127032269222, 'ml-object-detection': 0.14323497348679945}, price_cost: 7033.561803, energy_cost: 383.546907, latency_p99 : 3.890138
wall_time_s    : 77.238
================================================================================

[info] Locust stopped
Updating function ml-image-processing to cpu: 377m, memory: 67Mi
Updating Deployment resource configuration...

Updating function ml-object-detection to cpu: 5471m, memory: 497Mi
Updating Deployment resource configuration...

[info] Original replicas=49, selector='environmentName=yolo,environmentNamespace=default,environmentUid=4b5fef2f-7951-477c-a9c0-ef0af047a425,executorType=newdeploy,functionName=ml-object-detection,functionNamespace=default,functionUid=dc6d8a52-8de2-4fbb-beef-7bcaa92aa890'
[info] Original replicas=17, selector='environmentName=ml-image-processing,environmentNamespace=default,environmentUid=8dcaa936-04ed-49cf-8ddf-36cdc234cbfd,executorType=newdeploy,functionName=ml-image-processing,functionNamespace=default,functionUid=d8529cac-3c02-4647-a616-8254b24ce685'
[ok] Patched Deployment resources
[ok] Patched Deployment resources
[ok] Verified Deployment template resources: requests={'cpu': '1500m', 'memory': '400Mi'} limits={'cpu': '5471m', 'memory': '497Mi'}
[info] Scaling deployment to 0 replicas to force full pod replacement
[ok] Verified Deployment template resources: requests={'cpu': '300m', 'memory': '50Mi'} limits={'cpu': '377m', 'memory': '67Mi'}
[info] Scaling deployment to 0 replicas to force full pod replacement
[ok] All pods terminated (replicas=0)
[info] Scaling deployment back to 17 replicas
[ok] All pods terminated (replicas=0)
[info] Scaling deployment back to 49 replicas
[ok] Rollout completed after scale-to-zero
[verify] newest RS=newdeploy-ml-image-processing-default-a616-8254b24ce685-6dbc6cdc8d pods=17 ready=17
[ok] Verified newest ReplicaSet template resources match expected
[ok] Rollout completed after scale-to-zero
[verify] newest RS=newdeploy-ml-object-detection-default-beef-7bcaa92aa890-66977df9c5 pods=49 ready=49
[ok] Verified newest ReplicaSet template resources match expected
[info] Started Locust with PID 394637
[info] start sleep for 30s
[info] sleep done
\Start sampling in parallel...
Workflow e2e p99 latency (63 completed in 17.1s, parallel, 8 workers): 3.748s
Average stage latencies:
  - ml-image-processing: 0.228s
  - ml-object-detection: 0.163s
================================================================================
objective      : price
resource_config: [{'cpu_m': 377, 'memory_mi': 67}, {'cpu_m': 5471, 'memory_mi': 497}], latencies: {'ml-image-processing': 0.2283577663114383, 'ml-object-detection': 0.1634255394723917}, price_cost: 7884.640541, energy_cost: 416.294762, latency_p99 : 3.748035
wall_time_s    : 79.757
================================================================================

[info] Locust stopped
Updating function ml-image-processing to cpu: 523m, memory: 54Mi
Updating Deployment resource configuration...

Updating function ml-object-detection to cpu: 4252m, memory: 403Mi
Updating Deployment resource configuration...

[info] Original replicas=17, selector='environmentName=ml-image-processing,environmentNamespace=default,environmentUid=8dcaa936-04ed-49cf-8ddf-36cdc234cbfd,executorType=newdeploy,functionName=ml-image-processing,functionNamespace=default,functionUid=d8529cac-3c02-4647-a616-8254b24ce685'
[info] Original replicas=49, selector='environmentName=yolo,environmentNamespace=default,environmentUid=4b5fef2f-7951-477c-a9c0-ef0af047a425,executorType=newdeploy,functionName=ml-object-detection,functionNamespace=default,functionUid=dc6d8a52-8de2-4fbb-beef-7bcaa92aa890'
[ok] Patched Deployment resources
[ok] Patched Deployment resources
[ok] Verified Deployment template resources: requests={'cpu': '1500m', 'memory': '400Mi'} limits={'cpu': '4252m', 'memory': '403Mi'}
[info] Scaling deployment to 0 replicas to force full pod replacement
[ok] Verified Deployment template resources: requests={'cpu': '300m', 'memory': '50Mi'} limits={'cpu': '523m', 'memory': '54Mi'}
[info] Scaling deployment to 0 replicas to force full pod replacement
[ok] All pods terminated (replicas=0)
[info] Scaling deployment back to 49 replicas
[ok] All pods terminated (replicas=0)
[info] Scaling deployment back to 17 replicas
[ok] Rollout completed after scale-to-zero
[verify] newest RS=newdeploy-ml-image-processing-default-a616-8254b24ce685-76dd8889f pods=17 ready=17
[ok] Verified newest ReplicaSet template resources match expected
[ok] Rollout completed after scale-to-zero
[verify] newest RS=newdeploy-ml-object-detection-default-beef-7bcaa92aa890-7b57487d55 pods=49 ready=49
[ok] Verified newest ReplicaSet template resources match expected
[info] Started Locust with PID 401979
[info] start sleep for 30s
[info] sleep done
\Start sampling in parallel...
Workflow e2e p99 latency (69 completed in 16.7s, parallel, 8 workers): 2.415s
Average stage latencies:
  - ml-image-processing: 0.167s
  - ml-object-detection: 0.235s
================================================================================
objective      : price
resource_config: [{'cpu_m': 523, 'memory_mi': 54}, {'cpu_m': 4252, 'memory_mi': 403}], latencies: {'ml-image-processing': 0.16740657606472573, 'ml-object-detection': 0.23474629027633995}, price_cost: 8777.645763, energy_cost: 447.035573, latency_p99 : 2.414515
wall_time_s    : 79.657
================================================================================

[info] Locust stopped
[info] Locust is not running
================================================================================

Batch 18: best_feasible_cost (random, qNEI) = (7979.873652553486, 6992.621913095219), best_constraint =  -0.125 (<=0 feasible), time = 243.64.
Best feasible resource configuration: [{'cpu_m': 331, 'memory_mi': 58}, {'cpu_m': 5251, 'memory_mi': 409}]

================================================================================
/home/cc/miniconda3/envs/faas/lib/python3.10/site-packages/botorch/acquisition/monte_carlo.py:502: NumericsWarning: qNoisyExpectedImprovement has known numerical issues that lead to suboptimal optimization performance. It is strongly recommended to simply replace

	 qNoisyExpectedImprovement 	 --> 	 qLogNoisyExpectedImprovement 

instead, which fixes the issues and has the same API. See https://arxiv.org/abs/2310.20708 for details.
  legacy_ei_numerics_warning(legacy_name=type(self).__name__)
Updating function ml-image-processing to cpu: 534m, memory: 59Mi
Updating Deployment resource configuration...

Updating function ml-object-detection to cpu: 5987m, memory: 466Mi
Updating Deployment resource configuration...

[info] Original replicas=17, selector='environmentName=ml-image-processing,environmentNamespace=default,environmentUid=8dcaa936-04ed-49cf-8ddf-36cdc234cbfd,executorType=newdeploy,functionName=ml-image-processing,functionNamespace=default,functionUid=d8529cac-3c02-4647-a616-8254b24ce685'
[ok] Patched Deployment resources
[info] Original replicas=49, selector='environmentName=yolo,environmentNamespace=default,environmentUid=4b5fef2f-7951-477c-a9c0-ef0af047a425,executorType=newdeploy,functionName=ml-object-detection,functionNamespace=default,functionUid=dc6d8a52-8de2-4fbb-beef-7bcaa92aa890'
[ok] Verified Deployment template resources: requests={'cpu': '300m', 'memory': '50Mi'} limits={'cpu': '534m', 'memory': '59Mi'}
[info] Scaling deployment to 0 replicas to force full pod replacement
[ok] Patched Deployment resources
[ok] Verified Deployment template resources: requests={'cpu': '1500m', 'memory': '400Mi'} limits={'cpu': '5987m', 'memory': '466Mi'}
[info] Scaling deployment to 0 replicas to force full pod replacement
[ok] All pods terminated (replicas=0)
[info] Scaling deployment back to 17 replicas
[ok] All pods terminated (replicas=0)
[info] Scaling deployment back to 49 replicas
[ok] Rollout completed after scale-to-zero
[verify] newest RS=newdeploy-ml-image-processing-default-a616-8254b24ce685-5995ff6866 pods=17 ready=17
[ok] Verified newest ReplicaSet template resources match expected
[ok] Rollout completed after scale-to-zero
[verify] newest RS=newdeploy-ml-object-detection-default-beef-7bcaa92aa890-644b69b68c pods=49 ready=49
[ok] Verified newest ReplicaSet template resources match expected
[info] Started Locust with PID 447852
[info] start sleep for 30s
[info] sleep done
\Start sampling in parallel...
Workflow e2e p99 latency (68 completed in 16.3s, parallel, 8 workers): 1.688s
Average stage latencies:
  - ml-image-processing: 0.172s
  - ml-object-detection: 0.172s
================================================================================
objective      : price
resource_config: [{'cpu_m': 534, 'memory_mi': 59}, {'cpu_m': 5987, 'memory_mi': 466}], latencies: {'ml-image-processing': 0.1719331569791607, 'ml-object-detection': 0.17189769600928925}, price_cost: 9044.537308, energy_cost: 449.133728, latency_p99 : 1.688001
wall_time_s    : 76.730
================================================================================

[info] Locust stopped
Updating function ml-image-processing to cpu: 300m, memory: 50Mi
Updating Deployment resource configuration...

Updating function ml-object-detection to cpu: 5191m, memory: 512Mi
Updating Deployment resource configuration...

[info] Original replicas=49, selector='environmentName=yolo,environmentNamespace=default,environmentUid=4b5fef2f-7951-477c-a9c0-ef0af047a425,executorType=newdeploy,functionName=ml-object-detection,functionNamespace=default,functionUid=dc6d8a52-8de2-4fbb-beef-7bcaa92aa890'
[info] Original replicas=17, selector='environmentName=ml-image-processing,environmentNamespace=default,environmentUid=8dcaa936-04ed-49cf-8ddf-36cdc234cbfd,executorType=newdeploy,functionName=ml-image-processing,functionNamespace=default,functionUid=d8529cac-3c02-4647-a616-8254b24ce685'
[ok] Patched Deployment resources
[ok] Patched Deployment resources
[ok] Verified Deployment template resources: requests={'cpu': '300m', 'memory': '50Mi'} limits={'cpu': '300m', 'memory': '50Mi'}
[info] Scaling deployment to 0 replicas to force full pod replacement
[ok] Verified Deployment template resources: requests={'cpu': '1500m', 'memory': '400Mi'} limits={'cpu': '5191m', 'memory': '512Mi'}
[info] Scaling deployment to 0 replicas to force full pod replacement
[ok] All pods terminated (replicas=0)
[info] Scaling deployment back to 17 replicas
[ok] All pods terminated (replicas=0)
[info] Scaling deployment back to 49 replicas
[ok] Rollout completed after scale-to-zero
[verify] newest RS=newdeploy-ml-image-processing-default-a616-8254b24ce685-5789945b5f pods=17 ready=17
[ok] Verified newest ReplicaSet template resources match expected
[ok] Rollout completed after scale-to-zero
[verify] newest RS=newdeploy-ml-object-detection-default-beef-7bcaa92aa890-775bfb75d8 pods=49 ready=49
[ok] Verified newest ReplicaSet template resources match expected
[info] Started Locust with PID 454787
[info] start sleep for 30s
[info] sleep done
\Start sampling in parallel...
Workflow e2e p99 latency (56 completed in 17.4s, parallel, 8 workers): 2.850s
Average stage latencies:
  - ml-image-processing: 0.293s
  - ml-object-detection: 0.156s
================================================================================
objective      : price
resource_config: [{'cpu_m': 300, 'memory_mi': 50}, {'cpu_m': 5191, 'memory_mi': 512}], latencies: {'ml-image-processing': 0.2933023001366694, 'ml-object-detection': 0.15551514771401084}, price_cost: 7153.141533, energy_cost: 384.360947, latency_p99 : 2.849631
wall_time_s    : 79.264
================================================================================

[info] Locust stopped
Updating function ml-image-processing to cpu: 491m, memory: 54Mi
Updating Deployment resource configuration...

Updating function ml-object-detection to cpu: 3061m, memory: 457Mi
Updating Deployment resource configuration...

[info] Original replicas=17, selector='environmentName=ml-image-processing,environmentNamespace=default,environmentUid=8dcaa936-04ed-49cf-8ddf-36cdc234cbfd,executorType=newdeploy,functionName=ml-image-processing,functionNamespace=default,functionUid=d8529cac-3c02-4647-a616-8254b24ce685'
[info] Original replicas=49, selector='environmentName=yolo,environmentNamespace=default,environmentUid=4b5fef2f-7951-477c-a9c0-ef0af047a425,executorType=newdeploy,functionName=ml-object-detection,functionNamespace=default,functionUid=dc6d8a52-8de2-4fbb-beef-7bcaa92aa890'
[ok] Patched Deployment resources
[ok] Patched Deployment resources
[ok] Verified Deployment template resources: requests={'cpu': '1500m', 'memory': '400Mi'} limits={'cpu': '3061m', 'memory': '457Mi'}
[info] Scaling deployment to 0 replicas to force full pod replacement
[ok] Verified Deployment template resources: requests={'cpu': '300m', 'memory': '50Mi'} limits={'cpu': '491m', 'memory': '54Mi'}
[info] Scaling deployment to 0 replicas to force full pod replacement
[ok] All pods terminated (replicas=0)
[info] Scaling deployment back to 49 replicas
[ok] All pods terminated (replicas=0)
[info] Scaling deployment back to 17 replicas
[ok] Rollout completed after scale-to-zero
[verify] newest RS=newdeploy-ml-image-processing-default-a616-8254b24ce685-8664fb57dc pods=17 ready=17
[ok] Verified newest ReplicaSet template resources match expected
[ok] Rollout completed after scale-to-zero
[verify] newest RS=newdeploy-ml-object-detection-default-beef-7bcaa92aa890-b964c4c4f pods=49 ready=49
[ok] Verified newest ReplicaSet template resources match expected
[info] Started Locust with PID 461884
[info] start sleep for 30s
[info] sleep done
\Start sampling in parallel...
Workflow e2e p99 latency (52 completed in 17.2s, parallel, 8 workers): 9.000s
Average stage latencies:
  - ml-image-processing: 0.151s
  - ml-object-detection: 0.347s
================================================================================
objective      : price
resource_config: [{'cpu_m': 491, 'memory_mi': 54}, {'cpu_m': 3061, 'memory_mi': 457}], latencies: {'ml-image-processing': 0.1509369468646279, 'ml-object-detection': 0.34652387107295607}, price_cost: 9306.741360, energy_cost: 388.483709, latency_p99 : 9.000000
wall_time_s    : 78.494
================================================================================

[info] Locust stopped
[info] Locust is not running
================================================================================

Batch 19: best_feasible_cost (random, qNEI) = (7979.873652553486, 6992.621913095219), best_constraint =  -0.125 (<=0 feasible), time = 243.99.
Best feasible resource configuration: [{'cpu_m': 331, 'memory_mi': 58}, {'cpu_m': 5251, 'memory_mi': 409}]

================================================================================
/home/cc/miniconda3/envs/faas/lib/python3.10/site-packages/botorch/acquisition/monte_carlo.py:502: NumericsWarning: qNoisyExpectedImprovement has known numerical issues that lead to suboptimal optimization performance. It is strongly recommended to simply replace

	 qNoisyExpectedImprovement 	 --> 	 qLogNoisyExpectedImprovement 

instead, which fixes the issues and has the same API. See https://arxiv.org/abs/2310.20708 for details.
  legacy_ei_numerics_warning(legacy_name=type(self).__name__)
Updating function ml-image-processing to cpu: 696m, memory: 54Mi
Updating Deployment resource configuration...

Updating function ml-object-detection to cpu: 3242m, memory: 460Mi
Updating Deployment resource configuration...

[info] Original replicas=17, selector='environmentName=ml-image-processing,environmentNamespace=default,environmentUid=8dcaa936-04ed-49cf-8ddf-36cdc234cbfd,executorType=newdeploy,functionName=ml-image-processing,functionNamespace=default,functionUid=d8529cac-3c02-4647-a616-8254b24ce685'
[ok] Patched Deployment resources
[info] Original replicas=49, selector='environmentName=yolo,environmentNamespace=default,environmentUid=4b5fef2f-7951-477c-a9c0-ef0af047a425,executorType=newdeploy,functionName=ml-object-detection,functionNamespace=default,functionUid=dc6d8a52-8de2-4fbb-beef-7bcaa92aa890'
[ok] Verified Deployment template resources: requests={'cpu': '300m', 'memory': '50Mi'} limits={'cpu': '696m', 'memory': '54Mi'}
[info] Scaling deployment to 0 replicas to force full pod replacement
[ok] Patched Deployment resources
[ok] Verified Deployment template resources: requests={'cpu': '1500m', 'memory': '400Mi'} limits={'cpu': '3242m', 'memory': '460Mi'}
[info] Scaling deployment to 0 replicas to force full pod replacement
[ok] All pods terminated (replicas=0)
[info] Scaling deployment back to 17 replicas
[ok] All pods terminated (replicas=0)
[info] Scaling deployment back to 49 replicas
[ok] Rollout completed after scale-to-zero
[verify] newest RS=newdeploy-ml-image-processing-default-a616-8254b24ce685-76d6f6d54f pods=17 ready=17
[ok] Verified newest ReplicaSet template resources match expected
[ok] Rollout completed after scale-to-zero
[verify] newest RS=newdeploy-ml-object-detection-default-beef-7bcaa92aa890-7896564f5 pods=49 ready=49
[ok] Verified newest ReplicaSet template resources match expected
[info] Started Locust with PID 478846
[info] start sleep for 30s
[info] sleep done
\Start sampling in parallel...
Workflow e2e p99 latency (49 completed in 16.4s, parallel, 8 workers): 9.000s
Average stage latencies:
  - ml-image-processing: 0.099s
  - ml-object-detection: 0.327s
================================================================================
objective      : price
resource_config: [{'cpu_m': 696, 'memory_mi': 54}, {'cpu_m': 3242, 'memory_mi': 460}], latencies: {'ml-image-processing': 0.09897345498334183, 'ml-object-detection': 0.32739258509908997}, price_cost: 9292.021964, energy_cost: 403.685071, latency_p99 : 9.000000
wall_time_s    : 74.417
================================================================================

[info] Locust stopped
Updating function ml-image-processing to cpu: 653m, memory: 69Mi
Updating Deployment resource configuration...

Updating function ml-object-detection to cpu: 1732m, memory: 452Mi
Updating Deployment resource configuration...

[info] Original replicas=49, selector='environmentName=yolo,environmentNamespace=default,environmentUid=4b5fef2f-7951-477c-a9c0-ef0af047a425,executorType=newdeploy,functionName=ml-object-detection,functionNamespace=default,functionUid=dc6d8a52-8de2-4fbb-beef-7bcaa92aa890'
[info] Original replicas=17, selector='environmentName=ml-image-processing,environmentNamespace=default,environmentUid=8dcaa936-04ed-49cf-8ddf-36cdc234cbfd,executorType=newdeploy,functionName=ml-image-processing,functionNamespace=default,functionUid=d8529cac-3c02-4647-a616-8254b24ce685'
[ok] Patched Deployment resources
[ok] Patched Deployment resources
[ok] Verified Deployment template resources: requests={'cpu': '1500m', 'memory': '400Mi'} limits={'cpu': '1732m', 'memory': '452Mi'}
[info] Scaling deployment to 0 replicas to force full pod replacement
[ok] Verified Deployment template resources: requests={'cpu': '300m', 'memory': '50Mi'} limits={'cpu': '653m', 'memory': '69Mi'}
[info] Scaling deployment to 0 replicas to force full pod replacement
[ok] All pods terminated (replicas=0)
[info] Scaling deployment back to 17 replicas
[ok] All pods terminated (replicas=0)
[info] Scaling deployment back to 49 replicas
[ok] Deleted HPA newdeploy-ml-object-detection-default-beef-7bcaa92aa890
[ok] Rollout completed after scale-to-zero
[verify] newest RS=newdeploy-ml-image-processing-default-a616-8254b24ce685-855988f557 pods=17 ready=17
[ok] Verified newest ReplicaSet template resources match expected
[ok] Rollout completed after scale-to-zero
[verify] newest RS=newdeploy-ml-object-detection-default-beef-7bcaa92aa890-556dcd57cd pods=49 ready=49
[ok] Verified newest ReplicaSet template resources match expected
[info] Started Locust with PID 485755
[info] start sleep for 30s
[info] sleep done
\Start sampling in parallel...
Workflow e2e p99 latency (47 completed in 21.5s, parallel, 8 workers): 9.000s
Average stage latencies:
  - ml-image-processing: 0.106s
  - ml-object-detection: 0.715s
================================================================================
objective      : price
resource_config: [{'cpu_m': 653, 'memory_mi': 69}, {'cpu_m': 1732, 'memory_mi': 452}], latencies: {'ml-image-processing': 0.10578509861966823, 'ml-object-detection': 0.7145304210347737}, price_cost: 10890.189170, energy_cost: 318.507317, latency_p99 : 9.000000
wall_time_s    : 83.573
================================================================================

[info] Locust stopped
Updating function ml-image-processing to cpu: 318m, memory: 67Mi
Updating Deployment resource configuration...

Updating function ml-object-detection to cpu: 3975m, memory: 438Mi
Updating Deployment resource configuration...

[info] Original replicas=17, selector='environmentName=ml-image-processing,environmentNamespace=default,environmentUid=8dcaa936-04ed-49cf-8ddf-36cdc234cbfd,executorType=newdeploy,functionName=ml-image-processing,functionNamespace=default,functionUid=d8529cac-3c02-4647-a616-8254b24ce685'
[info] Original replicas=49, selector='environmentName=yolo,environmentNamespace=default,environmentUid=4b5fef2f-7951-477c-a9c0-ef0af047a425,executorType=newdeploy,functionName=ml-object-detection,functionNamespace=default,functionUid=dc6d8a52-8de2-4fbb-beef-7bcaa92aa890'
[ok] Patched Deployment resources
[ok] Patched Deployment resources
[ok] Verified Deployment template resources: requests={'cpu': '300m', 'memory': '50Mi'} limits={'cpu': '318m', 'memory': '67Mi'}
[info] Scaling deployment to 0 replicas to force full pod replacement
[ok] Verified Deployment template resources: requests={'cpu': '1500m', 'memory': '400Mi'} limits={'cpu': '3975m', 'memory': '438Mi'}
[info] Scaling deployment to 0 replicas to force full pod replacement
[ok] All pods terminated (replicas=0)
[info] Scaling deployment back to 49 replicas
[ok] All pods terminated (replicas=0)
[info] Scaling deployment back to 17 replicas
[ok] Deleted HPA newdeploy-ml-object-detection-default-beef-7bcaa92aa890
[ok] Rollout completed after scale-to-zero
[verify] newest RS=newdeploy-ml-image-processing-default-a616-8254b24ce685-7b7b9dbc4 pods=17 ready=17
[ok] Verified newest ReplicaSet template resources match expected
[ok] Rollout completed after scale-to-zero
[verify] newest RS=newdeploy-ml-object-detection-default-beef-7bcaa92aa890-757fcfb579 pods=49 ready=49
[ok] Verified newest ReplicaSet template resources match expected
[info] Started Locust with PID 492786
[info] start sleep for 30s
[info] sleep done
\Start sampling in parallel...
Workflow e2e p99 latency (57 completed in 17.2s, parallel, 8 workers): 3.624s
Average stage latencies:
  - ml-image-processing: 0.295s
  - ml-object-detection: 0.203s
================================================================================
objective      : price
resource_config: [{'cpu_m': 318, 'memory_mi': 67}, {'cpu_m': 3975, 'memory_mi': 438}], latencies: {'ml-image-processing': 0.2953092864910631, 'ml-object-detection': 0.20289303024152391}, price_cost: 7170.580655, energy_cost: 386.587522, latency_p99 : 3.623684
wall_time_s    : 79.298
================================================================================

[info] Locust stopped
[info] Locust is not running
================================================================================

Batch 20: best_feasible_cost (random, qNEI) = (7979.873652553486, 6992.621913095219), best_constraint =  -0.125 (<=0 feasible), time = 241.78.
Best feasible resource configuration: [{'cpu_m': 331, 'memory_mi': 58}, {'cpu_m': 5251, 'memory_mi': 409}]

================================================================================
BO loop time: 2536.17 seconds
Best cost: 6992.621913095219
Best resource configuration: [{'cpu_m': 331, 'memory_mi': 58}, {'cpu_m': 5251, 'memory_mi': 409}]

========================================
Energy
drwxrwxr-x 2 cc cc   4096 Jan  5 17:31 __pycache__
-rw-rw-r-- 1 cc cc  20352 Jan  5 16:20 bayesian_optimization.py
-rw-rw-r-- 1 cc cc  12890 Jan  5 03:53 bo_utils.py
-rw-rw-r-- 1 cc cc  12286 Jan  5 01:06 check_result.py
-rw-rw-r-- 1 cc cc   7349 Jan  5 15:31 compute_stat.py
-rw-rw-r-- 1 cc cc   6640 Jan  5 15:43 compute_trade_off.py
-rw-rw-r-- 1 cc cc   1438 Jan  5 14:32 config.py
-rw-rw-r-- 1 cc cc   4214 Jan  5 17:31 manager.py
-rw-rw-r-- 1 cc cc   9045 Dec 16 05:41 original-bayesian_optimization.py
-rw-rw-r-- 1 cc cc  11668 Jan  5 15:23 original_bo_results_price_20260105_051239 copy.json
-rw-rw-r-- 1 cc cc   2423 Jan  3 19:23 pods_mapping.py
-rw-rw-r-- 1 cc cc   1486 Jan  5 02:36 temp.py

IS_ENERGY: True
Resuming from existing checkpoint...
Resumed from checkpoint: bo_model_energy_20260105_094046.pt
  training_points = 40
  completed_batches = 10
  continuing for additional_batches = 10
/home/cc/miniconda3/envs/faas/lib/python3.10/site-packages/botorch/acquisition/monte_carlo.py:502: NumericsWarning: qNoisyExpectedImprovement has known numerical issues that lead to suboptimal optimization performance. It is strongly recommended to simply replace

	 qNoisyExpectedImprovement 	 --> 	 qLogNoisyExpectedImprovement 

instead, which fixes the issues and has the same API. See https://arxiv.org/abs/2310.20708 for details.
  legacy_ei_numerics_warning(legacy_name=type(self).__name__)
Updating function ml-image-processing to cpu: 300m, memory: 70Mi
Updating Deployment resource configuration...

Updating function ml-object-detection to cpu: 1894m, memory: 400Mi
Updating Deployment resource configuration...

[info] Original replicas=17, selector='environmentName=ml-image-processing,environmentNamespace=default,environmentUid=8dcaa936-04ed-49cf-8ddf-36cdc234cbfd,executorType=newdeploy,functionName=ml-image-processing,functionNamespace=default,functionUid=d8529cac-3c02-4647-a616-8254b24ce685'
[info] Original replicas=49, selector='environmentName=yolo,environmentNamespace=default,environmentUid=4b5fef2f-7951-477c-a9c0-ef0af047a425,executorType=newdeploy,functionName=ml-object-detection,functionNamespace=default,functionUid=dc6d8a52-8de2-4fbb-beef-7bcaa92aa890'
[ok] Patched Deployment resources
[ok] Patched Deployment resources
[ok] Verified Deployment template resources: requests={'cpu': '1500m', 'memory': '400Mi'} limits={'cpu': '1894m', 'memory': '400Mi'}
[info] Scaling deployment to 0 replicas to force full pod replacement
[ok] Verified Deployment template resources: requests={'cpu': '300m', 'memory': '50Mi'} limits={'cpu': '300m', 'memory': '70Mi'}
[info] Scaling deployment to 0 replicas to force full pod replacement
[ok] All pods terminated (replicas=0)
[info] Scaling deployment back to 49 replicas
[ok] All pods terminated (replicas=0)
[info] Scaling deployment back to 17 replicas
[ok] Rollout completed after scale-to-zero
[verify] newest RS=newdeploy-ml-image-processing-default-a616-8254b24ce685-747497c47c pods=17 ready=17
[ok] Verified newest ReplicaSet template resources match expected
[ok] Rollout completed after scale-to-zero
[verify] newest RS=newdeploy-ml-object-detection-default-beef-7bcaa92aa890-696bc4575b pods=49 ready=49
[ok] Verified newest ReplicaSet template resources match expected
[info] Started Locust with PID 504646
[info] start sleep for 30s
[info] sleep done
\Start sampling in parallel...
Workflow e2e p99 latency (32 completed in 22.2s, parallel, 8 workers): 9.000s
Average stage latencies:
  - ml-image-processing: 0.285s
  - ml-object-detection: 0.694s
================================================================================
objective      : energy
resource_config: [{'cpu_m': 300, 'memory_mi': 70}, {'cpu_m': 1894, 'memory_mi': 400}], latencies: {'ml-image-processing': 0.28524260997602885, 'ml-object-detection': 0.6943652203137224}, price_cost: 11571.579962, energy_cost: 317.617600, latency_p99 : 9.000000
wall_time_s    : 82.359
================================================================================

[info] Locust stopped
Updating function ml-image-processing to cpu: 300m, memory: 50Mi
Updating Deployment resource configuration...

Updating function ml-object-detection to cpu: 4547m, memory: 400Mi
Updating Deployment resource configuration...

[info] Original replicas=17, selector='environmentName=ml-image-processing,environmentNamespace=default,environmentUid=8dcaa936-04ed-49cf-8ddf-36cdc234cbfd,executorType=newdeploy,functionName=ml-image-processing,functionNamespace=default,functionUid=d8529cac-3c02-4647-a616-8254b24ce685'
[info] Original replicas=49, selector='environmentName=yolo,environmentNamespace=default,environmentUid=4b5fef2f-7951-477c-a9c0-ef0af047a425,executorType=newdeploy,functionName=ml-object-detection,functionNamespace=default,functionUid=dc6d8a52-8de2-4fbb-beef-7bcaa92aa890'
[ok] Patched Deployment resources
[ok] Patched Deployment resources
[ok] Verified Deployment template resources: requests={'cpu': '1500m', 'memory': '400Mi'} limits={'cpu': '4547m', 'memory': '400Mi'}
[info] Scaling deployment to 0 replicas to force full pod replacement
[ok] Verified Deployment template resources: requests={'cpu': '300m', 'memory': '50Mi'} limits={'cpu': '300m', 'memory': '50Mi'}
[info] Scaling deployment to 0 replicas to force full pod replacement
[ok] All pods terminated (replicas=0)
[info] Scaling deployment back to 49 replicas
[ok] All pods terminated (replicas=0)
[info] Scaling deployment back to 17 replicas
[ok] Deleted HPA newdeploy-ml-object-detection-default-beef-7bcaa92aa890
[ok] Rollout completed after scale-to-zero
[verify] newest RS=newdeploy-ml-image-processing-default-a616-8254b24ce685-5789945b5f pods=17 ready=17
[ok] Verified newest ReplicaSet template resources match expected
[ok] Rollout completed after scale-to-zero
[verify] newest RS=newdeploy-ml-object-detection-default-beef-7bcaa92aa890-74887675d8 pods=49 ready=49
[ok] Verified newest ReplicaSet template resources match expected
[info] Started Locust with PID 508734
[info] start sleep for 30s
[info] sleep done
\Start sampling in parallel...
Workflow e2e p99 latency (49 completed in 16.9s, parallel, 8 workers): 3.770s
Average stage latencies:
  - ml-image-processing: 0.278s
  - ml-object-detection: 0.186s
================================================================================
objective      : energy
resource_config: [{'cpu_m': 300, 'memory_mi': 50}, {'cpu_m': 4547, 'memory_mi': 400}], latencies: {'ml-image-processing': 0.27751214769003646, 'ml-object-detection': 0.18606177880903896}, price_cost: 7464.342324, energy_cost: 390.344859, latency_p99 : 3.769697
wall_time_s    : 79.053
================================================================================

[info] Locust stopped
Updating function ml-image-processing to cpu: 611m, memory: 61Mi
Updating Deployment resource configuration...

Updating function ml-object-detection to cpu: 4833m, memory: 416Mi
Updating Deployment resource configuration...

[info] Original replicas=17, selector='environmentName=ml-image-processing,environmentNamespace=default,environmentUid=8dcaa936-04ed-49cf-8ddf-36cdc234cbfd,executorType=newdeploy,functionName=ml-image-processing,functionNamespace=default,functionUid=d8529cac-3c02-4647-a616-8254b24ce685'
[info] Original replicas=49, selector='environmentName=yolo,environmentNamespace=default,environmentUid=4b5fef2f-7951-477c-a9c0-ef0af047a425,executorType=newdeploy,functionName=ml-object-detection,functionNamespace=default,functionUid=dc6d8a52-8de2-4fbb-beef-7bcaa92aa890'
[ok] Patched Deployment resources
[ok] Patched Deployment resources
[ok] Verified Deployment template resources: requests={'cpu': '300m', 'memory': '50Mi'} limits={'cpu': '611m', 'memory': '61Mi'}
[info] Scaling deployment to 0 replicas to force full pod replacement
[ok] Verified Deployment template resources: requests={'cpu': '1500m', 'memory': '400Mi'} limits={'cpu': '4833m', 'memory': '416Mi'}
[info] Scaling deployment to 0 replicas to force full pod replacement
[ok] All pods terminated (replicas=0)
[info] Scaling deployment back to 49 replicas
[ok] All pods terminated (replicas=0)
[info] Scaling deployment back to 17 replicas
[ok] Rollout completed after scale-to-zero
[verify] newest RS=newdeploy-ml-image-processing-default-a616-8254b24ce685-846bc8f545 pods=17 ready=17
[ok] Verified newest ReplicaSet template resources match expected
[ok] Rollout completed after scale-to-zero
[verify] newest RS=newdeploy-ml-object-detection-default-beef-7bcaa92aa890-84cb767574 pods=49 ready=49
[ok] Verified newest ReplicaSet template resources match expected
[info] Started Locust with PID 512739
[info] start sleep for 30s
[info] sleep done
\Start sampling in parallel...
Workflow e2e p99 latency (72 completed in 16.4s, parallel, 8 workers): 1.295s
Average stage latencies:
  - ml-image-processing: 0.136s
  - ml-object-detection: 0.215s
================================================================================
objective      : energy
resource_config: [{'cpu_m': 611, 'memory_mi': 61}, {'cpu_m': 4833, 'memory_mi': 416}], latencies: {'ml-image-processing': 0.1361285862383536, 'ml-object-detection': 0.21535769654696602}, price_cost: 9123.410811, energy_cost: 463.072735, latency_p99 : 1.294833
wall_time_s    : 77.395
================================================================================

[info] Locust stopped
Updating function ml-image-processing to cpu: 300m, memory: 50Mi
Updating Deployment resource configuration...

Updating function ml-object-detection to cpu: 5931m, memory: 509Mi
Updating Deployment resource configuration...

[info] Original replicas=17, selector='environmentName=ml-image-processing,environmentNamespace=default,environmentUid=8dcaa936-04ed-49cf-8ddf-36cdc234cbfd,executorType=newdeploy,functionName=ml-image-processing,functionNamespace=default,functionUid=d8529cac-3c02-4647-a616-8254b24ce685'
[info] Original replicas=49, selector='environmentName=yolo,environmentNamespace=default,environmentUid=4b5fef2f-7951-477c-a9c0-ef0af047a425,executorType=newdeploy,functionName=ml-object-detection,functionNamespace=default,functionUid=dc6d8a52-8de2-4fbb-beef-7bcaa92aa890'
[ok] Patched Deployment resources
[ok] Patched Deployment resources
[ok] Verified Deployment template resources: requests={'cpu': '300m', 'memory': '50Mi'} limits={'cpu': '300m', 'memory': '50Mi'}
[info] Scaling deployment to 0 replicas to force full pod replacement
[ok] Verified Deployment template resources: requests={'cpu': '1500m', 'memory': '400Mi'} limits={'cpu': '5931m', 'memory': '509Mi'}
[info] Scaling deployment to 0 replicas to force full pod replacement
[ok] All pods terminated (replicas=0)
[info] Scaling deployment back to 49 replicas
[ok] All pods terminated (replicas=0)
[info] Scaling deployment back to 17 replicas
[ok] Rollout completed after scale-to-zero
[verify] newest RS=newdeploy-ml-image-processing-default-a616-8254b24ce685-5789945b5f pods=17 ready=17
[ok] Verified newest ReplicaSet template resources match expected
[ok] Rollout completed after scale-to-zero
[verify] newest RS=newdeploy-ml-object-detection-default-beef-7bcaa92aa890-5d45687675 pods=49 ready=49
[ok] Verified newest ReplicaSet template resources match expected
\Start sampling in parallel...
Workflow e2e p99 latency (80 completed, parallel, 8 workers): 1.597s
Average stage latencies:
  - ml-image-processing: 0.657s
  - ml-object-detection: 0.234s
[info] Locust is not running
================================================================================

Batch 11: best_feasible_cost (random, qNEI) = (413.4631603507471, 386.7549233339145), best_constraint =  -1.403 (<=0 feasible), time = 254.30.
Best feasible resource configuration: [{'cpu_m': 300, 'memory_mi': 50}, {'cpu_m': 5931, 'memory_mi': 509}]

================================================================================
/home/cc/miniconda3/envs/faas/lib/python3.10/site-packages/botorch/acquisition/monte_carlo.py:502: NumericsWarning: qNoisyExpectedImprovement has known numerical issues that lead to suboptimal optimization performance. It is strongly recommended to simply replace

	 qNoisyExpectedImprovement 	 --> 	 qLogNoisyExpectedImprovement 

instead, which fixes the issues and has the same API. See https://arxiv.org/abs/2310.20708 for details.
  legacy_ei_numerics_warning(legacy_name=type(self).__name__)
Updating function ml-image-processing to cpu: 707m, memory: 50Mi
Updating Deployment resource configuration...

Updating function ml-object-detection to cpu: 5244m, memory: 473Mi
Updating Deployment resource configuration...

[info] Original replicas=17, selector='environmentName=ml-image-processing,environmentNamespace=default,environmentUid=8dcaa936-04ed-49cf-8ddf-36cdc234cbfd,executorType=newdeploy,functionName=ml-image-processing,functionNamespace=default,functionUid=d8529cac-3c02-4647-a616-8254b24ce685'
[info] Original replicas=49, selector='environmentName=yolo,environmentNamespace=default,environmentUid=4b5fef2f-7951-477c-a9c0-ef0af047a425,executorType=newdeploy,functionName=ml-object-detection,functionNamespace=default,functionUid=dc6d8a52-8de2-4fbb-beef-7bcaa92aa890'
[ok] Patched Deployment resources
[ok] Patched Deployment resources
[ok] Verified Deployment template resources: requests={'cpu': '300m', 'memory': '50Mi'} limits={'cpu': '707m', 'memory': '50Mi'}
[info] Scaling deployment to 0 replicas to force full pod replacement
[ok] Verified Deployment template resources: requests={'cpu': '1500m', 'memory': '400Mi'} limits={'cpu': '5244m', 'memory': '473Mi'}
[info] Scaling deployment to 0 replicas to force full pod replacement
[ok] All pods terminated (replicas=0)
[info] Scaling deployment back to 49 replicas
[ok] All pods terminated (replicas=0)
[info] Scaling deployment back to 17 replicas
[ok] Rollout completed after scale-to-zero
[verify] newest RS=newdeploy-ml-image-processing-default-a616-8254b24ce685-68d7979d85 pods=17 ready=17
[ok] Verified newest ReplicaSet template resources match expected
[ok] Rollout completed after scale-to-zero
[verify] newest RS=newdeploy-ml-object-detection-default-beef-7bcaa92aa890-748859db75 pods=49 ready=49
[ok] Verified newest ReplicaSet template resources match expected
[info] Started Locust with PID 527040
[info] start sleep for 30s
[info] sleep done
\Start sampling in parallel...
Workflow e2e p99 latency (74 completed in 16.5s, parallel, 8 workers): 1.470s
Average stage latencies:
  - ml-image-processing: 0.121s
  - ml-object-detection: 0.196s
================================================================================
objective      : energy
resource_config: [{'cpu_m': 707, 'memory_mi': 50}, {'cpu_m': 5244, 'memory_mi': 473}], latencies: {'ml-image-processing': 0.12114159394105947, 'ml-object-detection': 0.19601751410251333}, price_cost: 9022.677390, energy_cost: 466.764246, latency_p99 : 1.470309
wall_time_s    : 75.474
================================================================================

[info] Locust stopped
Updating function ml-image-processing to cpu: 300m, memory: 67Mi
Updating Deployment resource configuration...

Updating function ml-object-detection to cpu: 5732m, memory: 400Mi
Updating Deployment resource configuration...

[info] Original replicas=49, selector='environmentName=yolo,environmentNamespace=default,environmentUid=4b5fef2f-7951-477c-a9c0-ef0af047a425,executorType=newdeploy,functionName=ml-object-detection,functionNamespace=default,functionUid=dc6d8a52-8de2-4fbb-beef-7bcaa92aa890'
[info] Original replicas=17, selector='environmentName=ml-image-processing,environmentNamespace=default,environmentUid=8dcaa936-04ed-49cf-8ddf-36cdc234cbfd,executorType=newdeploy,functionName=ml-image-processing,functionNamespace=default,functionUid=d8529cac-3c02-4647-a616-8254b24ce685'
[ok] Patched Deployment resources
[ok] Patched Deployment resources
[ok] Verified Deployment template resources: requests={'cpu': '1500m', 'memory': '400Mi'} limits={'cpu': '5732m', 'memory': '400Mi'}
[info] Scaling deployment to 0 replicas to force full pod replacement
[ok] Verified Deployment template resources: requests={'cpu': '300m', 'memory': '50Mi'} limits={'cpu': '300m', 'memory': '67Mi'}
[info] Scaling deployment to 0 replicas to force full pod replacement
[ok] All pods terminated (replicas=0)
[info] Scaling deployment back to 17 replicas
[ok] All pods terminated (replicas=0)
[info] Scaling deployment back to 49 replicas
[ok] Rollout completed after scale-to-zero
[verify] newest RS=newdeploy-ml-image-processing-default-a616-8254b24ce685-5c9bb4b8b8 pods=17 ready=17
[ok] Verified newest ReplicaSet template resources match expected
[ok] Rollout completed after scale-to-zero
[verify] newest RS=newdeploy-ml-object-detection-default-beef-7bcaa92aa890-656cfd64d8 pods=49 ready=49
[ok] Verified newest ReplicaSet template resources match expected
[info] Started Locust with PID 535688
[info] start sleep for 30s
[info] sleep done
\Start sampling in parallel...
Workflow e2e p99 latency (54 completed in 18.9s, parallel, 8 workers): 3.447s
Average stage latencies:
  - ml-image-processing: 0.286s
  - ml-object-detection: 0.145s
================================================================================
objective      : energy
resource_config: [{'cpu_m': 300, 'memory_mi': 67}, {'cpu_m': 5732, 'memory_mi': 400}], latencies: {'ml-image-processing': 0.2859758647779624, 'ml-object-detection': 0.1454963291891747}, price_cost: 7361.089693, energy_cost: 387.850997, latency_p99 : 3.446931
wall_time_s    : 79.439
================================================================================

[info] Locust stopped
Updating function ml-image-processing to cpu: 757m, memory: 52Mi
Updating Deployment resource configuration...

Updating function ml-object-detection to cpu: 2917m, memory: 451Mi
Updating Deployment resource configuration...

[info] Original replicas=17, selector='environmentName=ml-image-processing,environmentNamespace=default,environmentUid=8dcaa936-04ed-49cf-8ddf-36cdc234cbfd,executorType=newdeploy,functionName=ml-image-processing,functionNamespace=default,functionUid=d8529cac-3c02-4647-a616-8254b24ce685'
[info] Original replicas=49, selector='environmentName=yolo,environmentNamespace=default,environmentUid=4b5fef2f-7951-477c-a9c0-ef0af047a425,executorType=newdeploy,functionName=ml-object-detection,functionNamespace=default,functionUid=dc6d8a52-8de2-4fbb-beef-7bcaa92aa890'
[ok] Patched Deployment resources
[ok] Patched Deployment resources
[ok] Verified Deployment template resources: requests={'cpu': '1500m', 'memory': '400Mi'} limits={'cpu': '2917m', 'memory': '451Mi'}
[info] Scaling deployment to 0 replicas to force full pod replacement
[ok] Verified Deployment template resources: requests={'cpu': '300m', 'memory': '50Mi'} limits={'cpu': '757m', 'memory': '52Mi'}
[info] Scaling deployment to 0 replicas to force full pod replacement
[ok] All pods terminated (replicas=0)
[info] Scaling deployment back to 49 replicas
[ok] All pods terminated (replicas=0)
[info] Scaling deployment back to 17 replicas
[ok] Rollout completed after scale-to-zero
[verify] newest RS=newdeploy-ml-object-detection-default-beef-7bcaa92aa890-6cc6c8bddd pods=49 ready=49
[ok] Verified newest ReplicaSet template resources match expected
[ok] Rollout completed after scale-to-zero
[verify] newest RS=newdeploy-ml-image-processing-default-a616-8254b24ce685-56966d5bc5 pods=17 ready=17
[ok] Verified newest ReplicaSet template resources match expected
[info] Started Locust with PID 546493
[info] start sleep for 30s
[info] sleep done
\Start sampling in parallel...
Workflow e2e p99 latency (47 completed in 20.0s, parallel, 8 workers): 9.000s
Average stage latencies:
  - ml-image-processing: 0.098s
  - ml-object-detection: 0.375s
================================================================================
objective      : energy
resource_config: [{'cpu_m': 757, 'memory_mi': 52}, {'cpu_m': 2917, 'memory_mi': 451}], latencies: {'ml-image-processing': 0.09842356076267988, 'ml-object-detection': 0.37536099636437076}, price_cost: 9603.928837, energy_cost: 389.054947, latency_p99 : 9.000000
wall_time_s    : 78.163
================================================================================

[info] Locust stopped
[info] Locust is not running
================================================================================

Batch 12: best_feasible_cost (random, qNEI) = (413.4631603507471, 386.7549233339145), best_constraint =  -1.403 (<=0 feasible), time = 242.67.
Best feasible resource configuration: [{'cpu_m': 300, 'memory_mi': 50}, {'cpu_m': 5931, 'memory_mi': 509}]

================================================================================
/home/cc/miniconda3/envs/faas/lib/python3.10/site-packages/botorch/acquisition/monte_carlo.py:502: NumericsWarning: qNoisyExpectedImprovement has known numerical issues that lead to suboptimal optimization performance. It is strongly recommended to simply replace

	 qNoisyExpectedImprovement 	 --> 	 qLogNoisyExpectedImprovement 

instead, which fixes the issues and has the same API. See https://arxiv.org/abs/2310.20708 for details.
  legacy_ei_numerics_warning(legacy_name=type(self).__name__)
Updating function ml-image-processing to cpu: 799m, memory: 66Mi
Updating Deployment resource configuration...

Updating function ml-object-detection to cpu: 3226m, memory: 503Mi
Updating Deployment resource configuration...

[info] Original replicas=17, selector='environmentName=ml-image-processing,environmentNamespace=default,environmentUid=8dcaa936-04ed-49cf-8ddf-36cdc234cbfd,executorType=newdeploy,functionName=ml-image-processing,functionNamespace=default,functionUid=d8529cac-3c02-4647-a616-8254b24ce685'
[info] Original replicas=49, selector='environmentName=yolo,environmentNamespace=default,environmentUid=4b5fef2f-7951-477c-a9c0-ef0af047a425,executorType=newdeploy,functionName=ml-object-detection,functionNamespace=default,functionUid=dc6d8a52-8de2-4fbb-beef-7bcaa92aa890'
[ok] Patched Deployment resources
[ok] Patched Deployment resources
[ok] Verified Deployment template resources: requests={'cpu': '300m', 'memory': '50Mi'} limits={'cpu': '799m', 'memory': '66Mi'}
[info] Scaling deployment to 0 replicas to force full pod replacement
[ok] Verified Deployment template resources: requests={'cpu': '1500m', 'memory': '400Mi'} limits={'cpu': '3226m', 'memory': '503Mi'}
[info] Scaling deployment to 0 replicas to force full pod replacement
[ok] All pods terminated (replicas=0)
[info] Scaling deployment back to 17 replicas
[ok] All pods terminated (replicas=0)
[info] Scaling deployment back to 49 replicas
[ok] Rollout completed after scale-to-zero
[verify] newest RS=newdeploy-ml-image-processing-default-a616-8254b24ce685-7ff589bc6c pods=17 ready=17
[ok] Verified newest ReplicaSet template resources match expected
[ok] Rollout completed after scale-to-zero
[verify] newest RS=newdeploy-ml-object-detection-default-beef-7bcaa92aa890-5cd858d64b pods=49 ready=49
[ok] Verified newest ReplicaSet template resources match expected
[info] Started Locust with PID 563565
[info] start sleep for 30s
[info] sleep done
\Start sampling in parallel...
Workflow e2e p99 latency (50 completed in 20.1s, parallel, 8 workers): 9.000s
Average stage latencies:
  - ml-image-processing: 0.094s
  - ml-object-detection: 0.317s
================================================================================
objective      : energy
resource_config: [{'cpu_m': 799, 'memory_mi': 66}, {'cpu_m': 3226, 'memory_mi': 503}], latencies: {'ml-image-processing': 0.09371409843471355, 'ml-object-detection': 0.3169178241159676}, price_cost: 8984.273420, energy_cost: 402.648292, latency_p99 : 9.000000
wall_time_s    : 82.431
================================================================================

[info] Locust stopped
Updating function ml-image-processing to cpu: 300m, memory: 69Mi
Updating Deployment resource configuration...

Updating function ml-object-detection to cpu: 5592m, memory: 400Mi
Updating Deployment resource configuration...

[info] Original replicas=49, selector='environmentName=yolo,environmentNamespace=default,environmentUid=4b5fef2f-7951-477c-a9c0-ef0af047a425,executorType=newdeploy,functionName=ml-object-detection,functionNamespace=default,functionUid=dc6d8a52-8de2-4fbb-beef-7bcaa92aa890'
[info] Original replicas=17, selector='environmentName=ml-image-processing,environmentNamespace=default,environmentUid=8dcaa936-04ed-49cf-8ddf-36cdc234cbfd,executorType=newdeploy,functionName=ml-image-processing,functionNamespace=default,functionUid=d8529cac-3c02-4647-a616-8254b24ce685'
[ok] Patched Deployment resources
[ok] Patched Deployment resources
[ok] Verified Deployment template resources: requests={'cpu': '300m', 'memory': '50Mi'} limits={'cpu': '300m', 'memory': '69Mi'}
[info] Scaling deployment to 0 replicas to force full pod replacement
[ok] Verified Deployment template resources: requests={'cpu': '1500m', 'memory': '400Mi'} limits={'cpu': '5592m', 'memory': '400Mi'}
[info] Scaling deployment to 0 replicas to force full pod replacement
[ok] All pods terminated (replicas=0)
[info] Scaling deployment back to 17 replicas
[ok] All pods terminated (replicas=0)
[info] Scaling deployment back to 49 replicas
[ok] Deleted HPA newdeploy-ml-object-detection-default-beef-7bcaa92aa890
[ok] Rollout completed after scale-to-zero
[verify] newest RS=newdeploy-ml-image-processing-default-a616-8254b24ce685-688948df9 pods=17 ready=17
[ok] Verified newest ReplicaSet template resources match expected
[ok] Rollout completed after scale-to-zero
[verify] newest RS=newdeploy-ml-object-detection-default-beef-7bcaa92aa890-f55755876 pods=49 ready=49
[ok] Verified newest ReplicaSet template resources match expected
[info] Started Locust with PID 574918
[info] start sleep for 30s
[info] sleep done
\Start sampling in parallel...
Workflow e2e p99 latency (52 completed in 17.7s, parallel, 8 workers): 3.898s
Average stage latencies:
  - ml-image-processing: 0.285s
  - ml-object-detection: 0.150s
================================================================================
objective      : energy
resource_config: [{'cpu_m': 300, 'memory_mi': 69}, {'cpu_m': 5592, 'memory_mi': 400}], latencies: {'ml-image-processing': 0.28507834163386947, 'ml-object-detection': 0.14984102772835356}, price_cost: 7394.733154, energy_cost: 383.034696, latency_p99 : 3.898081
wall_time_s    : 81.062
================================================================================

[info] Locust stopped
Updating function ml-image-processing to cpu: 300m, memory: 69Mi
Updating Deployment resource configuration...

Updating function ml-object-detection to cpu: 5811m, memory: 512Mi
Updating Deployment resource configuration...

[info] Original replicas=17, selector='environmentName=ml-image-processing,environmentNamespace=default,environmentUid=8dcaa936-04ed-49cf-8ddf-36cdc234cbfd,executorType=newdeploy,functionName=ml-image-processing,functionNamespace=default,functionUid=d8529cac-3c02-4647-a616-8254b24ce685'
[info] Original replicas=49, selector='environmentName=yolo,environmentNamespace=default,environmentUid=4b5fef2f-7951-477c-a9c0-ef0af047a425,executorType=newdeploy,functionName=ml-object-detection,functionNamespace=default,functionUid=dc6d8a52-8de2-4fbb-beef-7bcaa92aa890'
[ok] Patched Deployment resources
[ok] Patched Deployment resources
[ok] Verified Deployment template resources: requests={'cpu': '300m', 'memory': '50Mi'} limits={'cpu': '300m', 'memory': '69Mi'}
[info] Scaling deployment to 0 replicas to force full pod replacement
[ok] Verified Deployment template resources: requests={'cpu': '1500m', 'memory': '400Mi'} limits={'cpu': '5811m', 'memory': '512Mi'}
[info] Scaling deployment to 0 replicas to force full pod replacement
[ok] All pods terminated (replicas=0)
[info] Scaling deployment back to 17 replicas
[ok] Rollout completed after scale-to-zero
[verify] newest RS=newdeploy-ml-image-processing-default-a616-8254b24ce685-688948df9 pods=0 ready=0
[ok] Verified newest ReplicaSet template resources match expected
[ok] All pods terminated (replicas=0)
[info] Scaling deployment back to 49 replicas
[ok] Rollout completed after scale-to-zero
[verify] newest RS=newdeploy-ml-object-detection-default-beef-7bcaa92aa890-bf67f6988 pods=49 ready=49
[ok] Verified newest ReplicaSet template resources match expected
[info] Started Locust with PID 585412
[info] start sleep for 30s
[info] sleep done
\Start sampling in parallel...
Workflow e2e p99 latency (51 completed in 16.4s, parallel, 8 workers): 3.486s
Average stage latencies:
  - ml-image-processing: 0.301s
  - ml-object-detection: 0.147s
================================================================================
objective      : energy
resource_config: [{'cpu_m': 300, 'memory_mi': 69}, {'cpu_m': 5811, 'memory_mi': 512}], latencies: {'ml-image-processing': 0.30073103327851963, 'ml-object-detection': 0.14677142566435186}, price_cost: 7544.902959, energy_cost: 392.277064, latency_p99 : 3.485902
wall_time_s    : 78.129
================================================================================

[info] Locust stopped
[info] Locust is not running
================================================================================

Batch 13: best_feasible_cost (random, qNEI) = (413.4631603507471, 386.7549233339145), best_constraint =  -1.403 (<=0 feasible), time = 251.99.
Best feasible resource configuration: [{'cpu_m': 300, 'memory_mi': 50}, {'cpu_m': 5931, 'memory_mi': 509}]

================================================================================
/home/cc/miniconda3/envs/faas/lib/python3.10/site-packages/botorch/acquisition/monte_carlo.py:502: NumericsWarning: qNoisyExpectedImprovement has known numerical issues that lead to suboptimal optimization performance. It is strongly recommended to simply replace

	 qNoisyExpectedImprovement 	 --> 	 qLogNoisyExpectedImprovement 

instead, which fixes the issues and has the same API. See https://arxiv.org/abs/2310.20708 for details.
  legacy_ei_numerics_warning(legacy_name=type(self).__name__)
Updating function ml-image-processing to cpu: 300m, memory: 68Mi
Updating Deployment resource configuration...

Updating function ml-object-detection to cpu: 3482m, memory: 465Mi
Updating Deployment resource configuration...

[info] Original replicas=17, selector='environmentName=ml-image-processing,environmentNamespace=default,environmentUid=8dcaa936-04ed-49cf-8ddf-36cdc234cbfd,executorType=newdeploy,functionName=ml-image-processing,functionNamespace=default,functionUid=d8529cac-3c02-4647-a616-8254b24ce685'
[info] Original replicas=49, selector='environmentName=yolo,environmentNamespace=default,environmentUid=4b5fef2f-7951-477c-a9c0-ef0af047a425,executorType=newdeploy,functionName=ml-object-detection,functionNamespace=default,functionUid=dc6d8a52-8de2-4fbb-beef-7bcaa92aa890'
[ok] Patched Deployment resources
[ok] Patched Deployment resources
[ok] Verified Deployment template resources: requests={'cpu': '300m', 'memory': '50Mi'} limits={'cpu': '300m', 'memory': '68Mi'}
[info] Scaling deployment to 0 replicas to force full pod replacement
[ok] Verified Deployment template resources: requests={'cpu': '1500m', 'memory': '400Mi'} limits={'cpu': '3482m', 'memory': '465Mi'}
[info] Scaling deployment to 0 replicas to force full pod replacement
[ok] All pods terminated (replicas=0)
[info] Scaling deployment back to 17 replicas
[ok] All pods terminated (replicas=0)
[info] Scaling deployment back to 49 replicas
[ok] Rollout completed after scale-to-zero
[verify] newest RS=newdeploy-ml-image-processing-default-a616-8254b24ce685-5ff84f4cd4 pods=17 ready=17
[ok] Verified newest ReplicaSet template resources match expected
[ok] Rollout completed after scale-to-zero
[verify] newest RS=newdeploy-ml-object-detection-default-beef-7bcaa92aa890-6b9f86b459 pods=49 ready=49
[ok] Verified newest ReplicaSet template resources match expected
[info] Started Locust with PID 602859
[info] start sleep for 30s
[info] sleep done
\Start sampling in parallel...
Workflow e2e p99 latency (48 completed in 17.1s, parallel, 8 workers): 4.787s
Average stage latencies:
  - ml-image-processing: 0.315s
  - ml-object-detection: 0.275s
================================================================================
objective      : energy
resource_config: [{'cpu_m': 300, 'memory_mi': 68}, {'cpu_m': 3482, 'memory_mi': 465}], latencies: {'ml-image-processing': 0.3153125678460735, 'ml-object-detection': 0.27456618850313436}, price_cost: 8463.978903, energy_cost: 385.913316, latency_p99 : 4.787141
wall_time_s    : 77.925
================================================================================

[info] Locust stopped
Updating function ml-image-processing to cpu: 448m, memory: 57Mi
Updating Deployment resource configuration...

Updating function ml-object-detection to cpu: 4434m, memory: 473Mi
Updating Deployment resource configuration...

[info] Original replicas=49, selector='environmentName=yolo,environmentNamespace=default,environmentUid=4b5fef2f-7951-477c-a9c0-ef0af047a425,executorType=newdeploy,functionName=ml-object-detection,functionNamespace=default,functionUid=dc6d8a52-8de2-4fbb-beef-7bcaa92aa890'
[info] Original replicas=17, selector='environmentName=ml-image-processing,environmentNamespace=default,environmentUid=8dcaa936-04ed-49cf-8ddf-36cdc234cbfd,executorType=newdeploy,functionName=ml-image-processing,functionNamespace=default,functionUid=d8529cac-3c02-4647-a616-8254b24ce685'
[ok] Patched Deployment resources
[ok] Patched Deployment resources
[ok] Verified Deployment template resources: requests={'cpu': '1500m', 'memory': '400Mi'} limits={'cpu': '4434m', 'memory': '473Mi'}
[info] Scaling deployment to 0 replicas to force full pod replacement
[ok] Verified Deployment template resources: requests={'cpu': '300m', 'memory': '50Mi'} limits={'cpu': '448m', 'memory': '57Mi'}
[info] Scaling deployment to 0 replicas to force full pod replacement
[ok] All pods terminated (replicas=0)
[info] Scaling deployment back to 49 replicas
[ok] All pods terminated (replicas=0)
[info] Scaling deployment back to 17 replicas
[ok] Rollout completed after scale-to-zero
[verify] newest RS=newdeploy-ml-image-processing-default-a616-8254b24ce685-5dd6b885fc pods=17 ready=17
[ok] Verified newest ReplicaSet template resources match expected
[ok] Rollout completed after scale-to-zero
[verify] newest RS=newdeploy-ml-object-detection-default-beef-7bcaa92aa890-86897dbbbc pods=49 ready=49
[ok] Verified newest ReplicaSet template resources match expected
[info] Started Locust with PID 613553
[info] start sleep for 30s
[info] sleep done
\Start sampling in parallel...
Workflow e2e p99 latency (64 completed in 16.8s, parallel, 8 workers): 2.374s
Average stage latencies:
  - ml-image-processing: 0.200s
  - ml-object-detection: 0.219s
================================================================================
objective      : energy
resource_config: [{'cpu_m': 448, 'memory_mi': 57}, {'cpu_m': 4434, 'memory_mi': 473}], latencies: {'ml-image-processing': 0.20045386246783892, 'ml-object-detection': 0.21871284070948604}, price_cost: 8549.614247, energy_cost: 430.007607, latency_p99 : 2.374340
wall_time_s    : 79.255
================================================================================

[info] Locust stopped
Updating function ml-image-processing to cpu: 515m, memory: 54Mi
Updating Deployment resource configuration...

Updating function ml-object-detection to cpu: 5586m, memory: 418Mi
Updating Deployment resource configuration...

[info] Original replicas=49, selector='environmentName=yolo,environmentNamespace=default,environmentUid=4b5fef2f-7951-477c-a9c0-ef0af047a425,executorType=newdeploy,functionName=ml-object-detection,functionNamespace=default,functionUid=dc6d8a52-8de2-4fbb-beef-7bcaa92aa890'
[info] Original replicas=17, selector='environmentName=ml-image-processing,environmentNamespace=default,environmentUid=8dcaa936-04ed-49cf-8ddf-36cdc234cbfd,executorType=newdeploy,functionName=ml-image-processing,functionNamespace=default,functionUid=d8529cac-3c02-4647-a616-8254b24ce685'
[ok] Patched Deployment resources
[ok] Patched Deployment resources
[ok] Verified Deployment template resources: requests={'cpu': '1500m', 'memory': '400Mi'} limits={'cpu': '5586m', 'memory': '418Mi'}
[info] Scaling deployment to 0 replicas to force full pod replacement
[ok] Verified Deployment template resources: requests={'cpu': '300m', 'memory': '50Mi'} limits={'cpu': '515m', 'memory': '54Mi'}
[info] Scaling deployment to 0 replicas to force full pod replacement
[ok] All pods terminated (replicas=0)
[info] Scaling deployment back to 49 replicas
[ok] All pods terminated (replicas=0)
[info] Scaling deployment back to 17 replicas
[ok] Rollout completed after scale-to-zero
[verify] newest RS=newdeploy-ml-image-processing-default-a616-8254b24ce685-6d454bb6d9 pods=17 ready=17
[ok] Verified newest ReplicaSet template resources match expected
[ok] Rollout completed after scale-to-zero
[verify] newest RS=newdeploy-ml-object-detection-default-beef-7bcaa92aa890-68d7c745c5 pods=49 ready=49
[ok] Verified newest ReplicaSet template resources match expected
[info] Started Locust with PID 624308
[info] start sleep for 30s
[info] sleep done
\Start sampling in parallel...
Workflow e2e p99 latency (71 completed in 16.6s, parallel, 8 workers): 1.593s
Average stage latencies:
  - ml-image-processing: 0.164s
  - ml-object-detection: 0.175s
================================================================================
objective      : energy
resource_config: [{'cpu_m': 515, 'memory_mi': 54}, {'cpu_m': 5586, 'memory_mi': 418}], latencies: {'ml-image-processing': 0.16411465136203127, 'ml-object-detection': 0.17481820132504677}, price_cost: 8572.548026, energy_cost: 454.455838, latency_p99 : 1.592853
wall_time_s    : 76.018
================================================================================

[info] Locust stopped
[info] Locust is not running
================================================================================

Batch 14: best_feasible_cost (random, qNEI) = (413.4631603507471, 386.7549233339145), best_constraint =  -1.403 (<=0 feasible), time = 243.71.
Best feasible resource configuration: [{'cpu_m': 300, 'memory_mi': 50}, {'cpu_m': 5931, 'memory_mi': 509}]

================================================================================
/home/cc/miniconda3/envs/faas/lib/python3.10/site-packages/botorch/acquisition/monte_carlo.py:502: NumericsWarning: qNoisyExpectedImprovement has known numerical issues that lead to suboptimal optimization performance. It is strongly recommended to simply replace

	 qNoisyExpectedImprovement 	 --> 	 qLogNoisyExpectedImprovement 

instead, which fixes the issues and has the same API. See https://arxiv.org/abs/2310.20708 for details.
  legacy_ei_numerics_warning(legacy_name=type(self).__name__)
Updating function ml-image-processing to cpu: 750m, memory: 63Mi
Updating Deployment resource configuration...

Updating function ml-object-detection to cpu: 3533m, memory: 462Mi
Updating Deployment resource configuration...

[info] Original replicas=17, selector='environmentName=ml-image-processing,environmentNamespace=default,environmentUid=8dcaa936-04ed-49cf-8ddf-36cdc234cbfd,executorType=newdeploy,functionName=ml-image-processing,functionNamespace=default,functionUid=d8529cac-3c02-4647-a616-8254b24ce685'
[info] Original replicas=49, selector='environmentName=yolo,environmentNamespace=default,environmentUid=4b5fef2f-7951-477c-a9c0-ef0af047a425,executorType=newdeploy,functionName=ml-object-detection,functionNamespace=default,functionUid=dc6d8a52-8de2-4fbb-beef-7bcaa92aa890'
[ok] Patched Deployment resources
[ok] Patched Deployment resources
[ok] Verified Deployment template resources: requests={'cpu': '1500m', 'memory': '400Mi'} limits={'cpu': '3533m', 'memory': '462Mi'}
[info] Scaling deployment to 0 replicas to force full pod replacement
[ok] Verified Deployment template resources: requests={'cpu': '300m', 'memory': '50Mi'} limits={'cpu': '750m', 'memory': '63Mi'}
[info] Scaling deployment to 0 replicas to force full pod replacement
[ok] All pods terminated (replicas=0)
[info] Scaling deployment back to 17 replicas
[ok] All pods terminated (replicas=0)
[info] Scaling deployment back to 49 replicas
[ok] Rollout completed after scale-to-zero
[verify] newest RS=newdeploy-ml-image-processing-default-a616-8254b24ce685-5f6ccfdb4d pods=17 ready=17
[ok] Verified newest ReplicaSet template resources match expected
[ok] Rollout completed after scale-to-zero
[verify] newest RS=newdeploy-ml-object-detection-default-beef-7bcaa92aa890-76648bf955 pods=49 ready=49
[ok] Verified newest ReplicaSet template resources match expected
[info] Started Locust with PID 643093
[info] start sleep for 30s
[info] sleep done
\Start sampling in parallel...
Workflow e2e p99 latency (69 completed in 16.4s, parallel, 8 workers): 2.212s
Average stage latencies:
  - ml-image-processing: 0.107s
  - ml-object-detection: 0.280s
================================================================================
objective      : energy
resource_config: [{'cpu_m': 750, 'memory_mi': 63}, {'cpu_m': 3533, 'memory_mi': 462}], latencies: {'ml-image-processing': 0.10676803085548074, 'ml-object-detection': 0.28021695709827804}, price_cost: 8707.220935, energy_cost: 421.628974, latency_p99 : 2.212138
wall_time_s    : 77.707
================================================================================

[info] Locust stopped
Updating function ml-image-processing to cpu: 707m, memory: 56Mi
Updating Deployment resource configuration...

Updating function ml-object-detection to cpu: 3277m, memory: 427Mi
Updating Deployment resource configuration...

[info] Original replicas=17, selector='environmentName=ml-image-processing,environmentNamespace=default,environmentUid=8dcaa936-04ed-49cf-8ddf-36cdc234cbfd,executorType=newdeploy,functionName=ml-image-processing,functionNamespace=default,functionUid=d8529cac-3c02-4647-a616-8254b24ce685'
[info] Original replicas=49, selector='environmentName=yolo,environmentNamespace=default,environmentUid=4b5fef2f-7951-477c-a9c0-ef0af047a425,executorType=newdeploy,functionName=ml-object-detection,functionNamespace=default,functionUid=dc6d8a52-8de2-4fbb-beef-7bcaa92aa890'
[ok] Patched Deployment resources
[ok] Patched Deployment resources
[ok] Verified Deployment template resources: requests={'cpu': '1500m', 'memory': '400Mi'} limits={'cpu': '3277m', 'memory': '427Mi'}
[info] Scaling deployment to 0 replicas to force full pod replacement
[ok] Verified Deployment template resources: requests={'cpu': '300m', 'memory': '50Mi'} limits={'cpu': '707m', 'memory': '56Mi'}
[info] Scaling deployment to 0 replicas to force full pod replacement
[ok] All pods terminated (replicas=0)
[info] Scaling deployment back to 49 replicas
[ok] All pods terminated (replicas=0)
[info] Scaling deployment back to 17 replicas
[ok] Rollout completed after scale-to-zero
[verify] newest RS=newdeploy-ml-image-processing-default-a616-8254b24ce685-cdcbfc698 pods=17 ready=17
[ok] Verified newest ReplicaSet template resources match expected
[ok] Rollout completed after scale-to-zero
[verify] newest RS=newdeploy-ml-object-detection-default-beef-7bcaa92aa890-747d7ddbb9 pods=49 ready=49
[ok] Verified newest ReplicaSet template resources match expected
[info] Started Locust with PID 653599
[info] start sleep for 30s
[info] sleep done
\Start sampling in parallel...
Workflow e2e p99 latency (54 completed in 17.3s, parallel, 8 workers): 9.000s
Average stage latencies:
  - ml-image-processing: 0.103s
  - ml-object-detection: 0.327s
================================================================================
objective      : energy
resource_config: [{'cpu_m': 707, 'memory_mi': 56}, {'cpu_m': 3277, 'memory_mi': 427}], latencies: {'ml-image-processing': 0.10322495531860967, 'ml-object-detection': 0.3271878874404546}, price_cost: 9389.040315, energy_cost: 398.775862, latency_p99 : 9.000000
wall_time_s    : 76.661
================================================================================

[info] Locust stopped
Updating function ml-image-processing to cpu: 300m, memory: 50Mi
Updating Deployment resource configuration...

Updating function ml-object-detection to cpu: 5264m, memory: 400Mi
Updating Deployment resource configuration...

[info] Original replicas=17, selector='environmentName=ml-image-processing,environmentNamespace=default,environmentUid=8dcaa936-04ed-49cf-8ddf-36cdc234cbfd,executorType=newdeploy,functionName=ml-image-processing,functionNamespace=default,functionUid=d8529cac-3c02-4647-a616-8254b24ce685'
[info] Original replicas=49, selector='environmentName=yolo,environmentNamespace=default,environmentUid=4b5fef2f-7951-477c-a9c0-ef0af047a425,executorType=newdeploy,functionName=ml-object-detection,functionNamespace=default,functionUid=dc6d8a52-8de2-4fbb-beef-7bcaa92aa890'
[ok] Patched Deployment resources
[ok] Patched Deployment resources
[ok] Verified Deployment template resources: requests={'cpu': '1500m', 'memory': '400Mi'} limits={'cpu': '5264m', 'memory': '400Mi'}
[info] Scaling deployment to 0 replicas to force full pod replacement
[ok] Verified Deployment template resources: requests={'cpu': '300m', 'memory': '50Mi'} limits={'cpu': '300m', 'memory': '50Mi'}
[info] Scaling deployment to 0 replicas to force full pod replacement
[ok] All pods terminated (replicas=0)
[info] Scaling deployment back to 17 replicas
[ok] All pods terminated (replicas=0)
[info] Scaling deployment back to 49 replicas
[ok] Deleted HPA newdeploy-ml-object-detection-default-beef-7bcaa92aa890
[ok] Rollout completed after scale-to-zero
[verify] newest RS=newdeploy-ml-image-processing-default-a616-8254b24ce685-5789945b5f pods=17 ready=17
[ok] Verified newest ReplicaSet template resources match expected
[ok] Rollout completed after scale-to-zero
[verify] newest RS=newdeploy-ml-object-detection-default-beef-7bcaa92aa890-6d9b79db9b pods=49 ready=49
[ok] Verified newest ReplicaSet template resources match expected
[info] Started Locust with PID 664364
[info] start sleep for 30s
[info] sleep done
\Start sampling in parallel...
Workflow e2e p99 latency (57 completed in 18.0s, parallel, 8 workers): 3.152s
Average stage latencies:
  - ml-image-processing: 0.287s
  - ml-object-detection: 0.158s
================================================================================
objective      : energy
resource_config: [{'cpu_m': 300, 'memory_mi': 50}, {'cpu_m': 5264, 'memory_mi': 400}], latencies: {'ml-image-processing': 0.286838422292484, 'ml-object-detection': 0.15750388658948636}, price_cost: 7322.332064, energy_cost: 393.768129, latency_p99 : 3.151915
wall_time_s    : 79.534
================================================================================

[info] Locust stopped
[info] Locust is not running
================================================================================

Batch 15: best_feasible_cost (random, qNEI) = (413.4631603507471, 386.7549233339145), best_constraint =  -1.403 (<=0 feasible), time = 249.64.
Best feasible resource configuration: [{'cpu_m': 300, 'memory_mi': 50}, {'cpu_m': 5931, 'memory_mi': 509}]

================================================================================
/home/cc/miniconda3/envs/faas/lib/python3.10/site-packages/botorch/acquisition/monte_carlo.py:502: NumericsWarning: qNoisyExpectedImprovement has known numerical issues that lead to suboptimal optimization performance. It is strongly recommended to simply replace

	 qNoisyExpectedImprovement 	 --> 	 qLogNoisyExpectedImprovement 

instead, which fixes the issues and has the same API. See https://arxiv.org/abs/2310.20708 for details.
  legacy_ei_numerics_warning(legacy_name=type(self).__name__)
Updating function ml-image-processing to cpu: 300m, memory: 58Mi
Updating Deployment resource configuration...

Updating function ml-object-detection to cpu: 5186m, memory: 400Mi
Updating Deployment resource configuration...

[info] Original replicas=17, selector='environmentName=ml-image-processing,environmentNamespace=default,environmentUid=8dcaa936-04ed-49cf-8ddf-36cdc234cbfd,executorType=newdeploy,functionName=ml-image-processing,functionNamespace=default,functionUid=d8529cac-3c02-4647-a616-8254b24ce685'
[info] Original replicas=49, selector='environmentName=yolo,environmentNamespace=default,environmentUid=4b5fef2f-7951-477c-a9c0-ef0af047a425,executorType=newdeploy,functionName=ml-object-detection,functionNamespace=default,functionUid=dc6d8a52-8de2-4fbb-beef-7bcaa92aa890'
[ok] Patched Deployment resources
[ok] Patched Deployment resources
[ok] Verified Deployment template resources: requests={'cpu': '300m', 'memory': '50Mi'} limits={'cpu': '300m', 'memory': '58Mi'}
[info] Scaling deployment to 0 replicas to force full pod replacement
[ok] Verified Deployment template resources: requests={'cpu': '1500m', 'memory': '400Mi'} limits={'cpu': '5186m', 'memory': '400Mi'}
[info] Scaling deployment to 0 replicas to force full pod replacement
[ok] All pods terminated (replicas=0)
[info] Scaling deployment back to 49 replicas
[ok] All pods terminated (replicas=0)
[info] Scaling deployment back to 17 replicas
[ok] Rollout completed after scale-to-zero
[verify] newest RS=newdeploy-ml-image-processing-default-a616-8254b24ce685-54cc75f46b pods=17 ready=17
[ok] Verified newest ReplicaSet template resources match expected
[ok] Rollout completed after scale-to-zero
[verify] newest RS=newdeploy-ml-object-detection-default-beef-7bcaa92aa890-5cfc7d87cb pods=49 ready=49
[ok] Verified newest ReplicaSet template resources match expected
[info] Started Locust with PID 683261
[info] start sleep for 30s
[info] sleep done
\Start sampling in parallel...
Workflow e2e p99 latency (53 completed in 16.7s, parallel, 8 workers): 3.990s
Average stage latencies:
  - ml-image-processing: 0.278s
  - ml-object-detection: 0.154s
================================================================================
objective      : energy
resource_config: [{'cpu_m': 300, 'memory_mi': 58}, {'cpu_m': 5186, 'memory_mi': 400}], latencies: {'ml-image-processing': 0.2783843716606498, 'ml-object-detection': 0.15388884221396917}, price_cost: 7051.312743, energy_cost: 391.835271, latency_p99 : 3.990113
wall_time_s    : 76.646
================================================================================

[info] Locust stopped
Updating function ml-image-processing to cpu: 797m, memory: 62Mi
Updating Deployment resource configuration...

Updating function ml-object-detection to cpu: 2915m, memory: 439Mi
Updating Deployment resource configuration...

[info] Original replicas=17, selector='environmentName=ml-image-processing,environmentNamespace=default,environmentUid=8dcaa936-04ed-49cf-8ddf-36cdc234cbfd,executorType=newdeploy,functionName=ml-image-processing,functionNamespace=default,functionUid=d8529cac-3c02-4647-a616-8254b24ce685'
[info] Original replicas=49, selector='environmentName=yolo,environmentNamespace=default,environmentUid=4b5fef2f-7951-477c-a9c0-ef0af047a425,executorType=newdeploy,functionName=ml-object-detection,functionNamespace=default,functionUid=dc6d8a52-8de2-4fbb-beef-7bcaa92aa890'
[ok] Patched Deployment resources
[ok] Patched Deployment resources
[ok] Verified Deployment template resources: requests={'cpu': '300m', 'memory': '50Mi'} limits={'cpu': '797m', 'memory': '62Mi'}
[info] Scaling deployment to 0 replicas to force full pod replacement
[ok] Verified Deployment template resources: requests={'cpu': '1500m', 'memory': '400Mi'} limits={'cpu': '2915m', 'memory': '439Mi'}
[info] Scaling deployment to 0 replicas to force full pod replacement
[ok] All pods terminated (replicas=0)
[info] Scaling deployment back to 17 replicas
[ok] All pods terminated (replicas=0)
[info] Scaling deployment back to 49 replicas
[ok] Rollout completed after scale-to-zero
[verify] newest RS=newdeploy-ml-image-processing-default-a616-8254b24ce685-6b85f7c5cd pods=17 ready=17
[ok] Verified newest ReplicaSet template resources match expected
[ok] Rollout completed after scale-to-zero
[verify] newest RS=newdeploy-ml-object-detection-default-beef-7bcaa92aa890-556b9f9b56 pods=49 ready=49
[ok] Verified newest ReplicaSet template resources match expected
[info] Started Locust with PID 693710
[info] start sleep for 30s
[info] sleep done
\Start sampling in parallel...
Workflow e2e p99 latency (54 completed in 17.2s, parallel, 8 workers): 9.000s
Average stage latencies:
  - ml-image-processing: 0.093s
  - ml-object-detection: 0.346s
================================================================================
objective      : energy
resource_config: [{'cpu_m': 797, 'memory_mi': 62}, {'cpu_m': 2915, 'memory_mi': 439}], latencies: {'ml-image-processing': 0.09261896298742112, 'ml-object-detection': 0.3462660372143193}, price_cost: 8866.305684, energy_cost: 387.935695, latency_p99 : 9.000000
wall_time_s    : 78.875
================================================================================

[info] Locust stopped
Updating function ml-image-processing to cpu: 691m, memory: 55Mi
Updating Deployment resource configuration...

Updating function ml-object-detection to cpu: 2392m, memory: 496Mi
Updating Deployment resource configuration...

[info] Original replicas=17, selector='environmentName=ml-image-processing,environmentNamespace=default,environmentUid=8dcaa936-04ed-49cf-8ddf-36cdc234cbfd,executorType=newdeploy,functionName=ml-image-processing,functionNamespace=default,functionUid=d8529cac-3c02-4647-a616-8254b24ce685'
[info] Original replicas=49, selector='environmentName=yolo,environmentNamespace=default,environmentUid=4b5fef2f-7951-477c-a9c0-ef0af047a425,executorType=newdeploy,functionName=ml-object-detection,functionNamespace=default,functionUid=dc6d8a52-8de2-4fbb-beef-7bcaa92aa890'
[ok] Patched Deployment resources
[ok] Patched Deployment resources
[ok] Verified Deployment template resources: requests={'cpu': '1500m', 'memory': '400Mi'} limits={'cpu': '2392m', 'memory': '496Mi'}
[info] Scaling deployment to 0 replicas to force full pod replacement
[ok] Verified Deployment template resources: requests={'cpu': '300m', 'memory': '50Mi'} limits={'cpu': '691m', 'memory': '55Mi'}
[info] Scaling deployment to 0 replicas to force full pod replacement
[ok] All pods terminated (replicas=0)
[info] Scaling deployment back to 49 replicas
[ok] All pods terminated (replicas=0)
[info] Scaling deployment back to 17 replicas
[ok] Deleted HPA newdeploy-ml-object-detection-default-beef-7bcaa92aa890
[ok] Rollout completed after scale-to-zero
[verify] newest RS=newdeploy-ml-image-processing-default-a616-8254b24ce685-68986845fc pods=17 ready=17
[ok] Verified newest ReplicaSet template resources match expected
[ok] Rollout completed after scale-to-zero
[verify] newest RS=newdeploy-ml-object-detection-default-beef-7bcaa92aa890-76464b9b5c pods=49 ready=49
[ok] Verified newest ReplicaSet template resources match expected
[info] Started Locust with PID 704491
[info] start sleep for 30s
[info] sleep done
\Start sampling in parallel...
Workflow e2e p99 latency (43 completed in 19.2s, parallel, 8 workers): 9.000s
Average stage latencies:
  - ml-image-processing: 0.101s
  - ml-object-detection: 0.476s
================================================================================
objective      : energy
resource_config: [{'cpu_m': 691, 'memory_mi': 55}, {'cpu_m': 2392, 'memory_mi': 496}], latencies: {'ml-image-processing': 0.10111271346520101, 'ml-object-detection': 0.47635870084964804}, price_cost: 10008.167282, energy_cost: 350.527344, latency_p99 : 9.000000
wall_time_s    : 80.457
================================================================================

[info] Locust stopped
[info] Locust is not running
================================================================================

Batch 16: best_feasible_cost (random, qNEI) = (413.4631603507471, 386.7549233339145), best_constraint =  -1.403 (<=0 feasible), time = 244.14.
Best feasible resource configuration: [{'cpu_m': 300, 'memory_mi': 50}, {'cpu_m': 5931, 'memory_mi': 509}]

================================================================================
/home/cc/miniconda3/envs/faas/lib/python3.10/site-packages/botorch/acquisition/monte_carlo.py:502: NumericsWarning: qNoisyExpectedImprovement has known numerical issues that lead to suboptimal optimization performance. It is strongly recommended to simply replace

	 qNoisyExpectedImprovement 	 --> 	 qLogNoisyExpectedImprovement 

instead, which fixes the issues and has the same API. See https://arxiv.org/abs/2310.20708 for details.
  legacy_ei_numerics_warning(legacy_name=type(self).__name__)
Updating function ml-image-processing to cpu: 300m, memory: 50Mi
Updating Deployment resource configuration...

Updating function ml-object-detection to cpu: 5842m, memory: 512Mi
Updating Deployment resource configuration...

[info] Original replicas=17, selector='environmentName=ml-image-processing,environmentNamespace=default,environmentUid=8dcaa936-04ed-49cf-8ddf-36cdc234cbfd,executorType=newdeploy,functionName=ml-image-processing,functionNamespace=default,functionUid=d8529cac-3c02-4647-a616-8254b24ce685'
[info] Original replicas=49, selector='environmentName=yolo,environmentNamespace=default,environmentUid=4b5fef2f-7951-477c-a9c0-ef0af047a425,executorType=newdeploy,functionName=ml-object-detection,functionNamespace=default,functionUid=dc6d8a52-8de2-4fbb-beef-7bcaa92aa890'
[ok] Patched Deployment resources
[ok] Patched Deployment resources
[ok] Verified Deployment template resources: requests={'cpu': '1500m', 'memory': '400Mi'} limits={'cpu': '5842m', 'memory': '512Mi'}
[info] Scaling deployment to 0 replicas to force full pod replacement
[ok] Verified Deployment template resources: requests={'cpu': '300m', 'memory': '50Mi'} limits={'cpu': '300m', 'memory': '50Mi'}
[info] Scaling deployment to 0 replicas to force full pod replacement
[ok] All pods terminated (replicas=0)
[info] Scaling deployment back to 17 replicas
[ok] All pods terminated (replicas=0)
[info] Scaling deployment back to 49 replicas
[ok] Rollout completed after scale-to-zero
[verify] newest RS=newdeploy-ml-image-processing-default-a616-8254b24ce685-5789945b5f pods=17 ready=17
[ok] Verified newest ReplicaSet template resources match expected
[ok] Rollout completed after scale-to-zero
[verify] newest RS=newdeploy-ml-object-detection-default-beef-7bcaa92aa890-ccb5856c6 pods=49 ready=49
[ok] Verified newest ReplicaSet template resources match expected
[info] Started Locust with PID 719544
[info] start sleep for 30s
[info] sleep done
\Start sampling in parallel...
Workflow e2e p99 latency (56 completed in 16.9s, parallel, 8 workers): 3.467s
Average stage latencies:
  - ml-image-processing: 0.283s
  - ml-object-detection: 0.138s
================================================================================
objective      : energy
resource_config: [{'cpu_m': 300, 'memory_mi': 50}, {'cpu_m': 5842, 'memory_mi': 512}], latencies: {'ml-image-processing': 0.2829937191729966, 'ml-object-detection': 0.13796838965000852}, price_cost: 7127.776739, energy_cost: 388.221664, latency_p99 : 3.466802
wall_time_s    : 80.015
================================================================================

[info] Locust stopped
Updating function ml-image-processing to cpu: 525m, memory: 52Mi
Updating Deployment resource configuration...

Updating function ml-object-detection to cpu: 2631m, memory: 418Mi
Updating Deployment resource configuration...

[info] Original replicas=49, selector='environmentName=yolo,environmentNamespace=default,environmentUid=4b5fef2f-7951-477c-a9c0-ef0af047a425,executorType=newdeploy,functionName=ml-object-detection,functionNamespace=default,functionUid=dc6d8a52-8de2-4fbb-beef-7bcaa92aa890'
[info] Original replicas=17, selector='environmentName=ml-image-processing,environmentNamespace=default,environmentUid=8dcaa936-04ed-49cf-8ddf-36cdc234cbfd,executorType=newdeploy,functionName=ml-image-processing,functionNamespace=default,functionUid=d8529cac-3c02-4647-a616-8254b24ce685'
[ok] Patched Deployment resources
[ok] Patched Deployment resources
[ok] Verified Deployment template resources: requests={'cpu': '1500m', 'memory': '400Mi'} limits={'cpu': '2631m', 'memory': '418Mi'}
[info] Scaling deployment to 0 replicas to force full pod replacement
[ok] Verified Deployment template resources: requests={'cpu': '300m', 'memory': '50Mi'} limits={'cpu': '525m', 'memory': '52Mi'}
[info] Scaling deployment to 0 replicas to force full pod replacement
[ok] All pods terminated (replicas=0)
[info] Scaling deployment back to 49 replicas
[ok] All pods terminated (replicas=0)
[info] Scaling deployment back to 17 replicas
[ok] Rollout completed after scale-to-zero
[verify] newest RS=newdeploy-ml-image-processing-default-a616-8254b24ce685-79bdccd989 pods=17 ready=17
[ok] Verified newest ReplicaSet template resources match expected
[ok] Rollout completed after scale-to-zero
[verify] newest RS=newdeploy-ml-object-detection-default-beef-7bcaa92aa890-8c8dd869f pods=49 ready=49
[ok] Verified newest ReplicaSet template resources match expected
[info] Started Locust with PID 730404
[info] start sleep for 30s
[info] sleep done
\Start sampling in parallel...
Workflow e2e p99 latency (54 completed in 20.4s, parallel, 8 workers): 9.000s
Average stage latencies:
  - ml-image-processing: 0.141s
  - ml-object-detection: 0.431s
================================================================================
objective      : energy
resource_config: [{'cpu_m': 525, 'memory_mi': 52}, {'cpu_m': 2631, 'memory_mi': 418}], latencies: {'ml-image-processing': 0.1406860560819041, 'ml-object-detection': 0.430887430071986}, price_cost: 9937.382114, energy_cost: 368.375805, latency_p99 : 9.000000
wall_time_s    : 83.409
================================================================================

[info] Locust stopped
Updating function ml-image-processing to cpu: 675m, memory: 51Mi
Updating Deployment resource configuration...

Updating function ml-object-detection to cpu: 4821m, memory: 426Mi
Updating Deployment resource configuration...

[info] Original replicas=17, selector='environmentName=ml-image-processing,environmentNamespace=default,environmentUid=8dcaa936-04ed-49cf-8ddf-36cdc234cbfd,executorType=newdeploy,functionName=ml-image-processing,functionNamespace=default,functionUid=d8529cac-3c02-4647-a616-8254b24ce685'
[info] Original replicas=49, selector='environmentName=yolo,environmentNamespace=default,environmentUid=4b5fef2f-7951-477c-a9c0-ef0af047a425,executorType=newdeploy,functionName=ml-object-detection,functionNamespace=default,functionUid=dc6d8a52-8de2-4fbb-beef-7bcaa92aa890'
[ok] Patched Deployment resources
[ok] Patched Deployment resources
[ok] Verified Deployment template resources: requests={'cpu': '300m', 'memory': '50Mi'} limits={'cpu': '675m', 'memory': '51Mi'}
[info] Scaling deployment to 0 replicas to force full pod replacement
[ok] Verified Deployment template resources: requests={'cpu': '1500m', 'memory': '400Mi'} limits={'cpu': '4821m', 'memory': '426Mi'}
[info] Scaling deployment to 0 replicas to force full pod replacement
[ok] All pods terminated (replicas=0)
[info] Scaling deployment back to 17 replicas
[ok] All pods terminated (replicas=0)
[info] Scaling deployment back to 49 replicas
[ok] Deleted HPA newdeploy-ml-object-detection-default-beef-7bcaa92aa890
[ok] Rollout completed after scale-to-zero
[verify] newest RS=newdeploy-ml-image-processing-default-a616-8254b24ce685-775b847cdc pods=17 ready=17
[ok] Verified newest ReplicaSet template resources match expected
[ok] Rollout completed after scale-to-zero
[verify] newest RS=newdeploy-ml-object-detection-default-beef-7bcaa92aa890-d84b4d7d9 pods=49 ready=49
[ok] Verified newest ReplicaSet template resources match expected
[info] Started Locust with PID 741637
[info] start sleep for 30s
[info] sleep done
\Start sampling in parallel...
Workflow e2e p99 latency (70 completed in 16.7s, parallel, 8 workers): 1.368s
Average stage latencies:
  - ml-image-processing: 0.121s
  - ml-object-detection: 0.217s
================================================================================
objective      : energy
resource_config: [{'cpu_m': 675, 'memory_mi': 51}, {'cpu_m': 4821, 'memory_mi': 426}], latencies: {'ml-image-processing': 0.12141959856131247, 'ml-object-detection': 0.21713987988685923}, price_cost: 9172.074137, energy_cost: 465.546900, latency_p99 : 1.368077
wall_time_s    : 77.943
================================================================================

[info] Locust stopped
[info] Locust is not running
================================================================================

Batch 17: best_feasible_cost (random, qNEI) = (413.4631603507471, 386.7549233339145), best_constraint =  -1.403 (<=0 feasible), time = 255.27.
Best feasible resource configuration: [{'cpu_m': 300, 'memory_mi': 50}, {'cpu_m': 5931, 'memory_mi': 509}]

================================================================================
/home/cc/miniconda3/envs/faas/lib/python3.10/site-packages/botorch/acquisition/monte_carlo.py:502: NumericsWarning: qNoisyExpectedImprovement has known numerical issues that lead to suboptimal optimization performance. It is strongly recommended to simply replace

	 qNoisyExpectedImprovement 	 --> 	 qLogNoisyExpectedImprovement 

instead, which fixes the issues and has the same API. See https://arxiv.org/abs/2310.20708 for details.
  legacy_ei_numerics_warning(legacy_name=type(self).__name__)
Updating function ml-image-processing to cpu: 568m, memory: 68Mi
Updating Deployment resource configuration...

Updating function ml-object-detection to cpu: 2676m, memory: 449Mi
Updating Deployment resource configuration...

[info] Original replicas=17, selector='environmentName=ml-image-processing,environmentNamespace=default,environmentUid=8dcaa936-04ed-49cf-8ddf-36cdc234cbfd,executorType=newdeploy,functionName=ml-image-processing,functionNamespace=default,functionUid=d8529cac-3c02-4647-a616-8254b24ce685'
[info] Original replicas=49, selector='environmentName=yolo,environmentNamespace=default,environmentUid=4b5fef2f-7951-477c-a9c0-ef0af047a425,executorType=newdeploy,functionName=ml-object-detection,functionNamespace=default,functionUid=dc6d8a52-8de2-4fbb-beef-7bcaa92aa890'
[ok] Patched Deployment resources
[ok] Patched Deployment resources
[ok] Verified Deployment template resources: requests={'cpu': '300m', 'memory': '50Mi'} limits={'cpu': '568m', 'memory': '68Mi'}
[info] Scaling deployment to 0 replicas to force full pod replacement
[ok] Verified Deployment template resources: requests={'cpu': '1500m', 'memory': '400Mi'} limits={'cpu': '2676m', 'memory': '449Mi'}
[info] Scaling deployment to 0 replicas to force full pod replacement
[ok] All pods terminated (replicas=0)
[info] Scaling deployment back to 49 replicas
[ok] All pods terminated (replicas=0)
[info] Scaling deployment back to 17 replicas
[ok] Rollout completed after scale-to-zero
[verify] newest RS=newdeploy-ml-image-processing-default-a616-8254b24ce685-79f9c556d pods=17 ready=17
[ok] Verified newest ReplicaSet template resources match expected
[ok] Rollout completed after scale-to-zero
[verify] newest RS=newdeploy-ml-object-detection-default-beef-7bcaa92aa890-66878f56cd pods=49 ready=49
[ok] Verified newest ReplicaSet template resources match expected
[info] Started Locust with PID 760055
[info] start sleep for 30s
[info] sleep done
\Start sampling in parallel...
Workflow e2e p99 latency (49 completed in 18.7s, parallel, 8 workers): 9.000s
Average stage latencies:
  - ml-image-processing: 0.130s
  - ml-object-detection: 0.421s
================================================================================
objective      : energy
resource_config: [{'cpu_m': 568, 'memory_mi': 68}, {'cpu_m': 2676, 'memory_mi': 449}], latencies: {'ml-image-processing': 0.1303726199169665, 'ml-object-detection': 0.4211798996967805}, price_cost: 9887.851319, energy_cost: 368.290828, latency_p99 : 9.000000
wall_time_s    : 80.937
================================================================================

[info] Locust stopped
Updating function ml-image-processing to cpu: 300m, memory: 50Mi
Updating Deployment resource configuration...

Updating function ml-object-detection to cpu: 4212m, memory: 400Mi
Updating Deployment resource configuration...

[info] Original replicas=17, selector='environmentName=ml-image-processing,environmentNamespace=default,environmentUid=8dcaa936-04ed-49cf-8ddf-36cdc234cbfd,executorType=newdeploy,functionName=ml-image-processing,functionNamespace=default,functionUid=d8529cac-3c02-4647-a616-8254b24ce685'
[info] Original replicas=49, selector='environmentName=yolo,environmentNamespace=default,environmentUid=4b5fef2f-7951-477c-a9c0-ef0af047a425,executorType=newdeploy,functionName=ml-object-detection,functionNamespace=default,functionUid=dc6d8a52-8de2-4fbb-beef-7bcaa92aa890'
[ok] Patched Deployment resources
[ok] Patched Deployment resources
[ok] Verified Deployment template resources: requests={'cpu': '1500m', 'memory': '400Mi'} limits={'cpu': '4212m', 'memory': '400Mi'}
[info] Scaling deployment to 0 replicas to force full pod replacement
[ok] Verified Deployment template resources: requests={'cpu': '300m', 'memory': '50Mi'} limits={'cpu': '300m', 'memory': '50Mi'}
[info] Scaling deployment to 0 replicas to force full pod replacement
[ok] All pods terminated (replicas=0)
[info] Scaling deployment back to 49 replicas
[ok] All pods terminated (replicas=0)
[info] Scaling deployment back to 17 replicas
[ok] Deleted HPA newdeploy-ml-object-detection-default-beef-7bcaa92aa890
[ok] Rollout completed after scale-to-zero
[verify] newest RS=newdeploy-ml-image-processing-default-a616-8254b24ce685-5789945b5f pods=17 ready=17
[ok] Verified newest ReplicaSet template resources match expected
[ok] Rollout completed after scale-to-zero
[verify] newest RS=newdeploy-ml-object-detection-default-beef-7bcaa92aa890-69d467b976 pods=49 ready=49
[ok] Verified newest ReplicaSet template resources match expected
[info] Started Locust with PID 771348
[info] start sleep for 30s
[info] sleep done
\Start sampling in parallel...
Workflow e2e p99 latency (50 completed in 16.4s, parallel, 8 workers): 3.608s
Average stage latencies:
  - ml-image-processing: 0.303s
  - ml-object-detection: 0.206s
================================================================================
objective      : energy
resource_config: [{'cpu_m': 300, 'memory_mi': 50}, {'cpu_m': 4212, 'memory_mi': 400}], latencies: {'ml-image-processing': 0.30294202679768206, 'ml-object-detection': 0.2057634403463453}, price_cost: 7666.867612, energy_cost: 390.584018, latency_p99 : 3.608299
wall_time_s    : 79.328
================================================================================

[info] Locust stopped
Updating function ml-image-processing to cpu: 325m, memory: 70Mi
Updating Deployment resource configuration...

Updating function ml-object-detection to cpu: 3519m, memory: 400Mi
Updating Deployment resource configuration...

[info] Original replicas=49, selector='environmentName=yolo,environmentNamespace=default,environmentUid=4b5fef2f-7951-477c-a9c0-ef0af047a425,executorType=newdeploy,functionName=ml-object-detection,functionNamespace=default,functionUid=dc6d8a52-8de2-4fbb-beef-7bcaa92aa890'
[info] Original replicas=17, selector='environmentName=ml-image-processing,environmentNamespace=default,environmentUid=8dcaa936-04ed-49cf-8ddf-36cdc234cbfd,executorType=newdeploy,functionName=ml-image-processing,functionNamespace=default,functionUid=d8529cac-3c02-4647-a616-8254b24ce685'
[ok] Patched Deployment resources
[ok] Patched Deployment resources
[ok] Verified Deployment template resources: requests={'cpu': '1500m', 'memory': '400Mi'} limits={'cpu': '3519m', 'memory': '400Mi'}
[info] Scaling deployment to 0 replicas to force full pod replacement
[ok] Verified Deployment template resources: requests={'cpu': '300m', 'memory': '50Mi'} limits={'cpu': '325m', 'memory': '70Mi'}
[info] Scaling deployment to 0 replicas to force full pod replacement
[ok] All pods terminated (replicas=0)
[info] Scaling deployment back to 49 replicas
[ok] All pods terminated (replicas=0)
[info] Scaling deployment back to 17 replicas
[ok] Rollout completed after scale-to-zero
[verify] newest RS=newdeploy-ml-image-processing-default-a616-8254b24ce685-7fbdbd5995 pods=17 ready=17
[ok] Verified newest ReplicaSet template resources match expected
[ok] Rollout completed after scale-to-zero
[verify] newest RS=newdeploy-ml-object-detection-default-beef-7bcaa92aa890-55bb685dc6 pods=49 ready=49
[ok] Verified newest ReplicaSet template resources match expected
[info] Started Locust with PID 781842
[info] start sleep for 30s
[info] sleep done
\Start sampling in parallel...
Workflow e2e p99 latency (49 completed in 19.2s, parallel, 8 workers): 3.447s
Average stage latencies:
  - ml-image-processing: 0.281s
  - ml-object-detection: 0.275s
================================================================================
objective      : energy
resource_config: [{'cpu_m': 325, 'memory_mi': 70}, {'cpu_m': 3519, 'memory_mi': 400}], latencies: {'ml-image-processing': 0.2811369555907286, 'ml-object-detection': 0.27494891715825215}, price_cost: 8540.998412, energy_cost: 399.343326, latency_p99 : 3.447450
wall_time_s    : 82.064
================================================================================

[info] Locust stopped
[info] Locust is not running
================================================================================

Batch 18: best_feasible_cost (random, qNEI) = (413.4631603507471, 386.7549233339145), best_constraint =  -1.403 (<=0 feasible), time = 259.79.
Best feasible resource configuration: [{'cpu_m': 300, 'memory_mi': 50}, {'cpu_m': 5931, 'memory_mi': 509}]

================================================================================
/home/cc/miniconda3/envs/faas/lib/python3.10/site-packages/botorch/acquisition/monte_carlo.py:502: NumericsWarning: qNoisyExpectedImprovement has known numerical issues that lead to suboptimal optimization performance. It is strongly recommended to simply replace

	 qNoisyExpectedImprovement 	 --> 	 qLogNoisyExpectedImprovement 

instead, which fixes the issues and has the same API. See https://arxiv.org/abs/2310.20708 for details.
  legacy_ei_numerics_warning(legacy_name=type(self).__name__)
Updating function ml-image-processing to cpu: 300m, memory: 50Mi
Updating Deployment resource configuration...

Updating function ml-object-detection to cpu: 4291m, memory: 400Mi
Updating Deployment resource configuration...

[info] Original replicas=17, selector='environmentName=ml-image-processing,environmentNamespace=default,environmentUid=8dcaa936-04ed-49cf-8ddf-36cdc234cbfd,executorType=newdeploy,functionName=ml-image-processing,functionNamespace=default,functionUid=d8529cac-3c02-4647-a616-8254b24ce685'
[info] Original replicas=49, selector='environmentName=yolo,environmentNamespace=default,environmentUid=4b5fef2f-7951-477c-a9c0-ef0af047a425,executorType=newdeploy,functionName=ml-object-detection,functionNamespace=default,functionUid=dc6d8a52-8de2-4fbb-beef-7bcaa92aa890'
[ok] Patched Deployment resources
[ok] Patched Deployment resources
[ok] Verified Deployment template resources: requests={'cpu': '300m', 'memory': '50Mi'} limits={'cpu': '300m', 'memory': '50Mi'}
[info] Scaling deployment to 0 replicas to force full pod replacement
[ok] Verified Deployment template resources: requests={'cpu': '1500m', 'memory': '400Mi'} limits={'cpu': '4291m', 'memory': '400Mi'}
[info] Scaling deployment to 0 replicas to force full pod replacement
[ok] All pods terminated (replicas=0)
[info] Scaling deployment back to 17 replicas
[ok] All pods terminated (replicas=0)
[info] Scaling deployment back to 49 replicas
[ok] Rollout completed after scale-to-zero
[verify] newest RS=newdeploy-ml-image-processing-default-a616-8254b24ce685-5789945b5f pods=17 ready=17
[ok] Verified newest ReplicaSet template resources match expected
[ok] Rollout completed after scale-to-zero
[verify] newest RS=newdeploy-ml-object-detection-default-beef-7bcaa92aa890-5556d84c48 pods=49 ready=49
[ok] Verified newest ReplicaSet template resources match expected
[info] Started Locust with PID 858446
[info] start sleep for 30s
[info] sleep done
\Start sampling in parallel...
Workflow e2e p99 latency (53 completed in 17.9s, parallel, 8 workers): 2.797s
Average stage latencies:
  - ml-image-processing: 0.306s
  - ml-object-detection: 0.199s
================================================================================
objective      : energy
resource_config: [{'cpu_m': 300, 'memory_mi': 50}, {'cpu_m': 4291, 'memory_mi': 400}], latencies: {'ml-image-processing': 0.3057222801155217, 'ml-object-detection': 0.19881781587763778}, price_cost: 7552.825774, energy_cost: 389.289331, latency_p99 : 2.796696
wall_time_s    : 79.309
================================================================================

[info] Locust stopped
Updating function ml-image-processing to cpu: 454m, memory: 56Mi
Updating Deployment resource configuration...

Updating function ml-object-detection to cpu: 1500m, memory: 512Mi
Updating Deployment resource configuration...

[info] Original replicas=17, selector='environmentName=ml-image-processing,environmentNamespace=default,environmentUid=8dcaa936-04ed-49cf-8ddf-36cdc234cbfd,executorType=newdeploy,functionName=ml-image-processing,functionNamespace=default,functionUid=d8529cac-3c02-4647-a616-8254b24ce685'
[info] Original replicas=49, selector='environmentName=yolo,environmentNamespace=default,environmentUid=4b5fef2f-7951-477c-a9c0-ef0af047a425,executorType=newdeploy,functionName=ml-object-detection,functionNamespace=default,functionUid=dc6d8a52-8de2-4fbb-beef-7bcaa92aa890'
[ok] Patched Deployment resources
[ok] Patched Deployment resources
[ok] Verified Deployment template resources: requests={'cpu': '300m', 'memory': '50Mi'} limits={'cpu': '454m', 'memory': '56Mi'}
[info] Scaling deployment to 0 replicas to force full pod replacement
[ok] Verified Deployment template resources: requests={'cpu': '1500m', 'memory': '400Mi'} limits={'cpu': '1500m', 'memory': '512Mi'}
[info] Scaling deployment to 0 replicas to force full pod replacement
[ok] All pods terminated (replicas=0)
[info] Scaling deployment back to 17 replicas
[ok] All pods terminated (replicas=0)
[info] Scaling deployment back to 49 replicas
[ok] Rollout completed after scale-to-zero
[verify] newest RS=newdeploy-ml-image-processing-default-a616-8254b24ce685-545b549c56 pods=17 ready=17
[ok] Verified newest ReplicaSet template resources match expected
[ok] Rollout completed after scale-to-zero
[verify] newest RS=newdeploy-ml-object-detection-default-beef-7bcaa92aa890-5df586f94d pods=49 ready=49
[ok] Verified newest ReplicaSet template resources match expected
[info] Started Locust with PID 869898
[info] start sleep for 30s
[info] sleep done
\Start sampling in parallel...
Workflow e2e p99 latency (37 completed in 20.7s, parallel, 8 workers): 9.000s
Average stage latencies:
  - ml-image-processing: 0.139s
  - ml-object-detection: 0.862s
================================================================================
objective      : energy
resource_config: [{'cpu_m': 454, 'memory_mi': 56}, {'cpu_m': 1500, 'memory_mi': 512}], latencies: {'ml-image-processing': 0.1394119359621847, 'ml-object-detection': 0.8617511803663715}, price_cost: 11411.295608, energy_cost: 301.004084, latency_p99 : 9.000000
wall_time_s    : 82.164
================================================================================

[info] Locust stopped
Updating function ml-image-processing to cpu: 348m, memory: 70Mi
Updating Deployment resource configuration...

Updating function ml-object-detection to cpu: 3493m, memory: 512Mi
Updating Deployment resource configuration...

[info] Original replicas=17, selector='environmentName=ml-image-processing,environmentNamespace=default,environmentUid=8dcaa936-04ed-49cf-8ddf-36cdc234cbfd,executorType=newdeploy,functionName=ml-image-processing,functionNamespace=default,functionUid=d8529cac-3c02-4647-a616-8254b24ce685'
[info] Original replicas=49, selector='environmentName=yolo,environmentNamespace=default,environmentUid=4b5fef2f-7951-477c-a9c0-ef0af047a425,executorType=newdeploy,functionName=ml-object-detection,functionNamespace=default,functionUid=dc6d8a52-8de2-4fbb-beef-7bcaa92aa890'
[ok] Patched Deployment resources
[ok] Patched Deployment resources
[ok] Verified Deployment template resources: requests={'cpu': '300m', 'memory': '50Mi'} limits={'cpu': '348m', 'memory': '70Mi'}
[info] Scaling deployment to 0 replicas to force full pod replacement
[ok] Verified Deployment template resources: requests={'cpu': '1500m', 'memory': '400Mi'} limits={'cpu': '3493m', 'memory': '512Mi'}
[info] Scaling deployment to 0 replicas to force full pod replacement
[ok] All pods terminated (replicas=0)
[info] Scaling deployment back to 49 replicas
[ok] All pods terminated (replicas=0)
[info] Scaling deployment back to 17 replicas
[ok] Deleted HPA newdeploy-ml-object-detection-default-beef-7bcaa92aa890
[ok] Rollout completed after scale-to-zero
[verify] newest RS=newdeploy-ml-image-processing-default-a616-8254b24ce685-69d5b668cc pods=17 ready=17
[ok] Verified newest ReplicaSet template resources match expected
[ok] Rollout completed after scale-to-zero
[verify] newest RS=newdeploy-ml-object-detection-default-beef-7bcaa92aa890-66d767666d pods=49 ready=49
[ok] Verified newest ReplicaSet template resources match expected
[info] Started Locust with PID 880827
[info] start sleep for 30s
[info] sleep done
\Start sampling in parallel...
Workflow e2e p99 latency (53 completed in 20.9s, parallel, 8 workers): 5.336s
Average stage latencies:
  - ml-image-processing: 0.273s
  - ml-object-detection: 0.269s
================================================================================
objective      : energy
resource_config: [{'cpu_m': 348, 'memory_mi': 70}, {'cpu_m': 3493, 'memory_mi': 512}], latencies: {'ml-image-processing': 0.27260585555385025, 'ml-object-detection': 0.269117300714946}, price_cost: 8334.644966, energy_cost: 398.779413, latency_p99 : 5.335870
wall_time_s    : 79.610
================================================================================

[info] Locust stopped
[info] Locust is not running
================================================================================

Batch 19: best_feasible_cost (random, qNEI) = (413.4631603507471, 386.7549233339145), best_constraint =  -1.403 (<=0 feasible), time = 260.74.
Best feasible resource configuration: [{'cpu_m': 300, 'memory_mi': 50}, {'cpu_m': 5931, 'memory_mi': 509}]

================================================================================
/home/cc/miniconda3/envs/faas/lib/python3.10/site-packages/botorch/acquisition/monte_carlo.py:502: NumericsWarning: qNoisyExpectedImprovement has known numerical issues that lead to suboptimal optimization performance. It is strongly recommended to simply replace

	 qNoisyExpectedImprovement 	 --> 	 qLogNoisyExpectedImprovement 

instead, which fixes the issues and has the same API. See https://arxiv.org/abs/2310.20708 for details.
  legacy_ei_numerics_warning(legacy_name=type(self).__name__)
Updating function ml-image-processing to cpu: 300m, memory: 51Mi
Updating Deployment resource configuration...

Updating function ml-object-detection to cpu: 5483m, memory: 483Mi
Updating Deployment resource configuration...

[info] Original replicas=17, selector='environmentName=ml-image-processing,environmentNamespace=default,environmentUid=8dcaa936-04ed-49cf-8ddf-36cdc234cbfd,executorType=newdeploy,functionName=ml-image-processing,functionNamespace=default,functionUid=d8529cac-3c02-4647-a616-8254b24ce685'
[info] Original replicas=49, selector='environmentName=yolo,environmentNamespace=default,environmentUid=4b5fef2f-7951-477c-a9c0-ef0af047a425,executorType=newdeploy,functionName=ml-object-detection,functionNamespace=default,functionUid=dc6d8a52-8de2-4fbb-beef-7bcaa92aa890'
[ok] Patched Deployment resources
[ok] Patched Deployment resources
[ok] Verified Deployment template resources: requests={'cpu': '1500m', 'memory': '400Mi'} limits={'cpu': '5483m', 'memory': '483Mi'}
[info] Scaling deployment to 0 replicas to force full pod replacement
[ok] Verified Deployment template resources: requests={'cpu': '300m', 'memory': '50Mi'} limits={'cpu': '300m', 'memory': '51Mi'}
[info] Scaling deployment to 0 replicas to force full pod replacement
[ok] All pods terminated (replicas=0)
[info] Scaling deployment back to 49 replicas
[ok] All pods terminated (replicas=0)
[info] Scaling deployment back to 17 replicas
[ok] Rollout completed after scale-to-zero
[verify] newest RS=newdeploy-ml-image-processing-default-a616-8254b24ce685-855c8f7897 pods=17 ready=17
[ok] Verified newest ReplicaSet template resources match expected
[ok] Rollout completed after scale-to-zero
[verify] newest RS=newdeploy-ml-object-detection-default-beef-7bcaa92aa890-5c9fb7b68c pods=49 ready=49
[ok] Verified newest ReplicaSet template resources match expected
[info] Started Locust with PID 917974
[info] start sleep for 30s
[info] sleep done
\Start sampling in parallel...
Workflow e2e p99 latency (58 completed in 19.5s, parallel, 8 workers): 4.204s
Average stage latencies:
  - ml-image-processing: 0.291s
  - ml-object-detection: 0.146s
================================================================================
objective      : energy
resource_config: [{'cpu_m': 300, 'memory_mi': 51}, {'cpu_m': 5483, 'memory_mi': 483}], latencies: {'ml-image-processing': 0.2914573033500848, 'ml-object-detection': 0.14643124130490268}, price_cost: 7108.922563, energy_cost: 383.521138, latency_p99 : 4.204348
wall_time_s    : 81.956
================================================================================

[info] Locust stopped
Updating function ml-image-processing to cpu: 769m, memory: 68Mi
Updating Deployment resource configuration...

Updating function ml-object-detection to cpu: 2072m, memory: 498Mi
Updating Deployment resource configuration...

[info] Original replicas=49, selector='environmentName=yolo,environmentNamespace=default,environmentUid=4b5fef2f-7951-477c-a9c0-ef0af047a425,executorType=newdeploy,functionName=ml-object-detection,functionNamespace=default,functionUid=dc6d8a52-8de2-4fbb-beef-7bcaa92aa890'
[info] Original replicas=17, selector='environmentName=ml-image-processing,environmentNamespace=default,environmentUid=8dcaa936-04ed-49cf-8ddf-36cdc234cbfd,executorType=newdeploy,functionName=ml-image-processing,functionNamespace=default,functionUid=d8529cac-3c02-4647-a616-8254b24ce685'
[ok] Patched Deployment resources
[ok] Patched Deployment resources
[ok] Verified Deployment template resources: requests={'cpu': '1500m', 'memory': '400Mi'} limits={'cpu': '2072m', 'memory': '498Mi'}
[info] Scaling deployment to 0 replicas to force full pod replacement
[ok] Verified Deployment template resources: requests={'cpu': '300m', 'memory': '50Mi'} limits={'cpu': '769m', 'memory': '68Mi'}
[info] Scaling deployment to 0 replicas to force full pod replacement
[ok] All pods terminated (replicas=0)
[info] Scaling deployment back to 49 replicas
[ok] All pods terminated (replicas=0)
[info] Scaling deployment back to 17 replicas
[ok] Rollout completed after scale-to-zero
[verify] newest RS=newdeploy-ml-image-processing-default-a616-8254b24ce685-f47c84c54 pods=17 ready=17
[ok] Verified newest ReplicaSet template resources match expected
[ok] Rollout completed after scale-to-zero
[verify] newest RS=newdeploy-ml-object-detection-default-beef-7bcaa92aa890-5bb8565d4f pods=49 ready=49
[ok] Verified newest ReplicaSet template resources match expected
[info] Started Locust with PID 929414
[info] start sleep for 30s
[info] sleep done
\Start sampling in parallel...
Workflow e2e p99 latency (39 completed in 19.4s, parallel, 8 workers): 9.000s
Average stage latencies:
  - ml-image-processing: 0.089s
  - ml-object-detection: 0.594s
================================================================================
objective      : energy
resource_config: [{'cpu_m': 769, 'memory_mi': 68}, {'cpu_m': 2072, 'memory_mi': 498}], latencies: {'ml-image-processing': 0.08939193016184228, 'ml-object-detection': 0.5936497391999832}, price_cost: 10808.691426, energy_cost: 332.432622, latency_p99 : 9.000000
wall_time_s    : 82.989
================================================================================

[info] Locust stopped
Updating function ml-image-processing to cpu: 300m, memory: 50Mi
Updating Deployment resource configuration...

Updating function ml-object-detection to cpu: 5142m, memory: 400Mi
Updating Deployment resource configuration...

[info] Original replicas=17, selector='environmentName=ml-image-processing,environmentNamespace=default,environmentUid=8dcaa936-04ed-49cf-8ddf-36cdc234cbfd,executorType=newdeploy,functionName=ml-image-processing,functionNamespace=default,functionUid=d8529cac-3c02-4647-a616-8254b24ce685'
[info] Original replicas=49, selector='environmentName=yolo,environmentNamespace=default,environmentUid=4b5fef2f-7951-477c-a9c0-ef0af047a425,executorType=newdeploy,functionName=ml-object-detection,functionNamespace=default,functionUid=dc6d8a52-8de2-4fbb-beef-7bcaa92aa890'
[ok] Patched Deployment resources
[ok] Patched Deployment resources
[ok] Verified Deployment template resources: requests={'cpu': '1500m', 'memory': '400Mi'} limits={'cpu': '5142m', 'memory': '400Mi'}
[info] Scaling deployment to 0 replicas to force full pod replacement
[ok] Verified Deployment template resources: requests={'cpu': '300m', 'memory': '50Mi'} limits={'cpu': '300m', 'memory': '50Mi'}
[info] Scaling deployment to 0 replicas to force full pod replacement
[ok] All pods terminated (replicas=0)
[info] Scaling deployment back to 49 replicas
[ok] All pods terminated (replicas=0)
[info] Scaling deployment back to 17 replicas
[ok] Deleted HPA newdeploy-ml-object-detection-default-beef-7bcaa92aa890
[ok] Rollout completed after scale-to-zero
[ok] Rollout completed after scale-to-zero
[verify] newest RS=newdeploy-ml-image-processing-default-a616-8254b24ce685-5789945b5f pods=17 ready=17
[ok] Verified newest ReplicaSet template resources match expected
[verify] newest RS=newdeploy-ml-object-detection-default-beef-7bcaa92aa890-7755bf49cb pods=49 ready=49
[ok] Verified newest ReplicaSet template resources match expected
[info] Started Locust with PID 940535
[info] start sleep for 30s
[info] sleep done
\Start sampling in parallel...
Workflow e2e p99 latency (56 completed in 17.8s, parallel, 8 workers): 3.118s
Average stage latencies:
  - ml-image-processing: 0.282s
  - ml-object-detection: 0.158s
================================================================================
objective      : energy
resource_config: [{'cpu_m': 300, 'memory_mi': 50}, {'cpu_m': 5142, 'memory_mi': 400}], latencies: {'ml-image-processing': 0.2820568075486725, 'ml-object-detection': 0.15782705296961858}, price_cost: 7169.338001, energy_cost: 390.977867, latency_p99 : 3.118336
wall_time_s    : 77.097
================================================================================

[info] Locust stopped
[info] Locust is not running
================================================================================

Batch 20: best_feasible_cost (random, qNEI) = (413.4631603507471, 386.7549233339145), best_constraint =  -1.403 (<=0 feasible), time = 254.15.
Best feasible resource configuration: [{'cpu_m': 300, 'memory_mi': 50}, {'cpu_m': 5931, 'memory_mi': 509}]

================================================================================
BO loop time: 2570.68 seconds
Best cost: 386.7549233339145
Best resource configuration: [{'cpu_m': 300, 'memory_mi': 50}, {'cpu_m': 5931, 'memory_mi': 509}]

========================================
