========================================
Default
drwxrwxr-x 2 cc cc   4096 Jan  5 03:58 __pycache__
-rw-rw-r-- 1 cc cc  20188 Jan  5 03:58 bayesian_optimization.py
-rw-rw-r-- 1 cc cc  12890 Jan  5 03:53 bo_utils.py
-rw-rw-r-- 1 cc cc  12286 Jan  5 01:06 check_result.py
-rw-rw-r-- 1 cc cc   1314 Jan  5 03:43 config.py
-rw-rw-r-- 1 cc cc   3620 Jan  5 03:44 manager.py
-rw-rw-r-- 1 cc cc   9045 Dec 16 05:41 original-bayesian_optimization.py
-rw-rw-r-- 1 cc cc   2423 Jan  3 19:23 pods_mapping.py
-rw-rw-r-- 1 cc cc   1486 Jan  5 02:36 temp.py

IS_ENERGY: False
No checkpoint found, starting fresh BO run.
Updating function ml-image-processing to cpu: 428m, memory: 60Mi
Updating Deployment resource configuration...

Updating function ml-object-detection to cpu: 3485m, memory: 488Mi
Updating Deployment resource configuration...

[info] Original replicas=17, selector='environmentName=ml-image-processing,environmentNamespace=default,environmentUid=8dcaa936-04ed-49cf-8ddf-36cdc234cbfd,executorType=newdeploy,functionName=ml-image-processing,functionNamespace=default,functionUid=d8529cac-3c02-4647-a616-8254b24ce685'
[info] Original replicas=49, selector='environmentName=yolo,environmentNamespace=default,environmentUid=4b5fef2f-7951-477c-a9c0-ef0af047a425,executorType=newdeploy,functionName=ml-object-detection,functionNamespace=default,functionUid=dc6d8a52-8de2-4fbb-beef-7bcaa92aa890'
[ok] Patched Deployment resources
[ok] Verified Deployment template resources: requests={'cpu': '300m', 'memory': '50Mi'} limits={'cpu': '428m', 'memory': '60Mi'}
[info] Scaling deployment to 0 replicas to force full pod replacement
[ok] Patched Deployment resources
[ok] Verified Deployment template resources: requests={'cpu': '1500m', 'memory': '400Mi'} limits={'cpu': '3485m', 'memory': '488Mi'}
[info] Scaling deployment to 0 replicas to force full pod replacement
[ok] All pods terminated (replicas=0)
[info] Scaling deployment back to 17 replicas
[ok] All pods terminated (replicas=0)
[info] Scaling deployment back to 49 replicas
[ok] Rollout completed after scale-to-zero
[verify] newest RS=newdeploy-ml-image-processing-default-a616-8254b24ce685-5c96d58b8 pods=17 ready=17
[ok] Verified newest ReplicaSet template resources match expected
[ok] Rollout completed after scale-to-zero
[verify] newest RS=newdeploy-ml-object-detection-default-beef-7bcaa92aa890-6bcc9898d4 pods=49 ready=49
[ok] Verified newest ReplicaSet template resources match expected
[info] Started Locust with PID 3385488
[info] start sleep for 30s
[info] sleep done
\Start sampling in parallel...
Workflow e2e p99 latency (59 completed in 18.4s, parallel, 8 workers): 9.000s
Average stage latencies:
  - ml-image-processing: 0.209s
  - ml-object-detection: 0.292s
================================================================================
objective      : price
resource_config: [{'cpu_m': 428, 'memory_mi': 60}, {'cpu_m': 3485, 'memory_mi': 488}], latencies: {'ml-image-processing': 0.20884871961356238, 'ml-object-detection': 0.2919946011428818}, price_cost: 8977.594121, energy_cost: 413.778398, latency_p99 : 9.000000
wall_time_s    : 79.601
================================================================================

[info] Locust stopped
Updating function ml-image-processing to cpu: 554m, memory: 51Mi
Updating Deployment resource configuration...

Updating function ml-object-detection to cpu: 2206m, memory: 465Mi
Updating Deployment resource configuration...

[info] Original replicas=17, selector='environmentName=ml-image-processing,environmentNamespace=default,environmentUid=8dcaa936-04ed-49cf-8ddf-36cdc234cbfd,executorType=newdeploy,functionName=ml-image-processing,functionNamespace=default,functionUid=d8529cac-3c02-4647-a616-8254b24ce685'
[info] Original replicas=49, selector='environmentName=yolo,environmentNamespace=default,environmentUid=4b5fef2f-7951-477c-a9c0-ef0af047a425,executorType=newdeploy,functionName=ml-object-detection,functionNamespace=default,functionUid=dc6d8a52-8de2-4fbb-beef-7bcaa92aa890'
[ok] Patched Deployment resources
[ok] Patched Deployment resources
[ok] Verified Deployment template resources: requests={'cpu': '300m', 'memory': '50Mi'} limits={'cpu': '554m', 'memory': '51Mi'}
[info] Scaling deployment to 0 replicas to force full pod replacement
[ok] Verified Deployment template resources: requests={'cpu': '1500m', 'memory': '400Mi'} limits={'cpu': '2206m', 'memory': '465Mi'}
[info] Scaling deployment to 0 replicas to force full pod replacement
[ok] All pods terminated (replicas=0)
[info] Scaling deployment back to 49 replicas
[ok] All pods terminated (replicas=0)
[info] Scaling deployment back to 17 replicas
[ok] Rollout completed after scale-to-zero
[verify] newest RS=newdeploy-ml-image-processing-default-a616-8254b24ce685-744bc9c447 pods=17 ready=17
[ok] Verified newest ReplicaSet template resources match expected
[ok] Rollout completed after scale-to-zero
[verify] newest RS=newdeploy-ml-object-detection-default-beef-7bcaa92aa890-5658c6fdcf pods=49 ready=49
[ok] Verified newest ReplicaSet template resources match expected
[info] Started Locust with PID 3396166
[info] start sleep for 30s
[info] sleep done
\Start sampling in parallel...
Workflow e2e p99 latency (38 completed in 19.5s, parallel, 8 workers): 9.000s
Average stage latencies:
  - ml-image-processing: 0.118s
  - ml-object-detection: 0.519s
================================================================================
objective      : price
resource_config: [{'cpu_m': 554, 'memory_mi': 51}, {'cpu_m': 2206, 'memory_mi': 465}], latencies: {'ml-image-processing': 0.11836676158210528, 'ml-object-detection': 0.5185016434240554}, price_cost: 10035.548414, energy_cost: 343.782739, latency_p99 : 9.000000
wall_time_s    : 78.964
================================================================================

[info] Locust stopped
Updating function ml-image-processing to cpu: 358m, memory: 61Mi
Updating Deployment resource configuration...

Updating function ml-object-detection to cpu: 5979m, memory: 425Mi
Updating Deployment resource configuration...

[info] Original replicas=49, selector='environmentName=yolo,environmentNamespace=default,environmentUid=4b5fef2f-7951-477c-a9c0-ef0af047a425,executorType=newdeploy,functionName=ml-object-detection,functionNamespace=default,functionUid=dc6d8a52-8de2-4fbb-beef-7bcaa92aa890'
[info] Original replicas=17, selector='environmentName=ml-image-processing,environmentNamespace=default,environmentUid=8dcaa936-04ed-49cf-8ddf-36cdc234cbfd,executorType=newdeploy,functionName=ml-image-processing,functionNamespace=default,functionUid=d8529cac-3c02-4647-a616-8254b24ce685'
[ok] Patched Deployment resources
[ok] Patched Deployment resources
[ok] Verified Deployment template resources: requests={'cpu': '1500m', 'memory': '400Mi'} limits={'cpu': '5979m', 'memory': '425Mi'}
[info] Scaling deployment to 0 replicas to force full pod replacement
[ok] Verified Deployment template resources: requests={'cpu': '300m', 'memory': '50Mi'} limits={'cpu': '358m', 'memory': '61Mi'}
[info] Scaling deployment to 0 replicas to force full pod replacement
[ok] All pods terminated (replicas=0)
[info] Scaling deployment back to 49 replicas
[ok] All pods terminated (replicas=0)
[info] Scaling deployment back to 17 replicas
[ok] Deleted HPA newdeploy-ml-object-detection-default-beef-7bcaa92aa890
[ok] Rollout completed after scale-to-zero
[verify] newest RS=newdeploy-ml-image-processing-default-a616-8254b24ce685-6b8c4f8569 pods=17 ready=17
[ok] Verified newest ReplicaSet template resources match expected
[ok] Rollout completed after scale-to-zero
[verify] newest RS=newdeploy-ml-object-detection-default-beef-7bcaa92aa890-65df85b485 pods=49 ready=49
[ok] Verified newest ReplicaSet template resources match expected
[info] Started Locust with PID 3407037
[info] start sleep for 30s
[info] sleep done
\Start sampling in parallel...
Workflow e2e p99 latency (60 completed in 16.8s, parallel, 8 workers): 2.840s
Average stage latencies:
  - ml-image-processing: 0.242s
  - ml-object-detection: 0.143s
================================================================================
objective      : price
resource_config: [{'cpu_m': 358, 'memory_mi': 61}, {'cpu_m': 5979, 'memory_mi': 425}], latencies: {'ml-image-processing': 0.2421457220800221, 'ml-object-detection': 0.1426206050440669}, price_cost: 7523.150729, energy_cost: 411.450277, latency_p99 : 2.840441
wall_time_s    : 76.824
================================================================================

[info] Locust stopped
Updating function ml-image-processing to cpu: 409m, memory: 51Mi
Updating Deployment resource configuration...

Updating function ml-object-detection to cpu: 4267m, memory: 472Mi
Updating Deployment resource configuration...

[info] Original replicas=17, selector='environmentName=ml-image-processing,environmentNamespace=default,environmentUid=8dcaa936-04ed-49cf-8ddf-36cdc234cbfd,executorType=newdeploy,functionName=ml-image-processing,functionNamespace=default,functionUid=d8529cac-3c02-4647-a616-8254b24ce685'
[info] Original replicas=49, selector='environmentName=yolo,environmentNamespace=default,environmentUid=4b5fef2f-7951-477c-a9c0-ef0af047a425,executorType=newdeploy,functionName=ml-object-detection,functionNamespace=default,functionUid=dc6d8a52-8de2-4fbb-beef-7bcaa92aa890'
[ok] Patched Deployment resources
[ok] Patched Deployment resources
[ok] Verified Deployment template resources: requests={'cpu': '1500m', 'memory': '400Mi'} limits={'cpu': '4267m', 'memory': '472Mi'}
[info] Scaling deployment to 0 replicas to force full pod replacement
[ok] Verified Deployment template resources: requests={'cpu': '300m', 'memory': '50Mi'} limits={'cpu': '409m', 'memory': '51Mi'}
[info] Scaling deployment to 0 replicas to force full pod replacement
[ok] All pods terminated (replicas=0)
[info] Scaling deployment back to 49 replicas
[ok] All pods terminated (replicas=0)
[info] Scaling deployment back to 17 replicas
[ok] Rollout completed after scale-to-zero
[verify] newest RS=newdeploy-ml-image-processing-default-a616-8254b24ce685-6d97b9448f pods=17 ready=17
[ok] Verified newest ReplicaSet template resources match expected
[ok] Rollout completed after scale-to-zero
[verify] newest RS=newdeploy-ml-object-detection-default-beef-7bcaa92aa890-8df589757 pods=49 ready=49
[ok] Verified newest ReplicaSet template resources match expected
[info] Started Locust with PID 3417537
[info] start sleep for 30s
[info] sleep done
\Start sampling in parallel...
Workflow e2e p99 latency (61 completed in 17.0s, parallel, 8 workers): 2.961s
Average stage latencies:
  - ml-image-processing: 0.226s
  - ml-object-detection: 0.219s
================================================================================
objective      : price
resource_config: [{'cpu_m': 409, 'memory_mi': 51}, {'cpu_m': 4267, 'memory_mi': 472}], latencies: {'ml-image-processing': 0.22581327112666408, 'ml-object-detection': 0.2192709475114453}, price_cost: 8267.737011, energy_cost: 423.357868, latency_p99 : 2.961151
wall_time_s    : 76.582
================================================================================

[info] Locust stopped
Updating function ml-image-processing to cpu: 796m, memory: 70Mi
Updating Deployment resource configuration...

Updating function ml-object-detection to cpu: 4645m, memory: 444Mi
Updating Deployment resource configuration...

[info] Original replicas=17, selector='environmentName=ml-image-processing,environmentNamespace=default,environmentUid=8dcaa936-04ed-49cf-8ddf-36cdc234cbfd,executorType=newdeploy,functionName=ml-image-processing,functionNamespace=default,functionUid=d8529cac-3c02-4647-a616-8254b24ce685'
[info] Original replicas=49, selector='environmentName=yolo,environmentNamespace=default,environmentUid=4b5fef2f-7951-477c-a9c0-ef0af047a425,executorType=newdeploy,functionName=ml-object-detection,functionNamespace=default,functionUid=dc6d8a52-8de2-4fbb-beef-7bcaa92aa890'
[ok] Patched Deployment resources
[ok] Patched Deployment resources
[ok] Verified Deployment template resources: requests={'cpu': '1500m', 'memory': '400Mi'} limits={'cpu': '4645m', 'memory': '444Mi'}
[info] Scaling deployment to 0 replicas to force full pod replacement
[ok] Verified Deployment template resources: requests={'cpu': '300m', 'memory': '50Mi'} limits={'cpu': '796m', 'memory': '70Mi'}
[info] Scaling deployment to 0 replicas to force full pod replacement
[ok] All pods terminated (replicas=0)
[info] Scaling deployment back to 17 replicas
[ok] All pods terminated (replicas=0)
[info] Scaling deployment back to 49 replicas
[ok] Rollout completed after scale-to-zero
[verify] newest RS=newdeploy-ml-image-processing-default-a616-8254b24ce685-7d6d9d975f pods=17 ready=17
[ok] Verified newest ReplicaSet template resources match expected
[ok] Rollout completed after scale-to-zero
[verify] newest RS=newdeploy-ml-object-detection-default-beef-7bcaa92aa890-65d78b9685 pods=49 ready=49
[ok] Verified newest ReplicaSet template resources match expected
[info] Started Locust with PID 3428216
[info] start sleep for 30s
[info] sleep done
\Start sampling in parallel...
Workflow e2e p99 latency (73 completed in 16.6s, parallel, 8 workers): 1.186s
Average stage latencies:
  - ml-image-processing: 0.108s
  - ml-object-detection: 0.224s
================================================================================
objective      : price
resource_config: [{'cpu_m': 796, 'memory_mi': 70}, {'cpu_m': 4645, 'memory_mi': 444}], latencies: {'ml-image-processing': 0.10784966517112231, 'ml-object-detection': 0.22390039594946046}, price_cost: 9130.201006, energy_cost: 463.325747, latency_p99 : 1.185628
wall_time_s    : 76.249
================================================================================

[info] Locust stopped
Updating function ml-image-processing to cpu: 393m, memory: 56Mi
Updating Deployment resource configuration...

Updating function ml-object-detection to cpu: 4148m, memory: 484Mi
Updating Deployment resource configuration...

[info] Original replicas=49, selector='environmentName=yolo,environmentNamespace=default,environmentUid=4b5fef2f-7951-477c-a9c0-ef0af047a425,executorType=newdeploy,functionName=ml-object-detection,functionNamespace=default,functionUid=dc6d8a52-8de2-4fbb-beef-7bcaa92aa890'
[info] Original replicas=17, selector='environmentName=ml-image-processing,environmentNamespace=default,environmentUid=8dcaa936-04ed-49cf-8ddf-36cdc234cbfd,executorType=newdeploy,functionName=ml-image-processing,functionNamespace=default,functionUid=d8529cac-3c02-4647-a616-8254b24ce685'
[ok] Patched Deployment resources
[ok] Patched Deployment resources
[ok] Verified Deployment template resources: requests={'cpu': '300m', 'memory': '50Mi'} limits={'cpu': '393m', 'memory': '56Mi'}
[info] Scaling deployment to 0 replicas to force full pod replacement
[ok] Verified Deployment template resources: requests={'cpu': '1500m', 'memory': '400Mi'} limits={'cpu': '4148m', 'memory': '484Mi'}
[info] Scaling deployment to 0 replicas to force full pod replacement
[ok] All pods terminated (replicas=0)
[info] Scaling deployment back to 17 replicas
[ok] All pods terminated (replicas=0)
[info] Scaling deployment back to 49 replicas
[ok] Rollout completed after scale-to-zero
[verify] newest RS=newdeploy-ml-image-processing-default-a616-8254b24ce685-7c58898d68 pods=17 ready=17
[ok] Verified newest ReplicaSet template resources match expected
[ok] Rollout completed after scale-to-zero
[verify] newest RS=newdeploy-ml-object-detection-default-beef-7bcaa92aa890-5f4b8d8c68 pods=49 ready=49
[ok] Verified newest ReplicaSet template resources match expected
[info] Started Locust with PID 3438980
[info] start sleep for 30s
[info] sleep done
\Start sampling in parallel...
Workflow e2e p99 latency (60 completed in 16.6s, parallel, 8 workers): 3.193s
Average stage latencies:
  - ml-image-processing: 0.228s
  - ml-object-detection: 0.221s
================================================================================
objective      : price
resource_config: [{'cpu_m': 393, 'memory_mi': 56}, {'cpu_m': 4148, 'memory_mi': 484}], latencies: {'ml-image-processing': 0.22774804432410747, 'ml-object-detection': 0.2210082348436117}, price_cost: 8101.593868, energy_cost: 423.255266, latency_p99 : 3.192765
wall_time_s    : 79.313
================================================================================

[info] Locust stopped
Updating function ml-image-processing to cpu: 405m, memory: 58Mi
Updating Deployment resource configuration...

Updating function ml-object-detection to cpu: 4329m, memory: 445Mi
Updating Deployment resource configuration...

[info] Original replicas=17, selector='environmentName=ml-image-processing,environmentNamespace=default,environmentUid=8dcaa936-04ed-49cf-8ddf-36cdc234cbfd,executorType=newdeploy,functionName=ml-image-processing,functionNamespace=default,functionUid=d8529cac-3c02-4647-a616-8254b24ce685'
[info] Original replicas=49, selector='environmentName=yolo,environmentNamespace=default,environmentUid=4b5fef2f-7951-477c-a9c0-ef0af047a425,executorType=newdeploy,functionName=ml-object-detection,functionNamespace=default,functionUid=dc6d8a52-8de2-4fbb-beef-7bcaa92aa890'
[ok] Patched Deployment resources
[ok] Patched Deployment resources
[ok] Verified Deployment template resources: requests={'cpu': '300m', 'memory': '50Mi'} limits={'cpu': '405m', 'memory': '58Mi'}
[info] Scaling deployment to 0 replicas to force full pod replacement
[ok] Verified Deployment template resources: requests={'cpu': '1500m', 'memory': '400Mi'} limits={'cpu': '4329m', 'memory': '445Mi'}
[info] Scaling deployment to 0 replicas to force full pod replacement
[ok] All pods terminated (replicas=0)
[info] Scaling deployment back to 49 replicas
[ok] All pods terminated (replicas=0)
[info] Scaling deployment back to 17 replicas
[ok] Rollout completed after scale-to-zero
[verify] newest RS=newdeploy-ml-image-processing-default-a616-8254b24ce685-b9f7b85f4 pods=17 ready=17
[ok] Verified newest ReplicaSet template resources match expected
[ok] Rollout completed after scale-to-zero
[verify] newest RS=newdeploy-ml-object-detection-default-beef-7bcaa92aa890-65b5cd88c4 pods=49 ready=49
[ok] Verified newest ReplicaSet template resources match expected
[info] Started Locust with PID 3449646
[info] start sleep for 30s
[info] sleep done
\Start sampling in parallel...
Workflow e2e p99 latency (61 completed in 16.8s, parallel, 8 workers): 2.783s
Average stage latencies:
  - ml-image-processing: 0.220s
  - ml-object-detection: 0.217s
================================================================================
objective      : price
resource_config: [{'cpu_m': 405, 'memory_mi': 58}, {'cpu_m': 4329, 'memory_mi': 445}], latencies: {'ml-image-processing': 0.21982104327438062, 'ml-object-detection': 0.21712910620587283}, price_cost: 8290.702504, energy_cost: 425.521668, latency_p99 : 2.783298
wall_time_s    : 76.610
================================================================================

[info] Locust stopped
Updating function ml-image-processing to cpu: 539m, memory: 62Mi
Updating Deployment resource configuration...

Updating function ml-object-detection to cpu: 4407m, memory: 401Mi
Updating Deployment resource configuration...

[info] Original replicas=17, selector='environmentName=ml-image-processing,environmentNamespace=default,environmentUid=8dcaa936-04ed-49cf-8ddf-36cdc234cbfd,executorType=newdeploy,functionName=ml-image-processing,functionNamespace=default,functionUid=d8529cac-3c02-4647-a616-8254b24ce685'
[info] Original replicas=49, selector='environmentName=yolo,environmentNamespace=default,environmentUid=4b5fef2f-7951-477c-a9c0-ef0af047a425,executorType=newdeploy,functionName=ml-object-detection,functionNamespace=default,functionUid=dc6d8a52-8de2-4fbb-beef-7bcaa92aa890'
[ok] Patched Deployment resources
[ok] Patched Deployment resources
[ok] Verified Deployment template resources: requests={'cpu': '300m', 'memory': '50Mi'} limits={'cpu': '539m', 'memory': '62Mi'}
[info] Scaling deployment to 0 replicas to force full pod replacement
[ok] Verified Deployment template resources: requests={'cpu': '1500m', 'memory': '400Mi'} limits={'cpu': '4407m', 'memory': '401Mi'}
[info] Scaling deployment to 0 replicas to force full pod replacement
[ok] All pods terminated (replicas=0)
[info] Scaling deployment back to 17 replicas
[ok] All pods terminated (replicas=0)
[info] Scaling deployment back to 49 replicas
[ok] Rollout completed after scale-to-zero
[verify] newest RS=newdeploy-ml-image-processing-default-a616-8254b24ce685-5b7d8b6 pods=17 ready=17
[ok] Verified newest ReplicaSet template resources match expected
[ok] Rollout completed after scale-to-zero
[verify] newest RS=newdeploy-ml-object-detection-default-beef-7bcaa92aa890-688f49f675 pods=49 ready=49
[ok] Verified newest ReplicaSet template resources match expected
[info] Started Locust with PID 3460022
[info] start sleep for 30s
[info] sleep done
\Start sampling in parallel...
Workflow e2e p99 latency (67 completed in 16.6s, parallel, 8 workers): 2.196s
Average stage latencies:
  - ml-image-processing: 0.158s
  - ml-object-detection: 0.223s
================================================================================
objective      : price
resource_config: [{'cpu_m': 539, 'memory_mi': 62}, {'cpu_m': 4407, 'memory_mi': 401}], latencies: {'ml-image-processing': 0.15824468064108002, 'ml-object-detection': 0.223039290749593}, price_cost: 8639.138389, energy_cost: 448.964947, latency_p99 : 2.195545
wall_time_s    : 75.638
================================================================================

[info] Locust stopped
Updating function ml-image-processing to cpu: 647m, memory: 66Mi
Updating Deployment resource configuration...

Updating function ml-object-detection to cpu: 2143m, memory: 466Mi
Updating Deployment resource configuration...

[info] Original replicas=17, selector='environmentName=ml-image-processing,environmentNamespace=default,environmentUid=8dcaa936-04ed-49cf-8ddf-36cdc234cbfd,executorType=newdeploy,functionName=ml-image-processing,functionNamespace=default,functionUid=d8529cac-3c02-4647-a616-8254b24ce685'
[info] Original replicas=49, selector='environmentName=yolo,environmentNamespace=default,environmentUid=4b5fef2f-7951-477c-a9c0-ef0af047a425,executorType=newdeploy,functionName=ml-object-detection,functionNamespace=default,functionUid=dc6d8a52-8de2-4fbb-beef-7bcaa92aa890'
[ok] Patched Deployment resources
[ok] Patched Deployment resources
[ok] Verified Deployment template resources: requests={'cpu': '1500m', 'memory': '400Mi'} limits={'cpu': '2143m', 'memory': '466Mi'}
[info] Scaling deployment to 0 replicas to force full pod replacement
[ok] Verified Deployment template resources: requests={'cpu': '300m', 'memory': '50Mi'} limits={'cpu': '647m', 'memory': '66Mi'}
[info] Scaling deployment to 0 replicas to force full pod replacement
[ok] All pods terminated (replicas=0)
[info] Scaling deployment back to 49 replicas
[ok] All pods terminated (replicas=0)
[info] Scaling deployment back to 17 replicas
[ok] Rollout completed after scale-to-zero
[verify] newest RS=newdeploy-ml-image-processing-default-a616-8254b24ce685-5984c6fd6c pods=17 ready=17
[ok] Verified newest ReplicaSet template resources match expected
[ok] Rollout completed after scale-to-zero
[verify] newest RS=newdeploy-ml-object-detection-default-beef-7bcaa92aa890-7b777689bc pods=49 ready=49
[ok] Verified newest ReplicaSet template resources match expected
[info] Started Locust with PID 3470669
[info] start sleep for 30s
[info] sleep done
\Start sampling in parallel...
Workflow e2e p99 latency (49 completed in 21.3s, parallel, 8 workers): 9.000s
Average stage latencies:
  - ml-image-processing: 0.101s
  - ml-object-detection: 0.562s
================================================================================
objective      : price
resource_config: [{'cpu_m': 647, 'memory_mi': 66}, {'cpu_m': 2143, 'memory_mi': 466}], latencies: {'ml-image-processing': 0.10109925820210645, 'ml-object-detection': 0.5622485617695506}, price_cost: 10565.607755, energy_cost: 342.581625, latency_p99 : 9.000000
wall_time_s    : 79.682
================================================================================

[info] Locust stopped
Updating function ml-image-processing to cpu: 544m, memory: 67Mi
Updating Deployment resource configuration...

Updating function ml-object-detection to cpu: 5483m, memory: 507Mi
Updating Deployment resource configuration...

[info] Original replicas=49, selector='environmentName=yolo,environmentNamespace=default,environmentUid=4b5fef2f-7951-477c-a9c0-ef0af047a425,executorType=newdeploy,functionName=ml-object-detection,functionNamespace=default,functionUid=dc6d8a52-8de2-4fbb-beef-7bcaa92aa890'
[info] Original replicas=17, selector='environmentName=ml-image-processing,environmentNamespace=default,environmentUid=8dcaa936-04ed-49cf-8ddf-36cdc234cbfd,executorType=newdeploy,functionName=ml-image-processing,functionNamespace=default,functionUid=d8529cac-3c02-4647-a616-8254b24ce685'
[ok] Patched Deployment resources
[ok] Patched Deployment resources
[ok] Verified Deployment template resources: requests={'cpu': '300m', 'memory': '50Mi'} limits={'cpu': '544m', 'memory': '67Mi'}
[info] Scaling deployment to 0 replicas to force full pod replacement
[ok] Verified Deployment template resources: requests={'cpu': '1500m', 'memory': '400Mi'} limits={'cpu': '5483m', 'memory': '507Mi'}
[info] Scaling deployment to 0 replicas to force full pod replacement
[ok] All pods terminated (replicas=0)
[info] Scaling deployment back to 17 replicas
[ok] All pods terminated (replicas=0)
[info] Scaling deployment back to 49 replicas
[ok] Deleted HPA newdeploy-ml-object-detection-default-beef-7bcaa92aa890
[ok] Rollout completed after scale-to-zero
[verify] newest RS=newdeploy-ml-image-processing-default-a616-8254b24ce685-5579d6bdd8 pods=17 ready=17
[ok] Verified newest ReplicaSet template resources match expected
[ok] Rollout completed after scale-to-zero
[verify] newest RS=newdeploy-ml-object-detection-default-beef-7bcaa92aa890-c58f4d88f pods=49 ready=49
[ok] Verified newest ReplicaSet template resources match expected
[info] Started Locust with PID 3482407
[info] start sleep for 30s
[info] sleep done
\Start sampling in parallel...
Workflow e2e p99 latency (70 completed in 16.5s, parallel, 8 workers): 1.469s
Average stage latencies:
  - ml-image-processing: 0.164s
  - ml-object-detection: 0.186s
================================================================================
objective      : price
resource_config: [{'cpu_m': 544, 'memory_mi': 67}, {'cpu_m': 5483, 'memory_mi': 507}], latencies: {'ml-image-processing': 0.16352089610216872, 'ml-object-detection': 0.18554903875504222}, price_cost: 8944.812952, energy_cost: 456.501695, latency_p99 : 1.469287
wall_time_s    : 81.414
================================================================================

[info] Locust stopped
[info] Locust is not running
Starting fresh (no checkpoint at bo_model_price_20260105_120733.pt).
  initial_points = 10
  running_batches = 10
  initial_best_feasible_cost = 7523.150729405598
  initial_best_constraint = -0.160
  initial_best_resource_config = [{'cpu_m': 358, 'memory_mi': 61}, {'cpu_m': 5979, 'memory_mi': 425}]
  time_taken_for_init = 792.31 seconds
/home/cc/miniconda3/envs/faas/lib/python3.10/site-packages/botorch/acquisition/monte_carlo.py:502: NumericsWarning: qNoisyExpectedImprovement has known numerical issues that lead to suboptimal optimization performance. It is strongly recommended to simply replace

	 qNoisyExpectedImprovement 	 --> 	 qLogNoisyExpectedImprovement 

instead, which fixes the issues and has the same API. See https://arxiv.org/abs/2310.20708 for details.
  legacy_ei_numerics_warning(legacy_name=type(self).__name__)
Updating function ml-image-processing to cpu: 300m, memory: 64Mi
Updating Deployment resource configuration...

Updating function ml-object-detection to cpu: 5904m, memory: 477Mi
Updating Deployment resource configuration...

[info] Original replicas=17, selector='environmentName=ml-image-processing,environmentNamespace=default,environmentUid=8dcaa936-04ed-49cf-8ddf-36cdc234cbfd,executorType=newdeploy,functionName=ml-image-processing,functionNamespace=default,functionUid=d8529cac-3c02-4647-a616-8254b24ce685'
[info] Original replicas=49, selector='environmentName=yolo,environmentNamespace=default,environmentUid=4b5fef2f-7951-477c-a9c0-ef0af047a425,executorType=newdeploy,functionName=ml-object-detection,functionNamespace=default,functionUid=dc6d8a52-8de2-4fbb-beef-7bcaa92aa890'
[ok] Patched Deployment resources
[ok] Patched Deployment resources
[ok] Verified Deployment template resources: requests={'cpu': '1500m', 'memory': '400Mi'} limits={'cpu': '5904m', 'memory': '477Mi'}
[info] Scaling deployment to 0 replicas to force full pod replacement
[ok] Verified Deployment template resources: requests={'cpu': '300m', 'memory': '50Mi'} limits={'cpu': '300m', 'memory': '64Mi'}
[info] Scaling deployment to 0 replicas to force full pod replacement
[ok] All pods terminated (replicas=0)
[info] Scaling deployment back to 49 replicas
[ok] All pods terminated (replicas=0)
[info] Scaling deployment back to 17 replicas
[ok] Rollout completed after scale-to-zero
[verify] newest RS=newdeploy-ml-image-processing-default-a616-8254b24ce685-57cc5ccf87 pods=17 ready=17
[ok] Verified newest ReplicaSet template resources match expected
[ok] Rollout completed after scale-to-zero
[verify] newest RS=newdeploy-ml-object-detection-default-beef-7bcaa92aa890-b64494d6 pods=49 ready=49
[ok] Verified newest ReplicaSet template resources match expected
[info] Started Locust with PID 3493670
[info] start sleep for 30s
[info] sleep done
\Start sampling in parallel...
Workflow e2e p99 latency (53 completed in 16.5s, parallel, 8 workers): 3.320s
Average stage latencies:
  - ml-image-processing: 0.288s
  - ml-object-detection: 0.142s
================================================================================
objective      : price
resource_config: [{'cpu_m': 300, 'memory_mi': 64}, {'cpu_m': 5904, 'memory_mi': 477}], latencies: {'ml-image-processing': 0.2881972841865752, 'ml-object-detection': 0.1415073089565168}, price_cost: 7381.002106, energy_cost: 393.157152, latency_p99 : 3.319600
wall_time_s    : 76.762
================================================================================

[info] Locust stopped
Updating function ml-image-processing to cpu: 300m, memory: 50Mi
Updating Deployment resource configuration...

Updating function ml-object-detection to cpu: 5689m, memory: 508Mi
Updating Deployment resource configuration...

[info] Original replicas=17, selector='environmentName=ml-image-processing,environmentNamespace=default,environmentUid=8dcaa936-04ed-49cf-8ddf-36cdc234cbfd,executorType=newdeploy,functionName=ml-image-processing,functionNamespace=default,functionUid=d8529cac-3c02-4647-a616-8254b24ce685'
[info] Original replicas=49, selector='environmentName=yolo,environmentNamespace=default,environmentUid=4b5fef2f-7951-477c-a9c0-ef0af047a425,executorType=newdeploy,functionName=ml-object-detection,functionNamespace=default,functionUid=dc6d8a52-8de2-4fbb-beef-7bcaa92aa890'
[ok] Patched Deployment resources
[ok] Patched Deployment resources
[ok] Verified Deployment template resources: requests={'cpu': '1500m', 'memory': '400Mi'} limits={'cpu': '5689m', 'memory': '508Mi'}
[info] Scaling deployment to 0 replicas to force full pod replacement
[ok] Verified Deployment template resources: requests={'cpu': '300m', 'memory': '50Mi'} limits={'cpu': '300m', 'memory': '50Mi'}
[info] Scaling deployment to 0 replicas to force full pod replacement
[ok] All pods terminated (replicas=0)
[info] Scaling deployment back to 49 replicas
[ok] All pods terminated (replicas=0)
[info] Scaling deployment back to 17 replicas
[ok] Rollout completed after scale-to-zero
[verify] newest RS=newdeploy-ml-object-detection-default-beef-7bcaa92aa890-68fbc967cf pods=49 ready=49
[ok] Verified newest ReplicaSet template resources match expected
[ok] Rollout completed after scale-to-zero
[verify] newest RS=newdeploy-ml-image-processing-default-a616-8254b24ce685-5789945b5f pods=17 ready=17
[ok] Verified newest ReplicaSet template resources match expected
[info] Started Locust with PID 3504336
[info] start sleep for 30s
[info] sleep done
\Start sampling in parallel...
Workflow e2e p99 latency (53 completed in 16.7s, parallel, 8 workers): 3.229s
Average stage latencies:
  - ml-image-processing: 0.291s
  - ml-object-detection: 0.147s
================================================================================
objective      : price
resource_config: [{'cpu_m': 300, 'memory_mi': 50}, {'cpu_m': 5689, 'memory_mi': 508}], latencies: {'ml-image-processing': 0.29119548643499893, 'ml-object-detection': 0.1470423672646987}, price_cost: 7396.200603, energy_cost: 385.131687, latency_p99 : 3.228777
wall_time_s    : 73.553
================================================================================

[info] Locust stopped
Updating function ml-image-processing to cpu: 527m, memory: 59Mi
Updating Deployment resource configuration...

Updating function ml-object-detection to cpu: 5705m, memory: 492Mi
Updating Deployment resource configuration...

[info] Original replicas=17, selector='environmentName=ml-image-processing,environmentNamespace=default,environmentUid=8dcaa936-04ed-49cf-8ddf-36cdc234cbfd,executorType=newdeploy,functionName=ml-image-processing,functionNamespace=default,functionUid=d8529cac-3c02-4647-a616-8254b24ce685'
[info] Original replicas=49, selector='environmentName=yolo,environmentNamespace=default,environmentUid=4b5fef2f-7951-477c-a9c0-ef0af047a425,executorType=newdeploy,functionName=ml-object-detection,functionNamespace=default,functionUid=dc6d8a52-8de2-4fbb-beef-7bcaa92aa890'
[ok] Patched Deployment resources
[ok] Patched Deployment resources
[ok] Verified Deployment template resources: requests={'cpu': '1500m', 'memory': '400Mi'} limits={'cpu': '5705m', 'memory': '492Mi'}
[info] Scaling deployment to 0 replicas to force full pod replacement
[ok] Verified Deployment template resources: requests={'cpu': '300m', 'memory': '50Mi'} limits={'cpu': '527m', 'memory': '59Mi'}
[info] Scaling deployment to 0 replicas to force full pod replacement
[ok] All pods terminated (replicas=0)
[info] Scaling deployment back to 49 replicas
[ok] All pods terminated (replicas=0)
[info] Scaling deployment back to 17 replicas
[ok] Rollout completed after scale-to-zero
[verify] newest RS=newdeploy-ml-image-processing-default-a616-8254b24ce685-858469469d pods=17 ready=17
[ok] Verified newest ReplicaSet template resources match expected
[ok] Rollout completed after scale-to-zero
[verify] newest RS=newdeploy-ml-object-detection-default-beef-7bcaa92aa890-6dcc6cbf87 pods=49 ready=49
[ok] Verified newest ReplicaSet template resources match expected
[info] Started Locust with PID 3515896
[info] start sleep for 30s
[info] sleep done
\Start sampling in parallel...
Workflow e2e p99 latency (70 completed in 16.4s, parallel, 8 workers): 1.669s
Average stage latencies:
  - ml-image-processing: 0.154s
  - ml-object-detection: 0.174s
================================================================================
objective      : price
resource_config: [{'cpu_m': 527, 'memory_mi': 59}, {'cpu_m': 5705, 'memory_mi': 492}], latencies: {'ml-image-processing': 0.15449504885556442, 'ml-object-detection': 0.17441530617486153}, price_cost: 8728.026370, energy_cost: 452.247025, latency_p99 : 1.668656
wall_time_s    : 76.054
================================================================================

[info] Locust stopped
[info] Locust is not running
================================================================================

Batch  1: best_feasible_cost (random, qNEI) = (7523.150729405598, 7523.150729405598), best_constraint =  -0.160 (<=0 feasible), time = 236.50.
Best feasible resource configuration: [{'cpu_m': 358, 'memory_mi': 61}, {'cpu_m': 5979, 'memory_mi': 425}]

================================================================================
/home/cc/miniconda3/envs/faas/lib/python3.10/site-packages/botorch/acquisition/monte_carlo.py:502: NumericsWarning: qNoisyExpectedImprovement has known numerical issues that lead to suboptimal optimization performance. It is strongly recommended to simply replace

	 qNoisyExpectedImprovement 	 --> 	 qLogNoisyExpectedImprovement 

instead, which fixes the issues and has the same API. See https://arxiv.org/abs/2310.20708 for details.
  legacy_ei_numerics_warning(legacy_name=type(self).__name__)
Updating function ml-image-processing to cpu: 356m, memory: 54Mi
Updating Deployment resource configuration...

Updating function ml-object-detection to cpu: 5846m, memory: 458Mi
Updating Deployment resource configuration...

[info] Original replicas=17, selector='environmentName=ml-image-processing,environmentNamespace=default,environmentUid=8dcaa936-04ed-49cf-8ddf-36cdc234cbfd,executorType=newdeploy,functionName=ml-image-processing,functionNamespace=default,functionUid=d8529cac-3c02-4647-a616-8254b24ce685'
[info] Original replicas=49, selector='environmentName=yolo,environmentNamespace=default,environmentUid=4b5fef2f-7951-477c-a9c0-ef0af047a425,executorType=newdeploy,functionName=ml-object-detection,functionNamespace=default,functionUid=dc6d8a52-8de2-4fbb-beef-7bcaa92aa890'
[ok] Patched Deployment resources
[ok] Patched Deployment resources
[ok] Verified Deployment template resources: requests={'cpu': '1500m', 'memory': '400Mi'} limits={'cpu': '5846m', 'memory': '458Mi'}
[info] Scaling deployment to 0 replicas to force full pod replacement
[ok] Verified Deployment template resources: requests={'cpu': '300m', 'memory': '50Mi'} limits={'cpu': '356m', 'memory': '54Mi'}
[info] Scaling deployment to 0 replicas to force full pod replacement
[ok] All pods terminated (replicas=0)
[info] Scaling deployment back to 49 replicas
[ok] All pods terminated (replicas=0)
[info] Scaling deployment back to 17 replicas
[ok] Rollout completed after scale-to-zero
[verify] newest RS=newdeploy-ml-image-processing-default-a616-8254b24ce685-87b8db9f9 pods=17 ready=17
[ok] Verified newest ReplicaSet template resources match expected
[ok] Rollout completed after scale-to-zero
[verify] newest RS=newdeploy-ml-object-detection-default-beef-7bcaa92aa890-75bd65585c pods=49 ready=49
[ok] Verified newest ReplicaSet template resources match expected
[info] Started Locust with PID 3527280
[info] start sleep for 30s
[info] sleep done
\Start sampling in parallel...
Workflow e2e p99 latency (59 completed in 17.5s, parallel, 8 workers): 2.705s
Average stage latencies:
  - ml-image-processing: 0.243s
  - ml-object-detection: 0.154s
================================================================================
objective      : price
resource_config: [{'cpu_m': 356, 'memory_mi': 54}, {'cpu_m': 5846, 'memory_mi': 458}], latencies: {'ml-image-processing': 0.24282388148387357, 'ml-object-detection': 0.15407840092271818}, price_cost: 7935.101479, energy_cost: 408.925313, latency_p99 : 2.705483
wall_time_s    : 77.686
================================================================================

[info] Locust stopped
Updating function ml-image-processing to cpu: 800m, memory: 70Mi
Updating Deployment resource configuration...

Updating function ml-object-detection to cpu: 6000m, memory: 458Mi
Updating Deployment resource configuration...

[info] Original replicas=17, selector='environmentName=ml-image-processing,environmentNamespace=default,environmentUid=8dcaa936-04ed-49cf-8ddf-36cdc234cbfd,executorType=newdeploy,functionName=ml-image-processing,functionNamespace=default,functionUid=d8529cac-3c02-4647-a616-8254b24ce685'
[info] Original replicas=49, selector='environmentName=yolo,environmentNamespace=default,environmentUid=4b5fef2f-7951-477c-a9c0-ef0af047a425,executorType=newdeploy,functionName=ml-object-detection,functionNamespace=default,functionUid=dc6d8a52-8de2-4fbb-beef-7bcaa92aa890'
[ok] Patched Deployment resources
[ok] Patched Deployment resources
[ok] Verified Deployment template resources: requests={'cpu': '300m', 'memory': '50Mi'} limits={'cpu': '800m', 'memory': '70Mi'}
[info] Scaling deployment to 0 replicas to force full pod replacement
[ok] Verified Deployment template resources: requests={'cpu': '1500m', 'memory': '400Mi'} limits={'cpu': '6', 'memory': '458Mi'}
[info] Scaling deployment to 0 replicas to force full pod replacement
[ok] All pods terminated (replicas=0)
[info] Scaling deployment back to 17 replicas
[ok] All pods terminated (replicas=0)
[info] Scaling deployment back to 49 replicas
[ok] Rollout completed after scale-to-zero
[verify] newest RS=newdeploy-ml-image-processing-default-a616-8254b24ce685-7f5cd7b88c pods=17 ready=17
[ok] Verified newest ReplicaSet template resources match expected
[ok] Rollout completed after scale-to-zero
[verify] newest RS=newdeploy-ml-object-detection-default-beef-7bcaa92aa890-7466cf7f7d pods=49 ready=49
[ok] Verified newest ReplicaSet template resources match expected
[info] Started Locust with PID 3537683
[info] start sleep for 30s
[info] sleep done
\Start sampling in parallel...
Workflow e2e p99 latency (74 completed in 16.6s, parallel, 8 workers): 1.184s
Average stage latencies:
  - ml-image-processing: 0.113s
  - ml-object-detection: 0.164s
================================================================================
objective      : price
resource_config: [{'cpu_m': 800, 'memory_mi': 70}, {'cpu_m': 6000, 'memory_mi': 458}], latencies: {'ml-image-processing': 0.11348653951584287, 'ml-object-detection': 0.16423671422022823}, price_cost: 8667.415336, energy_cost: 468.246388, latency_p99 : 1.183721
wall_time_s    : 75.879
================================================================================

[info] Locust stopped
Updating function ml-image-processing to cpu: 300m, memory: 50Mi
Updating Deployment resource configuration...

Updating function ml-object-detection to cpu: 5485m, memory: 441Mi
Updating Deployment resource configuration...

[info] Original replicas=49, selector='environmentName=yolo,environmentNamespace=default,environmentUid=4b5fef2f-7951-477c-a9c0-ef0af047a425,executorType=newdeploy,functionName=ml-object-detection,functionNamespace=default,functionUid=dc6d8a52-8de2-4fbb-beef-7bcaa92aa890'
[info] Original replicas=17, selector='environmentName=ml-image-processing,environmentNamespace=default,environmentUid=8dcaa936-04ed-49cf-8ddf-36cdc234cbfd,executorType=newdeploy,functionName=ml-image-processing,functionNamespace=default,functionUid=d8529cac-3c02-4647-a616-8254b24ce685'
[ok] Patched Deployment resources
[ok] Patched Deployment resources
[ok] Verified Deployment template resources: requests={'cpu': '1500m', 'memory': '400Mi'} limits={'cpu': '5485m', 'memory': '441Mi'}
[info] Scaling deployment to 0 replicas to force full pod replacement
[ok] Verified Deployment template resources: requests={'cpu': '300m', 'memory': '50Mi'} limits={'cpu': '300m', 'memory': '50Mi'}
[info] Scaling deployment to 0 replicas to force full pod replacement
[ok] All pods terminated (replicas=0)
[info] Scaling deployment back to 49 replicas
[ok] All pods terminated (replicas=0)
[info] Scaling deployment back to 17 replicas
[ok] Rollout completed after scale-to-zero
[verify] newest RS=newdeploy-ml-image-processing-default-a616-8254b24ce685-5789945b5f pods=17 ready=17
[ok] Verified newest ReplicaSet template resources match expected
[ok] Rollout completed after scale-to-zero
[verify] newest RS=newdeploy-ml-object-detection-default-beef-7bcaa92aa890-7c87c87897 pods=49 ready=49
[ok] Verified newest ReplicaSet template resources match expected
[info] Started Locust with PID 3548078
[info] start sleep for 30s
[info] sleep done
\Start sampling in parallel...
Workflow e2e p99 latency (53 completed in 19.7s, parallel, 8 workers): 4.871s
Average stage latencies:
  - ml-image-processing: 0.292s
  - ml-object-detection: 0.142s
================================================================================
objective      : price
resource_config: [{'cpu_m': 300, 'memory_mi': 50}, {'cpu_m': 5485, 'memory_mi': 441}], latencies: {'ml-image-processing': 0.2922413799700872, 'ml-object-detection': 0.14232093739797766}, price_cost: 6916.130941, energy_cost: 384.844099, latency_p99 : 4.870778
wall_time_s    : 78.714
================================================================================

[info] Locust stopped
[info] Locust is not running
================================================================================

Batch  2: best_feasible_cost (random, qNEI) = (7523.150729405598, 7523.150729405598), best_constraint =  -0.160 (<=0 feasible), time = 241.32.
Best feasible resource configuration: [{'cpu_m': 358, 'memory_mi': 61}, {'cpu_m': 5979, 'memory_mi': 425}]

================================================================================
/home/cc/miniconda3/envs/faas/lib/python3.10/site-packages/botorch/acquisition/monte_carlo.py:502: NumericsWarning: qNoisyExpectedImprovement has known numerical issues that lead to suboptimal optimization performance. It is strongly recommended to simply replace

	 qNoisyExpectedImprovement 	 --> 	 qLogNoisyExpectedImprovement 

instead, which fixes the issues and has the same API. See https://arxiv.org/abs/2310.20708 for details.
  legacy_ei_numerics_warning(legacy_name=type(self).__name__)
Updating function ml-image-processing to cpu: 300m, memory: 51Mi
Updating Deployment resource configuration...

Updating function ml-object-detection to cpu: 6000m, memory: 452Mi
Updating Deployment resource configuration...

[info] Original replicas=49, selector='environmentName=yolo,environmentNamespace=default,environmentUid=4b5fef2f-7951-477c-a9c0-ef0af047a425,executorType=newdeploy,functionName=ml-object-detection,functionNamespace=default,functionUid=dc6d8a52-8de2-4fbb-beef-7bcaa92aa890'
[info] Original replicas=17, selector='environmentName=ml-image-processing,environmentNamespace=default,environmentUid=8dcaa936-04ed-49cf-8ddf-36cdc234cbfd,executorType=newdeploy,functionName=ml-image-processing,functionNamespace=default,functionUid=d8529cac-3c02-4647-a616-8254b24ce685'
[ok] Patched Deployment resources
[ok] Patched Deployment resources
[ok] Verified Deployment template resources: requests={'cpu': '300m', 'memory': '50Mi'} limits={'cpu': '300m', 'memory': '51Mi'}
[info] Scaling deployment to 0 replicas to force full pod replacement
[ok] Verified Deployment template resources: requests={'cpu': '1500m', 'memory': '400Mi'} limits={'cpu': '6', 'memory': '452Mi'}
[info] Scaling deployment to 0 replicas to force full pod replacement
[ok] All pods terminated (replicas=0)
[info] Scaling deployment back to 49 replicas
[ok] All pods terminated (replicas=0)
[info] Scaling deployment back to 17 replicas
[ok] Rollout completed after scale-to-zero
[verify] newest RS=newdeploy-ml-image-processing-default-a616-8254b24ce685-855c8f7897 pods=17 ready=17
[ok] Verified newest ReplicaSet template resources match expected
[ok] Rollout completed after scale-to-zero
[verify] newest RS=newdeploy-ml-object-detection-default-beef-7bcaa92aa890-d5cb87965 pods=49 ready=49
[ok] Verified newest ReplicaSet template resources match expected
[info] Started Locust with PID 3559608
[info] start sleep for 30s
[info] sleep done
\Start sampling in parallel...
Workflow e2e p99 latency (57 completed in 20.7s, parallel, 8 workers): 5.305s
Average stage latencies:
  - ml-image-processing: 0.293s
  - ml-object-detection: 0.139s
================================================================================
objective      : price
resource_config: [{'cpu_m': 300, 'memory_mi': 51}, {'cpu_m': 6000, 'memory_mi': 452}], latencies: {'ml-image-processing': 0.2927584995989475, 'ml-object-detection': 0.1390359729789851}, price_cost: 7370.946723, energy_cost: 386.035418, latency_p99 : 5.304840
wall_time_s    : 79.858
================================================================================

[info] Locust stopped
Updating function ml-image-processing to cpu: 301m, memory: 54Mi
Updating Deployment resource configuration...

Updating function ml-object-detection to cpu: 6000m, memory: 490Mi
Updating Deployment resource configuration...

[info] Original replicas=17, selector='environmentName=ml-image-processing,environmentNamespace=default,environmentUid=8dcaa936-04ed-49cf-8ddf-36cdc234cbfd,executorType=newdeploy,functionName=ml-image-processing,functionNamespace=default,functionUid=d8529cac-3c02-4647-a616-8254b24ce685'
[info] Original replicas=49, selector='environmentName=yolo,environmentNamespace=default,environmentUid=4b5fef2f-7951-477c-a9c0-ef0af047a425,executorType=newdeploy,functionName=ml-object-detection,functionNamespace=default,functionUid=dc6d8a52-8de2-4fbb-beef-7bcaa92aa890'
[ok] Patched Deployment resources
[ok] Patched Deployment resources
[ok] Verified Deployment template resources: requests={'cpu': '300m', 'memory': '50Mi'} limits={'cpu': '301m', 'memory': '54Mi'}
[info] Scaling deployment to 0 replicas to force full pod replacement
[ok] Verified Deployment template resources: requests={'cpu': '1500m', 'memory': '400Mi'} limits={'cpu': '6', 'memory': '490Mi'}
[info] Scaling deployment to 0 replicas to force full pod replacement
[ok] All pods terminated (replicas=0)
[info] Scaling deployment back to 17 replicas
[ok] All pods terminated (replicas=0)
[info] Scaling deployment back to 49 replicas
[ok] Rollout completed after scale-to-zero
[verify] newest RS=newdeploy-ml-image-processing-default-a616-8254b24ce685-6f87c65959 pods=17 ready=17
[ok] Verified newest ReplicaSet template resources match expected
[ok] Rollout completed after scale-to-zero
[verify] newest RS=newdeploy-ml-object-detection-default-beef-7bcaa92aa890-5f96f58644 pods=49 ready=49
[ok] Verified newest ReplicaSet template resources match expected
[info] Started Locust with PID 3570721
[info] start sleep for 30s
[info] sleep done
\Start sampling in parallel...
Workflow e2e p99 latency (53 completed in 16.8s, parallel, 8 workers): 4.215s
Average stage latencies:
  - ml-image-processing: 0.274s
  - ml-object-detection: 0.140s
================================================================================
objective      : price
resource_config: [{'cpu_m': 301, 'memory_mi': 54}, {'cpu_m': 6000, 'memory_mi': 490}], latencies: {'ml-image-processing': 0.27404814398900235, 'ml-object-detection': 0.14035578603627827}, price_cost: 7425.919321, energy_cost: 386.488399, latency_p99 : 4.214788
wall_time_s    : 74.426
================================================================================

[info] Locust stopped
Updating function ml-image-processing to cpu: 300m, memory: 50Mi
Updating Deployment resource configuration...

Updating function ml-object-detection to cpu: 6000m, memory: 403Mi
Updating Deployment resource configuration...

[info] Original replicas=49, selector='environmentName=yolo,environmentNamespace=default,environmentUid=4b5fef2f-7951-477c-a9c0-ef0af047a425,executorType=newdeploy,functionName=ml-object-detection,functionNamespace=default,functionUid=dc6d8a52-8de2-4fbb-beef-7bcaa92aa890'
[info] Original replicas=17, selector='environmentName=ml-image-processing,environmentNamespace=default,environmentUid=8dcaa936-04ed-49cf-8ddf-36cdc234cbfd,executorType=newdeploy,functionName=ml-image-processing,functionNamespace=default,functionUid=d8529cac-3c02-4647-a616-8254b24ce685'
[ok] Patched Deployment resources
[ok] Patched Deployment resources
[ok] Verified Deployment template resources: requests={'cpu': '300m', 'memory': '50Mi'} limits={'cpu': '300m', 'memory': '50Mi'}
[info] Scaling deployment to 0 replicas to force full pod replacement
[ok] Verified Deployment template resources: requests={'cpu': '1500m', 'memory': '400Mi'} limits={'cpu': '6', 'memory': '403Mi'}
[info] Scaling deployment to 0 replicas to force full pod replacement
[ok] All pods terminated (replicas=0)
[info] Scaling deployment back to 17 replicas
[ok] All pods terminated (replicas=0)
[info] Scaling deployment back to 49 replicas
[ok] Rollout completed after scale-to-zero
[verify] newest RS=newdeploy-ml-image-processing-default-a616-8254b24ce685-5789945b5f pods=17 ready=17
[ok] Verified newest ReplicaSet template resources match expected
[ok] Rollout completed after scale-to-zero
[verify] newest RS=newdeploy-ml-object-detection-default-beef-7bcaa92aa890-66cfb6cc9b pods=49 ready=49
[ok] Verified newest ReplicaSet template resources match expected
[info] Started Locust with PID 3581475
[info] start sleep for 30s
[info] sleep done
\Start sampling in parallel...
Workflow e2e p99 latency (52 completed in 16.8s, parallel, 8 workers): 4.035s
Average stage latencies:
  - ml-image-processing: 0.270s
  - ml-object-detection: 0.143s
================================================================================
objective      : price
resource_config: [{'cpu_m': 300, 'memory_mi': 50}, {'cpu_m': 6000, 'memory_mi': 403}], latencies: {'ml-image-processing': 0.2695058876773916, 'ml-object-detection': 0.1432519189726848}, price_cost: 7561.476018, energy_cost: 387.293883, latency_p99 : 4.035251
wall_time_s    : 76.467
================================================================================

[info] Locust stopped
[info] Locust is not running
================================================================================

Batch  3: best_feasible_cost (random, qNEI) = (7523.150729405598, 7523.150729405598), best_constraint =  -0.160 (<=0 feasible), time = 238.60.
Best feasible resource configuration: [{'cpu_m': 358, 'memory_mi': 61}, {'cpu_m': 5979, 'memory_mi': 425}]

================================================================================
/home/cc/miniconda3/envs/faas/lib/python3.10/site-packages/botorch/acquisition/monte_carlo.py:502: NumericsWarning: qNoisyExpectedImprovement has known numerical issues that lead to suboptimal optimization performance. It is strongly recommended to simply replace

	 qNoisyExpectedImprovement 	 --> 	 qLogNoisyExpectedImprovement 

instead, which fixes the issues and has the same API. See https://arxiv.org/abs/2310.20708 for details.
  legacy_ei_numerics_warning(legacy_name=type(self).__name__)
Updating function ml-image-processing to cpu: 541m, memory: 59Mi
Updating Deployment resource configuration...

Updating function ml-object-detection to cpu: 5619m, memory: 512Mi
Updating Deployment resource configuration...

[info] Original replicas=17, selector='environmentName=ml-image-processing,environmentNamespace=default,environmentUid=8dcaa936-04ed-49cf-8ddf-36cdc234cbfd,executorType=newdeploy,functionName=ml-image-processing,functionNamespace=default,functionUid=d8529cac-3c02-4647-a616-8254b24ce685'
[info] Original replicas=49, selector='environmentName=yolo,environmentNamespace=default,environmentUid=4b5fef2f-7951-477c-a9c0-ef0af047a425,executorType=newdeploy,functionName=ml-object-detection,functionNamespace=default,functionUid=dc6d8a52-8de2-4fbb-beef-7bcaa92aa890'
[ok] Patched Deployment resources
[ok] Patched Deployment resources
[ok] Verified Deployment template resources: requests={'cpu': '1500m', 'memory': '400Mi'} limits={'cpu': '5619m', 'memory': '512Mi'}
[info] Scaling deployment to 0 replicas to force full pod replacement
[ok] Verified Deployment template resources: requests={'cpu': '300m', 'memory': '50Mi'} limits={'cpu': '541m', 'memory': '59Mi'}
[info] Scaling deployment to 0 replicas to force full pod replacement
[ok] All pods terminated (replicas=0)
[info] Scaling deployment back to 17 replicas
[ok] All pods terminated (replicas=0)
[info] Scaling deployment back to 49 replicas
[ok] Rollout completed after scale-to-zero
[verify] newest RS=newdeploy-ml-image-processing-default-a616-8254b24ce685-f4b8dc6fd pods=17 ready=17
[ok] Verified newest ReplicaSet template resources match expected
[ok] Rollout completed after scale-to-zero
[verify] newest RS=newdeploy-ml-object-detection-default-beef-7bcaa92aa890-5f459b55d4 pods=49 ready=49
[ok] Verified newest ReplicaSet template resources match expected
[info] Started Locust with PID 3593134
[info] start sleep for 30s
[info] sleep done
\Start sampling in parallel...
Workflow e2e p99 latency (69 completed in 16.3s, parallel, 8 workers): 1.721s
Average stage latencies:
  - ml-image-processing: 0.153s
  - ml-object-detection: 0.176s
================================================================================
objective      : price
resource_config: [{'cpu_m': 541, 'memory_mi': 59}, {'cpu_m': 5619, 'memory_mi': 512}], latencies: {'ml-image-processing': 0.15290601221520617, 'ml-object-detection': 0.17639993418655966}, price_cost: 8701.934210, energy_cost: 451.836510, latency_p99 : 1.720529
wall_time_s    : 74.689
================================================================================

[info] Locust stopped
Updating function ml-image-processing to cpu: 300m, memory: 64Mi
Updating Deployment resource configuration...

Updating function ml-object-detection to cpu: 5281m, memory: 511Mi
Updating Deployment resource configuration...

[info] Original replicas=49, selector='environmentName=yolo,environmentNamespace=default,environmentUid=4b5fef2f-7951-477c-a9c0-ef0af047a425,executorType=newdeploy,functionName=ml-object-detection,functionNamespace=default,functionUid=dc6d8a52-8de2-4fbb-beef-7bcaa92aa890'
[info] Original replicas=17, selector='environmentName=ml-image-processing,environmentNamespace=default,environmentUid=8dcaa936-04ed-49cf-8ddf-36cdc234cbfd,executorType=newdeploy,functionName=ml-image-processing,functionNamespace=default,functionUid=d8529cac-3c02-4647-a616-8254b24ce685'
[ok] Patched Deployment resources
[ok] Patched Deployment resources
[ok] Verified Deployment template resources: requests={'cpu': '300m', 'memory': '50Mi'} limits={'cpu': '300m', 'memory': '64Mi'}
[info] Scaling deployment to 0 replicas to force full pod replacement
[ok] Verified Deployment template resources: requests={'cpu': '1500m', 'memory': '400Mi'} limits={'cpu': '5281m', 'memory': '511Mi'}
[info] Scaling deployment to 0 replicas to force full pod replacement
[ok] All pods terminated (replicas=0)
[info] Scaling deployment back to 17 replicas
[ok] All pods terminated (replicas=0)
[info] Scaling deployment back to 49 replicas
[ok] Rollout completed after scale-to-zero
[verify] newest RS=newdeploy-ml-image-processing-default-a616-8254b24ce685-57cc5ccf87 pods=17 ready=17
[ok] Verified newest ReplicaSet template resources match expected
[ok] Rollout completed after scale-to-zero
[verify] newest RS=newdeploy-ml-object-detection-default-beef-7bcaa92aa890-6bc99fc795 pods=49 ready=49
[ok] Verified newest ReplicaSet template resources match expected
[info] Started Locust with PID 3603576
[info] start sleep for 30s
[info] sleep done
\Start sampling in parallel...
Workflow e2e p99 latency (50 completed in 17.9s, parallel, 8 workers): 4.483s
Average stage latencies:
  - ml-image-processing: 0.295s
  - ml-object-detection: 0.147s
================================================================================
objective      : price
resource_config: [{'cpu_m': 300, 'memory_mi': 64}, {'cpu_m': 5281, 'memory_mi': 511}], latencies: {'ml-image-processing': 0.2954546940978616, 'ml-object-detection': 0.14680701391771436}, price_cost: 6881.962174, energy_cost: 377.214936, latency_p99 : 4.482851
wall_time_s    : 77.164
================================================================================

[info] Locust stopped
Updating function ml-image-processing to cpu: 300m, memory: 70Mi
Updating Deployment resource configuration...

Updating function ml-object-detection to cpu: 5763m, memory: 464Mi
Updating Deployment resource configuration...

[info] Original replicas=49, selector='environmentName=yolo,environmentNamespace=default,environmentUid=4b5fef2f-7951-477c-a9c0-ef0af047a425,executorType=newdeploy,functionName=ml-object-detection,functionNamespace=default,functionUid=dc6d8a52-8de2-4fbb-beef-7bcaa92aa890'
[info] Original replicas=17, selector='environmentName=ml-image-processing,environmentNamespace=default,environmentUid=8dcaa936-04ed-49cf-8ddf-36cdc234cbfd,executorType=newdeploy,functionName=ml-image-processing,functionNamespace=default,functionUid=d8529cac-3c02-4647-a616-8254b24ce685'
[ok] Patched Deployment resources
[ok] Patched Deployment resources
[ok] Verified Deployment template resources: requests={'cpu': '300m', 'memory': '50Mi'} limits={'cpu': '300m', 'memory': '70Mi'}
[info] Scaling deployment to 0 replicas to force full pod replacement
[ok] Verified Deployment template resources: requests={'cpu': '1500m', 'memory': '400Mi'} limits={'cpu': '5763m', 'memory': '464Mi'}
[info] Scaling deployment to 0 replicas to force full pod replacement
[ok] All pods terminated (replicas=0)
[info] Scaling deployment back to 17 replicas
[ok] All pods terminated (replicas=0)
[info] Scaling deployment back to 49 replicas
[ok] Rollout completed after scale-to-zero
[verify] newest RS=newdeploy-ml-image-processing-default-a616-8254b24ce685-747497c47c pods=17 ready=17
[ok] Verified newest ReplicaSet template resources match expected
[ok] Rollout completed after scale-to-zero
[verify] newest RS=newdeploy-ml-object-detection-default-beef-7bcaa92aa890-68f7488f6 pods=49 ready=49
[ok] Verified newest ReplicaSet template resources match expected
[info] Started Locust with PID 3614964
[info] start sleep for 30s
[info] sleep done
\Start sampling in parallel...
Workflow e2e p99 latency (52 completed in 18.5s, parallel, 8 workers): 3.962s
Average stage latencies:
  - ml-image-processing: 0.283s
  - ml-object-detection: 0.144s
================================================================================
objective      : price
resource_config: [{'cpu_m': 300, 'memory_mi': 70}, {'cpu_m': 5763, 'memory_mi': 464}], latencies: {'ml-image-processing': 0.2830670240084426, 'ml-object-detection': 0.1444212635531305}, price_cost: 7349.686010, energy_cost: 387.429566, latency_p99 : 3.961668
wall_time_s    : 78.381
================================================================================

[info] Locust stopped
[info] Locust is not running
================================================================================

Batch  4: best_feasible_cost (random, qNEI) = (7523.150729405598, 7523.150729405598), best_constraint =  -0.160 (<=0 feasible), time = 241.19.
Best feasible resource configuration: [{'cpu_m': 358, 'memory_mi': 61}, {'cpu_m': 5979, 'memory_mi': 425}]

================================================================================
/home/cc/miniconda3/envs/faas/lib/python3.10/site-packages/botorch/acquisition/monte_carlo.py:502: NumericsWarning: qNoisyExpectedImprovement has known numerical issues that lead to suboptimal optimization performance. It is strongly recommended to simply replace

	 qNoisyExpectedImprovement 	 --> 	 qLogNoisyExpectedImprovement 

instead, which fixes the issues and has the same API. See https://arxiv.org/abs/2310.20708 for details.
  legacy_ei_numerics_warning(legacy_name=type(self).__name__)
Updating function ml-image-processing to cpu: 300m, memory: 66Mi
Updating Deployment resource configuration...

Updating function ml-object-detection to cpu: 4490m, memory: 456Mi
Updating Deployment resource configuration...

[info] Original replicas=17, selector='environmentName=ml-image-processing,environmentNamespace=default,environmentUid=8dcaa936-04ed-49cf-8ddf-36cdc234cbfd,executorType=newdeploy,functionName=ml-image-processing,functionNamespace=default,functionUid=d8529cac-3c02-4647-a616-8254b24ce685'
[info] Original replicas=49, selector='environmentName=yolo,environmentNamespace=default,environmentUid=4b5fef2f-7951-477c-a9c0-ef0af047a425,executorType=newdeploy,functionName=ml-object-detection,functionNamespace=default,functionUid=dc6d8a52-8de2-4fbb-beef-7bcaa92aa890'
[ok] Patched Deployment resources
[ok] Patched Deployment resources
[ok] Verified Deployment template resources: requests={'cpu': '300m', 'memory': '50Mi'} limits={'cpu': '300m', 'memory': '66Mi'}
[info] Scaling deployment to 0 replicas to force full pod replacement
[ok] Verified Deployment template resources: requests={'cpu': '1500m', 'memory': '400Mi'} limits={'cpu': '4490m', 'memory': '456Mi'}
[info] Scaling deployment to 0 replicas to force full pod replacement
[ok] All pods terminated (replicas=0)
[info] Scaling deployment back to 17 replicas
[ok] All pods terminated (replicas=0)
[info] Scaling deployment back to 49 replicas
[ok] Rollout completed after scale-to-zero
[verify] newest RS=newdeploy-ml-image-processing-default-a616-8254b24ce685-78bdffdc5 pods=17 ready=17
[ok] Verified newest ReplicaSet template resources match expected
[ok] Rollout completed after scale-to-zero
[verify] newest RS=newdeploy-ml-object-detection-default-beef-7bcaa92aa890-7d8d495865 pods=49 ready=49
[ok] Verified newest ReplicaSet template resources match expected
[info] Started Locust with PID 3626588
[info] start sleep for 30s
[info] sleep done
\Start sampling in parallel...
Workflow e2e p99 latency (54 completed in 18.1s, parallel, 8 workers): 3.591s
Average stage latencies:
  - ml-image-processing: 0.300s
  - ml-object-detection: 0.184s
================================================================================
objective      : price
resource_config: [{'cpu_m': 300, 'memory_mi': 66}, {'cpu_m': 4490, 'memory_mi': 456}], latencies: {'ml-image-processing': 0.3004348439733601, 'ml-object-detection': 0.1835218132387295}, price_cost: 7304.815069, energy_cost: 389.771366, latency_p99 : 3.590860
wall_time_s    : 77.632
================================================================================

[info] Locust stopped
Updating function ml-image-processing to cpu: 372m, memory: 70Mi
Updating Deployment resource configuration...

Updating function ml-object-detection to cpu: 5760m, memory: 463Mi
Updating Deployment resource configuration...

[info] Original replicas=17, selector='environmentName=ml-image-processing,environmentNamespace=default,environmentUid=8dcaa936-04ed-49cf-8ddf-36cdc234cbfd,executorType=newdeploy,functionName=ml-image-processing,functionNamespace=default,functionUid=d8529cac-3c02-4647-a616-8254b24ce685'
[info] Original replicas=49, selector='environmentName=yolo,environmentNamespace=default,environmentUid=4b5fef2f-7951-477c-a9c0-ef0af047a425,executorType=newdeploy,functionName=ml-object-detection,functionNamespace=default,functionUid=dc6d8a52-8de2-4fbb-beef-7bcaa92aa890'
[ok] Patched Deployment resources
[ok] Patched Deployment resources
[ok] Verified Deployment template resources: requests={'cpu': '1500m', 'memory': '400Mi'} limits={'cpu': '5760m', 'memory': '463Mi'}
[info] Scaling deployment to 0 replicas to force full pod replacement
[ok] Verified Deployment template resources: requests={'cpu': '300m', 'memory': '50Mi'} limits={'cpu': '372m', 'memory': '70Mi'}
[info] Scaling deployment to 0 replicas to force full pod replacement
[ok] All pods terminated (replicas=0)
[info] Scaling deployment back to 49 replicas
[ok] All pods terminated (replicas=0)
[info] Scaling deployment back to 17 replicas
[ok] Rollout completed after scale-to-zero
[verify] newest RS=newdeploy-ml-image-processing-default-a616-8254b24ce685-69c8fbcc99 pods=17 ready=17
[ok] Verified newest ReplicaSet template resources match expected
[ok] Rollout completed after scale-to-zero
[verify] newest RS=newdeploy-ml-object-detection-default-beef-7bcaa92aa890-6d668dc8f6 pods=49 ready=49
[ok] Verified newest ReplicaSet template resources match expected
[info] Started Locust with PID 3637011
[info] start sleep for 30s
[info] sleep done
\Start sampling in parallel...
Workflow e2e p99 latency (62 completed in 17.2s, parallel, 8 workers): 2.601s
Average stage latencies:
  - ml-image-processing: 0.241s
  - ml-object-detection: 0.156s
================================================================================
objective      : price
resource_config: [{'cpu_m': 372, 'memory_mi': 70}, {'cpu_m': 5760, 'memory_mi': 463}], latencies: {'ml-image-processing': 0.24069616058841348, 'ml-object-detection': 0.15633780380801088}, price_cost: 7944.070508, energy_cost: 416.368718, latency_p99 : 2.601018
wall_time_s    : 73.622
================================================================================

[info] Locust stopped
Updating function ml-image-processing to cpu: 660m, memory: 50Mi
Updating Deployment resource configuration...

Updating function ml-object-detection to cpu: 6000m, memory: 400Mi
Updating Deployment resource configuration...

[info] Original replicas=49, selector='environmentName=yolo,environmentNamespace=default,environmentUid=4b5fef2f-7951-477c-a9c0-ef0af047a425,executorType=newdeploy,functionName=ml-object-detection,functionNamespace=default,functionUid=dc6d8a52-8de2-4fbb-beef-7bcaa92aa890'
[info] Original replicas=17, selector='environmentName=ml-image-processing,environmentNamespace=default,environmentUid=8dcaa936-04ed-49cf-8ddf-36cdc234cbfd,executorType=newdeploy,functionName=ml-image-processing,functionNamespace=default,functionUid=d8529cac-3c02-4647-a616-8254b24ce685'
[ok] Patched Deployment resources
[ok] Patched Deployment resources
[ok] Verified Deployment template resources: requests={'cpu': '1500m', 'memory': '400Mi'} limits={'cpu': '6', 'memory': '400Mi'}
[info] Scaling deployment to 0 replicas to force full pod replacement
[ok] Verified Deployment template resources: requests={'cpu': '300m', 'memory': '50Mi'} limits={'cpu': '660m', 'memory': '50Mi'}
[info] Scaling deployment to 0 replicas to force full pod replacement
[ok] All pods terminated (replicas=0)
[info] Scaling deployment back to 49 replicas
[ok] All pods terminated (replicas=0)
[info] Scaling deployment back to 17 replicas
[ok] Rollout completed after scale-to-zero
[verify] newest RS=newdeploy-ml-image-processing-default-a616-8254b24ce685-79f7fbddf pods=17 ready=17
[ok] Verified newest ReplicaSet template resources match expected
[ok] Rollout completed after scale-to-zero
[verify] newest RS=newdeploy-ml-object-detection-default-beef-7bcaa92aa890-554d8556d5 pods=49 ready=49
[ok] Verified newest ReplicaSet template resources match expected
[info] Started Locust with PID 3647500
[info] start sleep for 30s
[info] sleep done
\Start sampling in parallel...
Workflow e2e p99 latency (72 completed in 16.3s, parallel, 8 workers): 1.404s
Average stage latencies:
  - ml-image-processing: 0.137s
  - ml-object-detection: 0.173s
================================================================================
objective      : price
resource_config: [{'cpu_m': 660, 'memory_mi': 50}, {'cpu_m': 6000, 'memory_mi': 400}], latencies: {'ml-image-processing': 0.13664669420621875, 'ml-object-detection': 0.17252935035826844}, price_cost: 9083.449267, energy_cost: 463.640533, latency_p99 : 1.403671
wall_time_s    : 76.852
================================================================================

[info] Locust stopped
[info] Locust is not running
================================================================================

Batch  5: best_feasible_cost (random, qNEI) = (7523.150729405598, 7523.150729405598), best_constraint =  -0.160 (<=0 feasible), time = 236.60.
Best feasible resource configuration: [{'cpu_m': 358, 'memory_mi': 61}, {'cpu_m': 5979, 'memory_mi': 425}]

================================================================================
/home/cc/miniconda3/envs/faas/lib/python3.10/site-packages/botorch/acquisition/monte_carlo.py:502: NumericsWarning: qNoisyExpectedImprovement has known numerical issues that lead to suboptimal optimization performance. It is strongly recommended to simply replace

	 qNoisyExpectedImprovement 	 --> 	 qLogNoisyExpectedImprovement 

instead, which fixes the issues and has the same API. See https://arxiv.org/abs/2310.20708 for details.
  legacy_ei_numerics_warning(legacy_name=type(self).__name__)
Updating function ml-image-processing to cpu: 331m, memory: 59Mi
Updating Deployment resource configuration...

Updating function ml-object-detection to cpu: 4514m, memory: 512Mi
Updating Deployment resource configuration...

[info] Original replicas=17, selector='environmentName=ml-image-processing,environmentNamespace=default,environmentUid=8dcaa936-04ed-49cf-8ddf-36cdc234cbfd,executorType=newdeploy,functionName=ml-image-processing,functionNamespace=default,functionUid=d8529cac-3c02-4647-a616-8254b24ce685'
[info] Original replicas=49, selector='environmentName=yolo,environmentNamespace=default,environmentUid=4b5fef2f-7951-477c-a9c0-ef0af047a425,executorType=newdeploy,functionName=ml-object-detection,functionNamespace=default,functionUid=dc6d8a52-8de2-4fbb-beef-7bcaa92aa890'
[ok] Patched Deployment resources
[ok] Patched Deployment resources
[ok] Verified Deployment template resources: requests={'cpu': '1500m', 'memory': '400Mi'} limits={'cpu': '4514m', 'memory': '512Mi'}
[info] Scaling deployment to 0 replicas to force full pod replacement
[ok] Verified Deployment template resources: requests={'cpu': '300m', 'memory': '50Mi'} limits={'cpu': '331m', 'memory': '59Mi'}
[info] Scaling deployment to 0 replicas to force full pod replacement
[ok] All pods terminated (replicas=0)
[info] Scaling deployment back to 49 replicas
[ok] All pods terminated (replicas=0)
[info] Scaling deployment back to 17 replicas
[ok] Rollout completed after scale-to-zero
[verify] newest RS=newdeploy-ml-image-processing-default-a616-8254b24ce685-5f99447564 pods=17 ready=17
[ok] Verified newest ReplicaSet template resources match expected
[ok] Rollout completed after scale-to-zero
[verify] newest RS=newdeploy-ml-object-detection-default-beef-7bcaa92aa890-8597587b88 pods=49 ready=49
[ok] Verified newest ReplicaSet template resources match expected
[info] Started Locust with PID 3658764
[info] start sleep for 30s
[info] sleep done
\Start sampling in parallel...
Workflow e2e p99 latency (56 completed in 18.2s, parallel, 8 workers): 2.690s
Average stage latencies:
  - ml-image-processing: 0.271s
  - ml-object-detection: 0.195s
================================================================================
objective      : price
resource_config: [{'cpu_m': 331, 'memory_mi': 59}, {'cpu_m': 4514, 'memory_mi': 512}], latencies: {'ml-image-processing': 0.2714084186674362, 'ml-object-detection': 0.19461418933600985}, price_cost: 7774.557673, energy_cost: 402.097175, latency_p99 : 2.690468
wall_time_s    : 77.780
================================================================================

[info] Locust stopped
Updating function ml-image-processing to cpu: 596m, memory: 66Mi
Updating Deployment resource configuration...

Updating function ml-object-detection to cpu: 6000m, memory: 499Mi
Updating Deployment resource configuration...

[info] Original replicas=17, selector='environmentName=ml-image-processing,environmentNamespace=default,environmentUid=8dcaa936-04ed-49cf-8ddf-36cdc234cbfd,executorType=newdeploy,functionName=ml-image-processing,functionNamespace=default,functionUid=d8529cac-3c02-4647-a616-8254b24ce685'
[info] Original replicas=49, selector='environmentName=yolo,environmentNamespace=default,environmentUid=4b5fef2f-7951-477c-a9c0-ef0af047a425,executorType=newdeploy,functionName=ml-object-detection,functionNamespace=default,functionUid=dc6d8a52-8de2-4fbb-beef-7bcaa92aa890'
[ok] Patched Deployment resources
[ok] Patched Deployment resources
[ok] Verified Deployment template resources: requests={'cpu': '1500m', 'memory': '400Mi'} limits={'cpu': '6', 'memory': '499Mi'}
[info] Scaling deployment to 0 replicas to force full pod replacement
[ok] Verified Deployment template resources: requests={'cpu': '300m', 'memory': '50Mi'} limits={'cpu': '596m', 'memory': '66Mi'}
[info] Scaling deployment to 0 replicas to force full pod replacement
[ok] All pods terminated (replicas=0)
[info] Scaling deployment back to 17 replicas
[ok] All pods terminated (replicas=0)
[info] Scaling deployment back to 49 replicas
[ok] Rollout completed after scale-to-zero
[verify] newest RS=newdeploy-ml-image-processing-default-a616-8254b24ce685-8f8f55997 pods=17 ready=17
[ok] Verified newest ReplicaSet template resources match expected
[ok] Rollout completed after scale-to-zero
[verify] newest RS=newdeploy-ml-object-detection-default-beef-7bcaa92aa890-8b7f5d744 pods=49 ready=49
[ok] Verified newest ReplicaSet template resources match expected
[info] Started Locust with PID 3669462
[info] start sleep for 30s
[info] sleep done
\Start sampling in parallel...
Workflow e2e p99 latency (72 completed in 16.8s, parallel, 8 workers): 1.676s
Average stage latencies:
  - ml-image-processing: 0.140s
  - ml-object-detection: 0.165s
================================================================================
objective      : price
resource_config: [{'cpu_m': 596, 'memory_mi': 66}, {'cpu_m': 6000, 'memory_mi': 499}], latencies: {'ml-image-processing': 0.14023892919714046, 'ml-object-detection': 0.16524354073529443}, price_cost: 8702.064743, energy_cost: 455.435745, latency_p99 : 1.675548
wall_time_s    : 76.761
================================================================================

[info] Locust stopped
Updating function ml-image-processing to cpu: 300m, memory: 70Mi
Updating Deployment resource configuration...

Updating function ml-object-detection to cpu: 4369m, memory: 406Mi
Updating Deployment resource configuration...

[info] Original replicas=17, selector='environmentName=ml-image-processing,environmentNamespace=default,environmentUid=8dcaa936-04ed-49cf-8ddf-36cdc234cbfd,executorType=newdeploy,functionName=ml-image-processing,functionNamespace=default,functionUid=d8529cac-3c02-4647-a616-8254b24ce685'
[info] Original replicas=49, selector='environmentName=yolo,environmentNamespace=default,environmentUid=4b5fef2f-7951-477c-a9c0-ef0af047a425,executorType=newdeploy,functionName=ml-object-detection,functionNamespace=default,functionUid=dc6d8a52-8de2-4fbb-beef-7bcaa92aa890'
[ok] Patched Deployment resources
[ok] Patched Deployment resources
[ok] Verified Deployment template resources: requests={'cpu': '1500m', 'memory': '400Mi'} limits={'cpu': '4369m', 'memory': '406Mi'}
[info] Scaling deployment to 0 replicas to force full pod replacement
[ok] Verified Deployment template resources: requests={'cpu': '300m', 'memory': '50Mi'} limits={'cpu': '300m', 'memory': '70Mi'}
[info] Scaling deployment to 0 replicas to force full pod replacement
[ok] All pods terminated (replicas=0)
[info] Scaling deployment back to 17 replicas
[ok] All pods terminated (replicas=0)
[info] Scaling deployment back to 49 replicas
[ok] Rollout completed after scale-to-zero
[verify] newest RS=newdeploy-ml-image-processing-default-a616-8254b24ce685-747497c47c pods=17 ready=17
[ok] Verified newest ReplicaSet template resources match expected
[ok] Rollout completed after scale-to-zero
[verify] newest RS=newdeploy-ml-object-detection-default-beef-7bcaa92aa890-7f7d8bb569 pods=49 ready=49
[ok] Verified newest ReplicaSet template resources match expected
[info] Started Locust with PID 3680020
[info] start sleep for 30s
[info] sleep done
\Start sampling in parallel...
Workflow e2e p99 latency (51 completed in 18.2s, parallel, 8 workers): 3.371s
Average stage latencies:
  - ml-image-processing: 0.297s
  - ml-object-detection: 0.197s
================================================================================
objective      : price
resource_config: [{'cpu_m': 300, 'memory_mi': 70}, {'cpu_m': 4369, 'memory_mi': 406}], latencies: {'ml-image-processing': 0.29718883286285047, 'ml-object-detection': 0.19670015170841532}, price_cost: 7599.680816, energy_cost: 393.045358, latency_p99 : 3.371089
wall_time_s    : 76.281
================================================================================

[info] Locust stopped
[info] Locust is not running
================================================================================

Batch  6: best_feasible_cost (random, qNEI) = (7523.150729405598, 7523.150729405598), best_constraint =  -0.160 (<=0 feasible), time = 240.55.
Best feasible resource configuration: [{'cpu_m': 358, 'memory_mi': 61}, {'cpu_m': 5979, 'memory_mi': 425}]

================================================================================
/home/cc/miniconda3/envs/faas/lib/python3.10/site-packages/botorch/acquisition/monte_carlo.py:502: NumericsWarning: qNoisyExpectedImprovement has known numerical issues that lead to suboptimal optimization performance. It is strongly recommended to simply replace

	 qNoisyExpectedImprovement 	 --> 	 qLogNoisyExpectedImprovement 

instead, which fixes the issues and has the same API. See https://arxiv.org/abs/2310.20708 for details.
  legacy_ei_numerics_warning(legacy_name=type(self).__name__)
Updating function ml-image-processing to cpu: 300m, memory: 50Mi
Updating Deployment resource configuration...

Updating function ml-object-detection to cpu: 4426m, memory: 400Mi
Updating Deployment resource configuration...

[info] Original replicas=17, selector='environmentName=ml-image-processing,environmentNamespace=default,environmentUid=8dcaa936-04ed-49cf-8ddf-36cdc234cbfd,executorType=newdeploy,functionName=ml-image-processing,functionNamespace=default,functionUid=d8529cac-3c02-4647-a616-8254b24ce685'
[info] Original replicas=49, selector='environmentName=yolo,environmentNamespace=default,environmentUid=4b5fef2f-7951-477c-a9c0-ef0af047a425,executorType=newdeploy,functionName=ml-object-detection,functionNamespace=default,functionUid=dc6d8a52-8de2-4fbb-beef-7bcaa92aa890'
[ok] Patched Deployment resources
[ok] Patched Deployment resources
[ok] Verified Deployment template resources: requests={'cpu': '1500m', 'memory': '400Mi'} limits={'cpu': '4426m', 'memory': '400Mi'}
[info] Scaling deployment to 0 replicas to force full pod replacement
[ok] Verified Deployment template resources: requests={'cpu': '300m', 'memory': '50Mi'} limits={'cpu': '300m', 'memory': '50Mi'}
[info] Scaling deployment to 0 replicas to force full pod replacement
[ok] All pods terminated (replicas=0)
[info] Scaling deployment back to 17 replicas
[ok] All pods terminated (replicas=0)
[info] Scaling deployment back to 49 replicas
[ok] Rollout completed after scale-to-zero
[verify] newest RS=newdeploy-ml-image-processing-default-a616-8254b24ce685-5789945b5f pods=17 ready=17
[ok] Verified newest ReplicaSet template resources match expected
[ok] Rollout completed after scale-to-zero
[verify] newest RS=newdeploy-ml-object-detection-default-beef-7bcaa92aa890-7b8bcb94d pods=49 ready=49
[ok] Verified newest ReplicaSet template resources match expected
[info] Started Locust with PID 3691230
[info] start sleep for 30s
[info] sleep done
\Start sampling in parallel...
Workflow e2e p99 latency (52 completed in 17.1s, parallel, 8 workers): 2.807s
Average stage latencies:
  - ml-image-processing: 0.300s
  - ml-object-detection: 0.195s
================================================================================
objective      : price
resource_config: [{'cpu_m': 300, 'memory_mi': 50}, {'cpu_m': 4426, 'memory_mi': 400}], latencies: {'ml-image-processing': 0.2998700918934236, 'ml-object-detection': 0.19526684905688924}, price_cost: 7641.041810, energy_cost: 386.845782, latency_p99 : 2.806952
wall_time_s    : 77.794
================================================================================

[info] Locust stopped
Updating function ml-image-processing to cpu: 495m, memory: 70Mi
Updating Deployment resource configuration...

Updating function ml-object-detection to cpu: 5529m, memory: 512Mi
Updating Deployment resource configuration...

[info] Original replicas=17, selector='environmentName=ml-image-processing,environmentNamespace=default,environmentUid=8dcaa936-04ed-49cf-8ddf-36cdc234cbfd,executorType=newdeploy,functionName=ml-image-processing,functionNamespace=default,functionUid=d8529cac-3c02-4647-a616-8254b24ce685'
[info] Original replicas=49, selector='environmentName=yolo,environmentNamespace=default,environmentUid=4b5fef2f-7951-477c-a9c0-ef0af047a425,executorType=newdeploy,functionName=ml-object-detection,functionNamespace=default,functionUid=dc6d8a52-8de2-4fbb-beef-7bcaa92aa890'
[ok] Patched Deployment resources
[ok] Patched Deployment resources
[ok] Verified Deployment template resources: requests={'cpu': '1500m', 'memory': '400Mi'} limits={'cpu': '5529m', 'memory': '512Mi'}
[info] Scaling deployment to 0 replicas to force full pod replacement
[ok] Verified Deployment template resources: requests={'cpu': '300m', 'memory': '50Mi'} limits={'cpu': '495m', 'memory': '70Mi'}
[info] Scaling deployment to 0 replicas to force full pod replacement
[ok] All pods terminated (replicas=0)
[info] Scaling deployment back to 17 replicas
[ok] All pods terminated (replicas=0)
[info] Scaling deployment back to 49 replicas
[ok] Rollout completed after scale-to-zero
[verify] newest RS=newdeploy-ml-image-processing-default-a616-8254b24ce685-845d4b9747 pods=17 ready=17
[ok] Verified newest ReplicaSet template resources match expected
[ok] Rollout completed after scale-to-zero
[verify] newest RS=newdeploy-ml-object-detection-default-beef-7bcaa92aa890-b5b6d97fb pods=49 ready=49
[ok] Verified newest ReplicaSet template resources match expected
[info] Started Locust with PID 3701802
[info] start sleep for 30s
[info] sleep done
\Start sampling in parallel...
Workflow e2e p99 latency (70 completed in 16.9s, parallel, 8 workers): 1.695s
Average stage latencies:
  - ml-image-processing: 0.183s
  - ml-object-detection: 0.169s
================================================================================
objective      : price
resource_config: [{'cpu_m': 495, 'memory_mi': 70}, {'cpu_m': 5529, 'memory_mi': 512}], latencies: {'ml-image-processing': 0.18322892365311938, 'ml-object-detection': 0.1690774611197412}, price_cost: 8246.147829, energy_cost: 442.661019, latency_p99 : 1.695358
wall_time_s    : 75.353
================================================================================

[info] Locust stopped
Updating function ml-image-processing to cpu: 300m, memory: 70Mi
Updating Deployment resource configuration...

Updating function ml-object-detection to cpu: 5757m, memory: 512Mi
Updating Deployment resource configuration...

[info] Original replicas=17, selector='environmentName=ml-image-processing,environmentNamespace=default,environmentUid=8dcaa936-04ed-49cf-8ddf-36cdc234cbfd,executorType=newdeploy,functionName=ml-image-processing,functionNamespace=default,functionUid=d8529cac-3c02-4647-a616-8254b24ce685'
[info] Original replicas=49, selector='environmentName=yolo,environmentNamespace=default,environmentUid=4b5fef2f-7951-477c-a9c0-ef0af047a425,executorType=newdeploy,functionName=ml-object-detection,functionNamespace=default,functionUid=dc6d8a52-8de2-4fbb-beef-7bcaa92aa890'
[ok] Patched Deployment resources
[ok] Patched Deployment resources
[ok] Verified Deployment template resources: requests={'cpu': '300m', 'memory': '50Mi'} limits={'cpu': '300m', 'memory': '70Mi'}
[info] Scaling deployment to 0 replicas to force full pod replacement
[ok] Verified Deployment template resources: requests={'cpu': '1500m', 'memory': '400Mi'} limits={'cpu': '5757m', 'memory': '512Mi'}
[info] Scaling deployment to 0 replicas to force full pod replacement
[ok] All pods terminated (replicas=0)
[info] Scaling deployment back to 49 replicas
[ok] All pods terminated (replicas=0)
[info] Scaling deployment back to 17 replicas
[ok] Rollout completed after scale-to-zero
[verify] newest RS=newdeploy-ml-image-processing-default-a616-8254b24ce685-747497c47c pods=17 ready=17
[ok] Verified newest ReplicaSet template resources match expected
[ok] Rollout completed after scale-to-zero
[verify] newest RS=newdeploy-ml-object-detection-default-beef-7bcaa92aa890-6f676df6b8 pods=49 ready=49
[ok] Verified newest ReplicaSet template resources match expected
[info] Started Locust with PID 3712691
[info] start sleep for 30s
[info] sleep done
\Start sampling in parallel...
Workflow e2e p99 latency (50 completed in 16.3s, parallel, 8 workers): 3.520s
Average stage latencies:
  - ml-image-processing: 0.287s
  - ml-object-detection: 0.140s
================================================================================
objective      : price
resource_config: [{'cpu_m': 300, 'memory_mi': 70}, {'cpu_m': 5757, 'memory_mi': 512}], latencies: {'ml-image-processing': 0.28726618289016187, 'ml-object-detection': 0.140377680612728}, price_cost: 7151.701813, energy_cost: 382.534747, latency_p99 : 3.520260
wall_time_s    : 76.912
================================================================================

[info] Locust stopped
[info] Locust is not running
================================================================================

Batch  7: best_feasible_cost (random, qNEI) = (7523.150729405598, 7523.150729405598), best_constraint =  -0.160 (<=0 feasible), time = 238.90.
Best feasible resource configuration: [{'cpu_m': 358, 'memory_mi': 61}, {'cpu_m': 5979, 'memory_mi': 425}]

================================================================================
/home/cc/miniconda3/envs/faas/lib/python3.10/site-packages/botorch/acquisition/monte_carlo.py:502: NumericsWarning: qNoisyExpectedImprovement has known numerical issues that lead to suboptimal optimization performance. It is strongly recommended to simply replace

	 qNoisyExpectedImprovement 	 --> 	 qLogNoisyExpectedImprovement 

instead, which fixes the issues and has the same API. See https://arxiv.org/abs/2310.20708 for details.
  legacy_ei_numerics_warning(legacy_name=type(self).__name__)
Updating function ml-image-processing to cpu: 351m, memory: 70Mi
Updating Deployment resource configuration...

Updating function ml-object-detection to cpu: 5681m, memory: 512Mi
Updating Deployment resource configuration...

[info] Original replicas=17, selector='environmentName=ml-image-processing,environmentNamespace=default,environmentUid=8dcaa936-04ed-49cf-8ddf-36cdc234cbfd,executorType=newdeploy,functionName=ml-image-processing,functionNamespace=default,functionUid=d8529cac-3c02-4647-a616-8254b24ce685'
[ok] Patched Deployment resources
[info] Original replicas=49, selector='environmentName=yolo,environmentNamespace=default,environmentUid=4b5fef2f-7951-477c-a9c0-ef0af047a425,executorType=newdeploy,functionName=ml-object-detection,functionNamespace=default,functionUid=dc6d8a52-8de2-4fbb-beef-7bcaa92aa890'
[ok] Verified Deployment template resources: requests={'cpu': '300m', 'memory': '50Mi'} limits={'cpu': '351m', 'memory': '70Mi'}
[info] Scaling deployment to 0 replicas to force full pod replacement
[ok] Patched Deployment resources
[ok] Verified Deployment template resources: requests={'cpu': '1500m', 'memory': '400Mi'} limits={'cpu': '5681m', 'memory': '512Mi'}
[info] Scaling deployment to 0 replicas to force full pod replacement
[ok] All pods terminated (replicas=0)
[info] Scaling deployment back to 17 replicas
[ok] All pods terminated (replicas=0)
[info] Scaling deployment back to 49 replicas
[ok] Rollout completed after scale-to-zero
[verify] newest RS=newdeploy-ml-image-processing-default-a616-8254b24ce685-54cff8f697 pods=17 ready=17
[ok] Verified newest ReplicaSet template resources match expected
[ok] Rollout completed after scale-to-zero
[verify] newest RS=newdeploy-ml-object-detection-default-beef-7bcaa92aa890-644c6c46cb pods=49 ready=49
[ok] Verified newest ReplicaSet template resources match expected
[info] Started Locust with PID 3724381
[info] start sleep for 30s
[info] sleep done
\Start sampling in parallel...
Workflow e2e p99 latency (61 completed in 16.6s, parallel, 8 workers): 3.179s
Average stage latencies:
  - ml-image-processing: 0.228s
  - ml-object-detection: 0.148s
================================================================================
objective      : price
resource_config: [{'cpu_m': 351, 'memory_mi': 70}, {'cpu_m': 5681, 'memory_mi': 512}], latencies: {'ml-image-processing': 0.22832718012915526, 'ml-object-detection': 0.147721001504325}, price_cost: 7398.550131, energy_cost: 406.148399, latency_p99 : 3.179380
wall_time_s    : 77.549
================================================================================

[info] Locust stopped
Updating function ml-image-processing to cpu: 800m, memory: 70Mi
Updating Deployment resource configuration...

Updating function ml-object-detection to cpu: 4699m, memory: 458Mi
Updating Deployment resource configuration...

[info] Original replicas=49, selector='environmentName=yolo,environmentNamespace=default,environmentUid=4b5fef2f-7951-477c-a9c0-ef0af047a425,executorType=newdeploy,functionName=ml-object-detection,functionNamespace=default,functionUid=dc6d8a52-8de2-4fbb-beef-7bcaa92aa890'
[info] Original replicas=17, selector='environmentName=ml-image-processing,environmentNamespace=default,environmentUid=8dcaa936-04ed-49cf-8ddf-36cdc234cbfd,executorType=newdeploy,functionName=ml-image-processing,functionNamespace=default,functionUid=d8529cac-3c02-4647-a616-8254b24ce685'
[ok] Patched Deployment resources
[ok] Patched Deployment resources
[ok] Verified Deployment template resources: requests={'cpu': '1500m', 'memory': '400Mi'} limits={'cpu': '4699m', 'memory': '458Mi'}
[info] Scaling deployment to 0 replicas to force full pod replacement
[ok] Verified Deployment template resources: requests={'cpu': '300m', 'memory': '50Mi'} limits={'cpu': '800m', 'memory': '70Mi'}
[info] Scaling deployment to 0 replicas to force full pod replacement
[ok] All pods terminated (replicas=0)
[info] Scaling deployment back to 49 replicas
[ok] All pods terminated (replicas=0)
[info] Scaling deployment back to 17 replicas
[ok] Rollout completed after scale-to-zero
[verify] newest RS=newdeploy-ml-image-processing-default-a616-8254b24ce685-7f5cd7b88c pods=17 ready=17
[ok] Verified newest ReplicaSet template resources match expected
[ok] Rollout completed after scale-to-zero
[verify] newest RS=newdeploy-ml-object-detection-default-beef-7bcaa92aa890-f8b9f8b5 pods=49 ready=49
[ok] Verified newest ReplicaSet template resources match expected
[info] Started Locust with PID 3734880
[info] start sleep for 30s
[info] sleep done
\Start sampling in parallel...
Workflow e2e p99 latency (71 completed in 16.1s, parallel, 8 workers): 1.718s
Average stage latencies:
  - ml-image-processing: 0.109s
  - ml-object-detection: 0.221s
================================================================================
objective      : price
resource_config: [{'cpu_m': 800, 'memory_mi': 70}, {'cpu_m': 4699, 'memory_mi': 458}], latencies: {'ml-image-processing': 0.10875008465774672, 'ml-object-detection': 0.2213599607873131}, price_cost: 9136.087378, energy_cost: 469.112620, latency_p99 : 1.718484
wall_time_s    : 74.978
================================================================================

[info] Locust stopped
Updating function ml-image-processing to cpu: 300m, memory: 51Mi
Updating Deployment resource configuration...

Updating function ml-object-detection to cpu: 4661m, memory: 432Mi
Updating Deployment resource configuration...

[info] Original replicas=49, selector='environmentName=yolo,environmentNamespace=default,environmentUid=4b5fef2f-7951-477c-a9c0-ef0af047a425,executorType=newdeploy,functionName=ml-object-detection,functionNamespace=default,functionUid=dc6d8a52-8de2-4fbb-beef-7bcaa92aa890'
[info] Original replicas=17, selector='environmentName=ml-image-processing,environmentNamespace=default,environmentUid=8dcaa936-04ed-49cf-8ddf-36cdc234cbfd,executorType=newdeploy,functionName=ml-image-processing,functionNamespace=default,functionUid=d8529cac-3c02-4647-a616-8254b24ce685'
[ok] Patched Deployment resources
[ok] Patched Deployment resources
[ok] Verified Deployment template resources: requests={'cpu': '300m', 'memory': '50Mi'} limits={'cpu': '300m', 'memory': '51Mi'}
[info] Scaling deployment to 0 replicas to force full pod replacement
[ok] Verified Deployment template resources: requests={'cpu': '1500m', 'memory': '400Mi'} limits={'cpu': '4661m', 'memory': '432Mi'}
[info] Scaling deployment to 0 replicas to force full pod replacement
[ok] All pods terminated (replicas=0)
[info] Scaling deployment back to 17 replicas
[ok] All pods terminated (replicas=0)
[info] Scaling deployment back to 49 replicas
[ok] Rollout completed after scale-to-zero
[verify] newest RS=newdeploy-ml-image-processing-default-a616-8254b24ce685-855c8f7897 pods=17 ready=17
[ok] Verified newest ReplicaSet template resources match expected
[ok] Rollout completed after scale-to-zero
[verify] newest RS=newdeploy-ml-object-detection-default-beef-7bcaa92aa890-75f79bcc6 pods=49 ready=49
[ok] Verified newest ReplicaSet template resources match expected
[info] Started Locust with PID 3745479
[info] start sleep for 30s
[info] sleep done
\Start sampling in parallel...
Workflow e2e p99 latency (55 completed in 18.8s, parallel, 8 workers): 7.836s
Average stage latencies:
  - ml-image-processing: 0.287s
  - ml-object-detection: 0.172s
================================================================================
objective      : price
resource_config: [{'cpu_m': 300, 'memory_mi': 51}, {'cpu_m': 4661, 'memory_mi': 432}], latencies: {'ml-image-processing': 0.2865566155619242, 'ml-object-detection': 0.17248575073582204}, price_cost: 7115.929990, energy_cost: 380.552612, latency_p99 : 7.836253
wall_time_s    : 79.926
================================================================================

[info] Locust stopped
[info] Locust is not running
================================================================================

Batch  8: best_feasible_cost (random, qNEI) = (7523.150729405598, 7523.150729405598), best_constraint =  -0.160 (<=0 feasible), time = 241.95.
Best feasible resource configuration: [{'cpu_m': 358, 'memory_mi': 61}, {'cpu_m': 5979, 'memory_mi': 425}]

================================================================================
/home/cc/miniconda3/envs/faas/lib/python3.10/site-packages/botorch/acquisition/monte_carlo.py:502: NumericsWarning: qNoisyExpectedImprovement has known numerical issues that lead to suboptimal optimization performance. It is strongly recommended to simply replace

	 qNoisyExpectedImprovement 	 --> 	 qLogNoisyExpectedImprovement 

instead, which fixes the issues and has the same API. See https://arxiv.org/abs/2310.20708 for details.
  legacy_ei_numerics_warning(legacy_name=type(self).__name__)
Updating function ml-image-processing to cpu: 300m, memory: 63Mi
Updating Deployment resource configuration...

Updating function ml-object-detection to cpu: 4479m, memory: 512Mi
Updating Deployment resource configuration...

[info] Original replicas=17, selector='environmentName=ml-image-processing,environmentNamespace=default,environmentUid=8dcaa936-04ed-49cf-8ddf-36cdc234cbfd,executorType=newdeploy,functionName=ml-image-processing,functionNamespace=default,functionUid=d8529cac-3c02-4647-a616-8254b24ce685'
[info] Original replicas=49, selector='environmentName=yolo,environmentNamespace=default,environmentUid=4b5fef2f-7951-477c-a9c0-ef0af047a425,executorType=newdeploy,functionName=ml-object-detection,functionNamespace=default,functionUid=dc6d8a52-8de2-4fbb-beef-7bcaa92aa890'
[ok] Patched Deployment resources
[ok] Patched Deployment resources
[ok] Verified Deployment template resources: requests={'cpu': '1500m', 'memory': '400Mi'} limits={'cpu': '4479m', 'memory': '512Mi'}
[info] Scaling deployment to 0 replicas to force full pod replacement
[ok] Verified Deployment template resources: requests={'cpu': '300m', 'memory': '50Mi'} limits={'cpu': '300m', 'memory': '63Mi'}
[info] Scaling deployment to 0 replicas to force full pod replacement
[ok] All pods terminated (replicas=0)
[info] Scaling deployment back to 49 replicas
[ok] All pods terminated (replicas=0)
[info] Scaling deployment back to 17 replicas
[ok] Rollout completed after scale-to-zero
[verify] newest RS=newdeploy-ml-image-processing-default-a616-8254b24ce685-5c946b6d74 pods=17 ready=17
[ok] Verified newest ReplicaSet template resources match expected
[ok] Rollout completed after scale-to-zero
[verify] newest RS=newdeploy-ml-object-detection-default-beef-7bcaa92aa890-cddfd6f44 pods=49 ready=49
[ok] Verified newest ReplicaSet template resources match expected
[info] Started Locust with PID 3756696
[info] start sleep for 30s
[info] sleep done
\Start sampling in parallel...
Workflow e2e p99 latency (52 completed in 18.6s, parallel, 8 workers): 4.172s
Average stage latencies:
  - ml-image-processing: 0.306s
  - ml-object-detection: 0.178s
================================================================================
objective      : price
resource_config: [{'cpu_m': 300, 'memory_mi': 63}, {'cpu_m': 4479, 'memory_mi': 512}], latencies: {'ml-image-processing': 0.30599815177265555, 'ml-object-detection': 0.17756647270065373}, price_cost: 7070.736663, energy_cost: 385.705823, latency_p99 : 4.172469
wall_time_s    : 76.830
================================================================================

[info] Locust stopped
Updating function ml-image-processing to cpu: 311m, memory: 50Mi
Updating Deployment resource configuration...

Updating function ml-object-detection to cpu: 5754m, memory: 441Mi
Updating Deployment resource configuration...

[info] Original replicas=49, selector='environmentName=yolo,environmentNamespace=default,environmentUid=4b5fef2f-7951-477c-a9c0-ef0af047a425,executorType=newdeploy,functionName=ml-object-detection,functionNamespace=default,functionUid=dc6d8a52-8de2-4fbb-beef-7bcaa92aa890'
[info] Original replicas=17, selector='environmentName=ml-image-processing,environmentNamespace=default,environmentUid=8dcaa936-04ed-49cf-8ddf-36cdc234cbfd,executorType=newdeploy,functionName=ml-image-processing,functionNamespace=default,functionUid=d8529cac-3c02-4647-a616-8254b24ce685'
[ok] Patched Deployment resources
[ok] Patched Deployment resources
[ok] Verified Deployment template resources: requests={'cpu': '1500m', 'memory': '400Mi'} limits={'cpu': '5754m', 'memory': '441Mi'}
[info] Scaling deployment to 0 replicas to force full pod replacement
[ok] Verified Deployment template resources: requests={'cpu': '300m', 'memory': '50Mi'} limits={'cpu': '311m', 'memory': '50Mi'}
[info] Scaling deployment to 0 replicas to force full pod replacement
[ok] All pods terminated (replicas=0)
[info] Scaling deployment back to 49 replicas
[ok] All pods terminated (replicas=0)
[info] Scaling deployment back to 17 replicas
[ok] Rollout completed after scale-to-zero
[verify] newest RS=newdeploy-ml-image-processing-default-a616-8254b24ce685-755dc9d87 pods=17 ready=17
[ok] Verified newest ReplicaSet template resources match expected
[ok] Rollout completed after scale-to-zero
[verify] newest RS=newdeploy-ml-object-detection-default-beef-7bcaa92aa890-68c748bb7c pods=49 ready=49
[ok] Verified newest ReplicaSet template resources match expected
[info] Started Locust with PID 3767622
[info] start sleep for 30s
[info] sleep done
\Start sampling in parallel...
Workflow e2e p99 latency (57 completed in 18.1s, parallel, 8 workers): 3.252s
Average stage latencies:
  - ml-image-processing: 0.278s
  - ml-object-detection: 0.145s
================================================================================
objective      : price
resource_config: [{'cpu_m': 311, 'memory_mi': 50}, {'cpu_m': 5754, 'memory_mi': 441}], latencies: {'ml-image-processing': 0.2781260634870513, 'ml-object-detection': 0.14505640695100291}, price_cost: 7371.217487, energy_cost: 398.362635, latency_p99 : 3.252428
wall_time_s    : 77.554
================================================================================

[info] Locust stopped
Updating function ml-image-processing to cpu: 748m, memory: 56Mi
Updating Deployment resource configuration...

Updating function ml-object-detection to cpu: 4867m, memory: 415Mi
Updating Deployment resource configuration...

[info] Original replicas=17, selector='environmentName=ml-image-processing,environmentNamespace=default,environmentUid=8dcaa936-04ed-49cf-8ddf-36cdc234cbfd,executorType=newdeploy,functionName=ml-image-processing,functionNamespace=default,functionUid=d8529cac-3c02-4647-a616-8254b24ce685'
[info] Original replicas=49, selector='environmentName=yolo,environmentNamespace=default,environmentUid=4b5fef2f-7951-477c-a9c0-ef0af047a425,executorType=newdeploy,functionName=ml-object-detection,functionNamespace=default,functionUid=dc6d8a52-8de2-4fbb-beef-7bcaa92aa890'
[ok] Patched Deployment resources
[ok] Patched Deployment resources
[ok] Verified Deployment template resources: requests={'cpu': '300m', 'memory': '50Mi'} limits={'cpu': '748m', 'memory': '56Mi'}
[info] Scaling deployment to 0 replicas to force full pod replacement
[ok] Verified Deployment template resources: requests={'cpu': '1500m', 'memory': '400Mi'} limits={'cpu': '4867m', 'memory': '415Mi'}
[info] Scaling deployment to 0 replicas to force full pod replacement
[ok] All pods terminated (replicas=0)
[info] Scaling deployment back to 49 replicas
[ok] All pods terminated (replicas=0)
[info] Scaling deployment back to 17 replicas
[ok] Rollout completed after scale-to-zero
[verify] newest RS=newdeploy-ml-image-processing-default-a616-8254b24ce685-6ddfbf9b76 pods=17 ready=17
[ok] Verified newest ReplicaSet template resources match expected
[ok] Rollout completed after scale-to-zero
[verify] newest RS=newdeploy-ml-object-detection-default-beef-7bcaa92aa890-74f7797444 pods=49 ready=49
[ok] Verified newest ReplicaSet template resources match expected
[info] Started Locust with PID 3778383
[info] start sleep for 30s
[info] sleep done
\Start sampling in parallel...
Workflow e2e p99 latency (72 completed in 17.1s, parallel, 8 workers): 1.290s
Average stage latencies:
  - ml-image-processing: 0.123s
  - ml-object-detection: 0.208s
================================================================================
objective      : price
resource_config: [{'cpu_m': 748, 'memory_mi': 56}, {'cpu_m': 4867, 'memory_mi': 415}], latencies: {'ml-image-processing': 0.12294205318256798, 'ml-object-detection': 0.2082331944257021}, price_cost: 8915.172586, energy_cost: 467.617879, latency_p99 : 1.289627
wall_time_s    : 76.322
================================================================================

[info] Locust stopped
[info] Locust is not running
================================================================================

Batch  9: best_feasible_cost (random, qNEI) = (7523.150729405598, 7523.150729405598), best_constraint =  -0.160 (<=0 feasible), time = 238.75.
Best feasible resource configuration: [{'cpu_m': 358, 'memory_mi': 61}, {'cpu_m': 5979, 'memory_mi': 425}]

================================================================================
/home/cc/miniconda3/envs/faas/lib/python3.10/site-packages/botorch/acquisition/monte_carlo.py:502: NumericsWarning: qNoisyExpectedImprovement has known numerical issues that lead to suboptimal optimization performance. It is strongly recommended to simply replace

	 qNoisyExpectedImprovement 	 --> 	 qLogNoisyExpectedImprovement 

instead, which fixes the issues and has the same API. See https://arxiv.org/abs/2310.20708 for details.
  legacy_ei_numerics_warning(legacy_name=type(self).__name__)
Updating function ml-image-processing to cpu: 300m, memory: 59Mi
Updating Deployment resource configuration...

Updating function ml-object-detection to cpu: 4401m, memory: 512Mi
Updating Deployment resource configuration...

[info] Original replicas=49, selector='environmentName=yolo,environmentNamespace=default,environmentUid=4b5fef2f-7951-477c-a9c0-ef0af047a425,executorType=newdeploy,functionName=ml-object-detection,functionNamespace=default,functionUid=dc6d8a52-8de2-4fbb-beef-7bcaa92aa890'
[ok] Patched Deployment resources
[info] Original replicas=17, selector='environmentName=ml-image-processing,environmentNamespace=default,environmentUid=8dcaa936-04ed-49cf-8ddf-36cdc234cbfd,executorType=newdeploy,functionName=ml-image-processing,functionNamespace=default,functionUid=d8529cac-3c02-4647-a616-8254b24ce685'
[ok] Verified Deployment template resources: requests={'cpu': '1500m', 'memory': '400Mi'} limits={'cpu': '4401m', 'memory': '512Mi'}
[info] Scaling deployment to 0 replicas to force full pod replacement
[ok] Patched Deployment resources
[ok] Verified Deployment template resources: requests={'cpu': '300m', 'memory': '50Mi'} limits={'cpu': '300m', 'memory': '59Mi'}
[info] Scaling deployment to 0 replicas to force full pod replacement
[ok] All pods terminated (replicas=0)
[info] Scaling deployment back to 49 replicas
[ok] All pods terminated (replicas=0)
[info] Scaling deployment back to 17 replicas
[ok] Rollout completed after scale-to-zero
[verify] newest RS=newdeploy-ml-image-processing-default-a616-8254b24ce685-8c46d9c9b pods=17 ready=17
[ok] Verified newest ReplicaSet template resources match expected
[ok] Rollout completed after scale-to-zero
[verify] newest RS=newdeploy-ml-object-detection-default-beef-7bcaa92aa890-746db6c9cb pods=49 ready=49
[ok] Verified newest ReplicaSet template resources match expected
[info] Started Locust with PID 3797693
[info] start sleep for 30s
[info] sleep done
\Start sampling in parallel...
Workflow e2e p99 latency (50 completed in 16.8s, parallel, 8 workers): 3.199s
Average stage latencies:
  - ml-image-processing: 0.296s
  - ml-object-detection: 0.193s
================================================================================
objective      : price
resource_config: [{'cpu_m': 300, 'memory_mi': 59}, {'cpu_m': 4401, 'memory_mi': 512}], latencies: {'ml-image-processing': 0.2955184585507959, 'ml-object-detection': 0.19304987934418022}, price_cost: 7526.118836, energy_cost: 393.311815, latency_p99 : 3.199304
wall_time_s    : 74.490
================================================================================

[info] Locust stopped
Updating function ml-image-processing to cpu: 776m, memory: 63Mi
Updating Deployment resource configuration...

Updating function ml-object-detection to cpu: 4964m, memory: 458Mi
Updating Deployment resource configuration...

[info] Original replicas=17, selector='environmentName=ml-image-processing,environmentNamespace=default,environmentUid=8dcaa936-04ed-49cf-8ddf-36cdc234cbfd,executorType=newdeploy,functionName=ml-image-processing,functionNamespace=default,functionUid=d8529cac-3c02-4647-a616-8254b24ce685'
[info] Original replicas=49, selector='environmentName=yolo,environmentNamespace=default,environmentUid=4b5fef2f-7951-477c-a9c0-ef0af047a425,executorType=newdeploy,functionName=ml-object-detection,functionNamespace=default,functionUid=dc6d8a52-8de2-4fbb-beef-7bcaa92aa890'
[ok] Patched Deployment resources
[ok] Patched Deployment resources
[ok] Verified Deployment template resources: requests={'cpu': '1500m', 'memory': '400Mi'} limits={'cpu': '4964m', 'memory': '458Mi'}
[info] Scaling deployment to 0 replicas to force full pod replacement
[ok] Verified Deployment template resources: requests={'cpu': '300m', 'memory': '50Mi'} limits={'cpu': '776m', 'memory': '63Mi'}
[info] Scaling deployment to 0 replicas to force full pod replacement
[ok] All pods terminated (replicas=0)
[info] Scaling deployment back to 49 replicas
[ok] All pods terminated (replicas=0)
[info] Scaling deployment back to 17 replicas
[ok] Rollout completed after scale-to-zero
[verify] newest RS=newdeploy-ml-image-processing-default-a616-8254b24ce685-794c7dbbb8 pods=17 ready=17
[ok] Verified newest ReplicaSet template resources match expected
[ok] Rollout completed after scale-to-zero
[verify] newest RS=newdeploy-ml-object-detection-default-beef-7bcaa92aa890-86dfb76d9c pods=49 ready=49
[ok] Verified newest ReplicaSet template resources match expected
[info] Started Locust with PID 3808553
[info] start sleep for 30s
[info] sleep done
\Start sampling in parallel...
Workflow e2e p99 latency (73 completed in 16.5s, parallel, 8 workers): 1.095s
Average stage latencies:
  - ml-image-processing: 0.106s
  - ml-object-detection: 0.204s
================================================================================
objective      : price
resource_config: [{'cpu_m': 776, 'memory_mi': 63}, {'cpu_m': 4964, 'memory_mi': 458}], latencies: {'ml-image-processing': 0.10600749620121636, 'ml-object-detection': 0.20397039069092437}, price_cost: 8882.670723, energy_cost: 470.569268, latency_p99 : 1.094884
wall_time_s    : 75.700
================================================================================

[info] Locust stopped
Updating function ml-image-processing to cpu: 740m, memory: 61Mi
Updating Deployment resource configuration...

Updating function ml-object-detection to cpu: 3408m, memory: 474Mi
Updating Deployment resource configuration...

[info] Original replicas=49, selector='environmentName=yolo,environmentNamespace=default,environmentUid=4b5fef2f-7951-477c-a9c0-ef0af047a425,executorType=newdeploy,functionName=ml-object-detection,functionNamespace=default,functionUid=dc6d8a52-8de2-4fbb-beef-7bcaa92aa890'
[info] Original replicas=17, selector='environmentName=ml-image-processing,environmentNamespace=default,environmentUid=8dcaa936-04ed-49cf-8ddf-36cdc234cbfd,executorType=newdeploy,functionName=ml-image-processing,functionNamespace=default,functionUid=d8529cac-3c02-4647-a616-8254b24ce685'
[ok] Patched Deployment resources
[ok] Patched Deployment resources
[ok] Verified Deployment template resources: requests={'cpu': '1500m', 'memory': '400Mi'} limits={'cpu': '3408m', 'memory': '474Mi'}
[info] Scaling deployment to 0 replicas to force full pod replacement
[ok] Verified Deployment template resources: requests={'cpu': '300m', 'memory': '50Mi'} limits={'cpu': '740m', 'memory': '61Mi'}
[info] Scaling deployment to 0 replicas to force full pod replacement
[ok] All pods terminated (replicas=0)
[info] Scaling deployment back to 49 replicas
[ok] All pods terminated (replicas=0)
[info] Scaling deployment back to 17 replicas
[ok] Rollout completed after scale-to-zero
[verify] newest RS=newdeploy-ml-image-processing-default-a616-8254b24ce685-79599ccc79 pods=17 ready=17
[ok] Verified newest ReplicaSet template resources match expected
[ok] Rollout completed after scale-to-zero
[verify] newest RS=newdeploy-ml-object-detection-default-beef-7bcaa92aa890-5f94c4875 pods=49 ready=49
[ok] Verified newest ReplicaSet template resources match expected
[info] Started Locust with PID 3819058
[info] start sleep for 30s
[info] sleep done
\Start sampling in parallel...
Workflow e2e p99 latency (52 completed in 16.4s, parallel, 8 workers): 9.000s
Average stage latencies:
  - ml-image-processing: 0.106s
  - ml-object-detection: 0.304s
================================================================================
objective      : price
resource_config: [{'cpu_m': 740, 'memory_mi': 61}, {'cpu_m': 3408, 'memory_mi': 474}], latencies: {'ml-image-processing': 0.10559425428104789, 'ml-object-detection': 0.30391121158659784}, price_cost: 9097.855360, energy_cost: 409.998694, latency_p99 : 9.000000
wall_time_s    : 74.442
================================================================================

[info] Locust stopped
[info] Locust is not running
================================================================================

Batch 10: best_feasible_cost (random, qNEI) = (7523.150729405598, 7523.150729405598), best_constraint =  -0.160 (<=0 feasible), time = 234.33.
Best feasible resource configuration: [{'cpu_m': 358, 'memory_mi': 61}, {'cpu_m': 5979, 'memory_mi': 425}]

================================================================================
BO loop time: 3181.03 seconds
Best cost: 7523.150729405598
Best resource configuration: [{'cpu_m': 358, 'memory_mi': 61}, {'cpu_m': 5979, 'memory_mi': 425}]

========================================
Energy
drwxrwxr-x 2 cc cc   4096 Jan  5 03:58 __pycache__
-rw-rw-r-- 1 cc cc  20188 Jan  5 03:58 bayesian_optimization.py
-rw-rw-r-- 1 cc cc  12890 Jan  5 03:53 bo_utils.py
-rw-rw-r-- 1 cc cc  12286 Jan  5 01:06 check_result.py
-rw-rw-r-- 1 cc cc   1314 Jan  5 03:43 config.py
-rw-rw-r-- 1 cc cc   3620 Jan  5 03:44 manager.py
-rw-rw-r-- 1 cc cc   9045 Dec 16 05:41 original-bayesian_optimization.py
-rw-rw-r-- 1 cc cc   2423 Jan  3 19:23 pods_mapping.py
-rw-rw-r-- 1 cc cc   1486 Jan  5 02:36 temp.py

IS_ENERGY: True
No checkpoint found, starting fresh BO run.
Updating function ml-image-processing to cpu: 409m, memory: 66Mi
Updating Deployment resource configuration...

Updating function ml-object-detection to cpu: 3336m, memory: 444Mi
Updating Deployment resource configuration...

[info] Original replicas=17, selector='environmentName=ml-image-processing,environmentNamespace=default,environmentUid=8dcaa936-04ed-49cf-8ddf-36cdc234cbfd,executorType=newdeploy,functionName=ml-image-processing,functionNamespace=default,functionUid=d8529cac-3c02-4647-a616-8254b24ce685'
[info] Original replicas=49, selector='environmentName=yolo,environmentNamespace=default,environmentUid=4b5fef2f-7951-477c-a9c0-ef0af047a425,executorType=newdeploy,functionName=ml-object-detection,functionNamespace=default,functionUid=dc6d8a52-8de2-4fbb-beef-7bcaa92aa890'
[ok] Patched Deployment resources
[ok] Patched Deployment resources
[ok] Verified Deployment template resources: requests={'cpu': '300m', 'memory': '50Mi'} limits={'cpu': '409m', 'memory': '66Mi'}
[info] Scaling deployment to 0 replicas to force full pod replacement
[ok] Verified Deployment template resources: requests={'cpu': '1500m', 'memory': '400Mi'} limits={'cpu': '3336m', 'memory': '444Mi'}
[info] Scaling deployment to 0 replicas to force full pod replacement
[ok] All pods terminated (replicas=0)
[info] Scaling deployment back to 49 replicas
[ok] All pods terminated (replicas=0)
[info] Scaling deployment back to 17 replicas
[ok] Rollout completed after scale-to-zero
[verify] newest RS=newdeploy-ml-image-processing-default-a616-8254b24ce685-55bf69b799 pods=17 ready=17
[ok] Verified newest ReplicaSet template resources match expected
[ok] Rollout completed after scale-to-zero
[verify] newest RS=newdeploy-ml-object-detection-default-beef-7bcaa92aa890-db44bf777 pods=49 ready=49
[ok] Verified newest ReplicaSet template resources match expected
[info] Started Locust with PID 3829755
[info] start sleep for 30s
[info] sleep done
\Start sampling in parallel...
Workflow e2e p99 latency (53 completed in 18.2s, parallel, 8 workers): 9.000s
Average stage latencies:
  - ml-image-processing: 0.221s
  - ml-object-detection: 0.333s
================================================================================
objective      : energy
resource_config: [{'cpu_m': 409, 'memory_mi': 66}, {'cpu_m': 3336, 'memory_mi': 444}], latencies: {'ml-image-processing': 0.22141913544642283, 'ml-object-detection': 0.3327084312343276}, price_cost: 9767.178531, energy_cost: 405.416930, latency_p99 : 9.000000
wall_time_s    : 79.386
================================================================================

[info] Locust stopped
Updating function ml-image-processing to cpu: 401m, memory: 65Mi
Updating Deployment resource configuration...

Updating function ml-object-detection to cpu: 5068m, memory: 409Mi
Updating Deployment resource configuration...

[info] Original replicas=17, selector='environmentName=ml-image-processing,environmentNamespace=default,environmentUid=8dcaa936-04ed-49cf-8ddf-36cdc234cbfd,executorType=newdeploy,functionName=ml-image-processing,functionNamespace=default,functionUid=d8529cac-3c02-4647-a616-8254b24ce685'
[info] Original replicas=49, selector='environmentName=yolo,environmentNamespace=default,environmentUid=4b5fef2f-7951-477c-a9c0-ef0af047a425,executorType=newdeploy,functionName=ml-object-detection,functionNamespace=default,functionUid=dc6d8a52-8de2-4fbb-beef-7bcaa92aa890'
[ok] Patched Deployment resources
[ok] Patched Deployment resources
[ok] Verified Deployment template resources: requests={'cpu': '1500m', 'memory': '400Mi'} limits={'cpu': '5068m', 'memory': '409Mi'}
[info] Scaling deployment to 0 replicas to force full pod replacement
[ok] Verified Deployment template resources: requests={'cpu': '300m', 'memory': '50Mi'} limits={'cpu': '401m', 'memory': '65Mi'}
[info] Scaling deployment to 0 replicas to force full pod replacement
[ok] All pods terminated (replicas=0)
[info] Scaling deployment back to 17 replicas
[ok] All pods terminated (replicas=0)
[info] Scaling deployment back to 49 replicas
[ok] Rollout completed after scale-to-zero
[verify] newest RS=newdeploy-ml-image-processing-default-a616-8254b24ce685-79c48c55b9 pods=17 ready=17
[ok] Verified newest ReplicaSet template resources match expected
[ok] Rollout completed after scale-to-zero
[verify] newest RS=newdeploy-ml-object-detection-default-beef-7bcaa92aa890-cc99bcd54 pods=49 ready=49
[ok] Verified newest ReplicaSet template resources match expected
[info] Started Locust with PID 3840383
[info] start sleep for 30s
[info] sleep done
\Start sampling in parallel...
Workflow e2e p99 latency (62 completed in 17.3s, parallel, 8 workers): 2.678s
Average stage latencies:
  - ml-image-processing: 0.218s
  - ml-object-detection: 0.176s
================================================================================
objective      : energy
resource_config: [{'cpu_m': 401, 'memory_mi': 65}, {'cpu_m': 5068, 'memory_mi': 409}], latencies: {'ml-image-processing': 0.2183335622802617, 'ml-object-detection': 0.17571898012782536}, price_cost: 7852.912405, energy_cost: 429.700692, latency_p99 : 2.678498
wall_time_s    : 77.131
================================================================================

[info] Locust stopped
Updating function ml-image-processing to cpu: 359m, memory: 67Mi
Updating Deployment resource configuration...

Updating function ml-object-detection to cpu: 2664m, memory: 418Mi
Updating Deployment resource configuration...

[info] Original replicas=17, selector='environmentName=ml-image-processing,environmentNamespace=default,environmentUid=8dcaa936-04ed-49cf-8ddf-36cdc234cbfd,executorType=newdeploy,functionName=ml-image-processing,functionNamespace=default,functionUid=d8529cac-3c02-4647-a616-8254b24ce685'
[info] Original replicas=49, selector='environmentName=yolo,environmentNamespace=default,environmentUid=4b5fef2f-7951-477c-a9c0-ef0af047a425,executorType=newdeploy,functionName=ml-object-detection,functionNamespace=default,functionUid=dc6d8a52-8de2-4fbb-beef-7bcaa92aa890'
[ok] Patched Deployment resources
[ok] Patched Deployment resources
[ok] Verified Deployment template resources: requests={'cpu': '300m', 'memory': '50Mi'} limits={'cpu': '359m', 'memory': '67Mi'}
[info] Scaling deployment to 0 replicas to force full pod replacement
[ok] Verified Deployment template resources: requests={'cpu': '1500m', 'memory': '400Mi'} limits={'cpu': '2664m', 'memory': '418Mi'}
[info] Scaling deployment to 0 replicas to force full pod replacement
[ok] All pods terminated (replicas=0)
[info] Scaling deployment back to 17 replicas
[ok] All pods terminated (replicas=0)
[info] Scaling deployment back to 49 replicas
[ok] Rollout completed after scale-to-zero
[verify] newest RS=newdeploy-ml-image-processing-default-a616-8254b24ce685-6c5ddd497b pods=17 ready=17
[ok] Verified newest ReplicaSet template resources match expected
[ok] Rollout completed after scale-to-zero
[verify] newest RS=newdeploy-ml-object-detection-default-beef-7bcaa92aa890-844d9f59f9 pods=49 ready=49
[ok] Verified newest ReplicaSet template resources match expected
[info] Started Locust with PID 3850905
[info] start sleep for 30s
[info] sleep done
\Start sampling in parallel...
Workflow e2e p99 latency (42 completed in 20.9s, parallel, 8 workers): 9.000s
Average stage latencies:
  - ml-image-processing: 0.261s
  - ml-object-detection: 0.440s
================================================================================
objective      : energy
resource_config: [{'cpu_m': 359, 'memory_mi': 67}, {'cpu_m': 2664, 'memory_mi': 418}], latencies: {'ml-image-processing': 0.2613409529157886, 'ml-object-detection': 0.44010329648683016}, price_cost: 10329.197696, energy_cost: 363.053014, latency_p99 : 9.000000
wall_time_s    : 80.780
================================================================================

[info] Locust stopped
Updating function ml-image-processing to cpu: 430m, memory: 55Mi
Updating Deployment resource configuration...

Updating function ml-object-detection to cpu: 2918m, memory: 438Mi
Updating Deployment resource configuration...

[info] Original replicas=17, selector='environmentName=ml-image-processing,environmentNamespace=default,environmentUid=8dcaa936-04ed-49cf-8ddf-36cdc234cbfd,executorType=newdeploy,functionName=ml-image-processing,functionNamespace=default,functionUid=d8529cac-3c02-4647-a616-8254b24ce685'
[info] Original replicas=49, selector='environmentName=yolo,environmentNamespace=default,environmentUid=4b5fef2f-7951-477c-a9c0-ef0af047a425,executorType=newdeploy,functionName=ml-object-detection,functionNamespace=default,functionUid=dc6d8a52-8de2-4fbb-beef-7bcaa92aa890'
[ok] Patched Deployment resources
[ok] Patched Deployment resources
[ok] Verified Deployment template resources: requests={'cpu': '300m', 'memory': '50Mi'} limits={'cpu': '430m', 'memory': '55Mi'}
[info] Scaling deployment to 0 replicas to force full pod replacement
[ok] Verified Deployment template resources: requests={'cpu': '1500m', 'memory': '400Mi'} limits={'cpu': '2918m', 'memory': '438Mi'}
[info] Scaling deployment to 0 replicas to force full pod replacement
[ok] All pods terminated (replicas=0)
[info] Scaling deployment back to 49 replicas
[ok] All pods terminated (replicas=0)
[info] Scaling deployment back to 17 replicas
[ok] Deleted HPA newdeploy-ml-object-detection-default-beef-7bcaa92aa890
[ok] Rollout completed after scale-to-zero
[verify] newest RS=newdeploy-ml-image-processing-default-a616-8254b24ce685-7b999dd595 pods=17 ready=17
[ok] Verified newest ReplicaSet template resources match expected
[ok] Rollout completed after scale-to-zero
[verify] newest RS=newdeploy-ml-object-detection-default-beef-7bcaa92aa890-7cd7f49655 pods=49 ready=49
[ok] Verified newest ReplicaSet template resources match expected
[info] Started Locust with PID 3862322
[info] start sleep for 30s
[info] sleep done
\Start sampling in parallel...
Workflow e2e p99 latency (38 completed in 20.7s, parallel, 8 workers): 9.000s
Average stage latencies:
  - ml-image-processing: 0.195s
  - ml-object-detection: 0.387s
================================================================================
objective      : energy
resource_config: [{'cpu_m': 430, 'memory_mi': 55}, {'cpu_m': 2918, 'memory_mi': 438}], latencies: {'ml-image-processing': 0.19467958487156364, 'ml-object-detection': 0.38671076199453736}, price_cost: 9916.154792, energy_cost: 387.347116, latency_p99 : 9.000000
wall_time_s    : 80.213
================================================================================

[info] Locust stopped
Updating function ml-image-processing to cpu: 429m, memory: 68Mi
Updating Deployment resource configuration...

Updating function ml-object-detection to cpu: 5021m, memory: 439Mi
Updating Deployment resource configuration...

[info] Original replicas=49, selector='environmentName=yolo,environmentNamespace=default,environmentUid=4b5fef2f-7951-477c-a9c0-ef0af047a425,executorType=newdeploy,functionName=ml-object-detection,functionNamespace=default,functionUid=dc6d8a52-8de2-4fbb-beef-7bcaa92aa890'
[info] Original replicas=17, selector='environmentName=ml-image-processing,environmentNamespace=default,environmentUid=8dcaa936-04ed-49cf-8ddf-36cdc234cbfd,executorType=newdeploy,functionName=ml-image-processing,functionNamespace=default,functionUid=d8529cac-3c02-4647-a616-8254b24ce685'
[ok] Patched Deployment resources
[ok] Patched Deployment resources
[ok] Verified Deployment template resources: requests={'cpu': '1500m', 'memory': '400Mi'} limits={'cpu': '5021m', 'memory': '439Mi'}
[info] Scaling deployment to 0 replicas to force full pod replacement
[ok] Verified Deployment template resources: requests={'cpu': '300m', 'memory': '50Mi'} limits={'cpu': '429m', 'memory': '68Mi'}
[info] Scaling deployment to 0 replicas to force full pod replacement
[ok] All pods terminated (replicas=0)
[info] Scaling deployment back to 49 replicas
[ok] All pods terminated (replicas=0)
[info] Scaling deployment back to 17 replicas
[ok] Deleted HPA newdeploy-ml-object-detection-default-beef-7bcaa92aa890
[ok] Rollout completed after scale-to-zero
[verify] newest RS=newdeploy-ml-image-processing-default-a616-8254b24ce685-6b85694c96 pods=17 ready=17
[ok] Verified newest ReplicaSet template resources match expected
[ok] Rollout completed after scale-to-zero
[verify] newest RS=newdeploy-ml-object-detection-default-beef-7bcaa92aa890-6554d5fcfb pods=49 ready=49
[ok] Verified newest ReplicaSet template resources match expected
[info] Started Locust with PID 3873459
[info] start sleep for 30s
[info] sleep done
\Start sampling in parallel...
Workflow e2e p99 latency (65 completed in 16.7s, parallel, 8 workers): 3.023s
Average stage latencies:
  - ml-image-processing: 0.218s
  - ml-object-detection: 0.184s
================================================================================
objective      : energy
resource_config: [{'cpu_m': 429, 'memory_mi': 68}, {'cpu_m': 5021, 'memory_mi': 439}], latencies: {'ml-image-processing': 0.2177739724660149, 'ml-object-detection': 0.18383908410771535}, price_cost: 8151.246691, energy_cost: 429.965370, latency_p99 : 3.022633
wall_time_s    : 75.643
================================================================================

[info] Locust stopped
Updating function ml-image-processing to cpu: 522m, memory: 66Mi
Updating Deployment resource configuration...

Updating function ml-object-detection to cpu: 4958m, memory: 442Mi
Updating Deployment resource configuration...

[info] Original replicas=17, selector='environmentName=ml-image-processing,environmentNamespace=default,environmentUid=8dcaa936-04ed-49cf-8ddf-36cdc234cbfd,executorType=newdeploy,functionName=ml-image-processing,functionNamespace=default,functionUid=d8529cac-3c02-4647-a616-8254b24ce685'
[info] Original replicas=49, selector='environmentName=yolo,environmentNamespace=default,environmentUid=4b5fef2f-7951-477c-a9c0-ef0af047a425,executorType=newdeploy,functionName=ml-object-detection,functionNamespace=default,functionUid=dc6d8a52-8de2-4fbb-beef-7bcaa92aa890'
[ok] Patched Deployment resources
[ok] Patched Deployment resources
[ok] Verified Deployment template resources: requests={'cpu': '1500m', 'memory': '400Mi'} limits={'cpu': '4958m', 'memory': '442Mi'}
[info] Scaling deployment to 0 replicas to force full pod replacement
[ok] Verified Deployment template resources: requests={'cpu': '300m', 'memory': '50Mi'} limits={'cpu': '522m', 'memory': '66Mi'}
[info] Scaling deployment to 0 replicas to force full pod replacement
[ok] All pods terminated (replicas=0)
[info] Scaling deployment back to 49 replicas
[ok] All pods terminated (replicas=0)
[info] Scaling deployment back to 17 replicas
[ok] Rollout completed after scale-to-zero
[verify] newest RS=newdeploy-ml-image-processing-default-a616-8254b24ce685-68ddf789d7 pods=17 ready=17
[ok] Verified newest ReplicaSet template resources match expected
[ok] Rollout completed after scale-to-zero
[verify] newest RS=newdeploy-ml-object-detection-default-beef-7bcaa92aa890-55bc6bb6df pods=49 ready=49
[ok] Verified newest ReplicaSet template resources match expected
[info] Started Locust with PID 3883823
[info] start sleep for 30s
[info] sleep done
\Start sampling in parallel...
Workflow e2e p99 latency (73 completed in 17.2s, parallel, 8 workers): 1.499s
Average stage latencies:
  - ml-image-processing: 0.164s
  - ml-object-detection: 0.197s
================================================================================
objective      : energy
resource_config: [{'cpu_m': 522, 'memory_mi': 66}, {'cpu_m': 4958, 'memory_mi': 442}], latencies: {'ml-image-processing': 0.16388020247909918, 'ml-object-detection': 0.1970934026861844}, price_cost: 8589.987162, energy_cost: 453.134856, latency_p99 : 1.498563
wall_time_s    : 76.768
================================================================================

[info] Locust stopped
Updating function ml-image-processing to cpu: 447m, memory: 63Mi
Updating Deployment resource configuration...

Updating function ml-object-detection to cpu: 4832m, memory: 503Mi
Updating Deployment resource configuration...

[info] Original replicas=17, selector='environmentName=ml-image-processing,environmentNamespace=default,environmentUid=8dcaa936-04ed-49cf-8ddf-36cdc234cbfd,executorType=newdeploy,functionName=ml-image-processing,functionNamespace=default,functionUid=d8529cac-3c02-4647-a616-8254b24ce685'
[info] Original replicas=49, selector='environmentName=yolo,environmentNamespace=default,environmentUid=4b5fef2f-7951-477c-a9c0-ef0af047a425,executorType=newdeploy,functionName=ml-object-detection,functionNamespace=default,functionUid=dc6d8a52-8de2-4fbb-beef-7bcaa92aa890'
[ok] Patched Deployment resources
[ok] Patched Deployment resources
[ok] Verified Deployment template resources: requests={'cpu': '300m', 'memory': '50Mi'} limits={'cpu': '447m', 'memory': '63Mi'}
[info] Scaling deployment to 0 replicas to force full pod replacement
[ok] Verified Deployment template resources: requests={'cpu': '1500m', 'memory': '400Mi'} limits={'cpu': '4832m', 'memory': '503Mi'}
[info] Scaling deployment to 0 replicas to force full pod replacement
[ok] All pods terminated (replicas=0)
[info] Scaling deployment back to 17 replicas
[ok] All pods terminated (replicas=0)
[info] Scaling deployment back to 49 replicas
[ok] Rollout completed after scale-to-zero
[verify] newest RS=newdeploy-ml-image-processing-default-a616-8254b24ce685-74bb4bc5bb pods=17 ready=17
[ok] Verified newest ReplicaSet template resources match expected
[ok] Rollout completed after scale-to-zero
[verify] newest RS=newdeploy-ml-object-detection-default-beef-7bcaa92aa890-7b7f9bdbc8 pods=49 ready=49
[ok] Verified newest ReplicaSet template resources match expected
[info] Started Locust with PID 3894555
[info] start sleep for 30s
[info] sleep done
\Start sampling in parallel...
Workflow e2e p99 latency (69 completed in 17.2s, parallel, 8 workers): 3.013s
Average stage latencies:
  - ml-image-processing: 0.191s
  - ml-object-detection: 0.191s
================================================================================
objective      : energy
resource_config: [{'cpu_m': 447, 'memory_mi': 63}, {'cpu_m': 4832, 'memory_mi': 503}], latencies: {'ml-image-processing': 0.19137053473758092, 'ml-object-detection': 0.19071190047037342}, price_cost: 8123.641929, energy_cost: 436.686964, latency_p99 : 3.013188
wall_time_s    : 75.276
================================================================================

[info] Locust stopped
Updating function ml-image-processing to cpu: 752m, memory: 51Mi
Updating Deployment resource configuration...

Updating function ml-object-detection to cpu: 2596m, memory: 404Mi
Updating Deployment resource configuration...

[info] Original replicas=49, selector='environmentName=yolo,environmentNamespace=default,environmentUid=4b5fef2f-7951-477c-a9c0-ef0af047a425,executorType=newdeploy,functionName=ml-object-detection,functionNamespace=default,functionUid=dc6d8a52-8de2-4fbb-beef-7bcaa92aa890'
[info] Original replicas=17, selector='environmentName=ml-image-processing,environmentNamespace=default,environmentUid=8dcaa936-04ed-49cf-8ddf-36cdc234cbfd,executorType=newdeploy,functionName=ml-image-processing,functionNamespace=default,functionUid=d8529cac-3c02-4647-a616-8254b24ce685'
[ok] Patched Deployment resources
[ok] Patched Deployment resources
[ok] Verified Deployment template resources: requests={'cpu': '1500m', 'memory': '400Mi'} limits={'cpu': '2596m', 'memory': '404Mi'}
[info] Scaling deployment to 0 replicas to force full pod replacement
[ok] Verified Deployment template resources: requests={'cpu': '300m', 'memory': '50Mi'} limits={'cpu': '752m', 'memory': '51Mi'}
[info] Scaling deployment to 0 replicas to force full pod replacement
[ok] All pods terminated (replicas=0)
[info] Scaling deployment back to 49 replicas
[ok] All pods terminated (replicas=0)
[info] Scaling deployment back to 17 replicas
[ok] Rollout completed after scale-to-zero
[verify] newest RS=newdeploy-ml-image-processing-default-a616-8254b24ce685-645b5cb959 pods=17 ready=17
[ok] Verified newest ReplicaSet template resources match expected
[ok] Rollout completed after scale-to-zero
[verify] newest RS=newdeploy-ml-object-detection-default-beef-7bcaa92aa890-7bc475bc5 pods=49 ready=49
[ok] Verified newest ReplicaSet template resources match expected
[info] Started Locust with PID 3905297
[info] start sleep for 30s
[info] sleep done
\Start sampling in parallel...
Workflow e2e p99 latency (44 completed in 19.0s, parallel, 8 workers): 9.000s
Average stage latencies:
  - ml-image-processing: 0.091s
  - ml-object-detection: 0.456s
================================================================================
objective      : energy
resource_config: [{'cpu_m': 752, 'memory_mi': 51}, {'cpu_m': 2596, 'memory_mi': 404}], latencies: {'ml-image-processing': 0.09096020651715142, 'ml-object-detection': 0.4558888186567596}, price_cost: 10345.567708, energy_cost: 363.370910, latency_p99 : 9.000000
wall_time_s    : 77.934
================================================================================

[info] Locust stopped
Updating function ml-image-processing to cpu: 622m, memory: 68Mi
Updating Deployment resource configuration...

Updating function ml-object-detection to cpu: 2834m, memory: 504Mi
Updating Deployment resource configuration...

[info] Original replicas=17, selector='environmentName=ml-image-processing,environmentNamespace=default,environmentUid=8dcaa936-04ed-49cf-8ddf-36cdc234cbfd,executorType=newdeploy,functionName=ml-image-processing,functionNamespace=default,functionUid=d8529cac-3c02-4647-a616-8254b24ce685'
[info] Original replicas=49, selector='environmentName=yolo,environmentNamespace=default,environmentUid=4b5fef2f-7951-477c-a9c0-ef0af047a425,executorType=newdeploy,functionName=ml-object-detection,functionNamespace=default,functionUid=dc6d8a52-8de2-4fbb-beef-7bcaa92aa890'
[ok] Patched Deployment resources
[ok] Patched Deployment resources
[ok] Verified Deployment template resources: requests={'cpu': '1500m', 'memory': '400Mi'} limits={'cpu': '2834m', 'memory': '504Mi'}
[info] Scaling deployment to 0 replicas to force full pod replacement
[ok] Verified Deployment template resources: requests={'cpu': '300m', 'memory': '50Mi'} limits={'cpu': '622m', 'memory': '68Mi'}
[info] Scaling deployment to 0 replicas to force full pod replacement
[ok] All pods terminated (replicas=0)
[info] Scaling deployment back to 49 replicas
[ok] All pods terminated (replicas=0)
[info] Scaling deployment back to 17 replicas
[ok] Deleted HPA newdeploy-ml-object-detection-default-beef-7bcaa92aa890
[ok] Rollout completed after scale-to-zero
[verify] newest RS=newdeploy-ml-image-processing-default-a616-8254b24ce685-994f7b594 pods=17 ready=17
[ok] Verified newest ReplicaSet template resources match expected
[ok] Rollout completed after scale-to-zero
[verify] newest RS=newdeploy-ml-object-detection-default-beef-7bcaa92aa890-6795b7d747 pods=49 ready=49
[ok] Verified newest ReplicaSet template resources match expected
[info] Started Locust with PID 3916106
[info] start sleep for 30s
[info] sleep done
\Start sampling in parallel...
Workflow e2e p99 latency (54 completed in 22.1s, parallel, 8 workers): 9.000s
Average stage latencies:
  - ml-image-processing: 0.108s
  - ml-object-detection: 0.365s
================================================================================
objective      : energy
resource_config: [{'cpu_m': 622, 'memory_mi': 68}, {'cpu_m': 2834, 'memory_mi': 504}], latencies: {'ml-image-processing': 0.108403400653818, 'ml-object-detection': 0.36479714536108077}, price_cost: 9074.475224, energy_cost: 382.503343, latency_p99 : 9.000000
wall_time_s    : 82.166
================================================================================

[info] Locust stopped
Updating function ml-image-processing to cpu: 677m, memory: 65Mi
Updating Deployment resource configuration...

Updating function ml-object-detection to cpu: 5311m, memory: 428Mi
Updating Deployment resource configuration...

[info] Original replicas=17, selector='environmentName=ml-image-processing,environmentNamespace=default,environmentUid=8dcaa936-04ed-49cf-8ddf-36cdc234cbfd,executorType=newdeploy,functionName=ml-image-processing,functionNamespace=default,functionUid=d8529cac-3c02-4647-a616-8254b24ce685'
[info] Original replicas=49, selector='environmentName=yolo,environmentNamespace=default,environmentUid=4b5fef2f-7951-477c-a9c0-ef0af047a425,executorType=newdeploy,functionName=ml-object-detection,functionNamespace=default,functionUid=dc6d8a52-8de2-4fbb-beef-7bcaa92aa890'
[ok] Patched Deployment resources
[ok] Patched Deployment resources
[ok] Verified Deployment template resources: requests={'cpu': '300m', 'memory': '50Mi'} limits={'cpu': '677m', 'memory': '65Mi'}
[info] Scaling deployment to 0 replicas to force full pod replacement
[ok] Verified Deployment template resources: requests={'cpu': '1500m', 'memory': '400Mi'} limits={'cpu': '5311m', 'memory': '428Mi'}
[info] Scaling deployment to 0 replicas to force full pod replacement
[ok] All pods terminated (replicas=0)
[info] Scaling deployment back to 49 replicas
[ok] All pods terminated (replicas=0)
[info] Scaling deployment back to 17 replicas
[ok] Deleted HPA newdeploy-ml-object-detection-default-beef-7bcaa92aa890
[ok] Rollout completed after scale-to-zero
[verify] newest RS=newdeploy-ml-image-processing-default-a616-8254b24ce685-f99bc5995 pods=17 ready=17
[ok] Verified newest ReplicaSet template resources match expected
[ok] Rollout completed after scale-to-zero
[verify] newest RS=newdeploy-ml-object-detection-default-beef-7bcaa92aa890-9f6c7c474 pods=49 ready=49
[ok] Verified newest ReplicaSet template resources match expected
[info] Started Locust with PID 3927444
[info] start sleep for 30s
[info] sleep done
\Start sampling in parallel...
Workflow e2e p99 latency (73 completed in 16.3s, parallel, 8 workers): 1.280s
Average stage latencies:
  - ml-image-processing: 0.126s
  - ml-object-detection: 0.182s
================================================================================
objective      : energy
resource_config: [{'cpu_m': 677, 'memory_mi': 65}, {'cpu_m': 5311, 'memory_mi': 428}], latencies: {'ml-image-processing': 0.12627081474774096, 'ml-object-detection': 0.18221102758272462}, price_cost: 8503.516854, energy_cost: 466.975473, latency_p99 : 1.279802
wall_time_s    : 75.591
================================================================================

[info] Locust stopped
[info] Locust is not running
Starting fresh (no checkpoint at bo_model_energy_20260105_130037.pt).
  initial_points = 10
  running_batches = 10
  initial_best_feasible_cost = 429.70069170013636
  initial_best_constraint = -0.322
  initial_best_resource_config = [{'cpu_m': 401, 'memory_mi': 65}, {'cpu_m': 5068, 'memory_mi': 409}]
  time_taken_for_init = 792.28 seconds
/home/cc/miniconda3/envs/faas/lib/python3.10/site-packages/botorch/acquisition/monte_carlo.py:502: NumericsWarning: qNoisyExpectedImprovement has known numerical issues that lead to suboptimal optimization performance. It is strongly recommended to simply replace

	 qNoisyExpectedImprovement 	 --> 	 qLogNoisyExpectedImprovement 

instead, which fixes the issues and has the same API. See https://arxiv.org/abs/2310.20708 for details.
  legacy_ei_numerics_warning(legacy_name=type(self).__name__)
Updating function ml-image-processing to cpu: 300m, memory: 70Mi
Updating Deployment resource configuration...

Updating function ml-object-detection to cpu: 6000m, memory: 473Mi
Updating Deployment resource configuration...

[info] Original replicas=17, selector='environmentName=ml-image-processing,environmentNamespace=default,environmentUid=8dcaa936-04ed-49cf-8ddf-36cdc234cbfd,executorType=newdeploy,functionName=ml-image-processing,functionNamespace=default,functionUid=d8529cac-3c02-4647-a616-8254b24ce685'
[info] Original replicas=49, selector='environmentName=yolo,environmentNamespace=default,environmentUid=4b5fef2f-7951-477c-a9c0-ef0af047a425,executorType=newdeploy,functionName=ml-object-detection,functionNamespace=default,functionUid=dc6d8a52-8de2-4fbb-beef-7bcaa92aa890'
[ok] Patched Deployment resources
[ok] Patched Deployment resources
[ok] Verified Deployment template resources: requests={'cpu': '300m', 'memory': '50Mi'} limits={'cpu': '300m', 'memory': '70Mi'}
[info] Scaling deployment to 0 replicas to force full pod replacement
[ok] Verified Deployment template resources: requests={'cpu': '1500m', 'memory': '400Mi'} limits={'cpu': '6', 'memory': '473Mi'}
[info] Scaling deployment to 0 replicas to force full pod replacement
[ok] All pods terminated (replicas=0)
[info] Scaling deployment back to 49 replicas
[ok] All pods terminated (replicas=0)
[info] Scaling deployment back to 17 replicas
[ok] Rollout completed after scale-to-zero
[verify] newest RS=newdeploy-ml-image-processing-default-a616-8254b24ce685-747497c47c pods=17 ready=17
[ok] Verified newest ReplicaSet template resources match expected
[ok] Rollout completed after scale-to-zero
[verify] newest RS=newdeploy-ml-object-detection-default-beef-7bcaa92aa890-6687b59688 pods=49 ready=49
[ok] Verified newest ReplicaSet template resources match expected
[info] Started Locust with PID 3939021
[info] start sleep for 30s
[info] sleep done
\Start sampling in parallel...
Workflow e2e p99 latency (52 completed in 17.8s, parallel, 8 workers): 3.620s
Average stage latencies:
  - ml-image-processing: 0.288s
  - ml-object-detection: 0.143s
================================================================================
objective      : energy
resource_config: [{'cpu_m': 300, 'memory_mi': 70}, {'cpu_m': 6000, 'memory_mi': 473}], latencies: {'ml-image-processing': 0.28832853415336174, 'ml-object-detection': 0.14290323259774595}, price_cost: 7567.695186, energy_cost: 380.471088, latency_p99 : 3.619765
wall_time_s    : 77.165
================================================================================

[info] Locust stopped
Updating function ml-image-processing to cpu: 334m, memory: 50Mi
Updating Deployment resource configuration...

Updating function ml-object-detection to cpu: 5575m, memory: 512Mi
Updating Deployment resource configuration...

[info] Original replicas=49, selector='environmentName=yolo,environmentNamespace=default,environmentUid=4b5fef2f-7951-477c-a9c0-ef0af047a425,executorType=newdeploy,functionName=ml-object-detection,functionNamespace=default,functionUid=dc6d8a52-8de2-4fbb-beef-7bcaa92aa890'
[info] Original replicas=17, selector='environmentName=ml-image-processing,environmentNamespace=default,environmentUid=8dcaa936-04ed-49cf-8ddf-36cdc234cbfd,executorType=newdeploy,functionName=ml-image-processing,functionNamespace=default,functionUid=d8529cac-3c02-4647-a616-8254b24ce685'
[ok] Patched Deployment resources
[ok] Patched Deployment resources
[ok] Verified Deployment template resources: requests={'cpu': '1500m', 'memory': '400Mi'} limits={'cpu': '5575m', 'memory': '512Mi'}
[info] Scaling deployment to 0 replicas to force full pod replacement
[ok] Verified Deployment template resources: requests={'cpu': '300m', 'memory': '50Mi'} limits={'cpu': '334m', 'memory': '50Mi'}
[info] Scaling deployment to 0 replicas to force full pod replacement
[ok] All pods terminated (replicas=0)
[info] Scaling deployment back to 49 replicas
[ok] All pods terminated (replicas=0)
[info] Scaling deployment back to 17 replicas
[ok] Rollout completed after scale-to-zero
[verify] newest RS=newdeploy-ml-image-processing-default-a616-8254b24ce685-67667769cc pods=17 ready=17
[ok] Verified newest ReplicaSet template resources match expected
[ok] Rollout completed after scale-to-zero
[verify] newest RS=newdeploy-ml-object-detection-default-beef-7bcaa92aa890-86d98dc496 pods=49 ready=49
[ok] Verified newest ReplicaSet template resources match expected
[info] Started Locust with PID 3949869
[info] start sleep for 30s
[info] sleep done
\Start sampling in parallel...
Workflow e2e p99 latency (62 completed in 18.0s, parallel, 8 workers): 2.312s
Average stage latencies:
  - ml-image-processing: 0.249s
  - ml-object-detection: 0.150s
================================================================================
objective      : energy
resource_config: [{'cpu_m': 334, 'memory_mi': 50}, {'cpu_m': 5575, 'memory_mi': 512}], latencies: {'ml-image-processing': 0.24940059104964377, 'ml-object-detection': 0.14969655164637632}, price_cost: 7368.336409, energy_cost: 401.232683, latency_p99 : 2.311550
wall_time_s    : 77.440
================================================================================

[info] Locust stopped
Updating function ml-image-processing to cpu: 300m, memory: 54Mi
Updating Deployment resource configuration...

Updating function ml-object-detection to cpu: 6000m, memory: 512Mi
Updating Deployment resource configuration...

[info] Original replicas=17, selector='environmentName=ml-image-processing,environmentNamespace=default,environmentUid=8dcaa936-04ed-49cf-8ddf-36cdc234cbfd,executorType=newdeploy,functionName=ml-image-processing,functionNamespace=default,functionUid=d8529cac-3c02-4647-a616-8254b24ce685'
[info] Original replicas=49, selector='environmentName=yolo,environmentNamespace=default,environmentUid=4b5fef2f-7951-477c-a9c0-ef0af047a425,executorType=newdeploy,functionName=ml-object-detection,functionNamespace=default,functionUid=dc6d8a52-8de2-4fbb-beef-7bcaa92aa890'
[ok] Patched Deployment resources
[ok] Patched Deployment resources
[ok] Verified Deployment template resources: requests={'cpu': '300m', 'memory': '50Mi'} limits={'cpu': '300m', 'memory': '54Mi'}
[info] Scaling deployment to 0 replicas to force full pod replacement
[ok] Verified Deployment template resources: requests={'cpu': '1500m', 'memory': '400Mi'} limits={'cpu': '6', 'memory': '512Mi'}
[info] Scaling deployment to 0 replicas to force full pod replacement
[ok] All pods terminated (replicas=0)
[info] Scaling deployment back to 49 replicas
[ok] All pods terminated (replicas=0)
[info] Scaling deployment back to 17 replicas
[ok] Rollout completed after scale-to-zero
[verify] newest RS=newdeploy-ml-image-processing-default-a616-8254b24ce685-c7699667c pods=17 ready=17
[ok] Verified newest ReplicaSet template resources match expected
[ok] Rollout completed after scale-to-zero
[verify] newest RS=newdeploy-ml-object-detection-default-beef-7bcaa92aa890-5bc4fb78cc pods=49 ready=49
[ok] Verified newest ReplicaSet template resources match expected
[info] Started Locust with PID 3960469
[info] start sleep for 30s
[info] sleep done
\Start sampling in parallel...
Workflow e2e p99 latency (55 completed in 17.0s, parallel, 8 workers): 3.202s
Average stage latencies:
  - ml-image-processing: 0.282s
  - ml-object-detection: 0.146s
================================================================================
objective      : energy
resource_config: [{'cpu_m': 300, 'memory_mi': 54}, {'cpu_m': 6000, 'memory_mi': 512}], latencies: {'ml-image-processing': 0.28209856319325893, 'ml-object-detection': 0.1464119787920605}, price_cost: 7744.067075, energy_cost: 393.680178, latency_p99 : 3.201731
wall_time_s    : 78.169
================================================================================

[info] Locust stopped
[info] Locust is not running
================================================================================

Batch  1: best_feasible_cost (random, qNEI) = (429.70069170013636, 401.23268341137987), best_constraint =  -0.688 (<=0 feasible), time = 240.30.
Best feasible resource configuration: [{'cpu_m': 334, 'memory_mi': 50}, {'cpu_m': 5575, 'memory_mi': 512}]

================================================================================
/home/cc/miniconda3/envs/faas/lib/python3.10/site-packages/botorch/acquisition/monte_carlo.py:502: NumericsWarning: qNoisyExpectedImprovement has known numerical issues that lead to suboptimal optimization performance. It is strongly recommended to simply replace

	 qNoisyExpectedImprovement 	 --> 	 qLogNoisyExpectedImprovement 

instead, which fixes the issues and has the same API. See https://arxiv.org/abs/2310.20708 for details.
  legacy_ei_numerics_warning(legacy_name=type(self).__name__)
Updating function ml-image-processing to cpu: 300m, memory: 58Mi
Updating Deployment resource configuration...

Updating function ml-object-detection to cpu: 5636m, memory: 511Mi
Updating Deployment resource configuration...

[info] Original replicas=49, selector='environmentName=yolo,environmentNamespace=default,environmentUid=4b5fef2f-7951-477c-a9c0-ef0af047a425,executorType=newdeploy,functionName=ml-object-detection,functionNamespace=default,functionUid=dc6d8a52-8de2-4fbb-beef-7bcaa92aa890'
[info] Original replicas=17, selector='environmentName=ml-image-processing,environmentNamespace=default,environmentUid=8dcaa936-04ed-49cf-8ddf-36cdc234cbfd,executorType=newdeploy,functionName=ml-image-processing,functionNamespace=default,functionUid=d8529cac-3c02-4647-a616-8254b24ce685'
[ok] Patched Deployment resources
[ok] Patched Deployment resources
[ok] Verified Deployment template resources: requests={'cpu': '1500m', 'memory': '400Mi'} limits={'cpu': '5636m', 'memory': '511Mi'}
[info] Scaling deployment to 0 replicas to force full pod replacement
[ok] Verified Deployment template resources: requests={'cpu': '300m', 'memory': '50Mi'} limits={'cpu': '300m', 'memory': '58Mi'}
[info] Scaling deployment to 0 replicas to force full pod replacement
[ok] All pods terminated (replicas=0)
[info] Scaling deployment back to 49 replicas
[ok] All pods terminated (replicas=0)
[info] Scaling deployment back to 17 replicas
[ok] Rollout completed after scale-to-zero
[verify] newest RS=newdeploy-ml-image-processing-default-a616-8254b24ce685-54cc75f46b pods=17 ready=17
[ok] Verified newest ReplicaSet template resources match expected
[ok] Rollout completed after scale-to-zero
[verify] newest RS=newdeploy-ml-object-detection-default-beef-7bcaa92aa890-7d785cdcc9 pods=49 ready=49
[ok] Verified newest ReplicaSet template resources match expected
[info] Started Locust with PID 3971937
[info] start sleep for 30s
[info] sleep done
\Start sampling in parallel...
Workflow e2e p99 latency (59 completed in 18.4s, parallel, 8 workers): 3.800s
Average stage latencies:
  - ml-image-processing: 0.280s
  - ml-object-detection: 0.143s
================================================================================
objective      : energy
resource_config: [{'cpu_m': 300, 'memory_mi': 58}, {'cpu_m': 5636, 'memory_mi': 511}], latencies: {'ml-image-processing': 0.2796239631282071, 'ml-object-detection': 0.1429296413089259}, price_cost: 7122.782587, energy_cost: 386.005257, latency_p99 : 3.799679
wall_time_s    : 77.202
================================================================================

[info] Locust stopped
Updating function ml-image-processing to cpu: 405m, memory: 70Mi
Updating Deployment resource configuration...

Updating function ml-object-detection to cpu: 1683m, memory: 402Mi
Updating Deployment resource configuration...

[info] Original replicas=49, selector='environmentName=yolo,environmentNamespace=default,environmentUid=4b5fef2f-7951-477c-a9c0-ef0af047a425,executorType=newdeploy,functionName=ml-object-detection,functionNamespace=default,functionUid=dc6d8a52-8de2-4fbb-beef-7bcaa92aa890'
[info] Original replicas=17, selector='environmentName=ml-image-processing,environmentNamespace=default,environmentUid=8dcaa936-04ed-49cf-8ddf-36cdc234cbfd,executorType=newdeploy,functionName=ml-image-processing,functionNamespace=default,functionUid=d8529cac-3c02-4647-a616-8254b24ce685'
[ok] Patched Deployment resources
[ok] Patched Deployment resources
[ok] Verified Deployment template resources: requests={'cpu': '300m', 'memory': '50Mi'} limits={'cpu': '405m', 'memory': '70Mi'}
[info] Scaling deployment to 0 replicas to force full pod replacement
[ok] Verified Deployment template resources: requests={'cpu': '1500m', 'memory': '400Mi'} limits={'cpu': '1683m', 'memory': '402Mi'}
[info] Scaling deployment to 0 replicas to force full pod replacement
[ok] All pods terminated (replicas=0)
[info] Scaling deployment back to 17 replicas
[ok] All pods terminated (replicas=0)
[info] Scaling deployment back to 49 replicas
[ok] Rollout completed after scale-to-zero
[verify] newest RS=newdeploy-ml-image-processing-default-a616-8254b24ce685-fd5fff469 pods=17 ready=17
[ok] Verified newest ReplicaSet template resources match expected
[ok] Rollout completed after scale-to-zero
[verify] newest RS=newdeploy-ml-object-detection-default-beef-7bcaa92aa890-59db6567f8 pods=49 ready=49
[ok] Verified newest ReplicaSet template resources match expected
[info] Started Locust with PID 3982603
[info] start sleep for 30s
[info] sleep done
\Start sampling in parallel...
Workflow e2e p99 latency (35 completed in 20.6s, parallel, 8 workers): 9.000s
Average stage latencies:
  - ml-image-processing: 0.160s
  - ml-object-detection: 0.707s
================================================================================
objective      : energy
resource_config: [{'cpu_m': 405, 'memory_mi': 70}, {'cpu_m': 1683, 'memory_mi': 402}], latencies: {'ml-image-processing': 0.16020546578194783, 'ml-object-detection': 0.7073852529384844}, price_cost: 10456.673138, energy_cost: 311.656041, latency_p99 : 9.000000
wall_time_s    : 80.880
================================================================================

[info] Locust stopped
Updating function ml-image-processing to cpu: 310m, memory: 70Mi
Updating Deployment resource configuration...

Updating function ml-object-detection to cpu: 5755m, memory: 510Mi
Updating Deployment resource configuration...

[info] Original replicas=17, selector='environmentName=ml-image-processing,environmentNamespace=default,environmentUid=8dcaa936-04ed-49cf-8ddf-36cdc234cbfd,executorType=newdeploy,functionName=ml-image-processing,functionNamespace=default,functionUid=d8529cac-3c02-4647-a616-8254b24ce685'
[info] Original replicas=49, selector='environmentName=yolo,environmentNamespace=default,environmentUid=4b5fef2f-7951-477c-a9c0-ef0af047a425,executorType=newdeploy,functionName=ml-object-detection,functionNamespace=default,functionUid=dc6d8a52-8de2-4fbb-beef-7bcaa92aa890'
[ok] Patched Deployment resources
[ok] Patched Deployment resources
[ok] Verified Deployment template resources: requests={'cpu': '300m', 'memory': '50Mi'} limits={'cpu': '310m', 'memory': '70Mi'}
[info] Scaling deployment to 0 replicas to force full pod replacement
[ok] Verified Deployment template resources: requests={'cpu': '1500m', 'memory': '400Mi'} limits={'cpu': '5755m', 'memory': '510Mi'}
[info] Scaling deployment to 0 replicas to force full pod replacement
[ok] All pods terminated (replicas=0)
[info] Scaling deployment back to 49 replicas
[ok] All pods terminated (replicas=0)
[info] Scaling deployment back to 17 replicas
[ok] Deleted HPA newdeploy-ml-object-detection-default-beef-7bcaa92aa890
[ok] Rollout completed after scale-to-zero
[verify] newest RS=newdeploy-ml-image-processing-default-a616-8254b24ce685-7496c99959 pods=17 ready=17
[ok] Verified newest ReplicaSet template resources match expected
[ok] Rollout completed after scale-to-zero
[verify] newest RS=newdeploy-ml-object-detection-default-beef-7bcaa92aa890-5fc58f5757 pods=49 ready=49
[ok] Verified newest ReplicaSet template resources match expected
[info] Started Locust with PID 3993949
[info] start sleep for 30s
[info] sleep done
\Start sampling in parallel...
Workflow e2e p99 latency (54 completed in 16.8s, parallel, 8 workers): 4.336s
Average stage latencies:
  - ml-image-processing: 0.274s
  - ml-object-detection: 0.150s
================================================================================
objective      : energy
resource_config: [{'cpu_m': 310, 'memory_mi': 70}, {'cpu_m': 5755, 'memory_mi': 510}], latencies: {'ml-image-processing': 0.27430572940243614, 'ml-object-detection': 0.1499269393151971}, price_cost: 7614.392357, energy_cost: 385.306967, latency_p99 : 4.336010
wall_time_s    : 76.953
================================================================================

[info] Locust stopped
[info] Locust is not running
================================================================================

Batch  2: best_feasible_cost (random, qNEI) = (429.70069170013636, 401.23268341137987), best_constraint =  -0.688 (<=0 feasible), time = 242.30.
Best feasible resource configuration: [{'cpu_m': 334, 'memory_mi': 50}, {'cpu_m': 5575, 'memory_mi': 512}]

================================================================================
/home/cc/miniconda3/envs/faas/lib/python3.10/site-packages/botorch/acquisition/monte_carlo.py:502: NumericsWarning: qNoisyExpectedImprovement has known numerical issues that lead to suboptimal optimization performance. It is strongly recommended to simply replace

	 qNoisyExpectedImprovement 	 --> 	 qLogNoisyExpectedImprovement 

instead, which fixes the issues and has the same API. See https://arxiv.org/abs/2310.20708 for details.
  legacy_ei_numerics_warning(legacy_name=type(self).__name__)
Updating function ml-image-processing to cpu: 718m, memory: 70Mi
Updating Deployment resource configuration...

Updating function ml-object-detection to cpu: 1500m, memory: 406Mi
Updating Deployment resource configuration...

[info] Original replicas=17, selector='environmentName=ml-image-processing,environmentNamespace=default,environmentUid=8dcaa936-04ed-49cf-8ddf-36cdc234cbfd,executorType=newdeploy,functionName=ml-image-processing,functionNamespace=default,functionUid=d8529cac-3c02-4647-a616-8254b24ce685'
[info] Original replicas=49, selector='environmentName=yolo,environmentNamespace=default,environmentUid=4b5fef2f-7951-477c-a9c0-ef0af047a425,executorType=newdeploy,functionName=ml-object-detection,functionNamespace=default,functionUid=dc6d8a52-8de2-4fbb-beef-7bcaa92aa890'
[ok] Patched Deployment resources
[ok] Patched Deployment resources
[ok] Verified Deployment template resources: requests={'cpu': '1500m', 'memory': '400Mi'} limits={'cpu': '1500m', 'memory': '406Mi'}
[info] Scaling deployment to 0 replicas to force full pod replacement
[ok] Verified Deployment template resources: requests={'cpu': '300m', 'memory': '50Mi'} limits={'cpu': '718m', 'memory': '70Mi'}
[info] Scaling deployment to 0 replicas to force full pod replacement
[ok] All pods terminated (replicas=0)
[info] Scaling deployment back to 49 replicas
[ok] All pods terminated (replicas=0)
[info] Scaling deployment back to 17 replicas
[ok] Rollout completed after scale-to-zero
[verify] newest RS=newdeploy-ml-image-processing-default-a616-8254b24ce685-549cb8b85f pods=17 ready=17
[ok] Verified newest ReplicaSet template resources match expected
[ok] Rollout completed after scale-to-zero
[verify] newest RS=newdeploy-ml-object-detection-default-beef-7bcaa92aa890-cf5dbcf49 pods=49 ready=49
[ok] Verified newest ReplicaSet template resources match expected
[info] Started Locust with PID 4005270
[info] start sleep for 30s
[info] sleep done
\Start sampling in parallel...
Workflow e2e p99 latency (33 completed in 19.4s, parallel, 8 workers): 9.000s
Average stage latencies:
  - ml-image-processing: 0.093s
  - ml-object-detection: 0.834s
================================================================================
objective      : energy
resource_config: [{'cpu_m': 718, 'memory_mi': 70}, {'cpu_m': 1500, 'memory_mi': 406}], latencies: {'ml-image-processing': 0.09346254673298626, 'ml-object-detection': 0.8339619185287683}, price_cost: 11007.037164, energy_cost: 301.803270, latency_p99 : 9.000000
wall_time_s    : 78.543
================================================================================

[info] Locust stopped
Updating function ml-image-processing to cpu: 304m, memory: 50Mi
Updating Deployment resource configuration...

Updating function ml-object-detection to cpu: 6000m, memory: 512Mi
Updating Deployment resource configuration...

[info] Original replicas=17, selector='environmentName=ml-image-processing,environmentNamespace=default,environmentUid=8dcaa936-04ed-49cf-8ddf-36cdc234cbfd,executorType=newdeploy,functionName=ml-image-processing,functionNamespace=default,functionUid=d8529cac-3c02-4647-a616-8254b24ce685'
[info] Original replicas=49, selector='environmentName=yolo,environmentNamespace=default,environmentUid=4b5fef2f-7951-477c-a9c0-ef0af047a425,executorType=newdeploy,functionName=ml-object-detection,functionNamespace=default,functionUid=dc6d8a52-8de2-4fbb-beef-7bcaa92aa890'
[ok] Patched Deployment resources
[ok] Patched Deployment resources
[ok] Verified Deployment template resources: requests={'cpu': '1500m', 'memory': '400Mi'} limits={'cpu': '6', 'memory': '512Mi'}
[info] Scaling deployment to 0 replicas to force full pod replacement
[ok] Verified Deployment template resources: requests={'cpu': '300m', 'memory': '50Mi'} limits={'cpu': '304m', 'memory': '50Mi'}
[info] Scaling deployment to 0 replicas to force full pod replacement
[ok] All pods terminated (replicas=0)
[info] Scaling deployment back to 49 replicas
[ok] All pods terminated (replicas=0)
[info] Scaling deployment back to 17 replicas
[ok] Deleted HPA newdeploy-ml-object-detection-default-beef-7bcaa92aa890
[ok] Rollout completed after scale-to-zero
[verify] newest RS=newdeploy-ml-image-processing-default-a616-8254b24ce685-5999c4f879 pods=17 ready=17
[ok] Verified newest ReplicaSet template resources match expected
[ok] Rollout completed after scale-to-zero
[verify] newest RS=newdeploy-ml-object-detection-default-beef-7bcaa92aa890-5bc4fb78cc pods=49 ready=49
[ok] Verified newest ReplicaSet template resources match expected
[info] Started Locust with PID 4016279
[info] start sleep for 30s
[info] sleep done
\Start sampling in parallel...
Workflow e2e p99 latency (53 completed in 17.5s, parallel, 8 workers): 3.535s
Average stage latencies:
  - ml-image-processing: 0.293s
  - ml-object-detection: 0.146s
================================================================================
objective      : energy
resource_config: [{'cpu_m': 304, 'memory_mi': 50}, {'cpu_m': 6000, 'memory_mi': 512}], latencies: {'ml-image-processing': 0.2934570351422255, 'ml-object-detection': 0.14562573214500862}, price_cost: 7717.190990, energy_cost: 390.867665, latency_p99 : 3.534787
wall_time_s    : 78.504
================================================================================

[info] Locust stopped
Updating function ml-image-processing to cpu: 329m, memory: 69Mi
Updating Deployment resource configuration...

Updating function ml-object-detection to cpu: 6000m, memory: 426Mi
Updating Deployment resource configuration...

[info] Original replicas=49, selector='environmentName=yolo,environmentNamespace=default,environmentUid=4b5fef2f-7951-477c-a9c0-ef0af047a425,executorType=newdeploy,functionName=ml-object-detection,functionNamespace=default,functionUid=dc6d8a52-8de2-4fbb-beef-7bcaa92aa890'
[info] Original replicas=17, selector='environmentName=ml-image-processing,environmentNamespace=default,environmentUid=8dcaa936-04ed-49cf-8ddf-36cdc234cbfd,executorType=newdeploy,functionName=ml-image-processing,functionNamespace=default,functionUid=d8529cac-3c02-4647-a616-8254b24ce685'
[ok] Patched Deployment resources
[ok] Patched Deployment resources
[ok] Verified Deployment template resources: requests={'cpu': '300m', 'memory': '50Mi'} limits={'cpu': '329m', 'memory': '69Mi'}
[info] Scaling deployment to 0 replicas to force full pod replacement
[ok] Verified Deployment template resources: requests={'cpu': '1500m', 'memory': '400Mi'} limits={'cpu': '6', 'memory': '426Mi'}
[info] Scaling deployment to 0 replicas to force full pod replacement
[ok] All pods terminated (replicas=0)
[info] Scaling deployment back to 17 replicas
[ok] All pods terminated (replicas=0)
[info] Scaling deployment back to 49 replicas
[ok] Rollout completed after scale-to-zero
[verify] newest RS=newdeploy-ml-image-processing-default-a616-8254b24ce685-68967659b5 pods=17 ready=17
[ok] Verified newest ReplicaSet template resources match expected
[ok] Rollout completed after scale-to-zero
[verify] newest RS=newdeploy-ml-object-detection-default-beef-7bcaa92aa890-996f98dbb pods=49 ready=49
[ok] Verified newest ReplicaSet template resources match expected
[info] Started Locust with PID 4026719
[info] start sleep for 30s
[info] sleep done
\Start sampling in parallel...
Workflow e2e p99 latency (60 completed in 17.6s, parallel, 8 workers): 3.495s
Average stage latencies:
  - ml-image-processing: 0.260s
  - ml-object-detection: 0.145s
================================================================================
objective      : energy
resource_config: [{'cpu_m': 329, 'memory_mi': 69}, {'cpu_m': 6000, 'memory_mi': 426}], latencies: {'ml-image-processing': 0.25995698949942986, 'ml-object-detection': 0.1448236242790396}, price_cost: 7658.484830, energy_cost: 405.957812, latency_p99 : 3.495045
wall_time_s    : 77.961
================================================================================

[info] Locust stopped
[info] Locust is not running
================================================================================

Batch  3: best_feasible_cost (random, qNEI) = (429.70069170013636, 401.23268341137987), best_constraint =  -0.688 (<=0 feasible), time = 243.22.
Best feasible resource configuration: [{'cpu_m': 334, 'memory_mi': 50}, {'cpu_m': 5575, 'memory_mi': 512}]

================================================================================
/home/cc/miniconda3/envs/faas/lib/python3.10/site-packages/botorch/acquisition/monte_carlo.py:502: NumericsWarning: qNoisyExpectedImprovement has known numerical issues that lead to suboptimal optimization performance. It is strongly recommended to simply replace

	 qNoisyExpectedImprovement 	 --> 	 qLogNoisyExpectedImprovement 

instead, which fixes the issues and has the same API. See https://arxiv.org/abs/2310.20708 for details.
  legacy_ei_numerics_warning(legacy_name=type(self).__name__)
Updating function ml-image-processing to cpu: 462m, memory: 66Mi
Updating Deployment resource configuration...

Updating function ml-object-detection to cpu: 4157m, memory: 475Mi
Updating Deployment resource configuration...

[info] Original replicas=17, selector='environmentName=ml-image-processing,environmentNamespace=default,environmentUid=8dcaa936-04ed-49cf-8ddf-36cdc234cbfd,executorType=newdeploy,functionName=ml-image-processing,functionNamespace=default,functionUid=d8529cac-3c02-4647-a616-8254b24ce685'
[info] Original replicas=49, selector='environmentName=yolo,environmentNamespace=default,environmentUid=4b5fef2f-7951-477c-a9c0-ef0af047a425,executorType=newdeploy,functionName=ml-object-detection,functionNamespace=default,functionUid=dc6d8a52-8de2-4fbb-beef-7bcaa92aa890'
[ok] Patched Deployment resources
[ok] Patched Deployment resources
[ok] Verified Deployment template resources: requests={'cpu': '1500m', 'memory': '400Mi'} limits={'cpu': '4157m', 'memory': '475Mi'}
[info] Scaling deployment to 0 replicas to force full pod replacement
[ok] Verified Deployment template resources: requests={'cpu': '300m', 'memory': '50Mi'} limits={'cpu': '462m', 'memory': '66Mi'}
[info] Scaling deployment to 0 replicas to force full pod replacement
[ok] All pods terminated (replicas=0)
[info] Scaling deployment back to 49 replicas
[ok] All pods terminated (replicas=0)
[info] Scaling deployment back to 17 replicas
[ok] Rollout completed after scale-to-zero
[verify] newest RS=newdeploy-ml-image-processing-default-a616-8254b24ce685-7b795d8c85 pods=17 ready=17
[ok] Verified newest ReplicaSet template resources match expected
[ok] Rollout completed after scale-to-zero
[verify] newest RS=newdeploy-ml-object-detection-default-beef-7bcaa92aa890-d68878948 pods=49 ready=49
[ok] Verified newest ReplicaSet template resources match expected
[info] Started Locust with PID 4038124
[info] start sleep for 30s
[info] sleep done
\Start sampling in parallel...
Workflow e2e p99 latency (66 completed in 17.7s, parallel, 8 workers): 2.169s
Average stage latencies:
  - ml-image-processing: 0.197s
  - ml-object-detection: 0.228s
================================================================================
objective      : energy
resource_config: [{'cpu_m': 462, 'memory_mi': 66}, {'cpu_m': 4157, 'memory_mi': 475}], latencies: {'ml-image-processing': 0.1966710598278565, 'ml-object-detection': 0.22795803257207753}, price_cost: 8368.187610, energy_cost: 441.560445, latency_p99 : 2.168703
wall_time_s    : 77.526
================================================================================

[info] Locust stopped
Updating function ml-image-processing to cpu: 324m, memory: 50Mi
Updating Deployment resource configuration...

Updating function ml-object-detection to cpu: 5913m, memory: 512Mi
Updating Deployment resource configuration...

[info] Original replicas=17, selector='environmentName=ml-image-processing,environmentNamespace=default,environmentUid=8dcaa936-04ed-49cf-8ddf-36cdc234cbfd,executorType=newdeploy,functionName=ml-image-processing,functionNamespace=default,functionUid=d8529cac-3c02-4647-a616-8254b24ce685'
[info] Original replicas=49, selector='environmentName=yolo,environmentNamespace=default,environmentUid=4b5fef2f-7951-477c-a9c0-ef0af047a425,executorType=newdeploy,functionName=ml-object-detection,functionNamespace=default,functionUid=dc6d8a52-8de2-4fbb-beef-7bcaa92aa890'
[ok] Patched Deployment resources
[ok] Patched Deployment resources
[ok] Verified Deployment template resources: requests={'cpu': '300m', 'memory': '50Mi'} limits={'cpu': '324m', 'memory': '50Mi'}
[info] Scaling deployment to 0 replicas to force full pod replacement
[ok] Verified Deployment template resources: requests={'cpu': '1500m', 'memory': '400Mi'} limits={'cpu': '5913m', 'memory': '512Mi'}
[info] Scaling deployment to 0 replicas to force full pod replacement
[ok] All pods terminated (replicas=0)
[info] Scaling deployment back to 49 replicas
[ok] All pods terminated (replicas=0)
[info] Scaling deployment back to 17 replicas
[ok] Rollout completed after scale-to-zero
[verify] newest RS=newdeploy-ml-image-processing-default-a616-8254b24ce685-7447d9d54c pods=17 ready=17
[ok] Verified newest ReplicaSet template resources match expected
[ok] Rollout completed after scale-to-zero
[verify] newest RS=newdeploy-ml-object-detection-default-beef-7bcaa92aa890-979d5847b pods=49 ready=49
[ok] Verified newest ReplicaSet template resources match expected
[info] Started Locust with PID 4048816
[info] start sleep for 30s
[info] sleep done
\Start sampling in parallel...
Workflow e2e p99 latency (57 completed in 17.7s, parallel, 8 workers): 3.380s
Average stage latencies:
  - ml-image-processing: 0.271s
  - ml-object-detection: 0.149s
================================================================================
objective      : energy
resource_config: [{'cpu_m': 324, 'memory_mi': 50}, {'cpu_m': 5913, 'memory_mi': 512}], latencies: {'ml-image-processing': 0.2707579416516972, 'ml-object-detection': 0.14914903520165304}, price_cost: 7782.877416, energy_cost: 397.605656, latency_p99 : 3.380052
wall_time_s    : 78.872
================================================================================

[info] Locust stopped
Updating function ml-image-processing to cpu: 300m, memory: 53Mi
Updating Deployment resource configuration...

Updating function ml-object-detection to cpu: 5814m, memory: 430Mi
Updating Deployment resource configuration...

[info] Original replicas=17, selector='environmentName=ml-image-processing,environmentNamespace=default,environmentUid=8dcaa936-04ed-49cf-8ddf-36cdc234cbfd,executorType=newdeploy,functionName=ml-image-processing,functionNamespace=default,functionUid=d8529cac-3c02-4647-a616-8254b24ce685'
[info] Original replicas=49, selector='environmentName=yolo,environmentNamespace=default,environmentUid=4b5fef2f-7951-477c-a9c0-ef0af047a425,executorType=newdeploy,functionName=ml-object-detection,functionNamespace=default,functionUid=dc6d8a52-8de2-4fbb-beef-7bcaa92aa890'
[ok] Patched Deployment resources
[ok] Patched Deployment resources
[ok] Verified Deployment template resources: requests={'cpu': '300m', 'memory': '50Mi'} limits={'cpu': '300m', 'memory': '53Mi'}
[info] Scaling deployment to 0 replicas to force full pod replacement
[ok] Verified Deployment template resources: requests={'cpu': '1500m', 'memory': '400Mi'} limits={'cpu': '5814m', 'memory': '430Mi'}
[info] Scaling deployment to 0 replicas to force full pod replacement
[ok] All pods terminated (replicas=0)
[info] Scaling deployment back to 17 replicas
[ok] All pods terminated (replicas=0)
[info] Scaling deployment back to 49 replicas
[ok] Rollout completed after scale-to-zero
[verify] newest RS=newdeploy-ml-image-processing-default-a616-8254b24ce685-7655cf4d7b pods=17 ready=17
[ok] Verified newest ReplicaSet template resources match expected
[ok] Rollout completed after scale-to-zero
[verify] newest RS=newdeploy-ml-object-detection-default-beef-7bcaa92aa890-6b8f4b5566 pods=49 ready=49
[ok] Verified newest ReplicaSet template resources match expected
[info] Started Locust with PID 4059611
[info] start sleep for 30s
[info] sleep done
\Start sampling in parallel...
Workflow e2e p99 latency (55 completed in 17.3s, parallel, 8 workers): 3.404s
Average stage latencies:
  - ml-image-processing: 0.287s
  - ml-object-detection: 0.133s
================================================================================
objective      : energy
resource_config: [{'cpu_m': 300, 'memory_mi': 53}, {'cpu_m': 5814, 'memory_mi': 430}], latencies: {'ml-image-processing': 0.28723151198672975, 'ml-object-detection': 0.13300467041236433}, price_cost: 6846.249329, energy_cost: 390.246041, latency_p99 : 3.403844
wall_time_s    : 79.026
================================================================================

[info] Locust stopped
[info] Locust is not running
================================================================================

Batch  4: best_feasible_cost (random, qNEI) = (429.70069170013636, 401.23268341137987), best_constraint =  -0.688 (<=0 feasible), time = 243.80.
Best feasible resource configuration: [{'cpu_m': 334, 'memory_mi': 50}, {'cpu_m': 5575, 'memory_mi': 512}]

================================================================================
/home/cc/miniconda3/envs/faas/lib/python3.10/site-packages/botorch/acquisition/monte_carlo.py:502: NumericsWarning: qNoisyExpectedImprovement has known numerical issues that lead to suboptimal optimization performance. It is strongly recommended to simply replace

	 qNoisyExpectedImprovement 	 --> 	 qLogNoisyExpectedImprovement 

instead, which fixes the issues and has the same API. See https://arxiv.org/abs/2310.20708 for details.
  legacy_ei_numerics_warning(legacy_name=type(self).__name__)
Updating function ml-image-processing to cpu: 300m, memory: 52Mi
Updating Deployment resource configuration...

Updating function ml-object-detection to cpu: 5586m, memory: 512Mi
Updating Deployment resource configuration...

[info] Original replicas=17, selector='environmentName=ml-image-processing,environmentNamespace=default,environmentUid=8dcaa936-04ed-49cf-8ddf-36cdc234cbfd,executorType=newdeploy,functionName=ml-image-processing,functionNamespace=default,functionUid=d8529cac-3c02-4647-a616-8254b24ce685'
[info] Original replicas=49, selector='environmentName=yolo,environmentNamespace=default,environmentUid=4b5fef2f-7951-477c-a9c0-ef0af047a425,executorType=newdeploy,functionName=ml-object-detection,functionNamespace=default,functionUid=dc6d8a52-8de2-4fbb-beef-7bcaa92aa890'
[ok] Patched Deployment resources
[ok] Patched Deployment resources
[ok] Verified Deployment template resources: requests={'cpu': '300m', 'memory': '50Mi'} limits={'cpu': '300m', 'memory': '52Mi'}
[info] Scaling deployment to 0 replicas to force full pod replacement
[ok] Verified Deployment template resources: requests={'cpu': '1500m', 'memory': '400Mi'} limits={'cpu': '5586m', 'memory': '512Mi'}
[info] Scaling deployment to 0 replicas to force full pod replacement
[ok] All pods terminated (replicas=0)
[info] Scaling deployment back to 17 replicas
[ok] All pods terminated (replicas=0)
[info] Scaling deployment back to 49 replicas
[ok] Rollout completed after scale-to-zero
[verify] newest RS=newdeploy-ml-image-processing-default-a616-8254b24ce685-5f6f5548b7 pods=17 ready=17
[ok] Verified newest ReplicaSet template resources match expected
[ok] Rollout completed after scale-to-zero
[verify] newest RS=newdeploy-ml-object-detection-default-beef-7bcaa92aa890-9dc4767b8 pods=49 ready=49
[ok] Verified newest ReplicaSet template resources match expected
[info] Started Locust with PID 4071030
[info] start sleep for 30s
[info] sleep done
\Start sampling in parallel...
Workflow e2e p99 latency (52 completed in 17.7s, parallel, 8 workers): 4.885s
Average stage latencies:
  - ml-image-processing: 0.277s
  - ml-object-detection: 0.139s
================================================================================
objective      : energy
resource_config: [{'cpu_m': 300, 'memory_mi': 52}, {'cpu_m': 5586, 'memory_mi': 512}], latencies: {'ml-image-processing': 0.2769791121558788, 'ml-object-detection': 0.13940792134962976}, price_cost: 6891.725814, energy_cost: 381.749867, latency_p99 : 4.885216
wall_time_s    : 77.878
================================================================================

[info] Locust stopped
Updating function ml-image-processing to cpu: 448m, memory: 55Mi
Updating Deployment resource configuration...

Updating function ml-object-detection to cpu: 2561m, memory: 469Mi
Updating Deployment resource configuration...

[info] Original replicas=49, selector='environmentName=yolo,environmentNamespace=default,environmentUid=4b5fef2f-7951-477c-a9c0-ef0af047a425,executorType=newdeploy,functionName=ml-object-detection,functionNamespace=default,functionUid=dc6d8a52-8de2-4fbb-beef-7bcaa92aa890'
[info] Original replicas=17, selector='environmentName=ml-image-processing,environmentNamespace=default,environmentUid=8dcaa936-04ed-49cf-8ddf-36cdc234cbfd,executorType=newdeploy,functionName=ml-image-processing,functionNamespace=default,functionUid=d8529cac-3c02-4647-a616-8254b24ce685'
[ok] Patched Deployment resources
[ok] Patched Deployment resources
[ok] Verified Deployment template resources: requests={'cpu': '1500m', 'memory': '400Mi'} limits={'cpu': '2561m', 'memory': '469Mi'}
[info] Scaling deployment to 0 replicas to force full pod replacement
[ok] Verified Deployment template resources: requests={'cpu': '300m', 'memory': '50Mi'} limits={'cpu': '448m', 'memory': '55Mi'}
[info] Scaling deployment to 0 replicas to force full pod replacement
[ok] All pods terminated (replicas=0)
[info] Scaling deployment back to 49 replicas
[ok] All pods terminated (replicas=0)
[info] Scaling deployment back to 17 replicas
[ok] Rollout completed after scale-to-zero
[verify] newest RS=newdeploy-ml-image-processing-default-a616-8254b24ce685-54b7c9477 pods=17 ready=17
[ok] Verified newest ReplicaSet template resources match expected
[ok] Rollout completed after scale-to-zero
[verify] newest RS=newdeploy-ml-object-detection-default-beef-7bcaa92aa890-5fbb9585cb pods=49 ready=49
[ok] Verified newest ReplicaSet template resources match expected
[info] Started Locust with PID 4081904
[info] start sleep for 30s
[info] sleep done
\Start sampling in parallel...
Workflow e2e p99 latency (49 completed in 20.9s, parallel, 8 workers): 9.000s
Average stage latencies:
  - ml-image-processing: 0.151s
  - ml-object-detection: 0.441s
================================================================================
objective      : energy
resource_config: [{'cpu_m': 448, 'memory_mi': 55}, {'cpu_m': 2561, 'memory_mi': 469}], latencies: {'ml-image-processing': 0.1512371634281325, 'ml-object-detection': 0.4405470781599764}, price_cost: 9889.631889, energy_cost: 356.052552, latency_p99 : 9.000000
wall_time_s    : 80.162
================================================================================

[info] Locust stopped
Updating function ml-image-processing to cpu: 522m, memory: 50Mi
Updating Deployment resource configuration...

Updating function ml-object-detection to cpu: 1500m, memory: 512Mi
Updating Deployment resource configuration...

[info] Original replicas=17, selector='environmentName=ml-image-processing,environmentNamespace=default,environmentUid=8dcaa936-04ed-49cf-8ddf-36cdc234cbfd,executorType=newdeploy,functionName=ml-image-processing,functionNamespace=default,functionUid=d8529cac-3c02-4647-a616-8254b24ce685'
[info] Original replicas=49, selector='environmentName=yolo,environmentNamespace=default,environmentUid=4b5fef2f-7951-477c-a9c0-ef0af047a425,executorType=newdeploy,functionName=ml-object-detection,functionNamespace=default,functionUid=dc6d8a52-8de2-4fbb-beef-7bcaa92aa890'
[ok] Patched Deployment resources
[ok] Patched Deployment resources
[ok] Verified Deployment template resources: requests={'cpu': '300m', 'memory': '50Mi'} limits={'cpu': '522m', 'memory': '50Mi'}
[info] Scaling deployment to 0 replicas to force full pod replacement
[ok] Verified Deployment template resources: requests={'cpu': '1500m', 'memory': '400Mi'} limits={'cpu': '1500m', 'memory': '512Mi'}
[info] Scaling deployment to 0 replicas to force full pod replacement
[ok] All pods terminated (replicas=0)
[info] Scaling deployment back to 49 replicas
[ok] All pods terminated (replicas=0)
[info] Scaling deployment back to 17 replicas
[ok] Deleted HPA newdeploy-ml-object-detection-default-beef-7bcaa92aa890
[ok] Rollout completed after scale-to-zero
[verify] newest RS=newdeploy-ml-image-processing-default-a616-8254b24ce685-78c6d54999 pods=17 ready=17
[ok] Verified newest ReplicaSet template resources match expected
[ok] Rollout completed after scale-to-zero
[verify] newest RS=newdeploy-ml-object-detection-default-beef-7bcaa92aa890-5df586f94d pods=49 ready=49
[ok] Verified newest ReplicaSet template resources match expected
[info] Started Locust with PID 4092728
[info] start sleep for 30s
[info] sleep done
\Start sampling in parallel...
Workflow e2e p99 latency (34 completed in 20.3s, parallel, 8 workers): 9.000s
Average stage latencies:
  - ml-image-processing: 0.109s
  - ml-object-detection: 0.868s
================================================================================
objective      : energy
resource_config: [{'cpu_m': 522, 'memory_mi': 50}, {'cpu_m': 1500, 'memory_mi': 512}], latencies: {'ml-image-processing': 0.10854781516404315, 'ml-object-detection': 0.8684726851484315}, price_cost: 11478.837504, energy_cost: 303.886868, latency_p99 : 9.000000
wall_time_s    : 79.966
================================================================================

[info] Locust stopped
[info] Locust is not running
================================================================================

Batch  5: best_feasible_cost (random, qNEI) = (429.70069170013636, 401.23268341137987), best_constraint =  -0.688 (<=0 feasible), time = 248.20.
Best feasible resource configuration: [{'cpu_m': 334, 'memory_mi': 50}, {'cpu_m': 5575, 'memory_mi': 512}]

================================================================================
/home/cc/miniconda3/envs/faas/lib/python3.10/site-packages/botorch/acquisition/monte_carlo.py:502: NumericsWarning: qNoisyExpectedImprovement has known numerical issues that lead to suboptimal optimization performance. It is strongly recommended to simply replace

	 qNoisyExpectedImprovement 	 --> 	 qLogNoisyExpectedImprovement 

instead, which fixes the issues and has the same API. See https://arxiv.org/abs/2310.20708 for details.
  legacy_ei_numerics_warning(legacy_name=type(self).__name__)
Updating function ml-image-processing to cpu: 800m, memory: 70Mi
Updating Deployment resource configuration...

Updating function ml-object-detection to cpu: 3715m, memory: 400Mi
Updating Deployment resource configuration...

[info] Original replicas=17, selector='environmentName=ml-image-processing,environmentNamespace=default,environmentUid=8dcaa936-04ed-49cf-8ddf-36cdc234cbfd,executorType=newdeploy,functionName=ml-image-processing,functionNamespace=default,functionUid=d8529cac-3c02-4647-a616-8254b24ce685'
[info] Original replicas=49, selector='environmentName=yolo,environmentNamespace=default,environmentUid=4b5fef2f-7951-477c-a9c0-ef0af047a425,executorType=newdeploy,functionName=ml-object-detection,functionNamespace=default,functionUid=dc6d8a52-8de2-4fbb-beef-7bcaa92aa890'
[ok] Patched Deployment resources
[ok] Patched Deployment resources
[ok] Verified Deployment template resources: requests={'cpu': '1500m', 'memory': '400Mi'} limits={'cpu': '3715m', 'memory': '400Mi'}
[info] Scaling deployment to 0 replicas to force full pod replacement
[ok] Verified Deployment template resources: requests={'cpu': '300m', 'memory': '50Mi'} limits={'cpu': '800m', 'memory': '70Mi'}
[info] Scaling deployment to 0 replicas to force full pod replacement
[ok] All pods terminated (replicas=0)
[info] Scaling deployment back to 17 replicas
[ok] All pods terminated (replicas=0)
[info] Scaling deployment back to 49 replicas
[ok] Deleted HPA newdeploy-ml-object-detection-default-beef-7bcaa92aa890
[ok] Rollout completed after scale-to-zero
[verify] newest RS=newdeploy-ml-image-processing-default-a616-8254b24ce685-7f5cd7b88c pods=17 ready=17
[ok] Verified newest ReplicaSet template resources match expected
[ok] Rollout completed after scale-to-zero
[verify] newest RS=newdeploy-ml-object-detection-default-beef-7bcaa92aa890-7897fb86cb pods=49 ready=49
[ok] Verified newest ReplicaSet template resources match expected
[info] Started Locust with PID 4104471
[info] start sleep for 30s
[info] sleep done
\Start sampling in parallel...
Workflow e2e p99 latency (61 completed in 17.6s, parallel, 8 workers): 9.000s
Average stage latencies:
  - ml-image-processing: 0.103s
  - ml-object-detection: 0.284s
================================================================================
objective      : energy
resource_config: [{'cpu_m': 800, 'memory_mi': 70}, {'cpu_m': 3715, 'memory_mi': 400}], latencies: {'ml-image-processing': 0.10334165838290134, 'ml-object-detection': 0.28377521495688063}, price_cost: 9249.732072, energy_cost: 426.284190, latency_p99 : 9.000000
wall_time_s    : 78.975
================================================================================

[info] Locust stopped
Updating function ml-image-processing to cpu: 300m, memory: 63Mi
Updating Deployment resource configuration...

Updating function ml-object-detection to cpu: 4520m, memory: 443Mi
Updating Deployment resource configuration...

[info] Original replicas=17, selector='environmentName=ml-image-processing,environmentNamespace=default,environmentUid=8dcaa936-04ed-49cf-8ddf-36cdc234cbfd,executorType=newdeploy,functionName=ml-image-processing,functionNamespace=default,functionUid=d8529cac-3c02-4647-a616-8254b24ce685'
[info] Original replicas=49, selector='environmentName=yolo,environmentNamespace=default,environmentUid=4b5fef2f-7951-477c-a9c0-ef0af047a425,executorType=newdeploy,functionName=ml-object-detection,functionNamespace=default,functionUid=dc6d8a52-8de2-4fbb-beef-7bcaa92aa890'
[ok] Patched Deployment resources
[ok] Patched Deployment resources
[ok] Verified Deployment template resources: requests={'cpu': '1500m', 'memory': '400Mi'} limits={'cpu': '4520m', 'memory': '443Mi'}
[info] Scaling deployment to 0 replicas to force full pod replacement
[ok] Verified Deployment template resources: requests={'cpu': '300m', 'memory': '50Mi'} limits={'cpu': '300m', 'memory': '63Mi'}
[info] Scaling deployment to 0 replicas to force full pod replacement
[ok] All pods terminated (replicas=0)
[info] Scaling deployment back to 17 replicas
[ok] All pods terminated (replicas=0)
[info] Scaling deployment back to 49 replicas
[ok] Rollout completed after scale-to-zero
[verify] newest RS=newdeploy-ml-image-processing-default-a616-8254b24ce685-5c946b6d74 pods=17 ready=17
[ok] Verified newest ReplicaSet template resources match expected
[ok] Rollout completed after scale-to-zero
[verify] newest RS=newdeploy-ml-object-detection-default-beef-7bcaa92aa890-5b6f58c79b pods=49 ready=49
[ok] Verified newest ReplicaSet template resources match expected
[info] Started Locust with PID 4115072
[info] start sleep for 30s
[info] sleep done
\Start sampling in parallel...
Workflow e2e p99 latency (54 completed in 18.0s, parallel, 8 workers): 3.119s
Average stage latencies:
  - ml-image-processing: 0.298s
  - ml-object-detection: 0.191s
================================================================================
objective      : energy
resource_config: [{'cpu_m': 300, 'memory_mi': 63}, {'cpu_m': 4520, 'memory_mi': 443}], latencies: {'ml-image-processing': 0.2978011125922893, 'ml-object-detection': 0.19063121771129468}, price_cost: 7621.804100, energy_cost: 393.623151, latency_p99 : 3.118860
wall_time_s    : 78.329
================================================================================

[info] Locust stopped
Updating function ml-image-processing to cpu: 770m, memory: 65Mi
Updating Deployment resource configuration...

Updating function ml-object-detection to cpu: 1830m, memory: 503Mi
Updating Deployment resource configuration...

[info] Original replicas=17, selector='environmentName=ml-image-processing,environmentNamespace=default,environmentUid=8dcaa936-04ed-49cf-8ddf-36cdc234cbfd,executorType=newdeploy,functionName=ml-image-processing,functionNamespace=default,functionUid=d8529cac-3c02-4647-a616-8254b24ce685'
[info] Original replicas=49, selector='environmentName=yolo,environmentNamespace=default,environmentUid=4b5fef2f-7951-477c-a9c0-ef0af047a425,executorType=newdeploy,functionName=ml-object-detection,functionNamespace=default,functionUid=dc6d8a52-8de2-4fbb-beef-7bcaa92aa890'
[ok] Patched Deployment resources
[ok] Patched Deployment resources
[ok] Verified Deployment template resources: requests={'cpu': '300m', 'memory': '50Mi'} limits={'cpu': '770m', 'memory': '65Mi'}
[info] Scaling deployment to 0 replicas to force full pod replacement
[ok] Verified Deployment template resources: requests={'cpu': '1500m', 'memory': '400Mi'} limits={'cpu': '1830m', 'memory': '503Mi'}
[info] Scaling deployment to 0 replicas to force full pod replacement
[ok] All pods terminated (replicas=0)
[info] Scaling deployment back to 49 replicas
[ok] All pods terminated (replicas=0)
[info] Scaling deployment back to 17 replicas
[ok] Rollout completed after scale-to-zero
[verify] newest RS=newdeploy-ml-image-processing-default-a616-8254b24ce685-7589dcc687 pods=17 ready=17
[ok] Verified newest ReplicaSet template resources match expected
[ok] Rollout completed after scale-to-zero
[verify] newest RS=newdeploy-ml-object-detection-default-beef-7bcaa92aa890-699665f77d pods=49 ready=49
[ok] Verified newest ReplicaSet template resources match expected
[info] Started Locust with PID 4126011
[info] start sleep for 30s
[info] sleep done
\Start sampling in parallel...
Workflow e2e p99 latency (38 completed in 17.7s, parallel, 8 workers): 9.000s
Average stage latencies:
  - ml-image-processing: 0.090s
  - ml-object-detection: 0.659s
================================================================================
objective      : energy
resource_config: [{'cpu_m': 770, 'memory_mi': 65}, {'cpu_m': 1830, 'memory_mi': 503}], latencies: {'ml-image-processing': 0.09025703715802781, 'ml-object-detection': 0.6589886503743714}, price_cost: 10628.229479, energy_cost: 321.050531, latency_p99 : 9.000000
wall_time_s    : 76.861
================================================================================

[info] Locust stopped
[info] Locust is not running
================================================================================

Batch  6: best_feasible_cost (random, qNEI) = (429.70069170013636, 401.23268341137987), best_constraint =  -0.688 (<=0 feasible), time = 242.68.
Best feasible resource configuration: [{'cpu_m': 334, 'memory_mi': 50}, {'cpu_m': 5575, 'memory_mi': 512}]

================================================================================
/home/cc/miniconda3/envs/faas/lib/python3.10/site-packages/botorch/acquisition/monte_carlo.py:502: NumericsWarning: qNoisyExpectedImprovement has known numerical issues that lead to suboptimal optimization performance. It is strongly recommended to simply replace

	 qNoisyExpectedImprovement 	 --> 	 qLogNoisyExpectedImprovement 

instead, which fixes the issues and has the same API. See https://arxiv.org/abs/2310.20708 for details.
  legacy_ei_numerics_warning(legacy_name=type(self).__name__)
Updating function ml-image-processing to cpu: 328m, memory: 50Mi
Updating Deployment resource configuration...

Updating function ml-object-detection to cpu: 4420m, memory: 505Mi
Updating Deployment resource configuration...

[info] Original replicas=17, selector='environmentName=ml-image-processing,environmentNamespace=default,environmentUid=8dcaa936-04ed-49cf-8ddf-36cdc234cbfd,executorType=newdeploy,functionName=ml-image-processing,functionNamespace=default,functionUid=d8529cac-3c02-4647-a616-8254b24ce685'
[info] Original replicas=49, selector='environmentName=yolo,environmentNamespace=default,environmentUid=4b5fef2f-7951-477c-a9c0-ef0af047a425,executorType=newdeploy,functionName=ml-object-detection,functionNamespace=default,functionUid=dc6d8a52-8de2-4fbb-beef-7bcaa92aa890'
[ok] Patched Deployment resources
[ok] Patched Deployment resources
[ok] Verified Deployment template resources: requests={'cpu': '300m', 'memory': '50Mi'} limits={'cpu': '328m', 'memory': '50Mi'}
[info] Scaling deployment to 0 replicas to force full pod replacement
[ok] Verified Deployment template resources: requests={'cpu': '1500m', 'memory': '400Mi'} limits={'cpu': '4420m', 'memory': '505Mi'}
[info] Scaling deployment to 0 replicas to force full pod replacement
[ok] All pods terminated (replicas=0)
[info] Scaling deployment back to 17 replicas
[ok] All pods terminated (replicas=0)
[info] Scaling deployment back to 49 replicas
[ok] Deleted HPA newdeploy-ml-object-detection-default-beef-7bcaa92aa890
[ok] Rollout completed after scale-to-zero
[verify] newest RS=newdeploy-ml-image-processing-default-a616-8254b24ce685-59cd449b47 pods=17 ready=17
[ok] Verified newest ReplicaSet template resources match expected
[ok] Rollout completed after scale-to-zero
[verify] newest RS=newdeploy-ml-object-detection-default-beef-7bcaa92aa890-cf7bdd4dc pods=49 ready=49
[ok] Verified newest ReplicaSet template resources match expected
[info] Started Locust with PID 4137530
[info] start sleep for 30s
[info] sleep done
\Start sampling in parallel...
Workflow e2e p99 latency (54 completed in 18.1s, parallel, 8 workers): 3.306s
Average stage latencies:
  - ml-image-processing: 0.281s
  - ml-object-detection: 0.190s
================================================================================
objective      : energy
resource_config: [{'cpu_m': 328, 'memory_mi': 50}, {'cpu_m': 4420, 'memory_mi': 505}], latencies: {'ml-image-processing': 0.28137936532773355, 'ml-object-detection': 0.18994671229652507}, price_cost: 7449.174708, energy_cost: 398.859063, latency_p99 : 3.306136
wall_time_s    : 77.935
================================================================================

[info] Locust stopped
Updating function ml-image-processing to cpu: 300m, memory: 70Mi
Updating Deployment resource configuration...

Updating function ml-object-detection to cpu: 4427m, memory: 512Mi
Updating Deployment resource configuration...

[info] Original replicas=17, selector='environmentName=ml-image-processing,environmentNamespace=default,environmentUid=8dcaa936-04ed-49cf-8ddf-36cdc234cbfd,executorType=newdeploy,functionName=ml-image-processing,functionNamespace=default,functionUid=d8529cac-3c02-4647-a616-8254b24ce685'
[info] Original replicas=49, selector='environmentName=yolo,environmentNamespace=default,environmentUid=4b5fef2f-7951-477c-a9c0-ef0af047a425,executorType=newdeploy,functionName=ml-object-detection,functionNamespace=default,functionUid=dc6d8a52-8de2-4fbb-beef-7bcaa92aa890'
[ok] Patched Deployment resources
[ok] Patched Deployment resources
[ok] Verified Deployment template resources: requests={'cpu': '1500m', 'memory': '400Mi'} limits={'cpu': '4427m', 'memory': '512Mi'}
[info] Scaling deployment to 0 replicas to force full pod replacement
[ok] Verified Deployment template resources: requests={'cpu': '300m', 'memory': '50Mi'} limits={'cpu': '300m', 'memory': '70Mi'}
[info] Scaling deployment to 0 replicas to force full pod replacement
[ok] All pods terminated (replicas=0)
[info] Scaling deployment back to 17 replicas
[ok] All pods terminated (replicas=0)
[info] Scaling deployment back to 49 replicas
[ok] Rollout completed after scale-to-zero
[verify] newest RS=newdeploy-ml-image-processing-default-a616-8254b24ce685-747497c47c pods=17 ready=17
[ok] Verified newest ReplicaSet template resources match expected
[ok] Rollout completed after scale-to-zero
[verify] newest RS=newdeploy-ml-object-detection-default-beef-7bcaa92aa890-747c777b6d pods=49 ready=49
[ok] Verified newest ReplicaSet template resources match expected
[info] Started Locust with PID 4147876
[info] start sleep for 30s
[info] sleep done
\Start sampling in parallel...
Workflow e2e p99 latency (50 completed in 17.5s, parallel, 8 workers): 3.818s
Average stage latencies:
  - ml-image-processing: 0.305s
  - ml-object-detection: 0.199s
================================================================================
objective      : energy
resource_config: [{'cpu_m': 300, 'memory_mi': 70}, {'cpu_m': 4427, 'memory_mi': 512}], latencies: {'ml-image-processing': 0.30507337763905523, 'ml-object-detection': 0.19905077939853072}, price_cost: 7804.968921, energy_cost: 389.427401, latency_p99 : 3.818285
wall_time_s    : 78.267
================================================================================

[info] Locust stopped
Updating function ml-image-processing to cpu: 436m, memory: 51Mi
Updating Deployment resource configuration...

Updating function ml-object-detection to cpu: 3739m, memory: 469Mi
Updating Deployment resource configuration...

[info] Original replicas=17, selector='environmentName=ml-image-processing,environmentNamespace=default,environmentUid=8dcaa936-04ed-49cf-8ddf-36cdc234cbfd,executorType=newdeploy,functionName=ml-image-processing,functionNamespace=default,functionUid=d8529cac-3c02-4647-a616-8254b24ce685'
[info] Original replicas=49, selector='environmentName=yolo,environmentNamespace=default,environmentUid=4b5fef2f-7951-477c-a9c0-ef0af047a425,executorType=newdeploy,functionName=ml-object-detection,functionNamespace=default,functionUid=dc6d8a52-8de2-4fbb-beef-7bcaa92aa890'
[ok] Patched Deployment resources
[ok] Patched Deployment resources
[ok] Verified Deployment template resources: requests={'cpu': '1500m', 'memory': '400Mi'} limits={'cpu': '3739m', 'memory': '469Mi'}
[info] Scaling deployment to 0 replicas to force full pod replacement
[ok] Verified Deployment template resources: requests={'cpu': '300m', 'memory': '50Mi'} limits={'cpu': '436m', 'memory': '51Mi'}
[info] Scaling deployment to 0 replicas to force full pod replacement
[ok] All pods terminated (replicas=0)
[info] Scaling deployment back to 49 replicas
[ok] All pods terminated (replicas=0)
[info] Scaling deployment back to 17 replicas
[ok] Rollout completed after scale-to-zero
[verify] newest RS=newdeploy-ml-image-processing-default-a616-8254b24ce685-dc5fc9589 pods=17 ready=17
[ok] Verified newest ReplicaSet template resources match expected
[ok] Rollout completed after scale-to-zero
[verify] newest RS=newdeploy-ml-object-detection-default-beef-7bcaa92aa890-7bff5f995b pods=49 ready=49
[ok] Verified newest ReplicaSet template resources match expected
[info] Started Locust with PID 4158593
[info] start sleep for 30s
[info] sleep done
\Start sampling in parallel...
Workflow e2e p99 latency (61 completed in 17.0s, parallel, 8 workers): 4.360s
Average stage latencies:
  - ml-image-processing: 0.212s
  - ml-object-detection: 0.274s
================================================================================
objective      : energy
resource_config: [{'cpu_m': 436, 'memory_mi': 51}, {'cpu_m': 3739, 'memory_mi': 469}], latencies: {'ml-image-processing': 0.21168499550644737, 'ml-object-detection': 0.27362533196135136}, price_cost: 9023.733209, energy_cost: 426.961581, latency_p99 : 4.359643
wall_time_s    : 75.169
================================================================================

[info] Locust stopped
[info] Locust is not running
================================================================================

Batch  7: best_feasible_cost (random, qNEI) = (429.70069170013636, 401.23268341137987), best_constraint =  -0.688 (<=0 feasible), time = 241.41.
Best feasible resource configuration: [{'cpu_m': 334, 'memory_mi': 50}, {'cpu_m': 5575, 'memory_mi': 512}]

================================================================================
/home/cc/miniconda3/envs/faas/lib/python3.10/site-packages/botorch/acquisition/monte_carlo.py:502: NumericsWarning: qNoisyExpectedImprovement has known numerical issues that lead to suboptimal optimization performance. It is strongly recommended to simply replace

	 qNoisyExpectedImprovement 	 --> 	 qLogNoisyExpectedImprovement 

instead, which fixes the issues and has the same API. See https://arxiv.org/abs/2310.20708 for details.
  legacy_ei_numerics_warning(legacy_name=type(self).__name__)
Updating function ml-image-processing to cpu: 300m, memory: 50Mi
Updating Deployment resource configuration...

Updating function ml-object-detection to cpu: 4250m, memory: 499Mi
Updating Deployment resource configuration...

[info] Original replicas=17, selector='environmentName=ml-image-processing,environmentNamespace=default,environmentUid=8dcaa936-04ed-49cf-8ddf-36cdc234cbfd,executorType=newdeploy,functionName=ml-image-processing,functionNamespace=default,functionUid=d8529cac-3c02-4647-a616-8254b24ce685'
[info] Original replicas=49, selector='environmentName=yolo,environmentNamespace=default,environmentUid=4b5fef2f-7951-477c-a9c0-ef0af047a425,executorType=newdeploy,functionName=ml-object-detection,functionNamespace=default,functionUid=dc6d8a52-8de2-4fbb-beef-7bcaa92aa890'
[ok] Patched Deployment resources
[ok] Patched Deployment resources
[ok] Verified Deployment template resources: requests={'cpu': '300m', 'memory': '50Mi'} limits={'cpu': '300m', 'memory': '50Mi'}
[info] Scaling deployment to 0 replicas to force full pod replacement
[ok] Verified Deployment template resources: requests={'cpu': '1500m', 'memory': '400Mi'} limits={'cpu': '4250m', 'memory': '499Mi'}
[info] Scaling deployment to 0 replicas to force full pod replacement
[ok] All pods terminated (replicas=0)
[info] Scaling deployment back to 49 replicas
[ok] All pods terminated (replicas=0)
[info] Scaling deployment back to 17 replicas
[ok] Rollout completed after scale-to-zero
[verify] newest RS=newdeploy-ml-image-processing-default-a616-8254b24ce685-5789945b5f pods=17 ready=17
[ok] Verified newest ReplicaSet template resources match expected
[ok] Rollout completed after scale-to-zero
[verify] newest RS=newdeploy-ml-object-detection-default-beef-7bcaa92aa890-5cbfb97ff pods=49 ready=49
[ok] Verified newest ReplicaSet template resources match expected
[info] Started Locust with PID 4169898
[info] start sleep for 30s
[info] sleep done
\Start sampling in parallel...
Workflow e2e p99 latency (51 completed in 18.1s, parallel, 8 workers): 3.656s
Average stage latencies:
  - ml-image-processing: 0.286s
  - ml-object-detection: 0.203s
================================================================================
objective      : energy
resource_config: [{'cpu_m': 300, 'memory_mi': 50}, {'cpu_m': 4250, 'memory_mi': 499}], latencies: {'ml-image-processing': 0.2860491256521759, 'ml-object-detection': 0.20265005899629757}, price_cost: 7617.242583, energy_cost: 385.831243, latency_p99 : 3.655689
wall_time_s    : 77.337
================================================================================

[info] Locust stopped
Updating function ml-image-processing to cpu: 619m, memory: 62Mi
Updating Deployment resource configuration...

Updating function ml-object-detection to cpu: 2126m, memory: 433Mi
Updating Deployment resource configuration...

[info] Original replicas=17, selector='environmentName=ml-image-processing,environmentNamespace=default,environmentUid=8dcaa936-04ed-49cf-8ddf-36cdc234cbfd,executorType=newdeploy,functionName=ml-image-processing,functionNamespace=default,functionUid=d8529cac-3c02-4647-a616-8254b24ce685'
[info] Original replicas=49, selector='environmentName=yolo,environmentNamespace=default,environmentUid=4b5fef2f-7951-477c-a9c0-ef0af047a425,executorType=newdeploy,functionName=ml-object-detection,functionNamespace=default,functionUid=dc6d8a52-8de2-4fbb-beef-7bcaa92aa890'
[ok] Patched Deployment resources
[ok] Patched Deployment resources
[ok] Verified Deployment template resources: requests={'cpu': '1500m', 'memory': '400Mi'} limits={'cpu': '2126m', 'memory': '433Mi'}
[info] Scaling deployment to 0 replicas to force full pod replacement
[ok] Verified Deployment template resources: requests={'cpu': '300m', 'memory': '50Mi'} limits={'cpu': '619m', 'memory': '62Mi'}
[info] Scaling deployment to 0 replicas to force full pod replacement
[ok] All pods terminated (replicas=0)
[info] Scaling deployment back to 17 replicas
[ok] All pods terminated (replicas=0)
[info] Scaling deployment back to 49 replicas
[ok] Rollout completed after scale-to-zero
[verify] newest RS=newdeploy-ml-image-processing-default-a616-8254b24ce685-cdb6b8f64 pods=17 ready=17
[ok] Verified newest ReplicaSet template resources match expected
[ok] Rollout completed after scale-to-zero
[verify] newest RS=newdeploy-ml-object-detection-default-beef-7bcaa92aa890-7cf5554564 pods=49 ready=49
[ok] Verified newest ReplicaSet template resources match expected
[info] Started Locust with PID 4181388
[info] start sleep for 30s
[info] sleep done
\Start sampling in parallel...
Workflow e2e p99 latency (45 completed in 19.6s, parallel, 8 workers): 9.000s
Average stage latencies:
  - ml-image-processing: 0.100s
  - ml-object-detection: 0.547s
================================================================================
objective      : energy
resource_config: [{'cpu_m': 619, 'memory_mi': 62}, {'cpu_m': 2126, 'memory_mi': 433}], latencies: {'ml-image-processing': 0.09974719668065922, 'ml-object-detection': 0.5465578773162432}, price_cost: 10175.637351, energy_cost: 336.540660, latency_p99 : 9.000000
wall_time_s    : 81.837
================================================================================

[info] Locust stopped
Updating function ml-image-processing to cpu: 300m, memory: 50Mi
Updating Deployment resource configuration...

Updating function ml-object-detection to cpu: 4501m, memory: 400Mi
Updating Deployment resource configuration...

[info] Original replicas=49, selector='environmentName=yolo,environmentNamespace=default,environmentUid=4b5fef2f-7951-477c-a9c0-ef0af047a425,executorType=newdeploy,functionName=ml-object-detection,functionNamespace=default,functionUid=dc6d8a52-8de2-4fbb-beef-7bcaa92aa890'
[info] Original replicas=17, selector='environmentName=ml-image-processing,environmentNamespace=default,environmentUid=8dcaa936-04ed-49cf-8ddf-36cdc234cbfd,executorType=newdeploy,functionName=ml-image-processing,functionNamespace=default,functionUid=d8529cac-3c02-4647-a616-8254b24ce685'
[ok] Patched Deployment resources
[ok] Patched Deployment resources
[ok] Verified Deployment template resources: requests={'cpu': '300m', 'memory': '50Mi'} limits={'cpu': '300m', 'memory': '50Mi'}
[info] Scaling deployment to 0 replicas to force full pod replacement
[ok] Verified Deployment template resources: requests={'cpu': '1500m', 'memory': '400Mi'} limits={'cpu': '4501m', 'memory': '400Mi'}
[info] Scaling deployment to 0 replicas to force full pod replacement
[ok] All pods terminated (replicas=0)
[info] Scaling deployment back to 49 replicas
[ok] All pods terminated (replicas=0)
[info] Scaling deployment back to 17 replicas
[ok] Deleted HPA newdeploy-ml-object-detection-default-beef-7bcaa92aa890
[ok] Rollout completed after scale-to-zero
[verify] newest RS=newdeploy-ml-image-processing-default-a616-8254b24ce685-5789945b5f pods=17 ready=17
[ok] Verified newest ReplicaSet template resources match expected
[ok] Rollout completed after scale-to-zero
[verify] newest RS=newdeploy-ml-object-detection-default-beef-7bcaa92aa890-69dc66bb56 pods=49 ready=49
[ok] Verified newest ReplicaSet template resources match expected
[info] Started Locust with PID 4192299
[info] start sleep for 30s
[info] sleep done
\Start sampling in parallel...
Workflow e2e p99 latency (49 completed in 17.1s, parallel, 8 workers): 3.687s
Average stage latencies:
  - ml-image-processing: 0.297s
  - ml-object-detection: 0.183s
================================================================================
objective      : energy
resource_config: [{'cpu_m': 300, 'memory_mi': 50}, {'cpu_m': 4501, 'memory_mi': 400}], latencies: {'ml-image-processing': 0.2969113396936838, 'ml-object-detection': 0.1832995670467463}, price_cost: 7303.049707, energy_cost: 383.717512, latency_p99 : 3.687250
wall_time_s    : 76.347
================================================================================

[info] Locust stopped
[info] Locust is not running
================================================================================

Batch  8: best_feasible_cost (random, qNEI) = (429.70069170013636, 401.23268341137987), best_constraint =  -0.688 (<=0 feasible), time = 246.98.
Best feasible resource configuration: [{'cpu_m': 334, 'memory_mi': 50}, {'cpu_m': 5575, 'memory_mi': 512}]

================================================================================
/home/cc/miniconda3/envs/faas/lib/python3.10/site-packages/botorch/acquisition/monte_carlo.py:502: NumericsWarning: qNoisyExpectedImprovement has known numerical issues that lead to suboptimal optimization performance. It is strongly recommended to simply replace

	 qNoisyExpectedImprovement 	 --> 	 qLogNoisyExpectedImprovement 

instead, which fixes the issues and has the same API. See https://arxiv.org/abs/2310.20708 for details.
  legacy_ei_numerics_warning(legacy_name=type(self).__name__)
Updating function ml-image-processing to cpu: 588m, memory: 63Mi
Updating Deployment resource configuration...

Updating function ml-object-detection to cpu: 3889m, memory: 464Mi
Updating Deployment resource configuration...

[info] Original replicas=17, selector='environmentName=ml-image-processing,environmentNamespace=default,environmentUid=8dcaa936-04ed-49cf-8ddf-36cdc234cbfd,executorType=newdeploy,functionName=ml-image-processing,functionNamespace=default,functionUid=d8529cac-3c02-4647-a616-8254b24ce685'
[info] Original replicas=49, selector='environmentName=yolo,environmentNamespace=default,environmentUid=4b5fef2f-7951-477c-a9c0-ef0af047a425,executorType=newdeploy,functionName=ml-object-detection,functionNamespace=default,functionUid=dc6d8a52-8de2-4fbb-beef-7bcaa92aa890'
[ok] Patched Deployment resources
[ok] Patched Deployment resources
[ok] Verified Deployment template resources: requests={'cpu': '300m', 'memory': '50Mi'} limits={'cpu': '588m', 'memory': '63Mi'}
[info] Scaling deployment to 0 replicas to force full pod replacement
[ok] Verified Deployment template resources: requests={'cpu': '1500m', 'memory': '400Mi'} limits={'cpu': '3889m', 'memory': '464Mi'}
[info] Scaling deployment to 0 replicas to force full pod replacement
[ok] All pods terminated (replicas=0)
[info] Scaling deployment back to 17 replicas
[ok] All pods terminated (replicas=0)
[info] Scaling deployment back to 49 replicas
[ok] Rollout completed after scale-to-zero
[verify] newest RS=newdeploy-ml-image-processing-default-a616-8254b24ce685-6576f96598 pods=17 ready=17
[ok] Verified newest ReplicaSet template resources match expected
[ok] Rollout completed after scale-to-zero
[verify] newest RS=newdeploy-ml-object-detection-default-beef-7bcaa92aa890-75f6ccbc9b pods=49 ready=49
[ok] Verified newest ReplicaSet template resources match expected
[info] Started Locust with PID 10343
[info] start sleep for 30s
[info] sleep done
\Start sampling in parallel...
Workflow e2e p99 latency (60 completed in 19.4s, parallel, 8 workers): 9.000s
Average stage latencies:
  - ml-image-processing: 0.136s
  - ml-object-detection: 0.268s
================================================================================
objective      : energy
resource_config: [{'cpu_m': 588, 'memory_mi': 63}, {'cpu_m': 3889, 'memory_mi': 464}], latencies: {'ml-image-processing': 0.1360038927643849, 'ml-object-detection': 0.2681125546885847}, price_cost: 9150.843467, energy_cost: 434.437639, latency_p99 : 9.000000
wall_time_s    : 78.859
================================================================================

[info] Locust stopped
Updating function ml-image-processing to cpu: 350m, memory: 52Mi
Updating Deployment resource configuration...

Updating function ml-object-detection to cpu: 4427m, memory: 431Mi
Updating Deployment resource configuration...

[info] Original replicas=17, selector='environmentName=ml-image-processing,environmentNamespace=default,environmentUid=8dcaa936-04ed-49cf-8ddf-36cdc234cbfd,executorType=newdeploy,functionName=ml-image-processing,functionNamespace=default,functionUid=d8529cac-3c02-4647-a616-8254b24ce685'
[info] Original replicas=49, selector='environmentName=yolo,environmentNamespace=default,environmentUid=4b5fef2f-7951-477c-a9c0-ef0af047a425,executorType=newdeploy,functionName=ml-object-detection,functionNamespace=default,functionUid=dc6d8a52-8de2-4fbb-beef-7bcaa92aa890'
[ok] Patched Deployment resources
[ok] Patched Deployment resources
[ok] Verified Deployment template resources: requests={'cpu': '1500m', 'memory': '400Mi'} limits={'cpu': '4427m', 'memory': '431Mi'}
[info] Scaling deployment to 0 replicas to force full pod replacement
[ok] Verified Deployment template resources: requests={'cpu': '300m', 'memory': '50Mi'} limits={'cpu': '350m', 'memory': '52Mi'}
[info] Scaling deployment to 0 replicas to force full pod replacement
[ok] All pods terminated (replicas=0)
[info] Scaling deployment back to 49 replicas
[ok] All pods terminated (replicas=0)
[info] Scaling deployment back to 17 replicas
[ok] Rollout completed after scale-to-zero
[verify] newest RS=newdeploy-ml-image-processing-default-a616-8254b24ce685-6d4988f7 pods=17 ready=17
[ok] Verified newest ReplicaSet template resources match expected
[ok] Rollout completed after scale-to-zero
[verify] newest RS=newdeploy-ml-object-detection-default-beef-7bcaa92aa890-648d4f45b4 pods=49 ready=49
[ok] Verified newest ReplicaSet template resources match expected
[info] Started Locust with PID 20943
[info] start sleep for 30s
[info] sleep done
\Start sampling in parallel...
Workflow e2e p99 latency (57 completed in 17.2s, parallel, 8 workers): 3.127s
Average stage latencies:
  - ml-image-processing: 0.254s
  - ml-object-detection: 0.198s
================================================================================
objective      : energy
resource_config: [{'cpu_m': 350, 'memory_mi': 52}, {'cpu_m': 4427, 'memory_mi': 431}], latencies: {'ml-image-processing': 0.2543310055411176, 'ml-object-detection': 0.19757950213623413}, price_cost: 7730.585128, energy_cost: 408.567575, latency_p99 : 3.126625
wall_time_s    : 76.842
================================================================================

[info] Locust stopped
Updating function ml-image-processing to cpu: 675m, memory: 65Mi
Updating Deployment resource configuration...

Updating function ml-object-detection to cpu: 2818m, memory: 451Mi
Updating Deployment resource configuration...

[info] Original replicas=17, selector='environmentName=ml-image-processing,environmentNamespace=default,environmentUid=8dcaa936-04ed-49cf-8ddf-36cdc234cbfd,executorType=newdeploy,functionName=ml-image-processing,functionNamespace=default,functionUid=d8529cac-3c02-4647-a616-8254b24ce685'
[info] Original replicas=49, selector='environmentName=yolo,environmentNamespace=default,environmentUid=4b5fef2f-7951-477c-a9c0-ef0af047a425,executorType=newdeploy,functionName=ml-object-detection,functionNamespace=default,functionUid=dc6d8a52-8de2-4fbb-beef-7bcaa92aa890'
[ok] Patched Deployment resources
[ok] Patched Deployment resources
[ok] Verified Deployment template resources: requests={'cpu': '300m', 'memory': '50Mi'} limits={'cpu': '675m', 'memory': '65Mi'}
[info] Scaling deployment to 0 replicas to force full pod replacement
[ok] Verified Deployment template resources: requests={'cpu': '1500m', 'memory': '400Mi'} limits={'cpu': '2818m', 'memory': '451Mi'}
[info] Scaling deployment to 0 replicas to force full pod replacement
[ok] All pods terminated (replicas=0)
[info] Scaling deployment back to 17 replicas
[ok] All pods terminated (replicas=0)
[info] Scaling deployment back to 49 replicas
[ok] Rollout completed after scale-to-zero
[verify] newest RS=newdeploy-ml-image-processing-default-a616-8254b24ce685-7b65dd55b7 pods=17 ready=17
[ok] Verified newest ReplicaSet template resources match expected
[ok] Rollout completed after scale-to-zero
[verify] newest RS=newdeploy-ml-object-detection-default-beef-7bcaa92aa890-7d5969cdfb pods=49 ready=49
[ok] Verified newest ReplicaSet template resources match expected
[info] Started Locust with PID 31521
[info] start sleep for 30s
[info] sleep done
\Start sampling in parallel...
Workflow e2e p99 latency (43 completed in 22.0s, parallel, 8 workers): 9.000s
Average stage latencies:
  - ml-image-processing: 0.105s
  - ml-object-detection: 0.373s
================================================================================
objective      : energy
resource_config: [{'cpu_m': 675, 'memory_mi': 65}, {'cpu_m': 2818, 'memory_mi': 451}], latencies: {'ml-image-processing': 0.10515885452993891, 'ml-object-detection': 0.37338796902843047}, price_cost: 9231.242709, energy_cost: 377.688786, latency_p99 : 9.000000
wall_time_s    : 82.026
================================================================================

[info] Locust stopped
[info] Locust is not running
================================================================================

Batch  9: best_feasible_cost (random, qNEI) = (429.70069170013636, 401.23268341137987), best_constraint =  -0.688 (<=0 feasible), time = 247.43.
Best feasible resource configuration: [{'cpu_m': 334, 'memory_mi': 50}, {'cpu_m': 5575, 'memory_mi': 512}]

================================================================================
/home/cc/miniconda3/envs/faas/lib/python3.10/site-packages/botorch/acquisition/monte_carlo.py:502: NumericsWarning: qNoisyExpectedImprovement has known numerical issues that lead to suboptimal optimization performance. It is strongly recommended to simply replace

	 qNoisyExpectedImprovement 	 --> 	 qLogNoisyExpectedImprovement 

instead, which fixes the issues and has the same API. See https://arxiv.org/abs/2310.20708 for details.
  legacy_ei_numerics_warning(legacy_name=type(self).__name__)
Updating function ml-image-processing to cpu: 337m, memory: 55Mi
Updating Deployment resource configuration...

Updating function ml-object-detection to cpu: 5863m, memory: 495Mi
Updating Deployment resource configuration...

[info] Original replicas=17, selector='environmentName=ml-image-processing,environmentNamespace=default,environmentUid=8dcaa936-04ed-49cf-8ddf-36cdc234cbfd,executorType=newdeploy,functionName=ml-image-processing,functionNamespace=default,functionUid=d8529cac-3c02-4647-a616-8254b24ce685'
[info] Original replicas=49, selector='environmentName=yolo,environmentNamespace=default,environmentUid=4b5fef2f-7951-477c-a9c0-ef0af047a425,executorType=newdeploy,functionName=ml-object-detection,functionNamespace=default,functionUid=dc6d8a52-8de2-4fbb-beef-7bcaa92aa890'
[ok] Patched Deployment resources
[ok] Patched Deployment resources
[ok] Verified Deployment template resources: requests={'cpu': '1500m', 'memory': '400Mi'} limits={'cpu': '5863m', 'memory': '495Mi'}
[info] Scaling deployment to 0 replicas to force full pod replacement
[ok] Verified Deployment template resources: requests={'cpu': '300m', 'memory': '50Mi'} limits={'cpu': '337m', 'memory': '55Mi'}
[info] Scaling deployment to 0 replicas to force full pod replacement
[ok] All pods terminated (replicas=0)
[info] Scaling deployment back to 17 replicas
[ok] All pods terminated (replicas=0)
[info] Scaling deployment back to 49 replicas
[ok] Rollout completed after scale-to-zero
[verify] newest RS=newdeploy-ml-image-processing-default-a616-8254b24ce685-6dc8c67f95 pods=17 ready=17
[ok] Verified newest ReplicaSet template resources match expected
[ok] Rollout completed after scale-to-zero
[verify] newest RS=newdeploy-ml-object-detection-default-beef-7bcaa92aa890-b6f467c74 pods=49 ready=49
[ok] Verified newest ReplicaSet template resources match expected
[info] Started Locust with PID 51167
[info] start sleep for 30s
[info] sleep done
\Start sampling in parallel...
Workflow e2e p99 latency (60 completed in 16.6s, parallel, 8 workers): 2.609s
Average stage latencies:
  - ml-image-processing: 0.251s
  - ml-object-detection: 0.147s
================================================================================
objective      : energy
resource_config: [{'cpu_m': 337, 'memory_mi': 55}, {'cpu_m': 5863, 'memory_mi': 495}], latencies: {'ml-image-processing': 0.2507815651129931, 'ml-object-detection': 0.1471712292560066}, price_cost: 7609.850438, energy_cost: 403.922089, latency_p99 : 2.608929
wall_time_s    : 76.501
================================================================================

[info] Locust stopped
Updating function ml-image-processing to cpu: 305m, memory: 64Mi
Updating Deployment resource configuration...

Updating function ml-object-detection to cpu: 1500m, memory: 512Mi
Updating Deployment resource configuration...

[info] Original replicas=17, selector='environmentName=ml-image-processing,environmentNamespace=default,environmentUid=8dcaa936-04ed-49cf-8ddf-36cdc234cbfd,executorType=newdeploy,functionName=ml-image-processing,functionNamespace=default,functionUid=d8529cac-3c02-4647-a616-8254b24ce685'
[info] Original replicas=49, selector='environmentName=yolo,environmentNamespace=default,environmentUid=4b5fef2f-7951-477c-a9c0-ef0af047a425,executorType=newdeploy,functionName=ml-object-detection,functionNamespace=default,functionUid=dc6d8a52-8de2-4fbb-beef-7bcaa92aa890'
[ok] Patched Deployment resources
[ok] Patched Deployment resources
[ok] Verified Deployment template resources: requests={'cpu': '300m', 'memory': '50Mi'} limits={'cpu': '305m', 'memory': '64Mi'}
[info] Scaling deployment to 0 replicas to force full pod replacement
[ok] Verified Deployment template resources: requests={'cpu': '1500m', 'memory': '400Mi'} limits={'cpu': '1500m', 'memory': '512Mi'}
[info] Scaling deployment to 0 replicas to force full pod replacement
[ok] All pods terminated (replicas=0)
[info] Scaling deployment back to 17 replicas
[ok] All pods terminated (replicas=0)
[info] Scaling deployment back to 49 replicas
[ok] Rollout completed after scale-to-zero
[verify] newest RS=newdeploy-ml-image-processing-default-a616-8254b24ce685-67749c6c97 pods=17 ready=17
[ok] Verified newest ReplicaSet template resources match expected
[ok] Rollout completed after scale-to-zero
[verify] newest RS=newdeploy-ml-object-detection-default-beef-7bcaa92aa890-5df586f94d pods=49 ready=49
[ok] Verified newest ReplicaSet template resources match expected
[info] Started Locust with PID 61611
[info] start sleep for 30s
[info] sleep done
\Start sampling in parallel...
Workflow e2e p99 latency (33 completed in 22.7s, parallel, 8 workers): 9.000s
Average stage latencies:
  - ml-image-processing: 0.250s
  - ml-object-detection: 0.868s
================================================================================
objective      : energy
resource_config: [{'cpu_m': 305, 'memory_mi': 64}, {'cpu_m': 1500, 'memory_mi': 512}], latencies: {'ml-image-processing': 0.2504393329755181, 'ml-object-detection': 0.8679568844714335}, price_cost: 11532.338796, energy_cost: 295.150568, latency_p99 : 9.000000
wall_time_s    : 81.882
================================================================================

[info] Locust stopped
Updating function ml-image-processing to cpu: 447m, memory: 65Mi
Updating Deployment resource configuration...

Updating function ml-object-detection to cpu: 4701m, memory: 443Mi
Updating Deployment resource configuration...

[info] Original replicas=17, selector='environmentName=ml-image-processing,environmentNamespace=default,environmentUid=8dcaa936-04ed-49cf-8ddf-36cdc234cbfd,executorType=newdeploy,functionName=ml-image-processing,functionNamespace=default,functionUid=d8529cac-3c02-4647-a616-8254b24ce685'
[info] Original replicas=49, selector='environmentName=yolo,environmentNamespace=default,environmentUid=4b5fef2f-7951-477c-a9c0-ef0af047a425,executorType=newdeploy,functionName=ml-object-detection,functionNamespace=default,functionUid=dc6d8a52-8de2-4fbb-beef-7bcaa92aa890'
[ok] Patched Deployment resources
[ok] Patched Deployment resources
[ok] Verified Deployment template resources: requests={'cpu': '300m', 'memory': '50Mi'} limits={'cpu': '447m', 'memory': '65Mi'}
[info] Scaling deployment to 0 replicas to force full pod replacement
[ok] Verified Deployment template resources: requests={'cpu': '1500m', 'memory': '400Mi'} limits={'cpu': '4701m', 'memory': '443Mi'}
[info] Scaling deployment to 0 replicas to force full pod replacement
[ok] All pods terminated (replicas=0)
[info] Scaling deployment back to 17 replicas
[ok] All pods terminated (replicas=0)
[info] Scaling deployment back to 49 replicas
[ok] Deleted HPA newdeploy-ml-object-detection-default-beef-7bcaa92aa890
[ok] Rollout completed after scale-to-zero
[verify] newest RS=newdeploy-ml-image-processing-default-a616-8254b24ce685-6b4c654f49 pods=17 ready=17
[ok] Verified newest ReplicaSet template resources match expected
[ok] Rollout completed after scale-to-zero
[verify] newest RS=newdeploy-ml-object-detection-default-beef-7bcaa92aa890-667769789b pods=49 ready=49
[ok] Verified newest ReplicaSet template resources match expected
[info] Started Locust with PID 72839
[info] start sleep for 30s
[info] sleep done
\Start sampling in parallel...
Workflow e2e p99 latency (64 completed in 17.0s, parallel, 8 workers): 2.413s
Average stage latencies:
  - ml-image-processing: 0.200s
  - ml-object-detection: 0.196s
================================================================================
objective      : energy
resource_config: [{'cpu_m': 447, 'memory_mi': 65}, {'cpu_m': 4701, 'memory_mi': 443}], latencies: {'ml-image-processing': 0.19961823376797838, 'ml-object-detection': 0.19565377305116272}, price_cost: 8114.252043, energy_cost: 440.502590, latency_p99 : 2.412699
wall_time_s    : 78.214
================================================================================

[info] Locust stopped
[info] Locust is not running
================================================================================

Batch 10: best_feasible_cost (random, qNEI) = (429.70069170013636, 401.23268341137987), best_constraint =  -0.688 (<=0 feasible), time = 245.44.
Best feasible resource configuration: [{'cpu_m': 334, 'memory_mi': 50}, {'cpu_m': 5575, 'memory_mi': 512}]

================================================================================
BO loop time: 3234.11 seconds
Best cost: 401.23268341137987
Best resource configuration: [{'cpu_m': 334, 'memory_mi': 50}, {'cpu_m': 5575, 'memory_mi': 512}]

========================================
